time,state,control_mode,l1input_valid,l1output_valid,fail_reason,gps_pos_fresh,gps_motion_fresh,imu_gyrz_fresh,imu_yaw_fresh,baro_sink_fresh,acc_fresh,dr_current_valid,dr_confidence,nav_E,nav_N,nav_V,nav_course_deg,yaw_rate_cmd_dps,left_pwm_est,right_pwm_est,origin_lock_source,yaw_saturated,servo_saturated,before_mode
1742.821,0,FAIL,0,0,NO_ORIGIN,0,0,1,1,1,0,0,0.0,,,,,0.0,1591,1524,,0,0,FAIL
1742.872,0,FAIL,0,0,NO_ORIGIN,0,0,1,1,1,1,0,0.0,,,,,0.0,1591,1524,,0,0,FAIL
1742.922,0,FAIL,0,0,NO_ORIGIN,0,0,1,1,1,1,0,0.0,,,,,0.0,1591,1524,,0,0,FAIL
1742.972,0,FAIL,0,0,NO_ORIGIN,0,0,1,1,1,1,0,0.0,,,,,0.0,1591,1524,,0,0,FAIL
1743.022,0,FAIL,0,0,NO_ORIGIN,0,0,1,1,1,1,0,0.0,,,,,0.0,1591,1524,,0,0,FAIL
1743.072,0,FAIL,0,0,NO_ORIGIN,0,0,1,1,1,1,0,0.0,,,,,0.0,1591,1524,,0,0,FAIL
1743.122,0,FAIL,0,0,NO_ORIGIN,0,0,1,1,1,1,0,0.0,,,,,0.0,1591,1524,,0,0,FAIL
1743.173,0,FAIL,0,0,NO_ORIGIN,0,0,1,1,1,1,0,0.0,,,,,0.0,1591,1524,,0,0,FAIL
1743.223,0,FAIL,0,0,NO_ORIGIN,0,0,1,1,1,1,0,0.0,,,,,0.0,1591,1524,,0,0,FAIL
1743.273,0,FAIL,0,0,NO_ORIGIN,0,0,1,1,1,1,0,0.0,,,,,0.0,1591,1524,,0,0,FAIL
1743.324,0,FAIL,0,0,NO_ORIGIN,0,0,1,1,1,1,0,0.0,,,,,0.0,1591,1524,,0,0,FAIL
1743.374,0,FAIL,0,0,NO_ORIGIN,0,0,1,1,1,1,0,0.0,,,,,0.0,1591,1524,,0,0,FAIL
1743.425,0,FAIL,0,0,NO_ORIGIN,0,0,1,1,1,1,0,0.0,,,,,0.0,1591,1524,,0,0,FAIL
1743.475,0,FAIL,0,0,NO_ORIGIN,0,0,1,1,1,1,0,0.0,,,,,0.0,1591,1524,,0,0,FAIL
1743.526,0,FAIL,0,0,NO_ORIGIN,0,0,1,1,1,1,0,0.0,,,,,0.0,1591,1524,,0,0,FAIL
1743.576,0,FAIL,0,0,NO_ORIGIN,0,0,1,1,1,1,0,0.0,,,,,0.0,1591,1524,,0,0,FAIL
1743.63,0,FAIL,0,0,NO_ORIGIN,0,0,1,1,1,1,0,0.0,,,,,0.0,1591,1524,,0,0,FAIL
1743.68,0,FAIL,0,0,NO_ORIGIN,0,0,1,1,1,1,0,0.0,,,,,0.0,1591,1524,,0,0,FAIL
1743.73,0,FAIL,0,0,NO_ORIGIN,0,0,1,1,1,1,0,0.0,,,,,0.0,1591,1524,,0,0,FAIL
1743.78,0,FAIL,0,0,NO_ORIGIN,0,0,1,1,1,1,0,0.0,,,,,0.0,1591,1524,,0,0,FAIL
1743.831,0,FAIL,0,0,NO_ORIGIN,0,0,1,1,1,1,0,0.0,,,,,0.0,1591,1524,,0,0,FAIL
1743.882,0,FAIL,0,0,NO_ORIGIN,0,0,1,1,1,1,0,0.0,,,,,0.0,1591,1524,,0,0,FAIL
1743.933,0,FAIL,0,0,NO_ORIGIN,0,0,1,1,1,1,0,0.0,,,,,0.0,1591,1524,,0,0,FAIL
1743.984,0,FAIL,0,0,NO_ORIGIN,0,0,1,1,1,1,0,0.0,,,,,0.0,1591,1524,,0,0,FAIL
1744.035,0,FAIL,0,0,NO_ORIGIN,0,0,1,1,1,1,0,0.0,,,,,0.0,1591,1524,,0,0,FAIL
1744.085,0,FAIL,0,0,NO_ORIGIN,0,0,1,1,1,1,0,0.0,,,,,0.0,1591,1524,,0,0,FAIL
1744.136,0,FAIL,0,0,NO_ORIGIN,0,0,1,1,1,1,0,0.0,,,,,0.0,1591,1524,,0,0,FAIL
1744.19,0,FAIL,0,0,NO_ORIGIN,0,0,1,1,1,1,0,0.0,,,,,0.0,1591,1524,,0,0,FAIL
1744.24,0,FAIL,0,0,NO_ORIGIN,0,0,1,1,1,1,0,0.0,,,,,0.0,1591,1524,,0,0,FAIL
1744.29,0,FAIL,0,0,NO_ORIGIN,0,0,1,1,1,1,0,0.0,,,,,0.0,1591,1524,,0,0,FAIL
1744.342,0,FAIL,0,0,NO_ORIGIN,0,0,1,1,1,1,0,0.0,,,,,0.0,1591,1524,,0,0,FAIL
1744.392,0,FAIL,0,0,NO_ORIGIN,0,0,1,1,1,1,0,0.0,,,,,0.0,1591,1524,,0,0,FAIL
1744.443,0,FAIL,0,0,NO_ORIGIN,0,0,1,1,1,1,0,0.0,,,,,0.0,1591,1524,,0,0,FAIL
1744.493,0,FAIL,0,0,NO_ORIGIN,0,0,1,1,1,1,0,0.0,,,,,0.0,1591,1524,,0,0,FAIL
1744.543,0,FAIL,0,0,NO_ORIGIN,0,0,1,1,1,1,0,0.0,,,,,0.0,1591,1524,,0,0,FAIL
1744.595,0,FAIL,0,0,NO_ORIGIN,0,0,1,1,1,1,0,0.0,,,,,0.0,1591,1524,,0,0,FAIL
1744.646,0,FAIL,0,0,NO_ORIGIN,0,0,1,1,1,1,0,0.0,,,,,0.0,1591,1524,,0,0,FAIL
1744.696,0,FAIL,0,0,NO_ORIGIN,0,0,1,1,1,1,0,0.0,,,,,0.0,1591,1524,,0,0,FAIL
1744.747,0,FAIL,0,0,NO_ORIGIN,0,0,1,1,1,1,0,0.0,,,,,0.0,1591,1524,,0,0,FAIL
1744.797,0,FAIL,0,0,NO_ORIGIN,0,0,1,1,1,1,0,0.0,,,,,0.0,1591,1524,,0,0,FAIL
1744.847,0,FAIL,0,0,NO_ORIGIN,0,0,1,1,1,1,0,0.0,,,,,0.0,1591,1524,,0,0,FAIL
1744.898,0,FAIL,0,0,NO_ORIGIN,0,0,1,1,1,1,0,0.0,,,,,0.0,1591,1524,,0,0,FAIL
1744.948,0,FAIL,0,0,NO_ORIGIN,0,0,1,1,1,1,0,0.0,,,,,0.0,1591,1524,,0,0,FAIL
1744.998,0,FAIL,0,0,NO_ORIGIN,0,0,1,1,1,1,0,0.0,,,,,0.0,1591,1524,,0,0,FAIL
1745.049,0,FAIL,0,0,NO_ORIGIN,0,0,1,1,1,1,0,0.0,,,,,0.0,1591,1524,,0,0,FAIL
1745.1,0,FAIL,0,0,NO_ORIGIN,0,0,1,1,1,1,0,0.0,,,,,0.0,1591,1524,,0,0,FAIL
1745.15,0,FAIL,0,0,NO_ORIGIN,0,0,1,1,1,1,0,0.0,,,,,0.0,1591,1524,,0,0,FAIL
1745.2,0,FAIL,0,0,NO_ORIGIN,0,0,1,1,1,1,0,0.0,,,,,0.0,1591,1524,,0,0,FAIL
1745.251,0,FAIL,0,0,NO_ORIGIN,0,0,1,1,1,1,0,0.0,,,,,0.0,1591,1524,,0,0,FAIL
1745.301,0,FAIL,0,0,NO_ORIGIN,0,0,1,1,1,1,0,0.0,,,,,0.0,1591,1524,,0,0,FAIL
1745.351,0,FAIL,0,0,NO_ORIGIN,0,0,1,1,1,1,0,0.0,,,,,0.0,1591,1524,,0,0,FAIL
1745.401,0,FAIL,0,0,NO_ORIGIN,0,0,1,1,1,1,0,0.0,,,,,0.0,1591,1524,,0,0,FAIL
1745.451,0,FAIL,0,0,NO_ORIGIN,0,0,1,1,1,1,0,0.0,,,,,0.0,1591,1524,,0,0,FAIL
1745.502,0,FAIL,0,0,NO_ORIGIN,0,0,1,1,1,1,0,0.0,,,,,0.0,1591,1524,,0,0,FAIL
1745.552,0,FAIL,0,0,NO_ORIGIN,0,0,1,1,1,1,0,0.0,,,,,0.0,1591,1524,,0,0,FAIL
1745.602,0,FAIL,0,0,NO_ORIGIN,0,0,1,1,1,1,0,0.0,,,,,0.0,1591,1524,,0,0,FAIL
1745.652,0,FAIL,0,0,NO_ORIGIN,0,0,1,1,1,1,0,0.0,,,,,0.0,1591,1524,,0,0,FAIL
1745.703,0,FAIL,0,0,NO_ORIGIN,0,0,1,1,1,1,0,0.0,,,,,0.0,1591,1524,,0,0,FAIL
1745.753,0,FAIL,0,0,NO_ORIGIN,0,0,1,1,1,1,0,0.0,,,,,0.0,1591,1524,,0,0,FAIL
1745.803,0,FAIL,0,0,NO_ORIGIN,0,0,1,1,1,1,0,0.0,,,,,0.0,1591,1524,,0,0,FAIL
1745.854,0,FAIL,0,0,NO_ORIGIN,0,0,1,1,1,1,0,0.0,,,,,0.0,1591,1524,,0,0,FAIL
1745.904,0,FAIL,0,0,NO_ORIGIN,0,0,1,1,1,1,0,0.0,,,,,0.0,1591,1524,,0,0,FAIL
1745.954,0,FAIL,0,0,NO_ORIGIN,0,0,1,1,1,1,0,0.0,,,,,0.0,1591,1524,,0,0,FAIL
1746.004,0,FAIL,0,0,NO_ORIGIN,0,0,1,1,1,1,0,0.0,,,,,0.0,1591,1524,,0,0,FAIL
1746.054,0,FAIL,0,0,NO_ORIGIN,0,0,1,1,1,1,0,0.0,,,,,0.0,1591,1524,,0,0,FAIL
1746.105,0,FAIL,0,0,NO_ORIGIN,0,0,1,1,1,1,0,0.0,,,,,0.0,1591,1524,,0,0,FAIL
1746.155,0,FAIL,0,0,NO_ORIGIN,0,0,1,1,1,1,0,0.0,,,,,0.0,1591,1524,,0,0,FAIL
1746.205,0,FAIL,0,0,NO_ORIGIN,0,0,1,1,1,1,0,0.0,,,,,0.0,1591,1524,,0,0,FAIL
1746.255,0,FAIL,0,0,NO_ORIGIN,0,0,1,1,1,1,0,0.0,,,,,0.0,1591,1524,,0,0,FAIL
1746.305,0,FAIL,0,0,NO_ORIGIN,0,0,1,1,1,1,0,0.0,,,,,0.0,1591,1524,,0,0,FAIL
1746.356,0,FAIL,0,0,NO_ORIGIN,0,0,1,1,1,1,0,0.0,,,,,0.0,1591,1524,,0,0,FAIL
1746.406,0,FAIL,0,0,NO_ORIGIN,0,0,1,1,1,1,0,0.0,,,,,0.0,1591,1524,,0,0,FAIL
1746.456,0,FAIL,0,0,NO_ORIGIN,0,0,1,1,1,1,0,0.0,,,,,0.0,1591,1524,,0,0,FAIL
1746.506,0,FAIL,0,0,NO_ORIGIN,0,0,1,1,1,1,0,0.0,,,,,0.0,1591,1524,,0,0,FAIL
1746.556,0,FAIL,0,0,NO_ORIGIN,0,0,1,1,1,1,0,0.0,,,,,0.0,1591,1524,,0,0,FAIL
1746.607,0,FAIL,0,0,NO_ORIGIN,0,0,1,1,1,1,0,0.0,,,,,0.0,1591,1524,,0,0,FAIL
1746.659,0,FAIL,0,0,NO_ORIGIN,0,0,1,1,1,1,0,0.0,,,,,0.0,1591,1524,,0,0,FAIL
1746.709,0,FAIL,0,0,NO_ORIGIN,0,0,1,1,1,1,0,0.0,,,,,0.0,1591,1524,,0,0,FAIL
1746.759,0,FAIL,0,0,NO_ORIGIN,0,0,1,1,1,1,0,0.0,,,,,0.0,1591,1524,,0,0,FAIL
1746.81,0,FAIL,0,0,NO_ORIGIN,0,0,1,1,1,1,0,0.0,,,,,0.0,1591,1524,,0,0,FAIL
1746.86,0,FAIL,0,0,NO_ORIGIN,0,0,1,1,1,1,0,0.0,,,,,0.0,1591,1524,,0,0,FAIL
1746.91,0,FAIL,0,0,NO_ORIGIN,0,0,1,1,1,1,0,0.0,,,,,0.0,1591,1524,,0,0,FAIL
1746.961,0,FAIL,0,0,NO_ORIGIN,0,0,1,1,1,1,0,0.0,,,,,0.0,1591,1524,,0,0,FAIL
1747.011,0,FAIL,0,0,NO_ORIGIN,0,0,1,1,1,1,0,0.0,,,,,0.0,1591,1524,,0,0,FAIL
1747.062,0,FAIL,0,0,NO_ORIGIN,0,0,1,1,1,1,0,0.0,,,,,0.0,1591,1524,,0,0,FAIL
1747.112,0,FAIL,0,0,NO_ORIGIN,0,0,1,1,1,1,0,0.0,,,,,0.0,1591,1524,,0,0,FAIL
1747.162,0,FAIL,0,0,NO_ORIGIN,0,0,1,1,1,1,0,0.0,,,,,0.0,1591,1524,,0,0,FAIL
1747.212,0,FAIL,0,0,NO_ORIGIN,0,0,1,1,1,1,0,0.0,,,,,0.0,1591,1524,,0,0,FAIL
1747.262,0,FAIL,0,0,NO_ORIGIN,0,0,1,1,1,1,0,0.0,,,,,0.0,1591,1524,,0,0,FAIL
1747.313,0,FAIL,0,0,NO_ORIGIN,0,0,1,1,1,1,0,0.0,,,,,0.0,1591,1524,,0,0,FAIL
1747.363,0,FAIL,0,0,NO_ORIGIN,0,0,1,1,1,1,0,0.0,,,,,0.0,1591,1524,,0,0,FAIL
1747.413,0,FAIL,0,0,NO_ORIGIN,0,0,1,1,1,1,0,0.0,,,,,0.0,1591,1524,,0,0,FAIL
1747.463,0,FAIL,0,0,NO_ORIGIN,0,0,1,1,1,1,0,0.0,,,,,0.0,1591,1524,,0,0,FAIL
1747.514,0,FAIL,0,0,NO_ORIGIN,0,0,1,1,1,1,0,0.0,,,,,0.0,1591,1524,,0,0,FAIL
1747.564,0,FAIL,0,0,NO_ORIGIN,0,0,1,1,1,1,0,0.0,,,,,0.0,1591,1524,,0,0,FAIL
1747.614,0,FAIL,0,0,NO_ORIGIN,0,0,1,1,1,1,0,0.0,,,,,0.0,1591,1524,,0,0,FAIL
1747.664,0,FAIL,0,0,NO_ORIGIN,0,0,1,1,1,1,0,0.0,,,,,0.0,1591,1524,,0,0,FAIL
1747.715,0,FAIL,0,0,NO_ORIGIN,0,0,1,1,1,1,0,0.0,,,,,0.0,1591,1524,,0,0,FAIL
1747.765,0,FAIL,0,0,NO_ORIGIN,0,0,1,1,1,1,0,0.0,,,,,0.0,1591,1524,,0,0,FAIL
1747.816,0,FAIL,0,0,NO_ORIGIN,0,0,1,1,1,1,0,0.0,,,,,0.0,1591,1524,,0,0,FAIL
1747.866,0,FAIL,0,0,NO_ORIGIN,0,0,1,1,1,1,0,0.0,,,,,0.0,1591,1524,,0,0,FAIL
1747.917,0,FAIL,0,0,NO_ORIGIN,0,0,1,1,1,1,0,0.0,,,,,0.0,1591,1524,,0,0,FAIL
1747.967,0,FAIL,0,0,NO_ORIGIN,0,0,1,1,1,1,0,0.0,,,,,0.0,1591,1524,,0,0,FAIL
1748.017,0,FAIL,0,0,NO_ORIGIN,0,0,1,1,1,1,0,0.0,,,,,0.0,1591,1524,,0,0,FAIL
1748.068,0,FAIL,0,0,NO_ORIGIN,0,0,1,1,1,1,0,0.0,,,,,0.0,1591,1524,,0,0,FAIL
1748.118,0,FAIL,0,0,NO_ORIGIN,0,0,1,1,1,1,0,0.0,,,,,0.0,1591,1524,,0,0,FAIL
1748.168,0,FAIL,0,0,NO_ORIGIN,0,0,1,1,1,1,0,0.0,,,,,0.0,1591,1524,,0,0,FAIL
1748.218,0,FAIL,0,0,NO_ORIGIN,0,0,1,1,1,1,0,0.0,,,,,0.0,1591,1524,,0,0,FAIL
1748.269,0,FAIL,0,0,NO_ORIGIN,0,0,1,1,1,1,0,0.0,,,,,0.0,1591,1524,,0,0,FAIL
1748.319,0,FAIL,0,0,NO_ORIGIN,0,0,1,1,1,1,0,0.0,,,,,0.0,1591,1524,,0,0,FAIL
1748.369,0,FAIL,0,0,NO_ORIGIN,0,0,1,1,1,1,0,0.0,,,,,0.0,1591,1524,,0,0,FAIL
1748.419,0,FAIL,0,0,NO_ORIGIN,0,0,1,1,1,1,0,0.0,,,,,0.0,1591,1524,,0,0,FAIL
1748.47,0,FAIL,0,0,NO_ORIGIN,0,0,1,1,1,1,0,0.0,,,,,0.0,1591,1524,,0,0,FAIL
1748.52,0,FAIL,0,0,NO_ORIGIN,0,0,1,1,1,1,0,0.0,,,,,0.0,1591,1524,,0,0,FAIL
1748.57,0,FAIL,0,0,NO_ORIGIN,0,0,1,1,1,1,0,0.0,,,,,0.0,1591,1524,,0,0,FAIL
1748.62,0,FAIL,0,0,NO_ORIGIN,0,0,1,1,1,1,0,0.0,,,,,0.0,1591,1524,,0,0,FAIL
1748.671,0,FAIL,0,0,NO_ORIGIN,0,0,1,1,1,1,0,0.0,,,,,0.0,1591,1524,,0,0,FAIL
1748.721,0,FAIL,0,0,NO_ORIGIN,0,0,1,1,1,1,0,0.0,,,,,0.0,1591,1524,,0,0,FAIL
1748.771,0,FAIL,0,0,NO_ORIGIN,0,0,1,1,1,1,0,0.0,,,,,0.0,1591,1524,,0,0,FAIL
1748.822,0,FAIL,0,0,NO_ORIGIN,0,0,1,1,1,1,0,0.0,,,,,0.0,1591,1524,,0,0,FAIL
1748.872,0,FAIL,0,0,NO_ORIGIN,0,0,1,1,1,1,0,0.0,,,,,0.0,1591,1524,,0,0,FAIL
1748.922,0,FAIL,0,0,NO_ORIGIN,0,0,1,1,1,1,0,0.0,,,,,0.0,1591,1524,,0,0,FAIL
1748.972,0,FAIL,0,0,NO_ORIGIN,0,0,1,1,1,1,0,0.0,,,,,0.0,1591,1524,,0,0,FAIL
1749.024,0,FAIL,0,0,NO_ORIGIN,0,0,1,1,1,1,0,0.0,,,,,0.0,1591,1524,,0,0,FAIL
1749.075,0,FAIL,0,0,NO_ORIGIN,0,0,1,1,1,1,0,0.0,,,,,0.0,1591,1524,,0,0,FAIL
1749.125,0,FAIL,0,0,NO_ORIGIN,0,0,1,1,1,1,0,0.0,,,,,0.0,1591,1524,,0,0,FAIL
1749.176,0,FAIL,0,0,NO_ORIGIN,0,0,1,1,1,1,0,0.0,,,,,0.0,1591,1524,,0,0,FAIL
1749.227,0,FAIL,0,0,NO_ORIGIN,0,0,1,1,1,1,0,0.0,,,,,0.0,1591,1524,,0,0,FAIL
1749.277,0,FAIL,0,0,NO_ORIGIN,0,0,1,1,1,1,0,0.0,,,,,0.0,1591,1524,,0,0,FAIL
1749.327,0,FAIL,0,0,NO_ORIGIN,0,0,1,1,1,1,0,0.0,,,,,0.0,1591,1524,,0,0,FAIL
1749.377,0,FAIL,0,0,NO_ORIGIN,0,0,1,1,1,1,0,0.0,,,,,0.0,1591,1524,,0,0,FAIL
1749.427,0,FAIL,0,0,NO_ORIGIN,0,0,1,1,1,1,0,0.0,,,,,0.0,1591,1524,,0,0,FAIL
1749.478,0,FAIL,0,0,NO_ORIGIN,0,0,1,1,1,1,0,0.0,,,,,0.0,1591,1524,,0,0,FAIL
1749.528,0,FAIL,0,0,NO_ORIGIN,0,0,1,1,1,1,0,0.0,,,,,0.0,1591,1524,,0,0,FAIL
1749.578,0,FAIL,0,0,NO_ORIGIN,0,0,1,1,1,1,0,0.0,,,,,0.0,1591,1524,,0,0,FAIL
1749.628,0,FAIL,0,0,NO_ORIGIN,0,0,1,1,1,1,0,0.0,,,,,0.0,1591,1524,,0,0,FAIL
1749.679,0,FAIL,0,0,NO_ORIGIN,0,0,1,1,1,1,0,0.0,,,,,0.0,1591,1524,,0,0,FAIL
1749.729,0,FAIL,0,0,NO_ORIGIN,0,0,1,1,1,1,0,0.0,,,,,0.0,1591,1524,,0,0,FAIL
1749.779,0,FAIL,0,0,NO_ORIGIN,0,0,1,1,1,1,0,0.0,,,,,0.0,1591,1524,,0,0,FAIL
1749.829,0,FAIL,0,0,NO_ORIGIN,0,0,1,1,1,1,0,0.0,,,,,0.0,1591,1524,,0,0,FAIL
1749.879,0,FAIL,0,0,NO_ORIGIN,0,0,1,1,1,1,0,0.0,,,,,0.0,1591,1524,,0,0,FAIL
1749.929,0,FAIL,0,0,NO_ORIGIN,0,0,1,1,1,1,0,0.0,,,,,0.0,1591,1524,,0,0,FAIL
1749.98,0,FAIL,0,0,NO_ORIGIN,0,0,1,1,1,1,0,0.0,,,,,0.0,1591,1524,,0,0,FAIL
1750.03,0,FAIL,0,0,NO_ORIGIN,0,0,1,1,1,1,0,0.0,,,,,0.0,1591,1524,,0,0,FAIL
1750.08,0,FAIL,0,0,NO_ORIGIN,0,0,1,1,1,1,0,0.0,,,,,0.0,1591,1524,,0,0,FAIL
1750.131,0,FAIL,0,0,NO_ORIGIN,0,0,1,1,1,1,0,0.0,,,,,0.0,1591,1524,,0,0,FAIL
1750.181,0,FAIL,0,0,NO_ORIGIN,0,0,1,1,1,1,0,0.0,,,,,0.0,1591,1524,,0,0,FAIL
1750.231,0,FAIL,0,0,NO_ORIGIN,0,0,1,1,1,1,0,0.0,,,,,0.0,1591,1524,,0,0,FAIL
1750.281,0,FAIL,0,0,NO_ORIGIN,0,0,1,1,1,1,0,0.0,,,,,0.0,1591,1524,,0,0,FAIL
1750.331,0,FAIL,0,0,NO_ORIGIN,0,0,1,1,1,1,0,0.0,,,,,0.0,1591,1524,,0,0,FAIL
1750.382,0,FAIL,0,0,NO_ORIGIN,0,0,1,1,1,1,0,0.0,,,,,0.0,1591,1524,,0,0,FAIL
1750.432,0,FAIL,0,0,NO_ORIGIN,0,0,1,1,1,1,0,0.0,,,,,0.0,1591,1524,,0,0,FAIL
1750.482,0,FAIL,0,0,NO_ORIGIN,0,0,1,1,1,1,0,0.0,,,,,0.0,1591,1524,,0,0,FAIL
1750.532,0,FAIL,0,0,NO_ORIGIN,0,0,1,1,1,1,0,0.0,,,,,0.0,1591,1524,,0,0,FAIL
1750.582,0,FAIL,0,0,NO_ORIGIN,0,0,1,1,1,1,0,0.0,,,,,0.0,1591,1524,,0,0,FAIL
1750.633,0,FAIL,0,0,NO_ORIGIN,0,0,1,1,1,1,0,0.0,,,,,0.0,1591,1524,,0,0,FAIL
1750.683,0,FAIL,0,0,NO_ORIGIN,0,0,1,1,1,1,0,0.0,,,,,0.0,1591,1524,,0,0,FAIL
1750.733,0,FAIL,0,0,NO_ORIGIN,0,0,1,1,1,1,0,0.0,,,,,0.0,1591,1524,,0,0,FAIL
1750.783,0,FAIL,0,0,NO_ORIGIN,0,0,1,1,1,1,0,0.0,,,,,0.0,1591,1524,,0,0,FAIL
1750.833,0,FAIL,0,0,NO_ORIGIN,0,0,1,1,1,1,0,0.0,,,,,0.0,1591,1524,,0,0,FAIL
1750.884,0,FAIL,0,0,NO_ORIGIN,0,0,1,1,1,1,0,0.0,,,,,0.0,1591,1524,,0,0,FAIL
1750.934,0,FAIL,0,0,NO_ORIGIN,0,0,1,1,1,1,0,0.0,,,,,0.0,1591,1524,,0,0,FAIL
1750.984,0,FAIL,0,0,NO_ORIGIN,0,0,1,1,1,1,0,0.0,,,,,0.0,1591,1524,,0,0,FAIL
1751.034,0,FAIL,0,0,NO_ORIGIN,0,0,1,1,1,1,0,0.0,,,,,0.0,1591,1524,,0,0,FAIL
1751.086,0,FAIL,0,0,NO_ORIGIN,0,0,1,1,1,1,0,0.0,,,,,0.0,1591,1524,,0,0,FAIL
1751.136,0,FAIL,0,0,NO_ORIGIN,0,0,1,1,1,1,0,0.0,,,,,0.0,1591,1524,,0,0,FAIL
1751.186,0,FAIL,0,0,NO_ORIGIN,0,0,1,1,1,1,0,0.0,,,,,0.0,1591,1524,,0,0,FAIL
1751.236,0,FAIL,0,0,NO_ORIGIN,0,0,1,1,1,1,0,0.0,,,,,0.0,1591,1524,,0,0,FAIL
1751.286,0,FAIL,0,0,NO_ORIGIN,0,0,1,1,1,1,0,0.0,,,,,0.0,1591,1524,,0,0,FAIL
1751.337,0,FAIL,0,0,NO_ORIGIN,0,0,1,1,1,1,0,0.0,,,,,0.0,1591,1524,,0,0,FAIL
1751.387,0,FAIL,0,0,NO_ORIGIN,0,0,1,1,1,1,0,0.0,,,,,0.0,1591,1524,,0,0,FAIL
1751.437,0,FAIL,0,0,NO_ORIGIN,0,0,1,1,1,1,0,0.0,,,,,0.0,1591,1524,,0,0,FAIL
1751.487,0,FAIL,0,0,NO_ORIGIN,0,0,1,1,1,1,0,0.0,,,,,0.0,1591,1524,,0,0,FAIL
1751.537,0,FAIL,0,0,NO_ORIGIN,0,0,1,1,1,1,0,0.0,,,,,0.0,1591,1524,,0,0,FAIL
1751.588,0,FAIL,0,0,NO_ORIGIN,0,0,1,1,1,1,0,0.0,,,,,0.0,1591,1524,,0,0,FAIL
1751.638,0,FAIL,0,0,NO_ORIGIN,0,0,1,1,1,1,0,0.0,,,,,0.0,1591,1524,,0,0,FAIL
1751.688,0,FAIL,0,0,NO_ORIGIN,0,0,1,1,1,1,0,0.0,,,,,0.0,1591,1524,,0,0,FAIL
1751.738,0,FAIL,0,0,NO_ORIGIN,0,0,1,1,1,1,0,0.0,,,,,0.0,1591,1524,,0,0,FAIL
1751.788,0,FAIL,0,0,NO_ORIGIN,0,0,1,1,1,1,0,0.0,,,,,0.0,1591,1524,,0,0,FAIL
1751.839,0,FAIL,0,0,NO_ORIGIN,0,0,1,1,1,1,0,0.0,,,,,0.0,1591,1524,,0,0,FAIL
1751.889,0,FAIL,0,0,NO_ORIGIN,0,0,1,1,1,1,0,0.0,,,,,0.0,1591,1524,,0,0,FAIL
1751.939,0,FAIL,0,0,NO_ORIGIN,0,0,1,1,1,1,0,0.0,,,,,0.0,1591,1524,,0,0,FAIL
1751.989,0,FAIL,0,0,NO_ORIGIN,0,0,1,1,1,1,0,0.0,,,,,0.0,1591,1524,,0,0,FAIL
1752.039,0,FAIL,0,0,NO_ORIGIN,0,0,1,1,1,1,0,0.0,,,,,0.0,1591,1524,,0,0,FAIL
1752.09,0,FAIL,0,0,NO_ORIGIN,0,0,1,1,1,1,0,0.0,,,,,0.0,1591,1524,,0,0,FAIL
1752.14,0,FAIL,0,0,NO_ORIGIN,0,0,1,1,1,1,0,0.0,,,,,0.0,1591,1524,,0,0,FAIL
1752.19,0,FAIL,0,0,NO_ORIGIN,0,0,1,1,1,1,0,0.0,,,,,0.0,1591,1524,,0,0,FAIL
1752.24,0,FAIL,0,0,NO_ORIGIN,0,0,1,1,1,1,0,0.0,,,,,0.0,1591,1524,,0,0,FAIL
1752.29,0,FAIL,0,0,NO_ORIGIN,0,0,1,1,1,1,0,0.0,,,,,0.0,1591,1524,,0,0,FAIL
1752.341,0,FAIL,0,0,NO_ORIGIN,0,0,1,1,1,1,0,0.0,,,,,0.0,1591,1524,,0,0,FAIL
1752.391,0,FAIL,0,0,NO_ORIGIN,0,0,1,1,1,1,0,0.0,,,,,0.0,1591,1524,,0,0,FAIL
1752.441,0,FAIL,0,0,NO_ORIGIN,0,0,1,1,1,1,0,0.0,,,,,0.0,1591,1524,,0,0,FAIL
1752.492,0,FAIL,0,0,NO_ORIGIN,0,0,1,1,1,1,0,0.0,,,,,0.0,1591,1524,,0,0,FAIL
1752.542,0,FAIL,0,0,NO_ORIGIN,0,0,1,1,1,1,0,0.0,,,,,0.0,1591,1524,,0,0,FAIL
1752.592,0,FAIL,0,0,NO_ORIGIN,0,0,1,1,1,1,0,0.0,,,,,0.0,1591,1524,,0,0,FAIL
1752.643,0,FAIL,0,0,NO_ORIGIN,0,0,1,1,1,1,0,0.0,,,,,0.0,1591,1524,,0,0,FAIL
1752.693,0,FAIL,0,0,NO_ORIGIN,0,0,1,1,1,1,0,0.0,,,,,0.0,1591,1524,,0,0,FAIL
1752.745,0,FAIL,0,0,NO_ORIGIN,0,0,1,1,1,1,0,0.0,,,,,0.0,1591,1524,,0,0,FAIL
1752.795,0,FAIL,0,0,NO_ORIGIN,0,0,1,1,1,1,0,0.0,,,,,0.0,1591,1524,,0,0,FAIL
1752.845,0,FAIL,0,0,NO_ORIGIN,0,0,1,1,1,1,0,0.0,,,,,0.0,1591,1524,,0,0,FAIL
1752.897,0,FAIL,0,0,NO_ORIGIN,0,0,1,1,1,1,0,0.0,,,,,0.0,1591,1524,,0,0,FAIL
1752.948,0,FAIL,0,0,NO_ORIGIN,0,0,1,1,1,1,0,0.0,,,,,0.0,1591,1524,,0,0,FAIL
1752.999,0,FAIL,0,0,NO_ORIGIN,0,0,1,1,1,1,0,0.0,,,,,0.0,1591,1524,,0,0,FAIL
1753.05,0,FAIL,0,0,NO_ORIGIN,0,0,1,1,1,1,0,0.0,,,,,0.0,1591,1524,,0,0,FAIL
1753.1,0,FAIL,0,0,NO_ORIGIN,0,0,1,1,1,1,0,0.0,,,,,0.0,1591,1524,,0,0,FAIL
1753.152,0,FAIL,0,0,NO_ORIGIN,0,0,1,1,1,1,0,0.0,,,,,0.0,1591,1524,,0,0,FAIL
1753.204,0,FAIL,0,0,NO_ORIGIN,0,0,1,1,1,1,0,0.0,,,,,0.0,1591,1524,,0,0,FAIL
1753.254,0,FAIL,0,0,NO_ORIGIN,0,0,1,1,1,1,0,0.0,,,,,0.0,1591,1524,,0,0,FAIL
1753.307,0,FAIL,0,0,NO_ORIGIN,0,0,1,1,1,1,0,0.0,,,,,0.0,1591,1524,,0,0,FAIL
1753.357,0,FAIL,0,0,NO_ORIGIN,0,0,1,1,1,1,0,0.0,,,,,0.0,1591,1524,,0,0,FAIL
1753.408,0,FAIL,0,0,NO_ORIGIN,0,0,1,1,1,1,0,0.0,,,,,0.0,1591,1524,,0,0,FAIL
1753.459,0,FAIL,0,0,NO_ORIGIN,0,0,1,1,1,1,0,0.0,,,,,0.0,1591,1524,,0,0,FAIL
1753.509,0,FAIL,0,0,NO_ORIGIN,0,0,1,1,1,1,0,0.0,,,,,0.0,1591,1524,,0,0,FAIL
1753.559,0,FAIL,0,0,NO_ORIGIN,0,0,1,1,1,1,0,0.0,,,,,0.0,1591,1524,,0,0,FAIL
1753.61,0,FAIL,0,0,NO_ORIGIN,0,0,1,1,1,1,0,0.0,,,,,0.0,1591,1524,,0,0,FAIL
1753.66,0,FAIL,0,0,NO_ORIGIN,0,0,1,1,1,1,0,0.0,,,,,0.0,1591,1524,,0,0,FAIL
1753.71,0,FAIL,0,0,NO_ORIGIN,0,0,1,1,1,1,0,0.0,,,,,0.0,1591,1524,,0,0,FAIL
1753.761,0,FAIL,0,0,NO_ORIGIN,0,0,1,1,1,1,0,0.0,,,,,0.0,1591,1524,,0,0,FAIL
1753.811,0,FAIL,0,0,NO_ORIGIN,0,0,1,1,1,1,0,0.0,,,,,0.0,1591,1524,,0,0,FAIL
1753.861,0,FAIL,0,0,NO_ORIGIN,0,0,1,1,1,1,0,0.0,,,,,0.0,1591,1524,,0,0,FAIL
1753.911,0,FAIL,0,0,NO_ORIGIN,0,0,1,1,1,1,0,0.0,,,,,0.0,1591,1524,,0,0,FAIL
1753.962,0,FAIL,0,0,NO_ORIGIN,0,0,1,1,1,1,0,0.0,,,,,0.0,1591,1524,,0,0,FAIL
1754.012,0,FAIL,0,0,NO_ORIGIN,0,0,1,1,1,1,0,0.0,,,,,0.0,1591,1524,,0,0,FAIL
1754.062,0,FAIL,0,0,NO_ORIGIN,0,0,1,1,1,1,0,0.0,,,,,0.0,1591,1524,,0,0,FAIL
1754.112,0,FAIL,0,0,NO_ORIGIN,0,0,1,1,1,1,0,0.0,,,,,0.0,1591,1524,,0,0,FAIL
1754.162,0,FAIL,0,0,NO_ORIGIN,0,0,1,1,1,1,0,0.0,,,,,0.0,1591,1524,,0,0,FAIL
1754.213,0,FAIL,0,0,NO_ORIGIN,0,0,1,1,1,1,0,0.0,,,,,0.0,1591,1524,,0,0,FAIL
1754.263,0,FAIL,0,0,NO_ORIGIN,0,0,1,1,1,1,0,0.0,,,,,0.0,1591,1524,,0,0,FAIL
1754.313,0,FAIL,0,0,NO_ORIGIN,0,0,1,1,1,1,0,0.0,,,,,0.0,1591,1524,,0,0,FAIL
1754.363,0,FAIL,0,0,NO_ORIGIN,0,0,1,1,1,1,0,0.0,,,,,0.0,1591,1524,,0,0,FAIL
1754.415,0,FAIL,0,0,NO_ORIGIN,0,0,1,1,1,1,0,0.0,,,,,0.0,1591,1524,,0,0,FAIL
1754.466,0,FAIL,0,0,NO_ORIGIN,0,0,1,1,1,1,0,0.0,,,,,0.0,1591,1524,,0,0,FAIL
1754.516,0,FAIL,0,0,NO_ORIGIN,0,0,1,1,1,1,0,0.0,,,,,0.0,1591,1524,,0,0,FAIL
1754.566,0,FAIL,0,0,NO_ORIGIN,0,0,1,1,1,1,0,0.0,,,,,0.0,1591,1524,,0,0,FAIL
1754.616,0,FAIL,0,0,NO_ORIGIN,0,0,1,1,1,1,0,0.0,,,,,0.0,1591,1524,,0,0,FAIL
1754.667,0,FAIL,0,0,NO_ORIGIN,0,0,1,1,1,1,0,0.0,,,,,0.0,1591,1524,,0,0,FAIL
1754.717,0,FAIL,0,0,NO_ORIGIN,0,0,1,1,1,1,0,0.0,,,,,0.0,1591,1524,,0,0,FAIL
1754.767,0,FAIL,0,0,NO_ORIGIN,0,0,1,1,1,1,0,0.0,,,,,0.0,1591,1524,,0,0,FAIL
1754.818,0,FAIL,0,0,NO_ORIGIN,0,0,1,1,1,1,0,0.0,,,,,0.0,1591,1524,,0,0,FAIL
1754.868,0,FAIL,0,0,NO_ORIGIN,0,0,1,1,1,1,0,0.0,,,,,0.0,1591,1524,,0,0,FAIL
1754.918,0,FAIL,0,0,NO_ORIGIN,0,0,1,1,1,1,0,0.0,,,,,0.0,1591,1524,,0,0,FAIL
1754.968,0,FAIL,0,0,NO_ORIGIN,0,0,1,1,1,1,0,0.0,,,,,0.0,1591,1524,,0,0,FAIL
1755.018,0,FAIL,0,0,NO_ORIGIN,0,0,1,1,1,1,0,0.0,,,,,0.0,1591,1524,,0,0,FAIL
1755.069,0,FAIL,0,0,NO_ORIGIN,0,0,1,1,1,1,0,0.0,,,,,0.0,1591,1524,,0,0,FAIL
1755.119,0,FAIL,0,0,NO_ORIGIN,0,0,1,1,1,1,0,0.0,,,,,0.0,1591,1524,,0,0,FAIL
1755.169,0,FAIL,0,0,NO_ORIGIN,0,0,1,1,1,1,0,0.0,,,,,0.0,1591,1524,,0,0,FAIL
1755.22,0,FAIL,0,0,NO_ORIGIN,0,0,1,1,1,1,0,0.0,,,,,0.0,1591,1524,,0,0,FAIL
1755.27,0,FAIL,0,0,NO_ORIGIN,0,0,1,1,1,1,0,0.0,,,,,0.0,1591,1524,,0,0,FAIL
1755.321,0,FAIL,0,0,NO_ORIGIN,0,0,1,1,1,1,0,0.0,,,,,0.0,1591,1524,,0,0,FAIL
1755.371,0,FAIL,0,0,NO_ORIGIN,0,0,1,1,1,1,0,0.0,,,,,0.0,1591,1524,,0,0,FAIL
1755.421,0,FAIL,0,0,NO_ORIGIN,0,0,1,1,1,1,0,0.0,,,,,0.0,1591,1524,,0,0,FAIL
1755.471,0,FAIL,0,0,NO_ORIGIN,0,0,1,1,1,1,0,0.0,,,,,0.0,1591,1524,,0,0,FAIL
1755.521,0,FAIL,0,0,NO_ORIGIN,0,0,1,1,1,1,0,0.0,,,,,0.0,1591,1524,,0,0,FAIL
1755.572,0,FAIL,0,0,NO_ORIGIN,0,0,1,1,1,1,0,0.0,,,,,0.0,1591,1524,,0,0,FAIL
1755.622,0,FAIL,0,0,NO_ORIGIN,0,0,1,1,1,1,0,0.0,,,,,0.0,1591,1524,,0,0,FAIL
1755.672,0,FAIL,0,0,NO_ORIGIN,0,0,1,1,1,1,0,0.0,,,,,0.0,1591,1524,,0,0,FAIL
1755.723,0,FAIL,0,0,NO_ORIGIN,0,0,1,1,1,1,0,0.0,,,,,0.0,1591,1524,,0,0,FAIL
1755.773,0,FAIL,0,0,NO_ORIGIN,0,0,1,1,1,1,0,0.0,,,,,0.0,1591,1524,,0,0,FAIL
1755.823,0,FAIL,0,0,NO_ORIGIN,0,0,1,1,1,1,0,0.0,,,,,0.0,1591,1524,,0,0,FAIL
1755.874,0,FAIL,0,0,NO_ORIGIN,0,0,1,1,1,1,0,0.0,,,,,0.0,1591,1524,,0,0,FAIL
1755.924,0,FAIL,0,0,NO_ORIGIN,0,0,1,1,1,1,0,0.0,,,,,0.0,1591,1524,,0,0,FAIL
1755.974,0,FAIL,0,0,NO_ORIGIN,0,0,1,1,1,1,0,0.0,,,,,0.0,1591,1524,,0,0,FAIL
1756.025,0,FAIL,0,0,NO_ORIGIN,0,0,1,1,1,1,0,0.0,,,,,0.0,1591,1524,,0,0,FAIL
1756.075,0,FAIL,0,0,NO_ORIGIN,0,0,1,1,1,1,0,0.0,,,,,0.0,1591,1524,,0,0,FAIL
1756.125,0,FAIL,0,0,NO_ORIGIN,0,0,1,1,1,1,0,0.0,,,,,0.0,1591,1524,,0,0,FAIL
1756.175,0,FAIL,0,0,NO_ORIGIN,0,0,1,1,1,1,0,0.0,,,,,0.0,1591,1524,,0,0,FAIL
1756.226,0,FAIL,0,0,NO_ORIGIN,0,0,1,1,1,1,0,0.0,,,,,0.0,1591,1524,,0,0,FAIL
1756.276,0,FAIL,0,0,NO_ORIGIN,0,0,1,1,1,1,0,0.0,,,,,0.0,1591,1524,,0,0,FAIL
1756.326,0,FAIL,0,0,NO_ORIGIN,0,0,1,1,1,1,0,0.0,,,,,0.0,1591,1524,,0,0,FAIL
1756.376,0,FAIL,0,0,NO_ORIGIN,0,0,1,1,1,1,0,0.0,,,,,0.0,1591,1524,,0,0,FAIL
1756.426,0,FAIL,0,0,NO_ORIGIN,0,0,1,1,1,1,0,0.0,,,,,0.0,1591,1524,,0,0,FAIL
1756.477,0,FAIL,0,0,NO_ORIGIN,0,0,1,1,1,1,0,0.0,,,,,0.0,1591,1524,,0,0,FAIL
1756.527,0,FAIL,0,0,NO_ORIGIN,0,0,1,1,1,1,0,0.0,,,,,0.0,1591,1524,,0,0,FAIL
1756.577,0,FAIL,0,0,NO_ORIGIN,0,0,1,1,1,1,0,0.0,,,,,0.0,1591,1524,,0,0,FAIL
1756.627,0,FAIL,0,0,NO_ORIGIN,0,0,1,1,1,1,0,0.0,,,,,0.0,1591,1524,,0,0,FAIL
1756.677,0,FAIL,0,0,NO_ORIGIN,0,0,1,1,1,1,0,0.0,,,,,0.0,1591,1524,,0,0,FAIL
1756.728,0,FAIL,0,0,NO_ORIGIN,0,0,1,1,1,1,0,0.0,,,,,0.0,1591,1524,,0,0,FAIL
1756.778,0,FAIL,0,0,NO_ORIGIN,0,0,1,1,1,1,0,0.0,,,,,0.0,1591,1524,,0,0,FAIL
1756.829,0,FAIL,0,0,NO_ORIGIN,0,0,1,1,1,1,0,0.0,,,,,0.0,1591,1524,,0,0,FAIL
1756.879,0,FAIL,0,0,NO_ORIGIN,0,0,1,1,1,1,0,0.0,,,,,0.0,1591,1524,,0,0,FAIL
1756.929,0,FAIL,0,0,NO_ORIGIN,0,0,1,1,1,1,0,0.0,,,,,0.0,1591,1524,,0,0,FAIL
1756.979,0,FAIL,0,0,NO_ORIGIN,0,0,1,1,1,1,0,0.0,,,,,0.0,1591,1524,,0,0,FAIL
1757.03,0,FAIL,0,0,NO_ORIGIN,0,0,1,1,1,1,0,0.0,,,,,0.0,1591,1524,,0,0,FAIL
1757.08,0,FAIL,0,0,NO_ORIGIN,0,0,1,1,1,1,0,0.0,,,,,0.0,1591,1524,,0,0,FAIL
1757.132,0,FAIL,0,0,NO_ORIGIN,0,0,1,1,1,1,0,0.0,,,,,0.0,1591,1524,,0,0,FAIL
1757.182,0,FAIL,0,0,NO_ORIGIN,0,0,1,1,1,1,0,0.0,,,,,0.0,1591,1524,,0,0,FAIL
1757.233,0,FAIL,0,0,NO_ORIGIN,0,0,1,1,1,1,0,0.0,,,,,0.0,1591,1524,,0,0,FAIL
1757.283,0,FAIL,0,0,NO_ORIGIN,0,0,1,1,1,1,0,0.0,,,,,0.0,1591,1524,,0,0,FAIL
1757.333,0,FAIL,0,0,NO_ORIGIN,0,0,1,1,1,1,0,0.0,,,,,0.0,1591,1524,,0,0,FAIL
1757.384,0,FAIL,0,0,NO_ORIGIN,0,0,1,1,1,1,0,0.0,,,,,0.0,1591,1524,,0,0,FAIL
1757.434,0,FAIL,0,0,NO_ORIGIN,0,0,1,1,1,1,0,0.0,,,,,0.0,1591,1524,,0,0,FAIL
1757.484,0,FAIL,0,0,NO_ORIGIN,0,0,1,1,1,1,0,0.0,,,,,0.0,1591,1524,,0,0,FAIL
1757.536,0,FAIL,0,0,NO_ORIGIN,0,0,1,1,1,1,0,0.0,,,,,0.0,1591,1524,,0,0,FAIL
1757.587,0,FAIL,0,0,NO_ORIGIN,0,0,1,1,1,1,0,0.0,,,,,0.0,1591,1524,,0,0,FAIL
1757.638,0,FAIL,0,0,NO_ORIGIN,0,0,1,1,1,1,0,0.0,,,,,0.0,1591,1524,,0,0,FAIL
1757.688,0,FAIL,0,0,NO_ORIGIN,0,0,1,1,1,1,0,0.0,,,,,0.0,1591,1524,,0,0,FAIL
1757.739,0,FAIL,0,0,NO_ORIGIN,0,0,1,1,1,1,0,0.0,,,,,0.0,1591,1524,,0,0,FAIL
1757.79,0,FAIL,0,0,NO_ORIGIN,0,0,1,1,1,1,0,0.0,,,,,0.0,1591,1524,,0,0,FAIL
1757.841,0,FAIL,0,0,NO_ORIGIN,0,0,1,1,1,1,0,0.0,,,,,0.0,1591,1524,,0,0,FAIL
1757.891,0,FAIL,0,0,NO_ORIGIN,0,0,1,1,1,1,0,0.0,,,,,0.0,1591,1524,,0,0,FAIL
1757.941,0,FAIL,0,0,NO_ORIGIN,0,0,1,1,1,1,0,0.0,,,,,0.0,1591,1524,,0,0,FAIL
1757.992,0,FAIL,0,0,NO_ORIGIN,0,0,1,1,1,1,0,0.0,,,,,0.0,1591,1524,,0,0,FAIL
1758.043,0,FAIL,0,0,NO_ORIGIN,0,0,1,1,1,1,0,0.0,,,,,0.0,1591,1524,,0,0,FAIL
1758.095,0,FAIL,0,0,NO_ORIGIN,0,0,1,1,1,1,0,0.0,,,,,0.0,1591,1524,,0,0,FAIL
1758.145,0,FAIL,0,0,NO_ORIGIN,0,0,1,1,1,1,0,0.0,,,,,0.0,1591,1524,,0,0,FAIL
1758.196,0,FAIL,0,0,NO_ORIGIN,0,0,1,1,1,1,0,0.0,,,,,0.0,1591,1524,,0,0,FAIL
1758.246,0,FAIL,0,0,NO_ORIGIN,0,0,1,1,1,1,0,0.0,,,,,0.0,1591,1524,,0,0,FAIL
1758.296,0,FAIL,0,0,NO_ORIGIN,0,0,1,1,1,1,0,0.0,,,,,0.0,1591,1524,,0,0,FAIL
1758.35,0,FAIL,0,0,NO_ORIGIN,0,0,1,1,1,1,0,0.0,,,,,0.0,1591,1524,,0,0,FAIL
1758.402,0,FAIL,0,0,NO_ORIGIN,0,0,1,1,1,1,0,0.0,,,,,0.0,1591,1524,,0,0,FAIL
1758.452,0,FAIL,0,0,NO_ORIGIN,0,0,1,1,1,1,0,0.0,,,,,0.0,1591,1524,,0,0,FAIL
1758.503,0,FAIL,0,0,NO_ORIGIN,0,0,1,1,1,1,0,0.0,,,,,0.0,1591,1524,,0,0,FAIL
1758.553,0,FAIL,0,0,NO_ORIGIN,0,0,1,1,1,1,0,0.0,,,,,0.0,1591,1524,,0,0,FAIL
1758.603,0,FAIL,0,0,NO_ORIGIN,0,0,1,1,1,1,0,0.0,,,,,0.0,1591,1524,,0,0,FAIL
1758.653,0,FAIL,0,0,NO_ORIGIN,0,0,1,1,1,1,0,0.0,,,,,0.0,1591,1524,,0,0,FAIL
1758.704,0,FAIL,0,0,NO_ORIGIN,0,0,1,1,1,1,0,0.0,,,,,0.0,1591,1524,,0,0,FAIL
1758.755,0,FAIL,0,0,NO_ORIGIN,0,0,1,1,1,1,0,0.0,,,,,0.0,1591,1524,,0,0,FAIL
1758.806,0,FAIL,0,0,NO_ORIGIN,0,0,1,1,1,1,0,0.0,,,,,0.0,1591,1524,,0,0,FAIL
1758.856,0,FAIL,0,0,NO_ORIGIN,0,0,1,1,1,1,0,0.0,,,,,0.0,1591,1524,,0,0,FAIL
1758.907,0,FAIL,0,0,NO_ORIGIN,0,0,1,1,1,1,0,0.0,,,,,0.0,1591,1524,,0,0,FAIL
1758.957,0,FAIL,0,0,NO_ORIGIN,0,0,1,1,1,1,0,0.0,,,,,0.0,1591,1524,,0,0,FAIL
1759.007,0,FAIL,0,0,NO_ORIGIN,0,0,1,1,1,1,0,0.0,,,,,0.0,1591,1524,,0,0,FAIL
1759.058,0,FAIL,0,0,NO_ORIGIN,0,0,1,1,1,1,0,0.0,,,,,0.0,1591,1524,,0,0,FAIL
1759.108,0,FAIL,0,0,NO_ORIGIN,0,0,1,1,1,1,0,0.0,,,,,0.0,1591,1524,,0,0,FAIL
1759.159,0,FAIL,0,0,NO_ORIGIN,0,0,1,1,1,1,0,0.0,,,,,0.0,1591,1524,,0,0,FAIL
1759.209,0,FAIL,0,0,NO_ORIGIN,0,0,1,1,1,1,0,0.0,,,,,0.0,1591,1524,,0,0,FAIL
1759.259,0,FAIL,0,0,NO_ORIGIN,0,0,1,1,1,1,0,0.0,,,,,0.0,1591,1524,,0,0,FAIL
1759.309,0,FAIL,0,0,NO_ORIGIN,0,0,1,1,1,1,0,0.0,,,,,0.0,1591,1524,,0,0,FAIL
1759.36,0,FAIL,0,0,NO_ORIGIN,0,0,1,1,1,1,0,0.0,,,,,0.0,1591,1524,,0,0,FAIL
1759.41,0,FAIL,0,0,NO_ORIGIN,0,0,1,1,1,1,0,0.0,,,,,0.0,1591,1524,,0,0,FAIL
1759.461,0,FAIL,0,0,NO_ORIGIN,0,0,1,1,1,1,0,0.0,,,,,0.0,1591,1524,,0,0,FAIL
1759.512,0,FAIL,0,0,NO_ORIGIN,0,0,1,1,1,1,0,0.0,,,,,0.0,1591,1524,,0,0,FAIL
1759.562,0,FAIL,0,0,NO_ORIGIN,0,0,1,1,1,1,0,0.0,,,,,0.0,1591,1524,,0,0,FAIL
1759.612,0,FAIL,0,0,NO_ORIGIN,0,0,1,1,1,1,0,0.0,,,,,0.0,1591,1524,,0,0,FAIL
1759.664,0,FAIL,0,0,NO_ORIGIN,0,0,1,1,1,1,0,0.0,,,,,0.0,1591,1524,,0,0,FAIL
1759.714,0,FAIL,0,0,NO_ORIGIN,0,0,1,1,1,1,0,0.0,,,,,0.0,1591,1524,,0,0,FAIL
1759.764,0,FAIL,0,0,NO_ORIGIN,0,0,1,1,1,1,0,0.0,,,,,0.0,1591,1524,,0,0,FAIL
1759.815,0,FAIL,0,0,NO_ORIGIN,0,0,1,1,1,1,0,0.0,,,,,0.0,1591,1524,,0,0,FAIL
1759.865,0,FAIL,0,0,NO_ORIGIN,0,0,1,1,1,1,0,0.0,,,,,0.0,1591,1524,,0,0,FAIL
1759.915,0,FAIL,0,0,NO_ORIGIN,0,0,1,1,1,1,0,0.0,,,,,0.0,1591,1524,,0,0,FAIL
1759.965,0,FAIL,0,0,NO_ORIGIN,0,0,1,1,1,1,0,0.0,,,,,0.0,1591,1524,,0,0,FAIL
1760.016,0,FAIL,0,0,NO_ORIGIN,0,0,1,1,1,1,0,0.0,,,,,0.0,1591,1524,,0,0,FAIL
1760.066,0,FAIL,0,0,NO_ORIGIN,0,0,1,1,1,1,0,0.0,,,,,0.0,1591,1524,,0,0,FAIL
1760.116,0,FAIL,0,0,NO_ORIGIN,0,0,1,1,1,1,0,0.0,,,,,0.0,1591,1524,,0,0,FAIL
1760.168,0,FAIL,0,0,NO_ORIGIN,0,0,1,1,1,1,0,0.0,,,,,0.0,1591,1524,,0,0,FAIL
1760.218,0,FAIL,0,0,NO_ORIGIN,0,0,1,1,1,1,0,0.0,,,,,0.0,1591,1524,,0,0,FAIL
1760.269,0,FAIL,0,0,NO_ORIGIN,0,0,1,1,1,1,0,0.0,,,,,0.0,1591,1524,,0,0,FAIL
1760.319,0,FAIL,0,0,NO_ORIGIN,0,0,1,1,1,1,0,0.0,,,,,0.0,1591,1524,,0,0,FAIL
1760.371,0,FAIL,0,0,NO_ORIGIN,0,0,1,1,1,1,0,0.0,,,,,0.0,1591,1524,,0,0,FAIL
1760.421,0,FAIL,0,0,NO_ORIGIN,0,0,1,1,1,1,0,0.0,,,,,0.0,1591,1524,,0,0,FAIL
1760.471,0,FAIL,0,0,NO_ORIGIN,0,0,1,1,1,1,0,0.0,,,,,0.0,1591,1524,,0,0,FAIL
1760.522,0,FAIL,0,0,NO_ORIGIN,0,0,1,1,1,1,0,0.0,,,,,0.0,1591,1524,,0,0,FAIL
1760.572,0,FAIL,0,0,NO_ORIGIN,0,0,1,1,1,1,0,0.0,,,,,0.0,1591,1524,,0,0,FAIL
1760.622,0,FAIL,0,0,NO_ORIGIN,0,0,1,1,1,1,0,0.0,,,,,0.0,1591,1524,,0,0,FAIL
1760.674,0,FAIL,0,0,NO_ORIGIN,0,0,1,1,1,1,0,0.0,,,,,0.0,1591,1524,,0,0,FAIL
1760.724,0,FAIL,0,0,NO_ORIGIN,0,0,1,1,1,1,0,0.0,,,,,0.0,1591,1524,,0,0,FAIL
1760.776,0,FAIL,0,0,NO_ORIGIN,0,0,1,1,1,1,0,0.0,,,,,0.0,1591,1524,,0,0,FAIL
1760.826,0,FAIL,0,0,NO_ORIGIN,0,0,1,1,1,1,0,0.0,,,,,0.0,1591,1524,,0,0,FAIL
1760.876,0,FAIL,0,0,NO_ORIGIN,0,0,1,1,1,1,0,0.0,,,,,0.0,1591,1524,,0,0,FAIL
1760.927,0,FAIL,0,0,NO_ORIGIN,0,0,1,1,1,1,0,0.0,,,,,0.0,1591,1524,,0,0,FAIL
1760.977,0,FAIL,0,0,NO_ORIGIN,0,0,1,1,1,1,0,0.0,,,,,0.0,1591,1524,,0,0,FAIL
1761.027,0,FAIL,0,0,NO_ORIGIN,0,0,1,1,1,1,0,0.0,,,,,0.0,1591,1524,,0,0,FAIL
1761.077,0,FAIL,0,0,NO_ORIGIN,0,0,1,1,1,1,0,0.0,,,,,0.0,1591,1524,,0,0,FAIL
1761.128,0,FAIL,0,0,NO_ORIGIN,0,0,1,1,1,1,0,0.0,,,,,0.0,1591,1524,,0,0,FAIL
1761.179,0,FAIL,0,0,NO_ORIGIN,0,0,1,1,1,1,0,0.0,,,,,0.0,1591,1524,,0,0,FAIL
1761.229,0,FAIL,0,0,NO_ORIGIN,0,0,1,1,1,1,0,0.0,,,,,0.0,1591,1524,,0,0,FAIL
1761.279,0,FAIL,0,0,NO_ORIGIN,0,0,1,1,1,1,0,0.0,,,,,0.0,1591,1524,,0,0,FAIL
1761.329,0,FAIL,0,0,NO_ORIGIN,0,0,1,1,1,1,0,0.0,,,,,0.0,1591,1524,,0,0,FAIL
1761.38,0,FAIL,0,0,NO_ORIGIN,0,0,1,1,1,1,0,0.0,,,,,0.0,1591,1524,,0,0,FAIL
1761.43,0,FAIL,0,0,NO_ORIGIN,0,0,1,1,1,1,0,0.0,,,,,0.0,1591,1524,,0,0,FAIL
1761.48,0,FAIL,0,0,NO_ORIGIN,0,0,1,1,1,1,0,0.0,,,,,0.0,1591,1524,,0,0,FAIL
1761.53,0,FAIL,0,0,NO_ORIGIN,0,0,1,1,1,1,0,0.0,,,,,0.0,1591,1524,,0,0,FAIL
1761.58,0,FAIL,0,0,NO_ORIGIN,0,0,1,1,1,1,0,0.0,,,,,0.0,1591,1524,,0,0,FAIL
1761.631,0,FAIL,0,0,NO_ORIGIN,0,0,1,1,1,1,0,0.0,,,,,0.0,1591,1524,,0,0,FAIL
1761.681,0,FAIL,0,0,NO_ORIGIN,0,0,1,1,1,1,0,0.0,,,,,0.0,1591,1524,,0,0,FAIL
1761.731,0,FAIL,0,0,NO_ORIGIN,0,0,1,1,1,1,0,0.0,,,,,0.0,1591,1524,,0,0,FAIL
1761.782,0,FAIL,0,0,NO_ORIGIN,0,0,1,1,1,1,0,0.0,,,,,0.0,1591,1524,,0,0,FAIL
1761.832,0,FAIL,0,0,NO_ORIGIN,0,0,1,1,1,1,0,0.0,,,,,0.0,1591,1524,,0,0,FAIL
1761.882,0,FAIL,0,0,NO_ORIGIN,0,0,1,1,1,1,0,0.0,,,,,0.0,1591,1524,,0,0,FAIL
1761.933,0,FAIL,0,0,NO_ORIGIN,0,0,1,1,1,1,0,0.0,,,,,0.0,1591,1524,,0,0,FAIL
1761.983,0,FAIL,0,0,NO_ORIGIN,0,0,1,1,1,1,0,0.0,,,,,0.0,1591,1524,,0,0,FAIL
1762.033,0,FAIL,0,0,NO_ORIGIN,0,0,1,1,1,1,0,0.0,,,,,0.0,1591,1524,,0,0,FAIL
1762.083,0,FAIL,0,0,NO_ORIGIN,0,0,1,1,1,1,0,0.0,,,,,0.0,1591,1524,,0,0,FAIL
1762.133,0,FAIL,0,0,NO_ORIGIN,0,0,1,1,1,1,0,0.0,,,,,0.0,1591,1524,,0,0,FAIL
1762.183,0,FAIL,0,0,NO_ORIGIN,0,0,1,1,1,1,0,0.0,,,,,0.0,1591,1524,,0,0,FAIL
1762.235,0,FAIL,0,0,NO_ORIGIN,0,0,1,1,1,1,0,0.0,,,,,0.0,1591,1524,,0,0,FAIL
1762.285,0,FAIL,0,0,NO_ORIGIN,0,0,1,1,1,1,0,0.0,,,,,0.0,1591,1524,,0,0,FAIL
1762.335,0,FAIL,0,0,NO_ORIGIN,0,0,1,1,1,1,0,0.0,,,,,0.0,1591,1524,,0,0,FAIL
1762.385,0,FAIL,0,0,NO_ORIGIN,0,0,1,1,1,1,0,0.0,,,,,0.0,1591,1524,,0,0,FAIL
1762.436,0,FAIL,0,0,NO_ORIGIN,0,0,1,1,1,1,0,0.0,,,,,0.0,1591,1524,,0,0,FAIL
1762.486,0,FAIL,0,0,NO_ORIGIN,0,0,1,1,1,1,0,0.0,,,,,0.0,1591,1524,,0,0,FAIL
1762.536,0,FAIL,0,0,NO_ORIGIN,0,0,1,1,1,1,0,0.0,,,,,0.0,1591,1524,,0,0,FAIL
1762.588,0,FAIL,0,0,NO_ORIGIN,0,0,1,1,1,1,0,0.0,,,,,0.0,1591,1524,,0,0,FAIL
1762.638,0,FAIL,0,0,NO_ORIGIN,0,0,1,1,1,1,0,0.0,,,,,0.0,1591,1524,,0,0,FAIL
1762.691,0,FAIL,0,0,NO_ORIGIN,0,0,1,1,1,1,0,0.0,,,,,0.0,1591,1524,,0,0,FAIL
1762.741,0,FAIL,0,0,NO_ORIGIN,0,0,1,1,1,1,0,0.0,,,,,0.0,1591,1524,,0,0,FAIL
1762.791,0,FAIL,0,0,NO_ORIGIN,0,0,1,1,1,1,0,0.0,,,,,0.0,1591,1524,,0,0,FAIL
1762.841,0,FAIL,0,0,NO_ORIGIN,0,0,1,1,1,1,0,0.0,,,,,0.0,1591,1524,,0,0,FAIL
1762.893,0,FAIL,0,0,NO_ORIGIN,0,0,1,1,1,1,0,0.0,,,,,0.0,1591,1524,,0,0,FAIL
1762.943,0,FAIL,0,0,NO_ORIGIN,0,0,1,1,1,1,0,0.0,,,,,0.0,1591,1524,,0,0,FAIL
1762.993,0,FAIL,0,0,NO_ORIGIN,0,0,1,1,1,1,0,0.0,,,,,0.0,1591,1524,,0,0,FAIL
1763.043,0,FAIL,0,0,NO_ORIGIN,0,0,1,1,1,1,0,0.0,,,,,0.0,1591,1524,,0,0,FAIL
1763.094,0,FAIL,0,0,NO_ORIGIN,0,0,1,1,1,1,0,0.0,,,,,0.0,1591,1524,,0,0,FAIL
1763.144,0,FAIL,0,0,NO_ORIGIN,0,0,1,1,1,1,0,0.0,,,,,0.0,1591,1524,,0,0,FAIL
1763.194,0,FAIL,0,0,NO_ORIGIN,0,0,1,1,1,1,0,0.0,,,,,0.0,1591,1524,,0,0,FAIL
1763.244,0,FAIL,0,0,NO_ORIGIN,0,0,1,1,1,1,0,0.0,,,,,0.0,1591,1524,,0,0,FAIL
1763.295,0,FAIL,0,0,NO_ORIGIN,0,0,1,1,1,1,0,0.0,,,,,0.0,1591,1524,,0,0,FAIL
1763.345,0,FAIL,0,0,NO_ORIGIN,0,0,1,1,1,1,0,0.0,,,,,0.0,1591,1524,,0,0,FAIL
1763.395,0,FAIL,0,0,NO_ORIGIN,0,0,1,1,1,1,0,0.0,,,,,0.0,1591,1524,,0,0,FAIL
1763.445,0,FAIL,0,0,NO_ORIGIN,0,0,1,1,1,1,0,0.0,,,,,0.0,1591,1524,,0,0,FAIL
1763.496,0,FAIL,0,0,NO_ORIGIN,0,0,1,1,1,1,0,0.0,,,,,0.0,1591,1524,,0,0,FAIL
1763.546,0,FAIL,0,0,NO_ORIGIN,0,0,1,1,1,1,0,0.0,,,,,0.0,1591,1524,,0,0,FAIL
1763.596,0,FAIL,0,0,NO_ORIGIN,0,0,1,1,1,1,0,0.0,,,,,0.0,1591,1524,,0,0,FAIL
1763.647,0,FAIL,0,0,NO_ORIGIN,0,0,1,1,1,1,0,0.0,,,,,0.0,1591,1524,,0,0,FAIL
1763.698,0,FAIL,0,0,NO_ORIGIN,0,0,1,1,1,1,0,0.0,,,,,0.0,1591,1524,,0,0,FAIL
1763.748,0,FAIL,0,0,NO_ORIGIN,0,0,1,1,1,1,0,0.0,,,,,0.0,1591,1524,,0,0,FAIL
1763.798,0,FAIL,0,0,NO_ORIGIN,0,0,1,1,1,1,0,0.0,,,,,0.0,1591,1524,,0,0,FAIL
1763.849,0,FAIL,0,0,NO_ORIGIN,0,0,1,1,1,1,0,0.0,,,,,0.0,1591,1524,,0,0,FAIL
1763.899,0,FAIL,0,0,NO_ORIGIN,0,0,1,1,1,1,0,0.0,,,,,0.0,1591,1524,,0,0,FAIL
1763.949,0,FAIL,0,0,NO_ORIGIN,0,0,1,1,1,1,0,0.0,,,,,0.0,1591,1524,,0,0,FAIL
1763.999,0,FAIL,0,0,NO_ORIGIN,0,0,1,1,1,1,0,0.0,,,,,0.0,1591,1524,,0,0,FAIL
1764.05,0,FAIL,0,0,NO_ORIGIN,0,0,1,1,1,1,0,0.0,,,,,0.0,1591,1524,,0,0,FAIL
1764.1,0,FAIL,0,0,NO_ORIGIN,0,0,1,1,1,1,0,0.0,,,,,0.0,1591,1524,,0,0,FAIL
1764.15,0,FAIL,0,0,NO_ORIGIN,0,0,1,1,1,1,0,0.0,,,,,0.0,1591,1524,,0,0,FAIL
1764.2,0,FAIL,0,0,NO_ORIGIN,0,0,1,1,1,1,0,0.0,,,,,0.0,1591,1524,,0,0,FAIL
1764.25,0,FAIL,0,0,NO_ORIGIN,0,0,1,1,1,1,0,0.0,,,,,0.0,1591,1524,,0,0,FAIL
1764.3,0,FAIL,0,0,NO_ORIGIN,0,0,1,1,1,1,0,0.0,,,,,0.0,1591,1524,,0,0,FAIL
1764.351,0,FAIL,0,0,NO_ORIGIN,0,0,1,1,1,1,0,0.0,,,,,0.0,1591,1524,,0,0,FAIL
1764.401,0,FAIL,0,0,NO_ORIGIN,0,0,1,1,1,1,0,0.0,,,,,0.0,1591,1524,,0,0,FAIL
1764.451,0,FAIL,0,0,NO_ORIGIN,0,0,1,1,1,1,0,0.0,,,,,0.0,1591,1524,,0,0,FAIL
1764.501,0,FAIL,0,0,NO_ORIGIN,0,0,1,1,1,1,0,0.0,,,,,0.0,1591,1524,,0,0,FAIL
1764.551,0,FAIL,0,0,NO_ORIGIN,0,0,1,1,1,1,0,0.0,,,,,0.0,1591,1524,,0,0,FAIL
1764.602,0,FAIL,0,0,NO_ORIGIN,0,0,1,1,1,1,0,0.0,,,,,0.0,1591,1524,,0,0,FAIL
1764.652,0,FAIL,0,0,NO_ORIGIN,0,0,1,1,1,1,0,0.0,,,,,0.0,1591,1524,,0,0,FAIL
1764.702,0,FAIL,0,0,NO_ORIGIN,0,0,1,1,1,1,0,0.0,,,,,0.0,1591,1524,,0,0,FAIL
1764.752,0,FAIL,0,0,NO_ORIGIN,0,0,1,1,1,1,0,0.0,,,,,0.0,1591,1524,,0,0,FAIL
1764.802,0,FAIL,0,0,NO_ORIGIN,0,0,1,1,1,1,0,0.0,,,,,0.0,1591,1524,,0,0,FAIL
1764.852,0,FAIL,0,0,NO_ORIGIN,0,0,1,1,1,1,0,0.0,,,,,0.0,1591,1524,,0,0,FAIL
1764.903,0,FAIL,0,0,NO_ORIGIN,0,0,1,1,1,1,0,0.0,,,,,0.0,1591,1524,,0,0,FAIL
1764.953,0,FAIL,0,0,NO_ORIGIN,0,0,1,1,1,1,0,0.0,,,,,0.0,1591,1524,,0,0,FAIL
1765.004,0,FAIL,0,0,NO_ORIGIN,0,0,1,1,1,1,0,0.0,,,,,0.0,1591,1524,,0,0,FAIL
1765.054,0,FAIL,0,0,NO_ORIGIN,0,0,1,1,1,1,0,0.0,,,,,0.0,1591,1524,,0,0,FAIL
1765.104,0,FAIL,0,0,NO_ORIGIN,0,0,1,1,1,1,0,0.0,,,,,0.0,1591,1524,,0,0,FAIL
1765.155,0,FAIL,0,0,NO_ORIGIN,0,0,1,1,1,1,0,0.0,,,,,0.0,1591,1524,,0,0,FAIL
1765.205,0,FAIL,0,0,NO_ORIGIN,0,0,1,1,1,1,0,0.0,,,,,0.0,1591,1524,,0,0,FAIL
1765.255,1,FAIL,0,0,NO_ORIGIN,0,0,1,1,1,1,0,0.0,,,,,0.0,1591,1524,,0,0,FAIL
1765.308,1,FAIL,0,0,NO_ORIGIN,0,0,1,1,1,1,0,0.0,,,,,0.0,1591,1524,,0,0,FAIL
1765.358,1,FAIL,0,0,NO_ORIGIN,0,0,1,1,1,1,0,0.0,,,,,0.0,1591,1524,,0,0,FAIL
1765.409,1,FAIL,0,0,NO_ORIGIN,0,0,1,1,1,1,0,0.0,,,,,0.0,1591,1524,,0,0,FAIL
1765.459,1,FAIL,0,0,NO_ORIGIN,0,0,1,1,1,1,0,0.0,,,,,0.0,1591,1524,,0,0,FAIL
1765.509,1,FAIL,0,0,NO_ORIGIN,0,0,1,1,1,1,0,0.0,,,,,0.0,1591,1524,,0,0,FAIL
1765.56,1,FAIL,0,0,NO_ORIGIN,0,0,1,1,1,1,0,0.0,,,,,0.0,1591,1524,,0,0,FAIL
1765.61,1,FAIL,0,0,NO_ORIGIN,0,0,1,1,1,1,0,0.0,,,,,0.0,1591,1524,,0,0,FAIL
1765.661,1,FAIL,0,0,NO_ORIGIN,0,0,1,1,1,1,0,0.0,,,,,0.0,1591,1524,,0,0,FAIL
1765.711,1,FAIL,0,0,NO_ORIGIN,0,0,1,1,1,1,0,0.0,,,,,0.0,1591,1524,,0,0,FAIL
1765.761,1,FAIL,0,0,NO_ORIGIN,0,0,1,1,1,1,0,0.0,,,,,0.0,1591,1524,,0,0,FAIL
1765.812,1,FAIL,0,0,NO_ORIGIN,0,0,1,1,1,1,0,0.0,,,,,0.0,1591,1524,,0,0,FAIL
1765.862,1,FAIL,0,0,NO_ORIGIN,0,0,1,1,1,1,0,0.0,,,,,0.0,1591,1524,,0,0,FAIL
1765.913,1,FAIL,0,0,NO_ORIGIN,0,0,1,1,1,1,0,0.0,,,,,0.0,1591,1524,,0,0,FAIL
1765.963,1,FAIL,0,0,NO_ORIGIN,0,0,1,1,1,1,0,0.0,,,,,0.0,1591,1524,,0,0,FAIL
1766.016,1,FAIL,0,0,NO_ORIGIN,0,0,1,1,1,1,0,0.0,,,,,0.0,1591,1524,,0,0,FAIL
1766.066,1,FAIL,0,0,NO_ORIGIN,0,0,1,1,1,1,0,0.0,,,,,0.0,1591,1524,,0,0,FAIL
1766.119,1,FAIL,0,0,NO_ORIGIN,0,0,1,1,1,1,0,0.0,,,,,0.0,1591,1524,,0,0,FAIL
1766.17,1,FAIL,0,0,NO_ORIGIN,0,0,1,1,1,1,0,0.0,,,,,0.0,1591,1524,,0,0,FAIL
1766.22,1,FAIL,0,0,NO_ORIGIN,0,0,1,1,1,1,0,0.0,,,,,0.0,1591,1524,,0,0,FAIL
1766.27,1,FAIL,0,0,NO_ORIGIN,0,0,1,1,1,1,0,0.0,,,,,0.0,1591,1524,,0,0,FAIL
1766.321,1,FAIL,0,0,NO_ORIGIN,0,0,1,1,1,1,0,0.0,,,,,0.0,1591,1524,,0,0,FAIL
1766.372,1,FAIL,0,0,NO_ORIGIN,0,0,1,1,1,1,0,0.0,,,,,0.0,1591,1524,,0,0,FAIL
1766.422,1,FAIL,0,0,NO_ORIGIN,0,0,1,1,1,1,0,0.0,,,,,0.0,1591,1524,,0,0,FAIL
1766.473,1,FAIL,0,0,NO_ORIGIN,0,0,1,1,1,1,0,0.0,,,,,0.0,1591,1524,,0,0,FAIL
1766.524,1,FAIL,0,0,NO_ORIGIN,0,0,1,1,1,1,0,0.0,,,,,0.0,1591,1524,,0,0,FAIL
1766.575,1,FAIL,0,0,NO_ORIGIN,0,0,1,1,1,1,0,0.0,,,,,0.0,1591,1524,,0,0,FAIL
1766.625,1,FAIL,0,0,NO_ORIGIN,0,0,1,1,1,1,0,0.0,,,,,0.0,1591,1524,,0,0,FAIL
1766.675,1,FAIL,0,0,NO_ORIGIN,0,0,1,1,1,1,0,0.0,,,,,0.0,1591,1524,,0,0,FAIL
1766.727,1,FAIL,0,0,NO_ORIGIN,0,0,1,1,1,1,0,0.0,,,,,0.0,1591,1524,,0,0,FAIL
1766.778,1,FAIL,0,0,NO_ORIGIN,0,0,1,1,1,1,0,0.0,,,,,0.0,1591,1524,,0,0,FAIL
1766.83,1,FAIL,0,0,NO_ORIGIN,0,0,1,1,1,1,0,0.0,,,,,0.0,1591,1524,,0,0,FAIL
1766.881,1,FAIL,0,0,NO_ORIGIN,0,0,1,1,1,1,0,0.0,,,,,0.0,1591,1524,,0,0,FAIL
1766.931,1,FAIL,0,0,NO_ORIGIN,0,0,1,1,1,1,0,0.0,,,,,0.0,1591,1524,,0,0,FAIL
1766.982,1,FAIL,0,0,NO_ORIGIN,0,0,1,1,1,1,0,0.0,,,,,0.0,1591,1524,,0,0,FAIL
1767.035,1,FAIL,0,0,NO_ORIGIN,0,0,1,1,1,1,0,0.0,,,,,0.0,1591,1524,,0,0,FAIL
1767.085,1,FAIL,0,0,NO_ORIGIN,0,0,1,1,1,1,0,0.0,,,,,0.0,1591,1524,,0,0,FAIL
1767.136,1,FAIL,0,0,NO_ORIGIN,0,0,1,1,1,1,0,0.0,,,,,0.0,1591,1524,,0,0,FAIL
1767.186,1,FAIL,0,0,NO_ORIGIN,0,0,1,1,1,1,0,0.0,,,,,0.0,1591,1524,,0,0,FAIL
1767.238,1,FAIL,0,0,NO_ORIGIN,0,0,1,1,1,1,0,0.0,,,,,0.0,1591,1524,,0,0,FAIL
1767.288,1,FAIL,0,0,NO_ORIGIN,0,0,1,1,1,1,0,0.0,,,,,0.0,1591,1524,,0,0,FAIL
1767.338,1,FAIL,0,0,NO_ORIGIN,0,0,1,1,1,1,0,0.0,,,,,0.0,1591,1524,,0,0,FAIL
1767.388,1,FAIL,0,0,NO_ORIGIN,0,0,1,1,1,1,0,0.0,,,,,0.0,1591,1524,,0,0,FAIL
1767.439,1,FAIL,0,0,NO_ORIGIN,0,0,1,1,1,1,0,0.0,,,,,0.0,1591,1524,,0,0,FAIL
1767.489,1,FAIL,0,0,NO_ORIGIN,0,0,1,1,1,1,0,0.0,,,,,0.0,1591,1524,,0,0,FAIL
1767.54,1,FAIL,0,0,NO_ORIGIN,0,0,1,1,1,1,0,0.0,,,,,0.0,1591,1524,,0,0,FAIL
1767.59,1,FAIL,0,0,NO_ORIGIN,0,0,1,1,1,1,0,0.0,,,,,0.0,1591,1524,,0,0,FAIL
1767.641,1,FAIL,0,0,NO_ORIGIN,0,0,1,1,1,1,0,0.0,,,,,0.0,1591,1524,,0,0,FAIL
1767.691,1,FAIL,0,0,NO_ORIGIN,0,0,1,1,1,1,0,0.0,,,,,0.0,1591,1524,,0,0,FAIL
1767.743,1,FAIL,0,0,NO_ORIGIN,0,0,1,1,1,1,0,0.0,,,,,0.0,1591,1524,,0,0,FAIL
1767.793,1,FAIL,0,0,NO_ORIGIN,0,0,1,1,1,1,0,0.0,,,,,0.0,1591,1524,,0,0,FAIL
1767.844,1,FAIL,0,0,NO_ORIGIN,0,0,1,1,1,1,0,0.0,,,,,0.0,1591,1524,,0,0,FAIL
1767.894,1,FAIL,0,0,NO_ORIGIN,0,0,1,1,1,1,0,0.0,,,,,0.0,1591,1524,,0,0,FAIL
1767.944,1,FAIL,0,0,NO_ORIGIN,0,0,1,1,1,1,0,0.0,,,,,0.0,1591,1524,,0,0,FAIL
1767.994,1,FAIL,0,0,NO_ORIGIN,0,0,1,1,1,1,0,0.0,,,,,0.0,1591,1524,,0,0,FAIL
1768.045,1,FAIL,0,0,NO_ORIGIN,0,0,1,1,1,1,0,0.0,,,,,0.0,1591,1524,,0,0,FAIL
1768.095,1,FAIL,0,0,NO_ORIGIN,0,0,1,1,1,1,0,0.0,,,,,0.0,1591,1524,,0,0,FAIL
1768.145,1,FAIL,0,0,NO_ORIGIN,0,0,1,1,1,1,0,0.0,,,,,0.0,1591,1524,,0,0,FAIL
1768.196,1,FAIL,0,0,NO_ORIGIN,0,0,1,1,1,1,0,0.0,,,,,0.0,1591,1524,,0,0,FAIL
1768.246,1,FAIL,0,0,NO_ORIGIN,0,0,1,1,1,1,0,0.0,,,,,0.0,1591,1524,,0,0,FAIL
1768.296,1,FAIL,0,0,NO_ORIGIN,0,0,1,1,1,1,0,0.0,,,,,0.0,1591,1524,,0,0,FAIL
1768.347,1,FAIL,0,0,NO_ORIGIN,0,0,1,1,1,1,0,0.0,,,,,0.0,1591,1524,,0,0,FAIL
1768.397,1,FAIL,0,0,NO_ORIGIN,0,0,1,1,1,1,0,0.0,,,,,0.0,1591,1524,,0,0,FAIL
1768.448,1,FAIL,0,0,NO_ORIGIN,0,0,1,1,1,1,0,0.0,,,,,0.0,1591,1524,,0,0,FAIL
1768.498,1,FAIL,0,0,NO_ORIGIN,0,0,1,1,1,1,0,0.0,,,,,0.0,1591,1524,,0,0,FAIL
1768.548,1,FAIL,0,0,NO_ORIGIN,0,0,1,1,1,1,0,0.0,,,,,0.0,1591,1524,,0,0,FAIL
1768.598,1,FAIL,0,0,NO_ORIGIN,0,0,1,1,1,1,0,0.0,,,,,0.0,1591,1524,,0,0,FAIL
1768.649,1,FAIL,0,0,NO_ORIGIN,0,0,1,1,1,1,0,0.0,,,,,0.0,1591,1524,,0,0,FAIL
1768.699,1,FAIL,0,0,NO_ORIGIN,0,0,1,1,1,1,0,0.0,,,,,0.0,1591,1524,,0,0,FAIL
1768.75,1,FAIL,0,0,NO_ORIGIN,0,0,1,1,1,1,0,0.0,,,,,0.0,1591,1524,,0,0,FAIL
1768.8,1,FAIL,0,0,NO_ORIGIN,0,0,1,1,1,1,0,0.0,,,,,0.0,1591,1524,,0,0,FAIL
1768.85,1,FAIL,0,0,NO_ORIGIN,0,0,1,1,1,1,0,0.0,,,,,0.0,1591,1524,,0,0,FAIL
1768.9,1,FAIL,0,0,NO_ORIGIN,0,0,1,1,1,1,0,0.0,,,,,0.0,1591,1524,,0,0,FAIL
1768.95,1,FAIL,0,0,NO_ORIGIN,0,0,1,1,1,1,0,0.0,,,,,0.0,1591,1524,,0,0,FAIL
1769.001,1,FAIL,0,0,NO_ORIGIN,0,0,1,1,1,1,0,0.0,,,,,0.0,1591,1524,,0,0,FAIL
1769.051,1,FAIL,0,0,NO_ORIGIN,0,0,1,1,1,1,0,0.0,,,,,0.0,1591,1524,,0,0,FAIL
1769.101,1,FAIL,0,0,NO_ORIGIN,0,0,1,1,1,1,0,0.0,,,,,0.0,1591,1524,,0,0,FAIL
1769.151,1,FAIL,0,0,NO_ORIGIN,0,0,1,1,1,1,0,0.0,,,,,0.0,1591,1524,,0,0,FAIL
1769.201,1,FAIL,0,0,NO_ORIGIN,0,0,1,1,1,1,0,0.0,,,,,0.0,1591,1524,,0,0,FAIL
1769.252,1,FAIL,0,0,NO_ORIGIN,0,0,1,1,1,1,0,0.0,,,,,0.0,1591,1524,,0,0,FAIL
1769.302,1,FAIL,0,0,NO_ORIGIN,0,0,1,1,1,1,0,0.0,,,,,0.0,1591,1524,,0,0,FAIL
1769.352,1,FAIL,0,0,NO_ORIGIN,0,0,1,1,1,1,0,0.0,,,,,0.0,1591,1524,,0,0,FAIL
1769.402,1,FAIL,0,0,NO_ORIGIN,0,0,1,1,1,1,0,0.0,,,,,0.0,1591,1524,,0,0,FAIL
1769.452,1,FAIL,0,0,NO_ORIGIN,0,0,1,1,1,1,0,0.0,,,,,0.0,1591,1524,,0,0,FAIL
1769.503,1,FAIL,0,0,NO_ORIGIN,0,0,1,1,1,1,0,0.0,,,,,0.0,1591,1524,,0,0,FAIL
1769.553,1,FAIL,0,0,NO_ORIGIN,0,0,1,1,1,1,0,0.0,,,,,0.0,1591,1524,,0,0,FAIL
1769.603,1,FAIL,0,0,NO_ORIGIN,0,0,1,1,1,1,0,0.0,,,,,0.0,1591,1524,,0,0,FAIL
1769.653,1,FAIL,0,0,NO_ORIGIN,0,0,1,1,1,1,0,0.0,,,,,0.0,1591,1524,,0,0,FAIL
1769.703,1,FAIL,0,0,NO_ORIGIN,0,0,1,1,1,1,0,0.0,,,,,0.0,1591,1524,,0,0,FAIL
1769.754,1,FAIL,0,0,NO_ORIGIN,0,0,1,1,1,1,0,0.0,,,,,0.0,1591,1524,,0,0,FAIL
1769.804,2,FAIL,0,0,NO_ORIGIN,0,0,1,1,1,1,0,0.0,,,,,0.0,1591,1524,,0,0,FAIL
1769.855,2,FAIL,0,0,NO_ORIGIN,0,0,1,1,1,1,0,0.0,,,,,0.0,1591,1524,,0,0,FAIL
1769.906,2,FAIL,0,0,NO_ORIGIN,0,0,1,1,1,1,0,0.0,,,,,0.0,1591,1524,,0,0,FAIL
1769.956,2,FAIL,0,0,NO_ORIGIN,0,0,1,1,1,1,0,0.0,,,,,0.0,1591,1524,,0,0,FAIL
1770.006,2,FAIL,0,0,NO_ORIGIN,0,0,1,1,1,1,0,0.0,,,,,0.0,1591,1524,,0,0,FAIL
1770.056,2,FAIL,0,0,NO_ORIGIN,0,0,1,1,1,1,0,0.0,,,,,0.0,1591,1524,,0,0,FAIL
1770.107,2,FAIL,0,0,NO_ORIGIN,0,0,1,1,1,1,0,0.0,,,,,0.0,1591,1524,,0,0,FAIL
1770.158,2,FAIL,0,0,NO_ORIGIN,0,0,1,1,1,1,0,0.0,,,,,0.0,1591,1524,,0,0,FAIL
1770.208,2,FAIL,0,0,NO_ORIGIN,0,0,1,1,1,1,0,0.0,,,,,0.0,1591,1524,,0,0,FAIL
1770.258,2,FAIL,0,0,NO_ORIGIN,0,0,1,1,1,1,0,0.0,,,,,0.0,1591,1524,,0,0,FAIL
1770.308,2,FAIL,0,0,NO_ORIGIN,0,0,1,1,1,1,0,0.0,,,,,0.0,1591,1524,,0,0,FAIL
1770.36,2,FAIL,0,0,NO_ORIGIN,0,0,1,1,1,1,0,0.0,,,,,0.0,1591,1524,,0,0,FAIL
1770.41,2,FAIL,0,0,NO_ORIGIN,0,0,1,1,1,1,0,0.0,,,,,0.0,1591,1524,,0,0,FAIL
1770.461,2,FAIL,0,0,NO_ORIGIN,0,0,1,1,1,1,0,0.0,,,,,0.0,1591,1524,,0,0,FAIL
1770.511,2,FAIL,0,0,NO_ORIGIN,0,0,1,1,1,1,0,0.0,,,,,0.0,1591,1524,,0,0,FAIL
1770.561,2,FAIL,0,0,NO_ORIGIN,0,0,1,1,1,1,0,0.0,,,,,0.0,1591,1524,,0,0,FAIL
1770.611,2,FAIL,0,0,NO_ORIGIN,0,0,1,1,1,1,0,0.0,,,,,0.0,1591,1524,,0,0,FAIL
1770.661,2,FAIL,0,0,NO_ORIGIN,0,0,1,1,1,1,0,0.0,,,,,0.0,1591,1524,,0,0,FAIL
1770.711,2,FAIL,0,0,NO_ORIGIN,0,0,1,1,1,1,0,0.0,,,,,0.0,1591,1524,,0,0,FAIL
1770.762,2,FAIL,0,0,NO_ORIGIN,0,0,1,1,1,1,0,0.0,,,,,0.0,1591,1524,,0,0,FAIL
1770.812,2,FAIL,0,0,NO_ORIGIN,0,0,1,1,1,1,0,0.0,,,,,0.0,1591,1524,,0,0,FAIL
1770.862,2,FAIL,0,0,NO_ORIGIN,0,0,1,1,1,1,0,0.0,,,,,0.0,1591,1524,,0,0,FAIL
1770.912,2,FAIL,0,0,NO_ORIGIN,0,0,1,1,1,1,0,0.0,,,,,0.0,1591,1524,,0,0,FAIL
1770.964,2,FAIL,0,0,NO_ORIGIN,0,0,1,1,1,1,0,0.0,,,,,0.0,1591,1524,,0,0,FAIL
1771.014,2,FAIL,0,0,NO_ORIGIN,0,0,1,1,1,1,0,0.0,,,,,0.0,1591,1524,,0,0,FAIL
1771.064,2,FAIL,0,0,NO_ORIGIN,0,0,1,1,1,1,0,0.0,,,,,0.0,1591,1524,,0,0,FAIL
1771.114,2,FAIL,0,0,NO_ORIGIN,0,0,1,1,1,1,0,0.0,,,,,0.0,1591,1524,,0,0,FAIL
1771.165,2,FAIL,0,0,NO_ORIGIN,0,0,1,1,1,1,0,0.0,,,,,0.0,1591,1524,,0,0,FAIL
1771.215,2,FAIL,0,0,NO_ORIGIN,0,0,1,1,1,1,0,0.0,,,,,0.0,1591,1524,,0,0,FAIL
1771.267,2,FAIL,0,0,NO_ORIGIN,0,0,1,1,1,1,0,0.0,,,,,0.0,1591,1524,,0,0,FAIL
1771.318,2,FAIL,0,0,NO_ORIGIN,0,0,1,1,1,1,0,0.0,,,,,0.0,1591,1524,,0,0,FAIL
1771.368,2,FAIL,0,0,NO_ORIGIN,0,0,1,1,1,1,0,0.0,,,,,0.0,1591,1524,,0,0,FAIL
1771.418,2,FAIL,0,0,NO_ORIGIN,0,0,1,1,1,1,0,0.0,,,,,0.0,1591,1524,,0,0,FAIL
1771.468,2,FAIL,0,0,NO_ORIGIN,0,0,1,1,1,1,0,0.0,,,,,0.0,1591,1524,,0,0,FAIL
1771.519,2,FAIL,0,0,NO_ORIGIN,0,0,1,1,1,1,0,0.0,,,,,0.0,1591,1524,,0,0,FAIL
1771.569,2,FAIL,0,0,NO_ORIGIN,0,0,1,1,1,1,0,0.0,,,,,0.0,1591,1524,,0,0,FAIL
1771.619,2,FAIL,0,0,NO_ORIGIN,0,0,1,1,1,1,0,0.0,,,,,0.0,1591,1524,,0,0,FAIL
1771.669,2,FAIL,0,0,NO_ORIGIN,0,0,1,1,1,1,0,0.0,,,,,0.0,1591,1524,,0,0,FAIL
1771.719,2,FAIL,0,0,NO_ORIGIN,0,0,1,1,1,1,0,0.0,,,,,0.0,1591,1524,,0,0,FAIL
1771.77,2,FAIL,0,0,NO_ORIGIN,0,0,1,1,1,1,0,0.0,,,,,0.0,1591,1524,,0,0,FAIL
1771.82,2,FAIL,0,0,NO_ORIGIN,0,0,1,1,1,1,0,0.0,,,,,0.0,1591,1524,,0,0,FAIL
1771.87,2,FAIL,0,0,NO_ORIGIN,0,0,1,1,1,1,0,0.0,,,,,0.0,1591,1524,,0,0,FAIL
1771.92,2,FAIL,0,0,NO_ORIGIN,0,0,1,1,1,1,0,0.0,,,,,0.0,1591,1524,,0,0,FAIL
1771.97,2,FAIL,0,0,NO_ORIGIN,0,0,1,1,1,1,0,0.0,,,,,0.0,1591,1524,,0,0,FAIL
1772.02,2,FAIL,0,0,NO_ORIGIN,0,0,1,1,1,1,0,0.0,,,,,0.0,1591,1524,,0,0,FAIL
1772.071,2,FAIL,0,0,NO_ORIGIN,0,0,1,1,1,1,0,0.0,,,,,0.0,1591,1524,,0,0,FAIL
1772.121,2,FAIL,0,0,NO_ORIGIN,0,0,1,1,1,1,0,0.0,,,,,0.0,1591,1524,,0,0,FAIL
1772.171,2,FAIL,0,0,NO_ORIGIN,0,0,1,1,1,1,0,0.0,,,,,0.0,1591,1524,,0,0,FAIL
1772.221,2,FAIL,0,0,NO_ORIGIN,0,0,1,1,1,1,0,0.0,,,,,0.0,1591,1524,,0,0,FAIL
1772.271,2,FAIL,0,0,NO_ORIGIN,0,0,1,1,1,1,0,0.0,,,,,0.0,1591,1524,,0,0,FAIL
1772.321,2,FAIL,0,0,NO_ORIGIN,0,0,1,1,1,1,0,0.0,,,,,0.0,1591,1524,,0,0,FAIL
1772.372,2,FAIL,0,0,NO_ORIGIN,0,0,1,1,1,1,0,0.0,,,,,0.0,1591,1524,,0,0,FAIL
1772.422,2,FAIL,0,0,NO_ORIGIN,0,0,1,1,1,1,0,0.0,,,,,0.0,1591,1524,,0,0,FAIL
1772.472,2,FAIL,0,0,NO_ORIGIN,0,0,1,1,1,1,0,0.0,,,,,0.0,1591,1524,,0,0,FAIL
1772.522,2,FAIL,0,0,NO_ORIGIN,0,0,1,1,1,1,0,0.0,,,,,0.0,1591,1524,,0,0,FAIL
1772.575,2,FAIL,0,0,NO_ORIGIN,0,0,1,1,1,1,0,0.0,,,,,0.0,1591,1524,,0,0,FAIL
1772.625,2,FAIL,0,0,NO_ORIGIN,0,0,1,1,1,1,0,0.0,,,,,0.0,1591,1524,,0,0,FAIL
1772.675,2,FAIL,0,0,NO_ORIGIN,0,0,1,1,1,1,0,0.0,,,,,0.0,1591,1524,,0,0,FAIL
1772.726,2,FAIL,0,0,NO_ORIGIN,0,0,1,1,1,1,0,0.0,,,,,0.0,1591,1524,,0,0,FAIL
1772.776,2,FAIL,0,0,NO_ORIGIN,0,0,1,1,1,1,0,0.0,,,,,0.0,1591,1524,,0,0,FAIL
1772.826,2,FAIL,0,0,NO_ORIGIN,0,0,1,1,1,1,0,0.0,,,,,0.0,1591,1524,,0,0,FAIL
1772.876,2,FAIL,0,0,NO_ORIGIN,0,0,1,1,1,1,0,0.0,,,,,0.0,1591,1524,,0,0,FAIL
1772.926,2,FAIL,0,0,NO_ORIGIN,0,0,1,1,1,1,0,0.0,,,,,0.0,1591,1524,,0,0,FAIL
1772.977,2,FAIL,0,0,NO_ORIGIN,0,0,1,1,1,1,0,0.0,,,,,0.0,1591,1524,,0,0,FAIL
1773.027,2,FAIL,0,0,NO_ORIGIN,0,0,1,1,1,1,0,0.0,,,,,0.0,1591,1524,,0,0,FAIL
1773.077,2,FAIL,0,0,NO_ORIGIN,0,0,1,1,1,1,0,0.0,,,,,0.0,1591,1524,,0,0,FAIL
1773.128,2,FAIL,0,0,NO_ORIGIN,0,0,1,1,1,1,0,0.0,,,,,0.0,1591,1524,,0,0,FAIL
1773.179,2,FAIL,0,0,NO_ORIGIN,0,0,1,1,1,1,0,0.0,,,,,0.0,1591,1524,,0,0,FAIL
1773.229,2,FAIL,0,0,NO_ORIGIN,0,0,1,1,1,1,0,0.0,,,,,0.0,1591,1524,,0,0,FAIL
1773.279,2,FAIL,0,0,NO_ORIGIN,0,0,1,1,1,1,0,0.0,,,,,0.0,1591,1524,,0,0,FAIL
1773.329,2,FAIL,0,0,NO_ORIGIN,0,0,1,1,1,1,0,0.0,,,,,0.0,1591,1524,,0,0,FAIL
1773.382,2,FAIL,0,0,NO_ORIGIN,0,0,1,1,1,1,0,0.0,,,,,0.0,1591,1524,,0,0,FAIL
1773.432,2,FAIL,0,0,NO_ORIGIN,0,0,1,1,1,1,0,0.0,,,,,0.0,1591,1524,,0,0,FAIL
1773.483,2,FAIL,0,0,NO_ORIGIN,0,0,1,1,1,1,0,0.0,,,,,0.0,1591,1524,,0,0,FAIL
1773.534,2,FAIL,0,0,NO_ORIGIN,0,0,1,1,1,1,0,0.0,,,,,0.0,1591,1524,,0,0,FAIL
1773.585,2,FAIL,0,0,NO_ORIGIN,0,0,1,1,1,1,0,0.0,,,,,0.0,1591,1524,,0,0,FAIL
1773.635,2,FAIL,0,0,NO_ORIGIN,0,0,1,1,1,1,0,0.0,,,,,0.0,1591,1524,,0,0,FAIL
1773.685,2,FAIL,0,0,NO_ORIGIN,0,0,1,1,1,1,0,0.0,,,,,0.0,1591,1524,,0,0,FAIL
1773.736,2,FAIL,0,0,NO_ORIGIN,0,0,1,1,1,1,0,0.0,,,,,0.0,1591,1524,,0,0,FAIL
1773.786,2,FAIL,0,0,NO_ORIGIN,0,0,1,1,1,1,0,0.0,,,,,0.0,1591,1524,,0,0,FAIL
1773.836,2,FAIL,0,0,NO_ORIGIN,0,0,1,1,1,1,0,0.0,,,,,0.0,1591,1524,,0,0,FAIL
1773.886,2,FAIL,0,0,NO_ORIGIN,0,0,1,1,1,1,0,0.0,,,,,0.0,1591,1524,,0,0,FAIL
1773.937,2,FAIL,0,0,NO_ORIGIN,0,0,1,1,1,1,0,0.0,,,,,0.0,1591,1524,,0,0,FAIL
1773.987,2,FAIL,0,0,NO_ORIGIN,0,0,1,1,1,1,0,0.0,,,,,0.0,1591,1524,,0,0,FAIL
1774.037,2,FAIL,0,0,NO_ORIGIN,0,0,1,1,1,1,0,0.0,,,,,0.0,1591,1524,,0,0,FAIL
1774.087,2,FAIL,0,0,NO_ORIGIN,0,0,1,1,1,1,0,0.0,,,,,0.0,1591,1524,,0,0,FAIL
1774.137,2,FAIL,0,0,NO_ORIGIN,0,0,1,1,1,1,0,0.0,,,,,0.0,1591,1524,,0,0,FAIL
1774.188,2,FAIL,0,0,NO_ORIGIN,0,0,1,1,1,1,0,0.0,,,,,0.0,1591,1524,,0,0,FAIL
1774.238,2,FAIL,0,0,NO_ORIGIN,0,0,1,1,1,1,0,0.0,,,,,0.0,1591,1524,,0,0,FAIL
1774.288,2,FAIL,0,0,NO_ORIGIN,0,0,1,1,1,1,0,0.0,,,,,0.0,1591,1524,,0,0,FAIL
1774.338,2,FAIL,0,0,NO_ORIGIN,0,0,1,1,1,1,0,0.0,,,,,0.0,1591,1524,,0,0,FAIL
1774.389,2,FAIL,0,0,NO_ORIGIN,0,0,1,1,1,1,0,0.0,,,,,0.0,1591,1524,,0,0,FAIL
1774.439,2,FAIL,0,0,NO_ORIGIN,0,0,1,1,1,1,0,0.0,,,,,0.0,1591,1524,,0,0,FAIL
1774.489,2,FAIL,0,0,NO_ORIGIN,0,0,1,1,1,1,0,0.0,,,,,0.0,1591,1524,,0,0,FAIL
1774.539,2,FAIL,0,0,NO_ORIGIN,0,0,1,1,1,1,0,0.0,,,,,0.0,1591,1524,,0,0,FAIL
1774.589,2,FAIL,0,0,NO_ORIGIN,0,0,1,1,1,1,0,0.0,,,,,0.0,1591,1524,,0,0,FAIL
1774.639,2,FAIL,0,0,NO_ORIGIN,0,0,1,1,1,1,0,0.0,,,,,0.0,1591,1524,,0,0,FAIL
1774.69,2,FAIL,0,0,NO_ORIGIN,0,0,1,1,1,1,0,0.0,,,,,0.0,1591,1524,,0,0,FAIL
1774.74,2,FAIL,0,0,NO_ORIGIN,0,0,1,1,1,1,0,0.0,,,,,0.0,1591,1524,,0,0,FAIL
1774.79,2,FAIL,0,0,NO_ORIGIN,0,0,1,1,1,1,0,0.0,,,,,0.0,1591,1524,,0,0,FAIL
1774.84,2,FAIL,0,0,NO_ORIGIN,0,0,1,1,1,1,0,0.0,,,,,0.0,1591,1524,,0,0,FAIL
1774.89,2,FAIL,0,0,NO_ORIGIN,0,0,1,1,1,1,0,0.0,,,,,0.0,1591,1524,,0,0,FAIL
1774.941,2,FAIL,0,0,NO_ORIGIN,0,0,1,1,1,1,0,0.0,,,,,0.0,1591,1524,,0,0,FAIL
1774.991,2,FAIL,0,0,NO_ORIGIN,0,0,1,1,1,1,0,0.0,,,,,0.0,1591,1524,,0,0,FAIL
1775.041,2,FAIL,0,0,NO_ORIGIN,0,0,1,1,1,1,0,0.0,,,,,0.0,1591,1524,,0,0,FAIL
1775.092,2,FAIL,0,0,NO_ORIGIN,0,0,1,1,1,1,0,0.0,,,,,0.0,1591,1524,,0,0,FAIL
1775.142,2,FAIL,0,0,NO_ORIGIN,0,0,1,1,1,1,0,0.0,,,,,0.0,1591,1524,,0,0,FAIL
1775.193,2,FAIL,0,0,NO_ORIGIN,0,0,1,1,1,1,0,0.0,,,,,0.0,1591,1524,,0,0,FAIL
1775.244,2,FAIL,0,0,NO_ORIGIN,0,0,1,1,1,1,0,0.0,,,,,0.0,1591,1524,,0,0,FAIL
1775.295,2,FAIL,0,0,NO_ORIGIN,0,0,1,1,1,1,0,0.0,,,,,0.0,1591,1524,,0,0,FAIL
1775.345,2,FAIL,0,0,NO_ORIGIN,0,0,1,1,1,1,0,0.0,,,,,0.0,1591,1524,,0,0,FAIL
1775.397,2,FAIL,0,0,NO_ORIGIN,0,0,1,1,1,1,0,0.0,,,,,0.0,1591,1524,,0,0,FAIL
1775.447,2,FAIL,0,0,NO_ORIGIN,0,0,1,1,1,1,0,0.0,,,,,0.0,1591,1524,,0,0,FAIL
1775.498,2,FAIL,0,0,NO_ORIGIN,0,0,1,1,1,1,0,0.0,,,,,0.0,1591,1524,,0,0,FAIL
1775.548,2,FAIL,0,0,NO_ORIGIN,0,0,1,1,1,1,0,0.0,,,,,0.0,1591,1524,,0,0,FAIL
1775.598,2,FAIL,0,0,NO_ORIGIN,0,0,1,1,1,1,0,0.0,,,,,0.0,1591,1524,,0,0,FAIL
1775.648,2,FAIL,0,0,NO_ORIGIN,0,0,1,1,1,1,0,0.0,,,,,0.0,1591,1524,,0,0,FAIL
1775.699,2,FAIL,0,0,NO_ORIGIN,0,0,1,1,1,1,0,0.0,,,,,0.0,1591,1524,,0,0,FAIL
1775.75,2,FAIL,0,0,NO_ORIGIN,0,0,1,1,1,1,0,0.0,,,,,0.0,1591,1524,,0,0,FAIL
1775.8,2,FAIL,0,0,NO_ORIGIN,0,0,1,1,1,1,0,0.0,,,,,0.0,1591,1524,,0,0,FAIL
1775.85,2,FAIL,0,0,NO_ORIGIN,0,0,1,1,1,1,0,0.0,,,,,0.0,1591,1524,,0,0,FAIL
1775.901,2,FAIL,0,0,NO_ORIGIN,0,0,1,1,1,1,0,0.0,,,,,0.0,1591,1524,,0,0,FAIL
1775.951,2,FAIL,0,0,NO_ORIGIN,0,0,1,1,1,1,0,0.0,,,,,0.0,1591,1524,,0,0,FAIL
1776.001,2,FAIL,0,0,NO_ORIGIN,0,0,1,1,1,1,0,0.0,,,,,0.0,1591,1524,,0,0,FAIL
1776.051,2,FAIL,0,0,NO_ORIGIN,0,0,1,1,1,1,0,0.0,,,,,0.0,1591,1524,,0,0,FAIL
1776.101,2,FAIL,0,0,NO_ORIGIN,0,0,1,1,1,1,0,0.0,,,,,0.0,1591,1524,,0,0,FAIL
1776.152,2,FAIL,0,0,NO_ORIGIN,0,0,1,1,1,1,0,0.0,,,,,0.0,1591,1524,,0,0,FAIL
1776.202,2,FAIL,0,0,NO_ORIGIN,0,0,1,1,1,1,0,0.0,,,,,0.0,1591,1524,,0,0,FAIL
1776.252,2,FAIL,0,0,NO_ORIGIN,0,0,1,1,1,1,0,0.0,,,,,0.0,1591,1524,,0,0,FAIL
1776.302,2,FAIL,0,0,NO_ORIGIN,0,0,1,1,1,1,0,0.0,,,,,0.0,1591,1524,,0,0,FAIL
1776.352,2,FAIL,0,0,NO_ORIGIN,0,0,1,1,1,1,0,0.0,,,,,0.0,1591,1524,,0,0,FAIL
1776.403,2,FAIL,0,0,NO_ORIGIN,0,0,1,1,1,1,0,0.0,,,,,0.0,1591,1524,,0,0,FAIL
1776.453,2,FAIL,0,0,NO_ORIGIN,0,0,1,1,1,1,0,0.0,,,,,0.0,1591,1524,,0,0,FAIL
1776.503,2,FAIL,0,0,NO_ORIGIN,0,0,1,1,1,1,0,0.0,,,,,0.0,1591,1524,,0,0,FAIL
1776.553,2,FAIL,0,0,NO_ORIGIN,0,0,1,1,1,1,0,0.0,,,,,0.0,1591,1524,,0,0,FAIL
1776.603,2,FAIL,0,0,NO_ORIGIN,0,0,1,1,1,1,0,0.0,,,,,0.0,1591,1524,,0,0,FAIL
1776.654,2,FAIL,0,0,NO_ORIGIN,0,0,1,1,1,1,0,0.0,,,,,0.0,1591,1524,,0,0,FAIL
1776.704,2,FAIL,0,0,NO_ORIGIN,0,0,1,1,1,1,0,0.0,,,,,0.0,1591,1524,,0,0,FAIL
1776.754,2,FAIL,0,0,NO_ORIGIN,0,0,1,1,1,1,0,0.0,,,,,0.0,1591,1524,,0,0,FAIL
1776.805,2,FAIL,0,0,NO_ORIGIN,0,0,1,1,1,1,0,0.0,,,,,0.0,1591,1524,,0,0,FAIL
1776.855,2,FAIL,0,0,NO_ORIGIN,0,0,1,1,1,1,0,0.0,,,,,0.0,1591,1524,,0,0,FAIL
1776.906,2,FAIL,0,0,NO_ORIGIN,0,0,1,1,1,1,0,0.0,,,,,0.0,1591,1524,,0,0,FAIL
1776.956,2,FAIL,0,0,NO_ORIGIN,0,0,1,1,1,1,0,0.0,,,,,0.0,1591,1524,,0,0,FAIL
1777.007,2,FAIL,0,0,NO_ORIGIN,0,0,1,1,1,1,0,0.0,,,,,0.0,1591,1524,,0,0,FAIL
1777.057,2,FAIL,0,0,NO_ORIGIN,0,0,1,1,1,1,0,0.0,,,,,0.0,1591,1524,,0,0,FAIL
1777.107,2,FAIL,0,0,NO_ORIGIN,0,0,1,1,1,1,0,0.0,,,,,0.0,1591,1524,,0,0,FAIL
1777.157,2,FAIL,0,0,NO_ORIGIN,0,0,1,1,1,1,0,0.0,,,,,0.0,1591,1524,,0,0,FAIL
1777.207,2,FAIL,0,0,NO_ORIGIN,0,0,1,1,1,1,0,0.0,,,,,0.0,1591,1524,,0,0,FAIL
1777.258,2,FAIL,0,0,NO_ORIGIN,0,0,1,1,1,1,0,0.0,,,,,0.0,1591,1524,,0,0,FAIL
1777.308,2,FAIL,0,0,NO_ORIGIN,0,0,1,1,1,1,0,0.0,,,,,0.0,1591,1524,,0,0,FAIL
1777.358,2,FAIL,0,0,NO_ORIGIN,0,0,1,1,1,1,0,0.0,,,,,0.0,1591,1524,,0,0,FAIL
1777.408,2,FAIL,0,0,NO_ORIGIN,0,0,1,1,1,1,0,0.0,,,,,0.0,1591,1524,,0,0,FAIL
1777.458,2,FAIL,0,0,NO_ORIGIN,0,0,1,1,1,1,0,0.0,,,,,0.0,1591,1524,,0,0,FAIL
1777.509,2,FAIL,0,0,NO_ORIGIN,0,0,1,1,1,1,0,0.0,,,,,0.0,1591,1524,,0,0,FAIL
1777.559,2,FAIL,0,0,NO_ORIGIN,0,0,1,1,1,1,0,0.0,,,,,0.0,1591,1524,,0,0,FAIL
1777.609,2,FAIL,0,0,NO_ORIGIN,0,0,1,1,1,1,0,0.0,,,,,0.0,1591,1524,,0,0,FAIL
1777.659,2,FAIL,0,0,NO_ORIGIN,0,0,1,1,1,1,0,0.0,,,,,0.0,1591,1524,,0,0,FAIL
1777.709,2,FAIL,0,0,NO_ORIGIN,0,0,1,1,1,1,0,0.0,,,,,0.0,1591,1524,,0,0,FAIL
1777.759,2,FAIL,0,0,NO_ORIGIN,0,0,1,1,1,1,0,0.0,,,,,0.0,1591,1524,,0,0,FAIL
1777.81,2,FAIL,0,0,NO_ORIGIN,0,0,1,1,1,1,0,0.0,,,,,0.0,1591,1524,,0,0,FAIL
1777.86,2,FAIL,0,0,NO_ORIGIN,0,0,1,1,1,1,0,0.0,,,,,0.0,1591,1524,,0,0,FAIL
1777.91,2,FAIL,0,0,NO_ORIGIN,0,0,1,1,1,1,0,0.0,,,,,0.0,1591,1524,,0,0,FAIL
1777.96,2,FAIL,0,0,NO_ORIGIN,0,0,1,1,1,1,0,0.0,,,,,0.0,1591,1524,,0,0,FAIL
1778.01,2,FAIL,0,0,NO_ORIGIN,0,0,1,1,1,1,0,0.0,,,,,0.0,1591,1524,,0,0,FAIL
1778.061,2,FAIL,0,0,NO_ORIGIN,0,0,1,1,1,1,0,0.0,,,,,0.0,1591,1524,,0,0,FAIL
1778.111,2,FAIL,0,0,NO_ORIGIN,0,0,1,1,1,1,0,0.0,,,,,0.0,1591,1524,,0,0,FAIL
1778.161,2,FAIL,0,0,NO_ORIGIN,0,0,1,1,1,1,0,0.0,,,,,0.0,1591,1524,,0,0,FAIL
1778.211,2,FAIL,0,0,NO_ORIGIN,0,0,1,1,1,1,0,0.0,,,,,0.0,1591,1524,,0,0,FAIL
1778.262,2,FAIL,0,0,NO_ORIGIN,0,0,1,1,1,1,0,0.0,,,,,0.0,1591,1524,,0,0,FAIL
1778.312,2,FAIL,0,0,NO_ORIGIN,0,0,1,1,1,1,0,0.0,,,,,0.0,1591,1524,,0,0,FAIL
1778.363,2,FAIL,0,0,NO_ORIGIN,0,0,1,1,1,1,0,0.0,,,,,0.0,1591,1524,,0,0,FAIL
1778.413,2,FAIL,0,0,NO_ORIGIN,0,0,1,1,1,1,0,0.0,,,,,0.0,1591,1524,,0,0,FAIL
1778.464,2,FAIL,0,0,NO_ORIGIN,0,0,1,1,1,1,0,0.0,,,,,0.0,1591,1524,,0,0,FAIL
1778.515,2,FAIL,0,0,NO_ORIGIN,0,0,1,1,1,1,0,0.0,,,,,0.0,1591,1524,,0,0,FAIL
1778.565,2,FAIL,0,0,NO_ORIGIN,0,0,1,1,1,1,0,0.0,,,,,0.0,1591,1524,,0,0,FAIL
1778.616,2,FAIL,0,0,NO_ORIGIN,0,0,1,1,1,1,0,0.0,,,,,0.0,1591,1524,,0,0,FAIL
1778.667,2,FAIL,0,0,NO_ORIGIN,0,0,1,1,1,1,0,0.0,,,,,0.0,1591,1524,,0,0,FAIL
1778.718,2,FAIL,0,0,NO_ORIGIN,0,0,1,1,1,1,0,0.0,,,,,0.0,1591,1524,,0,0,FAIL
1778.768,2,FAIL,0,0,NO_ORIGIN,0,0,1,1,1,1,0,0.0,,,,,0.0,1591,1524,,0,0,FAIL
1778.818,2,FAIL,0,0,NO_ORIGIN,0,0,1,1,1,1,0,0.0,,,,,0.0,1591,1524,,0,0,FAIL
1778.868,2,FAIL,0,0,NO_ORIGIN,0,0,1,1,1,1,0,0.0,,,,,0.0,1591,1524,,0,0,FAIL
1778.918,2,FAIL,0,0,NO_ORIGIN,0,0,1,1,1,1,0,0.0,,,,,0.0,1591,1524,,0,0,FAIL
1778.969,2,FAIL,0,0,NO_ORIGIN,0,0,1,1,1,1,0,0.0,,,,,0.0,1591,1524,,0,0,FAIL
1779.019,2,FAIL,0,0,NO_ORIGIN,0,0,1,1,1,1,0,0.0,,,,,0.0,1591,1524,,0,0,FAIL
1779.069,2,FAIL,0,0,NO_ORIGIN,0,0,1,1,1,1,0,0.0,,,,,0.0,1591,1524,,0,0,FAIL
1779.119,2,FAIL,0,0,NO_ORIGIN,0,0,1,1,1,1,0,0.0,,,,,0.0,1591,1524,,0,0,FAIL
1779.169,2,FAIL,0,0,NO_ORIGIN,0,0,1,1,1,1,0,0.0,,,,,0.0,1591,1524,,0,0,FAIL
1779.219,2,FAIL,0,0,NO_ORIGIN,0,0,1,1,1,1,0,0.0,,,,,0.0,1591,1524,,0,0,FAIL
1779.27,2,FAIL,0,0,NO_ORIGIN,0,0,1,1,1,1,0,0.0,,,,,0.0,1591,1524,,0,0,FAIL
1779.32,2,FAIL,0,0,NO_ORIGIN,0,0,1,1,1,1,0,0.0,,,,,0.0,1591,1524,,0,0,FAIL
1779.37,2,FAIL,0,0,NO_ORIGIN,0,0,1,1,1,1,0,0.0,,,,,0.0,1591,1524,,0,0,FAIL
1779.421,2,FAIL,0,0,NO_ORIGIN,0,0,1,1,1,1,0,0.0,,,,,0.0,1591,1524,,0,0,FAIL
1779.471,2,FAIL,0,0,NO_ORIGIN,0,0,1,1,1,1,0,0.0,,,,,0.0,1591,1524,,0,0,FAIL
1779.521,2,FAIL,0,0,NO_ORIGIN,0,0,1,1,1,1,0,0.0,,,,,0.0,1591,1524,,0,0,FAIL
1779.572,2,FAIL,0,0,NO_ORIGIN,0,0,1,1,1,1,0,0.0,,,,,0.0,1591,1524,,0,0,FAIL
1779.623,2,FAIL,0,0,NO_ORIGIN,0,0,1,1,1,1,0,0.0,,,,,0.0,1591,1524,,0,0,FAIL
1779.674,2,FAIL,0,0,NO_ORIGIN,0,0,1,1,1,1,0,0.0,,,,,0.0,1591,1524,,0,0,FAIL
1779.724,2,FAIL,0,0,NO_ORIGIN,0,0,1,1,1,1,0,0.0,,,,,0.0,1591,1524,,0,0,FAIL
1779.774,2,FAIL,0,0,NO_ORIGIN,0,0,1,1,1,1,0,0.0,,,,,0.0,1591,1524,,0,0,FAIL
1779.824,2,FAIL,0,0,NO_ORIGIN,0,0,1,1,1,1,0,0.0,,,,,0.0,1591,1524,,0,0,FAIL
1779.874,2,FAIL,0,0,NO_ORIGIN,0,0,1,1,1,1,0,0.0,,,,,0.0,1591,1524,,0,0,FAIL
1779.924,2,FAIL,0,0,NO_ORIGIN,0,0,1,1,1,1,0,0.0,,,,,0.0,1591,1524,,0,0,FAIL
1779.975,2,FAIL,0,0,NO_ORIGIN,0,0,1,1,1,1,0,0.0,,,,,0.0,1591,1524,,0,0,FAIL
1780.025,2,FAIL,0,0,NO_ORIGIN,0,0,1,1,1,1,0,0.0,,,,,0.0,1591,1524,,0,0,FAIL
1780.075,2,FAIL,0,0,NO_ORIGIN,0,0,1,1,1,1,0,0.0,,,,,0.0,1591,1524,,0,0,FAIL
1780.125,2,FAIL,0,0,NO_ORIGIN,0,0,1,1,1,1,0,0.0,,,,,0.0,1591,1524,,0,0,FAIL
1780.176,2,FAIL,0,0,NO_ORIGIN,0,0,1,1,1,1,0,0.0,,,,,0.0,1591,1524,,0,0,FAIL
1780.226,2,FAIL,0,0,NO_ORIGIN,0,0,1,1,1,1,0,0.0,,,,,0.0,1591,1524,,0,0,FAIL
1780.276,2,FAIL,0,0,NO_ORIGIN,0,0,1,1,1,1,0,0.0,,,,,0.0,1591,1524,,0,0,FAIL
1780.327,2,FAIL,0,0,NO_ORIGIN,0,0,1,1,1,1,0,0.0,,,,,0.0,1591,1524,,0,0,FAIL
1780.377,2,FAIL,0,0,NO_ORIGIN,0,0,1,1,1,1,0,0.0,,,,,0.0,1591,1524,,0,0,FAIL
1780.432,2,FAIL,0,0,NO_ORIGIN,0,0,1,1,1,1,0,0.0,,,,,0.0,1591,1524,,0,0,FAIL
1780.482,2,FAIL,0,0,NO_ORIGIN,0,0,1,1,1,1,0,0.0,,,,,0.0,1591,1524,,0,0,FAIL
1780.532,2,FAIL,0,0,NO_ORIGIN,0,0,1,1,1,1,0,0.0,,,,,0.0,1591,1524,,0,0,FAIL
1780.582,2,FAIL,0,0,NO_ORIGIN,0,0,1,1,1,1,0,0.0,,,,,0.0,1591,1524,,0,0,FAIL
1780.633,2,FAIL,0,0,NO_ORIGIN,0,0,1,1,1,1,0,0.0,,,,,0.0,1591,1524,,0,0,FAIL
1780.683,2,FAIL,0,0,NO_ORIGIN,0,0,1,1,1,1,0,0.0,,,,,0.0,1591,1524,,0,0,FAIL
1780.733,2,FAIL,0,0,NO_ORIGIN,0,0,1,1,1,1,0,0.0,,,,,0.0,1591,1524,,0,0,FAIL
1780.783,2,FAIL,0,0,NO_ORIGIN,0,0,1,1,1,1,0,0.0,,,,,0.0,1591,1524,,0,0,FAIL
1780.835,2,FAIL,0,0,NO_ORIGIN,0,0,1,1,1,1,0,0.0,,,,,0.0,1591,1524,,0,0,FAIL
1780.885,2,FAIL,0,0,NO_ORIGIN,0,0,1,1,1,1,0,0.0,,,,,0.0,1591,1524,,0,0,FAIL
1780.935,2,FAIL,0,0,NO_ORIGIN,0,0,1,1,1,1,0,0.0,,,,,0.0,1591,1524,,0,0,FAIL
1780.986,2,FAIL,0,0,NO_ORIGIN,0,0,1,1,1,1,0,0.0,,,,,0.0,1591,1524,,0,0,FAIL
1781.037,2,FAIL,0,0,NO_ORIGIN,0,0,1,1,1,1,0,0.0,,,,,0.0,1591,1524,,0,0,FAIL
1781.087,2,FAIL,0,0,NO_ORIGIN,0,0,1,1,1,1,0,0.0,,,,,0.0,1591,1524,,0,0,FAIL
1781.137,2,FAIL,0,0,NO_ORIGIN,0,0,1,1,1,1,0,0.0,,,,,0.0,1591,1524,,0,0,FAIL
1781.19,2,FAIL,0,0,NO_ORIGIN,0,0,1,1,1,1,0,0.0,,,,,0.0,1591,1524,,0,0,FAIL
1781.24,2,FAIL,0,0,NO_ORIGIN,0,0,1,1,1,1,0,0.0,,,,,0.0,1591,1524,,0,0,FAIL
1781.29,2,FAIL,0,0,NO_ORIGIN,0,0,1,1,1,1,0,0.0,,,,,0.0,1591,1524,,0,0,FAIL
1781.34,2,FAIL,0,0,NO_ORIGIN,0,0,1,1,1,1,0,0.0,,,,,0.0,1591,1524,,0,0,FAIL
1781.39,2,FAIL,0,0,NO_ORIGIN,0,0,1,1,1,1,0,0.0,,,,,0.0,1591,1524,,0,0,FAIL
1781.441,2,FAIL,0,0,NO_ORIGIN,0,0,1,1,1,1,0,0.0,,,,,0.0,1591,1524,,0,0,FAIL
1781.492,2,FAIL,0,0,NO_ORIGIN,0,0,1,1,1,1,0,0.0,,,,,0.0,1591,1524,,0,0,FAIL
1781.542,2,FAIL,0,0,NO_ORIGIN,0,0,1,1,1,1,0,0.0,,,,,0.0,1591,1524,,0,0,FAIL
1781.593,2,FAIL,0,0,NO_ORIGIN,0,0,1,1,1,1,0,0.0,,,,,0.0,1591,1524,,0,0,FAIL
1781.643,2,FAIL,0,0,NO_ORIGIN,0,0,1,1,1,1,0,0.0,,,,,0.0,1591,1524,,0,0,FAIL
1781.693,2,FAIL,0,0,NO_ORIGIN,0,0,1,1,1,1,0,0.0,,,,,0.0,1591,1524,,0,0,FAIL
1781.743,2,FAIL,0,0,NO_ORIGIN,0,0,1,1,1,1,0,0.0,,,,,0.0,1591,1524,,0,0,FAIL
1781.795,2,FAIL,0,0,NO_ORIGIN,0,0,1,1,1,1,0,0.0,,,,,0.0,1591,1524,,0,0,FAIL
1781.846,2,FAIL,0,0,NO_ORIGIN,0,0,1,1,1,1,0,0.0,,,,,0.0,1591,1524,,0,0,FAIL
1781.896,2,FAIL,0,0,NO_ORIGIN,0,0,1,1,1,1,0,0.0,,,,,0.0,1591,1524,,0,0,FAIL
1781.946,2,FAIL,0,0,NO_ORIGIN,0,0,1,1,1,1,0,0.0,,,,,0.0,1591,1524,,0,0,FAIL
1781.996,2,FAIL,0,0,NO_ORIGIN,0,0,1,1,1,1,0,0.0,,,,,0.0,1591,1524,,0,0,FAIL
1782.046,2,FAIL,0,0,NO_ORIGIN,0,0,1,1,1,1,0,0.0,,,,,0.0,1591,1524,,0,0,FAIL
1782.097,2,FAIL,0,0,NO_ORIGIN,0,0,1,1,1,1,0,0.0,,,,,0.0,1591,1524,,0,0,FAIL
1782.147,2,FAIL,0,0,NO_ORIGIN,0,0,1,1,1,1,0,0.0,,,,,0.0,1591,1524,,0,0,FAIL
1782.197,2,FAIL,0,0,NO_ORIGIN,0,0,1,1,1,1,0,0.0,,,,,0.0,1591,1524,,0,0,FAIL
1782.247,2,FAIL,0,0,NO_ORIGIN,0,0,1,1,1,1,0,0.0,,,,,0.0,1591,1524,,0,0,FAIL
1782.297,2,FAIL,0,0,NO_ORIGIN,0,0,1,1,1,1,0,0.0,,,,,0.0,1591,1524,,0,0,FAIL
1782.348,2,FAIL,0,0,NO_ORIGIN,0,0,1,1,1,1,0,0.0,,,,,0.0,1591,1524,,0,0,FAIL
1782.398,2,FAIL,0,0,NO_ORIGIN,0,0,1,1,1,1,0,0.0,,,,,0.0,1591,1524,,0,0,FAIL
1782.448,2,FAIL,0,0,NO_ORIGIN,0,0,1,1,1,1,0,0.0,,,,,0.0,1591,1524,,0,0,FAIL
1782.498,2,FAIL,0,0,NO_ORIGIN,0,0,1,1,1,1,0,0.0,,,,,0.0,1591,1524,,0,0,FAIL
1782.548,2,FAIL,0,0,NO_ORIGIN,0,0,1,1,1,1,0,0.0,,,,,0.0,1591,1524,,0,0,FAIL
1782.598,2,FAIL,0,0,NO_ORIGIN,0,0,1,1,1,1,0,0.0,,,,,0.0,1591,1524,,0,0,FAIL
1782.649,2,FAIL,0,0,NO_ORIGIN,0,0,1,1,1,1,0,0.0,,,,,0.0,1591,1524,,0,0,FAIL
1782.699,2,FAIL,0,0,NO_ORIGIN,0,0,1,1,1,1,0,0.0,,,,,0.0,1591,1524,,0,0,FAIL
1782.749,2,FAIL,0,0,NO_ORIGIN,0,0,1,1,1,1,0,0.0,,,,,0.0,1591,1524,,0,0,FAIL
1782.799,2,FAIL,0,0,NO_ORIGIN,0,0,1,1,1,1,0,0.0,,,,,0.0,1591,1524,,0,0,FAIL
1782.849,2,FAIL,0,0,NO_ORIGIN,0,0,1,1,1,1,0,0.0,,,,,0.0,1591,1524,,0,0,FAIL
1782.899,2,FAIL,0,0,NO_ORIGIN,0,0,1,1,1,1,0,0.0,,,,,0.0,1591,1524,,0,0,FAIL
1782.95,2,FAIL,0,0,NO_ORIGIN,0,0,1,1,1,1,0,0.0,,,,,0.0,1591,1524,,0,0,FAIL
1783.0,2,FAIL,0,0,NO_ORIGIN,0,0,1,1,1,1,0,0.0,,,,,0.0,1591,1524,,0,0,FAIL
1783.051,2,FAIL,0,0,NO_ORIGIN,0,0,1,1,1,1,0,0.0,,,,,0.0,1591,1524,,0,0,FAIL
1783.101,2,FAIL,0,0,NO_ORIGIN,0,0,1,1,1,1,0,0.0,,,,,0.0,1591,1524,,0,0,FAIL
1783.151,2,FAIL,0,0,NO_ORIGIN,0,0,1,1,1,1,0,0.0,,,,,0.0,1591,1524,,0,0,FAIL
1783.201,2,FAIL,0,0,NO_ORIGIN,0,0,1,1,1,1,0,0.0,,,,,0.0,1591,1524,,0,0,FAIL
1783.252,2,FAIL,0,0,NO_ORIGIN,0,0,1,1,1,1,0,0.0,,,,,0.0,1591,1524,,0,0,FAIL
1783.302,2,FAIL,0,0,NO_ORIGIN,0,0,1,1,1,1,0,0.0,,,,,0.0,1591,1524,,0,0,FAIL
1783.353,2,FAIL,0,0,NO_ORIGIN,0,0,1,1,1,1,0,0.0,,,,,0.0,1591,1524,,0,0,FAIL
1783.403,2,FAIL,0,0,NO_ORIGIN,0,0,1,1,1,1,0,0.0,,,,,0.0,1591,1524,,0,0,FAIL
1783.455,2,FAIL,0,0,NO_ORIGIN,0,0,1,1,1,1,0,0.0,,,,,0.0,1591,1524,,0,0,FAIL
1783.505,2,FAIL,0,0,NO_ORIGIN,0,0,1,1,1,1,0,0.0,,,,,0.0,1591,1524,,0,0,FAIL
1783.559,2,FAIL,0,0,NO_ORIGIN,0,0,1,1,1,1,0,0.0,,,,,0.0,1591,1524,,0,0,FAIL
1783.609,2,FAIL,0,0,NO_ORIGIN,0,0,1,1,1,1,0,0.0,,,,,0.0,1591,1524,,0,0,FAIL
1783.66,2,FAIL,0,0,NO_ORIGIN,0,0,1,1,1,1,0,0.0,,,,,0.0,1591,1524,,0,0,FAIL
1783.71,2,FAIL,0,0,NO_ORIGIN,0,0,1,1,1,1,0,0.0,,,,,0.0,1591,1524,,0,0,FAIL
1783.761,2,FAIL,0,0,NO_ORIGIN,0,0,1,1,1,1,0,0.0,,,,,0.0,1591,1524,,0,0,FAIL
1783.811,2,FAIL,0,0,NO_ORIGIN,0,0,1,1,1,1,0,0.0,,,,,0.0,1591,1524,,0,0,FAIL
1783.862,2,FAIL,0,0,NO_ORIGIN,0,0,1,1,1,1,0,0.0,,,,,0.0,1591,1524,,0,0,FAIL
1783.912,2,FAIL,0,0,NO_ORIGIN,0,0,1,1,1,1,0,0.0,,,,,0.0,1591,1524,,0,0,FAIL
1783.965,2,FAIL,0,0,NO_ORIGIN,0,0,1,1,1,1,0,0.0,,,,,0.0,1591,1524,,0,0,FAIL
1784.015,2,FAIL,0,0,NO_ORIGIN,0,0,1,1,1,1,0,0.0,,,,,0.0,1591,1524,,0,0,FAIL
1784.068,2,FAIL,0,0,NO_ORIGIN,0,0,1,1,1,1,0,0.0,,,,,0.0,1591,1524,,0,0,FAIL
1784.118,2,FAIL,0,0,NO_ORIGIN,0,0,1,1,1,1,0,0.0,,,,,0.0,1591,1524,,0,0,FAIL
1784.168,2,FAIL,0,0,NO_ORIGIN,0,0,1,1,1,1,0,0.0,,,,,0.0,1591,1524,,0,0,FAIL
1784.219,2,FAIL,0,0,NO_ORIGIN,0,0,1,1,1,1,0,0.0,,,,,0.0,1591,1524,,0,0,FAIL
1784.269,2,FAIL,0,0,NO_ORIGIN,0,0,1,1,1,1,0,0.0,,,,,0.0,1591,1524,,0,0,FAIL
1784.319,2,FAIL,0,0,NO_ORIGIN,0,0,1,1,1,1,0,0.0,,,,,0.0,1591,1524,,0,0,FAIL
1784.37,2,FAIL,0,0,NO_ORIGIN,0,0,1,1,1,1,0,0.0,,,,,0.0,1591,1524,,0,0,FAIL
1784.421,2,FAIL,0,0,NO_ORIGIN,0,0,1,1,1,1,0,0.0,,,,,0.0,1591,1524,,0,0,FAIL
1784.473,2,FAIL,0,0,NO_ORIGIN,0,0,1,1,1,1,0,0.0,,,,,0.0,1591,1524,,0,0,FAIL
1784.524,2,FAIL,0,0,NO_ORIGIN,0,0,1,1,1,1,0,0.0,,,,,0.0,1591,1524,,0,0,FAIL
1784.576,2,FAIL,0,0,NO_ORIGIN,0,0,1,1,1,1,0,0.0,,,,,0.0,1591,1524,,0,0,FAIL
1784.626,2,FAIL,0,0,NO_ORIGIN,0,0,1,1,1,1,0,0.0,,,,,0.0,1591,1524,,0,0,FAIL
1784.677,2,FAIL,0,0,NO_ORIGIN,0,0,1,1,1,1,0,0.0,,,,,0.0,1591,1524,,0,0,FAIL
1784.728,2,FAIL,0,0,NO_ORIGIN,0,0,1,1,1,1,0,0.0,,,,,0.0,1591,1524,,0,0,FAIL
1784.778,2,FAIL,0,0,NO_ORIGIN,0,0,1,1,1,1,0,0.0,,,,,0.0,1591,1524,,0,0,FAIL
1784.828,2,FAIL,0,0,NO_ORIGIN,0,0,1,1,1,1,0,0.0,,,,,0.0,1591,1524,,0,0,FAIL
1784.879,2,FAIL,0,0,NO_ORIGIN,0,0,1,1,1,1,0,0.0,,,,,0.0,1591,1524,,0,0,FAIL
1784.93,2,FAIL,0,0,NO_ORIGIN,0,0,1,1,1,1,0,0.0,,,,,0.0,1591,1524,,0,0,FAIL
1784.98,2,FAIL,0,0,NO_ORIGIN,0,0,1,1,1,1,0,0.0,,,,,0.0,1591,1524,,0,0,FAIL
1785.031,2,FAIL,0,0,NO_ORIGIN,0,0,1,1,1,1,0,0.0,,,,,0.0,1591,1524,,0,0,FAIL
1785.081,2,FAIL,0,0,NO_ORIGIN,0,0,1,1,1,1,0,0.0,,,,,0.0,1591,1524,,0,0,FAIL
1785.132,2,FAIL,0,0,NO_ORIGIN,0,0,1,1,1,1,0,0.0,,,,,0.0,1591,1524,,0,0,FAIL
1785.182,2,FAIL,0,0,NO_ORIGIN,0,0,1,1,1,1,0,0.0,,,,,0.0,1591,1524,,0,0,FAIL
1785.232,2,FAIL,0,0,NO_ORIGIN,0,0,1,1,1,1,0,0.0,,,,,0.0,1591,1524,,0,0,FAIL
1785.282,2,FAIL,0,0,NO_ORIGIN,0,0,1,1,1,1,0,0.0,,,,,0.0,1591,1524,,0,0,FAIL
1785.332,2,FAIL,0,0,NO_ORIGIN,0,0,1,1,1,1,0,0.0,,,,,0.0,1591,1524,,0,0,FAIL
1785.383,2,FAIL,0,0,NO_ORIGIN,0,0,1,1,1,1,0,0.0,,,,,0.0,1591,1524,,0,0,FAIL
1785.433,2,FAIL,0,0,NO_ORIGIN,0,0,1,1,1,1,0,0.0,,,,,0.0,1591,1524,,0,0,FAIL
1785.483,2,FAIL,0,0,NO_ORIGIN,0,0,1,1,1,1,0,0.0,,,,,0.0,1591,1524,,0,0,FAIL
1785.533,2,FAIL,0,0,NO_ORIGIN,0,0,1,1,1,1,0,0.0,,,,,0.0,1591,1524,,0,0,FAIL
1785.583,2,FAIL,0,0,NO_ORIGIN,0,0,1,1,1,1,0,0.0,,,,,0.0,1591,1524,,0,0,FAIL
1785.634,2,FAIL,0,0,NO_ORIGIN,0,0,1,1,1,1,0,0.0,,,,,0.0,1591,1524,,0,0,FAIL
1785.684,2,FAIL,0,0,NO_ORIGIN,0,0,1,1,1,1,0,0.0,,,,,0.0,1591,1524,,0,0,FAIL
1785.734,2,FAIL,0,0,NO_ORIGIN,0,0,1,1,1,1,0,0.0,,,,,0.0,1591,1524,,0,0,FAIL
1785.786,2,FAIL,0,0,NO_ORIGIN,0,0,1,1,1,1,0,0.0,,,,,0.0,1591,1524,,0,0,FAIL
1785.836,2,FAIL,0,0,NO_ORIGIN,0,0,1,1,1,1,0,0.0,,,,,0.0,1591,1524,,0,0,FAIL
1785.887,2,FAIL,0,0,NO_ORIGIN,0,0,1,1,1,1,0,0.0,,,,,0.0,1591,1524,,0,0,FAIL
1785.937,2,FAIL,0,0,NO_ORIGIN,0,0,1,1,1,1,0,0.0,,,,,0.0,1591,1524,,0,0,FAIL
1785.987,2,FAIL,0,0,NO_ORIGIN,0,0,1,1,1,1,0,0.0,,,,,0.0,1591,1524,,0,0,FAIL
1786.037,2,FAIL,0,0,NO_ORIGIN,0,0,1,1,1,1,0,0.0,,,,,0.0,1591,1524,,0,0,FAIL
1786.088,2,FAIL,0,0,NO_ORIGIN,0,0,1,1,1,1,0,0.0,,,,,0.0,1591,1524,,0,0,FAIL
1786.139,2,FAIL,0,0,NO_ORIGIN,0,0,1,1,1,1,0,0.0,,,,,0.0,1591,1524,,0,0,FAIL
1786.189,2,FAIL,0,0,NO_ORIGIN,0,0,1,1,1,1,0,0.0,,,,,0.0,1591,1524,,0,0,FAIL
1786.239,2,FAIL,0,0,NO_ORIGIN,0,0,1,1,1,1,0,0.0,,,,,0.0,1591,1524,,0,0,FAIL
1786.29,2,FAIL,0,0,NO_ORIGIN,0,0,1,1,1,1,0,0.0,,,,,0.0,1591,1524,,0,0,FAIL
1786.34,2,FAIL,0,0,NO_ORIGIN,0,0,1,1,1,1,0,0.0,,,,,0.0,1591,1524,,0,0,FAIL
1786.392,2,FAIL,0,0,NO_ORIGIN,0,0,1,1,1,1,0,0.0,,,,,0.0,1591,1524,,0,0,FAIL
1786.442,2,FAIL,0,0,NO_ORIGIN,0,0,1,1,1,1,0,0.0,,,,,0.0,1591,1524,,0,0,FAIL
1786.492,2,FAIL,0,0,NO_ORIGIN,0,0,1,1,1,1,0,0.0,,,,,0.0,1591,1524,,0,0,FAIL
1786.543,2,FAIL,0,0,NO_ORIGIN,0,0,1,1,1,1,0,0.0,,,,,0.0,1591,1524,,0,0,FAIL
1786.593,2,FAIL,0,0,NO_ORIGIN,0,0,1,1,1,1,0,0.0,,,,,0.0,1591,1524,,0,0,FAIL
1786.643,2,FAIL,0,0,NO_ORIGIN,0,0,1,1,1,1,0,0.0,,,,,0.0,1591,1524,,0,0,FAIL
1786.693,2,FAIL,0,0,NO_ORIGIN,0,0,1,1,1,1,0,0.0,,,,,0.0,1591,1524,,0,0,FAIL
1786.743,2,FAIL,0,0,NO_ORIGIN,0,0,1,1,1,1,0,0.0,,,,,0.0,1591,1524,,0,0,FAIL
1786.793,2,FAIL,0,0,NO_ORIGIN,0,0,1,1,1,1,0,0.0,,,,,0.0,1591,1524,,0,0,FAIL
1786.844,2,FAIL,0,0,NO_ORIGIN,0,0,1,1,1,1,0,0.0,,,,,0.0,1591,1524,,0,0,FAIL
1786.894,2,FAIL,0,0,NO_ORIGIN,0,0,1,1,1,1,0,0.0,,,,,0.0,1591,1524,,0,0,FAIL
1786.944,2,FAIL,0,0,NO_ORIGIN,0,0,1,1,1,1,0,0.0,,,,,0.0,1591,1524,,0,0,FAIL
1786.994,2,FAIL,0,0,NO_ORIGIN,0,0,1,1,1,1,0,0.0,,,,,0.0,1591,1524,,0,0,FAIL
1787.044,2,FAIL,0,0,NO_ORIGIN,0,0,1,1,1,1,0,0.0,,,,,0.0,1591,1524,,0,0,FAIL
1787.094,2,FAIL,0,0,NO_ORIGIN,0,0,1,1,1,1,0,0.0,,,,,0.0,1591,1524,,0,0,FAIL
1787.144,2,FAIL,0,0,NO_ORIGIN,0,0,1,1,1,1,0,0.0,,,,,0.0,1591,1524,,0,0,FAIL
1787.195,2,FAIL,0,0,NO_ORIGIN,0,0,1,1,1,1,0,0.0,,,,,0.0,1591,1524,,0,0,FAIL
1787.245,2,FAIL,0,0,NO_ORIGIN,0,0,1,1,1,1,0,0.0,,,,,0.0,1591,1524,,0,0,FAIL
1787.295,2,FAIL,0,0,NO_ORIGIN,0,0,1,1,1,1,0,0.0,,,,,0.0,1591,1524,,0,0,FAIL
1787.345,2,FAIL,0,0,NO_ORIGIN,0,0,1,1,1,1,0,0.0,,,,,0.0,1591,1524,,0,0,FAIL
1787.397,2,FAIL,0,0,NO_ORIGIN,0,0,1,1,1,1,0,0.0,,,,,0.0,1591,1524,,0,0,FAIL
1787.447,2,FAIL,0,0,NO_ORIGIN,0,0,1,1,1,1,0,0.0,,,,,0.0,1591,1524,,0,0,FAIL
1787.497,2,FAIL,0,0,NO_ORIGIN,0,0,1,1,1,1,0,0.0,,,,,0.0,1591,1524,,0,0,FAIL
1787.547,2,FAIL,0,0,NO_ORIGIN,0,0,1,1,1,1,0,0.0,,,,,0.0,1591,1524,,0,0,FAIL
1787.598,2,FAIL,0,0,NO_ORIGIN,0,0,1,1,1,1,0,0.0,,,,,0.0,1591,1524,,0,0,FAIL
1787.648,2,FAIL,0,0,NO_ORIGIN,0,0,1,1,1,1,0,0.0,,,,,0.0,1591,1524,,0,0,FAIL
1787.698,2,FAIL,0,0,NO_ORIGIN,0,0,1,1,1,1,0,0.0,,,,,0.0,1591,1524,,0,0,FAIL
1787.748,2,FAIL,0,0,NO_ORIGIN,0,0,1,1,1,1,0,0.0,,,,,0.0,1591,1524,,0,0,FAIL
1787.798,2,FAIL,0,0,NO_ORIGIN,0,0,1,1,1,1,0,0.0,,,,,0.0,1591,1524,,0,0,FAIL
1787.848,2,FAIL,0,0,NO_ORIGIN,0,0,1,1,1,1,0,0.0,,,,,0.0,1591,1524,,0,0,FAIL
1787.899,2,FAIL,0,0,NO_ORIGIN,0,0,1,1,1,1,0,0.0,,,,,0.0,1591,1524,,0,0,FAIL
1787.949,2,FAIL,0,0,NO_ORIGIN,0,0,1,1,1,1,0,0.0,,,,,0.0,1591,1524,,0,0,FAIL
1788.0,2,FAIL,0,0,NO_ORIGIN,0,0,1,1,1,1,0,0.0,,,,,0.0,1591,1524,,0,0,FAIL
1788.051,2,FAIL,0,0,NO_ORIGIN,0,0,1,1,1,1,0,0.0,,,,,0.0,1591,1524,,0,0,FAIL
1788.101,2,FAIL,0,0,NO_ORIGIN,0,0,1,1,1,1,0,0.0,,,,,0.0,1591,1524,,0,0,FAIL
1788.151,2,FAIL,0,0,NO_ORIGIN,0,0,1,1,1,1,0,0.0,,,,,0.0,1591,1524,,0,0,FAIL
1788.201,2,FAIL,0,0,NO_ORIGIN,0,0,1,1,1,1,0,0.0,,,,,0.0,1591,1524,,0,0,FAIL
1788.252,2,FAIL,0,0,NO_ORIGIN,0,0,1,1,1,1,0,0.0,,,,,0.0,1591,1524,,0,0,FAIL
1788.302,2,FAIL,0,0,NO_ORIGIN,0,0,1,1,1,1,0,0.0,,,,,0.0,1591,1524,,0,0,FAIL
1788.352,2,FAIL,0,0,NO_ORIGIN,0,0,1,1,1,1,0,0.0,,,,,0.0,1591,1524,,0,0,FAIL
1788.402,2,FAIL,0,0,NO_ORIGIN,0,0,1,1,1,1,0,0.0,,,,,0.0,1591,1524,,0,0,FAIL
1788.452,2,FAIL,0,0,NO_ORIGIN,0,0,1,1,1,1,0,0.0,,,,,0.0,1591,1524,,0,0,FAIL
1788.504,2,FAIL,0,0,NO_ORIGIN,0,0,1,1,1,1,0,0.0,,,,,0.0,1591,1524,,0,0,FAIL
1788.554,2,FAIL,0,0,NO_ORIGIN,0,0,1,1,1,1,0,0.0,,,,,0.0,1591,1524,,0,0,FAIL
1788.605,2,FAIL,0,0,NO_ORIGIN,0,0,1,1,1,1,0,0.0,,,,,0.0,1591,1524,,0,0,FAIL
1788.655,2,FAIL,0,0,NO_ORIGIN,0,0,1,1,1,1,0,0.0,,,,,0.0,1591,1524,,0,0,FAIL
1788.705,2,FAIL,0,0,NO_ORIGIN,0,0,1,1,1,1,0,0.0,,,,,0.0,1591,1524,,0,0,FAIL
1788.755,2,FAIL,0,0,NO_ORIGIN,0,0,1,1,1,1,0,0.0,,,,,0.0,1591,1524,,0,0,FAIL
1788.805,2,FAIL,0,0,NO_ORIGIN,0,0,1,1,1,1,0,0.0,,,,,0.0,1591,1524,,0,0,FAIL
1788.855,2,FAIL,0,0,NO_ORIGIN,0,0,1,1,1,1,0,0.0,,,,,0.0,1591,1524,,0,0,FAIL
1788.907,2,FAIL,0,0,NO_ORIGIN,0,0,1,1,1,1,0,0.0,,,,,0.0,1591,1524,,0,0,FAIL
1788.957,2,FAIL,0,0,NO_ORIGIN,0,0,1,1,1,1,0,0.0,,,,,0.0,1591,1524,,0,0,FAIL
1789.008,2,FAIL,0,0,NO_ORIGIN,0,0,1,1,1,1,0,0.0,,,,,0.0,1591,1524,,0,0,FAIL
1789.059,2,FAIL,0,0,NO_ORIGIN,0,0,1,1,1,1,0,0.0,,,,,0.0,1591,1524,,0,0,FAIL
1789.11,2,FAIL,0,0,NO_ORIGIN,0,0,1,1,1,1,0,0.0,,,,,0.0,1591,1524,,0,0,FAIL
1789.16,2,FAIL,0,0,NO_ORIGIN,0,0,1,1,1,1,0,0.0,,,,,0.0,1591,1524,,0,0,FAIL
1789.212,2,FAIL,0,0,NO_ORIGIN,0,0,1,1,1,1,0,0.0,,,,,0.0,1591,1524,,0,0,FAIL
1789.262,2,FAIL,0,0,NO_ORIGIN,0,0,1,1,1,1,0,0.0,,,,,0.0,1591,1524,,0,0,FAIL
1789.312,2,FAIL,0,0,NO_ORIGIN,0,0,1,1,1,1,0,0.0,,,,,0.0,1591,1524,,0,0,FAIL
1789.363,2,FAIL,0,0,NO_ORIGIN,0,0,1,1,1,1,0,0.0,,,,,0.0,1591,1524,,0,0,FAIL
1789.415,2,FAIL,0,0,NO_ORIGIN,0,0,1,1,1,1,0,0.0,,,,,0.0,1591,1524,,0,0,FAIL
1789.466,2,FAIL,0,0,NO_ORIGIN,0,0,1,1,1,1,0,0.0,,,,,0.0,1591,1524,,0,0,FAIL
1789.516,2,FAIL,0,0,NO_ORIGIN,0,0,1,1,1,1,0,0.0,,,,,0.0,1591,1524,,0,0,FAIL
1789.567,2,FAIL,0,0,NO_ORIGIN,0,0,1,1,1,1,0,0.0,,,,,0.0,1591,1524,,0,0,FAIL
1789.617,2,FAIL,0,0,NO_ORIGIN,0,0,1,1,1,1,0,0.0,,,,,0.0,1591,1524,,0,0,FAIL
1789.668,2,FAIL,0,0,NO_ORIGIN,0,0,1,1,1,1,0,0.0,,,,,0.0,1591,1524,,0,0,FAIL
1789.72,2,FAIL,0,0,NO_ORIGIN,0,0,1,1,1,1,0,0.0,,,,,0.0,1591,1524,,0,0,FAIL
1789.77,2,FAIL,0,0,NO_ORIGIN,0,0,1,1,1,1,0,0.0,,,,,0.0,1591,1524,,0,0,FAIL
1789.82,2,FAIL,0,0,NO_ORIGIN,0,0,1,1,1,1,0,0.0,,,,,0.0,1591,1524,,0,0,FAIL
1789.87,2,FAIL,0,0,NO_ORIGIN,0,0,1,1,1,1,0,0.0,,,,,0.0,1591,1524,,0,0,FAIL
1789.921,2,FAIL,0,0,NO_ORIGIN,0,0,1,1,1,1,0,0.0,,,,,0.0,1591,1524,,0,0,FAIL
1789.972,2,FAIL,0,0,NO_ORIGIN,0,0,1,1,1,1,0,0.0,,,,,0.0,1591,1524,,0,0,FAIL
1790.024,2,FAIL,0,0,NO_ORIGIN,0,0,1,1,1,1,0,0.0,,,,,0.0,1591,1524,,0,0,FAIL
1790.074,2,FAIL,0,0,NO_ORIGIN,0,0,1,1,1,1,0,0.0,,,,,0.0,1591,1524,,0,0,FAIL
1790.124,2,FAIL,0,0,NO_ORIGIN,0,0,1,1,1,1,0,0.0,,,,,0.0,1591,1524,,0,0,FAIL
1790.175,2,FAIL,0,0,NO_ORIGIN,0,0,1,1,1,1,0,0.0,,,,,0.0,1591,1524,,0,0,FAIL
1790.226,2,FAIL,0,0,NO_ORIGIN,0,0,1,1,1,1,0,0.0,,,,,0.0,1591,1524,,0,0,FAIL
1790.276,2,FAIL,0,0,NO_ORIGIN,0,0,1,1,1,1,0,0.0,,,,,0.0,1591,1524,,0,0,FAIL
1790.327,2,FAIL,0,0,NO_ORIGIN,0,0,1,1,1,1,0,0.0,,,,,0.0,1591,1524,,0,0,FAIL
1790.378,2,FAIL,0,0,NO_ORIGIN,0,0,1,1,1,1,0,0.0,,,,,0.0,1591,1524,,0,0,FAIL
1790.43,2,FAIL,0,0,NO_ORIGIN,0,0,1,1,1,1,0,0.0,,,,,0.0,1591,1524,,0,0,FAIL
1790.48,2,FAIL,0,0,NO_ORIGIN,0,0,1,1,1,1,0,0.0,,,,,0.0,1591,1524,,0,0,FAIL
1790.531,2,FAIL,0,0,NO_ORIGIN,0,0,1,1,1,1,0,0.0,,,,,0.0,1591,1524,,0,0,FAIL
1790.581,2,FAIL,0,0,NO_ORIGIN,0,0,1,1,1,1,0,0.0,,,,,0.0,1591,1524,,0,0,FAIL
1790.632,2,FAIL,0,0,NO_ORIGIN,0,0,1,1,1,1,0,0.0,,,,,0.0,1591,1524,,0,0,FAIL
1790.683,2,FAIL,0,0,NO_ORIGIN,0,0,1,1,1,1,0,0.0,,,,,0.0,1591,1524,,0,0,FAIL
1790.733,2,FAIL,0,0,NO_ORIGIN,0,0,1,1,1,1,0,0.0,,,,,0.0,1591,1524,,0,0,FAIL
1790.783,2,FAIL,0,0,NO_ORIGIN,0,0,1,1,1,1,0,0.0,,,,,0.0,1591,1524,,0,0,FAIL
1790.834,2,FAIL,0,0,NO_ORIGIN,0,0,1,1,1,1,0,0.0,,,,,0.0,1591,1524,,0,0,FAIL
1790.884,2,FAIL,0,0,NO_ORIGIN,0,0,1,1,1,1,0,0.0,,,,,0.0,1591,1524,,0,0,FAIL
1790.935,2,FAIL,0,0,NO_ORIGIN,0,0,1,1,1,1,0,0.0,,,,,0.0,1591,1524,,0,0,FAIL
1790.985,2,FAIL,0,0,NO_ORIGIN,0,0,1,1,1,1,0,0.0,,,,,0.0,1591,1524,,0,0,FAIL
1791.036,2,FAIL,0,0,NO_ORIGIN,0,0,1,1,1,1,0,0.0,,,,,0.0,1591,1524,,0,0,FAIL
1791.086,2,FAIL,0,0,NO_ORIGIN,0,0,1,1,1,1,0,0.0,,,,,0.0,1591,1524,,0,0,FAIL
1791.136,2,FAIL,0,0,NO_ORIGIN,0,0,1,1,1,1,0,0.0,,,,,0.0,1591,1524,,0,0,FAIL
1791.186,2,FAIL,0,0,NO_ORIGIN,0,0,1,1,1,1,0,0.0,,,,,0.0,1591,1524,,0,0,FAIL
1791.237,2,FAIL,0,0,NO_ORIGIN,0,0,1,1,1,1,0,0.0,,,,,0.0,1591,1524,,0,0,FAIL
1791.287,2,FAIL,0,0,NO_ORIGIN,0,0,1,1,1,1,0,0.0,,,,,0.0,1591,1524,,0,0,FAIL
1791.337,2,FAIL,0,0,NO_ORIGIN,0,0,1,1,1,1,0,0.0,,,,,0.0,1591,1524,,0,0,FAIL
1791.387,2,FAIL,0,0,NO_ORIGIN,0,0,1,1,1,1,0,0.0,,,,,0.0,1591,1524,,0,0,FAIL
1791.437,2,FAIL,0,0,NO_ORIGIN,0,0,1,1,1,1,0,0.0,,,,,0.0,1591,1524,,0,0,FAIL
1791.487,2,FAIL,0,0,NO_ORIGIN,0,0,1,1,1,1,0,0.0,,,,,0.0,1591,1524,,0,0,FAIL
1791.538,2,FAIL,0,0,NO_ORIGIN,0,0,1,1,1,1,0,0.0,,,,,0.0,1591,1524,,0,0,FAIL
1791.588,2,FAIL,0,0,NO_ORIGIN,0,0,1,1,1,1,0,0.0,,,,,0.0,1591,1524,,0,0,FAIL
1791.638,2,FAIL,0,0,NO_ORIGIN,0,0,1,1,1,1,0,0.0,,,,,0.0,1591,1524,,0,0,FAIL
1791.688,2,FAIL,0,0,NO_ORIGIN,0,0,1,1,1,1,0,0.0,,,,,0.0,1591,1524,,0,0,FAIL
1791.738,2,FAIL,0,0,NO_ORIGIN,0,0,1,1,1,1,0,0.0,,,,,0.0,1591,1524,,0,0,FAIL
1791.789,2,FAIL,0,0,NO_ORIGIN,0,0,1,1,1,1,0,0.0,,,,,0.0,1591,1524,,0,0,FAIL
1791.839,2,FAIL,0,0,NO_ORIGIN,0,0,1,1,1,1,0,0.0,,,,,0.0,1591,1524,,0,0,FAIL
1791.889,2,FAIL,0,0,NO_ORIGIN,0,0,1,1,1,1,0,0.0,,,,,0.0,1591,1524,,0,0,FAIL
1791.939,2,FAIL,0,0,NO_ORIGIN,0,0,1,1,1,1,0,0.0,,,,,0.0,1591,1524,,0,0,FAIL
1791.989,2,FAIL,0,0,NO_ORIGIN,0,0,1,1,1,1,0,0.0,,,,,0.0,1591,1524,,0,0,FAIL
1792.039,2,FAIL,0,0,NO_ORIGIN,0,0,1,1,1,1,0,0.0,,,,,0.0,1591,1524,,0,0,FAIL
1792.09,2,FAIL,0,0,NO_ORIGIN,0,0,1,1,1,1,0,0.0,,,,,0.0,1591,1524,,0,0,FAIL
1792.14,2,FAIL,0,0,NO_ORIGIN,0,0,1,1,1,1,0,0.0,,,,,0.0,1591,1524,,0,0,FAIL
1792.19,2,FAIL,0,0,NO_ORIGIN,0,0,1,1,1,1,0,0.0,,,,,0.0,1591,1524,,0,0,FAIL
1792.24,2,FAIL,0,0,NO_ORIGIN,0,0,1,1,1,1,0,0.0,,,,,0.0,1591,1524,,0,0,FAIL
1792.29,2,FAIL,0,0,NO_ORIGIN,0,0,1,1,1,1,0,0.0,,,,,0.0,1591,1524,,0,0,FAIL
1792.341,2,FAIL,0,0,NO_ORIGIN,0,0,1,1,1,1,0,0.0,,,,,0.0,1591,1524,,0,0,FAIL
1792.391,2,FAIL,0,0,NO_ORIGIN,0,0,1,1,1,1,0,0.0,,,,,0.0,1591,1524,,0,0,FAIL
1792.441,2,FAIL,0,0,NO_ORIGIN,0,0,1,1,1,1,0,0.0,,,,,0.0,1591,1524,,0,0,FAIL
1792.491,2,FAIL,0,0,NO_ORIGIN,0,0,1,1,1,1,0,0.0,,,,,0.0,1591,1524,,0,0,FAIL
1792.542,2,FAIL,0,0,NO_ORIGIN,0,0,1,1,1,1,0,0.0,,,,,0.0,1591,1524,,0,0,FAIL
1792.592,2,FAIL,0,0,NO_ORIGIN,0,0,1,1,1,1,0,0.0,,,,,0.0,1591,1524,,0,0,FAIL
1792.643,2,FAIL,0,0,NO_ORIGIN,0,0,1,1,1,1,0,0.0,,,,,0.0,1591,1524,,0,0,FAIL
1792.693,2,FAIL,0,0,NO_ORIGIN,0,0,1,1,1,1,0,0.0,,,,,0.0,1591,1524,,0,0,FAIL
1792.743,2,FAIL,0,0,NO_ORIGIN,0,0,1,1,1,1,0,0.0,,,,,0.0,1591,1524,,0,0,FAIL
1792.793,2,FAIL,0,0,NO_ORIGIN,0,0,1,1,1,1,0,0.0,,,,,0.0,1591,1524,,0,0,FAIL
1792.843,2,FAIL,0,0,NO_ORIGIN,0,0,1,1,1,1,0,0.0,,,,,0.0,1591,1524,,0,0,FAIL
1792.894,2,FAIL,0,0,NO_ORIGIN,0,0,1,1,1,1,0,0.0,,,,,0.0,1591,1524,,0,0,FAIL
1792.944,2,FAIL,0,0,NO_ORIGIN,0,0,1,1,1,1,0,0.0,,,,,0.0,1591,1524,,0,0,FAIL
1792.994,2,FAIL,0,0,NO_ORIGIN,0,0,1,1,1,1,0,0.0,,,,,0.0,1591,1524,,0,0,FAIL
1793.044,2,FAIL,0,0,NO_ORIGIN,0,0,1,1,1,1,0,0.0,,,,,0.0,1591,1524,,0,0,FAIL
1793.095,2,FAIL,0,0,NO_ORIGIN,0,0,1,1,1,1,0,0.0,,,,,0.0,1591,1524,,0,0,FAIL
1793.145,2,FAIL,0,0,NO_ORIGIN,0,0,1,1,1,1,0,0.0,,,,,0.0,1591,1524,,0,0,FAIL
1793.195,2,FAIL,0,0,NO_ORIGIN,0,0,1,1,1,1,0,0.0,,,,,0.0,1591,1524,,0,0,FAIL
1793.245,2,FAIL,0,0,NO_ORIGIN,0,0,1,1,1,1,0,0.0,,,,,0.0,1591,1524,,0,0,FAIL
1793.295,2,FAIL,0,0,NO_ORIGIN,0,0,1,1,1,1,0,0.0,,,,,0.0,1591,1524,,0,0,FAIL
1793.346,2,FAIL,0,0,NO_ORIGIN,0,0,1,1,1,1,0,0.0,,,,,0.0,1591,1524,,0,0,FAIL
1793.396,2,FAIL,0,0,NO_ORIGIN,0,0,1,1,1,1,0,0.0,,,,,0.0,1591,1524,,0,0,FAIL
1793.446,2,FAIL,0,0,NO_ORIGIN,0,0,1,1,1,1,0,0.0,,,,,0.0,1591,1524,,0,0,FAIL
1793.496,2,FAIL,0,0,NO_ORIGIN,0,0,1,1,1,1,0,0.0,,,,,0.0,1591,1524,,0,0,FAIL
1793.548,2,FAIL,0,0,NO_ORIGIN,0,0,1,1,1,1,0,0.0,,,,,0.0,1591,1524,,0,0,FAIL
1793.598,2,FAIL,0,0,NO_ORIGIN,0,0,1,1,1,1,0,0.0,,,,,0.0,1591,1524,,0,0,FAIL
1793.648,2,FAIL,0,0,NO_ORIGIN,0,0,1,1,1,1,0,0.0,,,,,0.0,1591,1524,,0,0,FAIL
1793.698,2,FAIL,0,0,NO_ORIGIN,0,0,1,1,1,1,0,0.0,,,,,0.0,1591,1524,,0,0,FAIL
1793.749,2,FAIL,0,0,NO_ORIGIN,0,0,1,1,1,1,0,0.0,,,,,0.0,1591,1524,,0,0,FAIL
1793.799,2,FAIL,0,0,NO_ORIGIN,0,0,1,1,1,1,0,0.0,,,,,0.0,1591,1524,,0,0,FAIL
1793.849,2,FAIL,0,0,NO_ORIGIN,0,0,1,1,1,1,0,0.0,,,,,0.0,1591,1524,,0,0,FAIL
1793.899,2,FAIL,0,0,NO_ORIGIN,0,0,1,1,1,1,0,0.0,,,,,0.0,1591,1524,,0,0,FAIL
1793.949,2,FAIL,0,0,NO_ORIGIN,0,0,1,1,1,1,0,0.0,,,,,0.0,1591,1524,,0,0,FAIL
1793.999,2,FAIL,0,0,NO_ORIGIN,0,0,1,1,1,1,0,0.0,,,,,0.0,1591,1524,,0,0,FAIL
1794.049,2,FAIL,0,0,NO_ORIGIN,0,0,1,1,1,1,0,0.0,,,,,0.0,1591,1524,,0,0,FAIL
1794.1,2,FAIL,0,0,NO_ORIGIN,0,0,1,1,1,1,0,0.0,,,,,0.0,1591,1524,,0,0,FAIL
1794.15,2,FAIL,0,0,NO_ORIGIN,0,0,1,1,1,1,0,0.0,,,,,0.0,1591,1524,,0,0,FAIL
1794.2,2,FAIL,0,0,NO_ORIGIN,0,0,1,1,1,1,0,0.0,,,,,0.0,1591,1524,,0,0,FAIL
1794.25,2,FAIL,0,0,NO_ORIGIN,0,0,1,1,1,1,0,0.0,,,,,0.0,1591,1524,,0,0,FAIL
1794.302,2,FAIL,0,0,NO_ORIGIN,0,0,1,1,1,1,0,0.0,,,,,0.0,1591,1524,,0,0,FAIL
1794.353,2,FAIL,0,0,NO_ORIGIN,0,0,1,1,1,1,0,0.0,,,,,0.0,1591,1524,,0,0,FAIL
1794.403,2,FAIL,0,0,NO_ORIGIN,0,0,1,1,1,1,0,0.0,,,,,0.0,1591,1524,,0,0,FAIL
1794.454,2,FAIL,0,0,NO_ORIGIN,0,0,1,1,1,1,0,0.0,,,,,0.0,1591,1524,,0,0,FAIL
1794.504,2,FAIL,0,0,NO_ORIGIN,0,0,1,1,1,1,0,0.0,,,,,0.0,1591,1524,,0,0,FAIL
1794.554,2,FAIL,0,0,NO_ORIGIN,0,0,1,1,1,1,0,0.0,,,,,0.0,1591,1524,,0,0,FAIL
1794.604,2,FAIL,0,0,NO_ORIGIN,0,0,1,1,1,1,0,0.0,,,,,0.0,1591,1524,,0,0,FAIL
1794.655,2,FAIL,0,0,NO_ORIGIN,0,0,1,1,1,1,0,0.0,,,,,0.0,1591,1524,,0,0,FAIL
1794.705,2,FAIL,0,0,NO_ORIGIN,0,0,1,1,1,1,0,0.0,,,,,0.0,1591,1524,,0,0,FAIL
1794.755,2,FAIL,0,0,NO_ORIGIN,0,0,1,1,1,1,0,0.0,,,,,0.0,1591,1524,,0,0,FAIL
1794.806,2,FAIL,0,0,NO_ORIGIN,0,0,1,1,1,1,0,0.0,,,,,0.0,1591,1524,,0,0,FAIL
1794.856,2,FAIL,0,0,NO_ORIGIN,0,0,1,1,1,1,0,0.0,,,,,0.0,1591,1524,,0,0,FAIL
1794.906,2,FAIL,0,0,NO_ORIGIN,0,0,1,1,1,1,0,0.0,,,,,0.0,1591,1524,,0,0,FAIL
1794.956,2,FAIL,0,0,NO_ORIGIN,0,0,1,1,1,1,0,0.0,,,,,0.0,1591,1524,,0,0,FAIL
1795.007,2,FAIL,0,0,NO_ORIGIN,0,0,1,1,1,1,0,0.0,,,,,0.0,1591,1524,,0,0,FAIL
1795.057,2,FAIL,0,0,NO_ORIGIN,0,0,1,1,1,1,0,0.0,,,,,0.0,1591,1524,,0,0,FAIL
1795.107,2,FAIL,0,0,NO_ORIGIN,0,0,1,1,1,1,0,0.0,,,,,0.0,1591,1524,,0,0,FAIL
1795.158,2,FAIL,0,0,NO_ORIGIN,0,0,1,1,1,1,0,0.0,,,,,0.0,1591,1524,,0,0,FAIL
1795.208,2,FAIL,0,0,NO_ORIGIN,0,0,1,1,1,1,0,0.0,,,,,0.0,1591,1524,,0,0,FAIL
1795.258,2,FAIL,0,0,NO_ORIGIN,0,0,1,1,1,1,0,0.0,,,,,0.0,1591,1524,,0,0,FAIL
1795.309,2,FAIL,0,0,NO_ORIGIN,0,0,1,1,1,1,0,0.0,,,,,0.0,1591,1524,,0,0,FAIL
1795.359,2,FAIL,0,0,NO_ORIGIN,0,0,1,1,1,1,0,0.0,,,,,0.0,1591,1524,,0,0,FAIL
1795.409,2,FAIL,0,0,NO_ORIGIN,0,0,1,1,1,1,0,0.0,,,,,0.0,1591,1524,,0,0,FAIL
1795.459,2,FAIL,0,0,NO_ORIGIN,0,0,1,1,1,1,0,0.0,,,,,0.0,1591,1524,,0,0,FAIL
1795.509,2,FAIL,0,0,NO_ORIGIN,0,0,1,1,1,1,0,0.0,,,,,0.0,1591,1524,,0,0,FAIL
1795.56,2,FAIL,0,0,NO_ORIGIN,0,0,1,1,1,1,0,0.0,,,,,0.0,1591,1524,,0,0,FAIL
1795.61,2,FAIL,0,0,NO_ORIGIN,0,0,1,1,1,1,0,0.0,,,,,0.0,1591,1524,,0,0,FAIL
1795.66,2,FAIL,0,0,NO_ORIGIN,0,0,1,1,1,1,0,0.0,,,,,0.0,1591,1524,,0,0,FAIL
1795.71,2,FAIL,0,0,NO_ORIGIN,0,0,1,1,1,1,0,0.0,,,,,0.0,1591,1524,,0,0,FAIL
1795.76,2,FAIL,0,0,NO_ORIGIN,0,0,1,1,1,1,0,0.0,,,,,0.0,1591,1524,,0,0,FAIL
1795.811,2,FAIL,0,0,NO_ORIGIN,0,0,1,1,1,1,0,0.0,,,,,0.0,1591,1524,,0,0,FAIL
1795.862,2,FAIL,0,0,NO_ORIGIN,0,0,1,1,1,1,0,0.0,,,,,0.0,1591,1524,,0,0,FAIL
1795.912,2,FAIL,0,0,NO_ORIGIN,0,0,1,1,1,1,0,0.0,,,,,0.0,1591,1524,,0,0,FAIL
1795.962,2,FAIL,0,0,NO_ORIGIN,0,0,1,1,1,1,0,0.0,,,,,0.0,1591,1524,,0,0,FAIL
1796.012,2,FAIL,0,0,NO_ORIGIN,0,0,1,1,1,1,0,0.0,,,,,0.0,1591,1524,,0,0,FAIL
1796.062,2,FAIL,0,0,NO_ORIGIN,0,0,1,1,1,1,0,0.0,,,,,0.0,1591,1524,,0,0,FAIL
1796.113,2,FAIL,0,0,NO_ORIGIN,0,0,1,1,1,1,0,0.0,,,,,0.0,1591,1524,,0,0,FAIL
1796.163,2,FAIL,0,0,NO_ORIGIN,0,0,1,1,1,1,0,0.0,,,,,0.0,1591,1524,,0,0,FAIL
1796.213,2,FAIL,0,0,NO_ORIGIN,0,0,1,1,1,1,0,0.0,,,,,0.0,1591,1524,,0,0,FAIL
1796.263,2,FAIL,0,0,NO_ORIGIN,0,0,1,1,1,1,0,0.0,,,,,0.0,1591,1524,,0,0,FAIL
1796.313,2,FAIL,0,0,NO_ORIGIN,0,0,1,1,1,1,0,0.0,,,,,0.0,1591,1524,,0,0,FAIL
1796.364,2,FAIL,0,0,NO_ORIGIN,0,0,1,1,1,1,0,0.0,,,,,0.0,1591,1524,,0,0,FAIL
1796.414,2,FAIL,0,0,NO_ORIGIN,0,0,1,1,1,1,0,0.0,,,,,0.0,1591,1524,,0,0,FAIL
1796.464,2,FAIL,0,0,NO_ORIGIN,0,0,1,1,1,1,0,0.0,,,,,0.0,1591,1524,,0,0,FAIL
1796.514,2,FAIL,0,0,NO_ORIGIN,0,0,1,1,1,1,0,0.0,,,,,0.0,1591,1524,,0,0,FAIL
1796.564,2,FAIL,0,0,NO_ORIGIN,0,0,1,1,1,1,0,0.0,,,,,0.0,1591,1524,,0,0,FAIL
1796.614,2,FAIL,0,0,NO_ORIGIN,0,0,1,1,1,1,0,0.0,,,,,0.0,1591,1524,,0,0,FAIL
1796.665,2,FAIL,0,0,NO_ORIGIN,0,0,1,1,1,1,0,0.0,,,,,0.0,1591,1524,,0,0,FAIL
1796.716,2,FAIL,0,0,NO_ORIGIN,0,0,1,1,1,1,0,0.0,,,,,0.0,1591,1524,,0,0,FAIL
1796.766,2,FAIL,0,0,NO_ORIGIN,0,0,1,1,1,1,0,0.0,,,,,0.0,1591,1524,,0,0,FAIL
1796.816,2,FAIL,0,0,NO_ORIGIN,0,0,1,1,1,1,0,0.0,,,,,0.0,1591,1524,,0,0,FAIL
1796.866,2,FAIL,0,0,NO_ORIGIN,0,0,1,1,1,1,0,0.0,,,,,0.0,1591,1524,,0,0,FAIL
1796.917,2,FAIL,0,0,NO_ORIGIN,0,0,1,1,1,1,0,0.0,,,,,0.0,1591,1524,,0,0,FAIL
1796.968,2,FAIL,0,0,NO_ORIGIN,0,0,1,1,1,1,0,0.0,,,,,0.0,1591,1524,,0,0,FAIL
1797.018,2,FAIL,0,0,NO_ORIGIN,0,0,1,1,1,1,0,0.0,,,,,0.0,1591,1524,,0,0,FAIL
1797.069,2,FAIL,0,0,NO_ORIGIN,0,0,1,1,1,1,0,0.0,,,,,0.0,1591,1524,,0,0,FAIL
1797.119,2,FAIL,0,0,NO_ORIGIN,0,0,1,1,1,1,0,0.0,,,,,0.0,1591,1524,,0,0,FAIL
1797.169,2,FAIL,0,0,NO_ORIGIN,0,0,1,1,1,1,0,0.0,,,,,0.0,1591,1524,,0,0,FAIL
1797.219,2,FAIL,0,0,NO_ORIGIN,0,0,1,1,1,1,0,0.0,,,,,0.0,1591,1524,,0,0,FAIL
1797.269,2,FAIL,0,0,NO_ORIGIN,0,0,1,1,1,1,0,0.0,,,,,0.0,1591,1524,,0,0,FAIL
1797.319,2,FAIL,0,0,NO_ORIGIN,0,0,1,1,1,1,0,0.0,,,,,0.0,1591,1524,,0,0,FAIL
1797.37,2,FAIL,0,0,NO_ORIGIN,0,0,1,1,1,1,0,0.0,,,,,0.0,1591,1524,,0,0,FAIL
1797.42,2,FAIL,0,0,NO_ORIGIN,0,0,1,1,1,1,0,0.0,,,,,0.0,1591,1524,,0,0,FAIL
1797.47,2,FAIL,0,0,NO_ORIGIN,0,0,1,1,1,1,0,0.0,,,,,0.0,1591,1524,,0,0,FAIL
1797.52,2,FAIL,0,0,NO_ORIGIN,0,0,1,1,1,1,0,0.0,,,,,0.0,1591,1524,,0,0,FAIL
1797.571,2,FAIL,0,0,NO_ORIGIN,0,0,1,1,1,1,0,0.0,,,,,0.0,1591,1524,,0,0,FAIL
1797.621,2,FAIL,0,0,NO_ORIGIN,0,0,1,1,1,1,0,0.0,,,,,0.0,1591,1524,,0,0,FAIL
1797.672,2,FAIL,0,0,NO_ORIGIN,0,0,1,1,1,1,0,0.0,,,,,0.0,1591,1524,,0,0,FAIL
1797.722,2,FAIL,0,0,NO_ORIGIN,0,0,1,1,1,1,0,0.0,,,,,0.0,1591,1524,,0,0,FAIL
1797.772,2,FAIL,0,0,NO_ORIGIN,0,0,1,1,1,1,0,0.0,,,,,0.0,1591,1524,,0,0,FAIL
1797.823,2,FAIL,0,0,NO_ORIGIN,0,0,1,1,1,1,0,0.0,,,,,0.0,1591,1524,,0,0,FAIL
1797.873,2,FAIL,0,0,NO_ORIGIN,0,0,1,1,1,1,0,0.0,,,,,0.0,1591,1524,,0,0,FAIL
1797.923,2,FAIL,0,0,NO_ORIGIN,0,0,1,1,1,1,0,0.0,,,,,0.0,1591,1524,,0,0,FAIL
1797.974,2,FAIL,0,0,NO_ORIGIN,0,0,1,1,1,1,0,0.0,,,,,0.0,1591,1524,,0,0,FAIL
1798.024,2,FAIL,0,0,NO_ORIGIN,0,0,1,1,1,1,0,0.0,,,,,0.0,1591,1524,,0,0,FAIL
1798.074,2,FAIL,0,0,NO_ORIGIN,0,0,1,1,1,1,0,0.0,,,,,0.0,1591,1524,,0,0,FAIL
1798.124,2,FAIL,0,0,NO_ORIGIN,0,0,1,1,1,1,0,0.0,,,,,0.0,1591,1524,,0,0,FAIL
1798.177,2,FAIL,0,0,NO_ORIGIN,0,0,1,1,1,1,0,0.0,,,,,0.0,1591,1524,,0,0,FAIL
1798.227,2,FAIL,0,0,NO_ORIGIN,0,0,1,1,1,1,0,0.0,,,,,0.0,1591,1524,,0,0,FAIL
1798.278,2,FAIL,0,0,NO_ORIGIN,0,0,1,1,1,1,0,0.0,,,,,0.0,1591,1524,,0,0,FAIL
1798.328,2,FAIL,0,0,NO_ORIGIN,0,0,1,1,1,1,0,0.0,,,,,0.0,1591,1524,,0,0,FAIL
1798.379,2,FAIL,0,0,NO_ORIGIN,0,0,1,1,1,1,0,0.0,,,,,0.0,1591,1524,,0,0,FAIL
1798.429,2,FAIL,0,0,NO_ORIGIN,0,0,1,1,1,1,0,0.0,,,,,0.0,1591,1524,,0,0,FAIL
1798.479,2,FAIL,0,0,NO_ORIGIN,0,0,1,1,1,1,0,0.0,,,,,0.0,1591,1524,,0,0,FAIL
1798.529,2,FAIL,0,0,NO_ORIGIN,0,0,1,1,1,1,0,0.0,,,,,0.0,1591,1524,,0,0,FAIL
1798.58,2,FAIL,0,0,NO_ORIGIN,0,0,1,1,1,1,0,0.0,,,,,0.0,1591,1524,,0,0,FAIL
1798.63,2,FAIL,0,0,NO_ORIGIN,0,0,1,1,1,1,0,0.0,,,,,0.0,1591,1524,,0,0,FAIL
1798.68,2,FAIL,0,0,NO_ORIGIN,0,0,1,1,1,1,0,0.0,,,,,0.0,1591,1524,,0,0,FAIL
1798.731,2,FAIL,0,0,NO_ORIGIN,0,0,1,1,1,1,0,0.0,,,,,0.0,1591,1524,,0,0,FAIL
1798.782,2,FAIL,0,0,NO_ORIGIN,0,0,1,1,1,1,0,0.0,,,,,0.0,1591,1524,,0,0,FAIL
1798.832,2,FAIL,0,0,NO_ORIGIN,0,0,1,1,1,1,0,0.0,,,,,0.0,1591,1524,,0,0,FAIL
1798.882,2,FAIL,0,0,NO_ORIGIN,0,0,1,1,1,1,0,0.0,,,,,0.0,1591,1524,,0,0,FAIL
1798.932,2,FAIL,0,0,NO_ORIGIN,0,0,1,1,1,1,0,0.0,,,,,0.0,1591,1524,,0,0,FAIL
1798.982,2,FAIL,0,0,NO_ORIGIN,0,0,1,1,1,1,0,0.0,,,,,0.0,1591,1524,,0,0,FAIL
1799.033,2,FAIL,0,0,NO_ORIGIN,0,0,1,1,1,1,0,0.0,,,,,0.0,1591,1524,,0,0,FAIL
1799.083,2,FAIL,0,0,NO_ORIGIN,0,0,1,1,1,1,0,0.0,,,,,0.0,1591,1524,,0,0,FAIL
1799.133,2,FAIL,0,0,NO_ORIGIN,0,0,1,1,1,1,0,0.0,,,,,0.0,1591,1524,,0,0,FAIL
1799.183,2,FAIL,0,0,NO_ORIGIN,0,0,1,1,1,1,0,0.0,,,,,0.0,1591,1524,,0,0,FAIL
1799.234,2,FAIL,0,0,NO_ORIGIN,0,0,1,1,1,1,0,0.0,,,,,0.0,1591,1524,,0,0,FAIL
1799.284,2,FAIL,0,0,NO_ORIGIN,0,0,1,1,1,1,0,0.0,,,,,0.0,1591,1524,,0,0,FAIL
1799.334,2,FAIL,0,0,NO_ORIGIN,0,0,1,1,1,1,0,0.0,,,,,0.0,1591,1524,,0,0,FAIL
1799.384,2,FAIL,0,0,NO_ORIGIN,0,0,1,1,1,1,0,0.0,,,,,0.0,1591,1524,,0,0,FAIL
1799.435,2,FAIL,0,0,NO_ORIGIN,0,0,1,1,1,1,0,0.0,,,,,0.0,1591,1524,,0,0,FAIL
1799.485,2,FAIL,0,0,NO_ORIGIN,0,0,1,1,1,1,0,0.0,,,,,0.0,1591,1524,,0,0,FAIL
1799.536,2,FAIL,0,0,NO_ORIGIN,0,0,1,1,1,1,0,0.0,,,,,0.0,1591,1524,,0,0,FAIL
1799.586,2,FAIL,0,0,NO_ORIGIN,0,0,1,1,1,1,0,0.0,,,,,0.0,1591,1524,,0,0,FAIL
1799.637,2,FAIL,0,0,NO_ORIGIN,0,0,1,1,1,1,0,0.0,,,,,0.0,1591,1524,,0,0,FAIL
1799.687,2,FAIL,0,0,NO_ORIGIN,0,0,1,1,1,1,0,0.0,,,,,0.0,1591,1524,,0,0,FAIL
1799.737,2,FAIL,0,0,NO_ORIGIN,0,0,1,1,1,1,0,0.0,,,,,0.0,1591,1524,,0,0,FAIL
1799.788,2,FAIL,0,0,NO_ORIGIN,0,0,1,1,1,1,0,0.0,,,,,0.0,1591,1524,,0,0,FAIL
1799.838,2,FAIL,0,0,NO_ORIGIN,0,0,1,1,1,1,0,0.0,,,,,0.0,1591,1524,,0,0,FAIL
1799.888,2,FAIL,0,0,NO_ORIGIN,0,0,1,1,1,1,0,0.0,,,,,0.0,1591,1524,,0,0,FAIL
1799.938,2,FAIL,0,0,NO_ORIGIN,0,0,1,1,1,1,0,0.0,,,,,0.0,1591,1524,,0,0,FAIL
1799.989,2,FAIL,0,0,NO_ORIGIN,0,0,1,1,1,1,0,0.0,,,,,0.0,1591,1524,,0,0,FAIL
1800.039,2,FAIL,0,0,NO_ORIGIN,0,0,1,1,1,1,0,0.0,,,,,0.0,1591,1524,,0,0,FAIL
1800.089,2,FAIL,0,0,NO_ORIGIN,0,0,1,1,1,1,0,0.0,,,,,0.0,1591,1524,,0,0,FAIL
1800.139,2,FAIL,0,0,NO_ORIGIN,0,0,1,1,1,1,0,0.0,,,,,0.0,1591,1524,,0,0,FAIL
1800.189,2,FAIL,0,0,NO_ORIGIN,0,0,1,1,1,1,0,0.0,,,,,0.0,1591,1524,,0,0,FAIL
1800.24,2,FAIL,0,0,NO_ORIGIN,0,0,1,1,1,1,0,0.0,,,,,0.0,1591,1524,,0,0,FAIL
1800.29,2,FAIL,0,0,NO_ORIGIN,0,0,1,1,1,1,0,0.0,,,,,0.0,1591,1524,,0,0,FAIL
1800.34,2,FAIL,0,0,NO_ORIGIN,0,0,1,1,1,1,0,0.0,,,,,0.0,1591,1524,,0,0,FAIL
1800.391,2,FAIL,0,0,NO_ORIGIN,0,0,1,1,1,1,0,0.0,,,,,0.0,1591,1524,,0,0,FAIL
1800.441,2,FAIL,0,0,NO_ORIGIN,0,0,1,1,1,1,0,0.0,,,,,0.0,1591,1524,,0,0,FAIL
1800.491,2,FAIL,0,0,NO_ORIGIN,0,0,1,1,1,1,0,0.0,,,,,0.0,1591,1524,,0,0,FAIL
1800.541,2,FAIL,0,0,NO_ORIGIN,0,0,1,1,1,1,0,0.0,,,,,0.0,1591,1524,,0,0,FAIL
1800.592,2,FAIL,0,0,NO_ORIGIN,0,0,1,1,1,1,0,0.0,,,,,0.0,1591,1524,,0,0,FAIL
1800.642,2,FAIL,0,0,NO_ORIGIN,0,0,1,1,1,1,0,0.0,,,,,0.0,1591,1524,,0,0,FAIL
1800.693,2,FAIL,0,0,NO_ORIGIN,0,0,1,1,1,1,0,0.0,,,,,0.0,1591,1524,,0,0,FAIL
1800.743,2,FAIL,0,0,NO_ORIGIN,0,0,1,1,1,1,0,0.0,,,,,0.0,1591,1524,,0,0,FAIL
1800.794,2,FAIL,0,0,NO_ORIGIN,0,0,1,1,1,1,0,0.0,,,,,0.0,1591,1524,,0,0,FAIL
1800.844,2,FAIL,0,0,NO_ORIGIN,0,0,1,1,1,1,0,0.0,,,,,0.0,1591,1524,,0,0,FAIL
1800.895,2,FAIL,0,0,NO_ORIGIN,0,0,1,1,1,1,0,0.0,,,,,0.0,1591,1524,,0,0,FAIL
1800.945,2,FAIL,0,0,NO_ORIGIN,0,0,1,1,1,1,0,0.0,,,,,0.0,1591,1524,,0,0,FAIL
1800.995,2,FAIL,0,0,NO_ORIGIN,0,0,1,1,1,1,0,0.0,,,,,0.0,1591,1524,,0,0,FAIL
1801.046,2,FAIL,0,0,NO_ORIGIN,0,0,1,1,1,1,0,0.0,,,,,0.0,1591,1524,,0,0,FAIL
1801.096,2,FAIL,0,0,NO_ORIGIN,0,0,1,1,1,1,0,0.0,,,,,0.0,1591,1524,,0,0,FAIL
1801.146,2,FAIL,0,0,NO_ORIGIN,0,0,1,1,1,1,0,0.0,,,,,0.0,1591,1524,,0,0,FAIL
1801.196,2,FAIL,0,0,NO_ORIGIN,0,0,1,1,1,1,0,0.0,,,,,0.0,1591,1524,,0,0,FAIL
1801.247,2,FAIL,0,0,NO_ORIGIN,0,0,1,1,1,1,0,0.0,,,,,0.0,1591,1524,,0,0,FAIL
1801.297,2,FAIL,0,0,NO_ORIGIN,0,0,1,1,1,1,0,0.0,,,,,0.0,1591,1524,,0,0,FAIL
1801.348,2,FAIL,0,0,NO_ORIGIN,0,0,1,1,1,1,0,0.0,,,,,0.0,1591,1524,,0,0,FAIL
1801.398,2,FAIL,0,0,NO_ORIGIN,0,0,1,1,1,1,0,0.0,,,,,0.0,1591,1524,,0,0,FAIL
1801.448,2,FAIL,0,0,NO_ORIGIN,0,0,1,1,1,1,0,0.0,,,,,0.0,1591,1524,,0,0,FAIL
1801.499,2,FAIL,0,0,NO_ORIGIN,0,0,1,1,1,1,0,0.0,,,,,0.0,1591,1524,,0,0,FAIL
1801.55,2,FAIL,0,0,NO_ORIGIN,0,0,1,1,1,1,0,0.0,,,,,0.0,1591,1524,,0,0,FAIL
1801.6,2,FAIL,0,0,NO_ORIGIN,0,0,1,1,1,1,0,0.0,,,,,0.0,1591,1524,,0,0,FAIL
1801.651,2,FAIL,0,0,NO_ORIGIN,0,0,1,1,1,1,0,0.0,,,,,0.0,1591,1524,,0,0,FAIL
1801.701,2,FAIL,0,0,NO_ORIGIN,0,0,1,1,1,1,0,0.0,,,,,0.0,1591,1524,,0,0,FAIL
1801.751,2,FAIL,0,0,NO_ORIGIN,0,0,1,1,1,1,0,0.0,,,,,0.0,1591,1524,,0,0,FAIL
1801.802,2,FAIL,0,0,NO_ORIGIN,0,0,1,1,1,1,0,0.0,,,,,0.0,1591,1524,,0,0,FAIL
1801.852,2,FAIL,0,0,NO_ORIGIN,0,0,1,1,1,1,0,0.0,,,,,0.0,1591,1524,,0,0,FAIL
1801.902,2,FAIL,0,0,NO_ORIGIN,0,0,1,1,1,1,0,0.0,,,,,0.0,1591,1524,,0,0,FAIL
1801.953,2,FAIL,0,0,NO_ORIGIN,0,0,1,1,1,1,0,0.0,,,,,0.0,1591,1524,,0,0,FAIL
1802.004,2,FAIL,0,0,NO_ORIGIN,0,0,1,1,1,1,0,0.0,,,,,0.0,1591,1524,,0,0,FAIL
1802.054,2,FAIL,0,0,NO_ORIGIN,0,0,1,1,1,1,0,0.0,,,,,0.0,1591,1524,,0,0,FAIL
1802.104,2,FAIL,0,0,NO_ORIGIN,0,0,1,1,1,1,0,0.0,,,,,0.0,1591,1524,,0,0,FAIL
1802.154,2,FAIL,0,0,NO_ORIGIN,0,0,1,1,1,1,0,0.0,,,,,0.0,1591,1524,,0,0,FAIL
1802.205,2,FAIL,0,0,NO_ORIGIN,0,0,1,1,1,1,0,0.0,,,,,0.0,1591,1524,,0,0,FAIL
1802.255,2,FAIL,0,0,NO_ORIGIN,0,0,1,1,1,1,0,0.0,,,,,0.0,1591,1524,,0,0,FAIL
1802.306,2,FAIL,0,0,NO_ORIGIN,0,0,1,1,1,1,0,0.0,,,,,0.0,1591,1524,,0,0,FAIL
1802.356,2,FAIL,0,0,NO_ORIGIN,0,0,1,1,1,1,0,0.0,,,,,0.0,1591,1524,,0,0,FAIL
1802.406,2,FAIL,0,0,NO_ORIGIN,0,0,1,1,1,1,0,0.0,,,,,0.0,1591,1524,,0,0,FAIL
1802.456,2,FAIL,0,0,NO_ORIGIN,0,0,1,1,1,1,0,0.0,,,,,0.0,1591,1524,,0,0,FAIL
1802.506,2,FAIL,0,0,NO_ORIGIN,0,0,1,1,1,1,0,0.0,,,,,0.0,1591,1524,,0,0,FAIL
1802.557,2,FAIL,0,0,NO_ORIGIN,0,0,1,1,1,1,0,0.0,,,,,0.0,1591,1524,,0,0,FAIL
1802.607,2,FAIL,0,0,NO_ORIGIN,0,0,1,1,1,1,0,0.0,,,,,0.0,1591,1524,,0,0,FAIL
1802.657,2,FAIL,0,0,NO_ORIGIN,0,0,1,1,1,1,0,0.0,,,,,0.0,1591,1524,,0,0,FAIL
1802.708,2,FAIL,0,0,NO_ORIGIN,0,0,1,1,1,1,0,0.0,,,,,0.0,1591,1524,,0,0,FAIL
1802.758,2,FAIL,0,0,NO_ORIGIN,0,0,1,1,1,1,0,0.0,,,,,0.0,1591,1524,,0,0,FAIL
1802.808,2,FAIL,0,0,NO_ORIGIN,0,0,1,1,1,1,0,0.0,,,,,0.0,1591,1524,,0,0,FAIL
1802.859,2,FAIL,0,0,NO_ORIGIN,0,0,1,1,1,1,0,0.0,,,,,0.0,1591,1524,,0,0,FAIL
1802.909,2,FAIL,0,0,NO_ORIGIN,0,0,1,1,1,1,0,0.0,,,,,0.0,1591,1524,,0,0,FAIL
1802.959,2,FAIL,0,0,NO_ORIGIN,0,0,1,1,1,1,0,0.0,,,,,0.0,1591,1524,,0,0,FAIL
1803.01,2,FAIL,0,0,NO_ORIGIN,0,0,1,1,1,1,0,0.0,,,,,0.0,1591,1524,,0,0,FAIL
1803.06,2,FAIL,0,0,NO_ORIGIN,0,0,1,1,1,1,0,0.0,,,,,0.0,1591,1524,,0,0,FAIL
1803.111,2,FAIL,0,0,NO_ORIGIN,0,0,1,1,1,1,0,0.0,,,,,0.0,1591,1524,,0,0,FAIL
1803.161,2,FAIL,0,0,NO_ORIGIN,0,0,1,1,1,1,0,0.0,,,,,0.0,1591,1524,,0,0,FAIL
1803.211,2,FAIL,0,0,NO_ORIGIN,0,0,1,1,1,1,0,0.0,,,,,0.0,1591,1524,,0,0,FAIL
1803.261,2,FAIL,0,0,NO_ORIGIN,0,0,1,1,1,1,0,0.0,,,,,0.0,1591,1524,,0,0,FAIL
1803.312,2,FAIL,0,0,NO_ORIGIN,0,0,1,1,1,1,0,0.0,,,,,0.0,1591,1524,,0,0,FAIL
1803.362,2,FAIL,0,0,NO_ORIGIN,0,0,1,1,1,1,0,0.0,,,,,0.0,1591,1524,,0,0,FAIL
1803.413,2,FAIL,0,0,NO_ORIGIN,0,0,1,1,1,1,0,0.0,,,,,0.0,1591,1524,,0,0,FAIL
1803.463,2,FAIL,0,0,NO_ORIGIN,0,0,1,1,1,1,0,0.0,,,,,0.0,1591,1524,,0,0,FAIL
1803.513,2,FAIL,0,0,NO_ORIGIN,0,0,1,1,1,1,0,0.0,,,,,0.0,1591,1524,,0,0,FAIL
1803.564,2,FAIL,0,0,NO_ORIGIN,0,0,1,1,1,1,0,0.0,,,,,0.0,1591,1524,,0,0,FAIL
1803.615,2,FAIL,0,0,NO_ORIGIN,0,0,1,1,1,1,0,0.0,,,,,0.0,1591,1524,,0,0,FAIL
1803.665,2,FAIL,0,0,NO_ORIGIN,0,0,1,1,1,1,0,0.0,,,,,0.0,1591,1524,,0,0,FAIL
1803.715,2,FAIL,0,0,NO_ORIGIN,0,0,1,1,1,1,0,0.0,,,,,0.0,1591,1524,,0,0,FAIL
1803.766,2,FAIL,0,0,NO_ORIGIN,0,0,1,1,1,1,0,0.0,,,,,0.0,1591,1524,,0,0,FAIL
1803.817,2,FAIL,0,0,NO_ORIGIN,0,0,1,1,1,1,0,0.0,,,,,0.0,1591,1524,,0,0,FAIL
1803.868,2,FAIL,0,0,NO_ORIGIN,0,0,1,1,1,1,0,0.0,,,,,0.0,1591,1524,,0,0,FAIL
1803.919,2,FAIL,0,0,NO_ORIGIN,0,0,1,1,1,1,0,0.0,,,,,0.0,1591,1524,,0,0,FAIL
1803.972,2,FAIL,0,0,NO_ORIGIN,0,0,1,1,1,1,0,0.0,,,,,0.0,1591,1524,,0,0,FAIL
1804.023,2,FAIL,0,0,NO_ORIGIN,0,0,1,1,1,1,0,0.0,,,,,0.0,1591,1524,,0,0,FAIL
1804.073,2,FAIL,0,0,NO_ORIGIN,0,0,1,1,1,1,0,0.0,,,,,0.0,1591,1524,,0,0,FAIL
1804.123,2,FAIL,0,0,NO_ORIGIN,0,0,1,1,1,1,0,0.0,,,,,0.0,1591,1524,,0,0,FAIL
1804.173,2,FAIL,0,0,NO_ORIGIN,0,0,1,1,1,1,0,0.0,,,,,0.0,1591,1524,,0,0,FAIL
1804.224,2,FAIL,0,0,NO_ORIGIN,0,0,1,1,1,1,0,0.0,,,,,0.0,1591,1524,,0,0,FAIL
1804.274,2,FAIL,0,0,NO_ORIGIN,0,0,1,1,1,1,0,0.0,,,,,0.0,1591,1524,,0,0,FAIL
1804.324,2,FAIL,0,0,NO_ORIGIN,0,0,1,1,1,1,0,0.0,,,,,0.0,1591,1524,,0,0,FAIL
1804.374,2,FAIL,0,0,NO_ORIGIN,0,0,1,1,1,1,0,0.0,,,,,0.0,1591,1524,,0,0,FAIL
1804.424,2,FAIL,0,0,NO_ORIGIN,0,0,1,1,1,1,0,0.0,,,,,0.0,1591,1524,,0,0,FAIL
1804.474,2,FAIL,0,0,NO_ORIGIN,0,0,1,1,1,1,0,0.0,,,,,0.0,1591,1524,,0,0,FAIL
1804.525,2,FAIL,0,0,NO_ORIGIN,0,0,1,1,1,1,0,0.0,,,,,0.0,1591,1524,,0,0,FAIL
1804.575,2,FAIL,0,0,NO_ORIGIN,0,0,1,1,1,1,0,0.0,,,,,0.0,1591,1524,,0,0,FAIL
1804.625,2,FAIL,0,0,NO_ORIGIN,0,0,1,1,1,1,0,0.0,,,,,0.0,1591,1524,,0,0,FAIL
1804.675,2,FAIL,0,0,NO_ORIGIN,0,0,1,1,1,1,0,0.0,,,,,0.0,1591,1524,,0,0,FAIL
1804.725,2,FAIL,0,0,NO_ORIGIN,0,0,1,1,1,1,0,0.0,,,,,0.0,1591,1524,,0,0,FAIL
1804.775,2,FAIL,0,0,NO_ORIGIN,0,0,1,1,1,1,0,0.0,,,,,0.0,1591,1524,,0,0,FAIL
1804.826,2,FAIL,0,0,NO_ORIGIN,0,0,1,1,1,1,0,0.0,,,,,0.0,1591,1524,,0,0,FAIL
1804.876,2,FAIL,0,0,NO_ORIGIN,0,0,1,1,1,1,0,0.0,,,,,0.0,1591,1524,,0,0,FAIL
1804.926,2,FAIL,0,0,NO_ORIGIN,0,0,1,1,1,1,0,0.0,,,,,0.0,1591,1524,,0,0,FAIL
1804.976,2,FAIL,0,0,NO_ORIGIN,0,0,1,1,1,1,0,0.0,,,,,0.0,1591,1524,,0,0,FAIL
1805.026,2,FAIL,0,0,NO_ORIGIN,0,0,1,1,1,1,0,0.0,,,,,0.0,1591,1524,,0,0,FAIL
1805.077,2,FAIL,0,0,NO_ORIGIN,0,0,1,1,1,1,0,0.0,,,,,0.0,1591,1524,,0,0,FAIL
1805.127,2,FAIL,0,0,NO_ORIGIN,0,0,1,1,1,1,0,0.0,,,,,0.0,1591,1524,,0,0,FAIL
1805.177,2,FAIL,0,0,NO_ORIGIN,0,0,1,1,1,1,0,0.0,,,,,0.0,1591,1524,,0,0,FAIL
1805.227,2,FAIL,0,0,NO_ORIGIN,0,0,1,1,1,1,0,0.0,,,,,0.0,1591,1524,,0,0,FAIL
1805.278,2,FAIL,0,0,NO_ORIGIN,0,0,1,1,1,1,0,0.0,,,,,0.0,1591,1524,,0,0,FAIL
1805.328,2,FAIL,0,0,NO_ORIGIN,0,0,1,1,1,1,0,0.0,,,,,0.0,1591,1524,,0,0,FAIL
1805.378,2,FAIL,0,0,NO_ORIGIN,0,0,1,1,1,1,0,0.0,,,,,0.0,1591,1524,,0,0,FAIL
1805.428,2,FAIL,0,0,NO_ORIGIN,0,0,1,1,1,1,0,0.0,,,,,0.0,1591,1524,,0,0,FAIL
1805.478,2,FAIL,0,0,NO_ORIGIN,0,0,1,1,1,1,0,0.0,,,,,0.0,1591,1524,,0,0,FAIL
1805.529,2,FAIL,0,0,NO_ORIGIN,0,0,1,1,1,1,0,0.0,,,,,0.0,1591,1524,,0,0,FAIL
1805.579,2,FAIL,0,0,NO_ORIGIN,0,0,1,1,1,1,0,0.0,,,,,0.0,1591,1524,,0,0,FAIL
1805.631,2,FAIL,0,0,NO_ORIGIN,0,0,1,1,1,1,0,0.0,,,,,0.0,1591,1524,,0,0,FAIL
1805.681,2,FAIL,0,0,NO_ORIGIN,0,0,1,1,1,1,0,0.0,,,,,0.0,1591,1524,,0,0,FAIL
1805.731,2,FAIL,0,0,NO_ORIGIN,0,0,1,1,1,1,0,0.0,,,,,0.0,1591,1524,,0,0,FAIL
1805.781,2,FAIL,0,0,NO_ORIGIN,0,0,1,1,1,1,0,0.0,,,,,0.0,1591,1524,,0,0,FAIL
1805.831,2,FAIL,0,0,NO_ORIGIN,0,0,1,1,1,1,0,0.0,,,,,0.0,1591,1524,,0,0,FAIL
1805.881,2,FAIL,0,0,NO_ORIGIN,0,0,1,1,1,1,0,0.0,,,,,0.0,1591,1524,,0,0,FAIL
1805.932,2,FAIL,0,0,NO_ORIGIN,0,0,1,1,1,1,0,0.0,,,,,0.0,1591,1524,,0,0,FAIL
1805.982,2,FAIL,0,0,NO_ORIGIN,0,0,1,1,1,1,0,0.0,,,,,0.0,1591,1524,,0,0,FAIL
1806.032,2,FAIL,0,0,NO_ORIGIN,0,0,1,1,1,1,0,0.0,,,,,0.0,1591,1524,,0,0,FAIL
1806.082,2,FAIL,0,0,NO_ORIGIN,0,0,1,1,1,1,0,0.0,,,,,0.0,1591,1524,,0,0,FAIL
1806.133,2,FAIL,0,0,NO_ORIGIN,0,0,1,1,1,1,0,0.0,,,,,0.0,1591,1524,,0,0,FAIL
1806.183,2,FAIL,0,0,NO_ORIGIN,0,0,1,1,1,1,0,0.0,,,,,0.0,1591,1524,,0,0,FAIL
1806.233,2,FAIL,0,0,NO_ORIGIN,0,0,1,1,1,1,0,0.0,,,,,0.0,1591,1524,,0,0,FAIL
1806.283,2,FAIL,0,0,NO_ORIGIN,0,0,1,1,1,1,0,0.0,,,,,0.0,1591,1524,,0,0,FAIL
1806.333,2,FAIL,0,0,NO_ORIGIN,0,0,1,1,1,1,0,0.0,,,,,0.0,1591,1524,,0,0,FAIL
1806.383,2,FAIL,0,0,NO_ORIGIN,0,0,1,1,1,1,0,0.0,,,,,0.0,1591,1524,,0,0,FAIL
1806.434,2,FAIL,0,0,NO_ORIGIN,0,0,1,1,1,1,0,0.0,,,,,0.0,1591,1524,,0,0,FAIL
1806.484,2,FAIL,0,0,NO_ORIGIN,0,0,1,1,1,1,0,0.0,,,,,0.0,1591,1524,,0,0,FAIL
1806.538,2,FAIL,0,0,NO_ORIGIN,0,0,1,1,1,1,0,0.0,,,,,0.0,1591,1524,,0,0,FAIL
1806.588,2,FAIL,0,0,NO_ORIGIN,0,0,1,1,1,1,0,0.0,,,,,0.0,1591,1524,,0,0,FAIL
1806.638,2,FAIL,0,0,NO_ORIGIN,0,0,1,1,1,1,0,0.0,,,,,0.0,1591,1524,,0,0,FAIL
1806.688,2,FAIL,0,0,NO_ORIGIN,0,0,1,1,1,1,0,0.0,,,,,0.0,1591,1524,,0,0,FAIL
1806.738,2,FAIL,0,0,NO_ORIGIN,0,0,1,1,1,1,0,0.0,,,,,0.0,1591,1524,,0,0,FAIL
1806.789,2,FAIL,0,0,NO_ORIGIN,0,0,1,1,1,1,0,0.0,,,,,0.0,1591,1524,,0,0,FAIL
1806.839,2,FAIL,0,0,NO_ORIGIN,0,0,1,1,1,1,0,0.0,,,,,0.0,1591,1524,,0,0,FAIL
1806.889,2,FAIL,0,0,NO_ORIGIN,0,0,1,1,1,1,0,0.0,,,,,0.0,1591,1524,,0,0,FAIL
1806.939,2,FAIL,0,0,NO_ORIGIN,0,0,1,1,1,1,0,0.0,,,,,0.0,1591,1524,,0,0,FAIL
1806.989,2,FAIL,0,0,NO_ORIGIN,0,0,1,1,1,1,0,0.0,,,,,0.0,1591,1524,,0,0,FAIL
1807.039,2,FAIL,0,0,NO_ORIGIN,0,0,1,1,1,1,0,0.0,,,,,0.0,1591,1524,,0,0,FAIL
1807.09,2,FAIL,0,0,NO_ORIGIN,0,0,1,1,1,1,0,0.0,,,,,0.0,1591,1524,,0,0,FAIL
1807.14,2,FAIL,0,0,NO_ORIGIN,0,0,1,1,1,1,0,0.0,,,,,0.0,1591,1524,,0,0,FAIL
1807.191,2,FAIL,0,0,NO_ORIGIN,0,0,1,1,1,1,0,0.0,,,,,0.0,1591,1524,,0,0,FAIL
1807.242,2,FAIL,0,0,NO_ORIGIN,0,0,1,1,1,1,0,0.0,,,,,0.0,1591,1524,,0,0,FAIL
1807.292,2,FAIL,0,0,NO_ORIGIN,0,0,1,1,1,1,0,0.0,,,,,0.0,1591,1524,,0,0,FAIL
1807.344,2,FAIL,0,0,NO_ORIGIN,0,0,1,1,1,1,0,0.0,,,,,0.0,1591,1524,,0,0,FAIL
1807.394,2,FAIL,0,0,NO_ORIGIN,0,0,1,1,1,1,0,0.0,,,,,0.0,1591,1524,,0,0,FAIL
1807.445,2,FAIL,0,0,NO_ORIGIN,0,0,1,1,1,1,0,0.0,,,,,0.0,1591,1524,,0,0,FAIL
1807.495,2,FAIL,0,0,NO_ORIGIN,0,0,1,1,1,1,0,0.0,,,,,0.0,1591,1524,,0,0,FAIL
1807.546,2,FAIL,0,0,NO_ORIGIN,0,0,1,1,1,1,0,0.0,,,,,0.0,1591,1524,,0,0,FAIL
1807.596,2,FAIL,0,0,NO_ORIGIN,0,0,1,1,1,1,0,0.0,,,,,0.0,1591,1524,,0,0,FAIL
1807.646,2,FAIL,0,0,NO_ORIGIN,0,0,1,1,1,1,0,0.0,,,,,0.0,1591,1524,,0,0,FAIL
1807.696,2,FAIL,0,0,NO_ORIGIN,0,0,1,1,1,1,0,0.0,,,,,0.0,1591,1524,,0,0,FAIL
1807.746,2,FAIL,0,0,NO_ORIGIN,0,0,1,1,1,1,0,0.0,,,,,0.0,1591,1524,,0,0,FAIL
1807.796,2,FAIL,0,0,NO_ORIGIN,0,0,1,1,1,1,0,0.0,,,,,0.0,1591,1524,,0,0,FAIL
1807.847,2,FAIL,0,0,NO_ORIGIN,0,0,1,1,1,1,0,0.0,,,,,0.0,1591,1524,,0,0,FAIL
1807.897,2,FAIL,0,0,NO_ORIGIN,0,0,1,1,1,1,0,0.0,,,,,0.0,1591,1524,,0,0,FAIL
1807.948,2,FAIL,0,0,NO_ORIGIN,0,0,1,1,1,1,0,0.0,,,,,0.0,1591,1524,,0,0,FAIL
1807.998,2,FAIL,0,0,NO_ORIGIN,0,0,1,1,1,1,0,0.0,,,,,0.0,1591,1524,,0,0,FAIL
1808.048,2,FAIL,0,0,NO_ORIGIN,0,0,1,1,1,1,0,0.0,,,,,0.0,1591,1524,,0,0,FAIL
1808.098,2,FAIL,0,0,NO_ORIGIN,0,0,1,1,1,1,0,0.0,,,,,0.0,1591,1524,,0,0,FAIL
1808.149,2,FAIL,0,0,NO_ORIGIN,0,0,1,1,1,1,0,0.0,,,,,0.0,1591,1524,,0,0,FAIL
1808.199,2,FAIL,0,0,NO_ORIGIN,0,0,1,1,1,1,0,0.0,,,,,0.0,1591,1524,,0,0,FAIL
1808.249,2,FAIL,0,0,NO_ORIGIN,0,0,1,1,1,1,0,0.0,,,,,0.0,1591,1524,,0,0,FAIL
1808.299,2,FAIL,0,0,NO_ORIGIN,0,0,1,1,1,1,0,0.0,,,,,0.0,1591,1524,,0,0,FAIL
1808.349,2,FAIL,0,0,NO_ORIGIN,0,0,1,1,1,1,0,0.0,,,,,0.0,1591,1524,,0,0,FAIL
1808.399,2,FAIL,0,0,NO_ORIGIN,0,0,1,1,1,1,0,0.0,,,,,0.0,1591,1524,,0,0,FAIL
1808.45,2,FAIL,0,0,NO_ORIGIN,0,0,1,1,1,1,0,0.0,,,,,0.0,1591,1524,,0,0,FAIL
1808.5,2,FAIL,0,0,NO_ORIGIN,0,0,1,1,1,1,0,0.0,,,,,0.0,1591,1524,,0,0,FAIL
1808.55,2,FAIL,0,0,NO_ORIGIN,0,0,1,1,1,1,0,0.0,,,,,0.0,1591,1524,,0,0,FAIL
1808.601,2,FAIL,0,0,NO_ORIGIN,0,0,1,1,1,1,0,0.0,,,,,0.0,1591,1524,,0,0,FAIL
1808.651,2,FAIL,0,0,NO_ORIGIN,0,0,1,1,1,1,0,0.0,,,,,0.0,1591,1524,,0,0,FAIL
1808.701,2,FAIL,0,0,NO_ORIGIN,0,0,1,1,1,1,0,0.0,,,,,0.0,1591,1524,,0,0,FAIL
1808.752,2,FAIL,0,0,NO_ORIGIN,0,0,1,1,1,1,0,0.0,,,,,0.0,1591,1524,,0,0,FAIL
1808.802,2,FAIL,0,0,NO_ORIGIN,0,0,1,1,1,1,0,0.0,,,,,0.0,1591,1524,,0,0,FAIL
1808.852,2,FAIL,0,0,NO_ORIGIN,0,0,1,1,1,1,0,0.0,,,,,0.0,1591,1524,,0,0,FAIL
1808.902,2,FAIL,0,0,NO_ORIGIN,0,0,1,1,1,1,0,0.0,,,,,0.0,1591,1524,,0,0,FAIL
1808.953,2,FAIL,0,0,NO_ORIGIN,0,0,1,1,1,1,0,0.0,,,,,0.0,1591,1524,,0,0,FAIL
1809.003,2,FAIL,0,0,NO_ORIGIN,0,0,1,1,1,1,0,0.0,,,,,0.0,1591,1524,,0,0,FAIL
1809.053,2,FAIL,0,0,NO_ORIGIN,0,0,1,1,1,1,0,0.0,,,,,0.0,1591,1524,,0,0,FAIL
1809.103,2,FAIL,0,0,NO_ORIGIN,0,0,1,1,1,1,0,0.0,,,,,0.0,1591,1524,,0,0,FAIL
1809.153,2,FAIL,0,0,NO_ORIGIN,0,0,1,1,1,1,0,0.0,,,,,0.0,1591,1524,,0,0,FAIL
1809.204,2,FAIL,0,0,NO_ORIGIN,0,0,1,1,1,1,0,0.0,,,,,0.0,1591,1524,,0,0,FAIL
1809.255,2,FAIL,0,0,NO_ORIGIN,0,0,1,1,1,1,0,0.0,,,,,0.0,1591,1524,,0,0,FAIL
1809.305,2,FAIL,0,0,NO_ORIGIN,0,0,1,1,1,1,0,0.0,,,,,0.0,1591,1524,,0,0,FAIL
1809.356,2,FAIL,0,0,NO_ORIGIN,0,0,1,1,1,1,0,0.0,,,,,0.0,1591,1524,,0,0,FAIL
1809.406,2,FAIL,0,0,NO_ORIGIN,0,0,1,1,1,1,0,0.0,,,,,0.0,1591,1524,,0,0,FAIL
1809.457,2,FAIL,0,0,NO_ORIGIN,0,0,1,1,1,1,0,0.0,,,,,0.0,1591,1524,,0,0,FAIL
1809.507,2,FAIL,0,0,NO_ORIGIN,0,0,1,1,1,1,0,0.0,,,,,0.0,1591,1524,,0,0,FAIL
1809.558,2,FAIL,0,0,NO_ORIGIN,0,0,1,1,1,1,0,0.0,,,,,0.0,1591,1524,,0,0,FAIL
1809.608,2,FAIL,0,0,NO_ORIGIN,0,0,1,1,1,1,0,0.0,,,,,0.0,1591,1524,,0,0,FAIL
1809.659,2,FAIL,0,0,NO_ORIGIN,0,0,1,1,1,1,0,0.0,,,,,0.0,1591,1524,,0,0,FAIL
1809.709,2,FAIL,0,0,NO_ORIGIN,0,0,1,1,1,1,0,0.0,,,,,0.0,1591,1524,,0,0,FAIL
1809.76,2,FAIL,0,0,NO_ORIGIN,0,0,1,1,1,1,0,0.0,,,,,0.0,1591,1524,,0,0,FAIL
1809.811,2,FAIL,0,0,NO_ORIGIN,0,0,1,1,1,1,0,0.0,,,,,0.0,1591,1524,,0,0,FAIL
1809.864,2,FAIL,0,0,NO_ORIGIN,0,0,1,1,1,1,0,0.0,,,,,0.0,1591,1524,,0,0,FAIL
1809.914,2,FAIL,0,0,NO_ORIGIN,0,0,1,1,1,1,0,0.0,,,,,0.0,1591,1524,,0,0,FAIL
1809.966,2,FAIL,0,0,NO_ORIGIN,0,0,1,1,1,1,0,0.0,,,,,0.0,1591,1524,,0,0,FAIL
1810.016,2,FAIL,0,0,NO_ORIGIN,0,0,1,1,1,1,0,0.0,,,,,0.0,1591,1524,,0,0,FAIL
1810.067,2,FAIL,0,0,NO_ORIGIN,0,0,1,1,1,1,0,0.0,,,,,0.0,1591,1524,,0,0,FAIL
1810.117,2,FAIL,0,0,NO_ORIGIN,0,0,1,1,1,1,0,0.0,,,,,0.0,1591,1524,,0,0,FAIL
1810.167,2,FAIL,0,0,NO_ORIGIN,0,0,1,1,1,1,0,0.0,,,,,0.0,1591,1524,,0,0,FAIL
1810.218,2,FAIL,0,0,NO_ORIGIN,0,0,1,1,1,1,0,0.0,,,,,0.0,1591,1524,,0,0,FAIL
1810.268,2,FAIL,0,0,NO_ORIGIN,0,0,1,1,1,1,0,0.0,,,,,0.0,1591,1524,,0,0,FAIL
1810.318,2,FAIL,0,0,NO_ORIGIN,0,0,1,1,1,1,0,0.0,,,,,0.0,1591,1524,,0,0,FAIL
1810.368,2,FAIL,0,0,NO_ORIGIN,0,0,1,1,1,1,0,0.0,,,,,0.0,1591,1524,,0,0,FAIL
1810.418,2,FAIL,0,0,NO_ORIGIN,0,0,1,1,1,1,0,0.0,,,,,0.0,1591,1524,,0,0,FAIL
1810.469,2,FAIL,0,0,NO_ORIGIN,0,0,1,1,1,1,0,0.0,,,,,0.0,1591,1524,,0,0,FAIL
1810.519,2,FAIL,0,0,NO_ORIGIN,0,0,1,1,1,1,0,0.0,,,,,0.0,1591,1524,,0,0,FAIL
1810.57,2,FAIL,0,0,NO_ORIGIN,0,0,1,1,1,1,0,0.0,,,,,0.0,1591,1524,,0,0,FAIL
1810.62,2,FAIL,0,0,NO_ORIGIN,0,0,1,1,1,1,0,0.0,,,,,0.0,1591,1524,,0,0,FAIL
1810.67,2,FAIL,0,0,NO_ORIGIN,0,0,1,1,1,1,0,0.0,,,,,0.0,1591,1524,,0,0,FAIL
1810.72,2,FAIL,0,0,NO_ORIGIN,0,0,1,1,1,1,0,0.0,,,,,0.0,1591,1524,,0,0,FAIL
1810.77,2,FAIL,0,0,NO_ORIGIN,0,0,1,1,1,1,0,0.0,,,,,0.0,1591,1524,,0,0,FAIL
1810.82,2,FAIL,0,0,NO_ORIGIN,0,0,1,1,1,1,0,0.0,,,,,0.0,1591,1524,,0,0,FAIL
1810.871,2,FAIL,0,0,NO_ORIGIN,0,0,1,1,1,1,0,0.0,,,,,0.0,1591,1524,,0,0,FAIL
1810.921,2,FAIL,0,0,NO_ORIGIN,0,0,1,1,1,1,0,0.0,,,,,0.0,1591,1524,,0,0,FAIL
1810.971,2,FAIL,0,0,NO_ORIGIN,0,0,1,1,1,1,0,0.0,,,,,0.0,1591,1524,,0,0,FAIL
1811.021,2,FAIL,0,0,NO_ORIGIN,0,0,1,1,1,1,0,0.0,,,,,0.0,1591,1524,,0,0,FAIL
1811.071,2,FAIL,0,0,NO_ORIGIN,0,0,1,1,1,1,0,0.0,,,,,0.0,1591,1524,,0,0,FAIL
1811.121,2,FAIL,0,0,NO_ORIGIN,0,0,1,1,1,1,0,0.0,,,,,0.0,1591,1524,,0,0,FAIL
1811.172,2,FAIL,0,0,NO_ORIGIN,0,0,1,1,1,1,0,0.0,,,,,0.0,1591,1524,,0,0,FAIL
1811.222,2,FAIL,0,0,NO_ORIGIN,0,0,1,1,1,1,0,0.0,,,,,0.0,1591,1524,,0,0,FAIL
1811.272,2,FAIL,0,0,NO_ORIGIN,0,0,1,1,1,1,0,0.0,,,,,0.0,1591,1524,,0,0,FAIL
1811.322,2,FAIL,0,0,NO_ORIGIN,0,0,1,1,1,1,0,0.0,,,,,0.0,1591,1524,,0,0,FAIL
1811.372,2,FAIL,0,0,NO_ORIGIN,0,0,1,1,1,1,0,0.0,,,,,0.0,1591,1524,,0,0,FAIL
1811.422,2,FAIL,0,0,NO_ORIGIN,0,0,1,1,1,1,0,0.0,,,,,0.0,1591,1524,,0,0,FAIL
1811.473,2,FAIL,0,0,NO_ORIGIN,0,0,1,1,1,1,0,0.0,,,,,0.0,1591,1524,,0,0,FAIL
1811.523,2,FAIL,0,0,NO_ORIGIN,0,0,1,1,1,1,0,0.0,,,,,0.0,1591,1524,,0,0,FAIL
1811.573,2,FAIL,0,0,NO_ORIGIN,0,0,1,1,1,1,0,0.0,,,,,0.0,1591,1524,,0,0,FAIL
1811.623,2,FAIL,0,0,NO_ORIGIN,0,0,1,1,1,1,0,0.0,,,,,0.0,1591,1524,,0,0,FAIL
1811.673,2,FAIL,0,0,NO_ORIGIN,0,0,1,1,1,1,0,0.0,,,,,0.0,1591,1524,,0,0,FAIL
1811.723,2,FAIL,0,0,NO_ORIGIN,0,0,1,1,1,1,0,0.0,,,,,0.0,1591,1524,,0,0,FAIL
1811.774,2,FAIL,0,0,NO_ORIGIN,0,0,1,1,1,1,0,0.0,,,,,0.0,1591,1524,,0,0,FAIL
1811.824,2,FAIL,0,0,NO_ORIGIN,0,0,1,1,1,1,0,0.0,,,,,0.0,1591,1524,,0,0,FAIL
1811.875,2,FAIL,0,0,NO_ORIGIN,0,0,1,1,1,1,0,0.0,,,,,0.0,1591,1524,,0,0,FAIL
1811.925,2,FAIL,0,0,NO_ORIGIN,0,0,1,1,1,1,0,0.0,,,,,0.0,1591,1524,,0,0,FAIL
1811.976,2,FAIL,0,0,NO_ORIGIN,0,0,1,1,1,1,0,0.0,,,,,0.0,1591,1524,,0,0,FAIL
1812.026,2,FAIL,0,0,NO_ORIGIN,0,0,1,1,1,1,0,0.0,,,,,0.0,1591,1524,,0,0,FAIL
1812.077,2,FAIL,0,0,NO_ORIGIN,0,0,1,1,1,1,0,0.0,,,,,0.0,1591,1524,,0,0,FAIL
1812.127,2,FAIL,0,0,NO_ORIGIN,0,0,1,1,1,1,0,0.0,,,,,0.0,1591,1524,,0,0,FAIL
1812.177,2,FAIL,0,0,NO_ORIGIN,0,0,1,1,1,1,0,0.0,,,,,0.0,1591,1524,,0,0,FAIL
1812.227,2,FAIL,0,0,NO_ORIGIN,0,0,1,1,1,1,0,0.0,,,,,0.0,1591,1524,,0,0,FAIL
1812.277,2,FAIL,0,0,NO_ORIGIN,0,0,1,1,1,1,0,0.0,,,,,0.0,1591,1524,,0,0,FAIL
1812.327,2,FAIL,0,0,NO_ORIGIN,0,0,1,1,1,1,0,0.0,,,,,0.0,1591,1524,,0,0,FAIL
1812.377,2,FAIL,0,0,NO_ORIGIN,0,0,1,1,1,1,0,0.0,,,,,0.0,1591,1524,,0,0,FAIL
1812.428,2,FAIL,0,0,NO_ORIGIN,0,0,1,1,1,1,0,0.0,,,,,0.0,1591,1524,,0,0,FAIL
1812.478,2,FAIL,0,0,NO_ORIGIN,0,0,1,1,1,1,0,0.0,,,,,0.0,1591,1524,,0,0,FAIL
1812.528,2,FAIL,0,0,NO_ORIGIN,0,0,1,1,1,1,0,0.0,,,,,0.0,1591,1524,,0,0,FAIL
1812.578,2,FAIL,0,0,NO_ORIGIN,0,0,1,1,1,1,0,0.0,,,,,0.0,1591,1524,,0,0,FAIL
1812.628,2,FAIL,0,0,NO_ORIGIN,0,0,1,1,1,1,0,0.0,,,,,0.0,1591,1524,,0,0,FAIL
1812.678,2,FAIL,0,0,NO_ORIGIN,0,0,1,1,1,1,0,0.0,,,,,0.0,1591,1524,,0,0,FAIL
1812.729,2,FAIL,0,0,NO_ORIGIN,0,0,1,1,1,1,0,0.0,,,,,0.0,1591,1524,,0,0,FAIL
1812.779,2,FAIL,0,0,NO_ORIGIN,0,0,1,1,1,1,0,0.0,,,,,0.0,1591,1524,,0,0,FAIL
1812.829,2,FAIL,0,0,NO_ORIGIN,0,0,1,1,1,1,0,0.0,,,,,0.0,1591,1524,,0,0,FAIL
1812.88,2,FAIL,0,0,NO_ORIGIN,0,0,1,1,1,1,0,0.0,,,,,0.0,1591,1524,,0,0,FAIL
1812.932,2,FAIL,0,0,NO_ORIGIN,0,0,1,1,1,1,0,0.0,,,,,0.0,1591,1524,,0,0,FAIL
1812.983,2,FAIL,0,0,NO_ORIGIN,0,0,1,1,1,1,0,0.0,,,,,0.0,1591,1524,,0,0,FAIL
1813.033,2,FAIL,0,0,NO_ORIGIN,0,0,1,1,1,1,0,0.0,,,,,0.0,1591,1524,,0,0,FAIL
1813.083,2,FAIL,0,0,NO_ORIGIN,0,0,1,1,1,1,0,0.0,,,,,0.0,1591,1524,,0,0,FAIL
1813.133,2,FAIL,0,0,NO_ORIGIN,0,0,1,1,1,1,0,0.0,,,,,0.0,1591,1524,,0,0,FAIL
1813.184,2,FAIL,0,0,NO_ORIGIN,0,0,1,1,1,1,0,0.0,,,,,0.0,1591,1524,,0,0,FAIL
1813.234,2,FAIL,0,0,NO_ORIGIN,0,0,1,1,1,1,0,0.0,,,,,0.0,1591,1524,,0,0,FAIL
1813.284,2,FAIL,0,0,NO_ORIGIN,0,0,1,1,1,1,0,0.0,,,,,0.0,1591,1524,,0,0,FAIL
1813.334,2,FAIL,0,0,NO_ORIGIN,0,0,1,1,1,1,0,0.0,,,,,0.0,1591,1524,,0,0,FAIL
1813.384,2,FAIL,0,0,NO_ORIGIN,0,0,1,1,1,1,0,0.0,,,,,0.0,1591,1524,,0,0,FAIL
1813.434,2,FAIL,0,0,NO_ORIGIN,0,0,1,1,1,1,0,0.0,,,,,0.0,1591,1524,,0,0,FAIL
1813.485,2,FAIL,0,0,NO_ORIGIN,0,0,1,1,1,1,0,0.0,,,,,0.0,1591,1524,,0,0,FAIL
1813.535,2,FAIL,0,0,NO_ORIGIN,0,0,1,1,1,1,0,0.0,,,,,0.0,1591,1524,,0,0,FAIL
1813.585,2,FAIL,0,0,NO_ORIGIN,0,0,1,1,1,1,0,0.0,,,,,0.0,1591,1524,,0,0,FAIL
1813.635,2,FAIL,0,0,NO_ORIGIN,0,0,1,1,1,1,0,0.0,,,,,0.0,1591,1524,,0,0,FAIL
1813.686,2,FAIL,0,0,NO_ORIGIN,0,0,1,1,1,1,0,0.0,,,,,0.0,1591,1524,,0,0,FAIL
1813.736,2,FAIL,0,0,NO_ORIGIN,0,0,1,1,1,1,0,0.0,,,,,0.0,1591,1524,,0,0,FAIL
1813.786,2,FAIL,0,0,NO_ORIGIN,0,0,1,1,1,1,0,0.0,,,,,0.0,1591,1524,,0,0,FAIL
1813.837,2,FAIL,0,0,NO_ORIGIN,0,0,1,1,1,1,0,0.0,,,,,0.0,1591,1524,,0,0,FAIL
1813.887,2,FAIL,0,0,NO_ORIGIN,0,0,1,1,1,1,0,0.0,,,,,0.0,1591,1524,,0,0,FAIL
1813.938,2,FAIL,0,0,NO_ORIGIN,0,0,1,1,1,1,0,0.0,,,,,0.0,1591,1524,,0,0,FAIL
1813.988,2,FAIL,0,0,NO_ORIGIN,0,0,1,1,1,1,0,0.0,,,,,0.0,1591,1524,,0,0,FAIL
1814.038,2,FAIL,0,0,NO_ORIGIN,0,0,1,1,1,1,0,0.0,,,,,0.0,1591,1524,,0,0,FAIL
1814.088,2,FAIL,0,0,NO_ORIGIN,0,0,1,1,1,1,0,0.0,,,,,0.0,1591,1524,,0,0,FAIL
1814.139,2,FAIL,0,0,NO_ORIGIN,0,0,1,1,1,1,0,0.0,,,,,0.0,1591,1524,,0,0,FAIL
1814.189,2,FAIL,0,0,NO_ORIGIN,0,0,1,1,1,1,0,0.0,,,,,0.0,1591,1524,,0,0,FAIL
1814.239,2,FAIL,0,0,NO_ORIGIN,0,0,1,1,1,1,0,0.0,,,,,0.0,1591,1524,,0,0,FAIL
1814.291,2,FAIL,0,0,NO_ORIGIN,0,0,1,1,1,1,0,0.0,,,,,0.0,1591,1524,,0,0,FAIL
1814.341,2,FAIL,0,0,NO_ORIGIN,0,0,1,1,1,1,0,0.0,,,,,0.0,1591,1524,,0,0,FAIL
1814.391,2,FAIL,0,0,NO_ORIGIN,0,0,1,1,1,1,0,0.0,,,,,0.0,1591,1524,,0,0,FAIL
1814.442,2,FAIL,0,0,NO_ORIGIN,0,0,1,1,1,1,0,0.0,,,,,0.0,1591,1524,,0,0,FAIL
1814.493,2,FAIL,0,0,NO_ORIGIN,0,0,1,1,1,1,0,0.0,,,,,0.0,1591,1524,,0,0,FAIL
1814.543,2,FAIL,0,0,NO_ORIGIN,0,0,1,1,1,1,0,0.0,,,,,0.0,1591,1524,,0,0,FAIL
1814.594,2,FAIL,0,0,NO_ORIGIN,0,0,1,1,1,1,0,0.0,,,,,0.0,1591,1524,,0,0,FAIL
1814.644,2,FAIL,0,0,NO_ORIGIN,0,0,1,1,1,1,0,0.0,,,,,0.0,1591,1524,,0,0,FAIL
1814.694,2,FAIL,0,0,NO_ORIGIN,0,0,1,1,1,1,0,0.0,,,,,0.0,1591,1524,,0,0,FAIL
1814.744,2,FAIL,0,0,NO_ORIGIN,0,0,1,1,1,1,0,0.0,,,,,0.0,1591,1524,,0,0,FAIL
1814.796,2,FAIL,0,0,NO_ORIGIN,0,0,1,1,1,1,0,0.0,,,,,0.0,1591,1524,,0,0,FAIL
1814.846,2,FAIL,0,0,NO_ORIGIN,0,0,1,1,1,1,0,0.0,,,,,0.0,1591,1524,,0,0,FAIL
1814.897,2,FAIL,0,0,NO_ORIGIN,0,0,1,1,1,1,0,0.0,,,,,0.0,1591,1524,,0,0,FAIL
1814.947,2,FAIL,0,0,NO_ORIGIN,0,0,1,1,1,1,0,0.0,,,,,0.0,1591,1524,,0,0,FAIL
1814.997,2,FAIL,0,0,NO_ORIGIN,0,0,1,1,1,1,0,0.0,,,,,0.0,1591,1524,,0,0,FAIL
1815.048,2,FAIL,0,0,NO_ORIGIN,0,0,1,1,1,1,0,0.0,,,,,0.0,1591,1524,,0,0,FAIL
1815.098,2,FAIL,0,0,NO_ORIGIN,0,0,1,1,1,1,0,0.0,,,,,0.0,1591,1524,,0,0,FAIL
1815.148,2,FAIL,0,0,NO_ORIGIN,0,0,1,1,1,1,0,0.0,,,,,0.0,1591,1524,,0,0,FAIL
1815.199,2,FAIL,0,0,NO_ORIGIN,0,0,1,1,1,1,0,0.0,,,,,0.0,1591,1524,,0,0,FAIL
1815.249,2,FAIL,0,0,NO_ORIGIN,0,0,1,1,1,1,0,0.0,,,,,0.0,1591,1524,,0,0,FAIL
1815.301,2,FAIL,0,0,NO_ORIGIN,0,0,1,1,1,1,0,0.0,,,,,0.0,1591,1524,,0,0,FAIL
1815.351,2,FAIL,0,0,NO_ORIGIN,0,0,1,1,1,1,0,0.0,,,,,0.0,1591,1524,,0,0,FAIL
1815.401,2,FAIL,0,0,NO_ORIGIN,0,0,1,1,1,1,0,0.0,,,,,0.0,1591,1524,,0,0,FAIL
1815.451,2,FAIL,0,0,NO_ORIGIN,0,0,1,1,1,1,0,0.0,,,,,0.0,1591,1524,,0,0,FAIL
1815.502,2,FAIL,0,0,NO_ORIGIN,0,0,1,1,1,1,0,0.0,,,,,0.0,1591,1524,,0,0,FAIL
1815.552,2,FAIL,0,0,NO_ORIGIN,0,0,1,1,1,1,0,0.0,,,,,0.0,1591,1524,,0,0,FAIL
1815.602,2,FAIL,0,0,NO_ORIGIN,0,0,1,1,1,1,0,0.0,,,,,0.0,1591,1524,,0,0,FAIL
1815.652,2,FAIL,0,0,NO_ORIGIN,0,0,1,1,1,1,0,0.0,,,,,0.0,1591,1524,,0,0,FAIL
1815.702,2,FAIL,0,0,NO_ORIGIN,0,0,1,1,1,1,0,0.0,,,,,0.0,1591,1524,,0,0,FAIL
1815.753,2,FAIL,0,0,NO_ORIGIN,0,0,1,1,1,1,0,0.0,,,,,0.0,1591,1524,,0,0,FAIL
1815.803,2,FAIL,0,0,NO_ORIGIN,0,0,1,1,1,1,0,0.0,,,,,0.0,1591,1524,,0,0,FAIL
1815.853,2,FAIL,0,0,NO_ORIGIN,0,0,1,1,1,1,0,0.0,,,,,0.0,1591,1524,,0,0,FAIL
1815.903,2,FAIL,0,0,NO_ORIGIN,0,0,1,1,1,1,0,0.0,,,,,0.0,1591,1524,,0,0,FAIL
1815.955,2,FAIL,0,0,NO_ORIGIN,0,0,1,1,1,1,0,0.0,,,,,0.0,1591,1524,,0,0,FAIL
1816.005,2,FAIL,0,0,NO_ORIGIN,0,0,1,1,1,1,0,0.0,,,,,0.0,1591,1524,,0,0,FAIL
1816.056,2,FAIL,0,0,NO_ORIGIN,0,0,1,1,1,1,0,0.0,,,,,0.0,1591,1524,,0,0,FAIL
1816.106,2,FAIL,0,0,NO_ORIGIN,0,0,1,1,1,1,0,0.0,,,,,0.0,1591,1524,,0,0,FAIL
1816.156,2,FAIL,0,0,NO_ORIGIN,0,0,1,1,1,1,0,0.0,,,,,0.0,1591,1524,,0,0,FAIL
1816.208,2,FAIL,0,0,NO_ORIGIN,0,0,1,1,1,1,0,0.0,,,,,0.0,1591,1524,,0,0,FAIL
1816.26,2,FAIL,0,0,NO_ORIGIN,0,0,1,1,1,1,0,0.0,,,,,0.0,1591,1524,,0,0,FAIL
1816.31,2,FAIL,0,0,NO_ORIGIN,0,0,1,1,1,1,0,0.0,,,,,0.0,1591,1524,,0,0,FAIL
1816.36,2,FAIL,0,0,NO_ORIGIN,0,0,1,1,1,1,0,0.0,,,,,0.0,1591,1524,,0,0,FAIL
1816.411,2,FAIL,0,0,NO_ORIGIN,0,0,1,1,1,1,0,0.0,,,,,0.0,1591,1524,,0,0,FAIL
1816.461,2,FAIL,0,0,NO_ORIGIN,0,0,1,1,1,1,0,0.0,,,,,0.0,1591,1524,,0,0,FAIL
1816.512,2,FAIL,0,0,NO_ORIGIN,0,0,1,1,1,1,0,0.0,,,,,0.0,1591,1524,,0,0,FAIL
1816.562,2,FAIL,0,0,NO_ORIGIN,0,0,1,1,1,1,0,0.0,,,,,0.0,1591,1524,,0,0,FAIL
1816.612,2,FAIL,0,0,NO_ORIGIN,0,0,1,1,1,1,0,0.0,,,,,0.0,1591,1524,,0,0,FAIL
1816.662,2,FAIL,0,0,NO_ORIGIN,0,0,1,1,1,1,0,0.0,,,,,0.0,1591,1524,,0,0,FAIL
1816.713,2,FAIL,0,0,NO_ORIGIN,0,0,1,1,1,1,0,0.0,,,,,0.0,1591,1524,,0,0,FAIL
1816.763,2,FAIL,0,0,NO_ORIGIN,0,0,1,1,1,1,0,0.0,,,,,0.0,1591,1524,,0,0,FAIL
1816.813,2,FAIL,0,0,NO_ORIGIN,0,0,1,1,1,1,0,0.0,,,,,0.0,1591,1524,,0,0,FAIL
1816.863,2,FAIL,0,0,NO_ORIGIN,0,0,1,1,1,1,0,0.0,,,,,0.0,1591,1524,,0,0,FAIL
1816.913,2,FAIL,0,0,NO_ORIGIN,0,0,1,1,1,1,0,0.0,,,,,0.0,1591,1524,,0,0,FAIL
1816.963,2,FAIL,0,0,NO_ORIGIN,0,0,1,1,1,1,0,0.0,,,,,0.0,1591,1524,,0,0,FAIL
1817.014,2,FAIL,0,0,NO_ORIGIN,0,0,1,1,1,1,0,0.0,,,,,0.0,1591,1524,,0,0,FAIL
1817.064,2,FAIL,0,0,NO_ORIGIN,0,0,1,1,1,1,0,0.0,,,,,0.0,1591,1524,,0,0,FAIL
1817.114,2,FAIL,0,0,NO_ORIGIN,0,0,1,1,1,1,0,0.0,,,,,0.0,1591,1524,,0,0,FAIL
1817.164,2,FAIL,0,0,NO_ORIGIN,0,0,1,1,1,1,0,0.0,,,,,0.0,1591,1524,,0,0,FAIL
1817.214,2,FAIL,0,0,NO_ORIGIN,0,0,1,1,1,1,0,0.0,,,,,0.0,1591,1524,,0,0,FAIL
1817.265,2,FAIL,0,0,NO_ORIGIN,0,0,1,1,1,1,0,0.0,,,,,0.0,1591,1524,,0,0,FAIL
1817.315,2,FAIL,0,0,NO_ORIGIN,0,0,1,1,1,1,0,0.0,,,,,0.0,1591,1524,,0,0,FAIL
1817.365,2,FAIL,0,0,NO_ORIGIN,0,0,1,1,1,1,0,0.0,,,,,0.0,1591,1524,,0,0,FAIL
1817.415,2,FAIL,0,0,NO_ORIGIN,0,0,1,1,1,1,0,0.0,,,,,0.0,1591,1524,,0,0,FAIL
1817.466,2,FAIL,0,0,NO_ORIGIN,0,0,1,1,1,1,0,0.0,,,,,0.0,1591,1524,,0,0,FAIL
1817.516,2,FAIL,0,0,NO_ORIGIN,0,0,1,1,1,1,0,0.0,,,,,0.0,1591,1524,,0,0,FAIL
1817.566,2,FAIL,0,0,NO_ORIGIN,0,0,1,1,1,1,0,0.0,,,,,0.0,1591,1524,,0,0,FAIL
1817.617,2,FAIL,0,0,NO_ORIGIN,0,0,1,1,1,1,0,0.0,,,,,0.0,1591,1524,,0,0,FAIL
1817.667,2,FAIL,0,0,NO_ORIGIN,0,0,1,1,1,1,0,0.0,,,,,0.0,1591,1524,,0,0,FAIL
1817.718,2,FAIL,0,0,NO_ORIGIN,0,0,1,1,1,1,0,0.0,,,,,0.0,1591,1524,,0,0,FAIL
1817.769,2,FAIL,0,0,NO_ORIGIN,0,0,1,1,1,1,0,0.0,,,,,0.0,1591,1524,,0,0,FAIL
1817.819,2,FAIL,0,0,NO_ORIGIN,0,0,1,1,1,1,0,0.0,,,,,0.0,1591,1524,,0,0,FAIL
1817.869,2,FAIL,0,0,NO_ORIGIN,0,0,1,1,1,1,0,0.0,,,,,0.0,1591,1524,,0,0,FAIL
1817.92,2,FAIL,0,0,NO_ORIGIN,0,0,1,1,1,1,0,0.0,,,,,0.0,1591,1524,,0,0,FAIL
1817.97,2,FAIL,0,0,NO_ORIGIN,0,0,1,1,1,1,0,0.0,,,,,0.0,1591,1524,,0,0,FAIL
1818.02,2,FAIL,0,0,NO_ORIGIN,0,0,1,1,1,1,0,0.0,,,,,0.0,1591,1524,,0,0,FAIL
1818.07,2,FAIL,0,0,NO_ORIGIN,0,0,1,1,1,1,0,0.0,,,,,0.0,1591,1524,,0,0,FAIL
1818.121,2,FAIL,0,0,NO_ORIGIN,0,0,1,1,1,1,0,0.0,,,,,0.0,1591,1524,,0,0,FAIL
1818.171,2,FAIL,0,0,NO_ORIGIN,0,0,1,1,1,1,0,0.0,,,,,0.0,1591,1524,,0,0,FAIL
1818.224,2,FAIL,0,0,NO_ORIGIN,0,0,1,1,1,1,0,0.0,,,,,0.0,1591,1524,,0,0,FAIL
1818.274,2,FAIL,0,0,NO_ORIGIN,0,0,1,1,1,1,0,0.0,,,,,0.0,1591,1524,,0,0,FAIL
1818.325,2,FAIL,0,0,NO_ORIGIN,0,0,1,1,1,1,0,0.0,,,,,0.0,1591,1524,,0,0,FAIL
1818.375,2,FAIL,0,0,NO_ORIGIN,0,0,1,1,1,1,0,0.0,,,,,0.0,1591,1524,,0,0,FAIL
1818.426,2,FAIL,0,0,NO_ORIGIN,0,0,1,1,1,1,0,0.0,,,,,0.0,1591,1524,,0,0,FAIL
1818.476,2,FAIL,0,0,NO_ORIGIN,0,0,1,1,1,1,0,0.0,,,,,0.0,1591,1524,,0,0,FAIL
1818.527,2,FAIL,0,0,NO_ORIGIN,0,0,1,1,1,1,0,0.0,,,,,0.0,1591,1524,,0,0,FAIL
1818.577,2,FAIL,0,0,NO_ORIGIN,0,0,1,1,1,1,0,0.0,,,,,0.0,1591,1524,,0,0,FAIL
1818.631,2,FAIL,0,0,NO_ORIGIN,0,0,1,1,1,1,0,0.0,,,,,0.0,1591,1524,,0,0,FAIL
1818.681,2,FAIL,0,0,NO_ORIGIN,0,0,1,1,1,1,0,0.0,,,,,0.0,1591,1524,,0,0,FAIL
1818.733,2,FAIL,0,0,NO_ORIGIN,0,0,1,1,1,1,0,0.0,,,,,0.0,1591,1524,,0,0,FAIL
1818.783,2,FAIL,0,0,NO_ORIGIN,0,0,1,1,1,1,0,0.0,,,,,0.0,1591,1524,,0,0,FAIL
1818.833,2,FAIL,0,0,NO_ORIGIN,0,0,1,1,1,1,0,0.0,,,,,0.0,1591,1524,,0,0,FAIL
1818.883,2,FAIL,0,0,NO_ORIGIN,0,0,1,1,1,1,0,0.0,,,,,0.0,1591,1524,,0,0,FAIL
1818.933,2,FAIL,0,0,NO_ORIGIN,0,0,1,1,1,1,0,0.0,,,,,0.0,1591,1524,,0,0,FAIL
1818.983,2,FAIL,0,0,NO_ORIGIN,0,0,1,1,1,1,0,0.0,,,,,0.0,1591,1524,,0,0,FAIL
1819.034,2,FAIL,0,0,NO_ORIGIN,0,0,1,1,1,1,0,0.0,,,,,0.0,1591,1524,,0,0,FAIL
1819.084,2,FAIL,0,0,NO_ORIGIN,0,0,1,1,1,1,0,0.0,,,,,0.0,1591,1524,,0,0,FAIL
1819.134,2,FAIL,0,0,NO_ORIGIN,0,0,1,1,1,1,0,0.0,,,,,0.0,1591,1524,,0,0,FAIL
1819.184,2,FAIL,0,0,NO_ORIGIN,0,0,1,1,1,1,0,0.0,,,,,0.0,1591,1524,,0,0,FAIL
1819.234,2,FAIL,0,0,NO_ORIGIN,0,0,1,1,1,1,0,0.0,,,,,0.0,1591,1524,,0,0,FAIL
1819.284,2,FAIL,0,0,NO_ORIGIN,0,0,1,1,1,1,0,0.0,,,,,0.0,1591,1524,,0,0,FAIL
1819.335,2,FAIL,0,0,NO_ORIGIN,0,0,1,1,1,1,0,0.0,,,,,0.0,1591,1524,,0,0,FAIL
1819.385,2,FAIL,0,0,NO_ORIGIN,0,0,1,1,1,1,0,0.0,,,,,0.0,1591,1524,,0,0,FAIL
1819.435,2,FAIL,0,0,NO_ORIGIN,0,0,1,1,1,1,0,0.0,,,,,0.0,1591,1524,,0,0,FAIL
1819.485,2,FAIL,0,0,NO_ORIGIN,0,0,1,1,1,1,0,0.0,,,,,0.0,1591,1524,,0,0,FAIL
1819.535,2,FAIL,0,0,NO_ORIGIN,0,0,1,1,1,1,0,0.0,,,,,0.0,1591,1524,,0,0,FAIL
1819.586,2,FAIL,0,0,NO_ORIGIN,0,0,1,1,1,1,0,0.0,,,,,0.0,1591,1524,,0,0,FAIL
1819.636,2,FAIL,0,0,NO_ORIGIN,0,0,1,1,1,1,0,0.0,,,,,0.0,1591,1524,,0,0,FAIL
1819.686,2,FAIL,0,0,NO_ORIGIN,0,0,1,1,1,1,0,0.0,,,,,0.0,1591,1524,,0,0,FAIL
1819.736,2,FAIL,0,0,NO_ORIGIN,0,0,1,1,1,1,0,0.0,,,,,0.0,1591,1524,,0,0,FAIL
1819.786,2,FAIL,0,0,NO_ORIGIN,0,0,1,1,1,1,0,0.0,,,,,0.0,1591,1524,,0,0,FAIL
1819.836,2,FAIL,0,0,NO_ORIGIN,0,0,1,1,1,1,0,0.0,,,,,0.0,1591,1524,,0,0,FAIL
1819.887,2,FAIL,0,0,NO_ORIGIN,0,0,1,1,1,1,0,0.0,,,,,0.0,1591,1524,,0,0,FAIL
1819.937,2,FAIL,0,0,NO_ORIGIN,0,0,1,1,1,1,0,0.0,,,,,0.0,1591,1524,,0,0,FAIL
1819.987,2,FAIL,0,0,NO_ORIGIN,0,0,1,1,1,1,0,0.0,,,,,0.0,1591,1524,,0,0,FAIL
1820.037,2,FAIL,0,0,NO_ORIGIN,0,0,1,1,1,1,0,0.0,,,,,0.0,1591,1524,,0,0,FAIL
1820.087,2,FAIL,0,0,NO_ORIGIN,0,0,1,1,1,1,0,0.0,,,,,0.0,1591,1524,,0,0,FAIL
1820.14,2,FAIL,0,0,NO_ORIGIN,0,0,1,1,1,1,0,0.0,,,,,0.0,1591,1524,,0,0,FAIL
1820.191,2,FAIL,0,0,NO_ORIGIN,0,0,1,1,1,1,0,0.0,,,,,0.0,1591,1524,,0,0,FAIL
1820.241,2,FAIL,0,0,NO_ORIGIN,0,0,1,1,1,1,0,0.0,,,,,0.0,1591,1524,,0,0,FAIL
1820.291,2,FAIL,0,0,NO_ORIGIN,0,0,1,1,1,1,0,0.0,,,,,0.0,1591,1524,,0,0,FAIL
1820.341,2,FAIL,0,0,NO_ORIGIN,0,0,1,1,1,1,0,0.0,,,,,0.0,1591,1524,,0,0,FAIL
1820.392,2,FAIL,0,0,NO_ORIGIN,0,0,1,1,1,1,0,0.0,,,,,0.0,1591,1524,,0,0,FAIL
1820.442,2,FAIL,0,0,NO_ORIGIN,0,0,1,1,1,1,0,0.0,,,,,0.0,1591,1524,,0,0,FAIL
1820.492,2,FAIL,0,0,NO_ORIGIN,0,0,1,1,1,1,0,0.0,,,,,0.0,1591,1524,,0,0,FAIL
1820.543,2,FAIL,0,0,NO_ORIGIN,0,0,1,1,1,1,0,0.0,,,,,0.0,1591,1524,,0,0,FAIL
1820.593,2,FAIL,0,0,NO_ORIGIN,0,0,1,1,1,1,0,0.0,,,,,0.0,1591,1524,,0,0,FAIL
1820.643,2,FAIL,0,0,NO_ORIGIN,0,0,1,1,1,1,0,0.0,,,,,0.0,1591,1524,,0,0,FAIL
1820.693,2,FAIL,0,0,NO_ORIGIN,0,0,1,1,1,1,0,0.0,,,,,0.0,1591,1524,,0,0,FAIL
1820.743,2,FAIL,0,0,NO_ORIGIN,0,0,1,1,1,1,0,0.0,,,,,0.0,1591,1524,,0,0,FAIL
1820.793,2,FAIL,0,0,NO_ORIGIN,0,0,1,1,1,1,0,0.0,,,,,0.0,1591,1524,,0,0,FAIL
1820.844,2,FAIL,0,0,NO_ORIGIN,0,0,1,1,1,1,0,0.0,,,,,0.0,1591,1524,,0,0,FAIL
1820.894,2,FAIL,0,0,NO_ORIGIN,0,0,1,1,1,1,0,0.0,,,,,0.0,1591,1524,,0,0,FAIL
1820.944,2,FAIL,0,0,NO_ORIGIN,0,0,1,1,1,1,0,0.0,,,,,0.0,1591,1524,,0,0,FAIL
1820.994,2,FAIL,0,0,NO_ORIGIN,0,0,1,1,1,1,0,0.0,,,,,0.0,1591,1524,,0,0,FAIL
1821.045,2,FAIL,0,0,NO_ORIGIN,0,0,1,1,1,1,0,0.0,,,,,0.0,1591,1524,,0,0,FAIL
1821.095,2,FAIL,0,0,NO_ORIGIN,0,0,1,1,1,1,0,0.0,,,,,0.0,1591,1524,,0,0,FAIL
1821.145,2,FAIL,0,0,NO_ORIGIN,0,0,1,1,1,1,0,0.0,,,,,0.0,1591,1524,,0,0,FAIL
1821.196,2,FAIL,0,0,NO_ORIGIN,0,0,1,1,1,1,0,0.0,,,,,0.0,1591,1524,,0,0,FAIL
1821.246,2,FAIL,0,0,NO_ORIGIN,0,0,1,1,1,1,0,0.0,,,,,0.0,1591,1524,,0,0,FAIL
1821.296,2,FAIL,0,0,NO_ORIGIN,0,0,1,1,1,1,0,0.0,,,,,0.0,1591,1524,,0,0,FAIL
1821.346,2,FAIL,0,0,NO_ORIGIN,0,0,1,1,1,1,0,0.0,,,,,0.0,1591,1524,,0,0,FAIL
1821.396,2,FAIL,0,0,NO_ORIGIN,0,0,1,1,1,1,0,0.0,,,,,0.0,1591,1524,,0,0,FAIL
1821.447,2,FAIL,0,0,NO_ORIGIN,0,0,1,1,1,1,0,0.0,,,,,0.0,1591,1524,,0,0,FAIL
1821.497,2,FAIL,0,0,NO_ORIGIN,0,0,1,1,1,1,0,0.0,,,,,0.0,1591,1524,,0,0,FAIL
1821.548,2,FAIL,0,0,NO_ORIGIN,0,0,1,1,1,1,0,0.0,,,,,0.0,1591,1524,,0,0,FAIL
1821.598,2,FAIL,0,0,NO_ORIGIN,0,0,1,1,1,1,0,0.0,,,,,0.0,1591,1524,,0,0,FAIL
1821.648,2,FAIL,0,0,NO_ORIGIN,0,0,1,1,1,1,0,0.0,,,,,0.0,1591,1524,,0,0,FAIL
1821.698,2,FAIL,0,0,NO_ORIGIN,0,0,1,1,1,1,0,0.0,,,,,0.0,1591,1524,,0,0,FAIL
1821.753,2,FAIL,0,0,NO_ORIGIN,0,0,1,1,1,1,0,0.0,,,,,0.0,1591,1524,,0,0,FAIL
1821.803,2,FAIL,0,0,NO_ORIGIN,0,0,1,1,1,1,0,0.0,,,,,0.0,1591,1524,,0,0,FAIL
1821.853,2,FAIL,0,0,NO_ORIGIN,0,0,1,1,1,1,0,0.0,,,,,0.0,1591,1524,,0,0,FAIL
1821.904,2,FAIL,0,0,NO_ORIGIN,0,0,1,1,1,1,0,0.0,,,,,0.0,1591,1524,,0,0,FAIL
1821.954,2,FAIL,0,0,NO_ORIGIN,0,0,1,1,1,1,0,0.0,,,,,0.0,1591,1524,,0,0,FAIL
1822.004,2,FAIL,0,0,NO_ORIGIN,0,0,1,1,1,1,0,0.0,,,,,0.0,1591,1524,,0,0,FAIL
1822.055,2,FAIL,0,0,NO_ORIGIN,0,0,1,1,1,1,0,0.0,,,,,0.0,1591,1524,,0,0,FAIL
1822.105,2,FAIL,0,0,NO_ORIGIN,0,0,1,1,1,1,0,0.0,,,,,0.0,1591,1524,,0,0,FAIL
1822.157,2,FAIL,0,0,NO_ORIGIN,0,0,1,1,1,1,0,0.0,,,,,0.0,1591,1524,,0,0,FAIL
1822.207,2,FAIL,0,0,NO_ORIGIN,0,0,1,1,1,1,0,0.0,,,,,0.0,1591,1524,,0,0,FAIL
1822.259,2,FAIL,0,0,NO_ORIGIN,0,0,1,1,1,1,0,0.0,,,,,0.0,1591,1524,,0,0,FAIL
1822.309,2,FAIL,0,0,NO_ORIGIN,0,0,1,1,1,1,0,0.0,,,,,0.0,1591,1524,,0,0,FAIL
1822.361,2,FAIL,0,0,NO_ORIGIN,0,0,1,1,1,1,0,0.0,,,,,0.0,1591,1524,,0,0,FAIL
1822.411,2,FAIL,0,0,NO_ORIGIN,0,0,1,1,1,1,0,0.0,,,,,0.0,1591,1524,,0,0,FAIL
1822.461,2,FAIL,0,0,NO_ORIGIN,0,0,1,1,1,1,0,0.0,,,,,0.0,1591,1524,,0,0,FAIL
1822.514,2,FAIL,0,0,NO_ORIGIN,0,0,1,1,1,1,0,0.0,,,,,0.0,1591,1524,,0,0,FAIL
1822.564,2,FAIL,0,0,NO_ORIGIN,0,0,1,1,1,1,0,0.0,,,,,0.0,1591,1524,,0,0,FAIL
1822.614,2,FAIL,0,0,NO_ORIGIN,0,0,1,1,1,1,0,0.0,,,,,0.0,1591,1524,,0,0,FAIL
1822.665,2,FAIL,0,0,NO_ORIGIN,0,0,1,1,1,1,0,0.0,,,,,0.0,1591,1524,,0,0,FAIL
1822.716,2,FAIL,0,0,NO_ORIGIN,0,0,1,1,1,1,0,0.0,,,,,0.0,1591,1524,,0,0,FAIL
1822.766,2,FAIL,0,0,NO_ORIGIN,0,0,1,1,1,1,0,0.0,,,,,0.0,1591,1524,,0,0,FAIL
1822.817,2,FAIL,0,0,NO_ORIGIN,0,0,1,1,1,1,0,0.0,,,,,0.0,1591,1524,,0,0,FAIL
1822.867,2,FAIL,0,0,NO_ORIGIN,0,0,1,1,1,1,0,0.0,,,,,0.0,1591,1524,,0,0,FAIL
1822.917,2,FAIL,0,0,NO_ORIGIN,0,0,1,1,1,1,0,0.0,,,,,0.0,1591,1524,,0,0,FAIL
1822.967,2,FAIL,0,0,NO_ORIGIN,0,0,1,1,1,1,0,0.0,,,,,0.0,1591,1524,,0,0,FAIL
1823.018,2,FAIL,0,0,NO_ORIGIN,0,0,1,1,1,1,0,0.0,,,,,0.0,1591,1524,,0,0,FAIL
1823.068,2,FAIL,0,0,NO_ORIGIN,0,0,1,1,1,1,0,0.0,,,,,0.0,1591,1524,,0,0,FAIL
1823.118,2,FAIL,0,0,NO_ORIGIN,0,0,1,1,1,1,0,0.0,,,,,0.0,1591,1524,,0,0,FAIL
1823.168,2,FAIL,0,0,NO_ORIGIN,0,0,1,1,1,1,0,0.0,,,,,0.0,1591,1524,,0,0,FAIL
1823.218,2,FAIL,0,0,NO_ORIGIN,0,0,1,1,1,1,0,0.0,,,,,0.0,1591,1524,,0,0,FAIL
1823.268,2,FAIL,0,0,NO_ORIGIN,0,0,1,1,1,1,0,0.0,,,,,0.0,1591,1524,,0,0,FAIL
1823.319,2,FAIL,0,0,NO_ORIGIN,0,0,1,1,1,1,0,0.0,,,,,0.0,1591,1524,,0,0,FAIL
1823.369,2,FAIL,0,0,NO_ORIGIN,0,0,1,1,1,1,0,0.0,,,,,0.0,1591,1524,,0,0,FAIL
1823.419,2,FAIL,0,0,NO_ORIGIN,0,0,1,1,1,1,0,0.0,,,,,0.0,1591,1524,,0,0,FAIL
1823.469,2,FAIL,0,0,NO_ORIGIN,0,0,1,1,1,1,0,0.0,,,,,0.0,1591,1524,,0,0,FAIL
1823.519,2,FAIL,0,0,NO_ORIGIN,0,0,1,1,1,1,0,0.0,,,,,0.0,1591,1524,,0,0,FAIL
1823.571,2,FAIL,0,0,NO_ORIGIN,0,0,1,1,1,1,0,0.0,,,,,0.0,1591,1524,,0,0,FAIL
1823.621,2,FAIL,0,0,NO_ORIGIN,0,0,1,1,1,1,0,0.0,,,,,0.0,1591,1524,,0,0,FAIL
1823.671,2,FAIL,0,0,NO_ORIGIN,0,0,1,1,1,1,0,0.0,,,,,0.0,1591,1524,,0,0,FAIL
1823.721,2,FAIL,0,0,NO_ORIGIN,0,0,1,1,1,1,0,0.0,,,,,0.0,1591,1524,,0,0,FAIL
1823.771,2,FAIL,0,0,NO_ORIGIN,0,0,1,1,1,1,0,0.0,,,,,0.0,1591,1524,,0,0,FAIL
1823.822,2,FAIL,0,0,NO_ORIGIN,0,0,1,1,1,1,0,0.0,,,,,0.0,1591,1524,,0,0,FAIL
1823.872,2,FAIL,0,0,NO_ORIGIN,0,0,1,1,1,1,0,0.0,,,,,0.0,1591,1524,,0,0,FAIL
1823.922,2,FAIL,0,0,NO_ORIGIN,0,0,1,1,1,1,0,0.0,,,,,0.0,1591,1524,,0,0,FAIL
1823.973,2,FAIL,0,0,NO_ORIGIN,0,0,1,1,1,1,0,0.0,,,,,0.0,1591,1524,,0,0,FAIL
1824.023,2,FAIL,0,0,NO_ORIGIN,0,0,1,1,1,1,0,0.0,,,,,0.0,1591,1524,,0,0,FAIL
1824.073,2,FAIL,0,0,NO_ORIGIN,0,0,1,1,1,1,0,0.0,,,,,0.0,1591,1524,,0,0,FAIL
1824.123,2,FAIL,0,0,NO_ORIGIN,0,0,1,1,1,1,0,0.0,,,,,0.0,1591,1524,,0,0,FAIL
1824.174,2,FAIL,0,0,NO_ORIGIN,0,0,1,1,1,1,0,0.0,,,,,0.0,1591,1524,,0,0,FAIL
1824.224,2,FAIL,0,0,NO_ORIGIN,0,0,1,1,1,1,0,0.0,,,,,0.0,1591,1524,,0,0,FAIL
1824.274,2,FAIL,0,0,NO_ORIGIN,0,0,1,1,1,1,0,0.0,,,,,0.0,1591,1524,,0,0,FAIL
1824.324,2,FAIL,0,0,NO_ORIGIN,0,0,1,1,1,1,0,0.0,,,,,0.0,1591,1524,,0,0,FAIL
1824.376,2,FAIL,0,0,NO_ORIGIN,0,0,1,1,1,1,0,0.0,,,,,0.0,1591,1524,,0,0,FAIL
1824.426,2,FAIL,0,0,NO_ORIGIN,0,0,1,1,1,1,0,0.0,,,,,0.0,1591,1524,,0,0,FAIL
1824.476,2,FAIL,0,0,NO_ORIGIN,0,0,1,1,1,1,0,0.0,,,,,0.0,1591,1524,,0,0,FAIL
1824.526,2,FAIL,0,0,NO_ORIGIN,0,0,1,1,1,1,0,0.0,,,,,0.0,1591,1524,,0,0,FAIL
1824.577,2,FAIL,0,0,NO_ORIGIN,0,0,1,1,1,1,0,0.0,,,,,0.0,1591,1524,,0,0,FAIL
1824.627,2,FAIL,0,0,NO_ORIGIN,0,0,1,1,1,1,0,0.0,,,,,0.0,1591,1524,,0,0,FAIL
1824.677,2,FAIL,0,0,NO_ORIGIN,0,0,1,1,1,1,0,0.0,,,,,0.0,1591,1524,,0,0,FAIL
1824.727,2,FAIL,0,0,NO_ORIGIN,0,0,1,1,1,1,0,0.0,,,,,0.0,1591,1524,,0,0,FAIL
1824.777,2,FAIL,0,0,NO_ORIGIN,0,0,1,1,1,1,0,0.0,,,,,0.0,1591,1524,,0,0,FAIL
1824.828,2,FAIL,0,0,NO_ORIGIN,0,0,1,1,1,1,0,0.0,,,,,0.0,1591,1524,,0,0,FAIL
1824.878,2,FAIL,0,0,NO_ORIGIN,0,0,1,1,1,1,0,0.0,,,,,0.0,1591,1524,,0,0,FAIL
1824.929,2,FAIL,0,0,NO_ORIGIN,0,0,1,1,1,1,0,0.0,,,,,0.0,1591,1524,,0,0,FAIL
1824.979,2,FAIL,0,0,NO_ORIGIN,0,0,1,1,1,1,0,0.0,,,,,0.0,1591,1524,,0,0,FAIL
1825.029,2,FAIL,0,0,NO_ORIGIN,0,0,1,1,1,1,0,0.0,,,,,0.0,1591,1524,,0,0,FAIL
1825.079,2,FAIL,0,0,NO_ORIGIN,0,0,1,1,1,1,0,0.0,,,,,0.0,1591,1524,,0,0,FAIL
1825.129,2,FAIL,0,0,NO_ORIGIN,0,0,1,1,1,1,0,0.0,,,,,0.0,1591,1524,,0,0,FAIL
1825.18,2,FAIL,0,0,NO_ORIGIN,0,0,1,1,1,1,0,0.0,,,,,0.0,1591,1524,,0,0,FAIL
1825.23,2,FAIL,0,0,NO_ORIGIN,0,0,1,1,1,1,0,0.0,,,,,0.0,1591,1524,,0,0,FAIL
1825.28,2,FAIL,0,0,NO_ORIGIN,0,0,1,1,1,1,0,0.0,,,,,0.0,1591,1524,,0,0,FAIL
1825.331,2,FAIL,0,0,NO_ORIGIN,0,0,1,1,1,1,0,0.0,,,,,0.0,1591,1524,,0,0,FAIL
1825.381,2,FAIL,0,0,NO_ORIGIN,0,0,1,1,1,1,0,0.0,,,,,0.0,1591,1524,,0,0,FAIL
1825.431,2,FAIL,0,0,NO_ORIGIN,0,0,1,1,1,1,0,0.0,,,,,0.0,1591,1524,,0,0,FAIL
1825.482,2,FAIL,0,0,NO_ORIGIN,0,0,1,1,1,1,0,0.0,,,,,0.0,1591,1524,,0,0,FAIL
1825.532,2,FAIL,0,0,NO_ORIGIN,0,0,1,1,1,1,0,0.0,,,,,0.0,1591,1524,,0,0,FAIL
1825.582,2,FAIL,0,0,NO_ORIGIN,0,0,1,1,1,1,0,0.0,,,,,0.0,1591,1524,,0,0,FAIL
1825.632,2,FAIL,0,0,NO_ORIGIN,0,0,1,1,1,1,0,0.0,,,,,0.0,1591,1524,,0,0,FAIL
1825.682,2,FAIL,0,0,NO_ORIGIN,0,0,1,1,1,1,0,0.0,,,,,0.0,1591,1524,,0,0,FAIL
1825.732,2,FAIL,0,0,NO_ORIGIN,0,0,1,1,1,1,0,0.0,,,,,0.0,1591,1524,,0,0,FAIL
1825.783,2,FAIL,0,0,NO_ORIGIN,0,0,1,1,1,1,0,0.0,,,,,0.0,1591,1524,,0,0,FAIL
1825.833,2,FAIL,0,0,NO_ORIGIN,0,0,1,1,1,1,0,0.0,,,,,0.0,1591,1524,,0,0,FAIL
1825.883,2,FAIL,0,0,NO_ORIGIN,0,0,1,1,1,1,0,0.0,,,,,0.0,1591,1524,,0,0,FAIL
1825.933,2,FAIL,0,0,NO_ORIGIN,0,0,1,1,1,1,0,0.0,,,,,0.0,1591,1524,,0,0,FAIL
1825.983,2,FAIL,0,0,NO_ORIGIN,0,0,1,1,1,1,0,0.0,,,,,0.0,1591,1524,,0,0,FAIL
1826.033,2,FAIL,0,0,NO_ORIGIN,0,0,1,1,1,1,0,0.0,,,,,0.0,1591,1524,,0,0,FAIL
1826.084,2,FAIL,0,0,NO_ORIGIN,0,0,1,1,1,1,0,0.0,,,,,0.0,1591,1524,,0,0,FAIL
1826.134,2,FAIL,0,0,NO_ORIGIN,0,0,1,1,1,1,0,0.0,,,,,0.0,1591,1524,,0,0,FAIL
1826.184,2,FAIL,0,0,NO_ORIGIN,0,0,1,1,1,1,0,0.0,,,,,0.0,1591,1524,,0,0,FAIL
1826.234,2,FAIL,0,0,NO_ORIGIN,0,0,1,1,1,1,0,0.0,,,,,0.0,1591,1524,,0,0,FAIL
1826.284,2,FAIL,0,0,NO_ORIGIN,0,0,1,1,1,1,0,0.0,,,,,0.0,1591,1524,,0,0,FAIL
1826.334,2,FAIL,0,0,NO_ORIGIN,0,0,1,1,1,1,0,0.0,,,,,0.0,1591,1524,,0,0,FAIL
1826.385,2,FAIL,0,0,NO_ORIGIN,0,0,1,1,1,1,0,0.0,,,,,0.0,1591,1524,,0,0,FAIL
1826.435,2,FAIL,0,0,NO_ORIGIN,0,0,1,1,1,1,0,0.0,,,,,0.0,1591,1524,,0,0,FAIL
1826.485,2,FAIL,0,0,NO_ORIGIN,0,0,1,1,1,1,0,0.0,,,,,0.0,1591,1524,,0,0,FAIL
1826.535,2,FAIL,0,0,NO_ORIGIN,0,0,1,1,1,1,0,0.0,,,,,0.0,1591,1524,,0,0,FAIL
1826.585,2,FAIL,0,0,NO_ORIGIN,0,0,1,1,1,1,0,0.0,,,,,0.0,1591,1524,,0,0,FAIL
1826.635,2,FAIL,0,0,NO_ORIGIN,0,0,1,1,1,1,0,0.0,,,,,0.0,1591,1524,,0,0,FAIL
1826.686,2,FAIL,0,0,NO_ORIGIN,0,0,1,1,1,1,0,0.0,,,,,0.0,1591,1524,,0,0,FAIL
1826.736,2,FAIL,0,0,NO_ORIGIN,0,0,1,1,1,1,0,0.0,,,,,0.0,1591,1524,,0,0,FAIL
1826.787,2,FAIL,0,0,NO_ORIGIN,0,0,1,1,1,1,0,0.0,,,,,0.0,1591,1524,,0,0,FAIL
1826.837,2,FAIL,0,0,NO_ORIGIN,0,0,1,1,1,1,0,0.0,,,,,0.0,1591,1524,,0,0,FAIL
1826.888,2,FAIL,0,0,NO_ORIGIN,0,0,1,1,1,1,0,0.0,,,,,0.0,1591,1524,,0,0,FAIL
1826.938,2,FAIL,0,0,NO_ORIGIN,0,0,1,1,1,1,0,0.0,,,,,0.0,1591,1524,,0,0,FAIL
1826.988,2,FAIL,0,0,NO_ORIGIN,0,0,1,1,1,1,0,0.0,,,,,0.0,1591,1524,,0,0,FAIL
1827.038,2,FAIL,0,0,NO_ORIGIN,0,0,1,1,1,1,0,0.0,,,,,0.0,1591,1524,,0,0,FAIL
1827.09,2,FAIL,0,0,NO_ORIGIN,0,0,1,1,1,1,0,0.0,,,,,0.0,1591,1524,,0,0,FAIL
1827.14,2,FAIL,0,0,NO_ORIGIN,0,0,1,1,1,1,0,0.0,,,,,0.0,1591,1524,,0,0,FAIL
1827.192,2,FAIL,0,0,NO_ORIGIN,0,0,1,1,1,1,0,0.0,,,,,0.0,1591,1524,,0,0,FAIL
1827.242,2,FAIL,0,0,NO_ORIGIN,0,0,1,1,1,1,0,0.0,,,,,0.0,1591,1524,,0,0,FAIL
1827.294,2,FAIL,0,0,NO_ORIGIN,0,0,1,1,1,1,0,0.0,,,,,0.0,1591,1524,,0,0,FAIL
1827.344,2,FAIL,0,0,NO_ORIGIN,0,0,1,1,1,1,0,0.0,,,,,0.0,1591,1524,,0,0,FAIL
1827.394,2,FAIL,0,0,NO_ORIGIN,0,0,1,1,1,1,0,0.0,,,,,0.0,1591,1524,,0,0,FAIL
1827.444,2,FAIL,0,0,NO_ORIGIN,0,0,1,1,1,1,0,0.0,,,,,0.0,1591,1524,,0,0,FAIL
1827.495,2,FAIL,0,0,NO_ORIGIN,0,0,1,1,1,1,0,0.0,,,,,0.0,1591,1524,,0,0,FAIL
1827.546,2,FAIL,0,0,NO_ORIGIN,0,0,1,1,1,1,0,0.0,,,,,0.0,1591,1524,,0,0,FAIL
1827.598,2,FAIL,0,0,NO_ORIGIN,0,0,1,1,1,1,0,0.0,,,,,0.0,1591,1524,,0,0,FAIL
1827.648,2,FAIL,0,0,NO_ORIGIN,0,0,1,1,1,1,0,0.0,,,,,0.0,1591,1524,,0,0,FAIL
1827.7,2,FAIL,0,0,NO_ORIGIN,0,0,1,1,1,1,0,0.0,,,,,0.0,1591,1524,,0,0,FAIL
1827.75,2,FAIL,0,0,NO_ORIGIN,0,0,1,1,1,1,0,0.0,,,,,0.0,1591,1524,,0,0,FAIL
1827.801,2,FAIL,0,0,NO_ORIGIN,0,0,1,1,1,1,0,0.0,,,,,0.0,1591,1524,,0,0,FAIL
1827.851,2,FAIL,0,0,NO_ORIGIN,0,0,1,1,1,1,0,0.0,,,,,0.0,1591,1524,,0,0,FAIL
1827.901,2,FAIL,0,0,NO_ORIGIN,0,0,1,1,1,1,0,0.0,,,,,0.0,1591,1524,,0,0,FAIL
1827.952,2,FAIL,0,0,NO_ORIGIN,0,0,1,1,1,1,0,0.0,,,,,0.0,1591,1524,,0,0,FAIL
1828.002,2,FAIL,0,0,NO_ORIGIN,0,0,1,1,1,1,0,0.0,,,,,0.0,1591,1524,,0,0,FAIL
1828.052,2,FAIL,0,0,NO_ORIGIN,0,0,1,1,1,1,0,0.0,,,,,0.0,1591,1524,,0,0,FAIL
1828.102,2,FAIL,0,0,NO_ORIGIN,0,0,1,1,1,1,0,0.0,,,,,0.0,1591,1524,,0,0,FAIL
1828.152,2,FAIL,0,0,NO_ORIGIN,0,0,1,1,1,1,0,0.0,,,,,0.0,1591,1524,,0,0,FAIL
1828.202,2,FAIL,0,0,NO_ORIGIN,0,0,1,1,1,1,0,0.0,,,,,0.0,1591,1524,,0,0,FAIL
1828.253,2,FAIL,0,0,NO_ORIGIN,0,0,1,1,1,1,0,0.0,,,,,0.0,1591,1524,,0,0,FAIL
1828.303,2,FAIL,0,0,NO_ORIGIN,0,0,1,1,1,1,0,0.0,,,,,0.0,1591,1524,,0,0,FAIL
1828.353,2,FAIL,0,0,NO_ORIGIN,0,0,1,1,1,1,0,0.0,,,,,0.0,1591,1524,,0,0,FAIL
1828.403,2,FAIL,0,0,NO_ORIGIN,0,0,1,1,1,1,0,0.0,,,,,0.0,1591,1524,,0,0,FAIL
1828.453,2,FAIL,0,0,NO_ORIGIN,0,0,1,1,1,1,0,0.0,,,,,0.0,1591,1524,,0,0,FAIL
1828.504,2,FAIL,0,0,NO_ORIGIN,0,0,1,1,1,1,0,0.0,,,,,0.0,1591,1524,,0,0,FAIL
1828.554,2,FAIL,0,0,NO_ORIGIN,0,0,1,1,1,1,0,0.0,,,,,0.0,1591,1524,,0,0,FAIL
1828.604,2,FAIL,0,0,NO_ORIGIN,0,0,1,1,1,1,0,0.0,,,,,0.0,1591,1524,,0,0,FAIL
1828.654,2,FAIL,0,0,NO_ORIGIN,0,0,1,1,1,1,0,0.0,,,,,0.0,1591,1524,,0,0,FAIL
1828.705,2,FAIL,0,0,NO_ORIGIN,0,0,1,1,1,1,0,0.0,,,,,0.0,1591,1524,,0,0,FAIL
1828.755,2,FAIL,0,0,NO_ORIGIN,0,0,1,1,1,1,0,0.0,,,,,0.0,1591,1524,,0,0,FAIL
1828.805,2,FAIL,0,0,NO_ORIGIN,0,0,1,1,1,1,0,0.0,,,,,0.0,1591,1524,,0,0,FAIL
1828.856,2,FAIL,0,0,NO_ORIGIN,0,0,1,1,1,1,0,0.0,,,,,0.0,1591,1524,,0,0,FAIL
1828.906,2,FAIL,0,0,NO_ORIGIN,0,0,1,1,1,1,0,0.0,,,,,0.0,1591,1524,,0,0,FAIL
1828.956,2,FAIL,0,0,NO_ORIGIN,0,0,1,1,1,1,0,0.0,,,,,0.0,1591,1524,,0,0,FAIL
1829.006,2,FAIL,0,0,NO_ORIGIN,0,0,1,1,1,1,0,0.0,,,,,0.0,1591,1524,,0,0,FAIL
1829.057,2,FAIL,0,0,NO_ORIGIN,0,0,1,1,1,1,0,0.0,,,,,0.0,1591,1524,,0,0,FAIL
1829.107,2,FAIL,0,0,NO_ORIGIN,0,0,1,1,1,1,0,0.0,,,,,0.0,1591,1524,,0,0,FAIL
1829.158,2,FAIL,0,0,NO_ORIGIN,0,0,1,1,1,1,0,0.0,,,,,0.0,1591,1524,,0,0,FAIL
1829.208,2,FAIL,0,0,NO_ORIGIN,0,0,1,1,1,1,0,0.0,,,,,0.0,1591,1524,,0,0,FAIL
1829.259,2,FAIL,0,0,NO_ORIGIN,0,0,1,1,1,1,0,0.0,,,,,0.0,1591,1524,,0,0,FAIL
1829.309,2,FAIL,0,0,NO_ORIGIN,0,0,1,1,1,1,0,0.0,,,,,0.0,1591,1524,,0,0,FAIL
1829.36,2,FAIL,0,0,NO_ORIGIN,0,0,1,1,1,1,0,0.0,,,,,0.0,1591,1524,,0,0,FAIL
1829.41,2,FAIL,0,0,NO_ORIGIN,0,0,1,1,1,1,0,0.0,,,,,0.0,1591,1524,,0,0,FAIL
1829.46,2,FAIL,0,0,NO_ORIGIN,0,0,1,1,1,1,0,0.0,,,,,0.0,1591,1524,,0,0,FAIL
1829.511,2,FAIL,0,0,NO_ORIGIN,0,0,1,1,1,1,0,0.0,,,,,0.0,1591,1524,,0,0,FAIL
1829.561,2,FAIL,0,0,NO_ORIGIN,0,0,1,1,1,1,0,0.0,,,,,0.0,1591,1524,,0,0,FAIL
1829.611,2,FAIL,0,0,NO_ORIGIN,0,0,1,1,1,1,0,0.0,,,,,0.0,1591,1524,,0,0,FAIL
1829.661,2,FAIL,0,0,NO_ORIGIN,0,0,1,1,1,1,0,0.0,,,,,0.0,1591,1524,,0,0,FAIL
1829.712,2,FAIL,0,0,NO_ORIGIN,0,0,1,1,1,1,0,0.0,,,,,0.0,1591,1524,,0,0,FAIL
1829.762,2,FAIL,0,0,NO_ORIGIN,0,0,1,1,1,1,0,0.0,,,,,0.0,1591,1524,,0,0,FAIL
1829.812,2,FAIL,0,0,NO_ORIGIN,0,0,1,1,1,1,0,0.0,,,,,0.0,1591,1524,,0,0,FAIL
1829.863,2,FAIL,0,0,NO_ORIGIN,0,0,1,1,1,1,0,0.0,,,,,0.0,1591,1524,,0,0,FAIL
1829.916,2,FAIL,0,0,NO_ORIGIN,0,0,1,1,1,1,0,0.0,,,,,0.0,1591,1524,,0,0,FAIL
1829.966,2,FAIL,0,0,NO_ORIGIN,0,0,1,1,1,1,0,0.0,,,,,0.0,1591,1524,,0,0,FAIL
1830.017,2,FAIL,0,0,NO_ORIGIN,0,0,1,1,1,1,0,0.0,,,,,0.0,1591,1524,,0,0,FAIL
1830.067,2,FAIL,0,0,NO_ORIGIN,0,0,1,1,1,1,0,0.0,,,,,0.0,1591,1524,,0,0,FAIL
1830.117,2,FAIL,0,0,NO_ORIGIN,0,0,1,1,1,1,0,0.0,,,,,0.0,1591,1524,,0,0,FAIL
1830.167,2,FAIL,0,0,NO_ORIGIN,0,0,1,1,1,1,0,0.0,,,,,0.0,1591,1524,,0,0,FAIL
1830.217,2,FAIL,0,0,NO_ORIGIN,0,0,1,1,1,1,0,0.0,,,,,0.0,1591,1524,,0,0,FAIL
1830.267,2,FAIL,0,0,NO_ORIGIN,0,0,1,1,1,1,0,0.0,,,,,0.0,1591,1524,,0,0,FAIL
1830.318,2,FAIL,0,0,NO_ORIGIN,0,0,1,1,1,1,0,0.0,,,,,0.0,1591,1524,,0,0,FAIL
1830.368,2,FAIL,0,0,NO_ORIGIN,0,0,1,1,1,1,0,0.0,,,,,0.0,1591,1524,,0,0,FAIL
1830.418,2,FAIL,0,0,NO_ORIGIN,0,0,1,1,1,1,0,0.0,,,,,0.0,1591,1524,,0,0,FAIL
1830.469,2,FAIL,0,0,NO_ORIGIN,0,0,1,1,1,1,0,0.0,,,,,0.0,1591,1524,,0,0,FAIL
1830.519,2,FAIL,0,0,NO_ORIGIN,0,0,1,1,1,1,0,0.0,,,,,0.0,1591,1524,,0,0,FAIL
1830.569,2,FAIL,0,0,NO_ORIGIN,0,0,1,1,1,1,0,0.0,,,,,0.0,1591,1524,,0,0,FAIL
1830.619,2,FAIL,0,0,NO_ORIGIN,0,0,1,1,1,1,0,0.0,,,,,0.0,1591,1524,,0,0,FAIL
1830.669,2,FAIL,0,0,NO_ORIGIN,0,0,1,1,1,1,0,0.0,,,,,0.0,1591,1524,,0,0,FAIL
1830.72,2,FAIL,0,0,NO_ORIGIN,0,0,1,1,1,1,0,0.0,,,,,0.0,1591,1524,,0,0,FAIL
1830.77,2,FAIL,0,0,NO_ORIGIN,0,0,1,1,1,1,0,0.0,,,,,0.0,1591,1524,,0,0,FAIL
1830.82,2,FAIL,0,0,NO_ORIGIN,0,0,1,1,1,1,0,0.0,,,,,0.0,1591,1524,,0,0,FAIL
1830.87,2,FAIL,0,0,NO_ORIGIN,0,0,1,1,1,1,0,0.0,,,,,0.0,1591,1524,,0,0,FAIL
1830.92,2,FAIL,0,0,NO_ORIGIN,0,0,1,1,1,1,0,0.0,,,,,0.0,1591,1524,,0,0,FAIL
1830.97,2,FAIL,0,0,NO_ORIGIN,0,0,1,1,1,1,0,0.0,,,,,0.0,1591,1524,,0,0,FAIL
1831.021,2,FAIL,0,0,NO_ORIGIN,0,0,1,1,1,1,0,0.0,,,,,0.0,1591,1524,,0,0,FAIL
1831.071,2,FAIL,0,0,NO_ORIGIN,0,0,1,1,1,1,0,0.0,,,,,0.0,1591,1524,,0,0,FAIL
1831.121,2,FAIL,0,0,NO_ORIGIN,0,0,1,1,1,1,0,0.0,,,,,0.0,1591,1524,,0,0,FAIL
1831.171,2,FAIL,0,0,NO_ORIGIN,0,0,1,1,1,1,0,0.0,,,,,0.0,1591,1524,,0,0,FAIL
1831.225,2,FAIL,0,0,NO_ORIGIN,0,0,1,1,1,1,0,0.0,,,,,0.0,1591,1524,,0,0,FAIL
1831.275,2,FAIL,0,0,NO_ORIGIN,0,0,1,1,1,1,0,0.0,,,,,0.0,1591,1524,,0,0,FAIL
1831.325,2,FAIL,0,0,NO_ORIGIN,0,0,1,1,1,1,0,0.0,,,,,0.0,1591,1524,,0,0,FAIL
1831.375,2,FAIL,0,0,NO_ORIGIN,0,0,1,1,1,1,0,0.0,,,,,0.0,1591,1524,,0,0,FAIL
1831.426,2,FAIL,0,0,NO_ORIGIN,0,0,1,1,1,1,0,0.0,,,,,0.0,1591,1524,,0,0,FAIL
1831.476,2,FAIL,0,0,NO_ORIGIN,0,0,1,1,1,1,0,0.0,,,,,0.0,1591,1524,,0,0,FAIL
1831.526,2,FAIL,0,0,NO_ORIGIN,0,0,1,1,1,1,0,0.0,,,,,0.0,1591,1524,,0,0,FAIL
1831.576,2,FAIL,0,0,NO_ORIGIN,0,0,1,1,1,1,0,0.0,,,,,0.0,1591,1524,,0,0,FAIL
1831.627,2,FAIL,0,0,NO_ORIGIN,0,0,1,1,1,1,0,0.0,,,,,0.0,1591,1524,,0,0,FAIL
1831.677,2,FAIL,0,0,NO_ORIGIN,0,0,1,1,1,1,0,0.0,,,,,0.0,1591,1524,,0,0,FAIL
1831.727,2,FAIL,0,0,NO_ORIGIN,0,0,1,1,1,1,0,0.0,,,,,0.0,1591,1524,,0,0,FAIL
1831.777,2,FAIL,0,0,NO_ORIGIN,0,0,1,1,1,1,0,0.0,,,,,0.0,1591,1524,,0,0,FAIL
1831.827,2,FAIL,0,0,NO_ORIGIN,0,0,1,1,1,1,0,0.0,,,,,0.0,1591,1524,,0,0,FAIL
1831.877,2,FAIL,0,0,NO_ORIGIN,0,0,1,1,1,1,0,0.0,,,,,0.0,1591,1524,,0,0,FAIL
1831.929,2,FAIL,0,0,NO_ORIGIN,0,0,1,1,1,1,0,0.0,,,,,0.0,1591,1524,,0,0,FAIL
1831.979,2,FAIL,0,0,NO_ORIGIN,0,0,1,1,1,1,0,0.0,,,,,0.0,1591,1524,,0,0,FAIL
1832.029,2,FAIL,0,0,NO_ORIGIN,0,0,1,1,1,1,0,0.0,,,,,0.0,1591,1524,,0,0,FAIL
1832.079,2,FAIL,0,0,NO_ORIGIN,0,0,1,1,1,1,0,0.0,,,,,0.0,1591,1524,,0,0,FAIL
1832.129,2,FAIL,0,0,NO_ORIGIN,0,0,1,1,1,1,0,0.0,,,,,0.0,1591,1524,,0,0,FAIL
1832.18,2,FAIL,0,0,NO_ORIGIN,0,0,1,1,1,1,0,0.0,,,,,0.0,1591,1524,,0,0,FAIL
1832.231,2,FAIL,0,0,NO_ORIGIN,0,0,1,1,1,1,0,0.0,,,,,0.0,1591,1524,,0,0,FAIL
1832.282,2,FAIL,0,0,NO_ORIGIN,0,0,1,1,1,1,0,0.0,,,,,0.0,1591,1524,,0,0,FAIL
1832.332,2,FAIL,0,0,NO_ORIGIN,0,0,1,1,1,1,0,0.0,,,,,0.0,1591,1524,,0,0,FAIL
1832.382,2,FAIL,0,0,NO_ORIGIN,0,0,1,1,1,1,0,0.0,,,,,0.0,1591,1524,,0,0,FAIL
1832.434,2,FAIL,0,0,NO_ORIGIN,0,0,1,1,1,1,0,0.0,,,,,0.0,1591,1524,,0,0,FAIL
1832.484,2,FAIL,0,0,NO_ORIGIN,0,0,1,1,1,1,0,0.0,,,,,0.0,1591,1524,,0,0,FAIL
1832.535,2,FAIL,0,0,NO_ORIGIN,0,0,1,1,1,1,0,0.0,,,,,0.0,1591,1524,,0,0,FAIL
1832.585,2,FAIL,0,0,NO_ORIGIN,0,0,1,1,1,1,0,0.0,,,,,0.0,1591,1524,,0,0,FAIL
1832.637,2,FAIL,0,0,NO_ORIGIN,0,0,1,1,1,1,0,0.0,,,,,0.0,1591,1524,,0,0,FAIL
1832.687,2,FAIL,0,0,NO_ORIGIN,0,0,1,1,1,1,0,0.0,,,,,0.0,1591,1524,,0,0,FAIL
1832.738,2,FAIL,0,0,NO_ORIGIN,0,0,1,1,1,1,0,0.0,,,,,0.0,1591,1524,,0,0,FAIL
1832.788,2,FAIL,0,0,NO_ORIGIN,0,0,1,1,1,1,0,0.0,,,,,0.0,1591,1524,,0,0,FAIL
1832.839,2,FAIL,0,0,NO_ORIGIN,0,0,1,1,1,1,0,0.0,,,,,0.0,1591,1524,,0,0,FAIL
1832.889,2,FAIL,0,0,NO_ORIGIN,0,0,1,1,1,1,0,0.0,,,,,0.0,1591,1524,,0,0,FAIL
1832.94,2,FAIL,0,0,NO_ORIGIN,0,0,1,1,1,1,0,0.0,,,,,0.0,1591,1524,,0,0,FAIL
1832.991,2,FAIL,0,0,NO_ORIGIN,0,0,1,1,1,1,0,0.0,,,,,0.0,1591,1524,,0,0,FAIL
1833.041,2,FAIL,0,0,NO_ORIGIN,0,0,1,1,1,1,0,0.0,,,,,0.0,1591,1524,,0,0,FAIL
1833.092,2,FAIL,0,0,NO_ORIGIN,0,0,1,1,1,1,0,0.0,,,,,0.0,1591,1524,,0,0,FAIL
1833.142,2,FAIL,0,0,NO_ORIGIN,0,0,1,1,1,1,0,0.0,,,,,0.0,1591,1524,,0,0,FAIL
1833.193,2,FAIL,0,0,NO_ORIGIN,0,0,1,1,1,1,0,0.0,,,,,0.0,1591,1524,,0,0,FAIL
1833.246,2,FAIL,0,0,NO_ORIGIN,0,0,1,1,1,1,0,0.0,,,,,0.0,1591,1524,,0,0,FAIL
1833.296,2,FAIL,0,0,NO_ORIGIN,0,0,1,1,1,1,0,0.0,,,,,0.0,1591,1524,,0,0,FAIL
1833.348,2,FAIL,0,0,NO_ORIGIN,0,0,1,1,1,1,0,0.0,,,,,0.0,1591,1524,,0,0,FAIL
1833.398,2,FAIL,0,0,NO_ORIGIN,0,0,1,1,1,1,0,0.0,,,,,0.0,1591,1524,,0,0,FAIL
1833.448,2,FAIL,0,0,NO_ORIGIN,0,0,1,1,1,1,0,0.0,,,,,0.0,1591,1524,,0,0,FAIL
1833.499,2,FAIL,0,0,NO_ORIGIN,0,0,1,1,1,1,0,0.0,,,,,0.0,1591,1524,,0,0,FAIL
1833.549,2,FAIL,0,0,NO_ORIGIN,0,0,1,1,1,1,0,0.0,,,,,0.0,1591,1524,,0,0,FAIL
1833.6,2,FAIL,0,0,NO_ORIGIN,0,0,1,1,1,1,0,0.0,,,,,0.0,1591,1524,,0,0,FAIL
1833.651,2,FAIL,0,0,NO_ORIGIN,0,0,1,1,1,1,0,0.0,,,,,0.0,1591,1524,,0,0,FAIL
1833.702,2,FAIL,0,0,NO_ORIGIN,0,0,1,1,1,1,0,0.0,,,,,0.0,1591,1524,,0,0,FAIL
1833.754,2,FAIL,0,0,NO_ORIGIN,0,0,1,1,1,1,0,0.0,,,,,0.0,1591,1524,,0,0,FAIL
1833.805,2,FAIL,0,0,NO_ORIGIN,0,0,1,1,1,1,0,0.0,,,,,0.0,1591,1524,,0,0,FAIL
1833.855,2,FAIL,0,0,NO_ORIGIN,0,0,1,1,1,1,0,0.0,,,,,0.0,1591,1524,,0,0,FAIL
1833.905,2,FAIL,0,0,NO_ORIGIN,0,0,1,1,1,1,0,0.0,,,,,0.0,1591,1524,,0,0,FAIL
1833.955,2,FAIL,0,0,NO_ORIGIN,0,0,1,1,1,1,0,0.0,,,,,0.0,1591,1524,,0,0,FAIL
1834.006,2,FAIL,0,0,NO_ORIGIN,0,0,1,1,1,1,0,0.0,,,,,0.0,1591,1524,,0,0,FAIL
1834.057,2,FAIL,0,0,NO_ORIGIN,0,0,1,1,1,1,0,0.0,,,,,0.0,1591,1524,,0,0,FAIL
1834.108,2,FAIL,0,0,NO_ORIGIN,0,0,1,1,1,1,0,0.0,,,,,0.0,1591,1524,,0,0,FAIL
1834.158,2,FAIL,0,0,NO_ORIGIN,0,0,1,1,1,1,0,0.0,,,,,0.0,1591,1524,,0,0,FAIL
1834.21,2,FAIL,0,0,NO_ORIGIN,0,0,1,1,1,1,0,0.0,,,,,0.0,1591,1524,,0,0,FAIL
1834.26,2,FAIL,0,0,NO_ORIGIN,0,0,1,1,1,1,0,0.0,,,,,0.0,1591,1524,,0,0,FAIL
1834.31,2,FAIL,0,0,NO_ORIGIN,0,0,1,1,1,1,0,0.0,,,,,0.0,1591,1524,,0,0,FAIL
1834.366,2,FAIL,0,0,NO_ORIGIN,0,0,1,1,1,1,0,0.0,,,,,0.0,1591,1524,,0,0,FAIL
1834.416,2,FAIL,0,0,NO_ORIGIN,0,0,1,1,1,1,0,0.0,,,,,0.0,1591,1524,,0,0,FAIL
1834.467,2,FAIL,0,0,NO_ORIGIN,0,0,1,1,1,1,0,0.0,,,,,0.0,1591,1524,,0,0,FAIL
1834.517,2,FAIL,0,0,NO_ORIGIN,0,0,1,1,1,1,0,0.0,,,,,0.0,1591,1524,,0,0,FAIL
1834.567,2,FAIL,0,0,NO_ORIGIN,0,0,1,1,1,1,0,0.0,,,,,0.0,1591,1524,,0,0,FAIL
1834.618,2,FAIL,0,0,NO_ORIGIN,0,0,1,1,1,1,0,0.0,,,,,0.0,1591,1524,,0,0,FAIL
1834.669,2,FAIL,0,0,NO_ORIGIN,0,0,1,1,1,1,0,0.0,,,,,0.0,1591,1524,,0,0,FAIL
1834.719,2,FAIL,0,0,NO_ORIGIN,0,0,1,1,1,1,0,0.0,,,,,0.0,1591,1524,,0,0,FAIL
1834.769,2,FAIL,0,0,NO_ORIGIN,0,0,1,1,1,1,0,0.0,,,,,0.0,1591,1524,,0,0,FAIL
1834.82,2,FAIL,0,0,NO_ORIGIN,0,0,1,1,1,1,0,0.0,,,,,0.0,1591,1524,,0,0,FAIL
1834.871,2,FAIL,0,0,NO_ORIGIN,0,0,1,1,1,1,0,0.0,,,,,0.0,1591,1524,,0,0,FAIL
1834.921,2,FAIL,0,0,NO_ORIGIN,0,0,1,1,1,1,0,0.0,,,,,0.0,1591,1524,,0,0,FAIL
1834.971,2,FAIL,0,0,NO_ORIGIN,0,0,1,1,1,1,0,0.0,,,,,0.0,1591,1524,,0,0,FAIL
1835.021,2,FAIL,0,0,NO_ORIGIN,0,0,1,1,1,1,0,0.0,,,,,0.0,1591,1524,,0,0,FAIL
1835.071,2,FAIL,0,0,NO_ORIGIN,0,0,1,1,1,1,0,0.0,,,,,0.0,1591,1524,,0,0,FAIL
1835.121,2,FAIL,0,0,NO_ORIGIN,0,0,1,1,1,1,0,0.0,,,,,0.0,1591,1524,,0,0,FAIL
1835.172,2,FAIL,0,0,NO_ORIGIN,0,0,1,1,1,1,0,0.0,,,,,0.0,1591,1524,,0,0,FAIL
1835.222,2,FAIL,0,0,NO_ORIGIN,0,0,1,1,1,1,0,0.0,,,,,0.0,1591,1524,,0,0,FAIL
1835.273,2,FAIL,0,0,NO_ORIGIN,0,0,1,1,1,1,0,0.0,,,,,0.0,1591,1524,,0,0,FAIL
1835.323,2,FAIL,0,0,NO_ORIGIN,0,0,1,1,1,1,0,0.0,,,,,0.0,1591,1524,,0,0,FAIL
1835.373,2,FAIL,0,0,NO_ORIGIN,0,0,1,1,1,1,0,0.0,,,,,0.0,1591,1524,,0,0,FAIL
1835.424,2,FAIL,0,0,NO_ORIGIN,0,0,1,1,1,1,0,0.0,,,,,0.0,1591,1524,,0,0,FAIL
1835.474,2,FAIL,0,0,NO_ORIGIN,0,0,1,1,1,1,0,0.0,,,,,0.0,1591,1524,,0,0,FAIL
1835.524,2,FAIL,0,0,NO_ORIGIN,0,0,1,1,1,1,0,0.0,,,,,0.0,1591,1524,,0,0,FAIL
1835.576,2,FAIL,0,0,NO_ORIGIN,0,0,1,1,1,1,0,0.0,,,,,0.0,1591,1524,,0,0,FAIL
1835.626,2,FAIL,0,0,NO_ORIGIN,0,0,1,1,1,1,0,0.0,,,,,0.0,1591,1524,,0,0,FAIL
1835.677,2,FAIL,0,0,NO_ORIGIN,0,0,1,1,1,1,0,0.0,,,,,0.0,1591,1524,,0,0,FAIL
1835.727,2,FAIL,0,0,NO_ORIGIN,0,0,1,1,1,1,0,0.0,,,,,0.0,1591,1524,,0,0,FAIL
1835.777,2,FAIL,0,0,NO_ORIGIN,0,0,1,1,1,1,0,0.0,,,,,0.0,1591,1524,,0,0,FAIL
1835.827,2,FAIL,0,0,NO_ORIGIN,0,0,1,1,1,1,0,0.0,,,,,0.0,1591,1524,,0,0,FAIL
1835.877,2,FAIL,0,0,NO_ORIGIN,0,0,1,1,1,1,0,0.0,,,,,0.0,1591,1524,,0,0,FAIL
1835.928,2,FAIL,0,0,NO_ORIGIN,0,0,1,1,1,1,0,0.0,,,,,0.0,1591,1524,,0,0,FAIL
1835.978,2,FAIL,0,0,NO_ORIGIN,0,0,1,1,1,1,0,0.0,,,,,0.0,1591,1524,,0,0,FAIL
1836.028,2,FAIL,0,0,NO_ORIGIN,0,0,1,1,1,1,0,0.0,,,,,0.0,1591,1524,,0,0,FAIL
1836.079,2,FAIL,0,0,NO_ORIGIN,0,0,1,1,1,1,0,0.0,,,,,0.0,1591,1524,,0,0,FAIL
1836.129,2,FAIL,0,0,NO_ORIGIN,0,0,1,1,1,1,0,0.0,,,,,0.0,1591,1524,,0,0,FAIL
1836.179,2,FAIL,0,0,NO_ORIGIN,0,0,1,1,1,1,0,0.0,,,,,0.0,1591,1524,,0,0,FAIL
1836.229,2,FAIL,0,0,NO_ORIGIN,0,0,1,1,1,1,0,0.0,,,,,0.0,1591,1524,,0,0,FAIL
1836.279,2,FAIL,0,0,NO_ORIGIN,0,0,1,1,1,1,0,0.0,,,,,0.0,1591,1524,,0,0,FAIL
1836.33,2,FAIL,0,0,NO_ORIGIN,0,0,1,1,1,1,0,0.0,,,,,0.0,1591,1524,,0,0,FAIL
1836.38,2,FAIL,0,0,NO_ORIGIN,0,0,1,1,1,1,0,0.0,,,,,0.0,1591,1524,,0,0,FAIL
1836.43,2,FAIL,0,0,NO_ORIGIN,0,0,1,1,1,1,0,0.0,,,,,0.0,1591,1524,,0,0,FAIL
1836.48,2,FAIL,0,0,NO_ORIGIN,0,0,1,1,1,1,0,0.0,,,,,0.0,1591,1524,,0,0,FAIL
1836.53,2,FAIL,0,0,NO_ORIGIN,0,0,1,1,1,1,0,0.0,,,,,0.0,1591,1524,,0,0,FAIL
1836.581,2,FAIL,0,0,NO_ORIGIN,0,0,1,1,1,1,0,0.0,,,,,0.0,1591,1524,,0,0,FAIL
1836.631,2,FAIL,0,0,NO_ORIGIN,0,0,1,1,1,1,0,0.0,,,,,0.0,1591,1524,,0,0,FAIL
1836.681,2,FAIL,0,0,NO_ORIGIN,0,0,1,1,1,1,0,0.0,,,,,0.0,1591,1524,,0,0,FAIL
1836.731,2,FAIL,0,0,NO_ORIGIN,0,0,1,1,1,1,0,0.0,,,,,0.0,1591,1524,,0,0,FAIL
1836.781,2,FAIL,0,0,NO_ORIGIN,0,0,1,1,1,1,0,0.0,,,,,0.0,1591,1524,,0,0,FAIL
1836.831,2,FAIL,0,0,NO_ORIGIN,0,0,1,1,1,1,0,0.0,,,,,0.0,1591,1524,,0,0,FAIL
1836.882,2,FAIL,0,0,NO_ORIGIN,0,0,1,1,1,1,0,0.0,,,,,0.0,1591,1524,,0,0,FAIL
1836.932,2,FAIL,0,0,NO_ORIGIN,0,0,1,1,1,1,0,0.0,,,,,0.0,1591,1524,,0,0,FAIL
1836.982,2,FAIL,0,0,NO_ORIGIN,0,0,1,1,1,1,0,0.0,,,,,0.0,1591,1524,,0,0,FAIL
1837.032,2,FAIL,0,0,NO_ORIGIN,0,0,1,1,1,1,0,0.0,,,,,0.0,1591,1524,,0,0,FAIL
1837.082,2,FAIL,0,0,NO_ORIGIN,0,0,1,1,1,1,0,0.0,,,,,0.0,1591,1524,,0,0,FAIL
1837.132,2,FAIL,0,0,NO_ORIGIN,0,0,1,1,1,1,0,0.0,,,,,0.0,1591,1524,,0,0,FAIL
1837.183,2,FAIL,0,0,NO_ORIGIN,0,0,1,1,1,1,0,0.0,,,,,0.0,1591,1524,,0,0,FAIL
1837.233,2,FAIL,0,0,NO_ORIGIN,0,0,1,1,1,1,0,0.0,,,,,0.0,1591,1524,,0,0,FAIL
1837.283,2,FAIL,0,0,NO_ORIGIN,0,0,1,1,1,1,0,0.0,,,,,0.0,1591,1524,,0,0,FAIL
1837.333,2,FAIL,0,0,NO_ORIGIN,0,0,1,1,1,1,0,0.0,,,,,0.0,1591,1524,,0,0,FAIL
1837.383,2,FAIL,0,0,NO_ORIGIN,0,0,1,1,1,1,0,0.0,,,,,0.0,1591,1524,,0,0,FAIL
1837.433,2,FAIL,0,0,NO_ORIGIN,0,0,1,1,1,1,0,0.0,,,,,0.0,1591,1524,,0,0,FAIL
1837.483,2,FAIL,0,0,NO_ORIGIN,0,0,1,1,1,1,0,0.0,,,,,0.0,1591,1524,,0,0,FAIL
1837.534,2,FAIL,0,0,NO_ORIGIN,0,0,1,1,1,1,0,0.0,,,,,0.0,1591,1524,,0,0,FAIL
1837.584,2,FAIL,0,0,NO_ORIGIN,0,0,1,1,1,1,0,0.0,,,,,0.0,1591,1524,,0,0,FAIL
1837.634,2,FAIL,0,0,NO_ORIGIN,0,0,1,1,1,1,0,0.0,,,,,0.0,1591,1524,,0,0,FAIL
1837.684,2,FAIL,0,0,NO_ORIGIN,0,0,1,1,1,1,0,0.0,,,,,0.0,1591,1524,,0,0,FAIL
1837.735,2,FAIL,0,0,NO_ORIGIN,0,0,1,1,1,1,0,0.0,,,,,0.0,1591,1524,,0,0,FAIL
1837.786,2,FAIL,0,0,NO_ORIGIN,0,0,1,1,1,1,0,0.0,,,,,0.0,1591,1524,,0,0,FAIL
1837.836,2,FAIL,0,0,NO_ORIGIN,0,0,1,1,1,1,0,0.0,,,,,0.0,1591,1524,,0,0,FAIL
1837.888,2,FAIL,0,0,NO_ORIGIN,0,0,1,1,1,1,0,0.0,,,,,0.0,1591,1524,,0,0,FAIL
1837.94,2,FAIL,0,0,NO_ORIGIN,0,0,1,1,1,1,0,0.0,,,,,0.0,1591,1524,,0,0,FAIL
1837.99,2,FAIL,0,0,NO_ORIGIN,0,0,1,1,1,1,0,0.0,,,,,0.0,1591,1524,,0,0,FAIL
1838.041,2,FAIL,0,0,NO_ORIGIN,0,0,1,1,1,1,0,0.0,,,,,0.0,1591,1524,,0,0,FAIL
1838.091,2,FAIL,0,0,NO_ORIGIN,0,0,1,1,1,1,0,0.0,,,,,0.0,1591,1524,,0,0,FAIL
1838.142,2,FAIL,0,0,NO_ORIGIN,0,0,1,1,1,1,0,0.0,,,,,0.0,1591,1524,,0,0,FAIL
1838.193,2,FAIL,0,0,NO_ORIGIN,0,0,1,1,1,1,0,0.0,,,,,0.0,1591,1524,,0,0,FAIL
1838.244,2,FAIL,0,0,NO_ORIGIN,0,0,1,1,1,1,0,0.0,,,,,0.0,1591,1524,,0,0,FAIL
1838.299,2,FAIL,0,0,NO_ORIGIN,0,0,1,1,1,1,0,0.0,,,,,0.0,1591,1524,,0,0,FAIL
1838.349,2,FAIL,0,0,NO_ORIGIN,0,0,1,1,1,1,0,0.0,,,,,0.0,1591,1524,,0,0,FAIL
1838.399,2,FAIL,0,0,NO_ORIGIN,0,0,1,1,1,1,0,0.0,,,,,0.0,1591,1524,,0,0,FAIL
1838.449,2,FAIL,0,0,NO_ORIGIN,0,0,1,1,1,1,0,0.0,,,,,0.0,1591,1524,,0,0,FAIL
1838.5,2,FAIL,0,0,NO_ORIGIN,0,0,1,1,1,1,0,0.0,,,,,0.0,1591,1524,,0,0,FAIL
1838.55,2,FAIL,0,0,NO_ORIGIN,0,0,1,1,1,1,0,0.0,,,,,0.0,1591,1524,,0,0,FAIL
1838.6,2,FAIL,0,0,NO_ORIGIN,0,0,1,1,1,1,0,0.0,,,,,0.0,1591,1524,,0,0,FAIL
1838.651,2,FAIL,0,0,NO_ORIGIN,0,0,1,1,1,1,0,0.0,,,,,0.0,1591,1524,,0,0,FAIL
1838.702,2,FAIL,0,0,NO_ORIGIN,0,0,1,1,1,1,0,0.0,,,,,0.0,1591,1524,,0,0,FAIL
1838.752,2,FAIL,0,0,NO_ORIGIN,0,0,1,1,1,1,0,0.0,,,,,0.0,1591,1524,,0,0,FAIL
1838.803,2,FAIL,0,0,NO_ORIGIN,0,0,1,1,1,1,0,0.0,,,,,0.0,1591,1524,,0,0,FAIL
1838.853,2,FAIL,0,0,NO_ORIGIN,0,0,1,1,1,1,0,0.0,,,,,0.0,1591,1524,,0,0,FAIL
1838.905,2,FAIL,0,0,NO_ORIGIN,0,0,1,1,1,1,0,0.0,,,,,0.0,1591,1524,,0,0,FAIL
1838.956,2,FAIL,0,0,NO_ORIGIN,0,0,1,1,1,1,0,0.0,,,,,0.0,1591,1524,,0,0,FAIL
1839.006,2,FAIL,0,0,NO_ORIGIN,0,0,1,1,1,1,0,0.0,,,,,0.0,1591,1524,,0,0,FAIL
1839.056,2,FAIL,0,0,NO_ORIGIN,0,0,1,1,1,1,0,0.0,,,,,0.0,1591,1524,,0,0,FAIL
1839.107,2,FAIL,0,0,NO_ORIGIN,0,0,1,1,1,1,0,0.0,,,,,0.0,1591,1524,,0,0,FAIL
1839.157,2,FAIL,0,0,NO_ORIGIN,0,0,1,1,1,1,0,0.0,,,,,0.0,1591,1524,,0,0,FAIL
1839.208,2,FAIL,0,0,NO_ORIGIN,0,0,1,1,1,1,0,0.0,,,,,0.0,1591,1524,,0,0,FAIL
1839.258,2,FAIL,0,0,NO_ORIGIN,0,0,1,1,1,1,0,0.0,,,,,0.0,1591,1524,,0,0,FAIL
1839.309,2,FAIL,0,0,NO_ORIGIN,0,0,1,1,1,1,0,0.0,,,,,0.0,1591,1524,,0,0,FAIL
1839.36,2,FAIL,0,0,NO_ORIGIN,0,0,1,1,1,1,0,0.0,,,,,0.0,1591,1524,,0,0,FAIL
1839.412,2,FAIL,0,0,NO_ORIGIN,0,0,1,1,1,1,0,0.0,,,,,0.0,1591,1524,,0,0,FAIL
1839.462,2,FAIL,0,0,NO_ORIGIN,0,0,1,1,1,1,0,0.0,,,,,0.0,1591,1524,,0,0,FAIL
1839.513,2,FAIL,0,0,NO_ORIGIN,0,0,1,1,1,1,0,0.0,,,,,0.0,1591,1524,,0,0,FAIL
1839.563,2,FAIL,0,0,NO_ORIGIN,0,0,1,1,1,1,0,0.0,,,,,0.0,1591,1524,,0,0,FAIL
1839.613,2,FAIL,0,0,NO_ORIGIN,0,0,1,1,1,1,0,0.0,,,,,0.0,1591,1524,,0,0,FAIL
1839.664,2,FAIL,0,0,NO_ORIGIN,0,0,1,1,1,1,0,0.0,,,,,0.0,1591,1524,,0,0,FAIL
1839.714,2,FAIL,0,0,NO_ORIGIN,0,0,1,1,1,1,0,0.0,,,,,0.0,1591,1524,,0,0,FAIL
1839.764,2,FAIL,0,0,NO_ORIGIN,0,0,1,1,1,1,0,0.0,,,,,0.0,1591,1524,,0,0,FAIL
1839.814,2,FAIL,0,0,NO_ORIGIN,0,0,1,1,1,1,0,0.0,,,,,0.0,1591,1524,,0,0,FAIL
1839.864,2,FAIL,0,0,NO_ORIGIN,0,0,1,1,1,1,0,0.0,,,,,0.0,1591,1524,,0,0,FAIL
1839.914,2,FAIL,0,0,NO_ORIGIN,0,0,1,1,1,1,0,0.0,,,,,0.0,1591,1524,,0,0,FAIL
1839.965,2,FAIL,0,0,NO_ORIGIN,0,0,1,1,1,1,0,0.0,,,,,0.0,1591,1524,,0,0,FAIL
1840.015,2,FAIL,0,0,NO_ORIGIN,0,0,1,1,1,1,0,0.0,,,,,0.0,1591,1524,,0,0,FAIL
1840.065,2,FAIL,0,0,NO_ORIGIN,0,0,1,1,1,1,0,0.0,,,,,0.0,1591,1524,,0,0,FAIL
1840.116,2,FAIL,0,0,NO_ORIGIN,0,0,1,1,1,1,0,0.0,,,,,0.0,1591,1524,,0,0,FAIL
1840.166,2,FAIL,0,0,NO_ORIGIN,0,0,1,1,1,1,0,0.0,,,,,0.0,1591,1524,,0,0,FAIL
1840.216,2,FAIL,0,0,NO_ORIGIN,0,0,1,1,1,1,0,0.0,,,,,0.0,1591,1524,,0,0,FAIL
1840.266,2,FAIL,0,0,NO_ORIGIN,0,0,1,1,1,1,0,0.0,,,,,0.0,1591,1524,,0,0,FAIL
1840.316,2,FAIL,0,0,NO_ORIGIN,0,0,1,1,1,1,0,0.0,,,,,0.0,1591,1524,,0,0,FAIL
1840.366,2,FAIL,0,0,NO_ORIGIN,0,0,1,1,1,1,0,0.0,,,,,0.0,1591,1524,,0,0,FAIL
1840.417,2,FAIL,0,0,NO_ORIGIN,0,0,1,1,1,1,0,0.0,,,,,0.0,1591,1524,,0,0,FAIL
1840.467,2,FAIL,0,0,NO_ORIGIN,0,0,1,1,1,1,0,0.0,,,,,0.0,1591,1524,,0,0,FAIL
1840.517,2,FAIL,0,0,NO_ORIGIN,0,0,1,1,1,1,0,0.0,,,,,0.0,1591,1524,,0,0,FAIL
1840.567,2,FAIL,0,0,NO_ORIGIN,0,0,1,1,1,1,0,0.0,,,,,0.0,1591,1524,,0,0,FAIL
1840.617,2,FAIL,0,0,NO_ORIGIN,0,0,1,1,1,1,0,0.0,,,,,0.0,1591,1524,,0,0,FAIL
1840.667,2,FAIL,0,0,NO_ORIGIN,0,0,1,1,1,1,0,0.0,,,,,0.0,1591,1524,,0,0,FAIL
1840.718,2,FAIL,0,0,NO_ORIGIN,0,0,1,1,1,1,0,0.0,,,,,0.0,1591,1524,,0,0,FAIL
1840.768,2,FAIL,0,0,NO_ORIGIN,0,0,1,1,1,1,0,0.0,,,,,0.0,1591,1524,,0,0,FAIL
1840.818,2,FAIL,0,0,NO_ORIGIN,0,0,1,1,1,1,0,0.0,,,,,0.0,1591,1524,,0,0,FAIL
1840.868,2,FAIL,0,0,NO_ORIGIN,0,0,1,1,1,1,0,0.0,,,,,0.0,1591,1524,,0,0,FAIL
1840.918,2,FAIL,0,0,NO_ORIGIN,0,0,1,1,1,1,0,0.0,,,,,0.0,1591,1524,,0,0,FAIL
1840.968,2,FAIL,0,0,NO_ORIGIN,0,0,1,1,1,1,0,0.0,,,,,0.0,1591,1524,,0,0,FAIL
1841.019,2,FAIL,0,0,NO_ORIGIN,0,0,1,1,1,1,0,0.0,,,,,0.0,1591,1524,,0,0,FAIL
1841.07,2,FAIL,0,0,NO_ORIGIN,0,0,1,1,1,1,0,0.0,,,,,0.0,1591,1524,,0,0,FAIL
1841.12,2,FAIL,0,0,NO_ORIGIN,0,0,1,1,1,1,0,0.0,,,,,0.0,1591,1524,,0,0,FAIL
1841.17,2,FAIL,0,0,NO_ORIGIN,0,0,1,1,1,1,0,0.0,,,,,0.0,1591,1524,,0,0,FAIL
1841.221,2,FAIL,0,0,NO_ORIGIN,0,0,1,1,1,1,0,0.0,,,,,0.0,1591,1524,,0,0,FAIL
1841.271,2,FAIL,0,0,NO_ORIGIN,0,0,1,1,1,1,0,0.0,,,,,0.0,1591,1524,,0,0,FAIL
1841.321,2,FAIL,0,0,NO_ORIGIN,0,0,1,1,1,1,0,0.0,,,,,0.0,1591,1524,,0,0,FAIL
1841.371,2,FAIL,0,0,NO_ORIGIN,0,0,1,1,1,1,0,0.0,,,,,0.0,1591,1524,,0,0,FAIL
1841.421,2,FAIL,0,0,NO_ORIGIN,0,0,1,1,1,1,0,0.0,,,,,0.0,1591,1524,,0,0,FAIL
1841.472,2,FAIL,0,0,NO_ORIGIN,0,0,1,1,1,1,0,0.0,,,,,0.0,1591,1524,,0,0,FAIL
1841.522,2,FAIL,0,0,NO_ORIGIN,0,0,1,1,1,1,0,0.0,,,,,0.0,1591,1524,,0,0,FAIL
1841.572,2,FAIL,0,0,NO_ORIGIN,0,0,1,1,1,1,0,0.0,,,,,0.0,1591,1524,,0,0,FAIL
1841.622,2,FAIL,0,0,NO_ORIGIN,0,0,1,1,1,1,0,0.0,,,,,0.0,1591,1524,,0,0,FAIL
1841.672,2,FAIL,0,0,NO_ORIGIN,0,0,1,1,1,1,0,0.0,,,,,0.0,1591,1524,,0,0,FAIL
1841.722,2,FAIL,0,0,NO_ORIGIN,0,0,1,1,1,1,0,0.0,,,,,0.0,1591,1524,,0,0,FAIL
1841.773,2,FAIL,0,0,NO_ORIGIN,0,0,1,1,1,1,0,0.0,,,,,0.0,1591,1524,,0,0,FAIL
1841.823,2,FAIL,0,0,NO_ORIGIN,0,0,1,1,1,1,0,0.0,,,,,0.0,1591,1524,,0,0,FAIL
1841.873,2,FAIL,0,0,NO_ORIGIN,0,0,1,1,1,1,0,0.0,,,,,0.0,1591,1524,,0,0,FAIL
1841.924,2,FAIL,0,0,NO_ORIGIN,0,0,1,1,1,1,0,0.0,,,,,0.0,1591,1524,,0,0,FAIL
1841.974,2,FAIL,0,0,NO_ORIGIN,0,0,1,1,1,1,0,0.0,,,,,0.0,1591,1524,,0,0,FAIL
1842.025,2,FAIL,0,0,NO_ORIGIN,0,0,1,1,1,1,0,0.0,,,,,0.0,1591,1524,,0,0,FAIL
1842.075,2,FAIL,0,0,NO_ORIGIN,0,0,1,1,1,1,0,0.0,,,,,0.0,1591,1524,,0,0,FAIL
1842.126,2,FAIL,0,0,NO_ORIGIN,0,0,1,1,1,1,0,0.0,,,,,0.0,1591,1524,,0,0,FAIL
1842.176,2,FAIL,0,0,NO_ORIGIN,0,0,1,1,1,1,0,0.0,,,,,0.0,1591,1524,,0,0,FAIL
1842.226,2,FAIL,0,0,NO_ORIGIN,0,0,1,1,1,1,0,0.0,,,,,0.0,1591,1524,,0,0,FAIL
1842.276,2,FAIL,0,0,NO_ORIGIN,0,0,1,1,1,1,0,0.0,,,,,0.0,1591,1524,,0,0,FAIL
1842.327,2,FAIL,0,0,NO_ORIGIN,0,0,1,1,1,1,0,0.0,,,,,0.0,1591,1524,,0,0,FAIL
1842.377,2,FAIL,0,0,NO_ORIGIN,0,0,1,1,1,1,0,0.0,,,,,0.0,1591,1524,,0,0,FAIL
1842.428,2,FAIL,0,0,NO_ORIGIN,0,0,1,1,1,1,0,0.0,,,,,0.0,1591,1524,,0,0,FAIL
1842.478,2,FAIL,0,0,NO_ORIGIN,0,0,1,1,1,1,0,0.0,,,,,0.0,1591,1524,,0,0,FAIL
1842.528,2,FAIL,0,0,NO_ORIGIN,0,0,1,1,1,1,0,0.0,,,,,0.0,1591,1524,,0,0,FAIL
1842.578,2,FAIL,0,0,NO_ORIGIN,0,0,1,1,1,1,0,0.0,,,,,0.0,1591,1524,,0,0,FAIL
1842.629,2,FAIL,0,0,NO_ORIGIN,0,0,1,1,1,1,0,0.0,,,,,0.0,1591,1524,,0,0,FAIL
1842.68,2,FAIL,0,0,NO_ORIGIN,0,0,1,1,1,1,0,0.0,,,,,0.0,1591,1524,,0,0,FAIL
1842.73,2,FAIL,0,0,NO_ORIGIN,0,0,1,1,1,1,0,0.0,,,,,0.0,1591,1524,,0,0,FAIL
1842.78,2,FAIL,0,0,NO_ORIGIN,0,0,1,1,1,1,0,0.0,,,,,0.0,1591,1524,,0,0,FAIL
1842.83,2,FAIL,0,0,NO_ORIGIN,0,0,1,1,1,1,0,0.0,,,,,0.0,1591,1524,,0,0,FAIL
1842.881,2,FAIL,0,0,NO_ORIGIN,0,0,1,1,1,1,0,0.0,,,,,0.0,1591,1524,,0,0,FAIL
1842.931,2,FAIL,0,0,NO_ORIGIN,0,0,1,1,1,1,0,0.0,,,,,0.0,1591,1524,,0,0,FAIL
1842.981,2,FAIL,0,0,NO_ORIGIN,0,0,1,1,1,1,0,0.0,,,,,0.0,1591,1524,,0,0,FAIL
1843.031,2,FAIL,0,0,NO_ORIGIN,0,0,1,1,1,1,0,0.0,,,,,0.0,1591,1524,,0,0,FAIL
1843.081,2,FAIL,0,0,NO_ORIGIN,0,0,1,1,1,1,0,0.0,,,,,0.0,1591,1524,,0,0,FAIL
1843.132,2,FAIL,0,0,NO_ORIGIN,0,0,1,1,1,1,0,0.0,,,,,0.0,1591,1524,,0,0,FAIL
1843.182,2,FAIL,0,0,NO_ORIGIN,0,0,1,1,1,1,0,0.0,,,,,0.0,1591,1524,,0,0,FAIL
1843.232,2,FAIL,0,0,NO_ORIGIN,0,0,1,1,1,1,0,0.0,,,,,0.0,1591,1524,,0,0,FAIL
1843.283,2,FAIL,0,0,NO_ORIGIN,0,0,1,1,1,1,0,0.0,,,,,0.0,1591,1524,,0,0,FAIL
1843.334,2,FAIL,0,0,NO_ORIGIN,0,0,1,1,1,1,0,0.0,,,,,0.0,1591,1524,,0,0,FAIL
1843.384,2,FAIL,0,0,NO_ORIGIN,0,0,1,1,1,1,0,0.0,,,,,0.0,1591,1524,,0,0,FAIL
1843.435,2,FAIL,0,0,NO_ORIGIN,0,0,1,1,1,1,0,0.0,,,,,0.0,1591,1524,,0,0,FAIL
1843.485,2,FAIL,0,0,NO_ORIGIN,0,0,1,1,1,1,0,0.0,,,,,0.0,1591,1524,,0,0,FAIL
1843.536,2,FAIL,0,0,NO_ORIGIN,0,0,1,1,1,1,0,0.0,,,,,0.0,1591,1524,,0,0,FAIL
1843.586,2,FAIL,0,0,NO_ORIGIN,0,0,1,1,1,1,0,0.0,,,,,0.0,1591,1524,,0,0,FAIL
1843.637,2,FAIL,0,0,NO_ORIGIN,0,0,1,1,1,1,0,0.0,,,,,0.0,1591,1524,,0,0,FAIL
1843.687,2,FAIL,0,0,NO_ORIGIN,0,0,1,1,1,1,0,0.0,,,,,0.0,1591,1524,,0,0,FAIL
1843.737,2,FAIL,0,0,NO_ORIGIN,0,0,1,1,1,1,0,0.0,,,,,0.0,1591,1524,,0,0,FAIL
1843.788,2,FAIL,0,0,NO_ORIGIN,0,0,1,1,1,1,0,0.0,,,,,0.0,1591,1524,,0,0,FAIL
1843.838,2,FAIL,0,0,NO_ORIGIN,0,0,1,1,1,1,0,0.0,,,,,0.0,1591,1524,,0,0,FAIL
1843.888,2,FAIL,0,0,NO_ORIGIN,0,0,1,1,1,1,0,0.0,,,,,0.0,1591,1524,,0,0,FAIL
1843.938,2,FAIL,0,0,NO_ORIGIN,0,0,1,1,1,1,0,0.0,,,,,0.0,1591,1524,,0,0,FAIL
1843.988,2,FAIL,0,0,NO_ORIGIN,0,0,1,1,1,1,0,0.0,,,,,0.0,1591,1524,,0,0,FAIL
1844.039,2,FAIL,0,0,NO_ORIGIN,0,0,1,1,1,1,0,0.0,,,,,0.0,1591,1524,,0,0,FAIL
1844.089,2,FAIL,0,0,NO_ORIGIN,0,0,1,1,1,1,0,0.0,,,,,0.0,1591,1524,,0,0,FAIL
1844.139,2,FAIL,0,0,NO_ORIGIN,0,0,1,1,1,1,0,0.0,,,,,0.0,1591,1524,,0,0,FAIL
1844.189,2,FAIL,0,0,NO_ORIGIN,0,0,1,1,1,1,0,0.0,,,,,0.0,1591,1524,,0,0,FAIL
1844.24,2,FAIL,0,0,NO_ORIGIN,0,0,1,1,1,1,0,0.0,,,,,0.0,1591,1524,,0,0,FAIL
1844.29,2,FAIL,0,0,NO_ORIGIN,0,0,1,1,1,1,0,0.0,,,,,0.0,1591,1524,,0,0,FAIL
1844.341,2,FAIL,0,0,NO_ORIGIN,0,0,1,1,1,1,0,0.0,,,,,0.0,1591,1524,,0,0,FAIL
1844.391,2,FAIL,0,0,NO_ORIGIN,0,0,1,1,1,1,0,0.0,,,,,0.0,1591,1524,,0,0,FAIL
1844.441,2,FAIL,0,0,NO_ORIGIN,0,0,1,1,1,1,0,0.0,,,,,0.0,1591,1524,,0,0,FAIL
1844.492,2,FAIL,0,0,NO_ORIGIN,0,0,1,1,1,1,0,0.0,,,,,0.0,1591,1524,,0,0,FAIL
1844.542,2,FAIL,0,0,NO_ORIGIN,0,0,1,1,1,1,0,0.0,,,,,0.0,1591,1524,,0,0,FAIL
1844.592,2,FAIL,0,0,NO_ORIGIN,0,0,1,1,1,1,0,0.0,,,,,0.0,1591,1524,,0,0,FAIL
1844.642,2,FAIL,0,0,NO_ORIGIN,0,0,1,1,1,1,0,0.0,,,,,0.0,1591,1524,,0,0,FAIL
1844.692,2,FAIL,0,0,NO_ORIGIN,0,0,1,1,1,1,0,0.0,,,,,0.0,1591,1524,,0,0,FAIL
1844.742,2,FAIL,0,0,NO_ORIGIN,0,0,1,1,1,1,0,0.0,,,,,0.0,1591,1524,,0,0,FAIL
1844.793,2,FAIL,0,0,NO_ORIGIN,0,0,1,1,1,1,0,0.0,,,,,0.0,1591,1524,,0,0,FAIL
1844.843,2,FAIL,0,0,NO_ORIGIN,0,0,1,1,1,1,0,0.0,,,,,0.0,1591,1524,,0,0,FAIL
1844.893,2,FAIL,0,0,NO_ORIGIN,0,0,1,1,1,1,0,0.0,,,,,0.0,1591,1524,,0,0,FAIL
1844.943,2,FAIL,0,0,NO_ORIGIN,0,0,1,1,1,1,0,0.0,,,,,0.0,1591,1524,,0,0,FAIL
1844.993,2,FAIL,0,0,NO_ORIGIN,0,0,1,1,1,1,0,0.0,,,,,0.0,1591,1524,,0,0,FAIL
1845.044,2,FAIL,0,0,NO_ORIGIN,0,0,1,1,1,1,0,0.0,,,,,0.0,1591,1524,,0,0,FAIL
1845.095,2,FAIL,0,0,NO_ORIGIN,0,0,1,1,1,1,0,0.0,,,,,0.0,1591,1524,,0,0,FAIL
1845.145,2,FAIL,0,0,NO_ORIGIN,0,0,1,1,1,1,0,0.0,,,,,0.0,1591,1524,,0,0,FAIL
1845.195,2,FAIL,0,0,NO_ORIGIN,0,0,1,1,1,1,0,0.0,,,,,0.0,1591,1524,,0,0,FAIL
1845.246,2,FAIL,0,0,NO_ORIGIN,0,0,1,1,1,1,0,0.0,,,,,0.0,1591,1524,,0,0,FAIL
1845.296,2,FAIL,0,0,NO_ORIGIN,0,0,1,1,1,1,0,0.0,,,,,0.0,1591,1524,,0,0,FAIL
1845.346,2,FAIL,0,0,NO_ORIGIN,0,0,1,1,1,1,0,0.0,,,,,0.0,1591,1524,,0,0,FAIL
1845.396,2,FAIL,0,0,NO_ORIGIN,0,0,1,1,1,1,0,0.0,,,,,0.0,1591,1524,,0,0,FAIL
1845.446,2,FAIL,0,0,NO_ORIGIN,0,0,1,1,1,1,0,0.0,,,,,0.0,1591,1524,,0,0,FAIL
1845.497,2,FAIL,0,0,NO_ORIGIN,0,0,1,1,1,1,0,0.0,,,,,0.0,1591,1524,,0,0,FAIL
1845.547,2,FAIL,0,0,NO_ORIGIN,0,0,1,1,1,1,0,0.0,,,,,0.0,1591,1524,,0,0,FAIL
1845.597,2,FAIL,0,0,NO_ORIGIN,0,0,1,1,1,1,0,0.0,,,,,0.0,1591,1524,,0,0,FAIL
1845.647,2,FAIL,0,0,NO_ORIGIN,0,0,1,1,1,1,0,0.0,,,,,0.0,1591,1524,,0,0,FAIL
1845.697,2,FAIL,0,0,NO_ORIGIN,0,0,1,1,1,1,0,0.0,,,,,0.0,1591,1524,,0,0,FAIL
1845.747,2,FAIL,0,0,NO_ORIGIN,0,0,1,1,1,1,0,0.0,,,,,0.0,1591,1524,,0,0,FAIL
1845.798,2,FAIL,0,0,NO_ORIGIN,0,0,1,1,1,1,0,0.0,,,,,0.0,1591,1524,,0,0,FAIL
1845.848,2,FAIL,0,0,NO_ORIGIN,0,0,1,1,1,1,0,0.0,,,,,0.0,1591,1524,,0,0,FAIL
1845.898,2,FAIL,0,0,NO_ORIGIN,0,0,1,1,1,1,0,0.0,,,,,0.0,1591,1524,,0,0,FAIL
1845.948,2,FAIL,0,0,NO_ORIGIN,0,0,1,1,1,1,0,0.0,,,,,0.0,1591,1524,,0,0,FAIL
1845.998,2,FAIL,0,0,NO_ORIGIN,0,0,1,1,1,1,0,0.0,,,,,0.0,1591,1524,,0,0,FAIL
1846.049,2,FAIL,0,0,NO_ORIGIN,0,0,1,1,1,1,0,0.0,,,,,0.0,1591,1524,,0,0,FAIL
1846.099,2,FAIL,0,0,NO_ORIGIN,0,0,1,1,1,1,0,0.0,,,,,0.0,1591,1524,,0,0,FAIL
1846.149,2,FAIL,0,0,NO_ORIGIN,0,0,1,1,1,1,0,0.0,,,,,0.0,1591,1524,,0,0,FAIL
1846.199,2,FAIL,0,0,NO_ORIGIN,0,0,1,1,1,1,0,0.0,,,,,0.0,1591,1524,,0,0,FAIL
1846.249,2,FAIL,0,0,NO_ORIGIN,0,0,1,1,1,1,0,0.0,,,,,0.0,1591,1524,,0,0,FAIL
1846.299,2,FAIL,0,0,NO_ORIGIN,0,0,1,1,1,1,0,0.0,,,,,0.0,1591,1524,,0,0,FAIL
1846.35,2,FAIL,0,0,NO_ORIGIN,0,0,1,1,1,1,0,0.0,,,,,0.0,1591,1524,,0,0,FAIL
1846.4,2,FAIL,0,0,NO_ORIGIN,0,0,1,1,1,1,0,0.0,,,,,0.0,1591,1524,,0,0,FAIL
1846.452,2,FAIL,0,0,NO_ORIGIN,0,0,1,1,1,1,0,0.0,,,,,0.0,1591,1524,,0,0,FAIL
1846.502,2,FAIL,0,0,NO_ORIGIN,0,0,1,1,1,1,0,0.0,,,,,0.0,1591,1524,,0,0,FAIL
1846.552,2,FAIL,0,0,NO_ORIGIN,0,0,1,1,1,1,0,0.0,,,,,0.0,1591,1524,,0,0,FAIL
1846.603,2,FAIL,0,0,NO_ORIGIN,0,0,1,1,1,1,0,0.0,,,,,0.0,1591,1524,,0,0,FAIL
1846.653,2,FAIL,0,0,NO_ORIGIN,0,0,1,1,1,1,0,0.0,,,,,0.0,1591,1524,,0,0,FAIL
1846.703,2,FAIL,0,0,NO_ORIGIN,0,0,1,1,1,1,0,0.0,,,,,0.0,1591,1524,,0,0,FAIL
1846.753,2,FAIL,0,0,NO_ORIGIN,0,0,1,1,1,1,0,0.0,,,,,0.0,1591,1524,,0,0,FAIL
1846.803,2,FAIL,0,0,NO_ORIGIN,0,0,1,1,1,1,0,0.0,,,,,0.0,1591,1524,,0,0,FAIL
1846.853,2,FAIL,0,0,NO_ORIGIN,0,0,1,1,1,1,0,0.0,,,,,0.0,1591,1524,,0,0,FAIL
1846.904,2,FAIL,0,0,NO_ORIGIN,0,0,1,1,1,1,0,0.0,,,,,0.0,1591,1524,,0,0,FAIL
1846.954,2,FAIL,0,0,NO_ORIGIN,0,0,1,1,1,1,0,0.0,,,,,0.0,1591,1524,,0,0,FAIL
1847.004,2,FAIL,0,0,NO_ORIGIN,0,0,1,1,1,1,0,0.0,,,,,0.0,1591,1524,,0,0,FAIL
1847.055,2,FAIL,0,0,NO_ORIGIN,0,0,1,1,1,1,0,0.0,,,,,0.0,1591,1524,,0,0,FAIL
1847.105,2,FAIL,0,0,NO_ORIGIN,0,0,1,1,1,1,0,0.0,,,,,0.0,1591,1524,,0,0,FAIL
1847.155,2,FAIL,0,0,NO_ORIGIN,0,0,1,1,1,1,0,0.0,,,,,0.0,1591,1524,,0,0,FAIL
1847.205,2,FAIL,0,0,NO_ORIGIN,0,0,1,1,1,1,0,0.0,,,,,0.0,1591,1524,,0,0,FAIL
1847.256,2,FAIL,0,0,NO_ORIGIN,0,0,1,1,1,1,0,0.0,,,,,0.0,1591,1524,,0,0,FAIL
1847.306,2,FAIL,0,0,NO_ORIGIN,0,0,1,1,1,1,0,0.0,,,,,0.0,1591,1524,,0,0,FAIL
1847.356,2,FAIL,0,0,NO_ORIGIN,0,0,1,1,1,1,0,0.0,,,,,0.0,1591,1524,,0,0,FAIL
1847.406,2,FAIL,0,0,NO_ORIGIN,0,0,1,1,1,1,0,0.0,,,,,0.0,1591,1524,,0,0,FAIL
1847.457,2,FAIL,0,0,NO_ORIGIN,0,0,1,1,1,1,0,0.0,,,,,0.0,1591,1524,,0,0,FAIL
1847.507,2,FAIL,0,0,NO_ORIGIN,0,0,1,1,1,1,0,0.0,,,,,0.0,1591,1524,,0,0,FAIL
1847.557,2,FAIL,0,0,NO_ORIGIN,0,0,1,1,1,1,0,0.0,,,,,0.0,1591,1524,,0,0,FAIL
1847.607,2,FAIL,0,0,NO_ORIGIN,0,0,1,1,1,1,0,0.0,,,,,0.0,1591,1524,,0,0,FAIL
1847.657,2,FAIL,0,0,NO_ORIGIN,0,0,1,1,1,1,0,0.0,,,,,0.0,1591,1524,,0,0,FAIL
1847.707,2,FAIL,0,0,NO_ORIGIN,0,0,1,1,1,1,0,0.0,,,,,0.0,1591,1524,,0,0,FAIL
1847.758,2,FAIL,0,0,NO_ORIGIN,0,0,1,1,1,1,0,0.0,,,,,0.0,1591,1524,,0,0,FAIL
1847.808,2,FAIL,0,0,NO_ORIGIN,0,0,1,1,1,1,0,0.0,,,,,0.0,1591,1524,,0,0,FAIL
1847.858,2,FAIL,0,0,NO_ORIGIN,0,0,1,1,1,1,0,0.0,,,,,0.0,1591,1524,,0,0,FAIL
1847.909,2,FAIL,0,0,NO_ORIGIN,0,0,1,1,1,1,0,0.0,,,,,0.0,1591,1524,,0,0,FAIL
1847.959,2,FAIL,0,0,NO_ORIGIN,0,0,1,1,1,1,0,0.0,,,,,0.0,1591,1524,,0,0,FAIL
1848.009,2,FAIL,0,0,NO_ORIGIN,0,0,1,1,1,1,0,0.0,,,,,0.0,1591,1524,,0,0,FAIL
1848.059,2,FAIL,0,0,NO_ORIGIN,0,0,1,1,1,1,0,0.0,,,,,0.0,1591,1524,,0,0,FAIL
1848.109,2,FAIL,0,0,NO_ORIGIN,0,0,1,1,1,1,0,0.0,,,,,0.0,1591,1524,,0,0,FAIL
1848.16,2,FAIL,0,0,NO_ORIGIN,0,0,1,1,1,1,0,0.0,,,,,0.0,1591,1524,,0,0,FAIL
1848.21,2,FAIL,0,0,NO_ORIGIN,0,0,1,1,1,1,0,0.0,,,,,0.0,1591,1524,,0,0,FAIL
1848.26,2,FAIL,0,0,NO_ORIGIN,0,0,1,1,1,1,0,0.0,,,,,0.0,1591,1524,,0,0,FAIL
1848.311,2,FAIL,0,0,NO_ORIGIN,0,0,1,1,1,1,0,0.0,,,,,0.0,1591,1524,,0,0,FAIL
1848.364,2,FAIL,0,0,NO_ORIGIN,0,0,1,1,1,1,0,0.0,,,,,0.0,1591,1524,,0,0,FAIL
1848.415,2,FAIL,0,0,NO_ORIGIN,0,0,1,1,1,1,0,0.0,,,,,0.0,1591,1524,,0,0,FAIL
1848.465,2,FAIL,0,0,NO_ORIGIN,0,0,1,1,1,1,0,0.0,,,,,0.0,1591,1524,,0,0,FAIL
1848.516,2,FAIL,0,0,NO_ORIGIN,0,0,1,1,1,1,0,0.0,,,,,0.0,1591,1524,,0,0,FAIL
1848.566,2,FAIL,0,0,NO_ORIGIN,0,0,1,1,1,1,0,0.0,,,,,0.0,1591,1524,,0,0,FAIL
1848.616,2,FAIL,0,0,NO_ORIGIN,0,0,1,1,1,1,0,0.0,,,,,0.0,1591,1524,,0,0,FAIL
1848.667,2,FAIL,0,0,NO_ORIGIN,0,0,1,1,1,1,0,0.0,,,,,0.0,1591,1524,,0,0,FAIL
1848.717,2,FAIL,0,0,NO_ORIGIN,0,0,1,1,1,1,0,0.0,,,,,0.0,1591,1524,,0,0,FAIL
1848.767,2,FAIL,0,0,NO_ORIGIN,0,0,1,1,1,1,0,0.0,,,,,0.0,1591,1524,,0,0,FAIL
1848.817,2,FAIL,0,0,NO_ORIGIN,0,0,1,1,1,1,0,0.0,,,,,0.0,1591,1524,,0,0,FAIL
1848.868,2,FAIL,0,0,NO_ORIGIN,0,0,1,1,1,1,0,0.0,,,,,0.0,1591,1524,,0,0,FAIL
1848.918,2,FAIL,0,0,NO_ORIGIN,0,0,1,1,1,1,0,0.0,,,,,0.0,1591,1524,,0,0,FAIL
1848.968,2,FAIL,0,0,NO_ORIGIN,0,0,1,1,1,1,0,0.0,,,,,0.0,1591,1524,,0,0,FAIL
1849.019,2,FAIL,0,0,NO_ORIGIN,0,0,1,1,1,1,0,0.0,,,,,0.0,1591,1524,,0,0,FAIL
1849.069,2,FAIL,0,0,NO_ORIGIN,0,0,1,1,1,1,0,0.0,,,,,0.0,1591,1524,,0,0,FAIL
1849.119,2,FAIL,0,0,NO_ORIGIN,0,0,1,1,1,1,0,0.0,,,,,0.0,1591,1524,,0,0,FAIL
1849.169,2,FAIL,0,0,NO_ORIGIN,0,0,1,1,1,1,0,0.0,,,,,0.0,1591,1524,,0,0,FAIL
1849.219,2,FAIL,0,0,NO_ORIGIN,0,0,1,1,1,1,0,0.0,,,,,0.0,1591,1524,,0,0,FAIL
1849.269,2,FAIL,0,0,NO_ORIGIN,0,0,1,1,1,1,0,0.0,,,,,0.0,1591,1524,,0,0,FAIL
1849.32,2,FAIL,0,0,NO_ORIGIN,0,0,1,1,1,1,0,0.0,,,,,0.0,1591,1524,,0,0,FAIL
1849.37,2,FAIL,0,0,NO_ORIGIN,0,0,1,1,1,1,0,0.0,,,,,0.0,1591,1524,,0,0,FAIL
1849.42,2,FAIL,0,0,NO_ORIGIN,0,0,1,1,1,1,0,0.0,,,,,0.0,1591,1524,,0,0,FAIL
1849.471,2,FAIL,0,0,NO_ORIGIN,0,0,1,1,1,1,0,0.0,,,,,0.0,1591,1524,,0,0,FAIL
1849.522,2,FAIL,0,0,NO_ORIGIN,0,0,1,1,1,1,0,0.0,,,,,0.0,1591,1524,,0,0,FAIL
1849.573,2,FAIL,0,0,NO_ORIGIN,0,0,1,1,1,1,0,0.0,,,,,0.0,1591,1524,,0,0,FAIL
1849.623,2,FAIL,0,0,NO_ORIGIN,0,0,1,1,1,1,0,0.0,,,,,0.0,1591,1524,,0,0,FAIL
1849.675,2,FAIL,0,0,NO_ORIGIN,0,0,1,1,1,1,0,0.0,,,,,0.0,1591,1524,,0,0,FAIL
1849.725,2,FAIL,0,0,NO_ORIGIN,0,0,1,1,1,1,0,0.0,,,,,0.0,1591,1524,,0,0,FAIL
1849.775,2,FAIL,0,0,NO_ORIGIN,0,0,1,1,1,1,0,0.0,,,,,0.0,1591,1524,,0,0,FAIL
1849.825,2,FAIL,0,0,NO_ORIGIN,0,0,1,1,1,1,0,0.0,,,,,0.0,1591,1524,,0,0,FAIL
1849.876,2,FAIL,0,0,NO_ORIGIN,0,0,1,1,1,1,0,0.0,,,,,0.0,1591,1524,,0,0,FAIL
1849.926,2,FAIL,0,0,NO_ORIGIN,0,0,1,1,1,1,0,0.0,,,,,0.0,1591,1524,,0,0,FAIL
1849.977,2,FAIL,0,0,NO_ORIGIN,0,0,1,1,1,1,0,0.0,,,,,0.0,1591,1524,,0,0,FAIL
1850.027,2,FAIL,0,0,NO_ORIGIN,0,0,1,1,1,1,0,0.0,,,,,0.0,1591,1524,,0,0,FAIL
1850.077,2,FAIL,0,0,NO_ORIGIN,0,0,1,1,1,1,0,0.0,,,,,0.0,1591,1524,,0,0,FAIL
1850.127,2,FAIL,0,0,NO_ORIGIN,0,0,1,1,1,1,0,0.0,,,,,0.0,1591,1524,,0,0,FAIL
1850.177,2,FAIL,0,0,NO_ORIGIN,0,0,1,1,1,1,0,0.0,,,,,0.0,1591,1524,,0,0,FAIL
1850.228,2,FAIL,0,0,NO_ORIGIN,0,0,1,1,1,1,0,0.0,,,,,0.0,1591,1524,,0,0,FAIL
1850.279,2,FAIL,0,0,NO_ORIGIN,0,0,1,1,1,1,0,0.0,,,,,0.0,1591,1524,,0,0,FAIL
1850.329,2,FAIL,0,0,NO_ORIGIN,0,0,1,1,1,1,0,0.0,,,,,0.0,1591,1524,,0,0,FAIL
1850.379,2,FAIL,0,0,NO_ORIGIN,0,0,1,1,1,1,0,0.0,,,,,0.0,1591,1524,,0,0,FAIL
1850.429,2,FAIL,0,0,NO_ORIGIN,0,0,1,1,1,1,0,0.0,,,,,0.0,1591,1524,,0,0,FAIL
1850.479,2,FAIL,0,0,NO_ORIGIN,0,0,1,1,1,1,0,0.0,,,,,0.0,1591,1524,,0,0,FAIL
1850.53,2,FAIL,0,0,NO_ORIGIN,0,0,1,1,1,1,0,0.0,,,,,0.0,1591,1524,,0,0,FAIL
1850.58,2,FAIL,0,0,NO_ORIGIN,0,0,1,1,1,1,0,0.0,,,,,0.0,1591,1524,,0,0,FAIL
1850.63,2,FAIL,0,0,NO_ORIGIN,0,0,1,1,1,1,0,0.0,,,,,0.0,1591,1524,,0,0,FAIL
1850.682,2,FAIL,0,0,NO_ORIGIN,0,0,1,1,1,1,0,0.0,,,,,0.0,1591,1524,,0,0,FAIL
1850.732,2,FAIL,0,0,NO_ORIGIN,0,0,1,1,1,1,0,0.0,,,,,0.0,1591,1524,,0,0,FAIL
1850.783,2,FAIL,0,0,NO_ORIGIN,0,0,1,1,1,1,0,0.0,,,,,0.0,1591,1524,,0,0,FAIL
1850.833,2,FAIL,0,0,NO_ORIGIN,0,0,1,1,1,1,0,0.0,,,,,0.0,1591,1524,,0,0,FAIL
1850.883,2,FAIL,0,0,NO_ORIGIN,0,0,1,1,1,1,0,0.0,,,,,0.0,1591,1524,,0,0,FAIL
1850.933,2,FAIL,0,0,NO_ORIGIN,0,0,1,1,1,1,0,0.0,,,,,0.0,1591,1524,,0,0,FAIL
1850.984,2,FAIL,0,0,NO_ORIGIN,0,0,1,1,1,1,0,0.0,,,,,0.0,1591,1524,,0,0,FAIL
1851.034,2,FAIL,0,0,NO_ORIGIN,0,0,1,1,1,1,0,0.0,,,,,0.0,1591,1524,,0,0,FAIL
1851.084,2,FAIL,0,0,NO_ORIGIN,0,0,1,1,1,1,0,0.0,,,,,0.0,1591,1524,,0,0,FAIL
1851.134,2,FAIL,0,0,NO_ORIGIN,0,0,1,1,1,1,0,0.0,,,,,0.0,1591,1524,,0,0,FAIL
1851.184,2,FAIL,0,0,NO_ORIGIN,0,0,1,1,1,1,0,0.0,,,,,0.0,1591,1524,,0,0,FAIL
1851.235,2,FAIL,0,0,NO_ORIGIN,0,0,1,1,1,1,0,0.0,,,,,0.0,1591,1524,,0,0,FAIL
1851.285,2,FAIL,0,0,NO_ORIGIN,0,0,1,1,1,1,0,0.0,,,,,0.0,1591,1524,,0,0,FAIL
1851.338,2,FAIL,0,0,NO_ORIGIN,0,0,1,1,1,1,0,0.0,,,,,0.0,1591,1524,,0,0,FAIL
1851.388,2,FAIL,0,0,NO_ORIGIN,0,0,1,1,1,1,0,0.0,,,,,0.0,1591,1524,,0,0,FAIL
1851.439,2,FAIL,0,0,NO_ORIGIN,0,0,1,1,1,1,0,0.0,,,,,0.0,1591,1524,,0,0,FAIL
1851.49,2,FAIL,0,0,NO_ORIGIN,0,0,1,1,1,1,0,0.0,,,,,0.0,1591,1524,,0,0,FAIL
1851.541,2,FAIL,0,0,NO_ORIGIN,0,0,1,1,1,1,0,0.0,,,,,0.0,1591,1524,,0,0,FAIL
1851.591,2,FAIL,0,0,NO_ORIGIN,0,0,1,1,1,1,0,0.0,,,,,0.0,1591,1524,,0,0,FAIL
1851.641,2,FAIL,0,0,NO_ORIGIN,0,0,1,1,1,1,0,0.0,,,,,0.0,1591,1524,,0,0,FAIL
1851.692,2,FAIL,0,0,NO_ORIGIN,0,0,1,1,1,1,0,0.0,,,,,0.0,1591,1524,,0,0,FAIL
1851.743,2,FAIL,0,0,NO_ORIGIN,0,0,1,1,1,1,0,0.0,,,,,0.0,1591,1524,,0,0,FAIL
1851.793,2,FAIL,0,0,NO_ORIGIN,0,0,1,1,1,1,0,0.0,,,,,0.0,1591,1524,,0,0,FAIL
1851.843,2,FAIL,0,0,NO_ORIGIN,0,0,1,1,1,1,0,0.0,,,,,0.0,1591,1524,,0,0,FAIL
1851.894,2,FAIL,0,0,NO_ORIGIN,0,0,1,1,1,1,0,0.0,,,,,0.0,1591,1524,,0,0,FAIL
1851.944,2,FAIL,0,0,NO_ORIGIN,0,0,1,1,1,1,0,0.0,,,,,0.0,1591,1524,,0,0,FAIL
1851.995,2,FAIL,0,0,NO_ORIGIN,0,0,1,1,1,1,0,0.0,,,,,0.0,1591,1524,,0,0,FAIL
1852.045,2,FAIL,0,0,NO_ORIGIN,0,0,1,1,1,1,0,0.0,,,,,0.0,1591,1524,,0,0,FAIL
1852.097,2,FAIL,0,0,NO_ORIGIN,0,0,1,1,1,1,0,0.0,,,,,0.0,1591,1524,,0,0,FAIL
1852.147,2,FAIL,0,0,NO_ORIGIN,0,0,1,1,1,1,0,0.0,,,,,0.0,1591,1524,,0,0,FAIL
1852.198,2,FAIL,0,0,NO_ORIGIN,0,0,1,1,1,1,0,0.0,,,,,0.0,1591,1524,,0,0,FAIL
1852.248,2,FAIL,0,0,NO_ORIGIN,0,0,1,1,1,1,0,0.0,,,,,0.0,1591,1524,,0,0,FAIL
1852.298,2,FAIL,0,0,NO_ORIGIN,0,0,1,1,1,1,0,0.0,,,,,0.0,1591,1524,,0,0,FAIL
1852.349,2,FAIL,0,0,NO_ORIGIN,0,0,1,1,1,1,0,0.0,,,,,0.0,1591,1524,,0,0,FAIL
1852.399,2,FAIL,0,0,NO_ORIGIN,0,0,1,1,1,1,0,0.0,,,,,0.0,1591,1524,,0,0,FAIL
1852.449,2,FAIL,0,0,NO_ORIGIN,0,0,1,1,1,1,0,0.0,,,,,0.0,1591,1524,,0,0,FAIL
1852.499,2,FAIL,0,0,NO_ORIGIN,0,0,1,1,1,1,0,0.0,,,,,0.0,1591,1524,,0,0,FAIL
1852.55,2,FAIL,0,0,NO_ORIGIN,0,0,1,1,1,1,0,0.0,,,,,0.0,1591,1524,,0,0,FAIL
1852.6,2,FAIL,0,0,NO_ORIGIN,0,0,1,1,1,1,0,0.0,,,,,0.0,1591,1524,,0,0,FAIL
1852.65,2,FAIL,0,0,NO_ORIGIN,0,0,1,1,1,1,0,0.0,,,,,0.0,1591,1524,,0,0,FAIL
1852.7,2,FAIL,0,0,NO_ORIGIN,0,0,1,1,1,1,0,0.0,,,,,0.0,1591,1524,,0,0,FAIL
1852.75,2,FAIL,0,0,NO_ORIGIN,0,0,1,1,1,1,0,0.0,,,,,0.0,1591,1524,,0,0,FAIL
1852.801,2,FAIL,0,0,NO_ORIGIN,0,0,1,1,1,1,0,0.0,,,,,0.0,1591,1524,,0,0,FAIL
1852.851,2,FAIL,0,0,NO_ORIGIN,0,0,1,1,1,1,0,0.0,,,,,0.0,1591,1524,,0,0,FAIL
1852.901,2,FAIL,0,0,NO_ORIGIN,0,0,1,1,1,1,0,0.0,,,,,0.0,1591,1524,,0,0,FAIL
1852.951,2,FAIL,0,0,NO_ORIGIN,0,0,1,1,1,1,0,0.0,,,,,0.0,1591,1524,,0,0,FAIL
1853.001,2,FAIL,0,0,NO_ORIGIN,0,0,1,1,1,1,0,0.0,,,,,0.0,1591,1524,,0,0,FAIL
1853.051,2,FAIL,0,0,NO_ORIGIN,0,0,1,1,1,1,0,0.0,,,,,0.0,1591,1524,,0,0,FAIL
1853.102,2,FAIL,0,0,NO_ORIGIN,0,0,1,1,1,1,0,0.0,,,,,0.0,1591,1524,,0,0,FAIL
1853.152,2,FAIL,0,0,NO_ORIGIN,0,0,1,1,1,1,0,0.0,,,,,0.0,1591,1524,,0,0,FAIL
1853.202,2,FAIL,0,0,NO_ORIGIN,0,0,1,1,1,1,0,0.0,,,,,0.0,1591,1524,,0,0,FAIL
1853.252,2,FAIL,0,0,NO_ORIGIN,0,0,1,1,1,1,0,0.0,,,,,0.0,1591,1524,,0,0,FAIL
1853.302,2,FAIL,0,0,NO_ORIGIN,0,0,1,1,1,1,0,0.0,,,,,0.0,1591,1524,,0,0,FAIL
1853.353,2,FAIL,0,0,NO_ORIGIN,0,0,1,1,1,1,0,0.0,,,,,0.0,1591,1524,,0,0,FAIL
1853.403,2,FAIL,0,0,NO_ORIGIN,0,0,1,1,1,1,0,0.0,,,,,0.0,1591,1524,,0,0,FAIL
1853.453,2,FAIL,0,0,NO_ORIGIN,0,0,1,1,1,1,0,0.0,,,,,0.0,1591,1524,,0,0,FAIL
1853.503,2,FAIL,0,0,NO_ORIGIN,0,0,1,1,1,1,0,0.0,,,,,0.0,1591,1524,,0,0,FAIL
1853.553,2,FAIL,0,0,NO_ORIGIN,0,0,1,1,1,1,0,0.0,,,,,0.0,1591,1524,,0,0,FAIL
1853.604,2,FAIL,0,0,NO_ORIGIN,0,0,1,1,1,1,0,0.0,,,,,0.0,1591,1524,,0,0,FAIL
1853.654,2,FAIL,0,0,NO_ORIGIN,0,0,1,1,1,1,0,0.0,,,,,0.0,1591,1524,,0,0,FAIL
1853.704,2,FAIL,0,0,NO_ORIGIN,0,0,1,1,1,1,0,0.0,,,,,0.0,1591,1524,,0,0,FAIL
1853.754,2,FAIL,0,0,NO_ORIGIN,0,0,1,1,1,1,0,0.0,,,,,0.0,1591,1524,,0,0,FAIL
1853.805,2,FAIL,0,0,NO_ORIGIN,0,0,1,1,1,1,0,0.0,,,,,0.0,1591,1524,,0,0,FAIL
1853.855,2,FAIL,0,0,NO_ORIGIN,0,0,1,1,1,1,0,0.0,,,,,0.0,1591,1524,,0,0,FAIL
1853.905,2,FAIL,0,0,NO_ORIGIN,0,0,1,1,1,1,0,0.0,,,,,0.0,1591,1524,,0,0,FAIL
1853.955,2,FAIL,0,0,NO_ORIGIN,0,0,1,1,1,1,0,0.0,,,,,0.0,1591,1524,,0,0,FAIL
1854.007,2,FAIL,0,0,NO_ORIGIN,0,0,1,1,1,1,0,0.0,,,,,0.0,1591,1524,,0,0,FAIL
1854.057,2,FAIL,0,0,NO_ORIGIN,0,0,1,1,1,1,0,0.0,,,,,0.0,1591,1524,,0,0,FAIL
1854.107,2,FAIL,0,0,NO_ORIGIN,0,0,1,1,1,1,0,0.0,,,,,0.0,1591,1524,,0,0,FAIL
1854.157,2,FAIL,0,0,NO_ORIGIN,0,0,1,1,1,1,0,0.0,,,,,0.0,1591,1524,,0,0,FAIL
1854.208,2,FAIL,0,0,NO_ORIGIN,0,0,1,1,1,1,0,0.0,,,,,0.0,1591,1524,,0,0,FAIL
1854.258,2,FAIL,0,0,NO_ORIGIN,0,0,1,1,1,1,0,0.0,,,,,0.0,1591,1524,,0,0,FAIL
1854.308,2,FAIL,0,0,NO_ORIGIN,0,0,1,1,1,1,0,0.0,,,,,0.0,1591,1524,,0,0,FAIL
1854.359,2,FAIL,0,0,NO_ORIGIN,0,0,1,1,1,1,0,0.0,,,,,0.0,1591,1524,,0,0,FAIL
1854.409,2,FAIL,0,0,NO_ORIGIN,0,0,1,1,1,1,0,0.0,,,,,0.0,1591,1524,,0,0,FAIL
1854.459,2,FAIL,0,0,NO_ORIGIN,0,0,1,1,1,1,0,0.0,,,,,0.0,1591,1524,,0,0,FAIL
1854.509,2,FAIL,0,0,NO_ORIGIN,0,0,1,1,1,1,0,0.0,,,,,0.0,1591,1524,,0,0,FAIL
1854.559,2,FAIL,0,0,NO_ORIGIN,0,0,1,1,1,1,0,0.0,,,,,0.0,1591,1524,,0,0,FAIL
1854.61,2,FAIL,0,0,NO_ORIGIN,0,0,1,1,1,1,0,0.0,,,,,0.0,1591,1524,,0,0,FAIL
1854.663,2,FAIL,0,0,NO_ORIGIN,0,0,1,1,1,1,0,0.0,,,,,0.0,1591,1524,,0,0,FAIL
1854.713,2,FAIL,0,0,NO_ORIGIN,0,0,1,1,1,1,0,0.0,,,,,0.0,1591,1524,,0,0,FAIL
1854.763,2,FAIL,0,0,NO_ORIGIN,0,0,1,1,1,1,0,0.0,,,,,0.0,1591,1524,,0,0,FAIL
1854.814,2,FAIL,0,0,NO_ORIGIN,0,0,1,1,1,1,0,0.0,,,,,0.0,1591,1524,,0,0,FAIL
1854.864,2,FAIL,0,0,NO_ORIGIN,0,0,1,1,1,1,0,0.0,,,,,0.0,1591,1524,,0,0,FAIL
1854.914,2,FAIL,0,0,NO_ORIGIN,0,0,1,1,1,1,0,0.0,,,,,0.0,1591,1524,,0,0,FAIL
1854.964,2,FAIL,0,0,NO_ORIGIN,0,0,1,1,1,1,0,0.0,,,,,0.0,1591,1524,,0,0,FAIL
1855.014,2,FAIL,0,0,NO_ORIGIN,0,0,1,1,1,1,0,0.0,,,,,0.0,1591,1524,,0,0,FAIL
1855.065,2,FAIL,0,0,NO_ORIGIN,0,0,1,1,1,1,0,0.0,,,,,0.0,1591,1524,,0,0,FAIL
1855.116,2,FAIL,0,0,NO_ORIGIN,0,0,1,1,1,1,0,0.0,,,,,0.0,1591,1524,,0,0,FAIL
1855.166,2,FAIL,0,0,NO_ORIGIN,0,0,1,1,1,1,0,0.0,,,,,0.0,1591,1524,,0,0,FAIL
1855.217,2,FAIL,0,0,NO_ORIGIN,0,0,1,1,1,1,0,0.0,,,,,0.0,1591,1524,,0,0,FAIL
1855.267,2,FAIL,0,0,NO_ORIGIN,0,0,1,1,1,1,0,0.0,,,,,0.0,1591,1524,,0,0,FAIL
1855.319,2,FAIL,0,0,NO_ORIGIN,0,0,1,1,1,1,0,0.0,,,,,0.0,1591,1524,,0,0,FAIL
1855.369,2,FAIL,0,0,NO_ORIGIN,0,0,1,1,1,1,0,0.0,,,,,0.0,1591,1524,,0,0,FAIL
1855.42,2,FAIL,0,0,NO_ORIGIN,0,0,1,1,1,1,0,0.0,,,,,0.0,1591,1524,,0,0,FAIL
1855.471,2,FAIL,0,0,NO_ORIGIN,0,0,1,1,1,1,0,0.0,,,,,0.0,1591,1524,,0,0,FAIL
1855.521,2,FAIL,0,0,NO_ORIGIN,0,0,1,1,1,1,0,0.0,,,,,0.0,1591,1524,,0,0,FAIL
1855.571,2,FAIL,0,0,NO_ORIGIN,0,0,1,1,1,1,0,0.0,,,,,0.0,1591,1524,,0,0,FAIL
1855.622,2,FAIL,0,0,NO_ORIGIN,0,0,1,1,1,1,0,0.0,,,,,0.0,1591,1524,,0,0,FAIL
1855.672,2,FAIL,0,0,NO_ORIGIN,0,0,1,1,1,1,0,0.0,,,,,0.0,1591,1524,,0,0,FAIL
1855.723,2,FAIL,0,0,NO_ORIGIN,0,0,1,1,1,1,0,0.0,,,,,0.0,1591,1524,,0,0,FAIL
1855.773,2,FAIL,0,0,NO_ORIGIN,0,0,1,1,1,1,0,0.0,,,,,0.0,1591,1524,,0,0,FAIL
1855.823,2,FAIL,0,0,NO_ORIGIN,0,0,1,1,1,1,0,0.0,,,,,0.0,1591,1524,,0,0,FAIL
1855.873,2,FAIL,0,0,NO_ORIGIN,0,0,1,1,1,1,0,0.0,,,,,0.0,1591,1524,,0,0,FAIL
1855.924,2,FAIL,0,0,NO_ORIGIN,0,0,1,1,1,1,0,0.0,,,,,0.0,1591,1524,,0,0,FAIL
1855.974,2,FAIL,0,0,NO_ORIGIN,0,0,1,1,1,1,0,0.0,,,,,0.0,1591,1524,,0,0,FAIL
1856.024,2,FAIL,0,0,NO_ORIGIN,0,0,1,1,1,1,0,0.0,,,,,0.0,1591,1524,,0,0,FAIL
1856.074,2,FAIL,0,0,NO_ORIGIN,0,0,1,1,1,1,0,0.0,,,,,0.0,1591,1524,,0,0,FAIL
1856.125,2,FAIL,0,0,NO_ORIGIN,0,0,1,1,1,1,0,0.0,,,,,0.0,1591,1524,,0,0,FAIL
1856.176,2,FAIL,0,0,NO_ORIGIN,0,0,1,1,1,1,0,0.0,,,,,0.0,1591,1524,,0,0,FAIL
1856.226,2,FAIL,0,0,NO_ORIGIN,0,0,1,1,1,1,0,0.0,,,,,0.0,1591,1524,,0,0,FAIL
1856.276,2,FAIL,0,0,NO_ORIGIN,0,0,1,1,1,1,0,0.0,,,,,0.0,1591,1524,,0,0,FAIL
1856.326,2,FAIL,0,0,NO_ORIGIN,0,0,1,1,1,1,0,0.0,,,,,0.0,1591,1524,,0,0,FAIL
1856.376,2,FAIL,0,0,NO_ORIGIN,0,0,1,1,1,1,0,0.0,,,,,0.0,1591,1524,,0,0,FAIL
1856.427,2,FAIL,0,0,NO_ORIGIN,0,0,1,1,1,1,0,0.0,,,,,0.0,1591,1524,,0,0,FAIL
1856.477,2,FAIL,0,0,NO_ORIGIN,0,0,1,1,1,1,0,0.0,,,,,0.0,1591,1524,,0,0,FAIL
1856.527,2,FAIL,0,0,NO_ORIGIN,0,0,1,1,1,1,0,0.0,,,,,0.0,1591,1524,,0,0,FAIL
1856.578,2,FAIL,0,0,NO_ORIGIN,0,0,1,1,1,1,0,0.0,,,,,0.0,1591,1524,,0,0,FAIL
1856.628,2,FAIL,0,0,NO_ORIGIN,0,0,1,1,1,1,0,0.0,,,,,0.0,1591,1524,,0,0,FAIL
1856.678,2,FAIL,0,0,NO_ORIGIN,0,0,1,1,1,1,0,0.0,,,,,0.0,1591,1524,,0,0,FAIL
1856.728,2,FAIL,0,0,NO_ORIGIN,0,0,1,1,1,1,0,0.0,,,,,0.0,1591,1524,,0,0,FAIL
1856.778,2,FAIL,0,0,NO_ORIGIN,0,0,1,1,1,1,0,0.0,,,,,0.0,1591,1524,,0,0,FAIL
1856.829,2,FAIL,0,0,NO_ORIGIN,0,0,1,1,1,1,0,0.0,,,,,0.0,1591,1524,,0,0,FAIL
1856.879,2,FAIL,0,0,NO_ORIGIN,0,0,1,1,1,1,0,0.0,,,,,0.0,1591,1524,,0,0,FAIL
1856.93,2,FAIL,0,0,NO_ORIGIN,0,0,1,1,1,1,0,0.0,,,,,0.0,1591,1524,,0,0,FAIL
1856.98,2,FAIL,0,0,NO_ORIGIN,0,0,1,1,1,1,0,0.0,,,,,0.0,1591,1524,,0,0,FAIL
1857.03,2,FAIL,0,0,NO_ORIGIN,0,0,1,1,1,1,0,0.0,,,,,0.0,1591,1524,,0,0,FAIL
1857.08,2,FAIL,0,0,NO_ORIGIN,0,0,1,1,1,1,0,0.0,,,,,0.0,1591,1524,,0,0,FAIL
1857.131,2,FAIL,0,0,NO_ORIGIN,0,0,1,1,1,1,0,0.0,,,,,0.0,1591,1524,,0,0,FAIL
1857.182,2,FAIL,0,0,NO_ORIGIN,0,0,1,1,1,1,0,0.0,,,,,0.0,1591,1524,,0,0,FAIL
1857.232,2,FAIL,0,0,NO_ORIGIN,0,0,1,1,1,1,0,0.0,,,,,0.0,1591,1524,,0,0,FAIL
1857.282,2,FAIL,0,0,NO_ORIGIN,0,0,1,1,1,1,0,0.0,,,,,0.0,1591,1524,,0,0,FAIL
1857.333,2,FAIL,0,0,NO_ORIGIN,0,0,1,1,1,1,0,0.0,,,,,0.0,1591,1524,,0,0,FAIL
1857.383,2,FAIL,0,0,NO_ORIGIN,0,0,1,1,1,1,0,0.0,,,,,0.0,1591,1524,,0,0,FAIL
1857.433,2,FAIL,0,0,NO_ORIGIN,0,0,1,1,1,1,0,0.0,,,,,0.0,1591,1524,,0,0,FAIL
1857.483,2,FAIL,0,0,NO_ORIGIN,0,0,1,1,1,1,0,0.0,,,,,0.0,1591,1524,,0,0,FAIL
1857.534,2,FAIL,0,0,NO_ORIGIN,0,0,1,1,1,1,0,0.0,,,,,0.0,1591,1524,,0,0,FAIL
1857.584,2,FAIL,0,0,NO_ORIGIN,0,0,1,1,1,1,0,0.0,,,,,0.0,1591,1524,,0,0,FAIL
1857.634,2,FAIL,0,0,NO_ORIGIN,0,0,1,1,1,1,0,0.0,,,,,0.0,1591,1524,,0,0,FAIL
1857.684,2,FAIL,0,0,NO_ORIGIN,0,0,1,1,1,1,0,0.0,,,,,0.0,1591,1524,,0,0,FAIL
1857.735,2,FAIL,0,0,NO_ORIGIN,0,0,1,1,1,1,0,0.0,,,,,0.0,1591,1524,,0,0,FAIL
1857.785,2,FAIL,0,0,NO_ORIGIN,0,0,1,1,1,1,0,0.0,,,,,0.0,1591,1524,,0,0,FAIL
1857.835,2,FAIL,0,0,NO_ORIGIN,0,0,1,1,1,1,0,0.0,,,,,0.0,1591,1524,,0,0,FAIL
1857.886,2,FAIL,0,0,NO_ORIGIN,0,0,1,1,1,1,0,0.0,,,,,0.0,1591,1524,,0,0,FAIL
1857.936,2,FAIL,0,0,NO_ORIGIN,0,0,1,1,1,1,0,0.0,,,,,0.0,1591,1524,,0,0,FAIL
1857.986,2,FAIL,0,0,NO_ORIGIN,0,0,1,1,1,1,0,0.0,,,,,0.0,1591,1524,,0,0,FAIL
1858.036,2,FAIL,0,0,NO_ORIGIN,0,0,1,1,1,1,0,0.0,,,,,0.0,1591,1524,,0,0,FAIL
1858.086,2,FAIL,0,0,NO_ORIGIN,0,0,1,1,1,1,0,0.0,,,,,0.0,1591,1524,,0,0,FAIL
1858.136,2,FAIL,0,0,NO_ORIGIN,0,0,1,1,1,1,0,0.0,,,,,0.0,1591,1524,,0,0,FAIL
1858.187,2,FAIL,0,0,NO_ORIGIN,0,0,1,1,1,1,0,0.0,,,,,0.0,1591,1524,,0,0,FAIL
1858.237,2,FAIL,0,0,NO_ORIGIN,0,0,1,1,1,1,0,0.0,,,,,0.0,1591,1524,,0,0,FAIL
1858.287,2,FAIL,0,0,NO_ORIGIN,0,0,1,1,1,1,0,0.0,,,,,0.0,1591,1524,,0,0,FAIL
1858.337,2,FAIL,0,0,NO_ORIGIN,0,0,1,1,1,1,0,0.0,,,,,0.0,1591,1524,,0,0,FAIL
1858.388,2,FAIL,0,0,NO_ORIGIN,0,0,1,1,1,1,0,0.0,,,,,0.0,1591,1524,,0,0,FAIL
1858.439,2,FAIL,0,0,NO_ORIGIN,0,0,1,1,1,1,0,0.0,,,,,0.0,1591,1524,,0,0,FAIL
1858.489,2,FAIL,0,0,NO_ORIGIN,0,0,1,1,1,1,0,0.0,,,,,0.0,1591,1524,,0,0,FAIL
1858.54,2,FAIL,0,0,NO_ORIGIN,0,0,1,1,1,1,0,0.0,,,,,0.0,1591,1524,,0,0,FAIL
1858.59,2,FAIL,0,0,NO_ORIGIN,0,0,1,1,1,1,0,0.0,,,,,0.0,1591,1524,,0,0,FAIL
1858.64,2,FAIL,0,0,NO_ORIGIN,0,0,1,1,1,1,0,0.0,,,,,0.0,1591,1524,,0,0,FAIL
1858.691,2,FAIL,0,0,NO_ORIGIN,0,0,1,1,1,1,0,0.0,,,,,0.0,1591,1524,,0,0,FAIL
1858.741,2,FAIL,0,0,NO_ORIGIN,0,0,1,1,1,1,0,0.0,,,,,0.0,1591,1524,,0,0,FAIL
1858.791,2,FAIL,0,0,NO_ORIGIN,0,0,1,1,1,1,0,0.0,,,,,0.0,1591,1524,,0,0,FAIL
1858.841,2,FAIL,0,0,NO_ORIGIN,0,0,1,1,1,1,0,0.0,,,,,0.0,1591,1524,,0,0,FAIL
1858.892,2,FAIL,0,0,NO_ORIGIN,0,0,1,1,1,1,0,0.0,,,,,0.0,1591,1524,,0,0,FAIL
1858.942,2,FAIL,0,0,NO_ORIGIN,0,0,1,1,1,1,0,0.0,,,,,0.0,1591,1524,,0,0,FAIL
1858.992,2,FAIL,0,0,NO_ORIGIN,0,0,1,1,1,1,0,0.0,,,,,0.0,1591,1524,,0,0,FAIL
1859.042,2,FAIL,0,0,NO_ORIGIN,0,0,1,1,1,1,0,0.0,,,,,0.0,1591,1524,,0,0,FAIL
1859.092,2,FAIL,0,0,NO_ORIGIN,0,0,1,1,1,1,0,0.0,,,,,0.0,1591,1524,,0,0,FAIL
1859.143,2,FAIL,0,0,NO_ORIGIN,0,0,1,1,1,1,0,0.0,,,,,0.0,1591,1524,,0,0,FAIL
1859.193,2,FAIL,0,0,NO_ORIGIN,0,0,1,1,1,1,0,0.0,,,,,0.0,1591,1524,,0,0,FAIL
1859.243,2,FAIL,0,0,NO_ORIGIN,0,0,1,1,1,1,0,0.0,,,,,0.0,1591,1524,,0,0,FAIL
1859.293,2,FAIL,0,0,NO_ORIGIN,0,0,1,1,1,1,0,0.0,,,,,0.0,1591,1524,,0,0,FAIL
1859.344,2,FAIL,0,0,NO_ORIGIN,0,0,1,1,1,1,0,0.0,,,,,0.0,1591,1524,,0,0,FAIL
1859.394,2,FAIL,0,0,NO_ORIGIN,0,0,1,1,1,1,0,0.0,,,,,0.0,1591,1524,,0,0,FAIL
1859.445,2,FAIL,0,0,NO_ORIGIN,0,0,1,1,1,1,0,0.0,,,,,0.0,1591,1524,,0,0,FAIL
1859.496,2,FAIL,0,0,NO_ORIGIN,0,0,1,1,1,1,0,0.0,,,,,0.0,1591,1524,,0,0,FAIL
1859.546,2,FAIL,0,0,NO_ORIGIN,0,0,1,1,1,1,0,0.0,,,,,0.0,1591,1524,,0,0,FAIL
1859.596,2,FAIL,0,0,NO_ORIGIN,0,0,1,1,1,1,0,0.0,,,,,0.0,1591,1524,,0,0,FAIL
1859.647,2,FAIL,0,0,NO_ORIGIN,0,0,1,1,1,1,0,0.0,,,,,0.0,1591,1524,,0,0,FAIL
1859.699,2,FAIL,0,0,NO_ORIGIN,0,0,1,1,1,1,0,0.0,,,,,0.0,1591,1524,,0,0,FAIL
1859.749,2,FAIL,0,0,NO_ORIGIN,0,0,1,1,1,1,0,0.0,,,,,0.0,1591,1524,,0,0,FAIL
1859.801,2,FAIL,0,0,NO_ORIGIN,0,0,1,1,1,1,0,0.0,,,,,0.0,1591,1524,,0,0,FAIL
1859.851,2,FAIL,0,0,NO_ORIGIN,0,0,1,1,1,1,0,0.0,,,,,0.0,1591,1524,,0,0,FAIL
1859.907,2,FAIL,0,0,NO_ORIGIN,0,0,1,1,1,1,0,0.0,,,,,0.0,1591,1524,,0,0,FAIL
1859.957,2,FAIL,0,0,NO_ORIGIN,0,0,1,1,1,1,0,0.0,,,,,0.0,1591,1524,,0,0,FAIL
1860.008,2,FAIL,0,0,NO_ORIGIN,0,0,1,1,1,1,0,0.0,,,,,0.0,1591,1524,,0,0,FAIL
1860.058,2,FAIL,0,0,NO_ORIGIN,0,0,1,1,1,1,0,0.0,,,,,0.0,1591,1524,,0,0,FAIL
1860.108,2,FAIL,0,0,NO_ORIGIN,0,0,1,1,1,1,0,0.0,,,,,0.0,1591,1524,,0,0,FAIL
1860.158,2,FAIL,0,0,NO_ORIGIN,0,0,1,1,1,1,0,0.0,,,,,0.0,1591,1524,,0,0,FAIL
1860.21,2,FAIL,0,0,NO_ORIGIN,0,0,1,1,1,1,0,0.0,,,,,0.0,1591,1524,,0,0,FAIL
1860.26,2,FAIL,0,0,NO_ORIGIN,0,0,1,1,1,1,0,0.0,,,,,0.0,1591,1524,,0,0,FAIL
1860.31,2,FAIL,0,0,NO_ORIGIN,0,0,1,1,1,1,0,0.0,,,,,0.0,1591,1524,,0,0,FAIL
1860.36,2,FAIL,0,0,NO_ORIGIN,0,0,1,1,1,1,0,0.0,,,,,0.0,1591,1524,,0,0,FAIL
1860.411,2,FAIL,0,0,NO_ORIGIN,0,0,1,1,1,1,0,0.0,,,,,0.0,1591,1524,,0,0,FAIL
1860.461,2,FAIL,0,0,NO_ORIGIN,0,0,1,1,1,1,0,0.0,,,,,0.0,1591,1524,,0,0,FAIL
1860.511,2,FAIL,0,0,NO_ORIGIN,0,0,1,1,1,1,0,0.0,,,,,0.0,1591,1524,,0,0,FAIL
1860.562,2,FAIL,0,0,NO_ORIGIN,0,0,1,1,1,1,0,0.0,,,,,0.0,1591,1524,,0,0,FAIL
1860.614,2,FAIL,0,0,NO_ORIGIN,0,0,1,1,1,1,0,0.0,,,,,0.0,1591,1524,,0,0,FAIL
1860.665,2,FAIL,0,0,NO_ORIGIN,0,0,1,1,1,1,0,0.0,,,,,0.0,1591,1524,,0,0,FAIL
1860.717,2,FAIL,0,0,NO_ORIGIN,0,0,1,1,1,1,0,0.0,,,,,0.0,1591,1524,,0,0,FAIL
1860.768,2,FAIL,0,0,NO_ORIGIN,0,0,1,1,1,1,0,0.0,,,,,0.0,1591,1524,,0,0,FAIL
1860.818,2,FAIL,0,0,NO_ORIGIN,0,0,1,1,1,1,0,0.0,,,,,0.0,1591,1524,,0,0,FAIL
1860.87,2,FAIL,0,0,NO_ORIGIN,0,0,1,1,1,1,0,0.0,,,,,0.0,1591,1524,,0,0,FAIL
1860.921,2,FAIL,0,0,NO_ORIGIN,0,0,1,1,1,1,0,0.0,,,,,0.0,1591,1524,,0,0,FAIL
1860.972,2,FAIL,0,0,NO_ORIGIN,0,0,1,1,1,1,0,0.0,,,,,0.0,1591,1524,,0,0,FAIL
1861.023,2,FAIL,0,0,NO_ORIGIN,0,0,1,1,1,1,0,0.0,,,,,0.0,1591,1524,,0,0,FAIL
1861.074,2,FAIL,0,0,NO_ORIGIN,0,0,1,1,1,1,0,0.0,,,,,0.0,1591,1524,,0,0,FAIL
1861.126,2,FAIL,0,0,NO_ORIGIN,0,0,1,1,1,1,0,0.0,,,,,0.0,1591,1524,,0,0,FAIL
1861.177,2,FAIL,0,0,NO_ORIGIN,0,0,1,1,1,1,0,0.0,,,,,0.0,1591,1524,,0,0,FAIL
1861.227,2,FAIL,0,0,NO_ORIGIN,0,0,1,1,1,1,0,0.0,,,,,0.0,1591,1524,,0,0,FAIL
1861.278,2,FAIL,0,0,NO_ORIGIN,0,0,1,1,1,1,0,0.0,,,,,0.0,1591,1524,,0,0,FAIL
1861.328,2,FAIL,0,0,NO_ORIGIN,0,0,1,1,1,1,0,0.0,,,,,0.0,1591,1524,,0,0,FAIL
1861.378,2,FAIL,0,0,NO_ORIGIN,0,0,1,1,1,1,0,0.0,,,,,0.0,1591,1524,,0,0,FAIL
1861.429,2,FAIL,0,0,NO_ORIGIN,0,0,1,1,1,1,0,0.0,,,,,0.0,1591,1524,,0,0,FAIL
1861.479,2,FAIL,0,0,NO_ORIGIN,0,0,1,1,1,1,0,0.0,,,,,0.0,1591,1524,,0,0,FAIL
1861.529,2,FAIL,0,0,NO_ORIGIN,0,0,1,1,1,1,0,0.0,,,,,0.0,1591,1524,,0,0,FAIL
1861.58,2,FAIL,0,0,NO_ORIGIN,0,0,1,1,1,1,0,0.0,,,,,0.0,1591,1524,,0,0,FAIL
1861.63,2,FAIL,0,0,NO_ORIGIN,0,0,1,1,1,1,0,0.0,,,,,0.0,1591,1524,,0,0,FAIL
1861.68,2,FAIL,0,0,NO_ORIGIN,0,0,1,1,1,1,0,0.0,,,,,0.0,1591,1524,,0,0,FAIL
1861.731,2,FAIL,0,0,NO_ORIGIN,0,0,1,1,1,1,0,0.0,,,,,0.0,1591,1524,,0,0,FAIL
1861.782,2,FAIL,0,0,NO_ORIGIN,0,0,1,1,1,1,0,0.0,,,,,0.0,1591,1524,,0,0,FAIL
1861.832,2,FAIL,0,0,NO_ORIGIN,0,0,1,1,1,1,0,0.0,,,,,0.0,1591,1524,,0,0,FAIL
1861.884,2,FAIL,0,0,NO_ORIGIN,0,0,1,1,1,1,0,0.0,,,,,0.0,1591,1524,,0,0,FAIL
1861.934,2,FAIL,0,0,NO_ORIGIN,0,0,1,1,1,1,0,0.0,,,,,0.0,1591,1524,,0,0,FAIL
1861.985,2,FAIL,0,0,NO_ORIGIN,0,0,1,1,1,1,0,0.0,,,,,0.0,1591,1524,,0,0,FAIL
1862.035,2,FAIL,0,0,NO_ORIGIN,0,0,1,1,1,1,0,0.0,,,,,0.0,1591,1524,,0,0,FAIL
1862.086,2,FAIL,0,0,NO_ORIGIN,0,0,1,1,1,1,0,0.0,,,,,0.0,1591,1524,,0,0,FAIL
1862.136,3,FAIL,0,0,NO_ORIGIN,0,0,1,1,1,1,0,0.0,,,,,0.0,1591,1524,,0,0,FAIL
1862.187,3,FAIL,0,0,NO_ORIGIN,0,0,1,1,1,1,0,0.0,,,,,0.0,1591,1524,,0,0,FAIL
1862.237,3,FAIL,0,0,NO_ORIGIN,0,0,1,1,1,1,0,0.0,,,,,0.0,1591,1524,,0,0,FAIL
1862.288,3,FAIL,0,0,NO_ORIGIN,0,0,1,1,1,1,0,0.0,,,,,0.0,1591,1524,,0,0,FAIL
1862.338,3,FAIL,0,0,NO_ORIGIN,0,0,1,1,1,1,0,0.0,,,,,0.0,1591,1524,,0,0,FAIL
1862.388,3,FAIL,0,0,NO_ORIGIN,0,0,1,1,1,1,0,0.0,,,,,0.0,1591,1524,,0,0,FAIL
1862.439,3,FAIL,0,0,NO_ORIGIN,0,0,1,1,1,1,0,0.0,,,,,0.0,1591,1524,,0,0,FAIL
1862.489,3,FAIL,0,0,NO_ORIGIN,0,0,1,1,1,1,0,0.0,,,,,0.0,1591,1524,,0,0,FAIL
1862.539,3,FAIL,0,0,NO_ORIGIN,0,0,1,1,1,1,0,0.0,,,,,0.0,1591,1524,,0,0,FAIL
1862.589,3,FAIL,0,0,NO_ORIGIN,0,0,1,1,1,1,0,0.0,,,,,0.0,1591,1524,,0,0,FAIL
1862.639,3,FAIL,0,0,NO_ORIGIN,0,0,1,1,1,1,0,0.0,,,,,0.0,1591,1524,,0,0,FAIL
1862.69,3,FAIL,0,0,NO_ORIGIN,0,0,1,1,1,1,0,0.0,,,,,0.0,1591,1524,,0,0,FAIL
1862.74,3,FAIL,0,0,NO_ORIGIN,0,0,1,1,1,1,0,0.0,,,,,0.0,1591,1524,,0,0,FAIL
1862.791,3,FAIL,0,0,NO_ORIGIN,0,0,1,1,1,1,0,0.0,,,,,0.0,1591,1524,,0,0,FAIL
1862.841,3,FAIL,0,0,NO_ORIGIN,0,0,1,1,1,1,0,0.0,,,,,0.0,1591,1524,,0,0,FAIL
1862.891,3,FAIL,0,0,NO_ORIGIN,0,0,1,1,1,1,0,0.0,,,,,0.0,1591,1524,,0,0,FAIL
1862.941,3,FAIL,0,0,NO_ORIGIN,0,0,1,1,1,1,0,0.0,,,,,0.0,1591,1524,,0,0,FAIL
1862.992,3,FAIL,0,0,NO_ORIGIN,0,0,1,1,1,1,0,0.0,,,,,0.0,1591,1524,,0,0,FAIL
1863.043,3,FAIL,0,0,NO_ORIGIN,0,0,1,1,1,1,0,0.0,,,,,0.0,1591,1524,,0,0,FAIL
1863.093,3,FAIL,0,0,NO_ORIGIN,0,0,1,1,1,1,0,0.0,,,,,0.0,1591,1524,,0,0,FAIL
1863.143,3,FAIL,0,0,NO_ORIGIN,0,0,1,1,1,1,0,0.0,,,,,0.0,1591,1524,,0,0,FAIL
1863.193,3,FAIL,0,0,NO_ORIGIN,0,0,1,1,1,1,0,0.0,,,,,0.0,1591,1524,,0,0,FAIL
1863.243,3,FAIL,0,0,NO_ORIGIN,0,0,1,1,1,1,0,0.0,,,,,0.0,1591,1524,,0,0,FAIL
1863.296,3,FAIL,0,0,NO_ORIGIN,0,0,1,1,1,1,0,0.0,,,,,0.0,1591,1524,,0,0,FAIL
1863.346,3,FAIL,0,0,NO_ORIGIN,0,0,1,1,1,1,0,0.0,,,,,0.0,1591,1524,,0,0,FAIL
1863.396,3,FAIL,0,0,NO_ORIGIN,0,0,1,1,1,1,0,0.0,,,,,0.0,1591,1524,,0,0,FAIL
1863.446,3,FAIL,0,0,NO_ORIGIN,0,0,1,1,1,1,0,0.0,,,,,0.0,1591,1524,,0,0,FAIL
1863.496,3,FAIL,0,0,NO_ORIGIN,0,0,1,1,1,1,0,0.0,,,,,0.0,1591,1524,,0,0,FAIL
1863.547,3,FAIL,0,0,NO_ORIGIN,0,0,1,1,1,1,0,0.0,,,,,0.0,1591,1524,,0,0,FAIL
1863.597,3,FAIL,0,0,NO_ORIGIN,0,0,1,1,1,1,0,0.0,,,,,0.0,1591,1524,,0,0,FAIL
1863.647,3,FAIL,0,0,NO_ORIGIN,0,0,1,1,1,1,0,0.0,,,,,0.0,1591,1524,,0,0,FAIL
1863.697,3,FAIL,0,0,NO_ORIGIN,0,0,1,1,1,1,0,0.0,,,,,0.0,1591,1524,,0,0,FAIL
1863.747,3,FAIL,0,0,NO_ORIGIN,0,0,1,1,1,1,0,0.0,,,,,0.0,1591,1524,,0,0,FAIL
1863.797,3,FAIL,0,0,NO_ORIGIN,0,0,1,1,1,1,0,0.0,,,,,0.0,1591,1524,,0,0,FAIL
1863.848,3,FAIL,0,0,NO_ORIGIN,0,0,1,1,1,1,0,0.0,,,,,0.0,1591,1524,,0,0,FAIL
1863.898,3,FAIL,0,0,NO_ORIGIN,0,0,1,1,1,1,0,0.0,,,,,0.0,1591,1524,,0,0,FAIL
1863.949,3,FAIL,0,0,NO_ORIGIN,0,0,1,1,1,1,0,0.0,,,,,0.0,1591,1524,,0,0,FAIL
1863.999,3,FAIL,0,0,NO_ORIGIN,0,0,1,1,1,1,0,0.0,,,,,0.0,1591,1524,,0,0,FAIL
1864.049,3,FAIL,0,0,NO_ORIGIN,0,0,1,1,1,1,0,0.0,,,,,0.0,1591,1524,,0,0,FAIL
1864.099,3,FAIL,0,0,NO_ORIGIN,0,0,1,1,1,1,0,0.0,,,,,0.0,1591,1524,,0,0,FAIL
1864.15,3,FAIL,0,0,NO_ORIGIN,0,0,1,1,1,1,0,0.0,,,,,0.0,1591,1524,,0,0,FAIL
1864.2,3,FAIL,0,0,NO_ORIGIN,0,0,1,1,1,1,0,0.0,,,,,0.0,1591,1524,,0,0,FAIL
1864.25,3,FAIL,0,0,NO_ORIGIN,0,0,1,1,1,1,0,0.0,,,,,0.0,1591,1524,,0,0,FAIL
1864.3,3,FAIL,0,0,NO_ORIGIN,0,0,1,1,1,1,0,0.0,,,,,0.0,1591,1524,,0,0,FAIL
1864.35,3,FAIL,0,0,NO_ORIGIN,0,0,1,1,1,1,0,0.0,,,,,0.0,1591,1524,,0,0,FAIL
1864.401,3,FAIL,0,0,NO_ORIGIN,0,0,1,1,1,1,0,0.0,,,,,0.0,1591,1524,,0,0,FAIL
1864.451,3,FAIL,0,0,NO_ORIGIN,0,0,1,1,1,1,0,0.0,,,,,0.0,1591,1524,,0,0,FAIL
1864.501,3,FAIL,0,0,NO_ORIGIN,0,0,1,1,1,1,0,0.0,,,,,0.0,1591,1524,,0,0,FAIL
1864.551,3,FAIL,0,0,NO_ORIGIN,0,0,1,1,1,1,0,0.0,,,,,0.0,1591,1524,,0,0,FAIL
1864.601,3,FAIL,0,0,NO_ORIGIN,0,0,1,1,1,1,0,0.0,,,,,0.0,1591,1524,,0,0,FAIL
1864.652,3,FAIL,0,0,NO_ORIGIN,0,0,1,1,1,1,0,0.0,,,,,0.0,1591,1524,,0,0,FAIL
1864.702,3,FAIL,0,0,NO_ORIGIN,0,0,1,1,1,1,0,0.0,,,,,0.0,1591,1524,,0,0,FAIL
1864.752,3,FAIL,0,0,NO_ORIGIN,0,0,1,1,1,1,0,0.0,,,,,0.0,1591,1524,,0,0,FAIL
1864.802,3,FAIL,0,0,NO_ORIGIN,0,0,1,1,1,1,0,0.0,,,,,0.0,1591,1524,,0,0,FAIL
1864.852,3,FAIL,0,0,NO_ORIGIN,0,0,1,1,1,1,0,0.0,,,,,0.0,1591,1524,,0,0,FAIL
1864.902,3,FAIL,0,0,NO_ORIGIN,0,0,1,1,1,1,0,0.0,,,,,0.0,1591,1524,,0,0,FAIL
1864.953,3,FAIL,0,0,NO_ORIGIN,0,0,1,1,1,1,0,0.0,,,,,0.0,1591,1524,,0,0,FAIL
1865.003,3,FAIL,0,0,NO_ORIGIN,0,0,1,1,1,1,0,0.0,,,,,0.0,1591,1524,,0,0,FAIL
1865.053,3,FAIL,0,0,NO_ORIGIN,0,0,1,1,1,1,0,0.0,,,,,0.0,1591,1524,,0,0,FAIL
1865.103,3,FAIL,0,0,NO_ORIGIN,0,0,1,1,1,1,0,0.0,,,,,0.0,1591,1524,,0,0,FAIL
1865.155,3,FAIL,0,0,NO_ORIGIN,0,0,1,1,1,1,0,0.0,,,,,0.0,1591,1524,,0,0,FAIL
1865.205,3,FAIL,0,0,NO_ORIGIN,0,0,1,1,1,1,0,0.0,,,,,0.0,1591,1524,,0,0,FAIL
1865.255,3,FAIL,0,0,NO_ORIGIN,0,0,1,1,1,1,0,0.0,,,,,0.0,1591,1524,,0,0,FAIL
1865.305,3,FAIL,0,0,NO_ORIGIN,0,0,1,1,1,1,0,0.0,,,,,0.0,1591,1524,,0,0,FAIL
1865.357,3,FAIL,0,0,NO_ORIGIN,0,0,1,1,1,1,0,0.0,,,,,0.0,1591,1524,,0,0,FAIL
1865.408,3,FAIL,0,0,NO_ORIGIN,0,0,1,1,1,1,0,0.0,,,,,0.0,1591,1524,,0,0,FAIL
1865.461,3,FAIL,0,0,NO_ORIGIN,0,0,1,1,1,1,0,0.0,,,,,0.0,1591,1524,,0,0,FAIL
1865.511,3,FAIL,0,0,NO_ORIGIN,0,0,1,1,1,1,0,0.0,,,,,0.0,1591,1524,,0,0,FAIL
1865.562,3,FAIL,0,0,NO_ORIGIN,0,0,1,1,1,1,0,0.0,,,,,0.0,1591,1524,,0,0,FAIL
1865.612,3,FAIL,0,0,NO_ORIGIN,0,0,1,1,1,1,0,0.0,,,,,0.0,1591,1524,,0,0,FAIL
1865.663,3,FAIL,0,0,NO_ORIGIN,0,0,1,1,1,1,0,0.0,,,,,0.0,1591,1524,,0,0,FAIL
1865.713,3,FAIL,0,0,NO_ORIGIN,0,0,1,1,1,1,0,0.0,,,,,0.0,1591,1524,,0,0,FAIL
1865.767,3,FAIL,0,0,NO_ORIGIN,0,0,1,1,1,1,0,0.0,,,,,0.0,1591,1524,,0,0,FAIL
1865.817,3,FAIL,0,0,NO_ORIGIN,0,0,1,1,1,1,0,0.0,,,,,0.0,1591,1524,,0,0,FAIL
1865.867,3,FAIL,0,0,NO_ORIGIN,0,0,1,1,1,1,0,0.0,,,,,0.0,1591,1524,,0,0,FAIL
1865.918,3,FAIL,0,0,NO_ORIGIN,0,0,1,1,1,1,0,0.0,,,,,0.0,1591,1524,,0,0,FAIL
1865.968,3,FAIL,0,0,NO_ORIGIN,0,0,1,1,1,1,0,0.0,,,,,0.0,1591,1524,,0,0,FAIL
1866.018,3,FAIL,0,0,NO_ORIGIN,0,0,1,1,1,1,0,0.0,,,,,0.0,1591,1524,,0,0,FAIL
1866.068,3,FAIL,0,0,NO_ORIGIN,0,0,1,1,1,1,0,0.0,,,,,0.0,1591,1524,,0,0,FAIL
1866.118,3,FAIL,0,0,NO_ORIGIN,0,0,1,1,1,1,0,0.0,,,,,0.0,1591,1524,,0,0,FAIL
1866.169,3,FAIL,0,0,NO_ORIGIN,0,0,1,1,1,1,0,0.0,,,,,0.0,1591,1524,,0,0,FAIL
1866.22,3,FAIL,0,0,NO_ORIGIN,0,0,1,1,1,1,0,0.0,,,,,0.0,1591,1524,,0,0,FAIL
1866.27,3,FAIL,0,0,NO_ORIGIN,0,0,1,1,1,1,0,0.0,,,,,0.0,1591,1524,,0,0,FAIL
1866.32,3,FAIL,0,0,NO_ORIGIN,0,0,1,1,1,1,0,0.0,,,,,0.0,1591,1524,,0,0,FAIL
1866.371,3,FAIL,0,0,NO_ORIGIN,0,0,1,1,1,1,0,0.0,,,,,0.0,1591,1524,,0,0,FAIL
1866.421,3,FAIL,0,0,NO_ORIGIN,0,0,1,1,1,1,0,0.0,,,,,0.0,1591,1524,,0,0,FAIL
1866.471,3,FAIL,0,0,NO_ORIGIN,0,0,1,1,1,1,0,0.0,,,,,0.0,1591,1524,,0,0,FAIL
1866.521,3,FAIL,0,0,NO_ORIGIN,0,0,1,1,1,1,0,0.0,,,,,0.0,1591,1524,,0,0,FAIL
1866.572,3,FAIL,0,0,NO_ORIGIN,0,0,1,1,1,1,0,0.0,,,,,0.0,1591,1524,,0,0,FAIL
1866.622,3,FAIL,0,0,NO_ORIGIN,0,0,1,1,1,1,0,0.0,,,,,0.0,1591,1524,,0,0,FAIL
1866.672,3,FAIL,0,0,NO_ORIGIN,0,0,1,1,1,1,0,0.0,,,,,0.0,1591,1524,,0,0,FAIL
1866.722,3,FAIL,0,0,NO_ORIGIN,0,0,1,1,1,1,0,0.0,,,,,0.0,1591,1524,,0,0,FAIL
1866.772,3,FAIL,0,0,NO_ORIGIN,0,0,1,1,1,1,0,0.0,,,,,0.0,1591,1524,,0,0,FAIL
1866.822,3,FAIL,0,0,NO_ORIGIN,0,0,1,1,1,1,0,0.0,,,,,0.0,1591,1524,,0,0,FAIL
1866.873,3,FAIL,0,0,NO_ORIGIN,0,0,1,1,1,1,0,0.0,,,,,0.0,1591,1524,,0,0,FAIL
1866.923,3,FAIL,0,0,NO_ORIGIN,0,0,1,1,1,1,0,0.0,,,,,0.0,1591,1524,,0,0,FAIL
1866.973,3,FAIL,0,0,NO_ORIGIN,0,0,1,1,1,1,0,0.0,,,,,0.0,1591,1524,,0,0,FAIL
1867.025,3,FAIL,0,0,NO_ORIGIN,0,0,1,1,1,1,0,0.0,,,,,0.0,1591,1524,,0,0,FAIL
1867.075,3,FAIL,0,0,NO_ORIGIN,0,0,1,1,1,1,0,0.0,,,,,0.0,1591,1524,,0,0,FAIL
1867.126,3,FAIL,0,0,NO_ORIGIN,0,0,1,1,1,1,0,0.0,,,,,0.0,1591,1524,,0,0,FAIL
1867.176,3,FAIL,0,0,NO_ORIGIN,0,0,1,1,1,1,0,0.0,,,,,0.0,1591,1524,,0,0,FAIL
1867.226,3,FAIL,0,0,NO_ORIGIN,0,0,1,1,1,1,0,0.0,,,,,0.0,1591,1524,,0,0,FAIL
1867.276,3,FAIL,0,0,NO_ORIGIN,0,0,1,1,1,1,0,0.0,,,,,0.0,1591,1524,,0,0,FAIL
1867.328,3,FAIL,0,0,NO_ORIGIN,0,0,1,1,1,1,0,0.0,,,,,0.0,1591,1524,,0,0,FAIL
1867.378,3,FAIL,0,0,NO_ORIGIN,0,0,1,1,1,1,0,0.0,,,,,0.0,1591,1524,,0,0,FAIL
1867.428,3,FAIL,0,0,NO_ORIGIN,0,0,1,1,1,1,0,0.0,,,,,0.0,1591,1524,,0,0,FAIL
1867.479,3,FAIL,0,0,NO_ORIGIN,0,0,1,1,1,1,0,0.0,,,,,0.0,1591,1524,,0,0,FAIL
1867.529,3,FAIL,0,0,NO_ORIGIN,0,0,1,1,1,1,0,0.0,,,,,0.0,1591,1524,,0,0,FAIL
1867.579,3,FAIL,0,0,NO_ORIGIN,0,0,1,1,1,1,0,0.0,,,,,0.0,1591,1524,,0,0,FAIL
1867.629,3,FAIL,0,0,NO_ORIGIN,0,0,1,1,1,1,0,0.0,,,,,0.0,1591,1524,,0,0,FAIL
1867.679,3,FAIL,0,0,NO_ORIGIN,0,0,1,1,1,1,0,0.0,,,,,0.0,1591,1524,,0,0,FAIL
1867.729,3,FAIL,0,0,NO_ORIGIN,0,0,1,1,1,1,0,0.0,,,,,0.0,1591,1524,,0,0,FAIL
1867.78,3,FAIL,0,0,NO_ORIGIN,0,0,1,1,1,1,0,0.0,,,,,0.0,1591,1524,,0,0,FAIL
1867.83,3,FAIL,0,0,NO_ORIGIN,0,0,1,1,1,1,0,0.0,,,,,0.0,1591,1524,,0,0,FAIL
1867.88,3,FAIL,0,0,NO_ORIGIN,0,0,1,1,1,1,0,0.0,,,,,0.0,1591,1524,,0,0,FAIL
1867.93,3,FAIL,0,0,NO_ORIGIN,0,0,1,1,1,1,0,0.0,,,,,0.0,1591,1524,,0,0,FAIL
1867.981,3,FAIL,0,0,NO_ORIGIN,0,0,1,1,1,1,0,0.0,,,,,0.0,1591,1524,,0,0,FAIL
1868.031,3,FAIL,0,0,NO_ORIGIN,0,0,1,1,1,1,0,0.0,,,,,0.0,1591,1524,,0,0,FAIL
1868.081,3,FAIL,0,0,NO_ORIGIN,0,0,1,1,1,1,0,0.0,,,,,0.0,1591,1524,,0,0,FAIL
1868.131,3,FAIL,0,0,NO_ORIGIN,0,0,1,1,1,1,0,0.0,,,,,0.0,1591,1524,,0,0,FAIL
1868.181,3,FAIL,0,0,NO_ORIGIN,0,0,1,1,1,1,0,0.0,,,,,0.0,1591,1524,,0,0,FAIL
1868.232,3,FAIL,0,0,NO_ORIGIN,0,0,1,1,1,1,0,0.0,,,,,0.0,1591,1524,,0,0,FAIL
1868.282,3,FAIL,0,0,NO_ORIGIN,0,0,1,1,1,1,0,0.0,,,,,0.0,1591,1524,,0,0,FAIL
1868.332,3,FAIL,0,0,NO_ORIGIN,0,0,1,1,1,1,0,0.0,,,,,0.0,1591,1524,,0,0,FAIL
1868.382,3,FAIL,0,0,NO_ORIGIN,0,0,1,1,1,1,0,0.0,,,,,0.0,1591,1524,,0,0,FAIL
1868.433,3,FAIL,0,0,NO_ORIGIN,0,0,1,1,1,1,0,0.0,,,,,0.0,1591,1524,,0,0,FAIL
1868.483,3,FAIL,0,0,NO_ORIGIN,0,0,1,1,1,1,0,0.0,,,,,0.0,1591,1524,,0,0,FAIL
1868.533,3,FAIL,0,0,NO_ORIGIN,0,0,1,1,1,1,0,0.0,,,,,0.0,1591,1524,,0,0,FAIL
1868.583,3,FAIL,0,0,NO_ORIGIN,0,0,1,1,1,1,0,0.0,,,,,0.0,1591,1524,,0,0,FAIL
1868.634,3,FAIL,0,0,NO_ORIGIN,0,0,1,1,1,1,0,0.0,,,,,0.0,1591,1524,,0,0,FAIL
1868.684,3,FAIL,0,0,NO_ORIGIN,0,0,1,1,1,1,0,0.0,,,,,0.0,1591,1524,,0,0,FAIL
1868.734,3,FAIL,0,0,NO_ORIGIN,0,0,1,1,1,1,0,0.0,,,,,0.0,1591,1524,,0,0,FAIL
1868.784,3,FAIL,0,0,NO_ORIGIN,0,0,1,1,1,1,0,0.0,,,,,0.0,1591,1524,,0,0,FAIL
1868.834,3,FAIL,0,0,NO_ORIGIN,0,0,1,1,1,1,0,0.0,,,,,0.0,1591,1524,,0,0,FAIL
1868.885,3,FAIL,0,0,NO_ORIGIN,0,0,1,1,1,1,0,0.0,,,,,0.0,1591,1524,,0,0,FAIL
1868.936,3,FAIL,0,0,NO_ORIGIN,0,0,1,1,1,1,0,0.0,,,,,0.0,1591,1524,,0,0,FAIL
1868.986,3,FAIL,0,0,NO_ORIGIN,0,0,1,1,1,1,0,0.0,,,,,0.0,1591,1524,,0,0,FAIL
1869.036,3,FAIL,0,0,NO_ORIGIN,0,0,1,1,1,1,0,0.0,,,,,0.0,1591,1524,,0,0,FAIL
1869.086,3,FAIL,0,0,NO_ORIGIN,0,0,1,1,1,1,0,0.0,,,,,0.0,1591,1524,,0,0,FAIL
1869.136,3,FAIL,0,0,NO_ORIGIN,0,0,1,1,1,1,0,0.0,,,,,0.0,1591,1524,,0,0,FAIL
1869.186,3,FAIL,0,0,NO_ORIGIN,0,0,1,1,1,1,0,0.0,,,,,0.0,1591,1524,,0,0,FAIL
1869.237,3,FAIL,0,0,NO_ORIGIN,0,0,1,1,1,1,0,0.0,,,,,0.0,1591,1524,,0,0,FAIL
1869.287,3,FAIL,0,0,NO_ORIGIN,0,0,1,1,1,1,0,0.0,,,,,0.0,1591,1524,,0,0,FAIL
1869.338,3,FAIL,0,0,NO_ORIGIN,0,0,1,1,1,1,0,0.0,,,,,0.0,1591,1524,,0,0,FAIL
1869.39,3,FAIL,0,0,NO_ORIGIN,0,0,1,1,1,1,0,0.0,,,,,0.0,1591,1524,,0,0,FAIL
1869.44,3,FAIL,0,0,NO_ORIGIN,0,0,1,1,1,1,0,0.0,,,,,0.0,1591,1524,,0,0,FAIL
1869.492,3,FAIL,0,0,NO_ORIGIN,0,0,1,1,1,1,0,0.0,,,,,0.0,1591,1524,,0,0,FAIL
1869.542,3,FAIL,0,0,NO_ORIGIN,0,0,1,1,1,1,0,0.0,,,,,0.0,1591,1524,,0,0,FAIL
1869.593,3,FAIL,0,0,NO_ORIGIN,0,0,1,1,1,1,0,0.0,,,,,0.0,1591,1524,,0,0,FAIL
1869.644,3,FAIL,0,0,NO_ORIGIN,0,0,1,1,1,1,0,0.0,,,,,0.0,1591,1524,,0,0,FAIL
1869.694,3,FAIL,0,0,NO_ORIGIN,0,0,1,1,1,1,0,0.0,,,,,0.0,1591,1524,,0,0,FAIL
1869.745,3,FAIL,0,0,NO_ORIGIN,0,0,1,1,1,1,0,0.0,,,,,0.0,1591,1524,,0,0,FAIL
1869.795,3,FAIL,0,0,NO_ORIGIN,0,0,1,1,1,1,0,0.0,,,,,0.0,1591,1524,,0,0,FAIL
1869.845,3,FAIL,0,0,NO_ORIGIN,0,0,1,1,1,1,0,0.0,,,,,0.0,1591,1524,,0,0,FAIL
1869.896,3,FAIL,0,0,NO_ORIGIN,0,0,1,1,1,1,0,0.0,,,,,0.0,1591,1524,,0,0,FAIL
1869.946,3,FAIL,0,0,NO_ORIGIN,0,0,1,1,1,1,0,0.0,,,,,0.0,1591,1524,,0,0,FAIL
1869.996,3,FAIL,0,0,NO_ORIGIN,0,0,1,1,1,1,0,0.0,,,,,0.0,1591,1524,,0,0,FAIL
1870.046,3,FAIL,0,0,NO_ORIGIN,0,0,1,1,1,1,0,0.0,,,,,0.0,1591,1524,,0,0,FAIL
1870.097,3,FAIL,0,0,NO_ORIGIN,0,0,1,1,1,1,0,0.0,,,,,0.0,1591,1524,,0,0,FAIL
1870.147,3,FAIL,0,0,NO_ORIGIN,0,0,1,1,1,1,0,0.0,,,,,0.0,1591,1524,,0,0,FAIL
1870.197,3,FAIL,0,0,NO_ORIGIN,0,0,1,1,1,1,0,0.0,,,,,0.0,1591,1524,,0,0,FAIL
1870.248,3,FAIL,0,0,NO_ORIGIN,0,0,1,1,1,1,0,0.0,,,,,0.0,1591,1524,,0,0,FAIL
1870.298,3,FAIL,0,0,NO_ORIGIN,0,0,1,1,1,1,0,0.0,,,,,0.0,1591,1524,,0,0,FAIL
1870.349,3,FAIL,0,0,NO_ORIGIN,0,0,1,1,1,1,0,0.0,,,,,0.0,1591,1524,,0,0,FAIL
1870.399,3,FAIL,0,0,NO_ORIGIN,0,0,1,1,1,1,0,0.0,,,,,0.0,1591,1524,,0,0,FAIL
1870.45,3,FAIL,0,0,NO_ORIGIN,0,0,1,1,1,1,0,0.0,,,,,0.0,1591,1524,,0,0,FAIL
1870.5,3,FAIL,0,0,NO_ORIGIN,0,0,1,1,1,1,0,0.0,,,,,0.0,1591,1524,,0,0,FAIL
1870.55,3,FAIL,0,0,NO_ORIGIN,0,0,1,1,1,1,0,0.0,,,,,0.0,1591,1524,,0,0,FAIL
1870.601,3,FAIL,0,0,NO_ORIGIN,0,0,1,1,1,1,0,0.0,,,,,0.0,1591,1524,,0,0,FAIL
1870.651,3,FAIL,0,0,NO_ORIGIN,0,0,1,1,1,1,0,0.0,,,,,0.0,1591,1524,,0,0,FAIL
1870.702,3,FAIL,0,0,NO_ORIGIN,0,0,1,1,1,1,0,0.0,,,,,0.0,1591,1524,,0,0,FAIL
1870.752,3,FAIL,0,0,NO_ORIGIN,0,0,1,1,1,1,0,0.0,,,,,0.0,1591,1524,,0,0,FAIL
1870.802,3,FAIL,0,0,NO_ORIGIN,0,0,1,1,1,1,0,0.0,,,,,0.0,1591,1524,,0,0,FAIL
1870.852,3,FAIL,0,0,NO_ORIGIN,0,0,1,1,1,1,0,0.0,,,,,0.0,1591,1524,,0,0,FAIL
1870.902,3,FAIL,0,0,NO_ORIGIN,0,0,1,1,1,1,0,0.0,,,,,0.0,1591,1524,,0,0,FAIL
1870.953,3,FAIL,0,0,NO_ORIGIN,0,0,1,1,1,1,0,0.0,,,,,0.0,1591,1524,,0,0,FAIL
1871.003,3,FAIL,0,0,NO_ORIGIN,0,0,1,1,1,1,0,0.0,,,,,0.0,1591,1524,,0,0,FAIL
1871.055,3,FAIL,0,0,NO_ORIGIN,0,0,1,1,1,1,0,0.0,,,,,0.0,1591,1524,,0,0,FAIL
1871.105,3,FAIL,0,0,NO_ORIGIN,0,0,1,1,1,1,0,0.0,,,,,0.0,1591,1524,,0,0,FAIL
1871.155,3,FAIL,0,0,NO_ORIGIN,0,0,1,1,1,1,0,0.0,,,,,0.0,1591,1524,,0,0,FAIL
1871.205,3,FAIL,0,0,NO_ORIGIN,0,0,1,1,1,1,0,0.0,,,,,0.0,1591,1524,,0,0,FAIL
1871.255,3,FAIL,0,0,NO_ORIGIN,0,0,1,1,1,1,0,0.0,,,,,0.0,1591,1524,,0,0,FAIL
1871.306,3,FAIL,0,0,NO_ORIGIN,0,0,1,1,1,1,0,0.0,,,,,0.0,1591,1524,,0,0,FAIL
1871.356,3,FAIL,0,0,NO_ORIGIN,0,0,1,1,1,1,0,0.0,,,,,0.0,1591,1524,,0,0,FAIL
1871.406,3,FAIL,0,0,NO_ORIGIN,0,0,1,1,1,1,0,0.0,,,,,0.0,1591,1524,,0,0,FAIL
1871.456,3,FAIL,0,0,NO_ORIGIN,0,0,1,1,1,1,0,0.0,,,,,0.0,1591,1524,,0,0,FAIL
1871.507,3,FAIL,0,0,NO_ORIGIN,0,0,1,1,1,1,0,0.0,,,,,0.0,1591,1524,,0,0,FAIL
1871.558,3,FAIL,0,0,NO_ORIGIN,0,0,1,1,1,1,0,0.0,,,,,0.0,1591,1524,,0,0,FAIL
1871.608,3,FAIL,0,0,NO_ORIGIN,0,0,1,1,1,1,0,0.0,,,,,0.0,1591,1524,,0,0,FAIL
1871.658,3,FAIL,0,0,NO_ORIGIN,0,0,1,1,1,1,0,0.0,,,,,0.0,1591,1524,,0,0,FAIL
1871.709,3,FAIL,0,0,NO_ORIGIN,0,0,1,1,1,1,0,0.0,,,,,0.0,1591,1524,,0,0,FAIL
1871.76,3,FAIL,0,0,NO_ORIGIN,0,0,1,1,1,1,0,0.0,,,,,0.0,1591,1524,,0,0,FAIL
1871.811,3,FAIL,0,0,NO_ORIGIN,0,0,1,1,1,1,0,0.0,,,,,0.0,1591,1524,,0,0,FAIL
1871.861,3,FAIL,0,0,NO_ORIGIN,0,0,1,1,1,1,0,0.0,,,,,0.0,1591,1524,,0,0,FAIL
1871.911,3,FAIL,0,0,NO_ORIGIN,0,0,1,1,1,1,0,0.0,,,,,0.0,1591,1524,,0,0,FAIL
1871.961,3,FAIL,0,0,NO_ORIGIN,0,0,1,1,1,1,0,0.0,,,,,0.0,1591,1524,,0,0,FAIL
1872.012,3,FAIL,0,0,NO_ORIGIN,0,0,1,1,1,1,0,0.0,,,,,0.0,1591,1524,,0,0,FAIL
1872.062,3,FAIL,0,0,NO_ORIGIN,0,0,1,1,1,1,0,0.0,,,,,0.0,1591,1524,,0,0,FAIL
1872.112,3,FAIL,0,0,NO_ORIGIN,0,0,1,1,1,1,0,0.0,,,,,0.0,1591,1524,,0,0,FAIL
1872.162,3,FAIL,0,0,NO_ORIGIN,0,0,1,1,1,1,0,0.0,,,,,0.0,1591,1524,,0,0,FAIL
1872.212,3,FAIL,0,0,NO_ORIGIN,0,0,1,1,1,1,0,0.0,,,,,0.0,1591,1524,,0,0,FAIL
1872.262,3,FAIL,0,0,NO_ORIGIN,0,0,1,1,1,1,0,0.0,,,,,0.0,1591,1524,,0,0,FAIL
1872.313,3,FAIL,0,0,NO_ORIGIN,0,0,1,1,1,1,0,0.0,,,,,0.0,1591,1524,,0,0,FAIL
1872.364,3,FAIL,0,0,NO_ORIGIN,0,0,1,1,1,1,0,0.0,,,,,0.0,1591,1524,,0,0,FAIL
1872.414,3,FAIL,0,0,NO_ORIGIN,0,0,1,1,1,1,0,0.0,,,,,0.0,1591,1524,,0,0,FAIL
1872.464,3,FAIL,0,0,NO_ORIGIN,0,0,1,1,1,1,0,0.0,,,,,0.0,1591,1524,,0,0,FAIL
1872.515,3,FAIL,0,0,NO_ORIGIN,0,0,1,1,1,1,0,0.0,,,,,0.0,1591,1524,,0,0,FAIL
1872.565,3,FAIL,0,0,NO_ORIGIN,0,0,1,1,1,1,0,0.0,,,,,0.0,1591,1524,,0,0,FAIL
1872.615,3,FAIL,0,0,NO_ORIGIN,0,0,1,1,1,1,0,0.0,,,,,0.0,1591,1524,,0,0,FAIL
1872.665,3,FAIL,0,0,NO_ORIGIN,0,0,1,1,1,1,0,0.0,,,,,0.0,1591,1524,,0,0,FAIL
1872.715,3,FAIL,0,0,NO_ORIGIN,0,0,1,1,1,1,0,0.0,,,,,0.0,1591,1524,,0,0,FAIL
1872.767,3,FAIL,0,0,NO_ORIGIN,0,0,1,1,1,1,0,0.0,,,,,0.0,1591,1524,,0,0,FAIL
1872.817,3,FAIL,0,0,NO_ORIGIN,0,0,1,1,1,1,0,0.0,,,,,0.0,1591,1524,,0,0,FAIL
1872.867,3,FAIL,0,0,NO_ORIGIN,0,0,1,1,1,1,0,0.0,,,,,0.0,1591,1524,,0,0,FAIL
1872.918,3,FAIL,0,0,NO_ORIGIN,0,0,1,1,1,1,0,0.0,,,,,0.0,1591,1524,,0,0,FAIL
1872.968,3,FAIL,0,0,NO_ORIGIN,0,0,1,1,1,1,0,0.0,,,,,0.0,1591,1524,,0,0,FAIL
1873.018,3,FAIL,0,0,NO_ORIGIN,0,0,1,1,1,1,0,0.0,,,,,0.0,1591,1524,,0,0,FAIL
1873.068,3,FAIL,0,0,NO_ORIGIN,0,0,1,1,1,1,0,0.0,,,,,0.0,1591,1524,,0,0,FAIL
1873.118,3,FAIL,0,0,NO_ORIGIN,0,0,1,1,1,1,0,0.0,,,,,0.0,1591,1524,,0,0,FAIL
1873.169,3,FAIL,0,0,NO_ORIGIN,0,0,1,1,1,1,0,0.0,,,,,0.0,1591,1524,,0,0,FAIL
1873.219,3,FAIL,0,0,NO_ORIGIN,0,0,1,1,1,1,0,0.0,,,,,0.0,1591,1524,,0,0,FAIL
1873.269,3,FAIL,0,0,NO_ORIGIN,0,0,1,1,1,1,0,0.0,,,,,0.0,1591,1524,,0,0,FAIL
1873.319,3,FAIL,0,0,NO_ORIGIN,0,0,1,1,1,1,0,0.0,,,,,0.0,1591,1524,,0,0,FAIL
1873.369,3,FAIL,0,0,NO_ORIGIN,0,0,1,1,1,1,0,0.0,,,,,0.0,1591,1524,,0,0,FAIL
1873.419,3,FAIL,0,0,NO_ORIGIN,0,0,1,1,1,1,0,0.0,,,,,0.0,1591,1524,,0,0,FAIL
1873.47,3,FAIL,0,0,NO_ORIGIN,0,0,1,1,1,1,0,0.0,,,,,0.0,1591,1524,,0,0,FAIL
1873.521,3,FAIL,0,0,NO_ORIGIN,0,0,1,1,1,1,0,0.0,,,,,0.0,1591,1524,,0,0,FAIL
1873.571,3,FAIL,0,0,NO_ORIGIN,0,0,1,1,1,1,0,0.0,,,,,0.0,1591,1524,,0,0,FAIL
1873.621,3,FAIL,0,0,NO_ORIGIN,0,0,1,1,1,1,0,0.0,,,,,0.0,1591,1524,,0,0,FAIL
1873.672,3,FAIL,0,0,NO_ORIGIN,0,0,1,1,1,1,0,0.0,,,,,0.0,1591,1524,,0,0,FAIL
1873.722,3,FAIL,0,0,NO_ORIGIN,0,0,1,1,1,1,0,0.0,,,,,0.0,1591,1524,,0,0,FAIL
1873.772,3,FAIL,0,0,NO_ORIGIN,0,0,1,1,1,1,0,0.0,,,,,0.0,1591,1524,,0,0,FAIL
1873.822,3,FAIL,0,0,NO_ORIGIN,0,0,1,1,1,1,0,0.0,,,,,0.0,1591,1524,,0,0,FAIL
1873.872,3,FAIL,0,0,NO_ORIGIN,0,0,1,1,1,1,0,0.0,,,,,0.0,1591,1524,,0,0,FAIL
1873.923,3,FAIL,0,0,NO_ORIGIN,0,0,1,1,1,1,0,0.0,,,,,0.0,1591,1524,,0,0,FAIL
1873.973,3,FAIL,0,0,NO_ORIGIN,0,0,1,1,1,1,0,0.0,,,,,0.0,1591,1524,,0,0,FAIL
1874.023,3,FAIL,0,0,NO_ORIGIN,0,0,1,1,1,1,0,0.0,,,,,0.0,1591,1524,,0,0,FAIL
1874.073,3,FAIL,0,0,NO_ORIGIN,0,0,1,1,1,1,0,0.0,,,,,0.0,1591,1524,,0,0,FAIL
1874.123,3,FAIL,0,0,NO_ORIGIN,0,0,1,1,1,1,0,0.0,,,,,0.0,1591,1524,,0,0,FAIL
1874.173,3,FAIL,0,0,NO_ORIGIN,0,0,1,1,1,1,0,0.0,,,,,0.0,1591,1524,,0,0,FAIL
1874.224,3,FAIL,0,0,NO_ORIGIN,0,0,1,1,1,1,0,0.0,,,,,0.0,1591,1524,,0,0,FAIL
1874.274,3,FAIL,0,0,NO_ORIGIN,0,0,1,1,1,1,0,0.0,,,,,0.0,1591,1524,,0,0,FAIL
1874.324,3,FAIL,0,0,NO_ORIGIN,0,0,1,1,1,1,0,0.0,,,,,0.0,1591,1524,,0,0,FAIL
1874.375,3,FAIL,0,0,NO_ORIGIN,0,0,1,1,1,1,0,0.0,,,,,0.0,1591,1524,,0,0,FAIL
1874.425,3,FAIL,0,0,NO_ORIGIN,0,0,1,1,1,1,0,0.0,,,,,0.0,1591,1524,,0,0,FAIL
1874.475,3,FAIL,0,0,NO_ORIGIN,0,0,1,1,1,1,0,0.0,,,,,0.0,1591,1524,,0,0,FAIL
1874.525,3,FAIL,0,0,NO_ORIGIN,0,0,1,1,1,1,0,0.0,,,,,0.0,1591,1524,,0,0,FAIL
1874.575,3,FAIL,0,0,NO_ORIGIN,0,0,1,1,1,1,0,0.0,,,,,0.0,1591,1524,,0,0,FAIL
1874.626,3,FAIL,0,0,NO_ORIGIN,0,0,1,1,1,1,0,0.0,,,,,0.0,1591,1524,,0,0,FAIL
1874.676,3,FAIL,0,0,NO_ORIGIN,0,0,1,1,1,1,0,0.0,,,,,0.0,1591,1524,,0,0,FAIL
1874.726,3,FAIL,0,0,NO_ORIGIN,0,0,1,1,1,1,0,0.0,,,,,0.0,1591,1524,,0,0,FAIL
1874.776,3,FAIL,0,0,NO_ORIGIN,0,0,1,1,1,1,0,0.0,,,,,0.0,1591,1524,,0,0,FAIL
1874.826,3,FAIL,0,0,NO_ORIGIN,0,0,1,1,1,1,0,0.0,,,,,0.0,1591,1524,,0,0,FAIL
1874.876,3,FAIL,0,0,NO_ORIGIN,0,0,1,1,1,1,0,0.0,,,,,0.0,1591,1524,,0,0,FAIL
1874.927,3,FAIL,0,0,NO_ORIGIN,0,0,1,1,1,1,0,0.0,,,,,0.0,1591,1524,,0,0,FAIL
1874.977,3,FAIL,0,0,NO_ORIGIN,0,0,1,1,1,1,0,0.0,,,,,0.0,1591,1524,,0,0,FAIL
1875.027,3,FAIL,0,0,NO_ORIGIN,0,0,1,1,1,1,0,0.0,,,,,0.0,1591,1524,,0,0,FAIL
1875.077,3,FAIL,0,0,NO_ORIGIN,0,0,1,1,1,1,0,0.0,,,,,0.0,1591,1524,,0,0,FAIL
1875.127,3,FAIL,0,0,NO_ORIGIN,0,0,1,1,1,1,0,0.0,,,,,0.0,1591,1524,,0,0,FAIL
1875.177,3,FAIL,0,0,NO_ORIGIN,0,0,1,1,1,1,0,0.0,,,,,0.0,1591,1524,,0,0,FAIL
1875.228,3,FAIL,0,0,NO_ORIGIN,0,0,1,1,1,1,0,0.0,,,,,0.0,1591,1524,,0,0,FAIL
1875.278,3,FAIL,0,0,NO_ORIGIN,0,0,1,1,1,1,0,0.0,,,,,0.0,1591,1524,,0,0,FAIL
1875.328,3,FAIL,0,0,NO_ORIGIN,0,0,1,1,1,1,0,0.0,,,,,0.0,1591,1524,,0,0,FAIL
1875.378,3,FAIL,0,0,NO_ORIGIN,0,0,1,1,1,1,0,0.0,,,,,0.0,1591,1524,,0,0,FAIL
1875.428,3,FAIL,0,0,NO_ORIGIN,0,0,1,1,1,1,0,0.0,,,,,0.0,1591,1524,,0,0,FAIL
1875.479,3,FAIL,0,0,NO_ORIGIN,0,0,1,1,1,1,0,0.0,,,,,0.0,1591,1524,,0,0,FAIL
1875.529,3,FAIL,0,0,NO_ORIGIN,0,0,1,1,1,1,0,0.0,,,,,0.0,1591,1524,,0,0,FAIL
1875.579,3,FAIL,0,0,NO_ORIGIN,0,0,1,1,1,1,0,0.0,,,,,0.0,1591,1524,,0,0,FAIL
1875.629,3,FAIL,0,0,NO_ORIGIN,0,0,1,1,1,1,0,0.0,,,,,0.0,1591,1524,,0,0,FAIL
1875.679,3,FAIL,0,0,NO_ORIGIN,0,0,1,1,1,1,0,0.0,,,,,0.0,1591,1524,,0,0,FAIL
1875.73,3,FAIL,0,0,NO_ORIGIN,0,0,1,1,1,1,0,0.0,,,,,0.0,1591,1524,,0,0,FAIL
1875.78,3,FAIL,0,0,NO_ORIGIN,0,0,1,1,1,1,0,0.0,,,,,0.0,1591,1524,,0,0,FAIL
1875.83,3,FAIL,0,0,NO_ORIGIN,0,0,1,1,1,1,0,0.0,,,,,0.0,1591,1524,,0,0,FAIL
1875.88,3,FAIL,0,0,NO_ORIGIN,0,0,1,1,1,1,0,0.0,,,,,0.0,1591,1524,,0,0,FAIL
1875.93,3,FAIL,0,0,NO_ORIGIN,0,0,1,1,1,1,0,0.0,,,,,0.0,1591,1524,,0,0,FAIL
1875.982,3,FAIL,0,0,NO_ORIGIN,0,0,1,1,1,1,0,0.0,,,,,0.0,1591,1524,,0,0,FAIL
1876.032,3,FAIL,0,0,NO_ORIGIN,0,0,1,1,1,1,0,0.0,,,,,0.0,1591,1524,,0,0,FAIL
1876.082,3,FAIL,0,0,NO_ORIGIN,0,0,1,1,1,1,0,0.0,,,,,0.0,1591,1524,,0,0,FAIL
1876.132,3,FAIL,0,0,NO_ORIGIN,0,0,1,1,1,1,0,0.0,,,,,0.0,1591,1524,,0,0,FAIL
1876.182,3,FAIL,0,0,NO_ORIGIN,0,0,1,1,1,1,0,0.0,,,,,0.0,1591,1524,,0,0,FAIL
1876.233,3,FAIL,0,0,NO_ORIGIN,0,0,1,1,1,1,0,0.0,,,,,0.0,1591,1524,,0,0,FAIL
1876.283,3,FAIL,0,0,NO_ORIGIN,0,0,1,1,1,1,0,0.0,,,,,0.0,1591,1524,,0,0,FAIL
1876.333,3,FAIL,0,0,NO_ORIGIN,0,0,1,1,1,1,0,0.0,,,,,0.0,1591,1524,,0,0,FAIL
1876.385,3,FAIL,0,0,NO_ORIGIN,0,0,1,1,1,1,0,0.0,,,,,0.0,1591,1524,,0,0,FAIL
1876.436,3,FAIL,0,0,NO_ORIGIN,0,0,1,1,1,1,0,0.0,,,,,0.0,1591,1524,,0,0,FAIL
1876.486,3,FAIL,0,0,NO_ORIGIN,0,0,1,1,1,1,0,0.0,,,,,0.0,1591,1524,,0,0,FAIL
1876.536,3,FAIL,0,0,NO_ORIGIN,0,0,1,1,1,1,0,0.0,,,,,0.0,1591,1524,,0,0,FAIL
1876.587,3,FAIL,0,0,NO_ORIGIN,0,0,1,1,1,1,0,0.0,,,,,0.0,1591,1524,,0,0,FAIL
1876.637,3,FAIL,0,0,NO_ORIGIN,0,0,1,1,1,1,0,0.0,,,,,0.0,1591,1524,,0,0,FAIL
1876.687,3,FAIL,0,0,NO_ORIGIN,0,0,1,1,1,1,0,0.0,,,,,0.0,1591,1524,,0,0,FAIL
1876.738,3,FAIL,0,0,NO_ORIGIN,0,0,1,1,1,1,0,0.0,,,,,0.0,1591,1524,,0,0,FAIL
1876.788,3,FAIL,0,0,NO_ORIGIN,0,0,1,1,1,1,0,0.0,,,,,0.0,1591,1524,,0,0,FAIL
1876.838,3,FAIL,0,0,NO_ORIGIN,0,0,1,1,1,1,0,0.0,,,,,0.0,1591,1524,,0,0,FAIL
1876.889,3,FAIL,0,0,NO_ORIGIN,0,0,1,1,1,1,0,0.0,,,,,0.0,1591,1524,,0,0,FAIL
1876.939,3,FAIL,0,0,NO_ORIGIN,0,0,1,1,1,1,0,0.0,,,,,0.0,1591,1524,,0,0,FAIL
1876.989,3,FAIL,0,0,NO_ORIGIN,0,0,1,1,1,1,0,0.0,,,,,0.0,1591,1524,,0,0,FAIL
1877.039,3,FAIL,0,0,NO_ORIGIN,0,0,1,1,1,1,0,0.0,,,,,0.0,1591,1524,,0,0,FAIL
1877.09,3,FAIL,0,0,NO_ORIGIN,0,0,1,1,1,1,0,0.0,,,,,0.0,1591,1524,,0,0,FAIL
1877.14,3,FAIL,0,0,NO_ORIGIN,0,0,1,1,1,1,0,0.0,,,,,0.0,1591,1524,,0,0,FAIL
1877.19,3,FAIL,0,0,NO_ORIGIN,0,0,1,1,1,1,0,0.0,,,,,0.0,1591,1524,,0,0,FAIL
1877.241,3,FAIL,0,0,NO_ORIGIN,0,0,1,1,1,1,0,0.0,,,,,0.0,1591,1524,,0,0,FAIL
1877.291,3,FAIL,0,0,NO_ORIGIN,0,0,1,1,1,1,0,0.0,,,,,0.0,1591,1524,,0,0,FAIL
1877.342,3,FAIL,0,0,NO_ORIGIN,0,0,1,1,1,1,0,0.0,,,,,0.0,1591,1524,,0,0,FAIL
1877.392,3,FAIL,0,0,NO_ORIGIN,0,0,1,1,1,1,0,0.0,,,,,0.0,1591,1524,,0,0,FAIL
1877.446,3,FAIL,0,0,NO_ORIGIN,0,0,1,1,1,1,0,0.0,,,,,0.0,1591,1524,,0,0,FAIL
1877.497,3,FAIL,0,0,NO_ORIGIN,0,0,1,1,1,1,0,0.0,,,,,0.0,1591,1524,,0,0,FAIL
1877.547,3,FAIL,0,0,NO_ORIGIN,0,0,1,1,1,1,0,0.0,,,,,0.0,1591,1524,,0,0,FAIL
1877.597,3,FAIL,0,0,NO_ORIGIN,0,0,1,1,1,1,0,0.0,,,,,0.0,1591,1524,,0,0,FAIL
1877.648,3,FAIL,0,0,NO_ORIGIN,0,0,1,1,1,1,0,0.0,,,,,0.0,1591,1524,,0,0,FAIL
1877.698,3,FAIL,0,0,NO_ORIGIN,0,0,1,1,1,1,0,0.0,,,,,0.0,1591,1524,,0,0,FAIL
1877.749,3,FAIL,0,0,NO_ORIGIN,0,0,1,1,1,1,0,0.0,,,,,0.0,1591,1524,,0,0,FAIL
1877.799,3,FAIL,0,0,NO_ORIGIN,0,0,1,1,1,1,0,0.0,,,,,0.0,1591,1524,,0,0,FAIL
1877.85,3,FAIL,0,0,NO_ORIGIN,0,0,1,1,1,1,0,0.0,,,,,0.0,1591,1524,,0,0,FAIL
1877.901,3,FAIL,0,0,NO_ORIGIN,0,0,1,1,1,1,0,0.0,,,,,0.0,1591,1524,,0,0,FAIL
1877.952,3,FAIL,0,0,NO_ORIGIN,0,0,1,1,1,1,0,0.0,,,,,0.0,1591,1524,,0,0,FAIL
1878.002,3,FAIL,0,0,NO_ORIGIN,0,0,1,1,1,1,0,0.0,,,,,0.0,1591,1524,,0,0,FAIL
1878.053,3,FAIL,0,0,NO_ORIGIN,0,0,1,1,1,1,0,0.0,,,,,0.0,1591,1524,,0,0,FAIL
1878.104,3,FAIL,0,0,NO_ORIGIN,0,0,1,1,1,1,0,0.0,,,,,0.0,1591,1524,,0,0,FAIL
1878.155,3,FAIL,0,0,NO_ORIGIN,0,0,1,1,1,1,0,0.0,,,,,0.0,1591,1524,,0,0,FAIL
1878.205,3,FAIL,0,0,NO_ORIGIN,0,0,1,1,1,1,0,0.0,,,,,0.0,1591,1524,,0,0,FAIL
1878.256,3,FAIL,0,0,NO_ORIGIN,0,0,1,1,1,1,0,0.0,,,,,0.0,1591,1524,,0,0,FAIL
1878.307,3,FAIL,0,0,NO_ORIGIN,0,0,1,1,1,1,0,0.0,,,,,0.0,1591,1524,,0,0,FAIL
1878.358,3,FAIL,0,0,NO_ORIGIN,0,0,1,1,1,1,0,0.0,,,,,0.0,1591,1524,,0,0,FAIL
1878.409,3,FAIL,0,0,NO_ORIGIN,0,0,1,1,1,1,0,0.0,,,,,0.0,1591,1524,,0,0,FAIL
1878.46,3,FAIL,0,0,NO_ORIGIN,0,0,1,1,1,1,0,0.0,,,,,0.0,1591,1524,,0,0,FAIL
1878.51,3,FAIL,0,0,NO_ORIGIN,0,0,1,1,1,1,0,0.0,,,,,0.0,1591,1524,,0,0,FAIL
1878.561,3,FAIL,0,0,NO_ORIGIN,0,0,1,1,1,1,0,0.0,,,,,0.0,1591,1524,,0,0,FAIL
1878.612,3,FAIL,0,0,NO_ORIGIN,0,0,1,1,1,1,0,0.0,,,,,0.0,1591,1524,,0,0,FAIL
1878.662,3,FAIL,0,0,NO_ORIGIN,0,0,1,1,1,1,0,0.0,,,,,0.0,1591,1524,,0,0,FAIL
1878.712,3,FAIL,0,0,NO_ORIGIN,0,0,1,1,1,1,0,0.0,,,,,0.0,1591,1524,,0,0,FAIL
1878.763,3,FAIL,0,0,NO_ORIGIN,0,0,1,1,1,1,0,0.0,,,,,0.0,1591,1524,,0,0,FAIL
1878.813,3,FAIL,0,0,NO_ORIGIN,0,0,1,1,1,1,0,0.0,,,,,0.0,1591,1524,,0,0,FAIL
1878.863,3,FAIL,0,0,NO_ORIGIN,0,0,1,1,1,1,0,0.0,,,,,0.0,1591,1524,,0,0,FAIL
1878.915,3,FAIL,0,0,NO_ORIGIN,0,0,1,1,1,1,0,0.0,,,,,0.0,1591,1524,,0,0,FAIL
1878.965,3,FAIL,0,0,NO_ORIGIN,0,0,1,1,1,1,0,0.0,,,,,0.0,1591,1524,,0,0,FAIL
1879.015,3,FAIL,0,0,NO_ORIGIN,0,0,1,1,1,1,0,0.0,,,,,0.0,1591,1524,,0,0,FAIL
1879.065,3,FAIL,0,0,NO_ORIGIN,0,0,1,1,1,1,0,0.0,,,,,0.0,1591,1524,,0,0,FAIL
1879.116,3,FAIL,0,0,NO_ORIGIN,0,0,1,1,1,1,0,0.0,,,,,0.0,1591,1524,,0,0,FAIL
1879.166,3,FAIL,0,0,NO_ORIGIN,0,0,1,1,1,1,0,0.0,,,,,0.0,1591,1524,,0,0,FAIL
1879.216,3,FAIL,0,0,NO_ORIGIN,0,0,1,1,1,1,0,0.0,,,,,0.0,1591,1524,,0,0,FAIL
1879.266,3,FAIL,0,0,NO_ORIGIN,0,0,1,1,1,1,0,0.0,,,,,0.0,1591,1524,,0,0,FAIL
1879.316,3,FAIL,0,0,NO_ORIGIN,0,0,1,1,1,1,0,0.0,,,,,0.0,1591,1524,,0,0,FAIL
1879.367,3,FAIL,0,0,NO_ORIGIN,0,0,1,1,1,1,0,0.0,,,,,0.0,1591,1524,,0,0,FAIL
1879.417,3,FAIL,0,0,NO_ORIGIN,0,0,1,1,1,1,0,0.0,,,,,0.0,1591,1524,,0,0,FAIL
1879.467,3,FAIL,0,0,NO_ORIGIN,0,0,1,1,1,1,0,0.0,,,,,0.0,1591,1524,,0,0,FAIL
1879.517,3,FAIL,0,0,NO_ORIGIN,0,0,1,1,1,1,0,0.0,,,,,0.0,1591,1524,,0,0,FAIL
1879.567,3,FAIL,0,0,NO_ORIGIN,0,0,1,1,1,1,0,0.0,,,,,0.0,1591,1524,,0,0,FAIL
1879.618,3,FAIL,0,0,NO_ORIGIN,0,0,1,1,1,1,0,0.0,,,,,0.0,1591,1524,,0,0,FAIL
1879.668,3,FAIL,0,0,NO_ORIGIN,0,0,1,1,1,1,0,0.0,,,,,0.0,1591,1524,,0,0,FAIL
1879.718,3,FAIL,0,0,NO_ORIGIN,0,0,1,1,1,1,0,0.0,,,,,0.0,1591,1524,,0,0,FAIL
1879.769,3,FAIL,0,0,NO_ORIGIN,0,0,1,1,1,1,0,0.0,,,,,0.0,1591,1524,,0,0,FAIL
1879.819,3,FAIL,0,0,NO_ORIGIN,0,0,1,1,1,1,0,0.0,,,,,0.0,1591,1524,,0,0,FAIL
1879.869,3,FAIL,0,0,NO_ORIGIN,0,0,1,1,1,1,0,0.0,,,,,0.0,1591,1524,,0,0,FAIL
1879.919,3,FAIL,0,0,NO_ORIGIN,0,0,1,1,1,1,0,0.0,,,,,0.0,1591,1524,,0,0,FAIL
1879.969,3,FAIL,0,0,NO_ORIGIN,0,0,1,1,1,1,0,0.0,,,,,0.0,1591,1524,,0,0,FAIL
1880.02,3,FAIL,0,0,NO_ORIGIN,0,0,1,1,1,1,0,0.0,,,,,0.0,1591,1524,,0,0,FAIL
1880.07,3,FAIL,0,0,NO_ORIGIN,0,0,1,1,1,1,0,0.0,,,,,0.0,1591,1524,,0,0,FAIL
1880.12,3,FAIL,0,0,NO_ORIGIN,0,0,1,1,1,1,0,0.0,,,,,0.0,1591,1524,,0,0,FAIL
1880.17,3,FAIL,0,0,NO_ORIGIN,0,0,1,1,1,1,0,0.0,,,,,0.0,1591,1524,,0,0,FAIL
1880.22,3,FAIL,0,0,NO_ORIGIN,0,0,1,1,1,1,0,0.0,,,,,0.0,1591,1524,,0,0,FAIL
1880.271,3,FAIL,0,0,NO_ORIGIN,0,0,1,1,1,1,0,0.0,,,,,0.0,1591,1524,,0,0,FAIL
1880.321,3,FAIL,0,0,NO_ORIGIN,0,0,1,1,1,1,0,0.0,,,,,0.0,1591,1524,,0,0,FAIL
1880.371,3,FAIL,0,0,NO_ORIGIN,0,0,1,1,1,1,0,0.0,,,,,0.0,1591,1524,,0,0,FAIL
1880.421,3,FAIL,0,0,NO_ORIGIN,0,0,1,1,1,1,0,0.0,,,,,0.0,1591,1524,,0,0,FAIL
1880.471,3,FAIL,0,0,NO_ORIGIN,0,0,1,1,1,1,0,0.0,,,,,0.0,1591,1524,,0,0,FAIL
1880.523,3,FAIL,0,0,NO_ORIGIN,0,0,1,1,1,1,0,0.0,,,,,0.0,1591,1524,,0,0,FAIL
1880.573,3,FAIL,0,0,NO_ORIGIN,0,0,1,1,1,1,0,0.0,,,,,0.0,1591,1524,,0,0,FAIL
1880.624,3,FAIL,0,0,NO_ORIGIN,0,0,1,1,1,1,0,0.0,,,,,0.0,1591,1524,,0,0,FAIL
1880.674,3,FAIL,0,0,NO_ORIGIN,0,0,1,1,1,1,0,0.0,,,,,0.0,1591,1524,,0,0,FAIL
1880.724,3,FAIL,0,0,NO_ORIGIN,0,0,1,1,1,1,0,0.0,,,,,0.0,1591,1524,,0,0,FAIL
1880.775,3,FAIL,0,0,NO_ORIGIN,0,0,1,1,1,1,0,0.0,,,,,0.0,1591,1524,,0,0,FAIL
1880.825,3,FAIL,0,0,NO_ORIGIN,0,0,1,1,1,1,0,0.0,,,,,0.0,1591,1524,,0,0,FAIL
1880.875,3,FAIL,0,0,NO_ORIGIN,0,0,1,1,1,1,0,0.0,,,,,0.0,1591,1524,,0,0,FAIL
1880.925,3,FAIL,0,0,NO_ORIGIN,0,0,1,1,1,1,0,0.0,,,,,0.0,1591,1524,,0,0,FAIL
1880.975,3,FAIL,0,0,NO_ORIGIN,0,0,1,1,1,1,0,0.0,,,,,0.0,1591,1524,,0,0,FAIL
1881.025,3,FAIL,0,0,NO_ORIGIN,0,0,1,1,1,1,0,0.0,,,,,0.0,1591,1524,,0,0,FAIL
1881.076,3,FAIL,0,0,NO_ORIGIN,0,0,1,1,1,1,0,0.0,,,,,0.0,1591,1524,,0,0,FAIL
1881.126,3,FAIL,0,0,NO_ORIGIN,0,0,1,1,1,1,0,0.0,,,,,0.0,1591,1524,,0,0,FAIL
1881.176,3,FAIL,0,0,NO_ORIGIN,0,0,1,1,1,1,0,0.0,,,,,0.0,1591,1524,,0,0,FAIL
1881.226,3,FAIL,0,0,NO_ORIGIN,0,0,1,1,1,1,0,0.0,,,,,0.0,1591,1524,,0,0,FAIL
1881.276,3,FAIL,0,0,NO_ORIGIN,0,0,1,1,1,1,0,0.0,,,,,0.0,1591,1524,,0,0,FAIL
1881.326,3,FAIL,0,0,NO_ORIGIN,0,0,1,1,1,1,0,0.0,,,,,0.0,1591,1524,,0,0,FAIL
1881.377,3,FAIL,0,0,NO_ORIGIN,0,0,1,1,1,1,0,0.0,,,,,0.0,1591,1524,,0,0,FAIL
1881.427,3,FAIL,0,0,NO_ORIGIN,0,0,1,1,1,1,0,0.0,,,,,0.0,1591,1524,,0,0,FAIL
1881.477,3,FAIL,0,0,NO_ORIGIN,0,0,1,1,1,1,0,0.0,,,,,0.0,1591,1524,,0,0,FAIL
1881.527,3,FAIL,0,0,NO_ORIGIN,0,0,1,1,1,1,0,0.0,,,,,0.0,1591,1524,,0,0,FAIL
1881.577,3,FAIL,0,0,NO_ORIGIN,0,0,1,1,1,1,0,0.0,,,,,0.0,1591,1524,,0,0,FAIL
1881.628,3,FAIL,0,0,NO_ORIGIN,0,0,1,1,1,1,0,0.0,,,,,0.0,1591,1524,,0,0,FAIL
1881.678,3,FAIL,0,0,NO_ORIGIN,0,0,1,1,1,1,0,0.0,,,,,0.0,1591,1524,,0,0,FAIL
1881.728,3,FAIL,0,0,NO_ORIGIN,0,0,1,1,1,1,0,0.0,,,,,0.0,1591,1524,,0,0,FAIL
1881.778,3,FAIL,0,0,NO_ORIGIN,0,0,1,1,1,1,0,0.0,,,,,0.0,1591,1524,,0,0,FAIL
1881.828,3,FAIL,0,0,NO_ORIGIN,0,0,1,1,1,1,0,0.0,,,,,0.0,1591,1524,,0,0,FAIL
1881.878,3,FAIL,0,0,NO_ORIGIN,0,0,1,1,1,1,0,0.0,,,,,0.0,1591,1524,,0,0,FAIL
1881.928,3,FAIL,0,0,NO_ORIGIN,0,0,1,1,1,1,0,0.0,,,,,0.0,1591,1524,,0,0,FAIL
1881.979,3,FAIL,0,0,NO_ORIGIN,0,0,1,1,1,1,0,0.0,,,,,0.0,1591,1524,,0,0,FAIL
1882.029,3,FAIL,0,0,NO_ORIGIN,0,0,1,1,1,1,0,0.0,,,,,0.0,1591,1524,,0,0,FAIL
1882.079,3,FAIL,0,0,NO_ORIGIN,0,0,1,1,1,1,0,0.0,,,,,0.0,1591,1524,,0,0,FAIL
1882.13,3,FAIL,0,0,NO_ORIGIN,0,0,1,1,1,1,0,0.0,,,,,0.0,1591,1524,,0,0,FAIL
1882.181,3,FAIL,0,0,NO_ORIGIN,0,0,1,1,1,1,0,0.0,,,,,0.0,1591,1524,,0,0,FAIL
1882.232,3,FAIL,0,0,NO_ORIGIN,0,0,1,1,1,1,0,0.0,,,,,0.0,1591,1524,,0,0,FAIL
1882.283,3,FAIL,0,0,NO_ORIGIN,0,0,1,1,1,1,0,0.0,,,,,0.0,1591,1524,,0,0,FAIL
1882.333,3,FAIL,0,0,NO_ORIGIN,0,0,1,1,1,1,0,0.0,,,,,0.0,1591,1524,,0,0,FAIL
1882.385,3,FAIL,0,0,NO_ORIGIN,0,0,1,1,1,1,0,0.0,,,,,0.0,1591,1524,,0,0,FAIL
1882.436,3,FAIL,0,0,NO_ORIGIN,0,0,1,1,1,1,0,0.0,,,,,0.0,1591,1524,,0,0,FAIL
1882.487,3,FAIL,0,0,NO_ORIGIN,0,0,1,1,1,1,0,0.0,,,,,0.0,1591,1524,,0,0,FAIL
1882.537,3,FAIL,0,0,NO_ORIGIN,0,0,1,1,1,1,0,0.0,,,,,0.0,1591,1524,,0,0,FAIL
1882.588,3,FAIL,0,0,NO_ORIGIN,0,0,1,1,1,1,0,0.0,,,,,0.0,1591,1524,,0,0,FAIL
1882.639,3,FAIL,0,0,NO_ORIGIN,0,0,1,1,1,1,0,0.0,,,,,0.0,1591,1524,,0,0,FAIL
1882.69,3,FAIL,0,0,NO_ORIGIN,0,0,1,1,1,1,0,0.0,,,,,0.0,1591,1524,,0,0,FAIL
1882.74,3,FAIL,0,0,NO_ORIGIN,0,0,1,1,1,1,0,0.0,,,,,0.0,1591,1524,,0,0,FAIL
1882.791,3,FAIL,0,0,NO_ORIGIN,0,0,1,1,1,1,0,0.0,,,,,0.0,1591,1524,,0,0,FAIL
1882.842,3,FAIL,0,0,NO_ORIGIN,0,0,1,1,1,1,0,0.0,,,,,0.0,1591,1524,,0,0,FAIL
1882.893,3,FAIL,0,0,NO_ORIGIN,0,0,1,1,1,1,0,0.0,,,,,0.0,1591,1524,,0,0,FAIL
1882.943,3,FAIL,0,0,NO_ORIGIN,0,0,1,1,1,1,0,0.0,,,,,0.0,1591,1524,,0,0,FAIL
1882.994,3,FAIL,0,0,NO_ORIGIN,0,0,1,1,1,1,0,0.0,,,,,0.0,1591,1524,,0,0,FAIL
1883.045,3,FAIL,0,0,NO_ORIGIN,0,0,1,1,1,1,0,0.0,,,,,0.0,1591,1524,,0,0,FAIL
1883.096,3,FAIL,0,0,NO_ORIGIN,0,0,1,1,1,1,0,0.0,,,,,0.0,1591,1524,,0,0,FAIL
1883.147,3,FAIL,0,0,NO_ORIGIN,0,0,1,1,1,1,0,0.0,,,,,0.0,1591,1524,,0,0,FAIL
1883.198,3,FAIL,0,0,NO_ORIGIN,0,0,1,1,1,1,0,0.0,,,,,0.0,1591,1524,,0,0,FAIL
1883.248,3,FAIL,0,0,NO_ORIGIN,0,0,1,1,1,1,0,0.0,,,,,0.0,1591,1524,,0,0,FAIL
1883.298,3,FAIL,0,0,NO_ORIGIN,0,0,1,1,1,1,0,0.0,,,,,0.0,1591,1524,,0,0,FAIL
1883.351,3,FAIL,0,0,NO_ORIGIN,0,0,1,1,1,1,0,0.0,,,,,0.0,1591,1524,,0,0,FAIL
1883.401,3,FAIL,0,0,NO_ORIGIN,0,0,1,1,1,1,0,0.0,,,,,0.0,1591,1524,,0,0,FAIL
1883.453,3,FAIL,0,0,NO_ORIGIN,0,0,1,1,1,1,0,0.0,,,,,0.0,1591,1524,,0,0,FAIL
1883.503,3,FAIL,0,0,NO_ORIGIN,0,0,1,1,1,1,0,0.0,,,,,0.0,1591,1524,,0,0,FAIL
1883.555,3,FAIL,0,0,NO_ORIGIN,0,0,1,1,1,1,0,0.0,,,,,0.0,1591,1524,,0,0,FAIL
1883.605,3,FAIL,0,0,NO_ORIGIN,0,0,1,1,1,1,0,0.0,,,,,0.0,1591,1524,,0,0,FAIL
1883.655,3,FAIL,0,0,NO_ORIGIN,0,0,1,1,1,1,0,0.0,,,,,0.0,1591,1524,,0,0,FAIL
1883.707,3,FAIL,0,0,NO_ORIGIN,0,0,1,1,1,1,0,0.0,,,,,0.0,1591,1524,,0,0,FAIL
1883.757,3,FAIL,0,0,NO_ORIGIN,0,0,1,1,1,1,0,0.0,,,,,0.0,1591,1524,,0,0,FAIL
1883.808,3,FAIL,0,0,NO_ORIGIN,0,0,1,1,1,1,0,0.0,,,,,0.0,1591,1524,,0,0,FAIL
1883.859,3,FAIL,0,0,NO_ORIGIN,0,0,1,1,1,1,0,0.0,,,,,0.0,1591,1524,,0,0,FAIL
1883.91,3,FAIL,0,0,NO_ORIGIN,0,0,1,1,1,1,0,0.0,,,,,0.0,1591,1524,,0,0,FAIL
1883.961,3,FAIL,0,0,NO_ORIGIN,0,0,1,1,1,1,0,0.0,,,,,0.0,1591,1524,,0,0,FAIL
1884.011,3,FAIL,0,0,NO_ORIGIN,0,0,1,1,1,1,0,0.0,,,,,0.0,1591,1524,,0,0,FAIL
1884.064,3,FAIL,0,0,NO_ORIGIN,0,0,1,1,1,1,0,0.0,,,,,0.0,1591,1524,,0,0,FAIL
1884.114,3,FAIL,0,0,NO_ORIGIN,0,0,1,1,1,1,0,0.0,,,,,0.0,1591,1524,,0,0,FAIL
1884.164,3,FAIL,0,0,NO_ORIGIN,0,0,1,1,1,1,0,0.0,,,,,0.0,1591,1524,,0,0,FAIL
1884.214,3,FAIL,0,0,NO_ORIGIN,0,0,1,1,1,1,0,0.0,,,,,0.0,1591,1524,,0,0,FAIL
1884.265,3,FAIL,0,0,NO_ORIGIN,0,0,1,1,1,1,0,0.0,,,,,0.0,1591,1524,,0,0,FAIL
1884.316,3,FAIL,0,0,NO_ORIGIN,0,0,1,1,1,1,0,0.0,,,,,0.0,1591,1524,,0,0,FAIL
1884.366,3,FAIL,0,0,NO_ORIGIN,0,0,1,1,1,1,0,0.0,,,,,0.0,1591,1524,,0,0,FAIL
1884.417,3,FAIL,0,0,NO_ORIGIN,0,0,1,1,1,1,0,0.0,,,,,0.0,1591,1524,,0,0,FAIL
1884.468,3,FAIL,0,0,NO_ORIGIN,0,0,1,1,1,1,0,0.0,,,,,0.0,1591,1524,,0,0,FAIL
1884.52,3,FAIL,0,0,NO_ORIGIN,0,0,1,1,1,1,0,0.0,,,,,0.0,1591,1524,,0,0,FAIL
1884.57,3,FAIL,0,0,NO_ORIGIN,0,0,1,1,1,1,0,0.0,,,,,0.0,1591,1524,,0,0,FAIL
1884.62,3,FAIL,0,0,NO_ORIGIN,0,0,1,1,1,1,0,0.0,,,,,0.0,1591,1524,,0,0,FAIL
1884.671,3,FAIL,0,0,NO_ORIGIN,0,0,1,1,1,1,0,0.0,,,,,0.0,1591,1524,,0,0,FAIL
1884.722,3,FAIL,0,0,NO_ORIGIN,0,0,1,1,1,1,0,0.0,,,,,0.0,1591,1524,,0,0,FAIL
1884.773,3,FAIL,0,0,NO_ORIGIN,0,0,1,1,1,1,0,0.0,,,,,0.0,1591,1524,,0,0,FAIL
1884.823,3,FAIL,0,0,NO_ORIGIN,0,0,1,1,1,1,0,0.0,,,,,0.0,1591,1524,,0,0,FAIL
1884.874,3,FAIL,0,0,NO_ORIGIN,0,0,1,1,1,1,0,0.0,,,,,0.0,1591,1524,,0,0,FAIL
1884.927,3,FAIL,0,0,NO_ORIGIN,0,0,1,1,1,1,0,0.0,,,,,0.0,1591,1524,,0,0,FAIL
1884.977,3,FAIL,0,0,NO_ORIGIN,0,0,1,1,1,1,0,0.0,,,,,0.0,1591,1524,,0,0,FAIL
1885.027,3,FAIL,0,0,NO_ORIGIN,0,0,1,1,1,1,0,0.0,,,,,0.0,1591,1524,,0,0,FAIL
1885.078,3,FAIL,0,0,NO_ORIGIN,0,0,1,1,1,1,0,0.0,,,,,0.0,1591,1524,,0,0,FAIL
1885.128,3,FAIL,0,0,NO_ORIGIN,0,0,1,1,1,1,0,0.0,,,,,0.0,1591,1524,,0,0,FAIL
1885.179,3,FAIL,0,0,NO_ORIGIN,0,0,1,1,1,1,0,0.0,,,,,0.0,1591,1524,,0,0,FAIL
1885.23,3,FAIL,0,0,NO_ORIGIN,0,0,1,1,1,1,0,0.0,,,,,0.0,1591,1524,,0,0,FAIL
1885.281,3,FAIL,0,0,NO_ORIGIN,0,0,1,1,1,1,0,0.0,,,,,0.0,1591,1524,,0,0,FAIL
1885.332,3,FAIL,0,0,NO_ORIGIN,0,0,1,1,1,1,0,0.0,,,,,0.0,1591,1524,,0,0,FAIL
1885.383,3,FAIL,0,0,NO_ORIGIN,0,0,1,1,1,1,0,0.0,,,,,0.0,1591,1524,,0,0,FAIL
1885.434,3,FAIL,0,0,NO_ORIGIN,0,0,1,1,1,1,0,0.0,,,,,0.0,1591,1524,,0,0,FAIL
1885.485,3,FAIL,0,0,NO_ORIGIN,0,0,1,1,1,1,0,0.0,,,,,0.0,1591,1524,,0,0,FAIL
1885.535,3,FAIL,0,0,NO_ORIGIN,0,0,1,1,1,1,0,0.0,,,,,0.0,1591,1524,,0,0,FAIL
1885.585,3,FAIL,0,0,NO_ORIGIN,0,0,1,1,1,1,0,0.0,,,,,0.0,1591,1524,,0,0,FAIL
1885.637,3,FAIL,0,0,NO_ORIGIN,0,0,1,1,1,1,0,0.0,,,,,0.0,1591,1524,,0,0,FAIL
1885.688,3,FAIL,0,0,NO_ORIGIN,0,0,1,1,1,1,0,0.0,,,,,0.0,1591,1524,,0,0,FAIL
1885.739,3,FAIL,0,0,NO_ORIGIN,0,0,1,1,1,1,0,0.0,,,,,0.0,1591,1524,,0,0,FAIL
1885.789,3,FAIL,0,0,NO_ORIGIN,0,0,1,1,1,1,0,0.0,,,,,0.0,1591,1524,,0,0,FAIL
1885.84,3,FAIL,0,0,NO_ORIGIN,0,0,1,1,1,1,0,0.0,,,,,0.0,1591,1524,,0,0,FAIL
1885.89,3,FAIL,0,0,NO_ORIGIN,0,0,1,1,1,1,0,0.0,,,,,0.0,1591,1524,,0,0,FAIL
1885.942,3,FAIL,0,0,NO_ORIGIN,0,0,1,1,1,1,0,0.0,,,,,0.0,1591,1524,,0,0,FAIL
1885.993,3,FAIL,0,0,NO_ORIGIN,0,0,1,1,1,1,0,0.0,,,,,0.0,1591,1524,,0,0,FAIL
1886.044,3,FAIL,0,0,NO_ORIGIN,0,0,1,1,1,1,0,0.0,,,,,0.0,1591,1524,,0,0,FAIL
1886.095,3,FAIL,0,0,NO_ORIGIN,0,0,1,1,1,1,0,0.0,,,,,0.0,1591,1524,,0,0,FAIL
1886.145,3,FAIL,0,0,NO_ORIGIN,0,0,1,1,1,1,0,0.0,,,,,0.0,1591,1524,,0,0,FAIL
1886.196,3,FAIL,0,0,NO_ORIGIN,0,0,1,1,1,1,0,0.0,,,,,0.0,1591,1524,,0,0,FAIL
1886.248,3,FAIL,0,0,NO_ORIGIN,0,0,1,1,1,1,0,0.0,,,,,0.0,1591,1524,,0,0,FAIL
1886.298,3,FAIL,0,0,NO_ORIGIN,0,0,1,1,1,1,0,0.0,,,,,0.0,1591,1524,,0,0,FAIL
1886.349,3,FAIL,0,0,NO_ORIGIN,0,0,1,1,1,1,0,0.0,,,,,0.0,1591,1524,,0,0,FAIL
1886.399,3,FAIL,0,0,NO_ORIGIN,0,0,1,1,1,1,0,0.0,,,,,0.0,1591,1524,,0,0,FAIL
1886.449,3,FAIL,0,0,NO_ORIGIN,0,0,1,1,1,1,0,0.0,,,,,0.0,1591,1524,,0,0,FAIL
1886.5,3,FAIL,0,0,NO_ORIGIN,0,0,1,1,1,1,0,0.0,,,,,0.0,1591,1524,,0,0,FAIL
1886.55,3,FAIL,0,0,NO_ORIGIN,0,0,1,1,1,1,0,0.0,,,,,0.0,1591,1524,,0,0,FAIL
1886.6,3,FAIL,0,0,NO_ORIGIN,0,0,1,1,1,1,0,0.0,,,,,0.0,1591,1524,,0,0,FAIL
1886.65,3,FAIL,0,0,NO_ORIGIN,0,0,1,1,1,1,0,0.0,,,,,0.0,1591,1524,,0,0,FAIL
1886.701,3,FAIL,0,0,NO_ORIGIN,0,0,1,1,1,1,0,0.0,,,,,0.0,1591,1524,,0,0,FAIL
1886.751,3,FAIL,0,0,NO_ORIGIN,0,0,1,1,1,1,0,0.0,,,,,0.0,1591,1524,,0,0,FAIL
1886.801,3,FAIL,0,0,NO_ORIGIN,0,0,1,1,1,1,0,0.0,,,,,0.0,1591,1524,,0,0,FAIL
1886.851,3,FAIL,0,0,NO_ORIGIN,0,0,1,1,1,1,0,0.0,,,,,0.0,1591,1524,,0,0,FAIL
1886.901,3,FAIL,0,0,NO_ORIGIN,0,0,1,1,1,1,0,0.0,,,,,0.0,1591,1524,,0,0,FAIL
1886.951,3,FAIL,0,0,NO_ORIGIN,0,0,1,1,1,1,0,0.0,,,,,0.0,1591,1524,,0,0,FAIL
1887.002,3,FAIL,0,0,NO_ORIGIN,0,0,1,1,1,1,0,0.0,,,,,0.0,1591,1524,,0,0,FAIL
1887.054,3,FAIL,0,0,NO_ORIGIN,0,0,1,1,1,1,0,0.0,,,,,0.0,1591,1524,,0,0,FAIL
1887.104,3,FAIL,0,0,NO_ORIGIN,0,0,1,1,1,1,0,0.0,,,,,0.0,1591,1524,,0,0,FAIL
1887.154,3,FAIL,0,0,NO_ORIGIN,0,0,1,1,1,1,0,0.0,,,,,0.0,1591,1524,,0,0,FAIL
1887.204,3,FAIL,0,0,NO_ORIGIN,0,0,1,1,1,1,0,0.0,,,,,0.0,1591,1524,,0,0,FAIL
1887.254,3,FAIL,0,0,NO_ORIGIN,0,0,1,1,1,1,0,0.0,,,,,0.0,1591,1524,,0,0,FAIL
1887.305,3,FAIL,0,0,NO_ORIGIN,0,0,1,1,1,1,0,0.0,,,,,0.0,1591,1524,,0,0,FAIL
1887.355,3,FAIL,0,0,NO_ORIGIN,0,0,1,1,1,1,0,0.0,,,,,0.0,1591,1524,,0,0,FAIL
1887.405,3,FAIL,0,0,NO_ORIGIN,0,0,1,1,1,1,0,0.0,,,,,0.0,1591,1524,,0,0,FAIL
1887.455,3,FAIL,0,0,NO_ORIGIN,0,0,1,1,1,1,0,0.0,,,,,0.0,1591,1524,,0,0,FAIL
1887.505,3,FAIL,0,0,NO_ORIGIN,0,0,1,1,1,1,0,0.0,,,,,0.0,1591,1524,,0,0,FAIL
1887.556,3,FAIL,0,0,NO_ORIGIN,0,0,1,1,1,1,0,0.0,,,,,0.0,1591,1524,,0,0,FAIL
1887.606,3,FAIL,0,0,NO_ORIGIN,0,0,1,1,1,1,0,0.0,,,,,0.0,1591,1524,,0,0,FAIL
1887.656,3,FAIL,0,0,NO_ORIGIN,0,0,1,1,1,1,0,0.0,,,,,0.0,1591,1524,,0,0,FAIL
1887.706,3,FAIL,0,0,NO_ORIGIN,0,0,1,1,1,1,0,0.0,,,,,0.0,1591,1524,,0,0,FAIL
1887.757,3,FAIL,0,0,NO_ORIGIN,0,0,1,1,1,1,0,0.0,,,,,0.0,1591,1524,,0,0,FAIL
1887.807,3,FAIL,0,0,NO_ORIGIN,0,0,1,1,1,1,0,0.0,,,,,0.0,1591,1524,,0,0,FAIL
1887.857,3,FAIL,0,0,NO_ORIGIN,0,0,1,1,1,1,0,0.0,,,,,0.0,1591,1524,,0,0,FAIL
1887.908,3,FAIL,0,0,NO_ORIGIN,0,0,1,1,1,1,0,0.0,,,,,0.0,1591,1524,,0,0,FAIL
1887.958,3,FAIL,0,0,NO_ORIGIN,0,0,1,1,1,1,0,0.0,,,,,0.0,1591,1524,,0,0,FAIL
1888.008,3,FAIL,0,0,NO_ORIGIN,0,0,1,1,1,1,0,0.0,,,,,0.0,1591,1524,,0,0,FAIL
1888.058,3,FAIL,0,0,NO_ORIGIN,0,0,1,1,1,1,0,0.0,,,,,0.0,1591,1524,,0,0,FAIL
1888.109,3,FAIL,0,0,NO_ORIGIN,0,0,1,1,1,1,0,0.0,,,,,0.0,1591,1524,,0,0,FAIL
1888.159,3,FAIL,0,0,NO_ORIGIN,0,0,1,1,1,1,0,0.0,,,,,0.0,1591,1524,,0,0,FAIL
1888.209,3,FAIL,0,0,NO_ORIGIN,0,0,1,1,1,1,0,0.0,,,,,0.0,1591,1524,,0,0,FAIL
1888.259,3,FAIL,0,0,NO_ORIGIN,0,0,1,1,1,1,0,0.0,,,,,0.0,1591,1524,,0,0,FAIL
1888.31,3,FAIL,0,0,NO_ORIGIN,0,0,1,1,1,1,0,0.0,,,,,0.0,1591,1524,,0,0,FAIL
1888.36,3,FAIL,0,0,NO_ORIGIN,0,0,1,1,1,1,0,0.0,,,,,0.0,1591,1524,,0,0,FAIL
1888.41,3,FAIL,0,0,NO_ORIGIN,0,0,1,1,1,1,0,0.0,,,,,0.0,1591,1524,,0,0,FAIL
1888.46,3,FAIL,0,0,NO_ORIGIN,0,0,1,1,1,1,0,0.0,,,,,0.0,1591,1524,,0,0,FAIL
1888.51,3,FAIL,0,0,NO_ORIGIN,0,0,1,1,1,1,0,0.0,,,,,0.0,1591,1524,,0,0,FAIL
1888.561,3,FAIL,0,0,NO_ORIGIN,0,0,1,1,1,1,0,0.0,,,,,0.0,1591,1524,,0,0,FAIL
1888.611,3,FAIL,0,0,NO_ORIGIN,0,0,1,1,1,1,0,0.0,,,,,0.0,1591,1524,,0,0,FAIL
1888.661,3,FAIL,0,0,NO_ORIGIN,0,0,1,1,1,1,0,0.0,,,,,0.0,1591,1524,,0,0,FAIL
1888.711,3,FAIL,0,0,NO_ORIGIN,0,0,1,1,1,1,0,0.0,,,,,0.0,1591,1524,,0,0,FAIL
1888.762,3,FAIL,0,0,NO_ORIGIN,0,0,1,1,1,1,0,0.0,,,,,0.0,1591,1524,,0,0,FAIL
1888.812,3,FAIL,0,0,NO_ORIGIN,0,0,1,1,1,1,0,0.0,,,,,0.0,1591,1524,,0,0,FAIL
1888.862,3,FAIL,0,0,NO_ORIGIN,0,0,1,1,1,1,0,0.0,,,,,0.0,1591,1524,,0,0,FAIL
1888.912,3,FAIL,0,0,NO_ORIGIN,0,0,1,1,1,1,0,0.0,,,,,0.0,1591,1524,,0,0,FAIL
1888.963,3,FAIL,0,0,NO_ORIGIN,0,0,1,1,1,1,0,0.0,,,,,0.0,1591,1524,,0,0,FAIL
1889.013,3,FAIL,0,0,NO_ORIGIN,0,0,1,1,1,1,0,0.0,,,,,0.0,1591,1524,,0,0,FAIL
1889.063,3,FAIL,0,0,NO_ORIGIN,0,0,1,1,1,1,0,0.0,,,,,0.0,1591,1524,,0,0,FAIL
1889.114,3,FAIL,0,0,NO_ORIGIN,0,0,1,1,1,1,0,0.0,,,,,0.0,1591,1524,,0,0,FAIL
1889.165,3,FAIL,0,0,NO_ORIGIN,0,0,1,1,1,1,0,0.0,,,,,0.0,1591,1524,,0,0,FAIL
1889.215,3,FAIL,0,0,NO_ORIGIN,0,0,1,1,1,1,0,0.0,,,,,0.0,1591,1524,,0,0,FAIL
1889.265,3,FAIL,0,0,NO_ORIGIN,0,0,1,1,1,1,0,0.0,,,,,0.0,1591,1524,,0,0,FAIL
1889.316,3,FAIL,0,0,NO_ORIGIN,0,0,1,1,1,1,0,0.0,,,,,0.0,1591,1524,,0,0,FAIL
1889.366,3,FAIL,0,0,NO_ORIGIN,0,0,1,1,1,1,0,0.0,,,,,0.0,1591,1524,,0,0,FAIL
1889.416,3,FAIL,0,0,NO_ORIGIN,0,0,1,1,1,1,0,0.0,,,,,0.0,1591,1524,,0,0,FAIL
1889.466,3,FAIL,0,0,NO_ORIGIN,0,0,1,1,1,1,0,0.0,,,,,0.0,1591,1524,,0,0,FAIL
1889.516,3,FAIL,0,0,NO_ORIGIN,0,0,1,1,1,1,0,0.0,,,,,0.0,1591,1524,,0,0,FAIL
1889.567,3,FAIL,0,0,NO_ORIGIN,0,0,1,1,1,1,0,0.0,,,,,0.0,1591,1524,,0,0,FAIL
1889.617,3,FAIL,0,0,NO_ORIGIN,0,0,1,1,1,1,0,0.0,,,,,0.0,1591,1524,,0,0,FAIL
1889.667,3,FAIL,0,0,NO_ORIGIN,0,0,1,1,1,1,0,0.0,,,,,0.0,1591,1524,,0,0,FAIL
1889.717,3,FAIL,0,0,NO_ORIGIN,0,0,1,1,1,1,0,0.0,,,,,0.0,1591,1524,,0,0,FAIL
1889.768,3,FAIL,0,0,NO_ORIGIN,0,0,1,1,1,1,0,0.0,,,,,0.0,1591,1524,,0,0,FAIL
1889.818,3,FAIL,0,0,NO_ORIGIN,0,0,1,1,1,1,0,0.0,,,,,0.0,1591,1524,,0,0,FAIL
1889.868,3,FAIL,0,0,NO_ORIGIN,0,0,1,1,1,1,0,0.0,,,,,0.0,1591,1524,,0,0,FAIL
1889.918,3,FAIL,0,0,NO_ORIGIN,0,0,1,1,1,1,0,0.0,,,,,0.0,1591,1524,,0,0,FAIL
1889.969,3,FAIL,0,0,NO_ORIGIN,0,0,1,1,1,1,0,0.0,,,,,0.0,1591,1524,,0,0,FAIL
1890.019,3,FAIL,0,0,NO_ORIGIN,0,0,1,1,1,1,0,0.0,,,,,0.0,1591,1524,,0,0,FAIL
1890.071,3,FAIL,0,0,NO_ORIGIN,0,0,1,1,1,1,0,0.0,,,,,0.0,1591,1524,,0,0,FAIL
1890.122,3,FAIL,0,0,NO_ORIGIN,0,0,1,1,1,1,0,0.0,,,,,0.0,1591,1524,,0,0,FAIL
1890.172,3,FAIL,0,0,NO_ORIGIN,0,0,1,1,1,1,0,0.0,,,,,0.0,1591,1524,,0,0,FAIL
1890.222,3,FAIL,0,0,NO_ORIGIN,0,0,1,1,1,1,0,0.0,,,,,0.0,1591,1524,,0,0,FAIL
1890.273,3,FAIL,0,0,NO_ORIGIN,0,0,1,1,1,1,0,0.0,,,,,0.0,1591,1524,,0,0,FAIL
1890.323,3,FAIL,0,0,NO_ORIGIN,0,0,1,1,1,1,0,0.0,,,,,0.0,1591,1524,,0,0,FAIL
1890.373,3,FAIL,0,0,NO_ORIGIN,0,0,1,1,1,1,0,0.0,,,,,0.0,1591,1524,,0,0,FAIL
1890.424,3,FAIL,0,0,NO_ORIGIN,0,0,1,1,1,1,0,0.0,,,,,0.0,1591,1524,,0,0,FAIL
1890.474,3,FAIL,0,0,NO_ORIGIN,0,0,1,1,1,1,0,0.0,,,,,0.0,1591,1524,,0,0,FAIL
1890.526,3,FAIL,0,0,NO_ORIGIN,0,0,1,1,1,1,0,0.0,,,,,0.0,1591,1524,,0,0,FAIL
1890.576,3,FAIL,0,0,NO_ORIGIN,0,0,1,1,1,1,0,0.0,,,,,0.0,1591,1524,,0,0,FAIL
1890.626,3,FAIL,0,0,NO_ORIGIN,0,0,1,1,1,1,0,0.0,,,,,0.0,1591,1524,,0,0,FAIL
1890.677,3,FAIL,0,0,NO_ORIGIN,0,0,1,1,1,1,0,0.0,,,,,0.0,1591,1524,,0,0,FAIL
1890.727,3,FAIL,0,0,NO_ORIGIN,0,0,1,1,1,1,0,0.0,,,,,0.0,1591,1524,,0,0,FAIL
1890.778,3,FAIL,0,0,NO_ORIGIN,0,0,1,1,1,1,0,0.0,,,,,0.0,1591,1524,,0,0,FAIL
1890.828,3,FAIL,0,0,NO_ORIGIN,0,0,1,1,1,1,0,0.0,,,,,0.0,1591,1524,,0,0,FAIL
1890.878,3,FAIL,0,0,NO_ORIGIN,0,0,1,1,1,1,0,0.0,,,,,0.0,1591,1524,,0,0,FAIL
1890.928,3,FAIL,0,0,NO_ORIGIN,0,0,1,1,1,1,0,0.0,,,,,0.0,1591,1524,,0,0,FAIL
1890.979,3,FAIL,0,0,NO_ORIGIN,0,0,1,1,1,1,0,0.0,,,,,0.0,1591,1524,,0,0,FAIL
1891.029,3,FAIL,0,0,NO_ORIGIN,0,0,1,1,1,1,0,0.0,,,,,0.0,1591,1524,,0,0,FAIL
1891.079,3,FAIL,0,0,NO_ORIGIN,0,0,1,1,1,1,0,0.0,,,,,0.0,1591,1524,,0,0,FAIL
1891.13,3,FAIL,0,0,NO_ORIGIN,0,0,1,1,1,1,0,0.0,,,,,0.0,1591,1524,,0,0,FAIL
1891.182,3,FAIL,0,0,NO_ORIGIN,0,0,1,1,1,1,0,0.0,,,,,0.0,1591,1524,,0,0,FAIL
1891.232,3,FAIL,0,0,NO_ORIGIN,0,0,1,1,1,1,0,0.0,,,,,0.0,1591,1524,,0,0,FAIL
1891.283,3,FAIL,0,0,NO_ORIGIN,0,0,1,1,1,1,0,0.0,,,,,0.0,1591,1524,,0,0,FAIL
1891.333,3,FAIL,0,0,NO_ORIGIN,0,0,1,1,1,1,0,0.0,,,,,0.0,1591,1524,,0,0,FAIL
1891.384,3,FAIL,0,0,NO_ORIGIN,0,0,1,1,1,1,0,0.0,,,,,0.0,1591,1524,,0,0,FAIL
1891.435,3,FAIL,0,0,NO_ORIGIN,0,0,1,1,1,1,0,0.0,,,,,0.0,1591,1524,,0,0,FAIL
1891.485,3,FAIL,0,0,NO_ORIGIN,0,0,1,1,1,1,0,0.0,,,,,0.0,1591,1524,,0,0,FAIL
1891.535,3,FAIL,0,0,NO_ORIGIN,0,0,1,1,1,1,0,0.0,,,,,0.0,1591,1524,,0,0,FAIL
1891.586,3,FAIL,0,0,NO_ORIGIN,0,0,1,1,1,1,0,0.0,,,,,0.0,1591,1524,,0,0,FAIL
1891.636,3,FAIL,0,0,NO_ORIGIN,0,0,1,1,1,1,0,0.0,,,,,0.0,1591,1524,,0,0,FAIL
1891.686,3,FAIL,0,0,NO_ORIGIN,0,0,1,1,1,1,0,0.0,,,,,0.0,1591,1524,,0,0,FAIL
1891.736,3,FAIL,0,0,NO_ORIGIN,0,0,1,1,1,1,0,0.0,,,,,0.0,1591,1524,,0,0,FAIL
1891.786,3,FAIL,0,0,NO_ORIGIN,0,0,1,1,1,1,0,0.0,,,,,0.0,1591,1524,,0,0,FAIL
1891.837,3,FAIL,0,0,NO_ORIGIN,0,0,1,1,1,1,0,0.0,,,,,0.0,1591,1524,,0,0,FAIL
1891.887,3,FAIL,0,0,NO_ORIGIN,0,0,1,1,1,1,0,0.0,,,,,0.0,1591,1524,,0,0,FAIL
1891.938,3,FAIL,0,0,NO_ORIGIN,0,0,1,1,1,1,0,0.0,,,,,0.0,1591,1524,,0,0,FAIL
1891.988,3,FAIL,0,0,NO_ORIGIN,0,0,1,1,1,1,0,0.0,,,,,0.0,1591,1524,,0,0,FAIL
1892.038,3,FAIL,0,0,NO_ORIGIN,0,0,1,1,1,1,0,0.0,,,,,0.0,1591,1524,,0,0,FAIL
1892.088,3,FAIL,0,0,NO_ORIGIN,0,0,1,1,1,1,0,0.0,,,,,0.0,1591,1524,,0,0,FAIL
1892.139,3,FAIL,0,0,NO_ORIGIN,0,0,1,1,1,1,0,0.0,,,,,0.0,1591,1524,,0,0,FAIL
1892.189,3,FAIL,0,0,NO_ORIGIN,0,0,1,1,1,1,0,0.0,,,,,0.0,1591,1524,,0,0,FAIL
1892.239,3,FAIL,0,0,NO_ORIGIN,0,0,1,1,1,1,0,0.0,,,,,0.0,1591,1524,,0,0,FAIL
1892.289,3,FAIL,0,0,NO_ORIGIN,0,0,1,1,1,1,0,0.0,,,,,0.0,1591,1524,,0,0,FAIL
1892.339,3,FAIL,0,0,NO_ORIGIN,0,0,1,1,1,1,0,0.0,,,,,0.0,1591,1524,,0,0,FAIL
1892.389,3,FAIL,0,0,NO_ORIGIN,0,0,1,1,1,1,0,0.0,,,,,0.0,1591,1524,,0,0,FAIL
1892.44,3,FAIL,0,0,NO_ORIGIN,0,0,1,1,1,1,0,0.0,,,,,0.0,1591,1524,,0,0,FAIL
1892.49,3,FAIL,0,0,NO_ORIGIN,0,0,1,1,1,1,0,0.0,,,,,0.0,1591,1524,,0,0,FAIL
1892.54,3,FAIL,0,0,NO_ORIGIN,0,0,1,1,1,1,0,0.0,,,,,0.0,1591,1524,,0,0,FAIL
1892.59,3,FAIL,0,0,NO_ORIGIN,0,0,1,1,1,1,0,0.0,,,,,0.0,1591,1524,,0,0,FAIL
1892.641,3,FAIL,0,0,NO_ORIGIN,0,0,1,1,1,1,0,0.0,,,,,0.0,1591,1524,,0,0,FAIL
1892.691,3,FAIL,0,0,NO_ORIGIN,0,0,1,1,1,1,0,0.0,,,,,0.0,1591,1524,,0,0,FAIL
1892.741,3,FAIL,0,0,NO_ORIGIN,0,0,1,1,1,1,0,0.0,,,,,0.0,1591,1524,,0,0,FAIL
1892.791,3,FAIL,0,0,NO_ORIGIN,0,0,1,1,1,1,0,0.0,,,,,0.0,1591,1524,,0,0,FAIL
1892.842,3,FAIL,0,0,NO_ORIGIN,0,0,1,1,1,1,0,0.0,,,,,0.0,1591,1524,,0,0,FAIL
1892.892,3,FAIL,0,0,NO_ORIGIN,0,0,1,1,1,1,0,0.0,,,,,0.0,1591,1524,,0,0,FAIL
1892.942,3,FAIL,0,0,NO_ORIGIN,0,0,1,1,1,1,0,0.0,,,,,0.0,1591,1524,,0,0,FAIL
1892.992,3,FAIL,0,0,NO_ORIGIN,0,0,1,1,1,1,0,0.0,,,,,0.0,1591,1524,,0,0,FAIL
1893.042,3,FAIL,0,0,NO_ORIGIN,0,0,1,1,1,1,0,0.0,,,,,0.0,1591,1524,,0,0,FAIL
1893.093,3,FAIL,0,0,NO_ORIGIN,0,0,1,1,1,1,0,0.0,,,,,0.0,1591,1524,,0,0,FAIL
1893.143,3,FAIL,0,0,NO_ORIGIN,0,0,1,1,1,1,0,0.0,,,,,0.0,1591,1524,,0,0,FAIL
1893.193,3,FAIL,0,0,NO_ORIGIN,0,0,1,1,1,1,0,0.0,,,,,0.0,1591,1524,,0,0,FAIL
1893.244,3,FAIL,0,0,NO_ORIGIN,0,0,1,1,1,1,0,0.0,,,,,0.0,1591,1524,,0,0,FAIL
1893.294,3,FAIL,0,0,NO_ORIGIN,0,0,1,1,1,1,0,0.0,,,,,0.0,1591,1524,,0,0,FAIL
1893.344,3,FAIL,0,0,NO_ORIGIN,0,0,1,1,1,1,0,0.0,,,,,0.0,1591,1524,,0,0,FAIL
1893.394,3,FAIL,0,0,NO_ORIGIN,0,0,1,1,1,1,0,0.0,,,,,0.0,1591,1524,,0,0,FAIL
1893.445,3,FAIL,0,0,NO_ORIGIN,0,0,1,1,1,1,0,0.0,,,,,0.0,1591,1524,,0,0,FAIL
1893.495,3,FAIL,0,0,NO_ORIGIN,0,0,1,1,1,1,0,0.0,,,,,0.0,1591,1524,,0,0,FAIL
1893.546,3,FAIL,0,0,NO_ORIGIN,0,0,1,1,1,1,0,0.0,,,,,0.0,1591,1524,,0,0,FAIL
1893.596,3,FAIL,0,0,NO_ORIGIN,0,0,1,1,1,1,0,0.0,,,,,0.0,1591,1524,,0,0,FAIL
1893.646,3,FAIL,0,0,NO_ORIGIN,0,0,1,1,1,1,0,0.0,,,,,0.0,1591,1524,,0,0,FAIL
1893.696,3,FAIL,0,0,NO_ORIGIN,0,0,1,1,1,1,0,0.0,,,,,0.0,1591,1524,,0,0,FAIL
1893.747,3,FAIL,0,0,NO_ORIGIN,0,0,1,1,1,1,0,0.0,,,,,0.0,1591,1524,,0,0,FAIL
1893.797,3,FAIL,0,0,NO_ORIGIN,0,0,1,1,1,1,0,0.0,,,,,0.0,1591,1524,,0,0,FAIL
1893.848,3,FAIL,0,0,NO_ORIGIN,0,0,1,1,1,1,0,0.0,,,,,0.0,1591,1524,,0,0,FAIL
1893.898,3,FAIL,0,0,NO_ORIGIN,0,0,1,1,1,1,0,0.0,,,,,0.0,1591,1524,,0,0,FAIL
1893.948,3,FAIL,0,0,NO_ORIGIN,0,0,1,1,1,1,0,0.0,,,,,0.0,1591,1524,,0,0,FAIL
1893.998,3,FAIL,0,0,NO_ORIGIN,0,0,1,1,1,1,0,0.0,,,,,0.0,1591,1524,,0,0,FAIL
1894.048,3,FAIL,0,0,NO_ORIGIN,0,0,1,1,1,1,0,0.0,,,,,0.0,1591,1524,,0,0,FAIL
1894.098,3,FAIL,0,0,NO_ORIGIN,0,0,1,1,1,1,0,0.0,,,,,0.0,1591,1524,,0,0,FAIL
1894.15,3,FAIL,0,0,NO_ORIGIN,0,0,1,1,1,1,0,0.0,,,,,0.0,1591,1524,,0,0,FAIL
1894.201,3,FAIL,0,0,NO_ORIGIN,0,0,1,1,1,1,0,0.0,,,,,0.0,1591,1524,,0,0,FAIL
1894.251,3,FAIL,0,0,NO_ORIGIN,0,0,1,1,1,1,0,0.0,,,,,0.0,1591,1524,,0,0,FAIL
1894.302,3,FAIL,0,0,NO_ORIGIN,0,0,1,1,1,1,0,0.0,,,,,0.0,1591,1524,,0,0,FAIL
1894.353,3,FAIL,0,0,NO_ORIGIN,0,0,1,1,1,1,0,0.0,,,,,0.0,1591,1524,,0,0,FAIL
1894.404,3,FAIL,0,0,NO_ORIGIN,0,0,1,1,1,1,0,0.0,,,,,0.0,1591,1524,,0,0,FAIL
1894.454,3,FAIL,0,0,NO_ORIGIN,0,0,1,1,1,1,0,0.0,,,,,0.0,1591,1524,,0,0,FAIL
1894.505,3,FAIL,0,0,NO_ORIGIN,0,0,1,1,1,1,0,0.0,,,,,0.0,1591,1524,,0,0,FAIL
1894.556,3,FAIL,0,0,NO_ORIGIN,0,0,1,1,1,1,0,0.0,,,,,0.0,1591,1524,,0,0,FAIL
1894.606,3,FAIL,0,0,NO_ORIGIN,0,0,1,1,1,1,0,0.0,,,,,0.0,1591,1524,,0,0,FAIL
1894.657,3,FAIL,0,0,NO_ORIGIN,0,0,1,1,1,1,0,0.0,,,,,0.0,1591,1524,,0,0,FAIL
1894.707,3,FAIL,0,0,NO_ORIGIN,0,0,1,1,1,1,0,0.0,,,,,0.0,1591,1524,,0,0,FAIL
1894.758,3,FAIL,0,0,NO_ORIGIN,0,0,1,1,1,1,0,0.0,,,,,0.0,1591,1524,,0,0,FAIL
1894.808,3,FAIL,0,0,NO_ORIGIN,0,0,1,1,1,1,0,0.0,,,,,0.0,1591,1524,,0,0,FAIL
1894.858,3,FAIL,0,0,NO_ORIGIN,0,0,1,1,1,1,0,0.0,,,,,0.0,1591,1524,,0,0,FAIL
1894.908,3,FAIL,0,0,NO_ORIGIN,0,0,1,1,1,1,0,0.0,,,,,0.0,1591,1524,,0,0,FAIL
1894.959,3,FAIL,0,0,NO_ORIGIN,0,0,1,1,1,1,0,0.0,,,,,0.0,1591,1524,,0,0,FAIL
1895.009,3,FAIL,0,0,NO_ORIGIN,0,0,1,1,1,1,0,0.0,,,,,0.0,1591,1524,,0,0,FAIL
1895.06,3,FAIL,0,0,NO_ORIGIN,0,0,1,1,1,1,0,0.0,,,,,0.0,1591,1524,,0,0,FAIL
1895.11,3,FAIL,0,0,NO_ORIGIN,0,0,1,1,1,1,0,0.0,,,,,0.0,1591,1524,,0,0,FAIL
1895.16,3,FAIL,0,0,NO_ORIGIN,0,0,1,1,1,1,0,0.0,,,,,0.0,1591,1524,,0,0,FAIL
1895.21,3,FAIL,0,0,NO_ORIGIN,0,0,1,1,1,1,0,0.0,,,,,0.0,1591,1524,,0,0,FAIL
1895.262,3,FAIL,0,0,NO_ORIGIN,0,0,1,1,1,1,0,0.0,,,,,0.0,1591,1524,,0,0,FAIL
1895.312,3,FAIL,0,0,NO_ORIGIN,0,0,1,1,1,1,0,0.0,,,,,0.0,1591,1524,,0,0,FAIL
1895.362,3,FAIL,0,0,NO_ORIGIN,0,0,1,1,1,1,0,0.0,,,,,0.0,1591,1524,,0,0,FAIL
1895.412,3,FAIL,0,0,NO_ORIGIN,0,0,1,1,1,1,0,0.0,,,,,0.0,1591,1524,,0,0,FAIL
1895.463,3,FAIL,0,0,NO_ORIGIN,0,0,1,1,1,1,0,0.0,,,,,0.0,1591,1524,,0,0,FAIL
1895.513,3,FAIL,0,0,NO_ORIGIN,0,0,1,1,1,1,0,0.0,,,,,0.0,1591,1524,,0,0,FAIL
1895.563,3,FAIL,0,0,NO_ORIGIN,0,0,1,1,1,1,0,0.0,,,,,0.0,1591,1524,,0,0,FAIL
1895.613,3,FAIL,0,0,NO_ORIGIN,0,0,1,1,1,1,0,0.0,,,,,0.0,1591,1524,,0,0,FAIL
1895.664,3,FAIL,0,0,NO_ORIGIN,0,0,1,1,1,1,0,0.0,,,,,0.0,1591,1524,,0,0,FAIL
1895.714,3,FAIL,0,0,NO_ORIGIN,0,0,1,1,1,1,0,0.0,,,,,0.0,1591,1524,,0,0,FAIL
1895.764,3,FAIL,0,0,NO_ORIGIN,0,0,1,1,1,1,0,0.0,,,,,0.0,1591,1524,,0,0,FAIL
1895.814,3,FAIL,0,0,NO_ORIGIN,0,0,1,1,1,1,0,0.0,,,,,0.0,1591,1524,,0,0,FAIL
1895.865,3,FAIL,0,0,NO_ORIGIN,0,0,1,1,1,1,0,0.0,,,,,0.0,1591,1524,,0,0,FAIL
1895.915,3,FAIL,0,0,NO_ORIGIN,0,0,1,1,1,1,0,0.0,,,,,0.0,1591,1524,,0,0,FAIL
1895.965,3,FAIL,0,0,NO_ORIGIN,0,0,1,1,1,1,0,0.0,,,,,0.0,1591,1524,,0,0,FAIL
1896.016,3,FAIL,0,0,NO_ORIGIN,0,0,1,1,1,1,0,0.0,,,,,0.0,1591,1524,,0,0,FAIL
1896.066,3,FAIL,0,0,NO_ORIGIN,0,0,1,1,1,1,0,0.0,,,,,0.0,1591,1524,,0,0,FAIL
1896.116,3,FAIL,0,0,NO_ORIGIN,0,0,1,1,1,1,0,0.0,,,,,0.0,1591,1524,,0,0,FAIL
1896.166,3,FAIL,0,0,NO_ORIGIN,0,0,1,1,1,1,0,0.0,,,,,0.0,1591,1524,,0,0,FAIL
1896.216,3,FAIL,0,0,NO_ORIGIN,0,0,1,1,1,1,0,0.0,,,,,0.0,1591,1524,,0,0,FAIL
1896.268,3,FAIL,0,0,NO_ORIGIN,0,0,1,1,1,1,0,0.0,,,,,0.0,1591,1524,,0,0,FAIL
1896.318,3,FAIL,0,0,NO_ORIGIN,0,0,1,1,1,1,0,0.0,,,,,0.0,1591,1524,,0,0,FAIL
1896.369,3,FAIL,0,0,NO_ORIGIN,0,0,1,1,1,1,0,0.0,,,,,0.0,1591,1524,,0,0,FAIL
1896.419,3,FAIL,0,0,NO_ORIGIN,0,0,1,1,1,1,0,0.0,,,,,0.0,1591,1524,,0,0,FAIL
1896.469,3,FAIL,0,0,NO_ORIGIN,0,0,1,1,1,1,0,0.0,,,,,0.0,1591,1524,,0,0,FAIL
1896.519,3,FAIL,0,0,NO_ORIGIN,0,0,1,1,1,1,0,0.0,,,,,0.0,1591,1524,,0,0,FAIL
1896.57,3,FAIL,0,0,NO_ORIGIN,0,0,1,1,1,1,0,0.0,,,,,0.0,1591,1524,,0,0,FAIL
1896.62,3,FAIL,0,0,NO_ORIGIN,0,0,1,1,1,1,0,0.0,,,,,0.0,1591,1524,,0,0,FAIL
1896.671,3,FAIL,0,0,NO_ORIGIN,0,0,1,1,1,1,0,0.0,,,,,0.0,1591,1524,,0,0,FAIL
1896.721,3,FAIL,0,0,NO_ORIGIN,0,0,1,1,1,1,0,0.0,,,,,0.0,1591,1524,,0,0,FAIL
1896.771,3,FAIL,0,0,NO_ORIGIN,0,0,1,1,1,1,0,0.0,,,,,0.0,1591,1524,,0,0,FAIL
1896.821,3,FAIL,0,0,NO_ORIGIN,0,0,1,1,1,1,0,0.0,,,,,0.0,1591,1524,,0,0,FAIL
1896.871,3,FAIL,0,0,NO_ORIGIN,0,0,1,1,1,1,0,0.0,,,,,0.0,1591,1524,,0,0,FAIL
1896.922,3,FAIL,0,0,NO_ORIGIN,0,0,1,1,1,1,0,0.0,,,,,0.0,1591,1524,,0,0,FAIL
1896.972,3,FAIL,0,0,NO_ORIGIN,0,0,1,1,1,1,0,0.0,,,,,0.0,1591,1524,,0,0,FAIL
1897.022,3,FAIL,0,0,NO_ORIGIN,0,0,1,1,1,1,0,0.0,,,,,0.0,1591,1524,,0,0,FAIL
1897.072,3,FAIL,0,0,NO_ORIGIN,0,0,1,1,1,1,0,0.0,,,,,0.0,1591,1524,,0,0,FAIL
1897.122,3,FAIL,0,0,NO_ORIGIN,0,0,1,1,1,1,0,0.0,,,,,0.0,1591,1524,,0,0,FAIL
1897.173,3,FAIL,0,0,NO_ORIGIN,0,0,1,1,1,1,0,0.0,,,,,0.0,1591,1524,,0,0,FAIL
1897.223,3,FAIL,0,0,NO_ORIGIN,0,0,1,1,1,1,0,0.0,,,,,0.0,1591,1524,,0,0,FAIL
1897.273,3,FAIL,0,0,NO_ORIGIN,0,0,1,1,1,1,0,0.0,,,,,0.0,1591,1524,,0,0,FAIL
1897.323,3,FAIL,0,0,NO_ORIGIN,0,0,1,1,1,1,0,0.0,,,,,0.0,1591,1524,,0,0,FAIL
1897.374,3,FAIL,0,0,NO_ORIGIN,0,0,1,1,1,1,0,0.0,,,,,0.0,1591,1524,,0,0,FAIL
1897.424,3,FAIL,0,0,NO_ORIGIN,0,0,1,1,1,1,0,0.0,,,,,0.0,1591,1524,,0,0,FAIL
1897.474,3,FAIL,0,0,NO_ORIGIN,0,0,1,1,1,1,0,0.0,,,,,0.0,1591,1524,,0,0,FAIL
1897.524,3,FAIL,0,0,NO_ORIGIN,0,0,1,1,1,1,0,0.0,,,,,0.0,1591,1524,,0,0,FAIL
1897.574,3,FAIL,0,0,NO_ORIGIN,0,0,1,1,1,1,0,0.0,,,,,0.0,1591,1524,,0,0,FAIL
1897.625,3,FAIL,0,0,NO_ORIGIN,0,0,1,1,1,1,0,0.0,,,,,0.0,1591,1524,,0,0,FAIL
1897.675,3,FAIL,0,0,NO_ORIGIN,0,0,1,1,1,1,0,0.0,,,,,0.0,1591,1524,,0,0,FAIL
1897.725,3,FAIL,0,0,NO_ORIGIN,0,0,1,1,1,1,0,0.0,,,,,0.0,1591,1524,,0,0,FAIL
1897.776,3,FAIL,0,0,NO_ORIGIN,0,0,1,1,1,1,0,0.0,,,,,0.0,1591,1524,,0,0,FAIL
1897.826,3,FAIL,0,0,NO_ORIGIN,0,0,1,1,1,1,0,0.0,,,,,0.0,1591,1524,,0,0,FAIL
1897.876,3,FAIL,0,0,NO_ORIGIN,0,0,1,1,1,1,0,0.0,,,,,0.0,1591,1524,,0,0,FAIL
1897.926,3,FAIL,0,0,NO_ORIGIN,0,0,1,1,1,1,0,0.0,,,,,0.0,1591,1524,,0,0,FAIL
1897.976,3,FAIL,0,0,NO_ORIGIN,0,0,1,1,1,1,0,0.0,,,,,0.0,1591,1524,,0,0,FAIL
1898.028,3,FAIL,0,0,NO_ORIGIN,0,0,1,1,1,1,0,0.0,,,,,0.0,1591,1524,,0,0,FAIL
1898.079,3,FAIL,0,0,NO_ORIGIN,0,0,1,1,1,1,0,0.0,,,,,0.0,1591,1524,,0,0,FAIL
1898.13,3,FAIL,0,0,NO_ORIGIN,0,0,1,1,1,1,0,0.0,,,,,0.0,1591,1524,,0,0,FAIL
1898.181,3,FAIL,0,0,NO_ORIGIN,0,0,1,1,1,1,0,0.0,,,,,0.0,1591,1524,,0,0,FAIL
1898.231,3,FAIL,0,0,NO_ORIGIN,0,0,1,1,1,1,0,0.0,,,,,0.0,1591,1524,,0,0,FAIL
1898.281,3,FAIL,0,0,NO_ORIGIN,0,0,1,1,1,1,0,0.0,,,,,0.0,1591,1524,,0,0,FAIL
1898.331,3,FAIL,0,0,NO_ORIGIN,0,0,1,1,1,1,0,0.0,,,,,0.0,1591,1524,,0,0,FAIL
1898.385,3,FAIL,0,0,NO_ORIGIN,0,0,1,1,1,1,0,0.0,,,,,0.0,1591,1524,,0,0,FAIL
1898.435,3,FAIL,0,0,NO_ORIGIN,0,0,1,1,1,1,0,0.0,,,,,0.0,1591,1524,,0,0,FAIL
1898.487,3,FAIL,0,0,NO_ORIGIN,0,0,1,1,1,1,0,0.0,,,,,0.0,1591,1524,,0,0,FAIL
1898.538,3,FAIL,0,0,NO_ORIGIN,0,0,1,1,1,1,0,0.0,,,,,0.0,1591,1524,,0,0,FAIL
1898.59,3,FAIL,0,0,NO_ORIGIN,0,0,1,1,1,1,0,0.0,,,,,0.0,1591,1524,,0,0,FAIL
1898.64,3,FAIL,0,0,NO_ORIGIN,0,0,1,1,1,1,0,0.0,,,,,0.0,1591,1524,,0,0,FAIL
1898.691,3,FAIL,0,0,NO_ORIGIN,0,0,1,1,1,1,0,0.0,,,,,0.0,1591,1524,,0,0,FAIL
1898.741,3,FAIL,0,0,NO_ORIGIN,0,0,1,1,1,1,0,0.0,,,,,0.0,1591,1524,,0,0,FAIL
1898.792,3,FAIL,0,0,NO_ORIGIN,0,0,1,1,1,1,0,0.0,,,,,0.0,1591,1524,,0,0,FAIL
1898.842,3,FAIL,0,0,NO_ORIGIN,0,0,1,1,1,1,0,0.0,,,,,0.0,1591,1524,,0,0,FAIL
1898.893,3,FAIL,0,0,NO_ORIGIN,0,0,1,1,1,1,0,0.0,,,,,0.0,1591,1524,,0,0,FAIL
1898.943,3,FAIL,0,0,NO_ORIGIN,0,0,1,1,1,1,0,0.0,,,,,0.0,1591,1524,,0,0,FAIL
1898.993,3,FAIL,0,0,NO_ORIGIN,0,0,1,1,1,1,0,0.0,,,,,0.0,1591,1524,,0,0,FAIL
1899.043,3,FAIL,0,0,NO_ORIGIN,0,0,1,1,1,1,0,0.0,,,,,0.0,1591,1524,,0,0,FAIL
1899.094,3,FAIL,0,0,NO_ORIGIN,0,0,1,1,1,1,0,0.0,,,,,0.0,1591,1524,,0,0,FAIL
1899.144,3,FAIL,0,0,NO_ORIGIN,0,0,1,1,1,1,0,0.0,,,,,0.0,1591,1524,,0,0,FAIL
1899.194,3,FAIL,0,0,NO_ORIGIN,0,0,1,1,1,1,0,0.0,,,,,0.0,1591,1524,,0,0,FAIL
1899.244,3,FAIL,0,0,NO_ORIGIN,0,0,1,1,1,1,0,0.0,,,,,0.0,1591,1524,,0,0,FAIL
1899.294,3,FAIL,0,0,NO_ORIGIN,0,0,1,1,1,1,0,0.0,,,,,0.0,1591,1524,,0,0,FAIL
1899.344,3,FAIL,0,0,NO_ORIGIN,0,0,1,1,1,1,0,0.0,,,,,0.0,1591,1524,,0,0,FAIL
1899.395,3,FAIL,0,0,NO_ORIGIN,0,0,1,1,1,1,0,0.0,,,,,0.0,1591,1524,,0,0,FAIL
1899.445,3,FAIL,0,0,NO_ORIGIN,0,0,1,1,1,1,0,0.0,,,,,0.0,1591,1524,,0,0,FAIL
1899.496,3,FAIL,0,0,NO_ORIGIN,0,0,1,1,1,1,0,0.0,,,,,0.0,1591,1524,,0,0,FAIL
1899.546,3,FAIL,0,0,NO_ORIGIN,0,0,1,1,1,1,0,0.0,,,,,0.0,1591,1524,,0,0,FAIL
1899.598,3,FAIL,0,0,NO_ORIGIN,0,0,1,1,1,1,0,0.0,,,,,0.0,1591,1524,,0,0,FAIL
1899.648,3,FAIL,0,0,NO_ORIGIN,0,0,1,1,1,1,0,0.0,,,,,0.0,1591,1524,,0,0,FAIL
1899.698,3,FAIL,0,0,NO_ORIGIN,0,0,1,1,1,1,0,0.0,,,,,0.0,1591,1524,,0,0,FAIL
1899.749,3,FAIL,0,0,NO_ORIGIN,0,0,1,1,1,1,0,0.0,,,,,0.0,1591,1524,,0,0,FAIL
1899.8,3,FAIL,0,0,NO_ORIGIN,0,0,1,1,1,1,0,0.0,,,,,0.0,1591,1524,,0,0,FAIL
1899.85,3,FAIL,0,0,NO_ORIGIN,0,0,1,1,1,1,0,0.0,,,,,0.0,1591,1524,,0,0,FAIL
1899.9,3,FAIL,0,0,NO_ORIGIN,0,0,1,1,1,1,0,0.0,,,,,0.0,1591,1524,,0,0,FAIL
1899.95,3,FAIL,0,0,NO_ORIGIN,0,0,1,1,1,1,0,0.0,,,,,0.0,1591,1524,,0,0,FAIL
1900.001,3,FAIL,0,0,NO_ORIGIN,0,0,1,1,1,1,0,0.0,,,,,0.0,1591,1524,,0,0,FAIL
1900.051,3,FAIL,0,0,NO_ORIGIN,0,0,1,1,1,1,0,0.0,,,,,0.0,1591,1524,,0,0,FAIL
1900.101,3,FAIL,0,0,NO_ORIGIN,0,0,1,1,1,1,0,0.0,,,,,0.0,1591,1524,,0,0,FAIL
1900.151,3,FAIL,0,0,NO_ORIGIN,0,0,1,1,1,1,0,0.0,,,,,0.0,1591,1524,,0,0,FAIL
1900.202,3,FAIL,0,0,NO_ORIGIN,0,0,1,1,1,1,0,0.0,,,,,0.0,1591,1524,,0,0,FAIL
1900.252,3,FAIL,0,0,NO_ORIGIN,0,0,1,1,1,1,0,0.0,,,,,0.0,1591,1524,,0,0,FAIL
1900.302,3,FAIL,0,0,NO_ORIGIN,0,0,1,1,1,1,0,0.0,,,,,0.0,1591,1524,,0,0,FAIL
1900.352,3,FAIL,0,0,NO_ORIGIN,0,0,1,1,1,1,0,0.0,,,,,0.0,1591,1524,,0,0,FAIL
1900.403,3,FAIL,0,0,NO_ORIGIN,0,0,1,1,1,1,0,0.0,,,,,0.0,1591,1524,,0,0,FAIL
1900.453,3,FAIL,0,0,NO_ORIGIN,0,0,1,1,1,1,0,0.0,,,,,0.0,1591,1524,,0,0,FAIL
1900.503,3,FAIL,0,0,NO_ORIGIN,0,0,1,1,1,1,0,0.0,,,,,0.0,1591,1524,,0,0,FAIL
1900.553,3,FAIL,0,0,NO_ORIGIN,0,0,1,1,1,1,0,0.0,,,,,0.0,1591,1524,,0,0,FAIL
1900.604,3,FAIL,0,0,NO_ORIGIN,0,0,1,1,1,1,0,0.0,,,,,0.0,1591,1524,,0,0,FAIL
1900.654,3,FAIL,0,0,NO_ORIGIN,0,0,1,1,1,1,0,0.0,,,,,0.0,1591,1524,,0,0,FAIL
1900.705,3,FAIL,0,0,NO_ORIGIN,0,0,1,1,1,1,0,0.0,,,,,0.0,1591,1524,,0,0,FAIL
1900.755,3,FAIL,0,0,NO_ORIGIN,0,0,1,1,1,1,0,0.0,,,,,0.0,1591,1524,,0,0,FAIL
1900.805,3,FAIL,0,0,NO_ORIGIN,0,0,1,1,1,1,0,0.0,,,,,0.0,1591,1524,,0,0,FAIL
1900.855,3,FAIL,0,0,NO_ORIGIN,0,0,1,1,1,1,0,0.0,,,,,0.0,1591,1524,,0,0,FAIL
1900.906,3,FAIL,0,0,NO_ORIGIN,0,0,1,1,1,1,0,0.0,,,,,0.0,1591,1524,,0,0,FAIL
1900.956,3,FAIL,0,0,NO_ORIGIN,0,0,1,1,1,1,0,0.0,,,,,0.0,1591,1524,,0,0,FAIL
1901.007,3,FAIL,0,0,NO_ORIGIN,0,0,1,1,1,1,0,0.0,,,,,0.0,1591,1524,,0,0,FAIL
1901.057,3,FAIL,0,0,NO_ORIGIN,0,0,1,1,1,1,0,0.0,,,,,0.0,1591,1524,,0,0,FAIL
1901.107,3,FAIL,0,0,NO_ORIGIN,0,0,1,1,1,1,0,0.0,,,,,0.0,1591,1524,,0,0,FAIL
1901.157,3,FAIL,0,0,NO_ORIGIN,0,0,1,1,1,1,0,0.0,,,,,0.0,1591,1524,,0,0,FAIL
1901.208,3,FAIL,0,0,NO_ORIGIN,0,0,1,1,1,1,0,0.0,,,,,0.0,1591,1524,,0,0,FAIL
1901.258,3,FAIL,0,0,NO_ORIGIN,0,0,1,1,1,1,0,0.0,,,,,0.0,1591,1524,,0,0,FAIL
1901.308,3,FAIL,0,0,NO_ORIGIN,0,0,1,1,1,1,0,0.0,,,,,0.0,1591,1524,,0,0,FAIL
1901.358,3,FAIL,0,0,NO_ORIGIN,0,0,1,1,1,1,0,0.0,,,,,0.0,1591,1524,,0,0,FAIL
1901.408,3,FAIL,0,0,NO_ORIGIN,0,0,1,1,1,1,0,0.0,,,,,0.0,1591,1524,,0,0,FAIL
1901.459,3,FAIL,0,0,NO_ORIGIN,0,0,1,1,1,1,0,0.0,,,,,0.0,1591,1524,,0,0,FAIL
1901.509,3,FAIL,0,0,NO_ORIGIN,0,0,1,1,1,1,0,0.0,,,,,0.0,1591,1524,,0,0,FAIL
1901.559,3,FAIL,0,0,NO_ORIGIN,0,0,1,1,1,1,0,0.0,,,,,0.0,1591,1524,,0,0,FAIL
1901.609,3,FAIL,0,0,NO_ORIGIN,0,0,1,1,1,1,0,0.0,,,,,0.0,1591,1524,,0,0,FAIL
1901.66,3,FAIL,0,0,NO_ORIGIN,0,0,1,1,1,1,0,0.0,,,,,0.0,1591,1524,,0,0,FAIL
1901.71,3,FAIL,0,0,NO_ORIGIN,0,0,1,1,1,1,0,0.0,,,,,0.0,1591,1524,,0,0,FAIL
1901.761,3,FAIL,0,0,NO_ORIGIN,0,0,1,1,1,1,0,0.0,,,,,0.0,1591,1524,,0,0,FAIL
1901.814,3,FAIL,0,0,NO_ORIGIN,0,0,1,1,1,1,0,0.0,,,,,0.0,1591,1524,,0,0,FAIL
1901.864,3,FAIL,0,0,NO_ORIGIN,0,0,1,1,1,1,0,0.0,,,,,0.0,1591,1524,,0,0,FAIL
1901.914,3,FAIL,0,0,NO_ORIGIN,0,0,1,1,1,1,0,0.0,,,,,0.0,1591,1524,,0,0,FAIL
1901.965,3,FAIL,0,0,NO_ORIGIN,0,0,1,1,1,1,0,0.0,,,,,0.0,1591,1524,,0,0,FAIL
1902.015,3,FAIL,0,0,NO_ORIGIN,0,0,1,1,1,1,0,0.0,,,,,0.0,1591,1524,,0,0,FAIL
1902.065,3,FAIL,0,0,NO_ORIGIN,0,0,1,1,1,1,0,0.0,,,,,0.0,1591,1524,,0,0,FAIL
1902.115,3,FAIL,0,0,NO_ORIGIN,0,0,1,1,1,1,0,0.0,,,,,0.0,1591,1524,,0,0,FAIL
1902.165,3,FAIL,0,0,NO_ORIGIN,0,0,1,1,1,1,0,0.0,,,,,0.0,1591,1524,,0,0,FAIL
1902.215,3,FAIL,0,0,NO_ORIGIN,0,0,1,1,1,1,0,0.0,,,,,0.0,1591,1524,,0,0,FAIL
1902.266,3,FAIL,0,0,NO_ORIGIN,0,0,1,1,1,1,0,0.0,,,,,0.0,1591,1524,,0,0,FAIL
1902.316,3,FAIL,0,0,NO_ORIGIN,0,0,1,1,1,1,0,0.0,,,,,0.0,1591,1524,,0,0,FAIL
1902.366,3,FAIL,0,0,NO_ORIGIN,0,0,1,1,1,1,0,0.0,,,,,0.0,1591,1524,,0,0,FAIL
1902.416,3,FAIL,0,0,NO_ORIGIN,0,0,1,1,1,1,0,0.0,,,,,0.0,1591,1524,,0,0,FAIL
1902.466,3,FAIL,0,0,NO_ORIGIN,0,0,1,1,1,1,0,0.0,,,,,0.0,1591,1524,,0,0,FAIL
1902.517,3,FAIL,0,0,NO_ORIGIN,0,0,1,1,1,1,0,0.0,,,,,0.0,1591,1524,,0,0,FAIL
1902.567,3,FAIL,0,0,NO_ORIGIN,0,0,1,1,1,1,0,0.0,,,,,0.0,1591,1524,,0,0,FAIL
1902.618,3,FAIL,0,0,NO_ORIGIN,0,0,1,1,1,1,0,0.0,,,,,0.0,1591,1524,,0,0,FAIL
1902.668,3,FAIL,0,0,NO_ORIGIN,0,0,1,1,1,1,0,0.0,,,,,0.0,1591,1524,,0,0,FAIL
1902.718,3,FAIL,0,0,NO_ORIGIN,0,0,1,1,1,1,0,0.0,,,,,0.0,1591,1524,,0,0,FAIL
1902.769,3,FAIL,0,0,NO_ORIGIN,0,0,1,1,1,1,0,0.0,,,,,0.0,1591,1524,,0,0,FAIL
1902.819,3,FAIL,0,0,NO_ORIGIN,0,0,1,1,1,1,0,0.0,,,,,0.0,1591,1524,,0,0,FAIL
1902.871,3,FAIL,0,0,NO_ORIGIN,0,0,1,1,1,1,0,0.0,,,,,0.0,1591,1524,,0,0,FAIL
1902.921,3,FAIL,0,0,NO_ORIGIN,0,0,1,1,1,1,0,0.0,,,,,0.0,1591,1524,,0,0,FAIL
1902.974,3,FAIL,0,0,NO_ORIGIN,0,0,1,1,1,1,0,0.0,,,,,0.0,1591,1524,,0,0,FAIL
1903.025,3,FAIL,0,0,NO_ORIGIN,0,0,1,1,1,1,0,0.0,,,,,0.0,1591,1524,,0,0,FAIL
1903.076,3,FAIL,0,0,NO_ORIGIN,0,0,1,1,1,1,0,0.0,,,,,0.0,1591,1524,,0,0,FAIL
1903.126,3,FAIL,0,0,NO_ORIGIN,0,0,1,1,1,1,0,0.0,,,,,0.0,1591,1524,,0,0,FAIL
1903.176,3,FAIL,0,0,NO_ORIGIN,0,0,1,1,1,1,0,0.0,,,,,0.0,1591,1524,,0,0,FAIL
1903.226,3,FAIL,0,0,NO_ORIGIN,0,0,1,1,1,1,0,0.0,,,,,0.0,1591,1524,,0,0,FAIL
1903.277,3,FAIL,0,0,NO_ORIGIN,0,0,1,1,1,1,0,0.0,,,,,0.0,1591,1524,,0,0,FAIL
1903.327,3,FAIL,0,0,NO_ORIGIN,0,0,1,1,1,1,0,0.0,,,,,0.0,1591,1524,,0,0,FAIL
1903.377,3,FAIL,0,0,NO_ORIGIN,0,0,1,1,1,1,0,0.0,,,,,0.0,1591,1524,,0,0,FAIL
1903.427,3,FAIL,0,0,NO_ORIGIN,0,0,1,1,1,1,0,0.0,,,,,0.0,1591,1524,,0,0,FAIL
1903.477,3,FAIL,0,0,NO_ORIGIN,0,0,1,1,1,1,0,0.0,,,,,0.0,1591,1524,,0,0,FAIL
1903.527,3,FAIL,0,0,NO_ORIGIN,0,0,1,1,1,1,0,0.0,,,,,0.0,1591,1524,,0,0,FAIL
1903.578,3,FAIL,0,0,NO_ORIGIN,0,0,1,1,1,1,0,0.0,,,,,0.0,1591,1524,,0,0,FAIL
1903.628,3,FAIL,0,0,NO_ORIGIN,0,0,1,1,1,1,0,0.0,,,,,0.0,1591,1524,,0,0,FAIL
1903.679,3,FAIL,0,0,NO_ORIGIN,0,0,1,1,1,1,0,0.0,,,,,0.0,1591,1524,,0,0,FAIL
1903.729,3,FAIL,0,0,NO_ORIGIN,0,0,1,1,1,1,0,0.0,,,,,0.0,1591,1524,,0,0,FAIL
1903.779,3,FAIL,0,0,NO_ORIGIN,0,0,1,1,1,1,0,0.0,,,,,0.0,1591,1524,,0,0,FAIL
1903.829,3,FAIL,0,0,NO_ORIGIN,0,0,1,1,1,1,0,0.0,,,,,0.0,1591,1524,,0,0,FAIL
1903.879,3,FAIL,0,0,NO_ORIGIN,0,0,1,1,1,1,0,0.0,,,,,0.0,1591,1524,,0,0,FAIL
1903.93,3,FAIL,0,0,NO_ORIGIN,0,0,1,1,1,1,0,0.0,,,,,0.0,1591,1524,,0,0,FAIL
1903.98,3,FAIL,0,0,NO_ORIGIN,0,0,1,1,1,1,0,0.0,,,,,0.0,1591,1524,,0,0,FAIL
1904.03,3,FAIL,0,0,NO_ORIGIN,0,0,1,1,1,1,0,0.0,,,,,0.0,1591,1524,,0,0,FAIL
1904.08,3,FAIL,0,0,NO_ORIGIN,0,0,1,1,1,1,0,0.0,,,,,0.0,1591,1524,,0,0,FAIL
1904.13,3,FAIL,0,0,NO_ORIGIN,0,0,1,1,1,1,0,0.0,,,,,0.0,1591,1524,,0,0,FAIL
1904.18,3,FAIL,0,0,NO_ORIGIN,0,0,1,1,1,1,0,0.0,,,,,0.0,1591,1524,,0,0,FAIL
1904.231,3,FAIL,0,0,NO_ORIGIN,0,0,1,1,1,1,0,0.0,,,,,0.0,1591,1524,,0,0,FAIL
1904.281,3,FAIL,0,0,NO_ORIGIN,0,0,1,1,1,1,0,0.0,,,,,0.0,1591,1524,,0,0,FAIL
1904.331,3,FAIL,0,0,NO_ORIGIN,0,0,1,1,1,1,0,0.0,,,,,0.0,1591,1524,,0,0,FAIL
1904.381,3,FAIL,0,0,NO_ORIGIN,0,0,1,1,1,1,0,0.0,,,,,0.0,1591,1524,,0,0,FAIL
1904.432,3,FAIL,0,0,NO_ORIGIN,0,0,1,1,1,1,0,0.0,,,,,0.0,1591,1524,,0,0,FAIL
1904.482,3,FAIL,0,0,NO_ORIGIN,0,0,1,1,1,1,0,0.0,,,,,0.0,1591,1524,,0,0,FAIL
1904.532,3,FAIL,0,0,NO_ORIGIN,0,0,1,1,1,1,0,0.0,,,,,0.0,1591,1524,,0,0,FAIL
1904.582,3,FAIL,0,0,NO_ORIGIN,0,0,1,1,1,1,0,0.0,,,,,0.0,1591,1524,,0,0,FAIL
1904.632,3,FAIL,0,0,NO_ORIGIN,0,0,1,1,1,1,0,0.0,,,,,0.0,1591,1524,,0,0,FAIL
1904.683,3,FAIL,0,0,NO_ORIGIN,0,0,1,1,1,1,0,0.0,,,,,0.0,1591,1524,,0,0,FAIL
1904.733,3,FAIL,0,0,NO_ORIGIN,0,0,1,1,1,1,0,0.0,,,,,0.0,1591,1524,,0,0,FAIL
1904.783,3,FAIL,0,0,NO_ORIGIN,0,0,1,1,1,1,0,0.0,,,,,0.0,1591,1524,,0,0,FAIL
1904.834,3,FAIL,0,0,NO_ORIGIN,0,0,1,1,1,1,0,0.0,,,,,0.0,1591,1524,,0,0,FAIL
1904.885,3,FAIL,0,0,NO_ORIGIN,0,0,1,1,1,1,0,0.0,,,,,0.0,1591,1524,,0,0,FAIL
1904.935,3,FAIL,0,0,NO_ORIGIN,0,0,1,1,1,1,0,0.0,,,,,0.0,1591,1524,,0,0,FAIL
1904.985,3,FAIL,0,0,NO_ORIGIN,0,0,1,1,1,1,0,0.0,,,,,0.0,1591,1524,,0,0,FAIL
1905.036,3,FAIL,0,0,NO_ORIGIN,0,0,1,1,1,1,0,0.0,,,,,0.0,1591,1524,,0,0,FAIL
1905.086,3,FAIL,0,0,NO_ORIGIN,0,0,1,1,1,1,0,0.0,,,,,0.0,1591,1524,,0,0,FAIL
1905.137,3,FAIL,0,0,NO_ORIGIN,0,0,1,1,1,1,0,0.0,,,,,0.0,1591,1524,,0,0,FAIL
1905.187,3,FAIL,0,0,NO_ORIGIN,0,0,1,1,1,1,0,0.0,,,,,0.0,1591,1524,,0,0,FAIL
1905.238,3,FAIL,0,0,NO_ORIGIN,0,0,1,1,1,1,0,0.0,,,,,0.0,1591,1524,,0,0,FAIL
1905.288,3,FAIL,0,0,NO_ORIGIN,0,0,1,1,1,1,0,0.0,,,,,0.0,1591,1524,,0,0,FAIL
1905.339,3,FAIL,0,0,NO_ORIGIN,0,0,1,1,1,1,0,0.0,,,,,0.0,1591,1524,,0,0,FAIL
1905.389,3,FAIL,0,0,NO_ORIGIN,0,0,1,1,1,1,0,0.0,,,,,0.0,1591,1524,,0,0,FAIL
1905.439,3,FAIL,0,0,NO_ORIGIN,0,0,1,1,1,1,0,0.0,,,,,0.0,1591,1524,,0,0,FAIL
1905.489,3,FAIL,0,0,NO_ORIGIN,0,0,1,1,1,1,0,0.0,,,,,0.0,1591,1524,,0,0,FAIL
1905.54,3,FAIL,0,0,NO_ORIGIN,0,0,1,1,1,1,0,0.0,,,,,0.0,1591,1524,,0,0,FAIL
1905.59,3,FAIL,0,0,NO_ORIGIN,0,0,1,1,1,1,0,0.0,,,,,0.0,1591,1524,,0,0,FAIL
1905.64,3,FAIL,0,0,NO_ORIGIN,0,0,1,1,1,1,0,0.0,,,,,0.0,1591,1524,,0,0,FAIL
1905.691,3,FAIL,0,0,NO_ORIGIN,0,0,1,1,1,1,0,0.0,,,,,0.0,1591,1524,,0,0,FAIL
1905.741,3,FAIL,0,0,NO_ORIGIN,0,0,1,1,1,1,0,0.0,,,,,0.0,1591,1524,,0,0,FAIL
1905.792,3,FAIL,0,0,NO_ORIGIN,0,0,1,1,1,1,0,0.0,,,,,0.0,1591,1524,,0,0,FAIL
1905.842,3,FAIL,0,0,NO_ORIGIN,0,0,1,1,1,1,0,0.0,,,,,0.0,1591,1524,,0,0,FAIL
1905.893,3,FAIL,0,0,NO_ORIGIN,0,0,1,1,1,1,0,0.0,,,,,0.0,1591,1524,,0,0,FAIL
1905.943,3,FAIL,0,0,NO_ORIGIN,0,0,1,1,1,1,0,0.0,,,,,0.0,1591,1524,,0,0,FAIL
1905.994,3,FAIL,0,0,NO_ORIGIN,0,0,1,1,1,1,0,0.0,,,,,0.0,1591,1524,,0,0,FAIL
1906.044,3,FAIL,0,0,NO_ORIGIN,0,0,1,1,1,1,0,0.0,,,,,0.0,1591,1524,,0,0,FAIL
1906.094,3,FAIL,0,0,NO_ORIGIN,0,0,1,1,1,1,0,0.0,,,,,0.0,1591,1524,,0,0,FAIL
1906.144,3,FAIL,0,0,NO_ORIGIN,0,0,1,1,1,1,0,0.0,,,,,0.0,1591,1524,,0,0,FAIL
1906.195,3,FAIL,0,0,NO_ORIGIN,0,0,1,1,1,1,0,0.0,,,,,0.0,1591,1524,,0,0,FAIL
1906.246,3,FAIL,0,0,NO_ORIGIN,0,0,1,1,1,1,0,0.0,,,,,0.0,1591,1524,,0,0,FAIL
1906.296,3,FAIL,0,0,NO_ORIGIN,0,0,1,1,1,1,0,0.0,,,,,0.0,1591,1524,,0,0,FAIL
1906.346,3,FAIL,0,0,NO_ORIGIN,0,0,1,1,1,1,0,0.0,,,,,0.0,1591,1524,,0,0,FAIL
1906.397,3,FAIL,0,0,NO_ORIGIN,0,0,1,1,1,1,0,0.0,,,,,0.0,1591,1524,,0,0,FAIL
1906.447,3,FAIL,0,0,NO_ORIGIN,0,0,1,1,1,1,0,0.0,,,,,0.0,1591,1524,,0,0,FAIL
1906.497,3,FAIL,0,0,NO_ORIGIN,0,0,1,1,1,1,0,0.0,,,,,0.0,1591,1524,,0,0,FAIL
1906.547,3,FAIL,0,0,NO_ORIGIN,0,0,1,1,1,1,0,0.0,,,,,0.0,1591,1524,,0,0,FAIL
1906.598,3,FAIL,0,0,NO_ORIGIN,0,0,1,1,1,1,0,0.0,,,,,0.0,1591,1524,,0,0,FAIL
1906.649,3,FAIL,0,0,NO_ORIGIN,0,0,1,1,1,1,0,0.0,,,,,0.0,1591,1524,,0,0,FAIL
1906.699,3,FAIL,0,0,NO_ORIGIN,0,0,1,1,1,1,0,0.0,,,,,0.0,1591,1524,,0,0,FAIL
1906.749,3,FAIL,0,0,NO_ORIGIN,0,0,1,1,1,1,0,0.0,,,,,0.0,1591,1524,,0,0,FAIL
1906.799,3,FAIL,0,0,NO_ORIGIN,0,0,1,1,1,1,0,0.0,,,,,0.0,1591,1524,,0,0,FAIL
1906.85,3,FAIL,0,0,NO_ORIGIN,0,0,1,1,1,1,0,0.0,,,,,0.0,1591,1524,,0,0,FAIL
1906.901,3,FAIL,0,0,NO_ORIGIN,0,0,1,1,1,1,0,0.0,,,,,0.0,1591,1524,,0,0,FAIL
1906.951,3,FAIL,0,0,NO_ORIGIN,0,0,1,1,1,1,0,0.0,,,,,0.0,1591,1524,,0,0,FAIL
1907.003,3,FAIL,0,0,NO_ORIGIN,0,0,1,1,1,1,0,0.0,,,,,0.0,1591,1524,,0,0,FAIL
1907.053,3,FAIL,0,0,NO_ORIGIN,0,0,1,1,1,1,0,0.0,,,,,0.0,1591,1524,,0,0,FAIL
1907.104,3,FAIL,0,0,NO_ORIGIN,0,0,1,1,1,1,0,0.0,,,,,0.0,1591,1524,,0,0,FAIL
1907.157,3,FAIL,0,0,NO_ORIGIN,0,0,1,1,1,1,0,0.0,,,,,0.0,1591,1524,,0,0,FAIL
1907.207,3,FAIL,0,0,NO_ORIGIN,0,0,1,1,1,1,0,0.0,,,,,0.0,1591,1524,,0,0,FAIL
1907.257,3,FAIL,0,0,NO_ORIGIN,0,0,1,1,1,1,0,0.0,,,,,0.0,1591,1524,,0,0,FAIL
1907.307,3,FAIL,0,0,NO_ORIGIN,0,0,1,1,1,1,0,0.0,,,,,0.0,1591,1524,,0,0,FAIL
1907.358,3,FAIL,0,0,NO_ORIGIN,0,0,1,1,1,1,0,0.0,,,,,0.0,1591,1524,,0,0,FAIL
1907.409,3,FAIL,0,0,NO_ORIGIN,0,0,1,1,1,1,0,0.0,,,,,0.0,1591,1524,,0,0,FAIL
1907.46,3,FAIL,0,0,NO_ORIGIN,0,0,1,1,1,1,0,0.0,,,,,0.0,1591,1524,,0,0,FAIL
1907.51,3,FAIL,0,0,NO_ORIGIN,0,0,1,1,1,1,0,0.0,,,,,0.0,1591,1524,,0,0,FAIL
1907.561,3,FAIL,0,0,NO_ORIGIN,0,0,1,1,1,1,0,0.0,,,,,0.0,1591,1524,,0,0,FAIL
1907.611,3,FAIL,0,0,NO_ORIGIN,0,0,1,1,1,1,0,0.0,,,,,0.0,1591,1524,,0,0,FAIL
1907.661,3,FAIL,0,0,NO_ORIGIN,0,0,1,1,1,1,0,0.0,,,,,0.0,1591,1524,,0,0,FAIL
1907.712,3,FAIL,0,0,NO_ORIGIN,0,0,1,1,1,1,0,0.0,,,,,0.0,1591,1524,,0,0,FAIL
1907.764,3,FAIL,0,0,NO_ORIGIN,0,0,1,1,1,1,0,0.0,,,,,0.0,1591,1524,,0,0,FAIL
1907.815,3,FAIL,0,0,NO_ORIGIN,0,0,1,1,1,1,0,0.0,,,,,0.0,1591,1524,,0,0,FAIL
1907.865,3,FAIL,0,0,NO_ORIGIN,0,0,1,1,1,1,0,0.0,,,,,0.0,1591,1524,,0,0,FAIL
1907.915,3,FAIL,0,0,NO_ORIGIN,0,0,1,1,1,1,0,0.0,,,,,0.0,1591,1524,,0,0,FAIL
1907.965,3,FAIL,0,0,NO_ORIGIN,0,0,1,1,1,1,0,0.0,,,,,0.0,1591,1524,,0,0,FAIL
1908.015,3,FAIL,0,0,NO_ORIGIN,0,0,1,1,1,1,0,0.0,,,,,0.0,1591,1524,,0,0,FAIL
1908.066,3,FAIL,0,0,NO_ORIGIN,0,0,1,1,1,1,0,0.0,,,,,0.0,1591,1524,,0,0,FAIL
1908.116,3,FAIL,0,0,NO_ORIGIN,0,0,1,1,1,1,0,0.0,,,,,0.0,1591,1524,,0,0,FAIL
1908.166,3,FAIL,0,0,NO_ORIGIN,0,0,1,1,1,1,0,0.0,,,,,0.0,1591,1524,,0,0,FAIL
1908.216,3,FAIL,0,0,NO_ORIGIN,0,0,1,1,1,1,0,0.0,,,,,0.0,1591,1524,,0,0,FAIL
1908.266,3,FAIL,0,0,NO_ORIGIN,0,0,1,1,1,1,0,0.0,,,,,0.0,1591,1524,,0,0,FAIL
1908.317,3,FAIL,0,0,NO_ORIGIN,0,0,1,1,1,1,0,0.0,,,,,0.0,1591,1524,,0,0,FAIL
1908.368,3,FAIL,0,0,NO_ORIGIN,0,0,1,1,1,1,0,0.0,,,,,0.0,1591,1524,,0,0,FAIL
1908.418,3,FAIL,0,0,NO_ORIGIN,0,0,1,1,1,1,0,0.0,,,,,0.0,1591,1524,,0,0,FAIL
1908.469,3,FAIL,0,0,NO_ORIGIN,0,0,1,1,1,1,0,0.0,,,,,0.0,1591,1524,,0,0,FAIL
1908.52,3,FAIL,0,0,NO_ORIGIN,0,0,1,1,1,1,0,0.0,,,,,0.0,1591,1524,,0,0,FAIL
1908.57,3,FAIL,0,0,NO_ORIGIN,0,0,1,1,1,1,0,0.0,,,,,0.0,1591,1524,,0,0,FAIL
1908.62,3,FAIL,0,0,NO_ORIGIN,0,0,1,1,1,1,0,0.0,,,,,0.0,1591,1524,,0,0,FAIL
1908.671,3,FAIL,0,0,NO_ORIGIN,0,0,1,1,1,1,0,0.0,,,,,0.0,1591,1524,,0,0,FAIL
1908.721,3,FAIL,0,0,NO_ORIGIN,0,0,1,1,1,1,0,0.0,,,,,0.0,1591,1524,,0,0,FAIL
1908.771,3,FAIL,0,0,NO_ORIGIN,0,0,1,1,1,1,0,0.0,,,,,0.0,1591,1524,,0,0,FAIL
1908.821,3,FAIL,0,0,NO_ORIGIN,0,0,1,1,1,1,0,0.0,,,,,0.0,1591,1524,,0,0,FAIL
1908.871,3,FAIL,0,0,NO_ORIGIN,0,0,1,1,1,1,0,0.0,,,,,0.0,1591,1524,,0,0,FAIL
1908.922,3,FAIL,0,0,NO_ORIGIN,0,0,1,1,1,1,0,0.0,,,,,0.0,1591,1524,,0,0,FAIL
1908.972,3,FAIL,0,0,NO_ORIGIN,0,0,1,1,1,1,0,0.0,,,,,0.0,1591,1524,,0,0,FAIL
1909.022,3,FAIL,0,0,NO_ORIGIN,0,0,1,1,1,1,0,0.0,,,,,0.0,1591,1524,,0,0,FAIL
1909.073,3,FAIL,0,0,NO_ORIGIN,0,0,1,1,1,1,0,0.0,,,,,0.0,1591,1524,,0,0,FAIL
1909.123,3,FAIL,0,0,NO_ORIGIN,0,0,1,1,1,1,0,0.0,,,,,0.0,1591,1524,,0,0,FAIL
1909.176,3,FAIL,0,0,NO_ORIGIN,0,0,1,1,1,1,0,0.0,,,,,0.0,1591,1524,,0,0,FAIL
1909.226,3,FAIL,0,0,NO_ORIGIN,0,0,1,1,1,1,0,0.0,,,,,0.0,1591,1524,,0,0,FAIL
1909.276,3,FAIL,0,0,NO_ORIGIN,0,0,1,1,1,1,0,0.0,,,,,0.0,1591,1524,,0,0,FAIL
1909.326,3,FAIL,0,0,NO_ORIGIN,0,0,1,1,1,1,0,0.0,,,,,0.0,1591,1524,,0,0,FAIL
1909.377,3,FAIL,0,0,NO_ORIGIN,0,0,1,1,1,1,0,0.0,,,,,0.0,1591,1524,,0,0,FAIL
1909.427,3,FAIL,0,0,NO_ORIGIN,0,0,1,1,1,1,0,0.0,,,,,0.0,1591,1524,,0,0,FAIL
1909.477,3,FAIL,0,0,NO_ORIGIN,0,0,1,1,1,1,0,0.0,,,,,0.0,1591,1524,,0,0,FAIL
1909.527,3,FAIL,0,0,NO_ORIGIN,0,0,1,1,1,1,0,0.0,,,,,0.0,1591,1524,,0,0,FAIL
1909.577,3,FAIL,0,0,NO_ORIGIN,0,0,1,1,1,1,0,0.0,,,,,0.0,1591,1524,,0,0,FAIL
1909.629,3,FAIL,0,0,NO_ORIGIN,0,0,1,1,1,1,0,0.0,,,,,0.0,1591,1524,,0,0,FAIL
1909.679,3,FAIL,0,0,NO_ORIGIN,0,0,1,1,1,1,0,0.0,,,,,0.0,1591,1524,,0,0,FAIL
1909.729,3,FAIL,0,0,NO_ORIGIN,0,0,1,1,1,1,0,0.0,,,,,0.0,1591,1524,,0,0,FAIL
1909.779,3,FAIL,0,0,NO_ORIGIN,0,0,1,1,1,1,0,0.0,,,,,0.0,1591,1524,,0,0,FAIL
1909.829,3,FAIL,0,0,NO_ORIGIN,0,0,1,1,1,1,0,0.0,,,,,0.0,1591,1524,,0,0,FAIL
1909.88,3,FAIL,0,0,NO_ORIGIN,0,0,1,1,1,1,0,0.0,,,,,0.0,1591,1524,,0,0,FAIL
1909.93,3,FAIL,0,0,NO_ORIGIN,0,0,1,1,1,1,0,0.0,,,,,0.0,1591,1524,,0,0,FAIL
1909.98,3,FAIL,0,0,NO_ORIGIN,0,0,1,1,1,1,0,0.0,,,,,0.0,1591,1524,,0,0,FAIL
1910.03,3,FAIL,0,0,NO_ORIGIN,0,0,1,1,1,1,0,0.0,,,,,0.0,1591,1524,,0,0,FAIL
1910.081,3,FAIL,0,0,NO_ORIGIN,0,0,1,1,1,1,0,0.0,,,,,0.0,1591,1524,,0,0,FAIL
1910.131,3,FAIL,0,0,NO_ORIGIN,0,0,1,1,1,1,0,0.0,,,,,0.0,1591,1524,,0,0,FAIL
1910.182,3,FAIL,0,0,NO_ORIGIN,0,0,1,1,1,1,0,0.0,,,,,0.0,1591,1524,,0,0,FAIL
1910.232,3,FAIL,0,0,NO_ORIGIN,0,0,1,1,1,1,0,0.0,,,,,0.0,1591,1524,,0,0,FAIL
1910.282,3,FAIL,0,0,NO_ORIGIN,0,0,1,1,1,1,0,0.0,,,,,0.0,1591,1524,,0,0,FAIL
1910.332,3,FAIL,0,0,NO_ORIGIN,0,0,1,1,1,1,0,0.0,,,,,0.0,1591,1524,,0,0,FAIL
1910.383,3,FAIL,0,0,NO_ORIGIN,0,0,1,1,1,1,0,0.0,,,,,0.0,1591,1524,,0,0,FAIL
1910.433,3,FAIL,0,0,NO_ORIGIN,0,0,1,1,1,1,0,0.0,,,,,0.0,1591,1524,,0,0,FAIL
1910.483,3,FAIL,0,0,NO_ORIGIN,0,0,1,1,1,1,0,0.0,,,,,0.0,1591,1524,,0,0,FAIL
1910.533,3,FAIL,0,0,NO_ORIGIN,0,0,1,1,1,1,0,0.0,,,,,0.0,1591,1524,,0,0,FAIL
1910.584,3,FAIL,0,0,NO_ORIGIN,0,0,1,1,1,1,0,0.0,,,,,0.0,1591,1524,,0,0,FAIL
1910.634,3,FAIL,0,0,NO_ORIGIN,0,0,1,1,1,1,0,0.0,,,,,0.0,1591,1524,,0,0,FAIL
1910.684,3,FAIL,0,0,NO_ORIGIN,0,0,1,1,1,1,0,0.0,,,,,0.0,1591,1524,,0,0,FAIL
1910.734,3,FAIL,0,0,NO_ORIGIN,0,0,1,1,1,1,0,0.0,,,,,0.0,1591,1524,,0,0,FAIL
1910.785,3,FAIL,0,0,NO_ORIGIN,0,0,1,1,1,1,0,0.0,,,,,0.0,1591,1524,,0,0,FAIL
1910.835,3,FAIL,0,0,NO_ORIGIN,0,0,1,1,1,1,0,0.0,,,,,0.0,1591,1524,,0,0,FAIL
1910.885,3,FAIL,0,0,NO_ORIGIN,0,0,1,1,1,1,0,0.0,,,,,0.0,1591,1524,,0,0,FAIL
1910.935,3,FAIL,0,0,NO_ORIGIN,0,0,1,1,1,1,0,0.0,,,,,0.0,1591,1524,,0,0,FAIL
1910.986,3,FAIL,0,0,NO_ORIGIN,0,0,1,1,1,1,0,0.0,,,,,0.0,1591,1524,,0,0,FAIL
1911.037,3,FAIL,0,0,NO_ORIGIN,0,0,1,1,1,1,0,0.0,,,,,0.0,1591,1524,,0,0,FAIL
1911.087,3,FAIL,0,0,NO_ORIGIN,0,0,1,1,1,1,0,0.0,,,,,0.0,1591,1524,,0,0,FAIL
1911.137,3,FAIL,0,0,NO_ORIGIN,0,0,1,1,1,1,0,0.0,,,,,0.0,1591,1524,,0,0,FAIL
1911.187,3,FAIL,0,0,NO_ORIGIN,0,0,1,1,1,1,0,0.0,,,,,0.0,1591,1524,,0,0,FAIL
1911.241,3,FAIL,0,0,NO_ORIGIN,0,0,1,1,1,1,0,0.0,,,,,0.0,1591,1524,,0,0,FAIL
1911.292,3,FAIL,0,0,NO_ORIGIN,0,0,1,1,1,1,0,0.0,,,,,0.0,1591,1524,,0,0,FAIL
1911.342,3,FAIL,0,0,NO_ORIGIN,0,0,1,1,1,1,0,0.0,,,,,0.0,1591,1524,,0,0,FAIL
1911.394,3,FAIL,0,0,NO_ORIGIN,0,0,1,1,1,1,0,0.0,,,,,0.0,1591,1524,,0,0,FAIL
1911.444,3,FAIL,0,0,NO_ORIGIN,0,0,1,1,1,1,0,0.0,,,,,0.0,1591,1524,,0,0,FAIL
1911.495,3,FAIL,0,0,NO_ORIGIN,0,0,1,1,1,1,0,0.0,,,,,0.0,1591,1524,,0,0,FAIL
1911.545,3,FAIL,0,0,NO_ORIGIN,0,0,1,1,1,1,0,0.0,,,,,0.0,1591,1524,,0,0,FAIL
1911.595,3,FAIL,0,0,NO_ORIGIN,0,0,1,1,1,1,0,0.0,,,,,0.0,1591,1524,,0,0,FAIL
1911.645,3,FAIL,0,0,NO_ORIGIN,0,0,1,1,1,1,0,0.0,,,,,0.0,1591,1524,,0,0,FAIL
1911.696,3,FAIL,0,0,NO_ORIGIN,0,0,1,1,1,1,0,0.0,,,,,0.0,1591,1524,,0,0,FAIL
1911.747,3,FAIL,0,0,NO_ORIGIN,0,0,1,1,1,1,0,0.0,,,,,0.0,1591,1524,,0,0,FAIL
1911.797,3,FAIL,0,0,NO_ORIGIN,0,0,1,1,1,1,0,0.0,,,,,0.0,1591,1524,,0,0,FAIL
1911.847,3,FAIL,0,0,NO_ORIGIN,0,0,1,1,1,1,0,0.0,,,,,0.0,1591,1524,,0,0,FAIL
1911.897,3,FAIL,0,0,NO_ORIGIN,0,0,1,1,1,1,0,0.0,,,,,0.0,1591,1524,,0,0,FAIL
1911.947,3,FAIL,0,0,NO_ORIGIN,0,0,1,1,1,1,0,0.0,,,,,0.0,1591,1524,,0,0,FAIL
1911.999,3,FAIL,0,0,NO_ORIGIN,0,0,1,1,1,1,0,0.0,,,,,0.0,1591,1524,,0,0,FAIL
1912.049,3,FAIL,0,0,NO_ORIGIN,0,0,1,1,1,1,0,0.0,,,,,0.0,1591,1524,,0,0,FAIL
1912.099,3,FAIL,0,0,NO_ORIGIN,0,0,1,1,1,1,0,0.0,,,,,0.0,1591,1524,,0,0,FAIL
1912.15,3,FAIL,0,0,NO_ORIGIN,0,0,1,1,1,1,0,0.0,,,,,0.0,1591,1524,,0,0,FAIL
1912.2,3,FAIL,0,0,NO_ORIGIN,0,0,1,1,1,1,0,0.0,,,,,0.0,1591,1524,,0,0,FAIL
1912.25,3,FAIL,0,0,NO_ORIGIN,0,0,1,1,1,1,0,0.0,,,,,0.0,1591,1524,,0,0,FAIL
1912.3,3,FAIL,0,0,NO_ORIGIN,0,0,1,1,1,1,0,0.0,,,,,0.0,1591,1524,,0,0,FAIL
1912.35,3,FAIL,0,0,NO_ORIGIN,0,0,1,1,1,1,0,0.0,,,,,0.0,1591,1524,,0,0,FAIL
1912.401,3,FAIL,0,0,NO_ORIGIN,0,0,1,1,1,1,0,0.0,,,,,0.0,1591,1524,,0,0,FAIL
1912.451,3,FAIL,0,0,NO_ORIGIN,0,0,1,1,1,1,0,0.0,,,,,0.0,1591,1524,,0,0,FAIL
1912.501,3,FAIL,0,0,NO_ORIGIN,0,0,1,1,1,1,0,0.0,,,,,0.0,1591,1524,,0,0,FAIL
1912.551,3,FAIL,0,0,NO_ORIGIN,0,0,1,1,1,1,0,0.0,,,,,0.0,1591,1524,,0,0,FAIL
1912.601,3,FAIL,0,0,NO_ORIGIN,0,0,1,1,1,1,0,0.0,,,,,0.0,1591,1524,,0,0,FAIL
1912.652,3,FAIL,0,0,NO_ORIGIN,0,0,1,1,1,1,0,0.0,,,,,0.0,1591,1524,,0,0,FAIL
1912.703,3,FAIL,0,0,NO_ORIGIN,0,0,1,1,1,1,0,0.0,,,,,0.0,1591,1524,,0,0,FAIL
1912.753,3,FAIL,0,0,NO_ORIGIN,0,0,1,1,1,1,0,0.0,,,,,0.0,1591,1524,,0,0,FAIL
1912.803,3,FAIL,0,0,NO_ORIGIN,0,0,1,1,1,1,0,0.0,,,,,0.0,1591,1524,,0,0,FAIL
1912.853,3,FAIL,0,0,NO_ORIGIN,0,0,1,1,1,1,0,0.0,,,,,0.0,1591,1524,,0,0,FAIL
1912.904,3,FAIL,0,0,NO_ORIGIN,0,0,1,1,1,1,0,0.0,,,,,0.0,1591,1524,,0,0,FAIL
1912.954,3,FAIL,0,0,NO_ORIGIN,0,0,1,1,1,1,0,0.0,,,,,0.0,1591,1524,,0,0,FAIL
1913.004,3,FAIL,0,0,NO_ORIGIN,0,0,1,1,1,1,0,0.0,,,,,0.0,1591,1524,,0,0,FAIL
1913.055,3,FAIL,0,0,NO_ORIGIN,0,0,1,1,1,1,0,0.0,,,,,0.0,1591,1524,,0,0,FAIL
1913.105,3,FAIL,0,0,NO_ORIGIN,0,0,1,1,1,1,0,0.0,,,,,0.0,1591,1524,,0,0,FAIL
1913.156,3,FAIL,0,0,NO_ORIGIN,0,0,1,1,1,1,0,0.0,,,,,0.0,1591,1524,,0,0,FAIL
1913.206,3,FAIL,0,0,NO_ORIGIN,0,0,1,1,1,1,0,0.0,,,,,0.0,1591,1524,,0,0,FAIL
1913.257,3,FAIL,0,0,NO_ORIGIN,0,0,1,1,1,1,0,0.0,,,,,0.0,1591,1524,,0,0,FAIL
1913.307,3,FAIL,0,0,NO_ORIGIN,0,0,1,1,1,1,0,0.0,,,,,0.0,1591,1524,,0,0,FAIL
1913.357,3,FAIL,0,0,NO_ORIGIN,0,0,1,1,1,1,0,0.0,,,,,0.0,1591,1524,,0,0,FAIL
1913.407,3,FAIL,0,0,NO_ORIGIN,0,0,1,1,1,1,0,0.0,,,,,0.0,1591,1524,,0,0,FAIL
1913.457,3,FAIL,0,0,NO_ORIGIN,0,0,1,1,1,1,0,0.0,,,,,0.0,1591,1524,,0,0,FAIL
1913.507,3,FAIL,0,0,NO_ORIGIN,0,0,1,1,1,1,0,0.0,,,,,0.0,1591,1524,,0,0,FAIL
1913.558,3,FAIL,0,0,NO_ORIGIN,0,0,1,1,1,1,0,0.0,,,,,0.0,1591,1524,,0,0,FAIL
1913.608,3,FAIL,0,0,NO_ORIGIN,0,0,1,1,1,1,0,0.0,,,,,0.0,1591,1524,,0,0,FAIL
1913.659,3,FAIL,0,0,NO_ORIGIN,0,0,1,1,1,1,0,0.0,,,,,0.0,1591,1524,,0,0,FAIL
1913.709,3,FAIL,0,0,NO_ORIGIN,0,0,1,1,1,1,0,0.0,,,,,0.0,1591,1524,,0,0,FAIL
1913.761,3,FAIL,0,0,NO_ORIGIN,0,0,1,1,1,1,0,0.0,,,,,0.0,1591,1524,,0,0,FAIL
1913.811,3,FAIL,0,0,NO_ORIGIN,0,0,1,1,1,1,0,0.0,,,,,0.0,1591,1524,,0,0,FAIL
1913.861,3,FAIL,0,0,NO_ORIGIN,0,0,1,1,1,1,0,0.0,,,,,0.0,1591,1524,,0,0,FAIL
1913.912,3,FAIL,0,0,NO_ORIGIN,0,0,1,1,1,1,0,0.0,,,,,0.0,1591,1524,,0,0,FAIL
1913.962,3,FAIL,0,0,NO_ORIGIN,0,0,1,1,1,1,0,0.0,,,,,0.0,1591,1524,,0,0,FAIL
1914.013,3,FAIL,0,0,NO_ORIGIN,0,0,1,1,1,1,0,0.0,,,,,0.0,1591,1524,,0,0,FAIL
1914.063,3,FAIL,0,0,NO_ORIGIN,0,0,1,1,1,1,0,0.0,,,,,0.0,1591,1524,,0,0,FAIL
1914.114,3,FAIL,0,0,NO_ORIGIN,0,0,1,1,1,1,0,0.0,,,,,0.0,1591,1524,,0,0,FAIL
1914.166,3,FAIL,0,0,NO_ORIGIN,0,0,1,1,1,1,0,0.0,,,,,0.0,1591,1524,,0,0,FAIL
1914.216,3,FAIL,0,0,NO_ORIGIN,0,0,1,1,1,1,0,0.0,,,,,0.0,1591,1524,,0,0,FAIL
1914.266,3,FAIL,0,0,NO_ORIGIN,0,0,1,1,1,1,0,0.0,,,,,0.0,1591,1524,,0,0,FAIL
1914.316,3,FAIL,0,0,NO_ORIGIN,0,0,1,1,1,1,0,0.0,,,,,0.0,1591,1524,,0,0,FAIL
1914.366,3,FAIL,0,0,NO_ORIGIN,0,0,1,1,1,1,0,0.0,,,,,0.0,1591,1524,,0,0,FAIL
1914.417,3,FAIL,0,0,NO_ORIGIN,0,0,1,1,1,1,0,0.0,,,,,0.0,1591,1524,,0,0,FAIL
1914.467,3,FAIL,0,0,NO_ORIGIN,0,0,1,1,1,1,0,0.0,,,,,0.0,1591,1524,,0,0,FAIL
1914.517,3,FAIL,0,0,NO_ORIGIN,0,0,1,1,1,1,0,0.0,,,,,0.0,1591,1524,,0,0,FAIL
1914.567,3,FAIL,0,0,NO_ORIGIN,0,0,1,1,1,1,0,0.0,,,,,0.0,1591,1524,,0,0,FAIL
1914.618,3,FAIL,0,0,NO_ORIGIN,0,0,1,1,1,1,0,0.0,,,,,0.0,1591,1524,,0,0,FAIL
1914.668,3,FAIL,0,0,NO_ORIGIN,0,0,1,1,1,1,0,0.0,,,,,0.0,1591,1524,,0,0,FAIL
1914.718,3,FAIL,0,0,NO_ORIGIN,0,0,1,1,1,1,0,0.0,,,,,0.0,1591,1524,,0,0,FAIL
1914.768,3,FAIL,0,0,NO_ORIGIN,0,0,1,1,1,1,0,0.0,,,,,0.0,1591,1524,,0,0,FAIL
1914.818,3,FAIL,0,0,NO_ORIGIN,0,0,1,1,1,1,0,0.0,,,,,0.0,1591,1524,,0,0,FAIL
1914.868,3,FAIL,0,0,NO_ORIGIN,0,0,1,1,1,1,0,0.0,,,,,0.0,1591,1524,,0,0,FAIL
1914.919,3,FAIL,0,0,NO_ORIGIN,0,0,1,1,1,1,0,0.0,,,,,0.0,1591,1524,,0,0,FAIL
1914.969,3,FAIL,0,0,NO_ORIGIN,0,0,1,1,1,1,0,0.0,,,,,0.0,1591,1524,,0,0,FAIL
1915.02,3,FAIL,0,0,NO_ORIGIN,0,0,1,1,1,1,0,0.0,,,,,0.0,1591,1524,,0,0,FAIL
1915.07,3,FAIL,0,0,NO_ORIGIN,0,0,1,1,1,1,0,0.0,,,,,0.0,1591,1524,,0,0,FAIL
1915.123,3,FAIL,0,0,NO_ORIGIN,0,0,1,1,1,1,0,0.0,,,,,0.0,1591,1524,,0,0,FAIL
1915.173,3,FAIL,0,0,NO_ORIGIN,0,0,1,1,1,1,0,0.0,,,,,0.0,1591,1524,,0,0,FAIL
1915.223,3,FAIL,0,0,NO_ORIGIN,0,0,1,1,1,1,0,0.0,,,,,0.0,1591,1524,,0,0,FAIL
1915.273,3,FAIL,0,0,NO_ORIGIN,0,0,1,1,1,1,0,0.0,,,,,0.0,1591,1524,,0,0,FAIL
1915.323,3,FAIL,0,0,NO_ORIGIN,0,0,1,1,1,1,0,0.0,,,,,0.0,1591,1524,,0,0,FAIL
1915.373,3,FAIL,0,0,NO_ORIGIN,0,0,1,1,1,1,0,0.0,,,,,0.0,1591,1524,,0,0,FAIL
1915.424,3,FAIL,0,0,NO_ORIGIN,0,0,1,1,1,1,0,0.0,,,,,0.0,1591,1524,,0,0,FAIL
1915.474,3,FAIL,0,0,NO_ORIGIN,0,0,1,1,1,1,0,0.0,,,,,0.0,1591,1524,,0,0,FAIL
1915.524,3,FAIL,0,0,NO_ORIGIN,0,0,1,1,1,1,0,0.0,,,,,0.0,1591,1524,,0,0,FAIL
1915.575,3,FAIL,0,0,NO_ORIGIN,0,0,1,1,1,1,0,0.0,,,,,0.0,1591,1524,,0,0,FAIL
1915.626,3,FAIL,0,0,NO_ORIGIN,0,0,1,1,1,1,0,0.0,,,,,0.0,1591,1524,,0,0,FAIL
1915.676,3,FAIL,0,0,NO_ORIGIN,0,0,1,1,1,1,0,0.0,,,,,0.0,1591,1524,,0,0,FAIL
1915.728,3,FAIL,0,0,NO_ORIGIN,0,0,1,1,1,1,0,0.0,,,,,0.0,1591,1524,,0,0,FAIL
1915.778,3,FAIL,0,0,NO_ORIGIN,0,0,1,1,1,1,0,0.0,,,,,0.0,1591,1524,,0,0,FAIL
1915.829,3,FAIL,0,0,NO_ORIGIN,0,0,1,1,1,1,0,0.0,,,,,0.0,1591,1524,,0,0,FAIL
1915.879,3,FAIL,0,0,NO_ORIGIN,0,0,1,1,1,1,0,0.0,,,,,0.0,1591,1524,,0,0,FAIL
1915.931,3,FAIL,0,0,NO_ORIGIN,0,0,1,1,1,1,0,0.0,,,,,0.0,1591,1524,,0,0,FAIL
1915.981,3,FAIL,0,0,NO_ORIGIN,0,0,1,1,1,1,0,0.0,,,,,0.0,1591,1524,,0,0,FAIL
1916.032,3,FAIL,0,0,NO_ORIGIN,0,0,1,1,1,1,0,0.0,,,,,0.0,1591,1524,,0,0,FAIL
1916.082,3,FAIL,0,0,NO_ORIGIN,0,0,1,1,1,1,0,0.0,,,,,0.0,1591,1524,,0,0,FAIL
1916.133,3,FAIL,0,0,NO_ORIGIN,0,0,1,1,1,1,0,0.0,,,,,0.0,1591,1524,,0,0,FAIL
1916.183,3,FAIL,0,0,NO_ORIGIN,0,0,1,1,1,1,0,0.0,,,,,0.0,1591,1524,,0,0,FAIL
1916.233,3,FAIL,0,0,NO_ORIGIN,0,0,1,1,1,1,0,0.0,,,,,0.0,1591,1524,,0,0,FAIL
1916.283,3,FAIL,0,0,NO_ORIGIN,0,0,1,1,1,1,0,0.0,,,,,0.0,1591,1524,,0,0,FAIL
1916.333,3,FAIL,0,0,NO_ORIGIN,0,0,1,1,1,1,0,0.0,,,,,0.0,1591,1524,,0,0,FAIL
1916.384,3,FAIL,0,0,NO_ORIGIN,0,0,1,1,1,1,0,0.0,,,,,0.0,1591,1524,,0,0,FAIL
1916.434,3,FAIL,0,0,NO_ORIGIN,0,0,1,1,1,1,0,0.0,,,,,0.0,1591,1524,,0,0,FAIL
1916.485,3,FAIL,0,0,NO_ORIGIN,0,0,1,1,1,1,0,0.0,,,,,0.0,1591,1524,,0,0,FAIL
1916.535,3,FAIL,0,0,NO_ORIGIN,0,0,1,1,1,1,0,0.0,,,,,0.0,1591,1524,,0,0,FAIL
1916.586,3,FAIL,0,0,NO_ORIGIN,0,0,1,1,1,1,0,0.0,,,,,0.0,1591,1524,,0,0,FAIL
1916.636,3,FAIL,0,0,NO_ORIGIN,0,0,1,1,1,1,0,0.0,,,,,0.0,1591,1524,,0,0,FAIL
1916.686,3,FAIL,0,0,NO_ORIGIN,0,0,1,1,1,1,0,0.0,,,,,0.0,1591,1524,,0,0,FAIL
1916.737,3,FAIL,0,0,NO_ORIGIN,0,0,1,1,1,1,0,0.0,,,,,0.0,1591,1524,,0,0,FAIL
1916.787,3,FAIL,0,0,NO_ORIGIN,0,0,1,1,1,1,0,0.0,,,,,0.0,1591,1524,,0,0,FAIL
1916.837,3,FAIL,0,0,NO_ORIGIN,0,0,1,1,1,1,0,0.0,,,,,0.0,1591,1524,,0,0,FAIL
1916.888,3,FAIL,0,0,NO_ORIGIN,0,0,1,1,1,1,0,0.0,,,,,0.0,1591,1524,,0,0,FAIL
1916.94,3,FAIL,0,0,NO_ORIGIN,0,0,1,1,1,1,0,0.0,,,,,0.0,1591,1524,,0,0,FAIL
1916.991,3,FAIL,0,0,NO_ORIGIN,0,0,1,1,1,1,0,0.0,,,,,0.0,1591,1524,,0,0,FAIL
1917.041,3,FAIL,0,0,NO_ORIGIN,0,0,1,1,1,1,0,0.0,,,,,0.0,1591,1524,,0,0,FAIL
1917.091,3,FAIL,0,0,NO_ORIGIN,0,0,1,1,1,1,0,0.0,,,,,0.0,1591,1524,,0,0,FAIL
1917.141,3,FAIL,0,0,NO_ORIGIN,0,0,1,1,1,1,0,0.0,,,,,0.0,1591,1524,,0,0,FAIL
1917.192,3,FAIL,0,0,NO_ORIGIN,0,0,1,1,1,1,0,0.0,,,,,0.0,1591,1524,,0,0,FAIL
1917.242,3,FAIL,0,0,NO_ORIGIN,0,0,1,1,1,1,0,0.0,,,,,0.0,1591,1524,,0,0,FAIL
1917.292,3,FAIL,0,0,NO_ORIGIN,0,0,1,1,1,1,0,0.0,,,,,0.0,1591,1524,,0,0,FAIL
1917.342,3,FAIL,0,0,NO_ORIGIN,0,0,1,1,1,1,0,0.0,,,,,0.0,1591,1524,,0,0,FAIL
1917.392,3,FAIL,0,0,NO_ORIGIN,0,0,1,1,1,1,0,0.0,,,,,0.0,1591,1524,,0,0,FAIL
1917.443,3,FAIL,0,0,NO_ORIGIN,0,0,1,1,1,1,0,0.0,,,,,0.0,1591,1524,,0,0,FAIL
1917.493,3,FAIL,0,0,NO_ORIGIN,0,0,1,1,1,1,0,0.0,,,,,0.0,1591,1524,,0,0,FAIL
1917.544,3,FAIL,0,0,NO_ORIGIN,0,0,1,1,1,1,0,0.0,,,,,0.0,1591,1524,,0,0,FAIL
1917.594,3,FAIL,0,0,NO_ORIGIN,0,0,1,1,1,1,0,0.0,,,,,0.0,1591,1524,,0,0,FAIL
1917.644,3,FAIL,0,0,NO_ORIGIN,0,0,1,1,1,1,0,0.0,,,,,0.0,1591,1524,,0,0,FAIL
1917.694,3,FAIL,0,0,NO_ORIGIN,0,0,1,1,1,1,0,0.0,,,,,0.0,1591,1524,,0,0,FAIL
1917.745,3,FAIL,0,0,NO_ORIGIN,0,0,1,1,1,1,0,0.0,,,,,0.0,1591,1524,,0,0,FAIL
1917.795,3,FAIL,0,0,NO_ORIGIN,0,0,1,1,1,1,0,0.0,,,,,0.0,1591,1524,,0,0,FAIL
1917.845,3,FAIL,0,0,NO_ORIGIN,0,0,1,1,1,1,0,0.0,,,,,0.0,1591,1524,,0,0,FAIL
1917.896,3,FAIL,0,0,NO_ORIGIN,0,0,1,1,1,1,0,0.0,,,,,0.0,1591,1524,,0,0,FAIL
1917.949,3,FAIL,0,0,NO_ORIGIN,0,0,1,1,1,1,0,0.0,,,,,0.0,1591,1524,,0,0,FAIL
1917.999,3,FAIL,0,0,NO_ORIGIN,0,0,1,1,1,1,0,0.0,,,,,0.0,1591,1524,,0,0,FAIL
1918.049,3,FAIL,0,0,NO_ORIGIN,0,0,1,1,1,1,0,0.0,,,,,0.0,1591,1524,,0,0,FAIL
1918.099,3,FAIL,0,0,NO_ORIGIN,0,0,1,1,1,1,0,0.0,,,,,0.0,1591,1524,,0,0,FAIL
1918.149,3,FAIL,0,0,NO_ORIGIN,0,0,1,1,1,1,0,0.0,,,,,0.0,1591,1524,,0,0,FAIL
1918.199,3,FAIL,0,0,NO_ORIGIN,0,0,1,1,1,1,0,0.0,,,,,0.0,1591,1524,,0,0,FAIL
1918.25,3,FAIL,0,0,NO_ORIGIN,0,0,1,1,1,1,0,0.0,,,,,0.0,1591,1524,,0,0,FAIL
1918.3,3,FAIL,0,0,NO_ORIGIN,0,0,1,1,1,1,0,0.0,,,,,0.0,1591,1524,,0,0,FAIL
1918.35,3,FAIL,0,0,NO_ORIGIN,0,0,1,1,1,1,0,0.0,,,,,0.0,1591,1524,,0,0,FAIL
1918.4,3,FAIL,0,0,NO_ORIGIN,0,0,1,1,1,1,0,0.0,,,,,0.0,1591,1524,,0,0,FAIL
1918.45,3,FAIL,0,0,NO_ORIGIN,0,0,1,1,1,1,0,0.0,,,,,0.0,1591,1524,,0,0,FAIL
1918.501,3,FAIL,0,0,NO_ORIGIN,0,0,1,1,1,1,0,0.0,,,,,0.0,1591,1524,,0,0,FAIL
1918.551,3,FAIL,0,0,NO_ORIGIN,0,0,1,1,1,1,0,0.0,,,,,0.0,1591,1524,,0,0,FAIL
1918.601,3,FAIL,0,0,NO_ORIGIN,0,0,1,1,1,1,0,0.0,,,,,0.0,1591,1524,,0,0,FAIL
1918.651,3,FAIL,0,0,NO_ORIGIN,0,0,1,1,1,1,0,0.0,,,,,0.0,1591,1524,,0,0,FAIL
1918.702,3,FAIL,0,0,NO_ORIGIN,0,0,1,1,1,1,0,0.0,,,,,0.0,1591,1524,,0,0,FAIL
1918.752,3,FAIL,0,0,NO_ORIGIN,0,0,1,1,1,1,0,0.0,,,,,0.0,1591,1524,,0,0,FAIL
1918.802,3,FAIL,0,0,NO_ORIGIN,0,0,1,1,1,1,0,0.0,,,,,0.0,1591,1524,,0,0,FAIL
1918.852,3,FAIL,0,0,NO_ORIGIN,0,0,1,1,1,1,0,0.0,,,,,0.0,1591,1524,,0,0,FAIL
1918.902,3,FAIL,0,0,NO_ORIGIN,0,0,1,1,1,1,0,0.0,,,,,0.0,1591,1524,,0,0,FAIL
1918.953,3,FAIL,0,0,NO_ORIGIN,0,0,1,1,1,1,0,0.0,,,,,0.0,1591,1524,,0,0,FAIL
1919.003,3,FAIL,0,0,NO_ORIGIN,0,0,1,1,1,1,0,0.0,,,,,0.0,1591,1524,,0,0,FAIL
1919.053,3,FAIL,0,0,NO_ORIGIN,0,0,1,1,1,1,0,0.0,,,,,0.0,1591,1524,,0,0,FAIL
1919.103,3,FAIL,0,0,NO_ORIGIN,0,0,1,1,1,1,0,0.0,,,,,0.0,1591,1524,,0,0,FAIL
1919.154,3,FAIL,0,0,NO_ORIGIN,0,0,1,1,1,1,0,0.0,,,,,0.0,1591,1524,,0,0,FAIL
1919.204,3,FAIL,0,0,NO_ORIGIN,0,0,1,1,1,1,0,0.0,,,,,0.0,1591,1524,,0,0,FAIL
1919.255,3,FAIL,0,0,NO_ORIGIN,0,0,1,1,1,1,0,0.0,,,,,0.0,1591,1524,,0,0,FAIL
1919.305,3,FAIL,0,0,NO_ORIGIN,0,0,1,1,1,1,0,0.0,,,,,0.0,1591,1524,,0,0,FAIL
1919.355,3,FAIL,0,0,NO_ORIGIN,0,0,1,1,1,1,0,0.0,,,,,0.0,1591,1524,,0,0,FAIL
1919.406,3,FAIL,0,0,NO_ORIGIN,0,0,1,1,1,1,0,0.0,,,,,0.0,1591,1524,,0,0,FAIL
1919.456,3,FAIL,0,0,NO_ORIGIN,0,0,1,1,1,1,0,0.0,,,,,0.0,1591,1524,,0,0,FAIL
1919.506,3,FAIL,0,0,NO_ORIGIN,0,0,1,1,1,1,0,0.0,,,,,0.0,1591,1524,,0,0,FAIL
1919.557,3,FAIL,0,0,NO_ORIGIN,0,0,1,1,1,1,0,0.0,,,,,0.0,1591,1524,,0,0,FAIL
1919.607,3,FAIL,0,0,NO_ORIGIN,0,0,1,1,1,1,0,0.0,,,,,0.0,1591,1524,,0,0,FAIL
1919.658,3,FAIL,0,0,NO_ORIGIN,0,0,1,1,1,1,0,0.0,,,,,0.0,1591,1524,,0,0,FAIL
1919.71,3,FAIL,0,0,NO_ORIGIN,0,0,1,1,1,1,0,0.0,,,,,0.0,1591,1524,,0,0,FAIL
1919.76,3,FAIL,0,0,NO_ORIGIN,0,0,1,1,1,1,0,0.0,,,,,0.0,1591,1524,,0,0,FAIL
1919.812,3,FAIL,0,0,NO_ORIGIN,0,0,1,1,1,1,0,0.0,,,,,0.0,1591,1524,,0,0,FAIL
1919.862,3,FAIL,0,0,NO_ORIGIN,0,0,1,1,1,1,0,0.0,,,,,0.0,1591,1524,,0,0,FAIL
1919.912,3,FAIL,0,0,NO_ORIGIN,0,0,1,1,1,1,0,0.0,,,,,0.0,1591,1524,,0,0,FAIL
1919.962,3,FAIL,0,0,NO_ORIGIN,0,0,1,1,1,1,0,0.0,,,,,0.0,1591,1524,,0,0,FAIL
1920.015,3,FAIL,0,0,NO_ORIGIN,0,0,1,1,1,1,0,0.0,,,,,0.0,1591,1524,,0,0,FAIL
1920.066,3,FAIL,0,0,NO_ORIGIN,0,0,1,1,1,1,0,0.0,,,,,0.0,1591,1524,,0,0,FAIL
1920.116,3,FAIL,0,0,NO_ORIGIN,0,0,1,1,1,1,0,0.0,,,,,0.0,1591,1524,,0,0,FAIL
1920.166,3,FAIL,0,0,NO_ORIGIN,0,0,1,1,1,1,0,0.0,,,,,0.0,1591,1524,,0,0,FAIL
1920.217,3,FAIL,0,0,NO_ORIGIN,0,0,1,1,1,1,0,0.0,,,,,0.0,1591,1524,,0,0,FAIL
1920.268,3,FAIL,0,0,NO_ORIGIN,0,0,1,1,1,1,0,0.0,,,,,0.0,1591,1524,,0,0,FAIL
1920.318,3,FAIL,0,0,NO_ORIGIN,0,0,1,1,1,1,0,0.0,,,,,0.0,1591,1524,,0,0,FAIL
1920.369,3,FAIL,0,0,NO_ORIGIN,0,0,1,1,1,1,0,0.0,,,,,0.0,1591,1524,,0,0,FAIL
1920.422,3,FAIL,0,0,NO_ORIGIN,0,0,1,1,1,1,0,0.0,,,,,0.0,1591,1524,,0,0,FAIL
1920.472,3,FAIL,0,0,NO_ORIGIN,0,0,1,1,1,1,0,0.0,,,,,0.0,1591,1524,,0,0,FAIL
1920.522,3,FAIL,0,0,NO_ORIGIN,0,0,1,1,1,1,0,0.0,,,,,0.0,1591,1524,,0,0,FAIL
1920.572,3,FAIL,0,0,NO_ORIGIN,0,0,1,1,1,1,0,0.0,,,,,0.0,1591,1524,,0,0,FAIL
1920.622,3,FAIL,0,0,NO_ORIGIN,0,0,1,1,1,1,0,0.0,,,,,0.0,1591,1524,,0,0,FAIL
1920.673,3,FAIL,0,0,NO_ORIGIN,0,0,1,1,1,1,0,0.0,,,,,0.0,1591,1524,,0,0,FAIL
1920.723,3,FAIL,0,0,NO_ORIGIN,0,0,1,1,1,1,0,0.0,,,,,0.0,1591,1524,,0,0,FAIL
1920.773,3,FAIL,0,0,NO_ORIGIN,0,0,1,1,1,1,0,0.0,,,,,0.0,1591,1524,,0,0,FAIL
1920.823,3,FAIL,0,0,NO_ORIGIN,0,0,1,1,1,1,0,0.0,,,,,0.0,1591,1524,,0,0,FAIL
1920.874,3,FAIL,0,0,NO_ORIGIN,0,0,1,1,1,1,0,0.0,,,,,0.0,1591,1524,,0,0,FAIL
1920.925,3,FAIL,0,0,NO_ORIGIN,0,0,1,1,1,1,0,0.0,,,,,0.0,1591,1524,,0,0,FAIL
1920.975,3,FAIL,0,0,NO_ORIGIN,0,0,1,1,1,1,0,0.0,,,,,0.0,1591,1524,,0,0,FAIL
1921.025,3,FAIL,0,0,NO_ORIGIN,0,0,1,1,1,1,0,0.0,,,,,0.0,1591,1524,,0,0,FAIL
1921.075,3,FAIL,0,0,NO_ORIGIN,0,0,1,1,1,1,0,0.0,,,,,0.0,1591,1524,,0,0,FAIL
1921.125,3,FAIL,0,0,NO_ORIGIN,0,0,1,1,1,1,0,0.0,,,,,0.0,1591,1524,,0,0,FAIL
1921.175,3,FAIL,0,0,NO_ORIGIN,0,0,1,1,1,1,0,0.0,,,,,0.0,1591,1524,,0,0,FAIL
1921.226,3,FAIL,0,0,NO_ORIGIN,0,0,1,1,1,1,0,0.0,,,,,0.0,1591,1524,,0,0,FAIL
1921.276,3,FAIL,0,0,NO_ORIGIN,0,0,1,1,1,1,0,0.0,,,,,0.0,1591,1524,,0,0,FAIL
1921.326,3,FAIL,0,0,NO_ORIGIN,0,0,1,1,1,1,0,0.0,,,,,0.0,1591,1524,,0,0,FAIL
1921.377,3,FAIL,0,0,NO_ORIGIN,0,0,1,1,1,1,0,0.0,,,,,0.0,1591,1524,,0,0,FAIL
1921.427,3,FAIL,0,0,NO_ORIGIN,0,0,1,1,1,1,0,0.0,,,,,0.0,1591,1524,,0,0,FAIL
1921.478,3,FAIL,0,0,NO_ORIGIN,0,0,1,1,1,1,0,0.0,,,,,0.0,1591,1524,,0,0,FAIL
1921.529,3,FAIL,0,0,NO_ORIGIN,0,0,1,1,1,1,0,0.0,,,,,0.0,1591,1524,,0,0,FAIL
1921.579,3,FAIL,0,0,NO_ORIGIN,0,0,1,1,1,1,0,0.0,,,,,0.0,1591,1524,,0,0,FAIL
1921.629,3,FAIL,0,0,NO_ORIGIN,0,0,1,1,1,1,0,0.0,,,,,0.0,1591,1524,,0,0,FAIL
1921.679,3,FAIL,0,0,NO_ORIGIN,0,0,1,1,1,1,0,0.0,,,,,0.0,1591,1524,,0,0,FAIL
1921.73,3,FAIL,0,0,NO_ORIGIN,0,0,1,1,1,1,0,0.0,,,,,0.0,1591,1524,,0,0,FAIL
1921.781,3,FAIL,0,0,NO_ORIGIN,0,0,1,1,1,1,0,0.0,,,,,0.0,1591,1524,,0,0,FAIL
1921.831,3,FAIL,0,0,NO_ORIGIN,0,0,1,1,1,1,0,0.0,,,,,0.0,1591,1524,,0,0,FAIL
1921.881,3,FAIL,0,0,NO_ORIGIN,0,0,1,1,1,1,0,0.0,,,,,0.0,1591,1524,,0,0,FAIL
1921.931,3,FAIL,0,0,NO_ORIGIN,0,0,1,1,1,1,0,0.0,,,,,0.0,1591,1524,,0,0,FAIL
1921.982,3,FAIL,0,0,NO_ORIGIN,0,0,1,1,1,1,0,0.0,,,,,0.0,1591,1524,,0,0,FAIL
1922.032,3,FAIL,0,0,NO_ORIGIN,0,0,1,1,1,1,0,0.0,,,,,0.0,1591,1524,,0,0,FAIL
1922.082,3,FAIL,0,0,NO_ORIGIN,0,0,1,1,1,1,0,0.0,,,,,0.0,1591,1524,,0,0,FAIL
1922.132,3,FAIL,0,0,NO_ORIGIN,0,0,1,1,1,1,0,0.0,,,,,0.0,1591,1524,,0,0,FAIL
1922.182,3,FAIL,0,0,NO_ORIGIN,0,0,1,1,1,1,0,0.0,,,,,0.0,1591,1524,,0,0,FAIL
1922.233,3,FAIL,0,0,NO_ORIGIN,0,0,1,1,1,1,0,0.0,,,,,0.0,1591,1524,,0,0,FAIL
1922.283,3,FAIL,0,0,NO_ORIGIN,0,0,1,1,1,1,0,0.0,,,,,0.0,1591,1524,,0,0,FAIL
1922.333,3,FAIL,0,0,NO_ORIGIN,0,0,1,1,1,1,0,0.0,,,,,0.0,1591,1524,,0,0,FAIL
1922.384,3,FAIL,0,0,NO_ORIGIN,0,0,1,1,1,1,0,0.0,,,,,0.0,1591,1524,,0,0,FAIL
1922.434,3,FAIL,0,0,NO_ORIGIN,0,0,1,1,1,1,0,0.0,,,,,0.0,1591,1524,,0,0,FAIL
1922.484,3,FAIL,0,0,NO_ORIGIN,0,0,1,1,1,1,0,0.0,,,,,0.0,1591,1524,,0,0,FAIL
1922.534,3,FAIL,0,0,NO_ORIGIN,0,0,1,1,1,1,0,0.0,,,,,0.0,1591,1524,,0,0,FAIL
1922.584,3,FAIL,0,0,NO_ORIGIN,0,0,1,1,1,1,0,0.0,,,,,0.0,1591,1524,,0,0,FAIL
1922.635,3,FAIL,0,0,NO_ORIGIN,0,0,1,1,1,1,0,0.0,,,,,0.0,1591,1524,,0,0,FAIL
1922.685,3,FAIL,0,0,NO_ORIGIN,0,0,1,1,1,1,0,0.0,,,,,0.0,1591,1524,,0,0,FAIL
1922.735,3,FAIL,0,0,NO_ORIGIN,0,0,1,1,1,1,0,0.0,,,,,0.0,1591,1524,,0,0,FAIL
1922.786,3,FAIL,0,0,NO_ORIGIN,0,0,1,1,1,1,0,0.0,,,,,0.0,1591,1524,,0,0,FAIL
1922.836,3,FAIL,0,0,NO_ORIGIN,0,0,1,1,1,1,0,0.0,,,,,0.0,1591,1524,,0,0,FAIL
1922.887,3,FAIL,0,0,NO_ORIGIN,0,0,1,1,1,1,0,0.0,,,,,0.0,1591,1524,,0,0,FAIL
1922.938,3,FAIL,0,0,NO_ORIGIN,0,0,1,1,1,1,0,0.0,,,,,0.0,1591,1524,,0,0,FAIL
1922.989,3,FAIL,0,0,NO_ORIGIN,0,0,1,1,1,1,0,0.0,,,,,0.0,1591,1524,,0,0,FAIL
1923.039,3,FAIL,0,0,NO_ORIGIN,0,0,1,1,1,1,0,0.0,,,,,0.0,1591,1524,,0,0,FAIL
1923.09,3,FAIL,0,0,NO_ORIGIN,0,0,1,1,1,1,0,0.0,,,,,0.0,1591,1524,,0,0,FAIL
1923.14,3,FAIL,0,0,NO_ORIGIN,0,0,1,1,1,1,0,0.0,,,,,0.0,1591,1524,,0,0,FAIL
1923.19,3,FAIL,0,0,NO_ORIGIN,0,0,1,1,1,1,0,0.0,,,,,0.0,1591,1524,,0,0,FAIL
1923.241,3,FAIL,0,0,NO_ORIGIN,0,0,1,1,1,1,0,0.0,,,,,0.0,1591,1524,,0,0,FAIL
1923.292,3,FAIL,0,0,NO_ORIGIN,0,0,1,1,1,1,0,0.0,,,,,0.0,1591,1524,,0,0,FAIL
1923.342,3,FAIL,0,0,NO_ORIGIN,0,0,1,1,1,1,0,0.0,,,,,0.0,1591,1524,,0,0,FAIL
1923.393,3,FAIL,0,0,NO_ORIGIN,0,0,1,1,1,1,0,0.0,,,,,0.0,1591,1524,,0,0,FAIL
1923.443,3,FAIL,0,0,NO_ORIGIN,0,0,1,1,1,1,0,0.0,,,,,0.0,1591,1524,,0,0,FAIL
1923.493,3,FAIL,0,0,NO_ORIGIN,0,0,1,1,1,1,0,0.0,,,,,0.0,1591,1524,,0,0,FAIL
1923.544,3,FAIL,0,0,NO_ORIGIN,0,0,1,1,1,1,0,0.0,,,,,0.0,1591,1524,,0,0,FAIL
1923.594,3,FAIL,0,0,NO_ORIGIN,0,0,1,1,1,1,0,0.0,,,,,0.0,1591,1524,,0,0,FAIL
1923.644,3,FAIL,0,0,NO_ORIGIN,0,0,1,1,1,1,0,0.0,,,,,0.0,1591,1524,,0,0,FAIL
1923.695,3,FAIL,0,0,NO_ORIGIN,0,0,1,1,1,1,0,0.0,,,,,0.0,1591,1524,,0,0,FAIL
1923.745,3,FAIL,0,0,NO_ORIGIN,0,0,1,1,1,1,0,0.0,,,,,0.0,1591,1524,,0,0,FAIL
1923.795,3,FAIL,0,0,NO_ORIGIN,0,0,1,1,1,1,0,0.0,,,,,0.0,1591,1524,,0,0,FAIL
1923.846,3,FAIL,0,0,NO_ORIGIN,0,0,1,1,1,1,0,0.0,,,,,0.0,1591,1524,,0,0,FAIL
1923.896,3,FAIL,0,0,NO_ORIGIN,0,0,1,1,1,1,0,0.0,,,,,0.0,1591,1524,,0,0,FAIL
1923.946,3,FAIL,0,0,NO_ORIGIN,0,0,1,1,1,1,0,0.0,,,,,0.0,1591,1524,,0,0,FAIL
1923.996,3,FAIL,0,0,NO_ORIGIN,0,0,1,1,1,1,0,0.0,,,,,0.0,1591,1524,,0,0,FAIL
1924.046,3,FAIL,0,0,NO_ORIGIN,0,0,1,1,1,1,0,0.0,,,,,0.0,1591,1524,,0,0,FAIL
1924.097,3,FAIL,0,0,NO_ORIGIN,0,0,1,1,1,1,0,0.0,,,,,0.0,1591,1524,,0,0,FAIL
1924.147,3,FAIL,0,0,NO_ORIGIN,0,0,1,1,1,1,0,0.0,,,,,0.0,1591,1524,,0,0,FAIL
1924.198,3,FAIL,0,0,NO_ORIGIN,0,0,1,1,1,1,0,0.0,,,,,0.0,1591,1524,,0,0,FAIL
1924.249,3,FAIL,0,0,NO_ORIGIN,0,0,1,1,1,1,0,0.0,,,,,0.0,1591,1524,,0,0,FAIL
1924.299,3,FAIL,0,0,NO_ORIGIN,0,0,1,1,1,1,0,0.0,,,,,0.0,1591,1524,,0,0,FAIL
1924.35,3,FAIL,0,0,NO_ORIGIN,0,0,1,1,1,1,0,0.0,,,,,0.0,1591,1524,,0,0,FAIL
1924.4,3,FAIL,0,0,NO_ORIGIN,0,0,1,1,1,1,0,0.0,,,,,0.0,1591,1524,,0,0,FAIL
1924.45,3,FAIL,0,0,NO_ORIGIN,0,0,1,1,1,1,0,0.0,,,,,0.0,1591,1524,,0,0,FAIL
1924.501,3,FAIL,0,0,NO_ORIGIN,0,0,1,1,1,1,0,0.0,,,,,0.0,1591,1524,,0,0,FAIL
1924.552,3,FAIL,0,0,NO_ORIGIN,0,0,1,1,1,1,0,0.0,,,,,0.0,1591,1524,,0,0,FAIL
1924.604,3,FAIL,0,0,NO_ORIGIN,0,0,1,1,1,1,0,0.0,,,,,0.0,1591,1524,,0,0,FAIL
1924.657,3,FAIL,0,0,NO_ORIGIN,0,0,1,1,1,1,0,0.0,,,,,0.0,1591,1524,,0,0,FAIL
1924.707,3,FAIL,0,0,NO_ORIGIN,0,0,1,1,1,1,0,0.0,,,,,0.0,1591,1524,,0,0,FAIL
1924.758,3,FAIL,0,0,NO_ORIGIN,0,0,1,1,1,1,0,0.0,,,,,0.0,1591,1524,,0,0,FAIL
1924.809,3,FAIL,0,0,NO_ORIGIN,0,0,1,1,1,1,0,0.0,,,,,0.0,1591,1524,,0,0,FAIL
1924.859,3,FAIL,0,0,NO_ORIGIN,0,0,1,1,1,1,0,0.0,,,,,0.0,1591,1524,,0,0,FAIL
1924.911,3,FAIL,0,0,NO_ORIGIN,0,0,1,1,1,1,0,0.0,,,,,0.0,1591,1524,,0,0,FAIL
1924.962,3,FAIL,0,0,NO_ORIGIN,0,0,1,1,1,1,0,0.0,,,,,0.0,1591,1524,,0,0,FAIL
1925.012,3,FAIL,0,0,NO_ORIGIN,0,0,1,1,1,1,0,0.0,,,,,0.0,1591,1524,,0,0,FAIL
1925.063,3,FAIL,0,0,NO_ORIGIN,0,0,1,1,1,1,0,0.0,,,,,0.0,1591,1524,,0,0,FAIL
1925.113,3,FAIL,0,0,NO_ORIGIN,0,0,1,1,1,1,0,0.0,,,,,0.0,1591,1524,,0,0,FAIL
1925.164,3,FAIL,0,0,NO_ORIGIN,0,0,1,1,1,1,0,0.0,,,,,0.0,1591,1524,,0,0,FAIL
1925.214,3,FAIL,0,0,NO_ORIGIN,0,0,1,1,1,1,0,0.0,,,,,0.0,1591,1524,,0,0,FAIL
1925.265,3,FAIL,0,0,NO_ORIGIN,0,0,1,1,1,1,0,0.0,,,,,0.0,1591,1524,,0,0,FAIL
1925.315,3,FAIL,0,0,NO_ORIGIN,0,0,1,1,1,1,0,0.0,,,,,0.0,1591,1524,,0,0,FAIL
1925.365,3,FAIL,0,0,NO_ORIGIN,0,0,1,1,1,1,0,0.0,,,,,0.0,1591,1524,,0,0,FAIL
1925.415,3,FAIL,0,0,NO_ORIGIN,0,0,1,1,1,1,0,0.0,,,,,0.0,1591,1524,,0,0,FAIL
1925.466,3,FAIL,0,0,NO_ORIGIN,0,0,1,1,1,1,0,0.0,,,,,0.0,1591,1524,,0,0,FAIL
1925.516,3,FAIL,0,0,NO_ORIGIN,0,0,1,1,1,1,0,0.0,,,,,0.0,1591,1524,,0,0,FAIL
1925.566,3,FAIL,0,0,NO_ORIGIN,0,0,1,1,1,1,0,0.0,,,,,0.0,1591,1524,,0,0,FAIL
1925.617,3,FAIL,0,0,NO_ORIGIN,0,0,1,1,1,1,0,0.0,,,,,0.0,1591,1524,,0,0,FAIL
1925.668,3,FAIL,0,0,NO_ORIGIN,0,0,1,1,1,1,0,0.0,,,,,0.0,1591,1524,,0,0,FAIL
1925.718,3,FAIL,0,0,NO_ORIGIN,0,0,1,1,1,1,0,0.0,,,,,0.0,1591,1524,,0,0,FAIL
1925.768,3,FAIL,0,0,NO_ORIGIN,0,0,1,1,1,1,0,0.0,,,,,0.0,1591,1524,,0,0,FAIL
1925.818,3,FAIL,0,0,NO_ORIGIN,0,0,1,1,1,1,0,0.0,,,,,0.0,1591,1524,,0,0,FAIL
1925.868,3,FAIL,0,0,NO_ORIGIN,0,0,1,1,1,1,0,0.0,,,,,0.0,1591,1524,,0,0,FAIL
1925.919,3,FAIL,0,0,NO_ORIGIN,0,0,1,1,1,1,0,0.0,,,,,0.0,1591,1524,,0,0,FAIL
1925.97,3,FAIL,0,0,NO_ORIGIN,0,0,1,1,1,1,0,0.0,,,,,0.0,1591,1524,,0,0,FAIL
1926.02,3,FAIL,0,0,NO_ORIGIN,0,0,1,1,1,1,0,0.0,,,,,0.0,1591,1524,,0,0,FAIL
1926.07,3,FAIL,0,0,NO_ORIGIN,0,0,1,1,1,1,0,0.0,,,,,0.0,1591,1524,,0,0,FAIL
1926.12,3,FAIL,0,0,NO_ORIGIN,0,0,1,1,1,1,0,0.0,,,,,0.0,1591,1524,,0,0,FAIL
1926.172,3,FAIL,0,0,NO_ORIGIN,0,0,1,1,1,1,0,0.0,,,,,0.0,1591,1524,,0,0,FAIL
1926.222,3,FAIL,0,0,NO_ORIGIN,0,0,1,1,1,1,0,0.0,,,,,0.0,1591,1524,,0,0,FAIL
1926.273,3,FAIL,0,0,NO_ORIGIN,0,0,1,1,1,1,0,0.0,,,,,0.0,1591,1524,,0,0,FAIL
1926.323,3,FAIL,0,0,NO_ORIGIN,0,0,1,1,1,1,0,0.0,,,,,0.0,1591,1524,,0,0,FAIL
1926.373,3,FAIL,0,0,NO_ORIGIN,0,0,1,1,1,1,0,0.0,,,,,0.0,1591,1524,,0,0,FAIL
1926.423,3,FAIL,0,0,NO_ORIGIN,0,0,1,1,1,1,0,0.0,,,,,0.0,1591,1524,,0,0,FAIL
1926.474,3,FAIL,0,0,NO_ORIGIN,0,0,1,1,1,1,0,0.0,,,,,0.0,1591,1524,,0,0,FAIL
1926.524,3,FAIL,0,0,NO_ORIGIN,0,0,1,1,1,1,0,0.0,,,,,0.0,1591,1524,,0,0,FAIL
1926.574,3,FAIL,0,0,NO_ORIGIN,0,0,1,1,1,1,0,0.0,,,,,0.0,1591,1524,,0,0,FAIL
1926.624,3,FAIL,0,0,NO_ORIGIN,0,0,1,1,1,1,0,0.0,,,,,0.0,1591,1524,,0,0,FAIL
1926.675,3,FAIL,0,0,NO_ORIGIN,0,0,1,1,1,1,0,0.0,,,,,0.0,1591,1524,,0,0,FAIL
1926.725,3,FAIL,0,0,NO_ORIGIN,0,0,1,1,1,1,0,0.0,,,,,0.0,1591,1524,,0,0,FAIL
1926.775,3,FAIL,0,0,NO_ORIGIN,0,0,1,1,1,1,0,0.0,,,,,0.0,1591,1524,,0,0,FAIL
1926.825,3,FAIL,0,0,NO_ORIGIN,0,0,1,1,1,1,0,0.0,,,,,0.0,1591,1524,,0,0,FAIL
1926.876,3,FAIL,0,0,NO_ORIGIN,0,0,1,1,1,1,0,0.0,,,,,0.0,1591,1524,,0,0,FAIL
1926.926,3,FAIL,0,0,NO_ORIGIN,0,0,1,1,1,1,0,0.0,,,,,0.0,1591,1524,,0,0,FAIL
1926.976,3,FAIL,0,0,NO_ORIGIN,0,0,1,1,1,1,0,0.0,,,,,0.0,1591,1524,,0,0,FAIL
1927.027,3,FAIL,0,0,NO_ORIGIN,0,0,1,1,1,1,0,0.0,,,,,0.0,1591,1524,,0,0,FAIL
1927.077,3,FAIL,0,0,NO_ORIGIN,0,0,1,1,1,1,0,0.0,,,,,0.0,1591,1524,,0,0,FAIL
1927.127,3,FAIL,0,0,NO_ORIGIN,0,0,1,1,1,1,0,0.0,,,,,0.0,1591,1524,,0,0,FAIL
1927.177,3,FAIL,0,0,NO_ORIGIN,0,0,1,1,1,1,0,0.0,,,,,0.0,1591,1524,,0,0,FAIL
1927.227,3,FAIL,0,0,NO_ORIGIN,0,0,1,1,1,1,0,0.0,,,,,0.0,1591,1524,,0,0,FAIL
1927.277,3,FAIL,0,0,NO_ORIGIN,0,0,1,1,1,1,0,0.0,,,,,0.0,1591,1524,,0,0,FAIL
1927.328,3,FAIL,0,0,NO_ORIGIN,0,0,1,1,1,1,0,0.0,,,,,0.0,1591,1524,,0,0,FAIL
1927.378,3,FAIL,0,0,NO_ORIGIN,0,0,1,1,1,1,0,0.0,,,,,0.0,1591,1524,,0,0,FAIL
1927.428,3,FAIL,0,0,NO_ORIGIN,0,0,1,1,1,1,0,0.0,,,,,0.0,1591,1524,,0,0,FAIL
1927.478,3,FAIL,0,0,NO_ORIGIN,0,0,1,1,1,1,0,0.0,,,,,0.0,1591,1524,,0,0,FAIL
1927.529,3,FAIL,0,0,NO_ORIGIN,0,0,1,1,1,1,0,0.0,,,,,0.0,1591,1524,,0,0,FAIL
1927.579,3,FAIL,0,0,NO_ORIGIN,0,0,1,1,1,1,0,0.0,,,,,0.0,1591,1524,,0,0,FAIL
1927.629,3,FAIL,0,0,NO_ORIGIN,0,0,1,1,1,1,0,0.0,,,,,0.0,1591,1524,,0,0,FAIL
1927.679,3,FAIL,0,0,NO_ORIGIN,0,0,1,1,1,1,0,0.0,,,,,0.0,1591,1524,,0,0,FAIL
1927.729,3,FAIL,0,0,NO_ORIGIN,0,0,1,1,1,1,0,0.0,,,,,0.0,1591,1524,,0,0,FAIL
1927.78,3,FAIL,0,0,NO_ORIGIN,0,0,1,1,1,1,0,0.0,,,,,0.0,1591,1524,,0,0,FAIL
1927.83,3,FAIL,0,0,NO_ORIGIN,0,0,1,1,1,1,0,0.0,,,,,0.0,1591,1524,,0,0,FAIL
1927.88,3,FAIL,0,0,NO_ORIGIN,0,0,1,1,1,1,0,0.0,,,,,0.0,1591,1524,,0,0,FAIL
1927.93,3,FAIL,0,0,NO_ORIGIN,0,0,1,1,1,1,0,0.0,,,,,0.0,1591,1524,,0,0,FAIL
1927.98,3,FAIL,0,0,NO_ORIGIN,0,0,1,1,1,1,0,0.0,,,,,0.0,1591,1524,,0,0,FAIL
1928.031,3,FAIL,0,0,NO_ORIGIN,0,0,1,1,1,1,0,0.0,,,,,0.0,1591,1524,,0,0,FAIL
1928.081,3,FAIL,0,0,NO_ORIGIN,0,0,1,1,1,1,0,0.0,,,,,0.0,1591,1524,,0,0,FAIL
1928.132,3,FAIL,0,0,NO_ORIGIN,0,0,1,1,1,1,0,0.0,,,,,0.0,1591,1524,,0,0,FAIL
1928.182,3,FAIL,0,0,NO_ORIGIN,0,0,1,1,1,1,0,0.0,,,,,0.0,1591,1524,,0,0,FAIL
1928.232,3,FAIL,0,0,NO_ORIGIN,0,0,1,1,1,1,0,0.0,,,,,0.0,1591,1524,,0,0,FAIL
1928.282,3,FAIL,0,0,NO_ORIGIN,0,0,1,1,1,1,0,0.0,,,,,0.0,1591,1524,,0,0,FAIL
1928.332,3,FAIL,0,0,NO_ORIGIN,0,0,1,1,1,1,0,0.0,,,,,0.0,1591,1524,,0,0,FAIL
1928.383,3,FAIL,0,0,NO_ORIGIN,0,0,1,1,1,1,0,0.0,,,,,0.0,1591,1524,,0,0,FAIL
1928.435,3,FAIL,0,0,NO_ORIGIN,0,0,1,1,1,1,0,0.0,,,,,0.0,1591,1524,,0,0,FAIL
1928.485,3,FAIL,0,0,NO_ORIGIN,0,0,1,1,1,1,0,0.0,,,,,0.0,1591,1524,,0,0,FAIL
1928.54,3,FAIL,0,0,NO_ORIGIN,0,0,1,1,1,1,0,0.0,,,,,0.0,1591,1524,,0,0,FAIL
1928.59,3,FAIL,0,0,NO_ORIGIN,0,0,1,1,1,1,0,0.0,,,,,0.0,1591,1524,,0,0,FAIL
1928.641,3,FAIL,0,0,NO_ORIGIN,0,0,1,1,1,1,0,0.0,,,,,0.0,1591,1524,,0,0,FAIL
1928.691,3,FAIL,0,0,NO_ORIGIN,0,0,1,1,1,1,0,0.0,,,,,0.0,1591,1524,,0,0,FAIL
1928.741,3,FAIL,0,0,NO_ORIGIN,0,0,1,1,1,1,0,0.0,,,,,0.0,1591,1524,,0,0,FAIL
1928.792,3,FAIL,0,0,NO_ORIGIN,0,0,1,1,1,1,0,0.0,,,,,0.0,1591,1524,,0,0,FAIL
1928.842,3,FAIL,0,0,NO_ORIGIN,0,0,1,1,1,1,0,0.0,,,,,0.0,1591,1524,,0,0,FAIL
1928.893,3,FAIL,0,0,NO_ORIGIN,0,0,1,1,1,1,0,0.0,,,,,0.0,1591,1524,,0,0,FAIL
1928.943,3,FAIL,0,0,NO_ORIGIN,0,0,1,1,1,1,0,0.0,,,,,0.0,1591,1524,,0,0,FAIL
1928.993,3,FAIL,0,0,NO_ORIGIN,0,0,1,1,1,1,0,0.0,,,,,0.0,1591,1524,,0,0,FAIL
1929.044,3,FAIL,0,0,NO_ORIGIN,0,0,1,1,1,1,0,0.0,,,,,0.0,1591,1524,,0,0,FAIL
1929.094,3,FAIL,0,0,NO_ORIGIN,0,0,1,1,1,1,0,0.0,,,,,0.0,1591,1524,,0,0,FAIL
1929.144,3,FAIL,0,0,NO_ORIGIN,0,0,1,1,1,1,0,0.0,,,,,0.0,1591,1524,,0,0,FAIL
1929.194,3,FAIL,0,0,NO_ORIGIN,0,0,1,1,1,1,0,0.0,,,,,0.0,1591,1524,,0,0,FAIL
1929.245,3,FAIL,0,0,NO_ORIGIN,0,0,1,1,1,1,0,0.0,,,,,0.0,1591,1524,,0,0,FAIL
1929.295,3,FAIL,0,0,NO_ORIGIN,0,0,1,1,1,1,0,0.0,,,,,0.0,1591,1524,,0,0,FAIL
1929.346,3,FAIL,0,0,NO_ORIGIN,0,0,1,1,1,1,0,0.0,,,,,0.0,1591,1524,,0,0,FAIL
1929.396,3,FAIL,0,0,NO_ORIGIN,0,0,1,1,1,1,0,0.0,,,,,0.0,1591,1524,,0,0,FAIL
1929.446,3,FAIL,0,0,NO_ORIGIN,0,0,1,1,1,1,0,0.0,,,,,0.0,1591,1524,,0,0,FAIL
1929.496,3,FAIL,0,0,NO_ORIGIN,0,0,1,1,1,1,0,0.0,,,,,0.0,1591,1524,,0,0,FAIL
1929.547,3,FAIL,0,0,NO_ORIGIN,0,0,1,1,1,1,0,0.0,,,,,0.0,1591,1524,,0,0,FAIL
1929.597,3,FAIL,0,0,NO_ORIGIN,0,0,1,1,1,1,0,0.0,,,,,0.0,1591,1524,,0,0,FAIL
1929.648,3,FAIL,0,0,NO_ORIGIN,0,0,1,1,1,1,0,0.0,,,,,0.0,1591,1524,,0,0,FAIL
1929.701,3,FAIL,0,0,NO_ORIGIN,0,0,1,1,1,1,0,0.0,,,,,0.0,1591,1524,,0,0,FAIL
1929.752,3,FAIL,0,0,NO_ORIGIN,0,0,1,1,1,1,0,0.0,,,,,0.0,1591,1524,,0,0,FAIL
1929.803,3,FAIL,0,0,NO_ORIGIN,0,0,1,1,1,1,0,0.0,,,,,0.0,1591,1524,,0,0,FAIL
1929.853,3,FAIL,0,0,NO_ORIGIN,0,0,1,1,1,1,0,0.0,,,,,0.0,1591,1524,,0,0,FAIL
1929.903,3,FAIL,0,0,NO_ORIGIN,0,0,1,1,1,1,0,0.0,,,,,0.0,1591,1524,,0,0,FAIL
1929.955,3,FAIL,0,0,NO_ORIGIN,0,0,1,1,1,1,0,0.0,,,,,0.0,1591,1524,,0,0,FAIL
1930.005,3,FAIL,0,0,NO_ORIGIN,0,0,1,1,1,1,0,0.0,,,,,0.0,1591,1524,,0,0,FAIL
1930.056,3,FAIL,0,0,NO_ORIGIN,0,0,1,1,1,1,0,0.0,,,,,0.0,1591,1524,,0,0,FAIL
1930.109,3,FAIL,0,0,NO_ORIGIN,0,0,1,1,1,1,0,0.0,,,,,0.0,1591,1524,,0,0,FAIL
1930.159,3,FAIL,0,0,NO_ORIGIN,0,0,1,1,1,1,0,0.0,,,,,0.0,1591,1524,,0,0,FAIL
1930.211,3,FAIL,0,0,NO_ORIGIN,0,0,1,1,1,1,0,0.0,,,,,0.0,1591,1524,,0,0,FAIL
1930.263,3,FAIL,0,0,NO_ORIGIN,0,0,1,1,1,1,0,0.0,,,,,0.0,1591,1524,,0,0,FAIL
1930.313,3,FAIL,0,0,NO_ORIGIN,0,0,1,1,1,1,0,0.0,,,,,0.0,1591,1524,,0,0,FAIL
1930.364,3,FAIL,0,0,NO_ORIGIN,0,0,1,1,1,1,0,0.0,,,,,0.0,1591,1524,,0,0,FAIL
1930.414,3,FAIL,0,0,NO_ORIGIN,0,0,1,1,1,1,0,0.0,,,,,0.0,1591,1524,,0,0,FAIL
1930.466,3,FAIL,0,0,NO_ORIGIN,0,0,1,1,1,1,0,0.0,,,,,0.0,1591,1524,,0,0,FAIL
1930.518,3,FAIL,0,0,NO_ORIGIN,0,0,1,1,1,1,0,0.0,,,,,0.0,1591,1524,,0,0,FAIL
1930.568,3,FAIL,0,0,NO_ORIGIN,0,0,1,1,1,1,0,0.0,,,,,0.0,1591,1524,,0,0,FAIL
1930.619,3,FAIL,0,0,NO_ORIGIN,0,0,1,1,1,1,0,0.0,,,,,0.0,1591,1524,,0,0,FAIL
1930.669,3,FAIL,0,0,NO_ORIGIN,0,0,1,1,1,1,0,0.0,,,,,0.0,1591,1524,,0,0,FAIL
1930.722,3,FAIL,0,0,NO_ORIGIN,0,0,1,1,1,1,0,0.0,,,,,0.0,1591,1524,,0,0,FAIL
1930.774,3,FAIL,0,0,NO_ORIGIN,0,0,1,1,1,1,0,0.0,,,,,0.0,1591,1524,,0,0,FAIL
1930.824,3,FAIL,0,0,NO_ORIGIN,0,0,1,1,1,1,0,0.0,,,,,0.0,1591,1524,,0,0,FAIL
1930.874,3,FAIL,0,0,NO_ORIGIN,0,0,1,1,1,1,0,0.0,,,,,0.0,1591,1524,,0,0,FAIL
1930.925,3,FAIL,0,0,NO_ORIGIN,0,0,1,1,1,1,0,0.0,,,,,0.0,1591,1524,,0,0,FAIL
1930.975,3,FAIL,0,0,NO_ORIGIN,0,0,1,1,1,1,0,0.0,,,,,0.0,1591,1524,,0,0,FAIL
1931.026,3,FAIL,0,0,NO_ORIGIN,0,0,1,1,1,1,0,0.0,,,,,0.0,1591,1524,,0,0,FAIL
1931.076,3,FAIL,0,0,NO_ORIGIN,0,0,1,1,1,1,0,0.0,,,,,0.0,1591,1524,,0,0,FAIL
1931.126,3,FAIL,0,0,NO_ORIGIN,0,0,1,1,1,1,0,0.0,,,,,0.0,1591,1524,,0,0,FAIL
1931.176,3,FAIL,0,0,NO_ORIGIN,0,0,1,1,1,1,0,0.0,,,,,0.0,1591,1524,,0,0,FAIL
1931.226,3,FAIL,0,0,NO_ORIGIN,0,0,1,1,1,1,0,0.0,,,,,0.0,1591,1524,,0,0,FAIL
1931.277,3,FAIL,0,0,NO_ORIGIN,0,0,1,1,1,1,0,0.0,,,,,0.0,1591,1524,,0,0,FAIL
1931.327,3,FAIL,0,0,NO_ORIGIN,0,0,1,1,1,1,0,0.0,,,,,0.0,1591,1524,,0,0,FAIL
1931.378,3,FAIL,0,0,NO_ORIGIN,0,0,1,1,1,1,0,0.0,,,,,0.0,1591,1524,,0,0,FAIL
1931.428,3,FAIL,0,0,NO_ORIGIN,0,0,1,1,1,1,0,0.0,,,,,0.0,1591,1524,,0,0,FAIL
1931.478,3,FAIL,0,0,NO_ORIGIN,0,0,1,1,1,1,0,0.0,,,,,0.0,1591,1524,,0,0,FAIL
1931.528,3,FAIL,0,0,NO_ORIGIN,0,0,1,1,1,1,0,0.0,,,,,0.0,1591,1524,,0,0,FAIL
1931.578,3,FAIL,0,0,NO_ORIGIN,0,0,1,1,1,1,0,0.0,,,,,0.0,1591,1524,,0,0,FAIL
1931.629,3,FAIL,0,0,NO_ORIGIN,0,0,1,1,1,1,0,0.0,,,,,0.0,1591,1524,,0,0,FAIL
1931.679,3,FAIL,0,0,NO_ORIGIN,0,0,1,1,1,1,0,0.0,,,,,0.0,1591,1524,,0,0,FAIL
1931.729,3,FAIL,0,0,NO_ORIGIN,0,0,1,1,1,1,0,0.0,,,,,0.0,1591,1524,,0,0,FAIL
1931.78,3,FAIL,0,0,NO_ORIGIN,0,0,1,1,1,1,0,0.0,,,,,0.0,1591,1524,,0,0,FAIL
1931.83,3,FAIL,0,0,NO_ORIGIN,0,0,1,1,1,1,0,0.0,,,,,0.0,1591,1524,,0,0,FAIL
1931.88,3,FAIL,0,0,NO_ORIGIN,0,0,1,1,1,1,0,0.0,,,,,0.0,1591,1524,,0,0,FAIL
1931.93,3,FAIL,0,0,NO_ORIGIN,0,0,1,1,1,1,0,0.0,,,,,0.0,1591,1524,,0,0,FAIL
1931.981,3,FAIL,0,0,NO_ORIGIN,0,0,1,1,1,1,0,0.0,,,,,0.0,1591,1524,,0,0,FAIL
1932.031,3,FAIL,0,0,NO_ORIGIN,0,0,1,1,1,1,0,0.0,,,,,0.0,1591,1524,,0,0,FAIL
1932.081,3,FAIL,0,0,NO_ORIGIN,0,0,1,1,1,1,0,0.0,,,,,0.0,1591,1524,,0,0,FAIL
1932.131,3,FAIL,0,0,NO_ORIGIN,0,0,1,1,1,1,0,0.0,,,,,0.0,1591,1524,,0,0,FAIL
1932.181,3,FAIL,0,0,NO_ORIGIN,0,0,1,1,1,1,0,0.0,,,,,0.0,1591,1524,,0,0,FAIL
1932.232,3,FAIL,0,0,NO_ORIGIN,0,0,1,1,1,1,0,0.0,,,,,0.0,1591,1524,,0,0,FAIL
1932.282,3,FAIL,0,0,NO_ORIGIN,0,0,1,1,1,1,0,0.0,,,,,0.0,1591,1524,,0,0,FAIL
1932.332,3,FAIL,0,0,NO_ORIGIN,0,0,1,1,1,1,0,0.0,,,,,0.0,1591,1524,,0,0,FAIL
1932.382,3,FAIL,0,0,NO_ORIGIN,0,0,1,1,1,1,0,0.0,,,,,0.0,1591,1524,,0,0,FAIL
1932.433,3,FAIL,0,0,NO_ORIGIN,0,0,1,1,1,1,0,0.0,,,,,0.0,1591,1524,,0,0,FAIL
1932.483,3,FAIL,0,0,NO_ORIGIN,0,0,1,1,1,1,0,0.0,,,,,0.0,1591,1524,,0,0,FAIL
1932.533,3,FAIL,0,0,NO_ORIGIN,0,0,1,1,1,1,0,0.0,,,,,0.0,1591,1524,,0,0,FAIL
1932.583,3,FAIL,0,0,NO_ORIGIN,0,0,1,1,1,1,0,0.0,,,,,0.0,1591,1524,,0,0,FAIL
1932.634,3,FAIL,0,0,NO_ORIGIN,0,0,1,1,1,1,0,0.0,,,,,0.0,1591,1524,,0,0,FAIL
1932.684,3,FAIL,0,0,NO_ORIGIN,0,0,1,1,1,1,0,0.0,,,,,0.0,1591,1524,,0,0,FAIL
1932.735,3,FAIL,0,0,NO_ORIGIN,0,0,1,1,1,1,0,0.0,,,,,0.0,1591,1524,,0,0,FAIL
1932.785,3,FAIL,0,0,NO_ORIGIN,0,0,1,1,1,1,0,0.0,,,,,0.0,1591,1524,,0,0,FAIL
1932.836,3,FAIL,0,0,NO_ORIGIN,0,0,1,1,1,1,0,0.0,,,,,0.0,1591,1524,,0,0,FAIL
1932.886,3,FAIL,0,0,NO_ORIGIN,0,0,1,1,1,1,0,0.0,,,,,0.0,1591,1524,,0,0,FAIL
1932.936,3,FAIL,0,0,NO_ORIGIN,0,0,1,1,1,1,0,0.0,,,,,0.0,1591,1524,,0,0,FAIL
1932.987,3,FAIL,0,0,NO_ORIGIN,0,0,1,1,1,1,0,0.0,,,,,0.0,1591,1524,,0,0,FAIL
1933.037,3,FAIL,0,0,NO_ORIGIN,0,0,1,1,1,1,0,0.0,,,,,0.0,1591,1524,,0,0,FAIL
1933.089,3,FAIL,0,0,NO_ORIGIN,0,0,1,1,1,1,0,0.0,,,,,0.0,1591,1524,,0,0,FAIL
1933.139,3,FAIL,0,0,NO_ORIGIN,0,0,1,1,1,1,0,0.0,,,,,0.0,1591,1524,,0,0,FAIL
1933.19,3,FAIL,0,0,NO_ORIGIN,0,0,1,1,1,1,0,0.0,,,,,0.0,1591,1524,,0,0,FAIL
1933.241,3,FAIL,0,0,NO_ORIGIN,0,0,1,1,1,1,0,0.0,,,,,0.0,1591,1524,,0,0,FAIL
1933.291,3,FAIL,0,0,NO_ORIGIN,0,0,1,1,1,1,0,0.0,,,,,0.0,1591,1524,,0,0,FAIL
1933.341,3,FAIL,0,0,NO_ORIGIN,0,0,1,1,1,1,0,0.0,,,,,0.0,1591,1524,,0,0,FAIL
1933.391,3,FAIL,0,0,NO_ORIGIN,0,0,1,1,1,1,0,0.0,,,,,0.0,1591,1524,,0,0,FAIL
1933.441,3,FAIL,0,0,NO_ORIGIN,0,0,1,1,1,1,0,0.0,,,,,0.0,1591,1524,,0,0,FAIL
1933.492,3,FAIL,0,0,NO_ORIGIN,0,0,1,1,1,1,0,0.0,,,,,0.0,1591,1524,,0,0,FAIL
1933.542,3,FAIL,0,0,NO_ORIGIN,0,0,1,1,1,1,0,0.0,,,,,0.0,1591,1524,,0,0,FAIL
1933.592,3,FAIL,0,0,NO_ORIGIN,0,0,1,1,1,1,0,0.0,,,,,0.0,1591,1524,,0,0,FAIL
1933.642,3,FAIL,0,0,NO_ORIGIN,0,0,1,1,1,1,0,0.0,,,,,0.0,1591,1524,,0,0,FAIL
1933.692,3,FAIL,0,0,NO_ORIGIN,0,0,1,1,1,1,0,0.0,,,,,0.0,1591,1524,,0,0,FAIL
1933.743,3,FAIL,0,0,NO_ORIGIN,0,0,1,1,1,1,0,0.0,,,,,0.0,1591,1524,,0,0,FAIL
1933.793,3,FAIL,0,0,NO_ORIGIN,0,0,1,1,1,1,0,0.0,,,,,0.0,1591,1524,,0,0,FAIL
1933.843,3,FAIL,0,0,NO_ORIGIN,0,0,1,1,1,1,0,0.0,,,,,0.0,1591,1524,,0,0,FAIL
1933.893,3,FAIL,0,0,NO_ORIGIN,0,0,1,1,1,1,0,0.0,,,,,0.0,1591,1524,,0,0,FAIL
1933.943,3,FAIL,0,0,NO_ORIGIN,0,0,1,1,1,1,0,0.0,,,,,0.0,1591,1524,,0,0,FAIL
1933.994,3,FAIL,0,0,NO_ORIGIN,0,0,1,1,1,1,0,0.0,,,,,0.0,1591,1524,,0,0,FAIL
1934.044,3,FAIL,0,0,NO_ORIGIN,0,0,1,1,1,1,0,0.0,,,,,0.0,1591,1524,,0,0,FAIL
1934.094,3,FAIL,0,0,NO_ORIGIN,0,0,1,1,1,1,0,0.0,,,,,0.0,1591,1524,,0,0,FAIL
1934.152,3,FAIL,0,0,NO_ORIGIN,0,0,1,1,1,1,0,0.0,,,,,0.0,1591,1524,,0,0,FAIL
1934.202,3,FAIL,0,0,NO_ORIGIN,0,0,1,1,1,1,0,0.0,,,,,0.0,1591,1524,,0,0,FAIL
1934.253,3,FAIL,0,0,NO_ORIGIN,0,0,1,1,1,1,0,0.0,,,,,0.0,1591,1524,,0,0,FAIL
1934.303,3,FAIL,0,0,NO_ORIGIN,0,0,1,1,1,1,0,0.0,,,,,0.0,1591,1524,,0,0,FAIL
1934.353,3,FAIL,0,0,NO_ORIGIN,0,0,1,1,1,1,0,0.0,,,,,0.0,1591,1524,,0,0,FAIL
1934.403,3,FAIL,0,0,NO_ORIGIN,0,0,1,1,1,1,0,0.0,,,,,0.0,1591,1524,,0,0,FAIL
1934.453,3,FAIL,0,0,NO_ORIGIN,0,0,1,1,1,1,0,0.0,,,,,0.0,1591,1524,,0,0,FAIL
1934.504,3,FAIL,0,0,NO_ORIGIN,0,0,1,1,1,1,0,0.0,,,,,0.0,1591,1524,,0,0,FAIL
1934.554,3,FAIL,0,0,NO_ORIGIN,0,0,1,1,1,1,0,0.0,,,,,0.0,1591,1524,,0,0,FAIL
1934.605,3,FAIL,0,0,NO_ORIGIN,0,0,1,1,1,1,0,0.0,,,,,0.0,1591,1524,,0,0,FAIL
1934.655,3,FAIL,0,0,NO_ORIGIN,0,0,1,1,1,1,0,0.0,,,,,0.0,1591,1524,,0,0,FAIL
1934.705,3,FAIL,0,0,NO_ORIGIN,0,0,1,1,1,1,0,0.0,,,,,0.0,1591,1524,,0,0,FAIL
1934.755,3,FAIL,0,0,NO_ORIGIN,0,0,1,1,1,1,0,0.0,,,,,0.0,1591,1524,,0,0,FAIL
1934.805,3,FAIL,0,0,NO_ORIGIN,0,0,1,1,1,1,0,0.0,,,,,0.0,1591,1524,,0,0,FAIL
1934.856,3,FAIL,0,0,NO_ORIGIN,0,0,1,1,1,1,0,0.0,,,,,0.0,1591,1524,,0,0,FAIL
1934.906,3,FAIL,0,0,NO_ORIGIN,0,0,1,1,1,1,0,0.0,,,,,0.0,1591,1524,,0,0,FAIL
1934.956,3,FAIL,0,0,NO_ORIGIN,0,0,1,1,1,1,0,0.0,,,,,0.0,1591,1524,,0,0,FAIL
1935.008,3,FAIL,0,0,NO_ORIGIN,0,0,1,1,1,1,0,0.0,,,,,0.0,1591,1524,,0,0,FAIL
1935.058,3,FAIL,0,0,NO_ORIGIN,0,0,1,1,1,1,0,0.0,,,,,0.0,1591,1524,,0,0,FAIL
1935.108,3,FAIL,0,0,NO_ORIGIN,0,0,1,1,1,1,0,0.0,,,,,0.0,1591,1524,,0,0,FAIL
1935.16,3,FAIL,0,0,NO_ORIGIN,0,0,1,1,1,1,0,0.0,,,,,0.0,1591,1524,,0,0,FAIL
1935.211,3,FAIL,0,0,NO_ORIGIN,0,0,1,1,1,1,0,0.0,,,,,0.0,1591,1524,,0,0,FAIL
1935.261,3,FAIL,0,0,NO_ORIGIN,0,0,1,1,1,1,0,0.0,,,,,0.0,1591,1524,,0,0,FAIL
1935.312,3,FAIL,0,0,NO_ORIGIN,0,0,1,1,1,1,0,0.0,,,,,0.0,1591,1524,,0,0,FAIL
1935.362,3,FAIL,0,0,NO_ORIGIN,0,0,1,1,1,1,0,0.0,,,,,0.0,1591,1524,,0,0,FAIL
1935.413,3,FAIL,0,0,NO_ORIGIN,0,0,1,1,1,1,0,0.0,,,,,0.0,1591,1524,,0,0,FAIL
1935.464,3,FAIL,0,0,NO_ORIGIN,0,0,1,1,1,1,0,0.0,,,,,0.0,1591,1524,,0,0,FAIL
1935.514,3,FAIL,0,0,NO_ORIGIN,0,0,1,1,1,1,0,0.0,,,,,0.0,1591,1524,,0,0,FAIL
1935.564,3,FAIL,0,0,NO_ORIGIN,0,0,1,1,1,1,0,0.0,,,,,0.0,1591,1524,,0,0,FAIL
1935.614,3,FAIL,0,0,NO_ORIGIN,0,0,1,1,1,1,0,0.0,,,,,0.0,1591,1524,,0,0,FAIL
1935.664,3,FAIL,0,0,NO_ORIGIN,0,0,1,1,1,1,0,0.0,,,,,0.0,1591,1524,,0,0,FAIL
1935.715,3,FAIL,0,0,NO_ORIGIN,0,0,1,1,1,1,0,0.0,,,,,0.0,1591,1524,,0,0,FAIL
1935.767,3,FAIL,0,0,NO_ORIGIN,0,0,1,1,1,1,0,0.0,,,,,0.0,1591,1524,,0,0,FAIL
1935.817,3,FAIL,0,0,NO_ORIGIN,0,0,1,1,1,1,0,0.0,,,,,0.0,1591,1524,,0,0,FAIL
1935.867,3,FAIL,0,0,NO_ORIGIN,0,0,1,1,1,1,0,0.0,,,,,0.0,1591,1524,,0,0,FAIL
1935.918,3,FAIL,0,0,NO_ORIGIN,0,0,1,1,1,1,0,0.0,,,,,0.0,1591,1524,,0,0,FAIL
1935.968,3,FAIL,0,0,NO_ORIGIN,0,0,1,1,1,1,0,0.0,,,,,0.0,1591,1524,,0,0,FAIL
1936.018,3,FAIL,0,0,NO_ORIGIN,0,0,1,1,1,1,0,0.0,,,,,0.0,1591,1524,,0,0,FAIL
1936.07,3,FAIL,0,0,NO_ORIGIN,0,0,1,1,1,1,0,0.0,,,,,0.0,1591,1524,,0,0,FAIL
1936.12,3,FAIL,0,0,NO_ORIGIN,0,0,1,1,1,1,0,0.0,,,,,0.0,1591,1524,,0,0,FAIL
1936.17,3,FAIL,0,0,NO_ORIGIN,0,0,1,1,1,1,0,0.0,,,,,0.0,1591,1524,,0,0,FAIL
1936.221,3,FAIL,0,0,NO_ORIGIN,0,0,1,1,1,1,0,0.0,,,,,0.0,1591,1524,,0,0,FAIL
1936.271,3,FAIL,0,0,NO_ORIGIN,0,0,1,1,1,1,0,0.0,,,,,0.0,1591,1524,,0,0,FAIL
1936.321,3,FAIL,0,0,NO_ORIGIN,0,0,1,1,1,1,0,0.0,,,,,0.0,1591,1524,,0,0,FAIL
1936.371,3,FAIL,0,0,NO_ORIGIN,0,0,1,1,1,1,0,0.0,,,,,0.0,1591,1524,,0,0,FAIL
1936.421,3,FAIL,0,0,NO_ORIGIN,0,0,1,1,1,1,0,0.0,,,,,0.0,1591,1524,,0,0,FAIL
1936.472,3,FAIL,0,0,NO_ORIGIN,0,0,1,1,1,1,0,0.0,,,,,0.0,1591,1524,,0,0,FAIL
1936.522,3,FAIL,0,0,NO_ORIGIN,0,0,1,1,1,1,0,0.0,,,,,0.0,1591,1524,,0,0,FAIL
1936.572,3,FAIL,0,0,NO_ORIGIN,0,0,1,1,1,1,0,0.0,,,,,0.0,1591,1524,,0,0,FAIL
1936.622,3,FAIL,0,0,NO_ORIGIN,0,0,1,1,1,1,0,0.0,,,,,0.0,1591,1524,,0,0,FAIL
1936.673,3,FAIL,0,0,NO_ORIGIN,0,0,1,1,1,1,0,0.0,,,,,0.0,1591,1524,,0,0,FAIL
1936.723,3,FAIL,0,0,NO_ORIGIN,0,0,1,1,1,1,0,0.0,,,,,0.0,1591,1524,,0,0,FAIL
1936.773,3,FAIL,0,0,NO_ORIGIN,0,0,1,1,1,1,0,0.0,,,,,0.0,1591,1524,,0,0,FAIL
1936.823,3,FAIL,0,0,NO_ORIGIN,0,0,1,1,1,1,0,0.0,,,,,0.0,1591,1524,,0,0,FAIL
1936.874,3,FAIL,0,0,NO_ORIGIN,0,0,1,1,1,1,0,0.0,,,,,0.0,1591,1524,,0,0,FAIL
1936.924,3,FAIL,0,0,NO_ORIGIN,0,0,1,1,1,1,0,0.0,,,,,0.0,1591,1524,,0,0,FAIL
1936.974,3,FAIL,0,0,NO_ORIGIN,0,0,1,1,1,1,0,0.0,,,,,0.0,1591,1524,,0,0,FAIL
1937.024,3,FAIL,0,0,NO_ORIGIN,0,0,1,1,1,1,0,0.0,,,,,0.0,1591,1524,,0,0,FAIL
1937.074,3,FAIL,0,0,NO_ORIGIN,0,0,1,1,1,1,0,0.0,,,,,0.0,1591,1524,,0,0,FAIL
1937.124,3,FAIL,0,0,NO_ORIGIN,0,0,1,1,1,1,0,0.0,,,,,0.0,1591,1524,,0,0,FAIL
1937.175,3,FAIL,0,0,NO_ORIGIN,0,0,1,1,1,1,0,0.0,,,,,0.0,1591,1524,,0,0,FAIL
1937.225,3,FAIL,0,0,NO_ORIGIN,0,0,1,1,1,1,0,0.0,,,,,0.0,1591,1524,,0,0,FAIL
1937.275,3,FAIL,0,0,NO_ORIGIN,0,0,1,1,1,1,0,0.0,,,,,0.0,1591,1524,,0,0,FAIL
1937.325,3,FAIL,0,0,NO_ORIGIN,0,0,1,1,1,1,0,0.0,,,,,0.0,1591,1524,,0,0,FAIL
1937.375,3,FAIL,0,0,NO_ORIGIN,0,0,1,1,1,1,0,0.0,,,,,0.0,1591,1524,,0,0,FAIL
1937.426,3,FAIL,0,0,NO_ORIGIN,0,0,1,1,1,1,0,0.0,,,,,0.0,1591,1524,,0,0,FAIL
1937.476,3,FAIL,0,0,NO_ORIGIN,0,0,1,1,1,1,0,0.0,,,,,0.0,1591,1524,,0,0,FAIL
1937.526,3,FAIL,0,0,NO_ORIGIN,0,0,1,1,1,1,0,0.0,,,,,0.0,1591,1524,,0,0,FAIL
1937.576,3,FAIL,0,0,NO_ORIGIN,0,0,1,1,1,1,0,0.0,,,,,0.0,1591,1524,,0,0,FAIL
1937.627,3,FAIL,0,0,NO_ORIGIN,0,0,1,1,1,1,0,0.0,,,,,0.0,1591,1524,,0,0,FAIL
1937.679,3,FAIL,0,0,NO_ORIGIN,0,0,1,1,1,1,0,0.0,,,,,0.0,1591,1524,,0,0,FAIL
1937.731,3,FAIL,0,0,NO_ORIGIN,0,0,1,1,1,1,0,0.0,,,,,0.0,1591,1524,,0,0,FAIL
1937.782,3,FAIL,0,0,NO_ORIGIN,0,0,1,1,1,1,0,0.0,,,,,0.0,1591,1524,,0,0,FAIL
1937.832,3,FAIL,0,0,NO_ORIGIN,0,0,1,1,1,1,0,0.0,,,,,0.0,1591,1524,,0,0,FAIL
1937.882,3,FAIL,0,0,NO_ORIGIN,0,0,1,1,1,1,0,0.0,,,,,0.0,1591,1524,,0,0,FAIL
1937.932,3,FAIL,0,0,NO_ORIGIN,0,0,1,1,1,1,0,0.0,,,,,0.0,1591,1524,,0,0,FAIL
1937.982,3,FAIL,0,0,NO_ORIGIN,0,0,1,1,1,1,0,0.0,,,,,0.0,1591,1524,,0,0,FAIL
1938.033,3,FAIL,0,0,NO_ORIGIN,0,0,1,1,1,1,0,0.0,,,,,0.0,1591,1524,,0,0,FAIL
1938.083,3,FAIL,0,0,NO_ORIGIN,0,0,1,1,1,1,0,0.0,,,,,0.0,1591,1524,,0,0,FAIL
1938.133,3,FAIL,0,0,NO_ORIGIN,0,0,1,1,1,1,0,0.0,,,,,0.0,1591,1524,,0,0,FAIL
1938.186,3,FAIL,0,0,NO_ORIGIN,0,0,1,1,1,1,0,0.0,,,,,0.0,1591,1524,,0,0,FAIL
1938.236,3,FAIL,0,0,NO_ORIGIN,0,0,1,1,1,1,0,0.0,,,,,0.0,1591,1524,,0,0,FAIL
1938.286,3,FAIL,0,0,NO_ORIGIN,0,0,1,1,1,1,0,0.0,,,,,0.0,1591,1524,,0,0,FAIL
1938.337,3,FAIL,0,0,NO_ORIGIN,0,0,1,1,1,1,0,0.0,,,,,0.0,1591,1524,,0,0,FAIL
1938.387,3,FAIL,0,0,NO_ORIGIN,0,0,1,1,1,1,0,0.0,,,,,0.0,1591,1524,,0,0,FAIL
1938.437,3,FAIL,0,0,NO_ORIGIN,0,0,1,1,1,1,0,0.0,,,,,0.0,1591,1524,,0,0,FAIL
1938.488,3,FAIL,0,0,NO_ORIGIN,0,0,1,1,1,1,0,0.0,,,,,0.0,1591,1524,,0,0,FAIL
1938.54,3,FAIL,0,0,NO_ORIGIN,0,0,1,1,1,1,0,0.0,,,,,0.0,1591,1524,,0,0,FAIL
1938.59,3,FAIL,0,0,NO_ORIGIN,0,0,1,1,1,1,0,0.0,,,,,0.0,1591,1524,,0,0,FAIL
1938.64,3,FAIL,0,0,NO_ORIGIN,0,0,1,1,1,1,0,0.0,,,,,0.0,1591,1524,,0,0,FAIL
1938.692,3,FAIL,0,0,NO_ORIGIN,0,0,1,1,1,1,0,0.0,,,,,0.0,1591,1524,,0,0,FAIL
1938.742,3,FAIL,0,0,NO_ORIGIN,0,0,1,1,1,1,0,0.0,,,,,0.0,1591,1524,,0,0,FAIL
1938.792,3,FAIL,0,0,NO_ORIGIN,0,0,1,1,1,1,0,0.0,,,,,0.0,1591,1524,,0,0,FAIL
1938.842,3,FAIL,0,0,NO_ORIGIN,0,0,1,1,1,1,0,0.0,,,,,0.0,1591,1524,,0,0,FAIL
1938.892,3,FAIL,0,0,NO_ORIGIN,0,0,1,1,1,1,0,0.0,,,,,0.0,1591,1524,,0,0,FAIL
1938.942,3,FAIL,0,0,NO_ORIGIN,0,0,1,1,1,1,0,0.0,,,,,0.0,1591,1524,,0,0,FAIL
1938.993,3,FAIL,0,0,NO_ORIGIN,0,0,1,1,1,1,0,0.0,,,,,0.0,1591,1524,,0,0,FAIL
1939.043,3,FAIL,0,0,NO_ORIGIN,0,0,1,1,1,1,0,0.0,,,,,0.0,1591,1524,,0,0,FAIL
1939.093,3,FAIL,0,0,NO_ORIGIN,0,0,1,1,1,1,0,0.0,,,,,0.0,1591,1524,,0,0,FAIL
1939.143,3,FAIL,0,0,NO_ORIGIN,0,0,1,1,1,1,0,0.0,,,,,0.0,1591,1524,,0,0,FAIL
1939.193,3,FAIL,0,0,NO_ORIGIN,0,0,1,1,1,1,0,0.0,,,,,0.0,1591,1524,,0,0,FAIL
1939.244,3,FAIL,0,0,NO_ORIGIN,0,0,1,1,1,1,0,0.0,,,,,0.0,1591,1524,,0,0,FAIL
1939.294,3,FAIL,0,0,NO_ORIGIN,0,0,1,1,1,1,0,0.0,,,,,0.0,1591,1524,,0,0,FAIL
1939.344,3,FAIL,0,0,NO_ORIGIN,0,0,1,1,1,1,0,0.0,,,,,0.0,1591,1524,,0,0,FAIL
1939.394,3,FAIL,0,0,NO_ORIGIN,0,0,1,1,1,1,0,0.0,,,,,0.0,1591,1524,,0,0,FAIL
1939.445,3,FAIL,0,0,NO_ORIGIN,0,0,1,1,1,1,0,0.0,,,,,0.0,1591,1524,,0,0,FAIL
1939.495,3,FAIL,0,0,NO_ORIGIN,0,0,1,1,1,1,0,0.0,,,,,0.0,1591,1524,,0,0,FAIL
1939.545,3,FAIL,0,0,NO_ORIGIN,0,0,1,1,1,1,0,0.0,,,,,0.0,1591,1524,,0,0,FAIL
1939.595,3,FAIL,0,0,NO_ORIGIN,0,0,1,1,1,1,0,0.0,,,,,0.0,1591,1524,,0,0,FAIL
1939.645,3,FAIL,0,0,NO_ORIGIN,0,0,1,1,1,1,0,0.0,,,,,0.0,1591,1524,,0,0,FAIL
1939.696,3,FAIL,0,0,NO_ORIGIN,0,0,1,1,1,1,0,0.0,,,,,0.0,1591,1524,,0,0,FAIL
1939.748,3,FAIL,0,0,NO_ORIGIN,0,0,1,1,1,1,0,0.0,,,,,0.0,1591,1524,,0,0,FAIL
1939.798,3,FAIL,0,0,NO_ORIGIN,0,0,1,1,1,1,0,0.0,,,,,0.0,1591,1524,,0,0,FAIL
1939.849,3,FAIL,0,0,NO_ORIGIN,0,0,1,1,1,1,0,0.0,,,,,0.0,1591,1524,,0,0,FAIL
1939.899,3,FAIL,0,0,NO_ORIGIN,0,0,1,1,1,1,0,0.0,,,,,0.0,1591,1524,,0,0,FAIL
1939.95,3,FAIL,0,0,NO_ORIGIN,0,0,1,1,1,1,0,0.0,,,,,0.0,1591,1524,,0,0,FAIL
1940.002,3,FAIL,0,0,NO_ORIGIN,0,0,1,1,1,1,0,0.0,,,,,0.0,1591,1524,,0,0,FAIL
1940.052,3,FAIL,0,0,NO_ORIGIN,0,0,1,1,1,1,0,0.0,,,,,0.0,1591,1524,,0,0,FAIL
1940.102,3,FAIL,0,0,NO_ORIGIN,0,0,1,1,1,1,0,0.0,,,,,0.0,1591,1524,,0,0,FAIL
1940.152,3,FAIL,0,0,NO_ORIGIN,0,0,1,1,1,1,0,0.0,,,,,0.0,1591,1524,,0,0,FAIL
1940.203,3,FAIL,0,0,NO_ORIGIN,0,0,1,1,1,1,0,0.0,,,,,0.0,1591,1524,,0,0,FAIL
1940.253,3,FAIL,0,0,NO_ORIGIN,0,0,1,1,1,1,0,0.0,,,,,0.0,1591,1524,,0,0,FAIL
1940.303,3,FAIL,0,0,NO_ORIGIN,0,0,1,1,1,1,0,0.0,,,,,0.0,1591,1524,,0,0,FAIL
1940.353,3,FAIL,0,0,NO_ORIGIN,0,0,1,1,1,1,0,0.0,,,,,0.0,1591,1524,,0,0,FAIL
1940.404,3,FAIL,0,0,NO_ORIGIN,0,0,1,1,1,1,0,0.0,,,,,0.0,1591,1524,,0,0,FAIL
1940.454,3,FAIL,0,0,NO_ORIGIN,0,0,1,1,1,1,0,0.0,,,,,0.0,1591,1524,,0,0,FAIL
1940.504,3,FAIL,0,0,NO_ORIGIN,0,0,1,1,1,1,0,0.0,,,,,0.0,1591,1524,,0,0,FAIL
1940.554,3,FAIL,0,0,NO_ORIGIN,0,0,1,1,1,1,0,0.0,,,,,0.0,1591,1524,,0,0,FAIL
1940.604,3,FAIL,0,0,NO_ORIGIN,0,0,1,1,1,1,0,0.0,,,,,0.0,1591,1524,,0,0,FAIL
1940.655,3,FAIL,0,0,NO_ORIGIN,0,0,1,1,1,1,0,0.0,,,,,0.0,1591,1524,,0,0,FAIL
1940.705,3,FAIL,0,0,NO_ORIGIN,0,0,1,1,1,1,0,0.0,,,,,0.0,1591,1524,,0,0,FAIL
1940.755,3,FAIL,0,0,NO_ORIGIN,0,0,1,1,1,1,0,0.0,,,,,0.0,1591,1524,,0,0,FAIL
1940.805,3,FAIL,0,0,NO_ORIGIN,0,0,1,1,1,1,0,0.0,,,,,0.0,1591,1524,,0,0,FAIL
1940.856,3,FAIL,0,0,NO_ORIGIN,0,0,1,1,1,1,0,0.0,,,,,0.0,1591,1524,,0,0,FAIL
1940.906,3,FAIL,0,0,NO_ORIGIN,0,0,1,1,1,1,0,0.0,,,,,0.0,1591,1524,,0,0,FAIL
1940.959,3,FAIL,0,0,NO_ORIGIN,0,0,1,1,1,1,0,0.0,,,,,0.0,1591,1524,,0,0,FAIL
1941.009,3,FAIL,0,0,NO_ORIGIN,0,0,1,1,1,1,0,0.0,,,,,0.0,1591,1524,,0,0,FAIL
1941.059,3,FAIL,0,0,NO_ORIGIN,0,0,1,1,1,1,0,0.0,,,,,0.0,1591,1524,,0,0,FAIL
1941.109,3,FAIL,0,0,NO_ORIGIN,0,0,1,1,1,1,0,0.0,,,,,0.0,1591,1524,,0,0,FAIL
1941.16,3,FAIL,0,0,NO_ORIGIN,0,0,1,1,1,1,0,0.0,,,,,0.0,1591,1524,,0,0,FAIL
1941.21,3,FAIL,0,0,NO_ORIGIN,0,0,1,1,1,1,0,0.0,,,,,0.0,1591,1524,,0,0,FAIL
1941.26,3,FAIL,0,0,NO_ORIGIN,0,0,1,1,1,1,0,0.0,,,,,0.0,1591,1524,,0,0,FAIL
1941.31,3,FAIL,0,0,NO_ORIGIN,0,0,1,1,1,1,0,0.0,,,,,0.0,1591,1524,,0,0,FAIL
1941.361,3,FAIL,0,0,NO_ORIGIN,0,0,1,1,1,1,0,0.0,,,,,0.0,1591,1524,,0,0,FAIL
1941.411,3,FAIL,0,0,NO_ORIGIN,0,0,1,1,1,1,0,0.0,,,,,0.0,1591,1524,,0,0,FAIL
1941.461,3,FAIL,0,0,NO_ORIGIN,0,0,1,1,1,1,0,0.0,,,,,0.0,1591,1524,,0,0,FAIL
1941.511,3,FAIL,0,0,NO_ORIGIN,0,0,1,1,1,1,0,0.0,,,,,0.0,1591,1524,,0,0,FAIL
1941.562,3,FAIL,0,0,NO_ORIGIN,0,0,1,1,1,1,0,0.0,,,,,0.0,1591,1524,,0,0,FAIL
1941.612,3,FAIL,0,0,NO_ORIGIN,0,0,1,1,1,1,0,0.0,,,,,0.0,1591,1524,,0,0,FAIL
1941.662,3,FAIL,0,0,NO_ORIGIN,0,0,1,1,1,1,0,0.0,,,,,0.0,1591,1524,,0,0,FAIL
1941.712,3,FAIL,0,0,NO_ORIGIN,0,0,1,1,1,1,0,0.0,,,,,0.0,1591,1524,,0,0,FAIL
1941.763,3,FAIL,0,0,NO_ORIGIN,0,0,1,1,1,1,0,0.0,,,,,0.0,1591,1524,,0,0,FAIL
1941.813,3,FAIL,0,0,NO_ORIGIN,0,0,1,1,1,1,0,0.0,,,,,0.0,1591,1524,,0,0,FAIL
1941.863,3,FAIL,0,0,NO_ORIGIN,0,0,1,1,1,1,0,0.0,,,,,0.0,1591,1524,,0,0,FAIL
1941.913,3,FAIL,0,0,NO_ORIGIN,0,0,1,1,1,1,0,0.0,,,,,0.0,1591,1524,,0,0,FAIL
1941.964,3,FAIL,0,0,NO_ORIGIN,0,0,1,1,1,1,0,0.0,,,,,0.0,1591,1524,,0,0,FAIL
1942.014,3,FAIL,0,0,NO_ORIGIN,0,0,1,1,1,1,0,0.0,,,,,0.0,1591,1524,,0,0,FAIL
1942.064,3,FAIL,0,0,NO_ORIGIN,0,0,1,1,1,1,0,0.0,,,,,0.0,1591,1524,,0,0,FAIL
1942.114,3,FAIL,0,0,NO_ORIGIN,0,0,1,1,1,1,0,0.0,,,,,0.0,1591,1524,,0,0,FAIL
1942.165,3,FAIL,0,0,NO_ORIGIN,0,0,1,1,1,1,0,0.0,,,,,0.0,1591,1524,,0,0,FAIL
1942.215,3,FAIL,0,0,NO_ORIGIN,0,0,1,1,1,1,0,0.0,,,,,0.0,1591,1524,,0,0,FAIL
1942.265,3,FAIL,0,0,NO_ORIGIN,0,0,1,1,1,1,0,0.0,,,,,0.0,1591,1524,,0,0,FAIL
1942.316,3,FAIL,0,0,NO_ORIGIN,0,0,1,1,1,1,0,0.0,,,,,0.0,1591,1524,,0,0,FAIL
1942.366,3,FAIL,0,0,NO_ORIGIN,0,0,1,1,1,1,0,0.0,,,,,0.0,1591,1524,,0,0,FAIL
1942.417,3,FAIL,0,0,NO_ORIGIN,0,0,1,1,1,1,0,0.0,,,,,0.0,1591,1524,,0,0,FAIL
1942.467,3,FAIL,0,0,NO_ORIGIN,0,0,1,1,1,1,0,0.0,,,,,0.0,1591,1524,,0,0,FAIL
1942.517,3,FAIL,0,0,NO_ORIGIN,0,0,1,1,1,1,0,0.0,,,,,0.0,1591,1524,,0,0,FAIL
1942.568,3,FAIL,0,0,NO_ORIGIN,0,0,1,1,1,1,0,0.0,,,,,0.0,1591,1524,,0,0,FAIL
1942.622,3,FAIL,0,0,NO_ORIGIN,0,0,1,1,1,1,0,0.0,,,,,0.0,1591,1524,,0,0,FAIL
1942.674,3,FAIL,0,0,NO_ORIGIN,0,0,1,1,1,1,0,0.0,,,,,0.0,1591,1524,,0,0,FAIL
1942.724,3,FAIL,0,0,NO_ORIGIN,0,0,1,1,1,1,0,0.0,,,,,0.0,1591,1524,,0,0,FAIL
1942.775,3,FAIL,0,0,NO_ORIGIN,0,0,1,1,1,1,0,0.0,,,,,0.0,1591,1524,,0,0,FAIL
1942.826,3,FAIL,0,0,NO_ORIGIN,0,0,1,1,1,1,0,0.0,,,,,0.0,1591,1524,,0,0,FAIL
1942.877,3,FAIL,0,0,NO_ORIGIN,0,0,1,1,1,1,0,0.0,,,,,0.0,1591,1524,,0,0,FAIL
1942.927,3,FAIL,0,0,NO_ORIGIN,0,0,1,1,1,1,0,0.0,,,,,0.0,1591,1524,,0,0,FAIL
1942.978,3,FAIL,0,0,NO_ORIGIN,0,0,1,1,1,1,0,0.0,,,,,0.0,1591,1524,,0,0,FAIL
1943.029,3,FAIL,0,0,NO_ORIGIN,0,0,1,1,1,1,0,0.0,,,,,0.0,1591,1524,,0,0,FAIL
1943.08,3,FAIL,0,0,NO_ORIGIN,0,0,1,1,1,1,0,0.0,,,,,0.0,1591,1524,,0,0,FAIL
1943.13,3,FAIL,0,0,NO_ORIGIN,0,0,1,1,1,1,0,0.0,,,,,0.0,1591,1524,,0,0,FAIL
1943.181,3,FAIL,0,0,NO_ORIGIN,0,0,1,1,1,1,0,0.0,,,,,0.0,1591,1524,,0,0,FAIL
1943.232,3,FAIL,0,0,NO_ORIGIN,0,0,1,1,1,1,0,0.0,,,,,0.0,1591,1524,,0,0,FAIL
1943.283,3,FAIL,0,0,NO_ORIGIN,0,0,1,1,1,1,0,0.0,,,,,0.0,1591,1524,,0,0,FAIL
1943.333,3,FAIL,0,0,NO_ORIGIN,0,0,1,1,1,1,0,0.0,,,,,0.0,1591,1524,,0,0,FAIL
1943.383,3,FAIL,0,0,NO_ORIGIN,0,0,1,1,1,1,0,0.0,,,,,0.0,1591,1524,,0,0,FAIL
1943.433,3,FAIL,0,0,NO_ORIGIN,0,0,1,1,1,1,0,0.0,,,,,0.0,1591,1524,,0,0,FAIL
1943.484,3,FAIL,0,0,NO_ORIGIN,0,0,1,1,1,1,0,0.0,,,,,0.0,1591,1524,,0,0,FAIL
1943.534,3,FAIL,0,0,NO_ORIGIN,0,0,1,1,1,1,0,0.0,,,,,0.0,1591,1524,,0,0,FAIL
1943.584,3,FAIL,0,0,NO_ORIGIN,0,0,1,1,1,1,0,0.0,,,,,0.0,1591,1524,,0,0,FAIL
1943.634,3,FAIL,0,0,NO_ORIGIN,0,0,1,1,1,1,0,0.0,,,,,0.0,1591,1524,,0,0,FAIL
1943.685,3,FAIL,0,0,NO_ORIGIN,0,0,1,1,1,1,0,0.0,,,,,0.0,1591,1524,,0,0,FAIL
1943.735,3,FAIL,0,0,NO_ORIGIN,0,0,1,1,1,1,0,0.0,,,,,0.0,1591,1524,,0,0,FAIL
1943.785,3,FAIL,0,0,NO_ORIGIN,0,0,1,1,1,1,0,0.0,,,,,0.0,1591,1524,,0,0,FAIL
1943.835,3,FAIL,0,0,NO_ORIGIN,0,0,1,1,1,1,0,0.0,,,,,0.0,1591,1524,,0,0,FAIL
1943.885,3,FAIL,0,0,NO_ORIGIN,0,0,1,1,1,1,0,0.0,,,,,0.0,1591,1524,,0,0,FAIL
1943.935,3,FAIL,0,0,NO_ORIGIN,0,0,1,1,1,1,0,0.0,,,,,0.0,1591,1524,,0,0,FAIL
1943.986,3,FAIL,0,0,NO_ORIGIN,0,0,1,1,1,1,0,0.0,,,,,0.0,1591,1524,,0,0,FAIL
1944.036,3,FAIL,0,0,NO_ORIGIN,0,0,1,1,1,1,0,0.0,,,,,0.0,1591,1524,,0,0,FAIL
1944.086,3,FAIL,0,0,NO_ORIGIN,0,0,1,1,1,1,0,0.0,,,,,0.0,1591,1524,,0,0,FAIL
1944.136,3,FAIL,0,0,NO_ORIGIN,0,0,1,1,1,1,0,0.0,,,,,0.0,1591,1524,,0,0,FAIL
1944.186,3,FAIL,0,0,NO_ORIGIN,0,0,1,1,1,1,0,0.0,,,,,0.0,1591,1524,,0,0,FAIL
1944.237,3,FAIL,0,0,NO_ORIGIN,0,0,1,1,1,1,0,0.0,,,,,0.0,1591,1524,,0,0,FAIL
1944.287,3,FAIL,0,0,NO_ORIGIN,0,0,1,1,1,1,0,0.0,,,,,0.0,1591,1524,,0,0,FAIL
1944.338,3,FAIL,0,0,NO_ORIGIN,0,0,1,1,1,1,0,0.0,,,,,0.0,1591,1524,,0,0,FAIL
1944.389,3,FAIL,0,0,NO_ORIGIN,0,0,1,1,1,1,0,0.0,,,,,0.0,1591,1524,,0,0,FAIL
1944.439,3,FAIL,0,0,NO_ORIGIN,0,0,1,1,1,1,0,0.0,,,,,0.0,1591,1524,,0,0,FAIL
1944.49,3,FAIL,0,0,NO_ORIGIN,0,0,1,1,1,1,0,0.0,,,,,0.0,1591,1524,,0,0,FAIL
1944.54,3,FAIL,0,0,NO_ORIGIN,0,0,1,1,1,1,0,0.0,,,,,0.0,1591,1524,,0,0,FAIL
1944.59,3,FAIL,0,0,NO_ORIGIN,0,0,1,1,1,1,0,0.0,,,,,0.0,1591,1524,,0,0,FAIL
1944.64,3,FAIL,0,0,NO_ORIGIN,0,0,1,1,1,1,0,0.0,,,,,0.0,1591,1524,,0,0,FAIL
1944.69,3,FAIL,0,0,NO_ORIGIN,0,0,1,1,1,1,0,0.0,,,,,0.0,1591,1524,,0,0,FAIL
1944.74,3,FAIL,0,0,NO_ORIGIN,0,0,1,1,1,1,0,0.0,,,,,0.0,1591,1524,,0,0,FAIL
1944.791,3,FAIL,0,0,NO_ORIGIN,0,0,1,1,1,1,0,0.0,,,,,0.0,1591,1524,,0,0,FAIL
1944.841,3,FAIL,0,0,NO_ORIGIN,0,0,1,1,1,1,0,0.0,,,,,0.0,1591,1524,,0,0,FAIL
1944.891,3,FAIL,0,0,NO_ORIGIN,0,0,1,1,1,1,0,0.0,,,,,0.0,1591,1524,,0,0,FAIL
1944.941,3,FAIL,0,0,NO_ORIGIN,0,0,1,1,1,1,0,0.0,,,,,0.0,1591,1524,,0,0,FAIL
1944.992,3,FAIL,0,0,NO_ORIGIN,0,0,1,1,1,1,0,0.0,,,,,0.0,1591,1524,,0,0,FAIL
1945.042,3,FAIL,0,0,NO_ORIGIN,0,0,1,1,1,1,0,0.0,,,,,0.0,1591,1524,,0,0,FAIL
1945.092,3,FAIL,0,0,NO_ORIGIN,0,0,1,1,1,1,0,0.0,,,,,0.0,1591,1524,,0,0,FAIL
1945.142,3,FAIL,0,0,NO_ORIGIN,0,0,1,1,1,1,0,0.0,,,,,0.0,1591,1524,,0,0,FAIL
1945.192,3,FAIL,0,0,NO_ORIGIN,0,0,1,1,1,1,0,0.0,,,,,0.0,1591,1524,,0,0,FAIL
1945.243,3,FAIL,0,0,NO_ORIGIN,0,0,1,1,1,1,0,0.0,,,,,0.0,1591,1524,,0,0,FAIL
1945.293,3,FAIL,0,0,NO_ORIGIN,0,0,1,1,1,1,0,0.0,,,,,0.0,1591,1524,,0,0,FAIL
1945.343,3,FAIL,0,0,NO_ORIGIN,0,0,1,1,1,1,0,0.0,,,,,0.0,1591,1524,,0,0,FAIL
1945.393,3,FAIL,0,0,NO_ORIGIN,0,0,1,1,1,1,0,0.0,,,,,0.0,1591,1524,,0,0,FAIL
1945.444,3,FAIL,0,0,NO_ORIGIN,0,0,1,1,1,1,0,0.0,,,,,0.0,1591,1524,,0,0,FAIL
1945.494,3,FAIL,0,0,NO_ORIGIN,0,0,1,1,1,1,0,0.0,,,,,0.0,1591,1524,,0,0,FAIL
1945.544,3,FAIL,0,0,NO_ORIGIN,0,0,1,1,1,1,0,0.0,,,,,0.0,1591,1524,,0,0,FAIL
1945.594,3,FAIL,0,0,NO_ORIGIN,0,0,1,1,1,1,0,0.0,,,,,0.0,1591,1524,,0,0,FAIL
1945.644,3,FAIL,0,0,NO_ORIGIN,0,0,1,1,1,1,0,0.0,,,,,0.0,1591,1524,,0,0,FAIL
1945.695,3,FAIL,0,0,NO_ORIGIN,0,0,1,1,1,1,0,0.0,,,,,0.0,1591,1524,,0,0,FAIL
1945.745,3,FAIL,0,0,NO_ORIGIN,0,0,1,1,1,1,0,0.0,,,,,0.0,1591,1524,,0,0,FAIL
1945.795,3,FAIL,0,0,NO_ORIGIN,0,0,1,1,1,1,0,0.0,,,,,0.0,1591,1524,,0,0,FAIL
1945.845,3,FAIL,0,0,NO_ORIGIN,0,0,1,1,1,1,0,0.0,,,,,0.0,1591,1524,,0,0,FAIL
1945.896,3,FAIL,0,0,NO_ORIGIN,0,0,1,1,1,1,0,0.0,,,,,0.0,1591,1524,,0,0,FAIL
1945.946,3,FAIL,0,0,NO_ORIGIN,0,0,1,1,1,1,0,0.0,,,,,0.0,1591,1524,,0,0,FAIL
1945.996,3,FAIL,0,0,NO_ORIGIN,0,0,1,1,1,1,0,0.0,,,,,0.0,1591,1524,,0,0,FAIL
1946.046,3,FAIL,0,0,NO_ORIGIN,0,0,1,1,1,1,0,0.0,,,,,0.0,1591,1524,,0,0,FAIL
1946.097,3,FAIL,0,0,NO_ORIGIN,0,0,1,1,1,1,0,0.0,,,,,0.0,1591,1524,,0,0,FAIL
1946.147,3,FAIL,0,0,NO_ORIGIN,0,0,1,1,1,1,0,0.0,,,,,0.0,1591,1524,,0,0,FAIL
1946.197,3,FAIL,0,0,NO_ORIGIN,0,0,1,1,1,1,0,0.0,,,,,0.0,1591,1524,,0,0,FAIL
1946.247,3,FAIL,0,0,NO_ORIGIN,0,0,1,1,1,1,0,0.0,,,,,0.0,1591,1524,,0,0,FAIL
1946.298,3,FAIL,0,0,NO_ORIGIN,0,0,1,1,1,1,0,0.0,,,,,0.0,1591,1524,,0,0,FAIL
1946.348,3,FAIL,0,0,NO_ORIGIN,0,0,1,1,1,1,0,0.0,,,,,0.0,1591,1524,,0,0,FAIL
1946.398,3,FAIL,0,0,NO_ORIGIN,0,0,1,1,1,1,0,0.0,,,,,0.0,1591,1524,,0,0,FAIL
1946.448,3,FAIL,0,0,NO_ORIGIN,0,0,1,1,1,1,0,0.0,,,,,0.0,1591,1524,,0,0,FAIL
1946.498,3,FAIL,0,0,NO_ORIGIN,0,0,1,1,1,1,0,0.0,,,,,0.0,1591,1524,,0,0,FAIL
1946.549,3,FAIL,0,0,NO_ORIGIN,0,0,1,1,1,1,0,0.0,,,,,0.0,1591,1524,,0,0,FAIL
1946.6,3,FAIL,0,0,NO_ORIGIN,0,0,1,1,1,1,0,0.0,,,,,0.0,1591,1524,,0,0,FAIL
1946.65,3,FAIL,0,0,NO_ORIGIN,0,0,1,1,1,1,0,0.0,,,,,0.0,1591,1524,,0,0,FAIL
1946.701,3,FAIL,0,0,NO_ORIGIN,0,0,1,1,1,1,0,0.0,,,,,0.0,1591,1524,,0,0,FAIL
1946.752,3,FAIL,0,0,NO_ORIGIN,0,0,1,1,1,1,0,0.0,,,,,0.0,1591,1524,,0,0,FAIL
1946.802,3,FAIL,0,0,NO_ORIGIN,0,0,1,1,1,1,0,0.0,,,,,0.0,1591,1524,,0,0,FAIL
1946.853,3,FAIL,0,0,NO_ORIGIN,0,0,1,1,1,1,0,0.0,,,,,0.0,1591,1524,,0,0,FAIL
1946.903,3,FAIL,0,0,NO_ORIGIN,0,0,1,1,1,1,0,0.0,,,,,0.0,1591,1524,,0,0,FAIL
1946.954,3,FAIL,0,0,NO_ORIGIN,0,0,1,1,1,1,0,0.0,,,,,0.0,1591,1524,,0,0,FAIL
1947.004,3,FAIL,0,0,NO_ORIGIN,0,0,1,1,1,1,0,0.0,,,,,0.0,1591,1524,,0,0,FAIL
1947.054,3,FAIL,0,0,NO_ORIGIN,0,0,1,1,1,1,0,0.0,,,,,0.0,1591,1524,,0,0,FAIL
1947.104,3,FAIL,0,0,NO_ORIGIN,0,0,1,1,1,1,0,0.0,,,,,0.0,1591,1524,,0,0,FAIL
1947.154,3,FAIL,0,0,NO_ORIGIN,0,0,1,1,1,1,0,0.0,,,,,0.0,1591,1524,,0,0,FAIL
1947.205,3,FAIL,0,0,NO_ORIGIN,0,0,1,1,1,1,0,0.0,,,,,0.0,1591,1524,,0,0,FAIL
1947.255,3,FAIL,0,0,NO_ORIGIN,0,0,1,1,1,1,0,0.0,,,,,0.0,1591,1524,,0,0,FAIL
1947.306,3,FAIL,0,0,NO_ORIGIN,0,0,1,1,1,1,0,0.0,,,,,0.0,1591,1524,,0,0,FAIL
1947.356,3,FAIL,0,0,NO_ORIGIN,0,0,1,1,1,1,0,0.0,,,,,0.0,1591,1524,,0,0,FAIL
1947.408,3,FAIL,0,0,NO_ORIGIN,0,0,1,1,1,1,0,0.0,,,,,0.0,1591,1524,,0,0,FAIL
1947.458,3,FAIL,0,0,NO_ORIGIN,0,0,1,1,1,1,0,0.0,,,,,0.0,1591,1524,,0,0,FAIL
1947.508,3,FAIL,0,0,NO_ORIGIN,0,0,1,1,1,1,0,0.0,,,,,0.0,1591,1524,,0,0,FAIL
1947.558,3,FAIL,0,0,NO_ORIGIN,0,0,1,1,1,1,0,0.0,,,,,0.0,1591,1524,,0,0,FAIL
1947.612,3,FAIL,0,0,NO_ORIGIN,0,0,1,1,1,1,0,0.0,,,,,0.0,1591,1524,,0,0,FAIL
1947.663,3,FAIL,0,0,NO_ORIGIN,0,0,1,1,1,1,0,0.0,,,,,0.0,1591,1524,,0,0,FAIL
1947.714,3,FAIL,0,0,NO_ORIGIN,0,0,1,1,1,1,0,0.0,,,,,0.0,1591,1524,,0,0,FAIL
1947.765,3,FAIL,0,0,NO_ORIGIN,0,0,1,1,1,1,0,0.0,,,,,0.0,1591,1524,,0,0,FAIL
1947.815,3,FAIL,0,0,NO_ORIGIN,0,0,1,1,1,1,0,0.0,,,,,0.0,1591,1524,,0,0,FAIL
1947.866,3,FAIL,0,0,NO_ORIGIN,0,0,1,1,1,1,0,0.0,,,,,0.0,1591,1524,,0,0,FAIL
1947.917,3,FAIL,0,0,NO_ORIGIN,0,0,1,1,1,1,0,0.0,,,,,0.0,1591,1524,,0,0,FAIL
1947.968,3,FAIL,0,0,NO_ORIGIN,0,0,1,1,1,1,0,0.0,,,,,0.0,1591,1524,,0,0,FAIL
1948.019,3,FAIL,0,0,NO_ORIGIN,0,0,1,1,1,1,0,0.0,,,,,0.0,1591,1524,,0,0,FAIL
1948.069,3,FAIL,0,0,NO_ORIGIN,0,0,1,1,1,1,0,0.0,,,,,0.0,1591,1524,,0,0,FAIL
1948.12,3,FAIL,0,0,NO_ORIGIN,0,0,1,1,1,1,0,0.0,,,,,0.0,1591,1524,,0,0,FAIL
1948.17,3,FAIL,0,0,NO_ORIGIN,0,0,1,1,1,1,0,0.0,,,,,0.0,1591,1524,,0,0,FAIL
1948.22,3,FAIL,0,0,NO_ORIGIN,0,0,1,1,1,1,0,0.0,,,,,0.0,1591,1524,,0,0,FAIL
1948.27,3,FAIL,0,0,NO_ORIGIN,0,0,1,1,1,1,0,0.0,,,,,0.0,1591,1524,,0,0,FAIL
1948.32,3,FAIL,0,0,NO_ORIGIN,0,0,1,1,1,1,0,0.0,,,,,0.0,1591,1524,,0,0,FAIL
1948.371,3,FAIL,0,0,NO_ORIGIN,0,0,1,1,1,1,0,0.0,,,,,0.0,1591,1524,,0,0,FAIL
1948.421,3,FAIL,0,0,NO_ORIGIN,0,0,1,1,1,1,0,0.0,,,,,0.0,1591,1524,,0,0,FAIL
1948.471,3,FAIL,0,0,NO_ORIGIN,0,0,1,1,1,1,0,0.0,,,,,0.0,1591,1524,,0,0,FAIL
1948.522,3,FAIL,0,0,NO_ORIGIN,0,0,1,1,1,1,0,0.0,,,,,0.0,1591,1524,,0,0,FAIL
1948.572,3,FAIL,0,0,NO_ORIGIN,0,0,1,1,1,1,0,0.0,,,,,0.0,1591,1524,,0,0,FAIL
1948.622,3,FAIL,0,0,NO_ORIGIN,0,0,1,1,1,1,0,0.0,,,,,0.0,1591,1524,,0,0,FAIL
1948.672,3,FAIL,0,0,NO_ORIGIN,0,0,1,1,1,1,0,0.0,,,,,0.0,1591,1524,,0,0,FAIL
1948.722,3,FAIL,0,0,NO_ORIGIN,0,0,1,1,1,1,0,0.0,,,,,0.0,1591,1524,,0,0,FAIL
1948.773,3,FAIL,0,0,NO_ORIGIN,0,0,1,1,1,1,0,0.0,,,,,0.0,1591,1524,,0,0,FAIL
1948.823,3,FAIL,0,0,NO_ORIGIN,0,0,1,1,1,1,0,0.0,,,,,0.0,1591,1524,,0,0,FAIL
1948.873,3,FAIL,0,0,NO_ORIGIN,0,0,1,1,1,1,0,0.0,,,,,0.0,1591,1524,,0,0,FAIL
1948.923,3,FAIL,0,0,NO_ORIGIN,0,0,1,1,1,1,0,0.0,,,,,0.0,1591,1524,,0,0,FAIL
1948.973,3,FAIL,0,0,NO_ORIGIN,0,0,1,1,1,1,0,0.0,,,,,0.0,1591,1524,,0,0,FAIL
1949.023,3,FAIL,0,0,NO_ORIGIN,0,0,1,1,1,1,0,0.0,,,,,0.0,1591,1524,,0,0,FAIL
1949.074,3,FAIL,0,0,NO_ORIGIN,0,0,1,1,1,1,0,0.0,,,,,0.0,1591,1524,,0,0,FAIL
1949.124,3,FAIL,0,0,NO_ORIGIN,0,0,1,1,1,1,0,0.0,,,,,0.0,1591,1524,,0,0,FAIL
1949.174,3,FAIL,0,0,NO_ORIGIN,0,0,1,1,1,1,0,0.0,,,,,0.0,1591,1524,,0,0,FAIL
1949.224,3,FAIL,0,0,NO_ORIGIN,0,0,1,1,1,1,0,0.0,,,,,0.0,1591,1524,,0,0,FAIL
1949.274,3,FAIL,0,0,NO_ORIGIN,0,0,1,1,1,1,0,0.0,,,,,0.0,1591,1524,,0,0,FAIL
1949.325,3,FAIL,0,0,NO_ORIGIN,0,0,1,1,1,1,0,0.0,,,,,0.0,1591,1524,,0,0,FAIL
1949.375,3,FAIL,0,0,NO_ORIGIN,0,0,1,1,1,1,0,0.0,,,,,0.0,1591,1524,,0,0,FAIL
1949.425,3,FAIL,0,0,NO_ORIGIN,0,0,1,1,1,1,0,0.0,,,,,0.0,1591,1524,,0,0,FAIL
1949.475,3,FAIL,0,0,NO_ORIGIN,0,0,1,1,1,1,0,0.0,,,,,0.0,1591,1524,,0,0,FAIL
1949.525,3,FAIL,0,0,NO_ORIGIN,0,0,1,1,1,1,0,0.0,,,,,0.0,1591,1524,,0,0,FAIL
1949.575,3,FAIL,0,0,NO_ORIGIN,0,0,1,1,1,1,0,0.0,,,,,0.0,1591,1524,,0,0,FAIL
1949.626,3,FAIL,0,0,NO_ORIGIN,0,0,1,1,1,1,0,0.0,,,,,0.0,1591,1524,,0,0,FAIL
1949.676,3,FAIL,0,0,NO_ORIGIN,0,0,1,1,1,1,0,0.0,,,,,0.0,1591,1524,,0,0,FAIL
1949.726,3,FAIL,0,0,NO_ORIGIN,0,0,1,1,1,1,0,0.0,,,,,0.0,1591,1524,,0,0,FAIL
1949.777,3,FAIL,0,0,NO_ORIGIN,0,0,1,1,1,1,0,0.0,,,,,0.0,1591,1524,,0,0,FAIL
1949.827,3,FAIL,0,0,NO_ORIGIN,0,0,1,1,1,1,0,0.0,,,,,0.0,1591,1524,,0,0,FAIL
1949.878,3,FAIL,0,0,NO_ORIGIN,0,0,1,1,1,1,0,0.0,,,,,0.0,1591,1524,,0,0,FAIL
1949.928,3,FAIL,0,0,NO_ORIGIN,0,0,1,1,1,1,0,0.0,,,,,0.0,1591,1524,,0,0,FAIL
1949.978,3,FAIL,0,0,NO_ORIGIN,0,0,1,1,1,1,0,0.0,,,,,0.0,1591,1524,,0,0,FAIL
1950.029,3,FAIL,0,0,NO_ORIGIN,0,0,1,1,1,1,0,0.0,,,,,0.0,1591,1524,,0,0,FAIL
1950.079,3,FAIL,0,0,NO_ORIGIN,0,0,1,1,1,1,0,0.0,,,,,0.0,1591,1524,,0,0,FAIL
1950.129,3,FAIL,0,0,NO_ORIGIN,0,0,1,1,1,1,0,0.0,,,,,0.0,1591,1524,,0,0,FAIL
1950.18,3,FAIL,0,0,NO_ORIGIN,0,0,1,1,1,1,0,0.0,,,,,0.0,1591,1524,,0,0,FAIL
1950.23,3,FAIL,0,0,NO_ORIGIN,0,0,1,1,1,1,0,0.0,,,,,0.0,1591,1524,,0,0,FAIL
1950.281,3,FAIL,0,0,NO_ORIGIN,0,0,1,1,1,1,0,0.0,,,,,0.0,1591,1524,,0,0,FAIL
1950.331,3,FAIL,0,0,NO_ORIGIN,0,0,1,1,1,1,0,0.0,,,,,0.0,1591,1524,,0,0,FAIL
1950.382,3,FAIL,0,0,NO_ORIGIN,0,0,1,1,1,1,0,0.0,,,,,0.0,1591,1524,,0,0,FAIL
1950.432,3,FAIL,0,0,NO_ORIGIN,0,0,1,1,1,1,0,0.0,,,,,0.0,1591,1524,,0,0,FAIL
1950.483,3,FAIL,0,0,NO_ORIGIN,0,0,1,1,1,1,0,0.0,,,,,0.0,1591,1524,,0,0,FAIL
1950.534,3,FAIL,0,0,NO_ORIGIN,0,0,1,1,1,1,0,0.0,,,,,0.0,1591,1524,,0,0,FAIL
1950.586,3,FAIL,0,0,NO_ORIGIN,0,0,1,1,1,1,0,0.0,,,,,0.0,1591,1524,,0,0,FAIL
1950.637,3,FAIL,0,0,NO_ORIGIN,0,0,1,1,1,1,0,0.0,,,,,0.0,1591,1524,,0,0,FAIL
1950.688,3,FAIL,0,0,NO_ORIGIN,0,0,1,1,1,1,0,0.0,,,,,0.0,1591,1524,,0,0,FAIL
1950.74,3,FAIL,0,0,NO_ORIGIN,0,0,1,1,1,1,0,0.0,,,,,0.0,1591,1524,,0,0,FAIL
1950.79,3,FAIL,0,0,NO_ORIGIN,0,0,1,1,1,1,0,0.0,,,,,0.0,1591,1524,,0,0,FAIL
1950.84,3,FAIL,0,0,NO_ORIGIN,0,0,1,1,1,1,0,0.0,,,,,0.0,1591,1524,,0,0,FAIL
1950.89,3,FAIL,0,0,NO_ORIGIN,0,0,1,1,1,1,0,0.0,,,,,0.0,1591,1524,,0,0,FAIL
1950.941,3,FAIL,0,0,NO_ORIGIN,0,0,1,1,1,1,0,0.0,,,,,0.0,1591,1524,,0,0,FAIL
1950.991,3,FAIL,0,0,NO_ORIGIN,0,0,1,1,1,1,0,0.0,,,,,0.0,1591,1524,,0,0,FAIL
1951.041,3,FAIL,0,0,NO_ORIGIN,0,0,1,1,1,1,0,0.0,,,,,0.0,1591,1524,,0,0,FAIL
1951.092,3,FAIL,0,0,NO_ORIGIN,0,0,1,1,1,1,0,0.0,,,,,0.0,1591,1524,,0,0,FAIL
1951.145,3,FAIL,0,0,NO_ORIGIN,0,0,1,1,1,1,0,0.0,,,,,0.0,1591,1524,,0,0,FAIL
1951.195,3,FAIL,0,0,NO_ORIGIN,0,0,1,1,1,1,0,0.0,,,,,0.0,1591,1524,,0,0,FAIL
1951.246,3,FAIL,0,0,NO_ORIGIN,0,0,1,1,1,1,0,0.0,,,,,0.0,1591,1524,,0,0,FAIL
1951.297,3,FAIL,0,0,NO_ORIGIN,0,0,1,1,1,1,0,0.0,,,,,0.0,1591,1524,,0,0,FAIL
1951.348,3,FAIL,0,0,NO_ORIGIN,0,0,1,1,1,1,0,0.0,,,,,0.0,1591,1524,,0,0,FAIL
1951.398,3,FAIL,0,0,NO_ORIGIN,0,0,1,1,1,1,0,0.0,,,,,0.0,1591,1524,,0,0,FAIL
1951.448,3,FAIL,0,0,NO_ORIGIN,0,0,1,1,1,1,0,0.0,,,,,0.0,1591,1524,,0,0,FAIL
1951.498,3,FAIL,0,0,NO_ORIGIN,0,0,1,1,1,1,0,0.0,,,,,0.0,1591,1524,,0,0,FAIL
1951.549,3,FAIL,0,0,NO_ORIGIN,0,0,1,1,1,1,0,0.0,,,,,0.0,1591,1524,,0,0,FAIL
1951.6,3,FAIL,0,0,NO_ORIGIN,0,0,1,1,1,1,0,0.0,,,,,0.0,1591,1524,,0,0,FAIL
1951.651,3,FAIL,0,0,NO_ORIGIN,0,0,1,1,1,1,0,0.0,,,,,0.0,1591,1524,,0,0,FAIL
1951.701,3,FAIL,0,0,NO_ORIGIN,0,0,1,1,1,1,0,0.0,,,,,0.0,1591,1524,,0,0,FAIL
1951.752,3,FAIL,0,0,NO_ORIGIN,0,0,1,1,1,1,0,0.0,,,,,0.0,1591,1524,,0,0,FAIL
1951.802,3,FAIL,0,0,NO_ORIGIN,0,0,1,1,1,1,0,0.0,,,,,0.0,1591,1524,,0,0,FAIL
1951.854,3,FAIL,0,0,NO_ORIGIN,0,0,1,1,1,1,0,0.0,,,,,0.0,1591,1524,,0,0,FAIL
1951.904,3,FAIL,0,0,NO_ORIGIN,0,0,1,1,1,1,0,0.0,,,,,0.0,1591,1524,,0,0,FAIL
1951.954,3,FAIL,0,0,NO_ORIGIN,0,0,1,1,1,1,0,0.0,,,,,0.0,1591,1524,,0,0,FAIL
1952.004,3,FAIL,0,0,NO_ORIGIN,0,0,1,1,1,1,0,0.0,,,,,0.0,1591,1524,,0,0,FAIL
1952.054,3,FAIL,0,0,NO_ORIGIN,0,0,1,1,1,1,0,0.0,,,,,0.0,1591,1524,,0,0,FAIL
1952.105,3,FAIL,0,0,NO_ORIGIN,0,0,1,1,1,1,0,0.0,,,,,0.0,1591,1524,,0,0,FAIL
1952.155,3,FAIL,0,0,NO_ORIGIN,0,0,1,1,1,1,0,0.0,,,,,0.0,1591,1524,,0,0,FAIL
1952.205,3,FAIL,0,0,NO_ORIGIN,0,0,1,1,1,1,0,0.0,,,,,0.0,1591,1524,,0,0,FAIL
1952.255,3,FAIL,0,0,NO_ORIGIN,0,0,1,1,1,1,0,0.0,,,,,0.0,1591,1524,,0,0,FAIL
1952.305,3,FAIL,0,0,NO_ORIGIN,0,0,1,1,1,1,0,0.0,,,,,0.0,1591,1524,,0,0,FAIL
1952.356,3,FAIL,0,0,NO_ORIGIN,0,0,1,1,1,1,0,0.0,,,,,0.0,1591,1524,,0,0,FAIL
1952.406,3,FAIL,0,0,NO_ORIGIN,0,0,1,1,1,1,0,0.0,,,,,0.0,1591,1524,,0,0,FAIL
1952.457,3,FAIL,0,0,NO_ORIGIN,0,0,1,1,1,1,0,0.0,,,,,0.0,1591,1524,,0,0,FAIL
1952.507,3,FAIL,0,0,NO_ORIGIN,0,0,1,1,1,1,0,0.0,,,,,0.0,1591,1524,,0,0,FAIL
1952.557,3,FAIL,0,0,NO_ORIGIN,0,0,1,1,1,1,0,0.0,,,,,0.0,1591,1524,,0,0,FAIL
1952.607,3,FAIL,0,0,NO_ORIGIN,0,0,1,1,1,1,0,0.0,,,,,0.0,1591,1524,,0,0,FAIL
1952.657,3,FAIL,0,0,NO_ORIGIN,0,0,1,1,1,1,0,0.0,,,,,0.0,1591,1524,,0,0,FAIL
1952.708,3,FAIL,0,0,NO_ORIGIN,0,0,1,1,1,1,0,0.0,,,,,0.0,1591,1524,,0,0,FAIL
1952.758,3,FAIL,0,0,NO_ORIGIN,0,0,1,1,1,1,0,0.0,,,,,0.0,1591,1524,,0,0,FAIL
1952.808,3,FAIL,0,0,NO_ORIGIN,0,0,1,1,1,1,0,0.0,,,,,0.0,1591,1524,,0,0,FAIL
1952.859,3,FAIL,0,0,NO_ORIGIN,0,0,1,1,1,1,0,0.0,,,,,0.0,1591,1524,,0,0,FAIL
1952.909,3,FAIL,0,0,NO_ORIGIN,0,0,1,1,1,1,0,0.0,,,,,0.0,1591,1524,,0,0,FAIL
1952.96,3,FAIL,0,0,NO_ORIGIN,0,0,1,1,1,1,0,0.0,,,,,0.0,1591,1524,,0,0,FAIL
1953.01,3,FAIL,0,0,NO_ORIGIN,0,0,1,1,1,1,0,0.0,,,,,0.0,1591,1524,,0,0,FAIL
1953.061,3,FAIL,0,0,NO_ORIGIN,0,0,1,1,1,1,0,0.0,,,,,0.0,1591,1524,,0,0,FAIL
1953.111,3,FAIL,0,0,NO_ORIGIN,0,0,1,1,1,1,0,0.0,,,,,0.0,1591,1524,,0,0,FAIL
1953.162,3,FAIL,0,0,NO_ORIGIN,0,0,1,1,1,1,0,0.0,,,,,0.0,1591,1524,,0,0,FAIL
1953.212,3,FAIL,0,0,NO_ORIGIN,0,0,1,1,1,1,0,0.0,,,,,0.0,1591,1524,,0,0,FAIL
1953.263,3,FAIL,0,0,NO_ORIGIN,0,0,1,1,1,1,0,0.0,,,,,0.0,1591,1524,,0,0,FAIL
1953.313,3,FAIL,0,0,NO_ORIGIN,0,0,1,1,1,1,0,0.0,,,,,0.0,1591,1524,,0,0,FAIL
1953.364,3,FAIL,0,0,NO_ORIGIN,0,0,1,1,1,1,0,0.0,,,,,0.0,1591,1524,,0,0,FAIL
1953.415,3,FAIL,0,0,NO_ORIGIN,0,0,1,1,1,1,0,0.0,,,,,0.0,1591,1524,,0,0,FAIL
1953.465,3,FAIL,0,0,NO_ORIGIN,0,0,1,1,1,1,0,0.0,,,,,0.0,1591,1524,,0,0,FAIL
1953.515,3,FAIL,0,0,NO_ORIGIN,0,0,1,1,1,1,0,0.0,,,,,0.0,1591,1524,,0,0,FAIL
1953.565,3,FAIL,0,0,NO_ORIGIN,0,0,1,1,1,1,0,0.0,,,,,0.0,1591,1524,,0,0,FAIL
1953.615,3,FAIL,0,0,NO_ORIGIN,0,0,1,1,1,1,0,0.0,,,,,0.0,1591,1524,,0,0,FAIL
1953.666,3,FAIL,0,0,NO_ORIGIN,0,0,1,1,1,1,0,0.0,,,,,0.0,1591,1524,,0,0,FAIL
1953.716,3,FAIL,0,0,NO_ORIGIN,0,0,1,1,1,1,0,0.0,,,,,0.0,1591,1524,,0,0,FAIL
1953.766,3,FAIL,0,0,NO_ORIGIN,0,0,1,1,1,1,0,0.0,,,,,0.0,1591,1524,,0,0,FAIL
1953.816,3,FAIL,0,0,NO_ORIGIN,0,0,1,1,1,1,0,0.0,,,,,0.0,1591,1524,,0,0,FAIL
1953.866,3,FAIL,0,0,NO_ORIGIN,0,0,1,1,1,1,0,0.0,,,,,0.0,1591,1524,,0,0,FAIL
1953.917,3,FAIL,0,0,NO_ORIGIN,0,0,1,1,1,1,0,0.0,,,,,0.0,1591,1524,,0,0,FAIL
1953.967,3,FAIL,0,0,NO_ORIGIN,0,0,1,1,1,1,0,0.0,,,,,0.0,1591,1524,,0,0,FAIL
1954.017,3,FAIL,0,0,NO_ORIGIN,0,0,1,1,1,1,0,0.0,,,,,0.0,1591,1524,,0,0,FAIL
1954.067,3,FAIL,0,0,NO_ORIGIN,0,0,1,1,1,1,0,0.0,,,,,0.0,1591,1524,,0,0,FAIL
1954.117,3,FAIL,0,0,NO_ORIGIN,0,0,1,1,1,1,0,0.0,,,,,0.0,1591,1524,,0,0,FAIL
1954.167,3,FAIL,0,0,NO_ORIGIN,0,0,1,1,1,1,0,0.0,,,,,0.0,1591,1524,,0,0,FAIL
1954.218,3,FAIL,0,0,NO_ORIGIN,0,0,1,1,1,1,0,0.0,,,,,0.0,1591,1524,,0,0,FAIL
1954.268,3,FAIL,0,0,NO_ORIGIN,0,0,1,1,1,1,0,0.0,,,,,0.0,1591,1524,,0,0,FAIL
1954.318,3,FAIL,0,0,NO_ORIGIN,0,0,1,1,1,1,0,0.0,,,,,0.0,1591,1524,,0,0,FAIL
1954.368,3,FAIL,0,0,NO_ORIGIN,0,0,1,1,1,1,0,0.0,,,,,0.0,1591,1524,,0,0,FAIL
1954.418,3,FAIL,0,0,NO_ORIGIN,0,0,1,1,1,1,0,0.0,,,,,0.0,1591,1524,,0,0,FAIL
1954.469,3,FAIL,0,0,NO_ORIGIN,0,0,1,1,1,1,0,0.0,,,,,0.0,1591,1524,,0,0,FAIL
1954.519,3,FAIL,0,0,NO_ORIGIN,0,0,1,1,1,1,0,0.0,,,,,0.0,1591,1524,,0,0,FAIL
1954.569,3,FAIL,0,0,NO_ORIGIN,0,0,1,1,1,1,0,0.0,,,,,0.0,1591,1524,,0,0,FAIL
1954.619,3,FAIL,0,0,NO_ORIGIN,0,0,1,1,1,1,0,0.0,,,,,0.0,1591,1524,,0,0,FAIL
1954.669,3,FAIL,0,0,NO_ORIGIN,0,0,1,1,1,1,0,0.0,,,,,0.0,1591,1524,,0,0,FAIL
1954.72,3,FAIL,0,0,NO_ORIGIN,0,0,1,1,1,1,0,0.0,,,,,0.0,1591,1524,,0,0,FAIL
1954.77,3,FAIL,0,0,NO_ORIGIN,0,0,1,1,1,1,0,0.0,,,,,0.0,1591,1524,,0,0,FAIL
1954.82,3,FAIL,0,0,NO_ORIGIN,0,0,1,1,1,1,0,0.0,,,,,0.0,1591,1524,,0,0,FAIL
1954.87,3,FAIL,0,0,NO_ORIGIN,0,0,1,1,1,1,0,0.0,,,,,0.0,1591,1524,,0,0,FAIL
1954.921,3,FAIL,0,0,NO_ORIGIN,0,0,1,1,1,1,0,0.0,,,,,0.0,1591,1524,,0,0,FAIL
1954.971,3,FAIL,0,0,NO_ORIGIN,0,0,1,1,1,1,0,0.0,,,,,0.0,1591,1524,,0,0,FAIL
1955.022,3,FAIL,0,0,NO_ORIGIN,0,0,1,1,1,1,0,0.0,,,,,0.0,1591,1524,,0,0,FAIL
1955.072,3,FAIL,0,0,NO_ORIGIN,0,0,1,1,1,1,0,0.0,,,,,0.0,1591,1524,,0,0,FAIL
1955.122,3,FAIL,0,0,NO_ORIGIN,0,0,1,1,1,1,0,0.0,,,,,0.0,1591,1524,,0,0,FAIL
1955.173,3,FAIL,0,0,NO_ORIGIN,0,0,1,1,1,1,0,0.0,,,,,0.0,1591,1524,,0,0,FAIL
1955.229,3,FAIL,0,0,NO_ORIGIN,0,0,1,1,1,1,0,0.0,,,,,0.0,1591,1524,,0,0,FAIL
1955.28,3,FAIL,0,0,NO_ORIGIN,0,0,1,1,1,1,0,0.0,,,,,0.0,1591,1524,,0,0,FAIL
1955.33,3,FAIL,0,0,NO_ORIGIN,0,0,1,1,1,1,0,0.0,,,,,0.0,1591,1524,,0,0,FAIL
1955.38,3,FAIL,0,0,NO_ORIGIN,0,0,1,1,1,1,0,0.0,,,,,0.0,1591,1524,,0,0,FAIL
1955.431,3,FAIL,0,0,NO_ORIGIN,0,0,1,1,1,1,0,0.0,,,,,0.0,1591,1524,,0,0,FAIL
1955.481,3,FAIL,0,0,NO_ORIGIN,0,0,1,1,1,1,0,0.0,,,,,0.0,1591,1524,,0,0,FAIL
1955.532,3,FAIL,0,0,NO_ORIGIN,0,0,1,1,1,1,0,0.0,,,,,0.0,1591,1524,,0,0,FAIL
1955.583,3,FAIL,0,0,NO_ORIGIN,0,0,1,1,1,1,0,0.0,,,,,0.0,1591,1524,,0,0,FAIL
1955.633,3,FAIL,0,0,NO_ORIGIN,0,0,1,1,1,1,0,0.0,,,,,0.0,1591,1524,,0,0,FAIL
1955.685,3,FAIL,0,0,NO_ORIGIN,0,0,1,1,1,1,0,0.0,,,,,0.0,1591,1524,,0,0,FAIL
1955.735,3,FAIL,0,0,NO_ORIGIN,0,0,1,1,1,1,0,0.0,,,,,0.0,1591,1524,,0,0,FAIL
1955.786,3,FAIL,0,0,NO_ORIGIN,0,0,1,1,1,1,0,0.0,,,,,0.0,1591,1524,,0,0,FAIL
1955.836,3,FAIL,0,0,NO_ORIGIN,0,0,1,1,1,1,0,0.0,,,,,0.0,1591,1524,,0,0,FAIL
1955.887,3,FAIL,0,0,NO_ORIGIN,0,0,1,1,1,1,0,0.0,,,,,0.0,1591,1524,,0,0,FAIL
1955.938,3,FAIL,0,0,NO_ORIGIN,0,0,1,1,1,1,0,0.0,,,,,0.0,1591,1524,,0,0,FAIL
1955.988,3,FAIL,0,0,NO_ORIGIN,0,0,1,1,1,1,0,0.0,,,,,0.0,1591,1524,,0,0,FAIL
1956.039,3,FAIL,0,0,NO_ORIGIN,0,0,1,1,1,1,0,0.0,,,,,0.0,1591,1524,,0,0,FAIL
1956.091,3,FAIL,0,0,NO_ORIGIN,0,0,1,1,1,1,0,0.0,,,,,0.0,1591,1524,,0,0,FAIL
1956.142,3,FAIL,0,0,NO_ORIGIN,0,0,1,1,1,1,0,0.0,,,,,0.0,1591,1524,,0,0,FAIL
1956.192,3,FAIL,0,0,NO_ORIGIN,0,0,1,1,1,1,0,0.0,,,,,0.0,1591,1524,,0,0,FAIL
1956.243,3,FAIL,0,0,NO_ORIGIN,0,0,1,1,1,1,0,0.0,,,,,0.0,1591,1524,,0,0,FAIL
1956.294,3,FAIL,0,0,NO_ORIGIN,0,0,1,1,1,1,0,0.0,,,,,0.0,1591,1524,,0,0,FAIL
1956.345,3,FAIL,0,0,NO_ORIGIN,0,0,1,1,1,1,0,0.0,,,,,0.0,1591,1524,,0,0,FAIL
1956.396,3,FAIL,0,0,NO_ORIGIN,0,0,1,1,1,1,0,0.0,,,,,0.0,1591,1524,,0,0,FAIL
1956.446,3,FAIL,0,0,NO_ORIGIN,0,0,1,1,1,1,0,0.0,,,,,0.0,1591,1524,,0,0,FAIL
1956.496,3,FAIL,0,0,NO_ORIGIN,0,0,1,1,1,1,0,0.0,,,,,0.0,1591,1524,,0,0,FAIL
1956.548,3,FAIL,0,0,NO_ORIGIN,0,0,1,1,1,1,0,0.0,,,,,0.0,1591,1524,,0,0,FAIL
1956.599,3,FAIL,0,0,NO_ORIGIN,0,0,1,1,1,1,0,0.0,,,,,0.0,1591,1524,,0,0,FAIL
1956.652,3,FAIL,0,0,NO_ORIGIN,0,0,1,1,1,1,0,0.0,,,,,0.0,1591,1524,,0,0,FAIL
1956.702,3,FAIL,0,0,NO_ORIGIN,0,0,1,1,1,1,0,0.0,,,,,0.0,1591,1524,,0,0,FAIL
1956.752,3,FAIL,0,0,NO_ORIGIN,0,0,1,1,1,1,0,0.0,,,,,0.0,1591,1524,,0,0,FAIL
1956.803,3,FAIL,0,0,NO_ORIGIN,0,0,1,1,1,1,0,0.0,,,,,0.0,1591,1524,,0,0,FAIL
1956.853,3,FAIL,0,0,NO_ORIGIN,0,0,1,1,1,1,0,0.0,,,,,0.0,1591,1524,,0,0,FAIL
1956.904,3,FAIL,0,0,NO_ORIGIN,0,0,1,1,1,1,0,0.0,,,,,0.0,1591,1524,,0,0,FAIL
1956.954,3,FAIL,0,0,NO_ORIGIN,0,0,1,1,1,1,0,0.0,,,,,0.0,1591,1524,,0,0,FAIL
1957.005,3,FAIL,0,0,NO_ORIGIN,0,0,1,1,1,1,0,0.0,,,,,0.0,1591,1524,,0,0,FAIL
1957.055,3,FAIL,0,0,NO_ORIGIN,0,0,1,1,1,1,0,0.0,,,,,0.0,1591,1524,,0,0,FAIL
1957.105,3,FAIL,0,0,NO_ORIGIN,0,0,1,1,1,1,0,0.0,,,,,0.0,1591,1524,,0,0,FAIL
1957.155,3,FAIL,0,0,NO_ORIGIN,0,0,1,1,1,1,0,0.0,,,,,0.0,1591,1524,,0,0,FAIL
1957.205,3,FAIL,0,0,NO_ORIGIN,0,0,1,1,1,1,0,0.0,,,,,0.0,1591,1524,,0,0,FAIL
1957.255,3,FAIL,0,0,NO_ORIGIN,0,0,1,1,1,1,0,0.0,,,,,0.0,1591,1524,,0,0,FAIL
1957.306,3,FAIL,0,0,NO_ORIGIN,0,0,1,1,1,1,0,0.0,,,,,0.0,1591,1524,,0,0,FAIL
1957.356,3,FAIL,0,0,NO_ORIGIN,0,0,1,1,1,1,0,0.0,,,,,0.0,1591,1524,,0,0,FAIL
1957.406,3,FAIL,0,0,NO_ORIGIN,0,0,1,1,1,1,0,0.0,,,,,0.0,1591,1524,,0,0,FAIL
1957.456,3,FAIL,0,0,NO_ORIGIN,0,0,1,1,1,1,0,0.0,,,,,0.0,1591,1524,,0,0,FAIL
1957.506,3,FAIL,0,0,NO_ORIGIN,0,0,1,1,1,1,0,0.0,,,,,0.0,1591,1524,,0,0,FAIL
1957.557,3,FAIL,0,0,NO_ORIGIN,0,0,1,1,1,1,0,0.0,,,,,0.0,1591,1524,,0,0,FAIL
1957.607,3,FAIL,0,0,NO_ORIGIN,0,0,1,1,1,1,0,0.0,,,,,0.0,1591,1524,,0,0,FAIL
1957.657,3,FAIL,0,0,NO_ORIGIN,0,0,1,1,1,1,0,0.0,,,,,0.0,1591,1524,,0,0,FAIL
1957.708,3,FAIL,0,0,NO_ORIGIN,0,0,1,1,1,1,0,0.0,,,,,0.0,1591,1524,,0,0,FAIL
1957.758,3,FAIL,0,0,NO_ORIGIN,0,0,1,1,1,1,0,0.0,,,,,0.0,1591,1524,,0,0,FAIL
1957.808,3,FAIL,0,0,NO_ORIGIN,0,0,1,1,1,1,0,0.0,,,,,0.0,1591,1524,,0,0,FAIL
1957.858,3,FAIL,0,0,NO_ORIGIN,0,0,1,1,1,1,0,0.0,,,,,0.0,1591,1524,,0,0,FAIL
1957.909,3,FAIL,0,0,NO_ORIGIN,0,0,1,1,1,1,0,0.0,,,,,0.0,1591,1524,,0,0,FAIL
1957.959,3,FAIL,0,0,NO_ORIGIN,0,0,1,1,1,1,0,0.0,,,,,0.0,1591,1524,,0,0,FAIL
1958.009,3,FAIL,0,0,NO_ORIGIN,0,0,1,1,1,1,0,0.0,,,,,0.0,1591,1524,,0,0,FAIL
1958.059,3,FAIL,0,0,NO_ORIGIN,0,0,1,1,1,1,0,0.0,,,,,0.0,1591,1524,,0,0,FAIL
1958.109,3,FAIL,0,0,NO_ORIGIN,0,0,1,1,1,1,0,0.0,,,,,0.0,1591,1524,,0,0,FAIL
1958.159,3,FAIL,0,0,NO_ORIGIN,0,0,1,1,1,1,0,0.0,,,,,0.0,1591,1524,,0,0,FAIL
1958.21,3,FAIL,0,0,NO_ORIGIN,0,0,1,1,1,1,0,0.0,,,,,0.0,1591,1524,,0,0,FAIL
1958.26,3,FAIL,0,0,NO_ORIGIN,0,0,1,1,1,1,0,0.0,,,,,0.0,1591,1524,,0,0,FAIL
1958.31,3,FAIL,0,0,NO_ORIGIN,0,0,1,1,1,1,0,0.0,,,,,0.0,1591,1524,,0,0,FAIL
1958.36,3,FAIL,0,0,NO_ORIGIN,0,0,1,1,1,1,0,0.0,,,,,0.0,1591,1524,,0,0,FAIL
1958.41,3,FAIL,0,0,NO_ORIGIN,0,0,1,1,1,1,0,0.0,,,,,0.0,1591,1524,,0,0,FAIL
1958.463,3,FAIL,0,0,NO_ORIGIN,0,0,1,1,1,1,0,0.0,,,,,0.0,1591,1524,,0,0,FAIL
1958.513,3,FAIL,0,0,NO_ORIGIN,0,0,1,1,1,1,0,0.0,,,,,0.0,1591,1524,,0,0,FAIL
1958.563,3,FAIL,0,0,NO_ORIGIN,0,0,1,1,1,1,0,0.0,,,,,0.0,1591,1524,,0,0,FAIL
1958.614,3,FAIL,0,0,NO_ORIGIN,0,0,1,1,1,1,0,0.0,,,,,0.0,1591,1524,,0,0,FAIL
1958.664,3,FAIL,0,0,NO_ORIGIN,0,0,1,1,1,1,0,0.0,,,,,0.0,1591,1524,,0,0,FAIL
1958.714,3,FAIL,0,0,NO_ORIGIN,0,0,1,1,1,1,0,0.0,,,,,0.0,1591,1524,,0,0,FAIL
1958.764,3,FAIL,0,0,NO_ORIGIN,0,0,1,1,1,1,0,0.0,,,,,0.0,1591,1524,,0,0,FAIL
1958.814,3,FAIL,0,0,NO_ORIGIN,0,0,1,1,1,1,0,0.0,,,,,0.0,1591,1524,,0,0,FAIL
1958.865,3,FAIL,0,0,NO_ORIGIN,0,0,1,1,1,1,0,0.0,,,,,0.0,1591,1524,,0,0,FAIL
1958.916,3,FAIL,0,0,NO_ORIGIN,0,0,1,1,1,1,0,0.0,,,,,0.0,1591,1524,,0,0,FAIL
1958.967,3,FAIL,0,0,NO_ORIGIN,0,0,1,1,1,1,0,0.0,,,,,0.0,1591,1524,,0,0,FAIL
1959.017,3,FAIL,0,0,NO_ORIGIN,0,0,1,1,1,1,0,0.0,,,,,0.0,1591,1524,,0,0,FAIL
1959.067,3,FAIL,0,0,NO_ORIGIN,0,0,1,1,1,1,0,0.0,,,,,0.0,1591,1524,,0,0,FAIL
1959.117,3,FAIL,0,0,NO_ORIGIN,0,0,1,1,1,1,0,0.0,,,,,0.0,1591,1524,,0,0,FAIL
1959.167,3,FAIL,0,0,NO_ORIGIN,0,0,1,1,1,1,0,0.0,,,,,0.0,1591,1524,,0,0,FAIL
1959.217,3,FAIL,0,0,NO_ORIGIN,0,0,1,1,1,1,0,0.0,,,,,0.0,1591,1524,,0,0,FAIL
1959.268,3,FAIL,0,0,NO_ORIGIN,0,0,1,1,1,1,0,0.0,,,,,0.0,1591,1524,,0,0,FAIL
1959.318,3,FAIL,0,0,NO_ORIGIN,0,0,1,1,1,1,0,0.0,,,,,0.0,1591,1524,,0,0,FAIL
1959.368,3,FAIL,0,0,NO_ORIGIN,0,0,1,1,1,1,0,0.0,,,,,0.0,1591,1524,,0,0,FAIL
1959.418,3,FAIL,0,0,NO_ORIGIN,0,0,1,1,1,1,0,0.0,,,,,0.0,1591,1524,,0,0,FAIL
1959.468,3,FAIL,0,0,NO_ORIGIN,0,0,1,1,1,1,0,0.0,,,,,0.0,1591,1524,,0,0,FAIL
1959.518,3,FAIL,0,0,NO_ORIGIN,0,0,1,1,1,1,0,0.0,,,,,0.0,1591,1524,,0,0,FAIL
1959.569,3,FAIL,0,0,NO_ORIGIN,0,0,1,1,1,1,0,0.0,,,,,0.0,1591,1524,,0,0,FAIL
1959.619,3,FAIL,0,0,NO_ORIGIN,0,0,1,1,1,1,0,0.0,,,,,0.0,1591,1524,,0,0,FAIL
1959.669,3,FAIL,0,0,NO_ORIGIN,0,0,1,1,1,1,0,0.0,,,,,0.0,1591,1524,,0,0,FAIL
1959.719,3,FAIL,0,0,NO_ORIGIN,0,0,1,1,1,1,0,0.0,,,,,0.0,1591,1524,,0,0,FAIL
1959.769,3,FAIL,0,0,NO_ORIGIN,0,0,1,1,1,1,0,0.0,,,,,0.0,1591,1524,,0,0,FAIL
1959.819,3,FAIL,0,0,NO_ORIGIN,0,0,1,1,1,1,0,0.0,,,,,0.0,1591,1524,,0,0,FAIL
1959.87,3,FAIL,0,0,NO_ORIGIN,0,0,1,1,1,1,0,0.0,,,,,0.0,1591,1524,,0,0,FAIL
1959.921,3,FAIL,0,0,NO_ORIGIN,0,0,1,1,1,1,0,0.0,,,,,0.0,1591,1524,,0,0,FAIL
1959.971,3,FAIL,0,0,NO_ORIGIN,0,0,1,1,1,1,0,0.0,,,,,0.0,1591,1524,,0,0,FAIL
1960.021,3,FAIL,0,0,NO_ORIGIN,0,0,1,1,1,1,0,0.0,,,,,0.0,1591,1524,,0,0,FAIL
1960.071,3,FAIL,0,0,NO_ORIGIN,0,0,1,1,1,1,0,0.0,,,,,0.0,1591,1524,,0,0,FAIL
1960.122,3,FAIL,0,0,NO_ORIGIN,0,0,1,1,1,1,0,0.0,,,,,0.0,1591,1524,,0,0,FAIL
1960.172,3,FAIL,0,0,NO_ORIGIN,0,0,1,1,1,1,0,0.0,,,,,0.0,1591,1524,,0,0,FAIL
1960.222,3,FAIL,0,0,NO_ORIGIN,0,0,1,1,1,1,0,0.0,,,,,0.0,1591,1524,,0,0,FAIL
1960.273,3,FAIL,0,0,NO_ORIGIN,0,0,1,1,1,1,0,0.0,,,,,0.0,1591,1524,,0,0,FAIL
1960.324,3,FAIL,0,0,NO_ORIGIN,0,0,1,1,1,1,0,0.0,,,,,0.0,1591,1524,,0,0,FAIL
1960.374,3,FAIL,0,0,NO_ORIGIN,0,0,1,1,1,1,0,0.0,,,,,0.0,1591,1524,,0,0,FAIL
1960.425,3,FAIL,0,0,NO_ORIGIN,0,0,1,1,1,1,0,0.0,,,,,0.0,1591,1524,,0,0,FAIL
1960.477,3,FAIL,0,0,NO_ORIGIN,0,0,1,1,1,1,0,0.0,,,,,0.0,1591,1524,,0,0,FAIL
1960.527,3,FAIL,0,0,NO_ORIGIN,0,0,1,1,1,1,0,0.0,,,,,0.0,1591,1524,,0,0,FAIL
1960.578,3,FAIL,0,0,NO_ORIGIN,0,0,1,1,1,1,0,0.0,,,,,0.0,1591,1524,,0,0,FAIL
1960.629,3,FAIL,0,0,NO_ORIGIN,0,0,1,1,1,1,0,0.0,,,,,0.0,1591,1524,,0,0,FAIL
1960.679,3,FAIL,0,0,NO_ORIGIN,0,0,1,1,1,1,0,0.0,,,,,0.0,1591,1524,,0,0,FAIL
1960.729,3,FAIL,0,0,NO_ORIGIN,0,0,1,1,1,1,0,0.0,,,,,0.0,1591,1524,,0,0,FAIL
1960.779,3,FAIL,0,0,NO_ORIGIN,0,0,1,1,1,1,0,0.0,,,,,0.0,1591,1524,,0,0,FAIL
1960.829,3,FAIL,0,0,NO_ORIGIN,0,0,1,1,1,1,0,0.0,,,,,0.0,1591,1524,,0,0,FAIL
1960.88,3,FAIL,0,0,NO_ORIGIN,0,0,1,1,1,1,0,0.0,,,,,0.0,1591,1524,,0,0,FAIL
1960.93,3,FAIL,0,0,NO_ORIGIN,0,0,1,1,1,1,0,0.0,,,,,0.0,1591,1524,,0,0,FAIL
1960.98,3,FAIL,0,0,NO_ORIGIN,0,0,1,1,1,1,0,0.0,,,,,0.0,1591,1524,,0,0,FAIL
1961.03,3,FAIL,0,0,NO_ORIGIN,0,0,1,1,1,1,0,0.0,,,,,0.0,1591,1524,,0,0,FAIL
1961.081,3,FAIL,0,0,NO_ORIGIN,0,0,1,1,1,1,0,0.0,,,,,0.0,1591,1524,,0,0,FAIL
1961.131,3,FAIL,0,0,NO_ORIGIN,0,0,1,1,1,1,0,0.0,,,,,0.0,1591,1524,,0,0,FAIL
1961.182,3,FAIL,0,0,NO_ORIGIN,0,0,1,1,1,1,0,0.0,,,,,0.0,1591,1524,,0,0,FAIL
1961.232,3,FAIL,0,0,NO_ORIGIN,0,0,1,1,1,1,0,0.0,,,,,0.0,1591,1524,,0,0,FAIL
1961.285,3,FAIL,0,0,NO_ORIGIN,0,0,1,1,1,1,0,0.0,,,,,0.0,1591,1524,,0,0,FAIL
1961.335,3,FAIL,0,0,NO_ORIGIN,0,0,1,1,1,1,0,0.0,,,,,0.0,1591,1524,,0,0,FAIL
1961.385,3,FAIL,0,0,NO_ORIGIN,0,0,1,1,1,1,0,0.0,,,,,0.0,1591,1524,,0,0,FAIL
1961.436,3,FAIL,0,0,NO_ORIGIN,0,0,1,1,1,1,0,0.0,,,,,0.0,1591,1524,,0,0,FAIL
1961.486,3,FAIL,0,0,NO_ORIGIN,0,0,1,1,1,1,0,0.0,,,,,0.0,1591,1524,,0,0,FAIL
1961.536,3,FAIL,0,0,NO_ORIGIN,0,0,1,1,1,1,0,0.0,,,,,0.0,1591,1524,,0,0,FAIL
1961.587,3,FAIL,0,0,NO_ORIGIN,0,0,1,1,1,1,0,0.0,,,,,0.0,1591,1524,,0,0,FAIL
1961.637,3,FAIL,0,0,NO_ORIGIN,0,0,1,1,1,1,0,0.0,,,,,0.0,1591,1524,,0,0,FAIL
1961.687,3,FAIL,0,0,NO_ORIGIN,0,0,1,1,1,1,0,0.0,,,,,0.0,1591,1524,,0,0,FAIL
1961.737,3,FAIL,0,0,NO_ORIGIN,0,0,1,1,1,1,0,0.0,,,,,0.0,1591,1524,,0,0,FAIL
1961.787,3,FAIL,0,0,NO_ORIGIN,0,0,1,1,1,1,0,0.0,,,,,0.0,1591,1524,,0,0,FAIL
1961.837,3,FAIL,0,0,NO_ORIGIN,0,0,1,1,1,1,0,0.0,,,,,0.0,1591,1524,,0,0,FAIL
1961.888,3,FAIL,0,0,NO_ORIGIN,0,0,1,1,1,1,0,0.0,,,,,0.0,1591,1524,,0,0,FAIL
1961.938,3,FAIL,0,0,NO_ORIGIN,0,0,1,1,1,1,0,0.0,,,,,0.0,1591,1524,,0,0,FAIL
1961.989,3,FAIL,0,0,NO_ORIGIN,0,0,1,1,1,1,0,0.0,,,,,0.0,1591,1524,,0,0,FAIL
1962.039,3,FAIL,0,0,NO_ORIGIN,0,0,1,1,1,1,0,0.0,,,,,0.0,1591,1524,,0,0,FAIL
1962.089,3,FAIL,0,0,NO_ORIGIN,0,0,1,1,1,1,0,0.0,,,,,0.0,1591,1524,,0,0,FAIL
1962.14,3,FAIL,0,0,NO_ORIGIN,0,0,1,1,1,1,0,0.0,,,,,0.0,1591,1524,,0,0,FAIL
1962.19,3,FAIL,0,0,NO_ORIGIN,0,0,1,1,1,1,0,0.0,,,,,0.0,1591,1524,,0,0,FAIL
1962.24,3,FAIL,0,0,NO_ORIGIN,0,0,1,1,1,1,0,0.0,,,,,0.0,1591,1524,,0,0,FAIL
1962.291,3,FAIL,0,0,NO_ORIGIN,0,0,1,1,1,1,0,0.0,,,,,0.0,1591,1524,,0,0,FAIL
1962.341,3,FAIL,0,0,NO_ORIGIN,0,0,1,1,1,1,0,0.0,,,,,0.0,1591,1524,,0,0,FAIL
1962.391,3,FAIL,0,0,NO_ORIGIN,0,0,1,1,1,1,0,0.0,,,,,0.0,1591,1524,,0,0,FAIL
1962.441,3,FAIL,0,0,NO_ORIGIN,0,0,1,1,1,1,0,0.0,,,,,0.0,1591,1524,,0,0,FAIL
1962.492,3,FAIL,0,0,NO_ORIGIN,0,0,1,1,1,1,0,0.0,,,,,0.0,1591,1524,,0,0,FAIL
1962.542,3,FAIL,0,0,NO_ORIGIN,0,0,1,1,1,1,0,0.0,,,,,0.0,1591,1524,,0,0,FAIL
1962.593,3,FAIL,0,0,NO_ORIGIN,0,0,1,1,1,1,0,0.0,,,,,0.0,1591,1524,,0,0,FAIL
1962.643,3,FAIL,0,0,NO_ORIGIN,0,0,1,1,1,1,0,0.0,,,,,0.0,1591,1524,,0,0,FAIL
1962.694,3,FAIL,0,0,NO_ORIGIN,0,0,1,1,1,1,0,0.0,,,,,0.0,1591,1524,,0,0,FAIL
1962.744,3,FAIL,0,0,NO_ORIGIN,0,0,1,1,1,1,0,0.0,,,,,0.0,1591,1524,,0,0,FAIL
1962.794,3,FAIL,0,0,NO_ORIGIN,0,0,1,1,1,1,0,0.0,,,,,0.0,1591,1524,,0,0,FAIL
1962.845,3,FAIL,0,0,NO_ORIGIN,0,0,1,1,1,1,0,0.0,,,,,0.0,1591,1524,,0,0,FAIL
1962.895,3,FAIL,0,0,NO_ORIGIN,0,0,1,1,1,1,0,0.0,,,,,0.0,1591,1524,,0,0,FAIL
1962.945,3,FAIL,0,0,NO_ORIGIN,0,0,1,1,1,1,0,0.0,,,,,0.0,1591,1524,,0,0,FAIL
1962.996,3,FAIL,0,0,NO_ORIGIN,0,0,1,1,1,1,0,0.0,,,,,0.0,1591,1524,,0,0,FAIL
1963.046,3,FAIL,0,0,NO_ORIGIN,0,0,1,1,1,1,0,0.0,,,,,0.0,1591,1524,,0,0,FAIL
1963.097,3,FAIL,0,0,NO_ORIGIN,0,0,1,1,1,1,0,0.0,,,,,0.0,1591,1524,,0,0,FAIL
1963.148,3,FAIL,0,0,NO_ORIGIN,0,0,1,1,1,1,0,0.0,,,,,0.0,1591,1524,,0,0,FAIL
1963.198,3,FAIL,0,0,NO_ORIGIN,0,0,1,1,1,1,0,0.0,,,,,0.0,1591,1524,,0,0,FAIL
1963.248,3,FAIL,0,0,NO_ORIGIN,0,0,1,1,1,1,0,0.0,,,,,0.0,1591,1524,,0,0,FAIL
1963.299,3,FAIL,0,0,NO_ORIGIN,0,0,1,1,1,1,0,0.0,,,,,0.0,1591,1524,,0,0,FAIL
1963.349,3,FAIL,0,0,NO_ORIGIN,0,0,1,1,1,1,0,0.0,,,,,0.0,1591,1524,,0,0,FAIL
1963.399,3,FAIL,0,0,NO_ORIGIN,0,0,1,1,1,1,0,0.0,,,,,0.0,1591,1524,,0,0,FAIL
1963.449,3,FAIL,0,0,NO_ORIGIN,0,0,1,1,1,1,0,0.0,,,,,0.0,1591,1524,,0,0,FAIL
1963.5,3,FAIL,0,0,NO_ORIGIN,0,0,1,1,1,1,0,0.0,,,,,0.0,1591,1524,,0,0,FAIL
1963.551,3,FAIL,0,0,NO_ORIGIN,0,0,1,1,1,1,0,0.0,,,,,0.0,1591,1524,,0,0,FAIL
1963.601,3,FAIL,0,0,NO_ORIGIN,0,0,1,1,1,1,0,0.0,,,,,0.0,1591,1524,,0,0,FAIL
1963.651,3,FAIL,0,0,NO_ORIGIN,0,0,1,1,1,1,0,0.0,,,,,0.0,1591,1524,,0,0,FAIL
1963.702,3,FAIL,0,0,NO_ORIGIN,0,0,1,1,1,1,0,0.0,,,,,0.0,1591,1524,,0,0,FAIL
1963.752,3,FAIL,0,0,NO_ORIGIN,0,0,1,1,1,1,0,0.0,,,,,0.0,1591,1524,,0,0,FAIL
1963.803,3,FAIL,0,0,NO_ORIGIN,0,0,1,1,1,1,0,0.0,,,,,0.0,1591,1524,,0,0,FAIL
1963.853,3,FAIL,0,0,NO_ORIGIN,0,0,1,1,1,1,0,0.0,,,,,0.0,1591,1524,,0,0,FAIL
1963.904,3,FAIL,0,0,NO_ORIGIN,0,0,1,1,1,1,0,0.0,,,,,0.0,1591,1524,,0,0,FAIL
1963.954,3,FAIL,0,0,NO_ORIGIN,0,0,1,1,1,1,0,0.0,,,,,0.0,1591,1524,,0,0,FAIL
1964.005,3,FAIL,0,0,NO_ORIGIN,0,0,1,1,1,1,0,0.0,,,,,0.0,1591,1524,,0,0,FAIL
1964.055,3,FAIL,0,0,NO_ORIGIN,0,0,1,1,1,1,0,0.0,,,,,0.0,1591,1524,,0,0,FAIL
1964.106,3,FAIL,0,0,NO_ORIGIN,0,0,1,1,1,1,0,0.0,,,,,0.0,1591,1524,,0,0,FAIL
1964.16,3,FAIL,0,0,NO_ORIGIN,0,0,1,1,1,1,0,0.0,,,,,0.0,1591,1524,,0,0,FAIL
1964.211,3,FAIL,0,0,NO_ORIGIN,0,0,1,1,1,1,0,0.0,,,,,0.0,1591,1524,,0,0,FAIL
1964.261,3,FAIL,0,0,NO_ORIGIN,0,0,1,1,1,1,0,0.0,,,,,0.0,1591,1524,,0,0,FAIL
1964.311,3,FAIL,0,0,NO_ORIGIN,0,0,1,1,1,1,0,0.0,,,,,0.0,1591,1524,,0,0,FAIL
1964.361,3,FAIL,0,0,NO_ORIGIN,0,0,1,1,1,1,0,0.0,,,,,0.0,1591,1524,,0,0,FAIL
1964.411,3,FAIL,0,0,NO_ORIGIN,0,0,1,1,1,1,0,0.0,,,,,0.0,1591,1524,,0,0,FAIL
1964.461,3,FAIL,0,0,NO_ORIGIN,0,0,1,1,1,1,0,0.0,,,,,0.0,1591,1524,,0,0,FAIL
1964.512,3,FAIL,0,0,NO_ORIGIN,0,0,1,1,1,1,0,0.0,,,,,0.0,1591,1524,,0,0,FAIL
1964.563,3,FAIL,0,0,NO_ORIGIN,0,0,1,1,1,1,0,0.0,,,,,0.0,1591,1524,,0,0,FAIL
1964.614,3,FAIL,0,0,NO_ORIGIN,0,0,1,1,1,1,0,0.0,,,,,0.0,1591,1524,,0,0,FAIL
1964.664,3,FAIL,0,0,NO_ORIGIN,0,0,1,1,1,1,0,0.0,,,,,0.0,1591,1524,,0,0,FAIL
1964.714,3,FAIL,0,0,NO_ORIGIN,0,0,1,1,1,1,0,0.0,,,,,0.0,1591,1524,,0,0,FAIL
1964.765,3,FAIL,0,0,NO_ORIGIN,0,0,1,1,1,1,0,0.0,,,,,0.0,1591,1524,,0,0,FAIL
1964.815,3,FAIL,0,0,NO_ORIGIN,0,0,1,1,1,1,0,0.0,,,,,0.0,1591,1524,,0,0,FAIL
1964.865,3,FAIL,0,0,NO_ORIGIN,0,0,1,1,1,1,0,0.0,,,,,0.0,1591,1524,,0,0,FAIL
1964.915,3,FAIL,0,0,NO_ORIGIN,0,0,1,1,1,1,0,0.0,,,,,0.0,1591,1524,,0,0,FAIL
1964.966,3,FAIL,0,0,NO_ORIGIN,0,0,1,1,1,1,0,0.0,,,,,0.0,1591,1524,,0,0,FAIL
1965.017,3,FAIL,0,0,NO_ORIGIN,0,0,1,1,1,1,0,0.0,,,,,0.0,1591,1524,,0,0,FAIL
1965.068,3,FAIL,0,0,NO_ORIGIN,0,0,1,1,1,1,0,0.0,,,,,0.0,1591,1524,,0,0,FAIL
1965.118,3,FAIL,0,0,NO_ORIGIN,0,0,1,1,1,1,0,0.0,,,,,0.0,1591,1524,,0,0,FAIL
1965.168,3,FAIL,0,0,NO_ORIGIN,0,0,1,1,1,1,0,0.0,,,,,0.0,1591,1524,,0,0,FAIL
1965.218,3,FAIL,0,0,NO_ORIGIN,0,0,1,1,1,1,0,0.0,,,,,0.0,1591,1524,,0,0,FAIL
1965.268,3,FAIL,0,0,NO_ORIGIN,0,0,1,1,1,1,0,0.0,,,,,0.0,1591,1524,,0,0,FAIL
1965.319,3,FAIL,0,0,NO_ORIGIN,0,0,1,1,1,1,0,0.0,,,,,0.0,1591,1524,,0,0,FAIL
1965.37,3,FAIL,0,0,NO_ORIGIN,0,0,1,1,1,1,0,0.0,,,,,0.0,1591,1524,,0,0,FAIL
1965.421,3,FAIL,0,0,NO_ORIGIN,0,0,1,1,1,1,0,0.0,,,,,0.0,1591,1524,,0,0,FAIL
1965.471,3,FAIL,0,0,NO_ORIGIN,0,0,1,1,1,1,0,0.0,,,,,0.0,1591,1524,,0,0,FAIL
1965.521,3,FAIL,0,0,NO_ORIGIN,0,0,1,1,1,1,0,0.0,,,,,0.0,1591,1524,,0,0,FAIL
1965.572,3,FAIL,0,0,NO_ORIGIN,0,0,1,1,1,1,0,0.0,,,,,0.0,1591,1524,,0,0,FAIL
1965.622,3,FAIL,0,0,NO_ORIGIN,0,0,1,1,1,1,0,0.0,,,,,0.0,1591,1524,,0,0,FAIL
1965.672,3,FAIL,0,0,NO_ORIGIN,0,0,1,1,1,1,0,0.0,,,,,0.0,1591,1524,,0,0,FAIL
1965.722,3,FAIL,0,0,NO_ORIGIN,0,0,1,1,1,1,0,0.0,,,,,0.0,1591,1524,,0,0,FAIL
1965.773,3,FAIL,0,0,NO_ORIGIN,0,0,1,1,1,1,0,0.0,,,,,0.0,1591,1524,,0,0,FAIL
1965.823,3,FAIL,0,0,NO_ORIGIN,0,0,1,1,1,1,0,0.0,,,,,0.0,1591,1524,,0,0,FAIL
1965.873,3,FAIL,0,0,NO_ORIGIN,0,0,1,1,1,1,0,0.0,,,,,0.0,1591,1524,,0,0,FAIL
1965.924,3,FAIL,0,0,NO_ORIGIN,0,0,1,1,1,1,0,0.0,,,,,0.0,1591,1524,,0,0,FAIL
1965.974,3,FAIL,0,0,NO_ORIGIN,0,0,1,1,1,1,0,0.0,,,,,0.0,1591,1524,,0,0,FAIL
1966.025,3,FAIL,0,0,NO_ORIGIN,0,0,1,1,1,1,0,0.0,,,,,0.0,1591,1524,,0,0,FAIL
1966.075,3,FAIL,0,0,NO_ORIGIN,0,0,1,1,1,1,0,0.0,,,,,0.0,1591,1524,,0,0,FAIL
1966.125,3,FAIL,0,0,NO_ORIGIN,0,0,1,1,1,1,0,0.0,,,,,0.0,1591,1524,,0,0,FAIL
1966.176,3,FAIL,0,0,NO_ORIGIN,0,0,1,1,1,1,0,0.0,,,,,0.0,1591,1524,,0,0,FAIL
1966.226,3,FAIL,0,0,NO_ORIGIN,0,0,1,1,1,1,0,0.0,,,,,0.0,1591,1524,,0,0,FAIL
1966.277,3,FAIL,0,0,NO_ORIGIN,0,0,1,1,1,1,0,0.0,,,,,0.0,1591,1524,,0,0,FAIL
1966.327,3,FAIL,0,0,NO_ORIGIN,0,0,1,1,1,1,0,0.0,,,,,0.0,1591,1524,,0,0,FAIL
1966.377,3,FAIL,0,0,NO_ORIGIN,0,0,1,1,1,1,0,0.0,,,,,0.0,1591,1524,,0,0,FAIL
1966.428,3,FAIL,0,0,NO_ORIGIN,0,0,1,1,1,1,0,0.0,,,,,0.0,1591,1524,,0,0,FAIL
1966.478,3,FAIL,0,0,NO_ORIGIN,0,0,1,1,1,1,0,0.0,,,,,0.0,1591,1524,,0,0,FAIL
1966.529,3,FAIL,0,0,NO_ORIGIN,0,0,1,1,1,1,0,0.0,,,,,0.0,1591,1524,,0,0,FAIL
1966.579,3,FAIL,0,0,NO_ORIGIN,0,0,1,1,1,1,0,0.0,,,,,0.0,1591,1524,,0,0,FAIL
1966.63,3,FAIL,0,0,NO_ORIGIN,0,0,1,1,1,1,0,0.0,,,,,0.0,1591,1524,,0,0,FAIL
1966.68,3,FAIL,0,0,NO_ORIGIN,0,0,1,1,1,1,0,0.0,,,,,0.0,1591,1524,,0,0,FAIL
1966.73,3,FAIL,0,0,NO_ORIGIN,0,0,1,1,1,1,0,0.0,,,,,0.0,1591,1524,,0,0,FAIL
1966.781,3,FAIL,0,0,NO_ORIGIN,0,0,1,1,1,1,0,0.0,,,,,0.0,1591,1524,,0,0,FAIL
1966.831,3,FAIL,0,0,NO_ORIGIN,0,0,1,1,1,1,0,0.0,,,,,0.0,1591,1524,,0,0,FAIL
1966.881,3,FAIL,0,0,NO_ORIGIN,0,0,1,1,1,1,0,0.0,,,,,0.0,1591,1524,,0,0,FAIL
1966.932,3,FAIL,0,0,NO_ORIGIN,0,0,1,1,1,1,0,0.0,,,,,0.0,1591,1524,,0,0,FAIL
1966.982,3,FAIL,0,0,NO_ORIGIN,0,0,1,1,1,1,0,0.0,,,,,0.0,1591,1524,,0,0,FAIL
1967.034,3,FAIL,0,0,NO_ORIGIN,0,0,1,1,1,1,0,0.0,,,,,0.0,1591,1524,,0,0,FAIL
1967.084,3,FAIL,0,0,NO_ORIGIN,0,0,1,1,1,1,0,0.0,,,,,0.0,1591,1524,,0,0,FAIL
1967.134,3,FAIL,0,0,NO_ORIGIN,0,0,1,1,1,1,0,0.0,,,,,0.0,1591,1524,,0,0,FAIL
1967.184,3,FAIL,0,0,NO_ORIGIN,0,0,1,1,1,1,0,0.0,,,,,0.0,1591,1524,,0,0,FAIL
1967.234,3,FAIL,0,0,NO_ORIGIN,0,0,1,1,1,1,0,0.0,,,,,0.0,1591,1524,,0,0,FAIL
1967.285,3,FAIL,0,0,NO_ORIGIN,0,0,1,1,1,1,0,0.0,,,,,0.0,1591,1524,,0,0,FAIL
1967.336,3,FAIL,0,0,NO_ORIGIN,0,0,1,1,1,1,0,0.0,,,,,0.0,1591,1524,,0,0,FAIL
1967.387,3,FAIL,0,0,NO_ORIGIN,0,0,1,1,1,1,0,0.0,,,,,0.0,1591,1524,,0,0,FAIL
1967.437,3,FAIL,0,0,NO_ORIGIN,0,0,1,1,1,1,0,0.0,,,,,0.0,1591,1524,,0,0,FAIL
1967.487,3,FAIL,0,0,NO_ORIGIN,0,0,1,1,1,1,0,0.0,,,,,0.0,1591,1524,,0,0,FAIL
1967.537,3,FAIL,0,0,NO_ORIGIN,0,0,1,1,1,1,0,0.0,,,,,0.0,1591,1524,,0,0,FAIL
1967.587,3,FAIL,0,0,NO_ORIGIN,0,0,1,1,1,1,0,0.0,,,,,0.0,1591,1524,,0,0,FAIL
1967.638,3,FAIL,0,0,NO_ORIGIN,0,0,1,1,1,1,0,0.0,,,,,0.0,1591,1524,,0,0,FAIL
1967.688,3,FAIL,0,0,NO_ORIGIN,0,0,1,1,1,1,0,0.0,,,,,0.0,1591,1524,,0,0,FAIL
1967.738,3,FAIL,0,0,NO_ORIGIN,0,0,1,1,1,1,0,0.0,,,,,0.0,1591,1524,,0,0,FAIL
1967.788,3,FAIL,0,0,NO_ORIGIN,0,0,1,1,1,1,0,0.0,,,,,0.0,1591,1524,,0,0,FAIL
1967.838,3,FAIL,0,0,NO_ORIGIN,0,0,1,1,1,1,0,0.0,,,,,0.0,1591,1524,,0,0,FAIL
1967.889,3,FAIL,0,0,NO_ORIGIN,0,0,1,1,1,1,0,0.0,,,,,0.0,1591,1524,,0,0,FAIL
1967.94,3,FAIL,0,0,NO_ORIGIN,0,0,1,1,1,1,0,0.0,,,,,0.0,1591,1524,,0,0,FAIL
1967.99,3,FAIL,0,0,NO_ORIGIN,0,0,1,1,1,1,0,0.0,,,,,0.0,1591,1524,,0,0,FAIL
1968.04,3,FAIL,0,0,NO_ORIGIN,0,0,1,1,1,1,0,0.0,,,,,0.0,1591,1524,,0,0,FAIL
1968.091,3,FAIL,0,0,NO_ORIGIN,0,0,1,1,1,1,0,0.0,,,,,0.0,1591,1524,,0,0,FAIL
1968.143,3,FAIL,0,0,NO_ORIGIN,0,0,1,1,1,1,0,0.0,,,,,0.0,1591,1524,,0,0,FAIL
1968.193,3,FAIL,0,0,NO_ORIGIN,0,0,1,1,1,1,0,0.0,,,,,0.0,1591,1524,,0,0,FAIL
1968.244,3,FAIL,0,0,NO_ORIGIN,0,0,1,1,1,1,0,0.0,,,,,0.0,1591,1524,,0,0,FAIL
1968.294,3,FAIL,0,0,NO_ORIGIN,0,0,1,1,1,1,0,0.0,,,,,0.0,1591,1524,,0,0,FAIL
1968.344,3,FAIL,0,0,NO_ORIGIN,0,0,1,1,1,1,0,0.0,,,,,0.0,1591,1524,,0,0,FAIL
1968.394,3,FAIL,0,0,NO_ORIGIN,0,0,1,1,1,1,0,0.0,,,,,0.0,1591,1524,,0,0,FAIL
1968.444,3,FAIL,0,0,NO_ORIGIN,0,0,1,1,1,1,0,0.0,,,,,0.0,1591,1524,,0,0,FAIL
1968.494,3,FAIL,0,0,NO_ORIGIN,0,0,1,1,1,1,0,0.0,,,,,0.0,1591,1524,,0,0,FAIL
1968.545,3,FAIL,0,0,NO_ORIGIN,0,0,1,1,1,1,0,0.0,,,,,0.0,1591,1524,,0,0,FAIL
1968.595,3,FAIL,0,0,NO_ORIGIN,0,0,1,1,1,1,0,0.0,,,,,0.0,1591,1524,,0,0,FAIL
1968.645,3,FAIL,0,0,NO_ORIGIN,0,0,1,1,1,1,0,0.0,,,,,0.0,1591,1524,,0,0,FAIL
1968.695,3,FAIL,0,0,NO_ORIGIN,0,0,1,1,1,1,0,0.0,,,,,0.0,1591,1524,,0,0,FAIL
1968.745,3,FAIL,0,0,NO_ORIGIN,0,0,1,1,1,1,0,0.0,,,,,0.0,1591,1524,,0,0,FAIL
1968.796,3,FAIL,0,0,NO_ORIGIN,0,0,1,1,1,1,0,0.0,,,,,0.0,1591,1524,,0,0,FAIL
1968.846,3,FAIL,0,0,NO_ORIGIN,0,0,1,1,1,1,0,0.0,,,,,0.0,1591,1524,,0,0,FAIL
1968.896,3,FAIL,0,0,NO_ORIGIN,0,0,1,1,1,1,0,0.0,,,,,0.0,1591,1524,,0,0,FAIL
1968.946,3,FAIL,0,0,NO_ORIGIN,0,0,1,1,1,1,0,0.0,,,,,0.0,1591,1524,,0,0,FAIL
1968.997,3,FAIL,0,0,NO_ORIGIN,0,0,1,1,1,1,0,0.0,,,,,0.0,1591,1524,,0,0,FAIL
1969.047,3,FAIL,0,0,NO_ORIGIN,0,0,1,1,1,1,0,0.0,,,,,0.0,1591,1524,,0,0,FAIL
1969.1,3,FAIL,0,0,NO_ORIGIN,0,0,1,1,1,1,0,0.0,,,,,0.0,1591,1524,,0,0,FAIL
1969.151,3,FAIL,0,0,NO_ORIGIN,0,0,1,1,1,1,0,0.0,,,,,0.0,1591,1524,,0,0,FAIL
1969.202,3,FAIL,0,0,NO_ORIGIN,0,0,1,1,1,1,0,0.0,,,,,0.0,1591,1524,,0,0,FAIL
1969.252,3,FAIL,0,0,NO_ORIGIN,0,0,1,1,1,1,0,0.0,,,,,0.0,1591,1524,,0,0,FAIL
1969.302,3,FAIL,0,0,NO_ORIGIN,0,0,1,1,1,1,0,0.0,,,,,0.0,1591,1524,,0,0,FAIL
1969.353,3,FAIL,0,0,NO_ORIGIN,0,0,1,1,1,1,0,0.0,,,,,0.0,1591,1524,,0,0,FAIL
1969.403,3,FAIL,0,0,NO_ORIGIN,0,0,1,1,1,1,0,0.0,,,,,0.0,1591,1524,,0,0,FAIL
1969.453,3,FAIL,0,0,NO_ORIGIN,0,0,1,1,1,1,0,0.0,,,,,0.0,1591,1524,,0,0,FAIL
1969.504,3,FAIL,0,0,NO_ORIGIN,0,0,1,1,1,1,0,0.0,,,,,0.0,1591,1524,,0,0,FAIL
1969.554,3,FAIL,0,0,NO_ORIGIN,0,0,1,1,1,1,0,0.0,,,,,0.0,1591,1524,,0,0,FAIL
1969.605,3,FAIL,0,0,NO_ORIGIN,0,0,1,1,1,1,0,0.0,,,,,0.0,1591,1524,,0,0,FAIL
1969.656,3,FAIL,0,0,NO_ORIGIN,0,0,1,1,1,1,0,0.0,,,,,0.0,1591,1524,,0,0,FAIL
1969.706,3,FAIL,0,0,NO_ORIGIN,0,0,1,1,1,1,0,0.0,,,,,0.0,1591,1524,,0,0,FAIL
1969.757,3,FAIL,0,0,NO_ORIGIN,0,0,1,1,1,1,0,0.0,,,,,0.0,1591,1524,,0,0,FAIL
1969.807,3,FAIL,0,0,NO_ORIGIN,0,0,1,1,1,1,0,0.0,,,,,0.0,1591,1524,,0,0,FAIL
1969.858,3,FAIL,0,0,NO_ORIGIN,0,0,1,1,1,1,0,0.0,,,,,0.0,1591,1524,,0,0,FAIL
1969.908,3,FAIL,0,0,NO_ORIGIN,0,0,1,1,1,1,0,0.0,,,,,0.0,1591,1524,,0,0,FAIL
1969.958,3,FAIL,0,0,NO_ORIGIN,0,0,1,1,1,1,0,0.0,,,,,0.0,1591,1524,,0,0,FAIL
1970.008,3,FAIL,0,0,NO_ORIGIN,0,0,1,1,1,1,0,0.0,,,,,0.0,1591,1524,,0,0,FAIL
1970.059,3,FAIL,0,0,NO_ORIGIN,0,0,1,1,1,1,0,0.0,,,,,0.0,1591,1524,,0,0,FAIL
1970.11,3,FAIL,0,0,NO_ORIGIN,0,0,1,1,1,1,0,0.0,,,,,0.0,1591,1524,,0,0,FAIL
1970.16,3,FAIL,0,0,NO_ORIGIN,0,0,1,1,1,1,0,0.0,,,,,0.0,1591,1524,,0,0,FAIL
1970.21,3,FAIL,0,0,NO_ORIGIN,0,0,1,1,1,1,0,0.0,,,,,0.0,1591,1524,,0,0,FAIL
1970.26,3,FAIL,0,0,NO_ORIGIN,0,0,1,1,1,1,0,0.0,,,,,0.0,1591,1524,,0,0,FAIL
1970.311,3,FAIL,0,0,NO_ORIGIN,0,0,1,1,1,1,0,0.0,,,,,0.0,1591,1524,,0,0,FAIL
1970.361,3,FAIL,0,0,NO_ORIGIN,0,0,1,1,1,1,0,0.0,,,,,0.0,1591,1524,,0,0,FAIL
1970.411,3,FAIL,0,0,NO_ORIGIN,0,0,1,1,1,1,0,0.0,,,,,0.0,1591,1524,,0,0,FAIL
1970.462,3,FAIL,0,0,NO_ORIGIN,0,0,1,1,1,1,0,0.0,,,,,0.0,1591,1524,,0,0,FAIL
1970.512,3,FAIL,0,0,NO_ORIGIN,0,0,1,1,1,1,0,0.0,,,,,0.0,1591,1524,,0,0,FAIL
1970.562,3,FAIL,0,0,NO_ORIGIN,0,0,1,1,1,1,0,0.0,,,,,0.0,1591,1524,,0,0,FAIL
1970.614,3,FAIL,0,0,NO_ORIGIN,0,0,1,1,1,1,0,0.0,,,,,0.0,1591,1524,,0,0,FAIL
1970.665,3,FAIL,0,0,NO_ORIGIN,0,0,1,1,1,1,0,0.0,,,,,0.0,1591,1524,,0,0,FAIL
1970.715,3,FAIL,0,0,NO_ORIGIN,0,0,1,1,1,1,0,0.0,,,,,0.0,1591,1524,,0,0,FAIL
1970.766,3,FAIL,0,0,NO_ORIGIN,0,0,1,1,1,1,0,0.0,,,,,0.0,1591,1524,,0,0,FAIL
1970.817,3,FAIL,0,0,NO_ORIGIN,0,0,1,1,1,1,0,0.0,,,,,0.0,1591,1524,,0,0,FAIL
1970.867,3,FAIL,0,0,NO_ORIGIN,0,0,1,1,1,1,0,0.0,,,,,0.0,1591,1524,,0,0,FAIL
1970.917,3,FAIL,0,0,NO_ORIGIN,0,0,1,1,1,1,0,0.0,,,,,0.0,1591,1524,,0,0,FAIL
1970.967,3,FAIL,0,0,NO_ORIGIN,0,0,1,1,1,1,0,0.0,,,,,0.0,1591,1524,,0,0,FAIL
1971.017,3,FAIL,0,0,NO_ORIGIN,0,0,1,1,1,1,0,0.0,,,,,0.0,1591,1524,,0,0,FAIL
1971.068,3,FAIL,0,0,NO_ORIGIN,0,0,1,1,1,1,0,0.0,,,,,0.0,1591,1524,,0,0,FAIL
1971.118,3,FAIL,0,0,NO_ORIGIN,0,0,1,1,1,1,0,0.0,,,,,0.0,1591,1524,,0,0,FAIL
1971.168,3,FAIL,0,0,NO_ORIGIN,0,0,1,1,1,1,0,0.0,,,,,0.0,1591,1524,,0,0,FAIL
1971.218,3,FAIL,0,0,NO_ORIGIN,0,0,1,1,1,1,0,0.0,,,,,0.0,1591,1524,,0,0,FAIL
1971.268,3,FAIL,0,0,NO_ORIGIN,0,0,1,1,1,1,0,0.0,,,,,0.0,1591,1524,,0,0,FAIL
1971.318,3,FAIL,0,0,NO_ORIGIN,0,0,1,1,1,1,0,0.0,,,,,0.0,1591,1524,,0,0,FAIL
1971.369,3,FAIL,0,0,NO_ORIGIN,0,0,1,1,1,1,0,0.0,,,,,0.0,1591,1524,,0,0,FAIL
1971.419,3,FAIL,0,0,NO_ORIGIN,0,0,1,1,1,1,0,0.0,,,,,0.0,1591,1524,,0,0,FAIL
1971.469,3,FAIL,0,0,NO_ORIGIN,0,0,1,1,1,1,0,0.0,,,,,0.0,1591,1524,,0,0,FAIL
1971.519,3,FAIL,0,0,NO_ORIGIN,0,0,1,1,1,1,0,0.0,,,,,0.0,1591,1524,,0,0,FAIL
1971.57,3,FAIL,0,0,NO_ORIGIN,0,0,1,1,1,1,0,0.0,,,,,0.0,1591,1524,,0,0,FAIL
1971.62,3,FAIL,0,0,NO_ORIGIN,0,0,1,1,1,1,0,0.0,,,,,0.0,1591,1524,,0,0,FAIL
1971.67,3,FAIL,0,0,NO_ORIGIN,0,0,1,1,1,1,0,0.0,,,,,0.0,1591,1524,,0,0,FAIL
1971.721,3,FAIL,0,0,NO_ORIGIN,0,0,1,1,1,1,0,0.0,,,,,0.0,1591,1524,,0,0,FAIL
1971.772,3,FAIL,0,0,NO_ORIGIN,0,0,1,1,1,1,0,0.0,,,,,0.0,1591,1524,,0,0,FAIL
1971.822,3,FAIL,0,0,NO_ORIGIN,0,0,1,1,1,1,0,0.0,,,,,0.0,1591,1524,,0,0,FAIL
1971.872,3,FAIL,0,0,NO_ORIGIN,0,0,1,1,1,1,0,0.0,,,,,0.0,1591,1524,,0,0,FAIL
1971.922,3,FAIL,0,0,NO_ORIGIN,0,0,1,1,1,1,0,0.0,,,,,0.0,1591,1524,,0,0,FAIL
1971.973,3,FAIL,0,0,NO_ORIGIN,0,0,1,1,1,1,0,0.0,,,,,0.0,1591,1524,,0,0,FAIL
1972.023,3,FAIL,0,0,NO_ORIGIN,0,0,1,1,1,1,0,0.0,,,,,0.0,1591,1524,,0,0,FAIL
1972.073,3,FAIL,0,0,NO_ORIGIN,0,0,1,1,1,1,0,0.0,,,,,0.0,1591,1524,,0,0,FAIL
1972.123,3,FAIL,0,0,NO_ORIGIN,0,0,1,1,1,1,0,0.0,,,,,0.0,1591,1524,,0,0,FAIL
1972.174,3,FAIL,0,0,NO_ORIGIN,0,0,1,1,1,1,0,0.0,,,,,0.0,1591,1524,,0,0,FAIL
1972.224,3,FAIL,0,0,NO_ORIGIN,0,0,1,1,1,1,0,0.0,,,,,0.0,1591,1524,,0,0,FAIL
1972.274,3,FAIL,0,0,NO_ORIGIN,0,0,1,1,1,1,0,0.0,,,,,0.0,1591,1524,,0,0,FAIL
1972.325,3,FAIL,0,0,NO_ORIGIN,0,0,1,1,1,1,0,0.0,,,,,0.0,1591,1524,,0,0,FAIL
1972.375,3,FAIL,0,0,NO_ORIGIN,0,0,1,1,1,1,0,0.0,,,,,0.0,1591,1524,,0,0,FAIL
1972.425,3,FAIL,0,0,NO_ORIGIN,0,0,1,1,1,1,0,0.0,,,,,0.0,1591,1524,,0,0,FAIL
1972.476,3,FAIL,0,0,NO_ORIGIN,0,0,1,1,1,1,0,0.0,,,,,0.0,1591,1524,,0,0,FAIL
1972.526,3,FAIL,0,0,NO_ORIGIN,0,0,1,1,1,1,0,0.0,,,,,0.0,1591,1524,,0,0,FAIL
1972.577,3,FAIL,0,0,NO_ORIGIN,0,0,1,1,1,1,0,0.0,,,,,0.0,1591,1524,,0,0,FAIL
1972.628,3,FAIL,0,0,NO_ORIGIN,0,0,1,1,1,1,0,0.0,,,,,0.0,1591,1524,,0,0,FAIL
1972.678,3,FAIL,0,0,NO_ORIGIN,0,0,1,1,1,1,0,0.0,,,,,0.0,1591,1524,,0,0,FAIL
1972.728,3,FAIL,0,0,NO_ORIGIN,0,0,1,1,1,1,0,0.0,,,,,0.0,1591,1524,,0,0,FAIL
1972.778,3,FAIL,0,0,NO_ORIGIN,0,0,1,1,1,1,0,0.0,,,,,0.0,1591,1524,,0,0,FAIL
1972.829,3,FAIL,0,0,NO_ORIGIN,0,0,1,1,1,1,0,0.0,,,,,0.0,1591,1524,,0,0,FAIL
1972.879,3,FAIL,0,0,NO_ORIGIN,0,0,1,1,1,1,0,0.0,,,,,0.0,1591,1524,,0,0,FAIL
1972.929,3,FAIL,0,0,NO_ORIGIN,0,0,1,1,1,1,0,0.0,,,,,0.0,1591,1524,,0,0,FAIL
1972.979,3,FAIL,0,0,NO_ORIGIN,0,0,1,1,1,1,0,0.0,,,,,0.0,1591,1524,,0,0,FAIL
1973.03,3,FAIL,0,0,NO_ORIGIN,0,0,1,1,1,1,0,0.0,,,,,0.0,1591,1524,,0,0,FAIL
1973.08,3,FAIL,0,0,NO_ORIGIN,0,0,1,1,1,1,0,0.0,,,,,0.0,1591,1524,,0,0,FAIL
1973.13,3,FAIL,0,0,NO_ORIGIN,0,0,1,1,1,1,0,0.0,,,,,0.0,1591,1524,,0,0,FAIL
1973.18,3,FAIL,0,0,NO_ORIGIN,0,0,1,1,1,1,0,0.0,,,,,0.0,1591,1524,,0,0,FAIL
1973.231,3,FAIL,0,0,NO_ORIGIN,0,0,1,1,1,1,0,0.0,,,,,0.0,1591,1524,,0,0,FAIL
1973.281,3,FAIL,0,0,NO_ORIGIN,0,0,1,1,1,1,0,0.0,,,,,0.0,1591,1524,,0,0,FAIL
1973.331,3,FAIL,0,0,NO_ORIGIN,0,0,1,1,1,1,0,0.0,,,,,0.0,1591,1524,,0,0,FAIL
1973.381,3,FAIL,0,0,NO_ORIGIN,0,0,1,1,1,1,0,0.0,,,,,0.0,1591,1524,,0,0,FAIL
1973.433,3,FAIL,0,0,NO_ORIGIN,0,0,1,1,1,1,0,0.0,,,,,0.0,1591,1524,,0,0,FAIL
1973.486,3,FAIL,0,0,NO_ORIGIN,0,0,1,1,1,1,0,0.0,,,,,0.0,1591,1524,,0,0,FAIL
1973.537,3,FAIL,0,0,NO_ORIGIN,0,0,1,1,1,1,0,0.0,,,,,0.0,1591,1524,,0,0,FAIL
1973.587,3,FAIL,0,0,NO_ORIGIN,0,0,1,1,1,1,0,0.0,,,,,0.0,1591,1524,,0,0,FAIL
1973.638,3,FAIL,0,0,NO_ORIGIN,0,0,1,1,1,1,0,0.0,,,,,0.0,1591,1524,,0,0,FAIL
1973.689,3,FAIL,0,0,NO_ORIGIN,0,0,1,1,1,1,0,0.0,,,,,0.0,1591,1524,,0,0,FAIL
1973.739,3,FAIL,0,0,NO_ORIGIN,0,0,1,1,1,1,0,0.0,,,,,0.0,1591,1524,,0,0,FAIL
1973.79,3,FAIL,0,0,NO_ORIGIN,0,0,1,1,1,1,0,0.0,,,,,0.0,1591,1524,,0,0,FAIL
1973.84,3,FAIL,0,0,NO_ORIGIN,0,0,1,1,1,1,0,0.0,,,,,0.0,1591,1524,,0,0,FAIL
1973.89,3,FAIL,0,0,NO_ORIGIN,0,0,1,1,1,1,0,0.0,,,,,0.0,1591,1524,,0,0,FAIL
1973.94,3,FAIL,0,0,NO_ORIGIN,0,0,1,1,1,1,0,0.0,,,,,0.0,1591,1524,,0,0,FAIL
1973.991,3,FAIL,0,0,NO_ORIGIN,0,0,1,1,1,1,0,0.0,,,,,0.0,1591,1524,,0,0,FAIL
1974.041,3,FAIL,0,0,NO_ORIGIN,0,0,1,1,1,1,0,0.0,,,,,0.0,1591,1524,,0,0,FAIL
1974.091,3,FAIL,0,0,NO_ORIGIN,0,0,1,1,1,1,0,0.0,,,,,0.0,1591,1524,,0,0,FAIL
1974.144,3,FAIL,0,0,NO_ORIGIN,0,0,1,1,1,1,0,0.0,,,,,0.0,1591,1524,,0,0,FAIL
1974.194,3,FAIL,0,0,NO_ORIGIN,0,0,1,1,1,1,0,0.0,,,,,0.0,1591,1524,,0,0,FAIL
1974.245,3,FAIL,0,0,NO_ORIGIN,0,0,1,1,1,1,0,0.0,,,,,0.0,1591,1524,,0,0,FAIL
1974.295,3,FAIL,0,0,NO_ORIGIN,0,0,1,1,1,1,0,0.0,,,,,0.0,1591,1524,,0,0,FAIL
1974.345,3,FAIL,0,0,NO_ORIGIN,0,0,1,1,1,1,0,0.0,,,,,0.0,1591,1524,,0,0,FAIL
1974.395,3,FAIL,0,0,NO_ORIGIN,0,0,1,1,1,1,0,0.0,,,,,0.0,1591,1524,,0,0,FAIL
1974.445,3,FAIL,0,0,NO_ORIGIN,0,0,1,1,1,1,0,0.0,,,,,0.0,1591,1524,,0,0,FAIL
1974.495,3,FAIL,0,0,NO_ORIGIN,0,0,1,1,1,1,0,0.0,,,,,0.0,1591,1524,,0,0,FAIL
1974.546,3,FAIL,0,0,NO_ORIGIN,0,0,1,1,1,1,0,0.0,,,,,0.0,1591,1524,,0,0,FAIL
1974.596,3,FAIL,0,0,NO_ORIGIN,0,0,1,1,1,1,0,0.0,,,,,0.0,1591,1524,,0,0,FAIL
1974.646,3,FAIL,0,0,NO_ORIGIN,0,0,1,1,1,1,0,0.0,,,,,0.0,1591,1524,,0,0,FAIL
1974.696,3,FAIL,0,0,NO_ORIGIN,0,0,1,1,1,1,0,0.0,,,,,0.0,1591,1524,,0,0,FAIL
1974.746,3,FAIL,0,0,NO_ORIGIN,0,0,1,1,1,1,0,0.0,,,,,0.0,1591,1524,,0,0,FAIL
1974.796,3,FAIL,0,0,NO_ORIGIN,0,0,1,1,1,1,0,0.0,,,,,0.0,1591,1524,,0,0,FAIL
1974.847,3,FAIL,0,0,NO_ORIGIN,0,0,1,1,1,1,0,0.0,,,,,0.0,1591,1524,,0,0,FAIL
1974.897,3,FAIL,0,0,NO_ORIGIN,0,0,1,1,1,1,0,0.0,,,,,0.0,1591,1524,,0,0,FAIL
1974.947,3,FAIL,0,0,NO_ORIGIN,0,0,1,1,1,1,0,0.0,,,,,0.0,1591,1524,,0,0,FAIL
1974.998,3,FAIL,0,0,NO_ORIGIN,0,0,1,1,1,1,0,0.0,,,,,0.0,1591,1524,,0,0,FAIL
1975.048,3,FAIL,0,0,NO_ORIGIN,0,0,1,1,1,1,0,0.0,,,,,0.0,1591,1524,,0,0,FAIL
1975.098,3,FAIL,0,0,NO_ORIGIN,0,0,1,1,1,1,0,0.0,,,,,0.0,1591,1524,,0,0,FAIL
1975.148,3,FAIL,0,0,NO_ORIGIN,0,0,1,1,1,1,0,0.0,,,,,0.0,1591,1524,,0,0,FAIL
1975.199,3,FAIL,0,0,NO_ORIGIN,0,0,1,1,1,1,0,0.0,,,,,0.0,1591,1524,,0,0,FAIL
1975.249,3,FAIL,0,0,NO_ORIGIN,0,0,1,1,1,1,0,0.0,,,,,0.0,1591,1524,,0,0,FAIL
1975.299,3,FAIL,0,0,NO_ORIGIN,0,0,1,1,1,1,0,0.0,,,,,0.0,1591,1524,,0,0,FAIL
1975.35,3,FAIL,0,0,NO_ORIGIN,0,0,1,1,1,1,0,0.0,,,,,0.0,1591,1524,,0,0,FAIL
1975.4,3,FAIL,0,0,NO_ORIGIN,0,0,1,1,1,1,0,0.0,,,,,0.0,1591,1524,,0,0,FAIL
1975.45,3,FAIL,0,0,NO_ORIGIN,0,0,1,1,1,1,0,0.0,,,,,0.0,1591,1524,,0,0,FAIL
1975.501,3,FAIL,0,0,NO_ORIGIN,0,0,1,1,1,1,0,0.0,,,,,0.0,1591,1524,,0,0,FAIL
1975.551,3,FAIL,0,0,NO_ORIGIN,0,0,1,1,1,1,0,0.0,,,,,0.0,1591,1524,,0,0,FAIL
1975.601,3,FAIL,0,0,NO_ORIGIN,0,0,1,1,1,1,0,0.0,,,,,0.0,1591,1524,,0,0,FAIL
1975.651,3,FAIL,0,0,NO_ORIGIN,0,0,1,1,1,1,0,0.0,,,,,0.0,1591,1524,,0,0,FAIL
1975.701,3,FAIL,0,0,NO_ORIGIN,0,0,1,1,1,1,0,0.0,,,,,0.0,1591,1524,,0,0,FAIL
1975.751,3,FAIL,0,0,NO_ORIGIN,0,0,1,1,1,1,0,0.0,,,,,0.0,1591,1524,,0,0,FAIL
1975.802,3,FAIL,0,0,NO_ORIGIN,0,0,1,1,1,1,0,0.0,,,,,0.0,1591,1524,,0,0,FAIL
1975.855,3,FAIL,0,0,NO_ORIGIN,0,0,1,1,1,1,0,0.0,,,,,0.0,1591,1524,,0,0,FAIL
1975.906,3,FAIL,0,0,NO_ORIGIN,0,0,1,1,1,1,0,0.0,,,,,0.0,1591,1524,,0,0,FAIL
1975.956,3,FAIL,0,0,NO_ORIGIN,0,0,1,1,1,1,0,0.0,,,,,0.0,1591,1524,,0,0,FAIL
1976.006,3,FAIL,0,0,NO_ORIGIN,0,0,1,1,1,1,0,0.0,,,,,0.0,1591,1524,,0,0,FAIL
1976.056,3,FAIL,0,0,NO_ORIGIN,0,0,1,1,1,1,0,0.0,,,,,0.0,1591,1524,,0,0,FAIL
1976.107,3,FAIL,0,0,NO_ORIGIN,0,0,1,1,1,1,0,0.0,,,,,0.0,1591,1524,,0,0,FAIL
1976.157,3,FAIL,0,0,NO_ORIGIN,0,0,1,1,1,1,0,0.0,,,,,0.0,1591,1524,,0,0,FAIL
1976.207,3,FAIL,0,0,NO_ORIGIN,0,0,1,1,1,1,0,0.0,,,,,0.0,1591,1524,,0,0,FAIL
1976.258,3,FAIL,0,0,NO_ORIGIN,0,0,1,1,1,1,0,0.0,,,,,0.0,1591,1524,,0,0,FAIL
1976.308,3,FAIL,0,0,NO_ORIGIN,0,0,1,1,1,1,0,0.0,,,,,0.0,1591,1524,,0,0,FAIL
1976.358,3,FAIL,0,0,NO_ORIGIN,0,0,1,1,1,1,0,0.0,,,,,0.0,1591,1524,,0,0,FAIL
1976.408,3,FAIL,0,0,NO_ORIGIN,0,0,1,1,1,1,0,0.0,,,,,0.0,1591,1524,,0,0,FAIL
1976.459,3,FAIL,0,0,NO_ORIGIN,0,0,1,1,1,1,0,0.0,,,,,0.0,1591,1524,,0,0,FAIL
1976.509,3,FAIL,0,0,NO_ORIGIN,0,0,1,1,1,1,0,0.0,,,,,0.0,1591,1524,,0,0,FAIL
1976.56,3,FAIL,0,0,NO_ORIGIN,0,0,1,1,1,1,0,0.0,,,,,0.0,1591,1524,,0,0,FAIL
1976.61,3,FAIL,0,0,NO_ORIGIN,0,0,1,1,1,1,0,0.0,,,,,0.0,1591,1524,,0,0,FAIL
1976.661,3,FAIL,0,0,NO_ORIGIN,0,0,1,1,1,1,0,0.0,,,,,0.0,1591,1524,,0,0,FAIL
1976.711,3,FAIL,0,0,NO_ORIGIN,0,0,1,1,1,1,0,0.0,,,,,0.0,1591,1524,,0,0,FAIL
1976.761,3,FAIL,0,0,NO_ORIGIN,0,0,1,1,1,1,0,0.0,,,,,0.0,1591,1524,,0,0,FAIL
1976.812,3,FAIL,0,0,NO_ORIGIN,0,0,1,1,1,1,0,0.0,,,,,0.0,1591,1524,,0,0,FAIL
1976.862,3,FAIL,0,0,NO_ORIGIN,0,0,1,1,1,1,0,0.0,,,,,0.0,1591,1524,,0,0,FAIL
1976.914,3,FAIL,0,0,NO_ORIGIN,0,0,1,1,1,1,0,0.0,,,,,0.0,1591,1524,,0,0,FAIL
1976.964,3,FAIL,0,0,NO_ORIGIN,0,0,1,1,1,1,0,0.0,,,,,0.0,1591,1524,,0,0,FAIL
1977.014,3,FAIL,0,0,NO_ORIGIN,0,0,1,1,1,1,0,0.0,,,,,0.0,1591,1524,,0,0,FAIL
1977.064,3,FAIL,0,0,NO_ORIGIN,0,0,1,1,1,1,0,0.0,,,,,0.0,1591,1524,,0,0,FAIL
1977.114,3,FAIL,0,0,NO_ORIGIN,0,0,1,1,1,1,0,0.0,,,,,0.0,1591,1524,,0,0,FAIL
1977.165,3,FAIL,0,0,NO_ORIGIN,0,0,1,1,1,1,0,0.0,,,,,0.0,1591,1524,,0,0,FAIL
1977.215,3,FAIL,0,0,NO_ORIGIN,0,0,1,1,1,1,0,0.0,,,,,0.0,1591,1524,,0,0,FAIL
1977.266,3,FAIL,0,0,NO_ORIGIN,0,0,1,1,1,1,0,0.0,,,,,0.0,1591,1524,,0,0,FAIL
1977.316,3,FAIL,0,0,NO_ORIGIN,0,0,1,1,1,1,0,0.0,,,,,0.0,1591,1524,,0,0,FAIL
1977.366,3,FAIL,0,0,NO_ORIGIN,0,0,1,1,1,1,0,0.0,,,,,0.0,1591,1524,,0,0,FAIL
1977.419,3,FAIL,0,0,NO_ORIGIN,0,0,1,1,1,1,0,0.0,,,,,0.0,1591,1524,,0,0,FAIL
1977.469,3,FAIL,0,0,NO_ORIGIN,0,0,1,1,1,1,0,0.0,,,,,0.0,1591,1524,,0,0,FAIL
1977.52,3,FAIL,0,0,NO_ORIGIN,0,0,1,1,1,1,0,0.0,,,,,0.0,1591,1524,,0,0,FAIL
1977.57,3,FAIL,0,0,NO_ORIGIN,0,0,1,1,1,1,0,0.0,,,,,0.0,1591,1524,,0,0,FAIL
1977.62,3,FAIL,0,0,NO_ORIGIN,0,0,1,1,1,1,0,0.0,,,,,0.0,1591,1524,,0,0,FAIL
1977.67,3,FAIL,0,0,NO_ORIGIN,0,0,1,1,1,1,0,0.0,,,,,0.0,1591,1524,,0,0,FAIL
1977.721,3,FAIL,0,0,NO_ORIGIN,0,0,1,1,1,1,0,0.0,,,,,0.0,1591,1524,,0,0,FAIL
1977.772,3,FAIL,0,0,NO_ORIGIN,0,0,1,1,1,1,0,0.0,,,,,0.0,1591,1524,,0,0,FAIL
1977.822,3,FAIL,0,0,NO_ORIGIN,0,0,1,1,1,1,0,0.0,,,,,0.0,1591,1524,,0,0,FAIL
1977.873,3,FAIL,0,0,NO_ORIGIN,0,0,1,1,1,1,0,0.0,,,,,0.0,1591,1524,,0,0,FAIL
1977.923,3,FAIL,0,0,NO_ORIGIN,0,0,1,1,1,1,0,0.0,,,,,0.0,1591,1524,,0,0,FAIL
1977.974,3,FAIL,0,0,NO_ORIGIN,0,0,1,1,1,1,0,0.0,,,,,0.0,1591,1524,,0,0,FAIL
1978.024,3,FAIL,0,0,NO_ORIGIN,0,0,1,1,1,1,0,0.0,,,,,0.0,1591,1524,,0,0,FAIL
1978.074,3,FAIL,0,0,NO_ORIGIN,0,0,1,1,1,1,0,0.0,,,,,0.0,1591,1524,,0,0,FAIL
1978.124,3,FAIL,0,0,NO_ORIGIN,0,0,1,1,1,1,0,0.0,,,,,0.0,1591,1524,,0,0,FAIL
1978.174,3,FAIL,0,0,NO_ORIGIN,0,0,1,1,1,1,0,0.0,,,,,0.0,1591,1524,,0,0,FAIL
1978.225,3,FAIL,0,0,NO_ORIGIN,0,0,1,1,1,1,0,0.0,,,,,0.0,1591,1524,,0,0,FAIL
1978.275,3,FAIL,0,0,NO_ORIGIN,0,0,1,1,1,1,0,0.0,,,,,0.0,1591,1524,,0,0,FAIL
1978.326,3,FAIL,0,0,NO_ORIGIN,0,0,1,1,1,1,0,0.0,,,,,0.0,1591,1524,,0,0,FAIL
1978.376,3,FAIL,0,0,NO_ORIGIN,0,0,1,1,1,1,0,0.0,,,,,0.0,1591,1524,,0,0,FAIL
1978.426,3,FAIL,0,0,NO_ORIGIN,0,0,1,1,1,1,0,0.0,,,,,0.0,1591,1524,,0,0,FAIL
1978.476,3,FAIL,0,0,NO_ORIGIN,0,0,1,1,1,1,0,0.0,,,,,0.0,1591,1524,,0,0,FAIL
1978.528,3,FAIL,0,0,NO_ORIGIN,0,0,1,1,1,1,0,0.0,,,,,0.0,1591,1524,,0,0,FAIL
1978.58,3,FAIL,0,0,NO_ORIGIN,0,0,1,1,1,1,0,0.0,,,,,0.0,1591,1524,,0,0,FAIL
1978.63,3,FAIL,0,0,NO_ORIGIN,0,0,1,1,1,1,0,0.0,,,,,0.0,1591,1524,,0,0,FAIL
1978.68,3,FAIL,0,0,NO_ORIGIN,0,0,1,1,1,1,0,0.0,,,,,0.0,1591,1524,,0,0,FAIL
1978.731,3,FAIL,0,0,NO_ORIGIN,0,0,1,1,1,1,0,0.0,,,,,0.0,1591,1524,,0,0,FAIL
1978.781,3,FAIL,0,0,NO_ORIGIN,0,0,1,1,1,1,0,0.0,,,,,0.0,1591,1524,,0,0,FAIL
1978.831,3,FAIL,0,0,NO_ORIGIN,0,0,1,1,1,1,0,0.0,,,,,0.0,1591,1524,,0,0,FAIL
1978.882,3,FAIL,0,0,NO_ORIGIN,0,0,1,1,1,1,0,0.0,,,,,0.0,1591,1524,,0,0,FAIL
1978.932,3,FAIL,0,0,NO_ORIGIN,0,0,1,1,1,1,0,0.0,,,,,0.0,1591,1524,,0,0,FAIL
1978.982,3,FAIL,0,0,NO_ORIGIN,0,0,1,1,1,1,0,0.0,,,,,0.0,1591,1524,,0,0,FAIL
1979.032,3,FAIL,0,0,NO_ORIGIN,0,0,1,1,1,1,0,0.0,,,,,0.0,1591,1524,,0,0,FAIL
1979.082,3,FAIL,0,0,NO_ORIGIN,0,0,1,1,1,1,0,0.0,,,,,0.0,1591,1524,,0,0,FAIL
1979.133,3,FAIL,0,0,NO_ORIGIN,0,0,1,1,1,1,0,0.0,,,,,0.0,1591,1524,,0,0,FAIL
1979.183,3,FAIL,0,0,NO_ORIGIN,0,0,1,1,1,1,0,0.0,,,,,0.0,1591,1524,,0,0,FAIL
1979.233,3,FAIL,0,0,NO_ORIGIN,0,0,1,1,1,1,0,0.0,,,,,0.0,1591,1524,,0,0,FAIL
1979.283,3,FAIL,0,0,NO_ORIGIN,0,0,1,1,1,1,0,0.0,,,,,0.0,1591,1524,,0,0,FAIL
1979.333,3,FAIL,0,0,NO_ORIGIN,0,0,1,1,1,1,0,0.0,,,,,0.0,1591,1524,,0,0,FAIL
1979.384,3,FAIL,0,0,NO_ORIGIN,0,0,1,1,1,1,0,0.0,,,,,0.0,1591,1524,,0,0,FAIL
1979.434,3,FAIL,0,0,NO_ORIGIN,0,0,1,1,1,1,0,0.0,,,,,0.0,1591,1524,,0,0,FAIL
1979.484,3,FAIL,0,0,NO_ORIGIN,0,0,1,1,1,1,0,0.0,,,,,0.0,1591,1524,,0,0,FAIL
1979.534,3,FAIL,0,0,NO_ORIGIN,0,0,1,1,1,1,0,0.0,,,,,0.0,1591,1524,,0,0,FAIL
1979.584,3,FAIL,0,0,NO_ORIGIN,0,0,1,1,1,1,0,0.0,,,,,0.0,1591,1524,,0,0,FAIL
1979.635,3,FAIL,0,0,NO_ORIGIN,0,0,1,1,1,1,0,0.0,,,,,0.0,1591,1524,,0,0,FAIL
1979.685,3,FAIL,0,0,NO_ORIGIN,0,0,1,1,1,1,0,0.0,,,,,0.0,1591,1524,,0,0,FAIL
1979.735,3,FAIL,0,0,NO_ORIGIN,0,0,1,1,1,1,0,0.0,,,,,0.0,1591,1524,,0,0,FAIL
1979.785,3,FAIL,0,0,NO_ORIGIN,0,0,1,1,1,1,0,0.0,,,,,0.0,1591,1524,,0,0,FAIL
1979.835,3,FAIL,0,0,NO_ORIGIN,0,0,1,1,1,1,0,0.0,,,,,0.0,1591,1524,,0,0,FAIL
1979.886,3,FAIL,0,0,NO_ORIGIN,0,0,1,1,1,1,0,0.0,,,,,0.0,1591,1524,,0,0,FAIL
1979.936,3,FAIL,0,0,NO_ORIGIN,0,0,1,1,1,1,0,0.0,,,,,0.0,1591,1524,,0,0,FAIL
1979.986,3,FAIL,0,0,NO_ORIGIN,0,0,1,1,1,1,0,0.0,,,,,0.0,1591,1524,,0,0,FAIL
1980.038,3,FAIL,0,0,NO_ORIGIN,0,0,1,1,1,1,0,0.0,,,,,0.0,1591,1524,,0,0,FAIL
1980.088,3,FAIL,0,0,NO_ORIGIN,0,0,1,1,1,1,0,0.0,,,,,0.0,1591,1524,,0,0,FAIL
1980.138,3,FAIL,0,0,NO_ORIGIN,0,0,1,1,1,1,0,0.0,,,,,0.0,1591,1524,,0,0,FAIL
1980.188,3,FAIL,0,0,NO_ORIGIN,0,0,1,1,1,1,0,0.0,,,,,0.0,1591,1524,,0,0,FAIL
1980.239,3,FAIL,0,0,NO_ORIGIN,0,0,1,1,1,1,0,0.0,,,,,0.0,1591,1524,,0,0,FAIL
1980.289,3,FAIL,0,0,NO_ORIGIN,0,0,1,1,1,1,0,0.0,,,,,0.0,1591,1524,,0,0,FAIL
1980.34,3,FAIL,0,0,NO_ORIGIN,0,0,1,1,1,1,0,0.0,,,,,0.0,1591,1524,,0,0,FAIL
1980.39,3,FAIL,0,0,NO_ORIGIN,0,0,1,1,1,1,0,0.0,,,,,0.0,1591,1524,,0,0,FAIL
1980.44,3,FAIL,0,0,NO_ORIGIN,0,0,1,1,1,1,0,0.0,,,,,0.0,1591,1524,,0,0,FAIL
1980.49,3,FAIL,0,0,NO_ORIGIN,0,0,1,1,1,1,0,0.0,,,,,0.0,1591,1524,,0,0,FAIL
1980.54,3,FAIL,0,0,NO_ORIGIN,0,0,1,1,1,1,0,0.0,,,,,0.0,1591,1524,,0,0,FAIL
1980.591,3,FAIL,0,0,NO_ORIGIN,0,0,1,1,1,1,0,0.0,,,,,0.0,1591,1524,,0,0,FAIL
1980.641,3,FAIL,0,0,NO_ORIGIN,0,0,1,1,1,1,0,0.0,,,,,0.0,1591,1524,,0,0,FAIL
1980.691,3,FAIL,0,0,NO_ORIGIN,0,0,1,1,1,1,0,0.0,,,,,0.0,1591,1524,,0,0,FAIL
1980.742,3,FAIL,0,0,NO_ORIGIN,0,0,1,1,1,1,0,0.0,,,,,0.0,1591,1524,,0,0,FAIL
1980.792,3,FAIL,0,0,NO_ORIGIN,0,0,1,1,1,1,0,0.0,,,,,0.0,1591,1524,,0,0,FAIL
1980.843,3,FAIL,0,0,NO_ORIGIN,0,0,1,1,1,1,0,0.0,,,,,0.0,1591,1524,,0,0,FAIL
1980.894,3,FAIL,0,0,NO_ORIGIN,0,0,1,1,1,1,0,0.0,,,,,0.0,1591,1524,,0,0,FAIL
1980.944,3,FAIL,0,0,NO_ORIGIN,0,0,1,1,1,1,0,0.0,,,,,0.0,1591,1524,,0,0,FAIL
1980.994,3,FAIL,0,0,NO_ORIGIN,0,0,1,1,1,1,0,0.0,,,,,0.0,1591,1524,,0,0,FAIL
1981.044,3,FAIL,0,0,NO_ORIGIN,0,0,1,1,1,1,0,0.0,,,,,0.0,1591,1524,,0,0,FAIL
1981.095,3,FAIL,0,0,NO_ORIGIN,0,0,1,1,1,1,0,0.0,,,,,0.0,1591,1524,,0,0,FAIL
1981.145,3,FAIL,0,0,NO_ORIGIN,0,0,1,1,1,1,0,0.0,,,,,0.0,1591,1524,,0,0,FAIL
1981.195,3,FAIL,0,0,NO_ORIGIN,0,0,1,1,1,1,0,0.0,,,,,0.0,1591,1524,,0,0,FAIL
1981.245,3,FAIL,0,0,NO_ORIGIN,0,0,1,1,1,1,0,0.0,,,,,0.0,1591,1524,,0,0,FAIL
1981.296,3,FAIL,0,0,NO_ORIGIN,0,0,1,1,1,1,0,0.0,,,,,0.0,1591,1524,,0,0,FAIL
1981.346,3,FAIL,0,0,NO_ORIGIN,0,0,1,1,1,1,0,0.0,,,,,0.0,1591,1524,,0,0,FAIL
1981.396,3,FAIL,0,0,NO_ORIGIN,0,0,1,1,1,1,0,0.0,,,,,0.0,1591,1524,,0,0,FAIL
1981.446,3,FAIL,0,0,NO_ORIGIN,0,0,1,1,1,1,0,0.0,,,,,0.0,1591,1524,,0,0,FAIL
1981.497,3,FAIL,0,0,NO_ORIGIN,0,0,1,1,1,1,0,0.0,,,,,0.0,1591,1524,,0,0,FAIL
1981.547,3,FAIL,0,0,NO_ORIGIN,0,0,1,1,1,1,0,0.0,,,,,0.0,1591,1524,,0,0,FAIL
1981.599,3,FAIL,0,0,NO_ORIGIN,0,0,1,1,1,1,0,0.0,,,,,0.0,1591,1524,,0,0,FAIL
1981.65,3,FAIL,0,0,NO_ORIGIN,0,0,1,1,1,1,0,0.0,,,,,0.0,1591,1524,,0,0,FAIL
1981.702,3,FAIL,0,0,NO_ORIGIN,0,0,1,1,1,1,0,0.0,,,,,0.0,1591,1524,,0,0,FAIL
1981.753,3,FAIL,0,0,NO_ORIGIN,0,0,1,1,1,1,0,0.0,,,,,0.0,1591,1524,,0,0,FAIL
1981.803,3,FAIL,0,0,NO_ORIGIN,0,0,1,1,1,1,0,0.0,,,,,0.0,1591,1524,,0,0,FAIL
1981.854,3,FAIL,0,0,NO_ORIGIN,0,0,1,1,1,1,0,0.0,,,,,0.0,1591,1524,,0,0,FAIL
1981.904,3,FAIL,0,0,NO_ORIGIN,0,0,1,1,1,1,0,0.0,,,,,0.0,1591,1524,,0,0,FAIL
1981.957,3,FAIL,0,0,NO_ORIGIN,0,0,1,1,1,1,0,0.0,,,,,0.0,1591,1524,,0,0,FAIL
1982.007,3,FAIL,0,0,NO_ORIGIN,0,0,1,1,1,1,0,0.0,,,,,0.0,1591,1524,,0,0,FAIL
1982.057,3,FAIL,0,0,NO_ORIGIN,0,0,1,1,1,1,0,0.0,,,,,0.0,1591,1524,,0,0,FAIL
1982.108,3,FAIL,0,0,NO_ORIGIN,0,0,1,1,1,1,0,0.0,,,,,0.0,1591,1524,,0,0,FAIL
1982.158,3,FAIL,0,0,NO_ORIGIN,0,0,1,1,1,1,0,0.0,,,,,0.0,1591,1524,,0,0,FAIL
1982.209,3,FAIL,0,0,NO_ORIGIN,0,0,1,1,1,1,0,0.0,,,,,0.0,1591,1524,,0,0,FAIL
1982.26,3,FAIL,0,0,NO_ORIGIN,0,0,1,1,1,1,0,0.0,,,,,0.0,1591,1524,,0,0,FAIL
1982.311,3,FAIL,0,0,NO_ORIGIN,0,0,1,1,1,1,0,0.0,,,,,0.0,1591,1524,,0,0,FAIL
1982.362,3,FAIL,0,0,NO_ORIGIN,0,0,1,1,1,1,0,0.0,,,,,0.0,1591,1524,,0,0,FAIL
1982.413,3,FAIL,0,0,NO_ORIGIN,0,0,1,1,1,1,0,0.0,,,,,0.0,1591,1524,,0,0,FAIL
1982.464,3,FAIL,0,0,NO_ORIGIN,0,0,1,1,1,1,0,0.0,,,,,0.0,1591,1524,,0,0,FAIL
1982.515,3,FAIL,0,0,NO_ORIGIN,0,0,1,1,1,1,0,0.0,,,,,0.0,1591,1524,,0,0,FAIL
1982.566,3,FAIL,0,0,NO_ORIGIN,0,0,1,1,1,1,0,0.0,,,,,0.0,1591,1524,,0,0,FAIL
1982.617,3,FAIL,0,0,NO_ORIGIN,0,0,1,1,1,1,0,0.0,,,,,0.0,1591,1524,,0,0,FAIL
1982.668,3,FAIL,0,0,NO_ORIGIN,0,0,1,1,1,1,0,0.0,,,,,0.0,1591,1524,,0,0,FAIL
1982.719,3,FAIL,0,0,NO_ORIGIN,0,0,1,1,1,1,0,0.0,,,,,0.0,1591,1524,,0,0,FAIL
1982.769,3,FAIL,0,0,NO_ORIGIN,0,0,1,1,1,1,0,0.0,,,,,0.0,1591,1524,,0,0,FAIL
1982.819,3,FAIL,0,0,NO_ORIGIN,0,0,1,1,1,1,0,0.0,,,,,0.0,1591,1524,,0,0,FAIL
1982.869,3,FAIL,0,0,NO_ORIGIN,0,0,1,1,1,1,0,0.0,,,,,0.0,1591,1524,,0,0,FAIL
1982.92,3,FAIL,0,0,NO_ORIGIN,0,0,1,1,1,1,0,0.0,,,,,0.0,1591,1524,,0,0,FAIL
1982.97,3,FAIL,0,0,NO_ORIGIN,0,0,1,1,1,1,0,0.0,,,,,0.0,1591,1524,,0,0,FAIL
1983.02,3,FAIL,0,0,NO_ORIGIN,0,0,1,1,1,1,0,0.0,,,,,0.0,1591,1524,,0,0,FAIL
1983.07,3,FAIL,0,0,NO_ORIGIN,0,0,1,1,1,1,0,0.0,,,,,0.0,1591,1524,,0,0,FAIL
1983.12,3,FAIL,0,0,NO_ORIGIN,0,0,1,1,1,1,0,0.0,,,,,0.0,1591,1524,,0,0,FAIL
1983.171,3,FAIL,0,0,NO_ORIGIN,0,0,1,1,1,1,0,0.0,,,,,0.0,1591,1524,,0,0,FAIL
1983.221,3,FAIL,0,0,NO_ORIGIN,0,0,1,1,1,1,0,0.0,,,,,0.0,1591,1524,,0,0,FAIL
1983.271,3,FAIL,0,0,NO_ORIGIN,0,0,1,1,1,1,0,0.0,,,,,0.0,1591,1524,,0,0,FAIL
1983.321,3,FAIL,0,0,NO_ORIGIN,0,0,1,1,1,1,0,0.0,,,,,0.0,1591,1524,,0,0,FAIL
1983.371,3,FAIL,0,0,NO_ORIGIN,0,0,1,1,1,1,0,0.0,,,,,0.0,1591,1524,,0,0,FAIL
1983.422,3,FAIL,0,0,NO_ORIGIN,0,0,1,1,1,1,0,0.0,,,,,0.0,1591,1524,,0,0,FAIL
1983.472,3,FAIL,0,0,NO_ORIGIN,0,0,1,1,1,1,0,0.0,,,,,0.0,1591,1524,,0,0,FAIL
1983.523,3,FAIL,0,0,NO_ORIGIN,0,0,1,1,1,1,0,0.0,,,,,0.0,1591,1524,,0,0,FAIL
1983.573,3,FAIL,0,0,NO_ORIGIN,0,0,1,1,1,1,0,0.0,,,,,0.0,1591,1524,,0,0,FAIL
1983.623,3,FAIL,0,0,NO_ORIGIN,0,0,1,1,1,1,0,0.0,,,,,0.0,1591,1524,,0,0,FAIL
1983.673,3,FAIL,0,0,NO_ORIGIN,0,0,1,1,1,1,0,0.0,,,,,0.0,1591,1524,,0,0,FAIL
1983.723,3,FAIL,0,0,NO_ORIGIN,0,0,1,1,1,1,0,0.0,,,,,0.0,1591,1524,,0,0,FAIL
1983.774,3,FAIL,0,0,NO_ORIGIN,0,0,1,1,1,1,0,0.0,,,,,0.0,1591,1524,,0,0,FAIL
1983.824,3,FAIL,0,0,NO_ORIGIN,0,0,1,1,1,1,0,0.0,,,,,0.0,1591,1524,,0,0,FAIL
1983.874,3,FAIL,0,0,NO_ORIGIN,0,0,1,1,1,1,0,0.0,,,,,0.0,1591,1524,,0,0,FAIL
1983.924,3,FAIL,0,0,NO_ORIGIN,0,0,1,1,1,1,0,0.0,,,,,0.0,1591,1524,,0,0,FAIL
1983.974,3,FAIL,0,0,NO_ORIGIN,0,0,1,1,1,1,0,0.0,,,,,0.0,1591,1524,,0,0,FAIL
1984.025,3,FAIL,0,0,NO_ORIGIN,0,0,1,1,1,1,0,0.0,,,,,0.0,1591,1524,,0,0,FAIL
1984.075,3,FAIL,0,0,NO_ORIGIN,0,0,1,1,1,1,0,0.0,,,,,0.0,1591,1524,,0,0,FAIL
1984.125,3,FAIL,0,0,NO_ORIGIN,0,0,1,1,1,1,0,0.0,,,,,0.0,1591,1524,,0,0,FAIL
1984.175,3,FAIL,0,0,NO_ORIGIN,0,0,1,1,1,1,0,0.0,,,,,0.0,1591,1524,,0,0,FAIL
1984.225,3,FAIL,0,0,NO_ORIGIN,0,0,1,1,1,1,0,0.0,,,,,0.0,1591,1524,,0,0,FAIL
1984.276,3,FAIL,0,0,NO_ORIGIN,0,0,1,1,1,1,0,0.0,,,,,0.0,1591,1524,,0,0,FAIL
1984.326,3,FAIL,0,0,NO_ORIGIN,0,0,1,1,1,1,0,0.0,,,,,0.0,1591,1524,,0,0,FAIL
1984.376,3,FAIL,0,0,NO_ORIGIN,0,0,1,1,1,1,0,0.0,,,,,0.0,1591,1524,,0,0,FAIL
1984.426,3,FAIL,0,0,NO_ORIGIN,0,0,1,1,1,1,0,0.0,,,,,0.0,1591,1524,,0,0,FAIL
1984.477,3,FAIL,0,0,NO_ORIGIN,0,0,1,1,1,1,0,0.0,,,,,0.0,1591,1524,,0,0,FAIL
1984.527,3,FAIL,0,0,NO_ORIGIN,0,0,1,1,1,1,0,0.0,,,,,0.0,1591,1524,,0,0,FAIL
1984.578,3,FAIL,0,0,NO_ORIGIN,0,0,1,1,1,1,0,0.0,,,,,0.0,1591,1524,,0,0,FAIL
1984.628,3,FAIL,0,0,NO_ORIGIN,0,0,1,1,1,1,0,0.0,,,,,0.0,1591,1524,,0,0,FAIL
1984.679,3,FAIL,0,0,NO_ORIGIN,0,0,1,1,1,1,0,0.0,,,,,0.0,1591,1524,,0,0,FAIL
1984.729,3,FAIL,0,0,NO_ORIGIN,0,0,1,1,1,1,0,0.0,,,,,0.0,1591,1524,,0,0,FAIL
1984.779,3,FAIL,0,0,NO_ORIGIN,0,0,1,1,1,1,0,0.0,,,,,0.0,1591,1524,,0,0,FAIL
1984.83,3,FAIL,0,0,NO_ORIGIN,0,0,1,1,1,1,0,0.0,,,,,0.0,1591,1524,,0,0,FAIL
1984.88,3,FAIL,0,0,NO_ORIGIN,0,0,1,1,1,1,0,0.0,,,,,0.0,1591,1524,,0,0,FAIL
1984.93,3,FAIL,0,0,NO_ORIGIN,0,0,1,1,1,1,0,0.0,,,,,0.0,1591,1524,,0,0,FAIL
1984.981,3,FAIL,0,0,NO_ORIGIN,0,0,1,1,1,1,0,0.0,,,,,0.0,1591,1524,,0,0,FAIL
1985.031,3,FAIL,0,0,NO_ORIGIN,0,0,1,1,1,1,0,0.0,,,,,0.0,1591,1524,,0,0,FAIL
1985.082,3,FAIL,0,0,NO_ORIGIN,0,0,1,1,1,1,0,0.0,,,,,0.0,1591,1524,,0,0,FAIL
1985.133,3,FAIL,0,0,NO_ORIGIN,0,0,1,1,1,1,0,0.0,,,,,0.0,1591,1524,,0,0,FAIL
1985.184,3,FAIL,0,0,NO_ORIGIN,0,0,1,1,1,1,0,0.0,,,,,0.0,1591,1524,,0,0,FAIL
1985.235,3,FAIL,0,0,NO_ORIGIN,0,0,1,1,1,1,0,0.0,,,,,0.0,1591,1524,,0,0,FAIL
1985.285,3,FAIL,0,0,NO_ORIGIN,0,0,1,1,1,1,0,0.0,,,,,0.0,1591,1524,,0,0,FAIL
1985.335,3,FAIL,0,0,NO_ORIGIN,0,0,1,1,1,1,0,0.0,,,,,0.0,1591,1524,,0,0,FAIL
1985.385,3,FAIL,0,0,NO_ORIGIN,0,0,1,1,1,1,0,0.0,,,,,0.0,1591,1524,,0,0,FAIL
1985.436,3,FAIL,0,0,NO_ORIGIN,0,0,1,1,1,1,0,0.0,,,,,0.0,1591,1524,,0,0,FAIL
1985.486,3,FAIL,0,0,NO_ORIGIN,0,0,1,1,1,1,0,0.0,,,,,0.0,1591,1524,,0,0,FAIL
1985.536,3,FAIL,0,0,NO_ORIGIN,0,0,1,1,1,1,0,0.0,,,,,0.0,1591,1524,,0,0,FAIL
1985.588,3,FAIL,0,0,NO_ORIGIN,0,0,1,1,1,1,0,0.0,,,,,0.0,1591,1524,,0,0,FAIL
1985.638,3,FAIL,0,0,NO_ORIGIN,0,0,1,1,1,1,0,0.0,,,,,0.0,1591,1524,,0,0,FAIL
1985.688,3,FAIL,0,0,NO_ORIGIN,0,0,1,1,1,1,0,0.0,,,,,0.0,1591,1524,,0,0,FAIL
1985.74,3,FAIL,0,0,NO_ORIGIN,0,0,1,1,1,1,0,0.0,,,,,0.0,1591,1524,,0,0,FAIL
1985.79,3,FAIL,0,0,NO_ORIGIN,0,0,1,1,1,1,0,0.0,,,,,0.0,1591,1524,,0,0,FAIL
1985.84,3,FAIL,0,0,NO_ORIGIN,0,0,1,1,1,1,0,0.0,,,,,0.0,1591,1524,,0,0,FAIL
1985.891,3,FAIL,0,0,NO_ORIGIN,0,0,1,1,1,1,0,0.0,,,,,0.0,1591,1524,,0,0,FAIL
1985.943,3,FAIL,0,0,NO_ORIGIN,0,0,1,1,1,1,0,0.0,,,,,0.0,1591,1524,,0,0,FAIL
1985.993,3,FAIL,0,0,NO_ORIGIN,0,0,1,1,1,1,0,0.0,,,,,0.0,1591,1524,,0,0,FAIL
1986.043,3,FAIL,0,0,NO_ORIGIN,0,0,1,1,1,1,0,0.0,,,,,0.0,1591,1524,,0,0,FAIL
1986.094,3,FAIL,0,0,NO_ORIGIN,0,0,1,1,1,1,0,0.0,,,,,0.0,1591,1524,,0,0,FAIL
1986.145,3,FAIL,0,0,NO_ORIGIN,0,0,1,1,1,1,0,0.0,,,,,0.0,1591,1524,,0,0,FAIL
1986.195,3,FAIL,0,0,NO_ORIGIN,0,0,1,1,1,1,0,0.0,,,,,0.0,1591,1524,,0,0,FAIL
1986.246,3,FAIL,0,0,NO_ORIGIN,0,0,1,1,1,1,0,0.0,,,,,0.0,1591,1524,,0,0,FAIL
1986.296,3,FAIL,0,0,NO_ORIGIN,0,0,1,1,1,1,0,0.0,,,,,0.0,1591,1524,,0,0,FAIL
1986.346,3,FAIL,0,0,NO_ORIGIN,0,0,1,1,1,1,0,0.0,,,,,0.0,1591,1524,,0,0,FAIL
1986.396,3,FAIL,0,0,NO_ORIGIN,0,0,1,1,1,1,0,0.0,,,,,0.0,1591,1524,,0,0,FAIL
1986.446,3,FAIL,0,0,NO_ORIGIN,0,0,1,1,1,1,0,0.0,,,,,0.0,1591,1524,,0,0,FAIL
1986.496,3,FAIL,0,0,NO_ORIGIN,0,0,1,1,1,1,0,0.0,,,,,0.0,1591,1524,,0,0,FAIL
1986.547,3,FAIL,0,0,NO_ORIGIN,0,0,1,1,1,1,0,0.0,,,,,0.0,1591,1524,,0,0,FAIL
1986.597,3,FAIL,0,0,NO_ORIGIN,0,0,1,1,1,1,0,0.0,,,,,0.0,1591,1524,,0,0,FAIL
1986.648,3,FAIL,0,0,NO_ORIGIN,0,0,1,1,1,1,0,0.0,,,,,0.0,1591,1524,,0,0,FAIL
1986.7,3,FAIL,0,0,NO_ORIGIN,0,0,1,1,1,1,0,0.0,,,,,0.0,1591,1524,,0,0,FAIL
1986.75,3,FAIL,0,0,NO_ORIGIN,0,0,1,1,1,1,0,0.0,,,,,0.0,1591,1524,,0,0,FAIL
1986.802,3,FAIL,0,0,NO_ORIGIN,0,0,1,1,1,1,0,0.0,,,,,0.0,1591,1524,,0,0,FAIL
1986.852,3,FAIL,0,0,NO_ORIGIN,0,0,1,1,1,1,0,0.0,,,,,0.0,1591,1524,,0,0,FAIL
1986.903,3,FAIL,0,0,NO_ORIGIN,0,0,1,1,1,1,0,0.0,,,,,0.0,1591,1524,,0,0,FAIL
1986.954,3,FAIL,0,0,NO_ORIGIN,0,0,1,1,1,1,0,0.0,,,,,0.0,1591,1524,,0,0,FAIL
1987.006,3,FAIL,0,0,NO_ORIGIN,0,0,1,1,1,1,0,0.0,,,,,0.0,1591,1524,,0,0,FAIL
1987.056,3,FAIL,0,0,NO_ORIGIN,0,0,1,1,1,1,0,0.0,,,,,0.0,1591,1524,,0,0,FAIL
1987.106,3,FAIL,0,0,NO_ORIGIN,0,0,1,1,1,1,0,0.0,,,,,0.0,1591,1524,,0,0,FAIL
1987.157,3,FAIL,0,0,NO_ORIGIN,0,0,1,1,1,1,0,0.0,,,,,0.0,1591,1524,,0,0,FAIL
1987.209,3,FAIL,0,0,NO_ORIGIN,0,0,1,1,1,1,0,0.0,,,,,0.0,1591,1524,,0,0,FAIL
1987.26,3,FAIL,0,0,NO_ORIGIN,0,0,1,1,1,1,0,0.0,,,,,0.0,1591,1524,,0,0,FAIL
1987.311,3,FAIL,0,0,NO_ORIGIN,0,0,1,1,1,1,0,0.0,,,,,0.0,1591,1524,,0,0,FAIL
1987.361,3,FAIL,0,0,NO_ORIGIN,0,0,1,1,1,1,0,0.0,,,,,0.0,1591,1524,,0,0,FAIL
1987.411,3,FAIL,0,0,NO_ORIGIN,0,0,1,1,1,1,0,0.0,,,,,0.0,1591,1524,,0,0,FAIL
1987.462,3,FAIL,0,0,NO_ORIGIN,0,0,1,1,1,1,0,0.0,,,,,0.0,1591,1524,,0,0,FAIL
1987.512,3,FAIL,0,0,NO_ORIGIN,0,0,1,1,1,1,0,0.0,,,,,0.0,1591,1524,,0,0,FAIL
1987.562,3,FAIL,0,0,NO_ORIGIN,0,0,1,1,1,1,0,0.0,,,,,0.0,1591,1524,,0,0,FAIL
1987.612,3,FAIL,0,0,NO_ORIGIN,0,0,1,1,1,1,0,0.0,,,,,0.0,1591,1524,,0,0,FAIL
1987.662,3,FAIL,0,0,NO_ORIGIN,0,0,1,1,1,1,0,0.0,,,,,0.0,1591,1524,,0,0,FAIL
1987.713,3,FAIL,0,0,NO_ORIGIN,0,0,1,1,1,1,0,0.0,,,,,0.0,1591,1524,,0,0,FAIL
1987.763,3,FAIL,0,0,NO_ORIGIN,0,0,1,1,1,1,0,0.0,,,,,0.0,1591,1524,,0,0,FAIL
1987.813,3,FAIL,0,0,NO_ORIGIN,0,0,1,1,1,1,0,0.0,,,,,0.0,1591,1524,,0,0,FAIL
1987.863,3,FAIL,0,0,NO_ORIGIN,0,0,1,1,1,1,0,0.0,,,,,0.0,1591,1524,,0,0,FAIL
1987.914,3,FAIL,0,0,NO_ORIGIN,0,0,1,1,1,1,0,0.0,,,,,0.0,1591,1524,,0,0,FAIL
1987.964,3,FAIL,0,0,NO_ORIGIN,0,0,1,1,1,1,0,0.0,,,,,0.0,1591,1524,,0,0,FAIL
1988.014,3,FAIL,0,0,NO_ORIGIN,0,0,1,1,1,1,0,0.0,,,,,0.0,1591,1524,,0,0,FAIL
1988.064,3,FAIL,0,0,NO_ORIGIN,0,0,1,1,1,1,0,0.0,,,,,0.0,1591,1524,,0,0,FAIL
1988.115,3,FAIL,0,0,NO_ORIGIN,0,0,1,1,1,1,0,0.0,,,,,0.0,1591,1524,,0,0,FAIL
1988.165,3,FAIL,0,0,NO_ORIGIN,0,0,1,1,1,1,0,0.0,,,,,0.0,1591,1524,,0,0,FAIL
1988.215,3,FAIL,0,0,NO_ORIGIN,0,0,1,1,1,1,0,0.0,,,,,0.0,1591,1524,,0,0,FAIL
1988.266,3,FAIL,0,0,NO_ORIGIN,0,0,1,1,1,1,0,0.0,,,,,0.0,1591,1524,,0,0,FAIL
1988.316,3,FAIL,0,0,NO_ORIGIN,0,0,1,1,1,1,0,0.0,,,,,0.0,1591,1524,,0,0,FAIL
1988.366,3,FAIL,0,0,NO_ORIGIN,0,0,1,1,1,1,0,0.0,,,,,0.0,1591,1524,,0,0,FAIL
1988.417,3,FAIL,0,0,NO_ORIGIN,0,0,1,1,1,1,0,0.0,,,,,0.0,1591,1524,,0,0,FAIL
1988.467,3,FAIL,0,0,NO_ORIGIN,0,0,1,1,1,1,0,0.0,,,,,0.0,1591,1524,,0,0,FAIL
1988.517,3,FAIL,0,0,NO_ORIGIN,0,0,1,1,1,1,0,0.0,,,,,0.0,1591,1524,,0,0,FAIL
1988.567,3,FAIL,0,0,NO_ORIGIN,0,0,1,1,1,1,0,0.0,,,,,0.0,1591,1524,,0,0,FAIL
1988.617,3,FAIL,0,0,NO_ORIGIN,0,0,1,1,1,1,0,0.0,,,,,0.0,1591,1524,,0,0,FAIL
1988.667,3,FAIL,0,0,NO_ORIGIN,0,0,1,1,1,1,0,0.0,,,,,0.0,1591,1524,,0,0,FAIL
1988.718,3,FAIL,0,0,NO_ORIGIN,0,0,1,1,1,1,0,0.0,,,,,0.0,1591,1524,,0,0,FAIL
1988.768,3,FAIL,0,0,NO_ORIGIN,0,0,1,1,1,1,0,0.0,,,,,0.0,1591,1524,,0,0,FAIL
1988.82,3,FAIL,0,0,NO_ORIGIN,0,0,1,1,1,1,0,0.0,,,,,0.0,1591,1524,,0,0,FAIL
1988.87,3,FAIL,0,0,NO_ORIGIN,0,0,1,1,1,1,0,0.0,,,,,0.0,1591,1524,,0,0,FAIL
1988.921,3,FAIL,0,0,NO_ORIGIN,0,0,1,1,1,1,0,0.0,,,,,0.0,1591,1524,,0,0,FAIL
1988.971,3,FAIL,0,0,NO_ORIGIN,0,0,1,1,1,1,0,0.0,,,,,0.0,1591,1524,,0,0,FAIL
1989.021,3,FAIL,0,0,NO_ORIGIN,0,0,1,1,1,1,0,0.0,,,,,0.0,1591,1524,,0,0,FAIL
1989.072,3,FAIL,0,0,NO_ORIGIN,0,0,1,1,1,1,0,0.0,,,,,0.0,1591,1524,,0,0,FAIL
1989.122,3,FAIL,0,0,NO_ORIGIN,0,0,1,1,1,1,0,0.0,,,,,0.0,1591,1524,,0,0,FAIL
1989.172,3,FAIL,0,0,NO_ORIGIN,0,0,1,1,1,1,0,0.0,,,,,0.0,1591,1524,,0,0,FAIL
1989.222,3,FAIL,0,0,NO_ORIGIN,0,0,1,1,1,1,0,0.0,,,,,0.0,1591,1524,,0,0,FAIL
1989.273,3,FAIL,0,0,NO_ORIGIN,0,0,1,1,1,1,0,0.0,,,,,0.0,1591,1524,,0,0,FAIL
1989.323,3,FAIL,0,0,NO_ORIGIN,0,0,1,1,1,1,0,0.0,,,,,0.0,1591,1524,,0,0,FAIL
1989.373,3,FAIL,0,0,NO_ORIGIN,0,0,1,1,1,1,0,0.0,,,,,0.0,1591,1524,,0,0,FAIL
1989.423,3,FAIL,0,0,NO_ORIGIN,0,0,1,1,1,1,0,0.0,,,,,0.0,1591,1524,,0,0,FAIL
1989.474,3,FAIL,0,0,NO_ORIGIN,0,0,1,1,1,1,0,0.0,,,,,0.0,1591,1524,,0,0,FAIL
1989.524,3,FAIL,0,0,NO_ORIGIN,0,0,1,1,1,1,0,0.0,,,,,0.0,1591,1524,,0,0,FAIL
1989.574,3,FAIL,0,0,NO_ORIGIN,0,0,1,1,1,1,0,0.0,,,,,0.0,1591,1524,,0,0,FAIL
1989.625,3,FAIL,0,0,NO_ORIGIN,0,0,1,1,1,1,0,0.0,,,,,0.0,1591,1524,,0,0,FAIL
1989.675,3,FAIL,0,0,NO_ORIGIN,0,0,1,1,1,1,0,0.0,,,,,0.0,1591,1524,,0,0,FAIL
1989.725,3,FAIL,0,0,NO_ORIGIN,0,0,1,1,1,1,0,0.0,,,,,0.0,1591,1524,,0,0,FAIL
1989.775,3,FAIL,0,0,NO_ORIGIN,0,0,1,1,1,1,0,0.0,,,,,0.0,1591,1524,,0,0,FAIL
1989.826,3,FAIL,0,0,NO_ORIGIN,0,0,1,1,1,1,0,0.0,,,,,0.0,1591,1524,,0,0,FAIL
1989.876,3,FAIL,0,0,NO_ORIGIN,0,0,1,1,1,1,0,0.0,,,,,0.0,1591,1524,,0,0,FAIL
1989.927,3,FAIL,0,0,NO_ORIGIN,0,0,1,1,1,1,0,0.0,,,,,0.0,1591,1524,,0,0,FAIL
1989.977,3,FAIL,0,0,NO_ORIGIN,0,0,1,1,1,1,0,0.0,,,,,0.0,1591,1524,,0,0,FAIL
1990.027,3,FAIL,0,0,NO_ORIGIN,0,0,1,1,1,1,0,0.0,,,,,0.0,1591,1524,,0,0,FAIL
1990.077,3,FAIL,0,0,NO_ORIGIN,0,0,1,1,1,1,0,0.0,,,,,0.0,1591,1524,,0,0,FAIL
1990.128,3,FAIL,0,0,NO_ORIGIN,0,0,1,1,1,1,0,0.0,,,,,0.0,1591,1524,,0,0,FAIL
1990.178,3,FAIL,0,0,NO_ORIGIN,0,0,1,1,1,1,0,0.0,,,,,0.0,1591,1524,,0,0,FAIL
1990.228,3,FAIL,0,0,NO_ORIGIN,0,0,1,1,1,1,0,0.0,,,,,0.0,1591,1524,,0,0,FAIL
1990.278,3,FAIL,0,0,NO_ORIGIN,0,0,1,1,1,1,0,0.0,,,,,0.0,1591,1524,,0,0,FAIL
1990.329,3,FAIL,0,0,NO_ORIGIN,0,0,1,1,1,1,0,0.0,,,,,0.0,1591,1524,,0,0,FAIL
1990.379,3,FAIL,0,0,NO_ORIGIN,0,0,1,1,1,1,0,0.0,,,,,0.0,1591,1524,,0,0,FAIL
1990.429,3,FAIL,0,0,NO_ORIGIN,0,0,1,1,1,1,0,0.0,,,,,0.0,1591,1524,,0,0,FAIL
1990.479,3,FAIL,0,0,NO_ORIGIN,0,0,1,1,1,1,0,0.0,,,,,0.0,1591,1524,,0,0,FAIL
1990.531,3,FAIL,0,0,NO_ORIGIN,0,0,1,1,1,1,0,0.0,,,,,0.0,1591,1524,,0,0,FAIL
1990.581,3,FAIL,0,0,NO_ORIGIN,0,0,1,1,1,1,0,0.0,,,,,0.0,1591,1524,,0,0,FAIL
1990.632,3,FAIL,0,0,NO_ORIGIN,0,0,1,1,1,1,0,0.0,,,,,0.0,1591,1524,,0,0,FAIL
1990.683,3,FAIL,0,0,NO_ORIGIN,0,0,1,1,1,1,0,0.0,,,,,0.0,1591,1524,,0,0,FAIL
1990.733,3,FAIL,0,0,NO_ORIGIN,0,0,1,1,1,1,0,0.0,,,,,0.0,1591,1524,,0,0,FAIL
1990.783,3,FAIL,0,0,NO_ORIGIN,0,0,1,1,1,1,0,0.0,,,,,0.0,1591,1524,,0,0,FAIL
1990.834,3,FAIL,0,0,NO_ORIGIN,0,0,1,1,1,1,0,0.0,,,,,0.0,1591,1524,,0,0,FAIL
1990.884,3,FAIL,0,0,NO_ORIGIN,0,0,1,1,1,1,0,0.0,,,,,0.0,1591,1524,,0,0,FAIL
1990.934,3,FAIL,0,0,NO_ORIGIN,0,0,1,1,1,1,0,0.0,,,,,0.0,1591,1524,,0,0,FAIL
1990.985,3,FAIL,0,0,NO_ORIGIN,0,0,1,1,1,1,0,0.0,,,,,0.0,1591,1524,,0,0,FAIL
1991.036,3,FAIL,0,0,NO_ORIGIN,0,0,1,1,1,1,0,0.0,,,,,0.0,1591,1524,,0,0,FAIL
1991.086,3,FAIL,0,0,NO_ORIGIN,0,0,1,1,1,1,0,0.0,,,,,0.0,1591,1524,,0,0,FAIL
1991.139,3,FAIL,0,0,NO_ORIGIN,0,0,1,1,1,1,0,0.0,,,,,0.0,1591,1524,,0,0,FAIL
1991.189,3,FAIL,0,0,NO_ORIGIN,0,0,1,1,1,1,0,0.0,,,,,0.0,1591,1524,,0,0,FAIL
1991.239,3,FAIL,0,0,NO_ORIGIN,0,0,1,1,1,1,0,0.0,,,,,0.0,1591,1524,,0,0,FAIL
1991.289,3,FAIL,0,0,NO_ORIGIN,0,0,1,1,1,1,0,0.0,,,,,0.0,1591,1524,,0,0,FAIL
1991.34,3,FAIL,0,0,NO_ORIGIN,0,0,1,1,1,1,0,0.0,,,,,0.0,1591,1524,,0,0,FAIL
1991.39,3,FAIL,0,0,NO_ORIGIN,0,0,1,1,1,1,0,0.0,,,,,0.0,1591,1524,,0,0,FAIL
1991.44,3,FAIL,0,0,NO_ORIGIN,0,0,1,1,1,1,0,0.0,,,,,0.0,1591,1524,,0,0,FAIL
1991.49,3,FAIL,0,0,NO_ORIGIN,0,0,1,1,1,1,0,0.0,,,,,0.0,1591,1524,,0,0,FAIL
1991.542,3,FAIL,0,0,NO_ORIGIN,0,0,1,1,1,1,0,0.0,,,,,0.0,1591,1524,,0,0,FAIL
1991.593,3,FAIL,0,0,NO_ORIGIN,0,0,1,1,1,1,0,0.0,,,,,0.0,1591,1524,,0,0,FAIL
1991.643,3,FAIL,0,0,NO_ORIGIN,0,0,1,1,1,1,0,0.0,,,,,0.0,1591,1524,,0,0,FAIL
1991.693,3,FAIL,0,0,NO_ORIGIN,0,0,1,1,1,1,0,0.0,,,,,0.0,1591,1524,,0,0,FAIL
1991.743,3,FAIL,0,0,NO_ORIGIN,0,0,1,1,1,1,0,0.0,,,,,0.0,1591,1524,,0,0,FAIL
1991.793,3,FAIL,0,0,NO_ORIGIN,0,0,1,1,1,1,0,0.0,,,,,0.0,1591,1524,,0,0,FAIL
1991.843,3,FAIL,0,0,NO_ORIGIN,0,0,1,1,1,1,0,0.0,,,,,0.0,1591,1524,,0,0,FAIL
1991.894,3,FAIL,0,0,NO_ORIGIN,0,0,1,1,1,1,0,0.0,,,,,0.0,1591,1524,,0,0,FAIL
1991.944,3,FAIL,0,0,NO_ORIGIN,0,0,1,1,1,1,0,0.0,,,,,0.0,1591,1524,,0,0,FAIL
1991.994,3,FAIL,0,0,NO_ORIGIN,0,0,1,1,1,1,0,0.0,,,,,0.0,1591,1524,,0,0,FAIL
1992.044,3,FAIL,0,0,NO_ORIGIN,0,0,1,1,1,1,0,0.0,,,,,0.0,1591,1524,,0,0,FAIL
1992.094,3,FAIL,0,0,NO_ORIGIN,0,0,1,1,1,1,0,0.0,,,,,0.0,1591,1524,,0,0,FAIL
1992.144,3,FAIL,0,0,NO_ORIGIN,0,0,1,1,1,1,0,0.0,,,,,0.0,1591,1524,,0,0,FAIL
1992.195,3,FAIL,0,0,NO_ORIGIN,0,0,1,1,1,1,0,0.0,,,,,0.0,1591,1524,,0,0,FAIL
1992.245,3,FAIL,0,0,NO_ORIGIN,0,0,1,1,1,1,0,0.0,,,,,0.0,1591,1524,,0,0,FAIL
1992.295,3,FAIL,0,0,NO_ORIGIN,0,0,1,1,1,1,0,0.0,,,,,0.0,1591,1524,,0,0,FAIL
1992.345,3,FAIL,0,0,NO_ORIGIN,0,0,1,1,1,1,0,0.0,,,,,0.0,1591,1524,,0,0,FAIL
1992.396,3,FAIL,0,0,NO_ORIGIN,0,0,1,1,1,1,0,0.0,,,,,0.0,1591,1524,,0,0,FAIL
1992.446,3,FAIL,0,0,NO_ORIGIN,0,0,1,1,1,1,0,0.0,,,,,0.0,1591,1524,,0,0,FAIL
1992.496,3,FAIL,0,0,NO_ORIGIN,0,0,1,1,1,1,0,0.0,,,,,0.0,1591,1524,,0,0,FAIL
1992.547,3,FAIL,0,0,NO_ORIGIN,0,0,1,1,1,1,0,0.0,,,,,0.0,1591,1524,,0,0,FAIL
1992.597,3,FAIL,0,0,NO_ORIGIN,0,0,1,1,1,1,0,0.0,,,,,0.0,1591,1524,,0,0,FAIL
1992.647,3,FAIL,0,0,NO_ORIGIN,0,0,1,1,1,1,0,0.0,,,,,0.0,1591,1524,,0,0,FAIL
1992.697,3,FAIL,0,0,NO_ORIGIN,0,0,1,1,1,1,0,0.0,,,,,0.0,1591,1524,,0,0,FAIL
1992.748,3,FAIL,0,0,NO_ORIGIN,0,0,1,1,1,1,0,0.0,,,,,0.0,1591,1524,,0,0,FAIL
1992.798,3,FAIL,0,0,NO_ORIGIN,0,0,1,1,1,1,0,0.0,,,,,0.0,1591,1524,,0,0,FAIL
1992.849,3,FAIL,0,0,NO_ORIGIN,0,0,1,1,1,1,0,0.0,,,,,0.0,1591,1524,,0,0,FAIL
1992.9,3,FAIL,0,0,NO_ORIGIN,0,0,1,1,1,1,0,0.0,,,,,0.0,1591,1524,,0,0,FAIL
1992.95,3,FAIL,0,0,NO_ORIGIN,0,0,1,1,1,1,0,0.0,,,,,0.0,1591,1524,,0,0,FAIL
1993.001,3,FAIL,0,0,NO_ORIGIN,0,0,1,1,1,1,0,0.0,,,,,0.0,1591,1524,,0,0,FAIL
1993.051,3,FAIL,0,0,NO_ORIGIN,0,0,1,1,1,1,0,0.0,,,,,0.0,1591,1524,,0,0,FAIL
1993.101,3,FAIL,0,0,NO_ORIGIN,0,0,1,1,1,1,0,0.0,,,,,0.0,1591,1524,,0,0,FAIL
1993.153,3,FAIL,0,0,NO_ORIGIN,0,0,1,1,1,1,0,0.0,,,,,0.0,1591,1524,,0,0,FAIL
1993.204,3,FAIL,0,0,NO_ORIGIN,0,0,1,1,1,1,0,0.0,,,,,0.0,1591,1524,,0,0,FAIL
1993.254,3,FAIL,0,0,NO_ORIGIN,0,0,1,1,1,1,0,0.0,,,,,0.0,1591,1524,,0,0,FAIL
1993.304,3,FAIL,0,0,NO_ORIGIN,0,0,1,1,1,1,0,0.0,,,,,0.0,1591,1524,,0,0,FAIL
1993.354,3,FAIL,0,0,NO_ORIGIN,0,0,1,1,1,1,0,0.0,,,,,0.0,1591,1524,,0,0,FAIL
1993.404,3,FAIL,0,0,NO_ORIGIN,0,0,1,1,1,1,0,0.0,,,,,0.0,1591,1524,,0,0,FAIL
1993.454,3,FAIL,0,0,NO_ORIGIN,0,0,1,1,1,1,0,0.0,,,,,0.0,1591,1524,,0,0,FAIL
1993.505,3,FAIL,0,0,NO_ORIGIN,0,0,1,1,1,1,0,0.0,,,,,0.0,1591,1524,,0,0,FAIL
1993.555,3,FAIL,0,0,NO_ORIGIN,0,0,1,1,1,1,0,0.0,,,,,0.0,1591,1524,,0,0,FAIL
1993.605,3,FAIL,0,0,NO_ORIGIN,0,0,1,1,1,1,0,0.0,,,,,0.0,1591,1524,,0,0,FAIL
1993.655,3,FAIL,0,0,NO_ORIGIN,0,0,1,1,1,1,0,0.0,,,,,0.0,1591,1524,,0,0,FAIL
1993.705,3,FAIL,0,0,NO_ORIGIN,0,0,1,1,1,1,0,0.0,,,,,0.0,1591,1524,,0,0,FAIL
1993.755,3,FAIL,0,0,NO_ORIGIN,0,0,1,1,1,1,0,0.0,,,,,0.0,1591,1524,,0,0,FAIL
1993.805,3,FAIL,0,0,NO_ORIGIN,0,0,1,1,1,1,0,0.0,,,,,0.0,1591,1524,,0,0,FAIL
1993.856,3,FAIL,0,0,NO_ORIGIN,0,0,1,1,1,1,0,0.0,,,,,0.0,1591,1524,,0,0,FAIL
1993.907,3,FAIL,0,0,NO_ORIGIN,0,0,1,1,1,1,0,0.0,,,,,0.0,1591,1524,,0,0,FAIL
1993.957,3,FAIL,0,0,NO_ORIGIN,0,0,1,1,1,1,0,0.0,,,,,0.0,1591,1524,,0,0,FAIL
1994.007,3,FAIL,0,0,NO_ORIGIN,0,0,1,1,1,1,0,0.0,,,,,0.0,1591,1524,,0,0,FAIL
1994.057,3,FAIL,0,0,NO_ORIGIN,0,0,1,1,1,1,0,0.0,,,,,0.0,1591,1524,,0,0,FAIL
1994.108,3,FAIL,0,0,NO_ORIGIN,0,0,1,1,1,1,0,0.0,,,,,0.0,1591,1524,,0,0,FAIL
1994.158,3,FAIL,0,0,NO_ORIGIN,0,0,1,1,1,1,0,0.0,,,,,0.0,1591,1524,,0,0,FAIL
1994.208,3,FAIL,0,0,NO_ORIGIN,0,0,1,1,1,1,0,0.0,,,,,0.0,1591,1524,,0,0,FAIL
1994.259,3,FAIL,0,0,NO_ORIGIN,0,0,1,1,1,1,0,0.0,,,,,0.0,1591,1524,,0,0,FAIL
1994.309,3,FAIL,0,0,NO_ORIGIN,0,0,1,1,1,1,0,0.0,,,,,0.0,1591,1524,,0,0,FAIL
1994.359,3,FAIL,0,0,NO_ORIGIN,0,0,1,1,1,1,0,0.0,,,,,0.0,1591,1524,,0,0,FAIL
1994.409,3,FAIL,0,0,NO_ORIGIN,0,0,1,1,1,1,0,0.0,,,,,0.0,1591,1524,,0,0,FAIL
1994.46,3,FAIL,0,0,NO_ORIGIN,0,0,1,1,1,1,0,0.0,,,,,0.0,1591,1524,,0,0,FAIL
1994.51,3,FAIL,0,0,NO_ORIGIN,0,0,1,1,1,1,0,0.0,,,,,0.0,1591,1524,,0,0,FAIL
1994.56,3,FAIL,0,0,NO_ORIGIN,0,0,1,1,1,1,0,0.0,,,,,0.0,1591,1524,,0,0,FAIL
1994.611,3,FAIL,0,0,NO_ORIGIN,0,0,1,1,1,1,0,0.0,,,,,0.0,1591,1524,,0,0,FAIL
1994.661,3,FAIL,0,0,NO_ORIGIN,0,0,1,1,1,1,0,0.0,,,,,0.0,1591,1524,,0,0,FAIL
1994.711,3,FAIL,0,0,NO_ORIGIN,0,0,1,1,1,1,0,0.0,,,,,0.0,1591,1524,,0,0,FAIL
1994.761,3,FAIL,0,0,NO_ORIGIN,0,0,1,1,1,1,0,0.0,,,,,0.0,1591,1524,,0,0,FAIL
1994.812,3,FAIL,0,0,NO_ORIGIN,0,0,1,1,1,1,0,0.0,,,,,0.0,1591,1524,,0,0,FAIL
1994.862,3,FAIL,0,0,NO_ORIGIN,0,0,1,1,1,1,0,0.0,,,,,0.0,1591,1524,,0,0,FAIL
1994.912,3,FAIL,0,0,NO_ORIGIN,0,0,1,1,1,1,0,0.0,,,,,0.0,1591,1524,,0,0,FAIL
1994.963,3,FAIL,0,0,NO_ORIGIN,0,0,1,1,1,1,0,0.0,,,,,0.0,1591,1524,,0,0,FAIL
1995.015,3,FAIL,0,0,NO_ORIGIN,0,0,1,1,1,1,0,0.0,,,,,0.0,1591,1524,,0,0,FAIL
1995.065,3,FAIL,0,0,NO_ORIGIN,0,0,1,1,1,1,0,0.0,,,,,0.0,1591,1524,,0,0,FAIL
1995.116,3,FAIL,0,0,NO_ORIGIN,0,0,1,1,1,1,0,0.0,,,,,0.0,1591,1524,,0,0,FAIL
1995.167,3,FAIL,0,0,NO_ORIGIN,0,0,1,1,1,1,0,0.0,,,,,0.0,1591,1524,,0,0,FAIL
1995.217,3,FAIL,0,0,NO_ORIGIN,0,0,1,1,1,1,0,0.0,,,,,0.0,1591,1524,,0,0,FAIL
1995.267,3,FAIL,0,0,NO_ORIGIN,0,0,1,1,1,1,0,0.0,,,,,0.0,1591,1524,,0,0,FAIL
1995.318,3,FAIL,0,0,NO_ORIGIN,0,0,1,1,1,1,0,0.0,,,,,0.0,1591,1524,,0,0,FAIL
1995.368,3,FAIL,0,0,NO_ORIGIN,0,0,1,1,1,1,0,0.0,,,,,0.0,1591,1524,,0,0,FAIL
1995.418,3,FAIL,0,0,NO_ORIGIN,0,0,1,1,1,1,0,0.0,,,,,0.0,1591,1524,,0,0,FAIL
1995.468,3,FAIL,0,0,NO_ORIGIN,0,0,1,1,1,1,0,0.0,,,,,0.0,1591,1524,,0,0,FAIL
1995.518,3,FAIL,0,0,NO_ORIGIN,0,0,1,1,1,1,0,0.0,,,,,0.0,1591,1524,,0,0,FAIL
1995.569,3,FAIL,0,0,NO_ORIGIN,0,0,1,1,1,1,0,0.0,,,,,0.0,1591,1524,,0,0,FAIL
1995.619,3,FAIL,0,0,NO_ORIGIN,0,0,1,1,1,1,0,0.0,,,,,0.0,1591,1524,,0,0,FAIL
1995.669,3,FAIL,0,0,NO_ORIGIN,0,0,1,1,1,1,0,0.0,,,,,0.0,1591,1524,,0,0,FAIL
1995.719,3,FAIL,0,0,NO_ORIGIN,0,0,1,1,1,1,0,0.0,,,,,0.0,1591,1524,,0,0,FAIL
1995.769,3,FAIL,0,0,NO_ORIGIN,0,0,1,1,1,1,0,0.0,,,,,0.0,1591,1524,,0,0,FAIL
1995.82,3,FAIL,0,0,NO_ORIGIN,0,0,1,1,1,1,0,0.0,,,,,0.0,1591,1524,,0,0,FAIL
1995.871,3,FAIL,0,0,NO_ORIGIN,0,0,1,1,1,1,0,0.0,,,,,0.0,1591,1524,,0,0,FAIL
1995.923,3,FAIL,0,0,NO_ORIGIN,0,0,1,1,1,1,0,0.0,,,,,0.0,1591,1524,,0,0,FAIL
1995.973,3,FAIL,0,0,NO_ORIGIN,0,0,1,1,1,1,0,0.0,,,,,0.0,1591,1524,,0,0,FAIL
1996.023,3,FAIL,0,0,NO_ORIGIN,0,0,1,1,1,1,0,0.0,,,,,0.0,1591,1524,,0,0,FAIL
1996.074,3,FAIL,0,0,NO_ORIGIN,0,0,1,1,1,1,0,0.0,,,,,0.0,1591,1524,,0,0,FAIL
1996.124,3,FAIL,0,0,NO_ORIGIN,0,0,1,1,1,1,0,0.0,,,,,0.0,1591,1524,,0,0,FAIL
1996.175,3,FAIL,0,0,NO_ORIGIN,0,0,1,1,1,1,0,0.0,,,,,0.0,1591,1524,,0,0,FAIL
1996.226,3,FAIL,0,0,NO_ORIGIN,0,0,1,1,1,1,0,0.0,,,,,0.0,1591,1524,,0,0,FAIL
1996.276,3,FAIL,0,0,NO_ORIGIN,0,0,1,1,1,1,0,0.0,,,,,0.0,1591,1524,,0,0,FAIL
1996.327,3,FAIL,0,0,NO_ORIGIN,0,0,1,1,1,1,0,0.0,,,,,0.0,1591,1524,,0,0,FAIL
1996.377,3,FAIL,0,0,NO_ORIGIN,0,0,1,1,1,1,0,0.0,,,,,0.0,1591,1524,,0,0,FAIL
1996.427,3,FAIL,0,0,NO_ORIGIN,0,0,1,1,1,1,0,0.0,,,,,0.0,1591,1524,,0,0,FAIL
1996.477,3,FAIL,0,0,NO_ORIGIN,0,0,1,1,1,1,0,0.0,,,,,0.0,1591,1524,,0,0,FAIL
1996.528,3,FAIL,0,0,NO_ORIGIN,0,0,1,1,1,1,0,0.0,,,,,0.0,1591,1524,,0,0,FAIL
1996.578,3,FAIL,0,0,NO_ORIGIN,0,0,1,1,1,1,0,0.0,,,,,0.0,1591,1524,,0,0,FAIL
1996.628,3,FAIL,0,0,NO_ORIGIN,0,0,1,1,1,1,0,0.0,,,,,0.0,1591,1524,,0,0,FAIL
1996.678,3,FAIL,0,0,NO_ORIGIN,0,0,1,1,1,1,0,0.0,,,,,0.0,1591,1524,,0,0,FAIL
1996.729,3,FAIL,0,0,NO_ORIGIN,0,0,1,1,1,1,0,0.0,,,,,0.0,1591,1524,,0,0,FAIL
1996.779,3,FAIL,0,0,NO_ORIGIN,0,0,1,1,1,1,0,0.0,,,,,0.0,1591,1524,,0,0,FAIL
1996.83,3,FAIL,0,0,NO_ORIGIN,0,0,1,1,1,1,0,0.0,,,,,0.0,1591,1524,,0,0,FAIL
1996.88,3,FAIL,0,0,NO_ORIGIN,0,0,1,1,1,1,0,0.0,,,,,0.0,1591,1524,,0,0,FAIL
1996.93,3,FAIL,0,0,NO_ORIGIN,0,0,1,1,1,1,0,0.0,,,,,0.0,1591,1524,,0,0,FAIL
1996.981,3,FAIL,0,0,NO_ORIGIN,0,0,1,1,1,1,0,0.0,,,,,0.0,1591,1524,,0,0,FAIL
1997.031,3,FAIL,0,0,NO_ORIGIN,0,0,1,1,1,1,0,0.0,,,,,0.0,1591,1524,,0,0,FAIL
1997.081,3,FAIL,0,0,NO_ORIGIN,0,0,1,1,1,1,0,0.0,,,,,0.0,1591,1524,,0,0,FAIL
1997.131,3,FAIL,0,0,NO_ORIGIN,0,0,1,1,1,1,0,0.0,,,,,0.0,1591,1524,,0,0,FAIL
1997.181,3,FAIL,0,0,NO_ORIGIN,0,0,1,1,1,1,0,0.0,,,,,0.0,1591,1524,,0,0,FAIL
1997.231,3,FAIL,0,0,NO_ORIGIN,0,0,1,1,1,1,0,0.0,,,,,0.0,1591,1524,,0,0,FAIL
1997.282,3,FAIL,0,0,NO_ORIGIN,0,0,1,1,1,1,0,0.0,,,,,0.0,1591,1524,,0,0,FAIL
1997.332,3,FAIL,0,0,NO_ORIGIN,0,0,1,1,1,1,0,0.0,,,,,0.0,1591,1524,,0,0,FAIL
1997.382,3,FAIL,0,0,NO_ORIGIN,0,0,1,1,1,1,0,0.0,,,,,0.0,1591,1524,,0,0,FAIL
1997.432,3,FAIL,0,0,NO_ORIGIN,0,0,1,1,1,1,0,0.0,,,,,0.0,1591,1524,,0,0,FAIL
1997.483,3,FAIL,0,0,NO_ORIGIN,0,0,1,1,1,1,0,0.0,,,,,0.0,1591,1524,,0,0,FAIL
1997.533,3,FAIL,0,0,NO_ORIGIN,0,0,1,1,1,1,0,0.0,,,,,0.0,1591,1524,,0,0,FAIL
1997.583,3,FAIL,0,0,NO_ORIGIN,0,0,1,1,1,1,0,0.0,,,,,0.0,1591,1524,,0,0,FAIL
1997.633,3,FAIL,0,0,NO_ORIGIN,0,0,1,1,1,1,0,0.0,,,,,0.0,1591,1524,,0,0,FAIL
1997.683,3,FAIL,0,0,NO_ORIGIN,0,0,1,1,1,1,0,0.0,,,,,0.0,1591,1524,,0,0,FAIL
1997.733,3,FAIL,0,0,NO_ORIGIN,0,0,1,1,1,1,0,0.0,,,,,0.0,1591,1524,,0,0,FAIL
1997.784,3,FAIL,0,0,NO_ORIGIN,0,0,1,1,1,1,0,0.0,,,,,0.0,1591,1524,,0,0,FAIL
1997.834,3,FAIL,0,0,NO_ORIGIN,0,0,1,1,1,1,0,0.0,,,,,0.0,1591,1524,,0,0,FAIL
1997.884,3,FAIL,0,0,NO_ORIGIN,0,0,1,1,1,1,0,0.0,,,,,0.0,1591,1524,,0,0,FAIL
1997.934,3,FAIL,0,0,NO_ORIGIN,0,0,1,1,1,1,0,0.0,,,,,0.0,1591,1524,,0,0,FAIL
1997.984,3,FAIL,0,0,NO_ORIGIN,0,0,1,1,1,1,0,0.0,,,,,0.0,1591,1524,,0,0,FAIL
1998.034,3,FAIL,0,0,NO_ORIGIN,0,0,1,1,1,1,0,0.0,,,,,0.0,1591,1524,,0,0,FAIL
1998.085,3,FAIL,0,0,NO_ORIGIN,0,0,1,1,1,1,0,0.0,,,,,0.0,1591,1524,,0,0,FAIL
1998.135,3,FAIL,0,0,NO_ORIGIN,0,0,1,1,1,1,0,0.0,,,,,0.0,1591,1524,,0,0,FAIL
1998.185,3,FAIL,0,0,NO_ORIGIN,0,0,1,1,1,1,0,0.0,,,,,0.0,1591,1524,,0,0,FAIL
1998.235,3,FAIL,0,0,NO_ORIGIN,0,0,1,1,1,1,0,0.0,,,,,0.0,1591,1524,,0,0,FAIL
1998.285,3,FAIL,0,0,NO_ORIGIN,0,0,1,1,1,1,0,0.0,,,,,0.0,1591,1524,,0,0,FAIL
1998.336,3,FAIL,0,0,NO_ORIGIN,0,0,1,1,1,1,0,0.0,,,,,0.0,1591,1524,,0,0,FAIL
1998.386,3,FAIL,0,0,NO_ORIGIN,0,0,1,1,1,1,0,0.0,,,,,0.0,1591,1524,,0,0,FAIL
1998.436,3,FAIL,0,0,NO_ORIGIN,0,0,1,1,1,1,0,0.0,,,,,0.0,1591,1524,,0,0,FAIL
1998.486,3,FAIL,0,0,NO_ORIGIN,0,0,1,1,1,1,0,0.0,,,,,0.0,1591,1524,,0,0,FAIL
1998.536,3,FAIL,0,0,NO_ORIGIN,0,0,1,1,1,1,0,0.0,,,,,0.0,1591,1524,,0,0,FAIL
1998.586,3,FAIL,0,0,NO_ORIGIN,0,0,1,1,1,1,0,0.0,,,,,0.0,1591,1524,,0,0,FAIL
1998.637,3,FAIL,0,0,NO_ORIGIN,0,0,1,1,1,1,0,0.0,,,,,0.0,1591,1524,,0,0,FAIL
1998.687,3,FAIL,0,0,NO_ORIGIN,0,0,1,1,1,1,0,0.0,,,,,0.0,1591,1524,,0,0,FAIL
1998.737,3,FAIL,0,0,NO_ORIGIN,0,0,1,1,1,1,0,0.0,,,,,0.0,1591,1524,,0,0,FAIL
1998.787,3,FAIL,0,0,NO_ORIGIN,0,0,1,1,1,1,0,0.0,,,,,0.0,1591,1524,,0,0,FAIL
1998.837,3,FAIL,0,0,NO_ORIGIN,0,0,1,1,1,1,0,0.0,,,,,0.0,1591,1524,,0,0,FAIL
1998.887,3,FAIL,0,0,NO_ORIGIN,0,0,1,1,1,1,0,0.0,,,,,0.0,1591,1524,,0,0,FAIL
1998.938,3,FAIL,0,0,NO_ORIGIN,0,0,1,1,1,1,0,0.0,,,,,0.0,1591,1524,,0,0,FAIL
1998.988,3,FAIL,0,0,NO_ORIGIN,0,0,1,1,1,1,0,0.0,,,,,0.0,1591,1524,,0,0,FAIL
1999.038,3,FAIL,0,0,NO_ORIGIN,0,0,1,1,1,1,0,0.0,,,,,0.0,1591,1524,,0,0,FAIL
1999.088,3,FAIL,0,0,NO_ORIGIN,0,0,1,1,1,1,0,0.0,,,,,0.0,1591,1524,,0,0,FAIL
1999.138,3,FAIL,0,0,NO_ORIGIN,0,0,1,1,1,1,0,0.0,,,,,0.0,1591,1524,,0,0,FAIL
1999.189,3,FAIL,0,0,NO_ORIGIN,0,0,1,1,1,1,0,0.0,,,,,0.0,1591,1524,,0,0,FAIL
1999.239,3,FAIL,0,0,NO_ORIGIN,0,0,1,1,1,1,0,0.0,,,,,0.0,1591,1524,,0,0,FAIL
1999.29,3,FAIL,0,0,NO_ORIGIN,0,0,1,1,1,1,0,0.0,,,,,0.0,1591,1524,,0,0,FAIL
1999.34,3,FAIL,0,0,NO_ORIGIN,0,0,1,1,1,1,0,0.0,,,,,0.0,1591,1524,,0,0,FAIL
1999.39,3,FAIL,0,0,NO_ORIGIN,0,0,1,1,1,1,0,0.0,,,,,0.0,1591,1524,,0,0,FAIL
1999.44,3,FAIL,0,0,NO_ORIGIN,0,0,1,1,1,1,0,0.0,,,,,0.0,1591,1524,,0,0,FAIL
1999.49,3,FAIL,0,0,NO_ORIGIN,0,0,1,1,1,1,0,0.0,,,,,0.0,1591,1524,,0,0,FAIL
1999.541,3,FAIL,0,0,NO_ORIGIN,0,0,1,1,1,1,0,0.0,,,,,0.0,1591,1524,,0,0,FAIL
1999.591,3,FAIL,0,0,NO_ORIGIN,0,0,1,1,1,1,0,0.0,,,,,0.0,1591,1524,,0,0,FAIL
1999.641,3,FAIL,0,0,NO_ORIGIN,0,0,1,1,1,1,0,0.0,,,,,0.0,1591,1524,,0,0,FAIL
1999.691,3,FAIL,0,0,NO_ORIGIN,0,0,1,1,1,1,0,0.0,,,,,0.0,1591,1524,,0,0,FAIL
1999.742,3,FAIL,0,0,NO_ORIGIN,0,0,1,1,1,1,0,0.0,,,,,0.0,1591,1524,,0,0,FAIL
1999.792,3,FAIL,0,0,NO_ORIGIN,0,0,1,1,1,1,0,0.0,,,,,0.0,1591,1524,,0,0,FAIL
1999.843,3,FAIL,0,0,NO_ORIGIN,0,0,1,1,1,1,0,0.0,,,,,0.0,1591,1524,,0,0,FAIL
1999.893,3,FAIL,0,0,NO_ORIGIN,0,0,1,1,1,1,0,0.0,,,,,0.0,1591,1524,,0,0,FAIL
1999.944,3,FAIL,0,0,NO_ORIGIN,0,0,1,1,1,1,0,0.0,,,,,0.0,1591,1524,,0,0,FAIL
1999.995,3,FAIL,0,0,NO_ORIGIN,0,0,1,1,1,1,0,0.0,,,,,0.0,1591,1524,,0,0,FAIL
2000.046,3,FAIL,0,0,NO_ORIGIN,0,0,1,1,1,1,0,0.0,,,,,0.0,1591,1524,,0,0,FAIL
2000.097,3,FAIL,0,0,NO_ORIGIN,0,0,1,1,1,1,0,0.0,,,,,0.0,1591,1524,,0,0,FAIL
2000.148,3,FAIL,0,0,NO_ORIGIN,0,0,1,1,1,1,0,0.0,,,,,0.0,1591,1524,,0,0,FAIL
2000.198,3,FAIL,0,0,NO_ORIGIN,0,0,1,1,1,1,0,0.0,,,,,0.0,1591,1524,,0,0,FAIL
2000.249,3,FAIL,0,0,NO_ORIGIN,0,0,1,1,1,1,0,0.0,,,,,0.0,1591,1524,,0,0,FAIL
2000.299,3,FAIL,0,0,NO_ORIGIN,0,0,1,1,1,1,0,0.0,,,,,0.0,1591,1524,,0,0,FAIL
2000.349,3,FAIL,0,0,NO_ORIGIN,0,0,1,1,1,1,0,0.0,,,,,0.0,1591,1524,,0,0,FAIL
2000.399,3,FAIL,0,0,NO_ORIGIN,0,0,1,1,1,1,0,0.0,,,,,0.0,1591,1524,,0,0,FAIL
2000.449,3,FAIL,0,0,NO_ORIGIN,0,0,1,1,1,1,0,0.0,,,,,0.0,1591,1524,,0,0,FAIL
2000.5,3,FAIL,0,0,NO_ORIGIN,0,0,1,1,1,1,0,0.0,,,,,0.0,1591,1524,,0,0,FAIL
2000.55,3,FAIL,0,0,NO_ORIGIN,0,0,1,1,1,1,0,0.0,,,,,0.0,1591,1524,,0,0,FAIL
2000.6,3,FAIL,0,0,NO_ORIGIN,0,0,1,1,1,1,0,0.0,,,,,0.0,1591,1524,,0,0,FAIL
2000.651,3,FAIL,0,0,NO_ORIGIN,0,0,1,1,1,1,0,0.0,,,,,0.0,1591,1524,,0,0,FAIL
2000.701,3,FAIL,0,0,NO_ORIGIN,0,0,1,1,1,1,0,0.0,,,,,0.0,1591,1524,,0,0,FAIL
2000.751,3,FAIL,0,0,NO_ORIGIN,0,0,1,1,1,1,0,0.0,,,,,0.0,1591,1524,,0,0,FAIL
2000.801,3,FAIL,0,0,NO_ORIGIN,0,0,1,1,1,1,0,0.0,,,,,0.0,1591,1524,,0,0,FAIL
2000.852,3,FAIL,0,0,NO_ORIGIN,0,0,1,1,1,1,0,0.0,,,,,0.0,1591,1524,,0,0,FAIL
2000.902,3,FAIL,0,0,NO_ORIGIN,0,0,1,1,1,1,0,0.0,,,,,0.0,1591,1524,,0,0,FAIL
2000.952,3,FAIL,0,0,NO_ORIGIN,0,0,1,1,1,1,0,0.0,,,,,0.0,1591,1524,,0,0,FAIL
2001.002,3,FAIL,0,0,NO_ORIGIN,0,0,1,1,1,1,0,0.0,,,,,0.0,1591,1524,,0,0,FAIL
2001.052,3,FAIL,0,0,NO_ORIGIN,0,0,1,1,1,1,0,0.0,,,,,0.0,1591,1524,,0,0,FAIL
2001.103,3,FAIL,0,0,NO_ORIGIN,0,0,1,1,1,1,0,0.0,,,,,0.0,1591,1524,,0,0,FAIL
2001.153,3,FAIL,0,0,NO_ORIGIN,0,0,1,1,1,1,0,0.0,,,,,0.0,1591,1524,,0,0,FAIL
2001.203,3,FAIL,0,0,NO_ORIGIN,0,0,1,1,1,1,0,0.0,,,,,0.0,1591,1524,,0,0,FAIL
2001.253,3,FAIL,0,0,NO_ORIGIN,0,0,1,1,1,1,0,0.0,,,,,0.0,1591,1524,,0,0,FAIL
2001.303,3,FAIL,0,0,NO_ORIGIN,0,0,1,1,1,1,0,0.0,,,,,0.0,1591,1524,,0,0,FAIL
2001.353,3,FAIL,0,0,NO_ORIGIN,0,0,1,1,1,1,0,0.0,,,,,0.0,1591,1524,,0,0,FAIL
2001.404,3,FAIL,0,0,NO_ORIGIN,0,0,1,1,1,1,0,0.0,,,,,0.0,1591,1524,,0,0,FAIL
2001.454,3,FAIL,0,0,NO_ORIGIN,0,0,1,1,1,1,0,0.0,,,,,0.0,1591,1524,,0,0,FAIL
2001.504,3,FAIL,0,0,NO_ORIGIN,0,0,1,1,1,1,0,0.0,,,,,0.0,1591,1524,,0,0,FAIL
2001.554,3,FAIL,0,0,NO_ORIGIN,0,0,1,1,1,1,0,0.0,,,,,0.0,1591,1524,,0,0,FAIL
2001.604,3,FAIL,0,0,NO_ORIGIN,0,0,1,1,1,1,0,0.0,,,,,0.0,1591,1524,,0,0,FAIL
2001.654,3,FAIL,0,0,NO_ORIGIN,0,0,1,1,1,1,0,0.0,,,,,0.0,1591,1524,,0,0,FAIL
2001.705,3,FAIL,0,0,NO_ORIGIN,0,0,1,1,1,1,0,0.0,,,,,0.0,1591,1524,,0,0,FAIL
2001.755,3,FAIL,0,0,NO_ORIGIN,0,0,1,1,1,1,0,0.0,,,,,0.0,1591,1524,,0,0,FAIL
2001.805,3,FAIL,0,0,NO_ORIGIN,0,0,1,1,1,1,0,0.0,,,,,0.0,1591,1524,,0,0,FAIL
2001.855,3,FAIL,0,0,NO_ORIGIN,0,0,1,1,1,1,0,0.0,,,,,0.0,1591,1524,,0,0,FAIL
2001.905,3,FAIL,0,0,NO_ORIGIN,0,0,1,1,1,1,0,0.0,,,,,0.0,1591,1524,,0,0,FAIL
2001.955,3,FAIL,0,0,NO_ORIGIN,0,0,1,1,1,1,0,0.0,,,,,0.0,1591,1524,,0,0,FAIL
2002.006,3,FAIL,0,0,NO_ORIGIN,0,0,1,1,1,1,0,0.0,,,,,0.0,1591,1524,,0,0,FAIL
2002.056,3,FAIL,0,0,NO_ORIGIN,0,0,1,1,1,1,0,0.0,,,,,0.0,1591,1524,,0,0,FAIL
2002.106,3,FAIL,0,0,NO_ORIGIN,0,0,1,1,1,1,0,0.0,,,,,0.0,1591,1524,,0,0,FAIL
2002.156,3,FAIL,0,0,NO_ORIGIN,0,0,1,1,1,1,0,0.0,,,,,0.0,1591,1524,,0,0,FAIL
2002.206,3,FAIL,0,0,NO_ORIGIN,0,0,1,1,1,1,0,0.0,,,,,0.0,1591,1524,,0,0,FAIL
2002.256,3,FAIL,0,0,NO_ORIGIN,0,0,1,1,1,1,0,0.0,,,,,0.0,1591,1524,,0,0,FAIL
2002.307,3,FAIL,0,0,NO_ORIGIN,0,0,1,1,1,1,0,0.0,,,,,0.0,1591,1524,,0,0,FAIL
2002.357,3,FAIL,0,0,NO_ORIGIN,0,0,1,1,1,1,0,0.0,,,,,0.0,1591,1524,,0,0,FAIL
2002.407,3,FAIL,0,0,NO_ORIGIN,0,0,1,1,1,1,0,0.0,,,,,0.0,1591,1524,,0,0,FAIL
2002.457,3,FAIL,0,0,NO_ORIGIN,0,0,1,1,1,1,0,0.0,,,,,0.0,1591,1524,,0,0,FAIL
2002.507,3,FAIL,0,0,NO_ORIGIN,0,0,1,1,1,1,0,0.0,,,,,0.0,1591,1524,,0,0,FAIL
2002.557,3,FAIL,0,0,NO_ORIGIN,0,0,1,1,1,1,0,0.0,,,,,0.0,1591,1524,,0,0,FAIL
2002.608,3,FAIL,0,0,NO_ORIGIN,0,0,1,1,1,1,0,0.0,,,,,0.0,1591,1524,,0,0,FAIL
2002.659,3,FAIL,0,0,NO_ORIGIN,0,0,1,1,1,1,0,0.0,,,,,0.0,1591,1524,,0,0,FAIL
2002.709,3,FAIL,0,0,NO_ORIGIN,0,0,1,1,1,1,0,0.0,,,,,0.0,1591,1524,,0,0,FAIL
2002.76,3,FAIL,0,0,NO_ORIGIN,0,0,1,1,1,1,0,0.0,,,,,0.0,1591,1524,,0,0,FAIL
2002.81,3,FAIL,0,0,NO_ORIGIN,0,0,1,1,1,1,0,0.0,,,,,0.0,1591,1524,,0,0,FAIL
2002.86,3,FAIL,0,0,NO_ORIGIN,0,0,1,1,1,1,0,0.0,,,,,0.0,1591,1524,,0,0,FAIL
2002.91,3,FAIL,0,0,NO_ORIGIN,0,0,1,1,1,1,0,0.0,,,,,0.0,1591,1524,,0,0,FAIL
2002.961,3,FAIL,0,0,NO_ORIGIN,0,0,1,1,1,1,0,0.0,,,,,0.0,1591,1524,,0,0,FAIL
2003.011,3,FAIL,0,0,NO_ORIGIN,0,0,1,1,1,1,0,0.0,,,,,0.0,1591,1524,,0,0,FAIL
2003.061,3,FAIL,0,0,NO_ORIGIN,0,0,1,1,1,1,0,0.0,,,,,0.0,1591,1524,,0,0,FAIL
2003.111,3,FAIL,0,0,NO_ORIGIN,0,0,1,1,1,1,0,0.0,,,,,0.0,1591,1524,,0,0,FAIL
2003.161,3,FAIL,0,0,NO_ORIGIN,0,0,1,1,1,1,0,0.0,,,,,0.0,1591,1524,,0,0,FAIL
2003.211,3,FAIL,0,0,NO_ORIGIN,0,0,1,1,1,1,0,0.0,,,,,0.0,1591,1524,,0,0,FAIL
2003.262,3,FAIL,0,0,NO_ORIGIN,0,0,1,1,1,1,0,0.0,,,,,0.0,1591,1524,,0,0,FAIL
2003.312,3,FAIL,0,0,NO_ORIGIN,0,0,1,1,1,1,0,0.0,,,,,0.0,1591,1524,,0,0,FAIL
2003.362,3,FAIL,0,0,NO_ORIGIN,0,0,1,1,1,1,0,0.0,,,,,0.0,1591,1524,,0,0,FAIL
2003.412,3,FAIL,0,0,NO_ORIGIN,0,0,1,1,1,1,0,0.0,,,,,0.0,1591,1524,,0,0,FAIL
2003.462,3,FAIL,0,0,NO_ORIGIN,0,0,1,1,1,1,0,0.0,,,,,0.0,1591,1524,,0,0,FAIL
2003.513,3,FAIL,0,0,NO_ORIGIN,0,0,1,1,1,1,0,0.0,,,,,0.0,1591,1524,,0,0,FAIL
2003.563,3,FAIL,0,0,NO_ORIGIN,0,0,1,1,1,1,0,0.0,,,,,0.0,1591,1524,,0,0,FAIL
2003.614,3,FAIL,0,0,NO_ORIGIN,0,0,1,1,1,1,0,0.0,,,,,0.0,1591,1524,,0,0,FAIL
2003.665,3,FAIL,0,0,NO_ORIGIN,0,0,1,1,1,1,0,0.0,,,,,0.0,1591,1524,,0,0,FAIL
2003.716,3,FAIL,0,0,NO_ORIGIN,0,0,1,1,1,1,0,0.0,,,,,0.0,1591,1524,,0,0,FAIL
2003.767,3,FAIL,0,0,NO_ORIGIN,0,0,1,1,1,1,0,0.0,,,,,0.0,1591,1524,,0,0,FAIL
2003.817,3,FAIL,0,0,NO_ORIGIN,0,0,1,1,1,1,0,0.0,,,,,0.0,1591,1524,,0,0,FAIL
2003.868,3,FAIL,0,0,NO_ORIGIN,0,0,1,1,1,1,0,0.0,,,,,0.0,1591,1524,,0,0,FAIL
2003.919,3,FAIL,0,0,NO_ORIGIN,0,0,1,1,1,1,0,0.0,,,,,0.0,1591,1524,,0,0,FAIL
2003.969,3,FAIL,0,0,NO_ORIGIN,0,0,1,1,1,1,0,0.0,,,,,0.0,1591,1524,,0,0,FAIL
2004.02,3,FAIL,0,0,NO_ORIGIN,0,0,1,1,1,1,0,0.0,,,,,0.0,1591,1524,,0,0,FAIL
2004.071,3,FAIL,0,0,NO_ORIGIN,0,0,1,1,1,1,0,0.0,,,,,0.0,1591,1524,,0,0,FAIL
2004.121,3,FAIL,0,0,NO_ORIGIN,0,0,1,1,1,1,0,0.0,,,,,0.0,1591,1524,,0,0,FAIL
2004.172,3,FAIL,0,0,NO_ORIGIN,0,0,1,1,1,1,0,0.0,,,,,0.0,1591,1524,,0,0,FAIL
2004.222,3,FAIL,0,0,NO_ORIGIN,0,0,1,1,1,1,0,0.0,,,,,0.0,1591,1524,,0,0,FAIL
2004.273,3,FAIL,0,0,NO_ORIGIN,0,0,1,1,1,1,0,0.0,,,,,0.0,1591,1524,,0,0,FAIL
2004.324,3,FAIL,0,0,NO_ORIGIN,0,0,1,1,1,1,0,0.0,,,,,0.0,1591,1524,,0,0,FAIL
2004.376,3,FAIL,0,0,NO_ORIGIN,0,0,1,1,1,1,0,0.0,,,,,0.0,1591,1524,,0,0,FAIL
2004.426,3,FAIL,0,0,NO_ORIGIN,0,0,1,1,1,1,0,0.0,,,,,0.0,1591,1524,,0,0,FAIL
2004.477,3,FAIL,0,0,NO_ORIGIN,0,0,1,1,1,1,0,0.0,,,,,0.0,1591,1524,,0,0,FAIL
2004.527,3,FAIL,0,0,NO_ORIGIN,0,0,1,1,1,1,0,0.0,,,,,0.0,1591,1524,,0,0,FAIL
2004.578,3,FAIL,0,0,NO_ORIGIN,0,0,1,1,1,1,0,0.0,,,,,0.0,1591,1524,,0,0,FAIL
2004.628,3,FAIL,0,0,NO_ORIGIN,0,0,1,1,1,1,0,0.0,,,,,0.0,1591,1524,,0,0,FAIL
2004.679,3,FAIL,0,0,NO_ORIGIN,0,0,1,1,1,1,0,0.0,,,,,0.0,1591,1524,,0,0,FAIL
2004.729,3,FAIL,0,0,NO_ORIGIN,0,0,1,1,1,1,0,0.0,,,,,0.0,1591,1524,,0,0,FAIL
2004.779,3,FAIL,0,0,NO_ORIGIN,0,0,1,1,1,1,0,0.0,,,,,0.0,1591,1524,,0,0,FAIL
2004.831,3,FAIL,0,0,NO_ORIGIN,0,0,1,1,1,1,0,0.0,,,,,0.0,1591,1524,,0,0,FAIL
2004.881,3,FAIL,0,0,NO_ORIGIN,0,0,1,1,1,1,0,0.0,,,,,0.0,1591,1524,,0,0,FAIL
2004.932,3,FAIL,0,0,NO_ORIGIN,0,0,1,1,1,1,0,0.0,,,,,0.0,1591,1524,,0,0,FAIL
2004.982,3,FAIL,0,0,NO_ORIGIN,0,0,1,1,1,1,0,0.0,,,,,0.0,1591,1524,,0,0,FAIL
2005.032,3,FAIL,0,0,NO_ORIGIN,0,0,1,1,1,1,0,0.0,,,,,0.0,1591,1524,,0,0,FAIL
2005.082,3,FAIL,0,0,NO_ORIGIN,0,0,1,1,1,1,0,0.0,,,,,0.0,1591,1524,,0,0,FAIL
2005.132,3,FAIL,0,0,NO_ORIGIN,0,0,1,1,1,1,0,0.0,,,,,0.0,1591,1524,,0,0,FAIL
2005.182,3,FAIL,0,0,NO_ORIGIN,0,0,1,1,1,1,0,0.0,,,,,0.0,1591,1524,,0,0,FAIL
2005.233,3,FAIL,0,0,NO_ORIGIN,0,0,1,1,1,1,0,0.0,,,,,0.0,1591,1524,,0,0,FAIL
2005.283,3,FAIL,0,0,NO_ORIGIN,0,0,1,1,1,1,0,0.0,,,,,0.0,1591,1524,,0,0,FAIL
2005.333,3,FAIL,0,0,NO_ORIGIN,0,0,1,1,1,1,0,0.0,,,,,0.0,1591,1524,,0,0,FAIL
2005.383,3,FAIL,0,0,NO_ORIGIN,0,0,1,1,1,1,0,0.0,,,,,0.0,1591,1524,,0,0,FAIL
2005.434,3,FAIL,0,0,NO_ORIGIN,0,0,1,1,1,1,0,0.0,,,,,0.0,1591,1524,,0,0,FAIL
2005.484,3,FAIL,0,0,NO_ORIGIN,0,0,1,1,1,1,0,0.0,,,,,0.0,1591,1524,,0,0,FAIL
2005.535,3,FAIL,0,0,NO_ORIGIN,0,0,1,1,1,1,0,0.0,,,,,0.0,1591,1524,,0,0,FAIL
2005.585,3,FAIL,0,0,NO_ORIGIN,0,0,1,1,1,1,0,0.0,,,,,0.0,1591,1524,,0,0,FAIL
2005.635,3,FAIL,0,0,NO_ORIGIN,0,0,1,1,1,1,0,0.0,,,,,0.0,1591,1524,,0,0,FAIL
2005.685,3,FAIL,0,0,NO_ORIGIN,0,0,1,1,1,1,0,0.0,,,,,0.0,1591,1524,,0,0,FAIL
2005.735,3,FAIL,0,0,NO_ORIGIN,0,0,1,1,1,1,0,0.0,,,,,0.0,1591,1524,,0,0,FAIL
2005.785,3,FAIL,0,0,NO_ORIGIN,0,0,1,1,1,1,0,0.0,,,,,0.0,1591,1524,,0,0,FAIL
2005.836,3,FAIL,0,0,NO_ORIGIN,0,0,1,1,1,1,0,0.0,,,,,0.0,1591,1524,,0,0,FAIL
2005.886,3,FAIL,0,0,NO_ORIGIN,0,0,1,1,1,1,0,0.0,,,,,0.0,1591,1524,,0,0,FAIL
2005.936,3,FAIL,0,0,NO_ORIGIN,0,0,1,1,1,1,0,0.0,,,,,0.0,1591,1524,,0,0,FAIL
2005.986,3,FAIL,0,0,NO_ORIGIN,0,0,1,1,1,1,0,0.0,,,,,0.0,1591,1524,,0,0,FAIL
2006.037,3,FAIL,0,0,NO_ORIGIN,0,0,1,1,1,1,0,0.0,,,,,0.0,1591,1524,,0,0,FAIL
2006.087,3,FAIL,0,0,NO_ORIGIN,0,0,1,1,1,1,0,0.0,,,,,0.0,1591,1524,,0,0,FAIL
2006.137,3,FAIL,0,0,NO_ORIGIN,0,0,1,1,1,1,0,0.0,,,,,0.0,1591,1524,,0,0,FAIL
2006.187,3,FAIL,0,0,NO_ORIGIN,0,0,1,1,1,1,0,0.0,,,,,0.0,1591,1524,,0,0,FAIL
2006.237,3,FAIL,0,0,NO_ORIGIN,0,0,1,1,1,1,0,0.0,,,,,0.0,1591,1524,,0,0,FAIL
2006.287,3,FAIL,0,0,NO_ORIGIN,0,0,1,1,1,1,0,0.0,,,,,0.0,1591,1524,,0,0,FAIL
2006.338,3,FAIL,0,0,NO_ORIGIN,0,0,1,1,1,1,0,0.0,,,,,0.0,1591,1524,,0,0,FAIL
2006.388,3,FAIL,0,0,NO_ORIGIN,0,0,1,1,1,1,0,0.0,,,,,0.0,1591,1524,,0,0,FAIL
2006.438,3,FAIL,0,0,NO_ORIGIN,0,0,1,1,1,1,0,0.0,,,,,0.0,1591,1524,,0,0,FAIL
2006.488,3,FAIL,0,0,NO_ORIGIN,0,0,1,1,1,1,0,0.0,,,,,0.0,1591,1524,,0,0,FAIL
2006.538,3,FAIL,0,0,NO_ORIGIN,0,0,1,1,1,1,0,0.0,,,,,0.0,1591,1524,,0,0,FAIL
2006.589,3,FAIL,0,0,NO_ORIGIN,0,0,1,1,1,1,0,0.0,,,,,0.0,1591,1524,,0,0,FAIL
2006.639,3,FAIL,0,0,NO_ORIGIN,0,0,1,1,1,1,0,0.0,,,,,0.0,1591,1524,,0,0,FAIL
2006.69,3,FAIL,0,0,NO_ORIGIN,0,0,1,1,1,1,0,0.0,,,,,0.0,1591,1524,,0,0,FAIL
2006.74,3,FAIL,0,0,NO_ORIGIN,0,0,1,1,1,1,0,0.0,,,,,0.0,1591,1524,,0,0,FAIL
2006.79,3,FAIL,0,0,NO_ORIGIN,0,0,1,1,1,1,0,0.0,,,,,0.0,1591,1524,,0,0,FAIL
2006.841,3,FAIL,0,0,NO_ORIGIN,0,0,1,1,1,1,0,0.0,,,,,0.0,1591,1524,,0,0,FAIL
2006.891,3,FAIL,0,0,NO_ORIGIN,0,0,1,1,1,1,0,0.0,,,,,0.0,1591,1524,,0,0,FAIL
2006.941,3,FAIL,0,0,NO_ORIGIN,0,0,1,1,1,1,0,0.0,,,,,0.0,1591,1524,,0,0,FAIL
2006.991,3,FAIL,0,0,NO_ORIGIN,0,0,1,1,1,1,0,0.0,,,,,0.0,1591,1524,,0,0,FAIL
2007.041,3,FAIL,0,0,NO_ORIGIN,0,0,1,1,1,1,0,0.0,,,,,0.0,1591,1524,,0,0,FAIL
2007.091,3,FAIL,0,0,NO_ORIGIN,0,0,1,1,1,1,0,0.0,,,,,0.0,1591,1524,,0,0,FAIL
2007.142,3,FAIL,0,0,NO_ORIGIN,0,0,1,1,1,1,0,0.0,,,,,0.0,1591,1524,,0,0,FAIL
2007.192,3,FAIL,0,0,NO_ORIGIN,0,0,1,1,1,1,0,0.0,,,,,0.0,1591,1524,,0,0,FAIL
2007.242,3,FAIL,0,0,NO_ORIGIN,0,0,1,1,1,1,0,0.0,,,,,0.0,1591,1524,,0,0,FAIL
2007.292,3,FAIL,0,0,NO_ORIGIN,0,0,1,1,1,1,0,0.0,,,,,0.0,1591,1524,,0,0,FAIL
2007.342,3,FAIL,0,0,NO_ORIGIN,0,0,1,1,1,1,0,0.0,,,,,0.0,1591,1524,,0,0,FAIL
2007.393,3,FAIL,0,0,NO_ORIGIN,0,0,1,1,1,1,0,0.0,,,,,0.0,1591,1524,,0,0,FAIL
2007.443,3,FAIL,0,0,NO_ORIGIN,0,0,1,1,1,1,0,0.0,,,,,0.0,1591,1524,,0,0,FAIL
2007.493,3,FAIL,0,0,NO_ORIGIN,0,0,1,1,1,1,0,0.0,,,,,0.0,1591,1524,,0,0,FAIL
2007.543,3,FAIL,0,0,NO_ORIGIN,0,0,1,1,1,1,0,0.0,,,,,0.0,1591,1524,,0,0,FAIL
2007.593,3,FAIL,0,0,NO_ORIGIN,0,0,1,1,1,1,0,0.0,,,,,0.0,1591,1524,,0,0,FAIL
2007.643,3,FAIL,0,0,NO_ORIGIN,0,0,1,1,1,1,0,0.0,,,,,0.0,1591,1524,,0,0,FAIL
2007.694,3,FAIL,0,0,NO_ORIGIN,0,0,1,1,1,1,0,0.0,,,,,0.0,1591,1524,,0,0,FAIL
2007.744,3,FAIL,0,0,NO_ORIGIN,0,0,1,1,1,1,0,0.0,,,,,0.0,1591,1524,,0,0,FAIL
2007.794,3,FAIL,0,0,NO_ORIGIN,0,0,1,1,1,1,0,0.0,,,,,0.0,1591,1524,,0,0,FAIL
2007.844,3,FAIL,0,0,NO_ORIGIN,0,0,1,1,1,1,0,0.0,,,,,0.0,1591,1524,,0,0,FAIL
2007.894,3,FAIL,0,0,NO_ORIGIN,0,0,1,1,1,1,0,0.0,,,,,0.0,1591,1524,,0,0,FAIL
2007.944,3,FAIL,0,0,NO_ORIGIN,0,0,1,1,1,1,0,0.0,,,,,0.0,1591,1524,,0,0,FAIL
2007.994,3,FAIL,0,0,NO_ORIGIN,0,0,1,1,1,1,0,0.0,,,,,0.0,1591,1524,,0,0,FAIL
2008.046,3,FAIL,0,0,NO_ORIGIN,0,0,1,1,1,1,0,0.0,,,,,0.0,1591,1524,,0,0,FAIL
2008.096,3,FAIL,0,0,NO_ORIGIN,0,0,1,1,1,1,0,0.0,,,,,0.0,1591,1524,,0,0,FAIL
2008.146,3,FAIL,0,0,NO_ORIGIN,0,0,1,1,1,1,0,0.0,,,,,0.0,1591,1524,,0,0,FAIL
2008.196,3,FAIL,0,0,NO_ORIGIN,0,0,1,1,1,1,0,0.0,,,,,0.0,1591,1524,,0,0,FAIL
2008.247,3,FAIL,0,0,NO_ORIGIN,0,0,1,1,1,1,0,0.0,,,,,0.0,1591,1524,,0,0,FAIL
2008.297,3,FAIL,0,0,NO_ORIGIN,0,0,1,1,1,1,0,0.0,,,,,0.0,1591,1524,,0,0,FAIL
2008.347,3,FAIL,0,0,NO_ORIGIN,0,0,1,1,1,1,0,0.0,,,,,0.0,1591,1524,,0,0,FAIL
2008.4,3,FAIL,0,0,NO_ORIGIN,0,0,1,1,1,1,0,0.0,,,,,0.0,1591,1524,,0,0,FAIL
2008.45,3,FAIL,0,0,NO_ORIGIN,0,0,1,1,1,1,0,0.0,,,,,0.0,1591,1524,,0,0,FAIL
2008.5,3,FAIL,0,0,NO_ORIGIN,0,0,1,1,1,1,0,0.0,,,,,0.0,1591,1524,,0,0,FAIL
2008.551,3,FAIL,0,0,NO_ORIGIN,0,0,1,1,1,1,0,0.0,,,,,0.0,1591,1524,,0,0,FAIL
2008.601,3,FAIL,0,0,NO_ORIGIN,0,0,1,1,1,1,0,0.0,,,,,0.0,1591,1524,,0,0,FAIL
2008.651,3,FAIL,0,0,NO_ORIGIN,0,0,1,1,1,1,0,0.0,,,,,0.0,1591,1524,,0,0,FAIL
2008.701,3,FAIL,0,0,NO_ORIGIN,0,0,1,1,1,1,0,0.0,,,,,0.0,1591,1524,,0,0,FAIL
2008.752,3,FAIL,0,0,NO_ORIGIN,0,0,1,1,1,1,0,0.0,,,,,0.0,1591,1524,,0,0,FAIL
2008.803,3,FAIL,0,0,NO_ORIGIN,0,0,1,1,1,1,0,0.0,,,,,0.0,1591,1524,,0,0,FAIL
2008.854,3,FAIL,0,0,NO_ORIGIN,0,0,1,1,1,1,0,0.0,,,,,0.0,1591,1524,,0,0,FAIL
2008.904,3,FAIL,0,0,NO_ORIGIN,0,0,1,1,1,1,0,0.0,,,,,0.0,1591,1524,,0,0,FAIL
2008.954,3,FAIL,0,0,NO_ORIGIN,0,0,1,1,1,1,0,0.0,,,,,0.0,1591,1524,,0,0,FAIL
2009.004,3,FAIL,0,0,NO_ORIGIN,0,0,1,1,1,1,0,0.0,,,,,0.0,1591,1524,,0,0,FAIL
2009.054,3,FAIL,0,0,NO_ORIGIN,0,0,1,1,1,1,0,0.0,,,,,0.0,1591,1524,,0,0,FAIL
2009.105,3,FAIL,0,0,NO_ORIGIN,0,0,1,1,1,1,0,0.0,,,,,0.0,1591,1524,,0,0,FAIL
2009.155,3,FAIL,0,0,NO_ORIGIN,0,0,1,1,1,1,0,0.0,,,,,0.0,1591,1524,,0,0,FAIL
2009.205,3,FAIL,0,0,NO_ORIGIN,0,0,1,1,1,1,0,0.0,,,,,0.0,1591,1524,,0,0,FAIL
2009.255,3,FAIL,0,0,NO_ORIGIN,0,0,1,1,1,1,0,0.0,,,,,0.0,1591,1524,,0,0,FAIL
2009.306,3,FAIL,0,0,NO_ORIGIN,0,0,1,1,1,1,0,0.0,,,,,0.0,1591,1524,,0,0,FAIL
2009.356,3,FAIL,0,0,NO_ORIGIN,0,0,1,1,1,1,0,0.0,,,,,0.0,1591,1524,,0,0,FAIL
2009.406,3,FAIL,0,0,NO_ORIGIN,0,0,1,1,1,1,0,0.0,,,,,0.0,1591,1524,,0,0,FAIL
2009.456,3,FAIL,0,0,NO_ORIGIN,0,0,1,1,1,1,0,0.0,,,,,0.0,1591,1524,,0,0,FAIL
2009.506,3,FAIL,0,0,NO_ORIGIN,0,0,1,1,1,1,0,0.0,,,,,0.0,1591,1524,,0,0,FAIL
2009.556,3,FAIL,0,0,NO_ORIGIN,0,0,1,1,1,1,0,0.0,,,,,0.0,1591,1524,,0,0,FAIL
2009.607,3,FAIL,0,0,NO_ORIGIN,0,0,1,1,1,1,0,0.0,,,,,0.0,1591,1524,,0,0,FAIL
2009.657,3,FAIL,0,0,NO_ORIGIN,0,0,1,1,1,1,0,0.0,,,,,0.0,1591,1524,,0,0,FAIL
2009.707,3,FAIL,0,0,NO_ORIGIN,0,0,1,1,1,1,0,0.0,,,,,0.0,1591,1524,,0,0,FAIL
2009.757,3,FAIL,0,0,NO_ORIGIN,0,0,1,1,1,1,0,0.0,,,,,0.0,1591,1524,,0,0,FAIL
2009.807,3,FAIL,0,0,NO_ORIGIN,0,0,1,1,1,1,0,0.0,,,,,0.0,1591,1524,,0,0,FAIL
2009.858,3,FAIL,0,0,NO_ORIGIN,0,0,1,1,1,1,0,0.0,,,,,0.0,1591,1524,,0,0,FAIL
2009.908,3,FAIL,0,0,NO_ORIGIN,0,0,1,1,1,1,0,0.0,,,,,0.0,1591,1524,,0,0,FAIL
2009.958,3,FAIL,0,0,NO_ORIGIN,0,0,1,1,1,1,0,0.0,,,,,0.0,1591,1524,,0,0,FAIL
2010.009,3,FAIL,0,0,NO_ORIGIN,0,0,1,1,1,1,0,0.0,,,,,0.0,1591,1524,,0,0,FAIL
2010.059,3,FAIL,0,0,NO_ORIGIN,0,0,1,1,1,1,0,0.0,,,,,0.0,1591,1524,,0,0,FAIL
2010.109,3,FAIL,0,0,NO_ORIGIN,0,0,1,1,1,1,0,0.0,,,,,0.0,1591,1524,,0,0,FAIL
2010.159,3,FAIL,0,0,NO_ORIGIN,0,0,1,1,1,1,0,0.0,,,,,0.0,1591,1524,,0,0,FAIL
2010.21,3,FAIL,0,0,NO_ORIGIN,0,0,1,1,1,1,0,0.0,,,,,0.0,1591,1524,,0,0,FAIL
2010.26,3,FAIL,0,0,NO_ORIGIN,0,0,1,1,1,1,0,0.0,,,,,0.0,1591,1524,,0,0,FAIL
2010.31,3,FAIL,0,0,NO_ORIGIN,0,0,1,1,1,1,0,0.0,,,,,0.0,1591,1524,,0,0,FAIL
2010.36,3,FAIL,0,0,NO_ORIGIN,0,0,1,1,1,1,0,0.0,,,,,0.0,1591,1524,,0,0,FAIL
2010.413,3,FAIL,0,0,NO_ORIGIN,0,0,1,1,1,1,0,0.0,,,,,0.0,1591,1524,,0,0,FAIL
2010.465,3,FAIL,0,0,NO_ORIGIN,0,0,1,1,1,1,0,0.0,,,,,0.0,1591,1524,,0,0,FAIL
2010.515,3,FAIL,0,0,NO_ORIGIN,0,0,1,1,1,1,0,0.0,,,,,0.0,1591,1524,,0,0,FAIL
2010.565,3,FAIL,0,0,NO_ORIGIN,0,0,1,1,1,1,0,0.0,,,,,0.0,1591,1524,,0,0,FAIL
2010.615,3,FAIL,0,0,NO_ORIGIN,0,0,1,1,1,1,0,0.0,,,,,0.0,1591,1524,,0,0,FAIL
2010.666,3,FAIL,0,0,NO_ORIGIN,0,0,1,1,1,1,0,0.0,,,,,0.0,1591,1524,,0,0,FAIL
2010.716,3,FAIL,0,0,NO_ORIGIN,0,0,1,1,1,1,0,0.0,,,,,0.0,1591,1524,,0,0,FAIL
2010.767,3,FAIL,0,0,NO_ORIGIN,0,0,1,1,1,1,0,0.0,,,,,0.0,1591,1524,,0,0,FAIL
2010.817,3,FAIL,0,0,NO_ORIGIN,0,0,1,1,1,1,0,0.0,,,,,0.0,1591,1524,,0,0,FAIL
2010.868,3,FAIL,0,0,NO_ORIGIN,0,0,1,1,1,1,0,0.0,,,,,0.0,1591,1524,,0,0,FAIL
2010.918,3,FAIL,0,0,NO_ORIGIN,0,0,1,1,1,1,0,0.0,,,,,0.0,1591,1524,,0,0,FAIL
2010.968,3,FAIL,0,0,NO_ORIGIN,0,0,1,1,1,1,0,0.0,,,,,0.0,1591,1524,,0,0,FAIL
2011.018,3,FAIL,0,0,NO_ORIGIN,0,0,1,1,1,1,0,0.0,,,,,0.0,1591,1524,,0,0,FAIL
2011.069,3,FAIL,0,0,NO_ORIGIN,0,0,1,1,1,1,0,0.0,,,,,0.0,1591,1524,,0,0,FAIL
2011.119,3,FAIL,0,0,NO_ORIGIN,0,0,1,1,1,1,0,0.0,,,,,0.0,1591,1524,,0,0,FAIL
2011.169,3,FAIL,0,0,NO_ORIGIN,0,0,1,1,1,1,0,0.0,,,,,0.0,1591,1524,,0,0,FAIL
2011.219,3,FAIL,0,0,NO_ORIGIN,0,0,1,1,1,1,0,0.0,,,,,0.0,1591,1524,,0,0,FAIL
2011.269,3,FAIL,0,0,NO_ORIGIN,0,0,1,1,1,1,0,0.0,,,,,0.0,1591,1524,,0,0,FAIL
2011.319,3,FAIL,0,0,NO_ORIGIN,0,0,1,1,1,1,0,0.0,,,,,0.0,1591,1524,,0,0,FAIL
2011.37,3,FAIL,0,0,NO_ORIGIN,0,0,1,1,1,1,0,0.0,,,,,0.0,1591,1524,,0,0,FAIL
2011.42,3,FAIL,0,0,NO_ORIGIN,0,0,1,1,1,1,0,0.0,,,,,0.0,1591,1524,,0,0,FAIL
2011.47,3,FAIL,0,0,NO_ORIGIN,0,0,1,1,1,1,0,0.0,,,,,0.0,1591,1524,,0,0,FAIL
2011.52,3,FAIL,0,0,NO_ORIGIN,0,0,1,1,1,1,0,0.0,,,,,0.0,1591,1524,,0,0,FAIL
2011.571,3,FAIL,0,0,NO_ORIGIN,0,0,1,1,1,1,0,0.0,,,,,0.0,1591,1524,,0,0,FAIL
2011.621,3,FAIL,0,0,NO_ORIGIN,0,0,1,1,1,1,0,0.0,,,,,0.0,1591,1524,,0,0,FAIL
2011.671,3,FAIL,0,0,NO_ORIGIN,0,0,1,1,1,1,0,0.0,,,,,0.0,1591,1524,,0,0,FAIL
2011.721,3,FAIL,0,0,NO_ORIGIN,0,0,1,1,1,1,0,0.0,,,,,0.0,1591,1524,,0,0,FAIL
2011.771,3,FAIL,0,0,NO_ORIGIN,0,0,1,1,1,1,0,0.0,,,,,0.0,1591,1524,,0,0,FAIL
2011.822,3,FAIL,0,0,NO_ORIGIN,0,0,1,1,1,1,0,0.0,,,,,0.0,1591,1524,,0,0,FAIL
2011.872,3,FAIL,0,0,NO_ORIGIN,0,0,1,1,1,1,0,0.0,,,,,0.0,1591,1524,,0,0,FAIL
2011.922,3,FAIL,0,0,NO_ORIGIN,0,0,1,1,1,1,0,0.0,,,,,0.0,1591,1524,,0,0,FAIL
2011.972,3,FAIL,0,0,NO_ORIGIN,0,0,1,1,1,1,0,0.0,,,,,0.0,1591,1524,,0,0,FAIL
2012.022,3,FAIL,0,0,NO_ORIGIN,0,0,1,1,1,1,0,0.0,,,,,0.0,1591,1524,,0,0,FAIL
2012.073,3,FAIL,0,0,NO_ORIGIN,0,0,1,1,1,1,0,0.0,,,,,0.0,1591,1524,,0,0,FAIL
2012.123,3,FAIL,0,0,NO_ORIGIN,0,0,1,1,1,1,0,0.0,,,,,0.0,1591,1524,,0,0,FAIL
2012.173,3,FAIL,0,0,NO_ORIGIN,0,0,1,1,1,1,0,0.0,,,,,0.0,1591,1524,,0,0,FAIL
2012.223,3,FAIL,0,0,NO_ORIGIN,0,0,1,1,1,1,0,0.0,,,,,0.0,1591,1524,,0,0,FAIL
2012.273,3,FAIL,0,0,NO_ORIGIN,0,0,1,1,1,1,0,0.0,,,,,0.0,1591,1524,,0,0,FAIL
2012.323,3,FAIL,0,0,NO_ORIGIN,0,0,1,1,1,1,0,0.0,,,,,0.0,1591,1524,,0,0,FAIL
2012.374,3,FAIL,0,0,NO_ORIGIN,0,0,1,1,1,1,0,0.0,,,,,0.0,1591,1524,,0,0,FAIL
2012.424,3,FAIL,0,0,NO_ORIGIN,0,0,1,1,1,1,0,0.0,,,,,0.0,1591,1524,,0,0,FAIL
2012.474,3,FAIL,0,0,NO_ORIGIN,0,0,1,1,1,1,0,0.0,,,,,0.0,1591,1524,,0,0,FAIL
2012.525,3,FAIL,0,0,NO_ORIGIN,0,0,1,1,1,1,0,0.0,,,,,0.0,1591,1524,,0,0,FAIL
2012.575,3,FAIL,0,0,NO_ORIGIN,0,0,1,1,1,1,0,0.0,,,,,0.0,1591,1524,,0,0,FAIL
2012.625,3,FAIL,0,0,NO_ORIGIN,0,0,1,1,1,1,0,0.0,,,,,0.0,1591,1524,,0,0,FAIL
2012.675,3,FAIL,0,0,NO_ORIGIN,0,0,1,1,1,1,0,0.0,,,,,0.0,1591,1524,,0,0,FAIL
2012.725,3,FAIL,0,0,NO_ORIGIN,0,0,1,1,1,1,0,0.0,,,,,0.0,1591,1524,,0,0,FAIL
2012.776,3,FAIL,0,0,NO_ORIGIN,0,0,1,1,1,1,0,0.0,,,,,0.0,1591,1524,,0,0,FAIL
2012.826,3,FAIL,0,0,NO_ORIGIN,0,0,1,1,1,1,0,0.0,,,,,0.0,1591,1524,,0,0,FAIL
2012.876,3,FAIL,0,0,NO_ORIGIN,0,0,1,1,1,1,0,0.0,,,,,0.0,1591,1524,,0,0,FAIL
2012.926,3,FAIL,0,0,NO_ORIGIN,0,0,1,1,1,1,0,0.0,,,,,0.0,1591,1524,,0,0,FAIL
2012.976,3,FAIL,0,0,NO_ORIGIN,0,0,1,1,1,1,0,0.0,,,,,0.0,1591,1524,,0,0,FAIL
2013.027,3,FAIL,0,0,NO_ORIGIN,0,0,1,1,1,1,0,0.0,,,,,0.0,1591,1524,,0,0,FAIL
2013.077,3,FAIL,0,0,NO_ORIGIN,0,0,1,1,1,1,0,0.0,,,,,0.0,1591,1524,,0,0,FAIL
2013.128,3,FAIL,0,0,NO_ORIGIN,0,0,1,1,1,1,0,0.0,,,,,0.0,1591,1524,,0,0,FAIL
2013.178,3,FAIL,0,0,NO_ORIGIN,0,0,1,1,1,1,0,0.0,,,,,0.0,1591,1524,,0,0,FAIL
2013.229,3,FAIL,0,0,NO_ORIGIN,0,0,1,1,1,1,0,0.0,,,,,0.0,1591,1524,,0,0,FAIL
2013.28,3,FAIL,0,0,NO_ORIGIN,0,0,1,1,1,1,0,0.0,,,,,0.0,1591,1524,,0,0,FAIL
2013.33,3,FAIL,0,0,NO_ORIGIN,0,0,1,1,1,1,0,0.0,,,,,0.0,1591,1524,,0,0,FAIL
2013.38,3,FAIL,0,0,NO_ORIGIN,0,0,1,1,1,1,0,0.0,,,,,0.0,1591,1524,,0,0,FAIL
2013.43,3,FAIL,0,0,NO_ORIGIN,0,0,1,1,1,1,0,0.0,,,,,0.0,1591,1524,,0,0,FAIL
2013.481,3,FAIL,0,0,NO_ORIGIN,0,0,1,1,1,1,0,0.0,,,,,0.0,1591,1524,,0,0,FAIL
2013.531,3,FAIL,0,0,NO_ORIGIN,0,0,1,1,1,1,0,0.0,,,,,0.0,1591,1524,,0,0,FAIL
2013.582,3,FAIL,0,0,NO_ORIGIN,0,0,1,1,1,1,0,0.0,,,,,0.0,1591,1524,,0,0,FAIL
2013.632,3,FAIL,0,0,NO_ORIGIN,0,0,1,1,1,1,0,0.0,,,,,0.0,1591,1524,,0,0,FAIL
2013.682,3,FAIL,0,0,NO_ORIGIN,0,0,1,1,1,1,0,0.0,,,,,0.0,1591,1524,,0,0,FAIL
2013.732,3,FAIL,0,0,NO_ORIGIN,0,0,1,1,1,1,0,0.0,,,,,0.0,1591,1524,,0,0,FAIL
2013.783,3,FAIL,0,0,NO_ORIGIN,0,0,1,1,1,1,0,0.0,,,,,0.0,1591,1524,,0,0,FAIL
2013.833,3,FAIL,0,0,NO_ORIGIN,0,0,1,1,1,1,0,0.0,,,,,0.0,1591,1524,,0,0,FAIL
2013.884,3,FAIL,0,0,NO_ORIGIN,0,0,1,1,1,1,0,0.0,,,,,0.0,1591,1524,,0,0,FAIL
2013.934,3,FAIL,0,0,NO_ORIGIN,0,0,1,1,1,1,0,0.0,,,,,0.0,1591,1524,,0,0,FAIL
2013.985,3,FAIL,0,0,NO_ORIGIN,0,0,1,1,1,1,0,0.0,,,,,0.0,1591,1524,,0,0,FAIL
2014.036,3,FAIL,0,0,NO_ORIGIN,0,0,1,1,1,1,0,0.0,,,,,0.0,1591,1524,,0,0,FAIL
2014.087,3,FAIL,0,0,NO_ORIGIN,0,0,1,1,1,1,0,0.0,,,,,0.0,1591,1524,,0,0,FAIL
2014.137,3,FAIL,0,0,NO_ORIGIN,0,0,1,1,1,1,0,0.0,,,,,0.0,1591,1524,,0,0,FAIL
2014.188,3,FAIL,0,0,NO_ORIGIN,0,0,1,1,1,1,0,0.0,,,,,0.0,1591,1524,,0,0,FAIL
2014.24,3,FAIL,0,0,NO_ORIGIN,0,0,1,1,1,1,0,0.0,,,,,0.0,1591,1524,,0,0,FAIL
2014.29,3,FAIL,0,0,NO_ORIGIN,0,0,1,1,1,1,0,0.0,,,,,0.0,1591,1524,,0,0,FAIL
2014.343,3,FAIL,0,0,NO_ORIGIN,0,0,1,1,1,1,0,0.0,,,,,0.0,1591,1524,,0,0,FAIL
2014.394,3,FAIL,0,0,NO_ORIGIN,0,0,1,1,1,1,0,0.0,,,,,0.0,1591,1524,,0,0,FAIL
2014.444,3,FAIL,0,0,NO_ORIGIN,0,0,1,1,1,1,0,0.0,,,,,0.0,1591,1524,,0,0,FAIL
2014.494,3,FAIL,0,0,NO_ORIGIN,0,0,1,1,1,1,0,0.0,,,,,0.0,1591,1524,,0,0,FAIL
2014.545,3,FAIL,0,0,NO_ORIGIN,0,0,1,1,1,1,0,0.0,,,,,0.0,1591,1524,,0,0,FAIL
2014.596,3,FAIL,0,0,NO_ORIGIN,0,0,1,1,1,1,0,0.0,,,,,0.0,1591,1524,,0,0,FAIL
2014.646,3,FAIL,0,0,NO_ORIGIN,0,0,1,1,1,1,0,0.0,,,,,0.0,1591,1524,,0,0,FAIL
2014.697,3,FAIL,0,0,NO_ORIGIN,0,0,1,1,1,1,0,0.0,,,,,0.0,1591,1524,,0,0,FAIL
2014.749,3,FAIL,0,0,NO_ORIGIN,0,0,1,1,1,1,0,0.0,,,,,0.0,1591,1524,,0,0,FAIL
2014.799,3,FAIL,0,0,NO_ORIGIN,0,0,1,1,1,1,0,0.0,,,,,0.0,1591,1524,,0,0,FAIL
2014.849,3,FAIL,0,0,NO_ORIGIN,0,0,1,1,1,1,0,0.0,,,,,0.0,1591,1524,,0,0,FAIL
2014.9,3,FAIL,0,0,NO_ORIGIN,0,0,1,1,1,1,0,0.0,,,,,0.0,1591,1524,,0,0,FAIL
2014.951,3,FAIL,0,0,NO_ORIGIN,0,0,1,1,1,1,0,0.0,,,,,0.0,1591,1524,,0,0,FAIL
2015.001,3,FAIL,0,0,NO_ORIGIN,0,0,1,1,1,1,0,0.0,,,,,0.0,1591,1524,,0,0,FAIL
2015.052,3,FAIL,0,0,NO_ORIGIN,0,0,1,1,1,1,0,0.0,,,,,0.0,1591,1524,,0,0,FAIL
2015.103,3,FAIL,0,0,NO_ORIGIN,0,0,1,1,1,1,0,0.0,,,,,0.0,1591,1524,,0,0,FAIL
2015.154,3,FAIL,0,0,NO_ORIGIN,0,0,1,1,1,1,0,0.0,,,,,0.0,1591,1524,,0,0,FAIL
2015.205,3,FAIL,0,0,NO_ORIGIN,0,0,1,1,1,1,0,0.0,,,,,0.0,1591,1524,,0,0,FAIL
2015.255,3,FAIL,0,0,NO_ORIGIN,0,0,1,1,1,1,0,0.0,,,,,0.0,1591,1524,,0,0,FAIL
2015.306,3,FAIL,0,0,NO_ORIGIN,0,0,1,1,1,1,0,0.0,,,,,0.0,1591,1524,,0,0,FAIL
2015.357,3,FAIL,0,0,NO_ORIGIN,0,0,1,1,1,1,0,0.0,,,,,0.0,1591,1524,,0,0,FAIL
2015.409,3,FAIL,0,0,NO_ORIGIN,0,0,1,1,1,1,0,0.0,,,,,0.0,1591,1524,,0,0,FAIL
2015.459,3,FAIL,0,0,NO_ORIGIN,0,0,1,1,1,1,0,0.0,,,,,0.0,1591,1524,,0,0,FAIL
2015.511,3,FAIL,0,0,NO_ORIGIN,0,0,1,1,1,1,0,0.0,,,,,0.0,1591,1524,,0,0,FAIL
2015.562,3,FAIL,0,0,NO_ORIGIN,0,0,1,1,1,1,0,0.0,,,,,0.0,1591,1524,,0,0,FAIL
2015.614,3,FAIL,0,0,NO_ORIGIN,0,0,1,1,1,1,0,0.0,,,,,0.0,1591,1524,,0,0,FAIL
2015.664,3,FAIL,0,0,NO_ORIGIN,0,0,1,1,1,1,0,0.0,,,,,0.0,1591,1524,,0,0,FAIL
2015.715,3,FAIL,0,0,NO_ORIGIN,0,0,1,1,1,1,0,0.0,,,,,0.0,1591,1524,,0,0,FAIL
2015.766,3,FAIL,0,0,NO_ORIGIN,0,0,1,1,1,1,0,0.0,,,,,0.0,1591,1524,,0,0,FAIL
2015.816,3,FAIL,0,0,NO_ORIGIN,0,0,1,1,1,1,0,0.0,,,,,0.0,1591,1524,,0,0,FAIL
2015.867,3,FAIL,0,0,NO_ORIGIN,0,0,1,1,1,1,0,0.0,,,,,0.0,1591,1524,,0,0,FAIL
2015.917,3,FAIL,0,0,NO_ORIGIN,0,0,1,1,1,1,0,0.0,,,,,0.0,1591,1524,,0,0,FAIL
2015.968,3,FAIL,0,0,NO_ORIGIN,0,0,1,1,1,1,0,0.0,,,,,0.0,1591,1524,,0,0,FAIL
2016.019,3,FAIL,0,0,NO_ORIGIN,0,0,1,1,1,1,0,0.0,,,,,0.0,1591,1524,,0,0,FAIL
2016.069,3,FAIL,0,0,NO_ORIGIN,0,0,1,1,1,1,0,0.0,,,,,0.0,1591,1524,,0,0,FAIL
2016.12,3,FAIL,0,0,NO_ORIGIN,0,0,1,1,1,1,0,0.0,,,,,0.0,1591,1524,,0,0,FAIL
2016.171,3,FAIL,0,0,NO_ORIGIN,0,0,1,1,1,1,0,0.0,,,,,0.0,1591,1524,,0,0,FAIL
2016.221,3,FAIL,0,0,NO_ORIGIN,0,0,1,1,1,1,0,0.0,,,,,0.0,1591,1524,,0,0,FAIL
2016.271,3,FAIL,0,0,NO_ORIGIN,0,0,1,1,1,1,0,0.0,,,,,0.0,1591,1524,,0,0,FAIL
2016.321,3,FAIL,0,0,NO_ORIGIN,0,0,1,1,1,1,0,0.0,,,,,0.0,1591,1524,,0,0,FAIL
2016.372,3,FAIL,0,0,NO_ORIGIN,0,0,1,1,1,1,0,0.0,,,,,0.0,1591,1524,,0,0,FAIL
2016.422,3,FAIL,0,0,NO_ORIGIN,0,0,1,1,1,1,0,0.0,,,,,0.0,1591,1524,,0,0,FAIL
2016.472,3,FAIL,0,0,NO_ORIGIN,0,0,1,1,1,1,0,0.0,,,,,0.0,1591,1524,,0,0,FAIL
2016.522,3,FAIL,0,0,NO_ORIGIN,0,0,1,1,1,1,0,0.0,,,,,0.0,1591,1524,,0,0,FAIL
2016.572,3,FAIL,0,0,NO_ORIGIN,0,0,1,1,1,1,0,0.0,,,,,0.0,1591,1524,,0,0,FAIL
2016.622,3,FAIL,0,0,NO_ORIGIN,0,0,1,1,1,1,0,0.0,,,,,0.0,1591,1524,,0,0,FAIL
2016.673,3,FAIL,0,0,NO_ORIGIN,0,0,1,1,1,1,0,0.0,,,,,0.0,1591,1524,,0,0,FAIL
2016.723,3,FAIL,0,0,NO_ORIGIN,0,0,1,1,1,1,0,0.0,,,,,0.0,1591,1524,,0,0,FAIL
2016.773,3,FAIL,0,0,NO_ORIGIN,0,0,1,1,1,1,0,0.0,,,,,0.0,1591,1524,,0,0,FAIL
2016.823,3,FAIL,0,0,NO_ORIGIN,0,0,1,1,1,1,0,0.0,,,,,0.0,1591,1524,,0,0,FAIL
2016.873,3,FAIL,0,0,NO_ORIGIN,0,0,1,1,1,1,0,0.0,,,,,0.0,1591,1524,,0,0,FAIL
2016.923,3,FAIL,0,0,NO_ORIGIN,0,0,1,1,1,1,0,0.0,,,,,0.0,1591,1524,,0,0,FAIL
2016.974,3,FAIL,0,0,NO_ORIGIN,0,0,1,1,1,1,0,0.0,,,,,0.0,1591,1524,,0,0,FAIL
2017.024,3,FAIL,0,0,NO_ORIGIN,0,0,1,1,1,1,0,0.0,,,,,0.0,1591,1524,,0,0,FAIL
2017.075,3,FAIL,0,0,NO_ORIGIN,0,0,1,1,1,1,0,0.0,,,,,0.0,1591,1524,,0,0,FAIL
2017.126,3,FAIL,0,0,NO_ORIGIN,0,0,1,1,1,1,0,0.0,,,,,0.0,1591,1524,,0,0,FAIL
2017.176,3,FAIL,0,0,NO_ORIGIN,0,0,1,1,1,1,0,0.0,,,,,0.0,1591,1524,,0,0,FAIL
2017.226,3,FAIL,0,0,NO_ORIGIN,0,0,1,1,1,1,0,0.0,,,,,0.0,1591,1524,,0,0,FAIL
2017.276,3,FAIL,0,0,NO_ORIGIN,0,0,1,1,1,1,0,0.0,,,,,0.0,1591,1524,,0,0,FAIL
2017.326,3,FAIL,0,0,NO_ORIGIN,0,0,1,1,1,1,0,0.0,,,,,0.0,1591,1524,,0,0,FAIL
2017.377,3,FAIL,0,0,NO_ORIGIN,0,0,1,1,1,1,0,0.0,,,,,0.0,1591,1524,,0,0,FAIL
2017.427,3,FAIL,0,0,NO_ORIGIN,0,0,1,1,1,1,0,0.0,,,,,0.0,1591,1524,,0,0,FAIL
2017.477,3,FAIL,0,0,NO_ORIGIN,0,0,1,1,1,1,0,0.0,,,,,0.0,1591,1524,,0,0,FAIL
2017.527,3,FAIL,0,0,NO_ORIGIN,0,0,1,1,1,1,0,0.0,,,,,0.0,1591,1524,,0,0,FAIL
2017.577,3,FAIL,0,0,NO_ORIGIN,0,0,1,1,1,1,0,0.0,,,,,0.0,1591,1524,,0,0,FAIL
2017.627,3,FAIL,0,0,NO_ORIGIN,0,0,1,1,1,1,0,0.0,,,,,0.0,1591,1524,,0,0,FAIL
2017.677,3,FAIL,0,0,NO_ORIGIN,0,0,1,1,1,1,0,0.0,,,,,0.0,1591,1524,,0,0,FAIL
2017.728,3,FAIL,0,0,NO_ORIGIN,0,0,1,1,1,1,0,0.0,,,,,0.0,1591,1524,,0,0,FAIL
2017.778,3,FAIL,0,0,NO_ORIGIN,0,0,1,1,1,1,0,0.0,,,,,0.0,1591,1524,,0,0,FAIL
2017.828,3,FAIL,0,0,NO_ORIGIN,0,0,1,1,1,1,0,0.0,,,,,0.0,1591,1524,,0,0,FAIL
2017.878,3,FAIL,0,0,NO_ORIGIN,0,0,1,1,1,1,0,0.0,,,,,0.0,1591,1524,,0,0,FAIL
2017.928,3,FAIL,0,0,NO_ORIGIN,0,0,1,1,1,1,0,0.0,,,,,0.0,1591,1524,,0,0,FAIL
2017.978,3,FAIL,0,0,NO_ORIGIN,0,0,1,1,1,1,0,0.0,,,,,0.0,1591,1524,,0,0,FAIL
2018.029,3,FAIL,0,0,NO_ORIGIN,0,0,1,1,1,1,0,0.0,,,,,0.0,1591,1524,,0,0,FAIL
2018.079,3,FAIL,0,0,NO_ORIGIN,0,0,1,1,1,1,0,0.0,,,,,0.0,1591,1524,,0,0,FAIL
2018.129,3,FAIL,0,0,NO_ORIGIN,0,0,1,1,1,1,0,0.0,,,,,0.0,1591,1524,,0,0,FAIL
2018.179,3,FAIL,0,0,NO_ORIGIN,0,0,1,1,1,1,0,0.0,,,,,0.0,1591,1524,,0,0,FAIL
2018.229,3,FAIL,0,0,NO_ORIGIN,0,0,1,1,1,1,0,0.0,,,,,0.0,1591,1524,,0,0,FAIL
2018.279,3,FAIL,0,0,NO_ORIGIN,0,0,1,1,1,1,0,0.0,,,,,0.0,1591,1524,,0,0,FAIL
2018.33,3,FAIL,0,0,NO_ORIGIN,0,0,1,1,1,1,0,0.0,,,,,0.0,1591,1524,,0,0,FAIL
2018.38,3,FAIL,0,0,NO_ORIGIN,0,0,1,1,1,1,0,0.0,,,,,0.0,1591,1524,,0,0,FAIL
2018.43,3,FAIL,0,0,NO_ORIGIN,0,0,1,1,1,1,0,0.0,,,,,0.0,1591,1524,,0,0,FAIL
2018.481,3,FAIL,0,0,NO_ORIGIN,0,0,1,1,1,1,0,0.0,,,,,0.0,1591,1524,,0,0,FAIL
2018.531,3,FAIL,0,0,NO_ORIGIN,0,0,1,1,1,1,0,0.0,,,,,0.0,1591,1524,,0,0,FAIL
2018.581,3,FAIL,0,0,NO_ORIGIN,0,0,1,1,1,1,0,0.0,,,,,0.0,1591,1524,,0,0,FAIL
2018.631,3,FAIL,0,0,NO_ORIGIN,0,0,1,1,1,1,0,0.0,,,,,0.0,1591,1524,,0,0,FAIL
2018.682,3,FAIL,0,0,NO_ORIGIN,0,0,1,1,1,1,0,0.0,,,,,0.0,1591,1524,,0,0,FAIL
2018.732,3,FAIL,0,0,NO_ORIGIN,0,0,1,1,1,1,0,0.0,,,,,0.0,1591,1524,,0,0,FAIL
2018.782,3,FAIL,0,0,NO_ORIGIN,0,0,1,1,1,1,0,0.0,,,,,0.0,1591,1524,,0,0,FAIL
2018.835,3,FAIL,0,0,NO_ORIGIN,0,0,1,1,1,1,0,0.0,,,,,0.0,1591,1524,,0,0,FAIL
2018.886,3,FAIL,0,0,NO_ORIGIN,0,0,1,1,1,1,0,0.0,,,,,0.0,1591,1524,,0,0,FAIL
2018.936,3,FAIL,0,0,NO_ORIGIN,0,0,1,1,1,1,0,0.0,,,,,0.0,1591,1524,,0,0,FAIL
2018.986,3,FAIL,0,0,NO_ORIGIN,0,0,1,1,1,1,0,0.0,,,,,0.0,1591,1524,,0,0,FAIL
2019.036,3,FAIL,0,0,NO_ORIGIN,0,0,1,1,1,1,0,0.0,,,,,0.0,1591,1524,,0,0,FAIL
2019.086,3,FAIL,0,0,NO_ORIGIN,0,0,1,1,1,1,0,0.0,,,,,0.0,1591,1524,,0,0,FAIL
2019.137,3,FAIL,0,0,NO_ORIGIN,0,0,1,1,1,1,0,0.0,,,,,0.0,1591,1524,,0,0,FAIL
2019.187,3,FAIL,0,0,NO_ORIGIN,0,0,1,1,1,1,0,0.0,,,,,0.0,1591,1524,,0,0,FAIL
2019.237,3,FAIL,0,0,NO_ORIGIN,0,0,1,1,1,1,0,0.0,,,,,0.0,1591,1524,,0,0,FAIL
2019.287,3,FAIL,0,0,NO_ORIGIN,0,0,1,1,1,1,0,0.0,,,,,0.0,1591,1524,,0,0,FAIL
2019.337,3,FAIL,0,0,NO_ORIGIN,0,0,1,1,1,1,0,0.0,,,,,0.0,1591,1524,,0,0,FAIL
2019.387,3,FAIL,0,0,NO_ORIGIN,0,0,1,1,1,1,0,0.0,,,,,0.0,1591,1524,,0,0,FAIL
2019.438,3,FAIL,0,0,NO_ORIGIN,0,0,1,1,1,1,0,0.0,,,,,0.0,1591,1524,,0,0,FAIL
2019.488,3,FAIL,0,0,NO_ORIGIN,0,0,1,1,1,1,0,0.0,,,,,0.0,1591,1524,,0,0,FAIL
2019.538,3,FAIL,0,0,NO_ORIGIN,0,0,1,1,1,1,0,0.0,,,,,0.0,1591,1524,,0,0,FAIL
2019.588,3,FAIL,0,0,NO_ORIGIN,0,0,1,1,1,1,0,0.0,,,,,0.0,1591,1524,,0,0,FAIL
2019.638,3,FAIL,0,0,NO_ORIGIN,0,0,1,1,1,1,0,0.0,,,,,0.0,1591,1524,,0,0,FAIL
2019.689,3,FAIL,0,0,NO_ORIGIN,0,0,1,1,1,1,0,0.0,,,,,0.0,1591,1524,,0,0,FAIL
2019.739,3,FAIL,0,0,NO_ORIGIN,0,0,1,1,1,1,0,0.0,,,,,0.0,1591,1524,,0,0,FAIL
2019.789,3,FAIL,0,0,NO_ORIGIN,0,0,1,1,1,1,0,0.0,,,,,0.0,1591,1524,,0,0,FAIL
2019.839,3,FAIL,0,0,NO_ORIGIN,0,0,1,1,1,1,0,0.0,,,,,0.0,1591,1524,,0,0,FAIL
2019.889,3,FAIL,0,0,NO_ORIGIN,0,0,1,1,1,1,0,0.0,,,,,0.0,1591,1524,,0,0,FAIL
2019.941,3,FAIL,0,0,NO_ORIGIN,0,0,1,1,1,1,0,0.0,,,,,0.0,1591,1524,,0,0,FAIL
2019.991,3,FAIL,0,0,NO_ORIGIN,0,0,1,1,1,1,0,0.0,,,,,0.0,1591,1524,,0,0,FAIL
2020.041,3,FAIL,0,0,NO_ORIGIN,0,0,1,1,1,1,0,0.0,,,,,0.0,1591,1524,,0,0,FAIL
2020.091,3,FAIL,0,0,NO_ORIGIN,0,0,1,1,1,1,0,0.0,,,,,0.0,1591,1524,,0,0,FAIL
2020.141,3,FAIL,0,0,NO_ORIGIN,0,0,1,1,1,1,0,0.0,,,,,0.0,1591,1524,,0,0,FAIL
2020.191,3,FAIL,0,0,NO_ORIGIN,0,0,1,1,1,1,0,0.0,,,,,0.0,1591,1524,,0,0,FAIL
2020.242,3,FAIL,0,0,NO_ORIGIN,0,0,1,1,1,1,0,0.0,,,,,0.0,1591,1524,,0,0,FAIL
2020.292,3,FAIL,0,0,NO_ORIGIN,0,0,1,1,1,1,0,0.0,,,,,0.0,1591,1524,,0,0,FAIL
2020.342,3,FAIL,0,0,NO_ORIGIN,0,0,1,1,1,1,0,0.0,,,,,0.0,1591,1524,,0,0,FAIL
2020.393,3,FAIL,0,0,NO_ORIGIN,0,0,1,1,1,1,0,0.0,,,,,0.0,1591,1524,,0,0,FAIL
2020.443,3,FAIL,0,0,NO_ORIGIN,0,0,1,1,1,1,0,0.0,,,,,0.0,1591,1524,,0,0,FAIL
2020.493,3,FAIL,0,0,NO_ORIGIN,0,0,1,1,1,1,0,0.0,,,,,0.0,1591,1524,,0,0,FAIL
2020.543,3,FAIL,0,0,NO_ORIGIN,0,0,1,1,1,1,0,0.0,,,,,0.0,1591,1524,,0,0,FAIL
2020.594,3,FAIL,0,0,NO_ORIGIN,0,0,1,1,1,1,0,0.0,,,,,0.0,1591,1524,,0,0,FAIL
2020.644,3,FAIL,0,0,NO_ORIGIN,0,0,1,1,1,1,0,0.0,,,,,0.0,1591,1524,,0,0,FAIL
2020.694,3,FAIL,0,0,NO_ORIGIN,0,0,1,1,1,1,0,0.0,,,,,0.0,1591,1524,,0,0,FAIL
2020.744,3,FAIL,0,0,NO_ORIGIN,0,0,1,1,1,1,0,0.0,,,,,0.0,1591,1524,,0,0,FAIL
2020.794,3,FAIL,0,0,NO_ORIGIN,0,0,1,1,1,1,0,0.0,,,,,0.0,1591,1524,,0,0,FAIL
2020.845,3,FAIL,0,0,NO_ORIGIN,0,0,1,1,1,1,0,0.0,,,,,0.0,1591,1524,,0,0,FAIL
2020.896,3,FAIL,0,0,NO_ORIGIN,0,0,1,1,1,1,0,0.0,,,,,0.0,1591,1524,,0,0,FAIL
2020.946,3,FAIL,0,0,NO_ORIGIN,0,0,1,1,1,1,0,0.0,,,,,0.0,1591,1524,,0,0,FAIL
2020.996,3,FAIL,0,0,NO_ORIGIN,0,0,1,1,1,1,0,0.0,,,,,0.0,1591,1524,,0,0,FAIL
2021.046,3,FAIL,0,0,NO_ORIGIN,0,0,1,1,1,1,0,0.0,,,,,0.0,1591,1524,,0,0,FAIL
2021.096,3,FAIL,0,0,NO_ORIGIN,0,0,1,1,1,1,0,0.0,,,,,0.0,1591,1524,,0,0,FAIL
2021.147,3,FAIL,0,0,NO_ORIGIN,0,0,1,1,1,1,0,0.0,,,,,0.0,1591,1524,,0,0,FAIL
2021.197,3,FAIL,0,0,NO_ORIGIN,0,0,1,1,1,1,0,0.0,,,,,0.0,1591,1524,,0,0,FAIL
2021.247,3,FAIL,0,0,NO_ORIGIN,0,0,1,1,1,1,0,0.0,,,,,0.0,1591,1524,,0,0,FAIL
2021.297,3,FAIL,0,0,NO_ORIGIN,0,0,1,1,1,1,0,0.0,,,,,0.0,1591,1524,,0,0,FAIL
2021.348,3,FAIL,0,0,NO_ORIGIN,0,0,1,1,1,1,0,0.0,,,,,0.0,1591,1524,,0,0,FAIL
2021.398,3,FAIL,0,0,NO_ORIGIN,0,0,1,1,1,1,0,0.0,,,,,0.0,1591,1524,,0,0,FAIL
2021.448,3,FAIL,0,0,NO_ORIGIN,0,0,1,1,1,1,0,0.0,,,,,0.0,1591,1524,,0,0,FAIL
2021.499,3,FAIL,0,0,NO_ORIGIN,0,0,1,1,1,1,0,0.0,,,,,0.0,1591,1524,,0,0,FAIL
2021.549,3,FAIL,0,0,NO_ORIGIN,0,0,1,1,1,1,0,0.0,,,,,0.0,1591,1524,,0,0,FAIL
2021.599,3,FAIL,0,0,NO_ORIGIN,0,0,1,1,1,1,0,0.0,,,,,0.0,1591,1524,,0,0,FAIL
2021.649,3,FAIL,0,0,NO_ORIGIN,0,0,1,1,1,1,0,0.0,,,,,0.0,1591,1524,,0,0,FAIL
2021.7,3,FAIL,0,0,NO_ORIGIN,0,0,1,1,1,1,0,0.0,,,,,0.0,1591,1524,,0,0,FAIL
2021.75,3,FAIL,0,0,NO_ORIGIN,0,0,1,1,1,1,0,0.0,,,,,0.0,1591,1524,,0,0,FAIL
2021.8,3,FAIL,0,0,NO_ORIGIN,0,0,1,1,1,1,0,0.0,,,,,0.0,1591,1524,,0,0,FAIL
2021.85,3,FAIL,0,0,NO_ORIGIN,0,0,1,1,1,1,0,0.0,,,,,0.0,1591,1524,,0,0,FAIL
2021.901,3,FAIL,0,0,NO_ORIGIN,0,0,1,1,1,1,0,0.0,,,,,0.0,1591,1524,,0,0,FAIL
2021.952,3,FAIL,0,0,NO_ORIGIN,0,0,1,1,1,1,0,0.0,,,,,0.0,1591,1524,,0,0,FAIL
2022.003,3,FAIL,0,0,NO_ORIGIN,0,0,1,1,1,1,0,0.0,,,,,0.0,1591,1524,,0,0,FAIL
2022.053,3,FAIL,0,0,NO_ORIGIN,0,0,1,1,1,1,0,0.0,,,,,0.0,1591,1524,,0,0,FAIL
2022.103,3,FAIL,0,0,NO_ORIGIN,0,0,1,1,1,1,0,0.0,,,,,0.0,1591,1524,,0,0,FAIL
2022.153,3,FAIL,0,0,NO_ORIGIN,0,0,1,1,1,1,0,0.0,,,,,0.0,1591,1524,,0,0,FAIL
2022.203,3,FAIL,0,0,NO_ORIGIN,0,0,1,1,1,1,0,0.0,,,,,0.0,1591,1524,,0,0,FAIL
2022.254,3,FAIL,0,0,NO_ORIGIN,0,0,1,1,1,1,0,0.0,,,,,0.0,1591,1524,,0,0,FAIL
2022.305,3,FAIL,0,0,NO_ORIGIN,0,0,1,1,1,1,0,0.0,,,,,0.0,1591,1524,,0,0,FAIL
2022.355,3,FAIL,0,0,NO_ORIGIN,0,0,1,1,1,1,0,0.0,,,,,0.0,1591,1524,,0,0,FAIL
2022.406,3,FAIL,0,0,NO_ORIGIN,0,0,1,1,1,1,0,0.0,,,,,0.0,1591,1524,,0,0,FAIL
2022.456,3,FAIL,0,0,NO_ORIGIN,0,0,1,1,1,1,0,0.0,,,,,0.0,1591,1524,,0,0,FAIL
2022.507,3,FAIL,0,0,NO_ORIGIN,0,0,1,1,1,1,0,0.0,,,,,0.0,1591,1524,,0,0,FAIL
2022.557,3,FAIL,0,0,NO_ORIGIN,0,0,1,1,1,1,0,0.0,,,,,0.0,1591,1524,,0,0,FAIL
2022.607,3,FAIL,0,0,NO_ORIGIN,0,0,1,1,1,1,0,0.0,,,,,0.0,1591,1524,,0,0,FAIL
2022.657,3,FAIL,0,0,NO_ORIGIN,0,0,1,1,1,1,0,0.0,,,,,0.0,1591,1524,,0,0,FAIL
2022.708,3,FAIL,0,0,NO_ORIGIN,0,0,1,1,1,1,0,0.0,,,,,0.0,1591,1524,,0,0,FAIL
2022.758,3,FAIL,0,0,NO_ORIGIN,0,0,1,1,1,1,0,0.0,,,,,0.0,1591,1524,,0,0,FAIL
2022.809,3,FAIL,0,0,NO_ORIGIN,0,0,1,1,1,1,0,0.0,,,,,0.0,1591,1524,,0,0,FAIL
2022.859,3,FAIL,0,0,NO_ORIGIN,0,0,1,1,1,1,0,0.0,,,,,0.0,1591,1524,,0,0,FAIL
2022.909,3,FAIL,0,0,NO_ORIGIN,0,0,1,1,1,1,0,0.0,,,,,0.0,1591,1524,,0,0,FAIL
2022.959,3,FAIL,0,0,NO_ORIGIN,0,0,1,1,1,1,0,0.0,,,,,0.0,1591,1524,,0,0,FAIL
2023.01,3,FAIL,0,0,NO_ORIGIN,0,0,1,1,1,1,0,0.0,,,,,0.0,1591,1524,,0,0,FAIL
2023.06,3,FAIL,0,0,NO_ORIGIN,0,0,1,1,1,1,0,0.0,,,,,0.0,1591,1524,,0,0,FAIL
2023.11,3,FAIL,0,0,NO_ORIGIN,0,0,1,1,1,1,0,0.0,,,,,0.0,1591,1524,,0,0,FAIL
2023.16,3,FAIL,0,0,NO_ORIGIN,0,0,1,1,1,1,0,0.0,,,,,0.0,1591,1524,,0,0,FAIL
2023.21,3,FAIL,0,0,NO_ORIGIN,0,0,1,1,1,1,0,0.0,,,,,0.0,1591,1524,,0,0,FAIL
2023.261,3,FAIL,0,0,NO_ORIGIN,0,0,1,1,1,1,0,0.0,,,,,0.0,1591,1524,,0,0,FAIL
2023.311,3,FAIL,0,0,NO_ORIGIN,0,0,1,1,1,1,0,0.0,,,,,0.0,1591,1524,,0,0,FAIL
2023.361,3,FAIL,0,0,NO_ORIGIN,0,0,1,1,1,1,0,0.0,,,,,0.0,1591,1524,,0,0,FAIL
2023.411,3,FAIL,0,0,NO_ORIGIN,0,0,1,1,1,1,0,0.0,,,,,0.0,1591,1524,,0,0,FAIL
2023.462,3,FAIL,0,0,NO_ORIGIN,0,0,1,1,1,1,0,0.0,,,,,0.0,1591,1524,,0,0,FAIL
2023.513,3,FAIL,0,0,NO_ORIGIN,0,0,1,1,1,1,0,0.0,,,,,0.0,1591,1524,,0,0,FAIL
2023.563,3,FAIL,0,0,NO_ORIGIN,0,0,1,1,1,1,0,0.0,,,,,0.0,1591,1524,,0,0,FAIL
2023.613,3,FAIL,0,0,NO_ORIGIN,0,0,1,1,1,1,0,0.0,,,,,0.0,1591,1524,,0,0,FAIL
2023.663,3,FAIL,0,0,NO_ORIGIN,0,0,1,1,1,1,0,0.0,,,,,0.0,1591,1524,,0,0,FAIL
2023.714,3,FAIL,0,0,NO_ORIGIN,0,0,1,1,1,1,0,0.0,,,,,0.0,1591,1524,,0,0,FAIL
2023.764,3,FAIL,0,0,NO_ORIGIN,0,0,1,1,1,1,0,0.0,,,,,0.0,1591,1524,,0,0,FAIL
2023.814,3,FAIL,0,0,NO_ORIGIN,0,0,1,1,1,1,0,0.0,,,,,0.0,1591,1524,,0,0,FAIL
2023.864,3,FAIL,0,0,NO_ORIGIN,0,0,1,1,1,1,0,0.0,,,,,0.0,1591,1524,,0,0,FAIL
2023.915,3,FAIL,0,0,NO_ORIGIN,0,0,1,1,1,1,0,0.0,,,,,0.0,1591,1524,,0,0,FAIL
2023.965,3,FAIL,0,0,NO_ORIGIN,0,0,1,1,1,1,0,0.0,,,,,0.0,1591,1524,,0,0,FAIL
2024.016,3,FAIL,0,0,NO_ORIGIN,0,0,1,1,1,1,0,0.0,,,,,0.0,1591,1524,,0,0,FAIL
2024.066,3,FAIL,0,0,NO_ORIGIN,0,0,1,1,1,1,0,0.0,,,,,0.0,1591,1524,,0,0,FAIL
2024.116,3,FAIL,0,0,NO_ORIGIN,0,0,1,1,1,1,0,0.0,,,,,0.0,1591,1524,,0,0,FAIL
2024.166,3,FAIL,0,0,NO_ORIGIN,0,0,1,1,1,1,0,0.0,,,,,0.0,1591,1524,,0,0,FAIL
2024.217,3,FAIL,0,0,NO_ORIGIN,0,0,1,1,1,1,0,0.0,,,,,0.0,1591,1524,,0,0,FAIL
2024.268,3,FAIL,0,0,NO_ORIGIN,0,0,1,1,1,1,0,0.0,,,,,0.0,1591,1524,,0,0,FAIL
2024.318,3,FAIL,0,0,NO_ORIGIN,0,0,1,1,1,1,0,0.0,,,,,0.0,1591,1524,,0,0,FAIL
2024.368,3,FAIL,0,0,NO_ORIGIN,0,0,1,1,1,1,0,0.0,,,,,0.0,1591,1524,,0,0,FAIL
2024.421,3,FAIL,0,0,NO_ORIGIN,0,0,1,1,1,1,0,0.0,,,,,0.0,1591,1524,,0,0,FAIL
2024.471,3,FAIL,0,0,NO_ORIGIN,0,0,1,1,1,1,0,0.0,,,,,0.0,1591,1524,,0,0,FAIL
2024.523,3,FAIL,0,0,NO_ORIGIN,0,0,1,1,1,1,0,0.0,,,,,0.0,1591,1524,,0,0,FAIL
2024.573,3,FAIL,0,0,NO_ORIGIN,0,0,1,1,1,1,0,0.0,,,,,0.0,1591,1524,,0,0,FAIL
2024.625,3,FAIL,0,0,NO_ORIGIN,0,0,1,1,1,1,0,0.0,,,,,0.0,1591,1524,,0,0,FAIL
2024.675,3,FAIL,0,0,NO_ORIGIN,0,0,1,1,1,1,0,0.0,,,,,0.0,1591,1524,,0,0,FAIL
2024.725,3,FAIL,0,0,NO_ORIGIN,0,0,1,1,1,1,0,0.0,,,,,0.0,1591,1524,,0,0,FAIL
2024.776,3,FAIL,0,0,NO_ORIGIN,0,0,1,1,1,1,0,0.0,,,,,0.0,1591,1524,,0,0,FAIL
2024.826,3,FAIL,0,0,NO_ORIGIN,0,0,1,1,1,1,0,0.0,,,,,0.0,1591,1524,,0,0,FAIL
2024.877,3,FAIL,0,0,NO_ORIGIN,0,0,1,1,1,1,0,0.0,,,,,0.0,1591,1524,,0,0,FAIL
2024.929,3,FAIL,0,0,NO_ORIGIN,0,0,1,1,1,1,0,0.0,,,,,0.0,1591,1524,,0,0,FAIL
2024.979,3,FAIL,0,0,NO_ORIGIN,0,0,1,1,1,1,0,0.0,,,,,0.0,1591,1524,,0,0,FAIL
2025.03,3,FAIL,0,0,NO_ORIGIN,0,0,1,1,1,1,0,0.0,,,,,0.0,1591,1524,,0,0,FAIL
2025.081,3,FAIL,0,0,NO_ORIGIN,0,0,1,1,1,1,0,0.0,,,,,0.0,1591,1524,,0,0,FAIL
2025.132,3,FAIL,0,0,NO_ORIGIN,0,0,1,1,1,1,0,0.0,,,,,0.0,1591,1524,,0,0,FAIL
2025.183,3,FAIL,0,0,NO_ORIGIN,0,0,1,1,1,1,0,0.0,,,,,0.0,1591,1524,,0,0,FAIL
2025.233,3,FAIL,0,0,NO_ORIGIN,0,0,1,1,1,1,0,0.0,,,,,0.0,1591,1524,,0,0,FAIL
2025.283,3,FAIL,0,0,NO_ORIGIN,0,0,1,1,1,1,0,0.0,,,,,0.0,1591,1524,,0,0,FAIL
2025.333,3,FAIL,0,0,NO_ORIGIN,0,0,1,1,1,1,0,0.0,,,,,0.0,1591,1524,,0,0,FAIL
2025.383,3,FAIL,0,0,NO_ORIGIN,0,0,1,1,1,1,0,0.0,,,,,0.0,1591,1524,,0,0,FAIL
2025.434,3,FAIL,0,0,NO_ORIGIN,0,0,1,1,1,1,0,0.0,,,,,0.0,1591,1524,,0,0,FAIL
2025.484,3,FAIL,0,0,NO_ORIGIN,0,0,1,1,1,1,0,0.0,,,,,0.0,1591,1524,,0,0,FAIL
2025.535,3,FAIL,0,0,NO_ORIGIN,0,0,1,1,1,1,0,0.0,,,,,0.0,1591,1524,,0,0,FAIL
2025.585,3,FAIL,0,0,NO_ORIGIN,0,0,1,1,1,1,0,0.0,,,,,0.0,1591,1524,,0,0,FAIL
2025.635,3,FAIL,0,0,NO_ORIGIN,0,0,1,1,1,1,0,0.0,,,,,0.0,1591,1524,,0,0,FAIL
2025.686,3,FAIL,0,0,NO_ORIGIN,0,0,1,1,1,1,0,0.0,,,,,0.0,1591,1524,,0,0,FAIL
2025.736,3,FAIL,0,0,NO_ORIGIN,0,0,1,1,1,1,0,0.0,,,,,0.0,1591,1524,,0,0,FAIL
2025.786,3,FAIL,0,0,NO_ORIGIN,0,0,1,1,1,1,0,0.0,,,,,0.0,1591,1524,,0,0,FAIL
2025.836,3,FAIL,0,0,NO_ORIGIN,0,0,1,1,1,1,0,0.0,,,,,0.0,1591,1524,,0,0,FAIL
2025.886,3,FAIL,0,0,NO_ORIGIN,0,0,1,1,1,1,0,0.0,,,,,0.0,1591,1524,,0,0,FAIL
2025.937,3,FAIL,0,0,NO_ORIGIN,0,0,1,1,1,1,0,0.0,,,,,0.0,1591,1524,,0,0,FAIL
2025.987,3,FAIL,0,0,NO_ORIGIN,0,0,1,1,1,1,0,0.0,,,,,0.0,1591,1524,,0,0,FAIL
2026.038,3,FAIL,0,0,NO_ORIGIN,0,0,1,1,1,1,0,0.0,,,,,0.0,1591,1524,,0,0,FAIL
2026.088,3,FAIL,0,0,NO_ORIGIN,0,0,1,1,1,1,0,0.0,,,,,0.0,1591,1524,,0,0,FAIL
2026.138,3,FAIL,0,0,NO_ORIGIN,0,0,1,1,1,1,0,0.0,,,,,0.0,1591,1524,,0,0,FAIL
2026.188,3,FAIL,0,0,NO_ORIGIN,0,0,1,1,1,1,0,0.0,,,,,0.0,1591,1524,,0,0,FAIL
2026.239,3,FAIL,0,0,NO_ORIGIN,0,0,1,1,1,1,0,0.0,,,,,0.0,1591,1524,,0,0,FAIL
2026.289,3,FAIL,0,0,NO_ORIGIN,0,0,1,1,1,1,0,0.0,,,,,0.0,1591,1524,,0,0,FAIL
2026.339,3,FAIL,0,0,NO_ORIGIN,0,0,1,1,1,1,0,0.0,,,,,0.0,1591,1524,,0,0,FAIL
2026.389,3,FAIL,0,0,NO_ORIGIN,0,0,1,1,1,1,0,0.0,,,,,0.0,1591,1524,,0,0,FAIL
2026.439,3,FAIL,0,0,NO_ORIGIN,0,0,1,1,1,1,0,0.0,,,,,0.0,1591,1524,,0,0,FAIL
2026.49,3,FAIL,0,0,NO_ORIGIN,0,0,1,1,1,1,0,0.0,,,,,0.0,1591,1524,,0,0,FAIL
2026.54,3,FAIL,0,0,NO_ORIGIN,0,0,1,1,1,1,0,0.0,,,,,0.0,1591,1524,,0,0,FAIL
2026.59,3,FAIL,0,0,NO_ORIGIN,0,0,1,1,1,1,0,0.0,,,,,0.0,1591,1524,,0,0,FAIL
2026.64,3,FAIL,0,0,NO_ORIGIN,0,0,1,1,1,1,0,0.0,,,,,0.0,1591,1524,,0,0,FAIL
2026.69,3,FAIL,0,0,NO_ORIGIN,0,0,1,1,1,1,0,0.0,,,,,0.0,1591,1524,,0,0,FAIL
2026.741,3,FAIL,0,0,NO_ORIGIN,0,0,1,1,1,1,0,0.0,,,,,0.0,1591,1524,,0,0,FAIL
2026.791,3,FAIL,0,0,NO_ORIGIN,0,0,1,1,1,1,0,0.0,,,,,0.0,1591,1524,,0,0,FAIL
2026.841,3,FAIL,0,0,NO_ORIGIN,0,0,1,1,1,1,0,0.0,,,,,0.0,1591,1524,,0,0,FAIL
2026.891,3,FAIL,0,0,NO_ORIGIN,0,0,1,1,1,1,0,0.0,,,,,0.0,1591,1524,,0,0,FAIL
2026.941,3,FAIL,0,0,NO_ORIGIN,0,0,1,1,1,1,0,0.0,,,,,0.0,1591,1524,,0,0,FAIL
2026.991,3,FAIL,0,0,NO_ORIGIN,0,0,1,1,1,1,0,0.0,,,,,0.0,1591,1524,,0,0,FAIL
2027.042,3,FAIL,0,0,NO_ORIGIN,0,0,1,1,1,1,0,0.0,,,,,0.0,1591,1524,,0,0,FAIL
2027.092,3,FAIL,0,0,NO_ORIGIN,0,0,1,1,1,1,0,0.0,,,,,0.0,1591,1524,,0,0,FAIL
2027.142,3,FAIL,0,0,NO_ORIGIN,0,0,1,1,1,1,0,0.0,,,,,0.0,1591,1524,,0,0,FAIL
2027.192,3,FAIL,0,0,NO_ORIGIN,0,0,1,1,1,1,0,0.0,,,,,0.0,1591,1524,,0,0,FAIL
2027.242,3,FAIL,0,0,NO_ORIGIN,0,0,1,1,1,1,0,0.0,,,,,0.0,1591,1524,,0,0,FAIL
2027.292,3,FAIL,0,0,NO_ORIGIN,0,0,1,1,1,1,0,0.0,,,,,0.0,1591,1524,,0,0,FAIL
2027.343,3,FAIL,0,0,NO_ORIGIN,0,0,1,1,1,1,0,0.0,,,,,0.0,1591,1524,,0,0,FAIL
2027.393,3,FAIL,0,0,NO_ORIGIN,0,0,1,1,1,1,0,0.0,,,,,0.0,1591,1524,,0,0,FAIL
2027.443,3,FAIL,0,0,NO_ORIGIN,0,0,1,1,1,1,0,0.0,,,,,0.0,1591,1524,,0,0,FAIL
2027.493,3,FAIL,0,0,NO_ORIGIN,0,0,1,1,1,1,0,0.0,,,,,0.0,1591,1524,,0,0,FAIL
2027.543,3,FAIL,0,0,NO_ORIGIN,0,0,1,1,1,1,0,0.0,,,,,0.0,1591,1524,,0,0,FAIL
2027.594,3,FAIL,0,0,NO_ORIGIN,0,0,1,1,1,1,0,0.0,,,,,0.0,1591,1524,,0,0,FAIL
2027.644,3,FAIL,0,0,NO_ORIGIN,0,0,1,1,1,1,0,0.0,,,,,0.0,1591,1524,,0,0,FAIL
2027.694,3,FAIL,0,0,NO_ORIGIN,0,0,1,1,1,1,0,0.0,,,,,0.0,1591,1524,,0,0,FAIL
2027.744,3,FAIL,0,0,NO_ORIGIN,0,0,1,1,1,1,0,0.0,,,,,0.0,1591,1524,,0,0,FAIL
2027.794,3,FAIL,0,0,NO_ORIGIN,0,0,1,1,1,1,0,0.0,,,,,0.0,1591,1524,,0,0,FAIL
2027.844,3,FAIL,0,0,NO_ORIGIN,0,0,1,1,1,1,0,0.0,,,,,0.0,1591,1524,,0,0,FAIL
2027.895,3,FAIL,0,0,NO_ORIGIN,0,0,1,1,1,1,0,0.0,,,,,0.0,1591,1524,,0,0,FAIL
2027.945,3,FAIL,0,0,NO_ORIGIN,0,0,1,1,1,1,0,0.0,,,,,0.0,1591,1524,,0,0,FAIL
2027.995,3,FAIL,0,0,NO_ORIGIN,0,0,1,1,1,1,0,0.0,,,,,0.0,1591,1524,,0,0,FAIL
2028.045,3,FAIL,0,0,NO_ORIGIN,0,0,1,1,1,1,0,0.0,,,,,0.0,1591,1524,,0,0,FAIL
2028.095,3,FAIL,0,0,NO_ORIGIN,0,0,1,1,1,1,0,0.0,,,,,0.0,1591,1524,,0,0,FAIL
2028.146,3,FAIL,0,0,NO_ORIGIN,0,0,1,1,1,1,0,0.0,,,,,0.0,1591,1524,,0,0,FAIL
2028.196,3,FAIL,0,0,NO_ORIGIN,0,0,1,1,1,1,0,0.0,,,,,0.0,1591,1524,,0,0,FAIL
2028.246,3,FAIL,0,0,NO_ORIGIN,0,0,1,1,1,1,0,0.0,,,,,0.0,1591,1524,,0,0,FAIL
2028.296,3,FAIL,0,0,NO_ORIGIN,0,0,1,1,1,1,0,0.0,,,,,0.0,1591,1524,,0,0,FAIL
2028.346,3,FAIL,0,0,NO_ORIGIN,0,0,1,1,1,1,0,0.0,,,,,0.0,1591,1524,,0,0,FAIL
2028.397,3,FAIL,0,0,NO_ORIGIN,0,0,1,1,1,1,0,0.0,,,,,0.0,1591,1524,,0,0,FAIL
2028.447,3,FAIL,0,0,NO_ORIGIN,0,0,1,1,1,1,0,0.0,,,,,0.0,1591,1524,,0,0,FAIL
2028.497,3,FAIL,0,0,NO_ORIGIN,0,0,1,1,1,1,0,0.0,,,,,0.0,1591,1524,,0,0,FAIL
2028.547,3,FAIL,0,0,NO_ORIGIN,0,0,1,1,1,1,0,0.0,,,,,0.0,1591,1524,,0,0,FAIL
2028.597,3,FAIL,0,0,NO_ORIGIN,0,0,1,1,1,1,0,0.0,,,,,0.0,1591,1524,,0,0,FAIL
2028.647,3,FAIL,0,0,NO_ORIGIN,0,0,1,1,1,1,0,0.0,,,,,0.0,1591,1524,,0,0,FAIL
2028.698,3,FAIL,0,0,NO_ORIGIN,0,0,1,1,1,1,0,0.0,,,,,0.0,1591,1524,,0,0,FAIL
2028.748,3,FAIL,0,0,NO_ORIGIN,0,0,1,1,1,1,0,0.0,,,,,0.0,1591,1524,,0,0,FAIL
2028.798,3,FAIL,0,0,NO_ORIGIN,0,0,1,1,1,1,0,0.0,,,,,0.0,1591,1524,,0,0,FAIL
2028.848,3,FAIL,0,0,NO_ORIGIN,0,0,1,1,1,1,0,0.0,,,,,0.0,1591,1524,,0,0,FAIL
2028.898,3,FAIL,0,0,NO_ORIGIN,0,0,1,1,1,1,0,0.0,,,,,0.0,1591,1524,,0,0,FAIL
2028.949,3,FAIL,0,0,NO_ORIGIN,0,0,1,1,1,1,0,0.0,,,,,0.0,1591,1524,,0,0,FAIL
2028.999,3,FAIL,0,0,NO_ORIGIN,0,0,1,1,1,1,0,0.0,,,,,0.0,1591,1524,,0,0,FAIL
2029.05,3,FAIL,0,0,NO_ORIGIN,0,0,1,1,1,1,0,0.0,,,,,0.0,1591,1524,,0,0,FAIL
2029.101,3,FAIL,0,0,NO_ORIGIN,0,0,1,1,1,1,0,0.0,,,,,0.0,1591,1524,,0,0,FAIL
2029.151,3,FAIL,0,0,NO_ORIGIN,0,0,1,1,1,1,0,0.0,,,,,0.0,1591,1524,,0,0,FAIL
2029.202,3,FAIL,0,0,NO_ORIGIN,0,0,1,1,1,1,0,0.0,,,,,0.0,1591,1524,,0,0,FAIL
2029.253,3,FAIL,0,0,NO_ORIGIN,0,0,1,1,1,1,0,0.0,,,,,0.0,1591,1524,,0,0,FAIL
2029.304,3,FAIL,0,0,NO_ORIGIN,0,0,1,1,1,1,0,0.0,,,,,0.0,1591,1524,,0,0,FAIL
2029.354,3,FAIL,0,0,NO_ORIGIN,0,0,1,1,1,1,0,0.0,,,,,0.0,1591,1524,,0,0,FAIL
2029.406,3,FAIL,0,0,NO_ORIGIN,0,0,1,1,1,1,0,0.0,,,,,0.0,1591,1524,,0,0,FAIL
2029.456,3,FAIL,0,0,NO_ORIGIN,0,0,1,1,1,1,0,0.0,,,,,0.0,1591,1524,,0,0,FAIL
2029.507,3,FAIL,0,0,NO_ORIGIN,0,0,1,1,1,1,0,0.0,,,,,0.0,1591,1524,,0,0,FAIL
2029.558,3,FAIL,0,0,NO_ORIGIN,0,0,1,1,1,1,0,0.0,,,,,0.0,1591,1524,,0,0,FAIL
2029.608,3,FAIL,0,0,NO_ORIGIN,0,0,1,1,1,1,0,0.0,,,,,0.0,1591,1524,,0,0,FAIL
2029.658,3,FAIL,0,0,NO_ORIGIN,0,0,1,1,1,1,0,0.0,,,,,0.0,1591,1524,,0,0,FAIL
2029.709,3,FAIL,0,0,NO_ORIGIN,0,0,1,1,1,1,0,0.0,,,,,0.0,1591,1524,,0,0,FAIL
2029.759,3,FAIL,0,0,NO_ORIGIN,0,0,1,1,1,1,0,0.0,,,,,0.0,1591,1524,,0,0,FAIL
2029.81,3,FAIL,0,0,NO_ORIGIN,0,0,1,1,1,1,0,0.0,,,,,0.0,1591,1524,,0,0,FAIL
2029.86,3,FAIL,0,0,NO_ORIGIN,0,0,1,1,1,1,0,0.0,,,,,0.0,1591,1524,,0,0,FAIL
2029.91,3,FAIL,0,0,NO_ORIGIN,0,0,1,1,1,1,0,0.0,,,,,0.0,1591,1524,,0,0,FAIL
2029.96,3,FAIL,0,0,NO_ORIGIN,0,0,1,1,1,1,0,0.0,,,,,0.0,1591,1524,,0,0,FAIL
2030.011,3,FAIL,0,0,NO_ORIGIN,0,0,1,1,1,1,0,0.0,,,,,0.0,1591,1524,,0,0,FAIL
2030.061,3,FAIL,0,0,NO_ORIGIN,0,0,1,1,1,1,0,0.0,,,,,0.0,1591,1524,,0,0,FAIL
2030.111,3,FAIL,0,0,NO_ORIGIN,0,0,1,1,1,1,0,0.0,,,,,0.0,1591,1524,,0,0,FAIL
2030.161,3,FAIL,0,0,NO_ORIGIN,0,0,1,1,1,1,0,0.0,,,,,0.0,1591,1524,,0,0,FAIL
2030.211,3,FAIL,0,0,NO_ORIGIN,0,0,1,1,1,1,0,0.0,,,,,0.0,1591,1524,,0,0,FAIL
2030.262,3,FAIL,0,0,NO_ORIGIN,0,0,1,1,1,1,0,0.0,,,,,0.0,1591,1524,,0,0,FAIL
2030.312,3,FAIL,0,0,NO_ORIGIN,0,0,1,1,1,1,0,0.0,,,,,0.0,1591,1524,,0,0,FAIL
2030.362,3,FAIL,0,0,NO_ORIGIN,0,0,1,1,1,1,0,0.0,,,,,0.0,1591,1524,,0,0,FAIL
2030.412,3,FAIL,0,0,NO_ORIGIN,0,0,1,1,1,1,0,0.0,,,,,0.0,1591,1524,,0,0,FAIL
2030.462,3,FAIL,0,0,NO_ORIGIN,0,0,1,1,1,1,0,0.0,,,,,0.0,1591,1524,,0,0,FAIL
2030.513,3,FAIL,0,0,NO_ORIGIN,0,0,1,1,1,1,0,0.0,,,,,0.0,1591,1524,,0,0,FAIL
2030.563,3,FAIL,0,0,NO_ORIGIN,0,0,1,1,1,1,0,0.0,,,,,0.0,1591,1524,,0,0,FAIL
2030.613,3,FAIL,0,0,NO_ORIGIN,0,0,1,1,1,1,0,0.0,,,,,0.0,1591,1524,,0,0,FAIL
2030.663,3,FAIL,0,0,NO_ORIGIN,0,0,1,1,1,1,0,0.0,,,,,0.0,1591,1524,,0,0,FAIL
2030.713,3,FAIL,0,0,NO_ORIGIN,0,0,1,1,1,1,0,0.0,,,,,0.0,1591,1524,,0,0,FAIL
2030.763,3,FAIL,0,0,NO_ORIGIN,0,0,1,1,1,1,0,0.0,,,,,0.0,1591,1524,,0,0,FAIL
2030.814,3,FAIL,0,0,NO_ORIGIN,0,0,1,1,1,1,0,0.0,,,,,0.0,1591,1524,,0,0,FAIL
2030.864,3,FAIL,0,0,NO_ORIGIN,0,0,1,1,1,1,0,0.0,,,,,0.0,1591,1524,,0,0,FAIL
2030.914,3,FAIL,0,0,NO_ORIGIN,0,0,1,1,1,1,0,0.0,,,,,0.0,1591,1524,,0,0,FAIL
2030.964,3,FAIL,0,0,NO_ORIGIN,0,0,1,1,1,1,0,0.0,,,,,0.0,1591,1524,,0,0,FAIL
2031.014,3,FAIL,0,0,NO_ORIGIN,0,0,1,1,1,1,0,0.0,,,,,0.0,1591,1524,,0,0,FAIL
2031.065,3,FAIL,0,0,NO_ORIGIN,0,0,1,1,1,1,0,0.0,,,,,0.0,1591,1524,,0,0,FAIL
2031.115,3,FAIL,0,0,NO_ORIGIN,0,0,1,1,1,1,0,0.0,,,,,0.0,1591,1524,,0,0,FAIL
2031.166,3,FAIL,0,0,NO_ORIGIN,0,0,1,1,1,1,0,0.0,,,,,0.0,1591,1524,,0,0,FAIL
2031.216,3,FAIL,0,0,NO_ORIGIN,0,0,1,1,1,1,0,0.0,,,,,0.0,1591,1524,,0,0,FAIL
2031.266,3,FAIL,0,0,NO_ORIGIN,0,0,1,1,1,1,0,0.0,,,,,0.0,1591,1524,,0,0,FAIL
2031.316,3,FAIL,0,0,NO_ORIGIN,0,0,1,1,1,1,0,0.0,,,,,0.0,1591,1524,,0,0,FAIL
2031.366,3,FAIL,0,0,NO_ORIGIN,0,0,1,1,1,1,0,0.0,,,,,0.0,1591,1524,,0,0,FAIL
2031.417,3,FAIL,0,0,NO_ORIGIN,0,0,1,1,1,1,0,0.0,,,,,0.0,1591,1524,,0,0,FAIL
2031.467,3,FAIL,0,0,NO_ORIGIN,0,0,1,1,1,1,0,0.0,,,,,0.0,1591,1524,,0,0,FAIL
2031.517,3,FAIL,0,0,NO_ORIGIN,0,0,1,1,1,1,0,0.0,,,,,0.0,1591,1524,,0,0,FAIL
2031.567,3,FAIL,0,0,NO_ORIGIN,0,0,1,1,1,1,0,0.0,,,,,0.0,1591,1524,,0,0,FAIL
2031.618,3,FAIL,0,0,NO_ORIGIN,0,0,1,1,1,1,0,0.0,,,,,0.0,1591,1524,,0,0,FAIL
2031.668,3,FAIL,0,0,NO_ORIGIN,0,0,1,1,1,1,0,0.0,,,,,0.0,1591,1524,,0,0,FAIL
2031.718,3,FAIL,0,0,NO_ORIGIN,0,0,1,1,1,1,0,0.0,,,,,0.0,1591,1524,,0,0,FAIL
2031.768,3,FAIL,0,0,NO_ORIGIN,0,0,1,1,1,1,0,0.0,,,,,0.0,1591,1524,,0,0,FAIL
2031.819,3,FAIL,0,0,NO_ORIGIN,0,0,1,1,1,1,0,0.0,,,,,0.0,1591,1524,,0,0,FAIL
2031.869,3,FAIL,0,0,NO_ORIGIN,0,0,1,1,1,1,0,0.0,,,,,0.0,1591,1524,,0,0,FAIL
2031.919,3,FAIL,0,0,NO_ORIGIN,0,0,1,1,1,1,0,0.0,,,,,0.0,1591,1524,,0,0,FAIL
2031.969,3,FAIL,0,0,NO_ORIGIN,0,0,1,1,1,1,0,0.0,,,,,0.0,1591,1524,,0,0,FAIL
2032.02,3,FAIL,0,0,NO_ORIGIN,0,0,1,1,1,1,0,0.0,,,,,0.0,1591,1524,,0,0,FAIL
2032.07,3,FAIL,0,0,NO_ORIGIN,0,0,1,1,1,1,0,0.0,,,,,0.0,1591,1524,,0,0,FAIL
2032.121,3,FAIL,0,0,NO_ORIGIN,0,0,1,1,1,1,0,0.0,,,,,0.0,1591,1524,,0,0,FAIL
2032.171,3,FAIL,0,0,NO_ORIGIN,0,0,1,1,1,1,0,0.0,,,,,0.0,1591,1524,,0,0,FAIL
2032.222,3,FAIL,0,0,NO_ORIGIN,0,0,1,1,1,1,0,0.0,,,,,0.0,1591,1524,,0,0,FAIL
2032.272,3,FAIL,0,0,NO_ORIGIN,0,0,1,1,1,1,0,0.0,,,,,0.0,1591,1524,,0,0,FAIL
2032.322,3,FAIL,0,0,NO_ORIGIN,0,0,1,1,1,1,0,0.0,,,,,0.0,1591,1524,,0,0,FAIL
2032.372,3,FAIL,0,0,NO_ORIGIN,0,0,1,1,1,1,0,0.0,,,,,0.0,1591,1524,,0,0,FAIL
2032.422,3,FAIL,0,0,NO_ORIGIN,0,0,1,1,1,1,0,0.0,,,,,0.0,1591,1524,,0,0,FAIL
2032.472,3,FAIL,0,0,NO_ORIGIN,0,0,1,1,1,1,0,0.0,,,,,0.0,1591,1524,,0,0,FAIL
2032.523,3,FAIL,0,0,NO_ORIGIN,0,0,1,1,1,1,0,0.0,,,,,0.0,1591,1524,,0,0,FAIL
2032.573,3,FAIL,0,0,NO_ORIGIN,0,0,1,1,1,1,0,0.0,,,,,0.0,1591,1524,,0,0,FAIL
2032.623,3,FAIL,0,0,NO_ORIGIN,0,0,1,1,1,1,0,0.0,,,,,0.0,1591,1524,,0,0,FAIL
2032.673,3,FAIL,0,0,NO_ORIGIN,0,0,1,1,1,1,0,0.0,,,,,0.0,1591,1524,,0,0,FAIL
2032.724,3,FAIL,0,0,NO_ORIGIN,0,0,1,1,1,1,0,0.0,,,,,0.0,1591,1524,,0,0,FAIL
2032.775,3,FAIL,0,0,NO_ORIGIN,0,0,1,1,1,1,0,0.0,,,,,0.0,1591,1524,,0,0,FAIL
2032.825,3,FAIL,0,0,NO_ORIGIN,0,0,1,1,1,1,0,0.0,,,,,0.0,1591,1524,,0,0,FAIL
2032.875,3,FAIL,0,0,NO_ORIGIN,0,0,1,1,1,1,0,0.0,,,,,0.0,1591,1524,,0,0,FAIL
2032.925,3,FAIL,0,0,NO_ORIGIN,0,0,1,1,1,1,0,0.0,,,,,0.0,1591,1524,,0,0,FAIL
2032.975,3,FAIL,0,0,NO_ORIGIN,0,0,1,1,1,1,0,0.0,,,,,0.0,1591,1524,,0,0,FAIL
2033.026,3,FAIL,0,0,NO_ORIGIN,0,0,1,1,1,1,0,0.0,,,,,0.0,1591,1524,,0,0,FAIL
2033.076,3,FAIL,0,0,NO_ORIGIN,0,0,1,1,1,1,0,0.0,,,,,0.0,1591,1524,,0,0,FAIL
2033.126,3,FAIL,0,0,NO_ORIGIN,0,0,1,1,1,1,0,0.0,,,,,0.0,1591,1524,,0,0,FAIL
2033.176,3,FAIL,0,0,NO_ORIGIN,0,0,1,1,1,1,0,0.0,,,,,0.0,1591,1524,,0,0,FAIL
2033.228,3,FAIL,0,0,NO_ORIGIN,0,0,1,1,1,1,0,0.0,,,,,0.0,1591,1524,,0,0,FAIL
2033.278,3,FAIL,0,0,NO_ORIGIN,0,0,1,1,1,1,0,0.0,,,,,0.0,1591,1524,,0,0,FAIL
2033.33,3,FAIL,0,0,NO_ORIGIN,0,0,1,1,1,1,0,0.0,,,,,0.0,1591,1524,,0,0,FAIL
2033.38,3,FAIL,0,0,NO_ORIGIN,0,0,1,1,1,1,0,0.0,,,,,0.0,1591,1524,,0,0,FAIL
2033.43,3,FAIL,0,0,NO_ORIGIN,0,0,1,1,1,1,0,0.0,,,,,0.0,1591,1524,,0,0,FAIL
2033.482,3,FAIL,0,0,NO_ORIGIN,0,0,1,1,1,1,0,0.0,,,,,0.0,1591,1524,,0,0,FAIL
2033.533,3,FAIL,0,0,NO_ORIGIN,0,0,1,1,1,1,0,0.0,,,,,0.0,1591,1524,,0,0,FAIL
2033.585,3,FAIL,0,0,NO_ORIGIN,0,0,1,1,1,1,0,0.0,,,,,0.0,1591,1524,,0,0,FAIL
2033.635,3,FAIL,0,0,NO_ORIGIN,0,0,1,1,1,1,0,0.0,,,,,0.0,1591,1524,,0,0,FAIL
2033.686,3,FAIL,0,0,NO_ORIGIN,0,0,1,1,1,1,0,0.0,,,,,0.0,1591,1524,,0,0,FAIL
2033.737,3,FAIL,0,0,NO_ORIGIN,0,0,1,1,1,1,0,0.0,,,,,0.0,1591,1524,,0,0,FAIL
2033.787,3,FAIL,0,0,NO_ORIGIN,0,0,1,1,1,1,0,0.0,,,,,0.0,1591,1524,,0,0,FAIL
2033.839,3,FAIL,0,0,NO_ORIGIN,0,0,1,1,1,1,0,0.0,,,,,0.0,1591,1524,,0,0,FAIL
2033.889,3,FAIL,0,0,NO_ORIGIN,0,0,1,1,1,1,0,0.0,,,,,0.0,1591,1524,,0,0,FAIL
2033.939,3,FAIL,0,0,NO_ORIGIN,0,0,1,1,1,1,0,0.0,,,,,0.0,1591,1524,,0,0,FAIL
2033.991,3,FAIL,0,0,NO_ORIGIN,0,0,1,1,1,1,0,0.0,,,,,0.0,1591,1524,,0,0,FAIL
2034.041,3,FAIL,0,0,NO_ORIGIN,0,0,1,1,1,1,0,0.0,,,,,0.0,1591,1524,,0,0,FAIL
2034.091,3,FAIL,0,0,NO_ORIGIN,0,0,1,1,1,1,0,0.0,,,,,0.0,1591,1524,,0,0,FAIL
2034.144,3,FAIL,0,0,NO_ORIGIN,0,0,1,1,1,1,0,0.0,,,,,0.0,1591,1524,,0,0,FAIL
2034.194,3,FAIL,0,0,NO_ORIGIN,0,0,1,1,1,1,0,0.0,,,,,0.0,1591,1524,,0,0,FAIL
2034.245,3,FAIL,0,0,NO_ORIGIN,0,0,1,1,1,1,0,0.0,,,,,0.0,1591,1524,,0,0,FAIL
2034.295,3,FAIL,0,0,NO_ORIGIN,0,0,1,1,1,1,0,0.0,,,,,0.0,1591,1524,,0,0,FAIL
2034.348,3,FAIL,0,0,NO_ORIGIN,0,0,1,1,1,1,0,0.0,,,,,0.0,1591,1524,,0,0,FAIL
2034.398,3,FAIL,0,0,NO_ORIGIN,0,0,1,1,1,1,0,0.0,,,,,0.0,1591,1524,,0,0,FAIL
2034.448,3,FAIL,0,0,NO_ORIGIN,0,0,1,1,1,1,0,0.0,,,,,0.0,1591,1524,,0,0,FAIL
2034.498,3,FAIL,0,0,NO_ORIGIN,0,0,1,1,1,1,0,0.0,,,,,0.0,1591,1524,,0,0,FAIL
2034.549,3,FAIL,0,0,NO_ORIGIN,0,0,1,1,1,1,0,0.0,,,,,0.0,1591,1524,,0,0,FAIL
2034.599,3,FAIL,0,0,NO_ORIGIN,0,0,1,1,1,1,0,0.0,,,,,0.0,1591,1524,,0,0,FAIL
2034.649,3,FAIL,0,0,NO_ORIGIN,0,0,1,1,1,1,0,0.0,,,,,0.0,1591,1524,,0,0,FAIL
2034.7,3,FAIL,0,0,NO_ORIGIN,0,0,1,1,1,1,0,0.0,,,,,0.0,1591,1524,,0,0,FAIL
2034.751,3,FAIL,0,0,NO_ORIGIN,0,0,1,1,1,1,0,0.0,,,,,0.0,1591,1524,,0,0,FAIL
2034.802,3,FAIL,0,0,NO_ORIGIN,0,0,1,1,1,1,0,0.0,,,,,0.0,1591,1524,,0,0,FAIL
2034.852,3,FAIL,0,0,NO_ORIGIN,0,0,1,1,1,1,0,0.0,,,,,0.0,1591,1524,,0,0,FAIL
2034.903,3,FAIL,0,0,NO_ORIGIN,0,0,1,1,1,1,0,0.0,,,,,0.0,1591,1524,,0,0,FAIL
2034.953,3,FAIL,0,0,NO_ORIGIN,0,0,1,1,1,1,0,0.0,,,,,0.0,1591,1524,,0,0,FAIL
2035.005,3,FAIL,0,0,NO_ORIGIN,0,0,1,1,1,1,0,0.0,,,,,0.0,1591,1524,,0,0,FAIL
2035.055,3,FAIL,0,0,NO_ORIGIN,0,0,1,1,1,1,0,0.0,,,,,0.0,1591,1524,,0,0,FAIL
2035.106,3,FAIL,0,0,NO_ORIGIN,0,0,1,1,1,1,0,0.0,,,,,0.0,1591,1524,,0,0,FAIL
2035.156,3,FAIL,0,0,NO_ORIGIN,0,0,1,1,1,1,0,0.0,,,,,0.0,1591,1524,,0,0,FAIL
2035.206,3,FAIL,0,0,NO_ORIGIN,0,0,1,1,1,1,0,0.0,,,,,0.0,1591,1524,,0,0,FAIL
2035.257,3,FAIL,0,0,NO_ORIGIN,0,0,1,1,1,1,0,0.0,,,,,0.0,1591,1524,,0,0,FAIL
2035.307,3,FAIL,0,0,NO_ORIGIN,0,0,1,1,1,1,0,0.0,,,,,0.0,1591,1524,,0,0,FAIL
2035.357,3,FAIL,0,0,NO_ORIGIN,0,0,1,1,1,1,0,0.0,,,,,0.0,1591,1524,,0,0,FAIL
2035.407,3,FAIL,0,0,NO_ORIGIN,0,0,1,1,1,1,0,0.0,,,,,0.0,1591,1524,,0,0,FAIL
2035.458,3,FAIL,0,0,NO_ORIGIN,0,0,1,1,1,1,0,0.0,,,,,0.0,1591,1524,,0,0,FAIL
2035.508,3,FAIL,0,0,NO_ORIGIN,0,0,1,1,1,1,0,0.0,,,,,0.0,1591,1524,,0,0,FAIL
2035.558,3,FAIL,0,0,NO_ORIGIN,0,0,1,1,1,1,0,0.0,,,,,0.0,1591,1524,,0,0,FAIL
2035.608,3,FAIL,0,0,NO_ORIGIN,0,0,1,1,1,1,0,0.0,,,,,0.0,1591,1524,,0,0,FAIL
2035.658,3,FAIL,0,0,NO_ORIGIN,0,0,1,1,1,1,0,0.0,,,,,0.0,1591,1524,,0,0,FAIL
2035.709,3,FAIL,0,0,NO_ORIGIN,0,0,1,1,1,1,0,0.0,,,,,0.0,1591,1524,,0,0,FAIL
2035.759,3,FAIL,0,0,NO_ORIGIN,0,0,1,1,1,1,0,0.0,,,,,0.0,1591,1524,,0,0,FAIL
2035.809,3,FAIL,0,0,NO_ORIGIN,0,0,1,1,1,1,0,0.0,,,,,0.0,1591,1524,,0,0,FAIL
2035.859,3,FAIL,0,0,NO_ORIGIN,0,0,1,1,1,1,0,0.0,,,,,0.0,1591,1524,,0,0,FAIL
2035.909,3,FAIL,0,0,NO_ORIGIN,0,0,1,1,1,1,0,0.0,,,,,0.0,1591,1524,,0,0,FAIL
2035.959,3,FAIL,0,0,NO_ORIGIN,0,0,1,1,1,1,0,0.0,,,,,0.0,1591,1524,,0,0,FAIL
2036.01,3,FAIL,0,0,NO_ORIGIN,0,0,1,1,1,1,0,0.0,,,,,0.0,1591,1524,,0,0,FAIL
2036.06,3,FAIL,0,0,NO_ORIGIN,0,0,1,1,1,1,0,0.0,,,,,0.0,1591,1524,,0,0,FAIL
2036.11,3,FAIL,0,0,NO_ORIGIN,0,0,1,1,1,1,0,0.0,,,,,0.0,1591,1524,,0,0,FAIL
2036.16,3,FAIL,0,0,NO_ORIGIN,0,0,1,1,1,1,0,0.0,,,,,0.0,1591,1524,,0,0,FAIL
2036.21,3,FAIL,0,0,NO_ORIGIN,0,0,1,1,1,1,0,0.0,,,,,0.0,1591,1524,,0,0,FAIL
2036.26,3,FAIL,0,0,NO_ORIGIN,0,0,1,1,1,1,0,0.0,,,,,0.0,1591,1524,,0,0,FAIL
2036.311,3,FAIL,0,0,NO_ORIGIN,0,0,1,1,1,1,0,0.0,,,,,0.0,1591,1524,,0,0,FAIL
2036.361,3,FAIL,0,0,NO_ORIGIN,0,0,1,1,1,1,0,0.0,,,,,0.0,1591,1524,,0,0,FAIL
2036.411,3,FAIL,0,0,NO_ORIGIN,0,0,1,1,1,1,0,0.0,,,,,0.0,1591,1524,,0,0,FAIL
2036.461,3,FAIL,0,0,NO_ORIGIN,0,0,1,1,1,1,0,0.0,,,,,0.0,1591,1524,,0,0,FAIL
2036.511,3,FAIL,0,0,NO_ORIGIN,0,0,1,1,1,1,0,0.0,,,,,0.0,1591,1524,,0,0,FAIL
2036.561,3,FAIL,0,0,NO_ORIGIN,0,0,1,1,1,1,0,0.0,,,,,0.0,1591,1524,,0,0,FAIL
2036.612,3,FAIL,0,0,NO_ORIGIN,0,0,1,1,1,1,0,0.0,,,,,0.0,1591,1524,,0,0,FAIL
2036.662,3,FAIL,0,0,NO_ORIGIN,0,0,1,1,1,1,0,0.0,,,,,0.0,1591,1524,,0,0,FAIL
2036.712,3,FAIL,0,0,NO_ORIGIN,0,0,1,1,1,1,0,0.0,,,,,0.0,1591,1524,,0,0,FAIL
2036.762,3,FAIL,0,0,NO_ORIGIN,0,0,1,1,1,1,0,0.0,,,,,0.0,1591,1524,,0,0,FAIL
2036.812,3,FAIL,0,0,NO_ORIGIN,0,0,1,1,1,1,0,0.0,,,,,0.0,1591,1524,,0,0,FAIL
2036.863,3,FAIL,0,0,NO_ORIGIN,0,0,1,1,1,1,0,0.0,,,,,0.0,1591,1524,,0,0,FAIL
2036.913,3,FAIL,0,0,NO_ORIGIN,0,0,1,1,1,1,0,0.0,,,,,0.0,1591,1524,,0,0,FAIL
2036.963,3,FAIL,0,0,NO_ORIGIN,0,0,1,1,1,1,0,0.0,,,,,0.0,1591,1524,,0,0,FAIL
2037.013,3,FAIL,0,0,NO_ORIGIN,0,0,1,1,1,1,0,0.0,,,,,0.0,1591,1524,,0,0,FAIL
2037.063,3,FAIL,0,0,NO_ORIGIN,0,0,1,1,1,1,0,0.0,,,,,0.0,1591,1524,,0,0,FAIL
2037.113,3,FAIL,0,0,NO_ORIGIN,0,0,1,1,1,1,0,0.0,,,,,0.0,1591,1524,,0,0,FAIL
2037.164,3,FAIL,0,0,NO_ORIGIN,0,0,1,1,1,1,0,0.0,,,,,0.0,1591,1524,,0,0,FAIL
2037.214,3,FAIL,0,0,NO_ORIGIN,0,0,1,1,1,1,0,0.0,,,,,0.0,1591,1524,,0,0,FAIL
2037.264,3,FAIL,0,0,NO_ORIGIN,0,0,1,1,1,1,0,0.0,,,,,0.0,1591,1524,,0,0,FAIL
2037.314,3,FAIL,0,0,NO_ORIGIN,0,0,1,1,1,1,0,0.0,,,,,0.0,1591,1524,,0,0,FAIL
2037.364,3,FAIL,0,0,NO_ORIGIN,0,0,1,1,1,1,0,0.0,,,,,0.0,1591,1524,,0,0,FAIL
2037.414,3,FAIL,0,0,NO_ORIGIN,0,0,1,1,1,1,0,0.0,,,,,0.0,1591,1524,,0,0,FAIL
2037.465,3,FAIL,0,0,NO_ORIGIN,0,0,1,1,1,1,0,0.0,,,,,0.0,1591,1524,,0,0,FAIL
2037.515,3,FAIL,0,0,NO_ORIGIN,0,0,1,1,1,1,0,0.0,,,,,0.0,1591,1524,,0,0,FAIL
2037.565,3,FAIL,0,0,NO_ORIGIN,0,0,1,1,1,1,0,0.0,,,,,0.0,1591,1524,,0,0,FAIL
2037.615,3,FAIL,0,0,NO_ORIGIN,0,0,1,1,1,1,0,0.0,,,,,0.0,1591,1524,,0,0,FAIL
2037.665,3,FAIL,0,0,NO_ORIGIN,0,0,1,1,1,1,0,0.0,,,,,0.0,1591,1524,,0,0,FAIL
2037.716,3,FAIL,0,0,NO_ORIGIN,0,0,1,1,1,1,0,0.0,,,,,0.0,1591,1524,,0,0,FAIL
2037.766,3,FAIL,0,0,NO_ORIGIN,0,0,1,1,1,1,0,0.0,,,,,0.0,1591,1524,,0,0,FAIL
2037.816,3,FAIL,0,0,NO_ORIGIN,0,0,1,1,1,1,0,0.0,,,,,0.0,1591,1524,,0,0,FAIL
2037.866,3,FAIL,0,0,NO_ORIGIN,0,0,1,1,1,1,0,0.0,,,,,0.0,1591,1524,,0,0,FAIL
2037.916,3,FAIL,0,0,NO_ORIGIN,0,0,1,1,1,1,0,0.0,,,,,0.0,1591,1524,,0,0,FAIL
2037.967,3,FAIL,0,0,NO_ORIGIN,0,0,1,1,1,1,0,0.0,,,,,0.0,1591,1524,,0,0,FAIL
2038.017,3,FAIL,0,0,NO_ORIGIN,0,0,1,1,1,1,0,0.0,,,,,0.0,1591,1524,,0,0,FAIL
2038.067,3,FAIL,0,0,NO_ORIGIN,0,0,1,1,1,1,0,0.0,,,,,0.0,1591,1524,,0,0,FAIL
2038.118,3,FAIL,0,0,NO_ORIGIN,0,0,1,1,1,1,0,0.0,,,,,0.0,1591,1524,,0,0,FAIL
2038.168,3,FAIL,0,0,NO_ORIGIN,0,0,1,1,1,1,0,0.0,,,,,0.0,1591,1524,,0,0,FAIL
2038.218,3,FAIL,0,0,NO_ORIGIN,0,0,1,1,1,1,0,0.0,,,,,0.0,1591,1524,,0,0,FAIL
2038.269,3,FAIL,0,0,NO_ORIGIN,0,0,1,1,1,1,0,0.0,,,,,0.0,1591,1524,,0,0,FAIL
2038.32,3,FAIL,0,0,NO_ORIGIN,0,0,1,1,1,1,0,0.0,,,,,0.0,1591,1524,,0,0,FAIL
2038.37,3,FAIL,0,0,NO_ORIGIN,0,0,1,1,1,1,0,0.0,,,,,0.0,1591,1524,,0,0,FAIL
2038.422,3,FAIL,0,0,NO_ORIGIN,0,0,1,1,1,1,0,0.0,,,,,0.0,1591,1524,,0,0,FAIL
2038.472,3,FAIL,0,0,NO_ORIGIN,0,0,1,1,1,1,0,0.0,,,,,0.0,1591,1524,,0,0,FAIL
2038.522,3,FAIL,0,0,NO_ORIGIN,0,0,1,1,1,1,0,0.0,,,,,0.0,1591,1524,,0,0,FAIL
2038.572,3,FAIL,0,0,NO_ORIGIN,0,0,1,1,1,1,0,0.0,,,,,0.0,1591,1524,,0,0,FAIL
2038.623,3,FAIL,0,0,NO_ORIGIN,0,0,1,1,1,1,0,0.0,,,,,0.0,1591,1524,,0,0,FAIL
2038.673,3,FAIL,0,0,NO_ORIGIN,0,0,1,1,1,1,0,0.0,,,,,0.0,1591,1524,,0,0,FAIL
2038.724,3,FAIL,0,0,NO_ORIGIN,0,0,1,1,1,1,0,0.0,,,,,0.0,1591,1524,,0,0,FAIL
2038.774,3,FAIL,0,0,NO_ORIGIN,0,0,1,1,1,1,0,0.0,,,,,0.0,1591,1524,,0,0,FAIL
2038.824,3,FAIL,0,0,NO_ORIGIN,0,0,1,1,1,1,0,0.0,,,,,0.0,1591,1524,,0,0,FAIL
2038.875,3,FAIL,0,0,NO_ORIGIN,0,0,1,1,1,1,0,0.0,,,,,0.0,1591,1524,,0,0,FAIL
2038.925,3,FAIL,0,0,NO_ORIGIN,0,0,1,1,1,1,0,0.0,,,,,0.0,1591,1524,,0,0,FAIL
2038.975,3,FAIL,0,0,NO_ORIGIN,0,0,1,1,1,1,0,0.0,,,,,0.0,1591,1524,,0,0,FAIL
2039.026,3,FAIL,0,0,NO_ORIGIN,0,0,1,1,1,1,0,0.0,,,,,0.0,1591,1524,,0,0,FAIL
2039.076,3,FAIL,0,0,NO_ORIGIN,0,0,1,1,1,1,0,0.0,,,,,0.0,1591,1524,,0,0,FAIL
2039.127,3,FAIL,0,0,NO_ORIGIN,0,0,1,1,1,1,0,0.0,,,,,0.0,1591,1524,,0,0,FAIL
2039.178,3,FAIL,0,0,NO_ORIGIN,0,0,1,1,1,1,0,0.0,,,,,0.0,1591,1524,,0,0,FAIL
2039.228,3,FAIL,0,0,NO_ORIGIN,0,0,1,1,1,1,0,0.0,,,,,0.0,1591,1524,,0,0,FAIL
2039.278,3,FAIL,0,0,NO_ORIGIN,0,0,1,1,1,1,0,0.0,,,,,0.0,1591,1524,,0,0,FAIL
2039.328,3,FAIL,0,0,NO_ORIGIN,0,0,1,1,1,1,0,0.0,,,,,0.0,1591,1524,,0,0,FAIL
2039.379,3,FAIL,0,0,NO_ORIGIN,0,0,1,1,1,1,0,0.0,,,,,0.0,1591,1524,,0,0,FAIL
2039.429,3,FAIL,0,0,NO_ORIGIN,0,0,1,1,1,1,0,0.0,,,,,0.0,1591,1524,,0,0,FAIL
2039.483,3,FAIL,0,0,NO_ORIGIN,0,0,1,1,1,1,0,0.0,,,,,0.0,1591,1524,,0,0,FAIL
2039.534,3,FAIL,0,0,NO_ORIGIN,0,0,1,1,1,1,0,0.0,,,,,0.0,1591,1524,,0,0,FAIL
2039.585,3,FAIL,0,0,NO_ORIGIN,0,0,1,1,1,1,0,0.0,,,,,0.0,1591,1524,,0,0,FAIL
2039.635,3,FAIL,0,0,NO_ORIGIN,0,0,1,1,1,1,0,0.0,,,,,0.0,1591,1524,,0,0,FAIL
2039.687,3,FAIL,0,0,NO_ORIGIN,0,0,1,1,1,1,0,0.0,,,,,0.0,1591,1524,,0,0,FAIL
2039.738,3,FAIL,0,0,NO_ORIGIN,0,0,1,1,1,1,0,0.0,,,,,0.0,1591,1524,,0,0,FAIL
2039.789,3,FAIL,0,0,NO_ORIGIN,0,0,1,1,1,1,0,0.0,,,,,0.0,1591,1524,,0,0,FAIL
2039.84,3,FAIL,0,0,NO_ORIGIN,0,0,1,1,1,1,0,0.0,,,,,0.0,1591,1524,,0,0,FAIL
2039.89,3,FAIL,0,0,NO_ORIGIN,0,0,1,1,1,1,0,0.0,,,,,0.0,1591,1524,,0,0,FAIL
2039.941,3,FAIL,0,0,NO_ORIGIN,0,0,1,1,1,1,0,0.0,,,,,0.0,1591,1524,,0,0,FAIL
2039.991,3,FAIL,0,0,NO_ORIGIN,0,0,1,1,1,1,0,0.0,,,,,0.0,1591,1524,,0,0,FAIL
2040.042,3,FAIL,0,0,NO_ORIGIN,0,0,1,1,1,1,0,0.0,,,,,0.0,1591,1524,,0,0,FAIL
2040.093,3,FAIL,0,0,NO_ORIGIN,0,0,1,1,1,1,0,0.0,,,,,0.0,1591,1524,,0,0,FAIL
2040.143,3,FAIL,0,0,NO_ORIGIN,0,0,1,1,1,1,0,0.0,,,,,0.0,1591,1524,,0,0,FAIL
2040.194,3,FAIL,0,0,NO_ORIGIN,0,0,1,1,1,1,0,0.0,,,,,0.0,1591,1524,,0,0,FAIL
2040.245,3,FAIL,0,0,NO_ORIGIN,0,0,1,1,1,1,0,0.0,,,,,0.0,1591,1524,,0,0,FAIL
2040.296,3,FAIL,0,0,NO_ORIGIN,0,0,1,1,1,1,0,0.0,,,,,0.0,1591,1524,,0,0,FAIL
2040.347,3,FAIL,0,0,NO_ORIGIN,0,0,1,1,1,1,0,0.0,,,,,0.0,1591,1524,,0,0,FAIL
2040.397,3,FAIL,0,0,NO_ORIGIN,0,0,1,1,1,1,0,0.0,,,,,0.0,1591,1524,,0,0,FAIL
2040.448,3,FAIL,0,0,NO_ORIGIN,0,0,1,1,1,1,0,0.0,,,,,0.0,1591,1524,,0,0,FAIL
2040.499,3,FAIL,0,0,NO_ORIGIN,0,0,1,1,1,1,0,0.0,,,,,0.0,1591,1524,,0,0,FAIL
2040.55,3,FAIL,0,0,NO_ORIGIN,0,0,1,1,1,1,0,0.0,,,,,0.0,1591,1524,,0,0,FAIL
2040.601,3,FAIL,0,0,NO_ORIGIN,0,0,1,1,1,1,0,0.0,,,,,0.0,1591,1524,,0,0,FAIL
2040.651,3,FAIL,0,0,NO_ORIGIN,0,0,1,1,1,1,0,0.0,,,,,0.0,1591,1524,,0,0,FAIL
2040.701,3,FAIL,0,0,NO_ORIGIN,0,0,1,1,1,1,0,0.0,,,,,0.0,1591,1524,,0,0,FAIL
2040.752,3,FAIL,0,0,NO_ORIGIN,0,0,1,1,1,1,0,0.0,,,,,0.0,1591,1524,,0,0,FAIL
2040.802,3,FAIL,0,0,NO_ORIGIN,0,0,1,1,1,1,0,0.0,,,,,0.0,1591,1524,,0,0,FAIL
2040.852,3,FAIL,0,0,NO_ORIGIN,0,0,1,1,1,1,0,0.0,,,,,0.0,1591,1524,,0,0,FAIL
2040.903,3,FAIL,0,0,NO_ORIGIN,0,0,1,1,1,1,0,0.0,,,,,0.0,1591,1524,,0,0,FAIL
2040.953,3,FAIL,0,0,NO_ORIGIN,0,0,1,1,1,1,0,0.0,,,,,0.0,1591,1524,,0,0,FAIL
2041.003,3,FAIL,0,0,NO_ORIGIN,0,0,1,1,1,1,0,0.0,,,,,0.0,1591,1524,,0,0,FAIL
2041.053,3,FAIL,0,0,NO_ORIGIN,0,0,1,1,1,1,0,0.0,,,,,0.0,1591,1524,,0,0,FAIL
2041.104,3,FAIL,0,0,NO_ORIGIN,0,0,1,1,1,1,0,0.0,,,,,0.0,1591,1524,,0,0,FAIL
2041.154,3,FAIL,0,0,NO_ORIGIN,0,0,1,1,1,1,0,0.0,,,,,0.0,1591,1524,,0,0,FAIL
2041.204,3,FAIL,0,0,NO_ORIGIN,0,0,1,1,1,1,0,0.0,,,,,0.0,1591,1524,,0,0,FAIL
2041.254,3,FAIL,0,0,NO_ORIGIN,0,0,1,1,1,1,0,0.0,,,,,0.0,1591,1524,,0,0,FAIL
2041.305,3,FAIL,0,0,NO_ORIGIN,0,0,1,1,1,1,0,0.0,,,,,0.0,1591,1524,,0,0,FAIL
2041.355,3,FAIL,0,0,NO_ORIGIN,0,0,1,1,1,1,0,0.0,,,,,0.0,1591,1524,,0,0,FAIL
2041.405,3,FAIL,0,0,NO_ORIGIN,0,0,1,1,1,1,0,0.0,,,,,0.0,1591,1524,,0,0,FAIL
2041.455,3,FAIL,0,0,NO_ORIGIN,0,0,1,1,1,1,0,0.0,,,,,0.0,1591,1524,,0,0,FAIL
2041.505,3,FAIL,0,0,NO_ORIGIN,0,0,1,1,1,1,0,0.0,,,,,0.0,1591,1524,,0,0,FAIL
2041.555,3,FAIL,0,0,NO_ORIGIN,0,0,1,1,1,1,0,0.0,,,,,0.0,1591,1524,,0,0,FAIL
2041.605,3,FAIL,0,0,NO_ORIGIN,0,0,1,1,1,1,0,0.0,,,,,0.0,1591,1524,,0,0,FAIL
2041.656,3,FAIL,0,0,NO_ORIGIN,0,0,1,1,1,1,0,0.0,,,,,0.0,1591,1524,,0,0,FAIL
2041.706,3,FAIL,0,0,NO_ORIGIN,0,0,1,1,1,1,0,0.0,,,,,0.0,1591,1524,,0,0,FAIL
2041.756,3,FAIL,0,0,NO_ORIGIN,0,0,1,1,1,1,0,0.0,,,,,0.0,1591,1524,,0,0,FAIL
2041.806,3,FAIL,0,0,NO_ORIGIN,0,0,1,1,1,1,0,0.0,,,,,0.0,1591,1524,,0,0,FAIL
2041.856,3,FAIL,0,0,NO_ORIGIN,0,0,1,1,1,1,0,0.0,,,,,0.0,1591,1524,,0,0,FAIL
2041.907,3,FAIL,0,0,NO_ORIGIN,0,0,1,1,1,1,0,0.0,,,,,0.0,1591,1524,,0,0,FAIL
2041.957,3,FAIL,0,0,NO_ORIGIN,0,0,1,1,1,1,0,0.0,,,,,0.0,1591,1524,,0,0,FAIL
2042.007,3,FAIL,0,0,NO_ORIGIN,0,0,1,1,1,1,0,0.0,,,,,0.0,1591,1524,,0,0,FAIL
2042.057,3,FAIL,0,0,NO_ORIGIN,0,0,1,1,1,1,0,0.0,,,,,0.0,1591,1524,,0,0,FAIL
2042.107,3,FAIL,0,0,NO_ORIGIN,0,0,1,1,1,1,0,0.0,,,,,0.0,1591,1524,,0,0,FAIL
2042.157,3,FAIL,0,0,NO_ORIGIN,0,0,1,1,1,1,0,0.0,,,,,0.0,1591,1524,,0,0,FAIL
2042.208,3,FAIL,0,0,NO_ORIGIN,0,0,1,1,1,1,0,0.0,,,,,0.0,1591,1524,,0,0,FAIL
2042.258,3,FAIL,0,0,NO_ORIGIN,0,0,1,1,1,1,0,0.0,,,,,0.0,1591,1524,,0,0,FAIL
2042.308,3,FAIL,0,0,NO_ORIGIN,0,0,1,1,1,1,0,0.0,,,,,0.0,1591,1524,,0,0,FAIL
2042.358,3,FAIL,0,0,NO_ORIGIN,0,0,1,1,1,1,0,0.0,,,,,0.0,1591,1524,,0,0,FAIL
2042.408,3,FAIL,0,0,NO_ORIGIN,0,0,1,1,1,1,0,0.0,,,,,0.0,1591,1524,,0,0,FAIL
2042.458,3,FAIL,0,0,NO_ORIGIN,0,0,1,1,1,1,0,0.0,,,,,0.0,1591,1524,,0,0,FAIL
2042.508,3,FAIL,0,0,NO_ORIGIN,0,0,1,1,1,1,0,0.0,,,,,0.0,1591,1524,,0,0,FAIL
2042.559,3,FAIL,0,0,NO_ORIGIN,0,0,1,1,1,1,0,0.0,,,,,0.0,1591,1524,,0,0,FAIL
2042.609,3,FAIL,0,0,NO_ORIGIN,0,0,1,1,1,1,0,0.0,,,,,0.0,1591,1524,,0,0,FAIL
2042.659,3,FAIL,0,0,NO_ORIGIN,0,0,1,1,1,1,0,0.0,,,,,0.0,1591,1524,,0,0,FAIL
2042.709,3,FAIL,0,0,NO_ORIGIN,0,0,1,1,1,1,0,0.0,,,,,0.0,1591,1524,,0,0,FAIL
2042.759,3,FAIL,0,0,NO_ORIGIN,0,0,1,1,1,1,0,0.0,,,,,0.0,1591,1524,,0,0,FAIL
2042.809,3,FAIL,0,0,NO_ORIGIN,0,0,1,1,1,1,0,0.0,,,,,0.0,1591,1524,,0,0,FAIL
2042.86,3,FAIL,0,0,NO_ORIGIN,0,0,1,1,1,1,0,0.0,,,,,0.0,1591,1524,,0,0,FAIL
2042.91,3,FAIL,0,0,NO_ORIGIN,0,0,1,1,1,1,0,0.0,,,,,0.0,1591,1524,,0,0,FAIL
2042.96,3,FAIL,0,0,NO_ORIGIN,0,0,1,1,1,1,0,0.0,,,,,0.0,1591,1524,,0,0,FAIL
2043.01,3,FAIL,0,0,NO_ORIGIN,0,0,1,1,1,1,0,0.0,,,,,0.0,1591,1524,,0,0,FAIL
2043.06,3,FAIL,0,0,NO_ORIGIN,0,0,1,1,1,1,0,0.0,,,,,0.0,1591,1524,,0,0,FAIL
2043.11,3,FAIL,0,0,NO_ORIGIN,0,0,1,1,1,1,0,0.0,,,,,0.0,1591,1524,,0,0,FAIL
2043.161,3,FAIL,0,0,NO_ORIGIN,0,0,1,1,1,1,0,0.0,,,,,0.0,1591,1524,,0,0,FAIL
2043.211,3,FAIL,0,0,NO_ORIGIN,0,0,1,1,1,1,0,0.0,,,,,0.0,1591,1524,,0,0,FAIL
2043.261,3,FAIL,0,0,NO_ORIGIN,0,0,1,1,1,1,0,0.0,,,,,0.0,1591,1524,,0,0,FAIL
2043.312,3,FAIL,0,0,NO_ORIGIN,0,0,1,1,1,1,0,0.0,,,,,0.0,1591,1524,,0,0,FAIL
2043.362,3,FAIL,0,0,NO_ORIGIN,0,0,1,1,1,1,0,0.0,,,,,0.0,1591,1524,,0,0,FAIL
2043.412,3,FAIL,0,0,NO_ORIGIN,0,0,1,1,1,1,0,0.0,,,,,0.0,1591,1524,,0,0,FAIL
2043.462,3,FAIL,0,0,NO_ORIGIN,0,0,1,1,1,1,0,0.0,,,,,0.0,1591,1524,,0,0,FAIL
2043.513,3,FAIL,0,0,NO_ORIGIN,0,0,1,1,1,1,0,0.0,,,,,0.0,1591,1524,,0,0,FAIL
2043.563,3,FAIL,0,0,NO_ORIGIN,0,0,1,1,1,1,0,0.0,,,,,0.0,1591,1524,,0,0,FAIL
2043.613,3,FAIL,0,0,NO_ORIGIN,0,0,1,1,1,1,0,0.0,,,,,0.0,1591,1524,,0,0,FAIL
2043.663,3,FAIL,0,0,NO_ORIGIN,0,0,1,1,1,1,0,0.0,,,,,0.0,1591,1524,,0,0,FAIL
2043.713,3,FAIL,0,0,NO_ORIGIN,0,0,1,1,1,1,0,0.0,,,,,0.0,1591,1524,,0,0,FAIL
2043.764,3,FAIL,0,0,NO_ORIGIN,0,0,1,1,1,1,0,0.0,,,,,0.0,1591,1524,,0,0,FAIL
2043.814,3,FAIL,0,0,NO_ORIGIN,0,0,1,1,1,1,0,0.0,,,,,0.0,1591,1524,,0,0,FAIL
2043.864,3,FAIL,0,0,NO_ORIGIN,0,0,1,1,1,1,0,0.0,,,,,0.0,1591,1524,,0,0,FAIL
2043.915,3,FAIL,0,0,NO_ORIGIN,0,0,1,1,1,1,0,0.0,,,,,0.0,1591,1524,,0,0,FAIL
2043.965,3,FAIL,0,0,NO_ORIGIN,0,0,1,1,1,1,0,0.0,,,,,0.0,1591,1524,,0,0,FAIL
2044.015,3,FAIL,0,0,NO_ORIGIN,0,0,1,1,1,1,0,0.0,,,,,0.0,1591,1524,,0,0,FAIL
2044.065,3,FAIL,0,0,NO_ORIGIN,0,0,1,1,1,1,0,0.0,,,,,0.0,1591,1524,,0,0,FAIL
2044.116,3,FAIL,0,0,NO_ORIGIN,0,0,1,1,1,1,0,0.0,,,,,0.0,1591,1524,,0,0,FAIL
2044.166,3,FAIL,0,0,NO_ORIGIN,0,0,1,1,1,1,0,0.0,,,,,0.0,1591,1524,,0,0,FAIL
2044.216,3,FAIL,0,0,NO_ORIGIN,0,0,1,1,1,1,0,0.0,,,,,0.0,1591,1524,,0,0,FAIL
2044.266,3,FAIL,0,0,NO_ORIGIN,0,0,1,1,1,1,0,0.0,,,,,0.0,1591,1524,,0,0,FAIL
2044.316,3,FAIL,0,0,NO_ORIGIN,0,0,1,1,1,1,0,0.0,,,,,0.0,1591,1524,,0,0,FAIL
2044.366,3,FAIL,0,0,NO_ORIGIN,0,0,1,1,1,1,0,0.0,,,,,0.0,1591,1524,,0,0,FAIL
2044.417,3,FAIL,0,0,NO_ORIGIN,0,0,1,1,1,1,0,0.0,,,,,0.0,1591,1524,,0,0,FAIL
2044.467,3,FAIL,0,0,NO_ORIGIN,0,0,1,1,1,1,0,0.0,,,,,0.0,1591,1524,,0,0,FAIL
2044.518,3,FAIL,0,0,NO_ORIGIN,0,0,1,1,1,1,0,0.0,,,,,0.0,1591,1524,,0,0,FAIL
2044.568,3,FAIL,0,0,NO_ORIGIN,0,0,1,1,1,1,0,0.0,,,,,0.0,1591,1524,,0,0,FAIL
2044.62,3,FAIL,0,0,NO_ORIGIN,0,0,1,1,1,1,0,0.0,,,,,0.0,1591,1524,,0,0,FAIL
2044.67,3,FAIL,0,0,NO_ORIGIN,0,0,1,1,1,1,0,0.0,,,,,0.0,1591,1524,,0,0,FAIL
2044.72,3,FAIL,0,0,NO_ORIGIN,0,0,1,1,1,1,0,0.0,,,,,0.0,1591,1524,,0,0,FAIL
2044.77,3,FAIL,0,0,NO_ORIGIN,0,0,1,1,1,1,0,0.0,,,,,0.0,1591,1524,,0,0,FAIL
2044.822,3,FAIL,0,0,NO_ORIGIN,0,0,1,1,1,1,0,0.0,,,,,0.0,1591,1524,,0,0,FAIL
2044.872,3,FAIL,0,0,NO_ORIGIN,0,0,1,1,1,1,0,0.0,,,,,0.0,1591,1524,,0,0,FAIL
2044.923,3,FAIL,0,0,NO_ORIGIN,0,0,1,1,1,1,0,0.0,,,,,0.0,1591,1524,,0,0,FAIL
2044.973,3,FAIL,0,0,NO_ORIGIN,0,0,1,1,1,1,0,0.0,,,,,0.0,1591,1524,,0,0,FAIL
2045.026,3,FAIL,0,0,NO_ORIGIN,0,0,1,1,1,1,0,0.0,,,,,0.0,1591,1524,,0,0,FAIL
2045.076,3,FAIL,0,0,NO_ORIGIN,0,0,1,1,1,1,0,0.0,,,,,0.0,1591,1524,,0,0,FAIL
2045.126,3,FAIL,0,0,NO_ORIGIN,0,0,1,1,1,1,0,0.0,,,,,0.0,1591,1524,,0,0,FAIL
2045.177,3,FAIL,0,0,NO_ORIGIN,0,0,1,1,1,1,0,0.0,,,,,0.0,1591,1524,,0,0,FAIL
2045.228,3,FAIL,0,0,NO_ORIGIN,0,0,1,1,1,1,0,0.0,,,,,0.0,1591,1524,,0,0,FAIL
2045.278,3,FAIL,0,0,NO_ORIGIN,0,0,1,1,1,1,0,0.0,,,,,0.0,1591,1524,,0,0,FAIL
2045.328,3,FAIL,0,0,NO_ORIGIN,0,0,1,1,1,1,0,0.0,,,,,0.0,1591,1524,,0,0,FAIL
2045.378,3,FAIL,0,0,NO_ORIGIN,0,0,1,1,1,1,0,0.0,,,,,0.0,1591,1524,,0,0,FAIL
2045.429,3,FAIL,0,0,NO_ORIGIN,0,0,1,1,1,1,0,0.0,,,,,0.0,1591,1524,,0,0,FAIL
2045.479,3,FAIL,0,0,NO_ORIGIN,0,0,1,1,1,1,0,0.0,,,,,0.0,1591,1524,,0,0,FAIL
2045.529,3,FAIL,0,0,NO_ORIGIN,0,0,1,1,1,1,0,0.0,,,,,0.0,1591,1524,,0,0,FAIL
2045.579,3,FAIL,0,0,NO_ORIGIN,0,0,1,1,1,1,0,0.0,,,,,0.0,1591,1524,,0,0,FAIL
2045.629,3,FAIL,0,0,NO_ORIGIN,0,0,1,1,1,1,0,0.0,,,,,0.0,1591,1524,,0,0,FAIL
2045.679,3,FAIL,0,0,NO_ORIGIN,0,0,1,1,1,1,0,0.0,,,,,0.0,1591,1524,,0,0,FAIL
2045.73,3,FAIL,0,0,NO_ORIGIN,0,0,1,1,1,1,0,0.0,,,,,0.0,1591,1524,,0,0,FAIL
2045.78,3,FAIL,0,0,NO_ORIGIN,0,0,1,1,1,1,0,0.0,,,,,0.0,1591,1524,,0,0,FAIL
2045.83,3,FAIL,0,0,NO_ORIGIN,0,0,1,1,1,1,0,0.0,,,,,0.0,1591,1524,,0,0,FAIL
2045.88,3,FAIL,0,0,NO_ORIGIN,0,0,1,1,1,1,0,0.0,,,,,0.0,1591,1524,,0,0,FAIL
2045.93,3,FAIL,0,0,NO_ORIGIN,0,0,1,1,1,1,0,0.0,,,,,0.0,1591,1524,,0,0,FAIL
2045.981,3,FAIL,0,0,NO_ORIGIN,0,0,1,1,1,1,0,0.0,,,,,0.0,1591,1524,,0,0,FAIL
2046.031,3,FAIL,0,0,NO_ORIGIN,0,0,1,1,1,1,0,0.0,,,,,0.0,1591,1524,,0,0,FAIL
2046.081,3,FAIL,0,0,NO_ORIGIN,0,0,1,1,1,1,0,0.0,,,,,0.0,1591,1524,,0,0,FAIL
2046.131,3,FAIL,0,0,NO_ORIGIN,0,0,1,1,1,1,0,0.0,,,,,0.0,1591,1524,,0,0,FAIL
2046.181,3,FAIL,0,0,NO_ORIGIN,0,0,1,1,1,1,0,0.0,,,,,0.0,1591,1524,,0,0,FAIL
2046.232,3,FAIL,0,0,NO_ORIGIN,0,0,1,1,1,1,0,0.0,,,,,0.0,1591,1524,,0,0,FAIL
2046.282,3,FAIL,0,0,NO_ORIGIN,0,0,1,1,1,1,0,0.0,,,,,0.0,1591,1524,,0,0,FAIL
2046.332,3,FAIL,0,0,NO_ORIGIN,0,0,1,1,1,1,0,0.0,,,,,0.0,1591,1524,,0,0,FAIL
2046.382,3,FAIL,0,0,NO_ORIGIN,0,0,1,1,1,1,0,0.0,,,,,0.0,1591,1524,,0,0,FAIL
2046.434,3,FAIL,0,0,NO_ORIGIN,0,0,1,1,1,1,0,0.0,,,,,0.0,1591,1524,,0,0,FAIL
2046.485,3,FAIL,0,0,NO_ORIGIN,0,0,1,1,1,1,0,0.0,,,,,0.0,1591,1524,,0,0,FAIL
2046.536,3,FAIL,0,0,NO_ORIGIN,0,0,1,1,1,1,0,0.0,,,,,0.0,1591,1524,,0,0,FAIL
2046.586,3,FAIL,0,0,NO_ORIGIN,0,0,1,1,1,1,0,0.0,,,,,0.0,1591,1524,,0,0,FAIL
2046.636,3,FAIL,0,0,NO_ORIGIN,0,0,1,1,1,1,0,0.0,,,,,0.0,1591,1524,,0,0,FAIL
2046.686,3,FAIL,0,0,NO_ORIGIN,0,0,1,1,1,1,0,0.0,,,,,0.0,1591,1524,,0,0,FAIL
2046.736,3,FAIL,0,0,NO_ORIGIN,0,0,1,1,1,1,0,0.0,,,,,0.0,1591,1524,,0,0,FAIL
2046.786,3,FAIL,0,0,NO_ORIGIN,0,0,1,1,1,1,0,0.0,,,,,0.0,1591,1524,,0,0,FAIL
2046.837,3,FAIL,0,0,NO_ORIGIN,0,0,1,1,1,1,0,0.0,,,,,0.0,1591,1524,,0,0,FAIL
2046.887,3,FAIL,0,0,NO_ORIGIN,0,0,1,1,1,1,0,0.0,,,,,0.0,1591,1524,,0,0,FAIL
2046.937,3,FAIL,0,0,NO_ORIGIN,0,0,1,1,1,1,0,0.0,,,,,0.0,1591,1524,,0,0,FAIL
2046.987,3,FAIL,0,0,NO_ORIGIN,0,0,1,1,1,1,0,0.0,,,,,0.0,1591,1524,,0,0,FAIL
2047.037,3,FAIL,0,0,NO_ORIGIN,0,0,1,1,1,1,0,0.0,,,,,0.0,1591,1524,,0,0,FAIL
2047.088,3,FAIL,0,0,NO_ORIGIN,0,0,1,1,1,1,0,0.0,,,,,0.0,1591,1524,,0,0,FAIL
2047.138,3,FAIL,0,0,NO_ORIGIN,0,0,1,1,1,1,0,0.0,,,,,0.0,1591,1524,,0,0,FAIL
2047.188,3,FAIL,0,0,NO_ORIGIN,0,0,1,1,1,1,0,0.0,,,,,0.0,1591,1524,,0,0,FAIL
2047.238,3,FAIL,0,0,NO_ORIGIN,0,0,1,1,1,1,0,0.0,,,,,0.0,1591,1524,,0,0,FAIL
2047.288,3,FAIL,0,0,NO_ORIGIN,0,0,1,1,1,1,0,0.0,,,,,0.0,1591,1524,,0,0,FAIL
2047.338,3,FAIL,0,0,NO_ORIGIN,0,0,1,1,1,1,0,0.0,,,,,0.0,1591,1524,,0,0,FAIL
2047.389,3,FAIL,0,0,NO_ORIGIN,0,0,1,1,1,1,0,0.0,,,,,0.0,1591,1524,,0,0,FAIL
2047.439,3,FAIL,0,0,NO_ORIGIN,0,0,1,1,1,1,0,0.0,,,,,0.0,1591,1524,,0,0,FAIL
2047.489,3,FAIL,0,0,NO_ORIGIN,0,0,1,1,1,1,0,0.0,,,,,0.0,1591,1524,,0,0,FAIL
2047.539,3,FAIL,0,0,NO_ORIGIN,0,0,1,1,1,1,0,0.0,,,,,0.0,1591,1524,,0,0,FAIL
2047.589,3,FAIL,0,0,NO_ORIGIN,0,0,1,1,1,1,0,0.0,,,,,0.0,1591,1524,,0,0,FAIL
2047.639,3,FAIL,0,0,NO_ORIGIN,0,0,1,1,1,1,0,0.0,,,,,0.0,1591,1524,,0,0,FAIL
2047.69,3,FAIL,0,0,NO_ORIGIN,0,0,1,1,1,1,0,0.0,,,,,0.0,1591,1524,,0,0,FAIL
2047.74,3,FAIL,0,0,NO_ORIGIN,0,0,1,1,1,1,0,0.0,,,,,0.0,1591,1524,,0,0,FAIL
2047.79,3,FAIL,0,0,NO_ORIGIN,0,0,1,1,1,1,0,0.0,,,,,0.0,1591,1524,,0,0,FAIL
2047.84,3,FAIL,0,0,NO_ORIGIN,0,0,1,1,1,1,0,0.0,,,,,0.0,1591,1524,,0,0,FAIL
2047.89,3,FAIL,0,0,NO_ORIGIN,0,0,1,1,1,1,0,0.0,,,,,0.0,1591,1524,,0,0,FAIL
2047.94,3,FAIL,0,0,NO_ORIGIN,0,0,1,1,1,1,0,0.0,,,,,0.0,1591,1524,,0,0,FAIL
2047.991,3,FAIL,0,0,NO_ORIGIN,0,0,1,1,1,1,0,0.0,,,,,0.0,1591,1524,,0,0,FAIL
2048.041,3,FAIL,0,0,NO_ORIGIN,0,0,1,1,1,1,0,0.0,,,,,0.0,1591,1524,,0,0,FAIL
2048.091,3,FAIL,0,0,NO_ORIGIN,0,0,1,1,1,1,0,0.0,,,,,0.0,1591,1524,,0,0,FAIL
2048.141,3,FAIL,0,0,NO_ORIGIN,0,0,1,1,1,1,0,0.0,,,,,0.0,1591,1524,,0,0,FAIL
2048.191,3,FAIL,0,0,NO_ORIGIN,0,0,1,1,1,1,0,0.0,,,,,0.0,1591,1524,,0,0,FAIL
2048.242,3,FAIL,0,0,NO_ORIGIN,0,0,1,1,1,1,0,0.0,,,,,0.0,1591,1524,,0,0,FAIL
2048.292,3,FAIL,0,0,NO_ORIGIN,0,0,1,1,1,1,0,0.0,,,,,0.0,1591,1524,,0,0,FAIL
2048.343,3,FAIL,0,0,NO_ORIGIN,0,0,1,1,1,1,0,0.0,,,,,0.0,1591,1524,,0,0,FAIL
2048.393,3,FAIL,0,0,NO_ORIGIN,0,0,1,1,1,1,0,0.0,,,,,0.0,1591,1524,,0,0,FAIL
2048.444,3,FAIL,0,0,NO_ORIGIN,0,0,1,1,1,1,0,0.0,,,,,0.0,1591,1524,,0,0,FAIL
2048.494,3,FAIL,0,0,NO_ORIGIN,0,0,1,1,1,1,0,0.0,,,,,0.0,1591,1524,,0,0,FAIL
2048.544,3,FAIL,0,0,NO_ORIGIN,0,0,1,1,1,1,0,0.0,,,,,0.0,1591,1524,,0,0,FAIL
2048.594,3,FAIL,0,0,NO_ORIGIN,0,0,1,1,1,1,0,0.0,,,,,0.0,1591,1524,,0,0,FAIL
2048.644,3,FAIL,0,0,NO_ORIGIN,0,0,1,1,1,1,0,0.0,,,,,0.0,1591,1524,,0,0,FAIL
2048.694,3,FAIL,0,0,NO_ORIGIN,0,0,1,1,1,1,0,0.0,,,,,0.0,1591,1524,,0,0,FAIL
2048.744,3,FAIL,0,0,NO_ORIGIN,0,0,1,1,1,1,0,0.0,,,,,0.0,1591,1524,,0,0,FAIL
2048.795,3,FAIL,0,0,NO_ORIGIN,0,0,1,1,1,1,0,0.0,,,,,0.0,1591,1524,,0,0,FAIL
2048.845,3,FAIL,0,0,NO_ORIGIN,0,0,1,1,1,1,0,0.0,,,,,0.0,1591,1524,,0,0,FAIL
2048.895,3,FAIL,0,0,NO_ORIGIN,0,0,1,1,1,1,0,0.0,,,,,0.0,1591,1524,,0,0,FAIL
2048.945,3,FAIL,0,0,NO_ORIGIN,0,0,1,1,1,1,0,0.0,,,,,0.0,1591,1524,,0,0,FAIL
2048.995,3,FAIL,0,0,NO_ORIGIN,0,0,1,1,1,1,0,0.0,,,,,0.0,1591,1524,,0,0,FAIL
2049.046,3,FAIL,0,0,NO_ORIGIN,0,0,1,1,1,1,0,0.0,,,,,0.0,1591,1524,,0,0,FAIL
2049.096,3,FAIL,0,0,NO_ORIGIN,0,0,1,1,1,1,0,0.0,,,,,0.0,1591,1524,,0,0,FAIL
2049.146,3,FAIL,0,0,NO_ORIGIN,0,0,1,1,1,1,0,0.0,,,,,0.0,1591,1524,,0,0,FAIL
2049.196,3,FAIL,0,0,NO_ORIGIN,0,0,1,1,1,1,0,0.0,,,,,0.0,1591,1524,,0,0,FAIL
2049.248,3,FAIL,0,0,NO_ORIGIN,0,0,1,1,1,1,0,0.0,,,,,0.0,1591,1524,,0,0,FAIL
2049.298,3,FAIL,0,0,NO_ORIGIN,0,0,1,1,1,1,0,0.0,,,,,0.0,1591,1524,,0,0,FAIL
2049.348,3,FAIL,0,0,NO_ORIGIN,0,0,1,1,1,1,0,0.0,,,,,0.0,1591,1524,,0,0,FAIL
2049.399,3,FAIL,0,0,NO_ORIGIN,0,0,1,1,1,1,0,0.0,,,,,0.0,1591,1524,,0,0,FAIL
2049.449,3,FAIL,0,0,NO_ORIGIN,0,0,1,1,1,1,0,0.0,,,,,0.0,1591,1524,,0,0,FAIL
2049.5,3,FAIL,0,0,NO_ORIGIN,0,0,1,1,1,1,0,0.0,,,,,0.0,1591,1524,,0,0,FAIL
2049.551,3,FAIL,0,0,NO_ORIGIN,0,0,1,1,1,1,0,0.0,,,,,0.0,1591,1524,,0,0,FAIL
2049.603,3,FAIL,0,0,NO_ORIGIN,0,0,1,1,1,1,0,0.0,,,,,0.0,1591,1524,,0,0,FAIL
2049.653,3,FAIL,0,0,NO_ORIGIN,0,0,1,1,1,1,0,0.0,,,,,0.0,1591,1524,,0,0,FAIL
2049.703,3,FAIL,0,0,NO_ORIGIN,0,0,1,1,1,1,0,0.0,,,,,0.0,1591,1524,,0,0,FAIL
2049.753,3,FAIL,0,0,NO_ORIGIN,0,0,1,1,1,1,0,0.0,,,,,0.0,1591,1524,,0,0,FAIL
2049.804,3,FAIL,0,0,NO_ORIGIN,0,0,1,1,1,1,0,0.0,,,,,0.0,1591,1524,,0,0,FAIL
2049.854,3,FAIL,0,0,NO_ORIGIN,0,0,1,1,1,1,0,0.0,,,,,0.0,1591,1524,,0,0,FAIL
2049.905,3,FAIL,0,0,NO_ORIGIN,0,0,1,1,1,1,0,0.0,,,,,0.0,1591,1524,,0,0,FAIL
2049.955,3,FAIL,0,0,NO_ORIGIN,0,0,1,1,1,1,0,0.0,,,,,0.0,1591,1524,,0,0,FAIL
2050.007,3,FAIL,0,0,NO_ORIGIN,0,0,1,1,1,1,0,0.0,,,,,0.0,1591,1524,,0,0,FAIL
2050.057,3,FAIL,0,0,NO_ORIGIN,0,0,1,1,1,1,0,0.0,,,,,0.0,1591,1524,,0,0,FAIL
2050.107,3,FAIL,0,0,NO_ORIGIN,0,0,1,1,1,1,0,0.0,,,,,0.0,1591,1524,,0,0,FAIL
2050.158,3,FAIL,0,0,NO_ORIGIN,0,0,1,1,1,1,0,0.0,,,,,0.0,1591,1524,,0,0,FAIL
2050.208,3,FAIL,0,0,NO_ORIGIN,0,0,1,1,1,1,0,0.0,,,,,0.0,1591,1524,,0,0,FAIL
2050.259,3,FAIL,0,0,NO_ORIGIN,0,0,1,1,1,1,0,0.0,,,,,0.0,1591,1524,,0,0,FAIL
2050.309,3,FAIL,0,0,NO_ORIGIN,0,0,1,1,1,1,0,0.0,,,,,0.0,1591,1524,,0,0,FAIL
2050.36,3,FAIL,0,0,NO_ORIGIN,0,0,1,1,1,1,0,0.0,,,,,0.0,1591,1524,,0,0,FAIL
2050.41,3,FAIL,0,0,NO_ORIGIN,0,0,1,1,1,1,0,0.0,,,,,0.0,1591,1524,,0,0,FAIL
2050.46,3,FAIL,0,0,NO_ORIGIN,0,0,1,1,1,1,0,0.0,,,,,0.0,1591,1524,,0,0,FAIL
2050.511,3,FAIL,0,0,NO_ORIGIN,0,0,1,1,1,1,0,0.0,,,,,0.0,1591,1524,,0,0,FAIL
2050.561,3,FAIL,0,0,NO_ORIGIN,0,0,1,1,1,1,0,0.0,,,,,0.0,1591,1524,,0,0,FAIL
2050.611,3,FAIL,0,0,NO_ORIGIN,0,0,1,1,1,1,0,0.0,,,,,0.0,1591,1524,,0,0,FAIL
2050.661,3,FAIL,0,0,NO_ORIGIN,0,0,1,1,1,1,0,0.0,,,,,0.0,1591,1524,,0,0,FAIL
2050.711,3,FAIL,0,0,NO_ORIGIN,0,0,1,1,1,1,0,0.0,,,,,0.0,1591,1524,,0,0,FAIL
2050.762,3,FAIL,0,0,NO_ORIGIN,0,0,1,1,1,1,0,0.0,,,,,0.0,1591,1524,,0,0,FAIL
2050.812,3,FAIL,0,0,NO_ORIGIN,0,0,1,1,1,1,0,0.0,,,,,0.0,1591,1524,,0,0,FAIL
2050.862,3,FAIL,0,0,NO_ORIGIN,0,0,1,1,1,1,0,0.0,,,,,0.0,1591,1524,,0,0,FAIL
2050.912,3,FAIL,0,0,NO_ORIGIN,0,0,1,1,1,1,0,0.0,,,,,0.0,1591,1524,,0,0,FAIL
2050.962,3,FAIL,0,0,NO_ORIGIN,0,0,1,1,1,1,0,0.0,,,,,0.0,1591,1524,,0,0,FAIL
2051.013,3,FAIL,0,0,NO_ORIGIN,0,0,1,1,1,1,0,0.0,,,,,0.0,1591,1524,,0,0,FAIL
2051.063,3,FAIL,0,0,NO_ORIGIN,0,0,1,1,1,1,0,0.0,,,,,0.0,1591,1524,,0,0,FAIL
2051.113,3,FAIL,0,0,NO_ORIGIN,0,0,1,1,1,1,0,0.0,,,,,0.0,1591,1524,,0,0,FAIL
2051.163,3,FAIL,0,0,NO_ORIGIN,0,0,1,1,1,1,0,0.0,,,,,0.0,1591,1524,,0,0,FAIL
2051.213,3,FAIL,0,0,NO_ORIGIN,0,0,1,1,1,1,0,0.0,,,,,0.0,1591,1524,,0,0,FAIL
2051.263,3,FAIL,0,0,NO_ORIGIN,0,0,1,1,1,1,0,0.0,,,,,0.0,1591,1524,,0,0,FAIL
2051.313,3,FAIL,0,0,NO_ORIGIN,0,0,1,1,1,1,0,0.0,,,,,0.0,1591,1524,,0,0,FAIL
2051.364,3,FAIL,0,0,NO_ORIGIN,0,0,1,1,1,1,0,0.0,,,,,0.0,1591,1524,,0,0,FAIL
2051.414,3,FAIL,0,0,NO_ORIGIN,0,0,1,1,1,1,0,0.0,,,,,0.0,1591,1524,,0,0,FAIL
2051.464,3,FAIL,0,0,NO_ORIGIN,0,0,1,1,1,1,0,0.0,,,,,0.0,1591,1524,,0,0,FAIL
2051.514,3,FAIL,0,0,NO_ORIGIN,0,0,1,1,1,1,0,0.0,,,,,0.0,1591,1524,,0,0,FAIL
2051.564,3,FAIL,0,0,NO_ORIGIN,0,0,1,1,1,1,0,0.0,,,,,0.0,1591,1524,,0,0,FAIL
2051.614,3,FAIL,0,0,NO_ORIGIN,0,0,1,1,1,1,0,0.0,,,,,0.0,1591,1524,,0,0,FAIL
2051.665,3,FAIL,0,0,NO_ORIGIN,0,0,1,1,1,1,0,0.0,,,,,0.0,1591,1524,,0,0,FAIL
2051.715,3,FAIL,0,0,NO_ORIGIN,0,0,1,1,1,1,0,0.0,,,,,0.0,1591,1524,,0,0,FAIL
2051.765,3,FAIL,0,0,NO_ORIGIN,0,0,1,1,1,1,0,0.0,,,,,0.0,1591,1524,,0,0,FAIL
2051.815,3,FAIL,0,0,NO_ORIGIN,0,0,1,1,1,1,0,0.0,,,,,0.0,1591,1524,,0,0,FAIL
2051.865,3,FAIL,0,0,NO_ORIGIN,0,0,1,1,1,1,0,0.0,,,,,0.0,1591,1524,,0,0,FAIL
2051.915,3,FAIL,0,0,NO_ORIGIN,0,0,1,1,1,1,0,0.0,,,,,0.0,1591,1524,,0,0,FAIL
2051.965,3,FAIL,0,0,NO_ORIGIN,0,0,1,1,1,1,0,0.0,,,,,0.0,1591,1524,,0,0,FAIL
2052.016,3,FAIL,0,0,NO_ORIGIN,0,0,1,1,1,1,0,0.0,,,,,0.0,1591,1524,,0,0,FAIL
2052.066,3,FAIL,0,0,NO_ORIGIN,0,0,1,1,1,1,0,0.0,,,,,0.0,1591,1524,,0,0,FAIL
2052.116,3,FAIL,0,0,NO_ORIGIN,0,0,1,1,1,1,0,0.0,,,,,0.0,1591,1524,,0,0,FAIL
2052.166,3,FAIL,0,0,NO_ORIGIN,0,0,1,1,1,1,0,0.0,,,,,0.0,1591,1524,,0,0,FAIL
2052.216,3,FAIL,0,0,NO_ORIGIN,0,0,1,1,1,1,0,0.0,,,,,0.0,1591,1524,,0,0,FAIL
2052.266,3,FAIL,0,0,NO_ORIGIN,0,0,1,1,1,1,0,0.0,,,,,0.0,1591,1524,,0,0,FAIL
2052.317,3,FAIL,0,0,NO_ORIGIN,0,0,1,1,1,1,0,0.0,,,,,0.0,1591,1524,,0,0,FAIL
2052.367,3,FAIL,0,0,NO_ORIGIN,0,0,1,1,1,1,0,0.0,,,,,0.0,1591,1524,,0,0,FAIL
2052.417,3,FAIL,0,0,NO_ORIGIN,0,0,1,1,1,1,0,0.0,,,,,0.0,1591,1524,,0,0,FAIL
2052.467,3,FAIL,0,0,NO_ORIGIN,0,0,1,1,1,1,0,0.0,,,,,0.0,1591,1524,,0,0,FAIL
2052.517,3,FAIL,0,0,NO_ORIGIN,0,0,1,1,1,1,0,0.0,,,,,0.0,1591,1524,,0,0,FAIL
2052.567,3,FAIL,0,0,NO_ORIGIN,0,0,1,1,1,1,0,0.0,,,,,0.0,1591,1524,,0,0,FAIL
2052.617,3,FAIL,0,0,NO_ORIGIN,0,0,1,1,1,1,0,0.0,,,,,0.0,1591,1524,,0,0,FAIL
2052.668,3,FAIL,0,0,NO_ORIGIN,0,0,1,1,1,1,0,0.0,,,,,0.0,1591,1524,,0,0,FAIL
2052.718,3,FAIL,0,0,NO_ORIGIN,0,0,1,1,1,1,0,0.0,,,,,0.0,1591,1524,,0,0,FAIL
2052.768,3,FAIL,0,0,NO_ORIGIN,0,0,1,1,1,1,0,0.0,,,,,0.0,1591,1524,,0,0,FAIL
2052.819,3,FAIL,0,0,NO_ORIGIN,0,0,1,1,1,1,0,0.0,,,,,0.0,1591,1524,,0,0,FAIL
2052.869,3,FAIL,0,0,NO_ORIGIN,0,0,1,1,1,1,0,0.0,,,,,0.0,1591,1524,,0,0,FAIL
2052.919,3,FAIL,0,0,NO_ORIGIN,0,0,1,1,1,1,0,0.0,,,,,0.0,1591,1524,,0,0,FAIL
2052.969,3,FAIL,0,0,NO_ORIGIN,0,0,1,1,1,1,0,0.0,,,,,0.0,1591,1524,,0,0,FAIL
2053.019,3,FAIL,0,0,NO_ORIGIN,0,0,1,1,1,1,0,0.0,,,,,0.0,1591,1524,,0,0,FAIL
2053.069,3,FAIL,0,0,NO_ORIGIN,0,0,1,1,1,1,0,0.0,,,,,0.0,1591,1524,,0,0,FAIL
2053.12,3,FAIL,0,0,NO_ORIGIN,0,0,1,1,1,1,0,0.0,,,,,0.0,1591,1524,,0,0,FAIL
2053.17,3,FAIL,0,0,NO_ORIGIN,0,0,1,1,1,1,0,0.0,,,,,0.0,1591,1524,,0,0,FAIL
2053.22,3,FAIL,0,0,NO_ORIGIN,0,0,1,1,1,1,0,0.0,,,,,0.0,1591,1524,,0,0,FAIL
2053.27,3,FAIL,0,0,NO_ORIGIN,0,0,1,1,1,1,0,0.0,,,,,0.0,1591,1524,,0,0,FAIL
2053.32,3,FAIL,0,0,NO_ORIGIN,0,0,1,1,1,1,0,0.0,,,,,0.0,1591,1524,,0,0,FAIL
2053.37,3,FAIL,0,0,NO_ORIGIN,0,0,1,1,1,1,0,0.0,,,,,0.0,1591,1524,,0,0,FAIL
2053.421,3,FAIL,0,0,NO_ORIGIN,0,0,1,1,1,1,0,0.0,,,,,0.0,1591,1524,,0,0,FAIL
2053.471,3,FAIL,0,0,NO_ORIGIN,0,0,1,1,1,1,0,0.0,,,,,0.0,1591,1524,,0,0,FAIL
2053.521,3,FAIL,0,0,NO_ORIGIN,0,0,1,1,1,1,0,0.0,,,,,0.0,1591,1524,,0,0,FAIL
2053.571,3,FAIL,0,0,NO_ORIGIN,0,0,1,1,1,1,0,0.0,,,,,0.0,1591,1524,,0,0,FAIL
2053.621,3,FAIL,0,0,NO_ORIGIN,0,0,1,1,1,1,0,0.0,,,,,0.0,1591,1524,,0,0,FAIL
2053.671,3,FAIL,0,0,NO_ORIGIN,0,0,1,1,1,1,0,0.0,,,,,0.0,1591,1524,,0,0,FAIL
2053.721,3,FAIL,0,0,NO_ORIGIN,0,0,1,1,1,1,0,0.0,,,,,0.0,1591,1524,,0,0,FAIL
2053.771,3,FAIL,0,0,NO_ORIGIN,0,0,1,1,1,1,0,0.0,,,,,0.0,1591,1524,,0,0,FAIL
2053.822,3,FAIL,0,0,NO_ORIGIN,0,0,1,1,1,1,0,0.0,,,,,0.0,1591,1524,,0,0,FAIL
2053.872,3,FAIL,0,0,NO_ORIGIN,0,0,1,1,1,1,0,0.0,,,,,0.0,1591,1524,,0,0,FAIL
2053.922,3,FAIL,0,0,NO_ORIGIN,0,0,1,1,1,1,0,0.0,,,,,0.0,1591,1524,,0,0,FAIL
2053.972,3,FAIL,0,0,NO_ORIGIN,0,0,1,1,1,1,0,0.0,,,,,0.0,1591,1524,,0,0,FAIL
2054.022,3,FAIL,0,0,NO_ORIGIN,0,0,1,1,1,1,0,0.0,,,,,0.0,1591,1524,,0,0,FAIL
2054.073,3,FAIL,0,0,NO_ORIGIN,0,0,1,1,1,1,0,0.0,,,,,0.0,1591,1524,,0,0,FAIL
2054.124,3,FAIL,0,0,NO_ORIGIN,0,0,1,1,1,1,0,0.0,,,,,0.0,1591,1524,,0,0,FAIL
2054.174,3,FAIL,0,0,NO_ORIGIN,0,0,1,1,1,1,0,0.0,,,,,0.0,1591,1524,,0,0,FAIL
2054.226,3,FAIL,0,0,NO_ORIGIN,0,0,1,1,1,1,0,0.0,,,,,0.0,1591,1524,,0,0,FAIL
2054.276,3,FAIL,0,0,NO_ORIGIN,0,0,1,1,1,1,0,0.0,,,,,0.0,1591,1524,,0,0,FAIL
2054.327,3,FAIL,0,0,NO_ORIGIN,0,0,1,1,1,1,0,0.0,,,,,0.0,1591,1524,,0,0,FAIL
2054.377,3,FAIL,0,0,NO_ORIGIN,0,0,1,1,1,1,0,0.0,,,,,0.0,1591,1524,,0,0,FAIL
2054.427,3,FAIL,0,0,NO_ORIGIN,0,0,1,1,1,1,0,0.0,,,,,0.0,1591,1524,,0,0,FAIL
2054.477,3,FAIL,0,0,NO_ORIGIN,0,0,1,1,1,1,0,0.0,,,,,0.0,1591,1524,,0,0,FAIL
2054.529,3,FAIL,0,0,NO_ORIGIN,0,0,1,1,1,1,0,0.0,,,,,0.0,1591,1524,,0,0,FAIL
2054.579,3,FAIL,0,0,NO_ORIGIN,0,0,1,1,1,1,0,0.0,,,,,0.0,1591,1524,,0,0,FAIL
2054.629,3,FAIL,0,0,NO_ORIGIN,0,0,1,1,1,1,0,0.0,,,,,0.0,1591,1524,,0,0,FAIL
2054.68,3,FAIL,0,0,NO_ORIGIN,0,0,1,1,1,1,0,0.0,,,,,0.0,1591,1524,,0,0,FAIL
2054.731,3,FAIL,0,0,NO_ORIGIN,0,0,1,1,1,1,0,0.0,,,,,0.0,1591,1524,,0,0,FAIL
2054.781,3,FAIL,0,0,NO_ORIGIN,0,0,1,1,1,1,0,0.0,,,,,0.0,1591,1524,,0,0,FAIL
2054.832,3,FAIL,0,0,NO_ORIGIN,0,0,1,1,1,1,0,0.0,,,,,0.0,1591,1524,,0,0,FAIL
2054.882,3,FAIL,0,0,NO_ORIGIN,0,0,1,1,1,1,0,0.0,,,,,0.0,1591,1524,,0,0,FAIL
2054.933,3,FAIL,0,0,NO_ORIGIN,0,0,1,1,1,1,0,0.0,,,,,0.0,1591,1524,,0,0,FAIL
2054.983,3,FAIL,0,0,NO_ORIGIN,0,0,1,1,1,1,0,0.0,,,,,0.0,1591,1524,,0,0,FAIL
2055.034,3,FAIL,0,0,NO_ORIGIN,0,0,1,1,1,1,0,0.0,,,,,0.0,1591,1524,,0,0,FAIL
2055.084,3,FAIL,0,0,NO_ORIGIN,0,0,1,1,1,1,0,0.0,,,,,0.0,1591,1524,,0,0,FAIL
2055.135,3,FAIL,0,0,NO_ORIGIN,0,0,1,1,1,1,0,0.0,,,,,0.0,1591,1524,,0,0,FAIL
2055.185,3,FAIL,0,0,NO_ORIGIN,0,0,1,1,1,1,0,0.0,,,,,0.0,1591,1524,,0,0,FAIL
2055.236,3,FAIL,0,0,NO_ORIGIN,0,0,1,1,1,1,0,0.0,,,,,0.0,1591,1524,,0,0,FAIL
2055.287,3,FAIL,0,0,NO_ORIGIN,0,0,1,1,1,1,0,0.0,,,,,0.0,1591,1524,,0,0,FAIL
2055.337,3,FAIL,0,0,NO_ORIGIN,0,0,1,1,1,1,0,0.0,,,,,0.0,1591,1524,,0,0,FAIL
2055.387,3,FAIL,0,0,NO_ORIGIN,0,0,1,1,1,1,0,0.0,,,,,0.0,1591,1524,,0,0,FAIL
2055.438,3,FAIL,0,0,NO_ORIGIN,0,0,1,1,1,1,0,0.0,,,,,0.0,1591,1524,,0,0,FAIL
2055.489,3,FAIL,0,0,NO_ORIGIN,0,0,1,1,1,1,0,0.0,,,,,0.0,1591,1524,,0,0,FAIL
2055.539,3,FAIL,0,0,NO_ORIGIN,0,0,1,1,1,1,0,0.0,,,,,0.0,1591,1524,,0,0,FAIL
2055.591,3,FAIL,0,0,NO_ORIGIN,0,0,1,1,1,1,0,0.0,,,,,0.0,1591,1524,,0,0,FAIL
2055.641,3,FAIL,0,0,NO_ORIGIN,0,0,1,1,1,1,0,0.0,,,,,0.0,1591,1524,,0,0,FAIL
2055.693,3,FAIL,0,0,NO_ORIGIN,0,0,1,1,1,1,0,0.0,,,,,0.0,1591,1524,,0,0,FAIL
2055.743,3,FAIL,0,0,NO_ORIGIN,0,0,1,1,1,1,0,0.0,,,,,0.0,1591,1524,,0,0,FAIL
2055.793,3,FAIL,0,0,NO_ORIGIN,0,0,1,1,1,1,0,0.0,,,,,0.0,1591,1524,,0,0,FAIL
2055.845,3,FAIL,0,0,NO_ORIGIN,0,0,1,1,1,1,0,0.0,,,,,0.0,1591,1524,,0,0,FAIL
2055.896,3,FAIL,0,0,NO_ORIGIN,0,0,1,1,1,1,0,0.0,,,,,0.0,1591,1524,,0,0,FAIL
2055.946,3,FAIL,0,0,NO_ORIGIN,0,0,1,1,1,1,0,0.0,,,,,0.0,1591,1524,,0,0,FAIL
2055.997,3,FAIL,0,0,NO_ORIGIN,0,0,1,1,1,1,0,0.0,,,,,0.0,1591,1524,,0,0,FAIL
2056.047,3,FAIL,0,0,NO_ORIGIN,0,0,1,1,1,1,0,0.0,,,,,0.0,1591,1524,,0,0,FAIL
2056.098,3,FAIL,0,0,NO_ORIGIN,0,0,1,1,1,1,0,0.0,,,,,0.0,1591,1524,,0,0,FAIL
2056.148,3,FAIL,0,0,NO_ORIGIN,0,0,1,1,1,1,0,0.0,,,,,0.0,1591,1524,,0,0,FAIL
2056.198,3,FAIL,0,0,NO_ORIGIN,0,0,1,1,1,1,0,0.0,,,,,0.0,1591,1524,,0,0,FAIL
2056.249,3,FAIL,0,0,NO_ORIGIN,0,0,1,1,1,1,0,0.0,,,,,0.0,1591,1524,,0,0,FAIL
2056.3,3,FAIL,0,0,NO_ORIGIN,0,0,1,1,1,1,0,0.0,,,,,0.0,1591,1524,,0,0,FAIL
2056.351,3,FAIL,0,0,NO_ORIGIN,0,0,1,1,1,1,0,0.0,,,,,0.0,1591,1524,,0,0,FAIL
2056.402,3,FAIL,0,0,NO_ORIGIN,0,0,1,1,1,1,0,0.0,,,,,0.0,1591,1524,,0,0,FAIL
2056.452,3,FAIL,0,0,NO_ORIGIN,0,0,1,1,1,1,0,0.0,,,,,0.0,1591,1524,,0,0,FAIL
2056.503,3,FAIL,0,0,NO_ORIGIN,0,0,1,1,1,1,0,0.0,,,,,0.0,1591,1524,,0,0,FAIL
2056.553,3,FAIL,0,0,NO_ORIGIN,0,0,1,1,1,1,0,0.0,,,,,0.0,1591,1524,,0,0,FAIL
2056.604,3,FAIL,0,0,NO_ORIGIN,0,0,1,1,1,1,0,0.0,,,,,0.0,1591,1524,,0,0,FAIL
2056.654,3,FAIL,0,0,NO_ORIGIN,0,0,1,1,1,1,0,0.0,,,,,0.0,1591,1524,,0,0,FAIL
2056.705,3,FAIL,0,0,NO_ORIGIN,0,0,1,1,1,1,0,0.0,,,,,0.0,1591,1524,,0,0,FAIL
2056.756,3,FAIL,0,0,NO_ORIGIN,0,0,1,1,1,1,0,0.0,,,,,0.0,1591,1524,,0,0,FAIL
2056.806,3,FAIL,0,0,NO_ORIGIN,0,0,1,1,1,1,0,0.0,,,,,0.0,1591,1524,,0,0,FAIL
2056.857,3,FAIL,0,0,NO_ORIGIN,0,0,1,1,1,1,0,0.0,,,,,0.0,1591,1524,,0,0,FAIL
2056.907,3,FAIL,0,0,NO_ORIGIN,0,0,1,1,1,1,0,0.0,,,,,0.0,1591,1524,,0,0,FAIL
2056.958,3,FAIL,0,0,NO_ORIGIN,0,0,1,1,1,1,0,0.0,,,,,0.0,1591,1524,,0,0,FAIL
2057.009,3,FAIL,0,0,NO_ORIGIN,0,0,1,1,1,1,0,0.0,,,,,0.0,1591,1524,,0,0,FAIL
2057.06,3,FAIL,0,0,NO_ORIGIN,0,0,1,1,1,1,0,0.0,,,,,0.0,1591,1524,,0,0,FAIL
2057.11,3,FAIL,0,0,NO_ORIGIN,0,0,1,1,1,1,0,0.0,,,,,0.0,1591,1524,,0,0,FAIL
2057.161,3,FAIL,0,0,NO_ORIGIN,0,0,1,1,1,1,0,0.0,,,,,0.0,1591,1524,,0,0,FAIL
2057.213,3,FAIL,0,0,NO_ORIGIN,0,0,1,1,1,1,0,0.0,,,,,0.0,1591,1524,,0,0,FAIL
2057.263,3,FAIL,0,0,NO_ORIGIN,0,0,1,1,1,1,0,0.0,,,,,0.0,1591,1524,,0,0,FAIL
2057.313,3,FAIL,0,0,NO_ORIGIN,0,0,1,1,1,1,0,0.0,,,,,0.0,1591,1524,,0,0,FAIL
2057.363,3,FAIL,0,0,NO_ORIGIN,0,0,1,1,1,1,0,0.0,,,,,0.0,1591,1524,,0,0,FAIL
2057.414,3,FAIL,0,0,NO_ORIGIN,0,0,1,1,1,1,0,0.0,,,,,0.0,1591,1524,,0,0,FAIL
2057.464,3,FAIL,0,0,NO_ORIGIN,0,0,1,1,1,1,0,0.0,,,,,0.0,1591,1524,,0,0,FAIL
2057.514,3,FAIL,0,0,NO_ORIGIN,0,0,1,1,1,1,0,0.0,,,,,0.0,1591,1524,,0,0,FAIL
2057.565,3,FAIL,0,0,NO_ORIGIN,0,0,1,1,1,1,0,0.0,,,,,0.0,1591,1524,,0,0,FAIL
2057.617,3,FAIL,0,0,NO_ORIGIN,0,0,1,1,1,1,0,0.0,,,,,0.0,1591,1524,,0,0,FAIL
2057.667,3,FAIL,0,0,NO_ORIGIN,0,0,1,1,1,1,0,0.0,,,,,0.0,1591,1524,,0,0,FAIL
2057.718,3,FAIL,0,0,NO_ORIGIN,0,0,1,1,1,1,0,0.0,,,,,0.0,1591,1524,,0,0,FAIL
2057.768,3,FAIL,0,0,NO_ORIGIN,0,0,1,1,1,1,0,0.0,,,,,0.0,1591,1524,,0,0,FAIL
2057.819,3,FAIL,0,0,NO_ORIGIN,0,0,1,1,1,1,0,0.0,,,,,0.0,1591,1524,,0,0,FAIL
2057.87,3,FAIL,0,0,NO_ORIGIN,0,0,1,1,1,1,0,0.0,,,,,0.0,1591,1524,,0,0,FAIL
2057.92,3,FAIL,0,0,NO_ORIGIN,0,0,1,1,1,1,0,0.0,,,,,0.0,1591,1524,,0,0,FAIL
2057.97,3,FAIL,0,0,NO_ORIGIN,0,0,1,1,1,1,0,0.0,,,,,0.0,1591,1524,,0,0,FAIL
2058.02,3,FAIL,0,0,NO_ORIGIN,0,0,1,1,1,1,0,0.0,,,,,0.0,1591,1524,,0,0,FAIL
2058.07,3,FAIL,0,0,NO_ORIGIN,0,0,1,1,1,1,0,0.0,,,,,0.0,1591,1524,,0,0,FAIL
2058.121,3,FAIL,0,0,NO_ORIGIN,0,0,1,1,1,1,0,0.0,,,,,0.0,1591,1524,,0,0,FAIL
2058.171,3,FAIL,0,0,NO_ORIGIN,0,0,1,1,1,1,0,0.0,,,,,0.0,1591,1524,,0,0,FAIL
2058.221,3,FAIL,0,0,NO_ORIGIN,0,0,1,1,1,1,0,0.0,,,,,0.0,1591,1524,,0,0,FAIL
2058.271,3,FAIL,0,0,NO_ORIGIN,0,0,1,1,1,1,0,0.0,,,,,0.0,1591,1524,,0,0,FAIL
2058.322,3,FAIL,0,0,NO_ORIGIN,0,0,1,1,1,1,0,0.0,,,,,0.0,1591,1524,,0,0,FAIL
2058.373,3,FAIL,0,0,NO_ORIGIN,0,0,1,1,1,1,0,0.0,,,,,0.0,1591,1524,,0,0,FAIL
2058.423,3,FAIL,0,0,NO_ORIGIN,0,0,1,1,1,1,0,0.0,,,,,0.0,1591,1524,,0,0,FAIL
2058.473,3,FAIL,0,0,NO_ORIGIN,0,0,1,1,1,1,0,0.0,,,,,0.0,1591,1524,,0,0,FAIL
2058.523,3,FAIL,0,0,NO_ORIGIN,0,0,1,1,1,1,0,0.0,,,,,0.0,1591,1524,,0,0,FAIL
2058.574,3,FAIL,0,0,NO_ORIGIN,0,0,1,1,1,1,0,0.0,,,,,0.0,1591,1524,,0,0,FAIL
2058.624,3,FAIL,0,0,NO_ORIGIN,0,0,1,1,1,1,0,0.0,,,,,0.0,1591,1524,,0,0,FAIL
2058.674,3,FAIL,0,0,NO_ORIGIN,0,0,1,1,1,1,0,0.0,,,,,0.0,1591,1524,,0,0,FAIL
2058.724,3,FAIL,0,0,NO_ORIGIN,0,0,1,1,1,1,0,0.0,,,,,0.0,1591,1524,,0,0,FAIL
2058.774,3,FAIL,0,0,NO_ORIGIN,0,0,1,1,1,1,0,0.0,,,,,0.0,1591,1524,,0,0,FAIL
2058.825,3,FAIL,0,0,NO_ORIGIN,0,0,1,1,1,1,0,0.0,,,,,0.0,1591,1524,,0,0,FAIL
2058.875,3,FAIL,0,0,NO_ORIGIN,0,0,1,1,1,1,0,0.0,,,,,0.0,1591,1524,,0,0,FAIL
2058.925,3,FAIL,0,0,NO_ORIGIN,0,0,1,1,1,1,0,0.0,,,,,0.0,1591,1524,,0,0,FAIL
2058.975,3,FAIL,0,0,NO_ORIGIN,0,0,1,1,1,1,0,0.0,,,,,0.0,1591,1524,,0,0,FAIL
2059.025,3,FAIL,0,0,NO_ORIGIN,0,0,1,1,1,1,0,0.0,,,,,0.0,1591,1524,,0,0,FAIL
2059.075,3,FAIL,0,0,NO_ORIGIN,0,0,1,1,1,1,0,0.0,,,,,0.0,1591,1524,,0,0,FAIL
2059.126,3,FAIL,0,0,NO_ORIGIN,0,0,1,1,1,1,0,0.0,,,,,0.0,1591,1524,,0,0,FAIL
2059.176,3,FAIL,0,0,NO_ORIGIN,0,0,1,1,1,1,0,0.0,,,,,0.0,1591,1524,,0,0,FAIL
2059.226,3,FAIL,0,0,NO_ORIGIN,0,0,1,1,1,1,0,0.0,,,,,0.0,1591,1524,,0,0,FAIL
2059.276,3,FAIL,0,0,NO_ORIGIN,0,0,1,1,1,1,0,0.0,,,,,0.0,1591,1524,,0,0,FAIL
2059.326,3,FAIL,0,0,NO_ORIGIN,0,0,1,1,1,1,0,0.0,,,,,0.0,1591,1524,,0,0,FAIL
2059.376,3,FAIL,0,0,NO_ORIGIN,0,0,1,1,1,1,0,0.0,,,,,0.0,1591,1524,,0,0,FAIL
2059.427,3,FAIL,0,0,NO_ORIGIN,0,0,1,1,1,1,0,0.0,,,,,0.0,1591,1524,,0,0,FAIL
2059.477,3,FAIL,0,0,NO_ORIGIN,0,0,1,1,1,1,0,0.0,,,,,0.0,1591,1524,,0,0,FAIL
2059.527,3,FAIL,0,0,NO_ORIGIN,0,0,1,1,1,1,0,0.0,,,,,0.0,1591,1524,,0,0,FAIL
2059.577,3,FAIL,0,0,NO_ORIGIN,0,0,1,1,1,1,0,0.0,,,,,0.0,1591,1524,,0,0,FAIL
2059.627,3,FAIL,0,0,NO_ORIGIN,0,0,1,1,1,1,0,0.0,,,,,0.0,1591,1524,,0,0,FAIL
2059.677,3,FAIL,0,0,NO_ORIGIN,0,0,1,1,1,1,0,0.0,,,,,0.0,1591,1524,,0,0,FAIL
2059.728,3,FAIL,0,0,NO_ORIGIN,0,0,1,1,1,1,0,0.0,,,,,0.0,1591,1524,,0,0,FAIL
2059.778,3,FAIL,0,0,NO_ORIGIN,0,0,1,1,1,1,0,0.0,,,,,0.0,1591,1524,,0,0,FAIL
2059.828,3,FAIL,0,0,NO_ORIGIN,0,0,1,1,1,1,0,0.0,,,,,0.0,1591,1524,,0,0,FAIL
2059.878,3,FAIL,0,0,NO_ORIGIN,0,0,1,1,1,1,0,0.0,,,,,0.0,1591,1524,,0,0,FAIL
2059.928,3,FAIL,0,0,NO_ORIGIN,0,0,1,1,1,1,0,0.0,,,,,0.0,1591,1524,,0,0,FAIL
2059.978,3,FAIL,0,0,NO_ORIGIN,0,0,1,1,1,1,0,0.0,,,,,0.0,1591,1524,,0,0,FAIL
2060.028,3,FAIL,0,0,NO_ORIGIN,0,0,1,1,1,1,0,0.0,,,,,0.0,1591,1524,,0,0,FAIL
2060.079,3,FAIL,0,0,NO_ORIGIN,0,0,1,1,1,1,0,0.0,,,,,0.0,1591,1524,,0,0,FAIL
2060.129,3,FAIL,0,0,NO_ORIGIN,0,0,1,1,1,1,0,0.0,,,,,0.0,1591,1524,,0,0,FAIL
2060.179,3,FAIL,0,0,NO_ORIGIN,0,0,1,1,1,1,0,0.0,,,,,0.0,1591,1524,,0,0,FAIL
2060.229,3,FAIL,0,0,NO_ORIGIN,0,0,1,1,1,1,0,0.0,,,,,0.0,1591,1524,,0,0,FAIL
2060.279,3,FAIL,0,0,NO_ORIGIN,0,0,1,1,1,1,0,0.0,,,,,0.0,1591,1524,,0,0,FAIL
2060.329,3,FAIL,0,0,NO_ORIGIN,0,0,1,1,1,1,0,0.0,,,,,0.0,1591,1524,,0,0,FAIL
2060.38,3,FAIL,0,0,NO_ORIGIN,0,0,1,1,1,1,0,0.0,,,,,0.0,1591,1524,,0,0,FAIL
2060.43,3,FAIL,0,0,NO_ORIGIN,0,0,1,1,1,1,0,0.0,,,,,0.0,1591,1524,,0,0,FAIL
2060.48,3,FAIL,0,0,NO_ORIGIN,0,0,1,1,1,1,0,0.0,,,,,0.0,1591,1524,,0,0,FAIL
2060.53,3,FAIL,0,0,NO_ORIGIN,0,0,1,1,1,1,0,0.0,,,,,0.0,1591,1524,,0,0,FAIL
2060.58,3,FAIL,0,0,NO_ORIGIN,0,0,1,1,1,1,0,0.0,,,,,0.0,1591,1524,,0,0,FAIL
2060.631,3,FAIL,0,0,NO_ORIGIN,0,0,1,1,1,1,0,0.0,,,,,0.0,1591,1524,,0,0,FAIL
2060.681,3,FAIL,0,0,NO_ORIGIN,0,0,1,1,1,1,0,0.0,,,,,0.0,1591,1524,,0,0,FAIL
2060.731,3,FAIL,0,0,NO_ORIGIN,0,0,1,1,1,1,0,0.0,,,,,0.0,1591,1524,,0,0,FAIL
2060.782,3,FAIL,0,0,NO_ORIGIN,0,0,1,1,1,1,0,0.0,,,,,0.0,1591,1524,,0,0,FAIL
2060.832,3,FAIL,0,0,NO_ORIGIN,0,0,1,1,1,1,0,0.0,,,,,0.0,1591,1524,,0,0,FAIL
2060.882,3,FAIL,0,0,NO_ORIGIN,0,0,1,1,1,1,0,0.0,,,,,0.0,1591,1524,,0,0,FAIL
2060.932,3,FAIL,0,0,NO_ORIGIN,0,0,1,1,1,1,0,0.0,,,,,0.0,1591,1524,,0,0,FAIL
2060.982,3,FAIL,0,0,NO_ORIGIN,0,0,1,1,1,1,0,0.0,,,,,0.0,1591,1524,,0,0,FAIL
2061.032,3,FAIL,0,0,NO_ORIGIN,0,0,1,1,1,1,0,0.0,,,,,0.0,1591,1524,,0,0,FAIL
2061.082,3,FAIL,0,0,NO_ORIGIN,0,0,1,1,1,1,0,0.0,,,,,0.0,1591,1524,,0,0,FAIL
2061.133,3,FAIL,0,0,NO_ORIGIN,0,0,1,1,1,1,0,0.0,,,,,0.0,1591,1524,,0,0,FAIL
2061.183,3,FAIL,0,0,NO_ORIGIN,0,0,1,1,1,1,0,0.0,,,,,0.0,1591,1524,,0,0,FAIL
2061.233,3,FAIL,0,0,NO_ORIGIN,0,0,1,1,1,1,0,0.0,,,,,0.0,1591,1524,,0,0,FAIL
2061.283,3,FAIL,0,0,NO_ORIGIN,0,0,1,1,1,1,0,0.0,,,,,0.0,1591,1524,,0,0,FAIL
2061.333,3,FAIL,0,0,NO_ORIGIN,0,0,1,1,1,1,0,0.0,,,,,0.0,1591,1524,,0,0,FAIL
2061.384,3,FAIL,0,0,NO_ORIGIN,0,0,1,1,1,1,0,0.0,,,,,0.0,1591,1524,,0,0,FAIL
2061.434,3,FAIL,0,0,NO_ORIGIN,0,0,1,1,1,1,0,0.0,,,,,0.0,1591,1524,,0,0,FAIL
2061.484,3,FAIL,0,0,NO_ORIGIN,0,0,1,1,1,1,0,0.0,,,,,0.0,1591,1524,,0,0,FAIL
2061.534,3,FAIL,0,0,NO_ORIGIN,0,0,1,1,1,1,0,0.0,,,,,0.0,1591,1524,,0,0,FAIL
2061.584,3,FAIL,0,0,NO_ORIGIN,0,0,1,1,1,1,0,0.0,,,,,0.0,1591,1524,,0,0,FAIL
2061.634,3,FAIL,0,0,NO_ORIGIN,0,0,1,1,1,1,0,0.0,,,,,0.0,1591,1524,,0,0,FAIL
2061.685,3,FAIL,0,0,NO_ORIGIN,0,0,1,1,1,1,0,0.0,,,,,0.0,1591,1524,,0,0,FAIL
2061.735,3,FAIL,0,0,NO_ORIGIN,0,0,1,1,1,1,0,0.0,,,,,0.0,1591,1524,,0,0,FAIL
2061.786,3,FAIL,0,0,NO_ORIGIN,0,0,1,1,1,1,0,0.0,,,,,0.0,1591,1524,,0,0,FAIL
2061.836,3,FAIL,0,0,NO_ORIGIN,0,0,1,1,1,1,0,0.0,,,,,0.0,1591,1524,,0,0,FAIL
2061.887,3,FAIL,0,0,NO_ORIGIN,0,0,1,1,1,1,0,0.0,,,,,0.0,1591,1524,,0,0,FAIL
2061.937,3,FAIL,0,0,NO_ORIGIN,0,0,1,1,1,1,0,0.0,,,,,0.0,1591,1524,,0,0,FAIL
2061.987,3,FAIL,0,0,NO_ORIGIN,0,0,1,1,1,1,0,0.0,,,,,0.0,1591,1524,,0,0,FAIL
2062.038,3,FAIL,0,0,NO_ORIGIN,0,0,1,1,1,1,0,0.0,,,,,0.0,1591,1524,,0,0,FAIL
2062.088,3,FAIL,0,0,NO_ORIGIN,0,0,1,1,1,1,0,0.0,,,,,0.0,1591,1524,,0,0,FAIL
2062.138,3,FAIL,0,0,NO_ORIGIN,0,0,1,1,1,1,0,0.0,,,,,0.0,1591,1524,,0,0,FAIL
2062.188,3,FAIL,0,0,NO_ORIGIN,0,0,1,1,1,1,0,0.0,,,,,0.0,1591,1524,,0,0,FAIL
2062.238,3,FAIL,0,0,NO_ORIGIN,0,0,1,1,1,1,0,0.0,,,,,0.0,1591,1524,,0,0,FAIL
2062.288,3,FAIL,0,0,NO_ORIGIN,0,0,1,1,1,1,0,0.0,,,,,0.0,1591,1524,,0,0,FAIL
2062.339,3,FAIL,0,0,NO_ORIGIN,0,0,1,1,1,1,0,0.0,,,,,0.0,1591,1524,,0,0,FAIL
2062.389,3,FAIL,0,0,NO_ORIGIN,0,0,1,1,1,1,0,0.0,,,,,0.0,1591,1524,,0,0,FAIL
2062.439,3,FAIL,0,0,NO_ORIGIN,0,0,1,1,1,1,0,0.0,,,,,0.0,1591,1524,,0,0,FAIL
2062.49,3,FAIL,0,0,NO_ORIGIN,0,0,1,1,1,1,0,0.0,,,,,0.0,1591,1524,,0,0,FAIL
2062.54,3,FAIL,0,0,NO_ORIGIN,0,0,1,1,1,1,0,0.0,,,,,0.0,1591,1524,,0,0,FAIL
2062.592,3,FAIL,0,0,NO_ORIGIN,0,0,1,1,1,1,0,0.0,,,,,0.0,1591,1524,,0,0,FAIL
2062.642,3,FAIL,0,0,NO_ORIGIN,0,0,1,1,1,1,0,0.0,,,,,0.0,1591,1524,,0,0,FAIL
2062.693,3,FAIL,0,0,NO_ORIGIN,0,0,1,1,1,1,0,0.0,,,,,0.0,1591,1524,,0,0,FAIL
2062.743,3,FAIL,0,0,NO_ORIGIN,0,0,1,1,1,1,0,0.0,,,,,0.0,1591,1524,,0,0,FAIL
2062.793,3,FAIL,0,0,NO_ORIGIN,0,0,1,1,1,1,0,0.0,,,,,0.0,1591,1524,,0,0,FAIL
2062.843,3,FAIL,0,0,NO_ORIGIN,0,0,1,1,1,1,0,0.0,,,,,0.0,1591,1524,,0,0,FAIL
2062.893,3,FAIL,0,0,NO_ORIGIN,0,0,1,1,1,1,0,0.0,,,,,0.0,1591,1524,,0,0,FAIL
2062.944,3,FAIL,0,0,NO_ORIGIN,0,0,1,1,1,1,0,0.0,,,,,0.0,1591,1524,,0,0,FAIL
2062.995,3,FAIL,0,0,NO_ORIGIN,0,0,1,1,1,1,0,0.0,,,,,0.0,1591,1524,,0,0,FAIL
2063.045,3,FAIL,0,0,NO_ORIGIN,0,0,1,1,1,1,0,0.0,,,,,0.0,1591,1524,,0,0,FAIL
2063.095,3,FAIL,0,0,NO_ORIGIN,0,0,1,1,1,1,0,0.0,,,,,0.0,1591,1524,,0,0,FAIL
2063.146,3,FAIL,0,0,NO_ORIGIN,0,0,1,1,1,1,0,0.0,,,,,0.0,1591,1524,,0,0,FAIL
2063.197,3,FAIL,0,0,NO_ORIGIN,0,0,1,1,1,1,0,0.0,,,,,0.0,1591,1524,,0,0,FAIL
2063.247,3,FAIL,0,0,NO_ORIGIN,0,0,1,1,1,1,0,0.0,,,,,0.0,1591,1524,,0,0,FAIL
2063.299,3,FAIL,0,0,NO_ORIGIN,0,0,1,1,1,1,0,0.0,,,,,0.0,1591,1524,,0,0,FAIL
2063.349,3,FAIL,0,0,NO_ORIGIN,0,0,1,1,1,1,0,0.0,,,,,0.0,1591,1524,,0,0,FAIL
2063.4,3,FAIL,0,0,NO_ORIGIN,0,0,1,1,1,1,0,0.0,,,,,0.0,1591,1524,,0,0,FAIL
2063.451,3,FAIL,0,0,NO_ORIGIN,0,0,1,1,1,1,0,0.0,,,,,0.0,1591,1524,,0,0,FAIL
2063.501,3,FAIL,0,0,NO_ORIGIN,0,0,1,1,1,1,0,0.0,,,,,0.0,1591,1524,,0,0,FAIL
2063.551,3,FAIL,0,0,NO_ORIGIN,0,0,1,1,1,1,0,0.0,,,,,0.0,1591,1524,,0,0,FAIL
2063.603,3,FAIL,0,0,NO_ORIGIN,0,0,1,1,1,1,0,0.0,,,,,0.0,1591,1524,,0,0,FAIL
2063.654,3,FAIL,0,0,NO_ORIGIN,0,0,1,1,1,1,0,0.0,,,,,0.0,1591,1524,,0,0,FAIL
2063.704,3,FAIL,0,0,NO_ORIGIN,0,0,1,1,1,1,0,0.0,,,,,0.0,1591,1524,,0,0,FAIL
2063.755,3,FAIL,0,0,NO_ORIGIN,0,0,1,1,1,1,0,0.0,,,,,0.0,1591,1524,,0,0,FAIL
2063.805,3,FAIL,0,0,NO_ORIGIN,0,0,1,1,1,1,0,0.0,,,,,0.0,1591,1524,,0,0,FAIL
2063.856,3,FAIL,0,0,NO_ORIGIN,0,0,1,1,1,1,0,0.0,,,,,0.0,1591,1524,,0,0,FAIL
2063.906,3,FAIL,0,0,NO_ORIGIN,0,0,1,1,1,1,0,0.0,,,,,0.0,1591,1524,,0,0,FAIL
2063.956,3,FAIL,0,0,NO_ORIGIN,0,0,1,1,1,1,0,0.0,,,,,0.0,1591,1524,,0,0,FAIL
2064.006,3,FAIL,0,0,NO_ORIGIN,0,0,1,1,1,1,0,0.0,,,,,0.0,1591,1524,,0,0,FAIL
2064.056,3,FAIL,0,0,NO_ORIGIN,0,0,1,1,1,1,0,0.0,,,,,0.0,1591,1524,,0,0,FAIL
2064.107,3,FAIL,0,0,NO_ORIGIN,0,0,1,1,1,1,0,0.0,,,,,0.0,1591,1524,,0,0,FAIL
2064.157,3,FAIL,0,0,NO_ORIGIN,0,0,1,1,1,1,0,0.0,,,,,0.0,1591,1524,,0,0,FAIL
2064.207,3,FAIL,0,0,NO_ORIGIN,0,0,1,1,1,1,0,0.0,,,,,0.0,1591,1524,,0,0,FAIL
2064.257,3,FAIL,0,0,NO_ORIGIN,0,0,1,1,1,1,0,0.0,,,,,0.0,1591,1524,,0,0,FAIL
2064.307,3,FAIL,0,0,NO_ORIGIN,0,0,1,1,1,1,0,0.0,,,,,0.0,1591,1524,,0,0,FAIL
2064.357,3,FAIL,0,0,NO_ORIGIN,0,0,1,1,1,1,0,0.0,,,,,0.0,1591,1524,,0,0,FAIL
2064.407,3,FAIL,0,0,NO_ORIGIN,0,0,1,1,1,1,0,0.0,,,,,0.0,1591,1524,,0,0,FAIL
2064.458,3,FAIL,0,0,NO_ORIGIN,0,0,1,1,1,1,0,0.0,,,,,0.0,1591,1524,,0,0,FAIL
2064.508,3,FAIL,0,0,NO_ORIGIN,0,0,1,1,1,1,0,0.0,,,,,0.0,1591,1524,,0,0,FAIL
2064.558,3,FAIL,0,0,NO_ORIGIN,0,0,1,1,1,1,0,0.0,,,,,0.0,1591,1524,,0,0,FAIL
2064.608,3,FAIL,0,0,NO_ORIGIN,0,0,1,1,1,1,0,0.0,,,,,0.0,1591,1524,,0,0,FAIL
2064.659,3,FAIL,0,0,NO_ORIGIN,0,0,1,1,1,1,0,0.0,,,,,0.0,1591,1524,,0,0,FAIL
2064.709,3,FAIL,0,0,NO_ORIGIN,0,0,1,1,1,1,0,0.0,,,,,0.0,1591,1524,,0,0,FAIL
2064.759,3,FAIL,0,0,NO_ORIGIN,0,0,1,1,1,1,0,0.0,,,,,0.0,1591,1524,,0,0,FAIL
2064.809,3,FAIL,0,0,NO_ORIGIN,0,0,1,1,1,1,0,0.0,,,,,0.0,1591,1524,,0,0,FAIL
2064.859,3,FAIL,0,0,NO_ORIGIN,0,0,1,1,1,1,0,0.0,,,,,0.0,1591,1524,,0,0,FAIL
2064.909,3,FAIL,0,0,NO_ORIGIN,0,0,1,1,1,1,0,0.0,,,,,0.0,1591,1524,,0,0,FAIL
2064.959,3,FAIL,0,0,NO_ORIGIN,0,0,1,1,1,1,0,0.0,,,,,0.0,1591,1524,,0,0,FAIL
2065.009,3,FAIL,0,0,NO_ORIGIN,0,0,1,1,1,1,0,0.0,,,,,0.0,1591,1524,,0,0,FAIL
2065.06,3,FAIL,0,0,NO_ORIGIN,0,0,1,1,1,1,0,0.0,,,,,0.0,1591,1524,,0,0,FAIL
2065.11,3,FAIL,0,0,NO_ORIGIN,0,0,1,1,1,1,0,0.0,,,,,0.0,1591,1524,,0,0,FAIL
2065.16,3,FAIL,0,0,NO_ORIGIN,0,0,1,1,1,1,0,0.0,,,,,0.0,1591,1524,,0,0,FAIL
2065.21,3,FAIL,0,0,NO_ORIGIN,0,0,1,1,1,1,0,0.0,,,,,0.0,1591,1524,,0,0,FAIL
2065.26,3,FAIL,0,0,NO_ORIGIN,0,0,1,1,1,1,0,0.0,,,,,0.0,1591,1524,,0,0,FAIL
2065.31,3,FAIL,0,0,NO_ORIGIN,0,0,1,1,1,1,0,0.0,,,,,0.0,1591,1524,,0,0,FAIL
2065.36,3,FAIL,0,0,NO_ORIGIN,0,0,1,1,1,1,0,0.0,,,,,0.0,1591,1524,,0,0,FAIL
2065.411,3,FAIL,0,0,NO_ORIGIN,0,0,1,1,1,1,0,0.0,,,,,0.0,1591,1524,,0,0,FAIL
2065.461,3,FAIL,0,0,NO_ORIGIN,0,0,1,1,1,1,0,0.0,,,,,0.0,1591,1524,,0,0,FAIL
2065.511,3,FAIL,0,0,NO_ORIGIN,0,0,1,1,1,1,0,0.0,,,,,0.0,1591,1524,,0,0,FAIL
2065.561,3,FAIL,0,0,NO_ORIGIN,0,0,1,1,1,1,0,0.0,,,,,0.0,1591,1524,,0,0,FAIL
2065.611,3,FAIL,0,0,NO_ORIGIN,0,0,1,1,1,1,0,0.0,,,,,0.0,1591,1524,,0,0,FAIL
2065.661,3,FAIL,0,0,NO_ORIGIN,0,0,1,1,1,1,0,0.0,,,,,0.0,1591,1524,,0,0,FAIL
2065.711,3,FAIL,0,0,NO_ORIGIN,0,0,1,1,1,1,0,0.0,,,,,0.0,1591,1524,,0,0,FAIL
2065.762,3,FAIL,0,0,NO_ORIGIN,0,0,1,1,1,1,0,0.0,,,,,0.0,1591,1524,,0,0,FAIL
2065.812,3,FAIL,0,0,NO_ORIGIN,0,0,1,1,1,1,0,0.0,,,,,0.0,1591,1524,,0,0,FAIL
2065.862,3,FAIL,0,0,NO_ORIGIN,0,0,1,1,1,1,0,0.0,,,,,0.0,1591,1524,,0,0,FAIL
2065.912,3,FAIL,0,0,NO_ORIGIN,0,0,1,1,1,1,0,0.0,,,,,0.0,1591,1524,,0,0,FAIL
2065.962,3,FAIL,0,0,NO_ORIGIN,0,0,1,1,1,1,0,0.0,,,,,0.0,1591,1524,,0,0,FAIL
2066.012,3,FAIL,0,0,NO_ORIGIN,0,0,1,1,1,1,0,0.0,,,,,0.0,1591,1524,,0,0,FAIL
2066.063,3,FAIL,0,0,NO_ORIGIN,0,0,1,1,1,1,0,0.0,,,,,0.0,1591,1524,,0,0,FAIL
2066.113,3,FAIL,0,0,NO_ORIGIN,0,0,1,1,1,1,0,0.0,,,,,0.0,1591,1524,,0,0,FAIL
2066.163,3,FAIL,0,0,NO_ORIGIN,0,0,1,1,1,1,0,0.0,,,,,0.0,1591,1524,,0,0,FAIL
2066.213,3,FAIL,0,0,NO_ORIGIN,0,0,1,1,1,1,0,0.0,,,,,0.0,1591,1524,,0,0,FAIL
2066.263,3,FAIL,0,0,NO_ORIGIN,0,0,1,1,1,1,0,0.0,,,,,0.0,1591,1524,,0,0,FAIL
2066.313,3,FAIL,0,0,NO_ORIGIN,0,0,1,1,1,1,0,0.0,,,,,0.0,1591,1524,,0,0,FAIL
2066.363,3,FAIL,0,0,NO_ORIGIN,0,0,1,1,1,1,0,0.0,,,,,0.0,1591,1524,,0,0,FAIL
2066.414,3,FAIL,0,0,NO_ORIGIN,0,0,1,1,1,1,0,0.0,,,,,0.0,1591,1524,,0,0,FAIL
2066.464,3,FAIL,0,0,NO_ORIGIN,0,0,1,1,1,1,0,0.0,,,,,0.0,1591,1524,,0,0,FAIL
2066.514,3,FAIL,0,0,NO_ORIGIN,0,0,1,1,1,1,0,0.0,,,,,0.0,1591,1524,,0,0,FAIL
2066.564,3,FAIL,0,0,NO_ORIGIN,0,0,1,1,1,1,0,0.0,,,,,0.0,1591,1524,,0,0,FAIL
2066.614,3,FAIL,0,0,NO_ORIGIN,0,0,1,1,1,1,0,0.0,,,,,0.0,1591,1524,,0,0,FAIL
2066.664,3,FAIL,0,0,NO_ORIGIN,0,0,1,1,1,1,0,0.0,,,,,0.0,1591,1524,,0,0,FAIL
2066.714,3,FAIL,0,0,NO_ORIGIN,0,0,1,1,1,1,0,0.0,,,,,0.0,1591,1524,,0,0,FAIL
2066.765,3,FAIL,0,0,NO_ORIGIN,0,0,1,1,1,1,0,0.0,,,,,0.0,1591,1524,,0,0,FAIL
2066.815,3,FAIL,0,0,NO_ORIGIN,0,0,1,1,1,1,0,0.0,,,,,0.0,1591,1524,,0,0,FAIL
2066.865,3,FAIL,0,0,NO_ORIGIN,0,0,1,1,1,1,0,0.0,,,,,0.0,1591,1524,,0,0,FAIL
2066.915,3,FAIL,0,0,NO_ORIGIN,0,0,1,1,1,1,0,0.0,,,,,0.0,1591,1524,,0,0,FAIL
2066.965,3,FAIL,0,0,NO_ORIGIN,0,0,1,1,1,1,0,0.0,,,,,0.0,1591,1524,,0,0,FAIL
2067.015,3,FAIL,0,0,NO_ORIGIN,0,0,1,1,1,1,0,0.0,,,,,0.0,1591,1524,,0,0,FAIL
2067.065,3,FAIL,0,0,NO_ORIGIN,0,0,1,1,1,1,0,0.0,,,,,0.0,1591,1524,,0,0,FAIL
2067.115,3,FAIL,0,0,NO_ORIGIN,0,0,1,1,1,1,0,0.0,,,,,0.0,1591,1524,,0,0,FAIL
2067.166,3,FAIL,0,0,NO_ORIGIN,0,0,1,1,1,1,0,0.0,,,,,0.0,1591,1524,,0,0,FAIL
2067.216,3,FAIL,0,0,NO_ORIGIN,0,0,1,1,1,1,0,0.0,,,,,0.0,1591,1524,,0,0,FAIL
2067.266,3,FAIL,0,0,NO_ORIGIN,0,0,1,1,1,1,0,0.0,,,,,0.0,1591,1524,,0,0,FAIL
2067.316,3,FAIL,0,0,NO_ORIGIN,0,0,1,1,1,1,0,0.0,,,,,0.0,1591,1524,,0,0,FAIL
2067.366,3,FAIL,0,0,NO_ORIGIN,0,0,1,1,1,1,0,0.0,,,,,0.0,1591,1524,,0,0,FAIL
2067.416,3,FAIL,0,0,NO_ORIGIN,0,0,1,1,1,1,0,0.0,,,,,0.0,1591,1524,,0,0,FAIL
2067.466,3,FAIL,0,0,NO_ORIGIN,0,0,1,1,1,1,0,0.0,,,,,0.0,1591,1524,,0,0,FAIL
2067.516,3,FAIL,0,0,NO_ORIGIN,0,0,1,1,1,1,0,0.0,,,,,0.0,1591,1524,,0,0,FAIL
2067.567,3,FAIL,0,0,NO_ORIGIN,0,0,1,1,1,1,0,0.0,,,,,0.0,1591,1524,,0,0,FAIL
2067.617,3,FAIL,0,0,NO_ORIGIN,0,0,1,1,1,1,0,0.0,,,,,0.0,1591,1524,,0,0,FAIL
2067.667,3,FAIL,0,0,NO_ORIGIN,0,0,1,1,1,1,0,0.0,,,,,0.0,1591,1524,,0,0,FAIL
2067.717,3,FAIL,0,0,NO_ORIGIN,0,0,1,1,1,1,0,0.0,,,,,0.0,1591,1524,,0,0,FAIL
2067.767,3,FAIL,0,0,NO_ORIGIN,0,0,1,1,1,1,0,0.0,,,,,0.0,1591,1524,,0,0,FAIL
2067.817,3,FAIL,0,0,NO_ORIGIN,0,0,1,1,1,1,0,0.0,,,,,0.0,1591,1524,,0,0,FAIL
2067.867,3,FAIL,0,0,NO_ORIGIN,0,0,1,1,1,1,0,0.0,,,,,0.0,1591,1524,,0,0,FAIL
2067.917,3,FAIL,0,0,NO_ORIGIN,0,0,1,1,1,1,0,0.0,,,,,0.0,1591,1524,,0,0,FAIL
2067.968,3,FAIL,0,0,NO_ORIGIN,0,0,1,1,1,1,0,0.0,,,,,0.0,1591,1524,,0,0,FAIL
2068.018,3,FAIL,0,0,NO_ORIGIN,0,0,0,0,1,0,0,0.0,,,,,0.0,1591,1524,,0,0,FAIL
2068.068,3,FAIL,0,0,NO_ORIGIN,0,0,0,0,1,0,0,0.0,,,,,0.0,1591,1524,,0,0,FAIL
2068.118,3,FAIL,0,0,NO_ORIGIN,0,0,0,0,1,0,0,0.0,,,,,0.0,1591,1524,,0,0,FAIL
2068.168,3,FAIL,0,0,NO_ORIGIN,0,0,0,0,1,0,0,0.0,,,,,0.0,1591,1524,,0,0,FAIL
2068.218,3,FAIL,0,0,NO_ORIGIN,0,0,0,0,1,0,0,0.0,,,,,0.0,1591,1524,,0,0,FAIL
2068.268,3,FAIL,0,0,NO_ORIGIN,0,0,0,0,1,0,0,0.0,,,,,0.0,1591,1524,,0,0,FAIL
2068.318,3,FAIL,0,0,NO_ORIGIN,0,0,0,0,1,0,0,0.0,,,,,0.0,1591,1524,,0,0,FAIL
2068.369,3,FAIL,0,0,NO_ORIGIN,0,0,0,0,1,0,0,0.0,,,,,0.0,1591,1524,,0,0,FAIL
2068.419,3,FAIL,0,0,NO_ORIGIN,0,0,0,0,1,0,0,0.0,,,,,0.0,1591,1524,,0,0,FAIL
2068.469,3,FAIL,0,0,NO_ORIGIN,0,0,0,0,1,0,0,0.0,,,,,0.0,1591,1524,,0,0,FAIL
2068.519,3,FAIL,0,0,NO_ORIGIN,0,0,0,0,1,0,0,0.0,,,,,0.0,1591,1524,,0,0,FAIL
2068.569,3,FAIL,0,0,NO_ORIGIN,0,0,0,0,1,0,0,0.0,,,,,0.0,1591,1524,,0,0,FAIL
2068.619,3,FAIL,0,0,NO_ORIGIN,0,0,0,0,1,0,0,0.0,,,,,0.0,1591,1524,,0,0,FAIL
2068.669,3,FAIL,0,0,NO_ORIGIN,0,0,0,0,1,0,0,0.0,,,,,0.0,1591,1524,,0,0,FAIL
2068.719,3,FAIL,0,0,NO_ORIGIN,0,0,0,0,1,0,0,0.0,,,,,0.0,1591,1524,,0,0,FAIL
2068.77,3,FAIL,0,0,NO_ORIGIN,0,0,0,0,1,0,0,0.0,,,,,0.0,1591,1524,,0,0,FAIL
2068.82,3,FAIL,0,0,NO_ORIGIN,0,0,0,0,1,0,0,0.0,,,,,0.0,1591,1524,,0,0,FAIL
2068.87,3,FAIL,0,0,NO_ORIGIN,0,0,0,0,1,0,0,0.0,,,,,0.0,1591,1524,,0,0,FAIL
2068.92,3,FAIL,0,0,NO_ORIGIN,0,0,0,0,1,0,0,0.0,,,,,0.0,1591,1524,,0,0,FAIL
2068.97,3,FAIL,0,0,NO_ORIGIN,0,0,0,0,1,0,0,0.0,,,,,0.0,1591,1524,,0,0,FAIL
2069.02,3,FAIL,0,0,NO_ORIGIN,0,0,0,0,1,0,0,0.0,,,,,0.0,1591,1524,,0,0,FAIL
2069.07,3,FAIL,0,0,NO_ORIGIN,0,0,0,0,1,0,0,0.0,,,,,0.0,1591,1524,,0,0,FAIL
2069.12,3,FAIL,0,0,NO_ORIGIN,0,0,0,0,1,0,0,0.0,,,,,0.0,1591,1524,,0,0,FAIL
2069.171,3,FAIL,0,0,NO_ORIGIN,0,0,0,0,1,0,0,0.0,,,,,0.0,1591,1524,,0,0,FAIL
2069.221,3,FAIL,0,0,NO_ORIGIN,0,0,0,0,1,0,0,0.0,,,,,0.0,1591,1524,,0,0,FAIL
2069.271,3,FAIL,0,0,NO_ORIGIN,0,0,0,0,1,0,0,0.0,,,,,0.0,1591,1524,,0,0,FAIL
2069.321,3,FAIL,0,0,NO_ORIGIN,0,0,0,0,1,0,0,0.0,,,,,0.0,1591,1524,,0,0,FAIL
2069.371,3,FAIL,0,0,NO_ORIGIN,0,0,0,0,1,0,0,0.0,,,,,0.0,1591,1524,,0,0,FAIL
2069.421,3,FAIL,0,0,NO_ORIGIN,0,0,0,0,1,0,0,0.0,,,,,0.0,1591,1524,,0,0,FAIL
2069.471,3,FAIL,0,0,NO_ORIGIN,0,0,0,0,1,0,0,0.0,,,,,0.0,1591,1524,,0,0,FAIL
2069.521,3,FAIL,0,0,NO_ORIGIN,0,0,0,0,1,0,0,0.0,,,,,0.0,1591,1524,,0,0,FAIL
2069.571,3,FAIL,0,0,NO_ORIGIN,0,0,1,1,1,1,0,0.0,,,,,0.0,1591,1524,,0,0,FAIL
2069.622,3,FAIL,0,0,NO_ORIGIN,0,0,1,1,1,1,0,0.0,,,,,0.0,1591,1524,,0,0,FAIL
2069.672,3,FAIL,0,0,NO_ORIGIN,0,0,1,1,1,1,0,0.0,,,,,0.0,1591,1524,,0,0,FAIL
2069.722,3,FAIL,0,0,NO_ORIGIN,0,0,1,1,1,1,0,0.0,,,,,0.0,1591,1524,,0,0,FAIL
2069.772,3,FAIL,0,0,NO_ORIGIN,0,0,1,1,1,1,0,0.0,,,,,0.0,1591,1524,,0,0,FAIL
2069.822,3,FAIL,0,0,NO_ORIGIN,0,0,1,1,1,1,0,0.0,,,,,0.0,1591,1524,,0,0,FAIL
2069.872,3,FAIL,0,0,NO_ORIGIN,0,0,1,1,1,1,0,0.0,,,,,0.0,1591,1524,,0,0,FAIL
2069.922,3,FAIL,0,0,NO_ORIGIN,0,0,1,1,1,1,0,0.0,,,,,0.0,1591,1524,,0,0,FAIL
2069.972,3,FAIL,0,0,NO_ORIGIN,0,0,1,1,1,1,0,0.0,,,,,0.0,1591,1524,,0,0,FAIL
2070.023,3,FAIL,0,0,NO_ORIGIN,0,0,1,1,1,1,0,0.0,,,,,0.0,1591,1524,,0,0,FAIL
2070.073,3,FAIL,0,0,NO_ORIGIN,0,0,1,1,1,1,0,0.0,,,,,0.0,1591,1524,,0,0,FAIL
2070.123,3,FAIL,0,0,NO_ORIGIN,0,0,1,1,1,1,0,0.0,,,,,0.0,1591,1524,,0,0,FAIL
2070.173,3,FAIL,0,0,NO_ORIGIN,0,0,1,1,1,1,0,0.0,,,,,0.0,1591,1524,,0,0,FAIL
2070.223,3,FAIL,0,0,NO_ORIGIN,0,0,1,1,1,1,0,0.0,,,,,0.0,1591,1524,,0,0,FAIL
2070.273,3,FAIL,0,0,NO_ORIGIN,0,0,1,1,1,1,0,0.0,,,,,0.0,1591,1524,,0,0,FAIL
2070.323,3,FAIL,0,0,NO_ORIGIN,0,0,1,1,1,1,0,0.0,,,,,0.0,1591,1524,,0,0,FAIL
2070.373,3,FAIL,0,0,NO_ORIGIN,0,0,1,1,1,1,0,0.0,,,,,0.0,1591,1524,,0,0,FAIL
2070.423,3,FAIL,0,0,NO_ORIGIN,0,0,1,1,1,1,0,0.0,,,,,0.0,1591,1524,,0,0,FAIL
2070.474,3,FAIL,0,0,NO_ORIGIN,0,0,1,1,1,1,0,0.0,,,,,0.0,1591,1524,,0,0,FAIL
2070.524,3,FAIL,0,0,NO_ORIGIN,0,0,1,1,1,1,0,0.0,,,,,0.0,1591,1524,,0,0,FAIL
2070.574,3,FAIL,0,0,NO_ORIGIN,0,0,1,1,1,1,0,0.0,,,,,0.0,1591,1524,,0,0,FAIL
2070.624,3,FAIL,0,0,NO_ORIGIN,0,0,1,1,1,1,0,0.0,,,,,0.0,1591,1524,,0,0,FAIL
2070.674,3,FAIL,0,0,NO_ORIGIN,0,0,1,1,1,1,0,0.0,,,,,0.0,1591,1524,,0,0,FAIL
2070.724,3,FAIL,0,0,NO_ORIGIN,0,0,1,1,1,1,0,0.0,,,,,0.0,1591,1524,,0,0,FAIL
2070.774,3,FAIL,0,0,NO_ORIGIN,0,0,1,1,1,1,0,0.0,,,,,0.0,1591,1524,,0,0,FAIL
2070.824,3,FAIL,0,0,NO_ORIGIN,0,0,1,1,1,1,0,0.0,,,,,0.0,1591,1524,,0,0,FAIL
2070.874,3,FAIL,0,0,NO_ORIGIN,0,0,1,1,1,1,0,0.0,,,,,0.0,1591,1524,,0,0,FAIL
2070.925,3,FAIL,0,0,NO_ORIGIN,0,0,1,1,1,1,0,0.0,,,,,0.0,1591,1524,,0,0,FAIL
2070.975,3,FAIL,0,0,NO_ORIGIN,0,0,1,1,1,1,0,0.0,,,,,0.0,1591,1524,,0,0,FAIL
2071.025,3,FAIL,0,0,NO_ORIGIN,0,0,1,1,1,1,0,0.0,,,,,0.0,1591,1524,,0,0,FAIL
2071.075,3,FAIL,0,0,NO_ORIGIN,0,0,1,1,1,1,0,0.0,,,,,0.0,1591,1524,,0,0,FAIL
2071.125,3,FAIL,0,0,NO_ORIGIN,0,0,1,1,1,1,0,0.0,,,,,0.0,1591,1524,,0,0,FAIL
2071.175,3,FAIL,0,0,NO_ORIGIN,0,0,1,1,1,1,0,0.0,,,,,0.0,1591,1524,,0,0,FAIL
2071.225,3,FAIL,0,0,NO_ORIGIN,0,0,1,1,1,1,0,0.0,,,,,0.0,1591,1524,,0,0,FAIL
2071.275,3,FAIL,0,0,NO_ORIGIN,0,0,1,1,1,1,0,0.0,,,,,0.0,1591,1524,,0,0,FAIL
2071.325,3,FAIL,0,0,NO_ORIGIN,0,0,1,1,1,1,0,0.0,,,,,0.0,1591,1524,,0,0,FAIL
2071.375,3,FAIL,0,0,NO_ORIGIN,0,0,1,1,1,1,0,0.0,,,,,0.0,1591,1524,,0,0,FAIL
2071.426,3,FAIL,0,0,NO_ORIGIN,0,0,1,1,1,1,0,0.0,,,,,0.0,1591,1524,,0,0,FAIL
2071.476,3,FAIL,0,0,NO_ORIGIN,0,0,1,1,1,1,0,0.0,,,,,0.0,1591,1524,,0,0,FAIL
2071.526,3,FAIL,0,0,NO_ORIGIN,0,0,1,1,1,1,0,0.0,,,,,0.0,1591,1524,,0,0,FAIL
2071.576,3,FAIL,0,0,NO_ORIGIN,0,0,1,1,1,1,0,0.0,,,,,0.0,1591,1524,,0,0,FAIL
2071.626,3,FAIL,0,0,NO_ORIGIN,0,0,1,1,1,1,0,0.0,,,,,0.0,1591,1524,,0,0,FAIL
2071.676,3,FAIL,0,0,NO_ORIGIN,0,0,1,1,1,1,0,0.0,,,,,0.0,1591,1524,,0,0,FAIL
2071.726,3,FAIL,0,0,NO_ORIGIN,0,0,1,1,1,1,0,0.0,,,,,0.0,1591,1524,,0,0,FAIL
2071.776,3,FAIL,0,0,NO_ORIGIN,0,0,1,1,1,1,0,0.0,,,,,0.0,1591,1524,,0,0,FAIL
2071.826,3,FAIL,0,0,NO_ORIGIN,0,0,1,1,1,1,0,0.0,,,,,0.0,1591,1524,,0,0,FAIL
2071.876,3,FAIL,0,0,NO_ORIGIN,0,0,1,1,1,1,0,0.0,,,,,0.0,1591,1524,,0,0,FAIL
2071.927,3,FAIL,0,0,NO_ORIGIN,0,0,1,1,1,1,0,0.0,,,,,0.0,1591,1524,,0,0,FAIL
2071.977,3,FAIL,0,0,NO_ORIGIN,0,0,1,1,1,1,0,0.0,,,,,0.0,1591,1524,,0,0,FAIL
2072.027,3,FAIL,0,0,NO_ORIGIN,0,0,1,1,1,1,0,0.0,,,,,0.0,1591,1524,,0,0,FAIL
2072.077,3,FAIL,0,0,NO_ORIGIN,0,0,1,1,1,1,0,0.0,,,,,0.0,1591,1524,,0,0,FAIL
2072.127,3,FAIL,0,0,NO_ORIGIN,0,0,1,1,1,1,0,0.0,,,,,0.0,1591,1524,,0,0,FAIL
2072.177,3,FAIL,0,0,NO_ORIGIN,0,0,1,1,1,1,0,0.0,,,,,0.0,1591,1524,,0,0,FAIL
2072.227,3,DR_M_GBA_CLOSED,1,1,OK,1,0,1,1,1,1,1,1.0,0.0,0.0,3.943,52.4,-32.078,1524,1458,LATE_GPS,0,0,DR_TRACKING_CLOSED
2072.277,3,DR_M_GBA_CLOSED,1,1,OK,1,0,1,1,1,1,1,1.0,0.0,0.0,3.181,55.35,-26.661,1491,1424,LATE_GPS,0,0,DR_TRACKING_CLOSED
2072.327,3,DR_M_GBA_CLOSED,1,1,OK,1,0,1,1,1,1,1,1.0,0.0,0.0,3.181,58.3,-27.374,1457,1391,LATE_GPS,0,0,DR_TRACKING_CLOSED
2072.377,3,DR_M_GBA_CLOSED,1,1,OK,1,0,1,1,1,1,1,1.0,0.0,0.0,3.131,61.24,-27.574,1424,1358,LATE_GPS,0,0,DR_TRACKING_CLOSED
2072.428,3,DR_M_GBA_CLOSED,1,1,OK,1,0,1,1,1,1,1,1.0,0.0,0.0,3.131,64.19,-28.132,1399,1332,LATE_GPS,0,0,DR_TRACKING_CLOSED
2072.478,3,DR_M_GBA_CLOSED,1,1,OK,1,0,1,1,1,1,1,1.0,0.0,0.0,3.131,67.13,-28.615,1394,1328,LATE_GPS,0,0,DR_TRACKING_CLOSED
2072.528,3,DR_M_GBA_CLOSED,1,1,OK,1,0,1,1,1,1,1,1.0,0.0,0.0,3.131,70.08,-29.023,1390,1324,LATE_GPS,0,0,DR_TRACKING_CLOSED
2072.578,3,DR_M_GBA_CLOSED,1,1,OK,1,0,1,1,1,1,1,1.0,0.0,0.0,2.0,73.02,-18.75,1424,1358,LATE_GPS,0,0,DR_TRACKING_CLOSED
2072.628,3,DR_M_GBA_CLOSED,1,1,OK,1,0,1,1,1,1,1,1.0,0.0,0.0,2.0,99.54,-19.099,1457,1391,LATE_GPS,0,0,DR_TRACKING_CLOSED
2072.678,3,DR_M_GBA_CLOSED,1,1,OK,1,0,1,1,1,1,1,1.0,0.0,0.0,2.387,105.43,-22.794,1445,1378,LATE_GPS,0,0,DR_TRACKING_CLOSED
2072.728,3,DR_M_GBA_CLOSED,1,1,OK,1,0,1,1,1,1,1,1.0,0.0,0.0,2.387,111.32,-22.794,1445,1378,LATE_GPS,0,0,DR_TRACKING_CLOSED
2072.778,3,DR_M_GBA_CLOSED,1,1,OK,1,0,1,1,1,1,1,1.0,0.0,0.0,3.458,117.21,-33.018,1411,1345,LATE_GPS,0,0,DR_TRACKING_CLOSED
2072.828,3,FAIL,0,0,NO_GUIDANCE_SOURCE,1,0,0,0,1,0,1,1.0,0.0,0.0,3.458,117.21,0.0,1591,1524,LATE_GPS,0,0,FAIL
2072.878,3,FAIL,0,0,NO_GUIDANCE_SOURCE,1,0,0,0,1,0,1,1.0,0.0,0.0,3.458,117.21,0.0,1591,1524,LATE_GPS,0,0,FAIL
2072.929,3,FAIL,0,0,NO_GUIDANCE_SOURCE,1,0,0,0,1,0,1,1.0,0.0,0.0,3.458,117.21,0.0,1591,1524,LATE_GPS,0,0,FAIL
2072.979,3,FAIL,0,0,NO_GUIDANCE_SOURCE,1,0,0,0,1,0,1,1.0,0.0,0.0,3.458,117.21,0.0,1591,1524,LATE_GPS,0,0,FAIL
2073.029,3,FAIL,0,0,NO_GUIDANCE_SOURCE,1,0,0,0,1,0,1,1.0,0.0,0.0,3.458,117.21,0.0,1591,1524,LATE_GPS,0,0,FAIL
2073.079,3,FAIL,0,0,NO_GUIDANCE_SOURCE,1,0,0,0,1,0,1,1.0,0.0,0.0,3.458,117.21,0.0,1591,1524,LATE_GPS,0,0,FAIL
2073.129,3,FAIL,0,0,NO_GUIDANCE_SOURCE,1,0,0,0,1,0,1,1.0,0.0,0.0,3.458,117.21,0.0,1591,1524,LATE_GPS,0,0,FAIL
2073.18,3,FAIL,0,0,NO_GUIDANCE_SOURCE,1,0,0,0,1,0,1,1.0,0.0,0.0,3.458,117.21,0.0,1591,1524,LATE_GPS,0,0,FAIL
2073.23,3,FAIL,0,0,NO_GUIDANCE_SOURCE,1,0,0,0,1,0,1,1.0,0.0,0.0,3.458,117.21,0.0,1591,1524,LATE_GPS,0,0,FAIL
2073.28,3,FAIL,0,0,NO_GUIDANCE_SOURCE,1,0,0,0,1,0,1,1.0,0.0,0.0,3.458,117.21,0.0,1591,1524,LATE_GPS,0,0,FAIL
2073.33,3,FAIL,0,0,NO_GUIDANCE_SOURCE,1,0,0,0,1,0,1,1.0,0.0,0.0,3.458,117.21,0.0,1591,1524,LATE_GPS,0,0,FAIL
2073.38,3,FAIL,0,0,NO_GUIDANCE_SOURCE,1,0,0,0,1,0,1,1.0,0.0,0.0,3.458,117.21,0.0,1591,1524,LATE_GPS,0,0,FAIL
2073.43,3,FAIL,0,0,NO_GUIDANCE_SOURCE,1,0,0,0,1,0,1,1.0,0.0,0.0,3.458,117.21,0.0,1591,1524,LATE_GPS,0,0,FAIL
2073.48,3,FAIL,0,0,NO_GUIDANCE_SOURCE,1,0,0,0,1,0,1,1.0,0.0,0.0,3.458,117.21,0.0,1591,1524,LATE_GPS,0,0,FAIL
2073.53,3,FAIL,0,0,NO_GUIDANCE_SOURCE,1,0,0,0,1,0,1,1.0,0.0,0.0,3.458,117.21,0.0,1591,1524,LATE_GPS,0,0,FAIL
2073.581,3,FAIL,0,0,NO_GUIDANCE_SOURCE,1,0,0,0,1,0,1,1.0,0.0,0.0,3.458,117.21,0.0,1591,1524,LATE_GPS,0,0,FAIL
2073.631,3,FAIL,0,0,NO_GUIDANCE_SOURCE,1,0,0,0,1,0,1,1.0,0.0,0.0,3.458,117.21,0.0,1591,1524,LATE_GPS,0,0,FAIL
2073.681,3,FAIL,0,0,NO_GUIDANCE_SOURCE,1,0,0,0,1,0,1,1.0,0.0,0.0,3.458,117.21,0.0,1591,1524,LATE_GPS,0,0,FAIL
2073.731,3,FAIL,0,0,NO_GUIDANCE_SOURCE,1,0,0,0,1,0,1,1.0,0.0,0.0,3.458,117.21,0.0,1591,1524,LATE_GPS,0,0,FAIL
2073.781,3,FAIL,0,0,NO_GUIDANCE_SOURCE,1,0,0,0,1,0,1,1.0,0.0,0.0,3.458,117.21,0.0,1591,1524,LATE_GPS,0,0,FAIL
2073.831,3,FAIL,0,0,NO_GUIDANCE_SOURCE,1,0,0,0,1,0,1,1.0,0.0,0.0,3.458,117.21,0.0,1591,1524,LATE_GPS,0,0,FAIL
2073.881,3,FAIL,0,0,NO_GUIDANCE_SOURCE,1,0,0,0,1,0,1,1.0,0.0,0.0,3.458,117.21,0.0,1591,1524,LATE_GPS,0,0,FAIL
2073.931,3,FAIL,0,0,NO_GUIDANCE_SOURCE,1,0,0,0,1,0,1,1.0,0.0,0.0,3.458,117.21,0.0,1591,1524,LATE_GPS,0,0,FAIL
2073.981,3,FAIL,0,0,NO_GUIDANCE_SOURCE,1,0,0,0,1,0,1,1.0,0.0,0.0,3.458,117.21,0.0,1591,1524,LATE_GPS,0,0,FAIL
2074.032,3,FAIL,0,0,NO_GUIDANCE_SOURCE,1,0,0,0,1,0,1,1.0,0.0,0.0,3.458,117.21,0.0,1591,1524,LATE_GPS,0,0,FAIL
2074.082,3,FAIL,0,0,NO_GUIDANCE_SOURCE,1,0,0,0,1,0,1,1.0,0.0,0.0,3.458,117.21,0.0,1591,1524,LATE_GPS,0,0,FAIL
2074.132,3,FAIL,0,0,NO_GUIDANCE_SOURCE,1,0,0,0,1,0,1,1.0,0.0,0.0,3.458,117.21,0.0,1591,1524,LATE_GPS,0,0,FAIL
2074.182,3,FAIL,0,0,NO_GUIDANCE_SOURCE,1,0,0,0,1,0,1,1.0,0.0,0.0,3.458,117.21,0.0,1591,1524,LATE_GPS,0,0,FAIL
2074.232,3,FAIL,0,0,NO_GUIDANCE_SOURCE,1,0,0,0,1,0,1,1.0,0.0,0.0,3.458,117.21,0.0,1591,1524,LATE_GPS,0,0,FAIL
2074.282,3,FAIL,0,0,NO_GUIDANCE_SOURCE,1,0,0,0,1,0,1,1.0,0.0,0.0,3.458,117.21,0.0,1591,1524,LATE_GPS,0,0,FAIL
2074.332,3,FAIL,0,0,NO_GUIDANCE_SOURCE,1,0,0,0,1,0,1,1.0,0.0,0.0,3.458,117.21,0.0,1591,1524,LATE_GPS,0,0,FAIL
2074.382,3,FAIL,0,0,NO_GUIDANCE_SOURCE,1,0,0,0,1,0,1,1.0,0.0,0.0,3.458,117.21,0.0,1591,1524,LATE_GPS,0,0,FAIL
2074.433,3,FAIL,0,0,NO_GUIDANCE_SOURCE,1,0,0,0,1,0,1,1.0,0.0,0.0,3.458,117.21,0.0,1591,1524,LATE_GPS,0,0,FAIL
2074.483,3,FAIL,0,0,NO_GUIDANCE_SOURCE,1,0,0,0,1,0,1,1.0,0.0,0.0,3.458,117.21,0.0,1591,1524,LATE_GPS,0,0,FAIL
2074.533,3,FAIL,0,0,NO_GUIDANCE_SOURCE,1,0,0,0,1,0,1,1.0,0.0,0.0,3.458,117.21,0.0,1591,1524,LATE_GPS,0,0,FAIL
2074.583,3,FAIL,0,0,NO_GUIDANCE_SOURCE,1,0,0,0,1,0,1,1.0,0.0,0.0,3.458,117.21,0.0,1591,1524,LATE_GPS,0,0,FAIL
2074.633,3,FAIL,0,0,NO_GUIDANCE_SOURCE,1,0,0,0,1,0,1,1.0,0.0,0.0,3.458,117.21,0.0,1591,1524,LATE_GPS,0,0,FAIL
2074.683,3,FAIL,0,0,NO_GUIDANCE_SOURCE,1,0,0,0,1,0,1,1.0,0.0,0.0,3.458,117.21,0.0,1591,1524,LATE_GPS,0,0,FAIL
2074.733,3,FAIL,0,0,NO_GUIDANCE_SOURCE,1,0,0,0,1,0,1,1.0,0.0,0.0,3.458,117.21,0.0,1591,1524,LATE_GPS,0,0,FAIL
2074.783,3,FAIL,0,0,NO_GUIDANCE_SOURCE,1,0,0,0,1,0,1,1.0,0.0,0.0,3.458,117.21,0.0,1591,1524,LATE_GPS,0,0,FAIL
2074.834,3,FAIL,0,0,NO_GUIDANCE_SOURCE,1,0,0,0,1,0,1,1.0,0.0,0.0,3.458,117.21,0.0,1591,1524,LATE_GPS,0,0,FAIL
2074.884,3,FAIL,0,0,NO_GUIDANCE_SOURCE,1,0,0,0,1,0,1,1.0,0.0,0.0,3.458,117.21,0.0,1591,1524,LATE_GPS,0,0,FAIL
2074.934,3,FAIL,0,0,NO_GUIDANCE_SOURCE,1,0,0,0,1,0,1,1.0,0.0,0.0,3.458,117.21,0.0,1591,1524,LATE_GPS,0,0,FAIL
2074.984,3,FAIL,0,0,NO_GUIDANCE_SOURCE,1,0,0,0,1,0,1,1.0,0.0,0.0,3.458,117.21,0.0,1591,1524,LATE_GPS,0,0,FAIL
2075.034,3,FAIL,0,0,NO_GUIDANCE_SOURCE,1,0,0,0,1,0,1,1.0,0.0,0.0,3.458,117.21,0.0,1591,1524,LATE_GPS,0,0,FAIL
2075.084,3,FAIL,0,0,NO_GUIDANCE_SOURCE,1,0,0,0,1,0,1,1.0,0.0,0.0,3.458,117.21,0.0,1591,1524,LATE_GPS,0,0,FAIL
2075.134,3,FAIL,0,0,NO_GUIDANCE_SOURCE,1,0,0,0,1,0,1,1.0,0.0,0.0,3.458,117.21,0.0,1591,1524,LATE_GPS,0,0,FAIL
2075.185,3,FAIL,0,0,NO_GUIDANCE_SOURCE,1,0,0,0,1,0,1,1.0,0.0,0.0,3.458,117.21,0.0,1591,1524,LATE_GPS,0,0,FAIL
2075.235,3,FAIL,0,0,NO_GUIDANCE_SOURCE,1,0,0,0,1,0,1,1.0,0.0,0.0,3.458,117.21,0.0,1591,1524,LATE_GPS,0,0,FAIL
2075.285,3,FAIL,0,0,NO_GUIDANCE_SOURCE,1,0,0,0,1,0,1,1.0,0.0,0.0,3.458,117.21,0.0,1591,1524,LATE_GPS,0,0,FAIL
2075.335,3,FAIL,0,0,NO_GUIDANCE_SOURCE,1,0,0,0,1,0,1,1.0,0.0,0.0,3.458,117.21,0.0,1591,1524,LATE_GPS,0,0,FAIL
2075.385,3,FAIL,0,0,NO_GUIDANCE_SOURCE,1,0,0,0,1,0,1,1.0,0.0,0.0,3.458,117.21,0.0,1591,1524,LATE_GPS,0,0,FAIL
2075.436,3,FAIL,0,0,NO_GUIDANCE_SOURCE,1,0,0,0,1,0,1,1.0,0.0,0.0,3.458,117.21,0.0,1591,1524,LATE_GPS,0,0,FAIL
2075.486,3,FAIL,0,0,NO_GUIDANCE_SOURCE,1,0,0,0,1,0,1,1.0,0.0,0.0,3.458,117.21,0.0,1591,1524,LATE_GPS,0,0,FAIL
2075.536,3,FAIL,0,0,NO_GUIDANCE_SOURCE,1,0,0,0,1,0,1,1.0,0.0,0.0,3.458,117.21,0.0,1591,1524,LATE_GPS,0,0,FAIL
2075.586,3,FAIL,0,0,NO_GUIDANCE_SOURCE,1,0,0,0,1,0,1,1.0,0.0,0.0,3.458,117.21,0.0,1591,1524,LATE_GPS,0,0,FAIL
2075.636,3,FAIL,0,0,NO_GUIDANCE_SOURCE,1,0,0,0,1,0,1,1.0,0.0,0.0,3.458,117.21,0.0,1591,1524,LATE_GPS,0,0,FAIL
2075.687,3,FAIL,0,0,NO_GUIDANCE_SOURCE,1,0,0,0,1,0,1,1.0,0.0,0.0,3.458,117.21,0.0,1591,1524,LATE_GPS,0,0,FAIL
2075.737,3,FAIL,0,0,NO_GUIDANCE_SOURCE,1,0,0,0,1,0,1,1.0,0.0,0.0,3.458,117.21,0.0,1591,1524,LATE_GPS,0,0,FAIL
2075.788,3,FAIL,0,0,NO_GUIDANCE_SOURCE,1,0,0,0,1,0,1,1.0,0.0,0.0,3.458,117.21,0.0,1591,1524,LATE_GPS,0,0,FAIL
2075.838,3,FAIL,0,0,NO_GUIDANCE_SOURCE,1,0,0,0,1,0,1,1.0,0.0,0.0,3.458,117.21,0.0,1591,1524,LATE_GPS,0,0,FAIL
2075.888,3,FAIL,0,0,NO_GUIDANCE_SOURCE,1,0,0,0,1,0,1,1.0,0.0,0.0,3.458,117.21,0.0,1591,1524,LATE_GPS,0,0,FAIL
2075.938,3,FAIL,0,0,NO_GUIDANCE_SOURCE,1,0,0,0,1,0,1,1.0,0.0,0.0,3.458,117.21,0.0,1591,1524,LATE_GPS,0,0,FAIL
2075.989,3,FAIL,0,0,NO_GUIDANCE_SOURCE,1,0,0,0,1,0,1,1.0,0.0,0.0,3.458,117.21,0.0,1591,1524,LATE_GPS,0,0,FAIL
2076.039,3,FAIL,0,0,NO_GUIDANCE_SOURCE,1,0,0,0,1,0,1,1.0,0.0,0.0,3.458,117.21,0.0,1591,1524,LATE_GPS,0,0,FAIL
2076.089,3,FAIL,0,0,NO_GUIDANCE_SOURCE,1,0,0,0,1,0,1,1.0,0.0,0.0,3.458,117.21,0.0,1591,1524,LATE_GPS,0,0,FAIL
2076.14,3,FAIL,0,0,NO_GUIDANCE_SOURCE,1,0,0,0,1,0,1,1.0,0.0,0.0,3.458,117.21,0.0,1591,1524,LATE_GPS,0,0,FAIL
2076.19,3,FAIL,0,0,NO_GUIDANCE_SOURCE,1,0,0,0,1,0,1,1.0,0.0,0.0,3.458,117.21,0.0,1591,1524,LATE_GPS,0,0,FAIL
2076.24,3,FAIL,0,0,NO_GUIDANCE_SOURCE,1,0,0,0,1,0,1,1.0,0.0,0.0,3.458,117.21,0.0,1591,1524,LATE_GPS,0,0,FAIL
2076.291,3,FAIL,0,0,NO_GUIDANCE_SOURCE,1,0,0,0,1,0,1,1.0,0.0,0.0,3.458,117.21,0.0,1591,1524,LATE_GPS,0,0,FAIL
2076.341,3,FAIL,0,0,NO_GUIDANCE_SOURCE,1,0,0,0,1,0,1,1.0,0.0,0.0,3.458,117.21,0.0,1591,1524,LATE_GPS,0,0,FAIL
2076.391,3,FAIL,0,0,NO_GUIDANCE_SOURCE,1,0,0,0,1,0,1,1.0,0.0,0.0,3.458,117.21,0.0,1591,1524,LATE_GPS,0,0,FAIL
2076.441,3,FAIL,0,0,NO_GUIDANCE_SOURCE,1,0,0,0,1,0,1,1.0,0.0,0.0,3.458,117.21,0.0,1591,1524,LATE_GPS,0,0,FAIL
2076.492,3,FAIL,0,0,NO_GUIDANCE_SOURCE,1,0,0,0,1,0,1,1.0,0.0,0.0,3.458,117.21,0.0,1591,1524,LATE_GPS,0,0,FAIL
2076.542,3,FAIL,0,0,NO_GUIDANCE_SOURCE,1,0,0,0,1,0,1,1.0,0.0,0.0,3.458,117.21,0.0,1591,1524,LATE_GPS,0,0,FAIL
2076.592,3,FAIL,0,0,NO_GUIDANCE_SOURCE,1,0,0,0,1,0,1,1.0,0.0,0.0,3.458,117.21,0.0,1591,1524,LATE_GPS,0,0,FAIL
2076.642,3,FAIL,0,0,NO_GUIDANCE_SOURCE,1,0,0,0,1,0,1,1.0,0.0,0.0,3.458,117.21,0.0,1591,1524,LATE_GPS,0,0,FAIL
2076.693,3,FAIL,0,0,NO_GUIDANCE_SOURCE,1,0,0,0,1,0,1,1.0,0.0,0.0,3.458,117.21,0.0,1591,1524,LATE_GPS,0,0,FAIL
2076.743,3,FAIL,0,0,NO_GUIDANCE_SOURCE,1,0,0,0,1,0,1,1.0,0.0,0.0,3.458,117.21,0.0,1591,1524,LATE_GPS,0,0,FAIL
2076.794,3,FAIL,0,0,NO_GUIDANCE_SOURCE,1,0,0,0,1,0,1,1.0,0.0,0.0,3.458,117.21,0.0,1591,1524,LATE_GPS,0,0,FAIL
2076.844,3,FAIL,0,0,NO_GUIDANCE_SOURCE,1,0,0,0,1,0,1,1.0,0.0,0.0,3.458,117.21,0.0,1591,1524,LATE_GPS,0,0,FAIL
2076.894,3,FAIL,0,0,NO_GUIDANCE_SOURCE,1,0,0,0,1,0,1,1.0,0.0,0.0,3.458,117.21,0.0,1591,1524,LATE_GPS,0,0,FAIL
2076.944,3,FAIL,0,0,NO_GUIDANCE_SOURCE,1,0,0,0,1,0,1,1.0,0.0,0.0,3.458,117.21,0.0,1591,1524,LATE_GPS,0,0,FAIL
2076.994,3,FAIL,0,0,NO_GUIDANCE_SOURCE,1,0,0,0,1,0,1,1.0,0.0,0.0,3.458,117.21,0.0,1591,1524,LATE_GPS,0,0,FAIL
2077.044,3,FAIL,0,0,NO_GUIDANCE_SOURCE,1,0,0,0,1,0,1,1.0,0.0,0.0,3.458,117.21,0.0,1591,1524,LATE_GPS,0,0,FAIL
2077.095,3,FAIL,0,0,NO_GUIDANCE_SOURCE,1,0,0,0,1,0,1,1.0,0.0,0.0,3.458,117.21,0.0,1591,1524,LATE_GPS,0,0,FAIL
2077.145,3,FAIL,0,0,NO_GUIDANCE_SOURCE,1,0,0,0,1,0,1,1.0,0.0,0.0,3.458,117.21,0.0,1591,1524,LATE_GPS,0,0,FAIL
2077.195,3,FAIL,0,0,NO_GUIDANCE_SOURCE,0,0,0,0,1,0,1,1.0,0.0,0.0,3.458,117.21,0.0,1591,1524,LATE_GPS,0,0,FAIL
2077.245,3,FAIL,0,0,NO_GUIDANCE_SOURCE,0,0,0,0,1,0,1,1.0,0.0,0.0,3.458,117.21,0.0,1591,1524,LATE_GPS,0,0,FAIL
2077.296,3,FAIL,0,0,NO_GUIDANCE_SOURCE,0,0,0,0,1,0,1,1.0,0.0,0.0,3.458,117.21,0.0,1591,1524,LATE_GPS,0,0,FAIL
2077.346,3,FAIL,0,0,NO_GUIDANCE_SOURCE,0,0,0,0,1,0,1,1.0,0.0,0.0,3.458,117.21,0.0,1591,1524,LATE_GPS,0,0,FAIL
2077.396,3,FAIL,0,0,NO_GUIDANCE_SOURCE,0,0,0,0,1,0,1,1.0,0.0,0.0,3.458,117.21,0.0,1591,1524,LATE_GPS,0,0,FAIL
2077.446,3,FAIL,0,0,NO_GUIDANCE_SOURCE,0,0,0,0,1,0,1,1.0,0.0,0.0,3.458,117.21,0.0,1591,1524,LATE_GPS,0,0,FAIL
2077.497,3,FAIL,0,0,NO_GUIDANCE_SOURCE,0,0,0,0,1,0,1,1.0,0.0,0.0,3.458,117.21,0.0,1591,1524,LATE_GPS,0,0,FAIL
2077.547,3,FAIL,0,0,NO_GUIDANCE_SOURCE,0,0,0,0,1,0,1,1.0,0.0,0.0,3.458,117.21,0.0,1591,1524,LATE_GPS,0,0,FAIL
2077.597,3,FAIL,0,0,NO_GUIDANCE_SOURCE,0,0,0,0,1,0,1,1.0,0.0,0.0,3.458,117.21,0.0,1591,1524,LATE_GPS,0,0,FAIL
2077.647,3,FAIL,0,0,NO_GUIDANCE_SOURCE,0,0,0,0,1,0,1,1.0,0.0,0.0,3.458,117.21,0.0,1591,1524,LATE_GPS,0,0,FAIL
2077.697,3,FAIL,0,0,NO_GUIDANCE_SOURCE,0,0,0,0,1,0,1,1.0,0.0,0.0,3.458,117.21,0.0,1591,1524,LATE_GPS,0,0,FAIL
2077.747,3,FAIL,0,0,NO_GUIDANCE_SOURCE,0,0,0,0,1,0,1,1.0,0.0,0.0,3.458,117.21,0.0,1591,1524,LATE_GPS,0,0,FAIL
2077.797,3,FAIL,0,0,NO_GUIDANCE_SOURCE,0,0,0,0,1,0,1,1.0,0.0,0.0,3.458,117.21,0.0,1591,1524,LATE_GPS,0,0,FAIL
2077.848,3,FAIL,0,0,NO_GUIDANCE_SOURCE,0,0,0,0,1,0,1,1.0,0.0,0.0,3.458,117.21,0.0,1591,1524,LATE_GPS,0,0,FAIL
2077.898,3,FAIL,0,0,NO_GUIDANCE_SOURCE,0,0,0,0,1,0,1,1.0,0.0,0.0,3.458,117.21,0.0,1591,1524,LATE_GPS,0,0,FAIL
2077.948,3,FAIL,0,0,NO_GUIDANCE_SOURCE,0,0,0,0,1,0,1,1.0,0.0,0.0,3.458,117.21,0.0,1591,1524,LATE_GPS,0,0,FAIL
2077.998,3,FAIL,0,0,NO_GUIDANCE_SOURCE,0,0,0,0,1,0,1,1.0,0.0,0.0,3.458,117.21,0.0,1591,1524,LATE_GPS,0,0,FAIL
2078.048,3,FAIL,0,0,NO_GUIDANCE_SOURCE,0,0,0,0,1,0,1,1.0,0.0,0.0,3.458,117.21,0.0,1591,1524,LATE_GPS,0,0,FAIL
2078.098,3,FAIL,0,0,NO_GUIDANCE_SOURCE,0,0,0,0,1,0,1,1.0,0.0,0.0,3.458,117.21,0.0,1591,1524,LATE_GPS,0,0,FAIL
2078.148,3,FAIL,0,0,NO_GUIDANCE_SOURCE,0,0,0,0,1,0,1,1.0,0.0,0.0,3.458,117.21,0.0,1591,1524,LATE_GPS,0,0,FAIL
2078.199,3,FAIL,0,0,NO_GUIDANCE_SOURCE,0,0,0,0,1,0,1,1.0,0.0,0.0,3.458,117.21,0.0,1591,1524,LATE_GPS,0,0,FAIL
2078.249,3,FAIL,0,0,NO_GUIDANCE_SOURCE,0,0,0,0,1,0,1,1.0,0.0,0.0,3.458,117.21,0.0,1591,1524,LATE_GPS,0,0,FAIL
2078.299,3,FAIL,0,0,NO_GUIDANCE_SOURCE,0,0,0,0,1,0,1,1.0,0.0,0.0,3.458,117.21,0.0,1591,1524,LATE_GPS,0,0,FAIL
2078.349,3,FAIL,0,0,NO_GUIDANCE_SOURCE,0,0,0,0,1,0,1,1.0,0.0,0.0,3.458,117.21,0.0,1591,1524,LATE_GPS,0,0,FAIL
2078.399,3,FAIL,0,0,NO_GUIDANCE_SOURCE,0,0,0,0,1,0,1,1.0,0.0,0.0,3.458,117.21,0.0,1591,1524,LATE_GPS,0,0,FAIL
2078.449,3,FAIL,0,0,NO_GUIDANCE_SOURCE,0,0,0,0,1,0,1,1.0,0.0,0.0,3.458,117.21,0.0,1591,1524,LATE_GPS,0,0,FAIL
2078.499,3,FAIL,0,0,NO_GUIDANCE_SOURCE,0,0,0,0,1,0,1,1.0,0.0,0.0,3.458,117.21,0.0,1591,1524,LATE_GPS,0,0,FAIL
2078.55,3,FAIL,0,0,NO_GUIDANCE_SOURCE,0,0,0,0,1,0,1,1.0,0.0,0.0,3.458,117.21,0.0,1591,1524,LATE_GPS,0,0,FAIL
2078.6,3,FAIL,0,0,NO_GUIDANCE_SOURCE,0,0,0,0,1,0,1,1.0,0.0,0.0,3.458,117.21,0.0,1591,1524,LATE_GPS,0,0,FAIL
2078.65,3,FAIL,0,0,NO_GUIDANCE_SOURCE,0,0,0,0,1,0,1,1.0,0.0,0.0,3.458,117.21,0.0,1591,1524,LATE_GPS,0,0,FAIL
2078.7,3,FAIL,0,0,NO_GUIDANCE_SOURCE,0,0,0,0,1,0,1,1.0,0.0,0.0,3.458,117.21,0.0,1591,1524,LATE_GPS,0,0,FAIL
2078.75,3,FAIL,0,0,NO_GUIDANCE_SOURCE,0,0,0,0,1,0,1,1.0,0.0,0.0,3.458,117.21,0.0,1591,1524,LATE_GPS,0,0,FAIL
2078.8,3,FAIL,0,0,NO_GUIDANCE_SOURCE,0,0,0,0,1,0,1,1.0,0.0,0.0,3.458,117.21,0.0,1591,1524,LATE_GPS,0,0,FAIL
2078.85,3,FAIL,0,0,NO_GUIDANCE_SOURCE,0,0,0,0,1,0,1,1.0,0.0,0.0,3.458,117.21,0.0,1591,1524,LATE_GPS,0,0,FAIL
2078.9,3,FAIL,0,0,NO_GUIDANCE_SOURCE,0,0,0,0,1,0,1,1.0,0.0,0.0,3.458,117.21,0.0,1591,1524,LATE_GPS,0,0,FAIL
2078.951,3,FAIL,0,0,NO_GUIDANCE_SOURCE,0,0,0,0,1,0,1,1.0,0.0,0.0,3.458,117.21,0.0,1591,1524,LATE_GPS,0,0,FAIL
2079.001,3,DR_PM_GBA_CLOSED,1,1,OK,0,0,1,1,1,1,1,0.9645,0.827,-1.827,4.012,155.93,-36.95,1278,1212,LATE_GPS,0,0,DR_TRACKING_CLOSED
2079.051,3,DR_PM_GBA_CLOSED,1,1,OK,0,0,1,1,1,1,1,0.9635,0.913,-2.066,5.053,160.06,-45.0,1244,1178,LATE_GPS,0,0,DR_TRACKING_CLOSED
2079.101,3,DR_PM_GBA_CLOSED,1,1,OK,0,0,1,1,1,1,1,0.9625,0.982,-2.309,5.053,164.19,-45.0,1278,1212,LATE_GPS,0,0,DR_TRACKING_CLOSED
2079.151,3,DR_PM_GBA_CLOSED,1,1,OK,0,0,1,1,1,1,1,0.9615,1.028,-2.531,4.525,168.33,-41.548,1311,1245,LATE_GPS,0,0,DR_TRACKING_CLOSED
2079.201,3,DR_PM_GBA_CLOSED,1,1,OK,0,0,1,1,1,1,1,0.9605,1.057,-2.756,4.525,172.71,-41.505,1278,1212,LATE_GPS,0,0,DR_TRACKING_CLOSED
2079.251,3,DR_PM_GBA_CLOSED,1,1,OK,0,0,1,1,1,1,1,0.9595,1.069,-2.983,4.525,177.09,41.461,1311,1245,LATE_GPS,0,0,DR_TRACKING_CLOSED
2079.301,3,DR_PM_GBA_CLOSED,1,1,OK,0,0,1,1,1,1,1,0.9585,1.063,-3.21,4.525,-178.53,41.418,1345,1278,LATE_GPS,0,0,DR_TRACKING_CLOSED
2079.352,3,DR_PM_GBA_CLOSED,1,1,OK,0,0,1,1,1,1,1,0.9575,1.027,-3.559,7.0,-174.15,45.0,1378,1312,LATE_GPS,0,0,DR_TRACKING_CLOSED
2079.402,3,DR_PM_GBA_CLOSED,1,1,OK,0,0,1,1,1,1,1,0.9565,0.965,-3.904,7.0,-169.77,45.0,1411,1345,LATE_GPS,0,0,DR_TRACKING_CLOSED
2079.452,3,DR_PM_GBA_CLOSED,1,1,OK,0,0,1,1,1,1,1,0.9555,0.876,-4.243,7.0,-165.39,45.0,1445,1379,LATE_GPS,0,0,DR_TRACKING_CLOSED
2079.502,3,DR_PM_GBA_CLOSED,1,1,OK,0,0,1,1,1,1,1,0.9545,0.762,-4.575,7.0,-161.01,45.0,1478,1412,LATE_GPS,0,0,DR_TRACKING_CLOSED
2079.552,3,DR_PM_GBA_CLOSED,1,1,OK,0,0,1,1,1,1,1,0.9535,0.663,-4.804,4.974,-156.63,45.0,1512,1446,LATE_GPS,0,0,DR_TRACKING_CLOSED
2079.602,3,DR_PM_GBA_CLOSED,1,1,OK,0,0,1,1,1,1,1,0.9525,0.547,-5.025,4.974,-152.25,45.0,1545,1479,LATE_GPS,0,0,DR_TRACKING_CLOSED
2079.652,3,DR_PM_GBA_CLOSED,1,1,OK,0,0,1,1,1,1,1,0.9515,0.42,-5.226,4.751,-147.87,43.171,1579,1512,LATE_GPS,0,0,DR_TRACKING_CLOSED
2079.702,3,DR_PM_GBA_CLOSED,1,1,OK,0,0,1,1,1,1,1,0.9505,0.279,-5.418,4.751,-143.49,43.125,1612,1546,LATE_GPS,0,0,DR_TRACKING_CLOSED
2079.753,3,DR_PM_GBA_CLOSED,1,1,OK,0,0,1,1,1,1,1,0.9495,0.123,-5.598,4.751,-139.11,43.08,1645,1579,LATE_GPS,0,0,DR_TRACKING_CLOSED
2079.803,3,DR_PM_GBA_CLOSED,1,1,OK,0,0,1,1,1,1,1,0.9485,-0.046,-5.765,4.751,-134.73,43.034,1679,1613,LATE_GPS,0,0,DR_TRACKING_CLOSED
2079.853,3,DR_PM_GBA_CLOSED,1,1,OK,0,0,1,1,1,1,1,0.9475,-0.228,-5.919,4.751,-130.35,42.989,1712,1646,LATE_GPS,0,0,DR_TRACKING_CLOSED
2079.903,3,DR_PM_GBA_CLOSED,1,1,OK,0,0,1,1,1,1,1,0.9465,-0.42,-6.059,4.751,-125.97,42.944,1746,1679,LATE_GPS,0,0,DR_TRACKING_CLOSED
2079.953,3,DR_PM_GBA_CLOSED,1,1,OK,0,0,1,1,1,1,1,0.9455,-0.623,-6.184,4.751,-121.59,42.898,1779,1713,LATE_GPS,0,0,DR_TRACKING_CLOSED
2080.003,3,DR_PM_GBA_CLOSED,1,1,OK,0,0,1,1,1,1,1,0.9445,-0.835,-6.293,4.751,-117.21,42.853,1812,1746,LATE_GPS,0,0,DR_TRACKING_CLOSED
2080.053,3,DR_PM_GBA_CLOSED,1,1,OK,0,0,1,1,1,1,1,0.9435,-1.055,-6.385,4.751,-112.83,42.807,1846,1780,LATE_GPS,0,0,DR_TRACKING_CLOSED
2080.103,3,DR_PM_GBA_CLOSED,1,1,OK,0,0,1,1,1,1,1,0.9425,-1.28,-6.461,4.751,-108.45,42.762,1846,1780,LATE_GPS,0,0,DR_TRACKING_CLOSED
2080.154,3,DR_PM_GBA_CLOSED,1,1,OK,0,0,1,1,1,1,1,0.9415,-1.511,-6.519,4.751,-104.07,42.716,1846,1779,LATE_GPS,0,0,DR_TRACKING_CLOSED
2080.204,3,DR_PM_GBA_CLOSED,1,1,OK,0,0,1,1,1,1,1,0.9405,-1.746,-6.559,4.751,-99.69,42.671,1845,1779,LATE_GPS,0,0,DR_TRACKING_CLOSED
2080.254,3,DR_PM_GBA_CLOSED,1,1,OK,0,0,1,1,1,1,1,0.9395,-1.983,-6.581,4.751,-95.3,42.625,1845,1779,LATE_GPS,0,0,DR_TRACKING_CLOSED
2080.304,3,DR_PM_GBA_CLOSED,1,1,OK,0,0,1,1,1,1,1,0.9385,-2.221,-6.584,4.751,-90.92,42.447,1843,1777,LATE_GPS,0,0,DR_TRACKING_CLOSED
2080.354,3,DR_PM_GBA_CLOSED,1,1,OK,0,0,1,1,1,1,1,0.9375,-2.459,-6.57,4.751,-86.54,42.026,1840,1774,LATE_GPS,0,0,DR_TRACKING_CLOSED
2080.404,3,DR_PM_GBA_CLOSED,1,1,OK,0,0,1,1,1,1,1,0.9365,-2.695,-6.538,4.751,-82.16,41.366,1834,1768,LATE_GPS,0,0,DR_TRACKING_CLOSED
2080.454,3,DR_PM_GBA_CLOSED,1,1,OK,0,0,1,1,1,1,1,0.9355,-2.928,-6.487,4.751,-77.78,40.471,1827,1761,LATE_GPS,0,0,DR_TRACKING_CLOSED
2080.504,3,DR_PM_GBA_CLOSED,1,1,OK,0,0,1,1,1,1,1,0.9345,-3.156,-6.419,4.751,-73.4,39.346,1818,1752,LATE_GPS,0,0,DR_TRACKING_CLOSED
2080.554,3,DR_PM_GBA_CLOSED,1,1,OK,0,0,1,1,1,1,1,0.9335,-3.378,-6.334,4.751,-69.02,37.997,1807,1741,LATE_GPS,0,0,DR_TRACKING_CLOSED
2080.605,3,DR_PM_GBA_CLOSED,1,1,OK,0,0,1,1,1,1,1,0.9325,-3.594,-6.232,4.751,-64.64,36.433,1795,1729,LATE_GPS,0,0,DR_TRACKING_CLOSED
2080.655,3,DR_PM_GBA_CLOSED,1,1,OK,0,0,1,1,1,1,1,0.9314,-3.8,-6.114,4.751,-60.26,34.662,1781,1715,LATE_GPS,0,0,DR_TRACKING_CLOSED
2080.705,3,DR_PM_GBA_CLOSED,1,1,OK,0,0,1,1,1,1,1,0.9304,-3.997,-5.98,4.751,-55.88,32.695,1767,1701,LATE_GPS,0,0,DR_TRACKING_CLOSED
2080.755,3,DR_PM_GBA_CLOSED,1,1,OK,0,0,1,1,1,1,1,0.9294,-4.184,-5.832,4.751,-51.5,30.544,1751,1685,LATE_GPS,0,0,DR_TRACKING_CLOSED
2080.805,3,DR_PM_GBA_CLOSED,1,1,OK,0,0,1,1,1,1,1,0.9284,-4.358,-5.67,4.751,-47.12,28.22,1735,1669,LATE_GPS,0,0,DR_TRACKING_CLOSED
2080.855,3,DR_PM_GBA_CLOSED,1,1,OK,0,0,1,1,1,1,1,0.9274,-4.474,-5.545,3.39,-42.74,18.36,1702,1636,LATE_GPS,0,0,DR_TRACKING_CLOSED
2080.905,3,DR_PM_GBA_CLOSED,1,1,OK,0,0,1,1,1,1,1,0.9264,-4.579,-5.412,3.39,-38.36,16.482,1668,1602,LATE_GPS,0,0,DR_TRACKING_CLOSED
2080.955,3,DR_PM_GBA_CLOSED,1,1,OK,0,0,1,1,1,1,1,0.9254,-4.736,-5.178,5.614,-33.98,24.038,1702,1636,LATE_GPS,0,0,DR_TRACKING_CLOSED
2081.006,3,DR_PM_GBA_CLOSED,1,1,OK,0,0,1,1,1,1,1,0.9244,-4.875,-4.934,5.614,-29.6,20.649,1687,1621,LATE_GPS,0,0,DR_TRACKING_CLOSED
2081.056,3,DR_PM_GBA_CLOSED,1,1,OK,0,0,1,1,1,1,1,0.9234,-4.995,-4.679,5.614,-25.21,17.144,1668,1602,LATE_GPS,0,0,DR_TRACKING_CLOSED
2081.106,3,DR_PM_GBA_CLOSED,1,1,OK,0,0,1,1,1,1,1,0.9224,-5.095,-4.416,5.614,-20.83,13.545,1650,1584,LATE_GPS,0,0,DR_TRACKING_CLOSED
2081.156,4,DR_PM_GBA_CLOSED,1,1,OK,0,0,1,1,1,1,1,0.9214,-5.175,-4.146,5.614,-16.45,9.871,1634,1568,LATE_GPS,0,0,DR_TRACKING_CLOSED
2081.206,4,DR_PM_GBA_CLOSED,1,1,OK,0,0,1,1,1,1,1,0.9204,-5.234,-3.871,5.614,-12.07,6.145,1620,1554,LATE_GPS,0,0,DR_TRACKING_CLOSED
2081.256,4,DR_PM_GBA_CLOSED,1,1,OK,0,0,1,1,1,1,1,0.9194,-5.265,-3.638,4.688,-7.69,0.0,1591,1524,LATE_GPS,0,0,DR_TRACKING_CLOSED
2081.306,4,DR_PM_GBA_CLOSED,1,1,OK,0,0,1,1,1,1,1,0.9184,-5.279,-3.404,4.688,-3.31,0.0,1591,1524,LATE_GPS,0,0,DR_TRACKING_CLOSED
2081.356,4,DR_PM_GBA_CLOSED,1,1,OK,0,0,1,1,1,1,1,0.9174,-5.274,-3.169,4.688,1.07,-4.289,1591,1524,LATE_GPS,0,0,DR_TRACKING_CLOSED
2081.407,4,DR_PM_GBA_CLOSED,1,1,OK,0,0,1,1,1,1,1,0.9164,-5.166,-2.96,4.688,27.61,-22.079,1557,1491,LATE_GPS,0,0,DR_TRACKING_CLOSED
2081.457,4,DR_PM_GBA_CLOSED,1,1,OK,0,0,1,1,1,1,1,0.9154,-5.026,-2.717,5.59,29.8,-27.871,1524,1458,LATE_GPS,0,0,DR_TRACKING_CLOSED
2081.507,4,DR_PM_GBA_CLOSED,1,1,OK,0,0,1,1,1,1,1,0.9144,-4.878,-2.48,5.59,31.99,-29.374,1490,1424,LATE_GPS,0,0,DR_TRACKING_CLOSED
2081.557,4,DR_PM_GBA_CLOSED,1,1,OK,0,0,1,1,1,1,1,0.9134,-4.74,-2.277,4.891,34.18,-26.973,1457,1391,LATE_GPS,0,0,DR_TRACKING_CLOSED
2081.607,4,DR_PM_GBA_CLOSED,1,1,OK,0,0,1,1,1,1,1,0.9124,-4.595,-2.079,4.891,36.37,-28.204,1446,1380,LATE_GPS,0,0,DR_TRACKING_CLOSED
2081.657,4,DR_PM_GBA_CLOSED,1,1,OK,0,0,1,1,1,1,1,0.9114,-4.462,-1.913,4.246,38.56,-25.515,1464,1398,LATE_GPS,0,0,DR_TRACKING_CLOSED
2081.707,4,DR_PM_GBA_CLOSED,1,1,OK,0,0,1,1,1,1,1,0.9104,-4.323,-1.752,4.246,40.75,-26.502,1458,1391,LATE_GPS,0,0,DR_TRACKING_CLOSED
2081.758,4,DR_PM_GBA_CLOSED,1,1,OK,0,0,1,1,1,1,1,0.9094,-4.178,-1.596,4.246,42.94,-27.448,1451,1385,LATE_GPS,0,0,DR_TRACKING_CLOSED
2081.808,4,DR_PM_GBA_CLOSED,1,1,OK,0,0,1,1,1,1,1,0.9084,-4.027,-1.446,4.246,45.13,-28.351,1445,1379,LATE_GPS,0,0,DR_TRACKING_CLOSED
2081.859,4,DR_PM_GBA_CLOSED,1,1,OK,0,0,1,1,1,1,1,0.9074,-3.828,-1.262,5.323,47.36,-36.637,1411,1345,LATE_GPS,0,0,DR_TRACKING_CLOSED
2081.909,4,DR_PM_GBA_CLOSED,1,1,OK,0,0,1,1,1,1,1,0.9064,-3.625,-1.089,5.323,49.55,-37.659,1378,1312,LATE_GPS,0,0,DR_TRACKING_CLOSED
2081.959,4,DR_PM_GBA_CLOSED,1,1,OK,0,0,1,1,1,1,1,0.9054,-3.524,-1.01,2.564,51.74,-18.598,1411,1345,LATE_GPS,0,0,DR_TRACKING_CLOSED
2082.009,4,DR_PM_GBA_CLOSED,1,1,OK,0,0,1,1,1,1,1,0.9044,-3.42,-0.934,2.564,53.93,-19.029,1445,1378,LATE_GPS,0,0,DR_TRACKING_CLOSED
2082.059,4,DR_PM_GBA_CLOSED,1,1,OK,0,0,1,1,1,1,1,0.9034,-3.346,-0.884,1.795,56.12,-13.6,1478,1412,LATE_GPS,0,0,DR_TRACKING_CLOSED
2082.109,4,DR_PM_GBA_CLOSED,1,1,OK,0,0,1,1,1,1,1,0.9024,-3.269,-0.837,1.795,58.31,-13.86,1511,1445,LATE_GPS,0,0,DR_TRACKING_CLOSED
2082.159,4,DR_PM_GBA_CLOSED,1,1,OK,0,0,1,1,1,1,1,0.9014,-3.067,-0.722,4.631,60.5,-36.385,1478,1412,LATE_GPS,0,0,DR_TRACKING_CLOSED
2082.209,4,DR_PM_GBA_CLOSED,1,1,OK,0,0,1,1,1,1,1,0.9004,-2.861,-0.616,4.631,62.69,-36.95,1445,1378,LATE_GPS,0,0,DR_TRACKING_CLOSED
2082.26,4,DR_PM_GBA_CLOSED,1,1,OK,0,0,1,1,1,1,1,0.8994,-2.65,-0.517,4.631,64.88,-37.459,1411,1345,LATE_GPS,0,0,DR_TRACKING_CLOSED
2082.31,4,FAIL,0,0,NO_GUIDANCE_SOURCE,0,0,0,0,1,0,1,0.8994,-2.65,-0.517,4.631,64.88,0.0,1591,1524,LATE_GPS,0,0,FAIL
2082.36,4,FAIL,0,0,NO_GUIDANCE_SOURCE,0,0,0,0,1,0,1,0.8994,-2.65,-0.517,4.631,64.88,0.0,1591,1524,LATE_GPS,0,0,FAIL
2082.41,4,FAIL,0,0,NO_GUIDANCE_SOURCE,0,0,0,0,1,0,1,0.8994,-2.65,-0.517,4.631,64.88,0.0,1591,1524,LATE_GPS,0,0,FAIL
2082.46,4,FAIL,0,0,NO_GUIDANCE_SOURCE,0,0,0,0,1,0,1,0.8994,-2.65,-0.517,4.631,64.88,0.0,1591,1524,LATE_GPS,0,0,FAIL
2082.51,4,FAIL,0,0,NO_GUIDANCE_SOURCE,0,0,0,0,1,0,1,0.8994,-2.65,-0.517,4.631,64.88,0.0,1591,1524,LATE_GPS,0,0,FAIL
2082.56,4,FAIL,0,0,NO_GUIDANCE_SOURCE,0,0,0,0,1,0,1,0.8994,-2.65,-0.517,4.631,64.88,0.0,1591,1524,LATE_GPS,0,0,FAIL
2082.61,4,FAIL,0,0,NO_GUIDANCE_SOURCE,0,0,0,0,1,0,1,0.8994,-2.65,-0.517,4.631,64.88,0.0,1591,1524,LATE_GPS,0,0,FAIL
2082.661,4,FAIL,0,0,NO_GUIDANCE_SOURCE,0,0,0,0,1,0,1,0.8994,-2.65,-0.517,4.631,64.88,0.0,1591,1524,LATE_GPS,0,0,FAIL
2082.711,4,FAIL,0,0,NO_GUIDANCE_SOURCE,0,0,0,0,1,0,1,0.8994,-2.65,-0.517,4.631,64.88,0.0,1591,1524,LATE_GPS,0,0,FAIL
2082.761,4,FAIL,0,0,NO_GUIDANCE_SOURCE,0,0,0,0,1,0,1,0.8994,-2.65,-0.517,4.631,64.88,0.0,1591,1524,LATE_GPS,0,0,FAIL
2082.811,4,FAIL,0,0,NO_GUIDANCE_SOURCE,0,0,0,0,1,0,1,0.8994,-2.65,-0.517,4.631,64.88,0.0,1591,1524,LATE_GPS,0,0,FAIL
2082.861,4,FAIL,0,0,NO_GUIDANCE_SOURCE,0,0,0,0,1,0,1,0.8994,-2.65,-0.517,4.631,64.88,0.0,1591,1524,LATE_GPS,0,0,FAIL
2082.911,4,FAIL,0,0,NO_GUIDANCE_SOURCE,0,0,0,0,1,0,1,0.8994,-2.65,-0.517,4.631,64.88,0.0,1591,1524,LATE_GPS,0,0,FAIL
2082.962,4,FAIL,0,0,NO_GUIDANCE_SOURCE,0,0,0,0,1,0,1,0.8994,-2.65,-0.517,4.631,64.88,0.0,1591,1524,LATE_GPS,0,0,FAIL
2083.012,4,FAIL,0,0,NO_GUIDANCE_SOURCE,0,0,0,0,1,0,1,0.8994,-2.65,-0.517,4.631,64.88,0.0,1591,1524,LATE_GPS,0,0,FAIL
2083.062,4,FAIL,0,0,NO_GUIDANCE_SOURCE,0,0,0,0,1,0,1,0.8994,-2.65,-0.517,4.631,64.88,0.0,1591,1524,LATE_GPS,0,0,FAIL
2083.112,4,FAIL,0,0,NO_GUIDANCE_SOURCE,0,0,0,0,1,0,1,0.8994,-2.65,-0.517,4.631,64.88,0.0,1591,1524,LATE_GPS,0,0,FAIL
2083.162,4,FAIL,0,0,NO_GUIDANCE_SOURCE,0,0,0,0,1,0,1,0.8994,-2.65,-0.517,4.631,64.88,0.0,1591,1524,LATE_GPS,0,0,FAIL
2083.212,4,FAIL,0,0,NO_GUIDANCE_SOURCE,0,0,0,0,1,0,1,0.8994,-2.65,-0.517,4.631,64.88,0.0,1591,1524,LATE_GPS,0,0,FAIL
2083.262,4,FAIL,0,0,NO_GUIDANCE_SOURCE,0,0,0,0,1,0,1,0.8994,-2.65,-0.517,4.631,64.88,0.0,1591,1524,LATE_GPS,0,0,FAIL
2083.312,4,FAIL,0,0,NO_GUIDANCE_SOURCE,0,0,0,0,1,0,1,0.8994,-2.65,-0.517,4.631,64.88,0.0,1591,1524,LATE_GPS,0,0,FAIL
2083.363,4,FAIL,0,0,NO_GUIDANCE_SOURCE,0,0,0,0,1,0,1,0.8994,-2.65,-0.517,4.631,64.88,0.0,1591,1524,LATE_GPS,0,0,FAIL
2083.413,4,FAIL,0,0,NO_GUIDANCE_SOURCE,0,0,0,0,1,0,1,0.8994,-2.65,-0.517,4.631,64.88,0.0,1591,1524,LATE_GPS,0,0,FAIL
2083.463,4,FAIL,0,0,NO_GUIDANCE_SOURCE,0,0,0,0,1,0,1,0.8994,-2.65,-0.517,4.631,64.88,0.0,1591,1524,LATE_GPS,0,0,FAIL
2083.513,4,FAIL,0,0,NO_GUIDANCE_SOURCE,0,0,0,0,1,0,1,0.8994,-2.65,-0.517,4.631,64.88,0.0,1591,1524,LATE_GPS,0,0,FAIL
2083.563,4,FAIL,0,0,NO_GUIDANCE_SOURCE,0,0,0,0,1,0,1,0.8994,-2.65,-0.517,4.631,64.88,0.0,1591,1524,LATE_GPS,0,0,FAIL
2083.613,4,FAIL,0,0,NO_GUIDANCE_SOURCE,0,0,0,0,1,0,1,0.8994,-2.65,-0.517,4.631,64.88,0.0,1591,1524,LATE_GPS,0,0,FAIL
2083.663,4,FAIL,0,0,NO_GUIDANCE_SOURCE,0,0,0,0,1,0,1,0.8994,-2.65,-0.517,4.631,64.88,0.0,1591,1524,LATE_GPS,0,0,FAIL
2083.714,4,FAIL,0,0,NO_GUIDANCE_SOURCE,0,0,0,0,1,0,1,0.8994,-2.65,-0.517,4.631,64.88,0.0,1591,1524,LATE_GPS,0,0,FAIL
2083.764,4,FAIL,0,0,NO_GUIDANCE_SOURCE,0,0,0,0,1,0,1,0.8994,-2.65,-0.517,4.631,64.88,0.0,1591,1524,LATE_GPS,0,0,FAIL
2083.814,4,FAIL,0,0,NO_GUIDANCE_SOURCE,0,0,0,0,1,0,1,0.8994,-2.65,-0.517,4.631,64.88,0.0,1591,1524,LATE_GPS,0,0,FAIL
2083.864,4,FAIL,0,0,NO_GUIDANCE_SOURCE,0,0,0,0,1,0,1,0.8994,-2.65,-0.517,4.631,64.88,0.0,1591,1524,LATE_GPS,0,0,FAIL
2083.914,4,FAIL,0,0,NO_GUIDANCE_SOURCE,0,0,0,0,1,0,1,0.8994,-2.65,-0.517,4.631,64.88,0.0,1591,1524,LATE_GPS,0,0,FAIL
2083.964,4,FAIL,0,0,NO_GUIDANCE_SOURCE,0,0,0,0,1,0,1,0.8994,-2.65,-0.517,4.631,64.88,0.0,1591,1524,LATE_GPS,0,0,FAIL
2084.014,4,FAIL,0,0,NO_GUIDANCE_SOURCE,0,0,0,0,1,0,1,0.8994,-2.65,-0.517,4.631,64.88,0.0,1591,1524,LATE_GPS,0,0,FAIL
2084.064,4,FAIL,0,0,NO_GUIDANCE_SOURCE,0,0,0,0,1,0,1,0.8994,-2.65,-0.517,4.631,64.88,0.0,1591,1524,LATE_GPS,0,0,FAIL
2084.115,4,FAIL,0,0,NO_GUIDANCE_SOURCE,0,0,0,0,1,0,1,0.8994,-2.65,-0.517,4.631,64.88,0.0,1591,1524,LATE_GPS,0,0,FAIL
2084.165,4,FAIL,0,0,NO_GUIDANCE_SOURCE,0,0,0,0,1,0,1,0.8994,-2.65,-0.517,4.631,64.88,0.0,1591,1524,LATE_GPS,0,0,FAIL
2084.215,4,FAIL,0,0,NO_GUIDANCE_SOURCE,0,0,0,0,1,0,1,0.8994,-2.65,-0.517,4.631,64.88,0.0,1591,1524,LATE_GPS,0,0,FAIL
2084.265,4,FAIL,0,0,NO_GUIDANCE_SOURCE,0,0,0,0,1,0,1,0.8994,-2.65,-0.517,4.631,64.88,0.0,1591,1524,LATE_GPS,0,0,FAIL
2084.315,4,FAIL,0,0,NO_GUIDANCE_SOURCE,0,0,0,0,1,0,1,0.8994,-2.65,-0.517,4.631,64.88,0.0,1591,1524,LATE_GPS,0,0,FAIL
2084.365,4,FAIL,0,0,NO_GUIDANCE_SOURCE,0,0,0,0,1,0,1,0.8994,-2.65,-0.517,4.631,64.88,0.0,1591,1524,LATE_GPS,0,0,FAIL
2084.416,4,FAIL,0,0,NO_GUIDANCE_SOURCE,0,0,0,0,1,0,1,0.8994,-2.65,-0.517,4.631,64.88,0.0,1591,1524,LATE_GPS,0,0,FAIL
2084.466,4,FAIL,0,0,NO_GUIDANCE_SOURCE,0,0,0,0,1,0,1,0.8994,-2.65,-0.517,4.631,64.88,0.0,1591,1524,LATE_GPS,0,0,FAIL
2084.516,4,FAIL,0,0,NO_GUIDANCE_SOURCE,0,0,0,0,1,0,1,0.8994,-2.65,-0.517,4.631,64.88,0.0,1591,1524,LATE_GPS,0,0,FAIL
2084.566,4,FAIL,0,0,NO_GUIDANCE_SOURCE,0,0,0,0,1,0,1,0.8994,-2.65,-0.517,4.631,64.88,0.0,1591,1524,LATE_GPS,0,0,FAIL
2084.617,4,FAIL,0,0,NO_GUIDANCE_SOURCE,0,0,0,0,1,0,1,0.8994,-2.65,-0.517,4.631,64.88,0.0,1591,1524,LATE_GPS,0,0,FAIL
2084.667,4,FAIL,0,0,NO_GUIDANCE_SOURCE,0,0,0,0,1,0,1,0.8994,-2.65,-0.517,4.631,64.88,0.0,1591,1524,LATE_GPS,0,0,FAIL
2084.718,4,FAIL,0,0,NO_GUIDANCE_SOURCE,0,0,0,0,1,0,1,0.8994,-2.65,-0.517,4.631,64.88,0.0,1591,1524,LATE_GPS,0,0,FAIL
2084.768,4,FAIL,0,0,NO_GUIDANCE_SOURCE,0,0,0,0,1,0,1,0.8994,-2.65,-0.517,4.631,64.88,0.0,1591,1524,LATE_GPS,0,0,FAIL
2084.818,4,FAIL,0,0,NO_GUIDANCE_SOURCE,0,0,0,0,1,0,1,0.8994,-2.65,-0.517,4.631,64.88,0.0,1591,1524,LATE_GPS,0,0,FAIL
2084.868,4,FAIL,0,0,NO_GUIDANCE_SOURCE,0,0,0,0,1,0,1,0.8994,-2.65,-0.517,4.631,64.88,0.0,1591,1524,LATE_GPS,0,0,FAIL
2084.918,4,FAIL,0,0,NO_GUIDANCE_SOURCE,0,0,0,0,1,0,1,0.8994,-2.65,-0.517,4.631,64.88,0.0,1591,1524,LATE_GPS,0,0,FAIL
2084.969,4,FAIL,0,0,NO_GUIDANCE_SOURCE,0,0,0,0,1,0,1,0.8994,-2.65,-0.517,4.631,64.88,0.0,1591,1524,LATE_GPS,0,0,FAIL
2085.02,4,FAIL,0,0,NO_GUIDANCE_SOURCE,0,0,0,0,1,0,1,0.8994,-2.65,-0.517,4.631,64.88,0.0,1591,1524,LATE_GPS,0,0,FAIL
2085.07,4,FAIL,0,0,NO_GUIDANCE_SOURCE,0,0,0,0,1,0,1,0.8994,-2.65,-0.517,4.631,64.88,0.0,1591,1524,LATE_GPS,0,0,FAIL
2085.121,4,FAIL,0,0,NO_GUIDANCE_SOURCE,0,0,0,0,1,0,1,0.8994,-2.65,-0.517,4.631,64.88,0.0,1591,1524,LATE_GPS,0,0,FAIL
2085.171,4,FAIL,0,0,NO_GUIDANCE_SOURCE,0,0,0,0,1,0,1,0.8994,-2.65,-0.517,4.631,64.88,0.0,1591,1524,LATE_GPS,0,0,FAIL
2085.221,4,FAIL,0,0,NO_GUIDANCE_SOURCE,0,0,0,0,1,0,1,0.8994,-2.65,-0.517,4.631,64.88,0.0,1591,1524,LATE_GPS,0,0,FAIL
2085.271,4,FAIL,0,0,NO_GUIDANCE_SOURCE,0,0,0,0,1,0,1,0.8994,-2.65,-0.517,4.631,64.88,0.0,1591,1524,LATE_GPS,0,0,FAIL
2085.321,4,FAIL,0,0,NO_GUIDANCE_SOURCE,0,0,0,0,1,0,1,0.8994,-2.65,-0.517,4.631,64.88,0.0,1591,1524,LATE_GPS,0,0,FAIL
2085.372,4,FAIL,0,0,NO_GUIDANCE_SOURCE,0,0,0,0,1,0,1,0.8994,-2.65,-0.517,4.631,64.88,0.0,1591,1524,LATE_GPS,0,0,FAIL
2085.422,4,FAIL,0,0,NO_GUIDANCE_SOURCE,0,0,0,0,1,0,1,0.8994,-2.65,-0.517,4.631,64.88,0.0,1591,1524,LATE_GPS,0,0,FAIL
2085.472,4,FAIL,0,0,NO_GUIDANCE_SOURCE,0,0,0,0,1,0,1,0.8994,-2.65,-0.517,4.631,64.88,0.0,1591,1524,LATE_GPS,0,0,FAIL
2085.523,4,FAIL,0,0,NO_GUIDANCE_SOURCE,0,0,0,0,1,0,1,0.8994,-2.65,-0.517,4.631,64.88,0.0,1591,1524,LATE_GPS,0,0,FAIL
2085.573,4,FAIL,0,0,NO_GUIDANCE_SOURCE,0,0,0,0,1,0,1,0.8994,-2.65,-0.517,4.631,64.88,0.0,1591,1524,LATE_GPS,0,0,FAIL
2085.623,4,FAIL,0,0,NO_GUIDANCE_SOURCE,0,0,0,0,1,0,1,0.8994,-2.65,-0.517,4.631,64.88,0.0,1591,1524,LATE_GPS,0,0,FAIL
2085.673,4,FAIL,0,0,NO_GUIDANCE_SOURCE,0,0,0,0,1,0,1,0.8994,-2.65,-0.517,4.631,64.88,0.0,1591,1524,LATE_GPS,0,0,FAIL
2085.723,4,FAIL,0,0,NO_GUIDANCE_SOURCE,0,0,0,0,1,0,1,0.8994,-2.65,-0.517,4.631,64.88,0.0,1591,1524,LATE_GPS,0,0,FAIL
2085.773,4,FAIL,0,0,NO_GUIDANCE_SOURCE,0,0,0,0,1,0,1,0.8994,-2.65,-0.517,4.631,64.88,0.0,1591,1524,LATE_GPS,0,0,FAIL
2085.823,4,FAIL,0,0,NO_GUIDANCE_SOURCE,0,0,0,0,1,0,1,0.8994,-2.65,-0.517,4.631,64.88,0.0,1591,1524,LATE_GPS,0,0,FAIL
2085.873,4,FAIL,0,0,NO_GUIDANCE_SOURCE,0,0,0,0,1,0,1,0.8994,-2.65,-0.517,4.631,64.88,0.0,1591,1524,LATE_GPS,0,0,FAIL
2085.924,4,FAIL,0,0,NO_GUIDANCE_SOURCE,0,0,0,0,1,0,1,0.8994,-2.65,-0.517,4.631,64.88,0.0,1591,1524,LATE_GPS,0,0,FAIL
2085.974,4,FAIL,0,0,NO_GUIDANCE_SOURCE,0,0,0,0,1,0,1,0.8994,-2.65,-0.517,4.631,64.88,0.0,1591,1524,LATE_GPS,0,0,FAIL
2086.024,4,FAIL,0,0,NO_GUIDANCE_SOURCE,0,0,0,0,1,0,1,0.8994,-2.65,-0.517,4.631,64.88,0.0,1591,1524,LATE_GPS,0,0,FAIL
2086.074,4,FAIL,0,0,NO_GUIDANCE_SOURCE,0,0,0,0,1,0,1,0.8994,-2.65,-0.517,4.631,64.88,0.0,1591,1524,LATE_GPS,0,0,FAIL
2086.124,4,FAIL,0,0,NO_GUIDANCE_SOURCE,0,0,0,0,1,0,1,0.8994,-2.65,-0.517,4.631,64.88,0.0,1591,1524,LATE_GPS,0,0,FAIL
2086.174,4,FAIL,0,0,NO_GUIDANCE_SOURCE,0,0,0,0,1,0,1,0.8994,-2.65,-0.517,4.631,64.88,0.0,1591,1524,LATE_GPS,0,0,FAIL
2086.225,4,FAIL,0,0,NO_GUIDANCE_SOURCE,0,0,0,0,1,0,1,0.8994,-2.65,-0.517,4.631,64.88,0.0,1591,1524,LATE_GPS,0,0,FAIL
2086.275,4,FAIL,0,0,NO_GUIDANCE_SOURCE,0,0,0,0,1,0,1,0.8994,-2.65,-0.517,4.631,64.88,0.0,1591,1524,LATE_GPS,0,0,FAIL
2086.325,4,FAIL,0,0,NO_GUIDANCE_SOURCE,0,0,0,0,1,0,1,0.8994,-2.65,-0.517,4.631,64.88,0.0,1591,1524,LATE_GPS,0,0,FAIL
2086.375,4,FAIL,0,0,NO_GUIDANCE_SOURCE,0,0,0,0,1,0,1,0.8994,-2.65,-0.517,4.631,64.88,0.0,1591,1524,LATE_GPS,0,0,FAIL
2086.425,4,FAIL,0,0,NO_GUIDANCE_SOURCE,0,0,0,0,1,0,1,0.8994,-2.65,-0.517,4.631,64.88,0.0,1591,1524,LATE_GPS,0,0,FAIL
2086.475,4,FAIL,0,0,NO_GUIDANCE_SOURCE,0,0,0,0,1,0,1,0.8994,-2.65,-0.517,4.631,64.88,0.0,1591,1524,LATE_GPS,0,0,FAIL
2086.526,4,FAIL,0,0,NO_GUIDANCE_SOURCE,0,0,0,0,1,0,1,0.8994,-2.65,-0.517,4.631,64.88,0.0,1591,1524,LATE_GPS,0,0,FAIL
2086.576,4,FAIL,0,0,NO_GUIDANCE_SOURCE,0,0,0,0,1,0,1,0.8994,-2.65,-0.517,4.631,64.88,0.0,1591,1524,LATE_GPS,0,0,FAIL
2086.626,4,FAIL,0,0,NO_GUIDANCE_SOURCE,0,0,0,0,1,0,1,0.8994,-2.65,-0.517,4.631,64.88,0.0,1591,1524,LATE_GPS,0,0,FAIL
2086.676,4,FAIL,0,0,NO_GUIDANCE_SOURCE,0,0,0,0,1,0,1,0.8994,-2.65,-0.517,4.631,64.88,0.0,1591,1524,LATE_GPS,0,0,FAIL
2086.726,4,FAIL,0,0,NO_GUIDANCE_SOURCE,0,0,0,0,1,0,1,0.8994,-2.65,-0.517,4.631,64.88,0.0,1591,1524,LATE_GPS,0,0,FAIL
2086.776,4,FAIL,0,0,NO_GUIDANCE_SOURCE,0,0,0,0,1,0,1,0.8994,-2.65,-0.517,4.631,64.88,0.0,1591,1524,LATE_GPS,0,0,FAIL
2086.826,4,FAIL,0,0,NO_GUIDANCE_SOURCE,0,0,0,0,1,0,1,0.8994,-2.65,-0.517,4.631,64.88,0.0,1591,1524,LATE_GPS,0,0,FAIL
2086.877,4,FAIL,0,0,NO_GUIDANCE_SOURCE,0,0,0,0,1,0,1,0.8994,-2.65,-0.517,4.631,64.88,0.0,1591,1524,LATE_GPS,0,0,FAIL
2086.927,4,FAIL,0,0,NO_GUIDANCE_SOURCE,0,0,0,0,1,0,1,0.8994,-2.65,-0.517,4.631,64.88,0.0,1591,1524,LATE_GPS,0,0,FAIL
2086.977,4,FAIL,0,0,NO_GUIDANCE_SOURCE,0,0,0,0,1,0,1,0.8994,-2.65,-0.517,4.631,64.88,0.0,1591,1524,LATE_GPS,0,0,FAIL
2087.027,4,FAIL,0,0,NO_GUIDANCE_SOURCE,0,0,0,0,1,0,1,0.8994,-2.65,-0.517,4.631,64.88,0.0,1591,1524,LATE_GPS,0,0,FAIL
2087.077,4,FAIL,0,0,NO_GUIDANCE_SOURCE,0,0,0,0,1,0,1,0.8994,-2.65,-0.517,4.631,64.88,0.0,1591,1524,LATE_GPS,0,0,FAIL
2087.127,4,FAIL,0,0,NO_GUIDANCE_SOURCE,0,0,0,0,1,0,1,0.8994,-2.65,-0.517,4.631,64.88,0.0,1591,1524,LATE_GPS,0,0,FAIL
2087.177,4,FAIL,0,0,NO_GUIDANCE_SOURCE,0,0,0,0,1,0,1,0.8994,-2.65,-0.517,4.631,64.88,0.0,1591,1524,LATE_GPS,0,0,FAIL
2087.227,4,FAIL,0,0,NO_GUIDANCE_SOURCE,0,0,0,0,1,0,1,0.8994,-2.65,-0.517,4.631,64.88,0.0,1591,1524,LATE_GPS,0,0,FAIL
2087.278,4,FAIL,0,0,NO_GUIDANCE_SOURCE,0,0,0,0,1,0,1,0.8994,-2.65,-0.517,4.631,64.88,0.0,1591,1524,LATE_GPS,0,0,FAIL
2087.328,4,FAIL,0,0,NO_GUIDANCE_SOURCE,0,0,0,0,1,0,1,0.8994,-2.65,-0.517,4.631,64.88,0.0,1591,1524,LATE_GPS,0,0,FAIL
2087.378,4,FAIL,0,0,NO_GUIDANCE_SOURCE,0,0,0,0,1,0,1,0.8994,-2.65,-0.517,4.631,64.88,0.0,1591,1524,LATE_GPS,0,0,FAIL
2087.428,4,FAIL,0,0,NO_GUIDANCE_SOURCE,0,0,0,0,1,0,1,0.8994,-2.65,-0.517,4.631,64.88,0.0,1591,1524,LATE_GPS,0,0,FAIL
2087.478,4,FAIL,0,0,NO_GUIDANCE_SOURCE,0,0,0,0,1,0,1,0.8994,-2.65,-0.517,4.631,64.88,0.0,1591,1524,LATE_GPS,0,0,FAIL
2087.528,4,FAIL,0,0,NO_GUIDANCE_SOURCE,0,0,0,0,1,0,1,0.8994,-2.65,-0.517,4.631,64.88,0.0,1591,1524,LATE_GPS,0,0,FAIL
2087.578,4,FAIL,0,0,NO_GUIDANCE_SOURCE,0,0,0,0,1,0,1,0.8994,-2.65,-0.517,4.631,64.88,0.0,1591,1524,LATE_GPS,0,0,FAIL
2087.628,4,FAIL,0,0,NO_GUIDANCE_SOURCE,0,0,0,0,1,0,1,0.8994,-2.65,-0.517,4.631,64.88,0.0,1591,1524,LATE_GPS,0,0,FAIL
2087.679,4,FAIL,0,0,NO_GUIDANCE_SOURCE,0,0,0,0,1,0,1,0.8994,-2.65,-0.517,4.631,64.88,0.0,1591,1524,LATE_GPS,0,0,FAIL
2087.729,4,FAIL,0,0,NO_GUIDANCE_SOURCE,0,0,0,0,1,0,1,0.8994,-2.65,-0.517,4.631,64.88,0.0,1591,1524,LATE_GPS,0,0,FAIL
2087.779,4,FAIL,0,0,NO_GUIDANCE_SOURCE,0,0,0,0,1,0,1,0.8994,-2.65,-0.517,4.631,64.88,0.0,1591,1524,LATE_GPS,0,0,FAIL
2087.83,4,FAIL,0,0,NO_GUIDANCE_SOURCE,0,0,0,0,1,0,1,0.8994,-2.65,-0.517,4.631,64.88,0.0,1591,1524,LATE_GPS,0,0,FAIL
2087.88,4,FAIL,0,0,NO_GUIDANCE_SOURCE,0,0,0,0,1,0,1,0.8994,-2.65,-0.517,4.631,64.88,0.0,1591,1524,LATE_GPS,0,0,FAIL
2087.93,4,FAIL,0,0,NO_GUIDANCE_SOURCE,0,0,0,0,1,0,1,0.8994,-2.65,-0.517,4.631,64.88,0.0,1591,1524,LATE_GPS,0,0,FAIL
2087.98,4,FAIL,0,0,NO_GUIDANCE_SOURCE,0,0,0,0,1,0,1,0.8994,-2.65,-0.517,4.631,64.88,0.0,1591,1524,LATE_GPS,0,0,FAIL
2088.03,4,FAIL,0,0,NO_GUIDANCE_SOURCE,0,0,0,0,1,0,1,0.8994,-2.65,-0.517,4.631,64.88,0.0,1591,1524,LATE_GPS,0,0,FAIL
2088.08,4,FAIL,0,0,NO_GUIDANCE_SOURCE,0,0,0,0,1,0,1,0.8994,-2.65,-0.517,4.631,64.88,0.0,1591,1524,LATE_GPS,0,0,FAIL
2088.13,4,FAIL,0,0,NO_GUIDANCE_SOURCE,0,0,0,0,1,0,1,0.8994,-2.65,-0.517,4.631,64.88,0.0,1591,1524,LATE_GPS,0,0,FAIL
2088.18,4,FAIL,0,0,NO_GUIDANCE_SOURCE,0,0,0,0,1,0,1,0.8994,-2.65,-0.517,4.631,64.88,0.0,1591,1524,LATE_GPS,0,0,FAIL
2088.231,4,FAIL,0,0,NO_GUIDANCE_SOURCE,0,0,0,0,1,0,1,0.8994,-2.65,-0.517,4.631,64.88,0.0,1591,1524,LATE_GPS,0,0,FAIL
2088.281,4,FAIL,0,0,NO_GUIDANCE_SOURCE,0,0,0,0,1,0,1,0.8994,-2.65,-0.517,4.631,64.88,0.0,1591,1524,LATE_GPS,0,0,FAIL
2088.331,4,FAIL,0,0,NO_GUIDANCE_SOURCE,0,0,0,0,1,0,1,0.8994,-2.65,-0.517,4.631,64.88,0.0,1591,1524,LATE_GPS,0,0,FAIL
2088.381,4,FAIL,0,0,NO_GUIDANCE_SOURCE,0,0,0,0,1,0,1,0.8994,-2.65,-0.517,4.631,64.88,0.0,1591,1524,LATE_GPS,0,0,FAIL
2088.431,4,DR_PM_GBA_CLOSED,1,1,OK,0,0,1,1,1,1,1,0.7759,-0.238,-1.865,5.528,119.39,-40.957,1278,1212,LATE_GPS,0,0,DR_TRACKING_CLOSED
2088.482,4,DR_PM_GBA_CLOSED,1,1,OK,0,0,1,1,1,1,1,0.7749,-0.006,-2.017,5.519,123.15,-40.841,1244,1178,LATE_GPS,0,0,DR_TRACKING_CLOSED
2088.532,4,DR_PM_GBA_CLOSED,1,1,OK,0,0,1,1,1,1,1,0.7739,0.216,-2.182,5.519,126.71,-40.788,1240,1173,LATE_GPS,0,0,DR_TRACKING_CLOSED
2088.582,4,DR_PM_GBA_CLOSED,1,1,OK,0,0,1,1,1,1,1,0.7729,0.483,-2.409,7.0,130.28,-45.0,1273,1207,LATE_GPS,0,0,DR_TRACKING_CLOSED
2088.632,4,DR_PM_GBA_CLOSED,1,1,OK,0,0,1,1,1,1,1,0.7719,0.737,-2.652,7.0,133.85,-45.0,1307,1240,LATE_GPS,0,0,DR_TRACKING_CLOSED
2088.682,4,DR_PM_GBA_CLOSED,1,1,OK,0,0,1,1,1,1,1,0.7709,0.94,-2.872,5.976,137.29,-43.995,1273,1207,LATE_GPS,0,0,DR_TRACKING_CLOSED
2088.732,4,DR_PM_GBA_CLOSED,1,1,OK,0,0,1,1,1,1,1,0.7699,1.13,-3.103,5.976,140.61,-43.936,1240,1173,LATE_GPS,0,0,DR_TRACKING_CLOSED
2088.783,4,DR_PM_GBA_CLOSED,1,1,OK,0,0,1,1,1,1,1,0.7689,1.281,-3.31,5.051,143.96,-37.084,1273,1207,LATE_GPS,0,0,DR_TRACKING_CLOSED
2088.833,4,DR_PM_GBA_CLOSED,1,1,OK,0,0,1,1,1,1,1,0.7679,1.418,-3.523,5.051,147.27,-37.035,1278,1212,LATE_GPS,0,0,DR_TRACKING_CLOSED
2088.883,4,DR_PM_GBA_CLOSED,1,1,OK,0,0,1,1,1,1,1,0.7669,1.59,-3.828,6.993,150.59,-45.0,1312,1246,LATE_GPS,0,0,DR_TRACKING_CLOSED
2088.933,4,DR_PM_GBA_CLOSED,1,1,OK,0,0,1,1,1,1,1,0.7659,1.744,-4.143,6.992,153.9,-45.0,1316,1250,LATE_GPS,0,0,DR_TRACKING_CLOSED
2088.983,4,DR_PM_GBA_CLOSED,1,1,OK,0,0,1,1,1,1,1,0.7649,1.846,-4.385,5.226,157.22,-38.172,1350,1284,LATE_GPS,0,0,DR_TRACKING_CLOSED
2089.034,4,DR_PM_GBA_CLOSED,1,1,OK,0,0,1,1,1,1,1,0.7639,1.933,-4.632,5.226,160.53,-38.122,1373,1307,LATE_GPS,0,0,DR_TRACKING_CLOSED
2089.084,4,DR_PM_GBA_CLOSED,1,1,OK,0,0,1,1,1,1,1,0.7629,2.006,-4.883,5.226,163.85,-38.071,1373,1307,LATE_GPS,0,0,DR_TRACKING_CLOSED
2089.134,4,DR_PM_GBA_CLOSED,1,1,OK,0,0,1,1,1,1,1,0.7619,2.064,-5.139,5.226,167.16,-38.02,1374,1308,LATE_GPS,0,0,DR_TRACKING_CLOSED
2089.184,4,DR_PM_GBA_CLOSED,1,1,OK,0,0,1,1,1,1,1,0.7609,2.101,-5.357,4.421,170.48,-32.125,1407,1341,LATE_GPS,0,0,DR_TRACKING_CLOSED
2089.234,4,DR_PM_GBA_CLOSED,1,1,OK,0,0,1,1,1,1,1,0.7599,2.125,-5.577,4.421,173.79,32.082,1441,1374,LATE_GPS,0,0,DR_TRACKING_CLOSED
2089.284,4,DR_PM_GBA_CLOSED,1,1,OK,0,0,1,1,1,1,1,0.7589,2.137,-5.811,4.661,177.11,33.778,1474,1408,LATE_GPS,0,0,DR_TRACKING_CLOSED
2089.334,4,DR_PM_GBA_CLOSED,1,1,OK,0,0,1,1,1,1,1,0.7579,2.135,-6.044,4.661,-179.58,33.733,1508,1441,LATE_GPS,0,0,DR_TRACKING_CLOSED
2089.384,4,DR_PM_GBA_CLOSED,1,1,OK,0,0,1,1,1,1,1,0.7569,2.12,-6.277,4.661,-176.26,33.687,1541,1475,LATE_GPS,0,0,DR_TRACKING_CLOSED
2089.434,4,DR_PM_GBA_CLOSED,1,1,OK,0,0,1,1,1,1,1,0.7559,2.092,-6.509,4.661,-172.95,33.642,1574,1508,LATE_GPS,0,0,DR_TRACKING_CLOSED
2089.485,4,DR_PM_GBA_CLOSED,1,1,OK,0,0,1,1,1,1,1,0.7549,2.05,-6.739,4.661,-169.63,33.597,1608,1542,LATE_GPS,0,0,DR_TRACKING_CLOSED
2089.535,4,DR_PM_GBA_CLOSED,1,1,OK,0,0,1,1,1,1,1,0.7538,1.994,-6.966,4.661,-166.32,33.552,1641,1575,LATE_GPS,0,0,DR_TRACKING_CLOSED
2089.585,4,DR_PM_GBA_CLOSED,1,1,OK,0,0,1,1,1,1,1,0.7528,1.926,-7.19,4.661,-163.0,33.507,1675,1608,LATE_GPS,0,0,DR_TRACKING_CLOSED
2089.635,4,DR_PM_GBA_CLOSED,1,1,OK,0,0,1,1,1,1,1,0.7518,1.845,-7.409,4.661,-159.68,33.462,1708,1642,LATE_GPS,0,0,DR_TRACKING_CLOSED
2089.685,4,DR_PM_GBA_CLOSED,1,1,OK,0,0,1,1,1,1,1,0.7508,1.751,-7.623,4.661,-156.37,33.417,1741,1675,LATE_GPS,0,0,DR_TRACKING_CLOSED
2089.735,4,DR_PM_GBA_CLOSED,1,1,OK,0,0,1,1,1,1,1,0.7498,1.646,-7.831,4.661,-153.05,33.372,1772,1706,LATE_GPS,0,0,DR_TRACKING_CLOSED
2089.786,4,DR_PM_GBA_CLOSED,1,1,OK,0,0,1,1,1,1,1,0.7488,1.527,-8.035,4.661,-149.71,33.326,1771,1705,LATE_GPS,0,0,DR_TRACKING_CLOSED
2089.836,4,DR_PM_GBA_CLOSED,1,1,OK,0,0,1,1,1,1,1,0.7478,1.397,-8.229,4.661,-146.4,33.282,1771,1705,LATE_GPS,0,0,DR_TRACKING_CLOSED
2089.886,4,DR_PM_GBA_CLOSED,1,1,OK,0,0,1,1,1,1,1,0.7468,1.257,-8.416,4.66,-143.08,33.237,1771,1705,LATE_GPS,0,0,DR_TRACKING_CLOSED
2089.936,4,DR_PM_GBA_CLOSED,1,1,OK,0,0,1,1,1,1,1,0.7458,1.106,-8.594,4.66,-139.77,33.192,1770,1704,LATE_GPS,0,0,DR_TRACKING_CLOSED
2089.986,4,DR_PM_GBA_CLOSED,1,1,OK,0,0,1,1,1,1,1,0.7448,0.945,-8.764,4.66,-136.45,33.147,1770,1704,LATE_GPS,0,0,DR_TRACKING_CLOSED
2090.036,4,DR_PM_GBA_CLOSED,1,1,OK,0,0,1,1,1,1,1,0.7438,0.775,-8.923,4.66,-133.14,33.103,1770,1704,LATE_GPS,0,0,DR_TRACKING_CLOSED
2090.087,4,DR_PM_GBA_CLOSED,1,1,OK,0,0,1,1,1,1,1,0.7428,0.595,-9.073,4.66,-129.82,33.058,1770,1703,LATE_GPS,0,0,DR_TRACKING_CLOSED
2090.137,4,DR_PM_GBA_CLOSED,1,1,OK,0,0,1,1,1,1,1,0.7418,0.408,-9.212,4.66,-126.5,33.014,1769,1703,LATE_GPS,0,0,DR_TRACKING_CLOSED
2090.187,4,DR_PM_GBA_CLOSED,1,1,OK,0,0,1,1,1,1,1,0.7408,0.212,-9.34,4.66,-123.18,32.969,1769,1703,LATE_GPS,0,0,DR_TRACKING_CLOSED
2090.237,4,DR_PM_GBA_CLOSED,1,1,OK,0,0,1,1,1,1,1,0.7398,0.009,-9.456,4.661,-119.87,32.925,1769,1702,LATE_GPS,0,0,DR_TRACKING_CLOSED
2090.287,4,DR_PM_GBA_CLOSED,1,1,OK,0,0,1,1,1,1,1,0.7388,-0.2,-9.561,4.661,-116.55,32.88,1768,1702,LATE_GPS,0,0,DR_TRACKING_CLOSED
2090.337,4,DR_PM_GBA_CLOSED,1,1,OK,0,0,1,1,1,1,1,0.7378,-0.414,-9.653,4.661,-113.24,32.836,1768,1702,LATE_GPS,0,0,DR_TRACKING_CLOSED
2090.387,4,DR_PM_GBA_CLOSED,1,1,OK,0,0,1,1,1,1,1,0.7368,-0.576,-9.711,3.428,-109.92,24.12,1734,1668,LATE_GPS,0,0,DR_TRACKING_CLOSED
2090.438,4,DR_PM_GBA_CLOSED,1,1,OK,0,0,1,1,1,1,1,0.7358,-0.741,-9.76,3.428,-106.61,24.087,1708,1642,LATE_GPS,0,0,DR_TRACKING_CLOSED
2090.488,4,DR_PM_GBA_CLOSED,1,1,OK,0,0,1,1,1,1,1,0.7348,-0.96,-9.812,4.481,-103.28,31.438,1742,1676,LATE_GPS,0,0,DR_TRACKING_CLOSED
2090.538,4,DR_M_GBA_CLOSED,1,1,OK,1,0,1,1,1,1,1,0.7338,102.537,38.774,4.481,-99.96,29.859,1775,1709,LATE_GPS,0,0,DR_TRACKING_CLOSED
2090.588,4,DR_M_GBA_CLOSED,1,1,OK,1,0,1,1,1,1,1,0.7328,102.537,38.774,4.481,-96.65,29.209,1792,1726,LATE_GPS,0,0,DR_TRACKING_CLOSED
2090.638,4,DR_M_GBA_CLOSED,1,1,OK,1,0,1,1,1,1,1,0.7318,102.537,38.774,4.481,-93.33,28.462,1786,1719,LATE_GPS,0,0,DR_TRACKING_CLOSED
2090.688,4,DR_M_GBA_CLOSED,1,1,OK,1,0,1,1,1,1,1,0.7308,102.537,38.774,4.481,-90.02,27.623,1778,1712,LATE_GPS,0,0,DR_TRACKING_CLOSED
2090.739,4,DR_M_GBA_CLOSED,1,1,OK,1,0,1,1,1,1,1,0.7298,102.537,38.774,4.481,-86.7,26.693,1770,1704,LATE_GPS,0,0,DR_TRACKING_CLOSED
2090.789,4,DR_M_GBA_CLOSED,1,1,OK,1,0,1,1,1,1,1,0.7288,102.537,38.774,4.965,-83.39,28.452,1786,1719,LATE_GPS,0,0,DR_TRACKING_CLOSED
2090.839,4,DR_M_GBA_CLOSED,1,1,OK,1,0,1,1,1,1,1,0.7278,102.537,38.774,4.965,-80.07,27.233,1775,1708,LATE_GPS,0,0,DR_TRACKING_CLOSED
2090.889,4,DR_M_GBA_CLOSED,1,1,OK,1,0,1,1,1,1,1,0.7268,102.537,38.774,4.965,-76.75,25.924,1763,1697,LATE_GPS,0,0,DR_TRACKING_CLOSED
2090.939,4,GPS_TRACKING_CLOSED,1,1,OK,1,1,1,1,1,1,1,1.0,102.537,38.774,7.427,110.75,-60.0,1730,1663,LATE_GPS,0,0,GPS_TRACKING_CLOSED
2090.989,4,GPS_TRACKING_CLOSED,1,1,OK,1,1,1,1,1,1,1,1.0,102.537,38.774,7.427,110.75,-60.0,1696,1630,LATE_GPS,0,0,GPS_TRACKING_CLOSED
2091.039,4,GPS_TRACKING_CLOSED,1,1,OK,1,1,1,1,1,1,1,1.0,102.537,38.774,7.427,110.75,-60.0,1663,1597,LATE_GPS,0,0,GPS_TRACKING_CLOSED
2091.09,4,GPS_TRACKING_CLOSED,1,1,OK,1,1,1,1,1,1,1,1.0,102.537,38.774,7.427,110.75,-60.0,1629,1563,LATE_GPS,0,0,GPS_TRACKING_CLOSED
2091.14,4,GPS_TRACKING_CLOSED,1,1,OK,1,1,1,1,1,1,1,1.0,102.537,38.774,7.427,110.75,-60.0,1596,1529,LATE_GPS,0,0,GPS_TRACKING_CLOSED
2091.19,4,GPS_TRACKING_CLOSED,1,1,OK,1,1,1,1,1,1,1,1.0,102.537,38.774,7.427,110.75,-60.0,1562,1496,LATE_GPS,0,0,GPS_TRACKING_CLOSED
2091.241,4,GPS_TRACKING_CLOSED,1,1,OK,1,1,1,1,1,1,1,1.0,102.537,38.774,7.427,110.75,-60.0,1529,1462,LATE_GPS,0,0,GPS_TRACKING_CLOSED
2091.291,4,GPS_TRACKING_CLOSED,1,1,OK,1,1,1,1,1,1,1,1.0,102.537,38.774,7.427,110.75,-60.0,1495,1429,LATE_GPS,0,0,GPS_TRACKING_CLOSED
2091.341,4,GPS_TRACKING_CLOSED,1,1,OK,1,1,1,1,1,1,1,1.0,102.537,38.774,7.427,110.75,-60.0,1462,1396,LATE_GPS,0,0,GPS_TRACKING_CLOSED
2091.391,4,GPS_TRACKING_CLOSED,1,1,OK,1,1,1,1,1,1,1,1.0,102.537,38.774,7.427,110.75,-60.0,1428,1362,LATE_GPS,0,0,GPS_TRACKING_CLOSED
2091.441,4,GPS_TRACKING_CLOSED,1,1,OK,1,1,1,1,1,1,1,1.0,102.537,38.774,7.427,110.75,-60.0,1395,1329,LATE_GPS,0,0,GPS_TRACKING_CLOSED
2091.491,4,GPS_TRACKING_CLOSED,1,1,OK,1,1,1,1,1,1,1,1.0,102.537,38.774,7.427,110.75,-60.0,1362,1295,LATE_GPS,0,0,GPS_TRACKING_CLOSED
2091.541,4,GPS_TRACKING_CLOSED,1,1,OK,1,1,1,1,1,1,1,1.0,102.537,38.774,7.427,110.75,-60.0,1328,1262,LATE_GPS,0,0,GPS_TRACKING_CLOSED
2091.591,4,GPS_TRACKING_CLOSED,1,1,OK,1,1,1,1,1,1,1,1.0,102.537,38.774,7.427,110.75,-60.0,1295,1229,LATE_GPS,0,0,GPS_TRACKING_CLOSED
2091.642,4,GPS_TRACKING_CLOSED,1,1,OK,1,1,1,1,1,1,1,1.0,102.537,38.774,7.427,110.75,-60.0,1261,1195,LATE_GPS,0,0,GPS_TRACKING_CLOSED
2091.692,4,GPS_TRACKING_CLOSED,1,1,OK,1,1,1,1,1,1,1,1.0,102.537,38.774,7.427,110.75,-60.0,1228,1162,LATE_GPS,0,0,GPS_TRACKING_CLOSED
2091.742,4,GPS_TRACKING_CLOSED,1,1,OK,1,1,1,1,1,1,1,1.0,102.537,38.774,7.427,110.75,-60.0,1195,1128,LATE_GPS,0,0,GPS_TRACKING_CLOSED
2091.792,4,GPS_TRACKING_OPEN,1,1,OK,1,1,0,0,1,0,1,1.0,102.537,38.774,7.427,110.75,-35.0,1228,1162,LATE_GPS,0,0,GPS_TRACKING_OPEN
2091.842,4,GPS_TRACKING_OPEN,1,1,OK,1,1,0,0,1,0,1,1.0,102.537,38.774,7.427,110.75,-35.0,1261,1195,LATE_GPS,0,0,GPS_TRACKING_OPEN
2091.892,4,GPS_TRACKING_OPEN,1,1,OK,1,1,0,0,1,0,1,1.0,102.537,38.774,7.427,110.75,-35.0,1268,1202,LATE_GPS,0,0,GPS_TRACKING_OPEN
2091.942,4,GPS_TRACKING_OPEN,1,1,OK,1,1,0,0,1,0,1,1.0,102.537,38.774,7.427,110.75,-35.0,1268,1202,LATE_GPS,0,0,GPS_TRACKING_OPEN
2091.992,4,GPS_TRACKING_OPEN,1,1,OK,1,1,0,0,1,0,1,1.0,102.537,38.774,7.427,110.75,-35.0,1268,1202,LATE_GPS,0,0,GPS_TRACKING_OPEN
2092.043,4,GPS_TRACKING_OPEN,1,1,OK,1,1,0,0,1,0,1,1.0,102.537,38.774,7.427,110.75,-35.0,1268,1202,LATE_GPS,0,0,GPS_TRACKING_OPEN
2092.093,4,GPS_TRACKING_OPEN,1,1,OK,1,1,0,0,1,0,1,1.0,102.537,38.774,7.427,110.75,-35.0,1268,1202,LATE_GPS,0,0,GPS_TRACKING_OPEN
2092.143,4,GPS_TRACKING_OPEN,1,1,OK,1,1,0,0,1,0,1,1.0,102.537,38.774,7.427,110.75,-35.0,1268,1202,LATE_GPS,0,0,GPS_TRACKING_OPEN
2092.193,4,GPS_TRACKING_OPEN,1,1,OK,1,1,0,0,1,0,1,1.0,102.537,38.774,7.427,110.75,-35.0,1268,1202,LATE_GPS,0,0,GPS_TRACKING_OPEN
2092.243,4,GPS_TRACKING_OPEN,1,1,OK,1,1,0,0,1,0,1,1.0,102.537,38.774,7.427,110.75,-35.0,1268,1202,LATE_GPS,0,0,GPS_TRACKING_OPEN
2092.293,4,GPS_TRACKING_OPEN,1,1,OK,1,1,0,0,1,0,1,1.0,102.537,38.774,7.427,110.75,-35.0,1268,1202,LATE_GPS,0,0,GPS_TRACKING_OPEN
2092.343,4,GPS_TRACKING_OPEN,1,1,OK,1,1,0,0,1,0,1,1.0,102.537,38.774,7.427,110.75,-35.0,1268,1202,LATE_GPS,0,0,GPS_TRACKING_OPEN
2092.393,4,GPS_TRACKING_OPEN,1,1,OK,1,1,0,0,1,0,1,1.0,102.537,38.774,7.427,110.75,-35.0,1268,1202,LATE_GPS,0,0,GPS_TRACKING_OPEN
2092.443,4,GPS_TRACKING_OPEN,1,1,OK,1,1,0,0,1,0,1,1.0,102.537,38.774,7.427,110.75,-35.0,1268,1202,LATE_GPS,0,0,GPS_TRACKING_OPEN
2092.494,4,GPS_TRACKING_OPEN,1,1,OK,1,1,0,0,1,0,1,1.0,102.537,38.774,7.427,110.75,-35.0,1268,1202,LATE_GPS,0,0,GPS_TRACKING_OPEN
2092.544,4,GPS_TRACKING_OPEN,1,1,OK,1,1,0,0,1,0,1,1.0,102.537,38.774,7.427,110.75,-35.0,1268,1202,LATE_GPS,0,0,GPS_TRACKING_OPEN
2092.594,4,GPS_TRACKING_OPEN,1,1,OK,1,1,0,0,1,0,1,1.0,102.537,38.774,7.427,110.75,-35.0,1268,1202,LATE_GPS,0,0,GPS_TRACKING_OPEN
2092.644,4,GPS_TRACKING_OPEN,1,1,OK,1,1,0,0,1,0,1,1.0,102.537,38.774,7.427,110.75,-35.0,1268,1202,LATE_GPS,0,0,GPS_TRACKING_OPEN
2092.694,4,GPS_TRACKING_OPEN,1,1,OK,1,1,0,0,1,0,1,1.0,102.537,38.774,7.427,110.75,-35.0,1268,1202,LATE_GPS,0,0,GPS_TRACKING_OPEN
2092.744,4,GPS_TRACKING_OPEN,1,1,OK,1,1,0,0,1,0,1,1.0,102.537,38.774,7.427,110.75,-35.0,1268,1202,LATE_GPS,0,0,GPS_TRACKING_OPEN
2092.794,4,GPS_TRACKING_OPEN,1,1,OK,1,1,0,0,1,0,1,1.0,102.537,38.774,7.427,110.75,-35.0,1268,1202,LATE_GPS,0,0,GPS_TRACKING_OPEN
2092.845,4,GPS_TRACKING_OPEN,1,1,OK,1,1,0,0,1,0,1,1.0,102.537,38.774,7.427,110.75,-35.0,1268,1202,LATE_GPS,0,0,GPS_TRACKING_OPEN
2092.895,4,GPS_TRACKING_OPEN,1,1,OK,1,1,0,0,1,0,1,1.0,102.537,38.774,7.427,110.75,-35.0,1268,1202,LATE_GPS,0,0,GPS_TRACKING_OPEN
2092.945,4,GPS_TRACKING_OPEN,1,1,OK,1,1,0,0,1,0,1,1.0,102.537,38.774,7.427,110.75,-35.0,1268,1202,LATE_GPS,0,0,GPS_TRACKING_OPEN
2092.995,4,GPS_TRACKING_OPEN,1,1,OK,1,1,0,0,1,0,1,1.0,102.537,38.774,7.427,110.75,-35.0,1268,1202,LATE_GPS,0,0,GPS_TRACKING_OPEN
2093.045,4,GPS_TRACKING_OPEN,1,1,OK,1,1,0,0,1,0,1,1.0,102.537,38.774,7.427,110.75,-35.0,1268,1202,LATE_GPS,0,0,GPS_TRACKING_OPEN
2093.095,4,GPS_TRACKING_OPEN,1,1,OK,1,1,0,0,1,0,1,1.0,102.537,38.774,7.427,110.75,-35.0,1268,1202,LATE_GPS,0,0,GPS_TRACKING_OPEN
2093.145,4,GPS_TRACKING_OPEN,1,1,OK,1,1,0,0,1,0,1,1.0,102.537,38.774,7.427,110.75,-35.0,1268,1202,LATE_GPS,0,0,GPS_TRACKING_OPEN
2093.196,4,GPS_TRACKING_OPEN,1,1,OK,1,1,0,0,1,0,1,1.0,102.537,38.774,7.427,110.75,-35.0,1268,1202,LATE_GPS,0,0,GPS_TRACKING_OPEN
2093.246,4,GPS_TRACKING_OPEN,1,1,OK,1,1,0,0,1,0,1,1.0,102.537,38.774,7.427,110.75,-35.0,1268,1202,LATE_GPS,0,0,GPS_TRACKING_OPEN
2093.296,4,GPS_TRACKING_OPEN,1,1,OK,1,1,0,0,1,0,1,1.0,102.537,38.774,7.427,110.75,-35.0,1268,1202,LATE_GPS,0,0,GPS_TRACKING_OPEN
2093.346,4,GPS_TRACKING_OPEN,1,1,OK,1,1,0,0,1,0,1,1.0,102.537,38.774,7.427,110.75,-35.0,1268,1202,LATE_GPS,0,0,GPS_TRACKING_OPEN
2093.396,4,GPS_TRACKING_OPEN,1,1,OK,1,1,0,0,1,0,1,1.0,102.537,38.774,7.427,110.75,-35.0,1268,1202,LATE_GPS,0,0,GPS_TRACKING_OPEN
2093.446,4,GPS_TRACKING_OPEN,1,1,OK,1,1,0,0,1,0,1,1.0,102.537,38.774,7.427,110.75,-35.0,1268,1202,LATE_GPS,0,0,GPS_TRACKING_OPEN
2093.496,4,GPS_TRACKING_OPEN,1,1,OK,1,1,0,0,1,0,1,1.0,102.537,38.774,7.427,110.75,-35.0,1268,1202,LATE_GPS,0,0,GPS_TRACKING_OPEN
2093.547,4,GPS_TRACKING_OPEN,1,1,OK,1,1,0,0,1,0,1,1.0,102.537,38.774,7.427,110.75,-35.0,1268,1202,LATE_GPS,0,0,GPS_TRACKING_OPEN
2093.597,4,GPS_TRACKING_OPEN,1,1,OK,1,1,0,0,1,0,1,1.0,102.537,38.774,7.427,110.75,-35.0,1268,1202,LATE_GPS,0,0,GPS_TRACKING_OPEN
2093.647,4,GPS_TRACKING_OPEN,1,1,OK,1,1,0,0,1,0,1,1.0,102.537,38.774,7.427,110.75,-35.0,1268,1202,LATE_GPS,0,0,GPS_TRACKING_OPEN
2093.697,4,GPS_TRACKING_OPEN,1,1,OK,1,1,0,0,1,0,1,1.0,102.537,38.774,7.427,110.75,-35.0,1268,1202,LATE_GPS,0,0,GPS_TRACKING_OPEN
2093.747,4,GPS_TRACKING_OPEN,1,1,OK,1,1,0,0,1,0,1,1.0,102.537,38.774,7.427,110.75,-35.0,1268,1202,LATE_GPS,0,0,GPS_TRACKING_OPEN
2093.797,4,GPS_TRACKING_OPEN,1,1,OK,1,1,0,0,1,0,1,1.0,102.537,38.774,7.427,110.75,-35.0,1268,1202,LATE_GPS,0,0,GPS_TRACKING_OPEN
2093.847,4,GPS_TRACKING_OPEN,1,1,OK,1,1,0,0,1,0,1,1.0,102.537,38.774,7.427,110.75,-35.0,1268,1202,LATE_GPS,0,0,GPS_TRACKING_OPEN
2093.898,4,GPS_TRACKING_OPEN,1,1,OK,1,1,0,0,1,0,1,1.0,102.537,38.774,7.427,110.75,-35.0,1268,1202,LATE_GPS,0,0,GPS_TRACKING_OPEN
2093.948,4,GPS_TRACKING_OPEN,1,1,OK,1,1,0,0,1,0,1,1.0,102.537,38.774,7.427,110.75,-35.0,1268,1202,LATE_GPS,0,0,GPS_TRACKING_OPEN
2093.999,4,GPS_TRACKING_OPEN,1,1,OK,1,1,0,0,1,0,1,1.0,102.537,38.774,7.427,110.75,-35.0,1268,1202,LATE_GPS,0,0,GPS_TRACKING_OPEN
2094.049,4,GPS_TRACKING_OPEN,1,1,OK,1,1,0,0,1,0,1,1.0,102.537,38.774,7.427,110.75,-35.0,1268,1202,LATE_GPS,0,0,GPS_TRACKING_OPEN
2094.099,4,GPS_TRACKING_OPEN,1,1,OK,1,1,0,0,1,0,1,1.0,102.537,38.774,7.427,110.75,-35.0,1268,1202,LATE_GPS,0,0,GPS_TRACKING_OPEN
2094.149,4,GPS_TRACKING_OPEN,1,1,OK,1,1,0,0,1,0,1,1.0,102.537,38.774,7.427,110.75,-35.0,1268,1202,LATE_GPS,0,0,GPS_TRACKING_OPEN
2094.199,4,GPS_TRACKING_OPEN,1,1,OK,1,1,0,0,1,0,1,1.0,102.537,38.774,7.427,110.75,-35.0,1268,1202,LATE_GPS,0,0,GPS_TRACKING_OPEN
2094.249,4,GPS_TRACKING_OPEN,1,1,OK,1,1,0,0,1,0,1,1.0,102.537,38.774,7.427,110.75,-35.0,1268,1202,LATE_GPS,0,0,GPS_TRACKING_OPEN
2094.3,4,GPS_TRACKING_OPEN,1,1,OK,1,1,0,0,1,0,1,1.0,102.537,38.774,7.427,110.75,-35.0,1268,1202,LATE_GPS,0,0,GPS_TRACKING_OPEN
2094.35,4,GPS_TRACKING_OPEN,1,1,OK,1,1,0,0,1,0,1,1.0,102.537,38.774,7.427,110.75,-35.0,1268,1202,LATE_GPS,0,0,GPS_TRACKING_OPEN
2094.4,4,GPS_TRACKING_OPEN,1,1,OK,1,1,0,0,1,0,1,1.0,102.537,38.774,7.427,110.75,-35.0,1268,1202,LATE_GPS,0,0,GPS_TRACKING_OPEN
2094.45,4,GPS_TRACKING_OPEN,1,1,OK,1,1,0,0,1,0,1,1.0,102.537,38.774,7.427,110.75,-35.0,1268,1202,LATE_GPS,0,0,GPS_TRACKING_OPEN
2094.5,4,GPS_TRACKING_OPEN,1,1,OK,1,1,0,0,1,0,1,1.0,102.537,38.774,7.427,110.75,-35.0,1268,1202,LATE_GPS,0,0,GPS_TRACKING_OPEN
2094.551,4,GPS_TRACKING_OPEN,1,1,OK,1,1,0,0,1,0,1,1.0,102.537,38.774,7.427,110.75,-35.0,1268,1202,LATE_GPS,0,0,GPS_TRACKING_OPEN
2094.601,4,GPS_TRACKING_OPEN,1,1,OK,1,1,0,0,1,0,1,1.0,102.537,38.774,7.427,110.75,-35.0,1268,1202,LATE_GPS,0,0,GPS_TRACKING_OPEN
2094.651,4,GPS_TRACKING_OPEN,1,1,OK,1,1,0,0,1,0,1,1.0,102.537,38.774,7.427,110.75,-35.0,1268,1202,LATE_GPS,0,0,GPS_TRACKING_OPEN
2094.701,4,GPS_TRACKING_OPEN,1,1,OK,1,1,0,0,1,0,1,1.0,102.537,38.774,7.427,110.75,-35.0,1268,1202,LATE_GPS,0,0,GPS_TRACKING_OPEN
2094.751,4,GPS_TRACKING_OPEN,1,1,OK,1,1,0,0,1,0,1,1.0,102.537,38.774,7.427,110.75,-35.0,1268,1202,LATE_GPS,0,0,GPS_TRACKING_OPEN
2094.801,4,GPS_TRACKING_OPEN,1,1,OK,1,1,0,0,1,0,1,1.0,102.537,38.774,7.427,110.75,-35.0,1268,1202,LATE_GPS,0,0,GPS_TRACKING_OPEN
2094.851,4,GPS_TRACKING_OPEN,1,1,OK,1,1,0,0,1,0,1,1.0,102.537,38.774,7.427,110.75,-35.0,1268,1202,LATE_GPS,0,0,GPS_TRACKING_OPEN
2094.901,4,GPS_TRACKING_OPEN,1,1,OK,1,1,0,0,1,0,1,1.0,102.537,38.774,7.427,110.75,-35.0,1268,1202,LATE_GPS,0,0,GPS_TRACKING_OPEN
2094.952,4,GPS_TRACKING_OPEN,1,1,OK,1,1,0,0,1,0,1,1.0,102.537,38.774,7.427,110.75,-35.0,1268,1202,LATE_GPS,0,0,GPS_TRACKING_OPEN
2095.002,4,GPS_TRACKING_OPEN,1,1,OK,1,1,0,0,1,0,1,1.0,102.537,38.774,7.427,110.75,-35.0,1268,1202,LATE_GPS,0,0,GPS_TRACKING_OPEN
2095.052,4,GPS_TRACKING_OPEN,1,1,OK,1,1,0,0,1,0,1,1.0,102.537,38.774,7.427,110.75,-35.0,1268,1202,LATE_GPS,0,0,GPS_TRACKING_OPEN
2095.102,4,GPS_TRACKING_OPEN,1,1,OK,1,1,0,0,1,0,1,1.0,102.537,38.774,7.427,110.75,-35.0,1268,1202,LATE_GPS,0,0,GPS_TRACKING_OPEN
2095.152,4,GPS_TRACKING_OPEN,1,1,OK,1,1,0,0,1,0,1,1.0,102.537,38.774,7.427,110.75,-35.0,1268,1202,LATE_GPS,0,0,GPS_TRACKING_OPEN
2095.202,4,GPS_TRACKING_OPEN,1,1,OK,1,1,0,0,1,0,1,1.0,102.537,38.774,7.427,110.75,-35.0,1268,1202,LATE_GPS,0,0,GPS_TRACKING_OPEN
2095.252,4,GPS_TRACKING_OPEN,1,1,OK,1,1,0,0,1,0,1,1.0,102.537,38.774,7.427,110.75,-35.0,1268,1202,LATE_GPS,0,0,GPS_TRACKING_OPEN
2095.303,4,GPS_TRACKING_OPEN,1,1,OK,1,1,0,0,1,0,1,1.0,102.537,38.774,7.427,110.75,-35.0,1268,1202,LATE_GPS,0,0,GPS_TRACKING_OPEN
2095.353,4,GPS_TRACKING_OPEN,1,1,OK,1,1,0,0,1,0,1,1.0,102.537,38.774,7.427,110.75,-35.0,1268,1202,LATE_GPS,0,0,GPS_TRACKING_OPEN
2095.403,4,GPS_TRACKING_OPEN,1,1,OK,1,1,0,0,1,0,1,1.0,102.537,38.774,7.427,110.75,-35.0,1268,1202,LATE_GPS,0,0,GPS_TRACKING_OPEN
2095.453,4,GPS_TRACKING_OPEN,1,1,OK,1,1,0,0,1,0,1,1.0,102.537,38.774,7.427,110.75,-35.0,1268,1202,LATE_GPS,0,0,GPS_TRACKING_OPEN
2095.503,4,FAIL,0,0,NO_GUIDANCE_SOURCE,0,1,0,0,1,0,1,1.0,102.537,38.774,7.427,110.75,0.0,1591,1524,LATE_GPS,0,0,FAIL
2095.553,4,FAIL,0,0,NO_GUIDANCE_SOURCE,0,1,0,0,1,0,1,1.0,102.537,38.774,7.427,110.75,0.0,1591,1524,LATE_GPS,0,0,FAIL
2095.604,4,FAIL,0,0,NO_GUIDANCE_SOURCE,0,1,0,0,1,0,1,1.0,102.537,38.774,7.427,110.75,0.0,1591,1524,LATE_GPS,0,0,FAIL
2095.654,4,FAIL,0,0,NO_GUIDANCE_SOURCE,0,1,0,0,1,0,1,1.0,102.537,38.774,7.427,110.75,0.0,1591,1524,LATE_GPS,0,0,FAIL
2095.704,4,FAIL,0,0,NO_GUIDANCE_SOURCE,0,1,0,0,1,0,1,1.0,102.537,38.774,7.427,110.75,0.0,1591,1524,LATE_GPS,0,0,FAIL
2095.754,4,FAIL,0,0,NO_GUIDANCE_SOURCE,0,1,0,0,1,0,1,1.0,102.537,38.774,7.427,110.75,0.0,1591,1524,LATE_GPS,0,0,FAIL
2095.804,4,FAIL,0,0,NO_GUIDANCE_SOURCE,0,1,0,0,1,0,1,1.0,102.537,38.774,7.427,110.75,0.0,1591,1524,LATE_GPS,0,0,FAIL
2095.854,4,FAIL,0,0,NO_GUIDANCE_SOURCE,0,1,0,0,1,0,1,1.0,102.537,38.774,7.427,110.75,0.0,1591,1524,LATE_GPS,0,0,FAIL
2095.905,4,FAIL,0,0,NO_GUIDANCE_SOURCE,0,1,0,0,1,0,1,1.0,102.537,38.774,7.427,110.75,0.0,1591,1524,LATE_GPS,0,0,FAIL
2095.955,4,FAIL,0,0,NO_GUIDANCE_SOURCE,0,0,0,0,1,0,1,1.0,102.537,38.774,7.427,110.75,0.0,1591,1524,LATE_GPS,0,0,FAIL
2096.005,4,FAIL,0,0,NO_GUIDANCE_SOURCE,0,0,0,0,1,0,1,1.0,102.537,38.774,7.427,110.75,0.0,1591,1524,LATE_GPS,0,0,FAIL
2096.055,4,FAIL,0,0,NO_GUIDANCE_SOURCE,0,0,0,0,1,0,1,1.0,102.537,38.774,7.427,110.75,0.0,1591,1524,LATE_GPS,0,0,FAIL
2096.105,4,FAIL,0,0,NO_GUIDANCE_SOURCE,0,0,0,0,1,0,1,1.0,102.537,38.774,7.427,110.75,0.0,1591,1524,LATE_GPS,0,0,FAIL
2096.155,4,FAIL,0,0,NO_GUIDANCE_SOURCE,0,0,0,0,1,0,1,1.0,102.537,38.774,7.427,110.75,0.0,1591,1524,LATE_GPS,0,0,FAIL
2096.205,4,FAIL,0,0,NO_GUIDANCE_SOURCE,0,0,0,0,1,0,1,1.0,102.537,38.774,7.427,110.75,0.0,1591,1524,LATE_GPS,0,0,FAIL
2096.256,4,FAIL,0,0,NO_GUIDANCE_SOURCE,0,0,0,0,1,0,1,1.0,102.537,38.774,7.427,110.75,0.0,1591,1524,LATE_GPS,0,0,FAIL
2096.306,4,FAIL,0,0,NO_GUIDANCE_SOURCE,0,0,0,0,1,0,1,1.0,102.537,38.774,7.427,110.75,0.0,1591,1524,LATE_GPS,0,0,FAIL
2096.356,4,FAIL,0,0,NO_GUIDANCE_SOURCE,0,0,0,0,1,0,1,1.0,102.537,38.774,7.427,110.75,0.0,1591,1524,LATE_GPS,0,0,FAIL
2096.406,4,FAIL,0,0,NO_GUIDANCE_SOURCE,0,0,0,0,1,0,1,1.0,102.537,38.774,7.427,110.75,0.0,1591,1524,LATE_GPS,0,0,FAIL
2096.456,4,FAIL,0,0,NO_GUIDANCE_SOURCE,0,0,0,0,1,0,1,1.0,102.537,38.774,7.427,110.75,0.0,1591,1524,LATE_GPS,0,0,FAIL
2096.506,4,FAIL,0,0,NO_GUIDANCE_SOURCE,0,0,0,0,1,0,1,1.0,102.537,38.774,7.427,110.75,0.0,1591,1524,LATE_GPS,0,0,FAIL
2096.556,4,FAIL,0,0,NO_GUIDANCE_SOURCE,0,0,0,0,1,0,1,1.0,102.537,38.774,7.427,110.75,0.0,1591,1524,LATE_GPS,0,0,FAIL
2096.606,4,FAIL,0,0,NO_GUIDANCE_SOURCE,0,0,0,0,1,0,1,1.0,102.537,38.774,7.427,110.75,0.0,1591,1524,LATE_GPS,0,0,FAIL
2096.657,4,FAIL,0,0,NO_GUIDANCE_SOURCE,0,0,0,0,1,0,1,1.0,102.537,38.774,7.427,110.75,0.0,1591,1524,LATE_GPS,0,0,FAIL
2096.707,4,FAIL,0,0,NO_GUIDANCE_SOURCE,0,0,0,0,1,0,1,1.0,102.537,38.774,7.427,110.75,0.0,1591,1524,LATE_GPS,0,0,FAIL
2096.757,4,FAIL,0,0,NO_GUIDANCE_SOURCE,0,0,0,0,1,0,1,1.0,102.537,38.774,7.427,110.75,0.0,1591,1524,LATE_GPS,0,0,FAIL
2096.807,4,FAIL,0,0,NO_GUIDANCE_SOURCE,0,0,0,0,1,0,1,1.0,102.537,38.774,7.427,110.75,0.0,1591,1524,LATE_GPS,0,0,FAIL
2096.857,4,FAIL,0,0,NO_GUIDANCE_SOURCE,0,0,0,0,1,0,1,1.0,102.537,38.774,7.427,110.75,0.0,1591,1524,LATE_GPS,0,0,FAIL
2096.907,4,FAIL,0,0,NO_GUIDANCE_SOURCE,0,0,0,0,1,0,1,1.0,102.537,38.774,7.427,110.75,0.0,1591,1524,LATE_GPS,0,0,FAIL
2096.957,4,FAIL,0,0,NO_GUIDANCE_SOURCE,0,0,0,0,1,0,1,1.0,102.537,38.774,7.427,110.75,0.0,1591,1524,LATE_GPS,0,0,FAIL
2097.007,4,FAIL,0,0,NO_GUIDANCE_SOURCE,0,0,0,0,1,0,1,1.0,102.537,38.774,7.427,110.75,0.0,1591,1524,LATE_GPS,0,0,FAIL
2097.058,4,FAIL,0,0,NO_GUIDANCE_SOURCE,0,0,0,0,1,0,1,1.0,102.537,38.774,7.427,110.75,0.0,1591,1524,LATE_GPS,0,0,FAIL
2097.108,4,FAIL,0,0,NO_GUIDANCE_SOURCE,0,0,0,0,1,0,1,1.0,102.537,38.774,7.427,110.75,0.0,1591,1524,LATE_GPS,0,0,FAIL
2097.158,4,FAIL,0,0,NO_GUIDANCE_SOURCE,0,0,0,0,1,0,1,1.0,102.537,38.774,7.427,110.75,0.0,1591,1524,LATE_GPS,0,0,FAIL
2097.208,4,FAIL,0,0,NO_GUIDANCE_SOURCE,0,0,0,0,1,0,1,1.0,102.537,38.774,7.427,110.75,0.0,1591,1524,LATE_GPS,0,0,FAIL
2097.258,4,FAIL,0,0,NO_GUIDANCE_SOURCE,0,0,0,0,1,0,1,1.0,102.537,38.774,7.427,110.75,0.0,1591,1524,LATE_GPS,0,0,FAIL
2097.308,4,FAIL,0,0,NO_GUIDANCE_SOURCE,0,0,0,0,1,0,1,1.0,102.537,38.774,7.427,110.75,0.0,1591,1524,LATE_GPS,0,0,FAIL
2097.358,4,FAIL,0,0,NO_GUIDANCE_SOURCE,0,0,0,0,1,0,1,1.0,102.537,38.774,7.427,110.75,0.0,1591,1524,LATE_GPS,0,0,FAIL
2097.409,4,FAIL,0,0,NO_GUIDANCE_SOURCE,0,0,0,0,1,0,1,1.0,102.537,38.774,7.427,110.75,0.0,1591,1524,LATE_GPS,0,0,FAIL
2097.459,4,FAIL,0,0,NO_GUIDANCE_SOURCE,0,0,0,0,1,0,1,1.0,102.537,38.774,7.427,110.75,0.0,1591,1524,LATE_GPS,0,0,FAIL
2097.509,4,FAIL,0,0,NO_GUIDANCE_SOURCE,0,0,0,0,1,0,1,1.0,102.537,38.774,7.427,110.75,0.0,1591,1524,LATE_GPS,0,0,FAIL
2097.559,4,FAIL,0,0,NO_GUIDANCE_SOURCE,0,0,0,0,1,0,1,1.0,102.537,38.774,7.427,110.75,0.0,1591,1524,LATE_GPS,0,0,FAIL
2097.609,4,FAIL,0,0,NO_GUIDANCE_SOURCE,0,0,0,0,1,0,1,1.0,102.537,38.774,7.427,110.75,0.0,1591,1524,LATE_GPS,0,0,FAIL
2097.659,4,FAIL,0,0,NO_GUIDANCE_SOURCE,0,0,0,0,1,0,1,1.0,102.537,38.774,7.427,110.75,0.0,1591,1524,LATE_GPS,0,0,FAIL
2097.709,4,FAIL,0,0,NO_GUIDANCE_SOURCE,0,0,0,0,1,0,1,1.0,102.537,38.774,7.427,110.75,0.0,1591,1524,LATE_GPS,0,0,FAIL
2097.759,4,FAIL,0,0,NO_GUIDANCE_SOURCE,0,0,0,0,1,0,1,1.0,102.537,38.774,7.427,110.75,0.0,1591,1524,LATE_GPS,0,0,FAIL
2097.81,4,FAIL,0,0,NO_GUIDANCE_SOURCE,0,0,0,0,1,0,1,1.0,102.537,38.774,7.427,110.75,0.0,1591,1524,LATE_GPS,0,0,FAIL
2097.86,4,DR_PM_GBA_CLOSED,1,1,OK,0,0,1,1,1,1,1,1.0,106.013,38.915,6.959,87.59,-45.0,1316,1250,LATE_GPS,0,0,DR_TRACKING_CLOSED
2097.91,4,DR_PM_GBA_CLOSED,1,1,OK,0,0,1,1,1,1,1,1.0,106.361,38.944,6.954,85.34,-45.0,1316,1250,LATE_GPS,0,0,DR_TRACKING_CLOSED
2097.96,4,DR_PM_GBA_CLOSED,1,1,OK,0,0,1,1,1,1,1,1.0,106.707,38.985,6.95,83.16,-45.0,1316,1250,LATE_GPS,0,0,DR_TRACKING_CLOSED
2098.01,4,DR_PM_GBA_CLOSED,1,1,OK,0,0,1,1,1,1,1,1.0,106.822,39.003,2.326,80.99,-22.212,1350,1283,LATE_GPS,0,0,DR_TRACKING_CLOSED
2098.06,4,DR_PM_GBA_CLOSED,1,1,OK,0,0,1,1,1,1,1,1.0,106.937,39.026,2.326,78.82,-22.212,1383,1317,LATE_GPS,0,0,DR_TRACKING_CLOSED
2098.111,4,DR_PM_GBA_CLOSED,1,1,OK,0,0,1,1,1,1,1,1.0,107.07,39.057,2.725,76.67,-26.017,1417,1350,LATE_GPS,0,0,DR_TRACKING_CLOSED
2098.161,4,DR_PM_GBA_CLOSED,1,1,OK,0,0,1,1,1,1,1,1.0,107.201,39.094,2.724,74.52,-26.017,1450,1384,LATE_GPS,0,0,DR_TRACKING_CLOSED
2098.211,4,DR_PM_GBA_CLOSED,1,1,OK,0,0,1,1,1,1,1,1.0,107.332,39.135,2.724,72.37,-26.017,1478,1411,LATE_GPS,0,0,DR_TRACKING_CLOSED
2098.261,4,DR_PM_GBA_CLOSED,1,1,OK,0,0,1,1,1,1,1,1.0,107.46,39.181,2.724,70.22,-26.017,1461,1394,LATE_GPS,0,0,DR_TRACKING_CLOSED
2098.311,4,DR_PM_GBA_CLOSED,1,1,OK,0,0,1,1,1,1,1,1.0,107.549,39.217,1.906,68.07,-18.197,1494,1428,LATE_GPS,0,0,DR_TRACKING_CLOSED
2098.361,4,DR_PM_GBA_CLOSED,1,1,OK,0,0,1,1,1,1,1,1.0,107.636,39.256,1.906,65.92,-18.197,1508,1441,LATE_GPS,0,0,DR_TRACKING_CLOSED
2098.411,4,DR_PM_GBA_CLOSED,1,1,OK,0,0,1,1,1,1,1,1.0,107.696,39.286,1.332,63.78,-12.723,1535,1469,LATE_GPS,0,0,DR_TRACKING_CLOSED
2098.462,4,DR_PM_GBA_CLOSED,1,1,OK,0,0,1,1,1,1,1,1.0,107.755,39.318,1.332,61.63,-12.723,1535,1469,LATE_GPS,0,0,DR_TRACKING_CLOSED
2098.512,4,DR_PM_GBA_CLOSED,1,1,OK,0,0,1,1,1,1,1,1.0,107.795,39.341,0.931,59.48,-8.888,1551,1485,LATE_GPS,0,0,DR_TRACKING_CLOSED
2098.562,4,DR_PM_GBA_CLOSED,1,1,OK,0,0,1,1,1,1,1,1.0,107.834,39.367,0.931,57.33,-8.873,1551,1485,LATE_GPS,0,0,DR_TRACKING_CLOSED
2098.612,4,DR_PM_GBA_CLOSED,1,1,OK,0,0,1,1,1,1,1,1.0,107.866,39.389,0.781,55.18,-7.421,1557,1490,LATE_GPS,0,0,DR_TRACKING_CLOSED
2098.662,4,DR_PM_GBA_CLOSED,1,1,OK,0,0,1,1,1,1,1,1.0,107.897,39.413,0.781,53.03,-7.388,1557,1491,LATE_GPS,0,0,DR_TRACKING_CLOSED
2098.712,4,DR_PM_GBA_CLOSED,1,1,OK,0,0,1,1,1,1,1,1.0,107.928,39.437,0.781,50.89,-7.345,1557,1491,LATE_GPS,0,0,DR_TRACKING_CLOSED
2098.762,4,DR_PM_GBA_CLOSED,1,1,OK,0,0,1,1,1,1,1,1.0,107.957,39.463,0.781,48.74,-7.292,1557,1491,LATE_GPS,0,0,DR_TRACKING_CLOSED
2098.812,4,DR_PM_GBA_CLOSED,1,1,OK,0,0,1,1,1,1,1,1.0,107.985,39.49,0.782,46.59,-7.228,1557,1491,LATE_GPS,0,0,DR_TRACKING_CLOSED
2098.863,4,DR_PM_GBA_CLOSED,1,1,OK,0,0,1,1,1,1,1,1.0,108.013,39.518,0.782,44.44,-7.155,1558,1491,LATE_GPS,0,0,DR_TRACKING_CLOSED
2098.913,4,DR_PM_GBA_CLOSED,1,1,OK,0,0,1,1,1,1,1,1.0,108.039,39.547,0.782,42.29,-7.071,1558,1492,LATE_GPS,0,0,DR_TRACKING_CLOSED
2098.963,4,DR_PM_GBA_CLOSED,1,1,OK,0,0,1,1,1,1,1,1.0,108.064,39.577,0.782,40.15,-6.978,1558,1492,LATE_GPS,0,0,DR_TRACKING_CLOSED
2099.013,4,DR_PM_GBA_CLOSED,1,1,OK,0,0,1,1,1,1,1,1.0,108.088,39.608,0.782,38.0,-6.875,1559,1492,LATE_GPS,0,0,DR_TRACKING_CLOSED
2099.063,4,DR_PM_GBA_CLOSED,1,1,OK,0,0,1,1,1,1,1,1.0,108.111,39.64,0.782,35.85,-6.762,1559,1493,LATE_GPS,0,0,DR_TRACKING_CLOSED
2099.113,4,DR_PM_GBA_CLOSED,1,1,OK,0,0,1,1,1,1,1,1.0,108.133,39.673,0.782,33.7,-6.64,1559,1493,LATE_GPS,0,0,DR_TRACKING_CLOSED
2099.163,4,DR_PM_GBA_CLOSED,1,1,OK,0,0,1,1,1,1,1,1.0,108.153,39.707,0.782,31.55,-6.508,1560,1494,LATE_GPS,0,0,DR_TRACKING_CLOSED
2099.213,4,DR_PM_GBA_CLOSED,1,1,OK,0,0,1,1,1,1,1,1.0,108.172,39.741,0.782,29.4,-6.368,1560,1494,LATE_GPS,0,0,DR_TRACKING_CLOSED
2099.264,4,DR_PM_GBA_CLOSED,1,1,OK,0,0,1,1,1,1,1,1.0,108.19,39.776,0.783,27.26,-6.219,1561,1494,LATE_GPS,0,0,DR_TRACKING_CLOSED
2099.314,4,DR_PM_GBA_CLOSED,1,1,OK,0,0,1,1,1,1,1,1.0,108.206,39.811,0.783,25.11,-6.06,1561,1495,LATE_GPS,0,0,DR_TRACKING_CLOSED
2099.364,4,DR_PM_GBA_CLOSED,1,1,OK,0,0,1,1,1,1,1,1.0,108.221,39.848,0.783,22.96,-5.894,1562,1496,LATE_GPS,0,0,DR_TRACKING_CLOSED
2099.414,4,DR_PM_GBA_CLOSED,1,1,OK,0,0,1,1,1,1,1,1.0,108.235,39.884,0.783,20.81,-5.719,1562,1496,LATE_GPS,0,0,DR_TRACKING_CLOSED
2099.464,4,DR_PM_GBA_CLOSED,1,1,OK,0,0,1,1,1,1,1,1.0,108.248,39.922,0.783,18.66,-5.536,1563,1497,LATE_GPS,0,0,DR_TRACKING_CLOSED
2099.514,4,DR_PM_GBA_CLOSED,1,1,OK,0,0,1,1,1,1,1,1.0,108.259,39.959,0.783,16.52,-5.345,1563,1497,LATE_GPS,0,0,DR_TRACKING_CLOSED
2099.564,4,DR_PM_GBA_CLOSED,1,1,OK,0,0,1,1,1,1,1,1.0,108.268,39.997,0.784,14.37,-5.147,1564,1498,LATE_GPS,0,0,DR_TRACKING_CLOSED
2099.614,4,DR_PM_GBA_CLOSED,1,1,OK,0,0,1,1,1,1,1,1.0,108.276,40.036,0.784,12.22,-4.941,1591,1524,LATE_GPS,0,0,DR_TRACKING_CLOSED
2099.665,4,DR_PM_GBA_CLOSED,1,1,OK,0,0,1,1,1,1,1,1.0,108.283,40.075,0.784,10.07,-4.729,1591,1524,LATE_GPS,0,0,DR_TRACKING_CLOSED
2099.715,4,DR_PM_GBA_CLOSED,0,0,NAV_INVALID,0,0,1,1,1,1,1,1.0,108.286,40.099,0.498,7.92,0.0,1591,1524,LATE_GPS,0,0,DR_TRACKING_CLOSED
2099.765,4,DR_PM_GBA_CLOSED,0,0,NAV_INVALID,0,0,1,1,1,1,1,1.0,108.288,40.124,0.498,5.77,0.0,1591,1524,LATE_GPS,0,0,DR_TRACKING_CLOSED
2099.815,4,DR_PM_GBA_CLOSED,0,0,NAV_INVALID,0,0,1,1,1,1,1,1.0,108.29,40.149,0.498,3.62,0.0,1591,1524,LATE_GPS,0,0,DR_TRACKING_CLOSED
2099.865,4,DR_PM_GBA_CLOSED,0,0,NAV_INVALID,0,0,1,1,1,1,1,1.0,108.29,40.174,0.498,1.46,0.0,1591,1524,LATE_GPS,0,0,DR_TRACKING_CLOSED
2099.915,4,DR_PM_GBA_CLOSED,1,1,OK,0,0,1,1,1,1,1,1.0,108.288,40.347,3.439,-0.68,-15.643,1521,1455,LATE_GPS,0,0,DR_TRACKING_CLOSED
2099.966,4,DR_PM_GBA_CLOSED,1,1,OK,0,0,1,1,1,1,1,1.0,108.279,40.519,3.439,-2.83,-14.558,1527,1460,LATE_GPS,0,0,DR_TRACKING_CLOSED
2100.016,4,DR_PM_GBA_CLOSED,1,1,OK,0,0,1,1,1,1,1,1.0,108.268,40.639,2.407,-4.98,-9.414,1549,1483,LATE_GPS,0,0,DR_TRACKING_CLOSED
2100.066,4,DR_PM_GBA_CLOSED,1,1,OK,0,0,1,1,1,1,1,1.0,108.253,40.759,2.407,-7.13,-8.625,1552,1486,LATE_GPS,0,0,DR_TRACKING_CLOSED
2100.116,4,DR_PM_GBA_CLOSED,1,1,OK,0,0,1,1,1,1,1,1.0,108.233,40.878,2.408,-9.28,-7.824,1555,1489,LATE_GPS,0,0,DR_TRACKING_CLOSED
2100.166,4,DR_PM_GBA_CLOSED,1,1,OK,0,0,1,1,1,1,1,1.0,108.209,40.996,2.408,-11.43,-7.011,1558,1492,LATE_GPS,0,0,DR_TRACKING_CLOSED
2100.216,4,DR_PM_GBA_CLOSED,1,1,OK,0,0,1,1,1,1,1,1.0,108.18,41.113,2.407,-13.57,-6.187,1561,1495,LATE_GPS,0,0,DR_TRACKING_CLOSED
2100.266,4,DR_PM_GBA_CLOSED,1,1,OK,0,0,1,1,1,1,1,1.0,108.147,41.229,2.407,-15.72,-5.355,1563,1497,LATE_GPS,0,0,DR_TRACKING_CLOSED
2100.316,4,DR_PM_GBA_CLOSED,1,1,OK,0,0,1,1,1,1,1,1.0,108.11,41.344,2.408,-17.87,-4.515,1591,1524,LATE_GPS,0,0,DR_TRACKING_CLOSED
2100.367,4,DR_PM_GBA_CLOSED,1,1,OK,0,0,1,1,1,1,1,1.0,108.069,41.457,2.408,-20.02,-3.669,1591,1524,LATE_GPS,0,0,DR_TRACKING_CLOSED
2100.417,4,DR_PM_GBA_CLOSED,1,1,OK,0,0,1,1,1,1,1,1.0,108.023,41.569,2.408,-22.17,-2.817,1591,1524,LATE_GPS,0,0,DR_TRACKING_CLOSED
2100.467,4,DR_PM_GBA_CLOSED,1,1,OK,0,0,1,1,1,1,1,0.9997,107.973,41.679,2.409,-24.32,0.0,1591,1524,LATE_GPS,0,0,DR_TRACKING_CLOSED
2100.517,4,DR_PM_GBA_CLOSED,1,1,OK,0,0,1,1,1,1,1,0.9987,107.919,41.787,2.41,-26.47,0.0,1591,1524,LATE_GPS,0,0,DR_TRACKING_CLOSED
2100.567,4,DR_PM_GBA_CLOSED,1,1,OK,0,0,1,1,1,1,1,0.9977,107.861,41.893,2.411,-28.62,0.0,1591,1524,LATE_GPS,0,0,DR_TRACKING_CLOSED
2100.617,4,DR_PM_GBA_CLOSED,1,1,OK,0,0,1,1,1,1,1,0.9967,107.798,41.997,2.412,-30.77,0.0,1591,1524,LATE_GPS,0,0,DR_TRACKING_CLOSED
2100.667,4,DR_PM_GBA_CLOSED,1,1,OK,0,0,1,1,1,1,1,0.9957,107.732,42.099,2.414,-32.91,0.0,1591,1524,LATE_GPS,0,0,DR_TRACKING_CLOSED
2100.718,4,DR_PM_GBA_CLOSED,1,1,OK,0,0,1,1,1,1,1,0.9947,107.718,42.119,0.502,-35.06,0.486,1591,1524,LATE_GPS,0,0,DR_TRACKING_CLOSED
2100.768,4,DR_PM_GBA_CLOSED,1,1,OK,0,0,1,1,1,1,1,0.9937,107.702,42.139,0.502,-37.21,0.664,1591,1524,LATE_GPS,0,0,DR_TRACKING_CLOSED
2100.818,4,DR_PM_GBA_CLOSED,1,1,OK,0,0,1,1,1,1,1,0.9927,107.686,42.158,0.502,-39.36,0.84,1591,1524,LATE_GPS,0,0,DR_TRACKING_CLOSED
2100.868,4,DR_PM_GBA_CLOSED,1,1,OK,0,0,1,1,1,1,1,0.9917,107.669,42.177,0.502,-41.52,1.015,1591,1524,LATE_GPS,0,0,DR_TRACKING_CLOSED
2100.918,4,DR_PM_GBA_CLOSED,1,1,OK,0,0,1,1,1,1,1,0.9907,107.652,42.195,0.502,-43.67,1.188,1591,1524,LATE_GPS,0,0,DR_TRACKING_CLOSED
2100.97,4,DR_PM_GBA_CLOSED,1,1,OK,0,0,1,1,1,1,1,0.9897,107.633,42.213,0.503,-45.87,1.363,1591,1524,LATE_GPS,0,0,DR_TRACKING_CLOSED
2101.02,4,DR_PM_GBA_CLOSED,1,1,OK,0,0,1,1,1,1,1,0.9887,107.614,42.229,0.503,-48.01,1.531,1591,1524,LATE_GPS,0,0,DR_TRACKING_CLOSED
2101.07,4,DR_PM_GBA_CLOSED,1,1,OK,0,0,1,1,1,1,1,0.9877,107.595,42.245,0.503,-50.16,1.698,1591,1524,LATE_GPS,0,0,DR_TRACKING_CLOSED
2101.12,4,DR_PM_GBA_CLOSED,1,1,OK,0,0,1,1,1,1,1,0.9867,107.575,42.261,0.503,-52.31,1.861,1591,1524,LATE_GPS,0,0,DR_TRACKING_CLOSED
2101.17,4,DR_PM_GBA_CLOSED,1,1,OK,0,0,1,1,1,1,1,0.9857,107.554,42.275,0.503,-54.46,2.022,1591,1524,LATE_GPS,0,0,DR_TRACKING_CLOSED
2101.22,5,FAIL,0,0,NO_GUIDANCE_SOURCE,0,0,0,0,1,0,1,0.9857,107.554,42.275,0.503,-54.46,0.0,1591,1524,LATE_GPS,0,0,FAIL
2101.27,5,FAIL,0,0,NO_GUIDANCE_SOURCE,0,0,0,0,1,0,1,0.9857,107.554,42.275,0.503,-54.46,0.0,1591,1524,LATE_GPS,0,0,FAIL
2101.32,5,FAIL,0,0,NO_GUIDANCE_SOURCE,0,0,0,0,1,0,1,0.9857,107.554,42.275,0.503,-54.46,0.0,1591,1524,LATE_GPS,0,0,FAIL
2101.371,5,FAIL,0,0,NO_GUIDANCE_SOURCE,0,0,0,0,1,0,1,0.9857,107.554,42.275,0.503,-54.46,0.0,1591,1524,LATE_GPS,0,0,FAIL
2101.421,5,FAIL,0,0,NO_GUIDANCE_SOURCE,0,0,0,0,1,0,1,0.9857,107.554,42.275,0.503,-54.46,0.0,1591,1524,LATE_GPS,0,0,FAIL
2101.471,5,FAIL,0,0,NO_GUIDANCE_SOURCE,0,0,0,0,1,0,1,0.9857,107.554,42.275,0.503,-54.46,0.0,1591,1524,LATE_GPS,0,0,FAIL
2101.521,5,FAIL,0,0,NO_GUIDANCE_SOURCE,0,0,0,0,1,0,1,0.9857,107.554,42.275,0.503,-54.46,0.0,1591,1524,LATE_GPS,0,0,FAIL
2101.571,5,FAIL,0,0,NO_GUIDANCE_SOURCE,0,0,0,0,1,0,1,0.9857,107.554,42.275,0.503,-54.46,0.0,1591,1524,LATE_GPS,0,0,FAIL
2101.621,5,FAIL,0,0,NO_GUIDANCE_SOURCE,0,0,0,0,1,0,1,0.9857,107.554,42.275,0.503,-54.46,0.0,1591,1524,LATE_GPS,0,0,FAIL
2101.671,5,FAIL,0,0,NO_GUIDANCE_SOURCE,0,0,0,0,1,0,1,0.9857,107.554,42.275,0.503,-54.46,0.0,1591,1524,LATE_GPS,0,0,FAIL
2101.721,5,FAIL,0,0,NO_GUIDANCE_SOURCE,0,0,0,0,1,0,1,0.9857,107.554,42.275,0.503,-54.46,0.0,1591,1524,LATE_GPS,0,0,FAIL
2101.772,5,FAIL,0,0,NO_GUIDANCE_SOURCE,0,0,0,0,1,0,1,0.9857,107.554,42.275,0.503,-54.46,0.0,1591,1524,LATE_GPS,0,0,FAIL
2101.822,5,FAIL,0,0,NO_GUIDANCE_SOURCE,0,0,0,0,1,0,1,0.9857,107.554,42.275,0.503,-54.46,0.0,1591,1524,LATE_GPS,0,0,FAIL
2101.872,5,FAIL,0,0,NO_GUIDANCE_SOURCE,0,0,0,0,1,0,1,0.9857,107.554,42.275,0.503,-54.46,0.0,1591,1524,LATE_GPS,0,0,FAIL
2101.922,5,FAIL,0,0,NO_GUIDANCE_SOURCE,0,0,0,0,1,0,1,0.9857,107.554,42.275,0.503,-54.46,0.0,1591,1524,LATE_GPS,0,0,FAIL
2101.972,5,FAIL,0,0,NO_GUIDANCE_SOURCE,0,0,0,0,1,0,1,0.9857,107.554,42.275,0.503,-54.46,0.0,1591,1524,LATE_GPS,0,0,FAIL
2102.022,5,FAIL,0,0,NO_GUIDANCE_SOURCE,0,0,0,0,1,0,1,0.9857,107.554,42.275,0.503,-54.46,0.0,1591,1524,LATE_GPS,0,0,FAIL
2102.072,5,FAIL,0,0,NO_GUIDANCE_SOURCE,0,0,0,0,1,0,1,0.9857,107.554,42.275,0.503,-54.46,0.0,1591,1524,LATE_GPS,0,0,FAIL
2102.123,5,FAIL,0,0,NO_GUIDANCE_SOURCE,0,0,0,0,1,0,1,0.9857,107.554,42.275,0.503,-54.46,0.0,1591,1524,LATE_GPS,0,0,FAIL
2102.173,5,FAIL,0,0,NO_GUIDANCE_SOURCE,0,0,0,0,1,0,1,0.9857,107.554,42.275,0.503,-54.46,0.0,1591,1524,LATE_GPS,0,0,FAIL
2102.223,5,FAIL,0,0,NO_GUIDANCE_SOURCE,0,0,0,0,1,0,1,0.9857,107.554,42.275,0.503,-54.46,0.0,1591,1524,LATE_GPS,0,0,FAIL
2102.273,5,FAIL,0,0,NO_GUIDANCE_SOURCE,0,0,0,0,1,0,1,0.9857,107.554,42.275,0.503,-54.46,0.0,1591,1524,LATE_GPS,0,0,FAIL
2102.323,5,FAIL,0,0,NO_GUIDANCE_SOURCE,0,0,0,0,1,0,1,0.9857,107.554,42.275,0.503,-54.46,0.0,1591,1524,LATE_GPS,0,0,FAIL
2102.373,5,FAIL,0,0,NO_GUIDANCE_SOURCE,0,0,0,0,1,0,1,0.9857,107.554,42.275,0.503,-54.46,0.0,1591,1524,LATE_GPS,0,0,FAIL
2102.423,5,FAIL,0,0,NO_GUIDANCE_SOURCE,0,0,0,0,1,0,1,0.9857,107.554,42.275,0.503,-54.46,0.0,1591,1524,LATE_GPS,0,0,FAIL
2102.473,5,FAIL,0,0,NO_GUIDANCE_SOURCE,0,0,0,0,1,0,1,0.9857,107.554,42.275,0.503,-54.46,0.0,1591,1524,LATE_GPS,0,0,FAIL
2102.524,5,FAIL,0,0,NO_GUIDANCE_SOURCE,0,0,0,0,1,0,1,0.9857,107.554,42.275,0.503,-54.46,0.0,1591,1524,LATE_GPS,0,0,FAIL
2102.574,5,FAIL,0,0,NO_GUIDANCE_SOURCE,0,0,0,0,1,0,1,0.9857,107.554,42.275,0.503,-54.46,0.0,1591,1524,LATE_GPS,0,0,FAIL
2102.624,5,FAIL,0,0,NO_GUIDANCE_SOURCE,0,0,0,0,1,0,1,0.9857,107.554,42.275,0.503,-54.46,0.0,1591,1524,LATE_GPS,0,0,FAIL
2102.674,5,FAIL,0,0,NO_GUIDANCE_SOURCE,0,0,0,0,1,0,1,0.9857,107.554,42.275,0.503,-54.46,0.0,1591,1524,LATE_GPS,0,0,FAIL
2102.725,5,FAIL,0,0,NO_GUIDANCE_SOURCE,0,0,0,0,1,0,1,0.9857,107.554,42.275,0.503,-54.46,0.0,1591,1524,LATE_GPS,0,0,FAIL
2102.775,5,FAIL,0,0,NO_GUIDANCE_SOURCE,0,0,0,0,1,0,1,0.9857,107.554,42.275,0.503,-54.46,0.0,1591,1524,LATE_GPS,0,0,FAIL
2102.825,5,FAIL,0,0,NO_GUIDANCE_SOURCE,0,0,0,0,1,0,1,0.9857,107.554,42.275,0.503,-54.46,0.0,1591,1524,LATE_GPS,0,0,FAIL
2102.875,5,FAIL,0,0,NO_GUIDANCE_SOURCE,0,0,0,0,1,0,1,0.9857,107.554,42.275,0.503,-54.46,0.0,1591,1524,LATE_GPS,0,0,FAIL
2102.925,5,FAIL,0,0,NO_GUIDANCE_SOURCE,0,0,0,0,1,0,1,0.9857,107.554,42.275,0.503,-54.46,0.0,1591,1524,LATE_GPS,0,0,FAIL
2102.976,5,FAIL,0,0,NO_GUIDANCE_SOURCE,0,0,0,0,1,0,1,0.9857,107.554,42.275,0.503,-54.46,0.0,1591,1524,LATE_GPS,0,0,FAIL
2103.026,5,FAIL,0,0,NO_GUIDANCE_SOURCE,0,0,0,0,1,0,1,0.9857,107.554,42.275,0.503,-54.46,0.0,1591,1524,LATE_GPS,0,0,FAIL
2103.076,5,FAIL,0,0,NO_GUIDANCE_SOURCE,0,0,0,0,1,0,1,0.9857,107.554,42.275,0.503,-54.46,0.0,1591,1524,LATE_GPS,0,0,FAIL
2103.126,5,FAIL,0,0,NO_GUIDANCE_SOURCE,0,0,0,0,1,0,1,0.9857,107.554,42.275,0.503,-54.46,0.0,1591,1524,LATE_GPS,0,0,FAIL
2103.176,5,FAIL,0,0,NO_GUIDANCE_SOURCE,0,0,0,0,1,0,1,0.9857,107.554,42.275,0.503,-54.46,0.0,1591,1524,LATE_GPS,0,0,FAIL
2103.227,5,FAIL,0,0,NO_GUIDANCE_SOURCE,0,0,0,0,1,0,1,0.9857,107.554,42.275,0.503,-54.46,0.0,1591,1524,LATE_GPS,0,0,FAIL
2103.277,5,FAIL,0,0,NO_GUIDANCE_SOURCE,0,0,0,0,1,0,1,0.9857,107.554,42.275,0.503,-54.46,0.0,1591,1524,LATE_GPS,0,0,FAIL
2103.328,5,FAIL,0,0,NO_GUIDANCE_SOURCE,0,0,0,0,1,0,1,0.9857,107.554,42.275,0.503,-54.46,0.0,1591,1524,LATE_GPS,0,0,FAIL
2103.378,5,FAIL,0,0,NO_GUIDANCE_SOURCE,0,0,0,0,1,0,1,0.9857,107.554,42.275,0.503,-54.46,0.0,1591,1524,LATE_GPS,0,0,FAIL
2103.428,5,FAIL,0,0,NO_GUIDANCE_SOURCE,0,0,0,0,1,0,1,0.9857,107.554,42.275,0.503,-54.46,0.0,1591,1524,LATE_GPS,0,0,FAIL
2103.478,5,FAIL,0,0,NO_GUIDANCE_SOURCE,0,0,0,0,1,0,1,0.9857,107.554,42.275,0.503,-54.46,0.0,1591,1524,LATE_GPS,0,0,FAIL
2103.528,5,FAIL,0,0,NO_GUIDANCE_SOURCE,0,0,0,0,1,0,1,0.9857,107.554,42.275,0.503,-54.46,0.0,1591,1524,LATE_GPS,0,0,FAIL
2103.578,5,FAIL,0,0,NO_GUIDANCE_SOURCE,0,0,0,0,1,0,1,0.9857,107.554,42.275,0.503,-54.46,0.0,1591,1524,LATE_GPS,0,0,FAIL
2103.628,5,FAIL,0,0,NO_GUIDANCE_SOURCE,0,0,0,0,1,0,1,0.9857,107.554,42.275,0.503,-54.46,0.0,1591,1524,LATE_GPS,0,0,FAIL
2103.678,5,FAIL,0,0,NO_GUIDANCE_SOURCE,0,0,0,0,1,0,1,0.9857,107.554,42.275,0.503,-54.46,0.0,1591,1524,LATE_GPS,0,0,FAIL
2103.729,5,FAIL,0,0,NO_GUIDANCE_SOURCE,0,0,0,0,1,0,1,0.9857,107.554,42.275,0.503,-54.46,0.0,1591,1524,LATE_GPS,0,0,FAIL
2103.779,5,FAIL,0,0,NO_GUIDANCE_SOURCE,0,0,0,0,1,0,1,0.9857,107.554,42.275,0.503,-54.46,0.0,1591,1524,LATE_GPS,0,0,FAIL
2103.829,5,FAIL,0,0,NO_GUIDANCE_SOURCE,0,0,0,0,1,0,1,0.9857,107.554,42.275,0.503,-54.46,0.0,1591,1524,LATE_GPS,0,0,FAIL
2103.879,5,FAIL,0,0,NO_GUIDANCE_SOURCE,0,0,0,0,1,0,1,0.9857,107.554,42.275,0.503,-54.46,0.0,1591,1524,LATE_GPS,0,0,FAIL
2103.929,5,FAIL,0,0,NO_GUIDANCE_SOURCE,0,0,0,0,1,0,1,0.9857,107.554,42.275,0.503,-54.46,0.0,1591,1524,LATE_GPS,0,0,FAIL
2103.979,5,FAIL,0,0,NO_GUIDANCE_SOURCE,0,0,0,0,1,0,1,0.9857,107.554,42.275,0.503,-54.46,0.0,1591,1524,LATE_GPS,0,0,FAIL
2104.03,5,FAIL,0,0,NO_GUIDANCE_SOURCE,0,0,0,0,1,0,1,0.9857,107.554,42.275,0.503,-54.46,0.0,1591,1524,LATE_GPS,0,0,FAIL
2104.08,5,FAIL,0,0,NO_GUIDANCE_SOURCE,0,0,0,0,1,0,1,0.9857,107.554,42.275,0.503,-54.46,0.0,1591,1524,LATE_GPS,0,0,FAIL
2104.131,5,FAIL,0,0,NO_GUIDANCE_SOURCE,0,0,0,0,1,0,1,0.9857,107.554,42.275,0.503,-54.46,0.0,1591,1524,LATE_GPS,0,0,FAIL
2104.181,5,FAIL,0,0,NO_GUIDANCE_SOURCE,0,0,0,0,1,0,1,0.9857,107.554,42.275,0.503,-54.46,0.0,1591,1524,LATE_GPS,0,0,FAIL
2104.231,5,FAIL,0,0,NO_GUIDANCE_SOURCE,0,0,0,0,1,0,1,0.9857,107.554,42.275,0.503,-54.46,0.0,1591,1524,LATE_GPS,0,0,FAIL
2104.282,5,FAIL,0,0,NO_GUIDANCE_SOURCE,0,0,0,0,1,0,1,0.9857,107.554,42.275,0.503,-54.46,0.0,1591,1524,LATE_GPS,0,0,FAIL
2104.332,5,FAIL,0,0,NO_GUIDANCE_SOURCE,0,0,0,0,1,0,1,0.9857,107.554,42.275,0.503,-54.46,0.0,1591,1524,LATE_GPS,0,0,FAIL
2104.382,5,FAIL,0,0,NO_GUIDANCE_SOURCE,0,0,0,0,1,0,1,0.9857,107.554,42.275,0.503,-54.46,0.0,1591,1524,LATE_GPS,0,0,FAIL
2104.433,5,FAIL,0,0,NO_GUIDANCE_SOURCE,0,0,0,0,1,0,1,0.9857,107.554,42.275,0.503,-54.46,0.0,1591,1524,LATE_GPS,0,0,FAIL
2104.483,5,FAIL,0,0,NO_GUIDANCE_SOURCE,0,0,0,0,1,0,1,0.9857,107.554,42.275,0.503,-54.46,0.0,1591,1524,LATE_GPS,0,0,FAIL
2104.533,5,FAIL,0,0,NO_GUIDANCE_SOURCE,0,0,0,0,1,0,1,0.9857,107.554,42.275,0.503,-54.46,0.0,1591,1524,LATE_GPS,0,0,FAIL
2104.583,5,FAIL,0,0,NO_GUIDANCE_SOURCE,0,0,0,0,1,0,1,0.9857,107.554,42.275,0.503,-54.46,0.0,1591,1524,LATE_GPS,0,0,FAIL
2104.634,5,FAIL,0,0,NO_GUIDANCE_SOURCE,0,0,0,0,1,0,1,0.9857,107.554,42.275,0.503,-54.46,0.0,1591,1524,LATE_GPS,0,0,FAIL
2104.684,5,FAIL,0,0,NO_GUIDANCE_SOURCE,0,0,0,0,1,0,1,0.9857,107.554,42.275,0.503,-54.46,0.0,1591,1524,LATE_GPS,0,0,FAIL
2104.734,5,FAIL,0,0,NO_GUIDANCE_SOURCE,0,0,0,0,1,0,1,0.9857,107.554,42.275,0.503,-54.46,0.0,1591,1524,LATE_GPS,0,0,FAIL
2104.784,5,FAIL,0,0,NO_GUIDANCE_SOURCE,0,0,0,0,1,0,1,0.9857,107.554,42.275,0.503,-54.46,0.0,1591,1524,LATE_GPS,0,0,FAIL
2104.834,5,FAIL,0,0,NO_GUIDANCE_SOURCE,0,0,0,0,1,0,1,0.9857,107.554,42.275,0.503,-54.46,0.0,1591,1524,LATE_GPS,0,0,FAIL
2104.884,5,FAIL,0,0,NO_GUIDANCE_SOURCE,0,0,0,0,1,0,1,0.9857,107.554,42.275,0.503,-54.46,0.0,1591,1524,LATE_GPS,0,0,FAIL
2104.935,5,FAIL,0,0,NO_GUIDANCE_SOURCE,0,0,0,0,1,0,1,0.9857,107.554,42.275,0.503,-54.46,0.0,1591,1524,LATE_GPS,0,0,FAIL
2104.985,5,FAIL,0,0,NO_GUIDANCE_SOURCE,0,0,0,0,1,0,1,0.9857,107.554,42.275,0.503,-54.46,0.0,1591,1524,LATE_GPS,0,0,FAIL
2105.035,5,FAIL,0,0,NO_GUIDANCE_SOURCE,0,0,0,0,1,0,1,0.9857,107.554,42.275,0.503,-54.46,0.0,1591,1524,LATE_GPS,0,0,FAIL
2105.085,5,FAIL,0,0,NO_GUIDANCE_SOURCE,0,0,0,0,1,0,1,0.9857,107.554,42.275,0.503,-54.46,0.0,1591,1524,LATE_GPS,0,0,FAIL
2105.136,5,FAIL,0,0,NO_GUIDANCE_SOURCE,0,0,0,0,1,0,1,0.9857,107.554,42.275,0.503,-54.46,0.0,1591,1524,LATE_GPS,0,0,FAIL
2105.186,5,FAIL,0,0,NO_GUIDANCE_SOURCE,0,0,0,0,1,0,1,0.9857,107.554,42.275,0.503,-54.46,0.0,1591,1524,LATE_GPS,0,0,FAIL
2105.236,5,FAIL,0,0,NO_GUIDANCE_SOURCE,0,0,0,0,1,0,1,0.9857,107.554,42.275,0.503,-54.46,0.0,1591,1524,LATE_GPS,0,0,FAIL
2105.286,5,FAIL,0,0,NO_GUIDANCE_SOURCE,0,0,0,0,1,0,1,0.9857,107.554,42.275,0.503,-54.46,0.0,1591,1524,LATE_GPS,0,0,FAIL
2105.336,5,FAIL,0,0,NO_GUIDANCE_SOURCE,0,0,0,0,1,0,1,0.9857,107.554,42.275,0.503,-54.46,0.0,1591,1524,LATE_GPS,0,0,FAIL
2105.386,5,FAIL,0,0,NO_GUIDANCE_SOURCE,0,0,0,0,1,0,1,0.9857,107.554,42.275,0.503,-54.46,0.0,1591,1524,LATE_GPS,0,0,FAIL
2105.437,5,FAIL,0,0,NO_GUIDANCE_SOURCE,0,0,0,0,1,0,1,0.9857,107.554,42.275,0.503,-54.46,0.0,1591,1524,LATE_GPS,0,0,FAIL
2105.487,5,FAIL,0,0,NO_GUIDANCE_SOURCE,0,0,0,0,1,0,1,0.9857,107.554,42.275,0.503,-54.46,0.0,1591,1524,LATE_GPS,0,0,FAIL
2105.537,5,FAIL,0,0,NO_GUIDANCE_SOURCE,0,0,0,0,1,0,1,0.9857,107.554,42.275,0.503,-54.46,0.0,1591,1524,LATE_GPS,0,0,FAIL
2105.587,5,FAIL,0,0,NO_GUIDANCE_SOURCE,0,0,0,0,1,0,1,0.9857,107.554,42.275,0.503,-54.46,0.0,1591,1524,LATE_GPS,0,0,FAIL
2105.637,5,FAIL,0,0,NO_GUIDANCE_SOURCE,0,0,0,0,1,0,1,0.9857,107.554,42.275,0.503,-54.46,0.0,1591,1524,LATE_GPS,0,0,FAIL
2105.687,5,FAIL,0,0,NO_GUIDANCE_SOURCE,0,0,0,0,1,0,1,0.9857,107.554,42.275,0.503,-54.46,0.0,1591,1524,LATE_GPS,0,0,FAIL
2105.738,5,FAIL,0,0,NO_GUIDANCE_SOURCE,0,0,0,0,1,0,1,0.9857,107.554,42.275,0.503,-54.46,0.0,1591,1524,LATE_GPS,0,0,FAIL
2105.788,5,FAIL,0,0,NO_GUIDANCE_SOURCE,0,0,0,0,1,0,1,0.9857,107.554,42.275,0.503,-54.46,0.0,1591,1524,LATE_GPS,0,0,FAIL
2105.838,5,FAIL,0,0,NO_GUIDANCE_SOURCE,0,0,0,0,1,0,1,0.9857,107.554,42.275,0.503,-54.46,0.0,1591,1524,LATE_GPS,0,0,FAIL
2105.888,5,FAIL,0,0,NO_GUIDANCE_SOURCE,0,0,0,0,1,0,1,0.9857,107.554,42.275,0.503,-54.46,0.0,1591,1524,LATE_GPS,0,0,FAIL
2105.938,5,FAIL,0,0,NO_GUIDANCE_SOURCE,0,0,0,0,1,0,1,0.9857,107.554,42.275,0.503,-54.46,0.0,1591,1524,LATE_GPS,0,0,FAIL
2105.988,5,FAIL,0,0,NO_GUIDANCE_SOURCE,0,0,0,0,1,0,1,0.9857,107.554,42.275,0.503,-54.46,0.0,1591,1524,LATE_GPS,0,0,FAIL
2106.039,5,FAIL,0,0,NO_GUIDANCE_SOURCE,0,0,0,0,1,0,1,0.9857,107.554,42.275,0.503,-54.46,0.0,1591,1524,LATE_GPS,0,0,FAIL
2106.089,5,FAIL,0,0,NO_GUIDANCE_SOURCE,0,0,0,0,1,0,1,0.9857,107.554,42.275,0.503,-54.46,0.0,1591,1524,LATE_GPS,0,0,FAIL
2106.139,5,FAIL,0,0,NO_GUIDANCE_SOURCE,0,0,0,0,1,0,1,0.9857,107.554,42.275,0.503,-54.46,0.0,1591,1524,LATE_GPS,0,0,FAIL
2106.189,5,FAIL,0,0,NO_GUIDANCE_SOURCE,0,0,0,0,1,0,1,0.9857,107.554,42.275,0.503,-54.46,0.0,1591,1524,LATE_GPS,0,0,FAIL
2106.239,5,FAIL,0,0,NO_GUIDANCE_SOURCE,0,0,0,0,1,0,1,0.9857,107.554,42.275,0.503,-54.46,0.0,1591,1524,LATE_GPS,0,0,FAIL
2106.289,5,FAIL,0,0,NO_GUIDANCE_SOURCE,0,0,0,0,1,0,1,0.9857,107.554,42.275,0.503,-54.46,0.0,1591,1524,LATE_GPS,0,0,FAIL
2106.339,5,FAIL,0,0,NO_GUIDANCE_SOURCE,0,0,0,0,1,0,1,0.9857,107.554,42.275,0.503,-54.46,0.0,1591,1524,LATE_GPS,0,0,FAIL
2106.39,5,FAIL,0,0,NO_GUIDANCE_SOURCE,0,0,0,0,1,0,1,0.9857,107.554,42.275,0.503,-54.46,0.0,1591,1524,LATE_GPS,0,0,FAIL
2106.44,5,FAIL,0,0,NO_GUIDANCE_SOURCE,0,0,0,0,1,0,1,0.9857,107.554,42.275,0.503,-54.46,0.0,1591,1524,LATE_GPS,0,0,FAIL
2106.49,5,FAIL,0,0,NO_GUIDANCE_SOURCE,0,0,0,0,1,0,1,0.9857,107.554,42.275,0.503,-54.46,0.0,1591,1524,LATE_GPS,0,0,FAIL
2106.54,5,FAIL,0,0,NO_GUIDANCE_SOURCE,0,0,0,0,1,0,1,0.9857,107.554,42.275,0.503,-54.46,0.0,1591,1524,LATE_GPS,0,0,FAIL
2106.59,5,FAIL,0,0,NO_GUIDANCE_SOURCE,0,0,0,0,1,0,1,0.9857,107.554,42.275,0.503,-54.46,0.0,1591,1524,LATE_GPS,0,0,FAIL
2106.64,5,FAIL,0,0,NO_GUIDANCE_SOURCE,0,0,0,0,1,0,1,0.9857,107.554,42.275,0.503,-54.46,0.0,1591,1524,LATE_GPS,0,0,FAIL
2106.69,5,FAIL,0,0,NO_GUIDANCE_SOURCE,0,0,0,0,1,0,1,0.9857,107.554,42.275,0.503,-54.46,0.0,1591,1524,LATE_GPS,0,0,FAIL
2106.74,5,FAIL,0,0,NO_GUIDANCE_SOURCE,0,0,0,0,1,0,1,0.9857,107.554,42.275,0.503,-54.46,0.0,1591,1524,LATE_GPS,0,0,FAIL
2106.791,5,FAIL,0,0,NO_GUIDANCE_SOURCE,0,0,0,0,1,0,1,0.9857,107.554,42.275,0.503,-54.46,0.0,1591,1524,LATE_GPS,0,0,FAIL
2106.841,5,FAIL,0,0,NO_GUIDANCE_SOURCE,0,0,0,0,1,0,1,0.9857,107.554,42.275,0.503,-54.46,0.0,1591,1524,LATE_GPS,0,0,FAIL
2106.891,5,FAIL,0,0,NO_GUIDANCE_SOURCE,0,0,0,0,1,0,1,0.9857,107.554,42.275,0.503,-54.46,0.0,1591,1524,LATE_GPS,0,0,FAIL
2106.941,5,FAIL,0,0,NO_GUIDANCE_SOURCE,0,0,0,0,1,0,1,0.9857,107.554,42.275,0.503,-54.46,0.0,1591,1524,LATE_GPS,0,0,FAIL
2106.991,5,FAIL,0,0,NO_GUIDANCE_SOURCE,0,0,0,0,1,0,1,0.9857,107.554,42.275,0.503,-54.46,0.0,1591,1524,LATE_GPS,0,0,FAIL
2107.041,5,FAIL,0,0,NO_GUIDANCE_SOURCE,0,0,0,0,1,0,1,0.9857,107.554,42.275,0.503,-54.46,0.0,1591,1524,LATE_GPS,0,0,FAIL
2107.091,5,FAIL,0,0,NO_GUIDANCE_SOURCE,0,0,0,0,1,0,1,0.9857,107.554,42.275,0.503,-54.46,0.0,1591,1524,LATE_GPS,0,0,FAIL
2107.141,5,FAIL,0,0,NO_GUIDANCE_SOURCE,0,0,0,0,1,0,1,0.9857,107.554,42.275,0.503,-54.46,0.0,1591,1524,LATE_GPS,0,0,FAIL
2107.192,5,FAIL,0,0,NO_GUIDANCE_SOURCE,0,0,0,0,1,0,1,0.9857,107.554,42.275,0.503,-54.46,0.0,1591,1524,LATE_GPS,0,0,FAIL
2107.242,5,DR_PM_GBA_CLOSED,1,1,OK,0,0,1,1,1,1,1,0.8642,107.337,42.446,0.552,-48.98,1.545,1581,1515,LATE_GPS,0,0,FAIL
2107.292,5,DR_PM_GBA_CLOSED,1,1,OK,0,0,1,1,1,1,1,0.8632,107.316,42.464,0.555,-48.49,1.514,1582,1516,LATE_GPS,0,0,FAIL
2107.342,5,DR_PM_GBA_CLOSED,1,1,OK,0,0,1,1,1,1,1,0.8622,107.295,42.483,0.558,-48.07,1.488,1584,1517,LATE_GPS,0,0,FAIL
2107.392,5,DR_PM_GBA_CLOSED,1,1,OK,0,0,1,1,1,1,1,0.8612,107.274,42.501,0.56,-47.65,1.461,1584,1517,LATE_GPS,0,0,FAIL
2107.442,5,DR_PM_GBA_CLOSED,1,1,OK,0,0,1,1,1,1,1,0.8602,107.253,42.521,0.563,-47.23,1.434,1591,1524,LATE_GPS,0,0,FAIL
2107.492,5,DR_PM_GBA_CLOSED,1,1,OK,0,0,1,1,1,1,1,0.8592,107.233,42.54,0.565,-46.81,1.406,1591,1524,LATE_GPS,0,0,FAIL
2107.542,5,DR_PM_GBA_CLOSED,1,1,OK,0,0,1,1,1,1,1,0.8582,107.212,42.559,0.566,-46.42,1.376,1584,1518,LATE_GPS,0,0,FAIL
2107.593,5,DR_PM_GBA_CLOSED,1,1,OK,0,0,1,1,1,1,1,0.8572,107.191,42.579,0.566,-46.04,1.346,1584,1518,LATE_GPS,0,0,FAIL
2107.643,5,DR_PM_GBA_CLOSED,1,1,OK,0,0,1,1,1,1,1,0.8562,107.171,42.599,0.567,-45.65,1.315,1584,1518,LATE_GPS,0,0,FAIL
2107.693,5,DR_PM_GBA_CLOSED,1,1,OK,0,0,1,1,1,1,1,0.8552,107.151,42.619,0.567,-45.26,1.285,1584,1518,LATE_GPS,0,0,FAIL
2107.743,5,DR_PM_GBA_CLOSED,1,1,OK,0,0,1,1,1,1,1,0.8542,107.131,42.639,0.567,-44.87,1.254,1584,1518,LATE_GPS,0,0,FAIL
2107.793,5,DR_PM_GBA_CLOSED,1,1,OK,0,0,1,1,1,1,1,0.8532,107.111,42.659,0.568,-44.49,1.224,1584,1518,LATE_GPS,0,0,FAIL
2107.843,5,DR_PM_GBA_CLOSED,1,1,OK,0,0,1,1,1,1,1,0.8522,107.091,42.679,0.568,-44.1,1.193,1584,1518,LATE_GPS,0,0,FAIL
2107.893,5,DR_PM_GBA_CLOSED,1,1,OK,0,0,1,1,1,1,1,0.8512,107.071,42.7,0.569,-43.71,1.162,1584,1518,LATE_GPS,0,0,FAIL
2107.943,5,DR_PM_GBA_CLOSED,1,1,OK,0,0,1,1,1,1,1,0.8502,107.051,42.721,0.569,-43.33,1.131,1584,1518,LATE_GPS,0,0,FAIL
2107.994,5,DR_PM_GBA_CLOSED,1,1,OK,0,0,1,1,1,1,1,0.8492,107.032,42.741,0.569,-42.94,1.101,1584,1518,LATE_GPS,0,0,FAIL
2108.044,5,DR_PM_GBA_CLOSED,1,1,OK,0,0,1,1,1,1,1,0.8482,107.012,42.762,0.57,-42.55,1.07,1584,1518,LATE_GPS,0,0,FAIL
2108.094,5,DR_PM_GBA_CLOSED,1,1,OK,0,0,1,1,1,1,1,0.8472,106.993,42.783,0.57,-42.17,1.039,1584,1518,LATE_GPS,0,0,FAIL
2108.144,5,DR_PM_GBA_CLOSED,1,1,OK,0,0,1,1,1,1,1,0.8462,106.974,42.805,0.57,-41.78,1.008,1584,1518,LATE_GPS,0,0,FAIL
2108.194,5,DR_PM_GBA_CLOSED,1,1,OK,0,0,1,1,1,1,1,0.8452,106.955,42.826,0.57,-41.39,0.977,1584,1518,LATE_GPS,0,0,FAIL
2108.244,5,DR_PM_GBA_CLOSED,1,1,OK,0,0,1,1,1,1,1,0.8442,106.936,42.848,0.571,-41.0,0.946,1584,1518,LATE_GPS,0,0,FAIL
2108.294,5,DR_PM_GBA_CLOSED,1,1,OK,0,0,1,1,1,1,1,0.8432,106.918,42.869,0.571,-40.62,0.915,1584,1518,LATE_GPS,0,0,FAIL
2108.344,5,DR_PM_GBA_CLOSED,1,1,OK,0,0,1,1,1,1,1,0.8422,106.899,42.891,0.571,-40.23,0.884,1584,1518,LATE_GPS,0,0,FAIL
2108.394,5,DR_PM_GBA_CLOSED,1,1,OK,0,0,1,1,1,1,1,0.8412,106.881,42.913,0.571,-39.84,0.853,1584,1518,LATE_GPS,0,0,FAIL
2108.445,5,DR_PM_GBA_CLOSED,1,1,OK,0,0,1,1,1,1,1,0.8402,106.862,42.935,0.572,-39.46,0.822,1584,1517,LATE_GPS,0,0,FAIL
2108.495,5,DR_PM_GBA_CLOSED,1,1,OK,0,0,1,1,1,1,1,0.8392,106.844,42.957,0.572,-39.07,0.791,1584,1517,LATE_GPS,0,0,FAIL
2108.545,5,DR_PM_GBA_CLOSED,1,1,OK,0,0,1,1,1,1,1,0.8382,106.826,42.979,0.572,-38.68,0.759,1584,1517,LATE_GPS,0,0,FAIL
2108.595,5,DR_PM_GBA_CLOSED,1,1,OK,0,0,1,1,1,1,1,0.8372,106.808,43.002,0.572,-38.3,0.728,1584,1517,LATE_GPS,0,0,FAIL
2108.645,5,DR_PM_GBA_CLOSED,1,1,OK,0,0,1,1,1,1,1,0.8362,106.791,43.025,0.572,-37.91,0.697,1584,1517,LATE_GPS,0,0,FAIL
2108.695,5,DR_PM_GBA_CLOSED,1,1,OK,0,0,1,1,1,1,1,0.8352,106.773,43.047,0.572,-37.52,0.666,1584,1517,LATE_GPS,0,0,FAIL
2108.746,5,DR_PM_GBA_CLOSED,1,1,OK,0,0,1,1,1,1,1,0.8341,106.756,43.07,0.572,-37.13,0.635,1584,1517,LATE_GPS,0,0,FAIL
2108.796,5,DR_PM_GBA_CLOSED,1,1,OK,0,0,1,1,1,1,1,0.8331,106.738,43.093,0.573,-36.75,0.604,1583,1517,LATE_GPS,0,0,FAIL
2108.846,5,DR_PM_GBA_CLOSED,1,1,OK,0,0,1,1,1,1,1,0.8321,106.721,43.116,0.573,-36.36,0.573,1583,1517,LATE_GPS,0,0,FAIL
2108.896,5,DR_PM_GBA_CLOSED,1,1,OK,0,0,1,1,1,1,1,0.8311,106.704,43.139,0.573,-35.97,0.542,1583,1517,LATE_GPS,0,0,FAIL
2108.946,5,DR_PM_GBA_CLOSED,1,1,OK,0,0,1,1,1,1,1,0.8301,106.687,43.163,0.573,-35.58,0.511,1583,1517,LATE_GPS,0,0,FAIL
2108.997,5,DR_PM_GBA_CLOSED,1,1,OK,0,0,1,1,1,1,1,0.8291,106.671,43.186,0.573,-35.2,0.48,1591,1524,LATE_GPS,0,0,FAIL
2109.047,5,DR_PM_GBA_CLOSED,1,1,OK,0,0,1,1,1,1,1,0.8281,106.654,43.21,0.573,-34.81,0.449,1591,1524,LATE_GPS,0,0,FAIL
2109.097,5,DR_PM_GBA_CLOSED,1,1,OK,0,0,1,1,1,1,1,0.8271,106.638,43.233,0.573,-34.42,0.418,1583,1517,LATE_GPS,0,0,FAIL
2109.147,5,DR_PM_GBA_CLOSED,1,1,OK,0,0,1,1,1,1,1,0.8261,106.622,43.257,0.573,-34.03,0.0,1583,1517,LATE_GPS,0,0,FAIL
2109.197,5,DR_PM_GBA_CLOSED,1,1,OK,0,0,1,1,1,1,1,0.8251,106.606,43.281,0.573,-33.65,0.0,1583,1517,LATE_GPS,0,0,FAIL
2109.247,5,DR_PM_GBA_CLOSED,1,1,OK,0,0,1,1,1,1,1,0.8241,106.59,43.305,0.573,-33.26,0.0,1583,1517,LATE_GPS,0,0,FAIL
2109.297,5,DR_PM_GBA_CLOSED,1,1,OK,0,0,1,1,1,1,1,0.8231,106.574,43.329,0.573,-32.87,0.0,1583,1517,LATE_GPS,0,0,FAIL
2109.348,5,DR_PM_GBA_CLOSED,1,1,OK,0,0,1,1,1,1,1,0.8221,106.559,43.353,0.573,-32.48,0.0,1583,1517,LATE_GPS,0,0,FAIL
2109.398,5,DR_PM_GBA_CLOSED,1,1,OK,0,0,1,1,1,1,1,0.8211,106.543,43.377,0.573,-32.1,0.0,1583,1517,LATE_GPS,0,0,FAIL
2109.448,5,DR_PM_GBA_CLOSED,1,1,OK,0,0,1,1,1,1,1,0.8201,106.528,43.402,0.573,-31.71,0.0,1583,1517,LATE_GPS,0,0,FAIL
2109.498,5,DR_PM_GBA_CLOSED,1,1,OK,0,0,1,1,1,1,1,0.8191,106.513,43.426,0.573,-31.32,0.0,1583,1517,LATE_GPS,0,0,FAIL
2109.548,5,DR_PM_GBA_CLOSED,1,1,OK,0,0,1,1,1,1,1,0.8181,106.498,43.451,0.572,-30.94,0.0,1583,1517,LATE_GPS,0,0,FAIL
2109.598,5,DR_PM_GBA_CLOSED,1,1,OK,0,0,1,1,1,1,1,0.8171,106.484,43.475,0.572,-30.55,0.0,1583,1517,LATE_GPS,0,0,FAIL
2109.648,5,DR_PM_GBA_CLOSED,1,1,OK,0,0,1,1,1,1,1,0.8161,106.469,43.5,0.572,-30.16,0.0,1583,1517,LATE_GPS,0,0,FAIL
2109.699,5,DR_PM_GBA_CLOSED,1,1,OK,0,0,1,1,1,1,1,0.8151,106.455,43.525,0.572,-29.77,0.0,1583,1517,LATE_GPS,0,0,FAIL
2109.749,5,DR_PM_GBA_CLOSED,1,1,OK,0,0,1,1,1,1,1,0.8141,106.441,43.55,0.572,-29.39,0.0,1583,1517,LATE_GPS,0,0,FAIL
2109.799,5,DR_PM_GBA_CLOSED,1,1,OK,0,0,1,1,1,1,1,0.8131,106.427,43.575,0.574,-29.0,0.0,1583,1517,LATE_GPS,0,0,FAIL
2109.849,5,DR_PM_GBA_CLOSED,1,1,OK,0,0,1,1,1,1,1,0.8121,106.412,43.6,0.575,-29.1,0.0,1591,1524,LATE_GPS,0,0,FAIL
2109.899,5,DR_PM_GBA_CLOSED,1,1,OK,0,0,1,1,1,1,1,0.8111,106.398,43.625,0.575,-29.22,0.0,1591,1524,LATE_GPS,0,0,FAIL
2109.949,5,DR_PM_GBA_CLOSED,1,1,OK,0,0,1,1,1,1,1,0.8101,106.384,43.65,0.575,-29.35,0.0,1591,1524,LATE_GPS,0,0,FAIL
2109.999,5,DR_PM_GBA_CLOSED,1,1,OK,0,0,1,1,1,1,1,0.8091,106.369,43.675,0.574,-29.47,0.0,1591,1524,LATE_GPS,0,0,FAIL
2110.05,5,DR_PM_GBA_CLOSED,1,1,OK,0,0,1,1,1,1,1,0.8081,106.355,43.7,0.573,-29.59,0.0,1591,1524,LATE_GPS,0,0,FAIL
2110.1,5,DR_PM_GBA_CLOSED,1,1,OK,0,0,1,1,1,1,1,0.8071,106.341,43.725,0.573,-29.72,0.0,1591,1524,LATE_GPS,0,0,FAIL
2110.15,5,DR_PM_GBA_CLOSED,1,1,OK,0,0,1,1,1,1,1,0.8061,106.326,43.75,0.572,-29.84,0.0,1591,1524,LATE_GPS,0,0,FAIL
2110.2,5,DR_PM_GBA_CLOSED,1,1,OK,0,0,1,1,1,1,1,0.8051,106.312,43.775,0.572,-29.95,0.0,1591,1524,LATE_GPS,0,0,FAIL
2110.25,5,DR_PM_GBA_CLOSED,1,1,OK,0,0,1,1,1,1,1,0.8041,106.297,43.799,0.572,-30.05,0.0,1591,1524,LATE_GPS,0,0,FAIL
2110.301,5,DR_PM_GBA_CLOSED,1,1,OK,0,0,1,1,1,1,1,0.803,106.284,43.821,0.5,-30.07,0.0,1591,1524,LATE_GPS,0,0,FAIL
2110.351,5,DR_PM_GBA_CLOSED,1,1,OK,0,0,1,1,1,1,1,0.802,106.272,43.843,0.5,-30.04,0.0,1591,1524,LATE_GPS,0,0,FAIL
2110.401,5,DR_PM_GBA_CLOSED,1,1,OK,0,0,1,1,1,1,1,0.801,106.259,43.864,0.5,-29.98,0.0,1591,1524,LATE_GPS,0,0,FAIL
2110.451,5,DR_PM_GBA_CLOSED,1,1,OK,0,0,1,1,1,1,1,0.8,106.246,43.886,0.501,-29.79,0.0,1591,1524,LATE_GPS,0,0,FAIL
2110.501,5,DR_PM_GBA_CLOSED,1,1,OK,0,0,1,1,1,1,1,0.799,106.234,43.908,0.501,-29.61,0.0,1591,1524,LATE_GPS,0,0,FAIL
2110.551,5,DR_PM_GBA_CLOSED,1,1,OK,0,0,1,1,1,1,1,0.798,106.221,43.929,0.501,-29.42,0.0,1591,1524,LATE_GPS,0,0,FAIL
2110.601,5,DR_PM_GBA_CLOSED,1,1,OK,0,0,1,1,1,1,1,0.797,106.209,43.951,0.501,-29.07,0.0,1584,1517,LATE_GPS,0,0,FAIL
2110.652,5,DR_PM_GBA_CLOSED,1,1,OK,0,0,1,1,1,1,1,0.796,106.197,43.973,0.501,-28.71,0.0,1584,1517,LATE_GPS,0,0,FAIL
2110.702,5,DR_PM_GBA_CLOSED,1,1,OK,0,0,1,1,1,1,1,0.795,106.184,43.995,0.501,-28.26,0.0,1582,1515,LATE_GPS,0,0,FAIL
2110.752,5,DR_PM_GBA_CLOSED,1,1,OK,0,0,1,1,1,1,1,0.794,106.173,44.017,0.501,-27.79,0.0,1581,1515,LATE_GPS,0,0,FAIL
2110.802,5,DR_PM_GBA_CLOSED,1,1,OK,0,0,1,1,1,1,1,0.793,106.138,44.084,1.494,-27.29,0.0,1581,1514,LATE_GPS,0,0,FAIL
2110.852,5,DR_PM_GBA_CLOSED,1,1,OK,0,0,1,1,1,1,1,0.792,106.104,44.15,1.494,-26.79,0.0,1581,1514,LATE_GPS,0,0,FAIL
2110.902,5,DR_PM_GBA_CLOSED,1,1,OK,0,0,1,1,1,1,1,0.791,106.071,44.218,1.494,-26.3,0.0,1581,1514,LATE_GPS,0,0,FAIL
2110.952,5,DR_PM_GBA_CLOSED,1,1,OK,0,0,1,1,1,1,1,0.79,106.038,44.285,1.494,-25.8,0.0,1581,1514,LATE_GPS,0,0,FAIL
2111.003,5,DR_PM_GBA_CLOSED,1,1,OK,0,0,1,1,1,1,1,0.789,106.015,44.332,1.046,-25.31,0.0,1581,1515,LATE_GPS,0,0,FAIL
2111.053,5,DR_PM_GBA_CLOSED,1,1,OK,0,0,1,1,1,1,1,0.788,105.993,44.38,1.046,-24.92,0.0,1583,1517,LATE_GPS,0,0,FAIL
2111.103,5,DR_PM_GBA_CLOSED,1,1,OK,0,0,1,1,1,1,1,0.787,105.971,44.427,1.046,-24.53,0.0,1583,1517,LATE_GPS,0,0,FAIL
2111.153,5,DR_PM_GBA_CLOSED,1,1,OK,0,0,1,1,1,1,1,0.786,105.95,44.475,1.047,-24.15,0.0,1583,1517,LATE_GPS,0,0,FAIL
2111.203,5,DR_PM_GBA_CLOSED,1,1,OK,0,0,1,1,1,1,1,0.785,105.929,44.523,1.047,-23.76,-0.734,1582,1516,LATE_GPS,0,0,FAIL
2111.253,5,DR_PM_GBA_CLOSED,1,1,OK,0,0,1,1,1,1,1,0.784,105.908,44.571,1.047,-23.37,-0.786,1582,1516,LATE_GPS,0,0,FAIL
2111.303,5,DR_PM_GBA_CLOSED,1,1,OK,0,0,1,1,1,1,1,0.783,105.887,44.62,1.047,-22.99,-0.838,1582,1516,LATE_GPS,0,0,FAIL
2111.353,5,DR_PM_GBA_CLOSED,1,1,OK,0,0,1,1,1,1,1,0.782,105.867,44.668,1.047,-22.6,-0.889,1582,1516,LATE_GPS,0,0,FAIL
2111.404,5,DR_PM_GBA_CLOSED,1,1,OK,0,0,1,1,1,1,1,0.781,105.836,44.742,1.606,-22.82,-1.316,1591,1524,LATE_GPS,0,0,FAIL
2111.454,5,DR_PM_GBA_CLOSED,1,1,OK,0,0,1,1,1,1,1,0.78,105.804,44.816,1.606,-23.05,-1.268,1591,1524,LATE_GPS,0,0,FAIL
2111.504,5,DR_PM_GBA_CLOSED,1,1,OK,0,0,1,1,1,1,1,0.779,105.772,44.89,1.606,-23.38,-1.198,1596,1530,LATE_GPS,0,0,FAIL
2111.554,5,DR_PM_GBA_CLOSED,1,1,OK,0,0,1,1,1,1,1,0.778,105.74,44.964,1.605,-23.71,-1.128,1596,1530,LATE_GPS,0,0,FAIL
2111.604,5,DR_PM_GBA_CLOSED,1,1,OK,0,0,1,1,1,1,1,0.777,105.707,45.037,1.604,-24.04,-1.057,1596,1530,LATE_GPS,0,0,FAIL
2111.654,5,DR_PM_GBA_CLOSED,1,1,OK,0,0,1,1,1,1,1,0.776,105.674,45.111,1.603,-24.49,0.0,1600,1533,LATE_GPS,0,0,FAIL
2111.704,5,DR_PM_GBA_CLOSED,1,1,OK,0,0,1,1,1,1,1,0.775,105.64,45.183,1.602,-24.95,0.0,1600,1533,LATE_GPS,0,0,FAIL
2111.754,5,DR_PM_GBA_CLOSED,1,1,OK,0,0,1,1,1,1,1,0.774,105.606,45.256,1.6,-25.4,0.0,1600,1533,LATE_GPS,0,0,FAIL
2111.805,5,DR_PM_GBA_CLOSED,1,1,OK,0,0,1,1,1,1,1,0.773,105.574,45.322,1.461,-25.86,0.0,1600,1533,LATE_GPS,0,0,FAIL
2111.855,5,DR_PM_GBA_CLOSED,1,1,OK,0,0,1,1,1,1,1,0.772,105.541,45.387,1.461,-26.31,0.0,1600,1533,LATE_GPS,0,0,FAIL
2111.905,5,DR_PM_GBA_CLOSED,1,1,OK,0,0,1,1,1,1,1,0.771,105.518,45.433,1.022,-26.77,0.0,1600,1533,LATE_GPS,0,0,FAIL
2111.955,5,DR_PM_GBA_CLOSED,1,1,OK,0,0,1,1,1,1,1,0.77,105.495,45.479,1.022,-27.19,0.0,1599,1533,LATE_GPS,0,0,FAIL
2112.005,5,DR_PM_GBA_CLOSED,1,1,OK,0,0,1,1,1,1,1,0.769,105.471,45.524,1.021,-27.61,0.0,1599,1533,LATE_GPS,0,0,FAIL
2112.055,5,DR_PM_GBA_CLOSED,1,1,OK,0,0,1,1,1,1,1,0.768,105.447,45.569,1.02,-27.94,0.0,1597,1531,LATE_GPS,0,0,FAIL
2112.105,5,DR_PM_GBA_CLOSED,1,1,OK,0,0,1,1,1,1,1,0.767,105.423,45.614,1.019,-28.27,0.0,1597,1531,LATE_GPS,0,0,FAIL
2112.155,5,DR_PM_GBA_CLOSED,1,1,OK,0,0,1,1,1,1,1,0.766,105.398,45.659,1.018,-28.48,0.0,1591,1524,LATE_GPS,0,0,FAIL
2112.206,5,DR_PM_GBA_CLOSED,1,1,OK,0,0,1,1,1,1,1,0.7649,105.374,45.704,1.017,-28.6,0.0,1591,1524,LATE_GPS,0,0,FAIL
2112.256,5,DR_PM_GBA_CLOSED,1,1,OK,0,0,1,1,1,1,1,0.7639,105.349,45.748,1.017,-28.67,0.0,1591,1524,LATE_GPS,0,0,FAIL
2112.306,5,DR_PM_GBA_CLOSED,1,1,OK,0,0,1,1,1,1,1,0.7629,105.315,45.809,1.392,-28.66,0.0,1591,1524,LATE_GPS,0,0,FAIL
2112.356,5,DR_PM_GBA_CLOSED,1,1,OK,0,0,1,1,1,1,1,0.7619,105.282,45.87,1.392,-28.63,0.0,1591,1524,LATE_GPS,0,0,FAIL
2112.406,5,DR_PM_GBA_CLOSED,1,1,OK,0,0,1,1,1,1,1,0.7609,105.25,45.929,1.342,-28.56,0.0,1591,1524,LATE_GPS,0,0,FAIL
2112.456,5,DR_PM_GBA_CLOSED,1,1,OK,0,0,1,1,1,1,1,0.7599,105.217,45.989,1.342,-28.44,0.0,1591,1524,LATE_GPS,0,0,FAIL
2112.506,5,DR_PM_GBA_CLOSED,1,1,OK,0,0,1,1,1,1,1,0.7589,105.185,46.048,1.342,-28.3,0.0,1591,1524,LATE_GPS,0,0,FAIL
2112.556,5,DR_PM_GBA_CLOSED,1,1,OK,0,0,1,1,1,1,1,0.7579,105.154,46.107,1.342,-28.12,0.0,1591,1524,LATE_GPS,0,0,FAIL
2112.607,5,DR_PM_GBA_CLOSED,1,1,OK,0,0,1,1,1,1,1,0.7569,105.122,46.167,1.343,-27.95,0.0,1591,1524,LATE_GPS,0,0,FAIL
2112.657,5,DR_PM_GBA_CLOSED,1,1,OK,0,0,1,1,1,1,1,0.7559,105.09,46.227,1.343,-27.77,0.0,1591,1524,LATE_GPS,0,0,FAIL
2112.708,5,DR_PM_GBA_CLOSED,1,1,OK,0,0,1,1,1,1,1,0.7549,105.059,46.286,1.343,-27.62,0.0,1591,1524,LATE_GPS,0,0,FAIL
2112.758,5,DR_PM_GBA_CLOSED,1,1,OK,0,0,1,1,1,1,1,0.7539,105.027,46.346,1.343,-27.46,0.0,1591,1524,LATE_GPS,0,0,FAIL
2112.809,5,DR_PM_GBA_CLOSED,1,1,OK,0,0,1,1,1,1,1,0.7529,104.996,46.407,1.342,-27.35,0.0,1591,1524,LATE_GPS,0,0,FAIL
2112.859,5,DR_PM_GBA_CLOSED,1,1,OK,0,0,1,1,1,1,1,0.7519,104.965,46.467,1.342,-27.23,0.0,1591,1524,LATE_GPS,0,0,FAIL
2112.91,5,DR_PM_GBA_CLOSED,1,1,OK,0,0,1,1,1,1,1,0.7509,104.934,46.527,1.341,-27.18,0.0,1591,1524,LATE_GPS,0,0,FAIL
2112.96,5,DR_PM_GBA_CLOSED,1,1,OK,0,0,1,1,1,1,1,0.7499,104.903,46.587,1.34,-27.21,0.0,1591,1524,LATE_GPS,0,0,FAIL
2113.01,5,DR_PM_GBA_CLOSED,1,1,OK,0,0,1,1,1,1,1,0.7489,104.872,46.647,1.34,-27.26,0.0,1591,1524,LATE_GPS,0,0,FAIL
2113.06,5,DR_PM_GBA_CLOSED,1,1,OK,0,0,1,1,1,1,1,0.7479,104.842,46.707,1.339,-27.35,0.0,1591,1524,LATE_GPS,0,0,FAIL
2113.111,5,DR_PM_GBA_CLOSED,1,1,OK,0,0,1,1,1,1,1,0.7468,104.81,46.767,1.338,-27.48,0.0,1591,1524,LATE_GPS,0,0,FAIL
2113.162,5,DR_PM_GBA_CLOSED,1,1,OK,0,0,1,1,1,1,1,0.7458,104.779,46.827,1.337,-27.63,0.0,1591,1524,LATE_GPS,0,0,FAIL
2113.213,5,DR_PM_GBA_CLOSED,1,1,OK,0,0,1,1,1,1,1,0.7448,104.747,46.887,1.336,-27.8,0.0,1591,1524,LATE_GPS,0,0,FAIL
2113.263,5,DR_PM_GBA_CLOSED,1,1,OK,0,0,1,1,1,1,1,0.7438,104.716,46.946,1.335,-28.0,0.0,1591,1524,LATE_GPS,0,0,FAIL
2113.314,5,DR_PM_GBA_CLOSED,1,1,OK,0,0,1,1,1,1,1,0.7428,104.684,47.007,1.334,-28.25,0.0,1591,1524,LATE_GPS,0,0,FAIL
2113.364,5,DR_PM_GBA_CLOSED,1,1,OK,0,0,1,1,1,1,1,0.7418,104.652,47.065,1.333,-28.51,0.0,1596,1529,LATE_GPS,0,0,FAIL
2113.414,5,DR_PM_GBA_CLOSED,1,1,OK,0,0,1,1,1,1,1,0.7408,104.62,47.124,1.332,-28.77,0.0,1596,1530,LATE_GPS,0,0,FAIL
2113.465,5,DR_PM_GBA_CLOSED,1,1,OK,0,0,1,1,1,1,1,0.7398,104.587,47.182,1.33,-29.03,0.0,1596,1530,LATE_GPS,0,0,FAIL
2113.516,5,DR_PM_GBA_CLOSED,0,0,NAV_INVALID,0,0,1,1,1,1,1,0.7387,104.575,47.204,0.499,-29.3,0.0,1591,1524,LATE_GPS,0,0,FAIL
2113.566,5,DR_PM_GBA_CLOSED,0,0,NAV_INVALID,0,0,1,1,1,1,1,0.7377,104.563,47.226,0.5,-29.58,0.0,1591,1524,LATE_GPS,0,0,FAIL
2113.616,5,DR_PM_GBA_CLOSED,0,0,NAV_INVALID,0,0,1,1,1,1,1,0.7367,104.55,47.248,0.5,-29.86,0.0,1591,1524,LATE_GPS,0,0,FAIL
2113.666,5,DR_PM_GBA_CLOSED,0,0,NAV_INVALID,0,0,1,1,1,1,1,0.7357,104.537,47.27,0.5,-30.14,0.0,1591,1524,LATE_GPS,0,0,FAIL
2113.717,5,DR_PM_GBA_CLOSED,1,1,OK,0,0,1,1,1,1,1,0.7347,104.525,47.292,0.5,-30.42,0.0,1596,1530,LATE_GPS,0,0,FAIL
2113.767,5,DR_PM_GBA_CLOSED,0,0,NAV_INVALID,0,0,1,1,1,1,1,0.7337,104.512,47.313,0.5,-30.66,0.0,1591,1524,LATE_GPS,0,0,FAIL
2113.817,5,DR_PM_GBA_CLOSED,0,0,NAV_INVALID,0,0,1,1,1,1,1,0.7327,104.499,47.335,0.5,-30.91,0.0,1591,1524,LATE_GPS,0,0,FAIL
2113.868,5,DR_PM_GBA_CLOSED,1,1,OK,0,0,1,1,1,1,1,0.7317,104.486,47.356,0.5,-31.1,0.0,1591,1524,LATE_GPS,0,0,FAIL
2113.918,5,DR_PM_GBA_CLOSED,1,1,OK,0,0,1,1,1,1,1,0.7307,104.473,47.378,0.5,-31.28,0.0,1591,1524,LATE_GPS,0,0,FAIL
2113.968,5,DR_PM_GBA_CLOSED,1,1,OK,0,0,1,1,1,1,1,0.7297,104.46,47.399,0.5,-31.42,0.0,1591,1524,LATE_GPS,0,0,FAIL
2114.018,5,DR_PM_GBA_CLOSED,1,1,OK,0,0,1,1,1,1,1,0.7287,104.446,47.422,0.532,-31.53,0.0,1591,1524,LATE_GPS,0,0,FAIL
2114.068,5,DR_PM_GBA_CLOSED,1,1,OK,0,0,1,1,1,1,1,0.7277,104.432,47.444,0.532,-31.59,0.0,1591,1524,LATE_GPS,0,0,FAIL
2114.118,5,DR_PM_GBA_CLOSED,1,1,OK,0,0,1,1,1,1,1,0.7267,104.416,47.47,0.602,-31.6,0.0,1591,1524,LATE_GPS,0,0,FAIL
2114.168,5,DR_PM_GBA_CLOSED,1,1,OK,0,0,1,1,1,1,1,0.7257,104.4,47.496,0.602,-31.55,0.0,1591,1524,LATE_GPS,0,0,FAIL
2114.219,5,DR_PM_GBA_CLOSED,1,1,OK,0,0,1,1,1,1,1,0.7247,104.387,47.517,0.5,-31.45,0.0,1591,1524,LATE_GPS,0,0,FAIL
2114.269,5,DR_PM_GBA_CLOSED,0,0,NAV_INVALID,0,0,1,1,1,1,1,0.7237,104.373,47.538,0.5,-31.32,0.0,1591,1524,LATE_GPS,0,0,FAIL
2114.319,5,DR_PM_GBA_CLOSED,0,0,NAV_INVALID,0,0,1,1,1,1,1,0.7227,104.36,47.56,0.5,-31.14,0.0,1591,1524,LATE_GPS,0,0,FAIL
2114.369,5,DR_PM_GBA_CLOSED,0,0,NAV_INVALID,0,0,1,1,1,1,1,0.7217,104.347,47.581,0.499,-30.91,0.0,1591,1524,LATE_GPS,0,0,FAIL
2114.419,5,DR_PM_GBA_CLOSED,0,0,NAV_INVALID,0,0,1,1,1,1,1,0.7207,104.335,47.603,0.499,-30.65,0.0,1591,1524,LATE_GPS,0,0,FAIL
2114.469,5,DR_PM_GBA_CLOSED,0,0,NAV_INVALID,0,0,1,1,1,1,1,0.7197,104.322,47.624,0.499,-30.39,0.0,1591,1524,LATE_GPS,0,0,FAIL
2114.519,5,DR_PM_GBA_CLOSED,1,1,OK,0,0,1,1,1,1,1,0.7187,104.307,47.65,0.587,-30.09,0.0,1585,1519,LATE_GPS,0,0,FAIL
2114.569,5,DR_PM_GBA_CLOSED,1,1,OK,0,0,1,1,1,1,1,0.7177,104.292,47.675,0.586,-29.8,0.0,1585,1519,LATE_GPS,0,0,FAIL
2114.62,5,DR_PM_GBA_CLOSED,1,1,OK,0,0,1,1,1,1,1,0.7167,104.278,47.7,0.58,-29.49,0.0,1584,1518,LATE_GPS,0,0,FAIL
2114.67,5,DR_PM_GBA_CLOSED,1,1,OK,0,0,1,1,1,1,1,0.7157,104.264,47.726,0.58,-29.17,0.0,1584,1518,LATE_GPS,0,0,FAIL
2114.72,5,DR_PM_GBA_CLOSED,0,0,NAV_INVALID,0,0,1,1,1,1,1,0.7147,104.252,47.748,0.497,-28.87,0.0,1591,1524,LATE_GPS,0,0,FAIL
2114.77,5,DR_PM_GBA_CLOSED,0,0,NAV_INVALID,0,0,1,1,1,1,1,0.7137,104.239,47.769,0.497,-30.38,0.0,1591,1524,LATE_GPS,0,0,FAIL
2114.82,5,DR_PM_GBA_CLOSED,1,1,OK,0,0,1,1,1,1,1,0.7127,104.222,47.796,0.63,-31.9,0.0,1621,1555,LATE_GPS,0,0,FAIL
2114.87,5,DR_PM_GBA_CLOSED,1,1,OK,0,0,1,1,1,1,1,0.7117,104.205,47.822,0.631,-33.41,0.0,1621,1555,LATE_GPS,0,0,FAIL
2114.92,5,DR_PM_GBA_CLOSED,1,1,OK,0,0,1,1,1,1,1,0.7107,104.187,47.848,0.631,-34.92,0.431,1621,1555,LATE_GPS,0,0,FAIL
2114.97,5,DR_PM_GBA_CLOSED,1,1,OK,0,0,1,1,1,1,1,0.7096,104.168,47.873,0.632,-36.44,0.544,1621,1555,LATE_GPS,0,0,FAIL
2115.021,5,DR_PM_GBA_CLOSED,1,1,OK,0,0,1,1,1,1,1,0.7086,104.152,47.893,0.501,-37.95,0.519,1621,1555,LATE_GPS,0,0,FAIL
2115.071,5,DR_PM_GBA_CLOSED,1,1,OK,0,0,1,1,1,1,1,0.7076,104.136,47.913,0.502,-39.47,0.608,1621,1555,LATE_GPS,0,0,FAIL
2115.121,5,DR_PM_GBA_CLOSED,1,1,OK,0,0,1,1,1,1,1,0.7066,104.117,47.935,0.584,-40.98,0.809,1622,1555,LATE_GPS,0,0,FAIL
2115.171,5,DR_PM_GBA_CLOSED,1,1,OK,0,0,1,1,1,1,1,0.7056,104.097,47.956,0.585,-42.5,0.911,1622,1556,LATE_GPS,0,0,FAIL
2115.221,5,DR_PM_GBA_CLOSED,1,1,OK,0,0,1,1,1,1,1,0.7046,104.019,48.037,2.235,-44.01,3.861,1625,1558,LATE_GPS,0,0,FAIL
2115.271,5,DR_PM_GBA_CLOSED,1,1,OK,0,0,1,1,1,1,1,0.7036,103.939,48.115,2.235,-45.53,4.239,1625,1559,LATE_GPS,0,0,FAIL
2115.321,5,DR_PM_GBA_CLOSED,1,1,OK,0,0,1,1,1,1,1,0.7026,103.857,48.192,2.235,-47.04,4.613,1625,1559,LATE_GPS,0,0,FAIL
2115.372,5,DR_PM_GBA_CLOSED,1,1,OK,0,0,1,1,1,1,1,0.7016,103.773,48.266,2.235,-48.56,4.984,1626,1560,LATE_GPS,0,0,FAIL
2115.422,5,DR_PM_GBA_CLOSED,1,1,OK,0,0,1,1,1,1,1,0.7006,103.71,48.319,1.65,-50.07,3.95,1625,1559,LATE_GPS,0,0,FAIL
2115.472,5,DR_PM_GBA_CLOSED,1,1,OK,0,0,1,1,1,1,1,0.6996,103.645,48.37,1.65,-51.58,4.217,1625,1559,LATE_GPS,0,0,FAIL
2115.522,5,DR_PM_GBA_CLOSED,1,1,OK,0,0,1,1,1,1,1,0.6986,103.56,48.434,2.118,-53.1,5.75,1655,1589,LATE_GPS,0,0,FAIL
2115.572,5,DR_PM_GBA_CLOSED,1,1,OK,0,0,1,1,1,1,1,0.6976,103.474,48.496,2.118,-54.62,6.083,1656,1590,LATE_GPS,0,0,FAIL
2115.622,5,DR_PM_GBA_CLOSED,1,1,OK,0,0,1,1,1,1,1,0.6966,103.386,48.555,2.116,-56.13,6.402,1658,1591,LATE_GPS,0,0,FAIL
2115.672,5,DR_PM_GBA_CLOSED,1,1,OK,0,0,1,1,1,1,1,0.6956,103.296,48.611,2.113,-57.64,6.716,1659,1593,LATE_GPS,0,0,FAIL
2115.722,5,DR_PM_GBA_CLOSED,1,1,OK,0,0,1,1,1,1,1,0.6946,103.222,48.656,1.727,-59.16,5.747,1655,1589,LATE_GPS,0,0,FAIL
2115.773,5,DR_PM_GBA_CLOSED,1,1,OK,0,0,1,1,1,1,1,0.6936,103.146,48.698,1.729,-60.67,6.006,1656,1590,LATE_GPS,0,0,FAIL
2115.823,5,DR_PM_GBA_CLOSED,1,1,OK,0,0,1,1,1,1,1,0.6926,103.033,48.758,2.552,-62.19,9.234,1671,1604,LATE_GPS,0,0,FAIL
2115.873,5,DR_PM_GBA_CLOSED,1,1,OK,0,0,1,1,1,1,1,0.6916,102.919,48.815,2.553,-63.7,9.597,1672,1606,LATE_GPS,0,0,FAIL
2115.923,5,DR_PM_GBA_CLOSED,1,1,OK,0,0,1,1,1,1,1,0.6906,102.833,48.854,1.871,-65.22,7.289,1662,1595,LATE_GPS,0,0,FAIL
2115.973,5,DR_PM_GBA_CLOSED,1,1,OK,0,0,1,1,1,1,1,0.6896,102.747,48.891,1.871,-66.73,7.54,1663,1596,LATE_GPS,0,0,FAIL
2116.023,5,DR_PM_GBA_CLOSED,1,1,OK,0,0,1,1,1,1,1,0.6886,102.588,48.955,3.423,-68.24,14.248,1696,1630,LATE_GPS,0,0,FAIL
2116.073,5,DR_PM_GBA_CLOSED,1,1,OK,0,0,1,1,1,1,1,0.6876,102.427,49.014,3.42,-69.76,14.677,1700,1634,LATE_GPS,0,0,FAIL
2116.123,5,DR_PM_GBA_CLOSED,1,1,OK,0,0,1,1,1,1,1,0.6866,102.265,49.069,3.42,-71.27,15.106,1703,1636,LATE_GPS,0,0,FAIL
2116.174,5,DR_PM_GBA_CLOSED,1,1,OK,0,0,1,1,1,1,1,0.6856,102.101,49.12,3.418,-72.79,15.513,1705,1639,LATE_GPS,0,0,FAIL
2116.224,5,DR_PM_GBA_CLOSED,1,1,OK,0,0,1,1,1,1,1,0.6846,101.99,49.164,2.394,-68.11,9.899,1672,1606,LATE_GPS,0,0,FAIL
2116.274,5,DR_PM_GBA_CLOSED,1,1,OK,0,0,1,1,1,1,1,0.6836,101.882,49.218,2.394,-63.43,8.867,1638,1572,LATE_GPS,0,0,FAIL
2116.324,5,DR_PM_GBA_CLOSED,1,1,OK,0,0,1,1,1,1,1,0.6826,101.811,49.262,1.676,-58.75,5.445,1605,1539,LATE_GPS,0,0,FAIL
2116.374,5,DR_PM_GBA_CLOSED,1,1,OK,0,0,1,1,1,1,1,0.6816,101.743,49.311,1.676,-54.07,4.649,1571,1505,LATE_GPS,0,0,FAIL
2116.424,5,DR_PM_GBA_CLOSED,1,1,OK,0,0,1,1,1,1,1,0.6806,101.696,49.346,1.171,-52.87,3.099,1570,1504,LATE_GPS,0,0,FAIL
2116.474,5,DR_PM_GBA_CLOSED,1,1,OK,0,0,1,1,1,1,1,0.6796,101.65,49.383,1.171,-51.67,2.948,1570,1503,LATE_GPS,0,0,FAIL
2116.524,5,DR_PM_GBA_CLOSED,1,1,OK,0,0,1,1,1,1,1,0.6786,101.628,49.401,0.563,-50.47,1.345,1568,1502,LATE_GPS,0,0,FAIL
2116.575,5,DR_PM_GBA_CLOSED,1,1,OK,0,0,1,1,1,1,1,0.6776,101.607,49.419,0.563,-49.27,1.272,1568,1502,LATE_GPS,0,0,FAIL
2116.625,5,DR_PM_GBA_CLOSED,1,1,OK,0,0,1,1,1,1,1,0.6766,101.586,49.438,0.563,-48.07,1.199,1568,1502,LATE_GPS,0,0,FAIL
2116.675,5,DR_PM_GBA_CLOSED,1,1,OK,0,0,1,1,1,1,1,0.6756,101.565,49.458,0.574,-46.87,1.146,1568,1502,LATE_GPS,0,0,FAIL
2116.725,5,DR_PM_GBA_CLOSED,0,0,NAV_INVALID,0,0,1,1,1,1,1,0.6746,101.547,49.476,0.499,-45.67,0.0,1591,1524,LATE_GPS,0,0,FAIL
2116.775,5,DR_PM_GBA_CLOSED,0,0,NAV_INVALID,0,0,1,1,1,1,1,0.6736,101.53,49.494,0.492,-44.47,0.0,1591,1524,LATE_GPS,0,0,FAIL
2116.825,5,DR_PM_GBA_CLOSED,0,0,NAV_INVALID,0,0,1,1,1,1,1,0.6726,101.513,49.511,0.49,-43.27,0.0,1591,1524,LATE_GPS,0,0,FAIL
