time,state,control_mode,l1input_valid,l1output_valid,fail_reason,gps_pos_fresh,gps_motion_fresh,imu_gyrz_fresh,imu_yaw_fresh,baro_sink_fresh,acc_fresh,dr_current_valid,dr_confidence,nav_E,nav_N,nav_V,nav_course_deg,yaw_rate_cmd_dps,left_pwm_est,right_pwm_est,origin_lock_source,yaw_saturated,servo_saturated,before_mode
17245.613,0,FAIL,0,0,NO_ORIGIN,0,0,1,1,1,1,0,0.0,,,,,0.0,1591,1524,,0,0,FAIL
17245.663,0,FAIL,0,0,NO_ORIGIN,0,0,1,1,1,1,0,0.0,,,,,0.0,1591,1524,,0,0,FAIL
17245.713,0,FAIL,0,0,NO_ORIGIN,0,0,1,1,1,1,0,0.0,,,,,0.0,1591,1524,,0,0,FAIL
17245.763,0,FAIL,0,0,NO_ORIGIN,0,0,1,1,1,1,0,0.0,,,,,0.0,1591,1524,,0,0,FAIL
17245.813,0,FAIL,0,0,NO_ORIGIN,0,0,1,1,1,1,0,0.0,,,,,0.0,1591,1524,,0,0,FAIL
17245.863,0,FAIL,0,0,NO_ORIGIN,0,0,1,1,1,1,0,0.0,,,,,0.0,1591,1524,,0,0,FAIL
17245.914,0,FAIL,0,0,NO_ORIGIN,0,0,1,1,1,1,0,0.0,,,,,0.0,1591,1524,,0,0,FAIL
17245.964,0,FAIL,0,0,NO_ORIGIN,0,0,1,1,1,1,0,0.0,,,,,0.0,1591,1524,,0,0,FAIL
17246.014,0,FAIL,0,0,NO_ORIGIN,0,0,1,1,1,1,0,0.0,,,,,0.0,1591,1524,,0,0,FAIL
17246.064,0,FAIL,0,0,NO_ORIGIN,0,0,1,1,1,1,0,0.0,,,,,0.0,1591,1524,,0,0,FAIL
17246.114,0,FAIL,0,0,NO_ORIGIN,0,0,1,1,1,1,0,0.0,,,,,0.0,1591,1524,,0,0,FAIL
17246.165,0,FAIL,0,0,NO_ORIGIN,0,0,1,1,1,1,0,0.0,,,,,0.0,1591,1524,,0,0,FAIL
17246.215,0,FAIL,0,0,NO_ORIGIN,0,0,1,1,1,1,0,0.0,,,,,0.0,1591,1524,,0,0,FAIL
17246.265,0,FAIL,0,0,NO_ORIGIN,0,0,1,1,1,1,0,0.0,,,,,0.0,1591,1524,,0,0,FAIL
17246.316,0,FAIL,0,0,NO_ORIGIN,0,0,1,1,1,1,0,0.0,,,,,0.0,1591,1524,,0,0,FAIL
17246.366,0,FAIL,0,0,NO_ORIGIN,0,0,1,1,1,1,0,0.0,,,,,0.0,1591,1524,,0,0,FAIL
17246.416,0,FAIL,0,0,NO_ORIGIN,0,0,1,1,1,1,0,0.0,,,,,0.0,1591,1524,,0,0,FAIL
17246.466,0,FAIL,0,0,NO_ORIGIN,0,0,1,1,1,1,0,0.0,,,,,0.0,1591,1524,,0,0,FAIL
17246.517,0,FAIL,0,0,NO_ORIGIN,0,0,1,1,1,1,0,0.0,,,,,0.0,1591,1524,,0,0,FAIL
17246.567,0,FAIL,0,0,NO_ORIGIN,0,0,1,1,1,1,0,0.0,,,,,0.0,1591,1524,,0,0,FAIL
17246.617,0,FAIL,0,0,NO_ORIGIN,0,0,1,1,1,1,0,0.0,,,,,0.0,1591,1524,,0,0,FAIL
17246.667,0,FAIL,0,0,NO_ORIGIN,0,0,1,1,1,1,0,0.0,,,,,0.0,1591,1524,,0,0,FAIL
17246.717,0,FAIL,0,0,NO_ORIGIN,0,0,1,1,1,1,0,0.0,,,,,0.0,1591,1524,,0,0,FAIL
17246.767,0,FAIL,0,0,NO_ORIGIN,0,0,1,1,1,1,0,0.0,,,,,0.0,1591,1524,,0,0,FAIL
17246.818,0,FAIL,0,0,NO_ORIGIN,0,0,1,1,1,1,0,0.0,,,,,0.0,1591,1524,,0,0,FAIL
17246.868,0,FAIL,0,0,NO_ORIGIN,0,0,1,1,1,1,0,0.0,,,,,0.0,1591,1524,,0,0,FAIL
17246.918,0,FAIL,0,0,NO_ORIGIN,0,0,1,1,1,1,0,0.0,,,,,0.0,1591,1524,,0,0,FAIL
17246.968,0,FAIL,0,0,NO_ORIGIN,0,0,1,1,1,1,0,0.0,,,,,0.0,1591,1524,,0,0,FAIL
17247.018,0,FAIL,0,0,NO_ORIGIN,0,0,1,1,1,1,0,0.0,,,,,0.0,1591,1524,,0,0,FAIL
17247.068,0,FAIL,0,0,NO_ORIGIN,0,0,1,1,1,1,0,0.0,,,,,0.0,1591,1524,,0,0,FAIL
17247.119,0,FAIL,0,0,NO_ORIGIN,0,0,1,1,1,1,0,0.0,,,,,0.0,1591,1524,,0,0,FAIL
17247.169,0,FAIL,0,0,NO_ORIGIN,0,0,1,1,1,1,0,0.0,,,,,0.0,1591,1524,,0,0,FAIL
17247.219,0,FAIL,0,0,NO_ORIGIN,0,0,1,1,1,1,0,0.0,,,,,0.0,1591,1524,,0,0,FAIL
17247.269,0,FAIL,0,0,NO_ORIGIN,0,0,1,1,1,1,0,0.0,,,,,0.0,1591,1524,,0,0,FAIL
17247.319,0,FAIL,0,0,NO_ORIGIN,0,0,1,1,1,1,0,0.0,,,,,0.0,1591,1524,,0,0,FAIL
17247.369,0,FAIL,0,0,NO_ORIGIN,0,0,1,1,1,1,0,0.0,,,,,0.0,1591,1524,,0,0,FAIL
17247.42,0,FAIL,0,0,NO_ORIGIN,0,0,1,1,1,1,0,0.0,,,,,0.0,1591,1524,,0,0,FAIL
17247.47,0,FAIL,0,0,NO_ORIGIN,0,0,1,1,1,1,0,0.0,,,,,0.0,1591,1524,,0,0,FAIL
17247.52,0,FAIL,0,0,NO_ORIGIN,0,0,1,1,1,1,0,0.0,,,,,0.0,1591,1524,,0,0,FAIL
17247.57,0,FAIL,0,0,NO_ORIGIN,0,0,1,1,1,1,0,0.0,,,,,0.0,1591,1524,,0,0,FAIL
17247.62,0,FAIL,0,0,NO_ORIGIN,0,0,1,1,1,1,0,0.0,,,,,0.0,1591,1524,,0,0,FAIL
17247.67,0,FAIL,0,0,NO_ORIGIN,0,0,1,1,1,1,0,0.0,,,,,0.0,1591,1524,,0,0,FAIL
17247.721,0,FAIL,0,0,NO_ORIGIN,0,0,1,1,1,1,0,0.0,,,,,0.0,1591,1524,,0,0,FAIL
17247.771,0,FAIL,0,0,NO_ORIGIN,0,0,1,1,1,1,0,0.0,,,,,0.0,1591,1524,,0,0,FAIL
17247.821,0,FAIL,0,0,NO_ORIGIN,0,0,1,1,1,1,0,0.0,,,,,0.0,1591,1524,,0,0,FAIL
17247.871,0,FAIL,0,0,NO_ORIGIN,0,0,1,1,1,1,0,0.0,,,,,0.0,1591,1524,,0,0,FAIL
17247.921,0,FAIL,0,0,NO_ORIGIN,0,0,1,1,1,1,0,0.0,,,,,0.0,1591,1524,,0,0,FAIL
17247.971,0,FAIL,0,0,NO_ORIGIN,0,0,1,1,1,1,0,0.0,,,,,0.0,1591,1524,,0,0,FAIL
17248.022,0,FAIL,0,0,NO_ORIGIN,0,0,1,1,1,1,0,0.0,,,,,0.0,1591,1524,,0,0,FAIL
17248.072,0,FAIL,0,0,NO_ORIGIN,0,0,1,1,1,1,0,0.0,,,,,0.0,1591,1524,,0,0,FAIL
17248.122,0,FAIL,0,0,NO_ORIGIN,0,0,1,1,1,1,0,0.0,,,,,0.0,1591,1524,,0,0,FAIL
17248.172,0,FAIL,0,0,NO_ORIGIN,0,0,1,1,1,1,0,0.0,,,,,0.0,1591,1524,,0,0,FAIL
17248.223,0,FAIL,0,0,NO_ORIGIN,0,0,1,1,1,1,0,0.0,,,,,0.0,1591,1524,,0,0,FAIL
17248.273,0,FAIL,0,0,NO_ORIGIN,0,0,1,1,1,1,0,0.0,,,,,0.0,1591,1524,,0,0,FAIL
17248.323,0,FAIL,0,0,NO_ORIGIN,0,0,1,1,1,1,0,0.0,,,,,0.0,1591,1524,,0,0,FAIL
17248.373,0,FAIL,0,0,NO_ORIGIN,0,0,1,1,1,1,0,0.0,,,,,0.0,1591,1524,,0,0,FAIL
17248.423,0,FAIL,0,0,NO_ORIGIN,0,0,1,1,1,1,0,0.0,,,,,0.0,1591,1524,,0,0,FAIL
17248.474,0,FAIL,0,0,NO_ORIGIN,0,0,1,1,1,1,0,0.0,,,,,0.0,1591,1524,,0,0,FAIL
17248.524,0,FAIL,0,0,NO_ORIGIN,0,0,1,1,1,1,0,0.0,,,,,0.0,1591,1524,,0,0,FAIL
17248.574,0,FAIL,0,0,NO_ORIGIN,0,0,1,1,1,1,0,0.0,,,,,0.0,1591,1524,,0,0,FAIL
17248.624,0,FAIL,0,0,NO_ORIGIN,0,0,1,1,1,1,0,0.0,,,,,0.0,1591,1524,,0,0,FAIL
17248.675,0,FAIL,0,0,NO_ORIGIN,0,0,1,1,1,1,0,0.0,,,,,0.0,1591,1524,,0,0,FAIL
17248.725,0,FAIL,0,0,NO_ORIGIN,0,0,1,1,1,1,0,0.0,,,,,0.0,1591,1524,,0,0,FAIL
17248.776,0,FAIL,0,0,NO_ORIGIN,0,0,1,1,1,1,0,0.0,,,,,0.0,1591,1524,,0,0,FAIL
17248.826,0,FAIL,0,0,NO_ORIGIN,0,0,1,1,1,1,0,0.0,,,,,0.0,1591,1524,,0,0,FAIL
17248.876,0,FAIL,0,0,NO_ORIGIN,0,0,1,1,1,1,0,0.0,,,,,0.0,1591,1524,,0,0,FAIL
17248.926,0,FAIL,0,0,NO_ORIGIN,0,0,1,1,1,1,0,0.0,,,,,0.0,1591,1524,,0,0,FAIL
17248.98,0,FAIL,0,0,NO_ORIGIN,0,0,1,1,1,1,0,0.0,,,,,0.0,1591,1524,,0,0,FAIL
17249.031,0,FAIL,0,0,NO_ORIGIN,0,0,1,1,1,1,0,0.0,,,,,0.0,1591,1524,,0,0,FAIL
17249.081,0,FAIL,0,0,NO_ORIGIN,0,0,1,1,1,1,0,0.0,,,,,0.0,1591,1524,,0,0,FAIL
17249.131,0,FAIL,0,0,NO_ORIGIN,0,0,1,1,1,1,0,0.0,,,,,0.0,1591,1524,,0,0,FAIL
17249.182,0,FAIL,0,0,NO_ORIGIN,0,0,1,1,1,1,0,0.0,,,,,0.0,1591,1524,,0,0,FAIL
17249.232,0,FAIL,0,0,NO_ORIGIN,0,0,1,1,1,1,0,0.0,,,,,0.0,1591,1524,,0,0,FAIL
17249.282,0,FAIL,0,0,NO_ORIGIN,0,0,1,1,1,1,0,0.0,,,,,0.0,1591,1524,,0,0,FAIL
17249.332,0,FAIL,0,0,NO_ORIGIN,0,0,1,1,1,1,0,0.0,,,,,0.0,1591,1524,,0,0,FAIL
17249.382,0,FAIL,0,0,NO_ORIGIN,0,0,1,1,1,1,0,0.0,,,,,0.0,1591,1524,,0,0,FAIL
17249.433,0,FAIL,0,0,NO_ORIGIN,0,0,1,1,1,1,0,0.0,,,,,0.0,1591,1524,,0,0,FAIL
17249.483,0,FAIL,0,0,NO_ORIGIN,0,0,1,1,1,1,0,0.0,,,,,0.0,1591,1524,,0,0,FAIL
17249.533,0,FAIL,0,0,NO_ORIGIN,0,0,1,1,1,1,0,0.0,,,,,0.0,1591,1524,,0,0,FAIL
17249.583,0,FAIL,0,0,NO_ORIGIN,0,0,1,1,1,1,0,0.0,,,,,0.0,1591,1524,,0,0,FAIL
17249.633,0,FAIL,0,0,NO_ORIGIN,0,0,1,1,1,1,0,0.0,,,,,0.0,1591,1524,,0,0,FAIL
17249.684,0,FAIL,0,0,NO_ORIGIN,0,0,1,1,1,1,0,0.0,,,,,0.0,1591,1524,,0,0,FAIL
17249.734,0,FAIL,0,0,NO_ORIGIN,0,0,1,1,1,1,0,0.0,,,,,0.0,1591,1524,,0,0,FAIL
17249.784,0,FAIL,0,0,NO_ORIGIN,0,0,1,1,1,1,0,0.0,,,,,0.0,1591,1524,,0,0,FAIL
17249.834,0,FAIL,0,0,NO_ORIGIN,0,0,1,1,1,1,0,0.0,,,,,0.0,1591,1524,,0,0,FAIL
17249.884,0,FAIL,0,0,NO_ORIGIN,0,0,1,1,1,1,0,0.0,,,,,0.0,1591,1524,,0,0,FAIL
17249.934,0,FAIL,0,0,NO_ORIGIN,0,0,1,1,1,1,0,0.0,,,,,0.0,1591,1524,,0,0,FAIL
17249.985,0,FAIL,0,0,NO_ORIGIN,0,0,1,1,1,1,0,0.0,,,,,0.0,1591,1524,,0,0,FAIL
17250.035,0,FAIL,0,0,NO_ORIGIN,0,0,1,1,1,1,0,0.0,,,,,0.0,1591,1524,,0,0,FAIL
17250.085,0,FAIL,0,0,NO_ORIGIN,0,0,1,1,1,1,0,0.0,,,,,0.0,1591,1524,,0,0,FAIL
17250.135,0,FAIL,0,0,NO_ORIGIN,0,0,1,1,1,1,0,0.0,,,,,0.0,1591,1524,,0,0,FAIL
17250.185,0,FAIL,0,0,NO_ORIGIN,0,0,1,1,1,1,0,0.0,,,,,0.0,1591,1524,,0,0,FAIL
17250.236,0,FAIL,0,0,NO_ORIGIN,0,0,1,1,1,1,0,0.0,,,,,0.0,1591,1524,,0,0,FAIL
17250.286,0,FAIL,0,0,NO_ORIGIN,0,0,1,1,1,1,0,0.0,,,,,0.0,1591,1524,,0,0,FAIL
17250.336,0,FAIL,0,0,NO_ORIGIN,0,0,1,1,1,1,0,0.0,,,,,0.0,1591,1524,,0,0,FAIL
17250.386,0,FAIL,0,0,NO_ORIGIN,0,0,1,1,1,1,0,0.0,,,,,0.0,1591,1524,,0,0,FAIL
17250.436,0,FAIL,0,0,NO_ORIGIN,0,0,1,1,1,1,0,0.0,,,,,0.0,1591,1524,,0,0,FAIL
17250.486,0,FAIL,0,0,NO_ORIGIN,0,0,1,1,1,1,0,0.0,,,,,0.0,1591,1524,,0,0,FAIL
17250.537,0,FAIL,0,0,NO_ORIGIN,0,0,1,1,1,1,0,0.0,,,,,0.0,1591,1524,,0,0,FAIL
17250.587,0,FAIL,0,0,NO_ORIGIN,0,0,1,1,1,1,0,0.0,,,,,0.0,1591,1524,,0,0,FAIL
17250.637,0,FAIL,0,0,NO_ORIGIN,0,0,1,1,1,1,0,0.0,,,,,0.0,1591,1524,,0,0,FAIL
17250.687,0,FAIL,0,0,NO_ORIGIN,0,0,1,1,1,1,0,0.0,,,,,0.0,1591,1524,,0,0,FAIL
17250.737,0,FAIL,0,0,NO_ORIGIN,0,0,1,1,1,1,0,0.0,,,,,0.0,1591,1524,,0,0,FAIL
17250.788,0,FAIL,0,0,NO_ORIGIN,0,0,1,1,1,1,0,0.0,,,,,0.0,1591,1524,,0,0,FAIL
17250.838,0,FAIL,0,0,NO_ORIGIN,0,0,1,1,1,1,0,0.0,,,,,0.0,1591,1524,,0,0,FAIL
17250.888,0,FAIL,0,0,NO_ORIGIN,0,0,1,1,1,1,0,0.0,,,,,0.0,1591,1524,,0,0,FAIL
17250.938,0,FAIL,0,0,NO_ORIGIN,0,0,1,1,1,1,0,0.0,,,,,0.0,1591,1524,,0,0,FAIL
17250.988,0,FAIL,0,0,NO_ORIGIN,0,0,1,1,1,1,0,0.0,,,,,0.0,1591,1524,,0,0,FAIL
17251.038,0,FAIL,0,0,NO_ORIGIN,0,0,1,1,1,1,0,0.0,,,,,0.0,1591,1524,,0,0,FAIL
17251.089,0,FAIL,0,0,NO_ORIGIN,0,0,1,1,1,1,0,0.0,,,,,0.0,1591,1524,,0,0,FAIL
17251.139,0,FAIL,0,0,NO_ORIGIN,0,0,1,1,1,1,0,0.0,,,,,0.0,1591,1524,,0,0,FAIL
17251.189,0,FAIL,0,0,NO_ORIGIN,0,0,1,1,1,1,0,0.0,,,,,0.0,1591,1524,,0,0,FAIL
17251.239,0,FAIL,0,0,NO_ORIGIN,0,0,1,1,1,1,0,0.0,,,,,0.0,1591,1524,,0,0,FAIL
17251.289,0,FAIL,0,0,NO_ORIGIN,0,0,1,1,1,1,0,0.0,,,,,0.0,1591,1524,,0,0,FAIL
17251.339,0,FAIL,0,0,NO_ORIGIN,0,0,1,1,1,1,0,0.0,,,,,0.0,1591,1524,,0,0,FAIL
17251.39,0,FAIL,0,0,NO_ORIGIN,0,0,1,1,1,1,0,0.0,,,,,0.0,1591,1524,,0,0,FAIL
17251.44,0,FAIL,0,0,NO_ORIGIN,0,0,1,1,1,1,0,0.0,,,,,0.0,1591,1524,,0,0,FAIL
17251.49,0,FAIL,0,0,NO_ORIGIN,0,0,1,1,1,1,0,0.0,,,,,0.0,1591,1524,,0,0,FAIL
17251.54,0,FAIL,0,0,NO_ORIGIN,0,0,1,1,1,1,0,0.0,,,,,0.0,1591,1524,,0,0,FAIL
17251.59,0,FAIL,0,0,NO_ORIGIN,0,0,1,1,1,1,0,0.0,,,,,0.0,1591,1524,,0,0,FAIL
17251.641,0,FAIL,0,0,NO_ORIGIN,0,0,1,1,1,1,0,0.0,,,,,0.0,1591,1524,,0,0,FAIL
17251.691,0,FAIL,0,0,NO_ORIGIN,0,0,1,1,1,1,0,0.0,,,,,0.0,1591,1524,,0,0,FAIL
17251.741,0,FAIL,0,0,NO_ORIGIN,0,0,1,1,1,1,0,0.0,,,,,0.0,1591,1524,,0,0,FAIL
17251.791,0,FAIL,0,0,NO_ORIGIN,0,0,1,1,1,1,0,0.0,,,,,0.0,1591,1524,,0,0,FAIL
17251.841,0,FAIL,0,0,NO_ORIGIN,0,0,1,1,1,1,0,0.0,,,,,0.0,1591,1524,,0,0,FAIL
17251.892,0,FAIL,0,0,NO_ORIGIN,0,0,1,1,1,1,0,0.0,,,,,0.0,1591,1524,,0,0,FAIL
17251.942,0,FAIL,0,0,NO_ORIGIN,0,0,1,1,1,1,0,0.0,,,,,0.0,1591,1524,,0,0,FAIL
17251.992,0,FAIL,0,0,NO_ORIGIN,0,0,1,1,1,1,0,0.0,,,,,0.0,1591,1524,,0,0,FAIL
17252.042,0,FAIL,0,0,NO_ORIGIN,0,0,1,1,1,1,0,0.0,,,,,0.0,1591,1524,,0,0,FAIL
17252.092,0,FAIL,0,0,NO_ORIGIN,0,0,1,1,1,1,0,0.0,,,,,0.0,1591,1524,,0,0,FAIL
17252.143,0,FAIL,0,0,NO_ORIGIN,0,0,1,1,1,1,0,0.0,,,,,0.0,1591,1524,,0,0,FAIL
17252.193,0,FAIL,0,0,NO_ORIGIN,0,0,1,1,1,1,0,0.0,,,,,0.0,1591,1524,,0,0,FAIL
17252.243,0,FAIL,0,0,NO_ORIGIN,0,0,1,1,1,1,0,0.0,,,,,0.0,1591,1524,,0,0,FAIL
17252.293,0,FAIL,0,0,NO_ORIGIN,0,0,1,1,1,1,0,0.0,,,,,0.0,1591,1524,,0,0,FAIL
17252.343,0,FAIL,0,0,NO_ORIGIN,0,0,1,1,1,1,0,0.0,,,,,0.0,1591,1524,,0,0,FAIL
17252.393,0,FAIL,0,0,NO_ORIGIN,0,0,1,1,1,1,0,0.0,,,,,0.0,1591,1524,,0,0,FAIL
17252.444,0,FAIL,0,0,NO_ORIGIN,0,0,1,1,1,1,0,0.0,,,,,0.0,1591,1524,,0,0,FAIL
17252.494,0,FAIL,0,0,NO_ORIGIN,0,0,1,1,1,1,0,0.0,,,,,0.0,1591,1524,,0,0,FAIL
17252.544,0,FAIL,0,0,NO_ORIGIN,0,0,1,1,1,1,0,0.0,,,,,0.0,1591,1524,,0,0,FAIL
17252.594,0,FAIL,0,0,NO_ORIGIN,0,0,1,1,1,1,0,0.0,,,,,0.0,1591,1524,,0,0,FAIL
17252.644,0,FAIL,0,0,NO_ORIGIN,0,0,1,1,1,1,0,0.0,,,,,0.0,1591,1524,,0,0,FAIL
17252.694,0,FAIL,0,0,NO_ORIGIN,0,0,1,1,1,1,0,0.0,,,,,0.0,1591,1524,,0,0,FAIL
17252.745,0,FAIL,0,0,NO_ORIGIN,0,0,1,1,1,1,0,0.0,,,,,0.0,1591,1524,,0,0,FAIL
17252.795,0,FAIL,0,0,NO_ORIGIN,0,0,1,1,1,1,0,0.0,,,,,0.0,1591,1524,,0,0,FAIL
17252.845,0,FAIL,0,0,NO_ORIGIN,0,0,1,1,1,1,0,0.0,,,,,0.0,1591,1524,,0,0,FAIL
17252.896,0,FAIL,0,0,NO_ORIGIN,0,0,1,1,1,1,0,0.0,,,,,0.0,1591,1524,,0,0,FAIL
17252.947,0,FAIL,0,0,NO_ORIGIN,0,0,1,1,1,1,0,0.0,,,,,0.0,1591,1524,,0,0,FAIL
17252.997,0,FAIL,0,0,NO_ORIGIN,0,0,1,1,1,1,0,0.0,,,,,0.0,1591,1524,,0,0,FAIL
17253.047,0,FAIL,0,0,NO_ORIGIN,0,0,1,1,1,1,0,0.0,,,,,0.0,1591,1524,,0,0,FAIL
17253.097,0,FAIL,0,0,NO_ORIGIN,0,0,1,1,1,1,0,0.0,,,,,0.0,1591,1524,,0,0,FAIL
17253.148,0,FAIL,0,0,NO_ORIGIN,0,0,1,1,1,1,0,0.0,,,,,0.0,1591,1524,,0,0,FAIL
17253.2,0,FAIL,0,0,NO_ORIGIN,0,0,1,1,1,1,0,0.0,,,,,0.0,1591,1524,,0,0,FAIL
17253.25,0,FAIL,0,0,NO_ORIGIN,0,0,1,1,1,1,0,0.0,,,,,0.0,1591,1524,,0,0,FAIL
17253.3,0,FAIL,0,0,NO_ORIGIN,0,0,1,1,1,1,0,0.0,,,,,0.0,1591,1524,,0,0,FAIL
17253.35,0,FAIL,0,0,NO_ORIGIN,0,0,1,1,1,1,0,0.0,,,,,0.0,1591,1524,,0,0,FAIL
17253.4,0,FAIL,0,0,NO_ORIGIN,0,0,1,1,1,1,0,0.0,,,,,0.0,1591,1524,,0,0,FAIL
17253.451,0,FAIL,0,0,NO_ORIGIN,0,0,1,1,1,1,0,0.0,,,,,0.0,1591,1524,,0,0,FAIL
17253.501,0,FAIL,0,0,NO_ORIGIN,0,0,1,1,1,1,0,0.0,,,,,0.0,1591,1524,,0,0,FAIL
17253.551,0,FAIL,0,0,NO_ORIGIN,0,0,1,1,1,1,0,0.0,,,,,0.0,1591,1524,,0,0,FAIL
17253.601,0,FAIL,0,0,NO_ORIGIN,0,0,1,1,1,1,0,0.0,,,,,0.0,1591,1524,,0,0,FAIL
17253.651,0,FAIL,0,0,NO_ORIGIN,0,0,1,1,1,1,0,0.0,,,,,0.0,1591,1524,,0,0,FAIL
17253.702,0,FAIL,0,0,NO_ORIGIN,0,0,1,1,1,1,0,0.0,,,,,0.0,1591,1524,,0,0,FAIL
17253.752,0,FAIL,0,0,NO_ORIGIN,0,0,1,1,1,1,0,0.0,,,,,0.0,1591,1524,,0,0,FAIL
17253.802,0,FAIL,0,0,NO_ORIGIN,0,0,1,1,1,1,0,0.0,,,,,0.0,1591,1524,,0,0,FAIL
17253.852,0,FAIL,0,0,NO_ORIGIN,0,0,1,1,1,1,0,0.0,,,,,0.0,1591,1524,,0,0,FAIL
17253.902,0,FAIL,0,0,NO_ORIGIN,0,0,1,1,1,1,0,0.0,,,,,0.0,1591,1524,,0,0,FAIL
17253.953,0,FAIL,0,0,NO_ORIGIN,0,0,1,1,1,1,0,0.0,,,,,0.0,1591,1524,,0,0,FAIL
17254.003,0,FAIL,0,0,NO_ORIGIN,0,0,1,1,1,1,0,0.0,,,,,0.0,1591,1524,,0,0,FAIL
17254.053,0,FAIL,0,0,NO_ORIGIN,0,0,1,1,1,1,0,0.0,,,,,0.0,1591,1524,,0,0,FAIL
17254.103,0,FAIL,0,0,NO_ORIGIN,0,0,1,1,1,1,0,0.0,,,,,0.0,1591,1524,,0,0,FAIL
17254.153,0,FAIL,0,0,NO_ORIGIN,0,0,1,1,1,1,0,0.0,,,,,0.0,1591,1524,,0,0,FAIL
17254.204,0,FAIL,0,0,NO_ORIGIN,0,0,1,1,1,1,0,0.0,,,,,0.0,1591,1524,,0,0,FAIL
17254.254,0,FAIL,0,0,NO_ORIGIN,0,0,1,1,1,1,0,0.0,,,,,0.0,1591,1524,,0,0,FAIL
17254.304,0,FAIL,0,0,NO_ORIGIN,0,0,1,1,1,1,0,0.0,,,,,0.0,1591,1524,,0,0,FAIL
17254.354,0,FAIL,0,0,NO_ORIGIN,0,0,1,1,1,1,0,0.0,,,,,0.0,1591,1524,,0,0,FAIL
17254.404,0,FAIL,0,0,NO_ORIGIN,0,0,1,1,1,1,0,0.0,,,,,0.0,1591,1524,,0,0,FAIL
17254.455,0,FAIL,0,0,NO_ORIGIN,0,0,1,1,1,1,0,0.0,,,,,0.0,1591,1524,,0,0,FAIL
17254.505,0,FAIL,0,0,NO_ORIGIN,0,0,1,1,1,1,0,0.0,,,,,0.0,1591,1524,,0,0,FAIL
17254.555,0,FAIL,0,0,NO_ORIGIN,0,0,1,1,1,1,0,0.0,,,,,0.0,1591,1524,,0,0,FAIL
17254.605,0,FAIL,0,0,NO_ORIGIN,0,0,1,1,1,1,0,0.0,,,,,0.0,1591,1524,,0,0,FAIL
17254.655,0,FAIL,0,0,NO_ORIGIN,0,0,1,1,1,1,0,0.0,,,,,0.0,1591,1524,,0,0,FAIL
17254.706,0,FAIL,0,0,NO_ORIGIN,0,0,1,1,1,1,0,0.0,,,,,0.0,1591,1524,,0,0,FAIL
17254.756,0,FAIL,0,0,NO_ORIGIN,0,0,1,1,1,1,0,0.0,,,,,0.0,1591,1524,,0,0,FAIL
17254.806,0,FAIL,0,0,NO_ORIGIN,0,0,1,1,1,1,0,0.0,,,,,0.0,1591,1524,,0,0,FAIL
17254.856,0,FAIL,0,0,NO_ORIGIN,0,0,1,1,1,1,0,0.0,,,,,0.0,1591,1524,,0,0,FAIL
17254.906,0,FAIL,0,0,NO_ORIGIN,0,0,1,1,1,1,0,0.0,,,,,0.0,1591,1524,,0,0,FAIL
17254.956,0,FAIL,0,0,NO_ORIGIN,0,0,1,1,1,1,0,0.0,,,,,0.0,1591,1524,,0,0,FAIL
17255.007,0,FAIL,0,0,NO_ORIGIN,0,0,1,1,1,1,0,0.0,,,,,0.0,1591,1524,,0,0,FAIL
17255.057,0,FAIL,0,0,NO_ORIGIN,0,0,1,1,1,1,0,0.0,,,,,0.0,1591,1524,,0,0,FAIL
17255.107,0,FAIL,0,0,NO_ORIGIN,0,0,1,1,1,1,0,0.0,,,,,0.0,1591,1524,,0,0,FAIL
17255.157,0,FAIL,0,0,NO_ORIGIN,0,0,1,1,1,1,0,0.0,,,,,0.0,1591,1524,,0,0,FAIL
17255.207,0,FAIL,0,0,NO_ORIGIN,0,0,1,1,1,1,0,0.0,,,,,0.0,1591,1524,,0,0,FAIL
17255.258,0,FAIL,0,0,NO_ORIGIN,0,0,1,1,1,1,0,0.0,,,,,0.0,1591,1524,,0,0,FAIL
17255.308,0,FAIL,0,0,NO_ORIGIN,0,0,1,1,1,1,0,0.0,,,,,0.0,1591,1524,,0,0,FAIL
17255.358,0,FAIL,0,0,NO_ORIGIN,0,0,1,1,1,1,0,0.0,,,,,0.0,1591,1524,,0,0,FAIL
17255.409,0,FAIL,0,0,NO_ORIGIN,0,0,1,1,1,1,0,0.0,,,,,0.0,1591,1524,,0,0,FAIL
17255.459,0,FAIL,0,0,NO_ORIGIN,0,0,1,1,1,1,0,0.0,,,,,0.0,1591,1524,,0,0,FAIL
17255.509,0,FAIL,0,0,NO_ORIGIN,0,0,1,1,1,1,0,0.0,,,,,0.0,1591,1524,,0,0,FAIL
17255.559,0,FAIL,0,0,NO_ORIGIN,0,0,1,1,1,1,0,0.0,,,,,0.0,1591,1524,,0,0,FAIL
17255.61,0,FAIL,0,0,NO_ORIGIN,0,0,1,1,1,1,0,0.0,,,,,0.0,1591,1524,,0,0,FAIL
17255.66,0,FAIL,0,0,NO_ORIGIN,0,0,1,1,1,1,0,0.0,,,,,0.0,1591,1524,,0,0,FAIL
17255.71,0,FAIL,0,0,NO_ORIGIN,0,0,1,1,1,1,0,0.0,,,,,0.0,1591,1524,,0,0,FAIL
17255.76,0,FAIL,0,0,NO_ORIGIN,0,0,1,1,1,1,0,0.0,,,,,0.0,1591,1524,,0,0,FAIL
17255.812,0,FAIL,0,0,NO_ORIGIN,0,0,1,1,1,1,0,0.0,,,,,0.0,1591,1524,,0,0,FAIL
17255.862,0,FAIL,0,0,NO_ORIGIN,0,0,1,1,1,1,0,0.0,,,,,0.0,1591,1524,,0,0,FAIL
17255.912,0,FAIL,0,0,NO_ORIGIN,0,0,1,1,1,1,0,0.0,,,,,0.0,1591,1524,,0,0,FAIL
17255.962,0,FAIL,0,0,NO_ORIGIN,0,0,1,1,1,1,0,0.0,,,,,0.0,1591,1524,,0,0,FAIL
17256.013,0,FAIL,0,0,NO_ORIGIN,0,0,1,1,1,1,0,0.0,,,,,0.0,1591,1524,,0,0,FAIL
17256.063,0,FAIL,0,0,NO_ORIGIN,0,0,1,1,1,1,0,0.0,,,,,0.0,1591,1524,,0,0,FAIL
17256.115,0,FAIL,0,0,NO_ORIGIN,0,0,1,1,1,1,0,0.0,,,,,0.0,1591,1524,,0,0,FAIL
17256.165,0,FAIL,0,0,NO_ORIGIN,0,0,1,1,1,1,0,0.0,,,,,0.0,1591,1524,,0,0,FAIL
17256.215,0,FAIL,0,0,NO_ORIGIN,0,0,1,1,1,1,0,0.0,,,,,0.0,1591,1524,,0,0,FAIL
17256.266,0,FAIL,0,0,NO_ORIGIN,0,0,1,1,1,1,0,0.0,,,,,0.0,1591,1524,,0,0,FAIL
17256.316,0,FAIL,0,0,NO_ORIGIN,0,0,1,1,1,1,0,0.0,,,,,0.0,1591,1524,,0,0,FAIL
17256.366,0,FAIL,0,0,NO_ORIGIN,0,0,1,1,1,1,0,0.0,,,,,0.0,1591,1524,,0,0,FAIL
17256.418,0,FAIL,0,0,NO_ORIGIN,0,0,1,1,1,1,0,0.0,,,,,0.0,1591,1524,,0,0,FAIL
17256.468,0,FAIL,0,0,NO_ORIGIN,0,0,1,1,1,1,0,0.0,,,,,0.0,1591,1524,,0,0,FAIL
17256.518,0,FAIL,0,0,NO_ORIGIN,0,0,1,1,1,1,0,0.0,,,,,0.0,1591,1524,,0,0,FAIL
17256.568,0,FAIL,0,0,NO_ORIGIN,0,0,1,1,1,1,0,0.0,,,,,0.0,1591,1524,,0,0,FAIL
17256.619,0,FAIL,0,0,NO_ORIGIN,0,0,1,1,1,1,0,0.0,,,,,0.0,1591,1524,,0,0,FAIL
17256.669,0,FAIL,0,0,NO_ORIGIN,0,0,1,1,1,1,0,0.0,,,,,0.0,1591,1524,,0,0,FAIL
17256.721,0,FAIL,0,0,NO_ORIGIN,0,0,1,1,1,1,0,0.0,,,,,0.0,1591,1524,,0,0,FAIL
17256.771,0,FAIL,0,0,NO_ORIGIN,0,0,1,1,1,1,0,0.0,,,,,0.0,1591,1524,,0,0,FAIL
17256.821,0,FAIL,0,0,NO_ORIGIN,0,0,1,1,1,1,0,0.0,,,,,0.0,1591,1524,,0,0,FAIL
17256.872,0,FAIL,0,0,NO_ORIGIN,0,0,1,1,1,1,0,0.0,,,,,0.0,1591,1524,,0,0,FAIL
17256.922,0,FAIL,0,0,NO_ORIGIN,0,0,1,1,1,1,0,0.0,,,,,0.0,1591,1524,,0,0,FAIL
17256.972,0,FAIL,0,0,NO_ORIGIN,0,0,1,1,1,1,0,0.0,,,,,0.0,1591,1524,,0,0,FAIL
17257.022,0,FAIL,0,0,NO_ORIGIN,0,0,1,1,1,1,0,0.0,,,,,0.0,1591,1524,,0,0,FAIL
17257.072,0,FAIL,0,0,NO_ORIGIN,0,0,1,1,1,1,0,0.0,,,,,0.0,1591,1524,,0,0,FAIL
17257.124,0,FAIL,0,0,NO_ORIGIN,0,0,1,1,1,1,0,0.0,,,,,0.0,1591,1524,,0,0,FAIL
17257.174,0,FAIL,0,0,NO_ORIGIN,0,0,1,1,1,1,0,0.0,,,,,0.0,1591,1524,,0,0,FAIL
17257.224,0,FAIL,0,0,NO_ORIGIN,0,0,1,1,1,1,0,0.0,,,,,0.0,1591,1524,,0,0,FAIL
17257.274,0,FAIL,0,0,NO_ORIGIN,0,0,1,1,1,1,0,0.0,,,,,0.0,1591,1524,,0,0,FAIL
17257.325,0,FAIL,0,0,NO_ORIGIN,0,0,1,1,1,1,0,0.0,,,,,0.0,1591,1524,,0,0,FAIL
17257.375,0,FAIL,0,0,NO_ORIGIN,0,0,1,1,1,1,0,0.0,,,,,0.0,1591,1524,,0,0,FAIL
17257.426,0,FAIL,0,0,NO_ORIGIN,0,0,1,1,1,1,0,0.0,,,,,0.0,1591,1524,,0,0,FAIL
17257.476,0,FAIL,0,0,NO_ORIGIN,0,0,1,1,1,1,0,0.0,,,,,0.0,1591,1524,,0,0,FAIL
17257.528,0,FAIL,0,0,NO_ORIGIN,0,0,1,1,1,1,0,0.0,,,,,0.0,1591,1524,,0,0,FAIL
17257.578,0,FAIL,0,0,NO_ORIGIN,0,0,1,1,1,1,0,0.0,,,,,0.0,1591,1524,,0,0,FAIL
17257.629,0,FAIL,0,0,NO_ORIGIN,0,0,1,1,1,1,0,0.0,,,,,0.0,1591,1524,,0,0,FAIL
17257.679,0,FAIL,0,0,NO_ORIGIN,0,0,1,1,1,1,0,0.0,,,,,0.0,1591,1524,,0,0,FAIL
17257.729,0,FAIL,0,0,NO_ORIGIN,0,0,1,1,1,1,0,0.0,,,,,0.0,1591,1524,,0,0,FAIL
17257.781,0,FAIL,0,0,NO_ORIGIN,0,0,1,1,1,1,0,0.0,,,,,0.0,1591,1524,,0,0,FAIL
17257.831,0,FAIL,0,0,NO_ORIGIN,0,0,1,1,1,1,0,0.0,,,,,0.0,1591,1524,,0,0,FAIL
17257.882,0,FAIL,0,0,NO_ORIGIN,0,0,1,1,1,1,0,0.0,,,,,0.0,1591,1524,,0,0,FAIL
17257.932,0,FAIL,0,0,NO_ORIGIN,0,0,1,1,1,1,0,0.0,,,,,0.0,1591,1524,,0,0,FAIL
17257.982,0,FAIL,0,0,NO_ORIGIN,0,0,1,1,1,1,0,0.0,,,,,0.0,1591,1524,,0,0,FAIL
17258.032,0,FAIL,0,0,NO_ORIGIN,0,0,1,1,1,1,0,0.0,,,,,0.0,1591,1524,,0,0,FAIL
17258.082,0,FAIL,0,0,NO_ORIGIN,0,0,1,1,1,1,0,0.0,,,,,0.0,1591,1524,,0,0,FAIL
17258.133,0,FAIL,0,0,NO_ORIGIN,0,0,1,1,1,1,0,0.0,,,,,0.0,1591,1524,,0,0,FAIL
17258.183,0,FAIL,0,0,NO_ORIGIN,0,0,1,1,1,1,0,0.0,,,,,0.0,1591,1524,,0,0,FAIL
17258.233,0,FAIL,0,0,NO_ORIGIN,0,0,1,1,1,1,0,0.0,,,,,0.0,1591,1524,,0,0,FAIL
17258.283,0,FAIL,0,0,NO_ORIGIN,0,0,1,1,1,1,0,0.0,,,,,0.0,1591,1524,,0,0,FAIL
17258.333,0,FAIL,0,0,NO_ORIGIN,0,0,1,1,1,1,0,0.0,,,,,0.0,1591,1524,,0,0,FAIL
17258.383,0,FAIL,0,0,NO_ORIGIN,0,0,1,1,1,1,0,0.0,,,,,0.0,1591,1524,,0,0,FAIL
17258.434,0,FAIL,0,0,NO_ORIGIN,0,0,1,1,1,1,0,0.0,,,,,0.0,1591,1524,,0,0,FAIL
17258.484,0,FAIL,0,0,NO_ORIGIN,0,0,1,1,1,1,0,0.0,,,,,0.0,1591,1524,,0,0,FAIL
17258.534,0,FAIL,0,0,NO_ORIGIN,0,0,1,1,1,1,0,0.0,,,,,0.0,1591,1524,,0,0,FAIL
17258.585,0,FAIL,0,0,NO_ORIGIN,0,0,1,1,1,1,0,0.0,,,,,0.0,1591,1524,,0,0,FAIL
17258.635,0,FAIL,0,0,NO_ORIGIN,0,0,1,1,1,1,0,0.0,,,,,0.0,1591,1524,,0,0,FAIL
17258.685,0,FAIL,0,0,NO_ORIGIN,0,0,1,1,1,1,0,0.0,,,,,0.0,1591,1524,,0,0,FAIL
17258.736,0,FAIL,0,0,NO_ORIGIN,0,0,1,1,1,1,0,0.0,,,,,0.0,1591,1524,,0,0,FAIL
17258.786,0,FAIL,0,0,NO_ORIGIN,0,0,1,1,1,1,0,0.0,,,,,0.0,1591,1524,,0,0,FAIL
17258.836,0,FAIL,0,0,NO_ORIGIN,0,0,1,1,1,1,0,0.0,,,,,0.0,1591,1524,,0,0,FAIL
17258.886,0,FAIL,0,0,NO_ORIGIN,0,0,1,1,1,1,0,0.0,,,,,0.0,1591,1524,,0,0,FAIL
17258.937,0,FAIL,0,0,NO_ORIGIN,0,0,1,1,1,1,0,0.0,,,,,0.0,1591,1524,,0,0,FAIL
17258.987,0,FAIL,0,0,NO_ORIGIN,0,0,1,1,1,1,0,0.0,,,,,0.0,1591,1524,,0,0,FAIL
17259.039,0,FAIL,0,0,NO_ORIGIN,0,0,1,1,1,1,0,0.0,,,,,0.0,1591,1524,,0,0,FAIL
17259.089,0,FAIL,0,0,NO_ORIGIN,0,0,1,1,1,1,0,0.0,,,,,0.0,1591,1524,,0,0,FAIL
17259.139,0,FAIL,0,0,NO_ORIGIN,0,0,1,1,1,1,0,0.0,,,,,0.0,1591,1524,,0,0,FAIL
17259.189,0,FAIL,0,0,NO_ORIGIN,0,0,1,1,1,1,0,0.0,,,,,0.0,1591,1524,,0,0,FAIL
17259.24,0,FAIL,0,0,NO_ORIGIN,0,0,1,1,1,1,0,0.0,,,,,0.0,1591,1524,,0,0,FAIL
17259.29,0,FAIL,0,0,NO_ORIGIN,0,0,1,1,1,1,0,0.0,,,,,0.0,1591,1524,,0,0,FAIL
17259.34,0,FAIL,0,0,NO_ORIGIN,0,0,1,1,1,1,0,0.0,,,,,0.0,1591,1524,,0,0,FAIL
17259.39,0,FAIL,0,0,NO_ORIGIN,0,0,1,1,1,1,0,0.0,,,,,0.0,1591,1524,,0,0,FAIL
17259.44,0,FAIL,0,0,NO_ORIGIN,0,0,1,1,1,1,0,0.0,,,,,0.0,1591,1524,,0,0,FAIL
17259.491,0,FAIL,0,0,NO_ORIGIN,0,0,1,1,1,1,0,0.0,,,,,0.0,1591,1524,,0,0,FAIL
17259.541,0,FAIL,0,0,NO_ORIGIN,0,0,1,1,1,1,0,0.0,,,,,0.0,1591,1524,,0,0,FAIL
17259.591,0,FAIL,0,0,NO_ORIGIN,0,0,1,1,1,1,0,0.0,,,,,0.0,1591,1524,,0,0,FAIL
17259.642,0,FAIL,0,0,NO_ORIGIN,0,0,1,1,1,1,0,0.0,,,,,0.0,1591,1524,,0,0,FAIL
17259.692,0,FAIL,0,0,NO_ORIGIN,0,0,1,1,1,1,0,0.0,,,,,0.0,1591,1524,,0,0,FAIL
17259.743,0,FAIL,0,0,NO_ORIGIN,0,0,1,1,1,1,0,0.0,,,,,0.0,1591,1524,,0,0,FAIL
17259.793,0,FAIL,0,0,NO_ORIGIN,0,0,1,1,1,1,0,0.0,,,,,0.0,1591,1524,,0,0,FAIL
17259.843,0,FAIL,0,0,NO_ORIGIN,0,0,1,1,1,1,0,0.0,,,,,0.0,1591,1524,,0,0,FAIL
17259.893,0,FAIL,0,0,NO_ORIGIN,0,0,1,1,1,1,0,0.0,,,,,0.0,1591,1524,,0,0,FAIL
17259.944,0,FAIL,0,0,NO_ORIGIN,0,0,1,1,1,1,0,0.0,,,,,0.0,1591,1524,,0,0,FAIL
17259.994,0,FAIL,0,0,NO_ORIGIN,0,0,1,1,1,1,0,0.0,,,,,0.0,1591,1524,,0,0,FAIL
17260.045,0,FAIL,0,0,NO_ORIGIN,0,0,1,1,1,1,0,0.0,,,,,0.0,1591,1524,,0,0,FAIL
17260.095,0,FAIL,0,0,NO_ORIGIN,0,0,1,1,1,1,0,0.0,,,,,0.0,1591,1524,,0,0,FAIL
17260.146,0,FAIL,0,0,NO_ORIGIN,0,0,1,1,1,1,0,0.0,,,,,0.0,1591,1524,,0,0,FAIL
17260.196,0,FAIL,0,0,NO_ORIGIN,0,0,1,1,1,1,0,0.0,,,,,0.0,1591,1524,,0,0,FAIL
17260.247,0,FAIL,0,0,NO_ORIGIN,0,0,1,1,1,1,0,0.0,,,,,0.0,1591,1524,,0,0,FAIL
17260.297,0,FAIL,0,0,NO_ORIGIN,0,0,1,1,1,1,0,0.0,,,,,0.0,1591,1524,,0,0,FAIL
17260.347,0,FAIL,0,0,NO_ORIGIN,0,0,1,1,1,1,0,0.0,,,,,0.0,1591,1524,,0,0,FAIL
17260.397,0,FAIL,0,0,NO_ORIGIN,0,0,1,1,1,1,0,0.0,,,,,0.0,1591,1524,,0,0,FAIL
17260.448,0,FAIL,0,0,NO_ORIGIN,0,0,1,1,1,1,0,0.0,,,,,0.0,1591,1524,,0,0,FAIL
17260.498,0,FAIL,0,0,NO_ORIGIN,0,0,1,1,1,1,0,0.0,,,,,0.0,1591,1524,,0,0,FAIL
17260.548,0,FAIL,0,0,NO_ORIGIN,0,0,1,1,1,1,0,0.0,,,,,0.0,1591,1524,,0,0,FAIL
17260.598,0,FAIL,0,0,NO_ORIGIN,0,0,1,1,1,1,0,0.0,,,,,0.0,1591,1524,,0,0,FAIL
17260.648,0,FAIL,0,0,NO_ORIGIN,0,0,1,1,1,1,0,0.0,,,,,0.0,1591,1524,,0,0,FAIL
17260.699,0,FAIL,0,0,NO_ORIGIN,0,0,1,1,1,1,0,0.0,,,,,0.0,1591,1524,,0,0,FAIL
17260.749,0,FAIL,0,0,NO_ORIGIN,0,0,1,1,1,1,0,0.0,,,,,0.0,1591,1524,,0,0,FAIL
17260.799,0,FAIL,0,0,NO_ORIGIN,0,0,1,1,1,1,0,0.0,,,,,0.0,1591,1524,,0,0,FAIL
17260.852,0,FAIL,0,0,NO_ORIGIN,0,0,1,1,1,1,0,0.0,,,,,0.0,1591,1524,,0,0,FAIL
17260.902,0,FAIL,0,0,NO_ORIGIN,0,0,1,1,1,1,0,0.0,,,,,0.0,1591,1524,,0,0,FAIL
17260.953,0,FAIL,0,0,NO_ORIGIN,0,0,1,1,1,1,0,0.0,,,,,0.0,1591,1524,,0,0,FAIL
17261.003,0,FAIL,0,0,NO_ORIGIN,0,0,1,1,1,1,0,0.0,,,,,0.0,1591,1524,,0,0,FAIL
17261.053,0,FAIL,0,0,NO_ORIGIN,0,0,1,1,1,1,0,0.0,,,,,0.0,1591,1524,,0,0,FAIL
17261.103,0,FAIL,0,0,NO_ORIGIN,0,0,1,1,1,1,0,0.0,,,,,0.0,1591,1524,,0,0,FAIL
17261.156,0,FAIL,0,0,NO_ORIGIN,0,0,1,1,1,1,0,0.0,,,,,0.0,1591,1524,,0,0,FAIL
17261.206,0,FAIL,0,0,NO_ORIGIN,0,0,1,1,1,1,0,0.0,,,,,0.0,1591,1524,,0,0,FAIL
17261.256,0,FAIL,0,0,NO_ORIGIN,0,0,1,1,1,1,0,0.0,,,,,0.0,1591,1524,,0,0,FAIL
17261.306,0,FAIL,0,0,NO_ORIGIN,0,0,1,1,1,1,0,0.0,,,,,0.0,1591,1524,,0,0,FAIL
17261.356,0,FAIL,0,0,NO_ORIGIN,0,0,1,1,1,1,0,0.0,,,,,0.0,1591,1524,,0,0,FAIL
17261.407,0,FAIL,0,0,NO_ORIGIN,0,0,1,1,1,1,0,0.0,,,,,0.0,1591,1524,,0,0,FAIL
17261.457,0,FAIL,0,0,NO_ORIGIN,0,0,1,1,1,1,0,0.0,,,,,0.0,1591,1524,,0,0,FAIL
17261.507,0,FAIL,0,0,NO_ORIGIN,0,0,1,1,1,1,0,0.0,,,,,0.0,1591,1524,,0,0,FAIL
17261.557,0,FAIL,0,0,NO_ORIGIN,0,0,1,1,1,1,0,0.0,,,,,0.0,1591,1524,,0,0,FAIL
17261.607,0,FAIL,0,0,NO_ORIGIN,0,0,1,1,1,1,0,0.0,,,,,0.0,1591,1524,,0,0,FAIL
17261.658,0,FAIL,0,0,NO_ORIGIN,0,0,1,1,1,1,0,0.0,,,,,0.0,1591,1524,,0,0,FAIL
17261.708,0,FAIL,0,0,NO_ORIGIN,0,0,1,1,1,1,0,0.0,,,,,0.0,1591,1524,,0,0,FAIL
17261.758,0,FAIL,0,0,NO_ORIGIN,0,0,1,1,1,1,0,0.0,,,,,0.0,1591,1524,,0,0,FAIL
17261.808,0,FAIL,0,0,NO_ORIGIN,0,0,1,1,1,1,0,0.0,,,,,0.0,1591,1524,,0,0,FAIL
17261.858,0,FAIL,0,0,NO_ORIGIN,0,0,1,1,1,1,0,0.0,,,,,0.0,1591,1524,,0,0,FAIL
17261.909,0,FAIL,0,0,NO_ORIGIN,0,0,1,1,1,1,0,0.0,,,,,0.0,1591,1524,,0,0,FAIL
17261.959,0,FAIL,0,0,NO_ORIGIN,0,0,1,1,1,1,0,0.0,,,,,0.0,1591,1524,,0,0,FAIL
17262.009,0,FAIL,0,0,NO_ORIGIN,0,0,1,1,1,1,0,0.0,,,,,0.0,1591,1524,,0,0,FAIL
17262.059,0,FAIL,0,0,NO_ORIGIN,0,0,1,1,1,1,0,0.0,,,,,0.0,1591,1524,,0,0,FAIL
17262.11,0,FAIL,0,0,NO_ORIGIN,0,0,1,1,1,1,0,0.0,,,,,0.0,1591,1524,,0,0,FAIL
17262.16,0,FAIL,0,0,NO_ORIGIN,0,0,1,1,1,1,0,0.0,,,,,0.0,1591,1524,,0,0,FAIL
17262.21,0,FAIL,0,0,NO_ORIGIN,0,0,1,1,1,1,0,0.0,,,,,0.0,1591,1524,,0,0,FAIL
17262.26,0,FAIL,0,0,NO_ORIGIN,0,0,1,1,1,1,0,0.0,,,,,0.0,1591,1524,,0,0,FAIL
17262.31,0,FAIL,0,0,NO_ORIGIN,0,0,1,1,1,1,0,0.0,,,,,0.0,1591,1524,,0,0,FAIL
17262.363,0,FAIL,0,0,NO_ORIGIN,0,0,1,1,1,1,0,0.0,,,,,0.0,1591,1524,,0,0,FAIL
17262.413,0,FAIL,0,0,NO_ORIGIN,0,0,1,1,1,1,0,0.0,,,,,0.0,1591,1524,,0,0,FAIL
17262.463,0,FAIL,0,0,NO_ORIGIN,0,0,1,1,1,1,0,0.0,,,,,0.0,1591,1524,,0,0,FAIL
17262.513,0,FAIL,0,0,NO_ORIGIN,0,0,1,1,1,1,0,0.0,,,,,0.0,1591,1524,,0,0,FAIL
17262.564,0,FAIL,0,0,NO_ORIGIN,0,0,1,1,1,1,0,0.0,,,,,0.0,1591,1524,,0,0,FAIL
17262.614,0,FAIL,0,0,NO_ORIGIN,0,0,1,1,1,1,0,0.0,,,,,0.0,1591,1524,,0,0,FAIL
17262.664,0,FAIL,0,0,NO_ORIGIN,0,0,1,1,1,1,0,0.0,,,,,0.0,1591,1524,,0,0,FAIL
17262.715,0,FAIL,0,0,NO_ORIGIN,0,0,1,1,1,1,0,0.0,,,,,0.0,1591,1524,,0,0,FAIL
17262.766,0,FAIL,0,0,NO_ORIGIN,0,0,1,1,1,1,0,0.0,,,,,0.0,1591,1524,,0,0,FAIL
17262.817,0,FAIL,0,0,NO_ORIGIN,0,0,1,1,1,1,0,0.0,,,,,0.0,1591,1524,,0,0,FAIL
17262.868,0,FAIL,0,0,NO_ORIGIN,0,0,1,1,1,1,0,0.0,,,,,0.0,1591,1524,,0,0,FAIL
17262.919,0,FAIL,0,0,NO_ORIGIN,0,0,1,1,1,1,0,0.0,,,,,0.0,1591,1524,,0,0,FAIL
17262.969,0,FAIL,0,0,NO_ORIGIN,0,0,1,1,1,1,0,0.0,,,,,0.0,1591,1524,,0,0,FAIL
17263.02,0,FAIL,0,0,NO_ORIGIN,0,0,1,1,1,1,0,0.0,,,,,0.0,1591,1524,,0,0,FAIL
17263.07,0,FAIL,0,0,NO_ORIGIN,0,0,1,1,1,1,0,0.0,,,,,0.0,1591,1524,,0,0,FAIL
17263.12,0,FAIL,0,0,NO_ORIGIN,0,0,1,1,1,1,0,0.0,,,,,0.0,1591,1524,,0,0,FAIL
17263.17,0,FAIL,0,0,NO_ORIGIN,0,0,1,1,1,1,0,0.0,,,,,0.0,1591,1524,,0,0,FAIL
17263.221,0,FAIL,0,0,NO_ORIGIN,0,0,1,1,1,1,0,0.0,,,,,0.0,1591,1524,,0,0,FAIL
17263.271,0,FAIL,0,0,NO_ORIGIN,0,0,1,1,1,1,0,0.0,,,,,0.0,1591,1524,,0,0,FAIL
17263.321,0,FAIL,0,0,NO_ORIGIN,0,0,1,1,1,1,0,0.0,,,,,0.0,1591,1524,,0,0,FAIL
17263.371,0,FAIL,0,0,NO_ORIGIN,0,0,1,1,1,1,0,0.0,,,,,0.0,1591,1524,,0,0,FAIL
17263.421,0,FAIL,0,0,NO_ORIGIN,0,0,1,1,1,1,0,0.0,,,,,0.0,1591,1524,,0,0,FAIL
17263.471,0,FAIL,0,0,NO_ORIGIN,0,0,1,1,1,1,0,0.0,,,,,0.0,1591,1524,,0,0,FAIL
17263.522,0,FAIL,0,0,NO_ORIGIN,0,0,1,1,1,1,0,0.0,,,,,0.0,1591,1524,,0,0,FAIL
17263.572,0,FAIL,0,0,NO_ORIGIN,0,0,1,1,1,1,0,0.0,,,,,0.0,1591,1524,,0,0,FAIL
17263.622,0,FAIL,0,0,NO_ORIGIN,0,0,1,1,1,1,0,0.0,,,,,0.0,1591,1524,,0,0,FAIL
17263.672,0,FAIL,0,0,NO_ORIGIN,0,0,1,1,1,1,0,0.0,,,,,0.0,1591,1524,,0,0,FAIL
17263.722,0,FAIL,0,0,NO_ORIGIN,0,0,1,1,1,1,0,0.0,,,,,0.0,1591,1524,,0,0,FAIL
17263.773,0,FAIL,0,0,NO_ORIGIN,0,0,1,1,1,1,0,0.0,,,,,0.0,1591,1524,,0,0,FAIL
17263.823,0,FAIL,0,0,NO_ORIGIN,0,0,1,1,1,1,0,0.0,,,,,0.0,1591,1524,,0,0,FAIL
17263.873,0,FAIL,0,0,NO_ORIGIN,0,0,1,1,1,1,0,0.0,,,,,0.0,1591,1524,,0,0,FAIL
17263.923,0,FAIL,0,0,NO_ORIGIN,0,0,1,1,1,1,0,0.0,,,,,0.0,1591,1524,,0,0,FAIL
17263.973,0,FAIL,0,0,NO_ORIGIN,0,0,1,1,1,1,0,0.0,,,,,0.0,1591,1524,,0,0,FAIL
17264.023,0,FAIL,0,0,NO_ORIGIN,0,0,1,1,1,1,0,0.0,,,,,0.0,1591,1524,,0,0,FAIL
17264.074,0,FAIL,0,0,NO_ORIGIN,0,0,1,1,1,1,0,0.0,,,,,0.0,1591,1524,,0,0,FAIL
17264.124,0,FAIL,0,0,NO_ORIGIN,0,0,1,1,1,1,0,0.0,,,,,0.0,1591,1524,,0,0,FAIL
17264.174,0,FAIL,0,0,NO_ORIGIN,0,0,1,1,1,1,0,0.0,,,,,0.0,1591,1524,,0,0,FAIL
17264.224,0,FAIL,0,0,NO_ORIGIN,0,0,1,1,1,1,0,0.0,,,,,0.0,1591,1524,,0,0,FAIL
17264.276,0,FAIL,0,0,NO_ORIGIN,0,0,1,1,1,1,0,0.0,,,,,0.0,1591,1524,,0,0,FAIL
17264.327,0,FAIL,0,0,NO_ORIGIN,0,0,1,1,1,1,0,0.0,,,,,0.0,1591,1524,,0,0,FAIL
17264.377,0,FAIL,0,0,NO_ORIGIN,0,0,1,1,1,1,0,0.0,,,,,0.0,1591,1524,,0,0,FAIL
17264.427,0,FAIL,0,0,NO_ORIGIN,0,0,1,1,1,1,0,0.0,,,,,0.0,1591,1524,,0,0,FAIL
17264.477,0,FAIL,0,0,NO_ORIGIN,0,0,1,1,1,1,0,0.0,,,,,0.0,1591,1524,,0,0,FAIL
17264.527,0,FAIL,0,0,NO_ORIGIN,0,0,1,1,1,1,0,0.0,,,,,0.0,1591,1524,,0,0,FAIL
17264.578,0,FAIL,0,0,NO_ORIGIN,0,0,1,1,1,1,0,0.0,,,,,0.0,1591,1524,,0,0,FAIL
17264.628,0,FAIL,0,0,NO_ORIGIN,0,0,1,1,1,1,0,0.0,,,,,0.0,1591,1524,,0,0,FAIL
17264.678,0,FAIL,0,0,NO_ORIGIN,0,0,1,1,1,1,0,0.0,,,,,0.0,1591,1524,,0,0,FAIL
17264.728,0,FAIL,0,0,NO_ORIGIN,0,0,1,1,1,1,0,0.0,,,,,0.0,1591,1524,,0,0,FAIL
17264.779,0,FAIL,0,0,NO_ORIGIN,0,0,1,1,1,1,0,0.0,,,,,0.0,1591,1524,,0,0,FAIL
17264.829,0,FAIL,0,0,NO_ORIGIN,0,0,1,1,1,1,0,0.0,,,,,0.0,1591,1524,,0,0,FAIL
17264.88,0,FAIL,0,0,NO_ORIGIN,0,0,1,1,1,1,0,0.0,,,,,0.0,1591,1524,,0,0,FAIL
17264.93,0,FAIL,0,0,NO_ORIGIN,0,0,1,1,1,1,0,0.0,,,,,0.0,1591,1524,,0,0,FAIL
17264.982,0,FAIL,0,0,NO_ORIGIN,0,0,1,1,1,1,0,0.0,,,,,0.0,1591,1524,,0,0,FAIL
17265.032,0,FAIL,0,0,NO_ORIGIN,0,0,1,1,1,1,0,0.0,,,,,0.0,1591,1524,,0,0,FAIL
17265.083,0,FAIL,0,0,NO_ORIGIN,0,0,1,1,1,1,0,0.0,,,,,0.0,1591,1524,,0,0,FAIL
17265.133,0,FAIL,0,0,NO_ORIGIN,0,0,1,1,1,1,0,0.0,,,,,0.0,1591,1524,,0,0,FAIL
17265.183,0,FAIL,0,0,NO_ORIGIN,0,0,1,1,1,1,0,0.0,,,,,0.0,1591,1524,,0,0,FAIL
17265.234,0,FAIL,0,0,NO_ORIGIN,0,0,1,1,1,1,0,0.0,,,,,0.0,1591,1524,,0,0,FAIL
17265.284,0,FAIL,0,0,NO_ORIGIN,0,0,1,1,1,1,0,0.0,,,,,0.0,1591,1524,,0,0,FAIL
17265.334,0,FAIL,0,0,NO_ORIGIN,0,0,1,1,1,1,0,0.0,,,,,0.0,1591,1524,,0,0,FAIL
17265.385,0,FAIL,0,0,NO_ORIGIN,0,0,1,1,1,1,0,0.0,,,,,0.0,1591,1524,,0,0,FAIL
17265.435,0,FAIL,0,0,NO_ORIGIN,0,0,1,1,1,1,0,0.0,,,,,0.0,1591,1524,,0,0,FAIL
17265.485,0,FAIL,0,0,NO_ORIGIN,0,0,1,1,1,1,0,0.0,,,,,0.0,1591,1524,,0,0,FAIL
17265.536,0,FAIL,0,0,NO_ORIGIN,0,0,1,1,1,1,0,0.0,,,,,0.0,1591,1524,,0,0,FAIL
17265.587,0,FAIL,0,0,NO_ORIGIN,0,0,1,1,1,1,0,0.0,,,,,0.0,1591,1524,,0,0,FAIL
17265.637,0,FAIL,0,0,NO_ORIGIN,0,0,1,1,1,1,0,0.0,,,,,0.0,1591,1524,,0,0,FAIL
17265.688,0,FAIL,0,0,NO_ORIGIN,0,0,1,1,1,1,0,0.0,,,,,0.0,1591,1524,,0,0,FAIL
17265.738,0,FAIL,0,0,NO_ORIGIN,0,0,1,1,1,1,0,0.0,,,,,0.0,1591,1524,,0,0,FAIL
17265.789,0,FAIL,0,0,NO_ORIGIN,0,0,1,1,1,1,0,0.0,,,,,0.0,1591,1524,,0,0,FAIL
17265.839,0,FAIL,0,0,NO_ORIGIN,0,0,1,1,1,1,0,0.0,,,,,0.0,1591,1524,,0,0,FAIL
17265.889,0,FAIL,0,0,NO_ORIGIN,0,0,1,1,1,1,0,0.0,,,,,0.0,1591,1524,,0,0,FAIL
17265.94,0,FAIL,0,0,NO_ORIGIN,0,0,1,1,1,1,0,0.0,,,,,0.0,1591,1524,,0,0,FAIL
17265.99,0,FAIL,0,0,NO_ORIGIN,0,0,1,1,1,1,0,0.0,,,,,0.0,1591,1524,,0,0,FAIL
17266.04,0,FAIL,0,0,NO_ORIGIN,0,0,1,1,1,1,0,0.0,,,,,0.0,1591,1524,,0,0,FAIL
17266.09,0,FAIL,0,0,NO_ORIGIN,0,0,1,1,1,1,0,0.0,,,,,0.0,1591,1524,,0,0,FAIL
17266.141,0,FAIL,0,0,NO_ORIGIN,0,0,1,1,1,1,0,0.0,,,,,0.0,1591,1524,,0,0,FAIL
17266.191,0,FAIL,0,0,NO_ORIGIN,0,0,1,1,1,1,0,0.0,,,,,0.0,1591,1524,,0,0,FAIL
17266.241,0,FAIL,0,0,NO_ORIGIN,0,0,1,1,1,1,0,0.0,,,,,0.0,1591,1524,,0,0,FAIL
17266.291,0,FAIL,0,0,NO_ORIGIN,0,0,1,1,1,1,0,0.0,,,,,0.0,1591,1524,,0,0,FAIL
17266.341,0,FAIL,0,0,NO_ORIGIN,0,0,1,1,1,1,0,0.0,,,,,0.0,1591,1524,,0,0,FAIL
17266.392,0,FAIL,0,0,NO_ORIGIN,0,0,1,1,1,1,0,0.0,,,,,0.0,1591,1524,,0,0,FAIL
17266.442,0,FAIL,0,0,NO_ORIGIN,0,0,1,1,1,1,0,0.0,,,,,0.0,1591,1524,,0,0,FAIL
17266.492,0,FAIL,0,0,NO_ORIGIN,0,0,1,1,1,1,0,0.0,,,,,0.0,1591,1524,,0,0,FAIL
17266.542,0,FAIL,0,0,NO_ORIGIN,0,0,1,1,1,1,0,0.0,,,,,0.0,1591,1524,,0,0,FAIL
17266.593,0,FAIL,0,0,NO_ORIGIN,0,0,1,1,1,1,0,0.0,,,,,0.0,1591,1524,,0,0,FAIL
17266.643,0,FAIL,0,0,NO_ORIGIN,0,0,1,1,1,1,0,0.0,,,,,0.0,1591,1524,,0,0,FAIL
17266.694,0,FAIL,0,0,NO_ORIGIN,0,0,1,1,1,1,0,0.0,,,,,0.0,1591,1524,,0,0,FAIL
17266.744,0,FAIL,0,0,NO_ORIGIN,0,0,1,1,1,1,0,0.0,,,,,0.0,1591,1524,,0,0,FAIL
17266.796,0,FAIL,0,0,NO_ORIGIN,0,0,1,1,1,1,0,0.0,,,,,0.0,1591,1524,,0,0,FAIL
17266.846,0,FAIL,0,0,NO_ORIGIN,0,0,1,1,1,1,0,0.0,,,,,0.0,1591,1524,,0,0,FAIL
17266.897,0,FAIL,0,0,NO_ORIGIN,0,0,1,1,1,1,0,0.0,,,,,0.0,1591,1524,,0,0,FAIL
17266.947,0,FAIL,0,0,NO_ORIGIN,0,0,1,1,1,1,0,0.0,,,,,0.0,1591,1524,,0,0,FAIL
17266.998,0,FAIL,0,0,NO_ORIGIN,0,0,1,1,1,1,0,0.0,,,,,0.0,1591,1524,,0,0,FAIL
17267.048,0,FAIL,0,0,NO_ORIGIN,0,0,1,1,1,1,0,0.0,,,,,0.0,1591,1524,,0,0,FAIL
17267.098,0,FAIL,0,0,NO_ORIGIN,0,0,1,1,1,1,0,0.0,,,,,0.0,1591,1524,,0,0,FAIL
17267.149,0,FAIL,0,0,NO_ORIGIN,0,0,1,1,1,1,0,0.0,,,,,0.0,1591,1524,,0,0,FAIL
17267.199,0,FAIL,0,0,NO_ORIGIN,0,0,1,1,1,1,0,0.0,,,,,0.0,1591,1524,,0,0,FAIL
17267.249,0,FAIL,0,0,NO_ORIGIN,0,0,1,1,1,1,0,0.0,,,,,0.0,1591,1524,,0,0,FAIL
17267.3,0,FAIL,0,0,NO_ORIGIN,0,0,1,1,1,1,0,0.0,,,,,0.0,1591,1524,,0,0,FAIL
17267.35,0,FAIL,0,0,NO_ORIGIN,0,0,1,1,1,1,0,0.0,,,,,0.0,1591,1524,,0,0,FAIL
17267.401,0,FAIL,0,0,NO_ORIGIN,0,0,1,1,1,1,0,0.0,,,,,0.0,1591,1524,,0,0,FAIL
17267.451,0,FAIL,0,0,NO_ORIGIN,0,0,1,1,1,1,0,0.0,,,,,0.0,1591,1524,,0,0,FAIL
17267.501,0,FAIL,0,0,NO_ORIGIN,0,0,1,1,1,1,0,0.0,,,,,0.0,1591,1524,,0,0,FAIL
17267.551,0,FAIL,0,0,NO_ORIGIN,0,0,1,1,1,1,0,0.0,,,,,0.0,1591,1524,,0,0,FAIL
17267.601,0,FAIL,0,0,NO_ORIGIN,0,0,1,1,1,1,0,0.0,,,,,0.0,1591,1524,,0,0,FAIL
17267.652,0,FAIL,0,0,NO_ORIGIN,0,0,1,1,1,1,0,0.0,,,,,0.0,1591,1524,,0,0,FAIL
17267.702,0,FAIL,0,0,NO_ORIGIN,0,0,1,1,1,1,0,0.0,,,,,0.0,1591,1524,,0,0,FAIL
17267.752,0,FAIL,0,0,NO_ORIGIN,0,0,1,1,1,1,0,0.0,,,,,0.0,1591,1524,,0,0,FAIL
17267.802,0,FAIL,0,0,NO_ORIGIN,0,0,1,1,1,1,0,0.0,,,,,0.0,1591,1524,,0,0,FAIL
17267.853,0,FAIL,0,0,NO_ORIGIN,0,0,1,1,1,1,0,0.0,,,,,0.0,1591,1524,,0,0,FAIL
17267.904,0,FAIL,0,0,NO_ORIGIN,0,0,1,1,1,1,0,0.0,,,,,0.0,1591,1524,,0,0,FAIL
17267.954,0,FAIL,0,0,NO_ORIGIN,0,0,1,1,1,1,0,0.0,,,,,0.0,1591,1524,,0,0,FAIL
17268.004,0,FAIL,0,0,NO_ORIGIN,0,0,1,1,1,1,0,0.0,,,,,0.0,1591,1524,,0,0,FAIL
17268.055,0,FAIL,0,0,NO_ORIGIN,0,0,1,1,1,1,0,0.0,,,,,0.0,1591,1524,,0,0,FAIL
17268.105,0,FAIL,0,0,NO_ORIGIN,0,0,1,1,1,1,0,0.0,,,,,0.0,1591,1524,,0,0,FAIL
17268.155,0,FAIL,0,0,NO_ORIGIN,0,0,1,1,1,1,0,0.0,,,,,0.0,1591,1524,,0,0,FAIL
17268.205,0,FAIL,0,0,NO_ORIGIN,0,0,1,1,1,1,0,0.0,,,,,0.0,1591,1524,,0,0,FAIL
17268.256,0,FAIL,0,0,NO_ORIGIN,0,0,1,1,1,1,0,0.0,,,,,0.0,1591,1524,,0,0,FAIL
17268.306,0,FAIL,0,0,NO_ORIGIN,0,0,1,1,1,1,0,0.0,,,,,0.0,1591,1524,,0,0,FAIL
17268.356,0,FAIL,0,0,NO_ORIGIN,0,0,1,1,1,1,0,0.0,,,,,0.0,1591,1524,,0,0,FAIL
17268.406,0,FAIL,0,0,NO_ORIGIN,0,0,1,1,1,1,0,0.0,,,,,0.0,1591,1524,,0,0,FAIL
17268.456,0,FAIL,0,0,NO_ORIGIN,0,0,1,1,1,1,0,0.0,,,,,0.0,1591,1524,,0,0,FAIL
17268.507,0,FAIL,0,0,NO_ORIGIN,0,0,1,1,1,1,0,0.0,,,,,0.0,1591,1524,,0,0,FAIL
17268.557,0,FAIL,0,0,NO_ORIGIN,0,0,1,1,1,1,0,0.0,,,,,0.0,1591,1524,,0,0,FAIL
17268.607,0,FAIL,0,0,NO_ORIGIN,0,0,1,1,1,1,0,0.0,,,,,0.0,1591,1524,,0,0,FAIL
17268.657,0,FAIL,0,0,NO_ORIGIN,0,0,1,1,1,1,0,0.0,,,,,0.0,1591,1524,,0,0,FAIL
17268.707,0,FAIL,0,0,NO_ORIGIN,0,0,1,1,1,1,0,0.0,,,,,0.0,1591,1524,,0,0,FAIL
17268.758,0,FAIL,0,0,NO_ORIGIN,0,0,1,1,1,1,0,0.0,,,,,0.0,1591,1524,,0,0,FAIL
17268.808,0,FAIL,0,0,NO_ORIGIN,0,0,1,1,1,1,0,0.0,,,,,0.0,1591,1524,,0,0,FAIL
17268.858,0,FAIL,0,0,NO_ORIGIN,0,0,1,1,1,1,0,0.0,,,,,0.0,1591,1524,,0,0,FAIL
17268.91,0,FAIL,0,0,NO_ORIGIN,0,0,1,1,1,1,0,0.0,,,,,0.0,1591,1524,,0,0,FAIL
17268.96,0,FAIL,0,0,NO_ORIGIN,0,0,1,1,1,1,0,0.0,,,,,0.0,1591,1524,,0,0,FAIL
17269.01,0,FAIL,0,0,NO_ORIGIN,0,0,1,1,1,1,0,0.0,,,,,0.0,1591,1524,,0,0,FAIL
17269.061,0,FAIL,0,0,NO_ORIGIN,0,0,1,1,1,1,0,0.0,,,,,0.0,1591,1524,,0,0,FAIL
17269.113,0,FAIL,0,0,NO_ORIGIN,0,0,1,1,1,1,0,0.0,,,,,0.0,1591,1524,,0,0,FAIL
17269.163,0,FAIL,0,0,NO_ORIGIN,0,0,1,1,1,1,0,0.0,,,,,0.0,1591,1524,,0,0,FAIL
17269.215,0,FAIL,0,0,NO_ORIGIN,0,0,1,1,1,1,0,0.0,,,,,0.0,1591,1524,,0,0,FAIL
17269.265,0,FAIL,0,0,NO_ORIGIN,0,0,1,1,1,1,0,0.0,,,,,0.0,1591,1524,,0,0,FAIL
17269.316,0,FAIL,0,0,NO_ORIGIN,0,0,1,1,1,1,0,0.0,,,,,0.0,1591,1524,,0,0,FAIL
17269.366,0,FAIL,0,0,NO_ORIGIN,0,0,1,1,1,1,0,0.0,,,,,0.0,1591,1524,,0,0,FAIL
17269.418,0,FAIL,0,0,NO_ORIGIN,0,0,1,1,1,1,0,0.0,,,,,0.0,1591,1524,,0,0,FAIL
17269.468,0,FAIL,0,0,NO_ORIGIN,0,0,1,1,1,1,0,0.0,,,,,0.0,1591,1524,,0,0,FAIL
17269.518,0,FAIL,0,0,NO_ORIGIN,0,0,1,1,1,1,0,0.0,,,,,0.0,1591,1524,,0,0,FAIL
17269.569,0,FAIL,0,0,NO_ORIGIN,0,0,1,1,1,1,0,0.0,,,,,0.0,1591,1524,,0,0,FAIL
17269.619,0,FAIL,0,0,NO_ORIGIN,0,0,1,1,1,1,0,0.0,,,,,0.0,1591,1524,,0,0,FAIL
17269.669,0,FAIL,0,0,NO_ORIGIN,0,0,1,1,1,1,0,0.0,,,,,0.0,1591,1524,,0,0,FAIL
17269.719,0,FAIL,0,0,NO_ORIGIN,0,0,1,1,1,1,0,0.0,,,,,0.0,1591,1524,,0,0,FAIL
17269.769,0,FAIL,0,0,NO_ORIGIN,0,0,1,1,1,1,0,0.0,,,,,0.0,1591,1524,,0,0,FAIL
17269.82,0,FAIL,0,0,NO_ORIGIN,0,0,1,1,1,1,0,0.0,,,,,0.0,1591,1524,,0,0,FAIL
17269.87,0,FAIL,0,0,NO_ORIGIN,0,0,1,1,1,1,0,0.0,,,,,0.0,1591,1524,,0,0,FAIL
17269.92,0,FAIL,0,0,NO_ORIGIN,0,0,1,1,1,1,0,0.0,,,,,0.0,1591,1524,,0,0,FAIL
17269.97,0,FAIL,0,0,NO_ORIGIN,0,0,1,1,1,1,0,0.0,,,,,0.0,1591,1524,,0,0,FAIL
17270.021,0,FAIL,0,0,NO_ORIGIN,0,0,1,1,1,1,0,0.0,,,,,0.0,1591,1524,,0,0,FAIL
17270.071,0,FAIL,0,0,NO_ORIGIN,0,0,1,1,1,1,0,0.0,,,,,0.0,1591,1524,,0,0,FAIL
17270.122,0,FAIL,0,0,NO_ORIGIN,0,0,1,1,1,1,0,0.0,,,,,0.0,1591,1524,,0,0,FAIL
17270.172,0,FAIL,0,0,NO_ORIGIN,0,0,1,1,1,1,0,0.0,,,,,0.0,1591,1524,,0,0,FAIL
17270.222,0,FAIL,0,0,NO_ORIGIN,0,0,1,1,1,1,0,0.0,,,,,0.0,1591,1524,,0,0,FAIL
17270.272,0,FAIL,0,0,NO_ORIGIN,0,0,1,1,1,1,0,0.0,,,,,0.0,1591,1524,,0,0,FAIL
17270.322,0,FAIL,0,0,NO_ORIGIN,0,0,1,1,1,1,0,0.0,,,,,0.0,1591,1524,,0,0,FAIL
17270.373,0,FAIL,0,0,NO_ORIGIN,0,0,1,1,1,1,0,0.0,,,,,0.0,1591,1524,,0,0,FAIL
17270.423,0,FAIL,0,0,NO_ORIGIN,0,0,1,1,1,1,0,0.0,,,,,0.0,1591,1524,,0,0,FAIL
17270.473,0,FAIL,0,0,NO_ORIGIN,0,0,1,1,1,1,0,0.0,,,,,0.0,1591,1524,,0,0,FAIL
17270.523,0,FAIL,0,0,NO_ORIGIN,0,0,1,1,1,1,0,0.0,,,,,0.0,1591,1524,,0,0,FAIL
17270.573,0,FAIL,0,0,NO_ORIGIN,0,0,1,1,1,1,0,0.0,,,,,0.0,1591,1524,,0,0,FAIL
17270.624,0,FAIL,0,0,NO_ORIGIN,0,0,1,1,1,1,0,0.0,,,,,0.0,1591,1524,,0,0,FAIL
17270.674,0,FAIL,0,0,NO_ORIGIN,0,0,1,1,1,1,0,0.0,,,,,0.0,1591,1524,,0,0,FAIL
17270.725,0,FAIL,0,0,NO_ORIGIN,0,0,1,1,1,1,0,0.0,,,,,0.0,1591,1524,,0,0,FAIL
17270.775,0,FAIL,0,0,NO_ORIGIN,0,0,1,1,1,1,0,0.0,,,,,0.0,1591,1524,,0,0,FAIL
17270.826,0,FAIL,0,0,NO_ORIGIN,0,0,1,1,1,1,0,0.0,,,,,0.0,1591,1524,,0,0,FAIL
17270.876,0,FAIL,0,0,NO_ORIGIN,0,0,1,1,1,1,0,0.0,,,,,0.0,1591,1524,,0,0,FAIL
17270.926,0,FAIL,0,0,NO_ORIGIN,0,0,1,1,1,1,0,0.0,,,,,0.0,1591,1524,,0,0,FAIL
17270.976,0,FAIL,0,0,NO_ORIGIN,0,0,1,1,1,1,0,0.0,,,,,0.0,1591,1524,,0,0,FAIL
17271.027,0,FAIL,0,0,NO_ORIGIN,0,0,1,1,1,1,0,0.0,,,,,0.0,1591,1524,,0,0,FAIL
17271.078,1,FAIL,0,0,NO_ORIGIN,0,0,1,1,1,1,0,0.0,,,,,0.0,1591,1524,,0,0,FAIL
17271.128,1,FAIL,0,0,NO_ORIGIN,0,0,1,1,1,1,0,0.0,,,,,0.0,1591,1524,,0,0,FAIL
17271.178,1,FAIL,0,0,NO_ORIGIN,0,0,1,1,1,1,0,0.0,,,,,0.0,1591,1524,,0,0,FAIL
17271.228,1,FAIL,0,0,NO_ORIGIN,0,0,1,1,1,1,0,0.0,,,,,0.0,1591,1524,,0,0,FAIL
17271.279,1,FAIL,0,0,NO_ORIGIN,0,0,1,1,1,1,0,0.0,,,,,0.0,1591,1524,,0,0,FAIL
17271.329,1,FAIL,0,0,NO_ORIGIN,0,0,1,1,1,1,0,0.0,,,,,0.0,1591,1524,,0,0,FAIL
17271.379,1,FAIL,0,0,NO_ORIGIN,0,0,1,1,1,1,0,0.0,,,,,0.0,1591,1524,,0,0,FAIL
17271.429,1,FAIL,0,0,NO_ORIGIN,0,0,1,1,1,1,0,0.0,,,,,0.0,1591,1524,,0,0,FAIL
17271.479,1,FAIL,0,0,NO_ORIGIN,0,0,1,1,1,1,0,0.0,,,,,0.0,1591,1524,,0,0,FAIL
17271.53,1,FAIL,0,0,NO_ORIGIN,0,0,1,1,1,1,0,0.0,,,,,0.0,1591,1524,,0,0,FAIL
17271.58,1,FAIL,0,0,NO_ORIGIN,0,0,1,1,1,1,0,0.0,,,,,0.0,1591,1524,,0,0,FAIL
17271.631,1,FAIL,0,0,NO_ORIGIN,0,0,1,1,1,1,0,0.0,,,,,0.0,1591,1524,,0,0,FAIL
17271.681,1,FAIL,0,0,NO_ORIGIN,0,0,1,1,1,1,0,0.0,,,,,0.0,1591,1524,,0,0,FAIL
17271.732,1,FAIL,0,0,NO_ORIGIN,0,0,1,1,1,1,0,0.0,,,,,0.0,1591,1524,,0,0,FAIL
17271.782,1,FAIL,0,0,NO_ORIGIN,0,0,1,1,1,1,0,0.0,,,,,0.0,1591,1524,,0,0,FAIL
17271.832,1,FAIL,0,0,NO_ORIGIN,0,0,1,1,1,1,0,0.0,,,,,0.0,1591,1524,,0,0,FAIL
17271.882,1,FAIL,0,0,NO_ORIGIN,0,0,1,1,1,1,0,0.0,,,,,0.0,1591,1524,,0,0,FAIL
17271.933,1,FAIL,0,0,NO_ORIGIN,0,0,1,1,1,1,0,0.0,,,,,0.0,1591,1524,,0,0,FAIL
17271.983,1,FAIL,0,0,NO_ORIGIN,0,0,1,1,1,1,0,0.0,,,,,0.0,1591,1524,,0,0,FAIL
17272.033,1,FAIL,0,0,NO_ORIGIN,0,0,1,1,1,1,0,0.0,,,,,0.0,1591,1524,,0,0,FAIL
17272.084,1,FAIL,0,0,NO_ORIGIN,0,0,1,1,1,1,0,0.0,,,,,0.0,1591,1524,,0,0,FAIL
17272.134,1,FAIL,0,0,NO_ORIGIN,0,0,1,1,1,1,0,0.0,,,,,0.0,1591,1524,,0,0,FAIL
17272.184,1,FAIL,0,0,NO_ORIGIN,0,0,1,1,1,1,0,0.0,,,,,0.0,1591,1524,,0,0,FAIL
17272.237,1,FAIL,0,0,NO_ORIGIN,0,0,1,1,1,1,0,0.0,,,,,0.0,1591,1524,,0,0,FAIL
17272.287,1,FAIL,0,0,NO_ORIGIN,0,0,1,1,1,1,0,0.0,,,,,0.0,1591,1524,,0,0,FAIL
17272.337,1,FAIL,0,0,NO_ORIGIN,0,0,1,1,1,1,0,0.0,,,,,0.0,1591,1524,,0,0,FAIL
17272.387,1,FAIL,0,0,NO_ORIGIN,0,0,1,1,1,1,0,0.0,,,,,0.0,1591,1524,,0,0,FAIL
17272.437,1,FAIL,0,0,NO_ORIGIN,0,0,1,1,1,1,0,0.0,,,,,0.0,1591,1524,,0,0,FAIL
17272.488,1,FAIL,0,0,NO_ORIGIN,0,0,1,1,1,1,0,0.0,,,,,0.0,1591,1524,,0,0,FAIL
17272.538,1,FAIL,0,0,NO_ORIGIN,0,0,1,1,1,1,0,0.0,,,,,0.0,1591,1524,,0,0,FAIL
17272.588,1,FAIL,0,0,NO_ORIGIN,0,0,1,1,1,1,0,0.0,,,,,0.0,1591,1524,,0,0,FAIL
17272.639,1,FAIL,0,0,NO_ORIGIN,0,0,1,1,1,1,0,0.0,,,,,0.0,1591,1524,,0,0,FAIL
17272.689,1,FAIL,0,0,NO_ORIGIN,0,0,1,1,1,1,0,0.0,,,,,0.0,1591,1524,,0,0,FAIL
17272.739,1,FAIL,0,0,NO_ORIGIN,0,0,1,1,1,1,0,0.0,,,,,0.0,1591,1524,,0,0,FAIL
17272.789,1,FAIL,0,0,NO_ORIGIN,0,0,1,1,1,1,0,0.0,,,,,0.0,1591,1524,,0,0,FAIL
17272.839,1,FAIL,0,0,NO_ORIGIN,0,0,1,1,1,1,0,0.0,,,,,0.0,1591,1524,,0,0,FAIL
17272.89,1,FAIL,0,0,NO_ORIGIN,0,0,1,1,1,1,0,0.0,,,,,0.0,1591,1524,,0,0,FAIL
17272.94,1,FAIL,0,0,NO_ORIGIN,0,0,1,1,1,1,0,0.0,,,,,0.0,1591,1524,,0,0,FAIL
17272.991,1,FAIL,0,0,NO_ORIGIN,0,0,1,1,1,1,0,0.0,,,,,0.0,1591,1524,,0,0,FAIL
17273.041,1,FAIL,0,0,NO_ORIGIN,0,0,1,1,1,1,0,0.0,,,,,0.0,1591,1524,,0,0,FAIL
17273.091,1,FAIL,0,0,NO_ORIGIN,0,0,1,1,1,1,0,0.0,,,,,0.0,1591,1524,,0,0,FAIL
17273.141,1,FAIL,0,0,NO_ORIGIN,0,0,1,1,1,1,0,0.0,,,,,0.0,1591,1524,,0,0,FAIL
17273.191,1,FAIL,0,0,NO_ORIGIN,0,0,1,1,1,1,0,0.0,,,,,0.0,1591,1524,,0,0,FAIL
17273.243,1,FAIL,0,0,NO_ORIGIN,0,0,1,1,1,1,0,0.0,,,,,0.0,1591,1524,,0,0,FAIL
17273.293,1,FAIL,0,0,NO_ORIGIN,0,0,1,1,1,1,0,0.0,,,,,0.0,1591,1524,,0,0,FAIL
17273.345,1,FAIL,0,0,NO_ORIGIN,0,0,1,1,1,1,0,0.0,,,,,0.0,1591,1524,,0,0,FAIL
17273.395,1,FAIL,0,0,NO_ORIGIN,0,0,1,1,1,1,0,0.0,,,,,0.0,1591,1524,,0,0,FAIL
17273.445,1,FAIL,0,0,NO_ORIGIN,0,0,1,1,1,1,0,0.0,,,,,0.0,1591,1524,,0,0,FAIL
17273.495,1,FAIL,0,0,NO_ORIGIN,0,0,1,1,1,1,0,0.0,,,,,0.0,1591,1524,,0,0,FAIL
17273.546,1,FAIL,0,0,NO_ORIGIN,0,0,1,1,1,1,0,0.0,,,,,0.0,1591,1524,,0,0,FAIL
17273.596,1,FAIL,0,0,NO_ORIGIN,0,0,1,1,1,1,0,0.0,,,,,0.0,1591,1524,,0,0,FAIL
17273.647,1,FAIL,0,0,NO_ORIGIN,0,0,1,1,1,1,0,0.0,,,,,0.0,1591,1524,,0,0,FAIL
17273.697,1,FAIL,0,0,NO_ORIGIN,0,0,1,1,1,1,0,0.0,,,,,0.0,1591,1524,,0,0,FAIL
17273.748,1,FAIL,0,0,NO_ORIGIN,0,0,1,1,1,1,0,0.0,,,,,0.0,1591,1524,,0,0,FAIL
17273.798,1,FAIL,0,0,NO_ORIGIN,0,0,1,1,1,1,0,0.0,,,,,0.0,1591,1524,,0,0,FAIL
17273.848,1,FAIL,0,0,NO_ORIGIN,0,0,1,1,1,1,0,0.0,,,,,0.0,1591,1524,,0,0,FAIL
17273.898,1,FAIL,0,0,NO_ORIGIN,0,0,1,1,1,1,0,0.0,,,,,0.0,1591,1524,,0,0,FAIL
17273.949,1,FAIL,0,0,NO_ORIGIN,0,0,1,1,1,1,0,0.0,,,,,0.0,1591,1524,,0,0,FAIL
17273.999,1,FAIL,0,0,NO_ORIGIN,0,0,1,1,1,1,0,0.0,,,,,0.0,1591,1524,,0,0,FAIL
17274.049,1,FAIL,0,0,NO_ORIGIN,0,0,1,1,1,1,0,0.0,,,,,0.0,1591,1524,,0,0,FAIL
17274.099,1,FAIL,0,0,NO_ORIGIN,0,0,1,1,1,1,0,0.0,,,,,0.0,1591,1524,,0,0,FAIL
17274.151,1,FAIL,0,0,NO_ORIGIN,0,0,1,1,1,1,0,0.0,,,,,0.0,1591,1524,,0,0,FAIL
17274.201,1,FAIL,0,0,NO_ORIGIN,0,0,1,1,1,1,0,0.0,,,,,0.0,1591,1524,,0,0,FAIL
17274.251,1,FAIL,0,0,NO_ORIGIN,0,0,1,1,1,1,0,0.0,,,,,0.0,1591,1524,,0,0,FAIL
17274.301,1,FAIL,0,0,NO_ORIGIN,0,0,1,1,1,1,0,0.0,,,,,0.0,1591,1524,,0,0,FAIL
17274.352,1,FAIL,0,0,NO_ORIGIN,0,0,1,1,1,1,0,0.0,,,,,0.0,1591,1524,,0,0,FAIL
17274.402,1,FAIL,0,0,NO_ORIGIN,0,0,1,1,1,1,0,0.0,,,,,0.0,1591,1524,,0,0,FAIL
17274.452,1,FAIL,0,0,NO_ORIGIN,0,0,1,1,1,1,0,0.0,,,,,0.0,1591,1524,,0,0,FAIL
17274.503,1,FAIL,0,0,NO_ORIGIN,0,0,1,1,1,1,0,0.0,,,,,0.0,1591,1524,,0,0,FAIL
17274.553,1,FAIL,0,0,NO_ORIGIN,0,0,1,1,1,1,0,0.0,,,,,0.0,1591,1524,,0,0,FAIL
17274.603,1,FAIL,0,0,NO_ORIGIN,0,0,1,1,1,1,0,0.0,,,,,0.0,1591,1524,,0,0,FAIL
17274.654,1,FAIL,0,0,NO_ORIGIN,0,0,1,1,1,1,0,0.0,,,,,0.0,1591,1524,,0,0,FAIL
17274.704,1,FAIL,0,0,NO_ORIGIN,0,0,1,1,1,1,0,0.0,,,,,0.0,1591,1524,,0,0,FAIL
17274.754,1,FAIL,0,0,NO_ORIGIN,0,0,1,1,1,1,0,0.0,,,,,0.0,1591,1524,,0,0,FAIL
17274.804,1,FAIL,0,0,NO_ORIGIN,0,0,1,1,1,1,0,0.0,,,,,0.0,1591,1524,,0,0,FAIL
17274.854,1,FAIL,0,0,NO_ORIGIN,0,0,1,1,1,1,0,0.0,,,,,0.0,1591,1524,,0,0,FAIL
17274.905,1,FAIL,0,0,NO_ORIGIN,0,0,1,1,1,1,0,0.0,,,,,0.0,1591,1524,,0,0,FAIL
17274.955,1,FAIL,0,0,NO_ORIGIN,0,0,1,1,1,1,0,0.0,,,,,0.0,1591,1524,,0,0,FAIL
17275.005,1,FAIL,0,0,NO_ORIGIN,0,0,1,1,1,1,0,0.0,,,,,0.0,1591,1524,,0,0,FAIL
17275.055,1,FAIL,0,0,NO_ORIGIN,0,0,1,1,1,1,0,0.0,,,,,0.0,1591,1524,,0,0,FAIL
17275.105,1,FAIL,0,0,NO_ORIGIN,0,0,1,1,1,1,0,0.0,,,,,0.0,1591,1524,,0,0,FAIL
17275.156,1,FAIL,0,0,NO_ORIGIN,0,0,1,1,1,1,0,0.0,,,,,0.0,1591,1524,,0,0,FAIL
17275.206,1,FAIL,0,0,NO_ORIGIN,0,0,1,1,1,1,0,0.0,,,,,0.0,1591,1524,,0,0,FAIL
17275.256,1,FAIL,0,0,NO_ORIGIN,0,0,1,1,1,1,0,0.0,,,,,0.0,1591,1524,,0,0,FAIL
17275.306,1,FAIL,0,0,NO_ORIGIN,0,0,1,1,1,1,0,0.0,,,,,0.0,1591,1524,,0,0,FAIL
17275.357,1,FAIL,0,0,NO_ORIGIN,0,0,1,1,1,1,0,0.0,,,,,0.0,1591,1524,,0,0,FAIL
17275.407,1,FAIL,0,0,NO_ORIGIN,0,0,1,1,1,1,0,0.0,,,,,0.0,1591,1524,,0,0,FAIL
17275.458,1,FAIL,0,0,NO_ORIGIN,0,0,1,1,1,1,0,0.0,,,,,0.0,1591,1524,,0,0,FAIL
17275.508,1,FAIL,0,0,NO_ORIGIN,0,0,1,1,1,1,0,0.0,,,,,0.0,1591,1524,,0,0,FAIL
17275.558,1,FAIL,0,0,NO_ORIGIN,0,0,1,1,1,1,0,0.0,,,,,0.0,1591,1524,,0,0,FAIL
17275.612,1,FAIL,0,0,NO_ORIGIN,0,0,1,1,1,1,0,0.0,,,,,0.0,1591,1524,,0,0,FAIL
17275.662,1,FAIL,0,0,NO_ORIGIN,0,0,1,1,1,1,0,0.0,,,,,0.0,1591,1524,,0,0,FAIL
17275.713,1,FAIL,0,0,NO_ORIGIN,0,0,1,1,1,1,0,0.0,,,,,0.0,1591,1524,,0,0,FAIL
17275.763,1,FAIL,0,0,NO_ORIGIN,0,0,1,1,1,1,0,0.0,,,,,0.0,1591,1524,,0,0,FAIL
17275.813,1,FAIL,0,0,NO_ORIGIN,0,0,1,1,1,1,0,0.0,,,,,0.0,1591,1524,,0,0,FAIL
17275.863,1,FAIL,0,0,NO_ORIGIN,0,0,1,1,1,1,0,0.0,,,,,0.0,1591,1524,,0,0,FAIL
17275.913,1,FAIL,0,0,NO_ORIGIN,0,0,1,1,1,1,0,0.0,,,,,0.0,1591,1524,,0,0,FAIL
17275.964,1,FAIL,0,0,NO_ORIGIN,0,0,1,1,1,1,0,0.0,,,,,0.0,1591,1524,,0,0,FAIL
17276.014,1,FAIL,0,0,NO_ORIGIN,0,0,1,1,1,1,0,0.0,,,,,0.0,1591,1524,,0,0,FAIL
17276.067,1,FAIL,0,0,NO_ORIGIN,0,0,1,1,1,1,0,0.0,,,,,0.0,1591,1524,,0,0,FAIL
17276.117,1,FAIL,0,0,NO_ORIGIN,0,0,1,1,1,1,0,0.0,,,,,0.0,1591,1524,,0,0,FAIL
17276.167,1,FAIL,0,0,NO_ORIGIN,0,0,1,1,1,1,0,0.0,,,,,0.0,1591,1524,,0,0,FAIL
17276.217,1,FAIL,0,0,NO_ORIGIN,0,0,1,1,1,1,0,0.0,,,,,0.0,1591,1524,,0,0,FAIL
17276.267,1,FAIL,0,0,NO_ORIGIN,0,0,1,1,1,1,0,0.0,,,,,0.0,1591,1524,,0,0,FAIL
17276.317,1,FAIL,0,0,NO_ORIGIN,0,0,1,1,1,1,0,0.0,,,,,0.0,1591,1524,,0,0,FAIL
17276.368,1,FAIL,0,0,NO_ORIGIN,0,0,1,1,1,1,0,0.0,,,,,0.0,1591,1524,,0,0,FAIL
17276.418,1,FAIL,0,0,NO_ORIGIN,0,0,1,1,1,1,0,0.0,,,,,0.0,1591,1524,,0,0,FAIL
17276.468,1,FAIL,0,0,NO_ORIGIN,0,0,1,1,1,1,0,0.0,,,,,0.0,1591,1524,,0,0,FAIL
17276.518,1,FAIL,0,0,NO_ORIGIN,0,0,1,1,1,1,0,0.0,,,,,0.0,1591,1524,,0,0,FAIL
17276.568,1,FAIL,0,0,NO_ORIGIN,0,0,1,1,1,1,0,0.0,,,,,0.0,1591,1524,,0,0,FAIL
17276.618,1,FAIL,0,0,NO_ORIGIN,0,0,1,1,1,1,0,0.0,,,,,0.0,1591,1524,,0,0,FAIL
17276.67,1,FAIL,0,0,NO_ORIGIN,0,0,1,1,1,1,0,0.0,,,,,0.0,1591,1524,,0,0,FAIL
17276.72,1,FAIL,0,0,NO_ORIGIN,0,0,1,1,1,1,0,0.0,,,,,0.0,1591,1524,,0,0,FAIL
17276.772,1,FAIL,0,0,NO_ORIGIN,0,0,1,1,1,1,0,0.0,,,,,0.0,1591,1524,,0,0,FAIL
17276.822,1,FAIL,0,0,NO_ORIGIN,0,0,1,1,1,1,0,0.0,,,,,0.0,1591,1524,,0,0,FAIL
17276.872,1,FAIL,0,0,NO_ORIGIN,0,0,1,1,1,1,0,0.0,,,,,0.0,1591,1524,,0,0,FAIL
17276.922,1,FAIL,0,0,NO_ORIGIN,0,0,1,1,1,1,0,0.0,,,,,0.0,1591,1524,,0,0,FAIL
17276.974,1,FAIL,0,0,NO_ORIGIN,0,0,1,1,1,1,0,0.0,,,,,0.0,1591,1524,,0,0,FAIL
17277.024,1,FAIL,0,0,NO_ORIGIN,0,0,1,1,1,1,0,0.0,,,,,0.0,1591,1524,,0,0,FAIL
17277.074,1,FAIL,0,0,NO_ORIGIN,0,0,1,1,1,1,0,0.0,,,,,0.0,1591,1524,,0,0,FAIL
17277.124,1,FAIL,0,0,NO_ORIGIN,0,0,1,1,1,1,0,0.0,,,,,0.0,1591,1524,,0,0,FAIL
17277.177,1,FAIL,0,0,NO_ORIGIN,0,0,1,1,1,1,0,0.0,,,,,0.0,1591,1524,,0,0,FAIL
17277.227,1,FAIL,0,0,NO_ORIGIN,0,0,1,1,1,1,0,0.0,,,,,0.0,1591,1524,,0,0,FAIL
17277.279,1,FAIL,0,0,NO_ORIGIN,0,0,1,1,1,1,0,0.0,,,,,0.0,1591,1524,,0,0,FAIL
17277.329,1,FAIL,0,0,NO_ORIGIN,0,0,1,1,1,1,0,0.0,,,,,0.0,1591,1524,,0,0,FAIL
17277.379,1,FAIL,0,0,NO_ORIGIN,0,0,1,1,1,1,0,0.0,,,,,0.0,1591,1524,,0,0,FAIL
17277.429,1,FAIL,0,0,NO_ORIGIN,0,0,1,1,1,1,0,0.0,,,,,0.0,1591,1524,,0,0,FAIL
17277.481,1,FAIL,0,0,NO_ORIGIN,0,0,1,1,1,1,0,0.0,,,,,0.0,1591,1524,,0,0,FAIL
17277.532,1,FAIL,0,0,NO_ORIGIN,0,0,1,1,1,1,0,0.0,,,,,0.0,1591,1524,,0,0,FAIL
17277.582,1,FAIL,0,0,NO_ORIGIN,0,0,1,1,1,1,0,0.0,,,,,0.0,1591,1524,,0,0,FAIL
17277.632,1,FAIL,0,0,NO_ORIGIN,0,0,1,1,1,1,0,0.0,,,,,0.0,1591,1524,,0,0,FAIL
17277.682,1,FAIL,0,0,NO_ORIGIN,0,0,1,1,1,1,0,0.0,,,,,0.0,1591,1524,,0,0,FAIL
17277.733,1,FAIL,0,0,NO_ORIGIN,0,0,1,1,1,1,0,0.0,,,,,0.0,1591,1524,,0,0,FAIL
17277.783,1,FAIL,0,0,NO_ORIGIN,0,0,1,1,1,1,0,0.0,,,,,0.0,1591,1524,,0,0,FAIL
17277.834,1,FAIL,0,0,NO_ORIGIN,0,0,1,1,1,1,0,0.0,,,,,0.0,1591,1524,,0,0,FAIL
17277.884,1,FAIL,0,0,NO_ORIGIN,0,0,1,1,1,1,0,0.0,,,,,0.0,1591,1524,,0,0,FAIL
17277.934,1,FAIL,0,0,NO_ORIGIN,0,0,1,1,1,1,0,0.0,,,,,0.0,1591,1524,,0,0,FAIL
17277.984,1,FAIL,0,0,NO_ORIGIN,0,0,1,1,1,1,0,0.0,,,,,0.0,1591,1524,,0,0,FAIL
17278.034,1,FAIL,0,0,NO_ORIGIN,0,0,1,1,1,1,0,0.0,,,,,0.0,1591,1524,,0,0,FAIL
17278.084,1,FAIL,0,0,NO_ORIGIN,0,0,1,1,1,1,0,0.0,,,,,0.0,1591,1524,,0,0,FAIL
17278.135,1,FAIL,0,0,NO_ORIGIN,0,0,1,1,1,1,0,0.0,,,,,0.0,1591,1524,,0,0,FAIL
17278.185,1,FAIL,0,0,NO_ORIGIN,0,0,1,1,1,1,0,0.0,,,,,0.0,1591,1524,,0,0,FAIL
17278.235,1,FAIL,0,0,NO_ORIGIN,0,0,1,1,1,1,0,0.0,,,,,0.0,1591,1524,,0,0,FAIL
17278.285,1,FAIL,0,0,NO_ORIGIN,0,0,1,1,1,1,0,0.0,,,,,0.0,1591,1524,,0,0,FAIL
17278.335,1,FAIL,0,0,NO_ORIGIN,0,0,1,1,1,1,0,0.0,,,,,0.0,1591,1524,,0,0,FAIL
17278.386,1,FAIL,0,0,NO_ORIGIN,0,0,1,1,1,1,0,0.0,,,,,0.0,1591,1524,,0,0,FAIL
17278.436,1,FAIL,0,0,NO_ORIGIN,0,0,1,1,1,1,0,0.0,,,,,0.0,1591,1524,,0,0,FAIL
17278.486,1,FAIL,0,0,NO_ORIGIN,0,0,1,1,1,1,0,0.0,,,,,0.0,1591,1524,,0,0,FAIL
17278.536,1,FAIL,0,0,NO_ORIGIN,0,0,1,1,1,1,0,0.0,,,,,0.0,1591,1524,,0,0,FAIL
17278.586,1,FAIL,0,0,NO_ORIGIN,0,0,1,1,1,1,0,0.0,,,,,0.0,1591,1524,,0,0,FAIL
17278.636,1,FAIL,0,0,NO_ORIGIN,0,0,1,1,1,1,0,0.0,,,,,0.0,1591,1524,,0,0,FAIL
17278.687,1,FAIL,0,0,NO_ORIGIN,0,0,1,1,1,1,0,0.0,,,,,0.0,1591,1524,,0,0,FAIL
17278.737,1,FAIL,0,0,NO_ORIGIN,0,0,1,1,1,1,0,0.0,,,,,0.0,1591,1524,,0,0,FAIL
17278.787,1,FAIL,0,0,NO_ORIGIN,0,0,1,1,1,1,0,0.0,,,,,0.0,1591,1524,,0,0,FAIL
17278.837,1,FAIL,0,0,NO_ORIGIN,0,0,1,1,1,1,0,0.0,,,,,0.0,1591,1524,,0,0,FAIL
17278.888,1,FAIL,0,0,NO_ORIGIN,0,0,1,1,1,1,0,0.0,,,,,0.0,1591,1524,,0,0,FAIL
17278.938,1,FAIL,0,0,NO_ORIGIN,0,0,1,1,1,1,0,0.0,,,,,0.0,1591,1524,,0,0,FAIL
17278.988,1,FAIL,0,0,NO_ORIGIN,0,0,1,1,1,1,0,0.0,,,,,0.0,1591,1524,,0,0,FAIL
17279.038,1,FAIL,0,0,NO_ORIGIN,0,0,1,1,1,1,0,0.0,,,,,0.0,1591,1524,,0,0,FAIL
17279.089,1,FAIL,0,0,NO_ORIGIN,0,0,1,1,1,1,0,0.0,,,,,0.0,1591,1524,,0,0,FAIL
17279.139,1,FAIL,0,0,NO_ORIGIN,0,0,1,1,1,1,0,0.0,,,,,0.0,1591,1524,,0,0,FAIL
17279.189,1,FAIL,0,0,NO_ORIGIN,0,0,1,1,1,1,0,0.0,,,,,0.0,1591,1524,,0,0,FAIL
17279.239,1,FAIL,0,0,NO_ORIGIN,0,0,1,1,1,1,0,0.0,,,,,0.0,1591,1524,,0,0,FAIL
17279.29,1,FAIL,0,0,NO_ORIGIN,0,0,1,1,1,1,0,0.0,,,,,0.0,1591,1524,,0,0,FAIL
17279.34,1,FAIL,0,0,NO_ORIGIN,0,0,1,1,1,1,0,0.0,,,,,0.0,1591,1524,,0,0,FAIL
17279.391,1,FAIL,0,0,NO_ORIGIN,0,0,1,1,1,1,0,0.0,,,,,0.0,1591,1524,,0,0,FAIL
17279.441,1,FAIL,0,0,NO_ORIGIN,0,0,1,1,1,1,0,0.0,,,,,0.0,1591,1524,,0,0,FAIL
17279.491,1,FAIL,0,0,NO_ORIGIN,0,0,1,1,1,1,0,0.0,,,,,0.0,1591,1524,,0,0,FAIL
17279.541,1,FAIL,0,0,NO_ORIGIN,0,0,1,1,1,1,0,0.0,,,,,0.0,1591,1524,,0,0,FAIL
17279.591,1,FAIL,0,0,NO_ORIGIN,0,0,1,1,1,1,0,0.0,,,,,0.0,1591,1524,,0,0,FAIL
17279.642,1,FAIL,0,0,NO_ORIGIN,0,0,1,1,1,1,0,0.0,,,,,0.0,1591,1524,,0,0,FAIL
17279.692,1,FAIL,0,0,NO_ORIGIN,0,0,1,1,1,1,0,0.0,,,,,0.0,1591,1524,,0,0,FAIL
17279.742,1,FAIL,0,0,NO_ORIGIN,0,0,1,1,1,1,0,0.0,,,,,0.0,1591,1524,,0,0,FAIL
17279.793,1,FAIL,0,0,NO_ORIGIN,0,0,1,1,1,1,0,0.0,,,,,0.0,1591,1524,,0,0,FAIL
17279.843,1,FAIL,0,0,NO_ORIGIN,0,0,1,1,1,1,0,0.0,,,,,0.0,1591,1524,,0,0,FAIL
17279.894,1,FAIL,0,0,NO_ORIGIN,0,0,1,1,1,1,0,0.0,,,,,0.0,1591,1524,,0,0,FAIL
17279.944,1,FAIL,0,0,NO_ORIGIN,0,0,1,1,1,1,0,0.0,,,,,0.0,1591,1524,,0,0,FAIL
17279.995,1,FAIL,0,0,NO_ORIGIN,0,0,1,1,1,1,0,0.0,,,,,0.0,1591,1524,,0,0,FAIL
17280.045,1,FAIL,0,0,NO_ORIGIN,0,0,1,1,1,1,0,0.0,,,,,0.0,1591,1524,,0,0,FAIL
17280.095,1,FAIL,0,0,NO_ORIGIN,0,0,1,1,1,1,0,0.0,,,,,0.0,1591,1524,,0,0,FAIL
17280.145,1,FAIL,0,0,NO_ORIGIN,0,0,1,1,1,1,0,0.0,,,,,0.0,1591,1524,,0,0,FAIL
17280.196,1,FAIL,0,0,NO_ORIGIN,0,0,1,1,1,1,0,0.0,,,,,0.0,1591,1524,,0,0,FAIL
17280.246,1,FAIL,0,0,NO_ORIGIN,0,0,1,1,1,1,0,0.0,,,,,0.0,1591,1524,,0,0,FAIL
17280.297,1,FAIL,0,0,NO_ORIGIN,0,0,1,1,1,1,0,0.0,,,,,0.0,1591,1524,,0,0,FAIL
17280.347,1,FAIL,0,0,NO_ORIGIN,0,0,1,1,1,1,0,0.0,,,,,0.0,1591,1524,,0,0,FAIL
17280.397,1,FAIL,0,0,NO_ORIGIN,0,0,1,1,1,1,0,0.0,,,,,0.0,1591,1524,,0,0,FAIL
17280.447,1,FAIL,0,0,NO_ORIGIN,0,0,1,1,1,1,0,0.0,,,,,0.0,1591,1524,,0,0,FAIL
17280.498,1,FAIL,0,0,NO_ORIGIN,0,0,1,1,1,1,0,0.0,,,,,0.0,1591,1524,,0,0,FAIL
17280.549,1,FAIL,0,0,NO_ORIGIN,0,0,1,1,1,1,0,0.0,,,,,0.0,1591,1524,,0,0,FAIL
17280.599,1,FAIL,0,0,NO_ORIGIN,0,0,1,1,1,1,0,0.0,,,,,0.0,1591,1524,,0,0,FAIL
17280.649,1,FAIL,0,0,NO_ORIGIN,0,0,1,1,1,1,0,0.0,,,,,0.0,1591,1524,,0,0,FAIL
17280.699,1,FAIL,0,0,NO_ORIGIN,0,0,1,1,1,1,0,0.0,,,,,0.0,1591,1524,,0,0,FAIL
17280.749,1,FAIL,0,0,NO_ORIGIN,0,0,1,1,1,1,0,0.0,,,,,0.0,1591,1524,,0,0,FAIL
17280.799,1,FAIL,0,0,NO_ORIGIN,0,0,1,1,1,1,0,0.0,,,,,0.0,1591,1524,,0,0,FAIL
17280.85,1,FAIL,0,0,NO_ORIGIN,0,0,1,1,1,1,0,0.0,,,,,0.0,1591,1524,,0,0,FAIL
17280.9,1,FAIL,0,0,NO_ORIGIN,0,0,1,1,1,1,0,0.0,,,,,0.0,1591,1524,,0,0,FAIL
17280.95,1,FAIL,0,0,NO_ORIGIN,0,0,1,1,1,1,0,0.0,,,,,0.0,1591,1524,,0,0,FAIL
17281.0,1,FAIL,0,0,NO_ORIGIN,0,0,1,1,1,1,0,0.0,,,,,0.0,1591,1524,,0,0,FAIL
17281.051,1,FAIL,0,0,NO_ORIGIN,0,0,1,1,1,1,0,0.0,,,,,0.0,1591,1524,,0,0,FAIL
17281.101,1,FAIL,0,0,NO_ORIGIN,0,0,1,1,1,1,0,0.0,,,,,0.0,1591,1524,,0,0,FAIL
17281.151,1,FAIL,0,0,NO_ORIGIN,0,0,1,1,1,1,0,0.0,,,,,0.0,1591,1524,,0,0,FAIL
17281.201,1,FAIL,0,0,NO_ORIGIN,0,0,1,1,1,1,0,0.0,,,,,0.0,1591,1524,,0,0,FAIL
17281.251,1,FAIL,0,0,NO_ORIGIN,0,0,1,1,1,1,0,0.0,,,,,0.0,1591,1524,,0,0,FAIL
17281.302,1,FAIL,0,0,NO_ORIGIN,0,0,1,1,1,1,0,0.0,,,,,0.0,1591,1524,,0,0,FAIL
17281.352,1,FAIL,0,0,NO_ORIGIN,0,0,1,1,1,1,0,0.0,,,,,0.0,1591,1524,,0,0,FAIL
17281.403,1,FAIL,0,0,NO_ORIGIN,0,0,1,1,1,1,0,0.0,,,,,0.0,1591,1524,,0,0,FAIL
17281.453,1,FAIL,0,0,NO_ORIGIN,0,0,1,1,1,1,0,0.0,,,,,0.0,1591,1524,,0,0,FAIL
17281.503,1,FAIL,0,0,NO_ORIGIN,0,0,1,1,1,1,0,0.0,,,,,0.0,1591,1524,,0,0,FAIL
17281.554,1,FAIL,0,0,NO_ORIGIN,0,0,1,1,1,1,0,0.0,,,,,0.0,1591,1524,,0,0,FAIL
17281.604,1,FAIL,0,0,NO_ORIGIN,0,0,1,1,1,1,0,0.0,,,,,0.0,1591,1524,,0,0,FAIL
17281.654,1,FAIL,0,0,NO_ORIGIN,0,0,1,1,1,1,0,0.0,,,,,0.0,1591,1524,,0,0,FAIL
17281.704,1,FAIL,0,0,NO_ORIGIN,0,0,1,1,1,1,0,0.0,,,,,0.0,1591,1524,,0,0,FAIL
17281.755,1,FAIL,0,0,NO_ORIGIN,0,0,1,1,1,1,0,0.0,,,,,0.0,1591,1524,,0,0,FAIL
17281.805,1,FAIL,0,0,NO_ORIGIN,0,0,1,1,1,1,0,0.0,,,,,0.0,1591,1524,,0,0,FAIL
17281.855,1,FAIL,0,0,NO_ORIGIN,0,0,1,1,1,1,0,0.0,,,,,0.0,1591,1524,,0,0,FAIL
17281.905,1,FAIL,0,0,NO_ORIGIN,0,0,1,1,1,1,0,0.0,,,,,0.0,1591,1524,,0,0,FAIL
17281.955,1,FAIL,0,0,NO_ORIGIN,0,0,1,1,1,1,0,0.0,,,,,0.0,1591,1524,,0,0,FAIL
17282.006,1,FAIL,0,0,NO_ORIGIN,0,0,1,1,1,1,0,0.0,,,,,0.0,1591,1524,,0,0,FAIL
17282.056,1,FAIL,0,0,NO_ORIGIN,0,0,1,1,1,1,0,0.0,,,,,0.0,1591,1524,,0,0,FAIL
17282.106,1,FAIL,0,0,NO_ORIGIN,0,0,1,1,1,1,0,0.0,,,,,0.0,1591,1524,,0,0,FAIL
17282.157,1,FAIL,0,0,NO_ORIGIN,0,0,1,1,1,1,0,0.0,,,,,0.0,1591,1524,,0,0,FAIL
17282.207,1,FAIL,0,0,NO_ORIGIN,0,0,1,1,1,1,0,0.0,,,,,0.0,1591,1524,,0,0,FAIL
17282.257,1,FAIL,0,0,NO_ORIGIN,0,0,1,1,1,1,0,0.0,,,,,0.0,1591,1524,,0,0,FAIL
17282.308,1,FAIL,0,0,NO_ORIGIN,0,0,1,1,1,1,0,0.0,,,,,0.0,1591,1524,,0,0,FAIL
17282.358,1,FAIL,0,0,NO_ORIGIN,0,0,1,1,1,1,0,0.0,,,,,0.0,1591,1524,,0,0,FAIL
17282.409,1,FAIL,0,0,NO_ORIGIN,0,0,1,1,1,1,0,0.0,,,,,0.0,1591,1524,,0,0,FAIL
17282.459,1,FAIL,0,0,NO_ORIGIN,0,0,1,1,1,1,0,0.0,,,,,0.0,1591,1524,,0,0,FAIL
17282.509,1,FAIL,0,0,NO_ORIGIN,0,0,1,1,1,1,0,0.0,,,,,0.0,1591,1524,,0,0,FAIL
17282.559,1,FAIL,0,0,NO_ORIGIN,0,0,1,1,1,1,0,0.0,,,,,0.0,1591,1524,,0,0,FAIL
17282.61,1,FAIL,0,0,NO_ORIGIN,0,0,1,1,1,1,0,0.0,,,,,0.0,1591,1524,,0,0,FAIL
17282.66,1,FAIL,0,0,NO_ORIGIN,0,0,1,1,1,1,0,0.0,,,,,0.0,1591,1524,,0,0,FAIL
17282.711,1,FAIL,0,0,NO_ORIGIN,0,0,1,1,1,1,0,0.0,,,,,0.0,1591,1524,,0,0,FAIL
17282.761,1,FAIL,0,0,NO_ORIGIN,0,0,1,1,1,1,0,0.0,,,,,0.0,1591,1524,,0,0,FAIL
17282.811,1,FAIL,0,0,NO_ORIGIN,0,0,1,1,1,1,0,0.0,,,,,0.0,1591,1524,,0,0,FAIL
17282.861,1,FAIL,0,0,NO_ORIGIN,0,0,1,1,1,1,0,0.0,,,,,0.0,1591,1524,,0,0,FAIL
17282.911,1,FAIL,0,0,NO_ORIGIN,0,0,1,1,1,1,0,0.0,,,,,0.0,1591,1524,,0,0,FAIL
17282.961,1,FAIL,0,0,NO_ORIGIN,0,0,1,1,1,1,0,0.0,,,,,0.0,1591,1524,,0,0,FAIL
17283.013,1,FAIL,0,0,NO_ORIGIN,0,0,1,1,1,1,0,0.0,,,,,0.0,1591,1524,,0,0,FAIL
17283.063,1,FAIL,0,0,NO_ORIGIN,0,0,1,1,1,1,0,0.0,,,,,0.0,1591,1524,,0,0,FAIL
17283.113,1,FAIL,0,0,NO_ORIGIN,0,0,1,1,1,1,0,0.0,,,,,0.0,1591,1524,,0,0,FAIL
17283.163,1,FAIL,0,0,NO_ORIGIN,0,0,1,1,1,1,0,0.0,,,,,0.0,1591,1524,,0,0,FAIL
17283.214,1,FAIL,0,0,NO_ORIGIN,0,0,1,1,1,1,0,0.0,,,,,0.0,1591,1524,,0,0,FAIL
17283.265,1,FAIL,0,0,NO_ORIGIN,0,0,1,1,1,1,0,0.0,,,,,0.0,1591,1524,,0,0,FAIL
17283.315,1,FAIL,0,0,NO_ORIGIN,0,0,1,1,1,1,0,0.0,,,,,0.0,1591,1524,,0,0,FAIL
17283.365,1,FAIL,0,0,NO_ORIGIN,0,0,1,1,1,1,0,0.0,,,,,0.0,1591,1524,,0,0,FAIL
17283.415,1,FAIL,0,0,NO_ORIGIN,0,0,1,1,1,1,0,0.0,,,,,0.0,1591,1524,,0,0,FAIL
17283.466,1,FAIL,0,0,NO_ORIGIN,0,0,1,1,1,1,0,0.0,,,,,0.0,1591,1524,,0,0,FAIL
17283.516,1,FAIL,0,0,NO_ORIGIN,0,0,1,1,1,1,0,0.0,,,,,0.0,1591,1524,,0,0,FAIL
17283.566,1,FAIL,0,0,NO_ORIGIN,0,0,1,1,1,1,0,0.0,,,,,0.0,1591,1524,,0,0,FAIL
17283.62,1,FAIL,0,0,NO_ORIGIN,0,0,1,1,1,1,0,0.0,,,,,0.0,1591,1524,,0,0,FAIL
17283.67,1,FAIL,0,0,NO_ORIGIN,0,0,1,1,1,1,0,0.0,,,,,0.0,1591,1524,,0,0,FAIL
17283.722,1,FAIL,0,0,NO_ORIGIN,0,0,1,1,1,1,0,0.0,,,,,0.0,1591,1524,,0,0,FAIL
17283.772,1,FAIL,0,0,NO_ORIGIN,0,0,1,1,1,1,0,0.0,,,,,0.0,1591,1524,,0,0,FAIL
17283.823,1,FAIL,0,0,NO_ORIGIN,0,0,1,1,1,1,0,0.0,,,,,0.0,1591,1524,,0,0,FAIL
17283.873,1,FAIL,0,0,NO_ORIGIN,0,0,1,1,1,1,0,0.0,,,,,0.0,1591,1524,,0,0,FAIL
17283.925,1,FAIL,0,0,NO_ORIGIN,0,0,1,1,1,1,0,0.0,,,,,0.0,1591,1524,,0,0,FAIL
17283.975,1,FAIL,0,0,NO_ORIGIN,0,0,1,1,1,1,0,0.0,,,,,0.0,1591,1524,,0,0,FAIL
17284.026,1,FAIL,0,0,NO_ORIGIN,0,0,1,1,1,1,0,0.0,,,,,0.0,1591,1524,,0,0,FAIL
17284.076,1,FAIL,0,0,NO_ORIGIN,0,0,1,1,1,1,0,0.0,,,,,0.0,1591,1524,,0,0,FAIL
17284.128,1,FAIL,0,0,NO_ORIGIN,0,0,1,1,1,1,0,0.0,,,,,0.0,1591,1524,,0,0,FAIL
17284.179,1,FAIL,0,0,NO_ORIGIN,0,0,1,1,1,1,0,0.0,,,,,0.0,1591,1524,,0,0,FAIL
17284.23,1,FAIL,0,0,NO_ORIGIN,0,0,1,1,1,1,0,0.0,,,,,0.0,1591,1524,,0,0,FAIL
17284.28,1,FAIL,0,0,NO_ORIGIN,0,0,1,1,1,1,0,0.0,,,,,0.0,1591,1524,,0,0,FAIL
17284.33,1,FAIL,0,0,NO_ORIGIN,0,0,1,1,1,1,0,0.0,,,,,0.0,1591,1524,,0,0,FAIL
17284.38,1,FAIL,0,0,NO_ORIGIN,0,0,1,1,1,1,0,0.0,,,,,0.0,1591,1524,,0,0,FAIL
17284.43,1,FAIL,0,0,NO_ORIGIN,0,0,1,1,1,1,0,0.0,,,,,0.0,1591,1524,,0,0,FAIL
17284.481,1,FAIL,0,0,NO_ORIGIN,0,0,1,1,1,1,0,0.0,,,,,0.0,1591,1524,,0,0,FAIL
17284.531,1,FAIL,0,0,NO_ORIGIN,0,0,1,1,1,1,0,0.0,,,,,0.0,1591,1524,,0,0,FAIL
17284.581,1,FAIL,0,0,NO_ORIGIN,0,0,1,1,1,1,0,0.0,,,,,0.0,1591,1524,,0,0,FAIL
17284.631,1,FAIL,0,0,NO_ORIGIN,0,0,1,1,1,1,0,0.0,,,,,0.0,1591,1524,,0,0,FAIL
17284.681,1,FAIL,0,0,NO_ORIGIN,0,0,1,1,1,1,0,0.0,,,,,0.0,1591,1524,,0,0,FAIL
17284.731,1,FAIL,0,0,NO_ORIGIN,0,0,1,1,1,1,0,0.0,,,,,0.0,1591,1524,,0,0,FAIL
17284.781,1,FAIL,0,0,NO_ORIGIN,0,0,1,1,1,1,0,0.0,,,,,0.0,1591,1524,,0,0,FAIL
17284.832,1,FAIL,0,0,NO_ORIGIN,0,0,1,1,1,1,0,0.0,,,,,0.0,1591,1524,,0,0,FAIL
17284.882,1,FAIL,0,0,NO_ORIGIN,0,0,1,1,1,1,0,0.0,,,,,0.0,1591,1524,,0,0,FAIL
17284.932,1,FAIL,0,0,NO_ORIGIN,0,0,1,1,1,1,0,0.0,,,,,0.0,1591,1524,,0,0,FAIL
17284.982,1,FAIL,0,0,NO_ORIGIN,0,0,1,1,1,1,0,0.0,,,,,0.0,1591,1524,,0,0,FAIL
17285.032,1,FAIL,0,0,NO_ORIGIN,0,0,1,1,1,1,0,0.0,,,,,0.0,1591,1524,,0,0,FAIL
17285.082,1,FAIL,0,0,NO_ORIGIN,0,0,1,1,1,1,0,0.0,,,,,0.0,1591,1524,,0,0,FAIL
17285.133,1,FAIL,0,0,NO_ORIGIN,0,0,1,1,1,1,0,0.0,,,,,0.0,1591,1524,,0,0,FAIL
17285.183,1,FAIL,0,0,NO_ORIGIN,0,0,1,1,1,1,0,0.0,,,,,0.0,1591,1524,,0,0,FAIL
17285.233,1,FAIL,0,0,NO_ORIGIN,0,0,1,1,1,1,0,0.0,,,,,0.0,1591,1524,,0,0,FAIL
17285.283,1,FAIL,0,0,NO_ORIGIN,0,0,1,1,1,1,0,0.0,,,,,0.0,1591,1524,,0,0,FAIL
17285.333,1,FAIL,0,0,NO_ORIGIN,0,0,1,1,1,1,0,0.0,,,,,0.0,1591,1524,,0,0,FAIL
17285.383,1,FAIL,0,0,NO_ORIGIN,0,0,1,1,1,1,0,0.0,,,,,0.0,1591,1524,,0,0,FAIL
17285.433,1,FAIL,0,0,NO_ORIGIN,0,0,1,1,1,1,0,0.0,,,,,0.0,1591,1524,,0,0,FAIL
17285.484,1,FAIL,0,0,NO_ORIGIN,0,0,1,1,1,1,0,0.0,,,,,0.0,1591,1524,,0,0,FAIL
17285.534,1,FAIL,0,0,NO_ORIGIN,0,0,1,1,1,1,0,0.0,,,,,0.0,1591,1524,,0,0,FAIL
17285.584,1,FAIL,0,0,NO_ORIGIN,0,0,1,1,1,1,0,0.0,,,,,0.0,1591,1524,,0,0,FAIL
17285.634,1,FAIL,0,0,NO_ORIGIN,0,0,1,1,1,1,0,0.0,,,,,0.0,1591,1524,,0,0,FAIL
17285.684,1,FAIL,0,0,NO_ORIGIN,0,0,1,1,1,1,0,0.0,,,,,0.0,1591,1524,,0,0,FAIL
17285.734,1,FAIL,0,0,NO_ORIGIN,0,0,1,1,1,1,0,0.0,,,,,0.0,1591,1524,,0,0,FAIL
17285.785,1,FAIL,0,0,NO_ORIGIN,0,0,1,1,1,1,0,0.0,,,,,0.0,1591,1524,,0,0,FAIL
17285.835,1,FAIL,0,0,NO_ORIGIN,0,0,1,1,1,1,0,0.0,,,,,0.0,1591,1524,,0,0,FAIL
17285.885,1,FAIL,0,0,NO_ORIGIN,0,0,1,1,1,1,0,0.0,,,,,0.0,1591,1524,,0,0,FAIL
17285.935,1,FAIL,0,0,NO_ORIGIN,0,0,1,1,1,1,0,0.0,,,,,0.0,1591,1524,,0,0,FAIL
17285.985,1,FAIL,0,0,NO_ORIGIN,0,0,1,1,1,1,0,0.0,,,,,0.0,1591,1524,,0,0,FAIL
17286.035,1,FAIL,0,0,NO_ORIGIN,0,0,1,1,1,1,0,0.0,,,,,0.0,1591,1524,,0,0,FAIL
17286.085,1,FAIL,0,0,NO_ORIGIN,0,0,1,1,1,1,0,0.0,,,,,0.0,1591,1524,,0,0,FAIL
17286.136,1,FAIL,0,0,NO_ORIGIN,0,0,1,1,1,1,0,0.0,,,,,0.0,1591,1524,,0,0,FAIL
17286.186,1,FAIL,0,0,NO_ORIGIN,0,0,1,1,1,1,0,0.0,,,,,0.0,1591,1524,,0,0,FAIL
17286.236,1,FAIL,0,0,NO_ORIGIN,0,0,1,1,1,1,0,0.0,,,,,0.0,1591,1524,,0,0,FAIL
17286.286,1,FAIL,0,0,NO_ORIGIN,0,0,1,1,1,1,0,0.0,,,,,0.0,1591,1524,,0,0,FAIL
17286.336,1,FAIL,0,0,NO_ORIGIN,0,0,1,1,1,1,0,0.0,,,,,0.0,1591,1524,,0,0,FAIL
17286.387,1,FAIL,0,0,NO_ORIGIN,0,0,1,1,1,1,0,0.0,,,,,0.0,1591,1524,,0,0,FAIL
17286.437,1,FAIL,0,0,NO_ORIGIN,0,0,1,1,1,1,0,0.0,,,,,0.0,1591,1524,,0,0,FAIL
17286.487,1,FAIL,0,0,NO_ORIGIN,0,0,1,1,1,1,0,0.0,,,,,0.0,1591,1524,,0,0,FAIL
17286.537,1,FAIL,0,0,NO_ORIGIN,0,0,1,1,1,1,0,0.0,,,,,0.0,1591,1524,,0,0,FAIL
17286.587,1,FAIL,0,0,NO_ORIGIN,0,0,1,1,1,1,0,0.0,,,,,0.0,1591,1524,,0,0,FAIL
17286.637,1,FAIL,0,0,NO_ORIGIN,0,0,1,1,1,1,0,0.0,,,,,0.0,1591,1524,,0,0,FAIL
17286.688,1,FAIL,0,0,NO_ORIGIN,0,0,1,1,1,1,0,0.0,,,,,0.0,1591,1524,,0,0,FAIL
17286.738,1,FAIL,0,0,NO_ORIGIN,0,0,1,1,1,1,0,0.0,,,,,0.0,1591,1524,,0,0,FAIL
17286.788,1,FAIL,0,0,NO_ORIGIN,0,0,1,1,1,1,0,0.0,,,,,0.0,1591,1524,,0,0,FAIL
17286.838,1,FAIL,0,0,NO_ORIGIN,0,0,1,1,1,1,0,0.0,,,,,0.0,1591,1524,,0,0,FAIL
17286.888,1,FAIL,0,0,NO_ORIGIN,0,0,1,1,1,1,0,0.0,,,,,0.0,1591,1524,,0,0,FAIL
17286.939,1,FAIL,0,0,NO_ORIGIN,0,0,1,1,1,1,0,0.0,,,,,0.0,1591,1524,,0,0,FAIL
17286.989,1,FAIL,0,0,NO_ORIGIN,0,0,1,1,1,1,0,0.0,,,,,0.0,1591,1524,,0,0,FAIL
17287.039,1,FAIL,0,0,NO_ORIGIN,0,0,1,1,1,1,0,0.0,,,,,0.0,1591,1524,,0,0,FAIL
17287.089,1,FAIL,0,0,NO_ORIGIN,0,0,1,1,1,1,0,0.0,,,,,0.0,1591,1524,,0,0,FAIL
17287.14,1,FAIL,0,0,NO_ORIGIN,0,0,1,1,1,1,0,0.0,,,,,0.0,1591,1524,,0,0,FAIL
17287.19,1,FAIL,0,0,NO_ORIGIN,0,0,1,1,1,1,0,0.0,,,,,0.0,1591,1524,,0,0,FAIL
17287.24,1,FAIL,0,0,NO_ORIGIN,0,0,1,1,1,1,0,0.0,,,,,0.0,1591,1524,,0,0,FAIL
17287.29,1,FAIL,0,0,NO_ORIGIN,0,0,1,1,1,1,0,0.0,,,,,0.0,1591,1524,,0,0,FAIL
17287.34,1,FAIL,0,0,NO_ORIGIN,0,0,1,1,1,1,0,0.0,,,,,0.0,1591,1524,,0,0,FAIL
17287.39,1,FAIL,0,0,NO_ORIGIN,0,0,1,1,1,1,0,0.0,,,,,0.0,1591,1524,,0,0,FAIL
17287.441,1,FAIL,0,0,NO_ORIGIN,0,0,1,1,1,1,0,0.0,,,,,0.0,1591,1524,,0,0,FAIL
17287.491,1,FAIL,0,0,NO_ORIGIN,0,0,1,1,1,1,0,0.0,,,,,0.0,1591,1524,,0,0,FAIL
17287.541,1,FAIL,0,0,NO_ORIGIN,0,0,1,1,1,1,0,0.0,,,,,0.0,1591,1524,,0,0,FAIL
17287.591,1,FAIL,0,0,NO_ORIGIN,0,0,1,1,1,1,0,0.0,,,,,0.0,1591,1524,,0,0,FAIL
17287.642,1,FAIL,0,0,NO_ORIGIN,0,0,1,1,1,1,0,0.0,,,,,0.0,1591,1524,,0,0,FAIL
17287.692,1,FAIL,0,0,NO_ORIGIN,0,0,1,1,1,1,0,0.0,,,,,0.0,1591,1524,,0,0,FAIL
17287.744,1,FAIL,0,0,NO_ORIGIN,0,0,1,1,1,1,0,0.0,,,,,0.0,1591,1524,,0,0,FAIL
17287.794,1,FAIL,0,0,NO_ORIGIN,0,0,1,1,1,1,0,0.0,,,,,0.0,1591,1524,,0,0,FAIL
17287.844,1,FAIL,0,0,NO_ORIGIN,0,0,1,1,1,1,0,0.0,,,,,0.0,1591,1524,,0,0,FAIL
17287.895,1,FAIL,0,0,NO_ORIGIN,0,0,1,1,1,1,0,0.0,,,,,0.0,1591,1524,,0,0,FAIL
17287.945,1,FAIL,0,0,NO_ORIGIN,0,0,1,1,1,1,0,0.0,,,,,0.0,1591,1524,,0,0,FAIL
17287.995,1,FAIL,0,0,NO_ORIGIN,0,0,1,1,1,1,0,0.0,,,,,0.0,1591,1524,,0,0,FAIL
17288.045,1,FAIL,0,0,NO_ORIGIN,0,0,1,1,1,1,0,0.0,,,,,0.0,1591,1524,,0,0,FAIL
17288.095,1,FAIL,0,0,NO_ORIGIN,0,0,1,1,1,1,0,0.0,,,,,0.0,1591,1524,,0,0,FAIL
17288.145,1,FAIL,0,0,NO_ORIGIN,0,0,1,1,1,1,0,0.0,,,,,0.0,1591,1524,,0,0,FAIL
17288.195,1,FAIL,0,0,NO_ORIGIN,0,0,1,1,1,1,0,0.0,,,,,0.0,1591,1524,,0,0,FAIL
17288.246,1,FAIL,0,0,NO_ORIGIN,0,0,1,1,1,1,0,0.0,,,,,0.0,1591,1524,,0,0,FAIL
17288.296,1,FAIL,0,0,NO_ORIGIN,0,0,1,1,1,1,0,0.0,,,,,0.0,1591,1524,,0,0,FAIL
17288.347,1,FAIL,0,0,NO_ORIGIN,0,0,1,1,1,1,0,0.0,,,,,0.0,1591,1524,,0,0,FAIL
17288.397,1,FAIL,0,0,NO_ORIGIN,0,0,1,1,1,1,0,0.0,,,,,0.0,1591,1524,,0,0,FAIL
17288.447,1,FAIL,0,0,NO_ORIGIN,0,0,1,1,1,1,0,0.0,,,,,0.0,1591,1524,,0,0,FAIL
17288.497,1,FAIL,0,0,NO_ORIGIN,0,0,1,1,1,1,0,0.0,,,,,0.0,1591,1524,,0,0,FAIL
17288.547,1,FAIL,0,0,NO_ORIGIN,0,0,1,1,1,1,0,0.0,,,,,0.0,1591,1524,,0,0,FAIL
17288.597,1,FAIL,0,0,NO_ORIGIN,0,0,1,1,1,1,0,0.0,,,,,0.0,1591,1524,,0,0,FAIL
17288.648,1,FAIL,0,0,NO_ORIGIN,0,0,1,1,1,1,0,0.0,,,,,0.0,1591,1524,,0,0,FAIL
17288.698,1,FAIL,0,0,NO_ORIGIN,0,0,1,1,1,1,0,0.0,,,,,0.0,1591,1524,,0,0,FAIL
17288.748,1,FAIL,0,0,NO_ORIGIN,0,0,1,1,1,1,0,0.0,,,,,0.0,1591,1524,,0,0,FAIL
17288.798,1,FAIL,0,0,NO_ORIGIN,0,0,1,1,1,1,0,0.0,,,,,0.0,1591,1524,,0,0,FAIL
17288.848,1,FAIL,0,0,NO_ORIGIN,0,0,1,1,1,1,0,0.0,,,,,0.0,1591,1524,,0,0,FAIL
17288.898,1,FAIL,0,0,NO_ORIGIN,0,0,1,1,1,1,0,0.0,,,,,0.0,1591,1524,,0,0,FAIL
17288.949,1,FAIL,0,0,NO_ORIGIN,0,0,1,1,1,1,0,0.0,,,,,0.0,1591,1524,,0,0,FAIL
17288.999,1,FAIL,0,0,NO_ORIGIN,0,0,1,1,1,1,0,0.0,,,,,0.0,1591,1524,,0,0,FAIL
17289.049,1,FAIL,0,0,NO_ORIGIN,0,0,1,1,1,1,0,0.0,,,,,0.0,1591,1524,,0,0,FAIL
17289.099,1,FAIL,0,0,NO_ORIGIN,0,0,1,1,1,1,0,0.0,,,,,0.0,1591,1524,,0,0,FAIL
17289.149,1,FAIL,0,0,NO_ORIGIN,0,0,1,1,1,1,0,0.0,,,,,0.0,1591,1524,,0,0,FAIL
17289.2,1,FAIL,0,0,NO_ORIGIN,0,0,1,1,1,1,0,0.0,,,,,0.0,1591,1524,,0,0,FAIL
17289.25,1,FAIL,0,0,NO_ORIGIN,0,0,1,1,1,1,0,0.0,,,,,0.0,1591,1524,,0,0,FAIL
17289.3,1,FAIL,0,0,NO_ORIGIN,0,0,1,1,1,1,0,0.0,,,,,0.0,1591,1524,,0,0,FAIL
17289.353,1,FAIL,0,0,NO_ORIGIN,0,0,1,1,1,1,0,0.0,,,,,0.0,1591,1524,,0,0,FAIL
17289.403,1,FAIL,0,0,NO_ORIGIN,0,0,1,1,1,1,0,0.0,,,,,0.0,1591,1524,,0,0,FAIL
17289.453,1,FAIL,0,0,NO_ORIGIN,0,0,1,1,1,1,0,0.0,,,,,0.0,1591,1524,,0,0,FAIL
17289.503,1,FAIL,0,0,NO_ORIGIN,0,0,1,1,1,1,0,0.0,,,,,0.0,1591,1524,,0,0,FAIL
17289.554,1,FAIL,0,0,NO_ORIGIN,0,0,1,1,1,1,0,0.0,,,,,0.0,1591,1524,,0,0,FAIL
17289.604,1,FAIL,0,0,NO_ORIGIN,0,0,1,1,1,1,0,0.0,,,,,0.0,1591,1524,,0,0,FAIL
17289.654,1,FAIL,0,0,NO_ORIGIN,0,0,1,1,1,1,0,0.0,,,,,0.0,1591,1524,,0,0,FAIL
17289.704,1,FAIL,0,0,NO_ORIGIN,0,0,1,1,1,1,0,0.0,,,,,0.0,1591,1524,,0,0,FAIL
17289.754,1,FAIL,0,0,NO_ORIGIN,0,0,1,1,1,1,0,0.0,,,,,0.0,1591,1524,,0,0,FAIL
17289.805,1,FAIL,0,0,NO_ORIGIN,0,0,1,1,1,1,0,0.0,,,,,0.0,1591,1524,,0,0,FAIL
17289.856,1,FAIL,0,0,NO_ORIGIN,0,0,1,1,1,1,0,0.0,,,,,0.0,1591,1524,,0,0,FAIL
17289.906,1,FAIL,0,0,NO_ORIGIN,0,0,1,1,1,1,0,0.0,,,,,0.0,1591,1524,,0,0,FAIL
17289.956,1,FAIL,0,0,NO_ORIGIN,0,0,1,1,1,1,0,0.0,,,,,0.0,1591,1524,,0,0,FAIL
17290.006,1,FAIL,0,0,NO_ORIGIN,0,0,1,1,1,1,0,0.0,,,,,0.0,1591,1524,,0,0,FAIL
17290.057,1,FAIL,0,0,NO_ORIGIN,0,0,1,1,1,1,0,0.0,,,,,0.0,1591,1524,,0,0,FAIL
17290.107,1,FAIL,0,0,NO_ORIGIN,0,0,1,1,1,1,0,0.0,,,,,0.0,1591,1524,,0,0,FAIL
17290.157,1,FAIL,0,0,NO_ORIGIN,0,0,1,1,1,1,0,0.0,,,,,0.0,1591,1524,,0,0,FAIL
17290.207,1,FAIL,0,0,NO_ORIGIN,0,0,1,1,1,1,0,0.0,,,,,0.0,1591,1524,,0,0,FAIL
17290.257,1,FAIL,0,0,NO_ORIGIN,0,0,1,1,1,1,0,0.0,,,,,0.0,1591,1524,,0,0,FAIL
17290.308,1,FAIL,0,0,NO_ORIGIN,0,0,1,1,1,1,0,0.0,,,,,0.0,1591,1524,,0,0,FAIL
17290.358,1,FAIL,0,0,NO_ORIGIN,0,0,1,1,1,1,0,0.0,,,,,0.0,1591,1524,,0,0,FAIL
17290.408,1,FAIL,0,0,NO_ORIGIN,0,0,1,1,1,1,0,0.0,,,,,0.0,1591,1524,,0,0,FAIL
17290.458,1,FAIL,0,0,NO_ORIGIN,0,0,1,1,1,1,0,0.0,,,,,0.0,1591,1524,,0,0,FAIL
17290.509,1,FAIL,0,0,NO_ORIGIN,0,0,1,1,1,1,0,0.0,,,,,0.0,1591,1524,,0,0,FAIL
17290.559,1,FAIL,0,0,NO_ORIGIN,0,0,1,1,1,1,0,0.0,,,,,0.0,1591,1524,,0,0,FAIL
17290.609,1,FAIL,0,0,NO_ORIGIN,0,0,1,1,1,1,0,0.0,,,,,0.0,1591,1524,,0,0,FAIL
17290.659,1,FAIL,0,0,NO_ORIGIN,0,0,1,1,1,1,0,0.0,,,,,0.0,1591,1524,,0,0,FAIL
17290.709,1,FAIL,0,0,NO_ORIGIN,0,0,1,1,1,1,0,0.0,,,,,0.0,1591,1524,,0,0,FAIL
17290.761,1,FAIL,0,0,NO_ORIGIN,0,0,1,1,1,1,0,0.0,,,,,0.0,1591,1524,,0,0,FAIL
17290.811,1,FAIL,0,0,NO_ORIGIN,0,0,1,1,1,1,0,0.0,,,,,0.0,1591,1524,,0,0,FAIL
17290.862,1,FAIL,0,0,NO_ORIGIN,0,0,1,1,1,1,0,0.0,,,,,0.0,1591,1524,,0,0,FAIL
17290.912,1,FAIL,0,0,NO_ORIGIN,0,0,1,1,1,1,0,0.0,,,,,0.0,1591,1524,,0,0,FAIL
17290.963,1,FAIL,0,0,NO_ORIGIN,0,0,1,1,1,1,0,0.0,,,,,0.0,1591,1524,,0,0,FAIL
17291.013,1,FAIL,0,0,NO_ORIGIN,0,0,1,1,1,1,0,0.0,,,,,0.0,1591,1524,,0,0,FAIL
17291.063,1,FAIL,0,0,NO_ORIGIN,0,0,1,1,1,1,0,0.0,,,,,0.0,1591,1524,,0,0,FAIL
17291.113,1,FAIL,0,0,NO_ORIGIN,0,0,1,1,1,1,0,0.0,,,,,0.0,1591,1524,,0,0,FAIL
17291.163,1,FAIL,0,0,NO_ORIGIN,0,0,1,1,1,1,0,0.0,,,,,0.0,1591,1524,,0,0,FAIL
17291.213,1,FAIL,0,0,NO_ORIGIN,0,0,1,1,1,1,0,0.0,,,,,0.0,1591,1524,,0,0,FAIL
17291.264,1,FAIL,0,0,NO_ORIGIN,0,0,1,1,1,1,0,0.0,,,,,0.0,1591,1524,,0,0,FAIL
17291.314,1,FAIL,0,0,NO_ORIGIN,0,0,1,1,1,1,0,0.0,,,,,0.0,1591,1524,,0,0,FAIL
17291.364,1,FAIL,0,0,NO_ORIGIN,0,0,1,1,1,1,0,0.0,,,,,0.0,1591,1524,,0,0,FAIL
17291.414,1,FAIL,0,0,NO_ORIGIN,0,0,1,1,1,1,0,0.0,,,,,0.0,1591,1524,,0,0,FAIL
17291.464,1,FAIL,0,0,NO_ORIGIN,0,0,1,1,1,1,0,0.0,,,,,0.0,1591,1524,,0,0,FAIL
17291.514,1,FAIL,0,0,NO_ORIGIN,0,0,1,1,1,1,0,0.0,,,,,0.0,1591,1524,,0,0,FAIL
17291.565,1,FAIL,0,0,NO_ORIGIN,0,0,1,1,1,1,0,0.0,,,,,0.0,1591,1524,,0,0,FAIL
17291.615,1,FAIL,0,0,NO_ORIGIN,0,0,1,1,1,1,0,0.0,,,,,0.0,1591,1524,,0,0,FAIL
17291.665,1,FAIL,0,0,NO_ORIGIN,0,0,1,1,1,1,0,0.0,,,,,0.0,1591,1524,,0,0,FAIL
17291.715,1,FAIL,0,0,NO_ORIGIN,0,0,1,1,1,1,0,0.0,,,,,0.0,1591,1524,,0,0,FAIL
17291.766,1,FAIL,0,0,NO_ORIGIN,0,0,1,1,1,1,0,0.0,,,,,0.0,1591,1524,,0,0,FAIL
17291.816,1,FAIL,0,0,NO_ORIGIN,0,0,1,1,1,1,0,0.0,,,,,0.0,1591,1524,,0,0,FAIL
17291.866,1,FAIL,0,0,NO_ORIGIN,0,0,1,1,1,1,0,0.0,,,,,0.0,1591,1524,,0,0,FAIL
17291.916,1,FAIL,0,0,NO_ORIGIN,0,0,1,1,1,1,0,0.0,,,,,0.0,1591,1524,,0,0,FAIL
17291.966,1,FAIL,0,0,NO_ORIGIN,0,0,1,1,1,1,0,0.0,,,,,0.0,1591,1524,,0,0,FAIL
17292.017,1,FAIL,0,0,NO_ORIGIN,0,0,1,1,1,1,0,0.0,,,,,0.0,1591,1524,,0,0,FAIL
17292.067,1,FAIL,0,0,NO_ORIGIN,0,0,1,1,1,1,0,0.0,,,,,0.0,1591,1524,,0,0,FAIL
17292.117,1,FAIL,0,0,NO_ORIGIN,0,0,1,1,1,1,0,0.0,,,,,0.0,1591,1524,,0,0,FAIL
17292.167,1,FAIL,0,0,NO_ORIGIN,0,0,1,1,1,1,0,0.0,,,,,0.0,1591,1524,,0,0,FAIL
17292.217,1,FAIL,0,0,NO_ORIGIN,0,0,1,1,1,1,0,0.0,,,,,0.0,1591,1524,,0,0,FAIL
17292.267,1,FAIL,0,0,NO_ORIGIN,0,0,1,1,1,1,0,0.0,,,,,0.0,1591,1524,,0,0,FAIL
17292.317,1,FAIL,0,0,NO_ORIGIN,0,0,1,1,1,1,0,0.0,,,,,0.0,1591,1524,,0,0,FAIL
17292.368,1,FAIL,0,0,NO_ORIGIN,0,0,1,1,1,1,0,0.0,,,,,0.0,1591,1524,,0,0,FAIL
17292.418,1,FAIL,0,0,NO_ORIGIN,0,0,1,1,1,1,0,0.0,,,,,0.0,1591,1524,,0,0,FAIL
17292.468,1,FAIL,0,0,NO_ORIGIN,0,0,1,1,1,1,0,0.0,,,,,0.0,1591,1524,,0,0,FAIL
17292.518,1,FAIL,0,0,NO_ORIGIN,0,0,1,1,1,1,0,0.0,,,,,0.0,1591,1524,,0,0,FAIL
17292.568,1,FAIL,0,0,NO_ORIGIN,0,0,1,1,1,1,0,0.0,,,,,0.0,1591,1524,,0,0,FAIL
17292.618,1,FAIL,0,0,NO_ORIGIN,0,0,1,1,1,1,0,0.0,,,,,0.0,1591,1524,,0,0,FAIL
17292.668,1,FAIL,0,0,NO_ORIGIN,0,0,1,1,1,1,0,0.0,,,,,0.0,1591,1524,,0,0,FAIL
17292.719,1,FAIL,0,0,NO_ORIGIN,0,0,1,1,1,1,0,0.0,,,,,0.0,1591,1524,,0,0,FAIL
17292.769,1,FAIL,0,0,NO_ORIGIN,0,0,1,1,1,1,0,0.0,,,,,0.0,1591,1524,,0,0,FAIL
17292.819,1,FAIL,0,0,NO_ORIGIN,0,0,1,1,1,1,0,0.0,,,,,0.0,1591,1524,,0,0,FAIL
17292.869,1,FAIL,0,0,NO_ORIGIN,0,0,1,1,1,1,0,0.0,,,,,0.0,1591,1524,,0,0,FAIL
17292.919,1,FAIL,0,0,NO_ORIGIN,0,0,1,1,1,1,0,0.0,,,,,0.0,1591,1524,,0,0,FAIL
17292.969,1,FAIL,0,0,NO_ORIGIN,0,0,1,1,1,1,0,0.0,,,,,0.0,1591,1524,,0,0,FAIL
17293.019,1,FAIL,0,0,NO_ORIGIN,0,0,1,1,1,1,0,0.0,,,,,0.0,1591,1524,,0,0,FAIL
17293.07,1,FAIL,0,0,NO_ORIGIN,0,0,1,1,1,1,0,0.0,,,,,0.0,1591,1524,,0,0,FAIL
17293.12,1,FAIL,0,0,NO_ORIGIN,0,0,1,1,1,1,0,0.0,,,,,0.0,1591,1524,,0,0,FAIL
17293.17,1,FAIL,0,0,NO_ORIGIN,0,0,1,1,1,1,0,0.0,,,,,0.0,1591,1524,,0,0,FAIL
17293.22,1,FAIL,0,0,NO_ORIGIN,0,0,1,1,1,1,0,0.0,,,,,0.0,1591,1524,,0,0,FAIL
17293.27,1,FAIL,0,0,NO_ORIGIN,0,0,1,1,1,1,0,0.0,,,,,0.0,1591,1524,,0,0,FAIL
17293.32,1,FAIL,0,0,NO_ORIGIN,0,0,1,1,1,1,0,0.0,,,,,0.0,1591,1524,,0,0,FAIL
17293.37,1,FAIL,0,0,NO_ORIGIN,0,0,1,1,1,1,0,0.0,,,,,0.0,1591,1524,,0,0,FAIL
17293.421,1,FAIL,0,0,NO_ORIGIN,0,0,1,1,1,1,0,0.0,,,,,0.0,1591,1524,,0,0,FAIL
17293.471,1,FAIL,0,0,NO_ORIGIN,0,0,1,1,1,1,0,0.0,,,,,0.0,1591,1524,,0,0,FAIL
17293.521,1,FAIL,0,0,NO_ORIGIN,0,0,1,1,1,1,0,0.0,,,,,0.0,1591,1524,,0,0,FAIL
17293.571,1,FAIL,0,0,NO_ORIGIN,0,0,1,1,1,1,0,0.0,,,,,0.0,1591,1524,,0,0,FAIL
17293.621,1,FAIL,0,0,NO_ORIGIN,0,0,1,1,1,1,0,0.0,,,,,0.0,1591,1524,,0,0,FAIL
17293.671,1,FAIL,0,0,NO_ORIGIN,0,0,1,1,1,1,0,0.0,,,,,0.0,1591,1524,,0,0,FAIL
17293.722,1,FAIL,0,0,NO_ORIGIN,0,0,1,1,1,1,0,0.0,,,,,0.0,1591,1524,,0,0,FAIL
17293.772,1,FAIL,0,0,NO_ORIGIN,0,0,1,1,1,1,0,0.0,,,,,0.0,1591,1524,,0,0,FAIL
17293.822,1,FAIL,0,0,NO_ORIGIN,0,0,1,1,1,1,0,0.0,,,,,0.0,1591,1524,,0,0,FAIL
17293.872,1,FAIL,0,0,NO_ORIGIN,0,0,1,1,1,1,0,0.0,,,,,0.0,1591,1524,,0,0,FAIL
17293.922,1,FAIL,0,0,NO_ORIGIN,0,0,1,1,1,1,0,0.0,,,,,0.0,1591,1524,,0,0,FAIL
17293.972,1,FAIL,0,0,NO_ORIGIN,0,0,1,1,1,1,0,0.0,,,,,0.0,1591,1524,,0,0,FAIL
17294.022,1,FAIL,0,0,NO_ORIGIN,0,0,1,1,1,1,0,0.0,,,,,0.0,1591,1524,,0,0,FAIL
17294.073,1,FAIL,0,0,NO_ORIGIN,0,0,1,1,1,1,0,0.0,,,,,0.0,1591,1524,,0,0,FAIL
17294.123,1,FAIL,0,0,NO_ORIGIN,0,0,1,1,1,1,0,0.0,,,,,0.0,1591,1524,,0,0,FAIL
17294.173,1,FAIL,0,0,NO_ORIGIN,0,0,1,1,1,1,0,0.0,,,,,0.0,1591,1524,,0,0,FAIL
17294.223,1,FAIL,0,0,NO_ORIGIN,0,0,1,1,1,1,0,0.0,,,,,0.0,1591,1524,,0,0,FAIL
17294.273,1,FAIL,0,0,NO_ORIGIN,0,0,1,1,1,1,0,0.0,,,,,0.0,1591,1524,,0,0,FAIL
17294.323,1,FAIL,0,0,NO_ORIGIN,0,0,1,1,1,1,0,0.0,,,,,0.0,1591,1524,,0,0,FAIL
17294.373,1,FAIL,0,0,NO_ORIGIN,0,0,1,1,1,1,0,0.0,,,,,0.0,1591,1524,,0,0,FAIL
17294.423,1,FAIL,0,0,NO_ORIGIN,0,0,1,1,1,1,0,0.0,,,,,0.0,1591,1524,,0,0,FAIL
17294.474,1,FAIL,0,0,NO_ORIGIN,0,0,1,1,1,1,0,0.0,,,,,0.0,1591,1524,,0,0,FAIL
17294.524,1,FAIL,0,0,NO_ORIGIN,0,0,1,1,1,1,0,0.0,,,,,0.0,1591,1524,,0,0,FAIL
17294.574,1,FAIL,0,0,NO_ORIGIN,0,0,1,1,1,1,0,0.0,,,,,0.0,1591,1524,,0,0,FAIL
17294.625,1,FAIL,0,0,NO_ORIGIN,0,0,1,1,1,1,0,0.0,,,,,0.0,1591,1524,,0,0,FAIL
17294.675,1,FAIL,0,0,NO_ORIGIN,0,0,1,1,1,1,0,0.0,,,,,0.0,1591,1524,,0,0,FAIL
17294.726,1,FAIL,0,0,NO_ORIGIN,0,0,1,1,1,1,0,0.0,,,,,0.0,1591,1524,,0,0,FAIL
17294.777,1,FAIL,0,0,NO_ORIGIN,0,0,1,1,1,1,0,0.0,,,,,0.0,1591,1524,,0,0,FAIL
17294.827,1,FAIL,0,0,NO_ORIGIN,0,0,1,1,1,1,0,0.0,,,,,0.0,1591,1524,,0,0,FAIL
17294.878,1,FAIL,0,0,NO_ORIGIN,0,0,1,1,1,1,0,0.0,,,,,0.0,1591,1524,,0,0,FAIL
17294.928,1,FAIL,0,0,NO_ORIGIN,0,0,1,1,1,1,0,0.0,,,,,0.0,1591,1524,,0,0,FAIL
17294.979,1,FAIL,0,0,NO_ORIGIN,0,0,1,1,1,1,0,0.0,,,,,0.0,1591,1524,,0,0,FAIL
17295.03,1,FAIL,0,0,NO_ORIGIN,0,0,1,1,1,1,0,0.0,,,,,0.0,1591,1524,,0,0,FAIL
17295.08,1,FAIL,0,0,NO_ORIGIN,0,0,1,1,1,1,0,0.0,,,,,0.0,1591,1524,,0,0,FAIL
17295.131,1,FAIL,0,0,NO_ORIGIN,0,0,1,1,1,1,0,0.0,,,,,0.0,1591,1524,,0,0,FAIL
17295.181,1,FAIL,0,0,NO_ORIGIN,0,0,1,1,1,1,0,0.0,,,,,0.0,1591,1524,,0,0,FAIL
17295.232,1,FAIL,0,0,NO_ORIGIN,0,0,1,1,1,1,0,0.0,,,,,0.0,1591,1524,,0,0,FAIL
17295.282,1,FAIL,0,0,NO_ORIGIN,0,0,1,1,1,1,0,0.0,,,,,0.0,1591,1524,,0,0,FAIL
17295.333,1,FAIL,0,0,NO_ORIGIN,0,0,1,1,1,1,0,0.0,,,,,0.0,1591,1524,,0,0,FAIL
17295.385,1,FAIL,0,0,NO_ORIGIN,0,0,1,1,1,1,0,0.0,,,,,0.0,1591,1524,,0,0,FAIL
17295.435,1,FAIL,0,0,NO_ORIGIN,0,0,1,1,1,1,0,0.0,,,,,0.0,1591,1524,,0,0,FAIL
17295.485,1,FAIL,0,0,NO_ORIGIN,0,0,1,1,1,1,0,0.0,,,,,0.0,1591,1524,,0,0,FAIL
17295.537,1,FAIL,0,0,NO_ORIGIN,0,0,1,1,1,1,0,0.0,,,,,0.0,1591,1524,,0,0,FAIL
17295.587,1,FAIL,0,0,NO_ORIGIN,0,0,1,1,1,1,0,0.0,,,,,0.0,1591,1524,,0,0,FAIL
17295.637,1,FAIL,0,0,NO_ORIGIN,0,0,1,1,1,1,0,0.0,,,,,0.0,1591,1524,,0,0,FAIL
17295.688,1,FAIL,0,0,NO_ORIGIN,0,0,1,1,1,1,0,0.0,,,,,0.0,1591,1524,,0,0,FAIL
17295.738,1,FAIL,0,0,NO_ORIGIN,0,0,1,1,1,1,0,0.0,,,,,0.0,1591,1524,,0,0,FAIL
17295.788,1,FAIL,0,0,NO_ORIGIN,0,0,1,1,1,1,0,0.0,,,,,0.0,1591,1524,,0,0,FAIL
17295.838,1,FAIL,0,0,NO_ORIGIN,0,0,1,1,1,1,0,0.0,,,,,0.0,1591,1524,,0,0,FAIL
17295.888,1,FAIL,0,0,NO_ORIGIN,0,0,1,1,1,1,0,0.0,,,,,0.0,1591,1524,,0,0,FAIL
17295.938,1,FAIL,0,0,NO_ORIGIN,0,0,1,1,1,1,0,0.0,,,,,0.0,1591,1524,,0,0,FAIL
17295.989,1,FAIL,0,0,NO_ORIGIN,0,0,1,1,1,1,0,0.0,,,,,0.0,1591,1524,,0,0,FAIL
17296.039,1,FAIL,0,0,NO_ORIGIN,0,0,1,1,1,1,0,0.0,,,,,0.0,1591,1524,,0,0,FAIL
17296.089,1,FAIL,0,0,NO_ORIGIN,0,0,1,1,1,1,0,0.0,,,,,0.0,1591,1524,,0,0,FAIL
17296.139,1,FAIL,0,0,NO_ORIGIN,0,0,1,1,1,1,0,0.0,,,,,0.0,1591,1524,,0,0,FAIL
17296.189,1,FAIL,0,0,NO_ORIGIN,0,0,1,1,1,1,0,0.0,,,,,0.0,1591,1524,,0,0,FAIL
17296.239,1,FAIL,0,0,NO_ORIGIN,0,0,1,1,1,1,0,0.0,,,,,0.0,1591,1524,,0,0,FAIL
17296.289,1,FAIL,0,0,NO_ORIGIN,0,0,1,1,1,1,0,0.0,,,,,0.0,1591,1524,,0,0,FAIL
17296.34,1,FAIL,0,0,NO_ORIGIN,0,0,1,1,1,1,0,0.0,,,,,0.0,1591,1524,,0,0,FAIL
17296.39,1,FAIL,0,0,NO_ORIGIN,0,0,1,1,1,1,0,0.0,,,,,0.0,1591,1524,,0,0,FAIL
17296.44,1,FAIL,0,0,NO_ORIGIN,0,0,1,1,1,1,0,0.0,,,,,0.0,1591,1524,,0,0,FAIL
17296.49,1,FAIL,0,0,NO_ORIGIN,0,0,1,1,1,1,0,0.0,,,,,0.0,1591,1524,,0,0,FAIL
17296.54,1,FAIL,0,0,NO_ORIGIN,0,0,1,1,1,1,0,0.0,,,,,0.0,1591,1524,,0,0,FAIL
17296.59,1,FAIL,0,0,NO_ORIGIN,0,0,1,1,1,1,0,0.0,,,,,0.0,1591,1524,,0,0,FAIL
17296.641,1,FAIL,0,0,NO_ORIGIN,0,0,1,1,1,1,0,0.0,,,,,0.0,1591,1524,,0,0,FAIL
17296.691,1,FAIL,0,0,NO_ORIGIN,0,0,1,1,1,1,0,0.0,,,,,0.0,1591,1524,,0,0,FAIL
17296.741,1,FAIL,0,0,NO_ORIGIN,0,0,1,1,1,1,0,0.0,,,,,0.0,1591,1524,,0,0,FAIL
17296.791,1,FAIL,0,0,NO_ORIGIN,0,0,1,1,1,1,0,0.0,,,,,0.0,1591,1524,,0,0,FAIL
17296.841,1,FAIL,0,0,NO_ORIGIN,0,0,1,1,1,1,0,0.0,,,,,0.0,1591,1524,,0,0,FAIL
17296.891,1,FAIL,0,0,NO_ORIGIN,0,0,1,1,1,1,0,0.0,,,,,0.0,1591,1524,,0,0,FAIL
17296.941,1,FAIL,0,0,NO_ORIGIN,0,0,1,1,1,1,0,0.0,,,,,0.0,1591,1524,,0,0,FAIL
17296.992,1,FAIL,0,0,NO_ORIGIN,0,0,1,1,1,1,0,0.0,,,,,0.0,1591,1524,,0,0,FAIL
17297.042,1,FAIL,0,0,NO_ORIGIN,0,0,1,1,1,1,0,0.0,,,,,0.0,1591,1524,,0,0,FAIL
17297.092,1,FAIL,0,0,NO_ORIGIN,0,0,1,1,1,1,0,0.0,,,,,0.0,1591,1524,,0,0,FAIL
17297.142,1,FAIL,0,0,NO_ORIGIN,0,0,1,1,1,1,0,0.0,,,,,0.0,1591,1524,,0,0,FAIL
17297.192,1,FAIL,0,0,NO_ORIGIN,0,0,1,1,1,1,0,0.0,,,,,0.0,1591,1524,,0,0,FAIL
17297.242,1,FAIL,0,0,NO_ORIGIN,0,0,1,1,1,1,0,0.0,,,,,0.0,1591,1524,,0,0,FAIL
17297.293,1,FAIL,0,0,NO_ORIGIN,0,0,1,1,1,1,0,0.0,,,,,0.0,1591,1524,,0,0,FAIL
17297.343,1,FAIL,0,0,NO_ORIGIN,0,0,1,1,1,1,0,0.0,,,,,0.0,1591,1524,,0,0,FAIL
17297.393,1,FAIL,0,0,NO_ORIGIN,0,0,1,1,1,1,0,0.0,,,,,0.0,1591,1524,,0,0,FAIL
17297.443,1,FAIL,0,0,NO_ORIGIN,0,0,1,1,1,1,0,0.0,,,,,0.0,1591,1524,,0,0,FAIL
17297.493,1,FAIL,0,0,NO_ORIGIN,0,0,1,1,1,1,0,0.0,,,,,0.0,1591,1524,,0,0,FAIL
17297.543,1,FAIL,0,0,NO_ORIGIN,0,0,1,1,1,1,0,0.0,,,,,0.0,1591,1524,,0,0,FAIL
17297.593,1,FAIL,0,0,NO_ORIGIN,0,0,1,1,1,1,0,0.0,,,,,0.0,1591,1524,,0,0,FAIL
17297.644,1,FAIL,0,0,NO_ORIGIN,0,0,1,1,1,1,0,0.0,,,,,0.0,1591,1524,,0,0,FAIL
17297.694,1,FAIL,0,0,NO_ORIGIN,0,0,1,1,1,1,0,0.0,,,,,0.0,1591,1524,,0,0,FAIL
17297.744,1,FAIL,0,0,NO_ORIGIN,0,0,1,1,1,1,0,0.0,,,,,0.0,1591,1524,,0,0,FAIL
17297.794,1,FAIL,0,0,NO_ORIGIN,0,0,1,1,1,1,0,0.0,,,,,0.0,1591,1524,,0,0,FAIL
17297.844,2,FAIL,0,0,NO_ORIGIN,0,0,1,1,1,1,0,0.0,,,,,0.0,1591,1524,,0,0,FAIL
17297.894,2,FAIL,0,0,NO_ORIGIN,0,0,1,1,1,1,0,0.0,,,,,0.0,1591,1524,,0,0,FAIL
17297.945,2,FAIL,0,0,NO_ORIGIN,0,0,1,1,1,1,0,0.0,,,,,0.0,1591,1524,,0,0,FAIL
17297.995,2,FAIL,0,0,NO_ORIGIN,0,0,1,1,1,1,0,0.0,,,,,0.0,1591,1524,,0,0,FAIL
17298.045,2,FAIL,0,0,NO_ORIGIN,0,0,1,1,1,1,0,0.0,,,,,0.0,1591,1524,,0,0,FAIL
17298.095,2,FAIL,0,0,NO_ORIGIN,0,0,1,1,1,1,0,0.0,,,,,0.0,1591,1524,,0,0,FAIL
17298.145,2,FAIL,0,0,NO_ORIGIN,0,0,1,1,1,1,0,0.0,,,,,0.0,1591,1524,,0,0,FAIL
17298.195,2,FAIL,0,0,NO_ORIGIN,0,0,1,1,1,1,0,0.0,,,,,0.0,1591,1524,,0,0,FAIL
17298.246,2,FAIL,0,0,NO_ORIGIN,0,0,1,1,1,1,0,0.0,,,,,0.0,1591,1524,,0,0,FAIL
17298.296,2,FAIL,0,0,NO_ORIGIN,0,0,1,1,1,1,0,0.0,,,,,0.0,1591,1524,,0,0,FAIL
17298.346,2,FAIL,0,0,NO_ORIGIN,0,0,1,1,1,1,0,0.0,,,,,0.0,1591,1524,,0,0,FAIL
17298.396,2,FAIL,0,0,NO_ORIGIN,0,0,1,1,1,1,0,0.0,,,,,0.0,1591,1524,,0,0,FAIL
17298.446,2,FAIL,0,0,NO_ORIGIN,0,0,1,1,1,1,0,0.0,,,,,0.0,1591,1524,,0,0,FAIL
17298.496,2,FAIL,0,0,NO_ORIGIN,0,0,1,1,1,1,0,0.0,,,,,0.0,1591,1524,,0,0,FAIL
17298.547,2,FAIL,0,0,NO_ORIGIN,0,0,1,1,1,1,0,0.0,,,,,0.0,1591,1524,,0,0,FAIL
17298.597,2,FAIL,0,0,NO_ORIGIN,0,0,1,1,1,1,0,0.0,,,,,0.0,1591,1524,,0,0,FAIL
17298.647,2,FAIL,0,0,NO_ORIGIN,0,0,1,1,1,1,0,0.0,,,,,0.0,1591,1524,,0,0,FAIL
17298.697,2,FAIL,0,0,NO_ORIGIN,0,0,1,1,1,1,0,0.0,,,,,0.0,1591,1524,,0,0,FAIL
17298.747,2,FAIL,0,0,NO_ORIGIN,0,0,1,1,1,1,0,0.0,,,,,0.0,1591,1524,,0,0,FAIL
17298.797,2,FAIL,0,0,NO_ORIGIN,0,0,1,1,1,1,0,0.0,,,,,0.0,1591,1524,,0,0,FAIL
17298.847,2,FAIL,0,0,NO_ORIGIN,0,0,1,1,1,1,0,0.0,,,,,0.0,1591,1524,,0,0,FAIL
17298.898,2,FAIL,0,0,NO_ORIGIN,0,0,1,1,1,1,0,0.0,,,,,0.0,1591,1524,,0,0,FAIL
17298.948,2,FAIL,0,0,NO_ORIGIN,0,0,1,1,1,1,0,0.0,,,,,0.0,1591,1524,,0,0,FAIL
17298.998,2,FAIL,0,0,NO_ORIGIN,0,0,1,1,1,1,0,0.0,,,,,0.0,1591,1524,,0,0,FAIL
17299.048,2,FAIL,0,0,NO_ORIGIN,0,0,1,1,1,1,0,0.0,,,,,0.0,1591,1524,,0,0,FAIL
17299.098,2,FAIL,0,0,NO_ORIGIN,0,0,1,1,1,1,0,0.0,,,,,0.0,1591,1524,,0,0,FAIL
17299.148,2,FAIL,0,0,NO_ORIGIN,0,0,1,1,1,1,0,0.0,,,,,0.0,1591,1524,,0,0,FAIL
17299.199,2,FAIL,0,0,NO_ORIGIN,0,0,1,1,1,1,0,0.0,,,,,0.0,1591,1524,,0,0,FAIL
17299.249,2,FAIL,0,0,NO_ORIGIN,0,0,1,1,1,1,0,0.0,,,,,0.0,1591,1524,,0,0,FAIL
17299.299,2,FAIL,0,0,NO_ORIGIN,0,0,1,1,1,1,0,0.0,,,,,0.0,1591,1524,,0,0,FAIL
17299.349,2,FAIL,0,0,NO_ORIGIN,0,0,1,1,1,1,0,0.0,,,,,0.0,1591,1524,,0,0,FAIL
17299.399,2,FAIL,0,0,NO_ORIGIN,0,0,1,1,1,1,0,0.0,,,,,0.0,1591,1524,,0,0,FAIL
17299.449,2,FAIL,0,0,NO_ORIGIN,0,0,1,1,1,1,0,0.0,,,,,0.0,1591,1524,,0,0,FAIL
17299.5,2,FAIL,0,0,NO_ORIGIN,0,0,1,1,1,1,0,0.0,,,,,0.0,1591,1524,,0,0,FAIL
17299.55,2,FAIL,0,0,NO_ORIGIN,0,0,1,1,1,1,0,0.0,,,,,0.0,1591,1524,,0,0,FAIL
17299.6,2,FAIL,0,0,NO_ORIGIN,0,0,1,1,1,1,0,0.0,,,,,0.0,1591,1524,,0,0,FAIL
17299.65,2,FAIL,0,0,NO_ORIGIN,0,0,1,1,1,1,0,0.0,,,,,0.0,1591,1524,,0,0,FAIL
17299.7,2,FAIL,0,0,NO_ORIGIN,0,0,1,1,1,1,0,0.0,,,,,0.0,1591,1524,,0,0,FAIL
17299.75,2,FAIL,0,0,NO_ORIGIN,0,0,1,1,1,1,0,0.0,,,,,0.0,1591,1524,,0,0,FAIL
17299.8,2,FAIL,0,0,NO_ORIGIN,0,0,1,1,1,1,0,0.0,,,,,0.0,1591,1524,,0,0,FAIL
17299.851,2,FAIL,0,0,NO_ORIGIN,0,0,1,1,1,1,0,0.0,,,,,0.0,1591,1524,,0,0,FAIL
17299.901,2,FAIL,0,0,NO_ORIGIN,0,0,1,1,1,1,0,0.0,,,,,0.0,1591,1524,,0,0,FAIL
17299.951,2,FAIL,0,0,NO_ORIGIN,0,0,1,1,1,1,0,0.0,,,,,0.0,1591,1524,,0,0,FAIL
17300.001,2,FAIL,0,0,NO_ORIGIN,0,0,1,1,1,1,0,0.0,,,,,0.0,1591,1524,,0,0,FAIL
17300.051,2,FAIL,0,0,NO_ORIGIN,0,0,1,1,1,1,0,0.0,,,,,0.0,1591,1524,,0,0,FAIL
17300.101,2,FAIL,0,0,NO_ORIGIN,0,0,1,1,1,1,0,0.0,,,,,0.0,1591,1524,,0,0,FAIL
17300.151,2,FAIL,0,0,NO_ORIGIN,0,0,1,1,1,1,0,0.0,,,,,0.0,1591,1524,,0,0,FAIL
17300.202,2,FAIL,0,0,NO_ORIGIN,0,0,1,1,1,1,0,0.0,,,,,0.0,1591,1524,,0,0,FAIL
17300.252,2,FAIL,0,0,NO_ORIGIN,0,0,1,1,1,1,0,0.0,,,,,0.0,1591,1524,,0,0,FAIL
17300.302,2,FAIL,0,0,NO_ORIGIN,0,0,1,1,1,1,0,0.0,,,,,0.0,1591,1524,,0,0,FAIL
17300.352,2,FAIL,0,0,NO_ORIGIN,0,0,1,1,1,1,0,0.0,,,,,0.0,1591,1524,,0,0,FAIL
17300.402,2,FAIL,0,0,NO_ORIGIN,0,0,1,1,1,1,0,0.0,,,,,0.0,1591,1524,,0,0,FAIL
17300.453,2,FAIL,0,0,NO_ORIGIN,0,0,1,1,1,1,0,0.0,,,,,0.0,1591,1524,,0,0,FAIL
17300.504,2,FAIL,0,0,NO_ORIGIN,0,0,1,1,1,1,0,0.0,,,,,0.0,1591,1524,,0,0,FAIL
17300.554,2,FAIL,0,0,NO_ORIGIN,0,0,1,1,1,1,0,0.0,,,,,0.0,1591,1524,,0,0,FAIL
17300.604,2,FAIL,0,0,NO_ORIGIN,0,0,1,1,1,1,0,0.0,,,,,0.0,1591,1524,,0,0,FAIL
17300.655,2,FAIL,0,0,NO_ORIGIN,0,0,1,1,1,1,0,0.0,,,,,0.0,1591,1524,,0,0,FAIL
17300.705,2,FAIL,0,0,NO_ORIGIN,0,0,1,1,1,1,0,0.0,,,,,0.0,1591,1524,,0,0,FAIL
17300.755,2,FAIL,0,0,NO_ORIGIN,0,0,1,1,1,1,0,0.0,,,,,0.0,1591,1524,,0,0,FAIL
17300.805,2,FAIL,0,0,NO_ORIGIN,0,0,1,1,1,1,0,0.0,,,,,0.0,1591,1524,,0,0,FAIL
17300.856,2,FAIL,0,0,NO_ORIGIN,0,0,1,1,1,1,0,0.0,,,,,0.0,1591,1524,,0,0,FAIL
17300.906,2,FAIL,0,0,NO_ORIGIN,0,0,1,1,1,1,0,0.0,,,,,0.0,1591,1524,,0,0,FAIL
17300.956,2,FAIL,0,0,NO_ORIGIN,0,0,1,1,1,1,0,0.0,,,,,0.0,1591,1524,,0,0,FAIL
17301.006,2,FAIL,0,0,NO_ORIGIN,0,0,1,1,1,1,0,0.0,,,,,0.0,1591,1524,,0,0,FAIL
17301.056,2,FAIL,0,0,NO_ORIGIN,0,0,1,1,1,1,0,0.0,,,,,0.0,1591,1524,,0,0,FAIL
17301.106,2,FAIL,0,0,NO_ORIGIN,0,0,1,1,1,1,0,0.0,,,,,0.0,1591,1524,,0,0,FAIL
17301.157,2,FAIL,0,0,NO_ORIGIN,0,0,1,1,1,1,0,0.0,,,,,0.0,1591,1524,,0,0,FAIL
17301.207,2,FAIL,0,0,NO_ORIGIN,0,0,1,1,1,1,0,0.0,,,,,0.0,1591,1524,,0,0,FAIL
17301.257,2,FAIL,0,0,NO_ORIGIN,0,0,1,1,1,1,0,0.0,,,,,0.0,1591,1524,,0,0,FAIL
17301.307,2,FAIL,0,0,NO_ORIGIN,0,0,1,1,1,1,0,0.0,,,,,0.0,1591,1524,,0,0,FAIL
17301.357,2,FAIL,0,0,NO_ORIGIN,0,0,1,1,1,1,0,0.0,,,,,0.0,1591,1524,,0,0,FAIL
17301.407,2,FAIL,0,0,NO_ORIGIN,0,0,1,1,1,1,0,0.0,,,,,0.0,1591,1524,,0,0,FAIL
17301.457,2,FAIL,0,0,NO_ORIGIN,0,0,1,1,1,1,0,0.0,,,,,0.0,1591,1524,,0,0,FAIL
17301.507,2,FAIL,0,0,NO_ORIGIN,0,0,1,1,1,1,0,0.0,,,,,0.0,1591,1524,,0,0,FAIL
17301.558,2,FAIL,0,0,NO_ORIGIN,0,0,1,1,1,1,0,0.0,,,,,0.0,1591,1524,,0,0,FAIL
17301.608,2,FAIL,0,0,NO_ORIGIN,0,0,1,1,1,1,0,0.0,,,,,0.0,1591,1524,,0,0,FAIL
17301.658,2,FAIL,0,0,NO_ORIGIN,0,0,1,1,1,1,0,0.0,,,,,0.0,1591,1524,,0,0,FAIL
17301.708,2,FAIL,0,0,NO_ORIGIN,0,0,1,1,1,1,0,0.0,,,,,0.0,1591,1524,,0,0,FAIL
17301.758,2,FAIL,0,0,NO_ORIGIN,0,0,1,1,1,1,0,0.0,,,,,0.0,1591,1524,,0,0,FAIL
17301.808,2,FAIL,0,0,NO_ORIGIN,0,0,1,1,1,1,0,0.0,,,,,0.0,1591,1524,,0,0,FAIL
17301.859,2,FAIL,0,0,NO_ORIGIN,0,0,1,1,1,1,0,0.0,,,,,0.0,1591,1524,,0,0,FAIL
17301.909,2,FAIL,0,0,NO_ORIGIN,0,0,1,1,1,1,0,0.0,,,,,0.0,1591,1524,,0,0,FAIL
17301.959,2,FAIL,0,0,NO_ORIGIN,0,0,1,1,1,1,0,0.0,,,,,0.0,1591,1524,,0,0,FAIL
17302.009,2,FAIL,0,0,NO_ORIGIN,0,0,1,1,1,1,0,0.0,,,,,0.0,1591,1524,,0,0,FAIL
17302.059,2,FAIL,0,0,NO_ORIGIN,0,0,1,1,1,1,0,0.0,,,,,0.0,1591,1524,,0,0,FAIL
17302.109,2,FAIL,0,0,NO_ORIGIN,0,0,1,1,1,1,0,0.0,,,,,0.0,1591,1524,,0,0,FAIL
17302.16,2,FAIL,0,0,NO_ORIGIN,0,0,1,1,1,1,0,0.0,,,,,0.0,1591,1524,,0,0,FAIL
17302.21,2,FAIL,0,0,NO_ORIGIN,0,0,1,1,1,1,0,0.0,,,,,0.0,1591,1524,,0,0,FAIL
17302.26,2,FAIL,0,0,NO_ORIGIN,0,0,1,1,1,1,0,0.0,,,,,0.0,1591,1524,,0,0,FAIL
17302.31,2,FAIL,0,0,NO_ORIGIN,0,0,1,1,1,1,0,0.0,,,,,0.0,1591,1524,,0,0,FAIL
17302.36,2,FAIL,0,0,NO_ORIGIN,0,0,1,1,1,1,0,0.0,,,,,0.0,1591,1524,,0,0,FAIL
17302.41,2,FAIL,0,0,NO_ORIGIN,0,0,1,1,1,1,0,0.0,,,,,0.0,1591,1524,,0,0,FAIL
17302.46,2,FAIL,0,0,NO_ORIGIN,0,0,1,1,1,1,0,0.0,,,,,0.0,1591,1524,,0,0,FAIL
17302.511,2,FAIL,0,0,NO_ORIGIN,0,0,1,1,1,1,0,0.0,,,,,0.0,1591,1524,,0,0,FAIL
17302.561,2,FAIL,0,0,NO_ORIGIN,0,0,1,1,1,1,0,0.0,,,,,0.0,1591,1524,,0,0,FAIL
17302.611,2,FAIL,0,0,NO_ORIGIN,0,0,1,1,1,1,0,0.0,,,,,0.0,1591,1524,,0,0,FAIL
17302.661,2,FAIL,0,0,NO_ORIGIN,0,0,1,1,1,1,0,0.0,,,,,0.0,1591,1524,,0,0,FAIL
17302.711,2,FAIL,0,0,NO_ORIGIN,0,0,1,1,1,1,0,0.0,,,,,0.0,1591,1524,,0,0,FAIL
17302.761,2,FAIL,0,0,NO_ORIGIN,0,0,1,1,1,1,0,0.0,,,,,0.0,1591,1524,,0,0,FAIL
17302.812,2,FAIL,0,0,NO_ORIGIN,0,0,1,1,1,1,0,0.0,,,,,0.0,1591,1524,,0,0,FAIL
17302.862,2,FAIL,0,0,NO_ORIGIN,0,0,1,1,1,1,0,0.0,,,,,0.0,1591,1524,,0,0,FAIL
17302.912,2,FAIL,0,0,NO_ORIGIN,0,0,1,1,1,1,0,0.0,,,,,0.0,1591,1524,,0,0,FAIL
17302.962,2,FAIL,0,0,NO_ORIGIN,0,0,1,1,1,1,0,0.0,,,,,0.0,1591,1524,,0,0,FAIL
17303.013,2,FAIL,0,0,NO_ORIGIN,0,0,1,1,1,1,0,0.0,,,,,0.0,1591,1524,,0,0,FAIL
17303.063,2,FAIL,0,0,NO_ORIGIN,0,0,1,1,1,1,0,0.0,,,,,0.0,1591,1524,,0,0,FAIL
17303.113,2,FAIL,0,0,NO_ORIGIN,0,0,1,1,1,1,0,0.0,,,,,0.0,1591,1524,,0,0,FAIL
17303.163,2,FAIL,0,0,NO_ORIGIN,0,0,1,1,1,1,0,0.0,,,,,0.0,1591,1524,,0,0,FAIL
17303.213,2,FAIL,0,0,NO_ORIGIN,0,0,1,1,1,1,0,0.0,,,,,0.0,1591,1524,,0,0,FAIL
17303.263,2,FAIL,0,0,NO_ORIGIN,0,0,1,1,1,1,0,0.0,,,,,0.0,1591,1524,,0,0,FAIL
17303.314,2,FAIL,0,0,NO_ORIGIN,0,0,1,1,1,1,0,0.0,,,,,0.0,1591,1524,,0,0,FAIL
17303.364,2,FAIL,0,0,NO_ORIGIN,0,0,1,1,1,1,0,0.0,,,,,0.0,1591,1524,,0,0,FAIL
17303.414,2,FAIL,0,0,NO_ORIGIN,0,0,1,1,1,1,0,0.0,,,,,0.0,1591,1524,,0,0,FAIL
17303.464,2,FAIL,0,0,NO_ORIGIN,0,0,1,1,1,1,0,0.0,,,,,0.0,1591,1524,,0,0,FAIL
17303.514,2,FAIL,0,0,NO_ORIGIN,0,0,1,1,1,1,0,0.0,,,,,0.0,1591,1524,,0,0,FAIL
17303.564,2,FAIL,0,0,NO_ORIGIN,0,0,1,1,1,1,0,0.0,,,,,0.0,1591,1524,,0,0,FAIL
17303.615,2,FAIL,0,0,NO_ORIGIN,0,0,1,1,1,1,0,0.0,,,,,0.0,1591,1524,,0,0,FAIL
17303.665,2,FAIL,0,0,NO_ORIGIN,0,0,1,1,1,1,0,0.0,,,,,0.0,1591,1524,,0,0,FAIL
17303.715,2,FAIL,0,0,NO_ORIGIN,0,0,1,1,1,1,0,0.0,,,,,0.0,1591,1524,,0,0,FAIL
17303.765,2,FAIL,0,0,NO_ORIGIN,0,0,1,1,1,1,0,0.0,,,,,0.0,1591,1524,,0,0,FAIL
17303.815,2,FAIL,0,0,NO_ORIGIN,0,0,1,1,1,1,0,0.0,,,,,0.0,1591,1524,,0,0,FAIL
17303.865,2,FAIL,0,0,NO_ORIGIN,0,0,1,1,1,1,0,0.0,,,,,0.0,1591,1524,,0,0,FAIL
17303.916,2,FAIL,0,0,NO_ORIGIN,0,0,1,1,1,1,0,0.0,,,,,0.0,1591,1524,,0,0,FAIL
17303.966,2,FAIL,0,0,NO_ORIGIN,0,0,1,1,1,1,0,0.0,,,,,0.0,1591,1524,,0,0,FAIL
17304.016,2,FAIL,0,0,NO_ORIGIN,0,0,1,1,1,1,0,0.0,,,,,0.0,1591,1524,,0,0,FAIL
17304.066,2,FAIL,0,0,NO_ORIGIN,0,0,1,1,1,1,0,0.0,,,,,0.0,1591,1524,,0,0,FAIL
17304.116,2,FAIL,0,0,NO_ORIGIN,0,0,1,1,1,1,0,0.0,,,,,0.0,1591,1524,,0,0,FAIL
17304.166,2,FAIL,0,0,NO_ORIGIN,0,0,1,1,1,1,0,0.0,,,,,0.0,1591,1524,,0,0,FAIL
17304.216,2,FAIL,0,0,NO_ORIGIN,0,0,1,1,1,1,0,0.0,,,,,0.0,1591,1524,,0,0,FAIL
17304.267,2,FAIL,0,0,NO_ORIGIN,0,0,1,1,1,1,0,0.0,,,,,0.0,1591,1524,,0,0,FAIL
17304.317,2,FAIL,0,0,NO_ORIGIN,0,0,1,1,1,1,0,0.0,,,,,0.0,1591,1524,,0,0,FAIL
17304.367,2,FAIL,0,0,NO_ORIGIN,0,0,1,1,1,1,0,0.0,,,,,0.0,1591,1524,,0,0,FAIL
17304.417,2,FAIL,0,0,NO_ORIGIN,0,0,1,1,1,1,0,0.0,,,,,0.0,1591,1524,,0,0,FAIL
17304.467,2,FAIL,0,0,NO_ORIGIN,0,0,1,1,1,1,0,0.0,,,,,0.0,1591,1524,,0,0,FAIL
17304.517,2,FAIL,0,0,NO_ORIGIN,0,0,1,1,1,1,0,0.0,,,,,0.0,1591,1524,,0,0,FAIL
17304.568,2,FAIL,0,0,NO_ORIGIN,0,0,1,1,1,1,0,0.0,,,,,0.0,1591,1524,,0,0,FAIL
17304.618,2,FAIL,0,0,NO_ORIGIN,0,0,1,1,1,1,0,0.0,,,,,0.0,1591,1524,,0,0,FAIL
17304.668,2,FAIL,0,0,NO_ORIGIN,0,0,1,1,1,1,0,0.0,,,,,0.0,1591,1524,,0,0,FAIL
17304.718,2,FAIL,0,0,NO_ORIGIN,0,0,1,1,1,1,0,0.0,,,,,0.0,1591,1524,,0,0,FAIL
17304.768,2,FAIL,0,0,NO_ORIGIN,0,0,1,1,1,1,0,0.0,,,,,0.0,1591,1524,,0,0,FAIL
17304.818,2,FAIL,0,0,NO_ORIGIN,0,0,1,1,1,1,0,0.0,,,,,0.0,1591,1524,,0,0,FAIL
17304.868,2,FAIL,0,0,NO_ORIGIN,0,0,1,1,1,1,0,0.0,,,,,0.0,1591,1524,,0,0,FAIL
17304.919,2,FAIL,0,0,NO_ORIGIN,0,0,1,1,1,1,0,0.0,,,,,0.0,1591,1524,,0,0,FAIL
17304.969,2,FAIL,0,0,NO_ORIGIN,0,0,1,1,1,1,0,0.0,,,,,0.0,1591,1524,,0,0,FAIL
17305.019,2,FAIL,0,0,NO_ORIGIN,0,0,1,1,1,1,0,0.0,,,,,0.0,1591,1524,,0,0,FAIL
17305.069,2,FAIL,0,0,NO_ORIGIN,0,0,1,1,1,1,0,0.0,,,,,0.0,1591,1524,,0,0,FAIL
17305.119,2,FAIL,0,0,NO_ORIGIN,0,0,1,1,1,1,0,0.0,,,,,0.0,1591,1524,,0,0,FAIL
17305.169,2,FAIL,0,0,NO_ORIGIN,0,0,1,1,1,1,0,0.0,,,,,0.0,1591,1524,,0,0,FAIL
17305.22,2,FAIL,0,0,NO_ORIGIN,0,0,1,1,1,1,0,0.0,,,,,0.0,1591,1524,,0,0,FAIL
17305.27,2,FAIL,0,0,NO_ORIGIN,0,0,1,1,1,1,0,0.0,,,,,0.0,1591,1524,,0,0,FAIL
17305.32,2,FAIL,0,0,NO_ORIGIN,0,0,1,1,1,1,0,0.0,,,,,0.0,1591,1524,,0,0,FAIL
17305.37,2,FAIL,0,0,NO_ORIGIN,0,0,1,1,1,1,0,0.0,,,,,0.0,1591,1524,,0,0,FAIL
17305.42,2,FAIL,0,0,NO_ORIGIN,0,0,1,1,1,1,0,0.0,,,,,0.0,1591,1524,,0,0,FAIL
17305.47,2,FAIL,0,0,NO_ORIGIN,0,0,1,1,1,1,0,0.0,,,,,0.0,1591,1524,,0,0,FAIL
17305.521,2,FAIL,0,0,NO_ORIGIN,0,0,1,1,1,1,0,0.0,,,,,0.0,1591,1524,,0,0,FAIL
17305.571,2,FAIL,0,0,NO_ORIGIN,0,0,1,1,1,1,0,0.0,,,,,0.0,1591,1524,,0,0,FAIL
17305.622,2,FAIL,0,0,NO_ORIGIN,0,0,1,1,1,1,0,0.0,,,,,0.0,1591,1524,,0,0,FAIL
17305.672,2,FAIL,0,0,NO_ORIGIN,0,0,1,1,1,1,0,0.0,,,,,0.0,1591,1524,,0,0,FAIL
17305.722,2,FAIL,0,0,NO_ORIGIN,0,0,1,1,1,1,0,0.0,,,,,0.0,1591,1524,,0,0,FAIL
17305.772,2,FAIL,0,0,NO_ORIGIN,0,0,1,1,1,1,0,0.0,,,,,0.0,1591,1524,,0,0,FAIL
17305.822,2,FAIL,0,0,NO_ORIGIN,0,0,1,1,1,1,0,0.0,,,,,0.0,1591,1524,,0,0,FAIL
17305.872,2,FAIL,0,0,NO_ORIGIN,0,0,1,1,1,1,0,0.0,,,,,0.0,1591,1524,,0,0,FAIL
17305.923,2,FAIL,0,0,NO_ORIGIN,0,0,1,1,1,1,0,0.0,,,,,0.0,1591,1524,,0,0,FAIL
17305.973,2,FAIL,0,0,NO_ORIGIN,0,0,1,1,1,1,0,0.0,,,,,0.0,1591,1524,,0,0,FAIL
17306.023,2,FAIL,0,0,NO_ORIGIN,0,0,1,1,1,1,0,0.0,,,,,0.0,1591,1524,,0,0,FAIL
17306.073,2,FAIL,0,0,NO_ORIGIN,0,0,1,1,1,1,0,0.0,,,,,0.0,1591,1524,,0,0,FAIL
17306.123,2,FAIL,0,0,NO_ORIGIN,0,0,1,1,1,1,0,0.0,,,,,0.0,1591,1524,,0,0,FAIL
17306.173,2,FAIL,0,0,NO_ORIGIN,0,0,1,1,1,1,0,0.0,,,,,0.0,1591,1524,,0,0,FAIL
17306.224,2,FAIL,0,0,NO_ORIGIN,0,0,1,1,1,1,0,0.0,,,,,0.0,1591,1524,,0,0,FAIL
17306.274,2,FAIL,0,0,NO_ORIGIN,0,0,1,1,1,1,0,0.0,,,,,0.0,1591,1524,,0,0,FAIL
17306.324,2,FAIL,0,0,NO_ORIGIN,0,0,1,1,1,1,0,0.0,,,,,0.0,1591,1524,,0,0,FAIL
17306.374,2,FAIL,0,0,NO_ORIGIN,0,0,1,1,1,1,0,0.0,,,,,0.0,1591,1524,,0,0,FAIL
17306.424,2,FAIL,0,0,NO_ORIGIN,0,0,1,1,1,1,0,0.0,,,,,0.0,1591,1524,,0,0,FAIL
17306.475,2,FAIL,0,0,NO_ORIGIN,0,0,1,1,1,1,0,0.0,,,,,0.0,1591,1524,,0,0,FAIL
17306.525,2,FAIL,0,0,NO_ORIGIN,0,0,1,1,1,1,0,0.0,,,,,0.0,1591,1524,,0,0,FAIL
17306.575,2,FAIL,0,0,NO_ORIGIN,0,0,1,1,1,1,0,0.0,,,,,0.0,1591,1524,,0,0,FAIL
17306.625,2,FAIL,0,0,NO_ORIGIN,0,0,1,1,1,1,0,0.0,,,,,0.0,1591,1524,,0,0,FAIL
17306.675,2,FAIL,0,0,NO_ORIGIN,0,0,1,1,1,1,0,0.0,,,,,0.0,1591,1524,,0,0,FAIL
17306.725,2,FAIL,0,0,NO_ORIGIN,0,0,1,1,1,1,0,0.0,,,,,0.0,1591,1524,,0,0,FAIL
17306.776,2,FAIL,0,0,NO_ORIGIN,0,0,1,1,1,1,0,0.0,,,,,0.0,1591,1524,,0,0,FAIL
17306.826,2,FAIL,0,0,NO_ORIGIN,0,0,1,1,1,1,0,0.0,,,,,0.0,1591,1524,,0,0,FAIL
17306.876,2,FAIL,0,0,NO_ORIGIN,0,0,1,1,1,1,0,0.0,,,,,0.0,1591,1524,,0,0,FAIL
17306.927,2,FAIL,0,0,NO_ORIGIN,0,0,1,1,1,1,0,0.0,,,,,0.0,1591,1524,,0,0,FAIL
17306.977,2,FAIL,0,0,NO_ORIGIN,0,0,1,1,1,1,0,0.0,,,,,0.0,1591,1524,,0,0,FAIL
17307.027,2,FAIL,0,0,NO_ORIGIN,0,0,1,1,1,1,0,0.0,,,,,0.0,1591,1524,,0,0,FAIL
17307.078,2,FAIL,0,0,NO_ORIGIN,0,0,1,1,1,1,0,0.0,,,,,0.0,1591,1524,,0,0,FAIL
17307.128,2,FAIL,0,0,NO_ORIGIN,0,0,1,1,1,1,0,0.0,,,,,0.0,1591,1524,,0,0,FAIL
17307.178,2,FAIL,0,0,NO_ORIGIN,0,0,1,1,1,1,0,0.0,,,,,0.0,1591,1524,,0,0,FAIL
17307.228,2,FAIL,0,0,NO_ORIGIN,0,0,1,1,1,1,0,0.0,,,,,0.0,1591,1524,,0,0,FAIL
17307.279,2,FAIL,0,0,NO_ORIGIN,0,0,1,1,1,1,0,0.0,,,,,0.0,1591,1524,,0,0,FAIL
17307.329,2,FAIL,0,0,NO_ORIGIN,0,0,1,1,1,1,0,0.0,,,,,0.0,1591,1524,,0,0,FAIL
17307.379,2,FAIL,0,0,NO_ORIGIN,0,0,1,1,1,1,0,0.0,,,,,0.0,1591,1524,,0,0,FAIL
17307.429,2,FAIL,0,0,NO_ORIGIN,0,0,1,1,1,1,0,0.0,,,,,0.0,1591,1524,,0,0,FAIL
17307.48,2,FAIL,0,0,NO_ORIGIN,0,0,1,1,1,1,0,0.0,,,,,0.0,1591,1524,,0,0,FAIL
17307.53,2,FAIL,0,0,NO_ORIGIN,0,0,1,1,1,1,0,0.0,,,,,0.0,1591,1524,,0,0,FAIL
17307.58,2,FAIL,0,0,NO_ORIGIN,0,0,1,1,1,1,0,0.0,,,,,0.0,1591,1524,,0,0,FAIL
17307.63,2,FAIL,0,0,NO_ORIGIN,0,0,1,1,1,1,0,0.0,,,,,0.0,1591,1524,,0,0,FAIL
17307.681,2,FAIL,0,0,NO_ORIGIN,0,0,1,1,1,1,0,0.0,,,,,0.0,1591,1524,,0,0,FAIL
17307.731,2,FAIL,0,0,NO_ORIGIN,0,0,1,1,1,1,0,0.0,,,,,0.0,1591,1524,,0,0,FAIL
17307.781,2,FAIL,0,0,NO_ORIGIN,0,0,1,1,1,1,0,0.0,,,,,0.0,1591,1524,,0,0,FAIL
17307.831,2,FAIL,0,0,NO_ORIGIN,0,0,1,1,1,1,0,0.0,,,,,0.0,1591,1524,,0,0,FAIL
17307.882,2,FAIL,0,0,NO_ORIGIN,0,0,1,1,1,1,0,0.0,,,,,0.0,1591,1524,,0,0,FAIL
17307.933,2,FAIL,0,0,NO_ORIGIN,0,0,1,1,1,1,0,0.0,,,,,0.0,1591,1524,,0,0,FAIL
17307.983,2,FAIL,0,0,NO_ORIGIN,0,0,1,1,1,1,0,0.0,,,,,0.0,1591,1524,,0,0,FAIL
17308.033,2,FAIL,0,0,NO_ORIGIN,0,0,1,1,1,1,0,0.0,,,,,0.0,1591,1524,,0,0,FAIL
17308.083,2,FAIL,0,0,NO_ORIGIN,0,0,1,1,1,1,0,0.0,,,,,0.0,1591,1524,,0,0,FAIL
17308.133,2,FAIL,0,0,NO_ORIGIN,0,0,1,1,1,1,0,0.0,,,,,0.0,1591,1524,,0,0,FAIL
17308.183,2,FAIL,0,0,NO_ORIGIN,0,0,1,1,1,1,0,0.0,,,,,0.0,1591,1524,,0,0,FAIL
17308.233,2,FAIL,0,0,NO_ORIGIN,0,0,1,1,1,1,0,0.0,,,,,0.0,1591,1524,,0,0,FAIL
17308.284,2,FAIL,0,0,NO_ORIGIN,0,0,1,1,1,1,0,0.0,,,,,0.0,1591,1524,,0,0,FAIL
17308.334,2,FAIL,0,0,NO_ORIGIN,0,0,1,1,1,1,0,0.0,,,,,0.0,1591,1524,,0,0,FAIL
17308.384,2,FAIL,0,0,NO_ORIGIN,0,0,1,1,1,1,0,0.0,,,,,0.0,1591,1524,,0,0,FAIL
17308.435,2,FAIL,0,0,NO_ORIGIN,0,0,1,1,1,1,0,0.0,,,,,0.0,1591,1524,,0,0,FAIL
17308.485,2,FAIL,0,0,NO_ORIGIN,0,0,1,1,1,1,0,0.0,,,,,0.0,1591,1524,,0,0,FAIL
17308.535,2,FAIL,0,0,NO_ORIGIN,0,0,1,1,1,1,0,0.0,,,,,0.0,1591,1524,,0,0,FAIL
17308.586,2,FAIL,0,0,NO_ORIGIN,0,0,1,1,1,1,0,0.0,,,,,0.0,1591,1524,,0,0,FAIL
17308.636,2,FAIL,0,0,NO_ORIGIN,0,0,1,1,1,1,0,0.0,,,,,0.0,1591,1524,,0,0,FAIL
17308.686,2,FAIL,0,0,NO_ORIGIN,0,0,1,1,1,1,0,0.0,,,,,0.0,1591,1524,,0,0,FAIL
17308.737,2,FAIL,0,0,NO_ORIGIN,0,0,1,1,1,1,0,0.0,,,,,0.0,1591,1524,,0,0,FAIL
17308.787,2,FAIL,0,0,NO_ORIGIN,0,0,1,1,1,1,0,0.0,,,,,0.0,1591,1524,,0,0,FAIL
17308.837,2,FAIL,0,0,NO_ORIGIN,0,0,1,1,1,1,0,0.0,,,,,0.0,1591,1524,,0,0,FAIL
17308.887,2,FAIL,0,0,NO_ORIGIN,0,0,1,1,1,1,0,0.0,,,,,0.0,1591,1524,,0,0,FAIL
17308.938,2,FAIL,0,0,NO_ORIGIN,0,0,1,1,1,1,0,0.0,,,,,0.0,1591,1524,,0,0,FAIL
17308.988,2,FAIL,0,0,NO_ORIGIN,0,0,1,1,1,1,0,0.0,,,,,0.0,1591,1524,,0,0,FAIL
17309.038,2,FAIL,0,0,NO_ORIGIN,0,0,1,1,1,1,0,0.0,,,,,0.0,1591,1524,,0,0,FAIL
17309.088,2,FAIL,0,0,NO_ORIGIN,0,0,1,1,1,1,0,0.0,,,,,0.0,1591,1524,,0,0,FAIL
17309.138,2,FAIL,0,0,NO_ORIGIN,0,0,1,1,1,1,0,0.0,,,,,0.0,1591,1524,,0,0,FAIL
17309.188,2,FAIL,0,0,NO_ORIGIN,0,0,1,1,1,1,0,0.0,,,,,0.0,1591,1524,,0,0,FAIL
17309.239,2,FAIL,0,0,NO_ORIGIN,0,0,1,1,1,1,0,0.0,,,,,0.0,1591,1524,,0,0,FAIL
17309.289,2,FAIL,0,0,NO_ORIGIN,0,0,1,1,1,1,0,0.0,,,,,0.0,1591,1524,,0,0,FAIL
17309.339,2,FAIL,0,0,NO_ORIGIN,0,0,1,1,1,1,0,0.0,,,,,0.0,1591,1524,,0,0,FAIL
17309.389,2,FAIL,0,0,NO_ORIGIN,0,0,1,1,1,1,0,0.0,,,,,0.0,1591,1524,,0,0,FAIL
17309.439,2,FAIL,0,0,NO_ORIGIN,0,0,1,1,1,1,0,0.0,,,,,0.0,1591,1524,,0,0,FAIL
17309.489,2,FAIL,0,0,NO_ORIGIN,0,0,1,1,1,1,0,0.0,,,,,0.0,1591,1524,,0,0,FAIL
17309.54,2,FAIL,0,0,NO_ORIGIN,0,0,1,1,1,1,0,0.0,,,,,0.0,1591,1524,,0,0,FAIL
17309.59,2,FAIL,0,0,NO_ORIGIN,0,0,1,1,1,1,0,0.0,,,,,0.0,1591,1524,,0,0,FAIL
17309.64,2,FAIL,0,0,NO_ORIGIN,0,0,1,1,1,1,0,0.0,,,,,0.0,1591,1524,,0,0,FAIL
17309.69,2,FAIL,0,0,NO_ORIGIN,0,0,1,1,1,1,0,0.0,,,,,0.0,1591,1524,,0,0,FAIL
17309.74,2,FAIL,0,0,NO_ORIGIN,0,0,1,1,1,1,0,0.0,,,,,0.0,1591,1524,,0,0,FAIL
17309.79,2,FAIL,0,0,NO_ORIGIN,0,0,1,1,1,1,0,0.0,,,,,0.0,1591,1524,,0,0,FAIL
17309.84,2,FAIL,0,0,NO_ORIGIN,0,0,1,1,1,1,0,0.0,,,,,0.0,1591,1524,,0,0,FAIL
17309.891,2,FAIL,0,0,NO_ORIGIN,0,0,1,1,1,1,0,0.0,,,,,0.0,1591,1524,,0,0,FAIL
17309.941,3,FAIL,0,0,NO_ORIGIN,0,0,1,1,1,1,0,0.0,,,,,0.0,1591,1524,,0,0,FAIL
17309.992,3,FAIL,0,0,NO_ORIGIN,0,0,1,1,1,1,0,0.0,,,,,0.0,1591,1524,,0,0,FAIL
17310.042,3,FAIL,0,0,NO_ORIGIN,0,0,1,1,1,1,0,0.0,,,,,0.0,1591,1524,,0,0,FAIL
17310.092,3,FAIL,0,0,NO_ORIGIN,0,0,1,1,1,1,0,0.0,,,,,0.0,1591,1524,,0,0,FAIL
17310.143,3,FAIL,0,0,NO_ORIGIN,0,0,1,1,1,1,0,0.0,,,,,0.0,1591,1524,,0,0,FAIL
17310.193,3,FAIL,0,0,NO_ORIGIN,0,0,1,1,1,1,0,0.0,,,,,0.0,1591,1524,,0,0,FAIL
17310.243,3,FAIL,0,0,NO_ORIGIN,0,0,1,1,1,1,0,0.0,,,,,0.0,1591,1524,,0,0,FAIL
17310.293,3,FAIL,0,0,NO_ORIGIN,0,0,1,1,1,1,0,0.0,,,,,0.0,1591,1524,,0,0,FAIL
17310.343,3,FAIL,0,0,NO_ORIGIN,0,0,1,1,1,1,0,0.0,,,,,0.0,1591,1524,,0,0,FAIL
17310.393,3,FAIL,0,0,NO_ORIGIN,0,0,1,1,1,1,0,0.0,,,,,0.0,1591,1524,,0,0,FAIL
17310.443,3,DETUMBLING,0,0,DETUMBLING,0,0,1,1,1,1,0,0.0,,,,,0.0,1591,1524,,0,0,FAIL
17310.494,3,DETUMBLING,0,0,DETUMBLING,0,0,1,1,1,1,0,0.0,,,,,0.0,1591,1524,,0,0,FAIL
17310.544,3,DETUMBLING,0,0,DETUMBLING,0,0,1,1,1,1,0,0.0,,,,,0.0,1591,1524,,0,0,FAIL
17310.594,3,DETUMBLING,0,0,DETUMBLING,0,0,1,1,1,1,0,0.0,,,,,0.0,1591,1524,,0,0,FAIL
17310.644,3,DETUMBLING,0,0,DETUMBLING,0,0,1,1,1,1,0,0.0,,,,,0.0,1591,1524,,0,0,FAIL
17310.694,3,DETUMBLING,0,0,DETUMBLING,0,0,1,1,1,1,0,0.0,,,,,0.0,1591,1524,,0,0,FAIL
17310.745,3,DETUMBLING,0,0,DETUMBLING,0,0,1,1,1,1,0,0.0,,,,,0.0,1591,1524,,0,0,FAIL
17310.795,3,DETUMBLING,0,0,DETUMBLING,0,0,1,1,1,1,0,0.0,,,,,0.0,1591,1524,,0,0,FAIL
17310.846,3,FAIL,0,0,NO_ORIGIN,0,0,1,1,1,1,0,0.0,,,,,0.0,1591,1524,,0,0,FAIL
17310.896,3,FAIL,0,0,NO_ORIGIN,0,0,1,1,1,1,0,0.0,,,,,0.0,1591,1524,,0,0,FAIL
17310.947,3,FAIL,0,0,NO_ORIGIN,0,0,1,1,1,1,0,0.0,,,,,0.0,1591,1524,,0,0,FAIL
17310.997,3,FAIL,0,0,NO_ORIGIN,0,0,1,1,1,1,0,0.0,,,,,0.0,1591,1524,,0,0,FAIL
17311.047,3,FAIL,0,0,NO_ORIGIN,0,0,1,1,1,1,0,0.0,,,,,0.0,1591,1524,,0,0,FAIL
17311.098,3,FAIL,0,0,NO_ORIGIN,0,0,1,1,1,1,0,0.0,,,,,0.0,1591,1524,,0,0,FAIL
17311.148,3,FAIL,0,0,NO_ORIGIN,0,0,1,1,1,1,0,0.0,,,,,0.0,1591,1524,,0,0,FAIL
17311.199,3,FAIL,0,0,NO_ORIGIN,0,0,1,1,1,1,0,0.0,,,,,0.0,1591,1524,,0,0,FAIL
17311.249,3,FAIL,0,0,NO_ORIGIN,0,0,1,1,1,1,0,0.0,,,,,0.0,1591,1524,,0,0,FAIL
17311.299,3,FAIL,0,0,NO_ORIGIN,0,0,1,1,1,1,0,0.0,,,,,0.0,1591,1524,,0,0,FAIL
17311.349,3,FAIL,0,0,NO_ORIGIN,0,0,1,1,1,1,0,0.0,,,,,0.0,1591,1524,,0,0,FAIL
17311.399,3,FAIL,0,0,NO_ORIGIN,0,0,1,1,1,1,0,0.0,,,,,0.0,1591,1524,,0,0,FAIL
17311.449,3,FAIL,0,0,NO_ORIGIN,0,0,1,1,1,1,0,0.0,,,,,0.0,1591,1524,,0,0,FAIL
17311.499,3,FAIL,0,0,NO_ORIGIN,0,0,1,1,1,1,0,0.0,,,,,0.0,1591,1524,,0,0,FAIL
17311.55,3,FAIL,0,0,NO_ORIGIN,0,0,1,1,1,1,0,0.0,,,,,0.0,1591,1524,,0,0,FAIL
17311.6,3,FAIL,0,0,NO_ORIGIN,0,0,1,1,1,1,0,0.0,,,,,0.0,1591,1524,,0,0,FAIL
17311.65,3,FAIL,0,0,NO_ORIGIN,0,0,1,1,1,1,0,0.0,,,,,0.0,1591,1524,,0,0,FAIL
17311.7,3,DETUMBLING,0,0,DETUMBLING,0,0,1,1,1,1,0,0.0,,,,,0.0,1591,1524,,0,0,FAIL
17311.75,3,DETUMBLING,0,0,DETUMBLING,0,0,1,1,1,1,0,0.0,,,,,0.0,1591,1524,,0,0,FAIL
17311.8,3,DETUMBLING,0,0,DETUMBLING,0,0,1,1,1,1,0,0.0,,,,,0.0,1591,1524,,0,0,FAIL
17311.85,3,DETUMBLING,0,0,DETUMBLING,0,0,1,1,1,1,0,0.0,,,,,0.0,1591,1524,,0,0,FAIL
17311.9,3,DETUMBLING,0,0,DETUMBLING,0,0,1,1,1,1,0,0.0,,,,,0.0,1591,1524,,0,0,FAIL
17311.951,3,DETUMBLING,0,0,DETUMBLING,0,0,1,1,1,1,0,0.0,,,,,0.0,1591,1524,,0,0,FAIL
17312.001,3,DETUMBLING,0,0,DETUMBLING,0,0,1,1,1,1,0,0.0,,,,,0.0,1591,1524,,0,0,FAIL
17312.051,3,DETUMBLING,0,0,DETUMBLING,0,0,1,1,1,1,0,0.0,,,,,0.0,1591,1524,,0,0,FAIL
17312.101,3,DETUMBLING,0,0,DETUMBLING,0,0,1,1,1,1,0,0.0,,,,,0.0,1591,1524,,0,0,FAIL
17312.151,3,DETUMBLING,0,0,DETUMBLING,0,0,1,1,1,1,0,0.0,,,,,0.0,1591,1524,,0,0,FAIL
17312.201,3,FAIL,0,0,NO_ORIGIN,0,0,1,1,1,1,0,0.0,,,,,0.0,1591,1524,,0,0,FAIL
17312.251,3,FAIL,0,0,NO_ORIGIN,0,0,1,1,1,1,0,0.0,,,,,0.0,1591,1524,,0,0,FAIL
17312.302,3,FAIL,0,0,NO_ORIGIN,0,0,1,1,1,1,0,0.0,,,,,0.0,1591,1524,,0,0,FAIL
17312.352,3,FAIL,0,0,NO_ORIGIN,0,0,1,1,1,1,0,0.0,,,,,0.0,1591,1524,,0,0,FAIL
17312.402,3,FAIL,0,0,NO_ORIGIN,0,0,1,1,1,1,0,0.0,,,,,0.0,1591,1524,,0,0,FAIL
17312.452,3,FAIL,0,0,NO_ORIGIN,0,0,1,1,1,1,0,0.0,,,,,0.0,1591,1524,,0,0,FAIL
17312.502,3,FAIL,0,0,NO_ORIGIN,0,0,1,1,1,1,0,0.0,,,,,0.0,1591,1524,,0,0,FAIL
17312.552,3,FAIL,0,0,NO_ORIGIN,0,0,1,1,1,1,0,0.0,,,,,0.0,1591,1524,,0,0,FAIL
17312.602,3,FAIL,0,0,NO_ORIGIN,0,0,1,1,1,1,0,0.0,,,,,0.0,1591,1524,,0,0,FAIL
17312.652,3,FAIL,0,0,NO_ORIGIN,0,0,1,1,1,1,0,0.0,,,,,0.0,1591,1524,,0,0,FAIL
17312.703,3,FAIL,0,0,NO_ORIGIN,0,0,1,1,1,1,0,0.0,,,,,0.0,1591,1524,,0,0,FAIL
17312.753,3,FAIL,0,0,NO_ORIGIN,0,0,1,1,1,1,0,0.0,,,,,0.0,1591,1524,,0,0,FAIL
17312.803,3,FAIL,0,0,NO_ORIGIN,0,0,1,1,1,1,0,0.0,,,,,0.0,1591,1524,,0,0,FAIL
17312.853,3,FAIL,0,0,NO_ORIGIN,0,0,1,1,1,1,0,0.0,,,,,0.0,1591,1524,,0,0,FAIL
17312.903,3,FAIL,0,0,NO_ORIGIN,0,0,1,1,1,1,0,0.0,,,,,0.0,1591,1524,,0,0,FAIL
17312.953,3,FAIL,0,0,NO_ORIGIN,0,0,1,1,1,1,0,0.0,,,,,0.0,1591,1524,,0,0,FAIL
17313.003,3,FAIL,0,0,NO_ORIGIN,0,0,1,1,1,1,0,0.0,,,,,0.0,1591,1524,,0,0,FAIL
17313.053,3,FAIL,0,0,NO_ORIGIN,0,0,1,1,1,1,0,0.0,,,,,0.0,1591,1524,,0,0,FAIL
17313.103,3,FAIL,0,0,NO_ORIGIN,0,0,1,1,1,1,0,0.0,,,,,0.0,1591,1524,,0,0,FAIL
17313.154,3,FAIL,0,0,NO_ORIGIN,0,0,1,1,1,1,0,0.0,,,,,0.0,1591,1524,,0,0,FAIL
17313.204,3,FAIL,0,0,NO_ORIGIN,0,0,1,1,1,1,0,0.0,,,,,0.0,1591,1524,,0,0,FAIL
17313.254,3,FAIL,0,0,NO_ORIGIN,0,0,1,1,1,1,0,0.0,,,,,0.0,1591,1524,,0,0,FAIL
17313.304,3,FAIL,0,0,NO_ORIGIN,0,0,1,1,1,1,0,0.0,,,,,0.0,1591,1524,,0,0,FAIL
17313.354,3,DETUMBLING,0,0,DETUMBLING,0,0,1,1,1,1,0,0.0,,,,,0.0,1591,1524,,0,0,FAIL
17313.404,3,DETUMBLING,0,0,DETUMBLING,0,0,1,1,1,1,0,0.0,,,,,0.0,1591,1524,,0,0,FAIL
17313.454,3,DETUMBLING,0,0,DETUMBLING,0,0,1,1,1,1,0,0.0,,,,,0.0,1591,1524,,0,0,FAIL
17313.504,3,DETUMBLING,0,0,DETUMBLING,0,0,1,1,1,1,0,0.0,,,,,0.0,1591,1524,,0,0,FAIL
17313.555,3,DETUMBLING,0,0,DETUMBLING,0,0,1,1,1,1,0,0.0,,,,,0.0,1591,1524,,0,0,FAIL
17313.605,3,FAIL,0,0,NO_ORIGIN,0,0,1,1,1,1,0,0.0,,,,,0.0,1591,1524,,0,0,FAIL
17313.655,3,FAIL,0,0,NO_ORIGIN,0,0,1,1,1,1,0,0.0,,,,,0.0,1591,1524,,0,0,FAIL
17313.705,3,FAIL,0,0,NO_ORIGIN,0,0,1,1,1,1,0,0.0,,,,,0.0,1591,1524,,0,0,FAIL
17313.755,3,FAIL,0,0,NO_ORIGIN,0,0,1,1,1,1,0,0.0,,,,,0.0,1591,1524,,0,0,FAIL
17313.805,3,FAIL,0,0,NO_ORIGIN,0,0,1,1,1,1,0,0.0,,,,,0.0,1591,1524,,0,0,FAIL
17313.856,3,FAIL,0,0,NO_ORIGIN,0,0,1,1,1,1,0,0.0,,,,,0.0,1591,1524,,0,0,FAIL
17313.906,3,FAIL,0,0,NO_ORIGIN,0,0,1,1,1,1,0,0.0,,,,,0.0,1591,1524,,0,0,FAIL
17313.956,3,FAIL,0,0,NO_ORIGIN,0,0,1,1,1,1,0,0.0,,,,,0.0,1591,1524,,0,0,FAIL
17314.006,3,FAIL,0,0,NO_ORIGIN,0,0,1,1,1,1,0,0.0,,,,,0.0,1591,1524,,0,0,FAIL
17314.056,3,DETUMBLING,0,0,DETUMBLING,0,0,1,1,1,1,0,0.0,,,,,0.0,1591,1524,,0,0,FAIL
17314.106,3,DETUMBLING,0,0,DETUMBLING,0,0,1,1,1,1,0,0.0,,,,,0.0,1591,1524,,0,0,FAIL
17314.156,3,DETUMBLING,0,0,DETUMBLING,0,0,1,1,1,1,0,0.0,,,,,0.0,1591,1524,,0,0,FAIL
17314.206,3,DETUMBLING,0,0,DETUMBLING,0,0,1,1,1,1,0,0.0,,,,,0.0,1591,1524,,0,0,FAIL
17314.256,3,FAIL,0,0,NO_ORIGIN,0,0,1,1,1,1,0,0.0,,,,,0.0,1591,1524,,0,0,FAIL
17314.307,3,FAIL,0,0,NO_ORIGIN,0,0,1,1,1,1,0,0.0,,,,,0.0,1591,1524,,0,0,FAIL
17314.357,3,FAIL,0,0,NO_ORIGIN,0,0,1,1,1,1,0,0.0,,,,,0.0,1591,1524,,0,0,FAIL
17314.407,3,FAIL,0,0,NO_ORIGIN,0,0,1,1,1,1,0,0.0,,,,,0.0,1591,1524,,0,0,FAIL
17314.457,3,FAIL,0,0,NO_ORIGIN,0,0,1,1,1,1,0,0.0,,,,,0.0,1591,1524,,0,0,FAIL
17314.507,3,FAIL,0,0,NO_ORIGIN,0,0,1,1,1,1,0,0.0,,,,,0.0,1591,1524,,0,0,FAIL
17314.557,3,DETUMBLING,0,0,DETUMBLING,0,0,1,1,1,1,0,0.0,,,,,0.0,1591,1524,,0,0,FAIL
17314.607,3,DETUMBLING,0,0,DETUMBLING,0,0,1,1,1,1,0,0.0,,,,,0.0,1591,1524,,0,0,FAIL
17314.657,3,DETUMBLING,0,0,DETUMBLING,0,0,1,1,1,1,0,0.0,,,,,0.0,1591,1524,,0,0,FAIL
17314.707,3,DETUMBLING,0,0,DETUMBLING,0,0,1,1,1,1,0,0.0,,,,,0.0,1591,1524,,0,0,FAIL
17314.758,3,FAIL,0,0,NO_ORIGIN,0,0,1,1,1,1,0,0.0,,,,,0.0,1591,1524,,0,0,FAIL
17314.808,3,FAIL,0,0,NO_ORIGIN,0,0,1,1,1,1,0,0.0,,,,,0.0,1591,1524,,0,0,FAIL
17314.858,3,FAIL,0,0,NO_ORIGIN,0,0,1,1,1,1,0,0.0,,,,,0.0,1591,1524,,0,0,FAIL
17314.908,3,FAIL,0,0,NO_ORIGIN,0,0,1,1,1,1,0,0.0,,,,,0.0,1591,1524,,0,0,FAIL
17314.958,3,FAIL,0,0,NO_ORIGIN,0,0,1,1,1,1,0,0.0,,,,,0.0,1591,1524,,0,0,FAIL
17315.008,3,FAIL,0,0,NO_ORIGIN,0,0,1,1,1,1,0,0.0,,,,,0.0,1591,1524,,0,0,FAIL
17315.058,3,FAIL,0,0,NO_ORIGIN,0,0,1,1,1,1,0,0.0,,,,,0.0,1591,1524,,0,0,FAIL
17315.108,3,FAIL,0,0,NO_ORIGIN,0,0,1,1,1,1,0,0.0,,,,,0.0,1591,1524,,0,0,FAIL
17315.159,3,FAIL,0,0,NO_ORIGIN,0,0,1,1,1,1,0,0.0,,,,,0.0,1591,1524,,0,0,FAIL
17315.209,3,FAIL,0,0,NO_ORIGIN,0,0,1,1,1,1,0,0.0,,,,,0.0,1591,1524,,0,0,FAIL
17315.259,3,FAIL,0,0,NO_ORIGIN,0,0,1,1,1,1,0,0.0,,,,,0.0,1591,1524,,0,0,FAIL
17315.309,3,FAIL,0,0,NO_ORIGIN,0,0,1,1,1,1,0,0.0,,,,,0.0,1591,1524,,0,0,FAIL
17315.359,3,FAIL,0,0,NO_ORIGIN,0,0,1,1,1,1,0,0.0,,,,,0.0,1591,1524,,0,0,FAIL
17315.409,3,FAIL,0,0,NO_ORIGIN,0,0,1,1,1,1,0,0.0,,,,,0.0,1591,1524,,0,0,FAIL
17315.459,3,FAIL,0,0,NO_ORIGIN,0,0,1,1,1,1,0,0.0,,,,,0.0,1591,1524,,0,0,FAIL
17315.509,3,FAIL,0,0,NO_ORIGIN,0,0,1,1,1,1,0,0.0,,,,,0.0,1591,1524,,0,0,FAIL
17315.559,3,FAIL,0,0,NO_ORIGIN,0,0,1,1,1,1,0,0.0,,,,,0.0,1591,1524,,0,0,FAIL
17315.61,3,FAIL,0,0,NO_ORIGIN,0,0,1,1,1,1,0,0.0,,,,,0.0,1591,1524,,0,0,FAIL
17315.66,3,FAIL,0,0,NO_ORIGIN,0,0,1,1,1,1,0,0.0,,,,,0.0,1591,1524,,0,0,FAIL
17315.71,3,FAIL,0,0,NO_ORIGIN,0,0,1,1,1,1,0,0.0,,,,,0.0,1591,1524,,0,0,FAIL
17315.76,3,FAIL,0,0,NO_ORIGIN,0,0,1,1,1,1,0,0.0,,,,,0.0,1591,1524,,0,0,FAIL
17315.81,3,FAIL,0,0,NO_ORIGIN,0,0,1,1,1,1,0,0.0,,,,,0.0,1591,1524,,0,0,FAIL
17315.86,3,FAIL,0,0,NO_ORIGIN,0,0,1,1,1,1,0,0.0,,,,,0.0,1591,1524,,0,0,FAIL
17315.91,3,FAIL,0,0,NO_ORIGIN,0,0,1,1,1,1,0,0.0,,,,,0.0,1591,1524,,0,0,FAIL
17315.96,3,FAIL,0,0,NO_ORIGIN,0,0,1,1,1,1,0,0.0,,,,,0.0,1591,1524,,0,0,FAIL
17316.01,3,FAIL,0,0,NO_ORIGIN,0,0,1,1,1,1,0,0.0,,,,,0.0,1591,1524,,0,0,FAIL
17316.061,3,FAIL,0,0,NO_ORIGIN,0,0,1,1,1,1,0,0.0,,,,,0.0,1591,1524,,0,0,FAIL
17316.111,3,FAIL,0,0,NO_ORIGIN,0,0,1,1,1,1,0,0.0,,,,,0.0,1591,1524,,0,0,FAIL
17316.161,3,FAIL,0,0,NO_ORIGIN,0,0,1,1,1,1,0,0.0,,,,,0.0,1591,1524,,0,0,FAIL
17316.211,3,FAIL,0,0,NO_ORIGIN,0,0,1,1,1,1,0,0.0,,,,,0.0,1591,1524,,0,0,FAIL
17316.261,3,FAIL,0,0,NO_ORIGIN,0,0,1,1,1,1,0,0.0,,,,,0.0,1591,1524,,0,0,FAIL
17316.312,3,FAIL,0,0,NO_ORIGIN,0,0,1,1,1,1,0,0.0,,,,,0.0,1591,1524,,0,0,FAIL
17316.362,3,FAIL,0,0,NO_ORIGIN,0,0,1,1,1,1,0,0.0,,,,,0.0,1591,1524,,0,0,FAIL
17316.412,3,FAIL,0,0,NO_ORIGIN,0,0,1,1,1,1,0,0.0,,,,,0.0,1591,1524,,0,0,FAIL
17316.462,3,FAIL,0,0,NO_ORIGIN,0,0,1,1,1,1,0,0.0,,,,,0.0,1591,1524,,0,0,FAIL
17316.513,3,FAIL,0,0,NO_ORIGIN,0,0,1,1,1,1,0,0.0,,,,,0.0,1591,1524,,0,0,FAIL
17316.563,3,FAIL,0,0,NO_ORIGIN,0,0,1,1,1,1,0,0.0,,,,,0.0,1591,1524,,0,0,FAIL
17316.613,3,FAIL,0,0,NO_ORIGIN,0,0,1,1,1,1,0,0.0,,,,,0.0,1591,1524,,0,0,FAIL
17316.663,3,FAIL,0,0,NO_ORIGIN,0,0,1,1,1,1,0,0.0,,,,,0.0,1591,1524,,0,0,FAIL
17316.713,3,FAIL,0,0,NO_ORIGIN,0,0,1,1,1,1,0,0.0,,,,,0.0,1591,1524,,0,0,FAIL
17316.763,3,FAIL,0,0,NO_ORIGIN,0,0,1,1,1,1,0,0.0,,,,,0.0,1591,1524,,0,0,FAIL
17316.814,3,FAIL,0,0,NO_ORIGIN,0,0,1,1,1,1,0,0.0,,,,,0.0,1591,1524,,0,0,FAIL
17316.864,3,FAIL,0,0,NO_ORIGIN,0,0,1,1,1,1,0,0.0,,,,,0.0,1591,1524,,0,0,FAIL
17316.914,3,FAIL,0,0,NO_ORIGIN,0,0,1,1,1,1,0,0.0,,,,,0.0,1591,1524,,0,0,FAIL
17316.964,3,FAIL,0,0,NO_ORIGIN,0,0,1,1,1,1,0,0.0,,,,,0.0,1591,1524,,0,0,FAIL
17317.014,3,FAIL,0,0,NO_ORIGIN,0,0,1,1,1,1,0,0.0,,,,,0.0,1591,1524,,0,0,FAIL
17317.064,3,FAIL,0,0,NO_ORIGIN,0,0,1,1,1,1,0,0.0,,,,,0.0,1591,1524,,0,0,FAIL
17317.115,3,FAIL,0,0,NO_ORIGIN,0,0,1,1,1,1,0,0.0,,,,,0.0,1591,1524,,0,0,FAIL
17317.165,3,FAIL,0,0,NO_ORIGIN,0,0,1,1,1,1,0,0.0,,,,,0.0,1591,1524,,0,0,FAIL
17317.215,3,FAIL,0,0,NO_ORIGIN,0,0,1,1,1,1,0,0.0,,,,,0.0,1591,1524,,0,0,FAIL
17317.265,3,FAIL,0,0,NO_ORIGIN,0,0,1,1,1,1,0,0.0,,,,,0.0,1591,1524,,0,0,FAIL
17317.315,3,FAIL,0,0,NO_ORIGIN,0,0,1,1,1,1,0,0.0,,,,,0.0,1591,1524,,0,0,FAIL
17317.366,3,FAIL,0,0,NO_ORIGIN,0,0,1,1,1,1,0,0.0,,,,,0.0,1591,1524,,0,0,FAIL
17317.416,3,FAIL,0,0,NO_ORIGIN,0,0,1,1,1,1,0,0.0,,,,,0.0,1591,1524,,0,0,FAIL
17317.466,3,FAIL,0,0,NO_ORIGIN,0,0,1,1,1,1,0,0.0,,,,,0.0,1591,1524,,0,0,FAIL
17317.516,3,FAIL,0,0,NO_ORIGIN,0,0,1,1,1,1,0,0.0,,,,,0.0,1591,1524,,0,0,FAIL
17317.566,3,FAIL,0,0,NO_ORIGIN,0,0,1,1,1,1,0,0.0,,,,,0.0,1591,1524,,0,0,FAIL
17317.616,3,FAIL,0,0,NO_ORIGIN,0,0,1,1,1,1,0,0.0,,,,,0.0,1591,1524,,0,0,FAIL
17317.666,3,FAIL,0,0,NO_ORIGIN,0,0,1,1,1,1,0,0.0,,,,,0.0,1591,1524,,0,0,FAIL
17317.716,3,FAIL,0,0,NO_ORIGIN,0,0,1,1,1,1,0,0.0,,,,,0.0,1591,1524,,0,0,FAIL
17317.767,3,FAIL,0,0,NO_ORIGIN,0,0,1,1,1,1,0,0.0,,,,,0.0,1591,1524,,0,0,FAIL
17317.817,3,FAIL,0,0,NO_ORIGIN,0,0,1,1,1,1,0,0.0,,,,,0.0,1591,1524,,0,0,FAIL
17317.867,3,FAIL,0,0,NO_ORIGIN,0,0,1,1,1,1,0,0.0,,,,,0.0,1591,1524,,0,0,FAIL
17317.917,3,FAIL,0,0,NO_ORIGIN,0,0,1,1,1,1,0,0.0,,,,,0.0,1591,1524,,0,0,FAIL
17317.967,3,FAIL,0,0,NO_ORIGIN,0,0,1,1,1,1,0,0.0,,,,,0.0,1591,1524,,0,0,FAIL
17318.017,3,FAIL,0,0,NO_ORIGIN,0,0,1,1,1,1,0,0.0,,,,,0.0,1591,1524,,0,0,FAIL
17318.067,3,FAIL,0,0,NO_ORIGIN,0,0,1,1,1,1,0,0.0,,,,,0.0,1591,1524,,0,0,FAIL
17318.118,3,FAIL,0,0,NO_ORIGIN,0,0,1,1,1,1,0,0.0,,,,,0.0,1591,1524,,0,0,FAIL
17318.168,3,FAIL,0,0,NO_ORIGIN,0,0,1,1,1,1,0,0.0,,,,,0.0,1591,1524,,0,0,FAIL
17318.218,3,FAIL,0,0,NO_ORIGIN,0,0,1,1,1,1,0,0.0,,,,,0.0,1591,1524,,0,0,FAIL
17318.268,3,FAIL,0,0,NO_ORIGIN,0,0,1,1,1,1,0,0.0,,,,,0.0,1591,1524,,0,0,FAIL
17318.318,3,FAIL,0,0,NO_ORIGIN,0,0,1,1,1,1,0,0.0,,,,,0.0,1591,1524,,0,0,FAIL
17318.369,3,FAIL,0,0,NO_ORIGIN,0,0,1,1,1,1,0,0.0,,,,,0.0,1591,1524,,0,0,FAIL
17318.419,3,FAIL,0,0,NO_ORIGIN,0,0,1,1,1,1,0,0.0,,,,,0.0,1591,1524,,0,0,FAIL
17318.469,3,FAIL,0,0,NO_ORIGIN,0,0,1,1,1,1,0,0.0,,,,,0.0,1591,1524,,0,0,FAIL
17318.519,3,FAIL,0,0,NO_ORIGIN,0,0,1,1,1,1,0,0.0,,,,,0.0,1591,1524,,0,0,FAIL
17318.57,3,FAIL,0,0,NO_ORIGIN,0,0,1,1,1,1,0,0.0,,,,,0.0,1591,1524,,0,0,FAIL
17318.62,3,FAIL,0,0,NO_ORIGIN,0,0,1,1,1,1,0,0.0,,,,,0.0,1591,1524,,0,0,FAIL
17318.67,3,FAIL,0,0,NO_ORIGIN,0,0,1,1,1,1,0,0.0,,,,,0.0,1591,1524,,0,0,FAIL
17318.72,3,FAIL,0,0,NO_ORIGIN,0,0,1,1,1,1,0,0.0,,,,,0.0,1591,1524,,0,0,FAIL
17318.77,3,FAIL,0,0,NO_ORIGIN,0,0,1,1,1,1,0,0.0,,,,,0.0,1591,1524,,0,0,FAIL
17318.82,3,FAIL,0,0,NO_ORIGIN,0,0,1,1,1,1,0,0.0,,,,,0.0,1591,1524,,0,0,FAIL
17318.87,3,FAIL,0,0,NO_ORIGIN,0,0,1,1,1,1,0,0.0,,,,,0.0,1591,1524,,0,0,FAIL
17318.92,3,FAIL,0,0,NO_ORIGIN,0,0,1,1,1,1,0,0.0,,,,,0.0,1591,1524,,0,0,FAIL
17318.971,3,FAIL,0,0,NO_ORIGIN,0,0,1,1,1,1,0,0.0,,,,,0.0,1591,1524,,0,0,FAIL
17319.021,3,FAIL,0,0,NO_ORIGIN,0,0,1,1,1,1,0,0.0,,,,,0.0,1591,1524,,0,0,FAIL
17319.071,3,FAIL,0,0,NO_ORIGIN,0,0,1,1,1,1,0,0.0,,,,,0.0,1591,1524,,0,0,FAIL
17319.121,3,FAIL,0,0,NO_ORIGIN,0,0,1,1,1,1,0,0.0,,,,,0.0,1591,1524,,0,0,FAIL
17319.171,3,FAIL,0,0,NO_ORIGIN,0,0,1,1,1,1,0,0.0,,,,,0.0,1591,1524,,0,0,FAIL
17319.221,3,FAIL,0,0,NO_ORIGIN,0,0,1,1,1,1,0,0.0,,,,,0.0,1591,1524,,0,0,FAIL
17319.272,3,FAIL,0,0,NO_ORIGIN,0,0,1,1,1,1,0,0.0,,,,,0.0,1591,1524,,0,0,FAIL
17319.322,3,FAIL,0,0,NO_ORIGIN,0,0,1,1,1,1,0,0.0,,,,,0.0,1591,1524,,0,0,FAIL
17319.372,3,FAIL,0,0,NO_ORIGIN,0,0,1,1,1,1,0,0.0,,,,,0.0,1591,1524,,0,0,FAIL
17319.422,3,FAIL,0,0,NO_ORIGIN,0,0,1,1,1,1,0,0.0,,,,,0.0,1591,1524,,0,0,FAIL
17319.472,3,FAIL,0,0,NO_ORIGIN,0,0,1,1,1,1,0,0.0,,,,,0.0,1591,1524,,0,0,FAIL
17319.522,3,FAIL,0,0,NO_ORIGIN,0,0,1,1,1,1,0,0.0,,,,,0.0,1591,1524,,0,0,FAIL
17319.572,3,FAIL,0,0,NO_ORIGIN,0,0,1,1,1,1,0,0.0,,,,,0.0,1591,1524,,0,0,FAIL
17319.622,3,FAIL,0,0,NO_ORIGIN,0,0,1,1,1,1,0,0.0,,,,,0.0,1591,1524,,0,0,FAIL
17319.672,3,FAIL,0,0,NO_ORIGIN,0,0,1,1,1,1,0,0.0,,,,,0.0,1591,1524,,0,0,FAIL
17319.723,3,FAIL,0,0,NO_ORIGIN,0,0,1,1,1,1,0,0.0,,,,,0.0,1591,1524,,0,0,FAIL
17319.773,3,FAIL,0,0,NO_ORIGIN,0,0,1,1,1,1,0,0.0,,,,,0.0,1591,1524,,0,0,FAIL
17319.823,3,FAIL,0,0,NO_ORIGIN,0,0,1,1,1,1,0,0.0,,,,,0.0,1591,1524,,0,0,FAIL
17319.873,3,FAIL,0,0,NO_ORIGIN,0,0,1,1,1,1,0,0.0,,,,,0.0,1591,1524,,0,0,FAIL
17319.923,3,FAIL,0,0,NO_ORIGIN,0,0,1,1,1,1,0,0.0,,,,,0.0,1591,1524,,0,0,FAIL
17319.973,3,FAIL,0,0,NO_ORIGIN,0,0,1,1,1,1,0,0.0,,,,,0.0,1591,1524,,0,0,FAIL
17320.024,3,FAIL,0,0,NO_ORIGIN,0,0,1,1,1,1,0,0.0,,,,,0.0,1591,1524,,0,0,FAIL
17320.074,3,FAIL,0,0,NO_ORIGIN,0,0,1,1,1,1,0,0.0,,,,,0.0,1591,1524,,0,0,FAIL
17320.124,3,FAIL,0,0,NO_ORIGIN,0,0,1,1,1,1,0,0.0,,,,,0.0,1591,1524,,0,0,FAIL
17320.174,3,FAIL,0,0,NO_ORIGIN,0,0,1,1,1,1,0,0.0,,,,,0.0,1591,1524,,0,0,FAIL
17320.224,3,FAIL,0,0,NO_ORIGIN,0,0,1,1,1,1,0,0.0,,,,,0.0,1591,1524,,0,0,FAIL
17320.275,3,FAIL,0,0,NO_ORIGIN,0,0,1,1,1,1,0,0.0,,,,,0.0,1591,1524,,0,0,FAIL
17320.325,3,FAIL,0,0,NO_ORIGIN,0,0,1,1,1,1,0,0.0,,,,,0.0,1591,1524,,0,0,FAIL
17320.376,3,FAIL,0,0,NO_ORIGIN,0,0,1,1,1,1,0,0.0,,,,,0.0,1591,1524,,0,0,FAIL
17320.426,3,FAIL,0,0,NO_ORIGIN,0,0,1,1,1,1,0,0.0,,,,,0.0,1591,1524,,0,0,FAIL
17320.476,3,FAIL,0,0,NO_ORIGIN,0,0,1,1,1,1,0,0.0,,,,,0.0,1591,1524,,0,0,FAIL
17320.526,3,FAIL,0,0,NO_ORIGIN,0,0,1,1,1,1,0,0.0,,,,,0.0,1591,1524,,0,0,FAIL
17320.576,3,FAIL,0,0,NO_ORIGIN,0,0,1,1,1,1,0,0.0,,,,,0.0,1591,1524,,0,0,FAIL
17320.626,3,FAIL,0,0,NO_ORIGIN,0,0,1,1,1,1,0,0.0,,,,,0.0,1591,1524,,0,0,FAIL
17320.677,3,FAIL,0,0,NO_ORIGIN,0,0,1,1,1,1,0,0.0,,,,,0.0,1591,1524,,0,0,FAIL
17320.727,3,FAIL,0,0,NO_ORIGIN,0,0,1,1,1,1,0,0.0,,,,,0.0,1591,1524,,0,0,FAIL
17320.777,3,FAIL,0,0,NO_ORIGIN,0,0,1,1,1,1,0,0.0,,,,,0.0,1591,1524,,0,0,FAIL
17320.827,3,FAIL,0,0,NO_ORIGIN,0,0,1,1,1,1,0,0.0,,,,,0.0,1591,1524,,0,0,FAIL
17320.877,3,FAIL,0,0,NO_ORIGIN,0,0,1,1,1,1,0,0.0,,,,,0.0,1591,1524,,0,0,FAIL
17320.927,3,FAIL,0,0,NO_ORIGIN,0,0,1,1,1,1,0,0.0,,,,,0.0,1591,1524,,0,0,FAIL
17320.977,3,FAIL,0,0,NO_ORIGIN,0,0,1,1,1,1,0,0.0,,,,,0.0,1591,1524,,0,0,FAIL
17321.028,3,FAIL,0,0,NO_ORIGIN,0,0,1,1,1,1,0,0.0,,,,,0.0,1591,1524,,0,0,FAIL
17321.078,3,FAIL,0,0,NO_ORIGIN,0,0,1,1,1,1,0,0.0,,,,,0.0,1591,1524,,0,0,FAIL
17321.128,3,DR_M_GBA_CLOSED,1,1,OK,1,0,1,1,1,1,1,1.0,0.0,0.0,5.04,52.06,-41.651,1524,1458,LATE_GPS,0,0,DR_TRACKING_CLOSED
17321.178,3,DR_M_GBA_CLOSED,1,1,OK,1,0,1,1,1,1,1,1.0,0.0,0.0,3.528,53.32,-29.518,1491,1424,LATE_GPS,0,0,DR_TRACKING_CLOSED
17321.228,3,DR_M_GBA_CLOSED,1,1,OK,1,0,1,1,1,1,1,1.0,0.0,0.0,3.528,48.77,-28.137,1457,1391,LATE_GPS,0,0,DR_TRACKING_CLOSED
17321.278,3,DR_M_GBA_CLOSED,1,1,OK,1,0,1,1,1,1,1,1.0,0.0,0.0,2.47,40.31,-17.572,1424,1357,LATE_GPS,0,0,DR_TRACKING_CLOSED
17321.328,3,DR_M_GBA_CLOSED,1,1,OK,1,0,1,1,1,1,1,1.0,0.0,0.0,2.469,61.8,-22.106,1390,1324,LATE_GPS,0,0,DR_TRACKING_CLOSED
17321.379,3,DR_M_GBA_CLOSED,1,1,OK,1,0,1,1,1,1,1,1.0,0.0,0.0,2.474,64.24,-22.481,1357,1291,LATE_GPS,0,0,DR_TRACKING_CLOSED
17321.429,3,DR_M_GBA_CLOSED,1,1,OK,1,0,1,1,1,1,1,1.0,0.0,0.0,2.47,66.67,-22.73,1346,1280,LATE_GPS,0,0,DR_TRACKING_CLOSED
17321.479,3,DR_M_GBA_CLOSED,1,1,OK,1,0,1,1,1,1,1,1.0,0.0,0.0,0.5,69.13,-4.652,1380,1314,LATE_GPS,0,0,DR_TRACKING_CLOSED
17321.529,3,DR_M_GBA_CLOSED,1,1,OK,1,0,1,1,1,1,1,1.0,0.0,0.0,0.5,52.99,-4.17,1413,1347,LATE_GPS,0,0,DR_TRACKING_CLOSED
17321.579,3,DR_M_GBA_CLOSED,1,1,OK,1,0,1,1,1,1,1,1.0,0.0,0.0,0.508,59.02,-4.465,1447,1380,LATE_GPS,0,0,DR_TRACKING_CLOSED
17321.63,3,DR_M_GBA_CLOSED,1,1,OK,1,0,1,1,1,1,1,1.0,0.0,0.0,0.5,62.97,-4.51,1426,1360,LATE_GPS,0,0,DR_TRACKING_CLOSED
17321.68,3,DR_M_GBA_CLOSED,1,1,OK,1,0,1,1,1,1,1,1.0,0.0,0.0,0.5,86.01,-4.775,1426,1360,LATE_GPS,0,0,DR_TRACKING_CLOSED
17321.731,3,DR_M_GBA_CLOSED,1,1,OK,1,0,1,1,1,1,1,1.0,0.0,0.0,0.5,91.71,-4.775,1426,1360,LATE_GPS,0,0,DR_TRACKING_CLOSED
17321.781,3,DR_M_GBA_CLOSED,1,1,OK,1,0,1,1,1,1,1,1.0,0.0,0.0,6.86,97.42,-50.0,1392,1326,LATE_GPS,0,0,DR_TRACKING_CLOSED
17321.831,3,DR_M_GBA_CLOSED,1,1,OK,1,0,1,1,1,1,1,1.0,0.0,0.0,6.86,103.12,-50.0,1359,1293,LATE_GPS,0,0,DR_TRACKING_CLOSED
17321.881,3,DR_M_GBA_CLOSED,1,1,OK,1,0,1,1,1,1,1,1.0,0.0,0.0,5.261,106.08,-50.0,1326,1259,LATE_GPS,0,0,DR_TRACKING_CLOSED
17321.931,3,DR_M_GBA_CLOSED,1,1,OK,1,0,1,1,1,1,1,1.0,0.0,0.0,5.258,109.04,-50.0,1292,1226,LATE_GPS,0,0,DR_TRACKING_CLOSED
17321.981,3,DR_M_GBA_CLOSED,1,1,OK,1,0,1,1,1,1,1,1.0,0.0,0.0,5.263,111.99,-50.0,1259,1193,LATE_GPS,0,0,DR_TRACKING_CLOSED
17322.031,3,DR_M_GBA_CLOSED,1,1,OK,1,0,1,1,1,1,1,1.0,0.0,0.0,5.258,114.95,-50.0,1225,1159,LATE_GPS,0,0,DR_TRACKING_CLOSED
17322.081,3,DR_M_GBA_CLOSED,1,1,OK,1,0,1,1,1,1,1,1.0,0.0,0.0,3.974,110.66,-37.948,1259,1193,LATE_GPS,0,0,DR_TRACKING_CLOSED
17322.132,3,DR_M_GBA_CLOSED,1,1,OK,1,0,1,1,1,1,1,1.0,0.0,0.0,3.974,106.38,-37.948,1292,1226,LATE_GPS,0,0,DR_TRACKING_CLOSED
17322.182,3,DR_M_GBA_CLOSED,1,1,OK,1,0,1,1,1,1,1,1.0,0.0,0.0,2.782,102.09,-26.563,1326,1259,LATE_GPS,0,0,DR_TRACKING_CLOSED
17322.232,3,DR_M_GBA_CLOSED,1,1,OK,1,0,1,1,1,1,1,1.0,0.0,0.0,2.782,97.81,-26.563,1359,1293,LATE_GPS,0,0,DR_TRACKING_CLOSED
17322.282,3,DR_M_GBA_CLOSED,1,1,OK,1,0,1,1,1,1,1,1.0,0.0,0.0,1.947,93.52,-18.594,1392,1326,LATE_GPS,0,0,DR_TRACKING_CLOSED
17322.332,3,DR_M_GBA_CLOSED,1,1,OK,1,0,1,1,1,1,1,1.0,0.0,0.0,1.948,94.83,-18.603,1415,1349,LATE_GPS,0,0,DR_TRACKING_CLOSED
17322.382,3,DR_M_GBA_CLOSED,0,0,NAV_INVALID,1,0,1,1,1,1,1,1.0,0.0,0.0,0.498,96.14,0.0,1591,1524,LATE_GPS,0,0,DR_TRACKING_CLOSED
17322.432,3,DR_M_GBA_CLOSED,1,1,OK,1,0,1,1,1,1,1,1.0,0.0,0.0,0.5,97.44,-4.775,1482,1416,LATE_GPS,0,0,DR_TRACKING_CLOSED
17322.482,3,DR_M_GBA_CLOSED,1,1,OK,1,0,1,1,1,1,1,1.0,0.0,0.0,0.5,98.75,-4.775,1515,1449,LATE_GPS,0,0,DR_TRACKING_CLOSED
17322.533,3,DR_M_GBA_CLOSED,1,1,OK,1,0,1,1,1,1,1,1.0,0.0,0.0,0.5,100.06,-4.775,1548,1482,LATE_GPS,0,0,DR_TRACKING_CLOSED
17322.583,3,DR_M_GBA_CLOSED,1,1,OK,1,0,1,1,1,1,1,1.0,0.0,0.0,0.505,101.36,-4.821,1548,1481,LATE_GPS,0,0,DR_TRACKING_CLOSED
17322.633,3,DR_M_GBA_CLOSED,1,1,OK,1,0,1,1,1,1,1,1.0,0.0,0.0,0.5,102.67,-4.775,1548,1482,LATE_GPS,0,0,DR_TRACKING_CLOSED
17322.683,3,DR_M_GBA_CLOSED,1,1,OK,1,0,1,1,1,1,1,1.0,0.0,0.0,0.5,103.98,-4.775,1548,1482,LATE_GPS,0,0,DR_TRACKING_CLOSED
17322.733,3,DR_M_GBA_CLOSED,1,1,OK,1,0,1,1,1,1,1,1.0,0.0,0.0,0.5,105.28,-4.775,1548,1482,LATE_GPS,0,0,DR_TRACKING_CLOSED
17322.783,3,DR_M_GBA_CLOSED,1,1,OK,1,0,1,1,1,1,1,1.0,0.0,0.0,1.717,106.59,-16.392,1514,1448,LATE_GPS,0,0,DR_TRACKING_CLOSED
17322.833,3,DR_M_GBA_CLOSED,1,1,OK,1,0,1,1,1,1,1,1.0,0.0,0.0,1.724,108.35,-16.464,1481,1415,LATE_GPS,0,0,DR_TRACKING_CLOSED
17322.883,3,DR_M_GBA_CLOSED,1,1,OK,1,0,1,1,1,1,1,1.0,0.0,0.0,1.202,110.1,-11.474,1460,1393,LATE_GPS,0,0,DR_TRACKING_CLOSED
17322.934,3,DR_M_GBA_CLOSED,1,1,OK,1,0,1,1,1,1,1,1.0,0.0,0.0,1.202,111.86,-11.474,1460,1393,LATE_GPS,0,0,DR_TRACKING_CLOSED
17322.984,3,DR_M_GBA_CLOSED,1,1,OK,1,0,1,1,1,1,1,1.0,0.0,0.0,1.059,113.61,-10.113,1469,1403,LATE_GPS,0,0,DR_TRACKING_CLOSED
17323.034,3,DR_M_GBA_CLOSED,1,1,OK,1,0,1,1,1,1,1,1.0,0.0,0.0,1.059,115.37,-10.113,1469,1403,LATE_GPS,0,0,DR_TRACKING_CLOSED
17323.084,3,DR_M_GBA_CLOSED,1,1,OK,1,0,1,1,1,1,1,1.0,0.0,0.0,5.719,117.13,-50.0,1436,1369,LATE_GPS,0,0,DR_TRACKING_CLOSED
17323.134,3,DR_M_GBA_CLOSED,1,1,OK,1,0,1,1,1,1,1,1.0,0.0,0.0,5.719,118.88,-50.0,1402,1336,LATE_GPS,0,0,DR_TRACKING_CLOSED
17323.184,3,DR_M_GBA_CLOSED,1,1,OK,1,0,1,1,1,1,1,1.0,0.0,0.0,5.719,120.64,-50.0,1369,1303,LATE_GPS,0,0,DR_TRACKING_CLOSED
17323.234,3,DR_M_GBA_CLOSED,1,1,OK,1,0,1,1,1,1,1,1.0,0.0,0.0,5.719,123.18,-50.0,1335,1269,LATE_GPS,0,0,DR_TRACKING_CLOSED
17323.284,3,DR_M_GBA_CLOSED,1,1,OK,1,0,1,1,1,1,1,1.0,0.0,0.0,4.003,125.72,-38.229,1302,1236,LATE_GPS,0,0,DR_TRACKING_CLOSED
17323.335,3,DR_M_GBA_CLOSED,1,1,OK,1,0,1,1,1,1,1,1.0,0.0,0.0,4.003,128.26,-38.229,1269,1202,LATE_GPS,0,0,DR_TRACKING_CLOSED
17323.385,3,DR_M_GBA_CLOSED,1,1,OK,1,0,1,1,1,1,1,1.0,0.0,0.0,2.963,130.8,-28.293,1287,1221,LATE_GPS,0,0,DR_TRACKING_CLOSED
17323.435,3,DR_M_GBA_CLOSED,1,1,OK,1,0,1,1,1,1,1,1.0,0.0,0.0,2.963,133.34,-28.293,1287,1221,LATE_GPS,0,0,DR_TRACKING_CLOSED
17323.485,3,DR_M_GBA_CLOSED,1,1,OK,1,0,1,1,1,1,1,1.0,0.0,0.0,3.7,134.44,-35.331,1254,1188,LATE_GPS,0,0,DR_TRACKING_CLOSED
17323.535,3,DR_M_GBA_CLOSED,1,1,OK,1,0,1,1,1,1,1,1.0,0.0,0.0,3.7,135.54,-35.331,1250,1184,LATE_GPS,0,0,DR_TRACKING_CLOSED
17323.585,3,DR_M_GBA_CLOSED,1,1,OK,1,0,1,1,1,1,1,1.0,0.0,0.0,2.59,136.64,-24.732,1283,1217,LATE_GPS,0,0,DR_TRACKING_CLOSED
17323.635,3,DR_M_GBA_CLOSED,1,1,OK,1,0,1,1,1,1,1,1.0,0.0,0.0,2.59,137.74,-24.732,1317,1250,LATE_GPS,0,0,DR_TRACKING_CLOSED
17323.685,3,DR_M_GBA_CLOSED,1,1,OK,1,0,1,1,1,1,1,1.0,0.0,0.0,1.813,138.84,-17.313,1350,1284,LATE_GPS,0,0,DR_TRACKING_CLOSED
17323.736,3,DR_M_GBA_CLOSED,1,1,OK,1,0,1,1,1,1,1,1.0,0.0,0.0,1.813,143.49,-17.313,1334,1267,LATE_GPS,0,0,DR_TRACKING_CLOSED
17323.786,3,DR_M_GBA_CLOSED,1,1,OK,1,0,1,1,1,1,1,1.0,0.0,0.0,1.813,148.15,-17.313,1334,1267,LATE_GPS,0,0,DR_TRACKING_CLOSED
17323.836,3,DR_M_GBA_CLOSED,1,1,OK,1,0,1,1,1,1,1,1.0,0.0,0.0,1.813,152.8,-17.313,1334,1267,LATE_GPS,0,0,DR_TRACKING_CLOSED
17323.886,3,DR_M_GBA_CLOSED,1,1,OK,1,0,1,1,1,1,1,1.0,0.0,0.0,1.269,157.45,-12.119,1367,1301,LATE_GPS,0,0,DR_TRACKING_CLOSED
17323.936,3,DR_M_GBA_CLOSED,1,1,OK,1,0,1,1,1,1,1,1.0,0.0,0.0,1.264,156.76,-12.071,1400,1334,LATE_GPS,0,0,DR_TRACKING_CLOSED
17323.986,3,DR_M_GBA_CLOSED,1,1,OK,1,0,1,1,1,1,1,1.0,0.0,0.0,5.404,156.07,-50.0,1367,1301,LATE_GPS,0,0,DR_TRACKING_CLOSED
17324.036,3,DR_M_GBA_CLOSED,1,1,OK,1,0,1,1,1,1,1,1.0,0.0,0.0,5.402,155.38,-50.0,1334,1267,LATE_GPS,0,0,DR_TRACKING_CLOSED
17324.087,3,DR_M_GBA_CLOSED,1,1,OK,1,0,1,1,1,1,1,1.0,0.0,0.0,4.395,154.69,-41.97,1300,1234,LATE_GPS,0,0,DR_TRACKING_CLOSED
17324.137,3,DR_M_GBA_CLOSED,1,1,OK,1,0,1,1,1,1,1,1.0,0.0,0.0,4.395,154.0,-41.97,1267,1200,LATE_GPS,0,0,DR_TRACKING_CLOSED
17324.187,3,DR_M_GBA_CLOSED,1,1,OK,1,0,1,1,1,1,1,1.0,0.0,0.0,3.077,153.31,-29.379,1300,1234,LATE_GPS,0,0,DR_TRACKING_CLOSED
17324.237,3,DR_M_GBA_CLOSED,1,1,OK,1,0,1,1,1,1,1,1.0,0.0,0.0,3.077,151.78,-29.379,1334,1267,LATE_GPS,0,0,DR_TRACKING_CLOSED
17324.287,3,DR_M_GBA_CLOSED,0,0,NAV_INVALID,1,0,1,1,1,1,1,1.0,0.0,0.0,0.491,150.25,0.0,1591,1524,LATE_GPS,0,0,DR_TRACKING_CLOSED
17324.337,3,DR_M_GBA_CLOSED,1,1,OK,1,0,1,1,1,1,1,1.0,0.0,0.0,0.5,148.72,-4.775,1400,1334,LATE_GPS,0,0,DR_TRACKING_CLOSED
17324.387,3,DR_M_GBA_CLOSED,0,0,NAV_INVALID,1,0,1,1,1,1,1,1.0,0.0,0.0,0.493,147.19,0.0,1591,1524,LATE_GPS,0,0,DR_TRACKING_CLOSED
17324.437,3,DR_M_GBA_CLOSED,0,0,NAV_INVALID,1,0,1,1,1,1,1,1.0,0.0,0.0,0.492,145.66,0.0,1591,1524,LATE_GPS,0,0,DR_TRACKING_CLOSED
17324.488,3,DR_M_GBA_CLOSED,1,1,OK,1,0,1,1,1,1,1,1.0,0.0,0.0,4.123,144.13,-39.373,1300,1234,LATE_GPS,0,0,DR_TRACKING_CLOSED
17324.538,3,DR_M_GBA_CLOSED,1,1,OK,1,0,1,1,1,1,1,1.0,0.0,0.0,4.123,142.6,-39.373,1275,1209,LATE_GPS,0,0,DR_TRACKING_CLOSED
17324.588,3,DR_M_GBA_CLOSED,1,1,OK,1,0,1,1,1,1,1,1.0,0.0,0.0,3.733,141.06,-35.65,1308,1242,LATE_GPS,0,0,DR_TRACKING_CLOSED
17324.638,3,DR_M_GBA_CLOSED,1,1,OK,1,0,1,1,1,1,1,1.0,0.0,0.0,3.733,139.53,-35.65,1319,1253,LATE_GPS,0,0,DR_TRACKING_CLOSED
17324.688,3,DR_M_GBA_CLOSED,1,1,OK,1,0,1,1,1,1,1,1.0,0.0,0.0,2.909,143.87,-27.784,1286,1219,LATE_GPS,0,0,DR_TRACKING_CLOSED
17324.738,3,DR_M_GBA_CLOSED,1,1,OK,1,0,1,1,1,1,1,1.0,0.0,0.0,2.909,148.2,-27.784,1252,1186,LATE_GPS,0,0,DR_TRACKING_CLOSED
17324.788,3,DR_M_GBA_CLOSED,1,1,OK,1,0,1,1,1,1,1,1.0,0.0,0.0,4.011,150.36,-38.298,1219,1153,LATE_GPS,0,0,DR_TRACKING_CLOSED
17324.838,3,DR_M_GBA_CLOSED,1,1,OK,1,0,1,1,1,1,1,1.0,0.0,0.0,4.003,152.51,-38.228,1186,1120,LATE_GPS,0,0,DR_TRACKING_CLOSED
17324.889,3,DR_M_GBA_CLOSED,1,1,OK,1,0,1,1,1,1,1,1.0,0.0,0.0,4.011,146.6,-38.298,1220,1154,LATE_GPS,0,0,DR_TRACKING_CLOSED
17324.939,3,DR_M_GBA_CLOSED,1,1,OK,1,0,1,1,1,1,1,1.0,0.0,0.0,4.011,140.68,-38.298,1253,1187,LATE_GPS,0,0,DR_TRACKING_CLOSED
17324.989,3,DR_M_GBA_CLOSED,1,1,OK,1,0,1,1,1,1,1,1.0,0.0,0.0,3.044,139.6,-29.071,1287,1221,LATE_GPS,0,0,DR_TRACKING_CLOSED
17325.039,3,DR_M_GBA_CLOSED,1,1,OK,1,0,1,1,1,1,1,1.0,0.0,0.0,3.044,138.53,-29.071,1320,1254,LATE_GPS,0,0,DR_TRACKING_CLOSED
17325.089,3,DR_M_GBA_CLOSED,1,1,OK,1,0,1,1,1,1,1,1.0,0.0,0.0,3.267,137.45,-31.197,1354,1287,LATE_GPS,0,0,DR_TRACKING_CLOSED
17325.139,3,DETUMBLING,0,0,DETUMBLING,1,0,1,1,1,1,1,1.0,0.0,0.0,3.267,137.45,0.0,1591,1524,LATE_GPS,0,0,DR_TRACKING_CLOSED
17325.189,3,DETUMBLING,0,0,DETUMBLING,1,0,1,1,1,1,1,1.0,0.0,0.0,3.267,137.45,0.0,1591,1524,LATE_GPS,0,0,DR_TRACKING_CLOSED
17325.239,3,DETUMBLING,0,0,DETUMBLING,1,0,1,1,1,1,1,1.0,0.0,0.0,3.267,137.45,0.0,1591,1524,LATE_GPS,0,0,DR_TRACKING_CLOSED
17325.29,3,DETUMBLING,0,0,DETUMBLING,1,0,1,1,1,1,1,1.0,0.0,0.0,3.267,137.45,0.0,1591,1524,LATE_GPS,0,0,DR_TRACKING_CLOSED
17325.34,3,DETUMBLING,0,0,DETUMBLING,1,0,1,1,1,1,1,1.0,0.0,0.0,3.267,137.45,0.0,1591,1524,LATE_GPS,0,0,DR_TRACKING_CLOSED
17325.39,3,DR_M_GBA_CLOSED,0,0,NAV_INVALID,1,0,1,1,1,1,1,1.0,0.0,0.0,0.475,126.48,0.0,1591,1524,LATE_GPS,0,0,DR_TRACKING_CLOSED
17325.44,3,DR_M_GBA_CLOSED,0,0,NAV_INVALID,1,0,1,1,1,1,1,1.0,0.0,0.0,0.493,124.65,0.0,1591,1524,LATE_GPS,0,0,DR_TRACKING_CLOSED
17325.49,3,DR_M_GBA_CLOSED,1,1,OK,1,0,1,1,1,1,1,1.0,0.0,0.0,0.5,122.82,-4.775,1487,1421,LATE_GPS,0,0,DR_TRACKING_CLOSED
17325.54,3,DR_M_GBA_CLOSED,1,1,OK,1,0,1,1,1,1,1,1.0,0.0,0.0,0.5,120.99,-4.775,1520,1454,LATE_GPS,0,0,DR_TRACKING_CLOSED
17325.59,3,DR_M_GBA_CLOSED,1,1,OK,1,0,1,1,1,1,1,1.0,0.0,0.0,0.5,119.16,-4.775,1554,1487,LATE_GPS,0,0,DR_TRACKING_CLOSED
17325.64,3,DR_M_GBA_CLOSED,1,1,OK,1,0,1,1,1,1,1,1.0,0.0,0.0,0.505,117.33,-4.826,1587,1521,LATE_GPS,0,0,DR_TRACKING_CLOSED
17325.691,3,DR_M_GBA_CLOSED,1,1,OK,1,0,1,1,1,1,1,1.0,0.0,0.0,0.501,116.27,-4.789,1613,1547,LATE_GPS,0,0,DR_TRACKING_CLOSED
17325.741,3,DR_M_GBA_CLOSED,1,1,OK,1,0,1,1,1,1,1,1.0,0.0,0.0,0.5,115.21,-4.775,1613,1547,LATE_GPS,0,0,DR_TRACKING_CLOSED
17325.791,3,DR_M_GBA_CLOSED,1,1,OK,1,0,1,1,1,1,1,1.0,0.0,0.0,0.5,114.15,-4.775,1613,1547,LATE_GPS,0,0,DR_TRACKING_CLOSED
17325.841,3,DR_M_GBA_CLOSED,0,0,NAV_INVALID,1,0,1,1,1,1,1,1.0,0.0,0.0,0.491,113.09,0.0,1591,1524,LATE_GPS,0,0,DR_TRACKING_CLOSED
17325.891,3,DR_M_GBA_CLOSED,1,1,OK,1,0,1,1,1,1,1,1.0,0.0,0.0,0.501,112.03,-4.787,1613,1547,LATE_GPS,0,0,DR_TRACKING_CLOSED
17325.941,3,DR_M_GBA_CLOSED,1,1,OK,1,0,1,1,1,1,1,1.0,0.0,0.0,0.5,110.97,-4.775,1613,1547,LATE_GPS,0,0,DR_TRACKING_CLOSED
17325.991,3,DR_M_GBA_CLOSED,1,1,OK,1,0,1,1,1,1,1,1.0,0.0,0.0,3.894,109.91,-37.187,1580,1514,LATE_GPS,0,0,DR_TRACKING_CLOSED
17326.041,3,DR_M_GBA_CLOSED,1,1,OK,1,0,1,1,1,1,1,1.0,0.0,0.0,3.894,108.85,-37.187,1547,1480,LATE_GPS,0,0,DR_TRACKING_CLOSED
17326.092,3,DR_M_GBA_CLOSED,1,1,OK,1,0,1,1,1,1,1,1.0,0.0,0.0,3.894,107.79,-37.187,1513,1447,LATE_GPS,0,0,DR_TRACKING_CLOSED
17326.142,3,DR_PM_GBA_CLOSED,1,1,OK,0,0,1,1,1,1,1,0.9997,0.185,-0.064,3.894,109.08,-37.177,1480,1413,LATE_GPS,0,0,DR_TRACKING_CLOSED
17326.192,3,DR_PM_GBA_CLOSED,1,1,OK,0,0,1,1,1,1,1,0.9987,0.31,-0.112,2.679,110.85,-25.552,1446,1380,LATE_GPS,0,0,DR_TRACKING_CLOSED
17326.242,3,DR_PM_GBA_CLOSED,1,1,OK,0,0,1,1,1,1,1,0.9977,0.434,-0.163,2.679,112.62,-25.526,1413,1347,LATE_GPS,0,0,DR_TRACKING_CLOSED
17326.292,3,DR_PM_GBA_CLOSED,1,1,OK,0,0,1,1,1,1,1,0.9967,0.599,-0.238,3.62,114.38,-34.451,1379,1313,LATE_GPS,0,0,DR_TRACKING_CLOSED
17326.342,3,DETUMBLING,0,0,DETUMBLING,0,0,1,1,1,1,1,0.9967,0.599,-0.238,3.62,114.38,0.0,1591,1524,LATE_GPS,0,0,DR_TRACKING_CLOSED
17326.392,3,DETUMBLING,0,0,DETUMBLING,0,0,1,1,1,1,1,0.9967,0.599,-0.238,3.62,114.38,0.0,1591,1524,LATE_GPS,0,0,DR_TRACKING_CLOSED
17326.442,3,DETUMBLING,0,0,DETUMBLING,0,0,1,1,1,1,1,0.9967,0.599,-0.238,3.62,114.38,0.0,1591,1524,LATE_GPS,0,0,DR_TRACKING_CLOSED
17326.492,3,DETUMBLING,0,0,DETUMBLING,0,0,1,1,1,1,1,0.9967,0.599,-0.238,3.62,114.38,0.0,1591,1524,LATE_GPS,0,0,DR_TRACKING_CLOSED
17326.543,3,DETUMBLING,0,0,DETUMBLING,0,0,1,1,1,1,1,0.9967,0.599,-0.238,3.62,114.38,0.0,1591,1524,LATE_GPS,0,0,DR_TRACKING_CLOSED
17326.593,3,DR_PM_GBA_CLOSED,1,1,OK,0,0,1,1,1,1,1,0.9907,0.92,-0.414,1.217,118.72,-11.511,1513,1447,LATE_GPS,0,0,DR_TRACKING_CLOSED
17326.643,3,DR_PM_GBA_CLOSED,1,1,OK,0,0,1,1,1,1,1,0.9897,0.973,-0.444,1.217,119.45,-11.499,1515,1449,LATE_GPS,0,0,DR_TRACKING_CLOSED
17326.693,3,DR_PM_GBA_CLOSED,1,1,OK,0,0,1,1,1,1,1,0.9887,1.026,-0.475,1.217,120.17,-11.487,1515,1449,LATE_GPS,0,0,DR_TRACKING_CLOSED
17326.743,3,DR_PM_GBA_CLOSED,1,1,OK,0,0,1,1,1,1,1,0.9877,1.078,-0.506,1.217,120.9,-11.476,1515,1449,LATE_GPS,0,0,DR_TRACKING_CLOSED
17326.793,3,DR_PM_GBA_CLOSED,1,1,OK,0,0,1,1,1,1,1,0.9867,1.119,-0.531,0.964,121.58,-9.082,1528,1462,LATE_GPS,0,0,DR_TRACKING_CLOSED
17326.843,3,DR_PM_GBA_CLOSED,1,1,OK,0,0,1,1,1,1,1,0.9857,1.161,-0.556,0.964,121.23,-9.073,1551,1484,LATE_GPS,0,0,DR_TRACKING_CLOSED
17326.893,3,DR_PM_GBA_CLOSED,1,1,OK,0,0,1,1,1,1,1,0.9847,1.459,-0.735,6.943,120.87,-45.0,1517,1451,LATE_GPS,0,0,DR_TRACKING_CLOSED
17326.944,3,DR_PM_GBA_CLOSED,1,1,OK,0,0,1,1,1,1,1,0.9837,1.759,-0.912,6.943,120.52,-45.0,1484,1418,LATE_GPS,0,0,DR_TRACKING_CLOSED
17326.994,3,DR_PM_GBA_CLOSED,1,1,OK,0,0,1,1,1,1,1,0.9827,2.04,-1.075,6.493,120.17,-45.0,1450,1384,LATE_GPS,0,0,DR_TRACKING_CLOSED
17327.044,3,DETUMBLING,0,0,DETUMBLING,0,0,1,1,1,1,1,0.9827,2.04,-1.075,6.493,120.17,0.0,1591,1524,LATE_GPS,0,0,DR_TRACKING_CLOSED
17327.094,3,DETUMBLING,0,0,DETUMBLING,0,0,1,1,1,1,1,0.9827,2.04,-1.075,6.493,120.17,0.0,1591,1524,LATE_GPS,0,0,DR_TRACKING_CLOSED
17327.144,3,DETUMBLING,0,0,DETUMBLING,0,0,1,1,1,1,1,0.9827,2.04,-1.075,6.493,120.17,0.0,1591,1524,LATE_GPS,0,0,DR_TRACKING_CLOSED
17327.194,3,DETUMBLING,0,0,DETUMBLING,0,0,1,1,1,1,1,0.9827,2.04,-1.075,6.493,120.17,0.0,1591,1524,LATE_GPS,0,0,DR_TRACKING_CLOSED
17327.244,3,DR_PM_GBA_CLOSED,1,1,OK,0,0,1,1,1,1,1,0.9777,3.115,-1.505,4.618,111.58,-43.113,1323,1257,LATE_GPS,0,0,DR_TRACKING_CLOSED
17327.294,3,DR_PM_GBA_CLOSED,1,1,OK,0,0,1,1,1,1,1,0.9767,3.268,-1.561,3.253,109.86,-30.337,1357,1291,LATE_GPS,0,0,DR_TRACKING_CLOSED
17327.346,3,DR_PM_GBA_CLOSED,1,1,OK,0,0,1,1,1,1,1,0.9756,3.426,-1.613,3.252,108.11,-30.302,1391,1325,LATE_GPS,0,0,DR_TRACKING_CLOSED
17327.396,3,DR_PM_GBA_CLOSED,1,1,OK,0,0,1,1,1,1,1,0.9746,3.536,-1.645,2.282,106.4,-21.243,1424,1358,LATE_GPS,0,0,DR_TRACKING_CLOSED
17327.446,3,DR_PM_GBA_CLOSED,1,1,OK,0,0,1,1,1,1,1,0.9736,3.647,-1.674,2.282,104.67,-21.221,1458,1392,LATE_GPS,0,0,DR_TRACKING_CLOSED
17327.496,3,DR_PM_GBA_CLOSED,1,1,OK,0,0,1,1,1,1,1,0.9726,3.753,-1.699,2.157,102.96,-20.036,1491,1425,LATE_GPS,0,0,DR_TRACKING_CLOSED
17327.546,3,DETUMBLING,0,0,DETUMBLING,0,0,1,1,1,1,1,0.9726,3.753,-1.699,2.157,102.96,0.0,1591,1524,LATE_GPS,0,0,DR_TRACKING_CLOSED
17327.597,3,DETUMBLING,0,0,DETUMBLING,0,0,1,1,1,1,1,0.9726,3.753,-1.699,2.157,102.96,0.0,1591,1524,LATE_GPS,0,0,DR_TRACKING_CLOSED
17327.647,3,DETUMBLING,0,0,DETUMBLING,0,0,1,1,1,1,1,0.9726,3.753,-1.699,2.157,102.96,0.0,1591,1524,LATE_GPS,0,0,DR_TRACKING_CLOSED
17327.697,3,DETUMBLING,0,0,DETUMBLING,0,0,1,1,1,1,1,0.9726,3.753,-1.699,2.157,102.96,0.0,1591,1524,LATE_GPS,0,0,DR_TRACKING_CLOSED
17327.747,3,DETUMBLING,0,0,DETUMBLING,0,0,1,1,1,1,1,0.9726,3.753,-1.699,2.157,102.96,0.0,1591,1524,LATE_GPS,0,0,DR_TRACKING_CLOSED
17327.797,3,DR_PM_GBA_CLOSED,1,1,OK,0,0,1,1,1,1,1,0.9666,4.403,-1.632,2.172,83.6,-20.048,1542,1475,LATE_GPS,0,0,DR_TRACKING_CLOSED
17327.847,3,DR_PM_GBA_CLOSED,1,1,OK,0,0,1,1,1,1,1,0.9656,4.51,-1.613,2.172,80.38,-20.024,1542,1476,LATE_GPS,0,0,DR_TRACKING_CLOSED
17327.897,3,DR_PM_GBA_CLOSED,1,1,OK,0,0,1,1,1,1,1,0.9646,4.534,-1.608,0.5,77.15,-4.593,1575,1509,LATE_GPS,0,0,DR_TRACKING_CLOSED
17327.947,3,DR_PM_GBA_CLOSED,1,1,OK,0,0,1,1,1,1,1,0.9636,4.558,-1.601,0.5,73.93,-4.562,1609,1542,LATE_GPS,0,0,DR_TRACKING_CLOSED
17327.997,3,DR_PM_GBA_CLOSED,1,1,OK,0,0,1,1,1,1,1,0.9626,4.676,-1.56,2.478,70.71,-22.388,1575,1509,LATE_GPS,0,0,DR_TRACKING_CLOSED
17328.048,3,DR_PM_GBA_CLOSED,1,1,OK,0,0,1,1,1,1,1,0.9616,4.796,-1.531,2.478,76.47,-22.674,1542,1476,LATE_GPS,0,0,DR_TRACKING_CLOSED
17328.098,3,DR_PM_GBA_CLOSED,1,1,OK,0,0,1,1,1,1,1,0.9606,5.058,-1.495,5.269,82.23,-45.0,1508,1442,LATE_GPS,0,0,DR_TRACKING_CLOSED
17328.148,3,DR_PM_GBA_CLOSED,1,1,OK,0,0,1,1,1,1,1,0.9596,5.322,-1.486,5.269,87.99,-45.0,1475,1409,LATE_GPS,0,0,DR_TRACKING_CLOSED
17328.198,3,DR_PM_GBA_CLOSED,1,1,OK,0,0,1,1,1,1,1,0.9586,5.585,-1.503,5.269,93.75,-45.0,1442,1375,LATE_GPS,0,0,DR_TRACKING_CLOSED
17328.248,3,DETUMBLING,0,0,DETUMBLING,0,0,1,1,1,1,1,0.9586,5.585,-1.503,5.269,93.75,0.0,1591,1524,LATE_GPS,0,0,DR_TRACKING_CLOSED
17328.298,3,DETUMBLING,0,0,DETUMBLING,0,0,1,1,1,1,1,0.9586,5.585,-1.503,5.269,93.75,0.0,1591,1524,LATE_GPS,0,0,DR_TRACKING_CLOSED
17328.348,3,DETUMBLING,0,0,DETUMBLING,0,0,1,1,1,1,1,0.9586,5.585,-1.503,5.269,93.75,0.0,1591,1524,LATE_GPS,0,0,DR_TRACKING_CLOSED
17328.398,3,DETUMBLING,0,0,DETUMBLING,0,0,1,1,1,1,1,0.9586,5.585,-1.503,5.269,93.75,0.0,1591,1524,LATE_GPS,0,0,DR_TRACKING_CLOSED
17328.449,3,DETUMBLING,0,0,DETUMBLING,0,0,1,1,1,1,1,0.9586,5.585,-1.503,5.269,93.75,0.0,1591,1524,LATE_GPS,0,0,DR_TRACKING_CLOSED
17328.499,3,DETUMBLING,0,0,DETUMBLING,0,0,1,1,1,1,1,0.9586,5.585,-1.503,5.269,93.75,0.0,1591,1524,LATE_GPS,0,0,DR_TRACKING_CLOSED
17328.549,3,DR_PM_GBA_CLOSED,1,1,OK,0,0,1,1,1,1,1,0.9516,8.012,-1.494,6.917,89.78,-45.0,1308,1242,LATE_GPS,0,0,DR_TRACKING_CLOSED
17328.599,3,DR_PM_GBA_CLOSED,1,1,OK,0,0,1,1,1,1,1,0.9506,8.037,-1.494,0.5,89.22,-4.539,1342,1275,LATE_GPS,0,0,DR_TRACKING_CLOSED
17328.649,3,DR_PM_GBA_CLOSED,0,0,NAV_INVALID,0,0,1,1,1,1,1,0.9496,8.062,-1.493,0.49,88.65,0.0,1591,1524,LATE_GPS,0,0,DR_TRACKING_CLOSED
17328.699,3,DR_PM_GBA_CLOSED,0,0,NAV_INVALID,0,0,1,1,1,1,1,0.9486,8.087,-1.492,0.496,88.08,0.0,1591,1524,LATE_GPS,0,0,DR_TRACKING_CLOSED
17328.749,3,DR_PM_GBA_CLOSED,1,1,OK,0,0,1,1,1,1,1,0.9476,8.112,-1.491,0.5,87.52,-4.527,1442,1376,LATE_GPS,0,0,DR_TRACKING_CLOSED
17328.799,3,DR_PM_GBA_CLOSED,1,1,OK,0,0,1,1,1,1,1,0.9466,8.137,-1.492,0.5,91.04,-4.52,1475,1409,LATE_GPS,0,0,DR_TRACKING_CLOSED
17328.85,3,DR_PM_GBA_CLOSED,1,1,OK,0,0,1,1,1,1,1,0.9456,8.162,-1.494,0.5,94.57,-4.515,1509,1442,LATE_GPS,0,0,DR_TRACKING_CLOSED
17328.9,3,DR_PM_GBA_CLOSED,1,1,OK,0,0,1,1,1,1,1,0.9446,8.227,-1.503,1.315,98.1,-11.857,1475,1409,LATE_GPS,0,0,DR_TRACKING_CLOSED
17328.95,3,DR_PM_GBA_CLOSED,1,1,OK,0,0,1,1,1,1,1,0.9436,8.292,-1.516,1.315,101.63,-11.844,1457,1391,LATE_GPS,0,0,DR_TRACKING_CLOSED
17329.0,3,DR_PM_GBA_CLOSED,1,1,OK,0,0,1,1,1,1,1,0.9426,8.355,-1.533,1.315,105.16,-11.832,1457,1391,LATE_GPS,0,0,DR_TRACKING_CLOSED
17329.05,3,DR_PM_GBA_CLOSED,1,1,OK,0,0,1,1,1,1,1,0.9416,8.418,-1.555,1.311,108.68,-11.791,1457,1391,LATE_GPS,0,0,DR_TRACKING_CLOSED
17329.1,3,DR_PM_GBA_CLOSED,1,1,OK,0,0,1,1,1,1,1,0.9406,8.46,-1.572,0.921,112.21,-8.269,1475,1409,LATE_GPS,0,0,DR_TRACKING_CLOSED
17329.15,3,DR_PM_GBA_CLOSED,1,1,OK,0,0,1,1,1,1,1,0.9396,8.492,-1.606,0.92,136.93,-8.256,1475,1409,LATE_GPS,0,0,DR_TRACKING_CLOSED
17329.2,3,DR_PM_GBA_CLOSED,1,1,OK,0,0,1,1,1,1,1,0.9385,8.815,-1.743,7.0,113.01,-45.0,1442,1375,LATE_GPS,0,0,DR_TRACKING_CLOSED
17329.251,3,DR_PM_GBA_CLOSED,1,1,OK,0,0,1,1,1,1,1,0.9375,9.143,-1.865,6.996,110.29,-45.0,1408,1342,LATE_GPS,0,0,DR_TRACKING_CLOSED
17329.301,3,DR_PM_GBA_CLOSED,1,1,OK,0,0,1,1,1,1,1,0.9365,9.419,-1.952,5.762,107.56,-45.0,1375,1309,LATE_GPS,0,0,DR_TRACKING_CLOSED
17329.351,3,DR_PM_GBA_CLOSED,1,1,OK,0,0,1,1,1,1,1,0.9355,9.696,-2.033,5.755,106.31,-45.0,1341,1275,LATE_GPS,0,0,DR_TRACKING_CLOSED
17329.401,4,DR_PM_GBA_CLOSED,1,1,OK,0,0,1,1,1,1,1,0.9345,9.89,-2.085,4.027,105.05,-35.938,1375,1309,LATE_GPS,0,0,DR_TRACKING_CLOSED
17329.451,4,DR_PM_GBA_CLOSED,1,1,OK,0,0,1,1,1,1,1,0.9335,10.087,-2.133,4.029,103.79,-35.919,1379,1313,LATE_GPS,0,0,DR_TRACKING_CLOSED
17329.501,4,DR_PM_GBA_CLOSED,1,1,OK,0,0,1,1,1,1,1,0.9325,10.134,-2.171,1.206,128.86,-10.742,1413,1347,LATE_GPS,0,0,DR_TRACKING_CLOSED
17329.551,4,DR_PM_GBA_CLOSED,1,1,OK,0,0,1,1,1,1,1,0.9315,10.186,-2.202,1.205,120.53,-10.718,1446,1380,LATE_GPS,0,0,DR_TRACKING_CLOSED
17329.601,4,DR_PM_GBA_CLOSED,1,1,OK,0,0,1,1,1,1,1,0.9305,10.236,-2.235,1.207,123.18,-10.727,1477,1411,LATE_GPS,0,0,DR_TRACKING_CLOSED
17329.652,4,DR_PM_GBA_CLOSED,1,1,OK,0,0,1,1,1,1,1,0.9295,10.285,-2.271,1.207,126.02,-10.716,1477,1411,LATE_GPS,0,0,DR_TRACKING_CLOSED
17329.702,4,DR_PM_GBA_CLOSED,1,1,OK,0,0,1,1,1,1,1,0.9285,10.313,-2.303,0.845,139.27,-7.492,1493,1426,LATE_GPS,0,0,DR_TRACKING_CLOSED
17329.752,4,DR_PM_GBA_CLOSED,1,1,OK,0,0,1,1,1,1,1,0.9275,10.352,-2.32,0.845,113.73,-7.484,1526,1460,LATE_GPS,0,0,DR_TRACKING_CLOSED
17329.802,4,DR_PM_GBA_CLOSED,1,1,OK,0,0,1,1,1,1,1,0.9265,10.38,-2.33,0.592,109.53,-5.233,1559,1493,LATE_GPS,0,0,DR_TRACKING_CLOSED
17329.852,4,DR_PM_GBA_CLOSED,1,1,OK,0,0,1,1,1,1,1,0.9255,10.408,-2.338,0.592,105.34,-5.228,1593,1527,LATE_GPS,0,0,DR_TRACKING_CLOSED
17329.902,4,DR_PM_GBA_CLOSED,1,1,OK,0,0,1,1,1,1,1,0.9245,10.7,-2.395,5.932,101.14,-45.0,1559,1493,LATE_GPS,0,0,DR_TRACKING_CLOSED
17329.952,4,DR_PM_GBA_CLOSED,1,1,OK,0,0,1,1,1,1,1,0.9235,10.995,-2.431,5.932,96.95,-45.0,1526,1460,LATE_GPS,0,0,DR_TRACKING_CLOSED
17330.002,4,DR_PM_GBA_CLOSED,1,1,OK,0,0,1,1,1,1,1,0.9225,11.189,-2.505,4.152,110.84,-36.577,1493,1426,LATE_GPS,0,0,DR_TRACKING_CLOSED
17330.052,4,DR_PM_GBA_CLOSED,1,1,OK,0,0,1,1,1,1,1,0.9215,11.393,-2.549,4.152,102.13,-36.537,1459,1393,LATE_GPS,0,0,DR_TRACKING_CLOSED
17330.103,4,DR_PM_GBA_CLOSED,1,1,OK,0,0,1,1,1,1,1,0.9205,11.6,-2.528,4.152,84.36,-36.498,1433,1367,LATE_GPS,0,0,DR_TRACKING_CLOSED
17330.153,4,DR_PM_GBA_CLOSED,1,1,OK,0,0,1,1,1,1,1,0.9195,11.805,-2.493,4.152,80.17,-36.458,1433,1367,LATE_GPS,0,0,DR_TRACKING_CLOSED
17330.203,4,DR_PM_GBA_CLOSED,1,1,OK,0,0,1,1,1,1,1,0.9185,11.965,-2.457,3.278,77.23,-28.715,1467,1401,LATE_GPS,0,0,DR_TRACKING_CLOSED
17330.253,4,DR_PM_GBA_CLOSED,1,1,OK,0,0,1,1,1,1,1,0.9175,12.128,-2.429,3.28,80.33,-28.735,1433,1367,LATE_GPS,0,0,DR_TRACKING_CLOSED
17330.303,4,DR_PM_GBA_CLOSED,1,1,OK,0,0,1,1,1,1,1,0.9165,12.222,-2.418,1.905,83.44,-16.671,1437,1371,LATE_GPS,0,0,DR_TRACKING_CLOSED
17330.353,4,DR_PM_GBA_CLOSED,1,1,OK,0,0,1,1,1,1,1,0.9155,12.318,-2.413,1.905,86.54,-16.652,1437,1371,LATE_GPS,0,0,DR_TRACKING_CLOSED
17330.403,4,DR_PM_GBA_CLOSED,1,1,OK,0,0,1,1,1,1,1,0.9145,12.362,-2.412,0.885,89.64,-7.728,1471,1405,LATE_GPS,0,0,DR_TRACKING_CLOSED
17330.453,4,DR_PM_GBA_CLOSED,1,1,OK,0,0,1,1,1,1,1,0.9135,12.405,-2.425,0.885,106.16,-7.719,1447,1381,LATE_GPS,0,0,DR_TRACKING_CLOSED
17330.504,4,DR_PM_GBA_CLOSED,1,1,OK,0,0,1,1,1,1,1,0.9125,12.429,-2.432,0.5,106.89,-4.357,1480,1414,LATE_GPS,0,0,DR_TRACKING_CLOSED
17330.554,4,DR_PM_GBA_CLOSED,1,1,OK,0,0,1,1,1,1,1,0.9115,12.452,-2.44,0.5,108.61,-4.352,1485,1419,LATE_GPS,0,0,DR_TRACKING_CLOSED
17330.604,4,DR_PM_GBA_CLOSED,1,1,OK,0,0,1,1,1,1,1,0.9105,12.474,-2.452,0.5,118.52,-4.347,1485,1419,LATE_GPS,0,0,DR_TRACKING_CLOSED
17330.654,4,DR_PM_GBA_CLOSED,1,1,OK,0,0,1,1,1,1,1,0.9095,12.497,-2.462,0.5,114.93,-4.342,1485,1419,LATE_GPS,0,0,DR_TRACKING_CLOSED
17330.704,4,DR_PM_GBA_CLOSED,1,1,OK,0,0,1,1,1,1,1,0.9085,12.52,-2.473,0.5,114.37,-4.338,1519,1453,LATE_GPS,0,0,DR_TRACKING_CLOSED
17330.754,4,DR_PM_GBA_CLOSED,1,1,OK,0,0,1,1,1,1,1,0.9075,12.543,-2.483,0.5,113.8,-4.333,1552,1486,LATE_GPS,0,0,DR_TRACKING_CLOSED
17330.804,4,DR_PM_GBA_CLOSED,1,1,OK,0,0,1,1,1,1,1,0.9065,12.566,-2.493,0.5,113.24,-4.328,1586,1519,LATE_GPS,0,0,DR_TRACKING_CLOSED
17330.854,4,DR_PM_GBA_CLOSED,1,1,OK,0,0,1,1,1,1,1,0.9055,12.584,-2.51,0.5,132.76,-4.323,1598,1531,LATE_GPS,0,0,DR_TRACKING_CLOSED
17330.905,4,DR_PM_GBA_CLOSED,1,1,OK,0,0,1,1,1,1,1,0.9045,12.765,-2.626,4.278,122.68,-36.946,1564,1498,LATE_GPS,0,0,DR_TRACKING_CLOSED
17330.955,4,DR_PM_GBA_CLOSED,1,1,OK,0,0,1,1,1,1,1,0.9035,12.957,-2.72,4.278,116.1,-36.905,1531,1465,LATE_GPS,0,0,DR_TRACKING_CLOSED
17331.005,4,DR_PM_GBA_CLOSED,1,1,OK,0,0,1,1,1,1,1,0.9025,13.12,-2.784,3.492,111.45,-30.096,1497,1431,LATE_GPS,0,0,DR_TRACKING_CLOSED
17331.055,4,DR_PM_GBA_CLOSED,1,1,OK,0,0,1,1,1,1,1,0.9015,13.285,-2.843,3.492,109.65,-30.063,1464,1398,LATE_GPS,0,0,DR_TRACKING_CLOSED
17331.105,4,DETUMBLING,0,0,DETUMBLING,0,0,1,1,1,1,1,0.9015,13.285,-2.843,3.492,109.65,0.0,1591,1524,LATE_GPS,0,0,DR_TRACKING_CLOSED
17331.155,4,DETUMBLING,0,0,DETUMBLING,0,0,1,1,1,1,1,0.9015,13.285,-2.843,3.492,109.65,0.0,1591,1524,LATE_GPS,0,0,DR_TRACKING_CLOSED
17331.205,4,DETUMBLING,0,0,DETUMBLING,0,0,1,1,1,1,1,0.9015,13.285,-2.843,3.492,109.65,0.0,1591,1524,LATE_GPS,0,0,DR_TRACKING_CLOSED
17331.255,4,DR_PM_GBA_CLOSED,1,1,OK,0,0,1,1,1,1,1,0.8974,13.638,-2.968,1.867,109.49,-15.996,1597,1531,LATE_GPS,0,0,DR_TRACKING_CLOSED
17331.306,4,DR_PM_GBA_CLOSED,1,1,OK,0,0,1,1,1,1,1,0.8964,13.73,-2.984,1.867,99.88,-15.978,1599,1533,LATE_GPS,0,0,DR_TRACKING_CLOSED
17331.356,4,DR_PM_GBA_CLOSED,1,1,OK,0,0,1,1,1,1,1,0.8954,13.824,-2.987,1.867,92.17,-15.96,1599,1533,LATE_GPS,0,0,DR_TRACKING_CLOSED
17331.406,4,DR_PM_GBA_CLOSED,1,1,OK,0,0,1,1,1,1,1,0.8944,13.889,-2.985,1.307,88.29,-11.16,1566,1500,LATE_GPS,0,0,DR_TRACKING_CLOSED
17331.456,4,DR_PM_GBA_CLOSED,1,1,OK,0,0,1,1,1,1,1,0.8934,13.954,-2.981,1.307,85.77,-11.148,1533,1466,LATE_GPS,0,0,DR_TRACKING_CLOSED
17331.506,4,DR_PM_GBA_CLOSED,1,1,OK,0,0,1,1,1,1,1,0.8924,14.022,-2.975,1.358,84.94,-11.575,1499,1433,LATE_GPS,0,0,DR_TRACKING_CLOSED
17331.556,4,DR_PM_GBA_CLOSED,1,1,OK,0,0,1,1,1,1,1,0.8914,14.09,-2.979,1.358,93.72,-11.562,1480,1414,LATE_GPS,0,0,DR_TRACKING_CLOSED
17331.606,4,DR_PM_GBA_CLOSED,1,1,OK,0,0,1,1,1,1,1,0.8904,14.137,-2.989,0.951,102.57,-8.084,1497,1431,LATE_GPS,0,0,DR_TRACKING_CLOSED
17331.656,4,DR_PM_GBA_CLOSED,1,1,OK,0,0,1,1,1,1,1,0.8894,14.18,-3.009,0.951,114.21,-8.075,1531,1464,LATE_GPS,0,0,DR_TRACKING_CLOSED
17331.707,4,DR_PM_GBA_CLOSED,1,1,OK,0,0,1,1,1,1,1,0.8884,14.381,-3.093,4.346,112.74,-36.87,1497,1431,LATE_GPS,0,0,DR_TRACKING_CLOSED
17331.757,4,DR_PM_GBA_CLOSED,1,1,OK,0,0,1,1,1,1,1,0.8874,14.586,-3.166,4.346,109.54,-36.828,1464,1398,LATE_GPS,0,0,DR_TRACKING_CLOSED
17331.807,4,DR_PM_GBA_CLOSED,1,1,OK,0,0,1,1,1,1,1,0.8864,14.775,-3.213,3.879,103.93,-32.831,1430,1364,LATE_GPS,0,0,DR_TRACKING_CLOSED
17331.857,4,DR_PM_GBA_CLOSED,1,1,OK,0,0,1,1,1,1,1,0.8854,14.969,-3.212,3.879,89.67,-32.794,1407,1341,LATE_GPS,0,0,DR_TRACKING_CLOSED
17331.907,4,DR_PM_GBA_CLOSED,1,1,OK,0,0,1,1,1,1,1,0.8844,15.163,-3.198,3.879,86.04,-32.757,1374,1308,LATE_GPS,0,0,DR_TRACKING_CLOSED
17331.957,4,DR_PM_GBA_CLOSED,1,1,OK,0,0,1,1,1,1,1,0.8834,15.357,-3.178,3.879,83.94,-32.72,1341,1274,LATE_GPS,0,0,DR_TRACKING_CLOSED
17332.007,4,DR_PM_GBA_CLOSED,1,1,OK,0,0,1,1,1,1,1,0.8824,15.524,-3.161,3.365,84.42,-28.352,1335,1268,LATE_GPS,0,0,DR_TRACKING_CLOSED
17332.057,4,DR_PM_GBA_CLOSED,1,1,OK,0,0,1,1,1,1,1,0.8814,15.693,-3.171,3.365,93.2,-28.319,1335,1269,LATE_GPS,0,0,DR_TRACKING_CLOSED
17332.107,4,DR_PM_GBA_CLOSED,1,1,OK,0,0,1,1,1,1,1,0.8804,15.899,-3.219,4.233,103.16,-35.591,1302,1235,LATE_GPS,0,0,DR_TRACKING_CLOSED
17332.158,4,DR_PM_GBA_CLOSED,1,1,OK,0,0,1,1,1,1,1,0.8794,16.093,-3.306,4.233,114.09,-35.551,1308,1242,LATE_GPS,0,0,DR_TRACKING_CLOSED
17332.208,4,DR_PM_GBA_CLOSED,1,1,OK,0,0,1,1,1,1,1,0.8784,16.226,-3.371,2.963,116.27,-24.857,1342,1275,LATE_GPS,0,0,DR_TRACKING_CLOSED
17332.258,4,DR_PM_GBA_CLOSED,1,1,OK,0,0,1,1,1,1,1,0.8774,16.359,-3.437,2.963,116.4,-24.828,1375,1309,LATE_GPS,0,0,DR_TRACKING_CLOSED
17332.308,4,DR_PM_GBA_CLOSED,1,1,OK,0,0,1,1,1,1,1,0.8764,16.46,-3.472,2.119,108.98,-17.738,1408,1342,LATE_GPS,0,0,DR_TRACKING_CLOSED
17332.358,4,DR_PM_GBA_CLOSED,1,1,OK,0,0,1,1,1,1,1,0.8754,16.564,-3.494,2.119,102.13,-17.718,1442,1376,LATE_GPS,0,0,DR_TRACKING_CLOSED
17332.408,4,DR_PM_GBA_CLOSED,1,1,OK,0,0,1,1,1,1,1,0.8744,16.652,-3.554,2.119,123.68,-17.689,1421,1355,LATE_GPS,0,0,DR_TRACKING_CLOSED
17332.458,4,DR_PM_GBA_CLOSED,1,1,OK,0,0,1,1,1,1,1,0.8734,16.736,-3.618,2.127,127.27,-17.741,1421,1354,LATE_GPS,0,0,DR_TRACKING_CLOSED
17332.508,4,DR_PM_GBA_CLOSED,1,1,OK,0,0,1,1,1,1,1,0.8724,16.799,-3.672,1.645,130.87,-13.705,1445,1379,LATE_GPS,0,0,DR_TRACKING_CLOSED
17332.559,4,DR_PM_GBA_CLOSED,1,1,OK,0,0,1,1,1,1,1,0.8714,16.858,-3.73,1.645,134.46,-13.689,1445,1379,LATE_GPS,0,0,DR_TRACKING_CLOSED
17332.609,4,DR_PM_GBA_CLOSED,1,1,OK,0,0,1,1,1,1,1,0.8704,16.908,-3.757,1.152,118.31,-9.572,1479,1412,LATE_GPS,0,0,DR_TRACKING_CLOSED
17332.659,4,DR_PM_GBA_CLOSED,1,1,OK,0,0,1,1,1,1,1,0.8694,16.959,-3.786,1.152,119.46,-9.561,1502,1436,LATE_GPS,0,0,DR_TRACKING_CLOSED
17332.709,4,DR_PM_GBA_CLOSED,1,1,OK,0,0,1,1,1,1,1,0.8684,16.994,-3.806,0.806,120.6,-6.685,1515,1449,LATE_GPS,0,0,DR_TRACKING_CLOSED
17332.759,4,DR_PM_GBA_CLOSED,1,1,OK,0,0,1,1,1,1,1,0.8674,17.018,-3.838,0.806,141.89,-6.677,1516,1449,LATE_GPS,0,0,DR_TRACKING_CLOSED
17332.809,4,DR_PM_GBA_CLOSED,1,1,OK,0,0,1,1,1,1,1,0.8664,17.046,-3.88,1.006,147.16,-8.321,1482,1416,LATE_GPS,0,0,DR_TRACKING_CLOSED
17332.859,4,DR_PM_GBA_CLOSED,1,1,OK,0,0,1,1,1,1,1,0.8654,17.069,-3.925,1.006,152.42,-8.312,1449,1382,LATE_GPS,0,0,DR_TRACKING_CLOSED
17332.91,4,DR_PM_GBA_CLOSED,1,1,OK,0,0,1,1,1,1,1,0.8644,17.173,-4.179,5.426,157.73,-44.786,1415,1349,LATE_GPS,0,0,DR_TRACKING_CLOSED
17332.96,4,DR_PM_GBA_CLOSED,1,1,OK,0,0,1,1,1,1,1,0.8634,17.253,-4.439,5.426,163.0,-44.735,1382,1315,LATE_GPS,0,0,DR_TRACKING_CLOSED
17333.01,4,DR_PM_GBA_CLOSED,1,1,OK,0,0,1,1,1,1,1,0.8624,17.33,-4.699,5.425,163.51,-44.674,1348,1282,LATE_GPS,0,0,DR_TRACKING_CLOSED
17333.06,4,DR_PM_GBA_CLOSED,1,1,OK,0,0,1,1,1,1,1,0.8614,17.417,-4.957,5.426,161.34,-44.631,1319,1253,LATE_GPS,0,0,DR_TRACKING_CLOSED
17333.11,4,DR_PM_GBA_CLOSED,1,1,OK,0,0,1,1,1,1,1,0.8604,17.504,-5.186,4.883,159.18,-40.12,1353,1287,LATE_GPS,0,0,DR_TRACKING_CLOSED
17333.16,4,DR_PM_GBA_CLOSED,1,1,OK,0,0,1,1,1,1,1,0.8593,17.6,-5.411,4.883,157.01,-40.073,1357,1291,LATE_GPS,0,0,DR_TRACKING_CLOSED
17333.211,4,DR_PM_GBA_CLOSED,1,1,OK,0,0,1,1,1,1,1,0.8583,17.676,-5.574,3.594,154.85,-29.456,1391,1325,LATE_GPS,0,0,DR_TRACKING_CLOSED
17333.261,4,DR_PM_GBA_CLOSED,1,1,OK,0,0,1,1,1,1,1,0.8573,17.759,-5.734,3.594,152.68,-29.422,1424,1358,LATE_GPS,0,0,DR_TRACKING_CLOSED
17333.311,4,DETUMBLING,0,0,DETUMBLING,0,0,1,1,1,1,1,0.8573,17.759,-5.734,3.594,152.68,0.0,1591,1524,LATE_GPS,0,0,DR_TRACKING_CLOSED
17333.361,4,DETUMBLING,0,0,DETUMBLING,0,0,1,1,1,1,1,0.8573,17.759,-5.734,3.594,152.68,0.0,1591,1524,LATE_GPS,0,0,DR_TRACKING_CLOSED
17333.411,4,DETUMBLING,0,0,DETUMBLING,0,0,1,1,1,1,1,0.8573,17.759,-5.734,3.594,152.68,0.0,1591,1524,LATE_GPS,0,0,DR_TRACKING_CLOSED
17333.461,4,DETUMBLING,0,0,DETUMBLING,0,0,1,1,1,1,1,0.8573,17.759,-5.734,3.594,152.68,0.0,1591,1524,LATE_GPS,0,0,DR_TRACKING_CLOSED
17333.511,4,DETUMBLING,0,0,DETUMBLING,0,0,1,1,1,1,1,0.8573,17.759,-5.734,3.594,152.68,0.0,1591,1524,LATE_GPS,0,0,DR_TRACKING_CLOSED
17333.561,4,DETUMBLING,0,0,DETUMBLING,0,0,1,1,1,1,1,0.8573,17.759,-5.734,3.594,152.68,0.0,1591,1524,LATE_GPS,0,0,DR_TRACKING_CLOSED
17333.611,4,DETUMBLING,0,0,DETUMBLING,0,0,1,1,1,1,1,0.8573,17.759,-5.734,3.594,152.68,0.0,1591,1524,LATE_GPS,0,0,DR_TRACKING_CLOSED
17333.662,4,DETUMBLING,0,0,DETUMBLING,0,0,1,1,1,1,1,0.8573,17.759,-5.734,3.594,152.68,0.0,1591,1524,LATE_GPS,0,0,DR_TRACKING_CLOSED
17333.712,4,DETUMBLING,0,0,DETUMBLING,0,0,1,1,1,1,1,0.8573,17.759,-5.734,3.594,152.68,0.0,1591,1524,LATE_GPS,0,0,DR_TRACKING_CLOSED
17333.762,4,DETUMBLING,0,0,DETUMBLING,0,0,1,1,1,1,1,0.8573,17.759,-5.734,3.594,152.68,0.0,1591,1524,LATE_GPS,0,0,DR_TRACKING_CLOSED
17333.812,4,DETUMBLING,0,0,DETUMBLING,0,0,1,1,1,1,1,0.8573,17.759,-5.734,3.594,152.68,0.0,1591,1524,LATE_GPS,0,0,DR_TRACKING_CLOSED
17333.862,4,DR_PM_GBA_CLOSED,1,1,OK,0,0,1,1,1,1,1,0.8453,18.818,-7.186,3.594,143.9,-29.009,1429,1363,LATE_GPS,0,0,DR_TRACKING_CLOSED
17333.912,4,DR_PM_GBA_CLOSED,1,1,OK,0,0,1,1,1,1,1,0.8443,18.833,-7.206,0.5,143.02,-4.031,1463,1396,LATE_GPS,0,0,DR_TRACKING_CLOSED
17333.962,4,DR_PM_GBA_CLOSED,1,1,OK,0,0,1,1,1,1,1,0.8433,18.848,-7.226,0.5,142.14,-4.027,1496,1430,LATE_GPS,0,0,DR_TRACKING_CLOSED
17334.012,4,DR_PM_GBA_CLOSED,1,1,OK,0,0,1,1,1,1,1,0.8423,18.875,-7.259,0.859,141.26,-6.909,1529,1463,LATE_GPS,0,0,DR_TRACKING_CLOSED
17334.063,4,DR_PM_GBA_CLOSED,1,1,OK,0,0,1,1,1,1,1,0.8413,18.902,-7.293,0.859,141.0,-6.901,1558,1492,LATE_GPS,0,0,DR_TRACKING_CLOSED
17334.113,4,DR_PM_GBA_CLOSED,1,1,OK,0,0,1,1,1,1,1,0.8403,18.921,-7.316,0.601,140.74,-4.825,1591,1524,LATE_GPS,0,0,DR_TRACKING_CLOSED
17334.163,4,DR_PM_GBA_CLOSED,1,1,OK,0,0,1,1,1,1,1,0.8393,18.94,-7.34,0.601,140.48,-4.819,1591,1524,LATE_GPS,0,0,DR_TRACKING_CLOSED
17334.213,4,DR_PM_GBA_CLOSED,1,1,OK,0,0,1,1,1,1,1,0.8383,18.96,-7.363,0.601,140.23,-4.813,1591,1524,LATE_GPS,0,0,DR_TRACKING_CLOSED
17334.263,4,DR_PM_GBA_CLOSED,1,1,OK,0,0,1,1,1,1,1,0.8373,18.979,-7.386,0.601,139.97,-4.808,1591,1524,LATE_GPS,0,0,DR_TRACKING_CLOSED
17334.313,4,DR_PM_GBA_CLOSED,1,1,OK,0,0,1,1,1,1,1,0.8363,19.048,-7.467,2.127,139.71,-16.985,1557,1491,LATE_GPS,0,0,DR_TRACKING_CLOSED
17334.363,4,DR_PM_GBA_CLOSED,1,1,OK,0,0,1,1,1,1,1,0.8353,19.117,-7.548,2.127,139.45,-16.964,1524,1458,LATE_GPS,0,0,DR_TRACKING_CLOSED
17334.414,4,DR_PM_GBA_CLOSED,1,1,OK,0,0,1,1,1,1,1,0.8343,19.219,-7.664,3.075,138.57,-24.497,1490,1424,LATE_GPS,0,0,DR_TRACKING_CLOSED
17334.464,4,DR_PM_GBA_CLOSED,1,1,OK,0,0,1,1,1,1,1,0.8333,19.323,-7.777,3.066,137.69,-24.397,1464,1398,LATE_GPS,0,0,DR_TRACKING_CLOSED
17334.514,4,DR_PM_GBA_CLOSED,1,1,OK,0,0,1,1,1,1,1,0.8323,19.493,-7.959,4.963,136.81,-39.442,1431,1365,LATE_GPS,0,0,DR_TRACKING_CLOSED
17334.564,4,DR_PM_GBA_CLOSED,1,1,OK,0,0,1,1,1,1,1,0.8313,19.666,-8.138,4.963,135.93,-39.395,1397,1331,LATE_GPS,0,0,DR_TRACKING_CLOSED
17334.614,4,DR_PM_GBA_CLOSED,1,1,OK,0,0,1,1,1,1,1,0.8303,19.7,-8.172,0.972,135.67,-7.705,1431,1365,LATE_GPS,0,0,DR_TRACKING_CLOSED
17334.664,4,DR_PM_GBA_CLOSED,1,1,OK,0,0,1,1,1,1,1,0.8293,19.734,-8.207,0.972,135.41,-7.696,1464,1398,LATE_GPS,0,0,DR_TRACKING_CLOSED
17334.714,4,DR_PM_GBA_CLOSED,1,1,OK,0,0,1,1,1,1,1,0.8283,19.769,-8.242,0.972,135.15,-7.686,1498,1431,LATE_GPS,0,0,DR_TRACKING_CLOSED
17334.764,4,DR_PM_GBA_CLOSED,1,1,OK,0,0,1,1,1,1,1,0.8273,19.803,-8.276,0.972,134.9,-7.677,1531,1465,LATE_GPS,0,0,DR_TRACKING_CLOSED
17334.815,4,DR_PM_GBA_CLOSED,1,1,OK,0,0,1,1,1,1,1,0.8263,19.827,-8.3,0.68,134.64,-5.368,1563,1497,LATE_GPS,0,0,DR_TRACKING_CLOSED
17334.865,4,DR_PM_GBA_CLOSED,1,1,OK,0,0,1,1,1,1,1,0.8253,19.849,-8.326,0.68,139.54,-5.361,1530,1464,LATE_GPS,0,0,DR_TRACKING_CLOSED
17334.915,4,DR_PM_GBA_CLOSED,1,1,OK,0,0,1,1,1,1,1,0.8243,19.892,-8.367,1.185,134.2,-9.324,1563,1497,LATE_GPS,0,0,DR_TRACKING_CLOSED
17334.965,4,DR_PM_GBA_CLOSED,1,1,OK,0,0,1,1,1,1,1,0.8233,19.938,-8.405,1.185,128.86,-9.313,1597,1531,LATE_GPS,0,0,DR_TRACKING_CLOSED
17335.015,4,DR_PM_GBA_CLOSED,1,1,OK,0,0,1,1,1,1,1,0.8223,20.054,-8.481,2.763,123.53,-21.698,1573,1506,LATE_GPS,0,0,DR_TRACKING_CLOSED
17335.065,4,DR_PM_GBA_CLOSED,1,1,OK,0,0,1,1,1,1,1,0.8213,20.191,-8.496,2.763,96.25,-21.672,1573,1506,LATE_GPS,0,0,DR_TRACKING_CLOSED
17335.115,4,DR_PM_GBA_CLOSED,1,1,OK,0,0,1,1,1,1,1,0.8203,20.216,-8.498,0.5,95.1,-3.916,1606,1540,LATE_GPS,0,0,DR_TRACKING_CLOSED
17335.165,4,DR_PM_GBA_CLOSED,1,1,OK,0,0,1,1,1,1,1,0.8192,20.241,-8.503,0.5,100.09,-3.912,1573,1507,LATE_GPS,0,0,DR_TRACKING_CLOSED
17335.216,4,DR_PM_GBA_CLOSED,1,1,OK,0,0,1,1,1,1,1,0.8182,20.306,-8.543,1.529,121.98,-11.95,1539,1473,LATE_GPS,0,0,DR_TRACKING_CLOSED
17335.266,4,DR_PM_GBA_CLOSED,1,1,OK,0,0,1,1,1,1,1,0.8172,20.367,-8.589,1.529,126.89,-11.936,1506,1440,LATE_GPS,0,0,DR_TRACKING_CLOSED
17335.316,4,DETUMBLING,0,0,DETUMBLING,0,0,1,1,1,1,1,0.8172,20.367,-8.589,1.529,126.89,0.0,1591,1524,LATE_GPS,0,0,DR_TRACKING_CLOSED
17335.366,4,DETUMBLING,0,0,DETUMBLING,0,0,1,1,1,1,1,0.8172,20.367,-8.589,1.529,126.89,0.0,1591,1524,LATE_GPS,0,0,DR_TRACKING_CLOSED
17335.416,4,DETUMBLING,0,0,DETUMBLING,0,0,1,1,1,1,1,0.8172,20.367,-8.589,1.529,126.89,0.0,1591,1524,LATE_GPS,0,0,DR_TRACKING_CLOSED
17335.466,4,DETUMBLING,0,0,DETUMBLING,0,0,1,1,1,1,1,0.8172,20.367,-8.589,1.529,126.89,0.0,1591,1524,LATE_GPS,0,0,DR_TRACKING_CLOSED
17335.516,4,DETUMBLING,0,0,DETUMBLING,0,0,1,1,1,1,1,0.8172,20.367,-8.589,1.529,126.89,0.0,1591,1524,LATE_GPS,0,0,DR_TRACKING_CLOSED
17335.566,4,DR_PM_GBA_CLOSED,1,1,OK,0,0,1,1,1,1,1,0.8112,20.57,-8.933,1.325,149.44,-10.266,1461,1394,LATE_GPS,0,0,DR_TRACKING_CLOSED
17335.617,4,DETUMBLING,0,0,DETUMBLING,0,0,1,1,1,1,1,0.8112,20.57,-8.933,1.325,149.44,0.0,1591,1524,LATE_GPS,0,0,DR_TRACKING_CLOSED
17335.667,4,DETUMBLING,0,0,DETUMBLING,0,0,1,1,1,1,1,0.8112,20.57,-8.933,1.325,149.44,0.0,1591,1524,LATE_GPS,0,0,DR_TRACKING_CLOSED
17335.717,4,DETUMBLING,0,0,DETUMBLING,0,0,1,1,1,1,1,0.8112,20.57,-8.933,1.325,149.44,0.0,1591,1524,LATE_GPS,0,0,DR_TRACKING_CLOSED
17335.767,4,DETUMBLING,0,0,DETUMBLING,0,0,1,1,1,1,1,0.8112,20.57,-8.933,1.325,149.44,0.0,1591,1524,LATE_GPS,0,0,DETUMBLING
17335.817,4,DETUMBLING,0,0,DETUMBLING,0,0,1,1,1,1,1,0.8112,20.57,-8.933,1.325,149.44,0.0,1591,1524,LATE_GPS,0,0,DETUMBLING
17335.867,4,DETUMBLING,0,0,DETUMBLING,0,0,1,1,1,1,1,0.8112,20.57,-8.933,1.325,149.44,0.0,1591,1524,LATE_GPS,0,0,DETUMBLING
17335.917,4,DETUMBLING,0,0,DETUMBLING,0,0,1,1,1,1,1,0.8112,20.57,-8.933,1.325,149.44,0.0,1591,1524,LATE_GPS,0,0,DETUMBLING
17335.967,4,DETUMBLING,0,0,DETUMBLING,0,0,1,1,1,1,1,0.8112,20.57,-8.933,1.325,149.44,0.0,1591,1524,LATE_GPS,0,0,DETUMBLING
17336.018,4,DETUMBLING,0,0,DETUMBLING,0,0,1,1,1,1,1,0.8112,20.57,-8.933,1.325,149.44,0.0,1591,1524,LATE_GPS,0,0,DETUMBLING
17336.068,4,DETUMBLING,0,0,DETUMBLING,0,0,1,1,1,1,1,0.8112,20.57,-8.933,1.325,149.44,0.0,1591,1524,LATE_GPS,0,0,DETUMBLING
17336.118,4,DR_PM_GBA_CLOSED,1,1,OK,0,0,1,1,1,1,1,0.8002,21.072,-11.219,4.682,167.63,-35.779,1327,1261,LATE_GPS,0,0,DETUMBLING
17336.168,4,DR_PM_GBA_CLOSED,1,1,OK,0,0,1,1,1,1,1,0.7992,21.115,-11.45,4.682,169.45,35.734,1361,1295,LATE_GPS,0,0,DETUMBLING
17336.218,4,DR_PM_GBA_CLOSED,1,1,OK,0,0,1,1,1,1,1,0.7982,21.144,-11.64,3.826,171.28,29.162,1394,1328,LATE_GPS,0,0,DR_TRACKING_CLOSED
17336.268,4,DR_PM_GBA_CLOSED,1,1,OK,0,0,1,1,1,1,1,0.7972,21.166,-11.83,3.827,173.1,29.132,1428,1361,LATE_GPS,0,0,DR_TRACKING_CLOSED
17336.318,4,DR_PM_GBA_CLOSED,1,1,OK,0,0,1,1,1,1,1,0.7962,21.178,-11.964,2.679,174.92,20.371,1461,1395,LATE_GPS,0,0,DR_TRACKING_CLOSED
17336.369,4,DR_PM_GBA_CLOSED,1,1,OK,0,0,1,1,1,1,1,0.7952,21.189,-12.098,2.678,175.11,20.337,1494,1428,LATE_GPS,0,0,DR_TRACKING_CLOSED
17336.419,4,DR_PM_GBA_CLOSED,1,1,OK,0,0,1,1,1,1,1,0.7942,21.197,-12.192,1.875,175.3,14.218,1528,1462,LATE_GPS,0,0,DR_TRACKING_CLOSED
17336.469,4,DR_PM_GBA_CLOSED,1,1,OK,0,0,1,1,1,1,1,0.7932,21.204,-12.285,1.875,175.5,14.2,1561,1495,LATE_GPS,0,0,DR_TRACKING_CLOSED
17336.519,4,DR_PM_GBA_CLOSED,1,1,OK,0,0,1,1,1,1,1,0.7922,21.211,-12.379,1.875,175.69,14.182,1595,1528,LATE_GPS,0,0,DR_TRACKING_CLOSED
17336.569,4,DR_PM_GBA_CLOSED,1,1,OK,0,0,1,1,1,1,1,0.7912,21.226,-12.472,1.875,170.83,14.164,1628,1562,LATE_GPS,0,0,DR_TRACKING_CLOSED
17336.619,4,DR_PM_GBA_CLOSED,1,1,OK,0,0,1,1,1,1,1,0.7902,21.236,-12.565,1.875,174.24,14.146,1599,1533,LATE_GPS,0,0,DR_TRACKING_CLOSED
17336.669,4,DR_PM_GBA_CLOSED,1,1,OK,0,0,1,1,1,1,1,0.7892,21.24,-12.659,1.875,177.65,14.128,1599,1532,LATE_GPS,0,0,DR_TRACKING_CLOSED
17336.719,4,DR_PM_GBA_CLOSED,1,1,OK,0,0,1,1,1,1,1,0.7882,21.238,-12.753,1.875,-178.94,14.11,1599,1532,LATE_GPS,0,0,DR_TRACKING_CLOSED
17336.77,4,DR_PM_GBA_CLOSED,1,1,OK,0,0,1,1,1,1,1,0.7872,21.231,-12.847,1.875,-175.53,14.092,1598,1532,LATE_GPS,0,0,DR_TRACKING_CLOSED
17336.82,4,DR_PM_GBA_CLOSED,1,1,OK,0,0,1,1,1,1,1,0.7862,21.222,-12.94,1.875,-174.99,14.074,1632,1566,LATE_GPS,0,0,DR_TRACKING_CLOSED
17336.87,4,DR_PM_GBA_CLOSED,1,1,OK,0,0,1,1,1,1,1,0.7852,21.213,-13.034,1.875,-174.45,14.056,1652,1586,LATE_GPS,0,0,DR_TRACKING_CLOSED
17336.92,4,DR_PM_GBA_CLOSED,1,1,OK,0,0,1,1,1,1,1,0.7842,21.184,-13.312,5.585,-173.92,41.823,1686,1619,LATE_GPS,0,0,DR_TRACKING_CLOSED
17336.97,4,DR_PM_GBA_CLOSED,1,1,OK,0,0,1,1,1,1,1,0.7832,21.151,-13.59,5.585,-173.38,41.77,1719,1653,LATE_GPS,0,0,DR_TRACKING_CLOSED
17337.02,4,DR_PM_GBA_CLOSED,1,1,OK,0,0,1,1,1,1,1,0.7822,21.122,-13.869,5.585,-173.97,41.716,1752,1686,LATE_GPS,0,0,DR_TRACKING_CLOSED
17337.07,4,DR_M_GBA_CLOSED,1,1,OK,1,0,1,1,1,1,1,0.7812,60.189,19.237,5.585,-174.57,41.663,1786,1720,LATE_GPS,0,0,DR_TRACKING_CLOSED
17337.12,4,DR_M_GBA_CLOSED,1,1,OK,1,0,1,1,1,1,1,0.7802,60.189,19.237,4.74,-175.16,35.311,1819,1753,LATE_GPS,0,0,DR_TRACKING_CLOSED
17337.17,4,DR_M_GBA_CLOSED,1,1,OK,1,0,1,1,1,1,1,0.7791,60.189,19.237,4.74,-175.76,35.266,1853,1787,LATE_GPS,0,0,DR_TRACKING_CLOSED
17337.221,4,DETUMBLING,0,0,DETUMBLING,1,0,1,1,1,1,1,0.7791,60.189,19.237,4.74,-175.76,0.0,1591,1524,LATE_GPS,0,0,DR_TRACKING_CLOSED
17337.271,4,DETUMBLING,0,0,DETUMBLING,1,0,1,1,1,1,1,0.7791,60.189,19.237,4.74,-175.76,0.0,1591,1524,LATE_GPS,0,0,DR_TRACKING_CLOSED
17337.321,4,DETUMBLING,0,0,DETUMBLING,1,0,1,1,1,1,1,0.7791,60.189,19.237,4.74,-175.76,0.0,1591,1524,LATE_GPS,0,0,DR_TRACKING_CLOSED
17337.371,4,DR_M_GBA_CLOSED,1,1,OK,1,0,1,1,1,1,1,0.7751,60.189,19.237,2.2,-176.67,16.281,1719,1653,LATE_GPS,0,0,DR_TRACKING_CLOSED
17337.421,4,DR_M_GBA_CLOSED,1,1,OK,1,0,1,1,1,1,1,0.7741,60.189,19.237,1.54,-176.9,11.382,1686,1620,LATE_GPS,0,0,DR_TRACKING_CLOSED
17337.471,4,DR_M_GBA_CLOSED,1,1,OK,1,0,1,1,1,1,1,0.7731,60.189,19.237,1.54,-177.13,11.367,1679,1612,LATE_GPS,0,0,DR_TRACKING_CLOSED
17337.521,4,DR_M_GBA_CLOSED,1,1,OK,1,0,1,1,1,1,1,0.7721,60.189,19.237,1.909,-177.36,14.073,1699,1633,LATE_GPS,0,0,DR_TRACKING_CLOSED
17337.571,4,DR_M_GBA_CLOSED,1,1,OK,1,0,1,1,1,1,1,0.7711,60.189,19.237,1.909,-177.59,14.055,1699,1632,LATE_GPS,0,0,DR_TRACKING_CLOSED
17337.622,4,DR_M_GBA_CLOSED,1,1,OK,1,0,1,1,1,1,1,0.7701,60.189,19.237,1.909,-173.97,14.037,1665,1599,LATE_GPS,0,0,DR_TRACKING_CLOSED
17337.672,4,DR_M_GBA_CLOSED,1,1,OK,1,0,1,1,1,1,1,0.7691,60.189,19.237,1.909,-169.62,14.019,1632,1566,LATE_GPS,0,0,DR_TRACKING_CLOSED
17337.722,4,DR_M_GBA_CLOSED,1,1,OK,1,0,1,1,1,1,1,0.7681,60.189,19.237,2.812,-165.26,20.622,1627,1561,LATE_GPS,0,0,DR_TRACKING_CLOSED
17337.772,4,DR_M_GBA_CLOSED,1,1,OK,1,0,1,1,1,1,1,0.7671,60.189,19.237,2.812,-160.91,20.596,1627,1561,LATE_GPS,0,0,DR_TRACKING_CLOSED
17337.822,4,DR_M_GBA_CLOSED,1,1,OK,1,0,1,1,1,1,1,0.7661,60.189,19.237,0.722,-156.56,5.282,1594,1528,LATE_GPS,0,0,DR_TRACKING_CLOSED
17337.872,4,DR_M_GBA_CLOSED,1,1,OK,1,0,1,1,1,1,1,0.7651,60.189,19.237,0.722,-152.21,5.275,1560,1494,LATE_GPS,0,0,DR_TRACKING_CLOSED
17337.922,4,DR_M_GBA_CLOSED,1,1,OK,1,0,1,1,1,1,1,0.7641,60.189,19.237,1.795,-153.58,13.099,1594,1528,LATE_GPS,0,0,DR_TRACKING_CLOSED
17337.972,4,DR_M_GBA_CLOSED,1,1,OK,1,0,1,1,1,1,1,0.7631,60.189,19.237,1.795,-154.95,13.082,1627,1561,LATE_GPS,0,0,DR_TRACKING_CLOSED
17338.022,4,DR_M_GBA_CLOSED,1,1,OK,1,0,1,1,1,1,1,0.7621,60.189,19.237,1.52,-156.32,11.06,1661,1594,LATE_GPS,0,0,DR_TRACKING_CLOSED
17338.073,4,DR_M_GBA_CLOSED,1,1,OK,1,0,1,1,1,1,1,0.7611,60.189,19.237,1.52,-157.68,11.045,1694,1628,LATE_GPS,0,0,DR_TRACKING_CLOSED
17338.123,4,DR_M_GBA_CLOSED,1,1,OK,1,0,1,1,1,1,1,0.7601,60.189,19.237,2.29,-159.05,16.625,1727,1661,LATE_GPS,0,0,DR_TRACKING_CLOSED
17338.173,4,DETUMBLING,0,0,DETUMBLING,1,0,1,1,1,1,1,0.7601,60.189,19.237,2.29,-159.05,0.0,1591,1524,LATE_GPS,0,0,DR_TRACKING_CLOSED
17338.223,4,DETUMBLING,0,0,DETUMBLING,1,0,1,1,1,1,1,0.7601,60.189,19.237,2.29,-159.05,0.0,1591,1524,LATE_GPS,0,0,DR_TRACKING_CLOSED
17338.273,4,DETUMBLING,0,0,DETUMBLING,1,0,1,1,1,1,1,0.7601,60.189,19.237,2.29,-159.05,0.0,1591,1524,LATE_GPS,0,0,DR_TRACKING_CLOSED
17338.323,4,DETUMBLING,0,0,DETUMBLING,1,0,1,1,1,1,1,0.7601,60.189,19.237,2.29,-159.05,0.0,1591,1524,LATE_GPS,0,0,DR_TRACKING_CLOSED
17338.373,4,DETUMBLING,0,0,DETUMBLING,1,0,1,1,1,1,1,0.7601,60.189,19.237,2.29,-159.05,0.0,1591,1524,LATE_GPS,0,0,DR_TRACKING_CLOSED
17338.424,4,DETUMBLING,0,0,DETUMBLING,1,0,1,1,1,1,1,0.7601,60.189,19.237,2.29,-159.05,0.0,1591,1524,LATE_GPS,0,0,DR_TRACKING_CLOSED
17338.474,4,DETUMBLING,0,0,DETUMBLING,1,0,1,1,1,1,1,0.7601,60.189,19.237,2.29,-159.05,0.0,1591,1524,LATE_GPS,0,0,DR_TRACKING_CLOSED
17338.524,4,DETUMBLING,0,0,DETUMBLING,1,0,1,1,1,1,1,0.7601,60.189,19.237,2.29,-159.05,0.0,1591,1524,LATE_GPS,0,0,DR_TRACKING_CLOSED
17338.574,4,DETUMBLING,0,0,DETUMBLING,1,0,1,1,1,1,1,0.7601,60.189,19.237,2.29,-159.05,0.0,1591,1524,LATE_GPS,0,0,DR_TRACKING_CLOSED
17338.624,4,DETUMBLING,0,0,DETUMBLING,1,0,1,1,1,1,1,0.7601,60.189,19.237,2.29,-159.05,0.0,1591,1524,LATE_GPS,0,0,DR_TRACKING_CLOSED
17338.674,4,DETUMBLING,0,0,DETUMBLING,1,0,1,1,1,1,1,0.7601,60.189,19.237,2.29,-159.05,0.0,1591,1524,LATE_GPS,0,0,DR_TRACKING_CLOSED
17338.724,4,DETUMBLING,0,0,DETUMBLING,1,0,1,1,1,1,1,0.7601,60.189,19.237,2.29,-159.05,0.0,1591,1524,LATE_GPS,0,0,DR_TRACKING_CLOSED
17338.774,4,DETUMBLING,0,0,DETUMBLING,1,0,1,1,1,1,1,0.7601,60.189,19.237,2.29,-159.05,0.0,1591,1524,LATE_GPS,0,0,DR_TRACKING_CLOSED
17338.825,4,DETUMBLING,0,0,DETUMBLING,1,0,1,1,1,1,1,0.7601,60.189,19.237,2.29,-159.05,0.0,1591,1524,LATE_GPS,0,0,DR_TRACKING_CLOSED
17338.875,4,DETUMBLING,0,0,DETUMBLING,1,0,1,1,1,1,1,0.7601,60.189,19.237,2.29,-159.05,0.0,1591,1524,LATE_GPS,0,0,DR_TRACKING_CLOSED
17338.925,4,DETUMBLING,0,0,DETUMBLING,1,0,1,1,1,1,1,0.7601,60.189,19.237,2.29,-159.05,0.0,1591,1524,LATE_GPS,0,0,DR_TRACKING_CLOSED
17338.975,4,DETUMBLING,0,0,DETUMBLING,1,0,1,1,1,1,1,0.7601,60.189,19.237,2.29,-159.05,0.0,1591,1524,LATE_GPS,0,0,DR_TRACKING_CLOSED
17339.025,4,DETUMBLING,0,0,DETUMBLING,1,0,1,1,1,1,1,0.7601,60.189,19.237,2.29,-159.05,0.0,1591,1524,LATE_GPS,0,0,DR_TRACKING_CLOSED
17339.075,4,DETUMBLING,0,0,DETUMBLING,1,0,1,1,1,1,1,0.7601,60.189,19.237,2.29,-159.05,0.0,1591,1524,LATE_GPS,0,0,DR_TRACKING_CLOSED
17339.125,4,DETUMBLING,0,0,DETUMBLING,1,0,1,1,1,1,1,0.7601,60.189,19.237,2.29,-159.05,0.0,1591,1524,LATE_GPS,0,0,DR_TRACKING_CLOSED
17339.175,4,DR_M_GBA_CLOSED,1,1,OK,1,0,1,1,1,1,1,0.739,60.189,19.237,4.096,-158.49,28.906,1828,1762,LATE_GPS,0,0,DR_TRACKING_CLOSED
17339.226,4,DR_M_GBA_CLOSED,1,1,OK,1,0,1,1,1,1,1,0.738,60.189,19.237,3.027,-158.44,21.332,1795,1729,LATE_GPS,0,0,DR_TRACKING_CLOSED
17339.276,4,DR_M_GBA_CLOSED,1,1,OK,1,0,1,1,1,1,1,0.737,60.189,19.237,3.037,-158.38,21.378,1761,1695,LATE_GPS,0,0,DR_TRACKING_CLOSED
17339.326,4,DR_M_GBA_CLOSED,1,1,OK,1,0,1,1,1,1,1,0.736,60.189,19.237,2.126,-158.32,14.944,1728,1662,LATE_GPS,0,0,DR_TRACKING_CLOSED
17339.376,4,DR_M_GBA_CLOSED,1,1,OK,1,0,1,1,1,1,1,0.735,60.189,19.237,2.115,-158.27,14.846,1697,1631,LATE_GPS,0,0,DR_TRACKING_CLOSED
17339.426,4,DR_M_GBA_CLOSED,1,1,OK,1,0,1,1,1,1,1,0.734,60.189,19.237,2.126,-158.21,14.904,1697,1631,LATE_GPS,0,0,DR_TRACKING_CLOSED
17339.476,4,DR_M_GBA_CLOSED,1,1,OK,1,0,1,1,1,1,1,0.733,60.189,19.237,2.126,-158.16,14.883,1697,1631,LATE_GPS,0,0,DR_TRACKING_CLOSED
17339.526,4,DR_M_GBA_CLOSED,1,1,OK,1,0,1,1,1,1,1,0.732,60.189,19.237,1.498,-158.1,10.471,1664,1598,LATE_GPS,0,0,DR_TRACKING_CLOSED
17339.576,4,DR_M_GBA_CLOSED,1,1,OK,1,0,1,1,1,1,1,0.731,60.189,19.237,1.495,-158.04,10.438,1664,1598,LATE_GPS,0,0,DR_TRACKING_CLOSED
17339.627,4,DR_M_GBA_CLOSED,1,1,OK,1,0,1,1,1,1,1,0.73,60.189,19.237,0.506,-157.99,3.53,1631,1565,LATE_GPS,0,0,DR_TRACKING_CLOSED
17339.677,4,DR_M_GBA_CLOSED,0,0,NAV_INVALID,1,0,1,1,1,1,1,0.729,60.189,19.237,0.497,-157.93,0.0,1591,1524,LATE_GPS,0,0,DR_TRACKING_CLOSED
17339.727,4,DR_M_GBA_CLOSED,1,1,OK,1,0,1,1,1,1,1,0.728,60.189,19.237,0.5,-161.13,3.476,1684,1618,LATE_GPS,0,0,DR_TRACKING_CLOSED
17339.777,4,DR_M_GBA_CLOSED,1,1,OK,1,0,1,1,1,1,1,0.727,60.189,19.237,0.5,-164.33,3.471,1684,1618,LATE_GPS,0,0,DR_TRACKING_CLOSED
17339.827,4,DR_M_GBA_CLOSED,0,0,NAV_INVALID,1,0,1,1,1,1,1,0.726,60.189,19.237,0.495,-167.52,0.0,1591,1524,LATE_GPS,0,0,DR_TRACKING_CLOSED
17339.877,4,DR_M_GBA_CLOSED,0,0,NAV_INVALID,1,0,1,1,1,1,1,0.725,60.189,19.237,0.498,-170.72,0.0,1591,1524,LATE_GPS,0,0,DR_TRACKING_CLOSED
17339.927,4,DR_M_GBA_CLOSED,1,1,OK,1,0,1,1,1,1,1,0.724,60.189,19.237,6.0,-169.99,41.483,1784,1718,LATE_GPS,0,0,DR_TRACKING_CLOSED
17339.977,4,DR_PM_GBA_CLOSED,1,1,OK,0,0,1,1,1,1,1,0.723,60.133,18.942,5.993,-169.26,41.375,1818,1751,LATE_GPS,0,0,DR_TRACKING_CLOSED
17340.027,4,DR_PM_GBA_CLOSED,1,1,OK,0,0,1,1,1,1,1,0.722,60.073,18.647,6.0,-168.53,41.368,1851,1785,LATE_GPS,0,0,DR_TRACKING_CLOSED
17340.078,4,DR_PM_GBA_CLOSED,1,1,OK,0,0,1,1,1,1,1,0.721,60.01,18.353,5.995,-167.81,41.279,1860,1794,LATE_GPS,0,0,DR_TRACKING_CLOSED
17340.128,4,DR_PM_GBA_CLOSED,1,1,OK,0,0,1,1,1,1,1,0.72,59.958,18.128,4.627,-167.08,31.811,1827,1761,LATE_GPS,0,0,DR_TRACKING_CLOSED
17340.178,4,DETUMBLING,0,0,DETUMBLING,0,0,1,1,1,1,1,0.72,59.958,18.128,4.627,-167.08,0.0,1591,1524,LATE_GPS,0,0,DR_TRACKING_CLOSED
17340.228,4,DETUMBLING,0,0,DETUMBLING,0,0,1,1,1,1,1,0.72,59.958,18.128,4.627,-167.08,0.0,1591,1524,LATE_GPS,0,0,DR_TRACKING_CLOSED
17340.278,4,DETUMBLING,0,0,DETUMBLING,0,0,1,1,1,1,1,0.72,59.958,18.128,4.627,-167.08,0.0,1591,1524,LATE_GPS,0,0,DR_TRACKING_CLOSED
17340.328,4,DETUMBLING,0,0,DETUMBLING,0,0,1,1,1,1,1,0.72,59.958,18.128,4.627,-167.08,0.0,1591,1524,LATE_GPS,0,0,DR_TRACKING_CLOSED
17340.378,4,DR_PM_GBA_CLOSED,1,1,OK,0,0,1,1,1,1,1,0.715,60.015,17.501,2.51,174.81,17.137,1757,1691,LATE_GPS,0,0,DR_TRACKING_CLOSED
17340.429,4,DR_PM_GBA_CLOSED,1,1,OK,0,0,1,1,1,1,1,0.714,60.028,17.421,1.618,171.17,11.033,1724,1657,LATE_GPS,0,0,DR_TRACKING_CLOSED
17340.479,4,DR_PM_GBA_CLOSED,1,1,OK,0,0,1,1,1,1,1,0.713,60.045,17.341,1.618,167.52,11.017,1722,1656,LATE_GPS,0,0,DR_TRACKING_CLOSED
17340.529,4,DR_PM_GBA_CLOSED,1,1,OK,0,0,1,1,1,1,1,0.712,60.068,17.263,1.618,163.89,11.002,1722,1655,LATE_GPS,0,0,DR_TRACKING_CLOSED
17340.58,4,DR_PM_GBA_CLOSED,1,1,OK,0,0,1,1,1,1,1,0.711,60.095,17.186,1.618,160.23,-10.986,1688,1622,LATE_GPS,0,0,DR_TRACKING_CLOSED
17340.63,4,DR_PM_GBA_CLOSED,1,1,OK,0,0,1,1,1,1,1,0.71,60.118,17.134,1.133,156.61,-7.679,1655,1588,LATE_GPS,0,0,DR_TRACKING_CLOSED
17340.681,4,DR_PM_GBA_CLOSED,1,1,OK,0,0,1,1,1,1,1,0.7089,60.136,17.079,1.133,162.11,7.668,1621,1555,LATE_GPS,0,0,DR_TRACKING_CLOSED
17340.731,4,DR_PM_GBA_CLOSED,1,1,OK,0,0,1,1,1,1,1,0.7079,60.144,17.04,0.793,167.58,5.36,1587,1521,LATE_GPS,0,0,DR_TRACKING_CLOSED
17340.782,4,DR_PM_GBA_CLOSED,1,1,OK,0,0,1,1,1,1,1,0.7069,60.149,17.0,0.793,173.07,5.353,1554,1487,LATE_GPS,0,0,DR_TRACKING_CLOSED
17340.832,4,DR_PM_GBA_CLOSED,1,1,OK,0,0,1,1,1,1,1,0.7059,60.15,16.972,0.555,178.54,3.741,1520,1454,LATE_GPS,0,0,DR_TRACKING_CLOSED
17340.882,4,DR_PM_GBA_CLOSED,1,1,OK,0,0,1,1,1,1,1,0.7049,60.148,16.945,0.555,-176.01,3.736,1487,1420,LATE_GPS,0,0,DR_TRACKING_CLOSED
17340.932,4,DR_PM_GBA_CLOSED,1,1,OK,0,0,1,1,1,1,1,0.7039,60.108,16.705,4.854,-170.56,32.628,1520,1454,LATE_GPS,0,0,DR_TRACKING_CLOSED
17340.982,4,DR_PM_GBA_CLOSED,1,1,OK,0,0,1,1,1,1,1,0.7029,60.045,16.469,4.854,-165.11,32.582,1553,1487,LATE_GPS,0,0,DR_TRACKING_CLOSED
17341.032,4,DR_PM_GBA_CLOSED,1,1,OK,0,0,1,1,1,1,1,0.7019,59.965,16.254,4.592,-159.67,30.777,1587,1521,LATE_GPS,0,0,DR_TRACKING_CLOSED
17341.083,4,DR_PM_GBA_CLOSED,1,1,OK,0,0,1,1,1,1,1,0.7009,59.865,16.046,4.592,-154.22,30.733,1620,1554,LATE_GPS,0,0,DR_TRACKING_CLOSED
17341.133,4,DR_PM_GBA_CLOSED,1,1,OK,0,0,1,1,1,1,1,0.6999,59.753,15.86,4.338,-148.77,28.99,1654,1587,LATE_GPS,0,0,DR_TRACKING_CLOSED
17341.183,4,DR_PM_GBA_CLOSED,1,1,OK,0,0,1,1,1,1,1,0.6989,59.623,15.686,4.338,-143.33,28.949,1661,1594,LATE_GPS,0,0,DR_TRACKING_CLOSED
17341.233,4,DETUMBLING,0,0,DETUMBLING,0,0,1,1,1,1,1,0.6989,59.623,15.686,4.338,-143.33,0.0,1591,1524,LATE_GPS,0,0,DR_TRACKING_CLOSED
17341.283,4,DETUMBLING,0,0,DETUMBLING,0,0,1,1,1,1,1,0.6989,59.623,15.686,4.338,-143.33,0.0,1591,1524,LATE_GPS,0,0,DR_TRACKING_CLOSED
17341.333,4,DETUMBLING,0,0,DETUMBLING,0,0,1,1,1,1,1,0.6989,59.623,15.686,4.338,-143.33,0.0,1591,1524,LATE_GPS,0,0,DR_TRACKING_CLOSED
17341.383,4,DETUMBLING,0,0,DETUMBLING,0,0,1,1,1,1,1,0.6989,59.623,15.686,4.338,-143.33,0.0,1591,1524,LATE_GPS,0,0,DR_TRACKING_CLOSED
17341.433,4,DR_PM_GBA_CLOSED,1,1,OK,0,0,1,1,1,1,1,0.6939,58.971,15.317,2.988,-119.55,19.799,1607,1541,LATE_GPS,0,0,DR_TRACKING_CLOSED
17341.484,4,DR_PM_GBA_CLOSED,1,1,OK,0,0,1,1,1,1,1,0.6929,58.835,15.254,2.988,-114.79,19.77,1607,1541,LATE_GPS,0,0,DR_TRACKING_CLOSED
17341.534,4,DR_PM_GBA_CLOSED,1,1,OK,0,0,1,1,1,1,1,0.6919,58.737,15.218,2.092,-110.03,13.819,1574,1508,LATE_GPS,0,0,DR_TRACKING_CLOSED
17341.584,4,DR_PM_GBA_CLOSED,1,1,OK,0,0,1,1,1,1,1,0.6909,58.636,15.19,2.092,-105.27,13.771,1570,1504,LATE_GPS,0,0,DR_TRACKING_CLOSED
17341.634,4,DR_PM_GBA_CLOSED,1,1,OK,0,0,1,1,1,1,1,0.6899,58.611,15.194,0.5,-82.91,2.961,1536,1470,LATE_GPS,0,0,DR_TRACKING_CLOSED
17341.684,4,DR_PM_GBA_CLOSED,0,0,NAV_INVALID,0,0,1,1,1,1,1,0.6889,58.586,15.196,0.498,-84.2,0.0,1591,1524,LATE_GPS,0,0,DR_TRACKING_CLOSED
17341.734,4,DR_PM_GBA_CLOSED,0,0,NAV_INVALID,0,0,1,1,1,1,1,0.6879,58.561,15.199,0.497,-84.06,0.0,1591,1524,LATE_GPS,0,0,DR_TRACKING_CLOSED
17341.784,4,DR_PM_GBA_CLOSED,1,1,OK,0,0,1,1,1,1,1,0.6869,58.536,15.204,0.5,-80.67,2.889,1585,1519,LATE_GPS,0,0,DR_TRACKING_CLOSED
17341.835,4,DR_PM_GBA_CLOSED,0,0,NAV_INVALID,0,0,1,1,1,1,1,0.6859,58.512,15.2,0.496,-98.79,0.0,1591,1524,LATE_GPS,0,0,DR_TRACKING_CLOSED
17341.885,4,DR_PM_GBA_CLOSED,1,1,OK,0,0,1,1,1,1,1,0.6849,58.487,15.198,0.5,-95.72,3.184,1533,1466,LATE_GPS,0,0,DR_TRACKING_CLOSED
17341.935,4,DR_PM_GBA_CLOSED,1,1,OK,0,0,1,1,1,1,1,0.6839,58.462,15.196,0.5,-92.65,3.135,1533,1466,LATE_GPS,0,0,DR_TRACKING_CLOSED
17341.985,4,DR_PM_GBA_CLOSED,1,1,OK,0,0,1,1,1,1,1,0.6829,58.437,15.197,0.5,-89.58,3.077,1532,1466,LATE_GPS,0,0,DR_TRACKING_CLOSED
17342.035,4,DR_PM_GBA_CLOSED,1,1,OK,0,0,1,1,1,1,1,0.6819,58.167,15.213,5.395,-86.51,32.496,1566,1500,LATE_GPS,0,0,DR_TRACKING_CLOSED
17342.085,4,DR_PM_GBA_CLOSED,1,1,OK,0,0,1,1,1,1,1,0.6809,57.913,15.305,5.387,-70.05,27.319,1599,1533,LATE_GPS,0,0,DR_TRACKING_CLOSED
17342.135,4,DR_PM_GBA_CLOSED,1,1,OK,0,0,1,1,1,1,1,0.6798,57.652,15.374,5.376,-75.14,29.063,1633,1567,LATE_GPS,0,0,DR_TRACKING_CLOSED
17342.186,4,DR_PM_GBA_CLOSED,1,1,OK,0,0,1,1,1,1,1,0.6788,57.389,15.434,5.376,-77.13,29.684,1666,1600,LATE_GPS,0,0,DR_TRACKING_CLOSED
17342.236,4,DR_PM_GBA_CLOSED,1,1,OK,0,0,1,1,1,1,1,0.6778,57.211,15.495,3.763,-71.39,19.376,1633,1567,LATE_GPS,0,0,DR_TRACKING_CLOSED
17342.286,4,DR_PM_GBA_CLOSED,1,1,OK,0,0,1,1,1,1,1,0.6768,57.041,15.577,3.763,-64.04,17.31,1599,1533,LATE_GPS,0,0,DR_TRACKING_CLOSED
17342.336,4,DR_PM_GBA_CLOSED,1,1,OK,0,0,1,1,1,1,1,0.6758,56.902,15.705,3.767,-47.34,11.672,1633,1567,LATE_GPS,0,0,DR_TRACKING_CLOSED
17342.386,4,DR_PM_GBA_CLOSED,1,1,OK,0,0,1,1,1,1,1,0.6748,56.766,15.836,3.769,-46.11,11.206,1639,1573,LATE_GPS,0,0,DR_TRACKING_CLOSED
17342.436,4,DR_PM_GBA_CLOSED,1,1,OK,0,0,1,1,1,1,1,0.6738,56.728,15.873,1.067,-45.89,3.145,1606,1540,LATE_GPS,0,0,DR_TRACKING_CLOSED
17342.486,4,DR_PM_GBA_CLOSED,1,1,OK,0,0,1,1,1,1,1,0.6728,56.689,15.91,1.067,-46.3,3.184,1580,1514,LATE_GPS,0,0,DR_TRACKING_CLOSED
17342.536,4,DR_PM_GBA_CLOSED,1,1,OK,0,0,1,1,1,1,1,0.6718,56.642,15.935,1.058,-61.51,4.621,1582,1516,LATE_GPS,0,0,DR_TRACKING_CLOSED
17342.587,4,DR_PM_GBA_CLOSED,1,1,OK,0,0,1,1,1,1,1,0.6708,56.594,15.957,1.055,-65.77,4.955,1548,1482,LATE_GPS,0,0,DR_TRACKING_CLOSED
17342.637,4,DR_PM_GBA_CLOSED,1,1,OK,0,0,1,1,1,1,1,0.6698,56.545,15.976,1.055,-69.06,5.204,1527,1461,LATE_GPS,0,0,DR_TRACKING_CLOSED
17342.687,4,DR_PM_GBA_CLOSED,1,1,OK,0,0,1,1,1,1,1,0.6688,56.506,16.012,1.055,-47.05,3.21,1498,1432,LATE_GPS,0,0,DR_TRACKING_CLOSED
17342.737,4,DR_PM_GBA_CLOSED,1,1,OK,0,0,1,1,1,1,1,0.6678,56.47,16.051,1.055,-42.25,2.7,1498,1432,LATE_GPS,0,0,DR_TRACKING_CLOSED
17342.787,4,DR_PM_GBA_CLOSED,1,1,OK,0,0,1,1,1,1,1,0.6668,56.428,16.082,1.055,-54.1,3.902,1499,1433,LATE_GPS,0,0,DR_TRACKING_CLOSED
17342.837,4,DR_PM_GBA_CLOSED,1,1,OK,0,0,1,1,1,1,1,0.6658,56.389,16.12,1.09,-45.42,3.13,1498,1432,LATE_GPS,0,0,DR_TRACKING_CLOSED
17342.887,4,DR_PM_GBA_CLOSED,1,1,OK,0,0,1,1,1,1,1,0.6648,56.354,16.163,1.098,-38.93,2.423,1532,1465,LATE_GPS,0,0,DR_TRACKING_CLOSED
17342.938,4,DR_PM_GBA_CLOSED,1,1,OK,0,0,1,1,1,1,1,0.6638,56.165,16.367,5.551,-42.92,14.513,1565,1499,LATE_GPS,0,0,DR_TRACKING_CLOSED
17342.988,4,DR_PM_GBA_CLOSED,1,1,OK,0,0,1,1,1,1,1,0.6628,55.959,16.554,5.551,-47.66,17.102,1598,1532,LATE_GPS,0,0,DR_TRACKING_CLOSED
17343.038,4,DR_PM_GBA_CLOSED,1,1,OK,0,0,1,1,1,1,1,0.6618,55.741,16.727,5.551,-51.63,19.169,1632,1566,LATE_GPS,0,0,DR_TRACKING_CLOSED
17343.088,4,DETUMBLING,0,0,DETUMBLING,0,0,1,1,1,1,1,0.6618,55.741,16.727,5.551,-51.63,0.0,1591,1524,LATE_GPS,0,0,DR_TRACKING_CLOSED
17343.138,4,DETUMBLING,0,0,DETUMBLING,0,0,1,1,1,1,1,0.6618,55.741,16.727,5.551,-51.63,0.0,1591,1524,LATE_GPS,0,0,DR_TRACKING_CLOSED
17343.188,4,DETUMBLING,0,0,DETUMBLING,0,0,1,1,1,1,1,0.6618,55.741,16.727,5.551,-51.63,0.0,1591,1524,LATE_GPS,0,0,DR_TRACKING_CLOSED
17343.238,4,DR_PM_GBA_CLOSED,1,1,OK,0,0,1,1,1,1,1,0.6578,54.829,17.066,4.852,-69.59,23.764,1765,1699,LATE_GPS,0,0,DR_TRACKING_CLOSED
17343.288,4,DR_PM_GBA_CLOSED,1,1,OK,0,0,1,1,1,1,1,0.6568,54.611,17.175,4.852,-63.58,21.612,1762,1695,LATE_GPS,0,0,DR_TRACKING_CLOSED
17343.338,4,DR_PM_GBA_CLOSED,1,1,OK,0,0,1,1,1,1,1,0.6558,54.464,17.261,3.397,-59.64,14.048,1728,1662,LATE_GPS,0,0,DR_TRACKING_CLOSED
17343.389,4,DR_PM_GBA_CLOSED,1,1,OK,0,0,1,1,1,1,1,0.6548,54.315,17.342,3.398,-61.29,14.492,1716,1650,LATE_GPS,0,0,DR_TRACKING_CLOSED
17343.439,4,DETUMBLING,0,0,DETUMBLING,0,0,1,1,1,1,1,0.6548,54.315,17.342,3.398,-61.29,0.0,1591,1524,LATE_GPS,0,0,DR_TRACKING_CLOSED
17343.489,4,DETUMBLING,0,0,DETUMBLING,0,0,1,1,1,1,1,0.6548,54.315,17.342,3.398,-61.29,0.0,1591,1524,LATE_GPS,0,0,DETUMBLING
17343.539,4,DETUMBLING,0,0,DETUMBLING,0,0,1,1,1,1,1,0.6548,54.315,17.342,3.398,-61.29,0.0,1591,1524,LATE_GPS,0,0,DETUMBLING
17343.589,4,DETUMBLING,0,0,DETUMBLING,0,0,1,1,1,1,1,0.6548,54.315,17.342,3.398,-61.29,0.0,1591,1524,LATE_GPS,0,0,DETUMBLING
17343.639,4,DETUMBLING,0,0,DETUMBLING,0,0,1,1,1,1,1,0.6548,54.315,17.342,3.398,-61.29,0.0,1591,1524,LATE_GPS,0,0,DETUMBLING
17343.689,4,DETUMBLING,0,0,DETUMBLING,0,0,1,1,1,1,1,0.6548,54.315,17.342,3.398,-61.29,0.0,1591,1524,LATE_GPS,0,0,DETUMBLING
17343.739,4,DETUMBLING,0,0,DETUMBLING,0,0,1,1,1,1,1,0.6548,54.315,17.342,3.398,-61.29,0.0,1591,1524,LATE_GPS,0,0,DETUMBLING
17343.79,4,DR_PM_GBA_CLOSED,1,1,OK,0,0,1,1,1,1,1,0.6468,54.039,17.647,1.025,-42.17,2.565,1582,1516,LATE_GPS,0,0,DETUMBLING
17343.84,4,DR_PM_GBA_CLOSED,1,1,OK,0,0,1,1,1,1,1,0.6458,54.016,17.675,0.717,-39.48,1.601,1549,1483,LATE_GPS,0,0,DETUMBLING
17343.89,4,DR_PM_GBA_CLOSED,1,1,OK,0,0,1,1,1,1,1,0.6448,54.005,17.709,0.717,-19.3,0.0,1516,1449,LATE_GPS,0,0,DR_TRACKING_CLOSED
17343.94,4,DR_PM_GBA_CLOSED,1,1,OK,0,0,1,1,1,1,1,0.6438,53.991,17.757,1.001,-15.27,0.0,1510,1444,LATE_GPS,0,0,DR_TRACKING_CLOSED
17343.99,4,DR_PM_GBA_CLOSED,1,1,OK,0,0,1,1,1,1,1,0.6428,53.982,17.806,1.001,-11.24,-0.75,1510,1443,LATE_GPS,0,0,DR_TRACKING_CLOSED
17344.04,4,DR_PM_GBA_CLOSED,1,1,OK,0,0,1,1,1,1,1,0.6418,53.975,17.841,0.706,-10.32,-0.598,1543,1477,LATE_GPS,0,0,DR_TRACKING_CLOSED
17344.09,4,DR_PM_GBA_CLOSED,1,1,OK,0,0,1,1,1,1,1,0.6408,53.969,17.876,0.705,-9.39,-0.665,1571,1505,LATE_GPS,0,0,DR_TRACKING_CLOSED
17344.14,4,DR_PM_GBA_CLOSED,1,1,OK,0,0,1,1,1,1,1,0.6397,53.964,17.911,0.701,-8.47,-0.728,1571,1505,LATE_GPS,0,0,DR_TRACKING_CLOSED
17344.191,4,DR_PM_GBA_CLOSED,1,1,OK,0,0,1,1,1,1,1,0.6387,53.959,17.945,0.701,-7.54,-0.795,1571,1505,LATE_GPS,0,0,DR_TRACKING_CLOSED
17344.241,4,DR_PM_GBA_CLOSED,1,1,OK,0,0,1,1,1,1,1,0.6377,53.955,17.97,0.5,-8.89,-0.496,1605,1539,LATE_GPS,0,0,DR_TRACKING_CLOSED
17344.291,4,DR_PM_GBA_CLOSED,1,1,OK,0,0,1,1,1,1,1,0.6367,53.953,17.995,0.5,-4.86,-0.705,1571,1505,LATE_GPS,0,0,DR_TRACKING_CLOSED
17344.341,4,DR_PM_GBA_CLOSED,1,1,OK,0,0,1,1,1,1,1,0.6357,53.952,18.062,1.336,-0.83,-2.43,1538,1472,LATE_GPS,0,0,DR_TRACKING_CLOSED
17344.391,4,DR_PM_GBA_CLOSED,1,1,OK,0,0,1,1,1,1,1,0.6347,53.956,18.129,1.336,3.19,-2.963,1507,1441,LATE_GPS,0,0,DR_TRACKING_CLOSED
17344.441,4,DR_PM_GBA_CLOSED,1,1,OK,0,0,1,1,1,1,1,0.6337,53.962,18.176,0.935,7.22,-2.436,1508,1442,LATE_GPS,0,0,DR_TRACKING_CLOSED
17344.491,4,DR_PM_GBA_CLOSED,1,1,OK,0,0,1,1,1,1,1,0.6327,53.971,18.222,0.935,11.25,-2.785,1507,1441,LATE_GPS,0,0,DR_TRACKING_CLOSED
17344.542,4,DETUMBLING,0,0,DETUMBLING,0,0,1,1,1,1,1,0.6327,53.971,18.222,0.935,11.25,0.0,1591,1524,LATE_GPS,0,0,DR_TRACKING_CLOSED
17344.592,4,DR_PM_GBA_CLOSED,1,1,OK,0,0,1,1,1,1,1,0.6307,53.981,18.286,0.655,8.56,-1.78,1574,1508,LATE_GPS,0,0,DR_TRACKING_CLOSED
17344.642,4,DR_PM_GBA_CLOSED,1,1,OK,0,0,1,1,1,1,1,0.6297,53.999,18.43,2.894,7.21,-7.494,1576,1510,LATE_GPS,0,0,DR_TRACKING_CLOSED
17344.692,4,DR_PM_GBA_CLOSED,1,1,OK,0,0,1,1,1,1,1,0.6287,54.014,18.575,2.894,5.87,-7.114,1577,1511,LATE_GPS,0,0,DR_TRACKING_CLOSED
17344.742,4,DR_PM_GBA_CLOSED,1,1,OK,0,0,1,1,1,1,1,0.6277,54.02,18.72,2.894,2.64,-6.206,1611,1545,LATE_GPS,0,0,DR_TRACKING_CLOSED
17344.792,4,DETUMBLING,0,0,DETUMBLING,0,0,1,1,1,1,1,0.6277,54.02,18.72,2.894,2.64,0.0,1591,1524,LATE_GPS,0,0,DR_TRACKING_CLOSED
17344.842,4,DETUMBLING,0,0,DETUMBLING,0,0,1,1,1,1,1,0.6277,54.02,18.72,2.894,2.64,0.0,1591,1524,LATE_GPS,0,0,DR_TRACKING_CLOSED
17344.892,4,DETUMBLING,0,0,DETUMBLING,0,0,1,1,1,1,1,0.6277,54.02,18.72,2.894,2.64,0.0,1591,1524,LATE_GPS,0,0,DR_TRACKING_CLOSED
17344.943,4,DETUMBLING,0,0,DETUMBLING,0,0,1,1,1,1,1,0.6277,54.02,18.72,2.894,2.64,0.0,1591,1524,LATE_GPS,0,0,DR_TRACKING_CLOSED
17344.993,4,DETUMBLING,0,0,DETUMBLING,0,0,1,1,1,1,1,0.6277,54.02,18.72,2.894,2.64,0.0,1591,1524,LATE_GPS,0,0,DR_TRACKING_CLOSED
17345.043,4,DR_PM_GBA_CLOSED,1,1,OK,0,0,1,1,1,1,1,0.6217,54.027,19.458,2.455,0.52,-4.717,1591,1524,LATE_GPS,0,0,DR_TRACKING_CLOSED
17345.093,4,DETUMBLING,0,0,DETUMBLING,0,0,1,1,1,1,1,0.6217,54.027,19.458,2.455,0.52,0.0,1591,1524,LATE_GPS,0,0,DR_TRACKING_CLOSED
17345.143,4,DETUMBLING,0,0,DETUMBLING,0,0,1,1,1,1,1,0.6217,54.027,19.458,2.455,0.52,0.0,1591,1524,LATE_GPS,0,0,DR_TRACKING_CLOSED
17345.193,4,DETUMBLING,0,0,DETUMBLING,0,0,1,1,1,1,1,0.6217,54.027,19.458,2.455,0.52,0.0,1591,1524,LATE_GPS,0,0,DR_TRACKING_CLOSED
17345.243,4,DR_PM_GBA_CLOSED,1,1,OK,0,0,1,1,1,1,1,0.6177,53.964,19.748,1.478,-12.29,-0.924,1654,1587,LATE_GPS,0,0,DR_TRACKING_CLOSED
17345.294,4,DR_PM_GBA_CLOSED,1,1,OK,0,0,1,1,1,1,1,0.6167,53.948,19.82,1.479,-12.64,-0.869,1620,1554,LATE_GPS,0,0,DR_TRACKING_CLOSED
17345.344,4,DR_PM_GBA_CLOSED,1,1,OK,0,0,1,1,1,1,1,0.6157,53.931,19.892,1.478,-12.99,-0.815,1597,1531,LATE_GPS,0,0,DR_TRACKING_CLOSED
17345.394,4,DR_PM_GBA_CLOSED,1,1,OK,0,0,1,1,1,1,1,0.6147,53.914,19.964,1.478,-13.35,-0.76,1597,1531,LATE_GPS,0,0,DR_TRACKING_CLOSED
17345.444,4,DR_PM_GBA_CLOSED,1,1,OK,0,0,1,1,1,1,1,0.6137,53.902,20.015,1.035,-13.7,0.0,1598,1531,LATE_GPS,0,0,DR_TRACKING_CLOSED
17345.494,4,DETUMBLING,0,0,DETUMBLING,0,0,1,1,1,1,1,0.6137,53.902,20.015,1.035,-13.7,0.0,1591,1524,LATE_GPS,0,0,DR_TRACKING_CLOSED
17345.545,4,DETUMBLING,0,0,DETUMBLING,0,0,1,1,1,1,1,0.6137,53.902,20.015,1.035,-13.7,0.0,1591,1524,LATE_GPS,0,0,DR_TRACKING_CLOSED
17345.595,4,DETUMBLING,0,0,DETUMBLING,0,0,1,1,1,1,1,0.6137,53.902,20.015,1.035,-13.7,0.0,1591,1524,LATE_GPS,0,0,DR_TRACKING_CLOSED
17345.645,4,DETUMBLING,0,0,DETUMBLING,0,0,1,1,1,1,1,0.6137,53.902,20.015,1.035,-13.7,0.0,1591,1524,LATE_GPS,0,0,DR_TRACKING_CLOSED
17345.695,4,DETUMBLING,0,0,DETUMBLING,0,0,1,1,1,1,1,0.6137,53.902,20.015,1.035,-13.7,0.0,1591,1524,LATE_GPS,0,0,DR_TRACKING_CLOSED
17345.746,4,DETUMBLING,0,0,DETUMBLING,0,0,1,1,1,1,1,0.6137,53.902,20.015,1.035,-13.7,0.0,1591,1524,LATE_GPS,0,0,DR_TRACKING_CLOSED
17345.796,4,DETUMBLING,0,0,DETUMBLING,0,0,1,1,1,1,1,0.6137,53.902,20.015,1.035,-13.7,0.0,1591,1524,LATE_GPS,0,0,DR_TRACKING_CLOSED
17345.846,4,DETUMBLING,0,0,DETUMBLING,0,0,1,1,1,1,1,0.6137,53.902,20.015,1.035,-13.7,0.0,1591,1524,LATE_GPS,0,0,DR_TRACKING_CLOSED
17345.896,4,DETUMBLING,0,0,DETUMBLING,0,0,1,1,1,1,1,0.6137,53.902,20.015,1.035,-13.7,0.0,1591,1524,LATE_GPS,0,0,DR_TRACKING_CLOSED
17345.946,4,DETUMBLING,0,0,DETUMBLING,0,0,1,1,1,1,1,0.6137,53.902,20.015,1.035,-13.7,0.0,1591,1524,LATE_GPS,0,0,DR_TRACKING_CLOSED
17345.996,4,DETUMBLING,0,0,DETUMBLING,0,0,1,1,1,1,1,0.6137,53.902,20.015,1.035,-13.7,0.0,1591,1524,LATE_GPS,0,0,DR_TRACKING_CLOSED
17346.047,4,DETUMBLING,0,0,DETUMBLING,0,0,1,1,1,1,1,0.6137,53.902,20.015,1.035,-13.7,0.0,1591,1524,LATE_GPS,0,0,DR_TRACKING_CLOSED
17346.097,4,DETUMBLING,0,0,DETUMBLING,0,0,1,1,1,1,1,0.6137,53.902,20.015,1.035,-13.7,0.0,1591,1524,LATE_GPS,0,0,DR_TRACKING_CLOSED
17346.147,4,DR_PM_GBA_CLOSED,1,1,OK,0,0,1,1,1,1,1,0.5996,52.944,22.017,4.439,-25.56,3.204,1618,1551,LATE_GPS,0,0,DR_TRACKING_CLOSED
17346.197,4,DR_PM_GBA_CLOSED,1,1,OK,0,0,1,1,1,1,1,0.5986,52.835,22.218,4.557,-28.47,4.593,1651,1585,LATE_GPS,0,0,DR_TRACKING_CLOSED
17346.247,4,DR_PM_GBA_CLOSED,1,1,OK,0,0,1,1,1,1,1,0.5976,52.716,22.413,4.557,-31.38,5.882,1683,1617,LATE_GPS,0,0,DR_TRACKING_CLOSED
17346.297,4,DR_PM_GBA_CLOSED,1,1,OK,0,0,1,1,1,1,1,0.5966,52.626,22.545,3.19,-34.28,5.005,1680,1614,LATE_GPS,0,0,DR_TRACKING_CLOSED
17346.347,4,DR_PM_GBA_CLOSED,1,1,OK,0,0,1,1,1,1,1,0.5956,52.529,22.673,3.196,-37.19,5.89,1683,1617,LATE_GPS,0,0,DR_TRACKING_CLOSED
17346.398,4,DR_PM_GBA_CLOSED,1,1,OK,0,0,1,1,1,1,1,0.5946,52.448,22.77,2.509,-40.1,5.295,1681,1615,LATE_GPS,0,0,DR_TRACKING_CLOSED
17346.448,4,DR_PM_GBA_CLOSED,1,1,OK,0,0,1,1,1,1,1,0.5936,52.362,22.862,2.509,-43.01,5.952,1684,1617,LATE_GPS,0,0,DR_TRACKING_CLOSED
17346.498,4,DETUMBLING,0,0,DETUMBLING,0,0,1,1,1,1,1,0.5936,52.362,22.862,2.509,-43.01,0.0,1591,1524,LATE_GPS,0,0,DR_TRACKING_CLOSED
17346.548,4,DETUMBLING,0,0,DETUMBLING,0,0,1,1,1,1,1,0.5936,52.362,22.862,2.509,-43.01,0.0,1591,1524,LATE_GPS,0,0,DR_TRACKING_CLOSED
17346.598,4,DETUMBLING,0,0,DETUMBLING,0,0,1,1,1,1,1,0.5936,52.362,22.862,2.509,-43.01,0.0,1591,1524,LATE_GPS,0,0,DR_TRACKING_CLOSED
17346.648,4,DETUMBLING,0,0,DETUMBLING,0,0,1,1,1,1,1,0.5936,52.362,22.862,2.509,-43.01,0.0,1591,1524,LATE_GPS,0,0,DR_TRACKING_CLOSED
17346.698,4,DETUMBLING,0,0,DETUMBLING,0,0,1,1,1,1,1,0.5936,52.362,22.862,2.509,-43.01,0.0,1591,1524,LATE_GPS,0,0,DR_TRACKING_CLOSED
17346.748,4,DETUMBLING,0,0,DETUMBLING,0,0,1,1,1,1,1,0.5936,52.362,22.862,2.509,-43.01,0.0,1591,1524,LATE_GPS,0,0,DR_TRACKING_CLOSED
17346.799,4,DETUMBLING,0,0,DETUMBLING,0,0,1,1,1,1,1,0.5936,52.362,22.862,2.509,-43.01,0.0,1591,1524,LATE_GPS,0,0,DR_TRACKING_CLOSED
17346.851,4,DETUMBLING,0,0,DETUMBLING,0,0,1,1,1,1,1,0.5936,52.362,22.862,2.509,-43.01,0.0,1591,1524,LATE_GPS,0,0,DR_TRACKING_CLOSED
17346.901,4,DETUMBLING,0,0,DETUMBLING,0,0,1,1,1,1,1,0.5936,52.362,22.862,2.509,-43.01,0.0,1591,1524,LATE_GPS,0,0,DR_TRACKING_CLOSED
17346.952,4,DETUMBLING,0,0,DETUMBLING,0,0,1,1,1,1,1,0.5936,52.362,22.862,2.509,-43.01,0.0,1591,1524,LATE_GPS,0,0,DR_TRACKING_CLOSED
17347.002,4,DETUMBLING,0,0,DETUMBLING,0,0,1,1,1,1,1,0.5936,52.362,22.862,2.509,-43.01,0.0,1591,1524,LATE_GPS,0,0,DR_TRACKING_CLOSED
17347.052,4,DETUMBLING,0,0,DETUMBLING,0,0,1,1,1,1,1,0.5936,52.362,22.862,2.509,-43.01,0.0,1591,1524,LATE_GPS,0,0,DR_TRACKING_CLOSED
17347.102,4,DETUMBLING,0,0,DETUMBLING,0,0,1,1,1,1,1,0.5936,52.362,22.862,2.509,-43.01,0.0,1591,1524,LATE_GPS,0,0,DR_TRACKING_CLOSED
17347.152,4,DETUMBLING,0,0,DETUMBLING,0,0,1,1,1,1,1,0.5936,52.362,22.862,2.509,-43.01,0.0,1591,1524,LATE_GPS,0,0,DR_TRACKING_CLOSED
17347.203,4,DETUMBLING,0,0,DETUMBLING,0,0,1,1,1,1,1,0.5936,52.362,22.862,2.509,-43.01,0.0,1591,1524,LATE_GPS,0,0,DR_TRACKING_CLOSED
17347.253,4,DETUMBLING,0,0,DETUMBLING,0,0,1,1,1,1,1,0.5936,52.362,22.862,2.509,-43.01,0.0,1591,1524,LATE_GPS,0,0,DR_TRACKING_CLOSED
17347.303,4,DETUMBLING,0,0,DETUMBLING,0,0,1,1,1,1,1,0.5936,52.362,22.862,2.509,-43.01,0.0,1591,1524,LATE_GPS,0,0,DR_TRACKING_CLOSED
17347.353,4,DETUMBLING,0,0,DETUMBLING,0,0,1,1,1,1,1,0.5936,52.362,22.862,2.509,-43.01,0.0,1591,1524,LATE_GPS,0,0,DR_TRACKING_CLOSED
17347.403,4,DETUMBLING,0,0,DETUMBLING,0,0,1,1,1,1,1,0.5936,52.362,22.862,2.509,-43.01,0.0,1591,1524,LATE_GPS,0,0,DR_TRACKING_CLOSED
17347.454,4,DETUMBLING,0,0,DETUMBLING,0,0,1,1,1,1,1,0.5936,52.362,22.862,2.509,-43.01,0.0,1591,1524,LATE_GPS,0,0,DR_TRACKING_CLOSED
17347.504,4,DETUMBLING,0,0,DETUMBLING,0,0,1,1,1,1,1,0.5936,52.362,22.862,2.509,-43.01,0.0,1591,1524,LATE_GPS,0,0,DR_TRACKING_CLOSED
17347.554,4,DETUMBLING,0,0,DETUMBLING,1,1,1,1,1,1,1,0.5936,52.362,22.862,2.509,-43.01,0.0,1591,1524,LATE_GPS,0,0,GPS_TRACKING_CLOSED
17347.604,4,DETUMBLING,0,0,DETUMBLING,1,1,1,1,1,1,1,0.5936,52.362,22.862,2.509,-43.01,0.0,1591,1524,LATE_GPS,0,0,GPS_TRACKING_CLOSED
17347.654,4,GPS_TRACKING_CLOSED,1,1,OK,1,1,1,1,1,1,1,1.0,106.32,9.118,4.971,21.34,-35.05,1550,1484,LATE_GPS,0,0,GPS_TRACKING_CLOSED
17347.704,4,DETUMBLING,0,0,DETUMBLING,1,1,1,1,1,1,1,1.0,106.32,9.118,4.971,21.34,0.0,1591,1524,LATE_GPS,0,0,GPS_TRACKING_CLOSED
17347.755,4,DETUMBLING,0,0,DETUMBLING,1,1,1,1,1,1,1,1.0,106.32,9.118,4.971,21.34,0.0,1591,1524,LATE_GPS,0,0,GPS_TRACKING_CLOSED
17347.805,4,DETUMBLING,0,0,DETUMBLING,1,1,1,1,1,1,1,1.0,106.32,9.118,4.971,21.34,0.0,1591,1524,LATE_GPS,0,0,GPS_TRACKING_CLOSED
17347.855,4,DETUMBLING,0,0,DETUMBLING,1,1,1,1,1,1,1,1.0,106.32,9.118,4.971,21.34,0.0,1591,1524,LATE_GPS,0,0,GPS_TRACKING_CLOSED
17347.905,4,DETUMBLING,0,0,DETUMBLING,1,1,1,1,1,1,1,1.0,106.32,9.118,4.971,21.34,0.0,1591,1524,LATE_GPS,0,0,GPS_TRACKING_CLOSED
17347.956,4,GPS_TRACKING_CLOSED,1,1,OK,1,1,1,1,1,1,1,1.0,106.32,9.118,4.971,21.34,-35.05,1417,1351,LATE_GPS,0,0,GPS_TRACKING_CLOSED
17348.006,4,GPS_TRACKING_CLOSED,1,1,OK,1,1,1,1,1,1,1,1.0,106.32,9.118,4.971,21.34,-35.05,1393,1327,LATE_GPS,0,0,GPS_TRACKING_CLOSED
17348.057,4,GPS_TRACKING_CLOSED,1,1,OK,1,1,1,1,1,1,1,1.0,106.32,9.118,4.971,21.34,-35.05,1393,1327,LATE_GPS,0,0,GPS_TRACKING_CLOSED
17348.107,4,GPS_TRACKING_CLOSED,1,1,OK,1,1,1,1,1,1,1,1.0,106.32,9.118,4.971,21.34,-35.05,1393,1327,LATE_GPS,0,0,GPS_TRACKING_CLOSED
17348.157,4,GPS_TRACKING_CLOSED,1,1,OK,1,1,1,1,1,1,1,1.0,106.32,9.118,4.971,21.34,-35.05,1360,1294,LATE_GPS,0,0,GPS_TRACKING_CLOSED
17348.207,4,GPS_TRACKING_CLOSED,1,1,OK,1,1,1,1,1,1,1,1.0,106.32,9.118,4.971,21.34,-35.05,1326,1260,LATE_GPS,0,0,GPS_TRACKING_CLOSED
17348.258,4,GPS_TRACKING_CLOSED,1,1,OK,1,1,1,1,1,1,1,1.0,106.32,9.118,4.971,21.34,-35.05,1293,1227,LATE_GPS,0,0,GPS_TRACKING_CLOSED
17348.308,4,GPS_TRACKING_CLOSED,1,1,OK,1,1,1,1,1,1,1,1.0,106.32,9.118,4.971,21.34,-35.05,1260,1193,LATE_GPS,0,0,GPS_TRACKING_CLOSED
17348.358,4,GPS_TRACKING_CLOSED,1,1,OK,1,1,1,1,1,1,1,1.0,106.32,9.118,4.971,21.34,-35.05,1226,1160,LATE_GPS,0,0,GPS_TRACKING_CLOSED
17348.408,4,GPS_TRACKING_CLOSED,1,1,OK,1,1,1,1,1,1,1,1.0,106.32,9.118,4.971,21.34,-35.05,1193,1127,LATE_GPS,0,0,GPS_TRACKING_CLOSED
17348.458,4,GPS_TRACKING_CLOSED,1,1,OK,1,1,1,1,1,1,1,1.0,106.32,9.118,4.971,21.34,-35.05,1159,1093,LATE_GPS,0,0,GPS_TRACKING_CLOSED
17348.508,4,GPS_TRACKING_CLOSED,1,1,OK,1,1,1,1,1,1,1,1.0,106.32,9.118,4.971,21.34,-35.05,1144,1078,LATE_GPS,0,0,GPS_TRACKING_CLOSED
17348.559,4,GPS_TRACKING_CLOSED,1,1,OK,1,1,1,1,1,1,1,1.0,106.32,9.118,4.971,21.34,-35.05,1144,1078,LATE_GPS,0,0,GPS_TRACKING_CLOSED
17348.609,4,GPS_TRACKING_CLOSED,1,1,OK,1,1,1,1,1,1,1,1.0,106.32,9.118,4.971,21.34,-35.05,1144,1078,LATE_GPS,0,0,GPS_TRACKING_CLOSED
17348.659,4,GPS_TRACKING_CLOSED,1,1,OK,1,1,1,1,1,1,1,1.0,106.32,9.118,4.971,21.34,-35.05,1178,1112,LATE_GPS,0,0,GPS_TRACKING_CLOSED
17348.709,4,GPS_TRACKING_CLOSED,1,1,OK,1,1,1,1,1,1,1,1.0,106.32,9.118,4.971,21.34,-35.05,1144,1078,LATE_GPS,0,0,GPS_TRACKING_CLOSED
17348.759,4,GPS_TRACKING_CLOSED,1,1,OK,1,1,1,1,1,1,1,1.0,106.32,9.118,4.971,21.34,-35.05,1144,1078,LATE_GPS,0,0,GPS_TRACKING_CLOSED
17348.81,4,GPS_TRACKING_CLOSED,1,1,OK,1,1,1,1,1,1,1,1.0,106.32,9.118,4.971,21.34,-35.05,1144,1078,LATE_GPS,0,0,GPS_TRACKING_CLOSED
17348.86,4,GPS_TRACKING_CLOSED,1,1,OK,1,1,1,1,1,1,1,1.0,106.32,9.118,4.971,21.34,-35.05,1144,1078,LATE_GPS,0,0,GPS_TRACKING_CLOSED
17348.91,4,DETUMBLING,0,0,DETUMBLING,1,1,1,1,1,1,1,1.0,106.32,9.118,4.971,21.34,0.0,1591,1524,LATE_GPS,0,0,GPS_TRACKING_CLOSED
17348.96,4,GPS_TRACKING_CLOSED,1,1,OK,1,1,1,1,1,1,1,1.0,106.32,9.118,4.971,21.34,-35.05,1163,1096,LATE_GPS,0,0,GPS_TRACKING_CLOSED
17349.011,4,GPS_TRACKING_CLOSED,1,1,OK,1,1,1,1,1,1,1,1.0,106.32,9.118,4.971,21.34,-35.05,1163,1096,LATE_GPS,0,0,GPS_TRACKING_CLOSED
17349.061,4,GPS_TRACKING_CLOSED,1,1,OK,1,1,1,1,1,1,1,1.0,106.32,9.118,4.971,21.34,-35.05,1163,1096,LATE_GPS,0,0,GPS_TRACKING_CLOSED
17349.111,4,DETUMBLING,0,0,DETUMBLING,1,1,1,1,1,1,1,1.0,106.32,9.118,4.971,21.34,0.0,1591,1524,LATE_GPS,0,0,GPS_TRACKING_CLOSED
17349.162,4,DETUMBLING,0,0,DETUMBLING,1,1,1,1,1,1,1,1.0,106.32,9.118,4.971,21.34,0.0,1591,1524,LATE_GPS,0,0,GPS_TRACKING_CLOSED
17349.212,4,DETUMBLING,0,0,DETUMBLING,1,1,1,1,1,1,1,1.0,106.32,9.118,4.971,21.34,0.0,1591,1524,LATE_GPS,0,0,GPS_TRACKING_CLOSED
17349.262,4,DETUMBLING,0,0,DETUMBLING,1,1,1,1,1,1,1,1.0,106.32,9.118,4.971,21.34,0.0,1591,1524,LATE_GPS,0,0,GPS_TRACKING_CLOSED
17349.312,4,GPS_TRACKING_CLOSED,1,1,OK,1,1,1,1,1,1,1,1.0,106.32,9.118,4.971,21.34,-35.05,1159,1093,LATE_GPS,0,0,GPS_TRACKING_CLOSED
17349.362,4,DETUMBLING,0,0,DETUMBLING,1,1,1,1,1,1,1,1.0,106.32,9.118,4.971,21.34,0.0,1591,1524,LATE_GPS,0,0,GPS_TRACKING_CLOSED
17349.413,4,DETUMBLING,0,0,DETUMBLING,1,1,1,1,1,1,1,1.0,106.32,9.118,4.971,21.34,0.0,1591,1524,LATE_GPS,0,0,GPS_TRACKING_CLOSED
17349.463,4,DETUMBLING,0,0,DETUMBLING,1,1,1,1,1,1,1,1.0,106.32,9.118,4.971,21.34,0.0,1591,1524,LATE_GPS,0,0,GPS_TRACKING_CLOSED
17349.513,4,DETUMBLING,0,0,DETUMBLING,1,1,1,1,1,1,1,1.0,106.32,9.118,4.971,21.34,0.0,1591,1524,LATE_GPS,0,0,GPS_TRACKING_CLOSED
17349.563,4,DETUMBLING,0,0,DETUMBLING,1,1,1,1,1,1,1,1.0,106.32,9.118,4.971,21.34,0.0,1591,1524,LATE_GPS,0,0,GPS_TRACKING_CLOSED
17349.613,4,DETUMBLING,0,0,DETUMBLING,1,1,1,1,1,1,1,1.0,106.32,9.118,4.971,21.34,0.0,1591,1524,LATE_GPS,0,0,GPS_TRACKING_CLOSED
17349.663,4,DETUMBLING,0,0,DETUMBLING,1,1,1,1,1,1,1,1.0,106.32,9.118,4.971,21.34,0.0,1591,1524,LATE_GPS,0,0,GPS_TRACKING_CLOSED
17349.714,4,DETUMBLING,0,0,DETUMBLING,1,1,1,1,1,1,1,1.0,106.32,9.118,4.971,21.34,0.0,1591,1524,LATE_GPS,0,0,GPS_TRACKING_CLOSED
17349.764,4,DETUMBLING,0,0,DETUMBLING,1,1,1,1,1,1,1,1.0,106.32,9.118,4.971,21.34,0.0,1591,1524,LATE_GPS,0,0,GPS_TRACKING_CLOSED
17349.814,4,DETUMBLING,0,0,DETUMBLING,1,1,1,1,1,1,1,1.0,106.32,9.118,4.971,21.34,0.0,1591,1524,LATE_GPS,0,0,GPS_TRACKING_CLOSED
17349.864,4,GPS_TRACKING_CLOSED,1,1,OK,1,1,1,1,1,1,1,1.0,106.32,9.118,4.971,21.34,-35.05,1101,1035,LATE_GPS,0,0,GPS_TRACKING_CLOSED
17349.914,4,GPS_TRACKING_CLOSED,1,1,OK,1,1,1,1,1,1,1,1.0,106.32,9.118,4.971,21.34,-35.05,1135,1068,LATE_GPS,0,0,GPS_TRACKING_CLOSED
17349.967,4,GPS_TRACKING_CLOSED,1,1,OK,1,1,1,1,1,1,1,1.0,106.32,9.118,4.971,21.34,-35.05,1169,1103,LATE_GPS,0,0,GPS_TRACKING_CLOSED
17350.017,4,GPS_TRACKING_CLOSED,1,1,OK,1,1,1,1,1,1,1,1.0,106.32,9.118,4.971,21.34,-35.05,1203,1137,LATE_GPS,0,0,GPS_TRACKING_CLOSED
17350.067,4,GPS_TRACKING_CLOSED,1,1,OK,1,1,1,1,1,1,1,1.0,106.32,9.118,4.971,21.34,-35.05,1209,1143,LATE_GPS,0,0,GPS_TRACKING_CLOSED
17350.117,4,GPS_TRACKING_CLOSED,1,1,OK,1,1,1,1,1,1,1,1.0,106.32,9.118,4.971,21.34,-35.05,1209,1143,LATE_GPS,0,0,GPS_TRACKING_CLOSED
17350.167,4,GPS_TRACKING_CLOSED,1,1,OK,1,1,1,1,1,1,1,1.0,106.32,9.118,4.971,21.34,-35.05,1176,1110,LATE_GPS,0,0,GPS_TRACKING_CLOSED
17350.217,4,GPS_TRACKING_CLOSED,1,1,OK,1,1,1,1,1,1,1,1.0,106.32,9.118,4.971,21.34,-35.05,1142,1076,LATE_GPS,0,0,GPS_TRACKING_CLOSED
17350.267,4,GPS_TRACKING_CLOSED,1,1,OK,1,1,1,1,1,1,1,1.0,106.32,9.118,4.971,21.34,-35.05,1109,1043,LATE_GPS,0,0,GPS_TRACKING_CLOSED
17350.318,4,GPS_TRACKING_CLOSED,1,1,OK,1,1,1,1,1,1,1,1.0,106.32,9.118,4.971,21.34,-35.05,1098,1032,LATE_GPS,0,0,GPS_TRACKING_CLOSED
17350.368,4,GPS_TRACKING_CLOSED,1,1,OK,1,1,1,1,1,1,1,1.0,106.32,9.118,4.971,21.34,-35.05,1098,1032,LATE_GPS,0,0,GPS_TRACKING_CLOSED
17350.418,4,GPS_TRACKING_CLOSED,1,1,OK,1,1,1,1,1,1,1,1.0,106.32,9.118,4.971,21.34,-35.05,1098,1032,LATE_GPS,0,0,GPS_TRACKING_CLOSED
17350.468,4,DETUMBLING,0,0,DETUMBLING,1,1,1,1,1,1,1,1.0,106.32,9.118,4.971,21.34,0.0,1591,1524,LATE_GPS,0,0,GPS_TRACKING_CLOSED
17350.518,4,DETUMBLING,0,0,DETUMBLING,1,1,1,1,1,1,1,1.0,106.32,9.118,4.971,21.34,0.0,1591,1524,LATE_GPS,0,0,GPS_TRACKING_CLOSED
17350.569,4,DETUMBLING,0,0,DETUMBLING,1,1,1,1,1,1,1,1.0,106.32,9.118,4.971,21.34,0.0,1591,1524,LATE_GPS,0,0,GPS_TRACKING_CLOSED
17350.619,4,GPS_TRACKING_CLOSED,1,1,OK,1,1,1,1,1,1,1,1.0,106.32,9.118,4.971,21.34,-35.05,1154,1087,LATE_GPS,0,0,GPS_TRACKING_CLOSED
17350.669,4,GPS_TRACKING_CLOSED,1,1,OK,1,1,1,1,1,1,1,1.0,106.32,9.118,4.971,21.34,-35.05,1154,1087,LATE_GPS,0,0,GPS_TRACKING_CLOSED
17350.719,4,GPS_TRACKING_CLOSED,1,1,OK,1,1,1,1,1,1,1,1.0,106.32,9.118,4.971,21.34,-35.05,1120,1054,LATE_GPS,0,0,GPS_TRACKING_CLOSED
17350.769,4,GPS_TRACKING_CLOSED,1,1,OK,1,1,1,1,1,1,1,1.0,106.32,9.118,4.971,21.34,-35.05,1087,1020,LATE_GPS,0,0,GPS_TRACKING_CLOSED
17350.819,4,GPS_TRACKING_CLOSED,1,1,OK,1,1,1,1,1,1,1,1.0,106.32,9.118,4.971,21.34,-35.05,1120,1054,LATE_GPS,0,0,GPS_TRACKING_CLOSED
17350.87,4,GPS_TRACKING_CLOSED,1,1,OK,1,1,1,1,1,1,1,1.0,106.32,9.118,4.971,21.34,-35.05,1154,1087,LATE_GPS,0,0,GPS_TRACKING_CLOSED
17350.92,4,GPS_TRACKING_CLOSED,1,1,OK,1,1,1,1,1,1,1,1.0,106.32,9.118,4.971,21.34,-35.05,1187,1121,LATE_GPS,0,0,GPS_TRACKING_CLOSED
17350.97,4,DR_PM_GBA_CLOSED,1,1,OK,0,1,1,1,1,1,1,1.0,106.331,9.141,0.5,25.17,-3.733,1221,1154,LATE_GPS,0,0,GPS_TRACKING_CLOSED
17351.02,4,DR_PM_GBA_CLOSED,1,1,OK,0,1,1,1,1,1,1,1.0,106.342,9.163,0.5,26.19,-3.786,1254,1188,LATE_GPS,0,0,GPS_TRACKING_CLOSED
17351.07,4,DETUMBLING,0,0,DETUMBLING,0,1,1,1,1,1,1,1.0,106.342,9.163,0.5,26.19,0.0,1591,1524,LATE_GPS,0,0,GPS_TRACKING_CLOSED
17351.121,4,DETUMBLING,0,0,DETUMBLING,0,1,1,1,1,1,1,1.0,106.342,9.163,0.5,26.19,0.0,1591,1524,LATE_GPS,0,0,GPS_TRACKING_CLOSED
17351.171,4,DETUMBLING,0,0,DETUMBLING,0,1,1,1,1,1,1,1.0,106.342,9.163,0.5,26.19,0.0,1591,1524,LATE_GPS,0,0,GPS_TRACKING_CLOSED
17351.221,4,DETUMBLING,0,0,DETUMBLING,0,1,1,1,1,1,1,1.0,106.342,9.163,0.5,26.19,0.0,1591,1524,LATE_GPS,0,0,GPS_TRACKING_CLOSED
17351.271,4,DETUMBLING,0,0,DETUMBLING,0,1,1,1,1,1,1,1.0,106.342,9.163,0.5,26.19,0.0,1591,1524,LATE_GPS,0,0,GPS_TRACKING_CLOSED
17351.321,4,DETUMBLING,0,0,DETUMBLING,0,1,1,1,1,1,1,1.0,106.342,9.163,0.5,26.19,0.0,1591,1524,LATE_GPS,0,0,GPS_TRACKING_CLOSED
17351.372,4,DETUMBLING,0,0,DETUMBLING,0,1,1,1,1,1,1,1.0,106.342,9.163,0.5,26.19,0.0,1591,1524,LATE_GPS,0,0,GPS_TRACKING_CLOSED
17351.422,4,DETUMBLING,0,0,DETUMBLING,0,1,1,1,1,1,1,1.0,106.342,9.163,0.5,26.19,0.0,1591,1524,LATE_GPS,0,0,GPS_TRACKING_CLOSED
17351.472,4,DR_PM_GBA_CLOSED,1,1,OK,0,1,1,1,1,1,1,1.0,106.317,9.405,0.537,-3.49,-1.988,1387,1321,LATE_GPS,0,0,GPS_TRACKING_CLOSED
17351.523,4,DR_PM_GBA_CLOSED,1,1,OK,0,1,1,1,1,1,1,1.0,106.315,9.432,0.544,-1.83,-2.152,1421,1354,LATE_GPS,0,0,GPS_TRACKING_CLOSED
17351.573,4,DR_PM_GBA_CLOSED,1,1,OK,0,0,1,1,1,1,1,1.0,106.316,9.46,0.551,1.59,-2.46,1454,1388,LATE_GPS,0,0,GPS_TRACKING_CLOSED
17351.623,4,DR_PM_GBA_CLOSED,1,1,OK,0,0,1,1,1,1,1,1.0,106.319,9.487,0.551,6.21,-2.827,1488,1421,LATE_GPS,0,0,GPS_TRACKING_CLOSED
17351.674,4,DETUMBLING,0,0,DETUMBLING,0,0,1,1,1,1,1,1.0,106.319,9.487,0.551,6.21,0.0,1591,1524,LATE_GPS,0,0,GPS_TRACKING_CLOSED
17351.724,4,DETUMBLING,0,0,DETUMBLING,0,0,1,1,1,1,1,1.0,106.319,9.487,0.551,6.21,0.0,1591,1524,LATE_GPS,0,0,GPS_TRACKING_CLOSED
17351.774,4,DETUMBLING,0,0,DETUMBLING,0,0,1,1,1,1,1,1.0,106.319,9.487,0.551,6.21,0.0,1591,1524,LATE_GPS,0,0,GPS_TRACKING_CLOSED
17351.824,4,DETUMBLING,0,0,DETUMBLING,0,0,1,1,1,1,1,1.0,106.319,9.487,0.551,6.21,0.0,1591,1524,LATE_GPS,0,0,GPS_TRACKING_CLOSED
17351.874,4,DETUMBLING,0,0,DETUMBLING,0,0,1,1,1,1,1,1.0,106.319,9.487,0.551,6.21,0.0,1591,1524,LATE_GPS,0,0,GPS_TRACKING_CLOSED
17351.925,4,DETUMBLING,0,0,DETUMBLING,0,0,1,1,1,1,1,1.0,106.319,9.487,0.551,6.21,0.0,1591,1524,LATE_GPS,0,0,GPS_TRACKING_CLOSED
17351.975,4,DETUMBLING,0,0,DETUMBLING,0,0,1,1,1,1,1,1.0,106.319,9.487,0.551,6.21,0.0,1591,1524,LATE_GPS,0,0,GPS_TRACKING_CLOSED
17352.025,4,DETUMBLING,0,0,DETUMBLING,0,0,1,1,1,1,1,1.0,106.319,9.487,0.551,6.21,0.0,1591,1524,LATE_GPS,0,0,GPS_TRACKING_CLOSED
17352.075,4,DR_PM_GBA_CLOSED,1,1,OK,0,0,1,1,1,1,1,1.0,106.465,9.689,0.551,35.85,-4.653,1503,1437,LATE_GPS,0,0,GPS_TRACKING_CLOSED
17352.125,4,DR_PM_GBA_CLOSED,1,1,OK,0,0,1,1,1,1,1,1.0,106.48,9.712,0.549,36.29,-4.659,1537,1471,LATE_GPS,0,0,GPS_TRACKING_CLOSED
17352.175,4,DR_PM_GBA_CLOSED,1,1,OK,0,0,1,1,1,1,1,1.0,106.497,9.734,0.549,36.77,-4.676,1570,1504,LATE_GPS,0,0,GPS_TRACKING_CLOSED
17352.226,4,DR_PM_GBA_CLOSED,1,1,OK,0,0,1,1,1,1,1,1.0,106.513,9.756,0.547,37.09,-4.671,1604,1538,LATE_GPS,0,0,GPS_TRACKING_CLOSED
17352.276,4,DR_PM_GBA_CLOSED,1,1,OK,0,0,1,1,1,1,1,1.0,106.529,9.778,0.545,36.76,-4.64,1637,1571,LATE_GPS,0,0,GPS_TRACKING_CLOSED
17352.326,4,DR_PM_GBA_CLOSED,1,1,OK,0,0,1,1,1,1,1,1.0,106.545,9.8,0.545,36.34,-4.623,1671,1604,LATE_GPS,0,0,GPS_TRACKING_CLOSED
17352.377,4,DR_PM_GBA_CLOSED,1,1,OK,0,0,1,1,1,1,1,1.0,106.563,9.822,0.545,39.03,-4.73,1704,1638,LATE_GPS,0,0,GPS_TRACKING_CLOSED
17352.427,4,DR_PM_GBA_CLOSED,1,1,OK,0,0,1,1,1,1,1,1.0,106.58,9.843,0.545,39.23,-4.738,1705,1639,LATE_GPS,0,0,GPS_TRACKING_CLOSED
17352.477,4,DR_PM_GBA_CLOSED,1,1,OK,0,0,1,1,1,1,1,1.0,106.597,9.864,0.545,38.95,-4.728,1706,1640,LATE_GPS,0,0,GPS_TRACKING_CLOSED
17352.527,4,DR_PM_GBA_CLOSED,1,1,OK,0,0,1,1,1,1,1,1.0,106.602,9.891,0.545,10.91,-3.151,1707,1641,LATE_GPS,0,0,GPS_TRACKING_CLOSED
17352.578,4,DR_PM_GBA_CLOSED,1,1,OK,0,0,1,1,1,1,1,1.0,106.605,9.918,0.545,4.92,-2.702,1707,1641,LATE_GPS,0,0,GPS_TRACKING_CLOSED
17352.628,4,DR_PM_GBA_CLOSED,1,1,OK,0,0,1,1,1,1,1,1.0,106.604,9.946,0.545,-0.74,-2.25,1701,1635,LATE_GPS,0,0,GPS_TRACKING_CLOSED
17352.678,4,DR_PM_GBA_CLOSED,1,1,OK,0,0,1,1,1,1,1,1.0,106.598,10.018,1.442,-5.27,-4.955,1676,1609,LATE_GPS,0,0,GPS_TRACKING_CLOSED
17352.728,4,DR_PM_GBA_CLOSED,1,1,OK,0,0,1,1,1,1,1,1.0,106.586,10.089,1.442,-8.85,-4.145,1658,1592,LATE_GPS,0,0,GPS_TRACKING_CLOSED
17352.779,4,DR_PM_GBA_CLOSED,1,1,OK,0,0,1,1,1,1,1,1.0,106.576,10.14,1.017,-11.43,-2.505,1639,1573,LATE_GPS,0,0,GPS_TRACKING_CLOSED
17352.829,4,DR_PM_GBA_CLOSED,1,1,OK,0,0,1,1,1,1,1,1.0,106.566,10.19,1.015,-11.86,-2.43,1606,1539,LATE_GPS,0,0,GPS_TRACKING_CLOSED
17352.88,4,DR_PM_GBA_CLOSED,1,1,OK,0,0,1,1,1,1,1,1.0,106.553,10.249,1.202,-11.57,-2.934,1582,1516,LATE_GPS,0,0,GPS_TRACKING_CLOSED
17352.93,4,DR_PM_GBA_CLOSED,1,1,OK,0,0,1,1,1,1,1,1.0,106.542,10.309,1.202,-10.09,-3.22,1558,1492,LATE_GPS,0,0,GPS_TRACKING_CLOSED
17352.98,4,DR_PM_GBA_CLOSED,1,1,OK,0,0,1,1,1,1,1,1.0,106.534,10.369,1.202,-7.92,-3.636,1544,1478,LATE_GPS,0,0,GPS_TRACKING_CLOSED
17353.031,4,DR_PM_GBA_CLOSED,1,1,OK,0,0,1,1,1,1,1,1.0,106.529,10.429,1.203,-4.4,-4.302,1516,1450,LATE_GPS,0,0,GPS_TRACKING_CLOSED
17353.081,4,DR_PM_GBA_CLOSED,1,1,OK,0,0,1,1,1,1,1,1.0,106.529,10.482,1.062,-0.3,-4.461,1504,1438,LATE_GPS,0,0,GPS_TRACKING_CLOSED
17353.131,4,DR_PM_GBA_CLOSED,1,1,OK,0,0,1,1,1,1,1,1.0,106.533,10.535,1.062,4.15,-5.156,1471,1405,LATE_GPS,0,0,GPS_TRACKING_CLOSED
17353.181,4,DR_PM_GBA_CLOSED,1,1,OK,0,0,1,1,1,1,1,1.0,106.538,10.572,0.744,8.6,-4.073,1498,1431,LATE_GPS,0,0,GPS_TRACKING_CLOSED
17353.231,4,DR_PM_GBA_CLOSED,1,1,OK,0,0,1,1,1,1,1,1.0,106.546,10.609,0.744,12.8,-4.488,1502,1436,LATE_GPS,0,0,GPS_TRACKING_CLOSED
17353.282,4,DR_PM_GBA_CLOSED,1,1,OK,0,0,1,1,1,1,1,1.0,106.563,10.63,0.522,38.67,-4.52,1514,1448,LATE_GPS,0,0,GPS_TRACKING_CLOSED
17353.332,4,DR_PM_GBA_CLOSED,1,1,OK,0,0,1,1,1,1,1,1.0,106.579,10.651,0.522,37.89,-4.495,1528,1461,LATE_GPS,0,0,GPS_TRACKING_CLOSED
17353.384,4,DR_PM_GBA_CLOSED,1,1,OK,0,0,1,1,1,1,1,1.0,106.595,10.671,0.502,39.38,-4.37,1528,1462,LATE_GPS,0,0,GPS_TRACKING_CLOSED
17353.434,4,DR_PM_GBA_CLOSED,1,1,OK,0,0,1,1,1,1,1,1.0,106.61,10.69,0.502,38.71,-4.348,1537,1471,LATE_GPS,0,0,GPS_TRACKING_CLOSED
17353.484,4,DR_PM_GBA_CLOSED,1,1,OK,0,0,1,1,1,1,1,1.0,106.626,10.711,0.501,38.51,-4.335,1563,1497,LATE_GPS,0,0,GPS_TRACKING_CLOSED
17353.534,4,DR_PM_GBA_CLOSED,1,1,OK,0,0,1,1,1,1,1,1.0,106.641,10.73,0.501,38.58,-4.337,1576,1509,LATE_GPS,0,0,GPS_TRACKING_CLOSED
17353.587,4,DR_PM_GBA_CLOSED,1,1,OK,0,0,1,1,1,1,1,1.0,106.657,10.751,0.501,38.41,-4.327,1602,1536,LATE_GPS,0,0,GPS_TRACKING_CLOSED
17353.637,4,DR_PM_GBA_CLOSED,1,1,OK,0,0,1,1,1,1,1,1.0,106.672,10.771,0.501,38.55,-4.333,1610,1543,LATE_GPS,0,0,GPS_TRACKING_CLOSED
17353.688,4,DR_PM_GBA_CLOSED,1,1,OK,0,0,1,1,1,1,1,1.0,106.688,10.791,0.502,38.61,-4.346,1620,1554,LATE_GPS,0,0,GPS_TRACKING_CLOSED
17353.738,4,DR_PM_GBA_CLOSED,1,1,OK,0,0,1,1,1,1,1,1.0,106.703,10.811,0.503,38.56,-4.354,1627,1561,LATE_GPS,0,0,GPS_TRACKING_CLOSED
17353.788,4,DR_PM_GBA_CLOSED,1,1,OK,0,0,1,1,1,1,1,1.0,106.719,10.831,0.504,38.48,-4.356,1630,1564,LATE_GPS,0,0,GPS_TRACKING_CLOSED
17353.838,4,DR_PM_GBA_CLOSED,1,1,OK,0,0,1,1,1,1,1,1.0,106.725,10.856,0.506,15.81,-3.249,1644,1578,LATE_GPS,0,0,GPS_TRACKING_CLOSED
17353.889,4,DR_PM_GBA_CLOSED,1,1,OK,0,0,1,1,1,1,1,1.0,106.731,10.881,0.509,12.85,-3.08,1646,1580,LATE_GPS,0,0,GPS_TRACKING_CLOSED
17353.939,4,DR_PM_GBA_CLOSED,1,1,OK,0,0,1,1,1,1,1,1.0,106.735,10.906,0.513,9.9,-2.903,1646,1580,LATE_GPS,0,0,GPS_TRACKING_CLOSED
17353.989,4,DR_PM_GBA_CLOSED,1,1,OK,0,0,1,1,1,1,1,1.0,106.738,10.932,0.516,7.31,-2.74,1640,1573,LATE_GPS,0,0,GPS_TRACKING_CLOSED
17354.039,4,DR_PM_GBA_CLOSED,1,1,OK,0,0,1,1,1,1,1,1.0,106.74,10.958,0.52,5.12,-2.601,1632,1565,LATE_GPS,0,0,GPS_TRACKING_CLOSED
17354.09,4,DR_PM_GBA_CLOSED,1,1,OK,0,0,1,1,1,1,1,1.0,106.741,10.984,0.524,3.27,-2.481,1625,1558,LATE_GPS,0,0,GPS_TRACKING_CLOSED
17354.14,4,DR_PM_GBA_CLOSED,1,1,OK,0,0,1,1,1,1,1,1.0,106.742,11.011,0.527,2.03,-2.402,1613,1547,LATE_GPS,0,0,GPS_TRACKING_CLOSED
17354.192,4,DR_PM_GBA_CLOSED,1,1,OK,0,0,1,1,1,1,1,1.0,106.743,11.038,0.53,1.29,-2.356,1603,1536,LATE_GPS,0,0,GPS_TRACKING_CLOSED
17354.242,4,DR_PM_GBA_CLOSED,1,1,OK,0,0,1,1,1,1,1,1.0,106.743,11.065,0.532,1.08,-2.35,1591,1524,LATE_GPS,0,0,GPS_TRACKING_CLOSED
17354.292,4,DR_PM_GBA_CLOSED,1,1,OK,0,0,1,1,1,1,1,1.0,106.743,11.092,0.535,1.1,-2.363,1591,1524,LATE_GPS,0,0,GPS_TRACKING_CLOSED
17354.342,4,DR_PM_GBA_CLOSED,1,1,OK,0,0,1,1,1,1,1,1.0,106.744,11.119,0.537,1.45,-2.401,1581,1515,LATE_GPS,0,0,GPS_TRACKING_CLOSED
17354.393,4,DR_PM_GBA_CLOSED,1,1,OK,0,0,1,1,1,1,1,1.0,106.745,11.146,0.539,2.8,-2.519,1561,1495,LATE_GPS,0,0,GPS_TRACKING_CLOSED
17354.443,4,DR_PM_GBA_CLOSED,1,1,OK,0,0,1,1,1,1,1,1.0,106.747,11.173,0.541,4.54,-2.664,1553,1487,LATE_GPS,0,0,GPS_TRACKING_CLOSED
17354.493,4,DR_PM_GBA_CLOSED,1,1,OK,0,0,1,1,1,1,1,1.0,106.762,11.304,2.637,6.66,-13.768,1520,1454,LATE_GPS,0,0,GPS_TRACKING_CLOSED
17354.543,4,DR_PM_GBA_CLOSED,1,1,OK,0,0,1,1,1,1,1,1.0,106.783,11.435,2.636,9.26,-14.713,1487,1420,LATE_GPS,0,0,GPS_TRACKING_CLOSED
17354.594,4,DR_PM_GBA_CLOSED,1,1,OK,0,0,1,1,1,1,1,1.0,106.81,11.565,2.639,11.86,-15.644,1454,1387,LATE_GPS,0,0,GPS_TRACKING_CLOSED
17354.644,4,DR_PM_GBA_CLOSED,1,1,OK,0,0,1,1,1,1,1,1.0,106.843,11.693,2.641,14.29,-16.486,1452,1386,LATE_GPS,0,0,GPS_TRACKING_CLOSED
17354.694,4,DR_PM_GBA_CLOSED,1,1,OK,0,0,1,1,1,1,1,1.0,106.925,11.797,2.642,38.43,-22.865,1421,1355,LATE_GPS,0,0,GPS_TRACKING_CLOSED
17354.744,4,DR_PM_GBA_CLOSED,1,1,OK,0,0,1,1,1,1,1,1.0,107.007,11.901,2.644,38.6,-22.915,1425,1358,LATE_GPS,0,0,GPS_TRACKING_CLOSED
17354.794,4,DR_PM_GBA_CLOSED,1,1,OK,0,0,1,1,1,1,1,1.0,107.09,12.004,2.646,38.73,-22.958,1426,1360,LATE_GPS,0,0,GPS_TRACKING_CLOSED
17354.844,4,DR_PM_GBA_CLOSED,1,1,OK,0,0,1,1,1,1,1,1.0,107.173,12.108,2.647,38.66,-22.963,1437,1371,LATE_GPS,0,0,GPS_TRACKING_CLOSED
17354.894,4,DR_PM_GBA_CLOSED,1,1,OK,0,0,1,1,1,1,1,1.0,107.217,12.163,1.406,38.72,-12.199,1470,1404,LATE_GPS,0,0,GPS_TRACKING_CLOSED
17354.945,4,DR_PM_GBA_CLOSED,1,1,OK,0,0,1,1,1,1,1,1.0,107.261,12.218,1.406,38.69,-12.198,1504,1438,LATE_GPS,0,0,GPS_TRACKING_CLOSED
17354.995,4,DR_PM_GBA_CLOSED,1,1,OK,0,0,1,1,1,1,1,1.0,107.305,12.274,1.407,38.68,-12.209,1537,1471,LATE_GPS,0,0,GPS_TRACKING_CLOSED
17355.045,4,DR_PM_GBA_CLOSED,1,1,OK,0,0,1,1,1,1,1,1.0,107.348,12.329,1.408,38.59,-12.21,1554,1488,LATE_GPS,0,0,GPS_TRACKING_CLOSED
17355.095,4,DR_PM_GBA_CLOSED,1,1,OK,0,0,1,1,1,1,1,1.0,107.368,12.397,1.41,15.8,-9.09,1576,1510,LATE_GPS,0,0,GPS_TRACKING_CLOSED
17355.145,4,DR_PM_GBA_CLOSED,1,1,OK,0,0,1,1,1,1,1,1.0,107.384,12.466,1.412,13.99,-8.783,1579,1513,LATE_GPS,0,0,GPS_TRACKING_CLOSED
17355.195,4,DR_PM_GBA_CLOSED,1,1,OK,0,0,1,1,1,1,1,1.0,107.399,12.535,1.413,12.1,-8.451,1582,1516,LATE_GPS,0,0,GPS_TRACKING_CLOSED
17355.245,4,DR_PM_GBA_CLOSED,1,1,OK,0,0,1,1,1,1,1,1.0,107.412,12.605,1.414,10.2,-8.107,1584,1518,LATE_GPS,0,0,GPS_TRACKING_CLOSED
17355.296,4,DR_PM_GBA_CLOSED,1,1,OK,0,0,1,1,1,1,1,1.0,107.422,12.675,1.415,8.49,-7.788,1582,1516,LATE_GPS,0,0,GPS_TRACKING_CLOSED
17355.346,4,DR_PM_GBA_CLOSED,1,1,OK,0,0,1,1,1,1,1,1.0,107.43,12.745,1.417,6.96,-7.499,1579,1513,LATE_GPS,0,0,GPS_TRACKING_CLOSED
17355.396,4,DR_PM_GBA_CLOSED,1,1,OK,0,0,1,1,1,1,1,1.0,107.438,12.816,1.418,5.9,-7.297,1571,1505,LATE_GPS,0,0,GPS_TRACKING_CLOSED
17355.446,4,DR_PM_GBA_CLOSED,1,1,OK,0,0,1,1,1,1,1,1.0,107.444,12.887,1.419,5.58,-7.237,1557,1491,LATE_GPS,0,0,GPS_TRACKING_CLOSED
17355.496,4,DR_PM_GBA_CLOSED,1,1,OK,0,0,1,1,1,1,1,1.0,107.451,12.958,1.419,5.6,-7.247,1550,1483,LATE_GPS,0,0,GPS_TRACKING_CLOSED
17355.546,4,DR_PM_GBA_CLOSED,1,1,OK,0,0,1,1,1,1,1,1.0,107.458,13.029,1.42,5.79,-7.289,1546,1480,LATE_GPS,0,0,GPS_TRACKING_CLOSED
17355.596,4,DR_PM_GBA_CLOSED,1,1,OK,0,0,1,1,1,1,1,1.0,107.466,13.099,1.411,6.09,-7.305,1544,1478,LATE_GPS,0,0,GPS_TRACKING_CLOSED
17355.646,4,DR_PM_GBA_CLOSED,1,1,OK,0,0,1,1,1,1,1,1.0,107.474,13.169,1.412,7.05,-7.499,1530,1463,LATE_GPS,0,0,GPS_TRACKING_CLOSED
17355.697,4,DR_PM_GBA_CLOSED,1,1,OK,0,0,1,1,1,1,1,1.0,107.484,13.24,1.413,8.28,-7.742,1524,1457,LATE_GPS,0,0,GPS_TRACKING_CLOSED
17355.747,4,DR_PM_GBA_CLOSED,1,1,OK,0,0,1,1,1,1,1,1.0,107.496,13.31,1.414,9.69,-8.022,1518,1452,LATE_GPS,0,0,GPS_TRACKING_CLOSED
17355.797,4,DR_PM_GBA_CLOSED,1,1,OK,0,0,1,1,1,1,1,1.0,107.51,13.379,1.416,11.25,-8.325,1514,1448,LATE_GPS,0,0,GPS_TRACKING_CLOSED
17355.847,4,DR_PM_GBA_CLOSED,1,1,OK,0,0,1,1,1,1,1,1.0,107.526,13.449,1.418,12.8,-8.624,1513,1446,LATE_GPS,0,0,GPS_TRACKING_CLOSED
17355.898,4,DR_PM_GBA_CLOSED,1,1,OK,0,0,1,1,1,1,1,1.0,107.544,13.524,1.546,14.2,-9.683,1511,1444,LATE_GPS,0,0,GPS_TRACKING_CLOSED
17355.948,4,DR_PM_GBA_CLOSED,1,1,OK,0,0,1,1,1,1,1,0.9994,107.565,13.599,1.546,15.31,-9.892,1515,1449,LATE_GPS,0,0,GPS_TRACKING_CLOSED
17355.998,4,DR_PM_GBA_CLOSED,1,1,OK,0,0,1,1,1,1,1,0.9984,107.586,13.674,1.546,15.58,-9.937,1532,1466,LATE_GPS,0,0,GPS_TRACKING_CLOSED
17356.048,4,DR_PM_GBA_CLOSED,1,1,OK,0,0,1,1,1,1,1,0.9974,107.606,13.749,1.547,15.6,-9.934,1537,1471,LATE_GPS,0,0,GPS_TRACKING_CLOSED
17356.1,4,DR_PM_GBA_CLOSED,1,1,OK,0,0,1,1,1,1,1,0.9964,107.633,13.845,1.943,15.49,-12.446,1526,1460,LATE_GPS,0,0,GPS_TRACKING_CLOSED
17356.15,4,DR_PM_GBA_CLOSED,1,1,OK,0,0,1,1,1,1,1,0.9954,107.658,13.939,1.943,14.96,-12.309,1537,1471,LATE_GPS,0,0,GPS_TRACKING_CLOSED
17356.2,4,DR_PM_GBA_CLOSED,1,1,OK,0,0,1,1,1,1,1,0.9944,107.682,14.034,1.945,14.25,-12.14,1538,1472,LATE_GPS,0,0,GPS_TRACKING_CLOSED
17356.25,4,DR_PM_GBA_CLOSED,1,1,OK,0,0,1,1,1,1,1,0.9934,107.705,14.129,1.947,13.45,-11.946,1539,1472,LATE_GPS,0,0,GPS_TRACKING_CLOSED
17356.302,4,DR_PM_GBA_CLOSED,1,1,OK,0,0,1,1,1,1,1,0.9924,107.726,14.226,1.948,12.64,-11.744,1540,1473,LATE_GPS,0,0,GPS_TRACKING_CLOSED
17356.352,4,DR_PM_GBA_CLOSED,1,1,OK,0,0,1,1,1,1,1,0.9914,107.746,14.322,1.949,11.85,-11.543,1540,1474,LATE_GPS,0,0,GPS_TRACKING_CLOSED
17356.402,4,DR_PM_GBA_CLOSED,1,1,OK,0,0,1,1,1,1,1,0.9904,107.764,14.409,1.773,11.18,-10.336,1546,1479,LATE_GPS,0,0,GPS_TRACKING_CLOSED
17356.452,4,DR_PM_GBA_CLOSED,1,1,OK,0,0,1,1,1,1,1,0.9894,107.78,14.496,1.773,10.76,-10.231,1546,1480,LATE_GPS,0,0,GPS_TRACKING_CLOSED
17356.502,4,DR_PM_GBA_CLOSED,1,1,OK,0,0,1,1,1,1,1,0.9884,107.791,14.557,1.241,10.48,-7.109,1558,1492,LATE_GPS,0,0,GPS_TRACKING_CLOSED
17356.552,4,DR_PM_GBA_CLOSED,1,1,OK,0,0,1,1,1,1,1,0.9874,107.802,14.619,1.241,10.33,-7.078,1558,1492,LATE_GPS,0,0,GPS_TRACKING_CLOSED
17356.602,4,DR_PM_GBA_CLOSED,1,1,OK,0,0,1,1,1,1,1,0.9864,107.813,14.68,1.241,10.21,-7.053,1558,1492,LATE_GPS,0,0,GPS_TRACKING_CLOSED
17356.652,4,DR_PM_GBA_CLOSED,1,1,OK,0,0,1,1,1,1,1,0.9853,107.824,14.741,1.241,10.32,-7.064,1549,1483,LATE_GPS,0,0,GPS_TRACKING_CLOSED
17356.703,4,DR_PM_GBA_CLOSED,1,1,OK,0,0,1,1,1,1,1,0.9843,107.836,14.803,1.241,10.49,-7.088,1547,1481,LATE_GPS,0,0,GPS_TRACKING_CLOSED
17356.754,4,DR_PM_GBA_CLOSED,1,1,OK,0,0,1,1,1,1,1,0.9833,107.847,14.865,1.242,10.72,-7.122,1546,1480,LATE_GPS,0,0,GPS_TRACKING_CLOSED
17356.804,4,DR_PM_GBA_CLOSED,1,1,OK,0,0,1,1,1,1,1,0.9823,107.859,14.926,1.242,10.99,-7.163,1545,1479,LATE_GPS,0,0,GPS_TRACKING_CLOSED
17356.854,4,DR_PM_GBA_CLOSED,1,1,OK,0,0,1,1,1,1,1,0.9813,107.871,14.987,1.243,11.25,-7.202,1545,1479,LATE_GPS,0,0,GPS_TRACKING_CLOSED
17356.905,4,DR_PM_GBA_CLOSED,1,1,OK,0,0,1,1,1,1,1,0.9803,107.884,15.048,1.202,11.5,-6.996,1546,1480,LATE_GPS,0,0,GPS_TRACKING_CLOSED
17356.955,4,DR_PM_GBA_CLOSED,1,1,OK,0,0,1,1,1,1,1,0.9793,107.896,15.107,1.202,11.65,-7.013,1548,1482,LATE_GPS,0,0,GPS_TRACKING_CLOSED
17357.006,4,DR_PM_GBA_CLOSED,1,1,OK,0,0,1,1,1,1,1,0.9783,107.901,15.131,0.501,11.81,-2.929,1582,1515,LATE_GPS,0,0,GPS_TRACKING_CLOSED
17357.056,4,DR_PM_GBA_CLOSED,1,1,OK,0,0,1,1,1,1,1,0.9773,107.906,15.156,0.501,11.98,-2.938,1584,1518,LATE_GPS,0,0,GPS_TRACKING_CLOSED
17357.106,4,DR_PM_GBA_CLOSED,1,1,OK,0,0,1,1,1,1,1,0.9763,107.911,15.181,0.502,12.16,-2.954,1584,1518,LATE_GPS,0,0,GPS_TRACKING_CLOSED
17357.157,4,DR_PM_GBA_CLOSED,1,1,OK,0,0,1,1,1,1,1,0.9753,107.917,15.205,0.503,12.38,-2.972,1583,1517,LATE_GPS,0,0,GPS_TRACKING_CLOSED
17357.207,4,DR_PM_GBA_CLOSED,1,1,OK,0,0,1,1,1,1,1,0.9743,107.922,15.23,0.504,12.61,-2.99,1583,1517,LATE_GPS,0,0,GPS_TRACKING_CLOSED
17357.257,4,DR_PM_GBA_CLOSED,1,1,OK,0,0,1,1,1,1,1,0.9733,107.928,15.255,0.506,12.81,-3.006,1584,1517,LATE_GPS,0,0,GPS_TRACKING_CLOSED
17357.309,4,DR_PM_GBA_CLOSED,1,1,OK,0,0,1,1,1,1,1,0.9722,107.933,15.28,0.501,12.93,-2.985,1585,1519,LATE_GPS,0,0,GPS_TRACKING_CLOSED
17357.359,5,DR_PM_GBA_CLOSED,1,1,OK,0,0,1,1,1,1,1,0.9712,107.939,15.305,0.501,13.01,-2.986,1591,1524,LATE_GPS,0,0,FAIL
17357.409,5,DR_PM_GBA_CLOSED,1,1,OK,0,0,1,1,1,1,1,0.9702,107.944,15.329,0.501,12.95,-2.978,1591,1524,LATE_GPS,0,0,FAIL
17357.459,5,DR_PM_GBA_CLOSED,1,1,OK,0,0,1,1,1,1,1,0.9692,107.95,15.354,0.501,12.84,-2.967,1591,1524,LATE_GPS,0,0,FAIL
17357.509,5,DR_PM_GBA_CLOSED,1,1,OK,0,0,1,1,1,1,1,0.9682,107.956,15.378,0.501,12.72,-2.957,1591,1524,LATE_GPS,0,0,FAIL
17357.56,5,DR_PM_GBA_CLOSED,1,1,OK,0,0,1,1,1,1,1,0.9672,107.961,15.403,0.501,12.59,-2.946,1591,1524,LATE_GPS,0,0,FAIL
17357.61,5,DR_PM_GBA_CLOSED,1,1,OK,0,0,1,1,1,1,1,0.9662,107.966,15.427,0.5,12.46,-2.934,1591,1524,LATE_GPS,0,0,FAIL
17357.66,5,DR_PM_GBA_CLOSED,1,1,OK,0,0,1,1,1,1,1,0.9652,107.972,15.452,0.5,12.33,-2.922,1591,1524,LATE_GPS,0,0,FAIL
17357.711,5,DR_PM_GBA_CLOSED,1,1,OK,0,0,1,1,1,1,1,0.9642,107.977,15.477,0.5,12.21,-2.913,1591,1524,LATE_GPS,0,0,FAIL
17357.761,5,DR_PM_GBA_CLOSED,1,1,OK,0,0,1,1,1,1,1,0.9632,107.982,15.501,0.5,12.07,-2.901,1591,1524,LATE_GPS,0,0,FAIL
17357.811,5,DR_PM_GBA_CLOSED,1,1,OK,0,0,1,1,1,1,1,0.9622,107.987,15.526,0.5,11.93,-2.888,1591,1524,LATE_GPS,0,0,FAIL
17357.861,5,DR_PM_GBA_CLOSED,0,0,NAV_INVALID,0,0,1,1,1,1,1,0.9612,107.992,15.55,0.5,11.79,0.0,1591,1524,LATE_GPS,0,0,FAIL
17357.911,5,DR_PM_GBA_CLOSED,0,0,NAV_INVALID,0,0,1,1,1,1,1,0.9602,107.998,15.575,0.5,11.66,0.0,1591,1524,LATE_GPS,0,0,FAIL
17357.962,5,DR_PM_GBA_CLOSED,1,1,OK,0,0,1,1,1,1,1,0.9592,108.002,15.599,0.5,11.55,-2.855,1591,1524,LATE_GPS,0,0,FAIL
17358.012,5,DR_PM_GBA_CLOSED,1,1,OK,0,0,1,1,1,1,1,0.9582,108.007,15.624,0.5,11.59,-2.855,1591,1524,LATE_GPS,0,0,FAIL
17358.062,5,DR_PM_GBA_CLOSED,1,1,OK,0,0,1,1,1,1,1,0.9572,108.012,15.649,0.5,11.66,-2.858,1591,1524,LATE_GPS,0,0,FAIL
17358.112,5,DR_PM_GBA_CLOSED,1,1,OK,0,0,1,1,1,1,1,0.9562,108.023,15.7,1.059,11.82,-6.065,1557,1491,LATE_GPS,0,0,FAIL
17358.162,5,DR_PM_GBA_CLOSED,1,1,OK,0,0,1,1,1,1,1,0.9552,108.034,15.752,1.059,12.03,-6.087,1551,1485,LATE_GPS,0,0,FAIL
17358.212,5,DR_PM_GBA_CLOSED,1,1,OK,0,0,1,1,1,1,1,0.9542,108.05,15.824,1.467,12.25,-8.462,1540,1474,LATE_GPS,0,0,FAIL
17358.262,5,DR_PM_GBA_CLOSED,1,1,OK,0,0,1,1,1,1,1,0.9531,108.066,15.896,1.467,12.46,-8.495,1540,1474,LATE_GPS,0,0,FAIL
17358.312,5,DR_PM_GBA_CLOSED,1,1,OK,0,0,1,1,1,1,1,0.9521,108.077,15.946,1.027,12.65,-5.966,1552,1486,LATE_GPS,0,0,FAIL
17358.363,5,DR_PM_GBA_CLOSED,1,1,OK,0,0,1,1,1,1,1,0.9511,108.088,15.997,1.027,12.78,-5.977,1553,1487,LATE_GPS,0,0,FAIL
17358.413,5,DR_PM_GBA_CLOSED,1,1,OK,0,0,1,1,1,1,1,0.9501,108.1,16.047,1.027,12.77,-5.969,1556,1489,LATE_GPS,0,0,FAIL
17358.463,5,DR_PM_GBA_CLOSED,1,1,OK,0,0,1,1,1,1,1,0.9491,108.111,16.098,1.027,12.72,-5.957,1562,1495,LATE_GPS,0,0,FAIL
17358.514,5,DR_PM_GBA_CLOSED,1,1,OK,0,0,1,1,1,1,1,0.9481,108.119,16.133,0.719,12.67,-4.162,1591,1524,LATE_GPS,0,0,FAIL
17358.564,5,DR_PM_GBA_CLOSED,1,1,OK,0,0,1,1,1,1,1,0.9471,108.127,16.168,0.719,12.62,-4.154,1591,1524,LATE_GPS,0,0,FAIL
17358.615,5,DR_PM_GBA_CLOSED,1,1,OK,0,0,1,1,1,1,1,0.9461,108.133,16.193,0.5,12.61,-2.886,1591,1524,LATE_GPS,0,0,FAIL
17358.665,5,DR_PM_GBA_CLOSED,1,1,OK,0,0,1,1,1,1,1,0.9451,108.138,16.217,0.5,12.62,-2.884,1591,1524,LATE_GPS,0,0,FAIL
17358.715,5,DR_PM_GBA_CLOSED,1,1,OK,0,0,1,1,1,1,1,0.9441,108.143,16.242,0.501,12.62,-2.883,1591,1524,LATE_GPS,0,0,FAIL
17358.765,5,DR_PM_GBA_CLOSED,1,1,OK,0,0,1,1,1,1,1,0.9431,108.149,16.267,0.501,12.62,-2.881,1591,1524,LATE_GPS,0,0,FAIL
17358.816,5,DR_PM_GBA_CLOSED,1,1,OK,0,0,1,1,1,1,1,0.9421,108.154,16.291,0.501,12.6,-2.88,1591,1524,LATE_GPS,0,0,FAIL
17358.866,5,DR_PM_GBA_CLOSED,1,1,OK,0,0,1,1,1,1,1,0.9411,108.16,16.316,0.501,12.58,-2.877,1591,1524,LATE_GPS,0,0,FAIL
17358.916,5,DR_PM_GBA_CLOSED,1,1,OK,0,0,1,1,1,1,1,0.9401,108.165,16.34,0.502,12.54,-2.873,1591,1524,LATE_GPS,0,0,FAIL
17358.966,5,DR_PM_GBA_CLOSED,1,1,OK,0,0,1,1,1,1,1,0.9391,108.171,16.365,0.502,12.48,-2.867,1591,1524,LATE_GPS,0,0,FAIL
17359.016,5,DR_PM_GBA_CLOSED,1,1,OK,0,0,1,1,1,1,1,0.9381,108.176,16.389,0.502,12.41,-2.861,1591,1524,LATE_GPS,0,0,FAIL
17359.066,5,DR_PM_GBA_CLOSED,1,1,OK,0,0,1,1,1,1,1,0.9371,108.181,16.414,0.502,12.34,-2.854,1591,1524,LATE_GPS,0,0,FAIL
17359.116,5,DR_PM_GBA_CLOSED,1,1,OK,0,0,1,1,1,1,1,0.9361,108.187,16.44,0.533,12.26,-3.023,1591,1524,LATE_GPS,0,0,FAIL
17359.166,5,DR_PM_GBA_CLOSED,1,1,OK,0,0,1,1,1,1,1,0.9351,108.193,16.466,0.533,12.19,-3.015,1591,1524,LATE_GPS,0,0,FAIL
17359.217,5,DR_PM_GBA_CLOSED,1,1,OK,0,0,1,1,1,1,1,0.9341,108.198,16.491,0.5,12.17,-2.825,1591,1524,LATE_GPS,0,0,FAIL
17359.267,5,DR_PM_GBA_CLOSED,0,0,NAV_INVALID,0,0,1,1,1,1,1,0.9331,108.203,16.515,0.5,12.16,0.0,1591,1524,LATE_GPS,0,0,FAIL
17359.317,5,DR_PM_GBA_CLOSED,0,0,NAV_INVALID,0,0,1,1,1,1,1,0.9321,108.209,16.54,0.5,12.2,0.0,1591,1524,LATE_GPS,0,0,FAIL
17359.367,5,DR_PM_GBA_CLOSED,1,1,OK,0,0,1,1,1,1,1,0.9311,108.214,16.564,0.5,12.26,-2.821,1591,1524,LATE_GPS,0,0,FAIL
17359.417,5,DR_PM_GBA_CLOSED,1,1,OK,0,0,1,1,1,1,1,0.9301,108.219,16.589,0.5,12.33,-2.822,1591,1524,LATE_GPS,0,0,FAIL
17359.467,5,DR_PM_GBA_CLOSED,1,1,OK,0,0,1,1,1,1,1,0.9291,108.225,16.613,0.5,12.42,-2.825,1591,1524,LATE_GPS,0,0,FAIL
