host_time,team_id,time,packet_count,mode,state,altitude_m,temperature_c,pressure_hpa,voltage_v,current_a,power_w,gyro_roll,gyro_pitch,gyro_yaw,acc_roll,acc_pitch,acc_yaw,mag_roll,mag_pitch,mag_yaw,gps_time,gps_alt,gps_lat,gps_lon,gps_sats,distance_cm,cmd_echo,filtered_roll,filtered_pitch,filtered_yaw,start_lat,start_lon,target_lat,target_lon,carrot_lat,carrot_lon,current_heading_deg,desired_heading_deg,left_pulse_us,right_pulse_us,guidance_state,raw
2026-05-08T04:54:12.057,1070,04:53:49,93,F,0,58.40,31.27,1006.25,7.360,0.770,5.667,-0.336,-0.112,0.000,-2.715,-1.559,9.379,-28.688,76.250,70.188,000000,80.00,37.560000,126.930000,0,1720.0,,350.562,16.109,90.204,0.000000,0.000000,0.000000,0.000000,0.000000,0.000000,0.00,0.00,1266,1833,60.0000,"$1070,04:53:49,93,F,0,58.40,31.27,1006.25,7.360,0.770,5.667,-0.336,-0.112,0.000,-2.715,-1.559,9.379,-28.688,76.250,70.188,000000,80.00,37.560000,126.930000,0,1720.0,,350.562,16.109,90.204,0.000000,0.000000,0.000000,0.000000,0.000000,0.000000,0.00,0.00,1266,1833,60.0000"
2026-05-08T04:54:15.547,1070,04:53:50,94,F,0,58.43,31.28,1006.26,7.370,0.790,5.822,-0.336,-0.112,0.000,-2.715,-1.559,9.379,-28.688,76.25,F,0,58.39,31.30,1006.24,7.360,0.770,5.667,-0.336,-0.112,0.000,-2.715,-1.559,9.379,-28.688,76.250,70.188,000000,80.00,37.560000,126.930000,0,"$1070,04:53:50,94,F,0,58.43,31.28,1006.26,7.370,0.790,5.822,-0.336,-0.112,0.000,-2.715,-1.559,9.379,-28.688,76.25,F,0,58.39,31.30,1006.24,7.360,0.770,5.667,-0.336,-0.112,0.000,-2.715,-1.559,9.379,-28.688,76.250,70.188,000000,80.00,37.560000,126.930000,0,1730.0,,350.562,16.109,90.204,0.000000,0.000000,0.000000,0.000000,0.000000,0.000000,0.00,0.00,1266,1833,60.0000"
2026-05-08T04:54:20.490,1070,04:54:06,109,F,0,58.60,31.38,1006.24,7.360,0.770,5.667,-0.336,-0.112,0.000,-2.715,-1.559,9.379,-28.688,76.250,70.188,000000,80.00,37.560000,126.930000,0,1720.0,,350.562,16.109,90.204,0.000000,0.000000,0.000000,0.000000,0.000000,0.00000,0,58.59,31.42,1006.23,7.360,"$1070,04:54:06,109,F,0,58.60,31.38,1006.24,7.360,0.770,5.667,-0.336,-0.112,0.000,-2.715,-1.559,9.379,-28.688,76.250,70.188,000000,80.00,37.560000,126.930000,0,1720.0,,350.562,16.109,90.204,0.000000,0.000000,0.000000,0.000000,0.000000,0.00000,0,58.59,31.42,1006.23,7.360,0.770,5.667,-0.336,-0.112,0.000,-2.715,-1.559,9.379,-28.688,76.250,70.188,000000,80.00,37.560000,126.930000,0,1730.0,,350.562,16.109,90.204,0.000000,0.000000,0.000000,0.000000,0.000000,0.000000,0.00,0.00,1266,1833,60.0000"
2026-05-08T04:54:20.702,1070,04:54:11,114,F,0,58.32,31.43,1006.24,7.370,0.790,5.822,-0.336,-0.112,0.000,-2.715,-1.559,9.379,-28.688,76.250,70.188,000000,80.00,37.560000,126.930000,0,1720.0,,350.562,16.109,90.204,0.000000,0.000000,0.000000,0.000000,0.000000,0.000000,0.00,0.00,1266,1833,60.0000,"$1070,04:54:11,114,F,0,58.32,31.43,1006.24,7.370,0.790,5.822,-0.336,-0.112,0.000,-2.715,-1.559,9.379,-28.688,76.250,70.188,000000,80.00,37.560000,126.930000,0,1720.0,,350.562,16.109,90.204,0.000000,0.000000,0.000000,0.000000,0.000000,0.000000,0.00,0.00,1266,1833,60.0000"
2026-05-08T04:54:21.110,1070,04:54:12,115,F,0,58.46,31.44,1006.26,7.370,0.790,5.822,-0.336,-0.112,0.000,-2.715,-1.559,9.379,-28.688,76.250,70.188,000000,80.00,37.560000,126.930000,0,1720.0,,350.562,16.109,90.204,0.000000,0.000000,0.000000,0.000000,0.000000,0.000000,0.00,0.00,1266,1833,60.0000,"$1070,04:54:12,115,F,0,58.46,31.44,1006.26,7.370,0.790,5.822,-0.336,-0.112,0.000,-2.715,-1.559,9.379,-28.688,76.250,70.188,000000,80.00,37.560000,126.930000,0,1720.0,,350.562,16.109,90.204,0.000000,0.000000,0.000000,0.000000,0.000000,0.000000,0.00,0.00,1266,1833,60.0000"
2026-05-08T04:54:22.775,1070,04:54:16,119,F,0,58.73,31.47,1006.23,7.370,0.790,5.822,-0.336,-0.112,0.000,-2.715,-1.559,9.379,-28.688,76.250,70.188,000000,80.00,37.560000,126.930000,0,1720.0,,350.562,16.109,90.204,0.000000,0.000000,0.000000,0.000000,0.000000,0.000000,0.00,0.00,1266,1833,60.0000,"$1070,04:54:16,119,F,0,58.73,31.47,1006.23,7.370,0.790,5.822,-0.336,-0.112,0.000,-2.715,-1.559,9.379,-28.688,76.250,70.188,000000,80.00,37.560000,126.930000,0,1720.0,,350.562,16.109,90.204,0.000000,0.000000,0.000000,0.000000,0.000000,0.000000,0.00,0.00,1266,1833,60.0000"
2026-05-08T04:54:23.189,1070,04:54:17,120,F,0,58.26,31.48,1006.24,7.360,0.770,5.667,-0.336,-0.112,0.000,-2.715,-1.559,9.379,-28.688,76.250,70.188,000000,80.00,37.560000,126.930000,0,1720.0,,350.562,16.109,90.204,0.000000,0.000000,0.000000,0.000000,0.000000,0.000000,0.00,0.00,1266,1833,60.0000,"$1070,04:54:17,120,F,0,58.26,31.48,1006.24,7.360,0.770,5.667,-0.336,-0.112,0.000,-2.715,-1.559,9.379,-28.688,76.250,70.188,000000,80.00,37.560000,126.930000,0,1720.0,,350.562,16.109,90.204,0.000000,0.000000,0.000000,0.000000,0.000000,0.000000,0.00,0.00,1266,1833,60.0000"
2026-05-08T04:54:28.123,1070,04:54:18,121,F,0,58.37,31.48,1006.24,7.360,0.770,5.667,-0.336,-0.112,0.000,-2.715,-1.559,9.$1070,04:54:20,123,F,0,58.58,31.49,1006.24,7.370,0.790,5.822,-0.336,-0.112,0.000,-2.715,-1.559,9.379,-28.688,76.250,70.188,000000,80.00,37.560000,126.930000,0,"$1070,04:54:18,121,F,0,58.37,31.48,1006.24,7.360,0.770,5.667,-0.336,-0.112,0.000,-2.715,-1.559,9.$1070,04:54:20,123,F,0,58.58,31.49,1006.24,7.370,0.790,5.822,-0.336,-0.112,0.000,-2.715,-1.559,9.379,-28.688,76.250,70.188,000000,80.00,37.560000,126.930000,0,1730.0,,350.562,16.109,90.204,0.000000,0.000000,0.000000,0.000000,0.000000,0.000000,0.00,0.00,1266,1833,60.0000"
2026-05-08T04:54:28.533,1070,04:54:21,124,F,0,58.42,31.51,1006.23,7.360,0.770,5.667,-0.336,-0.112,0.000,-2.715,-1.559,9.379,-28.688,76.250,70.188,000000,80.00,37.560000,126.930000,0,1710.0,,350.562,16.109,90.204,0.000000,0.000000,0.000000,0.000000,0.000000,0.000000,0.00,0.00,1266,1833,60.0000,"$1070,04:54:21,124,F,0,58.42,31.51,1006.23,7.360,0.770,5.667,-0.336,-0.112,0.000,-2.715,-1.559,9.379,-28.688,76.250,70.188,000000,80.00,37.560000,126.930000,0,1710.0,,350.562,16.109,90.204,0.000000,0.000000,0.000000,0.000000,0.000000,0.000000,0.00,0.00,1266,1833,60.0000"
2026-05-08T04:54:30.199,1070,04:54:22,125,F,0,58.86,31.51,1006.24,7.360,0.770,5.667,-0.336,-0.112,0.000,-2.715,-1.559,9.379,-28.688,76.250,70.188,000000,80.00,37.560000,126.930000,0,1720.0,,350.562,16.109,90.204,0.000000,0.000000,0.000000,0.000000,0.000000,0.000000,0.00,0.00,1266,1833,60.0000,"$1070,04:54:22,125,F,0,58.86,31.51,1006.24,7.360,0.770,5.667,-0.336,-0.112,0.000,-2.715,-1.559,9.379,-28.688,76.250,70.188,000000,80.00,37.560000,126.930000,0,1720.0,,350.562,16.109,90.204,0.000000,0.000000,0.000000,0.000000,0.000000,0.000000,0.00,0.00,1266,1833,60.0000"
2026-05-08T04:54:31.439,1070,04:54:23,126,F,0,58.54,31.51,1006.21,7.370,0.790,5.822,-0.336,-0.112,0.000,-2.715,-1.559,9.379,-28.688,76.250,70.188,000000,80.00,37.560000,126.930000,0,1720.0,,350.562,16.109,90.204,0.000000,0.000000,0.000000,0.000000,0.000000,0.000000,0.00,0.00,1266,1833,60.0000,"$1070,04:54:23,126,F,0,58.54,31.51,1006.21,7.370,0.790,5.822,-0.336,-0.112,0.000,-2.715,-1.559,9.379,-28.688,76.250,70.188,000000,80.00,37.560000,126.930000,0,1720.0,,350.562,16.109,90.204,0.000000,0.000000,0.000000,0.000000,0.000000,0.000000,0.00,0.00,1266,1833,60.0000"
2026-05-08T04:54:34.732,1070,04:54:24,127,F,0,58.56,31.53,1006.25,7.370,0.790,5.822,-0.336,-0.112,0.000,-2.715,-1.559,9.379,-28.688,76.250,70.188,000000,80.00,37.560000,126.930000,0,1720.0,,350.562,16.109,90.204,0.000000,0.000000,0.000000,0.000000,0.000000,0.000000,0.00,0.00,1266,1833,60.0000,"$1070,04:54:24,127,F,0,58.56,31.53,1006.25,7.370,0.790,5.822,-0.336,-0.112,0.000,-2.715,-1.559,9.379,-28.688,76.250,70.188,000000,80.00,37.560000,126.930000,0,1720.0,,350.562,16.109,90.204,0.000000,0.000000,0.000000,0.000000,0.000000,0.000000,0.00,0.00,1266,1833,60.0000"
2026-05-08T04:54:35.976,1070,04:54:25,128,F,0,58.77,31.53,1006.23,7.360,0.770,5.667,-0.336,-0.112,0.000,-2.715,-1.559,9.379,-28.688,76.$1070,04:54:28,131,F,0,58.20,31.54,1006.25,7.370,0.790,5.822,-0.336,-0.112,0.000,-2.715,-1.559,9.379,-28.688,76.250,70.188,000000,80.00,37.560000,"$1070,04:54:25,128,F,0,58.77,31.53,1006.23,7.360,0.770,5.667,-0.336,-0.112,0.000,-2.715,-1.559,9.379,-28.688,76.$1070,04:54:28,131,F,0,58.20,31.54,1006.25,7.370,0.790,5.822,-0.336,-0.112,0.000,-2.715,-1.559,9.379,-28.688,76.250,70.188,000000,80.00,37.560000,126.930000,0,1720.0,,350.562,16.109,90.204,0.000000,0.000000,0.000000,0.000000,0.000000,0.000000,0.00,0.00,1266,1833,60.0000"
2026-05-08T04:54:36.371,1070,04:54:29,132,F,0,58.25,31.56,1006.23,7.360,0.770,5.667,-0.336,-0.112,0.000,-2.715,-1.559,9.379,-28.688,76.250,70.188,000000,80.00,37.560000,126.930000,0,1720.0,,350.562,16.109,90.204,0.000000,0.000000,0.000000,0.000000,0.000000,0.000000,0.00,0.00,1266,1833,60.0000,"$1070,04:54:29,132,F,0,58.25,31.56,1006.23,7.360,0.770,5.667,-0.336,-0.112,0.000,-2.715,-1.559,9.379,-28.688,76.250,70.188,000000,80.00,37.560000,126.930000,0,1720.0,,350.562,16.109,90.204,0.000000,0.000000,0.000000,0.000000,0.000000,0.000000,0.00,0.00,1266,1833,60.0000"
2026-05-08T04:54:37.195,1070,04:54:30,133,F,0,57.98,31.57,1006.23,7.360,0.770,5.667,-0.336,-0.112,0.000,-2.715,-1.559,9.379,-28.688,76.250,70.188,000000,80.00,37.560000,126.930000,0,1720.0,,350.562,16.109,90.204,0.000000,0.000000,0.000000,0.000000,0.000000,0.000000,0.00,0.00,1266,1833,60.0000,"$1070,04:54:30,133,F,0,57.98,31.57,1006.23,7.360,0.770,5.667,-0.336,-0.112,0.000,-2.715,-1.559,9.379,-28.688,76.250,70.188,000000,80.00,37.560000,126.930000,0,1720.0,,350.562,16.109,90.204,0.000000,0.000000,0.000000,0.000000,0.000000,0.000000,0.00,0.00,1266,1833,60.0000"
2026-05-08T04:54:38.843,1070,04:54:31,134,F,0,58.39,31.58,1006.27,7.370,0.790,5.822,-0.336,-0.112,0.000,-2.715,-1.559,9.379,-28.688,76.250,70.188,000000,80.00,37.560000,126.930000,0,1710.0,,350.562,16.109,90.204,0.000000,0.000000,0.000000,0.000000,0.000000,0.000000,0.00,0.00,1266,1833,60.0000,"$1070,04:54:31,134,F,0,58.39,31.58,1006.27,7.370,0.790,5.822,-0.336,-0.112,0.000,-2.715,-1.559,9.379,-28.688,76.250,70.188,000000,80.00,37.560000,126.930000,0,1710.0,,350.562,16.109,90.204,0.000000,0.000000,0.000000,0.000000,0.000000,0.000000,0.00,0.00,1266,1833,60.0000"
2026-05-08T04:54:39.879,1070,04:54:32,135,F,0,58.71,31.59,1006.24,7.370,0.790,5.822,-0.336,-0.112,0.000,-2.715,-1.559,9.379,-28.688,76.250,70.188,000000,80.00,37.560000,126.930000,0,1730.0,,350.562,16.109,90.204,0.000000,0.000000,0.000000,0.000000,0.000000109,90.204,0.000000,0.000000,0.000000,0.000000,0.000000,"$1070,04:54:32,135,F,0,58.71,31.59,1006.24,7.370,0.790,5.822,-0.336,-0.112,0.000,-2.715,-1.559,9.379,-28.688,76.250,70.188,000000,80.00,37.560000,126.930000,0,1730.0,,350.562,16.109,90.204,0.000000,0.000000,0.000000,0.000000,0.000000109,90.204,0.000000,0.000000,0.000000,0.000000,0.000000,0.000000,0.00,0.00,1266,1833,60.0000"
2026-05-08T04:54:40.291,1070,04:54:35,138,F,0,58.44,31.60,1006.25,7.370,0.790,5.822,-0.336,-0.112,0.000,-2.715,-1.559,9.379,-28.688,76.250,70.188,000000,80.00,37.560000,126.930000,0,1720.0,,350.562,16.109,90.204,0.000000,0.000000,0.000000,0.000000,0.000000,0.000000,0.00,0.00,1266,1833,60.0000,"$1070,04:54:35,138,F,0,58.44,31.60,1006.25,7.370,0.790,5.822,-0.336,-0.112,0.000,-2.715,-1.559,9.379,-28.688,76.250,70.188,000000,80.00,37.560000,126.930000,0,1720.0,,350.562,16.109,90.204,0.000000,0.000000,0.000000,0.000000,0.000000,0.000000,0.00,0.00,1266,1833,60.0000"
2026-05-08T04:54:42.144,1070,04:54:36,139,F,0,58.37,31.61,1006.20,7.370,0.790,5.822,-0.336,-0.112,0.000,-2.715,-1.559,9.379,-28.688,76.250,70.188,000000,80.00,37.560000,126.930000,0,1730.0,,350.562,16.109,90.204,0.000000,0.000000,0.000000,0.000000,0.000000,0.000000,0.00,0.00,1266,1833,60.0000,"$1070,04:54:36,139,F,0,58.37,31.61,1006.20,7.370,0.790,5.822,-0.336,-0.112,0.000,-2.715,-1.559,9.379,-28.688,76.250,70.188,000000,80.00,37.560000,126.930000,0,1730.0,,350.562,16.109,90.204,0.000000,0.000000,0.000000,0.000000,0.000000,0.000000,0.00,0.00,1266,1833,60.0000"
2026-05-08T04:54:42.968,1070,04:54:37,140,F,0,58.49,31.61,1006.25,7.360,0.770,5.667,-0.336,-0.112,0.000,-2.715,-1.559,9.379,-28.688,76.250,70.188,000000,80.00,37.560000,126.930000,0,1720.0,,350.562,16.109,90.204,0.000000,0.000000,0.000000,0.000000,0.000000,0.000000,0.00,0.00,1266,1833,60.0000,"$1070,04:54:37,140,F,0,58.49,31.61,1006.25,7.360,0.770,5.667,-0.336,-0.112,0.000,-2.715,-1.559,9.379,-28.688,76.250,70.188,000000,80.00,37.560000,126.930000,0,1720.0,,350.562,16.109,90.204,0.000000,0.000000,0.000000,0.000000,0.000000,0.000000,0.00,0.00,1266,1833,60.0000"
2026-05-08T04:54:43.379,1070,04:54:38,141,F,0,58.51,31.62,1006.25,7.360,0.770,5.667,-0.336,-0.112,0.000,-2.715,-1.559,9.379,-28.688,76.250,70.188,000000,80.00,37.560000,126.930000,0,1730.0,,350.562,16.109,90.204,0.000000,0.000000,0.000000,0.000000,0.000000,0.000000,0.00,0.00,1266,1833,60.0000,"$1070,04:54:38,141,F,0,58.51,31.62,1006.25,7.360,0.770,5.667,-0.336,-0.112,0.000,-2.715,-1.559,9.379,-28.688,76.250,70.188,000000,80.00,37.560000,126.930000,0,1730.0,,350.562,16.109,90.204,0.000000,0.000000,0.000000,0.000000,0.000000,0.000000,0.00,0.00,1266,1833,60.0000"
2026-05-08T04:54:43.824,1070,04:54:39,142,F,0,58.65,31.64,1006.25,7.370,0.790,5.822,-0.336,-0.112,0.000,-2.715,-1.559,9.379,-28.688,76.250,70.188,000000,80.00,37.560000,126.930000,0,1730.0,,350.562,16.109,90.204,0.000000,0.000000,0.000000,0.000000,0.000000,0.000000,0.00,0.00,1266,1833,60.0000,"$1070,04:54:39,142,F,0,58.65,31.64,1006.25,7.370,0.790,5.822,-0.336,-0.112,0.000,-2.715,-1.559,9.379,-28.688,76.250,70.188,000000,80.00,37.560000,126.930000,0,1730.0,,350.562,16.109,90.204,0.000000,0.000000,0.000000,0.000000,0.000000,0.000000,0.00,0.00,1266,1833,60.0000"
2026-05-08T04:55:00.105,1070,04:54:59,143,F,0,58.52,31.77,1006.26,7.370,0.790,5.822,-0.336,-0.112,0.000,-2.715,-1.559,9.379,-28.688,76.250,70.188,000000,80.00,37.560000,126.930000,0,1720.0,CX;ON,350.562,16.109,90.204,0.000000,0.000000,0.000000,0.000000,0.000000,0.000000,0.00,0.00,1266,1833,60.0000,"$1070,04:54:59,143,F,0,58.52,31.77,1006.26,7.370,0.790,5.822,-0.336,-0.112,0.000,-2.715,-1.559,9.379,-28.688,76.250,70.188,000000,80.00,37.560000,126.930000,0,1720.0,CX;ON,350.562,16.109,90.204,0.000000,0.000000,0.000000,0.000000,0.000000,0.000000,0.00,0.00,1266,1833,60.0000"
2026-05-08T04:55:01.111,1070,04:55:00,144,F,0,58.61,31.78,1006.23,7.370,0.790,5.822,-0.336,-0.112,0.000,-2.715,-1.559,9.379,-28.688,76.250,70.188,000000,80.00,37.560000,126.930000,0,1740.0,CX;ON,350.562,16.109,90.204,0.000000,0.000000,0.000000,0.000000,0.000000,0.000000,0.00,0.00,1266,1833,60.0000,"$1070,04:55:00,144,F,0,58.61,31.78,1006.23,7.370,0.790,5.822,-0.336,-0.112,0.000,-2.715,-1.559,9.379,-28.688,76.250,70.188,000000,80.00,37.560000,126.930000,0,1740.0,CX;ON,350.562,16.109,90.204,0.000000,0.000000,0.000000,0.000000,0.000000,0.000000,0.00,0.00,1266,1833,60.0000"
2026-05-08T04:55:02.350,1070,04:55:01,145,F,0,58.34,31.79,1006.22,7.360,0.770,5.667,-0.336,-0.112,0.000,-2.715,-1.559,9.379,-28.688,76.250,70.188,000000,80.00,37.560000,126.930000,0,1730.0,CX;ON,350.562,16.109,90.204,0.000000,0.000000,0.000000,0.000000,0.000000,0.000000,0.00,0.00,1266,1833,60.0000,"$1070,04:55:01,145,F,0,58.34,31.79,1006.22,7.360,0.770,5.667,-0.336,-0.112,0.000,-2.715,-1.559,9.379,-28.688,76.250,70.188,000000,80.00,37.560000,126.930000,0,1730.0,CX;ON,350.562,16.109,90.204,0.000000,0.000000,0.000000,0.000000,0.000000,0.000000,0.00,0.00,1266,1833,60.0000"
2026-05-08T04:55:03.174,1070,04:55:02,146,F,0,58.54,31.80,1006.21,7.360,0.770,5.667,-0.336,-0.112,0.000,-2.715,-1.559,9.379,-28.688,76.250,70.188,000000,80.00,37.560000,126.930000,0,1720.0,CX;ON,350.562,16.109,90.204,0.000000,0.000000,0.000000,0.000000,0.000000,0.000000,0.00,0.00,1266,1833,60.0000,"$1070,04:55:02,146,F,0,58.54,31.80,1006.21,7.360,0.770,5.667,-0.336,-0.112,0.000,-2.715,-1.559,9.379,-28.688,76.250,70.188,000000,80.00,37.560000,126.930000,0,1720.0,CX;ON,350.562,16.109,90.204,0.000000,0.000000,0.000000,0.000000,0.000000,0.000000,0.00,0.00,1266,1833,60.0000"
2026-05-08T04:55:04.219,1070,04:55:03,147,F,0,58.43,31.79,1006.24,7.370,0.790,5.822,-0.336,-0.112,0.000,-2.715,-1.559,9.379,-28.688,76.250,70.188,000000,80.00,37.560000,126.930000,0,1730.0,CX;ON,350.562,16.109,90.204,0.000000,0.000000,0.000000,0.000000,0.000000,0.000000,0.00,0.00,1266,1833,60.0000,"$1070,04:55:03,147,F,0,58.43,31.79,1006.24,7.370,0.790,5.822,-0.336,-0.112,0.000,-2.715,-1.559,9.379,-28.688,76.250,70.188,000000,80.00,37.560000,126.930000,0,1730.0,CX;ON,350.562,16.109,90.204,0.000000,0.000000,0.000000,0.000000,0.000000,0.000000,0.00,0.00,1266,1833,60.0000"
2026-05-08T04:55:05.234,1070,04:55:04,148,F,0,58.09,31.80,1006.22,7.370,0.790,5.822,-0.336,-0.112,0.000,-2.715,-1.559,9.379,-28.688,76.250,70.188,000000,80.00,37.560000,126.930000,0,1720.0,CX;ON,350.562,16.109,90.204,0.000000,0.000000,0.000000,0.000000,0.000000,0.000000,0.00,0.00,1266,1833,60.0000,"$1070,04:55:04,148,F,0,58.09,31.80,1006.22,7.370,0.790,5.822,-0.336,-0.112,0.000,-2.715,-1.559,9.379,-28.688,76.250,70.188,000000,80.00,37.560000,126.930000,0,1720.0,CX;ON,350.562,16.109,90.204,0.000000,0.000000,0.000000,0.000000,0.000000,0.000000,0.00,0.00,1266,1833,60.0000"
2026-05-08T04:55:06.481,1070,04:55:05,149,F,0,58.50,31.81,1006.27,7.360,0.770,5.667,-0.336,-0.112,0.000,-2.715,-1.559,9.379,-28.688,76.250,70.188,000000,80.00,37.560000,126.930000,0,1730.0,CX;ON,350.562,16.109,90.204,0.000000,0.000000,0.000000,0.000000,0.000000,0.000000,0.00,0.00,1266,1833,60.0000,"$1070,04:55:05,149,F,0,58.50,31.81,1006.27,7.360,0.770,5.667,-0.336,-0.112,0.000,-2.715,-1.559,9.379,-28.688,76.250,70.188,000000,80.00,37.560000,126.930000,0,1730.0,CX;ON,350.562,16.109,90.204,0.000000,0.000000,0.000000,0.000000,0.000000,0.000000,0.00,0.00,1266,1833,60.0000"
2026-05-08T04:55:08.325,1070,04:55:06,150,F,0,58.30,31.81,1006.24,7.360,0.770,5.667,-0.336,-0.112,0.000,-2.715,-1.559,9.379,-28.688,76.250,70.188,000000,80.00,37.560000,126.930000,0,1730.0,CX;ON,350.562,16.109,90.204,0.000000,0.000000,0.000000,0.000000,0.000000,0.000000,0.00,0.00,1266,1833,60.0000,"$1070,04:55:06,150,F,0,58.30,31.81,1006.24,7.360,0.770,5.667,-0.336,-0.112,0.000,-2.715,-1.559,9.379,-28.688,76.250,70.188,000000,80.00,37.560000,126.930000,0,1730.0,CX;ON,350.562,16.109,90.204,0.000000,0.000000,0.000000,0.000000,0.000000,0.000000,0.00,0.00,1266,1833,60.0000"
2026-05-08T04:55:08.754,1070,04:55:07,151,F,0,58.50,31.82,1006.23,7.370,0.790,5.822,-0.336,-0.112,0.000,-2.715,-1.559,9.379,-28.688,76.250,70.188,000000,80.00,37.560000,126.930000,0,1720.0,CX;ON,350.562,16.109,90.204,0.000000,0.000000,0.000000,0.000000,0.000000,0.000000,0.00,0.00,1266,1833,60.0000,"$1070,04:55:07,151,F,0,58.50,31.82,1006.23,7.370,0.790,5.822,-0.336,-0.112,0.000,-2.715,-1.559,9.379,-28.688,76.250,70.188,000000,80.00,37.560000,126.930000,0,1720.0,CX;ON,350.562,16.109,90.204,0.000000,0.000000,0.000000,0.000000,0.000000,0.000000,0.00,0.00,1266,1833,60.0000"
2026-05-08T04:55:09.565,1070,04:55:08,152,F,0,58.44,31.82,1006.21,7.370,0.790,5.822,-0.336,-0.112,0.000,-2.715,-1.559,9.379,-28.688,76.250,70.188,000000,80.00,37.560000,126.930000,0,1730.0,CX;ON,350.562,16.109,90.204,0.000000,0.000000,0.000000,0.000000,0.000000,0.000000,0.00,0.00,1266,1833,60.0000,"$1070,04:55:08,152,F,0,58.44,31.82,1006.21,7.370,0.790,5.822,-0.336,-0.112,0.000,-2.715,-1.559,9.379,-28.688,76.250,70.188,000000,80.00,37.560000,126.930000,0,1730.0,CX;ON,350.562,16.109,90.204,0.000000,0.000000,0.000000,0.000000,0.000000,0.000000,0.00,0.00,1266,1833,60.0000"
2026-05-08T04:55:10.595,1070,04:55:09,153,F,0,58.37,31.84,1006.22,7.360,0.770,5.667,-0.336,-0.112,0.000,-2.715,-1.559,9.379,-28.688,76.250,70.188,000000,80.00,37.560000,126.930000,0,1720.0,CX;ON,350.562,16.109,90.204,0.000000,0.000000,0.000000,0.000000,0.000000,0.000000,0.00,0.00,1266,1833,60.0000,"$1070,04:55:09,153,F,0,58.37,31.84,1006.22,7.360,0.770,5.667,-0.336,-0.112,0.000,-2.715,-1.559,9.379,-28.688,76.250,70.188,000000,80.00,37.560000,126.930000,0,1720.0,CX;ON,350.562,16.109,90.204,0.000000,0.000000,0.000000,0.000000,0.000000,0.000000,0.00,0.00,1266,1833,60.0000"
2026-05-08T04:55:11.224,1070,04:55:10,154,F,0,58.17,31.85,1006.22,7.360,0.770,5.667,-0.336,-0.112,0.000,-2.715,-1.559,9.379,-28.688,76.250,70.188,000000,80.00,37.560000,126.930000,0,1720.0,CX;ON,350.562,16.109,90.204,0.000000,0.000000,0.000000,0.000000,0.000000,0.000000,0.00,0.00,1266,1833,60.0000,"$1070,04:55:10,154,F,0,58.17,31.85,1006.22,7.360,0.770,5.667,-0.336,-0.112,0.000,-2.715,-1.559,9.379,-28.688,76.250,70.188,000000,80.00,37.560000,126.930000,0,1720.0,CX;ON,350.562,16.109,90.204,0.000000,0.000000,0.000000,0.000000,0.000000,0.000000,0.00,0.00,1266,1833,60.0000"
2026-05-08T04:55:12.676,1070,04:55:11,155,F,0,58.40,31.86,1006.28,7.370,0.790,5.822,-0.336,-0.112,0.000,-2.715,-1.559,9.379,-28.688,76.250,70.188,000000,80.00,37.560000,126.930000,0,1720.0,CX;ON,350.562,16.109,90.204,0.000000,0.000000,0.000000,0.000000,0.000000,0.000000,0.00,0.00,1266,1833,60.0000,"$1070,04:55:11,155,F,0,58.40,31.86,1006.28,7.370,0.790,5.822,-0.336,-0.112,0.000,-2.715,-1.559,9.379,-28.688,76.250,70.188,000000,80.00,37.560000,126.930000,0,1720.0,CX;ON,350.562,16.109,90.204,0.000000,0.000000,0.000000,0.000000,0.000000,0.000000,0.00,0.00,1266,1833,60.0000"
2026-05-08T04:55:13.296,1070,04:55:12,156,F,0,58.51,31.86,1006.25,7.370,0.790,5.822,-0.336,-0.112,0.000,-2.715,-1.559,9.379,-28.688,76.250,70.188,000000,80.00,37.560000,126.930000,0,1730.0,CX;ON,350.562,16.109,90.204,0.000000,0.000000,0.000000,0.000000,0.000000,0.000000,0.00,0.00,1266,1833,60.0000,"$1070,04:55:12,156,F,0,58.51,31.86,1006.25,7.370,0.790,5.822,-0.336,-0.112,0.000,-2.715,-1.559,9.379,-28.688,76.250,70.188,000000,80.00,37.560000,126.930000,0,1730.0,CX;ON,350.562,16.109,90.204,0.000000,0.000000,0.000000,0.000000,0.000000,0.000000,0.00,0.00,1266,1833,60.0000"
2026-05-08T04:55:15.561,1070,04:55:13,157,F,0,58.33,31.86,1006.23,7.360,0.770,5.667,-0.336,-0.112,0.000,-2.715,-1.559,9.379,-28.688,76.250,70.188,000000,80.00,37.560000,126.930000,0,1720.0,CX;ON,350.562,16.109,90.204,0.000000,0.000000,0.000000,0.000000,0.000000,0.000000,0.00,0.00,1266,1833,60.0000,"$1070,04:55:13,157,F,0,58.33,31.86,1006.23,7.360,0.770,5.667,-0.336,-0.112,0.000,-2.715,-1.559,9.379,-28.688,76.250,70.188,000000,80.00,37.560000,126.930000,0,1720.0,CX;ON,350.562,16.109,90.204,0.000000,0.000000,0.000000,0.000000,0.000000,0.000000,0.00,0.00,1266,1833,60.0000"
2026-05-08T04:55:16.178,1070,04:55:14,158,F,0,58.42,31.86,1006.23,7.360,0.770,5.667,-0.336,-0.112,0.000,-2.715,-1.559,9.379,-28.688,76.250,70.188,000000,80.00,37.560000,126.930000,0,1720.0,CX;ON,350.562,16.109,90.204,0.000000,0.000000,0.000000,0.000000,0.000000,0.000000,0.00,0.00,1266,1833,60.0000,"$1070,04:55:14,158,F,0,58.42,31.86,1006.23,7.360,0.770,5.667,-0.336,-0.112,0.000,-2.715,-1.559,9.379,-28.688,76.250,70.188,000000,80.00,37.560000,126.930000,0,1720.0,CX;ON,350.562,16.109,90.204,0.000000,0.000000,0.000000,0.000000,0.000000,0.000000,0.00,0.00,1266,1833,60.0000"
2026-05-08T04:55:16.384,1070,04:55:15,159,F,0,58.68,31.88,1006.23,7.370,0.790,5.822,-0.336,-0.112,0.000,-2.715,-1.559,9.379,-28.688,76.250,70.188,000000,80.00,37.560000,126.930000,0,1730.0,CX;ON,350.562,16.109,90.204,0.000000,0.000000,0.000000,0.000000,0.000000,0.000000,0.00,0.00,1266,1833,60.0000,"$1070,04:55:15,159,F,0,58.68,31.88,1006.23,7.370,0.790,5.822,-0.336,-0.112,0.000,-2.715,-1.559,9.379,-28.688,76.250,70.188,000000,80.00,37.560000,126.930000,0,1730.0,CX;ON,350.562,16.109,90.204,0.000000,0.000000,0.000000,0.000000,0.000000,0.000000,0.00,0.00,1266,1833,60.0000"
2026-05-08T04:55:17.625,1070,04:55:16,160,F,0,58.20,31.88,1006.25,7.370,0.790,5.822,-0.336,-0.112,0.000,-2.715,-1.559,9.379,-28.688,76.250,70.188,000000,80.00,37.560000,126.930000,0,1740.0,CX;ON,350.562,16.109,90.204,0.000000,0.000000,0.000000,0.000000,0.000000,0.000000,0.00,0.00,1266,1833,60.0000,"$1070,04:55:16,160,F,0,58.20,31.88,1006.25,7.370,0.790,5.822,-0.336,-0.112,0.000,-2.715,-1.559,9.379,-28.688,76.250,70.188,000000,80.00,37.560000,126.930000,0,1740.0,CX;ON,350.562,16.109,90.204,0.000000,0.000000,0.000000,0.000000,0.000000,0.000000,0.00,0.00,1266,1833,60.0000"
2026-05-08T04:55:18.650,1070,04:55:17,161,F,0,58.73,31.89,1006.24,7.360,0.770,5.667,-0.336,-0.112,0.000,-2.715,-1.559,9.379,-28.688,76.250,70.188,000000,80.00,37.560000,126.930000,0,1720.0,CX;ON,350.562,16.109,90.204,0.000000,0.000000,0.000000,0.000000,0.000000,0.000000,0.00,0.00,1266,1833,60.0000,"$1070,04:55:17,161,F,0,58.73,31.89,1006.24,7.360,0.770,5.667,-0.336,-0.112,0.000,-2.715,-1.559,9.379,-28.688,76.250,70.188,000000,80.00,37.560000,126.930000,0,1720.0,CX;ON,350.562,16.109,90.204,0.000000,0.000000,0.000000,0.000000,0.000000,0.000000,0.00,0.00,1266,1833,60.0000"
2026-05-08T04:55:19.678,1070,04:55:18,162,F,0,58.41,31.89,1006.24,7.360,0.770,5.667,-0.336,-0.112,0.000,-2.715,-1.559,9.379,-28.688,76.250,70.188,000000,80.00,37.560000,126.930000,0,1730.0,CX;ON,350.562,16.109,90.204,0.000000,0.000000,0.000000,0.000000,0.000000,0.000000,0.00,0.00,1266,1833,60.0000,"$1070,04:55:18,162,F,0,58.41,31.89,1006.24,7.360,0.770,5.667,-0.336,-0.112,0.000,-2.715,-1.559,9.379,-28.688,76.250,70.188,000000,80.00,37.560000,126.930000,0,1730.0,CX;ON,350.562,16.109,90.204,0.000000,0.000000,0.000000,0.000000,0.000000,0.000000,0.00,0.00,1266,1833,60.0000"
2026-05-08T04:55:20.281,1070,04:55:19,163,F,0,58.32,31.90,1006.26,7.370,0.790,5.822,-0.336,-0.112,0.000,-2.715,-1.559,9.379,-28.688,76.250,70.188,000000,80.00,37.560000,126.930000,0,1740.0,CX;ON,350.562,16.109,90.204,0.000000,0.000000,0.000000,0.000000,0.000000,0.000000,0.00,0.00,1266,1833,60.0000,"$1070,04:55:19,163,F,0,58.32,31.90,1006.26,7.370,0.790,5.822,-0.336,-0.112,0.000,-2.715,-1.559,9.379,-28.688,76.250,70.188,000000,80.00,37.560000,126.930000,0,1740.0,CX;ON,350.562,16.109,90.204,0.000000,0.000000,0.000000,0.000000,0.000000,0.000000,0.00,0.00,1266,1833,60.0000"
2026-05-08T04:55:24.607,1070,04:55:20,164,F,0,58.66,31.90,1006.26,7.370,0.790,5.822,-0.336,-0.112,0.000,-2.715,-1.559,9.379,-28.688,76.250,70.188,000000,80.00,37.560000,126.930000,0,1730.0,CX;ON,350.562,16.109,90.204,0.000000,0.000000,0.000000,0.000000,0.000000,0.000000,0.00,0.00,1266,1833,60.0000,"$1070,04:55:20,164,F,0,58.66,31.90,1006.26,7.370,0.790,5.822,-0.336,-0.112,0.000,-2.715,-1.559,9.379,-28.688,76.250,70.188,000000,80.00,37.560000,126.930000,0,1730.0,CX;ON,350.562,16.109,90.204,0.000000,0.000000,0.000000,0.000000,0.000000,0.000000,0.00,0.00,1266,1833,60.0000"
2026-05-08T04:55:25.019,1070,04:55:21,165,F,0,58.57,31.91,1006.25,7.360,0.770,5.667,-0.336,-0.112,0.000,-2.715,-1.559,9.379,-28.688,76.250,70.188,000000,80.00,37.560000,126.930000,0,1730.0,CX;ON,350.562,16.109,90.204,0.000000,0.000000,0.000000,0.000000,0.000000,0.000000,0.00,0.00,1266,1833,60.0000,"$1070,04:55:21,165,F,0,58.57,31.91,1006.25,7.360,0.770,5.667,-0.336,-0.112,0.000,-2.715,-1.559,9.379,-28.688,76.250,70.188,000000,80.00,37.560000,126.930000,0,1730.0,CX;ON,350.562,16.109,90.204,0.000000,0.000000,0.000000,0.000000,0.000000,0.000000,0.00,0.00,1266,1833,60.0000"
2026-05-08T04:55:26.253,1070,04:55:22,166,F,0,58.28,31.92,1006.21,7.370,0.790,5.822,-0.336,-0.112,0.000,-2.715,-1.559,9.379,-28.688,76.250,70.188,000000,80.00,37.560000,126.930000,0,1730.0,CX;ON,350.562,16.109,90.204,0.000000,0.000000,0.000000,0.000000,0.000000,0.000000,0.00,0.00,1266,1833,60.0000,"$1070,04:55:22,166,F,0,58.28,31.92,1006.21,7.370,0.790,5.822,-0.336,-0.112,0.000,-2.715,-1.559,9.379,-28.688,76.250,70.188,000000,80.00,37.560000,126.930000,0,1730.0,CX;ON,350.562,16.109,90.204,0.000000,0.000000,0.000000,0.000000,0.000000,0.000000,0.00,0.00,1266,1833,60.0000"
2026-05-08T04:55:26.683,1070,04:55:23,167,F,0,58.69,31.92,1006.24,7.370,0.790,5.822,-0.336,-0.112,0.000,-2.715,-1.559,9.379,-28.688,76.250,70.188,000000,80.00,37.560000,126.930000,0,1720.0,CX;ON,350.562,16.109,90.204,0.000000,0.000000,0.000000,0.000000,0.000000,0.000000,0.00,0.00,1266,1833,60.0000,"$1070,04:55:23,167,F,0,58.69,31.92,1006.24,7.370,0.790,5.822,-0.336,-0.112,0.000,-2.715,-1.559,9.379,-28.688,76.250,70.188,000000,80.00,37.560000,126.930000,0,1720.0,CX;ON,350.562,16.109,90.204,0.000000,0.000000,0.000000,0.000000,0.000000,0.000000,0.00,0.00,1266,1833,60.0000"
2026-05-08T04:55:27.922,1070,04:55:24,168,F,0,58.32,31.93,1006.27,7.360,0.770,5.667,-0.336,-0.112,0.000,-2.715,-1.559,9.379,-28.688,76.250,70.188,000000,80.00,37.560000,126.930000,0,1720.0,CX;ON,350.562,16.109,90.204,0.000000,0.000000,0.000000,0.000000,0.000000,0.000000,0.00,0.00,1266,1833,60.0000,"$1070,04:55:24,168,F,0,58.32,31.93,1006.27,7.360,0.770,5.667,-0.336,-0.112,0.000,-2.715,-1.559,9.379,-28.688,76.250,70.188,000000,80.00,37.560000,126.930000,0,1720.0,CX;ON,350.562,16.109,90.204,0.000000,0.000000,0.000000,0.000000,0.000000,0.000000,0.00,0.00,1266,1833,60.0000"
2026-05-08T04:55:28.522,1070,04:55:25,169,F,0,58.44,31.94,1006.26,7.360,0.770,5.667,-0.336,-0.112,0.000,-2.715,-1.559,9.379,-28.688,76.250,70.188,000000,80.00,37.560000,126.930000,0,1720.0,CX;ON,350.562,16.109,90.204,0.000000,0.000000,0.000000,0.000000,0.000000,0.000000,0.00,0.00,1266,1833,60.0000,"$1070,04:55:25,169,F,0,58.44,31.94,1006.26,7.360,0.770,5.667,-0.336,-0.112,0.000,-2.715,-1.559,9.379,-28.688,76.250,70.188,000000,80.00,37.560000,126.930000,0,1720.0,CX;ON,350.562,16.109,90.204,0.000000,0.000000,0.000000,0.000000,0.000000,0.000000,0.00,0.00,1266,1833,60.0000"
2026-05-08T04:55:29.763,1070,04:55:26,170,F,0,58.46,31.95,1006.25,7.370,0.790,5.822,-0.336,-0.112,0.000,-2.715,-1.559,9.379,-28.688,76.250,70.188,000000,80.00,37.560000,126.930000,0,1720.0,CX;ON,350.562,16.109,90.204,0.000000,0.000000,0.000000,0.000000,0.000000,0.000000,0.00,0.00,1266,1833,60.0000,"$1070,04:55:26,170,F,0,58.46,31.95,1006.25,7.370,0.790,5.822,-0.336,-0.112,0.000,-2.715,-1.559,9.379,-28.688,76.250,70.188,000000,80.00,37.560000,126.930000,0,1720.0,CX;ON,350.562,16.109,90.204,0.000000,0.000000,0.000000,0.000000,0.000000,0.000000,0.00,0.00,1266,1833,60.0000"
2026-05-08T04:55:31.000,1070,04:55:27,171,F,0,58.37,31.96,1006.23,7.370,0.790,5.822,-0.336,-0.112,0.000,-2.715,-1.559,9.379,-28.688,76.250,70.188,000000,80.00,37.560000,126.930000,0,1730.0,CX;ON,350.562,16.109,90.204,0.000000,0.000000,0.000000,0.000000,0.000000,0.000000,0.00,0.00,1266,1833,60.0000,"$1070,04:55:27,171,F,0,58.37,31.96,1006.23,7.370,0.790,5.822,-0.336,-0.112,0.000,-2.715,-1.559,9.379,-28.688,76.250,70.188,000000,80.00,37.560000,126.930000,0,1730.0,CX;ON,350.562,16.109,90.204,0.000000,0.000000,0.000000,0.000000,0.000000,0.000000,0.00,0.00,1266,1833,60.0000"
2026-05-08T04:55:31.222,1070,04:55:28,172,F,0,58.49,31.96,1006.27,7.360,0.770,5.667,-0.336,-0.112,0.000,-2.715,-1.559,9.379,-28.688,76.250,70.188,000000,80.00,37.560000,126.930000,0,1740.0,CX;ON,350.562,16.109,90.204,0.000000,0.000000,0.000000,0.000000,0.000000,0.000000,0.00,0.00,1266,1833,60.0000,"$1070,04:55:28,172,F,0,58.49,31.96,1006.27,7.360,0.770,5.667,-0.336,-0.112,0.000,-2.715,-1.559,9.379,-28.688,76.250,70.188,000000,80.00,37.560000,126.930000,0,1740.0,CX;ON,350.562,16.109,90.204,0.000000,0.000000,0.000000,0.000000,0.000000,0.000000,0.00,0.00,1266,1833,60.0000"
2026-05-08T04:55:32.047,1070,04:55:29,173,F,0,58.81,31.97,1006.26,7.360,0.770,5.667,-0.336,-0.112,0.000,-2.715,-1.559,9.379,-28.688,76.250,70.188,000000,80.00,37.560000,126.930000,0,1720.0,CX;ON,350.562,16.109,90.204,0.000000,0.000000,0.000000,0.000000,0.000000,0.000000,0.00,0.00,1266,1833,60.0000,"$1070,04:55:29,173,F,0,58.81,31.97,1006.26,7.360,0.770,5.667,-0.336,-0.112,0.000,-2.715,-1.559,9.379,-28.688,76.250,70.188,000000,80.00,37.560000,126.930000,0,1720.0,CX;ON,350.562,16.109,90.204,0.000000,0.000000,0.000000,0.000000,0.000000,0.000000,0.00,0.00,1266,1833,60.0000"
2026-05-08T04:55:32.460,1070,04:55:30,174,F,0,58.51,31.98,1006.23,7.370,0.790,5.822,-0.336,-0.112,0.000,-2.715,-1.559,9.379,-28.688,76.250,70.188,000000,80.00,37.560000,126.930000,0,1730.0,CX;ON,350.562,16.109,90.204,0.000000,0.000000,0.000000,0.000000,0.000000,0.000000,0.00,0.00,1266,1833,60.0000,"$1070,04:55:30,174,F,0,58.51,31.98,1006.23,7.370,0.790,5.822,-0.336,-0.112,0.000,-2.715,-1.559,9.379,-28.688,76.250,70.188,000000,80.00,37.560000,126.930000,0,1730.0,CX;ON,350.562,16.109,90.204,0.000000,0.000000,0.000000,0.000000,0.000000,0.000000,0.00,0.00,1266,1833,60.0000"
2026-05-08T04:55:33.285,1070,04:55:31,175,F,0,58.51,31.98,1006.28,7.370,0.790,5.822,-0.336,-0.112,0.000,-2.715,-1.559,9.379,-28.688,76.250,70.188,000000,80.00,37.560000,126.930000,0,1730.0,CX;ON,350.562,16.109,90.204,0.000000,0.000000,0.000000,0.000000,0.000000,0.000000,0.00,0.00,1266,1833,60.0000,"$1070,04:55:31,175,F,0,58.51,31.98,1006.28,7.370,0.790,5.822,-0.336,-0.112,0.000,-2.715,-1.559,9.379,-28.688,76.250,70.188,000000,80.00,37.560000,126.930000,0,1730.0,CX;ON,350.562,16.109,90.204,0.000000,0.000000,0.000000,0.000000,0.000000,0.000000,0.00,0.00,1266,1833,60.0000"
2026-05-08T04:55:34.123,1070,04:55:32,176,F,0,58.56,31.99,1006.25,7.360,0.770,5.667,-0.336,-0.112,0.000,-2.715,-1.559,9.379,-28.688,76.250,70.188,000000,80.00,37.560000,126.930000,0,1730.0,CX;ON,350.562,16.109,90.204,0.000000,0.000000,0.000000,0.000000,0.000000,0.000000,0.00,0.00,1266,1833,60.0000,"$1070,04:55:32,176,F,0,58.56,31.99,1006.25,7.360,0.770,5.667,-0.336,-0.112,0.000,-2.715,-1.559,9.379,-28.688,76.250,70.188,000000,80.00,37.560000,126.930000,0,1730.0,CX;ON,350.562,16.109,90.204,0.000000,0.000000,0.000000,0.000000,0.000000,0.000000,0.00,0.00,1266,1833,60.0000"
2026-05-08T04:55:48.121,1070,04:55:45,177,F,0,58.35,32.06,1006.22,7.360,0.770,5.667,-0.336,-0.112,0.000,-2.715,-1.559,9.379,-28.688,76.250,70.188,000000,80.00,37.560000,126.930000,0,1730.0,CX;ON,350.562,16.109,90.204,0.000000,0.000000,0.000000,0.000000,0.000000,0.000000,0.00,0.00,1266,1833,60.0000,"$1070,04:55:45,177,F,0,58.35,32.06,1006.22,7.360,0.770,5.667,-0.336,-0.112,0.000,-2.715,-1.559,9.379,-28.688,76.250,70.188,000000,80.00,37.560000,126.930000,0,1730.0,CX;ON,350.562,16.109,90.204,0.000000,0.000000,0.000000,0.000000,0.000000,0.000000,0.00,0.00,1266,1833,60.0000"
2026-05-08T04:55:49.154,1070,04:55:46,178,F,0,58.49,32.07,1006.24,7.370,0.790,5.822,-0.336,-0.112,0.000,-2.715,-1.559,9.379,-28.688,76.250,70.188,000000,80.00,37.560000,126.930000,0,1720.0,CX;ON,350.562,16.109,90.204,0.000000,0.000000,0.000000,0.000000,0.000000,0.000000,0.00,0.00,1266,1833,60.0000,"$1070,04:55:46,178,F,0,58.49,32.07,1006.24,7.370,0.790,5.822,-0.336,-0.112,0.000,-2.715,-1.559,9.379,-28.688,76.250,70.188,000000,80.00,37.560000,126.930000,0,1720.0,CX;ON,350.562,16.109,90.204,0.000000,0.000000,0.000000,0.000000,0.000000,0.000000,0.00,0.00,1266,1833,60.0000"
2026-05-08T04:55:49.551,1070,04:55:47,179,F,0,58.29,32.08,1006.22,7.370,0.790,5.822,-0.336,-0.112,0.000,-2.715,-1.559,9.379,-28.688,76.250,70.188,000000,80.00,37.560000,126.930000,0,1730.0,CX;ON,350.562,16.109,90.204,0.000000,0.000000,0.000000,0.000000,0.000000,0.000000,0.00,0.00,1266,1833,60.0000,"$1070,04:55:47,179,F,0,58.29,32.08,1006.22,7.370,0.790,5.822,-0.336,-0.112,0.000,-2.715,-1.559,9.379,-28.688,76.250,70.188,000000,80.00,37.560000,126.930000,0,1730.0,CX;ON,350.562,16.109,90.204,0.000000,0.000000,0.000000,0.000000,0.000000,0.000000,0.00,0.00,1266,1833,60.0000"
2026-05-08T04:55:50.375,1070,04:55:48,180,F,0,58.49,32.07,1006.28,7.360,0.770,5.667,-0.336,-0.112,0.000,-2.715,-1.559,9.379,-28.688,76.250,70.188,000000,80.00,37.560000,126.930000,0,1730.0,CX;ON,350.562,16.109,90.204,0.000000,0.000000,0.000000,0.000000,0.000000,0.000000,0.00,0.00,1266,1833,60.0000,"$1070,04:55:48,180,F,0,58.49,32.07,1006.28,7.360,0.770,5.667,-0.336,-0.112,0.000,-2.715,-1.559,9.379,-28.688,76.250,70.188,000000,80.00,37.560000,126.930000,0,1730.0,CX;ON,350.562,16.109,90.204,0.000000,0.000000,0.000000,0.000000,0.000000,0.000000,0.00,0.00,1266,1833,60.0000"
2026-05-08T04:55:50.597,1070,04:55:49,181,F,0,58.29,32.08,1006.23,7.360,0.770,5.667,-0.336,-0.112,0.000,-2.715,-1.559,9.379,-28.688,76.250,70.188,000000,80.00,37.560000,126.930000,0,1730.0,CX;ON,350.562,16.109,90.204,0.000000,0.000000,0.000000,0.000000,0.000000,0.000000,0.00,0.00,1266,1833,60.0000,"$1070,04:55:49,181,F,0,58.29,32.08,1006.23,7.360,0.770,5.667,-0.336,-0.112,0.000,-2.715,-1.559,9.379,-28.688,76.250,70.188,000000,80.00,37.560000,126.930000,0,1730.0,CX;ON,350.562,16.109,90.204,0.000000,0.000000,0.000000,0.000000,0.000000,0.000000,0.00,0.00,1266,1833,60.0000"
2026-05-08T04:55:51.841,1070,04:55:50,182,F,0,58.29,32.08,1006.28,7.370,0.790,5.822,-0.336,-0.112,0.000,-2.715,-1.559,9.379,-28.688,76.250,70.188,000000,80.00,37.560000,126.930000,0,1730.0,CX;ON,350.562,16.109,90.204,0.000000,0.000000,0.000000,0.000000,0.000000,0.000000,0.00,0.00,1266,1833,60.0000,"$1070,04:55:50,182,F,0,58.29,32.08,1006.28,7.370,0.790,5.822,-0.336,-0.112,0.000,-2.715,-1.559,9.379,-28.688,76.250,70.188,000000,80.00,37.560000,126.930000,0,1730.0,CX;ON,350.562,16.109,90.204,0.000000,0.000000,0.000000,0.000000,0.000000,0.000000,0.00,0.00,1266,1833,60.0000"
2026-05-08T04:55:52.868,1070,04:55:51,183,F,0,58.22,32.08,1006.28,7.370,0.790,5.822,-0.336,-0.112,0.000,-2.715,-1.559,9.379,-28.688,76.250,70.188,000000,80.00,37.560000,126.930000,0,1730.0,CX;ON,350.562,16.109,90.204,0.000000,0.000000,0.000000,0.000000,0.000000,0.000000,0.00,0.00,1266,1833,60.0000,"$1070,04:55:51,183,F,0,58.22,32.08,1006.28,7.370,0.790,5.822,-0.336,-0.112,0.000,-2.715,-1.559,9.379,-28.688,76.250,70.188,000000,80.00,37.560000,126.930000,0,1730.0,CX;ON,350.562,16.109,90.204,0.000000,0.000000,0.000000,0.000000,0.000000,0.000000,0.00,0.00,1266,1833,60.0000"
2026-05-08T04:55:53.691,1070,04:55:52,184,F,0,58.49,32.08,1006.25,7.360,0.770,5.667,-0.336,-0.112,0.000,-2.715,-1.559,9.379,-28.688,76.250,70.188,000000,80.00,37.560000,126.930000,0,1730.0,CX;ON,350.562,16.109,90.204,0.000000,0.000000,0.000000,0.000000,0.000000,0.000000,0.00,0.00,1266,1833,60.0000,"$1070,04:55:52,184,F,0,58.49,32.08,1006.25,7.360,0.770,5.667,-0.336,-0.112,0.000,-2.715,-1.559,9.379,-28.688,76.250,70.188,000000,80.00,37.560000,126.930000,0,1730.0,CX;ON,350.562,16.109,90.204,0.000000,0.000000,0.000000,0.000000,0.000000,0.000000,0.00,0.00,1266,1833,60.0000"
2026-05-08T04:55:55.527,1070,04:55:53,185,F,0,58.22,32.09,1006.30,7.360,0.770,5.667,-0.336,-0.112,0.000,-2.715,-1.559,9.379,-28.688,76.250,70.188,000000,80.00,37.560000,126.930000,0,1720.0,CX;ON,350.562,16.109,90.204,0.000000,0.000000,0.000000,0.000000,0.000000,0.000000,0.00,0.00,1266,1833,60.0000,"$1070,04:55:53,185,F,0,58.22,32.09,1006.30,7.360,0.770,5.667,-0.336,-0.112,0.000,-2.715,-1.559,9.379,-28.688,76.250,70.188,000000,80.00,37.560000,126.930000,0,1720.0,CX;ON,350.562,16.109,90.204,0.000000,0.000000,0.000000,0.000000,0.000000,0.000000,0.00,0.00,1266,1833,60.0000"
2026-05-08T04:55:56.763,1070,04:55:54,186,F,0,58.45,32.10,1006.30,7.370,0.790,5.822,-0.336,-0.112,0.000,-2.715,-1.559,9.379,-28.688,76.250,70.188,000000,80.00,37.560000,126.930000,0,1730.0,CX;ON,350.562,16.109,90.204,0.000000,0.000000,0.000000,0.000000,0.000000,0.000000,0.00,0.00,1266,1833,60.0000,"$1070,04:55:54,186,F,0,58.45,32.10,1006.30,7.370,0.790,5.822,-0.336,-0.112,0.000,-2.715,-1.559,9.379,-28.688,76.250,70.188,000000,80.00,37.560000,126.930000,0,1730.0,CX;ON,350.562,16.109,90.204,0.000000,0.000000,0.000000,0.000000,0.000000,0.000000,0.00,0.00,1266,1833,60.0000"
2026-05-08T04:55:56.985,1070,04:55:55,187,F,0,58.36,32.11,1006.23,7.370,0.790,5.822,-0.336,-0.112,0.000,-2.715,-1.559,9.379,-28.688,76.250,70.188,000000,80.00,37.560000,126.930000,0,1730.0,CX;ON,350.562,16.109,90.204,0.000000,0.000000,0.000000,0.000000,0.000000,0.000000,0.00,0.00,1266,1833,60.0000,"$1070,04:55:55,187,F,0,58.36,32.11,1006.23,7.370,0.790,5.822,-0.336,-0.112,0.000,-2.715,-1.559,9.379,-28.688,76.250,70.188,000000,80.00,37.560000,126.930000,0,1730.0,CX;ON,350.562,16.109,90.204,0.000000,0.000000,0.000000,0.000000,0.000000,0.000000,0.00,0.00,1266,1833,60.0000"
2026-05-08T04:55:58.001,1070,04:55:56,188,F,0,58.27,32.11,1006.24,7.360,0.770,5.667,-0.336,-0.112,0.000,-2.715,-1.559,9.379,-28.688,76.250,70.188,000000,80.00,37.560000,126.930000,0,1720.0,CX;ON,350.562,16.109,90.204,0.000000,0.000000,0.000000,0.000000,0.000000,0.000000,0.00,0.00,1266,1833,60.0000,"$1070,04:55:56,188,F,0,58.27,32.11,1006.24,7.360,0.770,5.667,-0.336,-0.112,0.000,-2.715,-1.559,9.379,-28.688,76.250,70.188,000000,80.00,37.560000,126.930000,0,1720.0,CX;ON,350.562,16.109,90.204,0.000000,0.000000,0.000000,0.000000,0.000000,0.000000,0.00,0.00,1266,1833,60.0000"
2026-05-08T04:55:58.636,1070,04:55:57,189,F,0,58.48,32.11,1006.25,7.360,0.770,5.667,-0.336,-0.112,0.000,-2.715,-1.559,9.379,-28.688,76.250,70.188,000000,80.00,37.560000,126.930000,0,1730.0,CX;ON,350.562,16.109,90.204,0.000000,0.000000,0.000000,0.000000,0.000000,0.000000,0.00,0.00,1266,1833,60.0000,"$1070,04:55:57,189,F,0,58.48,32.11,1006.25,7.360,0.770,5.667,-0.336,-0.112,0.000,-2.715,-1.559,9.379,-28.688,76.250,70.188,000000,80.00,37.560000,126.930000,0,1730.0,CX;ON,350.562,16.109,90.204,0.000000,0.000000,0.000000,0.000000,0.000000,0.000000,0.00,0.00,1266,1833,60.0000"
2026-05-08T04:56:00.067,1070,04:55:58,190,F,0,58.21,32.12,1006.26,7.370,0.790,5.822,-0.336,-0.112,0.000,-2.715,-1.559,9.379,-28.688,76.250,70.188,000000,80.00,37.560000,126.930000,0,1720.0,CX;ON,350.562,16.109,90.204,0.000000,0.000000,0.000000,0.000000,0.000000,0.000000,0.00,0.00,1266,1833,60.0000,"$1070,04:55:58,190,F,0,58.21,32.12,1006.26,7.370,0.790,5.822,-0.336,-0.112,0.000,-2.715,-1.559,9.379,-28.688,76.250,70.188,000000,80.00,37.560000,126.930000,0,1720.0,CX;ON,350.562,16.109,90.204,0.000000,0.000000,0.000000,0.000000,0.000000,0.000000,0.00,0.00,1266,1833,60.0000"
2026-05-08T04:56:01.113,1070,04:55:59,191,F,0,58.41,32.12,1006.29,7.370,0.790,5.822,-0.336,-0.112,0.000,-2.715,-1.559,9.379,-28.688,76.250,70.188,000000,80.00,37.560000,126.930000,0,1730.0,CX;ON,350.562,16.109,90.204,0.000000,0.000000,0.000000,0.000000,0.000000,0.000000,0.00,0.00,1266,1833,60.0000,"$1070,04:55:59,191,F,0,58.41,32.12,1006.29,7.370,0.790,5.822,-0.336,-0.112,0.000,-2.715,-1.559,9.379,-28.688,76.250,70.188,000000,80.00,37.560000,126.930000,0,1730.0,CX;ON,350.562,16.109,90.204,0.000000,0.000000,0.000000,0.000000,0.000000,0.000000,0.00,0.00,1266,1833,60.0000"
2026-05-08T04:56:02.129,1070,04:56:00,192,F,0,58.23,32.13,1006.25,7.360,0.770,5.667,-0.336,-0.112,0.000,-2.715,-1.559,9.379,-28.688,76.250,70.188,000000,80.00,37.560000,126.930000,0,1720.0,CX;ON,350.562,16.109,90.204,0.000000,0.000000,0.000000,0.000000,0.000000,0.000000,0.00,0.00,1266,1833,60.0000,"$1070,04:56:00,192,F,0,58.23,32.13,1006.25,7.360,0.770,5.667,-0.336,-0.112,0.000,-2.715,-1.559,9.379,-28.688,76.250,70.188,000000,80.00,37.560000,126.930000,0,1720.0,CX;ON,350.562,16.109,90.204,0.000000,0.000000,0.000000,0.000000,0.000000,0.000000,0.00,0.00,1266,1833,60.0000"
2026-05-08T04:56:02.955,1070,04:56:01,193,F,0,58.26,32.14,1006.25,7.360,0.770,5.667,-0.336,-0.112,0.000,-2.715,-1.559,9.379,-28.688,76.250,70.188,000000,80.00,37.560000,126.930000,0,1720.0,CX;ON,350.562,16.109,90.204,0.000000,0.000000,0.000000,0.000000,0.000000,0.000000,0.00,0.00,1266,1833,60.0000,"$1070,04:56:01,193,F,0,58.26,32.14,1006.25,7.360,0.770,5.667,-0.336,-0.112,0.000,-2.715,-1.559,9.379,-28.688,76.250,70.188,000000,80.00,37.560000,126.930000,0,1720.0,CX;ON,350.562,16.109,90.204,0.000000,0.000000,0.000000,0.000000,0.000000,0.000000,0.00,0.00,1266,1833,60.0000"
2026-05-08T04:56:04.416,1070,04:56:02,194,F,0,58.37,32.14,1006.26,7.370,0.790,5.822,-0.336,-0.112,0.000,-2.715,-1.559,9.379,-28.688,76.250,70.188,000000,80.00,37.560000,126.930000,0,1720.0,CX;ON,350.562,16.109,90.204,0.000000,0.000000,0.000000,0.000000,0.000000,0.000000,0.00,0.00,1266,1833,60.0000,"$1070,04:56:02,194,F,0,58.37,32.14,1006.26,7.370,0.790,5.822,-0.336,-0.112,0.000,-2.715,-1.559,9.379,-28.688,76.250,70.188,000000,80.00,37.560000,126.930000,0,1720.0,CX;ON,350.562,16.109,90.204,0.000000,0.000000,0.000000,0.000000,0.000000,0.000000,0.00,0.00,1266,1833,60.0000"
2026-05-08T04:56:04.827,1070,04:56:03,195,F,0,58.17,32.14,1006.28,7.370,0.790,5.822,-0.336,-0.112,0.000,-2.715,-1.559,9.379,-28.688,76.250,70.188,000000,80.00,37.560000,126.930000,0,1730.0,CX;ON,350.562,16.109,90.204,0.000000,0.000000,0.000000,0.000000,0.000000,0.000000,0.00,0.00,1266,1833,60.0000,"$1070,04:56:03,195,F,0,58.17,32.14,1006.28,7.370,0.790,5.822,-0.336,-0.112,0.000,-2.715,-1.559,9.379,-28.688,76.250,70.188,000000,80.00,37.560000,126.930000,0,1730.0,CX;ON,350.562,16.109,90.204,0.000000,0.000000,0.000000,0.000000,0.000000,0.000000,0.00,0.00,1266,1833,60.0000"
2026-05-08T04:56:06.067,1070,04:56:04,196,F,0,58.35,32.14,1006.27,7.360,0.770,5.667,-0.336,-0.112,0.000,-2.715,-1.559,9.379,-28.688,76.250,70.188,000000,80.00,37.560000,126.930000,0,1730.0,CX;ON,350.562,16.109,90.204,0.000000,0.000000,0.000000,0.000000,0.000000,0.000000,0.00,0.00,1266,1833,60.0000,"$1070,04:56:04,196,F,0,58.35,32.14,1006.27,7.360,0.770,5.667,-0.336,-0.112,0.000,-2.715,-1.559,9.379,-28.688,76.250,70.188,000000,80.00,37.560000,126.930000,0,1730.0,CX;ON,350.562,16.109,90.204,0.000000,0.000000,0.000000,0.000000,0.000000,0.000000,0.00,0.00,1266,1833,60.0000"
2026-05-08T04:56:06.670,1070,04:56:05,197,F,0,58.49,32.15,1006.27,7.360,0.770,5.667,-0.336,-0.112,0.000,-2.715,-1.559,9.379,-28.688,76.250,70.188,000000,80.00,37.560000,126.930000,0,1720.0,CX;ON,350.562,16.109,90.204,0.000000,0.000000,0.000000,0.000000,0.000000,0.000000,0.00,0.00,1266,1833,60.0000,"$1070,04:56:05,197,F,0,58.49,32.15,1006.27,7.360,0.770,5.667,-0.336,-0.112,0.000,-2.715,-1.559,9.379,-28.688,76.250,70.188,000000,80.00,37.560000,126.930000,0,1720.0,CX;ON,350.562,16.109,90.204,0.000000,0.000000,0.000000,0.000000,0.000000,0.000000,0.00,0.00,1266,1833,60.0000"
2026-05-08T04:56:08.525,1070,04:56:06,198,F,0,58.51,32.16,1006.25,7.370,0.790,5.822,-0.336,-0.112,0.000,-2.715,-1.559,9.379,-28.688,76.250,70.188,000000,80.00,37.560000,126.930000,0,1720.0,CX;ON,350.562,16.109,90.204,0.000000,0.000000,0.000000,0.000000,0.000000,0.000000,0.00,0.00,1266,1833,60.0000,"$1070,04:56:06,198,F,0,58.51,32.16,1006.25,7.370,0.790,5.822,-0.336,-0.112,0.000,-2.715,-1.559,9.379,-28.688,76.250,70.188,000000,80.00,37.560000,126.930000,0,1720.0,CX;ON,350.562,16.109,90.204,0.000000,0.000000,0.000000,0.000000,0.000000,0.000000,0.00,0.00,1266,1833,60.0000"
2026-05-08T04:56:08.937,1070,04:56:07,199,F,0,58.72,32.17,1006.23,7.370,0.790,5.822,-0.336,-0.112,0.000,-2.715,-1.559,9.379,-28.688,76.250,70.188,000000,80.00,37.560000,126.930000,0,1730.0,CX;ON,350.562,16.109,90.204,0.000000,0.000000,0.000000,0.000000,0.000000,0.000000,0.00,0.00,1266,1833,60.0000,"$1070,04:56:07,199,F,0,58.72,32.17,1006.23,7.370,0.790,5.822,-0.336,-0.112,0.000,-2.715,-1.559,9.379,-28.688,76.250,70.188,000000,80.00,37.560000,126.930000,0,1730.0,CX;ON,350.562,16.109,90.204,0.000000,0.000000,0.000000,0.000000,0.000000,0.000000,0.00,0.00,1266,1833,60.0000"
2026-05-08T04:56:11.413,1070,04:56:08,200,F,0,58.42,32.17,1006.25,7.360,0.770,5.667,-0.336,-0.112,0.000,-2.715,-1.559,9.379,-28.688,76.250,70.188,000000,80.00,37.560000,126.930000,0,1730.0,CX;ON,350.562,16.109,90.204,0.000000,0.000000,0.000000,0.000000,0.000000,0.000000,0.00,0.00,1266,1833,60.0000,"$1070,04:56:08,200,F,0,58.42,32.17,1006.25,7.360,0.770,5.667,-0.336,-0.112,0.000,-2.715,-1.559,9.379,-28.688,76.250,70.188,000000,80.00,37.560000,126.930000,0,1730.0,CX;ON,350.562,16.109,90.204,0.000000,0.000000,0.000000,0.000000,0.000000,0.000000,0.00,0.00,1266,1833,60.0000"
2026-05-08T04:56:12.016,1070,04:56:09,201,F,0,58.45,32.17,1006.25,7.360,0.770,5.667,-0.336,-0.112,0.000,-2.715,-1.559,9.379,-28.688,76.250,70.188,000000,80.00,37.560000,126.930000,0,1730.0,CX;ON,350.562,16.109,90.204,0.000000,0.000000,0.000000,0.000000,0.000000,0.000000,0.00,0.00,1266,1833,60.0000,"$1070,04:56:09,201,F,0,58.45,32.17,1006.25,7.360,0.770,5.667,-0.336,-0.112,0.000,-2.715,-1.559,9.379,-28.688,76.250,70.188,000000,80.00,37.560000,126.930000,0,1730.0,CX;ON,350.562,16.109,90.204,0.000000,0.000000,0.000000,0.000000,0.000000,0.000000,0.00,0.00,1266,1833,60.0000"
2026-05-08T04:56:12.421,1070,04:56:10,202,F,0,58.45,32.17,1006.24,7.370,0.790,5.822,-0.336,-0.112,0.000,-2.715,-1.559,9.379,-28.688,76.250,70.188,000000,80.00,37.560000,126.930000,0,1720.0,CX;ON,350.562,16.109,90.204,0.000000,0.000000,0.000000,0.000000,0.000000,0.000000,0.00,0.00,1266,1833,60.0000,"$1070,04:56:10,202,F,0,58.45,32.17,1006.24,7.370,0.790,5.822,-0.336,-0.112,0.000,-2.715,-1.559,9.379,-28.688,76.250,70.188,000000,80.00,37.560000,126.930000,0,1720.0,CX;ON,350.562,16.109,90.204,0.000000,0.000000,0.000000,0.000000,0.000000,0.000000,0.00,0.00,1266,1833,60.0000"
2026-05-08T04:56:13.030,1070,04:56:11,203,F,0,58.15,32.17,1006.29,7.370,0.790,5.822,-0.336,-0.112,0.000,-2.715,-1.559,9.379,-28.688,76.250,70.188,000000,80.00,37.560000,126.930000,0,1730.0,CX;ON,350.562,16.109,90.204,0.000000,0.000000,0.000000,0.000000,0.000000,0.000000,0.00,0.00,1266,1833,60.0000,"$1070,04:56:11,203,F,0,58.15,32.17,1006.29,7.370,0.790,5.822,-0.336,-0.112,0.000,-2.715,-1.559,9.379,-28.688,76.250,70.188,000000,80.00,37.560000,126.930000,0,1730.0,CX;ON,350.562,16.109,90.204,0.000000,0.000000,0.000000,0.000000,0.000000,0.000000,0.00,0.00,1266,1833,60.0000"
2026-05-08T04:56:13.861,1070,04:56:12,204,F,0,58.27,32.18,1006.25,7.360,0.770,5.667,-0.336,-0.112,0.000,-2.715,-1.559,9.379,-28.688,76.250,70.188,000000,80.00,37.560000,126.930000,0,1730.0,CX;ON,350.562,16.109,90.204,0.000000,0.000000,0.000000,0.000000,0.000000,0.000000,0.00,0.00,1266,1833,60.0000,"$1070,04:56:12,204,F,0,58.27,32.18,1006.25,7.360,0.770,5.667,-0.336,-0.112,0.000,-2.715,-1.559,9.379,-28.688,76.250,70.188,000000,80.00,37.560000,126.930000,0,1730.0,CX;ON,350.562,16.109,90.204,0.000000,0.000000,0.000000,0.000000,0.000000,0.000000,0.00,0.00,1266,1833,60.0000"
2026-05-08T04:56:15.886,1070,04:56:13,205,F,0,58.65,32.17,1006.24,7.360,0.770,5.667,-0.336,-0.112,0.000,-2.715,-1.559,9.379,-28.688,76.250,70.188,000000,80.00,37.560000,126.930000,0,1720.0,CX;ON,350.562,16.109,90.204,0.000000,0.000000,0.000000,0.000000,0.000000,0.000000,0.00,0.00,1266,1833,60.0000,"$1070,04:56:13,205,F,0,58.65,32.17,1006.24,7.360,0.770,5.667,-0.336,-0.112,0.000,-2.715,-1.559,9.379,-28.688,76.250,70.188,000000,80.00,37.560000,126.930000,0,1720.0,CX;ON,350.562,16.109,90.204,0.000000,0.000000,0.000000,0.000000,0.000000,0.000000,0.00,0.00,1266,1833,60.0000"
2026-05-08T04:56:16.274,1070,04:56:14,206,F,0,58.29,32.19,1006.22,7.370,0.790,5.822,-0.336,-0.112,0.000,-2.715,-1.559,9.379,-28.688,76.250,70.188,000000,80.00,37.560000,126.930000,0,1730.0,CX;ON,350.562,16.109,90.204,0.000000,0.000000,0.000000,0.000000,0.000000,0.000000,0.00,0.00,1266,1833,60.0000,"$1070,04:56:14,206,F,0,58.29,32.19,1006.22,7.370,0.790,5.822,-0.336,-0.112,0.000,-2.715,-1.559,9.379,-28.688,76.250,70.188,000000,80.00,37.560000,126.930000,0,1730.0,CX;ON,350.562,16.109,90.204,0.000000,0.000000,0.000000,0.000000,0.000000,0.000000,0.00,0.00,1266,1833,60.0000"
2026-05-08T04:56:17.515,1070,04:56:15,207,F,0,58.41,32.20,1006.25,7.370,0.790,5.822,-0.336,-0.112,0.000,-2.715,-1.559,9.379,-28.688,76.250,70.188,000000,80.00,37.560000,126.930000,0,1730.0,CX;ON,350.562,16.109,90.204,0.000000,0.000000,0.000000,0.000000,0.000000,0.000000,0.00,0.00,1266,1833,60.0000,"$1070,04:56:15,207,F,0,58.41,32.20,1006.25,7.370,0.790,5.822,-0.336,-0.112,0.000,-2.715,-1.559,9.379,-28.688,76.250,70.188,000000,80.00,37.560000,126.930000,0,1730.0,CX;ON,350.562,16.109,90.204,0.000000,0.000000,0.000000,0.000000,0.000000,0.000000,0.00,0.00,1266,1833,60.0000"
2026-05-08T04:56:19.011,1070,04:56:16,208,F,0,58.02,32.20,1006.25,7.360,0.770,5.667,-0.336,-0.112,0.000,-2.715,-1.559,9.379,-28.688,76.250,70.188,000000,80.00,37.560000,126.930000,0,1730.0,CX;ON,350.562,16.109,90.204,0.000000,0.000000,0.000000,0.000000,0.000000,0.000000,0.00,0.00,1266,1833,60.0000,"$1070,04:56:16,208,F,0,58.02,32.20,1006.25,7.360,0.770,5.667,-0.336,-0.112,0.000,-2.715,-1.559,9.379,-28.688,76.250,70.188,000000,80.00,37.560000,126.930000,0,1730.0,CX;ON,350.562,16.109,90.204,0.000000,0.000000,0.000000,0.000000,0.000000,0.000000,0.00,0.00,1266,1833,60.0000"
2026-05-08T04:56:19.636,1070,04:56:17,209,F,0,58.34,32.21,1006.24,7.360,0.770,5.667,-0.336,-0.112,0.000,-2.715,-1.559,9.379,-28.688,76.250,70.188,000000,80.00,37.560000,126.930000,0,1730.0,CX;ON,350.562,16.109,90.204,0.000000,0.000000,0.000000,0.000000,0.000000,0.000000,0.00,0.00,1266,1833,60.0000,"$1070,04:56:17,209,F,0,58.34,32.21,1006.24,7.360,0.770,5.667,-0.336,-0.112,0.000,-2.715,-1.559,9.379,-28.688,76.250,70.188,000000,80.00,37.560000,126.930000,0,1730.0,CX;ON,350.562,16.109,90.204,0.000000,0.000000,0.000000,0.000000,0.000000,0.000000,0.00,0.00,1266,1833,60.0000"
2026-05-08T04:56:20.267,1070,04:56:18,210,F,0,58.23,32.21,1006.25,7.370,0.790,5.822,-0.336,-0.112,0.000,-2.715,-1.559,9.379,-28.688,76.250,70.188,000000,80.00,37.560000,126.930000,0,1730.0,CX;ON,350.562,16.109,90.204,0.000000,0.000000,0.000000,0.000000,0.000000,0.000000,0.00,0.00,1266,1833,60.0000,"$1070,04:56:18,210,F,0,58.23,32.21,1006.25,7.370,0.790,5.822,-0.336,-0.112,0.000,-2.715,-1.559,9.379,-28.688,76.250,70.188,000000,80.00,37.560000,126.930000,0,1730.0,CX;ON,350.562,16.109,90.204,0.000000,0.000000,0.000000,0.000000,0.000000,0.000000,0.00,0.00,1266,1833,60.0000"
2026-05-08T04:56:20.894,1070,04:56:19,211,F,0,58.23,32.21,1006.26,7.370,0.790,5.822,-0.336,-0.112,0.000,-2.715,-1.559,9.379,-28.688,76.250,70.188,000000,80.00,37.560000,126.930000,0,1720.0,CX;ON,350.562,16.109,90.204,0.000000,0.000000,0.000000,0.000000,0.000000,0.000000,0.00,0.00,1266,1833,60.0000,"$1070,04:56:19,211,F,0,58.23,32.21,1006.26,7.370,0.790,5.822,-0.336,-0.112,0.000,-2.715,-1.559,9.379,-28.688,76.250,70.188,000000,80.00,37.560000,126.930000,0,1720.0,CX;ON,350.562,16.109,90.204,0.000000,0.000000,0.000000,0.000000,0.000000,0.000000,0.00,0.00,1266,1833,60.0000"
2026-05-08T04:56:21.937,1070,04:56:21,212,F,0,58.05,32.22,1006.26,7.360,0.770,5.667,-0.336,-0.112,0.000,-2.715,-1.559,9.379,-28.688,76.250,70.188,000000,80.00,37.560000,126.930000,0,1720.0,CX;ON,350.562,16.109,90.204,0.000000,0.000000,0.000000,0.000000,0.000000,0.000000,0.00,0.00,1266,1833,60.0000,"$1070,04:56:21,212,F,0,58.05,32.22,1006.26,7.360,0.770,5.667,-0.336,-0.112,0.000,-2.715,-1.559,9.379,-28.688,76.250,70.188,000000,80.00,37.560000,126.930000,0,1720.0,CX;ON,350.562,16.109,90.204,0.000000,0.000000,0.000000,0.000000,0.000000,0.000000,0.00,0.00,1266,1833,60.0000"
2026-05-08T04:56:22.961,1070,04:56:22,213,F,0,58.19,32.22,1006.24,7.360,0.770,5.667,-0.336,-0.112,0.000,-2.715,-1.559,9.379,-28.688,76.250,70.188,000000,80.00,37.560000,126.930000,0,1720.0,CX;ON,350.562,16.109,90.204,0.000000,0.000000,0.000000,0.000000,0.000000,0.000000,0.00,0.00,1266,1833,60.0000,"$1070,04:56:22,213,F,0,58.19,32.22,1006.24,7.360,0.770,5.667,-0.336,-0.112,0.000,-2.715,-1.559,9.379,-28.688,76.250,70.188,000000,80.00,37.560000,126.930000,0,1720.0,CX;ON,350.562,16.109,90.204,0.000000,0.000000,0.000000,0.000000,0.000000,0.000000,0.00,0.00,1266,1833,60.0000"
2026-05-08T04:56:26.895,1070,04:56:23,214,F,0,58.37,32.22,1006.23,7.370,0.790,5.822,-0.336,-0.112,0.000,-2.715,-1.559,9.379,-28.688,76.250,70.188,000000,80.00,37.560000,126.930000,0,1730.0,CX;ON,350.562,16.109,90.204,0.000000,0.000000,0.000000,0.000000,0.000000,0.000000,0.00,0.00,1266,1833,60.0000,"$1070,04:56:23,214,F,0,58.37,32.22,1006.23,7.370,0.790,5.822,-0.336,-0.112,0.000,-2.715,-1.559,9.379,-28.688,76.250,70.188,000000,80.00,37.560000,126.930000,0,1730.0,CX;ON,350.562,16.109,90.204,0.000000,0.000000,0.000000,0.000000,0.000000,0.000000,0.00,0.00,1266,1833,60.0000"
2026-05-08T04:56:27.346,1070,04:56:24,215,F,0,58.48,32.23,1006.24,7.370,0.790,5.822,-0.336,-0.112,0.000,-2.715,-1.559,9.379,-28.688,76.250,70.188,000000,80.00,37.560000,126.930000,0,1720.0,CX;ON,350.562,16.109,90.204,0.000000,0.000000,0.000000,0.000000,0.000000,0.000000,0.00,0.00,1266,1833,60.0000,"$1070,04:56:24,215,F,0,58.48,32.23,1006.24,7.370,0.790,5.822,-0.336,-0.112,0.000,-2.715,-1.559,9.379,-28.688,76.250,70.188,000000,80.00,37.560000,126.930000,0,1720.0,CX;ON,350.562,16.109,90.204,0.000000,0.000000,0.000000,0.000000,0.000000,0.000000,0.00,0.00,1266,1833,60.0000"
2026-05-08T04:56:27.749,1070,04:56:25,216,F,0,58.51,32.24,1006.26,7.360,0.770,5.667,-0.336,-0.112,0.000,-2.715,-1.559,9.379,-28.688,76.250,70.188,000000,80.00,37.560000,126.930000,0,1730.0,CX;ON,350.562,16.109,90.204,0.000000,0.000000,0.000000,0.000000,0.000000,0.000000,0.00,0.00,1266,1833,60.0000,"$1070,04:56:25,216,F,0,58.51,32.24,1006.26,7.360,0.770,5.667,-0.336,-0.112,0.000,-2.715,-1.559,9.379,-28.688,76.250,70.188,000000,80.00,37.560000,126.930000,0,1730.0,CX;ON,350.562,16.109,90.204,0.000000,0.000000,0.000000,0.000000,0.000000,0.000000,0.00,0.00,1266,1833,60.0000"
2026-05-08T04:56:28.567,1070,04:56:26,217,F,0,58.42,32.24,1006.25,7.360,0.770,5.667,-0.336,-0.112,0.000,-2.715,-1.559,9.379,-28.688,76.250,70.188,000000,80.00,37.560000,126.930000,0,1730.0,CX;ON,350.562,16.109,90.204,0.000000,0.000000,0.000000,0.000000,0.000000,0.000000,0.00,0.00,1266,1833,60.0000,"$1070,04:56:26,217,F,0,58.42,32.24,1006.25,7.360,0.770,5.667,-0.336,-0.112,0.000,-2.715,-1.559,9.379,-28.688,76.250,70.188,000000,80.00,37.560000,126.930000,0,1730.0,CX;ON,350.562,16.109,90.204,0.000000,0.000000,0.000000,0.000000,0.000000,0.000000,0.00,0.00,1266,1833,60.0000"
2026-05-08T04:56:30.652,1070,04:56:27,218,F,0,58.30,32.24,1006.27,7.370,0.790,5.822,-0.336,-0.112,0.000,-2.715,-1.559,9.379,-28.688,76.250,70.188,000000,80.00,37.560000,126.930000,0,1720.0,CX;ON,350.562,16.109,90.204,0.000000,0.000000,0.000000,0.000000,0.000000,0.000000,0.00,0.00,1266,1833,60.0000,"$1070,04:56:27,218,F,0,58.30,32.24,1006.27,7.370,0.790,5.822,-0.336,-0.112,0.000,-2.715,-1.559,9.379,-28.688,76.250,70.188,000000,80.00,37.560000,126.930000,0,1720.0,CX;ON,350.562,16.109,90.204,0.000000,0.000000,0.000000,0.000000,0.000000,0.000000,0.00,0.00,1266,1833,60.0000"
2026-05-08T04:56:33.763,1070,04:56:28,219,F,0,58.44,32.24,1006.26,7.370,0.790,5.822,-0.336,-0.112,0.000,-2.715,-1.559,9.379,-28.688,76.250,70.188,000000,80.00,37.560000,126.930000,0,1720.0,CX;ON,350.562,16.109,90.204,0.000000,0.000000,0.000000,0.000000,0.000000,0.000000,0.00,0.00,1266,1833,60.0000,"$1070,04:56:28,219,F,0,58.44,32.24,1006.26,7.370,0.790,5.822,-0.336,-0.112,0.000,-2.715,-1.559,9.379,-28.688,76.250,70.188,000000,80.00,37.560000,126.930000,0,1720.0,CX;ON,350.562,16.109,90.204,0.000000,0.000000,0.000000,0.000000,0.000000,0.000000,0.00,0.00,1266,1833,60.0000"
2026-05-08T04:56:34.384,1070,04:56:29,220,F,0,58.44,32.25,1006.22,7.360,0.770,5.667,-0.336,-0.112,0.000,-2.715,-1.559,9.379,-28.688,76.250,70.188,000000,80.00,37.560000,126.930000,0,1730.0,CX;ON,350.562,16.109,90.204,0.000000,0.000000,0.000000,0.000000,0.000000,0.000000,0.00,0.00,1266,1833,60.0000,"$1070,04:56:29,220,F,0,58.44,32.25,1006.22,7.360,0.770,5.667,-0.336,-0.112,0.000,-2.715,-1.559,9.379,-28.688,76.250,70.188,000000,80.00,37.560000,126.930000,0,1730.0,CX;ON,350.562,16.109,90.204,0.000000,0.000000,0.000000,0.000000,0.000000,0.000000,0.00,0.00,1266,1833,60.0000"
2026-05-08T04:56:35.447,1070,04:56:30,221,F,0,58.56,32.25,1006.22,7.360,0.770,5.667,-0.336,-0.112,0.000,-2.715,-1.559,9.379,-28.688,76.250,70.188,000000,80.00,37.560000,126.930000,0,1730.0,CX;ON,350.562,16.109,90.204,0.000000,0.000000,0.000000,0.000000,0.000000,0.000000,0.00,0.00,1266,1833,60.0000,"$1070,04:56:30,221,F,0,58.56,32.25,1006.22,7.360,0.770,5.667,-0.336,-0.112,0.000,-2.715,-1.559,9.379,-28.688,76.250,70.188,000000,80.00,37.560000,126.930000,0,1730.0,CX;ON,350.562,16.109,90.204,0.000000,0.000000,0.000000,0.000000,0.000000,0.000000,0.00,0.00,1266,1833,60.0000"
2026-05-08T04:56:36.071,1070,04:56:31,222,F,0,58.38,32.25,1006.28,7.370,0.790,5.822,-0.336,-0.112,0.000,-2.715,-1.559,9.379,-28.688,76.250,70.188,000000,80.00,37.560000,126.930000,0,1720.0,CX;ON,350.562,16.109,90.204,0.000000,0.000000,0.000000,0.000000,0.000000,0.000000,0.00,0.00,1266,1833,60.0000,"$1070,04:56:31,222,F,0,58.38,32.25,1006.28,7.370,0.790,5.822,-0.336,-0.112,0.000,-2.715,-1.559,9.379,-28.688,76.250,70.188,000000,80.00,37.560000,126.930000,0,1720.0,CX;ON,350.562,16.109,90.204,0.000000,0.000000,0.000000,0.000000,0.000000,0.000000,0.00,0.00,1266,1833,60.0000"
2026-05-08T04:56:37.073,1070,04:56:32,223,F,0,58.49,32.26,1006.26,7.370,0.790,5.822,-0.336,-0.112,0.000,-2.715,-1.559,9.379,-28.688,76.250,70.188,000000,80.00,37.560000,126.930000,0,1730.0,CX;ON,350.562,16.109,90.204,0.000000,0.000000,0.000000,0.000000,0.000000,0.000000,0.00,0.00,1266,1833,60.0000,"$1070,04:56:32,223,F,0,58.49,32.26,1006.26,7.370,0.790,5.822,-0.336,-0.112,0.000,-2.715,-1.559,9.379,-28.688,76.250,70.188,000000,80.00,37.560000,126.930000,0,1730.0,CX;ON,350.562,16.109,90.204,0.000000,0.000000,0.000000,0.000000,0.000000,0.000000,0.00,0.00,1266,1833,60.0000"
2026-05-08T04:56:37.498,1070,04:56:33,224,F,0,58.40,32.27,1006.27,7.360,0.770,5.667,-0.336,-0.112,0.000,-2.715,-1.559,9.379,-28.688,76.250,70.188,000000,80.00,37.560000,126.930000,0,1730.0,CX;ON,350.562,16.109,90.204,0.000000,0.000000,0.000000,0.000000,0.000000,0.000000,0.00,0.00,1266,1833,60.0000,"$1070,04:56:33,224,F,0,58.40,32.27,1006.27,7.360,0.770,5.667,-0.336,-0.112,0.000,-2.715,-1.559,9.379,-28.688,76.250,70.188,000000,80.00,37.560000,126.930000,0,1730.0,CX;ON,350.562,16.109,90.204,0.000000,0.000000,0.000000,0.000000,0.000000,0.000000,0.00,0.00,1266,1833,60.0000"
2026-05-08T04:56:42.023,1070,04:56:34,225,F,0,58.43,32.28,1006.25,7.360,0.770,5.667,-0.336,-0.112,0.000,-2.715,-1.559,9.379,-28.688,76.250,70.188,000000,80.00,37.560000,126.930000,0,1720.0,CX;ON,350.562,16.109,90.204,0.000000,0.000000,0.000000,0.000000,0.000000,0.000000,0.00,0.00,1266,1833,60.0000,"$1070,04:56:34,225,F,0,58.43,32.28,1006.25,7.360,0.770,5.667,-0.336,-0.112,0.000,-2.715,-1.559,9.379,-28.688,76.250,70.188,000000,80.00,37.560000,126.930000,0,1720.0,CX;ON,350.562,16.109,90.204,0.000000,0.000000,0.000000,0.000000,0.000000,0.000000,0.00,0.00,1266,1833,60.0000"
2026-05-08T04:56:42.430,1070,04:56:35,226,F,0,58.13,32.29,1006.25,7.370,0.790,5.822,-0.336,-0.112,0.000,-2.715,-1.559,9.379,-28.688,76.250,70.188,000000,80.00,37.560000,126.930000,0,1720.0,CX;ON,350.562,16.109,90.204,0.000000,0.000000,0.000000,0.000000,0.000000,0.000000,0.00,0.00,1266,1833,60.0000,"$1070,04:56:35,226,F,0,58.13,32.29,1006.25,7.370,0.790,5.822,-0.336,-0.112,0.000,-2.715,-1.559,9.379,-28.688,76.250,70.188,000000,80.00,37.560000,126.930000,0,1720.0,CX;ON,350.562,16.109,90.204,0.000000,0.000000,0.000000,0.000000,0.000000,0.000000,0.00,0.00,1266,1833,60.0000"
2026-05-08T04:56:43.440,1070,04:56:36,227,F,0,58.36,32.29,1006.24,7.370,0.790,5.822,-0.336,-0.112,0.000,-2.715,-1.559,9.379,-28.688,76.250,70.188,000000,80.00,37.560000,126.930000,0,1740.0,CX;ON,350.562,16.109,90.204,0.000000,0.000000,0.000000,0.000000,0.000000,0.000000,0.00,0.00,1266,1833,60.0000,"$1070,04:56:36,227,F,0,58.36,32.29,1006.24,7.370,0.790,5.822,-0.336,-0.112,0.000,-2.715,-1.559,9.379,-28.688,76.250,70.188,000000,80.00,37.560000,126.930000,0,1740.0,CX;ON,350.562,16.109,90.204,0.000000,0.000000,0.000000,0.000000,0.000000,0.000000,0.00,0.00,1266,1833,60.0000"
2026-05-08T04:56:44.490,1070,04:56:37,228,F,0,58.77,32.29,1006.26,7.360,0.770,5.667,-0.336,-0.112,0.000,-2.715,-1.559,9.379,-28.688,76.250,70.188,000000,80.00,37.560000,126.930000,0,1730.0,CX;ON,350.562,16.109,90.204,0.000000,0.000000,0.000000,0.000000,0.000000,0.000000,0.00,0.00,1266,1833,60.0000,"$1070,04:56:37,228,F,0,58.77,32.29,1006.26,7.360,0.770,5.667,-0.336,-0.112,0.000,-2.715,-1.559,9.379,-28.688,76.250,70.188,000000,80.00,37.560000,126.930000,0,1730.0,CX;ON,350.562,16.109,90.204,0.000000,0.000000,0.000000,0.000000,0.000000,0.000000,0.00,0.00,1266,1833,60.0000"
2026-05-08T04:56:44.923,1070,04:56:38,229,F,0,58.57,32.30,1006.24,7.360,0.770,5.667,-0.336,-0.112,0.000,-2.715,-1.559,9.379,-28.688,76.250,70.188,000000,80.00,37.560000,126.930000,0,1730.0,CX;ON,350.562,16.109,90.204,0.000000,0.000000,0.000000,0.000000,0.000000,0.000000,0.00,0.00,1266,1833,60.0000,"$1070,04:56:38,229,F,0,58.57,32.30,1006.24,7.360,0.770,5.667,-0.336,-0.112,0.000,-2.715,-1.559,9.379,-28.688,76.250,70.188,000000,80.00,37.560000,126.930000,0,1730.0,CX;ON,350.562,16.109,90.204,0.000000,0.000000,0.000000,0.000000,0.000000,0.000000,0.00,0.00,1266,1833,60.0000"
2026-05-08T04:56:45.510,1070,04:56:39,230,F,0,58.30,32.30,1006.24,7.370,0.790,5.822,-0.336,-0.112,0.000,-2.715,-1.559,9.379,-28.68$1070,04:56:42,233,F,0,58.55,32.32,1006.26,7.360,0.770,5.667,-0.336,-0.112,0.000,-2.715,-1.559,9.379,-28.688,76.250,70.188,000000,80.00,37.560000,126.930000,"$1070,04:56:39,230,F,0,58.30,32.30,1006.24,7.370,0.790,5.822,-0.336,-0.112,0.000,-2.715,-1.559,9.379,-28.68$1070,04:56:42,233,F,0,58.55,32.32,1006.26,7.360,0.770,5.667,-0.336,-0.112,0.000,-2.715,-1.559,9.379,-28.688,76.250,70.188,000000,80.00,37.560000,126.930000,0,1740.0,CX;ON,350.562,16.109,90.204,0.000000,0.000000,0.000000,0.000000,0.000000,0.000000,0.00,0.00,1266,1833,60.0000"
2026-05-08T04:56:47.795,1070,04:56:43,234,F,0,58.55,32.32,1006.21,7.370,0.790,5.822,-0.336,-0.112,0.000,-2.715,-1.559,9.379,-28.688,76.250,70.188,000000,80.00,37.560000,126.930000,0,1720.0,CX;ON,350.562,16.109,90.204,0.000000,0.000000,0.000000,0.000000,0.000000,0.000000,0.00,0.00,1266,1833,60.0000,"$1070,04:56:43,234,F,0,58.55,32.32,1006.21,7.370,0.790,5.822,-0.336,-0.112,0.000,-2.715,-1.559,9.379,-28.688,76.250,70.188,000000,80.00,37.560000,126.930000,0,1720.0,CX;ON,350.562,16.109,90.204,0.000000,0.000000,0.000000,0.000000,0.000000,0.000000,0.00,0.00,1266,1833,60.0000"
2026-05-08T04:56:48.806,1070,04:56:44,235,F,0,58.35,32.33,1006.21,7.370,0.790,5.822,-0.336,-0.112,0.000,-2.715,-1.559,9.379,-28.688,76.250,70.188,000000,80.00,37.560000,126.930000,0,1730.0,CX;ON,350.562,16.109,90.204,0.000000,0.000000,0.000000,0.000000,0.000000,0.000000,0.00,0.00,1266,1833,60.0000,"$1070,04:56:44,235,F,0,58.35,32.33,1006.21,7.370,0.790,5.822,-0.336,-0.112,0.000,-2.715,-1.559,9.379,-28.688,76.250,70.188,000000,80.00,37.560000,126.930000,0,1730.0,CX;ON,350.562,16.109,90.204,0.000000,0.000000,0.000000,0.000000,0.000000,0.000000,0.00,0.00,1266,1833,60.0000"
2026-05-08T04:56:50.467,1070,04:56:45,236,F,0,58.35,32.33,1006.27,7.360,0.770,5.667,-0.336,-0.112,0.000,-2.715,-1.559,9.379,-28.688,76.250,70.188,000000,80.00,37.560000,126.930000,0,1730.0,CX;ON,350.562,16.109,90.204,0.000000,0.000000,0.000000,0.000000,0.000000,0.000000,0.00,0.00,1266,1833,60.0000,"$1070,04:56:45,236,F,0,58.35,32.33,1006.27,7.360,0.770,5.667,-0.336,-0.112,0.000,-2.715,-1.559,9.379,-28.688,76.250,70.188,000000,80.00,37.560000,126.930000,0,1730.0,CX;ON,350.562,16.109,90.204,0.000000,0.000000,0.000000,0.000000,0.000000,0.000000,0.00,0.00,1266,1833,60.0000"
2026-05-08T04:56:50.883,1070,04:56:46,237,F,0,58.60,32.34,1006.28,7.360,0.770,5.667,-0.336,-0.112,0.000,-2.715,-1.559,9.379,-28.688,76.250,70.188,000000,80.00,37.560000,126.930000,0,1730.0,CX;ON,350.562,16.109,90.204,0.000000,0.000000,0.000000,0.000000,0.000000,0.000000,0.00,0.00,1266,1833,60.0000,"$1070,04:56:46,237,F,0,58.60,32.34,1006.28,7.360,0.770,5.667,-0.336,-0.112,0.000,-2.715,-1.559,9.379,-28.688,76.250,70.188,000000,80.00,37.560000,126.930000,0,1730.0,CX;ON,350.562,16.109,90.204,0.000000,0.000000,0.000000,0.000000,0.000000,0.000000,0.00,0.00,1266,1833,60.0000"
2026-05-08T04:56:53.314,1070,04:56:47,238,F,0,58.40,32.35,1006.27,7.370,0.790,5.822,-0.336,-0.112,0.000,-2.715,-1.559,9.379,-28.688,76.250,70.188,000000,80.00,37.560000,126.930000,0,1730.0,CX;ON,350.562,16.109,90.204,0.000000,0.000000,0.000000,0.000000,0.000000,0.000000,0.00,0.00,1266,1833,60.0000,"$1070,04:56:47,238,F,0,58.40,32.35,1006.27,7.370,0.790,5.822,-0.336,-0.112,0.000,-2.715,-1.559,9.379,-28.688,76.250,70.188,000000,80.00,37.560000,126.930000,0,1730.0,CX;ON,350.562,16.109,90.204,0.000000,0.000000,0.000000,0.000000,0.000000,0.000000,0.00,0.00,1266,1833,60.0000"
2026-05-08T04:56:57.417,1070,04:56:48,239,F,0,58.33,32.36,1006.29,7.370,0.790,5.822,-0.336,-0.112,0.000,-2.715,-1.559,9.379,-28.688,76.250,70.188,000000,80.00,37.560000,126.930000,0,1730.0,CX;ON,350.562,16.109,90.204,0.000000,0.000000,0.000000,0.000000,0.000000,0.000000,0.00,0.00,1266,1833,60.0000,"$1070,04:56:48,239,F,0,58.33,32.36,1006.29,7.370,0.790,5.822,-0.336,-0.112,0.000,-2.715,-1.559,9.379,-28.688,76.250,70.188,000000,80.00,37.560000,126.930000,0,1730.0,CX;ON,350.562,16.109,90.204,0.000000,0.000000,0.000000,0.000000,0.000000,0.000000,0.00,0.00,1266,1833,60.0000"
2026-05-08T04:56:57.836,1070,04:56:49,240,F,0,58.27,32.36,1006.23,7.360,0.770,5.667,-0.336,-0.112,0.000,-2.715,-1.559,9.379,-28.688,76.250,70.188,000000,80.00,37.560000,126.930000,0,1740.0,CX;ON,350.562,16.109,90.204,0.000000,0.000000,0.000000,0.000000,0.000000,0.000000,0.00,0.00,1266,1833,60.0000,"$1070,04:56:49,240,F,0,58.27,32.36,1006.23,7.360,0.770,5.667,-0.336,-0.112,0.000,-2.715,-1.559,9.379,-28.688,76.250,70.188,000000,80.00,37.560000,126.930000,0,1740.0,CX;ON,350.562,16.109,90.204,0.000000,0.000000,0.000000,0.000000,0.000000,0.000000,0.00,0.00,1266,1833,60.0000"
2026-05-08T04:56:58.463,1070,04:56:50,241,F,0,58.36,32.37,1006.26,7.360,0.770,5.667,-0.336,-0.112,0.000,-2.715,-1.559,9.379,-28.688,76.250,70.188,000000,80.00,37.560000,126.930000,0,1730.0,CX;ON,350.562,16.109,90.204,0.000000,0.000000,0.000000,0.000000,0.000000,0.000000,0.00,0.00,1266,1833,60.0000,"$1070,04:56:50,241,F,0,58.36,32.37,1006.26,7.360,0.770,5.667,-0.336,-0.112,0.000,-2.715,-1.559,9.379,-28.688,76.250,70.188,000000,80.00,37.560000,126.930000,0,1730.0,CX;ON,350.562,16.109,90.204,0.000000,0.000000,0.000000,0.000000,0.000000,0.000000,0.00,0.00,1266,1833,60.0000"
2026-05-08T04:56:59.707,1070,04:56:51,242,F,0,58.47,32.38,1006.23,7.370,0.790,5.822,-0.336,-0.112,0.000,-2.715,-1.559,9.379,-28.688,76.250,70.188,000000,80.00,37.560000,126.930000,0,1720.0,CX;ON,350.562,16.109,90.204,0.000000,0.000000,0.000000,0.000000,0.000000,0.000000,0.00,0.00,1266,1833,60.0000,"$1070,04:56:51,242,F,0,58.47,32.38,1006.23,7.370,0.790,5.822,-0.336,-0.112,0.000,-2.715,-1.559,9.379,-28.688,76.250,70.188,000000,80.00,37.560000,126.930000,0,1720.0,CX;ON,350.562,16.109,90.204,0.000000,0.000000,0.000000,0.000000,0.000000,0.000000,0.00,0.00,1266,1833,60.0000"
2026-05-08T04:57:00.932,1070,04:56:52,243,F,0,58.32,32.38,1006.25,7.370,0.790,5.822,-0.336,-0.112,0.000,-2.715,-1.559,9.379,-28.68$1070,04:56:53,244,F,0,58.14,32.39,1006.23,7.360,0.770,5.667,-0.336,-0.112,0.000,-2.715,-1.559,9.379,-28.688,76.250,70.188,000000,80.00,37.560000,126.930000,"$1070,04:56:52,243,F,0,58.32,32.38,1006.25,7.370,0.790,5.822,-0.336,-0.112,0.000,-2.715,-1.559,9.379,-28.68$1070,04:56:53,244,F,0,58.14,32.39,1006.23,7.360,0.770,5.667,-0.336,-0.112,0.000,-2.715,-1.559,9.379,-28.688,76.250,70.188,000000,80.00,37.560000,126.930000,0,1740.0,CX;ON,350.562,16.109,90.204,0.000000,0.000000,0.000000,0.000000,0.000000,0.000000,0.00,0.00,1266,1833,60.0000"
2026-05-08T04:57:01.550,1070,04:56:54,245,F,0,58.43,32.40,1006.27,7.360,0.770,5.667,-0.336,-0.112,0.000,-2.715,-1.559,9.379,-28.68$1070,04:56:57,248,F,0,58.19,32.42,1006.28,7.360,0.770,5.667,-0.336,-0.112,0.000,-2.715,-1.559,9.379,-28.688,76.250,70.188,000000,80.00,37.560000,126.930000,"$1070,04:56:54,245,F,0,58.43,32.40,1006.27,7.360,0.770,5.667,-0.336,-0.112,0.000,-2.715,-1.559,9.379,-28.68$1070,04:56:57,248,F,0,58.19,32.42,1006.28,7.360,0.770,5.667,-0.336,-0.112,0.000,-2.715,-1.559,9.379,-28.688,76.250,70.188,000000,80.00,37.560000,126.930000,0,1730.0,CX;ON,350.562,16.109,90.204,0.000000,0.000000,0.000000,0.000000,0.000000,0.000000,0.00,0.00,1266,1833,60.0000"
2026-05-08T04:57:02.593,1070,04:56:58,249,F,0,58.30,32.43,1006.24,7.360,0.770,5.667,-0.336,-0.112,0.000,-2.715,-1.559,9.379,-28.688,76.250,70.188,000000,80.00,37.560000,126.930000,0,1730.0,CX;ON,350.562,16.109,90.204,0.000000,0.000000,0.000000,0.000000,0.000000,0.000000,0.00,0.00,1266,1833,60.0000,"$1070,04:56:58,249,F,0,58.30,32.43,1006.24,7.360,0.770,5.667,-0.336,-0.112,0.000,-2.715,-1.559,9.379,-28.688,76.250,70.188,000000,80.00,37.560000,126.930000,0,1730.0,CX;ON,350.562,16.109,90.204,0.000000,0.000000,0.000000,0.000000,0.000000,0.000000,0.00,0.00,1266,1833,60.0000"
2026-05-08T04:57:04.028,1070,04:56:59,250,F,0,58.53,32.43,1006.24,7.370,0.790,5.822,-0.336,-0.112,0.000,-2.715,-1.559,9.379,-28.688,76.250,70.188,000000,80.00,37.560000,126.930000,0,1730.0,CX;ON,350.562,16.109,90.204,0.000000,0.000000,0.000000,0.000000,0.000000,0.000000,0.00,0.00,1266,1833,60.0000,"$1070,04:56:59,250,F,0,58.53,32.43,1006.24,7.370,0.790,5.822,-0.336,-0.112,0.000,-2.715,-1.559,9.379,-28.688,76.250,70.188,000000,80.00,37.560000,126.930000,0,1730.0,CX;ON,350.562,16.109,90.204,0.000000,0.000000,0.000000,0.000000,0.000000,0.000000,0.00,0.00,1266,1833,60.0000"
2026-05-08T04:57:04.433,1070,04:57:00,251,F,0,58.15,32.43,1006.25,7.370,0.790,5.822,-0.336,-0.112,0.000,-2.715,-1.559,9.379,-28.688,76.250,70.188,000000,80.00,37.560000,126.930000,0,1730.0,CX;ON,350.562,16.109,90.204,0.000000,0.000000,0.000000,0.000000,0.000000,0.000000,0.00,0.00,1266,1833,60.0000,"$1070,04:57:00,251,F,0,58.15,32.43,1006.25,7.370,0.790,5.822,-0.336,-0.112,0.000,-2.715,-1.559,9.379,-28.688,76.250,70.188,000000,80.00,37.560000,126.930000,0,1730.0,CX;ON,350.562,16.109,90.204,0.000000,0.000000,0.000000,0.000000,0.000000,0.000000,0.00,0.00,1266,1833,60.0000"
2026-05-08T04:57:07.517,1070,04:57:01,252,F,0,58.15,32.44,1006.25,7.360,0.770,5.667,-0.336,-0.112,0.000,-2.715,-1.559,9.379,-28.688,76.250,70.188,000000,80.00,37.560000,126.930000,0,1720.0,CX;ON,350.562,16.109,90.204,0.000000,0.000000,0.000000,0.000000,0.000000,0.000000,0.00,0.00,1266,1833,60.0000,"$1070,04:57:01,252,F,0,58.15,32.44,1006.25,7.360,0.770,5.667,-0.336,-0.112,0.000,-2.715,-1.559,9.379,-28.688,76.250,70.188,000000,80.00,37.560000,126.930000,0,1720.0,CX;ON,350.562,16.109,90.204,0.000000,0.000000,0.000000,0.000000,0.000000,0.000000,0.00,0.00,1266,1833,60.0000"
2026-05-08T04:57:07.917,1070,04:57:02,253,F,0,58.47,32.45,1006.25,7.370,0.790,5.822,-0.336,-0.112,0.000,-2.715,-1.559,9.379,-28.688,76.250,70.188,000000,80.00,37.560000,126.930000,0,1730.0,CX;ON,350.562,16.109,90.204,0.000000,0.000000,0.000000,0.000000,0.000000,0.000000,0.00,0.00,1266,1833,60.0000,"$1070,04:57:02,253,F,0,58.47,32.45,1006.25,7.370,0.790,5.822,-0.336,-0.112,0.000,-2.715,-1.559,9.379,-28.688,76.250,70.188,000000,80.00,37.560000,126.930000,0,1730.0,CX;ON,350.562,16.109,90.204,0.000000,0.000000,0.000000,0.000000,0.000000,0.000000,0.00,0.00,1266,1833,60.0000"
2026-05-08T04:57:12.010,1070,04:57:03,254,F,0,58.20,32.46,1006.26,7.370,0.790,5.822,-0.336,-0.112,0.000,-2.715,-1.559,9.379,-28.688,76.250,70.188,000000,80.00,37.560000,126.930000,0,1720.0,CX;ON,350.562,16.109,90.204,0.000000,0.000000,0.000000,0.000000,0.000000,0.000000,0.00,0.00,1266,1833,60.0000,"$1070,04:57:03,254,F,0,58.20,32.46,1006.26,7.370,0.790,5.822,-0.336,-0.112,0.000,-2.715,-1.559,9.379,-28.688,76.250,70.188,000000,80.00,37.560000,126.930000,0,1720.0,CX;ON,350.562,16.109,90.204,0.000000,0.000000,0.000000,0.000000,0.000000,0.000000,0.00,0.00,1266,1833,60.0000"
2026-05-08T04:57:12.436,1070,04:57:04,255,F,0,58.20,32.46,1006.29,7.360,0.770,5.667,-0.336,-0.112,0.000,-2.715,-1.559,9.379,-28.688,76.250,70.188,000000,80.00,37.560000,126.930000,0,1720.0,CX;ON,350.562,16.109,90.204,0.000000,0.000000,0.000000,0.000000,0.000000,0.000000,0.00,0.00,1266,1833,60.0000,"$1070,04:57:04,255,F,0,58.20,32.46,1006.29,7.360,0.770,5.667,-0.336,-0.112,0.000,-2.715,-1.559,9.379,-28.688,76.250,70.188,000000,80.00,37.560000,126.930000,0,1720.0,CX;ON,350.562,16.109,90.204,0.000000,0.000000,0.000000,0.000000,0.000000,0.000000,0.00,0.00,1266,1833,60.0000"
2026-05-08T04:57:13.042,1070,04:57:05,256,F,0,58.37,32.48,1006.25,7.360,0.770,5.667,-0.336,-0.112,0.000,-2.715,-1.559,9.379,-28.688,76.250,70.188,000000,80.00,37.560000,126.930000,0,1720.0,CX;ON,350.562,16.109,90.204,0.000000,0.000000,0.000000,0.000000,0.000000,0.000000,0.00,0.00,1266,1833,60.0000,"$1070,04:57:05,256,F,0,58.37,32.48,1006.25,7.360,0.770,5.667,-0.336,-0.112,0.000,-2.715,-1.559,9.379,-28.688,76.250,70.188,000000,80.00,37.560000,126.930000,0,1720.0,CX;ON,350.562,16.109,90.204,0.000000,0.000000,0.000000,0.000000,0.000000,0.000000,0.00,0.00,1266,1833,60.0000"
2026-05-08T04:57:13.659,1070,04:57:06,257,F,0,58.04,32.48,1006.26,7.370,0.790,5.822,-0.336,-0.112,0.000,-2.715,-1.559,9.379,-28.68$1070,04:57:07,258,F,0,58.16,32.48,1006.25,7.370,0.790,5.822,-0.336,-0.112,0.000,-2.715,-1.559,9.379,-28.688,76.250,70.188,000000,80.00,37.560000,126.930000,"$1070,04:57:06,257,F,0,58.04,32.48,1006.26,7.370,0.790,5.822,-0.336,-0.112,0.000,-2.715,-1.559,9.379,-28.68$1070,04:57:07,258,F,0,58.16,32.48,1006.25,7.370,0.790,5.822,-0.336,-0.112,0.000,-2.715,-1.559,9.379,-28.688,76.250,70.188,000000,80.00,37.560000,126.930000,0,1720.0,CX;ON,350.562,16.109,90.204,0.000000,0.000000,0.000000,0.000000,0.000000,0.000000,0.00,0.00,1266,1833,60.0000"
2026-05-08T04:57:16.096,1070,04:57:08,259,F,0,58.07,32.49,1006.24,7.360,0.770,5.667,-0.336,-0.112,0.000,-2.715,-1.559,9.379,-28.688,76.250,70.188,000000,80.00,37.560000,126.930000,0,1730.0,CX;ON,350.562,16.109,90.204,0.000000,0.000000,0.000000,0.000000,0.000000,0.000000,0.00,0.00,1266,1833,60.0000,"$1070,04:57:08,259,F,0,58.07,32.49,1006.24,7.360,0.770,5.667,-0.336,-0.112,0.000,-2.715,-1.559,9.379,-28.688,76.250,70.188,000000,80.00,37.560000,126.930000,0,1730.0,CX;ON,350.562,16.109,90.204,0.000000,0.000000,0.000000,0.000000,0.000000,0.000000,0.00,0.00,1266,1833,60.0000"
2026-05-08T04:57:16.497,1070,04:57:09,260,F,0,58.30,32.49,1006.24,7.360,0.770,5.667,-0.336,-0.112,0.000,-2.715,-1.559,9.379,-28.68,58.42,32.50,1006.27,7.370,0.790,5.822,-0.336,-0.112,0.000,-2.715,-1.559,9.379,-28.688,76.250,70.188,000000,80.00,37.560000,126.930000,0,1720.0,CX;ON,350.562,"$1070,04:57:09,260,F,0,58.30,32.49,1006.24,7.360,0.770,5.667,-0.336,-0.112,0.000,-2.715,-1.559,9.379,-28.68,58.42,32.50,1006.27,7.370,0.790,5.822,-0.336,-0.112,0.000,-2.715,-1.559,9.379,-28.688,76.250,70.188,000000,80.00,37.560000,126.930000,0,1720.0,CX;ON,350.562,16.109,90.204,0.000000,0.000000,0.000000,0.000000,0.000000,0.000000,0.00,0.00,1266,1833,60.0000"
2026-05-08T04:57:18.767,1070,04:57:12,263,F,0,58.24,32.51,1006.23,7.360,0.770,5.667,-0.336,-0.112,0.000,-2.715,-1.559,9.379,-28.688,76.250,70.188,000000,80.00,37.560000,126.930000,0,1730.0,CX;ON,350.562,16.109,90.204,0.000000,0.000000,0.000000,0.000000,0.000000,0.000000,0.00,0.00,1266,1833,60.0000,"$1070,04:57:12,263,F,0,58.24,32.51,1006.23,7.360,0.770,5.667,-0.336,-0.112,0.000,-2.715,-1.559,9.379,-28.688,76.250,70.188,000000,80.00,37.560000,126.930000,0,1730.0,CX;ON,350.562,16.109,90.204,0.000000,0.000000,0.000000,0.000000,0.000000,0.000000,0.00,0.00,1266,1833,60.0000"
2026-05-08T04:57:19.810,1070,04:57:13,264,F,0,58.21,32.51,1006.29,7.360,0.770,5.667,-0.336,-0.112,0.000,-2.715,-1.559,9.379,-28.688,76.250,70.188,000000,80.00,37.560000,126.930000,0,1730.0,CX;ON,350.562,16.109,90.204,0.000000,0.000000,0.000000,0.000000,0.000000,0.000000,0.00,0.00,1266,1833,60.0000,"$1070,04:57:13,264,F,0,58.21,32.51,1006.29,7.360,0.770,5.667,-0.336,-0.112,0.000,-2.715,-1.559,9.379,-28.688,76.250,70.188,000000,80.00,37.560000,126.930000,0,1730.0,CX;ON,350.562,16.109,90.204,0.000000,0.000000,0.000000,0.000000,0.000000,0.000000,0.00,0.00,1266,1833,60.0000"
2026-05-08T04:57:20.838,1070,04:57:14,265,F,0,58.15,32.51,1006.28,7.370,0.790,5.822,-0.336,-0.112,0.000,-2.715,-1.559,9.379,-28.688,76.250,70.188,000000,80.00,37.560000,126.930000,0,1730.0,CX;ON,350.562,16.109,90.204,0.000000,0.000000,0.000000,0.000000,0.000000,0.000000,0.00,0.00,1266,1833,60.0000,"$1070,04:57:14,265,F,0,58.15,32.51,1006.28,7.370,0.790,5.822,-0.336,-0.112,0.000,-2.715,-1.559,9.379,-28.688,76.250,70.188,000000,80.00,37.560000,126.930000,0,1730.0,CX;ON,350.562,16.109,90.204,0.000000,0.000000,0.000000,0.000000,0.000000,0.000000,0.00,0.00,1266,1833,60.0000"
2026-05-08T04:57:21.046,1070,04:57:15,266,F,0,58.17,32.53,1006.28,7.370,0.790,5.822,-0.336,-0.112,0.000,-2.715,-1.559,9.379,-28.688,76.250,70.188,000000,80.00,37.560000,126.930000,0,1730.0,CX;ON,350.562,16.109,90.204,0.000000,0.000000,0.000000,0.000000,0.000000,0.000000,0.00,0.00,1266,1833,60.0000,"$1070,04:57:15,266,F,0,58.17,32.53,1006.28,7.370,0.790,5.822,-0.336,-0.112,0.000,-2.715,-1.559,9.379,-28.688,76.250,70.188,000000,80.00,37.560000,126.930000,0,1730.0,CX;ON,350.562,16.109,90.204,0.000000,0.000000,0.000000,0.000000,0.000000,0.000000,0.00,0.00,1266,1833,60.0000"
2026-05-08T04:57:23.507,1070,04:57:16,267,F,0,58.22,32.55,1006.28,7.360,0.770,5.667,-0.336,-0.112,0.000,-2.715,-1.559,9.379,-28.688,76.250,70.188,000000,80.00,37.560000,126.930000,0,1730.0,CX;ON,350.562,16.109,90.204,0.000000,0.000000,0.000000,0.000000,0.000000,0.000000,0.00,0.00,1266,1833,60.0000,"$1070,04:57:16,267,F,0,58.22,32.55,1006.28,7.360,0.770,5.667,-0.336,-0.112,0.000,-2.715,-1.559,9.379,-28.688,76.250,70.188,000000,80.00,37.560000,126.930000,0,1730.0,CX;ON,350.562,16.109,90.204,0.000000,0.000000,0.000000,0.000000,0.000000,0.000000,0.00,0.00,1266,1833,60.0000"
2026-05-08T04:57:23.900,1070,04:57:17,268,F,0,58.52,32.54,1006.26,7.360,0.770,5.667,-0.336,-0.112,0.000,-2.715,-1.559,9.379,-28.688,76.250,70.188,000000,80.00,37.560000,126.930000,0,1740.0,CX;ON,350.562,16.109,90.204,0.000000,0.000000,0.000000,0.000000,0.000000,0.000000,0.00,0.00,1266,1833,60.0000,"$1070,04:57:17,268,F,0,58.52,32.54,1006.26,7.360,0.770,5.667,-0.336,-0.112,0.000,-2.715,-1.559,9.379,-28.688,76.250,70.188,000000,80.00,37.560000,126.930000,0,1740.0,CX;ON,350.562,16.109,90.204,0.000000,0.000000,0.000000,0.000000,0.000000,0.000000,0.00,0.00,1266,1833,60.0000"
2026-05-08T04:57:26.791,1070,04:57:18,269,F,0,58.43,32.54,1006.25,7.370,0.790,5.822,-0.336,-0.112,0.000,-2.715,-1.559,9.379,-28.688,76.250,70.188,000000,80.00,37.560000,126.930000,0,1730.0,CX;ON,350.562,16.109,90.204,0.000000,0.000000,0.000000,0.000000,0.000000,0.000000,0.00,0.00,1266,1833,60.0000,"$1070,04:57:18,269,F,0,58.43,32.54,1006.25,7.370,0.790,5.822,-0.336,-0.112,0.000,-2.715,-1.559,9.379,-28.688,76.250,70.188,000000,80.00,37.560000,126.930000,0,1730.0,CX;ON,350.562,16.109,90.204,0.000000,0.000000,0.000000,0.000000,0.000000,0.000000,0.00,0.00,1266,1833,60.0000"
2026-05-08T04:57:28.406,1070,04:57:19,270,F,0,58.61,32.53,1006.25,7.370,0.790,5.822,-0.336,-0.112,0.000,-2.715,-1.559,9.379,-28.688,76.250,70.188,000000,80.00,37.560000,126.930000,0,1720.0,CX;ON,350.562,16.109,90.204,0.000000,0.000000,0.000000,0.000000,0.000000,0.000000,0.00,0.00,1266,1833,60.0000,"$1070,04:57:19,270,F,0,58.61,32.53,1006.25,7.370,0.790,5.822,-0.336,-0.112,0.000,-2.715,-1.559,9.379,-28.688,76.250,70.188,000000,80.00,37.560000,126.930000,0,1720.0,CX;ON,350.562,16.109,90.204,0.000000,0.000000,0.000000,0.000000,0.000000,0.000000,0.00,0.00,1266,1833,60.0000"
2026-05-08T04:57:30.031,1070,04:57:20,271,F,0,58.36,32.54,1006.25,7.360,0.770,5.667,-0.336,-0.112,0.000,-2.715,-1.559,9.379,-28.688,76.250,70.188,000000,80.00,37.560000,126.930000,0,1720.0,CX;ON,350.562,16.109,90.204,0.000000,0.000000,0.000000,0.000000,0.000000,0.000000,0.00,0.00,1266,1833,60.0000,"$1070,04:57:20,271,F,0,58.36,32.54,1006.25,7.360,0.770,5.667,-0.336,-0.112,0.000,-2.715,-1.559,9.379,-28.688,76.250,70.188,000000,80.00,37.560000,126.930000,0,1720.0,CX;ON,350.562,16.109,90.204,0.000000,0.000000,0.000000,0.000000,0.000000,0.000000,0.00,0.00,1266,1833,60.0000"
2026-05-08T04:57:31.044,1070,04:57:21,272,F,0,58.27,32.55,1006.27,7.360,0.770,5.667,-0.336,-0.112,0.000,-2.715,-1.559,9.379,-28.688,76.250,70.188,000000,80.00,37.560000,126.930000,0,1720.0,CX;ON,350.562,16.109,90.204,0.000000,0.000000,0.000000,0.000000,0.000000,0.000000,0.00,0.00,1266,1833,60.0000,"$1070,04:57:21,272,F,0,58.27,32.55,1006.27,7.360,0.770,5.667,-0.336,-0.112,0.000,-2.715,-1.559,9.379,-28.688,76.250,70.188,000000,80.00,37.560000,126.930000,0,1720.0,CX;ON,350.562,16.109,90.204,0.000000,0.000000,0.000000,0.000000,0.000000,0.000000,0.00,0.00,1266,1833,60.0000"
2026-05-08T04:57:31.670,1070,04:57:22,273,F,0,58.39,32.56,1006.26,7.370,0.790,5.822,-0.336,-0.112,0.000,-2.715,-1.559,9.379,-28.68$1070,04:57:23,274,F,0,58.18,32.57,1006.29,7.370,0.790,5.822,-0.336,-0.112,0.000,-2.715,-1.559,9.379,-28.688,76.250,70.188,000000,80.00,37.560000,126.930000,"$1070,04:57:22,273,F,0,58.39,32.56,1006.26,7.370,0.790,5.822,-0.336,-0.112,0.000,-2.715,-1.559,9.379,-28.68$1070,04:57:23,274,F,0,58.18,32.57,1006.29,7.370,0.790,5.822,-0.336,-0.112,0.000,-2.715,-1.559,9.379,-28.688,76.250,70.188,000000,80.00,37.560000,126.930000,0,1730.0,CX;ON,350.562,16.109,90.204,0.000000,0.000000,0.000000,0.000000,0.000000,0.000000,0.00,0.00,1266,1833,60.0000"
2026-05-08T04:57:34.106,1070,04:57:24,275,F,0,58.30,32.57,1006.24,7.360,0.770,5.667,-0.336,-0.112,0.000,-2.715,-1.559,9.379,-28.68$1070,04:57:26,277,F,0,58.27,32.57,1006.26,7.370,0.790,5.822,-0.336,-0.112,0.000,-2.715,-1.559,9.379,-28.688,76.250,70.188,000000,80.00,37.560000,126.930000,"$1070,04:57:24,275,F,0,58.30,32.57,1006.24,7.360,0.770,5.667,-0.336,-0.112,0.000,-2.715,-1.559,9.379,-28.68$1070,04:57:26,277,F,0,58.27,32.57,1006.26,7.370,0.790,5.822,-0.336,-0.112,0.000,-2.715,-1.559,9.379,-28.688,76.250,70.188,000000,80.00,37.560000,126.930000,0,1730.0,CX;ON,350.562,16.109,90.204,0.000000,0.000000,0.000000,0.000000,0.000000,0.000000,0.00,0.00,1266,1833,60.0000"
2026-05-08T04:57:35.750,1070,04:57:27,278,F,0,58.32,32.57,1006.28,7.370,0.790,5.822,-0.336,-0.112,0.000,-2.715,-1.559,9.379,-28.680000,0,1730.0,ST;GPS,350.562,16.109,90.204,0.000000,0.000000,0.000000,0.000000,0.000000,0.000000,0.00,0.00,1266,1833,60.0000,,,,,,,"$1070,04:57:27,278,F,0,58.32,32.57,1006.28,7.370,0.790,5.822,-0.336,-0.112,0.000,-2.715,-1.559,9.379,-28.680000,0,1730.0,ST;GPS,350.562,16.109,90.204,0.000000,0.000000,0.000000,0.000000,0.000000,0.000000,0.00,0.00,1266,1833,60.0000"
2026-05-08T04:57:35.968,1070,04:57:28,279,F,0,58.53,32.58,1006.29,7.360,0.770,5.667,-0.336,-0.112,0.000,-2.715,-1.559,9.379,-28.688,76.250,70.188,000000,80.00,37.560000,126.930000,0,1720.0,ST;GPS,350.562,16.109,90.204,0.000000,0.000000,0.000000,0.000000,0.000000,0.000000,0.00,0.00,1266,1833,60.0000,"$1070,04:57:28,279,F,0,58.53,32.58,1006.29,7.360,0.770,5.667,-0.336,-0.112,0.000,-2.715,-1.559,9.379,-28.688,76.250,70.188,000000,80.00,37.560000,126.930000,0,1720.0,ST;GPS,350.562,16.109,90.204,0.000000,0.000000,0.000000,0.000000,0.000000,0.000000,0.00,0.00,1266,1833,60.0000"
2026-05-08T04:57:36.369,1070,04:57:29,280,F,0,58.32,32.59,1006.28,7.360,0.770,5.667,-0.336,-0.112,0.000,-2.715,-1.559,9.379,-28.688,76.250,70.188,000000,80.00,37.560000,126.930000,0,1720.0,ST;GPS,350.562,16.109,90.204,0.000000,0.000000,0.000000,0.000000,0.000000,0.000000,0.00,0.00,1266,1833,60.0000,"$1070,04:57:29,280,F,0,58.32,32.59,1006.28,7.360,0.770,5.667,-0.336,-0.112,0.000,-2.715,-1.559,9.379,-28.688,76.250,70.188,000000,80.00,37.560000,126.930000,0,1720.0,ST;GPS,350.562,16.109,90.204,0.000000,0.000000,0.000000,0.000000,0.000000,0.000000,0.00,0.00,1266,1833,60.0000"
2026-05-08T04:57:37.204,1070,04:57:30,281,F,0,58.44,32.59,1006.30,7.370,0.790,5.822,-0.336,-0.112,0.000,-2.715,-1.559,9.379,-28.688,76.250,70.188,000000,80.00,37.560000,126.930000,0,1720.0,ST;GPS,350.562,16.109,90.204,0.000000,0.000000,0.000000,0.000000,0.000000,0.000000,0.00,0.00,1266,1833,60.0000,"$1070,04:57:30,281,F,0,58.44,32.59,1006.30,7.370,0.790,5.822,-0.336,-0.112,0.000,-2.715,-1.559,9.379,-28.688,76.250,70.188,000000,80.00,37.560000,126.930000,0,1720.0,ST;GPS,350.562,16.109,90.204,0.000000,0.000000,0.000000,0.000000,0.000000,0.000000,0.00,0.00,1266,1833,60.0000"
2026-05-08T04:57:37.626,1070,04:57:31,282,F,0,58.35,32.59,1006.25,7.370,0.790,5.822,-0.336,-0.112,0.000,-2.715,-1.559,9.379,-28.688,76.250,70.188,000000,80.00,37.560000,126.930000,0,1730.0,ST;GPS,350.562,16.109,90.204,0.000000,0.000000,0.000000,0.000000,0.000000,0.000000,0.00,0.00,1266,1833,60.0000,"$1070,04:57:31,282,F,0,58.35,32.59,1006.25,7.370,0.790,5.822,-0.336,-0.112,0.000,-2.715,-1.559,9.379,-28.688,76.250,70.188,000000,80.00,37.560000,126.930000,0,1730.0,ST;GPS,350.562,16.109,90.204,0.000000,0.000000,0.000000,0.000000,0.000000,0.000000,0.00,0.00,1266,1833,60.0000"
2026-05-08T04:57:40.299,1070,04:57:32,283,F,0,58.46,32.59,1006.27,7.360,0.770,5.667,-0.336,-0.112,0.000,-2.715,-1.559,9.379,-28.688,76.250,70.188,000000,80.00,37.560000,126.930000,0,1740.0,ST;GPS,350.562,16.109,90.204,0.000000,0.000000,0.000000,0.000000,0.000000,0.000000,0.00,0.00,1266,1833,60.0000,"$1070,04:57:32,283,F,0,58.46,32.59,1006.27,7.360,0.770,5.667,-0.336,-0.112,0.000,-2.715,-1.559,9.379,-28.688,76.250,70.188,000000,80.00,37.560000,126.930000,0,1740.0,ST;GPS,350.562,16.109,90.204,0.000000,0.000000,0.000000,0.000000,0.000000,0.000000,0.00,0.00,1266,1833,60.0000"
2026-05-08T04:57:40.500,1070,04:57:33,284,F,0,58.53,32.59,1006.27,7.360,0.770,5.667,-0.336,-0.112,0.000,-2.715,-1.559,9.379,-28.650.562,16.109,90.204,0.000000,0.000000,0.000000,0.000000,0.000000,0.000000,0.00,0.00,1266,1833,60.0000,,,,,,,,,,,"$1070,04:57:33,284,F,0,58.53,32.59,1006.27,7.360,0.770,5.667,-0.336,-0.112,0.000,-2.715,-1.559,9.379,-28.650.562,16.109,90.204,0.000000,0.000000,0.000000,0.000000,0.000000,0.000000,0.00,0.00,1266,1833,60.0000"
2026-05-08T04:57:43.379,1070,04:57:34,285,F,0,58.35,32.59,1006.30,7.370,0.790,5.822,-0.336,-0.112,0.000,-2.715,-1.559,9.379,-28.688,76.250,70.188,000000,80.00,37.560000,126.930$1070,04:57:35,286,F,0,58.37,32.60,1006.24,7.370,0.790,5.822,-0.336,-0.112,0.000,-2.715,-1.559,9.379,-28.688,"$1070,04:57:34,285,F,0,58.35,32.59,1006.30,7.370,0.790,5.822,-0.336,-0.112,0.000,-2.715,-1.559,9.379,-28.688,76.250,70.188,000000,80.00,37.560000,126.930$1070,04:57:35,286,F,0,58.37,32.60,1006.24,7.370,0.790,5.822,-0.336,-0.112,0.000,-2.715,-1.559,9.379,-28.688,76.250,70.188,000000,80.00,37.560000,126.930000,0,1710.0,ST;GPS,350.562,16.109,90.204,0.000000,0.000000,0.000000,0.000000,0.000000,0.000000,0.00,0.00,1266,1833,60.0000"
2026-05-08T04:57:44.388,1070,04:57:36,287,F,0,58.64,32.58,1006.27,7.360,0.770,5.667,-0.336,-0.112,0.000,-2.715,-1.559,9.379,-28.688,76.250,70.188,000000,80.00,37.560000,126.930000,0,1730.0,ST;GPS,350.562,16.109,90.204,0.000000,0.000000,0.000000,0.000000,0.000000,0.000000,0.00,0.00,1266,1833,60.0000,"$1070,04:57:36,287,F,0,58.64,32.58,1006.27,7.360,0.770,5.667,-0.336,-0.112,0.000,-2.715,-1.559,9.379,-28.688,76.250,70.188,000000,80.00,37.560000,126.930000,0,1730.0,ST;GPS,350.562,16.109,90.204,0.000000,0.000000,0.000000,0.000000,0.000000,0.000000,0.00,0.00,1266,1833,60.0000"
2026-05-08T04:57:48.065,1070,04:57:37,288,F,0,58.17,32.59,1006.26,7.360,0.770,5.667,-0.336,-0.112,0.000,-2.715,-1.559,9.379,-28.688,76.250,70.188,000000,80.00,37.560000,126.930000,0,1720.0,ST;GPS,350.562,16.109,90.204,0.000000,0.000000,0.000000,0.000000,0.000000,0.000000,0.00,0.00,1266,1833,60.0000,"$1070,04:57:37,288,F,0,58.17,32.59,1006.26,7.360,0.770,5.667,-0.336,-0.112,0.000,-2.715,-1.559,9.379,-28.688,76.250,70.188,000000,80.00,37.560000,126.930000,0,1720.0,ST;GPS,350.562,16.109,90.204,0.000000,0.000000,0.000000,0.000000,0.000000,0.000000,0.00,0.00,1266,1833,60.0000"
2026-05-08T04:57:50.105,1070,04:57:38,289,F,0,58.35,32.59,1006.26,7.370,0.790,5.822,-0.336,-0.112,0.000,-2.715,-1.559,9.379,-28.688,76.250,70.188,000000,80.00,37.560000,126.930000,0,1720.0,ST;GPS,350.562,16.109,90.204,0.000000,0.000000,0.000000,0.000000,0.000000,0.000000,0.00,0.00,1266,1833,60.0000,"$1070,04:57:38,289,F,0,58.35,32.59,1006.26,7.370,0.790,5.822,-0.336,-0.112,0.000,-2.715,-1.559,9.379,-28.688,76.250,70.188,000000,80.00,37.560000,126.930000,0,1720.0,ST;GPS,350.562,16.109,90.204,0.000000,0.000000,0.000000,0.000000,0.000000,0.000000,0.00,0.00,1266,1833,60.0000"
2026-05-08T04:57:51.562,1070,04:57:39,290,F,0,58.14,32.60,1006.24,7.370,0.790,5.822,-0.336,-0.112,0.000,-2.715,-1.559,9.379,-28.688,76.250,70.188,000000,80.00,37.560000,126.930000,0,1720.0,ST;GPS,350.562,16.109,90.204,0.000000,0.000000,0.000000,0.000000,0.000000,0.000000,0.00,0.00,1266,1833,60.0000,"$1070,04:57:39,290,F,0,58.14,32.60,1006.24,7.370,0.790,5.822,-0.336,-0.112,0.000,-2.715,-1.559,9.379,-28.688,76.250,70.188,000000,80.00,37.560000,126.930000,0,1720.0,ST;GPS,350.562,16.109,90.204,0.000000,0.000000,0.000000,0.000000,0.000000,0.000000,0.00,0.00,1266,1833,60.0000"
2026-05-08T04:57:51.983,1070,04:57:40,291,F,0,58.37,32.60,1006.27,7.360,0.770,5.667,-0.336,-0.112,0.000,-2.715,-1.559,9.379,-28.688,76.250,70.188,000000,80.00,37.560000,126.930000,0,1730.0,ST;GPS,350.562,16.109,90.204,0.000000,0.000000,0.000000,0.000000,0.000000,0.000000,0.00,0.00,1266,1833,60.0000,"$1070,04:57:40,291,F,0,58.37,32.60,1006.27,7.360,0.770,5.667,-0.336,-0.112,0.000,-2.715,-1.559,9.379,-28.688,76.250,70.188,000000,80.00,37.560000,126.930000,0,1730.0,ST;GPS,350.562,16.109,90.204,0.000000,0.000000,0.000000,0.000000,0.000000,0.000000,0.00,0.00,1266,1833,60.0000"
2026-05-08T04:57:52.376,1070,04:57:41,292,F,0,58.19,32.61,1006.27,$1070,04:57:42,293,F,0,57.99,32.61,1006.25,7.370,0.790,5.822,-0.336,-0.112,0.000,-2.715,-1.559,9.379,-28.688,76.250,70.188,000000,80.00,37.560000,126.930000,0,1730.0,ST;GPS,350.562,16.109,90.204,0.000000,0.000000,0.000000,"$1070,04:57:41,292,F,0,58.19,32.61,1006.27,$1070,04:57:42,293,F,0,57.99,32.61,1006.25,7.370,0.790,5.822,-0.336,-0.112,0.000,-2.715,-1.559,9.379,-28.688,76.250,70.188,000000,80.00,37.560000,126.930000,0,1730.0,ST;GPS,350.562,16.109,90.204,0.000000,0.000000,0.000000,0.000000,0.000000,0.000000,0.00,0.00,1266,1833,60.0000"
2026-05-08T04:57:53.001,1070,04:57:43,294,F,0,58.51,32.61,1006.25,7.370,0.790,5.822,-0.336,-0.112,0.000,-2.715,-1.559,9.379,-28.688,76.250,70.188,000000,80.00,37.560000,126.930000,0,1730.0,ST;GPS,350.562,16.109,90.204,0.000000,0.000000,0.000000,0.000000,0.000000,0.000000,0.00,0.00,1266,1833,60.0000,"$1070,04:57:43,294,F,0,58.51,32.61,1006.25,7.370,0.790,5.822,-0.336,-0.112,0.000,-2.715,-1.559,9.379,-28.688,76.250,70.188,000000,80.00,37.560000,126.930000,0,1730.0,ST;GPS,350.562,16.109,90.204,0.000000,0.000000,0.000000,0.000000,0.000000,0.000000,0.00,0.00,1266,1833,60.0000"
2026-05-08T04:57:54.629,1070,04:57:45,295,F,0,57.96,32.61,1006.27,7.360,0.770,5.667,-0.336,-0.112,0.000,-2.715,-1.559,9.379,-28.688,76.250,70.188,000000,80.00,37.560000,126.930000,0,1720.0,ST;GPS,350.562,16.109,90.204,0.000000,0.000000,0.000000,0.000000,0.000000,0.000000,0.00,0.00,1266,1833,60.0000,"$1070,04:57:45,295,F,0,57.96,32.61,1006.27,7.360,0.770,5.667,-0.336,-0.112,0.000,-2.715,-1.559,9.379,-28.688,76.250,70.188,000000,80.00,37.560000,126.930000,0,1720.0,ST;GPS,350.562,16.109,90.204,0.000000,0.000000,0.000000,0.000000,0.000000,0.000000,0.00,0.00,1266,1833,60.0000"
2026-05-08T04:57:54.854,1070,04:57:46,296,F,0,58.01,32.61,1006.26,7.360,0.770,5.667,-0.336,-0.112,0.000,-2.715,-1.559,9.379,-28.688,76.250,70.188,000000,80.00,37.560000,126.930000,0,1730.0,ST;GPS,350.562,16.109,90.204,0.000000,0.000000,0.000000,0.000000,0.000000,0.000000,0.00,0.00,1266,1833,60.0000,"$1070,04:57:46,296,F,0,58.01,32.61,1006.26,7.360,0.770,5.667,-0.336,-0.112,0.000,-2.715,-1.559,9.379,-28.688,76.250,70.188,000000,80.00,37.560000,126.930000,0,1730.0,ST;GPS,350.562,16.109,90.204,0.000000,0.000000,0.000000,0.000000,0.000000,0.000000,0.00,0.00,1266,1833,60.0000"
2026-05-08T04:57:58.543,1070,04:57:47,297,F,0,58.01,32.62,1006.25,7.370,0.790,5.822,-0.336,-0.112,0.000,-2.7$1070,04:57:48,298,F,0,58.40,32.61,1006.29,7.370,0.790,5.822,-0.336,-0.112,0.000,-2.715,-1.559,9.379,-28.688,76.250,70.188,000000,80.00,37.560000,126.930000,0,1720.0,ST;GPS,"$1070,04:57:47,297,F,0,58.01,32.62,1006.25,7.370,0.790,5.822,-0.336,-0.112,0.000,-2.7$1070,04:57:48,298,F,0,58.40,32.61,1006.29,7.370,0.790,5.822,-0.336,-0.112,0.000,-2.715,-1.559,9.379,-28.688,76.250,70.188,000000,80.00,37.560000,126.930000,0,1720.0,ST;GPS,350.562,16.109,90.204,0.000000,0.000000,0.000000,0.000000,0.000000,0.000000,0.00,0.$1070,12:34:57,300,F,0,58.01,32.61,1006.29,7.360,0.770,5.667,-0.336,-0.112,0.000,-2.715,-1.559,9.379,-28.688,76.250,70.188,000000,80.00,37.560000,126.930000,0,1720.0,ST;12:34:56,350.562,16.109,90.204,0.000000,0.000000,0.000000,0.000000,0.000000,0.000000,0.$1070,12:34:59,302,F,0,58.51,32.61,1006.28,7.370,0.790,5.822,-0.336,-0.112,0.000,-2.715,-1.559,9.379,-28.688,76.250,70.188,000000,80.00,37.560000,126.930000,0,1730.0,ST;12:34:56,350.562,16.109,90.204,0.000000,0.000000,0.000000,0.000000,0.000000,0.000000,0.00,0.00,1266,1833,60.0000"
2026-05-08T04:57:58.962,1070,12:35:00,303,F,0,58.15,32.62,1006.30,7.360,0.770,5.667,-0.336,-0.112,0.000,-2.715,-1.559,9.379,-28.688,76.250,70.188,000000,80.00,37.560000,126.930000,0,1730.0,ST;12:34:56,350.562,16.109,90.204,0.000000,0.000000,0.000000,0.000000,0.000000,0.000000,0.00,0.00,1266,1833,60.0000,"$1070,12:35:00,303,F,0,58.15,32.62,1006.30,7.360,0.770,5.667,-0.336,-0.112,0.000,-2.715,-1.559,9.379,-28.688,76.250,70.188,000000,80.00,37.560000,126.930000,0,1730.0,ST;12:34:56,350.562,16.109,90.204,0.000000,0.000000,0.000000,0.000000,0.000000,0.000000,0.00,0.00,1266,1833,60.0000"
2026-05-08T04:57:59.369,1070,12:35:01,304,F,0,58.40,32.62,1006.27,7.360,0.770,5.667,-0.336,-0.112,0.000,-2.715,-1.559,9.379,-28.688,76.250,70.188,000000,80.00,37.560000,126.930000,0,1720.0,ST;12:34:56,350.562,16.109,90.204,0.000000,0.000000,0.000000,0.000000,0.000000,0.000000,0.00,0.00,1266,1833,60.0000,"$1070,12:35:01,304,F,0,58.40,32.62,1006.27,7.360,0.770,5.667,-0.336,-0.112,0.000,-2.715,-1.559,9.379,-28.688,76.250,70.188,000000,80.00,37.560000,126.930000,0,1720.0,ST;12:34:56,350.562,16.109,90.204,0.000000,0.000000,0.000000,0.000000,0.000000,0.000000,0.00,0.00,1266,1833,60.0000"
2026-05-08T04:58:00.220,1070,12:35:02,305,F,0,58.10,32.62,1006.28,7.370,0.790,5.822,-0.336,-0.112,0.000,-2.715,-1.559,9.379,-28.688,76.250,70.188,000000,80.00,37.560000,126.930000,0,1720.0,ST;12:34:56,350.562,16.109,90.204,0.000000,0.000000,0.000000,0.000000,0.000000,0.000000,0.00,0.00,1266,1833,60.0000,"$1070,12:35:02,305,F,0,58.10,32.62,1006.28,7.370,0.790,5.822,-0.336,-0.112,0.000,-2.715,-1.559,9.379,-28.688,76.250,70.188,000000,80.00,37.560000,126.930000,0,1720.0,ST;12:34:56,350.562,16.109,90.204,0.000000,0.000000,0.000000,0.000000,0.000000,0.000000,0.00,0.00,1266,1833,60.0000"
2026-05-08T04:58:02.223,1070,12:35:03,306,F,0,58.22,32.62,1006.30,7.370,0.790,5.822,-0.336,-0.112,0.000,-2.715,-1.559,9.379,-28.688,76.250,70.188,000000,80.00,37.560000,126.930000,0,1720.0,ST;12:34:56,350.562,16.109,90.204,0.000000,0.000000,0.000000,0.000000,0.000000,0.000000,0.00,0.00,1266,1833,60.0000,"$1070,12:35:03,306,F,0,58.22,32.62,1006.30,7.370,0.790,5.822,-0.336,-0.112,0.000,-2.715,-1.559,9.379,-28.688,76.250,70.188,000000,80.00,37.560000,126.930000,0,1720.0,ST;12:34:56,350.562,16.109,90.204,0.000000,0.000000,0.000000,0.000000,0.000000,0.000000,0.00,0.00,1266,1833,60.0000"
2026-05-08T04:58:02.639,1070,12:35:04,307,F,0,58.31,32.62,1006.28,7.360,0.770,5.667,-0.336,-0.112,0.000,-2.715,-1.559,9.379,$1070,12:35:05,308,F,0,58.10,32.62,1006.30,7.360,0.770,5.667,-0.336,-0.112,0.000,-2.715,-1.559,9.379,-28.688,76.250,70.188,000000,80.00,37.560000,126.930000,"$1070,12:35:04,307,F,0,58.31,32.62,1006.28,7.360,0.770,5.667,-0.336,-0.112,0.000,-2.715,-1.559,9.379,$1070,12:35:05,308,F,0,58.10,32.62,1006.30,7.360,0.770,5.667,-0.336,-0.112,0.000,-2.715,-1.559,9.379,-28.688,76.250,70.188,000000,80.00,37.560000,126.930000,0,1730.0,ST;12:34:56,350.562,16.109,90.204,0.000000,0.000000,0.000000,0.000000,0.000000,0.000000,0.00,0.00,1266,1833,60.0000"
2026-05-08T04:58:02.858,1070,12:35:06,309,F,0,58.22,32.61,1006.24,7.370,0.790,5.822,-0.336,-0.112,0.000,-2.715,-1.559,9.379,-28.688,76.250,70.188,000000,80.00,37.560000,126.930000,0,1720.0,ST;12:34:56,350.562,16.109,90.204,0.000000,0.000000,0.000000,0.000000,0.000000,0.000000,0.00,0.00,1266,1833,60.0000,"$1070,12:35:06,309,F,0,58.22,32.61,1006.24,7.370,0.790,5.822,-0.336,-0.112,0.000,-2.715,-1.559,9.379,-28.688,76.250,70.188,000000,80.00,37.560000,126.930000,0,1720.0,ST;12:34:56,350.562,16.109,90.204,0.000000,0.000000,0.000000,0.000000,0.000000,0.000000,0.00,0.00,1266,1833,60.0000"
2026-05-08T04:58:07.144,1070,12:35:07,310,F,0,58.24,32.62,1006.28,7.370,0.790,5.822,-0.336,-0.112,0.000,-2.715,-1.559,9.379,-28.688,76.250,70.188,000000,80.00,37.560000,126.930000,0,1730.0,ST;12:34:56,350.562,16.109,90.204,0.000000,0.000000,0.000000,0.000000,0.000000,0.000000,0.00,0.00,1266,1833,60.0000,"$1070,12:35:07,310,F,0,58.24,32.62,1006.28,7.370,0.790,5.822,-0.336,-0.112,0.000,-2.715,-1.559,9.379,-28.688,76.250,70.188,000000,80.00,37.560000,126.930000,0,1730.0,ST;12:34:56,350.562,16.109,90.204,0.000000,0.000000,0.000000,0.000000,0.000000,0.000000,0.00,0.00,1266,1833,60.0000"
2026-05-08T04:58:07.567,1070,12:35:08,311,F,0,58.33,32.62,1006.24,7.360,0.770,5.667,-0.336,-0.112,0.000,-2.715,-1.559,9.379,-28.688,76.250,70.188,000000,80.00,37.560000,126.930000,0,1730.0,ST;12:34:56,350.562,16.109,90.204,0.000000,0.000000,0.000000,0.000000,0.000000,0.000000,0.00,0.00,1266,1833,60.0000,"$1070,12:35:08,311,F,0,58.33,32.62,1006.24,7.360,0.770,5.667,-0.336,-0.112,0.000,-2.715,-1.559,9.379,-28.688,76.250,70.188,000000,80.00,37.560000,126.930000,0,1730.0,ST;12:34:56,350.562,16.109,90.204,0.000000,0.000000,0.000000,0.000000,0.000000,0.000000,0.00,0.00,1266,1833,60.0000"
2026-05-08T04:58:08.163,1070,12:35:09,312,F,0,58.01,32.62,1006.27,7.360,0.770,5.667,-0.336,-0.112,0.000,-2.715,-1.559,9.379,-28.688,76.250,70.188,000000,80.00,37.560000,126.930000,0,1730.0,ST;12:34:56,350.562,16.109,90.204,0.000000,0.000000,0.000000,0.000000,0.000000,0.000000,0.00,0.00,1266,1833,60.0000,"$1070,12:35:09,312,F,0,58.01,32.62,1006.27,7.360,0.770,5.667,-0.336,-0.112,0.000,-2.715,-1.559,9.379,-28.688,76.250,70.188,000000,80.00,37.560000,126.930000,0,1730.0,ST;12:34:56,350.562,16.109,90.204,0.000000,0.000000,0.000000,0.000000,0.000000,0.000000,0.00,0.00,1266,1833,60.0000"
2026-05-08T04:58:08.564,1070,12:35:10,313,F,0,58.04,32.62,1006.24,7.370,0.790,5.822,-0.336,-0.112,0.000,-2.715,-1.559,9.379,-28.688,76.250,70.188,000000,80.00,37.560000,126.930000,0,1720.0,ST;12:34:56,350.562,16.109,90.204,0.000000,0.000000,0.000000,0.000000,0.000000,0.000000,0.00,0.00,1266,1833,60.0000,"$1070,12:35:10,313,F,0,58.04,32.62,1006.24,7.370,0.790,5.822,-0.336,-0.112,0.000,-2.715,-1.559,9.379,-28.688,76.250,70.188,000000,80.00,37.560000,126.930000,0,1720.0,ST;12:34:56,350.562,16.109,90.204,0.000000,0.000000,0.000000,0.000000,0.000000,0.000000,0.00,0.00,1266,1833,60.0000"
2026-05-08T04:58:11.215,1070,12:35:11,314,F,0,58.42,32.63,1006.27,7.370,0.790,5.822,-0.336,-0.112,0.000,-2.715,-1.559,9.379,-28.688,76.250,70.188,000000,80.00,37.560000,126.930000,0,1720.0,ST;12:34:56,350.562,16.109,90.204,0.000000,0.000000,0.000000,0.000000,0.000000,0.000000,0.00,0.00,1266,1833,60.0000,"$1070,12:35:11,314,F,0,58.42,32.63,1006.27,7.370,0.790,5.822,-0.336,-0.112,0.000,-2.715,-1.559,9.379,-28.688,76.250,70.188,000000,80.00,37.560000,126.930000,0,1720.0,ST;12:34:56,350.562,16.109,90.204,0.000000,0.000000,0.000000,0.000000,0.000000,0.000000,0.00,0.00,1266,1833,60.0000"
2026-05-08T04:58:13.440,1070,12:35:12,315,F,0,58.04,32.63,1006.26,7.360,0.770,5.667,-0.336,-0.112,0.000,-2.715,-1.559,9.379,$1070,12:35:14,317,F,0,58.15,32.62,1006.26,7.370,0.790,5.822,-0.336,-0.112,0.000,-2.715,-1.559,9.379,-28.688,76.250,70.188,000000,80.00,37.560000,126.930000,"$1070,12:35:12,315,F,0,58.04,32.63,1006.26,7.360,0.770,5.667,-0.336,-0.112,0.000,-2.715,-1.559,9.379,$1070,12:35:14,317,F,0,58.15,32.62,1006.26,7.370,0.790,5.822,-0.336,-0.112,0.000,-2.715,-1.559,9.379,-28.688,76.250,70.188,000000,80.00,37.560000,126.930000,0,1720.0,ST;12:34:56,350.562,16.109,90.204,0.000000,0.000000,0.000000,0.000000,0.000000,0.000000,0.00,0.00,1266,1833,60.0000"
2026-05-08T04:58:14.466,1070,12:35:15,318,F,0,57.92,32.62,1006.29,7.370,0.790,5.822,-0.336,-0.112,0.000,-2.715,-1.559,9.379,-28.688,76.250,70.188,000000,80.00,37.560000,126.930000,0,1710.0,ST;12:34:56,350.562,16.109,90.204,0.000000,0.000000,0.000000,0.000000,0.000000,0.000000,0.00,0.00,1266,1833,60.0000,"$1070,12:35:15,318,F,0,57.92,32.62,1006.29,7.370,0.790,5.822,-0.336,-0.112,0.000,-2.715,-1.559,9.379,-28.688,76.250,70.188,000000,80.00,37.560000,126.930000,0,1710.0,ST;12:34:56,350.562,16.109,90.204,0.000000,0.000000,0.000000,0.000000,0.000000,0.000000,0.00,0.00,1266,1833,60.0000"
2026-05-08T04:58:14.887,1070,12:35:16,319,F,0,58.45,32.62,1006.27,7.360,0.770,5.667,-0.336,-0.112,0.000,-2.715,-1.559,9.379,-28.688,76.250,70.188,000000,80.00,37.560000,126.930000,0,1720.0,ST;12:34:56,350.562,16.109,90.204,0.000000,0.000000,0.000000,0.000000,0.000000,0.000000,0.00,0.00,1266,1833,60.0000,"$1070,12:35:16,319,F,0,58.45,32.62,1006.27,7.360,0.770,5.667,-0.336,-0.112,0.000,-2.715,-1.559,9.379,-28.688,76.250,70.188,000000,80.00,37.560000,126.930000,0,1720.0,ST;12:34:56,350.562,16.109,90.204,0.000000,0.000000,0.000000,0.000000,0.000000,0.000000,0.00,0.00,1266,1833,60.0000"
2026-05-08T04:58:15.493,1070,12:35:17,320,F,0,58.24,32.62,1006.26,7.360,0.770,5.667,-0.336,-0.112,0.000,-2.715,-1.559,9.379,-28.688,76.250,70.188,000000,80.00,37.560000,126.930000,0,1730.0,ST;12:34:56,350.562,16.109,90.204,0.000000,0.000000,0.000000,0.000000,0.000000,0.000000,0.00,0.00,1266,1833,60.0000,"$1070,12:35:17,320,F,0,58.24,32.62,1006.26,7.360,0.770,5.667,-0.336,-0.112,0.000,-2.715,-1.559,9.379,-28.688,76.250,70.188,000000,80.00,37.560000,126.930000,0,1730.0,ST;12:34:56,350.562,16.109,90.204,0.000000,0.000000,0.000000,0.000000,0.000000,0.000000,0.00,0.00,1266,1833,60.0000"
2026-05-08T04:58:17.129,1070,12:35:18,321,F,0,58.24,32.63,1006.36,7.370,0.790,5.822,-0.336,-0.112,0.000,-2.715,-1.559,9.379,-28.688,76.250,70.188,000000,80.00,37.560000,126.930000,0,1720.0,ST;12:34:56,350.562,16.109,90.204,0.000000,0.000000,0.000000,0.000000,0.000000,0.000000,0.00,0.00,1266,1833,60.0000,"$1070,12:35:18,321,F,0,58.24,32.63,1006.36,7.370,0.790,5.822,-0.336,-0.112,0.000,-2.715,-1.559,9.379,-28.688,76.250,70.188,000000,80.00,37.560000,126.930000,0,1720.0,ST;12:34:56,350.562,16.109,90.204,0.000000,0.000000,0.000000,0.000000,0.000000,0.000000,0.00,0.00,1266,1833,60.0000"
2026-05-08T04:58:17.978,1070,12:35:19,322,F,0,58.48,32.63,1006.26,7.360,0.770,5.667,-0.336,-0.112,0.000,-2.715,-1.559,9.379,$1070,12:35:20,323,F,0,58.36,32.63,1006.25,7.360,0.770,5.667,-0.336,-0.112,0.000,-2.715,-1.559,9.379,-28.688,76.250,70.188,000000,80.00,37.560000,126.930000,"$1070,12:35:19,322,F,0,58.48,32.63,1006.26,7.360,0.770,5.667,-0.336,-0.112,0.000,-2.715,-1.559,9.379,$1070,12:35:20,323,F,0,58.36,32.63,1006.25,7.360,0.770,5.667,-0.336,-0.112,0.000,-2.715,-1.559,9.379,-28.688,76.250,70.188,000000,80.00,37.560000,126.930000,0,1720.0,ST;12:34:56,350.562,16.109,90.204,0.000000,0.000000,0.000000,0.000000,0.000000,0.000000,0.00,0.00,1266,1833,60.0000"
2026-05-08T04:58:18.594,1070,12:35:21,324,F,0,58.39,32.64,1006.27,7.370,0.790,5.822,-0.336,-0.112,0.000,-2.715,-1.559,9.379,-28.688,76.250,70.188,000000,80.00,37.560000,126.930000,0,1740.0,ST;12:34:56,350.562,16.109,90.204,0.000000,0.000000,0.000000,0.000000,0.000000,0.000000,0.00,0.00,1266,1833,60.0000,"$1070,12:35:21,324,F,0,58.39,32.64,1006.27,7.370,0.790,5.822,-0.336,-0.112,0.000,-2.715,-1.559,9.379,-28.688,76.250,70.188,000000,80.00,37.560000,126.930000,0,1740.0,ST;12:34:56,350.562,16.109,90.204,0.000000,0.000000,0.000000,0.000000,0.000000,0.000000,0.00,0.00,1266,1833,60.0000"
2026-05-08T04:58:19.819,1070,12:35:22,325,F,0,58.50,32.64,1006.27,7.370,0.790,5.822,-0.336,-0.112,0.000,-2.715,-1.559,9.379,-28.688,76.250,70.188,000000,80.00,37.560000,126.930000,0,1730.0,ST;12:34:56,350.562,16.109,90.204,0.000000,0.000000,0.000000,0.000000,0.000000,0.000000,0.00,0.00,1266,1833,60.0000,"$1070,12:35:22,325,F,0,58.50,32.64,1006.27,7.370,0.790,5.822,-0.336,-0.112,0.000,-2.715,-1.559,9.379,-28.688,76.250,70.188,000000,80.00,37.560000,126.930000,0,1730.0,ST;12:34:56,350.562,16.109,90.204,0.000000,0.000000,0.000000,0.000000,0.000000,0.000000,0.00,0.00,1266,1833,60.0000"
2026-05-08T04:58:20.442,1070,12:35:23,326,F,0,58.48,32.64,1006.25,7.360,0.770,5.667,-0.336,-0.112,0.000,-2.715,-1.559,9.379,-28.688,76.250,70.188,000000,80.00,37.560000,126.930000,0,1730.0,ST;12:34:56,350.562,16.109,90.204,0.000000,0.000000,0.000000,0.000000,0.000000,0.000000,0.00,0.00,1266,1833,60.0000,"$1070,12:35:23,326,F,0,58.48,32.64,1006.25,7.360,0.770,5.667,-0.336,-0.112,0.000,-2.715,-1.559,9.379,-28.688,76.250,70.188,000000,80.00,37.560000,126.930000,0,1730.0,ST;12:34:56,350.562,16.109,90.204,0.000000,0.000000,0.000000,0.000000,0.000000,0.000000,0.00,0.00,1266,1833,60.0000"
2026-05-08T04:58:21.467,1070,12:35:24,327,F,0,58.59,32.64,1006.23,7.360,0.770,5.667,-0.336,-0.112,0.000,-2.715,-1.559,9.379,-28.688,76.250,70.188,000000,80.00,37.560000,126.930000,0,1720.0,ST;12:34:56,350.562,16.109,90.204,0.000000,0.000000,0.000000,0.000000,0.000000,0.000000,0.00,0.00,1266,1833,60.0000,"$1070,12:35:24,327,F,0,58.59,32.64,1006.23,7.360,0.770,5.667,-0.336,-0.112,0.000,-2.715,-1.559,9.379,-28.688,76.250,70.188,000000,80.00,37.560000,126.930000,0,1720.0,ST;12:34:56,350.562,16.109,90.204,0.000000,0.000000,0.000000,0.000000,0.000000,0.000000,0.00,0.00,1266,1833,60.0000"
2026-05-08T04:58:21.888,1070,12:35:25,328,F,0,58.30,32.64,1006.27,7.370,0.790,5.822,-0.336,-0.112,0.000,-2.715,-1.559,9.379,-28.688,76.250,70.188,000000,80.00,37.560000,126.930000,0,1730.0,ST;12:34:56,350.562,16.109,90.204,0.000000,0.000000,0.000000,0.000000,0.000000,0.000000,0.00,0.00,1266,1833,60.0000,"$1070,12:35:25,328,F,0,58.30,32.64,1006.27,7.370,0.790,5.822,-0.336,-0.112,0.000,-2.715,-1.559,9.379,-28.688,76.250,70.188,000000,80.00,37.560000,126.930000,0,1730.0,ST;12:34:56,350.562,16.109,90.204,0.000000,0.000000,0.000000,0.000000,0.000000,0.000000,0.00,0.00,1266,1833,60.0000"
2026-05-08T04:58:22.933,1070,12:35:26,329,F,0,58.71,32.65,1006.28,7.370,0.790,5.822,-0.336,-0.112,0.000,-2.715,-1.559,9.379,-28.688,76.250,70.188,000000,80.00,37.560000,126.930000,0,1730.0,ST;12:34:56,350.562,16.109,90.204,0.000000,0.000000,0.000000,0.000000,0.000000,0.000000,0.00,0.00,1266,1833,60.0000,"$1070,12:35:26,329,F,0,58.71,32.65,1006.28,7.370,0.790,5.822,-0.336,-0.112,0.000,-2.715,-1.559,9.379,-28.688,76.250,70.188,000000,80.00,37.560000,126.930000,0,1730.0,ST;12:34:56,350.562,16.109,90.204,0.000000,0.000000,0.000000,0.000000,0.000000,0.000000,0.00,0.00,1266,1833,60.0000"
2026-05-08T04:58:23.330,1070,12:35:27,330,F,0,58.50,32.64,1006.22,7.360,0.770,5.667,-0.336,-0.112,0.000,-2.715,-1.559,9.379,-28.688,76.250,70.188,000000,80.00,37.560000,126.930000,0,1720.0,ST;12:34:56,350.562,16.109,90.204,0.000000,0.000000,0.000000,0.000000,0.000000,0.000000,0.00,0.00,1266,1833,60.0000,"$1070,12:35:27,330,F,0,58.50,32.64,1006.22,7.360,0.770,5.667,-0.336,-0.112,0.000,-2.715,-1.559,9.379,-28.688,76.250,70.188,000000,80.00,37.560000,126.930000,0,1720.0,ST;12:34:56,350.562,16.109,90.204,0.000000,0.000000,0.000000,0.000000,0.000000,0.000000,0.00,0.00,1266,1833,60.0000"
2026-05-08T04:58:26.010,1070,12:35:28,331,F,0,58.53,32.65,1006.21,7.360,0.770,5.667,-0.336,-0.112,0.000,-2.715,-1.559,9.379,-28.688,76.250,70.188,000000,80.00,37.560000,126.930000,0,1720.0,ST;12:34:56,350.562,16.109,90.204,0.000000,0.000000,0.000000,0.000000,0.000000,0.000000,0.00,0.00,1266,1833,60.0000,"$1070,12:35:28,331,F,0,58.53,32.65,1006.21,7.360,0.770,5.667,-0.336,-0.112,0.000,-2.715,-1.559,9.379,-28.688,76.250,70.188,000000,80.00,37.560000,126.930000,0,1720.0,ST;12:34:56,350.562,16.109,90.204,0.000000,0.000000,0.000000,0.000000,0.000000,0.000000,0.00,0.00,1266,1833,60.0000"
2026-05-08T04:58:26.420,1070,12:35:29,332,F,0,58.53,32.65,1006.23,7.370,0.790,5.822,-0.336,-0.112,0.000,-2.715,-1.559,9.379,-28.688,76.250,70.188,000000,80.00,37.560000,126.930000,0,1730.0,ST;12:34:56,350.562,16.109,90.204,0.000000,0.000000,0.000000,0.000000,0.000000,0.000000,0.00,0.00,1266,1833,60.0000,"$1070,12:35:29,332,F,0,58.53,32.65,1006.23,7.370,0.790,5.822,-0.336,-0.112,0.000,-2.715,-1.559,9.379,-28.688,76.250,70.188,000000,80.00,37.560000,126.930000,0,1730.0,ST;12:34:56,350.562,16.109,90.204,0.000000,0.000000,0.000000,0.000000,0.000000,0.000000,0.00,0.00,1266,1833,60.0000"
2026-05-08T04:58:27.277,1070,12:35:30,333,F,0,58.55,32.66,1006.24,7.370,0.790,5.822,-0.336,-0.112,0.000,-2.715,-1.559,9.379,-28.688,76.250,70.188,000000,80.00,37.560000,126.930000,0,1730.0,ST;12:34:56,350.562,16.109,90.204,0.000000,0.000000,0.000000,0.000000,0.000000,0.000000,0.00,0.00,1266,1833,60.0000,"$1070,12:35:30,333,F,0,58.55,32.66,1006.24,7.370,0.790,5.822,-0.336,-0.112,0.000,-2.715,-1.559,9.379,-28.688,76.250,70.188,000000,80.00,37.560000,126.930000,0,1730.0,ST;12:34:56,350.562,16.109,90.204,0.000000,0.000000,0.000000,0.000000,0.000000,0.000000,0.00,0.00,1266,1833,60.0000"
2026-05-08T04:58:27.663,1070,12:35:31,334,F,0,58.64,32.66,1006.25,7.360,0.770,5.667,-0.336,-0.112,0.000,-2.715,-1.559,9.379,-28.688,76.250,70.188,000000,80.00,37.560000,126.930000,0,1720.0,ST;12:34:56,350.562,16.109,90.204,0.000000,0.000000,0.000000,0.000000,0.000000,0.000000,0.00,0.00,1266,1833,60.0000,"$1070,12:35:31,334,F,0,58.64,32.66,1006.25,7.360,0.770,5.667,-0.336,-0.112,0.000,-2.715,-1.559,9.379,-28.688,76.250,70.188,000000,80.00,37.560000,126.930000,0,1720.0,ST;12:34:56,350.562,16.109,90.204,0.000000,0.000000,0.000000,0.000000,0.000000,0.000000,0.00,0.00,1266,1833,60.0000"
2026-05-08T04:58:29.738,1070,04:58:25,335,F,0,58.53,32.66,1006.25,7.360,0.770,5.667,-0.336,-0.112,0.000,-2.715,-1.559,9.379,-28.688,76.250,70.188,000000,80.00,37.560000,126.930000,0,1720.0,ST;GPS,350.562,16.109,90.204,0.000000,0.000000,0.000000,0.000000,0.000000,0.000000,0.00,0.00,1266,1833,60.0000,"$1070,04:58:25,335,F,0,58.53,32.66,1006.25,7.360,0.770,5.667,-0.336,-0.112,0.000,-2.715,-1.559,9.379,-28.688,76.250,70.188,000000,80.00,37.560000,126.930000,0,1720.0,ST;GPS,350.562,16.109,90.204,0.000000,0.000000,0.000000,0.000000,0.000000,0.000000,0.00,0.00,1266,1833,60.0000"
2026-05-08T04:58:34.066,1070,04:58:26,336,F,0,58.53,32.66,1006.24,7.370,0.790,5.822,-0.336,-0.112,0.000,-2.715,-1.559,9.379,-28.688,76.250,70.188,000000,80.00,37.560000,126.930000,0,1720.0,ST;GPS,350.562,16.109,90.204,0.000000,0.000000,0.000000,0.000000,0.000000,0.000000,0.00,0.00,1266,1833,60.0000,"$1070,04:58:26,336,F,0,58.53,32.66,1006.24,7.370,0.790,5.822,-0.336,-0.112,0.000,-2.715,-1.559,9.379,-28.688,76.250,70.188,000000,80.00,37.560000,126.930000,0,1720.0,ST;GPS,350.562,16.109,90.204,0.000000,0.000000,0.000000,0.000000,0.000000,0.000000,0.00,0.00,1266,1833,60.0000"
2026-05-08T04:58:34.479,1070,04:58:27,337,F,0,58.55,32.67,1006.26,7.370,0.790,5.822,-0.336,-0.112,0.000,-2.715,-1.559,9.379,-28.688,76.250,70.188,000000,80.00,37.560000,126.930000,0,1710.0,ST;GPS,350.562,16.109,90.204,0.000000,0.000000,0.000000,0.000000,0.000000,0.000000,0.00,0.00,1266,1833,60.0000,"$1070,04:58:27,337,F,0,58.55,32.67,1006.26,7.370,0.790,5.822,-0.336,-0.112,0.000,-2.715,-1.559,9.379,-28.688,76.250,70.188,000000,80.00,37.560000,126.930000,0,1710.0,ST;GPS,350.562,16.109,90.204,0.000000,0.000000,0.000000,0.000000,0.000000,0.000000,0.00,0.00,1266,1833,60.0000"
2026-05-08T04:58:35.921,1070,04:58:28,338,F,0,58.58,32.67,1006.24,7.360,0.770,5.667,-0.336,-0.112,0.000,-2.715,-1.559,9.379,-28.688,76.250,70.188,000000,80.00,37.560000,126.930000,0,1730.0,ST;GPS,350.562,16.109,90.204,0.000000,0.000000,0.000000,0.000000,0.000000,0.000000,0.00,0.00,1266,1833,60.0000,"$1070,04:58:28,338,F,0,58.58,32.67,1006.24,7.360,0.770,5.667,-0.336,-0.112,0.000,-2.715,-1.559,9.379,-28.688,76.250,70.188,000000,80.00,37.560000,126.930000,0,1730.0,ST;GPS,350.562,16.109,90.204,0.000000,0.000000,0.000000,0.000000,0.000000,0.000000,0.00,0.00,1266,1833,60.0000"
2026-05-08T04:58:38.376,1070,04:58:29,339,F,0,58.46,32.67,1006.27,7.360,0.770,5.667,-0.336,-0.112,0.000,-2.715,-1.559,9.379,-28.688,76.250,70.188,000000,80.00,37.560000,126.930000,0,1730.0,ST;GPS,350.562,16.109,90.204,0.000000,0.000000,0.000000,0.000000,0.000000,0.000000,0.00,0.00,1266,1833,60.0000,"$1070,04:58:29,339,F,0,58.46,32.67,1006.27,7.360,0.770,5.667,-0.336,-0.112,0.000,-2.715,-1.559,9.379,-28.688,76.250,70.188,000000,80.00,37.560000,126.930000,0,1730.0,ST;GPS,350.562,16.109,90.204,0.000000,0.000000,0.000000,0.000000,0.000000,0.000000,0.00,0.00,1266,1833,60.0000"
2026-05-08T04:58:42.485,1070,04:58:30,340,F,0,58.26,32.67,1006.27,7.370,0.790,5.822,-0.336,-0.112,0.000,-2.715,-1.559,9.379,-28.688,76.250,70.188,000000,80.00,37.560000,126.930000,0,1730.0,ST;GPS,350.562,16.109,90.204,0.000000,0.000000,0.000000,0.000000,0.000000,0.000000,0.00,0.00,1266,1833,60.0000,"$1070,04:58:30,340,F,0,58.26,32.67,1006.27,7.370,0.790,5.822,-0.336,-0.112,0.000,-2.715,-1.559,9.379,-28.688,76.250,70.188,000000,80.00,37.560000,126.930000,0,1730.0,ST;GPS,350.562,16.109,90.204,0.000000,0.000000,0.000000,0.000000,0.000000,0.000000,0.00,0.00,1266,1833,60.0000"
2026-05-08T04:58:43.073,1070,04:58:31,341,F,0,58.17,32.68,1006.21,7.370,0.790,5.822,-0.336,-0.112,0.000,-2.715,-1.559,9.379,-28.6$1070,04:58:33,343,F,0,58.49,32.68,1006.27,7.360,0.770,5.667,-0.336,-0.112,0.000,-2.715,-1.559,9.379,-28.688,76.250,70.188,000000,80.00,37.560000,126.930000,"$1070,04:58:31,341,F,0,58.17,32.68,1006.21,7.370,0.790,5.822,-0.336,-0.112,0.000,-2.715,-1.559,9.379,-28.6$1070,04:58:33,343,F,0,58.49,32.68,1006.27,7.360,0.770,5.667,-0.336,-0.112,0.000,-2.715,-1.559,9.379,-28.688,76.250,70.188,000000,80.00,37.560000,126.930000,0,1720.0,ST;GPS,350.562,16.109,90.204,0.000000,0.000000,0.000000,0.000000,0.000000,0.000000,0.00,0.00,1266,1833,60.0000"
2026-05-08T04:58:47.931,1070,04:58:34,344,F,0,58.37,32.68,1006.23,7.370,0.790,5.822,-0.336,-0.112,0.000,-2.715,-1.559,9.379,-28.688,76.250,70.188,000000,80.00,37.560000,126.930000,0,1720.0,ST;GPS,350.562,16.109,90.204,0.000000,0.000000,0.000000,0.000000,0.000000,0.000000,0.00,0.00,1266,1833,60.0000,"$1070,04:58:34,344,F,0,58.37,32.68,1006.23,7.370,0.790,5.822,-0.336,-0.112,0.000,-2.715,-1.559,9.379,-28.688,76.250,70.188,000000,80.00,37.560000,126.930000,0,1720.0,ST;GPS,350.562,16.109,90.204,0.000000,0.000000,0.000000,0.000000,0.000000,0.000000,0.00,0.00,1266,1833,60.0000"
2026-05-08T04:58:49.976,1070,04:58:35,345,F,0,58.49,32.68,1006.23,7.370,0.790,5.822,-0.336,-0.112,0.000,-2.715,-1.559,9.379,-28.688,76.250,70.188,000000,80.00,37.560000,126.930000,0,1720.0,ST;GPS,350.562,16.109,90.204,0.000000,0.000000,0.000000,0.000000,0.000000,0.000000,0.00,0.00,1266,1833,60.0000,"$1070,04:58:35,345,F,0,58.49,32.68,1006.23,7.370,0.790,5.822,-0.336,-0.112,0.000,-2.715,-1.559,9.379,-28.688,76.250,70.188,000000,80.00,37.560000,126.930000,0,1720.0,ST;GPS,350.562,16.109,90.204,0.000000,0.000000,0.000000,0.000000,0.000000,0.000000,0.00,0.00,1266,1833,60.0000"
2026-05-08T04:58:51.583,1070,04:58:36,346,F,0,58.37,32.68,1006.24,7.360,0.770,5.667,-0.336,-0.112,0.000,-2.715,-1.559,9.379,-28.6-28.688,76.250,70.188,000000,80.00,37.560000,126.930000,0,1720.0,ST;GPS,350.562,16.109,90.204,0.000000,0.000000,0.000000,0.000000,0.000000,0.000000,0.00,0.00,1266,1833,60.0000,"$1070,04:58:36,346,F,0,58.37,32.68,1006.24,7.360,0.770,5.667,-0.336,-0.112,0.000,-2.715,-1.559,9.379,-28.6-28.688,76.250,70.188,000000,80.00,37.560000,126.930000,0,1720.0,ST;GPS,350.562,16.109,90.204,0.000000,0.000000,0.000000,0.000000,0.000000,0.000000,0.00,0.00,1266,1833,60.0000"
2026-05-08T04:58:51.814,1070,04:58:38,348,F,0,58.58,32.68,1006.22,7.370,0.790,5.822,-0.336,-0.112,0.000,-2.715,-1.559,9.379,-28.688,76.250,70.188,000000,80.00,37.560000,126.930000,0,1730.0,ST;GPS,350.562,16.109,90.204,0.000000,0.000000,0.000000,0.000000,0.000000,0.000000,0.00,0.00,1266,1833,60.0000,"$1070,04:58:38,348,F,0,58.58,32.68,1006.22,7.370,0.790,5.822,-0.336,-0.112,0.000,-2.715,-1.559,9.379,-28.688,76.250,70.188,000000,80.00,37.560000,126.930000,0,1730.0,ST;GPS,350.562,16.109,90.204,0.000000,0.000000,0.000000,0.000000,0.000000,0.000000,0.00,0.00,1266,1833,60.0000"
2026-05-08T04:58:52.421,1070,04:58:42,352,F,0,58.51,32.69,1006.24,7.370,0.790,5.822,-0.336,-0.112,0.000,-2.715,-1.559,9.379,-28.688,76.250,70.188,000000,80.00,37.560000,126.930000,0,1730.0,ST;GPS,350.562,16.109,90.204,0.000000,0.000000,0.000000,0.000000,0.000000,0.000000,0.00,0.00,1266,1833,60.0000,"$1070,04:58:42,352,F,0,58.51,32.69,1006.24,7.370,0.790,5.822,-0.336,-0.112,0.000,-2.715,-1.559,9.379,-28.688,76.250,70.188,000000,80.00,37.560000,126.930000,0,1730.0,ST;GPS,350.562,16.109,90.204,0.000000,0.000000,0.000000,0.000000,0.000000,0.000000,0.00,0.00,1266,1833,60.0000"
2026-05-08T04:58:53.230,1070,04:58:44,353,F,0,58.83,32.69,1006.24,7.370,0.790,5.822,-0.336,-0.112,0.000,-2.715,-1.559,9.379,-28.688,76.250,70.188,000000,80.00,37.560000,126.930000,0,1730.0,ST;GPS,350.562,16.109,90.204,0.000000,0.000000,0.000000,0.000000,0.000000,0.000000,0.00,0.00,1266,1833,60.0000,"$1070,04:58:44,353,F,0,58.83,32.69,1006.24,7.370,0.790,5.822,-0.336,-0.112,0.000,-2.715,-1.559,9.379,-28.688,76.250,70.188,000000,80.00,37.560000,126.930000,0,1730.0,ST;GPS,350.562,16.109,90.204,0.000000,0.000000,0.000000,0.000000,0.000000,0.000000,0.00,0.00,1266,1833,60.0000"
2026-05-08T04:58:54.866,1070,04:58:45,354,F,0,58.24,32.70,1006.26,7.360,0.770,5.667,-0.336,-0.112,0.000,-2.715,-1.559,9.379,-28.6$1070,04:58:48,357,F,0,58.24,32.70,1006.21,7.370,0.790,5.822,-0.336,-0.112,0.000,-2.715,-1.559,9.379,-28.688,76.250,70.188,000000,80.00,37.560000,126.930000,"$1070,04:58:45,354,F,0,58.24,32.70,1006.26,7.360,0.770,5.667,-0.336,-0.112,0.000,-2.715,-1.559,9.379,-28.6$1070,04:58:48,357,F,0,58.24,32.70,1006.21,7.370,0.790,5.822,-0.336,-0.112,0.000,-2.715,-1.559,9.379,-28.688,76.250,70.188,000000,80.00,37.560000,126.930000,0,1730.0,ST;GPS,350.562,16.109,90.204,0.000000,0.000000,0.000000,0.000000,0.000000,0.000000,0.00,0.00,1266,1833,60.0000"
2026-05-08T04:58:55.036,1070,04:58:49,358,F,0,58.65,32.71,1006.24,7.360,0.770,5.667,-0.336,-0.112,0.000,-2.715,-1.559,9.379,-28.688,76.250,70.188,000000,80.00,37.560000,126.930000,0,1720.0,ST;GPS,350.562,16.109,90.204,0.000000,0.000000,0.000000,0.000000,0.000000,0.000000,0.00,0.00,1266,1833,60.0000,"$1070,04:58:49,358,F,0,58.65,32.71,1006.24,7.360,0.770,5.667,-0.336,-0.112,0.000,-2.715,-1.559,9.379,-28.688,76.250,70.188,000000,80.00,37.560000,126.930000,0,1720.0,ST;GPS,350.562,16.109,90.204,0.000000,0.000000,0.000000,0.000000,0.000000,0.000000,0.00,0.00,1266,1833,60.0000"
2026-05-08T04:58:57.498,1070,04:58:50,359,F,0,58.86,32.70,1006.24,7.360,0.770,5.667,-0.336,-0.112,0.000,-2.715,-1.559,9.379,-28.688,76.250,70.188,000000,80.00,37.560000,126.930000,0,1730.0,ST;GPS,350.562,16.109,90.204,0.000000,0.000000,0.000000,0.000000,0.000000,0.000000,0.00,0.00,1266,1833,60.0000,"$1070,04:58:50,359,F,0,58.86,32.70,1006.24,7.360,0.770,5.667,-0.336,-0.112,0.000,-2.715,-1.559,9.379,-28.688,76.250,70.188,000000,80.00,37.560000,126.930000,0,1730.0,ST;GPS,350.562,16.109,90.204,0.000000,0.000000,0.000000,0.000000,0.000000,0.000000,0.00,0.00,1266,1833,60.0000"
2026-05-08T04:58:58.706,1070,04:58:51,360,F,0,58.27,32.72,1006.23,7.370,0.790,5.822,-0.$1070,04:58:52,361,F,0,58.52,32.73,1006.23,7.370,0.790,5.822,-0.336,-0.112,0.000,-2.715,-1.559,9.379,-28.688,76.250,70.188,000000,80.00,37.560000,126.930000,0,1720.0,ST;GPS,350.562,16.109,90.204,"$1070,04:58:51,360,F,0,58.27,32.72,1006.23,7.370,0.790,5.822,-0.$1070,04:58:52,361,F,0,58.52,32.73,1006.23,7.370,0.790,5.822,-0.336,-0.112,0.000,-2.715,-1.559,9.379,-28.688,76.250,70.188,000000,80.00,37.560000,126.930000,0,1720.0,ST;GPS,350.562,16.109,90.204,0.000000,0.000000,0.000000,0.000000,0.000000,0.000000,0.00,0.00,1266,1833,60.0000"
2026-05-08T04:58:59.104,1070,04:58:53,362,F,0,58.82,32.72,1006.25,7.360,0.770,5.667,-0.336,-0.112,0.000,-2.715,-1.559,9.379,-28.688,76.250,70.188,000000,80.00,37.560000,126.930000,0,1730.0,ST;GPS,350.562,16.109,90.204,0.000000,0.000000,0.000000,0.000000,0.000000,0.000000,0.00,0.00,1266,1833,60.0000,"$1070,04:58:53,362,F,0,58.82,32.72,1006.25,7.360,0.770,5.667,-0.336,-0.112,0.000,-2.715,-1.559,9.379,-28.688,76.250,70.188,000000,80.00,37.560000,126.930000,0,1730.0,ST;GPS,350.562,16.109,90.204,0.000000,0.000000,0.000000,0.000000,0.000000,0.000000,0.00,0.00,1266,1833,60.0000"
2026-05-08T04:58:59.714,1070,04:58:54,363,F,0,58.52,32.73,1006.25,7.360,0.770,5.667,-0.336,-0.112,0.000,-2.715,-1.559,9.379,-28.688,76.250,70.188,000000,80.00,37.560000,126.930000,0,1730.0,ST;GPS,350.562,16.109,90.204,0.000000,0.000000,0.000000,0.000000,0.000000,0.000000,0.00,0.00,1266,1833,60.0000,"$1070,04:58:54,363,F,0,58.52,32.73,1006.25,7.360,0.770,5.667,-0.336,-0.112,0.000,-2.715,-1.559,9.379,-28.688,76.250,70.188,000000,80.00,37.560000,126.930000,0,1730.0,ST;GPS,350.562,16.109,90.204,0.000000,0.000000,0.000000,0.000000,0.000000,0.000000,0.00,0.00,1266,1833,60.0000"
2026-05-08T04:59:02.356,1070,04:58:55,364,F,0,58.93,32.73,1006.22,7.370,0.790,5.822,-0.336,-0.112,0.000,-2.715,-1.559,9.379,-28.688,76.250,70.188,000000,80.00,37.560000,126.930000,0,1730.0,ST;GPS,350.562,16.109,90.204,0.000000,0.000000,0.000000,0.000000,0.000000,0.000000,0.00,0.00,1266,1833,60.0000,"$1070,04:58:55,364,F,0,58.93,32.73,1006.22,7.370,0.790,5.822,-0.336,-0.112,0.000,-2.715,-1.559,9.379,-28.688,76.250,70.188,000000,80.00,37.560000,126.930000,0,1730.0,ST;GPS,350.562,16.109,90.204,0.000000,0.000000,0.000000,0.000000,0.000000,0.000000,0.00,0.00,1266,1833,60.0000"
2026-05-08T04:59:02.559,1070,04:58:56,365,F,0,58.32,32.73,1006.18,7.370,0.790,5.822,-0.336,-0.112,0.000,-2.715,-1.559,9.379,-28.688,76.250,70.188,000000,80.00,37.560000,126.930000,0,1740.0,ST;GPS,350.562,16.109,90.204,0.000000,0.000000,0.000000,0.000000,0.000000,0.000000,0.00,0.00,1266,1833,60.0000,"$1070,04:58:56,365,F,0,58.32,32.73,1006.18,7.370,0.790,5.822,-0.336,-0.112,0.000,-2.715,-1.559,9.379,-28.688,76.250,70.188,000000,80.00,37.560000,126.930000,0,1740.0,ST;GPS,350.562,16.109,90.204,0.000000,0.000000,0.000000,0.000000,0.000000,0.000000,0.00,0.00,1266,1833,60.0000"
2026-05-08T04:59:02.783,1070,04:58:57,366,F,0,58.70,32.72,1006.24,7.360,0.770,5.667,-0.336,-0.112,0.000,-2.7.0,ST;GPS,350.562,16.109,90.204,0.000000,0.000000,0.000000,0.000000,0.000000,0.000000,0.00,0.00,1266,1833,60.0000,,,,,,,,,,,,"$1070,04:58:57,366,F,0,58.70,32.72,1006.24,7.360,0.770,5.667,-0.336,-0.112,0.000,-2.7.0,ST;GPS,350.562,16.109,90.204,0.000000,0.000000,0.000000,0.000000,0.000000,0.000000,0.00,0.00,1266,1833,60.0000"
2026-05-08T04:59:11.497,1070,04:58:59,368,F,0,58.43,32.73,1006.21,7.370,0.790,5.822,-0.336,-0.112,0.000,-2.715,-1.559,9.379,-28.688,76.250,70.188,000000,80.00,37.560000,126.930000,0,1720.0,ST;GPS,350.562,16.109,90.204,0.000000,0.000000,0.000000,0.000000,0.000000,0.000000,0.00,0.00,1266,1833,60.0000,"$1070,04:58:59,368,F,0,58.43,32.73,1006.21,7.370,0.790,5.822,-0.336,-0.112,0.000,-2.715,-1.559,9.379,-28.688,76.250,70.188,000000,80.00,37.560000,126.930000,0,1720.0,ST;GPS,350.562,16.109,90.204,0.000000,0.000000,0.000000,0.000000,0.000000,0.000000,0.00,0.00,1266,1833,60.0000"
2026-05-08T04:59:14.519,1070,04:59:00,369,F,0,58.52,32.74,1006.23,7.370,0.790,5.822,-0.336,-0.112,0.000,-2.715,-1.559,9.379,-28.688,76.250,70.188,000000,80.00,37.560000,126.930000,0,1730.0,ST;GPS,350.562,16.109,90.204,0.000000,0.000000,0.000000,0.000000,0.000000,0.000000,0.00,0.00,1266,1833,60.0000,"$1070,04:59:00,369,F,0,58.52,32.74,1006.23,7.370,0.790,5.822,-0.336,-0.112,0.000,-2.715,-1.559,9.379,-28.688,76.250,70.188,000000,80.00,37.560000,126.930000,0,1730.0,ST;GPS,350.562,16.109,90.204,0.000000,0.000000,0.000000,0.000000,0.000000,0.000000,0.00,0.00,1266,1833,60.0000"
2026-05-08T04:59:15.154,1070,04:59:01,370,A,0,58.64,32.73,1006.26,7.360,0.770,5.667,-0.336,-0.112,0.000,-2.715,-1.559,9.379,-28.688,76.250,70.188,000000,80.00,37.560000,126.930000,0,1720.0,SIM;ENABLE,350.562,16.109,90.204,0.000000,0.000000,0.000000,0.000000,0.000000,0.000000,0.00,0.00,1266,1833,60.0000,"$1070,04:59:01,370,A,0,58.64,32.73,1006.26,7.360,0.770,5.667,-0.336,-0.112,0.000,-2.715,-1.559,9.379,-28.688,76.250,70.188,000000,80.00,37.560000,126.930000,0,1720.0,SIM;ENABLE,350.562,16.109,90.204,0.000000,0.000000,0.000000,0.000000,0.000000,0.000000,0.00,0.00,1266,1833,60.0000"
2026-05-08T04:59:19.254,1070,04:59:02,371,A,0,58.64,32.74,1006.24,7.360,0.770,5.667,-0.336,-0.112,0.000,-2.715,-1.559,9.379,-28.688,76.250,70.188,000000,80.00,37.560000,126.930000,0,1720.0,SIM;ENABLE,350.562,16.109,90.204,0.000000,0.000000,0.000000,0.000000,0.000000,0.000000,0.00,0.00,1266,1833,60.0000,"$1070,04:59:02,371,A,0,58.64,32.74,1006.24,7.360,0.770,5.667,-0.336,-0.112,0.000,-2.715,-1.559,9.379,-28.688,76.250,70.188,000000,80.00,37.560000,126.930000,0,1720.0,SIM;ENABLE,350.562,16.109,90.204,0.000000,0.000000,0.000000,0.000000,0.000000,0.000000,0.00,0.00,1266,1833,60.0000"
2026-05-08T04:59:24.608,1070,04:59:03,372,A,0,58.46,32.74,1006.29,7.370,0.790,5.822,-0.336,-0.112,0.000,-2.715,-1.559,9.379,-28.688,76.250,70.188,000000,80.00,37.560000,126.930000,0,1730.0,SIM;ENABLE,350.562,16.109,90.204,0.000000,0.000000,0.000000,0.000,80.00,37.560000,126.930000,0,1720.0,SIM;ENABLE,350.562,"$1070,04:59:03,372,A,0,58.46,32.74,1006.29,7.370,0.790,5.822,-0.336,-0.112,0.000,-2.715,-1.559,9.379,-28.688,76.250,70.188,000000,80.00,37.560000,126.930000,0,1730.0,SIM;ENABLE,350.562,16.109,90.204,0.000000,0.000000,0.000000,0.000,80.00,37.560000,126.930000,0,1720.0,SIM;ENABLE,350.562,16.109,90.204,0.000000,0.000000,0.000000,0.000000,0.000000,0.000000,0.0$1070,04:59:11,380,S,0,58.75,32.75,1006.24,7.370,0.790,5.822,-0.336,-0.112,0.000,-2.715,-1.559,9.379,-28.688,76.250,70.188,000000,80.00,37.560000,126.930000,0,1730.0,SIM;ACTIVATE,350.562,16.109,90.204,0.000000,0.000000,0.000000,0.000000,0.000000,0.000000,0.00,0.00,1266,1833,60.0000"
2026-05-08T04:59:25.036,1070,04:59:12,381,S,0,58.69,32.75,1006.23,7.370,0.790,5.822,-0.336,-0.112,0.000,-2.715,-1.559,9.379$1070,04:59:14,383,S,0,58.57,32.76,1006.22,7.360,0.770,5.667,-0.336,-0.112,0.000,-2.715,-1.559,9.379,-28.688,76.250,70.188,000000,80.00,37.560000,126.930000,0,"$1070,04:59:12,381,S,0,58.69,32.75,1006.23,7.370,0.790,5.822,-0.336,-0.112,0.000,-2.715,-1.559,9.379$1070,04:59:14,383,S,0,58.57,32.76,1006.22,7.360,0.770,5.667,-0.336,-0.112,0.000,-2.715,-1.559,9.379,-28.688,76.250,70.188,000000,80.00,37.560000,126.930000,0,1720.0,SIM;ACTIVATE,350.562,16.109,90.204,0.000000,0.000000,0.000000,0.000000,0.000000,0.000000,0.00,0.00,1266,1833,60.0000"
2026-05-08T04:59:26.480,1070,04:59:15,384,S,0,58.60,32.75,1006.21,7.370,0.790,5.822,-0.336,-0.112,0.000,-2.715,-1.559,9.379,-28.688,76.250,70.188,000000,80.00,37.560000,126.930000,0,1730.0,SIM;ACTIVATE,350.562,16.109,90.204,0.000000,0.000000,0.000000,0.000000,0.000000,0.000000,0.00,0.00,1266,1833,60.0000,"$1070,04:59:15,384,S,0,58.60,32.75,1006.21,7.370,0.790,5.822,-0.336,-0.112,0.000,-2.715,-1.559,9.379,-28.688,76.250,70.188,000000,80.00,37.560000,126.930000,0,1730.0,SIM;ACTIVATE,350.562,16.109,90.204,0.000000,0.000000,0.000000,0.000000,0.000000,0.000000,0.00,0.00,1266,1833,60.0000"
2026-05-08T04:59:27.700,1070,04:59:16,385,S,0,58.60,32.75,1006.26,7.370,0.790,5.822,-0.336,-0.112,0.000,-2.715,-1.559,9.379,-28.688,76.250,70.188,000000,80.00,37.560000,126.930000,0,1720.0,SIM;ACTIVATE,350.562,16.109,90.204,0.000000,0.000000,0.000000,0.000000,0.000000,0.000000,0.00,0.00,1266,1833,60.0000,"$1070,04:59:16,385,S,0,58.60,32.75,1006.26,7.370,0.790,5.822,-0.336,-0.112,0.000,-2.715,-1.559,9.379,-28.688,76.250,70.188,000000,80.00,37.560000,126.930000,0,1720.0,SIM;ACTIVATE,350.562,16.109,90.204,0.000000,0.000000,0.000000,0.000000,0.000000,0.000000,0.00,0.00,1266,1833,60.0000"
2026-05-08T04:59:28.333,1070,04:59:17,386,S,0,58.37,32.75,1006.25,7.360,0.770,5.667,-0.336,-0.112,0.000,-2.715,-1.559,9.379$1070,04:59:19,388,S,0,58.51,32.75,1006.26,7.370,0.790,5.822,-0.336,-0.112,0.000,-2.715,-1.559,9.379,-28.688,76.250,70.188,000000,80.00,37.560000,126.930000,0,"$1070,04:59:17,386,S,0,58.37,32.75,1006.25,7.360,0.770,5.667,-0.336,-0.112,0.000,-2.715,-1.559,9.379$1070,04:59:19,388,S,0,58.51,32.75,1006.26,7.370,0.790,5.822,-0.336,-0.112,0.000,-2.715,-1.559,9.379,-28.688,76.250,70.188,000000,80.00,37.560000,126.930000,0,1730.0,SIM;ACTIVATE,350.562,16.109,90.204,0.000000,0.000000,0.000000,0.000000,0.000000,0.000000,0-0.112,0.000,-2.715,-1.559,9.379,-28.688,76.250,70.188,000000,80.00,37.560000,126.930000,0,1720.0,SIM;ACTIVATE,350.562,16.109,90.204,0.000000,0.000000,0.000000,0.000000,0.000000,0.000000,0.00,0.00,1266,1833,60.0000"
2026-05-08T04:59:31.014,1070,04:59:24,393,S,0,58.74,32.77,1006.24,7.360,0.770,5.667,-0.336,-0.112,0.000,-2.715,-1.559,9.379,-28.688,76.250,70.188,000000,80.00,37.560000,126.930000,0,1740.0,SIM;ACTIVATE,350.562,16.109,90.204,0.000000,0.000000,0.000000,0.000000,0.000000,0.000000,0.00,0.00,1266,1833,60.0000,"$1070,04:59:24,393,S,0,58.74,32.77,1006.24,7.360,0.770,5.667,-0.336,-0.112,0.000,-2.715,-1.559,9.379,-28.688,76.250,70.188,000000,80.00,37.560000,126.930000,0,1740.0,SIM;ACTIVATE,350.562,16.109,90.204,0.000000,0.000000,0.000000,0.000000,0.000000,0.000000,0.00,0.00,1266,1833,60.0000"
2026-05-08T04:59:32.031,1070,04:59:25,394,S,0,58.56,32.77,1006.22,7.360,0.770,5.667,-0.336,-0.112,0.000,-2.715,-1.559,9.379,-28.688,76.250,70.188,000000,80.00,37.560000,126.930000,0,1730.0,SIM;ACTIVATE,350.562,16.109,90.204,0.000000,0.000000,0.000000,0.000000,0.000000,0.000000,0.00,0.00,1266,1833,60.0000,"$1070,04:59:25,394,S,0,58.56,32.77,1006.22,7.360,0.770,5.667,-0.336,-0.112,0.000,-2.715,-1.559,9.379,-28.688,76.250,70.188,000000,80.00,37.560000,126.930000,0,1730.0,SIM;ACTIVATE,350.562,16.109,90.204,0.000000,0.000000,0.000000,0.000000,0.000000,0.000000,0.00,0.00,1266,1833,60.0000"
2026-05-08T04:59:32.442,1070,04:59:26,395,S,0,58.63,32.77,1006.26,7.370,0.790,5.822,-0.336,-0.112,0.000,-2.715,-1.559,9.379,-28.688,76.250,70.188,000000,80.00,37.560000,126.930000,0,1720.0,SIM;ACTIVATE,350.562,16.109,90.204,0.000000,0.000000,0.000000,0.000000,0.000000,0.000000,0.00,0.00,1266,1833,60.0000,"$1070,04:59:26,395,S,0,58.63,32.77,1006.26,7.370,0.790,5.822,-0.336,-0.112,0.000,-2.715,-1.559,9.379,-28.688,76.250,70.188,000000,80.00,37.560000,126.930000,0,1720.0,SIM;ACTIVATE,350.562,16.109,90.204,0.000000,0.000000,0.000000,0.000000,0.000000,0.000000,0.00,0.00,1266,1833,60.0000"
2026-05-08T04:59:32.853,1070,04:59:27,396,S,0,58.45,32.77,1006.19,7.370,0.790,5.822,-0.336,-0.112,0.000,-2.715,-1.559,9.379,-28.688,76.250,70.188,000000,80.00,37.560000,126.930000,0,1730.0,SIM;ACTIVATE,350.562,16.109,90.204,0.000000,0.000000,0.000000,0.000000,0.000000,0.000000,0.00,0.00,1266,1833,60.0000,"$1070,04:59:27,396,S,0,58.45,32.77,1006.19,7.370,0.790,5.822,-0.336,-0.112,0.000,-2.715,-1.559,9.379,-28.688,76.250,70.188,000000,80.00,37.560000,126.930000,0,1730.0,SIM;ACTIVATE,350.562,16.109,90.204,0.000000,0.000000,0.000000,0.000000,0.000000,0.000000,0.00,0.00,1266,1833,60.0000"
2026-05-08T04:59:34.087,1070,04:59:28,397,S,0,58.68,32.77,1006.25,7.360,0.770,5.667,-0.336,-0.112,0.000,-2.715,-1.559,9.379,-28.688,76.250,70.188,000000,80.00,37.560000,126.930000,0,1710.0,SIM;ACTIVATE,350.562,16.109,90.204,0.000000,0.000000,0.000000,0.000000,0.000000,0.000000,0.00,0.00,1266,1833,60.0000,"$1070,04:59:28,397,S,0,58.68,32.77,1006.25,7.360,0.770,5.667,-0.336,-0.112,0.000,-2.715,-1.559,9.379,-28.688,76.250,70.188,000000,80.00,37.560000,126.930000,0,1710.0,SIM;ACTIVATE,350.562,16.109,90.204,0.000000,0.000000,0.000000,0.000000,0.000000,0.000000,0.00,0.00,1266,1833,60.0000"
2026-05-08T04:59:34.908,1070,04:59:29,398,S,0,58.56,32.78,1006.21,7.360,0.770,5.667,-0.336,-0.112,0.000,-2.715,-1.559,9.379$1070,04:59:30,399,S,0,58.59,32.79,1006.25,7.370,0.790,5.822,-0.336,-0.112,0.000,-2.715,-1.559,9.379,-28.688,76.250,70.188,000000,80.00,37.560000,126.930000,0,"$1070,04:59:29,398,S,0,58.56,32.78,1006.21,7.360,0.770,5.667,-0.336,-0.112,0.000,-2.715,-1.559,9.379$1070,04:59:30,399,S,0,58.59,32.79,1006.25,7.370,0.790,5.822,-0.336,-0.112,0.000,-2.715,-1.559,9.379,-28.688,76.250,70.188,000000,80.00,37.560000,126.930000,0,1730.0,SIM;ACTIVATE,350.562,16.109,90.204,0.000000,0.000000,0.000000,0.000000,0.000000,0.000000,0$1070,04:59:31,400,S,0,58.41,32.79,1006.23,7.370,0.790,5.822,-0.336,-0.112,0.000,-2.715,-1.559,9.379,-28.688,76.250,70.188,000000,80.00,37.560000,126.930000,0,1720.0,SIM;ACTIVATE,350.562,16.109,90.204,0.000000,0.000000,0.000000,0.000000,0.000000,0.000000,0.00,0.00,1266,1833,60.0000"
2026-05-08T04:59:39.204,1070,04:59:33,402,S,0,58.41,32.79,1006.23,7.360,0.770,5.667,-0.336,-0.112,0.000,-2.715,-1.559,9.379,-28.688,76.250,70.188,000000,80.00,37.560000,126.930000,0,1730.0,SIM;ACTIVATE,350.562,16.109,90.204,0.000000,0.000000,0.000000,0.000000,0.000000,0.000000,0.00,0.00,1266,1833,60.0000,"$1070,04:59:33,402,S,0,58.41,32.79,1006.23,7.360,0.770,5.667,-0.336,-0.112,0.000,-2.715,-1.559,9.379,-28.688,76.250,70.188,000000,80.00,37.560000,126.930000,0,1730.0,SIM;ACTIVATE,350.562,16.109,90.204,0.000000,0.000000,0.000000,0.000000,0.000000,0.000000,0.00,0.00,1266,1833,60.0000"
2026-05-08T04:59:40.000,1070,04:59:34,403,S,0,58.61,32.79,1006.29,7.370,0.790,5.822,-0.336,-0.112,0.000,-2.715,-1.559,9.379,-28.688,76.250,70.188,000000,80.00,37.560000,126.930000,0,1730.0,SIM;ACTIVATE,350.562,16.109,90.204,0.000000,0.000000,0.000000,0.000000,0.000000,0.000000,0.00,0.00,1266,1833,60.0000,"$1070,04:59:34,403,S,0,58.61,32.79,1006.29,7.370,0.790,5.822,-0.336,-0.112,0.000,-2.715,-1.559,9.379,-28.688,76.250,70.188,000000,80.00,37.560000,126.930000,0,1730.0,SIM;ACTIVATE,350.562,16.109,90.204,0.000000,0.000000,0.000000,0.000000,0.000000,0.000000,0.00,0.00,1266,1833,60.0000"
2026-05-08T04:59:40.404,1070,04:59:35,404,S,0,58.38,32.79,1006.19,7.370,0.790,5.822,-0.336,-0.112,0.000,-2.715,-1.559,9.379,-28.688,76.250,70.188,000000,80.00,37.560000,126.930000,0,1730.0,SIM;ACTIVATE,350.562,16.109,90.204,0.000000,0.000000,0.000000,0.000000,0.000000,0.000000,0.00,0.00,1266,1833,60.0000,"$1070,04:59:35,404,S,0,58.38,32.79,1006.19,7.370,0.790,5.822,-0.336,-0.112,0.000,-2.715,-1.559,9.379,-28.688,76.250,70.188,000000,80.00,37.560000,126.930000,0,1730.0,SIM;ACTIVATE,350.562,16.109,90.204,0.000000,0.000000,0.000000,0.000000,0.000000,0.000000,0.00,0.00,1266,1833,60.0000"
2026-05-08T04:59:41.837,1070,04:59:36,405,S,0,58.41,32.80,1006.20,7.360,0.770,5.667,-0.336,-0.112,0.000,-2.715,-1.559,9.379,-28.688,76.250,70.188,000000,80.00,37.560000,126.930000,0,1720.0,SIM;ACTIVATE,350.562,16.109,90.204,0.000000,0.000000,0.000000,0.000000,0.000000,0.000000,0.00,0.00,1266,1833,60.0000,"$1070,04:59:36,405,S,0,58.41,32.80,1006.20,7.360,0.770,5.667,-0.336,-0.112,0.000,-2.715,-1.559,9.379,-28.688,76.250,70.188,000000,80.00,37.560000,126.930000,0,1720.0,SIM;ACTIVATE,350.562,16.109,90.204,0.000000,0.000000,0.000000,0.000000,0.000000,0.000000,0.00,0.00,1266,1833,60.0000"
2026-05-08T04:59:42.447,1070,04:59:37,406,S,0,58.59,32.80,1006.24,7.360,0.770,5.667,-0.336,-0.112,0.000,-2.715,-1.559,9.379$1070,04:59:38,407,S,0,58.38,32.80,1006.23,7.370,0.790,5.822,-0.336,-0.112,0.000,-2.715,-1.559,9.379,-28.688,76.250,70.188,000000,80.00,37.560000,126.930000,0,"$1070,04:59:37,406,S,0,58.59,32.80,1006.24,7.360,0.770,5.667,-0.336,-0.112,0.000,-2.715,-1.559,9.379$1070,04:59:38,407,S,0,58.38,32.80,1006.23,7.370,0.790,5.822,-0.336,-0.112,0.000,-2.715,-1.559,9.379,-28.688,76.250,70.188,000000,80.00,37.560000,126.930000,0,1710.0,SIM;ACTIVATE,350.562,16.109,90.204,0.000000,0.000000,0.000000,0.000000,0.000000,0.000000,0.00,0.00,1266,1833,60.0000"
2026-05-08T04:59:44.705,1070,04:59:39,408,S,0,58.52,32.81,1006.24,7.370,0.790,5.822,-0.336,-0.112,0.000,-2.715,-1.559,9.379,-28.688,76.250,70.188,000000,80.00,37.560000,126.930000,0,1710.0,SIM;ACTIVATE,350.562,16.109,90.204,0.000000,0.000000,0.000000,0.000000,0.000000,0.000000,0.00,0.00,1266,1833,60.0000,"$1070,04:59:39,408,S,0,58.52,32.81,1006.24,7.370,0.790,5.822,-0.336,-0.112,0.000,-2.715,-1.559,9.379,-28.688,76.250,70.188,000000,80.00,37.560000,126.930000,0,1710.0,SIM;ACTIVATE,350.562,16.109,90.204,0.000000,0.000000,0.000000,0.000000,0.000000,0.000000,0.00,0.00,1266,1833,60.0000"
2026-05-08T04:59:45.744,1070,04:59:41,409,S,0,58.52,32.81,1006.23,7.360,0.770,5.667,-0.336,-0.112,0.000,-2.715,-1.559,9.379,-28.688,76.250,70.188,000000,80.00,37.560000,126.930000,0,1720.0,SIM;ACTIVATE,350.562,16.109,90.204,0.000000,0.000000,0.000000,0.000000,0.000000,0.000000,0.00,0.00,1266,1833,60.0000,"$1070,04:59:41,409,S,0,58.52,32.81,1006.23,7.360,0.770,5.667,-0.336,-0.112,0.000,-2.715,-1.559,9.379,-28.688,76.250,70.188,000000,80.00,37.560000,126.930000,0,1720.0,SIM;ACTIVATE,350.562,16.109,90.204,0.000000,0.000000,0.000000,0.000000,0.000000,0.000000,0.00,0.00,1266,1833,60.0000"
2026-05-08T04:59:46.156,1070,04:59:42,410,F,0,58.41,32.80,1006.24,7.360,0.770,5.667,-0.336,-0.112,0.000,-2.715,-1.559,9.379,-28.688,76.250,70.188,000000,80.00,37.560000,126.930000,0,1730.0,SIM;DISABLE,350.562,16.109,90.204,0.000000,0.000000,0.000000,0.000000,0.000000,0.000000,0.00,0.00,1266,1833,60.0000,"$1070,04:59:42,410,F,0,58.41,32.80,1006.24,7.360,0.770,5.667,-0.336,-0.112,0.000,-2.715,-1.559,9.379,-28.688,76.250,70.188,000000,80.00,37.560000,126.930000,0,1730.0,SIM;DISABLE,350.562,16.109,90.204,0.000000,0.000000,0.000000,0.000000,0.000000,0.000000,0.00,0.00,1266,1833,60.0000"
2026-05-08T04:59:49.861,1070,04:59:43,411,F,0,58.34,32.81,1006.24,7.370,0.790,5.822,-0.336,-0.112,0.000,-2.715,-1.559,9.379,-28.688,76.250,70.188,000000,80.00,37.560000,126.930000,0,1730.0,SIM;DISABLE,350.562,16.109,90.204,0.000000,0.000000,0.000000,0.000000,0.000000,0.000000,0.00,0.00,1266,1833,60.0000,"$1070,04:59:43,411,F,0,58.34,32.81,1006.24,7.370,0.790,5.822,-0.336,-0.112,0.000,-2.715,-1.559,9.379,-28.688,76.250,70.188,000000,80.00,37.560000,126.930000,0,1730.0,SIM;DISABLE,350.562,16.109,90.204,0.000000,0.000000,0.000000,0.000000,0.000000,0.000000,0.00,0.00,1266,1833,60.0000"
2026-05-08T04:59:50.268,1070,04:59:44,412,F,0,58.64,32.81,1006.23,7.370,0.790,5.822,-0.336,-0.112,0.000,-2.715,-1.559,9.379,-28.688,76.250,70.188,000000,80.00,37.560000,126.930000,0,1720.0,SIM;DISABLE,350.562,16.109,90.204,0.000000,0.000000,0.000000,0.000000,0.000000,0.000000,0.00,0.00,1266,1833,60.0000,"$1070,04:59:44,412,F,0,58.64,32.81,1006.23,7.370,0.790,5.822,-0.336,-0.112,0.000,-2.715,-1.559,9.379,-28.688,76.250,70.188,000000,80.00,37.560000,126.930000,0,1720.0,SIM;DISABLE,350.562,16.109,90.204,0.000000,0.000000,0.000000,0.000000,0.000000,0.000000,0.00,0.00,1266,1833,60.0000"
2026-05-08T04:59:53.976,1070,04:59:45,413,F,0,58.66,32.82,1006.25,7.360,0.770,5.667,-0.336,-0.112,0.000,-2.715,-1.559,9.379,-28.688,76.250,70.188,000000,80.00,37.560000,126.930000,0,1720.0,SIM;DISABLE,350.562,16.109,90.204,0.000000,0.000000,0.000000,0.000000,0.000000,0.000000,0.00,0.00,1266,1833,60.0000,"$1070,04:59:45,413,F,0,58.66,32.82,1006.25,7.360,0.770,5.667,-0.336,-0.112,0.000,-2.715,-1.559,9.379,-28.688,76.250,70.188,000000,80.00,37.560000,126.930000,0,1720.0,SIM;DISABLE,350.562,16.109,90.204,0.000000,0.000000,0.000000,0.000000,0.000000,0.000000,0.00,0.00,1266,1833,60.0000"
2026-05-08T04:59:54.813,1070,04:59:46,414,F,0,58.60,32.82,1006.26,7.360,0.770,5.667,-0.336,-0.112,0.000,-2.715,-1.559,9.379,-28.688,76.250,70.188,000000,80.00,37.560000,126.930000,0,1730.0,SIM;DISABLE,350.562,16.109,90.204,0.000000,0.000000,0.000000,0.000000,0.000000,0.000000,0.00,0.00,1266,1833,60.0000,"$1070,04:59:46,414,F,0,58.60,32.82,1006.26,7.360,0.770,5.667,-0.336,-0.112,0.000,-2.715,-1.559,9.379,-28.688,76.250,70.188,000000,80.00,37.560000,126.930000,0,1730.0,SIM;DISABLE,350.562,16.109,90.204,0.000000,0.000000,0.000000,0.000000,0.000000,0.000000,0.00,0.00,1266,1833,60.0000"
2026-05-08T04:59:57.072,1070,04:59:47,415,F,0,58.60,32.83,1006.23,7.370,0.790,5.822,-0.336,-0.112,0.000,-2.715,-1.559,9.379,-28.688,76.250,70.188,000000,80.00,37.560000,126.930000,0,1730.0,SIM;DISABLE,350.562,16.109,90.204,0.000000,0.000000,0.000000,0.000000,0.000000,0.000000,0.00,0.00,1266,1833,60.0000,"$1070,04:59:47,415,F,0,58.60,32.83,1006.23,7.370,0.790,5.822,-0.336,-0.112,0.000,-2.715,-1.559,9.379,-28.688,76.250,70.188,000000,80.00,37.560000,126.930000,0,1730.0,SIM;DISABLE,350.562,16.109,90.204,0.000000,0.000000,0.000000,0.000000,0.000000,0.000000,0.00,0.00,1266,1833,60.0000"
2026-05-08T05:00:00.543,1070,04:59:48,416,F,0,58.60,32.83,1006.24,7.370,0.790,5.822,-0.336,-0.112,0.000,-2.715,-1.559,9.379,$1070,04:59:50,418,F,0,58.48,32.82,1006.25,7.360,0.770,5.667,-0.336,-0.112,0.000,-2.715,-1.559,9.379,-28.688,76.250,70.188,000000,80.00,37.560000,126.930000,"$1070,04:59:48,416,F,0,58.60,32.83,1006.24,7.370,0.790,5.822,-0.336,-0.112,0.000,-2.715,-1.559,9.379,$1070,04:59:50,418,F,0,58.48,32.82,1006.25,7.360,0.770,5.667,-0.336,-0.112,0.000,-2.715,-1.559,9.379,-28.688,76.250,70.188,000000,80.00,37.560000,126.930000,0,1720.0,SIM;DISABLE,350.562,16.109,90.204,0.000000,0.000000,0.000000,0.000000,0.000000,0.000000,0.00,0.00,1266,1833,60.0000"
2026-05-08T05:00:02.548,1070,04:59:51,419,F,0,58.60,32.83,1006.27,7.370,0.790,5.822,-0.336,-0.112,0.000,-2.715,-1.559,9.379,-28.688,76.250,70.188,000000,80.00,37.560000,126.930000,0,1720.0,SIM;DISABLE,350.562,16.109,90.204,0.000000,0.000000,0.000000,0.000000,0.000000,0.000000,0.00,0.00,1266,1833,60.0000,"$1070,04:59:51,419,F,0,58.60,32.83,1006.27,7.370,0.790,5.822,-0.336,-0.112,0.000,-2.715,-1.559,9.379,-28.688,76.250,70.188,000000,80.00,37.560000,126.930000,0,1720.0,SIM;DISABLE,350.562,16.109,90.204,0.000000,0.000000,0.000000,0.000000,0.000000,0.000000,0.00,0.00,1266,1833,60.0000"
2026-05-08T05:00:03.354,1070,04:59:52,420,F,0,58.28,32.82,1006.24,7.370,0.790,5.822,-0.336,-0.112,0.000,-2.715,-1.559,9.379,$1070,04:59:54,422,F,0,58.28,32.83,1006.25,7.360,0.770,5.667,-0.336,-0.112,0.000,-2.715,-1.559,9.379,-28.688,76.250,70.188,000000,80.00,37.560000,126.930000,"$1070,04:59:52,420,F,0,58.28,32.82,1006.24,7.370,0.790,5.822,-0.336,-0.112,0.000,-2.715,-1.559,9.379,$1070,04:59:54,422,F,0,58.28,32.83,1006.25,7.360,0.770,5.667,-0.336,-0.112,0.000,-2.715,-1.559,9.379,-28.688,76.250,70.188,000000,80.00,37.560000,126.930000,0,1720.0,SIM;DISABLE,350.562,16.109,90.204,0.000000,0.000000,0.000000,0.000000,0.000000,0.000000,0.00,0.00,1266,1833,60.0000"
2026-05-08T05:00:05.609,1070,04:59:55,423,F,0,58.48,32.83,1006.23,7.370,0.790,5.822,-0.336,-0.112,0.000,-2.715,-1.559,9.379,-28.688,76.250,70.188,000000,80.00,37.560000,126.930000,0,1720.0,SIM;DISABLE,350.562,16.109,90.204,0.000000,0.000000,0.000000,0.000000,0.000000,0.000000,0.00,0.00,1266,1833,60.0000,"$1070,04:59:55,423,F,0,58.48,32.83,1006.23,7.370,0.790,5.822,-0.336,-0.112,0.000,-2.715,-1.559,9.379,-28.688,76.250,70.188,000000,80.00,37.560000,126.930000,0,1720.0,SIM;DISABLE,350.562,16.109,90.204,0.000000,0.000000,0.000000,0.000000,0.000000,0.000000,0.00,0.00,1266,1833,60.0000"
2026-05-08T05:00:06.014,1070,04:59:56,424,F,0,58.39,32.84,1006.27,7.370,0.790,5.822,-0.336,-0.112,0.000,-2.715,-1.559,9.379,-28.688,76.250,70.188,000000,80.00,37.560000,126.930000,0,1720.0,SIM;DISABLE,350.562,16.109,90.204,0.000000,0.000000,0.000000,0.000000,0.000000,0.000000,0.00,0.00,1266,1833,60.0000,"$1070,04:59:56,424,F,0,58.39,32.84,1006.27,7.370,0.790,5.822,-0.336,-0.112,0.000,-2.715,-1.559,9.379,-28.688,76.250,70.188,000000,80.00,37.560000,126.930000,0,1720.0,SIM;DISABLE,350.562,16.109,90.204,0.000000,0.000000,0.000000,0.000000,0.000000,0.000000,0.00,0.00,1266,1833,60.0000"
2026-05-08T05:00:06.404,1070,04:59:57,425,F,0,58.30,32.84,1006.23,7.360,0.770,5.667,-0.336,-0.112,0.000,-2.715,-1.559,9.379,-28.688,76.250,70.188,000000,80.00,37.560000,126.930000,0,1720.0,SIM;DISABLE,350.562,16.109,90.204,0.000000,0.000000,0.000000,0.000000,0.000000,0.000000,0.00,0.00,1266,1833,60.0000,"$1070,04:59:57,425,F,0,58.30,32.84,1006.23,7.360,0.770,5.667,-0.336,-0.112,0.000,-2.715,-1.559,9.379,-28.688,76.250,70.188,000000,80.00,37.560000,126.930000,0,1720.0,SIM;DISABLE,350.562,16.109,90.204,0.000000,0.000000,0.000000,0.000000,0.000000,0.000000,0.00,0.00,1266,1833,60.0000"
2026-05-08T05:00:08.038,1070,04:59:58,426,F,0,58.39,32.84,1006.20,7.360,$1070,05:00:00,428,F,0,58.51,32.83,1006.27,7.370,0.790,5.822,-0.336,-0.112,0.000,-2.715,-1.559,9.379,-28.688,76.250,70.188,000000,80.00,37.560000,126.930000,0,1720.0,SIM;DISABLE,350.562,16.109,90.204,0.000000,0.000000,"$1070,04:59:58,426,F,0,58.39,32.84,1006.20,7.360,$1070,05:00:00,428,F,0,58.51,32.83,1006.27,7.370,0.790,5.822,-0.336,-0.112,0.000,-2.715,-1.559,9.379,-28.688,76.250,70.188,000000,80.00,37.560000,126.930000,0,1720.0,SIM;DISABLE,350.562,16.109,90.204,0.000000,0.000000,0.000000,0.000000,0.000000,0.000000,0.00,0.00,1266,1833,60.0000"
2026-05-08T05:00:09.659,1070,05:00:01,429,F,0,58.53,32.83,1006.29,7.360,0.770,5.667,-0.336,-0.112,0.000,-2.715,-1.559,9.379,$1070,05:00:02,430,F,0,58.51,32.83,1006.26,7.360,0.770,5.667,-0.336,-0.112,0.000,-2.715,-1.559,9.379,-28.688,76.250,70.188,000000,80.00,37.560000,126.930000,"$1070,05:00:01,429,F,0,58.53,32.83,1006.29,7.360,0.770,5.667,-0.336,-0.112,0.000,-2.715,-1.559,9.379,$1070,05:00:02,430,F,0,58.51,32.83,1006.26,7.360,0.770,5.667,-0.336,-0.112,0.000,-2.715,-1.559,9.379,-28.688,76.250,70.188,000000,80.00,37.560000,126.930000,0,1720.0,SIM;DISABLE,350.562,16.109,90.204,0.000000,0.000000,0.000000,0.000000,0.000000,0.000000,0.00,0.00,1266,1833,60.0000"
2026-05-08T05:00:10.082,1070,05:00:03,431,F,0,58.39,32.83,1006.25,7.370,0.790,5.822,-0.336,-0.112,0.000,-2.715,-1.559,9.379,-28.688,76.250,70.188,000000,80.00,37.560000,126.930000,0,1720.0,SIM;DISABLE,350.562,16.109,90.204,0.000000,0.000000,0.000000,0.000000,0.000000,0.000000,0.00,0.00,1266,1833,60.0000,"$1070,05:00:03,431,F,0,58.39,32.83,1006.25,7.370,0.790,5.822,-0.336,-0.112,0.000,-2.715,-1.559,9.379,-28.688,76.250,70.188,000000,80.00,37.560000,126.930000,0,1720.0,SIM;DISABLE,350.562,16.109,90.204,0.000000,0.000000,0.000000,0.000000,0.000000,0.000000,0.00,0.00,1266,1833,60.0000"
2026-05-08T05:00:10.690,1070,05:00:04,432,F,0,58.21,32.84,1006.24,7.370,0.790,5.822,-0.336,-0.112,0.000,-2.715,-1.559,9.379,$1070,05:00:05,433,F,0,58.33,32.85,1006.25,7.360,0.770,5.667,-0.336,-0.112,0.000,-2.715,-1.559,9.379,-28.688,76.250,70.188,000000,80.00,37.560000,126.930000,"$1070,05:00:04,432,F,0,58.21,32.84,1006.24,7.370,0.790,5.822,-0.336,-0.112,0.000,-2.715,-1.559,9.379,$1070,05:00:05,433,F,0,58.33,32.85,1006.25,7.360,0.770,5.667,-0.336,-0.112,0.000,-2.715,-1.559,9.379,-28.688,76.250,70.188,000000,80.00,37.560000,126.930000,0,1730.0,SIM;DISABLE,350.562,16.109,90.204,0.000000,0.000000,0.000000,0.000000,0.000000,0.000000,0.00,0.00,1266,1833,60.0000"
2026-05-08T05:00:11.076,1070,05:00:06,434,F,0,58.42,32.84,1006.22,7.360,0.770,5.667,-0.336,-0.112,0.000,-2.715,-1.559,9.379,-28.688,76.250,70.188,000000,80.00,37.560000,126.930000,0,1730.0,SIM;DISABLE,350.562,16.109,90.204,0.000000,0.000000,0.000000,0.000000,0.000000,0.000000,0.00,0.00,1266,1833,60.0000,"$1070,05:00:06,434,F,0,58.42,32.84,1006.22,7.360,0.770,5.667,-0.336,-0.112,0.000,-2.715,-1.559,9.379,-28.688,76.250,70.188,000000,80.00,37.560000,126.930000,0,1730.0,SIM;DISABLE,350.562,16.109,90.204,0.000000,0.000000,0.000000,0.000000,0.000000,0.000000,0.00,0.00,1266,1833,60.0000"
2026-05-08T05:00:13.120,1070,05:00:07,435,F,0,58.62,32.83,1006.24,7.370,0.790,5.822,-0.336,-0.112,0.000,-2.715,-1.559,9.379,-28.688,76.250,70.188,000000,80.00,37.560000,126.930000,0,1720.0,SIM;DISABLE,350.562,16.109,90.204,0.000000,0.000000,0.000000,0.000000,0.000000,0.000000,0.00,0.00,1266,1833,60.0000,"$1070,05:00:07,435,F,0,58.62,32.83,1006.24,7.370,0.790,5.822,-0.336,-0.112,0.000,-2.715,-1.559,9.379,-28.688,76.250,70.188,000000,80.00,37.560000,126.930000,0,1720.0,SIM;DISABLE,350.562,16.109,90.204,0.000000,0.000000,0.000000,0.000000,0.000000,0.000000,0.00,0.00,1266,1833,60.0000"
2026-05-08T05:00:13.307,1070,05:00:08,436,F,0,58.28,32.82,1006.24,7.370,0.790,5.822,-0.336,-0.112,0.000,-2.715,-1.559,9.379,-28.688,76.250,70.188,000000,80.00,37.560000,126.930000,0,1730.0,SIM;DISABLE,350.562,16.109,90.204,0.000000,0.000000,0.000000,0.000000,0.000000,0.000000,0.00,0.00,1266,1833,60.0000,"$1070,05:00:08,436,F,0,58.28,32.82,1006.24,7.370,0.790,5.822,-0.336,-0.112,0.000,-2.715,-1.559,9.379,-28.688,76.250,70.188,000000,80.00,37.560000,126.930000,0,1730.0,SIM;DISABLE,350.562,16.109,90.204,0.000000,0.000000,0.000000,0.000000,0.000000,0.000000,0.00,0.00,1266,1833,60.0000"
2026-05-08T05:00:17.759,1070,05:00:09,437,F,0,58.51,32.83,1006.26,7.360,0.770,5.667,-0.336,-0.112,0.000,-2.715,-1.559,9.379,-28.688,76.250,70.188,000000,80.00,37.560000,126.930000,0,1730.0,SIM;DISABLE,350.562,16.109,90.204,0.000000,0.000000,0.000000,0.000000,0.000000,0.000000,0.00,0.00,1266,1833,60.0000,"$1070,05:00:09,437,F,0,58.51,32.83,1006.26,7.360,0.770,5.667,-0.336,-0.112,0.000,-2.715,-1.559,9.379,-28.688,76.250,70.188,000000,80.00,37.560000,126.930000,0,1730.0,SIM;DISABLE,350.562,16.109,90.204,0.000000,0.000000,0.000000,0.000000,0.000000,0.000000,0.00,0.00,1266,1833,60.0000"
2026-05-08T05:00:17.962,1070,05:00:10,438,F,0,58.71,32.84,1006.27,7.370,0.790,5.822,-0.336,-0.112,0.000,-2.715,-1.559,9.379,-28.688,76.250,70.188,000000,80.00,37.560000,126.930000,0,1730.0,SIM;DISABLE,350.562,16.109,90.204,0.000000,0.000000,0.000000,0.000000,0.000000,0.000000,0.00,0.00,1266,1833,60.0000,"$1070,05:00:10,438,F,0,58.71,32.84,1006.27,7.370,0.790,5.822,-0.336,-0.112,0.000,-2.715,-1.559,9.379,-28.688,76.250,70.188,000000,80.00,37.560000,126.930000,0,1730.0,SIM;DISABLE,350.562,16.109,90.204,0.000000,0.000000,0.000000,0.000000,0.000000,0.000000,0.00,0.00,1266,1833,60.0000"
2026-05-08T05:00:22.617,1070,05:00:11,439,F,0,58.30,32.83,1006.22,7.370,0.790,5.822,-0.336,-0.112,0.000,-2.715,-1.559,9.379,-28.688,76.250,70.188,000000,80.00,37.560000,126.930000,0,1720.0,SIM;DISABLE,350.562,16.109,90.204,0.000000,0.000000,0.000000,0.000000,0.000000,0.000000,0.00,0.00,1266,1833,60.0000,"$1070,05:00:11,439,F,0,58.30,32.83,1006.22,7.370,0.790,5.822,-0.336,-0.112,0.000,-2.715,-1.559,9.379,-28.688,76.250,70.188,000000,80.00,37.560000,126.930000,0,1720.0,SIM;DISABLE,350.562,16.109,90.204,0.000000,0.000000,0.000000,0.000000,0.000000,0.000000,0.00,0.00,1266,1833,60.0000"
2026-05-08T05:00:26.698,1070,05:00:12,440,F,0,58.60,32.84,1006.25,7.360,0.770,5.667,-0.336,-0.112,0.000,-2.715,-1.559,9.379,-28.688,76.250,70.188,000000,80.00,37.560000,126.930000,0,1730.0,SIM;DISABLE,350.562,16.109,90.204,0.000000,0.000000,0.000000,0.000000,0.000000,0.000000,0.00,0.00,1266,1833,60.0000,"$1070,05:00:12,440,F,0,58.60,32.84,1006.25,7.360,0.770,5.667,-0.336,-0.112,0.000,-2.715,-1.559,9.379,-28.688,76.250,70.188,000000,80.00,37.560000,126.930000,0,1730.0,SIM;DISABLE,350.562,16.109,90.204,0.000000,0.000000,0.000000,0.000000,0.000000,0.000000,0.00,0.00,1266,1833,60.0000"
2026-05-08T05:00:27.088,1070,05:00:13,441,F,0,58.71,32.83,1006.27,7.360,0.770,5.667,-0.336,-0.112,0.000,-2.715,-1.559,9.379,-28.688,76.250,70.188,000000,80.00,37.560000,126.930000,0,1710.0,SIM;DISABLE,350.562,16.109,90.204,0.000000,0.000000,0.000000,0.000000,0.000000,0.000000,0.00,0.00,1266,1833,60.0000,"$1070,05:00:13,441,F,0,58.71,32.83,1006.27,7.360,0.770,5.667,-0.336,-0.112,0.000,-2.715,-1.559,9.379,-28.688,76.250,70.188,000000,80.00,37.560000,126.930000,0,1710.0,SIM;DISABLE,350.562,16.109,90.204,0.000000,0.000000,0.000000,0.000000,0.000000,0.000000,0.00,0.00,1266,1833,60.0000"
2026-05-08T05:00:27.305,1070,05:00:14,442,F,0,58.28,32.83,1006.27,7.370,0.790,5.822,-0.336,-0.112,0.000,-2.715,-1.559,9.379,-28.688,76.250,70.188,000000,80.00,37.560000,126.930000,0,1740.0,SIM;DISABLE,350.562,16.109,90.204,0.000000,0.000000,0.000000,0.000000,0.000000,0.000000,0.00,0.00,1266,1833,60.0000,"$1070,05:00:14,442,F,0,58.28,32.83,1006.27,7.370,0.790,5.822,-0.336,-0.112,0.000,-2.715,-1.559,9.379,-28.688,76.250,70.188,000000,80.00,37.560000,126.930000,0,1740.0,SIM;DISABLE,350.562,16.109,90.204,0.000000,0.000000,0.000000,0.000000,0.000000,0.000000,0.00,0.00,1266,1833,60.0000"
2026-05-08T05:00:28.117,1070,05:00:15,443,F,0,58.51,32.84,1006.25,7.370,0.790,5.822,-0.336,-0.112,$1070,05:00:17,445,F,0,58.42,32.85,1006.22,7.360,0.770,5.667,-0.336,-0.112,0.000,-2.715,-1.559,9.379,-28.688,76.250,70.188,000000,80.00,37.560000,126.930000,0,1720.0,SIM;DISABLE,350.562,"$1070,05:00:15,443,F,0,58.51,32.84,1006.25,7.370,0.790,5.822,-0.336,-0.112,$1070,05:00:17,445,F,0,58.42,32.85,1006.22,7.360,0.770,5.667,-0.336,-0.112,0.000,-2.715,-1.559,9.379,-28.688,76.250,70.188,000000,80.00,37.560000,126.930000,0,1720.0,SIM;DISABLE,350.562,16.109,90.204,0.000000,0.000000,0.000000,0.000000,0.000000,0.000000,0.00,0.00,1266,1833,60.0000"
2026-05-08T05:00:28.506,1070,05:00:18,446,F,0,58.35,32.86,1006.22,7.370,0.790,5.822,-0.336,-0.112,0.000,-2.715,-1.559,9.379,-28.688,76.250,70.188,000000,80.00,37.560000,126.930000,0,1720.0,SIM;DISABLE,350.562,16.109,90.204,0.000000,0.000000,0.000000,0.000000,0.000000,0.000000,0.00,0.00,1266,1833,60.0000,"$1070,05:00:18,446,F,0,58.35,32.86,1006.22,7.370,0.790,5.822,-0.336,-0.112,0.000,-2.715,-1.559,9.379,-28.688,76.250,70.188,000000,80.00,37.560000,126.930000,0,1720.0,SIM;DISABLE,350.562,16.109,90.204,0.000000,0.000000,0.000000,0.000000,0.000000,0.000000,0.00,0.00,1266,1833,60.0000"
2026-05-08T05:00:30.337,1070,05:00:19,447,F,0,58.56,32.86,1006.20,7.370,0.790,5.822,-0.336,-0.112,0.000,-2.715,-1.559,9.379,$1070,05:00:22,450,F,0,58.29,32.87,1006.25,7.370,0.790,5.822,-0.336,-0.112,0.000,-2.715,-1.559,9.379,-28.688,76.250,70.188,000000,80.00,37.560000,126.930000,"$1070,05:00:19,447,F,0,58.56,32.86,1006.20,7.370,0.790,5.822,-0.336,-0.112,0.000,-2.715,-1.559,9.379,$1070,05:00:22,450,F,0,58.29,32.87,1006.25,7.370,0.790,5.822,-0.336,-0.112,0.000,-2.715,-1.559,9.379,-28.688,76.250,70.188,000000,80.00,37.560000,126.930000,0,1720.0,SIM;DISABLE,350.562,16.109,90.204,0.000000,0.000000,0.000000,0.000000,0.000000,0.000000,0.00,0.00,1266,1833,60.0000"
2026-05-08T05:00:35.473,1070,05:00:27,455,F,0,58.23,32.89,1006.29,7.370,0.790,5.822,-0.336,-0.112,0.000,-2.715,-1.559,9.379,-28.688,76.250,70.188,000000,80.00,37.560000,126.930000,0,1730.0,SIM;DISABLE,350.562,16.109,90.204,0.000000,0.000000,0.000000,0.000000,0.000000,0.000000,0.00,0.00,1266,1833,60.0000,"$1070,05:00:27,455,F,0,58.23,32.89,1006.29,7.370,0.790,5.822,-0.336,-0.112,0.000,-2.715,-1.559,9.379,-28.688,76.250,70.188,000000,80.00,37.560000,126.930000,0,1730.0,SIM;DISABLE,350.562,16.109,90.204,0.000000,0.000000,0.000000,0.000000,0.000000,0.000000,0.00,0.00,1266,1833,60.0000"
2026-05-08T05:00:35.882,1070,05:00:28,456,F,0,58.32,32.88,1006.24,7.360,0.770,5.667,-0.336,-0.112,0.000,-2.715,-1.559,9.379,-28.688,76.250,70.188,000000,80.00,37.560000,126.930000,0,1730.0,SIM;DISABLE,350.562,16.109,90.204,0.000000,0.000000,0.000000,0.000000,0.000000,0.000000,0.00,0.00,1266,1833,60.0000,"$1070,05:00:28,456,F,0,58.32,32.88,1006.24,7.360,0.770,5.667,-0.336,-0.112,0.000,-2.715,-1.559,9.379,-28.688,76.250,70.188,000000,80.00,37.560000,126.930000,0,1730.0,SIM;DISABLE,350.562,16.109,90.204,0.000000,0.000000,0.000000,0.000000,0.000000,0.000000,0.00,0.00,1266,1833,60.0000"
2026-05-08T05:00:36.296,1070,05:00:29,457,A,0,58.23,32.88,1006.25,7.360,0.770,5.667,-0.336,-0.112,0.000,-2.715,-1.559,9.379,-28.688,76.250,70.188,000000,80.00,37.560000,126.930000,0,1720.0,SIM;ENABLE,350.562,16.109,90.204,0.000000,0.000000,0.000000,0.000000,0.000000,0.000000,0.00,0.00,1266,1833,60.0000,"$1070,05:00:29,457,A,0,58.23,32.88,1006.25,7.360,0.770,5.667,-0.336,-0.112,0.000,-2.715,-1.559,9.379,-28.688,76.250,70.188,000000,80.00,37.560000,126.930000,0,1720.0,SIM;ENABLE,350.562,16.109,90.204,0.000000,0.000000,0.000000,0.000000,0.000000,0.000000,0.00,0.00,1266,1833,60.0000"
2026-05-08T05:00:37.529,1070,05:00:31,458,A,0,58.34,32.88,1006.26,7.370,0.790,5.822,-0.336,-0.112,0.000,-2.715,-1.559,9.379,-28.688,76.250,70.188,000000,80.00,37.560000,126.930000,0,1740.0,SIM;ENABLE,350.562,16.109,90.204,0.000000,0.000000,0.000000,0.000000,0.000000,0.000000,0.00,0.00,1266,1833,60.0000,"$1070,05:00:31,458,A,0,58.34,32.88,1006.26,7.370,0.790,5.822,-0.336,-0.112,0.000,-2.715,-1.559,9.379,-28.688,76.250,70.188,000000,80.00,37.560000,126.930000,0,1740.0,SIM;ENABLE,350.562,16.109,90.204,0.000000,0.000000,0.000000,0.000000,0.000000,0.000000,0.00,0.00,1266,1833,60.0000"
2026-05-08T05:00:38.560,1070,05:00:32,459,A,0,58.25,32.88,1006.24,7.370,0.790,5.822,-0.336,-0.112,0.000,-2.715,-1.559,9.379,-$1070,05:00:35,462,A,0,58.34,32.90,1006.26,7.370,0.790,5.822,-0.336,-0.112,0.000,-2.715,-1.559,9.379,-28.688,76.250,70.188,000000,80.00,37.560000,126.930000,"$1070,05:00:32,459,A,0,58.25,32.88,1006.24,7.370,0.790,5.822,-0.336,-0.112,0.000,-2.715,-1.559,9.379,-$1070,05:00:35,462,A,0,58.34,32.90,1006.26,7.370,0.790,5.822,-0.336,-0.112,0.000,-2.715,-1.559,9.379,-28.688,76.250,70.188,000000,80.00,37.560000,126.930000,0,1720.0,SIM;ENABLE,350.562,16.109,90.204,0.000000,0.000000,0.000000,0.000000,0.000000,0.000000,0.00,0.00,1266,1833,60.0000"
2026-05-08T05:00:41.873,1070,05:00:36,463,A,0,58.16,32.90,1006.28,7.370,0.790,5.822,-0.336,-0.112,0.000,-2.715,-1.559,9.379,-28.688,76.250,70.188,000000,80.00,37.560000,126.930000,0,1720.0,SIM;ENABLE,350.562,16.109,90.204,0.000000,0.000000,0.000000,0.000000,0.000000,0.000000,0.00,0.00,1266,1833,60.0000,"$1070,05:00:36,463,A,0,58.16,32.90,1006.28,7.370,0.790,5.822,-0.336,-0.112,0.000,-2.715,-1.559,9.379,-28.688,76.250,70.188,000000,80.00,37.560000,126.930000,0,1720.0,SIM;ENABLE,350.562,16.109,90.204,0.000000,0.000000,0.000000,0.000000,0.000000,0.000000,0.00,0.00,1266,1833,60.0000"
2026-05-08T05:00:42.286,1070,05:00:37,464,A,0,58.60,32.90,1006.24,7.360,0.770,5.667,-0.336,-0.112,0.000,-2.715,-1.559,9.379,-28.688,76.250,70.188,000000,80.00,37.560000,126.930000,0,1720.0,SIM;ENABLE,350.562,16.109,90.204,0.000000,0.000000,0.000000,0.000000,0.000000,0.000000,0.00,0.00,1266,1833,60.0000,"$1070,05:00:37,464,A,0,58.60,32.90,1006.24,7.360,0.770,5.667,-0.336,-0.112,0.000,-2.715,-1.559,9.379,-28.688,76.250,70.188,000000,80.00,37.560000,126.930000,0,1720.0,SIM;ENABLE,350.562,16.109,90.204,0.000000,0.000000,0.000000,0.000000,0.000000,0.000000,0.00,0.00,1266,1833,60.0000"
2026-05-08T05:00:43.096,1070,05:00:38,465,A,0,58.37,32.90,1006.28,7.360,0.770,5.667,-0.336,-0.112,0.000,-2.715,-1.559,9.379,-28.688,76.250,70.188,000000,80.00,37.560000,126.930000,0,1720.0,SIM;ENABLE,350.562,16.109,90.204,0.000000,0.000000,0.000000,0.000000,0.000000,0.000000,0.00,0.00,1266,1833,60.0000,"$1070,05:00:38,465,A,0,58.37,32.90,1006.28,7.360,0.770,5.667,-0.336,-0.112,0.000,-2.715,-1.559,9.379,-28.688,76.250,70.188,000000,80.00,37.560000,126.930000,0,1720.0,SIM;ENABLE,350.562,16.109,90.204,0.000000,0.000000,0.000000,0.000000,0.000000,0.000000,0.00,0.00,1266,1833,60.0000"
2026-05-08T05:00:45.364,1070,05:00:39,466,A,0,58.57,32.90,1006.22,7.370,0.790,5.822,-0.336,-0.112,0.000,-2.715,-1.559,9.379,-28.688,76.250,70.188,000000,80.00,37.560000,126.930000,0,1720.0,SIM;ENABLE,350.562,16.109,90.204,0.000000,0.000000,0.000000,0.000000,0.000000,0.000000,0.00,0.00,1266,1833,60.0000,"$1070,05:00:39,466,A,0,58.57,32.90,1006.22,7.370,0.790,5.822,-0.336,-0.112,0.000,-2.715,-1.559,9.379,-28.688,76.250,70.188,000000,80.00,37.560000,126.930000,0,1720.0,SIM;ENABLE,350.562,16.109,90.204,0.000000,0.000000,0.000000,0.000000,0.000000,0.000000,0.00,0.00,1266,1833,60.0000"
2026-05-08T05:00:45.758,1070,05:00:40,467,F,0,58.57,32.89,1006.29,7.370,0.790,5.822,-0.336,-0.112,0.000,-2.715,-1.559,9.379,-28.688,76.250,70.188,000000,80.00,37.560000,126.930000,0,1720.0,SIM;DISABLE,350.562,16.109,90.204,0.000000,0.000000,0.000000,0.000000,0.000000,0.000000,0.00,0.00,1266,1833,60.0000,"$1070,05:00:40,467,F,0,58.57,32.89,1006.29,7.370,0.790,5.822,-0.336,-0.112,0.000,-2.715,-1.559,9.379,-28.688,76.250,70.188,000000,80.00,37.560000,126.930000,0,1720.0,SIM;DISABLE,350.562,16.109,90.204,0.000000,0.000000,0.000000,0.000000,0.000000,0.000000,0.00,0.00,1266,1833,60.0000"
2026-05-08T05:00:49.886,1070,05:00:41,468,F,0,58.48,32.90,1006.24,7.360,0.770,5.667,-0.336,-0.112,0.000,-2.715,-1.559,9.379,$1070,05:00:42,469,F,0,58.30,32.91,1006.27,7.360,0.770,5.667,-0.336,-0.112,0.000,-2.715,-1.559,9.379,-28.688,76.250,70.188,000000,80.00,37.560000,126.930000,"$1070,05:00:41,468,F,0,58.48,32.90,1006.24,7.360,0.770,5.667,-0.336,-0.112,0.000,-2.715,-1.559,9.379,$1070,05:00:42,469,F,0,58.30,32.91,1006.27,7.360,0.770,5.667,-0.336,-0.112,0.000,-2.715,-1.559,9.379,-28.688,76.250,70.188,000000,80.00,37.560000,126.930000,0,1720.0,SIM;DISABLE,350.562,16.109,90.204,0.000000,0.000000,0.000000,0.000000,0.000000,0.000000,0.00,0.00,1266,1833,60.0000"
2026-05-08T05:00:50.520,1070,05:00:43,470,F,0,58.37,32.90,1006.26,7.370,0.790,5.822,-0.336,-0.112,0.000,-2.715,-1.559,9.379,-28.688,76.250,70.188,000000,80.00,37.560000,126.930000,0,1730.0,SIM;DISABLE,350.562,16.109,90.204,0.000000,0.000000,0.000000,0.000000,0.000000,0.000000,0.00,0.00,1266,1833,60.0000,"$1070,05:00:43,470,F,0,58.37,32.90,1006.26,7.370,0.790,5.822,-0.336,-0.112,0.000,-2.715,-1.559,9.379,-28.688,76.250,70.188,000000,80.00,37.560000,126.930000,0,1730.0,SIM;DISABLE,350.562,16.109,90.204,0.000000,0.000000,0.000000,0.000000,0.000000,0.000000,0.00,0.00,1266,1833,60.0000"
2026-05-08T05:00:50.934,1070,05:00:44,471,F,0,58.28,32.90,1006.28,7.370,0.790,5.822,-0.336,-0.112,0.000,-2.715,-1.559,9.379,-28.688,76.250,70.188,000000,80.00,37.560000,126.930000,0,1730.0,SIM;DISABLE,350.562,16.109,90.204,0.000000,0.000000,0.000000,0.000000,0.000000,0.000000,0.00,0.00,1266,1833,60.0000,"$1070,05:00:44,471,F,0,58.28,32.90,1006.28,7.370,0.790,5.822,-0.336,-0.112,0.000,-2.715,-1.559,9.379,-28.688,76.250,70.188,000000,80.00,37.560000,126.930000,0,1730.0,SIM;DISABLE,350.562,16.109,90.204,0.000000,0.000000,0.000000,0.000000,0.000000,0.000000,0.00,0.00,1266,1833,60.0000"
2026-05-08T05:00:52.994,1070,05:00:45,472,F,0,58.30,32.92,1006.24,7.360,0.770,5.667,-0.336,-0.112,0.000,-2.715,-1.559,9.379,-28.688,76.250,70.188,000000,80.00,37.560000,126.930000,0,1720.0,SIM;DISABLE,350.562,16.109,90.204,0.000000,0.000000,0.000000,0.000000,0.000000,0.000000,0.00,0.00,1266,1833,60.0000,"$1070,05:00:45,472,F,0,58.30,32.92,1006.24,7.360,0.770,5.667,-0.336,-0.112,0.000,-2.715,-1.559,9.379,-28.688,76.250,70.188,000000,80.00,37.560000,126.930000,0,1720.0,SIM;DISABLE,350.562,16.109,90.204,0.000000,0.000000,0.000000,0.000000,0.000000,0.000000,0.00,0.00,1266,1833,60.0000"
2026-05-08T05:00:53.612,1070,05:00:46,473,F,0,57.92,32.92,1006.24,7.360,0.770,5.667,-0.336,-0.112,0.000,-2.715,-1.559,9.379,-28.688,76.250,70.188,000000,80.00,37.560000,126.930000,0,1720.0,SIM;DISABLE,350.562,16.109,90.204,0.000000,0.000000,0.000000,0.000000,0.000000,0.000000,0.00,0.00,1266,1833,60.0000,"$1070,05:00:46,473,F,0,57.92,32.92,1006.24,7.360,0.770,5.667,-0.336,-0.112,0.000,-2.715,-1.559,9.379,-28.688,76.250,70.188,000000,80.00,37.560000,126.930000,0,1720.0,SIM;DISABLE,350.562,16.109,90.204,0.000000,0.000000,0.000000,0.000000,0.000000,0.000000,0.00,0.00,1266,1833,60.0000"
2026-05-08T05:00:53.804,1070,05:00:47,474,F,0,58.44,32.92,1006.26,7.370,0.790,5.822,-0.336,-0.112,0.000,-2.715,-1.559,9.379,,90.204,0.000000,0.000000,0.000000,0.000000,0.000000,0.000000,0.00,0.00,1266,1833,60.0000,,,,,,,,,,,,"$1070,05:00:47,474,F,0,58.44,32.92,1006.26,7.370,0.790,5.822,-0.336,-0.112,0.000,-2.715,-1.559,9.379,,90.204,0.000000,0.000000,0.000000,0.000000,0.000000,0.000000,0.00,0.00,1266,1833,60.0000"
2026-05-08T05:00:57.259,1070,05:00:50,477,F,0,58.44,32.93,1006.24,7.360,0.770,5.667,-0.336,-0.112,0.000,-2.715,-1.559,9.379,-28.688,76.250,70.188,000000,80.00,37.560000,126.930000,0,1720.0,SIM;DISABLE,350.562,16.109,90.204,0.000000,0.000000,0.000000,0.000000,0.000000,0.000000,0.00,0.00,1266,1833,60.0000,"$1070,05:00:50,477,F,0,58.44,32.93,1006.24,7.360,0.770,5.667,-0.336,-0.112,0.000,-2.715,-1.559,9.379,-28.688,76.250,70.188,000000,80.00,37.560000,126.930000,0,1720.0,SIM;DISABLE,350.562,16.109,90.204,0.000000,0.000000,0.000000,0.000000,0.000000,0.000000,0.00,0.00,1266,1833,60.0000"
2026-05-08T05:00:57.665,1070,05:00:51,478,F,0,58.26,32.93,1006.27,7.370,0.790,5.822,-0.336,-0.112,0.000,-2.715,-1.559,9.379,-28.688,76.250,70.188,000000,80.00,37.560000,126.930000,0,1730.0,SIM;DISABLE,350.562,16.109,90.204,0.000000,0.000000,0.000000,0.000000,0.000000,0.000000,0.00,0.00,1266,1833,60.0000,"$1070,05:00:51,478,F,0,58.26,32.93,1006.27,7.370,0.790,5.822,-0.336,-0.112,0.000,-2.715,-1.559,9.379,-28.688,76.250,70.188,000000,80.00,37.560000,126.930000,0,1730.0,SIM;DISABLE,350.562,16.109,90.204,0.000000,0.000000,0.000000,0.000000,0.000000,0.000000,0.00,0.00,1266,1833,60.0000"
2026-05-08T05:00:58.491,1070,05:00:52,479,F,0,58.06,32.94,1006.28,7.370,0.790,5.822,-0.336,-0.112,0.000,-2.715,-1.559,9.379,-28.688,76.250,70.188,000000,80.00,37.560000,126.930000,0,1710.0,SIM;DISABLE,350.562,16.109,90.204,0.000000,0.000000,0.000000,0.000000,0.000000,0.000000,0.00,0.00,1266,1833,60.0000,"$1070,05:00:52,479,F,0,58.06,32.94,1006.28,7.370,0.790,5.822,-0.336,-0.112,0.000,-2.715,-1.559,9.379,-28.688,76.250,70.188,000000,80.00,37.560000,126.930000,0,1710.0,SIM;DISABLE,350.562,16.109,90.204,0.000000,0.000000,0.000000,0.000000,0.000000,0.000000,0.00,0.00,1266,1833,60.0000"
2026-05-08T05:00:59.693,1070,05:00:53,480,F,0,58.61,32.94,1006.27,7.360,0.770,5.667,-0.336,-0.112,0.000,-2.715,-1.559,9.379,-28.688,76.250,70.188,000000,80.00,37.560000,126.930000,0,1720.0,SIM;DISABLE,350.562,16.109,90.204,0.000000,0.000000,0.000000,0.000000,0.000000,0.000000,0.00,0.00,1266,1833,60.0000,"$1070,05:00:53,480,F,0,58.61,32.94,1006.27,7.360,0.770,5.667,-0.336,-0.112,0.000,-2.715,-1.559,9.379,-28.688,76.250,70.188,000000,80.00,37.560000,126.930000,0,1720.0,SIM;DISABLE,350.562,16.109,90.204,0.000000,0.000000,0.000000,0.000000,0.000000,0.000000,0.00,0.00,1266,1833,60.0000"
2026-05-08T05:01:00.115,1070,05:00:54,481,F,0,58.20,32.94,1006.26,7.360,0.770,5.667,-0.336,-0.112,0.000,-2.715,-1.559,9.379,-28.688,76.250,70.188,000000,80.00,37.560000,126.930000,0,1720.0,SIM;DISABLE,350.562,16.109,90.204,0.000000,0.000000,0.000000,0.000000,0.000000,0.000000,0.00,0.00,1266,1833,60.0000,"$1070,05:00:54,481,F,0,58.20,32.94,1006.26,7.360,0.770,5.667,-0.336,-0.112,0.000,-2.715,-1.559,9.379,-28.688,76.250,70.188,000000,80.00,37.560000,126.930000,0,1720.0,SIM;DISABLE,350.562,16.109,90.204,0.000000,0.000000,0.000000,0.000000,0.000000,0.000000,0.00,0.00,1266,1833,60.0000"
2026-05-08T05:01:00.523,1070,05:00:55,482,F,0,58.29,32.94,1006.26,7.370,0.790,5.822,-0.336,-0.112,0.000,-2.715,-1.559,9.379,$1070,05:00:57,484,F,0,58.35,32.94,1006.26,7.360,0.770,5.667,-0.336,-0.112,0.000,-2.715,-1.559,9.379,-28.688,76.250,70.188,000000,80.00,37.560000,126.930000,"$1070,05:00:55,482,F,0,58.29,32.94,1006.26,7.370,0.790,5.822,-0.336,-0.112,0.000,-2.715,-1.559,9.379,$1070,05:00:57,484,F,0,58.35,32.94,1006.26,7.360,0.770,5.667,-0.336,-0.112,0.000,-2.715,-1.559,9.379,-28.688,76.250,70.188,000000,80.00,37.560000,126.930000,0,1730.0,SIM;DISABLE,350.562,16.109,90.204,0.000000,0.000000,0.000000,0.000000,0.000000,0.000000,0.00,0.00,1266,1833,60.0000"
2026-05-08T05:01:01.531,1070,05:00:58,485,F,0,58.08,32.94,1006.26,7.360,0.770,5.667,-0.336,-0.112,0.000,-2.715,-1.559,9.379,-28.688,76.250,70.188,000000,80.00,37.560000,126.930000,0,1720.0,SIM;DISABLE,350.562,16.109,90.204,0.000000,0.000000,0.000000,0.000000,0.000000,0.000000,0.00,0.00,1266,1833,60.0000,"$1070,05:00:58,485,F,0,58.08,32.94,1006.26,7.360,0.770,5.667,-0.336,-0.112,0.000,-2.715,-1.559,9.379,-28.688,76.250,70.188,000000,80.00,37.560000,126.930000,0,1720.0,SIM;DISABLE,350.562,16.109,90.204,0.000000,0.000000,0.000000,0.000000,0.000000,0.000000,0.00,0.00,1266,1833,60.0000"
2026-05-08T05:01:03.134,1070,05:00:59,486,F,0,58.08,32.94,1006.24,7.370,0.790,5.822,-0.336,-0.112,0.000,-2.715,-1.559,9.379,-28.688,76.250,70.188,000000,80.00,37.560000,126.930000,0,1720.0,SIM;DISABLE,350.562,16.109,90.204,0.000000,0.000000,0.000000,0.000000,0.000000,0.000000,0.00,0.00,1266,1833,60.0000,"$1070,05:00:59,486,F,0,58.08,32.94,1006.24,7.370,0.790,5.822,-0.336,-0.112,0.000,-2.715,-1.559,9.379,-28.688,76.250,70.188,000000,80.00,37.560000,126.930000,0,1720.0,SIM;DISABLE,350.562,16.109,90.204,0.000000,0.000000,0.000000,0.000000,0.000000,0.000000,0.00,0.00,1266,1833,60.0000"
2026-05-08T05:01:03.551,1070,05:01:00,487,F,0,58.38,32.94,1006.27,7.360,0.770,5.667,-0.336,-0.112,0.000,-2.715,-1.559,9.379,-28.688,76.250,70.188,000000,80.00,37.560000,126.930000,0,1720.0,SIM;DISABLE,350.562,16.109,90.204,0.000000,0.000000,0.000000,0.000000,0.000000,0.000000,0.00,0.00,1266,1833,60.0000,"$1070,05:01:00,487,F,0,58.38,32.94,1006.27,7.360,0.770,5.667,-0.336,-0.112,0.000,-2.715,-1.559,9.379,-28.688,76.250,70.188,000000,80.00,37.560000,126.930000,0,1720.0,SIM;DISABLE,350.562,16.109,90.204,0.000000,0.000000,0.000000,0.000000,0.000000,0.000000,0.00,0.00,1266,1833,60.0000"
2026-05-08T05:01:04.346,1070,05:01:01,488,F,0,58.20,32.94,1006.31,7.360,0.770,5.667,-0.336,-0.112,0.000,-2.715,-1.559,9.379,-28.688,76.250,70.188,000000,80.00,37.560000,126.930000,0,1710.0,SIM;DISABLE,350.562,16.109,90.204,0.000000,0.000000,0.000000,0.000000,0.000000,0.000000,0.00,0.00,1266,1833,60.0000,"$1070,05:01:01,488,F,0,58.20,32.94,1006.31,7.360,0.770,5.667,-0.336,-0.112,0.000,-2.715,-1.559,9.379,-28.688,76.250,70.188,000000,80.00,37.560000,126.930000,0,1710.0,SIM;DISABLE,350.562,16.109,90.204,0.000000,0.000000,0.000000,0.000000,0.000000,0.000000,0.00,0.00,1266,1833,60.0000"
2026-05-08T05:01:05.578,1070,05:01:02,489,F,0,58.58,32.94,1006.27,7.370,0.790,5.822,-0.336,-0.112,0.000,-2.715,-1.559,9.379,-28.688,76.250,70.188,000000,80.00,37.560000,126.930000,0,1730.0,SIM;DISABLE,350.562,16.109,90.204,0.000000,0.000000,0.000000,0.000000,0.000000,0.000000,0.00,0.00,1266,1833,60.0000,"$1070,05:01:02,489,F,0,58.58,32.94,1006.27,7.370,0.790,5.822,-0.336,-0.112,0.000,-2.715,-1.559,9.379,-28.688,76.250,70.188,000000,80.00,37.560000,126.930000,0,1730.0,SIM;DISABLE,350.562,16.109,90.204,0.000000,0.000000,0.000000,0.000000,0.000000,0.000000,0.00,0.00,1266,1833,60.0000"
2026-05-08T05:01:05.969,1070,05:01:03,490,F,0,58.50,32.94,1006.25,7.370,0.790,5.822,-0.336,-0.112,0.000,-2.715,-1.559,9.379,-28.688,76.250,70.188,000000,80.00,37.560000,126.930000,0,1720.0,SIM;DISABLE,350.562,16.109,90.204,0.000000,0.000000,0.000000,0.000000,0.000000,0.000000,0.00,0.00,1266,1833,60.0000,"$1070,05:01:03,490,F,0,58.50,32.94,1006.25,7.370,0.790,5.822,-0.336,-0.112,0.000,-2.715,-1.559,9.379,-28.688,76.250,70.188,000000,80.00,37.560000,126.930000,0,1720.0,SIM;DISABLE,350.562,16.109,90.204,0.000000,0.000000,0.000000,0.000000,0.000000,0.000000,0.00,0.00,1266,1833,60.0000"
2026-05-08T05:01:10.853,1070,05:01:04,491,F,0,58.17,32.94,1006.26,7.360,0.770,5.667,-0.336,-0.112,0.000,-2.715,-1.559,9.379,-28.688,76.250,70.188,000000,80.00,37.560000,126.930000,0,1720.0,SIM;DISABLE,350.562,16.109,90.204,0.000000,0.000000,0.000000,0.000000,0.000000,0.000000,0.00,0.00,1266,1833,60.0000,"$1070,05:01:04,491,F,0,58.17,32.94,1006.26,7.360,0.770,5.667,-0.336,-0.112,0.000,-2.715,-1.559,9.379,-28.688,76.250,70.188,000000,80.00,37.560000,126.930000,0,1720.0,SIM;DISABLE,350.562,16.109,90.204,0.000000,0.000000,0.000000,0.000000,0.000000,0.000000,0.00,0.00,1266,1833,60.0000"
2026-05-08T05:01:12.297,1070,05:01:05,492,F,0,58.41,32.94,1006.27,7.360,0.770,5.667,-0.336,-0.112,0.000,-2.715,-1.559,9.379,-28.688,76.250,70.188,000000,80.00,37.560000,126.930000,0,1710.0,SIM;DISABLE,350.562,16.109,90.204,0.000000,0.000000,0.000000,0.000000,0.000000,0.000000,0.00,0.00,1266,1833,60.0000,"$1070,05:01:05,492,F,0,58.41,32.94,1006.27,7.360,0.770,5.667,-0.336,-0.112,0.000,-2.715,-1.559,9.379,-28.688,76.250,70.188,000000,80.00,37.560000,126.930000,0,1710.0,SIM;DISABLE,350.562,16.109,90.204,0.000000,0.000000,0.000000,0.000000,0.000000,0.000000,0.00,0.00,1266,1833,60.0000"
2026-05-08T05:01:13.963,1070,05:01:06,493,F,0,58.29,32.94,1006.27,7.370,0.790,5.822,-0.336,-0.112,0.000,-2.715,-1.559,9.379,-28.688,76.250,70.188,000000,80.00,37.560000,126.930000,0,1720.0,SIM;DISABLE,350.562,16.109,90.204,0.000000,0.000000,0.000000,0.000000,0.000000,0.000000,0.00,0.00,1266,1833,60.0000,"$1070,05:01:06,493,F,0,58.29,32.94,1006.27,7.370,0.790,5.822,-0.336,-0.112,0.000,-2.715,-1.559,9.379,-28.688,76.250,70.188,000000,80.00,37.560000,126.930000,0,1720.0,SIM;DISABLE,350.562,16.109,90.204,0.000000,0.000000,0.000000,0.000000,0.000000,0.000000,0.00,0.00,1266,1833,60.0000"
2026-05-08T05:01:14.978,1070,05:01:07,494,F,0,58.32,32.94,1006.24,7.370,0.790,5.822,-0.336,-0.112,0.000,-2.715,-1.559,9.379,-28.688,76.250,70.188,000000,80.00,37.560000,126.930000,0,1720.0,SIM;DISABLE,350.562,16.109,90.204,0.000000,0.000000,0.000000,0.000000,0.000000,0.000000,0.00,0.00,1266,1833,60.0000,"$1070,05:01:07,494,F,0,58.32,32.94,1006.24,7.370,0.790,5.822,-0.336,-0.112,0.000,-2.715,-1.559,9.379,-28.688,76.250,70.188,000000,80.00,37.560000,126.930000,0,1720.0,SIM;DISABLE,350.562,16.109,90.204,0.000000,0.000000,0.000000,0.000000,0.000000,0.000000,0.00,0.00,1266,1833,60.0000"
2026-05-08T05:01:15.626,1070,05:01:08,495,F,0,58.29,32.94,1006.29,7.360,0.770,5.667,-0.336,-0.112,0.000,-2.715,-1.559,9.379,-28.688,76.250,70.188,000000,80.00,37.560000,126.930000,0,1730.0,SIM;DISABLE,350.562,16.109,90.204,0.000000,0.000000,0.000000,0.000000,0.000000,0.000000,0.00,0.00,1266,1833,60.0000,"$1070,05:01:08,495,F,0,58.29,32.94,1006.29,7.360,0.770,5.667,-0.336,-0.112,0.000,-2.715,-1.559,9.379,-28.688,76.250,70.188,000000,80.00,37.560000,126.930000,0,1730.0,SIM;DISABLE,350.562,16.109,90.204,0.000000,0.000000,0.000000,0.000000,0.000000,0.000000,0.00,0.00,1266,1833,60.0000"
2026-05-08T05:01:17.655,1070,05:01:09,496,A,0,58.41,32.94,1006.23,7.360,0.770,5.667,-0.336,-0.112,0.000,-2.715,-1.559,9.379,$1070,05:01:10,497,A,0,58.47,32.94,1006.28,7.370,0.790,5.822,-0.336,-0.112,0.000,-2.715,-1.559,9.379,-28.688,76.250,70.188,000000,80.00,37.560000,126.930000,"$1070,05:01:09,496,A,0,58.41,32.94,1006.23,7.360,0.770,5.667,-0.336,-0.112,0.000,-2.715,-1.559,9.379,$1070,05:01:10,497,A,0,58.47,32.94,1006.28,7.370,0.790,5.822,-0.336,-0.112,0.000,-2.715,-1.559,9.379,-28.688,76.250,70.188,000000,80.00,37.560000,126.930000,0,1720.0,SIM;ENABLE,350.562,16.109,90.204,0.000000,0.000000,0.000000,0.000000,0.000000,0.000000,0.00,0.00,1266,1833,60.0000"
2026-05-08T05:01:18.086,1070,05:01:11,498,A,0,58.50,32.95,1006.29,7.370,0.790,5.822,-0.336,-0.112,0.000,-2.715,-1.559,9.379,-28.688,76.250,70.188,000000,80.00,37.560000,126.930000,0,1720.0,SIM;ENABLE,350.562,16.109,90.204,0.000000,0.000000,0.000000,0.000000,0.000000,0.000000,0.00,0.00,1266,1833,60.0000,"$1070,05:01:11,498,A,0,58.50,32.95,1006.29,7.370,0.790,5.822,-0.336,-0.112,0.000,-2.715,-1.559,9.379,-28.688,76.250,70.188,000000,80.00,37.560000,126.930000,0,1720.0,SIM;ENABLE,350.562,16.109,90.204,0.000000,0.000000,0.000000,0.000000,0.000000,0.000000,0.00,0.00,1266,1833,60.0000"
2026-05-08T05:01:18.705,1070,05:01:12,499,A,0,58.02,32.94,1006.23,7.360,0.770,5.667,-0.336,-0.112,0.000,-2.715,-1.559,9.379,-28.688,76.250,70.188,000000,80.00,37.560000,126.930000,0,1720.0,SIM;ENABLE,350.562,16.109,90.204,0.000000,0.000000,0.000000,0.000000,0.000000,0.000000,0.00,0.00,1266,1833,60.0000,"$1070,05:01:12,499,A,0,58.02,32.94,1006.23,7.360,0.770,5.667,-0.336,-0.112,0.000,-2.715,-1.559,9.379,-28.688,76.250,70.188,000000,80.00,37.560000,126.930000,0,1720.0,SIM;ENABLE,350.562,16.109,90.204,0.000000,0.000000,0.000000,0.000000,0.000000,0.000000,0.00,0.00,1266,1833,60.0000"
2026-05-08T05:01:18.900,1070,05:01:13,500,A,0,57.99,32.95,1006.24,7.360,0.770,5.667,-0.336,-0.112,0.000,-2.715,-1.559,9.379,-28.688,76.250,70.188,000000,80.00,37.560000,126.930000,0,1720.0,SIM;ENABLE,350.562,16.109,90.204,0.000000,0.000000,0.000000,0.000000,0.000000,0.000000,0.00,0.00,1266,1833,60.0000,"$1070,05:01:13,500,A,0,57.99,32.95,1006.24,7.360,0.770,5.667,-0.336,-0.112,0.000,-2.715,-1.559,9.379,-28.688,76.250,70.188,000000,80.00,37.560000,126.930000,0,1720.0,SIM;ENABLE,350.562,16.109,90.204,0.000000,0.000000,0.000000,0.000000,0.000000,0.000000,0.00,0.00,1266,1833,60.0000"
2026-05-08T05:01:22.211,1070,05:01:14,501,A,0,58.52,32.95,1006.25,7.370,0.790,5.822,-0.336,-0.112,0.000,-2.715,-1.559,9.379,-28.688,76.250,70.188,000000,80.00,37.560000,126.930000,0,1720.0,SIM;ENABLE,350.562,16.109,90.204,0.000000,0.000000,0.000000,0.000000,0.000000,0.000000,0.00,0.00,1266,1833,60.0000,"$1070,05:01:14,501,A,0,58.52,32.95,1006.25,7.370,0.790,5.822,-0.336,-0.112,0.000,-2.715,-1.559,9.379,-28.688,76.250,70.188,000000,80.00,37.560000,126.930000,0,1720.0,SIM;ENABLE,350.562,16.109,90.204,0.000000,0.000000,0.000000,0.000000,0.000000,0.000000,0.00,0.00,1266,1833,60.0000"
2026-05-08T05:01:25.097,1070,05:01:15,502,A,0,58.32,32.95,1006.25,7.370,0.790,5.822,-0.336,-0.112,0.000,-2.715,-1.559,9.379,-28.688,76.250,70.188,000000,80.00,37.560000,126.930000,0,1710.0,SIM;ENABLE,350.562,16.109,90.204,0.000000,0.000000,0.000000,0.000000,0.000000,0.000000,0.00,0.00,1266,1833,60.0000,"$1070,05:01:15,502,A,0,58.32,32.95,1006.25,7.370,0.790,5.822,-0.336,-0.112,0.000,-2.715,-1.559,9.379,-28.688,76.250,70.188,000000,80.00,37.560000,126.930000,0,1710.0,SIM;ENABLE,350.562,16.109,90.204,0.000000,0.000000,0.000000,0.000000,0.000000,0.000000,0.00,0.00,1266,1833,60.0000"
2026-05-08T05:01:25.320,1070,05:01:16,503,A,0,58.02,32.95,1006.26,7.360,0.770,5.667,-0.336,-0.112,0.000,-2.715,-1.559,9.379,-28.688,76.250,70.188,000000,80.00,37.560000,126.930000,0,1730.0,SIM;ENABLE,350.562,16.109,90.204,0.000000,0.000000,0.000000,0.000000,0.000000,0.000000,0.00,0.00,1266,1833,60.0000,"$1070,05:01:16,503,A,0,58.02,32.95,1006.26,7.360,0.770,5.667,-0.336,-0.112,0.000,-2.715,-1.559,9.379,-28.688,76.250,70.188,000000,80.00,37.560000,126.930000,0,1730.0,SIM;ENABLE,350.562,16.109,90.204,0.000000,0.000000,0.000000,0.000000,0.000000,0.000000,0.00,0.00,1266,1833,60.0000"
2026-05-08T05:01:26.934,1070,05:01:17,504,A,0,58.23,32.95,1006.30,7.360,0.770,5.667,-0.336,-0.112,0.000,-2.715,-1.559,9.379,-28.688,76.250,70.188,000000,80.00,37.560000,126.930000,0,1720.0,SIM;ENABLE,350.562,16.109,90.204,0.000000,0.000000,0.000000,0.000000,0.000000,0.000000,0.00,0.00,1266,1833,60.0000,"$1070,05:01:17,504,A,0,58.23,32.95,1006.30,7.360,0.770,5.667,-0.336,-0.112,0.000,-2.715,-1.559,9.379,-28.688,76.250,70.188,000000,80.00,37.560000,126.930000,0,1720.0,SIM;ENABLE,350.562,16.109,90.204,0.000000,0.000000,0.000000,0.000000,0.000000,0.000000,0.00,0.00,1266,1833,60.0000"
2026-05-08T05:01:29.216,1070,05:01:18,505,A,0,58.14,32.96,1006.25,7.370,0.790,5.822,-0.336,-0.112,0.000,-2.715,-1.559,9.379,-28.688,76.250,70.188,000000,80.00,37.560000,126.930000,0,1730.0,SIM;ENABLE,350.562,16.109,90.204,0.000000,0.000000,0.000000,0.000000,0.000000,0.000000,0.00,0.00,1266,1833,60.0000,"$1070,05:01:18,505,A,0,58.14,32.96,1006.25,7.370,0.790,5.822,-0.336,-0.112,0.000,-2.715,-1.559,9.379,-28.688,76.250,70.188,000000,80.00,37.560000,126.930000,0,1730.0,SIM;ENABLE,350.562,16.109,90.204,0.000000,0.000000,0.000000,0.000000,0.000000,0.000000,0.00,0.00,1266,1833,60.0000"
2026-05-08T05:01:29.625,1070,05:01:19,506,A,0,58.52,32.96,1006.28,7.370,0.790,5.822,-0.336,-0.112,0.000,-2.715,-1.559,9.379,-28.688,76.250,70.188,000000,80.00,37.560000,126.930000,0,1720.0,SIM;ENABLE,350.562,16.109,90.204,0.000000,0.000000,0.000000,0.000000,0.000000,0.000000,0.00,0.00,1266,1833,60.0000,"$1070,05:01:19,506,A,0,58.52,32.96,1006.28,7.370,0.790,5.822,-0.336,-0.112,0.000,-2.715,-1.559,9.379,-28.688,76.250,70.188,000000,80.00,37.560000,126.930000,0,1720.0,SIM;ENABLE,350.562,16.109,90.204,0.000000,0.000000,0.000000,0.000000,0.000000,0.000000,0.00,0.00,1266,1833,60.0000"
2026-05-08T05:01:30.235,1070,05:01:21,507,A,0,58.02,32.95,1006.28,7.360,0.770,5.667,-0.336,-0.112,0.$1070,05:01:22,508,A,0,58.05,32.96,1006.29,7.360,0.770,5.667,-0.336,-0.112,0.000,-2.715,-1.559,9.379,-28.688,76.250,70.188,000000,80.00,37.560000,126.930000,0,1720.0,SIM;ENABLE,350.562,"$1070,05:01:21,507,A,0,58.02,32.95,1006.28,7.360,0.770,5.667,-0.336,-0.112,0.$1070,05:01:22,508,A,0,58.05,32.96,1006.29,7.360,0.770,5.667,-0.336,-0.112,0.000,-2.715,-1.559,9.379,-28.688,76.250,70.188,000000,80.00,37.560000,126.930000,0,1720.0,SIM;ENABLE,350.562,16.109,90.204,0.000000,0.000000,0.000000,0.000000,0.000000,0.000000,0.00,0.00,1266,1833,60.0000"
2026-05-08T05:01:33.742,1070,05:01:23,509,A,0,58.48,32.97,1006.26,7.370,0.790,5.822,-0.336,-0.112,0.000,-2.715,-1.559,9.379,-28.688,76.250,70.188,000000,80.00,37.560000,126.930000,0,1720.0,SIM;ENABLE,350.562,16.109,90.204,0.000000,0.000000,0.000000,0.000$1070,05:01:24,510,A,0,58.48,32.98,1006.24,"$1070,05:01:23,509,A,0,58.48,32.97,1006.26,7.370,0.790,5.822,-0.336,-0.112,0.000,-2.715,-1.559,9.379,-28.688,76.250,70.188,000000,80.00,37.560000,126.930000,0,1720.0,SIM;ENABLE,350.562,16.109,90.204,0.000000,0.000000,0.000000,0.000$1070,05:01:24,510,A,0,58.48,32.98,1006.24,7.370,0.790,5.822,-0.336,-0.112,0.000,-2.715,-1.559,9.379,-28.688,76.250,70.188,000000,80.00,37.560000,126.930000,0,1720.0,SIM;ENABLE,350.562,16.109,90.204,0.000000,0.000000,0.000000,0.000000,0.000000,0.000000,0.0$1070,05:01:25,511,A,0,58.39,32.98,1006.26,7.360,0.770,5.667,-0.336,-0.112,0.000,-2.715,-1.559,9.379,-28.688,76.250,70.188,000000,80.00,37.560000,126.930000,0,1720.0,SIM;ENABLE,350.562,16.109,90.204,0.000000,0.000000,0.000000,0.000000,0.000000,0.000000,0.00,0.00,1266,1833,60.0000"
2026-05-08T05:01:35.184,1070,05:01:26,512,A,0,58.28,32.98,1006.27,7.360,0.770,5.667,-0.336,-0.112,0.000,-2.715,-1.559,9.379,-28.688,76.250,70.188,00$1070,05:01:27,513,A,0,58.10,32.98,1006.27,7.370,0.790,5.822,-0.336,-0.112,0.000,-2.715,-1.559,9.379,-28.688,76.250,70.188,000000,"$1070,05:01:26,512,A,0,58.28,32.98,1006.27,7.360,0.770,5.667,-0.336,-0.112,0.000,-2.715,-1.559,9.379,-28.688,76.250,70.188,00$1070,05:01:27,513,A,0,58.10,32.98,1006.27,7.370,0.790,5.822,-0.336,-0.112,0.000,-2.715,-1.559,9.379,-28.688,76.250,70.188,000000,80.00,37.560000,126.930000,0,1720.0,SIM;ENABLE,350.562,16.109,90.204,0.000000,0.000000,0.000000,0.000000,0.000000,0.000000,0.00,0.00,1266,1833,60.0000"
2026-05-08T05:01:36.641,1070,05:01:28,514,A,0,58.69,32.98,1006.28,7.370,0.790,5.822,-0.336,-0.112,0.000,-2.715,-1.559,9.379,-28.688,76.250,70.188,000000,80.00,37.560000,126.930000,0,1720.0,SIM;ENABLE,350.562,16.109,90.204,0.000000,0.000000,0.000000,0.000000,0.000000,0.000000,0.00,0.00,1266,1833,60.0000,"$1070,05:01:28,514,A,0,58.69,32.98,1006.28,7.370,0.790,5.822,-0.336,-0.112,0.000,-2.715,-1.559,9.379,-28.688,76.250,70.188,000000,80.00,37.560000,126.930000,0,1720.0,SIM;ENABLE,350.562,16.109,90.204,0.000000,0.000000,0.000000,0.000000,0.000000,0.000000,0.00,0.00,1266,1833,60.0000"
2026-05-08T05:01:37.039,1070,05:01:29,515,A,0,58.30,32.99,1006.25,7.360,0.770,5.667,-0.336,-0.112,0.000,-2.715,-1.559,9.379,-28.688,76.250,70.188,000000,80.00,37.560000,126.930000,0,1720.0,SIM;ENABLE,350.562,16.109,90.204,0.000000,0.000000,0.000000,0.000000,0.000000,0.000000,0.00,0.00,1266,1833,60.0000,"$1070,05:01:29,515,A,0,58.30,32.99,1006.25,7.360,0.770,5.667,-0.336,-0.112,0.000,-2.715,-1.559,9.379,-28.688,76.250,70.188,000000,80.00,37.560000,126.930000,0,1720.0,SIM;ENABLE,350.562,16.109,90.204,0.000000,0.000000,0.000000,0.000000,0.000000,0.000000,0.00,0.00,1266,1833,60.0000"
2026-05-08T05:01:37.872,1070,05:01:30,516,A,0,58.65,33.00,1006.25,7.360,0.770,5.667,-0.336,-0.112,0.000,-2.715,-1.559,9.379,-28.688,76.250,70.188,000000,80.00,37.560000,126.930000,0,1720.0,SIM;ENABLE,350.562,16.109,90.204,0.000000,0.000000,0.000000,0.000000,0.000000,0.000000,0.00,0.00,1266,1833,60.0000,"$1070,05:01:30,516,A,0,58.65,33.00,1006.25,7.360,0.770,5.667,-0.336,-0.112,0.000,-2.715,-1.559,9.379,-28.688,76.250,70.188,000000,80.00,37.560000,126.930000,0,1720.0,SIM;ENABLE,350.562,16.109,90.204,0.000000,0.000000,0.000000,0.000000,0.000000,0.000000,0.00,0.00,1266,1833,60.0000"
2026-05-08T05:01:41.790,1070,05:01:31,517,A,0,58.44,33.00,1006.25,7.370,0.790,5.822,-0.336,-0.112,0.000,-2.715,-1.559,9.379,-$1070,05:01:32,518,A,0,58.33,32.99,1006.27,7.370,0.790,5.822,-0.336,-0.112,0.000,-2.715,-1.559,9.379,-28.688,76.250,70.188,000000,80.00,37.560000,126.930000,"$1070,05:01:31,517,A,0,58.44,33.00,1006.25,7.370,0.790,5.822,-0.336,-0.112,0.000,-2.715,-1.559,9.379,-$1070,05:01:32,518,A,0,58.33,32.99,1006.27,7.370,0.790,5.822,-0.336,-0.112,0.000,-2.715,-1.559,9.379,-28.688,76.250,70.188,000000,80.00,37.560000,126.930000,0,1720.0,SIM;ENABLE,350.562,16.109,90.204,0.000000,0.000000,0.000000,0.000000,0.000000,0.000000,0.0$1070,05:01:33,519,A,0,58.24,33.00,1006.28,7.360,0.770,5.667,-0.336,-0.112,0.000,-2.715,-1.559,9.379,-28.688,76.250,70.188,000000,80.00,37.560000,126.930000,0,1730.0,SIM;ENABLE,350.562,16.109,90.204,0.000000,0.000000,0.000000,0.000000,0.000000,0.000000,0.00,0.00,1266,1833,60.0000"
2026-05-08T05:01:42.203,1070,05:01:34,520,A,0,58.35,33.00,1006.26,7.360,0.770,5.667,-0.336,-0.112,0.000,-2.715,-1.559,9.379,-28.688,76.250,70.188,000000,80.00,37.560000,126.930000,0,1720.0,SIM;ENABLE,350.562,16.109,90.204,0.000000,0.000000,0.000000,0.000000,0.000000,0.000000,0.00,0.00,1266,1833,60.0000,"$1070,05:01:34,520,A,0,58.35,33.00,1006.26,7.360,0.770,5.667,-0.336,-0.112,0.000,-2.715,-1.559,9.379,-28.688,76.250,70.188,000000,80.00,37.560000,126.930000,0,1720.0,SIM;ENABLE,350.562,16.109,90.204,0.000000,0.000000,0.000000,0.000000,0.000000,0.000000,0.00,0.00,1266,1833,60.0000"
2026-05-08T05:01:42.615,1070,05:01:35,521,A,0,58.38,33.01,1006.26,7.370,0.790,5.822,-0.336,-0.112,0.000,-2.715,-1.559,9.379,-28.688,76.250,70.188,000000,80.00,37.560000,126.930000,0,1710.0,SIM;ENABLE,350.562,16.109,90.204,0.000000,0.000000,0.000000,0.000000,0.000000,0.000000,0.00,0.00,1266,1833,60.0000,"$1070,05:01:35,521,A,0,58.38,33.01,1006.26,7.370,0.790,5.822,-0.336,-0.112,0.000,-2.715,-1.559,9.379,-28.688,76.250,70.188,000000,80.00,37.560000,126.930000,0,1710.0,SIM;ENABLE,350.562,16.109,90.204,0.000000,0.000000,0.000000,0.000000,0.000000,0.000000,0.00,0.00,1266,1833,60.0000"
2026-05-08T05:01:43.249,1070,05:01:36,522,S,0,58.49,33.02,1006.26,7.370,0.790,5.822,-0.336,-0.112,0.000,-2.715,-1.559,9.379,-$1070,05:01:37,523,S,0,58.29,33.02,1006.23,7.360,0.770,5.667,-0.336,-0.112,0.000,-2.715,-1.559,9.379,-28.688,76.250,70.188,000000,80.00,37.560000,126.930000,"$1070,05:01:36,522,S,0,58.49,33.02,1006.26,7.370,0.790,5.822,-0.336,-0.112,0.000,-2.715,-1.559,9.379,-$1070,05:01:37,523,S,0,58.29,33.02,1006.23,7.360,0.770,5.667,-0.336,-0.112,0.000,-2.715,-1.559,9.379,-28.688,76.250,70.188,000000,80.00,37.560000,126.930000,0,1720.0,SIM;ACTIVATE,350.562,16.109,90.204,0.000000,0.000000,0.000000,0.000000,0.000000,0.000000,0.00,0.00,1266,1833,60.0000"
2026-05-08T05:01:45.711,1070,05:01:38,524,S,0,58.11,33.03,1006.29,7.360,0.770,5.667,-0.336,-0.112,0.000,-2.715,-1.559,9.379,-28.688,76.250,70.188,000000,80.00,37.560000,126.930000,0,1720.0,SIM;ACTIVATE,350.562,16.109,90.204,0.000000,0.000000,0.000000,0.000000,0.000000,0.000000,0.00,0.00,1266,1833,60.0000,"$1070,05:01:38,524,S,0,58.11,33.03,1006.29,7.360,0.770,5.667,-0.336,-0.112,0.000,-2.715,-1.559,9.379,-28.688,76.250,70.188,000000,80.00,37.560000,126.930000,0,1720.0,SIM;ACTIVATE,350.562,16.109,90.204,0.000000,0.000000,0.000000,0.000000,0.000000,0.000000,0.00,0.00,1266,1833,60.0000"
2026-05-08T05:01:46.538,1070,05:01:39,525,S,0,58.52,33.02,1006.25,7.370,0.790,5.822,-0.336,-0.112,0.000,-2.715,-1.559,9.379,-28.688,76.250,70.188,000000,80.00,37.560000,126.930000,0,1720.0,SIM;ACTIVATE,350.562,16.109,90.204,0.000000,0.000000,0.000000,0.000000,0.000000,0.000000,0.00,0.00,1266,1833,60.0000,"$1070,05:01:39,525,S,0,58.52,33.02,1006.25,7.370,0.790,5.822,-0.336,-0.112,0.000,-2.715,-1.559,9.379,-28.688,76.250,70.188,000000,80.00,37.560000,126.930000,0,1720.0,SIM;ACTIVATE,350.562,16.109,90.204,0.000000,0.000000,0.000000,0.000000,0.000000,0.000000,0.00,0.00,1266,1833,60.0000"
2026-05-08T05:01:47.585,1070,05:01:40,526,S,0,58.40,33.02,1006.24,7.370,0.790,5.822,-0.336,-0.110.000,-2.715,-1.559,9.379,-28.688,76.250,70.188,000000,80.00,37.560000,126.930000,0,1720.0,SIM;ACTIVATE,350.562,16.109,90.204,0.000000,0.000000,0.000000,0.000000,0.000000,0.000000,0.00,0.00,1266,1833,60.0000,,"$1070,05:01:40,526,S,0,58.40,33.02,1006.24,7.370,0.790,5.822,-0.336,-0.110.000,-2.715,-1.559,9.379,-28.688,76.250,70.188,000000,80.00,37.560000,126.930000,0,1720.0,SIM;ACTIVATE,350.562,16.109,90.204,0.000000,0.000000,0.000000,0.000000,0.000000,0.000000,0.00,0.00,1266,1833,60.0000"
2026-05-08T05:01:49.460,1070,05:01:42,528,S,0,58.43,33.03,1006.33,7.360,0.770,5.667,-0.336,-0.112,0.000,-2.715,-1.559,9.379,-28.688,76.250,70.188,000000,80.00,37.560000,126.930000,0,1730.0,SIM;ACTIVATE,350.562,16.109,90.204,0.000000,0.000000,0.000000,0.000000,0.000000,0.000000,0.00,0.00,1266,1833,60.0000,"$1070,05:01:42,528,S,0,58.43,33.03,1006.33,7.360,0.770,5.667,-0.336,-0.112,0.000,-2.715,-1.559,9.379,-28.688,76.250,70.188,000000,80.00,37.560000,126.930000,0,1730.0,SIM;ACTIVATE,350.562,16.109,90.204,0.000000,0.000000,0.000000,0.000000,0.000000,0.000000,0.00,0.00,1266,1833,60.0000"
2026-05-08T05:01:49.860,1070,05:01:43,529,S,0,57.96,33.03,1006.29,7.370,0.790,5.822,-0.336,-0.112,0.000,-2.715,-1.559,9.379,-28.688,76.250,70.188,000000,80.00,37.560000,126.930000,0,1730.0,SIM;ACTIVATE,350.562,16.109,90.204,0.000000,0.000000,0.000000,0.000000,0.000000,0.000000,0.00,0.00,1266,1833,60.0000,"$1070,05:01:43,529,S,0,57.96,33.03,1006.29,7.370,0.790,5.822,-0.336,-0.112,0.000,-2.715,-1.559,9.379,-28.688,76.250,70.188,000000,80.00,37.560000,126.930000,0,1730.0,SIM;ACTIVATE,350.562,16.109,90.204,0.000000,0.000000,0.000000,0.000000,0.000000,0.000000,0.00,0.00,1266,1833,60.0000"
2026-05-08T05:01:53.148,1070,05:01:44,530,S,0,120.00,33.04,1006.26,7.370,0.790,5.822,-0.336,-0.112,0.000,-2.715,-1.559,9.379,-28.688,76.250,70.188,000000,80.00,37.560000,126.930000,0,1730.0,SIMP;120,350.562,16.109,90.204,0.000000,0.000000,0.000000,0.000000,0.000000,0.000000,0.00,0.00,1266,1833,60.0000,"$1070,05:01:44,530,S,0,120.00,33.04,1006.26,7.370,0.790,5.822,-0.336,-0.112,0.000,-2.715,-1.559,9.379,-28.688,76.250,70.188,000000,80.00,37.560000,126.930000,0,1730.0,SIMP;120,350.562,16.109,90.204,0.000000,0.000000,0.000000,0.000000,0.000000,0.000000,0.00,0.00,1266,1833,60.0000"
2026-05-08T05:01:53.577,1070,05:01:45,531,S,0,58.43,33.02,1006.24,7.360,0.770,5.667,-0.336,-0.112,0.000,-2.715,-1.559,9.379,-28.688,76.250,70.188,000000,80.00,37.560000,126.930000,0,1730.0,SIMP;120,350.562,16.109,90.204,0.000000,0.000000,0.000000,0.000000,0.000000,0.000000,0.00,0.00,1266,1833,60.0000,"$1070,05:01:45,531,S,0,58.43,33.02,1006.24,7.360,0.770,5.667,-0.336,-0.112,0.000,-2.715,-1.559,9.379,-28.688,76.250,70.188,000000,80.00,37.560000,126.930000,0,1730.0,SIMP;120,350.562,16.109,90.204,0.000000,0.000000,0.000000,0.000000,0.000000,0.000000,0.00,0.00,1266,1833,60.0000"
2026-05-08T05:01:57.895,1070,05:01:46,532,S,0,58.25,33.04,1006.31,7.360,0.770,5.667,-0.336,-0.112,0.000,-2.715,-1.559,9.379,-28.688,76.250,70.188,000000,80.00,37.560000,126.930000,0,1720.0,SIMP;120,350.562,16.109,90.204,0.000000,0.000000,0.000000,0.000000,0.000000,0.000000,0.00,0.00,1266,1833,60.0000,"$1070,05:01:46,532,S,0,58.25,33.04,1006.31,7.360,0.770,5.667,-0.336,-0.112,0.000,-2.715,-1.559,9.379,-28.688,76.250,70.188,000000,80.00,37.560000,126.930000,0,1720.0,SIMP;120,350.562,16.109,90.204,0.000000,0.000000,0.000000,0.000000,0.000000,0.000000,0.00,0.00,1266,1833,60.0000"
2026-05-08T05:01:58.341,1070,05:01:47,533,S,0,58.37,33.04,1006.24,7.370,0.790,5.822,-0.336,-0.112,0.000,-2.715,-1.559,9.379,-28.688,76.250,70.188,000000,80.00,37.560000,126.930000,0,1730.0,SIMP;120,350.562,16.109,90.204,0.000000,0.000000,0.000000,0.000000,0.000000,0.000000,0.00,0.00,1266,1833,60.0000,"$1070,05:01:47,533,S,0,58.37,33.04,1006.24,7.370,0.790,5.822,-0.336,-0.112,0.000,-2.715,-1.559,9.379,-28.688,76.250,70.188,000000,80.00,37.560000,126.930000,0,1730.0,SIMP;120,350.562,16.109,90.204,0.000000,0.000000,0.000000,0.000000,0.000000,0.000000,0.00,0.00,1266,1833,60.0000"
2026-05-08T05:01:58.720,1070,05:01:48,534,S,0,58.57,33.05,1006.22,7.370,0.790,5.822,-0.336,-0.112,0.000,$1070,05:01:49,535,S,0,58.37,33.05,1006.26,7.360,0.770,5.667,-0.336,-0.112,0.000,-2.715,-1.559,9.379,-28.688,76.250,70.188,000000,80.00,37.560000,126.930000,0,1720.0,SIMP;120,"$1070,05:01:48,534,S,0,58.57,33.05,1006.22,7.370,0.790,5.822,-0.336,-0.112,0.000,$1070,05:01:49,535,S,0,58.37,33.05,1006.26,7.360,0.770,5.667,-0.336,-0.112,0.000,-2.715,-1.559,9.379,-28.688,76.250,70.188,000000,80.00,37.560000,126.930000,0,1720.0,SIMP;120,350.562,16.109,90.204,0.000000,0.000000,0.000000,0.000000,0.000000,0.000000,0.00,0.00,1266,1833,60.0000"
2026-05-08T05:02:01.207,1070,05:01:50,536,S,0,58.48,33.06,1006.26,7.360,0.770,5.667,-0.336,-0.112,0.000,-2.715,-1.559,9.379,-28.688,76.250,70.188,000000,80.00,37.560000,126.930000,0,1720.0,SIMP;120,350.562,16.109,90.204,0.000000,0.000000,0.000000,0.000000,0.000000,0.000000,0.00,0.00,1266,1833,60.0000,"$1070,05:01:50,536,S,0,58.48,33.06,1006.26,7.360,0.770,5.667,-0.336,-0.112,0.000,-2.715,-1.559,9.379,-28.688,76.250,70.188,000000,80.00,37.560000,126.930000,0,1720.0,SIMP;120,350.562,16.109,90.204,0.000000,0.000000,0.000000,0.000000,0.000000,0.000000,0.00,0.00,1266,1833,60.0000"
2026-05-08T05:02:06.753,1070,05:01:54,540,S,0,58.24,33.07,1006.26,7.360,0.770,5.667,-0.336,-0.112,0.000,-2.715,-1.559,9.379,-28.688,76.250,70.188,000000,80.00,37.560000,126.930000,0,1730.0,SIMP;120,350.562,16.109,90.204,0.000000,0.000000,0.000000,0.000000,0.000000,0.000000,0.00,0.00,1266,1833,60.0000,"$1070,05:01:54,540,S,0,58.24,33.07,1006.26,7.360,0.770,5.667,-0.336,-0.112,0.000,-2.715,-1.559,9.379,-28.688,76.250,70.188,000000,80.00,37.560000,126.930000,0,1730.0,SIMP;120,350.562,16.109,90.204,0.000000,0.000000,0.000000,0.000000,0.000000,0.000000,0.00,0.00,1266,1833,60.0000"
2026-05-08T05:02:07.373,1070,05:01:55,541,S,0,58.15,33.07,1006.31,7.370,0.790,5.822,-0.336,-0.112,0.000,$1070,05:01:56,542,S,0,58.29,33.08,1006.26,7.360,0.770,5.667,-0.336,-0.112,0.000,-2.715,-1.559,9.379,-28.688,76.250,70.188,000000,80.00,37.560000,126.930000,0,1730.0,SIMP;120,"$1070,05:01:55,541,S,0,58.15,33.07,1006.31,7.370,0.790,5.822,-0.336,-0.112,0.000,$1070,05:01:56,542,S,0,58.29,33.08,1006.26,7.360,0.770,5.667,-0.336,-0.112,0.000,-2.715,-1.559,9.379,-28.688,76.250,70.188,000000,80.00,37.560000,126.930000,0,1730.0,SIMP;120,350.562,16.109,90.204,0.000000,0.000000,0.000000,0.000000,0.000000,0.000000,0.00,8,000000,80.00,37.560000,126.930000,0,1730.0,SIMP;120,350.562,16.109,90.204,0.000000,0.000000,0.000000,0.000000,0.000000,0.000000,0.00,0.00,1266,1833,60.0000"
2026-05-08T05:02:08.196,1070,05:01:58,544,S,0,58.65,33.09,1006.26,7.370,0.790,5.822,-0.336,-0.112,0.000,-2.715,-1.559,9.379,-28.688,76.250,70.188,000000,80.00,37.560000,126.930000,0,1720.0,SIMP;120,350.562,16.109,90.204,0.000000,0.000000,0.000000,0.000000,0.000000,0.000000,0.00,0.00,1266,1833,60.0000,"$1070,05:01:58,544,S,0,58.65,33.09,1006.26,7.370,0.790,5.822,-0.336,-0.112,0.000,-2.715,-1.559,9.379,-28.688,76.250,70.188,000000,80.00,37.560000,126.930000,0,1720.0,SIMP;120,350.562,16.109,90.204,0.000000,0.000000,0.000000,0.000000,0.000000,0.000000,0.00,0.00,1266,1833,60.0000"
2026-05-08T05:02:08.607,1070,05:01:59,545,S,0,58.50,33.09,1006.26,7.370,0.790,5.822,-0.336,-0.112,0.000,-2.715,-1.559,9.379,-28.688,76.250,70.188,000000,80.00,37.560000,126.930000,0,1710.0,SIMP;120,350.562,16.109,90.204,0.000000,0.000000,0.000000,0.000000,0.000000,0.000000,0.00,0.00,1266,1833,60.0000,"$1070,05:01:59,545,S,0,58.50,33.09,1006.26,7.370,0.790,5.822,-0.336,-0.112,0.000,-2.715,-1.559,9.379,-28.688,76.250,70.188,000000,80.00,37.560000,126.930000,0,1710.0,SIMP;120,350.562,16.109,90.204,0.000000,0.000000,0.000000,0.000000,0.000000,0.000000,0.00,0.00,1266,1833,60.0000"
2026-05-08T05:02:10.480,1070,05:02:00,546,S,0,58.20,33.11,1006.25,7.360,0.770,5.667,-0.336,-0.112,0.000,-2.715,-1.559,9.379,-28$1070,05:02:01,547,S,0,58.55,33.11,1006.24,7.360,0.770,5.667,-0.336,-0.112,0.000,-2.715,-1.559,9.379,-28.688,76.250,70.188,000000,80.00,37.560000,126.930000,"$1070,05:02:00,546,S,0,58.20,33.11,1006.25,7.360,0.770,5.667,-0.336,-0.112,0.000,-2.715,-1.559,9.379,-28$1070,05:02:01,547,S,0,58.55,33.11,1006.24,7.360,0.770,5.667,-0.336,-0.112,0.000,-2.715,-1.559,9.379,-28.688,76.250,70.188,000000,80.00,37.560000,126.930000,0,1730.0,SIMP;120,350.562,16.109,90.204,0.000000,0.000000,0.000000,0.000000,0.000000,0.000000,0.00,$1070,05:02:06,552,S,0,58.71,33.13,1006.23,7.370,0.790,5.822,-0.336,-0.112,0.000,-2.715,-1.559,9.379,-28.688,76.250,70.188,000000,80.00,37.560000,126.930000,0,1710.0,SIMP;120,350.562,16.109,90.204,0.000000,0.000000,0.000000,0.000000,0.000000,0.000000,0.00,0.00,1266,1833,60.0000"
2026-05-08T05:02:10.883,1070,05:02:07,553,S,0,58.60,33.13,1006.23,7.370,0.790,5.822,-0.336,-0.112,0.000,-2.715,-1.559,9.379,-28.688,76.250,70.188,000000,80.00,37.560000,126.930000,0,1730.0,SIMP;120,350.562,16.109,90.204,0.000000,0.000000,0.000000,0.000000,0.000000,0.000000,0.00,0.00,1266,1833,60.0000,"$1070,05:02:07,553,S,0,58.60,33.13,1006.23,7.370,0.790,5.822,-0.336,-0.112,0.000,-2.715,-1.559,9.379,-28.688,76.250,70.188,000000,80.00,37.560000,126.930000,0,1730.0,SIMP;120,350.562,16.109,90.204,0.000000,0.000000,0.000000,0.000000,0.000000,0.000000,0.00,0.00,1266,1833,60.0000"
2026-05-08T05:02:12.912,1070,05:02:08,554,S,0,58.60,33.14,1006.24,7.360,0.770,5.667,-0.336,-0.112,0.000,-2.715,-1.559,9.379,-28.688,76.250,70.188,000000,80.00,37.560000,126.930000,0,1730.0,SIMP;120,350.562,16.109,90.204,0.000000,0.000000,0.000000,0.000000,0.000000,0.000000,0.00,0.00,1266,1833,60.0000,"$1070,05:02:08,554,S,0,58.60,33.14,1006.24,7.360,0.770,5.667,-0.336,-0.112,0.000,-2.715,-1.559,9.379,-28.688,76.250,70.188,000000,80.00,37.560000,126.930000,0,1730.0,SIMP;120,350.562,16.109,90.204,0.000000,0.000000,0.000000,0.000000,0.000000,0.000000,0.00,0.00,1266,1833,60.0000"
2026-05-08T05:02:13.518,1070,05:02:09,555,S,0,58.53,33.14,1006.24,7.360,0.770,5.667,-0.336,-0.112,0.000,-2.715,-1.559,9.379,-28.688,76.250,70.188,000000,80.00,37.560000,126.930000,0,1720.0,SIMP;120,350.562,16.109,90.204,0.000000,0.000000,0.000000,0.000000,0.000000,0.000000,0.00,0.00,1266,1833,60.0000,"$1070,05:02:09,555,S,0,58.53,33.14,1006.24,7.360,0.770,5.667,-0.336,-0.112,0.000,-2.715,-1.559,9.379,-28.688,76.250,70.188,000000,80.00,37.560000,126.930000,0,1720.0,SIMP;120,350.562,16.109,90.204,0.000000,0.000000,0.000000,0.000000,0.000000,0.000000,0.00,0.00,1266,1833,60.0000"
2026-05-08T05:02:13.920,1070,05:02:10,556,S,0,58.35,33.15,1006.30,7.370,0.790,5.822,-0.336,-0.112,0.000,-2.715,-1.559,9.379,-28.688,76.250,70.188,000000,80.00,37.560000,126.930000,0,1720.0,SIMP;120,350.562,16.109,90.204,0.000000,0.000000,0.000000,0.000000,0.000000,0.000000,0.00,0.00,1266,1833,60.0000,"$1070,05:02:10,556,S,0,58.35,33.15,1006.30,7.370,0.790,5.822,-0.336,-0.112,0.000,-2.715,-1.559,9.379,-28.688,76.250,70.188,000000,80.00,37.560000,126.930000,0,1720.0,SIMP;120,350.562,16.109,90.204,0.000000,0.000000,0.000000,0.000000,0.000000,0.000000,0.00,0.00,1266,1833,60.0000"
2026-05-08T05:02:14.308,1070,05:02:11,557,S,0,58.38,33.16,1006.24,7.370,0.790,5.822,-0.336,-0.112,0.000,-2.715,-1.559,9.379,-28.688,76.250,70.188,000000,80.00,37.560000,126.930000,0,1720.0,SIMP;120,350.562,16.109,90.204,0.000000,0.000000,0.000000,0.000000,0.000000,0.000000,0.00,0.00,1266,1833,60.0000,"$1070,05:02:11,557,S,0,58.38,33.16,1006.24,7.370,0.790,5.822,-0.336,-0.112,0.000,-2.715,-1.559,9.379,-28.688,76.250,70.188,000000,80.00,37.560000,126.930000,0,1720.0,SIMP;120,350.562,16.109,90.204,0.000000,0.000000,0.000000,0.000000,0.000000,0.000000,0.00,0.00,1266,1833,60.0000"
2026-05-08T05:02:14.727,1070,05:02:12,558,S,0,58.38,33.17,1006.28,7.360,0.770,5.667,-0.336,-0.112,0.000,-2.715,-1.559,9.379,-28.688,76.250,70.188,000000,80.00,37.560000,126.930000,0,1720.0,SIMP;120,350.562,16.109,90.204,0.000000,0.000000,0.000000,0.000000,0.000000,0.000000,0.00,0.00,1266,1833,60.0000,"$1070,05:02:12,558,S,0,58.38,33.17,1006.28,7.360,0.770,5.667,-0.336,-0.112,0.000,-2.715,-1.559,9.379,-28.688,76.250,70.188,000000,80.00,37.560000,126.930000,0,1720.0,SIMP;120,350.562,16.109,90.204,0.000000,0.000000,0.000000,0.000000,0.000000,0.000000,0.00,0.00,1266,1833,60.0000"
2026-05-08T05:02:15.925,1070,05:02:13,559,S,0,58.41,33.17,1006.26,7.360,0.770,5.667,-0.336,-0.112,0.000,-2.715,-1.559,9.379,-28.688,76.250,70.188,000000,80.00,37.560000,126.930000,0,1720.0,SIMP;120,350.562,16.109,90.204,0.000000,0.000000,0.000000,0.000000,0.000000,0.000000,0.00,0.00,1266,1833,60.0000,"$1070,05:02:13,559,S,0,58.41,33.17,1006.26,7.360,0.770,5.667,-0.336,-0.112,0.000,-2.715,-1.559,9.379,-28.688,76.250,70.188,000000,80.00,37.560000,126.930000,0,1720.0,SIMP;120,350.562,16.109,90.204,0.000000,0.000000,0.000000,0.000000,0.000000,0.000000,0.00,0.00,1266,1833,60.0000"
2026-05-08T05:02:20.711,1070,05:02:14,560,S,0,58.41,33.17,1006.24,7.370,0.790,5.822,-0.336,-0.112,0.000,-2.715,-1.559,9.379,-28.688,76.250,70.188,000000,80.00,37.560000,126.930000,0,1720.0,SIMP;120,350.562,16.109,90.204,0.000000,0.000000,0.000000,0.000000,0.000000,0.000000,0.00,0.00,1266,1833,60.0000,"$1070,05:02:14,560,S,0,58.41,33.17,1006.24,7.370,0.790,5.822,-0.336,-0.112,0.000,-2.715,-1.559,9.379,-28.688,76.250,70.188,000000,80.00,37.560000,126.930000,0,1720.0,SIMP;120,350.562,16.109,90.204,0.000000,0.000000,0.000000,0.000000,0.000000,0.000000,0.00,0.00,1266,1833,60.0000"
2026-05-08T05:02:21.139,1070,05:02:15,561,S,0,58.43,33.18,1006.27,7.370,0.790,5.822,-0.336,-0.112,0.000,-2.715,-1.559,9.379,-28.688,76.250,70.188,000000,80.00,37.560000,126.930000,0,1720.0,SIMP;120,350.562,16.109,90.204,0.000000,0.000000,0.000000,0.000000,0.000000,0.000000,0.00,0.00,1266,1833,60.0000,"$1070,05:02:15,561,S,0,58.43,33.18,1006.27,7.370,0.790,5.822,-0.336,-0.112,0.000,-2.715,-1.559,9.379,-28.688,76.250,70.188,000000,80.00,37.560000,126.930000,0,1720.0,SIMP;120,350.562,16.109,90.204,0.000000,0.000000,0.000000,0.000000,0.000000,0.000000,0.00,0.00,1266,1833,60.0000"
2026-05-08T05:02:21.757,1070,05:02:16,562,S,0,58.52,33.17,1006.25,7.360,0.770,5.667,-0.336,-0.112,0.000,-2.715,-1.559,9.379,-28.688,76.250,70.188,000000,80.00,37.560000,126.930000,0,1730.0,SIMP;120,350.562,16.109,90.204,0.000000,0.000000,0.000000,0.000000,0.000000,0.000000,0.00,0.00,1266,1833,60.0000,"$1070,05:02:16,562,S,0,58.52,33.17,1006.25,7.360,0.770,5.667,-0.336,-0.112,0.000,-2.715,-1.559,9.379,-28.688,76.250,70.188,000000,80.00,37.560000,126.930000,0,1730.0,SIMP;120,350.562,16.109,90.204,0.000000,0.000000,0.000000,0.000000,0.000000,0.000000,0.00,0.00,1266,1833,60.0000"
2026-05-08T05:02:22.594,1070,05:02:17,563,S,0,58.14,33.18,1006.25,7.360,0.770,5.667,-0.336,-0.112,0.000,-2.715,-1.559,9.379,-28.688,76.250,70.188,000000,80.00,37.560000,126.930000,0,1720.0,SIMP;120,350.562,16.109,90.204,0.000000,0.000000,0.000000,0.000000,0.000000,0.000000,0.00,0.00,1266,1833,60.0000,"$1070,05:02:17,563,S,0,58.14,33.18,1006.25,7.360,0.770,5.667,-0.336,-0.112,0.000,-2.715,-1.559,9.379,-28.688,76.250,70.188,000000,80.00,37.560000,126.930000,0,1720.0,SIMP;120,350.562,16.109,90.204,0.000000,0.000000,0.000000,0.000000,0.000000,0.000000,0.00,0.00,1266,1833,60.0000"
2026-05-08T05:02:32.816,1070,05:02:21,567,S,0,58.30,33.20,1006.28,7.360,0.770,5.667,-0.336,-0.112,0.000,-2.715,-1.559,9.379,-28.688,76.250,70.188,000000,80.00,37.560000,126.930000,0,1720.0,SIMP;120,350.562,16.109,90.204,0.000000,0.000000,0.000000,0.000000,0.000000,0.000000,0.00,0.00,1266,1833,60.0000,"$1070,05:02:21,567,S,0,58.30,33.20,1006.28,7.360,0.770,5.667,-0.336,-0.112,0.000,-2.715,-1.559,9.379,-28.688,76.250,70.188,000000,80.00,37.560000,126.930000,0,1720.0,SIMP;120,350.562,16.109,90.204,0.000000,0.000000,0.000000,0.000000,0.000000,0.000000,0.00,0.00,1266,1833,60.0000"
2026-05-08T05:02:37.497,1070,05:02:22,568,S,0,58.42,33.21,1006.24,7.370,0.790,5.822,-0.336,-0.112,0.000,-2.715,-1.559,9.379,-28.688,76.250,70.188,000000,80.00,37.560000,126.930000,0,1720.0,SIMP;120,350.562,16.109,90.204,0.000000,0.000000,0.000000,0.000000,0.000000,0.000000,0.00,0.00,1266,1833,60.0000,"$1070,05:02:22,568,S,0,58.42,33.21,1006.24,7.370,0.790,5.822,-0.336,-0.112,0.000,-2.715,-1.559,9.379,-28.688,76.250,70.188,000000,80.00,37.560000,126.930000,0,1720.0,SIMP;120,350.562,16.109,90.204,0.000000,0.000000,0.000000,0.000000,0.000000,0.000000,0.00,0.00,1266,1833,60.0000"
2026-05-08T05:02:39.146,1070,05:02:23,569,S,0,58.33,33.21,1006.19,7.370,0.790,5.822,-0.336,-0.112,0.000,-2.715,-1.559,9.379,-28.688,76.250,70.188,000000,80.00,37.560000,126.930000,0,1720.0,SIMP;120,350.562,16.109,90.204,0.000000,0.000000,0.000000,0.000000,0.000000,0.000000,0.00,0.00,1266,1833,60.0000,"$1070,05:02:23,569,S,0,58.33,33.21,1006.19,7.370,0.790,5.822,-0.336,-0.112,0.000,-2.715,-1.559,9.379,-28.688,76.250,70.188,000000,80.00,37.560000,126.930000,0,1720.0,SIMP;120,350.562,16.109,90.204,0.000000,0.000000,0.000000,0.000000,0.000000,0.000000,0.00,0.00,1266,1833,60.0000"
2026-05-08T05:02:42.177,1070,05:02:24,570,S,0,58.65,33.22,1006.25,7.360,0.770,5.667,-0.336,-0.112,0.000,-2.715,-1.559,9.379,-28$1070,05:02:26,572,S,0,58.18,33.24,1006.27,7.370,0.790,5.822,-0.336,-0.112,0.000,-2.715,-1.559,9.379,-28.688,76.250,70.188,000000,80.00,37.560000,126.930000,"$1070,05:02:24,570,S,0,58.65,33.22,1006.25,7.360,0.770,5.667,-0.336,-0.112,0.000,-2.715,-1.559,9.379,-28$1070,05:02:26,572,S,0,58.18,33.24,1006.27,7.370,0.790,5.822,-0.336,-0.112,0.000,-2.715,-1.559,9.379,-28.688,76.250,70.188,000000,80.00,37.560000,126.930000,0,1720.0,SIMP;120,350.562,16.109,90.204,0.000000,0.000000,0.000000,0.000000,0.000000,0.000000,0.00,$1070,05:02:27,573,S,0,58.61,33.25,1006.25,7.370,0.790,5.822,-0.336,-0.112,0.000,-2.715,-1.559,9.379,-28.688,76.250,70.188,000000,80.00,37.560000,126.930000,0,1720.0,SIMP;120,350.562,16.109,90.204,0.000000,0.000000,0.000000,0.000000,0.000000,0.000000,0.00,0.00,37.560000,126.930000,0,1720.0,SIMP;120,350.562,16.109,90.204,0.000000,0.000000,0.000000,0.000000,0.000000,0.000000,0.00,0.00,1266,1833,60.0000"
2026-05-08T05:02:45.649,1070,05:02:33,578,S,0,58.52,33.25,1006.29,7.360,0.770,5.667,-0.336,-0.112,0.000,-2.715,-1.559,9.379,-28.688,76.250,70.188,000000,80.00,37.560000,126.930000,0,1720.0,SIMP;120,350.562,16.109,90.204,0.000000,0.000000,0.000000,0.000000,0.000000,0.000000,0.00,0.00,1266,1833,60.0000,"$1070,05:02:33,578,S,0,58.52,33.25,1006.29,7.360,0.770,5.667,-0.336,-0.112,0.000,-2.715,-1.559,9.379,-28.688,76.250,70.188,000000,80.00,37.560000,126.930000,0,1720.0,SIMP;120,350.562,16.109,90.204,0.000000,0.000000,0.000000,0.000000,0.000000,0.000000,0.00,0.00,1266,1833,60.0000"
2026-05-08T05:02:50.185,1070,05:02:34,579,S,0,58.52,33.25,1006.26,7.360,0.770,5.667,-0.336,-0.112,0.000,-2.715,-1.559,9.379,-28.688,76.250,70.188,000000,80.00,37.560000,126.930000,0,1720.0,SIMP;120,350.562,16.109,90.204,0.000000,0.000000,0.000000,0.000000,8.688,76.250,70.188,000000,80.00,37.560000,126.930000,"$1070,05:02:34,579,S,0,58.52,33.25,1006.26,7.360,0.770,5.667,-0.336,-0.112,0.000,-2.715,-1.559,9.379,-28.688,76.250,70.188,000000,80.00,37.560000,126.930000,0,1720.0,SIMP;120,350.562,16.109,90.204,0.000000,0.000000,0.000000,0.000000,8.688,76.250,70.188,000000,80.00,37.560000,126.930000,0,1720.0,SIMP;120,350.562,16.109,90.204,0.000000,0.000000,0.000000,0.000000,0.000000,0.000000,0.00,0.00,1266,1833,60.0000"
2026-05-08T05:03:01.073,1070,05:02:39,584,S,0,58.39,33.27,1006.26,7.370,0.790,5.822,-0.336,-0.112,0.000,-2.715,-1.559,9.379,-28.688,76.250,70.188,000000,80.00,37.560000,126.930000,0,1720.0,SIMP;120,350.562,16.109,90.204,0.000000,0.000000,0.000000,0.000000,0.000000,0.000000,0.00,0.00,1266,1833,60.0000,"$1070,05:02:39,584,S,0,58.39,33.27,1006.26,7.370,0.790,5.822,-0.336,-0.112,0.000,-2.715,-1.559,9.379,-28.688,76.250,70.188,000000,80.00,37.560000,126.930000,0,1720.0,SIMP;120,350.562,16.109,90.204,0.000000,0.000000,0.000000,0.000000,0.000000,0.000000,0.00,0.00,1266,1833,60.0000"
2026-05-08T05:03:02.937,1070,05:02:40,585,S,0,58.25,33.26,1006.27,7.370,0.790,5.822,-0.336,-0.112,0.000,0,0.770,5.667,-0.336,-0.112,0.000,-2.715,-1.559,9.379,-28.688,76.250,70.188,000000,80.00,37.560000,126.930000,0,1720.0,SIMP;120,350.562,16.109,90.204,0.000000,0.000000,0.000000,0.000000,0.000000,"$1070,05:02:40,585,S,0,58.25,33.26,1006.27,7.370,0.790,5.822,-0.336,-0.112,0.000,0,0.770,5.667,-0.336,-0.112,0.000,-2.715,-1.559,9.379,-28.688,76.250,70.188,000000,80.00,37.560000,126.930000,0,1720.0,SIMP;120,350.562,16.109,90.204,0.000000,0.000000,0.000000,0.000000,0.000000,0.000000,0.00,0.00,1266,1833,60.0000"
2026-05-08T05:03:04.606,1070,05:02:42,587,S,0,58.25,33.26,1006.26,7.360,0.770,5.667,-0.336,-0.112,0.000,-2.715,-1.559,9.379,-28.688,76.250,70.188,000000,80.00,37.560000,126.930000,0,1730.0,SIMP;120,350.562,16.109,90.204,0.000000,0.000000,0.000000,0.000000,0.000000,0.000000,0.00,0.00,1266,1833,60.0000,"$1070,05:02:42,587,S,0,58.25,33.26,1006.26,7.360,0.770,5.667,-0.336,-0.112,0.000,-2.715,-1.559,9.379,-28.688,76.250,70.188,000000,80.00,37.560000,126.930000,0,1730.0,SIMP;120,350.562,16.109,90.204,0.000000,0.000000,0.000000,0.000000,0.000000,0.000000,0.00,0.00,1266,1833,60.0000"
2026-05-08T05:03:04.806,1070,05:02:43,588,S,0,58.28,33.26,1006.24,7.370,0.790,5.822,-0.336,-0.112,0.000,-2.715,-1.559,9.379,-28,16.109,90.204,0.000000,0.000000,0.000000,0.000000,0.000000,0.000000,0.00,0.00,1266,1833,60.0000,,,,,,,,,,,"$1070,05:02:43,588,S,0,58.28,33.26,1006.24,7.370,0.790,5.822,-0.336,-0.112,0.000,-2.715,-1.559,9.379,-28,16.109,90.204,0.000000,0.000000,0.000000,0.000000,0.000000,0.000000,0.00,0.00,1266,1833,60.0000"
2026-05-08T05:03:05.833,1070,05:02:46,591,S,0,57.96,33.26,1006.23,7.360,0.770,5.667,-0.336,-0.112,0.000,-2.715,-1.559,9.379,-28.688,76.250,70.188,000000,80.00,37.560000,126.930000,0,1710.0,SIMP;120,350.562,16.109,90.204,0.000000,0.000000,0.000000,0.000000,0.000000,0.000000,0.00,0.00,1266,1833,60.0000,"$1070,05:02:46,591,S,0,57.96,33.26,1006.23,7.360,0.770,5.667,-0.336,-0.112,0.000,-2.715,-1.559,9.379,-28.688,76.250,70.188,000000,80.00,37.560000,126.930000,0,1710.0,SIMP;120,350.562,16.109,90.204,0.000000,0.000000,0.000000,0.000000,0.000000,0.000000,0.00,0.00,1266,1833,60.0000"
