t,state,diag,mode,reason,fail_reason,pos_q,motion_q,gyrz_q,alt_q,valid,left,right,delta,cmd_dps,xtrack,along,start_lat,start_lon,target_lat,target_lon
0.0,0,IDLE,,IDLE,,,,,,,,,,,,,,,,
0.05,0,IDLE,,IDLE,,,,,,,,,,,,,,,,
0.1,0,IDLE,,IDLE,,,,,,,,,,,,,,,,
0.15000000000000002,0,IDLE,,IDLE,,,,,,,,,,,,,,,,
0.2,0,IDLE,,IDLE,,,,,,,,,,,,,,,,
0.25,0,IDLE,,IDLE,,,,,,,,,,,,,,,,
0.3,0,IDLE,,IDLE,,,,,,,,,,,,,,,,
0.35,0,IDLE,,IDLE,,,,,,,,,,,,,,,,
0.39999999999999997,0,IDLE,,IDLE,,,,,,,,,,,,,,,,
0.44999999999999996,0,IDLE,,IDLE,,,,,,,,,,,,,,,,
0.49999999999999994,0,IDLE,,IDLE,,,,,,,,,,,,,,,,
0.5499999999999999,0,IDLE,,IDLE,,,,,,,,,,,,,,,,
0.6,0,IDLE,,IDLE,,,,,,,,,,,,,,,,
0.65,0,IDLE,,IDLE,,,,,,,,,,,,,,,,
0.7000000000000001,0,IDLE,,IDLE,,,,,,,,,,,,,,,,
0.7500000000000001,0,IDLE,,IDLE,,,,,,,,,,,,,,,,
0.8000000000000002,0,IDLE,,IDLE,,,,,,,,,,,,,,,,
0.8500000000000002,0,IDLE,,IDLE,,,,,,,,,,,,,,,,
0.9000000000000002,0,IDLE,,IDLE,,,,,,,,,,,,,,,,
0.9500000000000003,0,IDLE,,IDLE,,,,,,,,,,,,,,,,
1.0000000000000002,0,IDLE,,IDLE,,,,,,,,,,,,,,,,
1.0500000000000003,0,IDLE,,IDLE,,,,,,,,,,,,,,,,
1.1000000000000003,0,IDLE,,IDLE,,,,,,,,,,,,,,,,
1.1500000000000004,0,IDLE,,IDLE,,,,,,,,,,,,,,,,
1.2000000000000004,0,IDLE,,IDLE,,,,,,,,,,,,,,,,
1.2500000000000004,0,IDLE,,IDLE,,,,,,,,,,,,,,,,
1.3000000000000005,0,IDLE,,IDLE,,,,,,,,,,,,,,,,
1.3500000000000005,0,IDLE,,IDLE,,,,,,,,,,,,,,,,
1.4000000000000006,0,IDLE,,IDLE,,,,,,,,,,,,,,,,
1.4500000000000006,0,IDLE,,IDLE,,,,,,,,,,,,,,,,
1.5000000000000007,0,IDLE,,IDLE,,,,,,,,,,,,,,,,
1.5500000000000007,0,IDLE,,IDLE,,,,,,,,,,,,,,,,
1.6000000000000008,0,IDLE,,IDLE,,,,,,,,,,,,,,,,
1.6500000000000008,0,IDLE,,IDLE,,,,,,,,,,,,,,,,
1.7000000000000008,0,IDLE,,IDLE,,,,,,,,,,,,,,,,
1.7500000000000009,0,IDLE,,IDLE,,,,,,,,,,,,,,,,
1.800000000000001,0,IDLE,,IDLE,,,,,,,,,,,,,,,,
1.850000000000001,0,IDLE,,IDLE,,,,,,,,,,,,,,,,
1.900000000000001,0,IDLE,,IDLE,,,,,,,,,,,,,,,,
1.950000000000001,0,IDLE,,IDLE,,,,,,,,,,,,,,,,
2.000000000000001,0,IDLE,,IDLE,,,,,,,,,,,,,,,,
2.0500000000000007,0,IDLE,,IDLE,,,,,,,,,,,,,,,,
2.1000000000000005,0,IDLE,,IDLE,,,,,,,,,,,,,,,,
2.1500000000000004,0,IDLE,,IDLE,,,,,,,,,,,,,,,,
2.2,0,IDLE,,IDLE,,,,,,,,,,,,,,,,
2.25,0,IDLE,,IDLE,,,,,,,,,,,,,,,,
2.3,0,IDLE,,IDLE,,,,,,,,,,,,,,,,
2.3499999999999996,0,IDLE,,IDLE,,,,,,,,,,,,,,,,
2.3999999999999995,0,IDLE,,IDLE,,,,,,,,,,,,,,,,
2.4499999999999993,0,IDLE,,IDLE,,,,,,,,,,,,,,,,
2.499999999999999,0,IDLE,,IDLE,,,,,,,,,,,,,,,,
2.549999999999999,0,IDLE,,IDLE,,,,,,,,,,,,,,,,
2.5999999999999988,0,IDLE,,IDLE,,,,,,,,,,,,,,,,
2.6499999999999986,0,IDLE,,IDLE,,,,,,,,,,,,,,,,
2.6999999999999984,0,IDLE,,IDLE,,,,,,,,,,,,,,,,
2.7499999999999982,0,IDLE,,IDLE,,,,,,,,,,,,,,,,
2.799999999999998,0,IDLE,,IDLE,,,,,,,,,,,,,,,,
2.849999999999998,0,IDLE,,IDLE,,,,,,,,,,,,,,,,
2.8999999999999977,0,IDLE,,IDLE,,,,,,,,,,,,,,,,
2.9499999999999975,0,IDLE,,IDLE,,,,,,,,,,,,,,,,
2.9999999999999973,0,IDLE,,IDLE,,,,,,,,,,,,,,,,
3.049999999999997,0,IDLE,,IDLE,,,,,,,,,,,,,,,,
3.099999999999997,0,IDLE,,IDLE,,,,,,,,,,,,,,,,
3.149999999999997,0,IDLE,,IDLE,,,,,,,,,,,,,,,,
3.1999999999999966,0,IDLE,,IDLE,,,,,,,,,,,,,,,,
3.2499999999999964,0,IDLE,,IDLE,,,,,,,,,,,,,,,,
3.2999999999999963,0,IDLE,,IDLE,,,,,,,,,,,,,,,,
3.349999999999996,0,IDLE,,IDLE,,,,,,,,,,,,,,,,
3.399999999999996,0,IDLE,,IDLE,,,,,,,,,,,,,,,,
3.4499999999999957,0,IDLE,,IDLE,,,,,,,,,,,,,,,,
3.4999999999999956,0,IDLE,,IDLE,,,,,,,,,,,,,,,,
3.5499999999999954,0,IDLE,,IDLE,,,,,,,,,,,,,,,,
3.599999999999995,0,IDLE,,IDLE,,,,,,,,,,,,,,,,
3.649999999999995,0,IDLE,,IDLE,,,,,,,,,,,,,,,,
3.699999999999995,0,IDLE,,IDLE,,,,,,,,,,,,,,,,
3.7499999999999947,0,IDLE,,IDLE,,,,,,,,,,,,,,,,
3.7999999999999945,0,IDLE,,IDLE,,,,,,,,,,,,,,,,
3.8499999999999943,0,IDLE,,IDLE,,,,,,,,,,,,,,,,
3.899999999999994,0,IDLE,,IDLE,,,,,,,,,,,,,,,,
3.949999999999994,0,IDLE,,IDLE,,,,,,,,,,,,,,,,
3.999999999999994,0,IDLE,,IDLE,,,,,,,,,,,,,,,,
4.049999999999994,0,IDLE,,IDLE,,,,,,,,,,,,,,,,
4.099999999999993,0,IDLE,,IDLE,,,,,,,,,,,,,,,,
4.149999999999993,0,IDLE,,IDLE,,,,,,,,,,,,,,,,
4.199999999999993,0,IDLE,,IDLE,,,,,,,,,,,,,,,,
4.249999999999993,0,IDLE,,IDLE,,,,,,,,,,,,,,,,
4.299999999999993,0,IDLE,,IDLE,,,,,,,,,,,,,,,,
4.3499999999999925,0,IDLE,,IDLE,,,,,,,,,,,,,,,,
4.399999999999992,0,IDLE,,IDLE,,,,,,,,,,,,,,,,
4.449999999999992,0,IDLE,,IDLE,,,,,,,,,,,,,,,,
4.499999999999992,0,IDLE,,IDLE,,,,,,,,,,,,,,,,
4.549999999999992,0,IDLE,,IDLE,,,,,,,,,,,,,,,,
4.599999999999992,0,IDLE,,IDLE,,,,,,,,,,,,,,,,
4.6499999999999915,0,IDLE,,IDLE,,,,,,,,,,,,,,,,
4.699999999999991,0,IDLE,,IDLE,,,,,,,,,,,,,,,,
4.749999999999991,0,IDLE,,IDLE,,,,,,,,,,,,,,,,
4.799999999999991,0,IDLE,,IDLE,,,,,,,,,,,,,,,,
4.849999999999991,0,IDLE,,IDLE,,,,,,,,,,,,,,,,
4.899999999999991,0,IDLE,,IDLE,,,,,,,,,,,,,,,,
4.94999999999999,0,IDLE,,IDLE,,,,,,,,,,,,,,,,
4.99999999999999,0,IDLE,,IDLE,,,,,,,,,,,,,,,,
5.04999999999999,0,IDLE,,IDLE,,,,,,,,,,,,,,,,
5.09999999999999,0,IDLE,,IDLE,,,,,,,,,,,,,,,,
5.14999999999999,0,IDLE,,IDLE,,,,,,,,,,,,,,,,
5.1999999999999895,0,IDLE,,IDLE,,,,,,,,,,,,,,,,
5.249999999999989,0,IDLE,,IDLE,,,,,,,,,,,,,,,,
5.299999999999989,0,IDLE,,IDLE,,,,,,,,,,,,,,,,
5.349999999999989,0,IDLE,,IDLE,,,,,,,,,,,,,,,,
5.399999999999989,0,IDLE,,IDLE,,,,,,,,,,,,,,,,
5.449999999999989,0,IDLE,,IDLE,,,,,,,,,,,,,,,,
5.4999999999999885,0,IDLE,,IDLE,,,,,,,,,,,,,,,,
5.549999999999988,0,IDLE,,IDLE,,,,,,,,,,,,,,,,
5.599999999999988,0,IDLE,,IDLE,,,,,,,,,,,,,,,,
5.649999999999988,0,IDLE,,IDLE,,,,,,,,,,,,,,,,
5.699999999999988,0,IDLE,,IDLE,,,,,,,,,,,,,,,,
5.749999999999988,0,IDLE,,IDLE,,,,,,,,,,,,,,,,
5.799999999999987,0,IDLE,,IDLE,,,,,,,,,,,,,,,,
5.849999999999987,0,IDLE,,IDLE,,,,,,,,,,,,,,,,
5.899999999999987,0,IDLE,,IDLE,,,,,,,,,,,,,,,,
5.949999999999987,0,IDLE,,IDLE,,,,,,,,,,,,,,,,
5.999999999999987,0,IDLE,,IDLE,,,,,,,,,,,,,,,,
6.0499999999999865,0,IDLE,,IDLE,,,,,,,,,,,,,,,,
6.099999999999986,0,IDLE,,IDLE,,,,,,,,,,,,,,,,
6.149999999999986,0,IDLE,,IDLE,,,,,,,,,,,,,,,,
6.199999999999986,0,IDLE,,IDLE,,,,,,,,,,,,,,,,
6.249999999999986,0,IDLE,,IDLE,,,,,,,,,,,,,,,,
6.299999999999986,0,IDLE,,IDLE,,,,,,,,,,,,,,,,
6.349999999999985,0,IDLE,,IDLE,,,,,,,,,,,,,,,,
6.399999999999985,0,IDLE,,IDLE,,,,,,,,,,,,,,,,
6.449999999999985,0,IDLE,,IDLE,,,,,,,,,,,,,,,,
6.499999999999985,0,IDLE,,IDLE,,,,,,,,,,,,,,,,
6.549999999999985,0,IDLE,,IDLE,,,,,,,,,,,,,,,,
6.5999999999999845,0,IDLE,,IDLE,,,,,,,,,,,,,,,,
6.649999999999984,0,IDLE,,IDLE,,,,,,,,,,,,,,,,
6.699999999999984,0,IDLE,,IDLE,,,,,,,,,,,,,,,,
6.749999999999984,0,IDLE,,IDLE,,,,,,,,,,,,,,,,
6.799999999999984,0,IDLE,,IDLE,,,,,,,,,,,,,,,,
6.849999999999984,0,IDLE,,IDLE,,,,,,,,,,,,,,,,
6.8999999999999835,0,IDLE,,IDLE,,,,,,,,,,,,,,,,
6.949999999999983,0,IDLE,,IDLE,,,,,,,,,,,,,,,,
6.999999999999983,0,IDLE,,IDLE,,,,,,,,,,,,,,,,
7.049999999999983,1,IDLE,,IDLE,,,,,,,,,,,,,,,,
7.099999999999983,1,IDLE,,IDLE,,,,,,,,,,,,,,,,
7.149999999999983,1,IDLE,,IDLE,,,,,,,,,,,,,,,,
7.199999999999982,1,IDLE,,IDLE,,,,,,,,,,,,,,,,
7.249999999999982,1,IDLE,,IDLE,,,,,,,,,,,,,,,,
7.299999999999982,1,IDLE,,IDLE,,,,,,,,,,,,,,,,
7.349999999999982,1,IDLE,,IDLE,,,,,,,,,,,,,,,,
7.399999999999982,1,IDLE,,IDLE,,,,,,,,,,,,,,,,
7.4499999999999815,1,IDLE,,IDLE,,,,,,,,,,,,,,,,
7.499999999999981,1,IDLE,,IDLE,,,,,,,,,,,,,,,,
7.549999999999981,1,IDLE,,IDLE,,,,,,,,,,,,,,,,
7.599999999999981,1,IDLE,,IDLE,,,,,,,,,,,,,,,,
7.649999999999981,1,IDLE,,IDLE,,,,,,,,,,,,,,,,
7.699999999999981,1,IDLE,,IDLE,,,,,,,,,,,,,,,,
7.7499999999999805,1,IDLE,,IDLE,,,,,,,,,,,,,,,,
7.79999999999998,1,IDLE,,IDLE,,,,,,,,,,,,,,,,
7.84999999999998,1,IDLE,,IDLE,,,,,,,,,,,,,,,,
7.89999999999998,1,IDLE,,IDLE,,,,,,,,,,,,,,,,
7.94999999999998,1,IDLE,,IDLE,,,,,,,,,,,,,,,,
7.99999999999998,1,IDLE,,IDLE,,,,,,,,,,,,,,,,
8.04999999999998,1,IDLE,,IDLE,,,,,,,,,,,,,,,,
8.09999999999998,1,IDLE,,IDLE,,,,,,,,,,,,,,,,
8.14999999999998,1,IDLE,,IDLE,,,,,,,,,,,,,,,,
8.199999999999982,1,IDLE,,IDLE,,,,,,,,,,,,,,,,
8.249999999999982,1,IDLE,,IDLE,,,,,,,,,,,,,,,,
8.299999999999983,1,IDLE,,IDLE,,,,,,,,,,,,,,,,
8.349999999999984,1,IDLE,,IDLE,,,,,,,,,,,,,,,,
8.399999999999984,1,IDLE,,IDLE,,,,,,,,,,,,,,,,
8.449999999999985,1,IDLE,,IDLE,,,,,,,,,,,,,,,,
8.499999999999986,1,IDLE,,IDLE,,,,,,,,,,,,,,,,
8.549999999999986,1,IDLE,,IDLE,,,,,,,,,,,,,,,,
8.599999999999987,1,IDLE,,IDLE,,,,,,,,,,,,,,,,
8.649999999999988,1,IDLE,,IDLE,,,,,,,,,,,,,,,,
8.699999999999989,1,IDLE,,IDLE,,,,,,,,,,,,,,,,
8.74999999999999,1,IDLE,,IDLE,,,,,,,,,,,,,,,,
8.79999999999999,1,IDLE,,IDLE,,,,,,,,,,,,,,,,
8.84999999999999,1,IDLE,,IDLE,,,,,,,,,,,,,,,,
8.899999999999991,1,IDLE,,IDLE,,,,,,,,,,,,,,,,
8.949999999999992,1,IDLE,,IDLE,,,,,,,,,,,,,,,,
8.999999999999993,1,IDLE,,IDLE,,,,,,,,,,,,,,,,
9.049999999999994,1,IDLE,,IDLE,,,,,,,,,,,,,,,,
9.099999999999994,1,IDLE,,IDLE,,,,,,,,,,,,,,,,
9.149999999999995,1,IDLE,,IDLE,,,,,,,,,,,,,,,,
9.199999999999996,1,IDLE,,IDLE,,,,,,,,,,,,,,,,
9.249999999999996,1,IDLE,,IDLE,,,,,,,,,,,,,,,,
9.299999999999997,1,IDLE,,IDLE,,,,,,,,,,,,,,,,
9.349999999999998,1,IDLE,,IDLE,,,,,,,,,,,,,,,,
9.399999999999999,1,IDLE,,IDLE,,,,,,,,,,,,,,,,
9.45,1,IDLE,,IDLE,,,,,,,,,,,,,,,,
9.5,1,IDLE,,IDLE,,,,,,,,,,,,,,,,
9.55,1,IDLE,,IDLE,,,,,,,,,,,,,,,,
9.600000000000001,1,IDLE,,IDLE,,,,,,,,,,,,,,,,
9.650000000000002,1,IDLE,,IDLE,,,,,,,,,,,,,,,,
9.700000000000003,1,IDLE,,IDLE,,,,,,,,,,,,,,,,
9.750000000000004,1,IDLE,,IDLE,,,,,,,,,,,,,,,,
9.800000000000004,1,IDLE,,IDLE,,,,,,,,,,,,,,,,
9.850000000000005,1,IDLE,,IDLE,,,,,,,,,,,,,,,,
9.900000000000006,1,IDLE,,IDLE,,,,,,,,,,,,,,,,
9.950000000000006,1,IDLE,,IDLE,,,,,,,,,,,,,,,,
10.000000000000007,1,IDLE,,IDLE,,,,,,,,,,,,,,,,
10.050000000000008,1,IDLE,,IDLE,,,,,,,,,,,,,,,,
10.100000000000009,1,IDLE,,IDLE,,,,,,,,,,,,,,,,
10.15000000000001,1,IDLE,,IDLE,,,,,,,,,,,,,,,,
10.20000000000001,1,IDLE,,IDLE,,,,,,,,,,,,,,,,
10.25000000000001,1,IDLE,,IDLE,,,,,,,,,,,,,,,,
10.300000000000011,1,IDLE,,IDLE,,,,,,,,,,,,,,,,
10.350000000000012,1,IDLE,,IDLE,,,,,,,,,,,,,,,,
10.400000000000013,1,IDLE,,IDLE,,,,,,,,,,,,,,,,
10.450000000000014,1,IDLE,,IDLE,,,,,,,,,,,,,,,,
10.500000000000014,1,IDLE,,IDLE,,,,,,,,,,,,,,,,
10.550000000000015,1,IDLE,,IDLE,,,,,,,,,,,,,,,,
10.600000000000016,1,IDLE,,IDLE,,,,,,,,,,,,,,,,
10.650000000000016,1,IDLE,,IDLE,,,,,,,,,,,,,,,,
10.700000000000017,1,IDLE,,IDLE,,,,,,,,,,,,,,,,
10.750000000000018,1,IDLE,,IDLE,,,,,,,,,,,,,,,,
10.800000000000018,1,IDLE,,IDLE,,,,,,,,,,,,,,,,
10.85000000000002,1,IDLE,,IDLE,,,,,,,,,,,,,,,,
10.90000000000002,1,IDLE,,IDLE,,,,,,,,,,,,,,,,
10.95000000000002,1,IDLE,,IDLE,,,,,,,,,,,,,,,,
11.000000000000021,1,IDLE,,IDLE,,,,,,,,,,,,,,,,
11.050000000000022,1,IDLE,,IDLE,,,,,,,,,,,,,,,,
11.100000000000023,1,IDLE,,IDLE,,,,,,,,,,,,,,,,
11.150000000000023,1,IDLE,,IDLE,,,,,,,,,,,,,,,,
11.200000000000024,1,IDLE,,IDLE,,,,,,,,,,,,,,,,
11.250000000000025,1,IDLE,,IDLE,,,,,,,,,,,,,,,,
11.300000000000026,1,IDLE,,IDLE,,,,,,,,,,,,,,,,
11.350000000000026,1,IDLE,,IDLE,,,,,,,,,,,,,,,,
11.400000000000027,1,IDLE,,IDLE,,,,,,,,,,,,,,,,
11.450000000000028,1,IDLE,,IDLE,,,,,,,,,,,,,,,,
11.500000000000028,1,IDLE,,IDLE,,,,,,,,,,,,,,,,
11.55000000000003,1,IDLE,,IDLE,,,,,,,,,,,,,,,,
11.60000000000003,1,IDLE,,IDLE,,,,,,,,,,,,,,,,
11.65000000000003,1,IDLE,,IDLE,,,,,,,,,,,,,,,,
11.700000000000031,1,IDLE,,IDLE,,,,,,,,,,,,,,,,
11.750000000000032,1,IDLE,,IDLE,,,,,,,,,,,,,,,,
11.800000000000033,1,IDLE,,IDLE,,,,,,,,,,,,,,,,
11.850000000000033,1,IDLE,,IDLE,,,,,,,,,,,,,,,,
11.900000000000034,1,IDLE,,IDLE,,,,,,,,,,,,,,,,
11.950000000000035,1,IDLE,,IDLE,,,,,,,,,,,,,,,,
12.000000000000036,1,IDLE,,IDLE,,,,,,,,,,,,,,,,
12.050000000000036,1,IDLE,,IDLE,,,,,,,,,,,,,,,,
12.100000000000037,1,IDLE,,IDLE,,,,,,,,,,,,,,,,
12.150000000000038,1,IDLE,,IDLE,,,,,,,,,,,,,,,,
12.200000000000038,1,IDLE,,IDLE,,,,,,,,,,,,,,,,
12.250000000000039,1,IDLE,,IDLE,,,,,,,,,,,,,,,,
12.30000000000004,1,IDLE,,IDLE,,,,,,,,,,,,,,,,
12.35000000000004,1,IDLE,,IDLE,,,,,,,,,,,,,,,,
12.400000000000041,1,IDLE,,IDLE,,,,,,,,,,,,,,,,
12.450000000000042,1,IDLE,,IDLE,,,,,,,,,,,,,,,,
12.500000000000043,1,IDLE,,IDLE,,,,,,,,,,,,,,,,
12.550000000000043,1,IDLE,,IDLE,,,,,,,,,,,,,,,,
12.600000000000044,1,IDLE,,IDLE,,,,,,,,,,,,,,,,
12.650000000000045,1,IDLE,,IDLE,,,,,,,,,,,,,,,,
12.700000000000045,1,IDLE,,IDLE,,,,,,,,,,,,,,,,
12.750000000000046,1,IDLE,,IDLE,,,,,,,,,,,,,,,,
12.800000000000047,1,IDLE,,IDLE,,,,,,,,,,,,,,,,
12.850000000000048,1,IDLE,,IDLE,,,,,,,,,,,,,,,,
12.900000000000048,1,IDLE,,IDLE,,,,,,,,,,,,,,,,
12.950000000000049,1,IDLE,,IDLE,,,,,,,,,,,,,,,,
13.00000000000005,1,IDLE,,IDLE,,,,,,,,,,,,,,,,
13.05000000000005,1,IDLE,,IDLE,,,,,,,,,,,,,,,,
13.100000000000051,1,IDLE,,IDLE,,,,,,,,,,,,,,,,
13.150000000000052,1,IDLE,,IDLE,,,,,,,,,,,,,,,,
13.200000000000053,1,IDLE,,IDLE,,,,,,,,,,,,,,,,
13.250000000000053,1,IDLE,,IDLE,,,,,,,,,,,,,,,,
13.300000000000054,1,IDLE,,IDLE,,,,,,,,,,,,,,,,
13.350000000000055,1,IDLE,,IDLE,,,,,,,,,,,,,,,,
13.400000000000055,1,IDLE,,IDLE,,,,,,,,,,,,,,,,
13.450000000000056,1,IDLE,,IDLE,,,,,,,,,,,,,,,,
13.500000000000057,1,IDLE,,IDLE,,,,,,,,,,,,,,,,
13.550000000000058,1,IDLE,,IDLE,,,,,,,,,,,,,,,,
13.600000000000058,1,IDLE,,IDLE,,,,,,,,,,,,,,,,
13.650000000000059,1,IDLE,,IDLE,,,,,,,,,,,,,,,,
13.70000000000006,1,IDLE,,IDLE,,,,,,,,,,,,,,,,
13.75000000000006,1,IDLE,,IDLE,,,,,,,,,,,,,,,,
13.800000000000061,1,IDLE,,IDLE,,,,,,,,,,,,,,,,
13.850000000000062,1,IDLE,,IDLE,,,,,,,,,,,,,,,,
13.900000000000063,1,IDLE,,IDLE,,,,,,,,,,,,,,,,
13.950000000000063,1,IDLE,,IDLE,,,,,,,,,,,,,,,,
14.000000000000064,1,IDLE,,IDLE,,,,,,,,,,,,,,,,
14.050000000000065,1,IDLE,,IDLE,,,,,,,,,,,,,,,,
14.100000000000065,1,IDLE,,IDLE,,,,,,,,,,,,,,,,
14.150000000000066,1,IDLE,,IDLE,,,,,,,,,,,,,,,,
14.200000000000067,1,IDLE,,IDLE,,,,,,,,,,,,,,,,
14.250000000000068,1,IDLE,,IDLE,,,,,,,,,,,,,,,,
14.300000000000068,1,IDLE,,IDLE,,,,,,,,,,,,,,,,
14.350000000000069,1,IDLE,,IDLE,,,,,,,,,,,,,,,,
14.40000000000007,1,IDLE,,IDLE,,,,,,,,,,,,,,,,
14.45000000000007,1,IDLE,,IDLE,,,,,,,,,,,,,,,,
14.500000000000071,1,IDLE,,IDLE,,,,,,,,,,,,,,,,
14.550000000000072,1,IDLE,,IDLE,,,,,,,,,,,,,,,,
14.600000000000072,1,IDLE,,IDLE,,,,,,,,,,,,,,,,
14.650000000000073,1,IDLE,,IDLE,,,,,,,,,,,,,,,,
14.700000000000074,1,IDLE,,IDLE,,,,,,,,,,,,,,,,
14.750000000000075,1,IDLE,,IDLE,,,,,,,,,,,,,,,,
14.800000000000075,1,IDLE,,IDLE,,,,,,,,,,,,,,,,
14.850000000000076,1,IDLE,,IDLE,,,,,,,,,,,,,,,,
14.900000000000077,1,IDLE,,IDLE,,,,,,,,,,,,,,,,
14.950000000000077,1,IDLE,,IDLE,,,,,,,,,,,,,,,,
15.000000000000078,1,IDLE,,IDLE,,,,,,,,,,,,,,,,
15.050000000000079,1,IDLE,,IDLE,,,,,,,,,,,,,,,,
15.10000000000008,1,IDLE,,IDLE,,,,,,,,,,,,,,,,
15.15000000000008,1,IDLE,,IDLE,,,,,,,,,,,,,,,,
15.200000000000081,1,IDLE,,IDLE,,,,,,,,,,,,,,,,
15.250000000000082,1,IDLE,,IDLE,,,,,,,,,,,,,,,,
15.300000000000082,1,IDLE,,IDLE,,,,,,,,,,,,,,,,
15.350000000000083,1,IDLE,,IDLE,,,,,,,,,,,,,,,,
15.400000000000084,1,IDLE,,IDLE,,,,,,,,,,,,,,,,
15.450000000000085,1,IDLE,,IDLE,,,,,,,,,,,,,,,,
15.500000000000085,1,IDLE,,IDLE,,,,,,,,,,,,,,,,
15.550000000000086,1,IDLE,,IDLE,,,,,,,,,,,,,,,,
15.600000000000087,1,IDLE,,IDLE,,,,,,,,,,,,,,,,
15.650000000000087,1,IDLE,,IDLE,,,,,,,,,,,,,,,,
15.700000000000088,1,IDLE,,IDLE,,,,,,,,,,,,,,,,
15.750000000000089,1,IDLE,,IDLE,,,,,,,,,,,,,,,,
15.80000000000009,1,IDLE,,IDLE,,,,,,,,,,,,,,,,
15.85000000000009,1,IDLE,,IDLE,,,,,,,,,,,,,,,,
15.900000000000091,1,IDLE,,IDLE,,,,,,,,,,,,,,,,
15.950000000000092,1,IDLE,,IDLE,,,,,,,,,,,,,,,,
16.000000000000092,1,IDLE,,IDLE,,,,,,,,,,,,,,,,
16.050000000000093,2,IDLE,,IDLE,,,,,,,,,,,,,,,,
16.100000000000094,2,IDLE,,IDLE,,,,,,,,,,,,,,,,
16.150000000000095,2,IDLE,,IDLE,,,,,,,,,,,,,,,,
16.200000000000095,2,IDLE,,IDLE,,,,,,,,,,,,,,,,
16.250000000000096,2,IDLE,,IDLE,,,,,,,,,,,,,,,,
16.300000000000097,2,IDLE,,IDLE,,,,,,,,,,,,,,,,
16.350000000000097,2,IDLE,,IDLE,,,,,,,,,,,,,,,,
16.400000000000098,2,IDLE,,IDLE,,,,,,,,,,,,,,,,
16.4500000000001,2,IDLE,,IDLE,,,,,,,,,,,,,,,,
16.5000000000001,2,IDLE,,IDLE,,,,,,,,,,,,,,,,
16.5500000000001,2,IDLE,,IDLE,,,,,,,,,,,,,,,,
16.6000000000001,2,IDLE,,IDLE,,,,,,,,,,,,,,,,
16.6500000000001,2,IDLE,,IDLE,,,,,,,,,,,,,,,,
16.700000000000102,2,IDLE,,IDLE,,,,,,,,,,,,,,,,
16.750000000000103,2,IDLE,,IDLE,,,,,,,,,,,,,,,,
16.800000000000104,2,IDLE,,IDLE,,,,,,,,,,,,,,,,
16.850000000000104,2,IDLE,,IDLE,,,,,,,,,,,,,,,,
16.900000000000105,2,IDLE,,IDLE,,,,,,,,,,,,,,,,
16.950000000000106,2,IDLE,,IDLE,,,,,,,,,,,,,,,,
17.000000000000107,2,IDLE,,IDLE,,,,,,,,,,,,,,,,
17.050000000000107,2,IDLE,,IDLE,,,,,,,,,,,,,,,,
17.100000000000108,2,IDLE,,IDLE,,,,,,,,,,,,,,,,
17.15000000000011,2,IDLE,,IDLE,,,,,,,,,,,,,,,,
17.20000000000011,2,IDLE,,IDLE,,,,,,,,,,,,,,,,
17.25000000000011,2,IDLE,,IDLE,,,,,,,,,,,,,,,,
17.30000000000011,2,IDLE,,IDLE,,,,,,,,,,,,,,,,
17.35000000000011,2,IDLE,,IDLE,,,,,,,,,,,,,,,,
17.400000000000112,2,IDLE,,IDLE,,,,,,,,,,,,,,,,
17.450000000000113,2,IDLE,,IDLE,,,,,,,,,,,,,,,,
17.500000000000114,2,IDLE,,IDLE,,,,,,,,,,,,,,,,
17.550000000000114,2,IDLE,,IDLE,,,,,,,,,,,,,,,,
17.600000000000115,2,IDLE,,IDLE,,,,,,,,,,,,,,,,
17.650000000000116,2,IDLE,,IDLE,,,,,,,,,,,,,,,,
17.700000000000117,2,IDLE,,IDLE,,,,,,,,,,,,,,,,
17.750000000000117,2,IDLE,,IDLE,,,,,,,,,,,,,,,,
17.800000000000118,2,IDLE,,IDLE,,,,,,,,,,,,,,,,
17.85000000000012,2,IDLE,,IDLE,,,,,,,,,,,,,,,,
17.90000000000012,2,IDLE,,IDLE,,,,,,,,,,,,,,,,
17.95000000000012,2,IDLE,,IDLE,,,,,,,,,,,,,,,,
18.00000000000012,2,IDLE,,IDLE,,,,,,,,,,,,,,,,
18.05000000000012,2,IDLE,,IDLE,,,,,,,,,,,,,,,,
18.100000000000122,2,IDLE,,IDLE,,,,,,,,,,,,,,,,
18.150000000000123,2,IDLE,,IDLE,,,,,,,,,,,,,,,,
18.200000000000124,2,IDLE,,IDLE,,,,,,,,,,,,,,,,
18.250000000000124,2,IDLE,,IDLE,,,,,,,,,,,,,,,,
18.300000000000125,2,IDLE,,IDLE,,,,,,,,,,,,,,,,
18.350000000000126,2,IDLE,,IDLE,,,,,,,,,,,,,,,,
18.400000000000126,2,IDLE,,IDLE,,,,,,,,,,,,,,,,
18.450000000000127,2,IDLE,,IDLE,,,,,,,,,,,,,,,,
18.500000000000128,2,IDLE,,IDLE,,,,,,,,,,,,,,,,
18.55000000000013,2,IDLE,,IDLE,,,,,,,,,,,,,,,,
18.60000000000013,2,IDLE,,IDLE,,,,,,,,,,,,,,,,
18.65000000000013,2,IDLE,,IDLE,,,,,,,,,,,,,,,,
18.70000000000013,2,IDLE,,IDLE,,,,,,,,,,,,,,,,
18.75000000000013,2,IDLE,,IDLE,,,,,,,,,,,,,,,,
18.800000000000132,2,IDLE,,IDLE,,,,,,,,,,,,,,,,
18.850000000000133,2,IDLE,,IDLE,,,,,,,,,,,,,,,,
18.900000000000134,2,IDLE,,IDLE,,,,,,,,,,,,,,,,
18.950000000000134,2,IDLE,,IDLE,,,,,,,,,,,,,,,,
19.000000000000135,2,IDLE,,IDLE,,,,,,,,,,,,,,,,
19.050000000000136,2,IDLE,,IDLE,,,,,,,,,,,,,,,,
19.100000000000136,2,IDLE,,IDLE,,,,,,,,,,,,,,,,
19.150000000000137,2,IDLE,,IDLE,,,,,,,,,,,,,,,,
19.200000000000138,2,IDLE,,IDLE,,,,,,,,,,,,,,,,
19.25000000000014,2,IDLE,,IDLE,,,,,,,,,,,,,,,,
19.30000000000014,2,IDLE,,IDLE,,,,,,,,,,,,,,,,
19.35000000000014,2,IDLE,,IDLE,,,,,,,,,,,,,,,,
19.40000000000014,2,IDLE,,IDLE,,,,,,,,,,,,,,,,
19.45000000000014,2,IDLE,,IDLE,,,,,,,,,,,,,,,,
19.500000000000142,2,IDLE,,IDLE,,,,,,,,,,,,,,,,
19.550000000000143,2,IDLE,,IDLE,,,,,,,,,,,,,,,,
19.600000000000144,2,IDLE,,IDLE,,,,,,,,,,,,,,,,
19.650000000000144,2,IDLE,,IDLE,,,,,,,,,,,,,,,,
19.700000000000145,2,IDLE,,IDLE,,,,,,,,,,,,,,,,
19.750000000000146,2,IDLE,,IDLE,,,,,,,,,,,,,,,,
19.800000000000146,2,IDLE,,IDLE,,,,,,,,,,,,,,,,
19.850000000000147,2,IDLE,,IDLE,,,,,,,,,,,,,,,,
19.900000000000148,2,IDLE,,IDLE,,,,,,,,,,,,,,,,
19.95000000000015,2,IDLE,,IDLE,,,,,,,,,,,,,,,,
20.00000000000015,2,IDLE,,IDLE,,,,,,,,,,,,,,,,
20.05000000000015,2,IDLE,,IDLE,,,,,,,,,,,,,,,,
20.10000000000015,2,IDLE,,IDLE,,,,,,,,,,,,,,,,
20.15000000000015,2,IDLE,,IDLE,,,,,,,,,,,,,,,,
20.200000000000152,2,IDLE,,IDLE,,,,,,,,,,,,,,,,
20.250000000000153,2,IDLE,,IDLE,,,,,,,,,,,,,,,,
20.300000000000153,2,IDLE,,IDLE,,,,,,,,,,,,,,,,
20.350000000000154,2,IDLE,,IDLE,,,,,,,,,,,,,,,,
20.400000000000155,2,IDLE,,IDLE,,,,,,,,,,,,,,,,
20.450000000000156,2,IDLE,,IDLE,,,,,,,,,,,,,,,,
20.500000000000156,2,IDLE,,IDLE,,,,,,,,,,,,,,,,
20.550000000000157,2,IDLE,,IDLE,,,,,,,,,,,,,,,,
20.600000000000158,2,IDLE,,IDLE,,,,,,,,,,,,,,,,
20.65000000000016,2,IDLE,,IDLE,,,,,,,,,,,,,,,,
20.70000000000016,2,IDLE,,IDLE,,,,,,,,,,,,,,,,
20.75000000000016,2,IDLE,,IDLE,,,,,,,,,,,,,,,,
20.80000000000016,2,IDLE,,IDLE,,,,,,,,,,,,,,,,
20.85000000000016,2,IDLE,,IDLE,,,,,,,,,,,,,,,,
20.900000000000162,2,IDLE,,IDLE,,,,,,,,,,,,,,,,
20.950000000000163,2,IDLE,,IDLE,,,,,,,,,,,,,,,,
21.000000000000163,2,IDLE,,IDLE,,,,,,,,,,,,,,,,
21.050000000000164,2,IDLE,,IDLE,,,,,,,,,,,,,,,,
21.100000000000165,2,IDLE,,IDLE,,,,,,,,,,,,,,,,
21.150000000000166,2,IDLE,,IDLE,,,,,,,,,,,,,,,,
21.200000000000166,2,IDLE,,IDLE,,,,,,,,,,,,,,,,
21.250000000000167,2,IDLE,,IDLE,,,,,,,,,,,,,,,,
21.300000000000168,2,IDLE,,IDLE,,,,,,,,,,,,,,,,
21.35000000000017,2,IDLE,,IDLE,,,,,,,,,,,,,,,,
21.40000000000017,2,IDLE,,IDLE,,,,,,,,,,,,,,,,
21.45000000000017,2,IDLE,,IDLE,,,,,,,,,,,,,,,,
21.50000000000017,2,IDLE,,IDLE,,,,,,,,,,,,,,,,
21.55000000000017,2,IDLE,,IDLE,,,,,,,,,,,,,,,,
21.600000000000172,2,IDLE,,IDLE,,,,,,,,,,,,,,,,
21.650000000000173,2,IDLE,,IDLE,,,,,,,,,,,,,,,,
21.700000000000173,2,IDLE,,IDLE,,,,,,,,,,,,,,,,
21.750000000000174,2,IDLE,,IDLE,,,,,,,,,,,,,,,,
21.800000000000175,2,IDLE,,IDLE,,,,,,,,,,,,,,,,
21.850000000000176,2,IDLE,,IDLE,,,,,,,,,,,,,,,,
21.900000000000176,2,IDLE,,IDLE,,,,,,,,,,,,,,,,
21.950000000000177,2,IDLE,,IDLE,,,,,,,,,,,,,,,,
22.000000000000178,2,IDLE,,IDLE,,,,,,,,,,,,,,,,
22.05000000000018,2,IDLE,,IDLE,,,,,,,,,,,,,,,,
22.10000000000018,2,IDLE,,IDLE,,,,,,,,,,,,,,,,
22.15000000000018,2,IDLE,,IDLE,,,,,,,,,,,,,,,,
22.20000000000018,2,IDLE,,IDLE,,,,,,,,,,,,,,,,
22.25000000000018,2,IDLE,,IDLE,,,,,,,,,,,,,,,,
22.300000000000182,2,IDLE,,IDLE,,,,,,,,,,,,,,,,
22.350000000000183,2,IDLE,,IDLE,,,,,,,,,,,,,,,,
22.400000000000183,2,IDLE,,IDLE,,,,,,,,,,,,,,,,
22.450000000000184,2,IDLE,,IDLE,,,,,,,,,,,,,,,,
22.500000000000185,2,IDLE,,IDLE,,,,,,,,,,,,,,,,
22.550000000000185,2,IDLE,,IDLE,,,,,,,,,,,,,,,,
22.600000000000186,2,IDLE,,IDLE,,,,,,,,,,,,,,,,
22.650000000000187,2,IDLE,,IDLE,,,,,,,,,,,,,,,,
22.700000000000188,2,IDLE,,IDLE,,,,,,,,,,,,,,,,
22.75000000000019,2,IDLE,,IDLE,,,,,,,,,,,,,,,,
22.80000000000019,2,IDLE,,IDLE,,,,,,,,,,,,,,,,
22.85000000000019,2,IDLE,,IDLE,,,,,,,,,,,,,,,,
22.90000000000019,2,IDLE,,IDLE,,,,,,,,,,,,,,,,
22.95000000000019,2,IDLE,,IDLE,,,,,,,,,,,,,,,,
23.000000000000192,2,IDLE,,IDLE,,,,,,,,,,,,,,,,
23.050000000000193,2,IDLE,,IDLE,,,,,,,,,,,,,,,,
23.100000000000193,2,IDLE,,IDLE,,,,,,,,,,,,,,,,
23.150000000000194,2,IDLE,,IDLE,,,,,,,,,,,,,,,,
23.200000000000195,2,IDLE,,IDLE,,,,,,,,,,,,,,,,
23.250000000000195,2,IDLE,,IDLE,,,,,,,,,,,,,,,,
23.300000000000196,2,IDLE,,IDLE,,,,,,,,,,,,,,,,
23.350000000000197,2,IDLE,,IDLE,,,,,,,,,,,,,,,,
23.400000000000198,2,IDLE,,IDLE,,,,,,,,,,,,,,,,
23.4500000000002,2,IDLE,,IDLE,,,,,,,,,,,,,,,,
23.5000000000002,2,IDLE,,IDLE,,,,,,,,,,,,,,,,
23.5500000000002,2,IDLE,,IDLE,,,,,,,,,,,,,,,,
23.6000000000002,2,IDLE,,IDLE,,,,,,,,,,,,,,,,
23.6500000000002,2,IDLE,,IDLE,,,,,,,,,,,,,,,,
23.700000000000202,2,IDLE,,IDLE,,,,,,,,,,,,,,,,
23.750000000000203,2,IDLE,,IDLE,,,,,,,,,,,,,,,,
23.800000000000203,2,IDLE,,IDLE,,,,,,,,,,,,,,,,
23.850000000000204,2,IDLE,,IDLE,,,,,,,,,,,,,,,,
23.900000000000205,2,IDLE,,IDLE,,,,,,,,,,,,,,,,
23.950000000000205,2,IDLE,,IDLE,,,,,,,,,,,,,,,,
24.000000000000206,2,IDLE,,IDLE,,,,,,,,,,,,,,,,
24.050000000000207,2,IDLE,,IDLE,,,,,,,,,,,,,,,,
24.100000000000207,2,IDLE,,IDLE,,,,,,,,,,,,,,,,
24.150000000000208,2,IDLE,,IDLE,,,,,,,,,,,,,,,,
24.20000000000021,2,IDLE,,IDLE,,,,,,,,,,,,,,,,
24.25000000000021,2,IDLE,,IDLE,,,,,,,,,,,,,,,,
24.30000000000021,2,IDLE,,IDLE,,,,,,,,,,,,,,,,
24.35000000000021,2,IDLE,,IDLE,,,,,,,,,,,,,,,,
24.40000000000021,2,IDLE,,IDLE,,,,,,,,,,,,,,,,
24.450000000000212,2,IDLE,,IDLE,,,,,,,,,,,,,,,,
24.500000000000213,2,IDLE,,IDLE,,,,,,,,,,,,,,,,
24.550000000000214,2,IDLE,,IDLE,,,,,,,,,,,,,,,,
24.600000000000215,2,IDLE,,IDLE,,,,,,,,,,,,,,,,
24.650000000000215,2,IDLE,,IDLE,,,,,,,,,,,,,,,,
24.700000000000216,2,IDLE,,IDLE,,,,,,,,,,,,,,,,
24.750000000000217,2,IDLE,,IDLE,,,,,,,,,,,,,,,,
24.800000000000217,2,IDLE,,IDLE,,,,,,,,,,,,,,,,
24.850000000000218,2,IDLE,,IDLE,,,,,,,,,,,,,,,,
24.90000000000022,2,IDLE,,IDLE,,,,,,,,,,,,,,,,
24.95000000000022,2,IDLE,,IDLE,,,,,,,,,,,,,,,,
25.00000000000022,2,IDLE,,IDLE,,,,,,,,,,,,,,,,
25.05000000000022,2,IDLE,,IDLE,,,,,,,,,,,,,,,,
25.10000000000022,3,ACTIVE,NOMINAL_CLOSED_LOOP,NOMINAL_CLOSED_LOOP,NONE,FRESH,FRESH,FRESH,FRESH,1,70.0,90.0,67.72785169326211,18.402001243801568,0.0,0.0,37.250686,126.674964,37.254138,126.680626
25.150000000000222,3,ACTIVE,NOMINAL_CLOSED_LOOP,NOMINAL_CLOSED_LOOP,NONE,FRESH,FRESH,FRESH,FRESH,1,64.99999999999993,95.00000000000007,67.7488836945059,18.402001243801568,0.0,0.0,37.250686,126.674964,37.254138,126.680626
25.200000000000223,3,ACTIVE,NOMINAL_CLOSED_LOOP,NOMINAL_CLOSED_LOOP,NONE,FRESH,FRESH,FRESH,FRESH,1,59.99999999999986,100.00000000000014,67.76991569574972,18.402001243801568,0.0,0.0,37.250686,126.674964,37.254138,126.680626
25.250000000000224,3,ACTIVE,NOMINAL_CLOSED_LOOP,NOMINAL_CLOSED_LOOP,NONE,FRESH,FRESH,FRESH,FRESH,1,54.99999999999979,105.00000000000021,67.79094769699351,18.402001243801568,0.0,0.0,37.250686,126.674964,37.254138,126.680626
25.300000000000225,3,ACTIVE,NOMINAL_CLOSED_LOOP,NOMINAL_CLOSED_LOOP,NONE,FRESH,FRESH,FRESH,FRESH,1,49.999999999999716,110.00000000000028,67.81197969823732,18.402001243801568,0.0,0.0,37.250686,126.674964,37.254138,126.680626
25.350000000000225,3,ACTIVE,NOMINAL_CLOSED_LOOP,NOMINAL_CLOSED_LOOP,NONE,FRESH,FRESH,FRESH,FRESH,1,46.08349415025944,113.91650584974056,67.83301169948112,18.402001243801568,0.0,0.0,37.250686,126.674964,37.254138,126.680626
25.400000000000226,3,ACTIVE,NOMINAL_FEEDFORWARD,NOMINAL_FEEDFORWARD,NONE,FRESH,FRESH,STALE,FRESH,1,50.583494150259504,109.4165058497405,54.840576132905376,16.101751088326374,0.0,0.0,37.250686,126.674964,37.254138,126.680626
25.450000000000227,3,ACTIVE,NOMINAL_FEEDFORWARD,NOMINAL_FEEDFORWARD,NONE,FRESH,FRESH,STALE,FRESH,1,52.579711933547316,107.42028806645268,54.840576132905376,16.101751088326374,0.0,0.0,37.250686,126.674964,37.254138,126.680626
25.500000000000227,3,ACTIVE,NOMINAL_FEEDFORWARD,NOMINAL_FEEDFORWARD,NONE,FRESH,FRESH,STALE,FRESH,1,52.579711933547316,107.42028806645268,54.840576132905376,16.101751088326374,0.0,0.0,37.250686,126.674964,37.254138,126.680626
25.550000000000228,3,ACTIVE,NOMINAL_FEEDFORWARD,NOMINAL_FEEDFORWARD,NONE,FRESH,FRESH,STALE,FRESH,1,52.579711933547316,107.42028806645268,54.840576132905376,16.101751088326374,0.0,0.0,37.250686,126.674964,37.254138,126.680626
25.60000000000023,3,ACTIVE,NOMINAL_FEEDFORWARD,NOMINAL_FEEDFORWARD,NONE,FRESH,FRESH,STALE,FRESH,1,52.579711933547316,107.42028806645268,54.840576132905376,16.101751088326374,0.0,0.0,37.250686,126.674964,37.254138,126.680626
25.65000000000023,3,ACTIVE,NOMINAL_FEEDFORWARD,NOMINAL_FEEDFORWARD,NONE,FRESH,FRESH,STALE,FRESH,1,52.579711933547316,107.42028806645268,54.840576132905376,16.101751088326374,0.0,0.0,37.250686,126.674964,37.254138,126.680626
25.70000000000023,3,ACTIVE,NOMINAL_FEEDFORWARD,NOMINAL_FEEDFORWARD,NONE,FRESH,FRESH,STALE,FRESH,1,52.579711933547316,107.42028806645268,54.840576132905376,16.101751088326374,0.0,0.0,37.250686,126.674964,37.254138,126.680626
25.75000000000023,3,ACTIVE,NOMINAL_FEEDFORWARD,NOMINAL_FEEDFORWARD,NONE,FRESH,FRESH,STALE,FRESH,1,52.579711933547316,107.42028806645268,54.840576132905376,16.101751088326374,0.0,0.0,37.250686,126.674964,37.254138,126.680626
25.80000000000023,3,ACTIVE,NOMINAL_FEEDFORWARD,NOMINAL_FEEDFORWARD,NONE,FRESH,FRESH,STALE,FRESH,1,52.579711933547316,107.42028806645268,54.840576132905376,16.101751088326374,0.0,0.0,37.250686,126.674964,37.254138,126.680626
25.850000000000232,3,ACTIVE,NOMINAL_FEEDFORWARD,NOMINAL_FEEDFORWARD,NONE,FRESH,FRESH,STALE,STALE,1,52.579711933547316,107.42028806645268,54.840576132905376,16.101751088326374,0.0,0.0,37.250686,126.674964,37.254138,126.680626
25.900000000000233,3,ACTIVE,NOMINAL_FEEDFORWARD,NOMINAL_FEEDFORWARD,NONE,FRESH,FRESH,STALE,STALE,1,52.579711933547316,107.42028806645268,54.840576132905376,16.101751088326374,0.0,0.0,37.250686,126.674964,37.254138,126.680626
25.950000000000234,3,ACTIVE,NOMINAL_FEEDFORWARD,NOMINAL_FEEDFORWARD,NONE,FRESH,FRESH,STALE,STALE,1,52.579711933547316,107.42028806645268,54.840576132905376,16.101751088326374,0.0,0.0,37.250686,126.674964,37.254138,126.680626
26.000000000000234,3,ACTIVE,NOMINAL_FEEDFORWARD,NOMINAL_FEEDFORWARD,NONE,FRESH,FRESH,STALE,STALE,1,52.579711933547316,107.42028806645268,54.840576132905376,16.101751088326374,0.0,0.0,37.250686,126.674964,37.254138,126.680626
26.050000000000235,3,ACTIVE,NOMINAL_FEEDFORWARD,NOMINAL_FEEDFORWARD,NONE,FRESH,FRESH,STALE,STALE,1,52.579711933547316,107.42028806645268,54.840576132905376,16.101751088326374,0.0,0.0,37.250686,126.674964,37.254138,126.680626
26.100000000000236,3,DEGRADED,DEGRADED_CLOSED_LOOP,DEGRADED_CLOSED_LOOP,NONE,FRESH,FRESHED,FRESH,FRESH,1,56.079711933547365,103.92028806645263,46.46919338923113,11.501250777375981,0.0,0.0,37.250686,126.674964,37.254138,126.680626
26.150000000000237,3,DEGRADED,DEGRADED_CLOSED_LOOP,DEGRADED_CLOSED_LOOP,NONE,FRESH,FRESHED,FRESH,FRESH,1,56.75833767999575,103.24166232000425,46.483324640008505,11.501250777375981,0.0,0.0,37.250686,126.674964,37.254138,126.680626
26.200000000000237,3,DEGRADED,DEGRADED_CLOSED_LOOP,DEGRADED_CLOSED_LOOP,NONE,FRESH,FRESHED,FRESH,FRESH,1,56.75127205460706,103.24872794539294,46.49745589078588,11.501250777375981,0.0,0.0,37.250686,126.674964,37.254138,126.680626
26.250000000000238,3,DEGRADED,DEGRADED_CLOSED_LOOP,DEGRADED_CLOSED_LOOP,NONE,FRESH,FRESHED,FRESH,FRESH,1,56.744206429218366,103.25579357078163,46.51158714156326,11.501250777375981,0.0,0.0,37.250686,126.674964,37.254138,126.680626
26.30000000000024,3,DEGRADED,DEGRADED_CLOSED_LOOP,DEGRADED_CLOSED_LOOP,NONE,FRESH,FRESHED,FRESH,FRESH,1,56.73714080382968,103.26285919617033,46.525718392340636,11.501250777375981,0.0,0.0,37.250686,126.674964,37.254138,126.680626
26.35000000000024,3,DEGRADED,DEGRADED_CLOSED_LOOP,DEGRADED_CLOSED_LOOP,NONE,FRESH,FRESHED,FRESH,FRESH,1,56.730075178441,103.269924821559,46.53984964311801,11.501250777375981,0.0,0.0,37.250686,126.674964,37.254138,126.680626
26.40000000000024,3,DEGRADED,DEGRADED_FEEDFORWARD,DEGRADED_FEEDFORWARD,NONE,FRESH,FRESHED,STALE,FRESH,1,59.73007517844104,100.26992482155896,33.62069442885392,9.201000621900784,0.0,0.0,37.250686,126.674964,37.254138,126.680626
26.45000000000024,3,DEGRADED,DEGRADED_FEEDFORWARD,DEGRADED_FEEDFORWARD,NONE,FRESH,FRESHED,STALE,FRESH,1,62.73007517844108,97.26992482155892,33.62069442885392,9.201000621900784,0.0,0.0,37.250686,126.674964,37.254138,126.680626
26.50000000000024,3,DEGRADED,DEGRADED_FEEDFORWARD,DEGRADED_FEEDFORWARD,NONE,FRESH,FRESHED,STALE,FRESH,1,63.18965278557304,96.81034721442697,33.62069442885392,9.201000621900784,0.0,0.0,37.250686,126.674964,37.254138,126.680626
26.550000000000242,3,DEGRADED,DEGRADED_FEEDFORWARD,DEGRADED_FEEDFORWARD,NONE,FRESH,FRESHED,STALE,FRESH,1,63.18965278557304,96.81034721442697,33.62069442885392,9.201000621900784,0.0,0.0,37.250686,126.674964,37.254138,126.680626
26.600000000000243,3,DEGRADED,DEGRADED_FEEDFORWARD,DEGRADED_FEEDFORWARD,NONE,FRESH,FRESHED,STALE,FRESH,1,63.18965278557304,96.81034721442697,33.62069442885392,9.201000621900784,0.0,0.0,37.250686,126.674964,37.254138,126.680626
26.650000000000244,3,DEGRADED,DEGRADED_FEEDFORWARD,DEGRADED_FEEDFORWARD,NONE,FRESH,FRESHED,STALE,FRESH,1,63.18965278557304,96.81034721442697,33.62069442885392,9.201000621900784,0.0,0.0,37.250686,126.674964,37.254138,126.680626
26.700000000000244,3,DEGRADED,DEGRADED_FEEDFORWARD,DEGRADED_FEEDFORWARD,NONE,FRESH,FRESHED,STALE,FRESH,1,63.18965278557304,96.81034721442697,33.62069442885392,9.201000621900784,0.0,0.0,37.250686,126.674964,37.254138,126.680626
26.750000000000245,3,DEGRADED,DEGRADED_FEEDFORWARD,DEGRADED_FEEDFORWARD,NONE,FRESH,FRESHED,STALE,FRESH,1,63.18965278557304,96.81034721442697,33.62069442885392,9.201000621900784,0.0,0.0,37.250686,126.674964,37.254138,126.680626
26.800000000000246,3,DEGRADED,DEGRADED_FEEDFORWARD,DEGRADED_FEEDFORWARD,NONE,FRESH,FRESHED,STALE,FRESH,1,63.18965278557304,96.81034721442697,33.62069442885392,9.201000621900784,0.0,0.0,37.250686,126.674964,37.254138,126.680626
26.850000000000247,3,DEGRADED,DEGRADED_FEEDFORWARD,DEGRADED_FEEDFORWARD,NONE,FRESH,FRESHED,STALE,STALE,1,63.18965278557304,96.81034721442697,33.62069442885392,9.201000621900784,0.0,0.0,37.250686,126.674964,37.254138,126.680626
26.900000000000247,3,DEGRADED,DEGRADED_FEEDFORWARD,DEGRADED_FEEDFORWARD,NONE,FRESH,FRESHED,STALE,STALE,1,63.18965278557304,96.81034721442697,33.62069442885392,9.201000621900784,0.0,0.0,37.250686,126.674964,37.254138,126.680626
26.950000000000248,3,DEGRADED,DEGRADED_FEEDFORWARD,DEGRADED_FEEDFORWARD,NONE,FRESH,FRESHED,STALE,STALE,1,63.18965278557304,96.81034721442697,33.62069442885392,9.201000621900784,0.0,0.0,37.250686,126.674964,37.254138,126.680626
27.00000000000025,3,DEGRADED,DEGRADED_FEEDFORWARD,DEGRADED_FEEDFORWARD,NONE,FRESH,FRESHED,STALE,STALE,1,63.18965278557304,96.81034721442697,33.62069442885392,9.201000621900784,0.0,0.0,37.250686,126.674964,37.254138,126.680626
27.05000000000025,3,DEGRADED,DEGRADED_FEEDFORWARD,DEGRADED_FEEDFORWARD,NONE,FRESH,FRESHED,STALE,STALE,1,63.18965278557304,96.81034721442697,33.62069442885392,9.201000621900784,0.0,0.0,37.250686,126.674964,37.254138,126.680626
27.10000000000025,3,DEGRADED,DEGRADED_CLOSED_LOOP,DEGRADED_CLOSED_LOOP,NONE,FRESH,FRESHED,FRESH,FRESH,1,59.68965278557299,100.31034721442703,47.33721849585173,11.501250777375981,0.0,0.0,37.250686,126.674964,37.254138,126.680626
27.15000000000025,3,DEGRADED,DEGRADED_CLOSED_LOOP,DEGRADED_CLOSED_LOOP,NONE,FRESH,FRESHED,FRESH,FRESH,1,56.323095126685445,103.67690487331456,47.3538097466291,11.501250777375981,0.0,0.0,37.250686,126.674964,37.254138,126.680626
27.20000000000025,3,DEGRADED,DEGRADED_CLOSED_LOOP,DEGRADED_CLOSED_LOOP,NONE,FRESH,FRESHED,FRESH,FRESH,1,56.31479950129676,103.68520049870324,47.37040099740648,11.501250777375981,0.0,0.0,37.250686,126.674964,37.254138,126.680626
27.250000000000252,3,DEGRADED,DEGRADED_CLOSED_LOOP,DEGRADED_CLOSED_LOOP,NONE,FRESH,FRESHED,FRESH,FRESH,1,56.30650387590808,103.69349612409192,47.38699224818385,11.501250777375981,0.0,0.0,37.250686,126.674964,37.254138,126.680626
27.300000000000253,3,DEGRADED,DEGRADED_CLOSED_LOOP,DEGRADED_CLOSED_LOOP,NONE,FRESH,FRESHED,FRESH,FRESH,1,56.29820825051938,103.70179174948062,47.40358349896123,11.501250777375981,0.0,0.0,37.250686,126.674964,37.254138,126.680626
27.350000000000254,3,DEGRADED,DEGRADED_CLOSED_LOOP,DEGRADED_CLOSED_LOOP,NONE,FRESH,FRESHED,FRESH,FRESH,1,56.2899126251307,103.7100873748693,47.42017474973861,11.501250777375981,0.0,0.0,37.250686,126.674964,37.254138,126.680626
27.400000000000254,3,DEGRADED,DEGRADED_FEEDFORWARD,DEGRADED_FEEDFORWARD,NONE,FRESH,FRESHED,STALE,FRESH,1,59.28991262513074,100.71008737486926,33.62069442885392,9.201000621900784,0.0,0.0,37.250686,126.674964,37.254138,126.680626
27.450000000000255,3,DEGRADED,DEGRADED_FEEDFORWARD,DEGRADED_FEEDFORWARD,NONE,FRESH,FRESHED,STALE,FRESH,1,62.28991262513078,97.71008737486922,33.62069442885392,9.201000621900784,0.0,0.0,37.250686,126.674964,37.254138,126.680626
27.500000000000256,3,DEGRADED,DEGRADED_FEEDFORWARD,DEGRADED_FEEDFORWARD,NONE,FRESH,FRESHED,STALE,FRESH,1,63.18965278557304,96.81034721442697,33.62069442885392,9.201000621900784,0.0,0.0,37.250686,126.674964,37.254138,126.680626
27.550000000000257,3,DEGRADED,DEGRADED_FEEDFORWARD,DEGRADED_FEEDFORWARD,NONE,FRESH,FRESHED,STALE,FRESH,1,63.18965278557304,96.81034721442697,33.62069442885392,9.201000621900784,0.0,0.0,37.250686,126.674964,37.254138,126.680626
27.600000000000257,3,DEGRADED,DEGRADED_FEEDFORWARD,DEGRADED_FEEDFORWARD,NONE,FRESH,FRESHED,STALE,FRESH,1,63.18965278557304,96.81034721442697,33.62069442885392,9.201000621900784,0.0,0.0,37.250686,126.674964,37.254138,126.680626
27.650000000000258,3,DEGRADED,DEGRADED_FEEDFORWARD,DEGRADED_FEEDFORWARD,NONE,FRESH,FRESHED,STALE,FRESH,1,63.18965278557304,96.81034721442697,33.62069442885392,9.201000621900784,0.0,0.0,37.250686,126.674964,37.254138,126.680626
27.70000000000026,3,DEGRADED,DEGRADED_FEEDFORWARD,DEGRADED_FEEDFORWARD,NONE,FRESH,FRESHED,STALE,FRESH,1,63.18965278557304,96.81034721442697,33.62069442885392,9.201000621900784,0.0,0.0,37.250686,126.674964,37.254138,126.680626
27.75000000000026,3,DEGRADED,DEGRADED_FEEDFORWARD,DEGRADED_FEEDFORWARD,NONE,FRESH,FRESHED,STALE,FRESH,1,63.18965278557304,96.81034721442697,33.62069442885392,9.201000621900784,0.0,0.0,37.250686,126.674964,37.254138,126.680626
27.80000000000026,3,DEGRADED,DEGRADED_FEEDFORWARD,DEGRADED_FEEDFORWARD,NONE,FRESH,FRESHED,STALE,FRESH,1,63.18965278557304,96.81034721442697,33.62069442885392,9.201000621900784,0.0,0.0,37.250686,126.674964,37.254138,126.680626
27.85000000000026,3,DEGRADED,DEGRADED_FEEDFORWARD,DEGRADED_FEEDFORWARD,NONE,FRESH,FRESHED,STALE,STALE,1,63.18965278557304,96.81034721442697,33.62069442885392,9.201000621900784,0.0,0.0,37.250686,126.674964,37.254138,126.680626
27.90000000000026,3,DEGRADED,DEGRADED_FEEDFORWARD,DEGRADED_FEEDFORWARD,NONE,FRESH,FRESHED,STALE,STALE,1,63.18965278557304,96.81034721442697,33.62069442885392,9.201000621900784,0.0,0.0,37.250686,126.674964,37.254138,126.680626
27.950000000000262,3,DEGRADED,DEGRADED_FEEDFORWARD,DEGRADED_FEEDFORWARD,NONE,FRESH,FRESHED,STALE,STALE,1,63.18965278557304,96.81034721442697,33.62069442885392,9.201000621900784,0.0,0.0,37.250686,126.674964,37.254138,126.680626
28.000000000000263,3,DEGRADED,DEGRADED_FEEDFORWARD,DEGRADED_FEEDFORWARD,NONE,FRESH,FRESHED,STALE,STALE,1,63.18965278557304,96.81034721442697,33.62069442885392,9.201000621900784,0.0,0.0,37.250686,126.674964,37.254138,126.680626
28.050000000000264,3,DEGRADED,DEGRADED_FEEDFORWARD,DEGRADED_FEEDFORWARD,NONE,FRESH,FRESHED,STALE,STALE,1,63.18965278557304,96.81034721442697,33.62069442885392,9.201000621900784,0.0,0.0,37.250686,126.674964,37.254138,126.680626
28.100000000000264,3,DEGRADED,DEGRADED_CLOSED_LOOP,DEGRADED_CLOSED_LOOP,NONE,FRESH,FRESHED,FRESH,FRESH,1,59.68965278557299,100.31034721442703,48.68746286681933,11.501250777375981,0.0,0.0,37.250686,126.674964,37.254138,126.680626
28.150000000000265,3,DEGRADED,DEGRADED_CLOSED_LOOP,DEGRADED_CLOSED_LOOP,NONE,FRESH,FRESHED,FRESH,FRESH,1,56.18965278557294,103.81034721442708,48.7078741175967,11.501250777375981,0.0,0.0,37.250686,126.674964,37.254138,126.680626
28.200000000000266,3,DEGRADED,DEGRADED_CLOSED_LOOP,DEGRADED_CLOSED_LOOP,NONE,FRESH,FRESHED,FRESH,FRESH,1,55.635857315812956,104.36414268418704,48.72828536837408,11.501250777375981,0.0,0.0,37.250686,126.674964,37.254138,126.680626
28.250000000000266,3,DEGRADED,DEGRADED_CLOSED_LOOP,DEGRADED_CLOSED_LOOP,NONE,FRESH,FRESHED,FRESH,FRESH,1,55.62565169042427,104.37434830957574,48.74869661915146,11.501250777375981,0.0,0.0,37.250686,126.674964,37.254138,126.680626
28.300000000000267,3,DEGRADED,DEGRADED_CLOSED_LOOP,DEGRADED_CLOSED_LOOP,NONE,FRESH,FRESHED,FRESH,FRESH,1,55.615446065035584,104.38455393496442,48.76910786992883,11.501250777375981,0.0,0.0,37.250686,126.674964,37.254138,126.680626
28.350000000000268,3,DEGRADED,DEGRADED_CLOSED_LOOP,DEGRADED_CLOSED_LOOP,NONE,FRESH,FRESHED,FRESH,FRESH,1,55.60524043964689,104.39475956035311,48.78951912070621,11.501250777375981,0.0,0.0,37.250686,126.674964,37.254138,126.680626
28.40000000000027,3,DEGRADED,DEGRADED_FEEDFORWARD,DEGRADED_FEEDFORWARD,NONE,FRESH,FRESHED,STALE,FRESH,1,58.605240439646934,101.39475956035307,33.62069442885392,9.201000621900784,0.0,0.0,37.250686,126.674964,37.254138,126.680626
28.45000000000027,3,DEGRADED,DEGRADED_FEEDFORWARD,DEGRADED_FEEDFORWARD,NONE,FRESH,FRESHED,STALE,FRESH,1,61.60524043964698,98.39475956035302,33.62069442885392,9.201000621900784,0.0,0.0,37.250686,126.674964,37.254138,126.680626
28.50000000000027,3,DEGRADED,DEGRADED_FEEDFORWARD,DEGRADED_FEEDFORWARD,NONE,FRESH,FRESHED,STALE,FRESH,1,63.18965278557304,96.81034721442697,33.62069442885392,9.201000621900784,0.0,0.0,37.250686,126.674964,37.254138,126.680626
28.55000000000027,3,DEGRADED,DEGRADED_FEEDFORWARD,DEGRADED_FEEDFORWARD,NONE,FRESH,FRESHED,STALE,FRESH,1,63.18965278557304,96.81034721442697,33.62069442885392,9.201000621900784,0.0,0.0,37.250686,126.674964,37.254138,126.680626
28.60000000000027,3,DEGRADED,DEGRADED_FEEDFORWARD,DEGRADED_FEEDFORWARD,NONE,FRESH,FRESHED,STALE,FRESH,1,63.18965278557304,96.81034721442697,33.62069442885392,9.201000621900784,0.0,0.0,37.250686,126.674964,37.254138,126.680626
28.650000000000272,3,DEGRADED,DEGRADED_FEEDFORWARD,DEGRADED_FEEDFORWARD,NONE,FRESH,FRESHED,STALE,FRESH,1,63.18965278557304,96.81034721442697,33.62069442885392,9.201000621900784,0.0,0.0,37.250686,126.674964,37.254138,126.680626
28.700000000000273,3,DEGRADED,DEGRADED_FEEDFORWARD,DEGRADED_FEEDFORWARD,NONE,FRESH,FRESHED,STALE,FRESH,1,63.18965278557304,96.81034721442697,33.62069442885392,9.201000621900784,0.0,0.0,37.250686,126.674964,37.254138,126.680626
28.750000000000274,3,DEGRADED,DEGRADED_FEEDFORWARD,DEGRADED_FEEDFORWARD,NONE,FRESH,FRESHED,STALE,FRESH,1,63.18965278557304,96.81034721442697,33.62069442885392,9.201000621900784,0.0,0.0,37.250686,126.674964,37.254138,126.680626
28.800000000000274,3,DEGRADED,DEGRADED_FEEDFORWARD,DEGRADED_FEEDFORWARD,NONE,FRESH,FRESHED,STALE,FRESH,1,63.18965278557304,96.81034721442697,33.62069442885392,9.201000621900784,0.0,0.0,37.250686,126.674964,37.254138,126.680626
28.850000000000275,3,DEGRADED,DEGRADED_FEEDFORWARD,DEGRADED_FEEDFORWARD,NONE,FRESH,FRESHED,STALE,STALE,1,63.18965278557304,96.81034721442697,33.62069442885392,9.201000621900784,0.0,0.0,37.250686,126.674964,37.254138,126.680626
28.900000000000276,3,DEGRADED,DEGRADED_FEEDFORWARD,DEGRADED_FEEDFORWARD,NONE,FRESH,FRESHED,STALE,STALE,1,63.18965278557304,96.81034721442697,33.62069442885392,9.201000621900784,0.0,0.0,37.250686,126.674964,37.254138,126.680626
28.950000000000276,3,DEGRADED,DEGRADED_FEEDFORWARD,DEGRADED_FEEDFORWARD,NONE,FRESH,FRESHED,STALE,STALE,1,63.18965278557304,96.81034721442697,33.62069442885392,9.201000621900784,0.0,0.0,37.250686,126.674964,37.254138,126.680626
29.000000000000277,3,DEGRADED,DEGRADED_FEEDFORWARD,DEGRADED_FEEDFORWARD,NONE,FRESH,FRESHED,STALE,STALE,1,63.18965278557304,96.81034721442697,33.62069442885392,9.201000621900784,0.0,0.0,37.250686,126.674964,37.254138,126.680626
29.050000000000278,3,DEGRADED,DEGRADED_FEEDFORWARD,DEGRADED_FEEDFORWARD,NONE,FRESH,FRESHED,STALE,STALE,1,63.18965278557304,96.81034721442697,33.62069442885392,9.201000621900784,0.0,0.0,37.250686,126.674964,37.254138,126.680626
29.10000000000028,3,DEGRADED,DEGRADED_CLOSED_LOOP,DEGRADED_CLOSED_LOOP,NONE,FRESH,FRESHED,FRESH,FRESH,1,59.68965278557299,100.31034721442703,46.23570640725546,11.501250777375981,0.0,0.0,37.250686,126.674964,37.254138,126.680626
29.15000000000028,3,DEGRADED,DEGRADED_CLOSED_LOOP,DEGRADED_CLOSED_LOOP,NONE,FRESH,FRESHED,FRESH,FRESH,1,56.87545617098358,103.12454382901642,46.249087658032835,11.501250777375981,0.0,0.0,37.250686,126.674964,37.254138,126.680626
29.20000000000028,3,DEGRADED,DEGRADED_CLOSED_LOOP,DEGRADED_CLOSED_LOOP,NONE,FRESH,FRESHED,FRESH,FRESH,1,56.8687655455949,103.1312344544051,46.26246890881021,11.501250777375981,0.0,0.0,37.250686,126.674964,37.254138,126.680626
29.25000000000028,3,DEGRADED,DEGRADED_CLOSED_LOOP,DEGRADED_CLOSED_LOOP,NONE,FRESH,FRESHED,FRESH,FRESH,1,56.862074920206204,103.1379250797938,46.27585015958759,11.501250777375981,0.0,0.0,37.250686,126.674964,37.254138,126.680626
29.30000000000028,3,DEGRADED,DEGRADED_CLOSED_LOOP,DEGRADED_CLOSED_LOOP,NONE,FRESH,FRESHED,FRESH,FRESH,1,56.85538429481752,103.14461570518247,46.28923141036496,11.501250777375981,0.0,0.0,37.250686,126.674964,37.254138,126.680626
29.350000000000282,3,DEGRADED,DEGRADED_CLOSED_LOOP,DEGRADED_CLOSED_LOOP,NONE,FRESH,FRESHED,FRESH,FRESH,1,56.848693669428826,103.15130633057117,46.30261266114234,11.501250777375981,0.0,0.0,37.250686,126.674964,37.254138,126.680626
29.400000000000283,3,DEGRADED,DEGRADED_FEEDFORWARD,DEGRADED_FEEDFORWARD,NONE,FRESH,FRESHED,STALE,FRESH,1,59.84869366942887,100.15130633057113,33.62069442885392,9.201000621900784,0.0,0.0,37.250686,126.674964,37.254138,126.680626
29.450000000000284,3,DEGRADED,DEGRADED_FEEDFORWARD,DEGRADED_FEEDFORWARD,NONE,FRESH,FRESHED,STALE,FRESH,1,62.84869366942891,97.15130633057109,33.62069442885392,9.201000621900784,0.0,0.0,37.250686,126.674964,37.254138,126.680626
29.500000000000284,3,DEGRADED,DEGRADED_FEEDFORWARD,DEGRADED_FEEDFORWARD,NONE,FRESH,FRESHED,STALE,FRESH,1,63.18965278557304,96.81034721442697,33.62069442885392,9.201000621900784,0.0,0.0,37.250686,126.674964,37.254138,126.680626
29.550000000000285,3,DEGRADED,DEGRADED_FEEDFORWARD,DEGRADED_FEEDFORWARD,NONE,FRESH,FRESHED,STALE,FRESH,1,63.18965278557304,96.81034721442697,33.62069442885392,9.201000621900784,0.0,0.0,37.250686,126.674964,37.254138,126.680626
29.600000000000286,3,DEGRADED,DEGRADED_FEEDFORWARD,DEGRADED_FEEDFORWARD,NONE,FRESH,FRESHED,STALE,FRESH,1,63.18965278557304,96.81034721442697,33.62069442885392,9.201000621900784,0.0,0.0,37.250686,126.674964,37.254138,126.680626
29.650000000000286,3,DEGRADED,DEGRADED_FEEDFORWARD,DEGRADED_FEEDFORWARD,NONE,FRESH,FRESHED,STALE,FRESH,1,63.18965278557304,96.81034721442697,33.62069442885392,9.201000621900784,0.0,0.0,37.250686,126.674964,37.254138,126.680626
29.700000000000287,3,DEGRADED,DEGRADED_FEEDFORWARD,DEGRADED_FEEDFORWARD,NONE,FRESH,FRESHED,STALE,FRESH,1,63.18965278557304,96.81034721442697,33.62069442885392,9.201000621900784,0.0,0.0,37.250686,126.674964,37.254138,126.680626
29.750000000000288,3,DEGRADED,DEGRADED_FEEDFORWARD,DEGRADED_FEEDFORWARD,NONE,FRESH,FRESHED,STALE,FRESH,1,63.18965278557304,96.81034721442697,33.62069442885392,9.201000621900784,0.0,0.0,37.250686,126.674964,37.254138,126.680626
29.80000000000029,3,DEGRADED,DEGRADED_FEEDFORWARD,DEGRADED_FEEDFORWARD,NONE,FRESH,FRESHED,STALE,FRESH,1,63.18965278557304,96.81034721442697,33.62069442885392,9.201000621900784,0.0,0.0,37.250686,126.674964,37.254138,126.680626
29.85000000000029,3,DEGRADED,DEGRADED_FEEDFORWARD,DEGRADED_FEEDFORWARD,NONE,FRESH,FRESHED,STALE,STALE,1,63.18965278557304,96.81034721442697,33.62069442885392,9.201000621900784,0.0,0.0,37.250686,126.674964,37.254138,126.680626
29.90000000000029,3,DEGRADED,DEGRADED_FEEDFORWARD,DEGRADED_FEEDFORWARD,NONE,FRESH,FRESHED,STALE,STALE,1,63.18965278557304,96.81034721442697,33.62069442885392,9.201000621900784,0.0,0.0,37.250686,126.674964,37.254138,126.680626
29.95000000000029,3,DEGRADED,DEGRADED_FEEDFORWARD,DEGRADED_FEEDFORWARD,NONE,FRESH,FRESHED,STALE,STALE,1,63.18965278557304,96.81034721442697,33.62069442885392,9.201000621900784,0.0,0.0,37.250686,126.674964,37.254138,126.680626
30.00000000000029,3,DEGRADED,DEGRADED_FEEDFORWARD,DEGRADED_FEEDFORWARD,NONE,FRESH,FRESHED,STALE,STALE,1,63.18965278557304,96.81034721442697,33.62069442885392,9.201000621900784,0.0,0.0,37.250686,126.674964,37.254138,126.680626
30.050000000000292,3,DEGRADED,DEGRADED_FEEDFORWARD,DEGRADED_FEEDFORWARD,NONE,FRESH,FRESHED,STALE,STALE,1,63.18965278557304,96.81034721442697,33.62069442885392,9.201000621900784,0.0,0.0,37.250686,126.674964,37.254138,126.680626
30.100000000000293,3,ACTIVE,FAIL,NO_MOTION,NO_MOTION,FRESHED,STALE,FRESH,FRESH,1,60.189652785572996,99.81034721442701,65.0,25.0,0.0,0.0,37.250686,126.674964,37.254138,126.680626
30.150000000000293,3,ACTIVE,FAIL,NO_MOTION,NO_MOTION,FRESHED,STALE,FRESH,FRESH,1,57.18965278557295,102.81034721442705,65.0,25.0,0.0,0.0,37.250686,126.674964,37.254138,126.680626
30.200000000000294,3,ACTIVE,FAIL,NO_MOTION,NO_MOTION,FRESHED,STALE,FRESH,FRESH,1,54.18965278557291,105.8103472144271,65.0,25.0,0.0,0.0,37.250686,126.674964,37.254138,126.680626
30.250000000000295,3,ACTIVE,FAIL,NO_MOTION,NO_MOTION,FRESHED,STALE,FRESH,FRESH,1,51.18965278557287,108.81034721442714,65.0,25.0,0.0,0.0,37.250686,126.674964,37.254138,126.680626
30.300000000000296,3,ACTIVE,FAIL,NO_MOTION,NO_MOTION,FRESHED,STALE,FRESH,FRESH,1,48.189652785572825,111.81034721442718,65.0,25.0,0.0,0.0,37.250686,126.674964,37.254138,126.680626
30.350000000000296,3,ACTIVE,FAIL,NO_MOTION,NO_MOTION,FRESHED,STALE,FRESH,FRESH,1,47.5,112.5,65.0,25.0,0.0,0.0,37.250686,126.674964,37.254138,126.680626
30.400000000000297,3,NO_MOTION,FAIL,NO_MOTION,NO_MOTION,FRESHED,STALE,STALE,FRESH,0,80.0,80.0,0.0,0.0,0.0,0.0,37.250686,126.674964,37.254138,126.680626
30.450000000000298,3,NO_MOTION,FAIL,NO_MOTION,NO_MOTION,FRESHED,STALE,STALE,FRESH,0,80.0,80.0,0.0,0.0,0.0,0.0,37.250686,126.674964,37.254138,126.680626
30.5000000000003,3,NO_MOTION,FAIL,NO_MOTION,NO_MOTION,FRESHED,STALE,STALE,FRESH,0,80.0,80.0,0.0,0.0,0.0,0.0,37.250686,126.674964,37.254138,126.680626
30.5500000000003,3,NO_MOTION,FAIL,NO_MOTION,NO_MOTION,FRESHED,STALE,STALE,FRESH,0,80.0,80.0,0.0,0.0,0.0,0.0,37.250686,126.674964,37.254138,126.680626
30.6000000000003,3,NO_MOTION,FAIL,NO_MOTION,NO_MOTION,FRESHED,STALE,STALE,FRESH,0,80.0,80.0,0.0,0.0,0.0,0.0,37.250686,126.674964,37.254138,126.680626
30.6500000000003,3,NO_MOTION,FAIL,NO_MOTION,NO_MOTION,FRESHED,STALE,STALE,FRESH,0,80.0,80.0,0.0,0.0,0.0,0.0,37.250686,126.674964,37.254138,126.680626
30.7000000000003,3,NO_MOTION,FAIL,NO_MOTION,NO_MOTION,FRESHED,STALE,STALE,FRESH,0,80.0,80.0,0.0,0.0,0.0,0.0,37.250686,126.674964,37.254138,126.680626
30.750000000000302,3,NO_MOTION,FAIL,NO_MOTION,NO_MOTION,FRESHED,STALE,STALE,FRESH,0,80.0,80.0,0.0,0.0,0.0,0.0,37.250686,126.674964,37.254138,126.680626
30.800000000000303,3,NO_MOTION,FAIL,NO_MOTION,NO_MOTION,FRESHED,STALE,STALE,FRESH,0,80.0,80.0,0.0,0.0,0.0,0.0,37.250686,126.674964,37.254138,126.680626
30.850000000000303,3,NO_MOTION,FAIL,NO_MOTION,NO_MOTION,FRESHED,STALE,STALE,STALE,0,80.0,80.0,0.0,0.0,0.0,0.0,37.250686,126.674964,37.254138,126.680626
30.900000000000304,3,NO_MOTION,FAIL,NO_MOTION,NO_MOTION,FRESHED,STALE,STALE,STALE,0,80.0,80.0,0.0,0.0,0.0,0.0,37.250686,126.674964,37.254138,126.680626
30.950000000000305,3,NO_MOTION,FAIL,NO_MOTION,NO_MOTION,FRESHED,STALE,STALE,STALE,0,80.0,80.0,0.0,0.0,0.0,0.0,37.250686,126.674964,37.254138,126.680626
31.000000000000306,3,NO_MOTION,FAIL,NO_MOTION,NO_MOTION,FRESHED,STALE,STALE,STALE,0,80.0,80.0,0.0,0.0,0.0,0.0,37.250686,126.674964,37.254138,126.680626
31.050000000000306,3,NO_MOTION,FAIL,NO_MOTION,NO_MOTION,FRESHED,STALE,STALE,STALE,0,80.0,80.0,0.0,0.0,0.0,0.0,37.250686,126.674964,37.254138,126.680626
31.100000000000307,3,ACTIVE,FAIL,NO_MOTION,NO_MOTION,FRESHED,STALE,FRESH,FRESH,1,59.5,100.5,-65.0,-25.0,0.0,0.0,37.250686,126.674964,37.254138,126.680626
31.150000000000308,3,ACTIVE,FAIL,NO_MOTION,NO_MOTION,FRESHED,STALE,FRESH,FRESH,1,62.50000000000004,97.49999999999996,-65.0,-25.0,0.0,0.0,37.250686,126.674964,37.254138,126.680626
31.20000000000031,3,ACTIVE,FAIL,NO_MOTION,NO_MOTION,FRESHED,STALE,FRESH,FRESH,1,65.50000000000009,94.49999999999991,-65.0,-25.0,0.0,0.0,37.250686,126.674964,37.254138,126.680626
31.25000000000031,3,ACTIVE,FAIL,NO_MOTION,NO_MOTION,FRESHED,STALE,FRESH,FRESH,1,68.50000000000013,91.49999999999987,-65.0,-25.0,0.0,0.0,37.250686,126.674964,37.254138,126.680626
31.30000000000031,3,ACTIVE,FAIL,NO_MOTION,NO_MOTION,FRESHED,STALE,FRESH,FRESH,1,71.50000000000017,88.49999999999983,-65.0,-25.0,0.0,0.0,37.250686,126.674964,37.254138,126.680626
31.35000000000031,3,ACTIVE,FAIL,NO_MOTION,NO_MOTION,FRESHED,STALE,FRESH,FRESH,1,74.50000000000021,85.49999999999979,-65.0,-25.0,0.0,0.0,37.250686,126.674964,37.254138,126.680626
31.40000000000031,3,NO_MOTION,FAIL,NO_MOTION,NO_MOTION,FRESHED,STALE,STALE,FRESH,0,80.0,80.0,0.0,0.0,0.0,0.0,37.250686,126.674964,37.254138,126.680626
31.450000000000312,3,NO_MOTION,FAIL,NO_MOTION,NO_MOTION,FRESHED,STALE,STALE,FRESH,0,80.0,80.0,0.0,0.0,0.0,0.0,37.250686,126.674964,37.254138,126.680626
31.500000000000313,3,NO_MOTION,FAIL,NO_MOTION,NO_MOTION,FRESHED,STALE,STALE,FRESH,0,80.0,80.0,0.0,0.0,0.0,0.0,37.250686,126.674964,37.254138,126.680626
31.550000000000313,3,NO_MOTION,FAIL,NO_MOTION,NO_MOTION,FRESHED,STALE,STALE,FRESH,0,80.0,80.0,0.0,0.0,0.0,0.0,37.250686,126.674964,37.254138,126.680626
31.600000000000314,3,NO_MOTION,FAIL,NO_MOTION,NO_MOTION,FRESHED,STALE,STALE,FRESH,0,80.0,80.0,0.0,0.0,0.0,0.0,37.250686,126.674964,37.254138,126.680626
31.650000000000315,3,NO_MOTION,FAIL,NO_MOTION,NO_MOTION,FRESHED,STALE,STALE,FRESH,0,80.0,80.0,0.0,0.0,0.0,0.0,37.250686,126.674964,37.254138,126.680626
31.700000000000315,3,NO_MOTION,FAIL,NO_MOTION,NO_MOTION,FRESHED,STALE,STALE,FRESH,0,80.0,80.0,0.0,0.0,0.0,0.0,37.250686,126.674964,37.254138,126.680626
31.750000000000316,3,NO_MOTION,FAIL,NO_MOTION,NO_MOTION,FRESHED,STALE,STALE,FRESH,0,80.0,80.0,0.0,0.0,0.0,0.0,37.250686,126.674964,37.254138,126.680626
31.800000000000317,3,NO_MOTION,FAIL,NO_MOTION,NO_MOTION,FRESHED,STALE,STALE,FRESH,0,80.0,80.0,0.0,0.0,0.0,0.0,37.250686,126.674964,37.254138,126.680626
31.850000000000318,3,NO_MOTION,FAIL,NO_MOTION,NO_MOTION,FRESHED,STALE,STALE,STALE,0,80.0,80.0,0.0,0.0,0.0,0.0,37.250686,126.674964,37.254138,126.680626
31.90000000000032,3,NO_MOTION,FAIL,NO_MOTION,NO_MOTION,FRESHED,STALE,STALE,STALE,0,80.0,80.0,0.0,0.0,0.0,0.0,37.250686,126.674964,37.254138,126.680626
31.95000000000032,3,NO_MOTION,FAIL,NO_MOTION,NO_MOTION,FRESHED,STALE,STALE,STALE,0,80.0,80.0,0.0,0.0,0.0,0.0,37.250686,126.674964,37.254138,126.680626
32.00000000000032,3,NO_MOTION,FAIL,NO_MOTION,NO_MOTION,FRESHED,STALE,STALE,STALE,0,80.0,80.0,0.0,0.0,0.0,0.0,37.250686,126.674964,37.254138,126.680626
32.05000000000032,3,NO_MOTION,FAIL,NO_MOTION,NO_MOTION,FRESHED,STALE,STALE,STALE,0,80.0,80.0,0.0,0.0,0.0,0.0,37.250686,126.674964,37.254138,126.680626
32.100000000000314,3,ACTIVE,NOMINAL_CLOSED_LOOP,NOMINAL_CLOSED_LOOP,NONE,FRESH,FRESH,FRESH,FRESH,1,54.50000000000021,105.49999999999979,74.34128399615594,22.778672589896583,-20.4826513135285,22.26625024374617,37.250686,126.674964,37.254138,126.680626
32.15000000000031,3,ACTIVE,NOMINAL_CLOSED_LOOP,NOMINAL_CLOSED_LOOP,NONE,FRESH,FRESH,FRESH,FRESH,1,49.5000000000005,110.4999999999995,74.35323266874583,22.778672589896583,-20.4826513135285,22.26625024374617,37.250686,126.674964,37.254138,126.680626
32.20000000000031,3,ACTIVE,NOMINAL_CLOSED_LOOP,NOMINAL_CLOSED_LOOP,NONE,FRESH,FRESH,FRESH,FRESH,1,44.50000000000078,115.49999999999922,74.36518134133573,22.778672589896583,-20.4826513135285,22.26625024374617,37.250686,126.674964,37.254138,126.680626
32.250000000000306,3,ACTIVE,NOMINAL_CLOSED_LOOP,NOMINAL_CLOSED_LOOP,NONE,FRESH,FRESH,FRESH,FRESH,1,42.81143499303719,117.18856500696282,74.37713001392562,22.778672589896583,-20.4826513135285,22.26625024374617,37.250686,126.674964,37.254138,126.680626
32.3000000000003,3,ACTIVE,NOMINAL_CLOSED_LOOP,NOMINAL_CLOSED_LOOP,NONE,FRESH,FRESH,FRESH,FRESH,1,42.80546065674224,117.19453934325776,74.38907868651552,22.778672589896583,-20.4826513135285,22.26625024374617,37.250686,126.674964,37.254138,126.680626
32.3500000000003,3,ACTIVE,NOMINAL_CLOSED_LOOP,NOMINAL_CLOSED_LOOP,NONE,FRESH,FRESH,FRESH,FRESH,1,42.79948632044729,117.2005136795527,74.40102735910541,22.778672589896583,-20.4826513135285,22.26625024374617,37.250686,126.674964,37.254138,126.680626
32.4000000000003,3,ACTIVE,NOMINAL_CLOSED_LOOP,NOMINAL_CLOSED_LOOP,NONE,FRESH,FRESH,FRESH,FRESH,1,42.793511984152346,117.20648801584765,74.41297603169531,22.778672589896583,-20.4826513135285,22.26625024374617,37.250686,126.674964,37.254138,126.680626
32.450000000000294,3,ACTIVE,NOMINAL_FEEDFORWARD,NOMINAL_FEEDFORWARD,NONE,FRESH,FRESH,STALE,FRESH,1,47.29351198415209,112.70648801584791,63.558807228417294,19.93133851615951,-20.4826513135285,22.26625024374617,37.250686,126.674964,37.254138,126.680626
32.50000000000029,3,ACTIVE,NOMINAL_FEEDFORWARD,NOMINAL_FEEDFORWARD,NONE,FRESH,FRESH,STALE,FRESH,1,48.22059638579135,111.77940361420865,63.558807228417294,19.93133851615951,-20.4826513135285,22.26625024374617,37.250686,126.674964,37.254138,126.680626
32.55000000000029,3,ACTIVE,NOMINAL_FEEDFORWARD,NOMINAL_FEEDFORWARD,NONE,FRESH,FRESH,STALE,FRESH,1,48.22059638579135,111.77940361420865,63.558807228417294,19.93133851615951,-20.4826513135285,22.26625024374617,37.250686,126.674964,37.254138,126.680626
32.600000000000286,3,ACTIVE,NOMINAL_FEEDFORWARD,NOMINAL_FEEDFORWARD,NONE,FRESH,FRESH,STALE,FRESH,1,48.22059638579135,111.77940361420865,63.558807228417294,19.93133851615951,-20.4826513135285,22.26625024374617,37.250686,126.674964,37.254138,126.680626
32.65000000000028,3,ACTIVE,NOMINAL_FEEDFORWARD,NOMINAL_FEEDFORWARD,NONE,FRESH,FRESH,STALE,FRESH,1,48.22059638579135,111.77940361420865,63.558807228417294,19.93133851615951,-20.4826513135285,22.26625024374617,37.250686,126.674964,37.254138,126.680626
32.70000000000028,3,ACTIVE,NOMINAL_FEEDFORWARD,NOMINAL_FEEDFORWARD,NONE,FRESH,FRESH,STALE,FRESH,1,48.22059638579135,111.77940361420865,63.558807228417294,19.93133851615951,-20.4826513135285,22.26625024374617,37.250686,126.674964,37.254138,126.680626
32.75000000000028,3,ACTIVE,NOMINAL_FEEDFORWARD,NOMINAL_FEEDFORWARD,NONE,FRESH,FRESH,STALE,FRESH,1,48.22059638579135,111.77940361420865,63.558807228417294,19.93133851615951,-20.4826513135285,22.26625024374617,37.250686,126.674964,37.254138,126.680626
32.800000000000274,3,ACTIVE,NOMINAL_FEEDFORWARD,NOMINAL_FEEDFORWARD,NONE,FRESH,FRESH,STALE,FRESH,1,48.22059638579135,111.77940361420865,63.558807228417294,19.93133851615951,-20.4826513135285,22.26625024374617,37.250686,126.674964,37.254138,126.680626
32.85000000000027,3,ACTIVE,NOMINAL_FEEDFORWARD,NOMINAL_FEEDFORWARD,NONE,FRESH,FRESH,STALE,FRESH,1,48.22059638579135,111.77940361420865,63.558807228417294,19.93133851615951,-20.4826513135285,22.26625024374617,37.250686,126.674964,37.254138,126.680626
32.90000000000027,3,ACTIVE,NOMINAL_FEEDFORWARD,NOMINAL_FEEDFORWARD,NONE,FRESH,FRESH,STALE,STALE,1,48.22059638579135,111.77940361420865,63.558807228417294,19.93133851615951,-20.4826513135285,22.26625024374617,37.250686,126.674964,37.254138,126.680626
32.950000000000266,3,ACTIVE,NOMINAL_FEEDFORWARD,NOMINAL_FEEDFORWARD,NONE,FRESH,FRESH,STALE,STALE,1,48.22059638579135,111.77940361420865,63.558807228417294,19.93133851615951,-20.4826513135285,22.26625024374617,37.250686,126.674964,37.254138,126.680626
33.00000000000026,3,ACTIVE,NOMINAL_FEEDFORWARD,NOMINAL_FEEDFORWARD,NONE,FRESH,FRESH,STALE,STALE,1,48.22059638579135,111.77940361420865,63.558807228417294,19.93133851615951,-20.4826513135285,22.26625024374617,37.250686,126.674964,37.254138,126.680626
33.05000000000026,3,ACTIVE,NOMINAL_FEEDFORWARD,NOMINAL_FEEDFORWARD,NONE,FRESH,FRESH,STALE,STALE,1,48.22059638579135,111.77940361420865,63.558807228417294,19.93133851615951,-20.4826513135285,22.26625024374617,37.250686,126.674964,37.254138,126.680626
33.10000000000026,3,DEGRADED,DEGRADED_CLOSED_LOOP,DEGRADED_CLOSED_LOOP,NONE,FRESH,FRESHED,FRESH,FRESH,1,51.720596385791154,108.27940361420885,46.30526731731655,14.203528801482085,-20.4826513135285,22.26625024374617,37.250686,126.674964,37.254138,126.680626
33.150000000000254,3,DEGRADED,DEGRADED_CLOSED_LOOP,DEGRADED_CLOSED_LOOP,NONE,FRESH,FRESHED,FRESH,FRESH,1,55.220596385790955,104.77940361420904,46.301370846118026,14.203528801482085,-20.4826513135285,22.26625024374617,37.250686,126.674964,37.254138,126.680626
33.20000000000025,3,DEGRADED,DEGRADED_CLOSED_LOOP,DEGRADED_CLOSED_LOOP,NONE,FRESH,FRESHED,FRESH,FRESH,1,56.85126281254024,103.14873718745976,46.29747437491951,14.203528801482085,-20.4826513135285,22.26625024374617,37.250686,126.674964,37.254138,126.680626
33.25000000000025,3,DEGRADED,DEGRADED_CLOSED_LOOP,DEGRADED_CLOSED_LOOP,NONE,FRESH,FRESHED,FRESH,FRESH,1,56.8532110481395,103.1467889518605,46.293577903720994,14.203528801482085,-20.4826513135285,22.26625024374617,37.250686,126.674964,37.254138,126.680626
33.300000000000246,3,DEGRADED,DEGRADED_CLOSED_LOOP,DEGRADED_CLOSED_LOOP,NONE,FRESH,FRESHED,FRESH,FRESH,1,56.85515928373876,103.14484071626124,46.28968143252248,14.203528801482085,-20.4826513135285,22.26625024374617,37.250686,126.674964,37.254138,126.680626
33.35000000000024,3,DEGRADED,DEGRADED_CLOSED_LOOP,DEGRADED_CLOSED_LOOP,NONE,FRESH,FRESHED,FRESH,FRESH,1,56.85710751933802,103.14289248066197,46.285784961323955,14.203528801482085,-20.4826513135285,22.26625024374617,37.250686,126.674964,37.254138,126.680626
33.40000000000024,3,DEGRADED,DEGRADED_CLOSED_LOOP,DEGRADED_CLOSED_LOOP,NONE,FRESH,FRESHED,FRESH,FRESH,1,56.85905575493728,103.14094424506271,46.28188849012544,14.203528801482085,-20.4826513135285,22.26625024374617,37.250686,126.674964,37.254138,126.680626
33.45000000000024,3,DEGRADED,DEGRADED_FEEDFORWARD,DEGRADED_FEEDFORWARD,NONE,FRESH,FRESHED,STALE,FRESH,1,59.85905575493711,100.14094424506288,38.33275402512189,11.362823041185669,-20.4826513135285,22.26625024374617,37.250686,126.674964,37.254138,126.680626
33.500000000000234,3,DEGRADED,DEGRADED_FEEDFORWARD,DEGRADED_FEEDFORWARD,NONE,FRESH,FRESHED,STALE,FRESH,1,60.83362298743906,99.16637701256094,38.33275402512189,11.362823041185669,-20.4826513135285,22.26625024374617,37.250686,126.674964,37.254138,126.680626
33.55000000000023,3,DEGRADED,DEGRADED_FEEDFORWARD,DEGRADED_FEEDFORWARD,NONE,FRESH,FRESHED,STALE,FRESH,1,60.83362298743906,99.16637701256094,38.33275402512189,11.362823041185669,-20.4826513135285,22.26625024374617,37.250686,126.674964,37.254138,126.680626
33.60000000000023,3,DEGRADED,DEGRADED_FEEDFORWARD,DEGRADED_FEEDFORWARD,NONE,FRESH,FRESHED,STALE,FRESH,1,60.83362298743906,99.16637701256094,38.33275402512189,11.362823041185669,-20.4826513135285,22.26625024374617,37.250686,126.674964,37.254138,126.680626
33.650000000000226,3,DEGRADED,DEGRADED_FEEDFORWARD,DEGRADED_FEEDFORWARD,NONE,FRESH,FRESHED,STALE,FRESH,1,60.83362298743906,99.16637701256094,38.33275402512189,11.362823041185669,-20.4826513135285,22.26625024374617,37.250686,126.674964,37.254138,126.680626
33.70000000000022,3,DEGRADED,DEGRADED_FEEDFORWARD,DEGRADED_FEEDFORWARD,NONE,FRESH,FRESHED,STALE,FRESH,1,60.83362298743906,99.16637701256094,38.33275402512189,11.362823041185669,-20.4826513135285,22.26625024374617,37.250686,126.674964,37.254138,126.680626
33.75000000000022,3,DEGRADED,DEGRADED_FEEDFORWARD,DEGRADED_FEEDFORWARD,NONE,FRESH,FRESHED,STALE,FRESH,1,60.83362298743906,99.16637701256094,38.33275402512189,11.362823041185669,-20.4826513135285,22.26625024374617,37.250686,126.674964,37.254138,126.680626
33.80000000000022,3,DEGRADED,DEGRADED_FEEDFORWARD,DEGRADED_FEEDFORWARD,NONE,FRESH,FRESHED,STALE,FRESH,1,60.83362298743906,99.16637701256094,38.33275402512189,11.362823041185669,-20.4826513135285,22.26625024374617,37.250686,126.674964,37.254138,126.680626
33.850000000000215,3,DEGRADED,DEGRADED_FEEDFORWARD,DEGRADED_FEEDFORWARD,NONE,FRESH,FRESHED,STALE,FRESH,1,60.83362298743906,99.16637701256094,38.33275402512189,11.362823041185669,-20.4826513135285,22.26625024374617,37.250686,126.674964,37.254138,126.680626
33.90000000000021,3,DEGRADED,DEGRADED_FEEDFORWARD,DEGRADED_FEEDFORWARD,NONE,FRESH,FRESHED,STALE,STALE,1,60.83362298743906,99.16637701256094,38.33275402512189,11.362823041185669,-20.4826513135285,22.26625024374617,37.250686,126.674964,37.254138,126.680626
33.95000000000021,3,DEGRADED,DEGRADED_FEEDFORWARD,DEGRADED_FEEDFORWARD,NONE,FRESH,FRESHED,STALE,STALE,1,60.83362298743906,99.16637701256094,38.33275402512189,11.362823041185669,-20.4826513135285,22.26625024374617,37.250686,126.674964,37.254138,126.680626
34.000000000000206,3,DEGRADED,DEGRADED_FEEDFORWARD,DEGRADED_FEEDFORWARD,NONE,FRESH,FRESHED,STALE,STALE,1,60.83362298743906,99.16637701256094,38.33275402512189,11.362823041185669,-20.4826513135285,22.26625024374617,37.250686,126.674964,37.254138,126.680626
34.0500000000002,3,DEGRADED,DEGRADED_FEEDFORWARD,DEGRADED_FEEDFORWARD,NONE,FRESH,FRESHED,STALE,STALE,1,60.83362298743906,99.16637701256094,38.33275402512189,11.362823041185669,-20.4826513135285,22.26625024374617,37.250686,126.674964,37.254138,126.680626
34.1000000000002,3,ACTIVE,NOMINAL_CLOSED_LOOP,NOMINAL_CLOSED_LOOP,NONE,FRESH,FRESH,FRESH,FRESH,1,57.53099858472795,102.46900141527205,44.9380028305441,12.347239305672701,-29.663944556817977,38.44069028326571,37.250686,126.674964,37.254138,126.680626
34.1500000000002,3,ACTIVE,NOMINAL_CLOSED_LOOP,NOMINAL_CLOSED_LOOP,NONE,FRESH,FRESH,FRESH,FRESH,1,57.53258996507511,102.46741003492488,44.93482006984978,12.347239305672701,-29.663944556817977,38.44069028326571,37.250686,126.674964,37.254138,126.680626
34.200000000000195,3,ACTIVE,NOMINAL_CLOSED_LOOP,NOMINAL_CLOSED_LOOP,NONE,FRESH,FRESH,FRESH,FRESH,1,57.534181345422276,102.46581865457773,44.93163730915545,12.347239305672701,-29.663944556817977,38.44069028326571,37.250686,126.674964,37.254138,126.680626
34.25000000000019,3,ACTIVE,NOMINAL_CLOSED_LOOP,NOMINAL_CLOSED_LOOP,NONE,FRESH,FRESH,FRESH,FRESH,1,57.53577272576944,102.46422727423055,44.92845454846112,12.347239305672701,-29.663944556817977,38.44069028326571,37.250686,126.674964,37.254138,126.680626
34.30000000000019,3,ACTIVE,NOMINAL_CLOSED_LOOP,NOMINAL_CLOSED_LOOP,NONE,FRESH,FRESH,FRESH,FRESH,1,57.5373641061166,102.4626358938834,44.925271787766796,12.347239305672701,-29.663944556817977,38.44069028326571,37.250686,126.674964,37.254138,126.680626
34.350000000000186,3,ACTIVE,NOMINAL_CLOSED_LOOP,NOMINAL_CLOSED_LOOP,NONE,FRESH,FRESH,FRESH,FRESH,1,57.53895548646376,102.46104451353624,44.92208902707247,12.347239305672701,-29.663944556817977,38.44069028326571,37.250686,126.674964,37.254138,126.680626
34.40000000000018,3,ACTIVE,NOMINAL_CLOSED_LOOP,NOMINAL_CLOSED_LOOP,NONE,FRESH,FRESH,FRESH,FRESH,1,57.54054686681093,102.45945313318907,44.91890626637814,12.347239305672701,-29.663944556817977,38.44069028326571,37.250686,126.674964,37.254138,126.680626
34.45000000000018,3,ACTIVE,NOMINAL_FEEDFORWARD,NOMINAL_FEEDFORWARD,NONE,FRESH,FRESH,STALE,FRESH,1,58.98013620244433,101.01986379755567,42.03972759511134,10.803834392463614,-29.663944556817977,38.44069028326571,37.250686,126.674964,37.254138,126.680626
34.50000000000018,3,ACTIVE,NOMINAL_FEEDFORWARD,NOMINAL_FEEDFORWARD,NONE,FRESH,FRESH,STALE,FRESH,1,58.98013620244433,101.01986379755567,42.03972759511134,10.803834392463614,-29.663944556817977,38.44069028326571,37.250686,126.674964,37.254138,126.680626
34.550000000000175,3,ACTIVE,NOMINAL_FEEDFORWARD,NOMINAL_FEEDFORWARD,NONE,FRESH,FRESH,STALE,FRESH,1,58.98013620244433,101.01986379755567,42.03972759511134,10.803834392463614,-29.663944556817977,38.44069028326571,37.250686,126.674964,37.254138,126.680626
34.60000000000017,3,ACTIVE,NOMINAL_FEEDFORWARD,NOMINAL_FEEDFORWARD,NONE,FRESH,FRESH,STALE,FRESH,1,58.98013620244433,101.01986379755567,42.03972759511134,10.803834392463614,-29.663944556817977,38.44069028326571,37.250686,126.674964,37.254138,126.680626
34.65000000000017,3,ACTIVE,NOMINAL_FEEDFORWARD,NOMINAL_FEEDFORWARD,NONE,FRESH,FRESH,STALE,FRESH,1,58.98013620244433,101.01986379755567,42.03972759511134,10.803834392463614,-29.663944556817977,38.44069028326571,37.250686,126.674964,37.254138,126.680626
34.700000000000166,3,ACTIVE,NOMINAL_FEEDFORWARD,NOMINAL_FEEDFORWARD,NONE,FRESH,FRESH,STALE,FRESH,1,58.98013620244433,101.01986379755567,42.03972759511134,10.803834392463614,-29.663944556817977,38.44069028326571,37.250686,126.674964,37.254138,126.680626
34.75000000000016,3,ACTIVE,NOMINAL_FEEDFORWARD,NOMINAL_FEEDFORWARD,NONE,FRESH,FRESH,STALE,FRESH,1,58.98013620244433,101.01986379755567,42.03972759511134,10.803834392463614,-29.663944556817977,38.44069028326571,37.250686,126.674964,37.254138,126.680626
34.80000000000016,3,ACTIVE,NOMINAL_FEEDFORWARD,NOMINAL_FEEDFORWARD,NONE,FRESH,FRESH,STALE,FRESH,1,58.98013620244433,101.01986379755567,42.03972759511134,10.803834392463614,-29.663944556817977,38.44069028326571,37.250686,126.674964,37.254138,126.680626
34.85000000000016,3,ACTIVE,NOMINAL_FEEDFORWARD,NOMINAL_FEEDFORWARD,NONE,FRESH,FRESH,STALE,FRESH,1,58.98013620244433,101.01986379755567,42.03972759511134,10.803834392463614,-29.663944556817977,38.44069028326571,37.250686,126.674964,37.254138,126.680626
34.900000000000155,3,ACTIVE,NOMINAL_FEEDFORWARD,NOMINAL_FEEDFORWARD,NONE,FRESH,FRESH,STALE,STALE,1,58.98013620244433,101.01986379755567,42.03972759511134,10.803834392463614,-29.663944556817977,38.44069028326571,37.250686,126.674964,37.254138,126.680626
34.95000000000015,3,ACTIVE,NOMINAL_FEEDFORWARD,NOMINAL_FEEDFORWARD,NONE,FRESH,FRESH,STALE,STALE,1,58.98013620244433,101.01986379755567,42.03972759511134,10.803834392463614,-29.663944556817977,38.44069028326571,37.250686,126.674964,37.254138,126.680626
35.00000000000015,3,ACTIVE,NOMINAL_FEEDFORWARD,NOMINAL_FEEDFORWARD,NONE,FRESH,FRESH,STALE,STALE,1,58.98013620244433,101.01986379755567,42.03972759511134,10.803834392463614,-29.663944556817977,38.44069028326571,37.250686,126.674964,37.254138,126.680626
35.050000000000146,3,ACTIVE,NOMINAL_FEEDFORWARD,NOMINAL_FEEDFORWARD,NONE,FRESH,FRESH,STALE,STALE,1,58.98013620244433,101.01986379755567,42.03972759511134,10.803834392463614,-29.663944556817977,38.44069028326571,37.250686,126.674964,37.254138,126.680626
35.10000000000014,3,DEGRADED,DEGRADED_CLOSED_LOOP,DEGRADED_CLOSED_LOOP,NONE,FRESH,FRESHED,FRESH,FRESH,1,55.48013620244453,104.51986379755547,60.231215898772994,15.403234303366421,-29.663944556817977,38.44069028326571,37.250686,126.674964,37.254138,126.680626
35.15000000000014,3,DEGRADED,DEGRADED_CLOSED_LOOP,DEGRADED_CLOSED_LOOP,NONE,FRESH,FRESHED,FRESH,FRESH,1,51.980136202444726,108.01986379755527,60.25966913307636,15.403234303366421,-29.663944556817977,38.44069028326571,37.250686,126.674964,37.254138,126.680626
35.20000000000014,3,DEGRADED,DEGRADED_CLOSED_LOOP,DEGRADED_CLOSED_LOOP,NONE,FRESH,FRESHED,FRESH,FRESH,1,49.855938816310136,110.14406118368987,60.28812236737973,15.403234303366421,-29.663944556817977,38.44069028326571,37.250686,126.674964,37.254138,126.680626
35.250000000000135,3,DEGRADED,DEGRADED_CLOSED_LOOP,DEGRADED_CLOSED_LOOP,NONE,FRESH,FRESHED,FRESH,FRESH,1,49.84171219915845,110.15828780084155,60.31657560168309,15.403234303366421,-29.663944556817977,38.44069028326571,37.250686,126.674964,37.254138,126.680626
35.30000000000013,3,DEGRADED,DEGRADED_CLOSED_LOOP,DEGRADED_CLOSED_LOOP,NONE,FRESH,FRESHED,FRESH,FRESH,1,49.82748558200677,110.17251441799323,60.345028835986454,15.403234303366421,-29.663944556817977,38.44069028326571,37.250686,126.674964,37.254138,126.680626
35.35000000000013,3,DEGRADED,DEGRADED_CLOSED_LOOP,DEGRADED_CLOSED_LOOP,NONE,FRESH,FRESHED,FRESH,FRESH,1,49.813258964855095,110.1867410351449,60.37348207028982,15.403234303366421,-29.663944556817977,38.44069028326571,37.250686,126.674964,37.254138,126.680626
35.40000000000013,3,DEGRADED,DEGRADED_CLOSED_LOOP,DEGRADED_CLOSED_LOOP,NONE,FRESH,FRESHED,FRESH,FRESH,1,49.79903234770341,110.20096765229658,60.40193530459318,15.403234303366421,-29.663944556817977,38.44069028326571,37.250686,126.674964,37.254138,126.680626
35.450000000000124,3,DEGRADED,DEGRADED_FEEDFORWARD,DEGRADED_FEEDFORWARD,NONE,FRESH,FRESHED,STALE,FRESH,1,52.79903234770324,107.20096765229675,40.3656531499381,12.322587442693138,-29.663944556817977,38.44069028326571,37.250686,126.674964,37.254138,126.680626
35.50000000000012,3,DEGRADED,DEGRADED_FEEDFORWARD,DEGRADED_FEEDFORWARD,NONE,FRESH,FRESHED,STALE,FRESH,1,55.79903234770307,104.20096765229692,40.3656531499381,12.322587442693138,-29.663944556817977,38.44069028326571,37.250686,126.674964,37.254138,126.680626
35.55000000000012,3,DEGRADED,DEGRADED_FEEDFORWARD,DEGRADED_FEEDFORWARD,NONE,FRESH,FRESHED,STALE,FRESH,1,58.7990323477029,101.2009676522971,40.3656531499381,12.322587442693138,-29.663944556817977,38.44069028326571,37.250686,126.674964,37.254138,126.680626
35.600000000000115,3,DEGRADED,DEGRADED_FEEDFORWARD,DEGRADED_FEEDFORWARD,NONE,FRESH,FRESHED,STALE,FRESH,1,59.81717342503095,100.18282657496906,40.3656531499381,12.322587442693138,-29.663944556817977,38.44069028326571,37.250686,126.674964,37.254138,126.680626
35.65000000000011,3,DEGRADED,DEGRADED_FEEDFORWARD,DEGRADED_FEEDFORWARD,NONE,FRESH,FRESHED,STALE,FRESH,1,59.81717342503095,100.18282657496906,40.3656531499381,12.322587442693138,-29.663944556817977,38.44069028326571,37.250686,126.674964,37.254138,126.680626
35.70000000000011,3,DEGRADED,DEGRADED_FEEDFORWARD,DEGRADED_FEEDFORWARD,NONE,FRESH,FRESHED,STALE,FRESH,1,59.81717342503095,100.18282657496906,40.3656531499381,12.322587442693138,-29.663944556817977,38.44069028326571,37.250686,126.674964,37.254138,126.680626
35.75000000000011,3,DEGRADED,DEGRADED_FEEDFORWARD,DEGRADED_FEEDFORWARD,NONE,FRESH,FRESHED,STALE,FRESH,1,59.81717342503095,100.18282657496906,40.3656531499381,12.322587442693138,-29.663944556817977,38.44069028326571,37.250686,126.674964,37.254138,126.680626
35.800000000000104,3,DEGRADED,DEGRADED_FEEDFORWARD,DEGRADED_FEEDFORWARD,NONE,FRESH,FRESHED,STALE,FRESH,1,59.81717342503095,100.18282657496906,40.3656531499381,12.322587442693138,-29.663944556817977,38.44069028326571,37.250686,126.674964,37.254138,126.680626
35.8500000000001,3,DEGRADED,DEGRADED_FEEDFORWARD,DEGRADED_FEEDFORWARD,NONE,FRESH,FRESHED,STALE,FRESH,1,59.81717342503095,100.18282657496906,40.3656531499381,12.322587442693138,-29.663944556817977,38.44069028326571,37.250686,126.674964,37.254138,126.680626
35.9000000000001,3,DEGRADED,DEGRADED_FEEDFORWARD,DEGRADED_FEEDFORWARD,NONE,FRESH,FRESHED,STALE,STALE,1,59.81717342503095,100.18282657496906,40.3656531499381,12.322587442693138,-29.663944556817977,38.44069028326571,37.250686,126.674964,37.254138,126.680626
35.950000000000095,3,DEGRADED,DEGRADED_FEEDFORWARD,DEGRADED_FEEDFORWARD,NONE,FRESH,FRESHED,STALE,STALE,1,59.81717342503095,100.18282657496906,40.3656531499381,12.322587442693138,-29.663944556817977,38.44069028326571,37.250686,126.674964,37.254138,126.680626
36.00000000000009,3,DEGRADED,DEGRADED_FEEDFORWARD,DEGRADED_FEEDFORWARD,NONE,FRESH,FRESHED,STALE,STALE,1,59.81717342503095,100.18282657496906,40.3656531499381,12.322587442693138,-29.663944556817977,38.44069028326571,37.250686,126.674964,37.254138,126.680626
36.05000000000009,3,DEGRADED,DEGRADED_FEEDFORWARD,DEGRADED_FEEDFORWARD,NONE,FRESH,FRESHED,STALE,STALE,1,59.81717342503095,100.18282657496906,40.3656531499381,12.322587442693138,-29.663944556817977,38.44069028326571,37.250686,126.674964,37.254138,126.680626
36.10000000000009,3,DEGRADED,DEGRADED_CLOSED_LOOP,DEGRADED_CLOSED_LOOP,NONE,FRESH,FRESHED,FRESH,FRESH,1,56.31717342503115,103.68282657496886,75.2322090612225,23.104851455049634,-29.663944556817977,38.44069028326571,37.250686,126.674964,37.254138,126.680626
36.150000000000084,3,DEGRADED,DEGRADED_CLOSED_LOOP,DEGRADED_CLOSED_LOOP,NONE,FRESH,FRESHED,FRESH,FRESH,1,52.81717342503135,107.18282657496866,75.25700391267755,23.104851455049634,-29.663944556817977,38.44069028326571,37.250686,126.674964,37.254138,126.680626
36.20000000000008,3,DEGRADED,DEGRADED_CLOSED_LOOP,DEGRADED_CLOSED_LOOP,NONE,FRESH,FRESHED,FRESH,FRESH,1,49.31717342503155,110.68282657496846,75.2817987641326,23.104851455049634,-29.663944556817977,38.44069028326571,37.250686,126.674964,37.254138,126.680626
36.25000000000008,3,DEGRADED,DEGRADED_CLOSED_LOOP,DEGRADED_CLOSED_LOOP,NONE,FRESH,FRESHED,FRESH,FRESH,1,45.81717342503175,114.18282657496826,75.30659361558764,23.104851455049634,-29.663944556817977,38.44069028326571,37.250686,126.674964,37.254138,126.680626
36.300000000000075,3,DEGRADED,DEGRADED_CLOSED_LOOP,DEGRADED_CLOSED_LOOP,NONE,FRESH,FRESHED,FRESH,FRESH,1,42.33430576647865,117.66569423352135,75.3313884670427,23.104851455049634,-29.663944556817977,38.44069028326571,37.250686,126.674964,37.254138,126.680626
36.35000000000007,3,DEGRADED,DEGRADED_CLOSED_LOOP,DEGRADED_CLOSED_LOOP,NONE,FRESH,FRESHED,FRESH,FRESH,1,42.32190834075113,117.67809165924888,75.35618331849774,23.104851455049634,-29.663944556817977,38.44069028326571,37.250686,126.674964,37.254138,126.680626
36.40000000000007,3,DEGRADED,DEGRADED_CLOSED_LOOP,DEGRADED_CLOSED_LOOP,NONE,FRESH,FRESHED,FRESH,FRESH,1,42.3095109150236,117.6904890849764,75.3809781699528,23.104851455049634,-29.663944556817977,38.44069028326571,37.250686,126.674964,37.254138,126.680626
36.45000000000007,3,DEGRADED,DEGRADED_FEEDFORWARD,DEGRADED_FEEDFORWARD,NONE,FRESH,FRESHED,STALE,FRESH,1,45.30951091502343,114.69048908497658,42.549369136931006,13.370467453333342,-29.663944556817977,38.44069028326571,37.250686,126.674964,37.254138,126.680626
36.500000000000064,3,DEGRADED,DEGRADED_FEEDFORWARD,DEGRADED_FEEDFORWARD,NONE,FRESH,FRESHED,STALE,FRESH,1,48.30951091502326,111.69048908497675,42.549369136931006,13.370467453333342,-29.663944556817977,38.44069028326571,37.250686,126.674964,37.254138,126.680626
36.55000000000006,3,DEGRADED,DEGRADED_FEEDFORWARD,DEGRADED_FEEDFORWARD,NONE,FRESH,FRESHED,STALE,FRESH,1,51.30951091502309,108.69048908497692,42.549369136931006,13.370467453333342,-29.663944556817977,38.44069028326571,37.250686,126.674964,37.254138,126.680626
36.60000000000006,3,DEGRADED,DEGRADED_FEEDFORWARD,DEGRADED_FEEDFORWARD,NONE,FRESH,FRESHED,STALE,FRESH,1,54.30951091502292,105.69048908497709,42.549369136931006,13.370467453333342,-29.663944556817977,38.44069028326571,37.250686,126.674964,37.254138,126.680626
36.650000000000055,3,DEGRADED,DEGRADED_FEEDFORWARD,DEGRADED_FEEDFORWARD,NONE,FRESH,FRESHED,STALE,FRESH,1,57.30951091502275,102.69048908497726,42.549369136931006,13.370467453333342,-29.663944556817977,38.44069028326571,37.250686,126.674964,37.254138,126.680626
36.70000000000005,3,DEGRADED,DEGRADED_FEEDFORWARD,DEGRADED_FEEDFORWARD,NONE,FRESH,FRESHED,STALE,FRESH,1,58.7253154315345,101.2746845684655,42.549369136931006,13.370467453333342,-29.663944556817977,38.44069028326571,37.250686,126.674964,37.254138,126.680626
36.75000000000005,3,DEGRADED,DEGRADED_FEEDFORWARD,DEGRADED_FEEDFORWARD,NONE,FRESH,FRESHED,STALE,FRESH,1,58.7253154315345,101.2746845684655,42.549369136931006,13.370467453333342,-29.663944556817977,38.44069028326571,37.250686,126.674964,37.254138,126.680626
36.80000000000005,3,DEGRADED,DEGRADED_FEEDFORWARD,DEGRADED_FEEDFORWARD,NONE,FRESH,FRESHED,STALE,FRESH,1,58.7253154315345,101.2746845684655,42.549369136931006,13.370467453333342,-29.663944556817977,38.44069028326571,37.250686,126.674964,37.254138,126.680626
36.850000000000044,3,DEGRADED,DEGRADED_FEEDFORWARD,DEGRADED_FEEDFORWARD,NONE,FRESH,FRESHED,STALE,FRESH,1,58.7253154315345,101.2746845684655,42.549369136931006,13.370467453333342,-29.663944556817977,38.44069028326571,37.250686,126.674964,37.254138,126.680626
36.90000000000004,3,DEGRADED,DEGRADED_FEEDFORWARD,DEGRADED_FEEDFORWARD,NONE,FRESH,FRESHED,STALE,STALE,1,58.7253154315345,101.2746845684655,42.549369136931006,13.370467453333342,-29.663944556817977,38.44069028326571,37.250686,126.674964,37.254138,126.680626
36.95000000000004,3,DEGRADED,DEGRADED_FEEDFORWARD,DEGRADED_FEEDFORWARD,NONE,FRESH,FRESHED,STALE,STALE,1,58.7253154315345,101.2746845684655,42.549369136931006,13.370467453333342,-29.663944556817977,38.44069028326571,37.250686,126.674964,37.254138,126.680626
37.000000000000036,3,DEGRADED,DEGRADED_FEEDFORWARD,DEGRADED_FEEDFORWARD,NONE,FRESH,FRESHED,STALE,STALE,1,58.7253154315345,101.2746845684655,42.549369136931006,13.370467453333342,-29.663944556817977,38.44069028326571,37.250686,126.674964,37.254138,126.680626
37.05000000000003,3,DEGRADED,DEGRADED_FEEDFORWARD,DEGRADED_FEEDFORWARD,NONE,FRESH,FRESHED,STALE,STALE,1,58.7253154315345,101.2746845684655,42.549369136931006,13.370467453333342,-29.663944556817977,38.44069028326571,37.250686,126.674964,37.254138,126.680626
37.10000000000003,3,ACTIVE,NOMINAL_CLOSED_LOOP,NOMINAL_CLOSED_LOOP,NONE,FRESH,FRESH,FRESH,FRESH,1,60.21868055248358,99.78131944751641,39.56263889503283,8.697206139113558,-48.721079123453634,56.716348591368934,37.250686,126.674964,37.254138,126.680626
37.15000000000003,3,ACTIVE,NOMINAL_CLOSED_LOOP,NOMINAL_CLOSED_LOOP,NONE,FRESH,FRESH,FRESH,FRESH,1,60.214846949414024,99.78515305058598,39.570306101171944,8.697206139113558,-48.721079123453634,56.716348591368934,37.250686,126.674964,37.254138,126.680626
37.200000000000024,3,ACTIVE,NOMINAL_CLOSED_LOOP,NOMINAL_CLOSED_LOOP,NONE,FRESH,FRESH,FRESH,FRESH,1,60.21101334634447,99.78898665365553,39.577973307311055,8.697206139113558,-48.721079123453634,56.716348591368934,37.250686,126.674964,37.254138,126.680626
37.25000000000002,3,ACTIVE,NOMINAL_CLOSED_LOOP,NOMINAL_CLOSED_LOOP,NONE,FRESH,FRESH,FRESH,FRESH,1,60.207179743274914,99.7928202567251,39.58564051345017,8.697206139113558,-48.721079123453634,56.716348591368934,37.250686,126.674964,37.254138,126.680626
37.30000000000002,3,ACTIVE,NOMINAL_CLOSED_LOOP,NOMINAL_CLOSED_LOOP,NONE,FRESH,FRESH,FRESH,FRESH,1,60.203346140205355,99.79665385979465,39.59330771958928,8.697206139113558,-48.721079123453634,56.716348591368934,37.250686,126.674964,37.254138,126.680626
37.350000000000016,3,ACTIVE,NOMINAL_CLOSED_LOOP,NOMINAL_CLOSED_LOOP,NONE,FRESH,FRESH,FRESH,FRESH,1,60.1995125371358,99.8004874628642,39.600974925728394,8.697206139113558,-48.721079123453634,56.716348591368934,37.250686,126.674964,37.254138,126.680626
37.40000000000001,3,ACTIVE,NOMINAL_CLOSED_LOOP,NOMINAL_CLOSED_LOOP,NONE,FRESH,FRESH,FRESH,FRESH,1,60.195678934066244,99.80432106593375,39.60864213186751,8.697206139113558,-48.721079123453634,56.716348591368934,37.250686,126.674964,37.254138,126.680626
37.45000000000001,3,ACTIVE,NOMINAL_FEEDFORWARD,NOMINAL_FEEDFORWARD,NONE,FRESH,FRESH,STALE,FRESH,1,63.14109467037274,96.85890532962726,33.71781065925453,7.610055371724362,-48.721079123453634,56.716348591368934,37.250686,126.674964,37.254138,126.680626
37.50000000000001,3,ACTIVE,NOMINAL_FEEDFORWARD,NOMINAL_FEEDFORWARD,NONE,FRESH,FRESH,STALE,FRESH,1,63.14109467037274,96.85890532962726,33.71781065925453,7.610055371724362,-48.721079123453634,56.716348591368934,37.250686,126.674964,37.254138,126.680626
37.550000000000004,3,ACTIVE,NOMINAL_FEEDFORWARD,NOMINAL_FEEDFORWARD,NONE,FRESH,FRESH,STALE,FRESH,1,63.14109467037274,96.85890532962726,33.71781065925453,7.610055371724362,-48.721079123453634,56.716348591368934,37.250686,126.674964,37.254138,126.680626
37.6,3,ACTIVE,NOMINAL_FEEDFORWARD,NOMINAL_FEEDFORWARD,NONE,FRESH,FRESH,STALE,FRESH,1,63.14109467037274,96.85890532962726,33.71781065925453,7.610055371724362,-48.721079123453634,56.716348591368934,37.250686,126.674964,37.254138,126.680626
37.65,3,ACTIVE,NOMINAL_FEEDFORWARD,NOMINAL_FEEDFORWARD,NONE,FRESH,FRESH,STALE,FRESH,1,63.14109467037274,96.85890532962726,33.71781065925453,7.610055371724362,-48.721079123453634,56.716348591368934,37.250686,126.674964,37.254138,126.680626
37.699999999999996,3,ACTIVE,NOMINAL_FEEDFORWARD,NOMINAL_FEEDFORWARD,NONE,FRESH,FRESH,STALE,FRESH,1,63.14109467037274,96.85890532962726,33.71781065925453,7.610055371724362,-48.721079123453634,56.716348591368934,37.250686,126.674964,37.254138,126.680626
37.74999999999999,3,ACTIVE,NOMINAL_FEEDFORWARD,NOMINAL_FEEDFORWARD,NONE,FRESH,FRESH,STALE,FRESH,1,63.14109467037274,96.85890532962726,33.71781065925453,7.610055371724362,-48.721079123453634,56.716348591368934,37.250686,126.674964,37.254138,126.680626
37.79999999999999,3,ACTIVE,NOMINAL_FEEDFORWARD,NOMINAL_FEEDFORWARD,NONE,FRESH,FRESH,STALE,FRESH,1,63.14109467037274,96.85890532962726,33.71781065925453,7.610055371724362,-48.721079123453634,56.716348591368934,37.250686,126.674964,37.254138,126.680626
37.84999999999999,3,ACTIVE,NOMINAL_FEEDFORWARD,NOMINAL_FEEDFORWARD,NONE,FRESH,FRESH,STALE,FRESH,1,63.14109467037274,96.85890532962726,33.71781065925453,7.610055371724362,-48.721079123453634,56.716348591368934,37.250686,126.674964,37.254138,126.680626
37.899999999999984,3,ACTIVE,NOMINAL_FEEDFORWARD,NOMINAL_FEEDFORWARD,NONE,FRESH,FRESH,STALE,STALE,1,63.14109467037274,96.85890532962726,33.71781065925453,7.610055371724362,-48.721079123453634,56.716348591368934,37.250686,126.674964,37.254138,126.680626
37.94999999999998,3,ACTIVE,NOMINAL_FEEDFORWARD,NOMINAL_FEEDFORWARD,NONE,FRESH,FRESH,STALE,STALE,1,63.14109467037274,96.85890532962726,33.71781065925453,7.610055371724362,-48.721079123453634,56.716348591368934,37.250686,126.674964,37.254138,126.680626
37.99999999999998,3,ACTIVE,NOMINAL_FEEDFORWARD,NOMINAL_FEEDFORWARD,NONE,FRESH,FRESH,STALE,STALE,1,63.14109467037274,96.85890532962726,33.71781065925453,7.610055371724362,-48.721079123453634,56.716348591368934,37.250686,126.674964,37.254138,126.680626
38.049999999999976,3,ACTIVE,NOMINAL_FEEDFORWARD,NOMINAL_FEEDFORWARD,NONE,FRESH,FRESH,STALE,STALE,1,63.14109467037274,96.85890532962726,33.71781065925453,7.610055371724362,-48.721079123453634,56.716348591368934,37.250686,126.674964,37.254138,126.680626
38.09999999999997,3,DEGRADED,DEGRADED_CLOSED_LOOP,DEGRADED_CLOSED_LOOP,NONE,FRESH,FRESHED,FRESH,FRESH,1,59.64109467037294,100.35890532962706,58.098511474987106,16.27471097122921,-48.721079123453634,56.716348591368934,37.250686,126.674964,37.254138,126.680626
38.14999999999997,3,DEGRADED,DEGRADED_CLOSED_LOOP,DEGRADED_CLOSED_LOOP,NONE,FRESH,FRESHED,FRESH,FRESH,1,56.141094670373136,103.85890532962686,58.11519618595833,16.27471097122921,-48.721079123453634,56.716348591368934,37.250686,126.674964,37.254138,126.680626
38.19999999999997,3,DEGRADED,DEGRADED_CLOSED_LOOP,DEGRADED_CLOSED_LOOP,NONE,FRESH,FRESHED,FRESH,FRESH,1,52.641094670373334,107.35890532962667,58.13188089692956,16.27471097122921,-48.721079123453634,56.716348591368934,37.250686,126.674964,37.254138,126.680626
38.249999999999964,3,DEGRADED,DEGRADED_CLOSED_LOOP,DEGRADED_CLOSED_LOOP,NONE,FRESH,FRESHED,FRESH,FRESH,1,50.925717196049604,109.0742828039504,58.14856560790079,16.27471097122921,-48.721079123453634,56.716348591368934,37.250686,126.674964,37.254138,126.680626
38.29999999999996,3,DEGRADED,DEGRADED_CLOSED_LOOP,DEGRADED_CLOSED_LOOP,NONE,FRESH,FRESHED,FRESH,FRESH,1,50.917374840563994,109.082625159436,58.16525031887202,16.27471097122921,-48.721079123453634,56.716348591368934,37.250686,126.674964,37.254138,126.680626
38.34999999999996,3,DEGRADED,DEGRADED_CLOSED_LOOP,DEGRADED_CLOSED_LOOP,NONE,FRESH,FRESHED,FRESH,FRESH,1,50.90903248507838,109.09096751492163,58.181935029843245,16.27471097122921,-48.721079123453634,56.716348591368934,37.250686,126.674964,37.254138,126.680626
38.399999999999956,3,DEGRADED,DEGRADED_CLOSED_LOOP,DEGRADED_CLOSED_LOOP,NONE,FRESH,FRESHED,FRESH,FRESH,1,50.90069012959276,109.09930987040724,58.19861974081447,16.27471097122921,-48.721079123453634,56.716348591368934,37.250686,126.674964,37.254138,126.680626
38.44999999999995,3,DEGRADED,DEGRADED_FEEDFORWARD,DEGRADED_FEEDFORWARD,NONE,FRESH,FRESHED,STALE,FRESH,1,53.90069012959259,106.09930987040741,41.822481346605144,13.01976877698337,-48.721079123453634,56.716348591368934,37.250686,126.674964,37.254138,126.680626
38.49999999999995,3,DEGRADED,DEGRADED_FEEDFORWARD,DEGRADED_FEEDFORWARD,NONE,FRESH,FRESHED,STALE,FRESH,1,56.90069012959242,103.09930987040758,41.822481346605144,13.01976877698337,-48.721079123453634,56.716348591368934,37.250686,126.674964,37.254138,126.680626
38.54999999999995,3,DEGRADED,DEGRADED_FEEDFORWARD,DEGRADED_FEEDFORWARD,NONE,FRESH,FRESHED,STALE,FRESH,1,59.08875932669743,100.91124067330257,41.822481346605144,13.01976877698337,-48.721079123453634,56.716348591368934,37.250686,126.674964,37.254138,126.680626
38.599999999999945,3,DEGRADED,DEGRADED_FEEDFORWARD,DEGRADED_FEEDFORWARD,NONE,FRESH,FRESHED,STALE,FRESH,1,59.08875932669743,100.91124067330257,41.822481346605144,13.01976877698337,-48.721079123453634,56.716348591368934,37.250686,126.674964,37.254138,126.680626
38.64999999999994,3,DEGRADED,DEGRADED_FEEDFORWARD,DEGRADED_FEEDFORWARD,NONE,FRESH,FRESHED,STALE,FRESH,1,59.08875932669743,100.91124067330257,41.822481346605144,13.01976877698337,-48.721079123453634,56.716348591368934,37.250686,126.674964,37.254138,126.680626
38.69999999999994,3,DEGRADED,DEGRADED_FEEDFORWARD,DEGRADED_FEEDFORWARD,NONE,FRESH,FRESHED,STALE,FRESH,1,59.08875932669743,100.91124067330257,41.822481346605144,13.01976877698337,-48.721079123453634,56.716348591368934,37.250686,126.674964,37.254138,126.680626
38.749999999999936,3,DEGRADED,DEGRADED_FEEDFORWARD,DEGRADED_FEEDFORWARD,NONE,FRESH,FRESHED,STALE,FRESH,1,59.08875932669743,100.91124067330257,41.822481346605144,13.01976877698337,-48.721079123453634,56.716348591368934,37.250686,126.674964,37.254138,126.680626
38.79999999999993,3,DEGRADED,DEGRADED_FEEDFORWARD,DEGRADED_FEEDFORWARD,NONE,FRESH,FRESHED,STALE,FRESH,1,59.08875932669743,100.91124067330257,41.822481346605144,13.01976877698337,-48.721079123453634,56.716348591368934,37.250686,126.674964,37.254138,126.680626
38.84999999999993,3,DEGRADED,DEGRADED_FEEDFORWARD,DEGRADED_FEEDFORWARD,NONE,FRESH,FRESHED,STALE,FRESH,1,59.08875932669743,100.91124067330257,41.822481346605144,13.01976877698337,-48.721079123453634,56.716348591368934,37.250686,126.674964,37.254138,126.680626
38.89999999999993,3,DEGRADED,DEGRADED_FEEDFORWARD,DEGRADED_FEEDFORWARD,NONE,FRESH,FRESHED,STALE,STALE,1,59.08875932669743,100.91124067330257,41.822481346605144,13.01976877698337,-48.721079123453634,56.716348591368934,37.250686,126.674964,37.254138,126.680626
38.949999999999925,3,DEGRADED,DEGRADED_FEEDFORWARD,DEGRADED_FEEDFORWARD,NONE,FRESH,FRESHED,STALE,STALE,1,59.08875932669743,100.91124067330257,41.822481346605144,13.01976877698337,-48.721079123453634,56.716348591368934,37.250686,126.674964,37.254138,126.680626
38.99999999999992,3,DEGRADED,DEGRADED_FEEDFORWARD,DEGRADED_FEEDFORWARD,NONE,FRESH,FRESHED,STALE,STALE,1,59.08875932669743,100.91124067330257,41.822481346605144,13.01976877698337,-48.721079123453634,56.716348591368934,37.250686,126.674964,37.254138,126.680626
39.04999999999992,3,DEGRADED,DEGRADED_FEEDFORWARD,DEGRADED_FEEDFORWARD,NONE,FRESH,FRESHED,STALE,STALE,1,59.08875932669743,100.91124067330257,41.822481346605144,13.01976877698337,-48.721079123453634,56.716348591368934,37.250686,126.674964,37.254138,126.680626
39.099999999999916,3,DEGRADED,DEGRADED_CLOSED_LOOP,DEGRADED_CLOSED_LOOP,NONE,FRESH,FRESHED,FRESH,FRESH,1,55.58875932669763,104.41124067330237,58.256842692413244,16.27471097122921,-48.721079123453634,56.716348591368934,37.250686,126.674964,37.254138,126.680626
39.14999999999991,3,DEGRADED,DEGRADED_CLOSED_LOOP,DEGRADED_CLOSED_LOOP,NONE,FRESH,FRESHED,FRESH,FRESH,1,52.088759326697826,107.91124067330217,58.27394740338447,16.27471097122921,-48.721079123453634,56.716348591368934,37.250686,126.674964,37.254138,126.680626
39.19999999999991,3,DEGRADED,DEGRADED_CLOSED_LOOP,DEGRADED_CLOSED_LOOP,NONE,FRESH,FRESHED,FRESH,FRESH,1,50.85447394282215,109.14552605717785,58.29105211435569,16.27471097122921,-48.721079123453634,56.716348591368934,37.250686,126.674964,37.254138,126.680626
39.24999999999991,3,DEGRADED,DEGRADED_CLOSED_LOOP,DEGRADED_CLOSED_LOOP,NONE,FRESH,FRESHED,FRESH,FRESH,1,50.845921587336534,109.15407841266347,58.308156825326925,16.27471097122921,-48.721079123453634,56.716348591368934,37.250686,126.674964,37.254138,126.680626
39.299999999999905,3,DEGRADED,DEGRADED_CLOSED_LOOP,DEGRADED_CLOSED_LOOP,NONE,FRESH,FRESHED,FRESH,FRESH,1,50.83736923185092,109.16263076814909,58.32526153629816,16.27471097122921,-48.721079123453634,56.716348591368934,37.250686,126.674964,37.254138,126.680626
39.3499999999999,3,DEGRADED,DEGRADED_CLOSED_LOOP,DEGRADED_CLOSED_LOOP,NONE,FRESH,FRESHED,FRESH,FRESH,1,50.82881687636531,109.17118312363469,58.34236624726938,16.27471097122921,-48.721079123453634,56.716348591368934,37.250686,126.674964,37.254138,126.680626
39.3999999999999,3,DEGRADED,DEGRADED_CLOSED_LOOP,DEGRADED_CLOSED_LOOP,NONE,FRESH,FRESHED,FRESH,FRESH,1,50.8202645208797,109.1797354791203,58.35947095824061,16.27471097122921,-48.721079123453634,56.716348591368934,37.250686,126.674964,37.254138,126.680626
39.449999999999896,3,DEGRADED,DEGRADED_FEEDFORWARD,DEGRADED_FEEDFORWARD,NONE,FRESH,FRESHED,STALE,FRESH,1,53.820264520879526,106.17973547912047,41.822481346605144,13.01976877698337,-48.721079123453634,56.716348591368934,37.250686,126.674964,37.254138,126.680626
39.49999999999989,3,DEGRADED,DEGRADED_FEEDFORWARD,DEGRADED_FEEDFORWARD,NONE,FRESH,FRESHED,STALE,FRESH,1,56.820264520879356,103.17973547912064,41.822481346605144,13.01976877698337,-48.721079123453634,56.716348591368934,37.250686,126.674964,37.254138,126.680626
39.54999999999989,3,DEGRADED,DEGRADED_FEEDFORWARD,DEGRADED_FEEDFORWARD,NONE,FRESH,FRESHED,STALE,FRESH,1,59.08875932669743,100.91124067330257,41.822481346605144,13.01976877698337,-48.721079123453634,56.716348591368934,37.250686,126.674964,37.254138,126.680626
39.59999999999989,3,DEGRADED,DEGRADED_FEEDFORWARD,DEGRADED_FEEDFORWARD,NONE,FRESH,FRESHED,STALE,FRESH,1,59.08875932669743,100.91124067330257,41.822481346605144,13.01976877698337,-48.721079123453634,56.716348591368934,37.250686,126.674964,37.254138,126.680626
39.649999999999885,3,DEGRADED,DEGRADED_FEEDFORWARD,DEGRADED_FEEDFORWARD,NONE,FRESH,FRESHED,STALE,FRESH,1,59.08875932669743,100.91124067330257,41.822481346605144,13.01976877698337,-48.721079123453634,56.716348591368934,37.250686,126.674964,37.254138,126.680626
39.69999999999988,3,DEGRADED,DEGRADED_FEEDFORWARD,DEGRADED_FEEDFORWARD,NONE,FRESH,FRESHED,STALE,FRESH,1,59.08875932669743,100.91124067330257,41.822481346605144,13.01976877698337,-48.721079123453634,56.716348591368934,37.250686,126.674964,37.254138,126.680626
39.74999999999988,3,DEGRADED,DEGRADED_FEEDFORWARD,DEGRADED_FEEDFORWARD,NONE,FRESH,FRESHED,STALE,FRESH,1,59.08875932669743,100.91124067330257,41.822481346605144,13.01976877698337,-48.721079123453634,56.716348591368934,37.250686,126.674964,37.254138,126.680626
39.799999999999876,3,DEGRADED,DEGRADED_FEEDFORWARD,DEGRADED_FEEDFORWARD,NONE,FRESH,FRESHED,STALE,FRESH,1,59.08875932669743,100.91124067330257,41.822481346605144,13.01976877698337,-48.721079123453634,56.716348591368934,37.250686,126.674964,37.254138,126.680626
39.84999999999987,3,DEGRADED,DEGRADED_FEEDFORWARD,DEGRADED_FEEDFORWARD,NONE,FRESH,FRESHED,STALE,FRESH,1,59.08875932669743,100.91124067330257,41.822481346605144,13.01976877698337,-48.721079123453634,56.716348591368934,37.250686,126.674964,37.254138,126.680626
39.89999999999987,3,DEGRADED,DEGRADED_FEEDFORWARD,DEGRADED_FEEDFORWARD,NONE,FRESH,FRESHED,STALE,STALE,1,59.08875932669743,100.91124067330257,41.822481346605144,13.01976877698337,-48.721079123453634,56.716348591368934,37.250686,126.674964,37.254138,126.680626
39.94999999999987,3,DEGRADED,DEGRADED_FEEDFORWARD,DEGRADED_FEEDFORWARD,NONE,FRESH,FRESHED,STALE,STALE,1,59.08875932669743,100.91124067330257,41.822481346605144,13.01976877698337,-48.721079123453634,56.716348591368934,37.250686,126.674964,37.254138,126.680626
39.999999999999865,3,DEGRADED,DEGRADED_FEEDFORWARD,DEGRADED_FEEDFORWARD,NONE,FRESH,FRESHED,STALE,STALE,1,59.08875932669743,100.91124067330257,41.822481346605144,13.01976877698337,-48.721079123453634,56.716348591368934,37.250686,126.674964,37.254138,126.680626
40.04999999999986,3,DEGRADED,DEGRADED_FEEDFORWARD,DEGRADED_FEEDFORWARD,NONE,FRESH,FRESHED,STALE,STALE,1,59.08875932669743,100.91124067330257,41.822481346605144,13.01976877698337,-48.721079123453634,56.716348591368934,37.250686,126.674964,37.254138,126.680626
40.09999999999986,3,DEGRADED,DEGRADED_CLOSED_LOOP,DEGRADED_CLOSED_LOOP,NONE,FRESHED,FRESHED,FRESH,FRESH,1,55.58875932669763,104.41124067330237,57.842753105222734,16.27471097122921,-55.0734573123322,62.808234694070016,37.250686,126.674964,37.254138,126.680626
40.14999999999986,3,DEGRADED,DEGRADED_CLOSED_LOOP,DEGRADED_CLOSED_LOOP,NONE,FRESHED,FRESHED,FRESH,FRESH,1,52.088759326697826,107.91124067330217,57.85865781619396,16.27471097122921,-55.39107622188013,63.112828998809405,37.250686,126.674964,37.254138,126.680626
40.199999999999854,3,DEGRADED,DEGRADED_CLOSED_LOOP,DEGRADED_CLOSED_LOOP,NONE,FRESHED,FRESHED,FRESH,FRESH,1,51.06271873641741,108.93728126358259,57.87456252716519,16.27471097122921,-55.70869513066323,63.41742330454737,37.250686,126.674964,37.254138,126.680626
40.24999999999985,3,DEGRADED,DEGRADED_CLOSED_LOOP,DEGRADED_CLOSED_LOOP,NONE,FRESHED,FRESHED,FRESH,FRESH,1,51.054766380931795,108.9452336190682,57.89046723813642,16.27471097122921,-56.0263140408384,63.7220176097672,37.250686,126.674964,37.254138,126.680626
40.29999999999985,3,DEGRADED,DEGRADED_CLOSED_LOOP,DEGRADED_CLOSED_LOOP,NONE,FRESHED,FRESHED,FRESH,FRESH,1,51.04681402544618,108.95318597455382,57.906371949107644,16.27471097122921,-56.34393295038632,64.0266119145066,37.250686,126.674964,37.254138,126.680626
40.349999999999845,3,DEGRADED,DEGRADED_CLOSED_LOOP,DEGRADED_CLOSED_LOOP,NONE,FRESHED,FRESHED,FRESH,FRESH,1,51.03886166996057,108.96113833003943,57.92227666007887,16.27471097122921,-56.66155185916942,64.33120622024457,37.250686,126.674964,37.254138,126.680626
40.39999999999984,3,DEGRADED,DEGRADED_CLOSED_LOOP,DEGRADED_CLOSED_LOOP,NONE,FRESHED,FRESHED,FRESH,FRESH,1,51.03090931447495,108.96909068552506,57.938181371050106,16.27471097122921,-56.97917076871735,64.63580052498396,37.250686,126.674964,37.254138,126.680626
40.44999999999984,3,DEGRADED,DEGRADED_FEEDFORWARD,DEGRADED_FEEDFORWARD,NONE,FRESHED,FRESHED,STALE,FRESH,1,54.030909314474776,105.96909068552523,41.822481346605144,13.01976877698337,-57.296789678265284,64.94039482972337,37.250686,126.674964,37.254138,126.680626
40.49999999999984,3,DEGRADED,DEGRADED_FEEDFORWARD,DEGRADED_FEEDFORWARD,NONE,FRESHED,FRESHED,STALE,FRESH,1,57.030909314474606,102.9690906855254,41.822481346605144,13.01976877698337,-57.61440858844045,65.24498913494318,37.250686,126.674964,37.254138,126.680626
40.549999999999834,3,DEGRADED,DEGRADED_FEEDFORWARD,DEGRADED_FEEDFORWARD,NONE,FRESHED,FRESHED,STALE,FRESH,1,59.08875932669743,100.91124067330257,41.822481346605144,13.01976877698337,-57.93202749722355,65.54958344068115,37.250686,126.674964,37.254138,126.680626
40.59999999999983,3,DEGRADED,DEGRADED_FEEDFORWARD,DEGRADED_FEEDFORWARD,NONE,FRESHED,FRESHED,STALE,FRESH,1,59.08875932669743,100.91124067330257,41.822481346605144,13.01976877698337,-58.24964640677147,65.85417774542054,37.250686,126.674964,37.254138,126.680626
40.64999999999983,3,DEGRADED,DEGRADED_FEEDFORWARD,DEGRADED_FEEDFORWARD,NONE,FRESHED,FRESHED,STALE,FRESH,1,59.08875932669743,100.91124067330257,41.822481346605144,13.01976877698337,-58.56726531631941,66.15877205015995,37.250686,126.674964,37.254138,126.680626
40.699999999999825,3,DEGRADED,DEGRADED_FEEDFORWARD,DEGRADED_FEEDFORWARD,NONE,FRESHED,FRESHED,STALE,FRESH,1,59.08875932669743,100.91124067330257,41.822481346605144,13.01976877698337,-58.884884225102496,66.4633663558979,37.250686,126.674964,37.254138,126.680626
40.74999999999982,3,DEGRADED,DEGRADED_FEEDFORWARD,DEGRADED_FEEDFORWARD,NONE,FRESHED,FRESHED,STALE,FRESH,1,59.08875932669743,100.91124067330257,41.822481346605144,13.01976877698337,-59.20250313527768,66.76796066111774,37.250686,126.674964,37.254138,126.680626
40.79999999999982,3,DEGRADED,DEGRADED_FEEDFORWARD,DEGRADED_FEEDFORWARD,NONE,FRESHED,FRESHED,STALE,FRESH,1,59.08875932669743,100.91124067330257,41.822481346605144,13.01976877698337,-59.52012204482561,67.07255496585715,37.250686,126.674964,37.254138,126.680626
40.84999999999982,3,DEGRADED,DEGRADED_FEEDFORWARD,DEGRADED_FEEDFORWARD,NONE,FRESHED,FRESHED,STALE,FRESH,1,59.08875932669743,100.91124067330257,41.822481346605144,13.01976877698337,-59.8377409536087,67.3771492715951,37.250686,126.674964,37.254138,126.680626
40.899999999999814,3,DEGRADED,DEGRADED_FEEDFORWARD,DEGRADED_FEEDFORWARD,NONE,FRESHED,FRESHED,STALE,STALE,1,59.08875932669743,100.91124067330257,41.822481346605144,13.01976877698337,-60.15535986315662,67.6817435763345,37.250686,126.674964,37.254138,126.680626
40.94999999999981,3,DEGRADED,DEGRADED_FEEDFORWARD,DEGRADED_FEEDFORWARD,NONE,FRESHED,FRESHED,STALE,STALE,1,59.08875932669743,100.91124067330257,41.822481346605144,13.01976877698337,-60.47297877270456,67.98633788107391,37.250686,126.674964,37.254138,126.680626
40.99999999999981,3,DEGRADED,DEGRADED_FEEDFORWARD,DEGRADED_FEEDFORWARD,NONE,FRESHED,FRESHED,STALE,STALE,1,59.08875932669743,100.91124067330257,41.822481346605144,13.01976877698337,-60.79059768287973,68.29093218629373,37.250686,126.674964,37.254138,126.680626
41.049999999999805,3,DEGRADED,DEGRADED_FEEDFORWARD,DEGRADED_FEEDFORWARD,NONE,FRESHED,FRESHED,STALE,STALE,1,59.08875932669743,100.91124067330257,41.822481346605144,13.01976877698337,-61.10821659166282,68.59552649203168,37.250686,126.674964,37.254138,126.680626
41.0999999999998,3,NO_POSITION,FAIL,NO_POSITION,NO_POSITION,STALE,FRESHED,FRESH,FRESH,0,80.0,80.0,0.0,0.0,0.0,0.0,37.250686,126.674964,37.254138,126.680626
41.1499999999998,3,NO_POSITION,FAIL,NO_POSITION,NO_POSITION,STALE,FRESHED,FRESH,FRESH,0,80.0,80.0,0.0,0.0,0.0,0.0,37.250686,126.674964,37.254138,126.680626
41.1999999999998,3,NO_POSITION,FAIL,NO_POSITION,NO_POSITION,STALE,FRESHED,FRESH,FRESH,0,80.0,80.0,0.0,0.0,0.0,0.0,37.250686,126.674964,37.254138,126.680626
41.249999999999794,3,NO_POSITION,FAIL,NO_POSITION,NO_POSITION,STALE,FRESHED,FRESH,FRESH,0,80.0,80.0,0.0,0.0,0.0,0.0,37.250686,126.674964,37.254138,126.680626
41.29999999999979,3,NO_POSITION,FAIL,NO_POSITION,NO_POSITION,STALE,FRESHED,FRESH,FRESH,0,80.0,80.0,0.0,0.0,0.0,0.0,37.250686,126.674964,37.254138,126.680626
41.34999999999979,3,NO_POSITION,FAIL,NO_POSITION,NO_POSITION,STALE,FRESHED,FRESH,FRESH,0,80.0,80.0,0.0,0.0,0.0,0.0,37.250686,126.674964,37.254138,126.680626
41.399999999999785,3,NO_POSITION,FAIL,NO_POSITION,NO_POSITION,STALE,FRESHED,FRESH,FRESH,0,80.0,80.0,0.0,0.0,0.0,0.0,37.250686,126.674964,37.254138,126.680626
41.44999999999978,3,NO_POSITION,FAIL,NO_POSITION,NO_POSITION,STALE,FRESHED,STALE,FRESH,0,80.0,80.0,0.0,0.0,0.0,0.0,37.250686,126.674964,37.254138,126.680626
41.49999999999978,3,NO_POSITION,FAIL,NO_POSITION,NO_POSITION,STALE,FRESHED,STALE,FRESH,0,80.0,80.0,0.0,0.0,0.0,0.0,37.250686,126.674964,37.254138,126.680626
41.54999999999978,3,NO_POSITION,FAIL,NO_POSITION,NO_POSITION,STALE,FRESHED,STALE,FRESH,0,80.0,80.0,0.0,0.0,0.0,0.0,37.250686,126.674964,37.254138,126.680626
41.599999999999774,3,NO_POSITION,FAIL,NO_POSITION,NO_POSITION,STALE,FRESHED,STALE,FRESH,0,80.0,80.0,0.0,0.0,0.0,0.0,37.250686,126.674964,37.254138,126.680626
41.64999999999977,3,NO_POSITION,FAIL,NO_POSITION,NO_POSITION,STALE,FRESHED,STALE,FRESH,0,80.0,80.0,0.0,0.0,0.0,0.0,37.250686,126.674964,37.254138,126.680626
41.69999999999977,3,NO_POSITION,FAIL,NO_POSITION,NO_POSITION,STALE,FRESHED,STALE,FRESH,0,80.0,80.0,0.0,0.0,0.0,0.0,37.250686,126.674964,37.254138,126.680626
41.749999999999766,3,NO_POSITION,FAIL,NO_POSITION,NO_POSITION,STALE,FRESHED,STALE,FRESH,0,80.0,80.0,0.0,0.0,0.0,0.0,37.250686,126.674964,37.254138,126.680626
41.79999999999976,3,NO_POSITION,FAIL,NO_POSITION,NO_POSITION,STALE,FRESHED,STALE,FRESH,0,80.0,80.0,0.0,0.0,0.0,0.0,37.250686,126.674964,37.254138,126.680626
41.84999999999976,3,NO_POSITION,FAIL,NO_POSITION,NO_POSITION,STALE,FRESHED,STALE,FRESH,0,80.0,80.0,0.0,0.0,0.0,0.0,37.250686,126.674964,37.254138,126.680626
41.89999999999976,3,NO_POSITION,FAIL,NO_POSITION,NO_POSITION,STALE,FRESHED,STALE,STALE,0,80.0,80.0,0.0,0.0,0.0,0.0,37.250686,126.674964,37.254138,126.680626
41.949999999999754,3,NO_POSITION,FAIL,NO_POSITION,NO_POSITION,STALE,FRESHED,STALE,STALE,0,80.0,80.0,0.0,0.0,0.0,0.0,37.250686,126.674964,37.254138,126.680626
41.99999999999975,3,NO_POSITION,FAIL,NO_POSITION,NO_POSITION,STALE,FRESHED,STALE,STALE,0,80.0,80.0,0.0,0.0,0.0,0.0,37.250686,126.674964,37.254138,126.680626
42.04999999999975,3,NO_POSITION,FAIL,NO_POSITION,NO_POSITION,STALE,FRESHED,STALE,STALE,0,80.0,80.0,0.0,0.0,0.0,0.0,37.250686,126.674964,37.254138,126.680626
42.099999999999746,3,NO_POSITION,FAIL,NO_POSITION,NO_POSITION,STALE,FRESHED,FRESH,FRESH,0,80.0,80.0,0.0,0.0,0.0,0.0,37.250686,126.674964,37.254138,126.680626
42.14999999999974,3,NO_POSITION,FAIL,NO_POSITION,NO_POSITION,STALE,STALE,FRESH,FRESH,0,80.0,80.0,0.0,0.0,0.0,0.0,37.250686,126.674964,37.254138,126.680626
42.19999999999974,3,NO_POSITION,FAIL,NO_POSITION,NO_POSITION,STALE,STALE,FRESH,FRESH,0,80.0,80.0,0.0,0.0,0.0,0.0,37.250686,126.674964,37.254138,126.680626
42.24999999999974,3,NO_POSITION,FAIL,NO_POSITION,NO_POSITION,STALE,STALE,FRESH,FRESH,0,80.0,80.0,0.0,0.0,0.0,0.0,37.250686,126.674964,37.254138,126.680626
42.299999999999734,3,NO_POSITION,FAIL,NO_POSITION,NO_POSITION,STALE,STALE,FRESH,FRESH,0,80.0,80.0,0.0,0.0,0.0,0.0,37.250686,126.674964,37.254138,126.680626
42.34999999999973,3,NO_POSITION,FAIL,NO_POSITION,NO_POSITION,STALE,STALE,FRESH,FRESH,0,80.0,80.0,0.0,0.0,0.0,0.0,37.250686,126.674964,37.254138,126.680626
42.39999999999973,3,NO_POSITION,FAIL,NO_POSITION,NO_POSITION,STALE,STALE,FRESH,FRESH,0,80.0,80.0,0.0,0.0,0.0,0.0,37.250686,126.674964,37.254138,126.680626
42.449999999999726,3,NO_POSITION,FAIL,NO_POSITION,NO_POSITION,STALE,STALE,STALE,FRESH,0,80.0,80.0,0.0,0.0,0.0,0.0,37.250686,126.674964,37.254138,126.680626
42.49999999999972,3,NO_POSITION,FAIL,NO_POSITION,NO_POSITION,STALE,STALE,STALE,FRESH,0,80.0,80.0,0.0,0.0,0.0,0.0,37.250686,126.674964,37.254138,126.680626
42.54999999999972,3,NO_POSITION,FAIL,NO_POSITION,NO_POSITION,STALE,STALE,STALE,FRESH,0,80.0,80.0,0.0,0.0,0.0,0.0,37.250686,126.674964,37.254138,126.680626
42.59999999999972,3,NO_POSITION,FAIL,NO_POSITION,NO_POSITION,STALE,STALE,STALE,FRESH,0,80.0,80.0,0.0,0.0,0.0,0.0,37.250686,126.674964,37.254138,126.680626
42.649999999999714,3,NO_POSITION,FAIL,NO_POSITION,NO_POSITION,STALE,STALE,STALE,FRESH,0,80.0,80.0,0.0,0.0,0.0,0.0,37.250686,126.674964,37.254138,126.680626
42.69999999999971,3,NO_POSITION,FAIL,NO_POSITION,NO_POSITION,STALE,STALE,STALE,FRESH,0,80.0,80.0,0.0,0.0,0.0,0.0,37.250686,126.674964,37.254138,126.680626
42.74999999999971,3,NO_POSITION,FAIL,NO_POSITION,NO_POSITION,STALE,STALE,STALE,FRESH,0,80.0,80.0,0.0,0.0,0.0,0.0,37.250686,126.674964,37.254138,126.680626
42.799999999999706,3,NO_POSITION,FAIL,NO_POSITION,NO_POSITION,STALE,STALE,STALE,FRESH,0,80.0,80.0,0.0,0.0,0.0,0.0,37.250686,126.674964,37.254138,126.680626
42.8499999999997,3,NO_POSITION,FAIL,NO_POSITION,NO_POSITION,STALE,STALE,STALE,FRESH,0,80.0,80.0,0.0,0.0,0.0,0.0,37.250686,126.674964,37.254138,126.680626
42.8999999999997,3,SENSOR_BLACKOUT,FAIL,SENSOR_BLACKOUT,SENSOR_BLACKOUT,STALE,STALE,STALE,STALE,0,80.0,80.0,0.0,0.0,0.0,0.0,37.250686,126.674964,37.254138,126.680626
42.9499999999997,3,SENSOR_BLACKOUT,FAIL,SENSOR_BLACKOUT,SENSOR_BLACKOUT,STALE,STALE,STALE,STALE,0,80.0,80.0,0.0,0.0,0.0,0.0,37.250686,126.674964,37.254138,126.680626
42.999999999999694,3,SENSOR_BLACKOUT,FAIL,SENSOR_BLACKOUT,SENSOR_BLACKOUT,STALE,STALE,STALE,STALE,0,80.0,80.0,0.0,0.0,0.0,0.0,37.250686,126.674964,37.254138,126.680626
43.04999999999969,3,SENSOR_BLACKOUT,FAIL,SENSOR_BLACKOUT,SENSOR_BLACKOUT,STALE,STALE,STALE,STALE,0,80.0,80.0,0.0,0.0,0.0,0.0,37.250686,126.674964,37.254138,126.680626
43.09999999999969,3,NO_POSITION,FAIL,NO_POSITION,NO_POSITION,STALE,STALE,FRESH,FRESH,0,80.0,80.0,0.0,0.0,0.0,0.0,37.250686,126.674964,37.254138,126.680626
43.149999999999686,3,NO_POSITION,FAIL,NO_POSITION,NO_POSITION,STALE,STALE,FRESH,FRESH,0,80.0,80.0,0.0,0.0,0.0,0.0,37.250686,126.674964,37.254138,126.680626
43.19999999999968,3,NO_POSITION,FAIL,NO_POSITION,NO_POSITION,STALE,STALE,FRESH,FRESH,0,80.0,80.0,0.0,0.0,0.0,0.0,37.250686,126.674964,37.254138,126.680626
43.24999999999968,3,NO_POSITION,FAIL,NO_POSITION,NO_POSITION,STALE,STALE,FRESH,FRESH,0,80.0,80.0,0.0,0.0,0.0,0.0,37.250686,126.674964,37.254138,126.680626
43.29999999999968,3,NO_POSITION,FAIL,NO_POSITION,NO_POSITION,STALE,STALE,FRESH,FRESH,0,80.0,80.0,0.0,0.0,0.0,0.0,37.250686,126.674964,37.254138,126.680626
43.349999999999675,3,NO_POSITION,FAIL,NO_POSITION,NO_POSITION,STALE,STALE,FRESH,FRESH,0,80.0,80.0,0.0,0.0,0.0,0.0,37.250686,126.674964,37.254138,126.680626
43.39999999999967,3,NO_POSITION,FAIL,NO_POSITION,NO_POSITION,STALE,STALE,FRESH,FRESH,0,80.0,80.0,0.0,0.0,0.0,0.0,37.250686,126.674964,37.254138,126.680626
43.44999999999967,3,NO_POSITION,FAIL,NO_POSITION,NO_POSITION,STALE,STALE,STALE,FRESH,0,80.0,80.0,0.0,0.0,0.0,0.0,37.250686,126.674964,37.254138,126.680626
43.499999999999666,3,NO_POSITION,FAIL,NO_POSITION,NO_POSITION,STALE,STALE,STALE,FRESH,0,80.0,80.0,0.0,0.0,0.0,0.0,37.250686,126.674964,37.254138,126.680626
43.54999999999966,3,NO_POSITION,FAIL,NO_POSITION,NO_POSITION,STALE,STALE,STALE,FRESH,0,80.0,80.0,0.0,0.0,0.0,0.0,37.250686,126.674964,37.254138,126.680626
43.59999999999966,3,NO_POSITION,FAIL,NO_POSITION,NO_POSITION,STALE,STALE,STALE,FRESH,0,80.0,80.0,0.0,0.0,0.0,0.0,37.250686,126.674964,37.254138,126.680626
43.64999999999966,3,NO_POSITION,FAIL,NO_POSITION,NO_POSITION,STALE,STALE,STALE,FRESH,0,80.0,80.0,0.0,0.0,0.0,0.0,37.250686,126.674964,37.254138,126.680626
43.699999999999655,3,NO_POSITION,FAIL,NO_POSITION,NO_POSITION,STALE,STALE,STALE,FRESH,0,80.0,80.0,0.0,0.0,0.0,0.0,37.250686,126.674964,37.254138,126.680626
43.74999999999965,3,NO_POSITION,FAIL,NO_POSITION,NO_POSITION,STALE,STALE,STALE,FRESH,0,80.0,80.0,0.0,0.0,0.0,0.0,37.250686,126.674964,37.254138,126.680626
43.79999999999965,3,NO_POSITION,FAIL,NO_POSITION,NO_POSITION,STALE,STALE,STALE,FRESH,0,80.0,80.0,0.0,0.0,0.0,0.0,37.250686,126.674964,37.254138,126.680626
43.849999999999646,3,NO_POSITION,FAIL,NO_POSITION,NO_POSITION,STALE,STALE,STALE,FRESH,0,80.0,80.0,0.0,0.0,0.0,0.0,37.250686,126.674964,37.254138,126.680626
43.89999999999964,3,SENSOR_BLACKOUT,FAIL,SENSOR_BLACKOUT,SENSOR_BLACKOUT,STALE,STALE,STALE,STALE,0,80.0,80.0,0.0,0.0,0.0,0.0,37.250686,126.674964,37.254138,126.680626
43.94999999999964,3,SENSOR_BLACKOUT,FAIL,SENSOR_BLACKOUT,SENSOR_BLACKOUT,STALE,STALE,STALE,STALE,0,80.0,80.0,0.0,0.0,0.0,0.0,37.250686,126.674964,37.254138,126.680626
43.99999999999964,3,SENSOR_BLACKOUT,FAIL,SENSOR_BLACKOUT,SENSOR_BLACKOUT,STALE,STALE,STALE,STALE,0,80.0,80.0,0.0,0.0,0.0,0.0,37.250686,126.674964,37.254138,126.680626
44.049999999999635,3,SENSOR_BLACKOUT,FAIL,SENSOR_BLACKOUT,SENSOR_BLACKOUT,STALE,STALE,STALE,STALE,0,80.0,80.0,0.0,0.0,0.0,0.0,37.250686,126.674964,37.254138,126.680626
44.09999999999963,3,NO_POSITION,FAIL,NO_POSITION,NO_POSITION,STALE,STALE,FRESH,FRESH,0,80.0,80.0,0.0,0.0,0.0,0.0,37.250686,126.674964,37.254138,126.680626
44.14999999999963,3,NO_POSITION,FAIL,NO_POSITION,NO_POSITION,STALE,STALE,FRESH,FRESH,0,80.0,80.0,0.0,0.0,0.0,0.0,37.250686,126.674964,37.254138,126.680626
44.199999999999626,3,NO_POSITION,FAIL,NO_POSITION,NO_POSITION,STALE,STALE,FRESH,FRESH,0,80.0,80.0,0.0,0.0,0.0,0.0,37.250686,126.674964,37.254138,126.680626
44.24999999999962,3,NO_POSITION,FAIL,NO_POSITION,NO_POSITION,STALE,STALE,FRESH,FRESH,0,80.0,80.0,0.0,0.0,0.0,0.0,37.250686,126.674964,37.254138,126.680626
44.29999999999962,3,NO_POSITION,FAIL,NO_POSITION,NO_POSITION,STALE,STALE,FRESH,FRESH,0,80.0,80.0,0.0,0.0,0.0,0.0,37.250686,126.674964,37.254138,126.680626
44.34999999999962,3,NO_POSITION,FAIL,NO_POSITION,NO_POSITION,STALE,STALE,FRESH,FRESH,0,80.0,80.0,0.0,0.0,0.0,0.0,37.250686,126.674964,37.254138,126.680626
44.399999999999615,3,NO_POSITION,FAIL,NO_POSITION,NO_POSITION,STALE,STALE,FRESH,FRESH,0,80.0,80.0,0.0,0.0,0.0,0.0,37.250686,126.674964,37.254138,126.680626
44.44999999999961,3,NO_POSITION,FAIL,NO_POSITION,NO_POSITION,STALE,STALE,STALE,FRESH,0,80.0,80.0,0.0,0.0,0.0,0.0,37.250686,126.674964,37.254138,126.680626
44.49999999999961,3,NO_POSITION,FAIL,NO_POSITION,NO_POSITION,STALE,STALE,STALE,FRESH,0,80.0,80.0,0.0,0.0,0.0,0.0,37.250686,126.674964,37.254138,126.680626
44.549999999999606,3,NO_POSITION,FAIL,NO_POSITION,NO_POSITION,STALE,STALE,STALE,FRESH,0,80.0,80.0,0.0,0.0,0.0,0.0,37.250686,126.674964,37.254138,126.680626
44.5999999999996,3,NO_POSITION,FAIL,NO_POSITION,NO_POSITION,STALE,STALE,STALE,FRESH,0,80.0,80.0,0.0,0.0,0.0,0.0,37.250686,126.674964,37.254138,126.680626
44.6499999999996,3,NO_POSITION,FAIL,NO_POSITION,NO_POSITION,STALE,STALE,STALE,FRESH,0,80.0,80.0,0.0,0.0,0.0,0.0,37.250686,126.674964,37.254138,126.680626
44.6999999999996,3,NO_POSITION,FAIL,NO_POSITION,NO_POSITION,STALE,STALE,STALE,FRESH,0,80.0,80.0,0.0,0.0,0.0,0.0,37.250686,126.674964,37.254138,126.680626
44.749999999999595,3,NO_POSITION,FAIL,NO_POSITION,NO_POSITION,STALE,STALE,STALE,FRESH,0,80.0,80.0,0.0,0.0,0.0,0.0,37.250686,126.674964,37.254138,126.680626
44.79999999999959,3,NO_POSITION,FAIL,NO_POSITION,NO_POSITION,STALE,STALE,STALE,FRESH,0,80.0,80.0,0.0,0.0,0.0,0.0,37.250686,126.674964,37.254138,126.680626
44.84999999999959,3,NO_POSITION,FAIL,NO_POSITION,NO_POSITION,STALE,STALE,STALE,FRESH,0,80.0,80.0,0.0,0.0,0.0,0.0,37.250686,126.674964,37.254138,126.680626
44.89999999999959,3,SENSOR_BLACKOUT,FAIL,SENSOR_BLACKOUT,SENSOR_BLACKOUT,STALE,STALE,STALE,STALE,0,80.0,80.0,0.0,0.0,0.0,0.0,37.250686,126.674964,37.254138,126.680626
44.949999999999584,3,SENSOR_BLACKOUT,FAIL,SENSOR_BLACKOUT,SENSOR_BLACKOUT,STALE,STALE,STALE,STALE,0,80.0,80.0,0.0,0.0,0.0,0.0,37.250686,126.674964,37.254138,126.680626
44.99999999999958,3,SENSOR_BLACKOUT,FAIL,SENSOR_BLACKOUT,SENSOR_BLACKOUT,STALE,STALE,STALE,STALE,0,80.0,80.0,0.0,0.0,0.0,0.0,37.250686,126.674964,37.254138,126.680626
45.04999999999958,3,SENSOR_BLACKOUT,FAIL,SENSOR_BLACKOUT,SENSOR_BLACKOUT,STALE,STALE,STALE,STALE,0,80.0,80.0,0.0,0.0,0.0,0.0,37.250686,126.674964,37.254138,126.680626
45.099999999999575,3,ACTIVE,FAIL,NO_MOTION,NO_MOTION,FRESH,STALE,FRESH,FRESH,1,71.08875932669743,88.91124067330257,-65.0,-25.0,0.0,0.0,37.250686,126.674964,37.254138,126.680626
45.14999999999957,3,ACTIVE,FAIL,NO_MOTION,NO_MOTION,FRESH,STALE,FRESH,FRESH,1,74.08875932669726,85.91124067330274,-65.0,-25.0,0.0,0.0,37.250686,126.674964,37.254138,126.680626
45.19999999999957,3,ACTIVE,FAIL,NO_MOTION,NO_MOTION,FRESH,STALE,FRESH,FRESH,1,77.08875932669709,82.91124067330291,-65.0,-25.0,0.0,0.0,37.250686,126.674964,37.254138,126.680626
45.24999999999957,3,ACTIVE,FAIL,NO_MOTION,NO_MOTION,FRESH,STALE,FRESH,FRESH,1,80.08875932669692,79.91124067330308,-65.0,-25.0,0.0,0.0,37.250686,126.674964,37.254138,126.680626
45.299999999999564,3,ACTIVE,FAIL,NO_MOTION,NO_MOTION,FRESH,STALE,FRESH,FRESH,1,83.08875932669675,76.91124067330325,-65.0,-25.0,0.0,0.0,37.250686,126.674964,37.254138,126.680626
45.34999999999956,3,ACTIVE,FAIL,NO_MOTION,NO_MOTION,FRESH,STALE,FRESH,FRESH,1,86.08875932669658,73.91124067330342,-65.0,-25.0,0.0,0.0,37.250686,126.674964,37.254138,126.680626
45.39999999999956,3,ACTIVE,FAIL,NO_MOTION,NO_MOTION,FRESH,STALE,FRESH,FRESH,1,89.0887593266964,70.9112406733036,-65.0,-25.0,0.0,0.0,37.250686,126.674964,37.254138,126.680626
45.449999999999555,3,NO_MOTION,FAIL,NO_MOTION,NO_MOTION,FRESH,STALE,STALE,FRESH,0,80.0,80.0,0.0,0.0,0.0,0.0,37.250686,126.674964,37.254138,126.680626
45.49999999999955,3,NO_MOTION,FAIL,NO_MOTION,NO_MOTION,FRESH,STALE,STALE,FRESH,0,80.0,80.0,0.0,0.0,0.0,0.0,37.250686,126.674964,37.254138,126.680626
45.54999999999955,3,NO_MOTION,FAIL,NO_MOTION,NO_MOTION,FRESH,STALE,STALE,FRESH,0,80.0,80.0,0.0,0.0,0.0,0.0,37.250686,126.674964,37.254138,126.680626
45.59999999999955,3,NO_MOTION,FAIL,NO_MOTION,NO_MOTION,FRESH,STALE,STALE,FRESH,0,80.0,80.0,0.0,0.0,0.0,0.0,37.250686,126.674964,37.254138,126.680626
45.649999999999544,3,NO_MOTION,FAIL,NO_MOTION,NO_MOTION,FRESH,STALE,STALE,FRESH,0,80.0,80.0,0.0,0.0,0.0,0.0,37.250686,126.674964,37.254138,126.680626
45.69999999999954,3,NO_MOTION,FAIL,NO_MOTION,NO_MOTION,FRESH,STALE,STALE,FRESH,0,80.0,80.0,0.0,0.0,0.0,0.0,37.250686,126.674964,37.254138,126.680626
45.74999999999954,3,NO_MOTION,FAIL,NO_MOTION,NO_MOTION,FRESH,STALE,STALE,FRESH,0,80.0,80.0,0.0,0.0,0.0,0.0,37.250686,126.674964,37.254138,126.680626
45.799999999999535,3,NO_MOTION,FAIL,NO_MOTION,NO_MOTION,FRESH,STALE,STALE,FRESH,0,80.0,80.0,0.0,0.0,0.0,0.0,37.250686,126.674964,37.254138,126.680626
45.84999999999953,3,NO_MOTION,FAIL,NO_MOTION,NO_MOTION,FRESH,STALE,STALE,FRESH,0,80.0,80.0,0.0,0.0,0.0,0.0,37.250686,126.674964,37.254138,126.680626
45.89999999999953,3,NO_MOTION,FAIL,NO_MOTION,NO_MOTION,FRESH,STALE,STALE,STALE,0,80.0,80.0,0.0,0.0,0.0,0.0,37.250686,126.674964,37.254138,126.680626
45.94999999999953,3,NO_MOTION,FAIL,NO_MOTION,NO_MOTION,FRESH,STALE,STALE,STALE,0,80.0,80.0,0.0,0.0,0.0,0.0,37.250686,126.674964,37.254138,126.680626
45.999999999999524,3,NO_MOTION,FAIL,NO_MOTION,NO_MOTION,FRESH,STALE,STALE,STALE,0,80.0,80.0,0.0,0.0,0.0,0.0,37.250686,126.674964,37.254138,126.680626
46.04999999999952,3,NO_MOTION,FAIL,NO_MOTION,NO_MOTION,FRESH,STALE,STALE,STALE,0,80.0,80.0,0.0,0.0,0.0,0.0,37.250686,126.674964,37.254138,126.680626
46.09999999999952,3,NO_MOTION,FAIL,NO_MOTION,NO_MOTION,FRESH,STALE,STALE,STALE,0,80.0,80.0,0.0,0.0,0.0,0.0,37.250686,126.674964,37.254138,126.680626
46.149999999999515,3,ACTIVE,FAIL,NO_MOTION,NO_MOTION,FRESH,STALE,FRESH,FRESH,1,101.0887593266964,58.911240673303595,-65.0,-25.0,0.0,0.0,37.250686,126.674964,37.254138,126.680626
46.19999999999951,3,ACTIVE,FAIL,NO_MOTION,NO_MOTION,FRESH,STALE,FRESH,FRESH,1,104.08875932669623,55.911240673303766,-65.0,-25.0,0.0,0.0,37.250686,126.674964,37.254138,126.680626
46.24999999999951,3,ACTIVE,FAIL,NO_MOTION,NO_MOTION,FRESH,STALE,FRESH,FRESH,1,107.08875932669606,52.911240673303936,-65.0,-25.0,0.0,0.0,37.250686,126.674964,37.254138,126.680626
46.29999999999951,3,ACTIVE,FAIL,NO_MOTION,NO_MOTION,FRESH,STALE,FRESH,FRESH,1,110.0887593266959,49.91124067330411,-65.0,-25.0,0.0,0.0,37.250686,126.674964,37.254138,126.680626
46.349999999999504,3,ACTIVE,FAIL,NO_MOTION,NO_MOTION,FRESH,STALE,FRESH,FRESH,1,112.5,47.5,-65.0,-25.0,0.0,0.0,37.250686,126.674964,37.254138,126.680626
46.3999999999995,3,ACTIVE,FAIL,NO_MOTION,NO_MOTION,FRESH,STALE,FRESH,FRESH,1,112.5,47.5,-65.0,-25.0,0.0,0.0,37.250686,126.674964,37.254138,126.680626
46.4499999999995,3,ACTIVE,FAIL,NO_MOTION,NO_MOTION,FRESH,STALE,FRESH,FRESH,1,112.5,47.5,-65.0,-25.0,0.0,0.0,37.250686,126.674964,37.254138,126.680626
46.499999999999496,3,NO_MOTION,FAIL,NO_MOTION,NO_MOTION,FRESH,STALE,STALE,FRESH,0,80.0,80.0,0.0,0.0,0.0,0.0,37.250686,126.674964,37.254138,126.680626
46.54999999999949,3,NO_MOTION,FAIL,NO_MOTION,NO_MOTION,FRESH,STALE,STALE,FRESH,0,80.0,80.0,0.0,0.0,0.0,0.0,37.250686,126.674964,37.254138,126.680626
46.59999999999949,3,NO_MOTION,FAIL,NO_MOTION,NO_MOTION,FRESH,STALE,STALE,FRESH,0,80.0,80.0,0.0,0.0,0.0,0.0,37.250686,126.674964,37.254138,126.680626
46.64999999999949,3,NO_MOTION,FAIL,NO_MOTION,NO_MOTION,FRESH,STALE,STALE,FRESH,0,80.0,80.0,0.0,0.0,0.0,0.0,37.250686,126.674964,37.254138,126.680626
46.699999999999484,3,NO_MOTION,FAIL,NO_MOTION,NO_MOTION,FRESH,STALE,STALE,FRESH,0,80.0,80.0,0.0,0.0,0.0,0.0,37.250686,126.674964,37.254138,126.680626
46.74999999999948,3,NO_MOTION,FAIL,NO_MOTION,NO_MOTION,FRESH,STALE,STALE,FRESH,0,80.0,80.0,0.0,0.0,0.0,0.0,37.250686,126.674964,37.254138,126.680626
46.79999999999948,3,NO_MOTION,FAIL,NO_MOTION,NO_MOTION,FRESH,STALE,STALE,FRESH,0,80.0,80.0,0.0,0.0,0.0,0.0,37.250686,126.674964,37.254138,126.680626
46.849999999999476,3,NO_MOTION,FAIL,NO_MOTION,NO_MOTION,FRESH,STALE,STALE,FRESH,0,80.0,80.0,0.0,0.0,0.0,0.0,37.250686,126.674964,37.254138,126.680626
46.89999999999947,3,NO_MOTION,FAIL,NO_MOTION,NO_MOTION,FRESH,STALE,STALE,FRESH,0,80.0,80.0,0.0,0.0,0.0,0.0,37.250686,126.674964,37.254138,126.680626
46.94999999999947,3,NO_MOTION,FAIL,NO_MOTION,NO_MOTION,FRESH,STALE,STALE,STALE,0,80.0,80.0,0.0,0.0,0.0,0.0,37.250686,126.674964,37.254138,126.680626
46.99999999999947,3,NO_MOTION,FAIL,NO_MOTION,NO_MOTION,FRESH,STALE,STALE,STALE,0,80.0,80.0,0.0,0.0,0.0,0.0,37.250686,126.674964,37.254138,126.680626
47.049999999999464,3,NO_MOTION,FAIL,NO_MOTION,NO_MOTION,FRESH,STALE,STALE,STALE,0,80.0,80.0,0.0,0.0,0.0,0.0,37.250686,126.674964,37.254138,126.680626
47.09999999999946,3,NO_MOTION,FAIL,NO_MOTION,NO_MOTION,FRESH,STALE,STALE,STALE,0,80.0,80.0,0.0,0.0,0.0,0.0,37.250686,126.674964,37.254138,126.680626
47.14999999999946,3,ACTIVE,FAIL,NO_MOTION,NO_MOTION,FRESH,STALE,FRESH,FRESH,1,112.5,47.5,-65.0,-25.0,0.0,0.0,37.250686,126.674964,37.254138,126.680626
47.199999999999456,3,ACTIVE,FAIL,NO_MOTION,NO_MOTION,FRESH,STALE,FRESH,FRESH,1,112.5,47.5,-65.0,-25.0,0.0,0.0,37.250686,126.674964,37.254138,126.680626
47.24999999999945,3,ACTIVE,FAIL,NO_MOTION,NO_MOTION,FRESH,STALE,FRESH,FRESH,1,112.5,47.5,-65.0,-25.0,0.0,0.0,37.250686,126.674964,37.254138,126.680626
47.29999999999945,3,ACTIVE,FAIL,NO_MOTION,NO_MOTION,FRESH,STALE,FRESH,FRESH,1,112.5,47.5,-65.0,-25.0,0.0,0.0,37.250686,126.674964,37.254138,126.680626
47.34999999999945,3,ACTIVE,FAIL,NO_MOTION,NO_MOTION,FRESH,STALE,FRESH,FRESH,1,112.5,47.5,-65.0,-25.0,0.0,0.0,37.250686,126.674964,37.254138,126.680626
47.399999999999444,3,ACTIVE,FAIL,NO_MOTION,NO_MOTION,FRESH,STALE,FRESH,FRESH,1,112.5,47.5,-65.0,-25.0,0.0,0.0,37.250686,126.674964,37.254138,126.680626
47.44999999999944,3,ACTIVE,FAIL,NO_MOTION,NO_MOTION,FRESH,STALE,FRESH,FRESH,1,112.5,47.5,-65.0,-25.0,0.0,0.0,37.250686,126.674964,37.254138,126.680626
47.49999999999944,3,NO_MOTION,FAIL,NO_MOTION,NO_MOTION,FRESH,STALE,STALE,FRESH,0,80.0,80.0,0.0,0.0,0.0,0.0,37.250686,126.674964,37.254138,126.680626
47.549999999999436,3,NO_MOTION,FAIL,NO_MOTION,NO_MOTION,FRESH,STALE,STALE,FRESH,0,80.0,80.0,0.0,0.0,0.0,0.0,37.250686,126.674964,37.254138,126.680626
47.59999999999943,3,NO_MOTION,FAIL,NO_MOTION,NO_MOTION,FRESH,STALE,STALE,FRESH,0,80.0,80.0,0.0,0.0,0.0,0.0,37.250686,126.674964,37.254138,126.680626
47.64999999999943,3,NO_MOTION,FAIL,NO_MOTION,NO_MOTION,FRESH,STALE,STALE,FRESH,0,80.0,80.0,0.0,0.0,0.0,0.0,37.250686,126.674964,37.254138,126.680626
47.69999999999943,3,NO_MOTION,FAIL,NO_MOTION,NO_MOTION,FRESH,STALE,STALE,FRESH,0,80.0,80.0,0.0,0.0,0.0,0.0,37.250686,126.674964,37.254138,126.680626
47.749999999999424,3,NO_MOTION,FAIL,NO_MOTION,NO_MOTION,FRESH,STALE,STALE,FRESH,0,80.0,80.0,0.0,0.0,0.0,0.0,37.250686,126.674964,37.254138,126.680626
47.79999999999942,3,NO_MOTION,FAIL,NO_MOTION,NO_MOTION,FRESH,STALE,STALE,FRESH,0,80.0,80.0,0.0,0.0,0.0,0.0,37.250686,126.674964,37.254138,126.680626
47.84999999999942,3,NO_MOTION,FAIL,NO_MOTION,NO_MOTION,FRESH,STALE,STALE,FRESH,0,80.0,80.0,0.0,0.0,0.0,0.0,37.250686,126.674964,37.254138,126.680626
47.899999999999416,3,NO_MOTION,FAIL,NO_MOTION,NO_MOTION,FRESH,STALE,STALE,FRESH,0,80.0,80.0,0.0,0.0,0.0,0.0,37.250686,126.674964,37.254138,126.680626
47.94999999999941,3,NO_MOTION,FAIL,NO_MOTION,NO_MOTION,FRESH,STALE,STALE,STALE,0,80.0,80.0,0.0,0.0,0.0,0.0,37.250686,126.674964,37.254138,126.680626
47.99999999999941,3,NO_MOTION,FAIL,NO_MOTION,NO_MOTION,FRESH,STALE,STALE,STALE,0,80.0,80.0,0.0,0.0,0.0,0.0,37.250686,126.674964,37.254138,126.680626
48.04999999999941,3,NO_MOTION,FAIL,NO_MOTION,NO_MOTION,FRESH,STALE,STALE,STALE,0,80.0,80.0,0.0,0.0,0.0,0.0,37.250686,126.674964,37.254138,126.680626
48.099999999999405,3,NO_MOTION,FAIL,NO_MOTION,NO_MOTION,FRESH,STALE,STALE,STALE,0,80.0,80.0,0.0,0.0,0.0,0.0,37.250686,126.674964,37.254138,126.680626
48.1499999999994,3,ACTIVE,NOMINAL_CLOSED_LOOP,NOMINAL_CLOSED_LOOP,NONE,FRESH,FRESH,FRESH,FRESH,1,92.5,67.5,41.080842169311794,9.092509175681101,-116.9677713247678,82.45409806846064,37.250686,126.674964,37.254138,126.680626
48.1999999999994,3,ACTIVE,NOMINAL_CLOSED_LOOP,NOMINAL_CLOSED_LOOP,NONE,FRESH,FRESH,FRESH,FRESH,1,87.50000000000028,72.49999999999972,41.09008467848747,9.092509175681101,-116.9677713247678,82.45409806846064,37.250686,126.674964,37.254138,126.680626
48.249999999999396,3,ACTIVE,NOMINAL_CLOSED_LOOP,NOMINAL_CLOSED_LOOP,NONE,FRESH,FRESH,FRESH,FRESH,1,82.50000000000057,77.49999999999943,41.09932718766315,9.092509175681101,-116.9677713247678,82.45409806846064,37.250686,126.674964,37.254138,126.680626
48.29999999999939,3,ACTIVE,NOMINAL_CLOSED_LOOP,NOMINAL_CLOSED_LOOP,NONE,FRESH,FRESH,FRESH,FRESH,1,77.50000000000085,82.49999999999915,41.108569696838835,9.092509175681101,-116.9677713247678,82.45409806846064,37.250686,126.674964,37.254138,126.680626
48.34999999999939,3,ACTIVE,NOMINAL_CLOSED_LOOP,NOMINAL_CLOSED_LOOP,NONE,FRESH,FRESH,FRESH,FRESH,1,72.50000000000114,87.49999999999886,41.11781220601451,9.092509175681101,-116.9677713247678,82.45409806846064,37.250686,126.674964,37.254138,126.680626
48.39999999999939,3,ACTIVE,NOMINAL_CLOSED_LOOP,NOMINAL_CLOSED_LOOP,NONE,FRESH,FRESH,FRESH,FRESH,1,67.50000000000142,92.49999999999858,41.1270547151902,9.092509175681101,-116.9677713247678,82.45409806846064,37.250686,126.674964,37.254138,126.680626
48.449999999999385,3,ACTIVE,NOMINAL_CLOSED_LOOP,NOMINAL_CLOSED_LOOP,NONE,FRESH,FRESH,FRESH,FRESH,1,62.500000000001705,97.4999999999983,41.136297224365876,9.092509175681101,-116.9677713247678,82.45409806846064,37.250686,126.674964,37.254138,126.680626
48.49999999999938,3,ACTIVE,NOMINAL_FEEDFORWARD,NOMINAL_FEEDFORWARD,NONE,FRESH,FRESH,STALE,FRESH,1,62.6756145864978,97.3243854135022,34.6487708270044,7.955945528720965,-116.9677713247678,82.45409806846064,37.250686,126.674964,37.254138,126.680626
48.54999999999938,3,ACTIVE,NOMINAL_FEEDFORWARD,NOMINAL_FEEDFORWARD,NONE,FRESH,FRESH,STALE,FRESH,1,62.6756145864978,97.3243854135022,34.6487708270044,7.955945528720965,-116.9677713247678,82.45409806846064,37.250686,126.674964,37.254138,126.680626
48.599999999999376,3,ACTIVE,NOMINAL_FEEDFORWARD,NOMINAL_FEEDFORWARD,NONE,FRESH,FRESH,STALE,FRESH,1,62.6756145864978,97.3243854135022,34.6487708270044,7.955945528720965,-116.9677713247678,82.45409806846064,37.250686,126.674964,37.254138,126.680626
48.64999999999937,3,ACTIVE,NOMINAL_FEEDFORWARD,NOMINAL_FEEDFORWARD,NONE,FRESH,FRESH,STALE,FRESH,1,62.6756145864978,97.3243854135022,34.6487708270044,7.955945528720965,-116.9677713247678,82.45409806846064,37.250686,126.674964,37.254138,126.680626
48.69999999999937,3,ACTIVE,NOMINAL_FEEDFORWARD,NOMINAL_FEEDFORWARD,NONE,FRESH,FRESH,STALE,FRESH,1,62.6756145864978,97.3243854135022,34.6487708270044,7.955945528720965,-116.9677713247678,82.45409806846064,37.250686,126.674964,37.254138,126.680626
48.74999999999937,3,ACTIVE,NOMINAL_FEEDFORWARD,NOMINAL_FEEDFORWARD,NONE,FRESH,FRESH,STALE,FRESH,1,62.6756145864978,97.3243854135022,34.6487708270044,7.955945528720965,-116.9677713247678,82.45409806846064,37.250686,126.674964,37.254138,126.680626
48.799999999999365,3,ACTIVE,NOMINAL_FEEDFORWARD,NOMINAL_FEEDFORWARD,NONE,FRESH,FRESH,STALE,FRESH,1,62.6756145864978,97.3243854135022,34.6487708270044,7.955945528720965,-116.9677713247678,82.45409806846064,37.250686,126.674964,37.254138,126.680626
48.84999999999936,3,ACTIVE,NOMINAL_FEEDFORWARD,NOMINAL_FEEDFORWARD,NONE,FRESH,FRESH,STALE,FRESH,1,62.6756145864978,97.3243854135022,34.6487708270044,7.955945528720965,-116.9677713247678,82.45409806846064,37.250686,126.674964,37.254138,126.680626
48.89999999999936,3,ACTIVE,NOMINAL_FEEDFORWARD,NOMINAL_FEEDFORWARD,NONE,FRESH,FRESH,STALE,FRESH,1,62.6756145864978,97.3243854135022,34.6487708270044,7.955945528720965,-116.9677713247678,82.45409806846064,37.250686,126.674964,37.254138,126.680626
48.949999999999356,3,ACTIVE,NOMINAL_FEEDFORWARD,NOMINAL_FEEDFORWARD,NONE,FRESH,FRESH,STALE,STALE,1,62.6756145864978,97.3243854135022,34.6487708270044,7.955945528720965,-116.9677713247678,82.45409806846064,37.250686,126.674964,37.254138,126.680626
48.99999999999935,3,ACTIVE,NOMINAL_FEEDFORWARD,NOMINAL_FEEDFORWARD,NONE,FRESH,FRESH,STALE,STALE,1,62.6756145864978,97.3243854135022,34.6487708270044,7.955945528720965,-116.9677713247678,82.45409806846064,37.250686,126.674964,37.254138,126.680626
49.04999999999935,3,ACTIVE,NOMINAL_FEEDFORWARD,NOMINAL_FEEDFORWARD,NONE,FRESH,FRESH,STALE,STALE,1,62.6756145864978,97.3243854135022,34.6487708270044,7.955945528720965,-116.9677713247678,82.45409806846064,37.250686,126.674964,37.254138,126.680626
49.09999999999935,3,ACTIVE,NOMINAL_FEEDFORWARD,NOMINAL_FEEDFORWARD,NONE,FRESH,FRESH,STALE,STALE,1,62.6756145864978,97.3243854135022,34.6487708270044,7.955945528720965,-116.9677713247678,82.45409806846064,37.250686,126.674964,37.254138,126.680626
49.149999999999345,3,DEGRADED,DEGRADED_CLOSED_LOOP,DEGRADED_CLOSED_LOOP,NONE,FRESH,FRESHED,FRESH,FRESH,1,59.175614586498,100.824385413502,44.970605595585354,11.342917761023303,-116.9677713247678,82.45409806846064,37.250686,126.674964,37.254138,126.680626
49.19999999999934,3,DEGRADED,DEGRADED_CLOSED_LOOP,DEGRADED_CLOSED_LOOP,NONE,FRESH,FRESHED,FRESH,FRESH,1,57.50923574332681,102.49076425667319,44.98152851334638,11.342917761023303,-116.9677713247678,82.45409806846064,37.250686,126.674964,37.254138,126.680626
49.24999999999934,3,DEGRADED,DEGRADED_CLOSED_LOOP,DEGRADED_CLOSED_LOOP,NONE,FRESH,FRESHED,FRESH,FRESH,1,57.503774284446294,102.4962257155537,44.992451431107405,11.342917761023303,-116.9677713247678,82.45409806846064,37.250686,126.674964,37.254138,126.680626
49.299999999999336,3,DEGRADED,DEGRADED_CLOSED_LOOP,DEGRADED_CLOSED_LOOP,NONE,FRESH,FRESHED,FRESH,FRESH,1,57.49831282556579,102.50168717443421,45.00337434886843,11.342917761023303,-116.9677713247678,82.45409806846064,37.250686,126.674964,37.254138,126.680626
49.34999999999933,3,DEGRADED,DEGRADED_CLOSED_LOOP,DEGRADED_CLOSED_LOOP,NONE,FRESH,FRESHED,FRESH,FRESH,1,57.49285136668527,102.50714863331473,45.01429726662945,11.342917761023303,-116.9677713247678,82.45409806846064,37.250686,126.674964,37.254138,126.680626
49.39999999999933,3,DEGRADED,DEGRADED_CLOSED_LOOP,DEGRADED_CLOSED_LOOP,NONE,FRESH,FRESHED,FRESH,FRESH,1,57.48738990780477,102.51261009219523,45.02522018439047,11.342917761023303,-116.9677713247678,82.45409806846064,37.250686,126.674964,37.254138,126.680626
49.44999999999933,3,DEGRADED,DEGRADED_CLOSED_LOOP,DEGRADED_CLOSED_LOOP,NONE,FRESH,FRESHED,FRESH,FRESH,1,57.48192844892425,102.51807155107575,45.03614310215149,11.342917761023303,-116.9677713247678,82.45409806846064,37.250686,126.674964,37.254138,126.680626
49.499999999999325,3,DEGRADED,DEGRADED_FEEDFORWARD,DEGRADED_FEEDFORWARD,NONE,FRESH,FRESHED,STALE,FRESH,1,60.48192844892408,99.51807155107592,33.33813612603957,9.074334208818643,-116.9677713247678,82.45409806846064,37.250686,126.674964,37.254138,126.680626
49.54999999999932,3,DEGRADED,DEGRADED_FEEDFORWARD,DEGRADED_FEEDFORWARD,NONE,FRESH,FRESHED,STALE,FRESH,1,63.330931936980214,96.66906806301978,33.33813612603957,9.074334208818643,-116.9677713247678,82.45409806846064,37.250686,126.674964,37.254138,126.680626
49.59999999999932,3,DEGRADED,DEGRADED_FEEDFORWARD,DEGRADED_FEEDFORWARD,NONE,FRESH,FRESHED,STALE,FRESH,1,63.330931936980214,96.66906806301978,33.33813612603957,9.074334208818643,-116.9677713247678,82.45409806846064,37.250686,126.674964,37.254138,126.680626
49.64999999999932,3,DEGRADED,DEGRADED_FEEDFORWARD,DEGRADED_FEEDFORWARD,NONE,FRESH,FRESHED,STALE,FRESH,1,63.330931936980214,96.66906806301978,33.33813612603957,9.074334208818643,-116.9677713247678,82.45409806846064,37.250686,126.674964,37.254138,126.680626
49.699999999999314,3,DEGRADED,DEGRADED_FEEDFORWARD,DEGRADED_FEEDFORWARD,NONE,FRESH,FRESHED,STALE,FRESH,1,63.330931936980214,96.66906806301978,33.33813612603957,9.074334208818643,-116.9677713247678,82.45409806846064,37.250686,126.674964,37.254138,126.680626
49.74999999999931,3,DEGRADED,DEGRADED_FEEDFORWARD,DEGRADED_FEEDFORWARD,NONE,FRESH,FRESHED,STALE,FRESH,1,63.330931936980214,96.66906806301978,33.33813612603957,9.074334208818643,-116.9677713247678,82.45409806846064,37.250686,126.674964,37.254138,126.680626
49.79999999999931,3,DEGRADED,DEGRADED_FEEDFORWARD,DEGRADED_FEEDFORWARD,NONE,FRESH,FRESHED,STALE,FRESH,1,63.330931936980214,96.66906806301978,33.33813612603957,9.074334208818643,-116.9677713247678,82.45409806846064,37.250686,126.674964,37.254138,126.680626
49.849999999999305,3,DEGRADED,DEGRADED_FEEDFORWARD,DEGRADED_FEEDFORWARD,NONE,FRESH,FRESHED,STALE,FRESH,1,63.330931936980214,96.66906806301978,33.33813612603957,9.074334208818643,-116.9677713247678,82.45409806846064,37.250686,126.674964,37.254138,126.680626
49.8999999999993,3,DEGRADED,DEGRADED_FEEDFORWARD,DEGRADED_FEEDFORWARD,NONE,FRESH,FRESHED,STALE,FRESH,1,63.330931936980214,96.66906806301978,33.33813612603957,9.074334208818643,-116.9677713247678,82.45409806846064,37.250686,126.674964,37.254138,126.680626
49.9499999999993,3,DEGRADED,DEGRADED_FEEDFORWARD,DEGRADED_FEEDFORWARD,NONE,FRESH,FRESHED,STALE,STALE,1,63.330931936980214,96.66906806301978,33.33813612603957,9.074334208818643,-116.9677713247678,82.45409806846064,37.250686,126.674964,37.254138,126.680626
49.9999999999993,3,DEGRADED,DEGRADED_FEEDFORWARD,DEGRADED_FEEDFORWARD,NONE,FRESH,FRESHED,STALE,STALE,1,63.330931936980214,96.66906806301978,33.33813612603957,9.074334208818643,-116.9677713247678,82.45409806846064,37.250686,126.674964,37.254138,126.680626
50.049999999999294,3,DEGRADED,DEGRADED_FEEDFORWARD,DEGRADED_FEEDFORWARD,NONE,FRESH,FRESHED,STALE,STALE,1,63.330931936980214,96.66906806301978,33.33813612603957,9.074334208818643,-116.9677713247678,82.45409806846064,37.250686,126.674964,37.254138,126.680626
50.09999999999929,3,DEGRADED,DEGRADED_FEEDFORWARD,DEGRADED_FEEDFORWARD,NONE,FRESH,FRESHED,STALE,STALE,1,63.330931936980214,96.66906806301978,33.33813612603957,9.074334208818643,-116.9677713247678,82.45409806846064,37.250686,126.674964,37.254138,126.680626
50.14999999999929,3,DEGRADED,DEGRADED_CLOSED_LOOP,DEGRADED_CLOSED_LOOP,NONE,FRESH,FRESHED,FRESH,FRESH,1,59.83093193698041,100.16906806301958,59.75734946463372,17.01437664153496,-116.9677713247678,82.45409806846064,37.250686,126.674964,37.254138,126.680626
50.199999999999285,3,DEGRADED,DEGRADED_CLOSED_LOOP,DEGRADED_CLOSED_LOOP,NONE,FRESH,FRESHED,FRESH,FRESH,1,56.33093193698061,103.66906806301938,59.77428384127525,17.01437664153496,-116.9677713247678,82.45409806846064,37.250686,126.674964,37.254138,126.680626
50.24999999999928,3,DEGRADED,DEGRADED_CLOSED_LOOP,DEGRADED_CLOSED_LOOP,NONE,FRESH,FRESHED,FRESH,FRESH,1,52.83093193698081,107.16906806301918,59.791218217916786,17.01437664153496,-116.9677713247678,82.45409806846064,37.250686,126.674964,37.254138,126.680626
50.29999999999928,3,DEGRADED,DEGRADED_CLOSED_LOOP,DEGRADED_CLOSED_LOOP,NONE,FRESH,FRESHED,FRESH,FRESH,1,50.09592370272084,109.90407629727916,59.80815259455832,17.01437664153496,-116.9677713247678,82.45409806846064,37.250686,126.674964,37.254138,126.680626
50.34999999999928,3,DEGRADED,DEGRADED_CLOSED_LOOP,DEGRADED_CLOSED_LOOP,NONE,FRESH,FRESHED,FRESH,FRESH,1,50.087456514400074,109.91254348559993,59.82508697119985,17.01437664153496,-116.9677713247678,82.45409806846064,37.250686,126.674964,37.254138,126.680626
50.399999999999274,3,DEGRADED,DEGRADED_CLOSED_LOOP,DEGRADED_CLOSED_LOOP,NONE,FRESH,FRESHED,FRESH,FRESH,1,50.07898932607931,109.92101067392069,59.84202134784139,17.01437664153496,-116.9677713247678,82.45409806846064,37.250686,126.674964,37.254138,126.680626
50.44999999999927,3,DEGRADED,DEGRADED_CLOSED_LOOP,DEGRADED_CLOSED_LOOP,NONE,FRESH,FRESHED,FRESH,FRESH,1,50.07052213775854,109.92947786224147,59.858955724482925,17.01437664153496,-116.9677713247678,82.45409806846064,37.250686,126.674964,37.254138,126.680626
50.49999999999927,3,DEGRADED,DEGRADED_FEEDFORWARD,DEGRADED_FEEDFORWARD,NONE,FRESH,FRESHED,STALE,FRESH,1,53.07052213775837,106.92947786224164,43.0467436760331,13.611501313227967,-116.9677713247678,82.45409806846064,37.250686,126.674964,37.254138,126.680626
50.549999999999265,3,DEGRADED,DEGRADED_FEEDFORWARD,DEGRADED_FEEDFORWARD,NONE,FRESH,FRESHED,STALE,FRESH,1,56.070522137758196,103.92947786224181,43.0467436760331,13.611501313227967,-116.9677713247678,82.45409806846064,37.250686,126.674964,37.254138,126.680626
50.59999999999926,3,DEGRADED,DEGRADED_FEEDFORWARD,DEGRADED_FEEDFORWARD,NONE,FRESH,FRESHED,STALE,FRESH,1,58.47662816198345,101.52337183801654,43.0467436760331,13.611501313227967,-116.9677713247678,82.45409806846064,37.250686,126.674964,37.254138,126.680626
50.64999999999926,3,DEGRADED,DEGRADED_FEEDFORWARD,DEGRADED_FEEDFORWARD,NONE,FRESH,FRESHED,STALE,FRESH,1,58.47662816198345,101.52337183801654,43.0467436760331,13.611501313227967,-116.9677713247678,82.45409806846064,37.250686,126.674964,37.254138,126.680626
50.69999999999926,3,DEGRADED,DEGRADED_FEEDFORWARD,DEGRADED_FEEDFORWARD,NONE,FRESH,FRESHED,STALE,FRESH,1,58.47662816198345,101.52337183801654,43.0467436760331,13.611501313227967,-116.9677713247678,82.45409806846064,37.250686,126.674964,37.254138,126.680626
50.749999999999254,3,DEGRADED,DEGRADED_FEEDFORWARD,DEGRADED_FEEDFORWARD,NONE,FRESH,FRESHED,STALE,FRESH,1,58.47662816198345,101.52337183801654,43.0467436760331,13.611501313227967,-116.9677713247678,82.45409806846064,37.250686,126.674964,37.254138,126.680626
50.79999999999925,3,DEGRADED,DEGRADED_FEEDFORWARD,DEGRADED_FEEDFORWARD,NONE,FRESH,FRESHED,STALE,FRESH,1,58.47662816198345,101.52337183801654,43.0467436760331,13.611501313227967,-116.9677713247678,82.45409806846064,37.250686,126.674964,37.254138,126.680626
50.84999999999925,3,DEGRADED,DEGRADED_FEEDFORWARD,DEGRADED_FEEDFORWARD,NONE,FRESH,FRESHED,STALE,FRESH,1,58.47662816198345,101.52337183801654,43.0467436760331,13.611501313227967,-116.9677713247678,82.45409806846064,37.250686,126.674964,37.254138,126.680626
50.899999999999245,3,DEGRADED,DEGRADED_FEEDFORWARD,DEGRADED_FEEDFORWARD,NONE,FRESH,FRESHED,STALE,FRESH,1,58.47662816198345,101.52337183801654,43.0467436760331,13.611501313227967,-116.9677713247678,82.45409806846064,37.250686,126.674964,37.254138,126.680626
50.94999999999924,3,DEGRADED,DEGRADED_FEEDFORWARD,DEGRADED_FEEDFORWARD,NONE,FRESH,FRESHED,STALE,STALE,1,58.47662816198345,101.52337183801654,43.0467436760331,13.611501313227967,-116.9677713247678,82.45409806846064,37.250686,126.674964,37.254138,126.680626
50.99999999999924,3,DEGRADED,DEGRADED_FEEDFORWARD,DEGRADED_FEEDFORWARD,NONE,FRESH,FRESHED,STALE,STALE,1,58.47662816198345,101.52337183801654,43.0467436760331,13.611501313227967,-116.9677713247678,82.45409806846064,37.250686,126.674964,37.254138,126.680626
51.04999999999924,3,DEGRADED,DEGRADED_FEEDFORWARD,DEGRADED_FEEDFORWARD,NONE,FRESH,FRESHED,STALE,STALE,1,58.47662816198345,101.52337183801654,43.0467436760331,13.611501313227967,-116.9677713247678,82.45409806846064,37.250686,126.674964,37.254138,126.680626
51.099999999999234,3,DEGRADED,DEGRADED_FEEDFORWARD,DEGRADED_FEEDFORWARD,NONE,FRESH,FRESHED,STALE,STALE,1,58.47662816198345,101.52337183801654,43.0467436760331,13.611501313227967,-116.9677713247678,82.45409806846064,37.250686,126.674964,37.254138,126.680626
51.14999999999923,3,DEGRADED,DEGRADED_CLOSED_LOOP,DEGRADED_CLOSED_LOOP,NONE,FRESH,FRESHED,FRESH,FRESH,1,54.97662816198365,105.02337183801635,59.85228730418831,17.01437664153496,-116.9677713247678,82.45409806846064,37.250686,126.674964,37.254138,126.680626
51.19999999999923,3,DEGRADED,DEGRADED_CLOSED_LOOP,DEGRADED_CLOSED_LOOP,NONE,FRESH,FRESHED,FRESH,FRESH,1,51.47662816198385,108.52337183801615,59.86942168082984,17.01437664153496,-116.9677713247678,82.45409806846064,37.250686,126.674964,37.254138,126.680626
51.249999999999226,3,DEGRADED,DEGRADED_CLOSED_LOOP,DEGRADED_CLOSED_LOOP,NONE,FRESH,FRESHED,FRESH,FRESH,1,50.05672197126431,109.94327802873569,59.886556057471374,17.01437664153496,-116.9677713247678,82.45409806846064,37.250686,126.674964,37.254138,126.680626
51.29999999999922,3,DEGRADED,DEGRADED_CLOSED_LOOP,DEGRADED_CLOSED_LOOP,NONE,FRESH,FRESHED,FRESH,FRESH,1,50.04815478294354,109.95184521705646,59.90369043411291,17.01437664153496,-116.9677713247678,82.45409806846064,37.250686,126.674964,37.254138,126.680626
51.34999999999922,3,DEGRADED,DEGRADED_CLOSED_LOOP,DEGRADED_CLOSED_LOOP,NONE,FRESH,FRESHED,FRESH,FRESH,1,50.03958759462278,109.96041240537721,59.92082481075444,17.01437664153496,-116.9677713247678,82.45409806846064,37.250686,126.674964,37.254138,126.680626
51.39999999999922,3,DEGRADED,DEGRADED_CLOSED_LOOP,DEGRADED_CLOSED_LOOP,NONE,FRESH,FRESHED,FRESH,FRESH,1,50.03102040630201,109.96897959369798,59.937959187395975,17.01437664153496,-116.9677713247678,82.45409806846064,37.250686,126.674964,37.254138,126.680626
51.449999999999214,3,DEGRADED,DEGRADED_CLOSED_LOOP,DEGRADED_CLOSED_LOOP,NONE,FRESH,FRESHED,FRESH,FRESH,1,50.022453217981244,109.97754678201875,59.95509356403751,17.01437664153496,-116.9677713247678,82.45409806846064,37.250686,126.674964,37.254138,126.680626
51.49999999999921,3,DEGRADED,DEGRADED_FEEDFORWARD,DEGRADED_FEEDFORWARD,NONE,FRESH,FRESHED,STALE,FRESH,1,53.022453217981074,106.97754678201892,43.0467436760331,13.611501313227967,-116.9677713247678,82.45409806846064,37.250686,126.674964,37.254138,126.680626
51.54999999999921,3,DEGRADED,DEGRADED_FEEDFORWARD,DEGRADED_FEEDFORWARD,NONE,FRESH,FRESHED,STALE,FRESH,1,56.0224532179809,103.97754678201909,43.0467436760331,13.611501313227967,-116.9677713247678,82.45409806846064,37.250686,126.674964,37.254138,126.680626
51.599999999999206,3,DEGRADED,DEGRADED_FEEDFORWARD,DEGRADED_FEEDFORWARD,NONE,FRESH,FRESHED,STALE,FRESH,1,58.47662816198345,101.52337183801654,43.0467436760331,13.611501313227967,-116.9677713247678,82.45409806846064,37.250686,126.674964,37.254138,126.680626
51.6499999999992,3,DEGRADED,DEGRADED_FEEDFORWARD,DEGRADED_FEEDFORWARD,NONE,FRESH,FRESHED,STALE,FRESH,1,58.47662816198345,101.52337183801654,43.0467436760331,13.611501313227967,-116.9677713247678,82.45409806846064,37.250686,126.674964,37.254138,126.680626
51.6999999999992,3,DEGRADED,DEGRADED_FEEDFORWARD,DEGRADED_FEEDFORWARD,NONE,FRESH,FRESHED,STALE,FRESH,1,58.47662816198345,101.52337183801654,43.0467436760331,13.611501313227967,-116.9677713247678,82.45409806846064,37.250686,126.674964,37.254138,126.680626
51.7499999999992,3,DEGRADED,DEGRADED_FEEDFORWARD,DEGRADED_FEEDFORWARD,NONE,FRESH,FRESHED,STALE,FRESH,1,58.47662816198345,101.52337183801654,43.0467436760331,13.611501313227967,-116.9677713247678,82.45409806846064,37.250686,126.674964,37.254138,126.680626
51.799999999999194,3,DEGRADED,DEGRADED_FEEDFORWARD,DEGRADED_FEEDFORWARD,NONE,FRESH,FRESHED,STALE,FRESH,1,58.47662816198345,101.52337183801654,43.0467436760331,13.611501313227967,-116.9677713247678,82.45409806846064,37.250686,126.674964,37.254138,126.680626
51.84999999999919,3,DEGRADED,DEGRADED_FEEDFORWARD,DEGRADED_FEEDFORWARD,NONE,FRESH,FRESHED,STALE,FRESH,1,58.47662816198345,101.52337183801654,43.0467436760331,13.611501313227967,-116.9677713247678,82.45409806846064,37.250686,126.674964,37.254138,126.680626
51.89999999999919,3,DEGRADED,DEGRADED_FEEDFORWARD,DEGRADED_FEEDFORWARD,NONE,FRESH,FRESHED,STALE,FRESH,1,58.47662816198345,101.52337183801654,43.0467436760331,13.611501313227967,-116.9677713247678,82.45409806846064,37.250686,126.674964,37.254138,126.680626
51.949999999999186,3,DEGRADED,DEGRADED_FEEDFORWARD,DEGRADED_FEEDFORWARD,NONE,FRESH,FRESHED,STALE,STALE,1,58.47662816198345,101.52337183801654,43.0467436760331,13.611501313227967,-116.9677713247678,82.45409806846064,37.250686,126.674964,37.254138,126.680626
51.99999999999918,3,DEGRADED,DEGRADED_FEEDFORWARD,DEGRADED_FEEDFORWARD,NONE,FRESH,FRESHED,STALE,STALE,1,58.47662816198345,101.52337183801654,43.0467436760331,13.611501313227967,-116.9677713247678,82.45409806846064,37.250686,126.674964,37.254138,126.680626
52.04999999999918,3,DEGRADED,DEGRADED_FEEDFORWARD,DEGRADED_FEEDFORWARD,NONE,FRESH,FRESHED,STALE,STALE,1,58.47662816198345,101.52337183801654,43.0467436760331,13.611501313227967,-116.9677713247678,82.45409806846064,37.250686,126.674964,37.254138,126.680626
52.09999999999918,3,DEGRADED,DEGRADED_FEEDFORWARD,DEGRADED_FEEDFORWARD,NONE,FRESH,FRESHED,STALE,STALE,1,58.47662816198345,101.52337183801654,43.0467436760331,13.611501313227967,-116.9677713247678,82.45409806846064,37.250686,126.674964,37.254138,126.680626
52.149999999999174,3,ACTIVE,NOMINAL_CLOSED_LOOP,NOMINAL_CLOSED_LOOP,NONE,FRESH,FRESH,FRESH,FRESH,1,57.23474406480216,102.76525593519784,45.53051187039568,10.580488173176763,-138.56443110903228,84.61347114243982,37.250686,126.674964,37.254138,126.680626
52.19999999999917,3,ACTIVE,NOMINAL_CLOSED_LOOP,NOMINAL_CLOSED_LOOP,NONE,FRESH,FRESH,FRESH,FRESH,1,57.229313820715575,102.77068617928443,45.54137235856885,10.580488173176763,-138.56443110903228,84.61347114243982,37.250686,126.674964,37.254138,126.680626
52.24999999999917,3,ACTIVE,NOMINAL_CLOSED_LOOP,NOMINAL_CLOSED_LOOP,NONE,FRESH,FRESH,FRESH,FRESH,1,57.223883576628985,102.77611642337101,45.55223284674203,10.580488173176763,-138.56443110903228,84.61347114243982,37.250686,126.674964,37.254138,126.680626
52.299999999999166,3,ACTIVE,NOMINAL_CLOSED_LOOP,NOMINAL_CLOSED_LOOP,NONE,FRESH,FRESH,FRESH,FRESH,1,57.218453332542396,102.7815466674576,45.5630933349152,10.580488173176763,-138.56443110903228,84.61347114243982,37.250686,126.674964,37.254138,126.680626
52.34999999999916,3,ACTIVE,NOMINAL_CLOSED_LOOP,NOMINAL_CLOSED_LOOP,NONE,FRESH,FRESH,FRESH,FRESH,1,57.21302308845581,102.78697691154419,45.57395382308838,10.580488173176763,-138.56443110903228,84.61347114243982,37.250686,126.674964,37.254138,126.680626
52.39999999999916,3,ACTIVE,NOMINAL_CLOSED_LOOP,NOMINAL_CLOSED_LOOP,NONE,FRESH,FRESH,FRESH,FRESH,1,57.20759284436922,102.79240715563077,45.58481431126155,10.580488173176763,-138.56443110903228,84.61347114243982,37.250686,126.674964,37.254138,126.680626
52.44999999999916,3,ACTIVE,NOMINAL_CLOSED_LOOP,NOMINAL_CLOSED_LOOP,NONE,FRESH,FRESH,FRESH,FRESH,1,57.202162600282634,102.79783739971737,45.59567479943473,10.580488173176763,-138.56443110903228,84.61347114243982,37.250686,126.674964,37.254138,126.680626
52.499999999999154,3,ACTIVE,NOMINAL_FEEDFORWARD,NOMINAL_FEEDFORWARD,NONE,FRESH,FRESH,STALE,FRESH,1,60.95802880018854,99.04197119981146,38.083942399622906,9.257927151529667,-138.56443110903228,84.61347114243982,37.250686,126.674964,37.254138,126.680626
52.54999999999915,3,ACTIVE,NOMINAL_FEEDFORWARD,NOMINAL_FEEDFORWARD,NONE,FRESH,FRESH,STALE,FRESH,1,60.95802880018854,99.04197119981146,38.083942399622906,9.257927151529667,-138.56443110903228,84.61347114243982,37.250686,126.674964,37.254138,126.680626
52.59999999999915,3,ACTIVE,NOMINAL_FEEDFORWARD,NOMINAL_FEEDFORWARD,NONE,FRESH,FRESH,STALE,FRESH,1,60.95802880018854,99.04197119981146,38.083942399622906,9.257927151529667,-138.56443110903228,84.61347114243982,37.250686,126.674964,37.254138,126.680626
52.649999999999146,3,ACTIVE,NOMINAL_FEEDFORWARD,NOMINAL_FEEDFORWARD,NONE,FRESH,FRESH,STALE,FRESH,1,60.95802880018854,99.04197119981146,38.083942399622906,9.257927151529667,-138.56443110903228,84.61347114243982,37.250686,126.674964,37.254138,126.680626
52.69999999999914,3,ACTIVE,NOMINAL_FEEDFORWARD,NOMINAL_FEEDFORWARD,NONE,FRESH,FRESH,STALE,FRESH,1,60.95802880018854,99.04197119981146,38.083942399622906,9.257927151529667,-138.56443110903228,84.61347114243982,37.250686,126.674964,37.254138,126.680626
52.74999999999914,3,ACTIVE,NOMINAL_FEEDFORWARD,NOMINAL_FEEDFORWARD,NONE,FRESH,FRESH,STALE,FRESH,1,60.95802880018854,99.04197119981146,38.083942399622906,9.257927151529667,-138.56443110903228,84.61347114243982,37.250686,126.674964,37.254138,126.680626
52.79999999999914,3,ACTIVE,NOMINAL_FEEDFORWARD,NOMINAL_FEEDFORWARD,NONE,FRESH,FRESH,STALE,FRESH,1,60.95802880018854,99.04197119981146,38.083942399622906,9.257927151529667,-138.56443110903228,84.61347114243982,37.250686,126.674964,37.254138,126.680626
52.849999999999135,3,ACTIVE,NOMINAL_FEEDFORWARD,NOMINAL_FEEDFORWARD,NONE,FRESH,FRESH,STALE,FRESH,1,60.95802880018854,99.04197119981146,38.083942399622906,9.257927151529667,-138.56443110903228,84.61347114243982,37.250686,126.674964,37.254138,126.680626
52.89999999999913,3,ACTIVE,NOMINAL_FEEDFORWARD,NOMINAL_FEEDFORWARD,NONE,FRESH,FRESH,STALE,FRESH,1,60.95802880018854,99.04197119981146,38.083942399622906,9.257927151529667,-138.56443110903228,84.61347114243982,37.250686,126.674964,37.254138,126.680626
52.94999999999913,3,ACTIVE,NOMINAL_FEEDFORWARD,NOMINAL_FEEDFORWARD,NONE,FRESH,FRESH,STALE,STALE,1,60.95802880018854,99.04197119981146,38.083942399622906,9.257927151529667,-138.56443110903228,84.61347114243982,37.250686,126.674964,37.254138,126.680626
52.999999999999126,3,ACTIVE,NOMINAL_FEEDFORWARD,NOMINAL_FEEDFORWARD,NONE,FRESH,FRESH,STALE,STALE,1,60.95802880018854,99.04197119981146,38.083942399622906,9.257927151529667,-138.56443110903228,84.61347114243982,37.250686,126.674964,37.254138,126.680626
53.04999999999912,3,ACTIVE,NOMINAL_FEEDFORWARD,NOMINAL_FEEDFORWARD,NONE,FRESH,FRESH,STALE,STALE,1,60.95802880018854,99.04197119981146,38.083942399622906,9.257927151529667,-138.56443110903228,84.61347114243982,37.250686,126.674964,37.254138,126.680626
53.09999999999912,3,ACTIVE,NOMINAL_FEEDFORWARD,NOMINAL_FEEDFORWARD,NONE,FRESH,FRESH,STALE,STALE,1,60.95802880018854,99.04197119981146,38.083942399622906,9.257927151529667,-138.56443110903228,84.61347114243982,37.250686,126.674964,37.254138,126.680626
53.14999999999912,3,DEGRADED,DEGRADED_CLOSED_LOOP,DEGRADED_CLOSED_LOOP,NONE,FRESH,FRESHED,FRESH,FRESH,1,57.45802880018874,102.54197119981126,66.62151713567151,19.798724170142325,-138.56443110903228,84.61347114243982,37.250686,126.674964,37.254138,126.680626
53.199999999999115,3,DEGRADED,DEGRADED_CLOSED_LOOP,DEGRADED_CLOSED_LOOP,NONE,FRESH,FRESHED,FRESH,FRESH,1,53.95802880018894,106.04197119981106,66.64114585984164,19.798724170142325,-138.56443110903228,84.61347114243982,37.250686,126.674964,37.254138,126.680626
53.24999999999911,3,DEGRADED,DEGRADED_CLOSED_LOOP,DEGRADED_CLOSED_LOOP,NONE,FRESH,FRESHED,FRESH,FRESH,1,50.45802880018914,109.54197119981086,66.66077458401179,19.798724170142325,-138.56443110903228,84.61347114243982,37.250686,126.674964,37.254138,126.680626
53.29999999999911,3,DEGRADED,DEGRADED_CLOSED_LOOP,DEGRADED_CLOSED_LOOP,NONE,FRESH,FRESHED,FRESH,FRESH,1,46.95802880018934,113.04197119981066,66.68040330818194,19.798724170142325,-138.56443110903228,84.61347114243982,37.250686,126.674964,37.254138,126.680626
53.349999999999106,3,DEGRADED,DEGRADED_CLOSED_LOOP,DEGRADED_CLOSED_LOOP,NONE,FRESH,FRESHED,FRESH,FRESH,1,46.649983983823965,113.35001601617603,66.70003203235207,19.798724170142325,-138.56443110903228,84.61347114243982,37.250686,126.674964,37.254138,126.680626
53.3999999999991,3,DEGRADED,DEGRADED_CLOSED_LOOP,DEGRADED_CLOSED_LOOP,NONE,FRESH,FRESHED,FRESH,FRESH,1,46.64016962173889,113.35983037826111,66.71966075652222,19.798724170142325,-138.56443110903228,84.61347114243982,37.250686,126.674964,37.254138,126.680626
53.4499999999991,3,DEGRADED,DEGRADED_CLOSED_LOOP,DEGRADED_CLOSED_LOOP,NONE,FRESH,FRESHED,FRESH,FRESH,1,46.630355259653825,113.36964474034617,66.73928948069235,19.798724170142325,-138.56443110903228,84.61347114243982,37.250686,126.674964,37.254138,126.680626
53.4999999999991,3,DEGRADED,DEGRADED_FEEDFORWARD,DEGRADED_FEEDFORWARD,NONE,FRESH,FRESHED,STALE,FRESH,1,49.630355259653655,110.36964474034635,43.1646167927088,13.668750000000001,-138.56443110903228,84.61347114243982,37.250686,126.674964,37.254138,126.680626
53.549999999999095,3,DEGRADED,DEGRADED_FEEDFORWARD,DEGRADED_FEEDFORWARD,NONE,FRESH,FRESHED,STALE,FRESH,1,52.630355259653484,107.36964474034652,43.1646167927088,13.668750000000001,-138.56443110903228,84.61347114243982,37.250686,126.674964,37.254138,126.680626
53.59999999999909,3,DEGRADED,DEGRADED_FEEDFORWARD,DEGRADED_FEEDFORWARD,NONE,FRESH,FRESHED,STALE,FRESH,1,55.630355259653314,104.36964474034669,43.1646167927088,13.668750000000001,-138.56443110903228,84.61347114243982,37.250686,126.674964,37.254138,126.680626
53.64999999999909,3,DEGRADED,DEGRADED_FEEDFORWARD,DEGRADED_FEEDFORWARD,NONE,FRESH,FRESHED,STALE,FRESH,1,58.4176916036456,101.58230839635439,43.1646167927088,13.668750000000001,-138.56443110903228,84.61347114243982,37.250686,126.674964,37.254138,126.680626
53.699999999999086,3,DEGRADED,DEGRADED_FEEDFORWARD,DEGRADED_FEEDFORWARD,NONE,FRESH,FRESHED,STALE,FRESH,1,58.4176916036456,101.58230839635439,43.1646167927088,13.668750000000001,-138.56443110903228,84.61347114243982,37.250686,126.674964,37.254138,126.680626
53.74999999999908,3,DEGRADED,DEGRADED_FEEDFORWARD,DEGRADED_FEEDFORWARD,NONE,FRESH,FRESHED,STALE,FRESH,1,58.4176916036456,101.58230839635439,43.1646167927088,13.668750000000001,-138.56443110903228,84.61347114243982,37.250686,126.674964,37.254138,126.680626
53.79999999999908,3,DEGRADED,DEGRADED_FEEDFORWARD,DEGRADED_FEEDFORWARD,NONE,FRESH,FRESHED,STALE,FRESH,1,58.4176916036456,101.58230839635439,43.1646167927088,13.668750000000001,-138.56443110903228,84.61347114243982,37.250686,126.674964,37.254138,126.680626
53.84999999999908,3,DEGRADED,DEGRADED_FEEDFORWARD,DEGRADED_FEEDFORWARD,NONE,FRESH,FRESHED,STALE,FRESH,1,58.4176916036456,101.58230839635439,43.1646167927088,13.668750000000001,-138.56443110903228,84.61347114243982,37.250686,126.674964,37.254138,126.680626
53.899999999999075,3,DEGRADED,DEGRADED_FEEDFORWARD,DEGRADED_FEEDFORWARD,NONE,FRESH,FRESHED,STALE,FRESH,1,58.4176916036456,101.58230839635439,43.1646167927088,13.668750000000001,-138.56443110903228,84.61347114243982,37.250686,126.674964,37.254138,126.680626
53.94999999999907,3,DEGRADED,DEGRADED_FEEDFORWARD,DEGRADED_FEEDFORWARD,NONE,FRESH,FRESHED,STALE,STALE,1,58.4176916036456,101.58230839635439,43.1646167927088,13.668750000000001,-138.56443110903228,84.61347114243982,37.250686,126.674964,37.254138,126.680626
53.99999999999907,3,DEGRADED,DEGRADED_FEEDFORWARD,DEGRADED_FEEDFORWARD,NONE,FRESH,FRESHED,STALE,STALE,1,58.4176916036456,101.58230839635439,43.1646167927088,13.668750000000001,-138.56443110903228,84.61347114243982,37.250686,126.674964,37.254138,126.680626
54.049999999999066,3,DEGRADED,DEGRADED_FEEDFORWARD,DEGRADED_FEEDFORWARD,NONE,FRESH,FRESHED,STALE,STALE,1,58.4176916036456,101.58230839635439,43.1646167927088,13.668750000000001,-138.56443110903228,84.61347114243982,37.250686,126.674964,37.254138,126.680626
54.09999999999906,3,DEGRADED,DEGRADED_FEEDFORWARD,DEGRADED_FEEDFORWARD,NONE,FRESH,FRESHED,STALE,STALE,1,58.4176916036456,101.58230839635439,43.1646167927088,13.668750000000001,-138.56443110903228,84.61347114243982,37.250686,126.674964,37.254138,126.680626
54.14999999999906,3,DEGRADED,DEGRADED_CLOSED_LOOP,DEGRADED_CLOSED_LOOP,NONE,FRESH,FRESHED,FRESH,FRESH,1,54.9176916036458,105.0823083963542,66.73975761882068,19.798724170142325,-138.56443110903228,84.61347114243982,37.250686,126.674964,37.254138,126.680626
54.19999999999906,3,DEGRADED,DEGRADED_CLOSED_LOOP,DEGRADED_CLOSED_LOOP,NONE,FRESH,FRESHED,FRESH,FRESH,1,51.417691603646,108.582308396354,66.75965634299082,19.798724170142325,-138.56443110903228,84.61347114243982,37.250686,126.674964,37.254138,126.680626
54.249999999999055,3,DEGRADED,DEGRADED_CLOSED_LOOP,DEGRADED_CLOSED_LOOP,NONE,FRESH,FRESHED,FRESH,FRESH,1,47.9176916036462,112.0823083963538,66.77955506716097,19.798724170142325,-138.56443110903228,84.61347114243982,37.250686,126.674964,37.254138,126.680626
54.29999999999905,3,DEGRADED,DEGRADED_CLOSED_LOOP,DEGRADED_CLOSED_LOOP,NONE,FRESH,FRESHED,FRESH,FRESH,1,46.60027310433445,113.39972689566555,66.7994537913311,19.798724170142325,-138.56443110903228,84.61347114243982,37.250686,126.674964,37.254138,126.680626
54.34999999999905,3,DEGRADED,DEGRADED_CLOSED_LOOP,DEGRADED_CLOSED_LOOP,NONE,FRESH,FRESHED,FRESH,FRESH,1,46.590323742249375,113.40967625775062,66.81935251550125,19.798724170142325,-138.56443110903228,84.61347114243982,37.250686,126.674964,37.254138,126.680626
54.39999999999905,3,DEGRADED,DEGRADED_CLOSED_LOOP,DEGRADED_CLOSED_LOOP,NONE,FRESH,FRESHED,FRESH,FRESH,1,46.58037438016431,113.4196256198357,66.83925123967138,19.798724170142325,-138.56443110903228,84.61347114243982,37.250686,126.674964,37.254138,126.680626
54.449999999999044,3,DEGRADED,DEGRADED_CLOSED_LOOP,DEGRADED_CLOSED_LOOP,NONE,FRESH,FRESHED,FRESH,FRESH,1,46.570425018079234,113.42957498192077,66.85914996384153,19.798724170142325,-138.56443110903228,84.61347114243982,37.250686,126.674964,37.254138,126.680626
54.49999999999904,3,DEGRADED,DEGRADED_FEEDFORWARD,DEGRADED_FEEDFORWARD,NONE,FRESH,FRESHED,STALE,FRESH,1,49.570425018079064,110.42957498192094,43.1646167927088,13.668750000000001,-138.56443110903228,84.61347114243982,37.250686,126.674964,37.254138,126.680626
54.54999999999904,3,DEGRADED,DEGRADED_FEEDFORWARD,DEGRADED_FEEDFORWARD,NONE,FRESH,FRESHED,STALE,FRESH,1,52.57042501807889,107.4295749819211,43.1646167927088,13.668750000000001,-138.56443110903228,84.61347114243982,37.250686,126.674964,37.254138,126.680626
54.599999999999035,3,DEGRADED,DEGRADED_FEEDFORWARD,DEGRADED_FEEDFORWARD,NONE,FRESH,FRESHED,STALE,FRESH,1,55.57042501807872,104.42957498192128,43.1646167927088,13.668750000000001,-138.56443110903228,84.61347114243982,37.250686,126.674964,37.254138,126.680626
54.64999999999903,3,DEGRADED,DEGRADED_FEEDFORWARD,DEGRADED_FEEDFORWARD,NONE,FRESH,FRESHED,STALE,FRESH,1,58.4176916036456,101.58230839635439,43.1646167927088,13.668750000000001,-138.56443110903228,84.61347114243982,37.250686,126.674964,37.254138,126.680626
54.69999999999903,3,DEGRADED,DEGRADED_FEEDFORWARD,DEGRADED_FEEDFORWARD,NONE,FRESH,FRESHED,STALE,FRESH,1,58.4176916036456,101.58230839635439,43.1646167927088,13.668750000000001,-138.56443110903228,84.61347114243982,37.250686,126.674964,37.254138,126.680626
54.74999999999903,3,DEGRADED,DEGRADED_FEEDFORWARD,DEGRADED_FEEDFORWARD,NONE,FRESH,FRESHED,STALE,FRESH,1,58.4176916036456,101.58230839635439,43.1646167927088,13.668750000000001,-138.56443110903228,84.61347114243982,37.250686,126.674964,37.254138,126.680626
54.799999999999024,3,DEGRADED,DEGRADED_FEEDFORWARD,DEGRADED_FEEDFORWARD,NONE,FRESH,FRESHED,STALE,FRESH,1,58.4176916036456,101.58230839635439,43.1646167927088,13.668750000000001,-138.56443110903228,84.61347114243982,37.250686,126.674964,37.254138,126.680626
54.84999999999902,3,DEGRADED,DEGRADED_FEEDFORWARD,DEGRADED_FEEDFORWARD,NONE,FRESH,FRESHED,STALE,FRESH,1,58.4176916036456,101.58230839635439,43.1646167927088,13.668750000000001,-138.56443110903228,84.61347114243982,37.250686,126.674964,37.254138,126.680626
54.89999999999902,3,DEGRADED,DEGRADED_FEEDFORWARD,DEGRADED_FEEDFORWARD,NONE,FRESH,FRESHED,STALE,FRESH,1,58.4176916036456,101.58230839635439,43.1646167927088,13.668750000000001,-138.56443110903228,84.61347114243982,37.250686,126.674964,37.254138,126.680626
54.949999999999015,3,DEGRADED,DEGRADED_FEEDFORWARD,DEGRADED_FEEDFORWARD,NONE,FRESH,FRESHED,STALE,STALE,1,58.4176916036456,101.58230839635439,43.1646167927088,13.668750000000001,-138.56443110903228,84.61347114243982,37.250686,126.674964,37.254138,126.680626
54.99999999999901,3,DEGRADED,DEGRADED_FEEDFORWARD,DEGRADED_FEEDFORWARD,NONE,FRESH,FRESHED,STALE,STALE,1,58.4176916036456,101.58230839635439,43.1646167927088,13.668750000000001,-138.56443110903228,84.61347114243982,37.250686,126.674964,37.254138,126.680626
55.04999999999901,3,DEGRADED,DEGRADED_FEEDFORWARD,DEGRADED_FEEDFORWARD,NONE,FRESH,FRESHED,STALE,STALE,1,58.4176916036456,101.58230839635439,43.1646167927088,13.668750000000001,-138.56443110903228,84.61347114243982,37.250686,126.674964,37.254138,126.680626
55.09999999999901,3,DEGRADED,DEGRADED_FEEDFORWARD,DEGRADED_FEEDFORWARD,NONE,FRESH,FRESHED,STALE,STALE,1,58.4176916036456,101.58230839635439,43.1646167927088,13.668750000000001,-138.56443110903228,84.61347114243982,37.250686,126.674964,37.254138,126.680626
55.149999999999004,3,DEGRADED,DEGRADED_CLOSED_LOOP,DEGRADED_CLOSED_LOOP,NONE,FRESHED,FRESHED,FRESH,FRESH,1,54.9176916036458,105.0823083963542,66.67906622207346,19.798724170142325,-145.76331770374122,85.33326216759252,37.250686,126.674964,37.254138,126.680626
55.199999999999,3,DEGRADED,DEGRADED_CLOSED_LOOP,DEGRADED_CLOSED_LOOP,NONE,FRESHED,FRESHED,FRESH,FRESH,1,51.417691603646,108.582308396354,66.6987549462436,19.798724170142325,-146.1232620330131,85.36925171841591,37.250686,126.674964,37.254138,126.680626
55.249999999999,3,DEGRADED,DEGRADED_CLOSED_LOOP,DEGRADED_CLOSED_LOOP,NONE,FRESHED,FRESHED,FRESH,FRESH,1,47.9176916036462,112.0823083963538,66.71844367041373,19.798724170142325,-146.48320636291226,85.4052412697197,37.250686,126.674964,37.254138,126.680626
55.299999999998995,3,DEGRADED,DEGRADED_CLOSED_LOOP,DEGRADED_CLOSED_LOOP,NONE,FRESHED,FRESHED,FRESH,FRESH,1,46.630933802708064,113.36906619729194,66.73813239458387,19.798724170142325,-146.8431506928114,85.44123082102348,37.250686,126.674964,37.254138,126.680626
55.34999999999899,3,DEGRADED,DEGRADED_CLOSED_LOOP,DEGRADED_CLOSED_LOOP,NONE,FRESHED,FRESHED,FRESH,FRESH,1,46.62108944062299,113.378910559377,66.75782111875402,19.798724170142325,-147.20309502271056,85.4772203723273,37.250686,126.674964,37.254138,126.680626
55.39999999999899,3,DEGRADED,DEGRADED_CLOSED_LOOP,DEGRADED_CLOSED_LOOP,NONE,FRESHED,FRESHED,FRESH,FRESH,1,46.61124507853792,113.38875492146208,66.77750984292416,19.798724170142325,-147.56303935260968,85.51320992363107,37.250686,126.674964,37.254138,126.680626
55.44999999999899,3,DEGRADED,DEGRADED_CLOSED_LOOP,DEGRADED_CLOSED_LOOP,NONE,FRESHED,FRESHED,FRESH,FRESH,1,46.60140071645285,113.39859928354716,66.7971985670943,19.798724170142325,-147.92298368188156,85.54919947445444,37.250686,126.674964,37.254138,126.680626
55.499999999998984,3,DEGRADED,DEGRADED_FEEDFORWARD,DEGRADED_FEEDFORWARD,NONE,FRESHED,FRESHED,STALE,FRESH,1,49.60140071645268,110.39859928354733,43.1646167927088,13.668750000000001,-148.28292801178068,85.58518902575823,37.250686,126.674964,37.254138,126.680626
55.54999999999898,3,DEGRADED,DEGRADED_FEEDFORWARD,DEGRADED_FEEDFORWARD,NONE,FRESHED,FRESHED,STALE,FRESH,1,52.60140071645251,107.3985992835475,43.1646167927088,13.668750000000001,-148.64287234167983,85.62117857706201,37.250686,126.674964,37.254138,126.680626
55.59999999999898,3,DEGRADED,DEGRADED_FEEDFORWARD,DEGRADED_FEEDFORWARD,NONE,FRESHED,FRESHED,STALE,FRESH,1,55.60140071645234,104.39859928354767,43.1646167927088,13.668750000000001,-149.00281667157898,85.65716812836581,37.250686,126.674964,37.254138,126.680626
55.649999999998975,3,DEGRADED,DEGRADED_FEEDFORWARD,DEGRADED_FEEDFORWARD,NONE,FRESHED,FRESHED,STALE,FRESH,1,58.4176916036456,101.58230839635439,43.1646167927088,13.668750000000001,-149.3627610014781,85.69315767966961,37.250686,126.674964,37.254138,126.680626
55.69999999999897,3,DEGRADED,DEGRADED_FEEDFORWARD,DEGRADED_FEEDFORWARD,NONE,FRESHED,FRESHED,STALE,FRESH,1,58.4176916036456,101.58230839635439,43.1646167927088,13.668750000000001,-149.72270533075002,85.72914723049298,37.250686,126.674964,37.254138,126.680626
55.74999999999897,3,DEGRADED,DEGRADED_FEEDFORWARD,DEGRADED_FEEDFORWARD,NONE,FRESHED,FRESHED,STALE,FRESH,1,58.4176916036456,101.58230839635439,43.1646167927088,13.668750000000001,-150.08264966064914,85.76513678179677,37.250686,126.674964,37.254138,126.680626
55.79999999999897,3,DEGRADED,DEGRADED_FEEDFORWARD,DEGRADED_FEEDFORWARD,NONE,FRESHED,FRESHED,STALE,FRESH,1,58.4176916036456,101.58230839635439,43.1646167927088,13.668750000000001,-150.4425939905483,85.80112633310058,37.250686,126.674964,37.254138,126.680626
55.849999999998964,3,DEGRADED,DEGRADED_FEEDFORWARD,DEGRADED_FEEDFORWARD,NONE,FRESHED,FRESHED,STALE,FRESH,1,58.4176916036456,101.58230839635439,43.1646167927088,13.668750000000001,-150.8025383204474,85.83711588440437,37.250686,126.674964,37.254138,126.680626
55.89999999999896,3,DEGRADED,DEGRADED_FEEDFORWARD,DEGRADED_FEEDFORWARD,NONE,FRESHED,FRESHED,STALE,FRESH,1,58.4176916036456,101.58230839635439,43.1646167927088,13.668750000000001,-151.16248264971932,85.87310543522771,37.250686,126.674964,37.254138,126.680626
55.94999999999896,3,DEGRADED,DEGRADED_FEEDFORWARD,DEGRADED_FEEDFORWARD,NONE,FRESHED,FRESHED,STALE,STALE,1,58.4176916036456,101.58230839635439,43.1646167927088,13.668750000000001,-151.52242697961844,85.90909498653151,37.250686,126.674964,37.254138,126.680626
55.999999999998956,3,DEGRADED,DEGRADED_FEEDFORWARD,DEGRADED_FEEDFORWARD,NONE,FRESHED,FRESHED,STALE,STALE,1,58.4176916036456,101.58230839635439,43.1646167927088,13.668750000000001,-151.88237130951762,85.94508453783531,37.250686,126.674964,37.254138,126.680626
56.04999999999895,3,DEGRADED,DEGRADED_FEEDFORWARD,DEGRADED_FEEDFORWARD,NONE,FRESHED,FRESHED,STALE,STALE,1,58.4176916036456,101.58230839635439,43.1646167927088,13.668750000000001,-152.24231563941674,85.9810740891391,37.250686,126.674964,37.254138,126.680626
56.09999999999895,3,DEGRADED,DEGRADED_FEEDFORWARD,DEGRADED_FEEDFORWARD,NONE,FRESHED,FRESHED,STALE,STALE,1,58.4176916036456,101.58230839635439,43.1646167927088,13.668750000000001,-152.60225996931587,86.0170636404429,37.250686,126.674964,37.254138,126.680626
56.14999999999895,3,DEGRADED,DEGRADED_CLOSED_LOOP,DEGRADED_CLOSED_LOOP,NONE,FRESHED,FRESHED,FRESH,FRESH,1,54.9176916036458,105.0823083963542,66.7060546061262,19.798724170142325,-152.96220429858778,86.05305319126627,37.250686,126.674964,37.254138,126.680626
56.199999999998944,3,DEGRADED,DEGRADED_CLOSED_LOOP,DEGRADED_CLOSED_LOOP,NONE,FRESHED,FRESHED,FRESH,FRESH,1,58.4176916036456,101.58230839635439,31.93795680660654,6.612805108235477,-182.7489716581423,89.03166671816238,37.250686,126.674964,37.254138,126.680626
56.24999999999894,3,DEGRADED,DEGRADED_CLOSED_LOOP,DEGRADED_CLOSED_LOOP,NONE,FRESHED,FRESHED,FRESH,FRESH,1,61.9176916036454,98.08230839635459,31.944519611714774,6.612805108235477,-183.82664337906567,89.1394275853308,37.250686,126.674964,37.254138,126.680626
56.29999999999894,3,DEGRADED,DEGRADED_CLOSED_LOOP,DEGRADED_CLOSED_LOOP,NONE,FRESHED,FRESHED,FRESH,FRESH,1,64.0244587915885,95.9755412084115,31.95108241682301,6.612805108235477,-184.9043150998515,89.2471884539782,37.250686,126.674964,37.254138,126.680626
56.349999999998936,3,DEGRADED,DEGRADED_CLOSED_LOOP,DEGRADED_CLOSED_LOOP,NONE,FRESHED,FRESHED,FRESH,FRESH,1,64.02117738903438,95.97882261096562,31.957645221931244,6.612805108235477,-185.98198682077486,89.35494932114662,37.250686,126.674964,37.254138,126.680626
56.39999999999893,3,DEGRADED,DEGRADED_CLOSED_LOOP,DEGRADED_CLOSED_LOOP,NONE,FRESHED,FRESHED,FRESH,FRESH,1,64.01789598648026,95.98210401351974,31.96420802703948,6.612805108235477,-187.0596585409334,89.46271018931358,37.250686,126.674964,37.254138,126.680626
56.44999999999893,3,DEGRADED,DEGRADED_CLOSED_LOOP,DEGRADED_CLOSED_LOOP,NONE,FRESHED,FRESHED,FRESH,FRESH,1,64.01461458392615,95.98538541607385,31.970770832147714,6.612805108235477,-188.1373302618568,89.57047105648199,37.250686,126.674964,37.254138,126.680626
56.49999999999893,3,DEGRADED,DEGRADED_FEEDFORWARD,DEGRADED_FEEDFORWARD,NONE,FRESHED,FRESHED,STALE,FRESH,1,67.01461458392598,92.98538541607402,24.455209544156652,5.290244086588381,-189.21500198278022,89.67823192365043,37.250686,126.674964,37.254138,126.680626
56.549999999998924,3,DEGRADED,DEGRADED_FEEDFORWARD,DEGRADED_FEEDFORWARD,NONE,FRESHED,FRESHED,STALE,FRESH,1,67.77239522792168,92.22760477207832,24.455209544156652,5.290244086588381,-190.292673703566,89.78599279229783,37.250686,126.674964,37.254138,126.680626
56.59999999999892,3,DEGRADED,DEGRADED_FEEDFORWARD,DEGRADED_FEEDFORWARD,NONE,FRESHED,FRESHED,STALE,FRESH,1,67.77239522792168,92.22760477207832,24.455209544156652,5.290244086588381,-191.37034542448941,89.89375365946623,37.250686,126.674964,37.254138,126.680626
56.64999999999892,3,DEGRADED,DEGRADED_FEEDFORWARD,DEGRADED_FEEDFORWARD,NONE,FRESHED,FRESHED,STALE,FRESH,1,67.77239522792168,92.22760477207832,24.455209544156652,5.290244086588381,-192.44801714464793,90.00151452763319,37.250686,126.674964,37.254138,126.680626
56.699999999998916,3,DEGRADED,DEGRADED_FEEDFORWARD,DEGRADED_FEEDFORWARD,NONE,FRESHED,FRESHED,STALE,FRESH,1,67.77239522792168,92.22760477207832,24.455209544156652,5.290244086588381,-193.52568886557134,90.10927539480161,37.250686,126.674964,37.254138,126.680626
56.74999999999891,3,DEGRADED,DEGRADED_FEEDFORWARD,DEGRADED_FEEDFORWARD,NONE,FRESHED,FRESHED,STALE,FRESH,1,67.77239522792168,92.22760477207832,24.455209544156652,5.290244086588381,-194.6033605857299,90.21703626296858,37.250686,126.674964,37.254138,126.680626
56.79999999999891,3,DEGRADED,DEGRADED_FEEDFORWARD,DEGRADED_FEEDFORWARD,NONE,FRESHED,FRESHED,STALE,FRESH,1,67.77239522792168,92.22760477207832,24.455209544156652,5.290244086588381,-195.6810323072805,90.32479713061743,37.250686,126.674964,37.254138,126.680626
56.84999999999891,3,DEGRADED,DEGRADED_FEEDFORWARD,DEGRADED_FEEDFORWARD,NONE,FRESHED,FRESHED,STALE,FRESH,1,67.77239522792168,92.22760477207832,24.455209544156652,5.290244086588381,-196.7587040282039,90.43255799778586,37.250686,126.674964,37.254138,126.680626
56.899999999998904,3,DEGRADED,DEGRADED_FEEDFORWARD,DEGRADED_FEEDFORWARD,NONE,FRESHED,FRESHED,STALE,FRESH,1,67.77239522792168,92.22760477207832,24.455209544156652,5.290244086588381,-197.83637574836249,90.54031886595281,37.250686,126.674964,37.254138,126.680626
56.9499999999989,3,DEGRADED,DEGRADED_FEEDFORWARD,DEGRADED_FEEDFORWARD,NONE,FRESHED,FRESHED,STALE,STALE,1,67.77239522792168,92.22760477207832,24.455209544156652,5.290244086588381,-198.91404746928586,90.64807973312122,37.250686,126.674964,37.254138,126.680626
56.9999999999989,3,DEGRADED,DEGRADED_FEEDFORWARD,DEGRADED_FEEDFORWARD,NONE,FRESHED,FRESHED,STALE,STALE,1,67.77239522792168,92.22760477207832,24.455209544156652,5.290244086588381,-199.99171918944444,90.75584060128821,37.250686,126.674964,37.254138,126.680626
57.049999999998896,3,DEGRADED,DEGRADED_FEEDFORWARD,DEGRADED_FEEDFORWARD,NONE,FRESHED,FRESHED,STALE,STALE,1,67.77239522792168,92.22760477207832,24.455209544156652,5.290244086588381,-201.06939091099508,90.86360146893708,37.250686,126.674964,37.254138,126.680626
57.09999999999889,3,DEGRADED,DEGRADED_FEEDFORWARD,DEGRADED_FEEDFORWARD,NONE,FRESHED,FRESHED,STALE,STALE,1,67.77239522792168,92.22760477207832,24.455209544156652,5.290244086588381,-202.1470626311536,90.97136233710401,37.250686,126.674964,37.254138,126.680626
57.14999999999889,3,DEGRADED,DEGRADED_CLOSED_LOOP,DEGRADED_CLOSED_LOOP,NONE,FRESHED,FRESHED,FRESH,FRESH,1,64.27239522792188,95.72760477207812,31.94754365216433,6.612805108235477,-203.224734352077,91.07912320427246,37.250686,126.674964,37.254138,126.680626
57.19999999999889,3,ACTIVE,FAIL,NO_MOTION,NO_MOTION,FRESHED,STALE,FRESH,FRESH,1,61.27239522792205,98.72760477207795,45.83341997085203,14.97755560984674,0.0,0.0,37.250686,126.674964,37.254138,126.680626
57.249999999998884,3,ACTIVE,FAIL,NO_MOTION,NO_MOTION,FRESHED,STALE,FRESH,FRESH,1,58.27239522792222,101.72760477207778,45.905895225118485,15.013428720070404,0.0,0.0,37.250686,126.674964,37.254138,126.680626
57.29999999999888,3,ACTIVE,FAIL,NO_MOTION,NO_MOTION,FRESHED,STALE,FRESH,FRESH,1,57.010840683547535,102.98915931645246,45.97831863290493,15.049293300685068,0.0,0.0,37.250686,126.674964,37.254138,126.680626
57.34999999999888,3,ACTIVE,FAIL,NO_MOTION,NO_MOTION,FRESHED,STALE,FRESH,FRESH,1,56.97465486612449,103.0253451338755,46.05069026775102,15.085149326877367,0.0,0.0,37.250686,126.674964,37.254138,126.680626
57.399999999998876,3,ACTIVE,FAIL,NO_MOTION,NO_MOTION,FRESHED,STALE,FRESH,FRESH,1,56.938494899055435,103.06150510094457,46.12301020188913,15.120996773467791,0.0,0.0,37.250686,126.674964,37.254138,126.680626
57.44999999999887,3,ACTIVE,FAIL,NO_MOTION,NO_MOTION,FRESHED,STALE,FRESH,FRESH,1,56.902360746208885,103.09763925379112,46.19527850758223,15.156835615571222,0.0,0.0,37.250686,126.674964,37.254138,126.680626
57.49999999999887,3,NO_MOTION,FAIL,NO_MOTION,NO_MOTION,FRESHED,STALE,STALE,FRESH,0,80.0,80.0,0.0,0.0,0.0,0.0,37.250686,126.674964,37.254138,126.680626
57.54999999999887,3,NO_MOTION,FAIL,NO_MOTION,NO_MOTION,FRESHED,STALE,STALE,FRESH,0,80.0,80.0,0.0,0.0,0.0,0.0,37.250686,126.674964,37.254138,126.680626
57.599999999998865,3,NO_MOTION,FAIL,NO_MOTION,NO_MOTION,FRESHED,STALE,STALE,FRESH,0,80.0,80.0,0.0,0.0,0.0,0.0,37.250686,126.674964,37.254138,126.680626
57.64999999999886,3,NO_MOTION,FAIL,NO_MOTION,NO_MOTION,FRESHED,STALE,STALE,FRESH,0,80.0,80.0,0.0,0.0,0.0,0.0,37.250686,126.674964,37.254138,126.680626
57.69999999999886,3,NO_MOTION,FAIL,NO_MOTION,NO_MOTION,FRESHED,STALE,STALE,FRESH,0,80.0,80.0,0.0,0.0,0.0,0.0,37.250686,126.674964,37.254138,126.680626
57.749999999998856,3,NO_MOTION,FAIL,NO_MOTION,NO_MOTION,FRESHED,STALE,STALE,FRESH,0,80.0,80.0,0.0,0.0,0.0,0.0,37.250686,126.674964,37.254138,126.680626
57.79999999999885,3,NO_MOTION,FAIL,NO_MOTION,NO_MOTION,FRESHED,STALE,STALE,FRESH,0,80.0,80.0,0.0,0.0,0.0,0.0,37.250686,126.674964,37.254138,126.680626
57.84999999999885,3,NO_MOTION,FAIL,NO_MOTION,NO_MOTION,FRESHED,STALE,STALE,FRESH,0,80.0,80.0,0.0,0.0,0.0,0.0,37.250686,126.674964,37.254138,126.680626
57.89999999999885,3,NO_MOTION,FAIL,NO_MOTION,NO_MOTION,FRESHED,STALE,STALE,FRESH,0,80.0,80.0,0.0,0.0,0.0,0.0,37.250686,126.674964,37.254138,126.680626
57.949999999998845,3,NO_MOTION,FAIL,NO_MOTION,NO_MOTION,FRESHED,STALE,STALE,STALE,0,80.0,80.0,0.0,0.0,0.0,0.0,37.250686,126.674964,37.254138,126.680626
57.99999999999884,3,NO_MOTION,FAIL,NO_MOTION,NO_MOTION,FRESHED,STALE,STALE,STALE,0,80.0,80.0,0.0,0.0,0.0,0.0,37.250686,126.674964,37.254138,126.680626
58.04999999999884,3,NO_MOTION,FAIL,NO_MOTION,NO_MOTION,FRESHED,STALE,STALE,STALE,0,80.0,80.0,0.0,0.0,0.0,0.0,37.250686,126.674964,37.254138,126.680626
58.099999999998836,3,NO_MOTION,FAIL,NO_MOTION,NO_MOTION,FRESHED,STALE,STALE,STALE,0,80.0,80.0,0.0,0.0,0.0,0.0,37.250686,126.674964,37.254138,126.680626
58.14999999999883,3,ACTIVE,FAIL,NO_MOTION,NO_MOTION,FRESHED,STALE,FRESH,FRESH,1,54.22528233081087,105.77471766918913,51.54943533837826,17.857662035520004,0.0,0.0,37.250686,126.674964,37.254138,126.680626
58.19999999999883,3,ACTIVE,FAIL,NO_MOTION,NO_MOTION,FRESHED,STALE,FRESH,FRESH,1,54.1904580530616,105.8095419469384,51.619083893876805,17.893368839161305,0.0,0.0,37.250686,126.674964,37.254138,126.680626
58.24999999999883,3,ACTIVE,FAIL,NO_MOTION,NO_MOTION,FRESHED,STALE,FRESH,FRESH,1,54.155656442202854,105.84434355779715,51.688687115594284,17.9290666440853,0.0,0.0,37.250686,126.674964,37.254138,126.680626
58.299999999998825,3,ACTIVE,FAIL,NO_MOTION,NO_MOTION,FRESHED,STALE,FRESH,FRESH,1,54.120877478360185,105.87912252163981,51.75824504327963,17.964755425870777,0.0,0.0,37.250686,126.674964,37.254138,126.680626
58.34999999999882,3,ACTIVE,FAIL,NO_MOTION,NO_MOTION,FRESHED,STALE,FRESH,FRESH,1,54.086121141579014,105.91387885842099,51.82775771684198,18.00043516034292,0.0,0.0,37.250686,126.674964,37.254138,126.680626
58.39999999999882,3,ACTIVE,FAIL,NO_MOTION,NO_MOTION,FRESHED,STALE,FRESH,FRESH,1,54.051387412152664,105.94861258784734,51.89722517569468,18.036105823235808,0.0,0.0,37.250686,126.674964,37.254138,126.680626
58.449999999998816,3,ACTIVE,FAIL,NO_MOTION,NO_MOTION,FRESHED,STALE,FRESH,FRESH,1,54.01667627056557,105.98332372943443,51.96664745886887,18.07176739024949,0.0,0.0,37.250686,126.674964,37.254138,126.680626
58.49999999999881,3,NO_MOTION,FAIL,NO_MOTION,NO_MOTION,FRESHED,STALE,STALE,FRESH,0,80.0,80.0,0.0,0.0,0.0,0.0,37.250686,126.674964,37.254138,126.680626
58.54999999999881,3,NO_MOTION,FAIL,NO_MOTION,NO_MOTION,FRESHED,STALE,STALE,FRESH,0,80.0,80.0,0.0,0.0,0.0,0.0,37.250686,126.674964,37.254138,126.680626
58.59999999999881,3,NO_MOTION,FAIL,NO_MOTION,NO_MOTION,FRESHED,STALE,STALE,FRESH,0,80.0,80.0,0.0,0.0,0.0,0.0,37.250686,126.674964,37.254138,126.680626
58.649999999998805,3,NO_MOTION,FAIL,NO_MOTION,NO_MOTION,FRESHED,STALE,STALE,FRESH,0,80.0,80.0,0.0,0.0,0.0,0.0,37.250686,126.674964,37.254138,126.680626
58.6999999999988,3,NO_MOTION,FAIL,NO_MOTION,NO_MOTION,FRESHED,STALE,STALE,FRESH,0,80.0,80.0,0.0,0.0,0.0,0.0,37.250686,126.674964,37.254138,126.680626
58.7499999999988,3,NO_MOTION,FAIL,NO_MOTION,NO_MOTION,FRESHED,STALE,STALE,FRESH,0,80.0,80.0,0.0,0.0,0.0,0.0,37.250686,126.674964,37.254138,126.680626
58.799999999998796,3,NO_MOTION,FAIL,NO_MOTION,NO_MOTION,FRESHED,STALE,STALE,FRESH,0,80.0,80.0,0.0,0.0,0.0,0.0,37.250686,126.674964,37.254138,126.680626
58.84999999999879,3,NO_MOTION,FAIL,NO_MOTION,NO_MOTION,FRESHED,STALE,STALE,FRESH,0,80.0,80.0,0.0,0.0,0.0,0.0,37.250686,126.674964,37.254138,126.680626
58.89999999999879,3,NO_MOTION,FAIL,NO_MOTION,NO_MOTION,FRESHED,STALE,STALE,FRESH,0,80.0,80.0,0.0,0.0,0.0,0.0,37.250686,126.674964,37.254138,126.680626
58.94999999999879,3,NO_MOTION,FAIL,NO_MOTION,NO_MOTION,FRESHED,STALE,STALE,STALE,0,80.0,80.0,0.0,0.0,0.0,0.0,37.250686,126.674964,37.254138,126.680626
58.999999999998785,3,NO_MOTION,FAIL,NO_MOTION,NO_MOTION,FRESHED,STALE,STALE,STALE,0,80.0,80.0,0.0,0.0,0.0,0.0,37.250686,126.674964,37.254138,126.680626
59.04999999999878,3,NO_MOTION,FAIL,NO_MOTION,NO_MOTION,FRESHED,STALE,STALE,STALE,0,80.0,80.0,0.0,0.0,0.0,0.0,37.250686,126.674964,37.254138,126.680626
59.09999999999878,3,NO_MOTION,FAIL,NO_MOTION,NO_MOTION,FRESHED,STALE,STALE,STALE,0,80.0,80.0,0.0,0.0,0.0,0.0,37.250686,126.674964,37.254138,126.680626
59.149999999998776,3,ACTIVE,NOMINAL_CLOSED_LOOP,NOMINAL_CLOSED_LOOP,NONE,FRESH,FRESH,FRESH,FRESH,1,34.01667627056557,125.98332372943443,127.74079895633459,43.359802910021536,-164.41344389455975,90.3643314189655,37.250686,126.674964,37.254138,126.680626
59.199999999998774,3,ACTIVE,NOMINAL_CLOSED_LOOP,NOMINAL_CLOSED_LOOP,NONE,FRESH,FRESH,FRESH,FRESH,1,29.016676270565853,130.98332372943415,127.78547875924461,43.359802910021536,-164.41344389455975,90.3643314189655,37.250686,126.674964,37.254138,126.680626
59.24999999999877,3,ACTIVE,NOMINAL_CLOSED_LOOP,NOMINAL_CLOSED_LOOP,NONE,FRESH,FRESH,FRESH,FRESH,1,24.016676270566137,135.98332372943386,127.83015856215462,43.359802910021536,-164.41344389455975,90.3643314189655,37.250686,126.674964,37.254138,126.680626
59.29999999999877,3,ACTIVE,NOMINAL_CLOSED_LOOP,NOMINAL_CLOSED_LOOP,NONE,FRESH,FRESH,FRESH,FRESH,1,19.01667627056642,140.98332372943358,127.87483836506465,43.359802910021536,-164.41344389455975,90.3643314189655,37.250686,126.674964,37.254138,126.680626
59.349999999998765,3,ACTIVE,NOMINAL_CLOSED_LOOP,NOMINAL_CLOSED_LOOP,NONE,FRESH,FRESH,FRESH,FRESH,1,16.040240916012664,143.95975908398734,127.91951816797467,43.359802910021536,-164.41344389455975,90.3643314189655,37.250686,126.674964,37.254138,126.680626
59.39999999999876,3,ACTIVE,NOMINAL_CLOSED_LOOP,NOMINAL_CLOSED_LOOP,NONE,FRESH,FRESH,FRESH,FRESH,1,16.01790101455766,143.98209898544235,127.96419797088468,43.359802910021536,-164.41344389455975,90.3643314189655,37.250686,126.674964,37.254138,126.680626
59.44999999999876,3,ACTIVE,NOMINAL_CLOSED_LOOP,NOMINAL_CLOSED_LOOP,NONE,FRESH,FRESH,FRESH,FRESH,1,15.996814820914807,144.0031851790852,128.0063703581704,43.359802910021536,-164.41344389455975,90.3643314189655,37.250686,126.674964,37.254138,126.680626
59.49999999999876,3,ACTIVE,NOMINAL_FEEDFORWARD,NOMINAL_FEEDFORWARD,NONE,FRESH,FRESH,STALE,FRESH,1,20.49681482091455,139.50318517908545,100.98224402504675,37.939827546268845,-164.41344389455975,90.3643314189655,37.250686,126.674964,37.254138,126.680626
59.549999999998754,3,ACTIVE,NOMINAL_FEEDFORWARD,NOMINAL_FEEDFORWARD,NONE,FRESH,FRESH,STALE,FRESH,1,24.996814820914295,135.0031851790857,100.98224402504675,37.939827546268845,-164.41344389455975,90.3643314189655,37.250686,126.674964,37.254138,126.680626
59.59999999999875,3,ACTIVE,NOMINAL_FEEDFORWARD,NOMINAL_FEEDFORWARD,NONE,FRESH,FRESH,STALE,FRESH,1,29.49681482091404,130.50318517908596,100.98224402504675,37.939827546268845,-164.41344389455975,90.3643314189655,37.250686,126.674964,37.254138,126.680626
59.64999999999875,3,ACTIVE,NOMINAL_FEEDFORWARD,NOMINAL_FEEDFORWARD,NONE,FRESH,FRESH,STALE,FRESH,1,29.508877987476623,130.49112201252336,100.98224402504675,37.939827546268845,-164.41344389455975,90.3643314189655,37.250686,126.674964,37.254138,126.680626
59.699999999998745,3,ACTIVE,NOMINAL_FEEDFORWARD,NOMINAL_FEEDFORWARD,NONE,FRESH,FRESH,STALE,FRESH,1,29.508877987476623,130.49112201252336,100.98224402504675,37.939827546268845,-164.41344389455975,90.3643314189655,37.250686,126.674964,37.254138,126.680626
59.74999999999874,3,ACTIVE,NOMINAL_FEEDFORWARD,NOMINAL_FEEDFORWARD,NONE,FRESH,FRESH,STALE,FRESH,1,29.508877987476623,130.49112201252336,100.98224402504675,37.939827546268845,-164.41344389455975,90.3643314189655,37.250686,126.674964,37.254138,126.680626
59.79999999999874,3,ACTIVE,NOMINAL_FEEDFORWARD,NOMINAL_FEEDFORWARD,NONE,FRESH,FRESH,STALE,FRESH,1,29.508877987476623,130.49112201252336,100.98224402504675,37.939827546268845,-164.41344389455975,90.3643314189655,37.250686,126.674964,37.254138,126.680626
59.84999999999874,3,ACTIVE,NOMINAL_FEEDFORWARD,NOMINAL_FEEDFORWARD,NONE,FRESH,FRESH,STALE,FRESH,1,29.508877987476623,130.49112201252336,100.98224402504675,37.939827546268845,-164.41344389455975,90.3643314189655,37.250686,126.674964,37.254138,126.680626
59.899999999998734,3,ACTIVE,NOMINAL_FEEDFORWARD,NOMINAL_FEEDFORWARD,NONE,FRESH,FRESH,STALE,FRESH,1,29.508877987476623,130.49112201252336,100.98224402504675,37.939827546268845,-164.41344389455975,90.3643314189655,37.250686,126.674964,37.254138,126.680626
59.94999999999873,3,ACTIVE,NOMINAL_FEEDFORWARD,NOMINAL_FEEDFORWARD,NONE,FRESH,FRESH,STALE,STALE,1,29.508877987476623,130.49112201252336,100.98224402504675,37.939827546268845,-164.41344389455975,90.3643314189655,37.250686,126.674964,37.254138,126.680626
59.99999999999873,3,ACTIVE,NOMINAL_FEEDFORWARD,NOMINAL_FEEDFORWARD,NONE,FRESH,FRESH,STALE,STALE,1,29.508877987476623,130.49112201252336,100.98224402504675,37.939827546268845,-164.41344389455975,90.3643314189655,37.250686,126.674964,37.254138,126.680626
60.049999999998725,3,ACTIVE,NOMINAL_FEEDFORWARD,NOMINAL_FEEDFORWARD,NONE,FRESH,FRESH,STALE,STALE,1,29.508877987476623,130.49112201252336,100.98224402504675,37.939827546268845,-164.41344389455975,90.3643314189655,37.250686,126.674964,37.254138,126.680626
60.09999999999872,3,ACTIVE,NOMINAL_FEEDFORWARD,NOMINAL_FEEDFORWARD,NONE,FRESH,FRESH,STALE,STALE,1,29.508877987476623,130.49112201252336,100.98224402504675,37.939827546268845,-164.41344389455975,90.3643314189655,37.250686,126.674964,37.254138,126.680626
60.14999999999872,3,DEGRADED,DEGRADED_CLOSED_LOOP,DEGRADED_CLOSED_LOOP,NONE,FRESH,FRESHED,FRESH,FRESH,1,33.008877987476424,126.99112201252356,77.71111853133984,24.299999999999994,-164.41344389455975,90.3643314189655,37.250686,126.674964,37.254138,126.680626
60.19999999999872,3,DEGRADED,DEGRADED_CLOSED_LOOP,DEGRADED_CLOSED_LOOP,NONE,FRESH,FRESHED,FRESH,FRESH,1,36.508877987476225,123.49112201252376,77.73568853133983,24.299999999999994,-164.41344389455975,90.3643314189655,37.250686,126.674964,37.254138,126.680626
60.249999999998714,3,DEGRADED,DEGRADED_CLOSED_LOOP,DEGRADED_CLOSED_LOOP,NONE,FRESH,FRESHED,FRESH,FRESH,1,40.008877987476026,119.99112201252396,77.76025853133983,24.299999999999994,-164.41344389455975,90.3643314189655,37.250686,126.674964,37.254138,126.680626
60.29999999999871,3,DEGRADED,DEGRADED_CLOSED_LOOP,DEGRADED_CLOSED_LOOP,NONE,FRESH,FRESHED,FRESH,FRESH,1,41.10758573433009,118.89241426566991,77.78482853133983,24.299999999999994,-164.41344389455975,90.3643314189655,37.250686,126.674964,37.254138,126.680626
60.34999999999871,3,DEGRADED,DEGRADED_CLOSED_LOOP,DEGRADED_CLOSED_LOOP,NONE,FRESH,FRESHED,FRESH,FRESH,1,41.09530073433009,118.9046992656699,77.80939853133982,24.299999999999994,-164.41344389455975,90.3643314189655,37.250686,126.674964,37.254138,126.680626
60.399999999998705,3,DEGRADED,DEGRADED_CLOSED_LOOP,DEGRADED_CLOSED_LOOP,NONE,FRESH,FRESHED,FRESH,FRESH,1,41.08301573433009,118.91698426566991,77.83396853133982,24.299999999999994,-164.41344389455975,90.3643314189655,37.250686,126.674964,37.254138,126.680626
60.4499999999987,3,DEGRADED,DEGRADED_CLOSED_LOOP,DEGRADED_CLOSED_LOOP,NONE,FRESH,FRESHED,FRESH,FRESH,1,41.07073073433009,118.92926926566992,77.85853853133982,24.299999999999994,-164.41344389455975,90.3643314189655,37.250686,126.674964,37.254138,126.680626
60.4999999999987,3,DEGRADED,DEGRADED_FEEDFORWARD,DEGRADED_FEEDFORWARD,NONE,FRESH,FRESHED,STALE,FRESH,1,44.07073073432992,115.92926926567009,43.16461679270879,13.66875,-164.41344389455975,90.3643314189655,37.250686,126.674964,37.254138,126.680626
60.5499999999987,3,DEGRADED,DEGRADED_FEEDFORWARD,DEGRADED_FEEDFORWARD,NONE,FRESH,FRESHED,STALE,FRESH,1,47.07073073432975,112.92926926567026,43.16461679270879,13.66875,-164.41344389455975,90.3643314189655,37.250686,126.674964,37.254138,126.680626
60.599999999998694,3,DEGRADED,DEGRADED_FEEDFORWARD,DEGRADED_FEEDFORWARD,NONE,FRESH,FRESHED,STALE,FRESH,1,50.07073073432958,109.92926926567043,43.16461679270879,13.66875,-164.41344389455975,90.3643314189655,37.250686,126.674964,37.254138,126.680626
60.64999999999869,3,DEGRADED,DEGRADED_FEEDFORWARD,DEGRADED_FEEDFORWARD,NONE,FRESH,FRESHED,STALE,FRESH,1,53.07073073432941,106.9292692656706,43.16461679270879,13.66875,-164.41344389455975,90.3643314189655,37.250686,126.674964,37.254138,126.680626
60.69999999999869,3,DEGRADED,DEGRADED_FEEDFORWARD,DEGRADED_FEEDFORWARD,NONE,FRESH,FRESHED,STALE,FRESH,1,56.07073073432924,103.92926926567077,43.16461679270879,13.66875,-164.41344389455975,90.3643314189655,37.250686,126.674964,37.254138,126.680626
60.749999999998685,3,DEGRADED,DEGRADED_FEEDFORWARD,DEGRADED_FEEDFORWARD,NONE,FRESH,FRESHED,STALE,FRESH,1,58.41769160364561,101.58230839635439,43.16461679270879,13.66875,-164.41344389455975,90.3643314189655,37.250686,126.674964,37.254138,126.680626
60.79999999999868,3,DEGRADED,DEGRADED_FEEDFORWARD,DEGRADED_FEEDFORWARD,NONE,FRESH,FRESHED,STALE,FRESH,1,58.41769160364561,101.58230839635439,43.16461679270879,13.66875,-164.41344389455975,90.3643314189655,37.250686,126.674964,37.254138,126.680626
60.84999999999868,3,DEGRADED,DEGRADED_FEEDFORWARD,DEGRADED_FEEDFORWARD,NONE,FRESH,FRESHED,STALE,FRESH,1,58.41769160364561,101.58230839635439,43.16461679270879,13.66875,-164.41344389455975,90.3643314189655,37.250686,126.674964,37.254138,126.680626
60.89999999999868,3,DEGRADED,DEGRADED_FEEDFORWARD,DEGRADED_FEEDFORWARD,NONE,FRESH,FRESHED,STALE,FRESH,1,58.41769160364561,101.58230839635439,43.16461679270879,13.66875,-164.41344389455975,90.3643314189655,37.250686,126.674964,37.254138,126.680626
60.949999999998674,3,DEGRADED,DEGRADED_FEEDFORWARD,DEGRADED_FEEDFORWARD,NONE,FRESH,FRESHED,STALE,STALE,1,58.41769160364561,101.58230839635439,43.16461679270879,13.66875,-164.41344389455975,90.3643314189655,37.250686,126.674964,37.254138,126.680626
60.99999999999867,3,DEGRADED,DEGRADED_FEEDFORWARD,DEGRADED_FEEDFORWARD,NONE,FRESH,FRESHED,STALE,STALE,1,58.41769160364561,101.58230839635439,43.16461679270879,13.66875,-164.41344389455975,90.3643314189655,37.250686,126.674964,37.254138,126.680626
61.04999999999867,3,DEGRADED,DEGRADED_FEEDFORWARD,DEGRADED_FEEDFORWARD,NONE,FRESH,FRESHED,STALE,STALE,1,58.41769160364561,101.58230839635439,43.16461679270879,13.66875,-164.41344389455975,90.3643314189655,37.250686,126.674964,37.254138,126.680626
61.099999999998666,3,DEGRADED,DEGRADED_FEEDFORWARD,DEGRADED_FEEDFORWARD,NONE,FRESH,FRESHED,STALE,STALE,1,58.41769160364561,101.58230839635439,43.16461679270879,13.66875,-164.41344389455975,90.3643314189655,37.250686,126.674964,37.254138,126.680626
61.14999999999866,3,DEGRADED,DEGRADED_CLOSED_LOOP,DEGRADED_CLOSED_LOOP,NONE,FRESH,FRESHED,FRESH,FRESH,1,54.91769160364581,105.0823083963542,77.59376724183619,24.299999999999994,-164.41344389455975,90.3643314189655,37.250686,126.674964,37.254138,126.680626
61.19999999999866,3,DEGRADED,DEGRADED_CLOSED_LOOP,DEGRADED_CLOSED_LOOP,NONE,FRESH,FRESHED,FRESH,FRESH,1,51.417691603646006,108.582308396354,77.61810724183619,24.299999999999994,-164.41344389455975,90.3643314189655,37.250686,126.674964,37.254138,126.680626
61.24999999999866,3,DEGRADED,DEGRADED_CLOSED_LOOP,DEGRADED_CLOSED_LOOP,NONE,FRESH,FRESHED,FRESH,FRESH,1,47.917691603646205,112.0823083963538,77.64244724183618,24.299999999999994,-164.41344389455975,90.3643314189655,37.250686,126.674964,37.254138,126.680626
61.299999999998654,3,DEGRADED,DEGRADED_CLOSED_LOOP,DEGRADED_CLOSED_LOOP,NONE,FRESH,FRESHED,FRESH,FRESH,1,44.417691603646404,115.5823083963536,77.66678724183618,24.299999999999994,-164.41344389455975,90.3643314189655,37.250686,126.674964,37.254138,126.680626
61.34999999999865,3,DEGRADED,DEGRADED_CLOSED_LOOP,DEGRADED_CLOSED_LOOP,NONE,FRESH,FRESHED,FRESH,FRESH,1,41.15443637908191,118.84556362091809,77.69112724183618,24.299999999999994,-164.41344389455975,90.3643314189655,37.250686,126.674964,37.254138,126.680626
61.39999999999865,3,DEGRADED,DEGRADED_CLOSED_LOOP,DEGRADED_CLOSED_LOOP,NONE,FRESH,FRESHED,FRESH,FRESH,1,41.14226637908191,118.85773362091808,77.71546724183618,24.299999999999994,-164.41344389455975,90.3643314189655,37.250686,126.674964,37.254138,126.680626
61.449999999998646,3,DEGRADED,DEGRADED_CLOSED_LOOP,DEGRADED_CLOSED_LOOP,NONE,FRESH,FRESHED,FRESH,FRESH,1,41.13009637908191,118.86990362091808,77.73980724183617,24.299999999999994,-164.41344389455975,90.3643314189655,37.250686,126.674964,37.254138,126.680626
61.49999999999864,3,DEGRADED,DEGRADED_FEEDFORWARD,DEGRADED_FEEDFORWARD,NONE,FRESH,FRESHED,STALE,FRESH,1,44.13009637908174,115.86990362091825,43.16461679270879,13.66875,-164.41344389455975,90.3643314189655,37.250686,126.674964,37.254138,126.680626
61.54999999999864,3,DEGRADED,DEGRADED_FEEDFORWARD,DEGRADED_FEEDFORWARD,NONE,FRESH,FRESHED,STALE,FRESH,1,47.13009637908157,112.86990362091842,43.16461679270879,13.66875,-164.41344389455975,90.3643314189655,37.250686,126.674964,37.254138,126.680626
61.59999999999864,3,DEGRADED,DEGRADED_FEEDFORWARD,DEGRADED_FEEDFORWARD,NONE,FRESH,FRESHED,STALE,FRESH,1,50.1300963790814,109.86990362091859,43.16461679270879,13.66875,-164.41344389455975,90.3643314189655,37.250686,126.674964,37.254138,126.680626
61.649999999998634,3,DEGRADED,DEGRADED_FEEDFORWARD,DEGRADED_FEEDFORWARD,NONE,FRESH,FRESHED,STALE,FRESH,1,53.13009637908123,106.86990362091876,43.16461679270879,13.66875,-164.41344389455975,90.3643314189655,37.250686,126.674964,37.254138,126.680626
61.69999999999863,3,DEGRADED,DEGRADED_FEEDFORWARD,DEGRADED_FEEDFORWARD,NONE,FRESH,FRESHED,STALE,FRESH,1,56.13009637908106,103.86990362091893,43.16461679270879,13.66875,-164.41344389455975,90.3643314189655,37.250686,126.674964,37.254138,126.680626
61.74999999999863,3,DEGRADED,DEGRADED_FEEDFORWARD,DEGRADED_FEEDFORWARD,NONE,FRESH,FRESHED,STALE,FRESH,1,58.41769160364561,101.58230839635439,43.16461679270879,13.66875,-164.41344389455975,90.3643314189655,37.250686,126.674964,37.254138,126.680626
61.799999999998626,3,DEGRADED,DEGRADED_FEEDFORWARD,DEGRADED_FEEDFORWARD,NONE,FRESH,FRESHED,STALE,FRESH,1,58.41769160364561,101.58230839635439,43.16461679270879,13.66875,-164.41344389455975,90.3643314189655,37.250686,126.674964,37.254138,126.680626
61.84999999999862,3,DEGRADED,DEGRADED_FEEDFORWARD,DEGRADED_FEEDFORWARD,NONE,FRESH,FRESHED,STALE,FRESH,1,58.41769160364561,101.58230839635439,43.16461679270879,13.66875,-164.41344389455975,90.3643314189655,37.250686,126.674964,37.254138,126.680626
61.89999999999862,3,DEGRADED,DEGRADED_FEEDFORWARD,DEGRADED_FEEDFORWARD,NONE,FRESH,FRESHED,STALE,FRESH,1,58.41769160364561,101.58230839635439,43.16461679270879,13.66875,-164.41344389455975,90.3643314189655,37.250686,126.674964,37.254138,126.680626
61.94999999999862,3,DEGRADED,DEGRADED_FEEDFORWARD,DEGRADED_FEEDFORWARD,NONE,FRESH,FRESHED,STALE,STALE,1,58.41769160364561,101.58230839635439,43.16461679270879,13.66875,-164.41344389455975,90.3643314189655,37.250686,126.674964,37.254138,126.680626
61.999999999998614,3,DEGRADED,DEGRADED_FEEDFORWARD,DEGRADED_FEEDFORWARD,NONE,FRESH,FRESHED,STALE,STALE,1,58.41769160364561,101.58230839635439,43.16461679270879,13.66875,-164.41344389455975,90.3643314189655,37.250686,126.674964,37.254138,126.680626
62.04999999999861,3,DEGRADED,DEGRADED_FEEDFORWARD,DEGRADED_FEEDFORWARD,NONE,FRESH,FRESHED,STALE,STALE,1,58.41769160364561,101.58230839635439,43.16461679270879,13.66875,-164.41344389455975,90.3643314189655,37.250686,126.674964,37.254138,126.680626
62.09999999999861,3,DEGRADED,DEGRADED_FEEDFORWARD,DEGRADED_FEEDFORWARD,NONE,FRESH,FRESHED,STALE,STALE,1,58.41769160364561,101.58230839635439,43.16461679270879,13.66875,-164.41344389455975,90.3643314189655,37.250686,126.674964,37.254138,126.680626
62.149999999998606,3,ACTIVE,NOMINAL_CLOSED_LOOP,NOMINAL_CLOSED_LOOP,NONE,FRESH,FRESH,FRESH,FRESH,1,53.41769160364589,106.58230839635411,127.91641762828527,43.84788235463484,-169.50100702004053,91.58530167211393,37.250686,126.674964,37.254138,126.680626
62.1999999999986,3,ACTIVE,NOMINAL_CLOSED_LOOP,NOMINAL_CLOSED_LOOP,NONE,FRESH,FRESH,FRESH,FRESH,1,48.417691603646176,111.58230839635382,127.95890551063991,43.84788235463484,-169.50100702004053,91.58530167211393,37.250686,126.674964,37.254138,126.680626
62.2499999999986,3,ACTIVE,NOMINAL_CLOSED_LOOP,NOMINAL_CLOSED_LOOP,NONE,FRESH,FRESH,FRESH,FRESH,1,43.41769160364646,116.58230839635354,128.00139339299454,43.84788235463484,-169.50100702004053,91.58530167211393,37.250686,126.674964,37.254138,126.680626
62.2999999999986,3,ACTIVE,NOMINAL_CLOSED_LOOP,NOMINAL_CLOSED_LOOP,NONE,FRESH,FRESH,FRESH,FRESH,1,38.417691603646745,121.58230839635326,128.04388127534918,43.84788235463484,-169.50100702004053,91.58530167211393,37.250686,126.674964,37.254138,126.680626
62.349999999998595,3,ACTIVE,NOMINAL_CLOSED_LOOP,NOMINAL_CLOSED_LOOP,NONE,FRESH,FRESH,FRESH,FRESH,1,33.41769160364703,126.58230839635297,128.0863691577038,43.84788235463484,-169.50100702004053,91.58530167211393,37.250686,126.674964,37.254138,126.680626
62.39999999999859,3,ACTIVE,NOMINAL_CLOSED_LOOP,NOMINAL_CLOSED_LOOP,NONE,FRESH,FRESH,FRESH,FRESH,1,28.417691603647313,131.5823083963527,128.12885704005845,43.84788235463484,-169.50100702004053,91.58530167211393,37.250686,126.674964,37.254138,126.680626
62.44999999999859,3,ACTIVE,NOMINAL_CLOSED_LOOP,NOMINAL_CLOSED_LOOP,NONE,FRESH,FRESH,FRESH,FRESH,1,23.417691603647597,136.5823083963524,128.17134492241308,43.84788235463484,-169.50100702004053,91.58530167211393,37.250686,126.674964,37.254138,126.680626
62.499999999998586,3,ACTIVE,NOMINAL_FEEDFORWARD,NOMINAL_FEEDFORWARD,NONE,FRESH,FRESH,STALE,FRESH,1,27.91769160364734,132.08230839635266,101.81862911057391,38.36689706030548,-169.50100702004053,91.58530167211393,37.250686,126.674964,37.254138,126.680626
62.54999999999858,3,ACTIVE,NOMINAL_FEEDFORWARD,NOMINAL_FEEDFORWARD,NONE,FRESH,FRESH,STALE,FRESH,1,29.090685444713046,130.90931455528695,101.81862911057391,38.36689706030548,-169.50100702004053,91.58530167211393,37.250686,126.674964,37.254138,126.680626
62.59999999999858,3,ACTIVE,NOMINAL_FEEDFORWARD,NOMINAL_FEEDFORWARD,NONE,FRESH,FRESH,STALE,FRESH,1,29.090685444713046,130.90931455528695,101.81862911057391,38.36689706030548,-169.50100702004053,91.58530167211393,37.250686,126.674964,37.254138,126.680626
62.64999999999858,3,ACTIVE,NOMINAL_FEEDFORWARD,NOMINAL_FEEDFORWARD,NONE,FRESH,FRESH,STALE,FRESH,1,29.090685444713046,130.90931455528695,101.81862911057391,38.36689706030548,-169.50100702004053,91.58530167211393,37.250686,126.674964,37.254138,126.680626
62.699999999998575,3,ACTIVE,NOMINAL_FEEDFORWARD,NOMINAL_FEEDFORWARD,NONE,FRESH,FRESH,STALE,FRESH,1,29.090685444713046,130.90931455528695,101.81862911057391,38.36689706030548,-169.50100702004053,91.58530167211393,37.250686,126.674964,37.254138,126.680626
62.74999999999857,3,ACTIVE,NOMINAL_FEEDFORWARD,NOMINAL_FEEDFORWARD,NONE,FRESH,FRESH,STALE,FRESH,1,29.090685444713046,130.90931455528695,101.81862911057391,38.36689706030548,-169.50100702004053,91.58530167211393,37.250686,126.674964,37.254138,126.680626
62.79999999999857,3,ACTIVE,NOMINAL_FEEDFORWARD,NOMINAL_FEEDFORWARD,NONE,FRESH,FRESH,STALE,FRESH,1,29.090685444713046,130.90931455528695,101.81862911057391,38.36689706030548,-169.50100702004053,91.58530167211393,37.250686,126.674964,37.254138,126.680626
62.849999999998566,3,ACTIVE,NOMINAL_FEEDFORWARD,NOMINAL_FEEDFORWARD,NONE,FRESH,FRESH,STALE,FRESH,1,29.090685444713046,130.90931455528695,101.81862911057391,38.36689706030548,-169.50100702004053,91.58530167211393,37.250686,126.674964,37.254138,126.680626
62.89999999999856,3,ACTIVE,NOMINAL_FEEDFORWARD,NOMINAL_FEEDFORWARD,NONE,FRESH,FRESH,STALE,FRESH,1,29.090685444713046,130.90931455528695,101.81862911057391,38.36689706030548,-169.50100702004053,91.58530167211393,37.250686,126.674964,37.254138,126.680626
62.94999999999856,3,ACTIVE,NOMINAL_FEEDFORWARD,NOMINAL_FEEDFORWARD,NONE,FRESH,FRESH,STALE,STALE,1,29.090685444713046,130.90931455528695,101.81862911057391,38.36689706030548,-169.50100702004053,91.58530167211393,37.250686,126.674964,37.254138,126.680626
62.99999999999856,3,ACTIVE,NOMINAL_FEEDFORWARD,NOMINAL_FEEDFORWARD,NONE,FRESH,FRESH,STALE,STALE,1,29.090685444713046,130.90931455528695,101.81862911057391,38.36689706030548,-169.50100702004053,91.58530167211393,37.250686,126.674964,37.254138,126.680626
63.049999999998555,3,ACTIVE,NOMINAL_FEEDFORWARD,NOMINAL_FEEDFORWARD,NONE,FRESH,FRESH,STALE,STALE,1,29.090685444713046,130.90931455528695,101.81862911057391,38.36689706030548,-169.50100702004053,91.58530167211393,37.250686,126.674964,37.254138,126.680626
63.09999999999855,3,ACTIVE,NOMINAL_FEEDFORWARD,NOMINAL_FEEDFORWARD,NONE,FRESH,FRESH,STALE,STALE,1,29.090685444713046,130.90931455528695,101.81862911057391,38.36689706030548,-169.50100702004053,91.58530167211393,37.250686,126.674964,37.254138,126.680626
63.14999999999855,3,DEGRADED,DEGRADED_CLOSED_LOOP,DEGRADED_CLOSED_LOOP,NONE,FRESH,FRESHED,FRESH,FRESH,1,32.59068544471285,127.40931455528715,77.94166930115968,24.3,-169.50100702004053,91.58530167211393,37.250686,126.674964,37.254138,126.680626
63.199999999998546,3,DEGRADED,DEGRADED_CLOSED_LOOP,DEGRADED_CLOSED_LOOP,NONE,FRESH,FRESHED,FRESH,FRESH,1,36.09068544471265,123.90931455528735,77.96689930115969,24.3,-169.50100702004053,91.58530167211393,37.250686,126.674964,37.254138,126.680626
63.24999999999854,3,DEGRADED,DEGRADED_CLOSED_LOOP,DEGRADED_CLOSED_LOOP,NONE,FRESH,FRESHED,FRESH,FRESH,1,39.59068544471245,120.40931455528755,77.99212930115968,24.3,-169.50100702004053,91.58530167211393,37.250686,126.674964,37.254138,126.680626
63.29999999999854,3,DEGRADED,DEGRADED_CLOSED_LOOP,DEGRADED_CLOSED_LOOP,NONE,FRESH,FRESHED,FRESH,FRESH,1,40.991320349420164,119.00867965057984,78.01735930115967,24.3,-169.50100702004053,91.58530167211393,37.250686,126.674964,37.254138,126.680626
63.34999999999854,3,DEGRADED,DEGRADED_CLOSED_LOOP,DEGRADED_CLOSED_LOOP,NONE,FRESH,FRESHED,FRESH,FRESH,1,40.97870534942016,119.02129465057985,78.04258930115968,24.3,-169.50100702004053,91.58530167211393,37.250686,126.674964,37.254138,126.680626
63.399999999998535,3,DEGRADED,DEGRADED_CLOSED_LOOP,DEGRADED_CLOSED_LOOP,NONE,FRESH,FRESHED,FRESH,FRESH,1,40.96609034942016,119.03390965057983,78.06781930115967,24.3,-169.50100702004053,91.58530167211393,37.250686,126.674964,37.254138,126.680626
63.44999999999853,3,DEGRADED,DEGRADED_CLOSED_LOOP,DEGRADED_CLOSED_LOOP,NONE,FRESH,FRESHED,FRESH,FRESH,1,40.95347534942017,119.04652465057984,78.09304930115967,24.3,-169.50100702004053,91.58530167211393,37.250686,126.674964,37.254138,126.680626
63.49999999999853,3,DEGRADED,DEGRADED_FEEDFORWARD,DEGRADED_FEEDFORWARD,NONE,FRESH,FRESHED,STALE,FRESH,1,43.953475349419996,116.04652465058001,43.164616792708784,13.668749999999998,-169.50100702004053,91.58530167211393,37.250686,126.674964,37.254138,126.680626
63.549999999998526,3,DEGRADED,DEGRADED_FEEDFORWARD,DEGRADED_FEEDFORWARD,NONE,FRESH,FRESHED,STALE,FRESH,1,46.953475349419826,113.04652465058018,43.164616792708784,13.668749999999998,-169.50100702004053,91.58530167211393,37.250686,126.674964,37.254138,126.680626
63.59999999999852,3,DEGRADED,DEGRADED_FEEDFORWARD,DEGRADED_FEEDFORWARD,NONE,FRESH,FRESHED,STALE,FRESH,1,49.953475349419655,110.04652465058035,43.164616792708784,13.668749999999998,-169.50100702004053,91.58530167211393,37.250686,126.674964,37.254138,126.680626
63.64999999999852,3,DEGRADED,DEGRADED_FEEDFORWARD,DEGRADED_FEEDFORWARD,NONE,FRESH,FRESHED,STALE,FRESH,1,52.953475349419485,107.04652465058052,43.164616792708784,13.668749999999998,-169.50100702004053,91.58530167211393,37.250686,126.674964,37.254138,126.680626
63.69999999999852,3,DEGRADED,DEGRADED_FEEDFORWARD,DEGRADED_FEEDFORWARD,NONE,FRESH,FRESHED,STALE,FRESH,1,55.953475349419314,104.0465246505807,43.164616792708784,13.668749999999998,-169.50100702004053,91.58530167211393,37.250686,126.674964,37.254138,126.680626
63.749999999998515,3,DEGRADED,DEGRADED_FEEDFORWARD,DEGRADED_FEEDFORWARD,NONE,FRESH,FRESHED,STALE,FRESH,1,58.41769160364561,101.58230839635439,43.164616792708784,13.668749999999998,-169.50100702004053,91.58530167211393,37.250686,126.674964,37.254138,126.680626
63.79999999999851,3,DEGRADED,DEGRADED_FEEDFORWARD,DEGRADED_FEEDFORWARD,NONE,FRESH,FRESHED,STALE,FRESH,1,58.41769160364561,101.58230839635439,43.164616792708784,13.668749999999998,-169.50100702004053,91.58530167211393,37.250686,126.674964,37.254138,126.680626
63.84999999999851,3,DEGRADED,DEGRADED_FEEDFORWARD,DEGRADED_FEEDFORWARD,NONE,FRESH,FRESHED,STALE,FRESH,1,58.41769160364561,101.58230839635439,43.164616792708784,13.668749999999998,-169.50100702004053,91.58530167211393,37.250686,126.674964,37.254138,126.680626
63.899999999998506,3,DEGRADED,DEGRADED_FEEDFORWARD,DEGRADED_FEEDFORWARD,NONE,FRESH,FRESHED,STALE,FRESH,1,58.41769160364561,101.58230839635439,43.164616792708784,13.668749999999998,-169.50100702004053,91.58530167211393,37.250686,126.674964,37.254138,126.680626
63.949999999998504,3,DEGRADED,DEGRADED_FEEDFORWARD,DEGRADED_FEEDFORWARD,NONE,FRESH,FRESHED,STALE,STALE,1,58.41769160364561,101.58230839635439,43.164616792708784,13.668749999999998,-169.50100702004053,91.58530167211393,37.250686,126.674964,37.254138,126.680626
63.9999999999985,3,DEGRADED,DEGRADED_FEEDFORWARD,DEGRADED_FEEDFORWARD,NONE,FRESH,FRESHED,STALE,STALE,1,58.41769160364561,101.58230839635439,43.164616792708784,13.668749999999998,-169.50100702004053,91.58530167211393,37.250686,126.674964,37.254138,126.680626
64.0499999999985,3,DEGRADED,DEGRADED_FEEDFORWARD,DEGRADED_FEEDFORWARD,NONE,FRESH,FRESHED,STALE,STALE,1,58.41769160364561,101.58230839635439,43.164616792708784,13.668749999999998,-169.50100702004053,91.58530167211393,37.250686,126.674964,37.254138,126.680626
64.0999999999985,3,DEGRADED,DEGRADED_FEEDFORWARD,DEGRADED_FEEDFORWARD,NONE,FRESH,FRESHED,STALE,STALE,1,58.41769160364561,101.58230839635439,43.164616792708784,13.668749999999998,-169.50100702004053,91.58530167211393,37.250686,126.674964,37.254138,126.680626
64.1499999999985,3,DEGRADED,DEGRADED_CLOSED_LOOP,DEGRADED_CLOSED_LOOP,NONE,FRESHED,FRESHED,FRESH,FRESH,1,54.91769160364581,105.0823083963542,77.50781946772943,24.3,-171.19686139473677,91.99229175666943,37.250686,126.674964,37.254138,126.680626
64.1999999999985,3,DEGRADED,DEGRADED_CLOSED_LOOP,DEGRADED_CLOSED_LOOP,NONE,FRESHED,FRESHED,FRESH,FRESH,1,51.417691603646006,108.582308396354,77.53190946772943,24.3,-171.28165411395878,92.01264126071587,37.250686,126.674964,37.254138,126.680626
64.2499999999985,3,DEGRADED,DEGRADED_CLOSED_LOOP,DEGRADED_CLOSED_LOOP,NONE,FRESHED,FRESHED,FRESH,FRESH,1,47.917691603646205,112.0823083963538,77.55599946772944,24.3,-171.36644683318082,92.03299076476229,37.250686,126.674964,37.254138,126.680626
64.29999999999849,3,DEGRADED,DEGRADED_CLOSED_LOOP,DEGRADED_CLOSED_LOOP,NONE,FRESHED,FRESHED,FRESH,FRESH,1,44.417691603646404,115.5823083963536,77.58008946772944,24.3,-171.4512395510108,92.05334026932684,37.250686,126.674964,37.254138,126.680626
64.34999999999849,3,DEGRADED,DEGRADED_CLOSED_LOOP,DEGRADED_CLOSED_LOOP,NONE,FRESHED,FRESHED,FRESH,FRESH,1,41.19791026613528,118.80208973386472,77.60417946772944,24.3,-171.53603227023285,92.07368977337329,37.250686,126.674964,37.254138,126.680626
64.39999999999849,3,DEGRADED,DEGRADED_CLOSED_LOOP,DEGRADED_CLOSED_LOOP,NONE,FRESHED,FRESHED,FRESH,FRESH,1,41.18586526613528,118.81413473386472,77.62826946772944,24.3,-171.6208249894549,92.09403927741971,37.250686,126.674964,37.254138,126.680626
64.44999999999848,3,DEGRADED,DEGRADED_CLOSED_LOOP,DEGRADED_CLOSED_LOOP,NONE,FRESHED,FRESHED,FRESH,FRESH,1,41.17382026613529,118.8261797338647,77.65235946772943,24.3,-171.70561770728483,92.11438878198426,37.250686,126.674964,37.254138,126.680626
64.49999999999848,3,DEGRADED,DEGRADED_FEEDFORWARD,DEGRADED_FEEDFORWARD,NONE,FRESHED,FRESHED,STALE,FRESH,1,44.17382026613512,115.82617973386488,43.164616792708784,13.668749999999998,-171.79041042650687,92.13473828603071,37.250686,126.674964,37.254138,126.680626
64.54999999999848,3,DEGRADED,DEGRADED_FEEDFORWARD,DEGRADED_FEEDFORWARD,NONE,FRESHED,FRESHED,STALE,FRESH,1,47.173820266134946,112.82617973386505,43.164616792708784,13.668749999999998,-171.8752031457289,92.15508779007712,37.250686,126.674964,37.254138,126.680626
64.59999999999847,3,DEGRADED,DEGRADED_FEEDFORWARD,DEGRADED_FEEDFORWARD,NONE,FRESHED,FRESHED,STALE,FRESH,1,50.173820266134776,109.82617973386522,43.164616792708784,13.668749999999998,-171.95999586355887,92.1754372946417,37.250686,126.674964,37.254138,126.680626
64.64999999999847,3,DEGRADED,DEGRADED_FEEDFORWARD,DEGRADED_FEEDFORWARD,NONE,FRESHED,FRESHED,STALE,FRESH,1,53.173820266134605,106.82617973386539,43.164616792708784,13.668749999999998,-172.04478858278088,92.1957867986881,37.250686,126.674964,37.254138,126.680626
64.69999999999847,3,DEGRADED,DEGRADED_FEEDFORWARD,DEGRADED_FEEDFORWARD,NONE,FRESHED,FRESHED,STALE,FRESH,1,56.173820266134435,103.82617973386556,43.164616792708784,13.668749999999998,-172.12958130200295,92.21613630273455,37.250686,126.674964,37.254138,126.680626
64.74999999999847,3,DEGRADED,DEGRADED_FEEDFORWARD,DEGRADED_FEEDFORWARD,NONE,FRESHED,FRESHED,STALE,FRESH,1,58.41769160364561,101.58230839635439,43.164616792708784,13.668749999999998,-172.21437401983292,92.2364858072991,37.250686,126.674964,37.254138,126.680626
64.79999999999846,3,DEGRADED,DEGRADED_FEEDFORWARD,DEGRADED_FEEDFORWARD,NONE,FRESHED,FRESHED,STALE,FRESH,1,58.41769160364561,101.58230839635439,43.164616792708784,13.668749999999998,-172.29916673905495,92.25683531134555,37.250686,126.674964,37.254138,126.680626
64.84999999999846,3,DEGRADED,DEGRADED_FEEDFORWARD,DEGRADED_FEEDFORWARD,NONE,FRESHED,FRESHED,STALE,FRESH,1,58.41769160364561,101.58230839635439,43.164616792708784,13.668749999999998,-172.383959458277,92.27718481539196,37.250686,126.674964,37.254138,126.680626
64.89999999999846,3,DEGRADED,DEGRADED_FEEDFORWARD,DEGRADED_FEEDFORWARD,NONE,FRESHED,FRESHED,STALE,FRESH,1,58.41769160364561,101.58230839635439,43.164616792708784,13.668749999999998,-172.46875217610693,92.29753431995653,37.250686,126.674964,37.254138,126.680626
64.94999999999845,3,DEGRADED,DEGRADED_FEEDFORWARD,DEGRADED_FEEDFORWARD,NONE,FRESHED,FRESHED,STALE,STALE,1,58.41769160364561,101.58230839635439,43.164616792708784,13.668749999999998,-172.553544895329,92.31788382400296,37.250686,126.674964,37.254138,126.680626
64.99999999999845,3,DEGRADED,DEGRADED_FEEDFORWARD,DEGRADED_FEEDFORWARD,NONE,FRESHED,FRESHED,STALE,STALE,1,58.41769160364561,101.58230839635439,43.164616792708784,13.668749999999998,-172.63833761455103,92.33823332804938,37.250686,126.674964,37.254138,126.680626
65.04999999999845,3,DEGRADED,DEGRADED_FEEDFORWARD,DEGRADED_FEEDFORWARD,NONE,FRESHED,FRESHED,STALE,STALE,1,58.41769160364561,101.58230839635439,43.164616792708784,13.668749999999998,-172.723130332381,92.35858283261396,37.250686,126.674964,37.254138,126.680626
65.09999999999845,3,DEGRADED,DEGRADED_FEEDFORWARD,DEGRADED_FEEDFORWARD,NONE,FRESHED,FRESHED,STALE,STALE,1,58.41769160364561,101.58230839635439,43.164616792708784,13.668749999999998,-172.80792305160304,92.37893233666037,37.250686,126.674964,37.254138,126.680626
65.14999999999844,3,DEGRADED,DEGRADED_CLOSED_LOOP,DEGRADED_CLOSED_LOOP,NONE,FRESHED,FRESHED,FRESH,FRESH,1,54.91769160364581,105.0823083963542,77.33548832178478,24.3,-172.89271577082505,92.3992818407068,37.250686,126.674964,37.254138,126.680626
65.19999999999844,3,DEGRADED,DEGRADED_CLOSED_LOOP,DEGRADED_CLOSED_LOOP,NONE,FRESHED,FRESHED,FRESH,FRESH,1,51.417691603646006,108.582308396354,77.35914832178479,24.3,-174.71575922404074,92.83679618109173,37.250686,126.674964,37.254138,126.680626
65.24999999999844,3,DEGRADED,DEGRADED_CLOSED_LOOP,DEGRADED_CLOSED_LOOP,NONE,FRESHED,FRESHED,FRESH,FRESH,1,47.917691603646205,112.0823083963538,77.38280832178478,24.3,-174.84294830179536,92.86732043791976,37.250686,126.674964,37.254138,126.680626
65.29999999999843,3,DEGRADED,DEGRADED_CLOSED_LOOP,DEGRADED_CLOSED_LOOP,NONE,FRESHED,FRESHED,FRESH,FRESH,1,44.417691603646404,115.5823083963536,77.40646832178479,24.3,-174.97013738031478,92.89784469374918,37.250686,126.674964,37.254138,126.680626
65.34999999999843,3,DEGRADED,DEGRADED_CLOSED_LOOP,DEGRADED_CLOSED_LOOP,NONE,FRESHED,FRESHED,FRESH,FRESH,1,41.28493583910761,118.71506416089238,77.43012832178478,24.3,-175.09732645806938,92.92836895057717,37.250686,126.674964,37.254138,126.680626
65.39999999999843,3,DEGRADED,DEGRADED_CLOSED_LOOP,DEGRADED_CLOSED_LOOP,NONE,FRESHED,FRESHED,FRESH,FRESH,1,41.273105839107615,118.72689416089239,77.45378832178477,24.3,-175.2245155365888,92.9588932064066,37.250686,126.674964,37.254138,126.680626
65.44999999999843,3,DEGRADED,DEGRADED_CLOSED_LOOP,DEGRADED_CLOSED_LOOP,NONE,FRESHED,FRESHED,FRESH,FRESH,1,41.26127583910761,118.73872416089239,77.47744832178478,24.3,-175.35170461434342,92.98941746323459,37.250686,126.674964,37.254138,126.680626
65.49999999999842,3,DEGRADED,DEGRADED_FEEDFORWARD,DEGRADED_FEEDFORWARD,NONE,FRESHED,FRESHED,STALE,FRESH,1,44.26127583910744,115.73872416089256,43.164616792708784,13.668749999999998,-175.47889369286287,93.01994171906402,37.250686,126.674964,37.254138,126.680626
65.54999999999842,3,DEGRADED,DEGRADED_FEEDFORWARD,DEGRADED_FEEDFORWARD,NONE,FRESHED,FRESHED,STALE,FRESH,1,47.26127583910727,112.73872416089273,43.164616792708784,13.668749999999998,-175.60608277061743,93.050465975892,37.250686,126.674964,37.254138,126.680626
65.59999999999842,3,DEGRADED,DEGRADED_FEEDFORWARD,DEGRADED_FEEDFORWARD,NONE,FRESHED,FRESHED,STALE,FRESH,1,50.2612758391071,109.7387241608929,43.164616792708784,13.668749999999998,-175.73327184913688,93.08099023172143,37.250686,126.674964,37.254138,126.680626
65.64999999999841,3,DEGRADED,DEGRADED_FEEDFORWARD,DEGRADED_FEEDFORWARD,NONE,FRESHED,FRESHED,STALE,FRESH,1,53.26127583910693,106.73872416089307,43.164616792708784,13.668749999999998,-175.8604609268915,93.11151448854943,37.250686,126.674964,37.254138,126.680626
65.69999999999841,3,DEGRADED,DEGRADED_FEEDFORWARD,DEGRADED_FEEDFORWARD,NONE,FRESHED,FRESHED,STALE,FRESH,1,56.26127583910676,103.73872416089324,43.164616792708784,13.668749999999998,-175.9876500054109,93.14203874437885,37.250686,126.674964,37.254138,126.680626
65.74999999999841,3,DEGRADED,DEGRADED_FEEDFORWARD,DEGRADED_FEEDFORWARD,NONE,FRESHED,FRESHED,STALE,FRESH,1,58.41769160364561,101.58230839635439,43.164616792708784,13.668749999999998,-176.1148390831655,93.17256300120684,37.250686,126.674964,37.254138,126.680626
65.7999999999984,3,DEGRADED,DEGRADED_FEEDFORWARD,DEGRADED_FEEDFORWARD,NONE,FRESHED,FRESHED,STALE,FRESH,1,58.41769160364561,101.58230839635439,43.164616792708784,13.668749999999998,-176.24202816168497,93.20308725703627,37.250686,126.674964,37.254138,126.680626
65.8499999999984,3,DEGRADED,DEGRADED_FEEDFORWARD,DEGRADED_FEEDFORWARD,NONE,FRESHED,FRESHED,STALE,FRESH,1,58.41769160364561,101.58230839635439,43.164616792708784,13.668749999999998,-176.36921723943956,93.23361151386426,37.250686,126.674964,37.254138,126.680626
65.8999999999984,3,DEGRADED,DEGRADED_FEEDFORWARD,DEGRADED_FEEDFORWARD,NONE,FRESHED,FRESHED,STALE,FRESH,1,58.41769160364561,101.58230839635439,43.164616792708784,13.668749999999998,-176.496406317959,93.26413576969371,37.250686,126.674964,37.254138,126.680626
65.9499999999984,3,DEGRADED,DEGRADED_FEEDFORWARD,DEGRADED_FEEDFORWARD,NONE,FRESHED,FRESHED,STALE,STALE,1,58.41769160364561,101.58230839635439,43.164616792708784,13.668749999999998,-176.6235953957136,93.29466002652168,37.250686,126.674964,37.254138,126.680626
65.9999999999984,3,DEGRADED,DEGRADED_FEEDFORWARD,DEGRADED_FEEDFORWARD,NONE,FRESHED,FRESHED,STALE,STALE,1,58.41769160364561,101.58230839635439,43.164616792708784,13.668749999999998,-176.75078447423303,93.3251842823511,37.250686,126.674964,37.254138,126.680626
66.04999999999839,3,DEGRADED,DEGRADED_FEEDFORWARD,DEGRADED_FEEDFORWARD,NONE,FRESHED,FRESHED,STALE,STALE,1,58.41769160364561,101.58230839635439,43.164616792708784,13.668749999999998,-176.87797355198765,93.35570853917912,37.250686,126.674964,37.254138,126.680626
66.09999999999839,3,DEGRADED,DEGRADED_FEEDFORWARD,DEGRADED_FEEDFORWARD,NONE,FRESHED,FRESHED,STALE,STALE,1,58.41769160364561,101.58230839635439,43.164616792708784,13.668749999999998,-177.00516263050707,93.38623279500854,37.250686,126.674964,37.254138,126.680626
66.14999999999839,3,DEGRADED,DEGRADED_CLOSED_LOOP,DEGRADED_CLOSED_LOOP,NONE,FRESHED,FRESHED,FRESH,FRESH,1,54.91769160364581,105.0823083963542,77.37560705327031,24.3,-177.13235170826167,93.41675705183651,37.250686,126.674964,37.254138,126.680626
66.19999999999838,3,DEGRADED,DEGRADED_CLOSED_LOOP,DEGRADED_CLOSED_LOOP,NONE,FRESHED,FRESHED,FRESH,FRESH,1,51.417691603646006,108.582308396354,77.39941705327031,24.3,-185.00248585692907,95.30565446211827,37.250686,126.674964,37.254138,126.680626
66.24999999999838,3,DEGRADED,DEGRADED_CLOSED_LOOP,DEGRADED_CLOSED_LOOP,NONE,FRESHED,FRESHED,FRESH,FRESH,1,47.917691603646205,112.0823083963538,77.42322705327031,24.3,-185.25660846090727,95.36664385110005,37.250686,126.674964,37.254138,126.680626
66.29999999999838,3,DEGRADED,DEGRADED_CLOSED_LOOP,DEGRADED_CLOSED_LOOP,NONE,FRESHED,FRESHED,FRESH,FRESH,1,44.417691603646404,115.5823083963536,77.44703705327031,24.3,-185.51073106474783,95.42763324156078,37.250686,126.674964,37.254138,126.680626
66.34999999999837,3,DEGRADED,DEGRADED_CLOSED_LOOP,DEGRADED_CLOSED_LOOP,NONE,FRESHED,FRESHED,FRESH,FRESH,1,41.26457647336485,118.73542352663515,77.4708470532703,24.3,-185.76485366858836,95.4886226320215,37.250686,126.674964,37.254138,126.680626
66.39999999999837,3,DEGRADED,DEGRADED_CLOSED_LOOP,DEGRADED_CLOSED_LOOP,NONE,FRESHED,FRESHED,FRESH,FRESH,1,41.25267147336485,118.74732852663516,77.4946570532703,24.3,-186.01897627256653,95.54961202100327,37.250686,126.674964,37.254138,126.680626
66.44999999999837,3,DEGRADED,DEGRADED_CLOSED_LOOP,DEGRADED_CLOSED_LOOP,NONE,FRESHED,FRESHED,FRESH,FRESH,1,41.24076647336484,118.75923352663516,77.51846705327031,24.3,-186.27309887640712,95.61060141146402,37.250686,126.674964,37.254138,126.680626
66.49999999999837,3,DEGRADED,DEGRADED_FEEDFORWARD,DEGRADED_FEEDFORWARD,NONE,FRESHED,FRESHED,STALE,FRESH,1,44.24076647336467,115.75923352663533,43.1646167927088,13.668750000000001,-186.52722148024768,95.67159080192476,37.250686,126.674964,37.254138,126.680626
66.54999999999836,3,DEGRADED,DEGRADED_FEEDFORWARD,DEGRADED_FEEDFORWARD,NONE,FRESHED,FRESHED,STALE,FRESH,1,47.2407664733645,112.7592335266355,43.1646167927088,13.668750000000001,-186.7813440842258,95.7325801909065,37.250686,126.674964,37.254138,126.680626
66.59999999999836,3,DEGRADED,DEGRADED_FEEDFORWARD,DEGRADED_FEEDFORWARD,NONE,FRESHED,FRESHED,STALE,FRESH,1,50.24076647336433,109.75923352663567,43.1646167927088,13.668750000000001,-187.03546668806638,95.79356958136725,37.250686,126.674964,37.254138,126.680626
66.64999999999836,3,DEGRADED,DEGRADED_FEEDFORWARD,DEGRADED_FEEDFORWARD,NONE,FRESHED,FRESHED,STALE,FRESH,1,53.24076647336416,106.75923352663584,43.1646167927088,13.668750000000001,-187.28958929190694,95.854558971828,37.250686,126.674964,37.254138,126.680626
66.69999999999835,3,DEGRADED,DEGRADED_FEEDFORWARD,DEGRADED_FEEDFORWARD,NONE,FRESHED,FRESHED,STALE,FRESH,1,56.24076647336399,103.75923352663601,43.1646167927088,13.668750000000001,-187.54371189651235,95.91554836129016,37.250686,126.674964,37.254138,126.680626
66.74999999999835,3,DEGRADED,DEGRADED_FEEDFORWARD,DEGRADED_FEEDFORWARD,NONE,FRESHED,FRESHED,STALE,FRESH,1,58.4176916036456,101.58230839635439,43.1646167927088,13.668750000000001,-187.79783449972564,95.97653775127046,37.250686,126.674964,37.254138,126.680626
66.79999999999835,3,DEGRADED,DEGRADED_FEEDFORWARD,DEGRADED_FEEDFORWARD,NONE,FRESHED,FRESHED,STALE,FRESH,1,58.4176916036456,101.58230839635439,43.1646167927088,13.668750000000001,-188.05195710356622,96.03752714173123,37.250686,126.674964,37.254138,126.680626
66.84999999999835,3,DEGRADED,DEGRADED_FEEDFORWARD,DEGRADED_FEEDFORWARD,NONE,FRESHED,FRESHED,STALE,FRESH,1,58.4176916036456,101.58230839635439,43.1646167927088,13.668750000000001,-188.30607970740675,96.09851653219197,37.250686,126.674964,37.254138,126.680626
66.89999999999834,3,DEGRADED,DEGRADED_FEEDFORWARD,DEGRADED_FEEDFORWARD,NONE,FRESHED,FRESHED,STALE,FRESH,1,58.4176916036456,101.58230839635439,43.1646167927088,13.668750000000001,-188.5602023113849,96.15950592117369,37.250686,126.674964,37.254138,126.680626
66.94999999999834,3,DEGRADED,DEGRADED_FEEDFORWARD,DEGRADED_FEEDFORWARD,NONE,FRESHED,FRESHED,STALE,STALE,1,58.4176916036456,101.58230839635439,43.1646167927088,13.668750000000001,-188.81432491522548,96.22049531163445,37.250686,126.674964,37.254138,126.680626
66.99999999999834,3,DEGRADED,DEGRADED_FEEDFORWARD,DEGRADED_FEEDFORWARD,NONE,FRESHED,FRESHED,STALE,STALE,1,58.4176916036456,101.58230839635439,43.1646167927088,13.668750000000001,-189.06844751906607,96.28148470209518,37.250686,126.674964,37.254138,126.680626
67.04999999999833,3,DEGRADED,DEGRADED_FEEDFORWARD,DEGRADED_FEEDFORWARD,NONE,FRESHED,FRESHED,STALE,STALE,1,58.4176916036456,101.58230839635439,43.1646167927088,13.668750000000001,-189.3225701230442,96.34247409107694,37.250686,126.674964,37.254138,126.680626
67.09999999999833,3,DEGRADED,DEGRADED_FEEDFORWARD,DEGRADED_FEEDFORWARD,NONE,FRESHED,FRESHED,STALE,STALE,1,58.4176916036456,101.58230839635439,43.1646167927088,13.668750000000001,-189.57669272688474,96.40346348153767,37.250686,126.674964,37.254138,126.680626
67.14999999999833,3,NO_POSITION,FAIL,NO_POSITION,NO_POSITION,STALE,FRESHED,FRESH,FRESH,0,80.0,80.0,0.0,0.0,0.0,0.0,37.250686,126.674964,37.254138,126.680626
67.19999999999833,3,NO_POSITION,FAIL,NO_POSITION,NO_POSITION,STALE,STALE,FRESH,FRESH,0,80.0,80.0,0.0,0.0,0.0,0.0,37.250686,126.674964,37.254138,126.680626
67.24999999999832,3,NO_POSITION,FAIL,NO_POSITION,NO_POSITION,STALE,STALE,FRESH,FRESH,0,80.0,80.0,0.0,0.0,0.0,0.0,37.250686,126.674964,37.254138,126.680626
67.29999999999832,3,NO_POSITION,FAIL,NO_POSITION,NO_POSITION,STALE,STALE,FRESH,FRESH,0,80.0,80.0,0.0,0.0,0.0,0.0,37.250686,126.674964,37.254138,126.680626
67.34999999999832,3,NO_POSITION,FAIL,NO_POSITION,NO_POSITION,STALE,STALE,FRESH,FRESH,0,80.0,80.0,0.0,0.0,0.0,0.0,37.250686,126.674964,37.254138,126.680626
67.39999999999831,3,NO_POSITION,FAIL,NO_POSITION,NO_POSITION,STALE,STALE,FRESH,FRESH,0,80.0,80.0,0.0,0.0,0.0,0.0,37.250686,126.674964,37.254138,126.680626
67.44999999999831,3,NO_POSITION,FAIL,NO_POSITION,NO_POSITION,STALE,STALE,FRESH,FRESH,0,80.0,80.0,0.0,0.0,0.0,0.0,37.250686,126.674964,37.254138,126.680626
67.49999999999831,3,NO_POSITION,FAIL,NO_POSITION,NO_POSITION,STALE,STALE,STALE,FRESH,0,80.0,80.0,0.0,0.0,0.0,0.0,37.250686,126.674964,37.254138,126.680626
67.5499999999983,3,NO_POSITION,FAIL,NO_POSITION,NO_POSITION,STALE,STALE,STALE,FRESH,0,80.0,80.0,0.0,0.0,0.0,0.0,37.250686,126.674964,37.254138,126.680626
67.5999999999983,3,NO_POSITION,FAIL,NO_POSITION,NO_POSITION,STALE,STALE,STALE,FRESH,0,80.0,80.0,0.0,0.0,0.0,0.0,37.250686,126.674964,37.254138,126.680626
67.6499999999983,3,NO_POSITION,FAIL,NO_POSITION,NO_POSITION,STALE,STALE,STALE,FRESH,0,80.0,80.0,0.0,0.0,0.0,0.0,37.250686,126.674964,37.254138,126.680626
67.6999999999983,3,NO_POSITION,FAIL,NO_POSITION,NO_POSITION,STALE,STALE,STALE,FRESH,0,80.0,80.0,0.0,0.0,0.0,0.0,37.250686,126.674964,37.254138,126.680626
67.7499999999983,3,NO_POSITION,FAIL,NO_POSITION,NO_POSITION,STALE,STALE,STALE,FRESH,0,80.0,80.0,0.0,0.0,0.0,0.0,37.250686,126.674964,37.254138,126.680626
67.79999999999829,3,NO_POSITION,FAIL,NO_POSITION,NO_POSITION,STALE,STALE,STALE,FRESH,0,80.0,80.0,0.0,0.0,0.0,0.0,37.250686,126.674964,37.254138,126.680626
67.84999999999829,3,NO_POSITION,FAIL,NO_POSITION,NO_POSITION,STALE,STALE,STALE,FRESH,0,80.0,80.0,0.0,0.0,0.0,0.0,37.250686,126.674964,37.254138,126.680626
67.89999999999829,3,NO_POSITION,FAIL,NO_POSITION,NO_POSITION,STALE,STALE,STALE,FRESH,0,80.0,80.0,0.0,0.0,0.0,0.0,37.250686,126.674964,37.254138,126.680626
67.94999999999828,3,SENSOR_BLACKOUT,FAIL,SENSOR_BLACKOUT,SENSOR_BLACKOUT,STALE,STALE,STALE,STALE,0,80.0,80.0,0.0,0.0,0.0,0.0,37.250686,126.674964,37.254138,126.680626
67.99999999999828,3,SENSOR_BLACKOUT,FAIL,SENSOR_BLACKOUT,SENSOR_BLACKOUT,STALE,STALE,STALE,STALE,0,80.0,80.0,0.0,0.0,0.0,0.0,37.250686,126.674964,37.254138,126.680626
68.04999999999828,3,SENSOR_BLACKOUT,FAIL,SENSOR_BLACKOUT,SENSOR_BLACKOUT,STALE,STALE,STALE,STALE,0,80.0,80.0,0.0,0.0,0.0,0.0,37.250686,126.674964,37.254138,126.680626
68.09999999999827,3,SENSOR_BLACKOUT,FAIL,SENSOR_BLACKOUT,SENSOR_BLACKOUT,STALE,STALE,STALE,STALE,0,80.0,80.0,0.0,0.0,0.0,0.0,37.250686,126.674964,37.254138,126.680626
68.14999999999827,3,NO_POSITION,FAIL,NO_POSITION,NO_POSITION,STALE,STALE,FRESH,FRESH,0,80.0,80.0,0.0,0.0,0.0,0.0,37.250686,126.674964,37.254138,126.680626
68.19999999999827,3,NO_POSITION,FAIL,NO_POSITION,NO_POSITION,STALE,STALE,FRESH,FRESH,0,80.0,80.0,0.0,0.0,0.0,0.0,37.250686,126.674964,37.254138,126.680626
68.24999999999827,3,NO_POSITION,FAIL,NO_POSITION,NO_POSITION,STALE,STALE,FRESH,FRESH,0,80.0,80.0,0.0,0.0,0.0,0.0,37.250686,126.674964,37.254138,126.680626
68.29999999999826,3,NO_POSITION,FAIL,NO_POSITION,NO_POSITION,STALE,STALE,FRESH,FRESH,0,80.0,80.0,0.0,0.0,0.0,0.0,37.250686,126.674964,37.254138,126.680626
68.34999999999826,3,NO_POSITION,FAIL,NO_POSITION,NO_POSITION,STALE,STALE,FRESH,FRESH,0,80.0,80.0,0.0,0.0,0.0,0.0,37.250686,126.674964,37.254138,126.680626
68.39999999999826,3,NO_POSITION,FAIL,NO_POSITION,NO_POSITION,STALE,STALE,FRESH,FRESH,0,80.0,80.0,0.0,0.0,0.0,0.0,37.250686,126.674964,37.254138,126.680626
68.44999999999825,3,NO_POSITION,FAIL,NO_POSITION,NO_POSITION,STALE,STALE,FRESH,FRESH,0,80.0,80.0,0.0,0.0,0.0,0.0,37.250686,126.674964,37.254138,126.680626
68.49999999999825,3,NO_POSITION,FAIL,NO_POSITION,NO_POSITION,STALE,STALE,STALE,FRESH,0,80.0,80.0,0.0,0.0,0.0,0.0,37.250686,126.674964,37.254138,126.680626
68.54999999999825,3,NO_POSITION,FAIL,NO_POSITION,NO_POSITION,STALE,STALE,STALE,FRESH,0,80.0,80.0,0.0,0.0,0.0,0.0,37.250686,126.674964,37.254138,126.680626
68.59999999999825,3,NO_POSITION,FAIL,NO_POSITION,NO_POSITION,STALE,STALE,STALE,FRESH,0,80.0,80.0,0.0,0.0,0.0,0.0,37.250686,126.674964,37.254138,126.680626
68.64999999999824,3,NO_POSITION,FAIL,NO_POSITION,NO_POSITION,STALE,STALE,STALE,FRESH,0,80.0,80.0,0.0,0.0,0.0,0.0,37.250686,126.674964,37.254138,126.680626
68.69999999999824,3,NO_POSITION,FAIL,NO_POSITION,NO_POSITION,STALE,STALE,STALE,FRESH,0,80.0,80.0,0.0,0.0,0.0,0.0,37.250686,126.674964,37.254138,126.680626
68.74999999999824,3,NO_POSITION,FAIL,NO_POSITION,NO_POSITION,STALE,STALE,STALE,FRESH,0,80.0,80.0,0.0,0.0,0.0,0.0,37.250686,126.674964,37.254138,126.680626
68.79999999999824,3,NO_POSITION,FAIL,NO_POSITION,NO_POSITION,STALE,STALE,STALE,FRESH,0,80.0,80.0,0.0,0.0,0.0,0.0,37.250686,126.674964,37.254138,126.680626
68.84999999999823,3,NO_POSITION,FAIL,NO_POSITION,NO_POSITION,STALE,STALE,STALE,FRESH,0,80.0,80.0,0.0,0.0,0.0,0.0,37.250686,126.674964,37.254138,126.680626
68.89999999999823,3,NO_POSITION,FAIL,NO_POSITION,NO_POSITION,STALE,STALE,STALE,FRESH,0,80.0,80.0,0.0,0.0,0.0,0.0,37.250686,126.674964,37.254138,126.680626
68.94999999999823,3,SENSOR_BLACKOUT,FAIL,SENSOR_BLACKOUT,SENSOR_BLACKOUT,STALE,STALE,STALE,STALE,0,80.0,80.0,0.0,0.0,0.0,0.0,37.250686,126.674964,37.254138,126.680626
68.99999999999822,3,SENSOR_BLACKOUT,FAIL,SENSOR_BLACKOUT,SENSOR_BLACKOUT,STALE,STALE,STALE,STALE,0,80.0,80.0,0.0,0.0,0.0,0.0,37.250686,126.674964,37.254138,126.680626
69.04999999999822,3,SENSOR_BLACKOUT,FAIL,SENSOR_BLACKOUT,SENSOR_BLACKOUT,STALE,STALE,STALE,STALE,0,80.0,80.0,0.0,0.0,0.0,0.0,37.250686,126.674964,37.254138,126.680626
69.09999999999822,3,SENSOR_BLACKOUT,FAIL,SENSOR_BLACKOUT,SENSOR_BLACKOUT,STALE,STALE,STALE,STALE,0,80.0,80.0,0.0,0.0,0.0,0.0,37.250686,126.674964,37.254138,126.680626
69.14999999999822,3,NO_POSITION,FAIL,NO_POSITION,NO_POSITION,STALE,STALE,FRESH,FRESH,0,80.0,80.0,0.0,0.0,0.0,0.0,37.250686,126.674964,37.254138,126.680626
69.19999999999821,3,NO_POSITION,FAIL,NO_POSITION,NO_POSITION,STALE,STALE,FRESH,FRESH,0,80.0,80.0,0.0,0.0,0.0,0.0,37.250686,126.674964,37.254138,126.680626
69.24999999999821,3,NO_POSITION,FAIL,NO_POSITION,NO_POSITION,STALE,STALE,FRESH,FRESH,0,80.0,80.0,0.0,0.0,0.0,0.0,37.250686,126.674964,37.254138,126.680626
69.2999999999982,3,NO_POSITION,FAIL,NO_POSITION,NO_POSITION,STALE,STALE,FRESH,FRESH,0,80.0,80.0,0.0,0.0,0.0,0.0,37.250686,126.674964,37.254138,126.680626
69.3499999999982,3,NO_POSITION,FAIL,NO_POSITION,NO_POSITION,STALE,STALE,FRESH,FRESH,0,80.0,80.0,0.0,0.0,0.0,0.0,37.250686,126.674964,37.254138,126.680626
69.3999999999982,3,NO_POSITION,FAIL,NO_POSITION,NO_POSITION,STALE,STALE,FRESH,FRESH,0,80.0,80.0,0.0,0.0,0.0,0.0,37.250686,126.674964,37.254138,126.680626
69.4499999999982,3,NO_POSITION,FAIL,NO_POSITION,NO_POSITION,STALE,STALE,FRESH,FRESH,0,80.0,80.0,0.0,0.0,0.0,0.0,37.250686,126.674964,37.254138,126.680626
69.4999999999982,3,NO_POSITION,FAIL,NO_POSITION,NO_POSITION,STALE,STALE,STALE,FRESH,0,80.0,80.0,0.0,0.0,0.0,0.0,37.250686,126.674964,37.254138,126.680626
69.54999999999819,3,NO_POSITION,FAIL,NO_POSITION,NO_POSITION,STALE,STALE,STALE,FRESH,0,80.0,80.0,0.0,0.0,0.0,0.0,37.250686,126.674964,37.254138,126.680626
69.59999999999819,3,NO_POSITION,FAIL,NO_POSITION,NO_POSITION,STALE,STALE,STALE,FRESH,0,80.0,80.0,0.0,0.0,0.0,0.0,37.250686,126.674964,37.254138,126.680626
69.64999999999819,3,NO_POSITION,FAIL,NO_POSITION,NO_POSITION,STALE,STALE,STALE,FRESH,0,80.0,80.0,0.0,0.0,0.0,0.0,37.250686,126.674964,37.254138,126.680626
69.69999999999818,3,NO_POSITION,FAIL,NO_POSITION,NO_POSITION,STALE,STALE,STALE,FRESH,0,80.0,80.0,0.0,0.0,0.0,0.0,37.250686,126.674964,37.254138,126.680626
69.74999999999818,3,NO_POSITION,FAIL,NO_POSITION,NO_POSITION,STALE,STALE,STALE,FRESH,0,80.0,80.0,0.0,0.0,0.0,0.0,37.250686,126.674964,37.254138,126.680626
69.79999999999818,3,NO_POSITION,FAIL,NO_POSITION,NO_POSITION,STALE,STALE,STALE,FRESH,0,80.0,80.0,0.0,0.0,0.0,0.0,37.250686,126.674964,37.254138,126.680626
69.84999999999818,3,NO_POSITION,FAIL,NO_POSITION,NO_POSITION,STALE,STALE,STALE,FRESH,0,80.0,80.0,0.0,0.0,0.0,0.0,37.250686,126.674964,37.254138,126.680626
69.89999999999817,3,NO_POSITION,FAIL,NO_POSITION,NO_POSITION,STALE,STALE,STALE,FRESH,0,80.0,80.0,0.0,0.0,0.0,0.0,37.250686,126.674964,37.254138,126.680626
69.94999999999817,3,SENSOR_BLACKOUT,FAIL,SENSOR_BLACKOUT,SENSOR_BLACKOUT,STALE,STALE,STALE,STALE,0,80.0,80.0,0.0,0.0,0.0,0.0,37.250686,126.674964,37.254138,126.680626
69.99999999999817,3,SENSOR_BLACKOUT,FAIL,SENSOR_BLACKOUT,SENSOR_BLACKOUT,STALE,STALE,STALE,STALE,0,80.0,80.0,0.0,0.0,0.0,0.0,37.250686,126.674964,37.254138,126.680626
70.04999999999816,3,SENSOR_BLACKOUT,FAIL,SENSOR_BLACKOUT,SENSOR_BLACKOUT,STALE,STALE,STALE,STALE,0,80.0,80.0,0.0,0.0,0.0,0.0,37.250686,126.674964,37.254138,126.680626
70.09999999999816,3,SENSOR_BLACKOUT,FAIL,SENSOR_BLACKOUT,SENSOR_BLACKOUT,STALE,STALE,STALE,STALE,0,80.0,80.0,0.0,0.0,0.0,0.0,37.250686,126.674964,37.254138,126.680626
70.14999999999816,3,NO_POSITION,FAIL,NO_POSITION,NO_POSITION,STALE,STALE,FRESH,FRESH,0,80.0,80.0,0.0,0.0,0.0,0.0,37.250686,126.674964,37.254138,126.680626
70.19999999999816,3,NO_POSITION,FAIL,NO_POSITION,NO_POSITION,STALE,STALE,FRESH,FRESH,0,80.0,80.0,0.0,0.0,0.0,0.0,37.250686,126.674964,37.254138,126.680626
70.24999999999815,3,NO_POSITION,FAIL,NO_POSITION,NO_POSITION,STALE,STALE,FRESH,FRESH,0,80.0,80.0,0.0,0.0,0.0,0.0,37.250686,126.674964,37.254138,126.680626
70.29999999999815,3,NO_POSITION,FAIL,NO_POSITION,NO_POSITION,STALE,STALE,FRESH,FRESH,0,80.0,80.0,0.0,0.0,0.0,0.0,37.250686,126.674964,37.254138,126.680626
70.34999999999815,3,NO_POSITION,FAIL,NO_POSITION,NO_POSITION,STALE,STALE,FRESH,FRESH,0,80.0,80.0,0.0,0.0,0.0,0.0,37.250686,126.674964,37.254138,126.680626
70.39999999999814,3,NO_POSITION,FAIL,NO_POSITION,NO_POSITION,STALE,STALE,FRESH,FRESH,0,80.0,80.0,0.0,0.0,0.0,0.0,37.250686,126.674964,37.254138,126.680626
70.44999999999814,3,NO_POSITION,FAIL,NO_POSITION,NO_POSITION,STALE,STALE,FRESH,FRESH,0,80.0,80.0,0.0,0.0,0.0,0.0,37.250686,126.674964,37.254138,126.680626
70.49999999999814,3,NO_POSITION,FAIL,NO_POSITION,NO_POSITION,STALE,STALE,STALE,FRESH,0,80.0,80.0,0.0,0.0,0.0,0.0,37.250686,126.674964,37.254138,126.680626
70.54999999999814,3,NO_POSITION,FAIL,NO_POSITION,NO_POSITION,STALE,STALE,STALE,FRESH,0,80.0,80.0,0.0,0.0,0.0,0.0,37.250686,126.674964,37.254138,126.680626
70.59999999999813,3,NO_POSITION,FAIL,NO_POSITION,NO_POSITION,STALE,STALE,STALE,FRESH,0,80.0,80.0,0.0,0.0,0.0,0.0,37.250686,126.674964,37.254138,126.680626
70.64999999999813,3,NO_POSITION,FAIL,NO_POSITION,NO_POSITION,STALE,STALE,STALE,FRESH,0,80.0,80.0,0.0,0.0,0.0,0.0,37.250686,126.674964,37.254138,126.680626
70.69999999999813,3,NO_POSITION,FAIL,NO_POSITION,NO_POSITION,STALE,STALE,STALE,FRESH,0,80.0,80.0,0.0,0.0,0.0,0.0,37.250686,126.674964,37.254138,126.680626
70.74999999999812,3,NO_POSITION,FAIL,NO_POSITION,NO_POSITION,STALE,STALE,STALE,FRESH,0,80.0,80.0,0.0,0.0,0.0,0.0,37.250686,126.674964,37.254138,126.680626
70.79999999999812,3,NO_POSITION,FAIL,NO_POSITION,NO_POSITION,STALE,STALE,STALE,FRESH,0,80.0,80.0,0.0,0.0,0.0,0.0,37.250686,126.674964,37.254138,126.680626
70.84999999999812,3,NO_POSITION,FAIL,NO_POSITION,NO_POSITION,STALE,STALE,STALE,FRESH,0,80.0,80.0,0.0,0.0,0.0,0.0,37.250686,126.674964,37.254138,126.680626
70.89999999999812,3,NO_POSITION,FAIL,NO_POSITION,NO_POSITION,STALE,STALE,STALE,FRESH,0,80.0,80.0,0.0,0.0,0.0,0.0,37.250686,126.674964,37.254138,126.680626
70.94999999999811,3,SENSOR_BLACKOUT,FAIL,SENSOR_BLACKOUT,SENSOR_BLACKOUT,STALE,STALE,STALE,STALE,0,80.0,80.0,0.0,0.0,0.0,0.0,37.250686,126.674964,37.254138,126.680626
70.99999999999811,3,SENSOR_BLACKOUT,FAIL,SENSOR_BLACKOUT,SENSOR_BLACKOUT,STALE,STALE,STALE,STALE,0,80.0,80.0,0.0,0.0,0.0,0.0,37.250686,126.674964,37.254138,126.680626
71.04999999999811,3,SENSOR_BLACKOUT,FAIL,SENSOR_BLACKOUT,SENSOR_BLACKOUT,STALE,STALE,STALE,STALE,0,80.0,80.0,0.0,0.0,0.0,0.0,37.250686,126.674964,37.254138,126.680626
71.0999999999981,3,SENSOR_BLACKOUT,FAIL,SENSOR_BLACKOUT,SENSOR_BLACKOUT,STALE,STALE,STALE,STALE,0,80.0,80.0,0.0,0.0,0.0,0.0,37.250686,126.674964,37.254138,126.680626
71.1499999999981,3,ACTIVE,FAIL,NO_MOTION,NO_MOTION,FRESH,STALE,FRESH,FRESH,1,47.5,112.5,65.0,25.0,0.0,0.0,37.250686,126.674964,37.254138,126.680626
71.1999999999981,3,ACTIVE,FAIL,NO_MOTION,NO_MOTION,FRESH,STALE,FRESH,FRESH,1,47.5,112.5,65.0,25.0,0.0,0.0,37.250686,126.674964,37.254138,126.680626
71.2499999999981,3,ACTIVE,FAIL,NO_MOTION,NO_MOTION,FRESH,STALE,FRESH,FRESH,1,47.5,112.5,65.0,25.0,0.0,0.0,37.250686,126.674964,37.254138,126.680626
71.2999999999981,3,ACTIVE,FAIL,NO_MOTION,NO_MOTION,FRESH,STALE,FRESH,FRESH,1,47.5,112.5,65.0,25.0,0.0,0.0,37.250686,126.674964,37.254138,126.680626
71.34999999999809,3,ACTIVE,FAIL,NO_MOTION,NO_MOTION,FRESH,STALE,FRESH,FRESH,1,47.5,112.5,65.0,25.0,0.0,0.0,37.250686,126.674964,37.254138,126.680626
71.39999999999809,3,ACTIVE,FAIL,NO_MOTION,NO_MOTION,FRESH,STALE,FRESH,FRESH,1,47.5,112.5,65.0,25.0,0.0,0.0,37.250686,126.674964,37.254138,126.680626
71.44999999999808,3,ACTIVE,FAIL,NO_MOTION,NO_MOTION,FRESH,STALE,FRESH,FRESH,1,47.5,112.5,65.0,25.0,0.0,0.0,37.250686,126.674964,37.254138,126.680626
71.49999999999808,3,NO_MOTION,FAIL,NO_MOTION,NO_MOTION,FRESH,STALE,STALE,FRESH,0,80.0,80.0,0.0,0.0,0.0,0.0,37.250686,126.674964,37.254138,126.680626
71.54999999999808,3,NO_MOTION,FAIL,NO_MOTION,NO_MOTION,FRESH,STALE,STALE,FRESH,0,80.0,80.0,0.0,0.0,0.0,0.0,37.250686,126.674964,37.254138,126.680626
71.59999999999808,3,NO_MOTION,FAIL,NO_MOTION,NO_MOTION,FRESH,STALE,STALE,FRESH,0,80.0,80.0,0.0,0.0,0.0,0.0,37.250686,126.674964,37.254138,126.680626
71.64999999999807,3,NO_MOTION,FAIL,NO_MOTION,NO_MOTION,FRESH,STALE,STALE,FRESH,0,80.0,80.0,0.0,0.0,0.0,0.0,37.250686,126.674964,37.254138,126.680626
71.69999999999807,3,NO_MOTION,FAIL,NO_MOTION,NO_MOTION,FRESH,STALE,STALE,FRESH,0,80.0,80.0,0.0,0.0,0.0,0.0,37.250686,126.674964,37.254138,126.680626
71.74999999999807,3,NO_MOTION,FAIL,NO_MOTION,NO_MOTION,FRESH,STALE,STALE,FRESH,0,80.0,80.0,0.0,0.0,0.0,0.0,37.250686,126.674964,37.254138,126.680626
71.79999999999806,3,NO_MOTION,FAIL,NO_MOTION,NO_MOTION,FRESH,STALE,STALE,FRESH,0,80.0,80.0,0.0,0.0,0.0,0.0,37.250686,126.674964,37.254138,126.680626
71.84999999999806,3,NO_MOTION,FAIL,NO_MOTION,NO_MOTION,FRESH,STALE,STALE,FRESH,0,80.0,80.0,0.0,0.0,0.0,0.0,37.250686,126.674964,37.254138,126.680626
71.89999999999806,3,NO_MOTION,FAIL,NO_MOTION,NO_MOTION,FRESH,STALE,STALE,FRESH,0,80.0,80.0,0.0,0.0,0.0,0.0,37.250686,126.674964,37.254138,126.680626
71.94999999999806,3,NO_MOTION,FAIL,NO_MOTION,NO_MOTION,FRESH,STALE,STALE,STALE,0,80.0,80.0,0.0,0.0,0.0,0.0,37.250686,126.674964,37.254138,126.680626
71.99999999999805,3,NO_MOTION,FAIL,NO_MOTION,NO_MOTION,FRESH,STALE,STALE,STALE,0,80.0,80.0,0.0,0.0,0.0,0.0,37.250686,126.674964,37.254138,126.680626
72.04999999999805,3,NO_MOTION,FAIL,NO_MOTION,NO_MOTION,FRESH,STALE,STALE,STALE,0,80.0,80.0,0.0,0.0,0.0,0.0,37.250686,126.674964,37.254138,126.680626
72.09999999999805,3,NO_MOTION,FAIL,NO_MOTION,NO_MOTION,FRESH,STALE,STALE,STALE,0,80.0,80.0,0.0,0.0,0.0,0.0,37.250686,126.674964,37.254138,126.680626
72.14999999999804,3,ACTIVE,FAIL,NO_MOTION,NO_MOTION,FRESH,STALE,FRESH,FRESH,1,47.5,112.5,65.0,25.0,0.0,0.0,37.250686,126.674964,37.254138,126.680626
72.19999999999804,3,ACTIVE,FAIL,NO_MOTION,NO_MOTION,FRESH,STALE,FRESH,FRESH,1,47.5,112.5,65.0,25.0,0.0,0.0,37.250686,126.674964,37.254138,126.680626
72.24999999999804,3,ACTIVE,FAIL,NO_MOTION,NO_MOTION,FRESH,STALE,FRESH,FRESH,1,47.5,112.5,65.0,25.0,0.0,0.0,37.250686,126.674964,37.254138,126.680626
72.29999999999804,3,ACTIVE,FAIL,NO_MOTION,NO_MOTION,FRESH,STALE,FRESH,FRESH,1,47.5,112.5,65.0,25.0,0.0,0.0,37.250686,126.674964,37.254138,126.680626
72.34999999999803,3,ACTIVE,FAIL,NO_MOTION,NO_MOTION,FRESH,STALE,FRESH,FRESH,1,47.5,112.5,65.0,25.0,0.0,0.0,37.250686,126.674964,37.254138,126.680626
72.39999999999803,3,ACTIVE,FAIL,NO_MOTION,NO_MOTION,FRESH,STALE,FRESH,FRESH,1,47.5,112.5,65.0,25.0,0.0,0.0,37.250686,126.674964,37.254138,126.680626
72.44999999999803,3,ACTIVE,FAIL,NO_MOTION,NO_MOTION,FRESH,STALE,FRESH,FRESH,1,47.5,112.5,65.0,25.0,0.0,0.0,37.250686,126.674964,37.254138,126.680626
72.49999999999802,3,NO_MOTION,FAIL,NO_MOTION,NO_MOTION,FRESH,STALE,STALE,FRESH,0,80.0,80.0,0.0,0.0,0.0,0.0,37.250686,126.674964,37.254138,126.680626
72.54999999999802,3,NO_MOTION,FAIL,NO_MOTION,NO_MOTION,FRESH,STALE,STALE,FRESH,0,80.0,80.0,0.0,0.0,0.0,0.0,37.250686,126.674964,37.254138,126.680626
72.59999999999802,3,NO_MOTION,FAIL,NO_MOTION,NO_MOTION,FRESH,STALE,STALE,FRESH,0,80.0,80.0,0.0,0.0,0.0,0.0,37.250686,126.674964,37.254138,126.680626
72.64999999999802,3,NO_MOTION,FAIL,NO_MOTION,NO_MOTION,FRESH,STALE,STALE,FRESH,0,80.0,80.0,0.0,0.0,0.0,0.0,37.250686,126.674964,37.254138,126.680626
72.69999999999801,3,NO_MOTION,FAIL,NO_MOTION,NO_MOTION,FRESH,STALE,STALE,FRESH,0,80.0,80.0,0.0,0.0,0.0,0.0,37.250686,126.674964,37.254138,126.680626
72.74999999999801,3,NO_MOTION,FAIL,NO_MOTION,NO_MOTION,FRESH,STALE,STALE,FRESH,0,80.0,80.0,0.0,0.0,0.0,0.0,37.250686,126.674964,37.254138,126.680626
72.79999999999801,3,NO_MOTION,FAIL,NO_MOTION,NO_MOTION,FRESH,STALE,STALE,FRESH,0,80.0,80.0,0.0,0.0,0.0,0.0,37.250686,126.674964,37.254138,126.680626
72.849999999998,3,NO_MOTION,FAIL,NO_MOTION,NO_MOTION,FRESH,STALE,STALE,FRESH,0,80.0,80.0,0.0,0.0,0.0,0.0,37.250686,126.674964,37.254138,126.680626
72.899999999998,3,NO_MOTION,FAIL,NO_MOTION,NO_MOTION,FRESH,STALE,STALE,FRESH,0,80.0,80.0,0.0,0.0,0.0,0.0,37.250686,126.674964,37.254138,126.680626
72.949999999998,3,NO_MOTION,FAIL,NO_MOTION,NO_MOTION,FRESH,STALE,STALE,STALE,0,80.0,80.0,0.0,0.0,0.0,0.0,37.250686,126.674964,37.254138,126.680626
72.999999999998,3,NO_MOTION,FAIL,NO_MOTION,NO_MOTION,FRESH,STALE,STALE,STALE,0,80.0,80.0,0.0,0.0,0.0,0.0,37.250686,126.674964,37.254138,126.680626
73.049999999998,3,NO_MOTION,FAIL,NO_MOTION,NO_MOTION,FRESH,STALE,STALE,STALE,0,80.0,80.0,0.0,0.0,0.0,0.0,37.250686,126.674964,37.254138,126.680626
73.09999999999799,3,NO_MOTION,FAIL,NO_MOTION,NO_MOTION,FRESH,STALE,STALE,STALE,0,80.0,80.0,0.0,0.0,0.0,0.0,37.250686,126.674964,37.254138,126.680626
73.14999999999799,3,NO_MOTION,FAIL,NO_MOTION,NO_MOTION,FRESH,STALE,STALE,STALE,0,80.0,80.0,0.0,0.0,0.0,0.0,37.250686,126.674964,37.254138,126.680626
73.19999999999798,3,ACTIVE,FAIL,NO_MOTION,NO_MOTION,FRESH,STALE,FRESH,FRESH,1,47.5,112.5,65.0,25.0,0.0,0.0,37.250686,126.674964,37.254138,126.680626
73.24999999999798,3,ACTIVE,FAIL,NO_MOTION,NO_MOTION,FRESH,STALE,FRESH,FRESH,1,47.5,112.5,65.0,25.0,0.0,0.0,37.250686,126.674964,37.254138,126.680626
73.29999999999798,3,ACTIVE,FAIL,NO_MOTION,NO_MOTION,FRESH,STALE,FRESH,FRESH,1,47.5,112.5,65.0,25.0,0.0,0.0,37.250686,126.674964,37.254138,126.680626
73.34999999999798,3,ACTIVE,FAIL,NO_MOTION,NO_MOTION,FRESH,STALE,FRESH,FRESH,1,47.5,112.5,65.0,25.0,0.0,0.0,37.250686,126.674964,37.254138,126.680626
73.39999999999797,3,ACTIVE,FAIL,NO_MOTION,NO_MOTION,FRESH,STALE,FRESH,FRESH,1,47.5,112.5,65.0,25.0,0.0,0.0,37.250686,126.674964,37.254138,126.680626
73.44999999999797,3,ACTIVE,FAIL,NO_MOTION,NO_MOTION,FRESH,STALE,FRESH,FRESH,1,47.5,112.5,65.0,25.0,0.0,0.0,37.250686,126.674964,37.254138,126.680626
73.49999999999797,3,ACTIVE,FAIL,NO_MOTION,NO_MOTION,FRESH,STALE,FRESH,FRESH,1,47.5,112.5,65.0,25.0,0.0,0.0,37.250686,126.674964,37.254138,126.680626
73.54999999999797,3,NO_MOTION,FAIL,NO_MOTION,NO_MOTION,FRESH,STALE,STALE,FRESH,0,80.0,80.0,0.0,0.0,0.0,0.0,37.250686,126.674964,37.254138,126.680626
73.59999999999796,3,NO_MOTION,FAIL,NO_MOTION,NO_MOTION,FRESH,STALE,STALE,FRESH,0,80.0,80.0,0.0,0.0,0.0,0.0,37.250686,126.674964,37.254138,126.680626
73.64999999999796,3,NO_MOTION,FAIL,NO_MOTION,NO_MOTION,FRESH,STALE,STALE,FRESH,0,80.0,80.0,0.0,0.0,0.0,0.0,37.250686,126.674964,37.254138,126.680626
73.69999999999796,3,NO_MOTION,FAIL,NO_MOTION,NO_MOTION,FRESH,STALE,STALE,FRESH,0,80.0,80.0,0.0,0.0,0.0,0.0,37.250686,126.674964,37.254138,126.680626
73.74999999999795,3,NO_MOTION,FAIL,NO_MOTION,NO_MOTION,FRESH,STALE,STALE,FRESH,0,80.0,80.0,0.0,0.0,0.0,0.0,37.250686,126.674964,37.254138,126.680626
73.79999999999795,3,NO_MOTION,FAIL,NO_MOTION,NO_MOTION,FRESH,STALE,STALE,FRESH,0,80.0,80.0,0.0,0.0,0.0,0.0,37.250686,126.674964,37.254138,126.680626
73.84999999999795,3,NO_MOTION,FAIL,NO_MOTION,NO_MOTION,FRESH,STALE,STALE,FRESH,0,80.0,80.0,0.0,0.0,0.0,0.0,37.250686,126.674964,37.254138,126.680626
73.89999999999795,3,NO_MOTION,FAIL,NO_MOTION,NO_MOTION,FRESH,STALE,STALE,FRESH,0,80.0,80.0,0.0,0.0,0.0,0.0,37.250686,126.674964,37.254138,126.680626
73.94999999999794,3,NO_MOTION,FAIL,NO_MOTION,NO_MOTION,FRESH,STALE,STALE,FRESH,0,80.0,80.0,0.0,0.0,0.0,0.0,37.250686,126.674964,37.254138,126.680626
73.99999999999794,3,NO_MOTION,FAIL,NO_MOTION,NO_MOTION,FRESH,STALE,STALE,STALE,0,80.0,80.0,0.0,0.0,0.0,0.0,37.250686,126.674964,37.254138,126.680626
74.04999999999794,3,NO_MOTION,FAIL,NO_MOTION,NO_MOTION,FRESH,STALE,STALE,STALE,0,80.0,80.0,0.0,0.0,0.0,0.0,37.250686,126.674964,37.254138,126.680626
74.09999999999793,3,NO_MOTION,FAIL,NO_MOTION,NO_MOTION,FRESH,STALE,STALE,STALE,0,80.0,80.0,0.0,0.0,0.0,0.0,37.250686,126.674964,37.254138,126.680626
74.14999999999793,3,NO_MOTION,FAIL,NO_MOTION,NO_MOTION,FRESH,STALE,STALE,STALE,0,80.0,80.0,0.0,0.0,0.0,0.0,37.250686,126.674964,37.254138,126.680626
74.19999999999793,3,ACTIVE,FAIL,NO_MOTION,NO_MOTION,FRESH,STALE,FRESH,FRESH,1,47.5,112.5,65.0,25.0,0.0,0.0,37.250686,126.674964,37.254138,126.680626
74.24999999999793,3,ACTIVE,FAIL,NO_MOTION,NO_MOTION,FRESH,STALE,FRESH,FRESH,1,47.5,112.5,65.0,25.0,0.0,0.0,37.250686,126.674964,37.254138,126.680626
74.29999999999792,3,ACTIVE,FAIL,NO_MOTION,NO_MOTION,FRESH,STALE,FRESH,FRESH,1,47.5,112.5,65.0,25.0,0.0,0.0,37.250686,126.674964,37.254138,126.680626
74.34999999999792,3,ACTIVE,FAIL,NO_MOTION,NO_MOTION,FRESH,STALE,FRESH,FRESH,1,47.5,112.5,65.0,25.0,0.0,0.0,37.250686,126.674964,37.254138,126.680626
74.39999999999792,3,ACTIVE,FAIL,NO_MOTION,NO_MOTION,FRESH,STALE,FRESH,FRESH,1,47.5,112.5,65.0,25.0,0.0,0.0,37.250686,126.674964,37.254138,126.680626
74.44999999999791,3,ACTIVE,FAIL,NO_MOTION,NO_MOTION,FRESH,STALE,FRESH,FRESH,1,47.5,112.5,65.0,25.0,0.0,0.0,37.250686,126.674964,37.254138,126.680626
74.49999999999791,3,ACTIVE,FAIL,NO_MOTION,NO_MOTION,FRESH,STALE,FRESH,FRESH,1,47.5,112.5,65.0,25.0,0.0,0.0,37.250686,126.674964,37.254138,126.680626
74.54999999999791,3,NO_MOTION,FAIL,NO_MOTION,NO_MOTION,FRESH,STALE,STALE,FRESH,0,80.0,80.0,0.0,0.0,0.0,0.0,37.250686,126.674964,37.254138,126.680626
74.5999999999979,3,NO_MOTION,FAIL,NO_MOTION,NO_MOTION,FRESH,STALE,STALE,FRESH,0,80.0,80.0,0.0,0.0,0.0,0.0,37.250686,126.674964,37.254138,126.680626
74.6499999999979,3,NO_MOTION,FAIL,NO_MOTION,NO_MOTION,FRESH,STALE,STALE,FRESH,0,80.0,80.0,0.0,0.0,0.0,0.0,37.250686,126.674964,37.254138,126.680626
74.6999999999979,3,NO_MOTION,FAIL,NO_MOTION,NO_MOTION,FRESH,STALE,STALE,FRESH,0,80.0,80.0,0.0,0.0,0.0,0.0,37.250686,126.674964,37.254138,126.680626
74.7499999999979,3,NO_MOTION,FAIL,NO_MOTION,NO_MOTION,FRESH,STALE,STALE,FRESH,0,80.0,80.0,0.0,0.0,0.0,0.0,37.250686,126.674964,37.254138,126.680626
74.7999999999979,3,NO_MOTION,FAIL,NO_MOTION,NO_MOTION,FRESH,STALE,STALE,FRESH,0,80.0,80.0,0.0,0.0,0.0,0.0,37.250686,126.674964,37.254138,126.680626
74.84999999999789,3,NO_MOTION,FAIL,NO_MOTION,NO_MOTION,FRESH,STALE,STALE,FRESH,0,80.0,80.0,0.0,0.0,0.0,0.0,37.250686,126.674964,37.254138,126.680626
74.89999999999789,3,NO_MOTION,FAIL,NO_MOTION,NO_MOTION,FRESH,STALE,STALE,FRESH,0,80.0,80.0,0.0,0.0,0.0,0.0,37.250686,126.674964,37.254138,126.680626
74.94999999999789,3,NO_MOTION,FAIL,NO_MOTION,NO_MOTION,FRESH,STALE,STALE,FRESH,0,80.0,80.0,0.0,0.0,0.0,0.0,37.250686,126.674964,37.254138,126.680626
74.99999999999788,3,NO_MOTION,FAIL,NO_MOTION,NO_MOTION,FRESH,STALE,STALE,STALE,0,80.0,80.0,0.0,0.0,0.0,0.0,37.250686,126.674964,37.254138,126.680626
75.04999999999788,3,NO_MOTION,FAIL,NO_MOTION,NO_MOTION,FRESH,STALE,STALE,STALE,0,80.0,80.0,0.0,0.0,0.0,0.0,37.250686,126.674964,37.254138,126.680626
75.09999999999788,3,NO_MOTION,FAIL,NO_MOTION,NO_MOTION,FRESH,STALE,STALE,STALE,0,80.0,80.0,0.0,0.0,0.0,0.0,37.250686,126.674964,37.254138,126.680626
75.14999999999787,3,NO_MOTION,FAIL,NO_MOTION,NO_MOTION,FRESH,STALE,STALE,STALE,0,80.0,80.0,0.0,0.0,0.0,0.0,37.250686,126.674964,37.254138,126.680626
75.19999999999787,3,ACTIVE,NOMINAL_CLOSED_LOOP,NOMINAL_CLOSED_LOOP,NONE,FRESH,FRESH,FRESH,FRESH,1,53.90767265388133,106.09232734611868,52.184654692237345,12.907300682744145,-146.5291894334473,134.19506820429825,37.250686,126.674964,37.254138,126.680626
75.24999999999787,3,ACTIVE,NOMINAL_CLOSED_LOOP,NOMINAL_CLOSED_LOOP,NONE,FRESH,FRESH,FRESH,FRESH,1,53.90097400353996,106.09902599646004,52.19805199292009,12.907300682744145,-146.5291894334473,134.19506820429825,37.250686,126.674964,37.254138,126.680626
75.29999999999787,3,ACTIVE,NOMINAL_CLOSED_LOOP,NOMINAL_CLOSED_LOOP,NONE,FRESH,FRESH,FRESH,FRESH,1,53.89427535319858,106.10572464680142,52.21144929360283,12.907300682744145,-146.5291894334473,134.19506820429825,37.250686,126.674964,37.254138,126.680626
75.34999999999786,3,ACTIVE,NOMINAL_CLOSED_LOOP,NOMINAL_CLOSED_LOOP,NONE,FRESH,FRESH,FRESH,FRESH,1,53.88757670285721,106.11242329714278,52.22484659428558,12.907300682744145,-146.5291894334473,134.19506820429825,37.250686,126.674964,37.254138,126.680626
75.39999999999786,3,ACTIVE,NOMINAL_CLOSED_LOOP,NOMINAL_CLOSED_LOOP,NONE,FRESH,FRESH,FRESH,FRESH,1,53.88087805251584,106.11912194748416,52.23824389496832,12.907300682744145,-146.5291894334473,134.19506820429825,37.250686,126.674964,37.254138,126.680626
75.44999999999786,3,ACTIVE,NOMINAL_CLOSED_LOOP,NOMINAL_CLOSED_LOOP,NONE,FRESH,FRESH,FRESH,FRESH,1,53.87417940217447,106.12582059782554,52.25164119565106,12.907300682744145,-146.5291894334473,134.19506820429825,37.250686,126.674964,37.254138,126.680626
75.49999999999785,3,ACTIVE,NOMINAL_CLOSED_LOOP,NOMINAL_CLOSED_LOOP,NONE,FRESH,FRESH,FRESH,FRESH,1,53.8674807518331,106.1325192481669,52.26503849633381,12.907300682744145,-146.5291894334473,134.19506820429825,37.250686,126.674964,37.254138,126.680626
75.54999999999785,3,ACTIVE,NOMINAL_FEEDFORWARD,NOMINAL_FEEDFORWARD,NONE,FRESH,FRESH,STALE,FRESH,1,58.3652815685868,101.6347184314132,43.269436862826396,11.293888097401128,-146.5291894334473,134.19506820429825,37.250686,126.674964,37.254138,126.680626
75.59999999999785,3,ACTIVE,NOMINAL_FEEDFORWARD,NOMINAL_FEEDFORWARD,NONE,FRESH,FRESH,STALE,FRESH,1,58.3652815685868,101.6347184314132,43.269436862826396,11.293888097401128,-146.5291894334473,134.19506820429825,37.250686,126.674964,37.254138,126.680626
75.64999999999785,3,ACTIVE,NOMINAL_FEEDFORWARD,NOMINAL_FEEDFORWARD,NONE,FRESH,FRESH,STALE,FRESH,1,58.3652815685868,101.6347184314132,43.269436862826396,11.293888097401128,-146.5291894334473,134.19506820429825,37.250686,126.674964,37.254138,126.680626
75.69999999999784,3,ACTIVE,NOMINAL_FEEDFORWARD,NOMINAL_FEEDFORWARD,NONE,FRESH,FRESH,STALE,FRESH,1,58.3652815685868,101.6347184314132,43.269436862826396,11.293888097401128,-146.5291894334473,134.19506820429825,37.250686,126.674964,37.254138,126.680626
75.74999999999784,3,ACTIVE,NOMINAL_FEEDFORWARD,NOMINAL_FEEDFORWARD,NONE,FRESH,FRESH,STALE,FRESH,1,58.3652815685868,101.6347184314132,43.269436862826396,11.293888097401128,-146.5291894334473,134.19506820429825,37.250686,126.674964,37.254138,126.680626
75.79999999999784,3,ACTIVE,NOMINAL_FEEDFORWARD,NOMINAL_FEEDFORWARD,NONE,FRESH,FRESH,STALE,FRESH,1,58.3652815685868,101.6347184314132,43.269436862826396,11.293888097401128,-146.5291894334473,134.19506820429825,37.250686,126.674964,37.254138,126.680626
75.84999999999783,3,ACTIVE,NOMINAL_FEEDFORWARD,NOMINAL_FEEDFORWARD,NONE,FRESH,FRESH,STALE,FRESH,1,58.3652815685868,101.6347184314132,43.269436862826396,11.293888097401128,-146.5291894334473,134.19506820429825,37.250686,126.674964,37.254138,126.680626
75.89999999999783,3,ACTIVE,NOMINAL_FEEDFORWARD,NOMINAL_FEEDFORWARD,NONE,FRESH,FRESH,STALE,FRESH,1,58.3652815685868,101.6347184314132,43.269436862826396,11.293888097401128,-146.5291894334473,134.19506820429825,37.250686,126.674964,37.254138,126.680626
75.94999999999783,3,ACTIVE,NOMINAL_FEEDFORWARD,NOMINAL_FEEDFORWARD,NONE,FRESH,FRESH,STALE,FRESH,1,58.3652815685868,101.6347184314132,43.269436862826396,11.293888097401128,-146.5291894334473,134.19506820429825,37.250686,126.674964,37.254138,126.680626
75.99999999999783,3,ACTIVE,NOMINAL_FEEDFORWARD,NOMINAL_FEEDFORWARD,NONE,FRESH,FRESH,STALE,STALE,1,58.3652815685868,101.6347184314132,43.269436862826396,11.293888097401128,-146.5291894334473,134.19506820429825,37.250686,126.674964,37.254138,126.680626
76.04999999999782,3,ACTIVE,NOMINAL_FEEDFORWARD,NOMINAL_FEEDFORWARD,NONE,FRESH,FRESH,STALE,STALE,1,58.3652815685868,101.6347184314132,43.269436862826396,11.293888097401128,-146.5291894334473,134.19506820429825,37.250686,126.674964,37.254138,126.680626
76.09999999999782,3,ACTIVE,NOMINAL_FEEDFORWARD,NOMINAL_FEEDFORWARD,NONE,FRESH,FRESH,STALE,STALE,1,58.3652815685868,101.6347184314132,43.269436862826396,11.293888097401128,-146.5291894334473,134.19506820429825,37.250686,126.674964,37.254138,126.680626
76.14999999999782,3,ACTIVE,NOMINAL_FEEDFORWARD,NOMINAL_FEEDFORWARD,NONE,FRESH,FRESH,STALE,STALE,1,58.3652815685868,101.6347184314132,43.269436862826396,11.293888097401128,-146.5291894334473,134.19506820429825,37.250686,126.674964,37.254138,126.680626
76.19999999999781,3,DEGRADED,DEGRADED_CLOSED_LOOP,DEGRADED_CLOSED_LOOP,NONE,FRESH,FRESHED,FRESH,FRESH,1,54.865281568587,105.134718431413,57.34292382899207,16.101542090563964,-146.5291894334473,134.19506820429825,37.250686,126.674964,37.254138,126.680626
76.24999999999781,3,DEGRADED,DEGRADED_CLOSED_LOOP,DEGRADED_CLOSED_LOOP,NONE,FRESH,FRESHED,FRESH,FRESH,1,51.3652815685872,108.63471843141281,57.35855537108264,16.101542090563964,-146.5291894334473,134.19506820429825,37.250686,126.674964,37.254138,126.680626
76.29999999999781,3,DEGRADED,DEGRADED_CLOSED_LOOP,DEGRADED_CLOSED_LOOP,NONE,FRESH,FRESHED,FRESH,FRESH,1,51.312906543413405,108.6870934565866,57.3741869131732,16.101542090563964,-146.5291894334473,134.19506820429825,37.250686,126.674964,37.254138,126.680626
76.3499999999978,3,DEGRADED,DEGRADED_CLOSED_LOOP,DEGRADED_CLOSED_LOOP,NONE,FRESH,FRESHED,FRESH,FRESH,1,51.30509077236812,108.69490922763188,57.389818455263764,16.101542090563964,-146.5291894334473,134.19506820429825,37.250686,126.674964,37.254138,126.680626
76.3999999999978,3,DEGRADED,DEGRADED_CLOSED_LOOP,DEGRADED_CLOSED_LOOP,NONE,FRESH,FRESHED,FRESH,FRESH,1,51.29727500132284,108.70272499867716,57.405449997354324,16.101542090563964,-146.5291894334473,134.19506820429825,37.250686,126.674964,37.254138,126.680626
76.4499999999978,3,DEGRADED,DEGRADED_CLOSED_LOOP,DEGRADED_CLOSED_LOOP,NONE,FRESH,FRESHED,FRESH,FRESH,1,51.28945923027756,108.71054076972244,57.421081539444884,16.101542090563964,-146.5291894334473,134.19506820429825,37.250686,126.674964,37.254138,126.680626
76.4999999999978,3,DEGRADED,DEGRADED_CLOSED_LOOP,DEGRADED_CLOSED_LOOP,NONE,FRESH,FRESHED,FRESH,FRESH,1,51.28164345923227,108.71835654076773,57.43671308153545,16.101542090563964,-146.5291894334473,134.19506820429825,37.250686,126.674964,37.254138,126.680626
76.5499999999978,3,DEGRADED,DEGRADED_FEEDFORWARD,DEGRADED_FEEDFORWARD,NONE,FRESH,FRESHED,STALE,FRESH,1,54.2816434592321,105.7183565407679,32.200949070037616,8.568147539097026,-146.5291894334473,134.19506820429825,37.250686,126.674964,37.254138,126.680626
76.59999999999779,3,DEGRADED,DEGRADED_FEEDFORWARD,DEGRADED_FEEDFORWARD,NONE,FRESH,FRESHED,STALE,FRESH,1,57.28164345923193,102.71835654076807,32.200949070037616,8.568147539097026,-146.5291894334473,134.19506820429825,37.250686,126.674964,37.254138,126.680626
76.64999999999779,3,DEGRADED,DEGRADED_FEEDFORWARD,DEGRADED_FEEDFORWARD,NONE,FRESH,FRESHED,STALE,FRESH,1,60.28164345923176,99.71835654076824,32.200949070037616,8.568147539097026,-146.5291894334473,134.19506820429825,37.250686,126.674964,37.254138,126.680626
76.69999999999779,3,DEGRADED,DEGRADED_FEEDFORWARD,DEGRADED_FEEDFORWARD,NONE,FRESH,FRESHED,STALE,FRESH,1,63.28164345923159,96.71835654076841,32.200949070037616,8.568147539097026,-146.5291894334473,134.19506820429825,37.250686,126.674964,37.254138,126.680626
76.74999999999778,3,DEGRADED,DEGRADED_FEEDFORWARD,DEGRADED_FEEDFORWARD,NONE,FRESH,FRESHED,STALE,FRESH,1,63.899525464981195,96.1004745350188,32.200949070037616,8.568147539097026,-146.5291894334473,134.19506820429825,37.250686,126.674964,37.254138,126.680626
76.79999999999778,3,DEGRADED,DEGRADED_FEEDFORWARD,DEGRADED_FEEDFORWARD,NONE,FRESH,FRESHED,STALE,FRESH,1,63.899525464981195,96.1004745350188,32.200949070037616,8.568147539097026,-146.5291894334473,134.19506820429825,37.250686,126.674964,37.254138,126.680626
76.84999999999778,3,DEGRADED,DEGRADED_FEEDFORWARD,DEGRADED_FEEDFORWARD,NONE,FRESH,FRESHED,STALE,FRESH,1,63.899525464981195,96.1004745350188,32.200949070037616,8.568147539097026,-146.5291894334473,134.19506820429825,37.250686,126.674964,37.254138,126.680626
76.89999999999777,3,DEGRADED,DEGRADED_FEEDFORWARD,DEGRADED_FEEDFORWARD,NONE,FRESH,FRESHED,STALE,FRESH,1,63.899525464981195,96.1004745350188,32.200949070037616,8.568147539097026,-146.5291894334473,134.19506820429825,37.250686,126.674964,37.254138,126.680626
76.94999999999777,3,DEGRADED,DEGRADED_FEEDFORWARD,DEGRADED_FEEDFORWARD,NONE,FRESH,FRESHED,STALE,FRESH,1,63.899525464981195,96.1004745350188,32.200949070037616,8.568147539097026,-146.5291894334473,134.19506820429825,37.250686,126.674964,37.254138,126.680626
76.99999999999777,3,DEGRADED,DEGRADED_FEEDFORWARD,DEGRADED_FEEDFORWARD,NONE,FRESH,FRESHED,STALE,STALE,1,63.899525464981195,96.1004745350188,32.200949070037616,8.568147539097026,-146.5291894334473,134.19506820429825,37.250686,126.674964,37.254138,126.680626
77.04999999999777,3,DEGRADED,DEGRADED_FEEDFORWARD,DEGRADED_FEEDFORWARD,NONE,FRESH,FRESHED,STALE,STALE,1,63.899525464981195,96.1004745350188,32.200949070037616,8.568147539097026,-146.5291894334473,134.19506820429825,37.250686,126.674964,37.254138,126.680626
77.09999999999776,3,DEGRADED,DEGRADED_FEEDFORWARD,DEGRADED_FEEDFORWARD,NONE,FRESH,FRESHED,STALE,STALE,1,63.899525464981195,96.1004745350188,32.200949070037616,8.568147539097026,-146.5291894334473,134.19506820429825,37.250686,126.674964,37.254138,126.680626
77.14999999999776,3,DEGRADED,DEGRADED_FEEDFORWARD,DEGRADED_FEEDFORWARD,NONE,FRESH,FRESHED,STALE,STALE,1,63.899525464981195,96.1004745350188,32.200949070037616,8.568147539097026,-146.5291894334473,134.19506820429825,37.250686,126.674964,37.254138,126.680626
77.19999999999776,3,ACTIVE,NOMINAL_CLOSED_LOOP,NOMINAL_CLOSED_LOOP,NONE,FRESH,FRESH,FRESH,FRESH,1,58.89952546498148,101.10047453501852,76.44256238491305,21.986636998813392,-140.09013565234085,142.41901326222836,37.250686,126.674964,37.254138,126.680626
77.24999999999775,3,ACTIVE,NOMINAL_CLOSED_LOOP,NOMINAL_CLOSED_LOOP,NONE,FRESH,FRESH,FRESH,FRESH,1,53.899525464981764,106.10047453501824,76.46537902191186,21.986636998813392,-140.09013565234085,142.41901326222836,37.250686,126.674964,37.254138,126.680626
77.29999999999775,3,ACTIVE,NOMINAL_CLOSED_LOOP,NOMINAL_CLOSED_LOOP,NONE,FRESH,FRESH,FRESH,FRESH,1,48.89952546498205,111.10047453501795,76.48819565891067,21.986636998813392,-140.09013565234085,142.41901326222836,37.250686,126.674964,37.254138,126.680626
77.34999999999775,3,ACTIVE,NOMINAL_CLOSED_LOOP,NOMINAL_CLOSED_LOOP,NONE,FRESH,FRESH,FRESH,FRESH,1,43.89952546498233,116.10047453501767,76.51101229590948,21.986636998813392,-140.09013565234085,142.41901326222836,37.250686,126.674964,37.254138,126.680626
77.39999999999775,3,ACTIVE,NOMINAL_CLOSED_LOOP,NOMINAL_CLOSED_LOOP,NONE,FRESH,FRESH,FRESH,FRESH,1,41.733085533545854,118.26691446645415,76.53382893290829,21.986636998813392,-140.09013565234085,142.41901326222836,37.250686,126.674964,37.254138,126.680626
77.44999999999774,3,ACTIVE,NOMINAL_CLOSED_LOOP,NOMINAL_CLOSED_LOOP,NONE,FRESH,FRESH,FRESH,FRESH,1,41.72167721504645,118.27832278495356,76.5566455699071,21.986636998813392,-140.09013565234085,142.41901326222836,37.250686,126.674964,37.254138,126.680626
77.49999999999774,3,ACTIVE,NOMINAL_CLOSED_LOOP,NOMINAL_CLOSED_LOOP,NONE,FRESH,FRESH,FRESH,FRESH,1,41.71026889654704,118.28973110345297,76.57946220690592,21.986636998813392,-140.09013565234085,142.41901326222836,37.250686,126.674964,37.254138,126.680626
77.54999999999774,3,ACTIVE,NOMINAL_FEEDFORWARD,NOMINAL_FEEDFORWARD,NONE,FRESH,FRESH,STALE,FRESH,1,46.210268896546786,113.78973110345322,62.00789225985542,19.238307373961717,-140.09013565234085,142.41901326222836,37.250686,126.674964,37.254138,126.680626
77.59999999999773,3,ACTIVE,NOMINAL_FEEDFORWARD,NOMINAL_FEEDFORWARD,NONE,FRESH,FRESH,STALE,FRESH,1,48.99605387007229,111.00394612992771,62.00789225985542,19.238307373961717,-140.09013565234085,142.41901326222836,37.250686,126.674964,37.254138,126.680626
77.64999999999773,3,ACTIVE,NOMINAL_FEEDFORWARD,NOMINAL_FEEDFORWARD,NONE,FRESH,FRESH,STALE,FRESH,1,48.99605387007229,111.00394612992771,62.00789225985542,19.238307373961717,-140.09013565234085,142.41901326222836,37.250686,126.674964,37.254138,126.680626
77.69999999999773,3,ACTIVE,NOMINAL_FEEDFORWARD,NOMINAL_FEEDFORWARD,NONE,FRESH,FRESH,STALE,FRESH,1,48.99605387007229,111.00394612992771,62.00789225985542,19.238307373961717,-140.09013565234085,142.41901326222836,37.250686,126.674964,37.254138,126.680626
77.74999999999773,3,ACTIVE,NOMINAL_FEEDFORWARD,NOMINAL_FEEDFORWARD,NONE,FRESH,FRESH,STALE,FRESH,1,48.99605387007229,111.00394612992771,62.00789225985542,19.238307373961717,-140.09013565234085,142.41901326222836,37.250686,126.674964,37.254138,126.680626
77.79999999999772,3,ACTIVE,NOMINAL_FEEDFORWARD,NOMINAL_FEEDFORWARD,NONE,FRESH,FRESH,STALE,FRESH,1,48.99605387007229,111.00394612992771,62.00789225985542,19.238307373961717,-140.09013565234085,142.41901326222836,37.250686,126.674964,37.254138,126.680626
77.84999999999772,3,ACTIVE,NOMINAL_FEEDFORWARD,NOMINAL_FEEDFORWARD,NONE,FRESH,FRESH,STALE,FRESH,1,48.99605387007229,111.00394612992771,62.00789225985542,19.238307373961717,-140.09013565234085,142.41901326222836,37.250686,126.674964,37.254138,126.680626
77.89999999999772,3,ACTIVE,NOMINAL_FEEDFORWARD,NOMINAL_FEEDFORWARD,NONE,FRESH,FRESH,STALE,FRESH,1,48.99605387007229,111.00394612992771,62.00789225985542,19.238307373961717,-140.09013565234085,142.41901326222836,37.250686,126.674964,37.254138,126.680626
77.94999999999771,3,ACTIVE,NOMINAL_FEEDFORWARD,NOMINAL_FEEDFORWARD,NONE,FRESH,FRESH,STALE,FRESH,1,48.99605387007229,111.00394612992771,62.00789225985542,19.238307373961717,-140.09013565234085,142.41901326222836,37.250686,126.674964,37.254138,126.680626
77.99999999999771,3,ACTIVE,NOMINAL_FEEDFORWARD,NOMINAL_FEEDFORWARD,NONE,FRESH,FRESH,STALE,STALE,1,48.99605387007229,111.00394612992771,62.00789225985542,19.238307373961717,-140.09013565234085,142.41901326222836,37.250686,126.674964,37.254138,126.680626
78.04999999999771,3,ACTIVE,NOMINAL_FEEDFORWARD,NOMINAL_FEEDFORWARD,NONE,FRESH,FRESH,STALE,STALE,1,48.99605387007229,111.00394612992771,62.00789225985542,19.238307373961717,-140.09013565234085,142.41901326222836,37.250686,126.674964,37.254138,126.680626
78.0999999999977,3,ACTIVE,NOMINAL_FEEDFORWARD,NOMINAL_FEEDFORWARD,NONE,FRESH,FRESH,STALE,STALE,1,48.99605387007229,111.00394612992771,62.00789225985542,19.238307373961717,-140.09013565234085,142.41901326222836,37.250686,126.674964,37.254138,126.680626
78.1499999999977,3,ACTIVE,NOMINAL_FEEDFORWARD,NOMINAL_FEEDFORWARD,NONE,FRESH,FRESH,STALE,STALE,1,48.99605387007229,111.00394612992771,62.00789225985542,19.238307373961717,-140.09013565234085,142.41901326222836,37.250686,126.674964,37.254138,126.680626
78.1999999999977,3,DEGRADED,DEGRADED_CLOSED_LOOP,DEGRADED_CLOSED_LOOP,NONE,FRESH,FRESHED,FRESH,FRESH,1,52.33478469986312,107.66521530013688,55.33043060027376,15.219299584343785,-140.09013565234085,142.41901326222836,37.250686,126.674964,37.254138,126.680626
78.2499999999977,3,DEGRADED,DEGRADED_CLOSED_LOOP,DEGRADED_CLOSED_LOOP,NONE,FRESH,FRESHED,FRESH,FRESH,1,52.32715005007095,107.67284994992906,55.345699899858104,15.219299584343785,-140.09013565234085,142.41901326222836,37.250686,126.674964,37.254138,126.680626
78.2999999999977,3,DEGRADED,DEGRADED_CLOSED_LOOP,DEGRADED_CLOSED_LOOP,NONE,FRESH,FRESHED,FRESH,FRESH,1,52.319515400278775,107.68048459972123,55.360969199442444,15.219299584343785,-140.09013565234085,142.41901326222836,37.250686,126.674964,37.254138,126.680626
78.34999999999769,3,DEGRADED,DEGRADED_CLOSED_LOOP,DEGRADED_CLOSED_LOOP,NONE,FRESH,FRESHED,FRESH,FRESH,1,52.31188075048661,107.68811924951339,55.37623849902678,15.219299584343785,-140.09013565234085,142.41901326222836,37.250686,126.674964,37.254138,126.680626
78.39999999999769,3,DEGRADED,DEGRADED_CLOSED_LOOP,DEGRADED_CLOSED_LOOP,NONE,FRESH,FRESHED,FRESH,FRESH,1,52.304246100694435,107.69575389930557,55.39150779861113,15.219299584343785,-140.09013565234085,142.41901326222836,37.250686,126.674964,37.254138,126.680626
78.44999999999769,3,DEGRADED,DEGRADED_CLOSED_LOOP,DEGRADED_CLOSED_LOOP,NONE,FRESH,FRESHED,FRESH,FRESH,1,52.29661145090226,107.70338854909774,55.40677709819547,15.219299584343785,-140.09013565234085,142.41901326222836,37.250686,126.674964,37.254138,126.680626
78.49999999999768,3,DEGRADED,DEGRADED_CLOSED_LOOP,DEGRADED_CLOSED_LOOP,NONE,FRESH,FRESHED,FRESH,FRESH,1,52.288976801110095,107.7110231988899,55.422046397779816,15.219299584343785,-140.09013565234085,142.41901326222836,37.250686,126.674964,37.254138,126.680626
78.54999999999768,3,DEGRADED,DEGRADED_FEEDFORWARD,DEGRADED_FEEDFORWARD,NONE,FRESH,FRESHED,STALE,FRESH,1,55.288976801109925,104.71102319889008,31.364541908268492,8.1996068061971,-140.09013565234085,142.41901326222836,37.250686,126.674964,37.254138,126.680626
78.59999999999768,3,DEGRADED,DEGRADED_FEEDFORWARD,DEGRADED_FEEDFORWARD,NONE,FRESH,FRESHED,STALE,FRESH,1,58.288976801109754,101.71102319889025,31.364541908268492,8.1996068061971,-140.09013565234085,142.41901326222836,37.250686,126.674964,37.254138,126.680626
78.64999999999768,3,DEGRADED,DEGRADED_FEEDFORWARD,DEGRADED_FEEDFORWARD,NONE,FRESH,FRESHED,STALE,FRESH,1,61.288976801109584,98.71102319889042,31.364541908268492,8.1996068061971,-140.09013565234085,142.41901326222836,37.250686,126.674964,37.254138,126.680626
78.69999999999767,3,DEGRADED,DEGRADED_FEEDFORWARD,DEGRADED_FEEDFORWARD,NONE,FRESH,FRESHED,STALE,FRESH,1,64.28897680110941,95.71102319889059,31.364541908268492,8.1996068061971,-140.09013565234085,142.41901326222836,37.250686,126.674964,37.254138,126.680626
78.74999999999767,3,DEGRADED,DEGRADED_FEEDFORWARD,DEGRADED_FEEDFORWARD,NONE,FRESH,FRESHED,STALE,FRESH,1,64.31772904586575,95.68227095413425,31.364541908268492,8.1996068061971,-140.09013565234085,142.41901326222836,37.250686,126.674964,37.254138,126.680626
78.79999999999767,3,DEGRADED,DEGRADED_FEEDFORWARD,DEGRADED_FEEDFORWARD,NONE,FRESH,FRESHED,STALE,FRESH,1,64.31772904586575,95.68227095413425,31.364541908268492,8.1996068061971,-140.09013565234085,142.41901326222836,37.250686,126.674964,37.254138,126.680626
78.84999999999766,3,DEGRADED,DEGRADED_FEEDFORWARD,DEGRADED_FEEDFORWARD,NONE,FRESH,FRESHED,STALE,FRESH,1,64.31772904586575,95.68227095413425,31.364541908268492,8.1996068061971,-140.09013565234085,142.41901326222836,37.250686,126.674964,37.254138,126.680626
78.89999999999766,3,DEGRADED,DEGRADED_FEEDFORWARD,DEGRADED_FEEDFORWARD,NONE,FRESH,FRESHED,STALE,FRESH,1,64.31772904586575,95.68227095413425,31.364541908268492,8.1996068061971,-140.09013565234085,142.41901326222836,37.250686,126.674964,37.254138,126.680626
78.94999999999766,3,DEGRADED,DEGRADED_FEEDFORWARD,DEGRADED_FEEDFORWARD,NONE,FRESH,FRESHED,STALE,FRESH,1,64.31772904586575,95.68227095413425,31.364541908268492,8.1996068061971,-140.09013565234085,142.41901326222836,37.250686,126.674964,37.254138,126.680626
78.99999999999766,3,DEGRADED,DEGRADED_FEEDFORWARD,DEGRADED_FEEDFORWARD,NONE,FRESH,FRESHED,STALE,STALE,1,64.31772904586575,95.68227095413425,31.364541908268492,8.1996068061971,-140.09013565234085,142.41901326222836,37.250686,126.674964,37.254138,126.680626
79.04999999999765,3,DEGRADED,DEGRADED_FEEDFORWARD,DEGRADED_FEEDFORWARD,NONE,FRESH,FRESHED,STALE,STALE,1,64.31772904586575,95.68227095413425,31.364541908268492,8.1996068061971,-140.09013565234085,142.41901326222836,37.250686,126.674964,37.254138,126.680626
79.09999999999765,3,DEGRADED,DEGRADED_FEEDFORWARD,DEGRADED_FEEDFORWARD,NONE,FRESH,FRESHED,STALE,STALE,1,64.31772904586575,95.68227095413425,31.364541908268492,8.1996068061971,-140.09013565234085,142.41901326222836,37.250686,126.674964,37.254138,126.680626
79.14999999999765,3,DEGRADED,DEGRADED_FEEDFORWARD,DEGRADED_FEEDFORWARD,NONE,FRESH,FRESHED,STALE,STALE,1,64.31772904586575,95.68227095413425,31.364541908268492,8.1996068061971,-140.09013565234085,142.41901326222836,37.250686,126.674964,37.254138,126.680626
79.19999999999764,3,DEGRADED,DEGRADED_CLOSED_LOOP,DEGRADED_CLOSED_LOOP,NONE,FRESH,FRESHED,FRESH,FRESH,1,60.817729045865946,99.18227095413405,62.17587924351928,17.892086890606084,-140.09013565234085,142.41901326222836,37.250686,126.674964,37.254138,126.680626
79.24999999999764,3,DEGRADED,DEGRADED_CLOSED_LOOP,DEGRADED_CLOSED_LOOP,NONE,FRESH,FRESHED,FRESH,FRESH,1,57.317729045866145,102.68227095413386,62.194211330409885,17.892086890606084,-140.09013565234085,142.41901326222836,37.250686,126.674964,37.254138,126.680626
79.29999999999764,3,DEGRADED,DEGRADED_CLOSED_LOOP,DEGRADED_CLOSED_LOOP,NONE,FRESH,FRESHED,FRESH,FRESH,1,53.81772904586634,106.18227095413366,62.21254341730049,17.892086890606084,-140.09013565234085,142.41901326222836,37.250686,126.674964,37.254138,126.680626
79.34999999999764,3,DEGRADED,DEGRADED_CLOSED_LOOP,DEGRADED_CLOSED_LOOP,NONE,FRESH,FRESHED,FRESH,FRESH,1,50.31772904586654,109.68227095413346,62.2308755041911,17.892086890606084,-140.09013565234085,142.41901326222836,37.250686,126.674964,37.254138,126.680626
79.39999999999763,3,DEGRADED,DEGRADED_CLOSED_LOOP,DEGRADED_CLOSED_LOOP,NONE,FRESH,FRESHED,FRESH,FRESH,1,48.87539620445915,111.12460379554085,62.2492075910817,17.892086890606084,-140.09013565234085,142.41901326222836,37.250686,126.674964,37.254138,126.680626
79.44999999999763,3,DEGRADED,DEGRADED_CLOSED_LOOP,DEGRADED_CLOSED_LOOP,NONE,FRESH,FRESHED,FRESH,FRESH,1,48.866230161013846,111.13376983898615,62.26753967797231,17.892086890606084,-140.09013565234085,142.41901326222836,37.250686,126.674964,37.254138,126.680626
79.49999999999763,3,DEGRADED,DEGRADED_CLOSED_LOOP,DEGRADED_CLOSED_LOOP,NONE,FRESH,FRESHED,FRESH,FRESH,1,48.85706411756854,111.14293588243146,62.28587176486291,17.892086890606084,-140.09013565234085,142.41901326222836,37.250686,126.674964,37.254138,126.680626
79.54999999999762,3,DEGRADED,DEGRADED_FEEDFORWARD,DEGRADED_FEEDFORWARD,NONE,FRESH,FRESHED,STALE,FRESH,1,51.85706411756837,108.14293588243163,34.988519063242876,9.819067756281497,-140.09013565234085,142.41901326222836,37.250686,126.674964,37.254138,126.680626
79.59999999999762,3,DEGRADED,DEGRADED_FEEDFORWARD,DEGRADED_FEEDFORWARD,NONE,FRESH,FRESHED,STALE,FRESH,1,54.8570641175682,105.1429358824318,34.988519063242876,9.819067756281497,-140.09013565234085,142.41901326222836,37.250686,126.674964,37.254138,126.680626
79.64999999999762,3,DEGRADED,DEGRADED_FEEDFORWARD,DEGRADED_FEEDFORWARD,NONE,FRESH,FRESHED,STALE,FRESH,1,57.85706411756803,102.14293588243197,34.988519063242876,9.819067756281497,-140.09013565234085,142.41901326222836,37.250686,126.674964,37.254138,126.680626
79.69999999999762,3,DEGRADED,DEGRADED_FEEDFORWARD,DEGRADED_FEEDFORWARD,NONE,FRESH,FRESHED,STALE,FRESH,1,60.85706411756786,99.14293588243214,34.988519063242876,9.819067756281497,-140.09013565234085,142.41901326222836,37.250686,126.674964,37.254138,126.680626
79.74999999999761,3,DEGRADED,DEGRADED_FEEDFORWARD,DEGRADED_FEEDFORWARD,NONE,FRESH,FRESHED,STALE,FRESH,1,62.50574046837856,97.49425953162144,34.988519063242876,9.819067756281497,-140.09013565234085,142.41901326222836,37.250686,126.674964,37.254138,126.680626
79.79999999999761,3,DEGRADED,DEGRADED_FEEDFORWARD,DEGRADED_FEEDFORWARD,NONE,FRESH,FRESHED,STALE,FRESH,1,62.50574046837856,97.49425953162144,34.988519063242876,9.819067756281497,-140.09013565234085,142.41901326222836,37.250686,126.674964,37.254138,126.680626
79.8499999999976,3,DEGRADED,DEGRADED_FEEDFORWARD,DEGRADED_FEEDFORWARD,NONE,FRESH,FRESHED,STALE,FRESH,1,62.50574046837856,97.49425953162144,34.988519063242876,9.819067756281497,-140.09013565234085,142.41901326222836,37.250686,126.674964,37.254138,126.680626
79.8999999999976,3,DEGRADED,DEGRADED_FEEDFORWARD,DEGRADED_FEEDFORWARD,NONE,FRESH,FRESHED,STALE,FRESH,1,62.50574046837856,97.49425953162144,34.988519063242876,9.819067756281497,-140.09013565234085,142.41901326222836,37.250686,126.674964,37.254138,126.680626
79.9499999999976,3,DEGRADED,DEGRADED_FEEDFORWARD,DEGRADED_FEEDFORWARD,NONE,FRESH,FRESHED,STALE,FRESH,1,62.50574046837856,97.49425953162144,34.988519063242876,9.819067756281497,-140.09013565234085,142.41901326222836,37.250686,126.674964,37.254138,126.680626
79.9999999999976,3,DEGRADED,DEGRADED_FEEDFORWARD,DEGRADED_FEEDFORWARD,NONE,FRESH,FRESHED,STALE,STALE,1,62.50574046837856,97.49425953162144,34.988519063242876,9.819067756281497,-140.09013565234085,142.41901326222836,37.250686,126.674964,37.254138,126.680626
80.0499999999976,3,DEGRADED,DEGRADED_FEEDFORWARD,DEGRADED_FEEDFORWARD,NONE,FRESH,FRESHED,STALE,STALE,1,62.50574046837856,97.49425953162144,34.988519063242876,9.819067756281497,-140.09013565234085,142.41901326222836,37.250686,126.674964,37.254138,126.680626
80.09999999999759,3,DEGRADED,DEGRADED_FEEDFORWARD,DEGRADED_FEEDFORWARD,NONE,FRESH,FRESHED,STALE,STALE,1,62.50574046837856,97.49425953162144,34.988519063242876,9.819067756281497,-140.09013565234085,142.41901326222836,37.250686,126.674964,37.254138,126.680626
80.14999999999759,3,DEGRADED,DEGRADED_FEEDFORWARD,DEGRADED_FEEDFORWARD,NONE,FRESH,FRESHED,STALE,STALE,1,62.50574046837856,97.49425953162144,34.988519063242876,9.819067756281497,-140.09013565234085,142.41901326222836,37.250686,126.674964,37.254138,126.680626
80.19999999999759,3,DEGRADED,DEGRADED_CLOSED_LOOP,DEGRADED_CLOSED_LOOP,NONE,FRESHED,FRESHED,FRESH,FRESH,1,59.00574046837876,100.99425953162124,62.113908400539344,17.87196203660695,-137.94378439197206,145.1603282815384,37.250686,126.674964,37.254138,126.680626
80.24999999999758,3,DEGRADED,DEGRADED_CLOSED_LOOP,DEGRADED_CLOSED_LOOP,NONE,FRESHED,FRESHED,FRESH,FRESH,1,55.50574046837896,104.49425953162104,62.129631977209336,17.87093873255176,-137.83646682848402,145.2973940328572,37.250686,126.674964,37.254138,126.680626
80.29999999999758,3,DEGRADED,DEGRADED_CLOSED_LOOP,DEGRADED_CLOSED_LOOP,NONE,FRESHED,FRESHED,FRESH,FRESH,1,52.00574046837916,107.99425953162084,62.145350403593106,17.869913774863768,-137.72914926576078,145.43445978317737,37.250686,126.674964,37.254138,126.680626
80.34999999999758,3,DEGRADED,DEGRADED_CLOSED_LOOP,DEGRADED_CLOSED_LOOP,NONE,FRESHED,FRESHED,FRESH,FRESH,1,48.91946816600573,111.08053183399427,62.161063667988536,17.868887159541764,-137.62183170289993,145.57152553497656,37.250686,126.674964,37.254138,126.680626
80.39999999999758,3,DEGRADED,DEGRADED_CLOSED_LOOP,DEGRADED_CLOSED_LOOP,NONE,FRESHED,FRESHED,FRESH,FRESH,1,48.91161412065756,111.08838587934244,62.17677175868487,17.8678588825829,-137.51451414017671,145.7085912852968,37.250686,126.674964,37.254138,126.680626
80.44999999999757,3,DEGRADED,DEGRADED_CLOSED_LOOP,DEGRADED_CLOSED_LOOP,NONE,FRESHED,FRESHED,FRESH,FRESH,1,48.903762668046525,111.09623733195347,62.19247466390695,17.866828939960225,-137.40719657668868,145.84565703661556,37.250686,126.674964,37.254138,126.680626
80.49999999999757,3,DEGRADED,DEGRADED_CLOSED_LOOP,DEGRADED_CLOSED_LOOP,NONE,FRESHED,FRESHED,FRESH,FRESH,1,48.89591381404961,111.1040861859504,62.20817237190079,17.865797327657205,-137.29987901396544,145.98272278693577,37.250686,126.674964,37.254138,126.680626
80.54999999999757,3,DEGRADED,DEGRADED_FEEDFORWARD,DEGRADED_FEEDFORWARD,NONE,FRESHED,FRESHED,STALE,FRESH,1,51.895913814049436,108.10408618595056,34.942400285983226,9.798098347617623,-137.19256145047734,146.11978853825454,37.250686,126.674964,37.254138,126.680626
80.59999999999756,3,DEGRADED,DEGRADED_FEEDFORWARD,DEGRADED_FEEDFORWARD,NONE,FRESHED,FRESHED,STALE,FRESH,1,54.895913814049266,105.10408618595073,34.94065272629758,9.79730393886713,-137.08524388838137,146.25685428905518,37.250686,126.674964,37.254138,126.680626
80.64999999999756,3,DEGRADED,DEGRADED_FEEDFORWARD,DEGRADED_FEEDFORWARD,NONE,FRESHED,FRESHED,STALE,FRESH,1,57.895913814049095,102.1040861859509,34.93890228126918,9.79650823140701,-136.9779263248933,146.39392004037393,37.250686,126.674964,37.254138,126.680626
80.69999999999756,3,DEGRADED,DEGRADED_FEEDFORWARD,DEGRADED_FEEDFORWARD,NONE,FRESHED,FRESHED,STALE,FRESH,1,60.895913814048924,99.10408618595108,34.93714894382301,9.795711222085766,-136.87060876140526,146.5309857916927,37.250686,126.674964,37.254138,126.680626
80.74999999999756,3,DEGRADED,DEGRADED_FEEDFORWARD,DEGRADED_FEEDFORWARD,NONE,FRESHED,FRESHED,STALE,FRESH,1,62.532303646574604,97.4676963534254,34.93539270685079,9.794912907737103,-136.76329119868203,146.66805154201293,37.250686,126.674964,37.254138,126.680626
80.79999999999755,3,DEGRADED,DEGRADED_FEEDFORWARD,DEGRADED_FEEDFORWARD,NONE,FRESHED,FRESHED,STALE,FRESH,1,62.53318321840827,97.46681678159173,34.93363356318346,9.794113285167432,-136.65597363519396,146.80511729333168,37.250686,126.674964,37.254138,126.680626
80.84999999999755,3,DEGRADED,DEGRADED_FEEDFORWARD,DEGRADED_FEEDFORWARD,NONE,FRESHED,FRESHED,STALE,FRESH,1,62.534064247155484,97.46593575284452,34.93187150568903,9.79331235120032,-136.54865607309796,146.94218304413232,37.250686,126.674964,37.254138,126.680626
80.89999999999755,3,DEGRADED,DEGRADED_FEEDFORWARD,DEGRADED_FEEDFORWARD,NONE,FRESHED,FRESHED,STALE,FRESH,1,62.53494673643448,97.46505326356552,34.930106527131045,9.79251010261219,-136.44133850960992,147.0792487954511,37.250686,126.674964,37.254138,126.680626
80.94999999999754,3,DEGRADED,DEGRADED_FEEDFORWARD,DEGRADED_FEEDFORWARD,NONE,FRESHED,FRESHED,STALE,FRESH,1,62.53583068983469,97.46416931016532,34.92833862033062,9.791706536205961,-136.33402094688665,147.21631454577127,37.250686,126.674964,37.254138,126.680626
80.99999999999754,3,DEGRADED,DEGRADED_FEEDFORWARD,DEGRADED_FEEDFORWARD,NONE,FRESHED,FRESHED,STALE,STALE,1,62.53671611098766,97.46328388901233,34.926567778024676,9.790901648746612,-136.22670338339861,147.35338029709007,37.250686,126.674964,37.254138,126.680626
81.04999999999754,3,DEGRADED,DEGRADED_FEEDFORWARD,DEGRADED_FEEDFORWARD,NONE,FRESHED,FRESHED,STALE,STALE,1,62.53760300351158,97.46239699648842,34.924793992976845,9.790095437011592,-136.11938582067535,147.49044604741027,37.250686,126.674964,37.254138,126.680626
81.09999999999754,3,DEGRADED,DEGRADED_FEEDFORWARD,DEGRADED_FEEDFORWARD,NONE,FRESHED,FRESHED,STALE,STALE,1,62.53849137105658,97.46150862894342,34.92301725788684,9.789287897749634,-136.01206825781455,147.62751179920946,37.250686,126.674964,37.254138,126.680626
81.14999999999753,3,DEGRADED,DEGRADED_FEEDFORWARD,DEGRADED_FEEDFORWARD,NONE,FRESHED,FRESHED,STALE,STALE,1,62.53938121727505,97.46061878272495,34.9212375654499,9.788479027707773,-135.90475069509134,147.7645775495297,37.250686,126.674964,37.254138,126.680626
81.19999999999753,3,DEGRADED,DEGRADED_CLOSED_LOOP,DEGRADED_CLOSED_LOOP,NONE,FRESHED,FRESHED,FRESH,FRESH,1,59.03938121727525,100.96061878272475,61.97364292288021,17.851177149515614,-135.79743313160324,147.90164330084843,37.250686,126.674964,37.254138,126.680626
81.24999999999753,3,DEGRADED,DEGRADED_CLOSED_LOOP,DEGRADED_CLOSED_LOOP,NONE,FRESHED,FRESHED,FRESH,FRESH,1,55.53938121727545,104.46061878272455,51.57279508969071,13.741648124258372,-126.91672978714018,159.2440489918409,37.250686,126.674964,37.254138,126.680626
81.29999999999752,3,DEGRADED,DEGRADED_CLOSED_LOOP,DEGRADED_CLOSED_LOOP,NONE,FRESHED,FRESHED,FRESH,FRESH,1,54.20666663109252,105.79333336890748,51.586666737814966,13.741648124258372,-126.59542720487516,159.65441571684886,37.250686,126.674964,37.254138,126.680626
81.34999999999752,3,DEGRADED,DEGRADED_CLOSED_LOOP,DEGRADED_CLOSED_LOOP,NONE,FRESHED,FRESHED,FRESH,FRESH,1,54.19973080703039,105.80026919296961,51.600538385939224,13.741648124258372,-126.27412462261016,160.06478244185683,37.250686,126.674964,37.254138,126.680626
81.39999999999752,3,DEGRADED,DEGRADED_CLOSED_LOOP,DEGRADED_CLOSED_LOOP,NONE,FRESHED,FRESHED,FRESH,FRESH,1,54.19279498296826,105.80720501703175,51.61441003406348,13.741648124258372,-125.95282204034515,160.47514916686478,37.250686,126.674964,37.254138,126.680626
81.44999999999752,3,DEGRADED,DEGRADED_CLOSED_LOOP,DEGRADED_CLOSED_LOOP,NONE,FRESHED,FRESHED,FRESH,FRESH,1,54.185859158906126,105.81414084109387,51.62828168218774,13.741648124258372,-125.63151945870737,160.88551589235317,37.250686,126.674964,37.254138,126.680626
81.49999999999751,3,DEGRADED,DEGRADED_CLOSED_LOOP,DEGRADED_CLOSED_LOOP,NONE,FRESHED,FRESHED,FRESH,FRESH,1,54.178923334844,105.821076665156,51.642153330312,13.741648124258372,-125.31021687644237,161.29588261736114,37.250686,126.674964,37.254138,126.680626
81.54999999999751,3,DEGRADED,DEGRADED_FEEDFORWARD,DEGRADED_FEEDFORWARD,NONE,FRESHED,FRESHED,STALE,FRESH,1,57.17892333484383,102.82107666515617,29.369409473033205,7.33393556956556,-124.98891429417739,161.7062493423691,37.250686,126.674964,37.254138,126.680626
81.59999999999751,3,DEGRADED,DEGRADED_FEEDFORWARD,DEGRADED_FEEDFORWARD,NONE,FRESHED,FRESHED,STALE,FRESH,1,60.17892333484366,99.82107666515634,29.347610631749724,7.324585117757141,-124.66761171191237,162.11661606737704,37.250686,126.674964,37.254138,126.680626
81.6499999999975,3,DEGRADED,DEGRADED_FEEDFORWARD,DEGRADED_FEEDFORWARD,NONE,FRESHED,FRESHED,STALE,FRESH,1,63.17892333484349,96.82107666515651,29.32569486369753,7.315186917036001,-124.34630913103943,162.52698279186689,37.250686,126.674964,37.254138,126.680626
81.6999999999975,3,DEGRADED,DEGRADED_FEEDFORWARD,DEGRADED_FEEDFORWARD,NONE,FRESHED,FRESHED,STALE,FRESH,1,65.34816936420512,94.65183063579488,29.303661271589746,7.305740623251353,-124.02500654877446,162.93734951687486,37.250686,126.674964,37.254138,126.680626
81.7499999999975,3,DEGRADED,DEGRADED_FEEDFORWARD,DEGRADED_FEEDFORWARD,NONE,FRESHED,FRESHED,STALE,FRESH,1,65.35924552519022,94.64075447480978,29.281508949619564,7.296245889270671,-123.70370396650944,163.3477162418828,37.250686,126.674964,37.254138,126.680626
81.7999999999975,3,DEGRADED,DEGRADED_FEEDFORWARD,DEGRADED_FEEDFORWARD,NONE,FRESHED,FRESHED,STALE,FRESH,1,65.37038150851163,94.62961849148837,29.259236982976734,7.286702364784438,-123.38240138424445,163.75808296689075,37.250686,126.674964,37.254138,126.680626
81.8499999999975,3,DEGRADED,DEGRADED_FEEDFORWARD,DEGRADED_FEEDFORWARD,NONE,FRESHED,FRESHED,STALE,FRESH,1,65.3815777760597,94.6184222239403,29.23684444788061,7.277109696332629,-123.0610988026067,164.16844969237917,37.250686,126.674964,37.254138,126.680626
81.89999999999749,3,DEGRADED,DEGRADED_FEEDFORWARD,DEGRADED_FEEDFORWARD,NONE,FRESHED,FRESHED,STALE,FRESH,1,65.39283479435095,94.60716520564905,29.2143304112981,7.267467527196429,-122.73979622034162,164.5788164173871,37.250686,126.674964,37.254138,126.680626
81.94999999999749,3,DEGRADED,DEGRADED_FEEDFORWARD,DEGRADED_FEEDFORWARD,NONE,FRESHED,FRESHED,STALE,FRESH,1,65.4041530344513,94.5958469655487,29.19169393109741,7.257775497476889,-122.41849363807665,164.98918314239506,37.250686,126.674964,37.254138,126.680626
81.99999999999748,3,DEGRADED,DEGRADED_FEEDFORWARD,DEGRADED_FEEDFORWARD,NONE,FRESHED,FRESHED,STALE,STALE,1,65.41553297211824,94.58446702788176,29.168934055763508,7.248033243986057,-122.09719105581166,165.39954986740304,37.250686,126.674964,37.254138,126.680626
82.04999999999748,3,DEGRADED,DEGRADED_FEEDFORWARD,DEGRADED_FEEDFORWARD,NONE,FRESHED,FRESHED,STALE,STALE,1,65.4269750878125,94.5730249121875,29.146049824375005,7.238240400250387,-121.77588847417385,165.8099165928914,37.250686,126.674964,37.254138,126.680626
82.09999999999748,3,DEGRADED,DEGRADED_FEEDFORWARD,DEGRADED_FEEDFORWARD,NONE,FRESHED,FRESHED,STALE,STALE,1,65.43847986684389,94.56152013315611,29.12304026631221,7.228396596399307,-121.45458589190888,166.2202833178994,37.250686,126.674964,37.254138,126.680626
82.14999999999748,3,DEGRADED,DEGRADED_FEEDFORWARD,DEGRADED_FEEDFORWARD,NONE,FRESHED,FRESHED,STALE,STALE,1,65.45004779929474,94.54995220070526,29.099904401410516,7.218501459244678,-121.1332833096439,166.63065004290735,37.250686,126.674964,37.254138,126.680626
82.19999999999747,3,ACTIVE,NOMINAL_CLOSED_LOOP,NOMINAL_CLOSED_LOOP,NONE,FRESH,FRESH,FRESH,FRESH,1,60.45004779929502,99.54995220070498,80.44977717002291,23.76013455343634,-126.50210727940342,168.02278764967915,37.250686,126.674964,37.254138,126.680626
82.24999999999747,3,ACTIVE,NOMINAL_CLOSED_LOOP,NOMINAL_CLOSED_LOOP,NONE,FRESH,FRESH,FRESH,FRESH,1,55.450047799295305,104.5499522007047,80.47295730457634,23.76013455343634,-126.50210727940342,168.02278764967915,37.250686,126.674964,37.254138,126.680626
82.29999999999747,3,ACTIVE,NOMINAL_CLOSED_LOOP,NOMINAL_CLOSED_LOOP,NONE,FRESH,FRESH,FRESH,FRESH,1,50.45004779929559,109.54995220070441,80.49613743912978,23.76013455343634,-126.50210727940342,168.02278764967915,37.250686,126.674964,37.254138,126.680626
82.34999999999746,3,ACTIVE,NOMINAL_CLOSED_LOOP,NOMINAL_CLOSED_LOOP,NONE,FRESH,FRESH,FRESH,FRESH,1,45.450047799295874,114.54995220070413,80.51931757368321,23.76013455343634,-126.50210727940342,168.02278764967915,37.250686,126.674964,37.254138,126.680626
82.39999999999746,3,ACTIVE,NOMINAL_CLOSED_LOOP,NOMINAL_CLOSED_LOOP,NONE,FRESH,FRESH,FRESH,FRESH,1,40.45004779929616,119.54995220070384,80.54249770823665,23.76013455343634,-126.50210727940342,168.02278764967915,37.250686,126.674964,37.254138,126.680626
82.44999999999746,3,ACTIVE,NOMINAL_CLOSED_LOOP,NOMINAL_CLOSED_LOOP,NONE,FRESH,FRESH,FRESH,FRESH,1,39.71716107860496,120.28283892139504,80.56567784279008,23.76013455343634,-126.50210727940342,168.02278764967915,37.250686,126.674964,37.254138,126.680626
82.49999999999746,3,ACTIVE,NOMINAL_CLOSED_LOOP,NOMINAL_CLOSED_LOOP,NONE,FRESH,FRESH,FRESH,FRESH,1,39.70557101132824,120.29442898867177,80.58885797734352,23.76013455343634,-126.50210727940342,168.02278764967915,37.250686,126.674964,37.254138,126.680626
82.54999999999745,3,ACTIVE,NOMINAL_FEEDFORWARD,NOMINAL_FEEDFORWARD,NONE,FRESH,FRESH,STALE,FRESH,1,44.20557101132798,115.79442898867202,65.46577924754094,20.7901177342568,-126.50210727940342,168.02278764967915,37.250686,126.674964,37.254138,126.680626
82.59999999999745,3,ACTIVE,NOMINAL_FEEDFORWARD,NOMINAL_FEEDFORWARD,NONE,FRESH,FRESH,STALE,FRESH,1,47.26711037622953,112.73288962377046,65.46577924754094,20.7901177342568,-126.50210727940342,168.02278764967915,37.250686,126.674964,37.254138,126.680626
82.64999999999745,3,ACTIVE,NOMINAL_FEEDFORWARD,NOMINAL_FEEDFORWARD,NONE,FRESH,FRESH,STALE,FRESH,1,47.26711037622953,112.73288962377046,65.46577924754094,20.7901177342568,-126.50210727940342,168.02278764967915,37.250686,126.674964,37.254138,126.680626
82.69999999999744,3,ACTIVE,NOMINAL_FEEDFORWARD,NOMINAL_FEEDFORWARD,NONE,FRESH,FRESH,STALE,FRESH,1,47.26711037622953,112.73288962377046,65.46577924754094,20.7901177342568,-126.50210727940342,168.02278764967915,37.250686,126.674964,37.254138,126.680626
82.74999999999744,3,ACTIVE,NOMINAL_FEEDFORWARD,NOMINAL_FEEDFORWARD,NONE,FRESH,FRESH,STALE,FRESH,1,47.26711037622953,112.73288962377046,65.46577924754094,20.7901177342568,-126.50210727940342,168.02278764967915,37.250686,126.674964,37.254138,126.680626
82.79999999999744,3,ACTIVE,NOMINAL_FEEDFORWARD,NOMINAL_FEEDFORWARD,NONE,FRESH,FRESH,STALE,FRESH,1,47.26711037622953,112.73288962377046,65.46577924754094,20.7901177342568,-126.50210727940342,168.02278764967915,37.250686,126.674964,37.254138,126.680626
82.84999999999744,3,ACTIVE,NOMINAL_FEEDFORWARD,NOMINAL_FEEDFORWARD,NONE,FRESH,FRESH,STALE,FRESH,1,47.26711037622953,112.73288962377046,65.46577924754094,20.7901177342568,-126.50210727940342,168.02278764967915,37.250686,126.674964,37.254138,126.680626
82.89999999999743,3,ACTIVE,NOMINAL_FEEDFORWARD,NOMINAL_FEEDFORWARD,NONE,FRESH,FRESH,STALE,FRESH,1,47.26711037622953,112.73288962377046,65.46577924754094,20.7901177342568,-126.50210727940342,168.02278764967915,37.250686,126.674964,37.254138,126.680626
82.94999999999743,3,ACTIVE,NOMINAL_FEEDFORWARD,NOMINAL_FEEDFORWARD,NONE,FRESH,FRESH,STALE,FRESH,1,47.26711037622953,112.73288962377046,65.46577924754094,20.7901177342568,-126.50210727940342,168.02278764967915,37.250686,126.674964,37.254138,126.680626
82.99999999999743,3,ACTIVE,NOMINAL_FEEDFORWARD,NOMINAL_FEEDFORWARD,NONE,FRESH,FRESH,STALE,STALE,1,47.26711037622953,112.73288962377046,65.46577924754094,20.7901177342568,-126.50210727940342,168.02278764967915,37.250686,126.674964,37.254138,126.680626
83.04999999999742,3,ACTIVE,NOMINAL_FEEDFORWARD,NOMINAL_FEEDFORWARD,NONE,FRESH,FRESH,STALE,STALE,1,47.26711037622953,112.73288962377046,65.46577924754094,20.7901177342568,-126.50210727940342,168.02278764967915,37.250686,126.674964,37.254138,126.680626
83.09999999999742,3,ACTIVE,NOMINAL_FEEDFORWARD,NOMINAL_FEEDFORWARD,NONE,FRESH,FRESH,STALE,STALE,1,47.26711037622953,112.73288962377046,65.46577924754094,20.7901177342568,-126.50210727940342,168.02278764967915,37.250686,126.674964,37.254138,126.680626
83.14999999999742,3,ACTIVE,NOMINAL_FEEDFORWARD,NOMINAL_FEEDFORWARD,NONE,FRESH,FRESH,STALE,STALE,1,47.26711037622953,112.73288962377046,65.46577924754094,20.7901177342568,-126.50210727940342,168.02278764967915,37.250686,126.674964,37.254138,126.680626
83.19999999999742,3,DEGRADED,DEGRADED_CLOSED_LOOP,DEGRADED_CLOSED_LOOP,NONE,FRESH,FRESHED,FRESH,FRESH,1,50.76711037622933,109.23288962377066,54.18881274290323,14.825034611733074,-126.50210727940342,168.02278764967915,37.250686,126.674964,37.254138,126.680626
83.24999999999741,3,DEGRADED,DEGRADED_CLOSED_LOOP,DEGRADED_CLOSED_LOOP,NONE,FRESH,FRESHED,FRESH,FRESH,1,52.89836111124252,107.10163888875748,54.20327777751496,14.825034611733074,-126.50210727940342,168.02278764967915,37.250686,126.674964,37.254138,126.680626
83.29999999999741,3,DEGRADED,DEGRADED_CLOSED_LOOP,DEGRADED_CLOSED_LOOP,NONE,FRESH,FRESHED,FRESH,FRESH,1,52.891128593936656,107.10887140606334,54.217742812126694,14.825034611733074,-126.50210727940342,168.02278764967915,37.250686,126.674964,37.254138,126.680626
83.34999999999741,3,DEGRADED,DEGRADED_CLOSED_LOOP,DEGRADED_CLOSED_LOOP,NONE,FRESH,FRESHED,FRESH,FRESH,1,52.88389607663079,107.11610392336921,54.232207846738426,14.825034611733074,-126.50210727940342,168.02278764967915,37.250686,126.674964,37.254138,126.680626
83.3999999999974,3,DEGRADED,DEGRADED_CLOSED_LOOP,DEGRADED_CLOSED_LOOP,NONE,FRESH,FRESHED,FRESH,FRESH,1,52.876663559324925,107.12333644067508,54.24667288135016,14.825034611733074,-126.50210727940342,168.02278764967915,37.250686,126.674964,37.254138,126.680626
83.4499999999974,3,DEGRADED,DEGRADED_CLOSED_LOOP,DEGRADED_CLOSED_LOOP,NONE,FRESH,FRESHED,FRESH,FRESH,1,52.86943104201906,107.13056895798094,54.26113791596189,14.825034611733074,-126.50210727940342,168.02278764967915,37.250686,126.674964,37.254138,126.680626
83.4999999999974,3,DEGRADED,DEGRADED_CLOSED_LOOP,DEGRADED_CLOSED_LOOP,NONE,FRESH,FRESHED,FRESH,FRESH,1,52.86219852471319,107.1378014752868,54.27560295057362,14.825034611733074,-126.50210727940342,168.02278764967915,37.250686,126.674964,37.254138,126.680626
83.5499999999974,3,DEGRADED,DEGRADED_FEEDFORWARD,DEGRADED_FEEDFORWARD,NONE,FRESH,FRESHED,STALE,FRESH,1,55.86219852471302,104.13780147528698,34.30581964476748,9.509577822288136,-126.50210727940342,168.02278764967915,37.250686,126.674964,37.254138,126.680626
83.5999999999974,3,DEGRADED,DEGRADED_FEEDFORWARD,DEGRADED_FEEDFORWARD,NONE,FRESH,FRESHED,STALE,FRESH,1,58.86219852471285,101.13780147528715,34.30581964476748,9.509577822288136,-126.50210727940342,168.02278764967915,37.250686,126.674964,37.254138,126.680626
83.64999999999739,3,DEGRADED,DEGRADED_FEEDFORWARD,DEGRADED_FEEDFORWARD,NONE,FRESH,FRESHED,STALE,FRESH,1,61.86219852471268,98.13780147528732,34.30581964476748,9.509577822288136,-126.50210727940342,168.02278764967915,37.250686,126.674964,37.254138,126.680626
83.69999999999739,3,DEGRADED,DEGRADED_FEEDFORWARD,DEGRADED_FEEDFORWARD,NONE,FRESH,FRESHED,STALE,FRESH,1,62.84709017761626,97.15290982238375,34.30581964476748,9.509577822288136,-126.50210727940342,168.02278764967915,37.250686,126.674964,37.254138,126.680626
83.74999999999739,3,DEGRADED,DEGRADED_FEEDFORWARD,DEGRADED_FEEDFORWARD,NONE,FRESH,FRESHED,STALE,FRESH,1,62.84709017761626,97.15290982238375,34.30581964476748,9.509577822288136,-126.50210727940342,168.02278764967915,37.250686,126.674964,37.254138,126.680626
83.79999999999738,3,DEGRADED,DEGRADED_FEEDFORWARD,DEGRADED_FEEDFORWARD,NONE,FRESH,FRESHED,STALE,FRESH,1,62.84709017761626,97.15290982238375,34.30581964476748,9.509577822288136,-126.50210727940342,168.02278764967915,37.250686,126.674964,37.254138,126.680626
83.84999999999738,3,DEGRADED,DEGRADED_FEEDFORWARD,DEGRADED_FEEDFORWARD,NONE,FRESH,FRESHED,STALE,FRESH,1,62.84709017761626,97.15290982238375,34.30581964476748,9.509577822288136,-126.50210727940342,168.02278764967915,37.250686,126.674964,37.254138,126.680626
83.89999999999738,3,DEGRADED,DEGRADED_FEEDFORWARD,DEGRADED_FEEDFORWARD,NONE,FRESH,FRESHED,STALE,FRESH,1,62.84709017761626,97.15290982238375,34.30581964476748,9.509577822288136,-126.50210727940342,168.02278764967915,37.250686,126.674964,37.254138,126.680626
83.94999999999737,3,DEGRADED,DEGRADED_FEEDFORWARD,DEGRADED_FEEDFORWARD,NONE,FRESH,FRESHED,STALE,FRESH,1,62.84709017761626,97.15290982238375,34.30581964476748,9.509577822288136,-126.50210727940342,168.02278764967915,37.250686,126.674964,37.254138,126.680626
83.99999999999737,3,DEGRADED,DEGRADED_FEEDFORWARD,DEGRADED_FEEDFORWARD,NONE,FRESH,FRESHED,STALE,STALE,1,62.84709017761626,97.15290982238375,34.30581964476748,9.509577822288136,-126.50210727940342,168.02278764967915,37.250686,126.674964,37.254138,126.680626
84.04999999999737,3,DEGRADED,DEGRADED_FEEDFORWARD,DEGRADED_FEEDFORWARD,NONE,FRESH,FRESHED,STALE,STALE,1,62.84709017761626,97.15290982238375,34.30581964476748,9.509577822288136,-126.50210727940342,168.02278764967915,37.250686,126.674964,37.254138,126.680626
84.09999999999737,3,DEGRADED,DEGRADED_FEEDFORWARD,DEGRADED_FEEDFORWARD,NONE,FRESH,FRESHED,STALE,STALE,1,62.84709017761626,97.15290982238375,34.30581964476748,9.509577822288136,-126.50210727940342,168.02278764967915,37.250686,126.674964,37.254138,126.680626
84.14999999999736,3,DEGRADED,DEGRADED_FEEDFORWARD,DEGRADED_FEEDFORWARD,NONE,FRESH,FRESHED,STALE,STALE,1,62.84709017761626,97.15290982238375,34.30581964476748,9.509577822288136,-126.50210727940342,168.02278764967915,37.250686,126.674964,37.254138,126.680626
84.19999999999736,3,DEGRADED,DEGRADED_CLOSED_LOOP,DEGRADED_CLOSED_LOOP,NONE,FRESHED,FRESHED,FRESH,FRESH,1,59.34709017761646,100.65290982238355,54.29767082610784,14.850084095897715,-121.98043742533198,176.543000125705,37.250686,126.674964,37.254138,126.680626
84.24999999999736,3,DEGRADED,DEGRADED_CLOSED_LOOP,DEGRADED_CLOSED_LOOP,NONE,FRESHED,FRESHED,FRESH,FRESH,1,55.84709017761666,104.15290982238335,54.31234091020374,14.850084095897715,-121.7543539325099,176.9690107493363,37.250686,126.674964,37.254138,126.680626
84.29999999999735,3,DEGRADED,DEGRADED_CLOSED_LOOP,DEGRADED_CLOSED_LOOP,NONE,FRESHED,FRESHED,FRESH,FRESH,1,52.83649450285019,107.16350549714981,54.327010994299634,14.850084095897715,-121.52827043968773,177.39502137296756,37.250686,126.674964,37.254138,126.680626
84.34999999999735,3,DEGRADED,DEGRADED_CLOSED_LOOP,DEGRADED_CLOSED_LOOP,NONE,FRESHED,FRESHED,FRESH,FRESH,1,52.82915946080223,107.17084053919777,54.34168107839553,14.850084095897715,-121.30218694749283,177.82103199707922,37.250686,126.674964,37.254138,126.680626
84.39999999999735,3,DEGRADED,DEGRADED_CLOSED_LOOP,DEGRADED_CLOSED_LOOP,NONE,FRESHED,FRESHED,FRESH,FRESH,1,52.82182441875429,107.17817558124571,54.35635116249143,14.850084095897715,-121.07610345467072,178.2470426207105,37.250686,126.674964,37.254138,126.680626
84.44999999999735,3,DEGRADED,DEGRADED_CLOSED_LOOP,DEGRADED_CLOSED_LOOP,NONE,FRESHED,FRESHED,FRESH,FRESH,1,52.814489376706334,107.18551062329367,54.371021246587325,14.850084095897715,-120.85001996184857,178.67305324434176,37.250686,126.674964,37.254138,126.680626
84.49999999999734,3,DEGRADED,DEGRADED_CLOSED_LOOP,DEGRADED_CLOSED_LOOP,NONE,FRESHED,FRESHED,FRESH,FRESH,1,52.80715433465839,107.19284566534161,54.38569133068322,14.850084095897715,-120.62393646902646,179.09906386797303,37.250686,126.674964,37.254138,126.680626
84.54999999999734,3,DEGRADED,DEGRADED_FEEDFORWARD,DEGRADED_FEEDFORWARD,NONE,FRESHED,FRESHED,STALE,FRESH,1,55.80715433465822,104.19284566534178,33.99291303964766,9.368393657387053,-120.39785297683156,179.52507449208474,37.250686,126.674964,37.254138,126.680626
84.59999999999734,3,DEGRADED,DEGRADED_FEEDFORWARD,DEGRADED_FEEDFORWARD,NONE,FRESHED,FRESHED,STALE,FRESH,1,58.80715433465805,101.19284566534195,33.98024347165285,9.362686031060923,-120.17176948400942,179.95108511571595,37.250686,126.674964,37.254138,126.680626
84.64999999999733,3,DEGRADED,DEGRADED_FEEDFORWARD,DEGRADED_FEEDFORWARD,NONE,FRESHED,FRESHED,STALE,FRESH,1,61.80715433465788,98.19284566534212,33.96752269806698,9.35695603670233,-119.94568599118725,180.37709573934723,37.250686,126.674964,37.254138,126.680626
84.69999999999733,3,DEGRADED,DEGRADED_FEEDFORWARD,DEGRADED_FEEDFORWARD,NONE,FRESHED,FRESHED,STALE,FRESH,1,63.02262478736008,96.97737521263991,33.95475042527984,9.351203550810617,-119.7196024983651,180.80310636297847,37.250686,126.674964,37.254138,126.680626
84.74999999999733,3,DEGRADED,DEGRADED_FEEDFORWARD,DEGRADED_FEEDFORWARD,NONE,FRESHED,FRESHED,STALE,FRESH,1,63.02903682121037,96.97096317878963,33.941926357579256,9.345428449044539,-119.49351900617019,181.22911698709015,37.250686,126.674964,37.254138,126.680626
84.79999999999733,3,DEGRADED,DEGRADED_FEEDFORWARD,DEGRADED_FEEDFORWARD,NONE,FRESHED,FRESHED,STALE,FRESH,1,63.0354749015049,96.9645250984951,33.929050196990204,9.339630606151177,-119.26743551334809,181.65512761072142,37.250686,126.674964,37.254138,126.680626
84.84999999999732,3,DEGRADED,DEGRADED_FEEDFORWARD,DEGRADED_FEEDFORWARD,NONE,FRESHED,FRESHED,STALE,FRESH,1,63.041939178265295,96.9580608217347,33.9161216434694,9.333809896055012,-119.04135202052593,182.0811382343527,37.250686,126.674964,37.254138,126.680626
84.89999999999732,3,DEGRADED,DEGRADED_FEEDFORWARD,DEGRADED_FEEDFORWARD,NONE,FRESHED,FRESHED,STALE,FRESH,1,63.04842980262786,96.95157019737215,33.903140394744284,9.327966191786807,-118.81526852770381,182.50714885798396,37.250686,126.674964,37.254138,126.680626
84.94999999999732,3,DEGRADED,DEGRADED_FEEDFORWARD,DEGRADED_FEEDFORWARD,NONE,FRESHED,FRESHED,STALE,FRESH,1,63.05494692681722,96.94505307318278,33.890106146365554,9.322099365508748,-118.58918503550893,182.93315948209562,37.250686,126.674964,37.254138,126.680626
84.99999999999731,3,DEGRADED,DEGRADED_FEEDFORWARD,DEGRADED_FEEDFORWARD,NONE,FRESHED,FRESHED,STALE,STALE,1,63.06149070422847,96.93850929577152,33.87701859154306,9.316209288442014,-118.36310154268676,183.3591701057269,37.250686,126.674964,37.254138,126.680626
85.04999999999731,3,DEGRADED,DEGRADED_FEEDFORWARD,DEGRADED_FEEDFORWARD,NONE,FRESHED,FRESHED,STALE,STALE,1,63.068061289350595,96.9319387106494,33.86387742129881,9.310295830937138,-118.1370180490998,183.78518073035673,37.250686,126.674964,37.254138,126.680626
85.09999999999731,3,DEGRADED,DEGRADED_FEEDFORWARD,DEGRADED_FEEDFORWARD,NONE,FRESHED,FRESHED,STALE,STALE,1,63.07465883775973,96.92534116224027,33.85068232448055,9.304358862481658,-117.91093455627765,184.211191353988,37.250686,126.674964,37.254138,126.680626
85.1499999999973,3,DEGRADED,DEGRADED_FEEDFORWARD,DEGRADED_FEEDFORWARD,NONE,FRESHED,FRESHED,STALE,STALE,1,63.08128350622587,96.91871649377413,33.837432987548254,9.2983982516055,-117.68485106408278,184.63720197809965,37.250686,126.674964,37.254138,126.680626
85.1999999999973,3,DEGRADED,DEGRADED_CLOSED_LOOP,DEGRADED_CLOSED_LOOP,NONE,FRESHED,FRESHED,FRESH,FRESH,1,59.58128350622607,100.41871649377393,54.253820376206015,14.850084095897715,-117.45876757126061,185.06321260173092,37.250686,126.674964,37.254138,126.680626
85.2499999999973,3,DEGRADED,DEGRADED_CLOSED_LOOP,DEGRADED_CLOSED_LOOP,NONE,FRESHED,FRESHED,FRESH,FRESH,1,56.08128350622627,103.91871649377373,54.26839046030191,14.850084095897715,-117.23268407843847,185.48922322536217,37.250686,126.674964,37.254138,126.680626
85.2999999999973,3,DEGRADED,DEGRADED_CLOSED_LOOP,DEGRADED_CLOSED_LOOP,NONE,FRESHED,FRESHED,FRESH,FRESH,1,52.858519727801095,107.1414802721989,54.28296054439781,14.850084095897715,-117.00660058561635,185.91523384899344,37.250686,126.674964,37.254138,126.680626
85.3499999999973,3,DEGRADED,DEGRADED_CLOSED_LOOP,DEGRADED_CLOSED_LOOP,NONE,FRESHED,FRESHED,FRESH,FRESH,1,52.85123468575315,107.14876531424684,54.2975306284937,14.850084095897715,-116.78051709342145,186.34124447310512,37.250686,126.674964,37.254138,126.680626
85.39999999999729,3,DEGRADED,DEGRADED_CLOSED_LOOP,DEGRADED_CLOSED_LOOP,NONE,FRESHED,FRESHED,FRESH,FRESH,1,52.8439496437052,107.1560503562948,54.3121007125896,14.850084095897715,-116.55443360059931,186.7672550967364,37.250686,126.674964,37.254138,126.680626
85.44999999999729,3,DEGRADED,DEGRADED_CLOSED_LOOP,DEGRADED_CLOSED_LOOP,NONE,FRESHED,FRESHED,FRESH,FRESH,1,52.83666460165725,107.16333539834275,54.3266707966855,14.850084095897715,-116.32835010777717,187.19326572036763,37.250686,126.674964,37.254138,126.680626
85.49999999999729,3,DEGRADED,DEGRADED_CLOSED_LOOP,DEGRADED_CLOSED_LOOP,NONE,FRESHED,FRESHED,FRESH,FRESH,1,52.82937955960931,107.17062044039069,54.34124088078139,14.850084095897715,-116.10226661495503,187.6192763439989,37.250686,126.674964,37.254138,126.680626
85.54999999999728,3,DEGRADED,DEGRADED_FEEDFORWARD,DEGRADED_FEEDFORWARD,NONE,FRESHED,FRESHED,STALE,FRESH,1,55.82937955960914,104.17062044039086,33.72944725021244,9.249846153044182,-115.87618312213289,188.04528696763018,37.250686,126.674964,37.254138,126.680626
85.59999999999728,3,DEGRADED,DEGRADED_FEEDFORWARD,DEGRADED_FEEDFORWARD,NONE,FRESHED,FRESHED,STALE,FRESH,1,58.82937955960897,101.17062044039103,33.71569525475774,9.243666689620552,-115.65009962993798,188.47129759174186,37.250686,126.674964,37.254138,126.680626
85.64999999999728,3,DEGRADED,DEGRADED_FEEDFORWARD,DEGRADED_FEEDFORWARD,NONE,FRESHED,FRESHED,STALE,FRESH,1,61.829379559608796,98.1706204403912,33.70188575323407,9.237462217109849,-115.42401613711587,188.89730821537313,37.250686,126.674964,37.254138,126.680626
85.69999999999727,3,DEGRADED,DEGRADED_FEEDFORWARD,DEGRADED_FEEDFORWARD,NONE,FRESHED,FRESHED,STALE,FRESH,1,63.15599079721583,96.84400920278418,33.68801840556834,9.231232593495868,-115.19793264429373,189.32331883900437,37.250686,126.674964,37.254138,126.680626
85.74999999999727,3,DEGRADED,DEGRADED_FEEDFORWARD,DEGRADED_FEEDFORWARD,NONE,FRESHED,FRESHED,STALE,FRESH,1,63.16295356544861,96.83704643455138,33.67409286910278,9.224977675736465,-114.97184915147162,189.74932946263567,37.250686,126.674964,37.254138,126.680626
85.79999999999727,3,DEGRADED,DEGRADED_FEEDFORWARD,DEGRADED_FEEDFORWARD,NONE,FRESHED,FRESHED,STALE,FRESH,1,63.1699456006754,96.83005439932461,33.660108798649205,9.218697319789737,-114.74576565927671,190.17534008674733,37.250686,126.674964,37.254138,126.680626
85.84999999999727,3,DEGRADED,DEGRADED_FEEDFORWARD,DEGRADED_FEEDFORWARD,NONE,FRESHED,FRESHED,STALE,FRESH,1,63.17696707684465,96.82303292315535,33.64606584631071,9.212391380535824,-114.51968216645452,190.60135071037854,37.250686,126.674964,37.254138,126.680626
85.89999999999726,3,DEGRADED,DEGRADED_FEEDFORWARD,DEGRADED_FEEDFORWARD,NONE,FRESHED,FRESHED,STALE,FRESH,1,63.18401816915432,96.81598183084569,33.63196366169136,9.206059711872937,-114.29359867363239,191.0273613340098,37.250686,126.674964,37.254138,126.680626
85.94999999999726,3,DEGRADED,DEGRADED_FEEDFORWARD,DEGRADED_FEEDFORWARD,NONE,FRESHED,FRESHED,STALE,FRESH,1,63.191099054141155,96.80890094585885,33.61780189171769,9.199702166639145,-114.06751518081026,191.45337195764108,37.250686,126.674964,37.254138,126.680626
85.99999999999726,3,DEGRADED,DEGRADED_FEEDFORWARD,DEGRADED_FEEDFORWARD,NONE,FRESHED,FRESHED,STALE,STALE,1,63.19820990965328,96.80179009034671,33.60358018069344,9.193318596638838,-113.84143168861534,191.87938258175276,37.250686,126.674964,37.254138,126.680626
86.04999999999725,3,DEGRADED,DEGRADED_FEEDFORWARD,DEGRADED_FEEDFORWARD,NONE,FRESHED,FRESHED,STALE,STALE,1,63.20535091494122,96.79464908505878,33.589298170117566,9.186908852563043,-113.61534819579322,192.30539320538406,37.250686,126.674964,37.254138,126.680626
86.09999999999725,3,DEGRADED,DEGRADED_FEEDFORWARD,DEGRADED_FEEDFORWARD,NONE,FRESHED,FRESHED,STALE,STALE,1,63.21252225055152,96.78747774944847,33.574955498896955,9.180472784086879,-113.3892647029711,192.73140382901528,37.250686,126.674964,37.254138,126.680626
86.14999999999725,3,DEGRADED,DEGRADED_FEEDFORWARD,DEGRADED_FEEDFORWARD,NONE,FRESHED,FRESHED,STALE,STALE,1,63.21972409841782,96.78027590158217,33.56055180316436,9.174010239789862,-113.16318121014898,193.15741445264658,37.250686,126.674964,37.254138,126.680626
86.19999999999725,3,DEGRADED,DEGRADED_CLOSED_LOOP,DEGRADED_CLOSED_LOOP,NONE,FRESHED,FRESHED,FRESH,FRESH,1,59.71972409841802,100.28027590158197,54.22439906256548,14.850084095897715,-112.93709771795409,193.58342507675826,37.250686,126.674964,37.254138,126.680626
86.24999999999724,3,DEGRADED,DEGRADED_CLOSED_LOOP,DEGRADED_CLOSED_LOOP,NONE,FRESHED,FRESHED,FRESH,FRESH,1,56.21972409841822,103.78027590158177,54.238899146661375,14.850084095897715,-112.71101422436709,194.0094357013881,37.250686,126.674964,37.254138,126.680626
86.29999999999724,3,DEGRADED,DEGRADED_CLOSED_LOOP,DEGRADED_CLOSED_LOOP,NONE,FRESHED,FRESHED,FRESH,FRESH,1,52.87330038462136,107.12669961537864,54.253399230757275,14.850084095897715,-112.48493073154495,194.4354463250193,37.250686,126.674964,37.254138,126.680626
86.34999999999724,3,DEGRADED,DEGRADED_CLOSED_LOOP,DEGRADED_CLOSED_LOOP,NONE,FRESHED,FRESHED,FRESH,FRESH,1,52.866050342573416,107.13394965742658,54.26789931485317,14.850084095897715,-112.25884723872284,194.8614569486506,37.250686,126.674964,37.254138,126.680626
86.39999999999723,3,DEGRADED,DEGRADED_CLOSED_LOOP,DEGRADED_CLOSED_LOOP,NONE,FRESHED,FRESHED,FRESH,FRESH,1,52.858800300525466,107.14119969947453,54.28239939894907,14.850084095897715,-112.03276374652793,195.2874675727623,37.250686,126.674964,37.254138,126.680626
86.44999999999723,3,DEGRADED,DEGRADED_CLOSED_LOOP,DEGRADED_CLOSED_LOOP,NONE,FRESHED,FRESHED,FRESH,FRESH,1,52.851550258477516,107.14844974152248,54.29689948304496,14.850084095897715,-111.80668025370579,195.71347819639354,37.250686,126.674964,37.254138,126.680626
86.49999999999723,3,DEGRADED,DEGRADED_CLOSED_LOOP,DEGRADED_CLOSED_LOOP,NONE,FRESHED,FRESHED,FRESH,FRESH,1,52.84430021642957,107.15569978357043,54.31139956714086,14.850084095897715,-111.58059676088364,196.13948882002478,37.250686,126.674964,37.254138,126.680626
86.54999999999723,3,DEGRADED,DEGRADED_FEEDFORWARD,DEGRADED_FEEDFORWARD,NONE,FRESHED,FRESHED,STALE,FRESH,1,55.8443002164294,104.1556997835706,33.44308076864071,9.121338222503082,-111.35451326806151,196.56549944365605,37.250686,126.674964,37.254138,126.680626
86.59999999999722,3,DEGRADED,DEGRADED_FEEDFORWARD,DEGRADED_FEEDFORWARD,NONE,FRESHED,FRESHED,STALE,FRESH,1,58.84430021642923,101.15569978357077,33.42811101469721,9.114630399539065,-111.12842977586662,196.99151006776773,37.250686,126.674964,37.254138,126.680626
86.64999999999722,3,DEGRADED,DEGRADED_FEEDFORWARD,DEGRADED_FEEDFORWARD,NONE,FRESHED,FRESHED,STALE,FRESH,1,61.84430021642906,98.15569978357094,33.41307644157479,9.10789452522456,-110.90234628304447,197.41752069139898,37.250686,126.674964,37.254138,126.680626
86.69999999999722,3,DEGRADED,DEGRADED_FEEDFORWARD,DEGRADED_FEEDFORWARD,NONE,FRESHED,FRESHED,STALE,FRESH,1,63.30101167315799,96.69898832684201,33.397976653684026,9.1011304356883,-110.6762627902223,197.84353131503025,37.250686,126.674964,37.254138,126.680626
86.74999999999721,3,DEGRADED,DEGRADED_FEEDFORWARD,DEGRADED_FEEDFORWARD,NONE,FRESHED,FRESHED,STALE,FRESH,1,63.30859437382667,96.69140562617332,33.382811252346656,9.094337965848947,-110.45017929740018,198.26954193866152,37.250686,126.674964,37.254138,126.680626
86.79999999999721,3,DEGRADED,DEGRADED_FEEDFORWARD,DEGRADED_FEEDFORWARD,NONE,FRESHED,FRESHED,STALE,FRESH,1,63.31621008207424,96.68378991792576,33.367579835851515,9.087516949442623,-110.2240958052053,198.69555256277323,37.250686,126.674964,37.254138,126.680626
86.84999999999721,3,DEGRADED,DEGRADED_FEEDFORWARD,DEGRADED_FEEDFORWARD,NONE,FRESHED,FRESHED,STALE,FRESH,1,63.32385900037143,96.67614099962857,33.352281999257144,9.080667218936973,-109.99801231238314,199.12156318640447,37.250686,126.674964,37.254138,126.680626
86.8999999999972,3,DEGRADED,DEGRADED_FEEDFORWARD,DEGRADED_FEEDFORWARD,NONE,FRESHED,FRESHED,STALE,FRESH,1,63.33154133269146,96.66845866730854,33.336917334617084,9.073788605634538,-109.77192881956103,199.54757381003574,37.250686,126.674964,37.254138,126.680626
86.9499999999972,3,DEGRADED,DEGRADED_FEEDFORWARD,DEGRADED_FEEDFORWARD,NONE,FRESHED,FRESHED,STALE,FRESH,1,63.339257284608976,96.66074271539102,33.321485430782054,9.06688093958676,-109.54584532673888,199.97358443366699,37.250686,126.674964,37.254138,126.680626
86.9999999999972,3,DEGRADED,DEGRADED_FEEDFORWARD,DEGRADED_FEEDFORWARD,NONE,FRESHED,FRESHED,STALE,STALE,1,63.347007063271775,96.65299293672823,33.30598587345646,9.059944049621786,-109.31976183454398,200.3995950577787,37.250686,126.674964,37.254138,126.680626
87.0499999999972,3,DEGRADED,DEGRADED_FEEDFORWARD,DEGRADED_FEEDFORWARD,NONE,FRESHED,FRESHED,STALE,STALE,1,63.35479087750166,96.64520912249834,33.29041824499668,9.052977763256886,-109.09367834172185,200.82560568140997,37.250686,126.674964,37.254138,126.680626
87.0999999999972,3,DEGRADED,DEGRADED_FEEDFORWARD,DEGRADED_FEEDFORWARD,NONE,FRESHED,FRESHED,STALE,STALE,1,63.36260893768021,96.6373910623198,33.274782124639586,9.045981906803318,-108.86759484889967,201.25161630504118,37.250686,126.674964,37.254138,126.680626
87.14999999999719,3,DEGRADED,DEGRADED_FEEDFORWARD,DEGRADED_FEEDFORWARD,NONE,FRESHED,FRESHED,STALE,STALE,1,63.370461455849664,96.62953854415034,33.25907708830067,9.038956305278726,-108.64151135607756,201.67762692867245,37.250686,126.674964,37.254138,126.680626
87.19999999999719,3,ACTIVE,NOMINAL_CLOSED_LOOP,NOMINAL_CLOSED_LOOP,NONE,FRESH,FRESH,FRESH,FRESH,1,58.37046145584995,101.62953854415005,117.66274200603293,39.208104563924586,-117.08414258370794,189.46220641192411,37.250686,126.674964,37.254138,126.680626
87.24999999999719,3,ACTIVE,NOMINAL_CLOSED_LOOP,NOMINAL_CLOSED_LOOP,NONE,FRESH,FRESH,FRESH,FRESH,1,53.37046145585023,106.62953854414977,117.70183011059684,39.208104563924586,-117.08414258370794,189.46220641192411,37.250686,126.674964,37.254138,126.680626
87.29999999999718,3,ACTIVE,NOMINAL_CLOSED_LOOP,NOMINAL_CLOSED_LOOP,NONE,FRESH,FRESH,FRESH,FRESH,1,48.37046145585052,111.62953854414948,117.74091821516078,39.208104563924586,-117.08414258370794,189.46220641192411,37.250686,126.674964,37.254138,126.680626
87.34999999999718,3,ACTIVE,NOMINAL_CLOSED_LOOP,NOMINAL_CLOSED_LOOP,NONE,FRESH,FRESH,FRESH,FRESH,1,43.3704614558508,116.6295385441492,117.78000631972469,39.208104563924586,-117.08414258370794,189.46220641192411,37.250686,126.674964,37.254138,126.680626
87.39999999999718,3,ACTIVE,NOMINAL_CLOSED_LOOP,NOMINAL_CLOSED_LOOP,NONE,FRESH,FRESH,FRESH,FRESH,1,38.370461455851085,121.62953854414891,117.81909442428861,39.208104563924586,-117.08414258370794,189.46220641192411,37.250686,126.674964,37.254138,126.680626
87.44999999999717,3,ACTIVE,NOMINAL_CLOSED_LOOP,NOMINAL_CLOSED_LOOP,NONE,FRESH,FRESH,FRESH,FRESH,1,33.37046145585137,126.62953854414863,117.85818252885254,39.208104563924586,-117.08414258370794,189.46220641192411,37.250686,126.674964,37.254138,126.680626
87.49999999999717,3,ACTIVE,NOMINAL_CLOSED_LOOP,NOMINAL_CLOSED_LOOP,NONE,FRESH,FRESH,FRESH,FRESH,1,28.370461455851654,131.62953854414835,117.89727063341645,39.208104563924586,-117.08414258370794,189.46220641192411,37.250686,126.674964,37.254138,126.680626
87.54999999999717,3,ACTIVE,NOMINAL_FEEDFORWARD,NOMINAL_FEEDFORWARD,NONE,FRESH,FRESH,STALE,FRESH,1,32.8704614558514,127.1295385441486,93.78885309256015,34.30709149343401,-117.08414258370794,189.46220641192411,37.250686,126.674964,37.254138,126.680626
87.59999999999717,3,ACTIVE,NOMINAL_FEEDFORWARD,NOMINAL_FEEDFORWARD,NONE,FRESH,FRESH,STALE,FRESH,1,33.10557345371993,126.89442654628007,93.78885309256015,34.30709149343401,-117.08414258370794,189.46220641192411,37.250686,126.674964,37.254138,126.680626
87.64999999999716,3,ACTIVE,NOMINAL_FEEDFORWARD,NOMINAL_FEEDFORWARD,NONE,FRESH,FRESH,STALE,FRESH,1,33.10557345371993,126.89442654628007,93.78885309256015,34.30709149343401,-117.08414258370794,189.46220641192411,37.250686,126.674964,37.254138,126.680626
87.69999999999716,3,ACTIVE,NOMINAL_FEEDFORWARD,NOMINAL_FEEDFORWARD,NONE,FRESH,FRESH,STALE,FRESH,1,33.10557345371993,126.89442654628007,93.78885309256015,34.30709149343401,-117.08414258370794,189.46220641192411,37.250686,126.674964,37.254138,126.680626
87.74999999999716,3,ACTIVE,NOMINAL_FEEDFORWARD,NOMINAL_FEEDFORWARD,NONE,FRESH,FRESH,STALE,FRESH,1,33.10557345371993,126.89442654628007,93.78885309256015,34.30709149343401,-117.08414258370794,189.46220641192411,37.250686,126.674964,37.254138,126.680626
87.79999999999715,3,ACTIVE,NOMINAL_FEEDFORWARD,NOMINAL_FEEDFORWARD,NONE,FRESH,FRESH,STALE,FRESH,1,33.10557345371993,126.89442654628007,93.78885309256015,34.30709149343401,-117.08414258370794,189.46220641192411,37.250686,126.674964,37.254138,126.680626
87.84999999999715,3,ACTIVE,NOMINAL_FEEDFORWARD,NOMINAL_FEEDFORWARD,NONE,FRESH,FRESH,STALE,FRESH,1,33.10557345371993,126.89442654628007,93.78885309256015,34.30709149343401,-117.08414258370794,189.46220641192411,37.250686,126.674964,37.254138,126.680626
87.89999999999715,3,ACTIVE,NOMINAL_FEEDFORWARD,NOMINAL_FEEDFORWARD,NONE,FRESH,FRESH,STALE,FRESH,1,33.10557345371993,126.89442654628007,93.78885309256015,34.30709149343401,-117.08414258370794,189.46220641192411,37.250686,126.674964,37.254138,126.680626
87.94999999999715,3,ACTIVE,NOMINAL_FEEDFORWARD,NOMINAL_FEEDFORWARD,NONE,FRESH,FRESH,STALE,FRESH,1,33.10557345371993,126.89442654628007,93.78885309256015,34.30709149343401,-117.08414258370794,189.46220641192411,37.250686,126.674964,37.254138,126.680626
87.99999999999714,3,ACTIVE,NOMINAL_FEEDFORWARD,NOMINAL_FEEDFORWARD,NONE,FRESH,FRESH,STALE,STALE,1,33.10557345371993,126.89442654628007,93.78885309256015,34.30709149343401,-117.08414258370794,189.46220641192411,37.250686,126.674964,37.254138,126.680626
88.04999999999714,3,ACTIVE,NOMINAL_FEEDFORWARD,NOMINAL_FEEDFORWARD,NONE,FRESH,FRESH,STALE,STALE,1,33.10557345371993,126.89442654628007,93.78885309256015,34.30709149343401,-117.08414258370794,189.46220641192411,37.250686,126.674964,37.254138,126.680626
88.09999999999714,3,ACTIVE,NOMINAL_FEEDFORWARD,NOMINAL_FEEDFORWARD,NONE,FRESH,FRESH,STALE,STALE,1,33.10557345371993,126.89442654628007,93.78885309256015,34.30709149343401,-117.08414258370794,189.46220641192411,37.250686,126.674964,37.254138,126.680626
88.14999999999714,3,ACTIVE,NOMINAL_FEEDFORWARD,NOMINAL_FEEDFORWARD,NONE,FRESH,FRESH,STALE,STALE,1,33.10557345371993,126.89442654628007,93.78885309256015,34.30709149343401,-117.08414258370794,189.46220641192411,37.250686,126.674964,37.254138,126.680626
88.19999999999713,3,DEGRADED,DEGRADED_CLOSED_LOOP,DEGRADED_CLOSED_LOOP,NONE,FRESH,FRESHED,FRESH,FRESH,1,36.60557345371973,123.39442654628027,68.28685537060835,20.435388742606,-117.08414258370794,189.46220641192411,37.250686,126.674964,37.254138,126.680626
88.24999999999713,3,DEGRADED,DEGRADED_CLOSED_LOOP,DEGRADED_CLOSED_LOOP,NONE,FRESH,FRESHED,FRESH,FRESH,1,40.10557345371953,119.89442654628047,68.31487054926137,20.438564955592327,-117.08414258370794,189.46220641192411,37.250686,126.674964,37.254138,126.680626
88.29999999999713,3,DEGRADED,DEGRADED_CLOSED_LOOP,DEGRADED_CLOSED_LOOP,NONE,FRESH,FRESHED,FRESH,FRESH,1,43.60557345371933,116.39442654628067,68.33518911421696,20.438564955592327,-117.08414258370794,189.46220641192411,37.250686,126.674964,37.254138,126.680626
88.34999999999712,3,DEGRADED,DEGRADED_CLOSED_LOOP,DEGRADED_CLOSED_LOOP,NONE,FRESH,FRESHED,FRESH,FRESH,1,45.82224616041373,114.17775383958627,68.35550767917255,20.438564955592327,-117.08414258370794,189.46220641192411,37.250686,126.674964,37.254138,126.680626
88.39999999999712,3,DEGRADED,DEGRADED_CLOSED_LOOP,DEGRADED_CLOSED_LOOP,NONE,FRESH,FRESHED,FRESH,FRESH,1,45.81208687793593,114.18791312206406,68.37582624412813,20.438564955592327,-117.08414258370794,189.46220641192411,37.250686,126.674964,37.254138,126.680626
88.44999999999712,3,DEGRADED,DEGRADED_CLOSED_LOOP,DEGRADED_CLOSED_LOOP,NONE,FRESH,FRESHED,FRESH,FRESH,1,45.80192759545813,114.19807240454188,68.39614480908374,20.438564955592327,-117.08414258370794,189.46220641192411,37.250686,126.674964,37.254138,126.680626
88.49999999999712,3,DEGRADED,DEGRADED_CLOSED_LOOP,DEGRADED_CLOSED_LOOP,NONE,FRESH,FRESHED,FRESH,FRESH,1,45.79176831298034,114.20823168701966,68.41646337403932,20.438564955592327,-117.08414258370794,189.46220641192411,37.250686,126.674964,37.254138,126.680626
88.54999999999711,3,DEGRADED,DEGRADED_FEEDFORWARD,DEGRADED_FEEDFORWARD,NONE,FRESH,FRESHED,STALE,FRESH,1,48.79176831298017,111.20823168701983,37.77713880459013,11.10325069874284,-117.08414258370794,189.46220641192411,37.250686,126.674964,37.254138,126.680626
88.59999999999711,3,DEGRADED,DEGRADED_FEEDFORWARD,DEGRADED_FEEDFORWARD,NONE,FRESH,FRESHED,STALE,FRESH,1,51.79176831298,108.20823168702,37.77713880459013,11.10325069874284,-117.08414258370794,189.46220641192411,37.250686,126.674964,37.254138,126.680626
88.6499999999971,3,DEGRADED,DEGRADED_FEEDFORWARD,DEGRADED_FEEDFORWARD,NONE,FRESH,FRESHED,STALE,FRESH,1,54.791768312979826,105.20823168702017,37.77713880459013,11.10325069874284,-117.08414258370794,189.46220641192411,37.250686,126.674964,37.254138,126.680626
88.6999999999971,3,DEGRADED,DEGRADED_FEEDFORWARD,DEGRADED_FEEDFORWARD,NONE,FRESH,FRESHED,STALE,FRESH,1,57.791768312979656,102.20823168702034,37.77713880459013,11.10325069874284,-117.08414258370794,189.46220641192411,37.250686,126.674964,37.254138,126.680626
88.7499999999971,3,DEGRADED,DEGRADED_FEEDFORWARD,DEGRADED_FEEDFORWARD,NONE,FRESH,FRESHED,STALE,FRESH,1,60.791768312979485,99.20823168702051,37.77713880459013,11.10325069874284,-117.08414258370794,189.46220641192411,37.250686,126.674964,37.254138,126.680626
88.7999999999971,3,DEGRADED,DEGRADED_FEEDFORWARD,DEGRADED_FEEDFORWARD,NONE,FRESH,FRESHED,STALE,FRESH,1,61.11143059770494,98.88856940229506,37.77713880459013,11.10325069874284,-117.08414258370794,189.46220641192411,37.250686,126.674964,37.254138,126.680626
88.8499999999971,3,DEGRADED,DEGRADED_FEEDFORWARD,DEGRADED_FEEDFORWARD,NONE,FRESH,FRESHED,STALE,FRESH,1,61.11143059770494,98.88856940229506,37.77713880459013,11.10325069874284,-117.08414258370794,189.46220641192411,37.250686,126.674964,37.254138,126.680626
88.89999999999709,3,DEGRADED,DEGRADED_FEEDFORWARD,DEGRADED_FEEDFORWARD,NONE,FRESH,FRESHED,STALE,FRESH,1,61.11143059770494,98.88856940229506,37.77713880459013,11.10325069874284,-117.08414258370794,189.46220641192411,37.250686,126.674964,37.254138,126.680626
88.94999999999709,3,DEGRADED,DEGRADED_FEEDFORWARD,DEGRADED_FEEDFORWARD,NONE,FRESH,FRESHED,STALE,FRESH,1,61.11143059770494,98.88856940229506,37.77713880459013,11.10325069874284,-117.08414258370794,189.46220641192411,37.250686,126.674964,37.254138,126.680626
88.99999999999709,3,DEGRADED,DEGRADED_FEEDFORWARD,DEGRADED_FEEDFORWARD,NONE,FRESH,FRESHED,STALE,STALE,1,61.11143059770494,98.88856940229506,37.77713880459013,11.10325069874284,-117.08414258370794,189.46220641192411,37.250686,126.674964,37.254138,126.680626
89.04999999999708,3,DEGRADED,DEGRADED_FEEDFORWARD,DEGRADED_FEEDFORWARD,NONE,FRESH,FRESHED,STALE,STALE,1,61.11143059770494,98.88856940229506,37.77713880459013,11.10325069874284,-117.08414258370794,189.46220641192411,37.250686,126.674964,37.254138,126.680626
89.09999999999708,3,DEGRADED,DEGRADED_FEEDFORWARD,DEGRADED_FEEDFORWARD,NONE,FRESH,FRESHED,STALE,STALE,1,61.11143059770494,98.88856940229506,37.77713880459013,11.10325069874284,-117.08414258370794,189.46220641192411,37.250686,126.674964,37.254138,126.680626
89.14999999999708,3,DEGRADED,DEGRADED_FEEDFORWARD,DEGRADED_FEEDFORWARD,NONE,FRESH,FRESHED,STALE,STALE,1,61.11143059770494,98.88856940229506,37.77713880459013,11.10325069874284,-117.08414258370794,189.46220641192411,37.250686,126.674964,37.254138,126.680626
89.19999999999708,3,DEGRADED,DEGRADED_CLOSED_LOOP,DEGRADED_CLOSED_LOOP,NONE,FRESH,FRESHED,FRESH,FRESH,1,57.61143059770514,102.38856940229486,72.09348022866295,21.981310706639515,-701.9260862238752,652.0170821357995,37.250686,126.674964,37.254138,126.680626
89.24999999999707,3,DEGRADED,DEGRADED_CLOSED_LOOP,DEGRADED_CLOSED_LOOP,NONE,FRESH,FRESHED,FRESH,FRESH,1,54.111430597705336,105.88856940229466,72.1156415393696,21.981310706639515,-701.9260862238752,652.0170821357995,37.250686,126.674964,37.254138,126.680626
89.29999999999707,3,DEGRADED,DEGRADED_CLOSED_LOOP,DEGRADED_CLOSED_LOOP,NONE,FRESH,FRESHED,FRESH,FRESH,1,50.611430597705535,109.38856940229446,72.13780285007624,21.981310706639515,-701.9260862238752,652.0170821357995,37.250686,126.674964,37.254138,126.680626
89.34999999999707,3,DEGRADED,DEGRADED_CLOSED_LOOP,DEGRADED_CLOSED_LOOP,NONE,FRESH,FRESHED,FRESH,FRESH,1,47.111430597705734,112.88856940229427,72.15996416078288,21.981310706639515,-701.9260862238752,652.0170821357995,37.250686,126.674964,37.254138,126.680626
89.39999999999706,3,DEGRADED,DEGRADED_CLOSED_LOOP,DEGRADED_CLOSED_LOOP,NONE,FRESH,FRESHED,FRESH,FRESH,1,43.90893726425524,116.09106273574476,72.18212547148951,21.981310706639515,-701.9260862238752,652.0170821357995,37.250686,126.674964,37.254138,126.680626
89.44999999999706,3,DEGRADED,DEGRADED_CLOSED_LOOP,DEGRADED_CLOSED_LOOP,NONE,FRESH,FRESHED,FRESH,FRESH,1,43.897856608901925,116.10214339109808,72.20428678219615,21.981310706639515,-701.9260862238752,652.0170821357995,37.250686,126.674964,37.254138,126.680626
89.49999999999706,3,DEGRADED,DEGRADED_CLOSED_LOOP,DEGRADED_CLOSED_LOOP,NONE,FRESH,FRESHED,FRESH,FRESH,1,43.88677595354861,116.11322404645139,72.22644809290279,21.981310706639515,-701.9260862238752,652.0170821357995,37.250686,126.674964,37.254138,126.680626
89.54999999999706,3,DEGRADED,DEGRADED_FEEDFORWARD,DEGRADED_FEEDFORWARD,NONE,FRESH,FRESHED,STALE,FRESH,1,46.88677595354844,113.11322404645156,40.34460157165895,12.312569538121041,-701.9260862238752,652.0170821357995,37.250686,126.674964,37.254138,126.680626
89.59999999999705,3,DEGRADED,DEGRADED_FEEDFORWARD,DEGRADED_FEEDFORWARD,NONE,FRESH,FRESHED,STALE,FRESH,1,49.886775953548266,110.11322404645173,40.34460157165895,12.312569538121041,-701.9260862238752,652.0170821357995,37.250686,126.674964,37.254138,126.680626
89.64999999999705,3,DEGRADED,DEGRADED_FEEDFORWARD,DEGRADED_FEEDFORWARD,NONE,FRESH,FRESHED,STALE,FRESH,1,52.886775953548096,107.1132240464519,40.34460157165895,12.312569538121041,-701.9260862238752,652.0170821357995,37.250686,126.674964,37.254138,126.680626
89.69999999999705,3,DEGRADED,DEGRADED_FEEDFORWARD,DEGRADED_FEEDFORWARD,NONE,FRESH,FRESHED,STALE,FRESH,1,55.886775953547925,104.11322404645207,40.34460157165895,12.312569538121041,-701.9260862238752,652.0170821357995,37.250686,126.674964,37.254138,126.680626
89.74999999999704,3,DEGRADED,DEGRADED_FEEDFORWARD,DEGRADED_FEEDFORWARD,NONE,FRESH,FRESHED,STALE,FRESH,1,58.886775953547755,101.11322404645225,40.34460157165895,12.312569538121041,-701.9260862238752,652.0170821357995,37.250686,126.674964,37.254138,126.680626
89.79999999999704,3,DEGRADED,DEGRADED_FEEDFORWARD,DEGRADED_FEEDFORWARD,NONE,FRESH,FRESHED,STALE,FRESH,1,59.82769921417052,100.17230078582948,40.34460157165895,12.312569538121041,-701.9260862238752,652.0170821357995,37.250686,126.674964,37.254138,126.680626
89.84999999999704,3,DEGRADED,DEGRADED_FEEDFORWARD,DEGRADED_FEEDFORWARD,NONE,FRESH,FRESHED,STALE,FRESH,1,59.82769921417052,100.17230078582948,40.34460157165895,12.312569538121041,-701.9260862238752,652.0170821357995,37.250686,126.674964,37.254138,126.680626
89.89999999999704,3,DEGRADED,DEGRADED_FEEDFORWARD,DEGRADED_FEEDFORWARD,NONE,FRESH,FRESHED,STALE,FRESH,1,59.82769921417052,100.17230078582948,40.34460157165895,12.312569538121041,-701.9260862238752,652.0170821357995,37.250686,126.674964,37.254138,126.680626
89.94999999999703,3,DEGRADED,DEGRADED_FEEDFORWARD,DEGRADED_FEEDFORWARD,NONE,FRESH,FRESHED,STALE,FRESH,1,59.82769921417052,100.17230078582948,40.34460157165895,12.312569538121041,-701.9260862238752,652.0170821357995,37.250686,126.674964,37.254138,126.680626
89.99999999999703,3,DEGRADED,DEGRADED_FEEDFORWARD,DEGRADED_FEEDFORWARD,NONE,FRESH,FRESHED,STALE,STALE,1,59.82769921417052,100.17230078582948,40.34460157165895,12.312569538121041,-701.9260862238752,652.0170821357995,37.250686,126.674964,37.254138,126.680626
90.04999999999703,3,DEGRADED,DEGRADED_FEEDFORWARD,DEGRADED_FEEDFORWARD,NONE,FRESH,FRESHED,STALE,STALE,1,59.82769921417052,100.17230078582948,40.34460157165895,12.312569538121041,-701.9260862238752,652.0170821357995,37.250686,126.674964,37.254138,126.680626
90.09999999999702,3,DEGRADED,DEGRADED_FEEDFORWARD,DEGRADED_FEEDFORWARD,NONE,FRESH,FRESHED,STALE,STALE,1,59.82769921417052,100.17230078582948,40.34460157165895,12.312569538121041,-701.9260862238752,652.0170821357995,37.250686,126.674964,37.254138,126.680626
90.14999999999702,3,DEGRADED,DEGRADED_FEEDFORWARD,DEGRADED_FEEDFORWARD,NONE,FRESH,FRESHED,STALE,STALE,1,59.82769921417052,100.17230078582948,40.34460157165895,12.312569538121041,-701.9260862238752,652.0170821357995,37.250686,126.674964,37.254138,126.680626
90.19999999999702,3,DEGRADED,DEGRADED_CLOSED_LOOP,DEGRADED_CLOSED_LOOP,NONE,FRESH,FRESHED,FRESH,FRESH,1,56.32769921417072,103.67230078582928,72.12349193833471,21.981310706639515,-701.9260862238752,652.0170821357995,37.250686,126.674964,37.254138,126.680626
90.24999999999702,3,DEGRADED,DEGRADED_CLOSED_LOOP,DEGRADED_CLOSED_LOOP,NONE,FRESH,FRESHED,FRESH,FRESH,1,52.82769921417092,107.17230078582908,72.14575324904135,21.981310706639515,-701.9260862238752,652.0170821357995,37.250686,126.674964,37.254138,126.680626
90.29999999999701,3,DEGRADED,DEGRADED_CLOSED_LOOP,DEGRADED_CLOSED_LOOP,NONE,FRESH,FRESHED,FRESH,FRESH,1,49.32769921417112,110.67230078582888,72.16801455974799,21.981310706639515,-701.9260862238752,652.0170821357995,37.250686,126.674964,37.254138,126.680626
90.34999999999701,3,DEGRADED,DEGRADED_CLOSED_LOOP,DEGRADED_CLOSED_LOOP,NONE,FRESH,FRESHED,FRESH,FRESH,1,45.82769921417132,114.17230078582868,72.19027587045463,21.981310706639515,-701.9260862238752,652.0170821357995,37.250686,126.674964,37.254138,126.680626
90.39999999999701,3,DEGRADED,DEGRADED_CLOSED_LOOP,DEGRADED_CLOSED_LOOP,NONE,FRESH,FRESHED,FRESH,FRESH,1,43.89373140941937,116.10626859058064,72.21253718116127,21.981310706639515,-701.9260862238752,652.0170821357995,37.250686,126.674964,37.254138,126.680626
90.449999999997,3,DEGRADED,DEGRADED_CLOSED_LOOP,DEGRADED_CLOSED_LOOP,NONE,FRESH,FRESHED,FRESH,FRESH,1,43.88260075406605,116.11739924593395,72.2347984918679,21.981310706639515,-701.9260862238752,652.0170821357995,37.250686,126.674964,37.254138,126.680626
90.499999999997,3,DEGRADED,DEGRADED_CLOSED_LOOP,DEGRADED_CLOSED_LOOP,NONE,FRESH,FRESHED,FRESH,FRESH,1,43.871470098712734,116.12852990128727,72.25705980257453,21.981310706639515,-701.9260862238752,652.0170821357995,37.250686,126.674964,37.254138,126.680626
90.549999999997,3,DEGRADED,DEGRADED_FEEDFORWARD,DEGRADED_FEEDFORWARD,NONE,FRESH,FRESHED,STALE,FRESH,1,46.871470098712564,113.12852990128744,40.34460157165895,12.312569538121041,-701.9260862238752,652.0170821357995,37.250686,126.674964,37.254138,126.680626
90.599999999997,3,DEGRADED,DEGRADED_FEEDFORWARD,DEGRADED_FEEDFORWARD,NONE,FRESH,FRESHED,STALE,FRESH,1,49.87147009871239,110.1285299012876,40.34460157165895,12.312569538121041,-701.9260862238752,652.0170821357995,37.250686,126.674964,37.254138,126.680626
90.649999999997,3,DEGRADED,DEGRADED_FEEDFORWARD,DEGRADED_FEEDFORWARD,NONE,FRESH,FRESHED,STALE,FRESH,1,52.87147009871222,107.12852990128778,40.34460157165895,12.312569538121041,-701.9260862238752,652.0170821357995,37.250686,126.674964,37.254138,126.680626
90.69999999999699,3,DEGRADED,DEGRADED_FEEDFORWARD,DEGRADED_FEEDFORWARD,NONE,FRESH,FRESHED,STALE,FRESH,1,55.87147009871205,104.12852990128795,40.34460157165895,12.312569538121041,-701.9260862238752,652.0170821357995,37.250686,126.674964,37.254138,126.680626
90.74999999999699,3,DEGRADED,DEGRADED_FEEDFORWARD,DEGRADED_FEEDFORWARD,NONE,FRESH,FRESHED,STALE,FRESH,1,58.87147009871188,101.12852990128812,40.34460157165895,12.312569538121041,-701.9260862238752,652.0170821357995,37.250686,126.674964,37.254138,126.680626
90.79999999999698,3,DEGRADED,DEGRADED_FEEDFORWARD,DEGRADED_FEEDFORWARD,NONE,FRESH,FRESHED,STALE,FRESH,1,59.82769921417052,100.17230078582948,40.34460157165895,12.312569538121041,-701.9260862238752,652.0170821357995,37.250686,126.674964,37.254138,126.680626
90.84999999999698,3,DEGRADED,DEGRADED_FEEDFORWARD,DEGRADED_FEEDFORWARD,NONE,FRESH,FRESHED,STALE,FRESH,1,59.82769921417052,100.17230078582948,40.34460157165895,12.312569538121041,-701.9260862238752,652.0170821357995,37.250686,126.674964,37.254138,126.680626
90.89999999999698,3,DEGRADED,DEGRADED_FEEDFORWARD,DEGRADED_FEEDFORWARD,NONE,FRESH,FRESHED,STALE,FRESH,1,59.82769921417052,100.17230078582948,40.34460157165895,12.312569538121041,-701.9260862238752,652.0170821357995,37.250686,126.674964,37.254138,126.680626
90.94999999999698,3,DEGRADED,DEGRADED_FEEDFORWARD,DEGRADED_FEEDFORWARD,NONE,FRESH,FRESHED,STALE,FRESH,1,59.82769921417052,100.17230078582948,40.34460157165895,12.312569538121041,-701.9260862238752,652.0170821357995,37.250686,126.674964,37.254138,126.680626
90.99999999999697,3,DEGRADED,DEGRADED_FEEDFORWARD,DEGRADED_FEEDFORWARD,NONE,FRESH,FRESHED,STALE,STALE,1,59.82769921417052,100.17230078582948,40.34460157165895,12.312569538121041,-701.9260862238752,652.0170821357995,37.250686,126.674964,37.254138,126.680626
91.04999999999697,3,DEGRADED,DEGRADED_FEEDFORWARD,DEGRADED_FEEDFORWARD,NONE,FRESH,FRESHED,STALE,STALE,1,59.82769921417052,100.17230078582948,40.34460157165895,12.312569538121041,-701.9260862238752,652.0170821357995,37.250686,126.674964,37.254138,126.680626
91.09999999999697,3,DEGRADED,DEGRADED_FEEDFORWARD,DEGRADED_FEEDFORWARD,NONE,FRESH,FRESHED,STALE,STALE,1,59.82769921417052,100.17230078582948,40.34460157165895,12.312569538121041,-701.9260862238752,652.0170821357995,37.250686,126.674964,37.254138,126.680626
91.14999999999696,3,DEGRADED,DEGRADED_FEEDFORWARD,DEGRADED_FEEDFORWARD,NONE,FRESH,FRESHED,STALE,STALE,1,59.82769921417052,100.17230078582948,40.34460157165895,12.312569538121041,-701.9260862238752,652.0170821357995,37.250686,126.674964,37.254138,126.680626
91.19999999999696,3,DEGRADED,DEGRADED_CLOSED_LOOP,DEGRADED_CLOSED_LOOP,NONE,FRESH,FRESHED,FRESH,FRESH,1,56.32769921417072,103.67230078582928,68.15867868880115,20.30381119793165,-109.86226445398925,211.69175954221748,37.250686,126.674964,37.254138,126.680626
91.24999999999696,3,DEGRADED,DEGRADED_CLOSED_LOOP,DEGRADED_CLOSED_LOOP,NONE,FRESH,FRESHED,FRESH,FRESH,1,52.82769921417092,107.17230078582908,68.17949249999909,20.30381119793165,-109.86226445398925,211.69175954221748,37.250686,126.674964,37.254138,126.680626
91.29999999999696,3,DEGRADED,DEGRADED_CLOSED_LOOP,DEGRADED_CLOSED_LOOP,NONE,FRESH,FRESHED,FRESH,FRESH,1,49.32769921417112,110.67230078582888,68.20030631119701,20.30381119793165,-109.86226445398925,211.69175954221748,37.250686,126.674964,37.254138,126.680626
91.34999999999695,3,DEGRADED,DEGRADED_CLOSED_LOOP,DEGRADED_CLOSED_LOOP,NONE,FRESH,FRESHED,FRESH,FRESH,1,45.88943993880253,114.11056006119748,68.22112012239494,20.30381119793165,-109.86226445398925,211.69175954221748,37.250686,126.674964,37.254138,126.680626
91.39999999999695,3,DEGRADED,DEGRADED_CLOSED_LOOP,DEGRADED_CLOSED_LOOP,NONE,FRESH,FRESHED,FRESH,FRESH,1,45.87903303320356,114.12096696679643,68.24193393359288,20.30381119793165,-109.86226445398925,211.69175954221748,37.250686,126.674964,37.254138,126.680626
91.44999999999695,3,DEGRADED,DEGRADED_CLOSED_LOOP,DEGRADED_CLOSED_LOOP,NONE,FRESH,FRESHED,FRESH,FRESH,1,45.8686261276046,114.1313738723954,68.2627477447908,20.30381119793165,-109.86226445398925,211.69175954221748,37.250686,126.674964,37.254138,126.680626
91.49999999999694,3,DEGRADED,DEGRADED_CLOSED_LOOP,DEGRADED_CLOSED_LOOP,NONE,FRESH,FRESHED,FRESH,FRESH,1,45.85821922200563,114.14178077799437,68.28356155598874,20.30381119793165,-109.86226445398925,211.69175954221748,37.250686,126.674964,37.254138,126.680626
91.54999999999694,3,DEGRADED,DEGRADED_FEEDFORWARD,DEGRADED_FEEDFORWARD,NONE,FRESH,FRESHED,STALE,FRESH,1,48.85821922200546,111.14178077799454,37.54748489517624,10.99631287524648,-109.86226445398925,211.69175954221748,37.250686,126.674964,37.254138,126.680626
91.59999999999694,3,DEGRADED,DEGRADED_FEEDFORWARD,DEGRADED_FEEDFORWARD,NONE,FRESH,FRESHED,STALE,FRESH,1,51.85821922200529,108.14178077799471,37.54748489517624,10.99631287524648,-109.86226445398925,211.69175954221748,37.250686,126.674964,37.254138,126.680626
91.64999999999694,3,DEGRADED,DEGRADED_FEEDFORWARD,DEGRADED_FEEDFORWARD,NONE,FRESH,FRESHED,STALE,FRESH,1,54.85821922200512,105.14178077799488,37.54748489517624,10.99631287524648,-109.86226445398925,211.69175954221748,37.250686,126.674964,37.254138,126.680626
91.69999999999693,3,DEGRADED,DEGRADED_FEEDFORWARD,DEGRADED_FEEDFORWARD,NONE,FRESH,FRESHED,STALE,FRESH,1,57.85821922200495,102.14178077799505,37.54748489517624,10.99631287524648,-109.86226445398925,211.69175954221748,37.250686,126.674964,37.254138,126.680626
91.74999999999693,3,DEGRADED,DEGRADED_FEEDFORWARD,DEGRADED_FEEDFORWARD,NONE,FRESH,FRESHED,STALE,FRESH,1,60.85821922200478,99.14178077799522,37.54748489517624,10.99631287524648,-109.86226445398925,211.69175954221748,37.250686,126.674964,37.254138,126.680626
91.79999999999693,3,DEGRADED,DEGRADED_FEEDFORWARD,DEGRADED_FEEDFORWARD,NONE,FRESH,FRESHED,STALE,FRESH,1,61.22625755241188,98.77374244758812,37.54748489517624,10.99631287524648,-109.86226445398925,211.69175954221748,37.250686,126.674964,37.254138,126.680626
91.84999999999692,3,DEGRADED,DEGRADED_FEEDFORWARD,DEGRADED_FEEDFORWARD,NONE,FRESH,FRESHED,STALE,FRESH,1,61.22625755241188,98.77374244758812,37.54748489517624,10.99631287524648,-109.86226445398925,211.69175954221748,37.250686,126.674964,37.254138,126.680626
91.89999999999692,3,DEGRADED,DEGRADED_FEEDFORWARD,DEGRADED_FEEDFORWARD,NONE,FRESH,FRESHED,STALE,FRESH,1,61.22625755241188,98.77374244758812,37.54748489517624,10.99631287524648,-109.86226445398925,211.69175954221748,37.250686,126.674964,37.254138,126.680626
91.94999999999692,3,DEGRADED,DEGRADED_FEEDFORWARD,DEGRADED_FEEDFORWARD,NONE,FRESH,FRESHED,STALE,FRESH,1,61.22625755241188,98.77374244758812,37.54748489517624,10.99631287524648,-109.86226445398925,211.69175954221748,37.250686,126.674964,37.254138,126.680626
91.99999999999692,3,DEGRADED,DEGRADED_FEEDFORWARD,DEGRADED_FEEDFORWARD,NONE,FRESH,FRESHED,STALE,STALE,1,61.22625755241188,98.77374244758812,37.54748489517624,10.99631287524648,-109.86226445398925,211.69175954221748,37.250686,126.674964,37.254138,126.680626
92.04999999999691,3,DEGRADED,DEGRADED_FEEDFORWARD,DEGRADED_FEEDFORWARD,NONE,FRESH,FRESHED,STALE,STALE,1,61.22625755241188,98.77374244758812,37.54748489517624,10.99631287524648,-109.86226445398925,211.69175954221748,37.250686,126.674964,37.254138,126.680626
92.09999999999691,3,DEGRADED,DEGRADED_FEEDFORWARD,DEGRADED_FEEDFORWARD,NONE,FRESH,FRESHED,STALE,STALE,1,61.22625755241188,98.77374244758812,37.54748489517624,10.99631287524648,-109.86226445398925,211.69175954221748,37.250686,126.674964,37.254138,126.680626
92.14999999999691,3,DEGRADED,DEGRADED_FEEDFORWARD,DEGRADED_FEEDFORWARD,NONE,FRESH,FRESHED,STALE,STALE,1,61.22625755241188,98.77374244758812,37.54748489517624,10.99631287524648,-109.86226445398925,211.69175954221748,37.250686,126.674964,37.254138,126.680626
92.1999999999969,3,DEGRADED,DEGRADED_CLOSED_LOOP,DEGRADED_CLOSED_LOOP,NONE,FRESH,FRESHED,FRESH,FRESH,1,57.72625755241208,102.27374244758792,63.358231347212886,18.38505335781402,-109.86226445398925,211.69175954221748,37.250686,126.674964,37.254138,126.680626
92.2499999999969,3,DEGRADED,DEGRADED_CLOSED_LOOP,DEGRADED_CLOSED_LOOP,NONE,FRESH,FRESHED,FRESH,FRESH,1,54.22625755241228,105.77374244758772,63.3768464005707,18.38505335781402,-109.86226445398925,211.69175954221748,37.250686,126.674964,37.254138,126.680626
92.2999999999969,3,DEGRADED,DEGRADED_CLOSED_LOOP,DEGRADED_CLOSED_LOOP,NONE,FRESH,FRESHED,FRESH,FRESH,1,50.72625755241248,109.27374244758752,63.39546145392851,18.38505335781402,-109.86226445398925,211.69175954221748,37.250686,126.674964,37.254138,126.680626
92.3499999999969,3,DEGRADED,DEGRADED_CLOSED_LOOP,DEGRADED_CLOSED_LOOP,NONE,FRESH,FRESHED,FRESH,FRESH,1,48.29296174635684,111.70703825364316,63.414076507286325,18.38505335781402,-109.86226445398925,211.69175954221748,37.250686,126.674964,37.254138,126.680626
92.3999999999969,3,DEGRADED,DEGRADED_CLOSED_LOOP,DEGRADED_CLOSED_LOOP,NONE,FRESH,FRESHED,FRESH,FRESH,1,48.28365421967793,111.71634578032207,63.43269156064414,18.38505335781402,-109.86226445398925,211.69175954221748,37.250686,126.674964,37.254138,126.680626
92.44999999999689,3,DEGRADED,DEGRADED_CLOSED_LOOP,DEGRADED_CLOSED_LOOP,NONE,FRESH,FRESHED,FRESH,FRESH,1,48.274346692999025,111.72565330700098,63.45130661400195,18.38505335781402,-109.86226445398925,211.69175954221748,37.250686,126.674964,37.254138,126.680626
92.49999999999689,3,DEGRADED,DEGRADED_CLOSED_LOOP,DEGRADED_CLOSED_LOOP,NONE,FRESH,FRESHED,FRESH,FRESH,1,48.26503916632012,111.73496083367988,63.46992166735976,18.38505335781402,-109.86226445398925,211.69175954221748,37.250686,126.674964,37.254138,126.680626
92.54999999999688,3,DEGRADED,DEGRADED_FEEDFORWARD,DEGRADED_FEEDFORWARD,NONE,FRESH,FRESHED,STALE,FRESH,1,51.26503916631995,108.73496083368005,38.05108248920658,11.231081786447678,-109.86226445398925,211.69175954221748,37.250686,126.674964,37.254138,126.680626
92.59999999999688,3,DEGRADED,DEGRADED_FEEDFORWARD,DEGRADED_FEEDFORWARD,NONE,FRESH,FRESHED,STALE,FRESH,1,54.26503916631978,105.73496083368022,38.05108248920658,11.231081786447678,-109.86226445398925,211.69175954221748,37.250686,126.674964,37.254138,126.680626
92.64999999999688,3,DEGRADED,DEGRADED_FEEDFORWARD,DEGRADED_FEEDFORWARD,NONE,FRESH,FRESHED,STALE,FRESH,1,57.26503916631961,102.73496083368039,38.05108248920658,11.231081786447678,-109.86226445398925,211.69175954221748,37.250686,126.674964,37.254138,126.680626
92.69999999999688,3,DEGRADED,DEGRADED_FEEDFORWARD,DEGRADED_FEEDFORWARD,NONE,FRESH,FRESHED,STALE,FRESH,1,60.26503916631944,99.73496083368056,38.05108248920658,11.231081786447678,-109.86226445398925,211.69175954221748,37.250686,126.674964,37.254138,126.680626
92.74999999999687,3,DEGRADED,DEGRADED_FEEDFORWARD,DEGRADED_FEEDFORWARD,NONE,FRESH,FRESHED,STALE,FRESH,1,60.97445875539671,99.02554124460329,38.05108248920658,11.231081786447678,-109.86226445398925,211.69175954221748,37.250686,126.674964,37.254138,126.680626
92.79999999999687,3,DEGRADED,DEGRADED_FEEDFORWARD,DEGRADED_FEEDFORWARD,NONE,FRESH,FRESHED,STALE,FRESH,1,60.97445875539671,99.02554124460329,38.05108248920658,11.231081786447678,-109.86226445398925,211.69175954221748,37.250686,126.674964,37.254138,126.680626
92.84999999999687,3,DEGRADED,DEGRADED_FEEDFORWARD,DEGRADED_FEEDFORWARD,NONE,FRESH,FRESHED,STALE,FRESH,1,60.97445875539671,99.02554124460329,38.05108248920658,11.231081786447678,-109.86226445398925,211.69175954221748,37.250686,126.674964,37.254138,126.680626
92.89999999999687,3,DEGRADED,DEGRADED_FEEDFORWARD,DEGRADED_FEEDFORWARD,NONE,FRESH,FRESHED,STALE,FRESH,1,60.97445875539671,99.02554124460329,38.05108248920658,11.231081786447678,-109.86226445398925,211.69175954221748,37.250686,126.674964,37.254138,126.680626
92.94999999999686,3,DEGRADED,DEGRADED_FEEDFORWARD,DEGRADED_FEEDFORWARD,NONE,FRESH,FRESHED,STALE,FRESH,1,60.97445875539671,99.02554124460329,38.05108248920658,11.231081786447678,-109.86226445398925,211.69175954221748,37.250686,126.674964,37.254138,126.680626
92.99999999999686,3,DEGRADED,DEGRADED_FEEDFORWARD,DEGRADED_FEEDFORWARD,NONE,FRESH,FRESHED,STALE,STALE,1,60.97445875539671,99.02554124460329,38.05108248920658,11.231081786447678,-109.86226445398925,211.69175954221748,37.250686,126.674964,37.254138,126.680626
93.04999999999686,3,DEGRADED,DEGRADED_FEEDFORWARD,DEGRADED_FEEDFORWARD,NONE,FRESH,FRESHED,STALE,STALE,1,60.97445875539671,99.02554124460329,38.05108248920658,11.231081786447678,-109.86226445398925,211.69175954221748,37.250686,126.674964,37.254138,126.680626
93.09999999999685,3,DEGRADED,DEGRADED_FEEDFORWARD,DEGRADED_FEEDFORWARD,NONE,FRESH,FRESHED,STALE,STALE,1,60.97445875539671,99.02554124460329,38.05108248920658,11.231081786447678,-109.86226445398925,211.69175954221748,37.250686,126.674964,37.254138,126.680626
93.14999999999685,3,DEGRADED,DEGRADED_FEEDFORWARD,DEGRADED_FEEDFORWARD,NONE,FRESH,FRESHED,STALE,STALE,1,60.97445875539671,99.02554124460329,38.05108248920658,11.231081786447678,-109.86226445398925,211.69175954221748,37.250686,126.674964,37.254138,126.680626
93.19999999999685,3,ACTIVE,NOMINAL_CLOSED_LOOP,NOMINAL_CLOSED_LOOP,NONE,FRESH,FRESH,FRESH,FRESH,1,55.974458755396995,104.025541244603,64.3547607333126,17.398235953687642,-106.17714338797326,224.36632366834198,37.250686,126.674964,37.254138,126.680626
93.24999999999685,3,ACTIVE,NOMINAL_CLOSED_LOOP,NOMINAL_CLOSED_LOOP,NONE,FRESH,FRESH,FRESH,FRESH,1,50.97445875539728,109.02554124460272,64.37235896926629,17.398235953687642,-106.17714338797326,224.36632366834198,37.250686,126.674964,37.254138,126.680626
93.29999999999684,3,ACTIVE,NOMINAL_CLOSED_LOOP,NOMINAL_CLOSED_LOOP,NONE,FRESH,FRESH,FRESH,FRESH,1,47.805021397390014,112.19497860260998,64.38995720521997,17.398235953687642,-106.17714338797326,224.36632366834198,37.250686,126.674964,37.254138,126.680626
93.34999999999684,3,ACTIVE,NOMINAL_CLOSED_LOOP,NOMINAL_CLOSED_LOOP,NONE,FRESH,FRESH,FRESH,FRESH,1,47.79622227941317,112.20377772058683,64.40755544117366,17.398235953687642,-106.17714338797326,224.36632366834198,37.250686,126.674964,37.254138,126.680626
93.39999999999684,3,ACTIVE,NOMINAL_CLOSED_LOOP,NOMINAL_CLOSED_LOOP,NONE,FRESH,FRESH,FRESH,FRESH,1,47.78742316143632,112.21257683856368,64.42515367712735,17.398235953687642,-106.17714338797326,224.36632366834198,37.250686,126.674964,37.254138,126.680626
93.44999999999683,3,ACTIVE,NOMINAL_CLOSED_LOOP,NOMINAL_CLOSED_LOOP,NONE,FRESH,FRESH,FRESH,FRESH,1,47.77862404345948,112.22137595654053,64.44275191308104,17.398235953687642,-106.17714338797326,224.36632366834198,37.250686,126.674964,37.254138,126.680626
93.49999999999683,3,ACTIVE,NOMINAL_CLOSED_LOOP,NOMINAL_CLOSED_LOOP,NONE,FRESH,FRESH,FRESH,FRESH,1,47.76982492548264,112.23017507451736,64.46035014903472,17.398235953687642,-106.17714338797326,224.36632366834198,37.250686,126.674964,37.254138,126.680626
93.54999999999683,3,ACTIVE,NOMINAL_FEEDFORWARD,NOMINAL_FEEDFORWARD,NONE,FRESH,FRESH,STALE,FRESH,1,52.26982492548238,107.73017507451762,52.78518337133368,15.223456459476688,-106.17714338797326,224.36632366834198,37.250686,126.674964,37.254138,126.680626
93.59999999999683,3,ACTIVE,NOMINAL_FEEDFORWARD,NOMINAL_FEEDFORWARD,NONE,FRESH,FRESH,STALE,FRESH,1,53.607408314333156,106.39259168566684,52.78518337133368,15.223456459476688,-106.17714338797326,224.36632366834198,37.250686,126.674964,37.254138,126.680626
93.64999999999682,3,ACTIVE,NOMINAL_FEEDFORWARD,NOMINAL_FEEDFORWARD,NONE,FRESH,FRESH,STALE,FRESH,1,53.607408314333156,106.39259168566684,52.78518337133368,15.223456459476688,-106.17714338797326,224.36632366834198,37.250686,126.674964,37.254138,126.680626
93.69999999999682,3,ACTIVE,NOMINAL_FEEDFORWARD,NOMINAL_FEEDFORWARD,NONE,FRESH,FRESH,STALE,FRESH,1,53.607408314333156,106.39259168566684,52.78518337133368,15.223456459476688,-106.17714338797326,224.36632366834198,37.250686,126.674964,37.254138,126.680626
93.74999999999682,3,ACTIVE,NOMINAL_FEEDFORWARD,NOMINAL_FEEDFORWARD,NONE,FRESH,FRESH,STALE,FRESH,1,53.607408314333156,106.39259168566684,52.78518337133368,15.223456459476688,-106.17714338797326,224.36632366834198,37.250686,126.674964,37.254138,126.680626
93.79999999999681,3,ACTIVE,NOMINAL_FEEDFORWARD,NOMINAL_FEEDFORWARD,NONE,FRESH,FRESH,STALE,FRESH,1,53.607408314333156,106.39259168566684,52.78518337133368,15.223456459476688,-106.17714338797326,224.36632366834198,37.250686,126.674964,37.254138,126.680626
93.84999999999681,3,ACTIVE,NOMINAL_FEEDFORWARD,NOMINAL_FEEDFORWARD,NONE,FRESH,FRESH,STALE,FRESH,1,53.607408314333156,106.39259168566684,52.78518337133368,15.223456459476688,-106.17714338797326,224.36632366834198,37.250686,126.674964,37.254138,126.680626
93.89999999999681,3,ACTIVE,NOMINAL_FEEDFORWARD,NOMINAL_FEEDFORWARD,NONE,FRESH,FRESH,STALE,FRESH,1,53.607408314333156,106.39259168566684,52.78518337133368,15.223456459476688,-106.17714338797326,224.36632366834198,37.250686,126.674964,37.254138,126.680626
93.9499999999968,3,ACTIVE,NOMINAL_FEEDFORWARD,NOMINAL_FEEDFORWARD,NONE,FRESH,FRESH,STALE,FRESH,1,53.607408314333156,106.39259168566684,52.78518337133368,15.223456459476688,-106.17714338797326,224.36632366834198,37.250686,126.674964,37.254138,126.680626
93.9999999999968,3,ACTIVE,NOMINAL_FEEDFORWARD,NOMINAL_FEEDFORWARD,NONE,FRESH,FRESH,STALE,STALE,1,53.607408314333156,106.39259168566684,52.78518337133368,15.223456459476688,-106.17714338797326,224.36632366834198,37.250686,126.674964,37.254138,126.680626
94.0499999999968,3,ACTIVE,NOMINAL_FEEDFORWARD,NOMINAL_FEEDFORWARD,NONE,FRESH,FRESH,STALE,STALE,1,53.607408314333156,106.39259168566684,52.78518337133368,15.223456459476688,-106.17714338797326,224.36632366834198,37.250686,126.674964,37.254138,126.680626
94.0999999999968,3,ACTIVE,NOMINAL_FEEDFORWARD,NOMINAL_FEEDFORWARD,NONE,FRESH,FRESH,STALE,STALE,1,53.607408314333156,106.39259168566684,52.78518337133368,15.223456459476688,-106.17714338797326,224.36632366834198,37.250686,126.674964,37.254138,126.680626
94.1499999999968,3,ACTIVE,NOMINAL_FEEDFORWARD,NOMINAL_FEEDFORWARD,NONE,FRESH,FRESH,STALE,STALE,1,53.607408314333156,106.39259168566684,52.78518337133368,15.223456459476688,-106.17714338797326,224.36632366834198,37.250686,126.674964,37.254138,126.680626
94.19999999999679,3,DEGRADED,DEGRADED_CLOSED_LOOP,DEGRADED_CLOSED_LOOP,NONE,FRESH,FRESHED,FRESH,FRESH,1,57.10740831433296,102.89259168566704,43.831886796595875,10.873897471054777,-106.17714338797326,224.36632366834198,37.250686,126.674964,37.254138,126.680626
94.24999999999679,3,DEGRADED,DEGRADED_CLOSED_LOOP,DEGRADED_CLOSED_LOOP,NONE,FRESH,FRESHED,FRESH,FRESH,1,58.07875465296654,101.92124534703346,43.84249069406693,10.873897471054777,-106.17714338797326,224.36632366834198,37.250686,126.674964,37.254138,126.680626
94.29999999999679,3,DEGRADED,DEGRADED_CLOSED_LOOP,DEGRADED_CLOSED_LOOP,NONE,FRESH,FRESHED,FRESH,FRESH,1,58.073452704231,101.926547295769,43.85309459153799,10.873897471054777,-106.17714338797326,224.36632366834198,37.250686,126.674964,37.254138,126.680626
94.34999999999678,3,DEGRADED,DEGRADED_CLOSED_LOOP,DEGRADED_CLOSED_LOOP,NONE,FRESH,FRESHED,FRESH,FRESH,1,58.06815075549548,101.93184924450452,43.86369848900904,10.873897471054777,-106.17714338797326,224.36632366834198,37.250686,126.674964,37.254138,126.680626
94.39999999999678,3,DEGRADED,DEGRADED_CLOSED_LOOP,DEGRADED_CLOSED_LOOP,NONE,FRESH,FRESHED,FRESH,FRESH,1,58.06284880675995,101.93715119324006,43.874302386480096,10.873897471054777,-106.17714338797326,224.36632366834198,37.250686,126.674964,37.254138,126.680626
94.44999999999678,3,DEGRADED,DEGRADED_CLOSED_LOOP,DEGRADED_CLOSED_LOOP,NONE,FRESH,FRESHED,FRESH,FRESH,1,58.05754685802442,101.94245314197558,43.884906283951146,10.873897471054777,-106.17714338797326,224.36632366834198,37.250686,126.674964,37.254138,126.680626
94.49999999999677,3,DEGRADED,DEGRADED_CLOSED_LOOP,DEGRADED_CLOSED_LOOP,NONE,FRESH,FRESHED,FRESH,FRESH,1,58.0522449092889,101.9477550907111,43.8955101814222,10.873897471054777,-106.17714338797326,224.36632366834198,37.250686,126.674964,37.254138,126.680626
94.54999999999677,3,DEGRADED,DEGRADED_FEEDFORWARD,DEGRADED_FEEDFORWARD,NONE,FRESH,FRESHED,STALE,FRESH,1,61.05224490928873,98.94775509071127,32.496442888350074,8.699117976843821,-106.17714338797326,224.36632366834198,37.250686,126.674964,37.254138,126.680626
94.59999999999677,3,DEGRADED,DEGRADED_FEEDFORWARD,DEGRADED_FEEDFORWARD,NONE,FRESH,FRESHED,STALE,FRESH,1,63.75177855582496,96.24822144417504,32.496442888350074,8.699117976843821,-106.17714338797326,224.36632366834198,37.250686,126.674964,37.254138,126.680626
94.64999999999677,3,DEGRADED,DEGRADED_FEEDFORWARD,DEGRADED_FEEDFORWARD,NONE,FRESH,FRESHED,STALE,FRESH,1,63.75177855582496,96.24822144417504,32.496442888350074,8.699117976843821,-106.17714338797326,224.36632366834198,37.250686,126.674964,37.254138,126.680626
94.69999999999676,3,DEGRADED,DEGRADED_FEEDFORWARD,DEGRADED_FEEDFORWARD,NONE,FRESH,FRESHED,STALE,FRESH,1,63.75177855582496,96.24822144417504,32.496442888350074,8.699117976843821,-106.17714338797326,224.36632366834198,37.250686,126.674964,37.254138,126.680626
94.74999999999676,3,DEGRADED,DEGRADED_FEEDFORWARD,DEGRADED_FEEDFORWARD,NONE,FRESH,FRESHED,STALE,FRESH,1,63.75177855582496,96.24822144417504,32.496442888350074,8.699117976843821,-106.17714338797326,224.36632366834198,37.250686,126.674964,37.254138,126.680626
94.79999999999676,3,DEGRADED,DEGRADED_FEEDFORWARD,DEGRADED_FEEDFORWARD,NONE,FRESH,FRESHED,STALE,FRESH,1,63.75177855582496,96.24822144417504,32.496442888350074,8.699117976843821,-106.17714338797326,224.36632366834198,37.250686,126.674964,37.254138,126.680626
94.84999999999675,3,DEGRADED,DEGRADED_FEEDFORWARD,DEGRADED_FEEDFORWARD,NONE,FRESH,FRESHED,STALE,FRESH,1,63.75177855582496,96.24822144417504,32.496442888350074,8.699117976843821,-106.17714338797326,224.36632366834198,37.250686,126.674964,37.254138,126.680626
94.89999999999675,3,DEGRADED,DEGRADED_FEEDFORWARD,DEGRADED_FEEDFORWARD,NONE,FRESH,FRESHED,STALE,FRESH,1,63.75177855582496,96.24822144417504,32.496442888350074,8.699117976843821,-106.17714338797326,224.36632366834198,37.250686,126.674964,37.254138,126.680626
94.94999999999675,3,DEGRADED,DEGRADED_FEEDFORWARD,DEGRADED_FEEDFORWARD,NONE,FRESH,FRESHED,STALE,FRESH,1,63.75177855582496,96.24822144417504,32.496442888350074,8.699117976843821,-106.17714338797326,224.36632366834198,37.250686,126.674964,37.254138,126.680626
94.99999999999675,3,DEGRADED,DEGRADED_FEEDFORWARD,DEGRADED_FEEDFORWARD,NONE,FRESH,FRESHED,STALE,STALE,1,63.75177855582496,96.24822144417504,32.496442888350074,8.699117976843821,-106.17714338797326,224.36632366834198,37.250686,126.674964,37.254138,126.680626
95.04999999999674,3,DEGRADED,DEGRADED_FEEDFORWARD,DEGRADED_FEEDFORWARD,NONE,FRESH,FRESHED,STALE,STALE,1,63.75177855582496,96.24822144417504,32.496442888350074,8.699117976843821,-106.17714338797326,224.36632366834198,37.250686,126.674964,37.254138,126.680626
95.09999999999674,3,DEGRADED,DEGRADED_FEEDFORWARD,DEGRADED_FEEDFORWARD,NONE,FRESH,FRESHED,STALE,STALE,1,63.75177855582496,96.24822144417504,32.496442888350074,8.699117976843821,-106.17714338797326,224.36632366834198,37.250686,126.674964,37.254138,126.680626
95.14999999999674,3,DEGRADED,DEGRADED_FEEDFORWARD,DEGRADED_FEEDFORWARD,NONE,FRESH,FRESHED,STALE,STALE,1,63.75177855582496,96.24822144417504,32.496442888350074,8.699117976843821,-106.17714338797326,224.36632366834198,37.250686,126.674964,37.254138,126.680626
95.19999999999673,3,DEGRADED,DEGRADED_CLOSED_LOOP,DEGRADED_CLOSED_LOOP,NONE,FRESH,FRESHED,FRESH,FRESH,1,60.25177855582516,99.74822144417485,75.1293313419248,23.211496187887793,-800.4753929003091,773.8791053718201,37.250686,126.674964,37.254138,126.680626
95.24999999999673,3,DEGRADED,DEGRADED_CLOSED_LOOP,DEGRADED_CLOSED_LOOP,NONE,FRESH,FRESHED,FRESH,FRESH,1,56.75177855582536,103.24822144417465,75.15320283811268,23.211496187887793,-800.4753929003091,773.8791053718201,37.250686,126.674964,37.254138,126.680626
95.29999999999673,3,DEGRADED,DEGRADED_CLOSED_LOOP,DEGRADED_CLOSED_LOOP,NONE,FRESH,FRESHED,FRESH,FRESH,1,53.25177855582556,106.74822144417445,75.17707433430057,23.211496187887793,-800.4753929003091,773.8791053718201,37.250686,126.674964,37.254138,126.680626
95.34999999999673,3,DEGRADED,DEGRADED_CLOSED_LOOP,DEGRADED_CLOSED_LOOP,NONE,FRESH,FRESHED,FRESH,FRESH,1,49.75177855582576,110.24822144417425,75.20094583048845,23.211496187887793,-800.4753929003091,773.8791053718201,37.250686,126.674964,37.254138,126.680626
95.39999999999672,3,DEGRADED,DEGRADED_CLOSED_LOOP,DEGRADED_CLOSED_LOOP,NONE,FRESH,FRESHED,FRESH,FRESH,1,46.25177855582596,113.74822144417405,75.22481732667634,23.211496187887793,-800.4753929003091,773.8791053718201,37.250686,126.674964,37.254138,126.680626
95.44999999999672,3,DEGRADED,DEGRADED_CLOSED_LOOP,DEGRADED_CLOSED_LOOP,NONE,FRESH,FRESHED,FRESH,FRESH,1,42.75177855582616,117.24822144417385,75.24868882286422,23.211496187887793,-800.4753929003091,773.8791053718201,37.250686,126.674964,37.254138,126.680626
95.49999999999672,3,DEGRADED,DEGRADED_CLOSED_LOOP,DEGRADED_CLOSED_LOOP,NONE,FRESH,FRESHED,FRESH,FRESH,1,42.36371984047394,117.63628015952605,75.27256031905212,23.211496187887793,-800.4753929003091,773.8791053718201,37.250686,126.674964,37.254138,126.680626
95.54999999999671,3,DEGRADED,DEGRADED_FEEDFORWARD,DEGRADED_FEEDFORWARD,NONE,FRESH,FRESHED,STALE,FRESH,1,45.36371984047377,114.63628015952622,41.8492768263462,13.032663509953878,-800.4753929003091,773.8791053718201,37.250686,126.674964,37.254138,126.680626
95.59999999999671,3,DEGRADED,DEGRADED_FEEDFORWARD,DEGRADED_FEEDFORWARD,NONE,FRESH,FRESHED,STALE,FRESH,1,48.3637198404736,111.6362801595264,41.8492768263462,13.032663509953878,-800.4753929003091,773.8791053718201,37.250686,126.674964,37.254138,126.680626
95.64999999999671,3,DEGRADED,DEGRADED_FEEDFORWARD,DEGRADED_FEEDFORWARD,NONE,FRESH,FRESHED,STALE,FRESH,1,51.36371984047343,108.63628015952656,41.8492768263462,13.032663509953878,-800.4753929003091,773.8791053718201,37.250686,126.674964,37.254138,126.680626
95.6999999999967,3,DEGRADED,DEGRADED_FEEDFORWARD,DEGRADED_FEEDFORWARD,NONE,FRESH,FRESHED,STALE,FRESH,1,54.36371984047326,105.63628015952673,41.8492768263462,13.032663509953878,-800.4753929003091,773.8791053718201,37.250686,126.674964,37.254138,126.680626
95.7499999999967,3,DEGRADED,DEGRADED_FEEDFORWARD,DEGRADED_FEEDFORWARD,NONE,FRESH,FRESHED,STALE,FRESH,1,57.36371984047309,102.6362801595269,41.8492768263462,13.032663509953878,-800.4753929003091,773.8791053718201,37.250686,126.674964,37.254138,126.680626
95.7999999999967,3,DEGRADED,DEGRADED_FEEDFORWARD,DEGRADED_FEEDFORWARD,NONE,FRESH,FRESHED,STALE,FRESH,1,59.0753615868269,100.9246384131731,41.8492768263462,13.032663509953878,-800.4753929003091,773.8791053718201,37.250686,126.674964,37.254138,126.680626
95.8499999999967,3,DEGRADED,DEGRADED_FEEDFORWARD,DEGRADED_FEEDFORWARD,NONE,FRESH,FRESHED,STALE,FRESH,1,59.0753615868269,100.9246384131731,41.8492768263462,13.032663509953878,-800.4753929003091,773.8791053718201,37.250686,126.674964,37.254138,126.680626
95.8999999999967,3,DEGRADED,DEGRADED_FEEDFORWARD,DEGRADED_FEEDFORWARD,NONE,FRESH,FRESHED,STALE,FRESH,1,59.0753615868269,100.9246384131731,41.8492768263462,13.032663509953878,-800.4753929003091,773.8791053718201,37.250686,126.674964,37.254138,126.680626
95.94999999999669,3,DEGRADED,DEGRADED_FEEDFORWARD,DEGRADED_FEEDFORWARD,NONE,FRESH,FRESHED,STALE,FRESH,1,59.0753615868269,100.9246384131731,41.8492768263462,13.032663509953878,-800.4753929003091,773.8791053718201,37.250686,126.674964,37.254138,126.680626
95.99999999999669,3,DEGRADED,DEGRADED_FEEDFORWARD,DEGRADED_FEEDFORWARD,NONE,FRESH,FRESHED,STALE,STALE,1,59.0753615868269,100.9246384131731,41.8492768263462,13.032663509953878,-800.4753929003091,773.8791053718201,37.250686,126.674964,37.254138,126.680626
96.04999999999669,3,DEGRADED,DEGRADED_FEEDFORWARD,DEGRADED_FEEDFORWARD,NONE,FRESH,FRESHED,STALE,STALE,1,59.0753615868269,100.9246384131731,41.8492768263462,13.032663509953878,-800.4753929003091,773.8791053718201,37.250686,126.674964,37.254138,126.680626
96.09999999999668,3,DEGRADED,DEGRADED_FEEDFORWARD,DEGRADED_FEEDFORWARD,NONE,FRESH,FRESHED,STALE,STALE,1,59.0753615868269,100.9246384131731,41.8492768263462,13.032663509953878,-800.4753929003091,773.8791053718201,37.250686,126.674964,37.254138,126.680626
96.14999999999668,3,DEGRADED,DEGRADED_FEEDFORWARD,DEGRADED_FEEDFORWARD,NONE,FRESH,FRESHED,STALE,STALE,1,59.0753615868269,100.9246384131731,41.8492768263462,13.032663509953878,-800.4753929003091,773.8791053718201,37.250686,126.674964,37.254138,126.680626
96.19999999999668,3,DEGRADED,DEGRADED_CLOSED_LOOP,DEGRADED_CLOSED_LOOP,NONE,FRESH,FRESHED,FRESH,FRESH,1,58.084636961599955,101.91536303840005,43.8307260768001,10.873897471054777,-800.4753929003091,773.8791053718201,37.250686,126.674964,37.254138,126.680626
96.24999999999667,3,DEGRADED,DEGRADED_CLOSED_LOOP,DEGRADED_CLOSED_LOOP,NONE,FRESH,FRESHED,FRESH,FRESH,1,58.07934001286442,101.92065998713558,43.84131997427115,10.873897471054777,-800.4753929003091,773.8791053718201,37.250686,126.674964,37.254138,126.680626
96.29999999999667,3,DEGRADED,DEGRADED_CLOSED_LOOP,DEGRADED_CLOSED_LOOP,NONE,FRESH,FRESHED,FRESH,FRESH,1,58.0740430641289,101.9259569358711,43.851913871742205,10.873897471054777,-800.4753929003091,773.8791053718201,37.250686,126.674964,37.254138,126.680626
96.34999999999667,3,DEGRADED,DEGRADED_CLOSED_LOOP,DEGRADED_CLOSED_LOOP,NONE,FRESH,FRESHED,FRESH,FRESH,1,58.06874611539337,101.93125388460663,43.86250776921326,10.873897471054777,-800.4753929003091,773.8791053718201,37.250686,126.674964,37.254138,126.680626
96.39999999999667,3,DEGRADED,DEGRADED_CLOSED_LOOP,DEGRADED_CLOSED_LOOP,NONE,FRESH,FRESHED,FRESH,FRESH,1,58.06344916665785,101.93655083334215,43.87310166668431,10.873897471054777,-800.4753929003091,773.8791053718201,37.250686,126.674964,37.254138,126.680626
96.44999999999666,3,DEGRADED,DEGRADED_CLOSED_LOOP,DEGRADED_CLOSED_LOOP,NONE,FRESH,FRESHED,FRESH,FRESH,1,58.05815221792231,101.94184778207769,43.88369556415537,10.873897471054777,-800.4753929003091,773.8791053718201,37.250686,126.674964,37.254138,126.680626
96.49999999999666,3,DEGRADED,DEGRADED_CLOSED_LOOP,DEGRADED_CLOSED_LOOP,NONE,FRESH,FRESHED,FRESH,FRESH,1,58.05285526918679,101.9471447308132,43.89428946162642,10.873897471054777,-800.4753929003091,773.8791053718201,37.250686,126.674964,37.254138,126.680626
96.54999999999666,3,DEGRADED,DEGRADED_FEEDFORWARD,DEGRADED_FEEDFORWARD,NONE,FRESH,FRESHED,STALE,FRESH,1,61.05285526918662,98.94714473081338,32.496442888350074,8.699117976843821,-800.4753929003091,773.8791053718201,37.250686,126.674964,37.254138,126.680626
96.59999999999665,3,DEGRADED,DEGRADED_FEEDFORWARD,DEGRADED_FEEDFORWARD,NONE,FRESH,FRESHED,STALE,FRESH,1,63.75177855582496,96.24822144417504,32.496442888350074,8.699117976843821,-800.4753929003091,773.8791053718201,37.250686,126.674964,37.254138,126.680626
96.64999999999665,3,DEGRADED,DEGRADED_FEEDFORWARD,DEGRADED_FEEDFORWARD,NONE,FRESH,FRESHED,STALE,FRESH,1,63.75177855582496,96.24822144417504,32.496442888350074,8.699117976843821,-800.4753929003091,773.8791053718201,37.250686,126.674964,37.254138,126.680626
96.69999999999665,3,DEGRADED,DEGRADED_FEEDFORWARD,DEGRADED_FEEDFORWARD,NONE,FRESH,FRESHED,STALE,FRESH,1,63.75177855582496,96.24822144417504,32.496442888350074,8.699117976843821,-800.4753929003091,773.8791053718201,37.250686,126.674964,37.254138,126.680626
96.74999999999665,3,DEGRADED,DEGRADED_FEEDFORWARD,DEGRADED_FEEDFORWARD,NONE,FRESH,FRESHED,STALE,FRESH,1,63.75177855582496,96.24822144417504,32.496442888350074,8.699117976843821,-800.4753929003091,773.8791053718201,37.250686,126.674964,37.254138,126.680626
96.79999999999664,3,DEGRADED,DEGRADED_FEEDFORWARD,DEGRADED_FEEDFORWARD,NONE,FRESH,FRESHED,STALE,FRESH,1,63.75177855582496,96.24822144417504,32.496442888350074,8.699117976843821,-800.4753929003091,773.8791053718201,37.250686,126.674964,37.254138,126.680626
96.84999999999664,3,DEGRADED,DEGRADED_FEEDFORWARD,DEGRADED_FEEDFORWARD,NONE,FRESH,FRESHED,STALE,FRESH,1,63.75177855582496,96.24822144417504,32.496442888350074,8.699117976843821,-800.4753929003091,773.8791053718201,37.250686,126.674964,37.254138,126.680626
96.89999999999664,3,DEGRADED,DEGRADED_FEEDFORWARD,DEGRADED_FEEDFORWARD,NONE,FRESH,FRESHED,STALE,FRESH,1,63.75177855582496,96.24822144417504,32.496442888350074,8.699117976843821,-800.4753929003091,773.8791053718201,37.250686,126.674964,37.254138,126.680626
96.94999999999663,3,DEGRADED,DEGRADED_FEEDFORWARD,DEGRADED_FEEDFORWARD,NONE,FRESH,FRESHED,STALE,FRESH,1,63.75177855582496,96.24822144417504,32.496442888350074,8.699117976843821,-800.4753929003091,773.8791053718201,37.250686,126.674964,37.254138,126.680626
96.99999999999663,3,DEGRADED,DEGRADED_FEEDFORWARD,DEGRADED_FEEDFORWARD,NONE,FRESH,FRESHED,STALE,STALE,1,63.75177855582496,96.24822144417504,32.496442888350074,8.699117976843821,-800.4753929003091,773.8791053718201,37.250686,126.674964,37.254138,126.680626
97.04999999999663,3,DEGRADED,DEGRADED_FEEDFORWARD,DEGRADED_FEEDFORWARD,NONE,FRESH,FRESHED,STALE,STALE,1,63.75177855582496,96.24822144417504,32.496442888350074,8.699117976843821,-800.4753929003091,773.8791053718201,37.250686,126.674964,37.254138,126.680626
97.09999999999663,3,DEGRADED,DEGRADED_FEEDFORWARD,DEGRADED_FEEDFORWARD,NONE,FRESH,FRESHED,STALE,STALE,1,63.75177855582496,96.24822144417504,32.496442888350074,8.699117976843821,-800.4753929003091,773.8791053718201,37.250686,126.674964,37.254138,126.680626
97.14999999999662,3,DEGRADED,DEGRADED_FEEDFORWARD,DEGRADED_FEEDFORWARD,NONE,FRESH,FRESHED,STALE,STALE,1,63.75177855582496,96.24822144417504,32.496442888350074,8.699117976843821,-800.4753929003091,773.8791053718201,37.250686,126.674964,37.254138,126.680626
97.19999999999662,3,DEGRADED,DEGRADED_CLOSED_LOOP,DEGRADED_CLOSED_LOOP,NONE,FRESH,FRESHED,FRESH,FRESH,1,60.25177855582516,99.74822144417485,44.09443563002966,10.873897471054777,-800.4753929003091,773.8791053718201,37.250686,126.674964,37.254138,126.680626
97.24999999999662,3,DEGRADED,DEGRADED_CLOSED_LOOP,DEGRADED_CLOSED_LOOP,NONE,FRESH,FRESHED,FRESH,FRESH,1,57.94706523624964,102.05293476375036,44.10586952750071,10.873897471054777,-800.4753929003091,773.8791053718201,37.250686,126.674964,37.254138,126.680626
97.29999999999661,3,DEGRADED,DEGRADED_CLOSED_LOOP,DEGRADED_CLOSED_LOOP,NONE,FRESH,FRESHED,FRESH,FRESH,1,57.94134828751412,102.05865171248588,44.117303424971766,10.873897471054777,-800.4753929003091,773.8791053718201,37.250686,126.674964,37.254138,126.680626
97.34999999999661,3,DEGRADED,DEGRADED_CLOSED_LOOP,DEGRADED_CLOSED_LOOP,NONE,FRESH,FRESHED,FRESH,FRESH,1,57.93563133877859,102.06436866122141,44.12873732244282,10.873897471054777,-800.4753929003091,773.8791053718201,37.250686,126.674964,37.254138,126.680626
97.39999999999661,3,DEGRADED,DEGRADED_CLOSED_LOOP,DEGRADED_CLOSED_LOOP,NONE,FRESH,FRESHED,FRESH,FRESH,1,57.929914390043066,102.07008560995693,44.140171219913874,10.873897471054777,-800.4753929003091,773.8791053718201,37.250686,126.674964,37.254138,126.680626
97.4499999999966,3,DEGRADED,DEGRADED_CLOSED_LOOP,DEGRADED_CLOSED_LOOP,NONE,FRESH,FRESHED,FRESH,FRESH,1,57.92419744130754,102.07580255869246,44.151605117384925,10.873897471054777,-800.4753929003091,773.8791053718201,37.250686,126.674964,37.254138,126.680626
97.4999999999966,3,DEGRADED,DEGRADED_CLOSED_LOOP,DEGRADED_CLOSED_LOOP,NONE,FRESH,FRESHED,FRESH,FRESH,1,57.91848049257201,102.081519507428,44.16303901485598,10.873897471054777,-800.4753929003091,773.8791053718201,37.250686,126.674964,37.254138,126.680626
97.5499999999966,3,DEGRADED,DEGRADED_FEEDFORWARD,DEGRADED_FEEDFORWARD,NONE,FRESH,FRESHED,STALE,FRESH,1,60.91848049257184,99.08151950742817,32.496442888350074,8.699117976843821,-800.4753929003091,773.8791053718201,37.250686,126.674964,37.254138,126.680626
97.5999999999966,3,DEGRADED,DEGRADED_FEEDFORWARD,DEGRADED_FEEDFORWARD,NONE,FRESH,FRESHED,STALE,FRESH,1,63.75177855582496,96.24822144417504,32.496442888350074,8.699117976843821,-800.4753929003091,773.8791053718201,37.250686,126.674964,37.254138,126.680626
97.6499999999966,3,DEGRADED,DEGRADED_FEEDFORWARD,DEGRADED_FEEDFORWARD,NONE,FRESH,FRESHED,STALE,FRESH,1,63.75177855582496,96.24822144417504,32.496442888350074,8.699117976843821,-800.4753929003091,773.8791053718201,37.250686,126.674964,37.254138,126.680626
97.69999999999659,3,DEGRADED,DEGRADED_FEEDFORWARD,DEGRADED_FEEDFORWARD,NONE,FRESH,FRESHED,STALE,FRESH,1,63.75177855582496,96.24822144417504,32.496442888350074,8.699117976843821,-800.4753929003091,773.8791053718201,37.250686,126.674964,37.254138,126.680626
97.74999999999659,3,DEGRADED,DEGRADED_FEEDFORWARD,DEGRADED_FEEDFORWARD,NONE,FRESH,FRESHED,STALE,FRESH,1,63.75177855582496,96.24822144417504,32.496442888350074,8.699117976843821,-800.4753929003091,773.8791053718201,37.250686,126.674964,37.254138,126.680626
97.79999999999659,3,DEGRADED,DEGRADED_FEEDFORWARD,DEGRADED_FEEDFORWARD,NONE,FRESH,FRESHED,STALE,FRESH,1,63.75177855582496,96.24822144417504,32.496442888350074,8.699117976843821,-800.4753929003091,773.8791053718201,37.250686,126.674964,37.254138,126.680626
97.84999999999658,3,DEGRADED,DEGRADED_FEEDFORWARD,DEGRADED_FEEDFORWARD,NONE,FRESH,FRESHED,STALE,FRESH,1,63.75177855582496,96.24822144417504,32.496442888350074,8.699117976843821,-800.4753929003091,773.8791053718201,37.250686,126.674964,37.254138,126.680626
97.89999999999658,3,DEGRADED,DEGRADED_FEEDFORWARD,DEGRADED_FEEDFORWARD,NONE,FRESH,FRESHED,STALE,FRESH,1,63.75177855582496,96.24822144417504,32.496442888350074,8.699117976843821,-800.4753929003091,773.8791053718201,37.250686,126.674964,37.254138,126.680626
97.94999999999658,3,DEGRADED,DEGRADED_FEEDFORWARD,DEGRADED_FEEDFORWARD,NONE,FRESH,FRESHED,STALE,FRESH,1,63.75177855582496,96.24822144417504,32.496442888350074,8.699117976843821,-800.4753929003091,773.8791053718201,37.250686,126.674964,37.254138,126.680626
97.99999999999658,3,DEGRADED,DEGRADED_FEEDFORWARD,DEGRADED_FEEDFORWARD,NONE,FRESH,FRESHED,STALE,STALE,1,63.75177855582496,96.24822144417504,32.496442888350074,8.699117976843821,-800.4753929003091,773.8791053718201,37.250686,126.674964,37.254138,126.680626
98.04999999999657,3,DEGRADED,DEGRADED_FEEDFORWARD,DEGRADED_FEEDFORWARD,NONE,FRESH,FRESHED,STALE,STALE,1,63.75177855582496,96.24822144417504,32.496442888350074,8.699117976843821,-800.4753929003091,773.8791053718201,37.250686,126.674964,37.254138,126.680626
98.09999999999657,3,DEGRADED,DEGRADED_FEEDFORWARD,DEGRADED_FEEDFORWARD,NONE,FRESH,FRESHED,STALE,STALE,1,63.75177855582496,96.24822144417504,32.496442888350074,8.699117976843821,-800.4753929003091,773.8791053718201,37.250686,126.674964,37.254138,126.680626
98.14999999999657,3,DEGRADED,DEGRADED_FEEDFORWARD,DEGRADED_FEEDFORWARD,NONE,FRESH,FRESHED,STALE,STALE,1,63.75177855582496,96.24822144417504,32.496442888350074,8.699117976843821,-800.4753929003091,773.8791053718201,37.250686,126.674964,37.254138,126.680626
98.19999999999656,3,DEGRADED,DEGRADED_CLOSED_LOOP,DEGRADED_CLOSED_LOOP,NONE,FRESH,FRESHED,FRESH,FRESH,1,60.25177855582516,99.74822144417485,43.82875351308078,10.873897471054777,-800.4753929003091,773.8791053718201,37.250686,126.674964,37.254138,126.680626
98.24999999999656,3,ACTIVE,FAIL,NO_MOTION,NO_MOTION,FRESH,STALE,FRESH,FRESH,1,63.25177855582499,96.74822144417502,-65.0,-25.0,0.0,0.0,37.250686,126.674964,37.254138,126.680626
98.29999999999656,3,ACTIVE,FAIL,NO_MOTION,NO_MOTION,FRESH,STALE,FRESH,FRESH,1,66.25177855582481,93.74822144417519,-65.0,-25.0,0.0,0.0,37.250686,126.674964,37.254138,126.680626
98.34999999999656,3,ACTIVE,FAIL,NO_MOTION,NO_MOTION,FRESH,STALE,FRESH,FRESH,1,69.25177855582464,90.74822144417536,-65.0,-25.0,0.0,0.0,37.250686,126.674964,37.254138,126.680626
98.39999999999655,3,ACTIVE,FAIL,NO_MOTION,NO_MOTION,FRESH,STALE,FRESH,FRESH,1,72.25177855582447,87.74822144417553,-65.0,-25.0,0.0,0.0,37.250686,126.674964,37.254138,126.680626
98.44999999999655,3,ACTIVE,FAIL,NO_MOTION,NO_MOTION,FRESH,STALE,FRESH,FRESH,1,75.2517785558243,84.7482214441757,-65.0,-25.0,0.0,0.0,37.250686,126.674964,37.254138,126.680626
98.49999999999655,3,ACTIVE,FAIL,NO_MOTION,NO_MOTION,FRESH,STALE,FRESH,FRESH,1,78.25177855582413,81.74822144417587,-65.0,-25.0,0.0,0.0,37.250686,126.674964,37.254138,126.680626
98.54999999999654,3,NO_MOTION,FAIL,NO_MOTION,NO_MOTION,FRESH,STALE,STALE,FRESH,0,80.0,80.0,0.0,0.0,0.0,0.0,37.250686,126.674964,37.254138,126.680626
98.59999999999654,3,NO_MOTION,FAIL,NO_MOTION,NO_MOTION,FRESH,STALE,STALE,FRESH,0,80.0,80.0,0.0,0.0,0.0,0.0,37.250686,126.674964,37.254138,126.680626
98.64999999999654,3,NO_MOTION,FAIL,NO_MOTION,NO_MOTION,FRESH,STALE,STALE,FRESH,0,80.0,80.0,0.0,0.0,0.0,0.0,37.250686,126.674964,37.254138,126.680626
98.69999999999654,3,NO_MOTION,FAIL,NO_MOTION,NO_MOTION,FRESH,STALE,STALE,FRESH,0,80.0,80.0,0.0,0.0,0.0,0.0,37.250686,126.674964,37.254138,126.680626
98.74999999999653,3,NO_MOTION,FAIL,NO_MOTION,NO_MOTION,FRESH,STALE,STALE,FRESH,0,80.0,80.0,0.0,0.0,0.0,0.0,37.250686,126.674964,37.254138,126.680626
98.79999999999653,3,NO_MOTION,FAIL,NO_MOTION,NO_MOTION,FRESH,STALE,STALE,FRESH,0,80.0,80.0,0.0,0.0,0.0,0.0,37.250686,126.674964,37.254138,126.680626
98.84999999999653,3,NO_MOTION,FAIL,NO_MOTION,NO_MOTION,FRESH,STALE,STALE,FRESH,0,80.0,80.0,0.0,0.0,0.0,0.0,37.250686,126.674964,37.254138,126.680626
98.89999999999652,3,NO_MOTION,FAIL,NO_MOTION,NO_MOTION,FRESH,STALE,STALE,FRESH,0,80.0,80.0,0.0,0.0,0.0,0.0,37.250686,126.674964,37.254138,126.680626
98.94999999999652,3,NO_MOTION,FAIL,NO_MOTION,NO_MOTION,FRESH,STALE,STALE,FRESH,0,80.0,80.0,0.0,0.0,0.0,0.0,37.250686,126.674964,37.254138,126.680626
98.99999999999652,3,NO_MOTION,FAIL,NO_MOTION,NO_MOTION,FRESH,STALE,STALE,STALE,0,80.0,80.0,0.0,0.0,0.0,0.0,37.250686,126.674964,37.254138,126.680626
99.04999999999652,3,NO_MOTION,FAIL,NO_MOTION,NO_MOTION,FRESH,STALE,STALE,STALE,0,80.0,80.0,0.0,0.0,0.0,0.0,37.250686,126.674964,37.254138,126.680626
99.09999999999651,3,NO_MOTION,FAIL,NO_MOTION,NO_MOTION,FRESH,STALE,STALE,STALE,0,80.0,80.0,0.0,0.0,0.0,0.0,37.250686,126.674964,37.254138,126.680626
99.14999999999651,3,NO_MOTION,FAIL,NO_MOTION,NO_MOTION,FRESH,STALE,STALE,STALE,0,80.0,80.0,0.0,0.0,0.0,0.0,37.250686,126.674964,37.254138,126.680626
99.1999999999965,3,NO_MOTION,FAIL,NO_MOTION,NO_MOTION,FRESH,STALE,STALE,STALE,0,80.0,80.0,0.0,0.0,0.0,0.0,37.250686,126.674964,37.254138,126.680626
99.2499999999965,3,ACTIVE,FAIL,NO_MOTION,NO_MOTION,FRESH,STALE,FRESH,FRESH,1,66.25177855582413,93.74822144417587,65.0,25.0,0.0,0.0,37.250686,126.674964,37.254138,126.680626
99.2999999999965,3,ACTIVE,FAIL,NO_MOTION,NO_MOTION,FRESH,STALE,FRESH,FRESH,1,63.2517785558243,96.7482214441757,65.0,25.0,0.0,0.0,37.250686,126.674964,37.254138,126.680626
99.3499999999965,3,ACTIVE,FAIL,NO_MOTION,NO_MOTION,FRESH,STALE,FRESH,FRESH,1,60.25177855582447,99.74822144417553,65.0,25.0,0.0,0.0,37.250686,126.674964,37.254138,126.680626
99.3999999999965,3,ACTIVE,FAIL,NO_MOTION,NO_MOTION,FRESH,STALE,FRESH,FRESH,1,57.25177855582464,102.74822144417536,65.0,25.0,0.0,0.0,37.250686,126.674964,37.254138,126.680626
99.44999999999649,3,ACTIVE,FAIL,NO_MOTION,NO_MOTION,FRESH,STALE,FRESH,FRESH,1,54.251778555824814,105.74822144417519,65.0,25.0,0.0,0.0,37.250686,126.674964,37.254138,126.680626
99.49999999999649,3,ACTIVE,FAIL,NO_MOTION,NO_MOTION,FRESH,STALE,FRESH,FRESH,1,51.251778555824984,108.74822144417502,65.0,25.0,0.0,0.0,37.250686,126.674964,37.254138,126.680626
99.54999999999649,3,ACTIVE,FAIL,NO_MOTION,NO_MOTION,FRESH,STALE,FRESH,FRESH,1,48.251778555825155,111.74822144417485,65.0,25.0,0.0,0.0,37.250686,126.674964,37.254138,126.680626
99.59999999999648,3,NO_MOTION,FAIL,NO_MOTION,NO_MOTION,FRESH,STALE,STALE,FRESH,0,80.0,80.0,0.0,0.0,0.0,0.0,37.250686,126.674964,37.254138,126.680626
99.64999999999648,3,NO_MOTION,FAIL,NO_MOTION,NO_MOTION,FRESH,STALE,STALE,FRESH,0,80.0,80.0,0.0,0.0,0.0,0.0,37.250686,126.674964,37.254138,126.680626
99.69999999999648,3,NO_MOTION,FAIL,NO_MOTION,NO_MOTION,FRESH,STALE,STALE,FRESH,0,80.0,80.0,0.0,0.0,0.0,0.0,37.250686,126.674964,37.254138,126.680626
99.74999999999648,3,NO_MOTION,FAIL,NO_MOTION,NO_MOTION,FRESH,STALE,STALE,FRESH,0,80.0,80.0,0.0,0.0,0.0,0.0,37.250686,126.674964,37.254138,126.680626
99.79999999999647,3,NO_MOTION,FAIL,NO_MOTION,NO_MOTION,FRESH,STALE,STALE,FRESH,0,80.0,80.0,0.0,0.0,0.0,0.0,37.250686,126.674964,37.254138,126.680626
99.84999999999647,3,NO_MOTION,FAIL,NO_MOTION,NO_MOTION,FRESH,STALE,STALE,FRESH,0,80.0,80.0,0.0,0.0,0.0,0.0,37.250686,126.674964,37.254138,126.680626
99.89999999999647,3,NO_MOTION,FAIL,NO_MOTION,NO_MOTION,FRESH,STALE,STALE,FRESH,0,80.0,80.0,0.0,0.0,0.0,0.0,37.250686,126.674964,37.254138,126.680626
99.94999999999646,3,NO_MOTION,FAIL,NO_MOTION,NO_MOTION,FRESH,STALE,STALE,FRESH,0,80.0,80.0,0.0,0.0,0.0,0.0,37.250686,126.674964,37.254138,126.680626
99.99999999999646,3,NO_MOTION,FAIL,NO_MOTION,NO_MOTION,FRESH,STALE,STALE,FRESH,0,80.0,80.0,0.0,0.0,0.0,0.0,37.250686,126.674964,37.254138,126.680626
100.04999999999646,3,NO_MOTION,FAIL,NO_MOTION,NO_MOTION,FRESH,STALE,STALE,STALE,0,80.0,80.0,0.0,0.0,0.0,0.0,37.250686,126.674964,37.254138,126.680626
100.09999999999646,3,NO_MOTION,FAIL,NO_MOTION,NO_MOTION,FRESH,STALE,STALE,STALE,0,80.0,80.0,0.0,0.0,0.0,0.0,37.250686,126.674964,37.254138,126.680626
100.14999999999645,3,NO_MOTION,FAIL,NO_MOTION,NO_MOTION,FRESH,STALE,STALE,STALE,0,80.0,80.0,0.0,0.0,0.0,0.0,37.250686,126.674964,37.254138,126.680626
100.19999999999645,3,NO_MOTION,FAIL,NO_MOTION,NO_MOTION,FRESH,STALE,STALE,STALE,0,80.0,80.0,0.0,0.0,0.0,0.0,37.250686,126.674964,37.254138,126.680626
100.24999999999645,3,ACTIVE,FAIL,NO_MOTION,NO_MOTION,FRESH,STALE,FRESH,FRESH,1,47.5,112.5,65.0,25.0,0.0,0.0,37.250686,126.674964,37.254138,126.680626
100.29999999999644,3,ACTIVE,FAIL,NO_MOTION,NO_MOTION,FRESH,STALE,FRESH,FRESH,1,47.5,112.5,65.0,25.0,0.0,0.0,37.250686,126.674964,37.254138,126.680626
100.34999999999644,3,ACTIVE,FAIL,NO_MOTION,NO_MOTION,FRESH,STALE,FRESH,FRESH,1,47.5,112.5,65.0,25.0,0.0,0.0,37.250686,126.674964,37.254138,126.680626
100.39999999999644,3,ACTIVE,FAIL,NO_MOTION,NO_MOTION,FRESH,STALE,FRESH,FRESH,1,47.5,112.5,65.0,25.0,0.0,0.0,37.250686,126.674964,37.254138,126.680626
100.44999999999644,3,ACTIVE,FAIL,NO_MOTION,NO_MOTION,FRESH,STALE,FRESH,FRESH,1,47.5,112.5,65.0,25.0,0.0,0.0,37.250686,126.674964,37.254138,126.680626
100.49999999999643,3,ACTIVE,FAIL,NO_MOTION,NO_MOTION,FRESH,STALE,FRESH,FRESH,1,47.5,112.5,65.0,25.0,0.0,0.0,37.250686,126.674964,37.254138,126.680626
100.54999999999643,3,ACTIVE,FAIL,NO_MOTION,NO_MOTION,FRESH,STALE,FRESH,FRESH,1,47.5,112.5,65.0,25.0,0.0,0.0,37.250686,126.674964,37.254138,126.680626
100.59999999999643,3,NO_MOTION,FAIL,NO_MOTION,NO_MOTION,FRESH,STALE,STALE,FRESH,0,80.0,80.0,0.0,0.0,0.0,0.0,37.250686,126.674964,37.254138,126.680626
100.64999999999642,3,NO_MOTION,FAIL,NO_MOTION,NO_MOTION,FRESH,STALE,STALE,FRESH,0,80.0,80.0,0.0,0.0,0.0,0.0,37.250686,126.674964,37.254138,126.680626
100.69999999999642,3,NO_MOTION,FAIL,NO_MOTION,NO_MOTION,FRESH,STALE,STALE,FRESH,0,80.0,80.0,0.0,0.0,0.0,0.0,37.250686,126.674964,37.254138,126.680626
100.74999999999642,3,NO_MOTION,FAIL,NO_MOTION,NO_MOTION,FRESH,STALE,STALE,FRESH,0,80.0,80.0,0.0,0.0,0.0,0.0,37.250686,126.674964,37.254138,126.680626
100.79999999999642,3,NO_MOTION,FAIL,NO_MOTION,NO_MOTION,FRESH,STALE,STALE,FRESH,0,80.0,80.0,0.0,0.0,0.0,0.0,37.250686,126.674964,37.254138,126.680626
100.84999999999641,3,NO_MOTION,FAIL,NO_MOTION,NO_MOTION,FRESH,STALE,STALE,FRESH,0,80.0,80.0,0.0,0.0,0.0,0.0,37.250686,126.674964,37.254138,126.680626
100.89999999999641,3,NO_MOTION,FAIL,NO_MOTION,NO_MOTION,FRESH,STALE,STALE,FRESH,0,80.0,80.0,0.0,0.0,0.0,0.0,37.250686,126.674964,37.254138,126.680626
100.94999999999641,3,NO_MOTION,FAIL,NO_MOTION,NO_MOTION,FRESH,STALE,STALE,FRESH,0,80.0,80.0,0.0,0.0,0.0,0.0,37.250686,126.674964,37.254138,126.680626
100.9999999999964,3,NO_MOTION,FAIL,NO_MOTION,NO_MOTION,FRESH,STALE,STALE,FRESH,0,80.0,80.0,0.0,0.0,0.0,0.0,37.250686,126.674964,37.254138,126.680626
101.0499999999964,3,NO_MOTION,FAIL,NO_MOTION,NO_MOTION,FRESH,STALE,STALE,STALE,0,80.0,80.0,0.0,0.0,0.0,0.0,37.250686,126.674964,37.254138,126.680626
101.0999999999964,3,NO_MOTION,FAIL,NO_MOTION,NO_MOTION,FRESH,STALE,STALE,STALE,0,80.0,80.0,0.0,0.0,0.0,0.0,37.250686,126.674964,37.254138,126.680626
101.1499999999964,3,NO_MOTION,FAIL,NO_MOTION,NO_MOTION,FRESH,STALE,STALE,STALE,0,80.0,80.0,0.0,0.0,0.0,0.0,37.250686,126.674964,37.254138,126.680626
101.1999999999964,3,NO_MOTION,FAIL,NO_MOTION,NO_MOTION,FRESH,STALE,STALE,STALE,0,80.0,80.0,0.0,0.0,0.0,0.0,37.250686,126.674964,37.254138,126.680626
101.24999999999639,3,ACTIVE,FAIL,NO_MOTION,NO_MOTION,FRESH,STALE,FRESH,FRESH,1,47.5,112.5,65.0,25.0,0.0,0.0,37.250686,126.674964,37.254138,126.680626
101.29999999999639,3,ACTIVE,FAIL,NO_MOTION,NO_MOTION,FRESH,STALE,FRESH,FRESH,1,47.5,112.5,65.0,25.0,0.0,0.0,37.250686,126.674964,37.254138,126.680626
101.34999999999638,3,ACTIVE,FAIL,NO_MOTION,NO_MOTION,FRESH,STALE,FRESH,FRESH,1,47.5,112.5,65.0,25.0,0.0,0.0,37.250686,126.674964,37.254138,126.680626
101.39999999999638,3,ACTIVE,FAIL,NO_MOTION,NO_MOTION,FRESH,STALE,FRESH,FRESH,1,47.5,112.5,65.0,25.0,0.0,0.0,37.250686,126.674964,37.254138,126.680626
101.44999999999638,3,ACTIVE,FAIL,NO_MOTION,NO_MOTION,FRESH,STALE,FRESH,FRESH,1,47.5,112.5,65.0,25.0,0.0,0.0,37.250686,126.674964,37.254138,126.680626
101.49999999999638,3,ACTIVE,FAIL,NO_MOTION,NO_MOTION,FRESH,STALE,FRESH,FRESH,1,47.5,112.5,65.0,25.0,0.0,0.0,37.250686,126.674964,37.254138,126.680626
101.54999999999637,3,ACTIVE,FAIL,NO_MOTION,NO_MOTION,FRESH,STALE,FRESH,FRESH,1,47.5,112.5,65.0,25.0,0.0,0.0,37.250686,126.674964,37.254138,126.680626
101.59999999999637,3,NO_MOTION,FAIL,NO_MOTION,NO_MOTION,FRESH,STALE,STALE,FRESH,0,80.0,80.0,0.0,0.0,0.0,0.0,37.250686,126.674964,37.254138,126.680626
101.64999999999637,3,NO_MOTION,FAIL,NO_MOTION,NO_MOTION,FRESH,STALE,STALE,FRESH,0,80.0,80.0,0.0,0.0,0.0,0.0,37.250686,126.674964,37.254138,126.680626
101.69999999999636,3,NO_MOTION,FAIL,NO_MOTION,NO_MOTION,FRESH,STALE,STALE,FRESH,0,80.0,80.0,0.0,0.0,0.0,0.0,37.250686,126.674964,37.254138,126.680626
101.74999999999636,3,NO_MOTION,FAIL,NO_MOTION,NO_MOTION,FRESH,STALE,STALE,FRESH,0,80.0,80.0,0.0,0.0,0.0,0.0,37.250686,126.674964,37.254138,126.680626
101.79999999999636,3,NO_MOTION,FAIL,NO_MOTION,NO_MOTION,FRESH,STALE,STALE,FRESH,0,80.0,80.0,0.0,0.0,0.0,0.0,37.250686,126.674964,37.254138,126.680626
101.84999999999636,3,NO_MOTION,FAIL,NO_MOTION,NO_MOTION,FRESH,STALE,STALE,FRESH,0,80.0,80.0,0.0,0.0,0.0,0.0,37.250686,126.674964,37.254138,126.680626
101.89999999999635,3,NO_MOTION,FAIL,NO_MOTION,NO_MOTION,FRESH,STALE,STALE,FRESH,0,80.0,80.0,0.0,0.0,0.0,0.0,37.250686,126.674964,37.254138,126.680626
101.94999999999635,3,NO_MOTION,FAIL,NO_MOTION,NO_MOTION,FRESH,STALE,STALE,FRESH,0,80.0,80.0,0.0,0.0,0.0,0.0,37.250686,126.674964,37.254138,126.680626
101.99999999999635,3,NO_MOTION,FAIL,NO_MOTION,NO_MOTION,FRESH,STALE,STALE,FRESH,0,80.0,80.0,0.0,0.0,0.0,0.0,37.250686,126.674964,37.254138,126.680626
102.04999999999634,3,NO_MOTION,FAIL,NO_MOTION,NO_MOTION,FRESH,STALE,STALE,STALE,0,80.0,80.0,0.0,0.0,0.0,0.0,37.250686,126.674964,37.254138,126.680626
102.09999999999634,3,NO_MOTION,FAIL,NO_MOTION,NO_MOTION,FRESH,STALE,STALE,STALE,0,80.0,80.0,0.0,0.0,0.0,0.0,37.250686,126.674964,37.254138,126.680626
102.14999999999634,3,NO_MOTION,FAIL,NO_MOTION,NO_MOTION,FRESH,STALE,STALE,STALE,0,80.0,80.0,0.0,0.0,0.0,0.0,37.250686,126.674964,37.254138,126.680626
102.19999999999634,3,NO_MOTION,FAIL,NO_MOTION,NO_MOTION,FRESH,STALE,STALE,STALE,0,80.0,80.0,0.0,0.0,0.0,0.0,37.250686,126.674964,37.254138,126.680626
102.24999999999633,3,ACTIVE,NOMINAL_CLOSED_LOOP,NOMINAL_CLOSED_LOOP,NONE,FRESH,FRESH,FRESH,FRESH,1,54.75692410233097,105.24307589766903,50.48615179533805,12.35324808844833,-93.39067975145588,295.73752062137623,37.250686,126.674964,37.254138,126.680626
102.29999999999633,3,ACTIVE,NOMINAL_CLOSED_LOOP,NOMINAL_CLOSED_LOOP,NONE,FRESH,FRESH,FRESH,FRESH,1,54.75068247828675,105.24931752171325,50.4986350434265,12.35324808844833,-93.39067975145588,295.73752062137623,37.250686,126.674964,37.254138,126.680626
102.34999999999633,3,ACTIVE,NOMINAL_CLOSED_LOOP,NOMINAL_CLOSED_LOOP,NONE,FRESH,FRESH,FRESH,FRESH,1,54.74444085424253,105.25555914575747,50.51111829151495,12.35324808844833,-93.39067975145588,295.73752062137623,37.250686,126.674964,37.254138,126.680626
102.39999999999633,3,ACTIVE,NOMINAL_CLOSED_LOOP,NOMINAL_CLOSED_LOOP,NONE,FRESH,FRESH,FRESH,FRESH,1,54.738199230198305,105.2618007698017,50.5236015396034,12.35324808844833,-93.39067975145588,295.73752062137623,37.250686,126.674964,37.254138,126.680626
102.44999999999632,3,ACTIVE,NOMINAL_CLOSED_LOOP,NOMINAL_CLOSED_LOOP,NONE,FRESH,FRESH,FRESH,FRESH,1,54.731957606154076,105.26804239384592,50.53608478769185,12.35324808844833,-93.39067975145588,295.73752062137623,37.250686,126.674964,37.254138,126.680626
102.49999999999632,3,ACTIVE,NOMINAL_CLOSED_LOOP,NOMINAL_CLOSED_LOOP,NONE,FRESH,FRESH,FRESH,FRESH,1,54.725715982109854,105.27428401789015,50.54856803578029,12.35324808844833,-93.39067975145588,295.73752062137623,37.250686,126.674964,37.254138,126.680626
102.54999999999632,3,ACTIVE,NOMINAL_CLOSED_LOOP,NOMINAL_CLOSED_LOOP,NONE,FRESH,FRESH,FRESH,FRESH,1,54.719474358065625,105.28052564193437,50.56105128386874,12.35324808844833,-93.39067975145588,295.73752062137623,37.250686,126.674964,37.254138,126.680626
102.59999999999631,3,ACTIVE,NOMINAL_FEEDFORWARD,NOMINAL_FEEDFORWARD,NONE,FRESH,FRESH,STALE,FRESH,1,58.97351035282962,101.02648964717038,42.052979294340766,10.80909207739229,-93.39067975145588,295.73752062137623,37.250686,126.674964,37.254138,126.680626
102.64999999999631,3,ACTIVE,NOMINAL_FEEDFORWARD,NOMINAL_FEEDFORWARD,NONE,FRESH,FRESH,STALE,FRESH,1,58.97351035282962,101.02648964717038,42.052979294340766,10.80909207739229,-93.39067975145588,295.73752062137623,37.250686,126.674964,37.254138,126.680626
102.69999999999631,3,ACTIVE,NOMINAL_FEEDFORWARD,NOMINAL_FEEDFORWARD,NONE,FRESH,FRESH,STALE,FRESH,1,58.97351035282962,101.02648964717038,42.052979294340766,10.80909207739229,-93.39067975145588,295.73752062137623,37.250686,126.674964,37.254138,126.680626
102.7499999999963,3,ACTIVE,NOMINAL_FEEDFORWARD,NOMINAL_FEEDFORWARD,NONE,FRESH,FRESH,STALE,FRESH,1,58.97351035282962,101.02648964717038,42.052979294340766,10.80909207739229,-93.39067975145588,295.73752062137623,37.250686,126.674964,37.254138,126.680626
102.7999999999963,3,ACTIVE,NOMINAL_FEEDFORWARD,NOMINAL_FEEDFORWARD,NONE,FRESH,FRESH,STALE,FRESH,1,58.97351035282962,101.02648964717038,42.052979294340766,10.80909207739229,-93.39067975145588,295.73752062137623,37.250686,126.674964,37.254138,126.680626
102.8499999999963,3,ACTIVE,NOMINAL_FEEDFORWARD,NOMINAL_FEEDFORWARD,NONE,FRESH,FRESH,STALE,FRESH,1,58.97351035282962,101.02648964717038,42.052979294340766,10.80909207739229,-93.39067975145588,295.73752062137623,37.250686,126.674964,37.254138,126.680626
102.8999999999963,3,ACTIVE,NOMINAL_FEEDFORWARD,NOMINAL_FEEDFORWARD,NONE,FRESH,FRESH,STALE,FRESH,1,58.97351035282962,101.02648964717038,42.052979294340766,10.80909207739229,-93.39067975145588,295.73752062137623,37.250686,126.674964,37.254138,126.680626
102.9499999999963,3,ACTIVE,NOMINAL_FEEDFORWARD,NOMINAL_FEEDFORWARD,NONE,FRESH,FRESH,STALE,FRESH,1,58.97351035282962,101.02648964717038,42.052979294340766,10.80909207739229,-93.39067975145588,295.73752062137623,37.250686,126.674964,37.254138,126.680626
102.99999999999629,3,ACTIVE,NOMINAL_FEEDFORWARD,NOMINAL_FEEDFORWARD,NONE,FRESH,FRESH,STALE,FRESH,1,58.97351035282962,101.02648964717038,42.052979294340766,10.80909207739229,-93.39067975145588,295.73752062137623,37.250686,126.674964,37.254138,126.680626
103.04999999999629,3,ACTIVE,NOMINAL_FEEDFORWARD,NOMINAL_FEEDFORWARD,NONE,FRESH,FRESH,STALE,STALE,1,58.97351035282962,101.02648964717038,42.052979294340766,10.80909207739229,-93.39067975145588,295.73752062137623,37.250686,126.674964,37.254138,126.680626
103.09999999999629,3,ACTIVE,NOMINAL_FEEDFORWARD,NOMINAL_FEEDFORWARD,NONE,FRESH,FRESH,STALE,STALE,1,58.97351035282962,101.02648964717038,42.052979294340766,10.80909207739229,-93.39067975145588,295.73752062137623,37.250686,126.674964,37.254138,126.680626
103.14999999999628,3,ACTIVE,NOMINAL_FEEDFORWARD,NOMINAL_FEEDFORWARD,NONE,FRESH,FRESH,STALE,STALE,1,58.97351035282962,101.02648964717038,42.052979294340766,10.80909207739229,-93.39067975145588,295.73752062137623,37.250686,126.674964,37.254138,126.680626
103.19999999999628,3,ACTIVE,NOMINAL_FEEDFORWARD,NOMINAL_FEEDFORWARD,NONE,FRESH,FRESH,STALE,STALE,1,58.97351035282962,101.02648964717038,42.052979294340766,10.80909207739229,-93.39067975145588,295.73752062137623,37.250686,126.674964,37.254138,126.680626
103.24999999999628,3,DEGRADED,DEGRADED_CLOSED_LOOP,DEGRADED_CLOSED_LOOP,NONE,FRESH,FRESHED,FRESH,FRESH,1,55.47351035282982,104.52648964717018,74.81035280724906,23.115629891089725,-93.39067975145588,295.73752062137623,37.250686,126.674964,37.254138,126.680626
103.29999999999627,3,DEGRADED,DEGRADED_CLOSED_LOOP,DEGRADED_CLOSED_LOOP,NONE,FRESH,FRESHED,FRESH,FRESH,1,51.97351035283002,108.02648964716998,74.83395843714014,23.115629891089725,-93.39067975145588,295.73752062137623,37.250686,126.674964,37.254138,126.680626
103.34999999999627,3,DEGRADED,DEGRADED_CLOSED_LOOP,DEGRADED_CLOSED_LOOP,NONE,FRESH,FRESHED,FRESH,FRESH,1,48.47351035283022,111.52648964716978,74.85756406703123,23.115629891089725,-93.39067975145588,295.73752062137623,37.250686,126.674964,37.254138,126.680626
103.39999999999627,3,DEGRADED,DEGRADED_CLOSED_LOOP,DEGRADED_CLOSED_LOOP,NONE,FRESH,FRESHED,FRESH,FRESH,1,44.97351035283042,115.02648964716958,74.88116969692233,23.115629891089725,-93.39067975145588,295.73752062137623,37.250686,126.674964,37.254138,126.680626
103.44999999999627,3,DEGRADED,DEGRADED_CLOSED_LOOP,DEGRADED_CLOSED_LOOP,NONE,FRESH,FRESHED,FRESH,FRESH,1,42.547612336593296,117.45238766340671,74.90477532681341,23.115629891089725,-93.39067975145588,295.73752062137623,37.250686,126.674964,37.254138,126.680626
103.49999999999626,3,DEGRADED,DEGRADED_CLOSED_LOOP,DEGRADED_CLOSED_LOOP,NONE,FRESH,FRESHED,FRESH,FRESH,1,42.53580952164775,117.46419047835225,74.9283809567045,23.115629891089725,-93.39067975145588,295.73752062137623,37.250686,126.674964,37.254138,126.680626
103.54999999999626,3,DEGRADED,DEGRADED_CLOSED_LOOP,DEGRADED_CLOSED_LOOP,NONE,FRESH,FRESHED,FRESH,FRESH,1,42.52400670670221,117.47599329329779,74.95198658659558,23.115629891089725,-93.39067975145588,295.73752062137623,37.250686,126.674964,37.254138,126.680626
103.59999999999626,3,DEGRADED,DEGRADED_FEEDFORWARD,DEGRADED_FEEDFORWARD,NONE,FRESH,FRESHED,STALE,FRESH,1,45.52400670670204,114.47599329329796,41.35280483326019,12.79416336457704,-93.39067975145588,295.73752062137623,37.250686,126.674964,37.254138,126.680626
103.64999999999625,3,DEGRADED,DEGRADED_FEEDFORWARD,DEGRADED_FEEDFORWARD,NONE,FRESH,FRESHED,STALE,FRESH,1,48.52400670670187,111.47599329329813,41.35280483326019,12.79416336457704,-93.39067975145588,295.73752062137623,37.250686,126.674964,37.254138,126.680626
103.69999999999625,3,DEGRADED,DEGRADED_FEEDFORWARD,DEGRADED_FEEDFORWARD,NONE,FRESH,FRESHED,STALE,FRESH,1,51.5240067067017,108.4759932932983,41.35280483326019,12.79416336457704,-93.39067975145588,295.73752062137623,37.250686,126.674964,37.254138,126.680626
103.74999999999625,3,DEGRADED,DEGRADED_FEEDFORWARD,DEGRADED_FEEDFORWARD,NONE,FRESH,FRESHED,STALE,FRESH,1,54.52400670670153,105.47599329329847,41.35280483326019,12.79416336457704,-93.39067975145588,295.73752062137623,37.250686,126.674964,37.254138,126.680626
103.79999999999625,3,DEGRADED,DEGRADED_FEEDFORWARD,DEGRADED_FEEDFORWARD,NONE,FRESH,FRESHED,STALE,FRESH,1,57.52400670670136,102.47599329329864,41.35280483326019,12.79416336457704,-93.39067975145588,295.73752062137623,37.250686,126.674964,37.254138,126.680626
103.84999999999624,3,DEGRADED,DEGRADED_FEEDFORWARD,DEGRADED_FEEDFORWARD,NONE,FRESH,FRESHED,STALE,FRESH,1,59.3235975833699,100.6764024166301,41.35280483326019,12.79416336457704,-93.39067975145588,295.73752062137623,37.250686,126.674964,37.254138,126.680626
103.89999999999624,3,DEGRADED,DEGRADED_FEEDFORWARD,DEGRADED_FEEDFORWARD,NONE,FRESH,FRESHED,STALE,FRESH,1,59.3235975833699,100.6764024166301,41.35280483326019,12.79416336457704,-93.39067975145588,295.73752062137623,37.250686,126.674964,37.254138,126.680626
103.94999999999624,3,DEGRADED,DEGRADED_FEEDFORWARD,DEGRADED_FEEDFORWARD,NONE,FRESH,FRESHED,STALE,FRESH,1,59.3235975833699,100.6764024166301,41.35280483326019,12.79416336457704,-93.39067975145588,295.73752062137623,37.250686,126.674964,37.254138,126.680626
103.99999999999623,3,DEGRADED,DEGRADED_FEEDFORWARD,DEGRADED_FEEDFORWARD,NONE,FRESH,FRESHED,STALE,FRESH,1,59.3235975833699,100.6764024166301,41.35280483326019,12.79416336457704,-93.39067975145588,295.73752062137623,37.250686,126.674964,37.254138,126.680626
104.04999999999623,3,DEGRADED,DEGRADED_FEEDFORWARD,DEGRADED_FEEDFORWARD,NONE,FRESH,FRESHED,STALE,STALE,1,59.3235975833699,100.6764024166301,41.35280483326019,12.79416336457704,-93.39067975145588,295.73752062137623,37.250686,126.674964,37.254138,126.680626
104.09999999999623,3,DEGRADED,DEGRADED_FEEDFORWARD,DEGRADED_FEEDFORWARD,NONE,FRESH,FRESHED,STALE,STALE,1,59.3235975833699,100.6764024166301,41.35280483326019,12.79416336457704,-93.39067975145588,295.73752062137623,37.250686,126.674964,37.254138,126.680626
104.14999999999623,3,DEGRADED,DEGRADED_FEEDFORWARD,DEGRADED_FEEDFORWARD,NONE,FRESH,FRESHED,STALE,STALE,1,59.3235975833699,100.6764024166301,41.35280483326019,12.79416336457704,-93.39067975145588,295.73752062137623,37.250686,126.674964,37.254138,126.680626
104.19999999999622,3,DEGRADED,DEGRADED_FEEDFORWARD,DEGRADED_FEEDFORWARD,NONE,FRESH,FRESHED,STALE,STALE,1,59.3235975833699,100.6764024166301,41.35280483326019,12.79416336457704,-93.39067975145588,295.73752062137623,37.250686,126.674964,37.254138,126.680626
104.24999999999622,3,ACTIVE,NOMINAL_CLOSED_LOOP,NOMINAL_CLOSED_LOOP,NONE,FRESH,FRESH,FRESH,FRESH,1,54.32359758337019,105.67640241662981,86.96084256304083,26.24968070761249,-92.34701789381383,304.41480151370104,37.250686,126.674964,37.254138,126.680626
104.29999999999622,3,ACTIVE,NOMINAL_CLOSED_LOOP,NOMINAL_CLOSED_LOOP,NONE,FRESH,FRESH,FRESH,FRESH,1,49.32359758337047,110.67640241662953,86.98738224374844,26.24968070761249,-92.34701789381383,304.41480151370104,37.250686,126.674964,37.254138,126.680626
104.34999999999621,3,ACTIVE,NOMINAL_CLOSED_LOOP,NOMINAL_CLOSED_LOOP,NONE,FRESH,FRESH,FRESH,FRESH,1,44.323597583370756,115.67640241662924,87.01392192445604,26.24968070761249,-92.34701789381383,304.41480151370104,37.250686,126.674964,37.254138,126.680626
104.39999999999621,3,ACTIVE,NOMINAL_CLOSED_LOOP,NOMINAL_CLOSED_LOOP,NONE,FRESH,FRESH,FRESH,FRESH,1,39.32359758337104,120.67640241662896,87.04046160516366,26.24968070761249,-92.34701789381383,304.41480151370104,37.250686,126.674964,37.254138,126.680626
104.44999999999621,3,ACTIVE,NOMINAL_CLOSED_LOOP,NOMINAL_CLOSED_LOOP,NONE,FRESH,FRESH,FRESH,FRESH,1,36.466499357064365,123.53350064293564,87.06700128587127,26.24968070761249,-92.34701789381383,304.41480151370104,37.250686,126.674964,37.254138,126.680626
104.4999999999962,3,ACTIVE,NOMINAL_CLOSED_LOOP,NOMINAL_CLOSED_LOOP,NONE,FRESH,FRESH,FRESH,FRESH,1,36.45322951671056,123.54677048328944,87.09354096657889,26.24968070761249,-92.34701789381383,304.41480151370104,37.250686,126.674964,37.254138,126.680626
104.5499999999962,3,ACTIVE,NOMINAL_CLOSED_LOOP,NOMINAL_CLOSED_LOOP,NONE,FRESH,FRESH,FRESH,FRESH,1,36.43995967635675,123.56004032364325,87.1200806472865,26.24968070761249,-92.34701789381383,304.41480151370104,37.250686,126.674964,37.254138,126.680626
104.5999999999962,3,ACTIVE,NOMINAL_FEEDFORWARD,NOMINAL_FEEDFORWARD,NONE,FRESH,FRESH,STALE,FRESH,1,40.939959676356494,119.0600403236435,70.23424192101439,22.968470619160925,-92.34701789381383,304.41480151370104,37.250686,126.674964,37.254138,126.680626
104.6499999999962,3,ACTIVE,NOMINAL_FEEDFORWARD,NOMINAL_FEEDFORWARD,NONE,FRESH,FRESH,STALE,FRESH,1,44.882879039492806,115.1171209605072,70.23424192101439,22.968470619160925,-92.34701789381383,304.41480151370104,37.250686,126.674964,37.254138,126.680626
104.6999999999962,3,ACTIVE,NOMINAL_FEEDFORWARD,NOMINAL_FEEDFORWARD,NONE,FRESH,FRESH,STALE,FRESH,1,44.882879039492806,115.1171209605072,70.23424192101439,22.968470619160925,-92.34701789381383,304.41480151370104,37.250686,126.674964,37.254138,126.680626
104.74999999999619,3,ACTIVE,NOMINAL_FEEDFORWARD,NOMINAL_FEEDFORWARD,NONE,FRESH,FRESH,STALE,FRESH,1,44.882879039492806,115.1171209605072,70.23424192101439,22.968470619160925,-92.34701789381383,304.41480151370104,37.250686,126.674964,37.254138,126.680626
104.79999999999619,3,ACTIVE,NOMINAL_FEEDFORWARD,NOMINAL_FEEDFORWARD,NONE,FRESH,FRESH,STALE,FRESH,1,44.882879039492806,115.1171209605072,70.23424192101439,22.968470619160925,-92.34701789381383,304.41480151370104,37.250686,126.674964,37.254138,126.680626
104.84999999999619,3,ACTIVE,NOMINAL_FEEDFORWARD,NOMINAL_FEEDFORWARD,NONE,FRESH,FRESH,STALE,FRESH,1,44.882879039492806,115.1171209605072,70.23424192101439,22.968470619160925,-92.34701789381383,304.41480151370104,37.250686,126.674964,37.254138,126.680626
104.89999999999618,3,ACTIVE,NOMINAL_FEEDFORWARD,NOMINAL_FEEDFORWARD,NONE,FRESH,FRESH,STALE,FRESH,1,44.882879039492806,115.1171209605072,70.23424192101439,22.968470619160925,-92.34701789381383,304.41480151370104,37.250686,126.674964,37.254138,126.680626
104.94999999999618,3,ACTIVE,NOMINAL_FEEDFORWARD,NOMINAL_FEEDFORWARD,NONE,FRESH,FRESH,STALE,FRESH,1,44.882879039492806,115.1171209605072,70.23424192101439,22.968470619160925,-92.34701789381383,304.41480151370104,37.250686,126.674964,37.254138,126.680626
104.99999999999618,3,ACTIVE,NOMINAL_FEEDFORWARD,NOMINAL_FEEDFORWARD,NONE,FRESH,FRESH,STALE,FRESH,1,44.882879039492806,115.1171209605072,70.23424192101439,22.968470619160925,-92.34701789381383,304.41480151370104,37.250686,126.674964,37.254138,126.680626
105.04999999999617,3,ACTIVE,NOMINAL_FEEDFORWARD,NOMINAL_FEEDFORWARD,NONE,FRESH,FRESH,STALE,STALE,1,44.882879039492806,115.1171209605072,70.23424192101439,22.968470619160925,-92.34701789381383,304.41480151370104,37.250686,126.674964,37.254138,126.680626
105.09999999999617,3,ACTIVE,NOMINAL_FEEDFORWARD,NOMINAL_FEEDFORWARD,NONE,FRESH,FRESH,STALE,STALE,1,44.882879039492806,115.1171209605072,70.23424192101439,22.968470619160925,-92.34701789381383,304.41480151370104,37.250686,126.674964,37.254138,126.680626
105.14999999999617,3,ACTIVE,NOMINAL_FEEDFORWARD,NOMINAL_FEEDFORWARD,NONE,FRESH,FRESH,STALE,STALE,1,44.882879039492806,115.1171209605072,70.23424192101439,22.968470619160925,-92.34701789381383,304.41480151370104,37.250686,126.674964,37.254138,126.680626
105.19999999999617,3,ACTIVE,NOMINAL_FEEDFORWARD,NOMINAL_FEEDFORWARD,NONE,FRESH,FRESH,STALE,STALE,1,44.882879039492806,115.1171209605072,70.23424192101439,22.968470619160925,-92.34701789381383,304.41480151370104,37.250686,126.674964,37.254138,126.680626
105.24999999999616,3,DEGRADED,DEGRADED_CLOSED_LOOP,DEGRADED_CLOSED_LOOP,NONE,FRESH,FRESHED,FRESH,FRESH,1,48.38287903949261,111.61712096050739,56.582638513641754,15.725494612216004,-92.34701789381383,304.41480151370104,37.250686,126.674964,37.254138,126.680626
105.29999999999616,3,DEGRADED,DEGRADED_CLOSED_LOOP,DEGRADED_CLOSED_LOOP,NONE,FRESH,FRESHED,FRESH,FRESH,1,51.700877995873014,108.29912200412699,56.59824400825397,15.725494612216004,-92.34701789381383,304.41480151370104,37.250686,126.674964,37.254138,126.680626
105.34999999999616,3,DEGRADED,DEGRADED_CLOSED_LOOP,DEGRADED_CLOSED_LOOP,NONE,FRESH,FRESHED,FRESH,FRESH,1,51.693075248566906,108.30692475143309,56.61384950286619,15.725494612216004,-92.34701789381383,304.41480151370104,37.250686,126.674964,37.254138,126.680626
105.39999999999615,3,DEGRADED,DEGRADED_CLOSED_LOOP,DEGRADED_CLOSED_LOOP,NONE,FRESH,FRESHED,FRESH,FRESH,1,51.6852725012608,108.3147274987392,56.629454997478405,15.725494612216004,-92.34701789381383,304.41480151370104,37.250686,126.674964,37.254138,126.680626
105.44999999999615,3,DEGRADED,DEGRADED_CLOSED_LOOP,DEGRADED_CLOSED_LOOP,NONE,FRESH,FRESHED,FRESH,FRESH,1,51.677469753954696,108.3225302460453,56.645060492090614,15.725494612216004,-92.34701789381383,304.41480151370104,37.250686,126.674964,37.254138,126.680626
105.49999999999615,3,DEGRADED,DEGRADED_CLOSED_LOOP,DEGRADED_CLOSED_LOOP,NONE,FRESH,FRESHED,FRESH,FRESH,1,51.66966700664858,108.33033299335142,56.66066598670283,15.725494612216004,-92.34701789381383,304.41480151370104,37.250686,126.674964,37.254138,126.680626
105.54999999999615,3,DEGRADED,DEGRADED_CLOSED_LOOP,DEGRADED_CLOSED_LOOP,NONE,FRESH,FRESHED,FRESH,FRESH,1,51.66186425934248,108.33813574065752,56.67627148131505,15.725494612216004,-92.34701789381383,304.41480151370104,37.250686,126.674964,37.254138,126.680626
105.59999999999614,3,DEGRADED,DEGRADED_FEEDFORWARD,DEGRADED_FEEDFORWARD,NONE,FRESH,FRESHED,STALE,FRESH,1,54.66186425934231,105.33813574065769,39.7772353111982,12.04319106594815,-92.34701789381383,304.41480151370104,37.250686,126.674964,37.254138,126.680626
105.64999999999614,3,DEGRADED,DEGRADED_FEEDFORWARD,DEGRADED_FEEDFORWARD,NONE,FRESH,FRESHED,STALE,FRESH,1,57.66186425934214,102.33813574065786,39.7772353111982,12.04319106594815,-92.34701789381383,304.41480151370104,37.250686,126.674964,37.254138,126.680626
105.69999999999614,3,DEGRADED,DEGRADED_FEEDFORWARD,DEGRADED_FEEDFORWARD,NONE,FRESH,FRESHED,STALE,FRESH,1,60.1113823444009,99.88861765559909,39.7772353111982,12.04319106594815,-92.34701789381383,304.41480151370104,37.250686,126.674964,37.254138,126.680626
105.74999999999613,3,DEGRADED,DEGRADED_FEEDFORWARD,DEGRADED_FEEDFORWARD,NONE,FRESH,FRESHED,STALE,FRESH,1,60.1113823444009,99.88861765559909,39.7772353111982,12.04319106594815,-92.34701789381383,304.41480151370104,37.250686,126.674964,37.254138,126.680626
105.79999999999613,3,DEGRADED,DEGRADED_FEEDFORWARD,DEGRADED_FEEDFORWARD,NONE,FRESH,FRESHED,STALE,FRESH,1,60.1113823444009,99.88861765559909,39.7772353111982,12.04319106594815,-92.34701789381383,304.41480151370104,37.250686,126.674964,37.254138,126.680626
105.84999999999613,3,DEGRADED,DEGRADED_FEEDFORWARD,DEGRADED_FEEDFORWARD,NONE,FRESH,FRESHED,STALE,FRESH,1,60.1113823444009,99.88861765559909,39.7772353111982,12.04319106594815,-92.34701789381383,304.41480151370104,37.250686,126.674964,37.254138,126.680626
105.89999999999613,3,DEGRADED,DEGRADED_FEEDFORWARD,DEGRADED_FEEDFORWARD,NONE,FRESH,FRESHED,STALE,FRESH,1,60.1113823444009,99.88861765559909,39.7772353111982,12.04319106594815,-92.34701789381383,304.41480151370104,37.250686,126.674964,37.254138,126.680626
105.94999999999612,3,DEGRADED,DEGRADED_FEEDFORWARD,DEGRADED_FEEDFORWARD,NONE,FRESH,FRESHED,STALE,FRESH,1,60.1113823444009,99.88861765559909,39.7772353111982,12.04319106594815,-92.34701789381383,304.41480151370104,37.250686,126.674964,37.254138,126.680626
105.99999999999612,3,DEGRADED,DEGRADED_FEEDFORWARD,DEGRADED_FEEDFORWARD,NONE,FRESH,FRESHED,STALE,FRESH,1,60.1113823444009,99.88861765559909,39.7772353111982,12.04319106594815,-92.34701789381383,304.41480151370104,37.250686,126.674964,37.254138,126.680626
106.04999999999612,3,DEGRADED,DEGRADED_FEEDFORWARD,DEGRADED_FEEDFORWARD,NONE,FRESH,FRESHED,STALE,STALE,1,60.1113823444009,99.88861765559909,39.7772353111982,12.04319106594815,-92.34701789381383,304.41480151370104,37.250686,126.674964,37.254138,126.680626
106.09999999999611,3,DEGRADED,DEGRADED_FEEDFORWARD,DEGRADED_FEEDFORWARD,NONE,FRESH,FRESHED,STALE,STALE,1,60.1113823444009,99.88861765559909,39.7772353111982,12.04319106594815,-92.34701789381383,304.41480151370104,37.250686,126.674964,37.254138,126.680626
106.14999999999611,3,DEGRADED,DEGRADED_FEEDFORWARD,DEGRADED_FEEDFORWARD,NONE,FRESH,FRESHED,STALE,STALE,1,60.1113823444009,99.88861765559909,39.7772353111982,12.04319106594815,-92.34701789381383,304.41480151370104,37.250686,126.674964,37.254138,126.680626
106.19999999999611,3,DEGRADED,DEGRADED_FEEDFORWARD,DEGRADED_FEEDFORWARD,NONE,FRESH,FRESHED,STALE,STALE,1,60.1113823444009,99.88861765559909,39.7772353111982,12.04319106594815,-92.34701789381383,304.41480151370104,37.250686,126.674964,37.254138,126.680626
106.2499999999961,3,DEGRADED,DEGRADED_CLOSED_LOOP,DEGRADED_CLOSED_LOOP,NONE,FRESH,FRESHED,FRESH,FRESH,1,56.6113823444011,103.38861765559889,76.08037810746418,23.715463466096974,-92.34701789381383,304.41480151370104,37.250686,126.674964,37.254138,126.680626
106.2999999999961,3,DEGRADED,DEGRADED_CLOSED_LOOP,DEGRADED_CLOSED_LOOP,NONE,FRESH,FRESHED,FRESH,FRESH,1,53.1113823444013,106.8886176555987,76.10398357093028,23.715463466096974,-92.34701789381383,304.41480151370104,37.250686,126.674964,37.254138,126.680626
106.3499999999961,3,DEGRADED,DEGRADED_CLOSED_LOOP,DEGRADED_CLOSED_LOOP,NONE,FRESH,FRESHED,FRESH,FRESH,1,49.6113823444015,110.3886176555985,76.12758903439638,23.715463466096974,-92.34701789381383,304.41480151370104,37.250686,126.674964,37.254138,126.680626
106.3999999999961,3,DEGRADED,DEGRADED_CLOSED_LOOP,DEGRADED_CLOSED_LOOP,NONE,FRESH,FRESHED,FRESH,FRESH,1,46.1113823444017,113.8886176555983,76.15119449786248,23.715463466096974,-92.34701789381383,304.41480151370104,37.250686,126.674964,37.254138,126.680626
106.4499999999961,3,DEGRADED,DEGRADED_CLOSED_LOOP,DEGRADED_CLOSED_LOOP,NONE,FRESH,FRESHED,FRESH,FRESH,1,42.611382344401896,117.3886176555981,76.17479996132857,23.715463466096974,-92.34701789381383,304.41480151370104,37.250686,126.674964,37.254138,126.680626
106.49999999999609,3,DEGRADED,DEGRADED_CLOSED_LOOP,DEGRADED_CLOSED_LOOP,NONE,FRESH,FRESHED,FRESH,FRESH,1,41.90079728760267,118.09920271239733,76.19840542479466,23.715463466096974,-92.34701789381383,304.41480151370104,37.250686,126.674964,37.254138,126.680626
106.54999999999609,3,DEGRADED,DEGRADED_CLOSED_LOOP,DEGRADED_CLOSED_LOOP,NONE,FRESH,FRESHED,FRESH,FRESH,1,41.88899455586962,118.11100544413037,76.22201088826075,23.715463466096974,-92.34701789381383,304.41480151370104,37.250686,126.674964,37.254138,126.680626
106.59999999999609,3,DEGRADED,DEGRADED_FEEDFORWARD,DEGRADED_FEEDFORWARD,NONE,FRESH,FRESHED,STALE,FRESH,1,44.88899455586945,115.11100544413054,42.267608877326154,13.234306568880847,-92.34701789381383,304.41480151370104,37.250686,126.674964,37.254138,126.680626
106.64999999999608,3,DEGRADED,DEGRADED_FEEDFORWARD,DEGRADED_FEEDFORWARD,NONE,FRESH,FRESHED,STALE,FRESH,1,47.88899455586928,112.11100544413071,42.267608877326154,13.234306568880847,-92.34701789381383,304.41480151370104,37.250686,126.674964,37.254138,126.680626
106.69999999999608,3,DEGRADED,DEGRADED_FEEDFORWARD,DEGRADED_FEEDFORWARD,NONE,FRESH,FRESHED,STALE,FRESH,1,50.88899455586911,109.11100544413088,42.267608877326154,13.234306568880847,-92.34701789381383,304.41480151370104,37.250686,126.674964,37.254138,126.680626
106.74999999999608,3,DEGRADED,DEGRADED_FEEDFORWARD,DEGRADED_FEEDFORWARD,NONE,FRESH,FRESHED,STALE,FRESH,1,53.88899455586894,106.11100544413105,42.267608877326154,13.234306568880847,-92.34701789381383,304.41480151370104,37.250686,126.674964,37.254138,126.680626
106.79999999999607,3,DEGRADED,DEGRADED_FEEDFORWARD,DEGRADED_FEEDFORWARD,NONE,FRESH,FRESHED,STALE,FRESH,1,56.88899455586877,103.11100544413122,42.267608877326154,13.234306568880847,-92.34701789381383,304.41480151370104,37.250686,126.674964,37.254138,126.680626
106.84999999999607,3,DEGRADED,DEGRADED_FEEDFORWARD,DEGRADED_FEEDFORWARD,NONE,FRESH,FRESHED,STALE,FRESH,1,58.86619556133692,101.13380443866308,42.267608877326154,13.234306568880847,-92.34701789381383,304.41480151370104,37.250686,126.674964,37.254138,126.680626
106.89999999999607,3,DEGRADED,DEGRADED_FEEDFORWARD,DEGRADED_FEEDFORWARD,NONE,FRESH,FRESHED,STALE,FRESH,1,58.86619556133692,101.13380443866308,42.267608877326154,13.234306568880847,-92.34701789381383,304.41480151370104,37.250686,126.674964,37.254138,126.680626
106.94999999999607,3,DEGRADED,DEGRADED_FEEDFORWARD,DEGRADED_FEEDFORWARD,NONE,FRESH,FRESHED,STALE,FRESH,1,58.86619556133692,101.13380443866308,42.267608877326154,13.234306568880847,-92.34701789381383,304.41480151370104,37.250686,126.674964,37.254138,126.680626
106.99999999999606,3,DEGRADED,DEGRADED_FEEDFORWARD,DEGRADED_FEEDFORWARD,NONE,FRESH,FRESHED,STALE,FRESH,1,58.86619556133692,101.13380443866308,42.267608877326154,13.234306568880847,-92.34701789381383,304.41480151370104,37.250686,126.674964,37.254138,126.680626
107.04999999999606,3,DEGRADED,DEGRADED_FEEDFORWARD,DEGRADED_FEEDFORWARD,NONE,FRESH,FRESHED,STALE,STALE,1,58.86619556133692,101.13380443866308,42.267608877326154,13.234306568880847,-92.34701789381383,304.41480151370104,37.250686,126.674964,37.254138,126.680626
107.09999999999606,3,DEGRADED,DEGRADED_FEEDFORWARD,DEGRADED_FEEDFORWARD,NONE,FRESH,FRESHED,STALE,STALE,1,58.86619556133692,101.13380443866308,42.267608877326154,13.234306568880847,-92.34701789381383,304.41480151370104,37.250686,126.674964,37.254138,126.680626
107.14999999999606,3,DEGRADED,DEGRADED_FEEDFORWARD,DEGRADED_FEEDFORWARD,NONE,FRESH,FRESHED,STALE,STALE,1,58.86619556133692,101.13380443866308,42.267608877326154,13.234306568880847,-92.34701789381383,304.41480151370104,37.250686,126.674964,37.254138,126.680626
107.19999999999605,3,DEGRADED,DEGRADED_FEEDFORWARD,DEGRADED_FEEDFORWARD,NONE,FRESH,FRESHED,STALE,STALE,1,58.86619556133692,101.13380443866308,42.267608877326154,13.234306568880847,-92.34701789381383,304.41480151370104,37.250686,126.674964,37.254138,126.680626
107.24999999999605,3,DEGRADED,DEGRADED_CLOSED_LOOP,DEGRADED_CLOSED_LOOP,NONE,FRESH,FRESHED,FRESH,FRESH,1,55.36619556133712,104.63380443866288,76.09806925210553,23.715463466096974,-92.34701789381383,304.41480151370104,37.250686,126.674964,37.254138,126.680626
107.29999999999605,3,DEGRADED,DEGRADED_CLOSED_LOOP,DEGRADED_CLOSED_LOOP,NONE,FRESH,FRESHED,FRESH,FRESH,1,51.86619556133732,108.13380443866268,76.12167471557163,23.715463466096974,-92.34701789381383,304.41480151370104,37.250686,126.674964,37.254138,126.680626
107.34999999999604,3,DEGRADED,DEGRADED_CLOSED_LOOP,DEGRADED_CLOSED_LOOP,NONE,FRESH,FRESHED,FRESH,FRESH,1,48.36619556133752,111.63380443866248,76.14528017903771,23.715463466096974,-92.34701789381383,304.41480151370104,37.250686,126.674964,37.254138,126.680626
107.39999999999604,3,DEGRADED,DEGRADED_CLOSED_LOOP,DEGRADED_CLOSED_LOOP,NONE,FRESH,FRESHED,FRESH,FRESH,1,44.86619556133772,115.13380443866228,76.16888564250381,23.715463466096974,-92.34701789381383,304.41480151370104,37.250686,126.674964,37.254138,126.680626
107.44999999999604,3,DEGRADED,DEGRADED_CLOSED_LOOP,DEGRADED_CLOSED_LOOP,NONE,FRESH,FRESHED,FRESH,FRESH,1,41.90375444701505,118.09624555298495,76.1924911059699,23.715463466096974,-92.34701789381383,304.41480151370104,37.250686,126.674964,37.254138,126.680626
107.49999999999604,3,DEGRADED,DEGRADED_CLOSED_LOOP,DEGRADED_CLOSED_LOOP,NONE,FRESH,FRESHED,FRESH,FRESH,1,41.891951715282,118.108048284718,76.216096569436,23.715463466096974,-92.34701789381383,304.41480151370104,37.250686,126.674964,37.254138,126.680626
107.54999999999603,3,DEGRADED,DEGRADED_CLOSED_LOOP,DEGRADED_CLOSED_LOOP,NONE,FRESH,FRESHED,FRESH,FRESH,1,41.88014898354895,118.11985101645105,76.2397020329021,23.715463466096974,-92.34701789381383,304.41480151370104,37.250686,126.674964,37.254138,126.680626
107.59999999999603,3,DEGRADED,DEGRADED_FEEDFORWARD,DEGRADED_FEEDFORWARD,NONE,FRESH,FRESHED,STALE,FRESH,1,44.88014898354878,115.11985101645122,42.267608877326154,13.234306568880847,-92.34701789381383,304.41480151370104,37.250686,126.674964,37.254138,126.680626
107.64999999999603,3,DEGRADED,DEGRADED_FEEDFORWARD,DEGRADED_FEEDFORWARD,NONE,FRESH,FRESHED,STALE,FRESH,1,47.88014898354861,112.11985101645139,42.267608877326154,13.234306568880847,-92.34701789381383,304.41480151370104,37.250686,126.674964,37.254138,126.680626
107.69999999999602,3,DEGRADED,DEGRADED_FEEDFORWARD,DEGRADED_FEEDFORWARD,NONE,FRESH,FRESHED,STALE,FRESH,1,50.88014898354844,109.11985101645156,42.267608877326154,13.234306568880847,-92.34701789381383,304.41480151370104,37.250686,126.674964,37.254138,126.680626
107.74999999999602,3,DEGRADED,DEGRADED_FEEDFORWARD,DEGRADED_FEEDFORWARD,NONE,FRESH,FRESHED,STALE,FRESH,1,53.88014898354827,106.11985101645173,42.267608877326154,13.234306568880847,-92.34701789381383,304.41480151370104,37.250686,126.674964,37.254138,126.680626
107.79999999999602,3,DEGRADED,DEGRADED_FEEDFORWARD,DEGRADED_FEEDFORWARD,NONE,FRESH,FRESHED,STALE,FRESH,1,56.8801489835481,103.1198510164519,42.267608877326154,13.234306568880847,-92.34701789381383,304.41480151370104,37.250686,126.674964,37.254138,126.680626
107.84999999999602,3,DEGRADED,DEGRADED_FEEDFORWARD,DEGRADED_FEEDFORWARD,NONE,FRESH,FRESHED,STALE,FRESH,1,58.86619556133692,101.13380443866308,42.267608877326154,13.234306568880847,-92.34701789381383,304.41480151370104,37.250686,126.674964,37.254138,126.680626
107.89999999999601,3,DEGRADED,DEGRADED_FEEDFORWARD,DEGRADED_FEEDFORWARD,NONE,FRESH,FRESHED,STALE,FRESH,1,58.86619556133692,101.13380443866308,42.267608877326154,13.234306568880847,-92.34701789381383,304.41480151370104,37.250686,126.674964,37.254138,126.680626
107.94999999999601,3,DEGRADED,DEGRADED_FEEDFORWARD,DEGRADED_FEEDFORWARD,NONE,FRESH,FRESHED,STALE,FRESH,1,58.86619556133692,101.13380443866308,42.267608877326154,13.234306568880847,-92.34701789381383,304.41480151370104,37.250686,126.674964,37.254138,126.680626
107.999999999996,3,DEGRADED,DEGRADED_FEEDFORWARD,DEGRADED_FEEDFORWARD,NONE,FRESH,FRESHED,STALE,FRESH,1,58.86619556133692,101.13380443866308,42.267608877326154,13.234306568880847,-92.34701789381383,304.41480151370104,37.250686,126.674964,37.254138,126.680626
108.049999999996,3,DEGRADED,DEGRADED_FEEDFORWARD,DEGRADED_FEEDFORWARD,NONE,FRESH,FRESHED,STALE,STALE,1,58.86619556133692,101.13380443866308,42.267608877326154,13.234306568880847,-92.34701789381383,304.41480151370104,37.250686,126.674964,37.254138,126.680626
108.099999999996,3,DEGRADED,DEGRADED_FEEDFORWARD,DEGRADED_FEEDFORWARD,NONE,FRESH,FRESHED,STALE,STALE,1,58.86619556133692,101.13380443866308,42.267608877326154,13.234306568880847,-92.34701789381383,304.41480151370104,37.250686,126.674964,37.254138,126.680626
108.149999999996,3,DEGRADED,DEGRADED_FEEDFORWARD,DEGRADED_FEEDFORWARD,NONE,FRESH,FRESHED,STALE,STALE,1,58.86619556133692,101.13380443866308,42.267608877326154,13.234306568880847,-92.34701789381383,304.41480151370104,37.250686,126.674964,37.254138,126.680626
108.199999999996,3,DEGRADED,DEGRADED_FEEDFORWARD,DEGRADED_FEEDFORWARD,NONE,FRESH,FRESHED,STALE,STALE,1,58.86619556133692,101.13380443866308,42.267608877326154,13.234306568880847,-92.34701789381383,304.41480151370104,37.250686,126.674964,37.254138,126.680626
108.24999999999599,3,DEGRADED,DEGRADED_CLOSED_LOOP,DEGRADED_CLOSED_LOOP,NONE,FRESH,FRESHED,FRESH,FRESH,1,55.36619556133712,104.63380443866288,58.27568755169723,16.406050442257808,-81.89050518902377,347.69124612556635,37.250686,126.674964,37.254138,126.680626
108.29999999999599,3,DEGRADED,DEGRADED_CLOSED_LOOP,DEGRADED_CLOSED_LOOP,NONE,FRESH,FRESHED,FRESH,FRESH,1,51.86619556133732,108.13380443866268,58.291883602139485,16.406050442257808,-81.89050518902377,347.69124612556635,37.250686,126.674964,37.254138,126.680626
108.34999999999599,3,DEGRADED,DEGRADED_CLOSED_LOOP,DEGRADED_CLOSED_LOOP,NONE,FRESH,FRESHED,FRESH,FRESH,1,50.84596017370913,109.15403982629087,58.30807965258174,16.406050442257808,-81.89050518902377,347.69124612556635,37.250686,126.674964,37.254138,126.680626
108.39999999999598,3,DEGRADED,DEGRADED_CLOSED_LOOP,DEGRADED_CLOSED_LOOP,NONE,FRESH,FRESHED,FRESH,FRESH,1,50.837862148488,109.162137851512,58.324275703024,16.406050442257808,-81.89050518902377,347.69124612556635,37.250686,126.674964,37.254138,126.680626
108.44999999999598,3,DEGRADED,DEGRADED_CLOSED_LOOP,DEGRADED_CLOSED_LOOP,NONE,FRESH,FRESHED,FRESH,FRESH,1,50.82976412326687,109.17023587673313,58.340471753466254,16.406050442257808,-81.89050518902377,347.69124612556635,37.250686,126.674964,37.254138,126.680626
108.49999999999598,3,DEGRADED,DEGRADED_CLOSED_LOOP,DEGRADED_CLOSED_LOOP,NONE,FRESH,FRESHED,FRESH,FRESH,1,50.82166609804574,109.17833390195426,58.356667803908515,16.406050442257808,-81.89050518902377,347.69124612556635,37.250686,126.674964,37.254138,126.680626
108.54999999999598,3,DEGRADED,DEGRADED_CLOSED_LOOP,DEGRADED_CLOSED_LOOP,NONE,FRESH,FRESHED,FRESH,FRESH,1,50.813568072824616,109.18643192717539,58.37286385435077,16.406050442257808,-81.89050518902377,347.69124612556635,37.250686,126.674964,37.254138,126.680626
108.59999999999597,3,DEGRADED,DEGRADED_FEEDFORWARD,DEGRADED_FEEDFORWARD,NONE,FRESH,FRESHED,STALE,FRESH,1,53.813568072824445,106.18643192717556,39.03214486366288,11.691256304158623,-81.89050518902377,347.69124612556635,37.250686,126.674964,37.254138,126.680626
108.64999999999597,3,DEGRADED,DEGRADED_FEEDFORWARD,DEGRADED_FEEDFORWARD,NONE,FRESH,FRESHED,STALE,FRESH,1,56.813568072824275,103.18643192717573,39.03214486366288,11.691256304158623,-81.89050518902377,347.69124612556635,37.250686,126.674964,37.254138,126.680626
108.69999999999597,3,DEGRADED,DEGRADED_FEEDFORWARD,DEGRADED_FEEDFORWARD,NONE,FRESH,FRESHED,STALE,FRESH,1,59.813568072824104,100.1864319271759,39.03214486366288,11.691256304158623,-81.89050518902377,347.69124612556635,37.250686,126.674964,37.254138,126.680626
108.74999999999596,3,DEGRADED,DEGRADED_FEEDFORWARD,DEGRADED_FEEDFORWARD,NONE,FRESH,FRESHED,STALE,FRESH,1,60.48392756816856,99.51607243183145,39.03214486366288,11.691256304158623,-81.89050518902377,347.69124612556635,37.250686,126.674964,37.254138,126.680626
108.79999999999596,3,DEGRADED,DEGRADED_FEEDFORWARD,DEGRADED_FEEDFORWARD,NONE,FRESH,FRESHED,STALE,FRESH,1,60.48392756816856,99.51607243183145,39.03214486366288,11.691256304158623,-81.89050518902377,347.69124612556635,37.250686,126.674964,37.254138,126.680626
108.84999999999596,3,DEGRADED,DEGRADED_FEEDFORWARD,DEGRADED_FEEDFORWARD,NONE,FRESH,FRESHED,STALE,FRESH,1,60.48392756816856,99.51607243183145,39.03214486366288,11.691256304158623,-81.89050518902377,347.69124612556635,37.250686,126.674964,37.254138,126.680626
108.89999999999596,3,DEGRADED,DEGRADED_FEEDFORWARD,DEGRADED_FEEDFORWARD,NONE,FRESH,FRESHED,STALE,FRESH,1,60.48392756816856,99.51607243183145,39.03214486366288,11.691256304158623,-81.89050518902377,347.69124612556635,37.250686,126.674964,37.254138,126.680626
108.94999999999595,3,DEGRADED,DEGRADED_FEEDFORWARD,DEGRADED_FEEDFORWARD,NONE,FRESH,FRESHED,STALE,FRESH,1,60.48392756816856,99.51607243183145,39.03214486366288,11.691256304158623,-81.89050518902377,347.69124612556635,37.250686,126.674964,37.254138,126.680626
108.99999999999595,3,DEGRADED,DEGRADED_FEEDFORWARD,DEGRADED_FEEDFORWARD,NONE,FRESH,FRESHED,STALE,FRESH,1,60.48392756816856,99.51607243183145,39.03214486366288,11.691256304158623,-81.89050518902377,347.69124612556635,37.250686,126.674964,37.254138,126.680626
109.04999999999595,3,DEGRADED,DEGRADED_FEEDFORWARD,DEGRADED_FEEDFORWARD,NONE,FRESH,FRESHED,STALE,STALE,1,60.48392756816856,99.51607243183145,39.03214486366288,11.691256304158623,-81.89050518902377,347.69124612556635,37.250686,126.674964,37.254138,126.680626
109.09999999999594,3,DEGRADED,DEGRADED_FEEDFORWARD,DEGRADED_FEEDFORWARD,NONE,FRESH,FRESHED,STALE,STALE,1,60.48392756816856,99.51607243183145,39.03214486366288,11.691256304158623,-81.89050518902377,347.69124612556635,37.250686,126.674964,37.254138,126.680626
109.14999999999594,3,DEGRADED,DEGRADED_FEEDFORWARD,DEGRADED_FEEDFORWARD,NONE,FRESH,FRESHED,STALE,STALE,1,60.48392756816856,99.51607243183145,39.03214486366288,11.691256304158623,-81.89050518902377,347.69124612556635,37.250686,126.674964,37.254138,126.680626
109.19999999999594,3,DEGRADED,DEGRADED_FEEDFORWARD,DEGRADED_FEEDFORWARD,NONE,FRESH,FRESHED,STALE,STALE,1,60.48392756816856,99.51607243183145,39.03214486366288,11.691256304158623,-81.89050518902377,347.69124612556635,37.250686,126.674964,37.254138,126.680626
109.24999999999594,3,DEGRADED,DEGRADED_CLOSED_LOOP,DEGRADED_CLOSED_LOOP,NONE,FRESH,FRESHED,FRESH,FRESH,1,59.68093585871077,100.31906414128923,40.638128282578464,9.651867032829038,-81.89050518902377,347.69124612556635,37.250686,126.674964,37.254138,126.680626
109.29999999999593,3,DEGRADED,DEGRADED_CLOSED_LOOP,DEGRADED_CLOSED_LOOP,NONE,FRESH,FRESHED,FRESH,FRESH,1,59.676044925194354,100.32395507480564,40.64791014961129,9.651867032829038,-81.89050518902377,347.69124612556635,37.250686,126.674964,37.254138,126.680626
109.34999999999593,3,DEGRADED,DEGRADED_CLOSED_LOOP,DEGRADED_CLOSED_LOOP,NONE,FRESH,FRESHED,FRESH,FRESH,1,59.67115399167794,100.32884600832206,40.65769201664412,9.651867032829038,-81.89050518902377,347.69124612556635,37.250686,126.674964,37.254138,126.680626
109.39999999999593,3,DEGRADED,DEGRADED_CLOSED_LOOP,DEGRADED_CLOSED_LOOP,NONE,FRESH,FRESHED,FRESH,FRESH,1,59.666263058161526,100.33373694183848,40.66747388367695,9.651867032829038,-81.89050518902377,347.69124612556635,37.250686,126.674964,37.254138,126.680626
109.44999999999592,3,DEGRADED,DEGRADED_CLOSED_LOOP,DEGRADED_CLOSED_LOOP,NONE,FRESH,FRESHED,FRESH,FRESH,1,59.66137212464511,100.33862787535489,40.677255750709776,9.651867032829038,-81.89050518902377,347.69124612556635,37.250686,126.674964,37.254138,126.680626
109.49999999999592,3,DEGRADED,DEGRADED_CLOSED_LOOP,DEGRADED_CLOSED_LOOP,NONE,FRESH,FRESHED,FRESH,FRESH,1,59.6564811911287,100.3435188088713,40.687037617742604,9.651867032829038,-81.89050518902377,347.69124612556635,37.250686,126.674964,37.254138,126.680626
109.54999999999592,3,DEGRADED,DEGRADED_CLOSED_LOOP,DEGRADED_CLOSED_LOOP,NONE,FRESH,FRESHED,FRESH,FRESH,1,59.651590257612284,100.34840974238772,40.69681948477543,9.651867032829038,-81.89050518902377,347.69124612556635,37.250686,126.674964,37.254138,126.680626
109.59999999999592,3,DEGRADED,DEGRADED_FEEDFORWARD,DEGRADED_FEEDFORWARD,NONE,FRESH,FRESHED,STALE,FRESH,1,62.65159025761211,97.34840974238789,30.26813792397984,7.72149362626323,-81.89050518902377,347.69124612556635,37.250686,126.674964,37.254138,126.680626
109.64999999999591,3,DEGRADED,DEGRADED_FEEDFORWARD,DEGRADED_FEEDFORWARD,NONE,FRESH,FRESHED,STALE,FRESH,1,64.86593103801007,95.13406896198993,30.26813792397984,7.72149362626323,-81.89050518902377,347.69124612556635,37.250686,126.674964,37.254138,126.680626
109.69999999999591,3,DEGRADED,DEGRADED_FEEDFORWARD,DEGRADED_FEEDFORWARD,NONE,FRESH,FRESHED,STALE,FRESH,1,64.86593103801007,95.13406896198993,30.26813792397984,7.72149362626323,-81.89050518902377,347.69124612556635,37.250686,126.674964,37.254138,126.680626
109.74999999999591,3,DEGRADED,DEGRADED_FEEDFORWARD,DEGRADED_FEEDFORWARD,NONE,FRESH,FRESHED,STALE,FRESH,1,64.86593103801007,95.13406896198993,30.26813792397984,7.72149362626323,-81.89050518902377,347.69124612556635,37.250686,126.674964,37.254138,126.680626
109.7999999999959,3,DEGRADED,DEGRADED_FEEDFORWARD,DEGRADED_FEEDFORWARD,NONE,FRESH,FRESHED,STALE,FRESH,1,64.86593103801007,95.13406896198993,30.26813792397984,7.72149362626323,-81.89050518902377,347.69124612556635,37.250686,126.674964,37.254138,126.680626
109.8499999999959,3,DEGRADED,DEGRADED_FEEDFORWARD,DEGRADED_FEEDFORWARD,NONE,FRESH,FRESHED,STALE,FRESH,1,64.86593103801007,95.13406896198993,30.26813792397984,7.72149362626323,-81.89050518902377,347.69124612556635,37.250686,126.674964,37.254138,126.680626
109.8999999999959,3,DEGRADED,DEGRADED_FEEDFORWARD,DEGRADED_FEEDFORWARD,NONE,FRESH,FRESHED,STALE,FRESH,1,64.86593103801007,95.13406896198993,30.26813792397984,7.72149362626323,-81.89050518902377,347.69124612556635,37.250686,126.674964,37.254138,126.680626
109.9499999999959,3,DEGRADED,DEGRADED_FEEDFORWARD,DEGRADED_FEEDFORWARD,NONE,FRESH,FRESHED,STALE,FRESH,1,64.86593103801007,95.13406896198993,30.26813792397984,7.72149362626323,-81.89050518902377,347.69124612556635,37.250686,126.674964,37.254138,126.680626
109.9999999999959,3,DEGRADED,DEGRADED_FEEDFORWARD,DEGRADED_FEEDFORWARD,NONE,FRESH,FRESHED,STALE,FRESH,1,64.86593103801007,95.13406896198993,30.26813792397984,7.72149362626323,-81.89050518902377,347.69124612556635,37.250686,126.674964,37.254138,126.680626
110.04999999999589,3,DEGRADED,DEGRADED_FEEDFORWARD,DEGRADED_FEEDFORWARD,NONE,FRESH,FRESHED,STALE,STALE,1,64.86593103801007,95.13406896198993,30.26813792397984,7.72149362626323,-81.89050518902377,347.69124612556635,37.250686,126.674964,37.254138,126.680626
110.09999999999589,3,DEGRADED,DEGRADED_FEEDFORWARD,DEGRADED_FEEDFORWARD,NONE,FRESH,FRESHED,STALE,STALE,1,64.86593103801007,95.13406896198993,30.26813792397984,7.72149362626323,-81.89050518902377,347.69124612556635,37.250686,126.674964,37.254138,126.680626
110.14999999999588,3,DEGRADED,DEGRADED_FEEDFORWARD,DEGRADED_FEEDFORWARD,NONE,FRESH,FRESHED,STALE,STALE,1,64.86593103801007,95.13406896198993,30.26813792397984,7.72149362626323,-81.89050518902377,347.69124612556635,37.250686,126.674964,37.254138,126.680626
110.19999999999588,3,DEGRADED,DEGRADED_FEEDFORWARD,DEGRADED_FEEDFORWARD,NONE,FRESH,FRESHED,STALE,STALE,1,64.86593103801007,95.13406896198993,30.26813792397984,7.72149362626323,-81.89050518902377,347.69124612556635,37.250686,126.674964,37.254138,126.680626
110.24999999999588,3,DEGRADED,DEGRADED_CLOSED_LOOP,DEGRADED_CLOSED_LOOP,NONE,FRESH,FRESHED,FRESH,FRESH,1,61.365931038010274,98.63406896198973,40.628375072594736,9.651867032829038,-81.89050518902377,347.69124612556635,37.250686,126.674964,37.254138,126.680626
110.29999999999588,3,DEGRADED,DEGRADED_CLOSED_LOOP,DEGRADED_CLOSED_LOOP,NONE,FRESH,FRESHED,FRESH,FRESH,1,59.680886530186214,100.31911346981379,40.638226939627565,9.651867032829038,-81.89050518902377,347.69124612556635,37.250686,126.674964,37.254138,126.680626
110.34999999999587,3,DEGRADED,DEGRADED_CLOSED_LOOP,DEGRADED_CLOSED_LOOP,NONE,FRESH,FRESHED,FRESH,FRESH,1,59.6759605966698,100.3240394033302,40.64807880666039,9.651867032829038,-81.89050518902377,347.69124612556635,37.250686,126.674964,37.254138,126.680626
110.39999999999587,3,DEGRADED,DEGRADED_CLOSED_LOOP,DEGRADED_CLOSED_LOOP,NONE,FRESH,FRESHED,FRESH,FRESH,1,59.67103466315339,100.32896533684661,40.65793067369322,9.651867032829038,-81.89050518902377,347.69124612556635,37.250686,126.674964,37.254138,126.680626
110.44999999999587,3,DEGRADED,DEGRADED_CLOSED_LOOP,DEGRADED_CLOSED_LOOP,NONE,FRESH,FRESHED,FRESH,FRESH,1,59.666108729636974,100.33389127036303,40.66778254072605,9.651867032829038,-81.89050518902377,347.69124612556635,37.250686,126.674964,37.254138,126.680626
110.49999999999586,3,DEGRADED,DEGRADED_CLOSED_LOOP,DEGRADED_CLOSED_LOOP,NONE,FRESH,FRESHED,FRESH,FRESH,1,59.661182796120556,100.33881720387944,40.67763440775888,9.651867032829038,-81.89050518902377,347.69124612556635,37.250686,126.674964,37.254138,126.680626
110.54999999999586,3,DEGRADED,DEGRADED_CLOSED_LOOP,DEGRADED_CLOSED_LOOP,NONE,FRESH,FRESHED,FRESH,FRESH,1,59.656256862604145,100.34374313739585,40.68748627479171,9.651867032829038,-81.89050518902377,347.69124612556635,37.250686,126.674964,37.254138,126.680626
110.59999999999586,3,DEGRADED,DEGRADED_FEEDFORWARD,DEGRADED_FEEDFORWARD,NONE,FRESH,FRESHED,STALE,FRESH,1,62.656256862603975,97.34374313739602,30.26813792397984,7.72149362626323,-81.89050518902377,347.69124612556635,37.250686,126.674964,37.254138,126.680626
110.64999999999586,3,DEGRADED,DEGRADED_FEEDFORWARD,DEGRADED_FEEDFORWARD,NONE,FRESH,FRESHED,STALE,FRESH,1,64.86593103801007,95.13406896198993,30.26813792397984,7.72149362626323,-81.89050518902377,347.69124612556635,37.250686,126.674964,37.254138,126.680626
110.69999999999585,3,DEGRADED,DEGRADED_FEEDFORWARD,DEGRADED_FEEDFORWARD,NONE,FRESH,FRESHED,STALE,FRESH,1,64.86593103801007,95.13406896198993,30.26813792397984,7.72149362626323,-81.89050518902377,347.69124612556635,37.250686,126.674964,37.254138,126.680626
110.74999999999585,3,DEGRADED,DEGRADED_FEEDFORWARD,DEGRADED_FEEDFORWARD,NONE,FRESH,FRESHED,STALE,FRESH,1,64.86593103801007,95.13406896198993,30.26813792397984,7.72149362626323,-81.89050518902377,347.69124612556635,37.250686,126.674964,37.254138,126.680626
110.79999999999585,3,DEGRADED,DEGRADED_FEEDFORWARD,DEGRADED_FEEDFORWARD,NONE,FRESH,FRESHED,STALE,FRESH,1,64.86593103801007,95.13406896198993,30.26813792397984,7.72149362626323,-81.89050518902377,347.69124612556635,37.250686,126.674964,37.254138,126.680626
110.84999999999584,3,DEGRADED,DEGRADED_FEEDFORWARD,DEGRADED_FEEDFORWARD,NONE,FRESH,FRESHED,STALE,FRESH,1,64.86593103801007,95.13406896198993,30.26813792397984,7.72149362626323,-81.89050518902377,347.69124612556635,37.250686,126.674964,37.254138,126.680626
110.89999999999584,3,DEGRADED,DEGRADED_FEEDFORWARD,DEGRADED_FEEDFORWARD,NONE,FRESH,FRESHED,STALE,FRESH,1,64.86593103801007,95.13406896198993,30.26813792397984,7.72149362626323,-81.89050518902377,347.69124612556635,37.250686,126.674964,37.254138,126.680626
110.94999999999584,3,DEGRADED,DEGRADED_FEEDFORWARD,DEGRADED_FEEDFORWARD,NONE,FRESH,FRESHED,STALE,FRESH,1,64.86593103801007,95.13406896198993,30.26813792397984,7.72149362626323,-81.89050518902377,347.69124612556635,37.250686,126.674964,37.254138,126.680626
110.99999999999584,3,DEGRADED,DEGRADED_FEEDFORWARD,DEGRADED_FEEDFORWARD,NONE,FRESH,FRESHED,STALE,FRESH,1,64.86593103801007,95.13406896198993,30.26813792397984,7.72149362626323,-81.89050518902377,347.69124612556635,37.250686,126.674964,37.254138,126.680626
111.04999999999583,3,DEGRADED,DEGRADED_FEEDFORWARD,DEGRADED_FEEDFORWARD,NONE,FRESH,FRESHED,STALE,STALE,1,64.86593103801007,95.13406896198993,30.26813792397984,7.72149362626323,-81.89050518902377,347.69124612556635,37.250686,126.674964,37.254138,126.680626
111.09999999999583,3,DEGRADED,DEGRADED_FEEDFORWARD,DEGRADED_FEEDFORWARD,NONE,FRESH,FRESHED,STALE,STALE,1,64.86593103801007,95.13406896198993,30.26813792397984,7.72149362626323,-81.89050518902377,347.69124612556635,37.250686,126.674964,37.254138,126.680626
111.14999999999583,3,DEGRADED,DEGRADED_FEEDFORWARD,DEGRADED_FEEDFORWARD,NONE,FRESH,FRESHED,STALE,STALE,1,64.86593103801007,95.13406896198993,30.26813792397984,7.72149362626323,-81.89050518902377,347.69124612556635,37.250686,126.674964,37.254138,126.680626
111.19999999999582,3,DEGRADED,DEGRADED_FEEDFORWARD,DEGRADED_FEEDFORWARD,NONE,FRESH,FRESHED,STALE,STALE,1,64.86593103801007,95.13406896198993,30.26813792397984,7.72149362626323,-81.89050518902377,347.69124612556635,37.250686,126.674964,37.254138,126.680626
111.24999999999582,3,ACTIVE,NOMINAL_CLOSED_LOOP,NOMINAL_CLOSED_LOOP,NONE,FRESH,FRESH,FRESH,FRESH,1,59.86593103801036,100.13406896198964,52.37554984475437,12.988059758156163,-77.23035386782453,364.74754567049666,37.250686,126.674964,37.254138,126.680626
111.29999999999582,3,ACTIVE,NOMINAL_CLOSED_LOOP,NOMINAL_CLOSED_LOOP,NONE,FRESH,FRESH,FRESH,FRESH,1,54.86593103801064,105.13406896198936,52.38890790451252,12.988059758156163,-77.23035386782453,364.74754567049666,37.250686,126.674964,37.254138,126.680626
111.34999999999582,3,ACTIVE,NOMINAL_CLOSED_LOOP,NOMINAL_CLOSED_LOOP,NONE,FRESH,FRESH,FRESH,FRESH,1,53.798867017864666,106.20113298213533,52.402265964270676,12.988059758156163,-77.23035386782453,364.74754567049666,37.250686,126.674964,37.254138,126.680626
111.39999999999581,3,ACTIVE,NOMINAL_CLOSED_LOOP,NOMINAL_CLOSED_LOOP,NONE,FRESH,FRESH,FRESH,FRESH,1,53.792187987985585,106.20781201201441,52.41562402402884,12.988059758156163,-77.23035386782453,364.74754567049666,37.250686,126.674964,37.254138,126.680626
111.44999999999581,3,ACTIVE,NOMINAL_CLOSED_LOOP,NOMINAL_CLOSED_LOOP,NONE,FRESH,FRESH,FRESH,FRESH,1,53.785508958106504,106.2144910418935,52.42898208378699,12.988059758156163,-77.23035386782453,364.74754567049666,37.250686,126.674964,37.254138,126.680626
111.49999999999581,3,ACTIVE,NOMINAL_CLOSED_LOOP,NOMINAL_CLOSED_LOOP,NONE,FRESH,FRESH,FRESH,FRESH,1,53.778829928227424,106.22117007177258,52.442340143545145,12.988059758156163,-77.23035386782453,364.74754567049666,37.250686,126.674964,37.254138,126.680626
111.5499999999958,3,ACTIVE,NOMINAL_CLOSED_LOOP,NOMINAL_CLOSED_LOOP,NONE,FRESH,FRESH,FRESH,FRESH,1,53.77215089834835,106.22784910165166,52.4556982033033,12.988059758156163,-77.23035386782453,364.74754567049666,37.250686,126.674964,37.254138,126.680626
111.5999999999958,3,ACTIVE,NOMINAL_FEEDFORWARD,NOMINAL_FEEDFORWARD,NONE,FRESH,FRESH,STALE,FRESH,1,58.272150898348094,101.72784910165191,43.445867208415336,11.364552288386642,-77.23035386782453,364.74754567049666,37.250686,126.674964,37.254138,126.680626
111.6499999999958,3,ACTIVE,NOMINAL_FEEDFORWARD,NOMINAL_FEEDFORWARD,NONE,FRESH,FRESH,STALE,FRESH,1,58.27706639579233,101.72293360420767,43.445867208415336,11.364552288386642,-77.23035386782453,364.74754567049666,37.250686,126.674964,37.254138,126.680626
111.6999999999958,3,ACTIVE,NOMINAL_FEEDFORWARD,NOMINAL_FEEDFORWARD,NONE,FRESH,FRESH,STALE,FRESH,1,58.27706639579233,101.72293360420767,43.445867208415336,11.364552288386642,-77.23035386782453,364.74754567049666,37.250686,126.674964,37.254138,126.680626
111.7499999999958,3,ACTIVE,NOMINAL_FEEDFORWARD,NOMINAL_FEEDFORWARD,NONE,FRESH,FRESH,STALE,FRESH,1,58.27706639579233,101.72293360420767,43.445867208415336,11.364552288386642,-77.23035386782453,364.74754567049666,37.250686,126.674964,37.254138,126.680626
111.79999999999579,3,ACTIVE,NOMINAL_FEEDFORWARD,NOMINAL_FEEDFORWARD,NONE,FRESH,FRESH,STALE,FRESH,1,58.27706639579233,101.72293360420767,43.445867208415336,11.364552288386642,-77.23035386782453,364.74754567049666,37.250686,126.674964,37.254138,126.680626
111.84999999999579,3,ACTIVE,NOMINAL_FEEDFORWARD,NOMINAL_FEEDFORWARD,NONE,FRESH,FRESH,STALE,FRESH,1,58.27706639579233,101.72293360420767,43.445867208415336,11.364552288386642,-77.23035386782453,364.74754567049666,37.250686,126.674964,37.254138,126.680626
111.89999999999579,3,ACTIVE,NOMINAL_FEEDFORWARD,NOMINAL_FEEDFORWARD,NONE,FRESH,FRESH,STALE,FRESH,1,58.27706639579233,101.72293360420767,43.445867208415336,11.364552288386642,-77.23035386782453,364.74754567049666,37.250686,126.674964,37.254138,126.680626
111.94999999999578,3,ACTIVE,NOMINAL_FEEDFORWARD,NOMINAL_FEEDFORWARD,NONE,FRESH,FRESH,STALE,FRESH,1,58.27706639579233,101.72293360420767,43.445867208415336,11.364552288386642,-77.23035386782453,364.74754567049666,37.250686,126.674964,37.254138,126.680626
111.99999999999578,3,ACTIVE,NOMINAL_FEEDFORWARD,NOMINAL_FEEDFORWARD,NONE,FRESH,FRESH,STALE,FRESH,1,58.27706639579233,101.72293360420767,43.445867208415336,11.364552288386642,-77.23035386782453,364.74754567049666,37.250686,126.674964,37.254138,126.680626
112.04999999999578,3,ACTIVE,NOMINAL_FEEDFORWARD,NOMINAL_FEEDFORWARD,NONE,FRESH,FRESH,STALE,STALE,1,58.27706639579233,101.72293360420767,43.445867208415336,11.364552288386642,-77.23035386782453,364.74754567049666,37.250686,126.674964,37.254138,126.680626
112.09999999999577,3,ACTIVE,NOMINAL_FEEDFORWARD,NOMINAL_FEEDFORWARD,NONE,FRESH,FRESH,STALE,STALE,1,58.27706639579233,101.72293360420767,43.445867208415336,11.364552288386642,-77.23035386782453,364.74754567049666,37.250686,126.674964,37.254138,126.680626
112.14999999999577,3,ACTIVE,NOMINAL_FEEDFORWARD,NOMINAL_FEEDFORWARD,NONE,FRESH,FRESH,STALE,STALE,1,58.27706639579233,101.72293360420767,43.445867208415336,11.364552288386642,-77.23035386782453,364.74754567049666,37.250686,126.674964,37.254138,126.680626
112.19999999999577,3,ACTIVE,NOMINAL_FEEDFORWARD,NOMINAL_FEEDFORWARD,NONE,FRESH,FRESH,STALE,STALE,1,58.27706639579233,101.72293360420767,43.445867208415336,11.364552288386642,-77.23035386782453,364.74754567049666,37.250686,126.674964,37.254138,126.680626
112.24999999999577,3,DEGRADED,DEGRADED_CLOSED_LOOP,DEGRADED_CLOSED_LOOP,NONE,FRESH,FRESHED,FRESH,FRESH,1,54.77706639579253,105.22293360420747,70.35424873987607,21.266573217382692,-77.23035386782453,364.74754567049666,37.250686,126.674964,37.254138,126.680626
112.29999999999576,3,DEGRADED,DEGRADED_CLOSED_LOOP,DEGRADED_CLOSED_LOOP,NONE,FRESH,FRESHED,FRESH,FRESH,1,51.27706639579273,108.72293360420727,70.37585531309344,21.266573217382692,-77.23035386782453,364.74754567049666,37.250686,126.674964,37.254138,126.680626
112.34999999999576,3,DEGRADED,DEGRADED_CLOSED_LOOP,DEGRADED_CLOSED_LOOP,NONE,FRESH,FRESHED,FRESH,FRESH,1,47.77706639579293,112.22293360420707,70.39746188631082,21.266573217382692,-77.23035386782453,364.74754567049666,37.250686,126.674964,37.254138,126.680626
112.39999999999576,3,DEGRADED,DEGRADED_CLOSED_LOOP,DEGRADED_CLOSED_LOOP,NONE,FRESH,FRESHED,FRESH,FRESH,1,44.7904657702359,115.2095342297641,70.4190684595282,21.266573217382692,-77.23035386782453,364.74754567049666,37.250686,126.674964,37.254138,126.680626
112.44999999999575,3,DEGRADED,DEGRADED_CLOSED_LOOP,DEGRADED_CLOSED_LOOP,NONE,FRESH,FRESHED,FRESH,FRESH,1,44.779662483627206,115.2203375163728,70.44067503274559,21.266573217382692,-77.23035386782453,364.74754567049666,37.250686,126.674964,37.254138,126.680626
112.49999999999575,3,DEGRADED,DEGRADED_CLOSED_LOOP,DEGRADED_CLOSED_LOOP,NONE,FRESH,FRESHED,FRESH,FRESH,1,44.768859197018514,115.23114080298149,70.46228160596297,21.266573217382692,-77.23035386782453,364.74754567049666,37.250686,126.674964,37.254138,126.680626
112.54999999999575,3,DEGRADED,DEGRADED_CLOSED_LOOP,DEGRADED_CLOSED_LOOP,NONE,FRESH,FRESHED,FRESH,FRESH,1,44.75805591040982,115.24194408959018,70.48388817918035,21.266573217382692,-77.23035386782453,364.74754567049666,37.250686,126.674964,37.254138,126.680626
112.59999999999575,3,DEGRADED,DEGRADED_FEEDFORWARD,DEGRADED_FEEDFORWARD,NONE,FRESH,FRESHED,STALE,FRESH,1,47.75805591040965,112.24194408959035,38.48433808760724,11.433847645631865,-77.23035386782453,364.74754567049666,37.250686,126.674964,37.254138,126.680626
112.64999999999574,3,DEGRADED,DEGRADED_FEEDFORWARD,DEGRADED_FEEDFORWARD,NONE,FRESH,FRESHED,STALE,FRESH,1,50.75805591040948,109.24194408959052,38.48433808760724,11.433847645631865,-77.23035386782453,364.74754567049666,37.250686,126.674964,37.254138,126.680626
112.69999999999574,3,DEGRADED,DEGRADED_FEEDFORWARD,DEGRADED_FEEDFORWARD,NONE,FRESH,FRESHED,STALE,FRESH,1,53.75805591040931,106.24194408959069,38.48433808760724,11.433847645631865,-77.23035386782453,364.74754567049666,37.250686,126.674964,37.254138,126.680626
112.74999999999574,3,DEGRADED,DEGRADED_FEEDFORWARD,DEGRADED_FEEDFORWARD,NONE,FRESH,FRESHED,STALE,FRESH,1,56.75805591040914,103.24194408959086,38.48433808760724,11.433847645631865,-77.23035386782453,364.74754567049666,37.250686,126.674964,37.254138,126.680626
112.79999999999573,3,DEGRADED,DEGRADED_FEEDFORWARD,DEGRADED_FEEDFORWARD,NONE,FRESH,FRESHED,STALE,FRESH,1,59.75805591040897,100.24194408959103,38.48433808760724,11.433847645631865,-77.23035386782453,364.74754567049666,37.250686,126.674964,37.254138,126.680626
112.84999999999573,3,DEGRADED,DEGRADED_FEEDFORWARD,DEGRADED_FEEDFORWARD,NONE,FRESH,FRESHED,STALE,FRESH,1,60.75783095619638,99.24216904380361,38.48433808760724,11.433847645631865,-77.23035386782453,364.74754567049666,37.250686,126.674964,37.254138,126.680626
112.89999999999573,3,DEGRADED,DEGRADED_FEEDFORWARD,DEGRADED_FEEDFORWARD,NONE,FRESH,FRESHED,STALE,FRESH,1,60.75783095619638,99.24216904380361,38.48433808760724,11.433847645631865,-77.23035386782453,364.74754567049666,37.250686,126.674964,37.254138,126.680626
112.94999999999573,3,DEGRADED,DEGRADED_FEEDFORWARD,DEGRADED_FEEDFORWARD,NONE,FRESH,FRESHED,STALE,FRESH,1,60.75783095619638,99.24216904380361,38.48433808760724,11.433847645631865,-77.23035386782453,364.74754567049666,37.250686,126.674964,37.254138,126.680626
112.99999999999572,3,DEGRADED,DEGRADED_FEEDFORWARD,DEGRADED_FEEDFORWARD,NONE,FRESH,FRESHED,STALE,FRESH,1,60.75783095619638,99.24216904380361,38.48433808760724,11.433847645631865,-77.23035386782453,364.74754567049666,37.250686,126.674964,37.254138,126.680626
113.04999999999572,3,DEGRADED,DEGRADED_FEEDFORWARD,DEGRADED_FEEDFORWARD,NONE,FRESH,FRESHED,STALE,STALE,1,60.75783095619638,99.24216904380361,38.48433808760724,11.433847645631865,-77.23035386782453,364.74754567049666,37.250686,126.674964,37.254138,126.680626
113.09999999999572,3,DEGRADED,DEGRADED_FEEDFORWARD,DEGRADED_FEEDFORWARD,NONE,FRESH,FRESHED,STALE,STALE,1,60.75783095619638,99.24216904380361,38.48433808760724,11.433847645631865,-77.23035386782453,364.74754567049666,37.250686,126.674964,37.254138,126.680626
113.14999999999571,3,DEGRADED,DEGRADED_FEEDFORWARD,DEGRADED_FEEDFORWARD,NONE,FRESH,FRESHED,STALE,STALE,1,60.75783095619638,99.24216904380361,38.48433808760724,11.433847645631865,-77.23035386782453,364.74754567049666,37.250686,126.674964,37.254138,126.680626
113.19999999999571,3,DEGRADED,DEGRADED_FEEDFORWARD,DEGRADED_FEEDFORWARD,NONE,FRESH,FRESHED,STALE,STALE,1,60.75783095619638,99.24216904380361,38.48433808760724,11.433847645631865,-77.23035386782453,364.74754567049666,37.250686,126.674964,37.254138,126.680626
113.24999999999571,3,ACTIVE,NOMINAL_CLOSED_LOOP,NOMINAL_CLOSED_LOOP,NONE,FRESH,FRESH,FRESH,FRESH,1,59.732439736299185,100.26756026370082,40.53512052740163,8.933114090819771,-70.89351471445039,389.6618004907731,37.250686,126.674964,37.254138,126.680626
113.2999999999957,3,ACTIVE,NOMINAL_CLOSED_LOOP,NOMINAL_CLOSED_LOOP,NONE,FRESH,FRESH,FRESH,FRESH,1,59.72808317925377,100.27191682074623,40.543833641492455,8.933114090819771,-70.89351471445039,389.6618004907731,37.250686,126.674964,37.254138,126.680626
113.3499999999957,3,ACTIVE,NOMINAL_CLOSED_LOOP,NOMINAL_CLOSED_LOOP,NONE,FRESH,FRESH,FRESH,FRESH,1,59.72372662220836,100.27627337779164,40.55254675558327,8.933114090819771,-70.89351471445039,389.6618004907731,37.250686,126.674964,37.254138,126.680626
113.3999999999957,3,ACTIVE,NOMINAL_CLOSED_LOOP,NOMINAL_CLOSED_LOOP,NONE,FRESH,FRESH,FRESH,FRESH,1,59.719370065162956,100.28062993483704,40.56125986967409,8.933114090819771,-70.89351471445039,389.6618004907731,37.250686,126.674964,37.254138,126.680626
113.4499999999957,3,ACTIVE,NOMINAL_CLOSED_LOOP,NOMINAL_CLOSED_LOOP,NONE,FRESH,FRESH,FRESH,FRESH,1,59.71501350811754,100.28498649188245,40.56997298376491,8.933114090819771,-70.89351471445039,389.6618004907731,37.250686,126.674964,37.254138,126.680626
113.4999999999957,3,ACTIVE,NOMINAL_CLOSED_LOOP,NOMINAL_CLOSED_LOOP,NONE,FRESH,FRESH,FRESH,FRESH,1,59.71065695107214,100.28934304892786,40.57868609785573,8.933114090819771,-70.89351471445039,389.6618004907731,37.250686,126.674964,37.254138,126.680626
113.54999999999569,3,ACTIVE,NOMINAL_CLOSED_LOOP,NOMINAL_CLOSED_LOOP,NONE,FRESH,FRESH,FRESH,FRESH,1,59.70630039402673,100.29369960597327,40.58739921194655,8.933114090819771,-70.89351471445039,389.6618004907731,37.250686,126.674964,37.254138,126.680626
113.59999999999569,3,ACTIVE,NOMINAL_FEEDFORWARD,NOMINAL_FEEDFORWARD,NONE,FRESH,FRESH,STALE,FRESH,1,62.86280965340419,97.13719034659582,34.27438069319162,7.8164748294673005,-70.89351471445039,389.6618004907731,37.250686,126.674964,37.254138,126.680626
113.64999999999569,3,ACTIVE,NOMINAL_FEEDFORWARD,NOMINAL_FEEDFORWARD,NONE,FRESH,FRESH,STALE,FRESH,1,62.86280965340419,97.13719034659582,34.27438069319162,7.8164748294673005,-70.89351471445039,389.6618004907731,37.250686,126.674964,37.254138,126.680626
113.69999999999568,3,ACTIVE,NOMINAL_FEEDFORWARD,NOMINAL_FEEDFORWARD,NONE,FRESH,FRESH,STALE,FRESH,1,62.86280965340419,97.13719034659582,34.27438069319162,7.8164748294673005,-70.89351471445039,389.6618004907731,37.250686,126.674964,37.254138,126.680626
113.74999999999568,3,ACTIVE,NOMINAL_FEEDFORWARD,NOMINAL_FEEDFORWARD,NONE,FRESH,FRESH,STALE,FRESH,1,62.86280965340419,97.13719034659582,34.27438069319162,7.8164748294673005,-70.89351471445039,389.6618004907731,37.250686,126.674964,37.254138,126.680626
113.79999999999568,3,ACTIVE,NOMINAL_FEEDFORWARD,NOMINAL_FEEDFORWARD,NONE,FRESH,FRESH,STALE,FRESH,1,62.86280965340419,97.13719034659582,34.27438069319162,7.8164748294673005,-70.89351471445039,389.6618004907731,37.250686,126.674964,37.254138,126.680626
113.84999999999567,3,ACTIVE,NOMINAL_FEEDFORWARD,NOMINAL_FEEDFORWARD,NONE,FRESH,FRESH,STALE,FRESH,1,62.86280965340419,97.13719034659582,34.27438069319162,7.8164748294673005,-70.89351471445039,389.6618004907731,37.250686,126.674964,37.254138,126.680626
113.89999999999567,3,ACTIVE,NOMINAL_FEEDFORWARD,NOMINAL_FEEDFORWARD,NONE,FRESH,FRESH,STALE,FRESH,1,62.86280965340419,97.13719034659582,34.27438069319162,7.8164748294673005,-70.89351471445039,389.6618004907731,37.250686,126.674964,37.254138,126.680626
113.94999999999567,3,ACTIVE,NOMINAL_FEEDFORWARD,NOMINAL_FEEDFORWARD,NONE,FRESH,FRESH,STALE,FRESH,1,62.86280965340419,97.13719034659582,34.27438069319162,7.8164748294673005,-70.89351471445039,389.6618004907731,37.250686,126.674964,37.254138,126.680626
113.99999999999567,3,ACTIVE,NOMINAL_FEEDFORWARD,NOMINAL_FEEDFORWARD,NONE,FRESH,FRESH,STALE,FRESH,1,62.86280965340419,97.13719034659582,34.27438069319162,7.8164748294673005,-70.89351471445039,389.6618004907731,37.250686,126.674964,37.254138,126.680626
114.04999999999566,3,ACTIVE,NOMINAL_FEEDFORWARD,NOMINAL_FEEDFORWARD,NONE,FRESH,FRESH,STALE,STALE,1,62.86280965340419,97.13719034659582,34.27438069319162,7.8164748294673005,-70.89351471445039,389.6618004907731,37.250686,126.674964,37.254138,126.680626
114.09999999999566,3,ACTIVE,NOMINAL_FEEDFORWARD,NOMINAL_FEEDFORWARD,NONE,FRESH,FRESH,STALE,STALE,1,62.86280965340419,97.13719034659582,34.27438069319162,7.8164748294673005,-70.89351471445039,389.6618004907731,37.250686,126.674964,37.254138,126.680626
114.14999999999566,3,ACTIVE,NOMINAL_FEEDFORWARD,NOMINAL_FEEDFORWARD,NONE,FRESH,FRESH,STALE,STALE,1,62.86280965340419,97.13719034659582,34.27438069319162,7.8164748294673005,-70.89351471445039,389.6618004907731,37.250686,126.674964,37.254138,126.680626
114.19999999999565,3,ACTIVE,NOMINAL_FEEDFORWARD,NOMINAL_FEEDFORWARD,NONE,FRESH,FRESH,STALE,STALE,1,62.86280965340419,97.13719034659582,34.27438069319162,7.8164748294673005,-70.89351471445039,389.6618004907731,37.250686,126.674964,37.254138,126.680626
114.24999999999565,3,DEGRADED,DEGRADED_CLOSED_LOOP,DEGRADED_CLOSED_LOOP,NONE,FRESH,FRESHED,FRESH,FRESH,1,59.39540099437146,100.60459900562854,41.209198011257094,9.904233603759174,-70.89351471445039,389.6618004907731,37.250686,126.674964,37.254138,126.680626
114.29999999999565,3,DEGRADED,DEGRADED_CLOSED_LOOP,DEGRADED_CLOSED_LOOP,NONE,FRESH,FRESHED,FRESH,FRESH,1,59.39049387756957,100.60950612243043,41.219012244860856,9.904233603759174,-70.89351471445039,389.6618004907731,37.250686,126.674964,37.254138,126.680626
114.34999999999565,3,DEGRADED,DEGRADED_CLOSED_LOOP,DEGRADED_CLOSED_LOOP,NONE,FRESH,FRESHED,FRESH,FRESH,1,59.385586760767694,100.6144132392323,41.22882647846461,9.904233603759174,-70.89351471445039,389.6618004907731,37.250686,126.674964,37.254138,126.680626
114.39999999999564,3,DEGRADED,DEGRADED_CLOSED_LOOP,DEGRADED_CLOSED_LOOP,NONE,FRESH,FRESHED,FRESH,FRESH,1,59.38067964396581,100.6193203560342,41.238640712068374,9.904233603759174,-70.89351471445039,389.6618004907731,37.250686,126.674964,37.254138,126.680626
114.44999999999564,3,DEGRADED,DEGRADED_CLOSED_LOOP,DEGRADED_CLOSED_LOOP,NONE,FRESH,FRESHED,FRESH,FRESH,1,59.37577252716393,100.62422747283607,41.24845494567213,9.904233603759174,-70.89351471445039,389.6618004907731,37.250686,126.674964,37.254138,126.680626
114.49999999999564,3,DEGRADED,DEGRADED_CLOSED_LOOP,DEGRADED_CLOSED_LOOP,NONE,FRESH,FRESHED,FRESH,FRESH,1,59.37086541036206,100.62913458963794,41.258269179275885,9.904233603759174,-70.89351471445039,389.6618004907731,37.250686,126.674964,37.254138,126.680626
114.54999999999563,3,DEGRADED,DEGRADED_CLOSED_LOOP,DEGRADED_CLOSED_LOOP,NONE,FRESH,FRESHED,FRESH,FRESH,1,59.365958293560176,100.63404170643983,41.26808341287965,9.904233603759174,-70.89351471445039,389.6618004907731,37.250686,126.674964,37.254138,126.680626
114.59999999999563,3,DEGRADED,DEGRADED_FEEDFORWARD,DEGRADED_FEEDFORWARD,NONE,FRESH,FRESHED,STALE,FRESH,1,62.365958293560006,97.63404170644,30.284358626510116,7.72852494236401,-70.89351471445039,389.6618004907731,37.250686,126.674964,37.254138,126.680626
114.64999999999563,3,DEGRADED,DEGRADED_FEEDFORWARD,DEGRADED_FEEDFORWARD,NONE,FRESH,FRESHED,STALE,FRESH,1,64.85782068674494,95.14217931325506,30.284358626510116,7.72852494236401,-70.89351471445039,389.6618004907731,37.250686,126.674964,37.254138,126.680626
114.69999999999563,3,DEGRADED,DEGRADED_FEEDFORWARD,DEGRADED_FEEDFORWARD,NONE,FRESH,FRESHED,STALE,FRESH,1,64.85782068674494,95.14217931325506,30.284358626510116,7.72852494236401,-70.89351471445039,389.6618004907731,37.250686,126.674964,37.254138,126.680626
114.74999999999562,3,DEGRADED,DEGRADED_FEEDFORWARD,DEGRADED_FEEDFORWARD,NONE,FRESH,FRESHED,STALE,FRESH,1,64.85782068674494,95.14217931325506,30.284358626510116,7.72852494236401,-70.89351471445039,389.6618004907731,37.250686,126.674964,37.254138,126.680626
114.79999999999562,3,DEGRADED,DEGRADED_FEEDFORWARD,DEGRADED_FEEDFORWARD,NONE,FRESH,FRESHED,STALE,FRESH,1,64.85782068674494,95.14217931325506,30.284358626510116,7.72852494236401,-70.89351471445039,389.6618004907731,37.250686,126.674964,37.254138,126.680626
114.84999999999562,3,DEGRADED,DEGRADED_FEEDFORWARD,DEGRADED_FEEDFORWARD,NONE,FRESH,FRESHED,STALE,FRESH,1,64.85782068674494,95.14217931325506,30.284358626510116,7.72852494236401,-70.89351471445039,389.6618004907731,37.250686,126.674964,37.254138,126.680626
114.89999999999561,3,DEGRADED,DEGRADED_FEEDFORWARD,DEGRADED_FEEDFORWARD,NONE,FRESH,FRESHED,STALE,FRESH,1,64.85782068674494,95.14217931325506,30.284358626510116,7.72852494236401,-70.89351471445039,389.6618004907731,37.250686,126.674964,37.254138,126.680626
114.94999999999561,3,DEGRADED,DEGRADED_FEEDFORWARD,DEGRADED_FEEDFORWARD,NONE,FRESH,FRESHED,STALE,FRESH,1,64.85782068674494,95.14217931325506,30.284358626510116,7.72852494236401,-70.89351471445039,389.6618004907731,37.250686,126.674964,37.254138,126.680626
114.99999999999561,3,DEGRADED,DEGRADED_FEEDFORWARD,DEGRADED_FEEDFORWARD,NONE,FRESH,FRESHED,STALE,FRESH,1,64.85782068674494,95.14217931325506,30.284358626510116,7.72852494236401,-70.89351471445039,389.6618004907731,37.250686,126.674964,37.254138,126.680626
115.0499999999956,3,DEGRADED,DEGRADED_FEEDFORWARD,DEGRADED_FEEDFORWARD,NONE,FRESH,FRESHED,STALE,STALE,1,64.85782068674494,95.14217931325506,30.284358626510116,7.72852494236401,-70.89351471445039,389.6618004907731,37.250686,126.674964,37.254138,126.680626
115.0999999999956,3,DEGRADED,DEGRADED_FEEDFORWARD,DEGRADED_FEEDFORWARD,NONE,FRESH,FRESHED,STALE,STALE,1,64.85782068674494,95.14217931325506,30.284358626510116,7.72852494236401,-70.89351471445039,389.6618004907731,37.250686,126.674964,37.254138,126.680626
115.1499999999956,3,DEGRADED,DEGRADED_FEEDFORWARD,DEGRADED_FEEDFORWARD,NONE,FRESH,FRESHED,STALE,STALE,1,64.85782068674494,95.14217931325506,30.284358626510116,7.72852494236401,-70.89351471445039,389.6618004907731,37.250686,126.674964,37.254138,126.680626
115.1999999999956,3,DEGRADED,DEGRADED_FEEDFORWARD,DEGRADED_FEEDFORWARD,NONE,FRESH,FRESHED,STALE,STALE,1,64.85782068674494,95.14217931325506,30.284358626510116,7.72852494236401,-70.89351471445039,389.6618004907731,37.250686,126.674964,37.254138,126.680626
115.2499999999956,3,ACTIVE,NOMINAL_CLOSED_LOOP,NOMINAL_CLOSED_LOOP,NONE,FRESH,FRESH,FRESH,FRESH,1,59.85782068674523,100.14217931325477,51.281541177731434,12.546728657960488,-65.48415325054722,407.14766596802815,37.250686,126.674964,37.254138,126.680626
115.29999999999559,3,ACTIVE,NOMINAL_CLOSED_LOOP,NOMINAL_CLOSED_LOOP,NONE,FRESH,FRESH,FRESH,FRESH,1,54.85782068674551,105.14217931325449,51.29487790638939,12.546728657960488,-65.48415325054722,407.14766596802815,37.250686,126.674964,37.254138,126.680626
115.34999999999559,3,ACTIVE,NOMINAL_CLOSED_LOOP,NOMINAL_CLOSED_LOOP,NONE,FRESH,FRESH,FRESH,FRESH,1,54.345892682476325,105.65410731752368,51.30821463504735,12.546728657960488,-65.48415325054722,407.14766596802815,37.250686,126.674964,37.254138,126.680626
115.39999999999559,3,ACTIVE,NOMINAL_CLOSED_LOOP,NOMINAL_CLOSED_LOOP,NONE,FRESH,FRESH,FRESH,FRESH,1,54.339224318147345,105.66077568185266,51.32155136370531,12.546728657960488,-65.48415325054722,407.14766596802815,37.250686,126.674964,37.254138,126.680626
115.44999999999558,3,ACTIVE,NOMINAL_CLOSED_LOOP,NOMINAL_CLOSED_LOOP,NONE,FRESH,FRESH,FRESH,FRESH,1,54.332555953818364,105.66744404618163,51.33488809236327,12.546728657960488,-65.48415325054722,407.14766596802815,37.250686,126.674964,37.254138,126.680626
115.49999999999558,3,ACTIVE,NOMINAL_CLOSED_LOOP,NOMINAL_CLOSED_LOOP,NONE,FRESH,FRESH,FRESH,FRESH,1,54.32588758948938,105.67411241051062,51.34822482102123,12.546728657960488,-65.48415325054722,407.14766596802815,37.250686,126.674964,37.254138,126.680626
115.54999999999558,3,ACTIVE,NOMINAL_CLOSED_LOOP,NOMINAL_CLOSED_LOOP,NONE,FRESH,FRESH,FRESH,FRESH,1,54.31921922516041,105.68078077483959,51.36156154967919,12.546728657960488,-65.48415325054722,407.14766596802815,37.250686,126.674964,37.254138,126.680626
115.59999999999557,3,ACTIVE,NOMINAL_FEEDFORWARD,NOMINAL_FEEDFORWARD,NONE,FRESH,FRESH,STALE,FRESH,1,58.760502903588666,101.23949709641133,42.47899419282267,10.978387575715427,-65.48415325054722,407.14766596802815,37.250686,126.674964,37.254138,126.680626
115.64999999999557,3,ACTIVE,NOMINAL_FEEDFORWARD,NOMINAL_FEEDFORWARD,NONE,FRESH,FRESH,STALE,FRESH,1,58.760502903588666,101.23949709641133,42.47899419282267,10.978387575715427,-65.48415325054722,407.14766596802815,37.250686,126.674964,37.254138,126.680626
115.69999999999557,3,ACTIVE,NOMINAL_FEEDFORWARD,NOMINAL_FEEDFORWARD,NONE,FRESH,FRESH,STALE,FRESH,1,58.760502903588666,101.23949709641133,42.47899419282267,10.978387575715427,-65.48415325054722,407.14766596802815,37.250686,126.674964,37.254138,126.680626
115.74999999999557,3,ACTIVE,NOMINAL_FEEDFORWARD,NOMINAL_FEEDFORWARD,NONE,FRESH,FRESH,STALE,FRESH,1,58.760502903588666,101.23949709641133,42.47899419282267,10.978387575715427,-65.48415325054722,407.14766596802815,37.250686,126.674964,37.254138,126.680626
115.79999999999556,3,ACTIVE,NOMINAL_FEEDFORWARD,NOMINAL_FEEDFORWARD,NONE,FRESH,FRESH,STALE,FRESH,1,58.760502903588666,101.23949709641133,42.47899419282267,10.978387575715427,-65.48415325054722,407.14766596802815,37.250686,126.674964,37.254138,126.680626
115.84999999999556,3,ACTIVE,NOMINAL_FEEDFORWARD,NOMINAL_FEEDFORWARD,NONE,FRESH,FRESH,STALE,FRESH,1,58.760502903588666,101.23949709641133,42.47899419282267,10.978387575715427,-65.48415325054722,407.14766596802815,37.250686,126.674964,37.254138,126.680626
115.89999999999556,3,ACTIVE,NOMINAL_FEEDFORWARD,NOMINAL_FEEDFORWARD,NONE,FRESH,FRESH,STALE,FRESH,1,58.760502903588666,101.23949709641133,42.47899419282267,10.978387575715427,-65.48415325054722,407.14766596802815,37.250686,126.674964,37.254138,126.680626
115.94999999999555,3,ACTIVE,NOMINAL_FEEDFORWARD,NOMINAL_FEEDFORWARD,NONE,FRESH,FRESH,STALE,FRESH,1,58.760502903588666,101.23949709641133,42.47899419282267,10.978387575715427,-65.48415325054722,407.14766596802815,37.250686,126.674964,37.254138,126.680626
115.99999999999555,3,ACTIVE,NOMINAL_FEEDFORWARD,NOMINAL_FEEDFORWARD,NONE,FRESH,FRESH,STALE,FRESH,1,58.760502903588666,101.23949709641133,42.47899419282267,10.978387575715427,-65.48415325054722,407.14766596802815,37.250686,126.674964,37.254138,126.680626
116.04999999999555,3,ACTIVE,NOMINAL_FEEDFORWARD,NOMINAL_FEEDFORWARD,NONE,FRESH,FRESH,STALE,STALE,1,58.760502903588666,101.23949709641133,42.47899419282267,10.978387575715427,-65.48415325054722,407.14766596802815,37.250686,126.674964,37.254138,126.680626
116.09999999999555,3,ACTIVE,NOMINAL_FEEDFORWARD,NOMINAL_FEEDFORWARD,NONE,FRESH,FRESH,STALE,STALE,1,58.760502903588666,101.23949709641133,42.47899419282267,10.978387575715427,-65.48415325054722,407.14766596802815,37.250686,126.674964,37.254138,126.680626
116.14999999999554,3,ACTIVE,NOMINAL_FEEDFORWARD,NOMINAL_FEEDFORWARD,NONE,FRESH,FRESH,STALE,STALE,1,58.760502903588666,101.23949709641133,42.47899419282267,10.978387575715427,-65.48415325054722,407.14766596802815,37.250686,126.674964,37.254138,126.680626
116.19999999999554,3,ACTIVE,NOMINAL_FEEDFORWARD,NOMINAL_FEEDFORWARD,NONE,FRESH,FRESH,STALE,STALE,1,58.760502903588666,101.23949709641133,42.47899419282267,10.978387575715427,-65.48415325054722,407.14766596802815,37.250686,126.674964,37.254138,126.680626
116.24999999999554,3,DEGRADED,DEGRADED_CLOSED_LOOP,DEGRADED_CLOSED_LOOP,NONE,FRESH,FRESHED,FRESH,FRESH,1,59.67958695327361,100.32041304672639,40.64082609345277,9.766973262440818,-65.48415325054722,407.14766596802815,37.250686,126.674964,37.254138,126.680626
116.29999999999553,3,DEGRADED,DEGRADED_CLOSED_LOOP,DEGRADED_CLOSED_LOOP,NONE,FRESH,FRESHED,FRESH,FRESH,1,59.6750134666424,100.3249865333576,40.64997306671521,9.766973262440818,-65.48415325054722,407.14766596802815,37.250686,126.674964,37.254138,126.680626
116.34999999999553,3,DEGRADED,DEGRADED_CLOSED_LOOP,DEGRADED_CLOSED_LOOP,NONE,FRESH,FRESHED,FRESH,FRESH,1,59.670439980011174,100.32956001998883,40.65912003997765,9.766973262440818,-65.48415325054722,407.14766596802815,37.250686,126.674964,37.254138,126.680626
116.39999999999553,3,DEGRADED,DEGRADED_CLOSED_LOOP,DEGRADED_CLOSED_LOOP,NONE,FRESH,FRESHED,FRESH,FRESH,1,59.66586649337995,100.33413350662005,40.66826701324009,9.766973262440818,-65.48415325054722,407.14766596802815,37.250686,126.674964,37.254138,126.680626
116.44999999999553,3,DEGRADED,DEGRADED_CLOSED_LOOP,DEGRADED_CLOSED_LOOP,NONE,FRESH,FRESHED,FRESH,FRESH,1,59.661293006748735,100.33870699325126,40.67741398650253,9.766973262440818,-65.48415325054722,407.14766596802815,37.250686,126.674964,37.254138,126.680626
116.49999999999552,3,DEGRADED,DEGRADED_CLOSED_LOOP,DEGRADED_CLOSED_LOOP,NONE,FRESH,FRESHED,FRESH,FRESH,1,59.65671952011751,100.34328047988248,40.686560959764975,9.766973262440818,-65.48415325054722,407.14766596802815,37.250686,126.674964,37.254138,126.680626
116.54999999999552,3,DEGRADED,DEGRADED_CLOSED_LOOP,DEGRADED_CLOSED_LOOP,NONE,FRESH,FRESHED,FRESH,FRESH,1,59.65214603348629,100.34785396651371,40.695707933027414,9.766973262440818,-65.48415325054722,407.14766596802815,37.250686,126.674964,37.254138,126.680626
116.59999999999552,3,DEGRADED,DEGRADED_FEEDFORWARD,DEGRADED_FEEDFORWARD,NONE,FRESH,FRESHED,STALE,FRESH,1,62.65214603348612,97.34785396651388,28.66641874651511,7.033604919995989,-65.48415325054722,407.14766596802815,37.250686,126.674964,37.254138,126.680626
116.64999999999552,3,DEGRADED,DEGRADED_FEEDFORWARD,DEGRADED_FEEDFORWARD,NONE,FRESH,FRESHED,STALE,FRESH,1,65.65214603348595,94.34785396651405,28.66641874651511,7.033604919995989,-65.48415325054722,407.14766596802815,37.250686,126.674964,37.254138,126.680626
116.69999999999551,3,DEGRADED,DEGRADED_FEEDFORWARD,DEGRADED_FEEDFORWARD,NONE,FRESH,FRESHED,STALE,FRESH,1,65.66679062674244,94.33320937325756,28.66641874651511,7.033604919995989,-65.48415325054722,407.14766596802815,37.250686,126.674964,37.254138,126.680626
116.74999999999551,3,DEGRADED,DEGRADED_FEEDFORWARD,DEGRADED_FEEDFORWARD,NONE,FRESH,FRESHED,STALE,FRESH,1,65.66679062674244,94.33320937325756,28.66641874651511,7.033604919995989,-65.48415325054722,407.14766596802815,37.250686,126.674964,37.254138,126.680626
116.7999999999955,3,DEGRADED,DEGRADED_FEEDFORWARD,DEGRADED_FEEDFORWARD,NONE,FRESH,FRESHED,STALE,FRESH,1,65.66679062674244,94.33320937325756,28.66641874651511,7.033604919995989,-65.48415325054722,407.14766596802815,37.250686,126.674964,37.254138,126.680626
116.8499999999955,3,DEGRADED,DEGRADED_FEEDFORWARD,DEGRADED_FEEDFORWARD,NONE,FRESH,FRESHED,STALE,FRESH,1,65.66679062674244,94.33320937325756,28.66641874651511,7.033604919995989,-65.48415325054722,407.14766596802815,37.250686,126.674964,37.254138,126.680626
116.8999999999955,3,DEGRADED,DEGRADED_FEEDFORWARD,DEGRADED_FEEDFORWARD,NONE,FRESH,FRESHED,STALE,FRESH,1,65.66679062674244,94.33320937325756,28.66641874651511,7.033604919995989,-65.48415325054722,407.14766596802815,37.250686,126.674964,37.254138,126.680626
116.9499999999955,3,DEGRADED,DEGRADED_FEEDFORWARD,DEGRADED_FEEDFORWARD,NONE,FRESH,FRESHED,STALE,FRESH,1,65.66679062674244,94.33320937325756,28.66641874651511,7.033604919995989,-65.48415325054722,407.14766596802815,37.250686,126.674964,37.254138,126.680626
116.9999999999955,3,DEGRADED,DEGRADED_FEEDFORWARD,DEGRADED_FEEDFORWARD,NONE,FRESH,FRESHED,STALE,FRESH,1,65.66679062674244,94.33320937325756,28.66641874651511,7.033604919995989,-65.48415325054722,407.14766596802815,37.250686,126.674964,37.254138,126.680626
117.04999999999549,3,DEGRADED,DEGRADED_FEEDFORWARD,DEGRADED_FEEDFORWARD,NONE,FRESH,FRESHED,STALE,STALE,1,65.66679062674244,94.33320937325756,28.66641874651511,7.033604919995989,-65.48415325054722,407.14766596802815,37.250686,126.674964,37.254138,126.680626
117.09999999999549,3,DEGRADED,DEGRADED_FEEDFORWARD,DEGRADED_FEEDFORWARD,NONE,FRESH,FRESHED,STALE,STALE,1,65.66679062674244,94.33320937325756,28.66641874651511,7.033604919995989,-65.48415325054722,407.14766596802815,37.250686,126.674964,37.254138,126.680626
117.14999999999549,3,DEGRADED,DEGRADED_FEEDFORWARD,DEGRADED_FEEDFORWARD,NONE,FRESH,FRESHED,STALE,STALE,1,65.66679062674244,94.33320937325756,28.66641874651511,7.033604919995989,-65.48415325054722,407.14766596802815,37.250686,126.674964,37.254138,126.680626
117.19999999999548,3,DEGRADED,DEGRADED_FEEDFORWARD,DEGRADED_FEEDFORWARD,NONE,FRESH,FRESHED,STALE,STALE,1,65.66679062674244,94.33320937325756,28.66641874651511,7.033604919995989,-65.48415325054722,407.14766596802815,37.250686,126.674964,37.254138,126.680626
117.24999999999548,3,DEGRADED,DEGRADED_CLOSED_LOOP,DEGRADED_CLOSED_LOOP,NONE,FRESH,FRESHED,FRESH,FRESH,1,62.16679062674264,97.83320937325736,67.4932934270405,20.214483048995987,-65.48415325054722,407.14766596802815,37.250686,126.674964,37.254138,126.680626
117.29999999999548,3,DEGRADED,DEGRADED_CLOSED_LOOP,DEGRADED_CLOSED_LOOP,NONE,FRESH,FRESHED,FRESH,FRESH,1,58.66679062674284,101.33320937325716,67.51298791008949,20.214483048995987,-65.48415325054722,407.14766596802815,37.250686,126.674964,37.254138,126.680626
117.34999999999548,3,DEGRADED,DEGRADED_CLOSED_LOOP,DEGRADED_CLOSED_LOOP,NONE,FRESH,FRESHED,FRESH,FRESH,1,55.16679062674304,104.83320937325696,67.53268239313849,20.214483048995987,-65.48415325054722,407.14766596802815,37.250686,126.674964,37.254138,126.680626
117.39999999999547,3,DEGRADED,DEGRADED_CLOSED_LOOP,DEGRADED_CLOSED_LOOP,NONE,FRESH,FRESHED,FRESH,FRESH,1,51.666790626743236,108.33320937325676,67.55237687618748,20.214483048995987,-65.48415325054722,407.14766596802815,37.250686,126.674964,37.254138,126.680626
117.44999999999547,3,DEGRADED,DEGRADED_CLOSED_LOOP,DEGRADED_CLOSED_LOOP,NONE,FRESH,FRESHED,FRESH,FRESH,1,48.166790626743435,111.83320937325657,67.57207135923647,20.214483048995987,-65.48415325054722,407.14766596802815,37.250686,126.674964,37.254138,126.680626
117.49999999999547,3,DEGRADED,DEGRADED_CLOSED_LOOP,DEGRADED_CLOSED_LOOP,NONE,FRESH,FRESHED,FRESH,FRESH,1,46.204117078857266,113.79588292114273,67.59176584228547,20.214483048995987,-65.48415325054722,407.14766596802815,37.250686,126.674964,37.254138,126.680626
117.54999999999546,3,DEGRADED,DEGRADED_CLOSED_LOOP,DEGRADED_CLOSED_LOOP,NONE,FRESH,FRESHED,FRESH,FRESH,1,46.19426983733277,113.80573016266723,67.61146032533446,20.214483048995987,-65.48415325054722,407.14766596802815,37.250686,126.674964,37.254138,126.680626
117.59999999999546,3,DEGRADED,DEGRADED_FEEDFORWARD,DEGRADED_FEEDFORWARD,NONE,FRESH,FRESHED,STALE,FRESH,1,49.1942698373326,110.8057301626674,36.81759057772469,10.657823472986781,-65.48415325054722,407.14766596802815,37.250686,126.674964,37.254138,126.680626
117.64999999999546,3,DEGRADED,DEGRADED_FEEDFORWARD,DEGRADED_FEEDFORWARD,NONE,FRESH,FRESHED,STALE,FRESH,1,52.19426983733243,107.80573016266757,36.81759057772469,10.657823472986781,-65.48415325054722,407.14766596802815,37.250686,126.674964,37.254138,126.680626
117.69999999999546,3,DEGRADED,DEGRADED_FEEDFORWARD,DEGRADED_FEEDFORWARD,NONE,FRESH,FRESHED,STALE,FRESH,1,55.19426983733226,104.80573016266774,36.81759057772469,10.657823472986781,-65.48415325054722,407.14766596802815,37.250686,126.674964,37.254138,126.680626
117.74999999999545,3,DEGRADED,DEGRADED_FEEDFORWARD,DEGRADED_FEEDFORWARD,NONE,FRESH,FRESHED,STALE,FRESH,1,58.19426983733209,101.80573016266791,36.81759057772469,10.657823472986781,-65.48415325054722,407.14766596802815,37.250686,126.674964,37.254138,126.680626
117.79999999999545,3,DEGRADED,DEGRADED_FEEDFORWARD,DEGRADED_FEEDFORWARD,NONE,FRESH,FRESHED,STALE,FRESH,1,61.194269837331916,98.80573016266808,36.81759057772469,10.657823472986781,-65.48415325054722,407.14766596802815,37.250686,126.674964,37.254138,126.680626
117.84999999999545,3,DEGRADED,DEGRADED_FEEDFORWARD,DEGRADED_FEEDFORWARD,NONE,FRESH,FRESHED,STALE,FRESH,1,61.59120471113766,98.40879528886234,36.81759057772469,10.657823472986781,-65.48415325054722,407.14766596802815,37.250686,126.674964,37.254138,126.680626
117.89999999999544,3,DEGRADED,DEGRADED_FEEDFORWARD,DEGRADED_FEEDFORWARD,NONE,FRESH,FRESHED,STALE,FRESH,1,61.59120471113766,98.40879528886234,36.81759057772469,10.657823472986781,-65.48415325054722,407.14766596802815,37.250686,126.674964,37.254138,126.680626
117.94999999999544,3,DEGRADED,DEGRADED_FEEDFORWARD,DEGRADED_FEEDFORWARD,NONE,FRESH,FRESHED,STALE,FRESH,1,61.59120471113766,98.40879528886234,36.81759057772469,10.657823472986781,-65.48415325054722,407.14766596802815,37.250686,126.674964,37.254138,126.680626
117.99999999999544,3,DEGRADED,DEGRADED_FEEDFORWARD,DEGRADED_FEEDFORWARD,NONE,FRESH,FRESHED,STALE,FRESH,1,61.59120471113766,98.40879528886234,36.81759057772469,10.657823472986781,-65.48415325054722,407.14766596802815,37.250686,126.674964,37.254138,126.680626
118.04999999999544,3,DEGRADED,DEGRADED_FEEDFORWARD,DEGRADED_FEEDFORWARD,NONE,FRESH,FRESHED,STALE,STALE,1,61.59120471113766,98.40879528886234,36.81759057772469,10.657823472986781,-65.48415325054722,407.14766596802815,37.250686,126.674964,37.254138,126.680626
118.09999999999543,3,DEGRADED,DEGRADED_FEEDFORWARD,DEGRADED_FEEDFORWARD,NONE,FRESH,FRESHED,STALE,STALE,1,61.59120471113766,98.40879528886234,36.81759057772469,10.657823472986781,-65.48415325054722,407.14766596802815,37.250686,126.674964,37.254138,126.680626
118.14999999999543,3,DEGRADED,DEGRADED_FEEDFORWARD,DEGRADED_FEEDFORWARD,NONE,FRESH,FRESHED,STALE,STALE,1,61.59120471113766,98.40879528886234,36.81759057772469,10.657823472986781,-65.48415325054722,407.14766596802815,37.250686,126.674964,37.254138,126.680626
118.19999999999543,3,DEGRADED,DEGRADED_FEEDFORWARD,DEGRADED_FEEDFORWARD,NONE,FRESH,FRESHED,STALE,STALE,1,61.59120471113766,98.40879528886234,36.81759057772469,10.657823472986781,-65.48415325054722,407.14766596802815,37.250686,126.674964,37.254138,126.680626
118.24999999999542,3,ACTIVE,NOMINAL_CLOSED_LOOP,NOMINAL_CLOSED_LOOP,NONE,FRESH,FRESH,FRESH,FRESH,1,59.87054026096576,100.12945973903425,40.25891947806848,8.82538785257218,-56.36347783345255,431.4905500104055,37.250686,126.674964,37.254138,126.680626
118.29999999999542,3,ACTIVE,NOMINAL_CLOSED_LOOP,NOMINAL_CLOSED_LOOP,NONE,FRESH,FRESH,FRESH,FRESH,1,59.86615256703948,100.13384743296052,40.26769486592105,8.82538785257218,-56.36347783345255,431.4905500104055,37.250686,126.674964,37.254138,126.680626
118.34999999999542,3,ACTIVE,NOMINAL_CLOSED_LOOP,NOMINAL_CLOSED_LOOP,NONE,FRESH,FRESH,FRESH,FRESH,1,59.86176487311319,100.13823512688681,40.276470253773624,8.82538785257218,-56.36347783345255,431.4905500104055,37.250686,126.674964,37.254138,126.680626
118.39999999999542,3,ACTIVE,NOMINAL_CLOSED_LOOP,NOMINAL_CLOSED_LOOP,NONE,FRESH,FRESH,FRESH,FRESH,1,59.8573771791869,100.1426228208131,40.2852456416262,8.82538785257218,-56.36347783345255,431.4905500104055,37.250686,126.674964,37.254138,126.680626
118.44999999999541,3,ACTIVE,NOMINAL_CLOSED_LOOP,NOMINAL_CLOSED_LOOP,NONE,FRESH,FRESH,FRESH,FRESH,1,59.85298948526062,100.14701051473938,40.29402102947876,8.82538785257218,-56.36347783345255,431.4905500104055,37.250686,126.674964,37.254138,126.680626
118.49999999999541,3,ACTIVE,NOMINAL_CLOSED_LOOP,NOMINAL_CLOSED_LOOP,NONE,FRESH,FRESH,FRESH,FRESH,1,59.84860179133433,100.15139820866567,40.302796417331336,8.82538785257218,-56.36347783345255,431.4905500104055,37.250686,126.674964,37.254138,126.680626
118.5499999999954,3,ACTIVE,NOMINAL_CLOSED_LOOP,NOMINAL_CLOSED_LOOP,NONE,FRESH,FRESH,FRESH,FRESH,1,59.84421409740804,100.15578590259196,40.31157180518391,8.82538785257218,-56.36347783345255,431.4905500104055,37.250686,126.674964,37.254138,126.680626
118.5999999999954,3,ACTIVE,NOMINAL_FEEDFORWARD,NOMINAL_FEEDFORWARD,NONE,FRESH,FRESH,STALE,FRESH,1,62.989702471543836,97.01029752845616,34.020595056912335,7.722214371000657,-56.36347783345255,431.4905500104055,37.250686,126.674964,37.254138,126.680626
118.6499999999954,3,ACTIVE,NOMINAL_FEEDFORWARD,NOMINAL_FEEDFORWARD,NONE,FRESH,FRESH,STALE,FRESH,1,62.989702471543836,97.01029752845616,34.020595056912335,7.722214371000657,-56.36347783345255,431.4905500104055,37.250686,126.674964,37.254138,126.680626
118.6999999999954,3,ACTIVE,NOMINAL_FEEDFORWARD,NOMINAL_FEEDFORWARD,NONE,FRESH,FRESH,STALE,FRESH,1,62.989702471543836,97.01029752845616,34.020595056912335,7.722214371000657,-56.36347783345255,431.4905500104055,37.250686,126.674964,37.254138,126.680626
118.7499999999954,3,ACTIVE,NOMINAL_FEEDFORWARD,NOMINAL_FEEDFORWARD,NONE,FRESH,FRESH,STALE,FRESH,1,62.989702471543836,97.01029752845616,34.020595056912335,7.722214371000657,-56.36347783345255,431.4905500104055,37.250686,126.674964,37.254138,126.680626
118.79999999999539,3,ACTIVE,NOMINAL_FEEDFORWARD,NOMINAL_FEEDFORWARD,NONE,FRESH,FRESH,STALE,FRESH,1,62.989702471543836,97.01029752845616,34.020595056912335,7.722214371000657,-56.36347783345255,431.4905500104055,37.250686,126.674964,37.254138,126.680626
118.84999999999539,3,ACTIVE,NOMINAL_FEEDFORWARD,NOMINAL_FEEDFORWARD,NONE,FRESH,FRESH,STALE,FRESH,1,62.989702471543836,97.01029752845616,34.020595056912335,7.722214371000657,-56.36347783345255,431.4905500104055,37.250686,126.674964,37.254138,126.680626
118.89999999999539,3,ACTIVE,NOMINAL_FEEDFORWARD,NOMINAL_FEEDFORWARD,NONE,FRESH,FRESH,STALE,FRESH,1,62.989702471543836,97.01029752845616,34.020595056912335,7.722214371000657,-56.36347783345255,431.4905500104055,37.250686,126.674964,37.254138,126.680626
118.94999999999538,3,ACTIVE,NOMINAL_FEEDFORWARD,NOMINAL_FEEDFORWARD,NONE,FRESH,FRESH,STALE,FRESH,1,62.989702471543836,97.01029752845616,34.020595056912335,7.722214371000657,-56.36347783345255,431.4905500104055,37.250686,126.674964,37.254138,126.680626
118.99999999999538,3,ACTIVE,NOMINAL_FEEDFORWARD,NOMINAL_FEEDFORWARD,NONE,FRESH,FRESH,STALE,FRESH,1,62.989702471543836,97.01029752845616,34.020595056912335,7.722214371000657,-56.36347783345255,431.4905500104055,37.250686,126.674964,37.254138,126.680626
119.04999999999538,3,ACTIVE,NOMINAL_FEEDFORWARD,NOMINAL_FEEDFORWARD,NONE,FRESH,FRESH,STALE,STALE,1,62.989702471543836,97.01029752845616,34.020595056912335,7.722214371000657,-56.36347783345255,431.4905500104055,37.250686,126.674964,37.254138,126.680626
119.09999999999538,3,ACTIVE,NOMINAL_FEEDFORWARD,NOMINAL_FEEDFORWARD,NONE,FRESH,FRESH,STALE,STALE,1,62.989702471543836,97.01029752845616,34.020595056912335,7.722214371000657,-56.36347783345255,431.4905500104055,37.250686,126.674964,37.254138,126.680626
119.14999999999537,3,ACTIVE,NOMINAL_FEEDFORWARD,NOMINAL_FEEDFORWARD,NONE,FRESH,FRESH,STALE,STALE,1,62.989702471543836,97.01029752845616,34.020595056912335,7.722214371000657,-56.36347783345255,431.4905500104055,37.250686,126.674964,37.254138,126.680626
119.19999999999537,3,ACTIVE,NOMINAL_FEEDFORWARD,NOMINAL_FEEDFORWARD,NONE,FRESH,FRESH,STALE,STALE,1,62.989702471543836,97.01029752845616,34.020595056912335,7.722214371000657,-56.36347783345255,431.4905500104055,37.250686,126.674964,37.254138,126.680626
119.24999999999537,3,DEGRADED,DEGRADED_CLOSED_LOOP,DEGRADED_CLOSED_LOOP,NONE,FRESH,FRESHED,FRESH,FRESH,1,59.489702471544035,100.51029752845596,58.6288341751216,16.53053007366483,-56.36347783345255,431.4905500104055,37.250686,126.674964,37.254138,126.680626
119.29999999999536,3,DEGRADED,DEGRADED_CLOSED_LOOP,DEGRADED_CLOSED_LOOP,NONE,FRESH,FRESHED,FRESH,FRESH,1,55.989702471544234,104.01029752845577,58.64548470519526,16.53053007366483,-56.36347783345255,431.4905500104055,37.250686,126.674964,37.254138,126.680626
119.34999999999536,3,DEGRADED,DEGRADED_CLOSED_LOOP,DEGRADED_CLOSED_LOOP,NONE,FRESH,FRESHED,FRESH,FRESH,1,52.48970247154443,107.51029752845557,58.66213523526893,16.53053007366483,-56.36347783345255,431.4905500104055,37.250686,126.674964,37.254138,126.680626
119.39999999999536,3,DEGRADED,DEGRADED_CLOSED_LOOP,DEGRADED_CLOSED_LOOP,NONE,FRESH,FRESHED,FRESH,FRESH,1,50.66060711732871,109.33939288267129,58.67878576534259,16.53053007366483,-56.36347783345255,431.4905500104055,37.250686,126.674964,37.254138,126.680626
119.44999999999536,3,DEGRADED,DEGRADED_CLOSED_LOOP,DEGRADED_CLOSED_LOOP,NONE,FRESH,FRESHED,FRESH,FRESH,1,50.65228185229187,109.34771814770812,58.69543629541626,16.53053007366483,-56.36347783345255,431.4905500104055,37.250686,126.674964,37.254138,126.680626
119.49999999999535,3,DEGRADED,DEGRADED_CLOSED_LOOP,DEGRADED_CLOSED_LOOP,NONE,FRESH,FRESHED,FRESH,FRESH,1,50.64395658725504,109.35604341274495,58.71208682548992,16.53053007366483,-56.36347783345255,431.4905500104055,37.250686,126.674964,37.254138,126.680626
119.54999999999535,3,DEGRADED,DEGRADED_CLOSED_LOOP,DEGRADED_CLOSED_LOOP,NONE,FRESH,FRESHED,FRESH,FRESH,1,50.63563132221821,109.36436867778178,58.72873735556358,16.53053007366483,-56.36347783345255,431.4905500104055,37.250686,126.674964,37.254138,126.680626
119.59999999999535,3,DEGRADED,DEGRADED_FEEDFORWARD,DEGRADED_FEEDFORWARD,NONE,FRESH,FRESHED,STALE,FRESH,1,53.63563132221804,106.36436867778195,31.135200524478513,8.09912355269165,-56.36347783345255,431.4905500104055,37.250686,126.674964,37.254138,126.680626
119.64999999999534,3,DEGRADED,DEGRADED_FEEDFORWARD,DEGRADED_FEEDFORWARD,NONE,FRESH,FRESHED,STALE,FRESH,1,56.63563132221787,103.36436867778212,31.135200524478513,8.09912355269165,-56.36347783345255,431.4905500104055,37.250686,126.674964,37.254138,126.680626
119.69999999999534,3,DEGRADED,DEGRADED_FEEDFORWARD,DEGRADED_FEEDFORWARD,NONE,FRESH,FRESHED,STALE,FRESH,1,59.6356313222177,100.3643686777823,31.135200524478513,8.09912355269165,-56.36347783345255,431.4905500104055,37.250686,126.674964,37.254138,126.680626
119.74999999999534,3,DEGRADED,DEGRADED_FEEDFORWARD,DEGRADED_FEEDFORWARD,NONE,FRESH,FRESHED,STALE,FRESH,1,62.63563132221753,97.36436867778247,31.135200524478513,8.09912355269165,-56.36347783345255,431.4905500104055,37.250686,126.674964,37.254138,126.680626
119.79999999999534,3,DEGRADED,DEGRADED_FEEDFORWARD,DEGRADED_FEEDFORWARD,NONE,FRESH,FRESHED,STALE,FRESH,1,64.43239973776075,95.56760026223925,31.135200524478513,8.09912355269165,-56.36347783345255,431.4905500104055,37.250686,126.674964,37.254138,126.680626
119.84999999999533,3,DEGRADED,DEGRADED_FEEDFORWARD,DEGRADED_FEEDFORWARD,NONE,FRESH,FRESHED,STALE,FRESH,1,64.43239973776075,95.56760026223925,31.135200524478513,8.09912355269165,-56.36347783345255,431.4905500104055,37.250686,126.674964,37.254138,126.680626
119.89999999999533,3,DEGRADED,DEGRADED_FEEDFORWARD,DEGRADED_FEEDFORWARD,NONE,FRESH,FRESHED,STALE,FRESH,1,64.43239973776075,95.56760026223925,31.135200524478513,8.09912355269165,-56.36347783345255,431.4905500104055,37.250686,126.674964,37.254138,126.680626
119.94999999999533,3,DEGRADED,DEGRADED_FEEDFORWARD,DEGRADED_FEEDFORWARD,NONE,FRESH,FRESHED,STALE,FRESH,1,64.43239973776075,95.56760026223925,31.135200524478513,8.09912355269165,-56.36347783345255,431.4905500104055,37.250686,126.674964,37.254138,126.680626
119.99999999999532,3,DEGRADED,DEGRADED_FEEDFORWARD,DEGRADED_FEEDFORWARD,NONE,FRESH,FRESHED,STALE,FRESH,1,64.43239973776075,95.56760026223925,31.135200524478513,8.09912355269165,-56.36347783345255,431.4905500104055,37.250686,126.674964,37.254138,126.680626
120.04999999999532,3,DEGRADED,DEGRADED_FEEDFORWARD,DEGRADED_FEEDFORWARD,NONE,FRESH,FRESHED,STALE,STALE,1,64.43239973776075,95.56760026223925,31.135200524478513,8.09912355269165,-56.36347783345255,431.4905500104055,37.250686,126.674964,37.254138,126.680626
120.09999999999532,3,DEGRADED,DEGRADED_FEEDFORWARD,DEGRADED_FEEDFORWARD,NONE,FRESH,FRESHED,STALE,STALE,1,64.43239973776075,95.56760026223925,31.135200524478513,8.09912355269165,-56.36347783345255,431.4905500104055,37.250686,126.674964,37.254138,126.680626
120.14999999999532,3,DEGRADED,DEGRADED_FEEDFORWARD,DEGRADED_FEEDFORWARD,NONE,FRESH,FRESHED,STALE,STALE,1,64.43239973776075,95.56760026223925,31.135200524478513,8.09912355269165,-56.36347783345255,431.4905500104055,37.250686,126.674964,37.254138,126.680626
120.19999999999531,3,DEGRADED,DEGRADED_FEEDFORWARD,DEGRADED_FEEDFORWARD,NONE,FRESH,FRESHED,STALE,STALE,1,64.43239973776075,95.56760026223925,31.135200524478513,8.09912355269165,-56.36347783345255,431.4905500104055,37.250686,126.674964,37.254138,126.680626
120.24999999999531,3,ACTIVE,NOMINAL_CLOSED_LOOP,NOMINAL_CLOSED_LOOP,NONE,FRESH,FRESH,FRESH,FRESH,1,59.43239973776103,100.56760026223897,67.61601461306887,18.673823648460075,-52.03023870110488,442.9997587836692,37.250686,126.674964,37.254138,126.680626
120.29999999999531,3,ACTIVE,NOMINAL_CLOSED_LOOP,NOMINAL_CLOSED_LOOP,NONE,FRESH,FRESH,FRESH,FRESH,1,54.432399737761315,105.56760026223868,67.63472843671732,18.673823648460075,-52.03023870110488,442.9997587836692,37.250686,126.674964,37.254138,126.680626
120.3499999999953,3,ACTIVE,NOMINAL_CLOSED_LOOP,NOMINAL_CLOSED_LOOP,NONE,FRESH,FRESH,FRESH,FRESH,1,49.4323997377616,110.5676002622384,67.6534422603658,18.673823648460075,-52.03023870110488,442.9997587836692,37.250686,126.674964,37.254138,126.680626
120.3999999999953,3,ACTIVE,NOMINAL_CLOSED_LOOP,NOMINAL_CLOSED_LOOP,NONE,FRESH,FRESH,FRESH,FRESH,1,46.163921957992876,113.83607804200713,67.67215608401425,18.673823648460075,-52.03023870110488,442.9997587836692,37.250686,126.674964,37.254138,126.680626
120.4499999999953,3,ACTIVE,NOMINAL_CLOSED_LOOP,NOMINAL_CLOSED_LOOP,NONE,FRESH,FRESH,FRESH,FRESH,1,46.15456504616865,113.84543495383136,67.6908699076627,18.673823648460075,-52.03023870110488,442.9997587836692,37.250686,126.674964,37.254138,126.680626
120.4999999999953,3,ACTIVE,NOMINAL_CLOSED_LOOP,NOMINAL_CLOSED_LOOP,NONE,FRESH,FRESH,FRESH,FRESH,1,46.145208134344415,113.85479186565559,67.70958373131117,18.673823648460075,-52.03023870110488,442.9997587836692,37.250686,126.674964,37.254138,126.680626
120.5499999999953,3,ACTIVE,NOMINAL_CLOSED_LOOP,NOMINAL_CLOSED_LOOP,NONE,FRESH,FRESH,FRESH,FRESH,1,46.13585122252019,113.86414877747981,67.72829755495962,18.673823648460075,-52.03023870110488,442.9997587836692,37.250686,126.674964,37.254138,126.680626
120.59999999999529,3,ACTIVE,NOMINAL_FEEDFORWARD,NOMINAL_FEEDFORWARD,NONE,FRESH,FRESH,STALE,FRESH,1,50.63585122251993,109.36414877748007,55.39328214562166,16.339595692402565,-52.03023870110488,442.9997587836692,37.250686,126.674964,37.254138,126.680626
120.64999999999529,3,ACTIVE,NOMINAL_FEEDFORWARD,NOMINAL_FEEDFORWARD,NONE,FRESH,FRESH,STALE,FRESH,1,52.303358927189166,107.69664107281083,55.39328214562166,16.339595692402565,-52.03023870110488,442.9997587836692,37.250686,126.674964,37.254138,126.680626
120.69999999999528,3,ACTIVE,NOMINAL_FEEDFORWARD,NOMINAL_FEEDFORWARD,NONE,FRESH,FRESH,STALE,FRESH,1,52.303358927189166,107.69664107281083,55.39328214562166,16.339595692402565,-52.03023870110488,442.9997587836692,37.250686,126.674964,37.254138,126.680626
120.74999999999528,3,ACTIVE,NOMINAL_FEEDFORWARD,NOMINAL_FEEDFORWARD,NONE,FRESH,FRESH,STALE,FRESH,1,52.303358927189166,107.69664107281083,55.39328214562166,16.339595692402565,-52.03023870110488,442.9997587836692,37.250686,126.674964,37.254138,126.680626
120.79999999999528,3,ACTIVE,NOMINAL_FEEDFORWARD,NOMINAL_FEEDFORWARD,NONE,FRESH,FRESH,STALE,FRESH,1,52.303358927189166,107.69664107281083,55.39328214562166,16.339595692402565,-52.03023870110488,442.9997587836692,37.250686,126.674964,37.254138,126.680626
120.84999999999528,3,ACTIVE,NOMINAL_FEEDFORWARD,NOMINAL_FEEDFORWARD,NONE,FRESH,FRESH,STALE,FRESH,1,52.303358927189166,107.69664107281083,55.39328214562166,16.339595692402565,-52.03023870110488,442.9997587836692,37.250686,126.674964,37.254138,126.680626
120.89999999999527,3,ACTIVE,NOMINAL_FEEDFORWARD,NOMINAL_FEEDFORWARD,NONE,FRESH,FRESH,STALE,FRESH,1,52.303358927189166,107.69664107281083,55.39328214562166,16.339595692402565,-52.03023870110488,442.9997587836692,37.250686,126.674964,37.254138,126.680626
120.94999999999527,3,ACTIVE,NOMINAL_FEEDFORWARD,NOMINAL_FEEDFORWARD,NONE,FRESH,FRESH,STALE,FRESH,1,52.303358927189166,107.69664107281083,55.39328214562166,16.339595692402565,-52.03023870110488,442.9997587836692,37.250686,126.674964,37.254138,126.680626
120.99999999999527,3,ACTIVE,NOMINAL_FEEDFORWARD,NOMINAL_FEEDFORWARD,NONE,FRESH,FRESH,STALE,FRESH,1,52.303358927189166,107.69664107281083,55.39328214562166,16.339595692402565,-52.03023870110488,442.9997587836692,37.250686,126.674964,37.254138,126.680626
121.04999999999526,3,ACTIVE,NOMINAL_FEEDFORWARD,NOMINAL_FEEDFORWARD,NONE,FRESH,FRESH,STALE,STALE,1,52.303358927189166,107.69664107281083,55.39328214562166,16.339595692402565,-52.03023870110488,442.9997587836692,37.250686,126.674964,37.254138,126.680626
121.09999999999526,3,ACTIVE,NOMINAL_FEEDFORWARD,NOMINAL_FEEDFORWARD,NONE,FRESH,FRESH,STALE,STALE,1,52.303358927189166,107.69664107281083,55.39328214562166,16.339595692402565,-52.03023870110488,442.9997587836692,37.250686,126.674964,37.254138,126.680626
121.14999999999526,3,ACTIVE,NOMINAL_FEEDFORWARD,NOMINAL_FEEDFORWARD,NONE,FRESH,FRESH,STALE,STALE,1,52.303358927189166,107.69664107281083,55.39328214562166,16.339595692402565,-52.03023870110488,442.9997587836692,37.250686,126.674964,37.254138,126.680626
121.19999999999526,3,ACTIVE,NOMINAL_FEEDFORWARD,NOMINAL_FEEDFORWARD,NONE,FRESH,FRESH,STALE,STALE,1,52.303358927189166,107.69664107281083,55.39328214562166,16.339595692402565,-52.03023870110488,442.9997587836692,37.250686,126.674964,37.254138,126.680626
121.24999999999525,3,DEGRADED,DEGRADED_CLOSED_LOOP,DEGRADED_CLOSED_LOOP,NONE,FRESH,FRESHED,FRESH,FRESH,1,55.80335892718897,104.19664107281103,44.79673873562475,11.221749654165695,-52.03023870110488,442.9997587836692,37.250686,126.674964,37.254138,126.680626
121.29999999999525,3,DEGRADED,DEGRADED_CLOSED_LOOP,DEGRADED_CLOSED_LOOP,NONE,FRESH,FRESHED,FRESH,FRESH,1,57.596089757360545,102.40391024263945,44.80782048527892,11.221749654165695,-52.03023870110488,442.9997587836692,37.250686,126.674964,37.254138,126.680626
121.34999999999525,3,DEGRADED,DEGRADED_CLOSED_LOOP,DEGRADED_CLOSED_LOOP,NONE,FRESH,FRESHED,FRESH,FRESH,1,57.59054888253346,102.40945111746655,44.81890223493308,11.221749654165695,-52.03023870110488,442.9997587836692,37.250686,126.674964,37.254138,126.680626
121.39999999999525,3,DEGRADED,DEGRADED_CLOSED_LOOP,DEGRADED_CLOSED_LOOP,NONE,FRESH,FRESHED,FRESH,FRESH,1,57.58500800770638,102.41499199229362,44.829983984587244,11.221749654165695,-52.03023870110488,442.9997587836692,37.250686,126.674964,37.254138,126.680626
121.44999999999524,3,DEGRADED,DEGRADED_CLOSED_LOOP,DEGRADED_CLOSED_LOOP,NONE,FRESH,FRESHED,FRESH,FRESH,1,57.579467132879294,102.4205328671207,44.84106573424141,11.221749654165695,-52.03023870110488,442.9997587836692,37.250686,126.674964,37.254138,126.680626
121.49999999999524,3,DEGRADED,DEGRADED_CLOSED_LOOP,DEGRADED_CLOSED_LOOP,NONE,FRESH,FRESHED,FRESH,FRESH,1,57.57392625805221,102.42607374194779,44.85214748389558,11.221749654165695,-52.03023870110488,442.9997587836692,37.250686,126.674964,37.254138,126.680626
121.54999999999524,3,DEGRADED,DEGRADED_CLOSED_LOOP,DEGRADED_CLOSED_LOOP,NONE,FRESH,FRESHED,FRESH,FRESH,1,57.568385383225134,102.43161461677487,44.86322923354974,11.221749654165695,-52.03023870110488,442.9997587836692,37.250686,126.674964,37.254138,126.680626
121.59999999999523,3,DEGRADED,DEGRADED_FEEDFORWARD,DEGRADED_FEEDFORWARD,NONE,FRESH,FRESHED,STALE,FRESH,1,60.568385383224964,99.43161461677504,24.73026879954774,5.4010113188851445,-52.03023870110488,442.9997587836692,37.250686,126.674964,37.254138,126.680626
121.64999999999523,3,DEGRADED,DEGRADED_FEEDFORWARD,DEGRADED_FEEDFORWARD,NONE,FRESH,FRESHED,STALE,FRESH,1,63.56838538322479,96.4316146167752,24.73026879954774,5.4010113188851445,-52.03023870110488,442.9997587836692,37.250686,126.674964,37.254138,126.680626
121.69999999999523,3,DEGRADED,DEGRADED_FEEDFORWARD,DEGRADED_FEEDFORWARD,NONE,FRESH,FRESHED,STALE,FRESH,1,66.56838538322462,93.43161461677538,24.73026879954774,5.4010113188851445,-52.03023870110488,442.9997587836692,37.250686,126.674964,37.254138,126.680626
121.74999999999523,3,DEGRADED,DEGRADED_FEEDFORWARD,DEGRADED_FEEDFORWARD,NONE,FRESH,FRESHED,STALE,FRESH,1,67.63486560022614,92.36513439977386,24.73026879954774,5.4010113188851445,-52.03023870110488,442.9997587836692,37.250686,126.674964,37.254138,126.680626
121.79999999999522,3,DEGRADED,DEGRADED_FEEDFORWARD,DEGRADED_FEEDFORWARD,NONE,FRESH,FRESHED,STALE,FRESH,1,67.63486560022614,92.36513439977386,24.73026879954774,5.4010113188851445,-52.03023870110488,442.9997587836692,37.250686,126.674964,37.254138,126.680626
121.84999999999522,3,DEGRADED,DEGRADED_FEEDFORWARD,DEGRADED_FEEDFORWARD,NONE,FRESH,FRESHED,STALE,FRESH,1,67.63486560022614,92.36513439977386,24.73026879954774,5.4010113188851445,-52.03023870110488,442.9997587836692,37.250686,126.674964,37.254138,126.680626
121.89999999999522,3,DEGRADED,DEGRADED_FEEDFORWARD,DEGRADED_FEEDFORWARD,NONE,FRESH,FRESHED,STALE,FRESH,1,67.63486560022614,92.36513439977386,24.73026879954774,5.4010113188851445,-52.03023870110488,442.9997587836692,37.250686,126.674964,37.254138,126.680626
121.94999999999521,3,DEGRADED,DEGRADED_FEEDFORWARD,DEGRADED_FEEDFORWARD,NONE,FRESH,FRESHED,STALE,FRESH,1,67.63486560022614,92.36513439977386,24.73026879954774,5.4010113188851445,-52.03023870110488,442.9997587836692,37.250686,126.674964,37.254138,126.680626
121.99999999999521,3,DEGRADED,DEGRADED_FEEDFORWARD,DEGRADED_FEEDFORWARD,NONE,FRESH,FRESHED,STALE,FRESH,1,67.63486560022614,92.36513439977386,24.73026879954774,5.4010113188851445,-52.03023870110488,442.9997587836692,37.250686,126.674964,37.254138,126.680626
122.04999999999521,3,DEGRADED,DEGRADED_FEEDFORWARD,DEGRADED_FEEDFORWARD,NONE,FRESH,FRESHED,STALE,STALE,1,67.63486560022614,92.36513439977386,24.73026879954774,5.4010113188851445,-52.03023870110488,442.9997587836692,37.250686,126.674964,37.254138,126.680626
122.0999999999952,3,DEGRADED,DEGRADED_FEEDFORWARD,DEGRADED_FEEDFORWARD,NONE,FRESH,FRESHED,STALE,STALE,1,67.63486560022614,92.36513439977386,24.73026879954774,5.4010113188851445,-52.03023870110488,442.9997587836692,37.250686,126.674964,37.254138,126.680626
122.1499999999952,3,DEGRADED,DEGRADED_FEEDFORWARD,DEGRADED_FEEDFORWARD,NONE,FRESH,FRESHED,STALE,STALE,1,67.63486560022614,92.36513439977386,24.73026879954774,5.4010113188851445,-52.03023870110488,442.9997587836692,37.250686,126.674964,37.254138,126.680626
122.1999999999952,3,DEGRADED,DEGRADED_FEEDFORWARD,DEGRADED_FEEDFORWARD,NONE,FRESH,FRESHED,STALE,STALE,1,67.63486560022614,92.36513439977386,24.73026879954774,5.4010113188851445,-52.03023870110488,442.9997587836692,37.250686,126.674964,37.254138,126.680626
122.2499999999952,3,DEGRADED,DEGRADED_CLOSED_LOOP,DEGRADED_CLOSED_LOOP,NONE,FRESH,FRESHED,FRESH,FRESH,1,64.13486560022633,95.86513439977367,67.01574985111561,19.97565699795301,-52.03023870110488,442.9997587836692,37.250686,126.674964,37.254138,126.680626
122.2999999999952,3,DEGRADED,DEGRADED_CLOSED_LOOP,DEGRADED_CLOSED_LOOP,NONE,FRESH,FRESHED,FRESH,FRESH,1,60.63486560022653,99.36513439977347,67.03543550811357,19.97565699795301,-52.03023870110488,442.9997587836692,37.250686,126.674964,37.254138,126.680626
122.34999999999519,3,DEGRADED,DEGRADED_CLOSED_LOOP,DEGRADED_CLOSED_LOOP,NONE,FRESH,FRESHED,FRESH,FRESH,1,57.13486560022673,102.86513439977327,67.05512116511152,19.97565699795301,-52.03023870110488,442.9997587836692,37.250686,126.674964,37.254138,126.680626
122.39999999999519,3,DEGRADED,DEGRADED_CLOSED_LOOP,DEGRADED_CLOSED_LOOP,NONE,FRESH,FRESHED,FRESH,FRESH,1,53.63486560022693,106.36513439977307,67.07480682210947,19.97565699795301,-52.03023870110488,442.9997587836692,37.250686,126.674964,37.254138,126.680626
122.44999999999519,3,DEGRADED,DEGRADED_CLOSED_LOOP,DEGRADED_CLOSED_LOOP,NONE,FRESH,FRESHED,FRESH,FRESH,1,50.13486560022713,109.86513439977287,67.09449247910742,19.97565699795301,-52.03023870110488,442.9997587836692,37.250686,126.674964,37.254138,126.680626
122.49999999999518,3,DEGRADED,DEGRADED_CLOSED_LOOP,DEGRADED_CLOSED_LOOP,NONE,FRESH,FRESHED,FRESH,FRESH,1,46.63486560022733,113.36513439977267,67.11417813610537,19.97565699795301,-52.03023870110488,442.9997587836692,37.250686,126.674964,37.254138,126.680626
122.54999999999518,3,DEGRADED,DEGRADED_CLOSED_LOOP,DEGRADED_CLOSED_LOOP,NONE,FRESH,FRESHED,FRESH,FRESH,1,46.43306810344834,113.56693189655167,67.13386379310332,19.97565699795301,-52.03023870110488,442.9997587836692,37.250686,126.674964,37.254138,126.680626
122.59999999999518,3,DEGRADED,DEGRADED_FEEDFORWARD,DEGRADED_FEEDFORWARD,NONE,FRESH,FRESHED,STALE,FRESH,1,49.43306810344817,110.56693189655184,36.70219220702528,10.604501908305751,-52.03023870110488,442.9997587836692,37.250686,126.674964,37.254138,126.680626
122.64999999999517,3,DEGRADED,DEGRADED_FEEDFORWARD,DEGRADED_FEEDFORWARD,NONE,FRESH,FRESHED,STALE,FRESH,1,52.433068103448,107.566931896552,36.70219220702528,10.604501908305751,-52.03023870110488,442.9997587836692,37.250686,126.674964,37.254138,126.680626
122.69999999999517,3,DEGRADED,DEGRADED_FEEDFORWARD,DEGRADED_FEEDFORWARD,NONE,FRESH,FRESHED,STALE,FRESH,1,55.43306810344783,104.56693189655218,36.70219220702528,10.604501908305751,-52.03023870110488,442.9997587836692,37.250686,126.674964,37.254138,126.680626
122.74999999999517,3,DEGRADED,DEGRADED_FEEDFORWARD,DEGRADED_FEEDFORWARD,NONE,FRESH,FRESHED,STALE,FRESH,1,58.43306810344766,101.56693189655235,36.70219220702528,10.604501908305751,-52.03023870110488,442.9997587836692,37.250686,126.674964,37.254138,126.680626
122.79999999999517,3,DEGRADED,DEGRADED_FEEDFORWARD,DEGRADED_FEEDFORWARD,NONE,FRESH,FRESHED,STALE,FRESH,1,61.43306810344749,98.56693189655252,36.70219220702528,10.604501908305751,-52.03023870110488,442.9997587836692,37.250686,126.674964,37.254138,126.680626
122.84999999999516,3,DEGRADED,DEGRADED_FEEDFORWARD,DEGRADED_FEEDFORWARD,NONE,FRESH,FRESHED,STALE,FRESH,1,61.64890389648736,98.35109610351265,36.70219220702528,10.604501908305751,-52.03023870110488,442.9997587836692,37.250686,126.674964,37.254138,126.680626
122.89999999999516,3,DEGRADED,DEGRADED_FEEDFORWARD,DEGRADED_FEEDFORWARD,NONE,FRESH,FRESHED,STALE,FRESH,1,61.64890389648736,98.35109610351265,36.70219220702528,10.604501908305751,-52.03023870110488,442.9997587836692,37.250686,126.674964,37.254138,126.680626
122.94999999999516,3,DEGRADED,DEGRADED_FEEDFORWARD,DEGRADED_FEEDFORWARD,NONE,FRESH,FRESHED,STALE,FRESH,1,61.64890389648736,98.35109610351265,36.70219220702528,10.604501908305751,-52.03023870110488,442.9997587836692,37.250686,126.674964,37.254138,126.680626
122.99999999999515,3,DEGRADED,DEGRADED_FEEDFORWARD,DEGRADED_FEEDFORWARD,NONE,FRESH,FRESHED,STALE,FRESH,1,61.64890389648736,98.35109610351265,36.70219220702528,10.604501908305751,-52.03023870110488,442.9997587836692,37.250686,126.674964,37.254138,126.680626
123.04999999999515,3,DEGRADED,DEGRADED_FEEDFORWARD,DEGRADED_FEEDFORWARD,NONE,FRESH,FRESHED,STALE,STALE,1,61.64890389648736,98.35109610351265,36.70219220702528,10.604501908305751,-52.03023870110488,442.9997587836692,37.250686,126.674964,37.254138,126.680626
123.09999999999515,3,DEGRADED,DEGRADED_FEEDFORWARD,DEGRADED_FEEDFORWARD,NONE,FRESH,FRESHED,STALE,STALE,1,61.64890389648736,98.35109610351265,36.70219220702528,10.604501908305751,-52.03023870110488,442.9997587836692,37.250686,126.674964,37.254138,126.680626
123.14999999999515,3,DEGRADED,DEGRADED_FEEDFORWARD,DEGRADED_FEEDFORWARD,NONE,FRESH,FRESHED,STALE,STALE,1,61.64890389648736,98.35109610351265,36.70219220702528,10.604501908305751,-52.03023870110488,442.9997587836692,37.250686,126.674964,37.254138,126.680626
123.19999999999514,3,DEGRADED,DEGRADED_FEEDFORWARD,DEGRADED_FEEDFORWARD,NONE,FRESH,FRESHED,STALE,STALE,1,61.64890389648736,98.35109610351265,36.70219220702528,10.604501908305751,-52.03023870110488,442.9997587836692,37.250686,126.674964,37.254138,126.680626
123.24999999999514,3,ACTIVE,NOMINAL_CLOSED_LOOP,NOMINAL_CLOSED_LOOP,NONE,FRESH,FRESH,FRESH,FRESH,1,61.267434691339986,98.73256530866001,37.46513061732002,7.949130082042753,-43.04539211702371,470.45691044787395,37.250686,126.674964,37.254138,126.680626
123.29999999999514,3,ACTIVE,NOMINAL_CLOSED_LOOP,NOMINAL_CLOSED_LOOP,NONE,FRESH,FRESH,FRESH,FRESH,1,61.26372012629897,98.73627987370102,37.47255974740206,7.949130082042753,-43.04539211702371,470.45691044787395,37.250686,126.674964,37.254138,126.680626
123.34999999999513,3,ACTIVE,NOMINAL_CLOSED_LOOP,NOMINAL_CLOSED_LOOP,NONE,FRESH,FRESH,FRESH,FRESH,1,61.26000556125795,98.73999443874206,37.479988877484104,7.949130082042753,-43.04539211702371,470.45691044787395,37.250686,126.674964,37.254138,126.680626
123.39999999999513,3,ACTIVE,NOMINAL_CLOSED_LOOP,NOMINAL_CLOSED_LOOP,NONE,FRESH,FRESH,FRESH,FRESH,1,61.256290996216926,98.74370900378307,37.48741800756615,7.949130082042753,-43.04539211702371,470.45691044787395,37.250686,126.674964,37.254138,126.680626
123.44999999999513,3,ACTIVE,NOMINAL_CLOSED_LOOP,NOMINAL_CLOSED_LOOP,NONE,FRESH,FRESH,FRESH,FRESH,1,61.2525764311759,98.7474235688241,37.49484713764819,7.949130082042753,-43.04539211702371,470.45691044787395,37.250686,126.674964,37.254138,126.680626
123.49999999999513,3,ACTIVE,NOMINAL_CLOSED_LOOP,NOMINAL_CLOSED_LOOP,NONE,FRESH,FRESH,FRESH,FRESH,1,61.24886186613489,98.75113813386511,37.50227626773023,7.949130082042753,-43.04539211702371,470.45691044787395,37.250686,126.674964,37.254138,126.680626
123.54999999999512,3,ACTIVE,NOMINAL_CLOSED_LOOP,NOMINAL_CLOSED_LOOP,NONE,FRESH,FRESH,FRESH,FRESH,1,61.245147301093866,98.75485269890613,37.509705397812276,7.949130082042753,-43.04539211702371,470.45691044787395,37.250686,126.674964,37.254138,126.680626
123.59999999999512,3,ACTIVE,NOMINAL_FEEDFORWARD,NOMINAL_FEEDFORWARD,NONE,FRESH,FRESH,STALE,FRESH,1,64.0338106387759,95.9661893612241,31.932378722448192,6.95548882178741,-43.04539211702371,470.45691044787395,37.250686,126.674964,37.254138,126.680626
123.64999999999512,3,ACTIVE,NOMINAL_FEEDFORWARD,NOMINAL_FEEDFORWARD,NONE,FRESH,FRESH,STALE,FRESH,1,64.0338106387759,95.9661893612241,31.932378722448192,6.95548882178741,-43.04539211702371,470.45691044787395,37.250686,126.674964,37.254138,126.680626
123.69999999999511,3,ACTIVE,NOMINAL_FEEDFORWARD,NOMINAL_FEEDFORWARD,NONE,FRESH,FRESH,STALE,FRESH,1,64.0338106387759,95.9661893612241,31.932378722448192,6.95548882178741,-43.04539211702371,470.45691044787395,37.250686,126.674964,37.254138,126.680626
123.74999999999511,3,ACTIVE,NOMINAL_FEEDFORWARD,NOMINAL_FEEDFORWARD,NONE,FRESH,FRESH,STALE,FRESH,1,64.0338106387759,95.9661893612241,31.932378722448192,6.95548882178741,-43.04539211702371,470.45691044787395,37.250686,126.674964,37.254138,126.680626
123.79999999999511,3,ACTIVE,NOMINAL_FEEDFORWARD,NOMINAL_FEEDFORWARD,NONE,FRESH,FRESH,STALE,FRESH,1,64.0338106387759,95.9661893612241,31.932378722448192,6.95548882178741,-43.04539211702371,470.45691044787395,37.250686,126.674964,37.254138,126.680626
123.8499999999951,3,ACTIVE,NOMINAL_FEEDFORWARD,NOMINAL_FEEDFORWARD,NONE,FRESH,FRESH,STALE,FRESH,1,64.0338106387759,95.9661893612241,31.932378722448192,6.95548882178741,-43.04539211702371,470.45691044787395,37.250686,126.674964,37.254138,126.680626
123.8999999999951,3,ACTIVE,NOMINAL_FEEDFORWARD,NOMINAL_FEEDFORWARD,NONE,FRESH,FRESH,STALE,FRESH,1,64.0338106387759,95.9661893612241,31.932378722448192,6.95548882178741,-43.04539211702371,470.45691044787395,37.250686,126.674964,37.254138,126.680626
123.9499999999951,3,ACTIVE,NOMINAL_FEEDFORWARD,NOMINAL_FEEDFORWARD,NONE,FRESH,FRESH,STALE,FRESH,1,64.0338106387759,95.9661893612241,31.932378722448192,6.95548882178741,-43.04539211702371,470.45691044787395,37.250686,126.674964,37.254138,126.680626
123.9999999999951,3,ACTIVE,NOMINAL_FEEDFORWARD,NOMINAL_FEEDFORWARD,NONE,FRESH,FRESH,STALE,FRESH,1,64.0338106387759,95.9661893612241,31.932378722448192,6.95548882178741,-43.04539211702371,470.45691044787395,37.250686,126.674964,37.254138,126.680626
124.0499999999951,3,ACTIVE,NOMINAL_FEEDFORWARD,NOMINAL_FEEDFORWARD,NONE,FRESH,FRESH,STALE,STALE,1,64.0338106387759,95.9661893612241,31.932378722448192,6.95548882178741,-43.04539211702371,470.45691044787395,37.250686,126.674964,37.254138,126.680626
124.09999999999509,3,ACTIVE,NOMINAL_FEEDFORWARD,NOMINAL_FEEDFORWARD,NONE,FRESH,FRESH,STALE,STALE,1,64.0338106387759,95.9661893612241,31.932378722448192,6.95548882178741,-43.04539211702371,470.45691044787395,37.250686,126.674964,37.254138,126.680626
124.14999999999509,3,ACTIVE,NOMINAL_FEEDFORWARD,NOMINAL_FEEDFORWARD,NONE,FRESH,FRESH,STALE,STALE,1,64.0338106387759,95.9661893612241,31.932378722448192,6.95548882178741,-43.04539211702371,470.45691044787395,37.250686,126.674964,37.254138,126.680626
124.19999999999509,3,ACTIVE,NOMINAL_FEEDFORWARD,NOMINAL_FEEDFORWARD,NONE,FRESH,FRESH,STALE,STALE,1,64.0338106387759,95.9661893612241,31.932378722448192,6.95548882178741,-43.04539211702371,470.45691044787395,37.250686,126.674964,37.254138,126.680626
124.24999999999508,3,DEGRADED,DEGRADED_CLOSED_LOOP,DEGRADED_CLOSED_LOOP,NONE,FRESH,FRESHED,FRESH,FRESH,1,60.5338106387761,99.4661893612239,53.2215577530184,14.428683256192867,-43.04539211702371,470.45691044787395,37.250686,126.674964,37.254138,126.680626
124.29999999999508,3,DEGRADED,DEGRADED_CLOSED_LOOP,DEGRADED_CLOSED_LOOP,NONE,FRESH,FRESHED,FRESH,FRESH,1,57.0338106387763,102.9661893612237,53.235926436274596,14.428683256192867,-43.04539211702371,470.45691044787395,37.250686,126.674964,37.254138,126.680626
124.34999999999508,3,DEGRADED,DEGRADED_CLOSED_LOOP,DEGRADED_CLOSED_LOOP,NONE,FRESH,FRESHED,FRESH,FRESH,1,53.5338106387765,106.4661893612235,53.25029511953079,14.428683256192867,-43.04539211702371,470.45691044787395,37.250686,126.674964,37.254138,126.680626
124.39999999999507,3,DEGRADED,DEGRADED_CLOSED_LOOP,DEGRADED_CLOSED_LOOP,NONE,FRESH,FRESHED,FRESH,FRESH,1,53.367668098606515,106.63233190139348,53.26466380278698,14.428683256192867,-43.04539211702371,470.45691044787395,37.250686,126.674964,37.254138,126.680626
124.44999999999507,3,DEGRADED,DEGRADED_CLOSED_LOOP,DEGRADED_CLOSED_LOOP,NONE,FRESH,FRESHED,FRESH,FRESH,1,53.36048375697841,106.63951624302159,53.27903248604317,14.428683256192867,-43.04539211702371,470.45691044787395,37.250686,126.674964,37.254138,126.680626
124.49999999999507,3,DEGRADED,DEGRADED_CLOSED_LOOP,DEGRADED_CLOSED_LOOP,NONE,FRESH,FRESHED,FRESH,FRESH,1,53.35329941535032,106.64670058464968,53.293401169299365,14.428683256192867,-43.04539211702371,470.45691044787395,37.250686,126.674964,37.254138,126.680626
124.54999999999507,3,DEGRADED,DEGRADED_CLOSED_LOOP,DEGRADED_CLOSED_LOOP,NONE,FRESH,FRESHED,FRESH,FRESH,1,53.346115073722224,106.65388492627778,53.30776985255555,14.428683256192867,-43.04539211702371,470.45691044787395,37.250686,126.674964,37.254138,126.680626
124.59999999999506,3,DEGRADED,DEGRADED_FEEDFORWARD,DEGRADED_FEEDFORWARD,NONE,FRESH,FRESHED,STALE,FRESH,1,56.34611507372205,103.65388492627795,27.387469150151272,6.493784000109257,-43.04539211702371,470.45691044787395,37.250686,126.674964,37.254138,126.680626
124.64999999999506,3,DEGRADED,DEGRADED_FEEDFORWARD,DEGRADED_FEEDFORWARD,NONE,FRESH,FRESHED,STALE,FRESH,1,59.34611507372188,100.65388492627812,27.387469150151272,6.493784000109257,-43.04539211702371,470.45691044787395,37.250686,126.674964,37.254138,126.680626
124.69999999999506,3,DEGRADED,DEGRADED_FEEDFORWARD,DEGRADED_FEEDFORWARD,NONE,FRESH,FRESHED,STALE,FRESH,1,62.34611507372171,97.6538849262783,27.387469150151272,6.493784000109257,-43.04539211702371,470.45691044787395,37.250686,126.674964,37.254138,126.680626
124.74999999999505,3,DEGRADED,DEGRADED_FEEDFORWARD,DEGRADED_FEEDFORWARD,NONE,FRESH,FRESHED,STALE,FRESH,1,65.34611507372153,94.65388492627847,27.387469150151272,6.493784000109257,-43.04539211702371,470.45691044787395,37.250686,126.674964,37.254138,126.680626
124.79999999999505,3,DEGRADED,DEGRADED_FEEDFORWARD,DEGRADED_FEEDFORWARD,NONE,FRESH,FRESHED,STALE,FRESH,1,66.30626542492436,93.69373457507564,27.387469150151272,6.493784000109257,-43.04539211702371,470.45691044787395,37.250686,126.674964,37.254138,126.680626
124.84999999999505,3,DEGRADED,DEGRADED_FEEDFORWARD,DEGRADED_FEEDFORWARD,NONE,FRESH,FRESHED,STALE,FRESH,1,66.30626542492436,93.69373457507564,27.387469150151272,6.493784000109257,-43.04539211702371,470.45691044787395,37.250686,126.674964,37.254138,126.680626
124.89999999999505,3,DEGRADED,DEGRADED_FEEDFORWARD,DEGRADED_FEEDFORWARD,NONE,FRESH,FRESHED,STALE,FRESH,1,66.30626542492436,93.69373457507564,27.387469150151272,6.493784000109257,-43.04539211702371,470.45691044787395,37.250686,126.674964,37.254138,126.680626
124.94999999999504,3,DEGRADED,DEGRADED_FEEDFORWARD,DEGRADED_FEEDFORWARD,NONE,FRESH,FRESHED,STALE,FRESH,1,66.30626542492436,93.69373457507564,27.387469150151272,6.493784000109257,-43.04539211702371,470.45691044787395,37.250686,126.674964,37.254138,126.680626
124.99999999999504,3,DEGRADED,DEGRADED_FEEDFORWARD,DEGRADED_FEEDFORWARD,NONE,FRESH,FRESHED,STALE,FRESH,1,66.30626542492436,93.69373457507564,27.387469150151272,6.493784000109257,-43.04539211702371,470.45691044787395,37.250686,126.674964,37.254138,126.680626
125.04999999999504,3,DEGRADED,DEGRADED_FEEDFORWARD,DEGRADED_FEEDFORWARD,NONE,FRESH,FRESHED,STALE,STALE,1,66.30626542492436,93.69373457507564,27.387469150151272,6.493784000109257,-43.04539211702371,470.45691044787395,37.250686,126.674964,37.254138,126.680626
125.09999999999503,3,DEGRADED,DEGRADED_FEEDFORWARD,DEGRADED_FEEDFORWARD,NONE,FRESH,FRESHED,STALE,STALE,1,66.30626542492436,93.69373457507564,27.387469150151272,6.493784000109257,-43.04539211702371,470.45691044787395,37.250686,126.674964,37.254138,126.680626
125.14999999999503,3,DEGRADED,DEGRADED_FEEDFORWARD,DEGRADED_FEEDFORWARD,NONE,FRESH,FRESHED,STALE,STALE,1,66.30626542492436,93.69373457507564,27.387469150151272,6.493784000109257,-43.04539211702371,470.45691044787395,37.250686,126.674964,37.254138,126.680626
125.19999999999503,3,DEGRADED,DEGRADED_FEEDFORWARD,DEGRADED_FEEDFORWARD,NONE,FRESH,FRESHED,STALE,STALE,1,66.30626542492436,93.69373457507564,27.387469150151272,6.493784000109257,-43.04539211702371,470.45691044787395,37.250686,126.674964,37.254138,126.680626
125.24999999999503,3,ACTIVE,NOMINAL_CLOSED_LOOP,NOMINAL_CLOSED_LOOP,NONE,FRESH,FRESH,FRESH,FRESH,1,61.306265424924646,98.69373457507535,59.74192913239944,15.923411184903834,-38.23431987038467,484.0529126346145,37.250686,126.674964,37.254138,126.680626
125.29999999999502,3,ACTIVE,NOMINAL_CLOSED_LOOP,NOMINAL_CLOSED_LOOP,NONE,FRESH,FRESH,FRESH,FRESH,1,56.30626542492493,103.69373457507507,59.75628254358435,15.923411184903834,-38.23431987038467,484.0529126346145,37.250686,126.674964,37.254138,126.680626
125.34999999999502,3,ACTIVE,NOMINAL_CLOSED_LOOP,NOMINAL_CLOSED_LOOP,NONE,FRESH,FRESH,FRESH,FRESH,1,51.306265424925215,108.69373457507479,59.77063595476925,15.923411184903834,-38.23431987038467,484.0529126346145,37.250686,126.674964,37.254138,126.680626
125.39999999999502,3,ACTIVE,NOMINAL_CLOSED_LOOP,NOMINAL_CLOSED_LOOP,NONE,FRESH,FRESH,FRESH,FRESH,1,50.10750531702293,109.89249468297707,59.78498936595415,15.923411184903834,-38.23431987038467,484.0529126346145,37.250686,126.674964,37.254138,126.680626
125.44999999999501,3,ACTIVE,NOMINAL_CLOSED_LOOP,NOMINAL_CLOSED_LOOP,NONE,FRESH,FRESH,FRESH,FRESH,1,50.10032861143047,109.89967138856953,59.79934277713905,15.923411184903834,-38.23431987038467,484.0529126346145,37.250686,126.674964,37.254138,126.680626
125.49999999999501,3,ACTIVE,NOMINAL_CLOSED_LOOP,NOMINAL_CLOSED_LOOP,NONE,FRESH,FRESH,FRESH,FRESH,1,50.09315190583802,109.90684809416197,59.81369618832396,15.923411184903834,-38.23431987038467,484.0529126346145,37.250686,126.674964,37.254138,126.680626
125.54999999999501,3,ACTIVE,NOMINAL_CLOSED_LOOP,NOMINAL_CLOSED_LOOP,NONE,FRESH,FRESH,FRESH,FRESH,1,50.08597520024557,109.91402479975443,59.82804959950886,15.923411184903834,-38.23431987038467,484.0529126346145,37.250686,126.674964,37.254138,126.680626
125.599999999995,3,ACTIVE,NOMINAL_FEEDFORWARD,NOMINAL_FEEDFORWARD,NONE,FRESH,FRESH,STALE,FRESH,1,54.585975200245315,105.41402479975469,49.72141905808137,13.932984786790854,-38.23431987038467,484.0529126346145,37.250686,126.674964,37.254138,126.680626
125.649999999995,3,ACTIVE,NOMINAL_FEEDFORWARD,NOMINAL_FEEDFORWARD,NONE,FRESH,FRESH,STALE,FRESH,1,55.13929047095931,104.86070952904069,49.72141905808137,13.932984786790854,-38.23431987038467,484.0529126346145,37.250686,126.674964,37.254138,126.680626
125.699999999995,3,ACTIVE,NOMINAL_FEEDFORWARD,NOMINAL_FEEDFORWARD,NONE,FRESH,FRESH,STALE,FRESH,1,55.13929047095931,104.86070952904069,49.72141905808137,13.932984786790854,-38.23431987038467,484.0529126346145,37.250686,126.674964,37.254138,126.680626
125.749999999995,3,ACTIVE,NOMINAL_FEEDFORWARD,NOMINAL_FEEDFORWARD,NONE,FRESH,FRESH,STALE,FRESH,1,55.13929047095931,104.86070952904069,49.72141905808137,13.932984786790854,-38.23431987038467,484.0529126346145,37.250686,126.674964,37.254138,126.680626
125.799999999995,3,ACTIVE,NOMINAL_FEEDFORWARD,NOMINAL_FEEDFORWARD,NONE,FRESH,FRESH,STALE,FRESH,1,55.13929047095931,104.86070952904069,49.72141905808137,13.932984786790854,-38.23431987038467,484.0529126346145,37.250686,126.674964,37.254138,126.680626
125.84999999999499,3,ACTIVE,NOMINAL_FEEDFORWARD,NOMINAL_FEEDFORWARD,NONE,FRESH,FRESH,STALE,FRESH,1,55.13929047095931,104.86070952904069,49.72141905808137,13.932984786790854,-38.23431987038467,484.0529126346145,37.250686,126.674964,37.254138,126.680626
125.89999999999499,3,ACTIVE,NOMINAL_FEEDFORWARD,NOMINAL_FEEDFORWARD,NONE,FRESH,FRESH,STALE,FRESH,1,55.13929047095931,104.86070952904069,49.72141905808137,13.932984786790854,-38.23431987038467,484.0529126346145,37.250686,126.674964,37.254138,126.680626
125.94999999999499,3,ACTIVE,NOMINAL_FEEDFORWARD,NOMINAL_FEEDFORWARD,NONE,FRESH,FRESH,STALE,FRESH,1,55.13929047095931,104.86070952904069,49.72141905808137,13.932984786790854,-38.23431987038467,484.0529126346145,37.250686,126.674964,37.254138,126.680626
125.99999999999498,3,ACTIVE,NOMINAL_FEEDFORWARD,NOMINAL_FEEDFORWARD,NONE,FRESH,FRESH,STALE,FRESH,1,55.13929047095931,104.86070952904069,49.72141905808137,13.932984786790854,-38.23431987038467,484.0529126346145,37.250686,126.674964,37.254138,126.680626
126.04999999999498,3,ACTIVE,NOMINAL_FEEDFORWARD,NOMINAL_FEEDFORWARD,NONE,FRESH,FRESH,STALE,STALE,1,55.13929047095931,104.86070952904069,49.72141905808137,13.932984786790854,-38.23431987038467,484.0529126346145,37.250686,126.674964,37.254138,126.680626
126.09999999999498,3,ACTIVE,NOMINAL_FEEDFORWARD,NOMINAL_FEEDFORWARD,NONE,FRESH,FRESH,STALE,STALE,1,55.13929047095931,104.86070952904069,49.72141905808137,13.932984786790854,-38.23431987038467,484.0529126346145,37.250686,126.674964,37.254138,126.680626
126.14999999999498,3,ACTIVE,NOMINAL_FEEDFORWARD,NOMINAL_FEEDFORWARD,NONE,FRESH,FRESH,STALE,STALE,1,55.13929047095931,104.86070952904069,49.72141905808137,13.932984786790854,-38.23431987038467,484.0529126346145,37.250686,126.674964,37.254138,126.680626
126.19999999999497,3,ACTIVE,NOMINAL_FEEDFORWARD,NOMINAL_FEEDFORWARD,NONE,FRESH,FRESH,STALE,STALE,1,55.13929047095931,104.86070952904069,49.72141905808137,13.932984786790854,-38.23431987038467,484.0529126346145,37.250686,126.674964,37.254138,126.680626
126.24999999999497,3,ACTIVE,NOMINAL_FEEDFORWARD,NOMINAL_FEEDFORWARD,NONE,FRESH,FRESH,STALE,STALE,1,55.13929047095931,104.86070952904069,49.72141905808137,13.932984786790854,-38.23431987038467,484.0529126346145,37.250686,126.674964,37.254138,126.680626
126.29999999999497,3,DEGRADED,DEGRADED_CLOSED_LOOP,DEGRADED_CLOSED_LOOP,NONE,FRESH,FRESHED,FRESH,FRESH,1,58.63929047095911,101.36070952904089,38.126963888004134,8.782286298511936,-38.23431987038467,484.0529126346145,37.250686,126.674964,37.254138,126.680626
126.34999999999496,3,DEGRADED,DEGRADED_CLOSED_LOOP,DEGRADED_CLOSED_LOOP,NONE,FRESH,FRESHED,FRESH,FRESH,1,60.93212691284867,99.06787308715133,38.135746174302646,8.782286298511936,-38.23431987038467,484.0529126346145,37.250686,126.674964,37.254138,126.680626
126.39999999999496,3,DEGRADED,DEGRADED_CLOSED_LOOP,DEGRADED_CLOSED_LOOP,NONE,FRESH,FRESHED,FRESH,FRESH,1,60.927735769699424,99.07226423030058,38.14452846060116,8.782286298511936,-38.23431987038467,484.0529126346145,37.250686,126.674964,37.254138,126.680626
126.44999999999496,3,DEGRADED,DEGRADED_CLOSED_LOOP,DEGRADED_CLOSED_LOOP,NONE,FRESH,FRESHED,FRESH,FRESH,1,60.92334462655017,99.07665537344982,38.15331074689966,8.782286298511936,-38.23431987038467,484.0529126346145,37.250686,126.674964,37.254138,126.680626
126.49999999999496,3,DEGRADED,DEGRADED_CLOSED_LOOP,DEGRADED_CLOSED_LOOP,NONE,FRESH,FRESHED,FRESH,FRESH,1,60.91895348340091,99.08104651659909,38.162093033198175,8.782286298511936,-38.23431987038467,484.0529126346145,37.250686,126.674964,37.254138,126.680626
126.54999999999495,3,DEGRADED,DEGRADED_CLOSED_LOOP,DEGRADED_CLOSED_LOOP,NONE,FRESH,FRESHED,FRESH,FRESH,1,60.914562340251656,99.08543765974835,38.17087531949669,8.782286298511936,-38.23431987038467,484.0529126346145,37.250686,126.674964,37.254138,126.680626
126.59999999999495,3,DEGRADED,DEGRADED_CLOSED_LOOP,DEGRADED_CLOSED_LOOP,NONE,FRESH,FRESHED,FRESH,FRESH,1,60.9101711971024,99.0898288028976,38.1796576057952,8.782286298511936,-38.23431987038467,484.0529126346145,37.250686,126.674964,37.254138,126.680626
126.64999999999495,3,DEGRADED,DEGRADED_FEEDFORWARD,DEGRADED_FEEDFORWARD,NONE,FRESH,FRESHED,STALE,FRESH,1,63.91017119710223,96.08982880289777,18.911280285180492,3.165490970084451,-38.23431987038467,484.0529126346145,37.250686,126.674964,37.254138,126.680626
126.69999999999494,3,DEGRADED,DEGRADED_FEEDFORWARD,DEGRADED_FEEDFORWARD,NONE,FRESH,FRESHED,STALE,FRESH,1,66.91017119710206,93.08982880289794,18.911280285180492,3.165490970084451,-38.23431987038467,484.0529126346145,37.250686,126.674964,37.254138,126.680626
126.74999999999494,3,DEGRADED,DEGRADED_FEEDFORWARD,DEGRADED_FEEDFORWARD,NONE,FRESH,FRESHED,STALE,FRESH,1,69.91017119710189,90.08982880289811,18.911280285180492,3.165490970084451,-38.23431987038467,484.0529126346145,37.250686,126.674964,37.254138,126.680626
126.79999999999494,3,DEGRADED,DEGRADED_FEEDFORWARD,DEGRADED_FEEDFORWARD,NONE,FRESH,FRESHED,STALE,FRESH,1,70.54435985740976,89.45564014259024,18.911280285180492,3.165490970084451,-38.23431987038467,484.0529126346145,37.250686,126.674964,37.254138,126.680626
126.84999999999494,3,DEGRADED,DEGRADED_FEEDFORWARD,DEGRADED_FEEDFORWARD,NONE,FRESH,FRESHED,STALE,FRESH,1,70.54435985740976,89.45564014259024,18.911280285180492,3.165490970084451,-38.23431987038467,484.0529126346145,37.250686,126.674964,37.254138,126.680626
126.89999999999493,3,DEGRADED,DEGRADED_FEEDFORWARD,DEGRADED_FEEDFORWARD,NONE,FRESH,FRESHED,STALE,FRESH,1,70.54435985740976,89.45564014259024,18.911280285180492,3.165490970084451,-38.23431987038467,484.0529126346145,37.250686,126.674964,37.254138,126.680626
126.94999999999493,3,DEGRADED,DEGRADED_FEEDFORWARD,DEGRADED_FEEDFORWARD,NONE,FRESH,FRESHED,STALE,FRESH,1,70.54435985740976,89.45564014259024,18.911280285180492,3.165490970084451,-38.23431987038467,484.0529126346145,37.250686,126.674964,37.254138,126.680626
126.99999999999493,3,DEGRADED,DEGRADED_FEEDFORWARD,DEGRADED_FEEDFORWARD,NONE,FRESH,FRESHED,STALE,FRESH,1,70.54435985740976,89.45564014259024,18.911280285180492,3.165490970084451,-38.23431987038467,484.0529126346145,37.250686,126.674964,37.254138,126.680626
127.04999999999492,3,DEGRADED,DEGRADED_FEEDFORWARD,DEGRADED_FEEDFORWARD,NONE,FRESH,FRESHED,STALE,FRESH,1,70.54435985740976,89.45564014259024,18.911280285180492,3.165490970084451,-38.23431987038467,484.0529126346145,37.250686,126.674964,37.254138,126.680626
127.09999999999492,3,DEGRADED,DEGRADED_FEEDFORWARD,DEGRADED_FEEDFORWARD,NONE,FRESH,FRESHED,STALE,STALE,1,70.54435985740976,89.45564014259024,18.911280285180492,3.165490970084451,-38.23431987038467,484.0529126346145,37.250686,126.674964,37.254138,126.680626
127.14999999999492,3,DEGRADED,DEGRADED_FEEDFORWARD,DEGRADED_FEEDFORWARD,NONE,FRESH,FRESHED,STALE,STALE,1,70.54435985740976,89.45564014259024,18.911280285180492,3.165490970084451,-38.23431987038467,484.0529126346145,37.250686,126.674964,37.254138,126.680626
127.19999999999492,3,DEGRADED,DEGRADED_FEEDFORWARD,DEGRADED_FEEDFORWARD,NONE,FRESH,FRESHED,STALE,STALE,1,70.54435985740976,89.45564014259024,18.911280285180492,3.165490970084451,-38.23431987038467,484.0529126346145,37.250686,126.674964,37.254138,126.680626
127.24999999999491,3,DEGRADED,DEGRADED_FEEDFORWARD,DEGRADED_FEEDFORWARD,NONE,FRESH,FRESHED,STALE,STALE,1,70.54435985740976,89.45564014259024,18.911280285180492,3.165490970084451,-38.23431987038467,484.0529126346145,37.250686,126.674964,37.254138,126.680626
127.29999999999491,3,DEGRADED,DEGRADED_CLOSED_LOOP,DEGRADED_CLOSED_LOOP,NONE,FRESH,FRESHED,FRESH,FRESH,1,67.04435985740996,92.95564014259004,68.0736425873997,20.36044400642175,-185.06279423082015,302.9603189253645,37.250686,126.674964,37.254138,126.680626
127.3499999999949,3,DEGRADED,DEGRADED_CLOSED_LOOP,DEGRADED_CLOSED_LOOP,NONE,FRESH,FRESHED,FRESH,FRESH,1,63.54435985741016,96.45564014258984,68.09412303140613,20.36044400642175,-185.06279423082015,302.9603189253645,37.250686,126.674964,37.254138,126.680626
127.3999999999949,3,DEGRADED,DEGRADED_CLOSED_LOOP,DEGRADED_CLOSED_LOOP,NONE,FRESH,FRESHED,FRESH,FRESH,1,60.044359857410356,99.95564014258964,68.11460347541255,20.36044400642175,-185.06279423082015,302.9603189253645,37.250686,126.674964,37.254138,126.680626
127.4499999999949,3,DEGRADED,DEGRADED_CLOSED_LOOP,DEGRADED_CLOSED_LOOP,NONE,FRESH,FRESHED,FRESH,FRESH,1,56.544359857410555,103.45564014258944,68.13508391941896,20.36044400642175,-185.06279423082015,302.9603189253645,37.250686,126.674964,37.254138,126.680626
127.4999999999949,3,DEGRADED,DEGRADED_CLOSED_LOOP,DEGRADED_CLOSED_LOOP,NONE,FRESH,FRESHED,FRESH,FRESH,1,53.044359857410754,106.95564014258925,68.15556436342538,20.36044400642175,-185.06279423082015,302.9603189253645,37.250686,126.674964,37.254138,126.680626
127.5499999999949,3,DEGRADED,DEGRADED_CLOSED_LOOP,DEGRADED_CLOSED_LOOP,NONE,FRESH,FRESHED,FRESH,FRESH,1,49.54435985741095,110.45564014258905,68.17604480743181,20.36044400642175,-185.06279423082015,302.9603189253645,37.250686,126.674964,37.254138,126.680626
127.59999999999489,3,DEGRADED,DEGRADED_CLOSED_LOOP,DEGRADED_CLOSED_LOOP,NONE,FRESH,FRESHED,FRESH,FRESH,1,46.04435985741115,113.95564014258885,68.19652525143823,20.36044400642175,-185.06279423082015,302.9603189253645,37.250686,126.674964,37.254138,126.680626
127.64999999999489,3,DEGRADED,DEGRADED_FEEDFORWARD,DEGRADED_FEEDFORWARD,NONE,FRESH,FRESHED,STALE,FRESH,1,49.04435985741098,110.95564014258902,39.675443655405815,11.994988119267104,-185.06279423082015,302.9603189253645,37.250686,126.674964,37.254138,126.680626
127.69999999999489,3,DEGRADED,DEGRADED_FEEDFORWARD,DEGRADED_FEEDFORWARD,NONE,FRESH,FRESHED,STALE,FRESH,1,52.04435985741081,107.95564014258919,39.675443655405815,11.994988119267104,-185.06279423082015,302.9603189253645,37.250686,126.674964,37.254138,126.680626
127.74999999999488,3,DEGRADED,DEGRADED_FEEDFORWARD,DEGRADED_FEEDFORWARD,NONE,FRESH,FRESHED,STALE,FRESH,1,55.04435985741064,104.95564014258936,39.675443655405815,11.994988119267104,-185.06279423082015,302.9603189253645,37.250686,126.674964,37.254138,126.680626
127.79999999999488,3,DEGRADED,DEGRADED_FEEDFORWARD,DEGRADED_FEEDFORWARD,NONE,FRESH,FRESHED,STALE,FRESH,1,58.04435985741047,101.95564014258953,39.675443655405815,11.994988119267104,-185.06279423082015,302.9603189253645,37.250686,126.674964,37.254138,126.680626
127.84999999999488,3,DEGRADED,DEGRADED_FEEDFORWARD,DEGRADED_FEEDFORWARD,NONE,FRESH,FRESHED,STALE,FRESH,1,60.16227817229709,99.83772182770291,39.675443655405815,11.994988119267104,-185.06279423082015,302.9603189253645,37.250686,126.674964,37.254138,126.680626
127.89999999999488,3,DEGRADED,DEGRADED_FEEDFORWARD,DEGRADED_FEEDFORWARD,NONE,FRESH,FRESHED,STALE,FRESH,1,60.16227817229709,99.83772182770291,39.675443655405815,11.994988119267104,-185.06279423082015,302.9603189253645,37.250686,126.674964,37.254138,126.680626
127.94999999999487,3,DEGRADED,DEGRADED_FEEDFORWARD,DEGRADED_FEEDFORWARD,NONE,FRESH,FRESHED,STALE,FRESH,1,60.16227817229709,99.83772182770291,39.675443655405815,11.994988119267104,-185.06279423082015,302.9603189253645,37.250686,126.674964,37.254138,126.680626
127.99999999999487,3,DEGRADED,DEGRADED_FEEDFORWARD,DEGRADED_FEEDFORWARD,NONE,FRESH,FRESHED,STALE,FRESH,1,60.16227817229709,99.83772182770291,39.675443655405815,11.994988119267104,-185.06279423082015,302.9603189253645,37.250686,126.674964,37.254138,126.680626
128.04999999999487,3,DEGRADED,DEGRADED_FEEDFORWARD,DEGRADED_FEEDFORWARD,NONE,FRESH,FRESHED,STALE,FRESH,1,60.16227817229709,99.83772182770291,39.675443655405815,11.994988119267104,-185.06279423082015,302.9603189253645,37.250686,126.674964,37.254138,126.680626
128.09999999999488,3,DEGRADED,DEGRADED_FEEDFORWARD,DEGRADED_FEEDFORWARD,NONE,FRESH,FRESHED,STALE,STALE,1,60.16227817229709,99.83772182770291,39.675443655405815,11.994988119267104,-185.06279423082015,302.9603189253645,37.250686,126.674964,37.254138,126.680626
128.1499999999949,3,DEGRADED,DEGRADED_FEEDFORWARD,DEGRADED_FEEDFORWARD,NONE,FRESH,FRESHED,STALE,STALE,1,60.16227817229709,99.83772182770291,39.675443655405815,11.994988119267104,-185.06279423082015,302.9603189253645,37.250686,126.674964,37.254138,126.680626
128.1999999999949,3,DEGRADED,DEGRADED_FEEDFORWARD,DEGRADED_FEEDFORWARD,NONE,FRESH,FRESHED,STALE,STALE,1,60.16227817229709,99.83772182770291,39.675443655405815,11.994988119267104,-185.06279423082015,302.9603189253645,37.250686,126.674964,37.254138,126.680626
128.2499999999949,3,DEGRADED,DEGRADED_FEEDFORWARD,DEGRADED_FEEDFORWARD,NONE,FRESH,FRESHED,STALE,STALE,1,60.16227817229709,99.83772182770291,39.675443655405815,11.994988119267104,-185.06279423082015,302.9603189253645,37.250686,126.674964,37.254138,126.680626
128.29999999999492,3,DEGRADED,DEGRADED_CLOSED_LOOP,DEGRADED_CLOSED_LOOP,NONE,FRESH,FRESHED,FRESH,FRESH,1,59.15158033138887,100.84841966861113,41.69683933722226,9.952131990564896,-185.06279423082015,302.9603189253645,37.250686,126.674964,37.254138,126.680626
128.34999999999494,3,DEGRADED,DEGRADED_CLOSED_LOOP,DEGRADED_CLOSED_LOOP,NONE,FRESH,FRESHED,FRESH,FRESH,1,59.14616926539359,100.85383073460642,41.70766146921282,9.952131990564896,-185.06279423082015,302.9603189253645,37.250686,126.674964,37.254138,126.680626
128.39999999999495,3,DEGRADED,DEGRADED_CLOSED_LOOP,DEGRADED_CLOSED_LOOP,NONE,FRESH,FRESHED,FRESH,FRESH,1,59.140758199398306,100.8592418006017,41.71848360120339,9.952131990564896,-185.06279423082015,302.9603189253645,37.250686,126.674964,37.254138,126.680626
128.44999999999496,3,DEGRADED,DEGRADED_CLOSED_LOOP,DEGRADED_CLOSED_LOOP,NONE,FRESH,FRESHED,FRESH,FRESH,1,59.13534713340302,100.86465286659697,41.729305733193954,9.952131990564896,-185.06279423082015,302.9603189253645,37.250686,126.674964,37.254138,126.680626
128.49999999999497,3,DEGRADED,DEGRADED_CLOSED_LOOP,DEGRADED_CLOSED_LOOP,NONE,FRESH,FRESHED,FRESH,FRESH,1,59.12993606740774,100.87006393259226,41.740127865184526,9.952131990564896,-185.06279423082015,302.9603189253645,37.250686,126.674964,37.254138,126.680626
128.54999999999498,3,DEGRADED,DEGRADED_CLOSED_LOOP,DEGRADED_CLOSED_LOOP,NONE,FRESH,FRESHED,FRESH,FRESH,1,59.12452500141245,100.87547499858755,41.75094999717509,9.952131990564896,-185.06279423082015,302.9603189253645,37.250686,126.674964,37.254138,126.680626
128.599999999995,3,DEGRADED,DEGRADED_FEEDFORWARD,DEGRADED_FEEDFORWARD,NONE,FRESH,FRESHED,STALE,FRESH,1,62.12452500141313,97.87547499858687,30.82063580499694,7.961705592451917,-185.06279423082015,302.9603189253645,37.250686,126.674964,37.254138,126.680626
128.649999999995,3,DEGRADED,DEGRADED_FEEDFORWARD,DEGRADED_FEEDFORWARD,NONE,FRESH,FRESHED,STALE,FRESH,1,64.58968209750154,95.41031790249846,30.82063580499694,7.961705592451917,-185.06279423082015,302.9603189253645,37.250686,126.674964,37.254138,126.680626
128.69999999999501,3,DEGRADED,DEGRADED_FEEDFORWARD,DEGRADED_FEEDFORWARD,NONE,FRESH,FRESHED,STALE,FRESH,1,64.58968209750154,95.41031790249846,30.82063580499694,7.961705592451917,-185.06279423082015,302.9603189253645,37.250686,126.674964,37.254138,126.680626
128.74999999999503,3,DEGRADED,DEGRADED_FEEDFORWARD,DEGRADED_FEEDFORWARD,NONE,FRESH,FRESHED,STALE,FRESH,1,64.58968209750154,95.41031790249846,30.82063580499694,7.961705592451917,-185.06279423082015,302.9603189253645,37.250686,126.674964,37.254138,126.680626
128.79999999999504,3,DEGRADED,DEGRADED_FEEDFORWARD,DEGRADED_FEEDFORWARD,NONE,FRESH,FRESHED,STALE,FRESH,1,64.58968209750154,95.41031790249846,30.82063580499694,7.961705592451917,-185.06279423082015,302.9603189253645,37.250686,126.674964,37.254138,126.680626
128.84999999999505,3,DEGRADED,DEGRADED_FEEDFORWARD,DEGRADED_FEEDFORWARD,NONE,FRESH,FRESHED,STALE,FRESH,1,64.58968209750154,95.41031790249846,30.82063580499694,7.961705592451917,-185.06279423082015,302.9603189253645,37.250686,126.674964,37.254138,126.680626
128.89999999999506,3,DEGRADED,DEGRADED_FEEDFORWARD,DEGRADED_FEEDFORWARD,NONE,FRESH,FRESHED,STALE,FRESH,1,64.58968209750154,95.41031790249846,30.82063580499694,7.961705592451917,-185.06279423082015,302.9603189253645,37.250686,126.674964,37.254138,126.680626
128.94999999999507,3,DEGRADED,DEGRADED_FEEDFORWARD,DEGRADED_FEEDFORWARD,NONE,FRESH,FRESHED,STALE,FRESH,1,64.58968209750154,95.41031790249846,30.82063580499694,7.961705592451917,-185.06279423082015,302.9603189253645,37.250686,126.674964,37.254138,126.680626
128.99999999999508,3,DEGRADED,DEGRADED_FEEDFORWARD,DEGRADED_FEEDFORWARD,NONE,FRESH,FRESHED,STALE,FRESH,1,64.58968209750154,95.41031790249846,30.82063580499694,7.961705592451917,-185.06279423082015,302.9603189253645,37.250686,126.674964,37.254138,126.680626
129.0499999999951,3,DEGRADED,DEGRADED_FEEDFORWARD,DEGRADED_FEEDFORWARD,NONE,FRESH,FRESHED,STALE,STALE,1,64.58968209750154,95.41031790249846,30.82063580499694,7.961705592451917,-185.06279423082015,302.9603189253645,37.250686,126.674964,37.254138,126.680626
129.0999999999951,3,DEGRADED,DEGRADED_FEEDFORWARD,DEGRADED_FEEDFORWARD,NONE,FRESH,FRESHED,STALE,STALE,1,64.58968209750154,95.41031790249846,30.82063580499694,7.961705592451917,-185.06279423082015,302.9603189253645,37.250686,126.674964,37.254138,126.680626
129.14999999999512,3,DEGRADED,DEGRADED_FEEDFORWARD,DEGRADED_FEEDFORWARD,NONE,FRESH,FRESHED,STALE,STALE,1,64.58968209750154,95.41031790249846,30.82063580499694,7.961705592451917,-185.06279423082015,302.9603189253645,37.250686,126.674964,37.254138,126.680626
129.19999999999513,3,DEGRADED,DEGRADED_FEEDFORWARD,DEGRADED_FEEDFORWARD,NONE,FRESH,FRESHED,STALE,STALE,1,64.58968209750154,95.41031790249846,30.82063580499694,7.961705592451917,-185.06279423082015,302.9603189253645,37.250686,126.674964,37.254138,126.680626
129.24999999999514,3,DEGRADED,DEGRADED_FEEDFORWARD,DEGRADED_FEEDFORWARD,NONE,FRESH,FRESHED,STALE,STALE,1,64.58968209750154,95.41031790249846,30.82063580499694,7.961705592451917,-185.06279423082015,302.9603189253645,37.250686,126.674964,37.254138,126.680626
129.29999999999515,3,DEGRADED,DEGRADED_CLOSED_LOOP,DEGRADED_CLOSED_LOOP,NONE,FRESH,FRESHED,FRESH,FRESH,1,61.08968209750074,98.91031790249926,41.52553756012561,9.952131990564896,-185.06279423082015,302.9603189253645,37.250686,126.674964,37.254138,126.680626
129.34999999999516,3,DEGRADED,DEGRADED_CLOSED_LOOP,DEGRADED_CLOSED_LOOP,NONE,FRESH,FRESHED,FRESH,FRESH,1,59.232025153941905,100.7679748460581,41.53594969211618,9.952131990564896,-185.06279423082015,302.9603189253645,37.250686,126.674964,37.254138,126.680626
129.39999999999517,3,DEGRADED,DEGRADED_CLOSED_LOOP,DEGRADED_CLOSED_LOOP,NONE,FRESH,FRESHED,FRESH,FRESH,1,59.22681908794662,100.77318091205338,41.54636182410675,9.952131990564896,-185.06279423082015,302.9603189253645,37.250686,126.674964,37.254138,126.680626
129.44999999999519,3,DEGRADED,DEGRADED_CLOSED_LOOP,DEGRADED_CLOSED_LOOP,NONE,FRESH,FRESHED,FRESH,FRESH,1,59.22161302195134,100.77838697804866,41.55677395609732,9.952131990564896,-185.06279423082015,302.9603189253645,37.250686,126.674964,37.254138,126.680626
129.4999999999952,3,DEGRADED,DEGRADED_CLOSED_LOOP,DEGRADED_CLOSED_LOOP,NONE,FRESH,FRESHED,FRESH,FRESH,1,59.21640695595606,100.78359304404394,41.56718608808788,9.952131990564896,-185.06279423082015,302.9603189253645,37.250686,126.674964,37.254138,126.680626
129.5499999999952,3,DEGRADED,DEGRADED_CLOSED_LOOP,DEGRADED_CLOSED_LOOP,NONE,FRESH,FRESHED,FRESH,FRESH,1,59.21120088996078,100.78879911003922,41.57759822007845,9.952131990564896,-185.06279423082015,302.9603189253645,37.250686,126.674964,37.254138,126.680626
129.59999999999522,3,DEGRADED,DEGRADED_FEEDFORWARD,DEGRADED_FEEDFORWARD,NONE,FRESH,FRESHED,STALE,FRESH,1,62.21120088996146,97.78879911003854,30.82063580499694,7.961705592451917,-185.06279423082015,302.9603189253645,37.250686,126.674964,37.254138,126.680626
129.64999999999523,3,DEGRADED,DEGRADED_FEEDFORWARD,DEGRADED_FEEDFORWARD,NONE,FRESH,FRESHED,STALE,FRESH,1,64.58968209750154,95.41031790249846,30.82063580499694,7.961705592451917,-185.06279423082015,302.9603189253645,37.250686,126.674964,37.254138,126.680626
129.69999999999524,3,DEGRADED,DEGRADED_FEEDFORWARD,DEGRADED_FEEDFORWARD,NONE,FRESH,FRESHED,STALE,FRESH,1,64.58968209750154,95.41031790249846,30.82063580499694,7.961705592451917,-185.06279423082015,302.9603189253645,37.250686,126.674964,37.254138,126.680626
129.74999999999525,3,DEGRADED,DEGRADED_FEEDFORWARD,DEGRADED_FEEDFORWARD,NONE,FRESH,FRESHED,STALE,FRESH,1,64.58968209750154,95.41031790249846,30.82063580499694,7.961705592451917,-185.06279423082015,302.9603189253645,37.250686,126.674964,37.254138,126.680626
129.79999999999526,3,DEGRADED,DEGRADED_FEEDFORWARD,DEGRADED_FEEDFORWARD,NONE,FRESH,FRESHED,STALE,FRESH,1,64.58968209750154,95.41031790249846,30.82063580499694,7.961705592451917,-185.06279423082015,302.9603189253645,37.250686,126.674964,37.254138,126.680626
129.84999999999528,3,DEGRADED,DEGRADED_FEEDFORWARD,DEGRADED_FEEDFORWARD,NONE,FRESH,FRESHED,STALE,FRESH,1,64.58968209750154,95.41031790249846,30.82063580499694,7.961705592451917,-185.06279423082015,302.9603189253645,37.250686,126.674964,37.254138,126.680626
129.8999999999953,3,DEGRADED,DEGRADED_FEEDFORWARD,DEGRADED_FEEDFORWARD,NONE,FRESH,FRESHED,STALE,FRESH,1,64.58968209750154,95.41031790249846,30.82063580499694,7.961705592451917,-185.06279423082015,302.9603189253645,37.250686,126.674964,37.254138,126.680626
129.9499999999953,3,DEGRADED,DEGRADED_FEEDFORWARD,DEGRADED_FEEDFORWARD,NONE,FRESH,FRESHED,STALE,FRESH,1,64.58968209750154,95.41031790249846,30.82063580499694,7.961705592451917,-185.06279423082015,302.9603189253645,37.250686,126.674964,37.254138,126.680626
129.9999999999953,3,DEGRADED,DEGRADED_FEEDFORWARD,DEGRADED_FEEDFORWARD,NONE,FRESH,FRESHED,STALE,FRESH,1,64.58968209750154,95.41031790249846,30.82063580499694,7.961705592451917,-185.06279423082015,302.9603189253645,37.250686,126.674964,37.254138,126.680626
130.04999999999532,3,DEGRADED,DEGRADED_FEEDFORWARD,DEGRADED_FEEDFORWARD,NONE,FRESH,FRESHED,STALE,STALE,1,64.58968209750154,95.41031790249846,30.82063580499694,7.961705592451917,-185.06279423082015,302.9603189253645,37.250686,126.674964,37.254138,126.680626
130.09999999999533,3,DEGRADED,DEGRADED_FEEDFORWARD,DEGRADED_FEEDFORWARD,NONE,FRESH,FRESHED,STALE,STALE,1,64.58968209750154,95.41031790249846,30.82063580499694,7.961705592451917,-185.06279423082015,302.9603189253645,37.250686,126.674964,37.254138,126.680626
130.14999999999534,3,DEGRADED,DEGRADED_FEEDFORWARD,DEGRADED_FEEDFORWARD,NONE,FRESH,FRESHED,STALE,STALE,1,64.58968209750154,95.41031790249846,30.82063580499694,7.961705592451917,-185.06279423082015,302.9603189253645,37.250686,126.674964,37.254138,126.680626
130.19999999999536,3,DEGRADED,DEGRADED_FEEDFORWARD,DEGRADED_FEEDFORWARD,NONE,FRESH,FRESHED,STALE,STALE,1,64.58968209750154,95.41031790249846,30.82063580499694,7.961705592451917,-185.06279423082015,302.9603189253645,37.250686,126.674964,37.254138,126.680626
130.24999999999537,3,NO_MOTION,FAIL,NO_MOTION,NO_MOTION,FRESH,STALE,STALE,STALE,0,80.0,80.0,0.0,0.0,0.0,0.0,37.250686,126.674964,37.254138,126.680626
130.29999999999538,3,ACTIVE,FAIL,NO_MOTION,NO_MOTION,FRESH,STALE,FRESH,FRESH,1,58.58968209750017,101.41031790249983,65.0,25.0,0.0,0.0,37.250686,126.674964,37.254138,126.680626
130.3499999999954,3,ACTIVE,FAIL,NO_MOTION,NO_MOTION,FRESH,STALE,FRESH,FRESH,1,55.58968209749949,104.41031790250051,65.0,25.0,0.0,0.0,37.250686,126.674964,37.254138,126.680626
130.3999999999954,3,ACTIVE,FAIL,NO_MOTION,NO_MOTION,FRESH,STALE,FRESH,FRESH,1,52.58968209749881,107.41031790250119,65.0,25.0,0.0,0.0,37.250686,126.674964,37.254138,126.680626
130.4499999999954,3,ACTIVE,FAIL,NO_MOTION,NO_MOTION,FRESH,STALE,FRESH,FRESH,1,49.58968209749813,110.41031790250187,65.0,25.0,0.0,0.0,37.250686,126.674964,37.254138,126.680626
130.49999999999542,3,ACTIVE,FAIL,NO_MOTION,NO_MOTION,FRESH,STALE,FRESH,FRESH,1,47.5,112.5,65.0,25.0,0.0,0.0,37.250686,126.674964,37.254138,126.680626
130.54999999999544,3,ACTIVE,FAIL,NO_MOTION,NO_MOTION,FRESH,STALE,FRESH,FRESH,1,47.5,112.5,65.0,25.0,0.0,0.0,37.250686,126.674964,37.254138,126.680626
130.59999999999545,3,NO_MOTION,FAIL,NO_MOTION,NO_MOTION,FRESH,STALE,STALE,FRESH,0,80.0,80.0,0.0,0.0,0.0,0.0,37.250686,126.674964,37.254138,126.680626
130.64999999999546,3,NO_MOTION,FAIL,NO_MOTION,NO_MOTION,FRESH,STALE,STALE,FRESH,0,80.0,80.0,0.0,0.0,0.0,0.0,37.250686,126.674964,37.254138,126.680626
130.69999999999547,3,NO_MOTION,FAIL,NO_MOTION,NO_MOTION,FRESH,STALE,STALE,FRESH,0,80.0,80.0,0.0,0.0,0.0,0.0,37.250686,126.674964,37.254138,126.680626
130.74999999999548,3,NO_MOTION,FAIL,NO_MOTION,NO_MOTION,FRESH,STALE,STALE,FRESH,0,80.0,80.0,0.0,0.0,0.0,0.0,37.250686,126.674964,37.254138,126.680626
130.7999999999955,3,NO_MOTION,FAIL,NO_MOTION,NO_MOTION,FRESH,STALE,STALE,FRESH,0,80.0,80.0,0.0,0.0,0.0,0.0,37.250686,126.674964,37.254138,126.680626
130.8499999999955,3,NO_MOTION,FAIL,NO_MOTION,NO_MOTION,FRESH,STALE,STALE,FRESH,0,80.0,80.0,0.0,0.0,0.0,0.0,37.250686,126.674964,37.254138,126.680626
130.89999999999552,3,NO_MOTION,FAIL,NO_MOTION,NO_MOTION,FRESH,STALE,STALE,FRESH,0,80.0,80.0,0.0,0.0,0.0,0.0,37.250686,126.674964,37.254138,126.680626
130.94999999999553,3,NO_MOTION,FAIL,NO_MOTION,NO_MOTION,FRESH,STALE,STALE,FRESH,0,80.0,80.0,0.0,0.0,0.0,0.0,37.250686,126.674964,37.254138,126.680626
130.99999999999554,3,NO_MOTION,FAIL,NO_MOTION,NO_MOTION,FRESH,STALE,STALE,FRESH,0,80.0,80.0,0.0,0.0,0.0,0.0,37.250686,126.674964,37.254138,126.680626
131.04999999999555,3,NO_MOTION,FAIL,NO_MOTION,NO_MOTION,FRESH,STALE,STALE,STALE,0,80.0,80.0,0.0,0.0,0.0,0.0,37.250686,126.674964,37.254138,126.680626
131.09999999999556,3,NO_MOTION,FAIL,NO_MOTION,NO_MOTION,FRESH,STALE,STALE,STALE,0,80.0,80.0,0.0,0.0,0.0,0.0,37.250686,126.674964,37.254138,126.680626
131.14999999999557,3,NO_MOTION,FAIL,NO_MOTION,NO_MOTION,FRESH,STALE,STALE,STALE,0,80.0,80.0,0.0,0.0,0.0,0.0,37.250686,126.674964,37.254138,126.680626
131.19999999999558,3,NO_MOTION,FAIL,NO_MOTION,NO_MOTION,FRESH,STALE,STALE,STALE,0,80.0,80.0,0.0,0.0,0.0,0.0,37.250686,126.674964,37.254138,126.680626
131.2499999999956,3,NO_MOTION,FAIL,NO_MOTION,NO_MOTION,FRESH,STALE,STALE,STALE,0,80.0,80.0,0.0,0.0,0.0,0.0,37.250686,126.674964,37.254138,126.680626
131.2999999999956,3,ACTIVE,FAIL,NO_MOTION,NO_MOTION,FRESH,STALE,FRESH,FRESH,1,47.5,112.5,65.0,25.0,0.0,0.0,37.250686,126.674964,37.254138,126.680626
131.34999999999562,3,ACTIVE,FAIL,NO_MOTION,NO_MOTION,FRESH,STALE,FRESH,FRESH,1,47.5,112.5,65.0,25.0,0.0,0.0,37.250686,126.674964,37.254138,126.680626
131.39999999999563,3,ACTIVE,FAIL,NO_MOTION,NO_MOTION,FRESH,STALE,FRESH,FRESH,1,47.5,112.5,65.0,25.0,0.0,0.0,37.250686,126.674964,37.254138,126.680626
131.44999999999564,3,ACTIVE,FAIL,NO_MOTION,NO_MOTION,FRESH,STALE,FRESH,FRESH,1,47.5,112.5,65.0,25.0,0.0,0.0,37.250686,126.674964,37.254138,126.680626
131.49999999999565,3,ACTIVE,FAIL,NO_MOTION,NO_MOTION,FRESH,STALE,FRESH,FRESH,1,47.5,112.5,65.0,25.0,0.0,0.0,37.250686,126.674964,37.254138,126.680626
131.54999999999566,3,ACTIVE,FAIL,NO_MOTION,NO_MOTION,FRESH,STALE,FRESH,FRESH,1,47.5,112.5,65.0,25.0,0.0,0.0,37.250686,126.674964,37.254138,126.680626
131.59999999999567,3,NO_MOTION,FAIL,NO_MOTION,NO_MOTION,FRESH,STALE,STALE,FRESH,0,80.0,80.0,0.0,0.0,0.0,0.0,37.250686,126.674964,37.254138,126.680626
131.64999999999569,3,NO_MOTION,FAIL,NO_MOTION,NO_MOTION,FRESH,STALE,STALE,FRESH,0,80.0,80.0,0.0,0.0,0.0,0.0,37.250686,126.674964,37.254138,126.680626
131.6999999999957,3,NO_MOTION,FAIL,NO_MOTION,NO_MOTION,FRESH,STALE,STALE,FRESH,0,80.0,80.0,0.0,0.0,0.0,0.0,37.250686,126.674964,37.254138,126.680626
131.7499999999957,3,NO_MOTION,FAIL,NO_MOTION,NO_MOTION,FRESH,STALE,STALE,FRESH,0,80.0,80.0,0.0,0.0,0.0,0.0,37.250686,126.674964,37.254138,126.680626
131.79999999999572,3,NO_MOTION,FAIL,NO_MOTION,NO_MOTION,FRESH,STALE,STALE,FRESH,0,80.0,80.0,0.0,0.0,0.0,0.0,37.250686,126.674964,37.254138,126.680626
131.84999999999573,3,NO_MOTION,FAIL,NO_MOTION,NO_MOTION,FRESH,STALE,STALE,FRESH,0,80.0,80.0,0.0,0.0,0.0,0.0,37.250686,126.674964,37.254138,126.680626
131.89999999999574,3,NO_MOTION,FAIL,NO_MOTION,NO_MOTION,FRESH,STALE,STALE,FRESH,0,80.0,80.0,0.0,0.0,0.0,0.0,37.250686,126.674964,37.254138,126.680626
131.94999999999575,3,NO_MOTION,FAIL,NO_MOTION,NO_MOTION,FRESH,STALE,STALE,FRESH,0,80.0,80.0,0.0,0.0,0.0,0.0,37.250686,126.674964,37.254138,126.680626
131.99999999999577,3,NO_MOTION,FAIL,NO_MOTION,NO_MOTION,FRESH,STALE,STALE,FRESH,0,80.0,80.0,0.0,0.0,0.0,0.0,37.250686,126.674964,37.254138,126.680626
132.04999999999578,3,NO_MOTION,FAIL,NO_MOTION,NO_MOTION,FRESH,STALE,STALE,STALE,0,80.0,80.0,0.0,0.0,0.0,0.0,37.250686,126.674964,37.254138,126.680626
132.0999999999958,3,NO_MOTION,FAIL,NO_MOTION,NO_MOTION,FRESH,STALE,STALE,STALE,0,80.0,80.0,0.0,0.0,0.0,0.0,37.250686,126.674964,37.254138,126.680626
132.1499999999958,3,NO_MOTION,FAIL,NO_MOTION,NO_MOTION,FRESH,STALE,STALE,STALE,0,80.0,80.0,0.0,0.0,0.0,0.0,37.250686,126.674964,37.254138,126.680626
132.1999999999958,3,NO_MOTION,FAIL,NO_MOTION,NO_MOTION,FRESH,STALE,STALE,STALE,0,80.0,80.0,0.0,0.0,0.0,0.0,37.250686,126.674964,37.254138,126.680626
132.24999999999582,3,NO_MOTION,FAIL,NO_MOTION,NO_MOTION,FRESH,STALE,STALE,STALE,0,80.0,80.0,0.0,0.0,0.0,0.0,37.250686,126.674964,37.254138,126.680626
132.29999999999583,3,ACTIVE,FAIL,NO_MOTION,NO_MOTION,FRESH,STALE,FRESH,FRESH,1,47.5,112.5,65.0,25.0,0.0,0.0,37.250686,126.674964,37.254138,126.680626
132.34999999999584,3,ACTIVE,FAIL,NO_MOTION,NO_MOTION,FRESH,STALE,FRESH,FRESH,1,47.5,112.5,65.0,25.0,0.0,0.0,37.250686,126.674964,37.254138,126.680626
132.39999999999586,3,ACTIVE,FAIL,NO_MOTION,NO_MOTION,FRESH,STALE,FRESH,FRESH,1,47.5,112.5,65.0,25.0,0.0,0.0,37.250686,126.674964,37.254138,126.680626
132.44999999999587,3,ACTIVE,FAIL,NO_MOTION,NO_MOTION,FRESH,STALE,FRESH,FRESH,1,47.5,112.5,65.0,25.0,0.0,0.0,37.250686,126.674964,37.254138,126.680626
132.49999999999588,3,ACTIVE,FAIL,NO_MOTION,NO_MOTION,FRESH,STALE,FRESH,FRESH,1,47.5,112.5,65.0,25.0,0.0,0.0,37.250686,126.674964,37.254138,126.680626
132.5499999999959,3,ACTIVE,FAIL,NO_MOTION,NO_MOTION,FRESH,STALE,FRESH,FRESH,1,47.5,112.5,65.0,25.0,0.0,0.0,37.250686,126.674964,37.254138,126.680626
132.5999999999959,3,NO_MOTION,FAIL,NO_MOTION,NO_MOTION,FRESH,STALE,STALE,FRESH,0,80.0,80.0,0.0,0.0,0.0,0.0,37.250686,126.674964,37.254138,126.680626
132.6499999999959,3,NO_MOTION,FAIL,NO_MOTION,NO_MOTION,FRESH,STALE,STALE,FRESH,0,80.0,80.0,0.0,0.0,0.0,0.0,37.250686,126.674964,37.254138,126.680626
132.69999999999592,3,NO_MOTION,FAIL,NO_MOTION,NO_MOTION,FRESH,STALE,STALE,FRESH,0,80.0,80.0,0.0,0.0,0.0,0.0,37.250686,126.674964,37.254138,126.680626
132.74999999999594,3,NO_MOTION,FAIL,NO_MOTION,NO_MOTION,FRESH,STALE,STALE,FRESH,0,80.0,80.0,0.0,0.0,0.0,0.0,37.250686,126.674964,37.254138,126.680626
132.79999999999595,3,NO_MOTION,FAIL,NO_MOTION,NO_MOTION,FRESH,STALE,STALE,FRESH,0,80.0,80.0,0.0,0.0,0.0,0.0,37.250686,126.674964,37.254138,126.680626
132.84999999999596,3,NO_MOTION,FAIL,NO_MOTION,NO_MOTION,FRESH,STALE,STALE,FRESH,0,80.0,80.0,0.0,0.0,0.0,0.0,37.250686,126.674964,37.254138,126.680626
132.89999999999597,3,NO_MOTION,FAIL,NO_MOTION,NO_MOTION,FRESH,STALE,STALE,FRESH,0,80.0,80.0,0.0,0.0,0.0,0.0,37.250686,126.674964,37.254138,126.680626
132.94999999999598,3,NO_MOTION,FAIL,NO_MOTION,NO_MOTION,FRESH,STALE,STALE,FRESH,0,80.0,80.0,0.0,0.0,0.0,0.0,37.250686,126.674964,37.254138,126.680626
132.999999999996,3,NO_MOTION,FAIL,NO_MOTION,NO_MOTION,FRESH,STALE,STALE,FRESH,0,80.0,80.0,0.0,0.0,0.0,0.0,37.250686,126.674964,37.254138,126.680626
133.049999999996,3,NO_MOTION,FAIL,NO_MOTION,NO_MOTION,FRESH,STALE,STALE,STALE,0,80.0,80.0,0.0,0.0,0.0,0.0,37.250686,126.674964,37.254138,126.680626
133.09999999999602,3,NO_MOTION,FAIL,NO_MOTION,NO_MOTION,FRESH,STALE,STALE,STALE,0,80.0,80.0,0.0,0.0,0.0,0.0,37.250686,126.674964,37.254138,126.680626
133.14999999999603,3,NO_MOTION,FAIL,NO_MOTION,NO_MOTION,FRESH,STALE,STALE,STALE,0,80.0,80.0,0.0,0.0,0.0,0.0,37.250686,126.674964,37.254138,126.680626
133.19999999999604,3,NO_MOTION,FAIL,NO_MOTION,NO_MOTION,FRESH,STALE,STALE,STALE,0,80.0,80.0,0.0,0.0,0.0,0.0,37.250686,126.674964,37.254138,126.680626
133.24999999999605,3,NO_MOTION,FAIL,NO_MOTION,NO_MOTION,FRESH,STALE,STALE,STALE,0,80.0,80.0,0.0,0.0,0.0,0.0,37.250686,126.674964,37.254138,126.680626
133.29999999999606,3,ACTIVE,NOMINAL_CLOSED_LOOP,NOMINAL_CLOSED_LOOP,NONE,FRESH,FRESH,FRESH,FRESH,1,67.5,92.5,-39.90345361004672,-8.647299504671665,-6.092839930472678,559.6642678533078,37.250686,126.674964,37.254138,126.680626
133.34999999999607,3,ACTIVE,NOMINAL_CLOSED_LOOP,NOMINAL_CLOSED_LOOP,NONE,FRESH,FRESH,FRESH,FRESH,1,72.50000000000114,87.49999999999886,-39.91288090955139,-8.647299504671665,-6.092839930472678,559.6642678533078,37.250686,126.674964,37.254138,126.680626
133.39999999999608,3,ACTIVE,NOMINAL_CLOSED_LOOP,NOMINAL_CLOSED_LOOP,NONE,FRESH,FRESH,FRESH,FRESH,1,77.50000000000227,82.49999999999773,-39.92230820905606,-8.647299504671665,-6.092839930472678,559.6642678533078,37.250686,126.674964,37.254138,126.680626
133.4499999999961,3,ACTIVE,NOMINAL_CLOSED_LOOP,NOMINAL_CLOSED_LOOP,NONE,FRESH,FRESH,FRESH,FRESH,1,82.50000000000341,77.49999999999659,-39.931735508560735,-8.647299504671665,-6.092839930472678,559.6642678533078,37.250686,126.674964,37.254138,126.680626
133.4999999999961,3,ACTIVE,NOMINAL_CLOSED_LOOP,NOMINAL_CLOSED_LOOP,NONE,FRESH,FRESH,FRESH,FRESH,1,87.50000000000455,72.49999999999545,-39.941162808065414,-8.647299504671665,-6.092839930472678,559.6642678533078,37.250686,126.674964,37.254138,126.680626
133.54999999999612,3,ACTIVE,NOMINAL_CLOSED_LOOP,NOMINAL_CLOSED_LOOP,NONE,FRESH,FRESH,FRESH,FRESH,1,92.50000000000568,67.49999999999432,-39.950590107570086,-8.647299504671665,-6.092839930472678,559.6642678533078,37.250686,126.674964,37.254138,126.680626
133.59999999999613,3,ACTIVE,NOMINAL_FEEDFORWARD,NOMINAL_FEEDFORWARD,NONE,FRESH,FRESH,STALE,FRESH,1,96.79984141658693,63.20015858341307,-33.599682833173866,-7.566387066587706,-6.092839930472678,559.6642678533078,37.250686,126.674964,37.254138,126.680626
133.64999999999614,3,ACTIVE,NOMINAL_FEEDFORWARD,NOMINAL_FEEDFORWARD,NONE,FRESH,FRESH,STALE,FRESH,1,96.79984141658693,63.20015858341307,-33.599682833173866,-7.566387066587706,-6.092839930472678,559.6642678533078,37.250686,126.674964,37.254138,126.680626
133.69999999999615,3,ACTIVE,NOMINAL_FEEDFORWARD,NOMINAL_FEEDFORWARD,NONE,FRESH,FRESH,STALE,FRESH,1,96.79984141658693,63.20015858341307,-33.599682833173866,-7.566387066587706,-6.092839930472678,559.6642678533078,37.250686,126.674964,37.254138,126.680626
133.74999999999616,3,ACTIVE,NOMINAL_FEEDFORWARD,NOMINAL_FEEDFORWARD,NONE,FRESH,FRESH,STALE,FRESH,1,96.79984141658693,63.20015858341307,-33.599682833173866,-7.566387066587706,-6.092839930472678,559.6642678533078,37.250686,126.674964,37.254138,126.680626
133.79999999999617,3,ACTIVE,NOMINAL_FEEDFORWARD,NOMINAL_FEEDFORWARD,NONE,FRESH,FRESH,STALE,FRESH,1,96.79984141658693,63.20015858341307,-33.599682833173866,-7.566387066587706,-6.092839930472678,559.6642678533078,37.250686,126.674964,37.254138,126.680626
133.8499999999962,3,ACTIVE,NOMINAL_FEEDFORWARD,NOMINAL_FEEDFORWARD,NONE,FRESH,FRESH,STALE,FRESH,1,96.79984141658693,63.20015858341307,-33.599682833173866,-7.566387066587706,-6.092839930472678,559.6642678533078,37.250686,126.674964,37.254138,126.680626
133.8999999999962,3,ACTIVE,NOMINAL_FEEDFORWARD,NOMINAL_FEEDFORWARD,NONE,FRESH,FRESH,STALE,FRESH,1,96.79984141658693,63.20015858341307,-33.599682833173866,-7.566387066587706,-6.092839930472678,559.6642678533078,37.250686,126.674964,37.254138,126.680626
133.9499999999962,3,ACTIVE,NOMINAL_FEEDFORWARD,NOMINAL_FEEDFORWARD,NONE,FRESH,FRESH,STALE,FRESH,1,96.79984141658693,63.20015858341307,-33.599682833173866,-7.566387066587706,-6.092839930472678,559.6642678533078,37.250686,126.674964,37.254138,126.680626
133.99999999999622,3,ACTIVE,NOMINAL_FEEDFORWARD,NOMINAL_FEEDFORWARD,NONE,FRESH,FRESH,STALE,FRESH,1,96.79984141658693,63.20015858341307,-33.599682833173866,-7.566387066587706,-6.092839930472678,559.6642678533078,37.250686,126.674964,37.254138,126.680626
134.04999999999623,3,ACTIVE,NOMINAL_FEEDFORWARD,NOMINAL_FEEDFORWARD,NONE,FRESH,FRESH,STALE,STALE,1,96.79984141658693,63.20015858341307,-33.599682833173866,-7.566387066587706,-6.092839930472678,559.6642678533078,37.250686,126.674964,37.254138,126.680626
134.09999999999624,3,ACTIVE,NOMINAL_FEEDFORWARD,NOMINAL_FEEDFORWARD,NONE,FRESH,FRESH,STALE,STALE,1,96.79984141658693,63.20015858341307,-33.599682833173866,-7.566387066587706,-6.092839930472678,559.6642678533078,37.250686,126.674964,37.254138,126.680626
134.14999999999625,3,ACTIVE,NOMINAL_FEEDFORWARD,NOMINAL_FEEDFORWARD,NONE,FRESH,FRESH,STALE,STALE,1,96.79984141658693,63.20015858341307,-33.599682833173866,-7.566387066587706,-6.092839930472678,559.6642678533078,37.250686,126.674964,37.254138,126.680626
134.19999999999627,3,ACTIVE,NOMINAL_FEEDFORWARD,NOMINAL_FEEDFORWARD,NONE,FRESH,FRESH,STALE,STALE,1,96.79984141658693,63.20015858341307,-33.599682833173866,-7.566387066587706,-6.092839930472678,559.6642678533078,37.250686,126.674964,37.254138,126.680626
134.24999999999628,3,ACTIVE,NOMINAL_FEEDFORWARD,NOMINAL_FEEDFORWARD,NONE,FRESH,FRESH,STALE,STALE,1,96.79984141658693,63.20015858341307,-33.599682833173866,-7.566387066587706,-6.092839930472678,559.6642678533078,37.250686,126.674964,37.254138,126.680626
134.2999999999963,3,DEGRADED,DEGRADED_CLOSED_LOOP,DEGRADED_CLOSED_LOOP,NONE,FRESH,FRESHED,FRESH,FRESH,1,94.22649575074314,65.77350424925686,-28.452991501486288,-5.447878133176815,-6.092839930472678,559.6642678533078,37.250686,126.674964,37.254138,126.680626
134.3499999999963,3,DEGRADED,DEGRADED_CLOSED_LOOP,DEGRADED_CLOSED_LOOP,NONE,FRESH,FRESHED,FRESH,FRESH,1,94.22939468980974,65.77060531019026,-28.458789379619468,-5.447878133176815,-6.092839930472678,559.6642678533078,37.250686,126.674964,37.254138,126.680626
134.3999999999963,3,DEGRADED,DEGRADED_CLOSED_LOOP,DEGRADED_CLOSED_LOOP,NONE,FRESH,FRESHED,FRESH,FRESH,1,94.23229362887632,65.76770637112368,-28.464587257752644,-5.447878133176815,-6.092839930472678,559.6642678533078,37.250686,126.674964,37.254138,126.680626
134.44999999999632,3,DEGRADED,DEGRADED_CLOSED_LOOP,DEGRADED_CLOSED_LOOP,NONE,FRESH,FRESHED,FRESH,FRESH,1,94.23519256794292,65.76480743205708,-28.470385135885824,-5.447878133176815,-6.092839930472678,559.6642678533078,37.250686,126.674964,37.254138,126.680626
134.49999999999633,3,DEGRADED,DEGRADED_CLOSED_LOOP,DEGRADED_CLOSED_LOOP,NONE,FRESH,FRESHED,FRESH,FRESH,1,94.2380915070095,65.7619084929905,-28.476183014019,-5.447878133176815,-6.092839930472678,559.6642678533078,37.250686,126.674964,37.254138,126.680626
134.54999999999634,3,DEGRADED,DEGRADED_CLOSED_LOOP,DEGRADED_CLOSED_LOOP,NONE,FRESH,FRESHED,FRESH,FRESH,1,94.2409904460761,65.7590095539239,-28.48198089215218,-5.447878133176815,-6.092839930472678,559.6642678533078,37.250686,126.674964,37.254138,126.680626
134.59999999999636,3,DEGRADED,DEGRADED_FEEDFORWARD,DEGRADED_FEEDFORWARD,NONE,FRESH,FRESHED,STALE,FRESH,1,91.24099044607541,68.75900955392459,-19.91854834773106,-3.534887871109007,-6.092839930472678,559.6642678533078,37.250686,126.674964,37.254138,126.680626
134.64999999999637,3,DEGRADED,DEGRADED_FEEDFORWARD,DEGRADED_FEEDFORWARD,NONE,FRESH,FRESHED,STALE,FRESH,1,89.95927417386554,70.04072582613446,-19.91854834773106,-3.534887871109007,-6.092839930472678,559.6642678533078,37.250686,126.674964,37.254138,126.680626
134.69999999999638,3,DEGRADED,DEGRADED_FEEDFORWARD,DEGRADED_FEEDFORWARD,NONE,FRESH,FRESHED,STALE,FRESH,1,89.95927417386554,70.04072582613446,-19.91854834773106,-3.534887871109007,-6.092839930472678,559.6642678533078,37.250686,126.674964,37.254138,126.680626
134.7499999999964,3,DEGRADED,DEGRADED_FEEDFORWARD,DEGRADED_FEEDFORWARD,NONE,FRESH,FRESHED,STALE,FRESH,1,89.95927417386554,70.04072582613446,-19.91854834773106,-3.534887871109007,-6.092839930472678,559.6642678533078,37.250686,126.674964,37.254138,126.680626
134.7999999999964,3,DEGRADED,DEGRADED_FEEDFORWARD,DEGRADED_FEEDFORWARD,NONE,FRESH,FRESHED,STALE,FRESH,1,89.95927417386554,70.04072582613446,-19.91854834773106,-3.534887871109007,-6.092839930472678,559.6642678533078,37.250686,126.674964,37.254138,126.680626
134.8499999999964,3,DEGRADED,DEGRADED_FEEDFORWARD,DEGRADED_FEEDFORWARD,NONE,FRESH,FRESHED,STALE,FRESH,1,89.95927417386554,70.04072582613446,-19.91854834773106,-3.534887871109007,-6.092839930472678,559.6642678533078,37.250686,126.674964,37.254138,126.680626
134.89999999999642,3,DEGRADED,DEGRADED_FEEDFORWARD,DEGRADED_FEEDFORWARD,NONE,FRESH,FRESHED,STALE,FRESH,1,89.95927417386554,70.04072582613446,-19.91854834773106,-3.534887871109007,-6.092839930472678,559.6642678533078,37.250686,126.674964,37.254138,126.680626
134.94999999999644,3,DEGRADED,DEGRADED_FEEDFORWARD,DEGRADED_FEEDFORWARD,NONE,FRESH,FRESHED,STALE,FRESH,1,89.95927417386554,70.04072582613446,-19.91854834773106,-3.534887871109007,-6.092839930472678,559.6642678533078,37.250686,126.674964,37.254138,126.680626
134.99999999999645,3,DEGRADED,DEGRADED_FEEDFORWARD,DEGRADED_FEEDFORWARD,NONE,FRESH,FRESHED,STALE,FRESH,1,89.95927417386554,70.04072582613446,-19.91854834773106,-3.534887871109007,-6.092839930472678,559.6642678533078,37.250686,126.674964,37.254138,126.680626
135.04999999999646,3,DEGRADED,DEGRADED_FEEDFORWARD,DEGRADED_FEEDFORWARD,NONE,FRESH,FRESHED,STALE,STALE,1,89.95927417386554,70.04072582613446,-19.91854834773106,-3.534887871109007,-6.092839930472678,559.6642678533078,37.250686,126.674964,37.254138,126.680626
135.09999999999647,3,DEGRADED,DEGRADED_FEEDFORWARD,DEGRADED_FEEDFORWARD,NONE,FRESH,FRESHED,STALE,STALE,1,89.95927417386554,70.04072582613446,-19.91854834773106,-3.534887871109007,-6.092839930472678,559.6642678533078,37.250686,126.674964,37.254138,126.680626
135.14999999999648,3,DEGRADED,DEGRADED_FEEDFORWARD,DEGRADED_FEEDFORWARD,NONE,FRESH,FRESHED,STALE,STALE,1,89.95927417386554,70.04072582613446,-19.91854834773106,-3.534887871109007,-6.092839930472678,559.6642678533078,37.250686,126.674964,37.254138,126.680626
135.1999999999965,3,DEGRADED,DEGRADED_FEEDFORWARD,DEGRADED_FEEDFORWARD,NONE,FRESH,FRESHED,STALE,STALE,1,89.95927417386554,70.04072582613446,-19.91854834773106,-3.534887871109007,-6.092839930472678,559.6642678533078,37.250686,126.674964,37.254138,126.680626
135.2499999999965,3,DEGRADED,DEGRADED_FEEDFORWARD,DEGRADED_FEEDFORWARD,NONE,FRESH,FRESHED,STALE,STALE,1,89.95927417386554,70.04072582613446,-19.91854834773106,-3.534887871109007,-6.092839930472678,559.6642678533078,37.250686,126.674964,37.254138,126.680626
135.29999999999652,3,ACTIVE,NOMINAL_CLOSED_LOOP,NOMINAL_CLOSED_LOOP,NONE,FRESH,FRESH,FRESH,FRESH,1,94.95927417386667,65.04072582613333,-42.970429508207104,-9.777853764890875,-1.7237103039203134,582.7409540500032,37.250686,126.674964,37.254138,126.680626
135.34999999999653,3,ACTIVE,NOMINAL_CLOSED_LOOP,NOMINAL_CLOSED_LOOP,NONE,FRESH,FRESH,FRESH,FRESH,1,99.95927417386781,60.04072582613219,-42.980087361972,-9.777853764890875,-1.7237103039203134,582.7409540500032,37.250686,126.674964,37.254138,126.680626
135.39999999999654,3,ACTIVE,NOMINAL_CLOSED_LOOP,NOMINAL_CLOSED_LOOP,NONE,FRESH,FRESH,FRESH,FRESH,1,101.49487260786844,58.505127392131556,-42.98974521573689,-9.777853764890875,-1.7237103039203134,582.7409540500032,37.250686,126.674964,37.254138,126.680626
135.44999999999655,3,ACTIVE,NOMINAL_CLOSED_LOOP,NOMINAL_CLOSED_LOOP,NONE,FRESH,FRESH,FRESH,FRESH,1,101.4997015347509,58.50029846524911,-42.99940306950178,-9.777853764890875,-1.7237103039203134,582.7409540500032,37.250686,126.674964,37.254138,126.680626
135.49999999999656,3,ACTIVE,NOMINAL_CLOSED_LOOP,NOMINAL_CLOSED_LOOP,NONE,FRESH,FRESH,FRESH,FRESH,1,101.50453046163334,58.49546953836666,-43.009060923266674,-9.777853764890875,-1.7237103039203134,582.7409540500032,37.250686,126.674964,37.254138,126.680626
135.54999999999657,3,ACTIVE,NOMINAL_CLOSED_LOOP,NOMINAL_CLOSED_LOOP,NONE,FRESH,FRESH,FRESH,FRESH,1,101.50935938851578,58.49064061148422,-43.018718777031566,-9.777853764890875,-1.7237103039203134,582.7409540500032,37.250686,126.674964,37.254138,126.680626
135.59999999999658,3,ACTIVE,NOMINAL_FEEDFORWARD,NOMINAL_FEEDFORWARD,NONE,FRESH,FRESH,STALE,FRESH,1,98.12196133790587,61.87803866209413,-36.243922675811746,-8.555622044279515,-1.7237103039203134,582.7409540500032,37.250686,126.674964,37.254138,126.680626
135.6499999999966,3,ACTIVE,NOMINAL_FEEDFORWARD,NOMINAL_FEEDFORWARD,NONE,FRESH,FRESH,STALE,FRESH,1,98.12196133790587,61.87803866209413,-36.243922675811746,-8.555622044279515,-1.7237103039203134,582.7409540500032,37.250686,126.674964,37.254138,126.680626
135.6999999999966,3,ACTIVE,NOMINAL_FEEDFORWARD,NOMINAL_FEEDFORWARD,NONE,FRESH,FRESH,STALE,FRESH,1,98.12196133790587,61.87803866209413,-36.243922675811746,-8.555622044279515,-1.7237103039203134,582.7409540500032,37.250686,126.674964,37.254138,126.680626
135.74999999999662,3,ACTIVE,NOMINAL_FEEDFORWARD,NOMINAL_FEEDFORWARD,NONE,FRESH,FRESH,STALE,FRESH,1,98.12196133790587,61.87803866209413,-36.243922675811746,-8.555622044279515,-1.7237103039203134,582.7409540500032,37.250686,126.674964,37.254138,126.680626
135.79999999999663,3,ACTIVE,NOMINAL_FEEDFORWARD,NOMINAL_FEEDFORWARD,NONE,FRESH,FRESH,STALE,FRESH,1,98.12196133790587,61.87803866209413,-36.243922675811746,-8.555622044279515,-1.7237103039203134,582.7409540500032,37.250686,126.674964,37.254138,126.680626
135.84999999999664,3,ACTIVE,NOMINAL_FEEDFORWARD,NOMINAL_FEEDFORWARD,NONE,FRESH,FRESH,STALE,FRESH,1,98.12196133790587,61.87803866209413,-36.243922675811746,-8.555622044279515,-1.7237103039203134,582.7409540500032,37.250686,126.674964,37.254138,126.680626
135.89999999999665,3,ACTIVE,NOMINAL_FEEDFORWARD,NOMINAL_FEEDFORWARD,NONE,FRESH,FRESH,STALE,FRESH,1,98.12196133790587,61.87803866209413,-36.243922675811746,-8.555622044279515,-1.7237103039203134,582.7409540500032,37.250686,126.674964,37.254138,126.680626
135.94999999999666,3,ACTIVE,NOMINAL_FEEDFORWARD,NOMINAL_FEEDFORWARD,NONE,FRESH,FRESH,STALE,FRESH,1,98.12196133790587,61.87803866209413,-36.243922675811746,-8.555622044279515,-1.7237103039203134,582.7409540500032,37.250686,126.674964,37.254138,126.680626
135.99999999999667,3,ACTIVE,NOMINAL_FEEDFORWARD,NOMINAL_FEEDFORWARD,NONE,FRESH,FRESH,STALE,FRESH,1,98.12196133790587,61.87803866209413,-36.243922675811746,-8.555622044279515,-1.7237103039203134,582.7409540500032,37.250686,126.674964,37.254138,126.680626
136.0499999999967,3,ACTIVE,NOMINAL_FEEDFORWARD,NOMINAL_FEEDFORWARD,NONE,FRESH,FRESH,STALE,STALE,1,98.12196133790587,61.87803866209413,-36.243922675811746,-8.555622044279515,-1.7237103039203134,582.7409540500032,37.250686,126.674964,37.254138,126.680626
136.0999999999967,3,ACTIVE,NOMINAL_FEEDFORWARD,NOMINAL_FEEDFORWARD,NONE,FRESH,FRESH,STALE,STALE,1,98.12196133790587,61.87803866209413,-36.243922675811746,-8.555622044279515,-1.7237103039203134,582.7409540500032,37.250686,126.674964,37.254138,126.680626
136.1499999999967,3,ACTIVE,NOMINAL_FEEDFORWARD,NOMINAL_FEEDFORWARD,NONE,FRESH,FRESH,STALE,STALE,1,98.12196133790587,61.87803866209413,-36.243922675811746,-8.555622044279515,-1.7237103039203134,582.7409540500032,37.250686,126.674964,37.254138,126.680626
136.19999999999672,3,ACTIVE,NOMINAL_FEEDFORWARD,NOMINAL_FEEDFORWARD,NONE,FRESH,FRESH,STALE,STALE,1,98.12196133790587,61.87803866209413,-36.243922675811746,-8.555622044279515,-1.7237103039203134,582.7409540500032,37.250686,126.674964,37.254138,126.680626
136.24999999999673,3,ACTIVE,NOMINAL_FEEDFORWARD,NOMINAL_FEEDFORWARD,NONE,FRESH,FRESH,STALE,STALE,1,98.12196133790587,61.87803866209413,-36.243922675811746,-8.555622044279515,-1.7237103039203134,582.7409540500032,37.250686,126.674964,37.254138,126.680626
136.29999999999674,3,DEGRADED,DEGRADED_CLOSED_LOOP,DEGRADED_CLOSED_LOOP,NONE,FRESH,FRESHED,FRESH,FRESH,1,94.62196133790508,65.37803866209492,-22.09123978801815,-3.41581835621337,-1.7237103039203134,582.7409540500032,37.250686,126.674964,37.254138,126.680626
136.34999999999675,3,DEGRADED,DEGRADED_CLOSED_LOOP,DEGRADED_CLOSED_LOOP,NONE,FRESH,FRESHED,FRESH,FRESH,1,91.12196133790428,68.87803866209572,-22.095195606374364,-3.41581835621337,-1.7237103039203134,582.7409540500032,37.250686,126.674964,37.254138,126.680626
136.39999999999677,3,DEGRADED,DEGRADED_CLOSED_LOOP,DEGRADED_CLOSED_LOOP,NONE,FRESH,FRESHED,FRESH,FRESH,1,91.04957571236528,68.95042428763472,-22.09915142473058,-3.41581835621337,-1.7237103039203134,582.7409540500032,37.250686,126.674964,37.254138,126.680626
136.44999999999678,3,DEGRADED,DEGRADED_CLOSED_LOOP,DEGRADED_CLOSED_LOOP,NONE,FRESH,FRESHED,FRESH,FRESH,1,91.05155362154339,68.94844637845661,-22.103107243086793,-3.41581835621337,-1.7237103039203134,582.7409540500032,37.250686,126.674964,37.254138,126.680626
136.4999999999968,3,DEGRADED,DEGRADED_CLOSED_LOOP,DEGRADED_CLOSED_LOOP,NONE,FRESH,FRESHED,FRESH,FRESH,1,91.0535315307215,68.9464684692785,-22.107063061443007,-3.41581835621337,-1.7237103039203134,582.7409540500032,37.250686,126.674964,37.254138,126.680626
136.5499999999968,3,DEGRADED,DEGRADED_CLOSED_LOOP,DEGRADED_CLOSED_LOOP,NONE,FRESH,FRESHED,FRESH,FRESH,1,91.05550943989961,68.94449056010039,-22.11101887979922,-3.41581835621337,-1.7237103039203134,582.7409540500032,37.250686,126.674964,37.254138,126.680626
136.5999999999968,3,DEGRADED,DEGRADED_FEEDFORWARD,DEGRADED_FEEDFORWARD,NONE,FRESH,FRESHED,STALE,FRESH,1,88.05550943989893,71.94449056010107,0.0,-2.077023902964687,-1.7237103039203134,582.7409540500032,37.250686,126.674964,37.254138,126.680626
136.64999999999682,3,DEGRADED,DEGRADED_FEEDFORWARD,DEGRADED_FEEDFORWARD,NONE,FRESH,FRESHED,STALE,FRESH,1,85.05550943989824,74.94449056010176,0.0,-2.077023902964687,-1.7237103039203134,582.7409540500032,37.250686,126.674964,37.254138,126.680626
136.69999999999683,3,DEGRADED,DEGRADED_FEEDFORWARD,DEGRADED_FEEDFORWARD,NONE,FRESH,FRESHED,STALE,FRESH,1,82.05550943989756,77.94449056010244,0.0,-2.077023902964687,-1.7237103039203134,582.7409540500032,37.250686,126.674964,37.254138,126.680626
136.74999999999685,3,DEGRADED,DEGRADED_FEEDFORWARD,DEGRADED_FEEDFORWARD,NONE,FRESH,FRESHED,STALE,FRESH,1,80.0,80.0,0.0,-2.077023902964687,-1.7237103039203134,582.7409540500032,37.250686,126.674964,37.254138,126.680626
136.79999999999686,3,DEGRADED,DEGRADED_FEEDFORWARD,DEGRADED_FEEDFORWARD,NONE,FRESH,FRESHED,STALE,FRESH,1,80.0,80.0,0.0,-2.077023902964687,-1.7237103039203134,582.7409540500032,37.250686,126.674964,37.254138,126.680626
136.84999999999687,3,DEGRADED,DEGRADED_FEEDFORWARD,DEGRADED_FEEDFORWARD,NONE,FRESH,FRESHED,STALE,FRESH,1,80.0,80.0,0.0,-2.077023902964687,-1.7237103039203134,582.7409540500032,37.250686,126.674964,37.254138,126.680626
136.89999999999688,3,DEGRADED,DEGRADED_FEEDFORWARD,DEGRADED_FEEDFORWARD,NONE,FRESH,FRESHED,STALE,FRESH,1,80.0,80.0,0.0,-2.077023902964687,-1.7237103039203134,582.7409540500032,37.250686,126.674964,37.254138,126.680626
136.9499999999969,3,DEGRADED,DEGRADED_FEEDFORWARD,DEGRADED_FEEDFORWARD,NONE,FRESH,FRESHED,STALE,FRESH,1,80.0,80.0,0.0,-2.077023902964687,-1.7237103039203134,582.7409540500032,37.250686,126.674964,37.254138,126.680626
136.9999999999969,3,DEGRADED,DEGRADED_FEEDFORWARD,DEGRADED_FEEDFORWARD,NONE,FRESH,FRESHED,STALE,FRESH,1,80.0,80.0,0.0,-2.077023902964687,-1.7237103039203134,582.7409540500032,37.250686,126.674964,37.254138,126.680626
137.0499999999969,3,DEGRADED,DEGRADED_FEEDFORWARD,DEGRADED_FEEDFORWARD,NONE,FRESH,FRESHED,STALE,STALE,1,80.0,80.0,0.0,-2.077023902964687,-1.7237103039203134,582.7409540500032,37.250686,126.674964,37.254138,126.680626
137.09999999999692,3,DEGRADED,DEGRADED_FEEDFORWARD,DEGRADED_FEEDFORWARD,NONE,FRESH,FRESHED,STALE,STALE,1,80.0,80.0,0.0,-2.077023902964687,-1.7237103039203134,582.7409540500032,37.250686,126.674964,37.254138,126.680626
137.14999999999694,3,DEGRADED,DEGRADED_FEEDFORWARD,DEGRADED_FEEDFORWARD,NONE,FRESH,FRESHED,STALE,STALE,1,80.0,80.0,0.0,-2.077023902964687,-1.7237103039203134,582.7409540500032,37.250686,126.674964,37.254138,126.680626
137.19999999999695,3,DEGRADED,DEGRADED_FEEDFORWARD,DEGRADED_FEEDFORWARD,NONE,FRESH,FRESHED,STALE,STALE,1,80.0,80.0,0.0,-2.077023902964687,-1.7237103039203134,582.7409540500032,37.250686,126.674964,37.254138,126.680626
137.24999999999696,3,DEGRADED,DEGRADED_FEEDFORWARD,DEGRADED_FEEDFORWARD,NONE,FRESH,FRESHED,STALE,STALE,1,80.0,80.0,0.0,-2.077023902964687,-1.7237103039203134,582.7409540500032,37.250686,126.674964,37.254138,126.680626
137.29999999999697,3,ACTIVE,NOMINAL_CLOSED_LOOP,NOMINAL_CLOSED_LOOP,NONE,FRESH,FRESH,FRESH,FRESH,1,85.00000000000114,74.99999999999886,-27.564685752245957,-4.793980953179989,-0.24577659925768103,601.677168369296,37.250686,126.674964,37.254138,126.680626
137.34999999999698,3,ACTIVE,NOMINAL_CLOSED_LOOP,NOMINAL_CLOSED_LOOP,NONE,FRESH,FRESH,FRESH,FRESH,1,90.00000000000227,69.99999999999773,-27.569509733199137,-4.793980953179989,-0.24577659925768103,601.677168369296,37.250686,126.674964,37.254138,126.680626
137.399999999997,3,ACTIVE,NOMINAL_CLOSED_LOOP,NOMINAL_CLOSED_LOOP,NONE,FRESH,FRESH,FRESH,FRESH,1,93.78716685707616,66.21283314292384,-27.57433371415232,-4.793980953179989,-0.24577659925768103,601.677168369296,37.250686,126.674964,37.254138,126.680626
137.449999999997,3,ACTIVE,NOMINAL_CLOSED_LOOP,NOMINAL_CLOSED_LOOP,NONE,FRESH,FRESH,FRESH,FRESH,1,93.78957884755275,66.21042115244725,-27.5791576951055,-4.793980953179989,-0.24577659925768103,601.677168369296,37.250686,126.674964,37.254138,126.680626
137.49999999999702,3,ACTIVE,NOMINAL_CLOSED_LOOP,NOMINAL_CLOSED_LOOP,NONE,FRESH,FRESH,FRESH,FRESH,1,93.79199083802934,66.20800916197066,-27.58398167605868,-4.793980953179989,-0.24577659925768103,601.677168369296,37.250686,126.674964,37.254138,126.680626
137.54999999999703,3,ACTIVE,NOMINAL_CLOSED_LOOP,NOMINAL_CLOSED_LOOP,NONE,FRESH,FRESH,FRESH,FRESH,1,93.79440282850594,66.20559717149406,-27.588805657011864,-4.793980953179989,-0.24577659925768103,601.677168369296,37.250686,126.674964,37.254138,126.680626
137.59999999999704,3,ACTIVE,NOMINAL_FEEDFORWARD,NOMINAL_FEEDFORWARD,NONE,FRESH,FRESH,STALE,FRESH,1,92.8848640908023,67.1151359091977,-25.769728181604606,-4.793980953179989,-0.24577659925768103,601.677168369296,37.250686,126.674964,37.254138,126.680626
137.64999999999705,3,ACTIVE,NOMINAL_FEEDFORWARD,NOMINAL_FEEDFORWARD,NONE,FRESH,FRESH,STALE,FRESH,1,92.8848640908023,67.1151359091977,-25.769728181604606,-4.793980953179989,-0.24577659925768103,601.677168369296,37.250686,126.674964,37.254138,126.680626
137.69999999999706,3,ACTIVE,NOMINAL_FEEDFORWARD,NOMINAL_FEEDFORWARD,NONE,FRESH,FRESH,STALE,FRESH,1,92.8848640908023,67.1151359091977,-25.769728181604606,-4.793980953179989,-0.24577659925768103,601.677168369296,37.250686,126.674964,37.254138,126.680626
137.74999999999707,3,ACTIVE,NOMINAL_FEEDFORWARD,NOMINAL_FEEDFORWARD,NONE,FRESH,FRESH,STALE,FRESH,1,92.8848640908023,67.1151359091977,-25.769728181604606,-4.793980953179989,-0.24577659925768103,601.677168369296,37.250686,126.674964,37.254138,126.680626
137.79999999999708,3,ACTIVE,NOMINAL_FEEDFORWARD,NOMINAL_FEEDFORWARD,NONE,FRESH,FRESH,STALE,FRESH,1,92.8848640908023,67.1151359091977,-25.769728181604606,-4.793980953179989,-0.24577659925768103,601.677168369296,37.250686,126.674964,37.254138,126.680626
137.8499999999971,3,ACTIVE,NOMINAL_FEEDFORWARD,NOMINAL_FEEDFORWARD,NONE,FRESH,FRESH,STALE,FRESH,1,92.8848640908023,67.1151359091977,-25.769728181604606,-4.793980953179989,-0.24577659925768103,601.677168369296,37.250686,126.674964,37.254138,126.680626
137.8999999999971,3,ACTIVE,NOMINAL_FEEDFORWARD,NOMINAL_FEEDFORWARD,NONE,FRESH,FRESH,STALE,FRESH,1,92.8848640908023,67.1151359091977,-25.769728181604606,-4.793980953179989,-0.24577659925768103,601.677168369296,37.250686,126.674964,37.254138,126.680626
137.94999999999712,3,ACTIVE,NOMINAL_FEEDFORWARD,NOMINAL_FEEDFORWARD,NONE,FRESH,FRESH,STALE,FRESH,1,92.8848640908023,67.1151359091977,-25.769728181604606,-4.793980953179989,-0.24577659925768103,601.677168369296,37.250686,126.674964,37.254138,126.680626
137.99999999999713,3,ACTIVE,NOMINAL_FEEDFORWARD,NOMINAL_FEEDFORWARD,NONE,FRESH,FRESH,STALE,FRESH,1,92.8848640908023,67.1151359091977,-25.769728181604606,-4.793980953179989,-0.24577659925768103,601.677168369296,37.250686,126.674964,37.254138,126.680626
138.04999999999714,3,ACTIVE,NOMINAL_FEEDFORWARD,NOMINAL_FEEDFORWARD,NONE,FRESH,FRESH,STALE,STALE,1,92.8848640908023,67.1151359091977,-25.769728181604606,-4.793980953179989,-0.24577659925768103,601.677168369296,37.250686,126.674964,37.254138,126.680626
138.09999999999715,3,ACTIVE,NOMINAL_FEEDFORWARD,NOMINAL_FEEDFORWARD,NONE,FRESH,FRESH,STALE,STALE,1,92.8848640908023,67.1151359091977,-25.769728181604606,-4.793980953179989,-0.24577659925768103,601.677168369296,37.250686,126.674964,37.254138,126.680626
138.14999999999716,3,ACTIVE,NOMINAL_FEEDFORWARD,NOMINAL_FEEDFORWARD,NONE,FRESH,FRESH,STALE,STALE,1,92.8848640908023,67.1151359091977,-25.769728181604606,-4.793980953179989,-0.24577659925768103,601.677168369296,37.250686,126.674964,37.254138,126.680626
138.19999999999717,3,ACTIVE,NOMINAL_FEEDFORWARD,NOMINAL_FEEDFORWARD,NONE,FRESH,FRESH,STALE,STALE,1,92.8848640908023,67.1151359091977,-25.769728181604606,-4.793980953179989,-0.24577659925768103,601.677168369296,37.250686,126.674964,37.254138,126.680626
138.2499999999972,3,ACTIVE,NOMINAL_FEEDFORWARD,NOMINAL_FEEDFORWARD,NONE,FRESH,FRESH,STALE,STALE,1,92.8848640908023,67.1151359091977,-25.769728181604606,-4.793980953179989,-0.24577659925768103,601.677168369296,37.250686,126.674964,37.254138,126.680626
138.2999999999972,3,DEGRADED,DEGRADED_CLOSED_LOOP,DEGRADED_CLOSED_LOOP,NONE,FRESH,FRESHED,FRESH,FRESH,1,89.3848640908015,70.6151359091985,-1.094804186211805,-1.6937921173428603,-0.24577659925768103,601.677168369296,37.250686,126.674964,37.254138,126.680626
138.3499999999972,3,DEGRADED,DEGRADED_CLOSED_LOOP,DEGRADED_CLOSED_LOOP,NONE,FRESH,FRESHED,FRESH,FRESH,1,85.8848640908007,74.1151359091993,-1.0978379783291485,-1.6937921173428603,-0.24577659925768103,601.677168369296,37.250686,126.674964,37.254138,126.680626
138.39999999999722,3,DEGRADED,DEGRADED_CLOSED_LOOP,DEGRADED_CLOSED_LOOP,NONE,FRESH,FRESHED,FRESH,FRESH,1,82.38486409079991,77.61513590920009,-1.100871770446492,-1.6937921173428603,-0.24577659925768103,601.677168369296,37.250686,126.674964,37.254138,126.680626
138.44999999999723,3,DEGRADED,DEGRADED_CLOSED_LOOP,DEGRADED_CLOSED_LOOP,NONE,FRESH,FRESHED,FRESH,FRESH,1,80.55195278128191,79.44804721871809,-1.1039055625638357,-1.6937921173428603,-0.24577659925768103,601.677168369296,37.250686,126.674964,37.254138,126.680626
138.49999999999724,3,DEGRADED,DEGRADED_CLOSED_LOOP,DEGRADED_CLOSED_LOOP,NONE,FRESH,FRESHED,FRESH,FRESH,1,80.55346967734059,79.44653032265941,-1.1069393546811792,-1.6937921173428603,-0.24577659925768103,601.677168369296,37.250686,126.674964,37.254138,126.680626
138.54999999999725,3,DEGRADED,DEGRADED_CLOSED_LOOP,DEGRADED_CLOSED_LOOP,NONE,FRESH,FRESHED,FRESH,FRESH,1,80.55498657339926,79.44501342660074,-1.1099731467985228,-1.6937921173428603,-0.24577659925768103,601.677168369296,37.250686,126.674964,37.254138,126.680626
138.59999999999727,3,DEGRADED,DEGRADED_FEEDFORWARD,DEGRADED_FEEDFORWARD,NONE,FRESH,FRESHED,STALE,FRESH,1,80.0,80.0,0.0,-0.980469975283688,-0.24577659925768103,601.677168369296,37.250686,126.674964,37.254138,126.680626
138.64999999999728,3,DEGRADED,DEGRADED_FEEDFORWARD,DEGRADED_FEEDFORWARD,NONE,FRESH,FRESHED,STALE,FRESH,1,80.0,80.0,0.0,-0.980469975283688,-0.24577659925768103,601.677168369296,37.250686,126.674964,37.254138,126.680626
138.6999999999973,3,DEGRADED,DEGRADED_FEEDFORWARD,DEGRADED_FEEDFORWARD,NONE,FRESH,FRESHED,STALE,FRESH,1,80.0,80.0,0.0,-0.980469975283688,-0.24577659925768103,601.677168369296,37.250686,126.674964,37.254138,126.680626
138.7499999999973,3,DEGRADED,DEGRADED_FEEDFORWARD,DEGRADED_FEEDFORWARD,NONE,FRESH,FRESHED,STALE,FRESH,1,80.0,80.0,0.0,-0.980469975283688,-0.24577659925768103,601.677168369296,37.250686,126.674964,37.254138,126.680626
138.7999999999973,3,DEGRADED,DEGRADED_FEEDFORWARD,DEGRADED_FEEDFORWARD,NONE,FRESH,FRESHED,STALE,FRESH,1,80.0,80.0,0.0,-0.980469975283688,-0.24577659925768103,601.677168369296,37.250686,126.674964,37.254138,126.680626
138.84999999999732,3,DEGRADED,DEGRADED_FEEDFORWARD,DEGRADED_FEEDFORWARD,NONE,FRESH,FRESHED,STALE,FRESH,1,80.0,80.0,0.0,-0.980469975283688,-0.24577659925768103,601.677168369296,37.250686,126.674964,37.254138,126.680626
138.89999999999733,3,DEGRADED,DEGRADED_FEEDFORWARD,DEGRADED_FEEDFORWARD,NONE,FRESH,FRESHED,STALE,FRESH,1,80.0,80.0,0.0,-0.980469975283688,-0.24577659925768103,601.677168369296,37.250686,126.674964,37.254138,126.680626
138.94999999999735,3,DEGRADED,DEGRADED_FEEDFORWARD,DEGRADED_FEEDFORWARD,NONE,FRESH,FRESHED,STALE,FRESH,1,80.0,80.0,0.0,-0.980469975283688,-0.24577659925768103,601.677168369296,37.250686,126.674964,37.254138,126.680626
138.99999999999736,3,DEGRADED,DEGRADED_FEEDFORWARD,DEGRADED_FEEDFORWARD,NONE,FRESH,FRESHED,STALE,FRESH,1,80.0,80.0,0.0,-0.980469975283688,-0.24577659925768103,601.677168369296,37.250686,126.674964,37.254138,126.680626
139.04999999999737,3,DEGRADED,DEGRADED_FEEDFORWARD,DEGRADED_FEEDFORWARD,NONE,FRESH,FRESHED,STALE,STALE,1,80.0,80.0,0.0,-0.980469975283688,-0.24577659925768103,601.677168369296,37.250686,126.674964,37.254138,126.680626
139.09999999999738,3,DEGRADED,DEGRADED_FEEDFORWARD,DEGRADED_FEEDFORWARD,NONE,FRESH,FRESHED,STALE,STALE,1,80.0,80.0,0.0,-0.980469975283688,-0.24577659925768103,601.677168369296,37.250686,126.674964,37.254138,126.680626
139.1499999999974,3,DEGRADED,DEGRADED_FEEDFORWARD,DEGRADED_FEEDFORWARD,NONE,FRESH,FRESHED,STALE,STALE,1,80.0,80.0,0.0,-0.980469975283688,-0.24577659925768103,601.677168369296,37.250686,126.674964,37.254138,126.680626
139.1999999999974,3,DEGRADED,DEGRADED_FEEDFORWARD,DEGRADED_FEEDFORWARD,NONE,FRESH,FRESHED,STALE,STALE,1,80.0,80.0,0.0,-0.980469975283688,-0.24577659925768103,601.677168369296,37.250686,126.674964,37.254138,126.680626
139.2499999999974,3,DEGRADED,DEGRADED_FEEDFORWARD,DEGRADED_FEEDFORWARD,NONE,FRESH,FRESHED,STALE,STALE,1,80.0,80.0,0.0,-0.980469975283688,-0.24577659925768103,601.677168369296,37.250686,126.674964,37.254138,126.680626
139.29999999999742,3,DEGRADED,DEGRADED_CLOSED_LOOP,DEGRADED_CLOSED_LOOP,NONE,FRESH,FRESHED,FRESH,FRESH,1,80.468705293379,79.531294706621,-0.9374105867579995,-1.6937921173428603,-0.24577659925768103,601.677168369296,37.250686,126.674964,37.254138,126.680626
139.34999999999744,3,DEGRADED,DEGRADED_CLOSED_LOOP,DEGRADED_CLOSED_LOOP,NONE,FRESH,FRESHED,FRESH,FRESH,1,80.47000718943767,79.52999281056233,-0.9400143788753429,-1.6937921173428603,-0.24577659925768103,601.677168369296,37.250686,126.674964,37.254138,126.680626
139.39999999999745,3,DEGRADED,DEGRADED_CLOSED_LOOP,DEGRADED_CLOSED_LOOP,NONE,FRESH,FRESHED,FRESH,FRESH,1,80.47130908549634,79.52869091450366,-0.9426181709926863,-1.6937921173428603,-0.24577659925768103,601.677168369296,37.250686,126.674964,37.254138,126.680626
139.44999999999746,3,DEGRADED,DEGRADED_CLOSED_LOOP,DEGRADED_CLOSED_LOOP,NONE,FRESH,FRESHED,FRESH,FRESH,1,80.47261098155502,79.52738901844498,-0.9452219631100298,-1.6937921173428603,-0.24577659925768103,601.677168369296,37.250686,126.674964,37.254138,126.680626
139.49999999999747,3,DEGRADED,DEGRADED_CLOSED_LOOP,DEGRADED_CLOSED_LOOP,NONE,FRESH,FRESHED,FRESH,FRESH,1,80.47391287761369,79.52608712238631,-0.9478257552273732,-1.6937921173428603,-0.24577659925768103,601.677168369296,37.250686,126.674964,37.254138,126.680626
139.54999999999748,3,DEGRADED,DEGRADED_CLOSED_LOOP,DEGRADED_CLOSED_LOOP,NONE,FRESH,FRESHED,FRESH,FRESH,1,80.47521477367236,79.52478522632764,-0.9504295473447167,-1.6937921173428603,-0.24577659925768103,601.677168369296,37.250686,126.674964,37.254138,126.680626
139.5999999999975,3,DEGRADED,DEGRADED_FEEDFORWARD,DEGRADED_FEEDFORWARD,NONE,FRESH,FRESHED,STALE,FRESH,1,80.0,80.0,0.0,-0.980469975283688,-0.24577659925768103,601.677168369296,37.250686,126.674964,37.254138,126.680626
139.6499999999975,3,DEGRADED,DEGRADED_FEEDFORWARD,DEGRADED_FEEDFORWARD,NONE,FRESH,FRESHED,STALE,FRESH,1,80.0,80.0,0.0,-0.980469975283688,-0.24577659925768103,601.677168369296,37.250686,126.674964,37.254138,126.680626
139.69999999999752,3,DEGRADED,DEGRADED_FEEDFORWARD,DEGRADED_FEEDFORWARD,NONE,FRESH,FRESHED,STALE,FRESH,1,80.0,80.0,0.0,-0.980469975283688,-0.24577659925768103,601.677168369296,37.250686,126.674964,37.254138,126.680626
139.74999999999753,3,DEGRADED,DEGRADED_FEEDFORWARD,DEGRADED_FEEDFORWARD,NONE,FRESH,FRESHED,STALE,FRESH,1,80.0,80.0,0.0,-0.980469975283688,-0.24577659925768103,601.677168369296,37.250686,126.674964,37.254138,126.680626
139.79999999999754,3,DEGRADED,DEGRADED_FEEDFORWARD,DEGRADED_FEEDFORWARD,NONE,FRESH,FRESHED,STALE,FRESH,1,80.0,80.0,0.0,-0.980469975283688,-0.24577659925768103,601.677168369296,37.250686,126.674964,37.254138,126.680626
139.84999999999755,3,DEGRADED,DEGRADED_FEEDFORWARD,DEGRADED_FEEDFORWARD,NONE,FRESH,FRESHED,STALE,FRESH,1,80.0,80.0,0.0,-0.980469975283688,-0.24577659925768103,601.677168369296,37.250686,126.674964,37.254138,126.680626
139.89999999999756,3,DEGRADED,DEGRADED_FEEDFORWARD,DEGRADED_FEEDFORWARD,NONE,FRESH,FRESHED,STALE,FRESH,1,80.0,80.0,0.0,-0.980469975283688,-0.24577659925768103,601.677168369296,37.250686,126.674964,37.254138,126.680626
139.94999999999757,3,DEGRADED,DEGRADED_FEEDFORWARD,DEGRADED_FEEDFORWARD,NONE,FRESH,FRESHED,STALE,FRESH,1,80.0,80.0,0.0,-0.980469975283688,-0.24577659925768103,601.677168369296,37.250686,126.674964,37.254138,126.680626
139.99999999999758,3,DEGRADED,DEGRADED_FEEDFORWARD,DEGRADED_FEEDFORWARD,NONE,FRESH,FRESHED,STALE,FRESH,1,80.0,80.0,0.0,-0.980469975283688,-0.24577659925768103,601.677168369296,37.250686,126.674964,37.254138,126.680626
140.0499999999976,3,DEGRADED,DEGRADED_FEEDFORWARD,DEGRADED_FEEDFORWARD,NONE,FRESH,FRESHED,STALE,STALE,1,80.0,80.0,0.0,-0.980469975283688,-0.24577659925768103,601.677168369296,37.250686,126.674964,37.254138,126.680626
140.0999999999976,3,DEGRADED,DEGRADED_FEEDFORWARD,DEGRADED_FEEDFORWARD,NONE,FRESH,FRESHED,STALE,STALE,1,80.0,80.0,0.0,-0.980469975283688,-0.24577659925768103,601.677168369296,37.250686,126.674964,37.254138,126.680626
140.14999999999762,3,DEGRADED,DEGRADED_FEEDFORWARD,DEGRADED_FEEDFORWARD,NONE,FRESH,FRESHED,STALE,STALE,1,80.0,80.0,0.0,-0.980469975283688,-0.24577659925768103,601.677168369296,37.250686,126.674964,37.254138,126.680626
140.19999999999763,3,DEGRADED,DEGRADED_FEEDFORWARD,DEGRADED_FEEDFORWARD,NONE,FRESH,FRESHED,STALE,STALE,1,80.0,80.0,0.0,-0.980469975283688,-0.24577659925768103,601.677168369296,37.250686,126.674964,37.254138,126.680626
140.24999999999764,3,DEGRADED,DEGRADED_FEEDFORWARD,DEGRADED_FEEDFORWARD,NONE,FRESH,FRESHED,STALE,STALE,1,80.0,80.0,0.0,-0.980469975283688,-0.24577659925768103,601.677168369296,37.250686,126.674964,37.254138,126.680626
140.29999999999765,3,ACTIVE,NOMINAL_CLOSED_LOOP,NOMINAL_CLOSED_LOOP,NONE,FRESH,FRESH,FRESH,FRESH,1,80.00953460819794,79.99046539180206,-0.01906921639589104,-0.5594203184442726,0.0,631.2567683015618,37.250686,126.674964,37.254138,126.680626
140.34999999999766,3,ACTIVE,NOMINAL_CLOSED_LOOP,NOMINAL_CLOSED_LOOP,NONE,FRESH,FRESH,FRESH,FRESH,1,80.00953460819794,79.99046539180206,-0.01906921639589104,-0.5594203184442726,0.0,631.2567683015618,37.250686,126.674964,37.254138,126.680626
140.39999999999768,3,ACTIVE,NOMINAL_CLOSED_LOOP,NOMINAL_CLOSED_LOOP,NONE,FRESH,FRESH,FRESH,FRESH,1,80.00953460819794,79.99046539180206,-0.01906921639589104,-0.5594203184442726,0.0,631.2567683015618,37.250686,126.674964,37.254138,126.680626
140.4499999999977,3,ACTIVE,NOMINAL_CLOSED_LOOP,NOMINAL_CLOSED_LOOP,NONE,FRESH,FRESH,FRESH,FRESH,1,80.00953460819794,79.99046539180206,-0.01906921639589104,-0.5594203184442726,0.0,631.2567683015618,37.250686,126.674964,37.254138,126.680626
140.4999999999977,3,ACTIVE,NOMINAL_CLOSED_LOOP,NOMINAL_CLOSED_LOOP,NONE,FRESH,FRESH,FRESH,FRESH,1,80.00953460819794,79.99046539180206,-0.01906921639589104,-0.5594203184442726,0.0,631.2567683015618,37.250686,126.674964,37.254138,126.680626
140.5499999999977,3,ACTIVE,NOMINAL_CLOSED_LOOP,NOMINAL_CLOSED_LOOP,NONE,FRESH,FRESH,FRESH,FRESH,1,80.00953460819794,79.99046539180206,-0.01906921639589104,-0.5594203184442726,0.0,631.2567683015618,37.250686,126.674964,37.254138,126.680626
140.59999999999772,3,ACTIVE,NOMINAL_FEEDFORWARD,NOMINAL_FEEDFORWARD,NONE,FRESH,FRESH,STALE,FRESH,1,80.0,80.0,0.0,-0.5594203184442726,0.0,631.2567683015618,37.250686,126.674964,37.254138,126.680626
140.64999999999773,3,ACTIVE,NOMINAL_FEEDFORWARD,NOMINAL_FEEDFORWARD,NONE,FRESH,FRESH,STALE,FRESH,1,80.0,80.0,0.0,-0.5594203184442726,0.0,631.2567683015618,37.250686,126.674964,37.254138,126.680626
140.69999999999774,3,ACTIVE,NOMINAL_FEEDFORWARD,NOMINAL_FEEDFORWARD,NONE,FRESH,FRESH,STALE,FRESH,1,80.0,80.0,0.0,-0.5594203184442726,0.0,631.2567683015618,37.250686,126.674964,37.254138,126.680626
140.74999999999775,3,ACTIVE,NOMINAL_FEEDFORWARD,NOMINAL_FEEDFORWARD,NONE,FRESH,FRESH,STALE,FRESH,1,80.0,80.0,0.0,-0.5594203184442726,0.0,631.2567683015618,37.250686,126.674964,37.254138,126.680626
140.79999999999777,3,ACTIVE,NOMINAL_FEEDFORWARD,NOMINAL_FEEDFORWARD,NONE,FRESH,FRESH,STALE,FRESH,1,80.0,80.0,0.0,-0.5594203184442726,0.0,631.2567683015618,37.250686,126.674964,37.254138,126.680626
140.84999999999778,3,ACTIVE,NOMINAL_FEEDFORWARD,NOMINAL_FEEDFORWARD,NONE,FRESH,FRESH,STALE,FRESH,1,80.0,80.0,0.0,-0.5594203184442726,0.0,631.2567683015618,37.250686,126.674964,37.254138,126.680626
140.8999999999978,3,ACTIVE,NOMINAL_FEEDFORWARD,NOMINAL_FEEDFORWARD,NONE,FRESH,FRESH,STALE,FRESH,1,80.0,80.0,0.0,-0.5594203184442726,0.0,631.2567683015618,37.250686,126.674964,37.254138,126.680626
140.9499999999978,3,ACTIVE,NOMINAL_FEEDFORWARD,NOMINAL_FEEDFORWARD,NONE,FRESH,FRESH,STALE,FRESH,1,80.0,80.0,0.0,-0.5594203184442726,0.0,631.2567683015618,37.250686,126.674964,37.254138,126.680626
140.9999999999978,3,ACTIVE,NOMINAL_FEEDFORWARD,NOMINAL_FEEDFORWARD,NONE,FRESH,FRESH,STALE,FRESH,1,80.0,80.0,0.0,-0.5594203184442726,0.0,631.2567683015618,37.250686,126.674964,37.254138,126.680626
141.04999999999782,3,ACTIVE,NOMINAL_FEEDFORWARD,NOMINAL_FEEDFORWARD,NONE,FRESH,FRESH,STALE,STALE,1,80.0,80.0,0.0,-0.5594203184442726,0.0,631.2567683015618,37.250686,126.674964,37.254138,126.680626
141.09999999999783,3,ACTIVE,NOMINAL_FEEDFORWARD,NOMINAL_FEEDFORWARD,NONE,FRESH,FRESH,STALE,STALE,1,80.0,80.0,0.0,-0.5594203184442726,0.0,631.2567683015618,37.250686,126.674964,37.254138,126.680626
141.14999999999785,3,ACTIVE,NOMINAL_FEEDFORWARD,NOMINAL_FEEDFORWARD,NONE,FRESH,FRESH,STALE,STALE,1,80.0,80.0,0.0,-0.5594203184442726,0.0,631.2567683015618,37.250686,126.674964,37.254138,126.680626
141.19999999999786,3,ACTIVE,NOMINAL_FEEDFORWARD,NOMINAL_FEEDFORWARD,NONE,FRESH,FRESH,STALE,STALE,1,80.0,80.0,0.0,-0.5594203184442726,0.0,631.2567683015618,37.250686,126.674964,37.254138,126.680626
141.24999999999787,3,ACTIVE,NOMINAL_FEEDFORWARD,NOMINAL_FEEDFORWARD,NONE,FRESH,FRESH,STALE,STALE,1,80.0,80.0,0.0,-0.5594203184442726,0.0,631.2567683015618,37.250686,126.674964,37.254138,126.680626
141.29999999999788,4,DEGRADED,DEGRADED_CLOSED_LOOP,DEGRADED_CLOSED_LOOP,NONE,FRESH,FRESHED,FRESH,FRESH,1,80.00464978985381,79.99535021014619,-0.009299579707615675,-0.20190148690648016,0.0,631.2567683015618,37.250686,126.674964,37.254138,126.680626
141.3499999999979,4,DEGRADED,DEGRADED_CLOSED_LOOP,DEGRADED_CLOSED_LOOP,NONE,FRESH,FRESHED,FRESH,FRESH,1,80.00464978985381,79.99535021014619,-0.009299579707615675,-0.20190148690648016,0.0,631.2567683015618,37.250686,126.674964,37.254138,126.680626
141.3999999999979,4,DEGRADED,DEGRADED_CLOSED_LOOP,DEGRADED_CLOSED_LOOP,NONE,FRESH,FRESHED,FRESH,FRESH,1,80.00464978985381,79.99535021014619,-0.009299579707615675,-0.20190148690648016,0.0,631.2567683015618,37.250686,126.674964,37.254138,126.680626
141.4499999999979,4,DEGRADED,DEGRADED_CLOSED_LOOP,DEGRADED_CLOSED_LOOP,NONE,FRESH,FRESHED,FRESH,FRESH,1,80.00464978985381,79.99535021014619,-0.009299579707615675,-0.20190148690648016,0.0,631.2567683015618,37.250686,126.674964,37.254138,126.680626
141.49999999999793,4,DEGRADED,DEGRADED_CLOSED_LOOP,DEGRADED_CLOSED_LOOP,NONE,FRESH,FRESHED,FRESH,FRESH,1,80.00464978985381,79.99535021014619,-0.009299579707615675,-0.20190148690648016,0.0,631.2567683015618,37.250686,126.674964,37.254138,126.680626
141.54999999999794,4,DEGRADED,DEGRADED_CLOSED_LOOP,DEGRADED_CLOSED_LOOP,NONE,FRESH,FRESHED,FRESH,FRESH,1,80.00464978985381,79.99535021014619,-0.009299579707615675,-0.20190148690648016,0.0,631.2567683015618,37.250686,126.674964,37.254138,126.680626
141.59999999999795,4,DEGRADED,DEGRADED_FEEDFORWARD,DEGRADED_FEEDFORWARD,NONE,FRESH,FRESHED,STALE,FRESH,1,80.0,80.0,0.0,-0.11356958638489507,0.0,631.2567683015618,37.250686,126.674964,37.254138,126.680626
141.64999999999796,4,DEGRADED,DEGRADED_FEEDFORWARD,DEGRADED_FEEDFORWARD,NONE,FRESH,FRESHED,STALE,FRESH,1,80.0,80.0,0.0,-0.11356958638489507,0.0,631.2567683015618,37.250686,126.674964,37.254138,126.680626
141.69999999999797,4,DEGRADED,DEGRADED_FEEDFORWARD,DEGRADED_FEEDFORWARD,NONE,FRESH,FRESHED,STALE,FRESH,1,80.0,80.0,0.0,-0.11356958638489507,0.0,631.2567683015618,37.250686,126.674964,37.254138,126.680626
141.74999999999798,4,DEGRADED,DEGRADED_FEEDFORWARD,DEGRADED_FEEDFORWARD,NONE,FRESH,FRESHED,STALE,FRESH,1,80.0,80.0,0.0,-0.11356958638489507,0.0,631.2567683015618,37.250686,126.674964,37.254138,126.680626
141.799999999998,4,DEGRADED,DEGRADED_FEEDFORWARD,DEGRADED_FEEDFORWARD,NONE,FRESH,FRESHED,STALE,FRESH,1,80.0,80.0,0.0,-0.11356958638489507,0.0,631.2567683015618,37.250686,126.674964,37.254138,126.680626
141.849999999998,4,DEGRADED,DEGRADED_FEEDFORWARD,DEGRADED_FEEDFORWARD,NONE,FRESH,FRESHED,STALE,FRESH,1,80.0,80.0,0.0,-0.11356958638489507,0.0,631.2567683015618,37.250686,126.674964,37.254138,126.680626
141.89999999999802,4,DEGRADED,DEGRADED_FEEDFORWARD,DEGRADED_FEEDFORWARD,NONE,FRESH,FRESHED,STALE,FRESH,1,80.0,80.0,0.0,-0.11356958638489507,0.0,631.2567683015618,37.250686,126.674964,37.254138,126.680626
141.94999999999803,4,DEGRADED,DEGRADED_FEEDFORWARD,DEGRADED_FEEDFORWARD,NONE,FRESH,FRESHED,STALE,FRESH,1,80.0,80.0,0.0,-0.11356958638489507,0.0,631.2567683015618,37.250686,126.674964,37.254138,126.680626
141.99999999999804,4,DEGRADED,DEGRADED_FEEDFORWARD,DEGRADED_FEEDFORWARD,NONE,FRESH,FRESHED,STALE,FRESH,1,80.0,80.0,0.0,-0.11356958638489507,0.0,631.2567683015618,37.250686,126.674964,37.254138,126.680626
142.04999999999805,4,DEGRADED,DEGRADED_FEEDFORWARD,DEGRADED_FEEDFORWARD,NONE,FRESH,FRESHED,STALE,STALE,1,80.0,80.0,0.0,-0.11356958638489507,0.0,631.2567683015618,37.250686,126.674964,37.254138,126.680626
142.09999999999806,4,DEGRADED,DEGRADED_FEEDFORWARD,DEGRADED_FEEDFORWARD,NONE,FRESH,FRESHED,STALE,STALE,1,80.0,80.0,0.0,-0.11356958638489507,0.0,631.2567683015618,37.250686,126.674964,37.254138,126.680626
142.14999999999807,4,DEGRADED,DEGRADED_FEEDFORWARD,DEGRADED_FEEDFORWARD,NONE,FRESH,FRESHED,STALE,STALE,1,80.0,80.0,0.0,-0.11356958638489507,0.0,631.2567683015618,37.250686,126.674964,37.254138,126.680626
142.19999999999808,4,DEGRADED,DEGRADED_FEEDFORWARD,DEGRADED_FEEDFORWARD,NONE,FRESH,FRESHED,STALE,STALE,1,80.0,80.0,0.0,-0.11356958638489507,0.0,631.2567683015618,37.250686,126.674964,37.254138,126.680626
142.2499999999981,4,DEGRADED,DEGRADED_FEEDFORWARD,DEGRADED_FEEDFORWARD,NONE,FRESH,FRESHED,STALE,STALE,1,80.0,80.0,0.0,-0.11356958638489507,0.0,631.2567683015618,37.250686,126.674964,37.254138,126.680626
