t,state,diag,mode,reason,fail_reason,pos_q,motion_q,gyrz_q,alt_q,valid,left,right,delta,cmd_dps,xtrack,along,start_lat,start_lon,target_lat,target_lon
0.0,0,IDLE,,IDLE,,,,,,,,,,,,,,,,
0.05,0,IDLE,,IDLE,,,,,,,,,,,,,,,,
0.1,0,IDLE,,IDLE,,,,,,,,,,,,,,,,
0.15000000000000002,0,IDLE,,IDLE,,,,,,,,,,,,,,,,
0.2,0,IDLE,,IDLE,,,,,,,,,,,,,,,,
0.25,0,IDLE,,IDLE,,,,,,,,,,,,,,,,
0.3,0,IDLE,,IDLE,,,,,,,,,,,,,,,,
0.35,0,IDLE,,IDLE,,,,,,,,,,,,,,,,
0.39999999999999997,0,IDLE,,IDLE,,,,,,,,,,,,,,,,
0.44999999999999996,0,IDLE,,IDLE,,,,,,,,,,,,,,,,
0.49999999999999994,0,IDLE,,IDLE,,,,,,,,,,,,,,,,
0.5499999999999999,0,IDLE,,IDLE,,,,,,,,,,,,,,,,
0.6,0,IDLE,,IDLE,,,,,,,,,,,,,,,,
0.65,0,IDLE,,IDLE,,,,,,,,,,,,,,,,
0.7000000000000001,0,IDLE,,IDLE,,,,,,,,,,,,,,,,
0.7500000000000001,0,IDLE,,IDLE,,,,,,,,,,,,,,,,
0.8000000000000002,0,IDLE,,IDLE,,,,,,,,,,,,,,,,
0.8500000000000002,0,IDLE,,IDLE,,,,,,,,,,,,,,,,
0.9000000000000002,0,IDLE,,IDLE,,,,,,,,,,,,,,,,
0.9500000000000003,0,IDLE,,IDLE,,,,,,,,,,,,,,,,
1.0000000000000002,0,IDLE,,IDLE,,,,,,,,,,,,,,,,
1.0500000000000003,0,IDLE,,IDLE,,,,,,,,,,,,,,,,
1.1000000000000003,0,IDLE,,IDLE,,,,,,,,,,,,,,,,
1.1500000000000004,0,IDLE,,IDLE,,,,,,,,,,,,,,,,
1.2000000000000004,0,IDLE,,IDLE,,,,,,,,,,,,,,,,
1.2500000000000004,0,IDLE,,IDLE,,,,,,,,,,,,,,,,
1.3000000000000005,0,IDLE,,IDLE,,,,,,,,,,,,,,,,
1.3500000000000005,0,IDLE,,IDLE,,,,,,,,,,,,,,,,
1.4000000000000006,0,IDLE,,IDLE,,,,,,,,,,,,,,,,
1.4500000000000006,0,IDLE,,IDLE,,,,,,,,,,,,,,,,
1.5000000000000007,0,IDLE,,IDLE,,,,,,,,,,,,,,,,
1.5500000000000007,0,IDLE,,IDLE,,,,,,,,,,,,,,,,
1.6000000000000008,0,IDLE,,IDLE,,,,,,,,,,,,,,,,
1.6500000000000008,0,IDLE,,IDLE,,,,,,,,,,,,,,,,
1.7000000000000008,0,IDLE,,IDLE,,,,,,,,,,,,,,,,
1.7500000000000009,0,IDLE,,IDLE,,,,,,,,,,,,,,,,
1.800000000000001,0,IDLE,,IDLE,,,,,,,,,,,,,,,,
1.850000000000001,0,IDLE,,IDLE,,,,,,,,,,,,,,,,
1.900000000000001,0,IDLE,,IDLE,,,,,,,,,,,,,,,,
1.950000000000001,0,IDLE,,IDLE,,,,,,,,,,,,,,,,
2.000000000000001,0,IDLE,,IDLE,,,,,,,,,,,,,,,,
2.0500000000000007,0,IDLE,,IDLE,,,,,,,,,,,,,,,,
2.1000000000000005,0,IDLE,,IDLE,,,,,,,,,,,,,,,,
2.1500000000000004,0,IDLE,,IDLE,,,,,,,,,,,,,,,,
2.2,0,IDLE,,IDLE,,,,,,,,,,,,,,,,
2.25,0,IDLE,,IDLE,,,,,,,,,,,,,,,,
2.3,0,IDLE,,IDLE,,,,,,,,,,,,,,,,
2.3499999999999996,0,IDLE,,IDLE,,,,,,,,,,,,,,,,
2.3999999999999995,0,IDLE,,IDLE,,,,,,,,,,,,,,,,
2.4499999999999993,0,IDLE,,IDLE,,,,,,,,,,,,,,,,
2.499999999999999,0,IDLE,,IDLE,,,,,,,,,,,,,,,,
2.549999999999999,0,IDLE,,IDLE,,,,,,,,,,,,,,,,
2.5999999999999988,0,IDLE,,IDLE,,,,,,,,,,,,,,,,
2.6499999999999986,0,IDLE,,IDLE,,,,,,,,,,,,,,,,
2.6999999999999984,0,IDLE,,IDLE,,,,,,,,,,,,,,,,
2.7499999999999982,0,IDLE,,IDLE,,,,,,,,,,,,,,,,
2.799999999999998,0,IDLE,,IDLE,,,,,,,,,,,,,,,,
2.849999999999998,0,IDLE,,IDLE,,,,,,,,,,,,,,,,
2.8999999999999977,0,IDLE,,IDLE,,,,,,,,,,,,,,,,
2.9499999999999975,0,IDLE,,IDLE,,,,,,,,,,,,,,,,
2.9999999999999973,0,IDLE,,IDLE,,,,,,,,,,,,,,,,
3.049999999999997,0,IDLE,,IDLE,,,,,,,,,,,,,,,,
3.099999999999997,0,IDLE,,IDLE,,,,,,,,,,,,,,,,
3.149999999999997,0,IDLE,,IDLE,,,,,,,,,,,,,,,,
3.1999999999999966,0,IDLE,,IDLE,,,,,,,,,,,,,,,,
3.2499999999999964,0,IDLE,,IDLE,,,,,,,,,,,,,,,,
3.2999999999999963,0,IDLE,,IDLE,,,,,,,,,,,,,,,,
3.349999999999996,0,IDLE,,IDLE,,,,,,,,,,,,,,,,
3.399999999999996,0,IDLE,,IDLE,,,,,,,,,,,,,,,,
3.4499999999999957,0,IDLE,,IDLE,,,,,,,,,,,,,,,,
3.4999999999999956,0,IDLE,,IDLE,,,,,,,,,,,,,,,,
3.5499999999999954,0,IDLE,,IDLE,,,,,,,,,,,,,,,,
3.599999999999995,0,IDLE,,IDLE,,,,,,,,,,,,,,,,
3.649999999999995,0,IDLE,,IDLE,,,,,,,,,,,,,,,,
3.699999999999995,0,IDLE,,IDLE,,,,,,,,,,,,,,,,
3.7499999999999947,0,IDLE,,IDLE,,,,,,,,,,,,,,,,
3.7999999999999945,0,IDLE,,IDLE,,,,,,,,,,,,,,,,
3.8499999999999943,0,IDLE,,IDLE,,,,,,,,,,,,,,,,
3.899999999999994,0,IDLE,,IDLE,,,,,,,,,,,,,,,,
3.949999999999994,0,IDLE,,IDLE,,,,,,,,,,,,,,,,
3.999999999999994,0,IDLE,,IDLE,,,,,,,,,,,,,,,,
4.049999999999994,0,IDLE,,IDLE,,,,,,,,,,,,,,,,
4.099999999999993,0,IDLE,,IDLE,,,,,,,,,,,,,,,,
4.149999999999993,0,IDLE,,IDLE,,,,,,,,,,,,,,,,
4.199999999999993,0,IDLE,,IDLE,,,,,,,,,,,,,,,,
4.249999999999993,0,IDLE,,IDLE,,,,,,,,,,,,,,,,
4.299999999999993,0,IDLE,,IDLE,,,,,,,,,,,,,,,,
4.3499999999999925,0,IDLE,,IDLE,,,,,,,,,,,,,,,,
4.399999999999992,0,IDLE,,IDLE,,,,,,,,,,,,,,,,
4.449999999999992,0,IDLE,,IDLE,,,,,,,,,,,,,,,,
4.499999999999992,0,IDLE,,IDLE,,,,,,,,,,,,,,,,
4.549999999999992,0,IDLE,,IDLE,,,,,,,,,,,,,,,,
4.599999999999992,0,IDLE,,IDLE,,,,,,,,,,,,,,,,
4.6499999999999915,0,IDLE,,IDLE,,,,,,,,,,,,,,,,
4.699999999999991,0,IDLE,,IDLE,,,,,,,,,,,,,,,,
4.749999999999991,0,IDLE,,IDLE,,,,,,,,,,,,,,,,
4.799999999999991,0,IDLE,,IDLE,,,,,,,,,,,,,,,,
4.849999999999991,0,IDLE,,IDLE,,,,,,,,,,,,,,,,
4.899999999999991,0,IDLE,,IDLE,,,,,,,,,,,,,,,,
4.94999999999999,0,IDLE,,IDLE,,,,,,,,,,,,,,,,
4.99999999999999,0,IDLE,,IDLE,,,,,,,,,,,,,,,,
5.04999999999999,0,IDLE,,IDLE,,,,,,,,,,,,,,,,
5.09999999999999,0,IDLE,,IDLE,,,,,,,,,,,,,,,,
5.14999999999999,0,IDLE,,IDLE,,,,,,,,,,,,,,,,
5.1999999999999895,0,IDLE,,IDLE,,,,,,,,,,,,,,,,
5.249999999999989,0,IDLE,,IDLE,,,,,,,,,,,,,,,,
5.299999999999989,0,IDLE,,IDLE,,,,,,,,,,,,,,,,
5.349999999999989,0,IDLE,,IDLE,,,,,,,,,,,,,,,,
5.399999999999989,0,IDLE,,IDLE,,,,,,,,,,,,,,,,
5.449999999999989,0,IDLE,,IDLE,,,,,,,,,,,,,,,,
5.4999999999999885,0,IDLE,,IDLE,,,,,,,,,,,,,,,,
5.549999999999988,0,IDLE,,IDLE,,,,,,,,,,,,,,,,
5.599999999999988,0,IDLE,,IDLE,,,,,,,,,,,,,,,,
5.649999999999988,0,IDLE,,IDLE,,,,,,,,,,,,,,,,
5.699999999999988,0,IDLE,,IDLE,,,,,,,,,,,,,,,,
5.749999999999988,0,IDLE,,IDLE,,,,,,,,,,,,,,,,
5.799999999999987,0,IDLE,,IDLE,,,,,,,,,,,,,,,,
5.849999999999987,0,IDLE,,IDLE,,,,,,,,,,,,,,,,
5.899999999999987,0,IDLE,,IDLE,,,,,,,,,,,,,,,,
5.949999999999987,0,IDLE,,IDLE,,,,,,,,,,,,,,,,
5.999999999999987,0,IDLE,,IDLE,,,,,,,,,,,,,,,,
6.0499999999999865,0,IDLE,,IDLE,,,,,,,,,,,,,,,,
6.099999999999986,0,IDLE,,IDLE,,,,,,,,,,,,,,,,
6.149999999999986,0,IDLE,,IDLE,,,,,,,,,,,,,,,,
6.199999999999986,0,IDLE,,IDLE,,,,,,,,,,,,,,,,
6.249999999999986,0,IDLE,,IDLE,,,,,,,,,,,,,,,,
6.299999999999986,0,IDLE,,IDLE,,,,,,,,,,,,,,,,
6.349999999999985,0,IDLE,,IDLE,,,,,,,,,,,,,,,,
6.399999999999985,0,IDLE,,IDLE,,,,,,,,,,,,,,,,
6.449999999999985,0,IDLE,,IDLE,,,,,,,,,,,,,,,,
6.499999999999985,0,IDLE,,IDLE,,,,,,,,,,,,,,,,
6.549999999999985,0,IDLE,,IDLE,,,,,,,,,,,,,,,,
6.5999999999999845,0,IDLE,,IDLE,,,,,,,,,,,,,,,,
6.649999999999984,0,IDLE,,IDLE,,,,,,,,,,,,,,,,
6.699999999999984,0,IDLE,,IDLE,,,,,,,,,,,,,,,,
6.749999999999984,0,IDLE,,IDLE,,,,,,,,,,,,,,,,
6.799999999999984,0,IDLE,,IDLE,,,,,,,,,,,,,,,,
6.849999999999984,0,IDLE,,IDLE,,,,,,,,,,,,,,,,
6.8999999999999835,0,IDLE,,IDLE,,,,,,,,,,,,,,,,
6.949999999999983,0,IDLE,,IDLE,,,,,,,,,,,,,,,,
6.999999999999983,0,IDLE,,IDLE,,,,,,,,,,,,,,,,
7.049999999999983,1,IDLE,,IDLE,,,,,,,,,,,,,,,,
7.099999999999983,1,IDLE,,IDLE,,,,,,,,,,,,,,,,
7.149999999999983,1,IDLE,,IDLE,,,,,,,,,,,,,,,,
7.199999999999982,1,IDLE,,IDLE,,,,,,,,,,,,,,,,
7.249999999999982,1,IDLE,,IDLE,,,,,,,,,,,,,,,,
7.299999999999982,1,IDLE,,IDLE,,,,,,,,,,,,,,,,
7.349999999999982,1,IDLE,,IDLE,,,,,,,,,,,,,,,,
7.399999999999982,1,IDLE,,IDLE,,,,,,,,,,,,,,,,
7.4499999999999815,1,IDLE,,IDLE,,,,,,,,,,,,,,,,
7.499999999999981,1,IDLE,,IDLE,,,,,,,,,,,,,,,,
7.549999999999981,1,IDLE,,IDLE,,,,,,,,,,,,,,,,
7.599999999999981,1,IDLE,,IDLE,,,,,,,,,,,,,,,,
7.649999999999981,1,IDLE,,IDLE,,,,,,,,,,,,,,,,
7.699999999999981,1,IDLE,,IDLE,,,,,,,,,,,,,,,,
7.7499999999999805,1,IDLE,,IDLE,,,,,,,,,,,,,,,,
7.79999999999998,1,IDLE,,IDLE,,,,,,,,,,,,,,,,
7.84999999999998,1,IDLE,,IDLE,,,,,,,,,,,,,,,,
7.89999999999998,1,IDLE,,IDLE,,,,,,,,,,,,,,,,
7.94999999999998,1,IDLE,,IDLE,,,,,,,,,,,,,,,,
7.99999999999998,1,IDLE,,IDLE,,,,,,,,,,,,,,,,
8.04999999999998,1,IDLE,,IDLE,,,,,,,,,,,,,,,,
8.09999999999998,1,IDLE,,IDLE,,,,,,,,,,,,,,,,
8.14999999999998,1,IDLE,,IDLE,,,,,,,,,,,,,,,,
8.199999999999982,1,IDLE,,IDLE,,,,,,,,,,,,,,,,
8.249999999999982,1,IDLE,,IDLE,,,,,,,,,,,,,,,,
8.299999999999983,1,IDLE,,IDLE,,,,,,,,,,,,,,,,
8.349999999999984,1,IDLE,,IDLE,,,,,,,,,,,,,,,,
8.399999999999984,1,IDLE,,IDLE,,,,,,,,,,,,,,,,
8.449999999999985,1,IDLE,,IDLE,,,,,,,,,,,,,,,,
8.499999999999986,1,IDLE,,IDLE,,,,,,,,,,,,,,,,
8.549999999999986,1,IDLE,,IDLE,,,,,,,,,,,,,,,,
8.599999999999987,1,IDLE,,IDLE,,,,,,,,,,,,,,,,
8.649999999999988,1,IDLE,,IDLE,,,,,,,,,,,,,,,,
8.699999999999989,1,IDLE,,IDLE,,,,,,,,,,,,,,,,
8.74999999999999,1,IDLE,,IDLE,,,,,,,,,,,,,,,,
8.79999999999999,1,IDLE,,IDLE,,,,,,,,,,,,,,,,
8.84999999999999,1,IDLE,,IDLE,,,,,,,,,,,,,,,,
8.899999999999991,1,IDLE,,IDLE,,,,,,,,,,,,,,,,
8.949999999999992,1,IDLE,,IDLE,,,,,,,,,,,,,,,,
8.999999999999993,1,IDLE,,IDLE,,,,,,,,,,,,,,,,
9.049999999999994,1,IDLE,,IDLE,,,,,,,,,,,,,,,,
9.099999999999994,1,IDLE,,IDLE,,,,,,,,,,,,,,,,
9.149999999999995,1,IDLE,,IDLE,,,,,,,,,,,,,,,,
9.199999999999996,1,IDLE,,IDLE,,,,,,,,,,,,,,,,
9.249999999999996,1,IDLE,,IDLE,,,,,,,,,,,,,,,,
9.299999999999997,1,IDLE,,IDLE,,,,,,,,,,,,,,,,
9.349999999999998,1,IDLE,,IDLE,,,,,,,,,,,,,,,,
9.399999999999999,1,IDLE,,IDLE,,,,,,,,,,,,,,,,
9.45,1,IDLE,,IDLE,,,,,,,,,,,,,,,,
9.5,1,IDLE,,IDLE,,,,,,,,,,,,,,,,
9.55,1,IDLE,,IDLE,,,,,,,,,,,,,,,,
9.600000000000001,1,IDLE,,IDLE,,,,,,,,,,,,,,,,
9.650000000000002,1,IDLE,,IDLE,,,,,,,,,,,,,,,,
9.700000000000003,1,IDLE,,IDLE,,,,,,,,,,,,,,,,
9.750000000000004,1,IDLE,,IDLE,,,,,,,,,,,,,,,,
9.800000000000004,1,IDLE,,IDLE,,,,,,,,,,,,,,,,
9.850000000000005,1,IDLE,,IDLE,,,,,,,,,,,,,,,,
9.900000000000006,1,IDLE,,IDLE,,,,,,,,,,,,,,,,
9.950000000000006,1,IDLE,,IDLE,,,,,,,,,,,,,,,,
10.000000000000007,1,IDLE,,IDLE,,,,,,,,,,,,,,,,
10.050000000000008,1,IDLE,,IDLE,,,,,,,,,,,,,,,,
10.100000000000009,1,IDLE,,IDLE,,,,,,,,,,,,,,,,
10.15000000000001,1,IDLE,,IDLE,,,,,,,,,,,,,,,,
10.20000000000001,1,IDLE,,IDLE,,,,,,,,,,,,,,,,
10.25000000000001,1,IDLE,,IDLE,,,,,,,,,,,,,,,,
10.300000000000011,1,IDLE,,IDLE,,,,,,,,,,,,,,,,
10.350000000000012,1,IDLE,,IDLE,,,,,,,,,,,,,,,,
10.400000000000013,1,IDLE,,IDLE,,,,,,,,,,,,,,,,
10.450000000000014,1,IDLE,,IDLE,,,,,,,,,,,,,,,,
10.500000000000014,1,IDLE,,IDLE,,,,,,,,,,,,,,,,
10.550000000000015,1,IDLE,,IDLE,,,,,,,,,,,,,,,,
10.600000000000016,1,IDLE,,IDLE,,,,,,,,,,,,,,,,
10.650000000000016,1,IDLE,,IDLE,,,,,,,,,,,,,,,,
10.700000000000017,1,IDLE,,IDLE,,,,,,,,,,,,,,,,
10.750000000000018,1,IDLE,,IDLE,,,,,,,,,,,,,,,,
10.800000000000018,1,IDLE,,IDLE,,,,,,,,,,,,,,,,
10.85000000000002,1,IDLE,,IDLE,,,,,,,,,,,,,,,,
10.90000000000002,1,IDLE,,IDLE,,,,,,,,,,,,,,,,
10.95000000000002,1,IDLE,,IDLE,,,,,,,,,,,,,,,,
11.000000000000021,1,IDLE,,IDLE,,,,,,,,,,,,,,,,
11.050000000000022,1,IDLE,,IDLE,,,,,,,,,,,,,,,,
11.100000000000023,1,IDLE,,IDLE,,,,,,,,,,,,,,,,
11.150000000000023,1,IDLE,,IDLE,,,,,,,,,,,,,,,,
11.200000000000024,1,IDLE,,IDLE,,,,,,,,,,,,,,,,
11.250000000000025,1,IDLE,,IDLE,,,,,,,,,,,,,,,,
11.300000000000026,1,IDLE,,IDLE,,,,,,,,,,,,,,,,
11.350000000000026,1,IDLE,,IDLE,,,,,,,,,,,,,,,,
11.400000000000027,1,IDLE,,IDLE,,,,,,,,,,,,,,,,
11.450000000000028,1,IDLE,,IDLE,,,,,,,,,,,,,,,,
11.500000000000028,1,IDLE,,IDLE,,,,,,,,,,,,,,,,
11.55000000000003,1,IDLE,,IDLE,,,,,,,,,,,,,,,,
11.60000000000003,1,IDLE,,IDLE,,,,,,,,,,,,,,,,
11.65000000000003,1,IDLE,,IDLE,,,,,,,,,,,,,,,,
11.700000000000031,1,IDLE,,IDLE,,,,,,,,,,,,,,,,
11.750000000000032,1,IDLE,,IDLE,,,,,,,,,,,,,,,,
11.800000000000033,1,IDLE,,IDLE,,,,,,,,,,,,,,,,
11.850000000000033,1,IDLE,,IDLE,,,,,,,,,,,,,,,,
11.900000000000034,1,IDLE,,IDLE,,,,,,,,,,,,,,,,
11.950000000000035,1,IDLE,,IDLE,,,,,,,,,,,,,,,,
12.000000000000036,1,IDLE,,IDLE,,,,,,,,,,,,,,,,
12.050000000000036,1,IDLE,,IDLE,,,,,,,,,,,,,,,,
12.100000000000037,1,IDLE,,IDLE,,,,,,,,,,,,,,,,
12.150000000000038,1,IDLE,,IDLE,,,,,,,,,,,,,,,,
12.200000000000038,1,IDLE,,IDLE,,,,,,,,,,,,,,,,
12.250000000000039,1,IDLE,,IDLE,,,,,,,,,,,,,,,,
12.30000000000004,1,IDLE,,IDLE,,,,,,,,,,,,,,,,
12.35000000000004,1,IDLE,,IDLE,,,,,,,,,,,,,,,,
12.400000000000041,1,IDLE,,IDLE,,,,,,,,,,,,,,,,
12.450000000000042,1,IDLE,,IDLE,,,,,,,,,,,,,,,,
12.500000000000043,1,IDLE,,IDLE,,,,,,,,,,,,,,,,
12.550000000000043,1,IDLE,,IDLE,,,,,,,,,,,,,,,,
12.600000000000044,1,IDLE,,IDLE,,,,,,,,,,,,,,,,
12.650000000000045,1,IDLE,,IDLE,,,,,,,,,,,,,,,,
12.700000000000045,1,IDLE,,IDLE,,,,,,,,,,,,,,,,
12.750000000000046,1,IDLE,,IDLE,,,,,,,,,,,,,,,,
12.800000000000047,1,IDLE,,IDLE,,,,,,,,,,,,,,,,
12.850000000000048,1,IDLE,,IDLE,,,,,,,,,,,,,,,,
12.900000000000048,1,IDLE,,IDLE,,,,,,,,,,,,,,,,
12.950000000000049,1,IDLE,,IDLE,,,,,,,,,,,,,,,,
13.00000000000005,1,IDLE,,IDLE,,,,,,,,,,,,,,,,
13.05000000000005,1,IDLE,,IDLE,,,,,,,,,,,,,,,,
13.100000000000051,1,IDLE,,IDLE,,,,,,,,,,,,,,,,
13.150000000000052,1,IDLE,,IDLE,,,,,,,,,,,,,,,,
13.200000000000053,1,IDLE,,IDLE,,,,,,,,,,,,,,,,
13.250000000000053,1,IDLE,,IDLE,,,,,,,,,,,,,,,,
13.300000000000054,1,IDLE,,IDLE,,,,,,,,,,,,,,,,
13.350000000000055,1,IDLE,,IDLE,,,,,,,,,,,,,,,,
13.400000000000055,1,IDLE,,IDLE,,,,,,,,,,,,,,,,
13.450000000000056,1,IDLE,,IDLE,,,,,,,,,,,,,,,,
13.500000000000057,1,IDLE,,IDLE,,,,,,,,,,,,,,,,
13.550000000000058,1,IDLE,,IDLE,,,,,,,,,,,,,,,,
13.600000000000058,1,IDLE,,IDLE,,,,,,,,,,,,,,,,
13.650000000000059,1,IDLE,,IDLE,,,,,,,,,,,,,,,,
13.70000000000006,1,IDLE,,IDLE,,,,,,,,,,,,,,,,
13.75000000000006,1,IDLE,,IDLE,,,,,,,,,,,,,,,,
13.800000000000061,1,IDLE,,IDLE,,,,,,,,,,,,,,,,
13.850000000000062,1,IDLE,,IDLE,,,,,,,,,,,,,,,,
13.900000000000063,1,IDLE,,IDLE,,,,,,,,,,,,,,,,
13.950000000000063,1,IDLE,,IDLE,,,,,,,,,,,,,,,,
14.000000000000064,1,IDLE,,IDLE,,,,,,,,,,,,,,,,
14.050000000000065,1,IDLE,,IDLE,,,,,,,,,,,,,,,,
14.100000000000065,1,IDLE,,IDLE,,,,,,,,,,,,,,,,
14.150000000000066,1,IDLE,,IDLE,,,,,,,,,,,,,,,,
14.200000000000067,1,IDLE,,IDLE,,,,,,,,,,,,,,,,
14.250000000000068,1,IDLE,,IDLE,,,,,,,,,,,,,,,,
14.300000000000068,1,IDLE,,IDLE,,,,,,,,,,,,,,,,
14.350000000000069,1,IDLE,,IDLE,,,,,,,,,,,,,,,,
14.40000000000007,1,IDLE,,IDLE,,,,,,,,,,,,,,,,
14.45000000000007,1,IDLE,,IDLE,,,,,,,,,,,,,,,,
14.500000000000071,1,IDLE,,IDLE,,,,,,,,,,,,,,,,
14.550000000000072,1,IDLE,,IDLE,,,,,,,,,,,,,,,,
14.600000000000072,1,IDLE,,IDLE,,,,,,,,,,,,,,,,
14.650000000000073,1,IDLE,,IDLE,,,,,,,,,,,,,,,,
14.700000000000074,1,IDLE,,IDLE,,,,,,,,,,,,,,,,
14.750000000000075,1,IDLE,,IDLE,,,,,,,,,,,,,,,,
14.800000000000075,1,IDLE,,IDLE,,,,,,,,,,,,,,,,
14.850000000000076,1,IDLE,,IDLE,,,,,,,,,,,,,,,,
14.900000000000077,1,IDLE,,IDLE,,,,,,,,,,,,,,,,
14.950000000000077,1,IDLE,,IDLE,,,,,,,,,,,,,,,,
15.000000000000078,1,IDLE,,IDLE,,,,,,,,,,,,,,,,
15.050000000000079,1,IDLE,,IDLE,,,,,,,,,,,,,,,,
15.10000000000008,1,IDLE,,IDLE,,,,,,,,,,,,,,,,
15.15000000000008,1,IDLE,,IDLE,,,,,,,,,,,,,,,,
15.200000000000081,1,IDLE,,IDLE,,,,,,,,,,,,,,,,
15.250000000000082,1,IDLE,,IDLE,,,,,,,,,,,,,,,,
15.300000000000082,1,IDLE,,IDLE,,,,,,,,,,,,,,,,
15.350000000000083,1,IDLE,,IDLE,,,,,,,,,,,,,,,,
15.400000000000084,1,IDLE,,IDLE,,,,,,,,,,,,,,,,
15.450000000000085,1,IDLE,,IDLE,,,,,,,,,,,,,,,,
15.500000000000085,1,IDLE,,IDLE,,,,,,,,,,,,,,,,
15.550000000000086,1,IDLE,,IDLE,,,,,,,,,,,,,,,,
15.600000000000087,1,IDLE,,IDLE,,,,,,,,,,,,,,,,
15.650000000000087,1,IDLE,,IDLE,,,,,,,,,,,,,,,,
15.700000000000088,1,IDLE,,IDLE,,,,,,,,,,,,,,,,
15.750000000000089,1,IDLE,,IDLE,,,,,,,,,,,,,,,,
15.80000000000009,1,IDLE,,IDLE,,,,,,,,,,,,,,,,
15.85000000000009,1,IDLE,,IDLE,,,,,,,,,,,,,,,,
15.900000000000091,1,IDLE,,IDLE,,,,,,,,,,,,,,,,
15.950000000000092,1,IDLE,,IDLE,,,,,,,,,,,,,,,,
16.000000000000092,1,IDLE,,IDLE,,,,,,,,,,,,,,,,
16.050000000000093,2,IDLE,,IDLE,,,,,,,,,,,,,,,,
16.100000000000094,2,IDLE,,IDLE,,,,,,,,,,,,,,,,
16.150000000000095,2,IDLE,,IDLE,,,,,,,,,,,,,,,,
16.200000000000095,2,IDLE,,IDLE,,,,,,,,,,,,,,,,
16.250000000000096,2,IDLE,,IDLE,,,,,,,,,,,,,,,,
16.300000000000097,2,IDLE,,IDLE,,,,,,,,,,,,,,,,
16.350000000000097,2,IDLE,,IDLE,,,,,,,,,,,,,,,,
16.400000000000098,2,IDLE,,IDLE,,,,,,,,,,,,,,,,
16.4500000000001,2,IDLE,,IDLE,,,,,,,,,,,,,,,,
16.5000000000001,2,IDLE,,IDLE,,,,,,,,,,,,,,,,
16.5500000000001,2,IDLE,,IDLE,,,,,,,,,,,,,,,,
16.6000000000001,2,IDLE,,IDLE,,,,,,,,,,,,,,,,
16.6500000000001,2,IDLE,,IDLE,,,,,,,,,,,,,,,,
16.700000000000102,2,IDLE,,IDLE,,,,,,,,,,,,,,,,
16.750000000000103,2,IDLE,,IDLE,,,,,,,,,,,,,,,,
16.800000000000104,2,IDLE,,IDLE,,,,,,,,,,,,,,,,
16.850000000000104,2,IDLE,,IDLE,,,,,,,,,,,,,,,,
16.900000000000105,2,IDLE,,IDLE,,,,,,,,,,,,,,,,
16.950000000000106,2,IDLE,,IDLE,,,,,,,,,,,,,,,,
17.000000000000107,2,IDLE,,IDLE,,,,,,,,,,,,,,,,
17.050000000000107,2,IDLE,,IDLE,,,,,,,,,,,,,,,,
17.100000000000108,2,IDLE,,IDLE,,,,,,,,,,,,,,,,
17.15000000000011,2,IDLE,,IDLE,,,,,,,,,,,,,,,,
17.20000000000011,2,IDLE,,IDLE,,,,,,,,,,,,,,,,
17.25000000000011,2,IDLE,,IDLE,,,,,,,,,,,,,,,,
17.30000000000011,2,IDLE,,IDLE,,,,,,,,,,,,,,,,
17.35000000000011,2,IDLE,,IDLE,,,,,,,,,,,,,,,,
17.400000000000112,2,IDLE,,IDLE,,,,,,,,,,,,,,,,
17.450000000000113,2,IDLE,,IDLE,,,,,,,,,,,,,,,,
17.500000000000114,2,IDLE,,IDLE,,,,,,,,,,,,,,,,
17.550000000000114,2,IDLE,,IDLE,,,,,,,,,,,,,,,,
17.600000000000115,2,IDLE,,IDLE,,,,,,,,,,,,,,,,
17.650000000000116,2,IDLE,,IDLE,,,,,,,,,,,,,,,,
17.700000000000117,2,IDLE,,IDLE,,,,,,,,,,,,,,,,
17.750000000000117,2,IDLE,,IDLE,,,,,,,,,,,,,,,,
17.800000000000118,2,IDLE,,IDLE,,,,,,,,,,,,,,,,
17.85000000000012,2,IDLE,,IDLE,,,,,,,,,,,,,,,,
17.90000000000012,2,IDLE,,IDLE,,,,,,,,,,,,,,,,
17.95000000000012,2,IDLE,,IDLE,,,,,,,,,,,,,,,,
18.00000000000012,2,IDLE,,IDLE,,,,,,,,,,,,,,,,
18.05000000000012,2,IDLE,,IDLE,,,,,,,,,,,,,,,,
18.100000000000122,2,IDLE,,IDLE,,,,,,,,,,,,,,,,
18.150000000000123,2,IDLE,,IDLE,,,,,,,,,,,,,,,,
18.200000000000124,2,IDLE,,IDLE,,,,,,,,,,,,,,,,
18.250000000000124,2,IDLE,,IDLE,,,,,,,,,,,,,,,,
18.300000000000125,2,IDLE,,IDLE,,,,,,,,,,,,,,,,
18.350000000000126,2,IDLE,,IDLE,,,,,,,,,,,,,,,,
18.400000000000126,2,IDLE,,IDLE,,,,,,,,,,,,,,,,
18.450000000000127,2,IDLE,,IDLE,,,,,,,,,,,,,,,,
18.500000000000128,2,IDLE,,IDLE,,,,,,,,,,,,,,,,
18.55000000000013,2,IDLE,,IDLE,,,,,,,,,,,,,,,,
18.60000000000013,2,IDLE,,IDLE,,,,,,,,,,,,,,,,
18.65000000000013,2,IDLE,,IDLE,,,,,,,,,,,,,,,,
18.70000000000013,2,IDLE,,IDLE,,,,,,,,,,,,,,,,
18.75000000000013,2,IDLE,,IDLE,,,,,,,,,,,,,,,,
18.800000000000132,2,IDLE,,IDLE,,,,,,,,,,,,,,,,
18.850000000000133,2,IDLE,,IDLE,,,,,,,,,,,,,,,,
18.900000000000134,2,IDLE,,IDLE,,,,,,,,,,,,,,,,
18.950000000000134,2,IDLE,,IDLE,,,,,,,,,,,,,,,,
19.000000000000135,2,IDLE,,IDLE,,,,,,,,,,,,,,,,
19.050000000000136,2,IDLE,,IDLE,,,,,,,,,,,,,,,,
19.100000000000136,2,IDLE,,IDLE,,,,,,,,,,,,,,,,
19.150000000000137,2,IDLE,,IDLE,,,,,,,,,,,,,,,,
19.200000000000138,2,IDLE,,IDLE,,,,,,,,,,,,,,,,
19.25000000000014,2,IDLE,,IDLE,,,,,,,,,,,,,,,,
19.30000000000014,2,IDLE,,IDLE,,,,,,,,,,,,,,,,
19.35000000000014,2,IDLE,,IDLE,,,,,,,,,,,,,,,,
19.40000000000014,2,IDLE,,IDLE,,,,,,,,,,,,,,,,
19.45000000000014,2,IDLE,,IDLE,,,,,,,,,,,,,,,,
19.500000000000142,2,IDLE,,IDLE,,,,,,,,,,,,,,,,
19.550000000000143,2,IDLE,,IDLE,,,,,,,,,,,,,,,,
19.600000000000144,2,IDLE,,IDLE,,,,,,,,,,,,,,,,
19.650000000000144,2,IDLE,,IDLE,,,,,,,,,,,,,,,,
19.700000000000145,2,IDLE,,IDLE,,,,,,,,,,,,,,,,
19.750000000000146,2,IDLE,,IDLE,,,,,,,,,,,,,,,,
19.800000000000146,2,IDLE,,IDLE,,,,,,,,,,,,,,,,
19.850000000000147,2,IDLE,,IDLE,,,,,,,,,,,,,,,,
19.900000000000148,2,IDLE,,IDLE,,,,,,,,,,,,,,,,
19.95000000000015,2,IDLE,,IDLE,,,,,,,,,,,,,,,,
20.00000000000015,2,IDLE,,IDLE,,,,,,,,,,,,,,,,
20.05000000000015,2,IDLE,,IDLE,,,,,,,,,,,,,,,,
20.10000000000015,2,IDLE,,IDLE,,,,,,,,,,,,,,,,
20.15000000000015,2,IDLE,,IDLE,,,,,,,,,,,,,,,,
20.200000000000152,2,IDLE,,IDLE,,,,,,,,,,,,,,,,
20.250000000000153,2,IDLE,,IDLE,,,,,,,,,,,,,,,,
20.300000000000153,2,IDLE,,IDLE,,,,,,,,,,,,,,,,
20.350000000000154,2,IDLE,,IDLE,,,,,,,,,,,,,,,,
20.400000000000155,2,IDLE,,IDLE,,,,,,,,,,,,,,,,
20.450000000000156,2,IDLE,,IDLE,,,,,,,,,,,,,,,,
20.500000000000156,2,IDLE,,IDLE,,,,,,,,,,,,,,,,
20.550000000000157,2,IDLE,,IDLE,,,,,,,,,,,,,,,,
20.600000000000158,2,IDLE,,IDLE,,,,,,,,,,,,,,,,
20.65000000000016,2,IDLE,,IDLE,,,,,,,,,,,,,,,,
20.70000000000016,2,IDLE,,IDLE,,,,,,,,,,,,,,,,
20.75000000000016,2,IDLE,,IDLE,,,,,,,,,,,,,,,,
20.80000000000016,2,IDLE,,IDLE,,,,,,,,,,,,,,,,
20.85000000000016,2,IDLE,,IDLE,,,,,,,,,,,,,,,,
20.900000000000162,2,IDLE,,IDLE,,,,,,,,,,,,,,,,
20.950000000000163,2,IDLE,,IDLE,,,,,,,,,,,,,,,,
21.000000000000163,2,IDLE,,IDLE,,,,,,,,,,,,,,,,
21.050000000000164,2,IDLE,,IDLE,,,,,,,,,,,,,,,,
21.100000000000165,2,IDLE,,IDLE,,,,,,,,,,,,,,,,
21.150000000000166,2,IDLE,,IDLE,,,,,,,,,,,,,,,,
21.200000000000166,2,IDLE,,IDLE,,,,,,,,,,,,,,,,
21.250000000000167,2,IDLE,,IDLE,,,,,,,,,,,,,,,,
21.300000000000168,2,IDLE,,IDLE,,,,,,,,,,,,,,,,
21.35000000000017,2,IDLE,,IDLE,,,,,,,,,,,,,,,,
21.40000000000017,2,IDLE,,IDLE,,,,,,,,,,,,,,,,
21.45000000000017,2,IDLE,,IDLE,,,,,,,,,,,,,,,,
21.50000000000017,2,IDLE,,IDLE,,,,,,,,,,,,,,,,
21.55000000000017,2,IDLE,,IDLE,,,,,,,,,,,,,,,,
21.600000000000172,2,IDLE,,IDLE,,,,,,,,,,,,,,,,
21.650000000000173,2,IDLE,,IDLE,,,,,,,,,,,,,,,,
21.700000000000173,2,IDLE,,IDLE,,,,,,,,,,,,,,,,
21.750000000000174,2,IDLE,,IDLE,,,,,,,,,,,,,,,,
21.800000000000175,2,IDLE,,IDLE,,,,,,,,,,,,,,,,
21.850000000000176,2,IDLE,,IDLE,,,,,,,,,,,,,,,,
21.900000000000176,2,IDLE,,IDLE,,,,,,,,,,,,,,,,
21.950000000000177,2,IDLE,,IDLE,,,,,,,,,,,,,,,,
22.000000000000178,2,IDLE,,IDLE,,,,,,,,,,,,,,,,
22.05000000000018,2,IDLE,,IDLE,,,,,,,,,,,,,,,,
22.10000000000018,2,IDLE,,IDLE,,,,,,,,,,,,,,,,
22.15000000000018,2,IDLE,,IDLE,,,,,,,,,,,,,,,,
22.20000000000018,2,IDLE,,IDLE,,,,,,,,,,,,,,,,
22.25000000000018,2,IDLE,,IDLE,,,,,,,,,,,,,,,,
22.300000000000182,2,IDLE,,IDLE,,,,,,,,,,,,,,,,
22.350000000000183,2,IDLE,,IDLE,,,,,,,,,,,,,,,,
22.400000000000183,2,IDLE,,IDLE,,,,,,,,,,,,,,,,
22.450000000000184,2,IDLE,,IDLE,,,,,,,,,,,,,,,,
22.500000000000185,2,IDLE,,IDLE,,,,,,,,,,,,,,,,
22.550000000000185,2,IDLE,,IDLE,,,,,,,,,,,,,,,,
22.600000000000186,2,IDLE,,IDLE,,,,,,,,,,,,,,,,
22.650000000000187,2,IDLE,,IDLE,,,,,,,,,,,,,,,,
22.700000000000188,2,IDLE,,IDLE,,,,,,,,,,,,,,,,
22.75000000000019,2,IDLE,,IDLE,,,,,,,,,,,,,,,,
22.80000000000019,2,IDLE,,IDLE,,,,,,,,,,,,,,,,
22.85000000000019,2,IDLE,,IDLE,,,,,,,,,,,,,,,,
22.90000000000019,2,IDLE,,IDLE,,,,,,,,,,,,,,,,
22.95000000000019,2,IDLE,,IDLE,,,,,,,,,,,,,,,,
23.000000000000192,2,IDLE,,IDLE,,,,,,,,,,,,,,,,
23.050000000000193,2,IDLE,,IDLE,,,,,,,,,,,,,,,,
23.100000000000193,2,IDLE,,IDLE,,,,,,,,,,,,,,,,
23.150000000000194,2,IDLE,,IDLE,,,,,,,,,,,,,,,,
23.200000000000195,2,IDLE,,IDLE,,,,,,,,,,,,,,,,
23.250000000000195,2,IDLE,,IDLE,,,,,,,,,,,,,,,,
23.300000000000196,2,IDLE,,IDLE,,,,,,,,,,,,,,,,
23.350000000000197,2,IDLE,,IDLE,,,,,,,,,,,,,,,,
23.400000000000198,2,IDLE,,IDLE,,,,,,,,,,,,,,,,
23.4500000000002,2,IDLE,,IDLE,,,,,,,,,,,,,,,,
23.5000000000002,2,IDLE,,IDLE,,,,,,,,,,,,,,,,
23.5500000000002,2,IDLE,,IDLE,,,,,,,,,,,,,,,,
23.6000000000002,2,IDLE,,IDLE,,,,,,,,,,,,,,,,
23.6500000000002,2,IDLE,,IDLE,,,,,,,,,,,,,,,,
23.700000000000202,2,IDLE,,IDLE,,,,,,,,,,,,,,,,
23.750000000000203,2,IDLE,,IDLE,,,,,,,,,,,,,,,,
23.800000000000203,2,IDLE,,IDLE,,,,,,,,,,,,,,,,
23.850000000000204,2,IDLE,,IDLE,,,,,,,,,,,,,,,,
23.900000000000205,2,IDLE,,IDLE,,,,,,,,,,,,,,,,
23.950000000000205,2,IDLE,,IDLE,,,,,,,,,,,,,,,,
24.000000000000206,2,IDLE,,IDLE,,,,,,,,,,,,,,,,
24.050000000000207,2,IDLE,,IDLE,,,,,,,,,,,,,,,,
24.100000000000207,2,IDLE,,IDLE,,,,,,,,,,,,,,,,
24.150000000000208,2,IDLE,,IDLE,,,,,,,,,,,,,,,,
24.20000000000021,2,IDLE,,IDLE,,,,,,,,,,,,,,,,
24.25000000000021,2,IDLE,,IDLE,,,,,,,,,,,,,,,,
24.30000000000021,2,IDLE,,IDLE,,,,,,,,,,,,,,,,
24.35000000000021,2,IDLE,,IDLE,,,,,,,,,,,,,,,,
24.40000000000021,2,IDLE,,IDLE,,,,,,,,,,,,,,,,
24.450000000000212,2,IDLE,,IDLE,,,,,,,,,,,,,,,,
24.500000000000213,2,IDLE,,IDLE,,,,,,,,,,,,,,,,
24.550000000000214,2,IDLE,,IDLE,,,,,,,,,,,,,,,,
24.600000000000215,2,IDLE,,IDLE,,,,,,,,,,,,,,,,
24.650000000000215,2,IDLE,,IDLE,,,,,,,,,,,,,,,,
24.700000000000216,2,IDLE,,IDLE,,,,,,,,,,,,,,,,
24.750000000000217,2,IDLE,,IDLE,,,,,,,,,,,,,,,,
24.800000000000217,2,IDLE,,IDLE,,,,,,,,,,,,,,,,
24.850000000000218,2,IDLE,,IDLE,,,,,,,,,,,,,,,,
24.90000000000022,2,IDLE,,IDLE,,,,,,,,,,,,,,,,
24.95000000000022,2,IDLE,,IDLE,,,,,,,,,,,,,,,,
25.00000000000022,2,IDLE,,IDLE,,,,,,,,,,,,,,,,
25.05000000000022,2,IDLE,,IDLE,,,,,,,,,,,,,,,,
25.10000000000022,3,NO_POSITION,NOMINAL_CLOSED_LOOP,NO_POSITION,NO_POSITION,FRESH,FRESH,FRESH,FRESH,0,80.0,80.0,0.0,0.0,0.0,0.0,37.250686,126.674964,,
25.150000000000222,3,NO_POSITION,NOMINAL_CLOSED_LOOP,NO_POSITION,NO_POSITION,FRESH,FRESH,FRESH,FRESH,0,80.0,80.0,0.0,0.0,0.0,0.0,37.250686,126.674964,,
25.200000000000223,3,NO_POSITION,NOMINAL_CLOSED_LOOP,NO_POSITION,NO_POSITION,FRESH,FRESH,FRESH,FRESH,0,80.0,80.0,0.0,0.0,0.0,0.0,37.250686,126.674964,,
25.250000000000224,3,NO_POSITION,NOMINAL_CLOSED_LOOP,NO_POSITION,NO_POSITION,FRESH,FRESH,FRESH,FRESH,0,80.0,80.0,0.0,0.0,0.0,0.0,37.250686,126.674964,,
25.300000000000225,3,NO_POSITION,NOMINAL_FEEDFORWARD,NO_POSITION,NO_POSITION,FRESH,FRESH,STALE,FRESH,0,80.0,80.0,0.0,0.0,0.0,0.0,37.250686,126.674964,,
25.350000000000225,3,NO_POSITION,NOMINAL_FEEDFORWARD,NO_POSITION,NO_POSITION,FRESH,FRESH,STALE,FRESH,0,80.0,80.0,0.0,0.0,0.0,0.0,37.250686,126.674964,,
25.400000000000226,3,NO_POSITION,NOMINAL_FEEDFORWARD,NO_POSITION,NO_POSITION,FRESH,FRESH,STALE,FRESH,0,80.0,80.0,0.0,0.0,0.0,0.0,37.250686,126.674964,,
25.450000000000227,3,NO_POSITION,NOMINAL_FEEDFORWARD,NO_POSITION,NO_POSITION,FRESH,FRESH,STALE,FRESH,0,80.0,80.0,0.0,0.0,0.0,0.0,37.250686,126.674964,,
25.500000000000227,3,NO_POSITION,NOMINAL_FEEDFORWARD,NO_POSITION,NO_POSITION,FRESH,FRESH,STALE,FRESH,0,80.0,80.0,0.0,0.0,0.0,0.0,37.250686,126.674964,,
25.550000000000228,3,NO_POSITION,NOMINAL_FEEDFORWARD,NO_POSITION,NO_POSITION,FRESH,FRESH,STALE,FRESH,0,80.0,80.0,0.0,0.0,0.0,0.0,37.250686,126.674964,,
25.60000000000023,3,NO_POSITION,NOMINAL_FEEDFORWARD,NO_POSITION,NO_POSITION,FRESH,FRESH,STALE,STALE,0,80.0,80.0,0.0,0.0,0.0,0.0,37.250686,126.674964,,
25.65000000000023,3,NO_POSITION,NOMINAL_FEEDFORWARD,NO_POSITION,NO_POSITION,FRESH,FRESH,STALE,STALE,0,80.0,80.0,0.0,0.0,0.0,0.0,37.250686,126.674964,,
25.70000000000023,3,NO_POSITION,NOMINAL_FEEDFORWARD,NO_POSITION,NO_POSITION,FRESH,FRESH,STALE,STALE,0,80.0,80.0,0.0,0.0,0.0,0.0,37.250686,126.674964,,
25.75000000000023,3,NO_POSITION,NOMINAL_FEEDFORWARD,NO_POSITION,NO_POSITION,FRESH,FRESH,STALE,STALE,0,80.0,80.0,0.0,0.0,0.0,0.0,37.250686,126.674964,,
25.80000000000023,3,NO_POSITION,NOMINAL_FEEDFORWARD,NO_POSITION,NO_POSITION,FRESH,FRESH,STALE,STALE,0,80.0,80.0,0.0,0.0,0.0,0.0,37.250686,126.674964,,
25.850000000000232,3,NO_POSITION,NOMINAL_FEEDFORWARD,NO_POSITION,NO_POSITION,FRESH,FRESH,STALE,STALE,0,80.0,80.0,0.0,0.0,0.0,0.0,37.250686,126.674964,,
25.900000000000233,3,NO_POSITION,NOMINAL_FEEDFORWARD,NO_POSITION,NO_POSITION,FRESH,FRESH,STALE,STALE,0,80.0,80.0,0.0,0.0,0.0,0.0,37.250686,126.674964,,
25.950000000000234,3,NO_POSITION,NOMINAL_FEEDFORWARD,NO_POSITION,NO_POSITION,FRESH,FRESH,STALE,STALE,0,80.0,80.0,0.0,0.0,0.0,0.0,37.250686,126.674964,,
26.000000000000234,3,NO_POSITION,NOMINAL_FEEDFORWARD,NO_POSITION,NO_POSITION,FRESH,FRESH,STALE,STALE,0,80.0,80.0,0.0,0.0,0.0,0.0,37.250686,126.674964,,
26.050000000000235,3,NO_POSITION,NOMINAL_FEEDFORWARD,NO_POSITION,NO_POSITION,FRESH,FRESH,STALE,STALE,0,80.0,80.0,0.0,0.0,0.0,0.0,37.250686,126.674964,,
26.100000000000236,3,NO_MOTION,FAIL,NO_MOTION,NO_MOTION,FRESH,STALE,FRESH,FRESH,0,80.0,80.0,0.0,0.0,0.0,0.0,37.250686,126.674964,,
26.150000000000237,3,NO_MOTION,FAIL,NO_MOTION,NO_MOTION,FRESH,STALE,FRESH,FRESH,0,80.0,80.0,0.0,0.0,0.0,0.0,37.250686,126.674964,,
26.200000000000237,3,NO_MOTION,FAIL,NO_MOTION,NO_MOTION,FRESH,STALE,FRESH,FRESH,0,80.0,80.0,0.0,0.0,0.0,0.0,37.250686,126.674964,,
26.250000000000238,3,NO_MOTION,FAIL,NO_MOTION,NO_MOTION,FRESH,STALE,FRESH,FRESH,0,80.0,80.0,0.0,0.0,0.0,0.0,37.250686,126.674964,,
26.30000000000024,3,NO_MOTION,FAIL,NO_MOTION,NO_MOTION,FRESH,STALE,STALE,FRESH,0,80.0,80.0,0.0,0.0,0.0,0.0,37.250686,126.674964,,
26.35000000000024,3,NO_MOTION,FAIL,NO_MOTION,NO_MOTION,FRESH,STALE,STALE,FRESH,0,80.0,80.0,0.0,0.0,0.0,0.0,37.250686,126.674964,,
26.40000000000024,3,NO_MOTION,FAIL,NO_MOTION,NO_MOTION,FRESH,STALE,STALE,FRESH,0,80.0,80.0,0.0,0.0,0.0,0.0,37.250686,126.674964,,
26.45000000000024,3,NO_MOTION,FAIL,NO_MOTION,NO_MOTION,FRESH,STALE,STALE,FRESH,0,80.0,80.0,0.0,0.0,0.0,0.0,37.250686,126.674964,,
26.50000000000024,3,NO_MOTION,FAIL,NO_MOTION,NO_MOTION,FRESH,STALE,STALE,FRESH,0,80.0,80.0,0.0,0.0,0.0,0.0,37.250686,126.674964,,
26.550000000000242,3,NO_MOTION,FAIL,NO_MOTION,NO_MOTION,FRESH,STALE,STALE,FRESH,0,80.0,80.0,0.0,0.0,0.0,0.0,37.250686,126.674964,,
26.600000000000243,3,NO_MOTION,FAIL,NO_MOTION,NO_MOTION,FRESH,STALE,STALE,STALE,0,80.0,80.0,0.0,0.0,0.0,0.0,37.250686,126.674964,,
26.650000000000244,3,NO_MOTION,FAIL,NO_MOTION,NO_MOTION,FRESH,STALE,STALE,STALE,0,80.0,80.0,0.0,0.0,0.0,0.0,37.250686,126.674964,,
26.700000000000244,3,NO_MOTION,FAIL,NO_MOTION,NO_MOTION,FRESH,STALE,STALE,STALE,0,80.0,80.0,0.0,0.0,0.0,0.0,37.250686,126.674964,,
26.750000000000245,3,NO_MOTION,FAIL,NO_MOTION,NO_MOTION,FRESH,STALE,STALE,STALE,0,80.0,80.0,0.0,0.0,0.0,0.0,37.250686,126.674964,,
26.800000000000246,3,NO_MOTION,FAIL,NO_MOTION,NO_MOTION,FRESH,STALE,STALE,STALE,0,80.0,80.0,0.0,0.0,0.0,0.0,37.250686,126.674964,,
26.850000000000247,3,NO_MOTION,FAIL,NO_MOTION,NO_MOTION,FRESH,STALE,STALE,STALE,0,80.0,80.0,0.0,0.0,0.0,0.0,37.250686,126.674964,,
26.900000000000247,3,NO_MOTION,FAIL,NO_MOTION,NO_MOTION,FRESH,STALE,STALE,STALE,0,80.0,80.0,0.0,0.0,0.0,0.0,37.250686,126.674964,,
26.950000000000248,3,NO_MOTION,FAIL,NO_MOTION,NO_MOTION,FRESH,STALE,STALE,STALE,0,80.0,80.0,0.0,0.0,0.0,0.0,37.250686,126.674964,,
27.00000000000025,3,NO_MOTION,FAIL,NO_MOTION,NO_MOTION,FRESH,STALE,STALE,STALE,0,80.0,80.0,0.0,0.0,0.0,0.0,37.250686,126.674964,,
27.05000000000025,3,NO_MOTION,FAIL,NO_MOTION,NO_MOTION,FRESH,STALE,STALE,STALE,0,80.0,80.0,0.0,0.0,0.0,0.0,37.250686,126.674964,,
27.10000000000025,3,NO_MOTION,FAIL,NO_MOTION,NO_MOTION,FRESH,STALE,FRESH,FRESH,0,80.0,80.0,0.0,0.0,0.0,0.0,37.250686,126.674964,,
27.15000000000025,3,NO_MOTION,FAIL,NO_MOTION,NO_MOTION,FRESH,STALE,FRESH,FRESH,0,80.0,80.0,0.0,0.0,0.0,0.0,37.250686,126.674964,,
27.20000000000025,3,NO_MOTION,FAIL,NO_MOTION,NO_MOTION,FRESH,STALE,FRESH,FRESH,0,80.0,80.0,0.0,0.0,0.0,0.0,37.250686,126.674964,,
27.250000000000252,3,NO_MOTION,FAIL,NO_MOTION,NO_MOTION,FRESH,STALE,FRESH,FRESH,0,80.0,80.0,0.0,0.0,0.0,0.0,37.250686,126.674964,,
27.300000000000253,3,NO_MOTION,FAIL,NO_MOTION,NO_MOTION,FRESH,STALE,STALE,FRESH,0,80.0,80.0,0.0,0.0,0.0,0.0,37.250686,126.674964,,
27.350000000000254,3,NO_MOTION,FAIL,NO_MOTION,NO_MOTION,FRESH,STALE,STALE,FRESH,0,80.0,80.0,0.0,0.0,0.0,0.0,37.250686,126.674964,,
27.400000000000254,3,NO_MOTION,FAIL,NO_MOTION,NO_MOTION,FRESH,STALE,STALE,FRESH,0,80.0,80.0,0.0,0.0,0.0,0.0,37.250686,126.674964,,
27.450000000000255,3,NO_MOTION,FAIL,NO_MOTION,NO_MOTION,FRESH,STALE,STALE,FRESH,0,80.0,80.0,0.0,0.0,0.0,0.0,37.250686,126.674964,,
27.500000000000256,3,NO_MOTION,FAIL,NO_MOTION,NO_MOTION,FRESH,STALE,STALE,FRESH,0,80.0,80.0,0.0,0.0,0.0,0.0,37.250686,126.674964,,
27.550000000000257,3,NO_MOTION,FAIL,NO_MOTION,NO_MOTION,FRESH,STALE,STALE,FRESH,0,80.0,80.0,0.0,0.0,0.0,0.0,37.250686,126.674964,,
27.600000000000257,3,NO_MOTION,FAIL,NO_MOTION,NO_MOTION,FRESH,STALE,STALE,STALE,0,80.0,80.0,0.0,0.0,0.0,0.0,37.250686,126.674964,,
27.650000000000258,3,NO_MOTION,FAIL,NO_MOTION,NO_MOTION,FRESH,STALE,STALE,STALE,0,80.0,80.0,0.0,0.0,0.0,0.0,37.250686,126.674964,,
27.70000000000026,3,NO_MOTION,FAIL,NO_MOTION,NO_MOTION,FRESH,STALE,STALE,STALE,0,80.0,80.0,0.0,0.0,0.0,0.0,37.250686,126.674964,,
27.75000000000026,3,NO_MOTION,FAIL,NO_MOTION,NO_MOTION,FRESH,STALE,STALE,STALE,0,80.0,80.0,0.0,0.0,0.0,0.0,37.250686,126.674964,,
27.80000000000026,3,NO_MOTION,FAIL,NO_MOTION,NO_MOTION,FRESH,STALE,STALE,STALE,0,80.0,80.0,0.0,0.0,0.0,0.0,37.250686,126.674964,,
27.85000000000026,3,NO_MOTION,FAIL,NO_MOTION,NO_MOTION,FRESH,STALE,STALE,STALE,0,80.0,80.0,0.0,0.0,0.0,0.0,37.250686,126.674964,,
27.90000000000026,3,NO_MOTION,FAIL,NO_MOTION,NO_MOTION,FRESH,STALE,STALE,STALE,0,80.0,80.0,0.0,0.0,0.0,0.0,37.250686,126.674964,,
27.950000000000262,3,NO_MOTION,FAIL,NO_MOTION,NO_MOTION,FRESH,STALE,STALE,STALE,0,80.0,80.0,0.0,0.0,0.0,0.0,37.250686,126.674964,,
28.000000000000263,3,NO_MOTION,FAIL,NO_MOTION,NO_MOTION,FRESH,STALE,STALE,STALE,0,80.0,80.0,0.0,0.0,0.0,0.0,37.250686,126.674964,,
28.050000000000264,3,NO_MOTION,FAIL,NO_MOTION,NO_MOTION,FRESH,STALE,STALE,STALE,0,80.0,80.0,0.0,0.0,0.0,0.0,37.250686,126.674964,,
28.100000000000264,3,NO_MOTION,FAIL,NO_MOTION,NO_MOTION,FRESH,STALE,FRESH,FRESH,0,80.0,80.0,0.0,0.0,0.0,0.0,37.250686,126.674964,,
28.150000000000265,3,NO_MOTION,FAIL,NO_MOTION,NO_MOTION,FRESH,STALE,FRESH,FRESH,0,80.0,80.0,0.0,0.0,0.0,0.0,37.250686,126.674964,,
28.200000000000266,3,NO_MOTION,FAIL,NO_MOTION,NO_MOTION,FRESH,STALE,FRESH,FRESH,0,80.0,80.0,0.0,0.0,0.0,0.0,37.250686,126.674964,,
28.250000000000266,3,NO_MOTION,FAIL,NO_MOTION,NO_MOTION,FRESH,STALE,FRESH,FRESH,0,80.0,80.0,0.0,0.0,0.0,0.0,37.250686,126.674964,,
28.300000000000267,3,NO_MOTION,FAIL,NO_MOTION,NO_MOTION,FRESH,STALE,STALE,FRESH,0,80.0,80.0,0.0,0.0,0.0,0.0,37.250686,126.674964,,
28.350000000000268,3,NO_MOTION,FAIL,NO_MOTION,NO_MOTION,FRESH,STALE,STALE,FRESH,0,80.0,80.0,0.0,0.0,0.0,0.0,37.250686,126.674964,,
28.40000000000027,3,NO_MOTION,FAIL,NO_MOTION,NO_MOTION,FRESH,STALE,STALE,FRESH,0,80.0,80.0,0.0,0.0,0.0,0.0,37.250686,126.674964,,
28.45000000000027,3,NO_MOTION,FAIL,NO_MOTION,NO_MOTION,FRESH,STALE,STALE,FRESH,0,80.0,80.0,0.0,0.0,0.0,0.0,37.250686,126.674964,,
28.50000000000027,3,NO_MOTION,FAIL,NO_MOTION,NO_MOTION,FRESH,STALE,STALE,FRESH,0,80.0,80.0,0.0,0.0,0.0,0.0,37.250686,126.674964,,
28.55000000000027,3,NO_MOTION,FAIL,NO_MOTION,NO_MOTION,FRESH,STALE,STALE,FRESH,0,80.0,80.0,0.0,0.0,0.0,0.0,37.250686,126.674964,,
28.60000000000027,3,NO_MOTION,FAIL,NO_MOTION,NO_MOTION,FRESH,STALE,STALE,STALE,0,80.0,80.0,0.0,0.0,0.0,0.0,37.250686,126.674964,,
28.650000000000272,3,NO_MOTION,FAIL,NO_MOTION,NO_MOTION,FRESH,STALE,STALE,STALE,0,80.0,80.0,0.0,0.0,0.0,0.0,37.250686,126.674964,,
28.700000000000273,3,NO_MOTION,FAIL,NO_MOTION,NO_MOTION,FRESH,STALE,STALE,STALE,0,80.0,80.0,0.0,0.0,0.0,0.0,37.250686,126.674964,,
28.750000000000274,3,NO_MOTION,FAIL,NO_MOTION,NO_MOTION,FRESH,STALE,STALE,STALE,0,80.0,80.0,0.0,0.0,0.0,0.0,37.250686,126.674964,,
28.800000000000274,3,NO_MOTION,FAIL,NO_MOTION,NO_MOTION,FRESH,STALE,STALE,STALE,0,80.0,80.0,0.0,0.0,0.0,0.0,37.250686,126.674964,,
28.850000000000275,3,NO_MOTION,FAIL,NO_MOTION,NO_MOTION,FRESH,STALE,STALE,STALE,0,80.0,80.0,0.0,0.0,0.0,0.0,37.250686,126.674964,,
28.900000000000276,3,NO_MOTION,FAIL,NO_MOTION,NO_MOTION,FRESH,STALE,STALE,STALE,0,80.0,80.0,0.0,0.0,0.0,0.0,37.250686,126.674964,,
28.950000000000276,3,NO_MOTION,FAIL,NO_MOTION,NO_MOTION,FRESH,STALE,STALE,STALE,0,80.0,80.0,0.0,0.0,0.0,0.0,37.250686,126.674964,,
29.000000000000277,3,NO_MOTION,FAIL,NO_MOTION,NO_MOTION,FRESH,STALE,STALE,STALE,0,80.0,80.0,0.0,0.0,0.0,0.0,37.250686,126.674964,,
29.050000000000278,3,NO_MOTION,FAIL,NO_MOTION,NO_MOTION,FRESH,STALE,STALE,STALE,0,80.0,80.0,0.0,0.0,0.0,0.0,37.250686,126.674964,,
29.10000000000028,3,NO_MOTION,FAIL,NO_MOTION,NO_MOTION,FRESH,STALE,FRESH,FRESH,0,80.0,80.0,0.0,0.0,0.0,0.0,37.250686,126.674964,,
29.15000000000028,3,NO_MOTION,FAIL,NO_MOTION,NO_MOTION,FRESH,STALE,FRESH,FRESH,0,80.0,80.0,0.0,0.0,0.0,0.0,37.250686,126.674964,,
29.20000000000028,3,NO_MOTION,FAIL,NO_MOTION,NO_MOTION,FRESH,STALE,FRESH,FRESH,0,80.0,80.0,0.0,0.0,0.0,0.0,37.250686,126.674964,,
29.25000000000028,3,NO_MOTION,FAIL,NO_MOTION,NO_MOTION,FRESH,STALE,FRESH,FRESH,0,80.0,80.0,0.0,0.0,0.0,0.0,37.250686,126.674964,,
29.30000000000028,3,NO_MOTION,FAIL,NO_MOTION,NO_MOTION,FRESH,STALE,STALE,FRESH,0,80.0,80.0,0.0,0.0,0.0,0.0,37.250686,126.674964,,
29.350000000000282,3,NO_MOTION,FAIL,NO_MOTION,NO_MOTION,FRESH,STALE,STALE,FRESH,0,80.0,80.0,0.0,0.0,0.0,0.0,37.250686,126.674964,,
29.400000000000283,3,NO_MOTION,FAIL,NO_MOTION,NO_MOTION,FRESH,STALE,STALE,FRESH,0,80.0,80.0,0.0,0.0,0.0,0.0,37.250686,126.674964,,
29.450000000000284,3,NO_MOTION,FAIL,NO_MOTION,NO_MOTION,FRESH,STALE,STALE,FRESH,0,80.0,80.0,0.0,0.0,0.0,0.0,37.250686,126.674964,,
29.500000000000284,3,NO_MOTION,FAIL,NO_MOTION,NO_MOTION,FRESH,STALE,STALE,FRESH,0,80.0,80.0,0.0,0.0,0.0,0.0,37.250686,126.674964,,
29.550000000000285,3,NO_MOTION,FAIL,NO_MOTION,NO_MOTION,FRESH,STALE,STALE,FRESH,0,80.0,80.0,0.0,0.0,0.0,0.0,37.250686,126.674964,,
29.600000000000286,3,NO_MOTION,FAIL,NO_MOTION,NO_MOTION,FRESH,STALE,STALE,STALE,0,80.0,80.0,0.0,0.0,0.0,0.0,37.250686,126.674964,,
29.650000000000286,3,NO_MOTION,FAIL,NO_MOTION,NO_MOTION,FRESH,STALE,STALE,STALE,0,80.0,80.0,0.0,0.0,0.0,0.0,37.250686,126.674964,,
29.700000000000287,3,NO_MOTION,FAIL,NO_MOTION,NO_MOTION,FRESH,STALE,STALE,STALE,0,80.0,80.0,0.0,0.0,0.0,0.0,37.250686,126.674964,,
29.750000000000288,3,NO_MOTION,FAIL,NO_MOTION,NO_MOTION,FRESH,STALE,STALE,STALE,0,80.0,80.0,0.0,0.0,0.0,0.0,37.250686,126.674964,,
29.80000000000029,3,NO_MOTION,FAIL,NO_MOTION,NO_MOTION,FRESH,STALE,STALE,STALE,0,80.0,80.0,0.0,0.0,0.0,0.0,37.250686,126.674964,,
29.85000000000029,3,NO_MOTION,FAIL,NO_MOTION,NO_MOTION,FRESH,STALE,STALE,STALE,0,80.0,80.0,0.0,0.0,0.0,0.0,37.250686,126.674964,,
29.90000000000029,3,NO_MOTION,FAIL,NO_MOTION,NO_MOTION,FRESH,STALE,STALE,STALE,0,80.0,80.0,0.0,0.0,0.0,0.0,37.250686,126.674964,,
29.95000000000029,3,NO_MOTION,FAIL,NO_MOTION,NO_MOTION,FRESH,STALE,STALE,STALE,0,80.0,80.0,0.0,0.0,0.0,0.0,37.250686,126.674964,,
30.00000000000029,3,NO_MOTION,FAIL,NO_MOTION,NO_MOTION,FRESH,STALE,STALE,STALE,0,80.0,80.0,0.0,0.0,0.0,0.0,37.250686,126.674964,,
30.050000000000292,3,NO_MOTION,FAIL,NO_MOTION,NO_MOTION,FRESH,STALE,STALE,STALE,0,80.0,80.0,0.0,0.0,0.0,0.0,37.250686,126.674964,,
30.100000000000293,3,NO_MOTION,FAIL,NO_MOTION,NO_MOTION,FRESHED,STALE,FRESH,FRESH,0,80.0,80.0,0.0,0.0,0.0,0.0,37.250686,126.674964,,
30.150000000000293,3,NO_MOTION,FAIL,NO_MOTION,NO_MOTION,FRESHED,STALE,FRESH,FRESH,0,80.0,80.0,0.0,0.0,0.0,0.0,37.250686,126.674964,,
30.200000000000294,3,NO_MOTION,FAIL,NO_MOTION,NO_MOTION,FRESHED,STALE,FRESH,FRESH,0,80.0,80.0,0.0,0.0,0.0,0.0,37.250686,126.674964,,
30.250000000000295,3,NO_MOTION,FAIL,NO_MOTION,NO_MOTION,FRESHED,STALE,FRESH,FRESH,0,80.0,80.0,0.0,0.0,0.0,0.0,37.250686,126.674964,,
30.300000000000296,3,NO_MOTION,FAIL,NO_MOTION,NO_MOTION,FRESHED,STALE,STALE,FRESH,0,80.0,80.0,0.0,0.0,0.0,0.0,37.250686,126.674964,,
30.350000000000296,3,NO_MOTION,FAIL,NO_MOTION,NO_MOTION,FRESHED,STALE,STALE,FRESH,0,80.0,80.0,0.0,0.0,0.0,0.0,37.250686,126.674964,,
30.400000000000297,3,NO_MOTION,FAIL,NO_MOTION,NO_MOTION,FRESHED,STALE,STALE,FRESH,0,80.0,80.0,0.0,0.0,0.0,0.0,37.250686,126.674964,,
30.450000000000298,3,NO_MOTION,FAIL,NO_MOTION,NO_MOTION,FRESHED,STALE,STALE,FRESH,0,80.0,80.0,0.0,0.0,0.0,0.0,37.250686,126.674964,,
30.5000000000003,3,NO_MOTION,FAIL,NO_MOTION,NO_MOTION,FRESHED,STALE,STALE,FRESH,0,80.0,80.0,0.0,0.0,0.0,0.0,37.250686,126.674964,,
30.5500000000003,3,NO_MOTION,FAIL,NO_MOTION,NO_MOTION,FRESHED,STALE,STALE,FRESH,0,80.0,80.0,0.0,0.0,0.0,0.0,37.250686,126.674964,,
30.6000000000003,3,NO_MOTION,FAIL,NO_MOTION,NO_MOTION,FRESHED,STALE,STALE,STALE,0,80.0,80.0,0.0,0.0,0.0,0.0,37.250686,126.674964,,
30.6500000000003,3,NO_MOTION,FAIL,NO_MOTION,NO_MOTION,FRESHED,STALE,STALE,STALE,0,80.0,80.0,0.0,0.0,0.0,0.0,37.250686,126.674964,,
30.7000000000003,3,NO_MOTION,FAIL,NO_MOTION,NO_MOTION,FRESHED,STALE,STALE,STALE,0,80.0,80.0,0.0,0.0,0.0,0.0,37.250686,126.674964,,
30.750000000000302,3,NO_MOTION,FAIL,NO_MOTION,NO_MOTION,FRESHED,STALE,STALE,STALE,0,80.0,80.0,0.0,0.0,0.0,0.0,37.250686,126.674964,,
30.800000000000303,3,NO_MOTION,FAIL,NO_MOTION,NO_MOTION,FRESHED,STALE,STALE,STALE,0,80.0,80.0,0.0,0.0,0.0,0.0,37.250686,126.674964,,
30.850000000000303,3,NO_MOTION,FAIL,NO_MOTION,NO_MOTION,FRESHED,STALE,STALE,STALE,0,80.0,80.0,0.0,0.0,0.0,0.0,37.250686,126.674964,,
30.900000000000304,3,NO_MOTION,FAIL,NO_MOTION,NO_MOTION,FRESHED,STALE,STALE,STALE,0,80.0,80.0,0.0,0.0,0.0,0.0,37.250686,126.674964,,
30.950000000000305,3,NO_MOTION,FAIL,NO_MOTION,NO_MOTION,FRESHED,STALE,STALE,STALE,0,80.0,80.0,0.0,0.0,0.0,0.0,37.250686,126.674964,,
31.000000000000306,3,NO_MOTION,FAIL,NO_MOTION,NO_MOTION,FRESHED,STALE,STALE,STALE,0,80.0,80.0,0.0,0.0,0.0,0.0,37.250686,126.674964,,
31.050000000000306,3,NO_MOTION,FAIL,NO_MOTION,NO_MOTION,FRESHED,STALE,STALE,STALE,0,80.0,80.0,0.0,0.0,0.0,0.0,37.250686,126.674964,,
31.100000000000307,3,NO_MOTION,FAIL,NO_MOTION,NO_MOTION,FRESHED,STALE,FRESH,FRESH,0,80.0,80.0,0.0,0.0,0.0,0.0,37.250686,126.674964,,
31.150000000000308,3,NO_MOTION,FAIL,NO_MOTION,NO_MOTION,FRESHED,STALE,FRESH,FRESH,0,80.0,80.0,0.0,0.0,0.0,0.0,37.250686,126.674964,,
31.20000000000031,3,NO_MOTION,FAIL,NO_MOTION,NO_MOTION,FRESHED,STALE,FRESH,FRESH,0,80.0,80.0,0.0,0.0,0.0,0.0,37.250686,126.674964,,
31.25000000000031,3,NO_MOTION,FAIL,NO_MOTION,NO_MOTION,FRESHED,STALE,FRESH,FRESH,0,80.0,80.0,0.0,0.0,0.0,0.0,37.250686,126.674964,,
31.30000000000031,3,NO_MOTION,FAIL,NO_MOTION,NO_MOTION,FRESHED,STALE,STALE,FRESH,0,80.0,80.0,0.0,0.0,0.0,0.0,37.250686,126.674964,,
31.35000000000031,3,NO_MOTION,FAIL,NO_MOTION,NO_MOTION,FRESHED,STALE,STALE,FRESH,0,80.0,80.0,0.0,0.0,0.0,0.0,37.250686,126.674964,,
31.40000000000031,3,NO_MOTION,FAIL,NO_MOTION,NO_MOTION,FRESHED,STALE,STALE,FRESH,0,80.0,80.0,0.0,0.0,0.0,0.0,37.250686,126.674964,,
31.450000000000312,3,NO_MOTION,FAIL,NO_MOTION,NO_MOTION,FRESHED,STALE,STALE,FRESH,0,80.0,80.0,0.0,0.0,0.0,0.0,37.250686,126.674964,,
31.500000000000313,3,NO_MOTION,FAIL,NO_MOTION,NO_MOTION,FRESHED,STALE,STALE,FRESH,0,80.0,80.0,0.0,0.0,0.0,0.0,37.250686,126.674964,,
31.550000000000313,3,NO_MOTION,FAIL,NO_MOTION,NO_MOTION,FRESHED,STALE,STALE,FRESH,0,80.0,80.0,0.0,0.0,0.0,0.0,37.250686,126.674964,,
31.600000000000314,3,NO_MOTION,FAIL,NO_MOTION,NO_MOTION,FRESHED,STALE,STALE,STALE,0,80.0,80.0,0.0,0.0,0.0,0.0,37.250686,126.674964,,
31.650000000000315,3,NO_MOTION,FAIL,NO_MOTION,NO_MOTION,FRESHED,STALE,STALE,STALE,0,80.0,80.0,0.0,0.0,0.0,0.0,37.250686,126.674964,,
31.700000000000315,3,NO_MOTION,FAIL,NO_MOTION,NO_MOTION,FRESHED,STALE,STALE,STALE,0,80.0,80.0,0.0,0.0,0.0,0.0,37.250686,126.674964,,
31.750000000000316,3,NO_MOTION,FAIL,NO_MOTION,NO_MOTION,FRESHED,STALE,STALE,STALE,0,80.0,80.0,0.0,0.0,0.0,0.0,37.250686,126.674964,,
31.800000000000317,3,NO_MOTION,FAIL,NO_MOTION,NO_MOTION,FRESHED,STALE,STALE,STALE,0,80.0,80.0,0.0,0.0,0.0,0.0,37.250686,126.674964,,
31.850000000000318,3,NO_MOTION,FAIL,NO_MOTION,NO_MOTION,FRESHED,STALE,STALE,STALE,0,80.0,80.0,0.0,0.0,0.0,0.0,37.250686,126.674964,,
31.90000000000032,3,NO_MOTION,FAIL,NO_MOTION,NO_MOTION,FRESHED,STALE,STALE,STALE,0,80.0,80.0,0.0,0.0,0.0,0.0,37.250686,126.674964,,
31.95000000000032,3,NO_MOTION,FAIL,NO_MOTION,NO_MOTION,FRESHED,STALE,STALE,STALE,0,80.0,80.0,0.0,0.0,0.0,0.0,37.250686,126.674964,,
32.00000000000032,3,NO_MOTION,FAIL,NO_MOTION,NO_MOTION,FRESHED,STALE,STALE,STALE,0,80.0,80.0,0.0,0.0,0.0,0.0,37.250686,126.674964,,
32.05000000000032,3,NO_MOTION,FAIL,NO_MOTION,NO_MOTION,FRESHED,STALE,STALE,STALE,0,80.0,80.0,0.0,0.0,0.0,0.0,37.250686,126.674964,,
32.100000000000314,3,NO_POSITION,NOMINAL_CLOSED_LOOP,NO_POSITION,NO_POSITION,FRESH,FRESH,FRESH,FRESH,0,80.0,80.0,0.0,0.0,0.0,0.0,37.250686,126.674964,,
32.15000000000031,3,NO_POSITION,NOMINAL_CLOSED_LOOP,NO_POSITION,NO_POSITION,FRESH,FRESH,FRESH,FRESH,0,80.0,80.0,0.0,0.0,0.0,0.0,37.250686,126.674964,,
32.20000000000031,3,NO_POSITION,NOMINAL_CLOSED_LOOP,NO_POSITION,NO_POSITION,FRESH,FRESH,FRESH,FRESH,0,80.0,80.0,0.0,0.0,0.0,0.0,37.250686,126.674964,,
32.250000000000306,3,NO_POSITION,NOMINAL_CLOSED_LOOP,NO_POSITION,NO_POSITION,FRESH,FRESH,FRESH,FRESH,0,80.0,80.0,0.0,0.0,0.0,0.0,37.250686,126.674964,,
32.3000000000003,3,NO_POSITION,NOMINAL_CLOSED_LOOP,NO_POSITION,NO_POSITION,FRESH,FRESH,FRESH,FRESH,0,80.0,80.0,0.0,0.0,0.0,0.0,37.250686,126.674964,,
32.3500000000003,3,NO_POSITION,NOMINAL_FEEDFORWARD,NO_POSITION,NO_POSITION,FRESH,FRESH,STALE,FRESH,0,80.0,80.0,0.0,0.0,0.0,0.0,37.250686,126.674964,,
32.4000000000003,3,NO_POSITION,NOMINAL_FEEDFORWARD,NO_POSITION,NO_POSITION,FRESH,FRESH,STALE,FRESH,0,80.0,80.0,0.0,0.0,0.0,0.0,37.250686,126.674964,,
32.450000000000294,3,NO_POSITION,NOMINAL_FEEDFORWARD,NO_POSITION,NO_POSITION,FRESH,FRESH,STALE,FRESH,0,80.0,80.0,0.0,0.0,0.0,0.0,37.250686,126.674964,,
32.50000000000029,3,NO_POSITION,NOMINAL_FEEDFORWARD,NO_POSITION,NO_POSITION,FRESH,FRESH,STALE,FRESH,0,80.0,80.0,0.0,0.0,0.0,0.0,37.250686,126.674964,,
32.55000000000029,3,NO_POSITION,NOMINAL_FEEDFORWARD,NO_POSITION,NO_POSITION,FRESH,FRESH,STALE,FRESH,0,80.0,80.0,0.0,0.0,0.0,0.0,37.250686,126.674964,,
32.600000000000286,3,NO_POSITION,NOMINAL_FEEDFORWARD,NO_POSITION,NO_POSITION,FRESH,FRESH,STALE,FRESH,0,80.0,80.0,0.0,0.0,0.0,0.0,37.250686,126.674964,,
32.65000000000028,3,NO_POSITION,NOMINAL_FEEDFORWARD,NO_POSITION,NO_POSITION,FRESH,FRESH,STALE,STALE,0,80.0,80.0,0.0,0.0,0.0,0.0,37.250686,126.674964,,
32.70000000000028,3,NO_POSITION,NOMINAL_FEEDFORWARD,NO_POSITION,NO_POSITION,FRESH,FRESH,STALE,STALE,0,80.0,80.0,0.0,0.0,0.0,0.0,37.250686,126.674964,,
32.75000000000028,3,NO_POSITION,NOMINAL_FEEDFORWARD,NO_POSITION,NO_POSITION,FRESH,FRESH,STALE,STALE,0,80.0,80.0,0.0,0.0,0.0,0.0,37.250686,126.674964,,
32.800000000000274,3,NO_POSITION,NOMINAL_FEEDFORWARD,NO_POSITION,NO_POSITION,FRESH,FRESH,STALE,STALE,0,80.0,80.0,0.0,0.0,0.0,0.0,37.250686,126.674964,,
32.85000000000027,3,NO_POSITION,NOMINAL_FEEDFORWARD,NO_POSITION,NO_POSITION,FRESH,FRESH,STALE,STALE,0,80.0,80.0,0.0,0.0,0.0,0.0,37.250686,126.674964,,
32.90000000000027,3,NO_POSITION,NOMINAL_FEEDFORWARD,NO_POSITION,NO_POSITION,FRESH,FRESH,STALE,STALE,0,80.0,80.0,0.0,0.0,0.0,0.0,37.250686,126.674964,,
32.950000000000266,3,NO_POSITION,NOMINAL_FEEDFORWARD,NO_POSITION,NO_POSITION,FRESH,FRESH,STALE,STALE,0,80.0,80.0,0.0,0.0,0.0,0.0,37.250686,126.674964,,
33.00000000000026,3,NO_POSITION,NOMINAL_FEEDFORWARD,NO_POSITION,NO_POSITION,FRESH,FRESH,STALE,STALE,0,80.0,80.0,0.0,0.0,0.0,0.0,37.250686,126.674964,,
33.05000000000026,3,NO_POSITION,NOMINAL_FEEDFORWARD,NO_POSITION,NO_POSITION,FRESH,FRESH,STALE,STALE,0,80.0,80.0,0.0,0.0,0.0,0.0,37.250686,126.674964,,
33.10000000000026,3,NO_POSITION,DEGRADED_CLOSED_LOOP,NO_POSITION,NO_POSITION,FRESH,FRESHED,FRESH,FRESH,0,80.0,80.0,0.0,0.0,0.0,0.0,37.250686,126.674964,,
33.150000000000254,3,NO_POSITION,DEGRADED_CLOSED_LOOP,NO_POSITION,NO_POSITION,FRESH,FRESHED,FRESH,FRESH,0,80.0,80.0,0.0,0.0,0.0,0.0,37.250686,126.674964,,
33.20000000000025,3,NO_POSITION,DEGRADED_CLOSED_LOOP,NO_POSITION,NO_POSITION,FRESH,FRESHED,FRESH,FRESH,0,80.0,80.0,0.0,0.0,0.0,0.0,37.250686,126.674964,,
33.25000000000025,3,NO_POSITION,DEGRADED_CLOSED_LOOP,NO_POSITION,NO_POSITION,FRESH,FRESHED,FRESH,FRESH,0,80.0,80.0,0.0,0.0,0.0,0.0,37.250686,126.674964,,
33.300000000000246,3,NO_POSITION,DEGRADED_CLOSED_LOOP,NO_POSITION,NO_POSITION,FRESH,FRESHED,FRESH,FRESH,0,80.0,80.0,0.0,0.0,0.0,0.0,37.250686,126.674964,,
33.35000000000024,3,NO_POSITION,DEGRADED_FEEDFORWARD,NO_POSITION,NO_POSITION,FRESH,FRESHED,STALE,FRESH,0,80.0,80.0,0.0,0.0,0.0,0.0,37.250686,126.674964,,
33.40000000000024,3,NO_POSITION,DEGRADED_FEEDFORWARD,NO_POSITION,NO_POSITION,FRESH,FRESHED,STALE,FRESH,0,80.0,80.0,0.0,0.0,0.0,0.0,37.250686,126.674964,,
33.45000000000024,3,NO_POSITION,DEGRADED_FEEDFORWARD,NO_POSITION,NO_POSITION,FRESH,FRESHED,STALE,FRESH,0,80.0,80.0,0.0,0.0,0.0,0.0,37.250686,126.674964,,
33.500000000000234,3,NO_POSITION,DEGRADED_FEEDFORWARD,NO_POSITION,NO_POSITION,FRESH,FRESHED,STALE,FRESH,0,80.0,80.0,0.0,0.0,0.0,0.0,37.250686,126.674964,,
33.55000000000023,3,NO_POSITION,DEGRADED_FEEDFORWARD,NO_POSITION,NO_POSITION,FRESH,FRESHED,STALE,FRESH,0,80.0,80.0,0.0,0.0,0.0,0.0,37.250686,126.674964,,
33.60000000000023,3,NO_POSITION,DEGRADED_FEEDFORWARD,NO_POSITION,NO_POSITION,FRESH,FRESHED,STALE,FRESH,0,80.0,80.0,0.0,0.0,0.0,0.0,37.250686,126.674964,,
33.650000000000226,3,NO_POSITION,DEGRADED_FEEDFORWARD,NO_POSITION,NO_POSITION,FRESH,FRESHED,STALE,STALE,0,80.0,80.0,0.0,0.0,0.0,0.0,37.250686,126.674964,,
33.70000000000022,3,NO_POSITION,DEGRADED_FEEDFORWARD,NO_POSITION,NO_POSITION,FRESH,FRESHED,STALE,STALE,0,80.0,80.0,0.0,0.0,0.0,0.0,37.250686,126.674964,,
33.75000000000022,3,NO_POSITION,DEGRADED_FEEDFORWARD,NO_POSITION,NO_POSITION,FRESH,FRESHED,STALE,STALE,0,80.0,80.0,0.0,0.0,0.0,0.0,37.250686,126.674964,,
33.80000000000022,3,NO_POSITION,DEGRADED_FEEDFORWARD,NO_POSITION,NO_POSITION,FRESH,FRESHED,STALE,STALE,0,80.0,80.0,0.0,0.0,0.0,0.0,37.250686,126.674964,,
33.850000000000215,3,NO_POSITION,DEGRADED_FEEDFORWARD,NO_POSITION,NO_POSITION,FRESH,FRESHED,STALE,STALE,0,80.0,80.0,0.0,0.0,0.0,0.0,37.250686,126.674964,,
33.90000000000021,3,NO_POSITION,DEGRADED_FEEDFORWARD,NO_POSITION,NO_POSITION,FRESH,FRESHED,STALE,STALE,0,80.0,80.0,0.0,0.0,0.0,0.0,37.250686,126.674964,,
33.95000000000021,3,NO_POSITION,DEGRADED_FEEDFORWARD,NO_POSITION,NO_POSITION,FRESH,FRESHED,STALE,STALE,0,80.0,80.0,0.0,0.0,0.0,0.0,37.250686,126.674964,,
34.000000000000206,3,NO_POSITION,DEGRADED_FEEDFORWARD,NO_POSITION,NO_POSITION,FRESH,FRESHED,STALE,STALE,0,80.0,80.0,0.0,0.0,0.0,0.0,37.250686,126.674964,,
34.0500000000002,3,NO_POSITION,DEGRADED_FEEDFORWARD,NO_POSITION,NO_POSITION,FRESH,FRESHED,STALE,STALE,0,80.0,80.0,0.0,0.0,0.0,0.0,37.250686,126.674964,,
34.1000000000002,3,NO_POSITION,NOMINAL_CLOSED_LOOP,NO_POSITION,NO_POSITION,FRESH,FRESH,FRESH,FRESH,0,80.0,80.0,0.0,0.0,0.0,0.0,37.250686,126.674964,,
34.1500000000002,3,NO_POSITION,NOMINAL_CLOSED_LOOP,NO_POSITION,NO_POSITION,FRESH,FRESH,FRESH,FRESH,0,80.0,80.0,0.0,0.0,0.0,0.0,37.250686,126.674964,,
34.200000000000195,3,NO_POSITION,NOMINAL_CLOSED_LOOP,NO_POSITION,NO_POSITION,FRESH,FRESH,FRESH,FRESH,0,80.0,80.0,0.0,0.0,0.0,0.0,37.250686,126.674964,,
34.25000000000019,3,NO_POSITION,NOMINAL_CLOSED_LOOP,NO_POSITION,NO_POSITION,FRESH,FRESH,FRESH,FRESH,0,80.0,80.0,0.0,0.0,0.0,0.0,37.250686,126.674964,,
34.30000000000019,3,NO_POSITION,NOMINAL_CLOSED_LOOP,NO_POSITION,NO_POSITION,FRESH,FRESH,FRESH,FRESH,0,80.0,80.0,0.0,0.0,0.0,0.0,37.250686,126.674964,,
34.350000000000186,3,NO_POSITION,NOMINAL_FEEDFORWARD,NO_POSITION,NO_POSITION,FRESH,FRESH,STALE,FRESH,0,80.0,80.0,0.0,0.0,0.0,0.0,37.250686,126.674964,,
34.40000000000018,3,NO_POSITION,NOMINAL_FEEDFORWARD,NO_POSITION,NO_POSITION,FRESH,FRESH,STALE,FRESH,0,80.0,80.0,0.0,0.0,0.0,0.0,37.250686,126.674964,,
34.45000000000018,3,NO_POSITION,NOMINAL_FEEDFORWARD,NO_POSITION,NO_POSITION,FRESH,FRESH,STALE,FRESH,0,80.0,80.0,0.0,0.0,0.0,0.0,37.250686,126.674964,,
34.50000000000018,3,NO_POSITION,NOMINAL_FEEDFORWARD,NO_POSITION,NO_POSITION,FRESH,FRESH,STALE,FRESH,0,80.0,80.0,0.0,0.0,0.0,0.0,37.250686,126.674964,,
34.550000000000175,3,NO_POSITION,NOMINAL_FEEDFORWARD,NO_POSITION,NO_POSITION,FRESH,FRESH,STALE,FRESH,0,80.0,80.0,0.0,0.0,0.0,0.0,37.250686,126.674964,,
34.60000000000017,3,NO_POSITION,NOMINAL_FEEDFORWARD,NO_POSITION,NO_POSITION,FRESH,FRESH,STALE,FRESH,0,80.0,80.0,0.0,0.0,0.0,0.0,37.250686,126.674964,,
34.65000000000017,3,NO_POSITION,NOMINAL_FEEDFORWARD,NO_POSITION,NO_POSITION,FRESH,FRESH,STALE,STALE,0,80.0,80.0,0.0,0.0,0.0,0.0,37.250686,126.674964,,
34.700000000000166,3,NO_POSITION,NOMINAL_FEEDFORWARD,NO_POSITION,NO_POSITION,FRESH,FRESH,STALE,STALE,0,80.0,80.0,0.0,0.0,0.0,0.0,37.250686,126.674964,,
34.75000000000016,3,NO_POSITION,NOMINAL_FEEDFORWARD,NO_POSITION,NO_POSITION,FRESH,FRESH,STALE,STALE,0,80.0,80.0,0.0,0.0,0.0,0.0,37.250686,126.674964,,
34.80000000000016,3,NO_POSITION,NOMINAL_FEEDFORWARD,NO_POSITION,NO_POSITION,FRESH,FRESH,STALE,STALE,0,80.0,80.0,0.0,0.0,0.0,0.0,37.250686,126.674964,,
34.85000000000016,3,NO_POSITION,NOMINAL_FEEDFORWARD,NO_POSITION,NO_POSITION,FRESH,FRESH,STALE,STALE,0,80.0,80.0,0.0,0.0,0.0,0.0,37.250686,126.674964,,
34.900000000000155,3,NO_POSITION,NOMINAL_FEEDFORWARD,NO_POSITION,NO_POSITION,FRESH,FRESH,STALE,STALE,0,80.0,80.0,0.0,0.0,0.0,0.0,37.250686,126.674964,,
34.95000000000015,3,NO_POSITION,NOMINAL_FEEDFORWARD,NO_POSITION,NO_POSITION,FRESH,FRESH,STALE,STALE,0,80.0,80.0,0.0,0.0,0.0,0.0,37.250686,126.674964,,
35.00000000000015,3,NO_POSITION,NOMINAL_FEEDFORWARD,NO_POSITION,NO_POSITION,FRESH,FRESH,STALE,STALE,0,80.0,80.0,0.0,0.0,0.0,0.0,37.250686,126.674964,,
35.050000000000146,3,NO_POSITION,NOMINAL_FEEDFORWARD,NO_POSITION,NO_POSITION,FRESH,FRESH,STALE,STALE,0,80.0,80.0,0.0,0.0,0.0,0.0,37.250686,126.674964,,
35.10000000000014,3,NO_POSITION,DEGRADED_CLOSED_LOOP,NO_POSITION,NO_POSITION,FRESH,FRESHED,FRESH,FRESH,0,80.0,80.0,0.0,0.0,0.0,0.0,37.250686,126.674964,,
35.15000000000014,3,NO_POSITION,DEGRADED_CLOSED_LOOP,NO_POSITION,NO_POSITION,FRESH,FRESHED,FRESH,FRESH,0,80.0,80.0,0.0,0.0,0.0,0.0,37.250686,126.674964,,
35.20000000000014,3,NO_POSITION,DEGRADED_CLOSED_LOOP,NO_POSITION,NO_POSITION,FRESH,FRESHED,FRESH,FRESH,0,80.0,80.0,0.0,0.0,0.0,0.0,37.250686,126.674964,,
35.250000000000135,3,NO_POSITION,DEGRADED_CLOSED_LOOP,NO_POSITION,NO_POSITION,FRESH,FRESHED,FRESH,FRESH,0,80.0,80.0,0.0,0.0,0.0,0.0,37.250686,126.674964,,
35.30000000000013,3,NO_POSITION,DEGRADED_CLOSED_LOOP,NO_POSITION,NO_POSITION,FRESH,FRESHED,FRESH,FRESH,0,80.0,80.0,0.0,0.0,0.0,0.0,37.250686,126.674964,,
35.35000000000013,3,NO_POSITION,DEGRADED_FEEDFORWARD,NO_POSITION,NO_POSITION,FRESH,FRESHED,STALE,FRESH,0,80.0,80.0,0.0,0.0,0.0,0.0,37.250686,126.674964,,
35.40000000000013,3,NO_POSITION,DEGRADED_FEEDFORWARD,NO_POSITION,NO_POSITION,FRESH,FRESHED,STALE,FRESH,0,80.0,80.0,0.0,0.0,0.0,0.0,37.250686,126.674964,,
35.450000000000124,3,NO_POSITION,DEGRADED_FEEDFORWARD,NO_POSITION,NO_POSITION,FRESH,FRESHED,STALE,FRESH,0,80.0,80.0,0.0,0.0,0.0,0.0,37.250686,126.674964,,
35.50000000000012,3,NO_POSITION,DEGRADED_FEEDFORWARD,NO_POSITION,NO_POSITION,FRESH,FRESHED,STALE,FRESH,0,80.0,80.0,0.0,0.0,0.0,0.0,37.250686,126.674964,,
35.55000000000012,3,NO_POSITION,DEGRADED_FEEDFORWARD,NO_POSITION,NO_POSITION,FRESH,FRESHED,STALE,FRESH,0,80.0,80.0,0.0,0.0,0.0,0.0,37.250686,126.674964,,
35.600000000000115,3,NO_POSITION,DEGRADED_FEEDFORWARD,NO_POSITION,NO_POSITION,FRESH,FRESHED,STALE,FRESH,0,80.0,80.0,0.0,0.0,0.0,0.0,37.250686,126.674964,,
35.65000000000011,3,NO_POSITION,DEGRADED_FEEDFORWARD,NO_POSITION,NO_POSITION,FRESH,FRESHED,STALE,STALE,0,80.0,80.0,0.0,0.0,0.0,0.0,37.250686,126.674964,,
35.70000000000011,3,NO_POSITION,DEGRADED_FEEDFORWARD,NO_POSITION,NO_POSITION,FRESH,FRESHED,STALE,STALE,0,80.0,80.0,0.0,0.0,0.0,0.0,37.250686,126.674964,,
35.75000000000011,3,NO_POSITION,DEGRADED_FEEDFORWARD,NO_POSITION,NO_POSITION,FRESH,FRESHED,STALE,STALE,0,80.0,80.0,0.0,0.0,0.0,0.0,37.250686,126.674964,,
35.800000000000104,3,NO_POSITION,DEGRADED_FEEDFORWARD,NO_POSITION,NO_POSITION,FRESH,FRESHED,STALE,STALE,0,80.0,80.0,0.0,0.0,0.0,0.0,37.250686,126.674964,,
35.8500000000001,3,NO_POSITION,DEGRADED_FEEDFORWARD,NO_POSITION,NO_POSITION,FRESH,FRESHED,STALE,STALE,0,80.0,80.0,0.0,0.0,0.0,0.0,37.250686,126.674964,,
35.9000000000001,3,NO_POSITION,DEGRADED_FEEDFORWARD,NO_POSITION,NO_POSITION,FRESH,FRESHED,STALE,STALE,0,80.0,80.0,0.0,0.0,0.0,0.0,37.250686,126.674964,,
35.950000000000095,3,NO_POSITION,DEGRADED_FEEDFORWARD,NO_POSITION,NO_POSITION,FRESH,FRESHED,STALE,STALE,0,80.0,80.0,0.0,0.0,0.0,0.0,37.250686,126.674964,,
36.00000000000009,3,NO_POSITION,DEGRADED_FEEDFORWARD,NO_POSITION,NO_POSITION,FRESH,FRESHED,STALE,STALE,0,80.0,80.0,0.0,0.0,0.0,0.0,37.250686,126.674964,,
36.05000000000009,3,NO_POSITION,DEGRADED_FEEDFORWARD,NO_POSITION,NO_POSITION,FRESH,FRESHED,STALE,STALE,0,80.0,80.0,0.0,0.0,0.0,0.0,37.250686,126.674964,,
36.10000000000009,3,NO_POSITION,DEGRADED_CLOSED_LOOP,NO_POSITION,NO_POSITION,FRESH,FRESHED,FRESH,FRESH,0,80.0,80.0,0.0,0.0,0.0,0.0,37.250686,126.674964,,
36.150000000000084,3,NO_POSITION,DEGRADED_CLOSED_LOOP,NO_POSITION,NO_POSITION,FRESH,FRESHED,FRESH,FRESH,0,80.0,80.0,0.0,0.0,0.0,0.0,37.250686,126.674964,,
36.20000000000008,3,NO_POSITION,DEGRADED_CLOSED_LOOP,NO_POSITION,NO_POSITION,FRESH,FRESHED,FRESH,FRESH,0,80.0,80.0,0.0,0.0,0.0,0.0,37.250686,126.674964,,
36.25000000000008,3,NO_POSITION,DEGRADED_CLOSED_LOOP,NO_POSITION,NO_POSITION,FRESH,FRESHED,FRESH,FRESH,0,80.0,80.0,0.0,0.0,0.0,0.0,37.250686,126.674964,,
36.300000000000075,3,NO_POSITION,DEGRADED_CLOSED_LOOP,NO_POSITION,NO_POSITION,FRESH,FRESHED,FRESH,FRESH,0,80.0,80.0,0.0,0.0,0.0,0.0,37.250686,126.674964,,
36.35000000000007,3,NO_POSITION,DEGRADED_FEEDFORWARD,NO_POSITION,NO_POSITION,FRESH,FRESHED,STALE,FRESH,0,80.0,80.0,0.0,0.0,0.0,0.0,37.250686,126.674964,,
36.40000000000007,3,NO_POSITION,DEGRADED_FEEDFORWARD,NO_POSITION,NO_POSITION,FRESH,FRESHED,STALE,FRESH,0,80.0,80.0,0.0,0.0,0.0,0.0,37.250686,126.674964,,
36.45000000000007,3,NO_POSITION,DEGRADED_FEEDFORWARD,NO_POSITION,NO_POSITION,FRESH,FRESHED,STALE,FRESH,0,80.0,80.0,0.0,0.0,0.0,0.0,37.250686,126.674964,,
36.500000000000064,3,NO_POSITION,DEGRADED_FEEDFORWARD,NO_POSITION,NO_POSITION,FRESH,FRESHED,STALE,FRESH,0,80.0,80.0,0.0,0.0,0.0,0.0,37.250686,126.674964,,
36.55000000000006,3,NO_POSITION,DEGRADED_FEEDFORWARD,NO_POSITION,NO_POSITION,FRESH,FRESHED,STALE,FRESH,0,80.0,80.0,0.0,0.0,0.0,0.0,37.250686,126.674964,,
36.60000000000006,3,NO_POSITION,DEGRADED_FEEDFORWARD,NO_POSITION,NO_POSITION,FRESH,FRESHED,STALE,FRESH,0,80.0,80.0,0.0,0.0,0.0,0.0,37.250686,126.674964,,
36.650000000000055,3,NO_POSITION,DEGRADED_FEEDFORWARD,NO_POSITION,NO_POSITION,FRESH,FRESHED,STALE,STALE,0,80.0,80.0,0.0,0.0,0.0,0.0,37.250686,126.674964,,
36.70000000000005,3,NO_POSITION,DEGRADED_FEEDFORWARD,NO_POSITION,NO_POSITION,FRESH,FRESHED,STALE,STALE,0,80.0,80.0,0.0,0.0,0.0,0.0,37.250686,126.674964,,
36.75000000000005,3,NO_POSITION,DEGRADED_FEEDFORWARD,NO_POSITION,NO_POSITION,FRESH,FRESHED,STALE,STALE,0,80.0,80.0,0.0,0.0,0.0,0.0,37.250686,126.674964,,
36.80000000000005,3,NO_POSITION,DEGRADED_FEEDFORWARD,NO_POSITION,NO_POSITION,FRESH,FRESHED,STALE,STALE,0,80.0,80.0,0.0,0.0,0.0,0.0,37.250686,126.674964,,
36.850000000000044,3,NO_POSITION,DEGRADED_FEEDFORWARD,NO_POSITION,NO_POSITION,FRESH,FRESHED,STALE,STALE,0,80.0,80.0,0.0,0.0,0.0,0.0,37.250686,126.674964,,
36.90000000000004,3,NO_POSITION,DEGRADED_FEEDFORWARD,NO_POSITION,NO_POSITION,FRESH,FRESHED,STALE,STALE,0,80.0,80.0,0.0,0.0,0.0,0.0,37.250686,126.674964,,
36.95000000000004,3,NO_POSITION,DEGRADED_FEEDFORWARD,NO_POSITION,NO_POSITION,FRESH,FRESHED,STALE,STALE,0,80.0,80.0,0.0,0.0,0.0,0.0,37.250686,126.674964,,
37.000000000000036,3,NO_POSITION,DEGRADED_FEEDFORWARD,NO_POSITION,NO_POSITION,FRESH,FRESHED,STALE,STALE,0,80.0,80.0,0.0,0.0,0.0,0.0,37.250686,126.674964,,
37.05000000000003,3,NO_POSITION,DEGRADED_FEEDFORWARD,NO_POSITION,NO_POSITION,FRESH,FRESHED,STALE,STALE,0,80.0,80.0,0.0,0.0,0.0,0.0,37.250686,126.674964,,
37.10000000000003,3,NO_POSITION,NOMINAL_CLOSED_LOOP,NO_POSITION,NO_POSITION,FRESH,FRESH,FRESH,FRESH,0,80.0,80.0,0.0,0.0,0.0,0.0,37.250686,126.674964,,
37.15000000000003,3,NO_POSITION,NOMINAL_CLOSED_LOOP,NO_POSITION,NO_POSITION,FRESH,FRESH,FRESH,FRESH,0,80.0,80.0,0.0,0.0,0.0,0.0,37.250686,126.674964,,
37.200000000000024,3,NO_POSITION,NOMINAL_CLOSED_LOOP,NO_POSITION,NO_POSITION,FRESH,FRESH,FRESH,FRESH,0,80.0,80.0,0.0,0.0,0.0,0.0,37.250686,126.674964,,
37.25000000000002,3,NO_POSITION,NOMINAL_CLOSED_LOOP,NO_POSITION,NO_POSITION,FRESH,FRESH,FRESH,FRESH,0,80.0,80.0,0.0,0.0,0.0,0.0,37.250686,126.674964,,
37.30000000000002,3,NO_POSITION,NOMINAL_CLOSED_LOOP,NO_POSITION,NO_POSITION,FRESH,FRESH,FRESH,FRESH,0,80.0,80.0,0.0,0.0,0.0,0.0,37.250686,126.674964,,
37.350000000000016,3,NO_POSITION,NOMINAL_FEEDFORWARD,NO_POSITION,NO_POSITION,FRESH,FRESH,STALE,FRESH,0,80.0,80.0,0.0,0.0,0.0,0.0,37.250686,126.674964,,
37.40000000000001,3,NO_POSITION,NOMINAL_FEEDFORWARD,NO_POSITION,NO_POSITION,FRESH,FRESH,STALE,FRESH,0,80.0,80.0,0.0,0.0,0.0,0.0,37.250686,126.674964,,
37.45000000000001,3,NO_POSITION,NOMINAL_FEEDFORWARD,NO_POSITION,NO_POSITION,FRESH,FRESH,STALE,FRESH,0,80.0,80.0,0.0,0.0,0.0,0.0,37.250686,126.674964,,
37.50000000000001,3,NO_POSITION,NOMINAL_FEEDFORWARD,NO_POSITION,NO_POSITION,FRESH,FRESH,STALE,FRESH,0,80.0,80.0,0.0,0.0,0.0,0.0,37.250686,126.674964,,
37.550000000000004,3,NO_POSITION,NOMINAL_FEEDFORWARD,NO_POSITION,NO_POSITION,FRESH,FRESH,STALE,FRESH,0,80.0,80.0,0.0,0.0,0.0,0.0,37.250686,126.674964,,
37.6,3,NO_POSITION,NOMINAL_FEEDFORWARD,NO_POSITION,NO_POSITION,FRESH,FRESH,STALE,FRESH,0,80.0,80.0,0.0,0.0,0.0,0.0,37.250686,126.674964,,
37.65,3,NO_POSITION,NOMINAL_FEEDFORWARD,NO_POSITION,NO_POSITION,FRESH,FRESH,STALE,STALE,0,80.0,80.0,0.0,0.0,0.0,0.0,37.250686,126.674964,,
37.699999999999996,3,NO_POSITION,NOMINAL_FEEDFORWARD,NO_POSITION,NO_POSITION,FRESH,FRESH,STALE,STALE,0,80.0,80.0,0.0,0.0,0.0,0.0,37.250686,126.674964,,
37.74999999999999,3,NO_POSITION,NOMINAL_FEEDFORWARD,NO_POSITION,NO_POSITION,FRESH,FRESH,STALE,STALE,0,80.0,80.0,0.0,0.0,0.0,0.0,37.250686,126.674964,,
37.79999999999999,3,NO_POSITION,NOMINAL_FEEDFORWARD,NO_POSITION,NO_POSITION,FRESH,FRESH,STALE,STALE,0,80.0,80.0,0.0,0.0,0.0,0.0,37.250686,126.674964,,
37.84999999999999,3,NO_POSITION,NOMINAL_FEEDFORWARD,NO_POSITION,NO_POSITION,FRESH,FRESH,STALE,STALE,0,80.0,80.0,0.0,0.0,0.0,0.0,37.250686,126.674964,,
37.899999999999984,3,NO_POSITION,NOMINAL_FEEDFORWARD,NO_POSITION,NO_POSITION,FRESH,FRESH,STALE,STALE,0,80.0,80.0,0.0,0.0,0.0,0.0,37.250686,126.674964,,
37.94999999999998,3,NO_POSITION,NOMINAL_FEEDFORWARD,NO_POSITION,NO_POSITION,FRESH,FRESH,STALE,STALE,0,80.0,80.0,0.0,0.0,0.0,0.0,37.250686,126.674964,,
37.99999999999998,3,NO_POSITION,NOMINAL_FEEDFORWARD,NO_POSITION,NO_POSITION,FRESH,FRESH,STALE,STALE,0,80.0,80.0,0.0,0.0,0.0,0.0,37.250686,126.674964,,
38.049999999999976,3,NO_POSITION,NOMINAL_FEEDFORWARD,NO_POSITION,NO_POSITION,FRESH,FRESH,STALE,STALE,0,80.0,80.0,0.0,0.0,0.0,0.0,37.250686,126.674964,,
38.09999999999997,3,NO_POSITION,DEGRADED_CLOSED_LOOP,NO_POSITION,NO_POSITION,FRESH,FRESHED,FRESH,FRESH,0,80.0,80.0,0.0,0.0,0.0,0.0,37.250686,126.674964,,
38.14999999999997,3,NO_POSITION,DEGRADED_CLOSED_LOOP,NO_POSITION,NO_POSITION,FRESH,FRESHED,FRESH,FRESH,0,80.0,80.0,0.0,0.0,0.0,0.0,37.250686,126.674964,,
38.19999999999997,3,NO_POSITION,DEGRADED_CLOSED_LOOP,NO_POSITION,NO_POSITION,FRESH,FRESHED,FRESH,FRESH,0,80.0,80.0,0.0,0.0,0.0,0.0,37.250686,126.674964,,
38.249999999999964,3,NO_POSITION,DEGRADED_CLOSED_LOOP,NO_POSITION,NO_POSITION,FRESH,FRESHED,FRESH,FRESH,0,80.0,80.0,0.0,0.0,0.0,0.0,37.250686,126.674964,,
38.29999999999996,3,NO_POSITION,DEGRADED_CLOSED_LOOP,NO_POSITION,NO_POSITION,FRESH,FRESHED,FRESH,FRESH,0,80.0,80.0,0.0,0.0,0.0,0.0,37.250686,126.674964,,
38.34999999999996,3,NO_POSITION,DEGRADED_FEEDFORWARD,NO_POSITION,NO_POSITION,FRESH,FRESHED,STALE,FRESH,0,80.0,80.0,0.0,0.0,0.0,0.0,37.250686,126.674964,,
38.399999999999956,3,NO_POSITION,DEGRADED_FEEDFORWARD,NO_POSITION,NO_POSITION,FRESH,FRESHED,STALE,FRESH,0,80.0,80.0,0.0,0.0,0.0,0.0,37.250686,126.674964,,
38.44999999999995,3,NO_POSITION,DEGRADED_FEEDFORWARD,NO_POSITION,NO_POSITION,FRESH,FRESHED,STALE,FRESH,0,80.0,80.0,0.0,0.0,0.0,0.0,37.250686,126.674964,,
38.49999999999995,3,NO_POSITION,DEGRADED_FEEDFORWARD,NO_POSITION,NO_POSITION,FRESH,FRESHED,STALE,FRESH,0,80.0,80.0,0.0,0.0,0.0,0.0,37.250686,126.674964,,
38.54999999999995,3,NO_POSITION,DEGRADED_FEEDFORWARD,NO_POSITION,NO_POSITION,FRESH,FRESHED,STALE,FRESH,0,80.0,80.0,0.0,0.0,0.0,0.0,37.250686,126.674964,,
38.599999999999945,3,NO_POSITION,DEGRADED_FEEDFORWARD,NO_POSITION,NO_POSITION,FRESH,FRESHED,STALE,FRESH,0,80.0,80.0,0.0,0.0,0.0,0.0,37.250686,126.674964,,
38.64999999999994,3,NO_POSITION,DEGRADED_FEEDFORWARD,NO_POSITION,NO_POSITION,FRESH,FRESHED,STALE,STALE,0,80.0,80.0,0.0,0.0,0.0,0.0,37.250686,126.674964,,
38.69999999999994,3,NO_POSITION,DEGRADED_FEEDFORWARD,NO_POSITION,NO_POSITION,FRESH,FRESHED,STALE,STALE,0,80.0,80.0,0.0,0.0,0.0,0.0,37.250686,126.674964,,
38.749999999999936,3,NO_POSITION,DEGRADED_FEEDFORWARD,NO_POSITION,NO_POSITION,FRESH,FRESHED,STALE,STALE,0,80.0,80.0,0.0,0.0,0.0,0.0,37.250686,126.674964,,
38.79999999999993,3,NO_POSITION,DEGRADED_FEEDFORWARD,NO_POSITION,NO_POSITION,FRESH,FRESHED,STALE,STALE,0,80.0,80.0,0.0,0.0,0.0,0.0,37.250686,126.674964,,
38.84999999999993,3,NO_POSITION,DEGRADED_FEEDFORWARD,NO_POSITION,NO_POSITION,FRESH,FRESHED,STALE,STALE,0,80.0,80.0,0.0,0.0,0.0,0.0,37.250686,126.674964,,
38.89999999999993,3,NO_POSITION,DEGRADED_FEEDFORWARD,NO_POSITION,NO_POSITION,FRESH,FRESHED,STALE,STALE,0,80.0,80.0,0.0,0.0,0.0,0.0,37.250686,126.674964,,
38.949999999999925,3,NO_POSITION,DEGRADED_FEEDFORWARD,NO_POSITION,NO_POSITION,FRESH,FRESHED,STALE,STALE,0,80.0,80.0,0.0,0.0,0.0,0.0,37.250686,126.674964,,
38.99999999999992,3,NO_POSITION,DEGRADED_FEEDFORWARD,NO_POSITION,NO_POSITION,FRESH,FRESHED,STALE,STALE,0,80.0,80.0,0.0,0.0,0.0,0.0,37.250686,126.674964,,
39.04999999999992,3,NO_POSITION,DEGRADED_FEEDFORWARD,NO_POSITION,NO_POSITION,FRESH,FRESHED,STALE,STALE,0,80.0,80.0,0.0,0.0,0.0,0.0,37.250686,126.674964,,
39.099999999999916,3,NO_POSITION,DEGRADED_CLOSED_LOOP,NO_POSITION,NO_POSITION,FRESH,FRESHED,FRESH,FRESH,0,80.0,80.0,0.0,0.0,0.0,0.0,37.250686,126.674964,,
39.14999999999991,3,NO_POSITION,DEGRADED_CLOSED_LOOP,NO_POSITION,NO_POSITION,FRESH,FRESHED,FRESH,FRESH,0,80.0,80.0,0.0,0.0,0.0,0.0,37.250686,126.674964,,
39.19999999999991,3,NO_POSITION,DEGRADED_CLOSED_LOOP,NO_POSITION,NO_POSITION,FRESH,FRESHED,FRESH,FRESH,0,80.0,80.0,0.0,0.0,0.0,0.0,37.250686,126.674964,,
39.24999999999991,3,NO_POSITION,DEGRADED_CLOSED_LOOP,NO_POSITION,NO_POSITION,FRESH,FRESHED,FRESH,FRESH,0,80.0,80.0,0.0,0.0,0.0,0.0,37.250686,126.674964,,
39.299999999999905,3,NO_POSITION,DEGRADED_CLOSED_LOOP,NO_POSITION,NO_POSITION,FRESH,FRESHED,FRESH,FRESH,0,80.0,80.0,0.0,0.0,0.0,0.0,37.250686,126.674964,,
39.3499999999999,3,NO_POSITION,DEGRADED_FEEDFORWARD,NO_POSITION,NO_POSITION,FRESH,FRESHED,STALE,FRESH,0,80.0,80.0,0.0,0.0,0.0,0.0,37.250686,126.674964,,
39.3999999999999,3,NO_POSITION,DEGRADED_FEEDFORWARD,NO_POSITION,NO_POSITION,FRESH,FRESHED,STALE,FRESH,0,80.0,80.0,0.0,0.0,0.0,0.0,37.250686,126.674964,,
39.449999999999896,3,NO_POSITION,DEGRADED_FEEDFORWARD,NO_POSITION,NO_POSITION,FRESH,FRESHED,STALE,FRESH,0,80.0,80.0,0.0,0.0,0.0,0.0,37.250686,126.674964,,
39.49999999999989,3,NO_POSITION,DEGRADED_FEEDFORWARD,NO_POSITION,NO_POSITION,FRESH,FRESHED,STALE,FRESH,0,80.0,80.0,0.0,0.0,0.0,0.0,37.250686,126.674964,,
39.54999999999989,3,NO_POSITION,DEGRADED_FEEDFORWARD,NO_POSITION,NO_POSITION,FRESH,FRESHED,STALE,FRESH,0,80.0,80.0,0.0,0.0,0.0,0.0,37.250686,126.674964,,
39.59999999999989,3,NO_POSITION,DEGRADED_FEEDFORWARD,NO_POSITION,NO_POSITION,FRESH,FRESHED,STALE,FRESH,0,80.0,80.0,0.0,0.0,0.0,0.0,37.250686,126.674964,,
39.649999999999885,3,NO_POSITION,DEGRADED_FEEDFORWARD,NO_POSITION,NO_POSITION,FRESH,FRESHED,STALE,STALE,0,80.0,80.0,0.0,0.0,0.0,0.0,37.250686,126.674964,,
39.69999999999988,3,NO_POSITION,DEGRADED_FEEDFORWARD,NO_POSITION,NO_POSITION,FRESH,FRESHED,STALE,STALE,0,80.0,80.0,0.0,0.0,0.0,0.0,37.250686,126.674964,,
39.74999999999988,3,NO_POSITION,DEGRADED_FEEDFORWARD,NO_POSITION,NO_POSITION,FRESH,FRESHED,STALE,STALE,0,80.0,80.0,0.0,0.0,0.0,0.0,37.250686,126.674964,,
39.799999999999876,3,NO_POSITION,DEGRADED_FEEDFORWARD,NO_POSITION,NO_POSITION,FRESH,FRESHED,STALE,STALE,0,80.0,80.0,0.0,0.0,0.0,0.0,37.250686,126.674964,,
39.84999999999987,3,NO_POSITION,DEGRADED_FEEDFORWARD,NO_POSITION,NO_POSITION,FRESH,FRESHED,STALE,STALE,0,80.0,80.0,0.0,0.0,0.0,0.0,37.250686,126.674964,,
39.89999999999987,3,NO_POSITION,DEGRADED_FEEDFORWARD,NO_POSITION,NO_POSITION,FRESH,FRESHED,STALE,STALE,0,80.0,80.0,0.0,0.0,0.0,0.0,37.250686,126.674964,,
39.94999999999987,3,NO_POSITION,DEGRADED_FEEDFORWARD,NO_POSITION,NO_POSITION,FRESH,FRESHED,STALE,STALE,0,80.0,80.0,0.0,0.0,0.0,0.0,37.250686,126.674964,,
39.999999999999865,3,NO_POSITION,DEGRADED_FEEDFORWARD,NO_POSITION,NO_POSITION,FRESH,FRESHED,STALE,STALE,0,80.0,80.0,0.0,0.0,0.0,0.0,37.250686,126.674964,,
40.04999999999986,3,NO_POSITION,DEGRADED_FEEDFORWARD,NO_POSITION,NO_POSITION,FRESH,FRESHED,STALE,STALE,0,80.0,80.0,0.0,0.0,0.0,0.0,37.250686,126.674964,,
40.09999999999986,3,NO_POSITION,DEGRADED_CLOSED_LOOP,NO_POSITION,NO_POSITION,FRESHED,FRESHED,FRESH,FRESH,0,80.0,80.0,0.0,0.0,0.0,0.0,37.250686,126.674964,,
40.14999999999986,3,NO_POSITION,DEGRADED_CLOSED_LOOP,NO_POSITION,NO_POSITION,FRESHED,FRESHED,FRESH,FRESH,0,80.0,80.0,0.0,0.0,0.0,0.0,37.250686,126.674964,,
40.199999999999854,3,NO_POSITION,DEGRADED_CLOSED_LOOP,NO_POSITION,NO_POSITION,FRESHED,FRESHED,FRESH,FRESH,0,80.0,80.0,0.0,0.0,0.0,0.0,37.250686,126.674964,,
40.24999999999985,3,NO_POSITION,DEGRADED_CLOSED_LOOP,NO_POSITION,NO_POSITION,FRESHED,FRESHED,FRESH,FRESH,0,80.0,80.0,0.0,0.0,0.0,0.0,37.250686,126.674964,,
40.29999999999985,3,NO_POSITION,DEGRADED_CLOSED_LOOP,NO_POSITION,NO_POSITION,FRESHED,FRESHED,FRESH,FRESH,0,80.0,80.0,0.0,0.0,0.0,0.0,37.250686,126.674964,,
40.349999999999845,3,NO_POSITION,DEGRADED_FEEDFORWARD,NO_POSITION,NO_POSITION,FRESHED,FRESHED,STALE,FRESH,0,80.0,80.0,0.0,0.0,0.0,0.0,37.250686,126.674964,,
40.39999999999984,3,NO_POSITION,DEGRADED_FEEDFORWARD,NO_POSITION,NO_POSITION,FRESHED,FRESHED,STALE,FRESH,0,80.0,80.0,0.0,0.0,0.0,0.0,37.250686,126.674964,,
40.44999999999984,3,NO_POSITION,DEGRADED_FEEDFORWARD,NO_POSITION,NO_POSITION,FRESHED,FRESHED,STALE,FRESH,0,80.0,80.0,0.0,0.0,0.0,0.0,37.250686,126.674964,,
40.49999999999984,3,NO_POSITION,DEGRADED_FEEDFORWARD,NO_POSITION,NO_POSITION,FRESHED,FRESHED,STALE,FRESH,0,80.0,80.0,0.0,0.0,0.0,0.0,37.250686,126.674964,,
40.549999999999834,3,NO_POSITION,DEGRADED_FEEDFORWARD,NO_POSITION,NO_POSITION,FRESHED,FRESHED,STALE,FRESH,0,80.0,80.0,0.0,0.0,0.0,0.0,37.250686,126.674964,,
40.59999999999983,3,NO_POSITION,DEGRADED_FEEDFORWARD,NO_POSITION,NO_POSITION,FRESHED,FRESHED,STALE,FRESH,0,80.0,80.0,0.0,0.0,0.0,0.0,37.250686,126.674964,,
40.64999999999983,3,NO_POSITION,DEGRADED_FEEDFORWARD,NO_POSITION,NO_POSITION,FRESHED,FRESHED,STALE,STALE,0,80.0,80.0,0.0,0.0,0.0,0.0,37.250686,126.674964,,
40.699999999999825,3,NO_POSITION,DEGRADED_FEEDFORWARD,NO_POSITION,NO_POSITION,FRESHED,FRESHED,STALE,STALE,0,80.0,80.0,0.0,0.0,0.0,0.0,37.250686,126.674964,,
40.74999999999982,3,NO_POSITION,DEGRADED_FEEDFORWARD,NO_POSITION,NO_POSITION,FRESHED,FRESHED,STALE,STALE,0,80.0,80.0,0.0,0.0,0.0,0.0,37.250686,126.674964,,
40.79999999999982,3,NO_POSITION,DEGRADED_FEEDFORWARD,NO_POSITION,NO_POSITION,FRESHED,FRESHED,STALE,STALE,0,80.0,80.0,0.0,0.0,0.0,0.0,37.250686,126.674964,,
40.84999999999982,3,NO_POSITION,DEGRADED_FEEDFORWARD,NO_POSITION,NO_POSITION,FRESHED,FRESHED,STALE,STALE,0,80.0,80.0,0.0,0.0,0.0,0.0,37.250686,126.674964,,
40.899999999999814,3,NO_POSITION,DEGRADED_FEEDFORWARD,NO_POSITION,NO_POSITION,FRESHED,FRESHED,STALE,STALE,0,80.0,80.0,0.0,0.0,0.0,0.0,37.250686,126.674964,,
40.94999999999981,3,NO_POSITION,DEGRADED_FEEDFORWARD,NO_POSITION,NO_POSITION,FRESHED,FRESHED,STALE,STALE,0,80.0,80.0,0.0,0.0,0.0,0.0,37.250686,126.674964,,
40.99999999999981,3,NO_POSITION,DEGRADED_FEEDFORWARD,NO_POSITION,NO_POSITION,FRESHED,FRESHED,STALE,STALE,0,80.0,80.0,0.0,0.0,0.0,0.0,37.250686,126.674964,,
41.049999999999805,3,NO_POSITION,DEGRADED_FEEDFORWARD,NO_POSITION,NO_POSITION,FRESHED,FRESHED,STALE,STALE,0,80.0,80.0,0.0,0.0,0.0,0.0,37.250686,126.674964,,
41.0999999999998,3,NO_POSITION,FAIL,NO_POSITION,NO_POSITION,STALE,FRESHED,FRESH,FRESH,0,80.0,80.0,0.0,0.0,0.0,0.0,37.250686,126.674964,,
41.1499999999998,3,NO_POSITION,FAIL,NO_POSITION,NO_POSITION,STALE,FRESHED,FRESH,FRESH,0,80.0,80.0,0.0,0.0,0.0,0.0,37.250686,126.674964,,
41.1999999999998,3,NO_POSITION,FAIL,NO_POSITION,NO_POSITION,STALE,FRESHED,FRESH,FRESH,0,80.0,80.0,0.0,0.0,0.0,0.0,37.250686,126.674964,,
41.249999999999794,3,NO_POSITION,FAIL,NO_POSITION,NO_POSITION,STALE,FRESHED,FRESH,FRESH,0,80.0,80.0,0.0,0.0,0.0,0.0,37.250686,126.674964,,
41.29999999999979,3,NO_POSITION,FAIL,NO_POSITION,NO_POSITION,STALE,FRESHED,FRESH,FRESH,0,80.0,80.0,0.0,0.0,0.0,0.0,37.250686,126.674964,,
41.34999999999979,3,NO_POSITION,FAIL,NO_POSITION,NO_POSITION,STALE,FRESHED,STALE,FRESH,0,80.0,80.0,0.0,0.0,0.0,0.0,37.250686,126.674964,,
41.399999999999785,3,NO_POSITION,FAIL,NO_POSITION,NO_POSITION,STALE,FRESHED,STALE,FRESH,0,80.0,80.0,0.0,0.0,0.0,0.0,37.250686,126.674964,,
41.44999999999978,3,NO_POSITION,FAIL,NO_POSITION,NO_POSITION,STALE,FRESHED,STALE,FRESH,0,80.0,80.0,0.0,0.0,0.0,0.0,37.250686,126.674964,,
41.49999999999978,3,NO_POSITION,FAIL,NO_POSITION,NO_POSITION,STALE,FRESHED,STALE,FRESH,0,80.0,80.0,0.0,0.0,0.0,0.0,37.250686,126.674964,,
41.54999999999978,3,NO_POSITION,FAIL,NO_POSITION,NO_POSITION,STALE,FRESHED,STALE,FRESH,0,80.0,80.0,0.0,0.0,0.0,0.0,37.250686,126.674964,,
41.599999999999774,3,NO_POSITION,FAIL,NO_POSITION,NO_POSITION,STALE,FRESHED,STALE,FRESH,0,80.0,80.0,0.0,0.0,0.0,0.0,37.250686,126.674964,,
41.64999999999977,3,NO_POSITION,FAIL,NO_POSITION,NO_POSITION,STALE,FRESHED,STALE,STALE,0,80.0,80.0,0.0,0.0,0.0,0.0,37.250686,126.674964,,
41.69999999999977,3,NO_POSITION,FAIL,NO_POSITION,NO_POSITION,STALE,FRESHED,STALE,STALE,0,80.0,80.0,0.0,0.0,0.0,0.0,37.250686,126.674964,,
41.749999999999766,3,NO_POSITION,FAIL,NO_POSITION,NO_POSITION,STALE,FRESHED,STALE,STALE,0,80.0,80.0,0.0,0.0,0.0,0.0,37.250686,126.674964,,
41.79999999999976,3,NO_POSITION,FAIL,NO_POSITION,NO_POSITION,STALE,FRESHED,STALE,STALE,0,80.0,80.0,0.0,0.0,0.0,0.0,37.250686,126.674964,,
41.84999999999976,3,NO_POSITION,FAIL,NO_POSITION,NO_POSITION,STALE,FRESHED,STALE,STALE,0,80.0,80.0,0.0,0.0,0.0,0.0,37.250686,126.674964,,
41.89999999999976,3,NO_POSITION,FAIL,NO_POSITION,NO_POSITION,STALE,FRESHED,STALE,STALE,0,80.0,80.0,0.0,0.0,0.0,0.0,37.250686,126.674964,,
41.949999999999754,3,NO_POSITION,FAIL,NO_POSITION,NO_POSITION,STALE,FRESHED,STALE,STALE,0,80.0,80.0,0.0,0.0,0.0,0.0,37.250686,126.674964,,
41.99999999999975,3,NO_POSITION,FAIL,NO_POSITION,NO_POSITION,STALE,FRESHED,STALE,STALE,0,80.0,80.0,0.0,0.0,0.0,0.0,37.250686,126.674964,,
42.04999999999975,3,NO_POSITION,FAIL,NO_POSITION,NO_POSITION,STALE,FRESHED,STALE,STALE,0,80.0,80.0,0.0,0.0,0.0,0.0,37.250686,126.674964,,
42.099999999999746,3,NO_POSITION,FAIL,NO_POSITION,NO_POSITION,STALE,FRESHED,FRESH,FRESH,0,80.0,80.0,0.0,0.0,0.0,0.0,37.250686,126.674964,,
42.14999999999974,3,NO_POSITION,FAIL,NO_POSITION,NO_POSITION,STALE,STALE,FRESH,FRESH,0,80.0,80.0,0.0,0.0,0.0,0.0,37.250686,126.674964,,
42.19999999999974,3,NO_POSITION,FAIL,NO_POSITION,NO_POSITION,STALE,STALE,FRESH,FRESH,0,80.0,80.0,0.0,0.0,0.0,0.0,37.250686,126.674964,,
42.24999999999974,3,NO_POSITION,FAIL,NO_POSITION,NO_POSITION,STALE,STALE,FRESH,FRESH,0,80.0,80.0,0.0,0.0,0.0,0.0,37.250686,126.674964,,
42.299999999999734,3,NO_POSITION,FAIL,NO_POSITION,NO_POSITION,STALE,STALE,FRESH,FRESH,0,80.0,80.0,0.0,0.0,0.0,0.0,37.250686,126.674964,,
42.34999999999973,3,NO_POSITION,FAIL,NO_POSITION,NO_POSITION,STALE,STALE,STALE,FRESH,0,80.0,80.0,0.0,0.0,0.0,0.0,37.250686,126.674964,,
42.39999999999973,3,NO_POSITION,FAIL,NO_POSITION,NO_POSITION,STALE,STALE,STALE,FRESH,0,80.0,80.0,0.0,0.0,0.0,0.0,37.250686,126.674964,,
42.449999999999726,3,NO_POSITION,FAIL,NO_POSITION,NO_POSITION,STALE,STALE,STALE,FRESH,0,80.0,80.0,0.0,0.0,0.0,0.0,37.250686,126.674964,,
42.49999999999972,3,NO_POSITION,FAIL,NO_POSITION,NO_POSITION,STALE,STALE,STALE,FRESH,0,80.0,80.0,0.0,0.0,0.0,0.0,37.250686,126.674964,,
42.54999999999972,3,NO_POSITION,FAIL,NO_POSITION,NO_POSITION,STALE,STALE,STALE,FRESH,0,80.0,80.0,0.0,0.0,0.0,0.0,37.250686,126.674964,,
42.59999999999972,3,NO_POSITION,FAIL,NO_POSITION,NO_POSITION,STALE,STALE,STALE,FRESH,0,80.0,80.0,0.0,0.0,0.0,0.0,37.250686,126.674964,,
42.649999999999714,3,SENSOR_BLACKOUT,FAIL,SENSOR_BLACKOUT,SENSOR_BLACKOUT,STALE,STALE,STALE,STALE,0,80.0,80.0,0.0,0.0,0.0,0.0,37.250686,126.674964,,
42.69999999999971,3,SENSOR_BLACKOUT,FAIL,SENSOR_BLACKOUT,SENSOR_BLACKOUT,STALE,STALE,STALE,STALE,0,80.0,80.0,0.0,0.0,0.0,0.0,37.250686,126.674964,,
42.74999999999971,3,SENSOR_BLACKOUT,FAIL,SENSOR_BLACKOUT,SENSOR_BLACKOUT,STALE,STALE,STALE,STALE,0,80.0,80.0,0.0,0.0,0.0,0.0,37.250686,126.674964,,
42.799999999999706,3,SENSOR_BLACKOUT,FAIL,SENSOR_BLACKOUT,SENSOR_BLACKOUT,STALE,STALE,STALE,STALE,0,80.0,80.0,0.0,0.0,0.0,0.0,37.250686,126.674964,,
42.8499999999997,3,SENSOR_BLACKOUT,FAIL,SENSOR_BLACKOUT,SENSOR_BLACKOUT,STALE,STALE,STALE,STALE,0,80.0,80.0,0.0,0.0,0.0,0.0,37.250686,126.674964,,
42.8999999999997,3,SENSOR_BLACKOUT,FAIL,SENSOR_BLACKOUT,SENSOR_BLACKOUT,STALE,STALE,STALE,STALE,0,80.0,80.0,0.0,0.0,0.0,0.0,37.250686,126.674964,,
42.9499999999997,3,SENSOR_BLACKOUT,FAIL,SENSOR_BLACKOUT,SENSOR_BLACKOUT,STALE,STALE,STALE,STALE,0,80.0,80.0,0.0,0.0,0.0,0.0,37.250686,126.674964,,
42.999999999999694,3,SENSOR_BLACKOUT,FAIL,SENSOR_BLACKOUT,SENSOR_BLACKOUT,STALE,STALE,STALE,STALE,0,80.0,80.0,0.0,0.0,0.0,0.0,37.250686,126.674964,,
43.04999999999969,3,SENSOR_BLACKOUT,FAIL,SENSOR_BLACKOUT,SENSOR_BLACKOUT,STALE,STALE,STALE,STALE,0,80.0,80.0,0.0,0.0,0.0,0.0,37.250686,126.674964,,
43.09999999999969,3,NO_POSITION,FAIL,NO_POSITION,NO_POSITION,STALE,STALE,FRESH,FRESH,0,80.0,80.0,0.0,0.0,0.0,0.0,37.250686,126.674964,,
43.149999999999686,3,NO_POSITION,FAIL,NO_POSITION,NO_POSITION,STALE,STALE,FRESH,FRESH,0,80.0,80.0,0.0,0.0,0.0,0.0,37.250686,126.674964,,
43.19999999999968,3,NO_POSITION,FAIL,NO_POSITION,NO_POSITION,STALE,STALE,FRESH,FRESH,0,80.0,80.0,0.0,0.0,0.0,0.0,37.250686,126.674964,,
43.24999999999968,3,NO_POSITION,FAIL,NO_POSITION,NO_POSITION,STALE,STALE,FRESH,FRESH,0,80.0,80.0,0.0,0.0,0.0,0.0,37.250686,126.674964,,
43.29999999999968,3,NO_POSITION,FAIL,NO_POSITION,NO_POSITION,STALE,STALE,FRESH,FRESH,0,80.0,80.0,0.0,0.0,0.0,0.0,37.250686,126.674964,,
43.349999999999675,3,NO_POSITION,FAIL,NO_POSITION,NO_POSITION,STALE,STALE,STALE,FRESH,0,80.0,80.0,0.0,0.0,0.0,0.0,37.250686,126.674964,,
43.39999999999967,3,NO_POSITION,FAIL,NO_POSITION,NO_POSITION,STALE,STALE,STALE,FRESH,0,80.0,80.0,0.0,0.0,0.0,0.0,37.250686,126.674964,,
43.44999999999967,3,NO_POSITION,FAIL,NO_POSITION,NO_POSITION,STALE,STALE,STALE,FRESH,0,80.0,80.0,0.0,0.0,0.0,0.0,37.250686,126.674964,,
43.499999999999666,3,NO_POSITION,FAIL,NO_POSITION,NO_POSITION,STALE,STALE,STALE,FRESH,0,80.0,80.0,0.0,0.0,0.0,0.0,37.250686,126.674964,,
43.54999999999966,3,NO_POSITION,FAIL,NO_POSITION,NO_POSITION,STALE,STALE,STALE,FRESH,0,80.0,80.0,0.0,0.0,0.0,0.0,37.250686,126.674964,,
43.59999999999966,3,NO_POSITION,FAIL,NO_POSITION,NO_POSITION,STALE,STALE,STALE,FRESH,0,80.0,80.0,0.0,0.0,0.0,0.0,37.250686,126.674964,,
43.64999999999966,3,SENSOR_BLACKOUT,FAIL,SENSOR_BLACKOUT,SENSOR_BLACKOUT,STALE,STALE,STALE,STALE,0,80.0,80.0,0.0,0.0,0.0,0.0,37.250686,126.674964,,
43.699999999999655,3,SENSOR_BLACKOUT,FAIL,SENSOR_BLACKOUT,SENSOR_BLACKOUT,STALE,STALE,STALE,STALE,0,80.0,80.0,0.0,0.0,0.0,0.0,37.250686,126.674964,,
43.74999999999965,3,SENSOR_BLACKOUT,FAIL,SENSOR_BLACKOUT,SENSOR_BLACKOUT,STALE,STALE,STALE,STALE,0,80.0,80.0,0.0,0.0,0.0,0.0,37.250686,126.674964,,
43.79999999999965,3,SENSOR_BLACKOUT,FAIL,SENSOR_BLACKOUT,SENSOR_BLACKOUT,STALE,STALE,STALE,STALE,0,80.0,80.0,0.0,0.0,0.0,0.0,37.250686,126.674964,,
43.849999999999646,3,SENSOR_BLACKOUT,FAIL,SENSOR_BLACKOUT,SENSOR_BLACKOUT,STALE,STALE,STALE,STALE,0,80.0,80.0,0.0,0.0,0.0,0.0,37.250686,126.674964,,
43.89999999999964,3,SENSOR_BLACKOUT,FAIL,SENSOR_BLACKOUT,SENSOR_BLACKOUT,STALE,STALE,STALE,STALE,0,80.0,80.0,0.0,0.0,0.0,0.0,37.250686,126.674964,,
43.94999999999964,3,SENSOR_BLACKOUT,FAIL,SENSOR_BLACKOUT,SENSOR_BLACKOUT,STALE,STALE,STALE,STALE,0,80.0,80.0,0.0,0.0,0.0,0.0,37.250686,126.674964,,
43.99999999999964,3,SENSOR_BLACKOUT,FAIL,SENSOR_BLACKOUT,SENSOR_BLACKOUT,STALE,STALE,STALE,STALE,0,80.0,80.0,0.0,0.0,0.0,0.0,37.250686,126.674964,,
44.049999999999635,3,SENSOR_BLACKOUT,FAIL,SENSOR_BLACKOUT,SENSOR_BLACKOUT,STALE,STALE,STALE,STALE,0,80.0,80.0,0.0,0.0,0.0,0.0,37.250686,126.674964,,
44.09999999999963,3,NO_POSITION,FAIL,NO_POSITION,NO_POSITION,STALE,STALE,FRESH,FRESH,0,80.0,80.0,0.0,0.0,0.0,0.0,37.250686,126.674964,,
44.14999999999963,3,NO_POSITION,FAIL,NO_POSITION,NO_POSITION,STALE,STALE,FRESH,FRESH,0,80.0,80.0,0.0,0.0,0.0,0.0,37.250686,126.674964,,
44.199999999999626,3,NO_POSITION,FAIL,NO_POSITION,NO_POSITION,STALE,STALE,FRESH,FRESH,0,80.0,80.0,0.0,0.0,0.0,0.0,37.250686,126.674964,,
44.24999999999962,3,NO_POSITION,FAIL,NO_POSITION,NO_POSITION,STALE,STALE,FRESH,FRESH,0,80.0,80.0,0.0,0.0,0.0,0.0,37.250686,126.674964,,
44.29999999999962,3,NO_POSITION,FAIL,NO_POSITION,NO_POSITION,STALE,STALE,FRESH,FRESH,0,80.0,80.0,0.0,0.0,0.0,0.0,37.250686,126.674964,,
44.34999999999962,3,NO_POSITION,FAIL,NO_POSITION,NO_POSITION,STALE,STALE,STALE,FRESH,0,80.0,80.0,0.0,0.0,0.0,0.0,37.250686,126.674964,,
44.399999999999615,3,NO_POSITION,FAIL,NO_POSITION,NO_POSITION,STALE,STALE,STALE,FRESH,0,80.0,80.0,0.0,0.0,0.0,0.0,37.250686,126.674964,,
44.44999999999961,3,NO_POSITION,FAIL,NO_POSITION,NO_POSITION,STALE,STALE,STALE,FRESH,0,80.0,80.0,0.0,0.0,0.0,0.0,37.250686,126.674964,,
44.49999999999961,3,NO_POSITION,FAIL,NO_POSITION,NO_POSITION,STALE,STALE,STALE,FRESH,0,80.0,80.0,0.0,0.0,0.0,0.0,37.250686,126.674964,,
44.549999999999606,3,NO_POSITION,FAIL,NO_POSITION,NO_POSITION,STALE,STALE,STALE,FRESH,0,80.0,80.0,0.0,0.0,0.0,0.0,37.250686,126.674964,,
44.5999999999996,3,NO_POSITION,FAIL,NO_POSITION,NO_POSITION,STALE,STALE,STALE,FRESH,0,80.0,80.0,0.0,0.0,0.0,0.0,37.250686,126.674964,,
44.6499999999996,3,SENSOR_BLACKOUT,FAIL,SENSOR_BLACKOUT,SENSOR_BLACKOUT,STALE,STALE,STALE,STALE,0,80.0,80.0,0.0,0.0,0.0,0.0,37.250686,126.674964,,
44.6999999999996,3,SENSOR_BLACKOUT,FAIL,SENSOR_BLACKOUT,SENSOR_BLACKOUT,STALE,STALE,STALE,STALE,0,80.0,80.0,0.0,0.0,0.0,0.0,37.250686,126.674964,,
44.749999999999595,3,SENSOR_BLACKOUT,FAIL,SENSOR_BLACKOUT,SENSOR_BLACKOUT,STALE,STALE,STALE,STALE,0,80.0,80.0,0.0,0.0,0.0,0.0,37.250686,126.674964,,
44.79999999999959,3,SENSOR_BLACKOUT,FAIL,SENSOR_BLACKOUT,SENSOR_BLACKOUT,STALE,STALE,STALE,STALE,0,80.0,80.0,0.0,0.0,0.0,0.0,37.250686,126.674964,,
44.84999999999959,3,SENSOR_BLACKOUT,FAIL,SENSOR_BLACKOUT,SENSOR_BLACKOUT,STALE,STALE,STALE,STALE,0,80.0,80.0,0.0,0.0,0.0,0.0,37.250686,126.674964,,
44.89999999999959,3,SENSOR_BLACKOUT,FAIL,SENSOR_BLACKOUT,SENSOR_BLACKOUT,STALE,STALE,STALE,STALE,0,80.0,80.0,0.0,0.0,0.0,0.0,37.250686,126.674964,,
44.949999999999584,3,SENSOR_BLACKOUT,FAIL,SENSOR_BLACKOUT,SENSOR_BLACKOUT,STALE,STALE,STALE,STALE,0,80.0,80.0,0.0,0.0,0.0,0.0,37.250686,126.674964,,
44.99999999999958,3,SENSOR_BLACKOUT,FAIL,SENSOR_BLACKOUT,SENSOR_BLACKOUT,STALE,STALE,STALE,STALE,0,80.0,80.0,0.0,0.0,0.0,0.0,37.250686,126.674964,,
45.04999999999958,3,SENSOR_BLACKOUT,FAIL,SENSOR_BLACKOUT,SENSOR_BLACKOUT,STALE,STALE,STALE,STALE,0,80.0,80.0,0.0,0.0,0.0,0.0,37.250686,126.674964,,
45.099999999999575,3,NO_MOTION,FAIL,NO_MOTION,NO_MOTION,FRESH,STALE,FRESH,FRESH,0,80.0,80.0,0.0,0.0,0.0,0.0,37.250686,126.674964,,
45.14999999999957,3,NO_MOTION,FAIL,NO_MOTION,NO_MOTION,FRESH,STALE,FRESH,FRESH,0,80.0,80.0,0.0,0.0,0.0,0.0,37.250686,126.674964,,
45.19999999999957,3,NO_MOTION,FAIL,NO_MOTION,NO_MOTION,FRESH,STALE,FRESH,FRESH,0,80.0,80.0,0.0,0.0,0.0,0.0,37.250686,126.674964,,
45.24999999999957,3,NO_MOTION,FAIL,NO_MOTION,NO_MOTION,FRESH,STALE,FRESH,FRESH,0,80.0,80.0,0.0,0.0,0.0,0.0,37.250686,126.674964,,
45.299999999999564,3,NO_MOTION,FAIL,NO_MOTION,NO_MOTION,FRESH,STALE,FRESH,FRESH,0,80.0,80.0,0.0,0.0,0.0,0.0,37.250686,126.674964,,
45.34999999999956,3,NO_MOTION,FAIL,NO_MOTION,NO_MOTION,FRESH,STALE,STALE,FRESH,0,80.0,80.0,0.0,0.0,0.0,0.0,37.250686,126.674964,,
45.39999999999956,3,NO_MOTION,FAIL,NO_MOTION,NO_MOTION,FRESH,STALE,STALE,FRESH,0,80.0,80.0,0.0,0.0,0.0,0.0,37.250686,126.674964,,
45.449999999999555,3,NO_MOTION,FAIL,NO_MOTION,NO_MOTION,FRESH,STALE,STALE,FRESH,0,80.0,80.0,0.0,0.0,0.0,0.0,37.250686,126.674964,,
45.49999999999955,3,NO_MOTION,FAIL,NO_MOTION,NO_MOTION,FRESH,STALE,STALE,FRESH,0,80.0,80.0,0.0,0.0,0.0,0.0,37.250686,126.674964,,
45.54999999999955,3,NO_MOTION,FAIL,NO_MOTION,NO_MOTION,FRESH,STALE,STALE,FRESH,0,80.0,80.0,0.0,0.0,0.0,0.0,37.250686,126.674964,,
45.59999999999955,3,NO_MOTION,FAIL,NO_MOTION,NO_MOTION,FRESH,STALE,STALE,FRESH,0,80.0,80.0,0.0,0.0,0.0,0.0,37.250686,126.674964,,
45.649999999999544,3,NO_MOTION,FAIL,NO_MOTION,NO_MOTION,FRESH,STALE,STALE,STALE,0,80.0,80.0,0.0,0.0,0.0,0.0,37.250686,126.674964,,
45.69999999999954,3,NO_MOTION,FAIL,NO_MOTION,NO_MOTION,FRESH,STALE,STALE,STALE,0,80.0,80.0,0.0,0.0,0.0,0.0,37.250686,126.674964,,
45.74999999999954,3,NO_MOTION,FAIL,NO_MOTION,NO_MOTION,FRESH,STALE,STALE,STALE,0,80.0,80.0,0.0,0.0,0.0,0.0,37.250686,126.674964,,
45.799999999999535,3,NO_MOTION,FAIL,NO_MOTION,NO_MOTION,FRESH,STALE,STALE,STALE,0,80.0,80.0,0.0,0.0,0.0,0.0,37.250686,126.674964,,
45.84999999999953,3,NO_MOTION,FAIL,NO_MOTION,NO_MOTION,FRESH,STALE,STALE,STALE,0,80.0,80.0,0.0,0.0,0.0,0.0,37.250686,126.674964,,
45.89999999999953,3,NO_MOTION,FAIL,NO_MOTION,NO_MOTION,FRESH,STALE,STALE,STALE,0,80.0,80.0,0.0,0.0,0.0,0.0,37.250686,126.674964,,
45.94999999999953,3,NO_MOTION,FAIL,NO_MOTION,NO_MOTION,FRESH,STALE,STALE,STALE,0,80.0,80.0,0.0,0.0,0.0,0.0,37.250686,126.674964,,
45.999999999999524,3,NO_MOTION,FAIL,NO_MOTION,NO_MOTION,FRESH,STALE,STALE,STALE,0,80.0,80.0,0.0,0.0,0.0,0.0,37.250686,126.674964,,
46.04999999999952,3,NO_MOTION,FAIL,NO_MOTION,NO_MOTION,FRESH,STALE,STALE,STALE,0,80.0,80.0,0.0,0.0,0.0,0.0,37.250686,126.674964,,
46.09999999999952,3,NO_MOTION,FAIL,NO_MOTION,NO_MOTION,FRESH,STALE,STALE,STALE,0,80.0,80.0,0.0,0.0,0.0,0.0,37.250686,126.674964,,
46.149999999999515,3,NO_MOTION,FAIL,NO_MOTION,NO_MOTION,FRESH,STALE,FRESH,FRESH,0,80.0,80.0,0.0,0.0,0.0,0.0,37.250686,126.674964,,
46.19999999999951,3,NO_MOTION,FAIL,NO_MOTION,NO_MOTION,FRESH,STALE,FRESH,FRESH,0,80.0,80.0,0.0,0.0,0.0,0.0,37.250686,126.674964,,
46.24999999999951,3,NO_MOTION,FAIL,NO_MOTION,NO_MOTION,FRESH,STALE,FRESH,FRESH,0,80.0,80.0,0.0,0.0,0.0,0.0,37.250686,126.674964,,
46.29999999999951,3,NO_MOTION,FAIL,NO_MOTION,NO_MOTION,FRESH,STALE,FRESH,FRESH,0,80.0,80.0,0.0,0.0,0.0,0.0,37.250686,126.674964,,
46.349999999999504,3,NO_MOTION,FAIL,NO_MOTION,NO_MOTION,FRESH,STALE,FRESH,FRESH,0,80.0,80.0,0.0,0.0,0.0,0.0,37.250686,126.674964,,
46.3999999999995,3,NO_MOTION,FAIL,NO_MOTION,NO_MOTION,FRESH,STALE,STALE,FRESH,0,80.0,80.0,0.0,0.0,0.0,0.0,37.250686,126.674964,,
46.4499999999995,3,NO_MOTION,FAIL,NO_MOTION,NO_MOTION,FRESH,STALE,STALE,FRESH,0,80.0,80.0,0.0,0.0,0.0,0.0,37.250686,126.674964,,
46.499999999999496,3,NO_MOTION,FAIL,NO_MOTION,NO_MOTION,FRESH,STALE,STALE,FRESH,0,80.0,80.0,0.0,0.0,0.0,0.0,37.250686,126.674964,,
46.54999999999949,3,NO_MOTION,FAIL,NO_MOTION,NO_MOTION,FRESH,STALE,STALE,FRESH,0,80.0,80.0,0.0,0.0,0.0,0.0,37.250686,126.674964,,
46.59999999999949,3,NO_MOTION,FAIL,NO_MOTION,NO_MOTION,FRESH,STALE,STALE,FRESH,0,80.0,80.0,0.0,0.0,0.0,0.0,37.250686,126.674964,,
46.64999999999949,3,NO_MOTION,FAIL,NO_MOTION,NO_MOTION,FRESH,STALE,STALE,FRESH,0,80.0,80.0,0.0,0.0,0.0,0.0,37.250686,126.674964,,
46.699999999999484,3,NO_MOTION,FAIL,NO_MOTION,NO_MOTION,FRESH,STALE,STALE,STALE,0,80.0,80.0,0.0,0.0,0.0,0.0,37.250686,126.674964,,
46.74999999999948,3,NO_MOTION,FAIL,NO_MOTION,NO_MOTION,FRESH,STALE,STALE,STALE,0,80.0,80.0,0.0,0.0,0.0,0.0,37.250686,126.674964,,
46.79999999999948,3,NO_MOTION,FAIL,NO_MOTION,NO_MOTION,FRESH,STALE,STALE,STALE,0,80.0,80.0,0.0,0.0,0.0,0.0,37.250686,126.674964,,
46.849999999999476,3,NO_MOTION,FAIL,NO_MOTION,NO_MOTION,FRESH,STALE,STALE,STALE,0,80.0,80.0,0.0,0.0,0.0,0.0,37.250686,126.674964,,
46.89999999999947,3,NO_MOTION,FAIL,NO_MOTION,NO_MOTION,FRESH,STALE,STALE,STALE,0,80.0,80.0,0.0,0.0,0.0,0.0,37.250686,126.674964,,
46.94999999999947,3,NO_MOTION,FAIL,NO_MOTION,NO_MOTION,FRESH,STALE,STALE,STALE,0,80.0,80.0,0.0,0.0,0.0,0.0,37.250686,126.674964,,
46.99999999999947,3,NO_MOTION,FAIL,NO_MOTION,NO_MOTION,FRESH,STALE,STALE,STALE,0,80.0,80.0,0.0,0.0,0.0,0.0,37.250686,126.674964,,
47.049999999999464,3,NO_MOTION,FAIL,NO_MOTION,NO_MOTION,FRESH,STALE,STALE,STALE,0,80.0,80.0,0.0,0.0,0.0,0.0,37.250686,126.674964,,
47.09999999999946,3,NO_MOTION,FAIL,NO_MOTION,NO_MOTION,FRESH,STALE,STALE,STALE,0,80.0,80.0,0.0,0.0,0.0,0.0,37.250686,126.674964,,
47.14999999999946,3,NO_MOTION,FAIL,NO_MOTION,NO_MOTION,FRESH,STALE,FRESH,FRESH,0,80.0,80.0,0.0,0.0,0.0,0.0,37.250686,126.674964,,
47.199999999999456,3,NO_MOTION,FAIL,NO_MOTION,NO_MOTION,FRESH,STALE,FRESH,FRESH,0,80.0,80.0,0.0,0.0,0.0,0.0,37.250686,126.674964,,
47.24999999999945,3,NO_MOTION,FAIL,NO_MOTION,NO_MOTION,FRESH,STALE,FRESH,FRESH,0,80.0,80.0,0.0,0.0,0.0,0.0,37.250686,126.674964,,
47.29999999999945,3,NO_MOTION,FAIL,NO_MOTION,NO_MOTION,FRESH,STALE,FRESH,FRESH,0,80.0,80.0,0.0,0.0,0.0,0.0,37.250686,126.674964,,
47.34999999999945,3,NO_MOTION,FAIL,NO_MOTION,NO_MOTION,FRESH,STALE,FRESH,FRESH,0,80.0,80.0,0.0,0.0,0.0,0.0,37.250686,126.674964,,
47.399999999999444,3,NO_MOTION,FAIL,NO_MOTION,NO_MOTION,FRESH,STALE,STALE,FRESH,0,80.0,80.0,0.0,0.0,0.0,0.0,37.250686,126.674964,,
47.44999999999944,3,NO_MOTION,FAIL,NO_MOTION,NO_MOTION,FRESH,STALE,STALE,FRESH,0,80.0,80.0,0.0,0.0,0.0,0.0,37.250686,126.674964,,
47.49999999999944,3,NO_MOTION,FAIL,NO_MOTION,NO_MOTION,FRESH,STALE,STALE,FRESH,0,80.0,80.0,0.0,0.0,0.0,0.0,37.250686,126.674964,,
47.549999999999436,3,NO_MOTION,FAIL,NO_MOTION,NO_MOTION,FRESH,STALE,STALE,FRESH,0,80.0,80.0,0.0,0.0,0.0,0.0,37.250686,126.674964,,
47.59999999999943,3,NO_MOTION,FAIL,NO_MOTION,NO_MOTION,FRESH,STALE,STALE,FRESH,0,80.0,80.0,0.0,0.0,0.0,0.0,37.250686,126.674964,,
47.64999999999943,3,NO_MOTION,FAIL,NO_MOTION,NO_MOTION,FRESH,STALE,STALE,FRESH,0,80.0,80.0,0.0,0.0,0.0,0.0,37.250686,126.674964,,
47.69999999999943,3,NO_MOTION,FAIL,NO_MOTION,NO_MOTION,FRESH,STALE,STALE,STALE,0,80.0,80.0,0.0,0.0,0.0,0.0,37.250686,126.674964,,
47.749999999999424,3,NO_MOTION,FAIL,NO_MOTION,NO_MOTION,FRESH,STALE,STALE,STALE,0,80.0,80.0,0.0,0.0,0.0,0.0,37.250686,126.674964,,
47.79999999999942,3,NO_MOTION,FAIL,NO_MOTION,NO_MOTION,FRESH,STALE,STALE,STALE,0,80.0,80.0,0.0,0.0,0.0,0.0,37.250686,126.674964,,
47.84999999999942,3,NO_MOTION,FAIL,NO_MOTION,NO_MOTION,FRESH,STALE,STALE,STALE,0,80.0,80.0,0.0,0.0,0.0,0.0,37.250686,126.674964,,
47.899999999999416,3,NO_MOTION,FAIL,NO_MOTION,NO_MOTION,FRESH,STALE,STALE,STALE,0,80.0,80.0,0.0,0.0,0.0,0.0,37.250686,126.674964,,
47.94999999999941,3,NO_MOTION,FAIL,NO_MOTION,NO_MOTION,FRESH,STALE,STALE,STALE,0,80.0,80.0,0.0,0.0,0.0,0.0,37.250686,126.674964,,
47.99999999999941,3,NO_MOTION,FAIL,NO_MOTION,NO_MOTION,FRESH,STALE,STALE,STALE,0,80.0,80.0,0.0,0.0,0.0,0.0,37.250686,126.674964,,
48.04999999999941,3,NO_MOTION,FAIL,NO_MOTION,NO_MOTION,FRESH,STALE,STALE,STALE,0,80.0,80.0,0.0,0.0,0.0,0.0,37.250686,126.674964,,
48.099999999999405,3,NO_MOTION,FAIL,NO_MOTION,NO_MOTION,FRESH,STALE,STALE,STALE,0,80.0,80.0,0.0,0.0,0.0,0.0,37.250686,126.674964,,
48.1499999999994,3,NO_POSITION,NOMINAL_CLOSED_LOOP,NO_POSITION,NO_POSITION,FRESH,FRESH,FRESH,FRESH,0,80.0,80.0,0.0,0.0,0.0,0.0,37.250686,126.674964,,
48.1999999999994,3,NO_POSITION,NOMINAL_CLOSED_LOOP,NO_POSITION,NO_POSITION,FRESH,FRESH,FRESH,FRESH,0,80.0,80.0,0.0,0.0,0.0,0.0,37.250686,126.674964,,
48.249999999999396,3,NO_POSITION,NOMINAL_CLOSED_LOOP,NO_POSITION,NO_POSITION,FRESH,FRESH,FRESH,FRESH,0,80.0,80.0,0.0,0.0,0.0,0.0,37.250686,126.674964,,
48.29999999999939,3,NO_POSITION,NOMINAL_CLOSED_LOOP,NO_POSITION,NO_POSITION,FRESH,FRESH,FRESH,FRESH,0,80.0,80.0,0.0,0.0,0.0,0.0,37.250686,126.674964,,
48.34999999999939,3,NO_POSITION,NOMINAL_CLOSED_LOOP,NO_POSITION,NO_POSITION,FRESH,FRESH,FRESH,FRESH,0,80.0,80.0,0.0,0.0,0.0,0.0,37.250686,126.674964,,
48.39999999999939,3,NO_POSITION,NOMINAL_FEEDFORWARD,NO_POSITION,NO_POSITION,FRESH,FRESH,STALE,FRESH,0,80.0,80.0,0.0,0.0,0.0,0.0,37.250686,126.674964,,
48.449999999999385,3,NO_POSITION,NOMINAL_FEEDFORWARD,NO_POSITION,NO_POSITION,FRESH,FRESH,STALE,FRESH,0,80.0,80.0,0.0,0.0,0.0,0.0,37.250686,126.674964,,
48.49999999999938,3,NO_POSITION,NOMINAL_FEEDFORWARD,NO_POSITION,NO_POSITION,FRESH,FRESH,STALE,FRESH,0,80.0,80.0,0.0,0.0,0.0,0.0,37.250686,126.674964,,
48.54999999999938,3,NO_POSITION,NOMINAL_FEEDFORWARD,NO_POSITION,NO_POSITION,FRESH,FRESH,STALE,FRESH,0,80.0,80.0,0.0,0.0,0.0,0.0,37.250686,126.674964,,
48.599999999999376,3,NO_POSITION,NOMINAL_FEEDFORWARD,NO_POSITION,NO_POSITION,FRESH,FRESH,STALE,FRESH,0,80.0,80.0,0.0,0.0,0.0,0.0,37.250686,126.674964,,
48.64999999999937,3,NO_POSITION,NOMINAL_FEEDFORWARD,NO_POSITION,NO_POSITION,FRESH,FRESH,STALE,FRESH,0,80.0,80.0,0.0,0.0,0.0,0.0,37.250686,126.674964,,
48.69999999999937,3,NO_POSITION,NOMINAL_FEEDFORWARD,NO_POSITION,NO_POSITION,FRESH,FRESH,STALE,STALE,0,80.0,80.0,0.0,0.0,0.0,0.0,37.250686,126.674964,,
48.74999999999937,3,NO_POSITION,NOMINAL_FEEDFORWARD,NO_POSITION,NO_POSITION,FRESH,FRESH,STALE,STALE,0,80.0,80.0,0.0,0.0,0.0,0.0,37.250686,126.674964,,
48.799999999999365,3,NO_POSITION,NOMINAL_FEEDFORWARD,NO_POSITION,NO_POSITION,FRESH,FRESH,STALE,STALE,0,80.0,80.0,0.0,0.0,0.0,0.0,37.250686,126.674964,,
48.84999999999936,3,NO_POSITION,NOMINAL_FEEDFORWARD,NO_POSITION,NO_POSITION,FRESH,FRESH,STALE,STALE,0,80.0,80.0,0.0,0.0,0.0,0.0,37.250686,126.674964,,
48.89999999999936,3,NO_POSITION,NOMINAL_FEEDFORWARD,NO_POSITION,NO_POSITION,FRESH,FRESH,STALE,STALE,0,80.0,80.0,0.0,0.0,0.0,0.0,37.250686,126.674964,,
48.949999999999356,3,NO_POSITION,NOMINAL_FEEDFORWARD,NO_POSITION,NO_POSITION,FRESH,FRESH,STALE,STALE,0,80.0,80.0,0.0,0.0,0.0,0.0,37.250686,126.674964,,
48.99999999999935,3,NO_POSITION,NOMINAL_FEEDFORWARD,NO_POSITION,NO_POSITION,FRESH,FRESH,STALE,STALE,0,80.0,80.0,0.0,0.0,0.0,0.0,37.250686,126.674964,,
49.04999999999935,3,NO_POSITION,NOMINAL_FEEDFORWARD,NO_POSITION,NO_POSITION,FRESH,FRESH,STALE,STALE,0,80.0,80.0,0.0,0.0,0.0,0.0,37.250686,126.674964,,
49.09999999999935,3,NO_POSITION,NOMINAL_FEEDFORWARD,NO_POSITION,NO_POSITION,FRESH,FRESH,STALE,STALE,0,80.0,80.0,0.0,0.0,0.0,0.0,37.250686,126.674964,,
49.149999999999345,3,NO_POSITION,DEGRADED_CLOSED_LOOP,NO_POSITION,NO_POSITION,FRESH,FRESHED,FRESH,FRESH,0,80.0,80.0,0.0,0.0,0.0,0.0,37.250686,126.674964,,
49.19999999999934,3,NO_POSITION,DEGRADED_CLOSED_LOOP,NO_POSITION,NO_POSITION,FRESH,FRESHED,FRESH,FRESH,0,80.0,80.0,0.0,0.0,0.0,0.0,37.250686,126.674964,,
49.24999999999934,3,NO_POSITION,DEGRADED_CLOSED_LOOP,NO_POSITION,NO_POSITION,FRESH,FRESHED,FRESH,FRESH,0,80.0,80.0,0.0,0.0,0.0,0.0,37.250686,126.674964,,
49.299999999999336,3,NO_POSITION,DEGRADED_CLOSED_LOOP,NO_POSITION,NO_POSITION,FRESH,FRESHED,FRESH,FRESH,0,80.0,80.0,0.0,0.0,0.0,0.0,37.250686,126.674964,,
49.34999999999933,3,NO_POSITION,DEGRADED_CLOSED_LOOP,NO_POSITION,NO_POSITION,FRESH,FRESHED,FRESH,FRESH,0,80.0,80.0,0.0,0.0,0.0,0.0,37.250686,126.674964,,
49.39999999999933,3,NO_POSITION,DEGRADED_FEEDFORWARD,NO_POSITION,NO_POSITION,FRESH,FRESHED,STALE,FRESH,0,80.0,80.0,0.0,0.0,0.0,0.0,37.250686,126.674964,,
49.44999999999933,3,NO_POSITION,DEGRADED_FEEDFORWARD,NO_POSITION,NO_POSITION,FRESH,FRESHED,STALE,FRESH,0,80.0,80.0,0.0,0.0,0.0,0.0,37.250686,126.674964,,
49.499999999999325,3,NO_POSITION,DEGRADED_FEEDFORWARD,NO_POSITION,NO_POSITION,FRESH,FRESHED,STALE,FRESH,0,80.0,80.0,0.0,0.0,0.0,0.0,37.250686,126.674964,,
49.54999999999932,3,NO_POSITION,DEGRADED_FEEDFORWARD,NO_POSITION,NO_POSITION,FRESH,FRESHED,STALE,FRESH,0,80.0,80.0,0.0,0.0,0.0,0.0,37.250686,126.674964,,
49.59999999999932,3,NO_POSITION,DEGRADED_FEEDFORWARD,NO_POSITION,NO_POSITION,FRESH,FRESHED,STALE,FRESH,0,80.0,80.0,0.0,0.0,0.0,0.0,37.250686,126.674964,,
49.64999999999932,3,NO_POSITION,DEGRADED_FEEDFORWARD,NO_POSITION,NO_POSITION,FRESH,FRESHED,STALE,FRESH,0,80.0,80.0,0.0,0.0,0.0,0.0,37.250686,126.674964,,
49.699999999999314,3,NO_POSITION,DEGRADED_FEEDFORWARD,NO_POSITION,NO_POSITION,FRESH,FRESHED,STALE,STALE,0,80.0,80.0,0.0,0.0,0.0,0.0,37.250686,126.674964,,
49.74999999999931,3,NO_POSITION,DEGRADED_FEEDFORWARD,NO_POSITION,NO_POSITION,FRESH,FRESHED,STALE,STALE,0,80.0,80.0,0.0,0.0,0.0,0.0,37.250686,126.674964,,
49.79999999999931,3,NO_POSITION,DEGRADED_FEEDFORWARD,NO_POSITION,NO_POSITION,FRESH,FRESHED,STALE,STALE,0,80.0,80.0,0.0,0.0,0.0,0.0,37.250686,126.674964,,
49.849999999999305,3,NO_POSITION,DEGRADED_FEEDFORWARD,NO_POSITION,NO_POSITION,FRESH,FRESHED,STALE,STALE,0,80.0,80.0,0.0,0.0,0.0,0.0,37.250686,126.674964,,
49.8999999999993,3,NO_POSITION,DEGRADED_FEEDFORWARD,NO_POSITION,NO_POSITION,FRESH,FRESHED,STALE,STALE,0,80.0,80.0,0.0,0.0,0.0,0.0,37.250686,126.674964,,
49.9499999999993,3,NO_POSITION,DEGRADED_FEEDFORWARD,NO_POSITION,NO_POSITION,FRESH,FRESHED,STALE,STALE,0,80.0,80.0,0.0,0.0,0.0,0.0,37.250686,126.674964,,
49.9999999999993,3,NO_POSITION,DEGRADED_FEEDFORWARD,NO_POSITION,NO_POSITION,FRESH,FRESHED,STALE,STALE,0,80.0,80.0,0.0,0.0,0.0,0.0,37.250686,126.674964,,
50.049999999999294,3,NO_POSITION,DEGRADED_FEEDFORWARD,NO_POSITION,NO_POSITION,FRESH,FRESHED,STALE,STALE,0,80.0,80.0,0.0,0.0,0.0,0.0,37.250686,126.674964,,
50.09999999999929,3,NO_POSITION,DEGRADED_FEEDFORWARD,NO_POSITION,NO_POSITION,FRESH,FRESHED,STALE,STALE,0,80.0,80.0,0.0,0.0,0.0,0.0,37.250686,126.674964,,
50.14999999999929,3,NO_POSITION,DEGRADED_CLOSED_LOOP,NO_POSITION,NO_POSITION,FRESH,FRESHED,FRESH,FRESH,0,80.0,80.0,0.0,0.0,0.0,0.0,37.250686,126.674964,,
50.199999999999285,3,NO_POSITION,DEGRADED_CLOSED_LOOP,NO_POSITION,NO_POSITION,FRESH,FRESHED,FRESH,FRESH,0,80.0,80.0,0.0,0.0,0.0,0.0,37.250686,126.674964,,
50.24999999999928,3,NO_POSITION,DEGRADED_CLOSED_LOOP,NO_POSITION,NO_POSITION,FRESH,FRESHED,FRESH,FRESH,0,80.0,80.0,0.0,0.0,0.0,0.0,37.250686,126.674964,,
50.29999999999928,3,NO_POSITION,DEGRADED_CLOSED_LOOP,NO_POSITION,NO_POSITION,FRESH,FRESHED,FRESH,FRESH,0,80.0,80.0,0.0,0.0,0.0,0.0,37.250686,126.674964,,
50.34999999999928,3,NO_POSITION,DEGRADED_CLOSED_LOOP,NO_POSITION,NO_POSITION,FRESH,FRESHED,FRESH,FRESH,0,80.0,80.0,0.0,0.0,0.0,0.0,37.250686,126.674964,,
50.399999999999274,3,NO_POSITION,DEGRADED_FEEDFORWARD,NO_POSITION,NO_POSITION,FRESH,FRESHED,STALE,FRESH,0,80.0,80.0,0.0,0.0,0.0,0.0,37.250686,126.674964,,
50.44999999999927,3,NO_POSITION,DEGRADED_FEEDFORWARD,NO_POSITION,NO_POSITION,FRESH,FRESHED,STALE,FRESH,0,80.0,80.0,0.0,0.0,0.0,0.0,37.250686,126.674964,,
50.49999999999927,3,NO_POSITION,DEGRADED_FEEDFORWARD,NO_POSITION,NO_POSITION,FRESH,FRESHED,STALE,FRESH,0,80.0,80.0,0.0,0.0,0.0,0.0,37.250686,126.674964,,
50.549999999999265,3,NO_POSITION,DEGRADED_FEEDFORWARD,NO_POSITION,NO_POSITION,FRESH,FRESHED,STALE,FRESH,0,80.0,80.0,0.0,0.0,0.0,0.0,37.250686,126.674964,,
50.59999999999926,3,NO_POSITION,DEGRADED_FEEDFORWARD,NO_POSITION,NO_POSITION,FRESH,FRESHED,STALE,FRESH,0,80.0,80.0,0.0,0.0,0.0,0.0,37.250686,126.674964,,
50.64999999999926,3,NO_POSITION,DEGRADED_FEEDFORWARD,NO_POSITION,NO_POSITION,FRESH,FRESHED,STALE,FRESH,0,80.0,80.0,0.0,0.0,0.0,0.0,37.250686,126.674964,,
50.69999999999926,3,NO_POSITION,DEGRADED_FEEDFORWARD,NO_POSITION,NO_POSITION,FRESH,FRESHED,STALE,STALE,0,80.0,80.0,0.0,0.0,0.0,0.0,37.250686,126.674964,,
50.749999999999254,3,NO_POSITION,DEGRADED_FEEDFORWARD,NO_POSITION,NO_POSITION,FRESH,FRESHED,STALE,STALE,0,80.0,80.0,0.0,0.0,0.0,0.0,37.250686,126.674964,,
50.79999999999925,3,NO_POSITION,DEGRADED_FEEDFORWARD,NO_POSITION,NO_POSITION,FRESH,FRESHED,STALE,STALE,0,80.0,80.0,0.0,0.0,0.0,0.0,37.250686,126.674964,,
50.84999999999925,3,NO_POSITION,DEGRADED_FEEDFORWARD,NO_POSITION,NO_POSITION,FRESH,FRESHED,STALE,STALE,0,80.0,80.0,0.0,0.0,0.0,0.0,37.250686,126.674964,,
50.899999999999245,3,NO_POSITION,DEGRADED_FEEDFORWARD,NO_POSITION,NO_POSITION,FRESH,FRESHED,STALE,STALE,0,80.0,80.0,0.0,0.0,0.0,0.0,37.250686,126.674964,,
50.94999999999924,3,NO_POSITION,DEGRADED_FEEDFORWARD,NO_POSITION,NO_POSITION,FRESH,FRESHED,STALE,STALE,0,80.0,80.0,0.0,0.0,0.0,0.0,37.250686,126.674964,,
50.99999999999924,3,NO_POSITION,DEGRADED_FEEDFORWARD,NO_POSITION,NO_POSITION,FRESH,FRESHED,STALE,STALE,0,80.0,80.0,0.0,0.0,0.0,0.0,37.250686,126.674964,,
51.04999999999924,3,NO_POSITION,DEGRADED_FEEDFORWARD,NO_POSITION,NO_POSITION,FRESH,FRESHED,STALE,STALE,0,80.0,80.0,0.0,0.0,0.0,0.0,37.250686,126.674964,,
51.099999999999234,3,NO_POSITION,DEGRADED_FEEDFORWARD,NO_POSITION,NO_POSITION,FRESH,FRESHED,STALE,STALE,0,80.0,80.0,0.0,0.0,0.0,0.0,37.250686,126.674964,,
51.14999999999923,3,NO_POSITION,DEGRADED_CLOSED_LOOP,NO_POSITION,NO_POSITION,FRESH,FRESHED,FRESH,FRESH,0,80.0,80.0,0.0,0.0,0.0,0.0,37.250686,126.674964,,
51.19999999999923,3,NO_POSITION,DEGRADED_CLOSED_LOOP,NO_POSITION,NO_POSITION,FRESH,FRESHED,FRESH,FRESH,0,80.0,80.0,0.0,0.0,0.0,0.0,37.250686,126.674964,,
51.249999999999226,3,NO_POSITION,DEGRADED_CLOSED_LOOP,NO_POSITION,NO_POSITION,FRESH,FRESHED,FRESH,FRESH,0,80.0,80.0,0.0,0.0,0.0,0.0,37.250686,126.674964,,
51.29999999999922,3,NO_POSITION,DEGRADED_CLOSED_LOOP,NO_POSITION,NO_POSITION,FRESH,FRESHED,FRESH,FRESH,0,80.0,80.0,0.0,0.0,0.0,0.0,37.250686,126.674964,,
51.34999999999922,3,NO_POSITION,DEGRADED_CLOSED_LOOP,NO_POSITION,NO_POSITION,FRESH,FRESHED,FRESH,FRESH,0,80.0,80.0,0.0,0.0,0.0,0.0,37.250686,126.674964,,
51.39999999999922,3,NO_POSITION,DEGRADED_FEEDFORWARD,NO_POSITION,NO_POSITION,FRESH,FRESHED,STALE,FRESH,0,80.0,80.0,0.0,0.0,0.0,0.0,37.250686,126.674964,,
51.449999999999214,3,NO_POSITION,DEGRADED_FEEDFORWARD,NO_POSITION,NO_POSITION,FRESH,FRESHED,STALE,FRESH,0,80.0,80.0,0.0,0.0,0.0,0.0,37.250686,126.674964,,
51.49999999999921,3,NO_POSITION,DEGRADED_FEEDFORWARD,NO_POSITION,NO_POSITION,FRESH,FRESHED,STALE,FRESH,0,80.0,80.0,0.0,0.0,0.0,0.0,37.250686,126.674964,,
51.54999999999921,3,NO_POSITION,DEGRADED_FEEDFORWARD,NO_POSITION,NO_POSITION,FRESH,FRESHED,STALE,FRESH,0,80.0,80.0,0.0,0.0,0.0,0.0,37.250686,126.674964,,
51.599999999999206,3,NO_POSITION,DEGRADED_FEEDFORWARD,NO_POSITION,NO_POSITION,FRESH,FRESHED,STALE,FRESH,0,80.0,80.0,0.0,0.0,0.0,0.0,37.250686,126.674964,,
51.6499999999992,3,NO_POSITION,DEGRADED_FEEDFORWARD,NO_POSITION,NO_POSITION,FRESH,FRESHED,STALE,FRESH,0,80.0,80.0,0.0,0.0,0.0,0.0,37.250686,126.674964,,
51.6999999999992,3,NO_POSITION,DEGRADED_FEEDFORWARD,NO_POSITION,NO_POSITION,FRESH,FRESHED,STALE,STALE,0,80.0,80.0,0.0,0.0,0.0,0.0,37.250686,126.674964,,
51.7499999999992,3,NO_POSITION,DEGRADED_FEEDFORWARD,NO_POSITION,NO_POSITION,FRESH,FRESHED,STALE,STALE,0,80.0,80.0,0.0,0.0,0.0,0.0,37.250686,126.674964,,
51.799999999999194,3,NO_POSITION,DEGRADED_FEEDFORWARD,NO_POSITION,NO_POSITION,FRESH,FRESHED,STALE,STALE,0,80.0,80.0,0.0,0.0,0.0,0.0,37.250686,126.674964,,
51.84999999999919,3,NO_POSITION,DEGRADED_FEEDFORWARD,NO_POSITION,NO_POSITION,FRESH,FRESHED,STALE,STALE,0,80.0,80.0,0.0,0.0,0.0,0.0,37.250686,126.674964,,
51.89999999999919,3,NO_POSITION,DEGRADED_FEEDFORWARD,NO_POSITION,NO_POSITION,FRESH,FRESHED,STALE,STALE,0,80.0,80.0,0.0,0.0,0.0,0.0,37.250686,126.674964,,
51.949999999999186,3,NO_POSITION,DEGRADED_FEEDFORWARD,NO_POSITION,NO_POSITION,FRESH,FRESHED,STALE,STALE,0,80.0,80.0,0.0,0.0,0.0,0.0,37.250686,126.674964,,
51.99999999999918,3,NO_POSITION,DEGRADED_FEEDFORWARD,NO_POSITION,NO_POSITION,FRESH,FRESHED,STALE,STALE,0,80.0,80.0,0.0,0.0,0.0,0.0,37.250686,126.674964,,
52.04999999999918,3,NO_POSITION,DEGRADED_FEEDFORWARD,NO_POSITION,NO_POSITION,FRESH,FRESHED,STALE,STALE,0,80.0,80.0,0.0,0.0,0.0,0.0,37.250686,126.674964,,
52.09999999999918,3,NO_POSITION,DEGRADED_FEEDFORWARD,NO_POSITION,NO_POSITION,FRESH,FRESHED,STALE,STALE,0,80.0,80.0,0.0,0.0,0.0,0.0,37.250686,126.674964,,
52.149999999999174,3,NO_POSITION,NOMINAL_CLOSED_LOOP,NO_POSITION,NO_POSITION,FRESH,FRESH,FRESH,FRESH,0,80.0,80.0,0.0,0.0,0.0,0.0,37.250686,126.674964,,
52.19999999999917,3,NO_POSITION,NOMINAL_CLOSED_LOOP,NO_POSITION,NO_POSITION,FRESH,FRESH,FRESH,FRESH,0,80.0,80.0,0.0,0.0,0.0,0.0,37.250686,126.674964,,
52.24999999999917,3,NO_POSITION,NOMINAL_CLOSED_LOOP,NO_POSITION,NO_POSITION,FRESH,FRESH,FRESH,FRESH,0,80.0,80.0,0.0,0.0,0.0,0.0,37.250686,126.674964,,
52.299999999999166,3,NO_POSITION,NOMINAL_CLOSED_LOOP,NO_POSITION,NO_POSITION,FRESH,FRESH,FRESH,FRESH,0,80.0,80.0,0.0,0.0,0.0,0.0,37.250686,126.674964,,
52.34999999999916,3,NO_POSITION,NOMINAL_CLOSED_LOOP,NO_POSITION,NO_POSITION,FRESH,FRESH,FRESH,FRESH,0,80.0,80.0,0.0,0.0,0.0,0.0,37.250686,126.674964,,
52.39999999999916,3,NO_POSITION,NOMINAL_FEEDFORWARD,NO_POSITION,NO_POSITION,FRESH,FRESH,STALE,FRESH,0,80.0,80.0,0.0,0.0,0.0,0.0,37.250686,126.674964,,
52.44999999999916,3,NO_POSITION,NOMINAL_FEEDFORWARD,NO_POSITION,NO_POSITION,FRESH,FRESH,STALE,FRESH,0,80.0,80.0,0.0,0.0,0.0,0.0,37.250686,126.674964,,
52.499999999999154,3,NO_POSITION,NOMINAL_FEEDFORWARD,NO_POSITION,NO_POSITION,FRESH,FRESH,STALE,FRESH,0,80.0,80.0,0.0,0.0,0.0,0.0,37.250686,126.674964,,
52.54999999999915,3,NO_POSITION,NOMINAL_FEEDFORWARD,NO_POSITION,NO_POSITION,FRESH,FRESH,STALE,FRESH,0,80.0,80.0,0.0,0.0,0.0,0.0,37.250686,126.674964,,
52.59999999999915,3,NO_POSITION,NOMINAL_FEEDFORWARD,NO_POSITION,NO_POSITION,FRESH,FRESH,STALE,FRESH,0,80.0,80.0,0.0,0.0,0.0,0.0,37.250686,126.674964,,
52.649999999999146,3,NO_POSITION,NOMINAL_FEEDFORWARD,NO_POSITION,NO_POSITION,FRESH,FRESH,STALE,FRESH,0,80.0,80.0,0.0,0.0,0.0,0.0,37.250686,126.674964,,
52.69999999999914,3,NO_POSITION,NOMINAL_FEEDFORWARD,NO_POSITION,NO_POSITION,FRESH,FRESH,STALE,STALE,0,80.0,80.0,0.0,0.0,0.0,0.0,37.250686,126.674964,,
52.74999999999914,3,NO_POSITION,NOMINAL_FEEDFORWARD,NO_POSITION,NO_POSITION,FRESH,FRESH,STALE,STALE,0,80.0,80.0,0.0,0.0,0.0,0.0,37.250686,126.674964,,
52.79999999999914,3,NO_POSITION,NOMINAL_FEEDFORWARD,NO_POSITION,NO_POSITION,FRESH,FRESH,STALE,STALE,0,80.0,80.0,0.0,0.0,0.0,0.0,37.250686,126.674964,,
52.849999999999135,3,NO_POSITION,NOMINAL_FEEDFORWARD,NO_POSITION,NO_POSITION,FRESH,FRESH,STALE,STALE,0,80.0,80.0,0.0,0.0,0.0,0.0,37.250686,126.674964,,
52.89999999999913,3,NO_POSITION,NOMINAL_FEEDFORWARD,NO_POSITION,NO_POSITION,FRESH,FRESH,STALE,STALE,0,80.0,80.0,0.0,0.0,0.0,0.0,37.250686,126.674964,,
52.94999999999913,3,NO_POSITION,NOMINAL_FEEDFORWARD,NO_POSITION,NO_POSITION,FRESH,FRESH,STALE,STALE,0,80.0,80.0,0.0,0.0,0.0,0.0,37.250686,126.674964,,
52.999999999999126,3,NO_POSITION,NOMINAL_FEEDFORWARD,NO_POSITION,NO_POSITION,FRESH,FRESH,STALE,STALE,0,80.0,80.0,0.0,0.0,0.0,0.0,37.250686,126.674964,,
53.04999999999912,3,NO_POSITION,NOMINAL_FEEDFORWARD,NO_POSITION,NO_POSITION,FRESH,FRESH,STALE,STALE,0,80.0,80.0,0.0,0.0,0.0,0.0,37.250686,126.674964,,
53.09999999999912,3,NO_POSITION,NOMINAL_FEEDFORWARD,NO_POSITION,NO_POSITION,FRESH,FRESH,STALE,STALE,0,80.0,80.0,0.0,0.0,0.0,0.0,37.250686,126.674964,,
53.14999999999912,3,NO_POSITION,DEGRADED_CLOSED_LOOP,NO_POSITION,NO_POSITION,FRESH,FRESHED,FRESH,FRESH,0,80.0,80.0,0.0,0.0,0.0,0.0,37.250686,126.674964,,
53.199999999999115,3,NO_POSITION,DEGRADED_CLOSED_LOOP,NO_POSITION,NO_POSITION,FRESH,FRESHED,FRESH,FRESH,0,80.0,80.0,0.0,0.0,0.0,0.0,37.250686,126.674964,,
53.24999999999911,3,NO_POSITION,DEGRADED_CLOSED_LOOP,NO_POSITION,NO_POSITION,FRESH,FRESHED,FRESH,FRESH,0,80.0,80.0,0.0,0.0,0.0,0.0,37.250686,126.674964,,
53.29999999999911,3,NO_POSITION,DEGRADED_CLOSED_LOOP,NO_POSITION,NO_POSITION,FRESH,FRESHED,FRESH,FRESH,0,80.0,80.0,0.0,0.0,0.0,0.0,37.250686,126.674964,,
53.349999999999106,3,NO_POSITION,DEGRADED_CLOSED_LOOP,NO_POSITION,NO_POSITION,FRESH,FRESHED,FRESH,FRESH,0,80.0,80.0,0.0,0.0,0.0,0.0,37.250686,126.674964,,
53.3999999999991,3,NO_POSITION,DEGRADED_FEEDFORWARD,NO_POSITION,NO_POSITION,FRESH,FRESHED,STALE,FRESH,0,80.0,80.0,0.0,0.0,0.0,0.0,37.250686,126.674964,,
53.4499999999991,3,NO_POSITION,DEGRADED_FEEDFORWARD,NO_POSITION,NO_POSITION,FRESH,FRESHED,STALE,FRESH,0,80.0,80.0,0.0,0.0,0.0,0.0,37.250686,126.674964,,
53.4999999999991,3,NO_POSITION,DEGRADED_FEEDFORWARD,NO_POSITION,NO_POSITION,FRESH,FRESHED,STALE,FRESH,0,80.0,80.0,0.0,0.0,0.0,0.0,37.250686,126.674964,,
53.549999999999095,3,NO_POSITION,DEGRADED_FEEDFORWARD,NO_POSITION,NO_POSITION,FRESH,FRESHED,STALE,FRESH,0,80.0,80.0,0.0,0.0,0.0,0.0,37.250686,126.674964,,
53.59999999999909,3,NO_POSITION,DEGRADED_FEEDFORWARD,NO_POSITION,NO_POSITION,FRESH,FRESHED,STALE,FRESH,0,80.0,80.0,0.0,0.0,0.0,0.0,37.250686,126.674964,,
53.64999999999909,3,NO_POSITION,DEGRADED_FEEDFORWARD,NO_POSITION,NO_POSITION,FRESH,FRESHED,STALE,FRESH,0,80.0,80.0,0.0,0.0,0.0,0.0,37.250686,126.674964,,
53.699999999999086,3,NO_POSITION,DEGRADED_FEEDFORWARD,NO_POSITION,NO_POSITION,FRESH,FRESHED,STALE,STALE,0,80.0,80.0,0.0,0.0,0.0,0.0,37.250686,126.674964,,
53.74999999999908,3,NO_POSITION,DEGRADED_FEEDFORWARD,NO_POSITION,NO_POSITION,FRESH,FRESHED,STALE,STALE,0,80.0,80.0,0.0,0.0,0.0,0.0,37.250686,126.674964,,
53.79999999999908,3,NO_POSITION,DEGRADED_FEEDFORWARD,NO_POSITION,NO_POSITION,FRESH,FRESHED,STALE,STALE,0,80.0,80.0,0.0,0.0,0.0,0.0,37.250686,126.674964,,
53.84999999999908,3,NO_POSITION,DEGRADED_FEEDFORWARD,NO_POSITION,NO_POSITION,FRESH,FRESHED,STALE,STALE,0,80.0,80.0,0.0,0.0,0.0,0.0,37.250686,126.674964,,
53.899999999999075,3,NO_POSITION,DEGRADED_FEEDFORWARD,NO_POSITION,NO_POSITION,FRESH,FRESHED,STALE,STALE,0,80.0,80.0,0.0,0.0,0.0,0.0,37.250686,126.674964,,
53.94999999999907,3,NO_POSITION,DEGRADED_FEEDFORWARD,NO_POSITION,NO_POSITION,FRESH,FRESHED,STALE,STALE,0,80.0,80.0,0.0,0.0,0.0,0.0,37.250686,126.674964,,
53.99999999999907,3,NO_POSITION,DEGRADED_FEEDFORWARD,NO_POSITION,NO_POSITION,FRESH,FRESHED,STALE,STALE,0,80.0,80.0,0.0,0.0,0.0,0.0,37.250686,126.674964,,
54.049999999999066,3,NO_POSITION,DEGRADED_FEEDFORWARD,NO_POSITION,NO_POSITION,FRESH,FRESHED,STALE,STALE,0,80.0,80.0,0.0,0.0,0.0,0.0,37.250686,126.674964,,
54.09999999999906,3,NO_POSITION,DEGRADED_FEEDFORWARD,NO_POSITION,NO_POSITION,FRESH,FRESHED,STALE,STALE,0,80.0,80.0,0.0,0.0,0.0,0.0,37.250686,126.674964,,
54.14999999999906,3,NO_POSITION,DEGRADED_CLOSED_LOOP,NO_POSITION,NO_POSITION,FRESH,FRESHED,FRESH,FRESH,0,80.0,80.0,0.0,0.0,0.0,0.0,37.250686,126.674964,,
54.19999999999906,3,NO_POSITION,DEGRADED_CLOSED_LOOP,NO_POSITION,NO_POSITION,FRESH,FRESHED,FRESH,FRESH,0,80.0,80.0,0.0,0.0,0.0,0.0,37.250686,126.674964,,
54.249999999999055,3,NO_POSITION,DEGRADED_CLOSED_LOOP,NO_POSITION,NO_POSITION,FRESH,FRESHED,FRESH,FRESH,0,80.0,80.0,0.0,0.0,0.0,0.0,37.250686,126.674964,,
54.29999999999905,3,NO_POSITION,DEGRADED_CLOSED_LOOP,NO_POSITION,NO_POSITION,FRESH,FRESHED,FRESH,FRESH,0,80.0,80.0,0.0,0.0,0.0,0.0,37.250686,126.674964,,
54.34999999999905,3,NO_POSITION,DEGRADED_CLOSED_LOOP,NO_POSITION,NO_POSITION,FRESH,FRESHED,FRESH,FRESH,0,80.0,80.0,0.0,0.0,0.0,0.0,37.250686,126.674964,,
54.39999999999905,3,NO_POSITION,DEGRADED_FEEDFORWARD,NO_POSITION,NO_POSITION,FRESH,FRESHED,STALE,FRESH,0,80.0,80.0,0.0,0.0,0.0,0.0,37.250686,126.674964,,
54.449999999999044,3,NO_POSITION,DEGRADED_FEEDFORWARD,NO_POSITION,NO_POSITION,FRESH,FRESHED,STALE,FRESH,0,80.0,80.0,0.0,0.0,0.0,0.0,37.250686,126.674964,,
54.49999999999904,3,NO_POSITION,DEGRADED_FEEDFORWARD,NO_POSITION,NO_POSITION,FRESH,FRESHED,STALE,FRESH,0,80.0,80.0,0.0,0.0,0.0,0.0,37.250686,126.674964,,
54.54999999999904,3,NO_POSITION,DEGRADED_FEEDFORWARD,NO_POSITION,NO_POSITION,FRESH,FRESHED,STALE,FRESH,0,80.0,80.0,0.0,0.0,0.0,0.0,37.250686,126.674964,,
54.599999999999035,3,NO_POSITION,DEGRADED_FEEDFORWARD,NO_POSITION,NO_POSITION,FRESH,FRESHED,STALE,FRESH,0,80.0,80.0,0.0,0.0,0.0,0.0,37.250686,126.674964,,
54.64999999999903,3,NO_POSITION,DEGRADED_FEEDFORWARD,NO_POSITION,NO_POSITION,FRESH,FRESHED,STALE,FRESH,0,80.0,80.0,0.0,0.0,0.0,0.0,37.250686,126.674964,,
54.69999999999903,3,NO_POSITION,DEGRADED_FEEDFORWARD,NO_POSITION,NO_POSITION,FRESH,FRESHED,STALE,STALE,0,80.0,80.0,0.0,0.0,0.0,0.0,37.250686,126.674964,,
54.74999999999903,3,NO_POSITION,DEGRADED_FEEDFORWARD,NO_POSITION,NO_POSITION,FRESH,FRESHED,STALE,STALE,0,80.0,80.0,0.0,0.0,0.0,0.0,37.250686,126.674964,,
54.799999999999024,3,NO_POSITION,DEGRADED_FEEDFORWARD,NO_POSITION,NO_POSITION,FRESH,FRESHED,STALE,STALE,0,80.0,80.0,0.0,0.0,0.0,0.0,37.250686,126.674964,,
54.84999999999902,3,NO_POSITION,DEGRADED_FEEDFORWARD,NO_POSITION,NO_POSITION,FRESH,FRESHED,STALE,STALE,0,80.0,80.0,0.0,0.0,0.0,0.0,37.250686,126.674964,,
54.89999999999902,3,NO_POSITION,DEGRADED_FEEDFORWARD,NO_POSITION,NO_POSITION,FRESH,FRESHED,STALE,STALE,0,80.0,80.0,0.0,0.0,0.0,0.0,37.250686,126.674964,,
54.949999999999015,3,NO_POSITION,DEGRADED_FEEDFORWARD,NO_POSITION,NO_POSITION,FRESH,FRESHED,STALE,STALE,0,80.0,80.0,0.0,0.0,0.0,0.0,37.250686,126.674964,,
54.99999999999901,3,NO_POSITION,DEGRADED_FEEDFORWARD,NO_POSITION,NO_POSITION,FRESH,FRESHED,STALE,STALE,0,80.0,80.0,0.0,0.0,0.0,0.0,37.250686,126.674964,,
55.04999999999901,3,NO_POSITION,DEGRADED_FEEDFORWARD,NO_POSITION,NO_POSITION,FRESH,FRESHED,STALE,STALE,0,80.0,80.0,0.0,0.0,0.0,0.0,37.250686,126.674964,,
55.09999999999901,3,NO_POSITION,DEGRADED_FEEDFORWARD,NO_POSITION,NO_POSITION,FRESH,FRESHED,STALE,STALE,0,80.0,80.0,0.0,0.0,0.0,0.0,37.250686,126.674964,,
55.149999999999004,3,NO_POSITION,DEGRADED_CLOSED_LOOP,NO_POSITION,NO_POSITION,FRESHED,FRESHED,FRESH,FRESH,0,80.0,80.0,0.0,0.0,0.0,0.0,37.250686,126.674964,,
55.199999999999,3,NO_POSITION,DEGRADED_CLOSED_LOOP,NO_POSITION,NO_POSITION,FRESHED,FRESHED,FRESH,FRESH,0,80.0,80.0,0.0,0.0,0.0,0.0,37.250686,126.674964,,
55.249999999999,3,NO_POSITION,DEGRADED_CLOSED_LOOP,NO_POSITION,NO_POSITION,FRESHED,FRESHED,FRESH,FRESH,0,80.0,80.0,0.0,0.0,0.0,0.0,37.250686,126.674964,,
55.299999999998995,3,NO_POSITION,DEGRADED_CLOSED_LOOP,NO_POSITION,NO_POSITION,FRESHED,FRESHED,FRESH,FRESH,0,80.0,80.0,0.0,0.0,0.0,0.0,37.250686,126.674964,,
55.34999999999899,3,NO_POSITION,DEGRADED_CLOSED_LOOP,NO_POSITION,NO_POSITION,FRESHED,FRESHED,FRESH,FRESH,0,80.0,80.0,0.0,0.0,0.0,0.0,37.250686,126.674964,,
55.39999999999899,3,NO_POSITION,DEGRADED_FEEDFORWARD,NO_POSITION,NO_POSITION,FRESHED,FRESHED,STALE,FRESH,0,80.0,80.0,0.0,0.0,0.0,0.0,37.250686,126.674964,,
55.44999999999899,3,NO_POSITION,DEGRADED_FEEDFORWARD,NO_POSITION,NO_POSITION,FRESHED,FRESHED,STALE,FRESH,0,80.0,80.0,0.0,0.0,0.0,0.0,37.250686,126.674964,,
55.499999999998984,3,NO_POSITION,DEGRADED_FEEDFORWARD,NO_POSITION,NO_POSITION,FRESHED,FRESHED,STALE,FRESH,0,80.0,80.0,0.0,0.0,0.0,0.0,37.250686,126.674964,,
55.54999999999898,3,NO_POSITION,DEGRADED_FEEDFORWARD,NO_POSITION,NO_POSITION,FRESHED,FRESHED,STALE,FRESH,0,80.0,80.0,0.0,0.0,0.0,0.0,37.250686,126.674964,,
55.59999999999898,3,NO_POSITION,DEGRADED_FEEDFORWARD,NO_POSITION,NO_POSITION,FRESHED,FRESHED,STALE,FRESH,0,80.0,80.0,0.0,0.0,0.0,0.0,37.250686,126.674964,,
55.649999999998975,3,NO_POSITION,DEGRADED_FEEDFORWARD,NO_POSITION,NO_POSITION,FRESHED,FRESHED,STALE,FRESH,0,80.0,80.0,0.0,0.0,0.0,0.0,37.250686,126.674964,,
55.69999999999897,3,NO_POSITION,DEGRADED_FEEDFORWARD,NO_POSITION,NO_POSITION,FRESHED,FRESHED,STALE,STALE,0,80.0,80.0,0.0,0.0,0.0,0.0,37.250686,126.674964,,
55.74999999999897,3,NO_POSITION,DEGRADED_FEEDFORWARD,NO_POSITION,NO_POSITION,FRESHED,FRESHED,STALE,STALE,0,80.0,80.0,0.0,0.0,0.0,0.0,37.250686,126.674964,,
55.79999999999897,3,NO_POSITION,DEGRADED_FEEDFORWARD,NO_POSITION,NO_POSITION,FRESHED,FRESHED,STALE,STALE,0,80.0,80.0,0.0,0.0,0.0,0.0,37.250686,126.674964,,
55.849999999998964,3,NO_POSITION,DEGRADED_FEEDFORWARD,NO_POSITION,NO_POSITION,FRESHED,FRESHED,STALE,STALE,0,80.0,80.0,0.0,0.0,0.0,0.0,37.250686,126.674964,,
55.89999999999896,3,NO_POSITION,DEGRADED_FEEDFORWARD,NO_POSITION,NO_POSITION,FRESHED,FRESHED,STALE,STALE,0,80.0,80.0,0.0,0.0,0.0,0.0,37.250686,126.674964,,
55.94999999999896,3,NO_POSITION,DEGRADED_FEEDFORWARD,NO_POSITION,NO_POSITION,FRESHED,FRESHED,STALE,STALE,0,80.0,80.0,0.0,0.0,0.0,0.0,37.250686,126.674964,,
55.999999999998956,3,NO_POSITION,DEGRADED_FEEDFORWARD,NO_POSITION,NO_POSITION,FRESHED,FRESHED,STALE,STALE,0,80.0,80.0,0.0,0.0,0.0,0.0,37.250686,126.674964,,
56.04999999999895,3,NO_POSITION,DEGRADED_FEEDFORWARD,NO_POSITION,NO_POSITION,FRESHED,FRESHED,STALE,STALE,0,80.0,80.0,0.0,0.0,0.0,0.0,37.250686,126.674964,,
56.09999999999895,3,NO_POSITION,DEGRADED_FEEDFORWARD,NO_POSITION,NO_POSITION,FRESHED,FRESHED,STALE,STALE,0,80.0,80.0,0.0,0.0,0.0,0.0,37.250686,126.674964,,
56.14999999999895,3,NO_POSITION,DEGRADED_CLOSED_LOOP,NO_POSITION,NO_POSITION,FRESHED,FRESHED,FRESH,FRESH,0,80.0,80.0,0.0,0.0,0.0,0.0,37.250686,126.674964,,
56.199999999998944,3,NO_POSITION,DEGRADED_CLOSED_LOOP,NO_POSITION,NO_POSITION,FRESHED,FRESHED,FRESH,FRESH,0,80.0,80.0,0.0,0.0,0.0,0.0,37.250686,126.674964,,
56.24999999999894,3,NO_POSITION,DEGRADED_CLOSED_LOOP,NO_POSITION,NO_POSITION,FRESHED,FRESHED,FRESH,FRESH,0,80.0,80.0,0.0,0.0,0.0,0.0,37.250686,126.674964,,
56.29999999999894,3,NO_POSITION,DEGRADED_CLOSED_LOOP,NO_POSITION,NO_POSITION,FRESHED,FRESHED,FRESH,FRESH,0,80.0,80.0,0.0,0.0,0.0,0.0,37.250686,126.674964,,
56.349999999998936,3,NO_POSITION,DEGRADED_CLOSED_LOOP,NO_POSITION,NO_POSITION,FRESHED,FRESHED,FRESH,FRESH,0,80.0,80.0,0.0,0.0,0.0,0.0,37.250686,126.674964,,
56.39999999999893,3,NO_POSITION,DEGRADED_FEEDFORWARD,NO_POSITION,NO_POSITION,FRESHED,FRESHED,STALE,FRESH,0,80.0,80.0,0.0,0.0,0.0,0.0,37.250686,126.674964,,
56.44999999999893,3,NO_POSITION,DEGRADED_FEEDFORWARD,NO_POSITION,NO_POSITION,FRESHED,FRESHED,STALE,FRESH,0,80.0,80.0,0.0,0.0,0.0,0.0,37.250686,126.674964,,
56.49999999999893,3,NO_POSITION,DEGRADED_FEEDFORWARD,NO_POSITION,NO_POSITION,FRESHED,FRESHED,STALE,FRESH,0,80.0,80.0,0.0,0.0,0.0,0.0,37.250686,126.674964,,
56.549999999998924,3,NO_POSITION,DEGRADED_FEEDFORWARD,NO_POSITION,NO_POSITION,FRESHED,FRESHED,STALE,FRESH,0,80.0,80.0,0.0,0.0,0.0,0.0,37.250686,126.674964,,
56.59999999999892,3,NO_POSITION,DEGRADED_FEEDFORWARD,NO_POSITION,NO_POSITION,FRESHED,FRESHED,STALE,FRESH,0,80.0,80.0,0.0,0.0,0.0,0.0,37.250686,126.674964,,
56.64999999999892,3,NO_POSITION,DEGRADED_FEEDFORWARD,NO_POSITION,NO_POSITION,FRESHED,FRESHED,STALE,FRESH,0,80.0,80.0,0.0,0.0,0.0,0.0,37.250686,126.674964,,
56.699999999998916,3,NO_POSITION,DEGRADED_FEEDFORWARD,NO_POSITION,NO_POSITION,FRESHED,FRESHED,STALE,STALE,0,80.0,80.0,0.0,0.0,0.0,0.0,37.250686,126.674964,,
56.74999999999891,3,NO_POSITION,DEGRADED_FEEDFORWARD,NO_POSITION,NO_POSITION,FRESHED,FRESHED,STALE,STALE,0,80.0,80.0,0.0,0.0,0.0,0.0,37.250686,126.674964,,
56.79999999999891,3,NO_POSITION,DEGRADED_FEEDFORWARD,NO_POSITION,NO_POSITION,FRESHED,FRESHED,STALE,STALE,0,80.0,80.0,0.0,0.0,0.0,0.0,37.250686,126.674964,,
56.84999999999891,3,NO_POSITION,DEGRADED_FEEDFORWARD,NO_POSITION,NO_POSITION,FRESHED,FRESHED,STALE,STALE,0,80.0,80.0,0.0,0.0,0.0,0.0,37.250686,126.674964,,
56.899999999998904,3,NO_POSITION,DEGRADED_FEEDFORWARD,NO_POSITION,NO_POSITION,FRESHED,FRESHED,STALE,STALE,0,80.0,80.0,0.0,0.0,0.0,0.0,37.250686,126.674964,,
56.9499999999989,3,NO_POSITION,DEGRADED_FEEDFORWARD,NO_POSITION,NO_POSITION,FRESHED,FRESHED,STALE,STALE,0,80.0,80.0,0.0,0.0,0.0,0.0,37.250686,126.674964,,
56.9999999999989,3,NO_POSITION,DEGRADED_FEEDFORWARD,NO_POSITION,NO_POSITION,FRESHED,FRESHED,STALE,STALE,0,80.0,80.0,0.0,0.0,0.0,0.0,37.250686,126.674964,,
57.049999999998896,3,NO_POSITION,DEGRADED_FEEDFORWARD,NO_POSITION,NO_POSITION,FRESHED,FRESHED,STALE,STALE,0,80.0,80.0,0.0,0.0,0.0,0.0,37.250686,126.674964,,
57.09999999999889,3,NO_POSITION,DEGRADED_FEEDFORWARD,NO_POSITION,NO_POSITION,FRESHED,FRESHED,STALE,STALE,0,80.0,80.0,0.0,0.0,0.0,0.0,37.250686,126.674964,,
57.14999999999889,3,NO_POSITION,DEGRADED_CLOSED_LOOP,NO_POSITION,NO_POSITION,FRESHED,FRESHED,FRESH,FRESH,0,80.0,80.0,0.0,0.0,0.0,0.0,37.250686,126.674964,,
57.19999999999889,3,NO_MOTION,FAIL,NO_MOTION,NO_MOTION,FRESHED,STALE,FRESH,FRESH,0,80.0,80.0,0.0,0.0,0.0,0.0,37.250686,126.674964,,
57.249999999998884,3,NO_MOTION,FAIL,NO_MOTION,NO_MOTION,FRESHED,STALE,FRESH,FRESH,0,80.0,80.0,0.0,0.0,0.0,0.0,37.250686,126.674964,,
57.29999999999888,3,NO_MOTION,FAIL,NO_MOTION,NO_MOTION,FRESHED,STALE,FRESH,FRESH,0,80.0,80.0,0.0,0.0,0.0,0.0,37.250686,126.674964,,
57.34999999999888,3,NO_MOTION,FAIL,NO_MOTION,NO_MOTION,FRESHED,STALE,FRESH,FRESH,0,80.0,80.0,0.0,0.0,0.0,0.0,37.250686,126.674964,,
57.399999999998876,3,NO_MOTION,FAIL,NO_MOTION,NO_MOTION,FRESHED,STALE,STALE,FRESH,0,80.0,80.0,0.0,0.0,0.0,0.0,37.250686,126.674964,,
57.44999999999887,3,NO_MOTION,FAIL,NO_MOTION,NO_MOTION,FRESHED,STALE,STALE,FRESH,0,80.0,80.0,0.0,0.0,0.0,0.0,37.250686,126.674964,,
57.49999999999887,3,NO_MOTION,FAIL,NO_MOTION,NO_MOTION,FRESHED,STALE,STALE,FRESH,0,80.0,80.0,0.0,0.0,0.0,0.0,37.250686,126.674964,,
57.54999999999887,3,NO_MOTION,FAIL,NO_MOTION,NO_MOTION,FRESHED,STALE,STALE,FRESH,0,80.0,80.0,0.0,0.0,0.0,0.0,37.250686,126.674964,,
57.599999999998865,3,NO_MOTION,FAIL,NO_MOTION,NO_MOTION,FRESHED,STALE,STALE,FRESH,0,80.0,80.0,0.0,0.0,0.0,0.0,37.250686,126.674964,,
57.64999999999886,3,NO_MOTION,FAIL,NO_MOTION,NO_MOTION,FRESHED,STALE,STALE,FRESH,0,80.0,80.0,0.0,0.0,0.0,0.0,37.250686,126.674964,,
57.69999999999886,3,NO_MOTION,FAIL,NO_MOTION,NO_MOTION,FRESHED,STALE,STALE,STALE,0,80.0,80.0,0.0,0.0,0.0,0.0,37.250686,126.674964,,
57.749999999998856,3,NO_MOTION,FAIL,NO_MOTION,NO_MOTION,FRESHED,STALE,STALE,STALE,0,80.0,80.0,0.0,0.0,0.0,0.0,37.250686,126.674964,,
57.79999999999885,3,NO_MOTION,FAIL,NO_MOTION,NO_MOTION,FRESHED,STALE,STALE,STALE,0,80.0,80.0,0.0,0.0,0.0,0.0,37.250686,126.674964,,
57.84999999999885,3,NO_MOTION,FAIL,NO_MOTION,NO_MOTION,FRESHED,STALE,STALE,STALE,0,80.0,80.0,0.0,0.0,0.0,0.0,37.250686,126.674964,,
57.89999999999885,3,NO_MOTION,FAIL,NO_MOTION,NO_MOTION,FRESHED,STALE,STALE,STALE,0,80.0,80.0,0.0,0.0,0.0,0.0,37.250686,126.674964,,
57.949999999998845,3,NO_MOTION,FAIL,NO_MOTION,NO_MOTION,FRESHED,STALE,STALE,STALE,0,80.0,80.0,0.0,0.0,0.0,0.0,37.250686,126.674964,,
57.99999999999884,3,NO_MOTION,FAIL,NO_MOTION,NO_MOTION,FRESHED,STALE,STALE,STALE,0,80.0,80.0,0.0,0.0,0.0,0.0,37.250686,126.674964,,
58.04999999999884,3,NO_MOTION,FAIL,NO_MOTION,NO_MOTION,FRESHED,STALE,STALE,STALE,0,80.0,80.0,0.0,0.0,0.0,0.0,37.250686,126.674964,,
58.099999999998836,3,NO_MOTION,FAIL,NO_MOTION,NO_MOTION,FRESHED,STALE,STALE,STALE,0,80.0,80.0,0.0,0.0,0.0,0.0,37.250686,126.674964,,
58.14999999999883,3,NO_MOTION,FAIL,NO_MOTION,NO_MOTION,FRESHED,STALE,FRESH,FRESH,0,80.0,80.0,0.0,0.0,0.0,0.0,37.250686,126.674964,,
58.19999999999883,3,NO_MOTION,FAIL,NO_MOTION,NO_MOTION,FRESHED,STALE,FRESH,FRESH,0,80.0,80.0,0.0,0.0,0.0,0.0,37.250686,126.674964,,
58.24999999999883,3,NO_MOTION,FAIL,NO_MOTION,NO_MOTION,FRESHED,STALE,FRESH,FRESH,0,80.0,80.0,0.0,0.0,0.0,0.0,37.250686,126.674964,,
58.299999999998825,3,NO_MOTION,FAIL,NO_MOTION,NO_MOTION,FRESHED,STALE,FRESH,FRESH,0,80.0,80.0,0.0,0.0,0.0,0.0,37.250686,126.674964,,
58.34999999999882,3,NO_MOTION,FAIL,NO_MOTION,NO_MOTION,FRESHED,STALE,FRESH,FRESH,0,80.0,80.0,0.0,0.0,0.0,0.0,37.250686,126.674964,,
58.39999999999882,3,NO_MOTION,FAIL,NO_MOTION,NO_MOTION,FRESHED,STALE,STALE,FRESH,0,80.0,80.0,0.0,0.0,0.0,0.0,37.250686,126.674964,,
58.449999999998816,3,NO_MOTION,FAIL,NO_MOTION,NO_MOTION,FRESHED,STALE,STALE,FRESH,0,80.0,80.0,0.0,0.0,0.0,0.0,37.250686,126.674964,,
58.49999999999881,3,NO_MOTION,FAIL,NO_MOTION,NO_MOTION,FRESHED,STALE,STALE,FRESH,0,80.0,80.0,0.0,0.0,0.0,0.0,37.250686,126.674964,,
58.54999999999881,3,NO_MOTION,FAIL,NO_MOTION,NO_MOTION,FRESHED,STALE,STALE,FRESH,0,80.0,80.0,0.0,0.0,0.0,0.0,37.250686,126.674964,,
58.59999999999881,3,NO_MOTION,FAIL,NO_MOTION,NO_MOTION,FRESHED,STALE,STALE,FRESH,0,80.0,80.0,0.0,0.0,0.0,0.0,37.250686,126.674964,,
58.649999999998805,3,NO_MOTION,FAIL,NO_MOTION,NO_MOTION,FRESHED,STALE,STALE,FRESH,0,80.0,80.0,0.0,0.0,0.0,0.0,37.250686,126.674964,,
58.6999999999988,3,NO_MOTION,FAIL,NO_MOTION,NO_MOTION,FRESHED,STALE,STALE,STALE,0,80.0,80.0,0.0,0.0,0.0,0.0,37.250686,126.674964,,
58.7499999999988,3,NO_MOTION,FAIL,NO_MOTION,NO_MOTION,FRESHED,STALE,STALE,STALE,0,80.0,80.0,0.0,0.0,0.0,0.0,37.250686,126.674964,,
58.799999999998796,3,NO_MOTION,FAIL,NO_MOTION,NO_MOTION,FRESHED,STALE,STALE,STALE,0,80.0,80.0,0.0,0.0,0.0,0.0,37.250686,126.674964,,
58.84999999999879,3,NO_MOTION,FAIL,NO_MOTION,NO_MOTION,FRESHED,STALE,STALE,STALE,0,80.0,80.0,0.0,0.0,0.0,0.0,37.250686,126.674964,,
58.89999999999879,3,NO_MOTION,FAIL,NO_MOTION,NO_MOTION,FRESHED,STALE,STALE,STALE,0,80.0,80.0,0.0,0.0,0.0,0.0,37.250686,126.674964,,
58.94999999999879,3,NO_MOTION,FAIL,NO_MOTION,NO_MOTION,FRESHED,STALE,STALE,STALE,0,80.0,80.0,0.0,0.0,0.0,0.0,37.250686,126.674964,,
58.999999999998785,3,NO_MOTION,FAIL,NO_MOTION,NO_MOTION,FRESHED,STALE,STALE,STALE,0,80.0,80.0,0.0,0.0,0.0,0.0,37.250686,126.674964,,
59.04999999999878,3,NO_MOTION,FAIL,NO_MOTION,NO_MOTION,FRESHED,STALE,STALE,STALE,0,80.0,80.0,0.0,0.0,0.0,0.0,37.250686,126.674964,,
59.09999999999878,3,NO_MOTION,FAIL,NO_MOTION,NO_MOTION,FRESHED,STALE,STALE,STALE,0,80.0,80.0,0.0,0.0,0.0,0.0,37.250686,126.674964,,
59.149999999998776,3,NO_POSITION,NOMINAL_CLOSED_LOOP,NO_POSITION,NO_POSITION,FRESH,FRESH,FRESH,FRESH,0,80.0,80.0,0.0,0.0,0.0,0.0,37.250686,126.674964,,
59.199999999998774,3,NO_POSITION,NOMINAL_CLOSED_LOOP,NO_POSITION,NO_POSITION,FRESH,FRESH,FRESH,FRESH,0,80.0,80.0,0.0,0.0,0.0,0.0,37.250686,126.674964,,
59.24999999999877,3,NO_POSITION,NOMINAL_CLOSED_LOOP,NO_POSITION,NO_POSITION,FRESH,FRESH,FRESH,FRESH,0,80.0,80.0,0.0,0.0,0.0,0.0,37.250686,126.674964,,
59.29999999999877,3,NO_POSITION,NOMINAL_CLOSED_LOOP,NO_POSITION,NO_POSITION,FRESH,FRESH,FRESH,FRESH,0,80.0,80.0,0.0,0.0,0.0,0.0,37.250686,126.674964,,
59.349999999998765,3,NO_POSITION,NOMINAL_CLOSED_LOOP,NO_POSITION,NO_POSITION,FRESH,FRESH,FRESH,FRESH,0,80.0,80.0,0.0,0.0,0.0,0.0,37.250686,126.674964,,
59.39999999999876,3,NO_POSITION,NOMINAL_FEEDFORWARD,NO_POSITION,NO_POSITION,FRESH,FRESH,STALE,FRESH,0,80.0,80.0,0.0,0.0,0.0,0.0,37.250686,126.674964,,
59.44999999999876,3,NO_POSITION,NOMINAL_FEEDFORWARD,NO_POSITION,NO_POSITION,FRESH,FRESH,STALE,FRESH,0,80.0,80.0,0.0,0.0,0.0,0.0,37.250686,126.674964,,
59.49999999999876,3,NO_POSITION,NOMINAL_FEEDFORWARD,NO_POSITION,NO_POSITION,FRESH,FRESH,STALE,FRESH,0,80.0,80.0,0.0,0.0,0.0,0.0,37.250686,126.674964,,
59.549999999998754,3,NO_POSITION,NOMINAL_FEEDFORWARD,NO_POSITION,NO_POSITION,FRESH,FRESH,STALE,FRESH,0,80.0,80.0,0.0,0.0,0.0,0.0,37.250686,126.674964,,
59.59999999999875,3,NO_POSITION,NOMINAL_FEEDFORWARD,NO_POSITION,NO_POSITION,FRESH,FRESH,STALE,FRESH,0,80.0,80.0,0.0,0.0,0.0,0.0,37.250686,126.674964,,
59.64999999999875,3,NO_POSITION,NOMINAL_FEEDFORWARD,NO_POSITION,NO_POSITION,FRESH,FRESH,STALE,FRESH,0,80.0,80.0,0.0,0.0,0.0,0.0,37.250686,126.674964,,
59.699999999998745,3,NO_POSITION,NOMINAL_FEEDFORWARD,NO_POSITION,NO_POSITION,FRESH,FRESH,STALE,STALE,0,80.0,80.0,0.0,0.0,0.0,0.0,37.250686,126.674964,,
59.74999999999874,3,NO_POSITION,NOMINAL_FEEDFORWARD,NO_POSITION,NO_POSITION,FRESH,FRESH,STALE,STALE,0,80.0,80.0,0.0,0.0,0.0,0.0,37.250686,126.674964,,
59.79999999999874,3,NO_POSITION,NOMINAL_FEEDFORWARD,NO_POSITION,NO_POSITION,FRESH,FRESH,STALE,STALE,0,80.0,80.0,0.0,0.0,0.0,0.0,37.250686,126.674964,,
59.84999999999874,3,NO_POSITION,NOMINAL_FEEDFORWARD,NO_POSITION,NO_POSITION,FRESH,FRESH,STALE,STALE,0,80.0,80.0,0.0,0.0,0.0,0.0,37.250686,126.674964,,
59.899999999998734,3,NO_POSITION,NOMINAL_FEEDFORWARD,NO_POSITION,NO_POSITION,FRESH,FRESH,STALE,STALE,0,80.0,80.0,0.0,0.0,0.0,0.0,37.250686,126.674964,,
59.94999999999873,3,NO_POSITION,NOMINAL_FEEDFORWARD,NO_POSITION,NO_POSITION,FRESH,FRESH,STALE,STALE,0,80.0,80.0,0.0,0.0,0.0,0.0,37.250686,126.674964,,
59.99999999999873,3,NO_POSITION,NOMINAL_FEEDFORWARD,NO_POSITION,NO_POSITION,FRESH,FRESH,STALE,STALE,0,80.0,80.0,0.0,0.0,0.0,0.0,37.250686,126.674964,,
60.049999999998725,3,NO_POSITION,NOMINAL_FEEDFORWARD,NO_POSITION,NO_POSITION,FRESH,FRESH,STALE,STALE,0,80.0,80.0,0.0,0.0,0.0,0.0,37.250686,126.674964,,
60.09999999999872,3,NO_POSITION,NOMINAL_FEEDFORWARD,NO_POSITION,NO_POSITION,FRESH,FRESH,STALE,STALE,0,80.0,80.0,0.0,0.0,0.0,0.0,37.250686,126.674964,,
60.14999999999872,3,NO_POSITION,DEGRADED_CLOSED_LOOP,NO_POSITION,NO_POSITION,FRESH,FRESHED,FRESH,FRESH,0,80.0,80.0,0.0,0.0,0.0,0.0,37.250686,126.674964,,
60.19999999999872,3,NO_POSITION,DEGRADED_CLOSED_LOOP,NO_POSITION,NO_POSITION,FRESH,FRESHED,FRESH,FRESH,0,80.0,80.0,0.0,0.0,0.0,0.0,37.250686,126.674964,,
60.249999999998714,3,NO_POSITION,DEGRADED_CLOSED_LOOP,NO_POSITION,NO_POSITION,FRESH,FRESHED,FRESH,FRESH,0,80.0,80.0,0.0,0.0,0.0,0.0,37.250686,126.674964,,
60.29999999999871,3,NO_POSITION,DEGRADED_CLOSED_LOOP,NO_POSITION,NO_POSITION,FRESH,FRESHED,FRESH,FRESH,0,80.0,80.0,0.0,0.0,0.0,0.0,37.250686,126.674964,,
60.34999999999871,3,NO_POSITION,DEGRADED_CLOSED_LOOP,NO_POSITION,NO_POSITION,FRESH,FRESHED,FRESH,FRESH,0,80.0,80.0,0.0,0.0,0.0,0.0,37.250686,126.674964,,
60.399999999998705,3,NO_POSITION,DEGRADED_FEEDFORWARD,NO_POSITION,NO_POSITION,FRESH,FRESHED,STALE,FRESH,0,80.0,80.0,0.0,0.0,0.0,0.0,37.250686,126.674964,,
60.4499999999987,3,NO_POSITION,DEGRADED_FEEDFORWARD,NO_POSITION,NO_POSITION,FRESH,FRESHED,STALE,FRESH,0,80.0,80.0,0.0,0.0,0.0,0.0,37.250686,126.674964,,
60.4999999999987,3,NO_POSITION,DEGRADED_FEEDFORWARD,NO_POSITION,NO_POSITION,FRESH,FRESHED,STALE,FRESH,0,80.0,80.0,0.0,0.0,0.0,0.0,37.250686,126.674964,,
60.5499999999987,3,NO_POSITION,DEGRADED_FEEDFORWARD,NO_POSITION,NO_POSITION,FRESH,FRESHED,STALE,FRESH,0,80.0,80.0,0.0,0.0,0.0,0.0,37.250686,126.674964,,
60.599999999998694,3,NO_POSITION,DEGRADED_FEEDFORWARD,NO_POSITION,NO_POSITION,FRESH,FRESHED,STALE,FRESH,0,80.0,80.0,0.0,0.0,0.0,0.0,37.250686,126.674964,,
60.64999999999869,3,NO_POSITION,DEGRADED_FEEDFORWARD,NO_POSITION,NO_POSITION,FRESH,FRESHED,STALE,FRESH,0,80.0,80.0,0.0,0.0,0.0,0.0,37.250686,126.674964,,
60.69999999999869,3,NO_POSITION,DEGRADED_FEEDFORWARD,NO_POSITION,NO_POSITION,FRESH,FRESHED,STALE,STALE,0,80.0,80.0,0.0,0.0,0.0,0.0,37.250686,126.674964,,
60.749999999998685,3,NO_POSITION,DEGRADED_FEEDFORWARD,NO_POSITION,NO_POSITION,FRESH,FRESHED,STALE,STALE,0,80.0,80.0,0.0,0.0,0.0,0.0,37.250686,126.674964,,
60.79999999999868,3,NO_POSITION,DEGRADED_FEEDFORWARD,NO_POSITION,NO_POSITION,FRESH,FRESHED,STALE,STALE,0,80.0,80.0,0.0,0.0,0.0,0.0,37.250686,126.674964,,
60.84999999999868,3,NO_POSITION,DEGRADED_FEEDFORWARD,NO_POSITION,NO_POSITION,FRESH,FRESHED,STALE,STALE,0,80.0,80.0,0.0,0.0,0.0,0.0,37.250686,126.674964,,
60.89999999999868,3,NO_POSITION,DEGRADED_FEEDFORWARD,NO_POSITION,NO_POSITION,FRESH,FRESHED,STALE,STALE,0,80.0,80.0,0.0,0.0,0.0,0.0,37.250686,126.674964,,
60.949999999998674,3,NO_POSITION,DEGRADED_FEEDFORWARD,NO_POSITION,NO_POSITION,FRESH,FRESHED,STALE,STALE,0,80.0,80.0,0.0,0.0,0.0,0.0,37.250686,126.674964,,
60.99999999999867,3,NO_POSITION,DEGRADED_FEEDFORWARD,NO_POSITION,NO_POSITION,FRESH,FRESHED,STALE,STALE,0,80.0,80.0,0.0,0.0,0.0,0.0,37.250686,126.674964,,
61.04999999999867,3,NO_POSITION,DEGRADED_FEEDFORWARD,NO_POSITION,NO_POSITION,FRESH,FRESHED,STALE,STALE,0,80.0,80.0,0.0,0.0,0.0,0.0,37.250686,126.674964,,
61.099999999998666,3,NO_POSITION,DEGRADED_FEEDFORWARD,NO_POSITION,NO_POSITION,FRESH,FRESHED,STALE,STALE,0,80.0,80.0,0.0,0.0,0.0,0.0,37.250686,126.674964,,
61.14999999999866,3,NO_POSITION,DEGRADED_CLOSED_LOOP,NO_POSITION,NO_POSITION,FRESH,FRESHED,FRESH,FRESH,0,80.0,80.0,0.0,0.0,0.0,0.0,37.250686,126.674964,,
61.19999999999866,3,NO_POSITION,DEGRADED_CLOSED_LOOP,NO_POSITION,NO_POSITION,FRESH,FRESHED,FRESH,FRESH,0,80.0,80.0,0.0,0.0,0.0,0.0,37.250686,126.674964,,
61.24999999999866,3,NO_POSITION,DEGRADED_CLOSED_LOOP,NO_POSITION,NO_POSITION,FRESH,FRESHED,FRESH,FRESH,0,80.0,80.0,0.0,0.0,0.0,0.0,37.250686,126.674964,,
61.299999999998654,3,NO_POSITION,DEGRADED_CLOSED_LOOP,NO_POSITION,NO_POSITION,FRESH,FRESHED,FRESH,FRESH,0,80.0,80.0,0.0,0.0,0.0,0.0,37.250686,126.674964,,
61.34999999999865,3,NO_POSITION,DEGRADED_CLOSED_LOOP,NO_POSITION,NO_POSITION,FRESH,FRESHED,FRESH,FRESH,0,80.0,80.0,0.0,0.0,0.0,0.0,37.250686,126.674964,,
61.39999999999865,3,NO_POSITION,DEGRADED_FEEDFORWARD,NO_POSITION,NO_POSITION,FRESH,FRESHED,STALE,FRESH,0,80.0,80.0,0.0,0.0,0.0,0.0,37.250686,126.674964,,
61.449999999998646,3,NO_POSITION,DEGRADED_FEEDFORWARD,NO_POSITION,NO_POSITION,FRESH,FRESHED,STALE,FRESH,0,80.0,80.0,0.0,0.0,0.0,0.0,37.250686,126.674964,,
61.49999999999864,3,NO_POSITION,DEGRADED_FEEDFORWARD,NO_POSITION,NO_POSITION,FRESH,FRESHED,STALE,FRESH,0,80.0,80.0,0.0,0.0,0.0,0.0,37.250686,126.674964,,
61.54999999999864,3,NO_POSITION,DEGRADED_FEEDFORWARD,NO_POSITION,NO_POSITION,FRESH,FRESHED,STALE,FRESH,0,80.0,80.0,0.0,0.0,0.0,0.0,37.250686,126.674964,,
61.59999999999864,3,NO_POSITION,DEGRADED_FEEDFORWARD,NO_POSITION,NO_POSITION,FRESH,FRESHED,STALE,FRESH,0,80.0,80.0,0.0,0.0,0.0,0.0,37.250686,126.674964,,
61.649999999998634,3,NO_POSITION,DEGRADED_FEEDFORWARD,NO_POSITION,NO_POSITION,FRESH,FRESHED,STALE,FRESH,0,80.0,80.0,0.0,0.0,0.0,0.0,37.250686,126.674964,,
61.69999999999863,3,NO_POSITION,DEGRADED_FEEDFORWARD,NO_POSITION,NO_POSITION,FRESH,FRESHED,STALE,STALE,0,80.0,80.0,0.0,0.0,0.0,0.0,37.250686,126.674964,,
61.74999999999863,3,NO_POSITION,DEGRADED_FEEDFORWARD,NO_POSITION,NO_POSITION,FRESH,FRESHED,STALE,STALE,0,80.0,80.0,0.0,0.0,0.0,0.0,37.250686,126.674964,,
61.799999999998626,3,NO_POSITION,DEGRADED_FEEDFORWARD,NO_POSITION,NO_POSITION,FRESH,FRESHED,STALE,STALE,0,80.0,80.0,0.0,0.0,0.0,0.0,37.250686,126.674964,,
61.84999999999862,3,NO_POSITION,DEGRADED_FEEDFORWARD,NO_POSITION,NO_POSITION,FRESH,FRESHED,STALE,STALE,0,80.0,80.0,0.0,0.0,0.0,0.0,37.250686,126.674964,,
61.89999999999862,3,NO_POSITION,DEGRADED_FEEDFORWARD,NO_POSITION,NO_POSITION,FRESH,FRESHED,STALE,STALE,0,80.0,80.0,0.0,0.0,0.0,0.0,37.250686,126.674964,,
61.94999999999862,3,NO_POSITION,DEGRADED_FEEDFORWARD,NO_POSITION,NO_POSITION,FRESH,FRESHED,STALE,STALE,0,80.0,80.0,0.0,0.0,0.0,0.0,37.250686,126.674964,,
61.999999999998614,3,NO_POSITION,DEGRADED_FEEDFORWARD,NO_POSITION,NO_POSITION,FRESH,FRESHED,STALE,STALE,0,80.0,80.0,0.0,0.0,0.0,0.0,37.250686,126.674964,,
62.04999999999861,3,NO_POSITION,DEGRADED_FEEDFORWARD,NO_POSITION,NO_POSITION,FRESH,FRESHED,STALE,STALE,0,80.0,80.0,0.0,0.0,0.0,0.0,37.250686,126.674964,,
62.09999999999861,3,NO_POSITION,DEGRADED_FEEDFORWARD,NO_POSITION,NO_POSITION,FRESH,FRESHED,STALE,STALE,0,80.0,80.0,0.0,0.0,0.0,0.0,37.250686,126.674964,,
62.149999999998606,3,NO_POSITION,NOMINAL_CLOSED_LOOP,NO_POSITION,NO_POSITION,FRESH,FRESH,FRESH,FRESH,0,80.0,80.0,0.0,0.0,0.0,0.0,37.250686,126.674964,,
62.1999999999986,3,NO_POSITION,NOMINAL_CLOSED_LOOP,NO_POSITION,NO_POSITION,FRESH,FRESH,FRESH,FRESH,0,80.0,80.0,0.0,0.0,0.0,0.0,37.250686,126.674964,,
62.2499999999986,3,NO_POSITION,NOMINAL_CLOSED_LOOP,NO_POSITION,NO_POSITION,FRESH,FRESH,FRESH,FRESH,0,80.0,80.0,0.0,0.0,0.0,0.0,37.250686,126.674964,,
62.2999999999986,3,NO_POSITION,NOMINAL_CLOSED_LOOP,NO_POSITION,NO_POSITION,FRESH,FRESH,FRESH,FRESH,0,80.0,80.0,0.0,0.0,0.0,0.0,37.250686,126.674964,,
62.349999999998595,3,NO_POSITION,NOMINAL_CLOSED_LOOP,NO_POSITION,NO_POSITION,FRESH,FRESH,FRESH,FRESH,0,80.0,80.0,0.0,0.0,0.0,0.0,37.250686,126.674964,,
62.39999999999859,3,NO_POSITION,NOMINAL_FEEDFORWARD,NO_POSITION,NO_POSITION,FRESH,FRESH,STALE,FRESH,0,80.0,80.0,0.0,0.0,0.0,0.0,37.250686,126.674964,,
62.44999999999859,3,NO_POSITION,NOMINAL_FEEDFORWARD,NO_POSITION,NO_POSITION,FRESH,FRESH,STALE,FRESH,0,80.0,80.0,0.0,0.0,0.0,0.0,37.250686,126.674964,,
62.499999999998586,3,NO_POSITION,NOMINAL_FEEDFORWARD,NO_POSITION,NO_POSITION,FRESH,FRESH,STALE,FRESH,0,80.0,80.0,0.0,0.0,0.0,0.0,37.250686,126.674964,,
62.54999999999858,3,NO_POSITION,NOMINAL_FEEDFORWARD,NO_POSITION,NO_POSITION,FRESH,FRESH,STALE,FRESH,0,80.0,80.0,0.0,0.0,0.0,0.0,37.250686,126.674964,,
62.59999999999858,3,NO_POSITION,NOMINAL_FEEDFORWARD,NO_POSITION,NO_POSITION,FRESH,FRESH,STALE,FRESH,0,80.0,80.0,0.0,0.0,0.0,0.0,37.250686,126.674964,,
62.64999999999858,3,NO_POSITION,NOMINAL_FEEDFORWARD,NO_POSITION,NO_POSITION,FRESH,FRESH,STALE,FRESH,0,80.0,80.0,0.0,0.0,0.0,0.0,37.250686,126.674964,,
62.699999999998575,3,NO_POSITION,NOMINAL_FEEDFORWARD,NO_POSITION,NO_POSITION,FRESH,FRESH,STALE,STALE,0,80.0,80.0,0.0,0.0,0.0,0.0,37.250686,126.674964,,
62.74999999999857,3,NO_POSITION,NOMINAL_FEEDFORWARD,NO_POSITION,NO_POSITION,FRESH,FRESH,STALE,STALE,0,80.0,80.0,0.0,0.0,0.0,0.0,37.250686,126.674964,,
62.79999999999857,3,NO_POSITION,NOMINAL_FEEDFORWARD,NO_POSITION,NO_POSITION,FRESH,FRESH,STALE,STALE,0,80.0,80.0,0.0,0.0,0.0,0.0,37.250686,126.674964,,
62.849999999998566,3,NO_POSITION,NOMINAL_FEEDFORWARD,NO_POSITION,NO_POSITION,FRESH,FRESH,STALE,STALE,0,80.0,80.0,0.0,0.0,0.0,0.0,37.250686,126.674964,,
62.89999999999856,3,NO_POSITION,NOMINAL_FEEDFORWARD,NO_POSITION,NO_POSITION,FRESH,FRESH,STALE,STALE,0,80.0,80.0,0.0,0.0,0.0,0.0,37.250686,126.674964,,
62.94999999999856,3,NO_POSITION,NOMINAL_FEEDFORWARD,NO_POSITION,NO_POSITION,FRESH,FRESH,STALE,STALE,0,80.0,80.0,0.0,0.0,0.0,0.0,37.250686,126.674964,,
62.99999999999856,3,NO_POSITION,NOMINAL_FEEDFORWARD,NO_POSITION,NO_POSITION,FRESH,FRESH,STALE,STALE,0,80.0,80.0,0.0,0.0,0.0,0.0,37.250686,126.674964,,
63.049999999998555,3,NO_POSITION,NOMINAL_FEEDFORWARD,NO_POSITION,NO_POSITION,FRESH,FRESH,STALE,STALE,0,80.0,80.0,0.0,0.0,0.0,0.0,37.250686,126.674964,,
63.09999999999855,3,NO_POSITION,NOMINAL_FEEDFORWARD,NO_POSITION,NO_POSITION,FRESH,FRESH,STALE,STALE,0,80.0,80.0,0.0,0.0,0.0,0.0,37.250686,126.674964,,
63.14999999999855,3,NO_POSITION,DEGRADED_CLOSED_LOOP,NO_POSITION,NO_POSITION,FRESH,FRESHED,FRESH,FRESH,0,80.0,80.0,0.0,0.0,0.0,0.0,37.250686,126.674964,,
63.199999999998546,3,NO_POSITION,DEGRADED_CLOSED_LOOP,NO_POSITION,NO_POSITION,FRESH,FRESHED,FRESH,FRESH,0,80.0,80.0,0.0,0.0,0.0,0.0,37.250686,126.674964,,
63.24999999999854,3,NO_POSITION,DEGRADED_CLOSED_LOOP,NO_POSITION,NO_POSITION,FRESH,FRESHED,FRESH,FRESH,0,80.0,80.0,0.0,0.0,0.0,0.0,37.250686,126.674964,,
63.29999999999854,3,NO_POSITION,DEGRADED_CLOSED_LOOP,NO_POSITION,NO_POSITION,FRESH,FRESHED,FRESH,FRESH,0,80.0,80.0,0.0,0.0,0.0,0.0,37.250686,126.674964,,
63.34999999999854,3,NO_POSITION,DEGRADED_CLOSED_LOOP,NO_POSITION,NO_POSITION,FRESH,FRESHED,FRESH,FRESH,0,80.0,80.0,0.0,0.0,0.0,0.0,37.250686,126.674964,,
63.399999999998535,3,NO_POSITION,DEGRADED_FEEDFORWARD,NO_POSITION,NO_POSITION,FRESH,FRESHED,STALE,FRESH,0,80.0,80.0,0.0,0.0,0.0,0.0,37.250686,126.674964,,
63.44999999999853,3,NO_POSITION,DEGRADED_FEEDFORWARD,NO_POSITION,NO_POSITION,FRESH,FRESHED,STALE,FRESH,0,80.0,80.0,0.0,0.0,0.0,0.0,37.250686,126.674964,,
63.49999999999853,3,NO_POSITION,DEGRADED_FEEDFORWARD,NO_POSITION,NO_POSITION,FRESH,FRESHED,STALE,FRESH,0,80.0,80.0,0.0,0.0,0.0,0.0,37.250686,126.674964,,
63.549999999998526,3,NO_POSITION,DEGRADED_FEEDFORWARD,NO_POSITION,NO_POSITION,FRESH,FRESHED,STALE,FRESH,0,80.0,80.0,0.0,0.0,0.0,0.0,37.250686,126.674964,,
63.59999999999852,3,NO_POSITION,DEGRADED_FEEDFORWARD,NO_POSITION,NO_POSITION,FRESH,FRESHED,STALE,FRESH,0,80.0,80.0,0.0,0.0,0.0,0.0,37.250686,126.674964,,
63.64999999999852,3,NO_POSITION,DEGRADED_FEEDFORWARD,NO_POSITION,NO_POSITION,FRESH,FRESHED,STALE,FRESH,0,80.0,80.0,0.0,0.0,0.0,0.0,37.250686,126.674964,,
63.69999999999852,3,NO_POSITION,DEGRADED_FEEDFORWARD,NO_POSITION,NO_POSITION,FRESH,FRESHED,STALE,STALE,0,80.0,80.0,0.0,0.0,0.0,0.0,37.250686,126.674964,,
63.749999999998515,3,NO_POSITION,DEGRADED_FEEDFORWARD,NO_POSITION,NO_POSITION,FRESH,FRESHED,STALE,STALE,0,80.0,80.0,0.0,0.0,0.0,0.0,37.250686,126.674964,,
63.79999999999851,3,NO_POSITION,DEGRADED_FEEDFORWARD,NO_POSITION,NO_POSITION,FRESH,FRESHED,STALE,STALE,0,80.0,80.0,0.0,0.0,0.0,0.0,37.250686,126.674964,,
63.84999999999851,3,NO_POSITION,DEGRADED_FEEDFORWARD,NO_POSITION,NO_POSITION,FRESH,FRESHED,STALE,STALE,0,80.0,80.0,0.0,0.0,0.0,0.0,37.250686,126.674964,,
63.899999999998506,3,NO_POSITION,DEGRADED_FEEDFORWARD,NO_POSITION,NO_POSITION,FRESH,FRESHED,STALE,STALE,0,80.0,80.0,0.0,0.0,0.0,0.0,37.250686,126.674964,,
63.949999999998504,3,NO_POSITION,DEGRADED_FEEDFORWARD,NO_POSITION,NO_POSITION,FRESH,FRESHED,STALE,STALE,0,80.0,80.0,0.0,0.0,0.0,0.0,37.250686,126.674964,,
63.9999999999985,3,NO_POSITION,DEGRADED_FEEDFORWARD,NO_POSITION,NO_POSITION,FRESH,FRESHED,STALE,STALE,0,80.0,80.0,0.0,0.0,0.0,0.0,37.250686,126.674964,,
64.0499999999985,3,NO_POSITION,DEGRADED_FEEDFORWARD,NO_POSITION,NO_POSITION,FRESH,FRESHED,STALE,STALE,0,80.0,80.0,0.0,0.0,0.0,0.0,37.250686,126.674964,,
64.0999999999985,3,NO_POSITION,DEGRADED_FEEDFORWARD,NO_POSITION,NO_POSITION,FRESH,FRESHED,STALE,STALE,0,80.0,80.0,0.0,0.0,0.0,0.0,37.250686,126.674964,,
64.1499999999985,3,NO_POSITION,DEGRADED_CLOSED_LOOP,NO_POSITION,NO_POSITION,FRESHED,FRESHED,FRESH,FRESH,0,80.0,80.0,0.0,0.0,0.0,0.0,37.250686,126.674964,,
64.1999999999985,3,NO_POSITION,DEGRADED_CLOSED_LOOP,NO_POSITION,NO_POSITION,FRESHED,FRESHED,FRESH,FRESH,0,80.0,80.0,0.0,0.0,0.0,0.0,37.250686,126.674964,,
64.2499999999985,3,NO_POSITION,DEGRADED_CLOSED_LOOP,NO_POSITION,NO_POSITION,FRESHED,FRESHED,FRESH,FRESH,0,80.0,80.0,0.0,0.0,0.0,0.0,37.250686,126.674964,,
64.29999999999849,3,NO_POSITION,DEGRADED_CLOSED_LOOP,NO_POSITION,NO_POSITION,FRESHED,FRESHED,FRESH,FRESH,0,80.0,80.0,0.0,0.0,0.0,0.0,37.250686,126.674964,,
64.34999999999849,3,NO_POSITION,DEGRADED_CLOSED_LOOP,NO_POSITION,NO_POSITION,FRESHED,FRESHED,FRESH,FRESH,0,80.0,80.0,0.0,0.0,0.0,0.0,37.250686,126.674964,,
64.39999999999849,3,NO_POSITION,DEGRADED_FEEDFORWARD,NO_POSITION,NO_POSITION,FRESHED,FRESHED,STALE,FRESH,0,80.0,80.0,0.0,0.0,0.0,0.0,37.250686,126.674964,,
64.44999999999848,3,NO_POSITION,DEGRADED_FEEDFORWARD,NO_POSITION,NO_POSITION,FRESHED,FRESHED,STALE,FRESH,0,80.0,80.0,0.0,0.0,0.0,0.0,37.250686,126.674964,,
64.49999999999848,3,NO_POSITION,DEGRADED_FEEDFORWARD,NO_POSITION,NO_POSITION,FRESHED,FRESHED,STALE,FRESH,0,80.0,80.0,0.0,0.0,0.0,0.0,37.250686,126.674964,,
64.54999999999848,3,NO_POSITION,DEGRADED_FEEDFORWARD,NO_POSITION,NO_POSITION,FRESHED,FRESHED,STALE,FRESH,0,80.0,80.0,0.0,0.0,0.0,0.0,37.250686,126.674964,,
64.59999999999847,3,NO_POSITION,DEGRADED_FEEDFORWARD,NO_POSITION,NO_POSITION,FRESHED,FRESHED,STALE,FRESH,0,80.0,80.0,0.0,0.0,0.0,0.0,37.250686,126.674964,,
64.64999999999847,3,NO_POSITION,DEGRADED_FEEDFORWARD,NO_POSITION,NO_POSITION,FRESHED,FRESHED,STALE,FRESH,0,80.0,80.0,0.0,0.0,0.0,0.0,37.250686,126.674964,,
64.69999999999847,3,NO_POSITION,DEGRADED_FEEDFORWARD,NO_POSITION,NO_POSITION,FRESHED,FRESHED,STALE,STALE,0,80.0,80.0,0.0,0.0,0.0,0.0,37.250686,126.674964,,
64.74999999999847,3,NO_POSITION,DEGRADED_FEEDFORWARD,NO_POSITION,NO_POSITION,FRESHED,FRESHED,STALE,STALE,0,80.0,80.0,0.0,0.0,0.0,0.0,37.250686,126.674964,,
64.79999999999846,3,NO_POSITION,DEGRADED_FEEDFORWARD,NO_POSITION,NO_POSITION,FRESHED,FRESHED,STALE,STALE,0,80.0,80.0,0.0,0.0,0.0,0.0,37.250686,126.674964,,
64.84999999999846,3,NO_POSITION,DEGRADED_FEEDFORWARD,NO_POSITION,NO_POSITION,FRESHED,FRESHED,STALE,STALE,0,80.0,80.0,0.0,0.0,0.0,0.0,37.250686,126.674964,,
64.89999999999846,3,NO_POSITION,DEGRADED_FEEDFORWARD,NO_POSITION,NO_POSITION,FRESHED,FRESHED,STALE,STALE,0,80.0,80.0,0.0,0.0,0.0,0.0,37.250686,126.674964,,
64.94999999999845,3,NO_POSITION,DEGRADED_FEEDFORWARD,NO_POSITION,NO_POSITION,FRESHED,FRESHED,STALE,STALE,0,80.0,80.0,0.0,0.0,0.0,0.0,37.250686,126.674964,,
64.99999999999845,3,NO_POSITION,DEGRADED_FEEDFORWARD,NO_POSITION,NO_POSITION,FRESHED,FRESHED,STALE,STALE,0,80.0,80.0,0.0,0.0,0.0,0.0,37.250686,126.674964,,
65.04999999999845,3,NO_POSITION,DEGRADED_FEEDFORWARD,NO_POSITION,NO_POSITION,FRESHED,FRESHED,STALE,STALE,0,80.0,80.0,0.0,0.0,0.0,0.0,37.250686,126.674964,,
65.09999999999845,3,NO_POSITION,DEGRADED_FEEDFORWARD,NO_POSITION,NO_POSITION,FRESHED,FRESHED,STALE,STALE,0,80.0,80.0,0.0,0.0,0.0,0.0,37.250686,126.674964,,
65.14999999999844,3,NO_POSITION,DEGRADED_CLOSED_LOOP,NO_POSITION,NO_POSITION,FRESHED,FRESHED,FRESH,FRESH,0,80.0,80.0,0.0,0.0,0.0,0.0,37.250686,126.674964,,
65.19999999999844,3,NO_POSITION,DEGRADED_CLOSED_LOOP,NO_POSITION,NO_POSITION,FRESHED,FRESHED,FRESH,FRESH,0,80.0,80.0,0.0,0.0,0.0,0.0,37.250686,126.674964,,
65.24999999999844,3,NO_POSITION,DEGRADED_CLOSED_LOOP,NO_POSITION,NO_POSITION,FRESHED,FRESHED,FRESH,FRESH,0,80.0,80.0,0.0,0.0,0.0,0.0,37.250686,126.674964,,
65.29999999999843,3,NO_POSITION,DEGRADED_CLOSED_LOOP,NO_POSITION,NO_POSITION,FRESHED,FRESHED,FRESH,FRESH,0,80.0,80.0,0.0,0.0,0.0,0.0,37.250686,126.674964,,
65.34999999999843,3,NO_POSITION,DEGRADED_CLOSED_LOOP,NO_POSITION,NO_POSITION,FRESHED,FRESHED,FRESH,FRESH,0,80.0,80.0,0.0,0.0,0.0,0.0,37.250686,126.674964,,
65.39999999999843,3,NO_POSITION,DEGRADED_FEEDFORWARD,NO_POSITION,NO_POSITION,FRESHED,FRESHED,STALE,FRESH,0,80.0,80.0,0.0,0.0,0.0,0.0,37.250686,126.674964,,
65.44999999999843,3,NO_POSITION,DEGRADED_FEEDFORWARD,NO_POSITION,NO_POSITION,FRESHED,FRESHED,STALE,FRESH,0,80.0,80.0,0.0,0.0,0.0,0.0,37.250686,126.674964,,
65.49999999999842,3,NO_POSITION,DEGRADED_FEEDFORWARD,NO_POSITION,NO_POSITION,FRESHED,FRESHED,STALE,FRESH,0,80.0,80.0,0.0,0.0,0.0,0.0,37.250686,126.674964,,
65.54999999999842,3,NO_POSITION,DEGRADED_FEEDFORWARD,NO_POSITION,NO_POSITION,FRESHED,FRESHED,STALE,FRESH,0,80.0,80.0,0.0,0.0,0.0,0.0,37.250686,126.674964,,
65.59999999999842,3,NO_POSITION,DEGRADED_FEEDFORWARD,NO_POSITION,NO_POSITION,FRESHED,FRESHED,STALE,FRESH,0,80.0,80.0,0.0,0.0,0.0,0.0,37.250686,126.674964,,
65.64999999999841,3,NO_POSITION,DEGRADED_FEEDFORWARD,NO_POSITION,NO_POSITION,FRESHED,FRESHED,STALE,FRESH,0,80.0,80.0,0.0,0.0,0.0,0.0,37.250686,126.674964,,
65.69999999999841,3,NO_POSITION,DEGRADED_FEEDFORWARD,NO_POSITION,NO_POSITION,FRESHED,FRESHED,STALE,STALE,0,80.0,80.0,0.0,0.0,0.0,0.0,37.250686,126.674964,,
65.74999999999841,3,NO_POSITION,DEGRADED_FEEDFORWARD,NO_POSITION,NO_POSITION,FRESHED,FRESHED,STALE,STALE,0,80.0,80.0,0.0,0.0,0.0,0.0,37.250686,126.674964,,
65.7999999999984,3,NO_POSITION,DEGRADED_FEEDFORWARD,NO_POSITION,NO_POSITION,FRESHED,FRESHED,STALE,STALE,0,80.0,80.0,0.0,0.0,0.0,0.0,37.250686,126.674964,,
65.8499999999984,3,NO_POSITION,DEGRADED_FEEDFORWARD,NO_POSITION,NO_POSITION,FRESHED,FRESHED,STALE,STALE,0,80.0,80.0,0.0,0.0,0.0,0.0,37.250686,126.674964,,
65.8999999999984,3,NO_POSITION,DEGRADED_FEEDFORWARD,NO_POSITION,NO_POSITION,FRESHED,FRESHED,STALE,STALE,0,80.0,80.0,0.0,0.0,0.0,0.0,37.250686,126.674964,,
65.9499999999984,3,NO_POSITION,DEGRADED_FEEDFORWARD,NO_POSITION,NO_POSITION,FRESHED,FRESHED,STALE,STALE,0,80.0,80.0,0.0,0.0,0.0,0.0,37.250686,126.674964,,
65.9999999999984,3,NO_POSITION,DEGRADED_FEEDFORWARD,NO_POSITION,NO_POSITION,FRESHED,FRESHED,STALE,STALE,0,80.0,80.0,0.0,0.0,0.0,0.0,37.250686,126.674964,,
66.04999999999839,3,NO_POSITION,DEGRADED_FEEDFORWARD,NO_POSITION,NO_POSITION,FRESHED,FRESHED,STALE,STALE,0,80.0,80.0,0.0,0.0,0.0,0.0,37.250686,126.674964,,
66.09999999999839,3,NO_POSITION,DEGRADED_FEEDFORWARD,NO_POSITION,NO_POSITION,FRESHED,FRESHED,STALE,STALE,0,80.0,80.0,0.0,0.0,0.0,0.0,37.250686,126.674964,,
66.14999999999839,3,NO_POSITION,DEGRADED_CLOSED_LOOP,NO_POSITION,NO_POSITION,FRESHED,FRESHED,FRESH,FRESH,0,80.0,80.0,0.0,0.0,0.0,0.0,37.250686,126.674964,,
66.19999999999838,3,NO_POSITION,DEGRADED_CLOSED_LOOP,NO_POSITION,NO_POSITION,FRESHED,FRESHED,FRESH,FRESH,0,80.0,80.0,0.0,0.0,0.0,0.0,37.250686,126.674964,,
66.24999999999838,3,NO_POSITION,DEGRADED_CLOSED_LOOP,NO_POSITION,NO_POSITION,FRESHED,FRESHED,FRESH,FRESH,0,80.0,80.0,0.0,0.0,0.0,0.0,37.250686,126.674964,,
66.29999999999838,3,NO_POSITION,DEGRADED_CLOSED_LOOP,NO_POSITION,NO_POSITION,FRESHED,FRESHED,FRESH,FRESH,0,80.0,80.0,0.0,0.0,0.0,0.0,37.250686,126.674964,,
66.34999999999837,3,NO_POSITION,DEGRADED_CLOSED_LOOP,NO_POSITION,NO_POSITION,FRESHED,FRESHED,FRESH,FRESH,0,80.0,80.0,0.0,0.0,0.0,0.0,37.250686,126.674964,,
66.39999999999837,3,NO_POSITION,DEGRADED_FEEDFORWARD,NO_POSITION,NO_POSITION,FRESHED,FRESHED,STALE,FRESH,0,80.0,80.0,0.0,0.0,0.0,0.0,37.250686,126.674964,,
66.44999999999837,3,NO_POSITION,DEGRADED_FEEDFORWARD,NO_POSITION,NO_POSITION,FRESHED,FRESHED,STALE,FRESH,0,80.0,80.0,0.0,0.0,0.0,0.0,37.250686,126.674964,,
66.49999999999837,3,NO_POSITION,DEGRADED_FEEDFORWARD,NO_POSITION,NO_POSITION,FRESHED,FRESHED,STALE,FRESH,0,80.0,80.0,0.0,0.0,0.0,0.0,37.250686,126.674964,,
66.54999999999836,3,NO_POSITION,DEGRADED_FEEDFORWARD,NO_POSITION,NO_POSITION,FRESHED,FRESHED,STALE,FRESH,0,80.0,80.0,0.0,0.0,0.0,0.0,37.250686,126.674964,,
66.59999999999836,3,NO_POSITION,DEGRADED_FEEDFORWARD,NO_POSITION,NO_POSITION,FRESHED,FRESHED,STALE,FRESH,0,80.0,80.0,0.0,0.0,0.0,0.0,37.250686,126.674964,,
66.64999999999836,3,NO_POSITION,DEGRADED_FEEDFORWARD,NO_POSITION,NO_POSITION,FRESHED,FRESHED,STALE,FRESH,0,80.0,80.0,0.0,0.0,0.0,0.0,37.250686,126.674964,,
66.69999999999835,3,NO_POSITION,DEGRADED_FEEDFORWARD,NO_POSITION,NO_POSITION,FRESHED,FRESHED,STALE,STALE,0,80.0,80.0,0.0,0.0,0.0,0.0,37.250686,126.674964,,
66.74999999999835,3,NO_POSITION,DEGRADED_FEEDFORWARD,NO_POSITION,NO_POSITION,FRESHED,FRESHED,STALE,STALE,0,80.0,80.0,0.0,0.0,0.0,0.0,37.250686,126.674964,,
66.79999999999835,3,NO_POSITION,DEGRADED_FEEDFORWARD,NO_POSITION,NO_POSITION,FRESHED,FRESHED,STALE,STALE,0,80.0,80.0,0.0,0.0,0.0,0.0,37.250686,126.674964,,
66.84999999999835,3,NO_POSITION,DEGRADED_FEEDFORWARD,NO_POSITION,NO_POSITION,FRESHED,FRESHED,STALE,STALE,0,80.0,80.0,0.0,0.0,0.0,0.0,37.250686,126.674964,,
66.89999999999834,3,NO_POSITION,DEGRADED_FEEDFORWARD,NO_POSITION,NO_POSITION,FRESHED,FRESHED,STALE,STALE,0,80.0,80.0,0.0,0.0,0.0,0.0,37.250686,126.674964,,
66.94999999999834,3,NO_POSITION,DEGRADED_FEEDFORWARD,NO_POSITION,NO_POSITION,FRESHED,FRESHED,STALE,STALE,0,80.0,80.0,0.0,0.0,0.0,0.0,37.250686,126.674964,,
66.99999999999834,3,NO_POSITION,DEGRADED_FEEDFORWARD,NO_POSITION,NO_POSITION,FRESHED,FRESHED,STALE,STALE,0,80.0,80.0,0.0,0.0,0.0,0.0,37.250686,126.674964,,
67.04999999999833,3,NO_POSITION,DEGRADED_FEEDFORWARD,NO_POSITION,NO_POSITION,FRESHED,FRESHED,STALE,STALE,0,80.0,80.0,0.0,0.0,0.0,0.0,37.250686,126.674964,,
67.09999999999833,3,NO_POSITION,DEGRADED_FEEDFORWARD,NO_POSITION,NO_POSITION,FRESHED,FRESHED,STALE,STALE,0,80.0,80.0,0.0,0.0,0.0,0.0,37.250686,126.674964,,
67.14999999999833,3,NO_POSITION,FAIL,NO_POSITION,NO_POSITION,STALE,FRESHED,FRESH,FRESH,0,80.0,80.0,0.0,0.0,0.0,0.0,37.250686,126.674964,,
67.19999999999833,3,NO_POSITION,FAIL,NO_POSITION,NO_POSITION,STALE,STALE,FRESH,FRESH,0,80.0,80.0,0.0,0.0,0.0,0.0,37.250686,126.674964,,
67.24999999999832,3,NO_POSITION,FAIL,NO_POSITION,NO_POSITION,STALE,STALE,FRESH,FRESH,0,80.0,80.0,0.0,0.0,0.0,0.0,37.250686,126.674964,,
67.29999999999832,3,NO_POSITION,FAIL,NO_POSITION,NO_POSITION,STALE,STALE,FRESH,FRESH,0,80.0,80.0,0.0,0.0,0.0,0.0,37.250686,126.674964,,
67.34999999999832,3,NO_POSITION,FAIL,NO_POSITION,NO_POSITION,STALE,STALE,FRESH,FRESH,0,80.0,80.0,0.0,0.0,0.0,0.0,37.250686,126.674964,,
67.39999999999831,3,NO_POSITION,FAIL,NO_POSITION,NO_POSITION,STALE,STALE,STALE,FRESH,0,80.0,80.0,0.0,0.0,0.0,0.0,37.250686,126.674964,,
67.44999999999831,3,NO_POSITION,FAIL,NO_POSITION,NO_POSITION,STALE,STALE,STALE,FRESH,0,80.0,80.0,0.0,0.0,0.0,0.0,37.250686,126.674964,,
67.49999999999831,3,NO_POSITION,FAIL,NO_POSITION,NO_POSITION,STALE,STALE,STALE,FRESH,0,80.0,80.0,0.0,0.0,0.0,0.0,37.250686,126.674964,,
67.5499999999983,3,NO_POSITION,FAIL,NO_POSITION,NO_POSITION,STALE,STALE,STALE,FRESH,0,80.0,80.0,0.0,0.0,0.0,0.0,37.250686,126.674964,,
67.5999999999983,3,NO_POSITION,FAIL,NO_POSITION,NO_POSITION,STALE,STALE,STALE,FRESH,0,80.0,80.0,0.0,0.0,0.0,0.0,37.250686,126.674964,,
67.6499999999983,3,NO_POSITION,FAIL,NO_POSITION,NO_POSITION,STALE,STALE,STALE,FRESH,0,80.0,80.0,0.0,0.0,0.0,0.0,37.250686,126.674964,,
67.6999999999983,3,SENSOR_BLACKOUT,FAIL,SENSOR_BLACKOUT,SENSOR_BLACKOUT,STALE,STALE,STALE,STALE,0,80.0,80.0,0.0,0.0,0.0,0.0,37.250686,126.674964,,
67.7499999999983,3,SENSOR_BLACKOUT,FAIL,SENSOR_BLACKOUT,SENSOR_BLACKOUT,STALE,STALE,STALE,STALE,0,80.0,80.0,0.0,0.0,0.0,0.0,37.250686,126.674964,,
67.79999999999829,3,SENSOR_BLACKOUT,FAIL,SENSOR_BLACKOUT,SENSOR_BLACKOUT,STALE,STALE,STALE,STALE,0,80.0,80.0,0.0,0.0,0.0,0.0,37.250686,126.674964,,
67.84999999999829,3,SENSOR_BLACKOUT,FAIL,SENSOR_BLACKOUT,SENSOR_BLACKOUT,STALE,STALE,STALE,STALE,0,80.0,80.0,0.0,0.0,0.0,0.0,37.250686,126.674964,,
67.89999999999829,3,SENSOR_BLACKOUT,FAIL,SENSOR_BLACKOUT,SENSOR_BLACKOUT,STALE,STALE,STALE,STALE,0,80.0,80.0,0.0,0.0,0.0,0.0,37.250686,126.674964,,
67.94999999999828,3,SENSOR_BLACKOUT,FAIL,SENSOR_BLACKOUT,SENSOR_BLACKOUT,STALE,STALE,STALE,STALE,0,80.0,80.0,0.0,0.0,0.0,0.0,37.250686,126.674964,,
67.99999999999828,3,SENSOR_BLACKOUT,FAIL,SENSOR_BLACKOUT,SENSOR_BLACKOUT,STALE,STALE,STALE,STALE,0,80.0,80.0,0.0,0.0,0.0,0.0,37.250686,126.674964,,
68.04999999999828,3,SENSOR_BLACKOUT,FAIL,SENSOR_BLACKOUT,SENSOR_BLACKOUT,STALE,STALE,STALE,STALE,0,80.0,80.0,0.0,0.0,0.0,0.0,37.250686,126.674964,,
68.09999999999827,3,SENSOR_BLACKOUT,FAIL,SENSOR_BLACKOUT,SENSOR_BLACKOUT,STALE,STALE,STALE,STALE,0,80.0,80.0,0.0,0.0,0.0,0.0,37.250686,126.674964,,
68.14999999999827,3,NO_POSITION,FAIL,NO_POSITION,NO_POSITION,STALE,STALE,FRESH,FRESH,0,80.0,80.0,0.0,0.0,0.0,0.0,37.250686,126.674964,,
68.19999999999827,3,NO_POSITION,FAIL,NO_POSITION,NO_POSITION,STALE,STALE,FRESH,FRESH,0,80.0,80.0,0.0,0.0,0.0,0.0,37.250686,126.674964,,
68.24999999999827,3,NO_POSITION,FAIL,NO_POSITION,NO_POSITION,STALE,STALE,FRESH,FRESH,0,80.0,80.0,0.0,0.0,0.0,0.0,37.250686,126.674964,,
68.29999999999826,3,NO_POSITION,FAIL,NO_POSITION,NO_POSITION,STALE,STALE,FRESH,FRESH,0,80.0,80.0,0.0,0.0,0.0,0.0,37.250686,126.674964,,
68.34999999999826,3,NO_POSITION,FAIL,NO_POSITION,NO_POSITION,STALE,STALE,FRESH,FRESH,0,80.0,80.0,0.0,0.0,0.0,0.0,37.250686,126.674964,,
68.39999999999826,3,NO_POSITION,FAIL,NO_POSITION,NO_POSITION,STALE,STALE,STALE,FRESH,0,80.0,80.0,0.0,0.0,0.0,0.0,37.250686,126.674964,,
68.44999999999825,3,NO_POSITION,FAIL,NO_POSITION,NO_POSITION,STALE,STALE,STALE,FRESH,0,80.0,80.0,0.0,0.0,0.0,0.0,37.250686,126.674964,,
68.49999999999825,3,NO_POSITION,FAIL,NO_POSITION,NO_POSITION,STALE,STALE,STALE,FRESH,0,80.0,80.0,0.0,0.0,0.0,0.0,37.250686,126.674964,,
68.54999999999825,3,NO_POSITION,FAIL,NO_POSITION,NO_POSITION,STALE,STALE,STALE,FRESH,0,80.0,80.0,0.0,0.0,0.0,0.0,37.250686,126.674964,,
68.59999999999825,3,NO_POSITION,FAIL,NO_POSITION,NO_POSITION,STALE,STALE,STALE,FRESH,0,80.0,80.0,0.0,0.0,0.0,0.0,37.250686,126.674964,,
68.64999999999824,3,NO_POSITION,FAIL,NO_POSITION,NO_POSITION,STALE,STALE,STALE,FRESH,0,80.0,80.0,0.0,0.0,0.0,0.0,37.250686,126.674964,,
68.69999999999824,3,SENSOR_BLACKOUT,FAIL,SENSOR_BLACKOUT,SENSOR_BLACKOUT,STALE,STALE,STALE,STALE,0,80.0,80.0,0.0,0.0,0.0,0.0,37.250686,126.674964,,
68.74999999999824,3,SENSOR_BLACKOUT,FAIL,SENSOR_BLACKOUT,SENSOR_BLACKOUT,STALE,STALE,STALE,STALE,0,80.0,80.0,0.0,0.0,0.0,0.0,37.250686,126.674964,,
68.79999999999824,3,SENSOR_BLACKOUT,FAIL,SENSOR_BLACKOUT,SENSOR_BLACKOUT,STALE,STALE,STALE,STALE,0,80.0,80.0,0.0,0.0,0.0,0.0,37.250686,126.674964,,
68.84999999999823,3,SENSOR_BLACKOUT,FAIL,SENSOR_BLACKOUT,SENSOR_BLACKOUT,STALE,STALE,STALE,STALE,0,80.0,80.0,0.0,0.0,0.0,0.0,37.250686,126.674964,,
68.89999999999823,3,SENSOR_BLACKOUT,FAIL,SENSOR_BLACKOUT,SENSOR_BLACKOUT,STALE,STALE,STALE,STALE,0,80.0,80.0,0.0,0.0,0.0,0.0,37.250686,126.674964,,
68.94999999999823,3,SENSOR_BLACKOUT,FAIL,SENSOR_BLACKOUT,SENSOR_BLACKOUT,STALE,STALE,STALE,STALE,0,80.0,80.0,0.0,0.0,0.0,0.0,37.250686,126.674964,,
68.99999999999822,3,SENSOR_BLACKOUT,FAIL,SENSOR_BLACKOUT,SENSOR_BLACKOUT,STALE,STALE,STALE,STALE,0,80.0,80.0,0.0,0.0,0.0,0.0,37.250686,126.674964,,
69.04999999999822,3,SENSOR_BLACKOUT,FAIL,SENSOR_BLACKOUT,SENSOR_BLACKOUT,STALE,STALE,STALE,STALE,0,80.0,80.0,0.0,0.0,0.0,0.0,37.250686,126.674964,,
69.09999999999822,3,SENSOR_BLACKOUT,FAIL,SENSOR_BLACKOUT,SENSOR_BLACKOUT,STALE,STALE,STALE,STALE,0,80.0,80.0,0.0,0.0,0.0,0.0,37.250686,126.674964,,
69.14999999999822,3,NO_POSITION,FAIL,NO_POSITION,NO_POSITION,STALE,STALE,FRESH,FRESH,0,80.0,80.0,0.0,0.0,0.0,0.0,37.250686,126.674964,,
69.19999999999821,3,NO_POSITION,FAIL,NO_POSITION,NO_POSITION,STALE,STALE,FRESH,FRESH,0,80.0,80.0,0.0,0.0,0.0,0.0,37.250686,126.674964,,
69.24999999999821,3,NO_POSITION,FAIL,NO_POSITION,NO_POSITION,STALE,STALE,FRESH,FRESH,0,80.0,80.0,0.0,0.0,0.0,0.0,37.250686,126.674964,,
69.2999999999982,3,NO_POSITION,FAIL,NO_POSITION,NO_POSITION,STALE,STALE,FRESH,FRESH,0,80.0,80.0,0.0,0.0,0.0,0.0,37.250686,126.674964,,
69.3499999999982,3,NO_POSITION,FAIL,NO_POSITION,NO_POSITION,STALE,STALE,FRESH,FRESH,0,80.0,80.0,0.0,0.0,0.0,0.0,37.250686,126.674964,,
69.3999999999982,3,NO_POSITION,FAIL,NO_POSITION,NO_POSITION,STALE,STALE,STALE,FRESH,0,80.0,80.0,0.0,0.0,0.0,0.0,37.250686,126.674964,,
69.4499999999982,3,NO_POSITION,FAIL,NO_POSITION,NO_POSITION,STALE,STALE,STALE,FRESH,0,80.0,80.0,0.0,0.0,0.0,0.0,37.250686,126.674964,,
69.4999999999982,3,NO_POSITION,FAIL,NO_POSITION,NO_POSITION,STALE,STALE,STALE,FRESH,0,80.0,80.0,0.0,0.0,0.0,0.0,37.250686,126.674964,,
69.54999999999819,3,NO_POSITION,FAIL,NO_POSITION,NO_POSITION,STALE,STALE,STALE,FRESH,0,80.0,80.0,0.0,0.0,0.0,0.0,37.250686,126.674964,,
69.59999999999819,3,NO_POSITION,FAIL,NO_POSITION,NO_POSITION,STALE,STALE,STALE,FRESH,0,80.0,80.0,0.0,0.0,0.0,0.0,37.250686,126.674964,,
69.64999999999819,3,NO_POSITION,FAIL,NO_POSITION,NO_POSITION,STALE,STALE,STALE,FRESH,0,80.0,80.0,0.0,0.0,0.0,0.0,37.250686,126.674964,,
69.69999999999818,3,SENSOR_BLACKOUT,FAIL,SENSOR_BLACKOUT,SENSOR_BLACKOUT,STALE,STALE,STALE,STALE,0,80.0,80.0,0.0,0.0,0.0,0.0,37.250686,126.674964,,
69.74999999999818,3,SENSOR_BLACKOUT,FAIL,SENSOR_BLACKOUT,SENSOR_BLACKOUT,STALE,STALE,STALE,STALE,0,80.0,80.0,0.0,0.0,0.0,0.0,37.250686,126.674964,,
69.79999999999818,3,SENSOR_BLACKOUT,FAIL,SENSOR_BLACKOUT,SENSOR_BLACKOUT,STALE,STALE,STALE,STALE,0,80.0,80.0,0.0,0.0,0.0,0.0,37.250686,126.674964,,
69.84999999999818,3,SENSOR_BLACKOUT,FAIL,SENSOR_BLACKOUT,SENSOR_BLACKOUT,STALE,STALE,STALE,STALE,0,80.0,80.0,0.0,0.0,0.0,0.0,37.250686,126.674964,,
69.89999999999817,3,SENSOR_BLACKOUT,FAIL,SENSOR_BLACKOUT,SENSOR_BLACKOUT,STALE,STALE,STALE,STALE,0,80.0,80.0,0.0,0.0,0.0,0.0,37.250686,126.674964,,
69.94999999999817,3,SENSOR_BLACKOUT,FAIL,SENSOR_BLACKOUT,SENSOR_BLACKOUT,STALE,STALE,STALE,STALE,0,80.0,80.0,0.0,0.0,0.0,0.0,37.250686,126.674964,,
69.99999999999817,3,SENSOR_BLACKOUT,FAIL,SENSOR_BLACKOUT,SENSOR_BLACKOUT,STALE,STALE,STALE,STALE,0,80.0,80.0,0.0,0.0,0.0,0.0,37.250686,126.674964,,
70.04999999999816,3,SENSOR_BLACKOUT,FAIL,SENSOR_BLACKOUT,SENSOR_BLACKOUT,STALE,STALE,STALE,STALE,0,80.0,80.0,0.0,0.0,0.0,0.0,37.250686,126.674964,,
70.09999999999816,3,SENSOR_BLACKOUT,FAIL,SENSOR_BLACKOUT,SENSOR_BLACKOUT,STALE,STALE,STALE,STALE,0,80.0,80.0,0.0,0.0,0.0,0.0,37.250686,126.674964,,
70.14999999999816,3,NO_POSITION,FAIL,NO_POSITION,NO_POSITION,STALE,STALE,FRESH,FRESH,0,80.0,80.0,0.0,0.0,0.0,0.0,37.250686,126.674964,,
70.19999999999816,3,NO_POSITION,FAIL,NO_POSITION,NO_POSITION,STALE,STALE,FRESH,FRESH,0,80.0,80.0,0.0,0.0,0.0,0.0,37.250686,126.674964,,
70.24999999999815,3,NO_POSITION,FAIL,NO_POSITION,NO_POSITION,STALE,STALE,FRESH,FRESH,0,80.0,80.0,0.0,0.0,0.0,0.0,37.250686,126.674964,,
70.29999999999815,3,NO_POSITION,FAIL,NO_POSITION,NO_POSITION,STALE,STALE,FRESH,FRESH,0,80.0,80.0,0.0,0.0,0.0,0.0,37.250686,126.674964,,
70.34999999999815,3,NO_POSITION,FAIL,NO_POSITION,NO_POSITION,STALE,STALE,FRESH,FRESH,0,80.0,80.0,0.0,0.0,0.0,0.0,37.250686,126.674964,,
70.39999999999814,3,NO_POSITION,FAIL,NO_POSITION,NO_POSITION,STALE,STALE,STALE,FRESH,0,80.0,80.0,0.0,0.0,0.0,0.0,37.250686,126.674964,,
70.44999999999814,3,NO_POSITION,FAIL,NO_POSITION,NO_POSITION,STALE,STALE,STALE,FRESH,0,80.0,80.0,0.0,0.0,0.0,0.0,37.250686,126.674964,,
70.49999999999814,3,NO_POSITION,FAIL,NO_POSITION,NO_POSITION,STALE,STALE,STALE,FRESH,0,80.0,80.0,0.0,0.0,0.0,0.0,37.250686,126.674964,,
70.54999999999814,3,NO_POSITION,FAIL,NO_POSITION,NO_POSITION,STALE,STALE,STALE,FRESH,0,80.0,80.0,0.0,0.0,0.0,0.0,37.250686,126.674964,,
70.59999999999813,3,NO_POSITION,FAIL,NO_POSITION,NO_POSITION,STALE,STALE,STALE,FRESH,0,80.0,80.0,0.0,0.0,0.0,0.0,37.250686,126.674964,,
70.64999999999813,3,NO_POSITION,FAIL,NO_POSITION,NO_POSITION,STALE,STALE,STALE,FRESH,0,80.0,80.0,0.0,0.0,0.0,0.0,37.250686,126.674964,,
70.69999999999813,3,SENSOR_BLACKOUT,FAIL,SENSOR_BLACKOUT,SENSOR_BLACKOUT,STALE,STALE,STALE,STALE,0,80.0,80.0,0.0,0.0,0.0,0.0,37.250686,126.674964,,
70.74999999999812,3,SENSOR_BLACKOUT,FAIL,SENSOR_BLACKOUT,SENSOR_BLACKOUT,STALE,STALE,STALE,STALE,0,80.0,80.0,0.0,0.0,0.0,0.0,37.250686,126.674964,,
70.79999999999812,3,SENSOR_BLACKOUT,FAIL,SENSOR_BLACKOUT,SENSOR_BLACKOUT,STALE,STALE,STALE,STALE,0,80.0,80.0,0.0,0.0,0.0,0.0,37.250686,126.674964,,
70.84999999999812,3,SENSOR_BLACKOUT,FAIL,SENSOR_BLACKOUT,SENSOR_BLACKOUT,STALE,STALE,STALE,STALE,0,80.0,80.0,0.0,0.0,0.0,0.0,37.250686,126.674964,,
70.89999999999812,3,SENSOR_BLACKOUT,FAIL,SENSOR_BLACKOUT,SENSOR_BLACKOUT,STALE,STALE,STALE,STALE,0,80.0,80.0,0.0,0.0,0.0,0.0,37.250686,126.674964,,
70.94999999999811,3,SENSOR_BLACKOUT,FAIL,SENSOR_BLACKOUT,SENSOR_BLACKOUT,STALE,STALE,STALE,STALE,0,80.0,80.0,0.0,0.0,0.0,0.0,37.250686,126.674964,,
70.99999999999811,3,SENSOR_BLACKOUT,FAIL,SENSOR_BLACKOUT,SENSOR_BLACKOUT,STALE,STALE,STALE,STALE,0,80.0,80.0,0.0,0.0,0.0,0.0,37.250686,126.674964,,
71.04999999999811,3,SENSOR_BLACKOUT,FAIL,SENSOR_BLACKOUT,SENSOR_BLACKOUT,STALE,STALE,STALE,STALE,0,80.0,80.0,0.0,0.0,0.0,0.0,37.250686,126.674964,,
71.0999999999981,3,SENSOR_BLACKOUT,FAIL,SENSOR_BLACKOUT,SENSOR_BLACKOUT,STALE,STALE,STALE,STALE,0,80.0,80.0,0.0,0.0,0.0,0.0,37.250686,126.674964,,
71.1499999999981,3,NO_MOTION,FAIL,NO_MOTION,NO_MOTION,FRESH,STALE,FRESH,FRESH,0,80.0,80.0,0.0,0.0,0.0,0.0,37.250686,126.674964,,
71.1999999999981,3,NO_MOTION,FAIL,NO_MOTION,NO_MOTION,FRESH,STALE,FRESH,FRESH,0,80.0,80.0,0.0,0.0,0.0,0.0,37.250686,126.674964,,
71.2499999999981,3,NO_MOTION,FAIL,NO_MOTION,NO_MOTION,FRESH,STALE,FRESH,FRESH,0,80.0,80.0,0.0,0.0,0.0,0.0,37.250686,126.674964,,
71.2999999999981,3,NO_MOTION,FAIL,NO_MOTION,NO_MOTION,FRESH,STALE,FRESH,FRESH,0,80.0,80.0,0.0,0.0,0.0,0.0,37.250686,126.674964,,
71.34999999999809,3,NO_MOTION,FAIL,NO_MOTION,NO_MOTION,FRESH,STALE,FRESH,FRESH,0,80.0,80.0,0.0,0.0,0.0,0.0,37.250686,126.674964,,
71.39999999999809,3,NO_MOTION,FAIL,NO_MOTION,NO_MOTION,FRESH,STALE,STALE,FRESH,0,80.0,80.0,0.0,0.0,0.0,0.0,37.250686,126.674964,,
71.44999999999808,3,NO_MOTION,FAIL,NO_MOTION,NO_MOTION,FRESH,STALE,STALE,FRESH,0,80.0,80.0,0.0,0.0,0.0,0.0,37.250686,126.674964,,
71.49999999999808,3,NO_MOTION,FAIL,NO_MOTION,NO_MOTION,FRESH,STALE,STALE,FRESH,0,80.0,80.0,0.0,0.0,0.0,0.0,37.250686,126.674964,,
71.54999999999808,3,NO_MOTION,FAIL,NO_MOTION,NO_MOTION,FRESH,STALE,STALE,FRESH,0,80.0,80.0,0.0,0.0,0.0,0.0,37.250686,126.674964,,
71.59999999999808,3,NO_MOTION,FAIL,NO_MOTION,NO_MOTION,FRESH,STALE,STALE,FRESH,0,80.0,80.0,0.0,0.0,0.0,0.0,37.250686,126.674964,,
71.64999999999807,3,NO_MOTION,FAIL,NO_MOTION,NO_MOTION,FRESH,STALE,STALE,FRESH,0,80.0,80.0,0.0,0.0,0.0,0.0,37.250686,126.674964,,
71.69999999999807,3,NO_MOTION,FAIL,NO_MOTION,NO_MOTION,FRESH,STALE,STALE,STALE,0,80.0,80.0,0.0,0.0,0.0,0.0,37.250686,126.674964,,
71.74999999999807,3,NO_MOTION,FAIL,NO_MOTION,NO_MOTION,FRESH,STALE,STALE,STALE,0,80.0,80.0,0.0,0.0,0.0,0.0,37.250686,126.674964,,
71.79999999999806,3,NO_MOTION,FAIL,NO_MOTION,NO_MOTION,FRESH,STALE,STALE,STALE,0,80.0,80.0,0.0,0.0,0.0,0.0,37.250686,126.674964,,
71.84999999999806,3,NO_MOTION,FAIL,NO_MOTION,NO_MOTION,FRESH,STALE,STALE,STALE,0,80.0,80.0,0.0,0.0,0.0,0.0,37.250686,126.674964,,
71.89999999999806,3,NO_MOTION,FAIL,NO_MOTION,NO_MOTION,FRESH,STALE,STALE,STALE,0,80.0,80.0,0.0,0.0,0.0,0.0,37.250686,126.674964,,
71.94999999999806,3,NO_MOTION,FAIL,NO_MOTION,NO_MOTION,FRESH,STALE,STALE,STALE,0,80.0,80.0,0.0,0.0,0.0,0.0,37.250686,126.674964,,
71.99999999999805,3,NO_MOTION,FAIL,NO_MOTION,NO_MOTION,FRESH,STALE,STALE,STALE,0,80.0,80.0,0.0,0.0,0.0,0.0,37.250686,126.674964,,
72.04999999999805,3,NO_MOTION,FAIL,NO_MOTION,NO_MOTION,FRESH,STALE,STALE,STALE,0,80.0,80.0,0.0,0.0,0.0,0.0,37.250686,126.674964,,
72.09999999999805,3,NO_MOTION,FAIL,NO_MOTION,NO_MOTION,FRESH,STALE,STALE,STALE,0,80.0,80.0,0.0,0.0,0.0,0.0,37.250686,126.674964,,
72.14999999999804,3,NO_MOTION,FAIL,NO_MOTION,NO_MOTION,FRESH,STALE,FRESH,FRESH,0,80.0,80.0,0.0,0.0,0.0,0.0,37.250686,126.674964,,
72.19999999999804,3,NO_MOTION,FAIL,NO_MOTION,NO_MOTION,FRESH,STALE,FRESH,FRESH,0,80.0,80.0,0.0,0.0,0.0,0.0,37.250686,126.674964,,
72.24999999999804,3,NO_MOTION,FAIL,NO_MOTION,NO_MOTION,FRESH,STALE,FRESH,FRESH,0,80.0,80.0,0.0,0.0,0.0,0.0,37.250686,126.674964,,
72.29999999999804,3,NO_MOTION,FAIL,NO_MOTION,NO_MOTION,FRESH,STALE,FRESH,FRESH,0,80.0,80.0,0.0,0.0,0.0,0.0,37.250686,126.674964,,
72.34999999999803,3,NO_MOTION,FAIL,NO_MOTION,NO_MOTION,FRESH,STALE,FRESH,FRESH,0,80.0,80.0,0.0,0.0,0.0,0.0,37.250686,126.674964,,
72.39999999999803,3,NO_MOTION,FAIL,NO_MOTION,NO_MOTION,FRESH,STALE,STALE,FRESH,0,80.0,80.0,0.0,0.0,0.0,0.0,37.250686,126.674964,,
72.44999999999803,3,NO_MOTION,FAIL,NO_MOTION,NO_MOTION,FRESH,STALE,STALE,FRESH,0,80.0,80.0,0.0,0.0,0.0,0.0,37.250686,126.674964,,
72.49999999999802,3,NO_MOTION,FAIL,NO_MOTION,NO_MOTION,FRESH,STALE,STALE,FRESH,0,80.0,80.0,0.0,0.0,0.0,0.0,37.250686,126.674964,,
72.54999999999802,3,NO_MOTION,FAIL,NO_MOTION,NO_MOTION,FRESH,STALE,STALE,FRESH,0,80.0,80.0,0.0,0.0,0.0,0.0,37.250686,126.674964,,
72.59999999999802,3,NO_MOTION,FAIL,NO_MOTION,NO_MOTION,FRESH,STALE,STALE,FRESH,0,80.0,80.0,0.0,0.0,0.0,0.0,37.250686,126.674964,,
72.64999999999802,3,NO_MOTION,FAIL,NO_MOTION,NO_MOTION,FRESH,STALE,STALE,FRESH,0,80.0,80.0,0.0,0.0,0.0,0.0,37.250686,126.674964,,
72.69999999999801,3,NO_MOTION,FAIL,NO_MOTION,NO_MOTION,FRESH,STALE,STALE,STALE,0,80.0,80.0,0.0,0.0,0.0,0.0,37.250686,126.674964,,
72.74999999999801,3,NO_MOTION,FAIL,NO_MOTION,NO_MOTION,FRESH,STALE,STALE,STALE,0,80.0,80.0,0.0,0.0,0.0,0.0,37.250686,126.674964,,
72.79999999999801,3,NO_MOTION,FAIL,NO_MOTION,NO_MOTION,FRESH,STALE,STALE,STALE,0,80.0,80.0,0.0,0.0,0.0,0.0,37.250686,126.674964,,
72.849999999998,3,NO_MOTION,FAIL,NO_MOTION,NO_MOTION,FRESH,STALE,STALE,STALE,0,80.0,80.0,0.0,0.0,0.0,0.0,37.250686,126.674964,,
72.899999999998,3,NO_MOTION,FAIL,NO_MOTION,NO_MOTION,FRESH,STALE,STALE,STALE,0,80.0,80.0,0.0,0.0,0.0,0.0,37.250686,126.674964,,
72.949999999998,3,NO_MOTION,FAIL,NO_MOTION,NO_MOTION,FRESH,STALE,STALE,STALE,0,80.0,80.0,0.0,0.0,0.0,0.0,37.250686,126.674964,,
72.999999999998,3,NO_MOTION,FAIL,NO_MOTION,NO_MOTION,FRESH,STALE,STALE,STALE,0,80.0,80.0,0.0,0.0,0.0,0.0,37.250686,126.674964,,
73.049999999998,3,NO_MOTION,FAIL,NO_MOTION,NO_MOTION,FRESH,STALE,STALE,STALE,0,80.0,80.0,0.0,0.0,0.0,0.0,37.250686,126.674964,,
73.09999999999799,3,NO_MOTION,FAIL,NO_MOTION,NO_MOTION,FRESH,STALE,STALE,STALE,0,80.0,80.0,0.0,0.0,0.0,0.0,37.250686,126.674964,,
73.14999999999799,3,NO_MOTION,FAIL,NO_MOTION,NO_MOTION,FRESH,STALE,STALE,STALE,0,80.0,80.0,0.0,0.0,0.0,0.0,37.250686,126.674964,,
73.19999999999798,3,NO_MOTION,FAIL,NO_MOTION,NO_MOTION,FRESH,STALE,FRESH,FRESH,0,80.0,80.0,0.0,0.0,0.0,0.0,37.250686,126.674964,,
73.24999999999798,3,NO_MOTION,FAIL,NO_MOTION,NO_MOTION,FRESH,STALE,FRESH,FRESH,0,80.0,80.0,0.0,0.0,0.0,0.0,37.250686,126.674964,,
73.29999999999798,3,NO_MOTION,FAIL,NO_MOTION,NO_MOTION,FRESH,STALE,FRESH,FRESH,0,80.0,80.0,0.0,0.0,0.0,0.0,37.250686,126.674964,,
73.34999999999798,3,NO_MOTION,FAIL,NO_MOTION,NO_MOTION,FRESH,STALE,FRESH,FRESH,0,80.0,80.0,0.0,0.0,0.0,0.0,37.250686,126.674964,,
73.39999999999797,3,NO_MOTION,FAIL,NO_MOTION,NO_MOTION,FRESH,STALE,FRESH,FRESH,0,80.0,80.0,0.0,0.0,0.0,0.0,37.250686,126.674964,,
73.44999999999797,3,NO_MOTION,FAIL,NO_MOTION,NO_MOTION,FRESH,STALE,STALE,FRESH,0,80.0,80.0,0.0,0.0,0.0,0.0,37.250686,126.674964,,
73.49999999999797,3,NO_MOTION,FAIL,NO_MOTION,NO_MOTION,FRESH,STALE,STALE,FRESH,0,80.0,80.0,0.0,0.0,0.0,0.0,37.250686,126.674964,,
73.54999999999797,3,NO_MOTION,FAIL,NO_MOTION,NO_MOTION,FRESH,STALE,STALE,FRESH,0,80.0,80.0,0.0,0.0,0.0,0.0,37.250686,126.674964,,
73.59999999999796,3,NO_MOTION,FAIL,NO_MOTION,NO_MOTION,FRESH,STALE,STALE,FRESH,0,80.0,80.0,0.0,0.0,0.0,0.0,37.250686,126.674964,,
73.64999999999796,3,NO_MOTION,FAIL,NO_MOTION,NO_MOTION,FRESH,STALE,STALE,FRESH,0,80.0,80.0,0.0,0.0,0.0,0.0,37.250686,126.674964,,
73.69999999999796,3,NO_MOTION,FAIL,NO_MOTION,NO_MOTION,FRESH,STALE,STALE,FRESH,0,80.0,80.0,0.0,0.0,0.0,0.0,37.250686,126.674964,,
73.74999999999795,3,NO_MOTION,FAIL,NO_MOTION,NO_MOTION,FRESH,STALE,STALE,STALE,0,80.0,80.0,0.0,0.0,0.0,0.0,37.250686,126.674964,,
73.79999999999795,3,NO_MOTION,FAIL,NO_MOTION,NO_MOTION,FRESH,STALE,STALE,STALE,0,80.0,80.0,0.0,0.0,0.0,0.0,37.250686,126.674964,,
73.84999999999795,3,NO_MOTION,FAIL,NO_MOTION,NO_MOTION,FRESH,STALE,STALE,STALE,0,80.0,80.0,0.0,0.0,0.0,0.0,37.250686,126.674964,,
73.89999999999795,3,NO_MOTION,FAIL,NO_MOTION,NO_MOTION,FRESH,STALE,STALE,STALE,0,80.0,80.0,0.0,0.0,0.0,0.0,37.250686,126.674964,,
73.94999999999794,3,NO_MOTION,FAIL,NO_MOTION,NO_MOTION,FRESH,STALE,STALE,STALE,0,80.0,80.0,0.0,0.0,0.0,0.0,37.250686,126.674964,,
73.99999999999794,3,NO_MOTION,FAIL,NO_MOTION,NO_MOTION,FRESH,STALE,STALE,STALE,0,80.0,80.0,0.0,0.0,0.0,0.0,37.250686,126.674964,,
74.04999999999794,3,NO_MOTION,FAIL,NO_MOTION,NO_MOTION,FRESH,STALE,STALE,STALE,0,80.0,80.0,0.0,0.0,0.0,0.0,37.250686,126.674964,,
74.09999999999793,3,NO_MOTION,FAIL,NO_MOTION,NO_MOTION,FRESH,STALE,STALE,STALE,0,80.0,80.0,0.0,0.0,0.0,0.0,37.250686,126.674964,,
74.14999999999793,3,NO_MOTION,FAIL,NO_MOTION,NO_MOTION,FRESH,STALE,STALE,STALE,0,80.0,80.0,0.0,0.0,0.0,0.0,37.250686,126.674964,,
74.19999999999793,3,NO_MOTION,FAIL,NO_MOTION,NO_MOTION,FRESH,STALE,FRESH,FRESH,0,80.0,80.0,0.0,0.0,0.0,0.0,37.250686,126.674964,,
74.24999999999793,3,NO_MOTION,FAIL,NO_MOTION,NO_MOTION,FRESH,STALE,FRESH,FRESH,0,80.0,80.0,0.0,0.0,0.0,0.0,37.250686,126.674964,,
74.29999999999792,3,NO_MOTION,FAIL,NO_MOTION,NO_MOTION,FRESH,STALE,FRESH,FRESH,0,80.0,80.0,0.0,0.0,0.0,0.0,37.250686,126.674964,,
74.34999999999792,3,NO_MOTION,FAIL,NO_MOTION,NO_MOTION,FRESH,STALE,FRESH,FRESH,0,80.0,80.0,0.0,0.0,0.0,0.0,37.250686,126.674964,,
74.39999999999792,3,NO_MOTION,FAIL,NO_MOTION,NO_MOTION,FRESH,STALE,FRESH,FRESH,0,80.0,80.0,0.0,0.0,0.0,0.0,37.250686,126.674964,,
74.44999999999791,3,NO_MOTION,FAIL,NO_MOTION,NO_MOTION,FRESH,STALE,STALE,FRESH,0,80.0,80.0,0.0,0.0,0.0,0.0,37.250686,126.674964,,
74.49999999999791,3,NO_MOTION,FAIL,NO_MOTION,NO_MOTION,FRESH,STALE,STALE,FRESH,0,80.0,80.0,0.0,0.0,0.0,0.0,37.250686,126.674964,,
74.54999999999791,3,NO_MOTION,FAIL,NO_MOTION,NO_MOTION,FRESH,STALE,STALE,FRESH,0,80.0,80.0,0.0,0.0,0.0,0.0,37.250686,126.674964,,
74.5999999999979,3,NO_MOTION,FAIL,NO_MOTION,NO_MOTION,FRESH,STALE,STALE,FRESH,0,80.0,80.0,0.0,0.0,0.0,0.0,37.250686,126.674964,,
74.6499999999979,3,NO_MOTION,FAIL,NO_MOTION,NO_MOTION,FRESH,STALE,STALE,FRESH,0,80.0,80.0,0.0,0.0,0.0,0.0,37.250686,126.674964,,
74.6999999999979,3,NO_MOTION,FAIL,NO_MOTION,NO_MOTION,FRESH,STALE,STALE,FRESH,0,80.0,80.0,0.0,0.0,0.0,0.0,37.250686,126.674964,,
74.7499999999979,3,NO_MOTION,FAIL,NO_MOTION,NO_MOTION,FRESH,STALE,STALE,STALE,0,80.0,80.0,0.0,0.0,0.0,0.0,37.250686,126.674964,,
74.7999999999979,3,NO_MOTION,FAIL,NO_MOTION,NO_MOTION,FRESH,STALE,STALE,STALE,0,80.0,80.0,0.0,0.0,0.0,0.0,37.250686,126.674964,,
74.84999999999789,3,NO_MOTION,FAIL,NO_MOTION,NO_MOTION,FRESH,STALE,STALE,STALE,0,80.0,80.0,0.0,0.0,0.0,0.0,37.250686,126.674964,,
74.89999999999789,3,NO_MOTION,FAIL,NO_MOTION,NO_MOTION,FRESH,STALE,STALE,STALE,0,80.0,80.0,0.0,0.0,0.0,0.0,37.250686,126.674964,,
74.94999999999789,3,NO_MOTION,FAIL,NO_MOTION,NO_MOTION,FRESH,STALE,STALE,STALE,0,80.0,80.0,0.0,0.0,0.0,0.0,37.250686,126.674964,,
74.99999999999788,3,NO_MOTION,FAIL,NO_MOTION,NO_MOTION,FRESH,STALE,STALE,STALE,0,80.0,80.0,0.0,0.0,0.0,0.0,37.250686,126.674964,,
75.04999999999788,3,NO_MOTION,FAIL,NO_MOTION,NO_MOTION,FRESH,STALE,STALE,STALE,0,80.0,80.0,0.0,0.0,0.0,0.0,37.250686,126.674964,,
75.09999999999788,3,NO_MOTION,FAIL,NO_MOTION,NO_MOTION,FRESH,STALE,STALE,STALE,0,80.0,80.0,0.0,0.0,0.0,0.0,37.250686,126.674964,,
75.14999999999787,3,NO_MOTION,FAIL,NO_MOTION,NO_MOTION,FRESH,STALE,STALE,STALE,0,80.0,80.0,0.0,0.0,0.0,0.0,37.250686,126.674964,,
75.19999999999787,3,NO_POSITION,NOMINAL_CLOSED_LOOP,NO_POSITION,NO_POSITION,FRESH,FRESH,FRESH,FRESH,0,80.0,80.0,0.0,0.0,0.0,0.0,37.250686,126.674964,,
75.24999999999787,3,NO_POSITION,NOMINAL_CLOSED_LOOP,NO_POSITION,NO_POSITION,FRESH,FRESH,FRESH,FRESH,0,80.0,80.0,0.0,0.0,0.0,0.0,37.250686,126.674964,,
75.29999999999787,3,NO_POSITION,NOMINAL_CLOSED_LOOP,NO_POSITION,NO_POSITION,FRESH,FRESH,FRESH,FRESH,0,80.0,80.0,0.0,0.0,0.0,0.0,37.250686,126.674964,,
75.34999999999786,3,NO_POSITION,NOMINAL_CLOSED_LOOP,NO_POSITION,NO_POSITION,FRESH,FRESH,FRESH,FRESH,0,80.0,80.0,0.0,0.0,0.0,0.0,37.250686,126.674964,,
75.39999999999786,3,NO_POSITION,NOMINAL_CLOSED_LOOP,NO_POSITION,NO_POSITION,FRESH,FRESH,FRESH,FRESH,0,80.0,80.0,0.0,0.0,0.0,0.0,37.250686,126.674964,,
75.44999999999786,3,NO_POSITION,NOMINAL_FEEDFORWARD,NO_POSITION,NO_POSITION,FRESH,FRESH,STALE,FRESH,0,80.0,80.0,0.0,0.0,0.0,0.0,37.250686,126.674964,,
75.49999999999785,3,NO_POSITION,NOMINAL_FEEDFORWARD,NO_POSITION,NO_POSITION,FRESH,FRESH,STALE,FRESH,0,80.0,80.0,0.0,0.0,0.0,0.0,37.250686,126.674964,,
75.54999999999785,3,NO_POSITION,NOMINAL_FEEDFORWARD,NO_POSITION,NO_POSITION,FRESH,FRESH,STALE,FRESH,0,80.0,80.0,0.0,0.0,0.0,0.0,37.250686,126.674964,,
75.59999999999785,3,NO_POSITION,NOMINAL_FEEDFORWARD,NO_POSITION,NO_POSITION,FRESH,FRESH,STALE,FRESH,0,80.0,80.0,0.0,0.0,0.0,0.0,37.250686,126.674964,,
75.64999999999785,3,NO_POSITION,NOMINAL_FEEDFORWARD,NO_POSITION,NO_POSITION,FRESH,FRESH,STALE,FRESH,0,80.0,80.0,0.0,0.0,0.0,0.0,37.250686,126.674964,,
75.69999999999784,3,NO_POSITION,NOMINAL_FEEDFORWARD,NO_POSITION,NO_POSITION,FRESH,FRESH,STALE,FRESH,0,80.0,80.0,0.0,0.0,0.0,0.0,37.250686,126.674964,,
75.74999999999784,3,NO_POSITION,NOMINAL_FEEDFORWARD,NO_POSITION,NO_POSITION,FRESH,FRESH,STALE,STALE,0,80.0,80.0,0.0,0.0,0.0,0.0,37.250686,126.674964,,
75.79999999999784,3,NO_POSITION,NOMINAL_FEEDFORWARD,NO_POSITION,NO_POSITION,FRESH,FRESH,STALE,STALE,0,80.0,80.0,0.0,0.0,0.0,0.0,37.250686,126.674964,,
75.84999999999783,3,NO_POSITION,NOMINAL_FEEDFORWARD,NO_POSITION,NO_POSITION,FRESH,FRESH,STALE,STALE,0,80.0,80.0,0.0,0.0,0.0,0.0,37.250686,126.674964,,
75.89999999999783,3,NO_POSITION,NOMINAL_FEEDFORWARD,NO_POSITION,NO_POSITION,FRESH,FRESH,STALE,STALE,0,80.0,80.0,0.0,0.0,0.0,0.0,37.250686,126.674964,,
75.94999999999783,3,NO_POSITION,NOMINAL_FEEDFORWARD,NO_POSITION,NO_POSITION,FRESH,FRESH,STALE,STALE,0,80.0,80.0,0.0,0.0,0.0,0.0,37.250686,126.674964,,
75.99999999999783,3,NO_POSITION,NOMINAL_FEEDFORWARD,NO_POSITION,NO_POSITION,FRESH,FRESH,STALE,STALE,0,80.0,80.0,0.0,0.0,0.0,0.0,37.250686,126.674964,,
76.04999999999782,3,NO_POSITION,NOMINAL_FEEDFORWARD,NO_POSITION,NO_POSITION,FRESH,FRESH,STALE,STALE,0,80.0,80.0,0.0,0.0,0.0,0.0,37.250686,126.674964,,
76.09999999999782,3,NO_POSITION,NOMINAL_FEEDFORWARD,NO_POSITION,NO_POSITION,FRESH,FRESH,STALE,STALE,0,80.0,80.0,0.0,0.0,0.0,0.0,37.250686,126.674964,,
76.14999999999782,3,NO_POSITION,NOMINAL_FEEDFORWARD,NO_POSITION,NO_POSITION,FRESH,FRESH,STALE,STALE,0,80.0,80.0,0.0,0.0,0.0,0.0,37.250686,126.674964,,
76.19999999999781,3,NO_POSITION,DEGRADED_CLOSED_LOOP,NO_POSITION,NO_POSITION,FRESH,FRESHED,FRESH,FRESH,0,80.0,80.0,0.0,0.0,0.0,0.0,37.250686,126.674964,,
76.24999999999781,3,NO_POSITION,DEGRADED_CLOSED_LOOP,NO_POSITION,NO_POSITION,FRESH,FRESHED,FRESH,FRESH,0,80.0,80.0,0.0,0.0,0.0,0.0,37.250686,126.674964,,
76.29999999999781,3,NO_POSITION,DEGRADED_CLOSED_LOOP,NO_POSITION,NO_POSITION,FRESH,FRESHED,FRESH,FRESH,0,80.0,80.0,0.0,0.0,0.0,0.0,37.250686,126.674964,,
76.3499999999978,3,NO_POSITION,DEGRADED_CLOSED_LOOP,NO_POSITION,NO_POSITION,FRESH,FRESHED,FRESH,FRESH,0,80.0,80.0,0.0,0.0,0.0,0.0,37.250686,126.674964,,
76.3999999999978,3,NO_POSITION,DEGRADED_CLOSED_LOOP,NO_POSITION,NO_POSITION,FRESH,FRESHED,FRESH,FRESH,0,80.0,80.0,0.0,0.0,0.0,0.0,37.250686,126.674964,,
76.4499999999978,3,NO_POSITION,DEGRADED_FEEDFORWARD,NO_POSITION,NO_POSITION,FRESH,FRESHED,STALE,FRESH,0,80.0,80.0,0.0,0.0,0.0,0.0,37.250686,126.674964,,
76.4999999999978,3,NO_POSITION,DEGRADED_FEEDFORWARD,NO_POSITION,NO_POSITION,FRESH,FRESHED,STALE,FRESH,0,80.0,80.0,0.0,0.0,0.0,0.0,37.250686,126.674964,,
76.5499999999978,3,NO_POSITION,DEGRADED_FEEDFORWARD,NO_POSITION,NO_POSITION,FRESH,FRESHED,STALE,FRESH,0,80.0,80.0,0.0,0.0,0.0,0.0,37.250686,126.674964,,
76.59999999999779,3,NO_POSITION,DEGRADED_FEEDFORWARD,NO_POSITION,NO_POSITION,FRESH,FRESHED,STALE,FRESH,0,80.0,80.0,0.0,0.0,0.0,0.0,37.250686,126.674964,,
76.64999999999779,3,NO_POSITION,DEGRADED_FEEDFORWARD,NO_POSITION,NO_POSITION,FRESH,FRESHED,STALE,FRESH,0,80.0,80.0,0.0,0.0,0.0,0.0,37.250686,126.674964,,
76.69999999999779,3,NO_POSITION,DEGRADED_FEEDFORWARD,NO_POSITION,NO_POSITION,FRESH,FRESHED,STALE,FRESH,0,80.0,80.0,0.0,0.0,0.0,0.0,37.250686,126.674964,,
76.74999999999778,3,NO_POSITION,DEGRADED_FEEDFORWARD,NO_POSITION,NO_POSITION,FRESH,FRESHED,STALE,STALE,0,80.0,80.0,0.0,0.0,0.0,0.0,37.250686,126.674964,,
76.79999999999778,3,NO_POSITION,DEGRADED_FEEDFORWARD,NO_POSITION,NO_POSITION,FRESH,FRESHED,STALE,STALE,0,80.0,80.0,0.0,0.0,0.0,0.0,37.250686,126.674964,,
76.84999999999778,3,NO_POSITION,DEGRADED_FEEDFORWARD,NO_POSITION,NO_POSITION,FRESH,FRESHED,STALE,STALE,0,80.0,80.0,0.0,0.0,0.0,0.0,37.250686,126.674964,,
76.89999999999777,3,NO_POSITION,DEGRADED_FEEDFORWARD,NO_POSITION,NO_POSITION,FRESH,FRESHED,STALE,STALE,0,80.0,80.0,0.0,0.0,0.0,0.0,37.250686,126.674964,,
76.94999999999777,3,NO_POSITION,DEGRADED_FEEDFORWARD,NO_POSITION,NO_POSITION,FRESH,FRESHED,STALE,STALE,0,80.0,80.0,0.0,0.0,0.0,0.0,37.250686,126.674964,,
76.99999999999777,3,NO_POSITION,DEGRADED_FEEDFORWARD,NO_POSITION,NO_POSITION,FRESH,FRESHED,STALE,STALE,0,80.0,80.0,0.0,0.0,0.0,0.0,37.250686,126.674964,,
77.04999999999777,3,NO_POSITION,DEGRADED_FEEDFORWARD,NO_POSITION,NO_POSITION,FRESH,FRESHED,STALE,STALE,0,80.0,80.0,0.0,0.0,0.0,0.0,37.250686,126.674964,,
77.09999999999776,3,NO_POSITION,DEGRADED_FEEDFORWARD,NO_POSITION,NO_POSITION,FRESH,FRESHED,STALE,STALE,0,80.0,80.0,0.0,0.0,0.0,0.0,37.250686,126.674964,,
77.14999999999776,3,NO_POSITION,DEGRADED_FEEDFORWARD,NO_POSITION,NO_POSITION,FRESH,FRESHED,STALE,STALE,0,80.0,80.0,0.0,0.0,0.0,0.0,37.250686,126.674964,,
77.19999999999776,3,NO_POSITION,NOMINAL_CLOSED_LOOP,NO_POSITION,NO_POSITION,FRESH,FRESH,FRESH,FRESH,0,80.0,80.0,0.0,0.0,0.0,0.0,37.250686,126.674964,,
77.24999999999775,3,NO_POSITION,NOMINAL_CLOSED_LOOP,NO_POSITION,NO_POSITION,FRESH,FRESH,FRESH,FRESH,0,80.0,80.0,0.0,0.0,0.0,0.0,37.250686,126.674964,,
77.29999999999775,3,NO_POSITION,NOMINAL_CLOSED_LOOP,NO_POSITION,NO_POSITION,FRESH,FRESH,FRESH,FRESH,0,80.0,80.0,0.0,0.0,0.0,0.0,37.250686,126.674964,,
77.34999999999775,3,NO_POSITION,NOMINAL_CLOSED_LOOP,NO_POSITION,NO_POSITION,FRESH,FRESH,FRESH,FRESH,0,80.0,80.0,0.0,0.0,0.0,0.0,37.250686,126.674964,,
77.39999999999775,3,NO_POSITION,NOMINAL_CLOSED_LOOP,NO_POSITION,NO_POSITION,FRESH,FRESH,FRESH,FRESH,0,80.0,80.0,0.0,0.0,0.0,0.0,37.250686,126.674964,,
77.44999999999774,3,NO_POSITION,NOMINAL_FEEDFORWARD,NO_POSITION,NO_POSITION,FRESH,FRESH,STALE,FRESH,0,80.0,80.0,0.0,0.0,0.0,0.0,37.250686,126.674964,,
77.49999999999774,3,NO_POSITION,NOMINAL_FEEDFORWARD,NO_POSITION,NO_POSITION,FRESH,FRESH,STALE,FRESH,0,80.0,80.0,0.0,0.0,0.0,0.0,37.250686,126.674964,,
77.54999999999774,3,NO_POSITION,NOMINAL_FEEDFORWARD,NO_POSITION,NO_POSITION,FRESH,FRESH,STALE,FRESH,0,80.0,80.0,0.0,0.0,0.0,0.0,37.250686,126.674964,,
77.59999999999773,3,NO_POSITION,NOMINAL_FEEDFORWARD,NO_POSITION,NO_POSITION,FRESH,FRESH,STALE,FRESH,0,80.0,80.0,0.0,0.0,0.0,0.0,37.250686,126.674964,,
77.64999999999773,3,NO_POSITION,NOMINAL_FEEDFORWARD,NO_POSITION,NO_POSITION,FRESH,FRESH,STALE,FRESH,0,80.0,80.0,0.0,0.0,0.0,0.0,37.250686,126.674964,,
77.69999999999773,3,NO_POSITION,NOMINAL_FEEDFORWARD,NO_POSITION,NO_POSITION,FRESH,FRESH,STALE,FRESH,0,80.0,80.0,0.0,0.0,0.0,0.0,37.250686,126.674964,,
77.74999999999773,3,NO_POSITION,NOMINAL_FEEDFORWARD,NO_POSITION,NO_POSITION,FRESH,FRESH,STALE,STALE,0,80.0,80.0,0.0,0.0,0.0,0.0,37.250686,126.674964,,
77.79999999999772,3,NO_POSITION,NOMINAL_FEEDFORWARD,NO_POSITION,NO_POSITION,FRESH,FRESH,STALE,STALE,0,80.0,80.0,0.0,0.0,0.0,0.0,37.250686,126.674964,,
77.84999999999772,3,NO_POSITION,NOMINAL_FEEDFORWARD,NO_POSITION,NO_POSITION,FRESH,FRESH,STALE,STALE,0,80.0,80.0,0.0,0.0,0.0,0.0,37.250686,126.674964,,
77.89999999999772,3,NO_POSITION,NOMINAL_FEEDFORWARD,NO_POSITION,NO_POSITION,FRESH,FRESH,STALE,STALE,0,80.0,80.0,0.0,0.0,0.0,0.0,37.250686,126.674964,,
77.94999999999771,3,NO_POSITION,NOMINAL_FEEDFORWARD,NO_POSITION,NO_POSITION,FRESH,FRESH,STALE,STALE,0,80.0,80.0,0.0,0.0,0.0,0.0,37.250686,126.674964,,
77.99999999999771,3,NO_POSITION,NOMINAL_FEEDFORWARD,NO_POSITION,NO_POSITION,FRESH,FRESH,STALE,STALE,0,80.0,80.0,0.0,0.0,0.0,0.0,37.250686,126.674964,,
78.04999999999771,3,NO_POSITION,NOMINAL_FEEDFORWARD,NO_POSITION,NO_POSITION,FRESH,FRESH,STALE,STALE,0,80.0,80.0,0.0,0.0,0.0,0.0,37.250686,126.674964,,
78.0999999999977,3,NO_POSITION,NOMINAL_FEEDFORWARD,NO_POSITION,NO_POSITION,FRESH,FRESH,STALE,STALE,0,80.0,80.0,0.0,0.0,0.0,0.0,37.250686,126.674964,,
78.1499999999977,3,NO_POSITION,NOMINAL_FEEDFORWARD,NO_POSITION,NO_POSITION,FRESH,FRESH,STALE,STALE,0,80.0,80.0,0.0,0.0,0.0,0.0,37.250686,126.674964,,
78.1999999999977,3,NO_POSITION,DEGRADED_CLOSED_LOOP,NO_POSITION,NO_POSITION,FRESH,FRESHED,FRESH,FRESH,0,80.0,80.0,0.0,0.0,0.0,0.0,37.250686,126.674964,,
78.2499999999977,3,NO_POSITION,DEGRADED_CLOSED_LOOP,NO_POSITION,NO_POSITION,FRESH,FRESHED,FRESH,FRESH,0,80.0,80.0,0.0,0.0,0.0,0.0,37.250686,126.674964,,
78.2999999999977,3,NO_POSITION,DEGRADED_CLOSED_LOOP,NO_POSITION,NO_POSITION,FRESH,FRESHED,FRESH,FRESH,0,80.0,80.0,0.0,0.0,0.0,0.0,37.250686,126.674964,,
78.34999999999769,3,NO_POSITION,DEGRADED_CLOSED_LOOP,NO_POSITION,NO_POSITION,FRESH,FRESHED,FRESH,FRESH,0,80.0,80.0,0.0,0.0,0.0,0.0,37.250686,126.674964,,
78.39999999999769,3,NO_POSITION,DEGRADED_CLOSED_LOOP,NO_POSITION,NO_POSITION,FRESH,FRESHED,FRESH,FRESH,0,80.0,80.0,0.0,0.0,0.0,0.0,37.250686,126.674964,,
78.44999999999769,3,NO_POSITION,DEGRADED_FEEDFORWARD,NO_POSITION,NO_POSITION,FRESH,FRESHED,STALE,FRESH,0,80.0,80.0,0.0,0.0,0.0,0.0,37.250686,126.674964,,
78.49999999999768,3,NO_POSITION,DEGRADED_FEEDFORWARD,NO_POSITION,NO_POSITION,FRESH,FRESHED,STALE,FRESH,0,80.0,80.0,0.0,0.0,0.0,0.0,37.250686,126.674964,,
78.54999999999768,3,NO_POSITION,DEGRADED_FEEDFORWARD,NO_POSITION,NO_POSITION,FRESH,FRESHED,STALE,FRESH,0,80.0,80.0,0.0,0.0,0.0,0.0,37.250686,126.674964,,
78.59999999999768,3,NO_POSITION,DEGRADED_FEEDFORWARD,NO_POSITION,NO_POSITION,FRESH,FRESHED,STALE,FRESH,0,80.0,80.0,0.0,0.0,0.0,0.0,37.250686,126.674964,,
78.64999999999768,3,NO_POSITION,DEGRADED_FEEDFORWARD,NO_POSITION,NO_POSITION,FRESH,FRESHED,STALE,FRESH,0,80.0,80.0,0.0,0.0,0.0,0.0,37.250686,126.674964,,
78.69999999999767,3,NO_POSITION,DEGRADED_FEEDFORWARD,NO_POSITION,NO_POSITION,FRESH,FRESHED,STALE,FRESH,0,80.0,80.0,0.0,0.0,0.0,0.0,37.250686,126.674964,,
78.74999999999767,3,NO_POSITION,DEGRADED_FEEDFORWARD,NO_POSITION,NO_POSITION,FRESH,FRESHED,STALE,STALE,0,80.0,80.0,0.0,0.0,0.0,0.0,37.250686,126.674964,,
78.79999999999767,3,NO_POSITION,DEGRADED_FEEDFORWARD,NO_POSITION,NO_POSITION,FRESH,FRESHED,STALE,STALE,0,80.0,80.0,0.0,0.0,0.0,0.0,37.250686,126.674964,,
78.84999999999766,3,NO_POSITION,DEGRADED_FEEDFORWARD,NO_POSITION,NO_POSITION,FRESH,FRESHED,STALE,STALE,0,80.0,80.0,0.0,0.0,0.0,0.0,37.250686,126.674964,,
78.89999999999766,3,NO_POSITION,DEGRADED_FEEDFORWARD,NO_POSITION,NO_POSITION,FRESH,FRESHED,STALE,STALE,0,80.0,80.0,0.0,0.0,0.0,0.0,37.250686,126.674964,,
78.94999999999766,3,NO_POSITION,DEGRADED_FEEDFORWARD,NO_POSITION,NO_POSITION,FRESH,FRESHED,STALE,STALE,0,80.0,80.0,0.0,0.0,0.0,0.0,37.250686,126.674964,,
78.99999999999766,3,NO_POSITION,DEGRADED_FEEDFORWARD,NO_POSITION,NO_POSITION,FRESH,FRESHED,STALE,STALE,0,80.0,80.0,0.0,0.0,0.0,0.0,37.250686,126.674964,,
79.04999999999765,3,NO_POSITION,DEGRADED_FEEDFORWARD,NO_POSITION,NO_POSITION,FRESH,FRESHED,STALE,STALE,0,80.0,80.0,0.0,0.0,0.0,0.0,37.250686,126.674964,,
79.09999999999765,3,NO_POSITION,DEGRADED_FEEDFORWARD,NO_POSITION,NO_POSITION,FRESH,FRESHED,STALE,STALE,0,80.0,80.0,0.0,0.0,0.0,0.0,37.250686,126.674964,,
79.14999999999765,3,NO_POSITION,DEGRADED_FEEDFORWARD,NO_POSITION,NO_POSITION,FRESH,FRESHED,STALE,STALE,0,80.0,80.0,0.0,0.0,0.0,0.0,37.250686,126.674964,,
79.19999999999764,3,NO_POSITION,DEGRADED_CLOSED_LOOP,NO_POSITION,NO_POSITION,FRESH,FRESHED,FRESH,FRESH,0,80.0,80.0,0.0,0.0,0.0,0.0,37.250686,126.674964,,
79.24999999999764,3,NO_POSITION,DEGRADED_CLOSED_LOOP,NO_POSITION,NO_POSITION,FRESH,FRESHED,FRESH,FRESH,0,80.0,80.0,0.0,0.0,0.0,0.0,37.250686,126.674964,,
79.29999999999764,3,NO_POSITION,DEGRADED_CLOSED_LOOP,NO_POSITION,NO_POSITION,FRESH,FRESHED,FRESH,FRESH,0,80.0,80.0,0.0,0.0,0.0,0.0,37.250686,126.674964,,
79.34999999999764,3,NO_POSITION,DEGRADED_CLOSED_LOOP,NO_POSITION,NO_POSITION,FRESH,FRESHED,FRESH,FRESH,0,80.0,80.0,0.0,0.0,0.0,0.0,37.250686,126.674964,,
79.39999999999763,3,NO_POSITION,DEGRADED_CLOSED_LOOP,NO_POSITION,NO_POSITION,FRESH,FRESHED,FRESH,FRESH,0,80.0,80.0,0.0,0.0,0.0,0.0,37.250686,126.674964,,
79.44999999999763,3,NO_POSITION,DEGRADED_FEEDFORWARD,NO_POSITION,NO_POSITION,FRESH,FRESHED,STALE,FRESH,0,80.0,80.0,0.0,0.0,0.0,0.0,37.250686,126.674964,,
79.49999999999763,3,NO_POSITION,DEGRADED_FEEDFORWARD,NO_POSITION,NO_POSITION,FRESH,FRESHED,STALE,FRESH,0,80.0,80.0,0.0,0.0,0.0,0.0,37.250686,126.674964,,
79.54999999999762,3,NO_POSITION,DEGRADED_FEEDFORWARD,NO_POSITION,NO_POSITION,FRESH,FRESHED,STALE,FRESH,0,80.0,80.0,0.0,0.0,0.0,0.0,37.250686,126.674964,,
79.59999999999762,3,NO_POSITION,DEGRADED_FEEDFORWARD,NO_POSITION,NO_POSITION,FRESH,FRESHED,STALE,FRESH,0,80.0,80.0,0.0,0.0,0.0,0.0,37.250686,126.674964,,
79.64999999999762,3,NO_POSITION,DEGRADED_FEEDFORWARD,NO_POSITION,NO_POSITION,FRESH,FRESHED,STALE,FRESH,0,80.0,80.0,0.0,0.0,0.0,0.0,37.250686,126.674964,,
79.69999999999762,3,NO_POSITION,DEGRADED_FEEDFORWARD,NO_POSITION,NO_POSITION,FRESH,FRESHED,STALE,FRESH,0,80.0,80.0,0.0,0.0,0.0,0.0,37.250686,126.674964,,
79.74999999999761,3,NO_POSITION,DEGRADED_FEEDFORWARD,NO_POSITION,NO_POSITION,FRESH,FRESHED,STALE,STALE,0,80.0,80.0,0.0,0.0,0.0,0.0,37.250686,126.674964,,
79.79999999999761,3,NO_POSITION,DEGRADED_FEEDFORWARD,NO_POSITION,NO_POSITION,FRESH,FRESHED,STALE,STALE,0,80.0,80.0,0.0,0.0,0.0,0.0,37.250686,126.674964,,
79.8499999999976,3,NO_POSITION,DEGRADED_FEEDFORWARD,NO_POSITION,NO_POSITION,FRESH,FRESHED,STALE,STALE,0,80.0,80.0,0.0,0.0,0.0,0.0,37.250686,126.674964,,
79.8999999999976,3,NO_POSITION,DEGRADED_FEEDFORWARD,NO_POSITION,NO_POSITION,FRESH,FRESHED,STALE,STALE,0,80.0,80.0,0.0,0.0,0.0,0.0,37.250686,126.674964,,
79.9499999999976,3,NO_POSITION,DEGRADED_FEEDFORWARD,NO_POSITION,NO_POSITION,FRESH,FRESHED,STALE,STALE,0,80.0,80.0,0.0,0.0,0.0,0.0,37.250686,126.674964,,
79.9999999999976,3,NO_POSITION,DEGRADED_FEEDFORWARD,NO_POSITION,NO_POSITION,FRESH,FRESHED,STALE,STALE,0,80.0,80.0,0.0,0.0,0.0,0.0,37.250686,126.674964,,
80.0499999999976,3,NO_POSITION,DEGRADED_FEEDFORWARD,NO_POSITION,NO_POSITION,FRESH,FRESHED,STALE,STALE,0,80.0,80.0,0.0,0.0,0.0,0.0,37.250686,126.674964,,
80.09999999999759,3,NO_POSITION,DEGRADED_FEEDFORWARD,NO_POSITION,NO_POSITION,FRESH,FRESHED,STALE,STALE,0,80.0,80.0,0.0,0.0,0.0,0.0,37.250686,126.674964,,
80.14999999999759,3,NO_POSITION,DEGRADED_FEEDFORWARD,NO_POSITION,NO_POSITION,FRESH,FRESHED,STALE,STALE,0,80.0,80.0,0.0,0.0,0.0,0.0,37.250686,126.674964,,
80.19999999999759,3,NO_POSITION,DEGRADED_CLOSED_LOOP,NO_POSITION,NO_POSITION,FRESHED,FRESHED,FRESH,FRESH,0,80.0,80.0,0.0,0.0,0.0,0.0,37.250686,126.674964,,
80.24999999999758,3,NO_POSITION,DEGRADED_CLOSED_LOOP,NO_POSITION,NO_POSITION,FRESHED,FRESHED,FRESH,FRESH,0,80.0,80.0,0.0,0.0,0.0,0.0,37.250686,126.674964,,
80.29999999999758,3,NO_POSITION,DEGRADED_CLOSED_LOOP,NO_POSITION,NO_POSITION,FRESHED,FRESHED,FRESH,FRESH,0,80.0,80.0,0.0,0.0,0.0,0.0,37.250686,126.674964,,
80.34999999999758,3,NO_POSITION,DEGRADED_CLOSED_LOOP,NO_POSITION,NO_POSITION,FRESHED,FRESHED,FRESH,FRESH,0,80.0,80.0,0.0,0.0,0.0,0.0,37.250686,126.674964,,
80.39999999999758,3,NO_POSITION,DEGRADED_CLOSED_LOOP,NO_POSITION,NO_POSITION,FRESHED,FRESHED,FRESH,FRESH,0,80.0,80.0,0.0,0.0,0.0,0.0,37.250686,126.674964,,
80.44999999999757,3,NO_POSITION,DEGRADED_FEEDFORWARD,NO_POSITION,NO_POSITION,FRESHED,FRESHED,STALE,FRESH,0,80.0,80.0,0.0,0.0,0.0,0.0,37.250686,126.674964,,
80.49999999999757,3,NO_POSITION,DEGRADED_FEEDFORWARD,NO_POSITION,NO_POSITION,FRESHED,FRESHED,STALE,FRESH,0,80.0,80.0,0.0,0.0,0.0,0.0,37.250686,126.674964,,
80.54999999999757,3,NO_POSITION,DEGRADED_FEEDFORWARD,NO_POSITION,NO_POSITION,FRESHED,FRESHED,STALE,FRESH,0,80.0,80.0,0.0,0.0,0.0,0.0,37.250686,126.674964,,
80.59999999999756,3,NO_POSITION,DEGRADED_FEEDFORWARD,NO_POSITION,NO_POSITION,FRESHED,FRESHED,STALE,FRESH,0,80.0,80.0,0.0,0.0,0.0,0.0,37.250686,126.674964,,
80.64999999999756,3,NO_POSITION,DEGRADED_FEEDFORWARD,NO_POSITION,NO_POSITION,FRESHED,FRESHED,STALE,FRESH,0,80.0,80.0,0.0,0.0,0.0,0.0,37.250686,126.674964,,
80.69999999999756,3,NO_POSITION,DEGRADED_FEEDFORWARD,NO_POSITION,NO_POSITION,FRESHED,FRESHED,STALE,FRESH,0,80.0,80.0,0.0,0.0,0.0,0.0,37.250686,126.674964,,
80.74999999999756,3,NO_POSITION,DEGRADED_FEEDFORWARD,NO_POSITION,NO_POSITION,FRESHED,FRESHED,STALE,STALE,0,80.0,80.0,0.0,0.0,0.0,0.0,37.250686,126.674964,,
80.79999999999755,3,NO_POSITION,DEGRADED_FEEDFORWARD,NO_POSITION,NO_POSITION,FRESHED,FRESHED,STALE,STALE,0,80.0,80.0,0.0,0.0,0.0,0.0,37.250686,126.674964,,
80.84999999999755,3,NO_POSITION,DEGRADED_FEEDFORWARD,NO_POSITION,NO_POSITION,FRESHED,FRESHED,STALE,STALE,0,80.0,80.0,0.0,0.0,0.0,0.0,37.250686,126.674964,,
80.89999999999755,3,NO_POSITION,DEGRADED_FEEDFORWARD,NO_POSITION,NO_POSITION,FRESHED,FRESHED,STALE,STALE,0,80.0,80.0,0.0,0.0,0.0,0.0,37.250686,126.674964,,
80.94999999999754,3,NO_POSITION,DEGRADED_FEEDFORWARD,NO_POSITION,NO_POSITION,FRESHED,FRESHED,STALE,STALE,0,80.0,80.0,0.0,0.0,0.0,0.0,37.250686,126.674964,,
80.99999999999754,3,NO_POSITION,DEGRADED_FEEDFORWARD,NO_POSITION,NO_POSITION,FRESHED,FRESHED,STALE,STALE,0,80.0,80.0,0.0,0.0,0.0,0.0,37.250686,126.674964,,
81.04999999999754,3,NO_POSITION,DEGRADED_FEEDFORWARD,NO_POSITION,NO_POSITION,FRESHED,FRESHED,STALE,STALE,0,80.0,80.0,0.0,0.0,0.0,0.0,37.250686,126.674964,,
81.09999999999754,3,NO_POSITION,DEGRADED_FEEDFORWARD,NO_POSITION,NO_POSITION,FRESHED,FRESHED,STALE,STALE,0,80.0,80.0,0.0,0.0,0.0,0.0,37.250686,126.674964,,
81.14999999999753,3,NO_POSITION,DEGRADED_FEEDFORWARD,NO_POSITION,NO_POSITION,FRESHED,FRESHED,STALE,STALE,0,80.0,80.0,0.0,0.0,0.0,0.0,37.250686,126.674964,,
81.19999999999753,3,NO_POSITION,DEGRADED_CLOSED_LOOP,NO_POSITION,NO_POSITION,FRESHED,FRESHED,FRESH,FRESH,0,80.0,80.0,0.0,0.0,0.0,0.0,37.250686,126.674964,,
81.24999999999753,3,NO_POSITION,DEGRADED_CLOSED_LOOP,NO_POSITION,NO_POSITION,FRESHED,FRESHED,FRESH,FRESH,0,80.0,80.0,0.0,0.0,0.0,0.0,37.250686,126.674964,,
81.29999999999752,3,NO_POSITION,DEGRADED_CLOSED_LOOP,NO_POSITION,NO_POSITION,FRESHED,FRESHED,FRESH,FRESH,0,80.0,80.0,0.0,0.0,0.0,0.0,37.250686,126.674964,,
81.34999999999752,3,NO_POSITION,DEGRADED_CLOSED_LOOP,NO_POSITION,NO_POSITION,FRESHED,FRESHED,FRESH,FRESH,0,80.0,80.0,0.0,0.0,0.0,0.0,37.250686,126.674964,,
81.39999999999752,3,NO_POSITION,DEGRADED_CLOSED_LOOP,NO_POSITION,NO_POSITION,FRESHED,FRESHED,FRESH,FRESH,0,80.0,80.0,0.0,0.0,0.0,0.0,37.250686,126.674964,,
81.44999999999752,3,NO_POSITION,DEGRADED_FEEDFORWARD,NO_POSITION,NO_POSITION,FRESHED,FRESHED,STALE,FRESH,0,80.0,80.0,0.0,0.0,0.0,0.0,37.250686,126.674964,,
81.49999999999751,3,NO_POSITION,DEGRADED_FEEDFORWARD,NO_POSITION,NO_POSITION,FRESHED,FRESHED,STALE,FRESH,0,80.0,80.0,0.0,0.0,0.0,0.0,37.250686,126.674964,,
81.54999999999751,3,NO_POSITION,DEGRADED_FEEDFORWARD,NO_POSITION,NO_POSITION,FRESHED,FRESHED,STALE,FRESH,0,80.0,80.0,0.0,0.0,0.0,0.0,37.250686,126.674964,,
81.59999999999751,3,NO_POSITION,DEGRADED_FEEDFORWARD,NO_POSITION,NO_POSITION,FRESHED,FRESHED,STALE,FRESH,0,80.0,80.0,0.0,0.0,0.0,0.0,37.250686,126.674964,,
81.6499999999975,3,NO_POSITION,DEGRADED_FEEDFORWARD,NO_POSITION,NO_POSITION,FRESHED,FRESHED,STALE,FRESH,0,80.0,80.0,0.0,0.0,0.0,0.0,37.250686,126.674964,,
81.6999999999975,3,NO_POSITION,DEGRADED_FEEDFORWARD,NO_POSITION,NO_POSITION,FRESHED,FRESHED,STALE,FRESH,0,80.0,80.0,0.0,0.0,0.0,0.0,37.250686,126.674964,,
81.7499999999975,3,NO_POSITION,DEGRADED_FEEDFORWARD,NO_POSITION,NO_POSITION,FRESHED,FRESHED,STALE,STALE,0,80.0,80.0,0.0,0.0,0.0,0.0,37.250686,126.674964,,
81.7999999999975,3,NO_POSITION,DEGRADED_FEEDFORWARD,NO_POSITION,NO_POSITION,FRESHED,FRESHED,STALE,STALE,0,80.0,80.0,0.0,0.0,0.0,0.0,37.250686,126.674964,,
81.8499999999975,3,NO_POSITION,DEGRADED_FEEDFORWARD,NO_POSITION,NO_POSITION,FRESHED,FRESHED,STALE,STALE,0,80.0,80.0,0.0,0.0,0.0,0.0,37.250686,126.674964,,
81.89999999999749,3,NO_POSITION,DEGRADED_FEEDFORWARD,NO_POSITION,NO_POSITION,FRESHED,FRESHED,STALE,STALE,0,80.0,80.0,0.0,0.0,0.0,0.0,37.250686,126.674964,,
81.94999999999749,3,NO_POSITION,DEGRADED_FEEDFORWARD,NO_POSITION,NO_POSITION,FRESHED,FRESHED,STALE,STALE,0,80.0,80.0,0.0,0.0,0.0,0.0,37.250686,126.674964,,
81.99999999999748,3,NO_POSITION,DEGRADED_FEEDFORWARD,NO_POSITION,NO_POSITION,FRESHED,FRESHED,STALE,STALE,0,80.0,80.0,0.0,0.0,0.0,0.0,37.250686,126.674964,,
82.04999999999748,3,NO_POSITION,DEGRADED_FEEDFORWARD,NO_POSITION,NO_POSITION,FRESHED,FRESHED,STALE,STALE,0,80.0,80.0,0.0,0.0,0.0,0.0,37.250686,126.674964,,
82.09999999999748,3,NO_POSITION,DEGRADED_FEEDFORWARD,NO_POSITION,NO_POSITION,FRESHED,FRESHED,STALE,STALE,0,80.0,80.0,0.0,0.0,0.0,0.0,37.250686,126.674964,,
82.14999999999748,3,NO_POSITION,DEGRADED_FEEDFORWARD,NO_POSITION,NO_POSITION,FRESHED,FRESHED,STALE,STALE,0,80.0,80.0,0.0,0.0,0.0,0.0,37.250686,126.674964,,
82.19999999999747,3,NO_POSITION,NOMINAL_CLOSED_LOOP,NO_POSITION,NO_POSITION,FRESH,FRESH,FRESH,FRESH,0,80.0,80.0,0.0,0.0,0.0,0.0,37.250686,126.674964,,
82.24999999999747,3,NO_POSITION,NOMINAL_CLOSED_LOOP,NO_POSITION,NO_POSITION,FRESH,FRESH,FRESH,FRESH,0,80.0,80.0,0.0,0.0,0.0,0.0,37.250686,126.674964,,
82.29999999999747,3,NO_POSITION,NOMINAL_CLOSED_LOOP,NO_POSITION,NO_POSITION,FRESH,FRESH,FRESH,FRESH,0,80.0,80.0,0.0,0.0,0.0,0.0,37.250686,126.674964,,
82.34999999999746,3,NO_POSITION,NOMINAL_CLOSED_LOOP,NO_POSITION,NO_POSITION,FRESH,FRESH,FRESH,FRESH,0,80.0,80.0,0.0,0.0,0.0,0.0,37.250686,126.674964,,
82.39999999999746,3,NO_POSITION,NOMINAL_CLOSED_LOOP,NO_POSITION,NO_POSITION,FRESH,FRESH,FRESH,FRESH,0,80.0,80.0,0.0,0.0,0.0,0.0,37.250686,126.674964,,
82.44999999999746,3,NO_POSITION,NOMINAL_FEEDFORWARD,NO_POSITION,NO_POSITION,FRESH,FRESH,STALE,FRESH,0,80.0,80.0,0.0,0.0,0.0,0.0,37.250686,126.674964,,
82.49999999999746,3,NO_POSITION,NOMINAL_FEEDFORWARD,NO_POSITION,NO_POSITION,FRESH,FRESH,STALE,FRESH,0,80.0,80.0,0.0,0.0,0.0,0.0,37.250686,126.674964,,
82.54999999999745,3,NO_POSITION,NOMINAL_FEEDFORWARD,NO_POSITION,NO_POSITION,FRESH,FRESH,STALE,FRESH,0,80.0,80.0,0.0,0.0,0.0,0.0,37.250686,126.674964,,
82.59999999999745,3,NO_POSITION,NOMINAL_FEEDFORWARD,NO_POSITION,NO_POSITION,FRESH,FRESH,STALE,FRESH,0,80.0,80.0,0.0,0.0,0.0,0.0,37.250686,126.674964,,
82.64999999999745,3,NO_POSITION,NOMINAL_FEEDFORWARD,NO_POSITION,NO_POSITION,FRESH,FRESH,STALE,FRESH,0,80.0,80.0,0.0,0.0,0.0,0.0,37.250686,126.674964,,
82.69999999999744,3,NO_POSITION,NOMINAL_FEEDFORWARD,NO_POSITION,NO_POSITION,FRESH,FRESH,STALE,FRESH,0,80.0,80.0,0.0,0.0,0.0,0.0,37.250686,126.674964,,
82.74999999999744,3,NO_POSITION,NOMINAL_FEEDFORWARD,NO_POSITION,NO_POSITION,FRESH,FRESH,STALE,STALE,0,80.0,80.0,0.0,0.0,0.0,0.0,37.250686,126.674964,,
82.79999999999744,3,NO_POSITION,NOMINAL_FEEDFORWARD,NO_POSITION,NO_POSITION,FRESH,FRESH,STALE,STALE,0,80.0,80.0,0.0,0.0,0.0,0.0,37.250686,126.674964,,
82.84999999999744,3,NO_POSITION,NOMINAL_FEEDFORWARD,NO_POSITION,NO_POSITION,FRESH,FRESH,STALE,STALE,0,80.0,80.0,0.0,0.0,0.0,0.0,37.250686,126.674964,,
82.89999999999743,3,NO_POSITION,NOMINAL_FEEDFORWARD,NO_POSITION,NO_POSITION,FRESH,FRESH,STALE,STALE,0,80.0,80.0,0.0,0.0,0.0,0.0,37.250686,126.674964,,
82.94999999999743,3,NO_POSITION,NOMINAL_FEEDFORWARD,NO_POSITION,NO_POSITION,FRESH,FRESH,STALE,STALE,0,80.0,80.0,0.0,0.0,0.0,0.0,37.250686,126.674964,,
82.99999999999743,3,NO_POSITION,NOMINAL_FEEDFORWARD,NO_POSITION,NO_POSITION,FRESH,FRESH,STALE,STALE,0,80.0,80.0,0.0,0.0,0.0,0.0,37.250686,126.674964,,
83.04999999999742,3,NO_POSITION,NOMINAL_FEEDFORWARD,NO_POSITION,NO_POSITION,FRESH,FRESH,STALE,STALE,0,80.0,80.0,0.0,0.0,0.0,0.0,37.250686,126.674964,,
83.09999999999742,3,NO_POSITION,NOMINAL_FEEDFORWARD,NO_POSITION,NO_POSITION,FRESH,FRESH,STALE,STALE,0,80.0,80.0,0.0,0.0,0.0,0.0,37.250686,126.674964,,
83.14999999999742,3,NO_POSITION,NOMINAL_FEEDFORWARD,NO_POSITION,NO_POSITION,FRESH,FRESH,STALE,STALE,0,80.0,80.0,0.0,0.0,0.0,0.0,37.250686,126.674964,,
83.19999999999742,3,NO_POSITION,DEGRADED_CLOSED_LOOP,NO_POSITION,NO_POSITION,FRESH,FRESHED,FRESH,FRESH,0,80.0,80.0,0.0,0.0,0.0,0.0,37.250686,126.674964,,
83.24999999999741,3,NO_POSITION,DEGRADED_CLOSED_LOOP,NO_POSITION,NO_POSITION,FRESH,FRESHED,FRESH,FRESH,0,80.0,80.0,0.0,0.0,0.0,0.0,37.250686,126.674964,,
83.29999999999741,3,NO_POSITION,DEGRADED_CLOSED_LOOP,NO_POSITION,NO_POSITION,FRESH,FRESHED,FRESH,FRESH,0,80.0,80.0,0.0,0.0,0.0,0.0,37.250686,126.674964,,
83.34999999999741,3,NO_POSITION,DEGRADED_CLOSED_LOOP,NO_POSITION,NO_POSITION,FRESH,FRESHED,FRESH,FRESH,0,80.0,80.0,0.0,0.0,0.0,0.0,37.250686,126.674964,,
83.3999999999974,3,NO_POSITION,DEGRADED_CLOSED_LOOP,NO_POSITION,NO_POSITION,FRESH,FRESHED,FRESH,FRESH,0,80.0,80.0,0.0,0.0,0.0,0.0,37.250686,126.674964,,
83.4499999999974,3,NO_POSITION,DEGRADED_FEEDFORWARD,NO_POSITION,NO_POSITION,FRESH,FRESHED,STALE,FRESH,0,80.0,80.0,0.0,0.0,0.0,0.0,37.250686,126.674964,,
83.4999999999974,3,NO_POSITION,DEGRADED_FEEDFORWARD,NO_POSITION,NO_POSITION,FRESH,FRESHED,STALE,FRESH,0,80.0,80.0,0.0,0.0,0.0,0.0,37.250686,126.674964,,
83.5499999999974,3,NO_POSITION,DEGRADED_FEEDFORWARD,NO_POSITION,NO_POSITION,FRESH,FRESHED,STALE,FRESH,0,80.0,80.0,0.0,0.0,0.0,0.0,37.250686,126.674964,,
83.5999999999974,3,NO_POSITION,DEGRADED_FEEDFORWARD,NO_POSITION,NO_POSITION,FRESH,FRESHED,STALE,FRESH,0,80.0,80.0,0.0,0.0,0.0,0.0,37.250686,126.674964,,
83.64999999999739,3,NO_POSITION,DEGRADED_FEEDFORWARD,NO_POSITION,NO_POSITION,FRESH,FRESHED,STALE,FRESH,0,80.0,80.0,0.0,0.0,0.0,0.0,37.250686,126.674964,,
83.69999999999739,3,NO_POSITION,DEGRADED_FEEDFORWARD,NO_POSITION,NO_POSITION,FRESH,FRESHED,STALE,FRESH,0,80.0,80.0,0.0,0.0,0.0,0.0,37.250686,126.674964,,
83.74999999999739,3,NO_POSITION,DEGRADED_FEEDFORWARD,NO_POSITION,NO_POSITION,FRESH,FRESHED,STALE,STALE,0,80.0,80.0,0.0,0.0,0.0,0.0,37.250686,126.674964,,
83.79999999999738,3,NO_POSITION,DEGRADED_FEEDFORWARD,NO_POSITION,NO_POSITION,FRESH,FRESHED,STALE,STALE,0,80.0,80.0,0.0,0.0,0.0,0.0,37.250686,126.674964,,
83.84999999999738,3,NO_POSITION,DEGRADED_FEEDFORWARD,NO_POSITION,NO_POSITION,FRESH,FRESHED,STALE,STALE,0,80.0,80.0,0.0,0.0,0.0,0.0,37.250686,126.674964,,
83.89999999999738,3,NO_POSITION,DEGRADED_FEEDFORWARD,NO_POSITION,NO_POSITION,FRESH,FRESHED,STALE,STALE,0,80.0,80.0,0.0,0.0,0.0,0.0,37.250686,126.674964,,
83.94999999999737,3,NO_POSITION,DEGRADED_FEEDFORWARD,NO_POSITION,NO_POSITION,FRESH,FRESHED,STALE,STALE,0,80.0,80.0,0.0,0.0,0.0,0.0,37.250686,126.674964,,
83.99999999999737,3,NO_POSITION,DEGRADED_FEEDFORWARD,NO_POSITION,NO_POSITION,FRESH,FRESHED,STALE,STALE,0,80.0,80.0,0.0,0.0,0.0,0.0,37.250686,126.674964,,
84.04999999999737,3,NO_POSITION,DEGRADED_FEEDFORWARD,NO_POSITION,NO_POSITION,FRESH,FRESHED,STALE,STALE,0,80.0,80.0,0.0,0.0,0.0,0.0,37.250686,126.674964,,
84.09999999999737,3,NO_POSITION,DEGRADED_FEEDFORWARD,NO_POSITION,NO_POSITION,FRESH,FRESHED,STALE,STALE,0,80.0,80.0,0.0,0.0,0.0,0.0,37.250686,126.674964,,
84.14999999999736,3,NO_POSITION,DEGRADED_FEEDFORWARD,NO_POSITION,NO_POSITION,FRESH,FRESHED,STALE,STALE,0,80.0,80.0,0.0,0.0,0.0,0.0,37.250686,126.674964,,
84.19999999999736,3,NO_POSITION,DEGRADED_CLOSED_LOOP,NO_POSITION,NO_POSITION,FRESHED,FRESHED,FRESH,FRESH,0,80.0,80.0,0.0,0.0,0.0,0.0,37.250686,126.674964,,
84.24999999999736,3,NO_POSITION,DEGRADED_CLOSED_LOOP,NO_POSITION,NO_POSITION,FRESHED,FRESHED,FRESH,FRESH,0,80.0,80.0,0.0,0.0,0.0,0.0,37.250686,126.674964,,
84.29999999999735,3,NO_POSITION,DEGRADED_CLOSED_LOOP,NO_POSITION,NO_POSITION,FRESHED,FRESHED,FRESH,FRESH,0,80.0,80.0,0.0,0.0,0.0,0.0,37.250686,126.674964,,
84.34999999999735,3,NO_POSITION,DEGRADED_CLOSED_LOOP,NO_POSITION,NO_POSITION,FRESHED,FRESHED,FRESH,FRESH,0,80.0,80.0,0.0,0.0,0.0,0.0,37.250686,126.674964,,
84.39999999999735,3,NO_POSITION,DEGRADED_CLOSED_LOOP,NO_POSITION,NO_POSITION,FRESHED,FRESHED,FRESH,FRESH,0,80.0,80.0,0.0,0.0,0.0,0.0,37.250686,126.674964,,
84.44999999999735,3,NO_POSITION,DEGRADED_FEEDFORWARD,NO_POSITION,NO_POSITION,FRESHED,FRESHED,STALE,FRESH,0,80.0,80.0,0.0,0.0,0.0,0.0,37.250686,126.674964,,
84.49999999999734,3,NO_POSITION,DEGRADED_FEEDFORWARD,NO_POSITION,NO_POSITION,FRESHED,FRESHED,STALE,FRESH,0,80.0,80.0,0.0,0.0,0.0,0.0,37.250686,126.674964,,
84.54999999999734,3,NO_POSITION,DEGRADED_FEEDFORWARD,NO_POSITION,NO_POSITION,FRESHED,FRESHED,STALE,FRESH,0,80.0,80.0,0.0,0.0,0.0,0.0,37.250686,126.674964,,
84.59999999999734,3,NO_POSITION,DEGRADED_FEEDFORWARD,NO_POSITION,NO_POSITION,FRESHED,FRESHED,STALE,FRESH,0,80.0,80.0,0.0,0.0,0.0,0.0,37.250686,126.674964,,
84.64999999999733,3,NO_POSITION,DEGRADED_FEEDFORWARD,NO_POSITION,NO_POSITION,FRESHED,FRESHED,STALE,FRESH,0,80.0,80.0,0.0,0.0,0.0,0.0,37.250686,126.674964,,
84.69999999999733,3,NO_POSITION,DEGRADED_FEEDFORWARD,NO_POSITION,NO_POSITION,FRESHED,FRESHED,STALE,FRESH,0,80.0,80.0,0.0,0.0,0.0,0.0,37.250686,126.674964,,
84.74999999999733,3,NO_POSITION,DEGRADED_FEEDFORWARD,NO_POSITION,NO_POSITION,FRESHED,FRESHED,STALE,STALE,0,80.0,80.0,0.0,0.0,0.0,0.0,37.250686,126.674964,,
84.79999999999733,3,NO_POSITION,DEGRADED_FEEDFORWARD,NO_POSITION,NO_POSITION,FRESHED,FRESHED,STALE,STALE,0,80.0,80.0,0.0,0.0,0.0,0.0,37.250686,126.674964,,
84.84999999999732,3,NO_POSITION,DEGRADED_FEEDFORWARD,NO_POSITION,NO_POSITION,FRESHED,FRESHED,STALE,STALE,0,80.0,80.0,0.0,0.0,0.0,0.0,37.250686,126.674964,,
84.89999999999732,3,NO_POSITION,DEGRADED_FEEDFORWARD,NO_POSITION,NO_POSITION,FRESHED,FRESHED,STALE,STALE,0,80.0,80.0,0.0,0.0,0.0,0.0,37.250686,126.674964,,
84.94999999999732,3,NO_POSITION,DEGRADED_FEEDFORWARD,NO_POSITION,NO_POSITION,FRESHED,FRESHED,STALE,STALE,0,80.0,80.0,0.0,0.0,0.0,0.0,37.250686,126.674964,,
84.99999999999731,3,NO_POSITION,DEGRADED_FEEDFORWARD,NO_POSITION,NO_POSITION,FRESHED,FRESHED,STALE,STALE,0,80.0,80.0,0.0,0.0,0.0,0.0,37.250686,126.674964,,
85.04999999999731,3,NO_POSITION,DEGRADED_FEEDFORWARD,NO_POSITION,NO_POSITION,FRESHED,FRESHED,STALE,STALE,0,80.0,80.0,0.0,0.0,0.0,0.0,37.250686,126.674964,,
85.09999999999731,3,NO_POSITION,DEGRADED_FEEDFORWARD,NO_POSITION,NO_POSITION,FRESHED,FRESHED,STALE,STALE,0,80.0,80.0,0.0,0.0,0.0,0.0,37.250686,126.674964,,
85.1499999999973,3,NO_POSITION,DEGRADED_FEEDFORWARD,NO_POSITION,NO_POSITION,FRESHED,FRESHED,STALE,STALE,0,80.0,80.0,0.0,0.0,0.0,0.0,37.250686,126.674964,,
85.1999999999973,3,NO_POSITION,DEGRADED_CLOSED_LOOP,NO_POSITION,NO_POSITION,FRESHED,FRESHED,FRESH,FRESH,0,80.0,80.0,0.0,0.0,0.0,0.0,37.250686,126.674964,,
85.2499999999973,3,NO_POSITION,DEGRADED_CLOSED_LOOP,NO_POSITION,NO_POSITION,FRESHED,FRESHED,FRESH,FRESH,0,80.0,80.0,0.0,0.0,0.0,0.0,37.250686,126.674964,,
85.2999999999973,3,NO_POSITION,DEGRADED_CLOSED_LOOP,NO_POSITION,NO_POSITION,FRESHED,FRESHED,FRESH,FRESH,0,80.0,80.0,0.0,0.0,0.0,0.0,37.250686,126.674964,,
85.3499999999973,3,NO_POSITION,DEGRADED_CLOSED_LOOP,NO_POSITION,NO_POSITION,FRESHED,FRESHED,FRESH,FRESH,0,80.0,80.0,0.0,0.0,0.0,0.0,37.250686,126.674964,,
85.39999999999729,3,NO_POSITION,DEGRADED_CLOSED_LOOP,NO_POSITION,NO_POSITION,FRESHED,FRESHED,FRESH,FRESH,0,80.0,80.0,0.0,0.0,0.0,0.0,37.250686,126.674964,,
85.44999999999729,3,NO_POSITION,DEGRADED_FEEDFORWARD,NO_POSITION,NO_POSITION,FRESHED,FRESHED,STALE,FRESH,0,80.0,80.0,0.0,0.0,0.0,0.0,37.250686,126.674964,,
85.49999999999729,3,NO_POSITION,DEGRADED_FEEDFORWARD,NO_POSITION,NO_POSITION,FRESHED,FRESHED,STALE,FRESH,0,80.0,80.0,0.0,0.0,0.0,0.0,37.250686,126.674964,,
85.54999999999728,3,NO_POSITION,DEGRADED_FEEDFORWARD,NO_POSITION,NO_POSITION,FRESHED,FRESHED,STALE,FRESH,0,80.0,80.0,0.0,0.0,0.0,0.0,37.250686,126.674964,,
85.59999999999728,3,NO_POSITION,DEGRADED_FEEDFORWARD,NO_POSITION,NO_POSITION,FRESHED,FRESHED,STALE,FRESH,0,80.0,80.0,0.0,0.0,0.0,0.0,37.250686,126.674964,,
85.64999999999728,3,NO_POSITION,DEGRADED_FEEDFORWARD,NO_POSITION,NO_POSITION,FRESHED,FRESHED,STALE,FRESH,0,80.0,80.0,0.0,0.0,0.0,0.0,37.250686,126.674964,,
85.69999999999727,3,NO_POSITION,DEGRADED_FEEDFORWARD,NO_POSITION,NO_POSITION,FRESHED,FRESHED,STALE,FRESH,0,80.0,80.0,0.0,0.0,0.0,0.0,37.250686,126.674964,,
85.74999999999727,3,NO_POSITION,DEGRADED_FEEDFORWARD,NO_POSITION,NO_POSITION,FRESHED,FRESHED,STALE,STALE,0,80.0,80.0,0.0,0.0,0.0,0.0,37.250686,126.674964,,
85.79999999999727,3,NO_POSITION,DEGRADED_FEEDFORWARD,NO_POSITION,NO_POSITION,FRESHED,FRESHED,STALE,STALE,0,80.0,80.0,0.0,0.0,0.0,0.0,37.250686,126.674964,,
85.84999999999727,3,NO_POSITION,DEGRADED_FEEDFORWARD,NO_POSITION,NO_POSITION,FRESHED,FRESHED,STALE,STALE,0,80.0,80.0,0.0,0.0,0.0,0.0,37.250686,126.674964,,
85.89999999999726,3,NO_POSITION,DEGRADED_FEEDFORWARD,NO_POSITION,NO_POSITION,FRESHED,FRESHED,STALE,STALE,0,80.0,80.0,0.0,0.0,0.0,0.0,37.250686,126.674964,,
85.94999999999726,3,NO_POSITION,DEGRADED_FEEDFORWARD,NO_POSITION,NO_POSITION,FRESHED,FRESHED,STALE,STALE,0,80.0,80.0,0.0,0.0,0.0,0.0,37.250686,126.674964,,
85.99999999999726,3,NO_POSITION,DEGRADED_FEEDFORWARD,NO_POSITION,NO_POSITION,FRESHED,FRESHED,STALE,STALE,0,80.0,80.0,0.0,0.0,0.0,0.0,37.250686,126.674964,,
86.04999999999725,3,NO_POSITION,DEGRADED_FEEDFORWARD,NO_POSITION,NO_POSITION,FRESHED,FRESHED,STALE,STALE,0,80.0,80.0,0.0,0.0,0.0,0.0,37.250686,126.674964,,
86.09999999999725,3,NO_POSITION,DEGRADED_FEEDFORWARD,NO_POSITION,NO_POSITION,FRESHED,FRESHED,STALE,STALE,0,80.0,80.0,0.0,0.0,0.0,0.0,37.250686,126.674964,,
86.14999999999725,3,NO_POSITION,DEGRADED_FEEDFORWARD,NO_POSITION,NO_POSITION,FRESHED,FRESHED,STALE,STALE,0,80.0,80.0,0.0,0.0,0.0,0.0,37.250686,126.674964,,
86.19999999999725,3,NO_POSITION,DEGRADED_CLOSED_LOOP,NO_POSITION,NO_POSITION,FRESHED,FRESHED,FRESH,FRESH,0,80.0,80.0,0.0,0.0,0.0,0.0,37.250686,126.674964,,
86.24999999999724,3,NO_POSITION,DEGRADED_CLOSED_LOOP,NO_POSITION,NO_POSITION,FRESHED,FRESHED,FRESH,FRESH,0,80.0,80.0,0.0,0.0,0.0,0.0,37.250686,126.674964,,
86.29999999999724,3,NO_POSITION,DEGRADED_CLOSED_LOOP,NO_POSITION,NO_POSITION,FRESHED,FRESHED,FRESH,FRESH,0,80.0,80.0,0.0,0.0,0.0,0.0,37.250686,126.674964,,
86.34999999999724,3,NO_POSITION,DEGRADED_CLOSED_LOOP,NO_POSITION,NO_POSITION,FRESHED,FRESHED,FRESH,FRESH,0,80.0,80.0,0.0,0.0,0.0,0.0,37.250686,126.674964,,
86.39999999999723,3,NO_POSITION,DEGRADED_CLOSED_LOOP,NO_POSITION,NO_POSITION,FRESHED,FRESHED,FRESH,FRESH,0,80.0,80.0,0.0,0.0,0.0,0.0,37.250686,126.674964,,
86.44999999999723,3,NO_POSITION,DEGRADED_FEEDFORWARD,NO_POSITION,NO_POSITION,FRESHED,FRESHED,STALE,FRESH,0,80.0,80.0,0.0,0.0,0.0,0.0,37.250686,126.674964,,
86.49999999999723,3,NO_POSITION,DEGRADED_FEEDFORWARD,NO_POSITION,NO_POSITION,FRESHED,FRESHED,STALE,FRESH,0,80.0,80.0,0.0,0.0,0.0,0.0,37.250686,126.674964,,
86.54999999999723,3,NO_POSITION,DEGRADED_FEEDFORWARD,NO_POSITION,NO_POSITION,FRESHED,FRESHED,STALE,FRESH,0,80.0,80.0,0.0,0.0,0.0,0.0,37.250686,126.674964,,
86.59999999999722,3,NO_POSITION,DEGRADED_FEEDFORWARD,NO_POSITION,NO_POSITION,FRESHED,FRESHED,STALE,FRESH,0,80.0,80.0,0.0,0.0,0.0,0.0,37.250686,126.674964,,
86.64999999999722,3,NO_POSITION,DEGRADED_FEEDFORWARD,NO_POSITION,NO_POSITION,FRESHED,FRESHED,STALE,FRESH,0,80.0,80.0,0.0,0.0,0.0,0.0,37.250686,126.674964,,
86.69999999999722,3,NO_POSITION,DEGRADED_FEEDFORWARD,NO_POSITION,NO_POSITION,FRESHED,FRESHED,STALE,FRESH,0,80.0,80.0,0.0,0.0,0.0,0.0,37.250686,126.674964,,
86.74999999999721,3,NO_POSITION,DEGRADED_FEEDFORWARD,NO_POSITION,NO_POSITION,FRESHED,FRESHED,STALE,STALE,0,80.0,80.0,0.0,0.0,0.0,0.0,37.250686,126.674964,,
86.79999999999721,3,NO_POSITION,DEGRADED_FEEDFORWARD,NO_POSITION,NO_POSITION,FRESHED,FRESHED,STALE,STALE,0,80.0,80.0,0.0,0.0,0.0,0.0,37.250686,126.674964,,
86.84999999999721,3,NO_POSITION,DEGRADED_FEEDFORWARD,NO_POSITION,NO_POSITION,FRESHED,FRESHED,STALE,STALE,0,80.0,80.0,0.0,0.0,0.0,0.0,37.250686,126.674964,,
86.8999999999972,3,NO_POSITION,DEGRADED_FEEDFORWARD,NO_POSITION,NO_POSITION,FRESHED,FRESHED,STALE,STALE,0,80.0,80.0,0.0,0.0,0.0,0.0,37.250686,126.674964,,
86.9499999999972,3,NO_POSITION,DEGRADED_FEEDFORWARD,NO_POSITION,NO_POSITION,FRESHED,FRESHED,STALE,STALE,0,80.0,80.0,0.0,0.0,0.0,0.0,37.250686,126.674964,,
86.9999999999972,3,NO_POSITION,DEGRADED_FEEDFORWARD,NO_POSITION,NO_POSITION,FRESHED,FRESHED,STALE,STALE,0,80.0,80.0,0.0,0.0,0.0,0.0,37.250686,126.674964,,
87.0499999999972,3,NO_POSITION,DEGRADED_FEEDFORWARD,NO_POSITION,NO_POSITION,FRESHED,FRESHED,STALE,STALE,0,80.0,80.0,0.0,0.0,0.0,0.0,37.250686,126.674964,,
87.0999999999972,3,NO_POSITION,DEGRADED_FEEDFORWARD,NO_POSITION,NO_POSITION,FRESHED,FRESHED,STALE,STALE,0,80.0,80.0,0.0,0.0,0.0,0.0,37.250686,126.674964,,
87.14999999999719,3,NO_POSITION,DEGRADED_FEEDFORWARD,NO_POSITION,NO_POSITION,FRESHED,FRESHED,STALE,STALE,0,80.0,80.0,0.0,0.0,0.0,0.0,37.250686,126.674964,,
87.19999999999719,3,NO_POSITION,NOMINAL_CLOSED_LOOP,NO_POSITION,NO_POSITION,FRESH,FRESH,FRESH,FRESH,0,80.0,80.0,0.0,0.0,0.0,0.0,37.250686,126.674964,,
87.24999999999719,3,NO_POSITION,NOMINAL_CLOSED_LOOP,NO_POSITION,NO_POSITION,FRESH,FRESH,FRESH,FRESH,0,80.0,80.0,0.0,0.0,0.0,0.0,37.250686,126.674964,,
87.29999999999718,3,NO_POSITION,NOMINAL_CLOSED_LOOP,NO_POSITION,NO_POSITION,FRESH,FRESH,FRESH,FRESH,0,80.0,80.0,0.0,0.0,0.0,0.0,37.250686,126.674964,,
87.34999999999718,3,NO_POSITION,NOMINAL_CLOSED_LOOP,NO_POSITION,NO_POSITION,FRESH,FRESH,FRESH,FRESH,0,80.0,80.0,0.0,0.0,0.0,0.0,37.250686,126.674964,,
87.39999999999718,3,NO_POSITION,NOMINAL_CLOSED_LOOP,NO_POSITION,NO_POSITION,FRESH,FRESH,FRESH,FRESH,0,80.0,80.0,0.0,0.0,0.0,0.0,37.250686,126.674964,,
87.44999999999717,3,NO_POSITION,NOMINAL_FEEDFORWARD,NO_POSITION,NO_POSITION,FRESH,FRESH,STALE,FRESH,0,80.0,80.0,0.0,0.0,0.0,0.0,37.250686,126.674964,,
87.49999999999717,3,NO_POSITION,NOMINAL_FEEDFORWARD,NO_POSITION,NO_POSITION,FRESH,FRESH,STALE,FRESH,0,80.0,80.0,0.0,0.0,0.0,0.0,37.250686,126.674964,,
87.54999999999717,3,NO_POSITION,NOMINAL_FEEDFORWARD,NO_POSITION,NO_POSITION,FRESH,FRESH,STALE,FRESH,0,80.0,80.0,0.0,0.0,0.0,0.0,37.250686,126.674964,,
87.59999999999717,3,NO_POSITION,NOMINAL_FEEDFORWARD,NO_POSITION,NO_POSITION,FRESH,FRESH,STALE,FRESH,0,80.0,80.0,0.0,0.0,0.0,0.0,37.250686,126.674964,,
87.64999999999716,3,NO_POSITION,NOMINAL_FEEDFORWARD,NO_POSITION,NO_POSITION,FRESH,FRESH,STALE,FRESH,0,80.0,80.0,0.0,0.0,0.0,0.0,37.250686,126.674964,,
87.69999999999716,3,NO_POSITION,NOMINAL_FEEDFORWARD,NO_POSITION,NO_POSITION,FRESH,FRESH,STALE,FRESH,0,80.0,80.0,0.0,0.0,0.0,0.0,37.250686,126.674964,,
87.74999999999716,3,NO_POSITION,NOMINAL_FEEDFORWARD,NO_POSITION,NO_POSITION,FRESH,FRESH,STALE,STALE,0,80.0,80.0,0.0,0.0,0.0,0.0,37.250686,126.674964,,
87.79999999999715,3,NO_POSITION,NOMINAL_FEEDFORWARD,NO_POSITION,NO_POSITION,FRESH,FRESH,STALE,STALE,0,80.0,80.0,0.0,0.0,0.0,0.0,37.250686,126.674964,,
87.84999999999715,3,NO_POSITION,NOMINAL_FEEDFORWARD,NO_POSITION,NO_POSITION,FRESH,FRESH,STALE,STALE,0,80.0,80.0,0.0,0.0,0.0,0.0,37.250686,126.674964,,
87.89999999999715,3,NO_POSITION,NOMINAL_FEEDFORWARD,NO_POSITION,NO_POSITION,FRESH,FRESH,STALE,STALE,0,80.0,80.0,0.0,0.0,0.0,0.0,37.250686,126.674964,,
87.94999999999715,3,NO_POSITION,NOMINAL_FEEDFORWARD,NO_POSITION,NO_POSITION,FRESH,FRESH,STALE,STALE,0,80.0,80.0,0.0,0.0,0.0,0.0,37.250686,126.674964,,
87.99999999999714,3,NO_POSITION,NOMINAL_FEEDFORWARD,NO_POSITION,NO_POSITION,FRESH,FRESH,STALE,STALE,0,80.0,80.0,0.0,0.0,0.0,0.0,37.250686,126.674964,,
88.04999999999714,3,NO_POSITION,NOMINAL_FEEDFORWARD,NO_POSITION,NO_POSITION,FRESH,FRESH,STALE,STALE,0,80.0,80.0,0.0,0.0,0.0,0.0,37.250686,126.674964,,
88.09999999999714,3,NO_POSITION,NOMINAL_FEEDFORWARD,NO_POSITION,NO_POSITION,FRESH,FRESH,STALE,STALE,0,80.0,80.0,0.0,0.0,0.0,0.0,37.250686,126.674964,,
88.14999999999714,3,NO_POSITION,NOMINAL_FEEDFORWARD,NO_POSITION,NO_POSITION,FRESH,FRESH,STALE,STALE,0,80.0,80.0,0.0,0.0,0.0,0.0,37.250686,126.674964,,
88.19999999999713,3,NO_POSITION,DEGRADED_CLOSED_LOOP,NO_POSITION,NO_POSITION,FRESH,FRESHED,FRESH,FRESH,0,80.0,80.0,0.0,0.0,0.0,0.0,37.250686,126.674964,,
88.24999999999713,3,NO_POSITION,DEGRADED_CLOSED_LOOP,NO_POSITION,NO_POSITION,FRESH,FRESHED,FRESH,FRESH,0,80.0,80.0,0.0,0.0,0.0,0.0,37.250686,126.674964,,
88.29999999999713,3,NO_POSITION,DEGRADED_CLOSED_LOOP,NO_POSITION,NO_POSITION,FRESH,FRESHED,FRESH,FRESH,0,80.0,80.0,0.0,0.0,0.0,0.0,37.250686,126.674964,,
88.34999999999712,3,NO_POSITION,DEGRADED_CLOSED_LOOP,NO_POSITION,NO_POSITION,FRESH,FRESHED,FRESH,FRESH,0,80.0,80.0,0.0,0.0,0.0,0.0,37.250686,126.674964,,
88.39999999999712,3,NO_POSITION,DEGRADED_CLOSED_LOOP,NO_POSITION,NO_POSITION,FRESH,FRESHED,FRESH,FRESH,0,80.0,80.0,0.0,0.0,0.0,0.0,37.250686,126.674964,,
88.44999999999712,3,NO_POSITION,DEGRADED_FEEDFORWARD,NO_POSITION,NO_POSITION,FRESH,FRESHED,STALE,FRESH,0,80.0,80.0,0.0,0.0,0.0,0.0,37.250686,126.674964,,
88.49999999999712,3,NO_POSITION,DEGRADED_FEEDFORWARD,NO_POSITION,NO_POSITION,FRESH,FRESHED,STALE,FRESH,0,80.0,80.0,0.0,0.0,0.0,0.0,37.250686,126.674964,,
88.54999999999711,3,NO_POSITION,DEGRADED_FEEDFORWARD,NO_POSITION,NO_POSITION,FRESH,FRESHED,STALE,FRESH,0,80.0,80.0,0.0,0.0,0.0,0.0,37.250686,126.674964,,
88.59999999999711,3,NO_POSITION,DEGRADED_FEEDFORWARD,NO_POSITION,NO_POSITION,FRESH,FRESHED,STALE,FRESH,0,80.0,80.0,0.0,0.0,0.0,0.0,37.250686,126.674964,,
88.6499999999971,3,NO_POSITION,DEGRADED_FEEDFORWARD,NO_POSITION,NO_POSITION,FRESH,FRESHED,STALE,FRESH,0,80.0,80.0,0.0,0.0,0.0,0.0,37.250686,126.674964,,
88.6999999999971,3,NO_POSITION,DEGRADED_FEEDFORWARD,NO_POSITION,NO_POSITION,FRESH,FRESHED,STALE,FRESH,0,80.0,80.0,0.0,0.0,0.0,0.0,37.250686,126.674964,,
88.7499999999971,3,NO_POSITION,DEGRADED_FEEDFORWARD,NO_POSITION,NO_POSITION,FRESH,FRESHED,STALE,STALE,0,80.0,80.0,0.0,0.0,0.0,0.0,37.250686,126.674964,,
88.7999999999971,3,NO_POSITION,DEGRADED_FEEDFORWARD,NO_POSITION,NO_POSITION,FRESH,FRESHED,STALE,STALE,0,80.0,80.0,0.0,0.0,0.0,0.0,37.250686,126.674964,,
88.8499999999971,3,NO_POSITION,DEGRADED_FEEDFORWARD,NO_POSITION,NO_POSITION,FRESH,FRESHED,STALE,STALE,0,80.0,80.0,0.0,0.0,0.0,0.0,37.250686,126.674964,,
88.89999999999709,3,NO_POSITION,DEGRADED_FEEDFORWARD,NO_POSITION,NO_POSITION,FRESH,FRESHED,STALE,STALE,0,80.0,80.0,0.0,0.0,0.0,0.0,37.250686,126.674964,,
88.94999999999709,3,NO_POSITION,DEGRADED_FEEDFORWARD,NO_POSITION,NO_POSITION,FRESH,FRESHED,STALE,STALE,0,80.0,80.0,0.0,0.0,0.0,0.0,37.250686,126.674964,,
88.99999999999709,3,NO_POSITION,DEGRADED_FEEDFORWARD,NO_POSITION,NO_POSITION,FRESH,FRESHED,STALE,STALE,0,80.0,80.0,0.0,0.0,0.0,0.0,37.250686,126.674964,,
89.04999999999708,3,NO_POSITION,DEGRADED_FEEDFORWARD,NO_POSITION,NO_POSITION,FRESH,FRESHED,STALE,STALE,0,80.0,80.0,0.0,0.0,0.0,0.0,37.250686,126.674964,,
89.09999999999708,3,NO_POSITION,DEGRADED_FEEDFORWARD,NO_POSITION,NO_POSITION,FRESH,FRESHED,STALE,STALE,0,80.0,80.0,0.0,0.0,0.0,0.0,37.250686,126.674964,,
89.14999999999708,3,NO_POSITION,DEGRADED_FEEDFORWARD,NO_POSITION,NO_POSITION,FRESH,FRESHED,STALE,STALE,0,80.0,80.0,0.0,0.0,0.0,0.0,37.250686,126.674964,,
89.19999999999708,3,NO_POSITION,DEGRADED_CLOSED_LOOP,NO_POSITION,NO_POSITION,FRESH,FRESHED,FRESH,FRESH,0,80.0,80.0,0.0,0.0,0.0,0.0,37.250686,126.674964,,
89.24999999999707,3,NO_POSITION,DEGRADED_CLOSED_LOOP,NO_POSITION,NO_POSITION,FRESH,FRESHED,FRESH,FRESH,0,80.0,80.0,0.0,0.0,0.0,0.0,37.250686,126.674964,,
89.29999999999707,3,NO_POSITION,DEGRADED_CLOSED_LOOP,NO_POSITION,NO_POSITION,FRESH,FRESHED,FRESH,FRESH,0,80.0,80.0,0.0,0.0,0.0,0.0,37.250686,126.674964,,
89.34999999999707,3,NO_POSITION,DEGRADED_CLOSED_LOOP,NO_POSITION,NO_POSITION,FRESH,FRESHED,FRESH,FRESH,0,80.0,80.0,0.0,0.0,0.0,0.0,37.250686,126.674964,,
89.39999999999706,3,NO_POSITION,DEGRADED_CLOSED_LOOP,NO_POSITION,NO_POSITION,FRESH,FRESHED,FRESH,FRESH,0,80.0,80.0,0.0,0.0,0.0,0.0,37.250686,126.674964,,
89.44999999999706,3,NO_POSITION,DEGRADED_FEEDFORWARD,NO_POSITION,NO_POSITION,FRESH,FRESHED,STALE,FRESH,0,80.0,80.0,0.0,0.0,0.0,0.0,37.250686,126.674964,,
89.49999999999706,3,NO_POSITION,DEGRADED_FEEDFORWARD,NO_POSITION,NO_POSITION,FRESH,FRESHED,STALE,FRESH,0,80.0,80.0,0.0,0.0,0.0,0.0,37.250686,126.674964,,
89.54999999999706,3,NO_POSITION,DEGRADED_FEEDFORWARD,NO_POSITION,NO_POSITION,FRESH,FRESHED,STALE,FRESH,0,80.0,80.0,0.0,0.0,0.0,0.0,37.250686,126.674964,,
89.59999999999705,3,NO_POSITION,DEGRADED_FEEDFORWARD,NO_POSITION,NO_POSITION,FRESH,FRESHED,STALE,FRESH,0,80.0,80.0,0.0,0.0,0.0,0.0,37.250686,126.674964,,
89.64999999999705,3,NO_POSITION,DEGRADED_FEEDFORWARD,NO_POSITION,NO_POSITION,FRESH,FRESHED,STALE,FRESH,0,80.0,80.0,0.0,0.0,0.0,0.0,37.250686,126.674964,,
89.69999999999705,3,NO_POSITION,DEGRADED_FEEDFORWARD,NO_POSITION,NO_POSITION,FRESH,FRESHED,STALE,FRESH,0,80.0,80.0,0.0,0.0,0.0,0.0,37.250686,126.674964,,
89.74999999999704,3,NO_POSITION,DEGRADED_FEEDFORWARD,NO_POSITION,NO_POSITION,FRESH,FRESHED,STALE,STALE,0,80.0,80.0,0.0,0.0,0.0,0.0,37.250686,126.674964,,
89.79999999999704,3,NO_POSITION,DEGRADED_FEEDFORWARD,NO_POSITION,NO_POSITION,FRESH,FRESHED,STALE,STALE,0,80.0,80.0,0.0,0.0,0.0,0.0,37.250686,126.674964,,
89.84999999999704,3,NO_POSITION,DEGRADED_FEEDFORWARD,NO_POSITION,NO_POSITION,FRESH,FRESHED,STALE,STALE,0,80.0,80.0,0.0,0.0,0.0,0.0,37.250686,126.674964,,
89.89999999999704,3,NO_POSITION,DEGRADED_FEEDFORWARD,NO_POSITION,NO_POSITION,FRESH,FRESHED,STALE,STALE,0,80.0,80.0,0.0,0.0,0.0,0.0,37.250686,126.674964,,
89.94999999999703,3,NO_POSITION,DEGRADED_FEEDFORWARD,NO_POSITION,NO_POSITION,FRESH,FRESHED,STALE,STALE,0,80.0,80.0,0.0,0.0,0.0,0.0,37.250686,126.674964,,
89.99999999999703,3,NO_POSITION,DEGRADED_FEEDFORWARD,NO_POSITION,NO_POSITION,FRESH,FRESHED,STALE,STALE,0,80.0,80.0,0.0,0.0,0.0,0.0,37.250686,126.674964,,
90.04999999999703,3,NO_POSITION,DEGRADED_FEEDFORWARD,NO_POSITION,NO_POSITION,FRESH,FRESHED,STALE,STALE,0,80.0,80.0,0.0,0.0,0.0,0.0,37.250686,126.674964,,
90.09999999999702,3,NO_POSITION,DEGRADED_FEEDFORWARD,NO_POSITION,NO_POSITION,FRESH,FRESHED,STALE,STALE,0,80.0,80.0,0.0,0.0,0.0,0.0,37.250686,126.674964,,
90.14999999999702,3,NO_POSITION,DEGRADED_FEEDFORWARD,NO_POSITION,NO_POSITION,FRESH,FRESHED,STALE,STALE,0,80.0,80.0,0.0,0.0,0.0,0.0,37.250686,126.674964,,
90.19999999999702,3,NO_POSITION,DEGRADED_CLOSED_LOOP,NO_POSITION,NO_POSITION,FRESH,FRESHED,FRESH,FRESH,0,80.0,80.0,0.0,0.0,0.0,0.0,37.250686,126.674964,,
90.24999999999702,3,NO_POSITION,DEGRADED_CLOSED_LOOP,NO_POSITION,NO_POSITION,FRESH,FRESHED,FRESH,FRESH,0,80.0,80.0,0.0,0.0,0.0,0.0,37.250686,126.674964,,
90.29999999999701,3,NO_POSITION,DEGRADED_CLOSED_LOOP,NO_POSITION,NO_POSITION,FRESH,FRESHED,FRESH,FRESH,0,80.0,80.0,0.0,0.0,0.0,0.0,37.250686,126.674964,,
90.34999999999701,3,NO_POSITION,DEGRADED_CLOSED_LOOP,NO_POSITION,NO_POSITION,FRESH,FRESHED,FRESH,FRESH,0,80.0,80.0,0.0,0.0,0.0,0.0,37.250686,126.674964,,
90.39999999999701,3,NO_POSITION,DEGRADED_CLOSED_LOOP,NO_POSITION,NO_POSITION,FRESH,FRESHED,FRESH,FRESH,0,80.0,80.0,0.0,0.0,0.0,0.0,37.250686,126.674964,,
90.449999999997,3,NO_POSITION,DEGRADED_FEEDFORWARD,NO_POSITION,NO_POSITION,FRESH,FRESHED,STALE,FRESH,0,80.0,80.0,0.0,0.0,0.0,0.0,37.250686,126.674964,,
90.499999999997,3,NO_POSITION,DEGRADED_FEEDFORWARD,NO_POSITION,NO_POSITION,FRESH,FRESHED,STALE,FRESH,0,80.0,80.0,0.0,0.0,0.0,0.0,37.250686,126.674964,,
90.549999999997,3,NO_POSITION,DEGRADED_FEEDFORWARD,NO_POSITION,NO_POSITION,FRESH,FRESHED,STALE,FRESH,0,80.0,80.0,0.0,0.0,0.0,0.0,37.250686,126.674964,,
90.599999999997,3,NO_POSITION,DEGRADED_FEEDFORWARD,NO_POSITION,NO_POSITION,FRESH,FRESHED,STALE,FRESH,0,80.0,80.0,0.0,0.0,0.0,0.0,37.250686,126.674964,,
90.649999999997,3,NO_POSITION,DEGRADED_FEEDFORWARD,NO_POSITION,NO_POSITION,FRESH,FRESHED,STALE,FRESH,0,80.0,80.0,0.0,0.0,0.0,0.0,37.250686,126.674964,,
90.69999999999699,3,NO_POSITION,DEGRADED_FEEDFORWARD,NO_POSITION,NO_POSITION,FRESH,FRESHED,STALE,FRESH,0,80.0,80.0,0.0,0.0,0.0,0.0,37.250686,126.674964,,
90.74999999999699,3,NO_POSITION,DEGRADED_FEEDFORWARD,NO_POSITION,NO_POSITION,FRESH,FRESHED,STALE,STALE,0,80.0,80.0,0.0,0.0,0.0,0.0,37.250686,126.674964,,
90.79999999999698,3,NO_POSITION,DEGRADED_FEEDFORWARD,NO_POSITION,NO_POSITION,FRESH,FRESHED,STALE,STALE,0,80.0,80.0,0.0,0.0,0.0,0.0,37.250686,126.674964,,
90.84999999999698,3,NO_POSITION,DEGRADED_FEEDFORWARD,NO_POSITION,NO_POSITION,FRESH,FRESHED,STALE,STALE,0,80.0,80.0,0.0,0.0,0.0,0.0,37.250686,126.674964,,
90.89999999999698,3,NO_POSITION,DEGRADED_FEEDFORWARD,NO_POSITION,NO_POSITION,FRESH,FRESHED,STALE,STALE,0,80.0,80.0,0.0,0.0,0.0,0.0,37.250686,126.674964,,
90.94999999999698,3,NO_POSITION,DEGRADED_FEEDFORWARD,NO_POSITION,NO_POSITION,FRESH,FRESHED,STALE,STALE,0,80.0,80.0,0.0,0.0,0.0,0.0,37.250686,126.674964,,
90.99999999999697,3,NO_POSITION,DEGRADED_FEEDFORWARD,NO_POSITION,NO_POSITION,FRESH,FRESHED,STALE,STALE,0,80.0,80.0,0.0,0.0,0.0,0.0,37.250686,126.674964,,
91.04999999999697,3,NO_POSITION,DEGRADED_FEEDFORWARD,NO_POSITION,NO_POSITION,FRESH,FRESHED,STALE,STALE,0,80.0,80.0,0.0,0.0,0.0,0.0,37.250686,126.674964,,
91.09999999999697,3,NO_POSITION,DEGRADED_FEEDFORWARD,NO_POSITION,NO_POSITION,FRESH,FRESHED,STALE,STALE,0,80.0,80.0,0.0,0.0,0.0,0.0,37.250686,126.674964,,
91.14999999999696,3,NO_POSITION,DEGRADED_FEEDFORWARD,NO_POSITION,NO_POSITION,FRESH,FRESHED,STALE,STALE,0,80.0,80.0,0.0,0.0,0.0,0.0,37.250686,126.674964,,
91.19999999999696,3,NO_POSITION,DEGRADED_CLOSED_LOOP,NO_POSITION,NO_POSITION,FRESH,FRESHED,FRESH,FRESH,0,80.0,80.0,0.0,0.0,0.0,0.0,37.250686,126.674964,,
91.24999999999696,3,NO_POSITION,DEGRADED_CLOSED_LOOP,NO_POSITION,NO_POSITION,FRESH,FRESHED,FRESH,FRESH,0,80.0,80.0,0.0,0.0,0.0,0.0,37.250686,126.674964,,
91.29999999999696,3,NO_POSITION,DEGRADED_CLOSED_LOOP,NO_POSITION,NO_POSITION,FRESH,FRESHED,FRESH,FRESH,0,80.0,80.0,0.0,0.0,0.0,0.0,37.250686,126.674964,,
91.34999999999695,3,NO_POSITION,DEGRADED_CLOSED_LOOP,NO_POSITION,NO_POSITION,FRESH,FRESHED,FRESH,FRESH,0,80.0,80.0,0.0,0.0,0.0,0.0,37.250686,126.674964,,
91.39999999999695,3,NO_POSITION,DEGRADED_CLOSED_LOOP,NO_POSITION,NO_POSITION,FRESH,FRESHED,FRESH,FRESH,0,80.0,80.0,0.0,0.0,0.0,0.0,37.250686,126.674964,,
91.44999999999695,3,NO_POSITION,DEGRADED_FEEDFORWARD,NO_POSITION,NO_POSITION,FRESH,FRESHED,STALE,FRESH,0,80.0,80.0,0.0,0.0,0.0,0.0,37.250686,126.674964,,
91.49999999999694,3,NO_POSITION,DEGRADED_FEEDFORWARD,NO_POSITION,NO_POSITION,FRESH,FRESHED,STALE,FRESH,0,80.0,80.0,0.0,0.0,0.0,0.0,37.250686,126.674964,,
91.54999999999694,3,NO_POSITION,DEGRADED_FEEDFORWARD,NO_POSITION,NO_POSITION,FRESH,FRESHED,STALE,FRESH,0,80.0,80.0,0.0,0.0,0.0,0.0,37.250686,126.674964,,
91.59999999999694,3,NO_POSITION,DEGRADED_FEEDFORWARD,NO_POSITION,NO_POSITION,FRESH,FRESHED,STALE,FRESH,0,80.0,80.0,0.0,0.0,0.0,0.0,37.250686,126.674964,,
91.64999999999694,3,NO_POSITION,DEGRADED_FEEDFORWARD,NO_POSITION,NO_POSITION,FRESH,FRESHED,STALE,FRESH,0,80.0,80.0,0.0,0.0,0.0,0.0,37.250686,126.674964,,
91.69999999999693,3,NO_POSITION,DEGRADED_FEEDFORWARD,NO_POSITION,NO_POSITION,FRESH,FRESHED,STALE,FRESH,0,80.0,80.0,0.0,0.0,0.0,0.0,37.250686,126.674964,,
91.74999999999693,3,NO_POSITION,DEGRADED_FEEDFORWARD,NO_POSITION,NO_POSITION,FRESH,FRESHED,STALE,STALE,0,80.0,80.0,0.0,0.0,0.0,0.0,37.250686,126.674964,,
91.79999999999693,3,NO_POSITION,DEGRADED_FEEDFORWARD,NO_POSITION,NO_POSITION,FRESH,FRESHED,STALE,STALE,0,80.0,80.0,0.0,0.0,0.0,0.0,37.250686,126.674964,,
91.84999999999692,3,NO_POSITION,DEGRADED_FEEDFORWARD,NO_POSITION,NO_POSITION,FRESH,FRESHED,STALE,STALE,0,80.0,80.0,0.0,0.0,0.0,0.0,37.250686,126.674964,,
91.89999999999692,3,NO_POSITION,DEGRADED_FEEDFORWARD,NO_POSITION,NO_POSITION,FRESH,FRESHED,STALE,STALE,0,80.0,80.0,0.0,0.0,0.0,0.0,37.250686,126.674964,,
91.94999999999692,3,NO_POSITION,DEGRADED_FEEDFORWARD,NO_POSITION,NO_POSITION,FRESH,FRESHED,STALE,STALE,0,80.0,80.0,0.0,0.0,0.0,0.0,37.250686,126.674964,,
91.99999999999692,3,NO_POSITION,DEGRADED_FEEDFORWARD,NO_POSITION,NO_POSITION,FRESH,FRESHED,STALE,STALE,0,80.0,80.0,0.0,0.0,0.0,0.0,37.250686,126.674964,,
92.04999999999691,3,NO_POSITION,DEGRADED_FEEDFORWARD,NO_POSITION,NO_POSITION,FRESH,FRESHED,STALE,STALE,0,80.0,80.0,0.0,0.0,0.0,0.0,37.250686,126.674964,,
92.09999999999691,3,NO_POSITION,DEGRADED_FEEDFORWARD,NO_POSITION,NO_POSITION,FRESH,FRESHED,STALE,STALE,0,80.0,80.0,0.0,0.0,0.0,0.0,37.250686,126.674964,,
92.14999999999691,3,NO_POSITION,DEGRADED_FEEDFORWARD,NO_POSITION,NO_POSITION,FRESH,FRESHED,STALE,STALE,0,80.0,80.0,0.0,0.0,0.0,0.0,37.250686,126.674964,,
92.1999999999969,3,NO_POSITION,DEGRADED_CLOSED_LOOP,NO_POSITION,NO_POSITION,FRESH,FRESHED,FRESH,FRESH,0,80.0,80.0,0.0,0.0,0.0,0.0,37.250686,126.674964,,
92.2499999999969,3,NO_POSITION,DEGRADED_CLOSED_LOOP,NO_POSITION,NO_POSITION,FRESH,FRESHED,FRESH,FRESH,0,80.0,80.0,0.0,0.0,0.0,0.0,37.250686,126.674964,,
92.2999999999969,3,NO_POSITION,DEGRADED_CLOSED_LOOP,NO_POSITION,NO_POSITION,FRESH,FRESHED,FRESH,FRESH,0,80.0,80.0,0.0,0.0,0.0,0.0,37.250686,126.674964,,
92.3499999999969,3,NO_POSITION,DEGRADED_CLOSED_LOOP,NO_POSITION,NO_POSITION,FRESH,FRESHED,FRESH,FRESH,0,80.0,80.0,0.0,0.0,0.0,0.0,37.250686,126.674964,,
92.3999999999969,3,NO_POSITION,DEGRADED_CLOSED_LOOP,NO_POSITION,NO_POSITION,FRESH,FRESHED,FRESH,FRESH,0,80.0,80.0,0.0,0.0,0.0,0.0,37.250686,126.674964,,
92.44999999999689,3,NO_POSITION,DEGRADED_FEEDFORWARD,NO_POSITION,NO_POSITION,FRESH,FRESHED,STALE,FRESH,0,80.0,80.0,0.0,0.0,0.0,0.0,37.250686,126.674964,,
92.49999999999689,3,NO_POSITION,DEGRADED_FEEDFORWARD,NO_POSITION,NO_POSITION,FRESH,FRESHED,STALE,FRESH,0,80.0,80.0,0.0,0.0,0.0,0.0,37.250686,126.674964,,
92.54999999999688,3,NO_POSITION,DEGRADED_FEEDFORWARD,NO_POSITION,NO_POSITION,FRESH,FRESHED,STALE,FRESH,0,80.0,80.0,0.0,0.0,0.0,0.0,37.250686,126.674964,,
92.59999999999688,3,NO_POSITION,DEGRADED_FEEDFORWARD,NO_POSITION,NO_POSITION,FRESH,FRESHED,STALE,FRESH,0,80.0,80.0,0.0,0.0,0.0,0.0,37.250686,126.674964,,
92.64999999999688,3,NO_POSITION,DEGRADED_FEEDFORWARD,NO_POSITION,NO_POSITION,FRESH,FRESHED,STALE,FRESH,0,80.0,80.0,0.0,0.0,0.0,0.0,37.250686,126.674964,,
92.69999999999688,3,NO_POSITION,DEGRADED_FEEDFORWARD,NO_POSITION,NO_POSITION,FRESH,FRESHED,STALE,FRESH,0,80.0,80.0,0.0,0.0,0.0,0.0,37.250686,126.674964,,
92.74999999999687,3,NO_POSITION,DEGRADED_FEEDFORWARD,NO_POSITION,NO_POSITION,FRESH,FRESHED,STALE,STALE,0,80.0,80.0,0.0,0.0,0.0,0.0,37.250686,126.674964,,
92.79999999999687,3,NO_POSITION,DEGRADED_FEEDFORWARD,NO_POSITION,NO_POSITION,FRESH,FRESHED,STALE,STALE,0,80.0,80.0,0.0,0.0,0.0,0.0,37.250686,126.674964,,
92.84999999999687,3,NO_POSITION,DEGRADED_FEEDFORWARD,NO_POSITION,NO_POSITION,FRESH,FRESHED,STALE,STALE,0,80.0,80.0,0.0,0.0,0.0,0.0,37.250686,126.674964,,
92.89999999999687,3,NO_POSITION,DEGRADED_FEEDFORWARD,NO_POSITION,NO_POSITION,FRESH,FRESHED,STALE,STALE,0,80.0,80.0,0.0,0.0,0.0,0.0,37.250686,126.674964,,
92.94999999999686,3,NO_POSITION,DEGRADED_FEEDFORWARD,NO_POSITION,NO_POSITION,FRESH,FRESHED,STALE,STALE,0,80.0,80.0,0.0,0.0,0.0,0.0,37.250686,126.674964,,
92.99999999999686,3,NO_POSITION,DEGRADED_FEEDFORWARD,NO_POSITION,NO_POSITION,FRESH,FRESHED,STALE,STALE,0,80.0,80.0,0.0,0.0,0.0,0.0,37.250686,126.674964,,
93.04999999999686,3,NO_POSITION,DEGRADED_FEEDFORWARD,NO_POSITION,NO_POSITION,FRESH,FRESHED,STALE,STALE,0,80.0,80.0,0.0,0.0,0.0,0.0,37.250686,126.674964,,
93.09999999999685,3,NO_POSITION,DEGRADED_FEEDFORWARD,NO_POSITION,NO_POSITION,FRESH,FRESHED,STALE,STALE,0,80.0,80.0,0.0,0.0,0.0,0.0,37.250686,126.674964,,
93.14999999999685,3,NO_POSITION,DEGRADED_FEEDFORWARD,NO_POSITION,NO_POSITION,FRESH,FRESHED,STALE,STALE,0,80.0,80.0,0.0,0.0,0.0,0.0,37.250686,126.674964,,
93.19999999999685,3,NO_POSITION,NOMINAL_CLOSED_LOOP,NO_POSITION,NO_POSITION,FRESH,FRESH,FRESH,FRESH,0,80.0,80.0,0.0,0.0,0.0,0.0,37.250686,126.674964,,
93.24999999999685,3,NO_POSITION,NOMINAL_CLOSED_LOOP,NO_POSITION,NO_POSITION,FRESH,FRESH,FRESH,FRESH,0,80.0,80.0,0.0,0.0,0.0,0.0,37.250686,126.674964,,
93.29999999999684,3,NO_POSITION,NOMINAL_CLOSED_LOOP,NO_POSITION,NO_POSITION,FRESH,FRESH,FRESH,FRESH,0,80.0,80.0,0.0,0.0,0.0,0.0,37.250686,126.674964,,
93.34999999999684,3,NO_POSITION,NOMINAL_CLOSED_LOOP,NO_POSITION,NO_POSITION,FRESH,FRESH,FRESH,FRESH,0,80.0,80.0,0.0,0.0,0.0,0.0,37.250686,126.674964,,
93.39999999999684,3,NO_POSITION,NOMINAL_CLOSED_LOOP,NO_POSITION,NO_POSITION,FRESH,FRESH,FRESH,FRESH,0,80.0,80.0,0.0,0.0,0.0,0.0,37.250686,126.674964,,
93.44999999999683,3,NO_POSITION,NOMINAL_FEEDFORWARD,NO_POSITION,NO_POSITION,FRESH,FRESH,STALE,FRESH,0,80.0,80.0,0.0,0.0,0.0,0.0,37.250686,126.674964,,
93.49999999999683,3,NO_POSITION,NOMINAL_FEEDFORWARD,NO_POSITION,NO_POSITION,FRESH,FRESH,STALE,FRESH,0,80.0,80.0,0.0,0.0,0.0,0.0,37.250686,126.674964,,
93.54999999999683,3,NO_POSITION,NOMINAL_FEEDFORWARD,NO_POSITION,NO_POSITION,FRESH,FRESH,STALE,FRESH,0,80.0,80.0,0.0,0.0,0.0,0.0,37.250686,126.674964,,
93.59999999999683,3,NO_POSITION,NOMINAL_FEEDFORWARD,NO_POSITION,NO_POSITION,FRESH,FRESH,STALE,FRESH,0,80.0,80.0,0.0,0.0,0.0,0.0,37.250686,126.674964,,
93.64999999999682,3,NO_POSITION,NOMINAL_FEEDFORWARD,NO_POSITION,NO_POSITION,FRESH,FRESH,STALE,FRESH,0,80.0,80.0,0.0,0.0,0.0,0.0,37.250686,126.674964,,
93.69999999999682,3,NO_POSITION,NOMINAL_FEEDFORWARD,NO_POSITION,NO_POSITION,FRESH,FRESH,STALE,FRESH,0,80.0,80.0,0.0,0.0,0.0,0.0,37.250686,126.674964,,
93.74999999999682,3,NO_POSITION,NOMINAL_FEEDFORWARD,NO_POSITION,NO_POSITION,FRESH,FRESH,STALE,STALE,0,80.0,80.0,0.0,0.0,0.0,0.0,37.250686,126.674964,,
93.79999999999681,3,NO_POSITION,NOMINAL_FEEDFORWARD,NO_POSITION,NO_POSITION,FRESH,FRESH,STALE,STALE,0,80.0,80.0,0.0,0.0,0.0,0.0,37.250686,126.674964,,
93.84999999999681,3,NO_POSITION,NOMINAL_FEEDFORWARD,NO_POSITION,NO_POSITION,FRESH,FRESH,STALE,STALE,0,80.0,80.0,0.0,0.0,0.0,0.0,37.250686,126.674964,,
93.89999999999681,3,NO_POSITION,NOMINAL_FEEDFORWARD,NO_POSITION,NO_POSITION,FRESH,FRESH,STALE,STALE,0,80.0,80.0,0.0,0.0,0.0,0.0,37.250686,126.674964,,
93.9499999999968,3,NO_POSITION,NOMINAL_FEEDFORWARD,NO_POSITION,NO_POSITION,FRESH,FRESH,STALE,STALE,0,80.0,80.0,0.0,0.0,0.0,0.0,37.250686,126.674964,,
93.9999999999968,3,NO_POSITION,NOMINAL_FEEDFORWARD,NO_POSITION,NO_POSITION,FRESH,FRESH,STALE,STALE,0,80.0,80.0,0.0,0.0,0.0,0.0,37.250686,126.674964,,
94.0499999999968,3,NO_POSITION,NOMINAL_FEEDFORWARD,NO_POSITION,NO_POSITION,FRESH,FRESH,STALE,STALE,0,80.0,80.0,0.0,0.0,0.0,0.0,37.250686,126.674964,,
94.0999999999968,3,NO_POSITION,NOMINAL_FEEDFORWARD,NO_POSITION,NO_POSITION,FRESH,FRESH,STALE,STALE,0,80.0,80.0,0.0,0.0,0.0,0.0,37.250686,126.674964,,
94.1499999999968,3,NO_POSITION,NOMINAL_FEEDFORWARD,NO_POSITION,NO_POSITION,FRESH,FRESH,STALE,STALE,0,80.0,80.0,0.0,0.0,0.0,0.0,37.250686,126.674964,,
94.19999999999679,3,NO_POSITION,DEGRADED_CLOSED_LOOP,NO_POSITION,NO_POSITION,FRESH,FRESHED,FRESH,FRESH,0,80.0,80.0,0.0,0.0,0.0,0.0,37.250686,126.674964,,
94.24999999999679,3,NO_POSITION,DEGRADED_CLOSED_LOOP,NO_POSITION,NO_POSITION,FRESH,FRESHED,FRESH,FRESH,0,80.0,80.0,0.0,0.0,0.0,0.0,37.250686,126.674964,,
94.29999999999679,3,NO_POSITION,DEGRADED_CLOSED_LOOP,NO_POSITION,NO_POSITION,FRESH,FRESHED,FRESH,FRESH,0,80.0,80.0,0.0,0.0,0.0,0.0,37.250686,126.674964,,
94.34999999999678,3,NO_POSITION,DEGRADED_CLOSED_LOOP,NO_POSITION,NO_POSITION,FRESH,FRESHED,FRESH,FRESH,0,80.0,80.0,0.0,0.0,0.0,0.0,37.250686,126.674964,,
94.39999999999678,3,NO_POSITION,DEGRADED_CLOSED_LOOP,NO_POSITION,NO_POSITION,FRESH,FRESHED,FRESH,FRESH,0,80.0,80.0,0.0,0.0,0.0,0.0,37.250686,126.674964,,
94.44999999999678,3,NO_POSITION,DEGRADED_FEEDFORWARD,NO_POSITION,NO_POSITION,FRESH,FRESHED,STALE,FRESH,0,80.0,80.0,0.0,0.0,0.0,0.0,37.250686,126.674964,,
94.49999999999677,3,NO_POSITION,DEGRADED_FEEDFORWARD,NO_POSITION,NO_POSITION,FRESH,FRESHED,STALE,FRESH,0,80.0,80.0,0.0,0.0,0.0,0.0,37.250686,126.674964,,
94.54999999999677,3,NO_POSITION,DEGRADED_FEEDFORWARD,NO_POSITION,NO_POSITION,FRESH,FRESHED,STALE,FRESH,0,80.0,80.0,0.0,0.0,0.0,0.0,37.250686,126.674964,,
94.59999999999677,3,NO_POSITION,DEGRADED_FEEDFORWARD,NO_POSITION,NO_POSITION,FRESH,FRESHED,STALE,FRESH,0,80.0,80.0,0.0,0.0,0.0,0.0,37.250686,126.674964,,
94.64999999999677,3,NO_POSITION,DEGRADED_FEEDFORWARD,NO_POSITION,NO_POSITION,FRESH,FRESHED,STALE,FRESH,0,80.0,80.0,0.0,0.0,0.0,0.0,37.250686,126.674964,,
94.69999999999676,3,NO_POSITION,DEGRADED_FEEDFORWARD,NO_POSITION,NO_POSITION,FRESH,FRESHED,STALE,FRESH,0,80.0,80.0,0.0,0.0,0.0,0.0,37.250686,126.674964,,
94.74999999999676,3,NO_POSITION,DEGRADED_FEEDFORWARD,NO_POSITION,NO_POSITION,FRESH,FRESHED,STALE,STALE,0,80.0,80.0,0.0,0.0,0.0,0.0,37.250686,126.674964,,
94.79999999999676,3,NO_POSITION,DEGRADED_FEEDFORWARD,NO_POSITION,NO_POSITION,FRESH,FRESHED,STALE,STALE,0,80.0,80.0,0.0,0.0,0.0,0.0,37.250686,126.674964,,
94.84999999999675,3,NO_POSITION,DEGRADED_FEEDFORWARD,NO_POSITION,NO_POSITION,FRESH,FRESHED,STALE,STALE,0,80.0,80.0,0.0,0.0,0.0,0.0,37.250686,126.674964,,
94.89999999999675,3,NO_POSITION,DEGRADED_FEEDFORWARD,NO_POSITION,NO_POSITION,FRESH,FRESHED,STALE,STALE,0,80.0,80.0,0.0,0.0,0.0,0.0,37.250686,126.674964,,
94.94999999999675,3,NO_POSITION,DEGRADED_FEEDFORWARD,NO_POSITION,NO_POSITION,FRESH,FRESHED,STALE,STALE,0,80.0,80.0,0.0,0.0,0.0,0.0,37.250686,126.674964,,
94.99999999999675,3,NO_POSITION,DEGRADED_FEEDFORWARD,NO_POSITION,NO_POSITION,FRESH,FRESHED,STALE,STALE,0,80.0,80.0,0.0,0.0,0.0,0.0,37.250686,126.674964,,
95.04999999999674,3,NO_POSITION,DEGRADED_FEEDFORWARD,NO_POSITION,NO_POSITION,FRESH,FRESHED,STALE,STALE,0,80.0,80.0,0.0,0.0,0.0,0.0,37.250686,126.674964,,
95.09999999999674,3,NO_POSITION,DEGRADED_FEEDFORWARD,NO_POSITION,NO_POSITION,FRESH,FRESHED,STALE,STALE,0,80.0,80.0,0.0,0.0,0.0,0.0,37.250686,126.674964,,
95.14999999999674,3,NO_POSITION,DEGRADED_FEEDFORWARD,NO_POSITION,NO_POSITION,FRESH,FRESHED,STALE,STALE,0,80.0,80.0,0.0,0.0,0.0,0.0,37.250686,126.674964,,
95.19999999999673,3,NO_POSITION,DEGRADED_CLOSED_LOOP,NO_POSITION,NO_POSITION,FRESH,FRESHED,FRESH,FRESH,0,80.0,80.0,0.0,0.0,0.0,0.0,37.250686,126.674964,,
95.24999999999673,3,NO_POSITION,DEGRADED_CLOSED_LOOP,NO_POSITION,NO_POSITION,FRESH,FRESHED,FRESH,FRESH,0,80.0,80.0,0.0,0.0,0.0,0.0,37.250686,126.674964,,
95.29999999999673,3,NO_POSITION,DEGRADED_CLOSED_LOOP,NO_POSITION,NO_POSITION,FRESH,FRESHED,FRESH,FRESH,0,80.0,80.0,0.0,0.0,0.0,0.0,37.250686,126.674964,,
95.34999999999673,3,NO_POSITION,DEGRADED_CLOSED_LOOP,NO_POSITION,NO_POSITION,FRESH,FRESHED,FRESH,FRESH,0,80.0,80.0,0.0,0.0,0.0,0.0,37.250686,126.674964,,
95.39999999999672,3,NO_POSITION,DEGRADED_CLOSED_LOOP,NO_POSITION,NO_POSITION,FRESH,FRESHED,FRESH,FRESH,0,80.0,80.0,0.0,0.0,0.0,0.0,37.250686,126.674964,,
95.44999999999672,3,NO_POSITION,DEGRADED_FEEDFORWARD,NO_POSITION,NO_POSITION,FRESH,FRESHED,STALE,FRESH,0,80.0,80.0,0.0,0.0,0.0,0.0,37.250686,126.674964,,
95.49999999999672,3,NO_POSITION,DEGRADED_FEEDFORWARD,NO_POSITION,NO_POSITION,FRESH,FRESHED,STALE,FRESH,0,80.0,80.0,0.0,0.0,0.0,0.0,37.250686,126.674964,,
95.54999999999671,3,NO_POSITION,DEGRADED_FEEDFORWARD,NO_POSITION,NO_POSITION,FRESH,FRESHED,STALE,FRESH,0,80.0,80.0,0.0,0.0,0.0,0.0,37.250686,126.674964,,
95.59999999999671,3,NO_POSITION,DEGRADED_FEEDFORWARD,NO_POSITION,NO_POSITION,FRESH,FRESHED,STALE,FRESH,0,80.0,80.0,0.0,0.0,0.0,0.0,37.250686,126.674964,,
95.64999999999671,3,NO_POSITION,DEGRADED_FEEDFORWARD,NO_POSITION,NO_POSITION,FRESH,FRESHED,STALE,FRESH,0,80.0,80.0,0.0,0.0,0.0,0.0,37.250686,126.674964,,
95.6999999999967,3,NO_POSITION,DEGRADED_FEEDFORWARD,NO_POSITION,NO_POSITION,FRESH,FRESHED,STALE,FRESH,0,80.0,80.0,0.0,0.0,0.0,0.0,37.250686,126.674964,,
95.7499999999967,3,NO_POSITION,DEGRADED_FEEDFORWARD,NO_POSITION,NO_POSITION,FRESH,FRESHED,STALE,STALE,0,80.0,80.0,0.0,0.0,0.0,0.0,37.250686,126.674964,,
95.7999999999967,3,NO_POSITION,DEGRADED_FEEDFORWARD,NO_POSITION,NO_POSITION,FRESH,FRESHED,STALE,STALE,0,80.0,80.0,0.0,0.0,0.0,0.0,37.250686,126.674964,,
95.8499999999967,3,NO_POSITION,DEGRADED_FEEDFORWARD,NO_POSITION,NO_POSITION,FRESH,FRESHED,STALE,STALE,0,80.0,80.0,0.0,0.0,0.0,0.0,37.250686,126.674964,,
95.8999999999967,3,NO_POSITION,DEGRADED_FEEDFORWARD,NO_POSITION,NO_POSITION,FRESH,FRESHED,STALE,STALE,0,80.0,80.0,0.0,0.0,0.0,0.0,37.250686,126.674964,,
95.94999999999669,3,NO_POSITION,DEGRADED_FEEDFORWARD,NO_POSITION,NO_POSITION,FRESH,FRESHED,STALE,STALE,0,80.0,80.0,0.0,0.0,0.0,0.0,37.250686,126.674964,,
95.99999999999669,3,NO_POSITION,DEGRADED_FEEDFORWARD,NO_POSITION,NO_POSITION,FRESH,FRESHED,STALE,STALE,0,80.0,80.0,0.0,0.0,0.0,0.0,37.250686,126.674964,,
96.04999999999669,3,NO_POSITION,DEGRADED_FEEDFORWARD,NO_POSITION,NO_POSITION,FRESH,FRESHED,STALE,STALE,0,80.0,80.0,0.0,0.0,0.0,0.0,37.250686,126.674964,,
96.09999999999668,3,NO_POSITION,DEGRADED_FEEDFORWARD,NO_POSITION,NO_POSITION,FRESH,FRESHED,STALE,STALE,0,80.0,80.0,0.0,0.0,0.0,0.0,37.250686,126.674964,,
96.14999999999668,3,NO_POSITION,DEGRADED_FEEDFORWARD,NO_POSITION,NO_POSITION,FRESH,FRESHED,STALE,STALE,0,80.0,80.0,0.0,0.0,0.0,0.0,37.250686,126.674964,,
96.19999999999668,3,NO_POSITION,DEGRADED_CLOSED_LOOP,NO_POSITION,NO_POSITION,FRESH,FRESHED,FRESH,FRESH,0,80.0,80.0,0.0,0.0,0.0,0.0,37.250686,126.674964,,
96.24999999999667,3,NO_POSITION,DEGRADED_CLOSED_LOOP,NO_POSITION,NO_POSITION,FRESH,FRESHED,FRESH,FRESH,0,80.0,80.0,0.0,0.0,0.0,0.0,37.250686,126.674964,,
96.29999999999667,3,NO_POSITION,DEGRADED_CLOSED_LOOP,NO_POSITION,NO_POSITION,FRESH,FRESHED,FRESH,FRESH,0,80.0,80.0,0.0,0.0,0.0,0.0,37.250686,126.674964,,
96.34999999999667,3,NO_POSITION,DEGRADED_CLOSED_LOOP,NO_POSITION,NO_POSITION,FRESH,FRESHED,FRESH,FRESH,0,80.0,80.0,0.0,0.0,0.0,0.0,37.250686,126.674964,,
96.39999999999667,3,NO_POSITION,DEGRADED_CLOSED_LOOP,NO_POSITION,NO_POSITION,FRESH,FRESHED,FRESH,FRESH,0,80.0,80.0,0.0,0.0,0.0,0.0,37.250686,126.674964,,
96.44999999999666,3,NO_POSITION,DEGRADED_FEEDFORWARD,NO_POSITION,NO_POSITION,FRESH,FRESHED,STALE,FRESH,0,80.0,80.0,0.0,0.0,0.0,0.0,37.250686,126.674964,,
96.49999999999666,3,NO_POSITION,DEGRADED_FEEDFORWARD,NO_POSITION,NO_POSITION,FRESH,FRESHED,STALE,FRESH,0,80.0,80.0,0.0,0.0,0.0,0.0,37.250686,126.674964,,
96.54999999999666,3,NO_POSITION,DEGRADED_FEEDFORWARD,NO_POSITION,NO_POSITION,FRESH,FRESHED,STALE,FRESH,0,80.0,80.0,0.0,0.0,0.0,0.0,37.250686,126.674964,,
96.59999999999665,3,NO_POSITION,DEGRADED_FEEDFORWARD,NO_POSITION,NO_POSITION,FRESH,FRESHED,STALE,FRESH,0,80.0,80.0,0.0,0.0,0.0,0.0,37.250686,126.674964,,
96.64999999999665,3,NO_POSITION,DEGRADED_FEEDFORWARD,NO_POSITION,NO_POSITION,FRESH,FRESHED,STALE,FRESH,0,80.0,80.0,0.0,0.0,0.0,0.0,37.250686,126.674964,,
96.69999999999665,3,NO_POSITION,DEGRADED_FEEDFORWARD,NO_POSITION,NO_POSITION,FRESH,FRESHED,STALE,FRESH,0,80.0,80.0,0.0,0.0,0.0,0.0,37.250686,126.674964,,
96.74999999999665,3,NO_POSITION,DEGRADED_FEEDFORWARD,NO_POSITION,NO_POSITION,FRESH,FRESHED,STALE,STALE,0,80.0,80.0,0.0,0.0,0.0,0.0,37.250686,126.674964,,
96.79999999999664,3,NO_POSITION,DEGRADED_FEEDFORWARD,NO_POSITION,NO_POSITION,FRESH,FRESHED,STALE,STALE,0,80.0,80.0,0.0,0.0,0.0,0.0,37.250686,126.674964,,
96.84999999999664,3,NO_POSITION,DEGRADED_FEEDFORWARD,NO_POSITION,NO_POSITION,FRESH,FRESHED,STALE,STALE,0,80.0,80.0,0.0,0.0,0.0,0.0,37.250686,126.674964,,
96.89999999999664,3,NO_POSITION,DEGRADED_FEEDFORWARD,NO_POSITION,NO_POSITION,FRESH,FRESHED,STALE,STALE,0,80.0,80.0,0.0,0.0,0.0,0.0,37.250686,126.674964,,
96.94999999999663,3,NO_POSITION,DEGRADED_FEEDFORWARD,NO_POSITION,NO_POSITION,FRESH,FRESHED,STALE,STALE,0,80.0,80.0,0.0,0.0,0.0,0.0,37.250686,126.674964,,
96.99999999999663,3,NO_POSITION,DEGRADED_FEEDFORWARD,NO_POSITION,NO_POSITION,FRESH,FRESHED,STALE,STALE,0,80.0,80.0,0.0,0.0,0.0,0.0,37.250686,126.674964,,
97.04999999999663,3,NO_POSITION,DEGRADED_FEEDFORWARD,NO_POSITION,NO_POSITION,FRESH,FRESHED,STALE,STALE,0,80.0,80.0,0.0,0.0,0.0,0.0,37.250686,126.674964,,
97.09999999999663,3,NO_POSITION,DEGRADED_FEEDFORWARD,NO_POSITION,NO_POSITION,FRESH,FRESHED,STALE,STALE,0,80.0,80.0,0.0,0.0,0.0,0.0,37.250686,126.674964,,
97.14999999999662,3,NO_POSITION,DEGRADED_FEEDFORWARD,NO_POSITION,NO_POSITION,FRESH,FRESHED,STALE,STALE,0,80.0,80.0,0.0,0.0,0.0,0.0,37.250686,126.674964,,
97.19999999999662,3,NO_POSITION,DEGRADED_CLOSED_LOOP,NO_POSITION,NO_POSITION,FRESH,FRESHED,FRESH,FRESH,0,80.0,80.0,0.0,0.0,0.0,0.0,37.250686,126.674964,,
97.24999999999662,3,NO_POSITION,DEGRADED_CLOSED_LOOP,NO_POSITION,NO_POSITION,FRESH,FRESHED,FRESH,FRESH,0,80.0,80.0,0.0,0.0,0.0,0.0,37.250686,126.674964,,
97.29999999999661,3,NO_POSITION,DEGRADED_CLOSED_LOOP,NO_POSITION,NO_POSITION,FRESH,FRESHED,FRESH,FRESH,0,80.0,80.0,0.0,0.0,0.0,0.0,37.250686,126.674964,,
97.34999999999661,3,NO_POSITION,DEGRADED_CLOSED_LOOP,NO_POSITION,NO_POSITION,FRESH,FRESHED,FRESH,FRESH,0,80.0,80.0,0.0,0.0,0.0,0.0,37.250686,126.674964,,
97.39999999999661,3,NO_POSITION,DEGRADED_CLOSED_LOOP,NO_POSITION,NO_POSITION,FRESH,FRESHED,FRESH,FRESH,0,80.0,80.0,0.0,0.0,0.0,0.0,37.250686,126.674964,,
97.4499999999966,3,NO_POSITION,DEGRADED_FEEDFORWARD,NO_POSITION,NO_POSITION,FRESH,FRESHED,STALE,FRESH,0,80.0,80.0,0.0,0.0,0.0,0.0,37.250686,126.674964,,
97.4999999999966,3,NO_POSITION,DEGRADED_FEEDFORWARD,NO_POSITION,NO_POSITION,FRESH,FRESHED,STALE,FRESH,0,80.0,80.0,0.0,0.0,0.0,0.0,37.250686,126.674964,,
97.5499999999966,3,NO_POSITION,DEGRADED_FEEDFORWARD,NO_POSITION,NO_POSITION,FRESH,FRESHED,STALE,FRESH,0,80.0,80.0,0.0,0.0,0.0,0.0,37.250686,126.674964,,
97.5999999999966,3,NO_POSITION,DEGRADED_FEEDFORWARD,NO_POSITION,NO_POSITION,FRESH,FRESHED,STALE,FRESH,0,80.0,80.0,0.0,0.0,0.0,0.0,37.250686,126.674964,,
97.6499999999966,3,NO_POSITION,DEGRADED_FEEDFORWARD,NO_POSITION,NO_POSITION,FRESH,FRESHED,STALE,FRESH,0,80.0,80.0,0.0,0.0,0.0,0.0,37.250686,126.674964,,
97.69999999999659,3,NO_POSITION,DEGRADED_FEEDFORWARD,NO_POSITION,NO_POSITION,FRESH,FRESHED,STALE,FRESH,0,80.0,80.0,0.0,0.0,0.0,0.0,37.250686,126.674964,,
97.74999999999659,3,NO_POSITION,DEGRADED_FEEDFORWARD,NO_POSITION,NO_POSITION,FRESH,FRESHED,STALE,STALE,0,80.0,80.0,0.0,0.0,0.0,0.0,37.250686,126.674964,,
97.79999999999659,3,NO_POSITION,DEGRADED_FEEDFORWARD,NO_POSITION,NO_POSITION,FRESH,FRESHED,STALE,STALE,0,80.0,80.0,0.0,0.0,0.0,0.0,37.250686,126.674964,,
97.84999999999658,3,NO_POSITION,DEGRADED_FEEDFORWARD,NO_POSITION,NO_POSITION,FRESH,FRESHED,STALE,STALE,0,80.0,80.0,0.0,0.0,0.0,0.0,37.250686,126.674964,,
97.89999999999658,3,NO_POSITION,DEGRADED_FEEDFORWARD,NO_POSITION,NO_POSITION,FRESH,FRESHED,STALE,STALE,0,80.0,80.0,0.0,0.0,0.0,0.0,37.250686,126.674964,,
97.94999999999658,3,NO_POSITION,DEGRADED_FEEDFORWARD,NO_POSITION,NO_POSITION,FRESH,FRESHED,STALE,STALE,0,80.0,80.0,0.0,0.0,0.0,0.0,37.250686,126.674964,,
97.99999999999658,3,NO_POSITION,DEGRADED_FEEDFORWARD,NO_POSITION,NO_POSITION,FRESH,FRESHED,STALE,STALE,0,80.0,80.0,0.0,0.0,0.0,0.0,37.250686,126.674964,,
98.04999999999657,3,NO_POSITION,DEGRADED_FEEDFORWARD,NO_POSITION,NO_POSITION,FRESH,FRESHED,STALE,STALE,0,80.0,80.0,0.0,0.0,0.0,0.0,37.250686,126.674964,,
98.09999999999657,3,NO_POSITION,DEGRADED_FEEDFORWARD,NO_POSITION,NO_POSITION,FRESH,FRESHED,STALE,STALE,0,80.0,80.0,0.0,0.0,0.0,0.0,37.250686,126.674964,,
98.14999999999657,3,NO_POSITION,DEGRADED_FEEDFORWARD,NO_POSITION,NO_POSITION,FRESH,FRESHED,STALE,STALE,0,80.0,80.0,0.0,0.0,0.0,0.0,37.250686,126.674964,,
98.19999999999656,3,NO_POSITION,DEGRADED_CLOSED_LOOP,NO_POSITION,NO_POSITION,FRESH,FRESHED,FRESH,FRESH,0,80.0,80.0,0.0,0.0,0.0,0.0,37.250686,126.674964,,
98.24999999999656,3,NO_MOTION,FAIL,NO_MOTION,NO_MOTION,FRESH,STALE,FRESH,FRESH,0,80.0,80.0,0.0,0.0,0.0,0.0,37.250686,126.674964,,
98.29999999999656,3,NO_MOTION,FAIL,NO_MOTION,NO_MOTION,FRESH,STALE,FRESH,FRESH,0,80.0,80.0,0.0,0.0,0.0,0.0,37.250686,126.674964,,
98.34999999999656,3,NO_MOTION,FAIL,NO_MOTION,NO_MOTION,FRESH,STALE,FRESH,FRESH,0,80.0,80.0,0.0,0.0,0.0,0.0,37.250686,126.674964,,
98.39999999999655,3,NO_MOTION,FAIL,NO_MOTION,NO_MOTION,FRESH,STALE,FRESH,FRESH,0,80.0,80.0,0.0,0.0,0.0,0.0,37.250686,126.674964,,
98.44999999999655,3,NO_MOTION,FAIL,NO_MOTION,NO_MOTION,FRESH,STALE,STALE,FRESH,0,80.0,80.0,0.0,0.0,0.0,0.0,37.250686,126.674964,,
98.49999999999655,3,NO_MOTION,FAIL,NO_MOTION,NO_MOTION,FRESH,STALE,STALE,FRESH,0,80.0,80.0,0.0,0.0,0.0,0.0,37.250686,126.674964,,
98.54999999999654,3,NO_MOTION,FAIL,NO_MOTION,NO_MOTION,FRESH,STALE,STALE,FRESH,0,80.0,80.0,0.0,0.0,0.0,0.0,37.250686,126.674964,,
98.59999999999654,3,NO_MOTION,FAIL,NO_MOTION,NO_MOTION,FRESH,STALE,STALE,FRESH,0,80.0,80.0,0.0,0.0,0.0,0.0,37.250686,126.674964,,
98.64999999999654,3,NO_MOTION,FAIL,NO_MOTION,NO_MOTION,FRESH,STALE,STALE,FRESH,0,80.0,80.0,0.0,0.0,0.0,0.0,37.250686,126.674964,,
98.69999999999654,3,NO_MOTION,FAIL,NO_MOTION,NO_MOTION,FRESH,STALE,STALE,FRESH,0,80.0,80.0,0.0,0.0,0.0,0.0,37.250686,126.674964,,
98.74999999999653,3,NO_MOTION,FAIL,NO_MOTION,NO_MOTION,FRESH,STALE,STALE,STALE,0,80.0,80.0,0.0,0.0,0.0,0.0,37.250686,126.674964,,
98.79999999999653,3,NO_MOTION,FAIL,NO_MOTION,NO_MOTION,FRESH,STALE,STALE,STALE,0,80.0,80.0,0.0,0.0,0.0,0.0,37.250686,126.674964,,
98.84999999999653,3,NO_MOTION,FAIL,NO_MOTION,NO_MOTION,FRESH,STALE,STALE,STALE,0,80.0,80.0,0.0,0.0,0.0,0.0,37.250686,126.674964,,
98.89999999999652,3,NO_MOTION,FAIL,NO_MOTION,NO_MOTION,FRESH,STALE,STALE,STALE,0,80.0,80.0,0.0,0.0,0.0,0.0,37.250686,126.674964,,
98.94999999999652,3,NO_MOTION,FAIL,NO_MOTION,NO_MOTION,FRESH,STALE,STALE,STALE,0,80.0,80.0,0.0,0.0,0.0,0.0,37.250686,126.674964,,
98.99999999999652,3,NO_MOTION,FAIL,NO_MOTION,NO_MOTION,FRESH,STALE,STALE,STALE,0,80.0,80.0,0.0,0.0,0.0,0.0,37.250686,126.674964,,
99.04999999999652,3,NO_MOTION,FAIL,NO_MOTION,NO_MOTION,FRESH,STALE,STALE,STALE,0,80.0,80.0,0.0,0.0,0.0,0.0,37.250686,126.674964,,
99.09999999999651,3,NO_MOTION,FAIL,NO_MOTION,NO_MOTION,FRESH,STALE,STALE,STALE,0,80.0,80.0,0.0,0.0,0.0,0.0,37.250686,126.674964,,
99.14999999999651,3,NO_MOTION,FAIL,NO_MOTION,NO_MOTION,FRESH,STALE,STALE,STALE,0,80.0,80.0,0.0,0.0,0.0,0.0,37.250686,126.674964,,
99.1999999999965,3,NO_MOTION,FAIL,NO_MOTION,NO_MOTION,FRESH,STALE,STALE,STALE,0,80.0,80.0,0.0,0.0,0.0,0.0,37.250686,126.674964,,
99.2499999999965,3,NO_MOTION,FAIL,NO_MOTION,NO_MOTION,FRESH,STALE,FRESH,FRESH,0,80.0,80.0,0.0,0.0,0.0,0.0,37.250686,126.674964,,
99.2999999999965,3,NO_MOTION,FAIL,NO_MOTION,NO_MOTION,FRESH,STALE,FRESH,FRESH,0,80.0,80.0,0.0,0.0,0.0,0.0,37.250686,126.674964,,
99.3499999999965,3,NO_MOTION,FAIL,NO_MOTION,NO_MOTION,FRESH,STALE,FRESH,FRESH,0,80.0,80.0,0.0,0.0,0.0,0.0,37.250686,126.674964,,
99.3999999999965,3,NO_MOTION,FAIL,NO_MOTION,NO_MOTION,FRESH,STALE,FRESH,FRESH,0,80.0,80.0,0.0,0.0,0.0,0.0,37.250686,126.674964,,
99.44999999999649,3,NO_MOTION,FAIL,NO_MOTION,NO_MOTION,FRESH,STALE,FRESH,FRESH,0,80.0,80.0,0.0,0.0,0.0,0.0,37.250686,126.674964,,
99.49999999999649,3,NO_MOTION,FAIL,NO_MOTION,NO_MOTION,FRESH,STALE,STALE,FRESH,0,80.0,80.0,0.0,0.0,0.0,0.0,37.250686,126.674964,,
99.54999999999649,3,NO_MOTION,FAIL,NO_MOTION,NO_MOTION,FRESH,STALE,STALE,FRESH,0,80.0,80.0,0.0,0.0,0.0,0.0,37.250686,126.674964,,
99.59999999999648,3,NO_MOTION,FAIL,NO_MOTION,NO_MOTION,FRESH,STALE,STALE,FRESH,0,80.0,80.0,0.0,0.0,0.0,0.0,37.250686,126.674964,,
99.64999999999648,3,NO_MOTION,FAIL,NO_MOTION,NO_MOTION,FRESH,STALE,STALE,FRESH,0,80.0,80.0,0.0,0.0,0.0,0.0,37.250686,126.674964,,
99.69999999999648,3,NO_MOTION,FAIL,NO_MOTION,NO_MOTION,FRESH,STALE,STALE,FRESH,0,80.0,80.0,0.0,0.0,0.0,0.0,37.250686,126.674964,,
99.74999999999648,3,NO_MOTION,FAIL,NO_MOTION,NO_MOTION,FRESH,STALE,STALE,FRESH,0,80.0,80.0,0.0,0.0,0.0,0.0,37.250686,126.674964,,
99.79999999999647,3,NO_MOTION,FAIL,NO_MOTION,NO_MOTION,FRESH,STALE,STALE,STALE,0,80.0,80.0,0.0,0.0,0.0,0.0,37.250686,126.674964,,
99.84999999999647,3,NO_MOTION,FAIL,NO_MOTION,NO_MOTION,FRESH,STALE,STALE,STALE,0,80.0,80.0,0.0,0.0,0.0,0.0,37.250686,126.674964,,
99.89999999999647,3,NO_MOTION,FAIL,NO_MOTION,NO_MOTION,FRESH,STALE,STALE,STALE,0,80.0,80.0,0.0,0.0,0.0,0.0,37.250686,126.674964,,
99.94999999999646,3,NO_MOTION,FAIL,NO_MOTION,NO_MOTION,FRESH,STALE,STALE,STALE,0,80.0,80.0,0.0,0.0,0.0,0.0,37.250686,126.674964,,
99.99999999999646,3,NO_MOTION,FAIL,NO_MOTION,NO_MOTION,FRESH,STALE,STALE,STALE,0,80.0,80.0,0.0,0.0,0.0,0.0,37.250686,126.674964,,
100.04999999999646,3,NO_MOTION,FAIL,NO_MOTION,NO_MOTION,FRESH,STALE,STALE,STALE,0,80.0,80.0,0.0,0.0,0.0,0.0,37.250686,126.674964,,
100.09999999999646,3,NO_MOTION,FAIL,NO_MOTION,NO_MOTION,FRESH,STALE,STALE,STALE,0,80.0,80.0,0.0,0.0,0.0,0.0,37.250686,126.674964,,
100.14999999999645,3,NO_MOTION,FAIL,NO_MOTION,NO_MOTION,FRESH,STALE,STALE,STALE,0,80.0,80.0,0.0,0.0,0.0,0.0,37.250686,126.674964,,
100.19999999999645,3,NO_MOTION,FAIL,NO_MOTION,NO_MOTION,FRESH,STALE,STALE,STALE,0,80.0,80.0,0.0,0.0,0.0,0.0,37.250686,126.674964,,
100.24999999999645,3,NO_MOTION,FAIL,NO_MOTION,NO_MOTION,FRESH,STALE,FRESH,FRESH,0,80.0,80.0,0.0,0.0,0.0,0.0,37.250686,126.674964,,
100.29999999999644,3,NO_MOTION,FAIL,NO_MOTION,NO_MOTION,FRESH,STALE,FRESH,FRESH,0,80.0,80.0,0.0,0.0,0.0,0.0,37.250686,126.674964,,
100.34999999999644,3,NO_MOTION,FAIL,NO_MOTION,NO_MOTION,FRESH,STALE,FRESH,FRESH,0,80.0,80.0,0.0,0.0,0.0,0.0,37.250686,126.674964,,
100.39999999999644,3,NO_MOTION,FAIL,NO_MOTION,NO_MOTION,FRESH,STALE,FRESH,FRESH,0,80.0,80.0,0.0,0.0,0.0,0.0,37.250686,126.674964,,
100.44999999999644,3,NO_MOTION,FAIL,NO_MOTION,NO_MOTION,FRESH,STALE,FRESH,FRESH,0,80.0,80.0,0.0,0.0,0.0,0.0,37.250686,126.674964,,
100.49999999999643,3,NO_MOTION,FAIL,NO_MOTION,NO_MOTION,FRESH,STALE,STALE,FRESH,0,80.0,80.0,0.0,0.0,0.0,0.0,37.250686,126.674964,,
100.54999999999643,3,NO_MOTION,FAIL,NO_MOTION,NO_MOTION,FRESH,STALE,STALE,FRESH,0,80.0,80.0,0.0,0.0,0.0,0.0,37.250686,126.674964,,
100.59999999999643,3,NO_MOTION,FAIL,NO_MOTION,NO_MOTION,FRESH,STALE,STALE,FRESH,0,80.0,80.0,0.0,0.0,0.0,0.0,37.250686,126.674964,,
100.64999999999642,3,NO_MOTION,FAIL,NO_MOTION,NO_MOTION,FRESH,STALE,STALE,FRESH,0,80.0,80.0,0.0,0.0,0.0,0.0,37.250686,126.674964,,
100.69999999999642,3,NO_MOTION,FAIL,NO_MOTION,NO_MOTION,FRESH,STALE,STALE,FRESH,0,80.0,80.0,0.0,0.0,0.0,0.0,37.250686,126.674964,,
100.74999999999642,3,NO_MOTION,FAIL,NO_MOTION,NO_MOTION,FRESH,STALE,STALE,FRESH,0,80.0,80.0,0.0,0.0,0.0,0.0,37.250686,126.674964,,
100.79999999999642,3,NO_MOTION,FAIL,NO_MOTION,NO_MOTION,FRESH,STALE,STALE,STALE,0,80.0,80.0,0.0,0.0,0.0,0.0,37.250686,126.674964,,
100.84999999999641,3,NO_MOTION,FAIL,NO_MOTION,NO_MOTION,FRESH,STALE,STALE,STALE,0,80.0,80.0,0.0,0.0,0.0,0.0,37.250686,126.674964,,
100.89999999999641,3,NO_MOTION,FAIL,NO_MOTION,NO_MOTION,FRESH,STALE,STALE,STALE,0,80.0,80.0,0.0,0.0,0.0,0.0,37.250686,126.674964,,
100.94999999999641,3,NO_MOTION,FAIL,NO_MOTION,NO_MOTION,FRESH,STALE,STALE,STALE,0,80.0,80.0,0.0,0.0,0.0,0.0,37.250686,126.674964,,
100.9999999999964,3,NO_MOTION,FAIL,NO_MOTION,NO_MOTION,FRESH,STALE,STALE,STALE,0,80.0,80.0,0.0,0.0,0.0,0.0,37.250686,126.674964,,
101.0499999999964,3,NO_MOTION,FAIL,NO_MOTION,NO_MOTION,FRESH,STALE,STALE,STALE,0,80.0,80.0,0.0,0.0,0.0,0.0,37.250686,126.674964,,
101.0999999999964,3,NO_MOTION,FAIL,NO_MOTION,NO_MOTION,FRESH,STALE,STALE,STALE,0,80.0,80.0,0.0,0.0,0.0,0.0,37.250686,126.674964,,
101.1499999999964,3,NO_MOTION,FAIL,NO_MOTION,NO_MOTION,FRESH,STALE,STALE,STALE,0,80.0,80.0,0.0,0.0,0.0,0.0,37.250686,126.674964,,
101.1999999999964,3,NO_MOTION,FAIL,NO_MOTION,NO_MOTION,FRESH,STALE,STALE,STALE,0,80.0,80.0,0.0,0.0,0.0,0.0,37.250686,126.674964,,
101.24999999999639,3,NO_MOTION,FAIL,NO_MOTION,NO_MOTION,FRESH,STALE,FRESH,FRESH,0,80.0,80.0,0.0,0.0,0.0,0.0,37.250686,126.674964,,
101.29999999999639,3,NO_MOTION,FAIL,NO_MOTION,NO_MOTION,FRESH,STALE,FRESH,FRESH,0,80.0,80.0,0.0,0.0,0.0,0.0,37.250686,126.674964,,
101.34999999999638,3,NO_MOTION,FAIL,NO_MOTION,NO_MOTION,FRESH,STALE,FRESH,FRESH,0,80.0,80.0,0.0,0.0,0.0,0.0,37.250686,126.674964,,
101.39999999999638,3,NO_MOTION,FAIL,NO_MOTION,NO_MOTION,FRESH,STALE,FRESH,FRESH,0,80.0,80.0,0.0,0.0,0.0,0.0,37.250686,126.674964,,
101.44999999999638,3,NO_MOTION,FAIL,NO_MOTION,NO_MOTION,FRESH,STALE,FRESH,FRESH,0,80.0,80.0,0.0,0.0,0.0,0.0,37.250686,126.674964,,
101.49999999999638,3,NO_MOTION,FAIL,NO_MOTION,NO_MOTION,FRESH,STALE,STALE,FRESH,0,80.0,80.0,0.0,0.0,0.0,0.0,37.250686,126.674964,,
101.54999999999637,3,NO_MOTION,FAIL,NO_MOTION,NO_MOTION,FRESH,STALE,STALE,FRESH,0,80.0,80.0,0.0,0.0,0.0,0.0,37.250686,126.674964,,
101.59999999999637,3,NO_MOTION,FAIL,NO_MOTION,NO_MOTION,FRESH,STALE,STALE,FRESH,0,80.0,80.0,0.0,0.0,0.0,0.0,37.250686,126.674964,,
101.64999999999637,3,NO_MOTION,FAIL,NO_MOTION,NO_MOTION,FRESH,STALE,STALE,FRESH,0,80.0,80.0,0.0,0.0,0.0,0.0,37.250686,126.674964,,
101.69999999999636,3,NO_MOTION,FAIL,NO_MOTION,NO_MOTION,FRESH,STALE,STALE,FRESH,0,80.0,80.0,0.0,0.0,0.0,0.0,37.250686,126.674964,,
101.74999999999636,3,NO_MOTION,FAIL,NO_MOTION,NO_MOTION,FRESH,STALE,STALE,FRESH,0,80.0,80.0,0.0,0.0,0.0,0.0,37.250686,126.674964,,
101.79999999999636,3,NO_MOTION,FAIL,NO_MOTION,NO_MOTION,FRESH,STALE,STALE,STALE,0,80.0,80.0,0.0,0.0,0.0,0.0,37.250686,126.674964,,
101.84999999999636,3,NO_MOTION,FAIL,NO_MOTION,NO_MOTION,FRESH,STALE,STALE,STALE,0,80.0,80.0,0.0,0.0,0.0,0.0,37.250686,126.674964,,
101.89999999999635,3,NO_MOTION,FAIL,NO_MOTION,NO_MOTION,FRESH,STALE,STALE,STALE,0,80.0,80.0,0.0,0.0,0.0,0.0,37.250686,126.674964,,
101.94999999999635,3,NO_MOTION,FAIL,NO_MOTION,NO_MOTION,FRESH,STALE,STALE,STALE,0,80.0,80.0,0.0,0.0,0.0,0.0,37.250686,126.674964,,
101.99999999999635,3,NO_MOTION,FAIL,NO_MOTION,NO_MOTION,FRESH,STALE,STALE,STALE,0,80.0,80.0,0.0,0.0,0.0,0.0,37.250686,126.674964,,
102.04999999999634,3,NO_MOTION,FAIL,NO_MOTION,NO_MOTION,FRESH,STALE,STALE,STALE,0,80.0,80.0,0.0,0.0,0.0,0.0,37.250686,126.674964,,
102.09999999999634,3,NO_MOTION,FAIL,NO_MOTION,NO_MOTION,FRESH,STALE,STALE,STALE,0,80.0,80.0,0.0,0.0,0.0,0.0,37.250686,126.674964,,
102.14999999999634,3,NO_MOTION,FAIL,NO_MOTION,NO_MOTION,FRESH,STALE,STALE,STALE,0,80.0,80.0,0.0,0.0,0.0,0.0,37.250686,126.674964,,
102.19999999999634,3,NO_MOTION,FAIL,NO_MOTION,NO_MOTION,FRESH,STALE,STALE,STALE,0,80.0,80.0,0.0,0.0,0.0,0.0,37.250686,126.674964,,
102.24999999999633,3,NO_POSITION,NOMINAL_CLOSED_LOOP,NO_POSITION,NO_POSITION,FRESH,FRESH,FRESH,FRESH,0,80.0,80.0,0.0,0.0,0.0,0.0,37.250686,126.674964,,
102.29999999999633,3,NO_POSITION,NOMINAL_CLOSED_LOOP,NO_POSITION,NO_POSITION,FRESH,FRESH,FRESH,FRESH,0,80.0,80.0,0.0,0.0,0.0,0.0,37.250686,126.674964,,
102.34999999999633,3,NO_POSITION,NOMINAL_CLOSED_LOOP,NO_POSITION,NO_POSITION,FRESH,FRESH,FRESH,FRESH,0,80.0,80.0,0.0,0.0,0.0,0.0,37.250686,126.674964,,
102.39999999999633,3,NO_POSITION,NOMINAL_CLOSED_LOOP,NO_POSITION,NO_POSITION,FRESH,FRESH,FRESH,FRESH,0,80.0,80.0,0.0,0.0,0.0,0.0,37.250686,126.674964,,
102.44999999999632,3,NO_POSITION,NOMINAL_CLOSED_LOOP,NO_POSITION,NO_POSITION,FRESH,FRESH,FRESH,FRESH,0,80.0,80.0,0.0,0.0,0.0,0.0,37.250686,126.674964,,
102.49999999999632,3,NO_POSITION,NOMINAL_FEEDFORWARD,NO_POSITION,NO_POSITION,FRESH,FRESH,STALE,FRESH,0,80.0,80.0,0.0,0.0,0.0,0.0,37.250686,126.674964,,
102.54999999999632,3,NO_POSITION,NOMINAL_FEEDFORWARD,NO_POSITION,NO_POSITION,FRESH,FRESH,STALE,FRESH,0,80.0,80.0,0.0,0.0,0.0,0.0,37.250686,126.674964,,
102.59999999999631,3,NO_POSITION,NOMINAL_FEEDFORWARD,NO_POSITION,NO_POSITION,FRESH,FRESH,STALE,FRESH,0,80.0,80.0,0.0,0.0,0.0,0.0,37.250686,126.674964,,
102.64999999999631,3,NO_POSITION,NOMINAL_FEEDFORWARD,NO_POSITION,NO_POSITION,FRESH,FRESH,STALE,FRESH,0,80.0,80.0,0.0,0.0,0.0,0.0,37.250686,126.674964,,
102.69999999999631,3,NO_POSITION,NOMINAL_FEEDFORWARD,NO_POSITION,NO_POSITION,FRESH,FRESH,STALE,FRESH,0,80.0,80.0,0.0,0.0,0.0,0.0,37.250686,126.674964,,
102.7499999999963,3,NO_POSITION,NOMINAL_FEEDFORWARD,NO_POSITION,NO_POSITION,FRESH,FRESH,STALE,FRESH,0,80.0,80.0,0.0,0.0,0.0,0.0,37.250686,126.674964,,
102.7999999999963,3,NO_POSITION,NOMINAL_FEEDFORWARD,NO_POSITION,NO_POSITION,FRESH,FRESH,STALE,STALE,0,80.0,80.0,0.0,0.0,0.0,0.0,37.250686,126.674964,,
102.8499999999963,3,NO_POSITION,NOMINAL_FEEDFORWARD,NO_POSITION,NO_POSITION,FRESH,FRESH,STALE,STALE,0,80.0,80.0,0.0,0.0,0.0,0.0,37.250686,126.674964,,
102.8999999999963,3,NO_POSITION,NOMINAL_FEEDFORWARD,NO_POSITION,NO_POSITION,FRESH,FRESH,STALE,STALE,0,80.0,80.0,0.0,0.0,0.0,0.0,37.250686,126.674964,,
102.9499999999963,3,NO_POSITION,NOMINAL_FEEDFORWARD,NO_POSITION,NO_POSITION,FRESH,FRESH,STALE,STALE,0,80.0,80.0,0.0,0.0,0.0,0.0,37.250686,126.674964,,
102.99999999999629,3,NO_POSITION,NOMINAL_FEEDFORWARD,NO_POSITION,NO_POSITION,FRESH,FRESH,STALE,STALE,0,80.0,80.0,0.0,0.0,0.0,0.0,37.250686,126.674964,,
103.04999999999629,3,NO_POSITION,NOMINAL_FEEDFORWARD,NO_POSITION,NO_POSITION,FRESH,FRESH,STALE,STALE,0,80.0,80.0,0.0,0.0,0.0,0.0,37.250686,126.674964,,
103.09999999999629,3,NO_POSITION,NOMINAL_FEEDFORWARD,NO_POSITION,NO_POSITION,FRESH,FRESH,STALE,STALE,0,80.0,80.0,0.0,0.0,0.0,0.0,37.250686,126.674964,,
103.14999999999628,3,NO_POSITION,NOMINAL_FEEDFORWARD,NO_POSITION,NO_POSITION,FRESH,FRESH,STALE,STALE,0,80.0,80.0,0.0,0.0,0.0,0.0,37.250686,126.674964,,
103.19999999999628,3,NO_POSITION,NOMINAL_FEEDFORWARD,NO_POSITION,NO_POSITION,FRESH,FRESH,STALE,STALE,0,80.0,80.0,0.0,0.0,0.0,0.0,37.250686,126.674964,,
103.24999999999628,3,NO_POSITION,DEGRADED_CLOSED_LOOP,NO_POSITION,NO_POSITION,FRESH,FRESHED,FRESH,FRESH,0,80.0,80.0,0.0,0.0,0.0,0.0,37.250686,126.674964,,
103.29999999999627,3,NO_POSITION,DEGRADED_CLOSED_LOOP,NO_POSITION,NO_POSITION,FRESH,FRESHED,FRESH,FRESH,0,80.0,80.0,0.0,0.0,0.0,0.0,37.250686,126.674964,,
103.34999999999627,3,NO_POSITION,DEGRADED_CLOSED_LOOP,NO_POSITION,NO_POSITION,FRESH,FRESHED,FRESH,FRESH,0,80.0,80.0,0.0,0.0,0.0,0.0,37.250686,126.674964,,
103.39999999999627,3,NO_POSITION,DEGRADED_CLOSED_LOOP,NO_POSITION,NO_POSITION,FRESH,FRESHED,FRESH,FRESH,0,80.0,80.0,0.0,0.0,0.0,0.0,37.250686,126.674964,,
103.44999999999627,3,NO_POSITION,DEGRADED_CLOSED_LOOP,NO_POSITION,NO_POSITION,FRESH,FRESHED,FRESH,FRESH,0,80.0,80.0,0.0,0.0,0.0,0.0,37.250686,126.674964,,
103.49999999999626,3,NO_POSITION,DEGRADED_FEEDFORWARD,NO_POSITION,NO_POSITION,FRESH,FRESHED,STALE,FRESH,0,80.0,80.0,0.0,0.0,0.0,0.0,37.250686,126.674964,,
103.54999999999626,3,NO_POSITION,DEGRADED_FEEDFORWARD,NO_POSITION,NO_POSITION,FRESH,FRESHED,STALE,FRESH,0,80.0,80.0,0.0,0.0,0.0,0.0,37.250686,126.674964,,
103.59999999999626,3,NO_POSITION,DEGRADED_FEEDFORWARD,NO_POSITION,NO_POSITION,FRESH,FRESHED,STALE,FRESH,0,80.0,80.0,0.0,0.0,0.0,0.0,37.250686,126.674964,,
103.64999999999625,3,NO_POSITION,DEGRADED_FEEDFORWARD,NO_POSITION,NO_POSITION,FRESH,FRESHED,STALE,FRESH,0,80.0,80.0,0.0,0.0,0.0,0.0,37.250686,126.674964,,
103.69999999999625,3,NO_POSITION,DEGRADED_FEEDFORWARD,NO_POSITION,NO_POSITION,FRESH,FRESHED,STALE,FRESH,0,80.0,80.0,0.0,0.0,0.0,0.0,37.250686,126.674964,,
103.74999999999625,3,NO_POSITION,DEGRADED_FEEDFORWARD,NO_POSITION,NO_POSITION,FRESH,FRESHED,STALE,FRESH,0,80.0,80.0,0.0,0.0,0.0,0.0,37.250686,126.674964,,
103.79999999999625,3,NO_POSITION,DEGRADED_FEEDFORWARD,NO_POSITION,NO_POSITION,FRESH,FRESHED,STALE,STALE,0,80.0,80.0,0.0,0.0,0.0,0.0,37.250686,126.674964,,
103.84999999999624,3,NO_POSITION,DEGRADED_FEEDFORWARD,NO_POSITION,NO_POSITION,FRESH,FRESHED,STALE,STALE,0,80.0,80.0,0.0,0.0,0.0,0.0,37.250686,126.674964,,
103.89999999999624,3,NO_POSITION,DEGRADED_FEEDFORWARD,NO_POSITION,NO_POSITION,FRESH,FRESHED,STALE,STALE,0,80.0,80.0,0.0,0.0,0.0,0.0,37.250686,126.674964,,
103.94999999999624,3,NO_POSITION,DEGRADED_FEEDFORWARD,NO_POSITION,NO_POSITION,FRESH,FRESHED,STALE,STALE,0,80.0,80.0,0.0,0.0,0.0,0.0,37.250686,126.674964,,
103.99999999999623,3,NO_POSITION,DEGRADED_FEEDFORWARD,NO_POSITION,NO_POSITION,FRESH,FRESHED,STALE,STALE,0,80.0,80.0,0.0,0.0,0.0,0.0,37.250686,126.674964,,
104.04999999999623,3,NO_POSITION,DEGRADED_FEEDFORWARD,NO_POSITION,NO_POSITION,FRESH,FRESHED,STALE,STALE,0,80.0,80.0,0.0,0.0,0.0,0.0,37.250686,126.674964,,
104.09999999999623,3,NO_POSITION,DEGRADED_FEEDFORWARD,NO_POSITION,NO_POSITION,FRESH,FRESHED,STALE,STALE,0,80.0,80.0,0.0,0.0,0.0,0.0,37.250686,126.674964,,
104.14999999999623,3,NO_POSITION,DEGRADED_FEEDFORWARD,NO_POSITION,NO_POSITION,FRESH,FRESHED,STALE,STALE,0,80.0,80.0,0.0,0.0,0.0,0.0,37.250686,126.674964,,
104.19999999999622,3,NO_POSITION,DEGRADED_FEEDFORWARD,NO_POSITION,NO_POSITION,FRESH,FRESHED,STALE,STALE,0,80.0,80.0,0.0,0.0,0.0,0.0,37.250686,126.674964,,
104.24999999999622,3,NO_POSITION,NOMINAL_CLOSED_LOOP,NO_POSITION,NO_POSITION,FRESH,FRESH,FRESH,FRESH,0,80.0,80.0,0.0,0.0,0.0,0.0,37.250686,126.674964,,
104.29999999999622,3,NO_POSITION,NOMINAL_CLOSED_LOOP,NO_POSITION,NO_POSITION,FRESH,FRESH,FRESH,FRESH,0,80.0,80.0,0.0,0.0,0.0,0.0,37.250686,126.674964,,
104.34999999999621,3,NO_POSITION,NOMINAL_CLOSED_LOOP,NO_POSITION,NO_POSITION,FRESH,FRESH,FRESH,FRESH,0,80.0,80.0,0.0,0.0,0.0,0.0,37.250686,126.674964,,
104.39999999999621,3,NO_POSITION,NOMINAL_CLOSED_LOOP,NO_POSITION,NO_POSITION,FRESH,FRESH,FRESH,FRESH,0,80.0,80.0,0.0,0.0,0.0,0.0,37.250686,126.674964,,
104.44999999999621,3,NO_POSITION,NOMINAL_CLOSED_LOOP,NO_POSITION,NO_POSITION,FRESH,FRESH,FRESH,FRESH,0,80.0,80.0,0.0,0.0,0.0,0.0,37.250686,126.674964,,
104.4999999999962,3,NO_POSITION,NOMINAL_FEEDFORWARD,NO_POSITION,NO_POSITION,FRESH,FRESH,STALE,FRESH,0,80.0,80.0,0.0,0.0,0.0,0.0,37.250686,126.674964,,
104.5499999999962,3,NO_POSITION,NOMINAL_FEEDFORWARD,NO_POSITION,NO_POSITION,FRESH,FRESH,STALE,FRESH,0,80.0,80.0,0.0,0.0,0.0,0.0,37.250686,126.674964,,
104.5999999999962,3,NO_POSITION,NOMINAL_FEEDFORWARD,NO_POSITION,NO_POSITION,FRESH,FRESH,STALE,FRESH,0,80.0,80.0,0.0,0.0,0.0,0.0,37.250686,126.674964,,
104.6499999999962,3,NO_POSITION,NOMINAL_FEEDFORWARD,NO_POSITION,NO_POSITION,FRESH,FRESH,STALE,FRESH,0,80.0,80.0,0.0,0.0,0.0,0.0,37.250686,126.674964,,
104.6999999999962,3,NO_POSITION,NOMINAL_FEEDFORWARD,NO_POSITION,NO_POSITION,FRESH,FRESH,STALE,FRESH,0,80.0,80.0,0.0,0.0,0.0,0.0,37.250686,126.674964,,
104.74999999999619,3,NO_POSITION,NOMINAL_FEEDFORWARD,NO_POSITION,NO_POSITION,FRESH,FRESH,STALE,FRESH,0,80.0,80.0,0.0,0.0,0.0,0.0,37.250686,126.674964,,
104.79999999999619,3,NO_POSITION,NOMINAL_FEEDFORWARD,NO_POSITION,NO_POSITION,FRESH,FRESH,STALE,STALE,0,80.0,80.0,0.0,0.0,0.0,0.0,37.250686,126.674964,,
104.84999999999619,3,NO_POSITION,NOMINAL_FEEDFORWARD,NO_POSITION,NO_POSITION,FRESH,FRESH,STALE,STALE,0,80.0,80.0,0.0,0.0,0.0,0.0,37.250686,126.674964,,
104.89999999999618,3,NO_POSITION,NOMINAL_FEEDFORWARD,NO_POSITION,NO_POSITION,FRESH,FRESH,STALE,STALE,0,80.0,80.0,0.0,0.0,0.0,0.0,37.250686,126.674964,,
104.94999999999618,3,NO_POSITION,NOMINAL_FEEDFORWARD,NO_POSITION,NO_POSITION,FRESH,FRESH,STALE,STALE,0,80.0,80.0,0.0,0.0,0.0,0.0,37.250686,126.674964,,
104.99999999999618,3,NO_POSITION,NOMINAL_FEEDFORWARD,NO_POSITION,NO_POSITION,FRESH,FRESH,STALE,STALE,0,80.0,80.0,0.0,0.0,0.0,0.0,37.250686,126.674964,,
105.04999999999617,3,NO_POSITION,NOMINAL_FEEDFORWARD,NO_POSITION,NO_POSITION,FRESH,FRESH,STALE,STALE,0,80.0,80.0,0.0,0.0,0.0,0.0,37.250686,126.674964,,
105.09999999999617,3,NO_POSITION,NOMINAL_FEEDFORWARD,NO_POSITION,NO_POSITION,FRESH,FRESH,STALE,STALE,0,80.0,80.0,0.0,0.0,0.0,0.0,37.250686,126.674964,,
105.14999999999617,3,NO_POSITION,NOMINAL_FEEDFORWARD,NO_POSITION,NO_POSITION,FRESH,FRESH,STALE,STALE,0,80.0,80.0,0.0,0.0,0.0,0.0,37.250686,126.674964,,
105.19999999999617,3,NO_POSITION,NOMINAL_FEEDFORWARD,NO_POSITION,NO_POSITION,FRESH,FRESH,STALE,STALE,0,80.0,80.0,0.0,0.0,0.0,0.0,37.250686,126.674964,,
105.24999999999616,3,NO_POSITION,DEGRADED_CLOSED_LOOP,NO_POSITION,NO_POSITION,FRESH,FRESHED,FRESH,FRESH,0,80.0,80.0,0.0,0.0,0.0,0.0,37.250686,126.674964,,
105.29999999999616,3,NO_POSITION,DEGRADED_CLOSED_LOOP,NO_POSITION,NO_POSITION,FRESH,FRESHED,FRESH,FRESH,0,80.0,80.0,0.0,0.0,0.0,0.0,37.250686,126.674964,,
105.34999999999616,3,NO_POSITION,DEGRADED_CLOSED_LOOP,NO_POSITION,NO_POSITION,FRESH,FRESHED,FRESH,FRESH,0,80.0,80.0,0.0,0.0,0.0,0.0,37.250686,126.674964,,
105.39999999999615,3,NO_POSITION,DEGRADED_CLOSED_LOOP,NO_POSITION,NO_POSITION,FRESH,FRESHED,FRESH,FRESH,0,80.0,80.0,0.0,0.0,0.0,0.0,37.250686,126.674964,,
105.44999999999615,3,NO_POSITION,DEGRADED_CLOSED_LOOP,NO_POSITION,NO_POSITION,FRESH,FRESHED,FRESH,FRESH,0,80.0,80.0,0.0,0.0,0.0,0.0,37.250686,126.674964,,
105.49999999999615,3,NO_POSITION,DEGRADED_FEEDFORWARD,NO_POSITION,NO_POSITION,FRESH,FRESHED,STALE,FRESH,0,80.0,80.0,0.0,0.0,0.0,0.0,37.250686,126.674964,,
105.54999999999615,3,NO_POSITION,DEGRADED_FEEDFORWARD,NO_POSITION,NO_POSITION,FRESH,FRESHED,STALE,FRESH,0,80.0,80.0,0.0,0.0,0.0,0.0,37.250686,126.674964,,
105.59999999999614,3,NO_POSITION,DEGRADED_FEEDFORWARD,NO_POSITION,NO_POSITION,FRESH,FRESHED,STALE,FRESH,0,80.0,80.0,0.0,0.0,0.0,0.0,37.250686,126.674964,,
105.64999999999614,3,NO_POSITION,DEGRADED_FEEDFORWARD,NO_POSITION,NO_POSITION,FRESH,FRESHED,STALE,FRESH,0,80.0,80.0,0.0,0.0,0.0,0.0,37.250686,126.674964,,
105.69999999999614,3,NO_POSITION,DEGRADED_FEEDFORWARD,NO_POSITION,NO_POSITION,FRESH,FRESHED,STALE,FRESH,0,80.0,80.0,0.0,0.0,0.0,0.0,37.250686,126.674964,,
105.74999999999613,3,NO_POSITION,DEGRADED_FEEDFORWARD,NO_POSITION,NO_POSITION,FRESH,FRESHED,STALE,FRESH,0,80.0,80.0,0.0,0.0,0.0,0.0,37.250686,126.674964,,
105.79999999999613,3,NO_POSITION,DEGRADED_FEEDFORWARD,NO_POSITION,NO_POSITION,FRESH,FRESHED,STALE,STALE,0,80.0,80.0,0.0,0.0,0.0,0.0,37.250686,126.674964,,
105.84999999999613,3,NO_POSITION,DEGRADED_FEEDFORWARD,NO_POSITION,NO_POSITION,FRESH,FRESHED,STALE,STALE,0,80.0,80.0,0.0,0.0,0.0,0.0,37.250686,126.674964,,
105.89999999999613,3,NO_POSITION,DEGRADED_FEEDFORWARD,NO_POSITION,NO_POSITION,FRESH,FRESHED,STALE,STALE,0,80.0,80.0,0.0,0.0,0.0,0.0,37.250686,126.674964,,
105.94999999999612,3,NO_POSITION,DEGRADED_FEEDFORWARD,NO_POSITION,NO_POSITION,FRESH,FRESHED,STALE,STALE,0,80.0,80.0,0.0,0.0,0.0,0.0,37.250686,126.674964,,
105.99999999999612,3,NO_POSITION,DEGRADED_FEEDFORWARD,NO_POSITION,NO_POSITION,FRESH,FRESHED,STALE,STALE,0,80.0,80.0,0.0,0.0,0.0,0.0,37.250686,126.674964,,
106.04999999999612,3,NO_POSITION,DEGRADED_FEEDFORWARD,NO_POSITION,NO_POSITION,FRESH,FRESHED,STALE,STALE,0,80.0,80.0,0.0,0.0,0.0,0.0,37.250686,126.674964,,
106.09999999999611,3,NO_POSITION,DEGRADED_FEEDFORWARD,NO_POSITION,NO_POSITION,FRESH,FRESHED,STALE,STALE,0,80.0,80.0,0.0,0.0,0.0,0.0,37.250686,126.674964,,
106.14999999999611,3,NO_POSITION,DEGRADED_FEEDFORWARD,NO_POSITION,NO_POSITION,FRESH,FRESHED,STALE,STALE,0,80.0,80.0,0.0,0.0,0.0,0.0,37.250686,126.674964,,
106.19999999999611,3,NO_POSITION,DEGRADED_FEEDFORWARD,NO_POSITION,NO_POSITION,FRESH,FRESHED,STALE,STALE,0,80.0,80.0,0.0,0.0,0.0,0.0,37.250686,126.674964,,
106.2499999999961,3,NO_POSITION,DEGRADED_CLOSED_LOOP,NO_POSITION,NO_POSITION,FRESH,FRESHED,FRESH,FRESH,0,80.0,80.0,0.0,0.0,0.0,0.0,37.250686,126.674964,,
106.2999999999961,3,NO_POSITION,DEGRADED_CLOSED_LOOP,NO_POSITION,NO_POSITION,FRESH,FRESHED,FRESH,FRESH,0,80.0,80.0,0.0,0.0,0.0,0.0,37.250686,126.674964,,
106.3499999999961,3,NO_POSITION,DEGRADED_CLOSED_LOOP,NO_POSITION,NO_POSITION,FRESH,FRESHED,FRESH,FRESH,0,80.0,80.0,0.0,0.0,0.0,0.0,37.250686,126.674964,,
106.3999999999961,3,NO_POSITION,DEGRADED_CLOSED_LOOP,NO_POSITION,NO_POSITION,FRESH,FRESHED,FRESH,FRESH,0,80.0,80.0,0.0,0.0,0.0,0.0,37.250686,126.674964,,
106.4499999999961,3,NO_POSITION,DEGRADED_CLOSED_LOOP,NO_POSITION,NO_POSITION,FRESH,FRESHED,FRESH,FRESH,0,80.0,80.0,0.0,0.0,0.0,0.0,37.250686,126.674964,,
106.49999999999609,3,NO_POSITION,DEGRADED_FEEDFORWARD,NO_POSITION,NO_POSITION,FRESH,FRESHED,STALE,FRESH,0,80.0,80.0,0.0,0.0,0.0,0.0,37.250686,126.674964,,
106.54999999999609,3,NO_POSITION,DEGRADED_FEEDFORWARD,NO_POSITION,NO_POSITION,FRESH,FRESHED,STALE,FRESH,0,80.0,80.0,0.0,0.0,0.0,0.0,37.250686,126.674964,,
106.59999999999609,3,NO_POSITION,DEGRADED_FEEDFORWARD,NO_POSITION,NO_POSITION,FRESH,FRESHED,STALE,FRESH,0,80.0,80.0,0.0,0.0,0.0,0.0,37.250686,126.674964,,
106.64999999999608,3,NO_POSITION,DEGRADED_FEEDFORWARD,NO_POSITION,NO_POSITION,FRESH,FRESHED,STALE,FRESH,0,80.0,80.0,0.0,0.0,0.0,0.0,37.250686,126.674964,,
106.69999999999608,3,NO_POSITION,DEGRADED_FEEDFORWARD,NO_POSITION,NO_POSITION,FRESH,FRESHED,STALE,FRESH,0,80.0,80.0,0.0,0.0,0.0,0.0,37.250686,126.674964,,
106.74999999999608,3,NO_POSITION,DEGRADED_FEEDFORWARD,NO_POSITION,NO_POSITION,FRESH,FRESHED,STALE,FRESH,0,80.0,80.0,0.0,0.0,0.0,0.0,37.250686,126.674964,,
106.79999999999607,3,NO_POSITION,DEGRADED_FEEDFORWARD,NO_POSITION,NO_POSITION,FRESH,FRESHED,STALE,STALE,0,80.0,80.0,0.0,0.0,0.0,0.0,37.250686,126.674964,,
106.84999999999607,3,NO_POSITION,DEGRADED_FEEDFORWARD,NO_POSITION,NO_POSITION,FRESH,FRESHED,STALE,STALE,0,80.0,80.0,0.0,0.0,0.0,0.0,37.250686,126.674964,,
106.89999999999607,3,NO_POSITION,DEGRADED_FEEDFORWARD,NO_POSITION,NO_POSITION,FRESH,FRESHED,STALE,STALE,0,80.0,80.0,0.0,0.0,0.0,0.0,37.250686,126.674964,,
106.94999999999607,3,NO_POSITION,DEGRADED_FEEDFORWARD,NO_POSITION,NO_POSITION,FRESH,FRESHED,STALE,STALE,0,80.0,80.0,0.0,0.0,0.0,0.0,37.250686,126.674964,,
106.99999999999606,3,NO_POSITION,DEGRADED_FEEDFORWARD,NO_POSITION,NO_POSITION,FRESH,FRESHED,STALE,STALE,0,80.0,80.0,0.0,0.0,0.0,0.0,37.250686,126.674964,,
107.04999999999606,3,NO_POSITION,DEGRADED_FEEDFORWARD,NO_POSITION,NO_POSITION,FRESH,FRESHED,STALE,STALE,0,80.0,80.0,0.0,0.0,0.0,0.0,37.250686,126.674964,,
107.09999999999606,3,NO_POSITION,DEGRADED_FEEDFORWARD,NO_POSITION,NO_POSITION,FRESH,FRESHED,STALE,STALE,0,80.0,80.0,0.0,0.0,0.0,0.0,37.250686,126.674964,,
107.14999999999606,3,NO_POSITION,DEGRADED_FEEDFORWARD,NO_POSITION,NO_POSITION,FRESH,FRESHED,STALE,STALE,0,80.0,80.0,0.0,0.0,0.0,0.0,37.250686,126.674964,,
107.19999999999605,3,NO_POSITION,DEGRADED_FEEDFORWARD,NO_POSITION,NO_POSITION,FRESH,FRESHED,STALE,STALE,0,80.0,80.0,0.0,0.0,0.0,0.0,37.250686,126.674964,,
107.24999999999605,3,NO_POSITION,DEGRADED_CLOSED_LOOP,NO_POSITION,NO_POSITION,FRESH,FRESHED,FRESH,FRESH,0,80.0,80.0,0.0,0.0,0.0,0.0,37.250686,126.674964,,
107.29999999999605,3,NO_POSITION,DEGRADED_CLOSED_LOOP,NO_POSITION,NO_POSITION,FRESH,FRESHED,FRESH,FRESH,0,80.0,80.0,0.0,0.0,0.0,0.0,37.250686,126.674964,,
107.34999999999604,3,NO_POSITION,DEGRADED_CLOSED_LOOP,NO_POSITION,NO_POSITION,FRESH,FRESHED,FRESH,FRESH,0,80.0,80.0,0.0,0.0,0.0,0.0,37.250686,126.674964,,
107.39999999999604,3,NO_POSITION,DEGRADED_CLOSED_LOOP,NO_POSITION,NO_POSITION,FRESH,FRESHED,FRESH,FRESH,0,80.0,80.0,0.0,0.0,0.0,0.0,37.250686,126.674964,,
107.44999999999604,3,NO_POSITION,DEGRADED_CLOSED_LOOP,NO_POSITION,NO_POSITION,FRESH,FRESHED,FRESH,FRESH,0,80.0,80.0,0.0,0.0,0.0,0.0,37.250686,126.674964,,
107.49999999999604,3,NO_POSITION,DEGRADED_FEEDFORWARD,NO_POSITION,NO_POSITION,FRESH,FRESHED,STALE,FRESH,0,80.0,80.0,0.0,0.0,0.0,0.0,37.250686,126.674964,,
107.54999999999603,3,NO_POSITION,DEGRADED_FEEDFORWARD,NO_POSITION,NO_POSITION,FRESH,FRESHED,STALE,FRESH,0,80.0,80.0,0.0,0.0,0.0,0.0,37.250686,126.674964,,
107.59999999999603,3,NO_POSITION,DEGRADED_FEEDFORWARD,NO_POSITION,NO_POSITION,FRESH,FRESHED,STALE,FRESH,0,80.0,80.0,0.0,0.0,0.0,0.0,37.250686,126.674964,,
107.64999999999603,3,NO_POSITION,DEGRADED_FEEDFORWARD,NO_POSITION,NO_POSITION,FRESH,FRESHED,STALE,FRESH,0,80.0,80.0,0.0,0.0,0.0,0.0,37.250686,126.674964,,
107.69999999999602,3,NO_POSITION,DEGRADED_FEEDFORWARD,NO_POSITION,NO_POSITION,FRESH,FRESHED,STALE,FRESH,0,80.0,80.0,0.0,0.0,0.0,0.0,37.250686,126.674964,,
107.74999999999602,3,NO_POSITION,DEGRADED_FEEDFORWARD,NO_POSITION,NO_POSITION,FRESH,FRESHED,STALE,FRESH,0,80.0,80.0,0.0,0.0,0.0,0.0,37.250686,126.674964,,
107.79999999999602,3,NO_POSITION,DEGRADED_FEEDFORWARD,NO_POSITION,NO_POSITION,FRESH,FRESHED,STALE,STALE,0,80.0,80.0,0.0,0.0,0.0,0.0,37.250686,126.674964,,
107.84999999999602,3,NO_POSITION,DEGRADED_FEEDFORWARD,NO_POSITION,NO_POSITION,FRESH,FRESHED,STALE,STALE,0,80.0,80.0,0.0,0.0,0.0,0.0,37.250686,126.674964,,
107.89999999999601,3,NO_POSITION,DEGRADED_FEEDFORWARD,NO_POSITION,NO_POSITION,FRESH,FRESHED,STALE,STALE,0,80.0,80.0,0.0,0.0,0.0,0.0,37.250686,126.674964,,
107.94999999999601,3,NO_POSITION,DEGRADED_FEEDFORWARD,NO_POSITION,NO_POSITION,FRESH,FRESHED,STALE,STALE,0,80.0,80.0,0.0,0.0,0.0,0.0,37.250686,126.674964,,
107.999999999996,3,NO_POSITION,DEGRADED_FEEDFORWARD,NO_POSITION,NO_POSITION,FRESH,FRESHED,STALE,STALE,0,80.0,80.0,0.0,0.0,0.0,0.0,37.250686,126.674964,,
108.049999999996,3,NO_POSITION,DEGRADED_FEEDFORWARD,NO_POSITION,NO_POSITION,FRESH,FRESHED,STALE,STALE,0,80.0,80.0,0.0,0.0,0.0,0.0,37.250686,126.674964,,
108.099999999996,3,NO_POSITION,DEGRADED_FEEDFORWARD,NO_POSITION,NO_POSITION,FRESH,FRESHED,STALE,STALE,0,80.0,80.0,0.0,0.0,0.0,0.0,37.250686,126.674964,,
108.149999999996,3,NO_POSITION,DEGRADED_FEEDFORWARD,NO_POSITION,NO_POSITION,FRESH,FRESHED,STALE,STALE,0,80.0,80.0,0.0,0.0,0.0,0.0,37.250686,126.674964,,
108.199999999996,3,NO_POSITION,DEGRADED_FEEDFORWARD,NO_POSITION,NO_POSITION,FRESH,FRESHED,STALE,STALE,0,80.0,80.0,0.0,0.0,0.0,0.0,37.250686,126.674964,,
108.24999999999599,3,NO_POSITION,DEGRADED_CLOSED_LOOP,NO_POSITION,NO_POSITION,FRESH,FRESHED,FRESH,FRESH,0,80.0,80.0,0.0,0.0,0.0,0.0,37.250686,126.674964,,
108.29999999999599,3,NO_POSITION,DEGRADED_CLOSED_LOOP,NO_POSITION,NO_POSITION,FRESH,FRESHED,FRESH,FRESH,0,80.0,80.0,0.0,0.0,0.0,0.0,37.250686,126.674964,,
108.34999999999599,3,NO_POSITION,DEGRADED_CLOSED_LOOP,NO_POSITION,NO_POSITION,FRESH,FRESHED,FRESH,FRESH,0,80.0,80.0,0.0,0.0,0.0,0.0,37.250686,126.674964,,
108.39999999999598,3,NO_POSITION,DEGRADED_CLOSED_LOOP,NO_POSITION,NO_POSITION,FRESH,FRESHED,FRESH,FRESH,0,80.0,80.0,0.0,0.0,0.0,0.0,37.250686,126.674964,,
108.44999999999598,3,NO_POSITION,DEGRADED_CLOSED_LOOP,NO_POSITION,NO_POSITION,FRESH,FRESHED,FRESH,FRESH,0,80.0,80.0,0.0,0.0,0.0,0.0,37.250686,126.674964,,
108.49999999999598,3,NO_POSITION,DEGRADED_FEEDFORWARD,NO_POSITION,NO_POSITION,FRESH,FRESHED,STALE,FRESH,0,80.0,80.0,0.0,0.0,0.0,0.0,37.250686,126.674964,,
108.54999999999598,3,NO_POSITION,DEGRADED_FEEDFORWARD,NO_POSITION,NO_POSITION,FRESH,FRESHED,STALE,FRESH,0,80.0,80.0,0.0,0.0,0.0,0.0,37.250686,126.674964,,
108.59999999999597,3,NO_POSITION,DEGRADED_FEEDFORWARD,NO_POSITION,NO_POSITION,FRESH,FRESHED,STALE,FRESH,0,80.0,80.0,0.0,0.0,0.0,0.0,37.250686,126.674964,,
108.64999999999597,3,NO_POSITION,DEGRADED_FEEDFORWARD,NO_POSITION,NO_POSITION,FRESH,FRESHED,STALE,FRESH,0,80.0,80.0,0.0,0.0,0.0,0.0,37.250686,126.674964,,
108.69999999999597,3,NO_POSITION,DEGRADED_FEEDFORWARD,NO_POSITION,NO_POSITION,FRESH,FRESHED,STALE,FRESH,0,80.0,80.0,0.0,0.0,0.0,0.0,37.250686,126.674964,,
108.74999999999596,3,NO_POSITION,DEGRADED_FEEDFORWARD,NO_POSITION,NO_POSITION,FRESH,FRESHED,STALE,FRESH,0,80.0,80.0,0.0,0.0,0.0,0.0,37.250686,126.674964,,
108.79999999999596,3,NO_POSITION,DEGRADED_FEEDFORWARD,NO_POSITION,NO_POSITION,FRESH,FRESHED,STALE,STALE,0,80.0,80.0,0.0,0.0,0.0,0.0,37.250686,126.674964,,
108.84999999999596,3,NO_POSITION,DEGRADED_FEEDFORWARD,NO_POSITION,NO_POSITION,FRESH,FRESHED,STALE,STALE,0,80.0,80.0,0.0,0.0,0.0,0.0,37.250686,126.674964,,
108.89999999999596,3,NO_POSITION,DEGRADED_FEEDFORWARD,NO_POSITION,NO_POSITION,FRESH,FRESHED,STALE,STALE,0,80.0,80.0,0.0,0.0,0.0,0.0,37.250686,126.674964,,
108.94999999999595,3,NO_POSITION,DEGRADED_FEEDFORWARD,NO_POSITION,NO_POSITION,FRESH,FRESHED,STALE,STALE,0,80.0,80.0,0.0,0.0,0.0,0.0,37.250686,126.674964,,
108.99999999999595,3,NO_POSITION,DEGRADED_FEEDFORWARD,NO_POSITION,NO_POSITION,FRESH,FRESHED,STALE,STALE,0,80.0,80.0,0.0,0.0,0.0,0.0,37.250686,126.674964,,
109.04999999999595,3,NO_POSITION,DEGRADED_FEEDFORWARD,NO_POSITION,NO_POSITION,FRESH,FRESHED,STALE,STALE,0,80.0,80.0,0.0,0.0,0.0,0.0,37.250686,126.674964,,
109.09999999999594,3,NO_POSITION,DEGRADED_FEEDFORWARD,NO_POSITION,NO_POSITION,FRESH,FRESHED,STALE,STALE,0,80.0,80.0,0.0,0.0,0.0,0.0,37.250686,126.674964,,
109.14999999999594,3,NO_POSITION,DEGRADED_FEEDFORWARD,NO_POSITION,NO_POSITION,FRESH,FRESHED,STALE,STALE,0,80.0,80.0,0.0,0.0,0.0,0.0,37.250686,126.674964,,
109.19999999999594,3,NO_POSITION,DEGRADED_FEEDFORWARD,NO_POSITION,NO_POSITION,FRESH,FRESHED,STALE,STALE,0,80.0,80.0,0.0,0.0,0.0,0.0,37.250686,126.674964,,
109.24999999999594,3,NO_POSITION,DEGRADED_CLOSED_LOOP,NO_POSITION,NO_POSITION,FRESH,FRESHED,FRESH,FRESH,0,80.0,80.0,0.0,0.0,0.0,0.0,37.250686,126.674964,,
109.29999999999593,3,NO_POSITION,DEGRADED_CLOSED_LOOP,NO_POSITION,NO_POSITION,FRESH,FRESHED,FRESH,FRESH,0,80.0,80.0,0.0,0.0,0.0,0.0,37.250686,126.674964,,
109.34999999999593,3,NO_POSITION,DEGRADED_CLOSED_LOOP,NO_POSITION,NO_POSITION,FRESH,FRESHED,FRESH,FRESH,0,80.0,80.0,0.0,0.0,0.0,0.0,37.250686,126.674964,,
109.39999999999593,3,NO_POSITION,DEGRADED_CLOSED_LOOP,NO_POSITION,NO_POSITION,FRESH,FRESHED,FRESH,FRESH,0,80.0,80.0,0.0,0.0,0.0,0.0,37.250686,126.674964,,
109.44999999999592,3,NO_POSITION,DEGRADED_CLOSED_LOOP,NO_POSITION,NO_POSITION,FRESH,FRESHED,FRESH,FRESH,0,80.0,80.0,0.0,0.0,0.0,0.0,37.250686,126.674964,,
109.49999999999592,3,NO_POSITION,DEGRADED_FEEDFORWARD,NO_POSITION,NO_POSITION,FRESH,FRESHED,STALE,FRESH,0,80.0,80.0,0.0,0.0,0.0,0.0,37.250686,126.674964,,
109.54999999999592,3,NO_POSITION,DEGRADED_FEEDFORWARD,NO_POSITION,NO_POSITION,FRESH,FRESHED,STALE,FRESH,0,80.0,80.0,0.0,0.0,0.0,0.0,37.250686,126.674964,,
109.59999999999592,3,NO_POSITION,DEGRADED_FEEDFORWARD,NO_POSITION,NO_POSITION,FRESH,FRESHED,STALE,FRESH,0,80.0,80.0,0.0,0.0,0.0,0.0,37.250686,126.674964,,
109.64999999999591,3,NO_POSITION,DEGRADED_FEEDFORWARD,NO_POSITION,NO_POSITION,FRESH,FRESHED,STALE,FRESH,0,80.0,80.0,0.0,0.0,0.0,0.0,37.250686,126.674964,,
109.69999999999591,3,NO_POSITION,DEGRADED_FEEDFORWARD,NO_POSITION,NO_POSITION,FRESH,FRESHED,STALE,FRESH,0,80.0,80.0,0.0,0.0,0.0,0.0,37.250686,126.674964,,
109.74999999999591,3,NO_POSITION,DEGRADED_FEEDFORWARD,NO_POSITION,NO_POSITION,FRESH,FRESHED,STALE,FRESH,0,80.0,80.0,0.0,0.0,0.0,0.0,37.250686,126.674964,,
109.7999999999959,3,NO_POSITION,DEGRADED_FEEDFORWARD,NO_POSITION,NO_POSITION,FRESH,FRESHED,STALE,STALE,0,80.0,80.0,0.0,0.0,0.0,0.0,37.250686,126.674964,,
109.8499999999959,3,NO_POSITION,DEGRADED_FEEDFORWARD,NO_POSITION,NO_POSITION,FRESH,FRESHED,STALE,STALE,0,80.0,80.0,0.0,0.0,0.0,0.0,37.250686,126.674964,,
109.8999999999959,3,NO_POSITION,DEGRADED_FEEDFORWARD,NO_POSITION,NO_POSITION,FRESH,FRESHED,STALE,STALE,0,80.0,80.0,0.0,0.0,0.0,0.0,37.250686,126.674964,,
109.9499999999959,3,NO_POSITION,DEGRADED_FEEDFORWARD,NO_POSITION,NO_POSITION,FRESH,FRESHED,STALE,STALE,0,80.0,80.0,0.0,0.0,0.0,0.0,37.250686,126.674964,,
109.9999999999959,3,NO_POSITION,DEGRADED_FEEDFORWARD,NO_POSITION,NO_POSITION,FRESH,FRESHED,STALE,STALE,0,80.0,80.0,0.0,0.0,0.0,0.0,37.250686,126.674964,,
110.04999999999589,3,NO_POSITION,DEGRADED_FEEDFORWARD,NO_POSITION,NO_POSITION,FRESH,FRESHED,STALE,STALE,0,80.0,80.0,0.0,0.0,0.0,0.0,37.250686,126.674964,,
110.09999999999589,3,NO_POSITION,DEGRADED_FEEDFORWARD,NO_POSITION,NO_POSITION,FRESH,FRESHED,STALE,STALE,0,80.0,80.0,0.0,0.0,0.0,0.0,37.250686,126.674964,,
110.14999999999588,3,NO_POSITION,DEGRADED_FEEDFORWARD,NO_POSITION,NO_POSITION,FRESH,FRESHED,STALE,STALE,0,80.0,80.0,0.0,0.0,0.0,0.0,37.250686,126.674964,,
110.19999999999588,3,NO_POSITION,DEGRADED_FEEDFORWARD,NO_POSITION,NO_POSITION,FRESH,FRESHED,STALE,STALE,0,80.0,80.0,0.0,0.0,0.0,0.0,37.250686,126.674964,,
110.24999999999588,3,NO_POSITION,DEGRADED_CLOSED_LOOP,NO_POSITION,NO_POSITION,FRESH,FRESHED,FRESH,FRESH,0,80.0,80.0,0.0,0.0,0.0,0.0,37.250686,126.674964,,
110.29999999999588,3,NO_POSITION,DEGRADED_CLOSED_LOOP,NO_POSITION,NO_POSITION,FRESH,FRESHED,FRESH,FRESH,0,80.0,80.0,0.0,0.0,0.0,0.0,37.250686,126.674964,,
110.34999999999587,3,NO_POSITION,DEGRADED_CLOSED_LOOP,NO_POSITION,NO_POSITION,FRESH,FRESHED,FRESH,FRESH,0,80.0,80.0,0.0,0.0,0.0,0.0,37.250686,126.674964,,
110.39999999999587,3,NO_POSITION,DEGRADED_CLOSED_LOOP,NO_POSITION,NO_POSITION,FRESH,FRESHED,FRESH,FRESH,0,80.0,80.0,0.0,0.0,0.0,0.0,37.250686,126.674964,,
110.44999999999587,3,NO_POSITION,DEGRADED_CLOSED_LOOP,NO_POSITION,NO_POSITION,FRESH,FRESHED,FRESH,FRESH,0,80.0,80.0,0.0,0.0,0.0,0.0,37.250686,126.674964,,
110.49999999999586,3,NO_POSITION,DEGRADED_FEEDFORWARD,NO_POSITION,NO_POSITION,FRESH,FRESHED,STALE,FRESH,0,80.0,80.0,0.0,0.0,0.0,0.0,37.250686,126.674964,,
110.54999999999586,3,NO_POSITION,DEGRADED_FEEDFORWARD,NO_POSITION,NO_POSITION,FRESH,FRESHED,STALE,FRESH,0,80.0,80.0,0.0,0.0,0.0,0.0,37.250686,126.674964,,
110.59999999999586,3,NO_POSITION,DEGRADED_FEEDFORWARD,NO_POSITION,NO_POSITION,FRESH,FRESHED,STALE,FRESH,0,80.0,80.0,0.0,0.0,0.0,0.0,37.250686,126.674964,,
110.64999999999586,3,NO_POSITION,DEGRADED_FEEDFORWARD,NO_POSITION,NO_POSITION,FRESH,FRESHED,STALE,FRESH,0,80.0,80.0,0.0,0.0,0.0,0.0,37.250686,126.674964,,
110.69999999999585,3,NO_POSITION,DEGRADED_FEEDFORWARD,NO_POSITION,NO_POSITION,FRESH,FRESHED,STALE,FRESH,0,80.0,80.0,0.0,0.0,0.0,0.0,37.250686,126.674964,,
110.74999999999585,3,NO_POSITION,DEGRADED_FEEDFORWARD,NO_POSITION,NO_POSITION,FRESH,FRESHED,STALE,FRESH,0,80.0,80.0,0.0,0.0,0.0,0.0,37.250686,126.674964,,
110.79999999999585,3,NO_POSITION,DEGRADED_FEEDFORWARD,NO_POSITION,NO_POSITION,FRESH,FRESHED,STALE,STALE,0,80.0,80.0,0.0,0.0,0.0,0.0,37.250686,126.674964,,
110.84999999999584,3,NO_POSITION,DEGRADED_FEEDFORWARD,NO_POSITION,NO_POSITION,FRESH,FRESHED,STALE,STALE,0,80.0,80.0,0.0,0.0,0.0,0.0,37.250686,126.674964,,
110.89999999999584,3,NO_POSITION,DEGRADED_FEEDFORWARD,NO_POSITION,NO_POSITION,FRESH,FRESHED,STALE,STALE,0,80.0,80.0,0.0,0.0,0.0,0.0,37.250686,126.674964,,
110.94999999999584,3,NO_POSITION,DEGRADED_FEEDFORWARD,NO_POSITION,NO_POSITION,FRESH,FRESHED,STALE,STALE,0,80.0,80.0,0.0,0.0,0.0,0.0,37.250686,126.674964,,
110.99999999999584,3,NO_POSITION,DEGRADED_FEEDFORWARD,NO_POSITION,NO_POSITION,FRESH,FRESHED,STALE,STALE,0,80.0,80.0,0.0,0.0,0.0,0.0,37.250686,126.674964,,
111.04999999999583,3,NO_POSITION,DEGRADED_FEEDFORWARD,NO_POSITION,NO_POSITION,FRESH,FRESHED,STALE,STALE,0,80.0,80.0,0.0,0.0,0.0,0.0,37.250686,126.674964,,
111.09999999999583,3,NO_POSITION,DEGRADED_FEEDFORWARD,NO_POSITION,NO_POSITION,FRESH,FRESHED,STALE,STALE,0,80.0,80.0,0.0,0.0,0.0,0.0,37.250686,126.674964,,
111.14999999999583,3,NO_POSITION,DEGRADED_FEEDFORWARD,NO_POSITION,NO_POSITION,FRESH,FRESHED,STALE,STALE,0,80.0,80.0,0.0,0.0,0.0,0.0,37.250686,126.674964,,
111.19999999999582,3,NO_POSITION,DEGRADED_FEEDFORWARD,NO_POSITION,NO_POSITION,FRESH,FRESHED,STALE,STALE,0,80.0,80.0,0.0,0.0,0.0,0.0,37.250686,126.674964,,
111.24999999999582,3,NO_POSITION,NOMINAL_CLOSED_LOOP,NO_POSITION,NO_POSITION,FRESH,FRESH,FRESH,FRESH,0,80.0,80.0,0.0,0.0,0.0,0.0,37.250686,126.674964,,
111.29999999999582,3,NO_POSITION,NOMINAL_CLOSED_LOOP,NO_POSITION,NO_POSITION,FRESH,FRESH,FRESH,FRESH,0,80.0,80.0,0.0,0.0,0.0,0.0,37.250686,126.674964,,
111.34999999999582,3,NO_POSITION,NOMINAL_CLOSED_LOOP,NO_POSITION,NO_POSITION,FRESH,FRESH,FRESH,FRESH,0,80.0,80.0,0.0,0.0,0.0,0.0,37.250686,126.674964,,
111.39999999999581,3,NO_POSITION,NOMINAL_CLOSED_LOOP,NO_POSITION,NO_POSITION,FRESH,FRESH,FRESH,FRESH,0,80.0,80.0,0.0,0.0,0.0,0.0,37.250686,126.674964,,
111.44999999999581,3,NO_POSITION,NOMINAL_CLOSED_LOOP,NO_POSITION,NO_POSITION,FRESH,FRESH,FRESH,FRESH,0,80.0,80.0,0.0,0.0,0.0,0.0,37.250686,126.674964,,
111.49999999999581,3,NO_POSITION,NOMINAL_FEEDFORWARD,NO_POSITION,NO_POSITION,FRESH,FRESH,STALE,FRESH,0,80.0,80.0,0.0,0.0,0.0,0.0,37.250686,126.674964,,
111.5499999999958,3,NO_POSITION,NOMINAL_FEEDFORWARD,NO_POSITION,NO_POSITION,FRESH,FRESH,STALE,FRESH,0,80.0,80.0,0.0,0.0,0.0,0.0,37.250686,126.674964,,
111.5999999999958,3,NO_POSITION,NOMINAL_FEEDFORWARD,NO_POSITION,NO_POSITION,FRESH,FRESH,STALE,FRESH,0,80.0,80.0,0.0,0.0,0.0,0.0,37.250686,126.674964,,
111.6499999999958,3,NO_POSITION,NOMINAL_FEEDFORWARD,NO_POSITION,NO_POSITION,FRESH,FRESH,STALE,FRESH,0,80.0,80.0,0.0,0.0,0.0,0.0,37.250686,126.674964,,
111.6999999999958,3,NO_POSITION,NOMINAL_FEEDFORWARD,NO_POSITION,NO_POSITION,FRESH,FRESH,STALE,FRESH,0,80.0,80.0,0.0,0.0,0.0,0.0,37.250686,126.674964,,
111.7499999999958,3,NO_POSITION,NOMINAL_FEEDFORWARD,NO_POSITION,NO_POSITION,FRESH,FRESH,STALE,FRESH,0,80.0,80.0,0.0,0.0,0.0,0.0,37.250686,126.674964,,
111.79999999999579,3,NO_POSITION,NOMINAL_FEEDFORWARD,NO_POSITION,NO_POSITION,FRESH,FRESH,STALE,STALE,0,80.0,80.0,0.0,0.0,0.0,0.0,37.250686,126.674964,,
111.84999999999579,3,NO_POSITION,NOMINAL_FEEDFORWARD,NO_POSITION,NO_POSITION,FRESH,FRESH,STALE,STALE,0,80.0,80.0,0.0,0.0,0.0,0.0,37.250686,126.674964,,
111.89999999999579,3,NO_POSITION,NOMINAL_FEEDFORWARD,NO_POSITION,NO_POSITION,FRESH,FRESH,STALE,STALE,0,80.0,80.0,0.0,0.0,0.0,0.0,37.250686,126.674964,,
111.94999999999578,3,NO_POSITION,NOMINAL_FEEDFORWARD,NO_POSITION,NO_POSITION,FRESH,FRESH,STALE,STALE,0,80.0,80.0,0.0,0.0,0.0,0.0,37.250686,126.674964,,
111.99999999999578,3,NO_POSITION,NOMINAL_FEEDFORWARD,NO_POSITION,NO_POSITION,FRESH,FRESH,STALE,STALE,0,80.0,80.0,0.0,0.0,0.0,0.0,37.250686,126.674964,,
112.04999999999578,3,NO_POSITION,NOMINAL_FEEDFORWARD,NO_POSITION,NO_POSITION,FRESH,FRESH,STALE,STALE,0,80.0,80.0,0.0,0.0,0.0,0.0,37.250686,126.674964,,
112.09999999999577,3,NO_POSITION,NOMINAL_FEEDFORWARD,NO_POSITION,NO_POSITION,FRESH,FRESH,STALE,STALE,0,80.0,80.0,0.0,0.0,0.0,0.0,37.250686,126.674964,,
112.14999999999577,3,NO_POSITION,NOMINAL_FEEDFORWARD,NO_POSITION,NO_POSITION,FRESH,FRESH,STALE,STALE,0,80.0,80.0,0.0,0.0,0.0,0.0,37.250686,126.674964,,
112.19999999999577,3,NO_POSITION,NOMINAL_FEEDFORWARD,NO_POSITION,NO_POSITION,FRESH,FRESH,STALE,STALE,0,80.0,80.0,0.0,0.0,0.0,0.0,37.250686,126.674964,,
112.24999999999577,3,NO_POSITION,DEGRADED_CLOSED_LOOP,NO_POSITION,NO_POSITION,FRESH,FRESHED,FRESH,FRESH,0,80.0,80.0,0.0,0.0,0.0,0.0,37.250686,126.674964,,
112.29999999999576,3,NO_POSITION,DEGRADED_CLOSED_LOOP,NO_POSITION,NO_POSITION,FRESH,FRESHED,FRESH,FRESH,0,80.0,80.0,0.0,0.0,0.0,0.0,37.250686,126.674964,,
112.34999999999576,3,NO_POSITION,DEGRADED_CLOSED_LOOP,NO_POSITION,NO_POSITION,FRESH,FRESHED,FRESH,FRESH,0,80.0,80.0,0.0,0.0,0.0,0.0,37.250686,126.674964,,
112.39999999999576,3,NO_POSITION,DEGRADED_CLOSED_LOOP,NO_POSITION,NO_POSITION,FRESH,FRESHED,FRESH,FRESH,0,80.0,80.0,0.0,0.0,0.0,0.0,37.250686,126.674964,,
112.44999999999575,3,NO_POSITION,DEGRADED_CLOSED_LOOP,NO_POSITION,NO_POSITION,FRESH,FRESHED,FRESH,FRESH,0,80.0,80.0,0.0,0.0,0.0,0.0,37.250686,126.674964,,
112.49999999999575,3,NO_POSITION,DEGRADED_FEEDFORWARD,NO_POSITION,NO_POSITION,FRESH,FRESHED,STALE,FRESH,0,80.0,80.0,0.0,0.0,0.0,0.0,37.250686,126.674964,,
112.54999999999575,3,NO_POSITION,DEGRADED_FEEDFORWARD,NO_POSITION,NO_POSITION,FRESH,FRESHED,STALE,FRESH,0,80.0,80.0,0.0,0.0,0.0,0.0,37.250686,126.674964,,
112.59999999999575,3,NO_POSITION,DEGRADED_FEEDFORWARD,NO_POSITION,NO_POSITION,FRESH,FRESHED,STALE,FRESH,0,80.0,80.0,0.0,0.0,0.0,0.0,37.250686,126.674964,,
112.64999999999574,3,NO_POSITION,DEGRADED_FEEDFORWARD,NO_POSITION,NO_POSITION,FRESH,FRESHED,STALE,FRESH,0,80.0,80.0,0.0,0.0,0.0,0.0,37.250686,126.674964,,
112.69999999999574,3,NO_POSITION,DEGRADED_FEEDFORWARD,NO_POSITION,NO_POSITION,FRESH,FRESHED,STALE,FRESH,0,80.0,80.0,0.0,0.0,0.0,0.0,37.250686,126.674964,,
112.74999999999574,3,NO_POSITION,DEGRADED_FEEDFORWARD,NO_POSITION,NO_POSITION,FRESH,FRESHED,STALE,FRESH,0,80.0,80.0,0.0,0.0,0.0,0.0,37.250686,126.674964,,
112.79999999999573,3,NO_POSITION,DEGRADED_FEEDFORWARD,NO_POSITION,NO_POSITION,FRESH,FRESHED,STALE,STALE,0,80.0,80.0,0.0,0.0,0.0,0.0,37.250686,126.674964,,
112.84999999999573,3,NO_POSITION,DEGRADED_FEEDFORWARD,NO_POSITION,NO_POSITION,FRESH,FRESHED,STALE,STALE,0,80.0,80.0,0.0,0.0,0.0,0.0,37.250686,126.674964,,
112.89999999999573,3,NO_POSITION,DEGRADED_FEEDFORWARD,NO_POSITION,NO_POSITION,FRESH,FRESHED,STALE,STALE,0,80.0,80.0,0.0,0.0,0.0,0.0,37.250686,126.674964,,
112.94999999999573,3,NO_POSITION,DEGRADED_FEEDFORWARD,NO_POSITION,NO_POSITION,FRESH,FRESHED,STALE,STALE,0,80.0,80.0,0.0,0.0,0.0,0.0,37.250686,126.674964,,
112.99999999999572,3,NO_POSITION,DEGRADED_FEEDFORWARD,NO_POSITION,NO_POSITION,FRESH,FRESHED,STALE,STALE,0,80.0,80.0,0.0,0.0,0.0,0.0,37.250686,126.674964,,
113.04999999999572,3,NO_POSITION,DEGRADED_FEEDFORWARD,NO_POSITION,NO_POSITION,FRESH,FRESHED,STALE,STALE,0,80.0,80.0,0.0,0.0,0.0,0.0,37.250686,126.674964,,
113.09999999999572,3,NO_POSITION,DEGRADED_FEEDFORWARD,NO_POSITION,NO_POSITION,FRESH,FRESHED,STALE,STALE,0,80.0,80.0,0.0,0.0,0.0,0.0,37.250686,126.674964,,
113.14999999999571,3,NO_POSITION,DEGRADED_FEEDFORWARD,NO_POSITION,NO_POSITION,FRESH,FRESHED,STALE,STALE,0,80.0,80.0,0.0,0.0,0.0,0.0,37.250686,126.674964,,
113.19999999999571,3,NO_POSITION,DEGRADED_FEEDFORWARD,NO_POSITION,NO_POSITION,FRESH,FRESHED,STALE,STALE,0,80.0,80.0,0.0,0.0,0.0,0.0,37.250686,126.674964,,
113.24999999999571,3,NO_POSITION,NOMINAL_CLOSED_LOOP,NO_POSITION,NO_POSITION,FRESH,FRESH,FRESH,FRESH,0,80.0,80.0,0.0,0.0,0.0,0.0,37.250686,126.674964,,
113.2999999999957,3,NO_POSITION,NOMINAL_CLOSED_LOOP,NO_POSITION,NO_POSITION,FRESH,FRESH,FRESH,FRESH,0,80.0,80.0,0.0,0.0,0.0,0.0,37.250686,126.674964,,
113.3499999999957,3,NO_POSITION,NOMINAL_CLOSED_LOOP,NO_POSITION,NO_POSITION,FRESH,FRESH,FRESH,FRESH,0,80.0,80.0,0.0,0.0,0.0,0.0,37.250686,126.674964,,
113.3999999999957,3,NO_POSITION,NOMINAL_CLOSED_LOOP,NO_POSITION,NO_POSITION,FRESH,FRESH,FRESH,FRESH,0,80.0,80.0,0.0,0.0,0.0,0.0,37.250686,126.674964,,
113.4499999999957,3,NO_POSITION,NOMINAL_CLOSED_LOOP,NO_POSITION,NO_POSITION,FRESH,FRESH,FRESH,FRESH,0,80.0,80.0,0.0,0.0,0.0,0.0,37.250686,126.674964,,
113.4999999999957,3,NO_POSITION,NOMINAL_FEEDFORWARD,NO_POSITION,NO_POSITION,FRESH,FRESH,STALE,FRESH,0,80.0,80.0,0.0,0.0,0.0,0.0,37.250686,126.674964,,
113.54999999999569,3,NO_POSITION,NOMINAL_FEEDFORWARD,NO_POSITION,NO_POSITION,FRESH,FRESH,STALE,FRESH,0,80.0,80.0,0.0,0.0,0.0,0.0,37.250686,126.674964,,
113.59999999999569,3,NO_POSITION,NOMINAL_FEEDFORWARD,NO_POSITION,NO_POSITION,FRESH,FRESH,STALE,FRESH,0,80.0,80.0,0.0,0.0,0.0,0.0,37.250686,126.674964,,
113.64999999999569,3,NO_POSITION,NOMINAL_FEEDFORWARD,NO_POSITION,NO_POSITION,FRESH,FRESH,STALE,FRESH,0,80.0,80.0,0.0,0.0,0.0,0.0,37.250686,126.674964,,
113.69999999999568,3,NO_POSITION,NOMINAL_FEEDFORWARD,NO_POSITION,NO_POSITION,FRESH,FRESH,STALE,FRESH,0,80.0,80.0,0.0,0.0,0.0,0.0,37.250686,126.674964,,
113.74999999999568,3,NO_POSITION,NOMINAL_FEEDFORWARD,NO_POSITION,NO_POSITION,FRESH,FRESH,STALE,FRESH,0,80.0,80.0,0.0,0.0,0.0,0.0,37.250686,126.674964,,
113.79999999999568,3,NO_POSITION,NOMINAL_FEEDFORWARD,NO_POSITION,NO_POSITION,FRESH,FRESH,STALE,STALE,0,80.0,80.0,0.0,0.0,0.0,0.0,37.250686,126.674964,,
113.84999999999567,3,NO_POSITION,NOMINAL_FEEDFORWARD,NO_POSITION,NO_POSITION,FRESH,FRESH,STALE,STALE,0,80.0,80.0,0.0,0.0,0.0,0.0,37.250686,126.674964,,
113.89999999999567,3,NO_POSITION,NOMINAL_FEEDFORWARD,NO_POSITION,NO_POSITION,FRESH,FRESH,STALE,STALE,0,80.0,80.0,0.0,0.0,0.0,0.0,37.250686,126.674964,,
113.94999999999567,3,NO_POSITION,NOMINAL_FEEDFORWARD,NO_POSITION,NO_POSITION,FRESH,FRESH,STALE,STALE,0,80.0,80.0,0.0,0.0,0.0,0.0,37.250686,126.674964,,
113.99999999999567,3,NO_POSITION,NOMINAL_FEEDFORWARD,NO_POSITION,NO_POSITION,FRESH,FRESH,STALE,STALE,0,80.0,80.0,0.0,0.0,0.0,0.0,37.250686,126.674964,,
114.04999999999566,3,NO_POSITION,NOMINAL_FEEDFORWARD,NO_POSITION,NO_POSITION,FRESH,FRESH,STALE,STALE,0,80.0,80.0,0.0,0.0,0.0,0.0,37.250686,126.674964,,
114.09999999999566,3,NO_POSITION,NOMINAL_FEEDFORWARD,NO_POSITION,NO_POSITION,FRESH,FRESH,STALE,STALE,0,80.0,80.0,0.0,0.0,0.0,0.0,37.250686,126.674964,,
114.14999999999566,3,NO_POSITION,NOMINAL_FEEDFORWARD,NO_POSITION,NO_POSITION,FRESH,FRESH,STALE,STALE,0,80.0,80.0,0.0,0.0,0.0,0.0,37.250686,126.674964,,
114.19999999999565,3,NO_POSITION,NOMINAL_FEEDFORWARD,NO_POSITION,NO_POSITION,FRESH,FRESH,STALE,STALE,0,80.0,80.0,0.0,0.0,0.0,0.0,37.250686,126.674964,,
114.24999999999565,3,NO_POSITION,DEGRADED_CLOSED_LOOP,NO_POSITION,NO_POSITION,FRESH,FRESHED,FRESH,FRESH,0,80.0,80.0,0.0,0.0,0.0,0.0,37.250686,126.674964,,
114.29999999999565,3,NO_POSITION,DEGRADED_CLOSED_LOOP,NO_POSITION,NO_POSITION,FRESH,FRESHED,FRESH,FRESH,0,80.0,80.0,0.0,0.0,0.0,0.0,37.250686,126.674964,,
114.34999999999565,3,NO_POSITION,DEGRADED_CLOSED_LOOP,NO_POSITION,NO_POSITION,FRESH,FRESHED,FRESH,FRESH,0,80.0,80.0,0.0,0.0,0.0,0.0,37.250686,126.674964,,
114.39999999999564,3,NO_POSITION,DEGRADED_CLOSED_LOOP,NO_POSITION,NO_POSITION,FRESH,FRESHED,FRESH,FRESH,0,80.0,80.0,0.0,0.0,0.0,0.0,37.250686,126.674964,,
114.44999999999564,3,NO_POSITION,DEGRADED_CLOSED_LOOP,NO_POSITION,NO_POSITION,FRESH,FRESHED,FRESH,FRESH,0,80.0,80.0,0.0,0.0,0.0,0.0,37.250686,126.674964,,
114.49999999999564,3,NO_POSITION,DEGRADED_FEEDFORWARD,NO_POSITION,NO_POSITION,FRESH,FRESHED,STALE,FRESH,0,80.0,80.0,0.0,0.0,0.0,0.0,37.250686,126.674964,,
114.54999999999563,3,NO_POSITION,DEGRADED_FEEDFORWARD,NO_POSITION,NO_POSITION,FRESH,FRESHED,STALE,FRESH,0,80.0,80.0,0.0,0.0,0.0,0.0,37.250686,126.674964,,
114.59999999999563,3,NO_POSITION,DEGRADED_FEEDFORWARD,NO_POSITION,NO_POSITION,FRESH,FRESHED,STALE,FRESH,0,80.0,80.0,0.0,0.0,0.0,0.0,37.250686,126.674964,,
114.64999999999563,3,NO_POSITION,DEGRADED_FEEDFORWARD,NO_POSITION,NO_POSITION,FRESH,FRESHED,STALE,FRESH,0,80.0,80.0,0.0,0.0,0.0,0.0,37.250686,126.674964,,
114.69999999999563,3,NO_POSITION,DEGRADED_FEEDFORWARD,NO_POSITION,NO_POSITION,FRESH,FRESHED,STALE,FRESH,0,80.0,80.0,0.0,0.0,0.0,0.0,37.250686,126.674964,,
114.74999999999562,3,NO_POSITION,DEGRADED_FEEDFORWARD,NO_POSITION,NO_POSITION,FRESH,FRESHED,STALE,FRESH,0,80.0,80.0,0.0,0.0,0.0,0.0,37.250686,126.674964,,
114.79999999999562,3,NO_POSITION,DEGRADED_FEEDFORWARD,NO_POSITION,NO_POSITION,FRESH,FRESHED,STALE,STALE,0,80.0,80.0,0.0,0.0,0.0,0.0,37.250686,126.674964,,
114.84999999999562,3,NO_POSITION,DEGRADED_FEEDFORWARD,NO_POSITION,NO_POSITION,FRESH,FRESHED,STALE,STALE,0,80.0,80.0,0.0,0.0,0.0,0.0,37.250686,126.674964,,
114.89999999999561,3,NO_POSITION,DEGRADED_FEEDFORWARD,NO_POSITION,NO_POSITION,FRESH,FRESHED,STALE,STALE,0,80.0,80.0,0.0,0.0,0.0,0.0,37.250686,126.674964,,
114.94999999999561,3,NO_POSITION,DEGRADED_FEEDFORWARD,NO_POSITION,NO_POSITION,FRESH,FRESHED,STALE,STALE,0,80.0,80.0,0.0,0.0,0.0,0.0,37.250686,126.674964,,
114.99999999999561,3,NO_POSITION,DEGRADED_FEEDFORWARD,NO_POSITION,NO_POSITION,FRESH,FRESHED,STALE,STALE,0,80.0,80.0,0.0,0.0,0.0,0.0,37.250686,126.674964,,
115.0499999999956,3,NO_POSITION,DEGRADED_FEEDFORWARD,NO_POSITION,NO_POSITION,FRESH,FRESHED,STALE,STALE,0,80.0,80.0,0.0,0.0,0.0,0.0,37.250686,126.674964,,
115.0999999999956,3,NO_POSITION,DEGRADED_FEEDFORWARD,NO_POSITION,NO_POSITION,FRESH,FRESHED,STALE,STALE,0,80.0,80.0,0.0,0.0,0.0,0.0,37.250686,126.674964,,
115.1499999999956,3,NO_POSITION,DEGRADED_FEEDFORWARD,NO_POSITION,NO_POSITION,FRESH,FRESHED,STALE,STALE,0,80.0,80.0,0.0,0.0,0.0,0.0,37.250686,126.674964,,
115.1999999999956,3,NO_POSITION,DEGRADED_FEEDFORWARD,NO_POSITION,NO_POSITION,FRESH,FRESHED,STALE,STALE,0,80.0,80.0,0.0,0.0,0.0,0.0,37.250686,126.674964,,
115.2499999999956,3,NO_POSITION,NOMINAL_CLOSED_LOOP,NO_POSITION,NO_POSITION,FRESH,FRESH,FRESH,FRESH,0,80.0,80.0,0.0,0.0,0.0,0.0,37.250686,126.674964,,
115.29999999999559,3,NO_POSITION,NOMINAL_CLOSED_LOOP,NO_POSITION,NO_POSITION,FRESH,FRESH,FRESH,FRESH,0,80.0,80.0,0.0,0.0,0.0,0.0,37.250686,126.674964,,
115.34999999999559,3,NO_POSITION,NOMINAL_CLOSED_LOOP,NO_POSITION,NO_POSITION,FRESH,FRESH,FRESH,FRESH,0,80.0,80.0,0.0,0.0,0.0,0.0,37.250686,126.674964,,
115.39999999999559,3,NO_POSITION,NOMINAL_CLOSED_LOOP,NO_POSITION,NO_POSITION,FRESH,FRESH,FRESH,FRESH,0,80.0,80.0,0.0,0.0,0.0,0.0,37.250686,126.674964,,
115.44999999999558,3,NO_POSITION,NOMINAL_CLOSED_LOOP,NO_POSITION,NO_POSITION,FRESH,FRESH,FRESH,FRESH,0,80.0,80.0,0.0,0.0,0.0,0.0,37.250686,126.674964,,
115.49999999999558,3,NO_POSITION,NOMINAL_FEEDFORWARD,NO_POSITION,NO_POSITION,FRESH,FRESH,STALE,FRESH,0,80.0,80.0,0.0,0.0,0.0,0.0,37.250686,126.674964,,
115.54999999999558,3,NO_POSITION,NOMINAL_FEEDFORWARD,NO_POSITION,NO_POSITION,FRESH,FRESH,STALE,FRESH,0,80.0,80.0,0.0,0.0,0.0,0.0,37.250686,126.674964,,
115.59999999999557,3,NO_POSITION,NOMINAL_FEEDFORWARD,NO_POSITION,NO_POSITION,FRESH,FRESH,STALE,FRESH,0,80.0,80.0,0.0,0.0,0.0,0.0,37.250686,126.674964,,
115.64999999999557,3,NO_POSITION,NOMINAL_FEEDFORWARD,NO_POSITION,NO_POSITION,FRESH,FRESH,STALE,FRESH,0,80.0,80.0,0.0,0.0,0.0,0.0,37.250686,126.674964,,
115.69999999999557,3,NO_POSITION,NOMINAL_FEEDFORWARD,NO_POSITION,NO_POSITION,FRESH,FRESH,STALE,FRESH,0,80.0,80.0,0.0,0.0,0.0,0.0,37.250686,126.674964,,
115.74999999999557,3,NO_POSITION,NOMINAL_FEEDFORWARD,NO_POSITION,NO_POSITION,FRESH,FRESH,STALE,FRESH,0,80.0,80.0,0.0,0.0,0.0,0.0,37.250686,126.674964,,
115.79999999999556,3,NO_POSITION,NOMINAL_FEEDFORWARD,NO_POSITION,NO_POSITION,FRESH,FRESH,STALE,STALE,0,80.0,80.0,0.0,0.0,0.0,0.0,37.250686,126.674964,,
115.84999999999556,3,NO_POSITION,NOMINAL_FEEDFORWARD,NO_POSITION,NO_POSITION,FRESH,FRESH,STALE,STALE,0,80.0,80.0,0.0,0.0,0.0,0.0,37.250686,126.674964,,
115.89999999999556,3,NO_POSITION,NOMINAL_FEEDFORWARD,NO_POSITION,NO_POSITION,FRESH,FRESH,STALE,STALE,0,80.0,80.0,0.0,0.0,0.0,0.0,37.250686,126.674964,,
115.94999999999555,3,NO_POSITION,NOMINAL_FEEDFORWARD,NO_POSITION,NO_POSITION,FRESH,FRESH,STALE,STALE,0,80.0,80.0,0.0,0.0,0.0,0.0,37.250686,126.674964,,
115.99999999999555,3,NO_POSITION,NOMINAL_FEEDFORWARD,NO_POSITION,NO_POSITION,FRESH,FRESH,STALE,STALE,0,80.0,80.0,0.0,0.0,0.0,0.0,37.250686,126.674964,,
116.04999999999555,3,NO_POSITION,NOMINAL_FEEDFORWARD,NO_POSITION,NO_POSITION,FRESH,FRESH,STALE,STALE,0,80.0,80.0,0.0,0.0,0.0,0.0,37.250686,126.674964,,
116.09999999999555,3,NO_POSITION,NOMINAL_FEEDFORWARD,NO_POSITION,NO_POSITION,FRESH,FRESH,STALE,STALE,0,80.0,80.0,0.0,0.0,0.0,0.0,37.250686,126.674964,,
116.14999999999554,3,NO_POSITION,NOMINAL_FEEDFORWARD,NO_POSITION,NO_POSITION,FRESH,FRESH,STALE,STALE,0,80.0,80.0,0.0,0.0,0.0,0.0,37.250686,126.674964,,
116.19999999999554,3,NO_POSITION,NOMINAL_FEEDFORWARD,NO_POSITION,NO_POSITION,FRESH,FRESH,STALE,STALE,0,80.0,80.0,0.0,0.0,0.0,0.0,37.250686,126.674964,,
116.24999999999554,3,NO_POSITION,DEGRADED_CLOSED_LOOP,NO_POSITION,NO_POSITION,FRESH,FRESHED,FRESH,FRESH,0,80.0,80.0,0.0,0.0,0.0,0.0,37.250686,126.674964,,
116.29999999999553,3,NO_POSITION,DEGRADED_CLOSED_LOOP,NO_POSITION,NO_POSITION,FRESH,FRESHED,FRESH,FRESH,0,80.0,80.0,0.0,0.0,0.0,0.0,37.250686,126.674964,,
116.34999999999553,3,NO_POSITION,DEGRADED_CLOSED_LOOP,NO_POSITION,NO_POSITION,FRESH,FRESHED,FRESH,FRESH,0,80.0,80.0,0.0,0.0,0.0,0.0,37.250686,126.674964,,
116.39999999999553,3,NO_POSITION,DEGRADED_CLOSED_LOOP,NO_POSITION,NO_POSITION,FRESH,FRESHED,FRESH,FRESH,0,80.0,80.0,0.0,0.0,0.0,0.0,37.250686,126.674964,,
116.44999999999553,3,NO_POSITION,DEGRADED_CLOSED_LOOP,NO_POSITION,NO_POSITION,FRESH,FRESHED,FRESH,FRESH,0,80.0,80.0,0.0,0.0,0.0,0.0,37.250686,126.674964,,
116.49999999999552,3,NO_POSITION,DEGRADED_FEEDFORWARD,NO_POSITION,NO_POSITION,FRESH,FRESHED,STALE,FRESH,0,80.0,80.0,0.0,0.0,0.0,0.0,37.250686,126.674964,,
116.54999999999552,3,NO_POSITION,DEGRADED_FEEDFORWARD,NO_POSITION,NO_POSITION,FRESH,FRESHED,STALE,FRESH,0,80.0,80.0,0.0,0.0,0.0,0.0,37.250686,126.674964,,
116.59999999999552,3,NO_POSITION,DEGRADED_FEEDFORWARD,NO_POSITION,NO_POSITION,FRESH,FRESHED,STALE,FRESH,0,80.0,80.0,0.0,0.0,0.0,0.0,37.250686,126.674964,,
116.64999999999552,3,NO_POSITION,DEGRADED_FEEDFORWARD,NO_POSITION,NO_POSITION,FRESH,FRESHED,STALE,FRESH,0,80.0,80.0,0.0,0.0,0.0,0.0,37.250686,126.674964,,
116.69999999999551,3,NO_POSITION,DEGRADED_FEEDFORWARD,NO_POSITION,NO_POSITION,FRESH,FRESHED,STALE,FRESH,0,80.0,80.0,0.0,0.0,0.0,0.0,37.250686,126.674964,,
116.74999999999551,3,NO_POSITION,DEGRADED_FEEDFORWARD,NO_POSITION,NO_POSITION,FRESH,FRESHED,STALE,FRESH,0,80.0,80.0,0.0,0.0,0.0,0.0,37.250686,126.674964,,
116.7999999999955,3,NO_POSITION,DEGRADED_FEEDFORWARD,NO_POSITION,NO_POSITION,FRESH,FRESHED,STALE,STALE,0,80.0,80.0,0.0,0.0,0.0,0.0,37.250686,126.674964,,
116.8499999999955,3,NO_POSITION,DEGRADED_FEEDFORWARD,NO_POSITION,NO_POSITION,FRESH,FRESHED,STALE,STALE,0,80.0,80.0,0.0,0.0,0.0,0.0,37.250686,126.674964,,
116.8999999999955,3,NO_POSITION,DEGRADED_FEEDFORWARD,NO_POSITION,NO_POSITION,FRESH,FRESHED,STALE,STALE,0,80.0,80.0,0.0,0.0,0.0,0.0,37.250686,126.674964,,
116.9499999999955,3,NO_POSITION,DEGRADED_FEEDFORWARD,NO_POSITION,NO_POSITION,FRESH,FRESHED,STALE,STALE,0,80.0,80.0,0.0,0.0,0.0,0.0,37.250686,126.674964,,
116.9999999999955,3,NO_POSITION,DEGRADED_FEEDFORWARD,NO_POSITION,NO_POSITION,FRESH,FRESHED,STALE,STALE,0,80.0,80.0,0.0,0.0,0.0,0.0,37.250686,126.674964,,
117.04999999999549,3,NO_POSITION,DEGRADED_FEEDFORWARD,NO_POSITION,NO_POSITION,FRESH,FRESHED,STALE,STALE,0,80.0,80.0,0.0,0.0,0.0,0.0,37.250686,126.674964,,
117.09999999999549,3,NO_POSITION,DEGRADED_FEEDFORWARD,NO_POSITION,NO_POSITION,FRESH,FRESHED,STALE,STALE,0,80.0,80.0,0.0,0.0,0.0,0.0,37.250686,126.674964,,
117.14999999999549,3,NO_POSITION,DEGRADED_FEEDFORWARD,NO_POSITION,NO_POSITION,FRESH,FRESHED,STALE,STALE,0,80.0,80.0,0.0,0.0,0.0,0.0,37.250686,126.674964,,
117.19999999999548,3,NO_POSITION,DEGRADED_FEEDFORWARD,NO_POSITION,NO_POSITION,FRESH,FRESHED,STALE,STALE,0,80.0,80.0,0.0,0.0,0.0,0.0,37.250686,126.674964,,
117.24999999999548,3,NO_POSITION,DEGRADED_CLOSED_LOOP,NO_POSITION,NO_POSITION,FRESH,FRESHED,FRESH,FRESH,0,80.0,80.0,0.0,0.0,0.0,0.0,37.250686,126.674964,,
117.29999999999548,3,NO_POSITION,DEGRADED_CLOSED_LOOP,NO_POSITION,NO_POSITION,FRESH,FRESHED,FRESH,FRESH,0,80.0,80.0,0.0,0.0,0.0,0.0,37.250686,126.674964,,
117.34999999999548,3,NO_POSITION,DEGRADED_CLOSED_LOOP,NO_POSITION,NO_POSITION,FRESH,FRESHED,FRESH,FRESH,0,80.0,80.0,0.0,0.0,0.0,0.0,37.250686,126.674964,,
117.39999999999547,3,NO_POSITION,DEGRADED_CLOSED_LOOP,NO_POSITION,NO_POSITION,FRESH,FRESHED,FRESH,FRESH,0,80.0,80.0,0.0,0.0,0.0,0.0,37.250686,126.674964,,
117.44999999999547,3,NO_POSITION,DEGRADED_CLOSED_LOOP,NO_POSITION,NO_POSITION,FRESH,FRESHED,FRESH,FRESH,0,80.0,80.0,0.0,0.0,0.0,0.0,37.250686,126.674964,,
117.49999999999547,3,NO_POSITION,DEGRADED_FEEDFORWARD,NO_POSITION,NO_POSITION,FRESH,FRESHED,STALE,FRESH,0,80.0,80.0,0.0,0.0,0.0,0.0,37.250686,126.674964,,
117.54999999999546,3,NO_POSITION,DEGRADED_FEEDFORWARD,NO_POSITION,NO_POSITION,FRESH,FRESHED,STALE,FRESH,0,80.0,80.0,0.0,0.0,0.0,0.0,37.250686,126.674964,,
117.59999999999546,3,NO_POSITION,DEGRADED_FEEDFORWARD,NO_POSITION,NO_POSITION,FRESH,FRESHED,STALE,FRESH,0,80.0,80.0,0.0,0.0,0.0,0.0,37.250686,126.674964,,
117.64999999999546,3,NO_POSITION,DEGRADED_FEEDFORWARD,NO_POSITION,NO_POSITION,FRESH,FRESHED,STALE,FRESH,0,80.0,80.0,0.0,0.0,0.0,0.0,37.250686,126.674964,,
117.69999999999546,3,NO_POSITION,DEGRADED_FEEDFORWARD,NO_POSITION,NO_POSITION,FRESH,FRESHED,STALE,FRESH,0,80.0,80.0,0.0,0.0,0.0,0.0,37.250686,126.674964,,
117.74999999999545,3,NO_POSITION,DEGRADED_FEEDFORWARD,NO_POSITION,NO_POSITION,FRESH,FRESHED,STALE,FRESH,0,80.0,80.0,0.0,0.0,0.0,0.0,37.250686,126.674964,,
117.79999999999545,3,NO_POSITION,DEGRADED_FEEDFORWARD,NO_POSITION,NO_POSITION,FRESH,FRESHED,STALE,STALE,0,80.0,80.0,0.0,0.0,0.0,0.0,37.250686,126.674964,,
117.84999999999545,3,NO_POSITION,DEGRADED_FEEDFORWARD,NO_POSITION,NO_POSITION,FRESH,FRESHED,STALE,STALE,0,80.0,80.0,0.0,0.0,0.0,0.0,37.250686,126.674964,,
117.89999999999544,3,NO_POSITION,DEGRADED_FEEDFORWARD,NO_POSITION,NO_POSITION,FRESH,FRESHED,STALE,STALE,0,80.0,80.0,0.0,0.0,0.0,0.0,37.250686,126.674964,,
117.94999999999544,3,NO_POSITION,DEGRADED_FEEDFORWARD,NO_POSITION,NO_POSITION,FRESH,FRESHED,STALE,STALE,0,80.0,80.0,0.0,0.0,0.0,0.0,37.250686,126.674964,,
117.99999999999544,3,NO_POSITION,DEGRADED_FEEDFORWARD,NO_POSITION,NO_POSITION,FRESH,FRESHED,STALE,STALE,0,80.0,80.0,0.0,0.0,0.0,0.0,37.250686,126.674964,,
118.04999999999544,3,NO_POSITION,DEGRADED_FEEDFORWARD,NO_POSITION,NO_POSITION,FRESH,FRESHED,STALE,STALE,0,80.0,80.0,0.0,0.0,0.0,0.0,37.250686,126.674964,,
118.09999999999543,3,NO_POSITION,DEGRADED_FEEDFORWARD,NO_POSITION,NO_POSITION,FRESH,FRESHED,STALE,STALE,0,80.0,80.0,0.0,0.0,0.0,0.0,37.250686,126.674964,,
118.14999999999543,3,NO_POSITION,DEGRADED_FEEDFORWARD,NO_POSITION,NO_POSITION,FRESH,FRESHED,STALE,STALE,0,80.0,80.0,0.0,0.0,0.0,0.0,37.250686,126.674964,,
118.19999999999543,3,NO_POSITION,DEGRADED_FEEDFORWARD,NO_POSITION,NO_POSITION,FRESH,FRESHED,STALE,STALE,0,80.0,80.0,0.0,0.0,0.0,0.0,37.250686,126.674964,,
118.24999999999542,3,NO_POSITION,NOMINAL_CLOSED_LOOP,NO_POSITION,NO_POSITION,FRESH,FRESH,FRESH,FRESH,0,80.0,80.0,0.0,0.0,0.0,0.0,37.250686,126.674964,,
118.29999999999542,3,NO_POSITION,NOMINAL_CLOSED_LOOP,NO_POSITION,NO_POSITION,FRESH,FRESH,FRESH,FRESH,0,80.0,80.0,0.0,0.0,0.0,0.0,37.250686,126.674964,,
118.34999999999542,3,NO_POSITION,NOMINAL_CLOSED_LOOP,NO_POSITION,NO_POSITION,FRESH,FRESH,FRESH,FRESH,0,80.0,80.0,0.0,0.0,0.0,0.0,37.250686,126.674964,,
118.39999999999542,3,NO_POSITION,NOMINAL_CLOSED_LOOP,NO_POSITION,NO_POSITION,FRESH,FRESH,FRESH,FRESH,0,80.0,80.0,0.0,0.0,0.0,0.0,37.250686,126.674964,,
118.44999999999541,3,NO_POSITION,NOMINAL_CLOSED_LOOP,NO_POSITION,NO_POSITION,FRESH,FRESH,FRESH,FRESH,0,80.0,80.0,0.0,0.0,0.0,0.0,37.250686,126.674964,,
118.49999999999541,3,NO_POSITION,NOMINAL_FEEDFORWARD,NO_POSITION,NO_POSITION,FRESH,FRESH,STALE,FRESH,0,80.0,80.0,0.0,0.0,0.0,0.0,37.250686,126.674964,,
118.5499999999954,3,NO_POSITION,NOMINAL_FEEDFORWARD,NO_POSITION,NO_POSITION,FRESH,FRESH,STALE,FRESH,0,80.0,80.0,0.0,0.0,0.0,0.0,37.250686,126.674964,,
118.5999999999954,3,NO_POSITION,NOMINAL_FEEDFORWARD,NO_POSITION,NO_POSITION,FRESH,FRESH,STALE,FRESH,0,80.0,80.0,0.0,0.0,0.0,0.0,37.250686,126.674964,,
118.6499999999954,3,NO_POSITION,NOMINAL_FEEDFORWARD,NO_POSITION,NO_POSITION,FRESH,FRESH,STALE,FRESH,0,80.0,80.0,0.0,0.0,0.0,0.0,37.250686,126.674964,,
118.6999999999954,3,NO_POSITION,NOMINAL_FEEDFORWARD,NO_POSITION,NO_POSITION,FRESH,FRESH,STALE,FRESH,0,80.0,80.0,0.0,0.0,0.0,0.0,37.250686,126.674964,,
118.7499999999954,3,NO_POSITION,NOMINAL_FEEDFORWARD,NO_POSITION,NO_POSITION,FRESH,FRESH,STALE,FRESH,0,80.0,80.0,0.0,0.0,0.0,0.0,37.250686,126.674964,,
118.79999999999539,3,NO_POSITION,NOMINAL_FEEDFORWARD,NO_POSITION,NO_POSITION,FRESH,FRESH,STALE,STALE,0,80.0,80.0,0.0,0.0,0.0,0.0,37.250686,126.674964,,
118.84999999999539,3,NO_POSITION,NOMINAL_FEEDFORWARD,NO_POSITION,NO_POSITION,FRESH,FRESH,STALE,STALE,0,80.0,80.0,0.0,0.0,0.0,0.0,37.250686,126.674964,,
118.89999999999539,3,NO_POSITION,NOMINAL_FEEDFORWARD,NO_POSITION,NO_POSITION,FRESH,FRESH,STALE,STALE,0,80.0,80.0,0.0,0.0,0.0,0.0,37.250686,126.674964,,
118.94999999999538,3,NO_POSITION,NOMINAL_FEEDFORWARD,NO_POSITION,NO_POSITION,FRESH,FRESH,STALE,STALE,0,80.0,80.0,0.0,0.0,0.0,0.0,37.250686,126.674964,,
118.99999999999538,3,NO_POSITION,NOMINAL_FEEDFORWARD,NO_POSITION,NO_POSITION,FRESH,FRESH,STALE,STALE,0,80.0,80.0,0.0,0.0,0.0,0.0,37.250686,126.674964,,
119.04999999999538,3,NO_POSITION,NOMINAL_FEEDFORWARD,NO_POSITION,NO_POSITION,FRESH,FRESH,STALE,STALE,0,80.0,80.0,0.0,0.0,0.0,0.0,37.250686,126.674964,,
119.09999999999538,3,NO_POSITION,NOMINAL_FEEDFORWARD,NO_POSITION,NO_POSITION,FRESH,FRESH,STALE,STALE,0,80.0,80.0,0.0,0.0,0.0,0.0,37.250686,126.674964,,
119.14999999999537,3,NO_POSITION,NOMINAL_FEEDFORWARD,NO_POSITION,NO_POSITION,FRESH,FRESH,STALE,STALE,0,80.0,80.0,0.0,0.0,0.0,0.0,37.250686,126.674964,,
119.19999999999537,3,NO_POSITION,NOMINAL_FEEDFORWARD,NO_POSITION,NO_POSITION,FRESH,FRESH,STALE,STALE,0,80.0,80.0,0.0,0.0,0.0,0.0,37.250686,126.674964,,
119.24999999999537,3,NO_POSITION,DEGRADED_CLOSED_LOOP,NO_POSITION,NO_POSITION,FRESH,FRESHED,FRESH,FRESH,0,80.0,80.0,0.0,0.0,0.0,0.0,37.250686,126.674964,,
119.29999999999536,3,NO_POSITION,DEGRADED_CLOSED_LOOP,NO_POSITION,NO_POSITION,FRESH,FRESHED,FRESH,FRESH,0,80.0,80.0,0.0,0.0,0.0,0.0,37.250686,126.674964,,
119.34999999999536,3,NO_POSITION,DEGRADED_CLOSED_LOOP,NO_POSITION,NO_POSITION,FRESH,FRESHED,FRESH,FRESH,0,80.0,80.0,0.0,0.0,0.0,0.0,37.250686,126.674964,,
119.39999999999536,3,NO_POSITION,DEGRADED_CLOSED_LOOP,NO_POSITION,NO_POSITION,FRESH,FRESHED,FRESH,FRESH,0,80.0,80.0,0.0,0.0,0.0,0.0,37.250686,126.674964,,
119.44999999999536,3,NO_POSITION,DEGRADED_CLOSED_LOOP,NO_POSITION,NO_POSITION,FRESH,FRESHED,FRESH,FRESH,0,80.0,80.0,0.0,0.0,0.0,0.0,37.250686,126.674964,,
119.49999999999535,3,NO_POSITION,DEGRADED_FEEDFORWARD,NO_POSITION,NO_POSITION,FRESH,FRESHED,STALE,FRESH,0,80.0,80.0,0.0,0.0,0.0,0.0,37.250686,126.674964,,
119.54999999999535,3,NO_POSITION,DEGRADED_FEEDFORWARD,NO_POSITION,NO_POSITION,FRESH,FRESHED,STALE,FRESH,0,80.0,80.0,0.0,0.0,0.0,0.0,37.250686,126.674964,,
119.59999999999535,3,NO_POSITION,DEGRADED_FEEDFORWARD,NO_POSITION,NO_POSITION,FRESH,FRESHED,STALE,FRESH,0,80.0,80.0,0.0,0.0,0.0,0.0,37.250686,126.674964,,
119.64999999999534,3,NO_POSITION,DEGRADED_FEEDFORWARD,NO_POSITION,NO_POSITION,FRESH,FRESHED,STALE,FRESH,0,80.0,80.0,0.0,0.0,0.0,0.0,37.250686,126.674964,,
119.69999999999534,3,NO_POSITION,DEGRADED_FEEDFORWARD,NO_POSITION,NO_POSITION,FRESH,FRESHED,STALE,FRESH,0,80.0,80.0,0.0,0.0,0.0,0.0,37.250686,126.674964,,
119.74999999999534,3,NO_POSITION,DEGRADED_FEEDFORWARD,NO_POSITION,NO_POSITION,FRESH,FRESHED,STALE,FRESH,0,80.0,80.0,0.0,0.0,0.0,0.0,37.250686,126.674964,,
119.79999999999534,3,NO_POSITION,DEGRADED_FEEDFORWARD,NO_POSITION,NO_POSITION,FRESH,FRESHED,STALE,STALE,0,80.0,80.0,0.0,0.0,0.0,0.0,37.250686,126.674964,,
119.84999999999533,3,NO_POSITION,DEGRADED_FEEDFORWARD,NO_POSITION,NO_POSITION,FRESH,FRESHED,STALE,STALE,0,80.0,80.0,0.0,0.0,0.0,0.0,37.250686,126.674964,,
119.89999999999533,3,NO_POSITION,DEGRADED_FEEDFORWARD,NO_POSITION,NO_POSITION,FRESH,FRESHED,STALE,STALE,0,80.0,80.0,0.0,0.0,0.0,0.0,37.250686,126.674964,,
119.94999999999533,3,NO_POSITION,DEGRADED_FEEDFORWARD,NO_POSITION,NO_POSITION,FRESH,FRESHED,STALE,STALE,0,80.0,80.0,0.0,0.0,0.0,0.0,37.250686,126.674964,,
119.99999999999532,3,NO_POSITION,DEGRADED_FEEDFORWARD,NO_POSITION,NO_POSITION,FRESH,FRESHED,STALE,STALE,0,80.0,80.0,0.0,0.0,0.0,0.0,37.250686,126.674964,,
120.04999999999532,3,NO_POSITION,DEGRADED_FEEDFORWARD,NO_POSITION,NO_POSITION,FRESH,FRESHED,STALE,STALE,0,80.0,80.0,0.0,0.0,0.0,0.0,37.250686,126.674964,,
120.09999999999532,3,NO_POSITION,DEGRADED_FEEDFORWARD,NO_POSITION,NO_POSITION,FRESH,FRESHED,STALE,STALE,0,80.0,80.0,0.0,0.0,0.0,0.0,37.250686,126.674964,,
120.14999999999532,3,NO_POSITION,DEGRADED_FEEDFORWARD,NO_POSITION,NO_POSITION,FRESH,FRESHED,STALE,STALE,0,80.0,80.0,0.0,0.0,0.0,0.0,37.250686,126.674964,,
120.19999999999531,3,NO_POSITION,DEGRADED_FEEDFORWARD,NO_POSITION,NO_POSITION,FRESH,FRESHED,STALE,STALE,0,80.0,80.0,0.0,0.0,0.0,0.0,37.250686,126.674964,,
120.24999999999531,3,NO_POSITION,NOMINAL_CLOSED_LOOP,NO_POSITION,NO_POSITION,FRESH,FRESH,FRESH,FRESH,0,80.0,80.0,0.0,0.0,0.0,0.0,37.250686,126.674964,,
120.29999999999531,3,NO_POSITION,NOMINAL_CLOSED_LOOP,NO_POSITION,NO_POSITION,FRESH,FRESH,FRESH,FRESH,0,80.0,80.0,0.0,0.0,0.0,0.0,37.250686,126.674964,,
120.3499999999953,3,NO_POSITION,NOMINAL_CLOSED_LOOP,NO_POSITION,NO_POSITION,FRESH,FRESH,FRESH,FRESH,0,80.0,80.0,0.0,0.0,0.0,0.0,37.250686,126.674964,,
120.3999999999953,3,NO_POSITION,NOMINAL_CLOSED_LOOP,NO_POSITION,NO_POSITION,FRESH,FRESH,FRESH,FRESH,0,80.0,80.0,0.0,0.0,0.0,0.0,37.250686,126.674964,,
120.4499999999953,3,NO_POSITION,NOMINAL_CLOSED_LOOP,NO_POSITION,NO_POSITION,FRESH,FRESH,FRESH,FRESH,0,80.0,80.0,0.0,0.0,0.0,0.0,37.250686,126.674964,,
120.4999999999953,3,NO_POSITION,NOMINAL_FEEDFORWARD,NO_POSITION,NO_POSITION,FRESH,FRESH,STALE,FRESH,0,80.0,80.0,0.0,0.0,0.0,0.0,37.250686,126.674964,,
120.5499999999953,3,NO_POSITION,NOMINAL_FEEDFORWARD,NO_POSITION,NO_POSITION,FRESH,FRESH,STALE,FRESH,0,80.0,80.0,0.0,0.0,0.0,0.0,37.250686,126.674964,,
120.59999999999529,3,NO_POSITION,NOMINAL_FEEDFORWARD,NO_POSITION,NO_POSITION,FRESH,FRESH,STALE,FRESH,0,80.0,80.0,0.0,0.0,0.0,0.0,37.250686,126.674964,,
120.64999999999529,3,NO_POSITION,NOMINAL_FEEDFORWARD,NO_POSITION,NO_POSITION,FRESH,FRESH,STALE,FRESH,0,80.0,80.0,0.0,0.0,0.0,0.0,37.250686,126.674964,,
120.69999999999528,3,NO_POSITION,NOMINAL_FEEDFORWARD,NO_POSITION,NO_POSITION,FRESH,FRESH,STALE,FRESH,0,80.0,80.0,0.0,0.0,0.0,0.0,37.250686,126.674964,,
120.74999999999528,3,NO_POSITION,NOMINAL_FEEDFORWARD,NO_POSITION,NO_POSITION,FRESH,FRESH,STALE,FRESH,0,80.0,80.0,0.0,0.0,0.0,0.0,37.250686,126.674964,,
120.79999999999528,3,NO_POSITION,NOMINAL_FEEDFORWARD,NO_POSITION,NO_POSITION,FRESH,FRESH,STALE,STALE,0,80.0,80.0,0.0,0.0,0.0,0.0,37.250686,126.674964,,
120.84999999999528,3,NO_POSITION,NOMINAL_FEEDFORWARD,NO_POSITION,NO_POSITION,FRESH,FRESH,STALE,STALE,0,80.0,80.0,0.0,0.0,0.0,0.0,37.250686,126.674964,,
120.89999999999527,3,NO_POSITION,NOMINAL_FEEDFORWARD,NO_POSITION,NO_POSITION,FRESH,FRESH,STALE,STALE,0,80.0,80.0,0.0,0.0,0.0,0.0,37.250686,126.674964,,
120.94999999999527,3,NO_POSITION,NOMINAL_FEEDFORWARD,NO_POSITION,NO_POSITION,FRESH,FRESH,STALE,STALE,0,80.0,80.0,0.0,0.0,0.0,0.0,37.250686,126.674964,,
120.99999999999527,3,NO_POSITION,NOMINAL_FEEDFORWARD,NO_POSITION,NO_POSITION,FRESH,FRESH,STALE,STALE,0,80.0,80.0,0.0,0.0,0.0,0.0,37.250686,126.674964,,
121.04999999999526,3,NO_POSITION,NOMINAL_FEEDFORWARD,NO_POSITION,NO_POSITION,FRESH,FRESH,STALE,STALE,0,80.0,80.0,0.0,0.0,0.0,0.0,37.250686,126.674964,,
121.09999999999526,3,NO_POSITION,NOMINAL_FEEDFORWARD,NO_POSITION,NO_POSITION,FRESH,FRESH,STALE,STALE,0,80.0,80.0,0.0,0.0,0.0,0.0,37.250686,126.674964,,
121.14999999999526,3,NO_POSITION,NOMINAL_FEEDFORWARD,NO_POSITION,NO_POSITION,FRESH,FRESH,STALE,STALE,0,80.0,80.0,0.0,0.0,0.0,0.0,37.250686,126.674964,,
121.19999999999526,3,NO_POSITION,NOMINAL_FEEDFORWARD,NO_POSITION,NO_POSITION,FRESH,FRESH,STALE,STALE,0,80.0,80.0,0.0,0.0,0.0,0.0,37.250686,126.674964,,
121.24999999999525,3,NO_POSITION,DEGRADED_CLOSED_LOOP,NO_POSITION,NO_POSITION,FRESH,FRESHED,FRESH,FRESH,0,80.0,80.0,0.0,0.0,0.0,0.0,37.250686,126.674964,,
121.29999999999525,3,NO_POSITION,DEGRADED_CLOSED_LOOP,NO_POSITION,NO_POSITION,FRESH,FRESHED,FRESH,FRESH,0,80.0,80.0,0.0,0.0,0.0,0.0,37.250686,126.674964,,
121.34999999999525,3,NO_POSITION,DEGRADED_CLOSED_LOOP,NO_POSITION,NO_POSITION,FRESH,FRESHED,FRESH,FRESH,0,80.0,80.0,0.0,0.0,0.0,0.0,37.250686,126.674964,,
121.39999999999525,3,NO_POSITION,DEGRADED_CLOSED_LOOP,NO_POSITION,NO_POSITION,FRESH,FRESHED,FRESH,FRESH,0,80.0,80.0,0.0,0.0,0.0,0.0,37.250686,126.674964,,
121.44999999999524,3,NO_POSITION,DEGRADED_CLOSED_LOOP,NO_POSITION,NO_POSITION,FRESH,FRESHED,FRESH,FRESH,0,80.0,80.0,0.0,0.0,0.0,0.0,37.250686,126.674964,,
121.49999999999524,3,NO_POSITION,DEGRADED_FEEDFORWARD,NO_POSITION,NO_POSITION,FRESH,FRESHED,STALE,FRESH,0,80.0,80.0,0.0,0.0,0.0,0.0,37.250686,126.674964,,
121.54999999999524,3,NO_POSITION,DEGRADED_FEEDFORWARD,NO_POSITION,NO_POSITION,FRESH,FRESHED,STALE,FRESH,0,80.0,80.0,0.0,0.0,0.0,0.0,37.250686,126.674964,,
121.59999999999523,3,NO_POSITION,DEGRADED_FEEDFORWARD,NO_POSITION,NO_POSITION,FRESH,FRESHED,STALE,FRESH,0,80.0,80.0,0.0,0.0,0.0,0.0,37.250686,126.674964,,
121.64999999999523,3,NO_POSITION,DEGRADED_FEEDFORWARD,NO_POSITION,NO_POSITION,FRESH,FRESHED,STALE,FRESH,0,80.0,80.0,0.0,0.0,0.0,0.0,37.250686,126.674964,,
121.69999999999523,3,NO_POSITION,DEGRADED_FEEDFORWARD,NO_POSITION,NO_POSITION,FRESH,FRESHED,STALE,FRESH,0,80.0,80.0,0.0,0.0,0.0,0.0,37.250686,126.674964,,
121.74999999999523,3,NO_POSITION,DEGRADED_FEEDFORWARD,NO_POSITION,NO_POSITION,FRESH,FRESHED,STALE,FRESH,0,80.0,80.0,0.0,0.0,0.0,0.0,37.250686,126.674964,,
121.79999999999522,3,NO_POSITION,DEGRADED_FEEDFORWARD,NO_POSITION,NO_POSITION,FRESH,FRESHED,STALE,STALE,0,80.0,80.0,0.0,0.0,0.0,0.0,37.250686,126.674964,,
121.84999999999522,3,NO_POSITION,DEGRADED_FEEDFORWARD,NO_POSITION,NO_POSITION,FRESH,FRESHED,STALE,STALE,0,80.0,80.0,0.0,0.0,0.0,0.0,37.250686,126.674964,,
121.89999999999522,3,NO_POSITION,DEGRADED_FEEDFORWARD,NO_POSITION,NO_POSITION,FRESH,FRESHED,STALE,STALE,0,80.0,80.0,0.0,0.0,0.0,0.0,37.250686,126.674964,,
121.94999999999521,3,NO_POSITION,DEGRADED_FEEDFORWARD,NO_POSITION,NO_POSITION,FRESH,FRESHED,STALE,STALE,0,80.0,80.0,0.0,0.0,0.0,0.0,37.250686,126.674964,,
121.99999999999521,3,NO_POSITION,DEGRADED_FEEDFORWARD,NO_POSITION,NO_POSITION,FRESH,FRESHED,STALE,STALE,0,80.0,80.0,0.0,0.0,0.0,0.0,37.250686,126.674964,,
122.04999999999521,3,NO_POSITION,DEGRADED_FEEDFORWARD,NO_POSITION,NO_POSITION,FRESH,FRESHED,STALE,STALE,0,80.0,80.0,0.0,0.0,0.0,0.0,37.250686,126.674964,,
122.0999999999952,3,NO_POSITION,DEGRADED_FEEDFORWARD,NO_POSITION,NO_POSITION,FRESH,FRESHED,STALE,STALE,0,80.0,80.0,0.0,0.0,0.0,0.0,37.250686,126.674964,,
122.1499999999952,3,NO_POSITION,DEGRADED_FEEDFORWARD,NO_POSITION,NO_POSITION,FRESH,FRESHED,STALE,STALE,0,80.0,80.0,0.0,0.0,0.0,0.0,37.250686,126.674964,,
122.1999999999952,3,NO_POSITION,DEGRADED_FEEDFORWARD,NO_POSITION,NO_POSITION,FRESH,FRESHED,STALE,STALE,0,80.0,80.0,0.0,0.0,0.0,0.0,37.250686,126.674964,,
122.2499999999952,3,NO_POSITION,DEGRADED_CLOSED_LOOP,NO_POSITION,NO_POSITION,FRESH,FRESHED,FRESH,FRESH,0,80.0,80.0,0.0,0.0,0.0,0.0,37.250686,126.674964,,
122.2999999999952,3,NO_POSITION,DEGRADED_CLOSED_LOOP,NO_POSITION,NO_POSITION,FRESH,FRESHED,FRESH,FRESH,0,80.0,80.0,0.0,0.0,0.0,0.0,37.250686,126.674964,,
122.34999999999519,3,NO_POSITION,DEGRADED_CLOSED_LOOP,NO_POSITION,NO_POSITION,FRESH,FRESHED,FRESH,FRESH,0,80.0,80.0,0.0,0.0,0.0,0.0,37.250686,126.674964,,
122.39999999999519,3,NO_POSITION,DEGRADED_CLOSED_LOOP,NO_POSITION,NO_POSITION,FRESH,FRESHED,FRESH,FRESH,0,80.0,80.0,0.0,0.0,0.0,0.0,37.250686,126.674964,,
122.44999999999519,3,NO_POSITION,DEGRADED_CLOSED_LOOP,NO_POSITION,NO_POSITION,FRESH,FRESHED,FRESH,FRESH,0,80.0,80.0,0.0,0.0,0.0,0.0,37.250686,126.674964,,
122.49999999999518,3,NO_POSITION,DEGRADED_FEEDFORWARD,NO_POSITION,NO_POSITION,FRESH,FRESHED,STALE,FRESH,0,80.0,80.0,0.0,0.0,0.0,0.0,37.250686,126.674964,,
122.54999999999518,3,NO_POSITION,DEGRADED_FEEDFORWARD,NO_POSITION,NO_POSITION,FRESH,FRESHED,STALE,FRESH,0,80.0,80.0,0.0,0.0,0.0,0.0,37.250686,126.674964,,
122.59999999999518,3,NO_POSITION,DEGRADED_FEEDFORWARD,NO_POSITION,NO_POSITION,FRESH,FRESHED,STALE,FRESH,0,80.0,80.0,0.0,0.0,0.0,0.0,37.250686,126.674964,,
122.64999999999517,3,NO_POSITION,DEGRADED_FEEDFORWARD,NO_POSITION,NO_POSITION,FRESH,FRESHED,STALE,FRESH,0,80.0,80.0,0.0,0.0,0.0,0.0,37.250686,126.674964,,
122.69999999999517,3,NO_POSITION,DEGRADED_FEEDFORWARD,NO_POSITION,NO_POSITION,FRESH,FRESHED,STALE,FRESH,0,80.0,80.0,0.0,0.0,0.0,0.0,37.250686,126.674964,,
122.74999999999517,3,NO_POSITION,DEGRADED_FEEDFORWARD,NO_POSITION,NO_POSITION,FRESH,FRESHED,STALE,FRESH,0,80.0,80.0,0.0,0.0,0.0,0.0,37.250686,126.674964,,
122.79999999999517,3,NO_POSITION,DEGRADED_FEEDFORWARD,NO_POSITION,NO_POSITION,FRESH,FRESHED,STALE,STALE,0,80.0,80.0,0.0,0.0,0.0,0.0,37.250686,126.674964,,
122.84999999999516,3,NO_POSITION,DEGRADED_FEEDFORWARD,NO_POSITION,NO_POSITION,FRESH,FRESHED,STALE,STALE,0,80.0,80.0,0.0,0.0,0.0,0.0,37.250686,126.674964,,
122.89999999999516,3,NO_POSITION,DEGRADED_FEEDFORWARD,NO_POSITION,NO_POSITION,FRESH,FRESHED,STALE,STALE,0,80.0,80.0,0.0,0.0,0.0,0.0,37.250686,126.674964,,
122.94999999999516,3,NO_POSITION,DEGRADED_FEEDFORWARD,NO_POSITION,NO_POSITION,FRESH,FRESHED,STALE,STALE,0,80.0,80.0,0.0,0.0,0.0,0.0,37.250686,126.674964,,
122.99999999999515,3,NO_POSITION,DEGRADED_FEEDFORWARD,NO_POSITION,NO_POSITION,FRESH,FRESHED,STALE,STALE,0,80.0,80.0,0.0,0.0,0.0,0.0,37.250686,126.674964,,
123.04999999999515,3,NO_POSITION,DEGRADED_FEEDFORWARD,NO_POSITION,NO_POSITION,FRESH,FRESHED,STALE,STALE,0,80.0,80.0,0.0,0.0,0.0,0.0,37.250686,126.674964,,
123.09999999999515,3,NO_POSITION,DEGRADED_FEEDFORWARD,NO_POSITION,NO_POSITION,FRESH,FRESHED,STALE,STALE,0,80.0,80.0,0.0,0.0,0.0,0.0,37.250686,126.674964,,
123.14999999999515,3,NO_POSITION,DEGRADED_FEEDFORWARD,NO_POSITION,NO_POSITION,FRESH,FRESHED,STALE,STALE,0,80.0,80.0,0.0,0.0,0.0,0.0,37.250686,126.674964,,
123.19999999999514,3,NO_POSITION,DEGRADED_FEEDFORWARD,NO_POSITION,NO_POSITION,FRESH,FRESHED,STALE,STALE,0,80.0,80.0,0.0,0.0,0.0,0.0,37.250686,126.674964,,
123.24999999999514,3,NO_POSITION,NOMINAL_CLOSED_LOOP,NO_POSITION,NO_POSITION,FRESH,FRESH,FRESH,FRESH,0,80.0,80.0,0.0,0.0,0.0,0.0,37.250686,126.674964,,
123.29999999999514,3,NO_POSITION,NOMINAL_CLOSED_LOOP,NO_POSITION,NO_POSITION,FRESH,FRESH,FRESH,FRESH,0,80.0,80.0,0.0,0.0,0.0,0.0,37.250686,126.674964,,
123.34999999999513,3,NO_POSITION,NOMINAL_CLOSED_LOOP,NO_POSITION,NO_POSITION,FRESH,FRESH,FRESH,FRESH,0,80.0,80.0,0.0,0.0,0.0,0.0,37.250686,126.674964,,
123.39999999999513,3,NO_POSITION,NOMINAL_CLOSED_LOOP,NO_POSITION,NO_POSITION,FRESH,FRESH,FRESH,FRESH,0,80.0,80.0,0.0,0.0,0.0,0.0,37.250686,126.674964,,
123.44999999999513,3,NO_POSITION,NOMINAL_CLOSED_LOOP,NO_POSITION,NO_POSITION,FRESH,FRESH,FRESH,FRESH,0,80.0,80.0,0.0,0.0,0.0,0.0,37.250686,126.674964,,
123.49999999999513,3,NO_POSITION,NOMINAL_FEEDFORWARD,NO_POSITION,NO_POSITION,FRESH,FRESH,STALE,FRESH,0,80.0,80.0,0.0,0.0,0.0,0.0,37.250686,126.674964,,
123.54999999999512,3,NO_POSITION,NOMINAL_FEEDFORWARD,NO_POSITION,NO_POSITION,FRESH,FRESH,STALE,FRESH,0,80.0,80.0,0.0,0.0,0.0,0.0,37.250686,126.674964,,
123.59999999999512,3,NO_POSITION,NOMINAL_FEEDFORWARD,NO_POSITION,NO_POSITION,FRESH,FRESH,STALE,FRESH,0,80.0,80.0,0.0,0.0,0.0,0.0,37.250686,126.674964,,
123.64999999999512,3,NO_POSITION,NOMINAL_FEEDFORWARD,NO_POSITION,NO_POSITION,FRESH,FRESH,STALE,FRESH,0,80.0,80.0,0.0,0.0,0.0,0.0,37.250686,126.674964,,
123.69999999999511,3,NO_POSITION,NOMINAL_FEEDFORWARD,NO_POSITION,NO_POSITION,FRESH,FRESH,STALE,FRESH,0,80.0,80.0,0.0,0.0,0.0,0.0,37.250686,126.674964,,
123.74999999999511,3,NO_POSITION,NOMINAL_FEEDFORWARD,NO_POSITION,NO_POSITION,FRESH,FRESH,STALE,FRESH,0,80.0,80.0,0.0,0.0,0.0,0.0,37.250686,126.674964,,
123.79999999999511,3,NO_POSITION,NOMINAL_FEEDFORWARD,NO_POSITION,NO_POSITION,FRESH,FRESH,STALE,STALE,0,80.0,80.0,0.0,0.0,0.0,0.0,37.250686,126.674964,,
123.8499999999951,3,NO_POSITION,NOMINAL_FEEDFORWARD,NO_POSITION,NO_POSITION,FRESH,FRESH,STALE,STALE,0,80.0,80.0,0.0,0.0,0.0,0.0,37.250686,126.674964,,
123.8999999999951,3,NO_POSITION,NOMINAL_FEEDFORWARD,NO_POSITION,NO_POSITION,FRESH,FRESH,STALE,STALE,0,80.0,80.0,0.0,0.0,0.0,0.0,37.250686,126.674964,,
123.9499999999951,3,NO_POSITION,NOMINAL_FEEDFORWARD,NO_POSITION,NO_POSITION,FRESH,FRESH,STALE,STALE,0,80.0,80.0,0.0,0.0,0.0,0.0,37.250686,126.674964,,
123.9999999999951,3,NO_POSITION,NOMINAL_FEEDFORWARD,NO_POSITION,NO_POSITION,FRESH,FRESH,STALE,STALE,0,80.0,80.0,0.0,0.0,0.0,0.0,37.250686,126.674964,,
124.0499999999951,3,NO_POSITION,NOMINAL_FEEDFORWARD,NO_POSITION,NO_POSITION,FRESH,FRESH,STALE,STALE,0,80.0,80.0,0.0,0.0,0.0,0.0,37.250686,126.674964,,
124.09999999999509,3,NO_POSITION,NOMINAL_FEEDFORWARD,NO_POSITION,NO_POSITION,FRESH,FRESH,STALE,STALE,0,80.0,80.0,0.0,0.0,0.0,0.0,37.250686,126.674964,,
124.14999999999509,3,NO_POSITION,NOMINAL_FEEDFORWARD,NO_POSITION,NO_POSITION,FRESH,FRESH,STALE,STALE,0,80.0,80.0,0.0,0.0,0.0,0.0,37.250686,126.674964,,
124.19999999999509,3,NO_POSITION,NOMINAL_FEEDFORWARD,NO_POSITION,NO_POSITION,FRESH,FRESH,STALE,STALE,0,80.0,80.0,0.0,0.0,0.0,0.0,37.250686,126.674964,,
124.24999999999508,3,NO_POSITION,DEGRADED_CLOSED_LOOP,NO_POSITION,NO_POSITION,FRESH,FRESHED,FRESH,FRESH,0,80.0,80.0,0.0,0.0,0.0,0.0,37.250686,126.674964,,
124.29999999999508,3,NO_POSITION,DEGRADED_CLOSED_LOOP,NO_POSITION,NO_POSITION,FRESH,FRESHED,FRESH,FRESH,0,80.0,80.0,0.0,0.0,0.0,0.0,37.250686,126.674964,,
124.34999999999508,3,NO_POSITION,DEGRADED_CLOSED_LOOP,NO_POSITION,NO_POSITION,FRESH,FRESHED,FRESH,FRESH,0,80.0,80.0,0.0,0.0,0.0,0.0,37.250686,126.674964,,
124.39999999999507,3,NO_POSITION,DEGRADED_CLOSED_LOOP,NO_POSITION,NO_POSITION,FRESH,FRESHED,FRESH,FRESH,0,80.0,80.0,0.0,0.0,0.0,0.0,37.250686,126.674964,,
124.44999999999507,3,NO_POSITION,DEGRADED_CLOSED_LOOP,NO_POSITION,NO_POSITION,FRESH,FRESHED,FRESH,FRESH,0,80.0,80.0,0.0,0.0,0.0,0.0,37.250686,126.674964,,
124.49999999999507,3,NO_POSITION,DEGRADED_FEEDFORWARD,NO_POSITION,NO_POSITION,FRESH,FRESHED,STALE,FRESH,0,80.0,80.0,0.0,0.0,0.0,0.0,37.250686,126.674964,,
124.54999999999507,3,NO_POSITION,DEGRADED_FEEDFORWARD,NO_POSITION,NO_POSITION,FRESH,FRESHED,STALE,FRESH,0,80.0,80.0,0.0,0.0,0.0,0.0,37.250686,126.674964,,
124.59999999999506,3,NO_POSITION,DEGRADED_FEEDFORWARD,NO_POSITION,NO_POSITION,FRESH,FRESHED,STALE,FRESH,0,80.0,80.0,0.0,0.0,0.0,0.0,37.250686,126.674964,,
124.64999999999506,3,NO_POSITION,DEGRADED_FEEDFORWARD,NO_POSITION,NO_POSITION,FRESH,FRESHED,STALE,FRESH,0,80.0,80.0,0.0,0.0,0.0,0.0,37.250686,126.674964,,
124.69999999999506,3,NO_POSITION,DEGRADED_FEEDFORWARD,NO_POSITION,NO_POSITION,FRESH,FRESHED,STALE,FRESH,0,80.0,80.0,0.0,0.0,0.0,0.0,37.250686,126.674964,,
124.74999999999505,3,NO_POSITION,DEGRADED_FEEDFORWARD,NO_POSITION,NO_POSITION,FRESH,FRESHED,STALE,FRESH,0,80.0,80.0,0.0,0.0,0.0,0.0,37.250686,126.674964,,
124.79999999999505,3,NO_POSITION,DEGRADED_FEEDFORWARD,NO_POSITION,NO_POSITION,FRESH,FRESHED,STALE,STALE,0,80.0,80.0,0.0,0.0,0.0,0.0,37.250686,126.674964,,
124.84999999999505,3,NO_POSITION,DEGRADED_FEEDFORWARD,NO_POSITION,NO_POSITION,FRESH,FRESHED,STALE,STALE,0,80.0,80.0,0.0,0.0,0.0,0.0,37.250686,126.674964,,
124.89999999999505,3,NO_POSITION,DEGRADED_FEEDFORWARD,NO_POSITION,NO_POSITION,FRESH,FRESHED,STALE,STALE,0,80.0,80.0,0.0,0.0,0.0,0.0,37.250686,126.674964,,
124.94999999999504,3,NO_POSITION,DEGRADED_FEEDFORWARD,NO_POSITION,NO_POSITION,FRESH,FRESHED,STALE,STALE,0,80.0,80.0,0.0,0.0,0.0,0.0,37.250686,126.674964,,
124.99999999999504,3,NO_POSITION,DEGRADED_FEEDFORWARD,NO_POSITION,NO_POSITION,FRESH,FRESHED,STALE,STALE,0,80.0,80.0,0.0,0.0,0.0,0.0,37.250686,126.674964,,
125.04999999999504,3,NO_POSITION,DEGRADED_FEEDFORWARD,NO_POSITION,NO_POSITION,FRESH,FRESHED,STALE,STALE,0,80.0,80.0,0.0,0.0,0.0,0.0,37.250686,126.674964,,
125.09999999999503,3,NO_POSITION,DEGRADED_FEEDFORWARD,NO_POSITION,NO_POSITION,FRESH,FRESHED,STALE,STALE,0,80.0,80.0,0.0,0.0,0.0,0.0,37.250686,126.674964,,
125.14999999999503,3,NO_POSITION,DEGRADED_FEEDFORWARD,NO_POSITION,NO_POSITION,FRESH,FRESHED,STALE,STALE,0,80.0,80.0,0.0,0.0,0.0,0.0,37.250686,126.674964,,
125.19999999999503,3,NO_POSITION,DEGRADED_FEEDFORWARD,NO_POSITION,NO_POSITION,FRESH,FRESHED,STALE,STALE,0,80.0,80.0,0.0,0.0,0.0,0.0,37.250686,126.674964,,
125.24999999999503,3,NO_POSITION,NOMINAL_CLOSED_LOOP,NO_POSITION,NO_POSITION,FRESH,FRESH,FRESH,FRESH,0,80.0,80.0,0.0,0.0,0.0,0.0,37.250686,126.674964,,
125.29999999999502,3,NO_POSITION,NOMINAL_CLOSED_LOOP,NO_POSITION,NO_POSITION,FRESH,FRESH,FRESH,FRESH,0,80.0,80.0,0.0,0.0,0.0,0.0,37.250686,126.674964,,
125.34999999999502,3,NO_POSITION,NOMINAL_CLOSED_LOOP,NO_POSITION,NO_POSITION,FRESH,FRESH,FRESH,FRESH,0,80.0,80.0,0.0,0.0,0.0,0.0,37.250686,126.674964,,
125.39999999999502,3,NO_POSITION,NOMINAL_CLOSED_LOOP,NO_POSITION,NO_POSITION,FRESH,FRESH,FRESH,FRESH,0,80.0,80.0,0.0,0.0,0.0,0.0,37.250686,126.674964,,
125.44999999999501,3,NO_POSITION,NOMINAL_CLOSED_LOOP,NO_POSITION,NO_POSITION,FRESH,FRESH,FRESH,FRESH,0,80.0,80.0,0.0,0.0,0.0,0.0,37.250686,126.674964,,
125.49999999999501,3,NO_POSITION,NOMINAL_FEEDFORWARD,NO_POSITION,NO_POSITION,FRESH,FRESH,STALE,FRESH,0,80.0,80.0,0.0,0.0,0.0,0.0,37.250686,126.674964,,
125.54999999999501,3,NO_POSITION,NOMINAL_FEEDFORWARD,NO_POSITION,NO_POSITION,FRESH,FRESH,STALE,FRESH,0,80.0,80.0,0.0,0.0,0.0,0.0,37.250686,126.674964,,
125.599999999995,3,NO_POSITION,NOMINAL_FEEDFORWARD,NO_POSITION,NO_POSITION,FRESH,FRESH,STALE,FRESH,0,80.0,80.0,0.0,0.0,0.0,0.0,37.250686,126.674964,,
125.649999999995,3,NO_POSITION,NOMINAL_FEEDFORWARD,NO_POSITION,NO_POSITION,FRESH,FRESH,STALE,FRESH,0,80.0,80.0,0.0,0.0,0.0,0.0,37.250686,126.674964,,
125.699999999995,3,NO_POSITION,NOMINAL_FEEDFORWARD,NO_POSITION,NO_POSITION,FRESH,FRESH,STALE,FRESH,0,80.0,80.0,0.0,0.0,0.0,0.0,37.250686,126.674964,,
125.749999999995,3,NO_POSITION,NOMINAL_FEEDFORWARD,NO_POSITION,NO_POSITION,FRESH,FRESH,STALE,FRESH,0,80.0,80.0,0.0,0.0,0.0,0.0,37.250686,126.674964,,
125.799999999995,3,NO_POSITION,NOMINAL_FEEDFORWARD,NO_POSITION,NO_POSITION,FRESH,FRESH,STALE,STALE,0,80.0,80.0,0.0,0.0,0.0,0.0,37.250686,126.674964,,
125.84999999999499,3,NO_POSITION,NOMINAL_FEEDFORWARD,NO_POSITION,NO_POSITION,FRESH,FRESH,STALE,STALE,0,80.0,80.0,0.0,0.0,0.0,0.0,37.250686,126.674964,,
125.89999999999499,3,NO_POSITION,NOMINAL_FEEDFORWARD,NO_POSITION,NO_POSITION,FRESH,FRESH,STALE,STALE,0,80.0,80.0,0.0,0.0,0.0,0.0,37.250686,126.674964,,
125.94999999999499,3,NO_POSITION,NOMINAL_FEEDFORWARD,NO_POSITION,NO_POSITION,FRESH,FRESH,STALE,STALE,0,80.0,80.0,0.0,0.0,0.0,0.0,37.250686,126.674964,,
125.99999999999498,3,NO_POSITION,NOMINAL_FEEDFORWARD,NO_POSITION,NO_POSITION,FRESH,FRESH,STALE,STALE,0,80.0,80.0,0.0,0.0,0.0,0.0,37.250686,126.674964,,
126.04999999999498,3,NO_POSITION,NOMINAL_FEEDFORWARD,NO_POSITION,NO_POSITION,FRESH,FRESH,STALE,STALE,0,80.0,80.0,0.0,0.0,0.0,0.0,37.250686,126.674964,,
126.09999999999498,3,NO_POSITION,NOMINAL_FEEDFORWARD,NO_POSITION,NO_POSITION,FRESH,FRESH,STALE,STALE,0,80.0,80.0,0.0,0.0,0.0,0.0,37.250686,126.674964,,
126.14999999999498,3,NO_POSITION,NOMINAL_FEEDFORWARD,NO_POSITION,NO_POSITION,FRESH,FRESH,STALE,STALE,0,80.0,80.0,0.0,0.0,0.0,0.0,37.250686,126.674964,,
126.19999999999497,3,NO_POSITION,NOMINAL_FEEDFORWARD,NO_POSITION,NO_POSITION,FRESH,FRESH,STALE,STALE,0,80.0,80.0,0.0,0.0,0.0,0.0,37.250686,126.674964,,
126.24999999999497,3,NO_POSITION,NOMINAL_FEEDFORWARD,NO_POSITION,NO_POSITION,FRESH,FRESH,STALE,STALE,0,80.0,80.0,0.0,0.0,0.0,0.0,37.250686,126.674964,,
126.29999999999497,3,NO_POSITION,DEGRADED_CLOSED_LOOP,NO_POSITION,NO_POSITION,FRESH,FRESHED,FRESH,FRESH,0,80.0,80.0,0.0,0.0,0.0,0.0,37.250686,126.674964,,
126.34999999999496,3,NO_POSITION,DEGRADED_CLOSED_LOOP,NO_POSITION,NO_POSITION,FRESH,FRESHED,FRESH,FRESH,0,80.0,80.0,0.0,0.0,0.0,0.0,37.250686,126.674964,,
126.39999999999496,3,NO_POSITION,DEGRADED_CLOSED_LOOP,NO_POSITION,NO_POSITION,FRESH,FRESHED,FRESH,FRESH,0,80.0,80.0,0.0,0.0,0.0,0.0,37.250686,126.674964,,
126.44999999999496,3,NO_POSITION,DEGRADED_CLOSED_LOOP,NO_POSITION,NO_POSITION,FRESH,FRESHED,FRESH,FRESH,0,80.0,80.0,0.0,0.0,0.0,0.0,37.250686,126.674964,,
126.49999999999496,3,NO_POSITION,DEGRADED_CLOSED_LOOP,NO_POSITION,NO_POSITION,FRESH,FRESHED,FRESH,FRESH,0,80.0,80.0,0.0,0.0,0.0,0.0,37.250686,126.674964,,
126.54999999999495,3,NO_POSITION,DEGRADED_FEEDFORWARD,NO_POSITION,NO_POSITION,FRESH,FRESHED,STALE,FRESH,0,80.0,80.0,0.0,0.0,0.0,0.0,37.250686,126.674964,,
126.59999999999495,3,NO_POSITION,DEGRADED_FEEDFORWARD,NO_POSITION,NO_POSITION,FRESH,FRESHED,STALE,FRESH,0,80.0,80.0,0.0,0.0,0.0,0.0,37.250686,126.674964,,
126.64999999999495,3,NO_POSITION,DEGRADED_FEEDFORWARD,NO_POSITION,NO_POSITION,FRESH,FRESHED,STALE,FRESH,0,80.0,80.0,0.0,0.0,0.0,0.0,37.250686,126.674964,,
126.69999999999494,3,NO_POSITION,DEGRADED_FEEDFORWARD,NO_POSITION,NO_POSITION,FRESH,FRESHED,STALE,FRESH,0,80.0,80.0,0.0,0.0,0.0,0.0,37.250686,126.674964,,
126.74999999999494,3,NO_POSITION,DEGRADED_FEEDFORWARD,NO_POSITION,NO_POSITION,FRESH,FRESHED,STALE,FRESH,0,80.0,80.0,0.0,0.0,0.0,0.0,37.250686,126.674964,,
126.79999999999494,3,NO_POSITION,DEGRADED_FEEDFORWARD,NO_POSITION,NO_POSITION,FRESH,FRESHED,STALE,FRESH,0,80.0,80.0,0.0,0.0,0.0,0.0,37.250686,126.674964,,
126.84999999999494,3,NO_POSITION,DEGRADED_FEEDFORWARD,NO_POSITION,NO_POSITION,FRESH,FRESHED,STALE,STALE,0,80.0,80.0,0.0,0.0,0.0,0.0,37.250686,126.674964,,
126.89999999999493,3,NO_POSITION,DEGRADED_FEEDFORWARD,NO_POSITION,NO_POSITION,FRESH,FRESHED,STALE,STALE,0,80.0,80.0,0.0,0.0,0.0,0.0,37.250686,126.674964,,
126.94999999999493,3,NO_POSITION,DEGRADED_FEEDFORWARD,NO_POSITION,NO_POSITION,FRESH,FRESHED,STALE,STALE,0,80.0,80.0,0.0,0.0,0.0,0.0,37.250686,126.674964,,
126.99999999999493,3,NO_POSITION,DEGRADED_FEEDFORWARD,NO_POSITION,NO_POSITION,FRESH,FRESHED,STALE,STALE,0,80.0,80.0,0.0,0.0,0.0,0.0,37.250686,126.674964,,
127.04999999999492,3,NO_POSITION,DEGRADED_FEEDFORWARD,NO_POSITION,NO_POSITION,FRESH,FRESHED,STALE,STALE,0,80.0,80.0,0.0,0.0,0.0,0.0,37.250686,126.674964,,
127.09999999999492,3,NO_POSITION,DEGRADED_FEEDFORWARD,NO_POSITION,NO_POSITION,FRESH,FRESHED,STALE,STALE,0,80.0,80.0,0.0,0.0,0.0,0.0,37.250686,126.674964,,
127.14999999999492,3,NO_POSITION,DEGRADED_FEEDFORWARD,NO_POSITION,NO_POSITION,FRESH,FRESHED,STALE,STALE,0,80.0,80.0,0.0,0.0,0.0,0.0,37.250686,126.674964,,
127.19999999999492,3,NO_POSITION,DEGRADED_FEEDFORWARD,NO_POSITION,NO_POSITION,FRESH,FRESHED,STALE,STALE,0,80.0,80.0,0.0,0.0,0.0,0.0,37.250686,126.674964,,
127.24999999999491,3,NO_POSITION,DEGRADED_FEEDFORWARD,NO_POSITION,NO_POSITION,FRESH,FRESHED,STALE,STALE,0,80.0,80.0,0.0,0.0,0.0,0.0,37.250686,126.674964,,
127.29999999999491,3,NO_POSITION,DEGRADED_CLOSED_LOOP,NO_POSITION,NO_POSITION,FRESH,FRESHED,FRESH,FRESH,0,80.0,80.0,0.0,0.0,0.0,0.0,37.250686,126.674964,,
127.3499999999949,3,NO_POSITION,DEGRADED_CLOSED_LOOP,NO_POSITION,NO_POSITION,FRESH,FRESHED,FRESH,FRESH,0,80.0,80.0,0.0,0.0,0.0,0.0,37.250686,126.674964,,
127.3999999999949,3,NO_POSITION,DEGRADED_CLOSED_LOOP,NO_POSITION,NO_POSITION,FRESH,FRESHED,FRESH,FRESH,0,80.0,80.0,0.0,0.0,0.0,0.0,37.250686,126.674964,,
127.4499999999949,3,NO_POSITION,DEGRADED_CLOSED_LOOP,NO_POSITION,NO_POSITION,FRESH,FRESHED,FRESH,FRESH,0,80.0,80.0,0.0,0.0,0.0,0.0,37.250686,126.674964,,
127.4999999999949,3,NO_POSITION,DEGRADED_CLOSED_LOOP,NO_POSITION,NO_POSITION,FRESH,FRESHED,FRESH,FRESH,0,80.0,80.0,0.0,0.0,0.0,0.0,37.250686,126.674964,,
127.5499999999949,3,NO_POSITION,DEGRADED_FEEDFORWARD,NO_POSITION,NO_POSITION,FRESH,FRESHED,STALE,FRESH,0,80.0,80.0,0.0,0.0,0.0,0.0,37.250686,126.674964,,
127.59999999999489,3,NO_POSITION,DEGRADED_FEEDFORWARD,NO_POSITION,NO_POSITION,FRESH,FRESHED,STALE,FRESH,0,80.0,80.0,0.0,0.0,0.0,0.0,37.250686,126.674964,,
127.64999999999489,3,NO_POSITION,DEGRADED_FEEDFORWARD,NO_POSITION,NO_POSITION,FRESH,FRESHED,STALE,FRESH,0,80.0,80.0,0.0,0.0,0.0,0.0,37.250686,126.674964,,
127.69999999999489,3,NO_POSITION,DEGRADED_FEEDFORWARD,NO_POSITION,NO_POSITION,FRESH,FRESHED,STALE,FRESH,0,80.0,80.0,0.0,0.0,0.0,0.0,37.250686,126.674964,,
127.74999999999488,3,NO_POSITION,DEGRADED_FEEDFORWARD,NO_POSITION,NO_POSITION,FRESH,FRESHED,STALE,FRESH,0,80.0,80.0,0.0,0.0,0.0,0.0,37.250686,126.674964,,
127.79999999999488,3,NO_POSITION,DEGRADED_FEEDFORWARD,NO_POSITION,NO_POSITION,FRESH,FRESHED,STALE,FRESH,0,80.0,80.0,0.0,0.0,0.0,0.0,37.250686,126.674964,,
127.84999999999488,3,NO_POSITION,DEGRADED_FEEDFORWARD,NO_POSITION,NO_POSITION,FRESH,FRESHED,STALE,STALE,0,80.0,80.0,0.0,0.0,0.0,0.0,37.250686,126.674964,,
127.89999999999488,3,NO_POSITION,DEGRADED_FEEDFORWARD,NO_POSITION,NO_POSITION,FRESH,FRESHED,STALE,STALE,0,80.0,80.0,0.0,0.0,0.0,0.0,37.250686,126.674964,,
127.94999999999487,3,NO_POSITION,DEGRADED_FEEDFORWARD,NO_POSITION,NO_POSITION,FRESH,FRESHED,STALE,STALE,0,80.0,80.0,0.0,0.0,0.0,0.0,37.250686,126.674964,,
127.99999999999487,3,NO_POSITION,DEGRADED_FEEDFORWARD,NO_POSITION,NO_POSITION,FRESH,FRESHED,STALE,STALE,0,80.0,80.0,0.0,0.0,0.0,0.0,37.250686,126.674964,,
128.04999999999487,3,NO_POSITION,DEGRADED_FEEDFORWARD,NO_POSITION,NO_POSITION,FRESH,FRESHED,STALE,STALE,0,80.0,80.0,0.0,0.0,0.0,0.0,37.250686,126.674964,,
128.09999999999488,3,NO_POSITION,DEGRADED_FEEDFORWARD,NO_POSITION,NO_POSITION,FRESH,FRESHED,STALE,STALE,0,80.0,80.0,0.0,0.0,0.0,0.0,37.250686,126.674964,,
128.1499999999949,3,NO_POSITION,DEGRADED_FEEDFORWARD,NO_POSITION,NO_POSITION,FRESH,FRESHED,STALE,STALE,0,80.0,80.0,0.0,0.0,0.0,0.0,37.250686,126.674964,,
128.1999999999949,3,NO_POSITION,DEGRADED_FEEDFORWARD,NO_POSITION,NO_POSITION,FRESH,FRESHED,STALE,STALE,0,80.0,80.0,0.0,0.0,0.0,0.0,37.250686,126.674964,,
128.2499999999949,3,NO_POSITION,DEGRADED_FEEDFORWARD,NO_POSITION,NO_POSITION,FRESH,FRESHED,STALE,STALE,0,80.0,80.0,0.0,0.0,0.0,0.0,37.250686,126.674964,,
128.29999999999492,3,NO_POSITION,DEGRADED_CLOSED_LOOP,NO_POSITION,NO_POSITION,FRESH,FRESHED,FRESH,FRESH,0,80.0,80.0,0.0,0.0,0.0,0.0,37.250686,126.674964,,
128.34999999999494,3,NO_POSITION,DEGRADED_CLOSED_LOOP,NO_POSITION,NO_POSITION,FRESH,FRESHED,FRESH,FRESH,0,80.0,80.0,0.0,0.0,0.0,0.0,37.250686,126.674964,,
128.39999999999495,3,NO_POSITION,DEGRADED_CLOSED_LOOP,NO_POSITION,NO_POSITION,FRESH,FRESHED,FRESH,FRESH,0,80.0,80.0,0.0,0.0,0.0,0.0,37.250686,126.674964,,
128.44999999999496,3,NO_POSITION,DEGRADED_CLOSED_LOOP,NO_POSITION,NO_POSITION,FRESH,FRESHED,FRESH,FRESH,0,80.0,80.0,0.0,0.0,0.0,0.0,37.250686,126.674964,,
128.49999999999497,3,NO_POSITION,DEGRADED_FEEDFORWARD,NO_POSITION,NO_POSITION,FRESH,FRESHED,STALE,FRESH,0,80.0,80.0,0.0,0.0,0.0,0.0,37.250686,126.674964,,
128.54999999999498,3,NO_POSITION,DEGRADED_FEEDFORWARD,NO_POSITION,NO_POSITION,FRESH,FRESHED,STALE,FRESH,0,80.0,80.0,0.0,0.0,0.0,0.0,37.250686,126.674964,,
128.599999999995,3,NO_POSITION,DEGRADED_FEEDFORWARD,NO_POSITION,NO_POSITION,FRESH,FRESHED,STALE,FRESH,0,80.0,80.0,0.0,0.0,0.0,0.0,37.250686,126.674964,,
128.649999999995,3,NO_POSITION,DEGRADED_FEEDFORWARD,NO_POSITION,NO_POSITION,FRESH,FRESHED,STALE,FRESH,0,80.0,80.0,0.0,0.0,0.0,0.0,37.250686,126.674964,,
128.69999999999501,3,NO_POSITION,DEGRADED_FEEDFORWARD,NO_POSITION,NO_POSITION,FRESH,FRESHED,STALE,FRESH,0,80.0,80.0,0.0,0.0,0.0,0.0,37.250686,126.674964,,
128.74999999999503,3,NO_POSITION,DEGRADED_FEEDFORWARD,NO_POSITION,NO_POSITION,FRESH,FRESHED,STALE,FRESH,0,80.0,80.0,0.0,0.0,0.0,0.0,37.250686,126.674964,,
128.79999999999504,3,NO_POSITION,DEGRADED_FEEDFORWARD,NO_POSITION,NO_POSITION,FRESH,FRESHED,STALE,STALE,0,80.0,80.0,0.0,0.0,0.0,0.0,37.250686,126.674964,,
128.84999999999505,3,NO_POSITION,DEGRADED_FEEDFORWARD,NO_POSITION,NO_POSITION,FRESH,FRESHED,STALE,STALE,0,80.0,80.0,0.0,0.0,0.0,0.0,37.250686,126.674964,,
128.89999999999506,3,NO_POSITION,DEGRADED_FEEDFORWARD,NO_POSITION,NO_POSITION,FRESH,FRESHED,STALE,STALE,0,80.0,80.0,0.0,0.0,0.0,0.0,37.250686,126.674964,,
128.94999999999507,3,NO_POSITION,DEGRADED_FEEDFORWARD,NO_POSITION,NO_POSITION,FRESH,FRESHED,STALE,STALE,0,80.0,80.0,0.0,0.0,0.0,0.0,37.250686,126.674964,,
128.99999999999508,3,NO_POSITION,DEGRADED_FEEDFORWARD,NO_POSITION,NO_POSITION,FRESH,FRESHED,STALE,STALE,0,80.0,80.0,0.0,0.0,0.0,0.0,37.250686,126.674964,,
129.0499999999951,3,NO_POSITION,DEGRADED_FEEDFORWARD,NO_POSITION,NO_POSITION,FRESH,FRESHED,STALE,STALE,0,80.0,80.0,0.0,0.0,0.0,0.0,37.250686,126.674964,,
129.0999999999951,3,NO_POSITION,DEGRADED_FEEDFORWARD,NO_POSITION,NO_POSITION,FRESH,FRESHED,STALE,STALE,0,80.0,80.0,0.0,0.0,0.0,0.0,37.250686,126.674964,,
129.14999999999512,3,NO_POSITION,DEGRADED_FEEDFORWARD,NO_POSITION,NO_POSITION,FRESH,FRESHED,STALE,STALE,0,80.0,80.0,0.0,0.0,0.0,0.0,37.250686,126.674964,,
129.19999999999513,3,NO_POSITION,DEGRADED_FEEDFORWARD,NO_POSITION,NO_POSITION,FRESH,FRESHED,STALE,STALE,0,80.0,80.0,0.0,0.0,0.0,0.0,37.250686,126.674964,,
129.24999999999514,3,NO_MOTION,FAIL,NO_MOTION,NO_MOTION,FRESH,STALE,STALE,STALE,0,80.0,80.0,0.0,0.0,0.0,0.0,37.250686,126.674964,,
129.29999999999515,3,NO_MOTION,FAIL,NO_MOTION,NO_MOTION,FRESH,STALE,FRESH,FRESH,0,80.0,80.0,0.0,0.0,0.0,0.0,37.250686,126.674964,,
129.34999999999516,3,NO_MOTION,FAIL,NO_MOTION,NO_MOTION,FRESH,STALE,FRESH,FRESH,0,80.0,80.0,0.0,0.0,0.0,0.0,37.250686,126.674964,,
129.39999999999517,3,NO_MOTION,FAIL,NO_MOTION,NO_MOTION,FRESH,STALE,FRESH,FRESH,0,80.0,80.0,0.0,0.0,0.0,0.0,37.250686,126.674964,,
129.44999999999519,3,NO_MOTION,FAIL,NO_MOTION,NO_MOTION,FRESH,STALE,FRESH,FRESH,0,80.0,80.0,0.0,0.0,0.0,0.0,37.250686,126.674964,,
129.4999999999952,3,NO_MOTION,FAIL,NO_MOTION,NO_MOTION,FRESH,STALE,STALE,FRESH,0,80.0,80.0,0.0,0.0,0.0,0.0,37.250686,126.674964,,
129.5499999999952,3,NO_MOTION,FAIL,NO_MOTION,NO_MOTION,FRESH,STALE,STALE,FRESH,0,80.0,80.0,0.0,0.0,0.0,0.0,37.250686,126.674964,,
129.59999999999522,3,NO_MOTION,FAIL,NO_MOTION,NO_MOTION,FRESH,STALE,STALE,FRESH,0,80.0,80.0,0.0,0.0,0.0,0.0,37.250686,126.674964,,
129.64999999999523,3,NO_MOTION,FAIL,NO_MOTION,NO_MOTION,FRESH,STALE,STALE,FRESH,0,80.0,80.0,0.0,0.0,0.0,0.0,37.250686,126.674964,,
129.69999999999524,3,NO_MOTION,FAIL,NO_MOTION,NO_MOTION,FRESH,STALE,STALE,FRESH,0,80.0,80.0,0.0,0.0,0.0,0.0,37.250686,126.674964,,
129.74999999999525,3,NO_MOTION,FAIL,NO_MOTION,NO_MOTION,FRESH,STALE,STALE,FRESH,0,80.0,80.0,0.0,0.0,0.0,0.0,37.250686,126.674964,,
129.79999999999526,3,NO_MOTION,FAIL,NO_MOTION,NO_MOTION,FRESH,STALE,STALE,STALE,0,80.0,80.0,0.0,0.0,0.0,0.0,37.250686,126.674964,,
129.84999999999528,3,NO_MOTION,FAIL,NO_MOTION,NO_MOTION,FRESH,STALE,STALE,STALE,0,80.0,80.0,0.0,0.0,0.0,0.0,37.250686,126.674964,,
129.8999999999953,3,NO_MOTION,FAIL,NO_MOTION,NO_MOTION,FRESH,STALE,STALE,STALE,0,80.0,80.0,0.0,0.0,0.0,0.0,37.250686,126.674964,,
129.9499999999953,3,NO_MOTION,FAIL,NO_MOTION,NO_MOTION,FRESH,STALE,STALE,STALE,0,80.0,80.0,0.0,0.0,0.0,0.0,37.250686,126.674964,,
129.9999999999953,3,NO_MOTION,FAIL,NO_MOTION,NO_MOTION,FRESH,STALE,STALE,STALE,0,80.0,80.0,0.0,0.0,0.0,0.0,37.250686,126.674964,,
130.04999999999532,3,NO_MOTION,FAIL,NO_MOTION,NO_MOTION,FRESH,STALE,STALE,STALE,0,80.0,80.0,0.0,0.0,0.0,0.0,37.250686,126.674964,,
130.09999999999533,3,NO_MOTION,FAIL,NO_MOTION,NO_MOTION,FRESH,STALE,STALE,STALE,0,80.0,80.0,0.0,0.0,0.0,0.0,37.250686,126.674964,,
130.14999999999534,3,NO_MOTION,FAIL,NO_MOTION,NO_MOTION,FRESH,STALE,STALE,STALE,0,80.0,80.0,0.0,0.0,0.0,0.0,37.250686,126.674964,,
130.19999999999536,3,NO_MOTION,FAIL,NO_MOTION,NO_MOTION,FRESH,STALE,STALE,STALE,0,80.0,80.0,0.0,0.0,0.0,0.0,37.250686,126.674964,,
130.24999999999537,3,NO_MOTION,FAIL,NO_MOTION,NO_MOTION,FRESH,STALE,STALE,STALE,0,80.0,80.0,0.0,0.0,0.0,0.0,37.250686,126.674964,,
130.29999999999538,3,NO_MOTION,FAIL,NO_MOTION,NO_MOTION,FRESH,STALE,FRESH,FRESH,0,80.0,80.0,0.0,0.0,0.0,0.0,37.250686,126.674964,,
130.3499999999954,3,NO_MOTION,FAIL,NO_MOTION,NO_MOTION,FRESH,STALE,FRESH,FRESH,0,80.0,80.0,0.0,0.0,0.0,0.0,37.250686,126.674964,,
130.3999999999954,3,NO_MOTION,FAIL,NO_MOTION,NO_MOTION,FRESH,STALE,FRESH,FRESH,0,80.0,80.0,0.0,0.0,0.0,0.0,37.250686,126.674964,,
130.4499999999954,3,NO_MOTION,FAIL,NO_MOTION,NO_MOTION,FRESH,STALE,FRESH,FRESH,0,80.0,80.0,0.0,0.0,0.0,0.0,37.250686,126.674964,,
130.49999999999542,3,NO_MOTION,FAIL,NO_MOTION,NO_MOTION,FRESH,STALE,STALE,FRESH,0,80.0,80.0,0.0,0.0,0.0,0.0,37.250686,126.674964,,
130.54999999999544,3,NO_MOTION,FAIL,NO_MOTION,NO_MOTION,FRESH,STALE,STALE,FRESH,0,80.0,80.0,0.0,0.0,0.0,0.0,37.250686,126.674964,,
130.59999999999545,3,NO_MOTION,FAIL,NO_MOTION,NO_MOTION,FRESH,STALE,STALE,FRESH,0,80.0,80.0,0.0,0.0,0.0,0.0,37.250686,126.674964,,
130.64999999999546,3,NO_MOTION,FAIL,NO_MOTION,NO_MOTION,FRESH,STALE,STALE,FRESH,0,80.0,80.0,0.0,0.0,0.0,0.0,37.250686,126.674964,,
130.69999999999547,3,NO_MOTION,FAIL,NO_MOTION,NO_MOTION,FRESH,STALE,STALE,FRESH,0,80.0,80.0,0.0,0.0,0.0,0.0,37.250686,126.674964,,
130.74999999999548,3,NO_MOTION,FAIL,NO_MOTION,NO_MOTION,FRESH,STALE,STALE,FRESH,0,80.0,80.0,0.0,0.0,0.0,0.0,37.250686,126.674964,,
130.7999999999955,3,NO_MOTION,FAIL,NO_MOTION,NO_MOTION,FRESH,STALE,STALE,STALE,0,80.0,80.0,0.0,0.0,0.0,0.0,37.250686,126.674964,,
130.8499999999955,3,NO_MOTION,FAIL,NO_MOTION,NO_MOTION,FRESH,STALE,STALE,STALE,0,80.0,80.0,0.0,0.0,0.0,0.0,37.250686,126.674964,,
130.89999999999552,3,NO_MOTION,FAIL,NO_MOTION,NO_MOTION,FRESH,STALE,STALE,STALE,0,80.0,80.0,0.0,0.0,0.0,0.0,37.250686,126.674964,,
130.94999999999553,3,NO_MOTION,FAIL,NO_MOTION,NO_MOTION,FRESH,STALE,STALE,STALE,0,80.0,80.0,0.0,0.0,0.0,0.0,37.250686,126.674964,,
130.99999999999554,3,NO_MOTION,FAIL,NO_MOTION,NO_MOTION,FRESH,STALE,STALE,STALE,0,80.0,80.0,0.0,0.0,0.0,0.0,37.250686,126.674964,,
131.04999999999555,3,NO_MOTION,FAIL,NO_MOTION,NO_MOTION,FRESH,STALE,STALE,STALE,0,80.0,80.0,0.0,0.0,0.0,0.0,37.250686,126.674964,,
131.09999999999556,3,NO_MOTION,FAIL,NO_MOTION,NO_MOTION,FRESH,STALE,STALE,STALE,0,80.0,80.0,0.0,0.0,0.0,0.0,37.250686,126.674964,,
131.14999999999557,3,NO_MOTION,FAIL,NO_MOTION,NO_MOTION,FRESH,STALE,STALE,STALE,0,80.0,80.0,0.0,0.0,0.0,0.0,37.250686,126.674964,,
131.19999999999558,3,NO_MOTION,FAIL,NO_MOTION,NO_MOTION,FRESH,STALE,STALE,STALE,0,80.0,80.0,0.0,0.0,0.0,0.0,37.250686,126.674964,,
131.2499999999956,3,NO_MOTION,FAIL,NO_MOTION,NO_MOTION,FRESH,STALE,STALE,STALE,0,80.0,80.0,0.0,0.0,0.0,0.0,37.250686,126.674964,,
131.2999999999956,3,NO_MOTION,FAIL,NO_MOTION,NO_MOTION,FRESH,STALE,FRESH,FRESH,0,80.0,80.0,0.0,0.0,0.0,0.0,37.250686,126.674964,,
131.34999999999562,3,NO_MOTION,FAIL,NO_MOTION,NO_MOTION,FRESH,STALE,FRESH,FRESH,0,80.0,80.0,0.0,0.0,0.0,0.0,37.250686,126.674964,,
131.39999999999563,3,NO_MOTION,FAIL,NO_MOTION,NO_MOTION,FRESH,STALE,FRESH,FRESH,0,80.0,80.0,0.0,0.0,0.0,0.0,37.250686,126.674964,,
131.44999999999564,3,NO_MOTION,FAIL,NO_MOTION,NO_MOTION,FRESH,STALE,FRESH,FRESH,0,80.0,80.0,0.0,0.0,0.0,0.0,37.250686,126.674964,,
131.49999999999565,3,NO_MOTION,FAIL,NO_MOTION,NO_MOTION,FRESH,STALE,STALE,FRESH,0,80.0,80.0,0.0,0.0,0.0,0.0,37.250686,126.674964,,
131.54999999999566,3,NO_MOTION,FAIL,NO_MOTION,NO_MOTION,FRESH,STALE,STALE,FRESH,0,80.0,80.0,0.0,0.0,0.0,0.0,37.250686,126.674964,,
131.59999999999567,3,NO_MOTION,FAIL,NO_MOTION,NO_MOTION,FRESH,STALE,STALE,FRESH,0,80.0,80.0,0.0,0.0,0.0,0.0,37.250686,126.674964,,
131.64999999999569,3,NO_MOTION,FAIL,NO_MOTION,NO_MOTION,FRESH,STALE,STALE,FRESH,0,80.0,80.0,0.0,0.0,0.0,0.0,37.250686,126.674964,,
131.6999999999957,3,NO_MOTION,FAIL,NO_MOTION,NO_MOTION,FRESH,STALE,STALE,FRESH,0,80.0,80.0,0.0,0.0,0.0,0.0,37.250686,126.674964,,
131.7499999999957,3,NO_MOTION,FAIL,NO_MOTION,NO_MOTION,FRESH,STALE,STALE,FRESH,0,80.0,80.0,0.0,0.0,0.0,0.0,37.250686,126.674964,,
131.79999999999572,3,NO_MOTION,FAIL,NO_MOTION,NO_MOTION,FRESH,STALE,STALE,STALE,0,80.0,80.0,0.0,0.0,0.0,0.0,37.250686,126.674964,,
131.84999999999573,3,NO_MOTION,FAIL,NO_MOTION,NO_MOTION,FRESH,STALE,STALE,STALE,0,80.0,80.0,0.0,0.0,0.0,0.0,37.250686,126.674964,,
131.89999999999574,3,NO_MOTION,FAIL,NO_MOTION,NO_MOTION,FRESH,STALE,STALE,STALE,0,80.0,80.0,0.0,0.0,0.0,0.0,37.250686,126.674964,,
131.94999999999575,3,NO_MOTION,FAIL,NO_MOTION,NO_MOTION,FRESH,STALE,STALE,STALE,0,80.0,80.0,0.0,0.0,0.0,0.0,37.250686,126.674964,,
131.99999999999577,3,NO_MOTION,FAIL,NO_MOTION,NO_MOTION,FRESH,STALE,STALE,STALE,0,80.0,80.0,0.0,0.0,0.0,0.0,37.250686,126.674964,,
132.04999999999578,3,NO_MOTION,FAIL,NO_MOTION,NO_MOTION,FRESH,STALE,STALE,STALE,0,80.0,80.0,0.0,0.0,0.0,0.0,37.250686,126.674964,,
132.0999999999958,3,NO_MOTION,FAIL,NO_MOTION,NO_MOTION,FRESH,STALE,STALE,STALE,0,80.0,80.0,0.0,0.0,0.0,0.0,37.250686,126.674964,,
132.1499999999958,3,NO_MOTION,FAIL,NO_MOTION,NO_MOTION,FRESH,STALE,STALE,STALE,0,80.0,80.0,0.0,0.0,0.0,0.0,37.250686,126.674964,,
132.1999999999958,3,NO_MOTION,FAIL,NO_MOTION,NO_MOTION,FRESH,STALE,STALE,STALE,0,80.0,80.0,0.0,0.0,0.0,0.0,37.250686,126.674964,,
132.24999999999582,3,NO_MOTION,FAIL,NO_MOTION,NO_MOTION,FRESH,STALE,STALE,STALE,0,80.0,80.0,0.0,0.0,0.0,0.0,37.250686,126.674964,,
132.29999999999583,3,NO_MOTION,FAIL,NO_MOTION,NO_MOTION,FRESH,STALE,FRESH,FRESH,0,80.0,80.0,0.0,0.0,0.0,0.0,37.250686,126.674964,,
132.34999999999584,3,NO_MOTION,FAIL,NO_MOTION,NO_MOTION,FRESH,STALE,FRESH,FRESH,0,80.0,80.0,0.0,0.0,0.0,0.0,37.250686,126.674964,,
132.39999999999586,3,NO_MOTION,FAIL,NO_MOTION,NO_MOTION,FRESH,STALE,FRESH,FRESH,0,80.0,80.0,0.0,0.0,0.0,0.0,37.250686,126.674964,,
132.44999999999587,3,NO_MOTION,FAIL,NO_MOTION,NO_MOTION,FRESH,STALE,FRESH,FRESH,0,80.0,80.0,0.0,0.0,0.0,0.0,37.250686,126.674964,,
132.49999999999588,3,NO_MOTION,FAIL,NO_MOTION,NO_MOTION,FRESH,STALE,STALE,FRESH,0,80.0,80.0,0.0,0.0,0.0,0.0,37.250686,126.674964,,
132.5499999999959,3,NO_MOTION,FAIL,NO_MOTION,NO_MOTION,FRESH,STALE,STALE,FRESH,0,80.0,80.0,0.0,0.0,0.0,0.0,37.250686,126.674964,,
132.5999999999959,3,NO_MOTION,FAIL,NO_MOTION,NO_MOTION,FRESH,STALE,STALE,FRESH,0,80.0,80.0,0.0,0.0,0.0,0.0,37.250686,126.674964,,
132.6499999999959,3,NO_MOTION,FAIL,NO_MOTION,NO_MOTION,FRESH,STALE,STALE,FRESH,0,80.0,80.0,0.0,0.0,0.0,0.0,37.250686,126.674964,,
132.69999999999592,3,NO_MOTION,FAIL,NO_MOTION,NO_MOTION,FRESH,STALE,STALE,FRESH,0,80.0,80.0,0.0,0.0,0.0,0.0,37.250686,126.674964,,
132.74999999999594,3,NO_MOTION,FAIL,NO_MOTION,NO_MOTION,FRESH,STALE,STALE,FRESH,0,80.0,80.0,0.0,0.0,0.0,0.0,37.250686,126.674964,,
132.79999999999595,3,NO_MOTION,FAIL,NO_MOTION,NO_MOTION,FRESH,STALE,STALE,STALE,0,80.0,80.0,0.0,0.0,0.0,0.0,37.250686,126.674964,,
132.84999999999596,3,NO_MOTION,FAIL,NO_MOTION,NO_MOTION,FRESH,STALE,STALE,STALE,0,80.0,80.0,0.0,0.0,0.0,0.0,37.250686,126.674964,,
132.89999999999597,3,NO_MOTION,FAIL,NO_MOTION,NO_MOTION,FRESH,STALE,STALE,STALE,0,80.0,80.0,0.0,0.0,0.0,0.0,37.250686,126.674964,,
132.94999999999598,3,NO_MOTION,FAIL,NO_MOTION,NO_MOTION,FRESH,STALE,STALE,STALE,0,80.0,80.0,0.0,0.0,0.0,0.0,37.250686,126.674964,,
132.999999999996,3,NO_MOTION,FAIL,NO_MOTION,NO_MOTION,FRESH,STALE,STALE,STALE,0,80.0,80.0,0.0,0.0,0.0,0.0,37.250686,126.674964,,
133.049999999996,3,NO_MOTION,FAIL,NO_MOTION,NO_MOTION,FRESH,STALE,STALE,STALE,0,80.0,80.0,0.0,0.0,0.0,0.0,37.250686,126.674964,,
133.09999999999602,3,NO_MOTION,FAIL,NO_MOTION,NO_MOTION,FRESH,STALE,STALE,STALE,0,80.0,80.0,0.0,0.0,0.0,0.0,37.250686,126.674964,,
133.14999999999603,3,NO_MOTION,FAIL,NO_MOTION,NO_MOTION,FRESH,STALE,STALE,STALE,0,80.0,80.0,0.0,0.0,0.0,0.0,37.250686,126.674964,,
133.19999999999604,3,NO_MOTION,FAIL,NO_MOTION,NO_MOTION,FRESH,STALE,STALE,STALE,0,80.0,80.0,0.0,0.0,0.0,0.0,37.250686,126.674964,,
133.24999999999605,3,NO_MOTION,FAIL,NO_MOTION,NO_MOTION,FRESH,STALE,STALE,STALE,0,80.0,80.0,0.0,0.0,0.0,0.0,37.250686,126.674964,,
133.29999999999606,3,NO_POSITION,NOMINAL_CLOSED_LOOP,NO_POSITION,NO_POSITION,FRESH,FRESH,FRESH,FRESH,0,80.0,80.0,0.0,0.0,0.0,0.0,37.250686,126.674964,,
133.34999999999607,3,NO_POSITION,NOMINAL_CLOSED_LOOP,NO_POSITION,NO_POSITION,FRESH,FRESH,FRESH,FRESH,0,80.0,80.0,0.0,0.0,0.0,0.0,37.250686,126.674964,,
133.39999999999608,3,NO_POSITION,NOMINAL_CLOSED_LOOP,NO_POSITION,NO_POSITION,FRESH,FRESH,FRESH,FRESH,0,80.0,80.0,0.0,0.0,0.0,0.0,37.250686,126.674964,,
133.4499999999961,3,NO_POSITION,NOMINAL_CLOSED_LOOP,NO_POSITION,NO_POSITION,FRESH,FRESH,FRESH,FRESH,0,80.0,80.0,0.0,0.0,0.0,0.0,37.250686,126.674964,,
133.4999999999961,3,NO_POSITION,NOMINAL_FEEDFORWARD,NO_POSITION,NO_POSITION,FRESH,FRESH,STALE,FRESH,0,80.0,80.0,0.0,0.0,0.0,0.0,37.250686,126.674964,,
133.54999999999612,3,NO_POSITION,NOMINAL_FEEDFORWARD,NO_POSITION,NO_POSITION,FRESH,FRESH,STALE,FRESH,0,80.0,80.0,0.0,0.0,0.0,0.0,37.250686,126.674964,,
133.59999999999613,3,NO_POSITION,NOMINAL_FEEDFORWARD,NO_POSITION,NO_POSITION,FRESH,FRESH,STALE,FRESH,0,80.0,80.0,0.0,0.0,0.0,0.0,37.250686,126.674964,,
133.64999999999614,3,NO_POSITION,NOMINAL_FEEDFORWARD,NO_POSITION,NO_POSITION,FRESH,FRESH,STALE,FRESH,0,80.0,80.0,0.0,0.0,0.0,0.0,37.250686,126.674964,,
133.69999999999615,3,NO_POSITION,NOMINAL_FEEDFORWARD,NO_POSITION,NO_POSITION,FRESH,FRESH,STALE,FRESH,0,80.0,80.0,0.0,0.0,0.0,0.0,37.250686,126.674964,,
133.74999999999616,3,NO_POSITION,NOMINAL_FEEDFORWARD,NO_POSITION,NO_POSITION,FRESH,FRESH,STALE,FRESH,0,80.0,80.0,0.0,0.0,0.0,0.0,37.250686,126.674964,,
133.79999999999617,3,NO_POSITION,NOMINAL_FEEDFORWARD,NO_POSITION,NO_POSITION,FRESH,FRESH,STALE,STALE,0,80.0,80.0,0.0,0.0,0.0,0.0,37.250686,126.674964,,
133.8499999999962,3,NO_POSITION,NOMINAL_FEEDFORWARD,NO_POSITION,NO_POSITION,FRESH,FRESH,STALE,STALE,0,80.0,80.0,0.0,0.0,0.0,0.0,37.250686,126.674964,,
133.8999999999962,3,NO_POSITION,NOMINAL_FEEDFORWARD,NO_POSITION,NO_POSITION,FRESH,FRESH,STALE,STALE,0,80.0,80.0,0.0,0.0,0.0,0.0,37.250686,126.674964,,
133.9499999999962,3,NO_POSITION,NOMINAL_FEEDFORWARD,NO_POSITION,NO_POSITION,FRESH,FRESH,STALE,STALE,0,80.0,80.0,0.0,0.0,0.0,0.0,37.250686,126.674964,,
133.99999999999622,3,NO_POSITION,NOMINAL_FEEDFORWARD,NO_POSITION,NO_POSITION,FRESH,FRESH,STALE,STALE,0,80.0,80.0,0.0,0.0,0.0,0.0,37.250686,126.674964,,
134.04999999999623,3,NO_POSITION,NOMINAL_FEEDFORWARD,NO_POSITION,NO_POSITION,FRESH,FRESH,STALE,STALE,0,80.0,80.0,0.0,0.0,0.0,0.0,37.250686,126.674964,,
134.09999999999624,3,NO_POSITION,NOMINAL_FEEDFORWARD,NO_POSITION,NO_POSITION,FRESH,FRESH,STALE,STALE,0,80.0,80.0,0.0,0.0,0.0,0.0,37.250686,126.674964,,
134.14999999999625,3,NO_POSITION,NOMINAL_FEEDFORWARD,NO_POSITION,NO_POSITION,FRESH,FRESH,STALE,STALE,0,80.0,80.0,0.0,0.0,0.0,0.0,37.250686,126.674964,,
134.19999999999627,3,NO_POSITION,NOMINAL_FEEDFORWARD,NO_POSITION,NO_POSITION,FRESH,FRESH,STALE,STALE,0,80.0,80.0,0.0,0.0,0.0,0.0,37.250686,126.674964,,
134.24999999999628,3,NO_POSITION,NOMINAL_FEEDFORWARD,NO_POSITION,NO_POSITION,FRESH,FRESH,STALE,STALE,0,80.0,80.0,0.0,0.0,0.0,0.0,37.250686,126.674964,,
134.2999999999963,3,NO_MOTION,FAIL,NO_MOTION,NO_MOTION,FRESH,STALE,FRESH,FRESH,0,80.0,80.0,0.0,0.0,0.0,0.0,37.250686,126.674964,,
134.3499999999963,3,NO_MOTION,FAIL,NO_MOTION,NO_MOTION,FRESH,STALE,FRESH,FRESH,0,80.0,80.0,0.0,0.0,0.0,0.0,37.250686,126.674964,,
134.3999999999963,3,NO_MOTION,FAIL,NO_MOTION,NO_MOTION,FRESH,STALE,FRESH,FRESH,0,80.0,80.0,0.0,0.0,0.0,0.0,37.250686,126.674964,,
134.44999999999632,3,NO_MOTION,FAIL,NO_MOTION,NO_MOTION,FRESH,STALE,FRESH,FRESH,0,80.0,80.0,0.0,0.0,0.0,0.0,37.250686,126.674964,,
134.49999999999633,3,NO_MOTION,FAIL,NO_MOTION,NO_MOTION,FRESH,STALE,STALE,FRESH,0,80.0,80.0,0.0,0.0,0.0,0.0,37.250686,126.674964,,
134.54999999999634,3,NO_MOTION,FAIL,NO_MOTION,NO_MOTION,FRESH,STALE,STALE,FRESH,0,80.0,80.0,0.0,0.0,0.0,0.0,37.250686,126.674964,,
134.59999999999636,3,NO_MOTION,FAIL,NO_MOTION,NO_MOTION,FRESH,STALE,STALE,FRESH,0,80.0,80.0,0.0,0.0,0.0,0.0,37.250686,126.674964,,
134.64999999999637,3,NO_MOTION,FAIL,NO_MOTION,NO_MOTION,FRESH,STALE,STALE,FRESH,0,80.0,80.0,0.0,0.0,0.0,0.0,37.250686,126.674964,,
134.69999999999638,3,NO_MOTION,FAIL,NO_MOTION,NO_MOTION,FRESH,STALE,STALE,FRESH,0,80.0,80.0,0.0,0.0,0.0,0.0,37.250686,126.674964,,
134.7499999999964,3,NO_MOTION,FAIL,NO_MOTION,NO_MOTION,FRESH,STALE,STALE,FRESH,0,80.0,80.0,0.0,0.0,0.0,0.0,37.250686,126.674964,,
134.7999999999964,3,NO_MOTION,FAIL,NO_MOTION,NO_MOTION,FRESH,STALE,STALE,STALE,0,80.0,80.0,0.0,0.0,0.0,0.0,37.250686,126.674964,,
134.8499999999964,3,NO_MOTION,FAIL,NO_MOTION,NO_MOTION,FRESH,STALE,STALE,STALE,0,80.0,80.0,0.0,0.0,0.0,0.0,37.250686,126.674964,,
134.89999999999642,3,NO_MOTION,FAIL,NO_MOTION,NO_MOTION,FRESH,STALE,STALE,STALE,0,80.0,80.0,0.0,0.0,0.0,0.0,37.250686,126.674964,,
134.94999999999644,3,NO_MOTION,FAIL,NO_MOTION,NO_MOTION,FRESH,STALE,STALE,STALE,0,80.0,80.0,0.0,0.0,0.0,0.0,37.250686,126.674964,,
134.99999999999645,3,NO_MOTION,FAIL,NO_MOTION,NO_MOTION,FRESH,STALE,STALE,STALE,0,80.0,80.0,0.0,0.0,0.0,0.0,37.250686,126.674964,,
135.04999999999646,3,NO_MOTION,FAIL,NO_MOTION,NO_MOTION,FRESH,STALE,STALE,STALE,0,80.0,80.0,0.0,0.0,0.0,0.0,37.250686,126.674964,,
135.09999999999647,3,NO_MOTION,FAIL,NO_MOTION,NO_MOTION,FRESH,STALE,STALE,STALE,0,80.0,80.0,0.0,0.0,0.0,0.0,37.250686,126.674964,,
135.14999999999648,3,NO_MOTION,FAIL,NO_MOTION,NO_MOTION,FRESH,STALE,STALE,STALE,0,80.0,80.0,0.0,0.0,0.0,0.0,37.250686,126.674964,,
135.1999999999965,3,NO_MOTION,FAIL,NO_MOTION,NO_MOTION,FRESH,STALE,STALE,STALE,0,80.0,80.0,0.0,0.0,0.0,0.0,37.250686,126.674964,,
135.2499999999965,3,NO_MOTION,FAIL,NO_MOTION,NO_MOTION,FRESH,STALE,STALE,STALE,0,80.0,80.0,0.0,0.0,0.0,0.0,37.250686,126.674964,,
135.29999999999652,3,NO_POSITION,NOMINAL_CLOSED_LOOP,NO_POSITION,NO_POSITION,FRESH,FRESH,FRESH,FRESH,0,80.0,80.0,0.0,0.0,0.0,0.0,37.250686,126.674964,,
135.34999999999653,3,NO_POSITION,NOMINAL_CLOSED_LOOP,NO_POSITION,NO_POSITION,FRESH,FRESH,FRESH,FRESH,0,80.0,80.0,0.0,0.0,0.0,0.0,37.250686,126.674964,,
135.39999999999654,3,NO_POSITION,NOMINAL_CLOSED_LOOP,NO_POSITION,NO_POSITION,FRESH,FRESH,FRESH,FRESH,0,80.0,80.0,0.0,0.0,0.0,0.0,37.250686,126.674964,,
135.44999999999655,3,NO_POSITION,NOMINAL_CLOSED_LOOP,NO_POSITION,NO_POSITION,FRESH,FRESH,FRESH,FRESH,0,80.0,80.0,0.0,0.0,0.0,0.0,37.250686,126.674964,,
135.49999999999656,3,NO_POSITION,NOMINAL_FEEDFORWARD,NO_POSITION,NO_POSITION,FRESH,FRESH,STALE,FRESH,0,80.0,80.0,0.0,0.0,0.0,0.0,37.250686,126.674964,,
135.54999999999657,3,NO_POSITION,NOMINAL_FEEDFORWARD,NO_POSITION,NO_POSITION,FRESH,FRESH,STALE,FRESH,0,80.0,80.0,0.0,0.0,0.0,0.0,37.250686,126.674964,,
135.59999999999658,3,NO_POSITION,NOMINAL_FEEDFORWARD,NO_POSITION,NO_POSITION,FRESH,FRESH,STALE,FRESH,0,80.0,80.0,0.0,0.0,0.0,0.0,37.250686,126.674964,,
135.6499999999966,3,NO_POSITION,NOMINAL_FEEDFORWARD,NO_POSITION,NO_POSITION,FRESH,FRESH,STALE,FRESH,0,80.0,80.0,0.0,0.0,0.0,0.0,37.250686,126.674964,,
135.6999999999966,3,NO_POSITION,NOMINAL_FEEDFORWARD,NO_POSITION,NO_POSITION,FRESH,FRESH,STALE,FRESH,0,80.0,80.0,0.0,0.0,0.0,0.0,37.250686,126.674964,,
135.74999999999662,3,NO_POSITION,NOMINAL_FEEDFORWARD,NO_POSITION,NO_POSITION,FRESH,FRESH,STALE,FRESH,0,80.0,80.0,0.0,0.0,0.0,0.0,37.250686,126.674964,,
135.79999999999663,3,NO_POSITION,NOMINAL_FEEDFORWARD,NO_POSITION,NO_POSITION,FRESH,FRESH,STALE,STALE,0,80.0,80.0,0.0,0.0,0.0,0.0,37.250686,126.674964,,
135.84999999999664,3,NO_POSITION,NOMINAL_FEEDFORWARD,NO_POSITION,NO_POSITION,FRESH,FRESH,STALE,STALE,0,80.0,80.0,0.0,0.0,0.0,0.0,37.250686,126.674964,,
135.89999999999665,3,NO_POSITION,NOMINAL_FEEDFORWARD,NO_POSITION,NO_POSITION,FRESH,FRESH,STALE,STALE,0,80.0,80.0,0.0,0.0,0.0,0.0,37.250686,126.674964,,
135.94999999999666,3,NO_POSITION,NOMINAL_FEEDFORWARD,NO_POSITION,NO_POSITION,FRESH,FRESH,STALE,STALE,0,80.0,80.0,0.0,0.0,0.0,0.0,37.250686,126.674964,,
135.99999999999667,3,NO_POSITION,NOMINAL_FEEDFORWARD,NO_POSITION,NO_POSITION,FRESH,FRESH,STALE,STALE,0,80.0,80.0,0.0,0.0,0.0,0.0,37.250686,126.674964,,
136.0499999999967,3,NO_POSITION,NOMINAL_FEEDFORWARD,NO_POSITION,NO_POSITION,FRESH,FRESH,STALE,STALE,0,80.0,80.0,0.0,0.0,0.0,0.0,37.250686,126.674964,,
136.0999999999967,3,NO_POSITION,NOMINAL_FEEDFORWARD,NO_POSITION,NO_POSITION,FRESH,FRESH,STALE,STALE,0,80.0,80.0,0.0,0.0,0.0,0.0,37.250686,126.674964,,
136.1499999999967,3,NO_POSITION,NOMINAL_FEEDFORWARD,NO_POSITION,NO_POSITION,FRESH,FRESH,STALE,STALE,0,80.0,80.0,0.0,0.0,0.0,0.0,37.250686,126.674964,,
136.19999999999672,3,NO_POSITION,NOMINAL_FEEDFORWARD,NO_POSITION,NO_POSITION,FRESH,FRESH,STALE,STALE,0,80.0,80.0,0.0,0.0,0.0,0.0,37.250686,126.674964,,
136.24999999999673,3,NO_POSITION,NOMINAL_FEEDFORWARD,NO_POSITION,NO_POSITION,FRESH,FRESH,STALE,STALE,0,80.0,80.0,0.0,0.0,0.0,0.0,37.250686,126.674964,,
136.29999999999674,3,NO_MOTION,FAIL,NO_MOTION,NO_MOTION,FRESH,STALE,FRESH,FRESH,0,80.0,80.0,0.0,0.0,0.0,0.0,37.250686,126.674964,,
136.34999999999675,3,NO_MOTION,FAIL,NO_MOTION,NO_MOTION,FRESH,STALE,FRESH,FRESH,0,80.0,80.0,0.0,0.0,0.0,0.0,37.250686,126.674964,,
136.39999999999677,3,NO_MOTION,FAIL,NO_MOTION,NO_MOTION,FRESH,STALE,FRESH,FRESH,0,80.0,80.0,0.0,0.0,0.0,0.0,37.250686,126.674964,,
136.44999999999678,3,NO_MOTION,FAIL,NO_MOTION,NO_MOTION,FRESH,STALE,FRESH,FRESH,0,80.0,80.0,0.0,0.0,0.0,0.0,37.250686,126.674964,,
136.4999999999968,3,NO_MOTION,FAIL,NO_MOTION,NO_MOTION,FRESH,STALE,STALE,FRESH,0,80.0,80.0,0.0,0.0,0.0,0.0,37.250686,126.674964,,
136.5499999999968,3,NO_MOTION,FAIL,NO_MOTION,NO_MOTION,FRESH,STALE,STALE,FRESH,0,80.0,80.0,0.0,0.0,0.0,0.0,37.250686,126.674964,,
136.5999999999968,3,NO_MOTION,FAIL,NO_MOTION,NO_MOTION,FRESH,STALE,STALE,FRESH,0,80.0,80.0,0.0,0.0,0.0,0.0,37.250686,126.674964,,
136.64999999999682,3,NO_MOTION,FAIL,NO_MOTION,NO_MOTION,FRESH,STALE,STALE,FRESH,0,80.0,80.0,0.0,0.0,0.0,0.0,37.250686,126.674964,,
136.69999999999683,3,NO_MOTION,FAIL,NO_MOTION,NO_MOTION,FRESH,STALE,STALE,FRESH,0,80.0,80.0,0.0,0.0,0.0,0.0,37.250686,126.674964,,
136.74999999999685,3,NO_MOTION,FAIL,NO_MOTION,NO_MOTION,FRESH,STALE,STALE,FRESH,0,80.0,80.0,0.0,0.0,0.0,0.0,37.250686,126.674964,,
136.79999999999686,3,NO_MOTION,FAIL,NO_MOTION,NO_MOTION,FRESH,STALE,STALE,STALE,0,80.0,80.0,0.0,0.0,0.0,0.0,37.250686,126.674964,,
136.84999999999687,3,NO_MOTION,FAIL,NO_MOTION,NO_MOTION,FRESH,STALE,STALE,STALE,0,80.0,80.0,0.0,0.0,0.0,0.0,37.250686,126.674964,,
136.89999999999688,3,NO_MOTION,FAIL,NO_MOTION,NO_MOTION,FRESH,STALE,STALE,STALE,0,80.0,80.0,0.0,0.0,0.0,0.0,37.250686,126.674964,,
136.9499999999969,3,NO_MOTION,FAIL,NO_MOTION,NO_MOTION,FRESH,STALE,STALE,STALE,0,80.0,80.0,0.0,0.0,0.0,0.0,37.250686,126.674964,,
136.9999999999969,3,NO_MOTION,FAIL,NO_MOTION,NO_MOTION,FRESH,STALE,STALE,STALE,0,80.0,80.0,0.0,0.0,0.0,0.0,37.250686,126.674964,,
137.0499999999969,3,NO_MOTION,FAIL,NO_MOTION,NO_MOTION,FRESH,STALE,STALE,STALE,0,80.0,80.0,0.0,0.0,0.0,0.0,37.250686,126.674964,,
137.09999999999692,3,NO_MOTION,FAIL,NO_MOTION,NO_MOTION,FRESH,STALE,STALE,STALE,0,80.0,80.0,0.0,0.0,0.0,0.0,37.250686,126.674964,,
137.14999999999694,3,NO_MOTION,FAIL,NO_MOTION,NO_MOTION,FRESH,STALE,STALE,STALE,0,80.0,80.0,0.0,0.0,0.0,0.0,37.250686,126.674964,,
137.19999999999695,3,NO_MOTION,FAIL,NO_MOTION,NO_MOTION,FRESH,STALE,STALE,STALE,0,80.0,80.0,0.0,0.0,0.0,0.0,37.250686,126.674964,,
137.24999999999696,3,NO_MOTION,FAIL,NO_MOTION,NO_MOTION,FRESH,STALE,STALE,STALE,0,80.0,80.0,0.0,0.0,0.0,0.0,37.250686,126.674964,,
137.29999999999697,3,NO_POSITION,NOMINAL_CLOSED_LOOP,NO_POSITION,NO_POSITION,FRESH,FRESH,FRESH,FRESH,0,80.0,80.0,0.0,0.0,0.0,0.0,37.250686,126.674964,,
137.34999999999698,3,NO_POSITION,NOMINAL_CLOSED_LOOP,NO_POSITION,NO_POSITION,FRESH,FRESH,FRESH,FRESH,0,80.0,80.0,0.0,0.0,0.0,0.0,37.250686,126.674964,,
137.399999999997,3,NO_POSITION,NOMINAL_CLOSED_LOOP,NO_POSITION,NO_POSITION,FRESH,FRESH,FRESH,FRESH,0,80.0,80.0,0.0,0.0,0.0,0.0,37.250686,126.674964,,
137.449999999997,3,NO_POSITION,NOMINAL_CLOSED_LOOP,NO_POSITION,NO_POSITION,FRESH,FRESH,FRESH,FRESH,0,80.0,80.0,0.0,0.0,0.0,0.0,37.250686,126.674964,,
137.49999999999702,3,NO_POSITION,NOMINAL_FEEDFORWARD,NO_POSITION,NO_POSITION,FRESH,FRESH,STALE,FRESH,0,80.0,80.0,0.0,0.0,0.0,0.0,37.250686,126.674964,,
137.54999999999703,3,NO_POSITION,NOMINAL_FEEDFORWARD,NO_POSITION,NO_POSITION,FRESH,FRESH,STALE,FRESH,0,80.0,80.0,0.0,0.0,0.0,0.0,37.250686,126.674964,,
137.59999999999704,3,NO_POSITION,NOMINAL_FEEDFORWARD,NO_POSITION,NO_POSITION,FRESH,FRESH,STALE,FRESH,0,80.0,80.0,0.0,0.0,0.0,0.0,37.250686,126.674964,,
137.64999999999705,3,NO_POSITION,NOMINAL_FEEDFORWARD,NO_POSITION,NO_POSITION,FRESH,FRESH,STALE,FRESH,0,80.0,80.0,0.0,0.0,0.0,0.0,37.250686,126.674964,,
137.69999999999706,3,NO_POSITION,NOMINAL_FEEDFORWARD,NO_POSITION,NO_POSITION,FRESH,FRESH,STALE,FRESH,0,80.0,80.0,0.0,0.0,0.0,0.0,37.250686,126.674964,,
137.74999999999707,3,NO_POSITION,NOMINAL_FEEDFORWARD,NO_POSITION,NO_POSITION,FRESH,FRESH,STALE,FRESH,0,80.0,80.0,0.0,0.0,0.0,0.0,37.250686,126.674964,,
137.79999999999708,3,NO_POSITION,NOMINAL_FEEDFORWARD,NO_POSITION,NO_POSITION,FRESH,FRESH,STALE,STALE,0,80.0,80.0,0.0,0.0,0.0,0.0,37.250686,126.674964,,
137.8499999999971,3,NO_POSITION,NOMINAL_FEEDFORWARD,NO_POSITION,NO_POSITION,FRESH,FRESH,STALE,STALE,0,80.0,80.0,0.0,0.0,0.0,0.0,37.250686,126.674964,,
137.8999999999971,3,NO_POSITION,NOMINAL_FEEDFORWARD,NO_POSITION,NO_POSITION,FRESH,FRESH,STALE,STALE,0,80.0,80.0,0.0,0.0,0.0,0.0,37.250686,126.674964,,
137.94999999999712,3,NO_POSITION,NOMINAL_FEEDFORWARD,NO_POSITION,NO_POSITION,FRESH,FRESH,STALE,STALE,0,80.0,80.0,0.0,0.0,0.0,0.0,37.250686,126.674964,,
137.99999999999713,3,NO_POSITION,NOMINAL_FEEDFORWARD,NO_POSITION,NO_POSITION,FRESH,FRESH,STALE,STALE,0,80.0,80.0,0.0,0.0,0.0,0.0,37.250686,126.674964,,
138.04999999999714,3,NO_POSITION,NOMINAL_FEEDFORWARD,NO_POSITION,NO_POSITION,FRESH,FRESH,STALE,STALE,0,80.0,80.0,0.0,0.0,0.0,0.0,37.250686,126.674964,,
138.09999999999715,3,NO_POSITION,NOMINAL_FEEDFORWARD,NO_POSITION,NO_POSITION,FRESH,FRESH,STALE,STALE,0,80.0,80.0,0.0,0.0,0.0,0.0,37.250686,126.674964,,
138.14999999999716,3,NO_POSITION,NOMINAL_FEEDFORWARD,NO_POSITION,NO_POSITION,FRESH,FRESH,STALE,STALE,0,80.0,80.0,0.0,0.0,0.0,0.0,37.250686,126.674964,,
138.19999999999717,3,NO_POSITION,NOMINAL_FEEDFORWARD,NO_POSITION,NO_POSITION,FRESH,FRESH,STALE,STALE,0,80.0,80.0,0.0,0.0,0.0,0.0,37.250686,126.674964,,
138.2499999999972,3,NO_POSITION,NOMINAL_FEEDFORWARD,NO_POSITION,NO_POSITION,FRESH,FRESH,STALE,STALE,0,80.0,80.0,0.0,0.0,0.0,0.0,37.250686,126.674964,,
138.2999999999972,3,NO_MOTION,FAIL,NO_MOTION,NO_MOTION,FRESH,STALE,FRESH,FRESH,0,80.0,80.0,0.0,0.0,0.0,0.0,37.250686,126.674964,,
138.3499999999972,3,NO_MOTION,FAIL,NO_MOTION,NO_MOTION,FRESH,STALE,FRESH,FRESH,0,80.0,80.0,0.0,0.0,0.0,0.0,37.250686,126.674964,,
138.39999999999722,3,NO_MOTION,FAIL,NO_MOTION,NO_MOTION,FRESH,STALE,FRESH,FRESH,0,80.0,80.0,0.0,0.0,0.0,0.0,37.250686,126.674964,,
138.44999999999723,3,NO_MOTION,FAIL,NO_MOTION,NO_MOTION,FRESH,STALE,FRESH,FRESH,0,80.0,80.0,0.0,0.0,0.0,0.0,37.250686,126.674964,,
138.49999999999724,3,NO_MOTION,FAIL,NO_MOTION,NO_MOTION,FRESH,STALE,STALE,FRESH,0,80.0,80.0,0.0,0.0,0.0,0.0,37.250686,126.674964,,
138.54999999999725,3,NO_MOTION,FAIL,NO_MOTION,NO_MOTION,FRESH,STALE,STALE,FRESH,0,80.0,80.0,0.0,0.0,0.0,0.0,37.250686,126.674964,,
138.59999999999727,3,NO_MOTION,FAIL,NO_MOTION,NO_MOTION,FRESH,STALE,STALE,FRESH,0,80.0,80.0,0.0,0.0,0.0,0.0,37.250686,126.674964,,
138.64999999999728,3,NO_MOTION,FAIL,NO_MOTION,NO_MOTION,FRESH,STALE,STALE,FRESH,0,80.0,80.0,0.0,0.0,0.0,0.0,37.250686,126.674964,,
138.6999999999973,3,NO_MOTION,FAIL,NO_MOTION,NO_MOTION,FRESH,STALE,STALE,FRESH,0,80.0,80.0,0.0,0.0,0.0,0.0,37.250686,126.674964,,
138.7499999999973,3,NO_MOTION,FAIL,NO_MOTION,NO_MOTION,FRESH,STALE,STALE,FRESH,0,80.0,80.0,0.0,0.0,0.0,0.0,37.250686,126.674964,,
138.7999999999973,3,NO_MOTION,FAIL,NO_MOTION,NO_MOTION,FRESH,STALE,STALE,STALE,0,80.0,80.0,0.0,0.0,0.0,0.0,37.250686,126.674964,,
138.84999999999732,3,NO_MOTION,FAIL,NO_MOTION,NO_MOTION,FRESH,STALE,STALE,STALE,0,80.0,80.0,0.0,0.0,0.0,0.0,37.250686,126.674964,,
138.89999999999733,3,NO_MOTION,FAIL,NO_MOTION,NO_MOTION,FRESH,STALE,STALE,STALE,0,80.0,80.0,0.0,0.0,0.0,0.0,37.250686,126.674964,,
138.94999999999735,3,NO_MOTION,FAIL,NO_MOTION,NO_MOTION,FRESH,STALE,STALE,STALE,0,80.0,80.0,0.0,0.0,0.0,0.0,37.250686,126.674964,,
138.99999999999736,3,NO_MOTION,FAIL,NO_MOTION,NO_MOTION,FRESH,STALE,STALE,STALE,0,80.0,80.0,0.0,0.0,0.0,0.0,37.250686,126.674964,,
139.04999999999737,3,NO_MOTION,FAIL,NO_MOTION,NO_MOTION,FRESH,STALE,STALE,STALE,0,80.0,80.0,0.0,0.0,0.0,0.0,37.250686,126.674964,,
139.09999999999738,3,NO_MOTION,FAIL,NO_MOTION,NO_MOTION,FRESH,STALE,STALE,STALE,0,80.0,80.0,0.0,0.0,0.0,0.0,37.250686,126.674964,,
139.1499999999974,3,NO_MOTION,FAIL,NO_MOTION,NO_MOTION,FRESH,STALE,STALE,STALE,0,80.0,80.0,0.0,0.0,0.0,0.0,37.250686,126.674964,,
139.1999999999974,3,NO_MOTION,FAIL,NO_MOTION,NO_MOTION,FRESH,STALE,STALE,STALE,0,80.0,80.0,0.0,0.0,0.0,0.0,37.250686,126.674964,,
139.2499999999974,3,NO_MOTION,FAIL,NO_MOTION,NO_MOTION,FRESH,STALE,STALE,STALE,0,80.0,80.0,0.0,0.0,0.0,0.0,37.250686,126.674964,,
139.29999999999742,3,NO_MOTION,FAIL,NO_MOTION,NO_MOTION,FRESH,STALE,FRESH,FRESH,0,80.0,80.0,0.0,0.0,0.0,0.0,37.250686,126.674964,,
139.34999999999744,3,NO_MOTION,FAIL,NO_MOTION,NO_MOTION,FRESH,STALE,FRESH,FRESH,0,80.0,80.0,0.0,0.0,0.0,0.0,37.250686,126.674964,,
139.39999999999745,3,NO_MOTION,FAIL,NO_MOTION,NO_MOTION,FRESH,STALE,FRESH,FRESH,0,80.0,80.0,0.0,0.0,0.0,0.0,37.250686,126.674964,,
139.44999999999746,3,NO_MOTION,FAIL,NO_MOTION,NO_MOTION,FRESH,STALE,FRESH,FRESH,0,80.0,80.0,0.0,0.0,0.0,0.0,37.250686,126.674964,,
139.49999999999747,3,NO_MOTION,FAIL,NO_MOTION,NO_MOTION,FRESH,STALE,STALE,FRESH,0,80.0,80.0,0.0,0.0,0.0,0.0,37.250686,126.674964,,
139.54999999999748,3,NO_MOTION,FAIL,NO_MOTION,NO_MOTION,FRESH,STALE,STALE,FRESH,0,80.0,80.0,0.0,0.0,0.0,0.0,37.250686,126.674964,,
139.5999999999975,3,NO_MOTION,FAIL,NO_MOTION,NO_MOTION,FRESH,STALE,STALE,FRESH,0,80.0,80.0,0.0,0.0,0.0,0.0,37.250686,126.674964,,
139.6499999999975,3,NO_MOTION,FAIL,NO_MOTION,NO_MOTION,FRESH,STALE,STALE,FRESH,0,80.0,80.0,0.0,0.0,0.0,0.0,37.250686,126.674964,,
139.69999999999752,3,NO_MOTION,FAIL,NO_MOTION,NO_MOTION,FRESH,STALE,STALE,FRESH,0,80.0,80.0,0.0,0.0,0.0,0.0,37.250686,126.674964,,
139.74999999999753,3,NO_MOTION,FAIL,NO_MOTION,NO_MOTION,FRESH,STALE,STALE,FRESH,0,80.0,80.0,0.0,0.0,0.0,0.0,37.250686,126.674964,,
139.79999999999754,3,NO_MOTION,FAIL,NO_MOTION,NO_MOTION,FRESH,STALE,STALE,STALE,0,80.0,80.0,0.0,0.0,0.0,0.0,37.250686,126.674964,,
139.84999999999755,3,NO_MOTION,FAIL,NO_MOTION,NO_MOTION,FRESH,STALE,STALE,STALE,0,80.0,80.0,0.0,0.0,0.0,0.0,37.250686,126.674964,,
139.89999999999756,3,NO_MOTION,FAIL,NO_MOTION,NO_MOTION,FRESH,STALE,STALE,STALE,0,80.0,80.0,0.0,0.0,0.0,0.0,37.250686,126.674964,,
139.94999999999757,3,NO_MOTION,FAIL,NO_MOTION,NO_MOTION,FRESH,STALE,STALE,STALE,0,80.0,80.0,0.0,0.0,0.0,0.0,37.250686,126.674964,,
139.99999999999758,3,NO_MOTION,FAIL,NO_MOTION,NO_MOTION,FRESH,STALE,STALE,STALE,0,80.0,80.0,0.0,0.0,0.0,0.0,37.250686,126.674964,,
140.0499999999976,3,NO_MOTION,FAIL,NO_MOTION,NO_MOTION,FRESH,STALE,STALE,STALE,0,80.0,80.0,0.0,0.0,0.0,0.0,37.250686,126.674964,,
140.0999999999976,3,NO_MOTION,FAIL,NO_MOTION,NO_MOTION,FRESH,STALE,STALE,STALE,0,80.0,80.0,0.0,0.0,0.0,0.0,37.250686,126.674964,,
140.14999999999762,3,NO_MOTION,FAIL,NO_MOTION,NO_MOTION,FRESH,STALE,STALE,STALE,0,80.0,80.0,0.0,0.0,0.0,0.0,37.250686,126.674964,,
140.19999999999763,3,NO_MOTION,FAIL,NO_MOTION,NO_MOTION,FRESH,STALE,STALE,STALE,0,80.0,80.0,0.0,0.0,0.0,0.0,37.250686,126.674964,,
140.24999999999764,3,NO_MOTION,FAIL,NO_MOTION,NO_MOTION,FRESH,STALE,STALE,STALE,0,80.0,80.0,0.0,0.0,0.0,0.0,37.250686,126.674964,,
140.29999999999765,3,NO_POSITION,NOMINAL_CLOSED_LOOP,NO_POSITION,NO_POSITION,FRESH,FRESH,FRESH,FRESH,0,80.0,80.0,0.0,0.0,0.0,0.0,37.250686,126.674964,,
140.34999999999766,3,NO_POSITION,NOMINAL_CLOSED_LOOP,NO_POSITION,NO_POSITION,FRESH,FRESH,FRESH,FRESH,0,80.0,80.0,0.0,0.0,0.0,0.0,37.250686,126.674964,,
140.39999999999768,3,NO_POSITION,NOMINAL_CLOSED_LOOP,NO_POSITION,NO_POSITION,FRESH,FRESH,FRESH,FRESH,0,80.0,80.0,0.0,0.0,0.0,0.0,37.250686,126.674964,,
140.4499999999977,3,NO_POSITION,NOMINAL_CLOSED_LOOP,NO_POSITION,NO_POSITION,FRESH,FRESH,FRESH,FRESH,0,80.0,80.0,0.0,0.0,0.0,0.0,37.250686,126.674964,,
140.4999999999977,3,NO_POSITION,NOMINAL_FEEDFORWARD,NO_POSITION,NO_POSITION,FRESH,FRESH,STALE,FRESH,0,80.0,80.0,0.0,0.0,0.0,0.0,37.250686,126.674964,,
140.5499999999977,3,NO_POSITION,NOMINAL_FEEDFORWARD,NO_POSITION,NO_POSITION,FRESH,FRESH,STALE,FRESH,0,80.0,80.0,0.0,0.0,0.0,0.0,37.250686,126.674964,,
140.59999999999772,3,NO_POSITION,NOMINAL_FEEDFORWARD,NO_POSITION,NO_POSITION,FRESH,FRESH,STALE,FRESH,0,80.0,80.0,0.0,0.0,0.0,0.0,37.250686,126.674964,,
140.64999999999773,3,NO_POSITION,NOMINAL_FEEDFORWARD,NO_POSITION,NO_POSITION,FRESH,FRESH,STALE,FRESH,0,80.0,80.0,0.0,0.0,0.0,0.0,37.250686,126.674964,,
140.69999999999774,3,NO_POSITION,NOMINAL_FEEDFORWARD,NO_POSITION,NO_POSITION,FRESH,FRESH,STALE,FRESH,0,80.0,80.0,0.0,0.0,0.0,0.0,37.250686,126.674964,,
140.74999999999775,3,NO_POSITION,NOMINAL_FEEDFORWARD,NO_POSITION,NO_POSITION,FRESH,FRESH,STALE,FRESH,0,80.0,80.0,0.0,0.0,0.0,0.0,37.250686,126.674964,,
140.79999999999777,3,NO_POSITION,NOMINAL_FEEDFORWARD,NO_POSITION,NO_POSITION,FRESH,FRESH,STALE,STALE,0,80.0,80.0,0.0,0.0,0.0,0.0,37.250686,126.674964,,
140.84999999999778,3,NO_POSITION,NOMINAL_FEEDFORWARD,NO_POSITION,NO_POSITION,FRESH,FRESH,STALE,STALE,0,80.0,80.0,0.0,0.0,0.0,0.0,37.250686,126.674964,,
140.8999999999978,3,NO_POSITION,NOMINAL_FEEDFORWARD,NO_POSITION,NO_POSITION,FRESH,FRESH,STALE,STALE,0,80.0,80.0,0.0,0.0,0.0,0.0,37.250686,126.674964,,
140.9499999999978,3,NO_POSITION,NOMINAL_FEEDFORWARD,NO_POSITION,NO_POSITION,FRESH,FRESH,STALE,STALE,0,80.0,80.0,0.0,0.0,0.0,0.0,37.250686,126.674964,,
140.9999999999978,3,NO_POSITION,NOMINAL_FEEDFORWARD,NO_POSITION,NO_POSITION,FRESH,FRESH,STALE,STALE,0,80.0,80.0,0.0,0.0,0.0,0.0,37.250686,126.674964,,
141.04999999999782,3,NO_POSITION,NOMINAL_FEEDFORWARD,NO_POSITION,NO_POSITION,FRESH,FRESH,STALE,STALE,0,80.0,80.0,0.0,0.0,0.0,0.0,37.250686,126.674964,,
141.09999999999783,3,NO_POSITION,NOMINAL_FEEDFORWARD,NO_POSITION,NO_POSITION,FRESH,FRESH,STALE,STALE,0,80.0,80.0,0.0,0.0,0.0,0.0,37.250686,126.674964,,
141.14999999999785,3,NO_POSITION,NOMINAL_FEEDFORWARD,NO_POSITION,NO_POSITION,FRESH,FRESH,STALE,STALE,0,80.0,80.0,0.0,0.0,0.0,0.0,37.250686,126.674964,,
141.19999999999786,3,NO_POSITION,NOMINAL_FEEDFORWARD,NO_POSITION,NO_POSITION,FRESH,FRESH,STALE,STALE,0,80.0,80.0,0.0,0.0,0.0,0.0,37.250686,126.674964,,
141.24999999999787,3,NO_POSITION,NOMINAL_FEEDFORWARD,NO_POSITION,NO_POSITION,FRESH,FRESH,STALE,STALE,0,80.0,80.0,0.0,0.0,0.0,0.0,37.250686,126.674964,,
141.29999999999788,4,NO_MOTION,FAIL,NO_MOTION,NO_MOTION,FRESH,STALE,FRESH,FRESH,0,80.0,80.0,0.0,0.0,0.0,0.0,37.250686,126.674964,,
141.3499999999979,4,NO_MOTION,FAIL,NO_MOTION,NO_MOTION,FRESH,STALE,FRESH,FRESH,0,80.0,80.0,0.0,0.0,0.0,0.0,37.250686,126.674964,,
141.3999999999979,4,NO_MOTION,FAIL,NO_MOTION,NO_MOTION,FRESH,STALE,FRESH,FRESH,0,80.0,80.0,0.0,0.0,0.0,0.0,37.250686,126.674964,,
141.4499999999979,4,NO_MOTION,FAIL,NO_MOTION,NO_MOTION,FRESH,STALE,FRESH,FRESH,0,80.0,80.0,0.0,0.0,0.0,0.0,37.250686,126.674964,,
141.49999999999793,4,NO_MOTION,FAIL,NO_MOTION,NO_MOTION,FRESH,STALE,STALE,FRESH,0,80.0,80.0,0.0,0.0,0.0,0.0,37.250686,126.674964,,
141.54999999999794,4,NO_MOTION,FAIL,NO_MOTION,NO_MOTION,FRESH,STALE,STALE,FRESH,0,80.0,80.0,0.0,0.0,0.0,0.0,37.250686,126.674964,,
141.59999999999795,4,NO_MOTION,FAIL,NO_MOTION,NO_MOTION,FRESH,STALE,STALE,FRESH,0,80.0,80.0,0.0,0.0,0.0,0.0,37.250686,126.674964,,
141.64999999999796,4,NO_MOTION,FAIL,NO_MOTION,NO_MOTION,FRESH,STALE,STALE,FRESH,0,80.0,80.0,0.0,0.0,0.0,0.0,37.250686,126.674964,,
141.69999999999797,4,NO_MOTION,FAIL,NO_MOTION,NO_MOTION,FRESH,STALE,STALE,FRESH,0,80.0,80.0,0.0,0.0,0.0,0.0,37.250686,126.674964,,
141.74999999999798,4,NO_MOTION,FAIL,NO_MOTION,NO_MOTION,FRESH,STALE,STALE,FRESH,0,80.0,80.0,0.0,0.0,0.0,0.0,37.250686,126.674964,,
141.799999999998,4,NO_MOTION,FAIL,NO_MOTION,NO_MOTION,FRESH,STALE,STALE,STALE,0,80.0,80.0,0.0,0.0,0.0,0.0,37.250686,126.674964,,
141.849999999998,4,NO_MOTION,FAIL,NO_MOTION,NO_MOTION,FRESH,STALE,STALE,STALE,0,80.0,80.0,0.0,0.0,0.0,0.0,37.250686,126.674964,,
141.89999999999802,4,NO_MOTION,FAIL,NO_MOTION,NO_MOTION,FRESH,STALE,STALE,STALE,0,80.0,80.0,0.0,0.0,0.0,0.0,37.250686,126.674964,,
141.94999999999803,4,NO_MOTION,FAIL,NO_MOTION,NO_MOTION,FRESH,STALE,STALE,STALE,0,80.0,80.0,0.0,0.0,0.0,0.0,37.250686,126.674964,,
141.99999999999804,4,NO_MOTION,FAIL,NO_MOTION,NO_MOTION,FRESH,STALE,STALE,STALE,0,80.0,80.0,0.0,0.0,0.0,0.0,37.250686,126.674964,,
142.04999999999805,4,NO_MOTION,FAIL,NO_MOTION,NO_MOTION,FRESH,STALE,STALE,STALE,0,80.0,80.0,0.0,0.0,0.0,0.0,37.250686,126.674964,,
142.09999999999806,4,NO_MOTION,FAIL,NO_MOTION,NO_MOTION,FRESH,STALE,STALE,STALE,0,80.0,80.0,0.0,0.0,0.0,0.0,37.250686,126.674964,,
142.14999999999807,4,NO_MOTION,FAIL,NO_MOTION,NO_MOTION,FRESH,STALE,STALE,STALE,0,80.0,80.0,0.0,0.0,0.0,0.0,37.250686,126.674964,,
142.19999999999808,4,NO_MOTION,FAIL,NO_MOTION,NO_MOTION,FRESH,STALE,STALE,STALE,0,80.0,80.0,0.0,0.0,0.0,0.0,37.250686,126.674964,,
142.2499999999981,4,NO_MOTION,FAIL,NO_MOTION,NO_MOTION,FRESH,STALE,STALE,STALE,0,80.0,80.0,0.0,0.0,0.0,0.0,37.250686,126.674964,,
