t,state,diag,mode,reason,fail_reason,pos_q,motion_q,gyrz_q,alt_q,valid,left,right,delta,cmd_dps,xtrack,along,start_lat,start_lon,target_lat,target_lon
0.0,0,IDLE,,IDLE,,,,,,,,,,,,,,,,
0.05,0,IDLE,,IDLE,,,,,,,,,,,,,,,,
0.1,0,IDLE,,IDLE,,,,,,,,,,,,,,,,
0.15000000000000002,0,IDLE,,IDLE,,,,,,,,,,,,,,,,
0.2,0,IDLE,,IDLE,,,,,,,,,,,,,,,,
0.25,0,IDLE,,IDLE,,,,,,,,,,,,,,,,
0.3,0,IDLE,,IDLE,,,,,,,,,,,,,,,,
0.35,0,IDLE,,IDLE,,,,,,,,,,,,,,,,
0.39999999999999997,0,IDLE,,IDLE,,,,,,,,,,,,,,,,
0.44999999999999996,0,IDLE,,IDLE,,,,,,,,,,,,,,,,
0.49999999999999994,0,IDLE,,IDLE,,,,,,,,,,,,,,,,
0.5499999999999999,0,IDLE,,IDLE,,,,,,,,,,,,,,,,
0.6,0,IDLE,,IDLE,,,,,,,,,,,,,,,,
0.65,0,IDLE,,IDLE,,,,,,,,,,,,,,,,
0.7000000000000001,0,IDLE,,IDLE,,,,,,,,,,,,,,,,
0.7500000000000001,0,IDLE,,IDLE,,,,,,,,,,,,,,,,
0.8000000000000002,0,IDLE,,IDLE,,,,,,,,,,,,,,,,
0.8500000000000002,0,IDLE,,IDLE,,,,,,,,,,,,,,,,
0.9000000000000002,0,IDLE,,IDLE,,,,,,,,,,,,,,,,
0.9500000000000003,0,IDLE,,IDLE,,,,,,,,,,,,,,,,
1.0000000000000002,0,IDLE,,IDLE,,,,,,,,,,,,,,,,
1.0500000000000003,0,IDLE,,IDLE,,,,,,,,,,,,,,,,
1.1000000000000003,0,IDLE,,IDLE,,,,,,,,,,,,,,,,
1.1500000000000004,0,IDLE,,IDLE,,,,,,,,,,,,,,,,
1.2000000000000004,0,IDLE,,IDLE,,,,,,,,,,,,,,,,
1.2500000000000004,0,IDLE,,IDLE,,,,,,,,,,,,,,,,
1.3000000000000005,0,IDLE,,IDLE,,,,,,,,,,,,,,,,
1.3500000000000005,0,IDLE,,IDLE,,,,,,,,,,,,,,,,
1.4000000000000006,0,IDLE,,IDLE,,,,,,,,,,,,,,,,
1.4500000000000006,0,IDLE,,IDLE,,,,,,,,,,,,,,,,
1.5000000000000007,0,IDLE,,IDLE,,,,,,,,,,,,,,,,
1.5500000000000007,0,IDLE,,IDLE,,,,,,,,,,,,,,,,
1.6000000000000008,0,IDLE,,IDLE,,,,,,,,,,,,,,,,
1.6500000000000008,0,IDLE,,IDLE,,,,,,,,,,,,,,,,
1.7000000000000008,0,IDLE,,IDLE,,,,,,,,,,,,,,,,
1.7500000000000009,0,IDLE,,IDLE,,,,,,,,,,,,,,,,
1.800000000000001,0,IDLE,,IDLE,,,,,,,,,,,,,,,,
1.850000000000001,0,IDLE,,IDLE,,,,,,,,,,,,,,,,
1.900000000000001,0,IDLE,,IDLE,,,,,,,,,,,,,,,,
1.950000000000001,0,IDLE,,IDLE,,,,,,,,,,,,,,,,
2.000000000000001,0,IDLE,,IDLE,,,,,,,,,,,,,,,,
2.0500000000000007,0,IDLE,,IDLE,,,,,,,,,,,,,,,,
2.1000000000000005,0,IDLE,,IDLE,,,,,,,,,,,,,,,,
2.1500000000000004,0,IDLE,,IDLE,,,,,,,,,,,,,,,,
2.2,0,IDLE,,IDLE,,,,,,,,,,,,,,,,
2.25,0,IDLE,,IDLE,,,,,,,,,,,,,,,,
2.3,0,IDLE,,IDLE,,,,,,,,,,,,,,,,
2.3499999999999996,0,IDLE,,IDLE,,,,,,,,,,,,,,,,
2.3999999999999995,0,IDLE,,IDLE,,,,,,,,,,,,,,,,
2.4499999999999993,0,IDLE,,IDLE,,,,,,,,,,,,,,,,
2.499999999999999,0,IDLE,,IDLE,,,,,,,,,,,,,,,,
2.549999999999999,0,IDLE,,IDLE,,,,,,,,,,,,,,,,
2.5999999999999988,0,IDLE,,IDLE,,,,,,,,,,,,,,,,
2.6499999999999986,0,IDLE,,IDLE,,,,,,,,,,,,,,,,
2.6999999999999984,0,IDLE,,IDLE,,,,,,,,,,,,,,,,
2.7499999999999982,0,IDLE,,IDLE,,,,,,,,,,,,,,,,
2.799999999999998,0,IDLE,,IDLE,,,,,,,,,,,,,,,,
2.849999999999998,0,IDLE,,IDLE,,,,,,,,,,,,,,,,
2.8999999999999977,0,IDLE,,IDLE,,,,,,,,,,,,,,,,
2.9499999999999975,0,IDLE,,IDLE,,,,,,,,,,,,,,,,
2.9999999999999973,0,IDLE,,IDLE,,,,,,,,,,,,,,,,
3.049999999999997,0,IDLE,,IDLE,,,,,,,,,,,,,,,,
3.099999999999997,0,IDLE,,IDLE,,,,,,,,,,,,,,,,
3.149999999999997,0,IDLE,,IDLE,,,,,,,,,,,,,,,,
3.1999999999999966,0,IDLE,,IDLE,,,,,,,,,,,,,,,,
3.2499999999999964,0,IDLE,,IDLE,,,,,,,,,,,,,,,,
3.2999999999999963,0,IDLE,,IDLE,,,,,,,,,,,,,,,,
3.349999999999996,0,IDLE,,IDLE,,,,,,,,,,,,,,,,
3.399999999999996,0,IDLE,,IDLE,,,,,,,,,,,,,,,,
3.4499999999999957,0,IDLE,,IDLE,,,,,,,,,,,,,,,,
3.4999999999999956,0,IDLE,,IDLE,,,,,,,,,,,,,,,,
3.5499999999999954,0,IDLE,,IDLE,,,,,,,,,,,,,,,,
3.599999999999995,0,IDLE,,IDLE,,,,,,,,,,,,,,,,
3.649999999999995,0,IDLE,,IDLE,,,,,,,,,,,,,,,,
3.699999999999995,0,IDLE,,IDLE,,,,,,,,,,,,,,,,
3.7499999999999947,0,IDLE,,IDLE,,,,,,,,,,,,,,,,
3.7999999999999945,0,IDLE,,IDLE,,,,,,,,,,,,,,,,
3.8499999999999943,0,IDLE,,IDLE,,,,,,,,,,,,,,,,
3.899999999999994,0,IDLE,,IDLE,,,,,,,,,,,,,,,,
3.949999999999994,0,IDLE,,IDLE,,,,,,,,,,,,,,,,
3.999999999999994,0,IDLE,,IDLE,,,,,,,,,,,,,,,,
4.049999999999994,0,IDLE,,IDLE,,,,,,,,,,,,,,,,
4.099999999999993,0,IDLE,,IDLE,,,,,,,,,,,,,,,,
4.149999999999993,0,IDLE,,IDLE,,,,,,,,,,,,,,,,
4.199999999999993,0,IDLE,,IDLE,,,,,,,,,,,,,,,,
4.249999999999993,0,IDLE,,IDLE,,,,,,,,,,,,,,,,
4.299999999999993,0,IDLE,,IDLE,,,,,,,,,,,,,,,,
4.3499999999999925,0,IDLE,,IDLE,,,,,,,,,,,,,,,,
4.399999999999992,0,IDLE,,IDLE,,,,,,,,,,,,,,,,
4.449999999999992,0,IDLE,,IDLE,,,,,,,,,,,,,,,,
4.499999999999992,0,IDLE,,IDLE,,,,,,,,,,,,,,,,
4.549999999999992,0,IDLE,,IDLE,,,,,,,,,,,,,,,,
4.599999999999992,0,IDLE,,IDLE,,,,,,,,,,,,,,,,
4.6499999999999915,0,IDLE,,IDLE,,,,,,,,,,,,,,,,
4.699999999999991,0,IDLE,,IDLE,,,,,,,,,,,,,,,,
4.749999999999991,0,IDLE,,IDLE,,,,,,,,,,,,,,,,
4.799999999999991,0,IDLE,,IDLE,,,,,,,,,,,,,,,,
4.849999999999991,0,IDLE,,IDLE,,,,,,,,,,,,,,,,
4.899999999999991,0,IDLE,,IDLE,,,,,,,,,,,,,,,,
4.94999999999999,0,IDLE,,IDLE,,,,,,,,,,,,,,,,
4.99999999999999,0,IDLE,,IDLE,,,,,,,,,,,,,,,,
5.04999999999999,0,IDLE,,IDLE,,,,,,,,,,,,,,,,
5.09999999999999,0,IDLE,,IDLE,,,,,,,,,,,,,,,,
5.14999999999999,0,IDLE,,IDLE,,,,,,,,,,,,,,,,
5.1999999999999895,0,IDLE,,IDLE,,,,,,,,,,,,,,,,
5.249999999999989,0,IDLE,,IDLE,,,,,,,,,,,,,,,,
5.299999999999989,0,IDLE,,IDLE,,,,,,,,,,,,,,,,
5.349999999999989,0,IDLE,,IDLE,,,,,,,,,,,,,,,,
5.399999999999989,0,IDLE,,IDLE,,,,,,,,,,,,,,,,
5.449999999999989,0,IDLE,,IDLE,,,,,,,,,,,,,,,,
5.4999999999999885,0,IDLE,,IDLE,,,,,,,,,,,,,,,,
5.549999999999988,0,IDLE,,IDLE,,,,,,,,,,,,,,,,
5.599999999999988,0,IDLE,,IDLE,,,,,,,,,,,,,,,,
5.649999999999988,0,IDLE,,IDLE,,,,,,,,,,,,,,,,
5.699999999999988,0,IDLE,,IDLE,,,,,,,,,,,,,,,,
5.749999999999988,0,IDLE,,IDLE,,,,,,,,,,,,,,,,
5.799999999999987,0,IDLE,,IDLE,,,,,,,,,,,,,,,,
5.849999999999987,0,IDLE,,IDLE,,,,,,,,,,,,,,,,
5.899999999999987,0,IDLE,,IDLE,,,,,,,,,,,,,,,,
5.949999999999987,0,IDLE,,IDLE,,,,,,,,,,,,,,,,
5.999999999999987,0,IDLE,,IDLE,,,,,,,,,,,,,,,,
6.0499999999999865,0,IDLE,,IDLE,,,,,,,,,,,,,,,,
6.099999999999986,0,IDLE,,IDLE,,,,,,,,,,,,,,,,
6.149999999999986,0,IDLE,,IDLE,,,,,,,,,,,,,,,,
6.199999999999986,0,IDLE,,IDLE,,,,,,,,,,,,,,,,
6.249999999999986,0,IDLE,,IDLE,,,,,,,,,,,,,,,,
6.299999999999986,0,IDLE,,IDLE,,,,,,,,,,,,,,,,
6.349999999999985,0,IDLE,,IDLE,,,,,,,,,,,,,,,,
6.399999999999985,0,IDLE,,IDLE,,,,,,,,,,,,,,,,
6.449999999999985,0,IDLE,,IDLE,,,,,,,,,,,,,,,,
6.499999999999985,0,IDLE,,IDLE,,,,,,,,,,,,,,,,
6.549999999999985,0,IDLE,,IDLE,,,,,,,,,,,,,,,,
6.5999999999999845,0,IDLE,,IDLE,,,,,,,,,,,,,,,,
6.649999999999984,0,IDLE,,IDLE,,,,,,,,,,,,,,,,
6.699999999999984,0,IDLE,,IDLE,,,,,,,,,,,,,,,,
6.749999999999984,0,IDLE,,IDLE,,,,,,,,,,,,,,,,
6.799999999999984,0,IDLE,,IDLE,,,,,,,,,,,,,,,,
6.849999999999984,0,IDLE,,IDLE,,,,,,,,,,,,,,,,
6.8999999999999835,0,IDLE,,IDLE,,,,,,,,,,,,,,,,
6.949999999999983,0,IDLE,,IDLE,,,,,,,,,,,,,,,,
6.999999999999983,0,IDLE,,IDLE,,,,,,,,,,,,,,,,
7.049999999999983,1,IDLE,,IDLE,,,,,,,,,,,,,,,,
7.099999999999983,1,IDLE,,IDLE,,,,,,,,,,,,,,,,
7.149999999999983,1,IDLE,,IDLE,,,,,,,,,,,,,,,,
7.199999999999982,1,IDLE,,IDLE,,,,,,,,,,,,,,,,
7.249999999999982,1,IDLE,,IDLE,,,,,,,,,,,,,,,,
7.299999999999982,1,IDLE,,IDLE,,,,,,,,,,,,,,,,
7.349999999999982,1,IDLE,,IDLE,,,,,,,,,,,,,,,,
7.399999999999982,1,IDLE,,IDLE,,,,,,,,,,,,,,,,
7.4499999999999815,1,IDLE,,IDLE,,,,,,,,,,,,,,,,
7.499999999999981,1,IDLE,,IDLE,,,,,,,,,,,,,,,,
7.549999999999981,1,IDLE,,IDLE,,,,,,,,,,,,,,,,
7.599999999999981,1,IDLE,,IDLE,,,,,,,,,,,,,,,,
7.649999999999981,1,IDLE,,IDLE,,,,,,,,,,,,,,,,
7.699999999999981,1,IDLE,,IDLE,,,,,,,,,,,,,,,,
7.7499999999999805,1,IDLE,,IDLE,,,,,,,,,,,,,,,,
7.79999999999998,1,IDLE,,IDLE,,,,,,,,,,,,,,,,
7.84999999999998,1,IDLE,,IDLE,,,,,,,,,,,,,,,,
7.89999999999998,1,IDLE,,IDLE,,,,,,,,,,,,,,,,
7.94999999999998,1,IDLE,,IDLE,,,,,,,,,,,,,,,,
7.99999999999998,1,IDLE,,IDLE,,,,,,,,,,,,,,,,
8.04999999999998,1,IDLE,,IDLE,,,,,,,,,,,,,,,,
8.09999999999998,1,IDLE,,IDLE,,,,,,,,,,,,,,,,
8.14999999999998,1,IDLE,,IDLE,,,,,,,,,,,,,,,,
8.199999999999982,1,IDLE,,IDLE,,,,,,,,,,,,,,,,
8.249999999999982,1,IDLE,,IDLE,,,,,,,,,,,,,,,,
8.299999999999983,1,IDLE,,IDLE,,,,,,,,,,,,,,,,
8.349999999999984,1,IDLE,,IDLE,,,,,,,,,,,,,,,,
8.399999999999984,1,IDLE,,IDLE,,,,,,,,,,,,,,,,
8.449999999999985,1,IDLE,,IDLE,,,,,,,,,,,,,,,,
8.499999999999986,1,IDLE,,IDLE,,,,,,,,,,,,,,,,
8.549999999999986,1,IDLE,,IDLE,,,,,,,,,,,,,,,,
8.599999999999987,1,IDLE,,IDLE,,,,,,,,,,,,,,,,
8.649999999999988,1,IDLE,,IDLE,,,,,,,,,,,,,,,,
8.699999999999989,1,IDLE,,IDLE,,,,,,,,,,,,,,,,
8.74999999999999,1,IDLE,,IDLE,,,,,,,,,,,,,,,,
8.79999999999999,1,IDLE,,IDLE,,,,,,,,,,,,,,,,
8.84999999999999,1,IDLE,,IDLE,,,,,,,,,,,,,,,,
8.899999999999991,1,IDLE,,IDLE,,,,,,,,,,,,,,,,
8.949999999999992,1,IDLE,,IDLE,,,,,,,,,,,,,,,,
8.999999999999993,1,IDLE,,IDLE,,,,,,,,,,,,,,,,
9.049999999999994,1,IDLE,,IDLE,,,,,,,,,,,,,,,,
9.099999999999994,1,IDLE,,IDLE,,,,,,,,,,,,,,,,
9.149999999999995,1,IDLE,,IDLE,,,,,,,,,,,,,,,,
9.199999999999996,1,IDLE,,IDLE,,,,,,,,,,,,,,,,
9.249999999999996,1,IDLE,,IDLE,,,,,,,,,,,,,,,,
9.299999999999997,1,IDLE,,IDLE,,,,,,,,,,,,,,,,
9.349999999999998,1,IDLE,,IDLE,,,,,,,,,,,,,,,,
9.399999999999999,1,IDLE,,IDLE,,,,,,,,,,,,,,,,
9.45,1,IDLE,,IDLE,,,,,,,,,,,,,,,,
9.5,1,IDLE,,IDLE,,,,,,,,,,,,,,,,
9.55,1,IDLE,,IDLE,,,,,,,,,,,,,,,,
9.600000000000001,1,IDLE,,IDLE,,,,,,,,,,,,,,,,
9.650000000000002,1,IDLE,,IDLE,,,,,,,,,,,,,,,,
9.700000000000003,1,IDLE,,IDLE,,,,,,,,,,,,,,,,
9.750000000000004,1,IDLE,,IDLE,,,,,,,,,,,,,,,,
9.800000000000004,1,IDLE,,IDLE,,,,,,,,,,,,,,,,
9.850000000000005,1,IDLE,,IDLE,,,,,,,,,,,,,,,,
9.900000000000006,1,IDLE,,IDLE,,,,,,,,,,,,,,,,
9.950000000000006,1,IDLE,,IDLE,,,,,,,,,,,,,,,,
10.000000000000007,1,IDLE,,IDLE,,,,,,,,,,,,,,,,
10.050000000000008,1,IDLE,,IDLE,,,,,,,,,,,,,,,,
10.100000000000009,1,IDLE,,IDLE,,,,,,,,,,,,,,,,
10.15000000000001,1,IDLE,,IDLE,,,,,,,,,,,,,,,,
10.20000000000001,1,IDLE,,IDLE,,,,,,,,,,,,,,,,
10.25000000000001,1,IDLE,,IDLE,,,,,,,,,,,,,,,,
10.300000000000011,1,IDLE,,IDLE,,,,,,,,,,,,,,,,
10.350000000000012,1,IDLE,,IDLE,,,,,,,,,,,,,,,,
10.400000000000013,1,IDLE,,IDLE,,,,,,,,,,,,,,,,
10.450000000000014,1,IDLE,,IDLE,,,,,,,,,,,,,,,,
10.500000000000014,1,IDLE,,IDLE,,,,,,,,,,,,,,,,
10.550000000000015,1,IDLE,,IDLE,,,,,,,,,,,,,,,,
10.600000000000016,1,IDLE,,IDLE,,,,,,,,,,,,,,,,
10.650000000000016,1,IDLE,,IDLE,,,,,,,,,,,,,,,,
10.700000000000017,1,IDLE,,IDLE,,,,,,,,,,,,,,,,
10.750000000000018,1,IDLE,,IDLE,,,,,,,,,,,,,,,,
10.800000000000018,1,IDLE,,IDLE,,,,,,,,,,,,,,,,
10.85000000000002,1,IDLE,,IDLE,,,,,,,,,,,,,,,,
10.90000000000002,1,IDLE,,IDLE,,,,,,,,,,,,,,,,
10.95000000000002,1,IDLE,,IDLE,,,,,,,,,,,,,,,,
11.000000000000021,1,IDLE,,IDLE,,,,,,,,,,,,,,,,
11.050000000000022,1,IDLE,,IDLE,,,,,,,,,,,,,,,,
11.100000000000023,1,IDLE,,IDLE,,,,,,,,,,,,,,,,
11.150000000000023,1,IDLE,,IDLE,,,,,,,,,,,,,,,,
11.200000000000024,1,IDLE,,IDLE,,,,,,,,,,,,,,,,
11.250000000000025,1,IDLE,,IDLE,,,,,,,,,,,,,,,,
11.300000000000026,1,IDLE,,IDLE,,,,,,,,,,,,,,,,
11.350000000000026,1,IDLE,,IDLE,,,,,,,,,,,,,,,,
11.400000000000027,1,IDLE,,IDLE,,,,,,,,,,,,,,,,
11.450000000000028,1,IDLE,,IDLE,,,,,,,,,,,,,,,,
11.500000000000028,1,IDLE,,IDLE,,,,,,,,,,,,,,,,
11.55000000000003,1,IDLE,,IDLE,,,,,,,,,,,,,,,,
11.60000000000003,1,IDLE,,IDLE,,,,,,,,,,,,,,,,
11.65000000000003,1,IDLE,,IDLE,,,,,,,,,,,,,,,,
11.700000000000031,1,IDLE,,IDLE,,,,,,,,,,,,,,,,
11.750000000000032,1,IDLE,,IDLE,,,,,,,,,,,,,,,,
11.800000000000033,1,IDLE,,IDLE,,,,,,,,,,,,,,,,
11.850000000000033,1,IDLE,,IDLE,,,,,,,,,,,,,,,,
11.900000000000034,1,IDLE,,IDLE,,,,,,,,,,,,,,,,
11.950000000000035,1,IDLE,,IDLE,,,,,,,,,,,,,,,,
12.000000000000036,1,IDLE,,IDLE,,,,,,,,,,,,,,,,
12.050000000000036,1,IDLE,,IDLE,,,,,,,,,,,,,,,,
12.100000000000037,1,IDLE,,IDLE,,,,,,,,,,,,,,,,
12.150000000000038,1,IDLE,,IDLE,,,,,,,,,,,,,,,,
12.200000000000038,1,IDLE,,IDLE,,,,,,,,,,,,,,,,
12.250000000000039,1,IDLE,,IDLE,,,,,,,,,,,,,,,,
12.30000000000004,1,IDLE,,IDLE,,,,,,,,,,,,,,,,
12.35000000000004,1,IDLE,,IDLE,,,,,,,,,,,,,,,,
12.400000000000041,1,IDLE,,IDLE,,,,,,,,,,,,,,,,
12.450000000000042,1,IDLE,,IDLE,,,,,,,,,,,,,,,,
12.500000000000043,1,IDLE,,IDLE,,,,,,,,,,,,,,,,
12.550000000000043,1,IDLE,,IDLE,,,,,,,,,,,,,,,,
12.600000000000044,1,IDLE,,IDLE,,,,,,,,,,,,,,,,
12.650000000000045,1,IDLE,,IDLE,,,,,,,,,,,,,,,,
12.700000000000045,1,IDLE,,IDLE,,,,,,,,,,,,,,,,
12.750000000000046,1,IDLE,,IDLE,,,,,,,,,,,,,,,,
12.800000000000047,1,IDLE,,IDLE,,,,,,,,,,,,,,,,
12.850000000000048,1,IDLE,,IDLE,,,,,,,,,,,,,,,,
12.900000000000048,1,IDLE,,IDLE,,,,,,,,,,,,,,,,
12.950000000000049,1,IDLE,,IDLE,,,,,,,,,,,,,,,,
13.00000000000005,1,IDLE,,IDLE,,,,,,,,,,,,,,,,
13.05000000000005,1,IDLE,,IDLE,,,,,,,,,,,,,,,,
13.100000000000051,1,IDLE,,IDLE,,,,,,,,,,,,,,,,
13.150000000000052,1,IDLE,,IDLE,,,,,,,,,,,,,,,,
13.200000000000053,1,IDLE,,IDLE,,,,,,,,,,,,,,,,
13.250000000000053,1,IDLE,,IDLE,,,,,,,,,,,,,,,,
13.300000000000054,1,IDLE,,IDLE,,,,,,,,,,,,,,,,
13.350000000000055,1,IDLE,,IDLE,,,,,,,,,,,,,,,,
13.400000000000055,1,IDLE,,IDLE,,,,,,,,,,,,,,,,
13.450000000000056,1,IDLE,,IDLE,,,,,,,,,,,,,,,,
13.500000000000057,1,IDLE,,IDLE,,,,,,,,,,,,,,,,
13.550000000000058,1,IDLE,,IDLE,,,,,,,,,,,,,,,,
13.600000000000058,1,IDLE,,IDLE,,,,,,,,,,,,,,,,
13.650000000000059,1,IDLE,,IDLE,,,,,,,,,,,,,,,,
13.70000000000006,1,IDLE,,IDLE,,,,,,,,,,,,,,,,
13.75000000000006,1,IDLE,,IDLE,,,,,,,,,,,,,,,,
13.800000000000061,1,IDLE,,IDLE,,,,,,,,,,,,,,,,
13.850000000000062,1,IDLE,,IDLE,,,,,,,,,,,,,,,,
13.900000000000063,1,IDLE,,IDLE,,,,,,,,,,,,,,,,
13.950000000000063,1,IDLE,,IDLE,,,,,,,,,,,,,,,,
14.000000000000064,1,IDLE,,IDLE,,,,,,,,,,,,,,,,
14.050000000000065,1,IDLE,,IDLE,,,,,,,,,,,,,,,,
14.100000000000065,1,IDLE,,IDLE,,,,,,,,,,,,,,,,
14.150000000000066,1,IDLE,,IDLE,,,,,,,,,,,,,,,,
14.200000000000067,1,IDLE,,IDLE,,,,,,,,,,,,,,,,
14.250000000000068,1,IDLE,,IDLE,,,,,,,,,,,,,,,,
14.300000000000068,1,IDLE,,IDLE,,,,,,,,,,,,,,,,
14.350000000000069,1,IDLE,,IDLE,,,,,,,,,,,,,,,,
14.40000000000007,1,IDLE,,IDLE,,,,,,,,,,,,,,,,
14.45000000000007,1,IDLE,,IDLE,,,,,,,,,,,,,,,,
14.500000000000071,1,IDLE,,IDLE,,,,,,,,,,,,,,,,
14.550000000000072,1,IDLE,,IDLE,,,,,,,,,,,,,,,,
14.600000000000072,1,IDLE,,IDLE,,,,,,,,,,,,,,,,
14.650000000000073,1,IDLE,,IDLE,,,,,,,,,,,,,,,,
14.700000000000074,1,IDLE,,IDLE,,,,,,,,,,,,,,,,
14.750000000000075,1,IDLE,,IDLE,,,,,,,,,,,,,,,,
14.800000000000075,1,IDLE,,IDLE,,,,,,,,,,,,,,,,
14.850000000000076,1,IDLE,,IDLE,,,,,,,,,,,,,,,,
14.900000000000077,1,IDLE,,IDLE,,,,,,,,,,,,,,,,
14.950000000000077,1,IDLE,,IDLE,,,,,,,,,,,,,,,,
15.000000000000078,1,IDLE,,IDLE,,,,,,,,,,,,,,,,
15.050000000000079,1,IDLE,,IDLE,,,,,,,,,,,,,,,,
15.10000000000008,1,IDLE,,IDLE,,,,,,,,,,,,,,,,
15.15000000000008,1,IDLE,,IDLE,,,,,,,,,,,,,,,,
15.200000000000081,1,IDLE,,IDLE,,,,,,,,,,,,,,,,
15.250000000000082,1,IDLE,,IDLE,,,,,,,,,,,,,,,,
15.300000000000082,1,IDLE,,IDLE,,,,,,,,,,,,,,,,
15.350000000000083,1,IDLE,,IDLE,,,,,,,,,,,,,,,,
15.400000000000084,1,IDLE,,IDLE,,,,,,,,,,,,,,,,
15.450000000000085,1,IDLE,,IDLE,,,,,,,,,,,,,,,,
15.500000000000085,1,IDLE,,IDLE,,,,,,,,,,,,,,,,
15.550000000000086,1,IDLE,,IDLE,,,,,,,,,,,,,,,,
15.600000000000087,1,IDLE,,IDLE,,,,,,,,,,,,,,,,
15.650000000000087,1,IDLE,,IDLE,,,,,,,,,,,,,,,,
15.700000000000088,1,IDLE,,IDLE,,,,,,,,,,,,,,,,
15.750000000000089,1,IDLE,,IDLE,,,,,,,,,,,,,,,,
15.80000000000009,1,IDLE,,IDLE,,,,,,,,,,,,,,,,
15.85000000000009,1,IDLE,,IDLE,,,,,,,,,,,,,,,,
15.900000000000091,1,IDLE,,IDLE,,,,,,,,,,,,,,,,
15.950000000000092,1,IDLE,,IDLE,,,,,,,,,,,,,,,,
16.000000000000092,1,IDLE,,IDLE,,,,,,,,,,,,,,,,
16.050000000000093,2,IDLE,,IDLE,,,,,,,,,,,,,,,,
16.100000000000094,2,IDLE,,IDLE,,,,,,,,,,,,,,,,
16.150000000000095,2,IDLE,,IDLE,,,,,,,,,,,,,,,,
16.200000000000095,2,IDLE,,IDLE,,,,,,,,,,,,,,,,
16.250000000000096,2,IDLE,,IDLE,,,,,,,,,,,,,,,,
16.300000000000097,2,IDLE,,IDLE,,,,,,,,,,,,,,,,
16.350000000000097,2,IDLE,,IDLE,,,,,,,,,,,,,,,,
16.400000000000098,2,IDLE,,IDLE,,,,,,,,,,,,,,,,
16.4500000000001,2,IDLE,,IDLE,,,,,,,,,,,,,,,,
16.5000000000001,2,IDLE,,IDLE,,,,,,,,,,,,,,,,
16.5500000000001,2,IDLE,,IDLE,,,,,,,,,,,,,,,,
16.6000000000001,2,IDLE,,IDLE,,,,,,,,,,,,,,,,
16.6500000000001,2,IDLE,,IDLE,,,,,,,,,,,,,,,,
16.700000000000102,2,IDLE,,IDLE,,,,,,,,,,,,,,,,
16.750000000000103,2,IDLE,,IDLE,,,,,,,,,,,,,,,,
16.800000000000104,2,IDLE,,IDLE,,,,,,,,,,,,,,,,
16.850000000000104,2,IDLE,,IDLE,,,,,,,,,,,,,,,,
16.900000000000105,2,IDLE,,IDLE,,,,,,,,,,,,,,,,
16.950000000000106,2,IDLE,,IDLE,,,,,,,,,,,,,,,,
17.000000000000107,2,IDLE,,IDLE,,,,,,,,,,,,,,,,
17.050000000000107,2,IDLE,,IDLE,,,,,,,,,,,,,,,,
17.100000000000108,2,IDLE,,IDLE,,,,,,,,,,,,,,,,
17.15000000000011,2,IDLE,,IDLE,,,,,,,,,,,,,,,,
17.20000000000011,2,IDLE,,IDLE,,,,,,,,,,,,,,,,
17.25000000000011,2,IDLE,,IDLE,,,,,,,,,,,,,,,,
17.30000000000011,2,IDLE,,IDLE,,,,,,,,,,,,,,,,
17.35000000000011,2,IDLE,,IDLE,,,,,,,,,,,,,,,,
17.400000000000112,2,IDLE,,IDLE,,,,,,,,,,,,,,,,
17.450000000000113,2,IDLE,,IDLE,,,,,,,,,,,,,,,,
17.500000000000114,2,IDLE,,IDLE,,,,,,,,,,,,,,,,
17.550000000000114,2,IDLE,,IDLE,,,,,,,,,,,,,,,,
17.600000000000115,2,IDLE,,IDLE,,,,,,,,,,,,,,,,
17.650000000000116,2,IDLE,,IDLE,,,,,,,,,,,,,,,,
17.700000000000117,2,IDLE,,IDLE,,,,,,,,,,,,,,,,
17.750000000000117,2,IDLE,,IDLE,,,,,,,,,,,,,,,,
17.800000000000118,2,IDLE,,IDLE,,,,,,,,,,,,,,,,
17.85000000000012,2,IDLE,,IDLE,,,,,,,,,,,,,,,,
17.90000000000012,2,IDLE,,IDLE,,,,,,,,,,,,,,,,
17.95000000000012,2,IDLE,,IDLE,,,,,,,,,,,,,,,,
18.00000000000012,2,IDLE,,IDLE,,,,,,,,,,,,,,,,
18.05000000000012,2,IDLE,,IDLE,,,,,,,,,,,,,,,,
18.100000000000122,2,IDLE,,IDLE,,,,,,,,,,,,,,,,
18.150000000000123,2,IDLE,,IDLE,,,,,,,,,,,,,,,,
18.200000000000124,2,IDLE,,IDLE,,,,,,,,,,,,,,,,
18.250000000000124,2,IDLE,,IDLE,,,,,,,,,,,,,,,,
18.300000000000125,2,IDLE,,IDLE,,,,,,,,,,,,,,,,
18.350000000000126,2,IDLE,,IDLE,,,,,,,,,,,,,,,,
18.400000000000126,2,IDLE,,IDLE,,,,,,,,,,,,,,,,
18.450000000000127,2,IDLE,,IDLE,,,,,,,,,,,,,,,,
18.500000000000128,2,IDLE,,IDLE,,,,,,,,,,,,,,,,
18.55000000000013,2,IDLE,,IDLE,,,,,,,,,,,,,,,,
18.60000000000013,2,IDLE,,IDLE,,,,,,,,,,,,,,,,
18.65000000000013,2,IDLE,,IDLE,,,,,,,,,,,,,,,,
18.70000000000013,2,IDLE,,IDLE,,,,,,,,,,,,,,,,
18.75000000000013,2,IDLE,,IDLE,,,,,,,,,,,,,,,,
18.800000000000132,2,IDLE,,IDLE,,,,,,,,,,,,,,,,
18.850000000000133,2,IDLE,,IDLE,,,,,,,,,,,,,,,,
18.900000000000134,2,IDLE,,IDLE,,,,,,,,,,,,,,,,
18.950000000000134,2,IDLE,,IDLE,,,,,,,,,,,,,,,,
19.000000000000135,2,IDLE,,IDLE,,,,,,,,,,,,,,,,
19.050000000000136,2,IDLE,,IDLE,,,,,,,,,,,,,,,,
19.100000000000136,2,IDLE,,IDLE,,,,,,,,,,,,,,,,
19.150000000000137,2,IDLE,,IDLE,,,,,,,,,,,,,,,,
19.200000000000138,2,IDLE,,IDLE,,,,,,,,,,,,,,,,
19.25000000000014,2,IDLE,,IDLE,,,,,,,,,,,,,,,,
19.30000000000014,2,IDLE,,IDLE,,,,,,,,,,,,,,,,
19.35000000000014,2,IDLE,,IDLE,,,,,,,,,,,,,,,,
19.40000000000014,2,IDLE,,IDLE,,,,,,,,,,,,,,,,
19.45000000000014,2,IDLE,,IDLE,,,,,,,,,,,,,,,,
19.500000000000142,2,IDLE,,IDLE,,,,,,,,,,,,,,,,
19.550000000000143,2,IDLE,,IDLE,,,,,,,,,,,,,,,,
19.600000000000144,2,IDLE,,IDLE,,,,,,,,,,,,,,,,
19.650000000000144,2,IDLE,,IDLE,,,,,,,,,,,,,,,,
19.700000000000145,2,IDLE,,IDLE,,,,,,,,,,,,,,,,
19.750000000000146,2,IDLE,,IDLE,,,,,,,,,,,,,,,,
19.800000000000146,2,IDLE,,IDLE,,,,,,,,,,,,,,,,
19.850000000000147,2,IDLE,,IDLE,,,,,,,,,,,,,,,,
19.900000000000148,2,IDLE,,IDLE,,,,,,,,,,,,,,,,
19.95000000000015,2,IDLE,,IDLE,,,,,,,,,,,,,,,,
20.00000000000015,2,IDLE,,IDLE,,,,,,,,,,,,,,,,
20.05000000000015,2,IDLE,,IDLE,,,,,,,,,,,,,,,,
20.10000000000015,2,IDLE,,IDLE,,,,,,,,,,,,,,,,
20.15000000000015,2,IDLE,,IDLE,,,,,,,,,,,,,,,,
20.200000000000152,2,IDLE,,IDLE,,,,,,,,,,,,,,,,
20.250000000000153,2,IDLE,,IDLE,,,,,,,,,,,,,,,,
20.300000000000153,2,IDLE,,IDLE,,,,,,,,,,,,,,,,
20.350000000000154,2,IDLE,,IDLE,,,,,,,,,,,,,,,,
20.400000000000155,2,IDLE,,IDLE,,,,,,,,,,,,,,,,
20.450000000000156,2,IDLE,,IDLE,,,,,,,,,,,,,,,,
20.500000000000156,2,IDLE,,IDLE,,,,,,,,,,,,,,,,
20.550000000000157,2,IDLE,,IDLE,,,,,,,,,,,,,,,,
20.600000000000158,2,IDLE,,IDLE,,,,,,,,,,,,,,,,
20.65000000000016,2,IDLE,,IDLE,,,,,,,,,,,,,,,,
20.70000000000016,2,IDLE,,IDLE,,,,,,,,,,,,,,,,
20.75000000000016,2,IDLE,,IDLE,,,,,,,,,,,,,,,,
20.80000000000016,2,IDLE,,IDLE,,,,,,,,,,,,,,,,
20.85000000000016,2,IDLE,,IDLE,,,,,,,,,,,,,,,,
20.900000000000162,2,IDLE,,IDLE,,,,,,,,,,,,,,,,
20.950000000000163,2,IDLE,,IDLE,,,,,,,,,,,,,,,,
21.000000000000163,2,IDLE,,IDLE,,,,,,,,,,,,,,,,
21.050000000000164,2,IDLE,,IDLE,,,,,,,,,,,,,,,,
21.100000000000165,2,IDLE,,IDLE,,,,,,,,,,,,,,,,
21.150000000000166,2,IDLE,,IDLE,,,,,,,,,,,,,,,,
21.200000000000166,2,IDLE,,IDLE,,,,,,,,,,,,,,,,
21.250000000000167,2,IDLE,,IDLE,,,,,,,,,,,,,,,,
21.300000000000168,2,IDLE,,IDLE,,,,,,,,,,,,,,,,
21.35000000000017,2,IDLE,,IDLE,,,,,,,,,,,,,,,,
21.40000000000017,2,IDLE,,IDLE,,,,,,,,,,,,,,,,
21.45000000000017,2,IDLE,,IDLE,,,,,,,,,,,,,,,,
21.50000000000017,2,IDLE,,IDLE,,,,,,,,,,,,,,,,
21.55000000000017,2,IDLE,,IDLE,,,,,,,,,,,,,,,,
21.600000000000172,2,IDLE,,IDLE,,,,,,,,,,,,,,,,
21.650000000000173,2,IDLE,,IDLE,,,,,,,,,,,,,,,,
21.700000000000173,2,IDLE,,IDLE,,,,,,,,,,,,,,,,
21.750000000000174,2,IDLE,,IDLE,,,,,,,,,,,,,,,,
21.800000000000175,2,IDLE,,IDLE,,,,,,,,,,,,,,,,
21.850000000000176,2,IDLE,,IDLE,,,,,,,,,,,,,,,,
21.900000000000176,2,IDLE,,IDLE,,,,,,,,,,,,,,,,
21.950000000000177,2,IDLE,,IDLE,,,,,,,,,,,,,,,,
22.000000000000178,2,IDLE,,IDLE,,,,,,,,,,,,,,,,
22.05000000000018,2,IDLE,,IDLE,,,,,,,,,,,,,,,,
22.10000000000018,2,IDLE,,IDLE,,,,,,,,,,,,,,,,
22.15000000000018,2,IDLE,,IDLE,,,,,,,,,,,,,,,,
22.20000000000018,2,IDLE,,IDLE,,,,,,,,,,,,,,,,
22.25000000000018,2,IDLE,,IDLE,,,,,,,,,,,,,,,,
22.300000000000182,2,IDLE,,IDLE,,,,,,,,,,,,,,,,
22.350000000000183,2,IDLE,,IDLE,,,,,,,,,,,,,,,,
22.400000000000183,2,IDLE,,IDLE,,,,,,,,,,,,,,,,
22.450000000000184,2,IDLE,,IDLE,,,,,,,,,,,,,,,,
22.500000000000185,2,IDLE,,IDLE,,,,,,,,,,,,,,,,
22.550000000000185,2,IDLE,,IDLE,,,,,,,,,,,,,,,,
22.600000000000186,2,IDLE,,IDLE,,,,,,,,,,,,,,,,
22.650000000000187,2,IDLE,,IDLE,,,,,,,,,,,,,,,,
22.700000000000188,2,IDLE,,IDLE,,,,,,,,,,,,,,,,
22.75000000000019,2,IDLE,,IDLE,,,,,,,,,,,,,,,,
22.80000000000019,2,IDLE,,IDLE,,,,,,,,,,,,,,,,
22.85000000000019,2,IDLE,,IDLE,,,,,,,,,,,,,,,,
22.90000000000019,2,IDLE,,IDLE,,,,,,,,,,,,,,,,
22.95000000000019,2,IDLE,,IDLE,,,,,,,,,,,,,,,,
23.000000000000192,2,IDLE,,IDLE,,,,,,,,,,,,,,,,
23.050000000000193,2,IDLE,,IDLE,,,,,,,,,,,,,,,,
23.100000000000193,2,IDLE,,IDLE,,,,,,,,,,,,,,,,
23.150000000000194,2,IDLE,,IDLE,,,,,,,,,,,,,,,,
23.200000000000195,2,IDLE,,IDLE,,,,,,,,,,,,,,,,
23.250000000000195,2,IDLE,,IDLE,,,,,,,,,,,,,,,,
23.300000000000196,2,IDLE,,IDLE,,,,,,,,,,,,,,,,
23.350000000000197,2,IDLE,,IDLE,,,,,,,,,,,,,,,,
23.400000000000198,2,IDLE,,IDLE,,,,,,,,,,,,,,,,
23.4500000000002,2,IDLE,,IDLE,,,,,,,,,,,,,,,,
23.5000000000002,2,IDLE,,IDLE,,,,,,,,,,,,,,,,
23.5500000000002,2,IDLE,,IDLE,,,,,,,,,,,,,,,,
23.6000000000002,2,IDLE,,IDLE,,,,,,,,,,,,,,,,
23.6500000000002,2,IDLE,,IDLE,,,,,,,,,,,,,,,,
23.700000000000202,2,IDLE,,IDLE,,,,,,,,,,,,,,,,
23.750000000000203,2,IDLE,,IDLE,,,,,,,,,,,,,,,,
23.800000000000203,2,IDLE,,IDLE,,,,,,,,,,,,,,,,
23.850000000000204,2,IDLE,,IDLE,,,,,,,,,,,,,,,,
23.900000000000205,2,IDLE,,IDLE,,,,,,,,,,,,,,,,
23.950000000000205,2,IDLE,,IDLE,,,,,,,,,,,,,,,,
24.000000000000206,2,IDLE,,IDLE,,,,,,,,,,,,,,,,
24.050000000000207,2,IDLE,,IDLE,,,,,,,,,,,,,,,,
24.100000000000207,2,IDLE,,IDLE,,,,,,,,,,,,,,,,
24.150000000000208,2,IDLE,,IDLE,,,,,,,,,,,,,,,,
24.20000000000021,2,IDLE,,IDLE,,,,,,,,,,,,,,,,
24.25000000000021,2,IDLE,,IDLE,,,,,,,,,,,,,,,,
24.30000000000021,2,IDLE,,IDLE,,,,,,,,,,,,,,,,
24.35000000000021,2,IDLE,,IDLE,,,,,,,,,,,,,,,,
24.40000000000021,2,IDLE,,IDLE,,,,,,,,,,,,,,,,
24.450000000000212,2,IDLE,,IDLE,,,,,,,,,,,,,,,,
24.500000000000213,2,IDLE,,IDLE,,,,,,,,,,,,,,,,
24.550000000000214,2,IDLE,,IDLE,,,,,,,,,,,,,,,,
24.600000000000215,2,IDLE,,IDLE,,,,,,,,,,,,,,,,
24.650000000000215,2,IDLE,,IDLE,,,,,,,,,,,,,,,,
24.700000000000216,2,IDLE,,IDLE,,,,,,,,,,,,,,,,
24.750000000000217,2,IDLE,,IDLE,,,,,,,,,,,,,,,,
24.800000000000217,2,IDLE,,IDLE,,,,,,,,,,,,,,,,
24.850000000000218,2,IDLE,,IDLE,,,,,,,,,,,,,,,,
24.90000000000022,2,IDLE,,IDLE,,,,,,,,,,,,,,,,
24.95000000000022,2,IDLE,,IDLE,,,,,,,,,,,,,,,,
25.00000000000022,2,IDLE,,IDLE,,,,,,,,,,,,,,,,
25.05000000000022,2,IDLE,,IDLE,,,,,,,,,,,,,,,,
25.10000000000022,3,ACTIVE,NOMINAL_CLOSED_LOOP,NOMINAL_CLOSED_LOOP,NONE,FRESH,FRESH,FRESH,FRESH,1,70.0,90.0,67.72785169326211,18.402001243801568,0.0,0.0,37.250686,126.674964,37.254138,126.680626
25.150000000000222,3,ACTIVE,NOMINAL_CLOSED_LOOP,NOMINAL_CLOSED_LOOP,NONE,FRESH,FRESH,FRESH,FRESH,1,64.99999999999993,95.00000000000007,67.7488836945059,18.402001243801568,0.0,0.0,37.250686,126.674964,37.254138,126.680626
25.200000000000223,3,ACTIVE,NOMINAL_CLOSED_LOOP,NOMINAL_CLOSED_LOOP,NONE,FRESH,FRESH,FRESH,FRESH,1,59.99999999999986,100.00000000000014,67.76991569574972,18.402001243801568,0.0,0.0,37.250686,126.674964,37.254138,126.680626
25.250000000000224,3,ACTIVE,NOMINAL_CLOSED_LOOP,NOMINAL_CLOSED_LOOP,NONE,FRESH,FRESH,FRESH,FRESH,1,54.99999999999979,105.00000000000021,67.79094769699351,18.402001243801568,0.0,0.0,37.250686,126.674964,37.254138,126.680626
25.300000000000225,3,ACTIVE,NOMINAL_FEEDFORWARD,NOMINAL_FEEDFORWARD,NONE,FRESH,FRESH,STALE,FRESH,1,52.579711933547316,107.42028806645268,54.840576132905376,16.101751088326374,0.0,0.0,37.250686,126.674964,37.254138,126.680626
25.350000000000225,3,ACTIVE,NOMINAL_FEEDFORWARD,NOMINAL_FEEDFORWARD,NONE,FRESH,FRESH,STALE,FRESH,1,52.579711933547316,107.42028806645268,54.840576132905376,16.101751088326374,0.0,0.0,37.250686,126.674964,37.254138,126.680626
25.400000000000226,3,ACTIVE,NOMINAL_FEEDFORWARD,NOMINAL_FEEDFORWARD,NONE,FRESH,FRESH,STALE,FRESH,1,52.579711933547316,107.42028806645268,54.840576132905376,16.101751088326374,0.0,0.0,37.250686,126.674964,37.254138,126.680626
25.450000000000227,3,ACTIVE,NOMINAL_FEEDFORWARD,NOMINAL_FEEDFORWARD,NONE,FRESH,FRESH,STALE,FRESH,1,52.579711933547316,107.42028806645268,54.840576132905376,16.101751088326374,0.0,0.0,37.250686,126.674964,37.254138,126.680626
25.500000000000227,3,ACTIVE,NOMINAL_FEEDFORWARD,NOMINAL_FEEDFORWARD,NONE,FRESH,FRESH,STALE,FRESH,1,52.579711933547316,107.42028806645268,54.840576132905376,16.101751088326374,0.0,0.0,37.250686,126.674964,37.254138,126.680626
25.550000000000228,3,ACTIVE,NOMINAL_FEEDFORWARD,NOMINAL_FEEDFORWARD,NONE,FRESH,FRESH,STALE,FRESH,1,52.579711933547316,107.42028806645268,54.840576132905376,16.101751088326374,0.0,0.0,37.250686,126.674964,37.254138,126.680626
25.60000000000023,3,ACTIVE,NOMINAL_FEEDFORWARD,NOMINAL_FEEDFORWARD,NONE,FRESH,FRESH,STALE,STALE,1,52.579711933547316,107.42028806645268,54.840576132905376,16.101751088326374,0.0,0.0,37.250686,126.674964,37.254138,126.680626
25.65000000000023,3,ACTIVE,NOMINAL_FEEDFORWARD,NOMINAL_FEEDFORWARD,NONE,FRESH,FRESH,STALE,STALE,1,52.579711933547316,107.42028806645268,54.840576132905376,16.101751088326374,0.0,0.0,37.250686,126.674964,37.254138,126.680626
25.70000000000023,3,ACTIVE,NOMINAL_FEEDFORWARD,NOMINAL_FEEDFORWARD,NONE,FRESH,FRESH,STALE,STALE,1,52.579711933547316,107.42028806645268,54.840576132905376,16.101751088326374,0.0,0.0,37.250686,126.674964,37.254138,126.680626
25.75000000000023,3,ACTIVE,NOMINAL_FEEDFORWARD,NOMINAL_FEEDFORWARD,NONE,FRESH,FRESH,STALE,STALE,1,52.579711933547316,107.42028806645268,54.840576132905376,16.101751088326374,0.0,0.0,37.250686,126.674964,37.254138,126.680626
25.80000000000023,3,ACTIVE,NOMINAL_FEEDFORWARD,NOMINAL_FEEDFORWARD,NONE,FRESH,FRESH,STALE,STALE,1,52.579711933547316,107.42028806645268,54.840576132905376,16.101751088326374,0.0,0.0,37.250686,126.674964,37.254138,126.680626
25.850000000000232,3,ACTIVE,NOMINAL_FEEDFORWARD,NOMINAL_FEEDFORWARD,NONE,FRESH,FRESH,STALE,STALE,1,52.579711933547316,107.42028806645268,54.840576132905376,16.101751088326374,0.0,0.0,37.250686,126.674964,37.254138,126.680626
25.900000000000233,3,ACTIVE,NOMINAL_FEEDFORWARD,NOMINAL_FEEDFORWARD,NONE,FRESH,FRESH,STALE,STALE,1,52.579711933547316,107.42028806645268,54.840576132905376,16.101751088326374,0.0,0.0,37.250686,126.674964,37.254138,126.680626
25.950000000000234,3,ACTIVE,NOMINAL_FEEDFORWARD,NOMINAL_FEEDFORWARD,NONE,FRESH,FRESH,STALE,STALE,1,52.579711933547316,107.42028806645268,54.840576132905376,16.101751088326374,0.0,0.0,37.250686,126.674964,37.254138,126.680626
26.000000000000234,3,ACTIVE,NOMINAL_FEEDFORWARD,NOMINAL_FEEDFORWARD,NONE,FRESH,FRESH,STALE,STALE,1,52.579711933547316,107.42028806645268,54.840576132905376,16.101751088326374,0.0,0.0,37.250686,126.674964,37.254138,126.680626
26.050000000000235,3,ACTIVE,NOMINAL_FEEDFORWARD,NOMINAL_FEEDFORWARD,NONE,FRESH,FRESH,STALE,STALE,1,52.579711933547316,107.42028806645268,54.840576132905376,16.101751088326374,0.0,0.0,37.250686,126.674964,37.254138,126.680626
26.100000000000236,3,ACTIVE,FAIL,NO_MOTION,NO_MOTION,FRESH,STALE,FRESH,FRESH,1,49.57971193354727,110.42028806645273,65.0,25.0,0.0,0.0,37.250686,126.674964,37.254138,126.680626
26.150000000000237,3,ACTIVE,FAIL,NO_MOTION,NO_MOTION,FRESH,STALE,FRESH,FRESH,1,47.5,112.5,65.0,25.0,0.0,0.0,37.250686,126.674964,37.254138,126.680626
26.200000000000237,3,ACTIVE,FAIL,NO_MOTION,NO_MOTION,FRESH,STALE,FRESH,FRESH,1,47.5,112.5,65.0,25.0,0.0,0.0,37.250686,126.674964,37.254138,126.680626
26.250000000000238,3,ACTIVE,FAIL,NO_MOTION,NO_MOTION,FRESH,STALE,FRESH,FRESH,1,47.5,112.5,65.0,25.0,0.0,0.0,37.250686,126.674964,37.254138,126.680626
26.30000000000024,3,NO_MOTION,FAIL,NO_MOTION,NO_MOTION,FRESH,STALE,STALE,FRESH,0,80.0,80.0,0.0,0.0,0.0,0.0,37.250686,126.674964,37.254138,126.680626
26.35000000000024,3,NO_MOTION,FAIL,NO_MOTION,NO_MOTION,FRESH,STALE,STALE,FRESH,0,80.0,80.0,0.0,0.0,0.0,0.0,37.250686,126.674964,37.254138,126.680626
26.40000000000024,3,NO_MOTION,FAIL,NO_MOTION,NO_MOTION,FRESH,STALE,STALE,FRESH,0,80.0,80.0,0.0,0.0,0.0,0.0,37.250686,126.674964,37.254138,126.680626
26.45000000000024,3,NO_MOTION,FAIL,NO_MOTION,NO_MOTION,FRESH,STALE,STALE,FRESH,0,80.0,80.0,0.0,0.0,0.0,0.0,37.250686,126.674964,37.254138,126.680626
26.50000000000024,3,NO_MOTION,FAIL,NO_MOTION,NO_MOTION,FRESH,STALE,STALE,FRESH,0,80.0,80.0,0.0,0.0,0.0,0.0,37.250686,126.674964,37.254138,126.680626
26.550000000000242,3,NO_MOTION,FAIL,NO_MOTION,NO_MOTION,FRESH,STALE,STALE,FRESH,0,80.0,80.0,0.0,0.0,0.0,0.0,37.250686,126.674964,37.254138,126.680626
26.600000000000243,3,NO_MOTION,FAIL,NO_MOTION,NO_MOTION,FRESH,STALE,STALE,STALE,0,80.0,80.0,0.0,0.0,0.0,0.0,37.250686,126.674964,37.254138,126.680626
26.650000000000244,3,NO_MOTION,FAIL,NO_MOTION,NO_MOTION,FRESH,STALE,STALE,STALE,0,80.0,80.0,0.0,0.0,0.0,0.0,37.250686,126.674964,37.254138,126.680626
26.700000000000244,3,NO_MOTION,FAIL,NO_MOTION,NO_MOTION,FRESH,STALE,STALE,STALE,0,80.0,80.0,0.0,0.0,0.0,0.0,37.250686,126.674964,37.254138,126.680626
26.750000000000245,3,NO_MOTION,FAIL,NO_MOTION,NO_MOTION,FRESH,STALE,STALE,STALE,0,80.0,80.0,0.0,0.0,0.0,0.0,37.250686,126.674964,37.254138,126.680626
26.800000000000246,3,NO_MOTION,FAIL,NO_MOTION,NO_MOTION,FRESH,STALE,STALE,STALE,0,80.0,80.0,0.0,0.0,0.0,0.0,37.250686,126.674964,37.254138,126.680626
26.850000000000247,3,NO_MOTION,FAIL,NO_MOTION,NO_MOTION,FRESH,STALE,STALE,STALE,0,80.0,80.0,0.0,0.0,0.0,0.0,37.250686,126.674964,37.254138,126.680626
26.900000000000247,3,NO_MOTION,FAIL,NO_MOTION,NO_MOTION,FRESH,STALE,STALE,STALE,0,80.0,80.0,0.0,0.0,0.0,0.0,37.250686,126.674964,37.254138,126.680626
26.950000000000248,3,NO_MOTION,FAIL,NO_MOTION,NO_MOTION,FRESH,STALE,STALE,STALE,0,80.0,80.0,0.0,0.0,0.0,0.0,37.250686,126.674964,37.254138,126.680626
27.00000000000025,3,NO_MOTION,FAIL,NO_MOTION,NO_MOTION,FRESH,STALE,STALE,STALE,0,80.0,80.0,0.0,0.0,0.0,0.0,37.250686,126.674964,37.254138,126.680626
27.05000000000025,3,NO_MOTION,FAIL,NO_MOTION,NO_MOTION,FRESH,STALE,STALE,STALE,0,80.0,80.0,0.0,0.0,0.0,0.0,37.250686,126.674964,37.254138,126.680626
27.10000000000025,3,ACTIVE,FAIL,NO_MOTION,NO_MOTION,FRESH,STALE,FRESH,FRESH,1,47.5,112.5,65.0,25.0,0.0,0.0,37.250686,126.674964,37.254138,126.680626
27.15000000000025,3,ACTIVE,FAIL,NO_MOTION,NO_MOTION,FRESH,STALE,FRESH,FRESH,1,47.5,112.5,65.0,25.0,0.0,0.0,37.250686,126.674964,37.254138,126.680626
27.20000000000025,3,ACTIVE,FAIL,NO_MOTION,NO_MOTION,FRESH,STALE,FRESH,FRESH,1,47.5,112.5,65.0,25.0,0.0,0.0,37.250686,126.674964,37.254138,126.680626
27.250000000000252,3,ACTIVE,FAIL,NO_MOTION,NO_MOTION,FRESH,STALE,FRESH,FRESH,1,47.5,112.5,65.0,25.0,0.0,0.0,37.250686,126.674964,37.254138,126.680626
27.300000000000253,3,NO_MOTION,FAIL,NO_MOTION,NO_MOTION,FRESH,STALE,STALE,FRESH,0,80.0,80.0,0.0,0.0,0.0,0.0,37.250686,126.674964,37.254138,126.680626
27.350000000000254,3,NO_MOTION,FAIL,NO_MOTION,NO_MOTION,FRESH,STALE,STALE,FRESH,0,80.0,80.0,0.0,0.0,0.0,0.0,37.250686,126.674964,37.254138,126.680626
27.400000000000254,3,NO_MOTION,FAIL,NO_MOTION,NO_MOTION,FRESH,STALE,STALE,FRESH,0,80.0,80.0,0.0,0.0,0.0,0.0,37.250686,126.674964,37.254138,126.680626
27.450000000000255,3,NO_MOTION,FAIL,NO_MOTION,NO_MOTION,FRESH,STALE,STALE,FRESH,0,80.0,80.0,0.0,0.0,0.0,0.0,37.250686,126.674964,37.254138,126.680626
27.500000000000256,3,NO_MOTION,FAIL,NO_MOTION,NO_MOTION,FRESH,STALE,STALE,FRESH,0,80.0,80.0,0.0,0.0,0.0,0.0,37.250686,126.674964,37.254138,126.680626
27.550000000000257,3,NO_MOTION,FAIL,NO_MOTION,NO_MOTION,FRESH,STALE,STALE,FRESH,0,80.0,80.0,0.0,0.0,0.0,0.0,37.250686,126.674964,37.254138,126.680626
27.600000000000257,3,NO_MOTION,FAIL,NO_MOTION,NO_MOTION,FRESH,STALE,STALE,STALE,0,80.0,80.0,0.0,0.0,0.0,0.0,37.250686,126.674964,37.254138,126.680626
27.650000000000258,3,NO_MOTION,FAIL,NO_MOTION,NO_MOTION,FRESH,STALE,STALE,STALE,0,80.0,80.0,0.0,0.0,0.0,0.0,37.250686,126.674964,37.254138,126.680626
27.70000000000026,3,NO_MOTION,FAIL,NO_MOTION,NO_MOTION,FRESH,STALE,STALE,STALE,0,80.0,80.0,0.0,0.0,0.0,0.0,37.250686,126.674964,37.254138,126.680626
27.75000000000026,3,NO_MOTION,FAIL,NO_MOTION,NO_MOTION,FRESH,STALE,STALE,STALE,0,80.0,80.0,0.0,0.0,0.0,0.0,37.250686,126.674964,37.254138,126.680626
27.80000000000026,3,NO_MOTION,FAIL,NO_MOTION,NO_MOTION,FRESH,STALE,STALE,STALE,0,80.0,80.0,0.0,0.0,0.0,0.0,37.250686,126.674964,37.254138,126.680626
27.85000000000026,3,NO_MOTION,FAIL,NO_MOTION,NO_MOTION,FRESH,STALE,STALE,STALE,0,80.0,80.0,0.0,0.0,0.0,0.0,37.250686,126.674964,37.254138,126.680626
27.90000000000026,3,NO_MOTION,FAIL,NO_MOTION,NO_MOTION,FRESH,STALE,STALE,STALE,0,80.0,80.0,0.0,0.0,0.0,0.0,37.250686,126.674964,37.254138,126.680626
27.950000000000262,3,NO_MOTION,FAIL,NO_MOTION,NO_MOTION,FRESH,STALE,STALE,STALE,0,80.0,80.0,0.0,0.0,0.0,0.0,37.250686,126.674964,37.254138,126.680626
28.000000000000263,3,NO_MOTION,FAIL,NO_MOTION,NO_MOTION,FRESH,STALE,STALE,STALE,0,80.0,80.0,0.0,0.0,0.0,0.0,37.250686,126.674964,37.254138,126.680626
28.050000000000264,3,NO_MOTION,FAIL,NO_MOTION,NO_MOTION,FRESH,STALE,STALE,STALE,0,80.0,80.0,0.0,0.0,0.0,0.0,37.250686,126.674964,37.254138,126.680626
28.100000000000264,3,ACTIVE,FAIL,NO_MOTION,NO_MOTION,FRESH,STALE,FRESH,FRESH,1,59.5,100.5,-65.0,-25.0,0.0,0.0,37.250686,126.674964,37.254138,126.680626
28.150000000000265,3,ACTIVE,FAIL,NO_MOTION,NO_MOTION,FRESH,STALE,FRESH,FRESH,1,62.50000000000004,97.49999999999996,-65.0,-25.0,0.0,0.0,37.250686,126.674964,37.254138,126.680626
28.200000000000266,3,ACTIVE,FAIL,NO_MOTION,NO_MOTION,FRESH,STALE,FRESH,FRESH,1,65.50000000000009,94.49999999999991,-65.0,-25.0,0.0,0.0,37.250686,126.674964,37.254138,126.680626
28.250000000000266,3,ACTIVE,FAIL,NO_MOTION,NO_MOTION,FRESH,STALE,FRESH,FRESH,1,68.50000000000013,91.49999999999987,-65.0,-25.0,0.0,0.0,37.250686,126.674964,37.254138,126.680626
28.300000000000267,3,NO_MOTION,FAIL,NO_MOTION,NO_MOTION,FRESH,STALE,STALE,FRESH,0,80.0,80.0,0.0,0.0,0.0,0.0,37.250686,126.674964,37.254138,126.680626
28.350000000000268,3,NO_MOTION,FAIL,NO_MOTION,NO_MOTION,FRESH,STALE,STALE,FRESH,0,80.0,80.0,0.0,0.0,0.0,0.0,37.250686,126.674964,37.254138,126.680626
28.40000000000027,3,NO_MOTION,FAIL,NO_MOTION,NO_MOTION,FRESH,STALE,STALE,FRESH,0,80.0,80.0,0.0,0.0,0.0,0.0,37.250686,126.674964,37.254138,126.680626
28.45000000000027,3,NO_MOTION,FAIL,NO_MOTION,NO_MOTION,FRESH,STALE,STALE,FRESH,0,80.0,80.0,0.0,0.0,0.0,0.0,37.250686,126.674964,37.254138,126.680626
28.50000000000027,3,NO_MOTION,FAIL,NO_MOTION,NO_MOTION,FRESH,STALE,STALE,FRESH,0,80.0,80.0,0.0,0.0,0.0,0.0,37.250686,126.674964,37.254138,126.680626
28.55000000000027,3,NO_MOTION,FAIL,NO_MOTION,NO_MOTION,FRESH,STALE,STALE,FRESH,0,80.0,80.0,0.0,0.0,0.0,0.0,37.250686,126.674964,37.254138,126.680626
28.60000000000027,3,NO_MOTION,FAIL,NO_MOTION,NO_MOTION,FRESH,STALE,STALE,STALE,0,80.0,80.0,0.0,0.0,0.0,0.0,37.250686,126.674964,37.254138,126.680626
28.650000000000272,3,NO_MOTION,FAIL,NO_MOTION,NO_MOTION,FRESH,STALE,STALE,STALE,0,80.0,80.0,0.0,0.0,0.0,0.0,37.250686,126.674964,37.254138,126.680626
28.700000000000273,3,NO_MOTION,FAIL,NO_MOTION,NO_MOTION,FRESH,STALE,STALE,STALE,0,80.0,80.0,0.0,0.0,0.0,0.0,37.250686,126.674964,37.254138,126.680626
28.750000000000274,3,NO_MOTION,FAIL,NO_MOTION,NO_MOTION,FRESH,STALE,STALE,STALE,0,80.0,80.0,0.0,0.0,0.0,0.0,37.250686,126.674964,37.254138,126.680626
28.800000000000274,3,NO_MOTION,FAIL,NO_MOTION,NO_MOTION,FRESH,STALE,STALE,STALE,0,80.0,80.0,0.0,0.0,0.0,0.0,37.250686,126.674964,37.254138,126.680626
28.850000000000275,3,NO_MOTION,FAIL,NO_MOTION,NO_MOTION,FRESH,STALE,STALE,STALE,0,80.0,80.0,0.0,0.0,0.0,0.0,37.250686,126.674964,37.254138,126.680626
28.900000000000276,3,NO_MOTION,FAIL,NO_MOTION,NO_MOTION,FRESH,STALE,STALE,STALE,0,80.0,80.0,0.0,0.0,0.0,0.0,37.250686,126.674964,37.254138,126.680626
28.950000000000276,3,NO_MOTION,FAIL,NO_MOTION,NO_MOTION,FRESH,STALE,STALE,STALE,0,80.0,80.0,0.0,0.0,0.0,0.0,37.250686,126.674964,37.254138,126.680626
29.000000000000277,3,NO_MOTION,FAIL,NO_MOTION,NO_MOTION,FRESH,STALE,STALE,STALE,0,80.0,80.0,0.0,0.0,0.0,0.0,37.250686,126.674964,37.254138,126.680626
29.050000000000278,3,NO_MOTION,FAIL,NO_MOTION,NO_MOTION,FRESH,STALE,STALE,STALE,0,80.0,80.0,0.0,0.0,0.0,0.0,37.250686,126.674964,37.254138,126.680626
29.10000000000028,3,ACTIVE,FAIL,NO_MOTION,NO_MOTION,FRESH,STALE,FRESH,FRESH,1,80.50000000000013,79.49999999999987,-65.0,-25.0,0.0,0.0,37.250686,126.674964,37.254138,126.680626
29.15000000000028,3,ACTIVE,FAIL,NO_MOTION,NO_MOTION,FRESH,STALE,FRESH,FRESH,1,83.50000000000017,76.49999999999983,-65.0,-25.0,0.0,0.0,37.250686,126.674964,37.254138,126.680626
29.20000000000028,3,ACTIVE,FAIL,NO_MOTION,NO_MOTION,FRESH,STALE,FRESH,FRESH,1,86.50000000000021,73.49999999999979,-65.0,-25.0,0.0,0.0,37.250686,126.674964,37.254138,126.680626
29.25000000000028,3,ACTIVE,FAIL,NO_MOTION,NO_MOTION,FRESH,STALE,FRESH,FRESH,1,89.50000000000026,70.49999999999974,-65.0,-25.0,0.0,0.0,37.250686,126.674964,37.254138,126.680626
29.30000000000028,3,NO_MOTION,FAIL,NO_MOTION,NO_MOTION,FRESH,STALE,STALE,FRESH,0,80.0,80.0,0.0,0.0,0.0,0.0,37.250686,126.674964,37.254138,126.680626
29.350000000000282,3,NO_MOTION,FAIL,NO_MOTION,NO_MOTION,FRESH,STALE,STALE,FRESH,0,80.0,80.0,0.0,0.0,0.0,0.0,37.250686,126.674964,37.254138,126.680626
29.400000000000283,3,NO_MOTION,FAIL,NO_MOTION,NO_MOTION,FRESH,STALE,STALE,FRESH,0,80.0,80.0,0.0,0.0,0.0,0.0,37.250686,126.674964,37.254138,126.680626
29.450000000000284,3,NO_MOTION,FAIL,NO_MOTION,NO_MOTION,FRESH,STALE,STALE,FRESH,0,80.0,80.0,0.0,0.0,0.0,0.0,37.250686,126.674964,37.254138,126.680626
29.500000000000284,3,NO_MOTION,FAIL,NO_MOTION,NO_MOTION,FRESH,STALE,STALE,FRESH,0,80.0,80.0,0.0,0.0,0.0,0.0,37.250686,126.674964,37.254138,126.680626
29.550000000000285,3,NO_MOTION,FAIL,NO_MOTION,NO_MOTION,FRESH,STALE,STALE,FRESH,0,80.0,80.0,0.0,0.0,0.0,0.0,37.250686,126.674964,37.254138,126.680626
29.600000000000286,3,NO_MOTION,FAIL,NO_MOTION,NO_MOTION,FRESH,STALE,STALE,STALE,0,80.0,80.0,0.0,0.0,0.0,0.0,37.250686,126.674964,37.254138,126.680626
29.650000000000286,3,NO_MOTION,FAIL,NO_MOTION,NO_MOTION,FRESH,STALE,STALE,STALE,0,80.0,80.0,0.0,0.0,0.0,0.0,37.250686,126.674964,37.254138,126.680626
29.700000000000287,3,NO_MOTION,FAIL,NO_MOTION,NO_MOTION,FRESH,STALE,STALE,STALE,0,80.0,80.0,0.0,0.0,0.0,0.0,37.250686,126.674964,37.254138,126.680626
29.750000000000288,3,NO_MOTION,FAIL,NO_MOTION,NO_MOTION,FRESH,STALE,STALE,STALE,0,80.0,80.0,0.0,0.0,0.0,0.0,37.250686,126.674964,37.254138,126.680626
29.80000000000029,3,NO_MOTION,FAIL,NO_MOTION,NO_MOTION,FRESH,STALE,STALE,STALE,0,80.0,80.0,0.0,0.0,0.0,0.0,37.250686,126.674964,37.254138,126.680626
29.85000000000029,3,NO_MOTION,FAIL,NO_MOTION,NO_MOTION,FRESH,STALE,STALE,STALE,0,80.0,80.0,0.0,0.0,0.0,0.0,37.250686,126.674964,37.254138,126.680626
29.90000000000029,3,NO_MOTION,FAIL,NO_MOTION,NO_MOTION,FRESH,STALE,STALE,STALE,0,80.0,80.0,0.0,0.0,0.0,0.0,37.250686,126.674964,37.254138,126.680626
29.95000000000029,3,NO_MOTION,FAIL,NO_MOTION,NO_MOTION,FRESH,STALE,STALE,STALE,0,80.0,80.0,0.0,0.0,0.0,0.0,37.250686,126.674964,37.254138,126.680626
30.00000000000029,3,NO_MOTION,FAIL,NO_MOTION,NO_MOTION,FRESH,STALE,STALE,STALE,0,80.0,80.0,0.0,0.0,0.0,0.0,37.250686,126.674964,37.254138,126.680626
30.050000000000292,3,NO_MOTION,FAIL,NO_MOTION,NO_MOTION,FRESH,STALE,STALE,STALE,0,80.0,80.0,0.0,0.0,0.0,0.0,37.250686,126.674964,37.254138,126.680626
30.100000000000293,3,ACTIVE,FAIL,NO_MOTION,NO_MOTION,FRESHED,STALE,FRESH,FRESH,1,77.50000000000026,82.49999999999974,65.0,25.0,0.0,0.0,37.250686,126.674964,37.254138,126.680626
30.150000000000293,3,ACTIVE,FAIL,NO_MOTION,NO_MOTION,FRESHED,STALE,FRESH,FRESH,1,74.50000000000021,85.49999999999979,65.0,25.0,0.0,0.0,37.250686,126.674964,37.254138,126.680626
30.200000000000294,3,ACTIVE,FAIL,NO_MOTION,NO_MOTION,FRESHED,STALE,FRESH,FRESH,1,71.50000000000017,88.49999999999983,65.0,25.0,0.0,0.0,37.250686,126.674964,37.254138,126.680626
30.250000000000295,3,ACTIVE,FAIL,NO_MOTION,NO_MOTION,FRESHED,STALE,FRESH,FRESH,1,68.50000000000013,91.49999999999987,65.0,25.0,0.0,0.0,37.250686,126.674964,37.254138,126.680626
30.300000000000296,3,NO_MOTION,FAIL,NO_MOTION,NO_MOTION,FRESHED,STALE,STALE,FRESH,0,80.0,80.0,0.0,0.0,0.0,0.0,37.250686,126.674964,37.254138,126.680626
30.350000000000296,3,NO_MOTION,FAIL,NO_MOTION,NO_MOTION,FRESHED,STALE,STALE,FRESH,0,80.0,80.0,0.0,0.0,0.0,0.0,37.250686,126.674964,37.254138,126.680626
30.400000000000297,3,NO_MOTION,FAIL,NO_MOTION,NO_MOTION,FRESHED,STALE,STALE,FRESH,0,80.0,80.0,0.0,0.0,0.0,0.0,37.250686,126.674964,37.254138,126.680626
30.450000000000298,3,NO_MOTION,FAIL,NO_MOTION,NO_MOTION,FRESHED,STALE,STALE,FRESH,0,80.0,80.0,0.0,0.0,0.0,0.0,37.250686,126.674964,37.254138,126.680626
30.5000000000003,3,NO_MOTION,FAIL,NO_MOTION,NO_MOTION,FRESHED,STALE,STALE,FRESH,0,80.0,80.0,0.0,0.0,0.0,0.0,37.250686,126.674964,37.254138,126.680626
30.5500000000003,3,NO_MOTION,FAIL,NO_MOTION,NO_MOTION,FRESHED,STALE,STALE,FRESH,0,80.0,80.0,0.0,0.0,0.0,0.0,37.250686,126.674964,37.254138,126.680626
30.6000000000003,3,NO_MOTION,FAIL,NO_MOTION,NO_MOTION,FRESHED,STALE,STALE,STALE,0,80.0,80.0,0.0,0.0,0.0,0.0,37.250686,126.674964,37.254138,126.680626
30.6500000000003,3,NO_MOTION,FAIL,NO_MOTION,NO_MOTION,FRESHED,STALE,STALE,STALE,0,80.0,80.0,0.0,0.0,0.0,0.0,37.250686,126.674964,37.254138,126.680626
30.7000000000003,3,NO_MOTION,FAIL,NO_MOTION,NO_MOTION,FRESHED,STALE,STALE,STALE,0,80.0,80.0,0.0,0.0,0.0,0.0,37.250686,126.674964,37.254138,126.680626
30.750000000000302,3,NO_MOTION,FAIL,NO_MOTION,NO_MOTION,FRESHED,STALE,STALE,STALE,0,80.0,80.0,0.0,0.0,0.0,0.0,37.250686,126.674964,37.254138,126.680626
30.800000000000303,3,NO_MOTION,FAIL,NO_MOTION,NO_MOTION,FRESHED,STALE,STALE,STALE,0,80.0,80.0,0.0,0.0,0.0,0.0,37.250686,126.674964,37.254138,126.680626
30.850000000000303,3,NO_MOTION,FAIL,NO_MOTION,NO_MOTION,FRESHED,STALE,STALE,STALE,0,80.0,80.0,0.0,0.0,0.0,0.0,37.250686,126.674964,37.254138,126.680626
30.900000000000304,3,NO_MOTION,FAIL,NO_MOTION,NO_MOTION,FRESHED,STALE,STALE,STALE,0,80.0,80.0,0.0,0.0,0.0,0.0,37.250686,126.674964,37.254138,126.680626
30.950000000000305,3,NO_MOTION,FAIL,NO_MOTION,NO_MOTION,FRESHED,STALE,STALE,STALE,0,80.0,80.0,0.0,0.0,0.0,0.0,37.250686,126.674964,37.254138,126.680626
31.000000000000306,3,NO_MOTION,FAIL,NO_MOTION,NO_MOTION,FRESHED,STALE,STALE,STALE,0,80.0,80.0,0.0,0.0,0.0,0.0,37.250686,126.674964,37.254138,126.680626
31.050000000000306,3,NO_MOTION,FAIL,NO_MOTION,NO_MOTION,FRESHED,STALE,STALE,STALE,0,80.0,80.0,0.0,0.0,0.0,0.0,37.250686,126.674964,37.254138,126.680626
31.100000000000307,3,ACTIVE,FAIL,NO_MOTION,NO_MOTION,FRESHED,STALE,FRESH,FRESH,1,80.50000000000013,79.49999999999987,-65.0,-25.0,0.0,0.0,37.250686,126.674964,37.254138,126.680626
31.150000000000308,3,ACTIVE,FAIL,NO_MOTION,NO_MOTION,FRESHED,STALE,FRESH,FRESH,1,83.50000000000017,76.49999999999983,-65.0,-25.0,0.0,0.0,37.250686,126.674964,37.254138,126.680626
31.20000000000031,3,ACTIVE,FAIL,NO_MOTION,NO_MOTION,FRESHED,STALE,FRESH,FRESH,1,86.50000000000021,73.49999999999979,-65.0,-25.0,0.0,0.0,37.250686,126.674964,37.254138,126.680626
31.25000000000031,3,ACTIVE,FAIL,NO_MOTION,NO_MOTION,FRESHED,STALE,FRESH,FRESH,1,89.50000000000026,70.49999999999974,-65.0,-25.0,0.0,0.0,37.250686,126.674964,37.254138,126.680626
31.30000000000031,3,NO_MOTION,FAIL,NO_MOTION,NO_MOTION,FRESHED,STALE,STALE,FRESH,0,80.0,80.0,0.0,0.0,0.0,0.0,37.250686,126.674964,37.254138,126.680626
31.35000000000031,3,NO_MOTION,FAIL,NO_MOTION,NO_MOTION,FRESHED,STALE,STALE,FRESH,0,80.0,80.0,0.0,0.0,0.0,0.0,37.250686,126.674964,37.254138,126.680626
31.40000000000031,3,NO_MOTION,FAIL,NO_MOTION,NO_MOTION,FRESHED,STALE,STALE,FRESH,0,80.0,80.0,0.0,0.0,0.0,0.0,37.250686,126.674964,37.254138,126.680626
31.450000000000312,3,NO_MOTION,FAIL,NO_MOTION,NO_MOTION,FRESHED,STALE,STALE,FRESH,0,80.0,80.0,0.0,0.0,0.0,0.0,37.250686,126.674964,37.254138,126.680626
31.500000000000313,3,NO_MOTION,FAIL,NO_MOTION,NO_MOTION,FRESHED,STALE,STALE,FRESH,0,80.0,80.0,0.0,0.0,0.0,0.0,37.250686,126.674964,37.254138,126.680626
31.550000000000313,3,NO_MOTION,FAIL,NO_MOTION,NO_MOTION,FRESHED,STALE,STALE,FRESH,0,80.0,80.0,0.0,0.0,0.0,0.0,37.250686,126.674964,37.254138,126.680626
31.600000000000314,3,NO_MOTION,FAIL,NO_MOTION,NO_MOTION,FRESHED,STALE,STALE,STALE,0,80.0,80.0,0.0,0.0,0.0,0.0,37.250686,126.674964,37.254138,126.680626
31.650000000000315,3,NO_MOTION,FAIL,NO_MOTION,NO_MOTION,FRESHED,STALE,STALE,STALE,0,80.0,80.0,0.0,0.0,0.0,0.0,37.250686,126.674964,37.254138,126.680626
31.700000000000315,3,NO_MOTION,FAIL,NO_MOTION,NO_MOTION,FRESHED,STALE,STALE,STALE,0,80.0,80.0,0.0,0.0,0.0,0.0,37.250686,126.674964,37.254138,126.680626
31.750000000000316,3,NO_MOTION,FAIL,NO_MOTION,NO_MOTION,FRESHED,STALE,STALE,STALE,0,80.0,80.0,0.0,0.0,0.0,0.0,37.250686,126.674964,37.254138,126.680626
31.800000000000317,3,NO_MOTION,FAIL,NO_MOTION,NO_MOTION,FRESHED,STALE,STALE,STALE,0,80.0,80.0,0.0,0.0,0.0,0.0,37.250686,126.674964,37.254138,126.680626
31.850000000000318,3,NO_MOTION,FAIL,NO_MOTION,NO_MOTION,FRESHED,STALE,STALE,STALE,0,80.0,80.0,0.0,0.0,0.0,0.0,37.250686,126.674964,37.254138,126.680626
31.90000000000032,3,NO_MOTION,FAIL,NO_MOTION,NO_MOTION,FRESHED,STALE,STALE,STALE,0,80.0,80.0,0.0,0.0,0.0,0.0,37.250686,126.674964,37.254138,126.680626
31.95000000000032,3,NO_MOTION,FAIL,NO_MOTION,NO_MOTION,FRESHED,STALE,STALE,STALE,0,80.0,80.0,0.0,0.0,0.0,0.0,37.250686,126.674964,37.254138,126.680626
32.00000000000032,3,NO_MOTION,FAIL,NO_MOTION,NO_MOTION,FRESHED,STALE,STALE,STALE,0,80.0,80.0,0.0,0.0,0.0,0.0,37.250686,126.674964,37.254138,126.680626
32.05000000000032,3,NO_MOTION,FAIL,NO_MOTION,NO_MOTION,FRESHED,STALE,STALE,STALE,0,80.0,80.0,0.0,0.0,0.0,0.0,37.250686,126.674964,37.254138,126.680626
32.100000000000314,3,ACTIVE,NOMINAL_CLOSED_LOOP,NOMINAL_CLOSED_LOOP,NONE,FRESH,FRESH,FRESH,FRESH,1,69.50000000000026,90.49999999999974,74.30687773634759,22.778672589896583,-20.4826513135285,22.26625024374617,37.250686,126.674964,37.254138,126.680626
32.15000000000031,3,ACTIVE,NOMINAL_CLOSED_LOOP,NOMINAL_CLOSED_LOOP,NONE,FRESH,FRESH,FRESH,FRESH,1,64.50000000000054,95.49999999999946,74.31882640893748,22.778672589896583,-20.4826513135285,22.26625024374617,37.250686,126.674964,37.254138,126.680626
32.20000000000031,3,ACTIVE,NOMINAL_CLOSED_LOOP,NOMINAL_CLOSED_LOOP,NONE,FRESH,FRESH,FRESH,FRESH,1,59.500000000000824,100.49999999999918,74.33077508152738,22.778672589896583,-20.4826513135285,22.26625024374617,37.250686,126.674964,37.254138,126.680626
32.250000000000306,3,ACTIVE,NOMINAL_CLOSED_LOOP,NOMINAL_CLOSED_LOOP,NONE,FRESH,FRESH,FRESH,FRESH,1,54.50000000000111,105.49999999999889,74.34272375411727,22.778672589896583,-20.4826513135285,22.26625024374617,37.250686,126.674964,37.254138,126.680626
32.3000000000003,3,ACTIVE,NOMINAL_CLOSED_LOOP,NOMINAL_CLOSED_LOOP,NONE,FRESH,FRESH,FRESH,FRESH,1,49.50000000000139,110.49999999999861,74.35467242670717,22.778672589896583,-20.4826513135285,22.26625024374617,37.250686,126.674964,37.254138,126.680626
32.3500000000003,3,ACTIVE,NOMINAL_FEEDFORWARD,NOMINAL_FEEDFORWARD,NONE,FRESH,FRESH,STALE,FRESH,1,48.22059638579135,111.77940361420865,63.558807228417294,19.93133851615951,-20.4826513135285,22.26625024374617,37.250686,126.674964,37.254138,126.680626
32.4000000000003,3,ACTIVE,NOMINAL_FEEDFORWARD,NOMINAL_FEEDFORWARD,NONE,FRESH,FRESH,STALE,FRESH,1,48.22059638579135,111.77940361420865,63.558807228417294,19.93133851615951,-20.4826513135285,22.26625024374617,37.250686,126.674964,37.254138,126.680626
32.450000000000294,3,ACTIVE,NOMINAL_FEEDFORWARD,NOMINAL_FEEDFORWARD,NONE,FRESH,FRESH,STALE,FRESH,1,48.22059638579135,111.77940361420865,63.558807228417294,19.93133851615951,-20.4826513135285,22.26625024374617,37.250686,126.674964,37.254138,126.680626
32.50000000000029,3,ACTIVE,NOMINAL_FEEDFORWARD,NOMINAL_FEEDFORWARD,NONE,FRESH,FRESH,STALE,FRESH,1,48.22059638579135,111.77940361420865,63.558807228417294,19.93133851615951,-20.4826513135285,22.26625024374617,37.250686,126.674964,37.254138,126.680626
32.55000000000029,3,ACTIVE,NOMINAL_FEEDFORWARD,NOMINAL_FEEDFORWARD,NONE,FRESH,FRESH,STALE,FRESH,1,48.22059638579135,111.77940361420865,63.558807228417294,19.93133851615951,-20.4826513135285,22.26625024374617,37.250686,126.674964,37.254138,126.680626
32.600000000000286,3,ACTIVE,NOMINAL_FEEDFORWARD,NOMINAL_FEEDFORWARD,NONE,FRESH,FRESH,STALE,FRESH,1,48.22059638579135,111.77940361420865,63.558807228417294,19.93133851615951,-20.4826513135285,22.26625024374617,37.250686,126.674964,37.254138,126.680626
32.65000000000028,3,ACTIVE,NOMINAL_FEEDFORWARD,NOMINAL_FEEDFORWARD,NONE,FRESH,FRESH,STALE,STALE,1,48.22059638579135,111.77940361420865,63.558807228417294,19.93133851615951,-20.4826513135285,22.26625024374617,37.250686,126.674964,37.254138,126.680626
32.70000000000028,3,ACTIVE,NOMINAL_FEEDFORWARD,NOMINAL_FEEDFORWARD,NONE,FRESH,FRESH,STALE,STALE,1,48.22059638579135,111.77940361420865,63.558807228417294,19.93133851615951,-20.4826513135285,22.26625024374617,37.250686,126.674964,37.254138,126.680626
32.75000000000028,3,ACTIVE,NOMINAL_FEEDFORWARD,NOMINAL_FEEDFORWARD,NONE,FRESH,FRESH,STALE,STALE,1,48.22059638579135,111.77940361420865,63.558807228417294,19.93133851615951,-20.4826513135285,22.26625024374617,37.250686,126.674964,37.254138,126.680626
32.800000000000274,3,ACTIVE,NOMINAL_FEEDFORWARD,NOMINAL_FEEDFORWARD,NONE,FRESH,FRESH,STALE,STALE,1,48.22059638579135,111.77940361420865,63.558807228417294,19.93133851615951,-20.4826513135285,22.26625024374617,37.250686,126.674964,37.254138,126.680626
32.85000000000027,3,ACTIVE,NOMINAL_FEEDFORWARD,NOMINAL_FEEDFORWARD,NONE,FRESH,FRESH,STALE,STALE,1,48.22059638579135,111.77940361420865,63.558807228417294,19.93133851615951,-20.4826513135285,22.26625024374617,37.250686,126.674964,37.254138,126.680626
32.90000000000027,3,ACTIVE,NOMINAL_FEEDFORWARD,NOMINAL_FEEDFORWARD,NONE,FRESH,FRESH,STALE,STALE,1,48.22059638579135,111.77940361420865,63.558807228417294,19.93133851615951,-20.4826513135285,22.26625024374617,37.250686,126.674964,37.254138,126.680626
32.950000000000266,3,ACTIVE,NOMINAL_FEEDFORWARD,NOMINAL_FEEDFORWARD,NONE,FRESH,FRESH,STALE,STALE,1,48.22059638579135,111.77940361420865,63.558807228417294,19.93133851615951,-20.4826513135285,22.26625024374617,37.250686,126.674964,37.254138,126.680626
33.00000000000026,3,ACTIVE,NOMINAL_FEEDFORWARD,NOMINAL_FEEDFORWARD,NONE,FRESH,FRESH,STALE,STALE,1,48.22059638579135,111.77940361420865,63.558807228417294,19.93133851615951,-20.4826513135285,22.26625024374617,37.250686,126.674964,37.254138,126.680626
33.05000000000026,3,ACTIVE,NOMINAL_FEEDFORWARD,NOMINAL_FEEDFORWARD,NONE,FRESH,FRESH,STALE,STALE,1,48.22059638579135,111.77940361420865,63.558807228417294,19.93133851615951,-20.4826513135285,22.26625024374617,37.250686,126.674964,37.254138,126.680626
33.10000000000026,3,DEGRADED,DEGRADED_CLOSED_LOOP,DEGRADED_CLOSED_LOOP,NONE,FRESH,FRESHED,FRESH,FRESH,1,51.720596385791154,108.27940361420885,46.35538807027075,14.236670368685365,-20.4826513135285,22.26625024374617,37.250686,126.674964,37.254138,126.680626
33.150000000000254,3,DEGRADED,DEGRADED_CLOSED_LOOP,DEGRADED_CLOSED_LOOP,NONE,FRESH,FRESHED,FRESH,FRESH,1,55.220596385790955,104.77940361420904,46.351524740639434,14.236670368685365,-20.4826513135285,22.26625024374617,37.250686,126.674964,37.254138,126.680626
33.20000000000025,3,DEGRADED,DEGRADED_CLOSED_LOOP,DEGRADED_CLOSED_LOOP,NONE,FRESH,FRESHED,FRESH,FRESH,1,56.82616929449594,103.17383070550406,46.34766141100812,14.236670368685365,-20.4826513135285,22.26625024374617,37.250686,126.674964,37.254138,126.680626
33.25000000000025,3,DEGRADED,DEGRADED_CLOSED_LOOP,DEGRADED_CLOSED_LOOP,NONE,FRESH,FRESHED,FRESH,FRESH,1,56.8281009593116,103.1718990406884,46.343798081376804,14.236670368685365,-20.4826513135285,22.26625024374617,37.250686,126.674964,37.254138,126.680626
33.300000000000246,3,DEGRADED,DEGRADED_CLOSED_LOOP,DEGRADED_CLOSED_LOOP,NONE,FRESH,FRESHED,FRESH,FRESH,1,56.830032624127256,103.16996737587274,46.33993475174549,14.236670368685365,-20.4826513135285,22.26625024374617,37.250686,126.674964,37.254138,126.680626
33.35000000000024,3,DEGRADED,DEGRADED_FEEDFORWARD,DEGRADED_FEEDFORWARD,NONE,FRESH,FRESHED,STALE,FRESH,1,59.830032624127085,100.16996737587291,38.38936196668398,11.389336294948292,-20.4826513135285,22.26625024374617,37.250686,126.674964,37.254138,126.680626
33.40000000000024,3,DEGRADED,DEGRADED_FEEDFORWARD,DEGRADED_FEEDFORWARD,NONE,FRESH,FRESHED,STALE,FRESH,1,60.80531901665801,99.19468098334198,38.38936196668398,11.389336294948292,-20.4826513135285,22.26625024374617,37.250686,126.674964,37.254138,126.680626
33.45000000000024,3,DEGRADED,DEGRADED_FEEDFORWARD,DEGRADED_FEEDFORWARD,NONE,FRESH,FRESHED,STALE,FRESH,1,60.80531901665801,99.19468098334198,38.38936196668398,11.389336294948292,-20.4826513135285,22.26625024374617,37.250686,126.674964,37.254138,126.680626
33.500000000000234,3,DEGRADED,DEGRADED_FEEDFORWARD,DEGRADED_FEEDFORWARD,NONE,FRESH,FRESHED,STALE,FRESH,1,60.80531901665801,99.19468098334198,38.38936196668398,11.389336294948292,-20.4826513135285,22.26625024374617,37.250686,126.674964,37.254138,126.680626
33.55000000000023,3,DEGRADED,DEGRADED_FEEDFORWARD,DEGRADED_FEEDFORWARD,NONE,FRESH,FRESHED,STALE,FRESH,1,60.80531901665801,99.19468098334198,38.38936196668398,11.389336294948292,-20.4826513135285,22.26625024374617,37.250686,126.674964,37.254138,126.680626
33.60000000000023,3,DEGRADED,DEGRADED_FEEDFORWARD,DEGRADED_FEEDFORWARD,NONE,FRESH,FRESHED,STALE,FRESH,1,60.80531901665801,99.19468098334198,38.38936196668398,11.389336294948292,-20.4826513135285,22.26625024374617,37.250686,126.674964,37.254138,126.680626
33.650000000000226,3,DEGRADED,DEGRADED_FEEDFORWARD,DEGRADED_FEEDFORWARD,NONE,FRESH,FRESHED,STALE,STALE,1,60.80531901665801,99.19468098334198,38.38936196668398,11.389336294948292,-20.4826513135285,22.26625024374617,37.250686,126.674964,37.254138,126.680626
33.70000000000022,3,DEGRADED,DEGRADED_FEEDFORWARD,DEGRADED_FEEDFORWARD,NONE,FRESH,FRESHED,STALE,STALE,1,60.80531901665801,99.19468098334198,38.38936196668398,11.389336294948292,-20.4826513135285,22.26625024374617,37.250686,126.674964,37.254138,126.680626
33.75000000000022,3,DEGRADED,DEGRADED_FEEDFORWARD,DEGRADED_FEEDFORWARD,NONE,FRESH,FRESHED,STALE,STALE,1,60.80531901665801,99.19468098334198,38.38936196668398,11.389336294948292,-20.4826513135285,22.26625024374617,37.250686,126.674964,37.254138,126.680626
33.80000000000022,3,DEGRADED,DEGRADED_FEEDFORWARD,DEGRADED_FEEDFORWARD,NONE,FRESH,FRESHED,STALE,STALE,1,60.80531901665801,99.19468098334198,38.38936196668398,11.389336294948292,-20.4826513135285,22.26625024374617,37.250686,126.674964,37.254138,126.680626
33.850000000000215,3,DEGRADED,DEGRADED_FEEDFORWARD,DEGRADED_FEEDFORWARD,NONE,FRESH,FRESHED,STALE,STALE,1,60.80531901665801,99.19468098334198,38.38936196668398,11.389336294948292,-20.4826513135285,22.26625024374617,37.250686,126.674964,37.254138,126.680626
33.90000000000021,3,DEGRADED,DEGRADED_FEEDFORWARD,DEGRADED_FEEDFORWARD,NONE,FRESH,FRESHED,STALE,STALE,1,60.80531901665801,99.19468098334198,38.38936196668398,11.389336294948292,-20.4826513135285,22.26625024374617,37.250686,126.674964,37.254138,126.680626
33.95000000000021,3,DEGRADED,DEGRADED_FEEDFORWARD,DEGRADED_FEEDFORWARD,NONE,FRESH,FRESHED,STALE,STALE,1,60.80531901665801,99.19468098334198,38.38936196668398,11.389336294948292,-20.4826513135285,22.26625024374617,37.250686,126.674964,37.254138,126.680626
34.000000000000206,3,DEGRADED,DEGRADED_FEEDFORWARD,DEGRADED_FEEDFORWARD,NONE,FRESH,FRESHED,STALE,STALE,1,60.80531901665801,99.19468098334198,38.38936196668398,11.389336294948292,-20.4826513135285,22.26625024374617,37.250686,126.674964,37.254138,126.680626
34.0500000000002,3,DEGRADED,DEGRADED_FEEDFORWARD,DEGRADED_FEEDFORWARD,NONE,FRESH,FRESHED,STALE,STALE,1,60.80531901665801,99.19468098334198,38.38936196668398,11.389336294948292,-20.4826513135285,22.26625024374617,37.250686,126.674964,37.254138,126.680626
34.1000000000002,3,ACTIVE,NOMINAL_CLOSED_LOOP,NOMINAL_CLOSED_LOOP,NONE,FRESH,FRESH,FRESH,FRESH,1,57.53882107556676,102.46117892443324,44.92235784886648,12.347239305672701,-29.663944556817977,38.44069028326571,37.250686,126.674964,37.254138,126.680626
34.1500000000002,3,ACTIVE,NOMINAL_CLOSED_LOOP,NOMINAL_CLOSED_LOOP,NONE,FRESH,FRESH,FRESH,FRESH,1,57.54041245591392,102.45958754408608,44.91917508817215,12.347239305672701,-29.663944556817977,38.44069028326571,37.250686,126.674964,37.254138,126.680626
34.200000000000195,3,ACTIVE,NOMINAL_CLOSED_LOOP,NOMINAL_CLOSED_LOOP,NONE,FRESH,FRESH,FRESH,FRESH,1,57.54200383626109,102.45799616373891,44.915992327477824,12.347239305672701,-29.663944556817977,38.44069028326571,37.250686,126.674964,37.254138,126.680626
34.25000000000019,3,ACTIVE,NOMINAL_CLOSED_LOOP,NOMINAL_CLOSED_LOOP,NONE,FRESH,FRESH,FRESH,FRESH,1,57.54359521660825,102.45640478339175,44.9128095667835,12.347239305672701,-29.663944556817977,38.44069028326571,37.250686,126.674964,37.254138,126.680626
34.30000000000019,3,ACTIVE,NOMINAL_CLOSED_LOOP,NOMINAL_CLOSED_LOOP,NONE,FRESH,FRESH,FRESH,FRESH,1,57.54518659695542,102.45481340304458,44.90962680608917,12.347239305672701,-29.663944556817977,38.44069028326571,37.250686,126.674964,37.254138,126.680626
34.350000000000186,3,ACTIVE,NOMINAL_FEEDFORWARD,NOMINAL_FEEDFORWARD,NONE,FRESH,FRESH,STALE,FRESH,1,58.98013620244433,101.01986379755567,42.03972759511134,10.803834392463614,-29.663944556817977,38.44069028326571,37.250686,126.674964,37.254138,126.680626
34.40000000000018,3,ACTIVE,NOMINAL_FEEDFORWARD,NOMINAL_FEEDFORWARD,NONE,FRESH,FRESH,STALE,FRESH,1,58.98013620244433,101.01986379755567,42.03972759511134,10.803834392463614,-29.663944556817977,38.44069028326571,37.250686,126.674964,37.254138,126.680626
34.45000000000018,3,ACTIVE,NOMINAL_FEEDFORWARD,NOMINAL_FEEDFORWARD,NONE,FRESH,FRESH,STALE,FRESH,1,58.98013620244433,101.01986379755567,42.03972759511134,10.803834392463614,-29.663944556817977,38.44069028326571,37.250686,126.674964,37.254138,126.680626
34.50000000000018,3,ACTIVE,NOMINAL_FEEDFORWARD,NOMINAL_FEEDFORWARD,NONE,FRESH,FRESH,STALE,FRESH,1,58.98013620244433,101.01986379755567,42.03972759511134,10.803834392463614,-29.663944556817977,38.44069028326571,37.250686,126.674964,37.254138,126.680626
34.550000000000175,3,ACTIVE,NOMINAL_FEEDFORWARD,NOMINAL_FEEDFORWARD,NONE,FRESH,FRESH,STALE,FRESH,1,58.98013620244433,101.01986379755567,42.03972759511134,10.803834392463614,-29.663944556817977,38.44069028326571,37.250686,126.674964,37.254138,126.680626
34.60000000000017,3,ACTIVE,NOMINAL_FEEDFORWARD,NOMINAL_FEEDFORWARD,NONE,FRESH,FRESH,STALE,FRESH,1,58.98013620244433,101.01986379755567,42.03972759511134,10.803834392463614,-29.663944556817977,38.44069028326571,37.250686,126.674964,37.254138,126.680626
34.65000000000017,3,ACTIVE,NOMINAL_FEEDFORWARD,NOMINAL_FEEDFORWARD,NONE,FRESH,FRESH,STALE,STALE,1,58.98013620244433,101.01986379755567,42.03972759511134,10.803834392463614,-29.663944556817977,38.44069028326571,37.250686,126.674964,37.254138,126.680626
34.700000000000166,3,ACTIVE,NOMINAL_FEEDFORWARD,NOMINAL_FEEDFORWARD,NONE,FRESH,FRESH,STALE,STALE,1,58.98013620244433,101.01986379755567,42.03972759511134,10.803834392463614,-29.663944556817977,38.44069028326571,37.250686,126.674964,37.254138,126.680626
34.75000000000016,3,ACTIVE,NOMINAL_FEEDFORWARD,NOMINAL_FEEDFORWARD,NONE,FRESH,FRESH,STALE,STALE,1,58.98013620244433,101.01986379755567,42.03972759511134,10.803834392463614,-29.663944556817977,38.44069028326571,37.250686,126.674964,37.254138,126.680626
34.80000000000016,3,ACTIVE,NOMINAL_FEEDFORWARD,NOMINAL_FEEDFORWARD,NONE,FRESH,FRESH,STALE,STALE,1,58.98013620244433,101.01986379755567,42.03972759511134,10.803834392463614,-29.663944556817977,38.44069028326571,37.250686,126.674964,37.254138,126.680626
34.85000000000016,3,ACTIVE,NOMINAL_FEEDFORWARD,NOMINAL_FEEDFORWARD,NONE,FRESH,FRESH,STALE,STALE,1,58.98013620244433,101.01986379755567,42.03972759511134,10.803834392463614,-29.663944556817977,38.44069028326571,37.250686,126.674964,37.254138,126.680626
34.900000000000155,3,ACTIVE,NOMINAL_FEEDFORWARD,NOMINAL_FEEDFORWARD,NONE,FRESH,FRESH,STALE,STALE,1,58.98013620244433,101.01986379755567,42.03972759511134,10.803834392463614,-29.663944556817977,38.44069028326571,37.250686,126.674964,37.254138,126.680626
34.95000000000015,3,ACTIVE,NOMINAL_FEEDFORWARD,NOMINAL_FEEDFORWARD,NONE,FRESH,FRESH,STALE,STALE,1,58.98013620244433,101.01986379755567,42.03972759511134,10.803834392463614,-29.663944556817977,38.44069028326571,37.250686,126.674964,37.254138,126.680626
35.00000000000015,3,ACTIVE,NOMINAL_FEEDFORWARD,NOMINAL_FEEDFORWARD,NONE,FRESH,FRESH,STALE,STALE,1,58.98013620244433,101.01986379755567,42.03972759511134,10.803834392463614,-29.663944556817977,38.44069028326571,37.250686,126.674964,37.254138,126.680626
35.050000000000146,3,ACTIVE,NOMINAL_FEEDFORWARD,NOMINAL_FEEDFORWARD,NONE,FRESH,FRESH,STALE,STALE,1,58.98013620244433,101.01986379755567,42.03972759511134,10.803834392463614,-29.663944556817977,38.44069028326571,37.250686,126.674964,37.254138,126.680626
35.10000000000014,3,DEGRADED,DEGRADED_CLOSED_LOOP,DEGRADED_CLOSED_LOOP,NONE,FRESH,FRESHED,FRESH,FRESH,1,55.48013620244453,104.51986379755547,60.22652469226577,15.403234303366421,-29.663944556817977,38.44069028326571,37.250686,126.674964,37.254138,126.680626
35.15000000000014,3,DEGRADED,DEGRADED_CLOSED_LOOP,DEGRADED_CLOSED_LOOP,NONE,FRESH,FRESHED,FRESH,FRESH,1,51.980136202444726,108.01986379755527,60.25497792656913,15.403234303366421,-29.663944556817977,38.44069028326571,37.250686,126.674964,37.254138,126.680626
35.20000000000014,3,DEGRADED,DEGRADED_CLOSED_LOOP,DEGRADED_CLOSED_LOOP,NONE,FRESH,FRESHED,FRESH,FRESH,1,49.85828441956375,110.14171558043626,60.283431160872496,15.403234303366421,-29.663944556817977,38.44069028326571,37.250686,126.674964,37.254138,126.680626
35.250000000000135,3,DEGRADED,DEGRADED_CLOSED_LOOP,DEGRADED_CLOSED_LOOP,NONE,FRESH,FRESHED,FRESH,FRESH,1,49.84405780241207,110.15594219758793,60.311884395175866,15.403234303366421,-29.663944556817977,38.44069028326571,37.250686,126.674964,37.254138,126.680626
35.30000000000013,3,DEGRADED,DEGRADED_CLOSED_LOOP,DEGRADED_CLOSED_LOOP,NONE,FRESH,FRESHED,FRESH,FRESH,1,49.82983118526039,110.17016881473961,60.34033762947922,15.403234303366421,-29.663944556817977,38.44069028326571,37.250686,126.674964,37.254138,126.680626
35.35000000000013,3,DEGRADED,DEGRADED_FEEDFORWARD,DEGRADED_FEEDFORWARD,NONE,FRESH,FRESHED,STALE,FRESH,1,52.82983118526022,107.17016881473978,40.3656531499381,12.322587442693138,-29.663944556817977,38.44069028326571,37.250686,126.674964,37.254138,126.680626
35.40000000000013,3,DEGRADED,DEGRADED_FEEDFORWARD,DEGRADED_FEEDFORWARD,NONE,FRESH,FRESHED,STALE,FRESH,1,55.82983118526005,104.17016881473995,40.3656531499381,12.322587442693138,-29.663944556817977,38.44069028326571,37.250686,126.674964,37.254138,126.680626
35.450000000000124,3,DEGRADED,DEGRADED_FEEDFORWARD,DEGRADED_FEEDFORWARD,NONE,FRESH,FRESHED,STALE,FRESH,1,58.82983118525988,101.17016881474012,40.3656531499381,12.322587442693138,-29.663944556817977,38.44069028326571,37.250686,126.674964,37.254138,126.680626
35.50000000000012,3,DEGRADED,DEGRADED_FEEDFORWARD,DEGRADED_FEEDFORWARD,NONE,FRESH,FRESHED,STALE,FRESH,1,59.81717342503095,100.18282657496906,40.3656531499381,12.322587442693138,-29.663944556817977,38.44069028326571,37.250686,126.674964,37.254138,126.680626
35.55000000000012,3,DEGRADED,DEGRADED_FEEDFORWARD,DEGRADED_FEEDFORWARD,NONE,FRESH,FRESHED,STALE,FRESH,1,59.81717342503095,100.18282657496906,40.3656531499381,12.322587442693138,-29.663944556817977,38.44069028326571,37.250686,126.674964,37.254138,126.680626
35.600000000000115,3,DEGRADED,DEGRADED_FEEDFORWARD,DEGRADED_FEEDFORWARD,NONE,FRESH,FRESHED,STALE,FRESH,1,59.81717342503095,100.18282657496906,40.3656531499381,12.322587442693138,-29.663944556817977,38.44069028326571,37.250686,126.674964,37.254138,126.680626
35.65000000000011,3,DEGRADED,DEGRADED_FEEDFORWARD,DEGRADED_FEEDFORWARD,NONE,FRESH,FRESHED,STALE,STALE,1,59.81717342503095,100.18282657496906,40.3656531499381,12.322587442693138,-29.663944556817977,38.44069028326571,37.250686,126.674964,37.254138,126.680626
35.70000000000011,3,DEGRADED,DEGRADED_FEEDFORWARD,DEGRADED_FEEDFORWARD,NONE,FRESH,FRESHED,STALE,STALE,1,59.81717342503095,100.18282657496906,40.3656531499381,12.322587442693138,-29.663944556817977,38.44069028326571,37.250686,126.674964,37.254138,126.680626
35.75000000000011,3,DEGRADED,DEGRADED_FEEDFORWARD,DEGRADED_FEEDFORWARD,NONE,FRESH,FRESHED,STALE,STALE,1,59.81717342503095,100.18282657496906,40.3656531499381,12.322587442693138,-29.663944556817977,38.44069028326571,37.250686,126.674964,37.254138,126.680626
35.800000000000104,3,DEGRADED,DEGRADED_FEEDFORWARD,DEGRADED_FEEDFORWARD,NONE,FRESH,FRESHED,STALE,STALE,1,59.81717342503095,100.18282657496906,40.3656531499381,12.322587442693138,-29.663944556817977,38.44069028326571,37.250686,126.674964,37.254138,126.680626
35.8500000000001,3,DEGRADED,DEGRADED_FEEDFORWARD,DEGRADED_FEEDFORWARD,NONE,FRESH,FRESHED,STALE,STALE,1,59.81717342503095,100.18282657496906,40.3656531499381,12.322587442693138,-29.663944556817977,38.44069028326571,37.250686,126.674964,37.254138,126.680626
35.9000000000001,3,DEGRADED,DEGRADED_FEEDFORWARD,DEGRADED_FEEDFORWARD,NONE,FRESH,FRESHED,STALE,STALE,1,59.81717342503095,100.18282657496906,40.3656531499381,12.322587442693138,-29.663944556817977,38.44069028326571,37.250686,126.674964,37.254138,126.680626
35.950000000000095,3,DEGRADED,DEGRADED_FEEDFORWARD,DEGRADED_FEEDFORWARD,NONE,FRESH,FRESHED,STALE,STALE,1,59.81717342503095,100.18282657496906,40.3656531499381,12.322587442693138,-29.663944556817977,38.44069028326571,37.250686,126.674964,37.254138,126.680626
36.00000000000009,3,DEGRADED,DEGRADED_FEEDFORWARD,DEGRADED_FEEDFORWARD,NONE,FRESH,FRESHED,STALE,STALE,1,59.81717342503095,100.18282657496906,40.3656531499381,12.322587442693138,-29.663944556817977,38.44069028326571,37.250686,126.674964,37.254138,126.680626
36.05000000000009,3,DEGRADED,DEGRADED_FEEDFORWARD,DEGRADED_FEEDFORWARD,NONE,FRESH,FRESHED,STALE,STALE,1,59.81717342503095,100.18282657496906,40.3656531499381,12.322587442693138,-29.663944556817977,38.44069028326571,37.250686,126.674964,37.254138,126.680626
36.10000000000009,3,DEGRADED,DEGRADED_CLOSED_LOOP,DEGRADED_CLOSED_LOOP,NONE,FRESH,FRESHED,FRESH,FRESH,1,56.31717342503115,103.68282657496886,75.19350134940355,23.104851455049634,-29.663944556817977,38.44069028326571,37.250686,126.674964,37.254138,126.680626
36.150000000000084,3,DEGRADED,DEGRADED_CLOSED_LOOP,DEGRADED_CLOSED_LOOP,NONE,FRESH,FRESHED,FRESH,FRESH,1,52.81717342503135,107.18282657496866,75.21829620085859,23.104851455049634,-29.663944556817977,38.44069028326571,37.250686,126.674964,37.254138,126.680626
36.20000000000008,3,DEGRADED,DEGRADED_CLOSED_LOOP,DEGRADED_CLOSED_LOOP,NONE,FRESH,FRESHED,FRESH,FRESH,1,49.31717342503155,110.68282657496846,75.24309105231364,23.104851455049634,-29.663944556817977,38.44069028326571,37.250686,126.674964,37.254138,126.680626
36.25000000000008,3,DEGRADED,DEGRADED_CLOSED_LOOP,DEGRADED_CLOSED_LOOP,NONE,FRESH,FRESHED,FRESH,FRESH,1,45.81717342503175,114.18282657496826,75.26788590376869,23.104851455049634,-29.663944556817977,38.44069028326571,37.250686,126.674964,37.254138,126.680626
36.300000000000075,3,DEGRADED,DEGRADED_CLOSED_LOOP,DEGRADED_CLOSED_LOOP,NONE,FRESH,FRESHED,FRESH,FRESH,1,42.353659622388136,117.64634037761186,75.29268075522373,23.104851455049634,-29.663944556817977,38.44069028326571,37.250686,126.674964,37.254138,126.680626
36.35000000000007,3,DEGRADED,DEGRADED_FEEDFORWARD,DEGRADED_FEEDFORWARD,NONE,FRESH,FRESHED,STALE,FRESH,1,45.353659622387966,114.64634037761203,42.549369136931006,13.370467453333342,-29.663944556817977,38.44069028326571,37.250686,126.674964,37.254138,126.680626
36.40000000000007,3,DEGRADED,DEGRADED_FEEDFORWARD,DEGRADED_FEEDFORWARD,NONE,FRESH,FRESHED,STALE,FRESH,1,48.353659622387795,111.6463403776122,42.549369136931006,13.370467453333342,-29.663944556817977,38.44069028326571,37.250686,126.674964,37.254138,126.680626
36.45000000000007,3,DEGRADED,DEGRADED_FEEDFORWARD,DEGRADED_FEEDFORWARD,NONE,FRESH,FRESHED,STALE,FRESH,1,51.353659622387624,108.64634037761238,42.549369136931006,13.370467453333342,-29.663944556817977,38.44069028326571,37.250686,126.674964,37.254138,126.680626
36.500000000000064,3,DEGRADED,DEGRADED_FEEDFORWARD,DEGRADED_FEEDFORWARD,NONE,FRESH,FRESHED,STALE,FRESH,1,54.353659622387454,105.64634037761255,42.549369136931006,13.370467453333342,-29.663944556817977,38.44069028326571,37.250686,126.674964,37.254138,126.680626
36.55000000000006,3,DEGRADED,DEGRADED_FEEDFORWARD,DEGRADED_FEEDFORWARD,NONE,FRESH,FRESHED,STALE,FRESH,1,57.35365962238728,102.64634037761272,42.549369136931006,13.370467453333342,-29.663944556817977,38.44069028326571,37.250686,126.674964,37.254138,126.680626
36.60000000000006,3,DEGRADED,DEGRADED_FEEDFORWARD,DEGRADED_FEEDFORWARD,NONE,FRESH,FRESHED,STALE,FRESH,1,58.7253154315345,101.2746845684655,42.549369136931006,13.370467453333342,-29.663944556817977,38.44069028326571,37.250686,126.674964,37.254138,126.680626
36.650000000000055,3,DEGRADED,DEGRADED_FEEDFORWARD,DEGRADED_FEEDFORWARD,NONE,FRESH,FRESHED,STALE,STALE,1,58.7253154315345,101.2746845684655,42.549369136931006,13.370467453333342,-29.663944556817977,38.44069028326571,37.250686,126.674964,37.254138,126.680626
36.70000000000005,3,DEGRADED,DEGRADED_FEEDFORWARD,DEGRADED_FEEDFORWARD,NONE,FRESH,FRESHED,STALE,STALE,1,58.7253154315345,101.2746845684655,42.549369136931006,13.370467453333342,-29.663944556817977,38.44069028326571,37.250686,126.674964,37.254138,126.680626
36.75000000000005,3,DEGRADED,DEGRADED_FEEDFORWARD,DEGRADED_FEEDFORWARD,NONE,FRESH,FRESHED,STALE,STALE,1,58.7253154315345,101.2746845684655,42.549369136931006,13.370467453333342,-29.663944556817977,38.44069028326571,37.250686,126.674964,37.254138,126.680626
36.80000000000005,3,DEGRADED,DEGRADED_FEEDFORWARD,DEGRADED_FEEDFORWARD,NONE,FRESH,FRESHED,STALE,STALE,1,58.7253154315345,101.2746845684655,42.549369136931006,13.370467453333342,-29.663944556817977,38.44069028326571,37.250686,126.674964,37.254138,126.680626
36.850000000000044,3,DEGRADED,DEGRADED_FEEDFORWARD,DEGRADED_FEEDFORWARD,NONE,FRESH,FRESHED,STALE,STALE,1,58.7253154315345,101.2746845684655,42.549369136931006,13.370467453333342,-29.663944556817977,38.44069028326571,37.250686,126.674964,37.254138,126.680626
36.90000000000004,3,DEGRADED,DEGRADED_FEEDFORWARD,DEGRADED_FEEDFORWARD,NONE,FRESH,FRESHED,STALE,STALE,1,58.7253154315345,101.2746845684655,42.549369136931006,13.370467453333342,-29.663944556817977,38.44069028326571,37.250686,126.674964,37.254138,126.680626
36.95000000000004,3,DEGRADED,DEGRADED_FEEDFORWARD,DEGRADED_FEEDFORWARD,NONE,FRESH,FRESHED,STALE,STALE,1,58.7253154315345,101.2746845684655,42.549369136931006,13.370467453333342,-29.663944556817977,38.44069028326571,37.250686,126.674964,37.254138,126.680626
37.000000000000036,3,DEGRADED,DEGRADED_FEEDFORWARD,DEGRADED_FEEDFORWARD,NONE,FRESH,FRESHED,STALE,STALE,1,58.7253154315345,101.2746845684655,42.549369136931006,13.370467453333342,-29.663944556817977,38.44069028326571,37.250686,126.674964,37.254138,126.680626
37.05000000000003,3,DEGRADED,DEGRADED_FEEDFORWARD,DEGRADED_FEEDFORWARD,NONE,FRESH,FRESHED,STALE,STALE,1,58.7253154315345,101.2746845684655,42.549369136931006,13.370467453333342,-29.663944556817977,38.44069028326571,37.250686,126.674964,37.254138,126.680626
37.10000000000003,3,ACTIVE,NOMINAL_CLOSED_LOOP,NOMINAL_CLOSED_LOOP,NONE,FRESH,FRESH,FRESH,FRESH,1,60.246088130673925,99.75391186932607,39.50782373865216,8.697206139113558,-48.721079123453634,56.716348591368934,37.250686,126.674964,37.254138,126.680626
37.15000000000003,3,ACTIVE,NOMINAL_CLOSED_LOOP,NOMINAL_CLOSED_LOOP,NONE,FRESH,FRESH,FRESH,FRESH,1,60.242254527604366,99.75774547239564,39.51549094479127,8.697206139113558,-48.721079123453634,56.716348591368934,37.250686,126.674964,37.254138,126.680626
37.200000000000024,3,ACTIVE,NOMINAL_CLOSED_LOOP,NOMINAL_CLOSED_LOOP,NONE,FRESH,FRESH,FRESH,FRESH,1,60.23842092453481,99.76157907546519,39.523158150930385,8.697206139113558,-48.721079123453634,56.716348591368934,37.250686,126.674964,37.254138,126.680626
37.25000000000002,3,ACTIVE,NOMINAL_CLOSED_LOOP,NOMINAL_CLOSED_LOOP,NONE,FRESH,FRESH,FRESH,FRESH,1,60.234587321465256,99.76541267853474,39.530825357069496,8.697206139113558,-48.721079123453634,56.716348591368934,37.250686,126.674964,37.254138,126.680626
37.30000000000002,3,ACTIVE,NOMINAL_CLOSED_LOOP,NOMINAL_CLOSED_LOOP,NONE,FRESH,FRESH,FRESH,FRESH,1,60.2307537183957,99.7692462816043,39.53849256320861,8.697206139113558,-48.721079123453634,56.716348591368934,37.250686,126.674964,37.254138,126.680626
37.350000000000016,3,ACTIVE,NOMINAL_FEEDFORWARD,NOMINAL_FEEDFORWARD,NONE,FRESH,FRESH,STALE,FRESH,1,63.14109467037274,96.85890532962726,33.71781065925453,7.610055371724362,-48.721079123453634,56.716348591368934,37.250686,126.674964,37.254138,126.680626
37.40000000000001,3,ACTIVE,NOMINAL_FEEDFORWARD,NOMINAL_FEEDFORWARD,NONE,FRESH,FRESH,STALE,FRESH,1,63.14109467037274,96.85890532962726,33.71781065925453,7.610055371724362,-48.721079123453634,56.716348591368934,37.250686,126.674964,37.254138,126.680626
37.45000000000001,3,ACTIVE,NOMINAL_FEEDFORWARD,NOMINAL_FEEDFORWARD,NONE,FRESH,FRESH,STALE,FRESH,1,63.14109467037274,96.85890532962726,33.71781065925453,7.610055371724362,-48.721079123453634,56.716348591368934,37.250686,126.674964,37.254138,126.680626
37.50000000000001,3,ACTIVE,NOMINAL_FEEDFORWARD,NOMINAL_FEEDFORWARD,NONE,FRESH,FRESH,STALE,FRESH,1,63.14109467037274,96.85890532962726,33.71781065925453,7.610055371724362,-48.721079123453634,56.716348591368934,37.250686,126.674964,37.254138,126.680626
37.550000000000004,3,ACTIVE,NOMINAL_FEEDFORWARD,NOMINAL_FEEDFORWARD,NONE,FRESH,FRESH,STALE,FRESH,1,63.14109467037274,96.85890532962726,33.71781065925453,7.610055371724362,-48.721079123453634,56.716348591368934,37.250686,126.674964,37.254138,126.680626
37.6,3,ACTIVE,NOMINAL_FEEDFORWARD,NOMINAL_FEEDFORWARD,NONE,FRESH,FRESH,STALE,FRESH,1,63.14109467037274,96.85890532962726,33.71781065925453,7.610055371724362,-48.721079123453634,56.716348591368934,37.250686,126.674964,37.254138,126.680626
37.65,3,ACTIVE,NOMINAL_FEEDFORWARD,NOMINAL_FEEDFORWARD,NONE,FRESH,FRESH,STALE,STALE,1,63.14109467037274,96.85890532962726,33.71781065925453,7.610055371724362,-48.721079123453634,56.716348591368934,37.250686,126.674964,37.254138,126.680626
37.699999999999996,3,ACTIVE,NOMINAL_FEEDFORWARD,NOMINAL_FEEDFORWARD,NONE,FRESH,FRESH,STALE,STALE,1,63.14109467037274,96.85890532962726,33.71781065925453,7.610055371724362,-48.721079123453634,56.716348591368934,37.250686,126.674964,37.254138,126.680626
37.74999999999999,3,ACTIVE,NOMINAL_FEEDFORWARD,NOMINAL_FEEDFORWARD,NONE,FRESH,FRESH,STALE,STALE,1,63.14109467037274,96.85890532962726,33.71781065925453,7.610055371724362,-48.721079123453634,56.716348591368934,37.250686,126.674964,37.254138,126.680626
37.79999999999999,3,ACTIVE,NOMINAL_FEEDFORWARD,NOMINAL_FEEDFORWARD,NONE,FRESH,FRESH,STALE,STALE,1,63.14109467037274,96.85890532962726,33.71781065925453,7.610055371724362,-48.721079123453634,56.716348591368934,37.250686,126.674964,37.254138,126.680626
37.84999999999999,3,ACTIVE,NOMINAL_FEEDFORWARD,NOMINAL_FEEDFORWARD,NONE,FRESH,FRESH,STALE,STALE,1,63.14109467037274,96.85890532962726,33.71781065925453,7.610055371724362,-48.721079123453634,56.716348591368934,37.250686,126.674964,37.254138,126.680626
37.899999999999984,3,ACTIVE,NOMINAL_FEEDFORWARD,NOMINAL_FEEDFORWARD,NONE,FRESH,FRESH,STALE,STALE,1,63.14109467037274,96.85890532962726,33.71781065925453,7.610055371724362,-48.721079123453634,56.716348591368934,37.250686,126.674964,37.254138,126.680626
37.94999999999998,3,ACTIVE,NOMINAL_FEEDFORWARD,NOMINAL_FEEDFORWARD,NONE,FRESH,FRESH,STALE,STALE,1,63.14109467037274,96.85890532962726,33.71781065925453,7.610055371724362,-48.721079123453634,56.716348591368934,37.250686,126.674964,37.254138,126.680626
37.99999999999998,3,ACTIVE,NOMINAL_FEEDFORWARD,NOMINAL_FEEDFORWARD,NONE,FRESH,FRESH,STALE,STALE,1,63.14109467037274,96.85890532962726,33.71781065925453,7.610055371724362,-48.721079123453634,56.716348591368934,37.250686,126.674964,37.254138,126.680626
38.049999999999976,3,ACTIVE,NOMINAL_FEEDFORWARD,NOMINAL_FEEDFORWARD,NONE,FRESH,FRESH,STALE,STALE,1,63.14109467037274,96.85890532962726,33.71781065925453,7.610055371724362,-48.721079123453634,56.716348591368934,37.250686,126.674964,37.254138,126.680626
38.09999999999997,3,DEGRADED,DEGRADED_CLOSED_LOOP,DEGRADED_CLOSED_LOOP,NONE,FRESH,FRESHED,FRESH,FRESH,1,59.64109467037294,100.35890532962706,58.05618611611916,16.27471097122921,-48.721079123453634,56.716348591368934,37.250686,126.674964,37.254138,126.680626
38.14999999999997,3,DEGRADED,DEGRADED_CLOSED_LOOP,DEGRADED_CLOSED_LOOP,NONE,FRESH,FRESHED,FRESH,FRESH,1,56.141094670373136,103.85890532962686,58.072870827090384,16.27471097122921,-48.721079123453634,56.716348591368934,37.250686,126.674964,37.254138,126.680626
38.19999999999997,3,DEGRADED,DEGRADED_CLOSED_LOOP,DEGRADED_CLOSED_LOOP,NONE,FRESH,FRESHED,FRESH,FRESH,1,52.641094670373334,107.35890532962667,58.08955553806161,16.27471097122921,-48.721079123453634,56.716348591368934,37.250686,126.674964,37.254138,126.680626
38.249999999999964,3,DEGRADED,DEGRADED_CLOSED_LOOP,DEGRADED_CLOSED_LOOP,NONE,FRESH,FRESHED,FRESH,FRESH,1,50.94687987548358,109.05312012451643,58.10624024903284,16.27471097122921,-48.721079123453634,56.716348591368934,37.250686,126.674964,37.254138,126.680626
38.29999999999996,3,DEGRADED,DEGRADED_CLOSED_LOOP,DEGRADED_CLOSED_LOOP,NONE,FRESH,FRESHED,FRESH,FRESH,1,50.938537519997965,109.06146248000204,58.12292496000407,16.27471097122921,-48.721079123453634,56.716348591368934,37.250686,126.674964,37.254138,126.680626
38.34999999999996,3,DEGRADED,DEGRADED_FEEDFORWARD,DEGRADED_FEEDFORWARD,NONE,FRESH,FRESHED,STALE,FRESH,1,53.938537519997794,106.0614624800022,41.822481346605144,13.01976877698337,-48.721079123453634,56.716348591368934,37.250686,126.674964,37.254138,126.680626
38.399999999999956,3,DEGRADED,DEGRADED_FEEDFORWARD,DEGRADED_FEEDFORWARD,NONE,FRESH,FRESHED,STALE,FRESH,1,56.938537519997624,103.06146248000238,41.822481346605144,13.01976877698337,-48.721079123453634,56.716348591368934,37.250686,126.674964,37.254138,126.680626
38.44999999999995,3,DEGRADED,DEGRADED_FEEDFORWARD,DEGRADED_FEEDFORWARD,NONE,FRESH,FRESHED,STALE,FRESH,1,59.08875932669743,100.91124067330257,41.822481346605144,13.01976877698337,-48.721079123453634,56.716348591368934,37.250686,126.674964,37.254138,126.680626
38.49999999999995,3,DEGRADED,DEGRADED_FEEDFORWARD,DEGRADED_FEEDFORWARD,NONE,FRESH,FRESHED,STALE,FRESH,1,59.08875932669743,100.91124067330257,41.822481346605144,13.01976877698337,-48.721079123453634,56.716348591368934,37.250686,126.674964,37.254138,126.680626
38.54999999999995,3,DEGRADED,DEGRADED_FEEDFORWARD,DEGRADED_FEEDFORWARD,NONE,FRESH,FRESHED,STALE,FRESH,1,59.08875932669743,100.91124067330257,41.822481346605144,13.01976877698337,-48.721079123453634,56.716348591368934,37.250686,126.674964,37.254138,126.680626
38.599999999999945,3,DEGRADED,DEGRADED_FEEDFORWARD,DEGRADED_FEEDFORWARD,NONE,FRESH,FRESHED,STALE,FRESH,1,59.08875932669743,100.91124067330257,41.822481346605144,13.01976877698337,-48.721079123453634,56.716348591368934,37.250686,126.674964,37.254138,126.680626
38.64999999999994,3,DEGRADED,DEGRADED_FEEDFORWARD,DEGRADED_FEEDFORWARD,NONE,FRESH,FRESHED,STALE,STALE,1,59.08875932669743,100.91124067330257,41.822481346605144,13.01976877698337,-48.721079123453634,56.716348591368934,37.250686,126.674964,37.254138,126.680626
38.69999999999994,3,DEGRADED,DEGRADED_FEEDFORWARD,DEGRADED_FEEDFORWARD,NONE,FRESH,FRESHED,STALE,STALE,1,59.08875932669743,100.91124067330257,41.822481346605144,13.01976877698337,-48.721079123453634,56.716348591368934,37.250686,126.674964,37.254138,126.680626
38.749999999999936,3,DEGRADED,DEGRADED_FEEDFORWARD,DEGRADED_FEEDFORWARD,NONE,FRESH,FRESHED,STALE,STALE,1,59.08875932669743,100.91124067330257,41.822481346605144,13.01976877698337,-48.721079123453634,56.716348591368934,37.250686,126.674964,37.254138,126.680626
38.79999999999993,3,DEGRADED,DEGRADED_FEEDFORWARD,DEGRADED_FEEDFORWARD,NONE,FRESH,FRESHED,STALE,STALE,1,59.08875932669743,100.91124067330257,41.822481346605144,13.01976877698337,-48.721079123453634,56.716348591368934,37.250686,126.674964,37.254138,126.680626
38.84999999999993,3,DEGRADED,DEGRADED_FEEDFORWARD,DEGRADED_FEEDFORWARD,NONE,FRESH,FRESHED,STALE,STALE,1,59.08875932669743,100.91124067330257,41.822481346605144,13.01976877698337,-48.721079123453634,56.716348591368934,37.250686,126.674964,37.254138,126.680626
38.89999999999993,3,DEGRADED,DEGRADED_FEEDFORWARD,DEGRADED_FEEDFORWARD,NONE,FRESH,FRESHED,STALE,STALE,1,59.08875932669743,100.91124067330257,41.822481346605144,13.01976877698337,-48.721079123453634,56.716348591368934,37.250686,126.674964,37.254138,126.680626
38.949999999999925,3,DEGRADED,DEGRADED_FEEDFORWARD,DEGRADED_FEEDFORWARD,NONE,FRESH,FRESHED,STALE,STALE,1,59.08875932669743,100.91124067330257,41.822481346605144,13.01976877698337,-48.721079123453634,56.716348591368934,37.250686,126.674964,37.254138,126.680626
38.99999999999992,3,DEGRADED,DEGRADED_FEEDFORWARD,DEGRADED_FEEDFORWARD,NONE,FRESH,FRESHED,STALE,STALE,1,59.08875932669743,100.91124067330257,41.822481346605144,13.01976877698337,-48.721079123453634,56.716348591368934,37.250686,126.674964,37.254138,126.680626
39.04999999999992,3,DEGRADED,DEGRADED_FEEDFORWARD,DEGRADED_FEEDFORWARD,NONE,FRESH,FRESHED,STALE,STALE,1,59.08875932669743,100.91124067330257,41.822481346605144,13.01976877698337,-48.721079123453634,56.716348591368934,37.250686,126.674964,37.254138,126.680626
39.099999999999916,3,DEGRADED,DEGRADED_CLOSED_LOOP,DEGRADED_CLOSED_LOOP,NONE,FRESH,FRESHED,FRESH,FRESH,1,55.58875932669763,104.41124067330237,58.21088444168708,16.27471097122921,-48.721079123453634,56.716348591368934,37.250686,126.674964,37.254138,126.680626
39.14999999999991,3,DEGRADED,DEGRADED_CLOSED_LOOP,DEGRADED_CLOSED_LOOP,NONE,FRESH,FRESHED,FRESH,FRESH,1,52.088759326697826,107.91124067330217,58.2279891526583,16.27471097122921,-48.721079123453634,56.716348591368934,37.250686,126.674964,37.254138,126.680626
39.19999999999991,3,DEGRADED,DEGRADED_CLOSED_LOOP,DEGRADED_CLOSED_LOOP,NONE,FRESH,FRESHED,FRESH,FRESH,1,50.87745306818523,109.12254693181477,58.245093863629535,16.27471097122921,-48.721079123453634,56.716348591368934,37.250686,126.674964,37.254138,126.680626
39.24999999999991,3,DEGRADED,DEGRADED_CLOSED_LOOP,DEGRADED_CLOSED_LOOP,NONE,FRESH,FRESHED,FRESH,FRESH,1,50.86890071269962,109.13109928730037,58.26219857460076,16.27471097122921,-48.721079123453634,56.716348591368934,37.250686,126.674964,37.254138,126.680626
39.299999999999905,3,DEGRADED,DEGRADED_CLOSED_LOOP,DEGRADED_CLOSED_LOOP,NONE,FRESH,FRESHED,FRESH,FRESH,1,50.86034835721401,109.13965164278599,58.279303285571984,16.27471097122921,-48.721079123453634,56.716348591368934,37.250686,126.674964,37.254138,126.680626
39.3499999999999,3,DEGRADED,DEGRADED_FEEDFORWARD,DEGRADED_FEEDFORWARD,NONE,FRESH,FRESHED,STALE,FRESH,1,53.86034835721384,106.13965164278616,41.822481346605144,13.01976877698337,-48.721079123453634,56.716348591368934,37.250686,126.674964,37.254138,126.680626
39.3999999999999,3,DEGRADED,DEGRADED_FEEDFORWARD,DEGRADED_FEEDFORWARD,NONE,FRESH,FRESHED,STALE,FRESH,1,56.86034835721367,103.13965164278633,41.822481346605144,13.01976877698337,-48.721079123453634,56.716348591368934,37.250686,126.674964,37.254138,126.680626
39.449999999999896,3,DEGRADED,DEGRADED_FEEDFORWARD,DEGRADED_FEEDFORWARD,NONE,FRESH,FRESHED,STALE,FRESH,1,59.08875932669743,100.91124067330257,41.822481346605144,13.01976877698337,-48.721079123453634,56.716348591368934,37.250686,126.674964,37.254138,126.680626
39.49999999999989,3,DEGRADED,DEGRADED_FEEDFORWARD,DEGRADED_FEEDFORWARD,NONE,FRESH,FRESHED,STALE,FRESH,1,59.08875932669743,100.91124067330257,41.822481346605144,13.01976877698337,-48.721079123453634,56.716348591368934,37.250686,126.674964,37.254138,126.680626
39.54999999999989,3,DEGRADED,DEGRADED_FEEDFORWARD,DEGRADED_FEEDFORWARD,NONE,FRESH,FRESHED,STALE,FRESH,1,59.08875932669743,100.91124067330257,41.822481346605144,13.01976877698337,-48.721079123453634,56.716348591368934,37.250686,126.674964,37.254138,126.680626
39.59999999999989,3,DEGRADED,DEGRADED_FEEDFORWARD,DEGRADED_FEEDFORWARD,NONE,FRESH,FRESHED,STALE,FRESH,1,59.08875932669743,100.91124067330257,41.822481346605144,13.01976877698337,-48.721079123453634,56.716348591368934,37.250686,126.674964,37.254138,126.680626
39.649999999999885,3,DEGRADED,DEGRADED_FEEDFORWARD,DEGRADED_FEEDFORWARD,NONE,FRESH,FRESHED,STALE,STALE,1,59.08875932669743,100.91124067330257,41.822481346605144,13.01976877698337,-48.721079123453634,56.716348591368934,37.250686,126.674964,37.254138,126.680626
39.69999999999988,3,DEGRADED,DEGRADED_FEEDFORWARD,DEGRADED_FEEDFORWARD,NONE,FRESH,FRESHED,STALE,STALE,1,59.08875932669743,100.91124067330257,41.822481346605144,13.01976877698337,-48.721079123453634,56.716348591368934,37.250686,126.674964,37.254138,126.680626
39.74999999999988,3,DEGRADED,DEGRADED_FEEDFORWARD,DEGRADED_FEEDFORWARD,NONE,FRESH,FRESHED,STALE,STALE,1,59.08875932669743,100.91124067330257,41.822481346605144,13.01976877698337,-48.721079123453634,56.716348591368934,37.250686,126.674964,37.254138,126.680626
39.799999999999876,3,DEGRADED,DEGRADED_FEEDFORWARD,DEGRADED_FEEDFORWARD,NONE,FRESH,FRESHED,STALE,STALE,1,59.08875932669743,100.91124067330257,41.822481346605144,13.01976877698337,-48.721079123453634,56.716348591368934,37.250686,126.674964,37.254138,126.680626
39.84999999999987,3,DEGRADED,DEGRADED_FEEDFORWARD,DEGRADED_FEEDFORWARD,NONE,FRESH,FRESHED,STALE,STALE,1,59.08875932669743,100.91124067330257,41.822481346605144,13.01976877698337,-48.721079123453634,56.716348591368934,37.250686,126.674964,37.254138,126.680626
39.89999999999987,3,DEGRADED,DEGRADED_FEEDFORWARD,DEGRADED_FEEDFORWARD,NONE,FRESH,FRESHED,STALE,STALE,1,59.08875932669743,100.91124067330257,41.822481346605144,13.01976877698337,-48.721079123453634,56.716348591368934,37.250686,126.674964,37.254138,126.680626
39.94999999999987,3,DEGRADED,DEGRADED_FEEDFORWARD,DEGRADED_FEEDFORWARD,NONE,FRESH,FRESHED,STALE,STALE,1,59.08875932669743,100.91124067330257,41.822481346605144,13.01976877698337,-48.721079123453634,56.716348591368934,37.250686,126.674964,37.254138,126.680626
39.999999999999865,3,DEGRADED,DEGRADED_FEEDFORWARD,DEGRADED_FEEDFORWARD,NONE,FRESH,FRESHED,STALE,STALE,1,59.08875932669743,100.91124067330257,41.822481346605144,13.01976877698337,-48.721079123453634,56.716348591368934,37.250686,126.674964,37.254138,126.680626
40.04999999999986,3,DEGRADED,DEGRADED_FEEDFORWARD,DEGRADED_FEEDFORWARD,NONE,FRESH,FRESHED,STALE,STALE,1,59.08875932669743,100.91124067330257,41.822481346605144,13.01976877698337,-48.721079123453634,56.716348591368934,37.250686,126.674964,37.254138,126.680626
40.09999999999986,3,DEGRADED,DEGRADED_CLOSED_LOOP,DEGRADED_CLOSED_LOOP,NONE,FRESHED,FRESHED,FRESH,FRESH,1,55.58875932669763,104.41124067330237,57.79402933767628,16.27471097122921,-55.0734573123322,62.808234694070016,37.250686,126.674964,37.254138,126.680626
40.14999999999986,3,DEGRADED,DEGRADED_CLOSED_LOOP,DEGRADED_CLOSED_LOOP,NONE,FRESHED,FRESHED,FRESH,FRESH,1,52.088759326697826,107.91124067330217,57.809934048647506,16.27471097122921,-55.39107622188013,63.112828998809405,37.250686,126.674964,37.254138,126.680626
40.199999999999854,3,DEGRADED,DEGRADED_CLOSED_LOOP,DEGRADED_CLOSED_LOOP,NONE,FRESHED,FRESHED,FRESH,FRESH,1,51.08708062019063,108.91291937980937,57.82583875961873,16.27471097122921,-55.70869513066323,63.41742330454737,37.250686,126.674964,37.254138,126.680626
40.24999999999985,3,DEGRADED,DEGRADED_CLOSED_LOOP,DEGRADED_CLOSED_LOOP,NONE,FRESHED,FRESHED,FRESH,FRESH,1,51.07912826470502,108.92087173529498,57.84174347058996,16.27471097122921,-56.0263140408384,63.7220176097672,37.250686,126.674964,37.254138,126.680626
40.29999999999985,3,DEGRADED,DEGRADED_CLOSED_LOOP,DEGRADED_CLOSED_LOOP,NONE,FRESHED,FRESHED,FRESH,FRESH,1,51.071175909219406,108.9288240907806,57.85764818156119,16.27471097122921,-56.34393295038632,64.0266119145066,37.250686,126.674964,37.254138,126.680626
40.349999999999845,3,DEGRADED,DEGRADED_FEEDFORWARD,DEGRADED_FEEDFORWARD,NONE,FRESHED,FRESHED,STALE,FRESH,1,54.071175909219235,105.92882409078076,41.822481346605144,13.01976877698337,-56.66155185916942,64.33120622024457,37.250686,126.674964,37.254138,126.680626
40.39999999999984,3,DEGRADED,DEGRADED_FEEDFORWARD,DEGRADED_FEEDFORWARD,NONE,FRESHED,FRESHED,STALE,FRESH,1,57.071175909219065,102.92882409078094,41.822481346605144,13.01976877698337,-56.97917076871735,64.63580052498396,37.250686,126.674964,37.254138,126.680626
40.44999999999984,3,DEGRADED,DEGRADED_FEEDFORWARD,DEGRADED_FEEDFORWARD,NONE,FRESHED,FRESHED,STALE,FRESH,1,59.08875932669743,100.91124067330257,41.822481346605144,13.01976877698337,-57.296789678265284,64.94039482972337,37.250686,126.674964,37.254138,126.680626
40.49999999999984,3,DEGRADED,DEGRADED_FEEDFORWARD,DEGRADED_FEEDFORWARD,NONE,FRESHED,FRESHED,STALE,FRESH,1,59.08875932669743,100.91124067330257,41.822481346605144,13.01976877698337,-57.61440858844045,65.24498913494318,37.250686,126.674964,37.254138,126.680626
40.549999999999834,3,DEGRADED,DEGRADED_FEEDFORWARD,DEGRADED_FEEDFORWARD,NONE,FRESHED,FRESHED,STALE,FRESH,1,59.08875932669743,100.91124067330257,41.822481346605144,13.01976877698337,-57.93202749722355,65.54958344068115,37.250686,126.674964,37.254138,126.680626
40.59999999999983,3,DEGRADED,DEGRADED_FEEDFORWARD,DEGRADED_FEEDFORWARD,NONE,FRESHED,FRESHED,STALE,FRESH,1,59.08875932669743,100.91124067330257,41.822481346605144,13.01976877698337,-58.24964640677147,65.85417774542054,37.250686,126.674964,37.254138,126.680626
40.64999999999983,3,DEGRADED,DEGRADED_FEEDFORWARD,DEGRADED_FEEDFORWARD,NONE,FRESHED,FRESHED,STALE,STALE,1,59.08875932669743,100.91124067330257,41.822481346605144,13.01976877698337,-58.56726531631941,66.15877205015995,37.250686,126.674964,37.254138,126.680626
40.699999999999825,3,DEGRADED,DEGRADED_FEEDFORWARD,DEGRADED_FEEDFORWARD,NONE,FRESHED,FRESHED,STALE,STALE,1,59.08875932669743,100.91124067330257,41.822481346605144,13.01976877698337,-58.884884225102496,66.4633663558979,37.250686,126.674964,37.254138,126.680626
40.74999999999982,3,DEGRADED,DEGRADED_FEEDFORWARD,DEGRADED_FEEDFORWARD,NONE,FRESHED,FRESHED,STALE,STALE,1,59.08875932669743,100.91124067330257,41.822481346605144,13.01976877698337,-59.20250313527768,66.76796066111774,37.250686,126.674964,37.254138,126.680626
40.79999999999982,3,DEGRADED,DEGRADED_FEEDFORWARD,DEGRADED_FEEDFORWARD,NONE,FRESHED,FRESHED,STALE,STALE,1,59.08875932669743,100.91124067330257,41.822481346605144,13.01976877698337,-59.52012204482561,67.07255496585715,37.250686,126.674964,37.254138,126.680626
40.84999999999982,3,DEGRADED,DEGRADED_FEEDFORWARD,DEGRADED_FEEDFORWARD,NONE,FRESHED,FRESHED,STALE,STALE,1,59.08875932669743,100.91124067330257,41.822481346605144,13.01976877698337,-59.8377409536087,67.3771492715951,37.250686,126.674964,37.254138,126.680626
40.899999999999814,3,DEGRADED,DEGRADED_FEEDFORWARD,DEGRADED_FEEDFORWARD,NONE,FRESHED,FRESHED,STALE,STALE,1,59.08875932669743,100.91124067330257,41.822481346605144,13.01976877698337,-60.15535986315662,67.6817435763345,37.250686,126.674964,37.254138,126.680626
40.94999999999981,3,DEGRADED,DEGRADED_FEEDFORWARD,DEGRADED_FEEDFORWARD,NONE,FRESHED,FRESHED,STALE,STALE,1,59.08875932669743,100.91124067330257,41.822481346605144,13.01976877698337,-60.47297877270456,67.98633788107391,37.250686,126.674964,37.254138,126.680626
40.99999999999981,3,DEGRADED,DEGRADED_FEEDFORWARD,DEGRADED_FEEDFORWARD,NONE,FRESHED,FRESHED,STALE,STALE,1,59.08875932669743,100.91124067330257,41.822481346605144,13.01976877698337,-60.79059768287973,68.29093218629373,37.250686,126.674964,37.254138,126.680626
41.049999999999805,3,DEGRADED,DEGRADED_FEEDFORWARD,DEGRADED_FEEDFORWARD,NONE,FRESHED,FRESHED,STALE,STALE,1,59.08875932669743,100.91124067330257,41.822481346605144,13.01976877698337,-61.10821659166282,68.59552649203168,37.250686,126.674964,37.254138,126.680626
41.0999999999998,3,NO_POSITION,FAIL,NO_POSITION,NO_POSITION,STALE,FRESHED,FRESH,FRESH,0,80.0,80.0,0.0,0.0,0.0,0.0,37.250686,126.674964,37.254138,126.680626
41.1499999999998,3,NO_POSITION,FAIL,NO_POSITION,NO_POSITION,STALE,FRESHED,FRESH,FRESH,0,80.0,80.0,0.0,0.0,0.0,0.0,37.250686,126.674964,37.254138,126.680626
41.1999999999998,3,NO_POSITION,FAIL,NO_POSITION,NO_POSITION,STALE,FRESHED,FRESH,FRESH,0,80.0,80.0,0.0,0.0,0.0,0.0,37.250686,126.674964,37.254138,126.680626
41.249999999999794,3,NO_POSITION,FAIL,NO_POSITION,NO_POSITION,STALE,FRESHED,FRESH,FRESH,0,80.0,80.0,0.0,0.0,0.0,0.0,37.250686,126.674964,37.254138,126.680626
41.29999999999979,3,NO_POSITION,FAIL,NO_POSITION,NO_POSITION,STALE,FRESHED,FRESH,FRESH,0,80.0,80.0,0.0,0.0,0.0,0.0,37.250686,126.674964,37.254138,126.680626
41.34999999999979,3,NO_POSITION,FAIL,NO_POSITION,NO_POSITION,STALE,FRESHED,STALE,FRESH,0,80.0,80.0,0.0,0.0,0.0,0.0,37.250686,126.674964,37.254138,126.680626
41.399999999999785,3,NO_POSITION,FAIL,NO_POSITION,NO_POSITION,STALE,FRESHED,STALE,FRESH,0,80.0,80.0,0.0,0.0,0.0,0.0,37.250686,126.674964,37.254138,126.680626
41.44999999999978,3,NO_POSITION,FAIL,NO_POSITION,NO_POSITION,STALE,FRESHED,STALE,FRESH,0,80.0,80.0,0.0,0.0,0.0,0.0,37.250686,126.674964,37.254138,126.680626
41.49999999999978,3,NO_POSITION,FAIL,NO_POSITION,NO_POSITION,STALE,FRESHED,STALE,FRESH,0,80.0,80.0,0.0,0.0,0.0,0.0,37.250686,126.674964,37.254138,126.680626
41.54999999999978,3,NO_POSITION,FAIL,NO_POSITION,NO_POSITION,STALE,FRESHED,STALE,FRESH,0,80.0,80.0,0.0,0.0,0.0,0.0,37.250686,126.674964,37.254138,126.680626
41.599999999999774,3,NO_POSITION,FAIL,NO_POSITION,NO_POSITION,STALE,FRESHED,STALE,FRESH,0,80.0,80.0,0.0,0.0,0.0,0.0,37.250686,126.674964,37.254138,126.680626
41.64999999999977,3,NO_POSITION,FAIL,NO_POSITION,NO_POSITION,STALE,FRESHED,STALE,STALE,0,80.0,80.0,0.0,0.0,0.0,0.0,37.250686,126.674964,37.254138,126.680626
41.69999999999977,3,NO_POSITION,FAIL,NO_POSITION,NO_POSITION,STALE,FRESHED,STALE,STALE,0,80.0,80.0,0.0,0.0,0.0,0.0,37.250686,126.674964,37.254138,126.680626
41.749999999999766,3,NO_POSITION,FAIL,NO_POSITION,NO_POSITION,STALE,FRESHED,STALE,STALE,0,80.0,80.0,0.0,0.0,0.0,0.0,37.250686,126.674964,37.254138,126.680626
41.79999999999976,3,NO_POSITION,FAIL,NO_POSITION,NO_POSITION,STALE,FRESHED,STALE,STALE,0,80.0,80.0,0.0,0.0,0.0,0.0,37.250686,126.674964,37.254138,126.680626
41.84999999999976,3,NO_POSITION,FAIL,NO_POSITION,NO_POSITION,STALE,FRESHED,STALE,STALE,0,80.0,80.0,0.0,0.0,0.0,0.0,37.250686,126.674964,37.254138,126.680626
41.89999999999976,3,NO_POSITION,FAIL,NO_POSITION,NO_POSITION,STALE,FRESHED,STALE,STALE,0,80.0,80.0,0.0,0.0,0.0,0.0,37.250686,126.674964,37.254138,126.680626
41.949999999999754,3,NO_POSITION,FAIL,NO_POSITION,NO_POSITION,STALE,FRESHED,STALE,STALE,0,80.0,80.0,0.0,0.0,0.0,0.0,37.250686,126.674964,37.254138,126.680626
41.99999999999975,3,NO_POSITION,FAIL,NO_POSITION,NO_POSITION,STALE,FRESHED,STALE,STALE,0,80.0,80.0,0.0,0.0,0.0,0.0,37.250686,126.674964,37.254138,126.680626
42.04999999999975,3,NO_POSITION,FAIL,NO_POSITION,NO_POSITION,STALE,FRESHED,STALE,STALE,0,80.0,80.0,0.0,0.0,0.0,0.0,37.250686,126.674964,37.254138,126.680626
42.099999999999746,3,NO_POSITION,FAIL,NO_POSITION,NO_POSITION,STALE,FRESHED,FRESH,FRESH,0,80.0,80.0,0.0,0.0,0.0,0.0,37.250686,126.674964,37.254138,126.680626
42.14999999999974,3,NO_POSITION,FAIL,NO_POSITION,NO_POSITION,STALE,STALE,FRESH,FRESH,0,80.0,80.0,0.0,0.0,0.0,0.0,37.250686,126.674964,37.254138,126.680626
42.19999999999974,3,NO_POSITION,FAIL,NO_POSITION,NO_POSITION,STALE,STALE,FRESH,FRESH,0,80.0,80.0,0.0,0.0,0.0,0.0,37.250686,126.674964,37.254138,126.680626
42.24999999999974,3,NO_POSITION,FAIL,NO_POSITION,NO_POSITION,STALE,STALE,FRESH,FRESH,0,80.0,80.0,0.0,0.0,0.0,0.0,37.250686,126.674964,37.254138,126.680626
42.299999999999734,3,NO_POSITION,FAIL,NO_POSITION,NO_POSITION,STALE,STALE,FRESH,FRESH,0,80.0,80.0,0.0,0.0,0.0,0.0,37.250686,126.674964,37.254138,126.680626
42.34999999999973,3,NO_POSITION,FAIL,NO_POSITION,NO_POSITION,STALE,STALE,STALE,FRESH,0,80.0,80.0,0.0,0.0,0.0,0.0,37.250686,126.674964,37.254138,126.680626
42.39999999999973,3,NO_POSITION,FAIL,NO_POSITION,NO_POSITION,STALE,STALE,STALE,FRESH,0,80.0,80.0,0.0,0.0,0.0,0.0,37.250686,126.674964,37.254138,126.680626
42.449999999999726,3,NO_POSITION,FAIL,NO_POSITION,NO_POSITION,STALE,STALE,STALE,FRESH,0,80.0,80.0,0.0,0.0,0.0,0.0,37.250686,126.674964,37.254138,126.680626
42.49999999999972,3,NO_POSITION,FAIL,NO_POSITION,NO_POSITION,STALE,STALE,STALE,FRESH,0,80.0,80.0,0.0,0.0,0.0,0.0,37.250686,126.674964,37.254138,126.680626
42.54999999999972,3,NO_POSITION,FAIL,NO_POSITION,NO_POSITION,STALE,STALE,STALE,FRESH,0,80.0,80.0,0.0,0.0,0.0,0.0,37.250686,126.674964,37.254138,126.680626
42.59999999999972,3,NO_POSITION,FAIL,NO_POSITION,NO_POSITION,STALE,STALE,STALE,FRESH,0,80.0,80.0,0.0,0.0,0.0,0.0,37.250686,126.674964,37.254138,126.680626
42.649999999999714,3,SENSOR_BLACKOUT,FAIL,SENSOR_BLACKOUT,SENSOR_BLACKOUT,STALE,STALE,STALE,STALE,0,80.0,80.0,0.0,0.0,0.0,0.0,37.250686,126.674964,37.254138,126.680626
42.69999999999971,3,SENSOR_BLACKOUT,FAIL,SENSOR_BLACKOUT,SENSOR_BLACKOUT,STALE,STALE,STALE,STALE,0,80.0,80.0,0.0,0.0,0.0,0.0,37.250686,126.674964,37.254138,126.680626
42.74999999999971,3,SENSOR_BLACKOUT,FAIL,SENSOR_BLACKOUT,SENSOR_BLACKOUT,STALE,STALE,STALE,STALE,0,80.0,80.0,0.0,0.0,0.0,0.0,37.250686,126.674964,37.254138,126.680626
42.799999999999706,3,SENSOR_BLACKOUT,FAIL,SENSOR_BLACKOUT,SENSOR_BLACKOUT,STALE,STALE,STALE,STALE,0,80.0,80.0,0.0,0.0,0.0,0.0,37.250686,126.674964,37.254138,126.680626
42.8499999999997,3,SENSOR_BLACKOUT,FAIL,SENSOR_BLACKOUT,SENSOR_BLACKOUT,STALE,STALE,STALE,STALE,0,80.0,80.0,0.0,0.0,0.0,0.0,37.250686,126.674964,37.254138,126.680626
42.8999999999997,3,SENSOR_BLACKOUT,FAIL,SENSOR_BLACKOUT,SENSOR_BLACKOUT,STALE,STALE,STALE,STALE,0,80.0,80.0,0.0,0.0,0.0,0.0,37.250686,126.674964,37.254138,126.680626
42.9499999999997,3,SENSOR_BLACKOUT,FAIL,SENSOR_BLACKOUT,SENSOR_BLACKOUT,STALE,STALE,STALE,STALE,0,80.0,80.0,0.0,0.0,0.0,0.0,37.250686,126.674964,37.254138,126.680626
42.999999999999694,3,SENSOR_BLACKOUT,FAIL,SENSOR_BLACKOUT,SENSOR_BLACKOUT,STALE,STALE,STALE,STALE,0,80.0,80.0,0.0,0.0,0.0,0.0,37.250686,126.674964,37.254138,126.680626
43.04999999999969,3,SENSOR_BLACKOUT,FAIL,SENSOR_BLACKOUT,SENSOR_BLACKOUT,STALE,STALE,STALE,STALE,0,80.0,80.0,0.0,0.0,0.0,0.0,37.250686,126.674964,37.254138,126.680626
43.09999999999969,3,NO_POSITION,FAIL,NO_POSITION,NO_POSITION,STALE,STALE,FRESH,FRESH,0,80.0,80.0,0.0,0.0,0.0,0.0,37.250686,126.674964,37.254138,126.680626
43.149999999999686,3,NO_POSITION,FAIL,NO_POSITION,NO_POSITION,STALE,STALE,FRESH,FRESH,0,80.0,80.0,0.0,0.0,0.0,0.0,37.250686,126.674964,37.254138,126.680626
43.19999999999968,3,NO_POSITION,FAIL,NO_POSITION,NO_POSITION,STALE,STALE,FRESH,FRESH,0,80.0,80.0,0.0,0.0,0.0,0.0,37.250686,126.674964,37.254138,126.680626
43.24999999999968,3,NO_POSITION,FAIL,NO_POSITION,NO_POSITION,STALE,STALE,FRESH,FRESH,0,80.0,80.0,0.0,0.0,0.0,0.0,37.250686,126.674964,37.254138,126.680626
43.29999999999968,3,NO_POSITION,FAIL,NO_POSITION,NO_POSITION,STALE,STALE,FRESH,FRESH,0,80.0,80.0,0.0,0.0,0.0,0.0,37.250686,126.674964,37.254138,126.680626
43.349999999999675,3,NO_POSITION,FAIL,NO_POSITION,NO_POSITION,STALE,STALE,STALE,FRESH,0,80.0,80.0,0.0,0.0,0.0,0.0,37.250686,126.674964,37.254138,126.680626
43.39999999999967,3,NO_POSITION,FAIL,NO_POSITION,NO_POSITION,STALE,STALE,STALE,FRESH,0,80.0,80.0,0.0,0.0,0.0,0.0,37.250686,126.674964,37.254138,126.680626
43.44999999999967,3,NO_POSITION,FAIL,NO_POSITION,NO_POSITION,STALE,STALE,STALE,FRESH,0,80.0,80.0,0.0,0.0,0.0,0.0,37.250686,126.674964,37.254138,126.680626
43.499999999999666,3,NO_POSITION,FAIL,NO_POSITION,NO_POSITION,STALE,STALE,STALE,FRESH,0,80.0,80.0,0.0,0.0,0.0,0.0,37.250686,126.674964,37.254138,126.680626
43.54999999999966,3,NO_POSITION,FAIL,NO_POSITION,NO_POSITION,STALE,STALE,STALE,FRESH,0,80.0,80.0,0.0,0.0,0.0,0.0,37.250686,126.674964,37.254138,126.680626
43.59999999999966,3,NO_POSITION,FAIL,NO_POSITION,NO_POSITION,STALE,STALE,STALE,FRESH,0,80.0,80.0,0.0,0.0,0.0,0.0,37.250686,126.674964,37.254138,126.680626
43.64999999999966,3,SENSOR_BLACKOUT,FAIL,SENSOR_BLACKOUT,SENSOR_BLACKOUT,STALE,STALE,STALE,STALE,0,80.0,80.0,0.0,0.0,0.0,0.0,37.250686,126.674964,37.254138,126.680626
43.699999999999655,3,SENSOR_BLACKOUT,FAIL,SENSOR_BLACKOUT,SENSOR_BLACKOUT,STALE,STALE,STALE,STALE,0,80.0,80.0,0.0,0.0,0.0,0.0,37.250686,126.674964,37.254138,126.680626
43.74999999999965,3,SENSOR_BLACKOUT,FAIL,SENSOR_BLACKOUT,SENSOR_BLACKOUT,STALE,STALE,STALE,STALE,0,80.0,80.0,0.0,0.0,0.0,0.0,37.250686,126.674964,37.254138,126.680626
43.79999999999965,3,SENSOR_BLACKOUT,FAIL,SENSOR_BLACKOUT,SENSOR_BLACKOUT,STALE,STALE,STALE,STALE,0,80.0,80.0,0.0,0.0,0.0,0.0,37.250686,126.674964,37.254138,126.680626
43.849999999999646,3,SENSOR_BLACKOUT,FAIL,SENSOR_BLACKOUT,SENSOR_BLACKOUT,STALE,STALE,STALE,STALE,0,80.0,80.0,0.0,0.0,0.0,0.0,37.250686,126.674964,37.254138,126.680626
43.89999999999964,3,SENSOR_BLACKOUT,FAIL,SENSOR_BLACKOUT,SENSOR_BLACKOUT,STALE,STALE,STALE,STALE,0,80.0,80.0,0.0,0.0,0.0,0.0,37.250686,126.674964,37.254138,126.680626
43.94999999999964,3,SENSOR_BLACKOUT,FAIL,SENSOR_BLACKOUT,SENSOR_BLACKOUT,STALE,STALE,STALE,STALE,0,80.0,80.0,0.0,0.0,0.0,0.0,37.250686,126.674964,37.254138,126.680626
43.99999999999964,3,SENSOR_BLACKOUT,FAIL,SENSOR_BLACKOUT,SENSOR_BLACKOUT,STALE,STALE,STALE,STALE,0,80.0,80.0,0.0,0.0,0.0,0.0,37.250686,126.674964,37.254138,126.680626
44.049999999999635,3,SENSOR_BLACKOUT,FAIL,SENSOR_BLACKOUT,SENSOR_BLACKOUT,STALE,STALE,STALE,STALE,0,80.0,80.0,0.0,0.0,0.0,0.0,37.250686,126.674964,37.254138,126.680626
44.09999999999963,3,NO_POSITION,FAIL,NO_POSITION,NO_POSITION,STALE,STALE,FRESH,FRESH,0,80.0,80.0,0.0,0.0,0.0,0.0,37.250686,126.674964,37.254138,126.680626
44.14999999999963,3,NO_POSITION,FAIL,NO_POSITION,NO_POSITION,STALE,STALE,FRESH,FRESH,0,80.0,80.0,0.0,0.0,0.0,0.0,37.250686,126.674964,37.254138,126.680626
44.199999999999626,3,NO_POSITION,FAIL,NO_POSITION,NO_POSITION,STALE,STALE,FRESH,FRESH,0,80.0,80.0,0.0,0.0,0.0,0.0,37.250686,126.674964,37.254138,126.680626
44.24999999999962,3,NO_POSITION,FAIL,NO_POSITION,NO_POSITION,STALE,STALE,FRESH,FRESH,0,80.0,80.0,0.0,0.0,0.0,0.0,37.250686,126.674964,37.254138,126.680626
44.29999999999962,3,NO_POSITION,FAIL,NO_POSITION,NO_POSITION,STALE,STALE,FRESH,FRESH,0,80.0,80.0,0.0,0.0,0.0,0.0,37.250686,126.674964,37.254138,126.680626
44.34999999999962,3,NO_POSITION,FAIL,NO_POSITION,NO_POSITION,STALE,STALE,STALE,FRESH,0,80.0,80.0,0.0,0.0,0.0,0.0,37.250686,126.674964,37.254138,126.680626
44.399999999999615,3,NO_POSITION,FAIL,NO_POSITION,NO_POSITION,STALE,STALE,STALE,FRESH,0,80.0,80.0,0.0,0.0,0.0,0.0,37.250686,126.674964,37.254138,126.680626
44.44999999999961,3,NO_POSITION,FAIL,NO_POSITION,NO_POSITION,STALE,STALE,STALE,FRESH,0,80.0,80.0,0.0,0.0,0.0,0.0,37.250686,126.674964,37.254138,126.680626
44.49999999999961,3,NO_POSITION,FAIL,NO_POSITION,NO_POSITION,STALE,STALE,STALE,FRESH,0,80.0,80.0,0.0,0.0,0.0,0.0,37.250686,126.674964,37.254138,126.680626
44.549999999999606,3,NO_POSITION,FAIL,NO_POSITION,NO_POSITION,STALE,STALE,STALE,FRESH,0,80.0,80.0,0.0,0.0,0.0,0.0,37.250686,126.674964,37.254138,126.680626
44.5999999999996,3,NO_POSITION,FAIL,NO_POSITION,NO_POSITION,STALE,STALE,STALE,FRESH,0,80.0,80.0,0.0,0.0,0.0,0.0,37.250686,126.674964,37.254138,126.680626
44.6499999999996,3,SENSOR_BLACKOUT,FAIL,SENSOR_BLACKOUT,SENSOR_BLACKOUT,STALE,STALE,STALE,STALE,0,80.0,80.0,0.0,0.0,0.0,0.0,37.250686,126.674964,37.254138,126.680626
44.6999999999996,3,SENSOR_BLACKOUT,FAIL,SENSOR_BLACKOUT,SENSOR_BLACKOUT,STALE,STALE,STALE,STALE,0,80.0,80.0,0.0,0.0,0.0,0.0,37.250686,126.674964,37.254138,126.680626
44.749999999999595,3,SENSOR_BLACKOUT,FAIL,SENSOR_BLACKOUT,SENSOR_BLACKOUT,STALE,STALE,STALE,STALE,0,80.0,80.0,0.0,0.0,0.0,0.0,37.250686,126.674964,37.254138,126.680626
44.79999999999959,3,SENSOR_BLACKOUT,FAIL,SENSOR_BLACKOUT,SENSOR_BLACKOUT,STALE,STALE,STALE,STALE,0,80.0,80.0,0.0,0.0,0.0,0.0,37.250686,126.674964,37.254138,126.680626
44.84999999999959,3,SENSOR_BLACKOUT,FAIL,SENSOR_BLACKOUT,SENSOR_BLACKOUT,STALE,STALE,STALE,STALE,0,80.0,80.0,0.0,0.0,0.0,0.0,37.250686,126.674964,37.254138,126.680626
44.89999999999959,3,SENSOR_BLACKOUT,FAIL,SENSOR_BLACKOUT,SENSOR_BLACKOUT,STALE,STALE,STALE,STALE,0,80.0,80.0,0.0,0.0,0.0,0.0,37.250686,126.674964,37.254138,126.680626
44.949999999999584,3,SENSOR_BLACKOUT,FAIL,SENSOR_BLACKOUT,SENSOR_BLACKOUT,STALE,STALE,STALE,STALE,0,80.0,80.0,0.0,0.0,0.0,0.0,37.250686,126.674964,37.254138,126.680626
44.99999999999958,3,SENSOR_BLACKOUT,FAIL,SENSOR_BLACKOUT,SENSOR_BLACKOUT,STALE,STALE,STALE,STALE,0,80.0,80.0,0.0,0.0,0.0,0.0,37.250686,126.674964,37.254138,126.680626
45.04999999999958,3,SENSOR_BLACKOUT,FAIL,SENSOR_BLACKOUT,SENSOR_BLACKOUT,STALE,STALE,STALE,STALE,0,80.0,80.0,0.0,0.0,0.0,0.0,37.250686,126.674964,37.254138,126.680626
45.099999999999575,3,ACTIVE,FAIL,NO_MOTION,NO_MOTION,FRESH,STALE,FRESH,FRESH,1,71.08875932669743,88.91124067330257,-65.0,-25.0,0.0,0.0,37.250686,126.674964,37.254138,126.680626
45.14999999999957,3,ACTIVE,FAIL,NO_MOTION,NO_MOTION,FRESH,STALE,FRESH,FRESH,1,74.08875932669726,85.91124067330274,-65.0,-25.0,0.0,0.0,37.250686,126.674964,37.254138,126.680626
45.19999999999957,3,ACTIVE,FAIL,NO_MOTION,NO_MOTION,FRESH,STALE,FRESH,FRESH,1,77.08875932669709,82.91124067330291,-65.0,-25.0,0.0,0.0,37.250686,126.674964,37.254138,126.680626
45.24999999999957,3,ACTIVE,FAIL,NO_MOTION,NO_MOTION,FRESH,STALE,FRESH,FRESH,1,80.08875932669692,79.91124067330308,-65.0,-25.0,0.0,0.0,37.250686,126.674964,37.254138,126.680626
45.299999999999564,3,ACTIVE,FAIL,NO_MOTION,NO_MOTION,FRESH,STALE,FRESH,FRESH,1,83.08875932669675,76.91124067330325,-65.0,-25.0,0.0,0.0,37.250686,126.674964,37.254138,126.680626
45.34999999999956,3,NO_MOTION,FAIL,NO_MOTION,NO_MOTION,FRESH,STALE,STALE,FRESH,0,80.0,80.0,0.0,0.0,0.0,0.0,37.250686,126.674964,37.254138,126.680626
45.39999999999956,3,NO_MOTION,FAIL,NO_MOTION,NO_MOTION,FRESH,STALE,STALE,FRESH,0,80.0,80.0,0.0,0.0,0.0,0.0,37.250686,126.674964,37.254138,126.680626
45.449999999999555,3,NO_MOTION,FAIL,NO_MOTION,NO_MOTION,FRESH,STALE,STALE,FRESH,0,80.0,80.0,0.0,0.0,0.0,0.0,37.250686,126.674964,37.254138,126.680626
45.49999999999955,3,NO_MOTION,FAIL,NO_MOTION,NO_MOTION,FRESH,STALE,STALE,FRESH,0,80.0,80.0,0.0,0.0,0.0,0.0,37.250686,126.674964,37.254138,126.680626
45.54999999999955,3,NO_MOTION,FAIL,NO_MOTION,NO_MOTION,FRESH,STALE,STALE,FRESH,0,80.0,80.0,0.0,0.0,0.0,0.0,37.250686,126.674964,37.254138,126.680626
45.59999999999955,3,NO_MOTION,FAIL,NO_MOTION,NO_MOTION,FRESH,STALE,STALE,FRESH,0,80.0,80.0,0.0,0.0,0.0,0.0,37.250686,126.674964,37.254138,126.680626
45.649999999999544,3,NO_MOTION,FAIL,NO_MOTION,NO_MOTION,FRESH,STALE,STALE,STALE,0,80.0,80.0,0.0,0.0,0.0,0.0,37.250686,126.674964,37.254138,126.680626
45.69999999999954,3,NO_MOTION,FAIL,NO_MOTION,NO_MOTION,FRESH,STALE,STALE,STALE,0,80.0,80.0,0.0,0.0,0.0,0.0,37.250686,126.674964,37.254138,126.680626
45.74999999999954,3,NO_MOTION,FAIL,NO_MOTION,NO_MOTION,FRESH,STALE,STALE,STALE,0,80.0,80.0,0.0,0.0,0.0,0.0,37.250686,126.674964,37.254138,126.680626
45.799999999999535,3,NO_MOTION,FAIL,NO_MOTION,NO_MOTION,FRESH,STALE,STALE,STALE,0,80.0,80.0,0.0,0.0,0.0,0.0,37.250686,126.674964,37.254138,126.680626
45.84999999999953,3,NO_MOTION,FAIL,NO_MOTION,NO_MOTION,FRESH,STALE,STALE,STALE,0,80.0,80.0,0.0,0.0,0.0,0.0,37.250686,126.674964,37.254138,126.680626
45.89999999999953,3,NO_MOTION,FAIL,NO_MOTION,NO_MOTION,FRESH,STALE,STALE,STALE,0,80.0,80.0,0.0,0.0,0.0,0.0,37.250686,126.674964,37.254138,126.680626
45.94999999999953,3,NO_MOTION,FAIL,NO_MOTION,NO_MOTION,FRESH,STALE,STALE,STALE,0,80.0,80.0,0.0,0.0,0.0,0.0,37.250686,126.674964,37.254138,126.680626
45.999999999999524,3,NO_MOTION,FAIL,NO_MOTION,NO_MOTION,FRESH,STALE,STALE,STALE,0,80.0,80.0,0.0,0.0,0.0,0.0,37.250686,126.674964,37.254138,126.680626
46.04999999999952,3,NO_MOTION,FAIL,NO_MOTION,NO_MOTION,FRESH,STALE,STALE,STALE,0,80.0,80.0,0.0,0.0,0.0,0.0,37.250686,126.674964,37.254138,126.680626
46.09999999999952,3,NO_MOTION,FAIL,NO_MOTION,NO_MOTION,FRESH,STALE,STALE,STALE,0,80.0,80.0,0.0,0.0,0.0,0.0,37.250686,126.674964,37.254138,126.680626
46.149999999999515,3,ACTIVE,FAIL,NO_MOTION,NO_MOTION,FRESH,STALE,FRESH,FRESH,1,95.08875932669675,64.91124067330325,-65.0,-25.0,0.0,0.0,37.250686,126.674964,37.254138,126.680626
46.19999999999951,3,ACTIVE,FAIL,NO_MOTION,NO_MOTION,FRESH,STALE,FRESH,FRESH,1,98.08875932669658,61.911240673303425,-65.0,-25.0,0.0,0.0,37.250686,126.674964,37.254138,126.680626
46.24999999999951,3,ACTIVE,FAIL,NO_MOTION,NO_MOTION,FRESH,STALE,FRESH,FRESH,1,101.0887593266964,58.911240673303595,-65.0,-25.0,0.0,0.0,37.250686,126.674964,37.254138,126.680626
46.29999999999951,3,ACTIVE,FAIL,NO_MOTION,NO_MOTION,FRESH,STALE,FRESH,FRESH,1,104.08875932669623,55.911240673303766,-65.0,-25.0,0.0,0.0,37.250686,126.674964,37.254138,126.680626
46.349999999999504,3,ACTIVE,FAIL,NO_MOTION,NO_MOTION,FRESH,STALE,FRESH,FRESH,1,107.08875932669606,52.911240673303936,-65.0,-25.0,0.0,0.0,37.250686,126.674964,37.254138,126.680626
46.3999999999995,3,NO_MOTION,FAIL,NO_MOTION,NO_MOTION,FRESH,STALE,STALE,FRESH,0,80.0,80.0,0.0,0.0,0.0,0.0,37.250686,126.674964,37.254138,126.680626
46.4499999999995,3,NO_MOTION,FAIL,NO_MOTION,NO_MOTION,FRESH,STALE,STALE,FRESH,0,80.0,80.0,0.0,0.0,0.0,0.0,37.250686,126.674964,37.254138,126.680626
46.499999999999496,3,NO_MOTION,FAIL,NO_MOTION,NO_MOTION,FRESH,STALE,STALE,FRESH,0,80.0,80.0,0.0,0.0,0.0,0.0,37.250686,126.674964,37.254138,126.680626
46.54999999999949,3,NO_MOTION,FAIL,NO_MOTION,NO_MOTION,FRESH,STALE,STALE,FRESH,0,80.0,80.0,0.0,0.0,0.0,0.0,37.250686,126.674964,37.254138,126.680626
46.59999999999949,3,NO_MOTION,FAIL,NO_MOTION,NO_MOTION,FRESH,STALE,STALE,FRESH,0,80.0,80.0,0.0,0.0,0.0,0.0,37.250686,126.674964,37.254138,126.680626
46.64999999999949,3,NO_MOTION,FAIL,NO_MOTION,NO_MOTION,FRESH,STALE,STALE,FRESH,0,80.0,80.0,0.0,0.0,0.0,0.0,37.250686,126.674964,37.254138,126.680626
46.699999999999484,3,NO_MOTION,FAIL,NO_MOTION,NO_MOTION,FRESH,STALE,STALE,STALE,0,80.0,80.0,0.0,0.0,0.0,0.0,37.250686,126.674964,37.254138,126.680626
46.74999999999948,3,NO_MOTION,FAIL,NO_MOTION,NO_MOTION,FRESH,STALE,STALE,STALE,0,80.0,80.0,0.0,0.0,0.0,0.0,37.250686,126.674964,37.254138,126.680626
46.79999999999948,3,NO_MOTION,FAIL,NO_MOTION,NO_MOTION,FRESH,STALE,STALE,STALE,0,80.0,80.0,0.0,0.0,0.0,0.0,37.250686,126.674964,37.254138,126.680626
46.849999999999476,3,NO_MOTION,FAIL,NO_MOTION,NO_MOTION,FRESH,STALE,STALE,STALE,0,80.0,80.0,0.0,0.0,0.0,0.0,37.250686,126.674964,37.254138,126.680626
46.89999999999947,3,NO_MOTION,FAIL,NO_MOTION,NO_MOTION,FRESH,STALE,STALE,STALE,0,80.0,80.0,0.0,0.0,0.0,0.0,37.250686,126.674964,37.254138,126.680626
46.94999999999947,3,NO_MOTION,FAIL,NO_MOTION,NO_MOTION,FRESH,STALE,STALE,STALE,0,80.0,80.0,0.0,0.0,0.0,0.0,37.250686,126.674964,37.254138,126.680626
46.99999999999947,3,NO_MOTION,FAIL,NO_MOTION,NO_MOTION,FRESH,STALE,STALE,STALE,0,80.0,80.0,0.0,0.0,0.0,0.0,37.250686,126.674964,37.254138,126.680626
47.049999999999464,3,NO_MOTION,FAIL,NO_MOTION,NO_MOTION,FRESH,STALE,STALE,STALE,0,80.0,80.0,0.0,0.0,0.0,0.0,37.250686,126.674964,37.254138,126.680626
47.09999999999946,3,NO_MOTION,FAIL,NO_MOTION,NO_MOTION,FRESH,STALE,STALE,STALE,0,80.0,80.0,0.0,0.0,0.0,0.0,37.250686,126.674964,37.254138,126.680626
47.14999999999946,3,ACTIVE,FAIL,NO_MOTION,NO_MOTION,FRESH,STALE,FRESH,FRESH,1,112.5,47.5,-65.0,-25.0,0.0,0.0,37.250686,126.674964,37.254138,126.680626
47.199999999999456,3,ACTIVE,FAIL,NO_MOTION,NO_MOTION,FRESH,STALE,FRESH,FRESH,1,112.5,47.5,-65.0,-25.0,0.0,0.0,37.250686,126.674964,37.254138,126.680626
47.24999999999945,3,ACTIVE,FAIL,NO_MOTION,NO_MOTION,FRESH,STALE,FRESH,FRESH,1,112.5,47.5,-65.0,-25.0,0.0,0.0,37.250686,126.674964,37.254138,126.680626
47.29999999999945,3,ACTIVE,FAIL,NO_MOTION,NO_MOTION,FRESH,STALE,FRESH,FRESH,1,112.5,47.5,-65.0,-25.0,0.0,0.0,37.250686,126.674964,37.254138,126.680626
47.34999999999945,3,ACTIVE,FAIL,NO_MOTION,NO_MOTION,FRESH,STALE,FRESH,FRESH,1,112.5,47.5,-65.0,-25.0,0.0,0.0,37.250686,126.674964,37.254138,126.680626
47.399999999999444,3,NO_MOTION,FAIL,NO_MOTION,NO_MOTION,FRESH,STALE,STALE,FRESH,0,80.0,80.0,0.0,0.0,0.0,0.0,37.250686,126.674964,37.254138,126.680626
47.44999999999944,3,NO_MOTION,FAIL,NO_MOTION,NO_MOTION,FRESH,STALE,STALE,FRESH,0,80.0,80.0,0.0,0.0,0.0,0.0,37.250686,126.674964,37.254138,126.680626
47.49999999999944,3,NO_MOTION,FAIL,NO_MOTION,NO_MOTION,FRESH,STALE,STALE,FRESH,0,80.0,80.0,0.0,0.0,0.0,0.0,37.250686,126.674964,37.254138,126.680626
47.549999999999436,3,NO_MOTION,FAIL,NO_MOTION,NO_MOTION,FRESH,STALE,STALE,FRESH,0,80.0,80.0,0.0,0.0,0.0,0.0,37.250686,126.674964,37.254138,126.680626
47.59999999999943,3,NO_MOTION,FAIL,NO_MOTION,NO_MOTION,FRESH,STALE,STALE,FRESH,0,80.0,80.0,0.0,0.0,0.0,0.0,37.250686,126.674964,37.254138,126.680626
47.64999999999943,3,NO_MOTION,FAIL,NO_MOTION,NO_MOTION,FRESH,STALE,STALE,FRESH,0,80.0,80.0,0.0,0.0,0.0,0.0,37.250686,126.674964,37.254138,126.680626
47.69999999999943,3,NO_MOTION,FAIL,NO_MOTION,NO_MOTION,FRESH,STALE,STALE,STALE,0,80.0,80.0,0.0,0.0,0.0,0.0,37.250686,126.674964,37.254138,126.680626
47.749999999999424,3,NO_MOTION,FAIL,NO_MOTION,NO_MOTION,FRESH,STALE,STALE,STALE,0,80.0,80.0,0.0,0.0,0.0,0.0,37.250686,126.674964,37.254138,126.680626
47.79999999999942,3,NO_MOTION,FAIL,NO_MOTION,NO_MOTION,FRESH,STALE,STALE,STALE,0,80.0,80.0,0.0,0.0,0.0,0.0,37.250686,126.674964,37.254138,126.680626
47.84999999999942,3,NO_MOTION,FAIL,NO_MOTION,NO_MOTION,FRESH,STALE,STALE,STALE,0,80.0,80.0,0.0,0.0,0.0,0.0,37.250686,126.674964,37.254138,126.680626
47.899999999999416,3,NO_MOTION,FAIL,NO_MOTION,NO_MOTION,FRESH,STALE,STALE,STALE,0,80.0,80.0,0.0,0.0,0.0,0.0,37.250686,126.674964,37.254138,126.680626
47.94999999999941,3,NO_MOTION,FAIL,NO_MOTION,NO_MOTION,FRESH,STALE,STALE,STALE,0,80.0,80.0,0.0,0.0,0.0,0.0,37.250686,126.674964,37.254138,126.680626
47.99999999999941,3,NO_MOTION,FAIL,NO_MOTION,NO_MOTION,FRESH,STALE,STALE,STALE,0,80.0,80.0,0.0,0.0,0.0,0.0,37.250686,126.674964,37.254138,126.680626
48.04999999999941,3,NO_MOTION,FAIL,NO_MOTION,NO_MOTION,FRESH,STALE,STALE,STALE,0,80.0,80.0,0.0,0.0,0.0,0.0,37.250686,126.674964,37.254138,126.680626
48.099999999999405,3,NO_MOTION,FAIL,NO_MOTION,NO_MOTION,FRESH,STALE,STALE,STALE,0,80.0,80.0,0.0,0.0,0.0,0.0,37.250686,126.674964,37.254138,126.680626
48.1499999999994,3,ACTIVE,NOMINAL_CLOSED_LOOP,NOMINAL_CLOSED_LOOP,NONE,FRESH,FRESH,FRESH,FRESH,1,92.5,67.5,41.07271908711327,9.092509175681101,-116.9677713247678,82.45409806846064,37.250686,126.674964,37.254138,126.680626
48.1999999999994,3,ACTIVE,NOMINAL_CLOSED_LOOP,NOMINAL_CLOSED_LOOP,NONE,FRESH,FRESH,FRESH,FRESH,1,87.50000000000028,72.49999999999972,41.08196159628895,9.092509175681101,-116.9677713247678,82.45409806846064,37.250686,126.674964,37.254138,126.680626
48.249999999999396,3,ACTIVE,NOMINAL_CLOSED_LOOP,NOMINAL_CLOSED_LOOP,NONE,FRESH,FRESH,FRESH,FRESH,1,82.50000000000057,77.49999999999943,41.091204105464634,9.092509175681101,-116.9677713247678,82.45409806846064,37.250686,126.674964,37.254138,126.680626
48.29999999999939,3,ACTIVE,NOMINAL_CLOSED_LOOP,NOMINAL_CLOSED_LOOP,NONE,FRESH,FRESH,FRESH,FRESH,1,77.50000000000085,82.49999999999915,41.10044661464031,9.092509175681101,-116.9677713247678,82.45409806846064,37.250686,126.674964,37.254138,126.680626
48.34999999999939,3,ACTIVE,NOMINAL_CLOSED_LOOP,NOMINAL_CLOSED_LOOP,NONE,FRESH,FRESH,FRESH,FRESH,1,72.50000000000114,87.49999999999886,41.109689123816,9.092509175681101,-116.9677713247678,82.45409806846064,37.250686,126.674964,37.254138,126.680626
48.39999999999939,3,ACTIVE,NOMINAL_FEEDFORWARD,NOMINAL_FEEDFORWARD,NONE,FRESH,FRESH,STALE,FRESH,1,68.00000000000139,91.99999999999861,34.6487708270044,7.955945528720965,-116.9677713247678,82.45409806846064,37.250686,126.674964,37.254138,126.680626
48.449999999999385,3,ACTIVE,NOMINAL_FEEDFORWARD,NOMINAL_FEEDFORWARD,NONE,FRESH,FRESH,STALE,FRESH,1,63.50000000000165,96.49999999999835,34.6487708270044,7.955945528720965,-116.9677713247678,82.45409806846064,37.250686,126.674964,37.254138,126.680626
48.49999999999938,3,ACTIVE,NOMINAL_FEEDFORWARD,NOMINAL_FEEDFORWARD,NONE,FRESH,FRESH,STALE,FRESH,1,62.6756145864978,97.3243854135022,34.6487708270044,7.955945528720965,-116.9677713247678,82.45409806846064,37.250686,126.674964,37.254138,126.680626
48.54999999999938,3,ACTIVE,NOMINAL_FEEDFORWARD,NOMINAL_FEEDFORWARD,NONE,FRESH,FRESH,STALE,FRESH,1,62.6756145864978,97.3243854135022,34.6487708270044,7.955945528720965,-116.9677713247678,82.45409806846064,37.250686,126.674964,37.254138,126.680626
48.599999999999376,3,ACTIVE,NOMINAL_FEEDFORWARD,NOMINAL_FEEDFORWARD,NONE,FRESH,FRESH,STALE,FRESH,1,62.6756145864978,97.3243854135022,34.6487708270044,7.955945528720965,-116.9677713247678,82.45409806846064,37.250686,126.674964,37.254138,126.680626
48.64999999999937,3,ACTIVE,NOMINAL_FEEDFORWARD,NOMINAL_FEEDFORWARD,NONE,FRESH,FRESH,STALE,FRESH,1,62.6756145864978,97.3243854135022,34.6487708270044,7.955945528720965,-116.9677713247678,82.45409806846064,37.250686,126.674964,37.254138,126.680626
48.69999999999937,3,ACTIVE,NOMINAL_FEEDFORWARD,NOMINAL_FEEDFORWARD,NONE,FRESH,FRESH,STALE,STALE,1,62.6756145864978,97.3243854135022,34.6487708270044,7.955945528720965,-116.9677713247678,82.45409806846064,37.250686,126.674964,37.254138,126.680626
48.74999999999937,3,ACTIVE,NOMINAL_FEEDFORWARD,NOMINAL_FEEDFORWARD,NONE,FRESH,FRESH,STALE,STALE,1,62.6756145864978,97.3243854135022,34.6487708270044,7.955945528720965,-116.9677713247678,82.45409806846064,37.250686,126.674964,37.254138,126.680626
48.799999999999365,3,ACTIVE,NOMINAL_FEEDFORWARD,NOMINAL_FEEDFORWARD,NONE,FRESH,FRESH,STALE,STALE,1,62.6756145864978,97.3243854135022,34.6487708270044,7.955945528720965,-116.9677713247678,82.45409806846064,37.250686,126.674964,37.254138,126.680626
48.84999999999936,3,ACTIVE,NOMINAL_FEEDFORWARD,NOMINAL_FEEDFORWARD,NONE,FRESH,FRESH,STALE,STALE,1,62.6756145864978,97.3243854135022,34.6487708270044,7.955945528720965,-116.9677713247678,82.45409806846064,37.250686,126.674964,37.254138,126.680626
48.89999999999936,3,ACTIVE,NOMINAL_FEEDFORWARD,NOMINAL_FEEDFORWARD,NONE,FRESH,FRESH,STALE,STALE,1,62.6756145864978,97.3243854135022,34.6487708270044,7.955945528720965,-116.9677713247678,82.45409806846064,37.250686,126.674964,37.254138,126.680626
48.949999999999356,3,ACTIVE,NOMINAL_FEEDFORWARD,NOMINAL_FEEDFORWARD,NONE,FRESH,FRESH,STALE,STALE,1,62.6756145864978,97.3243854135022,34.6487708270044,7.955945528720965,-116.9677713247678,82.45409806846064,37.250686,126.674964,37.254138,126.680626
48.99999999999935,3,ACTIVE,NOMINAL_FEEDFORWARD,NOMINAL_FEEDFORWARD,NONE,FRESH,FRESH,STALE,STALE,1,62.6756145864978,97.3243854135022,34.6487708270044,7.955945528720965,-116.9677713247678,82.45409806846064,37.250686,126.674964,37.254138,126.680626
49.04999999999935,3,ACTIVE,NOMINAL_FEEDFORWARD,NOMINAL_FEEDFORWARD,NONE,FRESH,FRESH,STALE,STALE,1,62.6756145864978,97.3243854135022,34.6487708270044,7.955945528720965,-116.9677713247678,82.45409806846064,37.250686,126.674964,37.254138,126.680626
49.09999999999935,3,ACTIVE,NOMINAL_FEEDFORWARD,NOMINAL_FEEDFORWARD,NONE,FRESH,FRESH,STALE,STALE,1,62.6756145864978,97.3243854135022,34.6487708270044,7.955945528720965,-116.9677713247678,82.45409806846064,37.250686,126.674964,37.254138,126.680626
49.149999999999345,3,DEGRADED,DEGRADED_CLOSED_LOOP,DEGRADED_CLOSED_LOOP,NONE,FRESH,FRESHED,FRESH,FRESH,1,59.175614586498,100.824385413502,44.9516386688769,11.342917761023303,-116.9677713247678,82.45409806846064,37.250686,126.674964,37.254138,126.680626
49.19999999999934,3,DEGRADED,DEGRADED_CLOSED_LOOP,DEGRADED_CLOSED_LOOP,NONE,FRESH,FRESHED,FRESH,FRESH,1,57.518719206681034,102.48128079331897,44.96256158663793,11.342917761023303,-116.9677713247678,82.45409806846064,37.250686,126.674964,37.254138,126.680626
49.24999999999934,3,DEGRADED,DEGRADED_CLOSED_LOOP,DEGRADED_CLOSED_LOOP,NONE,FRESH,FRESHED,FRESH,FRESH,1,57.51325774780052,102.48674225219948,44.973484504398954,11.342917761023303,-116.9677713247678,82.45409806846064,37.250686,126.674964,37.254138,126.680626
49.299999999999336,3,DEGRADED,DEGRADED_CLOSED_LOOP,DEGRADED_CLOSED_LOOP,NONE,FRESH,FRESHED,FRESH,FRESH,1,57.50779628892001,102.49220371107998,44.984407422159975,11.342917761023303,-116.9677713247678,82.45409806846064,37.250686,126.674964,37.254138,126.680626
49.34999999999933,3,DEGRADED,DEGRADED_CLOSED_LOOP,DEGRADED_CLOSED_LOOP,NONE,FRESH,FRESHED,FRESH,FRESH,1,57.5023348300395,102.4976651699605,44.995330339921,11.342917761023303,-116.9677713247678,82.45409806846064,37.250686,126.674964,37.254138,126.680626
49.39999999999933,3,DEGRADED,DEGRADED_FEEDFORWARD,DEGRADED_FEEDFORWARD,NONE,FRESH,FRESHED,STALE,FRESH,1,60.50233483003933,99.49766516996067,33.33813612603957,9.074334208818643,-116.9677713247678,82.45409806846064,37.250686,126.674964,37.254138,126.680626
49.44999999999933,3,DEGRADED,DEGRADED_FEEDFORWARD,DEGRADED_FEEDFORWARD,NONE,FRESH,FRESHED,STALE,FRESH,1,63.330931936980214,96.66906806301978,33.33813612603957,9.074334208818643,-116.9677713247678,82.45409806846064,37.250686,126.674964,37.254138,126.680626
49.499999999999325,3,DEGRADED,DEGRADED_FEEDFORWARD,DEGRADED_FEEDFORWARD,NONE,FRESH,FRESHED,STALE,FRESH,1,63.330931936980214,96.66906806301978,33.33813612603957,9.074334208818643,-116.9677713247678,82.45409806846064,37.250686,126.674964,37.254138,126.680626
49.54999999999932,3,DEGRADED,DEGRADED_FEEDFORWARD,DEGRADED_FEEDFORWARD,NONE,FRESH,FRESHED,STALE,FRESH,1,63.330931936980214,96.66906806301978,33.33813612603957,9.074334208818643,-116.9677713247678,82.45409806846064,37.250686,126.674964,37.254138,126.680626
49.59999999999932,3,DEGRADED,DEGRADED_FEEDFORWARD,DEGRADED_FEEDFORWARD,NONE,FRESH,FRESHED,STALE,FRESH,1,63.330931936980214,96.66906806301978,33.33813612603957,9.074334208818643,-116.9677713247678,82.45409806846064,37.250686,126.674964,37.254138,126.680626
49.64999999999932,3,DEGRADED,DEGRADED_FEEDFORWARD,DEGRADED_FEEDFORWARD,NONE,FRESH,FRESHED,STALE,FRESH,1,63.330931936980214,96.66906806301978,33.33813612603957,9.074334208818643,-116.9677713247678,82.45409806846064,37.250686,126.674964,37.254138,126.680626
49.699999999999314,3,DEGRADED,DEGRADED_FEEDFORWARD,DEGRADED_FEEDFORWARD,NONE,FRESH,FRESHED,STALE,STALE,1,63.330931936980214,96.66906806301978,33.33813612603957,9.074334208818643,-116.9677713247678,82.45409806846064,37.250686,126.674964,37.254138,126.680626
49.74999999999931,3,DEGRADED,DEGRADED_FEEDFORWARD,DEGRADED_FEEDFORWARD,NONE,FRESH,FRESHED,STALE,STALE,1,63.330931936980214,96.66906806301978,33.33813612603957,9.074334208818643,-116.9677713247678,82.45409806846064,37.250686,126.674964,37.254138,126.680626
49.79999999999931,3,DEGRADED,DEGRADED_FEEDFORWARD,DEGRADED_FEEDFORWARD,NONE,FRESH,FRESHED,STALE,STALE,1,63.330931936980214,96.66906806301978,33.33813612603957,9.074334208818643,-116.9677713247678,82.45409806846064,37.250686,126.674964,37.254138,126.680626
49.849999999999305,3,DEGRADED,DEGRADED_FEEDFORWARD,DEGRADED_FEEDFORWARD,NONE,FRESH,FRESHED,STALE,STALE,1,63.330931936980214,96.66906806301978,33.33813612603957,9.074334208818643,-116.9677713247678,82.45409806846064,37.250686,126.674964,37.254138,126.680626
49.8999999999993,3,DEGRADED,DEGRADED_FEEDFORWARD,DEGRADED_FEEDFORWARD,NONE,FRESH,FRESHED,STALE,STALE,1,63.330931936980214,96.66906806301978,33.33813612603957,9.074334208818643,-116.9677713247678,82.45409806846064,37.250686,126.674964,37.254138,126.680626
49.9499999999993,3,DEGRADED,DEGRADED_FEEDFORWARD,DEGRADED_FEEDFORWARD,NONE,FRESH,FRESHED,STALE,STALE,1,63.330931936980214,96.66906806301978,33.33813612603957,9.074334208818643,-116.9677713247678,82.45409806846064,37.250686,126.674964,37.254138,126.680626
49.9999999999993,3,DEGRADED,DEGRADED_FEEDFORWARD,DEGRADED_FEEDFORWARD,NONE,FRESH,FRESHED,STALE,STALE,1,63.330931936980214,96.66906806301978,33.33813612603957,9.074334208818643,-116.9677713247678,82.45409806846064,37.250686,126.674964,37.254138,126.680626
50.049999999999294,3,DEGRADED,DEGRADED_FEEDFORWARD,DEGRADED_FEEDFORWARD,NONE,FRESH,FRESHED,STALE,STALE,1,63.330931936980214,96.66906806301978,33.33813612603957,9.074334208818643,-116.9677713247678,82.45409806846064,37.250686,126.674964,37.254138,126.680626
50.09999999999929,3,DEGRADED,DEGRADED_FEEDFORWARD,DEGRADED_FEEDFORWARD,NONE,FRESH,FRESHED,STALE,STALE,1,63.330931936980214,96.66906806301978,33.33813612603957,9.074334208818643,-116.9677713247678,82.45409806846064,37.250686,126.674964,37.254138,126.680626
50.14999999999929,3,DEGRADED,DEGRADED_CLOSED_LOOP,DEGRADED_CLOSED_LOOP,NONE,FRESH,FRESHED,FRESH,FRESH,1,59.83093193698041,100.16906806301958,59.731205960352675,17.01437664153496,-116.9677713247678,82.45409806846064,37.250686,126.674964,37.254138,126.680626
50.199999999999285,3,DEGRADED,DEGRADED_CLOSED_LOOP,DEGRADED_CLOSED_LOOP,NONE,FRESH,FRESHED,FRESH,FRESH,1,56.33093193698061,103.66906806301938,59.74814033699421,17.01437664153496,-116.9677713247678,82.45409806846064,37.250686,126.674964,37.254138,126.680626
50.24999999999928,3,DEGRADED,DEGRADED_CLOSED_LOOP,DEGRADED_CLOSED_LOOP,NONE,FRESH,FRESHED,FRESH,FRESH,1,52.83093193698081,107.16906806301918,59.76507471363574,17.01437664153496,-116.9677713247678,82.45409806846064,37.250686,126.674964,37.254138,126.680626
50.29999999999928,3,DEGRADED,DEGRADED_CLOSED_LOOP,DEGRADED_CLOSED_LOOP,NONE,FRESH,FRESHED,FRESH,FRESH,1,50.10899545486136,109.89100454513864,59.78200909027728,17.01437664153496,-116.9677713247678,82.45409806846064,37.250686,126.674964,37.254138,126.680626
50.34999999999928,3,DEGRADED,DEGRADED_CLOSED_LOOP,DEGRADED_CLOSED_LOOP,NONE,FRESH,FRESHED,FRESH,FRESH,1,50.10052826654059,109.89947173345941,59.79894346691881,17.01437664153496,-116.9677713247678,82.45409806846064,37.250686,126.674964,37.254138,126.680626
50.399999999999274,3,DEGRADED,DEGRADED_FEEDFORWARD,DEGRADED_FEEDFORWARD,NONE,FRESH,FRESHED,STALE,FRESH,1,53.10052826654042,106.89947173345958,43.0467436760331,13.611501313227967,-116.9677713247678,82.45409806846064,37.250686,126.674964,37.254138,126.680626
50.44999999999927,3,DEGRADED,DEGRADED_FEEDFORWARD,DEGRADED_FEEDFORWARD,NONE,FRESH,FRESHED,STALE,FRESH,1,56.10052826654025,103.89947173345975,43.0467436760331,13.611501313227967,-116.9677713247678,82.45409806846064,37.250686,126.674964,37.254138,126.680626
50.49999999999927,3,DEGRADED,DEGRADED_FEEDFORWARD,DEGRADED_FEEDFORWARD,NONE,FRESH,FRESHED,STALE,FRESH,1,58.47662816198345,101.52337183801654,43.0467436760331,13.611501313227967,-116.9677713247678,82.45409806846064,37.250686,126.674964,37.254138,126.680626
50.549999999999265,3,DEGRADED,DEGRADED_FEEDFORWARD,DEGRADED_FEEDFORWARD,NONE,FRESH,FRESHED,STALE,FRESH,1,58.47662816198345,101.52337183801654,43.0467436760331,13.611501313227967,-116.9677713247678,82.45409806846064,37.250686,126.674964,37.254138,126.680626
50.59999999999926,3,DEGRADED,DEGRADED_FEEDFORWARD,DEGRADED_FEEDFORWARD,NONE,FRESH,FRESHED,STALE,FRESH,1,58.47662816198345,101.52337183801654,43.0467436760331,13.611501313227967,-116.9677713247678,82.45409806846064,37.250686,126.674964,37.254138,126.680626
50.64999999999926,3,DEGRADED,DEGRADED_FEEDFORWARD,DEGRADED_FEEDFORWARD,NONE,FRESH,FRESHED,STALE,FRESH,1,58.47662816198345,101.52337183801654,43.0467436760331,13.611501313227967,-116.9677713247678,82.45409806846064,37.250686,126.674964,37.254138,126.680626
50.69999999999926,3,DEGRADED,DEGRADED_FEEDFORWARD,DEGRADED_FEEDFORWARD,NONE,FRESH,FRESHED,STALE,STALE,1,58.47662816198345,101.52337183801654,43.0467436760331,13.611501313227967,-116.9677713247678,82.45409806846064,37.250686,126.674964,37.254138,126.680626
50.749999999999254,3,DEGRADED,DEGRADED_FEEDFORWARD,DEGRADED_FEEDFORWARD,NONE,FRESH,FRESHED,STALE,STALE,1,58.47662816198345,101.52337183801654,43.0467436760331,13.611501313227967,-116.9677713247678,82.45409806846064,37.250686,126.674964,37.254138,126.680626
50.79999999999925,3,DEGRADED,DEGRADED_FEEDFORWARD,DEGRADED_FEEDFORWARD,NONE,FRESH,FRESHED,STALE,STALE,1,58.47662816198345,101.52337183801654,43.0467436760331,13.611501313227967,-116.9677713247678,82.45409806846064,37.250686,126.674964,37.254138,126.680626
50.84999999999925,3,DEGRADED,DEGRADED_FEEDFORWARD,DEGRADED_FEEDFORWARD,NONE,FRESH,FRESHED,STALE,STALE,1,58.47662816198345,101.52337183801654,43.0467436760331,13.611501313227967,-116.9677713247678,82.45409806846064,37.250686,126.674964,37.254138,126.680626
50.899999999999245,3,DEGRADED,DEGRADED_FEEDFORWARD,DEGRADED_FEEDFORWARD,NONE,FRESH,FRESHED,STALE,STALE,1,58.47662816198345,101.52337183801654,43.0467436760331,13.611501313227967,-116.9677713247678,82.45409806846064,37.250686,126.674964,37.254138,126.680626
50.94999999999924,3,DEGRADED,DEGRADED_FEEDFORWARD,DEGRADED_FEEDFORWARD,NONE,FRESH,FRESHED,STALE,STALE,1,58.47662816198345,101.52337183801654,43.0467436760331,13.611501313227967,-116.9677713247678,82.45409806846064,37.250686,126.674964,37.254138,126.680626
50.99999999999924,3,DEGRADED,DEGRADED_FEEDFORWARD,DEGRADED_FEEDFORWARD,NONE,FRESH,FRESHED,STALE,STALE,1,58.47662816198345,101.52337183801654,43.0467436760331,13.611501313227967,-116.9677713247678,82.45409806846064,37.250686,126.674964,37.254138,126.680626
51.04999999999924,3,DEGRADED,DEGRADED_FEEDFORWARD,DEGRADED_FEEDFORWARD,NONE,FRESH,FRESHED,STALE,STALE,1,58.47662816198345,101.52337183801654,43.0467436760331,13.611501313227967,-116.9677713247678,82.45409806846064,37.250686,126.674964,37.254138,126.680626
51.099999999999234,3,DEGRADED,DEGRADED_FEEDFORWARD,DEGRADED_FEEDFORWARD,NONE,FRESH,FRESHED,STALE,STALE,1,58.47662816198345,101.52337183801654,43.0467436760331,13.611501313227967,-116.9677713247678,82.45409806846064,37.250686,126.674964,37.254138,126.680626
51.14999999999923,3,DEGRADED,DEGRADED_CLOSED_LOOP,DEGRADED_CLOSED_LOOP,NONE,FRESH,FRESHED,FRESH,FRESH,1,54.97662816198365,105.02337183801635,59.81483690273913,17.01437664153496,-116.9677713247678,82.45409806846064,37.250686,126.674964,37.254138,126.680626
51.19999999999923,3,DEGRADED,DEGRADED_CLOSED_LOOP,DEGRADED_CLOSED_LOOP,NONE,FRESH,FRESHED,FRESH,FRESH,1,51.47662816198385,108.52337183801615,59.83197127938067,17.01437664153496,-116.9677713247678,82.45409806846064,37.250686,126.674964,37.254138,126.680626
51.249999999999226,3,DEGRADED,DEGRADED_CLOSED_LOOP,DEGRADED_CLOSED_LOOP,NONE,FRESH,FRESHED,FRESH,FRESH,1,50.0754471719889,109.9245528280111,59.8491056560222,17.01437664153496,-116.9677713247678,82.45409806846064,37.250686,126.674964,37.254138,126.680626
51.29999999999922,3,DEGRADED,DEGRADED_CLOSED_LOOP,DEGRADED_CLOSED_LOOP,NONE,FRESH,FRESHED,FRESH,FRESH,1,50.06687998366813,109.93312001633187,59.86624003266373,17.01437664153496,-116.9677713247678,82.45409806846064,37.250686,126.674964,37.254138,126.680626
51.34999999999922,3,DEGRADED,DEGRADED_CLOSED_LOOP,DEGRADED_CLOSED_LOOP,NONE,FRESH,FRESHED,FRESH,FRESH,1,50.05831279534736,109.94168720465264,59.88337440930527,17.01437664153496,-116.9677713247678,82.45409806846064,37.250686,126.674964,37.254138,126.680626
51.39999999999922,3,DEGRADED,DEGRADED_FEEDFORWARD,DEGRADED_FEEDFORWARD,NONE,FRESH,FRESHED,STALE,FRESH,1,53.05831279534719,106.94168720465281,43.0467436760331,13.611501313227967,-116.9677713247678,82.45409806846064,37.250686,126.674964,37.254138,126.680626
51.449999999999214,3,DEGRADED,DEGRADED_FEEDFORWARD,DEGRADED_FEEDFORWARD,NONE,FRESH,FRESHED,STALE,FRESH,1,56.05831279534702,103.94168720465298,43.0467436760331,13.611501313227967,-116.9677713247678,82.45409806846064,37.250686,126.674964,37.254138,126.680626
51.49999999999921,3,DEGRADED,DEGRADED_FEEDFORWARD,DEGRADED_FEEDFORWARD,NONE,FRESH,FRESHED,STALE,FRESH,1,58.47662816198345,101.52337183801654,43.0467436760331,13.611501313227967,-116.9677713247678,82.45409806846064,37.250686,126.674964,37.254138,126.680626
51.54999999999921,3,DEGRADED,DEGRADED_FEEDFORWARD,DEGRADED_FEEDFORWARD,NONE,FRESH,FRESHED,STALE,FRESH,1,58.47662816198345,101.52337183801654,43.0467436760331,13.611501313227967,-116.9677713247678,82.45409806846064,37.250686,126.674964,37.254138,126.680626
51.599999999999206,3,DEGRADED,DEGRADED_FEEDFORWARD,DEGRADED_FEEDFORWARD,NONE,FRESH,FRESHED,STALE,FRESH,1,58.47662816198345,101.52337183801654,43.0467436760331,13.611501313227967,-116.9677713247678,82.45409806846064,37.250686,126.674964,37.254138,126.680626
51.6499999999992,3,DEGRADED,DEGRADED_FEEDFORWARD,DEGRADED_FEEDFORWARD,NONE,FRESH,FRESHED,STALE,FRESH,1,58.47662816198345,101.52337183801654,43.0467436760331,13.611501313227967,-116.9677713247678,82.45409806846064,37.250686,126.674964,37.254138,126.680626
51.6999999999992,3,DEGRADED,DEGRADED_FEEDFORWARD,DEGRADED_FEEDFORWARD,NONE,FRESH,FRESHED,STALE,STALE,1,58.47662816198345,101.52337183801654,43.0467436760331,13.611501313227967,-116.9677713247678,82.45409806846064,37.250686,126.674964,37.254138,126.680626
51.7499999999992,3,DEGRADED,DEGRADED_FEEDFORWARD,DEGRADED_FEEDFORWARD,NONE,FRESH,FRESHED,STALE,STALE,1,58.47662816198345,101.52337183801654,43.0467436760331,13.611501313227967,-116.9677713247678,82.45409806846064,37.250686,126.674964,37.254138,126.680626
51.799999999999194,3,DEGRADED,DEGRADED_FEEDFORWARD,DEGRADED_FEEDFORWARD,NONE,FRESH,FRESHED,STALE,STALE,1,58.47662816198345,101.52337183801654,43.0467436760331,13.611501313227967,-116.9677713247678,82.45409806846064,37.250686,126.674964,37.254138,126.680626
51.84999999999919,3,DEGRADED,DEGRADED_FEEDFORWARD,DEGRADED_FEEDFORWARD,NONE,FRESH,FRESHED,STALE,STALE,1,58.47662816198345,101.52337183801654,43.0467436760331,13.611501313227967,-116.9677713247678,82.45409806846064,37.250686,126.674964,37.254138,126.680626
51.89999999999919,3,DEGRADED,DEGRADED_FEEDFORWARD,DEGRADED_FEEDFORWARD,NONE,FRESH,FRESHED,STALE,STALE,1,58.47662816198345,101.52337183801654,43.0467436760331,13.611501313227967,-116.9677713247678,82.45409806846064,37.250686,126.674964,37.254138,126.680626
51.949999999999186,3,DEGRADED,DEGRADED_FEEDFORWARD,DEGRADED_FEEDFORWARD,NONE,FRESH,FRESHED,STALE,STALE,1,58.47662816198345,101.52337183801654,43.0467436760331,13.611501313227967,-116.9677713247678,82.45409806846064,37.250686,126.674964,37.254138,126.680626
51.99999999999918,3,DEGRADED,DEGRADED_FEEDFORWARD,DEGRADED_FEEDFORWARD,NONE,FRESH,FRESHED,STALE,STALE,1,58.47662816198345,101.52337183801654,43.0467436760331,13.611501313227967,-116.9677713247678,82.45409806846064,37.250686,126.674964,37.254138,126.680626
52.04999999999918,3,DEGRADED,DEGRADED_FEEDFORWARD,DEGRADED_FEEDFORWARD,NONE,FRESH,FRESHED,STALE,STALE,1,58.47662816198345,101.52337183801654,43.0467436760331,13.611501313227967,-116.9677713247678,82.45409806846064,37.250686,126.674964,37.254138,126.680626
52.09999999999918,3,DEGRADED,DEGRADED_FEEDFORWARD,DEGRADED_FEEDFORWARD,NONE,FRESH,FRESHED,STALE,STALE,1,58.47662816198345,101.52337183801654,43.0467436760331,13.611501313227967,-116.9677713247678,82.45409806846064,37.250686,126.674964,37.254138,126.680626
52.149999999999174,3,ACTIVE,NOMINAL_CLOSED_LOOP,NOMINAL_CLOSED_LOOP,NONE,FRESH,FRESH,FRESH,FRESH,1,57.256835227506144,102.74316477249386,45.48632954498771,10.580488173176763,-138.56443110903228,84.61347114243982,37.250686,126.674964,37.254138,126.680626
52.19999999999917,3,ACTIVE,NOMINAL_CLOSED_LOOP,NOMINAL_CLOSED_LOOP,NONE,FRESH,FRESH,FRESH,FRESH,1,57.25140498341956,102.74859501658044,45.497190033160884,10.580488173176763,-138.56443110903228,84.61347114243982,37.250686,126.674964,37.254138,126.680626
52.24999999999917,3,ACTIVE,NOMINAL_CLOSED_LOOP,NOMINAL_CLOSED_LOOP,NONE,FRESH,FRESH,FRESH,FRESH,1,57.245974739332965,102.75402526066704,45.50805052133406,10.580488173176763,-138.56443110903228,84.61347114243982,37.250686,126.674964,37.254138,126.680626
52.299999999999166,3,ACTIVE,NOMINAL_CLOSED_LOOP,NOMINAL_CLOSED_LOOP,NONE,FRESH,FRESH,FRESH,FRESH,1,57.24054449524638,102.75945550475362,45.51891100950724,10.580488173176763,-138.56443110903228,84.61347114243982,37.250686,126.674964,37.254138,126.680626
52.34999999999916,3,ACTIVE,NOMINAL_CLOSED_LOOP,NOMINAL_CLOSED_LOOP,NONE,FRESH,FRESH,FRESH,FRESH,1,57.23511425115979,102.76488574884021,45.529771497680414,10.580488173176763,-138.56443110903228,84.61347114243982,37.250686,126.674964,37.254138,126.680626
52.39999999999916,3,ACTIVE,NOMINAL_FEEDFORWARD,NOMINAL_FEEDFORWARD,NONE,FRESH,FRESH,STALE,FRESH,1,60.95802880018854,99.04197119981146,38.083942399622906,9.257927151529667,-138.56443110903228,84.61347114243982,37.250686,126.674964,37.254138,126.680626
52.44999999999916,3,ACTIVE,NOMINAL_FEEDFORWARD,NOMINAL_FEEDFORWARD,NONE,FRESH,FRESH,STALE,FRESH,1,60.95802880018854,99.04197119981146,38.083942399622906,9.257927151529667,-138.56443110903228,84.61347114243982,37.250686,126.674964,37.254138,126.680626
52.499999999999154,3,ACTIVE,NOMINAL_FEEDFORWARD,NOMINAL_FEEDFORWARD,NONE,FRESH,FRESH,STALE,FRESH,1,60.95802880018854,99.04197119981146,38.083942399622906,9.257927151529667,-138.56443110903228,84.61347114243982,37.250686,126.674964,37.254138,126.680626
52.54999999999915,3,ACTIVE,NOMINAL_FEEDFORWARD,NOMINAL_FEEDFORWARD,NONE,FRESH,FRESH,STALE,FRESH,1,60.95802880018854,99.04197119981146,38.083942399622906,9.257927151529667,-138.56443110903228,84.61347114243982,37.250686,126.674964,37.254138,126.680626
52.59999999999915,3,ACTIVE,NOMINAL_FEEDFORWARD,NOMINAL_FEEDFORWARD,NONE,FRESH,FRESH,STALE,FRESH,1,60.95802880018854,99.04197119981146,38.083942399622906,9.257927151529667,-138.56443110903228,84.61347114243982,37.250686,126.674964,37.254138,126.680626
52.649999999999146,3,ACTIVE,NOMINAL_FEEDFORWARD,NOMINAL_FEEDFORWARD,NONE,FRESH,FRESH,STALE,FRESH,1,60.95802880018854,99.04197119981146,38.083942399622906,9.257927151529667,-138.56443110903228,84.61347114243982,37.250686,126.674964,37.254138,126.680626
52.69999999999914,3,ACTIVE,NOMINAL_FEEDFORWARD,NOMINAL_FEEDFORWARD,NONE,FRESH,FRESH,STALE,STALE,1,60.95802880018854,99.04197119981146,38.083942399622906,9.257927151529667,-138.56443110903228,84.61347114243982,37.250686,126.674964,37.254138,126.680626
52.74999999999914,3,ACTIVE,NOMINAL_FEEDFORWARD,NOMINAL_FEEDFORWARD,NONE,FRESH,FRESH,STALE,STALE,1,60.95802880018854,99.04197119981146,38.083942399622906,9.257927151529667,-138.56443110903228,84.61347114243982,37.250686,126.674964,37.254138,126.680626
52.79999999999914,3,ACTIVE,NOMINAL_FEEDFORWARD,NOMINAL_FEEDFORWARD,NONE,FRESH,FRESH,STALE,STALE,1,60.95802880018854,99.04197119981146,38.083942399622906,9.257927151529667,-138.56443110903228,84.61347114243982,37.250686,126.674964,37.254138,126.680626
52.849999999999135,3,ACTIVE,NOMINAL_FEEDFORWARD,NOMINAL_FEEDFORWARD,NONE,FRESH,FRESH,STALE,STALE,1,60.95802880018854,99.04197119981146,38.083942399622906,9.257927151529667,-138.56443110903228,84.61347114243982,37.250686,126.674964,37.254138,126.680626
52.89999999999913,3,ACTIVE,NOMINAL_FEEDFORWARD,NOMINAL_FEEDFORWARD,NONE,FRESH,FRESH,STALE,STALE,1,60.95802880018854,99.04197119981146,38.083942399622906,9.257927151529667,-138.56443110903228,84.61347114243982,37.250686,126.674964,37.254138,126.680626
52.94999999999913,3,ACTIVE,NOMINAL_FEEDFORWARD,NOMINAL_FEEDFORWARD,NONE,FRESH,FRESH,STALE,STALE,1,60.95802880018854,99.04197119981146,38.083942399622906,9.257927151529667,-138.56443110903228,84.61347114243982,37.250686,126.674964,37.254138,126.680626
52.999999999999126,3,ACTIVE,NOMINAL_FEEDFORWARD,NOMINAL_FEEDFORWARD,NONE,FRESH,FRESH,STALE,STALE,1,60.95802880018854,99.04197119981146,38.083942399622906,9.257927151529667,-138.56443110903228,84.61347114243982,37.250686,126.674964,37.254138,126.680626
53.04999999999912,3,ACTIVE,NOMINAL_FEEDFORWARD,NOMINAL_FEEDFORWARD,NONE,FRESH,FRESH,STALE,STALE,1,60.95802880018854,99.04197119981146,38.083942399622906,9.257927151529667,-138.56443110903228,84.61347114243982,37.250686,126.674964,37.254138,126.680626
53.09999999999912,3,ACTIVE,NOMINAL_FEEDFORWARD,NOMINAL_FEEDFORWARD,NONE,FRESH,FRESH,STALE,STALE,1,60.95802880018854,99.04197119981146,38.083942399622906,9.257927151529667,-138.56443110903228,84.61347114243982,37.250686,126.674964,37.254138,126.680626
53.14999999999912,3,DEGRADED,DEGRADED_CLOSED_LOOP,DEGRADED_CLOSED_LOOP,NONE,FRESH,FRESHED,FRESH,FRESH,1,57.45802880018874,102.54197119981126,66.58155577325567,19.798724170142325,-138.56443110903228,84.61347114243982,37.250686,126.674964,37.254138,126.680626
53.199999999999115,3,DEGRADED,DEGRADED_CLOSED_LOOP,DEGRADED_CLOSED_LOOP,NONE,FRESH,FRESHED,FRESH,FRESH,1,53.95802880018894,106.04197119981106,66.6011844974258,19.798724170142325,-138.56443110903228,84.61347114243982,37.250686,126.674964,37.254138,126.680626
53.24999999999911,3,DEGRADED,DEGRADED_CLOSED_LOOP,DEGRADED_CLOSED_LOOP,NONE,FRESH,FRESHED,FRESH,FRESH,1,50.45802880018914,109.54197119981086,66.62081322159595,19.798724170142325,-138.56443110903228,84.61347114243982,37.250686,126.674964,37.254138,126.680626
53.29999999999911,3,DEGRADED,DEGRADED_CLOSED_LOOP,DEGRADED_CLOSED_LOOP,NONE,FRESH,FRESHED,FRESH,FRESH,1,46.95802880018934,113.04197119981066,66.64044194576609,19.798724170142325,-138.56443110903228,84.61347114243982,37.250686,126.674964,37.254138,126.680626
53.349999999999106,3,DEGRADED,DEGRADED_CLOSED_LOOP,DEGRADED_CLOSED_LOOP,NONE,FRESH,FRESHED,FRESH,FRESH,1,46.669964665031884,113.33003533496812,66.66007066993623,19.798724170142325,-138.56443110903228,84.61347114243982,37.250686,126.674964,37.254138,126.680626
53.3999999999991,3,DEGRADED,DEGRADED_FEEDFORWARD,DEGRADED_FEEDFORWARD,NONE,FRESH,FRESHED,STALE,FRESH,1,49.66996466503171,110.33003533496829,43.1646167927088,13.668750000000001,-138.56443110903228,84.61347114243982,37.250686,126.674964,37.254138,126.680626
53.4499999999991,3,DEGRADED,DEGRADED_FEEDFORWARD,DEGRADED_FEEDFORWARD,NONE,FRESH,FRESHED,STALE,FRESH,1,52.66996466503154,107.33003533496846,43.1646167927088,13.668750000000001,-138.56443110903228,84.61347114243982,37.250686,126.674964,37.254138,126.680626
53.4999999999991,3,DEGRADED,DEGRADED_FEEDFORWARD,DEGRADED_FEEDFORWARD,NONE,FRESH,FRESHED,STALE,FRESH,1,55.66996466503137,104.33003533496863,43.1646167927088,13.668750000000001,-138.56443110903228,84.61347114243982,37.250686,126.674964,37.254138,126.680626
53.549999999999095,3,DEGRADED,DEGRADED_FEEDFORWARD,DEGRADED_FEEDFORWARD,NONE,FRESH,FRESHED,STALE,FRESH,1,58.4176916036456,101.58230839635439,43.1646167927088,13.668750000000001,-138.56443110903228,84.61347114243982,37.250686,126.674964,37.254138,126.680626
53.59999999999909,3,DEGRADED,DEGRADED_FEEDFORWARD,DEGRADED_FEEDFORWARD,NONE,FRESH,FRESHED,STALE,FRESH,1,58.4176916036456,101.58230839635439,43.1646167927088,13.668750000000001,-138.56443110903228,84.61347114243982,37.250686,126.674964,37.254138,126.680626
53.64999999999909,3,DEGRADED,DEGRADED_FEEDFORWARD,DEGRADED_FEEDFORWARD,NONE,FRESH,FRESHED,STALE,FRESH,1,58.4176916036456,101.58230839635439,43.1646167927088,13.668750000000001,-138.56443110903228,84.61347114243982,37.250686,126.674964,37.254138,126.680626
53.699999999999086,3,DEGRADED,DEGRADED_FEEDFORWARD,DEGRADED_FEEDFORWARD,NONE,FRESH,FRESHED,STALE,STALE,1,58.4176916036456,101.58230839635439,43.1646167927088,13.668750000000001,-138.56443110903228,84.61347114243982,37.250686,126.674964,37.254138,126.680626
53.74999999999908,3,DEGRADED,DEGRADED_FEEDFORWARD,DEGRADED_FEEDFORWARD,NONE,FRESH,FRESHED,STALE,STALE,1,58.4176916036456,101.58230839635439,43.1646167927088,13.668750000000001,-138.56443110903228,84.61347114243982,37.250686,126.674964,37.254138,126.680626
53.79999999999908,3,DEGRADED,DEGRADED_FEEDFORWARD,DEGRADED_FEEDFORWARD,NONE,FRESH,FRESHED,STALE,STALE,1,58.4176916036456,101.58230839635439,43.1646167927088,13.668750000000001,-138.56443110903228,84.61347114243982,37.250686,126.674964,37.254138,126.680626
53.84999999999908,3,DEGRADED,DEGRADED_FEEDFORWARD,DEGRADED_FEEDFORWARD,NONE,FRESH,FRESHED,STALE,STALE,1,58.4176916036456,101.58230839635439,43.1646167927088,13.668750000000001,-138.56443110903228,84.61347114243982,37.250686,126.674964,37.254138,126.680626
53.899999999999075,3,DEGRADED,DEGRADED_FEEDFORWARD,DEGRADED_FEEDFORWARD,NONE,FRESH,FRESHED,STALE,STALE,1,58.4176916036456,101.58230839635439,43.1646167927088,13.668750000000001,-138.56443110903228,84.61347114243982,37.250686,126.674964,37.254138,126.680626
53.94999999999907,3,DEGRADED,DEGRADED_FEEDFORWARD,DEGRADED_FEEDFORWARD,NONE,FRESH,FRESHED,STALE,STALE,1,58.4176916036456,101.58230839635439,43.1646167927088,13.668750000000001,-138.56443110903228,84.61347114243982,37.250686,126.674964,37.254138,126.680626
53.99999999999907,3,DEGRADED,DEGRADED_FEEDFORWARD,DEGRADED_FEEDFORWARD,NONE,FRESH,FRESHED,STALE,STALE,1,58.4176916036456,101.58230839635439,43.1646167927088,13.668750000000001,-138.56443110903228,84.61347114243982,37.250686,126.674964,37.254138,126.680626
54.049999999999066,3,DEGRADED,DEGRADED_FEEDFORWARD,DEGRADED_FEEDFORWARD,NONE,FRESH,FRESHED,STALE,STALE,1,58.4176916036456,101.58230839635439,43.1646167927088,13.668750000000001,-138.56443110903228,84.61347114243982,37.250686,126.674964,37.254138,126.680626
54.09999999999906,3,DEGRADED,DEGRADED_FEEDFORWARD,DEGRADED_FEEDFORWARD,NONE,FRESH,FRESHED,STALE,STALE,1,58.4176916036456,101.58230839635439,43.1646167927088,13.668750000000001,-138.56443110903228,84.61347114243982,37.250686,126.674964,37.254138,126.680626
54.14999999999906,3,DEGRADED,DEGRADED_CLOSED_LOOP,DEGRADED_CLOSED_LOOP,NONE,FRESH,FRESHED,FRESH,FRESH,1,54.9176916036458,105.0823083963542,66.69133892575215,19.798724170142325,-138.56443110903228,84.61347114243982,37.250686,126.674964,37.254138,126.680626
54.19999999999906,3,DEGRADED,DEGRADED_CLOSED_LOOP,DEGRADED_CLOSED_LOOP,NONE,FRESH,FRESHED,FRESH,FRESH,1,51.417691603646,108.582308396354,66.71123764992228,19.798724170142325,-138.56443110903228,84.61347114243982,37.250686,126.674964,37.254138,126.680626
54.249999999999055,3,DEGRADED,DEGRADED_CLOSED_LOOP,DEGRADED_CLOSED_LOOP,NONE,FRESH,FRESHED,FRESH,FRESH,1,47.9176916036462,112.0823083963538,66.73113637409243,19.798724170142325,-138.56443110903228,84.61347114243982,37.250686,126.674964,37.254138,126.680626
54.29999999999905,3,DEGRADED,DEGRADED_CLOSED_LOOP,DEGRADED_CLOSED_LOOP,NONE,FRESH,FRESHED,FRESH,FRESH,1,46.62448245086871,113.37551754913129,66.75103509826258,19.798724170142325,-138.56443110903228,84.61347114243982,37.250686,126.674964,37.254138,126.680626
54.34999999999905,3,DEGRADED,DEGRADED_CLOSED_LOOP,DEGRADED_CLOSED_LOOP,NONE,FRESH,FRESHED,FRESH,FRESH,1,46.614533088783645,113.38546691121635,66.77093382243271,19.798724170142325,-138.56443110903228,84.61347114243982,37.250686,126.674964,37.254138,126.680626
54.39999999999905,3,DEGRADED,DEGRADED_FEEDFORWARD,DEGRADED_FEEDFORWARD,NONE,FRESH,FRESHED,STALE,FRESH,1,49.614533088783475,110.38546691121653,43.1646167927088,13.668750000000001,-138.56443110903228,84.61347114243982,37.250686,126.674964,37.254138,126.680626
54.449999999999044,3,DEGRADED,DEGRADED_FEEDFORWARD,DEGRADED_FEEDFORWARD,NONE,FRESH,FRESHED,STALE,FRESH,1,52.614533088783304,107.3854669112167,43.1646167927088,13.668750000000001,-138.56443110903228,84.61347114243982,37.250686,126.674964,37.254138,126.680626
54.49999999999904,3,DEGRADED,DEGRADED_FEEDFORWARD,DEGRADED_FEEDFORWARD,NONE,FRESH,FRESHED,STALE,FRESH,1,55.61453308878313,104.38546691121687,43.1646167927088,13.668750000000001,-138.56443110903228,84.61347114243982,37.250686,126.674964,37.254138,126.680626
54.54999999999904,3,DEGRADED,DEGRADED_FEEDFORWARD,DEGRADED_FEEDFORWARD,NONE,FRESH,FRESHED,STALE,FRESH,1,58.4176916036456,101.58230839635439,43.1646167927088,13.668750000000001,-138.56443110903228,84.61347114243982,37.250686,126.674964,37.254138,126.680626
54.599999999999035,3,DEGRADED,DEGRADED_FEEDFORWARD,DEGRADED_FEEDFORWARD,NONE,FRESH,FRESHED,STALE,FRESH,1,58.4176916036456,101.58230839635439,43.1646167927088,13.668750000000001,-138.56443110903228,84.61347114243982,37.250686,126.674964,37.254138,126.680626
54.64999999999903,3,DEGRADED,DEGRADED_FEEDFORWARD,DEGRADED_FEEDFORWARD,NONE,FRESH,FRESHED,STALE,FRESH,1,58.4176916036456,101.58230839635439,43.1646167927088,13.668750000000001,-138.56443110903228,84.61347114243982,37.250686,126.674964,37.254138,126.680626
54.69999999999903,3,DEGRADED,DEGRADED_FEEDFORWARD,DEGRADED_FEEDFORWARD,NONE,FRESH,FRESHED,STALE,STALE,1,58.4176916036456,101.58230839635439,43.1646167927088,13.668750000000001,-138.56443110903228,84.61347114243982,37.250686,126.674964,37.254138,126.680626
54.74999999999903,3,DEGRADED,DEGRADED_FEEDFORWARD,DEGRADED_FEEDFORWARD,NONE,FRESH,FRESHED,STALE,STALE,1,58.4176916036456,101.58230839635439,43.1646167927088,13.668750000000001,-138.56443110903228,84.61347114243982,37.250686,126.674964,37.254138,126.680626
54.799999999999024,3,DEGRADED,DEGRADED_FEEDFORWARD,DEGRADED_FEEDFORWARD,NONE,FRESH,FRESHED,STALE,STALE,1,58.4176916036456,101.58230839635439,43.1646167927088,13.668750000000001,-138.56443110903228,84.61347114243982,37.250686,126.674964,37.254138,126.680626
54.84999999999902,3,DEGRADED,DEGRADED_FEEDFORWARD,DEGRADED_FEEDFORWARD,NONE,FRESH,FRESHED,STALE,STALE,1,58.4176916036456,101.58230839635439,43.1646167927088,13.668750000000001,-138.56443110903228,84.61347114243982,37.250686,126.674964,37.254138,126.680626
54.89999999999902,3,DEGRADED,DEGRADED_FEEDFORWARD,DEGRADED_FEEDFORWARD,NONE,FRESH,FRESHED,STALE,STALE,1,58.4176916036456,101.58230839635439,43.1646167927088,13.668750000000001,-138.56443110903228,84.61347114243982,37.250686,126.674964,37.254138,126.680626
54.949999999999015,3,DEGRADED,DEGRADED_FEEDFORWARD,DEGRADED_FEEDFORWARD,NONE,FRESH,FRESHED,STALE,STALE,1,58.4176916036456,101.58230839635439,43.1646167927088,13.668750000000001,-138.56443110903228,84.61347114243982,37.250686,126.674964,37.254138,126.680626
54.99999999999901,3,DEGRADED,DEGRADED_FEEDFORWARD,DEGRADED_FEEDFORWARD,NONE,FRESH,FRESHED,STALE,STALE,1,58.4176916036456,101.58230839635439,43.1646167927088,13.668750000000001,-138.56443110903228,84.61347114243982,37.250686,126.674964,37.254138,126.680626
55.04999999999901,3,DEGRADED,DEGRADED_FEEDFORWARD,DEGRADED_FEEDFORWARD,NONE,FRESH,FRESHED,STALE,STALE,1,58.4176916036456,101.58230839635439,43.1646167927088,13.668750000000001,-138.56443110903228,84.61347114243982,37.250686,126.674964,37.254138,126.680626
55.09999999999901,3,DEGRADED,DEGRADED_FEEDFORWARD,DEGRADED_FEEDFORWARD,NONE,FRESH,FRESHED,STALE,STALE,1,58.4176916036456,101.58230839635439,43.1646167927088,13.668750000000001,-138.56443110903228,84.61347114243982,37.250686,126.674964,37.254138,126.680626
55.149999999999004,3,DEGRADED,DEGRADED_CLOSED_LOOP,DEGRADED_CLOSED_LOOP,NONE,FRESHED,FRESHED,FRESH,FRESH,1,54.9176916036458,105.0823083963542,66.62520983080154,19.798724170142325,-145.76331770374122,85.33326216759252,37.250686,126.674964,37.254138,126.680626
55.199999999999,3,DEGRADED,DEGRADED_CLOSED_LOOP,DEGRADED_CLOSED_LOOP,NONE,FRESHED,FRESHED,FRESH,FRESH,1,51.417691603646,108.582308396354,66.64489855497168,19.798724170142325,-146.1232620330131,85.36925171841591,37.250686,126.674964,37.254138,126.680626
55.249999999999,3,DEGRADED,DEGRADED_CLOSED_LOOP,DEGRADED_CLOSED_LOOP,NONE,FRESHED,FRESHED,FRESH,FRESH,1,47.9176916036462,112.0823083963538,66.66458727914181,19.798724170142325,-146.48320636291226,85.4052412697197,37.250686,126.674964,37.254138,126.680626
55.299999999998995,3,DEGRADED,DEGRADED_CLOSED_LOOP,DEGRADED_CLOSED_LOOP,NONE,FRESHED,FRESHED,FRESH,FRESH,1,46.657861998344025,113.34213800165597,66.68427600331195,19.798724170142325,-146.8431506928114,85.44123082102348,37.250686,126.674964,37.254138,126.680626
55.34999999999899,3,DEGRADED,DEGRADED_CLOSED_LOOP,DEGRADED_CLOSED_LOOP,NONE,FRESHED,FRESHED,FRESH,FRESH,1,46.64801763625895,113.35198236374106,66.7039647274821,19.798724170142325,-147.20309502271056,85.4772203723273,37.250686,126.674964,37.254138,126.680626
55.39999999999899,3,DEGRADED,DEGRADED_FEEDFORWARD,DEGRADED_FEEDFORWARD,NONE,FRESHED,FRESHED,STALE,FRESH,1,49.64801763625878,110.35198236374123,43.1646167927088,13.668750000000001,-147.56303935260968,85.51320992363107,37.250686,126.674964,37.254138,126.680626
55.44999999999899,3,DEGRADED,DEGRADED_FEEDFORWARD,DEGRADED_FEEDFORWARD,NONE,FRESHED,FRESHED,STALE,FRESH,1,52.64801763625861,107.3519823637414,43.1646167927088,13.668750000000001,-147.92298368188156,85.54919947445444,37.250686,126.674964,37.254138,126.680626
55.499999999998984,3,DEGRADED,DEGRADED_FEEDFORWARD,DEGRADED_FEEDFORWARD,NONE,FRESHED,FRESHED,STALE,FRESH,1,55.64801763625844,104.35198236374157,43.1646167927088,13.668750000000001,-148.28292801178068,85.58518902575823,37.250686,126.674964,37.254138,126.680626
55.54999999999898,3,DEGRADED,DEGRADED_FEEDFORWARD,DEGRADED_FEEDFORWARD,NONE,FRESHED,FRESHED,STALE,FRESH,1,58.4176916036456,101.58230839635439,43.1646167927088,13.668750000000001,-148.64287234167983,85.62117857706201,37.250686,126.674964,37.254138,126.680626
55.59999999999898,3,DEGRADED,DEGRADED_FEEDFORWARD,DEGRADED_FEEDFORWARD,NONE,FRESHED,FRESHED,STALE,FRESH,1,58.4176916036456,101.58230839635439,43.1646167927088,13.668750000000001,-149.00281667157898,85.65716812836581,37.250686,126.674964,37.254138,126.680626
55.649999999998975,3,DEGRADED,DEGRADED_FEEDFORWARD,DEGRADED_FEEDFORWARD,NONE,FRESHED,FRESHED,STALE,FRESH,1,58.4176916036456,101.58230839635439,43.1646167927088,13.668750000000001,-149.3627610014781,85.69315767966961,37.250686,126.674964,37.254138,126.680626
55.69999999999897,3,DEGRADED,DEGRADED_FEEDFORWARD,DEGRADED_FEEDFORWARD,NONE,FRESHED,FRESHED,STALE,STALE,1,58.4176916036456,101.58230839635439,43.1646167927088,13.668750000000001,-149.72270533075002,85.72914723049298,37.250686,126.674964,37.254138,126.680626
55.74999999999897,3,DEGRADED,DEGRADED_FEEDFORWARD,DEGRADED_FEEDFORWARD,NONE,FRESHED,FRESHED,STALE,STALE,1,58.4176916036456,101.58230839635439,43.1646167927088,13.668750000000001,-150.08264966064914,85.76513678179677,37.250686,126.674964,37.254138,126.680626
55.79999999999897,3,DEGRADED,DEGRADED_FEEDFORWARD,DEGRADED_FEEDFORWARD,NONE,FRESHED,FRESHED,STALE,STALE,1,58.4176916036456,101.58230839635439,43.1646167927088,13.668750000000001,-150.4425939905483,85.80112633310058,37.250686,126.674964,37.254138,126.680626
55.849999999998964,3,DEGRADED,DEGRADED_FEEDFORWARD,DEGRADED_FEEDFORWARD,NONE,FRESHED,FRESHED,STALE,STALE,1,58.4176916036456,101.58230839635439,43.1646167927088,13.668750000000001,-150.8025383204474,85.83711588440437,37.250686,126.674964,37.254138,126.680626
55.89999999999896,3,DEGRADED,DEGRADED_FEEDFORWARD,DEGRADED_FEEDFORWARD,NONE,FRESHED,FRESHED,STALE,STALE,1,58.4176916036456,101.58230839635439,43.1646167927088,13.668750000000001,-151.16248264971932,85.87310543522771,37.250686,126.674964,37.254138,126.680626
55.94999999999896,3,DEGRADED,DEGRADED_FEEDFORWARD,DEGRADED_FEEDFORWARD,NONE,FRESHED,FRESHED,STALE,STALE,1,58.4176916036456,101.58230839635439,43.1646167927088,13.668750000000001,-151.52242697961844,85.90909498653151,37.250686,126.674964,37.254138,126.680626
55.999999999998956,3,DEGRADED,DEGRADED_FEEDFORWARD,DEGRADED_FEEDFORWARD,NONE,FRESHED,FRESHED,STALE,STALE,1,58.4176916036456,101.58230839635439,43.1646167927088,13.668750000000001,-151.88237130951762,85.94508453783531,37.250686,126.674964,37.254138,126.680626
56.04999999999895,3,DEGRADED,DEGRADED_FEEDFORWARD,DEGRADED_FEEDFORWARD,NONE,FRESHED,FRESHED,STALE,STALE,1,58.4176916036456,101.58230839635439,43.1646167927088,13.668750000000001,-152.24231563941674,85.9810740891391,37.250686,126.674964,37.254138,126.680626
56.09999999999895,3,DEGRADED,DEGRADED_FEEDFORWARD,DEGRADED_FEEDFORWARD,NONE,FRESHED,FRESHED,STALE,STALE,1,58.4176916036456,101.58230839635439,43.1646167927088,13.668750000000001,-152.60225996931587,86.0170636404429,37.250686,126.674964,37.254138,126.680626
56.14999999999895,3,DEGRADED,DEGRADED_CLOSED_LOOP,DEGRADED_CLOSED_LOOP,NONE,FRESHED,FRESHED,FRESH,FRESH,1,54.9176916036458,105.0823083963542,66.64929554183593,19.798724170142325,-152.96220429858778,86.05305319126627,37.250686,126.674964,37.254138,126.680626
56.199999999998944,3,DEGRADED,DEGRADED_CLOSED_LOOP,DEGRADED_CLOSED_LOOP,NONE,FRESHED,FRESHED,FRESH,FRESH,1,58.4176916036456,101.58230839635439,31.881197742316257,6.612805108235477,-182.7489716581423,89.03166671816238,37.250686,126.674964,37.254138,126.680626
56.24999999999894,3,DEGRADED,DEGRADED_CLOSED_LOOP,DEGRADED_CLOSED_LOOP,NONE,FRESHED,FRESHED,FRESH,FRESH,1,61.9176916036454,98.08230839635459,31.88776054742449,6.612805108235477,-183.82664337906567,89.1394275853308,37.250686,126.674964,37.254138,126.680626
56.29999999999894,3,DEGRADED,DEGRADED_CLOSED_LOOP,DEGRADED_CLOSED_LOOP,NONE,FRESHED,FRESHED,FRESH,FRESH,1,64.05283832373364,95.94716167626636,31.894323352532727,6.612805108235477,-184.9043150998515,89.2471884539782,37.250686,126.674964,37.254138,126.680626
56.349999999998936,3,DEGRADED,DEGRADED_CLOSED_LOOP,DEGRADED_CLOSED_LOOP,NONE,FRESHED,FRESHED,FRESH,FRESH,1,64.04955692117952,95.95044307882048,31.90088615764096,6.612805108235477,-185.98198682077486,89.35494932114662,37.250686,126.674964,37.254138,126.680626
56.39999999999893,3,DEGRADED,DEGRADED_FEEDFORWARD,DEGRADED_FEEDFORWARD,NONE,FRESHED,FRESHED,STALE,FRESH,1,67.04955692117935,92.95044307882065,24.455209544156652,5.290244086588381,-187.0596585409334,89.46271018931358,37.250686,126.674964,37.254138,126.680626
56.44999999999893,3,DEGRADED,DEGRADED_FEEDFORWARD,DEGRADED_FEEDFORWARD,NONE,FRESHED,FRESHED,STALE,FRESH,1,67.77239522792168,92.22760477207832,24.455209544156652,5.290244086588381,-188.1373302618568,89.57047105648199,37.250686,126.674964,37.254138,126.680626
56.49999999999893,3,DEGRADED,DEGRADED_FEEDFORWARD,DEGRADED_FEEDFORWARD,NONE,FRESHED,FRESHED,STALE,FRESH,1,67.77239522792168,92.22760477207832,24.455209544156652,5.290244086588381,-189.21500198278022,89.67823192365043,37.250686,126.674964,37.254138,126.680626
56.549999999998924,3,DEGRADED,DEGRADED_FEEDFORWARD,DEGRADED_FEEDFORWARD,NONE,FRESHED,FRESHED,STALE,FRESH,1,67.77239522792168,92.22760477207832,24.455209544156652,5.290244086588381,-190.292673703566,89.78599279229783,37.250686,126.674964,37.254138,126.680626
56.59999999999892,3,DEGRADED,DEGRADED_FEEDFORWARD,DEGRADED_FEEDFORWARD,NONE,FRESHED,FRESHED,STALE,FRESH,1,67.77239522792168,92.22760477207832,24.455209544156652,5.290244086588381,-191.37034542448941,89.89375365946623,37.250686,126.674964,37.254138,126.680626
56.64999999999892,3,DEGRADED,DEGRADED_FEEDFORWARD,DEGRADED_FEEDFORWARD,NONE,FRESHED,FRESHED,STALE,FRESH,1,67.77239522792168,92.22760477207832,24.455209544156652,5.290244086588381,-192.44801714464793,90.00151452763319,37.250686,126.674964,37.254138,126.680626
56.699999999998916,3,DEGRADED,DEGRADED_FEEDFORWARD,DEGRADED_FEEDFORWARD,NONE,FRESHED,FRESHED,STALE,STALE,1,67.77239522792168,92.22760477207832,24.455209544156652,5.290244086588381,-193.52568886557134,90.10927539480161,37.250686,126.674964,37.254138,126.680626
56.74999999999891,3,DEGRADED,DEGRADED_FEEDFORWARD,DEGRADED_FEEDFORWARD,NONE,FRESHED,FRESHED,STALE,STALE,1,67.77239522792168,92.22760477207832,24.455209544156652,5.290244086588381,-194.6033605857299,90.21703626296858,37.250686,126.674964,37.254138,126.680626
56.79999999999891,3,DEGRADED,DEGRADED_FEEDFORWARD,DEGRADED_FEEDFORWARD,NONE,FRESHED,FRESHED,STALE,STALE,1,67.77239522792168,92.22760477207832,24.455209544156652,5.290244086588381,-195.6810323072805,90.32479713061743,37.250686,126.674964,37.254138,126.680626
56.84999999999891,3,DEGRADED,DEGRADED_FEEDFORWARD,DEGRADED_FEEDFORWARD,NONE,FRESHED,FRESHED,STALE,STALE,1,67.77239522792168,92.22760477207832,24.455209544156652,5.290244086588381,-196.7587040282039,90.43255799778586,37.250686,126.674964,37.254138,126.680626
56.899999999998904,3,DEGRADED,DEGRADED_FEEDFORWARD,DEGRADED_FEEDFORWARD,NONE,FRESHED,FRESHED,STALE,STALE,1,67.77239522792168,92.22760477207832,24.455209544156652,5.290244086588381,-197.83637574836249,90.54031886595281,37.250686,126.674964,37.254138,126.680626
56.9499999999989,3,DEGRADED,DEGRADED_FEEDFORWARD,DEGRADED_FEEDFORWARD,NONE,FRESHED,FRESHED,STALE,STALE,1,67.77239522792168,92.22760477207832,24.455209544156652,5.290244086588381,-198.91404746928586,90.64807973312122,37.250686,126.674964,37.254138,126.680626
56.9999999999989,3,DEGRADED,DEGRADED_FEEDFORWARD,DEGRADED_FEEDFORWARD,NONE,FRESHED,FRESHED,STALE,STALE,1,67.77239522792168,92.22760477207832,24.455209544156652,5.290244086588381,-199.99171918944444,90.75584060128821,37.250686,126.674964,37.254138,126.680626
57.049999999998896,3,DEGRADED,DEGRADED_FEEDFORWARD,DEGRADED_FEEDFORWARD,NONE,FRESHED,FRESHED,STALE,STALE,1,67.77239522792168,92.22760477207832,24.455209544156652,5.290244086588381,-201.06939091099508,90.86360146893708,37.250686,126.674964,37.254138,126.680626
57.09999999999889,3,DEGRADED,DEGRADED_FEEDFORWARD,DEGRADED_FEEDFORWARD,NONE,FRESHED,FRESHED,STALE,STALE,1,67.77239522792168,92.22760477207832,24.455209544156652,5.290244086588381,-202.1470626311536,90.97136233710401,37.250686,126.674964,37.254138,126.680626
57.14999999999889,3,DEGRADED,DEGRADED_CLOSED_LOOP,DEGRADED_CLOSED_LOOP,NONE,FRESHED,FRESHED,FRESH,FRESH,1,64.27239522792188,95.72760477207812,31.905244108250482,6.612805108235477,-203.224734352077,91.07912320427246,37.250686,126.674964,37.254138,126.680626
57.19999999999889,3,ACTIVE,FAIL,NO_MOTION,NO_MOTION,FRESHED,STALE,FRESH,FRESH,1,61.27239522792205,98.72760477207795,45.83341997085203,14.97755560984674,0.0,0.0,37.250686,126.674964,37.254138,126.680626
57.249999999998884,3,ACTIVE,FAIL,NO_MOTION,NO_MOTION,FRESHED,STALE,FRESH,FRESH,1,58.27239522792222,101.72760477207778,45.905895225118485,15.013428720070404,0.0,0.0,37.250686,126.674964,37.254138,126.680626
57.29999999999888,3,ACTIVE,FAIL,NO_MOTION,NO_MOTION,FRESHED,STALE,FRESH,FRESH,1,57.010840683547535,102.98915931645246,45.97831863290493,15.049293300685068,0.0,0.0,37.250686,126.674964,37.254138,126.680626
57.34999999999888,3,ACTIVE,FAIL,NO_MOTION,NO_MOTION,FRESHED,STALE,FRESH,FRESH,1,56.97465486612449,103.0253451338755,46.05069026775102,15.085149326877367,0.0,0.0,37.250686,126.674964,37.254138,126.680626
57.399999999998876,3,NO_MOTION,FAIL,NO_MOTION,NO_MOTION,FRESHED,STALE,STALE,FRESH,0,80.0,80.0,0.0,0.0,0.0,0.0,37.250686,126.674964,37.254138,126.680626
57.44999999999887,3,NO_MOTION,FAIL,NO_MOTION,NO_MOTION,FRESHED,STALE,STALE,FRESH,0,80.0,80.0,0.0,0.0,0.0,0.0,37.250686,126.674964,37.254138,126.680626
57.49999999999887,3,NO_MOTION,FAIL,NO_MOTION,NO_MOTION,FRESHED,STALE,STALE,FRESH,0,80.0,80.0,0.0,0.0,0.0,0.0,37.250686,126.674964,37.254138,126.680626
57.54999999999887,3,NO_MOTION,FAIL,NO_MOTION,NO_MOTION,FRESHED,STALE,STALE,FRESH,0,80.0,80.0,0.0,0.0,0.0,0.0,37.250686,126.674964,37.254138,126.680626
57.599999999998865,3,NO_MOTION,FAIL,NO_MOTION,NO_MOTION,FRESHED,STALE,STALE,FRESH,0,80.0,80.0,0.0,0.0,0.0,0.0,37.250686,126.674964,37.254138,126.680626
57.64999999999886,3,NO_MOTION,FAIL,NO_MOTION,NO_MOTION,FRESHED,STALE,STALE,FRESH,0,80.0,80.0,0.0,0.0,0.0,0.0,37.250686,126.674964,37.254138,126.680626
57.69999999999886,3,NO_MOTION,FAIL,NO_MOTION,NO_MOTION,FRESHED,STALE,STALE,STALE,0,80.0,80.0,0.0,0.0,0.0,0.0,37.250686,126.674964,37.254138,126.680626
57.749999999998856,3,NO_MOTION,FAIL,NO_MOTION,NO_MOTION,FRESHED,STALE,STALE,STALE,0,80.0,80.0,0.0,0.0,0.0,0.0,37.250686,126.674964,37.254138,126.680626
57.79999999999885,3,NO_MOTION,FAIL,NO_MOTION,NO_MOTION,FRESHED,STALE,STALE,STALE,0,80.0,80.0,0.0,0.0,0.0,0.0,37.250686,126.674964,37.254138,126.680626
57.84999999999885,3,NO_MOTION,FAIL,NO_MOTION,NO_MOTION,FRESHED,STALE,STALE,STALE,0,80.0,80.0,0.0,0.0,0.0,0.0,37.250686,126.674964,37.254138,126.680626
57.89999999999885,3,NO_MOTION,FAIL,NO_MOTION,NO_MOTION,FRESHED,STALE,STALE,STALE,0,80.0,80.0,0.0,0.0,0.0,0.0,37.250686,126.674964,37.254138,126.680626
57.949999999998845,3,NO_MOTION,FAIL,NO_MOTION,NO_MOTION,FRESHED,STALE,STALE,STALE,0,80.0,80.0,0.0,0.0,0.0,0.0,37.250686,126.674964,37.254138,126.680626
57.99999999999884,3,NO_MOTION,FAIL,NO_MOTION,NO_MOTION,FRESHED,STALE,STALE,STALE,0,80.0,80.0,0.0,0.0,0.0,0.0,37.250686,126.674964,37.254138,126.680626
58.04999999999884,3,NO_MOTION,FAIL,NO_MOTION,NO_MOTION,FRESHED,STALE,STALE,STALE,0,80.0,80.0,0.0,0.0,0.0,0.0,37.250686,126.674964,37.254138,126.680626
58.099999999998836,3,NO_MOTION,FAIL,NO_MOTION,NO_MOTION,FRESHED,STALE,STALE,STALE,0,80.0,80.0,0.0,0.0,0.0,0.0,37.250686,126.674964,37.254138,126.680626
58.14999999999883,3,ACTIVE,FAIL,NO_MOTION,NO_MOTION,FRESHED,STALE,FRESH,FRESH,1,54.22528233081087,105.77471766918913,51.54943533837826,17.857662035520004,0.0,0.0,37.250686,126.674964,37.254138,126.680626
58.19999999999883,3,ACTIVE,FAIL,NO_MOTION,NO_MOTION,FRESHED,STALE,FRESH,FRESH,1,54.1904580530616,105.8095419469384,51.619083893876805,17.893368839161305,0.0,0.0,37.250686,126.674964,37.254138,126.680626
58.24999999999883,3,ACTIVE,FAIL,NO_MOTION,NO_MOTION,FRESHED,STALE,FRESH,FRESH,1,54.155656442202854,105.84434355779715,51.688687115594284,17.9290666440853,0.0,0.0,37.250686,126.674964,37.254138,126.680626
58.299999999998825,3,ACTIVE,FAIL,NO_MOTION,NO_MOTION,FRESHED,STALE,FRESH,FRESH,1,54.120877478360185,105.87912252163981,51.75824504327963,17.964755425870777,0.0,0.0,37.250686,126.674964,37.254138,126.680626
58.34999999999882,3,ACTIVE,FAIL,NO_MOTION,NO_MOTION,FRESHED,STALE,FRESH,FRESH,1,54.086121141579014,105.91387885842099,51.82775771684198,18.00043516034292,0.0,0.0,37.250686,126.674964,37.254138,126.680626
58.39999999999882,3,NO_MOTION,FAIL,NO_MOTION,NO_MOTION,FRESHED,STALE,STALE,FRESH,0,80.0,80.0,0.0,0.0,0.0,0.0,37.250686,126.674964,37.254138,126.680626
58.449999999998816,3,NO_MOTION,FAIL,NO_MOTION,NO_MOTION,FRESHED,STALE,STALE,FRESH,0,80.0,80.0,0.0,0.0,0.0,0.0,37.250686,126.674964,37.254138,126.680626
58.49999999999881,3,NO_MOTION,FAIL,NO_MOTION,NO_MOTION,FRESHED,STALE,STALE,FRESH,0,80.0,80.0,0.0,0.0,0.0,0.0,37.250686,126.674964,37.254138,126.680626
58.54999999999881,3,NO_MOTION,FAIL,NO_MOTION,NO_MOTION,FRESHED,STALE,STALE,FRESH,0,80.0,80.0,0.0,0.0,0.0,0.0,37.250686,126.674964,37.254138,126.680626
58.59999999999881,3,NO_MOTION,FAIL,NO_MOTION,NO_MOTION,FRESHED,STALE,STALE,FRESH,0,80.0,80.0,0.0,0.0,0.0,0.0,37.250686,126.674964,37.254138,126.680626
58.649999999998805,3,NO_MOTION,FAIL,NO_MOTION,NO_MOTION,FRESHED,STALE,STALE,FRESH,0,80.0,80.0,0.0,0.0,0.0,0.0,37.250686,126.674964,37.254138,126.680626
58.6999999999988,3,NO_MOTION,FAIL,NO_MOTION,NO_MOTION,FRESHED,STALE,STALE,STALE,0,80.0,80.0,0.0,0.0,0.0,0.0,37.250686,126.674964,37.254138,126.680626
58.7499999999988,3,NO_MOTION,FAIL,NO_MOTION,NO_MOTION,FRESHED,STALE,STALE,STALE,0,80.0,80.0,0.0,0.0,0.0,0.0,37.250686,126.674964,37.254138,126.680626
58.799999999998796,3,NO_MOTION,FAIL,NO_MOTION,NO_MOTION,FRESHED,STALE,STALE,STALE,0,80.0,80.0,0.0,0.0,0.0,0.0,37.250686,126.674964,37.254138,126.680626
58.84999999999879,3,NO_MOTION,FAIL,NO_MOTION,NO_MOTION,FRESHED,STALE,STALE,STALE,0,80.0,80.0,0.0,0.0,0.0,0.0,37.250686,126.674964,37.254138,126.680626
58.89999999999879,3,NO_MOTION,FAIL,NO_MOTION,NO_MOTION,FRESHED,STALE,STALE,STALE,0,80.0,80.0,0.0,0.0,0.0,0.0,37.250686,126.674964,37.254138,126.680626
58.94999999999879,3,NO_MOTION,FAIL,NO_MOTION,NO_MOTION,FRESHED,STALE,STALE,STALE,0,80.0,80.0,0.0,0.0,0.0,0.0,37.250686,126.674964,37.254138,126.680626
58.999999999998785,3,NO_MOTION,FAIL,NO_MOTION,NO_MOTION,FRESHED,STALE,STALE,STALE,0,80.0,80.0,0.0,0.0,0.0,0.0,37.250686,126.674964,37.254138,126.680626
59.04999999999878,3,NO_MOTION,FAIL,NO_MOTION,NO_MOTION,FRESHED,STALE,STALE,STALE,0,80.0,80.0,0.0,0.0,0.0,0.0,37.250686,126.674964,37.254138,126.680626
59.09999999999878,3,NO_MOTION,FAIL,NO_MOTION,NO_MOTION,FRESHED,STALE,STALE,STALE,0,80.0,80.0,0.0,0.0,0.0,0.0,37.250686,126.674964,37.254138,126.680626
59.149999999998776,3,ACTIVE,NOMINAL_CLOSED_LOOP,NOMINAL_CLOSED_LOOP,NONE,FRESH,FRESH,FRESH,FRESH,1,34.086121141579014,125.91387885842099,127.72682681925406,43.359802910021536,-164.41344389455975,90.3643314189655,37.250686,126.674964,37.254138,126.680626
59.199999999998774,3,ACTIVE,NOMINAL_CLOSED_LOOP,NOMINAL_CLOSED_LOOP,NONE,FRESH,FRESH,FRESH,FRESH,1,29.086121141579298,130.9138788584207,127.77150662216408,43.359802910021536,-164.41344389455975,90.3643314189655,37.250686,126.674964,37.254138,126.680626
59.24999999999877,3,ACTIVE,NOMINAL_CLOSED_LOOP,NOMINAL_CLOSED_LOOP,NONE,FRESH,FRESH,FRESH,FRESH,1,24.086121141579582,135.91387885842042,127.81618642507411,43.359802910021536,-164.41344389455975,90.3643314189655,37.250686,126.674964,37.254138,126.680626
59.29999999999877,3,ACTIVE,NOMINAL_CLOSED_LOOP,NOMINAL_CLOSED_LOOP,NONE,FRESH,FRESH,FRESH,FRESH,1,19.086121141579866,140.91387885842013,127.86086622798412,43.359802910021536,-164.41344389455975,90.3643314189655,37.250686,126.674964,37.254138,126.680626
59.349999999998765,3,ACTIVE,NOMINAL_CLOSED_LOOP,NOMINAL_CLOSED_LOOP,NONE,FRESH,FRESH,FRESH,FRESH,1,16.047226984552935,143.95277301544706,127.90554603089413,43.359802910021536,-164.41344389455975,90.3643314189655,37.250686,126.674964,37.254138,126.680626
59.39999999999876,3,ACTIVE,NOMINAL_FEEDFORWARD,NOMINAL_FEEDFORWARD,NONE,FRESH,FRESH,STALE,FRESH,1,20.54722698455268,139.45277301544732,100.98224402504675,37.939827546268845,-164.41344389455975,90.3643314189655,37.250686,126.674964,37.254138,126.680626
59.44999999999876,3,ACTIVE,NOMINAL_FEEDFORWARD,NOMINAL_FEEDFORWARD,NONE,FRESH,FRESH,STALE,FRESH,1,25.047226984552424,134.95277301544758,100.98224402504675,37.939827546268845,-164.41344389455975,90.3643314189655,37.250686,126.674964,37.254138,126.680626
59.49999999999876,3,ACTIVE,NOMINAL_FEEDFORWARD,NOMINAL_FEEDFORWARD,NONE,FRESH,FRESH,STALE,FRESH,1,29.508877987476623,130.49112201252336,100.98224402504675,37.939827546268845,-164.41344389455975,90.3643314189655,37.250686,126.674964,37.254138,126.680626
59.549999999998754,3,ACTIVE,NOMINAL_FEEDFORWARD,NOMINAL_FEEDFORWARD,NONE,FRESH,FRESH,STALE,FRESH,1,29.508877987476623,130.49112201252336,100.98224402504675,37.939827546268845,-164.41344389455975,90.3643314189655,37.250686,126.674964,37.254138,126.680626
59.59999999999875,3,ACTIVE,NOMINAL_FEEDFORWARD,NOMINAL_FEEDFORWARD,NONE,FRESH,FRESH,STALE,FRESH,1,29.508877987476623,130.49112201252336,100.98224402504675,37.939827546268845,-164.41344389455975,90.3643314189655,37.250686,126.674964,37.254138,126.680626
59.64999999999875,3,ACTIVE,NOMINAL_FEEDFORWARD,NOMINAL_FEEDFORWARD,NONE,FRESH,FRESH,STALE,FRESH,1,29.508877987476623,130.49112201252336,100.98224402504675,37.939827546268845,-164.41344389455975,90.3643314189655,37.250686,126.674964,37.254138,126.680626
59.699999999998745,3,ACTIVE,NOMINAL_FEEDFORWARD,NOMINAL_FEEDFORWARD,NONE,FRESH,FRESH,STALE,STALE,1,29.508877987476623,130.49112201252336,100.98224402504675,37.939827546268845,-164.41344389455975,90.3643314189655,37.250686,126.674964,37.254138,126.680626
59.74999999999874,3,ACTIVE,NOMINAL_FEEDFORWARD,NOMINAL_FEEDFORWARD,NONE,FRESH,FRESH,STALE,STALE,1,29.508877987476623,130.49112201252336,100.98224402504675,37.939827546268845,-164.41344389455975,90.3643314189655,37.250686,126.674964,37.254138,126.680626
59.79999999999874,3,ACTIVE,NOMINAL_FEEDFORWARD,NOMINAL_FEEDFORWARD,NONE,FRESH,FRESH,STALE,STALE,1,29.508877987476623,130.49112201252336,100.98224402504675,37.939827546268845,-164.41344389455975,90.3643314189655,37.250686,126.674964,37.254138,126.680626
59.84999999999874,3,ACTIVE,NOMINAL_FEEDFORWARD,NOMINAL_FEEDFORWARD,NONE,FRESH,FRESH,STALE,STALE,1,29.508877987476623,130.49112201252336,100.98224402504675,37.939827546268845,-164.41344389455975,90.3643314189655,37.250686,126.674964,37.254138,126.680626
59.899999999998734,3,ACTIVE,NOMINAL_FEEDFORWARD,NOMINAL_FEEDFORWARD,NONE,FRESH,FRESH,STALE,STALE,1,29.508877987476623,130.49112201252336,100.98224402504675,37.939827546268845,-164.41344389455975,90.3643314189655,37.250686,126.674964,37.254138,126.680626
59.94999999999873,3,ACTIVE,NOMINAL_FEEDFORWARD,NOMINAL_FEEDFORWARD,NONE,FRESH,FRESH,STALE,STALE,1,29.508877987476623,130.49112201252336,100.98224402504675,37.939827546268845,-164.41344389455975,90.3643314189655,37.250686,126.674964,37.254138,126.680626
59.99999999999873,3,ACTIVE,NOMINAL_FEEDFORWARD,NOMINAL_FEEDFORWARD,NONE,FRESH,FRESH,STALE,STALE,1,29.508877987476623,130.49112201252336,100.98224402504675,37.939827546268845,-164.41344389455975,90.3643314189655,37.250686,126.674964,37.254138,126.680626
60.049999999998725,3,ACTIVE,NOMINAL_FEEDFORWARD,NOMINAL_FEEDFORWARD,NONE,FRESH,FRESH,STALE,STALE,1,29.508877987476623,130.49112201252336,100.98224402504675,37.939827546268845,-164.41344389455975,90.3643314189655,37.250686,126.674964,37.254138,126.680626
60.09999999999872,3,ACTIVE,NOMINAL_FEEDFORWARD,NOMINAL_FEEDFORWARD,NONE,FRESH,FRESH,STALE,STALE,1,29.508877987476623,130.49112201252336,100.98224402504675,37.939827546268845,-164.41344389455975,90.3643314189655,37.250686,126.674964,37.254138,126.680626
60.14999999999872,3,DEGRADED,DEGRADED_CLOSED_LOOP,DEGRADED_CLOSED_LOOP,NONE,FRESH,FRESHED,FRESH,FRESH,1,33.008877987476424,126.99112201252356,77.63938207816612,24.299999999999994,-164.41344389455975,90.3643314189655,37.250686,126.674964,37.254138,126.680626
60.19999999999872,3,DEGRADED,DEGRADED_CLOSED_LOOP,DEGRADED_CLOSED_LOOP,NONE,FRESH,FRESHED,FRESH,FRESH,1,36.508877987476225,123.49112201252376,77.66395207816612,24.299999999999994,-164.41344389455975,90.3643314189655,37.250686,126.674964,37.254138,126.680626
60.249999999998714,3,DEGRADED,DEGRADED_CLOSED_LOOP,DEGRADED_CLOSED_LOOP,NONE,FRESH,FRESHED,FRESH,FRESH,1,40.008877987476026,119.99112201252396,77.68852207816612,24.299999999999994,-164.41344389455975,90.3643314189655,37.250686,126.674964,37.254138,126.680626
60.29999999999871,3,DEGRADED,DEGRADED_CLOSED_LOOP,DEGRADED_CLOSED_LOOP,NONE,FRESH,FRESHED,FRESH,FRESH,1,41.14345396091694,118.85654603908306,77.71309207816611,24.299999999999994,-164.41344389455975,90.3643314189655,37.250686,126.674964,37.254138,126.680626
60.34999999999871,3,DEGRADED,DEGRADED_CLOSED_LOOP,DEGRADED_CLOSED_LOOP,NONE,FRESH,FRESHED,FRESH,FRESH,1,41.131168960916945,118.86883103908306,77.73766207816611,24.299999999999994,-164.41344389455975,90.3643314189655,37.250686,126.674964,37.254138,126.680626
60.399999999998705,3,DEGRADED,DEGRADED_FEEDFORWARD,DEGRADED_FEEDFORWARD,NONE,FRESH,FRESHED,STALE,FRESH,1,44.131168960916774,115.86883103908323,43.16461679270879,13.66875,-164.41344389455975,90.3643314189655,37.250686,126.674964,37.254138,126.680626
60.4499999999987,3,DEGRADED,DEGRADED_FEEDFORWARD,DEGRADED_FEEDFORWARD,NONE,FRESH,FRESHED,STALE,FRESH,1,47.131168960916604,112.8688310390834,43.16461679270879,13.66875,-164.41344389455975,90.3643314189655,37.250686,126.674964,37.254138,126.680626
60.4999999999987,3,DEGRADED,DEGRADED_FEEDFORWARD,DEGRADED_FEEDFORWARD,NONE,FRESH,FRESHED,STALE,FRESH,1,50.13116896091643,109.86883103908357,43.16461679270879,13.66875,-164.41344389455975,90.3643314189655,37.250686,126.674964,37.254138,126.680626
60.5499999999987,3,DEGRADED,DEGRADED_FEEDFORWARD,DEGRADED_FEEDFORWARD,NONE,FRESH,FRESHED,STALE,FRESH,1,53.13116896091626,106.86883103908374,43.16461679270879,13.66875,-164.41344389455975,90.3643314189655,37.250686,126.674964,37.254138,126.680626
60.599999999998694,3,DEGRADED,DEGRADED_FEEDFORWARD,DEGRADED_FEEDFORWARD,NONE,FRESH,FRESHED,STALE,FRESH,1,56.13116896091609,103.86883103908391,43.16461679270879,13.66875,-164.41344389455975,90.3643314189655,37.250686,126.674964,37.254138,126.680626
60.64999999999869,3,DEGRADED,DEGRADED_FEEDFORWARD,DEGRADED_FEEDFORWARD,NONE,FRESH,FRESHED,STALE,FRESH,1,58.41769160364561,101.58230839635439,43.16461679270879,13.66875,-164.41344389455975,90.3643314189655,37.250686,126.674964,37.254138,126.680626
60.69999999999869,3,DEGRADED,DEGRADED_FEEDFORWARD,DEGRADED_FEEDFORWARD,NONE,FRESH,FRESHED,STALE,STALE,1,58.41769160364561,101.58230839635439,43.16461679270879,13.66875,-164.41344389455975,90.3643314189655,37.250686,126.674964,37.254138,126.680626
60.749999999998685,3,DEGRADED,DEGRADED_FEEDFORWARD,DEGRADED_FEEDFORWARD,NONE,FRESH,FRESHED,STALE,STALE,1,58.41769160364561,101.58230839635439,43.16461679270879,13.66875,-164.41344389455975,90.3643314189655,37.250686,126.674964,37.254138,126.680626
60.79999999999868,3,DEGRADED,DEGRADED_FEEDFORWARD,DEGRADED_FEEDFORWARD,NONE,FRESH,FRESHED,STALE,STALE,1,58.41769160364561,101.58230839635439,43.16461679270879,13.66875,-164.41344389455975,90.3643314189655,37.250686,126.674964,37.254138,126.680626
60.84999999999868,3,DEGRADED,DEGRADED_FEEDFORWARD,DEGRADED_FEEDFORWARD,NONE,FRESH,FRESHED,STALE,STALE,1,58.41769160364561,101.58230839635439,43.16461679270879,13.66875,-164.41344389455975,90.3643314189655,37.250686,126.674964,37.254138,126.680626
60.89999999999868,3,DEGRADED,DEGRADED_FEEDFORWARD,DEGRADED_FEEDFORWARD,NONE,FRESH,FRESHED,STALE,STALE,1,58.41769160364561,101.58230839635439,43.16461679270879,13.66875,-164.41344389455975,90.3643314189655,37.250686,126.674964,37.254138,126.680626
60.949999999998674,3,DEGRADED,DEGRADED_FEEDFORWARD,DEGRADED_FEEDFORWARD,NONE,FRESH,FRESHED,STALE,STALE,1,58.41769160364561,101.58230839635439,43.16461679270879,13.66875,-164.41344389455975,90.3643314189655,37.250686,126.674964,37.254138,126.680626
60.99999999999867,3,DEGRADED,DEGRADED_FEEDFORWARD,DEGRADED_FEEDFORWARD,NONE,FRESH,FRESHED,STALE,STALE,1,58.41769160364561,101.58230839635439,43.16461679270879,13.66875,-164.41344389455975,90.3643314189655,37.250686,126.674964,37.254138,126.680626
61.04999999999867,3,DEGRADED,DEGRADED_FEEDFORWARD,DEGRADED_FEEDFORWARD,NONE,FRESH,FRESHED,STALE,STALE,1,58.41769160364561,101.58230839635439,43.16461679270879,13.66875,-164.41344389455975,90.3643314189655,37.250686,126.674964,37.254138,126.680626
61.099999999998666,3,DEGRADED,DEGRADED_FEEDFORWARD,DEGRADED_FEEDFORWARD,NONE,FRESH,FRESHED,STALE,STALE,1,58.41769160364561,101.58230839635439,43.16461679270879,13.66875,-164.41344389455975,90.3643314189655,37.250686,126.674964,37.254138,126.680626
61.14999999999866,3,DEGRADED,DEGRADED_CLOSED_LOOP,DEGRADED_CLOSED_LOOP,NONE,FRESH,FRESHED,FRESH,FRESH,1,54.91769160364581,105.0823083963542,77.51631139031471,24.299999999999994,-164.41344389455975,90.3643314189655,37.250686,126.674964,37.254138,126.680626
61.19999999999866,3,DEGRADED,DEGRADED_CLOSED_LOOP,DEGRADED_CLOSED_LOOP,NONE,FRESH,FRESHED,FRESH,FRESH,1,51.417691603646006,108.582308396354,77.54065139031472,24.299999999999994,-164.41344389455975,90.3643314189655,37.250686,126.674964,37.254138,126.680626
61.24999999999866,3,DEGRADED,DEGRADED_CLOSED_LOOP,DEGRADED_CLOSED_LOOP,NONE,FRESH,FRESHED,FRESH,FRESH,1,47.917691603646205,112.0823083963538,77.56499139031472,24.299999999999994,-164.41344389455975,90.3643314189655,37.250686,126.674964,37.254138,126.680626
61.299999999998654,3,DEGRADED,DEGRADED_CLOSED_LOOP,DEGRADED_CLOSED_LOOP,NONE,FRESH,FRESHED,FRESH,FRESH,1,44.417691603646404,115.5823083963536,77.58933139031471,24.299999999999994,-164.41344389455975,90.3643314189655,37.250686,126.674964,37.254138,126.680626
61.34999999999865,3,DEGRADED,DEGRADED_CLOSED_LOOP,DEGRADED_CLOSED_LOOP,NONE,FRESH,FRESHED,FRESH,FRESH,1,41.19316430484264,118.80683569515736,77.61367139031472,24.299999999999994,-164.41344389455975,90.3643314189655,37.250686,126.674964,37.254138,126.680626
61.39999999999865,3,DEGRADED,DEGRADED_FEEDFORWARD,DEGRADED_FEEDFORWARD,NONE,FRESH,FRESHED,STALE,FRESH,1,44.19316430484247,115.80683569515753,43.16461679270879,13.66875,-164.41344389455975,90.3643314189655,37.250686,126.674964,37.254138,126.680626
61.449999999998646,3,DEGRADED,DEGRADED_FEEDFORWARD,DEGRADED_FEEDFORWARD,NONE,FRESH,FRESHED,STALE,FRESH,1,47.1931643048423,112.8068356951577,43.16461679270879,13.66875,-164.41344389455975,90.3643314189655,37.250686,126.674964,37.254138,126.680626
61.49999999999864,3,DEGRADED,DEGRADED_FEEDFORWARD,DEGRADED_FEEDFORWARD,NONE,FRESH,FRESHED,STALE,FRESH,1,50.19316430484213,109.80683569515787,43.16461679270879,13.66875,-164.41344389455975,90.3643314189655,37.250686,126.674964,37.254138,126.680626
61.54999999999864,3,DEGRADED,DEGRADED_FEEDFORWARD,DEGRADED_FEEDFORWARD,NONE,FRESH,FRESHED,STALE,FRESH,1,53.19316430484196,106.80683569515804,43.16461679270879,13.66875,-164.41344389455975,90.3643314189655,37.250686,126.674964,37.254138,126.680626
61.59999999999864,3,DEGRADED,DEGRADED_FEEDFORWARD,DEGRADED_FEEDFORWARD,NONE,FRESH,FRESHED,STALE,FRESH,1,56.19316430484179,103.80683569515821,43.16461679270879,13.66875,-164.41344389455975,90.3643314189655,37.250686,126.674964,37.254138,126.680626
61.649999999998634,3,DEGRADED,DEGRADED_FEEDFORWARD,DEGRADED_FEEDFORWARD,NONE,FRESH,FRESHED,STALE,FRESH,1,58.41769160364561,101.58230839635439,43.16461679270879,13.66875,-164.41344389455975,90.3643314189655,37.250686,126.674964,37.254138,126.680626
61.69999999999863,3,DEGRADED,DEGRADED_FEEDFORWARD,DEGRADED_FEEDFORWARD,NONE,FRESH,FRESHED,STALE,STALE,1,58.41769160364561,101.58230839635439,43.16461679270879,13.66875,-164.41344389455975,90.3643314189655,37.250686,126.674964,37.254138,126.680626
61.74999999999863,3,DEGRADED,DEGRADED_FEEDFORWARD,DEGRADED_FEEDFORWARD,NONE,FRESH,FRESHED,STALE,STALE,1,58.41769160364561,101.58230839635439,43.16461679270879,13.66875,-164.41344389455975,90.3643314189655,37.250686,126.674964,37.254138,126.680626
61.799999999998626,3,DEGRADED,DEGRADED_FEEDFORWARD,DEGRADED_FEEDFORWARD,NONE,FRESH,FRESHED,STALE,STALE,1,58.41769160364561,101.58230839635439,43.16461679270879,13.66875,-164.41344389455975,90.3643314189655,37.250686,126.674964,37.254138,126.680626
61.84999999999862,3,DEGRADED,DEGRADED_FEEDFORWARD,DEGRADED_FEEDFORWARD,NONE,FRESH,FRESHED,STALE,STALE,1,58.41769160364561,101.58230839635439,43.16461679270879,13.66875,-164.41344389455975,90.3643314189655,37.250686,126.674964,37.254138,126.680626
61.89999999999862,3,DEGRADED,DEGRADED_FEEDFORWARD,DEGRADED_FEEDFORWARD,NONE,FRESH,FRESHED,STALE,STALE,1,58.41769160364561,101.58230839635439,43.16461679270879,13.66875,-164.41344389455975,90.3643314189655,37.250686,126.674964,37.254138,126.680626
61.94999999999862,3,DEGRADED,DEGRADED_FEEDFORWARD,DEGRADED_FEEDFORWARD,NONE,FRESH,FRESHED,STALE,STALE,1,58.41769160364561,101.58230839635439,43.16461679270879,13.66875,-164.41344389455975,90.3643314189655,37.250686,126.674964,37.254138,126.680626
61.999999999998614,3,DEGRADED,DEGRADED_FEEDFORWARD,DEGRADED_FEEDFORWARD,NONE,FRESH,FRESHED,STALE,STALE,1,58.41769160364561,101.58230839635439,43.16461679270879,13.66875,-164.41344389455975,90.3643314189655,37.250686,126.674964,37.254138,126.680626
62.04999999999861,3,DEGRADED,DEGRADED_FEEDFORWARD,DEGRADED_FEEDFORWARD,NONE,FRESH,FRESHED,STALE,STALE,1,58.41769160364561,101.58230839635439,43.16461679270879,13.66875,-164.41344389455975,90.3643314189655,37.250686,126.674964,37.254138,126.680626
62.09999999999861,3,DEGRADED,DEGRADED_FEEDFORWARD,DEGRADED_FEEDFORWARD,NONE,FRESH,FRESHED,STALE,STALE,1,58.41769160364561,101.58230839635439,43.16461679270879,13.66875,-164.41344389455975,90.3643314189655,37.250686,126.674964,37.254138,126.680626
62.149999999998606,3,ACTIVE,NOMINAL_CLOSED_LOOP,NOMINAL_CLOSED_LOOP,NONE,FRESH,FRESH,FRESH,FRESH,1,53.41769160364589,106.58230839635411,127.83843865228891,43.84788235463484,-169.50100702004053,91.58530167211393,37.250686,126.674964,37.254138,126.680626
62.1999999999986,3,ACTIVE,NOMINAL_CLOSED_LOOP,NOMINAL_CLOSED_LOOP,NONE,FRESH,FRESH,FRESH,FRESH,1,48.417691603646176,111.58230839635382,127.88092653464354,43.84788235463484,-169.50100702004053,91.58530167211393,37.250686,126.674964,37.254138,126.680626
62.2499999999986,3,ACTIVE,NOMINAL_CLOSED_LOOP,NOMINAL_CLOSED_LOOP,NONE,FRESH,FRESH,FRESH,FRESH,1,43.41769160364646,116.58230839635354,127.92341441699817,43.84788235463484,-169.50100702004053,91.58530167211393,37.250686,126.674964,37.254138,126.680626
62.2999999999986,3,ACTIVE,NOMINAL_CLOSED_LOOP,NOMINAL_CLOSED_LOOP,NONE,FRESH,FRESH,FRESH,FRESH,1,38.417691603646745,121.58230839635326,127.9659022993528,43.84788235463484,-169.50100702004053,91.58530167211393,37.250686,126.674964,37.254138,126.680626
62.349999999998595,3,ACTIVE,NOMINAL_CLOSED_LOOP,NOMINAL_CLOSED_LOOP,NONE,FRESH,FRESH,FRESH,FRESH,1,33.41769160364703,126.58230839635297,128.00839018170743,43.84788235463484,-169.50100702004053,91.58530167211393,37.250686,126.674964,37.254138,126.680626
62.39999999999859,3,ACTIVE,NOMINAL_FEEDFORWARD,NOMINAL_FEEDFORWARD,NONE,FRESH,FRESH,STALE,FRESH,1,29.090685444713046,130.90931455528695,101.81862911057391,38.36689706030548,-169.50100702004053,91.58530167211393,37.250686,126.674964,37.254138,126.680626
62.44999999999859,3,ACTIVE,NOMINAL_FEEDFORWARD,NOMINAL_FEEDFORWARD,NONE,FRESH,FRESH,STALE,FRESH,1,29.090685444713046,130.90931455528695,101.81862911057391,38.36689706030548,-169.50100702004053,91.58530167211393,37.250686,126.674964,37.254138,126.680626
62.499999999998586,3,ACTIVE,NOMINAL_FEEDFORWARD,NOMINAL_FEEDFORWARD,NONE,FRESH,FRESH,STALE,FRESH,1,29.090685444713046,130.90931455528695,101.81862911057391,38.36689706030548,-169.50100702004053,91.58530167211393,37.250686,126.674964,37.254138,126.680626
62.54999999999858,3,ACTIVE,NOMINAL_FEEDFORWARD,NOMINAL_FEEDFORWARD,NONE,FRESH,FRESH,STALE,FRESH,1,29.090685444713046,130.90931455528695,101.81862911057391,38.36689706030548,-169.50100702004053,91.58530167211393,37.250686,126.674964,37.254138,126.680626
62.59999999999858,3,ACTIVE,NOMINAL_FEEDFORWARD,NOMINAL_FEEDFORWARD,NONE,FRESH,FRESH,STALE,FRESH,1,29.090685444713046,130.90931455528695,101.81862911057391,38.36689706030548,-169.50100702004053,91.58530167211393,37.250686,126.674964,37.254138,126.680626
62.64999999999858,3,ACTIVE,NOMINAL_FEEDFORWARD,NOMINAL_FEEDFORWARD,NONE,FRESH,FRESH,STALE,FRESH,1,29.090685444713046,130.90931455528695,101.81862911057391,38.36689706030548,-169.50100702004053,91.58530167211393,37.250686,126.674964,37.254138,126.680626
62.699999999998575,3,ACTIVE,NOMINAL_FEEDFORWARD,NOMINAL_FEEDFORWARD,NONE,FRESH,FRESH,STALE,STALE,1,29.090685444713046,130.90931455528695,101.81862911057391,38.36689706030548,-169.50100702004053,91.58530167211393,37.250686,126.674964,37.254138,126.680626
62.74999999999857,3,ACTIVE,NOMINAL_FEEDFORWARD,NOMINAL_FEEDFORWARD,NONE,FRESH,FRESH,STALE,STALE,1,29.090685444713046,130.90931455528695,101.81862911057391,38.36689706030548,-169.50100702004053,91.58530167211393,37.250686,126.674964,37.254138,126.680626
62.79999999999857,3,ACTIVE,NOMINAL_FEEDFORWARD,NOMINAL_FEEDFORWARD,NONE,FRESH,FRESH,STALE,STALE,1,29.090685444713046,130.90931455528695,101.81862911057391,38.36689706030548,-169.50100702004053,91.58530167211393,37.250686,126.674964,37.254138,126.680626
62.849999999998566,3,ACTIVE,NOMINAL_FEEDFORWARD,NOMINAL_FEEDFORWARD,NONE,FRESH,FRESH,STALE,STALE,1,29.090685444713046,130.90931455528695,101.81862911057391,38.36689706030548,-169.50100702004053,91.58530167211393,37.250686,126.674964,37.254138,126.680626
62.89999999999856,3,ACTIVE,NOMINAL_FEEDFORWARD,NOMINAL_FEEDFORWARD,NONE,FRESH,FRESH,STALE,STALE,1,29.090685444713046,130.90931455528695,101.81862911057391,38.36689706030548,-169.50100702004053,91.58530167211393,37.250686,126.674964,37.254138,126.680626
62.94999999999856,3,ACTIVE,NOMINAL_FEEDFORWARD,NOMINAL_FEEDFORWARD,NONE,FRESH,FRESH,STALE,STALE,1,29.090685444713046,130.90931455528695,101.81862911057391,38.36689706030548,-169.50100702004053,91.58530167211393,37.250686,126.674964,37.254138,126.680626
62.99999999999856,3,ACTIVE,NOMINAL_FEEDFORWARD,NOMINAL_FEEDFORWARD,NONE,FRESH,FRESH,STALE,STALE,1,29.090685444713046,130.90931455528695,101.81862911057391,38.36689706030548,-169.50100702004053,91.58530167211393,37.250686,126.674964,37.254138,126.680626
63.049999999998555,3,ACTIVE,NOMINAL_FEEDFORWARD,NOMINAL_FEEDFORWARD,NONE,FRESH,FRESH,STALE,STALE,1,29.090685444713046,130.90931455528695,101.81862911057391,38.36689706030548,-169.50100702004053,91.58530167211393,37.250686,126.674964,37.254138,126.680626
63.09999999999855,3,ACTIVE,NOMINAL_FEEDFORWARD,NOMINAL_FEEDFORWARD,NONE,FRESH,FRESH,STALE,STALE,1,29.090685444713046,130.90931455528695,101.81862911057391,38.36689706030548,-169.50100702004053,91.58530167211393,37.250686,126.674964,37.254138,126.680626
63.14999999999855,3,DEGRADED,DEGRADED_CLOSED_LOOP,DEGRADED_CLOSED_LOOP,NONE,FRESH,FRESHED,FRESH,FRESH,1,32.59068544471285,127.40931455528715,77.8412565222605,24.3,-169.50100702004053,91.58530167211393,37.250686,126.674964,37.254138,126.680626
63.199999999998546,3,DEGRADED,DEGRADED_CLOSED_LOOP,DEGRADED_CLOSED_LOOP,NONE,FRESH,FRESHED,FRESH,FRESH,1,36.09068544471265,123.90931455528735,77.86648652226049,24.3,-169.50100702004053,91.58530167211393,37.250686,126.674964,37.254138,126.680626
63.24999999999854,3,DEGRADED,DEGRADED_CLOSED_LOOP,DEGRADED_CLOSED_LOOP,NONE,FRESH,FRESHED,FRESH,FRESH,1,39.59068544471245,120.40931455528755,77.8917165222605,24.3,-169.50100702004053,91.58530167211393,37.250686,126.674964,37.254138,126.680626
63.29999999999854,3,DEGRADED,DEGRADED_CLOSED_LOOP,DEGRADED_CLOSED_LOOP,NONE,FRESH,FRESHED,FRESH,FRESH,1,41.041526738869756,118.95847326113025,77.91694652226049,24.3,-169.50100702004053,91.58530167211393,37.250686,126.674964,37.254138,126.680626
63.34999999999854,3,DEGRADED,DEGRADED_CLOSED_LOOP,DEGRADED_CLOSED_LOOP,NONE,FRESH,FRESHED,FRESH,FRESH,1,41.02891173886975,118.97108826113025,77.9421765222605,24.3,-169.50100702004053,91.58530167211393,37.250686,126.674964,37.254138,126.680626
63.399999999998535,3,DEGRADED,DEGRADED_FEEDFORWARD,DEGRADED_FEEDFORWARD,NONE,FRESH,FRESHED,STALE,FRESH,1,44.02891173886958,115.97108826113042,43.164616792708784,13.668749999999998,-169.50100702004053,91.58530167211393,37.250686,126.674964,37.254138,126.680626
63.44999999999853,3,DEGRADED,DEGRADED_FEEDFORWARD,DEGRADED_FEEDFORWARD,NONE,FRESH,FRESHED,STALE,FRESH,1,47.02891173886941,112.97108826113059,43.164616792708784,13.668749999999998,-169.50100702004053,91.58530167211393,37.250686,126.674964,37.254138,126.680626
63.49999999999853,3,DEGRADED,DEGRADED_FEEDFORWARD,DEGRADED_FEEDFORWARD,NONE,FRESH,FRESHED,STALE,FRESH,1,50.02891173886924,109.97108826113076,43.164616792708784,13.668749999999998,-169.50100702004053,91.58530167211393,37.250686,126.674964,37.254138,126.680626
63.549999999998526,3,DEGRADED,DEGRADED_FEEDFORWARD,DEGRADED_FEEDFORWARD,NONE,FRESH,FRESHED,STALE,FRESH,1,53.02891173886907,106.97108826113093,43.164616792708784,13.668749999999998,-169.50100702004053,91.58530167211393,37.250686,126.674964,37.254138,126.680626
63.59999999999852,3,DEGRADED,DEGRADED_FEEDFORWARD,DEGRADED_FEEDFORWARD,NONE,FRESH,FRESHED,STALE,FRESH,1,56.0289117388689,103.9710882611311,43.164616792708784,13.668749999999998,-169.50100702004053,91.58530167211393,37.250686,126.674964,37.254138,126.680626
63.64999999999852,3,DEGRADED,DEGRADED_FEEDFORWARD,DEGRADED_FEEDFORWARD,NONE,FRESH,FRESHED,STALE,FRESH,1,58.41769160364561,101.58230839635439,43.164616792708784,13.668749999999998,-169.50100702004053,91.58530167211393,37.250686,126.674964,37.254138,126.680626
63.69999999999852,3,DEGRADED,DEGRADED_FEEDFORWARD,DEGRADED_FEEDFORWARD,NONE,FRESH,FRESHED,STALE,STALE,1,58.41769160364561,101.58230839635439,43.164616792708784,13.668749999999998,-169.50100702004053,91.58530167211393,37.250686,126.674964,37.254138,126.680626
63.749999999998515,3,DEGRADED,DEGRADED_FEEDFORWARD,DEGRADED_FEEDFORWARD,NONE,FRESH,FRESHED,STALE,STALE,1,58.41769160364561,101.58230839635439,43.164616792708784,13.668749999999998,-169.50100702004053,91.58530167211393,37.250686,126.674964,37.254138,126.680626
63.79999999999851,3,DEGRADED,DEGRADED_FEEDFORWARD,DEGRADED_FEEDFORWARD,NONE,FRESH,FRESHED,STALE,STALE,1,58.41769160364561,101.58230839635439,43.164616792708784,13.668749999999998,-169.50100702004053,91.58530167211393,37.250686,126.674964,37.254138,126.680626
63.84999999999851,3,DEGRADED,DEGRADED_FEEDFORWARD,DEGRADED_FEEDFORWARD,NONE,FRESH,FRESHED,STALE,STALE,1,58.41769160364561,101.58230839635439,43.164616792708784,13.668749999999998,-169.50100702004053,91.58530167211393,37.250686,126.674964,37.254138,126.680626
63.899999999998506,3,DEGRADED,DEGRADED_FEEDFORWARD,DEGRADED_FEEDFORWARD,NONE,FRESH,FRESHED,STALE,STALE,1,58.41769160364561,101.58230839635439,43.164616792708784,13.668749999999998,-169.50100702004053,91.58530167211393,37.250686,126.674964,37.254138,126.680626
63.949999999998504,3,DEGRADED,DEGRADED_FEEDFORWARD,DEGRADED_FEEDFORWARD,NONE,FRESH,FRESHED,STALE,STALE,1,58.41769160364561,101.58230839635439,43.164616792708784,13.668749999999998,-169.50100702004053,91.58530167211393,37.250686,126.674964,37.254138,126.680626
63.9999999999985,3,DEGRADED,DEGRADED_FEEDFORWARD,DEGRADED_FEEDFORWARD,NONE,FRESH,FRESHED,STALE,STALE,1,58.41769160364561,101.58230839635439,43.164616792708784,13.668749999999998,-169.50100702004053,91.58530167211393,37.250686,126.674964,37.254138,126.680626
64.0499999999985,3,DEGRADED,DEGRADED_FEEDFORWARD,DEGRADED_FEEDFORWARD,NONE,FRESH,FRESHED,STALE,STALE,1,58.41769160364561,101.58230839635439,43.164616792708784,13.668749999999998,-169.50100702004053,91.58530167211393,37.250686,126.674964,37.254138,126.680626
64.0999999999985,3,DEGRADED,DEGRADED_FEEDFORWARD,DEGRADED_FEEDFORWARD,NONE,FRESH,FRESHED,STALE,STALE,1,58.41769160364561,101.58230839635439,43.164616792708784,13.668749999999998,-169.50100702004053,91.58530167211393,37.250686,126.674964,37.254138,126.680626
64.1499999999985,3,DEGRADED,DEGRADED_CLOSED_LOOP,DEGRADED_CLOSED_LOOP,NONE,FRESHED,FRESHED,FRESH,FRESH,1,54.91769160364581,105.0823083963542,77.41629086453776,24.3,-171.19686139473677,91.99229175666943,37.250686,126.674964,37.254138,126.680626
64.1999999999985,3,DEGRADED,DEGRADED_CLOSED_LOOP,DEGRADED_CLOSED_LOOP,NONE,FRESHED,FRESHED,FRESH,FRESH,1,51.417691603646006,108.582308396354,77.44038086453776,24.3,-171.28165411395878,92.01264126071587,37.250686,126.674964,37.254138,126.680626
64.2499999999985,3,DEGRADED,DEGRADED_CLOSED_LOOP,DEGRADED_CLOSED_LOOP,NONE,FRESHED,FRESHED,FRESH,FRESH,1,47.917691603646205,112.0823083963538,77.46447086453776,24.3,-171.36644683318082,92.03299076476229,37.250686,126.674964,37.254138,126.680626
64.29999999999849,3,DEGRADED,DEGRADED_CLOSED_LOOP,DEGRADED_CLOSED_LOOP,NONE,FRESHED,FRESHED,FRESH,FRESH,1,44.417691603646404,115.5823083963536,77.48856086453776,24.3,-171.4512395510108,92.05334026932684,37.250686,126.674964,37.254138,126.680626
64.34999999999849,3,DEGRADED,DEGRADED_CLOSED_LOOP,DEGRADED_CLOSED_LOOP,NONE,FRESHED,FRESHED,FRESH,FRESH,1,41.24367456773113,118.75632543226888,77.51265086453775,24.3,-171.53603227023285,92.07368977337329,37.250686,126.674964,37.254138,126.680626
64.39999999999849,3,DEGRADED,DEGRADED_FEEDFORWARD,DEGRADED_FEEDFORWARD,NONE,FRESHED,FRESHED,STALE,FRESH,1,44.243674567730956,115.75632543226905,43.164616792708784,13.668749999999998,-171.6208249894549,92.09403927741971,37.250686,126.674964,37.254138,126.680626
64.44999999999848,3,DEGRADED,DEGRADED_FEEDFORWARD,DEGRADED_FEEDFORWARD,NONE,FRESHED,FRESHED,STALE,FRESH,1,47.243674567730785,112.75632543226922,43.164616792708784,13.668749999999998,-171.70561770728483,92.11438878198426,37.250686,126.674964,37.254138,126.680626
64.49999999999848,3,DEGRADED,DEGRADED_FEEDFORWARD,DEGRADED_FEEDFORWARD,NONE,FRESHED,FRESHED,STALE,FRESH,1,50.243674567730615,109.75632543226939,43.164616792708784,13.668749999999998,-171.79041042650687,92.13473828603071,37.250686,126.674964,37.254138,126.680626
64.54999999999848,3,DEGRADED,DEGRADED_FEEDFORWARD,DEGRADED_FEEDFORWARD,NONE,FRESHED,FRESHED,STALE,FRESH,1,53.243674567730444,106.75632543226956,43.164616792708784,13.668749999999998,-171.8752031457289,92.15508779007712,37.250686,126.674964,37.254138,126.680626
64.59999999999847,3,DEGRADED,DEGRADED_FEEDFORWARD,DEGRADED_FEEDFORWARD,NONE,FRESHED,FRESHED,STALE,FRESH,1,56.243674567730274,103.75632543226973,43.164616792708784,13.668749999999998,-171.95999586355887,92.1754372946417,37.250686,126.674964,37.254138,126.680626
64.64999999999847,3,DEGRADED,DEGRADED_FEEDFORWARD,DEGRADED_FEEDFORWARD,NONE,FRESHED,FRESHED,STALE,FRESH,1,58.41769160364561,101.58230839635439,43.164616792708784,13.668749999999998,-172.04478858278088,92.1957867986881,37.250686,126.674964,37.254138,126.680626
64.69999999999847,3,DEGRADED,DEGRADED_FEEDFORWARD,DEGRADED_FEEDFORWARD,NONE,FRESHED,FRESHED,STALE,STALE,1,58.41769160364561,101.58230839635439,43.164616792708784,13.668749999999998,-172.12958130200295,92.21613630273455,37.250686,126.674964,37.254138,126.680626
64.74999999999847,3,DEGRADED,DEGRADED_FEEDFORWARD,DEGRADED_FEEDFORWARD,NONE,FRESHED,FRESHED,STALE,STALE,1,58.41769160364561,101.58230839635439,43.164616792708784,13.668749999999998,-172.21437401983292,92.2364858072991,37.250686,126.674964,37.254138,126.680626
64.79999999999846,3,DEGRADED,DEGRADED_FEEDFORWARD,DEGRADED_FEEDFORWARD,NONE,FRESHED,FRESHED,STALE,STALE,1,58.41769160364561,101.58230839635439,43.164616792708784,13.668749999999998,-172.29916673905495,92.25683531134555,37.250686,126.674964,37.254138,126.680626
64.84999999999846,3,DEGRADED,DEGRADED_FEEDFORWARD,DEGRADED_FEEDFORWARD,NONE,FRESHED,FRESHED,STALE,STALE,1,58.41769160364561,101.58230839635439,43.164616792708784,13.668749999999998,-172.383959458277,92.27718481539196,37.250686,126.674964,37.254138,126.680626
64.89999999999846,3,DEGRADED,DEGRADED_FEEDFORWARD,DEGRADED_FEEDFORWARD,NONE,FRESHED,FRESHED,STALE,STALE,1,58.41769160364561,101.58230839635439,43.164616792708784,13.668749999999998,-172.46875217610693,92.29753431995653,37.250686,126.674964,37.254138,126.680626
64.94999999999845,3,DEGRADED,DEGRADED_FEEDFORWARD,DEGRADED_FEEDFORWARD,NONE,FRESHED,FRESHED,STALE,STALE,1,58.41769160364561,101.58230839635439,43.164616792708784,13.668749999999998,-172.553544895329,92.31788382400296,37.250686,126.674964,37.254138,126.680626
64.99999999999845,3,DEGRADED,DEGRADED_FEEDFORWARD,DEGRADED_FEEDFORWARD,NONE,FRESHED,FRESHED,STALE,STALE,1,58.41769160364561,101.58230839635439,43.164616792708784,13.668749999999998,-172.63833761455103,92.33823332804938,37.250686,126.674964,37.254138,126.680626
65.04999999999845,3,DEGRADED,DEGRADED_FEEDFORWARD,DEGRADED_FEEDFORWARD,NONE,FRESHED,FRESHED,STALE,STALE,1,58.41769160364561,101.58230839635439,43.164616792708784,13.668749999999998,-172.723130332381,92.35858283261396,37.250686,126.674964,37.254138,126.680626
65.09999999999845,3,DEGRADED,DEGRADED_FEEDFORWARD,DEGRADED_FEEDFORWARD,NONE,FRESHED,FRESHED,STALE,STALE,1,58.41769160364561,101.58230839635439,43.164616792708784,13.668749999999998,-172.80792305160304,92.37893233666037,37.250686,126.674964,37.254138,126.680626
65.14999999999844,3,DEGRADED,DEGRADED_CLOSED_LOOP,DEGRADED_CLOSED_LOOP,NONE,FRESHED,FRESHED,FRESH,FRESH,1,54.91769160364581,105.0823083963542,77.25121859501995,24.3,-172.89271577082505,92.3992818407068,37.250686,126.674964,37.254138,126.680626
65.19999999999844,3,DEGRADED,DEGRADED_CLOSED_LOOP,DEGRADED_CLOSED_LOOP,NONE,FRESHED,FRESHED,FRESH,FRESH,1,51.417691603646006,108.582308396354,77.27487859501996,24.3,-174.71575922404074,92.83679618109173,37.250686,126.674964,37.254138,126.680626
65.24999999999844,3,DEGRADED,DEGRADED_CLOSED_LOOP,DEGRADED_CLOSED_LOOP,NONE,FRESHED,FRESHED,FRESH,FRESH,1,47.917691603646205,112.0823083963538,77.29853859501995,24.3,-174.84294830179536,92.86732043791976,37.250686,126.674964,37.254138,126.680626
65.29999999999843,3,DEGRADED,DEGRADED_CLOSED_LOOP,DEGRADED_CLOSED_LOOP,NONE,FRESHED,FRESHED,FRESH,FRESH,1,44.417691603646404,115.5823083963536,77.32219859501996,24.3,-174.97013738031478,92.89784469374918,37.250686,126.674964,37.254138,126.680626
65.34999999999843,3,DEGRADED,DEGRADED_CLOSED_LOOP,DEGRADED_CLOSED_LOOP,NONE,FRESHED,FRESHED,FRESH,FRESH,1,41.327070702490026,118.67292929750997,77.34585859501995,24.3,-175.09732645806938,92.92836895057717,37.250686,126.674964,37.254138,126.680626
65.39999999999843,3,DEGRADED,DEGRADED_FEEDFORWARD,DEGRADED_FEEDFORWARD,NONE,FRESHED,FRESHED,STALE,FRESH,1,44.327070702489856,115.67292929751014,43.164616792708784,13.668749999999998,-175.2245155365888,92.9588932064066,37.250686,126.674964,37.254138,126.680626
65.44999999999843,3,DEGRADED,DEGRADED_FEEDFORWARD,DEGRADED_FEEDFORWARD,NONE,FRESHED,FRESHED,STALE,FRESH,1,47.327070702489685,112.67292929751031,43.164616792708784,13.668749999999998,-175.35170461434342,92.98941746323459,37.250686,126.674964,37.254138,126.680626
65.49999999999842,3,DEGRADED,DEGRADED_FEEDFORWARD,DEGRADED_FEEDFORWARD,NONE,FRESHED,FRESHED,STALE,FRESH,1,50.327070702489515,109.67292929751048,43.164616792708784,13.668749999999998,-175.47889369286287,93.01994171906402,37.250686,126.674964,37.254138,126.680626
65.54999999999842,3,DEGRADED,DEGRADED_FEEDFORWARD,DEGRADED_FEEDFORWARD,NONE,FRESHED,FRESHED,STALE,FRESH,1,53.327070702489344,106.67292929751065,43.164616792708784,13.668749999999998,-175.60608277061743,93.050465975892,37.250686,126.674964,37.254138,126.680626
65.59999999999842,3,DEGRADED,DEGRADED_FEEDFORWARD,DEGRADED_FEEDFORWARD,NONE,FRESHED,FRESHED,STALE,FRESH,1,56.32707070248917,103.67292929751082,43.164616792708784,13.668749999999998,-175.73327184913688,93.08099023172143,37.250686,126.674964,37.254138,126.680626
65.64999999999841,3,DEGRADED,DEGRADED_FEEDFORWARD,DEGRADED_FEEDFORWARD,NONE,FRESHED,FRESHED,STALE,FRESH,1,58.41769160364561,101.58230839635439,43.164616792708784,13.668749999999998,-175.8604609268915,93.11151448854943,37.250686,126.674964,37.254138,126.680626
65.69999999999841,3,DEGRADED,DEGRADED_FEEDFORWARD,DEGRADED_FEEDFORWARD,NONE,FRESHED,FRESHED,STALE,STALE,1,58.41769160364561,101.58230839635439,43.164616792708784,13.668749999999998,-175.9876500054109,93.14203874437885,37.250686,126.674964,37.254138,126.680626
65.74999999999841,3,DEGRADED,DEGRADED_FEEDFORWARD,DEGRADED_FEEDFORWARD,NONE,FRESHED,FRESHED,STALE,STALE,1,58.41769160364561,101.58230839635439,43.164616792708784,13.668749999999998,-176.1148390831655,93.17256300120684,37.250686,126.674964,37.254138,126.680626
65.7999999999984,3,DEGRADED,DEGRADED_FEEDFORWARD,DEGRADED_FEEDFORWARD,NONE,FRESHED,FRESHED,STALE,STALE,1,58.41769160364561,101.58230839635439,43.164616792708784,13.668749999999998,-176.24202816168497,93.20308725703627,37.250686,126.674964,37.254138,126.680626
65.8499999999984,3,DEGRADED,DEGRADED_FEEDFORWARD,DEGRADED_FEEDFORWARD,NONE,FRESHED,FRESHED,STALE,STALE,1,58.41769160364561,101.58230839635439,43.164616792708784,13.668749999999998,-176.36921723943956,93.23361151386426,37.250686,126.674964,37.254138,126.680626
65.8999999999984,3,DEGRADED,DEGRADED_FEEDFORWARD,DEGRADED_FEEDFORWARD,NONE,FRESHED,FRESHED,STALE,STALE,1,58.41769160364561,101.58230839635439,43.164616792708784,13.668749999999998,-176.496406317959,93.26413576969371,37.250686,126.674964,37.254138,126.680626
65.9499999999984,3,DEGRADED,DEGRADED_FEEDFORWARD,DEGRADED_FEEDFORWARD,NONE,FRESHED,FRESHED,STALE,STALE,1,58.41769160364561,101.58230839635439,43.164616792708784,13.668749999999998,-176.6235953957136,93.29466002652168,37.250686,126.674964,37.254138,126.680626
65.9999999999984,3,DEGRADED,DEGRADED_FEEDFORWARD,DEGRADED_FEEDFORWARD,NONE,FRESHED,FRESHED,STALE,STALE,1,58.41769160364561,101.58230839635439,43.164616792708784,13.668749999999998,-176.75078447423303,93.3251842823511,37.250686,126.674964,37.254138,126.680626
66.04999999999839,3,DEGRADED,DEGRADED_FEEDFORWARD,DEGRADED_FEEDFORWARD,NONE,FRESHED,FRESHED,STALE,STALE,1,58.41769160364561,101.58230839635439,43.164616792708784,13.668749999999998,-176.87797355198765,93.35570853917912,37.250686,126.674964,37.254138,126.680626
66.09999999999839,3,DEGRADED,DEGRADED_FEEDFORWARD,DEGRADED_FEEDFORWARD,NONE,FRESHED,FRESHED,STALE,STALE,1,58.41769160364561,101.58230839635439,43.164616792708784,13.668749999999998,-177.00516263050707,93.38623279500854,37.250686,126.674964,37.254138,126.680626
66.14999999999839,3,DEGRADED,DEGRADED_CLOSED_LOOP,DEGRADED_CLOSED_LOOP,NONE,FRESHED,FRESHED,FRESH,FRESH,1,54.91769160364581,105.0823083963542,77.29632052943296,24.3,-177.13235170826167,93.41675705183651,37.250686,126.674964,37.254138,126.680626
66.19999999999838,3,DEGRADED,DEGRADED_CLOSED_LOOP,DEGRADED_CLOSED_LOOP,NONE,FRESHED,FRESHED,FRESH,FRESH,1,51.417691603646006,108.582308396354,77.32013052943296,24.3,-185.00248585692907,95.30565446211827,37.250686,126.674964,37.254138,126.680626
66.24999999999838,3,DEGRADED,DEGRADED_CLOSED_LOOP,DEGRADED_CLOSED_LOOP,NONE,FRESHED,FRESHED,FRESH,FRESH,1,47.917691603646205,112.0823083963538,77.34394052943296,24.3,-185.25660846090727,95.36664385110005,37.250686,126.674964,37.254138,126.680626
66.29999999999838,3,DEGRADED,DEGRADED_CLOSED_LOOP,DEGRADED_CLOSED_LOOP,NONE,FRESHED,FRESHED,FRESH,FRESH,1,44.417691603646404,115.5823083963536,77.36775052943295,24.3,-185.51073106474783,95.42763324156078,37.250686,126.674964,37.254138,126.680626
66.34999999999837,3,DEGRADED,DEGRADED_CLOSED_LOOP,DEGRADED_CLOSED_LOOP,NONE,FRESHED,FRESHED,FRESH,FRESH,1,41.304219735283525,118.69578026471648,77.39156052943295,24.3,-185.76485366858836,95.4886226320215,37.250686,126.674964,37.254138,126.680626
66.39999999999837,3,DEGRADED,DEGRADED_FEEDFORWARD,DEGRADED_FEEDFORWARD,NONE,FRESHED,FRESHED,STALE,FRESH,1,44.304219735283354,115.69578026471665,43.1646167927088,13.668750000000001,-186.01897627256653,95.54961202100327,37.250686,126.674964,37.254138,126.680626
66.44999999999837,3,DEGRADED,DEGRADED_FEEDFORWARD,DEGRADED_FEEDFORWARD,NONE,FRESHED,FRESHED,STALE,FRESH,1,47.30421973528318,112.69578026471682,43.1646167927088,13.668750000000001,-186.27309887640712,95.61060141146402,37.250686,126.674964,37.254138,126.680626
66.49999999999837,3,DEGRADED,DEGRADED_FEEDFORWARD,DEGRADED_FEEDFORWARD,NONE,FRESHED,FRESHED,STALE,FRESH,1,50.30421973528301,109.69578026471699,43.1646167927088,13.668750000000001,-186.52722148024768,95.67159080192476,37.250686,126.674964,37.254138,126.680626
66.54999999999836,3,DEGRADED,DEGRADED_FEEDFORWARD,DEGRADED_FEEDFORWARD,NONE,FRESHED,FRESHED,STALE,FRESH,1,53.30421973528284,106.69578026471716,43.1646167927088,13.668750000000001,-186.7813440842258,95.7325801909065,37.250686,126.674964,37.254138,126.680626
66.59999999999836,3,DEGRADED,DEGRADED_FEEDFORWARD,DEGRADED_FEEDFORWARD,NONE,FRESHED,FRESHED,STALE,FRESH,1,56.30421973528267,103.69578026471733,43.1646167927088,13.668750000000001,-187.03546668806638,95.79356958136725,37.250686,126.674964,37.254138,126.680626
66.64999999999836,3,DEGRADED,DEGRADED_FEEDFORWARD,DEGRADED_FEEDFORWARD,NONE,FRESHED,FRESHED,STALE,FRESH,1,58.4176916036456,101.58230839635439,43.1646167927088,13.668750000000001,-187.28958929190694,95.854558971828,37.250686,126.674964,37.254138,126.680626
66.69999999999835,3,DEGRADED,DEGRADED_FEEDFORWARD,DEGRADED_FEEDFORWARD,NONE,FRESHED,FRESHED,STALE,STALE,1,58.4176916036456,101.58230839635439,43.1646167927088,13.668750000000001,-187.54371189651235,95.91554836129016,37.250686,126.674964,37.254138,126.680626
66.74999999999835,3,DEGRADED,DEGRADED_FEEDFORWARD,DEGRADED_FEEDFORWARD,NONE,FRESHED,FRESHED,STALE,STALE,1,58.4176916036456,101.58230839635439,43.1646167927088,13.668750000000001,-187.79783449972564,95.97653775127046,37.250686,126.674964,37.254138,126.680626
66.79999999999835,3,DEGRADED,DEGRADED_FEEDFORWARD,DEGRADED_FEEDFORWARD,NONE,FRESHED,FRESHED,STALE,STALE,1,58.4176916036456,101.58230839635439,43.1646167927088,13.668750000000001,-188.05195710356622,96.03752714173123,37.250686,126.674964,37.254138,126.680626
66.84999999999835,3,DEGRADED,DEGRADED_FEEDFORWARD,DEGRADED_FEEDFORWARD,NONE,FRESHED,FRESHED,STALE,STALE,1,58.4176916036456,101.58230839635439,43.1646167927088,13.668750000000001,-188.30607970740675,96.09851653219197,37.250686,126.674964,37.254138,126.680626
66.89999999999834,3,DEGRADED,DEGRADED_FEEDFORWARD,DEGRADED_FEEDFORWARD,NONE,FRESHED,FRESHED,STALE,STALE,1,58.4176916036456,101.58230839635439,43.1646167927088,13.668750000000001,-188.5602023113849,96.15950592117369,37.250686,126.674964,37.254138,126.680626
66.94999999999834,3,DEGRADED,DEGRADED_FEEDFORWARD,DEGRADED_FEEDFORWARD,NONE,FRESHED,FRESHED,STALE,STALE,1,58.4176916036456,101.58230839635439,43.1646167927088,13.668750000000001,-188.81432491522548,96.22049531163445,37.250686,126.674964,37.254138,126.680626
66.99999999999834,3,DEGRADED,DEGRADED_FEEDFORWARD,DEGRADED_FEEDFORWARD,NONE,FRESHED,FRESHED,STALE,STALE,1,58.4176916036456,101.58230839635439,43.1646167927088,13.668750000000001,-189.06844751906607,96.28148470209518,37.250686,126.674964,37.254138,126.680626
67.04999999999833,3,DEGRADED,DEGRADED_FEEDFORWARD,DEGRADED_FEEDFORWARD,NONE,FRESHED,FRESHED,STALE,STALE,1,58.4176916036456,101.58230839635439,43.1646167927088,13.668750000000001,-189.3225701230442,96.34247409107694,37.250686,126.674964,37.254138,126.680626
67.09999999999833,3,DEGRADED,DEGRADED_FEEDFORWARD,DEGRADED_FEEDFORWARD,NONE,FRESHED,FRESHED,STALE,STALE,1,58.4176916036456,101.58230839635439,43.1646167927088,13.668750000000001,-189.57669272688474,96.40346348153767,37.250686,126.674964,37.254138,126.680626
67.14999999999833,3,NO_POSITION,FAIL,NO_POSITION,NO_POSITION,STALE,FRESHED,FRESH,FRESH,0,80.0,80.0,0.0,0.0,0.0,0.0,37.250686,126.674964,37.254138,126.680626
67.19999999999833,3,NO_POSITION,FAIL,NO_POSITION,NO_POSITION,STALE,STALE,FRESH,FRESH,0,80.0,80.0,0.0,0.0,0.0,0.0,37.250686,126.674964,37.254138,126.680626
67.24999999999832,3,NO_POSITION,FAIL,NO_POSITION,NO_POSITION,STALE,STALE,FRESH,FRESH,0,80.0,80.0,0.0,0.0,0.0,0.0,37.250686,126.674964,37.254138,126.680626
67.29999999999832,3,NO_POSITION,FAIL,NO_POSITION,NO_POSITION,STALE,STALE,FRESH,FRESH,0,80.0,80.0,0.0,0.0,0.0,0.0,37.250686,126.674964,37.254138,126.680626
67.34999999999832,3,NO_POSITION,FAIL,NO_POSITION,NO_POSITION,STALE,STALE,FRESH,FRESH,0,80.0,80.0,0.0,0.0,0.0,0.0,37.250686,126.674964,37.254138,126.680626
67.39999999999831,3,NO_POSITION,FAIL,NO_POSITION,NO_POSITION,STALE,STALE,STALE,FRESH,0,80.0,80.0,0.0,0.0,0.0,0.0,37.250686,126.674964,37.254138,126.680626
67.44999999999831,3,NO_POSITION,FAIL,NO_POSITION,NO_POSITION,STALE,STALE,STALE,FRESH,0,80.0,80.0,0.0,0.0,0.0,0.0,37.250686,126.674964,37.254138,126.680626
67.49999999999831,3,NO_POSITION,FAIL,NO_POSITION,NO_POSITION,STALE,STALE,STALE,FRESH,0,80.0,80.0,0.0,0.0,0.0,0.0,37.250686,126.674964,37.254138,126.680626
67.5499999999983,3,NO_POSITION,FAIL,NO_POSITION,NO_POSITION,STALE,STALE,STALE,FRESH,0,80.0,80.0,0.0,0.0,0.0,0.0,37.250686,126.674964,37.254138,126.680626
67.5999999999983,3,NO_POSITION,FAIL,NO_POSITION,NO_POSITION,STALE,STALE,STALE,FRESH,0,80.0,80.0,0.0,0.0,0.0,0.0,37.250686,126.674964,37.254138,126.680626
67.6499999999983,3,NO_POSITION,FAIL,NO_POSITION,NO_POSITION,STALE,STALE,STALE,FRESH,0,80.0,80.0,0.0,0.0,0.0,0.0,37.250686,126.674964,37.254138,126.680626
67.6999999999983,3,SENSOR_BLACKOUT,FAIL,SENSOR_BLACKOUT,SENSOR_BLACKOUT,STALE,STALE,STALE,STALE,0,80.0,80.0,0.0,0.0,0.0,0.0,37.250686,126.674964,37.254138,126.680626
67.7499999999983,3,SENSOR_BLACKOUT,FAIL,SENSOR_BLACKOUT,SENSOR_BLACKOUT,STALE,STALE,STALE,STALE,0,80.0,80.0,0.0,0.0,0.0,0.0,37.250686,126.674964,37.254138,126.680626
67.79999999999829,3,SENSOR_BLACKOUT,FAIL,SENSOR_BLACKOUT,SENSOR_BLACKOUT,STALE,STALE,STALE,STALE,0,80.0,80.0,0.0,0.0,0.0,0.0,37.250686,126.674964,37.254138,126.680626
67.84999999999829,3,SENSOR_BLACKOUT,FAIL,SENSOR_BLACKOUT,SENSOR_BLACKOUT,STALE,STALE,STALE,STALE,0,80.0,80.0,0.0,0.0,0.0,0.0,37.250686,126.674964,37.254138,126.680626
67.89999999999829,3,SENSOR_BLACKOUT,FAIL,SENSOR_BLACKOUT,SENSOR_BLACKOUT,STALE,STALE,STALE,STALE,0,80.0,80.0,0.0,0.0,0.0,0.0,37.250686,126.674964,37.254138,126.680626
67.94999999999828,3,SENSOR_BLACKOUT,FAIL,SENSOR_BLACKOUT,SENSOR_BLACKOUT,STALE,STALE,STALE,STALE,0,80.0,80.0,0.0,0.0,0.0,0.0,37.250686,126.674964,37.254138,126.680626
67.99999999999828,3,SENSOR_BLACKOUT,FAIL,SENSOR_BLACKOUT,SENSOR_BLACKOUT,STALE,STALE,STALE,STALE,0,80.0,80.0,0.0,0.0,0.0,0.0,37.250686,126.674964,37.254138,126.680626
68.04999999999828,3,SENSOR_BLACKOUT,FAIL,SENSOR_BLACKOUT,SENSOR_BLACKOUT,STALE,STALE,STALE,STALE,0,80.0,80.0,0.0,0.0,0.0,0.0,37.250686,126.674964,37.254138,126.680626
68.09999999999827,3,SENSOR_BLACKOUT,FAIL,SENSOR_BLACKOUT,SENSOR_BLACKOUT,STALE,STALE,STALE,STALE,0,80.0,80.0,0.0,0.0,0.0,0.0,37.250686,126.674964,37.254138,126.680626
68.14999999999827,3,NO_POSITION,FAIL,NO_POSITION,NO_POSITION,STALE,STALE,FRESH,FRESH,0,80.0,80.0,0.0,0.0,0.0,0.0,37.250686,126.674964,37.254138,126.680626
68.19999999999827,3,NO_POSITION,FAIL,NO_POSITION,NO_POSITION,STALE,STALE,FRESH,FRESH,0,80.0,80.0,0.0,0.0,0.0,0.0,37.250686,126.674964,37.254138,126.680626
68.24999999999827,3,NO_POSITION,FAIL,NO_POSITION,NO_POSITION,STALE,STALE,FRESH,FRESH,0,80.0,80.0,0.0,0.0,0.0,0.0,37.250686,126.674964,37.254138,126.680626
68.29999999999826,3,NO_POSITION,FAIL,NO_POSITION,NO_POSITION,STALE,STALE,FRESH,FRESH,0,80.0,80.0,0.0,0.0,0.0,0.0,37.250686,126.674964,37.254138,126.680626
68.34999999999826,3,NO_POSITION,FAIL,NO_POSITION,NO_POSITION,STALE,STALE,FRESH,FRESH,0,80.0,80.0,0.0,0.0,0.0,0.0,37.250686,126.674964,37.254138,126.680626
68.39999999999826,3,NO_POSITION,FAIL,NO_POSITION,NO_POSITION,STALE,STALE,STALE,FRESH,0,80.0,80.0,0.0,0.0,0.0,0.0,37.250686,126.674964,37.254138,126.680626
68.44999999999825,3,NO_POSITION,FAIL,NO_POSITION,NO_POSITION,STALE,STALE,STALE,FRESH,0,80.0,80.0,0.0,0.0,0.0,0.0,37.250686,126.674964,37.254138,126.680626
68.49999999999825,3,NO_POSITION,FAIL,NO_POSITION,NO_POSITION,STALE,STALE,STALE,FRESH,0,80.0,80.0,0.0,0.0,0.0,0.0,37.250686,126.674964,37.254138,126.680626
68.54999999999825,3,NO_POSITION,FAIL,NO_POSITION,NO_POSITION,STALE,STALE,STALE,FRESH,0,80.0,80.0,0.0,0.0,0.0,0.0,37.250686,126.674964,37.254138,126.680626
68.59999999999825,3,NO_POSITION,FAIL,NO_POSITION,NO_POSITION,STALE,STALE,STALE,FRESH,0,80.0,80.0,0.0,0.0,0.0,0.0,37.250686,126.674964,37.254138,126.680626
68.64999999999824,3,NO_POSITION,FAIL,NO_POSITION,NO_POSITION,STALE,STALE,STALE,FRESH,0,80.0,80.0,0.0,0.0,0.0,0.0,37.250686,126.674964,37.254138,126.680626
68.69999999999824,3,SENSOR_BLACKOUT,FAIL,SENSOR_BLACKOUT,SENSOR_BLACKOUT,STALE,STALE,STALE,STALE,0,80.0,80.0,0.0,0.0,0.0,0.0,37.250686,126.674964,37.254138,126.680626
68.74999999999824,3,SENSOR_BLACKOUT,FAIL,SENSOR_BLACKOUT,SENSOR_BLACKOUT,STALE,STALE,STALE,STALE,0,80.0,80.0,0.0,0.0,0.0,0.0,37.250686,126.674964,37.254138,126.680626
68.79999999999824,3,SENSOR_BLACKOUT,FAIL,SENSOR_BLACKOUT,SENSOR_BLACKOUT,STALE,STALE,STALE,STALE,0,80.0,80.0,0.0,0.0,0.0,0.0,37.250686,126.674964,37.254138,126.680626
68.84999999999823,3,SENSOR_BLACKOUT,FAIL,SENSOR_BLACKOUT,SENSOR_BLACKOUT,STALE,STALE,STALE,STALE,0,80.0,80.0,0.0,0.0,0.0,0.0,37.250686,126.674964,37.254138,126.680626
68.89999999999823,3,SENSOR_BLACKOUT,FAIL,SENSOR_BLACKOUT,SENSOR_BLACKOUT,STALE,STALE,STALE,STALE,0,80.0,80.0,0.0,0.0,0.0,0.0,37.250686,126.674964,37.254138,126.680626
68.94999999999823,3,SENSOR_BLACKOUT,FAIL,SENSOR_BLACKOUT,SENSOR_BLACKOUT,STALE,STALE,STALE,STALE,0,80.0,80.0,0.0,0.0,0.0,0.0,37.250686,126.674964,37.254138,126.680626
68.99999999999822,3,SENSOR_BLACKOUT,FAIL,SENSOR_BLACKOUT,SENSOR_BLACKOUT,STALE,STALE,STALE,STALE,0,80.0,80.0,0.0,0.0,0.0,0.0,37.250686,126.674964,37.254138,126.680626
69.04999999999822,3,SENSOR_BLACKOUT,FAIL,SENSOR_BLACKOUT,SENSOR_BLACKOUT,STALE,STALE,STALE,STALE,0,80.0,80.0,0.0,0.0,0.0,0.0,37.250686,126.674964,37.254138,126.680626
69.09999999999822,3,SENSOR_BLACKOUT,FAIL,SENSOR_BLACKOUT,SENSOR_BLACKOUT,STALE,STALE,STALE,STALE,0,80.0,80.0,0.0,0.0,0.0,0.0,37.250686,126.674964,37.254138,126.680626
69.14999999999822,3,NO_POSITION,FAIL,NO_POSITION,NO_POSITION,STALE,STALE,FRESH,FRESH,0,80.0,80.0,0.0,0.0,0.0,0.0,37.250686,126.674964,37.254138,126.680626
69.19999999999821,3,NO_POSITION,FAIL,NO_POSITION,NO_POSITION,STALE,STALE,FRESH,FRESH,0,80.0,80.0,0.0,0.0,0.0,0.0,37.250686,126.674964,37.254138,126.680626
69.24999999999821,3,NO_POSITION,FAIL,NO_POSITION,NO_POSITION,STALE,STALE,FRESH,FRESH,0,80.0,80.0,0.0,0.0,0.0,0.0,37.250686,126.674964,37.254138,126.680626
69.2999999999982,3,NO_POSITION,FAIL,NO_POSITION,NO_POSITION,STALE,STALE,FRESH,FRESH,0,80.0,80.0,0.0,0.0,0.0,0.0,37.250686,126.674964,37.254138,126.680626
69.3499999999982,3,NO_POSITION,FAIL,NO_POSITION,NO_POSITION,STALE,STALE,FRESH,FRESH,0,80.0,80.0,0.0,0.0,0.0,0.0,37.250686,126.674964,37.254138,126.680626
69.3999999999982,3,NO_POSITION,FAIL,NO_POSITION,NO_POSITION,STALE,STALE,STALE,FRESH,0,80.0,80.0,0.0,0.0,0.0,0.0,37.250686,126.674964,37.254138,126.680626
69.4499999999982,3,NO_POSITION,FAIL,NO_POSITION,NO_POSITION,STALE,STALE,STALE,FRESH,0,80.0,80.0,0.0,0.0,0.0,0.0,37.250686,126.674964,37.254138,126.680626
69.4999999999982,3,NO_POSITION,FAIL,NO_POSITION,NO_POSITION,STALE,STALE,STALE,FRESH,0,80.0,80.0,0.0,0.0,0.0,0.0,37.250686,126.674964,37.254138,126.680626
69.54999999999819,3,NO_POSITION,FAIL,NO_POSITION,NO_POSITION,STALE,STALE,STALE,FRESH,0,80.0,80.0,0.0,0.0,0.0,0.0,37.250686,126.674964,37.254138,126.680626
69.59999999999819,3,NO_POSITION,FAIL,NO_POSITION,NO_POSITION,STALE,STALE,STALE,FRESH,0,80.0,80.0,0.0,0.0,0.0,0.0,37.250686,126.674964,37.254138,126.680626
69.64999999999819,3,NO_POSITION,FAIL,NO_POSITION,NO_POSITION,STALE,STALE,STALE,FRESH,0,80.0,80.0,0.0,0.0,0.0,0.0,37.250686,126.674964,37.254138,126.680626
69.69999999999818,3,SENSOR_BLACKOUT,FAIL,SENSOR_BLACKOUT,SENSOR_BLACKOUT,STALE,STALE,STALE,STALE,0,80.0,80.0,0.0,0.0,0.0,0.0,37.250686,126.674964,37.254138,126.680626
69.74999999999818,3,SENSOR_BLACKOUT,FAIL,SENSOR_BLACKOUT,SENSOR_BLACKOUT,STALE,STALE,STALE,STALE,0,80.0,80.0,0.0,0.0,0.0,0.0,37.250686,126.674964,37.254138,126.680626
69.79999999999818,3,SENSOR_BLACKOUT,FAIL,SENSOR_BLACKOUT,SENSOR_BLACKOUT,STALE,STALE,STALE,STALE,0,80.0,80.0,0.0,0.0,0.0,0.0,37.250686,126.674964,37.254138,126.680626
69.84999999999818,3,SENSOR_BLACKOUT,FAIL,SENSOR_BLACKOUT,SENSOR_BLACKOUT,STALE,STALE,STALE,STALE,0,80.0,80.0,0.0,0.0,0.0,0.0,37.250686,126.674964,37.254138,126.680626
69.89999999999817,3,SENSOR_BLACKOUT,FAIL,SENSOR_BLACKOUT,SENSOR_BLACKOUT,STALE,STALE,STALE,STALE,0,80.0,80.0,0.0,0.0,0.0,0.0,37.250686,126.674964,37.254138,126.680626
69.94999999999817,3,SENSOR_BLACKOUT,FAIL,SENSOR_BLACKOUT,SENSOR_BLACKOUT,STALE,STALE,STALE,STALE,0,80.0,80.0,0.0,0.0,0.0,0.0,37.250686,126.674964,37.254138,126.680626
69.99999999999817,3,SENSOR_BLACKOUT,FAIL,SENSOR_BLACKOUT,SENSOR_BLACKOUT,STALE,STALE,STALE,STALE,0,80.0,80.0,0.0,0.0,0.0,0.0,37.250686,126.674964,37.254138,126.680626
70.04999999999816,3,SENSOR_BLACKOUT,FAIL,SENSOR_BLACKOUT,SENSOR_BLACKOUT,STALE,STALE,STALE,STALE,0,80.0,80.0,0.0,0.0,0.0,0.0,37.250686,126.674964,37.254138,126.680626
70.09999999999816,3,SENSOR_BLACKOUT,FAIL,SENSOR_BLACKOUT,SENSOR_BLACKOUT,STALE,STALE,STALE,STALE,0,80.0,80.0,0.0,0.0,0.0,0.0,37.250686,126.674964,37.254138,126.680626
70.14999999999816,3,NO_POSITION,FAIL,NO_POSITION,NO_POSITION,STALE,STALE,FRESH,FRESH,0,80.0,80.0,0.0,0.0,0.0,0.0,37.250686,126.674964,37.254138,126.680626
70.19999999999816,3,NO_POSITION,FAIL,NO_POSITION,NO_POSITION,STALE,STALE,FRESH,FRESH,0,80.0,80.0,0.0,0.0,0.0,0.0,37.250686,126.674964,37.254138,126.680626
70.24999999999815,3,NO_POSITION,FAIL,NO_POSITION,NO_POSITION,STALE,STALE,FRESH,FRESH,0,80.0,80.0,0.0,0.0,0.0,0.0,37.250686,126.674964,37.254138,126.680626
70.29999999999815,3,NO_POSITION,FAIL,NO_POSITION,NO_POSITION,STALE,STALE,FRESH,FRESH,0,80.0,80.0,0.0,0.0,0.0,0.0,37.250686,126.674964,37.254138,126.680626
70.34999999999815,3,NO_POSITION,FAIL,NO_POSITION,NO_POSITION,STALE,STALE,FRESH,FRESH,0,80.0,80.0,0.0,0.0,0.0,0.0,37.250686,126.674964,37.254138,126.680626
70.39999999999814,3,NO_POSITION,FAIL,NO_POSITION,NO_POSITION,STALE,STALE,STALE,FRESH,0,80.0,80.0,0.0,0.0,0.0,0.0,37.250686,126.674964,37.254138,126.680626
70.44999999999814,3,NO_POSITION,FAIL,NO_POSITION,NO_POSITION,STALE,STALE,STALE,FRESH,0,80.0,80.0,0.0,0.0,0.0,0.0,37.250686,126.674964,37.254138,126.680626
70.49999999999814,3,NO_POSITION,FAIL,NO_POSITION,NO_POSITION,STALE,STALE,STALE,FRESH,0,80.0,80.0,0.0,0.0,0.0,0.0,37.250686,126.674964,37.254138,126.680626
70.54999999999814,3,NO_POSITION,FAIL,NO_POSITION,NO_POSITION,STALE,STALE,STALE,FRESH,0,80.0,80.0,0.0,0.0,0.0,0.0,37.250686,126.674964,37.254138,126.680626
70.59999999999813,3,NO_POSITION,FAIL,NO_POSITION,NO_POSITION,STALE,STALE,STALE,FRESH,0,80.0,80.0,0.0,0.0,0.0,0.0,37.250686,126.674964,37.254138,126.680626
70.64999999999813,3,NO_POSITION,FAIL,NO_POSITION,NO_POSITION,STALE,STALE,STALE,FRESH,0,80.0,80.0,0.0,0.0,0.0,0.0,37.250686,126.674964,37.254138,126.680626
70.69999999999813,3,SENSOR_BLACKOUT,FAIL,SENSOR_BLACKOUT,SENSOR_BLACKOUT,STALE,STALE,STALE,STALE,0,80.0,80.0,0.0,0.0,0.0,0.0,37.250686,126.674964,37.254138,126.680626
70.74999999999812,3,SENSOR_BLACKOUT,FAIL,SENSOR_BLACKOUT,SENSOR_BLACKOUT,STALE,STALE,STALE,STALE,0,80.0,80.0,0.0,0.0,0.0,0.0,37.250686,126.674964,37.254138,126.680626
70.79999999999812,3,SENSOR_BLACKOUT,FAIL,SENSOR_BLACKOUT,SENSOR_BLACKOUT,STALE,STALE,STALE,STALE,0,80.0,80.0,0.0,0.0,0.0,0.0,37.250686,126.674964,37.254138,126.680626
70.84999999999812,3,SENSOR_BLACKOUT,FAIL,SENSOR_BLACKOUT,SENSOR_BLACKOUT,STALE,STALE,STALE,STALE,0,80.0,80.0,0.0,0.0,0.0,0.0,37.250686,126.674964,37.254138,126.680626
70.89999999999812,3,SENSOR_BLACKOUT,FAIL,SENSOR_BLACKOUT,SENSOR_BLACKOUT,STALE,STALE,STALE,STALE,0,80.0,80.0,0.0,0.0,0.0,0.0,37.250686,126.674964,37.254138,126.680626
70.94999999999811,3,SENSOR_BLACKOUT,FAIL,SENSOR_BLACKOUT,SENSOR_BLACKOUT,STALE,STALE,STALE,STALE,0,80.0,80.0,0.0,0.0,0.0,0.0,37.250686,126.674964,37.254138,126.680626
70.99999999999811,3,SENSOR_BLACKOUT,FAIL,SENSOR_BLACKOUT,SENSOR_BLACKOUT,STALE,STALE,STALE,STALE,0,80.0,80.0,0.0,0.0,0.0,0.0,37.250686,126.674964,37.254138,126.680626
71.04999999999811,3,SENSOR_BLACKOUT,FAIL,SENSOR_BLACKOUT,SENSOR_BLACKOUT,STALE,STALE,STALE,STALE,0,80.0,80.0,0.0,0.0,0.0,0.0,37.250686,126.674964,37.254138,126.680626
71.0999999999981,3,SENSOR_BLACKOUT,FAIL,SENSOR_BLACKOUT,SENSOR_BLACKOUT,STALE,STALE,STALE,STALE,0,80.0,80.0,0.0,0.0,0.0,0.0,37.250686,126.674964,37.254138,126.680626
71.1499999999981,3,ACTIVE,FAIL,NO_MOTION,NO_MOTION,FRESH,STALE,FRESH,FRESH,1,47.5,112.5,65.0,25.0,0.0,0.0,37.250686,126.674964,37.254138,126.680626
71.1999999999981,3,ACTIVE,FAIL,NO_MOTION,NO_MOTION,FRESH,STALE,FRESH,FRESH,1,47.5,112.5,65.0,25.0,0.0,0.0,37.250686,126.674964,37.254138,126.680626
71.2499999999981,3,ACTIVE,FAIL,NO_MOTION,NO_MOTION,FRESH,STALE,FRESH,FRESH,1,47.5,112.5,65.0,25.0,0.0,0.0,37.250686,126.674964,37.254138,126.680626
71.2999999999981,3,ACTIVE,FAIL,NO_MOTION,NO_MOTION,FRESH,STALE,FRESH,FRESH,1,47.5,112.5,65.0,25.0,0.0,0.0,37.250686,126.674964,37.254138,126.680626
71.34999999999809,3,ACTIVE,FAIL,NO_MOTION,NO_MOTION,FRESH,STALE,FRESH,FRESH,1,47.5,112.5,65.0,25.0,0.0,0.0,37.250686,126.674964,37.254138,126.680626
71.39999999999809,3,NO_MOTION,FAIL,NO_MOTION,NO_MOTION,FRESH,STALE,STALE,FRESH,0,80.0,80.0,0.0,0.0,0.0,0.0,37.250686,126.674964,37.254138,126.680626
71.44999999999808,3,NO_MOTION,FAIL,NO_MOTION,NO_MOTION,FRESH,STALE,STALE,FRESH,0,80.0,80.0,0.0,0.0,0.0,0.0,37.250686,126.674964,37.254138,126.680626
71.49999999999808,3,NO_MOTION,FAIL,NO_MOTION,NO_MOTION,FRESH,STALE,STALE,FRESH,0,80.0,80.0,0.0,0.0,0.0,0.0,37.250686,126.674964,37.254138,126.680626
71.54999999999808,3,NO_MOTION,FAIL,NO_MOTION,NO_MOTION,FRESH,STALE,STALE,FRESH,0,80.0,80.0,0.0,0.0,0.0,0.0,37.250686,126.674964,37.254138,126.680626
71.59999999999808,3,NO_MOTION,FAIL,NO_MOTION,NO_MOTION,FRESH,STALE,STALE,FRESH,0,80.0,80.0,0.0,0.0,0.0,0.0,37.250686,126.674964,37.254138,126.680626
71.64999999999807,3,NO_MOTION,FAIL,NO_MOTION,NO_MOTION,FRESH,STALE,STALE,FRESH,0,80.0,80.0,0.0,0.0,0.0,0.0,37.250686,126.674964,37.254138,126.680626
71.69999999999807,3,NO_MOTION,FAIL,NO_MOTION,NO_MOTION,FRESH,STALE,STALE,STALE,0,80.0,80.0,0.0,0.0,0.0,0.0,37.250686,126.674964,37.254138,126.680626
71.74999999999807,3,NO_MOTION,FAIL,NO_MOTION,NO_MOTION,FRESH,STALE,STALE,STALE,0,80.0,80.0,0.0,0.0,0.0,0.0,37.250686,126.674964,37.254138,126.680626
71.79999999999806,3,NO_MOTION,FAIL,NO_MOTION,NO_MOTION,FRESH,STALE,STALE,STALE,0,80.0,80.0,0.0,0.0,0.0,0.0,37.250686,126.674964,37.254138,126.680626
71.84999999999806,3,NO_MOTION,FAIL,NO_MOTION,NO_MOTION,FRESH,STALE,STALE,STALE,0,80.0,80.0,0.0,0.0,0.0,0.0,37.250686,126.674964,37.254138,126.680626
71.89999999999806,3,NO_MOTION,FAIL,NO_MOTION,NO_MOTION,FRESH,STALE,STALE,STALE,0,80.0,80.0,0.0,0.0,0.0,0.0,37.250686,126.674964,37.254138,126.680626
71.94999999999806,3,NO_MOTION,FAIL,NO_MOTION,NO_MOTION,FRESH,STALE,STALE,STALE,0,80.0,80.0,0.0,0.0,0.0,0.0,37.250686,126.674964,37.254138,126.680626
71.99999999999805,3,NO_MOTION,FAIL,NO_MOTION,NO_MOTION,FRESH,STALE,STALE,STALE,0,80.0,80.0,0.0,0.0,0.0,0.0,37.250686,126.674964,37.254138,126.680626
72.04999999999805,3,NO_MOTION,FAIL,NO_MOTION,NO_MOTION,FRESH,STALE,STALE,STALE,0,80.0,80.0,0.0,0.0,0.0,0.0,37.250686,126.674964,37.254138,126.680626
72.09999999999805,3,NO_MOTION,FAIL,NO_MOTION,NO_MOTION,FRESH,STALE,STALE,STALE,0,80.0,80.0,0.0,0.0,0.0,0.0,37.250686,126.674964,37.254138,126.680626
72.14999999999804,3,ACTIVE,FAIL,NO_MOTION,NO_MOTION,FRESH,STALE,FRESH,FRESH,1,47.5,112.5,65.0,25.0,0.0,0.0,37.250686,126.674964,37.254138,126.680626
72.19999999999804,3,ACTIVE,FAIL,NO_MOTION,NO_MOTION,FRESH,STALE,FRESH,FRESH,1,47.5,112.5,65.0,25.0,0.0,0.0,37.250686,126.674964,37.254138,126.680626
72.24999999999804,3,ACTIVE,FAIL,NO_MOTION,NO_MOTION,FRESH,STALE,FRESH,FRESH,1,47.5,112.5,65.0,25.0,0.0,0.0,37.250686,126.674964,37.254138,126.680626
72.29999999999804,3,ACTIVE,FAIL,NO_MOTION,NO_MOTION,FRESH,STALE,FRESH,FRESH,1,47.5,112.5,65.0,25.0,0.0,0.0,37.250686,126.674964,37.254138,126.680626
72.34999999999803,3,ACTIVE,FAIL,NO_MOTION,NO_MOTION,FRESH,STALE,FRESH,FRESH,1,47.5,112.5,65.0,25.0,0.0,0.0,37.250686,126.674964,37.254138,126.680626
72.39999999999803,3,NO_MOTION,FAIL,NO_MOTION,NO_MOTION,FRESH,STALE,STALE,FRESH,0,80.0,80.0,0.0,0.0,0.0,0.0,37.250686,126.674964,37.254138,126.680626
72.44999999999803,3,NO_MOTION,FAIL,NO_MOTION,NO_MOTION,FRESH,STALE,STALE,FRESH,0,80.0,80.0,0.0,0.0,0.0,0.0,37.250686,126.674964,37.254138,126.680626
72.49999999999802,3,NO_MOTION,FAIL,NO_MOTION,NO_MOTION,FRESH,STALE,STALE,FRESH,0,80.0,80.0,0.0,0.0,0.0,0.0,37.250686,126.674964,37.254138,126.680626
72.54999999999802,3,NO_MOTION,FAIL,NO_MOTION,NO_MOTION,FRESH,STALE,STALE,FRESH,0,80.0,80.0,0.0,0.0,0.0,0.0,37.250686,126.674964,37.254138,126.680626
72.59999999999802,3,NO_MOTION,FAIL,NO_MOTION,NO_MOTION,FRESH,STALE,STALE,FRESH,0,80.0,80.0,0.0,0.0,0.0,0.0,37.250686,126.674964,37.254138,126.680626
72.64999999999802,3,NO_MOTION,FAIL,NO_MOTION,NO_MOTION,FRESH,STALE,STALE,FRESH,0,80.0,80.0,0.0,0.0,0.0,0.0,37.250686,126.674964,37.254138,126.680626
72.69999999999801,3,NO_MOTION,FAIL,NO_MOTION,NO_MOTION,FRESH,STALE,STALE,STALE,0,80.0,80.0,0.0,0.0,0.0,0.0,37.250686,126.674964,37.254138,126.680626
72.74999999999801,3,NO_MOTION,FAIL,NO_MOTION,NO_MOTION,FRESH,STALE,STALE,STALE,0,80.0,80.0,0.0,0.0,0.0,0.0,37.250686,126.674964,37.254138,126.680626
72.79999999999801,3,NO_MOTION,FAIL,NO_MOTION,NO_MOTION,FRESH,STALE,STALE,STALE,0,80.0,80.0,0.0,0.0,0.0,0.0,37.250686,126.674964,37.254138,126.680626
72.849999999998,3,NO_MOTION,FAIL,NO_MOTION,NO_MOTION,FRESH,STALE,STALE,STALE,0,80.0,80.0,0.0,0.0,0.0,0.0,37.250686,126.674964,37.254138,126.680626
72.899999999998,3,NO_MOTION,FAIL,NO_MOTION,NO_MOTION,FRESH,STALE,STALE,STALE,0,80.0,80.0,0.0,0.0,0.0,0.0,37.250686,126.674964,37.254138,126.680626
72.949999999998,3,NO_MOTION,FAIL,NO_MOTION,NO_MOTION,FRESH,STALE,STALE,STALE,0,80.0,80.0,0.0,0.0,0.0,0.0,37.250686,126.674964,37.254138,126.680626
72.999999999998,3,NO_MOTION,FAIL,NO_MOTION,NO_MOTION,FRESH,STALE,STALE,STALE,0,80.0,80.0,0.0,0.0,0.0,0.0,37.250686,126.674964,37.254138,126.680626
73.049999999998,3,NO_MOTION,FAIL,NO_MOTION,NO_MOTION,FRESH,STALE,STALE,STALE,0,80.0,80.0,0.0,0.0,0.0,0.0,37.250686,126.674964,37.254138,126.680626
73.09999999999799,3,NO_MOTION,FAIL,NO_MOTION,NO_MOTION,FRESH,STALE,STALE,STALE,0,80.0,80.0,0.0,0.0,0.0,0.0,37.250686,126.674964,37.254138,126.680626
73.14999999999799,3,NO_MOTION,FAIL,NO_MOTION,NO_MOTION,FRESH,STALE,STALE,STALE,0,80.0,80.0,0.0,0.0,0.0,0.0,37.250686,126.674964,37.254138,126.680626
73.19999999999798,3,ACTIVE,FAIL,NO_MOTION,NO_MOTION,FRESH,STALE,FRESH,FRESH,1,47.5,112.5,65.0,25.0,0.0,0.0,37.250686,126.674964,37.254138,126.680626
73.24999999999798,3,ACTIVE,FAIL,NO_MOTION,NO_MOTION,FRESH,STALE,FRESH,FRESH,1,47.5,112.5,65.0,25.0,0.0,0.0,37.250686,126.674964,37.254138,126.680626
73.29999999999798,3,ACTIVE,FAIL,NO_MOTION,NO_MOTION,FRESH,STALE,FRESH,FRESH,1,47.5,112.5,65.0,25.0,0.0,0.0,37.250686,126.674964,37.254138,126.680626
73.34999999999798,3,ACTIVE,FAIL,NO_MOTION,NO_MOTION,FRESH,STALE,FRESH,FRESH,1,47.5,112.5,65.0,25.0,0.0,0.0,37.250686,126.674964,37.254138,126.680626
73.39999999999797,3,ACTIVE,FAIL,NO_MOTION,NO_MOTION,FRESH,STALE,FRESH,FRESH,1,47.5,112.5,65.0,25.0,0.0,0.0,37.250686,126.674964,37.254138,126.680626
73.44999999999797,3,NO_MOTION,FAIL,NO_MOTION,NO_MOTION,FRESH,STALE,STALE,FRESH,0,80.0,80.0,0.0,0.0,0.0,0.0,37.250686,126.674964,37.254138,126.680626
73.49999999999797,3,NO_MOTION,FAIL,NO_MOTION,NO_MOTION,FRESH,STALE,STALE,FRESH,0,80.0,80.0,0.0,0.0,0.0,0.0,37.250686,126.674964,37.254138,126.680626
73.54999999999797,3,NO_MOTION,FAIL,NO_MOTION,NO_MOTION,FRESH,STALE,STALE,FRESH,0,80.0,80.0,0.0,0.0,0.0,0.0,37.250686,126.674964,37.254138,126.680626
73.59999999999796,3,NO_MOTION,FAIL,NO_MOTION,NO_MOTION,FRESH,STALE,STALE,FRESH,0,80.0,80.0,0.0,0.0,0.0,0.0,37.250686,126.674964,37.254138,126.680626
73.64999999999796,3,NO_MOTION,FAIL,NO_MOTION,NO_MOTION,FRESH,STALE,STALE,FRESH,0,80.0,80.0,0.0,0.0,0.0,0.0,37.250686,126.674964,37.254138,126.680626
73.69999999999796,3,NO_MOTION,FAIL,NO_MOTION,NO_MOTION,FRESH,STALE,STALE,FRESH,0,80.0,80.0,0.0,0.0,0.0,0.0,37.250686,126.674964,37.254138,126.680626
73.74999999999795,3,NO_MOTION,FAIL,NO_MOTION,NO_MOTION,FRESH,STALE,STALE,STALE,0,80.0,80.0,0.0,0.0,0.0,0.0,37.250686,126.674964,37.254138,126.680626
73.79999999999795,3,NO_MOTION,FAIL,NO_MOTION,NO_MOTION,FRESH,STALE,STALE,STALE,0,80.0,80.0,0.0,0.0,0.0,0.0,37.250686,126.674964,37.254138,126.680626
73.84999999999795,3,NO_MOTION,FAIL,NO_MOTION,NO_MOTION,FRESH,STALE,STALE,STALE,0,80.0,80.0,0.0,0.0,0.0,0.0,37.250686,126.674964,37.254138,126.680626
73.89999999999795,3,NO_MOTION,FAIL,NO_MOTION,NO_MOTION,FRESH,STALE,STALE,STALE,0,80.0,80.0,0.0,0.0,0.0,0.0,37.250686,126.674964,37.254138,126.680626
73.94999999999794,3,NO_MOTION,FAIL,NO_MOTION,NO_MOTION,FRESH,STALE,STALE,STALE,0,80.0,80.0,0.0,0.0,0.0,0.0,37.250686,126.674964,37.254138,126.680626
73.99999999999794,3,NO_MOTION,FAIL,NO_MOTION,NO_MOTION,FRESH,STALE,STALE,STALE,0,80.0,80.0,0.0,0.0,0.0,0.0,37.250686,126.674964,37.254138,126.680626
74.04999999999794,3,NO_MOTION,FAIL,NO_MOTION,NO_MOTION,FRESH,STALE,STALE,STALE,0,80.0,80.0,0.0,0.0,0.0,0.0,37.250686,126.674964,37.254138,126.680626
74.09999999999793,3,NO_MOTION,FAIL,NO_MOTION,NO_MOTION,FRESH,STALE,STALE,STALE,0,80.0,80.0,0.0,0.0,0.0,0.0,37.250686,126.674964,37.254138,126.680626
74.14999999999793,3,NO_MOTION,FAIL,NO_MOTION,NO_MOTION,FRESH,STALE,STALE,STALE,0,80.0,80.0,0.0,0.0,0.0,0.0,37.250686,126.674964,37.254138,126.680626
74.19999999999793,3,ACTIVE,FAIL,NO_MOTION,NO_MOTION,FRESH,STALE,FRESH,FRESH,1,47.5,112.5,65.0,25.0,0.0,0.0,37.250686,126.674964,37.254138,126.680626
74.24999999999793,3,ACTIVE,FAIL,NO_MOTION,NO_MOTION,FRESH,STALE,FRESH,FRESH,1,47.5,112.5,65.0,25.0,0.0,0.0,37.250686,126.674964,37.254138,126.680626
74.29999999999792,3,ACTIVE,FAIL,NO_MOTION,NO_MOTION,FRESH,STALE,FRESH,FRESH,1,47.5,112.5,65.0,25.0,0.0,0.0,37.250686,126.674964,37.254138,126.680626
74.34999999999792,3,ACTIVE,FAIL,NO_MOTION,NO_MOTION,FRESH,STALE,FRESH,FRESH,1,47.5,112.5,65.0,25.0,0.0,0.0,37.250686,126.674964,37.254138,126.680626
74.39999999999792,3,ACTIVE,FAIL,NO_MOTION,NO_MOTION,FRESH,STALE,FRESH,FRESH,1,47.5,112.5,65.0,25.0,0.0,0.0,37.250686,126.674964,37.254138,126.680626
74.44999999999791,3,NO_MOTION,FAIL,NO_MOTION,NO_MOTION,FRESH,STALE,STALE,FRESH,0,80.0,80.0,0.0,0.0,0.0,0.0,37.250686,126.674964,37.254138,126.680626
74.49999999999791,3,NO_MOTION,FAIL,NO_MOTION,NO_MOTION,FRESH,STALE,STALE,FRESH,0,80.0,80.0,0.0,0.0,0.0,0.0,37.250686,126.674964,37.254138,126.680626
74.54999999999791,3,NO_MOTION,FAIL,NO_MOTION,NO_MOTION,FRESH,STALE,STALE,FRESH,0,80.0,80.0,0.0,0.0,0.0,0.0,37.250686,126.674964,37.254138,126.680626
74.5999999999979,3,NO_MOTION,FAIL,NO_MOTION,NO_MOTION,FRESH,STALE,STALE,FRESH,0,80.0,80.0,0.0,0.0,0.0,0.0,37.250686,126.674964,37.254138,126.680626
74.6499999999979,3,NO_MOTION,FAIL,NO_MOTION,NO_MOTION,FRESH,STALE,STALE,FRESH,0,80.0,80.0,0.0,0.0,0.0,0.0,37.250686,126.674964,37.254138,126.680626
74.6999999999979,3,NO_MOTION,FAIL,NO_MOTION,NO_MOTION,FRESH,STALE,STALE,FRESH,0,80.0,80.0,0.0,0.0,0.0,0.0,37.250686,126.674964,37.254138,126.680626
74.7499999999979,3,NO_MOTION,FAIL,NO_MOTION,NO_MOTION,FRESH,STALE,STALE,STALE,0,80.0,80.0,0.0,0.0,0.0,0.0,37.250686,126.674964,37.254138,126.680626
74.7999999999979,3,NO_MOTION,FAIL,NO_MOTION,NO_MOTION,FRESH,STALE,STALE,STALE,0,80.0,80.0,0.0,0.0,0.0,0.0,37.250686,126.674964,37.254138,126.680626
74.84999999999789,3,NO_MOTION,FAIL,NO_MOTION,NO_MOTION,FRESH,STALE,STALE,STALE,0,80.0,80.0,0.0,0.0,0.0,0.0,37.250686,126.674964,37.254138,126.680626
74.89999999999789,3,NO_MOTION,FAIL,NO_MOTION,NO_MOTION,FRESH,STALE,STALE,STALE,0,80.0,80.0,0.0,0.0,0.0,0.0,37.250686,126.674964,37.254138,126.680626
74.94999999999789,3,NO_MOTION,FAIL,NO_MOTION,NO_MOTION,FRESH,STALE,STALE,STALE,0,80.0,80.0,0.0,0.0,0.0,0.0,37.250686,126.674964,37.254138,126.680626
74.99999999999788,3,NO_MOTION,FAIL,NO_MOTION,NO_MOTION,FRESH,STALE,STALE,STALE,0,80.0,80.0,0.0,0.0,0.0,0.0,37.250686,126.674964,37.254138,126.680626
75.04999999999788,3,NO_MOTION,FAIL,NO_MOTION,NO_MOTION,FRESH,STALE,STALE,STALE,0,80.0,80.0,0.0,0.0,0.0,0.0,37.250686,126.674964,37.254138,126.680626
75.09999999999788,3,NO_MOTION,FAIL,NO_MOTION,NO_MOTION,FRESH,STALE,STALE,STALE,0,80.0,80.0,0.0,0.0,0.0,0.0,37.250686,126.674964,37.254138,126.680626
75.14999999999787,3,NO_MOTION,FAIL,NO_MOTION,NO_MOTION,FRESH,STALE,STALE,STALE,0,80.0,80.0,0.0,0.0,0.0,0.0,37.250686,126.674964,37.254138,126.680626
75.19999999999787,3,ACTIVE,NOMINAL_CLOSED_LOOP,NOMINAL_CLOSED_LOOP,NONE,FRESH,FRESH,FRESH,FRESH,1,53.910410777040816,106.08958922295918,52.17917844591837,12.907300682744145,-146.5291894334473,134.19506820429825,37.250686,126.674964,37.254138,126.680626
75.24999999999787,3,ACTIVE,NOMINAL_CLOSED_LOOP,NOMINAL_CLOSED_LOOP,NONE,FRESH,FRESH,FRESH,FRESH,1,53.903712126699446,106.09628787330055,52.192575746601115,12.907300682744145,-146.5291894334473,134.19506820429825,37.250686,126.674964,37.254138,126.680626
75.29999999999787,3,ACTIVE,NOMINAL_CLOSED_LOOP,NOMINAL_CLOSED_LOOP,NONE,FRESH,FRESH,FRESH,FRESH,1,53.89701347635807,106.10298652364193,52.205973047283855,12.907300682744145,-146.5291894334473,134.19506820429825,37.250686,126.674964,37.254138,126.680626
75.34999999999786,3,ACTIVE,NOMINAL_CLOSED_LOOP,NOMINAL_CLOSED_LOOP,NONE,FRESH,FRESH,FRESH,FRESH,1,53.8903148260167,106.10968517398331,52.2193703479666,12.907300682744145,-146.5291894334473,134.19506820429825,37.250686,126.674964,37.254138,126.680626
75.39999999999786,3,ACTIVE,NOMINAL_CLOSED_LOOP,NOMINAL_CLOSED_LOOP,NONE,FRESH,FRESH,FRESH,FRESH,1,53.88361617567533,106.11638382432467,52.23276764864934,12.907300682744145,-146.5291894334473,134.19506820429825,37.250686,126.674964,37.254138,126.680626
75.44999999999786,3,ACTIVE,NOMINAL_FEEDFORWARD,NOMINAL_FEEDFORWARD,NONE,FRESH,FRESH,STALE,FRESH,1,58.3652815685868,101.6347184314132,43.269436862826396,11.293888097401128,-146.5291894334473,134.19506820429825,37.250686,126.674964,37.254138,126.680626
75.49999999999785,3,ACTIVE,NOMINAL_FEEDFORWARD,NOMINAL_FEEDFORWARD,NONE,FRESH,FRESH,STALE,FRESH,1,58.3652815685868,101.6347184314132,43.269436862826396,11.293888097401128,-146.5291894334473,134.19506820429825,37.250686,126.674964,37.254138,126.680626
75.54999999999785,3,ACTIVE,NOMINAL_FEEDFORWARD,NOMINAL_FEEDFORWARD,NONE,FRESH,FRESH,STALE,FRESH,1,58.3652815685868,101.6347184314132,43.269436862826396,11.293888097401128,-146.5291894334473,134.19506820429825,37.250686,126.674964,37.254138,126.680626
75.59999999999785,3,ACTIVE,NOMINAL_FEEDFORWARD,NOMINAL_FEEDFORWARD,NONE,FRESH,FRESH,STALE,FRESH,1,58.3652815685868,101.6347184314132,43.269436862826396,11.293888097401128,-146.5291894334473,134.19506820429825,37.250686,126.674964,37.254138,126.680626
75.64999999999785,3,ACTIVE,NOMINAL_FEEDFORWARD,NOMINAL_FEEDFORWARD,NONE,FRESH,FRESH,STALE,FRESH,1,58.3652815685868,101.6347184314132,43.269436862826396,11.293888097401128,-146.5291894334473,134.19506820429825,37.250686,126.674964,37.254138,126.680626
75.69999999999784,3,ACTIVE,NOMINAL_FEEDFORWARD,NOMINAL_FEEDFORWARD,NONE,FRESH,FRESH,STALE,FRESH,1,58.3652815685868,101.6347184314132,43.269436862826396,11.293888097401128,-146.5291894334473,134.19506820429825,37.250686,126.674964,37.254138,126.680626
75.74999999999784,3,ACTIVE,NOMINAL_FEEDFORWARD,NOMINAL_FEEDFORWARD,NONE,FRESH,FRESH,STALE,STALE,1,58.3652815685868,101.6347184314132,43.269436862826396,11.293888097401128,-146.5291894334473,134.19506820429825,37.250686,126.674964,37.254138,126.680626
75.79999999999784,3,ACTIVE,NOMINAL_FEEDFORWARD,NOMINAL_FEEDFORWARD,NONE,FRESH,FRESH,STALE,STALE,1,58.3652815685868,101.6347184314132,43.269436862826396,11.293888097401128,-146.5291894334473,134.19506820429825,37.250686,126.674964,37.254138,126.680626
75.84999999999783,3,ACTIVE,NOMINAL_FEEDFORWARD,NOMINAL_FEEDFORWARD,NONE,FRESH,FRESH,STALE,STALE,1,58.3652815685868,101.6347184314132,43.269436862826396,11.293888097401128,-146.5291894334473,134.19506820429825,37.250686,126.674964,37.254138,126.680626
75.89999999999783,3,ACTIVE,NOMINAL_FEEDFORWARD,NOMINAL_FEEDFORWARD,NONE,FRESH,FRESH,STALE,STALE,1,58.3652815685868,101.6347184314132,43.269436862826396,11.293888097401128,-146.5291894334473,134.19506820429825,37.250686,126.674964,37.254138,126.680626
75.94999999999783,3,ACTIVE,NOMINAL_FEEDFORWARD,NOMINAL_FEEDFORWARD,NONE,FRESH,FRESH,STALE,STALE,1,58.3652815685868,101.6347184314132,43.269436862826396,11.293888097401128,-146.5291894334473,134.19506820429825,37.250686,126.674964,37.254138,126.680626
75.99999999999783,3,ACTIVE,NOMINAL_FEEDFORWARD,NOMINAL_FEEDFORWARD,NONE,FRESH,FRESH,STALE,STALE,1,58.3652815685868,101.6347184314132,43.269436862826396,11.293888097401128,-146.5291894334473,134.19506820429825,37.250686,126.674964,37.254138,126.680626
76.04999999999782,3,ACTIVE,NOMINAL_FEEDFORWARD,NOMINAL_FEEDFORWARD,NONE,FRESH,FRESH,STALE,STALE,1,58.3652815685868,101.6347184314132,43.269436862826396,11.293888097401128,-146.5291894334473,134.19506820429825,37.250686,126.674964,37.254138,126.680626
76.09999999999782,3,ACTIVE,NOMINAL_FEEDFORWARD,NOMINAL_FEEDFORWARD,NONE,FRESH,FRESH,STALE,STALE,1,58.3652815685868,101.6347184314132,43.269436862826396,11.293888097401128,-146.5291894334473,134.19506820429825,37.250686,126.674964,37.254138,126.680626
76.14999999999782,3,ACTIVE,NOMINAL_FEEDFORWARD,NOMINAL_FEEDFORWARD,NONE,FRESH,FRESH,STALE,STALE,1,58.3652815685868,101.6347184314132,43.269436862826396,11.293888097401128,-146.5291894334473,134.19506820429825,37.250686,126.674964,37.254138,126.680626
76.19999999999781,3,DEGRADED,DEGRADED_CLOSED_LOOP,DEGRADED_CLOSED_LOOP,NONE,FRESH,FRESHED,FRESH,FRESH,1,54.865281568587,105.134718431413,57.3191008327187,16.101542090563964,-146.5291894334473,134.19506820429825,37.250686,126.674964,37.254138,126.680626
76.24999999999781,3,DEGRADED,DEGRADED_CLOSED_LOOP,DEGRADED_CLOSED_LOOP,NONE,FRESH,FRESHED,FRESH,FRESH,1,51.3652815685872,108.63471843141281,57.33473237480927,16.101542090563964,-146.5291894334473,134.19506820429825,37.250686,126.674964,37.254138,126.680626
76.29999999999781,3,DEGRADED,DEGRADED_CLOSED_LOOP,DEGRADED_CLOSED_LOOP,NONE,FRESH,FRESHED,FRESH,FRESH,1,51.32481804155009,108.67518195844991,57.35036391689983,16.101542090563964,-146.5291894334473,134.19506820429825,37.250686,126.674964,37.254138,126.680626
76.3499999999978,3,DEGRADED,DEGRADED_CLOSED_LOOP,DEGRADED_CLOSED_LOOP,NONE,FRESH,FRESHED,FRESH,FRESH,1,51.3170022705048,108.6829977294952,57.3659954589904,16.101542090563964,-146.5291894334473,134.19506820429825,37.250686,126.674964,37.254138,126.680626
76.3999999999978,3,DEGRADED,DEGRADED_CLOSED_LOOP,DEGRADED_CLOSED_LOOP,NONE,FRESH,FRESHED,FRESH,FRESH,1,51.30918649945952,108.69081350054049,57.38162700108096,16.101542090563964,-146.5291894334473,134.19506820429825,37.250686,126.674964,37.254138,126.680626
76.4499999999978,3,DEGRADED,DEGRADED_FEEDFORWARD,DEGRADED_FEEDFORWARD,NONE,FRESH,FRESHED,STALE,FRESH,1,54.30918649945935,105.69081350054066,32.200949070037616,8.568147539097026,-146.5291894334473,134.19506820429825,37.250686,126.674964,37.254138,126.680626
76.4999999999978,3,DEGRADED,DEGRADED_FEEDFORWARD,DEGRADED_FEEDFORWARD,NONE,FRESH,FRESHED,STALE,FRESH,1,57.30918649945918,102.69081350054083,32.200949070037616,8.568147539097026,-146.5291894334473,134.19506820429825,37.250686,126.674964,37.254138,126.680626
76.5499999999978,3,DEGRADED,DEGRADED_FEEDFORWARD,DEGRADED_FEEDFORWARD,NONE,FRESH,FRESHED,STALE,FRESH,1,60.30918649945901,99.690813500541,32.200949070037616,8.568147539097026,-146.5291894334473,134.19506820429825,37.250686,126.674964,37.254138,126.680626
76.59999999999779,3,DEGRADED,DEGRADED_FEEDFORWARD,DEGRADED_FEEDFORWARD,NONE,FRESH,FRESHED,STALE,FRESH,1,63.30918649945884,96.69081350054117,32.200949070037616,8.568147539097026,-146.5291894334473,134.19506820429825,37.250686,126.674964,37.254138,126.680626
76.64999999999779,3,DEGRADED,DEGRADED_FEEDFORWARD,DEGRADED_FEEDFORWARD,NONE,FRESH,FRESHED,STALE,FRESH,1,63.899525464981195,96.1004745350188,32.200949070037616,8.568147539097026,-146.5291894334473,134.19506820429825,37.250686,126.674964,37.254138,126.680626
76.69999999999779,3,DEGRADED,DEGRADED_FEEDFORWARD,DEGRADED_FEEDFORWARD,NONE,FRESH,FRESHED,STALE,FRESH,1,63.899525464981195,96.1004745350188,32.200949070037616,8.568147539097026,-146.5291894334473,134.19506820429825,37.250686,126.674964,37.254138,126.680626
76.74999999999778,3,DEGRADED,DEGRADED_FEEDFORWARD,DEGRADED_FEEDFORWARD,NONE,FRESH,FRESHED,STALE,STALE,1,63.899525464981195,96.1004745350188,32.200949070037616,8.568147539097026,-146.5291894334473,134.19506820429825,37.250686,126.674964,37.254138,126.680626
76.79999999999778,3,DEGRADED,DEGRADED_FEEDFORWARD,DEGRADED_FEEDFORWARD,NONE,FRESH,FRESHED,STALE,STALE,1,63.899525464981195,96.1004745350188,32.200949070037616,8.568147539097026,-146.5291894334473,134.19506820429825,37.250686,126.674964,37.254138,126.680626
76.84999999999778,3,DEGRADED,DEGRADED_FEEDFORWARD,DEGRADED_FEEDFORWARD,NONE,FRESH,FRESHED,STALE,STALE,1,63.899525464981195,96.1004745350188,32.200949070037616,8.568147539097026,-146.5291894334473,134.19506820429825,37.250686,126.674964,37.254138,126.680626
76.89999999999777,3,DEGRADED,DEGRADED_FEEDFORWARD,DEGRADED_FEEDFORWARD,NONE,FRESH,FRESHED,STALE,STALE,1,63.899525464981195,96.1004745350188,32.200949070037616,8.568147539097026,-146.5291894334473,134.19506820429825,37.250686,126.674964,37.254138,126.680626
76.94999999999777,3,DEGRADED,DEGRADED_FEEDFORWARD,DEGRADED_FEEDFORWARD,NONE,FRESH,FRESHED,STALE,STALE,1,63.899525464981195,96.1004745350188,32.200949070037616,8.568147539097026,-146.5291894334473,134.19506820429825,37.250686,126.674964,37.254138,126.680626
76.99999999999777,3,DEGRADED,DEGRADED_FEEDFORWARD,DEGRADED_FEEDFORWARD,NONE,FRESH,FRESHED,STALE,STALE,1,63.899525464981195,96.1004745350188,32.200949070037616,8.568147539097026,-146.5291894334473,134.19506820429825,37.250686,126.674964,37.254138,126.680626
77.04999999999777,3,DEGRADED,DEGRADED_FEEDFORWARD,DEGRADED_FEEDFORWARD,NONE,FRESH,FRESHED,STALE,STALE,1,63.899525464981195,96.1004745350188,32.200949070037616,8.568147539097026,-146.5291894334473,134.19506820429825,37.250686,126.674964,37.254138,126.680626
77.09999999999776,3,DEGRADED,DEGRADED_FEEDFORWARD,DEGRADED_FEEDFORWARD,NONE,FRESH,FRESHED,STALE,STALE,1,63.899525464981195,96.1004745350188,32.200949070037616,8.568147539097026,-146.5291894334473,134.19506820429825,37.250686,126.674964,37.254138,126.680626
77.14999999999776,3,DEGRADED,DEGRADED_FEEDFORWARD,DEGRADED_FEEDFORWARD,NONE,FRESH,FRESHED,STALE,STALE,1,63.899525464981195,96.1004745350188,32.200949070037616,8.568147539097026,-146.5291894334473,134.19506820429825,37.250686,126.674964,37.254138,126.680626
77.19999999999776,3,ACTIVE,NOMINAL_CLOSED_LOOP,NOMINAL_CLOSED_LOOP,NONE,FRESH,FRESH,FRESH,FRESH,1,58.89952546498148,101.10047453501852,76.40701041146656,21.986636998813392,-140.09013565234085,142.41901326222836,37.250686,126.674964,37.254138,126.680626
77.24999999999775,3,ACTIVE,NOMINAL_CLOSED_LOOP,NOMINAL_CLOSED_LOOP,NONE,FRESH,FRESH,FRESH,FRESH,1,53.899525464981764,106.10047453501824,76.42982704846537,21.986636998813392,-140.09013565234085,142.41901326222836,37.250686,126.674964,37.254138,126.680626
77.29999999999775,3,ACTIVE,NOMINAL_CLOSED_LOOP,NOMINAL_CLOSED_LOOP,NONE,FRESH,FRESH,FRESH,FRESH,1,48.89952546498205,111.10047453501795,76.45264368546418,21.986636998813392,-140.09013565234085,142.41901326222836,37.250686,126.674964,37.254138,126.680626
77.34999999999775,3,ACTIVE,NOMINAL_CLOSED_LOOP,NOMINAL_CLOSED_LOOP,NONE,FRESH,FRESH,FRESH,FRESH,1,43.89952546498233,116.10047453501767,76.475460322463,21.986636998813392,-140.09013565234085,142.41901326222836,37.250686,126.674964,37.254138,126.680626
77.39999999999775,3,ACTIVE,NOMINAL_CLOSED_LOOP,NOMINAL_CLOSED_LOOP,NONE,FRESH,FRESH,FRESH,FRESH,1,41.7508615202691,118.2491384797309,76.4982769594618,21.986636998813392,-140.09013565234085,142.41901326222836,37.250686,126.674964,37.254138,126.680626
77.44999999999774,3,ACTIVE,NOMINAL_FEEDFORWARD,NOMINAL_FEEDFORWARD,NONE,FRESH,FRESH,STALE,FRESH,1,46.25086152026884,113.74913847973116,62.00789225985542,19.238307373961717,-140.09013565234085,142.41901326222836,37.250686,126.674964,37.254138,126.680626
77.49999999999774,3,ACTIVE,NOMINAL_FEEDFORWARD,NOMINAL_FEEDFORWARD,NONE,FRESH,FRESH,STALE,FRESH,1,48.99605387007229,111.00394612992771,62.00789225985542,19.238307373961717,-140.09013565234085,142.41901326222836,37.250686,126.674964,37.254138,126.680626
77.54999999999774,3,ACTIVE,NOMINAL_FEEDFORWARD,NOMINAL_FEEDFORWARD,NONE,FRESH,FRESH,STALE,FRESH,1,48.99605387007229,111.00394612992771,62.00789225985542,19.238307373961717,-140.09013565234085,142.41901326222836,37.250686,126.674964,37.254138,126.680626
77.59999999999773,3,ACTIVE,NOMINAL_FEEDFORWARD,NOMINAL_FEEDFORWARD,NONE,FRESH,FRESH,STALE,FRESH,1,48.99605387007229,111.00394612992771,62.00789225985542,19.238307373961717,-140.09013565234085,142.41901326222836,37.250686,126.674964,37.254138,126.680626
77.64999999999773,3,ACTIVE,NOMINAL_FEEDFORWARD,NOMINAL_FEEDFORWARD,NONE,FRESH,FRESH,STALE,FRESH,1,48.99605387007229,111.00394612992771,62.00789225985542,19.238307373961717,-140.09013565234085,142.41901326222836,37.250686,126.674964,37.254138,126.680626
77.69999999999773,3,ACTIVE,NOMINAL_FEEDFORWARD,NOMINAL_FEEDFORWARD,NONE,FRESH,FRESH,STALE,FRESH,1,48.99605387007229,111.00394612992771,62.00789225985542,19.238307373961717,-140.09013565234085,142.41901326222836,37.250686,126.674964,37.254138,126.680626
77.74999999999773,3,ACTIVE,NOMINAL_FEEDFORWARD,NOMINAL_FEEDFORWARD,NONE,FRESH,FRESH,STALE,STALE,1,48.99605387007229,111.00394612992771,62.00789225985542,19.238307373961717,-140.09013565234085,142.41901326222836,37.250686,126.674964,37.254138,126.680626
77.79999999999772,3,ACTIVE,NOMINAL_FEEDFORWARD,NOMINAL_FEEDFORWARD,NONE,FRESH,FRESH,STALE,STALE,1,48.99605387007229,111.00394612992771,62.00789225985542,19.238307373961717,-140.09013565234085,142.41901326222836,37.250686,126.674964,37.254138,126.680626
77.84999999999772,3,ACTIVE,NOMINAL_FEEDFORWARD,NOMINAL_FEEDFORWARD,NONE,FRESH,FRESH,STALE,STALE,1,48.99605387007229,111.00394612992771,62.00789225985542,19.238307373961717,-140.09013565234085,142.41901326222836,37.250686,126.674964,37.254138,126.680626
77.89999999999772,3,ACTIVE,NOMINAL_FEEDFORWARD,NOMINAL_FEEDFORWARD,NONE,FRESH,FRESH,STALE,STALE,1,48.99605387007229,111.00394612992771,62.00789225985542,19.238307373961717,-140.09013565234085,142.41901326222836,37.250686,126.674964,37.254138,126.680626
77.94999999999771,3,ACTIVE,NOMINAL_FEEDFORWARD,NOMINAL_FEEDFORWARD,NONE,FRESH,FRESH,STALE,STALE,1,48.99605387007229,111.00394612992771,62.00789225985542,19.238307373961717,-140.09013565234085,142.41901326222836,37.250686,126.674964,37.254138,126.680626
77.99999999999771,3,ACTIVE,NOMINAL_FEEDFORWARD,NOMINAL_FEEDFORWARD,NONE,FRESH,FRESH,STALE,STALE,1,48.99605387007229,111.00394612992771,62.00789225985542,19.238307373961717,-140.09013565234085,142.41901326222836,37.250686,126.674964,37.254138,126.680626
78.04999999999771,3,ACTIVE,NOMINAL_FEEDFORWARD,NOMINAL_FEEDFORWARD,NONE,FRESH,FRESH,STALE,STALE,1,48.99605387007229,111.00394612992771,62.00789225985542,19.238307373961717,-140.09013565234085,142.41901326222836,37.250686,126.674964,37.254138,126.680626
78.0999999999977,3,ACTIVE,NOMINAL_FEEDFORWARD,NOMINAL_FEEDFORWARD,NONE,FRESH,FRESH,STALE,STALE,1,48.99605387007229,111.00394612992771,62.00789225985542,19.238307373961717,-140.09013565234085,142.41901326222836,37.250686,126.674964,37.254138,126.680626
78.1499999999977,3,ACTIVE,NOMINAL_FEEDFORWARD,NOMINAL_FEEDFORWARD,NONE,FRESH,FRESH,STALE,STALE,1,48.99605387007229,111.00394612992771,62.00789225985542,19.238307373961717,-140.09013565234085,142.41901326222836,37.250686,126.674964,37.254138,126.680626
78.1999999999977,3,DEGRADED,DEGRADED_CLOSED_LOOP,DEGRADED_CLOSED_LOOP,NONE,FRESH,FRESHED,FRESH,FRESH,1,52.36016256554678,107.63983743445323,55.27967486890644,15.219299584343785,-140.09013565234085,142.41901326222836,37.250686,126.674964,37.254138,126.680626
78.2499999999977,3,DEGRADED,DEGRADED_CLOSED_LOOP,DEGRADED_CLOSED_LOOP,NONE,FRESH,FRESHED,FRESH,FRESH,1,52.35252791575461,107.6474720842454,55.29494416849079,15.219299584343785,-140.09013565234085,142.41901326222836,37.250686,126.674964,37.254138,126.680626
78.2999999999977,3,DEGRADED,DEGRADED_CLOSED_LOOP,DEGRADED_CLOSED_LOOP,NONE,FRESH,FRESHED,FRESH,FRESH,1,52.34489326596243,107.65510673403756,55.31021346807513,15.219299584343785,-140.09013565234085,142.41901326222836,37.250686,126.674964,37.254138,126.680626
78.34999999999769,3,DEGRADED,DEGRADED_CLOSED_LOOP,DEGRADED_CLOSED_LOOP,NONE,FRESH,FRESHED,FRESH,FRESH,1,52.33725861617026,107.66274138382974,55.32548276765947,15.219299584343785,-140.09013565234085,142.41901326222836,37.250686,126.674964,37.254138,126.680626
78.39999999999769,3,DEGRADED,DEGRADED_CLOSED_LOOP,DEGRADED_CLOSED_LOOP,NONE,FRESH,FRESHED,FRESH,FRESH,1,52.329623966378094,107.6703760336219,55.34075206724381,15.219299584343785,-140.09013565234085,142.41901326222836,37.250686,126.674964,37.254138,126.680626
78.44999999999769,3,DEGRADED,DEGRADED_FEEDFORWARD,DEGRADED_FEEDFORWARD,NONE,FRESH,FRESHED,STALE,FRESH,1,55.32962396637792,104.67037603362208,31.364541908268492,8.1996068061971,-140.09013565234085,142.41901326222836,37.250686,126.674964,37.254138,126.680626
78.49999999999768,3,DEGRADED,DEGRADED_FEEDFORWARD,DEGRADED_FEEDFORWARD,NONE,FRESH,FRESHED,STALE,FRESH,1,58.32962396637775,101.67037603362225,31.364541908268492,8.1996068061971,-140.09013565234085,142.41901326222836,37.250686,126.674964,37.254138,126.680626
78.54999999999768,3,DEGRADED,DEGRADED_FEEDFORWARD,DEGRADED_FEEDFORWARD,NONE,FRESH,FRESHED,STALE,FRESH,1,61.32962396637758,98.67037603362242,31.364541908268492,8.1996068061971,-140.09013565234085,142.41901326222836,37.250686,126.674964,37.254138,126.680626
78.59999999999768,3,DEGRADED,DEGRADED_FEEDFORWARD,DEGRADED_FEEDFORWARD,NONE,FRESH,FRESHED,STALE,FRESH,1,64.31772904586575,95.68227095413425,31.364541908268492,8.1996068061971,-140.09013565234085,142.41901326222836,37.250686,126.674964,37.254138,126.680626
78.64999999999768,3,DEGRADED,DEGRADED_FEEDFORWARD,DEGRADED_FEEDFORWARD,NONE,FRESH,FRESHED,STALE,FRESH,1,64.31772904586575,95.68227095413425,31.364541908268492,8.1996068061971,-140.09013565234085,142.41901326222836,37.250686,126.674964,37.254138,126.680626
78.69999999999767,3,DEGRADED,DEGRADED_FEEDFORWARD,DEGRADED_FEEDFORWARD,NONE,FRESH,FRESHED,STALE,FRESH,1,64.31772904586575,95.68227095413425,31.364541908268492,8.1996068061971,-140.09013565234085,142.41901326222836,37.250686,126.674964,37.254138,126.680626
78.74999999999767,3,DEGRADED,DEGRADED_FEEDFORWARD,DEGRADED_FEEDFORWARD,NONE,FRESH,FRESHED,STALE,STALE,1,64.31772904586575,95.68227095413425,31.364541908268492,8.1996068061971,-140.09013565234085,142.41901326222836,37.250686,126.674964,37.254138,126.680626
78.79999999999767,3,DEGRADED,DEGRADED_FEEDFORWARD,DEGRADED_FEEDFORWARD,NONE,FRESH,FRESHED,STALE,STALE,1,64.31772904586575,95.68227095413425,31.364541908268492,8.1996068061971,-140.09013565234085,142.41901326222836,37.250686,126.674964,37.254138,126.680626
78.84999999999766,3,DEGRADED,DEGRADED_FEEDFORWARD,DEGRADED_FEEDFORWARD,NONE,FRESH,FRESHED,STALE,STALE,1,64.31772904586575,95.68227095413425,31.364541908268492,8.1996068061971,-140.09013565234085,142.41901326222836,37.250686,126.674964,37.254138,126.680626
78.89999999999766,3,DEGRADED,DEGRADED_FEEDFORWARD,DEGRADED_FEEDFORWARD,NONE,FRESH,FRESHED,STALE,STALE,1,64.31772904586575,95.68227095413425,31.364541908268492,8.1996068061971,-140.09013565234085,142.41901326222836,37.250686,126.674964,37.254138,126.680626
78.94999999999766,3,DEGRADED,DEGRADED_FEEDFORWARD,DEGRADED_FEEDFORWARD,NONE,FRESH,FRESHED,STALE,STALE,1,64.31772904586575,95.68227095413425,31.364541908268492,8.1996068061971,-140.09013565234085,142.41901326222836,37.250686,126.674964,37.254138,126.680626
78.99999999999766,3,DEGRADED,DEGRADED_FEEDFORWARD,DEGRADED_FEEDFORWARD,NONE,FRESH,FRESHED,STALE,STALE,1,64.31772904586575,95.68227095413425,31.364541908268492,8.1996068061971,-140.09013565234085,142.41901326222836,37.250686,126.674964,37.254138,126.680626
79.04999999999765,3,DEGRADED,DEGRADED_FEEDFORWARD,DEGRADED_FEEDFORWARD,NONE,FRESH,FRESHED,STALE,STALE,1,64.31772904586575,95.68227095413425,31.364541908268492,8.1996068061971,-140.09013565234085,142.41901326222836,37.250686,126.674964,37.254138,126.680626
79.09999999999765,3,DEGRADED,DEGRADED_FEEDFORWARD,DEGRADED_FEEDFORWARD,NONE,FRESH,FRESHED,STALE,STALE,1,64.31772904586575,95.68227095413425,31.364541908268492,8.1996068061971,-140.09013565234085,142.41901326222836,37.250686,126.674964,37.254138,126.680626
79.14999999999765,3,DEGRADED,DEGRADED_FEEDFORWARD,DEGRADED_FEEDFORWARD,NONE,FRESH,FRESHED,STALE,STALE,1,64.31772904586575,95.68227095413425,31.364541908268492,8.1996068061971,-140.09013565234085,142.41901326222836,37.250686,126.674964,37.254138,126.680626
79.19999999999764,3,DEGRADED,DEGRADED_CLOSED_LOOP,DEGRADED_CLOSED_LOOP,NONE,FRESH,FRESHED,FRESH,FRESH,1,60.817729045865946,99.18227095413405,62.12611958447493,17.892086890606084,-140.09013565234085,142.41901326222836,37.250686,126.674964,37.254138,126.680626
79.24999999999764,3,DEGRADED,DEGRADED_CLOSED_LOOP,DEGRADED_CLOSED_LOOP,NONE,FRESH,FRESHED,FRESH,FRESH,1,57.317729045866145,102.68227095413386,62.14445167136553,17.892086890606084,-140.09013565234085,142.41901326222836,37.250686,126.674964,37.254138,126.680626
79.29999999999764,3,DEGRADED,DEGRADED_CLOSED_LOOP,DEGRADED_CLOSED_LOOP,NONE,FRESH,FRESHED,FRESH,FRESH,1,53.81772904586634,106.18227095413366,62.16278375825614,17.892086890606084,-140.09013565234085,142.41901326222836,37.250686,126.674964,37.254138,126.680626
79.34999999999764,3,DEGRADED,DEGRADED_CLOSED_LOOP,DEGRADED_CLOSED_LOOP,NONE,FRESH,FRESHED,FRESH,FRESH,1,50.31772904586654,109.68227095413346,62.18111584514674,17.892086890606084,-140.09013565234085,142.41901326222836,37.250686,126.674964,37.254138,126.680626
79.39999999999763,3,DEGRADED,DEGRADED_CLOSED_LOOP,DEGRADED_CLOSED_LOOP,NONE,FRESH,FRESHED,FRESH,FRESH,1,48.90027603398133,111.09972396601867,62.199447932037344,17.892086890606084,-140.09013565234085,142.41901326222836,37.250686,126.674964,37.254138,126.680626
79.44999999999763,3,DEGRADED,DEGRADED_FEEDFORWARD,DEGRADED_FEEDFORWARD,NONE,FRESH,FRESHED,STALE,FRESH,1,51.90027603398116,108.09972396601884,34.988519063242876,9.819067756281497,-140.09013565234085,142.41901326222836,37.250686,126.674964,37.254138,126.680626
79.49999999999763,3,DEGRADED,DEGRADED_FEEDFORWARD,DEGRADED_FEEDFORWARD,NONE,FRESH,FRESHED,STALE,FRESH,1,54.90027603398099,105.09972396601901,34.988519063242876,9.819067756281497,-140.09013565234085,142.41901326222836,37.250686,126.674964,37.254138,126.680626
79.54999999999762,3,DEGRADED,DEGRADED_FEEDFORWARD,DEGRADED_FEEDFORWARD,NONE,FRESH,FRESHED,STALE,FRESH,1,57.900276033980816,102.09972396601918,34.988519063242876,9.819067756281497,-140.09013565234085,142.41901326222836,37.250686,126.674964,37.254138,126.680626
79.59999999999762,3,DEGRADED,DEGRADED_FEEDFORWARD,DEGRADED_FEEDFORWARD,NONE,FRESH,FRESHED,STALE,FRESH,1,60.900276033980646,99.09972396601935,34.988519063242876,9.819067756281497,-140.09013565234085,142.41901326222836,37.250686,126.674964,37.254138,126.680626
79.64999999999762,3,DEGRADED,DEGRADED_FEEDFORWARD,DEGRADED_FEEDFORWARD,NONE,FRESH,FRESHED,STALE,FRESH,1,62.50574046837856,97.49425953162144,34.988519063242876,9.819067756281497,-140.09013565234085,142.41901326222836,37.250686,126.674964,37.254138,126.680626
79.69999999999762,3,DEGRADED,DEGRADED_FEEDFORWARD,DEGRADED_FEEDFORWARD,NONE,FRESH,FRESHED,STALE,FRESH,1,62.50574046837856,97.49425953162144,34.988519063242876,9.819067756281497,-140.09013565234085,142.41901326222836,37.250686,126.674964,37.254138,126.680626
79.74999999999761,3,DEGRADED,DEGRADED_FEEDFORWARD,DEGRADED_FEEDFORWARD,NONE,FRESH,FRESHED,STALE,STALE,1,62.50574046837856,97.49425953162144,34.988519063242876,9.819067756281497,-140.09013565234085,142.41901326222836,37.250686,126.674964,37.254138,126.680626
79.79999999999761,3,DEGRADED,DEGRADED_FEEDFORWARD,DEGRADED_FEEDFORWARD,NONE,FRESH,FRESHED,STALE,STALE,1,62.50574046837856,97.49425953162144,34.988519063242876,9.819067756281497,-140.09013565234085,142.41901326222836,37.250686,126.674964,37.254138,126.680626
79.8499999999976,3,DEGRADED,DEGRADED_FEEDFORWARD,DEGRADED_FEEDFORWARD,NONE,FRESH,FRESHED,STALE,STALE,1,62.50574046837856,97.49425953162144,34.988519063242876,9.819067756281497,-140.09013565234085,142.41901326222836,37.250686,126.674964,37.254138,126.680626
79.8999999999976,3,DEGRADED,DEGRADED_FEEDFORWARD,DEGRADED_FEEDFORWARD,NONE,FRESH,FRESHED,STALE,STALE,1,62.50574046837856,97.49425953162144,34.988519063242876,9.819067756281497,-140.09013565234085,142.41901326222836,37.250686,126.674964,37.254138,126.680626
79.9499999999976,3,DEGRADED,DEGRADED_FEEDFORWARD,DEGRADED_FEEDFORWARD,NONE,FRESH,FRESHED,STALE,STALE,1,62.50574046837856,97.49425953162144,34.988519063242876,9.819067756281497,-140.09013565234085,142.41901326222836,37.250686,126.674964,37.254138,126.680626
79.9999999999976,3,DEGRADED,DEGRADED_FEEDFORWARD,DEGRADED_FEEDFORWARD,NONE,FRESH,FRESHED,STALE,STALE,1,62.50574046837856,97.49425953162144,34.988519063242876,9.819067756281497,-140.09013565234085,142.41901326222836,37.250686,126.674964,37.254138,126.680626
80.0499999999976,3,DEGRADED,DEGRADED_FEEDFORWARD,DEGRADED_FEEDFORWARD,NONE,FRESH,FRESHED,STALE,STALE,1,62.50574046837856,97.49425953162144,34.988519063242876,9.819067756281497,-140.09013565234085,142.41901326222836,37.250686,126.674964,37.254138,126.680626
80.09999999999759,3,DEGRADED,DEGRADED_FEEDFORWARD,DEGRADED_FEEDFORWARD,NONE,FRESH,FRESHED,STALE,STALE,1,62.50574046837856,97.49425953162144,34.988519063242876,9.819067756281497,-140.09013565234085,142.41901326222836,37.250686,126.674964,37.254138,126.680626
80.14999999999759,3,DEGRADED,DEGRADED_FEEDFORWARD,DEGRADED_FEEDFORWARD,NONE,FRESH,FRESHED,STALE,STALE,1,62.50574046837856,97.49425953162144,34.988519063242876,9.819067756281497,-140.09013565234085,142.41901326222836,37.250686,126.674964,37.254138,126.680626
80.19999999999759,3,DEGRADED,DEGRADED_CLOSED_LOOP,DEGRADED_CLOSED_LOOP,NONE,FRESHED,FRESHED,FRESH,FRESH,1,59.00574046837876,100.99425953162124,62.061236490979276,17.87196203660695,-137.94378439197206,145.1603282815384,37.250686,126.674964,37.254138,126.680626
80.24999999999758,3,DEGRADED,DEGRADED_CLOSED_LOOP,DEGRADED_CLOSED_LOOP,NONE,FRESHED,FRESHED,FRESH,FRESH,1,55.50574046837896,104.49425953162104,62.07696006764927,17.87093873255176,-137.83646682848402,145.2973940328572,37.250686,126.674964,37.254138,126.680626
80.29999999999758,3,DEGRADED,DEGRADED_CLOSED_LOOP,DEGRADED_CLOSED_LOOP,NONE,FRESHED,FRESHED,FRESH,FRESH,1,52.00574046837916,107.99425953162084,62.09267849403304,17.869913774863768,-137.72914926576078,145.43445978317737,37.250686,126.674964,37.254138,126.680626
80.34999999999758,3,DEGRADED,DEGRADED_CLOSED_LOOP,DEGRADED_CLOSED_LOOP,NONE,FRESHED,FRESHED,FRESH,FRESH,1,48.945804120785766,111.05419587921423,62.10839175842847,17.868887159541764,-137.62183170289993,145.57152553497656,37.250686,126.674964,37.254138,126.680626
80.39999999999758,3,DEGRADED,DEGRADED_CLOSED_LOOP,DEGRADED_CLOSED_LOOP,NONE,FRESHED,FRESHED,FRESH,FRESH,1,48.9379500754376,111.0620499245624,62.1240998491248,17.8678588825829,-137.51451414017671,145.7085912852968,37.250686,126.674964,37.254138,126.680626
80.44999999999757,3,DEGRADED,DEGRADED_FEEDFORWARD,DEGRADED_FEEDFORWARD,NONE,FRESHED,FRESHED,STALE,FRESH,1,51.93795007543743,108.06204992456257,34.94588677770266,9.799683281632028,-137.40719657668868,145.84565703661556,37.250686,126.674964,37.254138,126.680626
80.49999999999757,3,DEGRADED,DEGRADED_FEEDFORWARD,DEGRADED_FEEDFORWARD,NONE,FRESHED,FRESHED,STALE,FRESH,1,54.93795007543726,105.06204992456274,34.94414496744605,9.798891460830731,-137.29987901396544,145.98272278693577,37.250686,126.674964,37.254138,126.680626
80.54999999999757,3,DEGRADED,DEGRADED_FEEDFORWARD,DEGRADED_FEEDFORWARD,NONE,FRESHED,FRESHED,STALE,FRESH,1,57.93795007543709,102.06204992456291,34.942400285983226,9.798098347617623,-137.19256145047734,146.11978853825454,37.250686,126.674964,37.254138,126.680626
80.59999999999756,3,DEGRADED,DEGRADED_FEEDFORWARD,DEGRADED_FEEDFORWARD,NONE,FRESHED,FRESHED,STALE,FRESH,1,60.937950075436916,99.06204992456308,34.94065272629758,9.79730393886713,-137.08524388838137,146.25685428905518,37.250686,126.674964,37.254138,126.680626
80.64999999999756,3,DEGRADED,DEGRADED_FEEDFORWARD,DEGRADED_FEEDFORWARD,NONE,FRESHED,FRESHED,STALE,FRESH,1,62.53054885936541,97.46945114063459,34.93890228126918,9.79650823140701,-136.9779263248933,146.39392004037393,37.250686,126.674964,37.254138,126.680626
80.69999999999756,3,DEGRADED,DEGRADED_FEEDFORWARD,DEGRADED_FEEDFORWARD,NONE,FRESHED,FRESHED,STALE,FRESH,1,62.53142552808849,97.46857447191151,34.93714894382301,9.795711222085766,-136.87060876140526,146.5309857916927,37.250686,126.674964,37.254138,126.680626
80.74999999999756,3,DEGRADED,DEGRADED_FEEDFORWARD,DEGRADED_FEEDFORWARD,NONE,FRESHED,FRESHED,STALE,STALE,1,62.532303646574604,97.4676963534254,34.93539270685079,9.794912907737103,-136.76329119868203,146.66805154201293,37.250686,126.674964,37.254138,126.680626
80.79999999999755,3,DEGRADED,DEGRADED_FEEDFORWARD,DEGRADED_FEEDFORWARD,NONE,FRESHED,FRESHED,STALE,STALE,1,62.53318321840827,97.46681678159173,34.93363356318346,9.794113285167432,-136.65597363519396,146.80511729333168,37.250686,126.674964,37.254138,126.680626
80.84999999999755,3,DEGRADED,DEGRADED_FEEDFORWARD,DEGRADED_FEEDFORWARD,NONE,FRESHED,FRESHED,STALE,STALE,1,62.534064247155484,97.46593575284452,34.93187150568903,9.79331235120032,-136.54865607309796,146.94218304413232,37.250686,126.674964,37.254138,126.680626
80.89999999999755,3,DEGRADED,DEGRADED_FEEDFORWARD,DEGRADED_FEEDFORWARD,NONE,FRESHED,FRESHED,STALE,STALE,1,62.53494673643448,97.46505326356552,34.930106527131045,9.79251010261219,-136.44133850960992,147.0792487954511,37.250686,126.674964,37.254138,126.680626
80.94999999999754,3,DEGRADED,DEGRADED_FEEDFORWARD,DEGRADED_FEEDFORWARD,NONE,FRESHED,FRESHED,STALE,STALE,1,62.53583068983469,97.46416931016532,34.92833862033062,9.791706536205961,-136.33402094688665,147.21631454577127,37.250686,126.674964,37.254138,126.680626
80.99999999999754,3,DEGRADED,DEGRADED_FEEDFORWARD,DEGRADED_FEEDFORWARD,NONE,FRESHED,FRESHED,STALE,STALE,1,62.53671611098766,97.46328388901233,34.926567778024676,9.790901648746612,-136.22670338339861,147.35338029709007,37.250686,126.674964,37.254138,126.680626
81.04999999999754,3,DEGRADED,DEGRADED_FEEDFORWARD,DEGRADED_FEEDFORWARD,NONE,FRESHED,FRESHED,STALE,STALE,1,62.53760300351158,97.46239699648842,34.924793992976845,9.790095437011592,-136.11938582067535,147.49044604741027,37.250686,126.674964,37.254138,126.680626
81.09999999999754,3,DEGRADED,DEGRADED_FEEDFORWARD,DEGRADED_FEEDFORWARD,NONE,FRESHED,FRESHED,STALE,STALE,1,62.53849137105658,97.46150862894342,34.92301725788684,9.789287897749634,-136.01206825781455,147.62751179920946,37.250686,126.674964,37.254138,126.680626
81.14999999999753,3,DEGRADED,DEGRADED_FEEDFORWARD,DEGRADED_FEEDFORWARD,NONE,FRESHED,FRESHED,STALE,STALE,1,62.53938121727505,97.46061878272495,34.9212375654499,9.788479027707773,-135.90475069509134,147.7645775495297,37.250686,126.674964,37.254138,126.680626
81.19999999999753,3,DEGRADED,DEGRADED_CLOSED_LOOP,DEGRADED_CLOSED_LOOP,NONE,FRESHED,FRESHED,FRESH,FRESH,1,59.03938121727525,100.96061878272475,61.9194426037631,17.851177149515614,-135.79743313160324,147.90164330084843,37.250686,126.674964,37.254138,126.680626
81.24999999999753,3,DEGRADED,DEGRADED_CLOSED_LOOP,DEGRADED_CLOSED_LOOP,NONE,FRESHED,FRESHED,FRESH,FRESH,1,55.53938121727545,104.46061878272455,51.5185947705736,13.741648124258372,-126.91672978714018,159.2440489918409,37.250686,126.674964,37.254138,126.680626
81.29999999999752,3,DEGRADED,DEGRADED_CLOSED_LOOP,DEGRADED_CLOSED_LOOP,NONE,FRESHED,FRESHED,FRESH,FRESH,1,54.233766790651075,105.76623320934893,51.53246641869785,13.741648124258372,-126.59542720487516,159.65441571684886,37.250686,126.674964,37.254138,126.680626
81.34999999999752,3,DEGRADED,DEGRADED_CLOSED_LOOP,DEGRADED_CLOSED_LOOP,NONE,FRESHED,FRESHED,FRESH,FRESH,1,54.22683096658894,105.77316903341105,51.546338066822116,13.741648124258372,-126.27412462261016,160.06478244185683,37.250686,126.674964,37.254138,126.680626
81.39999999999752,3,DEGRADED,DEGRADED_CLOSED_LOOP,DEGRADED_CLOSED_LOOP,NONE,FRESHED,FRESHED,FRESH,FRESH,1,54.219895142526816,105.78010485747319,51.56020971494637,13.741648124258372,-125.95282204034515,160.47514916686478,37.250686,126.674964,37.254138,126.680626
81.44999999999752,3,DEGRADED,DEGRADED_FEEDFORWARD,DEGRADED_FEEDFORWARD,NONE,FRESHED,FRESHED,STALE,FRESH,1,57.219895142526646,102.78010485747336,29.41265991998809,7.352494587272797,-125.63151945870737,160.88551589235317,37.250686,126.674964,37.254138,126.680626
81.49999999999751,3,DEGRADED,DEGRADED_FEEDFORWARD,DEGRADED_FEEDFORWARD,NONE,FRESHED,FRESHED,STALE,FRESH,1,60.219895142526475,99.78010485747353,29.391092275847836,7.343238613418149,-125.31021687644237,161.29588261736114,37.250686,126.674964,37.254138,126.680626
81.54999999999751,3,DEGRADED,DEGRADED_FEEDFORWARD,DEGRADED_FEEDFORWARD,NONE,FRESHED,FRESHED,STALE,FRESH,1,63.219895142526305,96.7801048574737,29.369409473033205,7.33393556956556,-124.98891429417739,161.7062493423691,37.250686,126.674964,37.254138,126.680626
81.59999999999751,3,DEGRADED,DEGRADED_FEEDFORWARD,DEGRADED_FEEDFORWARD,NONE,FRESHED,FRESHED,STALE,FRESH,1,65.32619468412514,94.67380531587486,29.347610631749724,7.324585117757141,-124.66761171191237,162.11661606737704,37.250686,126.674964,37.254138,126.680626
81.6499999999975,3,DEGRADED,DEGRADED_FEEDFORWARD,DEGRADED_FEEDFORWARD,NONE,FRESHED,FRESHED,STALE,FRESH,1,65.33715256815124,94.66284743184876,29.32569486369753,7.315186917036001,-124.34630913103943,162.52698279186689,37.250686,126.674964,37.254138,126.680626
81.6999999999975,3,DEGRADED,DEGRADED_FEEDFORWARD,DEGRADED_FEEDFORWARD,NONE,FRESHED,FRESHED,STALE,FRESH,1,65.34816936420512,94.65183063579488,29.303661271589746,7.305740623251353,-124.02500654877446,162.93734951687486,37.250686,126.674964,37.254138,126.680626
81.7499999999975,3,DEGRADED,DEGRADED_FEEDFORWARD,DEGRADED_FEEDFORWARD,NONE,FRESHED,FRESHED,STALE,STALE,1,65.35924552519022,94.64075447480978,29.281508949619564,7.296245889270671,-123.70370396650944,163.3477162418828,37.250686,126.674964,37.254138,126.680626
81.7999999999975,3,DEGRADED,DEGRADED_FEEDFORWARD,DEGRADED_FEEDFORWARD,NONE,FRESHED,FRESHED,STALE,STALE,1,65.37038150851163,94.62961849148837,29.259236982976734,7.286702364784438,-123.38240138424445,163.75808296689075,37.250686,126.674964,37.254138,126.680626
81.8499999999975,3,DEGRADED,DEGRADED_FEEDFORWARD,DEGRADED_FEEDFORWARD,NONE,FRESHED,FRESHED,STALE,STALE,1,65.3815777760597,94.6184222239403,29.23684444788061,7.277109696332629,-123.0610988026067,164.16844969237917,37.250686,126.674964,37.254138,126.680626
81.89999999999749,3,DEGRADED,DEGRADED_FEEDFORWARD,DEGRADED_FEEDFORWARD,NONE,FRESHED,FRESHED,STALE,STALE,1,65.39283479435095,94.60716520564905,29.2143304112981,7.267467527196429,-122.73979622034162,164.5788164173871,37.250686,126.674964,37.254138,126.680626
81.94999999999749,3,DEGRADED,DEGRADED_FEEDFORWARD,DEGRADED_FEEDFORWARD,NONE,FRESHED,FRESHED,STALE,STALE,1,65.4041530344513,94.5958469655487,29.19169393109741,7.257775497476889,-122.41849363807665,164.98918314239506,37.250686,126.674964,37.254138,126.680626
81.99999999999748,3,DEGRADED,DEGRADED_FEEDFORWARD,DEGRADED_FEEDFORWARD,NONE,FRESHED,FRESHED,STALE,STALE,1,65.41553297211824,94.58446702788176,29.168934055763508,7.248033243986057,-122.09719105581166,165.39954986740304,37.250686,126.674964,37.254138,126.680626
82.04999999999748,3,DEGRADED,DEGRADED_FEEDFORWARD,DEGRADED_FEEDFORWARD,NONE,FRESHED,FRESHED,STALE,STALE,1,65.4269750878125,94.5730249121875,29.146049824375005,7.238240400250387,-121.77588847417385,165.8099165928914,37.250686,126.674964,37.254138,126.680626
82.09999999999748,3,DEGRADED,DEGRADED_FEEDFORWARD,DEGRADED_FEEDFORWARD,NONE,FRESHED,FRESHED,STALE,STALE,1,65.43847986684389,94.56152013315611,29.12304026631221,7.228396596399307,-121.45458589190888,166.2202833178994,37.250686,126.674964,37.254138,126.680626
82.14999999999748,3,DEGRADED,DEGRADED_FEEDFORWARD,DEGRADED_FEEDFORWARD,NONE,FRESHED,FRESHED,STALE,STALE,1,65.45004779929474,94.54995220070526,29.099904401410516,7.218501459244678,-121.1332833096439,166.63065004290735,37.250686,126.674964,37.254138,126.680626
82.19999999999747,3,ACTIVE,NOMINAL_CLOSED_LOOP,NOMINAL_CLOSED_LOOP,NONE,FRESH,FRESH,FRESH,FRESH,1,60.45004779929502,99.54995220070498,80.40013488710207,23.76013455343634,-126.50210727940342,168.02278764967915,37.250686,126.674964,37.254138,126.680626
82.24999999999747,3,ACTIVE,NOMINAL_CLOSED_LOOP,NOMINAL_CLOSED_LOOP,NONE,FRESH,FRESH,FRESH,FRESH,1,55.450047799295305,104.5499522007047,80.42331502165551,23.76013455343634,-126.50210727940342,168.02278764967915,37.250686,126.674964,37.254138,126.680626
82.29999999999747,3,ACTIVE,NOMINAL_CLOSED_LOOP,NOMINAL_CLOSED_LOOP,NONE,FRESH,FRESH,FRESH,FRESH,1,50.45004779929559,109.54995220070441,80.44649515620894,23.76013455343634,-126.50210727940342,168.02278764967915,37.250686,126.674964,37.254138,126.680626
82.34999999999746,3,ACTIVE,NOMINAL_CLOSED_LOOP,NOMINAL_CLOSED_LOOP,NONE,FRESH,FRESH,FRESH,FRESH,1,45.450047799295874,114.54995220070413,80.46967529076238,23.76013455343634,-126.50210727940342,168.02278764967915,37.250686,126.674964,37.254138,126.680626
82.39999999999746,3,ACTIVE,NOMINAL_CLOSED_LOOP,NOMINAL_CLOSED_LOOP,NONE,FRESH,FRESH,FRESH,FRESH,1,40.45004779929616,119.54995220070384,80.49285542531581,23.76013455343634,-126.50210727940342,168.02278764967915,37.250686,126.674964,37.254138,126.680626
82.44999999999746,3,ACTIVE,NOMINAL_FEEDFORWARD,NOMINAL_FEEDFORWARD,NONE,FRESH,FRESH,STALE,FRESH,1,44.9500477992959,115.0499522007041,65.46577924754094,20.7901177342568,-126.50210727940342,168.02278764967915,37.250686,126.674964,37.254138,126.680626
82.49999999999746,3,ACTIVE,NOMINAL_FEEDFORWARD,NOMINAL_FEEDFORWARD,NONE,FRESH,FRESH,STALE,FRESH,1,47.26711037622953,112.73288962377046,65.46577924754094,20.7901177342568,-126.50210727940342,168.02278764967915,37.250686,126.674964,37.254138,126.680626
82.54999999999745,3,ACTIVE,NOMINAL_FEEDFORWARD,NOMINAL_FEEDFORWARD,NONE,FRESH,FRESH,STALE,FRESH,1,47.26711037622953,112.73288962377046,65.46577924754094,20.7901177342568,-126.50210727940342,168.02278764967915,37.250686,126.674964,37.254138,126.680626
82.59999999999745,3,ACTIVE,NOMINAL_FEEDFORWARD,NOMINAL_FEEDFORWARD,NONE,FRESH,FRESH,STALE,FRESH,1,47.26711037622953,112.73288962377046,65.46577924754094,20.7901177342568,-126.50210727940342,168.02278764967915,37.250686,126.674964,37.254138,126.680626
82.64999999999745,3,ACTIVE,NOMINAL_FEEDFORWARD,NOMINAL_FEEDFORWARD,NONE,FRESH,FRESH,STALE,FRESH,1,47.26711037622953,112.73288962377046,65.46577924754094,20.7901177342568,-126.50210727940342,168.02278764967915,37.250686,126.674964,37.254138,126.680626
82.69999999999744,3,ACTIVE,NOMINAL_FEEDFORWARD,NOMINAL_FEEDFORWARD,NONE,FRESH,FRESH,STALE,FRESH,1,47.26711037622953,112.73288962377046,65.46577924754094,20.7901177342568,-126.50210727940342,168.02278764967915,37.250686,126.674964,37.254138,126.680626
82.74999999999744,3,ACTIVE,NOMINAL_FEEDFORWARD,NOMINAL_FEEDFORWARD,NONE,FRESH,FRESH,STALE,STALE,1,47.26711037622953,112.73288962377046,65.46577924754094,20.7901177342568,-126.50210727940342,168.02278764967915,37.250686,126.674964,37.254138,126.680626
82.79999999999744,3,ACTIVE,NOMINAL_FEEDFORWARD,NOMINAL_FEEDFORWARD,NONE,FRESH,FRESH,STALE,STALE,1,47.26711037622953,112.73288962377046,65.46577924754094,20.7901177342568,-126.50210727940342,168.02278764967915,37.250686,126.674964,37.254138,126.680626
82.84999999999744,3,ACTIVE,NOMINAL_FEEDFORWARD,NOMINAL_FEEDFORWARD,NONE,FRESH,FRESH,STALE,STALE,1,47.26711037622953,112.73288962377046,65.46577924754094,20.7901177342568,-126.50210727940342,168.02278764967915,37.250686,126.674964,37.254138,126.680626
82.89999999999743,3,ACTIVE,NOMINAL_FEEDFORWARD,NOMINAL_FEEDFORWARD,NONE,FRESH,FRESH,STALE,STALE,1,47.26711037622953,112.73288962377046,65.46577924754094,20.7901177342568,-126.50210727940342,168.02278764967915,37.250686,126.674964,37.254138,126.680626
82.94999999999743,3,ACTIVE,NOMINAL_FEEDFORWARD,NOMINAL_FEEDFORWARD,NONE,FRESH,FRESH,STALE,STALE,1,47.26711037622953,112.73288962377046,65.46577924754094,20.7901177342568,-126.50210727940342,168.02278764967915,37.250686,126.674964,37.254138,126.680626
82.99999999999743,3,ACTIVE,NOMINAL_FEEDFORWARD,NOMINAL_FEEDFORWARD,NONE,FRESH,FRESH,STALE,STALE,1,47.26711037622953,112.73288962377046,65.46577924754094,20.7901177342568,-126.50210727940342,168.02278764967915,37.250686,126.674964,37.254138,126.680626
83.04999999999742,3,ACTIVE,NOMINAL_FEEDFORWARD,NOMINAL_FEEDFORWARD,NONE,FRESH,FRESH,STALE,STALE,1,47.26711037622953,112.73288962377046,65.46577924754094,20.7901177342568,-126.50210727940342,168.02278764967915,37.250686,126.674964,37.254138,126.680626
83.09999999999742,3,ACTIVE,NOMINAL_FEEDFORWARD,NOMINAL_FEEDFORWARD,NONE,FRESH,FRESH,STALE,STALE,1,47.26711037622953,112.73288962377046,65.46577924754094,20.7901177342568,-126.50210727940342,168.02278764967915,37.250686,126.674964,37.254138,126.680626
83.14999999999742,3,ACTIVE,NOMINAL_FEEDFORWARD,NOMINAL_FEEDFORWARD,NONE,FRESH,FRESH,STALE,STALE,1,47.26711037622953,112.73288962377046,65.46577924754094,20.7901177342568,-126.50210727940342,168.02278764967915,37.250686,126.674964,37.254138,126.680626
83.19999999999742,3,DEGRADED,DEGRADED_CLOSED_LOOP,DEGRADED_CLOSED_LOOP,NONE,FRESH,FRESHED,FRESH,FRESH,1,50.76711037622933,109.23288962377066,54.13021922578266,14.825034611733074,-126.50210727940342,168.02278764967915,37.250686,126.674964,37.254138,126.680626
83.24999999999741,3,DEGRADED,DEGRADED_CLOSED_LOOP,DEGRADED_CLOSED_LOOP,NONE,FRESH,FRESHED,FRESH,FRESH,1,52.9276578698028,107.0723421301972,54.1446842603944,14.825034611733074,-126.50210727940342,168.02278764967915,37.250686,126.674964,37.254138,126.680626
83.29999999999741,3,DEGRADED,DEGRADED_CLOSED_LOOP,DEGRADED_CLOSED_LOOP,NONE,FRESH,FRESHED,FRESH,FRESH,1,52.920425352496935,107.07957464750307,54.15914929500613,14.825034611733074,-126.50210727940342,168.02278764967915,37.250686,126.674964,37.254138,126.680626
83.34999999999741,3,DEGRADED,DEGRADED_CLOSED_LOOP,DEGRADED_CLOSED_LOOP,NONE,FRESH,FRESHED,FRESH,FRESH,1,52.91319283519107,107.08680716480893,54.17361432961786,14.825034611733074,-126.50210727940342,168.02278764967915,37.250686,126.674964,37.254138,126.680626
83.3999999999974,3,DEGRADED,DEGRADED_CLOSED_LOOP,DEGRADED_CLOSED_LOOP,NONE,FRESH,FRESHED,FRESH,FRESH,1,52.9059603178852,107.0940396821148,54.188079364229594,14.825034611733074,-126.50210727940342,168.02278764967915,37.250686,126.674964,37.254138,126.680626
83.4499999999974,3,DEGRADED,DEGRADED_FEEDFORWARD,DEGRADED_FEEDFORWARD,NONE,FRESH,FRESHED,STALE,FRESH,1,55.90596031788503,104.09403968211497,34.30581964476748,9.509577822288136,-126.50210727940342,168.02278764967915,37.250686,126.674964,37.254138,126.680626
83.4999999999974,3,DEGRADED,DEGRADED_FEEDFORWARD,DEGRADED_FEEDFORWARD,NONE,FRESH,FRESHED,STALE,FRESH,1,58.90596031788486,101.09403968211514,34.30581964476748,9.509577822288136,-126.50210727940342,168.02278764967915,37.250686,126.674964,37.254138,126.680626
83.5499999999974,3,DEGRADED,DEGRADED_FEEDFORWARD,DEGRADED_FEEDFORWARD,NONE,FRESH,FRESHED,STALE,FRESH,1,61.90596031788469,98.09403968211531,34.30581964476748,9.509577822288136,-126.50210727940342,168.02278764967915,37.250686,126.674964,37.254138,126.680626
83.5999999999974,3,DEGRADED,DEGRADED_FEEDFORWARD,DEGRADED_FEEDFORWARD,NONE,FRESH,FRESHED,STALE,FRESH,1,62.84709017761626,97.15290982238375,34.30581964476748,9.509577822288136,-126.50210727940342,168.02278764967915,37.250686,126.674964,37.254138,126.680626
83.64999999999739,3,DEGRADED,DEGRADED_FEEDFORWARD,DEGRADED_FEEDFORWARD,NONE,FRESH,FRESHED,STALE,FRESH,1,62.84709017761626,97.15290982238375,34.30581964476748,9.509577822288136,-126.50210727940342,168.02278764967915,37.250686,126.674964,37.254138,126.680626
83.69999999999739,3,DEGRADED,DEGRADED_FEEDFORWARD,DEGRADED_FEEDFORWARD,NONE,FRESH,FRESHED,STALE,FRESH,1,62.84709017761626,97.15290982238375,34.30581964476748,9.509577822288136,-126.50210727940342,168.02278764967915,37.250686,126.674964,37.254138,126.680626
83.74999999999739,3,DEGRADED,DEGRADED_FEEDFORWARD,DEGRADED_FEEDFORWARD,NONE,FRESH,FRESHED,STALE,STALE,1,62.84709017761626,97.15290982238375,34.30581964476748,9.509577822288136,-126.50210727940342,168.02278764967915,37.250686,126.674964,37.254138,126.680626
83.79999999999738,3,DEGRADED,DEGRADED_FEEDFORWARD,DEGRADED_FEEDFORWARD,NONE,FRESH,FRESHED,STALE,STALE,1,62.84709017761626,97.15290982238375,34.30581964476748,9.509577822288136,-126.50210727940342,168.02278764967915,37.250686,126.674964,37.254138,126.680626
83.84999999999738,3,DEGRADED,DEGRADED_FEEDFORWARD,DEGRADED_FEEDFORWARD,NONE,FRESH,FRESHED,STALE,STALE,1,62.84709017761626,97.15290982238375,34.30581964476748,9.509577822288136,-126.50210727940342,168.02278764967915,37.250686,126.674964,37.254138,126.680626
83.89999999999738,3,DEGRADED,DEGRADED_FEEDFORWARD,DEGRADED_FEEDFORWARD,NONE,FRESH,FRESHED,STALE,STALE,1,62.84709017761626,97.15290982238375,34.30581964476748,9.509577822288136,-126.50210727940342,168.02278764967915,37.250686,126.674964,37.254138,126.680626
83.94999999999737,3,DEGRADED,DEGRADED_FEEDFORWARD,DEGRADED_FEEDFORWARD,NONE,FRESH,FRESHED,STALE,STALE,1,62.84709017761626,97.15290982238375,34.30581964476748,9.509577822288136,-126.50210727940342,168.02278764967915,37.250686,126.674964,37.254138,126.680626
83.99999999999737,3,DEGRADED,DEGRADED_FEEDFORWARD,DEGRADED_FEEDFORWARD,NONE,FRESH,FRESHED,STALE,STALE,1,62.84709017761626,97.15290982238375,34.30581964476748,9.509577822288136,-126.50210727940342,168.02278764967915,37.250686,126.674964,37.254138,126.680626
84.04999999999737,3,DEGRADED,DEGRADED_FEEDFORWARD,DEGRADED_FEEDFORWARD,NONE,FRESH,FRESHED,STALE,STALE,1,62.84709017761626,97.15290982238375,34.30581964476748,9.509577822288136,-126.50210727940342,168.02278764967915,37.250686,126.674964,37.254138,126.680626
84.09999999999737,3,DEGRADED,DEGRADED_FEEDFORWARD,DEGRADED_FEEDFORWARD,NONE,FRESH,FRESHED,STALE,STALE,1,62.84709017761626,97.15290982238375,34.30581964476748,9.509577822288136,-126.50210727940342,168.02278764967915,37.250686,126.674964,37.254138,126.680626
84.14999999999736,3,DEGRADED,DEGRADED_FEEDFORWARD,DEGRADED_FEEDFORWARD,NONE,FRESH,FRESHED,STALE,STALE,1,62.84709017761626,97.15290982238375,34.30581964476748,9.509577822288136,-126.50210727940342,168.02278764967915,37.250686,126.674964,37.254138,126.680626
84.19999999999736,3,DEGRADED,DEGRADED_CLOSED_LOOP,DEGRADED_CLOSED_LOOP,NONE,FRESHED,FRESHED,FRESH,FRESH,1,59.34709017761646,100.65290982238355,54.24480747464342,14.850084095897715,-121.98043742533198,176.543000125705,37.250686,126.674964,37.254138,126.680626
84.24999999999736,3,DEGRADED,DEGRADED_CLOSED_LOOP,DEGRADED_CLOSED_LOOP,NONE,FRESHED,FRESHED,FRESH,FRESH,1,55.84709017761666,104.15290982238335,54.25947755873932,14.850084095897715,-121.7543539325099,176.9690107493363,37.250686,126.674964,37.254138,126.680626
84.29999999999735,3,DEGRADED,DEGRADED_CLOSED_LOOP,DEGRADED_CLOSED_LOOP,NONE,FRESHED,FRESHED,FRESH,FRESH,1,52.86292617858239,107.1370738214176,54.27414764283522,14.850084095897715,-121.52827043968773,177.39502137296756,37.250686,126.674964,37.254138,126.680626
84.34999999999735,3,DEGRADED,DEGRADED_CLOSED_LOOP,DEGRADED_CLOSED_LOOP,NONE,FRESHED,FRESHED,FRESH,FRESH,1,52.85559113653444,107.14440886346556,54.288817726931114,14.850084095897715,-121.30218694749283,177.82103199707922,37.250686,126.674964,37.254138,126.680626
84.39999999999735,3,DEGRADED,DEGRADED_CLOSED_LOOP,DEGRADED_CLOSED_LOOP,NONE,FRESHED,FRESHED,FRESH,FRESH,1,52.848256094486494,107.15174390551351,54.30348781102701,14.850084095897715,-121.07610345467072,178.2470426207105,37.250686,126.674964,37.254138,126.680626
84.44999999999735,3,DEGRADED,DEGRADED_FEEDFORWARD,DEGRADED_FEEDFORWARD,NONE,FRESHED,FRESHED,STALE,FRESH,1,55.848256094486324,104.15174390551368,34.01809972269294,9.379742295687342,-120.85001996184857,178.67305324434176,37.250686,126.674964,37.254138,126.680626
84.49999999999734,3,DEGRADED,DEGRADED_FEEDFORWARD,DEGRADED_FEEDFORWARD,NONE,FRESHED,FRESHED,STALE,FRESH,1,58.84825609448615,101.15174390551385,34.00553169350763,9.374079038315973,-120.62393646902646,179.09906386797303,37.250686,126.674964,37.254138,126.680626
84.54999999999734,3,DEGRADED,DEGRADED_FEEDFORWARD,DEGRADED_FEEDFORWARD,NONE,FRESHED,FRESHED,STALE,FRESH,1,61.84825609448598,98.15174390551402,33.99291303964766,9.368393657387053,-120.39785297683156,179.52507449208474,37.250686,126.674964,37.254138,126.680626
84.59999999999734,3,DEGRADED,DEGRADED_FEEDFORWARD,DEGRADED_FEEDFORWARD,NONE,FRESHED,FRESHED,STALE,FRESH,1,63.00987826417358,96.99012173582642,33.98024347165285,9.362686031060923,-120.17176948400942,179.95108511571595,37.250686,126.674964,37.254138,126.680626
84.64999999999733,3,DEGRADED,DEGRADED_FEEDFORWARD,DEGRADED_FEEDFORWARD,NONE,FRESHED,FRESHED,STALE,FRESH,1,63.016238650966514,96.98376134903349,33.96752269806698,9.35695603670233,-119.94568599118725,180.37709573934723,37.250686,126.674964,37.254138,126.680626
84.69999999999733,3,DEGRADED,DEGRADED_FEEDFORWARD,DEGRADED_FEEDFORWARD,NONE,FRESHED,FRESHED,STALE,FRESH,1,63.02262478736008,96.97737521263991,33.95475042527984,9.351203550810617,-119.7196024983651,180.80310636297847,37.250686,126.674964,37.254138,126.680626
84.74999999999733,3,DEGRADED,DEGRADED_FEEDFORWARD,DEGRADED_FEEDFORWARD,NONE,FRESHED,FRESHED,STALE,STALE,1,63.02903682121037,96.97096317878963,33.941926357579256,9.345428449044539,-119.49351900617019,181.22911698709015,37.250686,126.674964,37.254138,126.680626
84.79999999999733,3,DEGRADED,DEGRADED_FEEDFORWARD,DEGRADED_FEEDFORWARD,NONE,FRESHED,FRESHED,STALE,STALE,1,63.0354749015049,96.9645250984951,33.929050196990204,9.339630606151177,-119.26743551334809,181.65512761072142,37.250686,126.674964,37.254138,126.680626
84.84999999999732,3,DEGRADED,DEGRADED_FEEDFORWARD,DEGRADED_FEEDFORWARD,NONE,FRESHED,FRESHED,STALE,STALE,1,63.041939178265295,96.9580608217347,33.9161216434694,9.333809896055012,-119.04135202052593,182.0811382343527,37.250686,126.674964,37.254138,126.680626
84.89999999999732,3,DEGRADED,DEGRADED_FEEDFORWARD,DEGRADED_FEEDFORWARD,NONE,FRESHED,FRESHED,STALE,STALE,1,63.04842980262786,96.95157019737215,33.903140394744284,9.327966191786807,-118.81526852770381,182.50714885798396,37.250686,126.674964,37.254138,126.680626
84.94999999999732,3,DEGRADED,DEGRADED_FEEDFORWARD,DEGRADED_FEEDFORWARD,NONE,FRESHED,FRESHED,STALE,STALE,1,63.05494692681722,96.94505307318278,33.890106146365554,9.322099365508748,-118.58918503550893,182.93315948209562,37.250686,126.674964,37.254138,126.680626
84.99999999999731,3,DEGRADED,DEGRADED_FEEDFORWARD,DEGRADED_FEEDFORWARD,NONE,FRESHED,FRESHED,STALE,STALE,1,63.06149070422847,96.93850929577152,33.87701859154306,9.316209288442014,-118.36310154268676,183.3591701057269,37.250686,126.674964,37.254138,126.680626
85.04999999999731,3,DEGRADED,DEGRADED_FEEDFORWARD,DEGRADED_FEEDFORWARD,NONE,FRESHED,FRESHED,STALE,STALE,1,63.068061289350595,96.9319387106494,33.86387742129881,9.310295830937138,-118.1370180490998,183.78518073035673,37.250686,126.674964,37.254138,126.680626
85.09999999999731,3,DEGRADED,DEGRADED_FEEDFORWARD,DEGRADED_FEEDFORWARD,NONE,FRESHED,FRESHED,STALE,STALE,1,63.07465883775973,96.92534116224027,33.85068232448055,9.304358862481658,-117.91093455627765,184.211191353988,37.250686,126.674964,37.254138,126.680626
85.1499999999973,3,DEGRADED,DEGRADED_FEEDFORWARD,DEGRADED_FEEDFORWARD,NONE,FRESHED,FRESHED,STALE,STALE,1,63.08128350622587,96.91871649377413,33.837432987548254,9.2983982516055,-117.68485106408278,184.63720197809965,37.250686,126.674964,37.254138,126.680626
85.1999999999973,3,DEGRADED,DEGRADED_CLOSED_LOOP,DEGRADED_CLOSED_LOOP,NONE,FRESHED,FRESHED,FRESH,FRESH,1,59.58128350622607,100.41871649377393,54.20427493384735,14.850084095897715,-117.45876757126061,185.06321260173092,37.250686,126.674964,37.254138,126.680626
85.2499999999973,3,DEGRADED,DEGRADED_CLOSED_LOOP,DEGRADED_CLOSED_LOOP,NONE,FRESHED,FRESHED,FRESH,FRESH,1,56.08128350622627,103.91871649377373,54.21884501794325,14.850084095897715,-117.23268407843847,185.48922322536217,37.250686,126.674964,37.254138,126.680626
85.2999999999973,3,DEGRADED,DEGRADED_CLOSED_LOOP,DEGRADED_CLOSED_LOOP,NONE,FRESHED,FRESHED,FRESH,FRESH,1,52.88329244898043,107.11670755101957,54.233415102039146,14.850084095897715,-117.00660058561635,185.91523384899344,37.250686,126.674964,37.254138,126.680626
85.3499999999973,3,DEGRADED,DEGRADED_CLOSED_LOOP,DEGRADED_CLOSED_LOOP,NONE,FRESHED,FRESHED,FRESH,FRESH,1,52.87600740693248,107.12399259306753,54.24798518613504,14.850084095897715,-116.78051709342145,186.34124447310512,37.250686,126.674964,37.254138,126.680626
85.39999999999729,3,DEGRADED,DEGRADED_CLOSED_LOOP,DEGRADED_CLOSED_LOOP,NONE,FRESHED,FRESHED,FRESH,FRESH,1,52.86872236488453,107.13127763511547,54.26255527023094,14.850084095897715,-116.55443360059931,186.7672550967364,37.250686,126.674964,37.254138,126.680626
85.44999999999729,3,DEGRADED,DEGRADED_FEEDFORWARD,DEGRADED_FEEDFORWARD,NONE,FRESHED,FRESHED,STALE,FRESH,1,55.86872236488436,104.13127763511564,33.756780070951734,9.262130615854506,-116.32835010777717,187.19326572036763,37.250686,126.674964,37.254138,126.680626
85.49999999999729,3,DEGRADED,DEGRADED_FEEDFORWARD,DEGRADED_FEEDFORWARD,NONE,FRESHED,FRESHED,STALE,FRESH,1,58.86872236488419,101.13127763511581,33.74314207726148,9.256000748447763,-116.10226661495503,187.6192763439989,37.250686,126.674964,37.254138,126.680626
85.54999999999728,3,DEGRADED,DEGRADED_FEEDFORWARD,DEGRADED_FEEDFORWARD,NONE,FRESHED,FRESHED,STALE,FRESH,1,61.86872236488402,98.13127763511598,33.72944725021244,9.249846153044182,-115.87618312213289,188.04528696763018,37.250686,126.674964,37.254138,126.680626
85.59999999999728,3,DEGRADED,DEGRADED_FEEDFORWARD,DEGRADED_FEEDFORWARD,NONE,FRESHED,FRESHED,STALE,FRESH,1,63.142152372621126,96.85784762737887,33.71569525475774,9.243666689620552,-115.65009962993798,188.47129759174186,37.250686,126.674964,37.254138,126.680626
85.64999999999728,3,DEGRADED,DEGRADED_FEEDFORWARD,DEGRADED_FEEDFORWARD,NONE,FRESHED,FRESHED,STALE,FRESH,1,63.14905712338296,96.85094287661704,33.70188575323407,9.237462217109849,-115.42401613711587,188.89730821537313,37.250686,126.674964,37.254138,126.680626
85.69999999999727,3,DEGRADED,DEGRADED_FEEDFORWARD,DEGRADED_FEEDFORWARD,NONE,FRESHED,FRESHED,STALE,FRESH,1,63.15599079721583,96.84400920278418,33.68801840556834,9.231232593495868,-115.19793264429373,189.32331883900437,37.250686,126.674964,37.254138,126.680626
85.74999999999727,3,DEGRADED,DEGRADED_FEEDFORWARD,DEGRADED_FEEDFORWARD,NONE,FRESHED,FRESHED,STALE,STALE,1,63.16295356544861,96.83704643455138,33.67409286910278,9.224977675736465,-114.97184915147162,189.74932946263567,37.250686,126.674964,37.254138,126.680626
85.79999999999727,3,DEGRADED,DEGRADED_FEEDFORWARD,DEGRADED_FEEDFORWARD,NONE,FRESHED,FRESHED,STALE,STALE,1,63.1699456006754,96.83005439932461,33.660108798649205,9.218697319789737,-114.74576565927671,190.17534008674733,37.250686,126.674964,37.254138,126.680626
85.84999999999727,3,DEGRADED,DEGRADED_FEEDFORWARD,DEGRADED_FEEDFORWARD,NONE,FRESHED,FRESHED,STALE,STALE,1,63.17696707684465,96.82303292315535,33.64606584631071,9.212391380535824,-114.51968216645452,190.60135071037854,37.250686,126.674964,37.254138,126.680626
85.89999999999726,3,DEGRADED,DEGRADED_FEEDFORWARD,DEGRADED_FEEDFORWARD,NONE,FRESHED,FRESHED,STALE,STALE,1,63.18401816915432,96.81598183084569,33.63196366169136,9.206059711872937,-114.29359867363239,191.0273613340098,37.250686,126.674964,37.254138,126.680626
85.94999999999726,3,DEGRADED,DEGRADED_FEEDFORWARD,DEGRADED_FEEDFORWARD,NONE,FRESHED,FRESHED,STALE,STALE,1,63.191099054141155,96.80890094585885,33.61780189171769,9.199702166639145,-114.06751518081026,191.45337195764108,37.250686,126.674964,37.254138,126.680626
85.99999999999726,3,DEGRADED,DEGRADED_FEEDFORWARD,DEGRADED_FEEDFORWARD,NONE,FRESHED,FRESHED,STALE,STALE,1,63.19820990965328,96.80179009034671,33.60358018069344,9.193318596638838,-113.84143168861534,191.87938258175276,37.250686,126.674964,37.254138,126.680626
86.04999999999725,3,DEGRADED,DEGRADED_FEEDFORWARD,DEGRADED_FEEDFORWARD,NONE,FRESHED,FRESHED,STALE,STALE,1,63.20535091494122,96.79464908505878,33.589298170117566,9.186908852563043,-113.61534819579322,192.30539320538406,37.250686,126.674964,37.254138,126.680626
86.09999999999725,3,DEGRADED,DEGRADED_FEEDFORWARD,DEGRADED_FEEDFORWARD,NONE,FRESHED,FRESHED,STALE,STALE,1,63.21252225055152,96.78747774944847,33.574955498896955,9.180472784086879,-113.3892647029711,192.73140382901528,37.250686,126.674964,37.254138,126.680626
86.14999999999725,3,DEGRADED,DEGRADED_FEEDFORWARD,DEGRADED_FEEDFORWARD,NONE,FRESHED,FRESHED,STALE,STALE,1,63.21972409841782,96.78027590158217,33.56055180316436,9.174010239789862,-113.16318121014898,193.15741445264658,37.250686,126.674964,37.254138,126.680626
86.19999999999725,3,DEGRADED,DEGRADED_CLOSED_LOOP,DEGRADED_CLOSED_LOOP,NONE,FRESHED,FRESHED,FRESH,FRESH,1,59.71972409841802,100.28027590158197,54.176956439723966,14.850084095897715,-112.93709771795409,193.58342507675826,37.250686,126.674964,37.254138,126.680626
86.24999999999724,3,DEGRADED,DEGRADED_CLOSED_LOOP,DEGRADED_CLOSED_LOOP,NONE,FRESHED,FRESHED,FRESH,FRESH,1,56.21972409841822,103.78027590158177,54.191456523819866,14.850084095897715,-112.71101422436709,194.0094357013881,37.250686,126.674964,37.254138,126.680626
86.29999999999724,3,DEGRADED,DEGRADED_CLOSED_LOOP,DEGRADED_CLOSED_LOOP,NONE,FRESHED,FRESHED,FRESH,FRESH,1,52.89702169604212,107.10297830395788,54.20595660791576,14.850084095897715,-112.48493073154495,194.4354463250193,37.250686,126.674964,37.254138,126.680626
86.34999999999724,3,DEGRADED,DEGRADED_CLOSED_LOOP,DEGRADED_CLOSED_LOOP,NONE,FRESHED,FRESHED,FRESH,FRESH,1,52.889771653994174,107.11022834600583,54.22045669201166,14.850084095897715,-112.25884723872284,194.8614569486506,37.250686,126.674964,37.254138,126.680626
86.39999999999723,3,DEGRADED,DEGRADED_CLOSED_LOOP,DEGRADED_CLOSED_LOOP,NONE,FRESHED,FRESHED,FRESH,FRESH,1,52.882521611946224,107.11747838805377,54.23495677610755,14.850084095897715,-112.03276374652793,195.2874675727623,37.250686,126.674964,37.254138,126.680626
86.44999999999723,3,DEGRADED,DEGRADED_FEEDFORWARD,DEGRADED_FEEDFORWARD,NONE,FRESHED,FRESHED,STALE,FRESH,1,55.88252161194605,104.11747838805394,33.47282738665,9.134670364134294,-111.80668025370579,195.71347819639354,37.250686,126.674964,37.254138,126.680626
86.49999999999723,3,DEGRADED,DEGRADED_FEEDFORWARD,DEGRADED_FEEDFORWARD,NONE,FRESHED,FRESHED,STALE,FRESH,1,58.88252161194588,101.11747838805411,33.45798609609936,9.128018156862158,-111.58059676088364,196.13948882002478,37.250686,126.674964,37.254138,126.680626
86.54999999999723,3,DEGRADED,DEGRADED_FEEDFORWARD,DEGRADED_FEEDFORWARD,NONE,FRESHED,FRESHED,STALE,FRESH,1,61.88252161194571,98.11747838805428,33.44308076864071,9.121338222503082,-111.35451326806151,196.56549944365605,37.250686,126.674964,37.254138,126.680626
86.59999999999722,3,DEGRADED,DEGRADED_FEEDFORWARD,DEGRADED_FEEDFORWARD,NONE,FRESHED,FRESHED,STALE,FRESH,1,63.285944492651396,96.7140555073486,33.42811101469721,9.114630399539065,-111.12842977586662,196.99151006776773,37.250686,126.674964,37.254138,126.680626
86.64999999999722,3,DEGRADED,DEGRADED_FEEDFORWARD,DEGRADED_FEEDFORWARD,NONE,FRESHED,FRESHED,STALE,FRESH,1,63.293461779212606,96.7065382207874,33.41307644157479,9.10789452522456,-110.90234628304447,197.41752069139898,37.250686,126.674964,37.254138,126.680626
86.69999999999722,3,DEGRADED,DEGRADED_FEEDFORWARD,DEGRADED_FEEDFORWARD,NONE,FRESHED,FRESHED,STALE,FRESH,1,63.30101167315799,96.69898832684201,33.397976653684026,9.1011304356883,-110.6762627902223,197.84353131503025,37.250686,126.674964,37.254138,126.680626
86.74999999999721,3,DEGRADED,DEGRADED_FEEDFORWARD,DEGRADED_FEEDFORWARD,NONE,FRESHED,FRESHED,STALE,STALE,1,63.30859437382667,96.69140562617332,33.382811252346656,9.094337965848947,-110.45017929740018,198.26954193866152,37.250686,126.674964,37.254138,126.680626
86.79999999999721,3,DEGRADED,DEGRADED_FEEDFORWARD,DEGRADED_FEEDFORWARD,NONE,FRESHED,FRESHED,STALE,STALE,1,63.31621008207424,96.68378991792576,33.367579835851515,9.087516949442623,-110.2240958052053,198.69555256277323,37.250686,126.674964,37.254138,126.680626
86.84999999999721,3,DEGRADED,DEGRADED_FEEDFORWARD,DEGRADED_FEEDFORWARD,NONE,FRESHED,FRESHED,STALE,STALE,1,63.32385900037143,96.67614099962857,33.352281999257144,9.080667218936973,-109.99801231238314,199.12156318640447,37.250686,126.674964,37.254138,126.680626
86.8999999999972,3,DEGRADED,DEGRADED_FEEDFORWARD,DEGRADED_FEEDFORWARD,NONE,FRESHED,FRESHED,STALE,STALE,1,63.33154133269146,96.66845866730854,33.336917334617084,9.073788605634538,-109.77192881956103,199.54757381003574,37.250686,126.674964,37.254138,126.680626
86.9499999999972,3,DEGRADED,DEGRADED_FEEDFORWARD,DEGRADED_FEEDFORWARD,NONE,FRESHED,FRESHED,STALE,STALE,1,63.339257284608976,96.66074271539102,33.321485430782054,9.06688093958676,-109.54584532673888,199.97358443366699,37.250686,126.674964,37.254138,126.680626
86.9999999999972,3,DEGRADED,DEGRADED_FEEDFORWARD,DEGRADED_FEEDFORWARD,NONE,FRESHED,FRESHED,STALE,STALE,1,63.347007063271775,96.65299293672823,33.30598587345646,9.059944049621786,-109.31976183454398,200.3995950577787,37.250686,126.674964,37.254138,126.680626
87.0499999999972,3,DEGRADED,DEGRADED_FEEDFORWARD,DEGRADED_FEEDFORWARD,NONE,FRESHED,FRESHED,STALE,STALE,1,63.35479087750166,96.64520912249834,33.29041824499668,9.052977763256886,-109.09367834172185,200.82560568140997,37.250686,126.674964,37.254138,126.680626
87.0999999999972,3,DEGRADED,DEGRADED_FEEDFORWARD,DEGRADED_FEEDFORWARD,NONE,FRESHED,FRESHED,STALE,STALE,1,63.36260893768021,96.6373910623198,33.274782124639586,9.045981906803318,-108.86759484889967,201.25161630504118,37.250686,126.674964,37.254138,126.680626
87.14999999999719,3,DEGRADED,DEGRADED_FEEDFORWARD,DEGRADED_FEEDFORWARD,NONE,FRESHED,FRESHED,STALE,STALE,1,63.370461455849664,96.62953854415034,33.25907708830067,9.038956305278726,-108.64151135607756,201.67762692867245,37.250686,126.674964,37.254138,126.680626
87.19999999999719,3,ACTIVE,NOMINAL_CLOSED_LOOP,NOMINAL_CLOSED_LOOP,NONE,FRESH,FRESH,FRESH,FRESH,1,58.37046145584995,101.62953854415005,117.61660579910902,39.208104563924586,-117.08414258370794,189.46220641192411,37.250686,126.674964,37.254138,126.680626
87.24999999999719,3,ACTIVE,NOMINAL_CLOSED_LOOP,NOMINAL_CLOSED_LOOP,NONE,FRESH,FRESH,FRESH,FRESH,1,53.37046145585023,106.62953854414977,117.65569390367295,39.208104563924586,-117.08414258370794,189.46220641192411,37.250686,126.674964,37.254138,126.680626
87.29999999999718,3,ACTIVE,NOMINAL_CLOSED_LOOP,NOMINAL_CLOSED_LOOP,NONE,FRESH,FRESH,FRESH,FRESH,1,48.37046145585052,111.62953854414948,117.69478200823687,39.208104563924586,-117.08414258370794,189.46220641192411,37.250686,126.674964,37.254138,126.680626
87.34999999999718,3,ACTIVE,NOMINAL_CLOSED_LOOP,NOMINAL_CLOSED_LOOP,NONE,FRESH,FRESH,FRESH,FRESH,1,43.3704614558508,116.6295385441492,117.7338701128008,39.208104563924586,-117.08414258370794,189.46220641192411,37.250686,126.674964,37.254138,126.680626
87.39999999999718,3,ACTIVE,NOMINAL_CLOSED_LOOP,NOMINAL_CLOSED_LOOP,NONE,FRESH,FRESH,FRESH,FRESH,1,38.370461455851085,121.62953854414891,117.77295821736472,39.208104563924586,-117.08414258370794,189.46220641192411,37.250686,126.674964,37.254138,126.680626
87.44999999999717,3,ACTIVE,NOMINAL_FEEDFORWARD,NOMINAL_FEEDFORWARD,NONE,FRESH,FRESH,STALE,FRESH,1,33.87046145585134,126.12953854414866,93.78885309256015,34.30709149343401,-117.08414258370794,189.46220641192411,37.250686,126.674964,37.254138,126.680626
87.49999999999717,3,ACTIVE,NOMINAL_FEEDFORWARD,NOMINAL_FEEDFORWARD,NONE,FRESH,FRESH,STALE,FRESH,1,33.10557345371993,126.89442654628007,93.78885309256015,34.30709149343401,-117.08414258370794,189.46220641192411,37.250686,126.674964,37.254138,126.680626
87.54999999999717,3,ACTIVE,NOMINAL_FEEDFORWARD,NOMINAL_FEEDFORWARD,NONE,FRESH,FRESH,STALE,FRESH,1,33.10557345371993,126.89442654628007,93.78885309256015,34.30709149343401,-117.08414258370794,189.46220641192411,37.250686,126.674964,37.254138,126.680626
87.59999999999717,3,ACTIVE,NOMINAL_FEEDFORWARD,NOMINAL_FEEDFORWARD,NONE,FRESH,FRESH,STALE,FRESH,1,33.10557345371993,126.89442654628007,93.78885309256015,34.30709149343401,-117.08414258370794,189.46220641192411,37.250686,126.674964,37.254138,126.680626
87.64999999999716,3,ACTIVE,NOMINAL_FEEDFORWARD,NOMINAL_FEEDFORWARD,NONE,FRESH,FRESH,STALE,FRESH,1,33.10557345371993,126.89442654628007,93.78885309256015,34.30709149343401,-117.08414258370794,189.46220641192411,37.250686,126.674964,37.254138,126.680626
87.69999999999716,3,ACTIVE,NOMINAL_FEEDFORWARD,NOMINAL_FEEDFORWARD,NONE,FRESH,FRESH,STALE,FRESH,1,33.10557345371993,126.89442654628007,93.78885309256015,34.30709149343401,-117.08414258370794,189.46220641192411,37.250686,126.674964,37.254138,126.680626
87.74999999999716,3,ACTIVE,NOMINAL_FEEDFORWARD,NOMINAL_FEEDFORWARD,NONE,FRESH,FRESH,STALE,STALE,1,33.10557345371993,126.89442654628007,93.78885309256015,34.30709149343401,-117.08414258370794,189.46220641192411,37.250686,126.674964,37.254138,126.680626
87.79999999999715,3,ACTIVE,NOMINAL_FEEDFORWARD,NOMINAL_FEEDFORWARD,NONE,FRESH,FRESH,STALE,STALE,1,33.10557345371993,126.89442654628007,93.78885309256015,34.30709149343401,-117.08414258370794,189.46220641192411,37.250686,126.674964,37.254138,126.680626
87.84999999999715,3,ACTIVE,NOMINAL_FEEDFORWARD,NOMINAL_FEEDFORWARD,NONE,FRESH,FRESH,STALE,STALE,1,33.10557345371993,126.89442654628007,93.78885309256015,34.30709149343401,-117.08414258370794,189.46220641192411,37.250686,126.674964,37.254138,126.680626
87.89999999999715,3,ACTIVE,NOMINAL_FEEDFORWARD,NOMINAL_FEEDFORWARD,NONE,FRESH,FRESH,STALE,STALE,1,33.10557345371993,126.89442654628007,93.78885309256015,34.30709149343401,-117.08414258370794,189.46220641192411,37.250686,126.674964,37.254138,126.680626
87.94999999999715,3,ACTIVE,NOMINAL_FEEDFORWARD,NOMINAL_FEEDFORWARD,NONE,FRESH,FRESH,STALE,STALE,1,33.10557345371993,126.89442654628007,93.78885309256015,34.30709149343401,-117.08414258370794,189.46220641192411,37.250686,126.674964,37.254138,126.680626
87.99999999999714,3,ACTIVE,NOMINAL_FEEDFORWARD,NOMINAL_FEEDFORWARD,NONE,FRESH,FRESH,STALE,STALE,1,33.10557345371993,126.89442654628007,93.78885309256015,34.30709149343401,-117.08414258370794,189.46220641192411,37.250686,126.674964,37.254138,126.680626
88.04999999999714,3,ACTIVE,NOMINAL_FEEDFORWARD,NOMINAL_FEEDFORWARD,NONE,FRESH,FRESH,STALE,STALE,1,33.10557345371993,126.89442654628007,93.78885309256015,34.30709149343401,-117.08414258370794,189.46220641192411,37.250686,126.674964,37.254138,126.680626
88.09999999999714,3,ACTIVE,NOMINAL_FEEDFORWARD,NOMINAL_FEEDFORWARD,NONE,FRESH,FRESH,STALE,STALE,1,33.10557345371993,126.89442654628007,93.78885309256015,34.30709149343401,-117.08414258370794,189.46220641192411,37.250686,126.674964,37.254138,126.680626
88.14999999999714,3,ACTIVE,NOMINAL_FEEDFORWARD,NOMINAL_FEEDFORWARD,NONE,FRESH,FRESH,STALE,STALE,1,33.10557345371993,126.89442654628007,93.78885309256015,34.30709149343401,-117.08414258370794,189.46220641192411,37.250686,126.674964,37.254138,126.680626
88.19999999999713,3,DEGRADED,DEGRADED_CLOSED_LOOP,DEGRADED_CLOSED_LOOP,NONE,FRESH,FRESHED,FRESH,FRESH,1,36.60557345371973,123.39442654628027,68.21006426190455,20.435388742606,-117.08414258370794,189.46220641192411,37.250686,126.674964,37.254138,126.680626
88.24999999999713,3,DEGRADED,DEGRADED_CLOSED_LOOP,DEGRADED_CLOSED_LOOP,NONE,FRESH,FRESHED,FRESH,FRESH,1,40.10557345371953,119.89442654628047,68.23807944055756,20.438564955592327,-117.08414258370794,189.46220641192411,37.250686,126.674964,37.254138,126.680626
88.29999999999713,3,DEGRADED,DEGRADED_CLOSED_LOOP,DEGRADED_CLOSED_LOOP,NONE,FRESH,FRESHED,FRESH,FRESH,1,43.60557345371933,116.39442654628067,68.25839800551316,20.438564955592327,-117.08414258370794,189.46220641192411,37.250686,126.674964,37.254138,126.680626
88.34999999999712,3,DEGRADED,DEGRADED_CLOSED_LOOP,DEGRADED_CLOSED_LOOP,NONE,FRESH,FRESHED,FRESH,FRESH,1,45.86064171476563,114.13935828523438,68.27871657046875,20.438564955592327,-117.08414258370794,189.46220641192411,37.250686,126.674964,37.254138,126.680626
88.39999999999712,3,DEGRADED,DEGRADED_CLOSED_LOOP,DEGRADED_CLOSED_LOOP,NONE,FRESH,FRESHED,FRESH,FRESH,1,45.85048243228783,114.14951756771217,68.29903513542433,20.438564955592327,-117.08414258370794,189.46220641192411,37.250686,126.674964,37.254138,126.680626
88.44999999999712,3,DEGRADED,DEGRADED_FEEDFORWARD,DEGRADED_FEEDFORWARD,NONE,FRESH,FRESHED,STALE,FRESH,1,48.85048243228766,111.14951756771234,37.77713880459013,11.10325069874284,-117.08414258370794,189.46220641192411,37.250686,126.674964,37.254138,126.680626
88.49999999999712,3,DEGRADED,DEGRADED_FEEDFORWARD,DEGRADED_FEEDFORWARD,NONE,FRESH,FRESHED,STALE,FRESH,1,51.85048243228749,108.14951756771251,37.77713880459013,11.10325069874284,-117.08414258370794,189.46220641192411,37.250686,126.674964,37.254138,126.680626
88.54999999999711,3,DEGRADED,DEGRADED_FEEDFORWARD,DEGRADED_FEEDFORWARD,NONE,FRESH,FRESHED,STALE,FRESH,1,54.85048243228732,105.14951756771268,37.77713880459013,11.10325069874284,-117.08414258370794,189.46220641192411,37.250686,126.674964,37.254138,126.680626
88.59999999999711,3,DEGRADED,DEGRADED_FEEDFORWARD,DEGRADED_FEEDFORWARD,NONE,FRESH,FRESHED,STALE,FRESH,1,57.85048243228715,102.14951756771285,37.77713880459013,11.10325069874284,-117.08414258370794,189.46220641192411,37.250686,126.674964,37.254138,126.680626
88.6499999999971,3,DEGRADED,DEGRADED_FEEDFORWARD,DEGRADED_FEEDFORWARD,NONE,FRESH,FRESHED,STALE,FRESH,1,60.85048243228698,99.14951756771302,37.77713880459013,11.10325069874284,-117.08414258370794,189.46220641192411,37.250686,126.674964,37.254138,126.680626
88.6999999999971,3,DEGRADED,DEGRADED_FEEDFORWARD,DEGRADED_FEEDFORWARD,NONE,FRESH,FRESHED,STALE,FRESH,1,61.11143059770494,98.88856940229506,37.77713880459013,11.10325069874284,-117.08414258370794,189.46220641192411,37.250686,126.674964,37.254138,126.680626
88.7499999999971,3,DEGRADED,DEGRADED_FEEDFORWARD,DEGRADED_FEEDFORWARD,NONE,FRESH,FRESHED,STALE,STALE,1,61.11143059770494,98.88856940229506,37.77713880459013,11.10325069874284,-117.08414258370794,189.46220641192411,37.250686,126.674964,37.254138,126.680626
88.7999999999971,3,DEGRADED,DEGRADED_FEEDFORWARD,DEGRADED_FEEDFORWARD,NONE,FRESH,FRESHED,STALE,STALE,1,61.11143059770494,98.88856940229506,37.77713880459013,11.10325069874284,-117.08414258370794,189.46220641192411,37.250686,126.674964,37.254138,126.680626
88.8499999999971,3,DEGRADED,DEGRADED_FEEDFORWARD,DEGRADED_FEEDFORWARD,NONE,FRESH,FRESHED,STALE,STALE,1,61.11143059770494,98.88856940229506,37.77713880459013,11.10325069874284,-117.08414258370794,189.46220641192411,37.250686,126.674964,37.254138,126.680626
88.89999999999709,3,DEGRADED,DEGRADED_FEEDFORWARD,DEGRADED_FEEDFORWARD,NONE,FRESH,FRESHED,STALE,STALE,1,61.11143059770494,98.88856940229506,37.77713880459013,11.10325069874284,-117.08414258370794,189.46220641192411,37.250686,126.674964,37.254138,126.680626
88.94999999999709,3,DEGRADED,DEGRADED_FEEDFORWARD,DEGRADED_FEEDFORWARD,NONE,FRESH,FRESHED,STALE,STALE,1,61.11143059770494,98.88856940229506,37.77713880459013,11.10325069874284,-117.08414258370794,189.46220641192411,37.250686,126.674964,37.254138,126.680626
88.99999999999709,3,DEGRADED,DEGRADED_FEEDFORWARD,DEGRADED_FEEDFORWARD,NONE,FRESH,FRESHED,STALE,STALE,1,61.11143059770494,98.88856940229506,37.77713880459013,11.10325069874284,-117.08414258370794,189.46220641192411,37.250686,126.674964,37.254138,126.680626
89.04999999999708,3,DEGRADED,DEGRADED_FEEDFORWARD,DEGRADED_FEEDFORWARD,NONE,FRESH,FRESHED,STALE,STALE,1,61.11143059770494,98.88856940229506,37.77713880459013,11.10325069874284,-117.08414258370794,189.46220641192411,37.250686,126.674964,37.254138,126.680626
89.09999999999708,3,DEGRADED,DEGRADED_FEEDFORWARD,DEGRADED_FEEDFORWARD,NONE,FRESH,FRESHED,STALE,STALE,1,61.11143059770494,98.88856940229506,37.77713880459013,11.10325069874284,-117.08414258370794,189.46220641192411,37.250686,126.674964,37.254138,126.680626
89.14999999999708,3,DEGRADED,DEGRADED_FEEDFORWARD,DEGRADED_FEEDFORWARD,NONE,FRESH,FRESHED,STALE,STALE,1,61.11143059770494,98.88856940229506,37.77713880459013,11.10325069874284,-117.08414258370794,189.46220641192411,37.250686,126.674964,37.254138,126.680626
89.19999999999708,3,DEGRADED,DEGRADED_CLOSED_LOOP,DEGRADED_CLOSED_LOOP,NONE,FRESH,FRESHED,FRESH,FRESH,1,57.61143059770514,102.38856940229486,72.02210291092912,21.981310706639515,-701.9260862238752,652.0170821357995,37.250686,126.674964,37.254138,126.680626
89.24999999999707,3,DEGRADED,DEGRADED_CLOSED_LOOP,DEGRADED_CLOSED_LOOP,NONE,FRESH,FRESHED,FRESH,FRESH,1,54.111430597705336,105.88856940229466,72.04426422163576,21.981310706639515,-701.9260862238752,652.0170821357995,37.250686,126.674964,37.254138,126.680626
89.29999999999707,3,DEGRADED,DEGRADED_CLOSED_LOOP,DEGRADED_CLOSED_LOOP,NONE,FRESH,FRESHED,FRESH,FRESH,1,50.611430597705535,109.38856940229446,72.06642553234241,21.981310706639515,-701.9260862238752,652.0170821357995,37.250686,126.674964,37.254138,126.680626
89.34999999999707,3,DEGRADED,DEGRADED_CLOSED_LOOP,DEGRADED_CLOSED_LOOP,NONE,FRESH,FRESHED,FRESH,FRESH,1,47.111430597705734,112.88856940229427,72.08858684304904,21.981310706639515,-701.9260862238752,652.0170821357995,37.250686,126.674964,37.254138,126.680626
89.39999999999706,3,DEGRADED,DEGRADED_CLOSED_LOOP,DEGRADED_CLOSED_LOOP,NONE,FRESH,FRESHED,FRESH,FRESH,1,43.94462592312216,116.05537407687784,72.11074815375568,21.981310706639515,-701.9260862238752,652.0170821357995,37.250686,126.674964,37.254138,126.680626
89.44999999999706,3,DEGRADED,DEGRADED_FEEDFORWARD,DEGRADED_FEEDFORWARD,NONE,FRESH,FRESHED,STALE,FRESH,1,46.94462592312199,113.05537407687801,40.34460157165895,12.312569538121041,-701.9260862238752,652.0170821357995,37.250686,126.674964,37.254138,126.680626
89.49999999999706,3,DEGRADED,DEGRADED_FEEDFORWARD,DEGRADED_FEEDFORWARD,NONE,FRESH,FRESHED,STALE,FRESH,1,49.94462592312182,110.05537407687818,40.34460157165895,12.312569538121041,-701.9260862238752,652.0170821357995,37.250686,126.674964,37.254138,126.680626
89.54999999999706,3,DEGRADED,DEGRADED_FEEDFORWARD,DEGRADED_FEEDFORWARD,NONE,FRESH,FRESHED,STALE,FRESH,1,52.94462592312165,107.05537407687835,40.34460157165895,12.312569538121041,-701.9260862238752,652.0170821357995,37.250686,126.674964,37.254138,126.680626
89.59999999999705,3,DEGRADED,DEGRADED_FEEDFORWARD,DEGRADED_FEEDFORWARD,NONE,FRESH,FRESHED,STALE,FRESH,1,55.94462592312148,104.05537407687852,40.34460157165895,12.312569538121041,-701.9260862238752,652.0170821357995,37.250686,126.674964,37.254138,126.680626
89.64999999999705,3,DEGRADED,DEGRADED_FEEDFORWARD,DEGRADED_FEEDFORWARD,NONE,FRESH,FRESHED,STALE,FRESH,1,58.94462592312131,101.05537407687869,40.34460157165895,12.312569538121041,-701.9260862238752,652.0170821357995,37.250686,126.674964,37.254138,126.680626
89.69999999999705,3,DEGRADED,DEGRADED_FEEDFORWARD,DEGRADED_FEEDFORWARD,NONE,FRESH,FRESHED,STALE,FRESH,1,59.82769921417052,100.17230078582948,40.34460157165895,12.312569538121041,-701.9260862238752,652.0170821357995,37.250686,126.674964,37.254138,126.680626
89.74999999999704,3,DEGRADED,DEGRADED_FEEDFORWARD,DEGRADED_FEEDFORWARD,NONE,FRESH,FRESHED,STALE,STALE,1,59.82769921417052,100.17230078582948,40.34460157165895,12.312569538121041,-701.9260862238752,652.0170821357995,37.250686,126.674964,37.254138,126.680626
89.79999999999704,3,DEGRADED,DEGRADED_FEEDFORWARD,DEGRADED_FEEDFORWARD,NONE,FRESH,FRESHED,STALE,STALE,1,59.82769921417052,100.17230078582948,40.34460157165895,12.312569538121041,-701.9260862238752,652.0170821357995,37.250686,126.674964,37.254138,126.680626
89.84999999999704,3,DEGRADED,DEGRADED_FEEDFORWARD,DEGRADED_FEEDFORWARD,NONE,FRESH,FRESHED,STALE,STALE,1,59.82769921417052,100.17230078582948,40.34460157165895,12.312569538121041,-701.9260862238752,652.0170821357995,37.250686,126.674964,37.254138,126.680626
89.89999999999704,3,DEGRADED,DEGRADED_FEEDFORWARD,DEGRADED_FEEDFORWARD,NONE,FRESH,FRESHED,STALE,STALE,1,59.82769921417052,100.17230078582948,40.34460157165895,12.312569538121041,-701.9260862238752,652.0170821357995,37.250686,126.674964,37.254138,126.680626
89.94999999999703,3,DEGRADED,DEGRADED_FEEDFORWARD,DEGRADED_FEEDFORWARD,NONE,FRESH,FRESHED,STALE,STALE,1,59.82769921417052,100.17230078582948,40.34460157165895,12.312569538121041,-701.9260862238752,652.0170821357995,37.250686,126.674964,37.254138,126.680626
89.99999999999703,3,DEGRADED,DEGRADED_FEEDFORWARD,DEGRADED_FEEDFORWARD,NONE,FRESH,FRESHED,STALE,STALE,1,59.82769921417052,100.17230078582948,40.34460157165895,12.312569538121041,-701.9260862238752,652.0170821357995,37.250686,126.674964,37.254138,126.680626
90.04999999999703,3,DEGRADED,DEGRADED_FEEDFORWARD,DEGRADED_FEEDFORWARD,NONE,FRESH,FRESHED,STALE,STALE,1,59.82769921417052,100.17230078582948,40.34460157165895,12.312569538121041,-701.9260862238752,652.0170821357995,37.250686,126.674964,37.254138,126.680626
90.09999999999702,3,DEGRADED,DEGRADED_FEEDFORWARD,DEGRADED_FEEDFORWARD,NONE,FRESH,FRESHED,STALE,STALE,1,59.82769921417052,100.17230078582948,40.34460157165895,12.312569538121041,-701.9260862238752,652.0170821357995,37.250686,126.674964,37.254138,126.680626
90.14999999999702,3,DEGRADED,DEGRADED_FEEDFORWARD,DEGRADED_FEEDFORWARD,NONE,FRESH,FRESHED,STALE,STALE,1,59.82769921417052,100.17230078582948,40.34460157165895,12.312569538121041,-701.9260862238752,652.0170821357995,37.250686,126.674964,37.254138,126.680626
90.19999999999702,3,DEGRADED,DEGRADED_CLOSED_LOOP,DEGRADED_CLOSED_LOOP,NONE,FRESH,FRESHED,FRESH,FRESH,1,56.32769921417072,103.67230078582928,72.05341143489443,21.981310706639515,-701.9260862238752,652.0170821357995,37.250686,126.674964,37.254138,126.680626
90.24999999999702,3,DEGRADED,DEGRADED_CLOSED_LOOP,DEGRADED_CLOSED_LOOP,NONE,FRESH,FRESHED,FRESH,FRESH,1,52.82769921417092,107.17230078582908,72.07567274560107,21.981310706639515,-701.9260862238752,652.0170821357995,37.250686,126.674964,37.254138,126.680626
90.29999999999701,3,DEGRADED,DEGRADED_CLOSED_LOOP,DEGRADED_CLOSED_LOOP,NONE,FRESH,FRESHED,FRESH,FRESH,1,49.32769921417112,110.67230078582888,72.09793405630771,21.981310706639515,-701.9260862238752,652.0170821357995,37.250686,126.674964,37.254138,126.680626
90.34999999999701,3,DEGRADED,DEGRADED_CLOSED_LOOP,DEGRADED_CLOSED_LOOP,NONE,FRESH,FRESHED,FRESH,FRESH,1,45.82769921417132,114.17230078582868,72.12019536701435,21.981310706639515,-701.9260862238752,652.0170821357995,37.250686,126.674964,37.254138,126.680626
90.39999999999701,3,DEGRADED,DEGRADED_CLOSED_LOOP,DEGRADED_CLOSED_LOOP,NONE,FRESH,FRESHED,FRESH,FRESH,1,43.92877166113951,116.0712283388605,72.14245667772099,21.981310706639515,-701.9260862238752,652.0170821357995,37.250686,126.674964,37.254138,126.680626
90.449999999997,3,DEGRADED,DEGRADED_FEEDFORWARD,DEGRADED_FEEDFORWARD,NONE,FRESH,FRESHED,STALE,FRESH,1,46.928771661139336,113.07122833886066,40.34460157165895,12.312569538121041,-701.9260862238752,652.0170821357995,37.250686,126.674964,37.254138,126.680626
90.499999999997,3,DEGRADED,DEGRADED_FEEDFORWARD,DEGRADED_FEEDFORWARD,NONE,FRESH,FRESHED,STALE,FRESH,1,49.928771661139166,110.07122833886083,40.34460157165895,12.312569538121041,-701.9260862238752,652.0170821357995,37.250686,126.674964,37.254138,126.680626
90.549999999997,3,DEGRADED,DEGRADED_FEEDFORWARD,DEGRADED_FEEDFORWARD,NONE,FRESH,FRESHED,STALE,FRESH,1,52.928771661138995,107.071228338861,40.34460157165895,12.312569538121041,-701.9260862238752,652.0170821357995,37.250686,126.674964,37.254138,126.680626
90.599999999997,3,DEGRADED,DEGRADED_FEEDFORWARD,DEGRADED_FEEDFORWARD,NONE,FRESH,FRESHED,STALE,FRESH,1,55.928771661138825,104.07122833886118,40.34460157165895,12.312569538121041,-701.9260862238752,652.0170821357995,37.250686,126.674964,37.254138,126.680626
90.649999999997,3,DEGRADED,DEGRADED_FEEDFORWARD,DEGRADED_FEEDFORWARD,NONE,FRESH,FRESHED,STALE,FRESH,1,58.928771661138654,101.07122833886135,40.34460157165895,12.312569538121041,-701.9260862238752,652.0170821357995,37.250686,126.674964,37.254138,126.680626
90.69999999999699,3,DEGRADED,DEGRADED_FEEDFORWARD,DEGRADED_FEEDFORWARD,NONE,FRESH,FRESHED,STALE,FRESH,1,59.82769921417052,100.17230078582948,40.34460157165895,12.312569538121041,-701.9260862238752,652.0170821357995,37.250686,126.674964,37.254138,126.680626
90.74999999999699,3,DEGRADED,DEGRADED_FEEDFORWARD,DEGRADED_FEEDFORWARD,NONE,FRESH,FRESHED,STALE,STALE,1,59.82769921417052,100.17230078582948,40.34460157165895,12.312569538121041,-701.9260862238752,652.0170821357995,37.250686,126.674964,37.254138,126.680626
90.79999999999698,3,DEGRADED,DEGRADED_FEEDFORWARD,DEGRADED_FEEDFORWARD,NONE,FRESH,FRESHED,STALE,STALE,1,59.82769921417052,100.17230078582948,40.34460157165895,12.312569538121041,-701.9260862238752,652.0170821357995,37.250686,126.674964,37.254138,126.680626
90.84999999999698,3,DEGRADED,DEGRADED_FEEDFORWARD,DEGRADED_FEEDFORWARD,NONE,FRESH,FRESHED,STALE,STALE,1,59.82769921417052,100.17230078582948,40.34460157165895,12.312569538121041,-701.9260862238752,652.0170821357995,37.250686,126.674964,37.254138,126.680626
90.89999999999698,3,DEGRADED,DEGRADED_FEEDFORWARD,DEGRADED_FEEDFORWARD,NONE,FRESH,FRESHED,STALE,STALE,1,59.82769921417052,100.17230078582948,40.34460157165895,12.312569538121041,-701.9260862238752,652.0170821357995,37.250686,126.674964,37.254138,126.680626
90.94999999999698,3,DEGRADED,DEGRADED_FEEDFORWARD,DEGRADED_FEEDFORWARD,NONE,FRESH,FRESHED,STALE,STALE,1,59.82769921417052,100.17230078582948,40.34460157165895,12.312569538121041,-701.9260862238752,652.0170821357995,37.250686,126.674964,37.254138,126.680626
90.99999999999697,3,DEGRADED,DEGRADED_FEEDFORWARD,DEGRADED_FEEDFORWARD,NONE,FRESH,FRESHED,STALE,STALE,1,59.82769921417052,100.17230078582948,40.34460157165895,12.312569538121041,-701.9260862238752,652.0170821357995,37.250686,126.674964,37.254138,126.680626
91.04999999999697,3,DEGRADED,DEGRADED_FEEDFORWARD,DEGRADED_FEEDFORWARD,NONE,FRESH,FRESHED,STALE,STALE,1,59.82769921417052,100.17230078582948,40.34460157165895,12.312569538121041,-701.9260862238752,652.0170821357995,37.250686,126.674964,37.254138,126.680626
91.09999999999697,3,DEGRADED,DEGRADED_FEEDFORWARD,DEGRADED_FEEDFORWARD,NONE,FRESH,FRESHED,STALE,STALE,1,59.82769921417052,100.17230078582948,40.34460157165895,12.312569538121041,-701.9260862238752,652.0170821357995,37.250686,126.674964,37.254138,126.680626
91.14999999999696,3,DEGRADED,DEGRADED_FEEDFORWARD,DEGRADED_FEEDFORWARD,NONE,FRESH,FRESHED,STALE,STALE,1,59.82769921417052,100.17230078582948,40.34460157165895,12.312569538121041,-701.9260862238752,652.0170821357995,37.250686,126.674964,37.254138,126.680626
91.19999999999696,3,DEGRADED,DEGRADED_CLOSED_LOOP,DEGRADED_CLOSED_LOOP,NONE,FRESH,FRESHED,FRESH,FRESH,1,56.32769921417072,103.67230078582928,68.08932596747886,20.30381119793165,-109.86226445398925,211.69175954221748,37.250686,126.674964,37.254138,126.680626
91.24999999999696,3,DEGRADED,DEGRADED_CLOSED_LOOP,DEGRADED_CLOSED_LOOP,NONE,FRESH,FRESHED,FRESH,FRESH,1,52.82769921417092,107.17230078582908,68.1101397786768,20.30381119793165,-109.86226445398925,211.69175954221748,37.250686,126.674964,37.254138,126.680626
91.29999999999696,3,DEGRADED,DEGRADED_CLOSED_LOOP,DEGRADED_CLOSED_LOOP,NONE,FRESH,FRESHED,FRESH,FRESH,1,49.32769921417112,110.67230078582888,68.13095358987472,20.30381119793165,-109.86226445398925,211.69175954221748,37.250686,126.674964,37.254138,126.680626
91.34999999999695,3,DEGRADED,DEGRADED_CLOSED_LOOP,DEGRADED_CLOSED_LOOP,NONE,FRESH,FRESHED,FRESH,FRESH,1,45.92411629946368,114.07588370053632,68.15176740107265,20.30381119793165,-109.86226445398925,211.69175954221748,37.250686,126.674964,37.254138,126.680626
91.39999999999695,3,DEGRADED,DEGRADED_CLOSED_LOOP,DEGRADED_CLOSED_LOOP,NONE,FRESH,FRESHED,FRESH,FRESH,1,45.91370939386471,114.0862906061353,68.17258121227059,20.30381119793165,-109.86226445398925,211.69175954221748,37.250686,126.674964,37.254138,126.680626
91.44999999999695,3,DEGRADED,DEGRADED_FEEDFORWARD,DEGRADED_FEEDFORWARD,NONE,FRESH,FRESHED,STALE,FRESH,1,48.913709393864536,111.08629060613546,37.54748489517624,10.99631287524648,-109.86226445398925,211.69175954221748,37.250686,126.674964,37.254138,126.680626
91.49999999999694,3,DEGRADED,DEGRADED_FEEDFORWARD,DEGRADED_FEEDFORWARD,NONE,FRESH,FRESHED,STALE,FRESH,1,51.913709393864366,108.08629060613563,37.54748489517624,10.99631287524648,-109.86226445398925,211.69175954221748,37.250686,126.674964,37.254138,126.680626
91.54999999999694,3,DEGRADED,DEGRADED_FEEDFORWARD,DEGRADED_FEEDFORWARD,NONE,FRESH,FRESHED,STALE,FRESH,1,54.913709393864195,105.0862906061358,37.54748489517624,10.99631287524648,-109.86226445398925,211.69175954221748,37.250686,126.674964,37.254138,126.680626
91.59999999999694,3,DEGRADED,DEGRADED_FEEDFORWARD,DEGRADED_FEEDFORWARD,NONE,FRESH,FRESHED,STALE,FRESH,1,57.913709393864025,102.08629060613598,37.54748489517624,10.99631287524648,-109.86226445398925,211.69175954221748,37.250686,126.674964,37.254138,126.680626
91.64999999999694,3,DEGRADED,DEGRADED_FEEDFORWARD,DEGRADED_FEEDFORWARD,NONE,FRESH,FRESHED,STALE,FRESH,1,60.913709393863854,99.08629060613615,37.54748489517624,10.99631287524648,-109.86226445398925,211.69175954221748,37.250686,126.674964,37.254138,126.680626
91.69999999999693,3,DEGRADED,DEGRADED_FEEDFORWARD,DEGRADED_FEEDFORWARD,NONE,FRESH,FRESHED,STALE,FRESH,1,61.22625755241188,98.77374244758812,37.54748489517624,10.99631287524648,-109.86226445398925,211.69175954221748,37.250686,126.674964,37.254138,126.680626
91.74999999999693,3,DEGRADED,DEGRADED_FEEDFORWARD,DEGRADED_FEEDFORWARD,NONE,FRESH,FRESHED,STALE,STALE,1,61.22625755241188,98.77374244758812,37.54748489517624,10.99631287524648,-109.86226445398925,211.69175954221748,37.250686,126.674964,37.254138,126.680626
91.79999999999693,3,DEGRADED,DEGRADED_FEEDFORWARD,DEGRADED_FEEDFORWARD,NONE,FRESH,FRESHED,STALE,STALE,1,61.22625755241188,98.77374244758812,37.54748489517624,10.99631287524648,-109.86226445398925,211.69175954221748,37.250686,126.674964,37.254138,126.680626
91.84999999999692,3,DEGRADED,DEGRADED_FEEDFORWARD,DEGRADED_FEEDFORWARD,NONE,FRESH,FRESHED,STALE,STALE,1,61.22625755241188,98.77374244758812,37.54748489517624,10.99631287524648,-109.86226445398925,211.69175954221748,37.250686,126.674964,37.254138,126.680626
91.89999999999692,3,DEGRADED,DEGRADED_FEEDFORWARD,DEGRADED_FEEDFORWARD,NONE,FRESH,FRESHED,STALE,STALE,1,61.22625755241188,98.77374244758812,37.54748489517624,10.99631287524648,-109.86226445398925,211.69175954221748,37.250686,126.674964,37.254138,126.680626
91.94999999999692,3,DEGRADED,DEGRADED_FEEDFORWARD,DEGRADED_FEEDFORWARD,NONE,FRESH,FRESHED,STALE,STALE,1,61.22625755241188,98.77374244758812,37.54748489517624,10.99631287524648,-109.86226445398925,211.69175954221748,37.250686,126.674964,37.254138,126.680626
91.99999999999692,3,DEGRADED,DEGRADED_FEEDFORWARD,DEGRADED_FEEDFORWARD,NONE,FRESH,FRESHED,STALE,STALE,1,61.22625755241188,98.77374244758812,37.54748489517624,10.99631287524648,-109.86226445398925,211.69175954221748,37.250686,126.674964,37.254138,126.680626
92.04999999999691,3,DEGRADED,DEGRADED_FEEDFORWARD,DEGRADED_FEEDFORWARD,NONE,FRESH,FRESHED,STALE,STALE,1,61.22625755241188,98.77374244758812,37.54748489517624,10.99631287524648,-109.86226445398925,211.69175954221748,37.250686,126.674964,37.254138,126.680626
92.09999999999691,3,DEGRADED,DEGRADED_FEEDFORWARD,DEGRADED_FEEDFORWARD,NONE,FRESH,FRESHED,STALE,STALE,1,61.22625755241188,98.77374244758812,37.54748489517624,10.99631287524648,-109.86226445398925,211.69175954221748,37.250686,126.674964,37.254138,126.680626
92.14999999999691,3,DEGRADED,DEGRADED_FEEDFORWARD,DEGRADED_FEEDFORWARD,NONE,FRESH,FRESHED,STALE,STALE,1,61.22625755241188,98.77374244758812,37.54748489517624,10.99631287524648,-109.86226445398925,211.69175954221748,37.250686,126.674964,37.254138,126.680626
92.1999999999969,3,DEGRADED,DEGRADED_CLOSED_LOOP,DEGRADED_CLOSED_LOOP,NONE,FRESH,FRESHED,FRESH,FRESH,1,57.72625755241208,102.27374244758792,63.29117691797801,18.38505335781402,-109.86226445398925,211.69175954221748,37.250686,126.674964,37.254138,126.680626
92.2499999999969,3,DEGRADED,DEGRADED_CLOSED_LOOP,DEGRADED_CLOSED_LOOP,NONE,FRESH,FRESHED,FRESH,FRESH,1,54.22625755241228,105.77374244758772,63.30979197133582,18.38505335781402,-109.86226445398925,211.69175954221748,37.250686,126.674964,37.254138,126.680626
92.2999999999969,3,DEGRADED,DEGRADED_CLOSED_LOOP,DEGRADED_CLOSED_LOOP,NONE,FRESH,FRESHED,FRESH,FRESH,1,50.72625755241248,109.27374244758752,63.32840702469363,18.38505335781402,-109.86226445398925,211.69175954221748,37.250686,126.674964,37.254138,126.680626
92.3499999999969,3,DEGRADED,DEGRADED_CLOSED_LOOP,DEGRADED_CLOSED_LOOP,NONE,FRESH,FRESHED,FRESH,FRESH,1,48.326488960974274,111.67351103902573,63.347022078051445,18.38505335781402,-109.86226445398925,211.69175954221748,37.250686,126.674964,37.254138,126.680626
92.3999999999969,3,DEGRADED,DEGRADED_CLOSED_LOOP,DEGRADED_CLOSED_LOOP,NONE,FRESH,FRESHED,FRESH,FRESH,1,48.31718143429537,111.68281856570462,63.36563713140926,18.38505335781402,-109.86226445398925,211.69175954221748,37.250686,126.674964,37.254138,126.680626
92.44999999999689,3,DEGRADED,DEGRADED_FEEDFORWARD,DEGRADED_FEEDFORWARD,NONE,FRESH,FRESHED,STALE,FRESH,1,51.3171814342952,108.68281856570479,38.05108248920658,11.231081786447678,-109.86226445398925,211.69175954221748,37.250686,126.674964,37.254138,126.680626
92.49999999999689,3,DEGRADED,DEGRADED_FEEDFORWARD,DEGRADED_FEEDFORWARD,NONE,FRESH,FRESHED,STALE,FRESH,1,54.31718143429503,105.68281856570496,38.05108248920658,11.231081786447678,-109.86226445398925,211.69175954221748,37.250686,126.674964,37.254138,126.680626
92.54999999999688,3,DEGRADED,DEGRADED_FEEDFORWARD,DEGRADED_FEEDFORWARD,NONE,FRESH,FRESHED,STALE,FRESH,1,57.31718143429486,102.68281856570513,38.05108248920658,11.231081786447678,-109.86226445398925,211.69175954221748,37.250686,126.674964,37.254138,126.680626
92.59999999999688,3,DEGRADED,DEGRADED_FEEDFORWARD,DEGRADED_FEEDFORWARD,NONE,FRESH,FRESHED,STALE,FRESH,1,60.31718143429469,99.6828185657053,38.05108248920658,11.231081786447678,-109.86226445398925,211.69175954221748,37.250686,126.674964,37.254138,126.680626
92.64999999999688,3,DEGRADED,DEGRADED_FEEDFORWARD,DEGRADED_FEEDFORWARD,NONE,FRESH,FRESHED,STALE,FRESH,1,60.97445875539671,99.02554124460329,38.05108248920658,11.231081786447678,-109.86226445398925,211.69175954221748,37.250686,126.674964,37.254138,126.680626
92.69999999999688,3,DEGRADED,DEGRADED_FEEDFORWARD,DEGRADED_FEEDFORWARD,NONE,FRESH,FRESHED,STALE,FRESH,1,60.97445875539671,99.02554124460329,38.05108248920658,11.231081786447678,-109.86226445398925,211.69175954221748,37.250686,126.674964,37.254138,126.680626
92.74999999999687,3,DEGRADED,DEGRADED_FEEDFORWARD,DEGRADED_FEEDFORWARD,NONE,FRESH,FRESHED,STALE,STALE,1,60.97445875539671,99.02554124460329,38.05108248920658,11.231081786447678,-109.86226445398925,211.69175954221748,37.250686,126.674964,37.254138,126.680626
92.79999999999687,3,DEGRADED,DEGRADED_FEEDFORWARD,DEGRADED_FEEDFORWARD,NONE,FRESH,FRESHED,STALE,STALE,1,60.97445875539671,99.02554124460329,38.05108248920658,11.231081786447678,-109.86226445398925,211.69175954221748,37.250686,126.674964,37.254138,126.680626
92.84999999999687,3,DEGRADED,DEGRADED_FEEDFORWARD,DEGRADED_FEEDFORWARD,NONE,FRESH,FRESHED,STALE,STALE,1,60.97445875539671,99.02554124460329,38.05108248920658,11.231081786447678,-109.86226445398925,211.69175954221748,37.250686,126.674964,37.254138,126.680626
92.89999999999687,3,DEGRADED,DEGRADED_FEEDFORWARD,DEGRADED_FEEDFORWARD,NONE,FRESH,FRESHED,STALE,STALE,1,60.97445875539671,99.02554124460329,38.05108248920658,11.231081786447678,-109.86226445398925,211.69175954221748,37.250686,126.674964,37.254138,126.680626
92.94999999999686,3,DEGRADED,DEGRADED_FEEDFORWARD,DEGRADED_FEEDFORWARD,NONE,FRESH,FRESHED,STALE,STALE,1,60.97445875539671,99.02554124460329,38.05108248920658,11.231081786447678,-109.86226445398925,211.69175954221748,37.250686,126.674964,37.254138,126.680626
92.99999999999686,3,DEGRADED,DEGRADED_FEEDFORWARD,DEGRADED_FEEDFORWARD,NONE,FRESH,FRESHED,STALE,STALE,1,60.97445875539671,99.02554124460329,38.05108248920658,11.231081786447678,-109.86226445398925,211.69175954221748,37.250686,126.674964,37.254138,126.680626
93.04999999999686,3,DEGRADED,DEGRADED_FEEDFORWARD,DEGRADED_FEEDFORWARD,NONE,FRESH,FRESHED,STALE,STALE,1,60.97445875539671,99.02554124460329,38.05108248920658,11.231081786447678,-109.86226445398925,211.69175954221748,37.250686,126.674964,37.254138,126.680626
93.09999999999685,3,DEGRADED,DEGRADED_FEEDFORWARD,DEGRADED_FEEDFORWARD,NONE,FRESH,FRESHED,STALE,STALE,1,60.97445875539671,99.02554124460329,38.05108248920658,11.231081786447678,-109.86226445398925,211.69175954221748,37.250686,126.674964,37.254138,126.680626
93.14999999999685,3,DEGRADED,DEGRADED_FEEDFORWARD,DEGRADED_FEEDFORWARD,NONE,FRESH,FRESHED,STALE,STALE,1,60.97445875539671,99.02554124460329,38.05108248920658,11.231081786447678,-109.86226445398925,211.69175954221748,37.250686,126.674964,37.254138,126.680626
93.19999999999685,3,ACTIVE,NOMINAL_CLOSED_LOOP,NOMINAL_CLOSED_LOOP,NONE,FRESH,FRESH,FRESH,FRESH,1,55.974458755396995,104.025541244603,64.29189697632995,17.398235953687642,-106.17714338797326,224.36632366834198,37.250686,126.674964,37.254138,126.680626
93.24999999999685,3,ACTIVE,NOMINAL_CLOSED_LOOP,NOMINAL_CLOSED_LOOP,NONE,FRESH,FRESH,FRESH,FRESH,1,50.97445875539728,109.02554124460272,64.30949521228364,17.398235953687642,-106.17714338797326,224.36632366834198,37.250686,126.674964,37.254138,126.680626
93.29999999999684,3,ACTIVE,NOMINAL_CLOSED_LOOP,NOMINAL_CLOSED_LOOP,NONE,FRESH,FRESH,FRESH,FRESH,1,47.83645327588133,112.16354672411867,64.32709344823733,17.398235953687642,-106.17714338797326,224.36632366834198,37.250686,126.674964,37.254138,126.680626
93.34999999999684,3,ACTIVE,NOMINAL_CLOSED_LOOP,NOMINAL_CLOSED_LOOP,NONE,FRESH,FRESH,FRESH,FRESH,1,47.82765415790449,112.17234584209551,64.34469168419102,17.398235953687642,-106.17714338797326,224.36632366834198,37.250686,126.674964,37.254138,126.680626
93.39999999999684,3,ACTIVE,NOMINAL_CLOSED_LOOP,NOMINAL_CLOSED_LOOP,NONE,FRESH,FRESH,FRESH,FRESH,1,47.81885503992765,112.18114496007234,64.3622899201447,17.398235953687642,-106.17714338797326,224.36632366834198,37.250686,126.674964,37.254138,126.680626
93.44999999999683,3,ACTIVE,NOMINAL_FEEDFORWARD,NOMINAL_FEEDFORWARD,NONE,FRESH,FRESH,STALE,FRESH,1,52.31885503992739,107.6811449600726,52.78518337133368,15.223456459476688,-106.17714338797326,224.36632366834198,37.250686,126.674964,37.254138,126.680626
93.49999999999683,3,ACTIVE,NOMINAL_FEEDFORWARD,NOMINAL_FEEDFORWARD,NONE,FRESH,FRESH,STALE,FRESH,1,53.607408314333156,106.39259168566684,52.78518337133368,15.223456459476688,-106.17714338797326,224.36632366834198,37.250686,126.674964,37.254138,126.680626
93.54999999999683,3,ACTIVE,NOMINAL_FEEDFORWARD,NOMINAL_FEEDFORWARD,NONE,FRESH,FRESH,STALE,FRESH,1,53.607408314333156,106.39259168566684,52.78518337133368,15.223456459476688,-106.17714338797326,224.36632366834198,37.250686,126.674964,37.254138,126.680626
93.59999999999683,3,ACTIVE,NOMINAL_FEEDFORWARD,NOMINAL_FEEDFORWARD,NONE,FRESH,FRESH,STALE,FRESH,1,53.607408314333156,106.39259168566684,52.78518337133368,15.223456459476688,-106.17714338797326,224.36632366834198,37.250686,126.674964,37.254138,126.680626
93.64999999999682,3,ACTIVE,NOMINAL_FEEDFORWARD,NOMINAL_FEEDFORWARD,NONE,FRESH,FRESH,STALE,FRESH,1,53.607408314333156,106.39259168566684,52.78518337133368,15.223456459476688,-106.17714338797326,224.36632366834198,37.250686,126.674964,37.254138,126.680626
93.69999999999682,3,ACTIVE,NOMINAL_FEEDFORWARD,NOMINAL_FEEDFORWARD,NONE,FRESH,FRESH,STALE,FRESH,1,53.607408314333156,106.39259168566684,52.78518337133368,15.223456459476688,-106.17714338797326,224.36632366834198,37.250686,126.674964,37.254138,126.680626
93.74999999999682,3,ACTIVE,NOMINAL_FEEDFORWARD,NOMINAL_FEEDFORWARD,NONE,FRESH,FRESH,STALE,STALE,1,53.607408314333156,106.39259168566684,52.78518337133368,15.223456459476688,-106.17714338797326,224.36632366834198,37.250686,126.674964,37.254138,126.680626
93.79999999999681,3,ACTIVE,NOMINAL_FEEDFORWARD,NOMINAL_FEEDFORWARD,NONE,FRESH,FRESH,STALE,STALE,1,53.607408314333156,106.39259168566684,52.78518337133368,15.223456459476688,-106.17714338797326,224.36632366834198,37.250686,126.674964,37.254138,126.680626
93.84999999999681,3,ACTIVE,NOMINAL_FEEDFORWARD,NOMINAL_FEEDFORWARD,NONE,FRESH,FRESH,STALE,STALE,1,53.607408314333156,106.39259168566684,52.78518337133368,15.223456459476688,-106.17714338797326,224.36632366834198,37.250686,126.674964,37.254138,126.680626
93.89999999999681,3,ACTIVE,NOMINAL_FEEDFORWARD,NOMINAL_FEEDFORWARD,NONE,FRESH,FRESH,STALE,STALE,1,53.607408314333156,106.39259168566684,52.78518337133368,15.223456459476688,-106.17714338797326,224.36632366834198,37.250686,126.674964,37.254138,126.680626
93.9499999999968,3,ACTIVE,NOMINAL_FEEDFORWARD,NOMINAL_FEEDFORWARD,NONE,FRESH,FRESH,STALE,STALE,1,53.607408314333156,106.39259168566684,52.78518337133368,15.223456459476688,-106.17714338797326,224.36632366834198,37.250686,126.674964,37.254138,126.680626
93.9999999999968,3,ACTIVE,NOMINAL_FEEDFORWARD,NOMINAL_FEEDFORWARD,NONE,FRESH,FRESH,STALE,STALE,1,53.607408314333156,106.39259168566684,52.78518337133368,15.223456459476688,-106.17714338797326,224.36632366834198,37.250686,126.674964,37.254138,126.680626
94.0499999999968,3,ACTIVE,NOMINAL_FEEDFORWARD,NOMINAL_FEEDFORWARD,NONE,FRESH,FRESH,STALE,STALE,1,53.607408314333156,106.39259168566684,52.78518337133368,15.223456459476688,-106.17714338797326,224.36632366834198,37.250686,126.674964,37.254138,126.680626
94.0999999999968,3,ACTIVE,NOMINAL_FEEDFORWARD,NOMINAL_FEEDFORWARD,NONE,FRESH,FRESH,STALE,STALE,1,53.607408314333156,106.39259168566684,52.78518337133368,15.223456459476688,-106.17714338797326,224.36632366834198,37.250686,126.674964,37.254138,126.680626
94.1499999999968,3,ACTIVE,NOMINAL_FEEDFORWARD,NOMINAL_FEEDFORWARD,NONE,FRESH,FRESH,STALE,STALE,1,53.607408314333156,106.39259168566684,52.78518337133368,15.223456459476688,-106.17714338797326,224.36632366834198,37.250686,126.674964,37.254138,126.680626
94.19999999999679,3,DEGRADED,DEGRADED_CLOSED_LOOP,DEGRADED_CLOSED_LOOP,NONE,FRESH,FRESHED,FRESH,FRESH,1,57.10740831433296,102.89259168566704,43.77282175985664,10.873897471054777,-106.17714338797326,224.36632366834198,37.250686,126.674964,37.254138,126.680626
94.24999999999679,3,DEGRADED,DEGRADED_CLOSED_LOOP,DEGRADED_CLOSED_LOOP,NONE,FRESH,FRESHED,FRESH,FRESH,1,58.10828717133616,101.89171282866384,43.78342565732769,10.873897471054777,-106.17714338797326,224.36632366834198,37.250686,126.674964,37.254138,126.680626
94.29999999999679,3,DEGRADED,DEGRADED_CLOSED_LOOP,DEGRADED_CLOSED_LOOP,NONE,FRESH,FRESHED,FRESH,FRESH,1,58.10298522260062,101.89701477739938,43.79402955479875,10.873897471054777,-106.17714338797326,224.36632366834198,37.250686,126.674964,37.254138,126.680626
94.34999999999678,3,DEGRADED,DEGRADED_CLOSED_LOOP,DEGRADED_CLOSED_LOOP,NONE,FRESH,FRESHED,FRESH,FRESH,1,58.0976832738651,101.9023167261349,43.8046334522698,10.873897471054777,-106.17714338797326,224.36632366834198,37.250686,126.674964,37.254138,126.680626
94.39999999999678,3,DEGRADED,DEGRADED_CLOSED_LOOP,DEGRADED_CLOSED_LOOP,NONE,FRESH,FRESHED,FRESH,FRESH,1,58.09238132512957,101.90761867487043,43.815237349740855,10.873897471054777,-106.17714338797326,224.36632366834198,37.250686,126.674964,37.254138,126.680626
94.44999999999678,3,DEGRADED,DEGRADED_FEEDFORWARD,DEGRADED_FEEDFORWARD,NONE,FRESH,FRESHED,STALE,FRESH,1,61.0923813251294,98.9076186748706,32.496442888350074,8.699117976843821,-106.17714338797326,224.36632366834198,37.250686,126.674964,37.254138,126.680626
94.49999999999677,3,DEGRADED,DEGRADED_FEEDFORWARD,DEGRADED_FEEDFORWARD,NONE,FRESH,FRESHED,STALE,FRESH,1,63.75177855582496,96.24822144417504,32.496442888350074,8.699117976843821,-106.17714338797326,224.36632366834198,37.250686,126.674964,37.254138,126.680626
94.54999999999677,3,DEGRADED,DEGRADED_FEEDFORWARD,DEGRADED_FEEDFORWARD,NONE,FRESH,FRESHED,STALE,FRESH,1,63.75177855582496,96.24822144417504,32.496442888350074,8.699117976843821,-106.17714338797326,224.36632366834198,37.250686,126.674964,37.254138,126.680626
94.59999999999677,3,DEGRADED,DEGRADED_FEEDFORWARD,DEGRADED_FEEDFORWARD,NONE,FRESH,FRESHED,STALE,FRESH,1,63.75177855582496,96.24822144417504,32.496442888350074,8.699117976843821,-106.17714338797326,224.36632366834198,37.250686,126.674964,37.254138,126.680626
94.64999999999677,3,DEGRADED,DEGRADED_FEEDFORWARD,DEGRADED_FEEDFORWARD,NONE,FRESH,FRESHED,STALE,FRESH,1,63.75177855582496,96.24822144417504,32.496442888350074,8.699117976843821,-106.17714338797326,224.36632366834198,37.250686,126.674964,37.254138,126.680626
94.69999999999676,3,DEGRADED,DEGRADED_FEEDFORWARD,DEGRADED_FEEDFORWARD,NONE,FRESH,FRESHED,STALE,FRESH,1,63.75177855582496,96.24822144417504,32.496442888350074,8.699117976843821,-106.17714338797326,224.36632366834198,37.250686,126.674964,37.254138,126.680626
94.74999999999676,3,DEGRADED,DEGRADED_FEEDFORWARD,DEGRADED_FEEDFORWARD,NONE,FRESH,FRESHED,STALE,STALE,1,63.75177855582496,96.24822144417504,32.496442888350074,8.699117976843821,-106.17714338797326,224.36632366834198,37.250686,126.674964,37.254138,126.680626
94.79999999999676,3,DEGRADED,DEGRADED_FEEDFORWARD,DEGRADED_FEEDFORWARD,NONE,FRESH,FRESHED,STALE,STALE,1,63.75177855582496,96.24822144417504,32.496442888350074,8.699117976843821,-106.17714338797326,224.36632366834198,37.250686,126.674964,37.254138,126.680626
94.84999999999675,3,DEGRADED,DEGRADED_FEEDFORWARD,DEGRADED_FEEDFORWARD,NONE,FRESH,FRESHED,STALE,STALE,1,63.75177855582496,96.24822144417504,32.496442888350074,8.699117976843821,-106.17714338797326,224.36632366834198,37.250686,126.674964,37.254138,126.680626
94.89999999999675,3,DEGRADED,DEGRADED_FEEDFORWARD,DEGRADED_FEEDFORWARD,NONE,FRESH,FRESHED,STALE,STALE,1,63.75177855582496,96.24822144417504,32.496442888350074,8.699117976843821,-106.17714338797326,224.36632366834198,37.250686,126.674964,37.254138,126.680626
94.94999999999675,3,DEGRADED,DEGRADED_FEEDFORWARD,DEGRADED_FEEDFORWARD,NONE,FRESH,FRESHED,STALE,STALE,1,63.75177855582496,96.24822144417504,32.496442888350074,8.699117976843821,-106.17714338797326,224.36632366834198,37.250686,126.674964,37.254138,126.680626
94.99999999999675,3,DEGRADED,DEGRADED_FEEDFORWARD,DEGRADED_FEEDFORWARD,NONE,FRESH,FRESHED,STALE,STALE,1,63.75177855582496,96.24822144417504,32.496442888350074,8.699117976843821,-106.17714338797326,224.36632366834198,37.250686,126.674964,37.254138,126.680626
95.04999999999674,3,DEGRADED,DEGRADED_FEEDFORWARD,DEGRADED_FEEDFORWARD,NONE,FRESH,FRESHED,STALE,STALE,1,63.75177855582496,96.24822144417504,32.496442888350074,8.699117976843821,-106.17714338797326,224.36632366834198,37.250686,126.674964,37.254138,126.680626
95.09999999999674,3,DEGRADED,DEGRADED_FEEDFORWARD,DEGRADED_FEEDFORWARD,NONE,FRESH,FRESHED,STALE,STALE,1,63.75177855582496,96.24822144417504,32.496442888350074,8.699117976843821,-106.17714338797326,224.36632366834198,37.250686,126.674964,37.254138,126.680626
95.14999999999674,3,DEGRADED,DEGRADED_FEEDFORWARD,DEGRADED_FEEDFORWARD,NONE,FRESH,FRESHED,STALE,STALE,1,63.75177855582496,96.24822144417504,32.496442888350074,8.699117976843821,-106.17714338797326,224.36632366834198,37.250686,126.674964,37.254138,126.680626
95.19999999999673,3,DEGRADED,DEGRADED_CLOSED_LOOP,DEGRADED_CLOSED_LOOP,NONE,FRESH,FRESHED,FRESH,FRESH,1,60.25177855582516,99.74822144417485,75.08142729397863,23.211496187887793,-800.4753929003091,773.8791053718201,37.250686,126.674964,37.254138,126.680626
95.24999999999673,3,DEGRADED,DEGRADED_CLOSED_LOOP,DEGRADED_CLOSED_LOOP,NONE,FRESH,FRESHED,FRESH,FRESH,1,56.75177855582536,103.24822144417465,75.10529879016651,23.211496187887793,-800.4753929003091,773.8791053718201,37.250686,126.674964,37.254138,126.680626
95.29999999999673,3,DEGRADED,DEGRADED_CLOSED_LOOP,DEGRADED_CLOSED_LOOP,NONE,FRESH,FRESHED,FRESH,FRESH,1,53.25177855582556,106.74822144417445,75.1291702863544,23.211496187887793,-800.4753929003091,773.8791053718201,37.250686,126.674964,37.254138,126.680626
95.34999999999673,3,DEGRADED,DEGRADED_CLOSED_LOOP,DEGRADED_CLOSED_LOOP,NONE,FRESH,FRESHED,FRESH,FRESH,1,49.75177855582576,110.24822144417425,75.15304178254229,23.211496187887793,-800.4753929003091,773.8791053718201,37.250686,126.674964,37.254138,126.680626
95.39999999999672,3,DEGRADED,DEGRADED_CLOSED_LOOP,DEGRADED_CLOSED_LOOP,NONE,FRESH,FRESHED,FRESH,FRESH,1,46.25177855582596,113.74822144417405,75.17691327873017,23.211496187887793,-800.4753929003091,773.8791053718201,37.250686,126.674964,37.254138,126.680626
95.44999999999672,3,DEGRADED,DEGRADED_FEEDFORWARD,DEGRADED_FEEDFORWARD,NONE,FRESH,FRESHED,STALE,FRESH,1,49.25177855582579,110.74822144417422,41.8492768263462,13.032663509953878,-800.4753929003091,773.8791053718201,37.250686,126.674964,37.254138,126.680626
95.49999999999672,3,DEGRADED,DEGRADED_FEEDFORWARD,DEGRADED_FEEDFORWARD,NONE,FRESH,FRESHED,STALE,FRESH,1,52.25177855582562,107.74822144417439,41.8492768263462,13.032663509953878,-800.4753929003091,773.8791053718201,37.250686,126.674964,37.254138,126.680626
95.54999999999671,3,DEGRADED,DEGRADED_FEEDFORWARD,DEGRADED_FEEDFORWARD,NONE,FRESH,FRESHED,STALE,FRESH,1,55.251778555825446,104.74822144417456,41.8492768263462,13.032663509953878,-800.4753929003091,773.8791053718201,37.250686,126.674964,37.254138,126.680626
95.59999999999671,3,DEGRADED,DEGRADED_FEEDFORWARD,DEGRADED_FEEDFORWARD,NONE,FRESH,FRESHED,STALE,FRESH,1,58.251778555825275,101.74822144417473,41.8492768263462,13.032663509953878,-800.4753929003091,773.8791053718201,37.250686,126.674964,37.254138,126.680626
95.64999999999671,3,DEGRADED,DEGRADED_FEEDFORWARD,DEGRADED_FEEDFORWARD,NONE,FRESH,FRESHED,STALE,FRESH,1,59.0753615868269,100.9246384131731,41.8492768263462,13.032663509953878,-800.4753929003091,773.8791053718201,37.250686,126.674964,37.254138,126.680626
95.6999999999967,3,DEGRADED,DEGRADED_FEEDFORWARD,DEGRADED_FEEDFORWARD,NONE,FRESH,FRESHED,STALE,FRESH,1,59.0753615868269,100.9246384131731,41.8492768263462,13.032663509953878,-800.4753929003091,773.8791053718201,37.250686,126.674964,37.254138,126.680626
95.7499999999967,3,DEGRADED,DEGRADED_FEEDFORWARD,DEGRADED_FEEDFORWARD,NONE,FRESH,FRESHED,STALE,STALE,1,59.0753615868269,100.9246384131731,41.8492768263462,13.032663509953878,-800.4753929003091,773.8791053718201,37.250686,126.674964,37.254138,126.680626
95.7999999999967,3,DEGRADED,DEGRADED_FEEDFORWARD,DEGRADED_FEEDFORWARD,NONE,FRESH,FRESHED,STALE,STALE,1,59.0753615868269,100.9246384131731,41.8492768263462,13.032663509953878,-800.4753929003091,773.8791053718201,37.250686,126.674964,37.254138,126.680626
95.8499999999967,3,DEGRADED,DEGRADED_FEEDFORWARD,DEGRADED_FEEDFORWARD,NONE,FRESH,FRESHED,STALE,STALE,1,59.0753615868269,100.9246384131731,41.8492768263462,13.032663509953878,-800.4753929003091,773.8791053718201,37.250686,126.674964,37.254138,126.680626
95.8999999999967,3,DEGRADED,DEGRADED_FEEDFORWARD,DEGRADED_FEEDFORWARD,NONE,FRESH,FRESHED,STALE,STALE,1,59.0753615868269,100.9246384131731,41.8492768263462,13.032663509953878,-800.4753929003091,773.8791053718201,37.250686,126.674964,37.254138,126.680626
95.94999999999669,3,DEGRADED,DEGRADED_FEEDFORWARD,DEGRADED_FEEDFORWARD,NONE,FRESH,FRESHED,STALE,STALE,1,59.0753615868269,100.9246384131731,41.8492768263462,13.032663509953878,-800.4753929003091,773.8791053718201,37.250686,126.674964,37.254138,126.680626
95.99999999999669,3,DEGRADED,DEGRADED_FEEDFORWARD,DEGRADED_FEEDFORWARD,NONE,FRESH,FRESHED,STALE,STALE,1,59.0753615868269,100.9246384131731,41.8492768263462,13.032663509953878,-800.4753929003091,773.8791053718201,37.250686,126.674964,37.254138,126.680626
96.04999999999669,3,DEGRADED,DEGRADED_FEEDFORWARD,DEGRADED_FEEDFORWARD,NONE,FRESH,FRESHED,STALE,STALE,1,59.0753615868269,100.9246384131731,41.8492768263462,13.032663509953878,-800.4753929003091,773.8791053718201,37.250686,126.674964,37.254138,126.680626
96.09999999999668,3,DEGRADED,DEGRADED_FEEDFORWARD,DEGRADED_FEEDFORWARD,NONE,FRESH,FRESHED,STALE,STALE,1,59.0753615868269,100.9246384131731,41.8492768263462,13.032663509953878,-800.4753929003091,773.8791053718201,37.250686,126.674964,37.254138,126.680626
96.14999999999668,3,DEGRADED,DEGRADED_FEEDFORWARD,DEGRADED_FEEDFORWARD,NONE,FRESH,FRESHED,STALE,STALE,1,59.0753615868269,100.9246384131731,41.8492768263462,13.032663509953878,-800.4753929003091,773.8791053718201,37.250686,126.674964,37.254138,126.680626
96.19999999999668,3,DEGRADED,DEGRADED_CLOSED_LOOP,DEGRADED_CLOSED_LOOP,NONE,FRESH,FRESHED,FRESH,FRESH,1,58.11372500282937,101.88627499717063,43.77254999434126,10.873897471054777,-800.4753929003091,773.8791053718201,37.250686,126.674964,37.254138,126.680626
96.24999999999667,3,DEGRADED,DEGRADED_CLOSED_LOOP,DEGRADED_CLOSED_LOOP,NONE,FRESH,FRESHED,FRESH,FRESH,1,58.10842805409384,101.89157194590615,43.783143891812315,10.873897471054777,-800.4753929003091,773.8791053718201,37.250686,126.674964,37.254138,126.680626
96.29999999999667,3,DEGRADED,DEGRADED_CLOSED_LOOP,DEGRADED_CLOSED_LOOP,NONE,FRESH,FRESHED,FRESH,FRESH,1,58.103131105358315,101.89686889464168,43.79373778928337,10.873897471054777,-800.4753929003091,773.8791053718201,37.250686,126.674964,37.254138,126.680626
96.34999999999667,3,DEGRADED,DEGRADED_CLOSED_LOOP,DEGRADED_CLOSED_LOOP,NONE,FRESH,FRESHED,FRESH,FRESH,1,58.09783415662279,101.90216584337722,43.80433168675442,10.873897471054777,-800.4753929003091,773.8791053718201,37.250686,126.674964,37.254138,126.680626
96.39999999999667,3,DEGRADED,DEGRADED_CLOSED_LOOP,DEGRADED_CLOSED_LOOP,NONE,FRESH,FRESHED,FRESH,FRESH,1,58.09253720788726,101.90746279211274,43.81492558422548,10.873897471054777,-800.4753929003091,773.8791053718201,37.250686,126.674964,37.254138,126.680626
96.44999999999666,3,DEGRADED,DEGRADED_FEEDFORWARD,DEGRADED_FEEDFORWARD,NONE,FRESH,FRESHED,STALE,FRESH,1,61.09253720788709,98.90746279211291,32.496442888350074,8.699117976843821,-800.4753929003091,773.8791053718201,37.250686,126.674964,37.254138,126.680626
96.49999999999666,3,DEGRADED,DEGRADED_FEEDFORWARD,DEGRADED_FEEDFORWARD,NONE,FRESH,FRESHED,STALE,FRESH,1,63.75177855582496,96.24822144417504,32.496442888350074,8.699117976843821,-800.4753929003091,773.8791053718201,37.250686,126.674964,37.254138,126.680626
96.54999999999666,3,DEGRADED,DEGRADED_FEEDFORWARD,DEGRADED_FEEDFORWARD,NONE,FRESH,FRESHED,STALE,FRESH,1,63.75177855582496,96.24822144417504,32.496442888350074,8.699117976843821,-800.4753929003091,773.8791053718201,37.250686,126.674964,37.254138,126.680626
96.59999999999665,3,DEGRADED,DEGRADED_FEEDFORWARD,DEGRADED_FEEDFORWARD,NONE,FRESH,FRESHED,STALE,FRESH,1,63.75177855582496,96.24822144417504,32.496442888350074,8.699117976843821,-800.4753929003091,773.8791053718201,37.250686,126.674964,37.254138,126.680626
96.64999999999665,3,DEGRADED,DEGRADED_FEEDFORWARD,DEGRADED_FEEDFORWARD,NONE,FRESH,FRESHED,STALE,FRESH,1,63.75177855582496,96.24822144417504,32.496442888350074,8.699117976843821,-800.4753929003091,773.8791053718201,37.250686,126.674964,37.254138,126.680626
96.69999999999665,3,DEGRADED,DEGRADED_FEEDFORWARD,DEGRADED_FEEDFORWARD,NONE,FRESH,FRESHED,STALE,FRESH,1,63.75177855582496,96.24822144417504,32.496442888350074,8.699117976843821,-800.4753929003091,773.8791053718201,37.250686,126.674964,37.254138,126.680626
96.74999999999665,3,DEGRADED,DEGRADED_FEEDFORWARD,DEGRADED_FEEDFORWARD,NONE,FRESH,FRESHED,STALE,STALE,1,63.75177855582496,96.24822144417504,32.496442888350074,8.699117976843821,-800.4753929003091,773.8791053718201,37.250686,126.674964,37.254138,126.680626
96.79999999999664,3,DEGRADED,DEGRADED_FEEDFORWARD,DEGRADED_FEEDFORWARD,NONE,FRESH,FRESHED,STALE,STALE,1,63.75177855582496,96.24822144417504,32.496442888350074,8.699117976843821,-800.4753929003091,773.8791053718201,37.250686,126.674964,37.254138,126.680626
96.84999999999664,3,DEGRADED,DEGRADED_FEEDFORWARD,DEGRADED_FEEDFORWARD,NONE,FRESH,FRESHED,STALE,STALE,1,63.75177855582496,96.24822144417504,32.496442888350074,8.699117976843821,-800.4753929003091,773.8791053718201,37.250686,126.674964,37.254138,126.680626
96.89999999999664,3,DEGRADED,DEGRADED_FEEDFORWARD,DEGRADED_FEEDFORWARD,NONE,FRESH,FRESHED,STALE,STALE,1,63.75177855582496,96.24822144417504,32.496442888350074,8.699117976843821,-800.4753929003091,773.8791053718201,37.250686,126.674964,37.254138,126.680626
96.94999999999663,3,DEGRADED,DEGRADED_FEEDFORWARD,DEGRADED_FEEDFORWARD,NONE,FRESH,FRESHED,STALE,STALE,1,63.75177855582496,96.24822144417504,32.496442888350074,8.699117976843821,-800.4753929003091,773.8791053718201,37.250686,126.674964,37.254138,126.680626
96.99999999999663,3,DEGRADED,DEGRADED_FEEDFORWARD,DEGRADED_FEEDFORWARD,NONE,FRESH,FRESHED,STALE,STALE,1,63.75177855582496,96.24822144417504,32.496442888350074,8.699117976843821,-800.4753929003091,773.8791053718201,37.250686,126.674964,37.254138,126.680626
97.04999999999663,3,DEGRADED,DEGRADED_FEEDFORWARD,DEGRADED_FEEDFORWARD,NONE,FRESH,FRESHED,STALE,STALE,1,63.75177855582496,96.24822144417504,32.496442888350074,8.699117976843821,-800.4753929003091,773.8791053718201,37.250686,126.674964,37.254138,126.680626
97.09999999999663,3,DEGRADED,DEGRADED_FEEDFORWARD,DEGRADED_FEEDFORWARD,NONE,FRESH,FRESHED,STALE,STALE,1,63.75177855582496,96.24822144417504,32.496442888350074,8.699117976843821,-800.4753929003091,773.8791053718201,37.250686,126.674964,37.254138,126.680626
97.14999999999662,3,DEGRADED,DEGRADED_FEEDFORWARD,DEGRADED_FEEDFORWARD,NONE,FRESH,FRESHED,STALE,STALE,1,63.75177855582496,96.24822144417504,32.496442888350074,8.699117976843821,-800.4753929003091,773.8791053718201,37.250686,126.674964,37.254138,126.680626
97.19999999999662,3,DEGRADED,DEGRADED_CLOSED_LOOP,DEGRADED_CLOSED_LOOP,NONE,FRESH,FRESHED,FRESH,FRESH,1,60.25177855582516,99.74822144417485,44.0468386127115,10.873897471054777,-800.4753929003091,773.8791053718201,37.250686,126.674964,37.254138,126.680626
97.24999999999662,3,DEGRADED,DEGRADED_CLOSED_LOOP,DEGRADED_CLOSED_LOOP,NONE,FRESH,FRESHED,FRESH,FRESH,1,57.970863744908726,102.02913625509127,44.05827251018255,10.873897471054777,-800.4753929003091,773.8791053718201,37.250686,126.674964,37.254138,126.680626
97.29999999999661,3,DEGRADED,DEGRADED_CLOSED_LOOP,DEGRADED_CLOSED_LOOP,NONE,FRESH,FRESHED,FRESH,FRESH,1,57.9651467961732,102.0348532038268,44.069706407653605,10.873897471054777,-800.4753929003091,773.8791053718201,37.250686,126.674964,37.254138,126.680626
97.34999999999661,3,DEGRADED,DEGRADED_CLOSED_LOOP,DEGRADED_CLOSED_LOOP,NONE,FRESH,FRESHED,FRESH,FRESH,1,57.95942984743767,102.04057015256234,44.08114030512466,10.873897471054777,-800.4753929003091,773.8791053718201,37.250686,126.674964,37.254138,126.680626
97.39999999999661,3,DEGRADED,DEGRADED_CLOSED_LOOP,DEGRADED_CLOSED_LOOP,NONE,FRESH,FRESHED,FRESH,FRESH,1,57.95371289870214,102.04628710129785,44.09257420259571,10.873897471054777,-800.4753929003091,773.8791053718201,37.250686,126.674964,37.254138,126.680626
97.4499999999966,3,DEGRADED,DEGRADED_FEEDFORWARD,DEGRADED_FEEDFORWARD,NONE,FRESH,FRESHED,STALE,FRESH,1,60.95371289870197,99.04628710129802,32.496442888350074,8.699117976843821,-800.4753929003091,773.8791053718201,37.250686,126.674964,37.254138,126.680626
97.4999999999966,3,DEGRADED,DEGRADED_FEEDFORWARD,DEGRADED_FEEDFORWARD,NONE,FRESH,FRESHED,STALE,FRESH,1,63.75177855582496,96.24822144417504,32.496442888350074,8.699117976843821,-800.4753929003091,773.8791053718201,37.250686,126.674964,37.254138,126.680626
97.5499999999966,3,DEGRADED,DEGRADED_FEEDFORWARD,DEGRADED_FEEDFORWARD,NONE,FRESH,FRESHED,STALE,FRESH,1,63.75177855582496,96.24822144417504,32.496442888350074,8.699117976843821,-800.4753929003091,773.8791053718201,37.250686,126.674964,37.254138,126.680626
97.5999999999966,3,DEGRADED,DEGRADED_FEEDFORWARD,DEGRADED_FEEDFORWARD,NONE,FRESH,FRESHED,STALE,FRESH,1,63.75177855582496,96.24822144417504,32.496442888350074,8.699117976843821,-800.4753929003091,773.8791053718201,37.250686,126.674964,37.254138,126.680626
97.6499999999966,3,DEGRADED,DEGRADED_FEEDFORWARD,DEGRADED_FEEDFORWARD,NONE,FRESH,FRESHED,STALE,FRESH,1,63.75177855582496,96.24822144417504,32.496442888350074,8.699117976843821,-800.4753929003091,773.8791053718201,37.250686,126.674964,37.254138,126.680626
97.69999999999659,3,DEGRADED,DEGRADED_FEEDFORWARD,DEGRADED_FEEDFORWARD,NONE,FRESH,FRESHED,STALE,FRESH,1,63.75177855582496,96.24822144417504,32.496442888350074,8.699117976843821,-800.4753929003091,773.8791053718201,37.250686,126.674964,37.254138,126.680626
97.74999999999659,3,DEGRADED,DEGRADED_FEEDFORWARD,DEGRADED_FEEDFORWARD,NONE,FRESH,FRESHED,STALE,STALE,1,63.75177855582496,96.24822144417504,32.496442888350074,8.699117976843821,-800.4753929003091,773.8791053718201,37.250686,126.674964,37.254138,126.680626
97.79999999999659,3,DEGRADED,DEGRADED_FEEDFORWARD,DEGRADED_FEEDFORWARD,NONE,FRESH,FRESHED,STALE,STALE,1,63.75177855582496,96.24822144417504,32.496442888350074,8.699117976843821,-800.4753929003091,773.8791053718201,37.250686,126.674964,37.254138,126.680626
97.84999999999658,3,DEGRADED,DEGRADED_FEEDFORWARD,DEGRADED_FEEDFORWARD,NONE,FRESH,FRESHED,STALE,STALE,1,63.75177855582496,96.24822144417504,32.496442888350074,8.699117976843821,-800.4753929003091,773.8791053718201,37.250686,126.674964,37.254138,126.680626
97.89999999999658,3,DEGRADED,DEGRADED_FEEDFORWARD,DEGRADED_FEEDFORWARD,NONE,FRESH,FRESHED,STALE,STALE,1,63.75177855582496,96.24822144417504,32.496442888350074,8.699117976843821,-800.4753929003091,773.8791053718201,37.250686,126.674964,37.254138,126.680626
97.94999999999658,3,DEGRADED,DEGRADED_FEEDFORWARD,DEGRADED_FEEDFORWARD,NONE,FRESH,FRESHED,STALE,STALE,1,63.75177855582496,96.24822144417504,32.496442888350074,8.699117976843821,-800.4753929003091,773.8791053718201,37.250686,126.674964,37.254138,126.680626
97.99999999999658,3,DEGRADED,DEGRADED_FEEDFORWARD,DEGRADED_FEEDFORWARD,NONE,FRESH,FRESHED,STALE,STALE,1,63.75177855582496,96.24822144417504,32.496442888350074,8.699117976843821,-800.4753929003091,773.8791053718201,37.250686,126.674964,37.254138,126.680626
98.04999999999657,3,DEGRADED,DEGRADED_FEEDFORWARD,DEGRADED_FEEDFORWARD,NONE,FRESH,FRESHED,STALE,STALE,1,63.75177855582496,96.24822144417504,32.496442888350074,8.699117976843821,-800.4753929003091,773.8791053718201,37.250686,126.674964,37.254138,126.680626
98.09999999999657,3,DEGRADED,DEGRADED_FEEDFORWARD,DEGRADED_FEEDFORWARD,NONE,FRESH,FRESHED,STALE,STALE,1,63.75177855582496,96.24822144417504,32.496442888350074,8.699117976843821,-800.4753929003091,773.8791053718201,37.250686,126.674964,37.254138,126.680626
98.14999999999657,3,DEGRADED,DEGRADED_FEEDFORWARD,DEGRADED_FEEDFORWARD,NONE,FRESH,FRESHED,STALE,STALE,1,63.75177855582496,96.24822144417504,32.496442888350074,8.699117976843821,-800.4753929003091,773.8791053718201,37.250686,126.674964,37.254138,126.680626
98.19999999999656,3,DEGRADED,DEGRADED_CLOSED_LOOP,DEGRADED_CLOSED_LOOP,NONE,FRESH,FRESHED,FRESH,FRESH,1,60.25177855582516,99.74822144417485,43.78654316100143,10.873897471054777,-800.4753929003091,773.8791053718201,37.250686,126.674964,37.254138,126.680626
98.24999999999656,3,ACTIVE,FAIL,NO_MOTION,NO_MOTION,FRESH,STALE,FRESH,FRESH,1,63.25177855582499,96.74822144417502,-65.0,-25.0,0.0,0.0,37.250686,126.674964,37.254138,126.680626
98.29999999999656,3,ACTIVE,FAIL,NO_MOTION,NO_MOTION,FRESH,STALE,FRESH,FRESH,1,66.25177855582481,93.74822144417519,-65.0,-25.0,0.0,0.0,37.250686,126.674964,37.254138,126.680626
98.34999999999656,3,ACTIVE,FAIL,NO_MOTION,NO_MOTION,FRESH,STALE,FRESH,FRESH,1,69.25177855582464,90.74822144417536,-65.0,-25.0,0.0,0.0,37.250686,126.674964,37.254138,126.680626
98.39999999999655,3,ACTIVE,FAIL,NO_MOTION,NO_MOTION,FRESH,STALE,FRESH,FRESH,1,72.25177855582447,87.74822144417553,-65.0,-25.0,0.0,0.0,37.250686,126.674964,37.254138,126.680626
98.44999999999655,3,NO_MOTION,FAIL,NO_MOTION,NO_MOTION,FRESH,STALE,STALE,FRESH,0,80.0,80.0,0.0,0.0,0.0,0.0,37.250686,126.674964,37.254138,126.680626
98.49999999999655,3,NO_MOTION,FAIL,NO_MOTION,NO_MOTION,FRESH,STALE,STALE,FRESH,0,80.0,80.0,0.0,0.0,0.0,0.0,37.250686,126.674964,37.254138,126.680626
98.54999999999654,3,NO_MOTION,FAIL,NO_MOTION,NO_MOTION,FRESH,STALE,STALE,FRESH,0,80.0,80.0,0.0,0.0,0.0,0.0,37.250686,126.674964,37.254138,126.680626
98.59999999999654,3,NO_MOTION,FAIL,NO_MOTION,NO_MOTION,FRESH,STALE,STALE,FRESH,0,80.0,80.0,0.0,0.0,0.0,0.0,37.250686,126.674964,37.254138,126.680626
98.64999999999654,3,NO_MOTION,FAIL,NO_MOTION,NO_MOTION,FRESH,STALE,STALE,FRESH,0,80.0,80.0,0.0,0.0,0.0,0.0,37.250686,126.674964,37.254138,126.680626
98.69999999999654,3,NO_MOTION,FAIL,NO_MOTION,NO_MOTION,FRESH,STALE,STALE,FRESH,0,80.0,80.0,0.0,0.0,0.0,0.0,37.250686,126.674964,37.254138,126.680626
98.74999999999653,3,NO_MOTION,FAIL,NO_MOTION,NO_MOTION,FRESH,STALE,STALE,STALE,0,80.0,80.0,0.0,0.0,0.0,0.0,37.250686,126.674964,37.254138,126.680626
98.79999999999653,3,NO_MOTION,FAIL,NO_MOTION,NO_MOTION,FRESH,STALE,STALE,STALE,0,80.0,80.0,0.0,0.0,0.0,0.0,37.250686,126.674964,37.254138,126.680626
98.84999999999653,3,NO_MOTION,FAIL,NO_MOTION,NO_MOTION,FRESH,STALE,STALE,STALE,0,80.0,80.0,0.0,0.0,0.0,0.0,37.250686,126.674964,37.254138,126.680626
98.89999999999652,3,NO_MOTION,FAIL,NO_MOTION,NO_MOTION,FRESH,STALE,STALE,STALE,0,80.0,80.0,0.0,0.0,0.0,0.0,37.250686,126.674964,37.254138,126.680626
98.94999999999652,3,NO_MOTION,FAIL,NO_MOTION,NO_MOTION,FRESH,STALE,STALE,STALE,0,80.0,80.0,0.0,0.0,0.0,0.0,37.250686,126.674964,37.254138,126.680626
98.99999999999652,3,NO_MOTION,FAIL,NO_MOTION,NO_MOTION,FRESH,STALE,STALE,STALE,0,80.0,80.0,0.0,0.0,0.0,0.0,37.250686,126.674964,37.254138,126.680626
99.04999999999652,3,NO_MOTION,FAIL,NO_MOTION,NO_MOTION,FRESH,STALE,STALE,STALE,0,80.0,80.0,0.0,0.0,0.0,0.0,37.250686,126.674964,37.254138,126.680626
99.09999999999651,3,NO_MOTION,FAIL,NO_MOTION,NO_MOTION,FRESH,STALE,STALE,STALE,0,80.0,80.0,0.0,0.0,0.0,0.0,37.250686,126.674964,37.254138,126.680626
99.14999999999651,3,NO_MOTION,FAIL,NO_MOTION,NO_MOTION,FRESH,STALE,STALE,STALE,0,80.0,80.0,0.0,0.0,0.0,0.0,37.250686,126.674964,37.254138,126.680626
99.1999999999965,3,NO_MOTION,FAIL,NO_MOTION,NO_MOTION,FRESH,STALE,STALE,STALE,0,80.0,80.0,0.0,0.0,0.0,0.0,37.250686,126.674964,37.254138,126.680626
99.2499999999965,3,ACTIVE,FAIL,NO_MOTION,NO_MOTION,FRESH,STALE,FRESH,FRESH,1,60.25177855582447,99.74822144417553,65.0,25.0,0.0,0.0,37.250686,126.674964,37.254138,126.680626
99.2999999999965,3,ACTIVE,FAIL,NO_MOTION,NO_MOTION,FRESH,STALE,FRESH,FRESH,1,57.25177855582464,102.74822144417536,65.0,25.0,0.0,0.0,37.250686,126.674964,37.254138,126.680626
99.3499999999965,3,ACTIVE,FAIL,NO_MOTION,NO_MOTION,FRESH,STALE,FRESH,FRESH,1,54.251778555824814,105.74822144417519,65.0,25.0,0.0,0.0,37.250686,126.674964,37.254138,126.680626
99.3999999999965,3,ACTIVE,FAIL,NO_MOTION,NO_MOTION,FRESH,STALE,FRESH,FRESH,1,51.251778555824984,108.74822144417502,65.0,25.0,0.0,0.0,37.250686,126.674964,37.254138,126.680626
99.44999999999649,3,ACTIVE,FAIL,NO_MOTION,NO_MOTION,FRESH,STALE,FRESH,FRESH,1,48.251778555825155,111.74822144417485,65.0,25.0,0.0,0.0,37.250686,126.674964,37.254138,126.680626
99.49999999999649,3,NO_MOTION,FAIL,NO_MOTION,NO_MOTION,FRESH,STALE,STALE,FRESH,0,80.0,80.0,0.0,0.0,0.0,0.0,37.250686,126.674964,37.254138,126.680626
99.54999999999649,3,NO_MOTION,FAIL,NO_MOTION,NO_MOTION,FRESH,STALE,STALE,FRESH,0,80.0,80.0,0.0,0.0,0.0,0.0,37.250686,126.674964,37.254138,126.680626
99.59999999999648,3,NO_MOTION,FAIL,NO_MOTION,NO_MOTION,FRESH,STALE,STALE,FRESH,0,80.0,80.0,0.0,0.0,0.0,0.0,37.250686,126.674964,37.254138,126.680626
99.64999999999648,3,NO_MOTION,FAIL,NO_MOTION,NO_MOTION,FRESH,STALE,STALE,FRESH,0,80.0,80.0,0.0,0.0,0.0,0.0,37.250686,126.674964,37.254138,126.680626
99.69999999999648,3,NO_MOTION,FAIL,NO_MOTION,NO_MOTION,FRESH,STALE,STALE,FRESH,0,80.0,80.0,0.0,0.0,0.0,0.0,37.250686,126.674964,37.254138,126.680626
99.74999999999648,3,NO_MOTION,FAIL,NO_MOTION,NO_MOTION,FRESH,STALE,STALE,FRESH,0,80.0,80.0,0.0,0.0,0.0,0.0,37.250686,126.674964,37.254138,126.680626
99.79999999999647,3,NO_MOTION,FAIL,NO_MOTION,NO_MOTION,FRESH,STALE,STALE,STALE,0,80.0,80.0,0.0,0.0,0.0,0.0,37.250686,126.674964,37.254138,126.680626
99.84999999999647,3,NO_MOTION,FAIL,NO_MOTION,NO_MOTION,FRESH,STALE,STALE,STALE,0,80.0,80.0,0.0,0.0,0.0,0.0,37.250686,126.674964,37.254138,126.680626
99.89999999999647,3,NO_MOTION,FAIL,NO_MOTION,NO_MOTION,FRESH,STALE,STALE,STALE,0,80.0,80.0,0.0,0.0,0.0,0.0,37.250686,126.674964,37.254138,126.680626
99.94999999999646,3,NO_MOTION,FAIL,NO_MOTION,NO_MOTION,FRESH,STALE,STALE,STALE,0,80.0,80.0,0.0,0.0,0.0,0.0,37.250686,126.674964,37.254138,126.680626
99.99999999999646,3,NO_MOTION,FAIL,NO_MOTION,NO_MOTION,FRESH,STALE,STALE,STALE,0,80.0,80.0,0.0,0.0,0.0,0.0,37.250686,126.674964,37.254138,126.680626
100.04999999999646,3,NO_MOTION,FAIL,NO_MOTION,NO_MOTION,FRESH,STALE,STALE,STALE,0,80.0,80.0,0.0,0.0,0.0,0.0,37.250686,126.674964,37.254138,126.680626
100.09999999999646,3,NO_MOTION,FAIL,NO_MOTION,NO_MOTION,FRESH,STALE,STALE,STALE,0,80.0,80.0,0.0,0.0,0.0,0.0,37.250686,126.674964,37.254138,126.680626
100.14999999999645,3,NO_MOTION,FAIL,NO_MOTION,NO_MOTION,FRESH,STALE,STALE,STALE,0,80.0,80.0,0.0,0.0,0.0,0.0,37.250686,126.674964,37.254138,126.680626
100.19999999999645,3,NO_MOTION,FAIL,NO_MOTION,NO_MOTION,FRESH,STALE,STALE,STALE,0,80.0,80.0,0.0,0.0,0.0,0.0,37.250686,126.674964,37.254138,126.680626
100.24999999999645,3,ACTIVE,FAIL,NO_MOTION,NO_MOTION,FRESH,STALE,FRESH,FRESH,1,47.5,112.5,65.0,25.0,0.0,0.0,37.250686,126.674964,37.254138,126.680626
100.29999999999644,3,ACTIVE,FAIL,NO_MOTION,NO_MOTION,FRESH,STALE,FRESH,FRESH,1,47.5,112.5,65.0,25.0,0.0,0.0,37.250686,126.674964,37.254138,126.680626
100.34999999999644,3,ACTIVE,FAIL,NO_MOTION,NO_MOTION,FRESH,STALE,FRESH,FRESH,1,47.5,112.5,65.0,25.0,0.0,0.0,37.250686,126.674964,37.254138,126.680626
100.39999999999644,3,ACTIVE,FAIL,NO_MOTION,NO_MOTION,FRESH,STALE,FRESH,FRESH,1,47.5,112.5,65.0,25.0,0.0,0.0,37.250686,126.674964,37.254138,126.680626
100.44999999999644,3,ACTIVE,FAIL,NO_MOTION,NO_MOTION,FRESH,STALE,FRESH,FRESH,1,47.5,112.5,65.0,25.0,0.0,0.0,37.250686,126.674964,37.254138,126.680626
100.49999999999643,3,NO_MOTION,FAIL,NO_MOTION,NO_MOTION,FRESH,STALE,STALE,FRESH,0,80.0,80.0,0.0,0.0,0.0,0.0,37.250686,126.674964,37.254138,126.680626
100.54999999999643,3,NO_MOTION,FAIL,NO_MOTION,NO_MOTION,FRESH,STALE,STALE,FRESH,0,80.0,80.0,0.0,0.0,0.0,0.0,37.250686,126.674964,37.254138,126.680626
100.59999999999643,3,NO_MOTION,FAIL,NO_MOTION,NO_MOTION,FRESH,STALE,STALE,FRESH,0,80.0,80.0,0.0,0.0,0.0,0.0,37.250686,126.674964,37.254138,126.680626
100.64999999999642,3,NO_MOTION,FAIL,NO_MOTION,NO_MOTION,FRESH,STALE,STALE,FRESH,0,80.0,80.0,0.0,0.0,0.0,0.0,37.250686,126.674964,37.254138,126.680626
100.69999999999642,3,NO_MOTION,FAIL,NO_MOTION,NO_MOTION,FRESH,STALE,STALE,FRESH,0,80.0,80.0,0.0,0.0,0.0,0.0,37.250686,126.674964,37.254138,126.680626
100.74999999999642,3,NO_MOTION,FAIL,NO_MOTION,NO_MOTION,FRESH,STALE,STALE,FRESH,0,80.0,80.0,0.0,0.0,0.0,0.0,37.250686,126.674964,37.254138,126.680626
100.79999999999642,3,NO_MOTION,FAIL,NO_MOTION,NO_MOTION,FRESH,STALE,STALE,STALE,0,80.0,80.0,0.0,0.0,0.0,0.0,37.250686,126.674964,37.254138,126.680626
100.84999999999641,3,NO_MOTION,FAIL,NO_MOTION,NO_MOTION,FRESH,STALE,STALE,STALE,0,80.0,80.0,0.0,0.0,0.0,0.0,37.250686,126.674964,37.254138,126.680626
100.89999999999641,3,NO_MOTION,FAIL,NO_MOTION,NO_MOTION,FRESH,STALE,STALE,STALE,0,80.0,80.0,0.0,0.0,0.0,0.0,37.250686,126.674964,37.254138,126.680626
100.94999999999641,3,NO_MOTION,FAIL,NO_MOTION,NO_MOTION,FRESH,STALE,STALE,STALE,0,80.0,80.0,0.0,0.0,0.0,0.0,37.250686,126.674964,37.254138,126.680626
100.9999999999964,3,NO_MOTION,FAIL,NO_MOTION,NO_MOTION,FRESH,STALE,STALE,STALE,0,80.0,80.0,0.0,0.0,0.0,0.0,37.250686,126.674964,37.254138,126.680626
101.0499999999964,3,NO_MOTION,FAIL,NO_MOTION,NO_MOTION,FRESH,STALE,STALE,STALE,0,80.0,80.0,0.0,0.0,0.0,0.0,37.250686,126.674964,37.254138,126.680626
101.0999999999964,3,NO_MOTION,FAIL,NO_MOTION,NO_MOTION,FRESH,STALE,STALE,STALE,0,80.0,80.0,0.0,0.0,0.0,0.0,37.250686,126.674964,37.254138,126.680626
101.1499999999964,3,NO_MOTION,FAIL,NO_MOTION,NO_MOTION,FRESH,STALE,STALE,STALE,0,80.0,80.0,0.0,0.0,0.0,0.0,37.250686,126.674964,37.254138,126.680626
101.1999999999964,3,NO_MOTION,FAIL,NO_MOTION,NO_MOTION,FRESH,STALE,STALE,STALE,0,80.0,80.0,0.0,0.0,0.0,0.0,37.250686,126.674964,37.254138,126.680626
101.24999999999639,3,ACTIVE,FAIL,NO_MOTION,NO_MOTION,FRESH,STALE,FRESH,FRESH,1,47.5,112.5,65.0,25.0,0.0,0.0,37.250686,126.674964,37.254138,126.680626
101.29999999999639,3,ACTIVE,FAIL,NO_MOTION,NO_MOTION,FRESH,STALE,FRESH,FRESH,1,47.5,112.5,65.0,25.0,0.0,0.0,37.250686,126.674964,37.254138,126.680626
101.34999999999638,3,ACTIVE,FAIL,NO_MOTION,NO_MOTION,FRESH,STALE,FRESH,FRESH,1,47.5,112.5,65.0,25.0,0.0,0.0,37.250686,126.674964,37.254138,126.680626
101.39999999999638,3,ACTIVE,FAIL,NO_MOTION,NO_MOTION,FRESH,STALE,FRESH,FRESH,1,47.5,112.5,65.0,25.0,0.0,0.0,37.250686,126.674964,37.254138,126.680626
101.44999999999638,3,ACTIVE,FAIL,NO_MOTION,NO_MOTION,FRESH,STALE,FRESH,FRESH,1,47.5,112.5,65.0,25.0,0.0,0.0,37.250686,126.674964,37.254138,126.680626
101.49999999999638,3,NO_MOTION,FAIL,NO_MOTION,NO_MOTION,FRESH,STALE,STALE,FRESH,0,80.0,80.0,0.0,0.0,0.0,0.0,37.250686,126.674964,37.254138,126.680626
101.54999999999637,3,NO_MOTION,FAIL,NO_MOTION,NO_MOTION,FRESH,STALE,STALE,FRESH,0,80.0,80.0,0.0,0.0,0.0,0.0,37.250686,126.674964,37.254138,126.680626
101.59999999999637,3,NO_MOTION,FAIL,NO_MOTION,NO_MOTION,FRESH,STALE,STALE,FRESH,0,80.0,80.0,0.0,0.0,0.0,0.0,37.250686,126.674964,37.254138,126.680626
101.64999999999637,3,NO_MOTION,FAIL,NO_MOTION,NO_MOTION,FRESH,STALE,STALE,FRESH,0,80.0,80.0,0.0,0.0,0.0,0.0,37.250686,126.674964,37.254138,126.680626
101.69999999999636,3,NO_MOTION,FAIL,NO_MOTION,NO_MOTION,FRESH,STALE,STALE,FRESH,0,80.0,80.0,0.0,0.0,0.0,0.0,37.250686,126.674964,37.254138,126.680626
101.74999999999636,3,NO_MOTION,FAIL,NO_MOTION,NO_MOTION,FRESH,STALE,STALE,FRESH,0,80.0,80.0,0.0,0.0,0.0,0.0,37.250686,126.674964,37.254138,126.680626
101.79999999999636,3,NO_MOTION,FAIL,NO_MOTION,NO_MOTION,FRESH,STALE,STALE,STALE,0,80.0,80.0,0.0,0.0,0.0,0.0,37.250686,126.674964,37.254138,126.680626
101.84999999999636,3,NO_MOTION,FAIL,NO_MOTION,NO_MOTION,FRESH,STALE,STALE,STALE,0,80.0,80.0,0.0,0.0,0.0,0.0,37.250686,126.674964,37.254138,126.680626
101.89999999999635,3,NO_MOTION,FAIL,NO_MOTION,NO_MOTION,FRESH,STALE,STALE,STALE,0,80.0,80.0,0.0,0.0,0.0,0.0,37.250686,126.674964,37.254138,126.680626
101.94999999999635,3,NO_MOTION,FAIL,NO_MOTION,NO_MOTION,FRESH,STALE,STALE,STALE,0,80.0,80.0,0.0,0.0,0.0,0.0,37.250686,126.674964,37.254138,126.680626
101.99999999999635,3,NO_MOTION,FAIL,NO_MOTION,NO_MOTION,FRESH,STALE,STALE,STALE,0,80.0,80.0,0.0,0.0,0.0,0.0,37.250686,126.674964,37.254138,126.680626
102.04999999999634,3,NO_MOTION,FAIL,NO_MOTION,NO_MOTION,FRESH,STALE,STALE,STALE,0,80.0,80.0,0.0,0.0,0.0,0.0,37.250686,126.674964,37.254138,126.680626
102.09999999999634,3,NO_MOTION,FAIL,NO_MOTION,NO_MOTION,FRESH,STALE,STALE,STALE,0,80.0,80.0,0.0,0.0,0.0,0.0,37.250686,126.674964,37.254138,126.680626
102.14999999999634,3,NO_MOTION,FAIL,NO_MOTION,NO_MOTION,FRESH,STALE,STALE,STALE,0,80.0,80.0,0.0,0.0,0.0,0.0,37.250686,126.674964,37.254138,126.680626
102.19999999999634,3,NO_MOTION,FAIL,NO_MOTION,NO_MOTION,FRESH,STALE,STALE,STALE,0,80.0,80.0,0.0,0.0,0.0,0.0,37.250686,126.674964,37.254138,126.680626
102.24999999999633,3,ACTIVE,NOMINAL_CLOSED_LOOP,NOMINAL_CLOSED_LOOP,NONE,FRESH,FRESH,FRESH,FRESH,1,54.757978099519086,105.24202190048092,50.48404380096183,12.35324808844833,-93.39067975145588,295.73752062137623,37.250686,126.674964,37.254138,126.680626
102.29999999999633,3,ACTIVE,NOMINAL_CLOSED_LOOP,NOMINAL_CLOSED_LOOP,NONE,FRESH,FRESH,FRESH,FRESH,1,54.751736475474864,105.24826352452513,50.49652704905027,12.35324808844833,-93.39067975145588,295.73752062137623,37.250686,126.674964,37.254138,126.680626
102.34999999999633,3,ACTIVE,NOMINAL_CLOSED_LOOP,NOMINAL_CLOSED_LOOP,NONE,FRESH,FRESH,FRESH,FRESH,1,54.745494851430635,105.25450514856936,50.50901029713872,12.35324808844833,-93.39067975145588,295.73752062137623,37.250686,126.674964,37.254138,126.680626
102.39999999999633,3,ACTIVE,NOMINAL_CLOSED_LOOP,NOMINAL_CLOSED_LOOP,NONE,FRESH,FRESH,FRESH,FRESH,1,54.73925322738641,105.26074677261359,50.52149354522717,12.35324808844833,-93.39067975145588,295.73752062137623,37.250686,126.674964,37.254138,126.680626
102.44999999999632,3,ACTIVE,NOMINAL_CLOSED_LOOP,NOMINAL_CLOSED_LOOP,NONE,FRESH,FRESH,FRESH,FRESH,1,54.73301160334219,105.26698839665781,50.53397679331562,12.35324808844833,-93.39067975145588,295.73752062137623,37.250686,126.674964,37.254138,126.680626
102.49999999999632,3,ACTIVE,NOMINAL_FEEDFORWARD,NOMINAL_FEEDFORWARD,NONE,FRESH,FRESH,STALE,FRESH,1,58.97351035282962,101.02648964717038,42.052979294340766,10.80909207739229,-93.39067975145588,295.73752062137623,37.250686,126.674964,37.254138,126.680626
102.54999999999632,3,ACTIVE,NOMINAL_FEEDFORWARD,NOMINAL_FEEDFORWARD,NONE,FRESH,FRESH,STALE,FRESH,1,58.97351035282962,101.02648964717038,42.052979294340766,10.80909207739229,-93.39067975145588,295.73752062137623,37.250686,126.674964,37.254138,126.680626
102.59999999999631,3,ACTIVE,NOMINAL_FEEDFORWARD,NOMINAL_FEEDFORWARD,NONE,FRESH,FRESH,STALE,FRESH,1,58.97351035282962,101.02648964717038,42.052979294340766,10.80909207739229,-93.39067975145588,295.73752062137623,37.250686,126.674964,37.254138,126.680626
102.64999999999631,3,ACTIVE,NOMINAL_FEEDFORWARD,NOMINAL_FEEDFORWARD,NONE,FRESH,FRESH,STALE,FRESH,1,58.97351035282962,101.02648964717038,42.052979294340766,10.80909207739229,-93.39067975145588,295.73752062137623,37.250686,126.674964,37.254138,126.680626
102.69999999999631,3,ACTIVE,NOMINAL_FEEDFORWARD,NOMINAL_FEEDFORWARD,NONE,FRESH,FRESH,STALE,FRESH,1,58.97351035282962,101.02648964717038,42.052979294340766,10.80909207739229,-93.39067975145588,295.73752062137623,37.250686,126.674964,37.254138,126.680626
102.7499999999963,3,ACTIVE,NOMINAL_FEEDFORWARD,NOMINAL_FEEDFORWARD,NONE,FRESH,FRESH,STALE,FRESH,1,58.97351035282962,101.02648964717038,42.052979294340766,10.80909207739229,-93.39067975145588,295.73752062137623,37.250686,126.674964,37.254138,126.680626
102.7999999999963,3,ACTIVE,NOMINAL_FEEDFORWARD,NOMINAL_FEEDFORWARD,NONE,FRESH,FRESH,STALE,STALE,1,58.97351035282962,101.02648964717038,42.052979294340766,10.80909207739229,-93.39067975145588,295.73752062137623,37.250686,126.674964,37.254138,126.680626
102.8499999999963,3,ACTIVE,NOMINAL_FEEDFORWARD,NOMINAL_FEEDFORWARD,NONE,FRESH,FRESH,STALE,STALE,1,58.97351035282962,101.02648964717038,42.052979294340766,10.80909207739229,-93.39067975145588,295.73752062137623,37.250686,126.674964,37.254138,126.680626
102.8999999999963,3,ACTIVE,NOMINAL_FEEDFORWARD,NOMINAL_FEEDFORWARD,NONE,FRESH,FRESH,STALE,STALE,1,58.97351035282962,101.02648964717038,42.052979294340766,10.80909207739229,-93.39067975145588,295.73752062137623,37.250686,126.674964,37.254138,126.680626
102.9499999999963,3,ACTIVE,NOMINAL_FEEDFORWARD,NOMINAL_FEEDFORWARD,NONE,FRESH,FRESH,STALE,STALE,1,58.97351035282962,101.02648964717038,42.052979294340766,10.80909207739229,-93.39067975145588,295.73752062137623,37.250686,126.674964,37.254138,126.680626
102.99999999999629,3,ACTIVE,NOMINAL_FEEDFORWARD,NOMINAL_FEEDFORWARD,NONE,FRESH,FRESH,STALE,STALE,1,58.97351035282962,101.02648964717038,42.052979294340766,10.80909207739229,-93.39067975145588,295.73752062137623,37.250686,126.674964,37.254138,126.680626
103.04999999999629,3,ACTIVE,NOMINAL_FEEDFORWARD,NOMINAL_FEEDFORWARD,NONE,FRESH,FRESH,STALE,STALE,1,58.97351035282962,101.02648964717038,42.052979294340766,10.80909207739229,-93.39067975145588,295.73752062137623,37.250686,126.674964,37.254138,126.680626
103.09999999999629,3,ACTIVE,NOMINAL_FEEDFORWARD,NOMINAL_FEEDFORWARD,NONE,FRESH,FRESH,STALE,STALE,1,58.97351035282962,101.02648964717038,42.052979294340766,10.80909207739229,-93.39067975145588,295.73752062137623,37.250686,126.674964,37.254138,126.680626
103.14999999999628,3,ACTIVE,NOMINAL_FEEDFORWARD,NOMINAL_FEEDFORWARD,NONE,FRESH,FRESH,STALE,STALE,1,58.97351035282962,101.02648964717038,42.052979294340766,10.80909207739229,-93.39067975145588,295.73752062137623,37.250686,126.674964,37.254138,126.680626
103.19999999999628,3,ACTIVE,NOMINAL_FEEDFORWARD,NOMINAL_FEEDFORWARD,NONE,FRESH,FRESH,STALE,STALE,1,58.97351035282962,101.02648964717038,42.052979294340766,10.80909207739229,-93.39067975145588,295.73752062137623,37.250686,126.674964,37.254138,126.680626
103.24999999999628,3,DEGRADED,DEGRADED_CLOSED_LOOP,DEGRADED_CLOSED_LOOP,NONE,FRESH,FRESHED,FRESH,FRESH,1,55.47351035282982,104.52648964717018,74.79019804634035,23.115629891089725,-93.39067975145588,295.73752062137623,37.250686,126.674964,37.254138,126.680626
103.29999999999627,3,DEGRADED,DEGRADED_CLOSED_LOOP,DEGRADED_CLOSED_LOOP,NONE,FRESH,FRESHED,FRESH,FRESH,1,51.97351035283002,108.02648964716998,74.81380367623143,23.115629891089725,-93.39067975145588,295.73752062137623,37.250686,126.674964,37.254138,126.680626
103.34999999999627,3,DEGRADED,DEGRADED_CLOSED_LOOP,DEGRADED_CLOSED_LOOP,NONE,FRESH,FRESHED,FRESH,FRESH,1,48.47351035283022,111.52648964716978,74.83740930612252,23.115629891089725,-93.39067975145588,295.73752062137623,37.250686,126.674964,37.254138,126.680626
103.39999999999627,3,DEGRADED,DEGRADED_CLOSED_LOOP,DEGRADED_CLOSED_LOOP,NONE,FRESH,FRESHED,FRESH,FRESH,1,44.97351035283042,115.02648964716958,74.86101493601362,23.115629891089725,-93.39067975145588,295.73752062137623,37.250686,126.674964,37.254138,126.680626
103.44999999999627,3,DEGRADED,DEGRADED_CLOSED_LOOP,DEGRADED_CLOSED_LOOP,NONE,FRESH,FRESHED,FRESH,FRESH,1,42.55768971704765,117.44231028295235,74.8846205659047,23.115629891089725,-93.39067975145588,295.73752062137623,37.250686,126.674964,37.254138,126.680626
103.49999999999626,3,DEGRADED,DEGRADED_FEEDFORWARD,DEGRADED_FEEDFORWARD,NONE,FRESH,FRESHED,STALE,FRESH,1,45.55768971704748,114.44231028295252,41.35280483326019,12.79416336457704,-93.39067975145588,295.73752062137623,37.250686,126.674964,37.254138,126.680626
103.54999999999626,3,DEGRADED,DEGRADED_FEEDFORWARD,DEGRADED_FEEDFORWARD,NONE,FRESH,FRESHED,STALE,FRESH,1,48.55768971704731,111.44231028295269,41.35280483326019,12.79416336457704,-93.39067975145588,295.73752062137623,37.250686,126.674964,37.254138,126.680626
103.59999999999626,3,DEGRADED,DEGRADED_FEEDFORWARD,DEGRADED_FEEDFORWARD,NONE,FRESH,FRESHED,STALE,FRESH,1,51.55768971704714,108.44231028295286,41.35280483326019,12.79416336457704,-93.39067975145588,295.73752062137623,37.250686,126.674964,37.254138,126.680626
103.64999999999625,3,DEGRADED,DEGRADED_FEEDFORWARD,DEGRADED_FEEDFORWARD,NONE,FRESH,FRESHED,STALE,FRESH,1,54.55768971704697,105.44231028295303,41.35280483326019,12.79416336457704,-93.39067975145588,295.73752062137623,37.250686,126.674964,37.254138,126.680626
103.69999999999625,3,DEGRADED,DEGRADED_FEEDFORWARD,DEGRADED_FEEDFORWARD,NONE,FRESH,FRESHED,STALE,FRESH,1,57.5576897170468,102.4423102829532,41.35280483326019,12.79416336457704,-93.39067975145588,295.73752062137623,37.250686,126.674964,37.254138,126.680626
103.74999999999625,3,DEGRADED,DEGRADED_FEEDFORWARD,DEGRADED_FEEDFORWARD,NONE,FRESH,FRESHED,STALE,FRESH,1,59.3235975833699,100.6764024166301,41.35280483326019,12.79416336457704,-93.39067975145588,295.73752062137623,37.250686,126.674964,37.254138,126.680626
103.79999999999625,3,DEGRADED,DEGRADED_FEEDFORWARD,DEGRADED_FEEDFORWARD,NONE,FRESH,FRESHED,STALE,STALE,1,59.3235975833699,100.6764024166301,41.35280483326019,12.79416336457704,-93.39067975145588,295.73752062137623,37.250686,126.674964,37.254138,126.680626
103.84999999999624,3,DEGRADED,DEGRADED_FEEDFORWARD,DEGRADED_FEEDFORWARD,NONE,FRESH,FRESHED,STALE,STALE,1,59.3235975833699,100.6764024166301,41.35280483326019,12.79416336457704,-93.39067975145588,295.73752062137623,37.250686,126.674964,37.254138,126.680626
103.89999999999624,3,DEGRADED,DEGRADED_FEEDFORWARD,DEGRADED_FEEDFORWARD,NONE,FRESH,FRESHED,STALE,STALE,1,59.3235975833699,100.6764024166301,41.35280483326019,12.79416336457704,-93.39067975145588,295.73752062137623,37.250686,126.674964,37.254138,126.680626
103.94999999999624,3,DEGRADED,DEGRADED_FEEDFORWARD,DEGRADED_FEEDFORWARD,NONE,FRESH,FRESHED,STALE,STALE,1,59.3235975833699,100.6764024166301,41.35280483326019,12.79416336457704,-93.39067975145588,295.73752062137623,37.250686,126.674964,37.254138,126.680626
103.99999999999623,3,DEGRADED,DEGRADED_FEEDFORWARD,DEGRADED_FEEDFORWARD,NONE,FRESH,FRESHED,STALE,STALE,1,59.3235975833699,100.6764024166301,41.35280483326019,12.79416336457704,-93.39067975145588,295.73752062137623,37.250686,126.674964,37.254138,126.680626
104.04999999999623,3,DEGRADED,DEGRADED_FEEDFORWARD,DEGRADED_FEEDFORWARD,NONE,FRESH,FRESHED,STALE,STALE,1,59.3235975833699,100.6764024166301,41.35280483326019,12.79416336457704,-93.39067975145588,295.73752062137623,37.250686,126.674964,37.254138,126.680626
104.09999999999623,3,DEGRADED,DEGRADED_FEEDFORWARD,DEGRADED_FEEDFORWARD,NONE,FRESH,FRESHED,STALE,STALE,1,59.3235975833699,100.6764024166301,41.35280483326019,12.79416336457704,-93.39067975145588,295.73752062137623,37.250686,126.674964,37.254138,126.680626
104.14999999999623,3,DEGRADED,DEGRADED_FEEDFORWARD,DEGRADED_FEEDFORWARD,NONE,FRESH,FRESHED,STALE,STALE,1,59.3235975833699,100.6764024166301,41.35280483326019,12.79416336457704,-93.39067975145588,295.73752062137623,37.250686,126.674964,37.254138,126.680626
104.19999999999622,3,DEGRADED,DEGRADED_FEEDFORWARD,DEGRADED_FEEDFORWARD,NONE,FRESH,FRESHED,STALE,STALE,1,59.3235975833699,100.6764024166301,41.35280483326019,12.79416336457704,-93.39067975145588,295.73752062137623,37.250686,126.674964,37.254138,126.680626
104.24999999999622,3,ACTIVE,NOMINAL_CLOSED_LOOP,NOMINAL_CLOSED_LOOP,NONE,FRESH,FRESH,FRESH,FRESH,1,54.32359758337019,105.67640241662981,86.91745485784789,26.24968070761249,-92.34701789381383,304.41480151370104,37.250686,126.674964,37.254138,126.680626
104.29999999999622,3,ACTIVE,NOMINAL_CLOSED_LOOP,NOMINAL_CLOSED_LOOP,NONE,FRESH,FRESH,FRESH,FRESH,1,49.32359758337047,110.67640241662953,86.94399453855549,26.24968070761249,-92.34701789381383,304.41480151370104,37.250686,126.674964,37.254138,126.680626
104.34999999999621,3,ACTIVE,NOMINAL_CLOSED_LOOP,NOMINAL_CLOSED_LOOP,NONE,FRESH,FRESH,FRESH,FRESH,1,44.323597583370756,115.67640241662924,86.9705342192631,26.24968070761249,-92.34701789381383,304.41480151370104,37.250686,126.674964,37.254138,126.680626
104.39999999999621,3,ACTIVE,NOMINAL_CLOSED_LOOP,NOMINAL_CLOSED_LOOP,NONE,FRESH,FRESH,FRESH,FRESH,1,39.32359758337104,120.67640241662896,86.99707389997072,26.24968070761249,-92.34701789381383,304.41480151370104,37.250686,126.674964,37.254138,126.680626
104.44999999999621,3,ACTIVE,NOMINAL_CLOSED_LOOP,NOMINAL_CLOSED_LOOP,NONE,FRESH,FRESH,FRESH,FRESH,1,36.488193209660835,123.51180679033916,87.02361358067833,26.24968070761249,-92.34701789381383,304.41480151370104,37.250686,126.674964,37.254138,126.680626
104.4999999999962,3,ACTIVE,NOMINAL_FEEDFORWARD,NOMINAL_FEEDFORWARD,NONE,FRESH,FRESH,STALE,FRESH,1,40.98819320966058,119.01180679033942,70.23424192101439,22.968470619160925,-92.34701789381383,304.41480151370104,37.250686,126.674964,37.254138,126.680626
104.5499999999962,3,ACTIVE,NOMINAL_FEEDFORWARD,NOMINAL_FEEDFORWARD,NONE,FRESH,FRESH,STALE,FRESH,1,44.882879039492806,115.1171209605072,70.23424192101439,22.968470619160925,-92.34701789381383,304.41480151370104,37.250686,126.674964,37.254138,126.680626
104.5999999999962,3,ACTIVE,NOMINAL_FEEDFORWARD,NOMINAL_FEEDFORWARD,NONE,FRESH,FRESH,STALE,FRESH,1,44.882879039492806,115.1171209605072,70.23424192101439,22.968470619160925,-92.34701789381383,304.41480151370104,37.250686,126.674964,37.254138,126.680626
104.6499999999962,3,ACTIVE,NOMINAL_FEEDFORWARD,NOMINAL_FEEDFORWARD,NONE,FRESH,FRESH,STALE,FRESH,1,44.882879039492806,115.1171209605072,70.23424192101439,22.968470619160925,-92.34701789381383,304.41480151370104,37.250686,126.674964,37.254138,126.680626
104.6999999999962,3,ACTIVE,NOMINAL_FEEDFORWARD,NOMINAL_FEEDFORWARD,NONE,FRESH,FRESH,STALE,FRESH,1,44.882879039492806,115.1171209605072,70.23424192101439,22.968470619160925,-92.34701789381383,304.41480151370104,37.250686,126.674964,37.254138,126.680626
104.74999999999619,3,ACTIVE,NOMINAL_FEEDFORWARD,NOMINAL_FEEDFORWARD,NONE,FRESH,FRESH,STALE,FRESH,1,44.882879039492806,115.1171209605072,70.23424192101439,22.968470619160925,-92.34701789381383,304.41480151370104,37.250686,126.674964,37.254138,126.680626
104.79999999999619,3,ACTIVE,NOMINAL_FEEDFORWARD,NOMINAL_FEEDFORWARD,NONE,FRESH,FRESH,STALE,STALE,1,44.882879039492806,115.1171209605072,70.23424192101439,22.968470619160925,-92.34701789381383,304.41480151370104,37.250686,126.674964,37.254138,126.680626
104.84999999999619,3,ACTIVE,NOMINAL_FEEDFORWARD,NOMINAL_FEEDFORWARD,NONE,FRESH,FRESH,STALE,STALE,1,44.882879039492806,115.1171209605072,70.23424192101439,22.968470619160925,-92.34701789381383,304.41480151370104,37.250686,126.674964,37.254138,126.680626
104.89999999999618,3,ACTIVE,NOMINAL_FEEDFORWARD,NOMINAL_FEEDFORWARD,NONE,FRESH,FRESH,STALE,STALE,1,44.882879039492806,115.1171209605072,70.23424192101439,22.968470619160925,-92.34701789381383,304.41480151370104,37.250686,126.674964,37.254138,126.680626
104.94999999999618,3,ACTIVE,NOMINAL_FEEDFORWARD,NOMINAL_FEEDFORWARD,NONE,FRESH,FRESH,STALE,STALE,1,44.882879039492806,115.1171209605072,70.23424192101439,22.968470619160925,-92.34701789381383,304.41480151370104,37.250686,126.674964,37.254138,126.680626
104.99999999999618,3,ACTIVE,NOMINAL_FEEDFORWARD,NOMINAL_FEEDFORWARD,NONE,FRESH,FRESH,STALE,STALE,1,44.882879039492806,115.1171209605072,70.23424192101439,22.968470619160925,-92.34701789381383,304.41480151370104,37.250686,126.674964,37.254138,126.680626
105.04999999999617,3,ACTIVE,NOMINAL_FEEDFORWARD,NOMINAL_FEEDFORWARD,NONE,FRESH,FRESH,STALE,STALE,1,44.882879039492806,115.1171209605072,70.23424192101439,22.968470619160925,-92.34701789381383,304.41480151370104,37.250686,126.674964,37.254138,126.680626
105.09999999999617,3,ACTIVE,NOMINAL_FEEDFORWARD,NOMINAL_FEEDFORWARD,NONE,FRESH,FRESH,STALE,STALE,1,44.882879039492806,115.1171209605072,70.23424192101439,22.968470619160925,-92.34701789381383,304.41480151370104,37.250686,126.674964,37.254138,126.680626
105.14999999999617,3,ACTIVE,NOMINAL_FEEDFORWARD,NOMINAL_FEEDFORWARD,NONE,FRESH,FRESH,STALE,STALE,1,44.882879039492806,115.1171209605072,70.23424192101439,22.968470619160925,-92.34701789381383,304.41480151370104,37.250686,126.674964,37.254138,126.680626
105.19999999999617,3,ACTIVE,NOMINAL_FEEDFORWARD,NOMINAL_FEEDFORWARD,NONE,FRESH,FRESH,STALE,STALE,1,44.882879039492806,115.1171209605072,70.23424192101439,22.968470619160925,-92.34701789381383,304.41480151370104,37.250686,126.674964,37.254138,126.680626
105.24999999999616,3,DEGRADED,DEGRADED_CLOSED_LOOP,DEGRADED_CLOSED_LOOP,NONE,FRESH,FRESHED,FRESH,FRESH,1,48.38287903949261,111.61712096050739,56.52239654795686,15.725494612216004,-92.34701789381383,304.41480151370104,37.250686,126.674964,37.254138,126.680626
105.29999999999616,3,DEGRADED,DEGRADED_CLOSED_LOOP,DEGRADED_CLOSED_LOOP,NONE,FRESH,FRESHED,FRESH,FRESH,1,51.73099897871546,108.26900102128454,56.538002042569076,15.725494612216004,-92.34701789381383,304.41480151370104,37.250686,126.674964,37.254138,126.680626
105.34999999999616,3,DEGRADED,DEGRADED_CLOSED_LOOP,DEGRADED_CLOSED_LOOP,NONE,FRESH,FRESHED,FRESH,FRESH,1,51.72319623140936,108.27680376859064,56.553607537181286,15.725494612216004,-92.34701789381383,304.41480151370104,37.250686,126.674964,37.254138,126.680626
105.39999999999615,3,DEGRADED,DEGRADED_CLOSED_LOOP,DEGRADED_CLOSED_LOOP,NONE,FRESH,FRESHED,FRESH,FRESH,1,51.715393484103245,108.28460651589675,56.5692130317935,15.725494612216004,-92.34701789381383,304.41480151370104,37.250686,126.674964,37.254138,126.680626
105.44999999999615,3,DEGRADED,DEGRADED_CLOSED_LOOP,DEGRADED_CLOSED_LOOP,NONE,FRESH,FRESHED,FRESH,FRESH,1,51.707590736797144,108.29240926320286,56.58481852640572,15.725494612216004,-92.34701789381383,304.41480151370104,37.250686,126.674964,37.254138,126.680626
105.49999999999615,3,DEGRADED,DEGRADED_FEEDFORWARD,DEGRADED_FEEDFORWARD,NONE,FRESH,FRESHED,STALE,FRESH,1,54.70759073679697,105.29240926320303,39.7772353111982,12.04319106594815,-92.34701789381383,304.41480151370104,37.250686,126.674964,37.254138,126.680626
105.54999999999615,3,DEGRADED,DEGRADED_FEEDFORWARD,DEGRADED_FEEDFORWARD,NONE,FRESH,FRESHED,STALE,FRESH,1,57.7075907367968,102.2924092632032,39.7772353111982,12.04319106594815,-92.34701789381383,304.41480151370104,37.250686,126.674964,37.254138,126.680626
105.59999999999614,3,DEGRADED,DEGRADED_FEEDFORWARD,DEGRADED_FEEDFORWARD,NONE,FRESH,FRESHED,STALE,FRESH,1,60.1113823444009,99.88861765559909,39.7772353111982,12.04319106594815,-92.34701789381383,304.41480151370104,37.250686,126.674964,37.254138,126.680626
105.64999999999614,3,DEGRADED,DEGRADED_FEEDFORWARD,DEGRADED_FEEDFORWARD,NONE,FRESH,FRESHED,STALE,FRESH,1,60.1113823444009,99.88861765559909,39.7772353111982,12.04319106594815,-92.34701789381383,304.41480151370104,37.250686,126.674964,37.254138,126.680626
105.69999999999614,3,DEGRADED,DEGRADED_FEEDFORWARD,DEGRADED_FEEDFORWARD,NONE,FRESH,FRESHED,STALE,FRESH,1,60.1113823444009,99.88861765559909,39.7772353111982,12.04319106594815,-92.34701789381383,304.41480151370104,37.250686,126.674964,37.254138,126.680626
105.74999999999613,3,DEGRADED,DEGRADED_FEEDFORWARD,DEGRADED_FEEDFORWARD,NONE,FRESH,FRESHED,STALE,FRESH,1,60.1113823444009,99.88861765559909,39.7772353111982,12.04319106594815,-92.34701789381383,304.41480151370104,37.250686,126.674964,37.254138,126.680626
105.79999999999613,3,DEGRADED,DEGRADED_FEEDFORWARD,DEGRADED_FEEDFORWARD,NONE,FRESH,FRESHED,STALE,STALE,1,60.1113823444009,99.88861765559909,39.7772353111982,12.04319106594815,-92.34701789381383,304.41480151370104,37.250686,126.674964,37.254138,126.680626
105.84999999999613,3,DEGRADED,DEGRADED_FEEDFORWARD,DEGRADED_FEEDFORWARD,NONE,FRESH,FRESHED,STALE,STALE,1,60.1113823444009,99.88861765559909,39.7772353111982,12.04319106594815,-92.34701789381383,304.41480151370104,37.250686,126.674964,37.254138,126.680626
105.89999999999613,3,DEGRADED,DEGRADED_FEEDFORWARD,DEGRADED_FEEDFORWARD,NONE,FRESH,FRESHED,STALE,STALE,1,60.1113823444009,99.88861765559909,39.7772353111982,12.04319106594815,-92.34701789381383,304.41480151370104,37.250686,126.674964,37.254138,126.680626
105.94999999999612,3,DEGRADED,DEGRADED_FEEDFORWARD,DEGRADED_FEEDFORWARD,NONE,FRESH,FRESHED,STALE,STALE,1,60.1113823444009,99.88861765559909,39.7772353111982,12.04319106594815,-92.34701789381383,304.41480151370104,37.250686,126.674964,37.254138,126.680626
105.99999999999612,3,DEGRADED,DEGRADED_FEEDFORWARD,DEGRADED_FEEDFORWARD,NONE,FRESH,FRESHED,STALE,STALE,1,60.1113823444009,99.88861765559909,39.7772353111982,12.04319106594815,-92.34701789381383,304.41480151370104,37.250686,126.674964,37.254138,126.680626
106.04999999999612,3,DEGRADED,DEGRADED_FEEDFORWARD,DEGRADED_FEEDFORWARD,NONE,FRESH,FRESHED,STALE,STALE,1,60.1113823444009,99.88861765559909,39.7772353111982,12.04319106594815,-92.34701789381383,304.41480151370104,37.250686,126.674964,37.254138,126.680626
106.09999999999611,3,DEGRADED,DEGRADED_FEEDFORWARD,DEGRADED_FEEDFORWARD,NONE,FRESH,FRESHED,STALE,STALE,1,60.1113823444009,99.88861765559909,39.7772353111982,12.04319106594815,-92.34701789381383,304.41480151370104,37.250686,126.674964,37.254138,126.680626
106.14999999999611,3,DEGRADED,DEGRADED_FEEDFORWARD,DEGRADED_FEEDFORWARD,NONE,FRESH,FRESHED,STALE,STALE,1,60.1113823444009,99.88861765559909,39.7772353111982,12.04319106594815,-92.34701789381383,304.41480151370104,37.250686,126.674964,37.254138,126.680626
106.19999999999611,3,DEGRADED,DEGRADED_FEEDFORWARD,DEGRADED_FEEDFORWARD,NONE,FRESH,FRESHED,STALE,STALE,1,60.1113823444009,99.88861765559909,39.7772353111982,12.04319106594815,-92.34701789381383,304.41480151370104,37.250686,126.674964,37.254138,126.680626
106.2499999999961,3,DEGRADED,DEGRADED_CLOSED_LOOP,DEGRADED_CLOSED_LOOP,NONE,FRESH,FRESHED,FRESH,FRESH,1,56.6113823444011,103.38861765559889,76.02455900306722,23.715463466096974,-92.34701789381383,304.41480151370104,37.250686,126.674964,37.254138,126.680626
106.2999999999961,3,DEGRADED,DEGRADED_CLOSED_LOOP,DEGRADED_CLOSED_LOOP,NONE,FRESH,FRESHED,FRESH,FRESH,1,53.1113823444013,106.8886176555987,76.04816446653331,23.715463466096974,-92.34701789381383,304.41480151370104,37.250686,126.674964,37.254138,126.680626
106.3499999999961,3,DEGRADED,DEGRADED_CLOSED_LOOP,DEGRADED_CLOSED_LOOP,NONE,FRESH,FRESHED,FRESH,FRESH,1,49.6113823444015,110.3886176555985,76.0717699299994,23.715463466096974,-92.34701789381383,304.41480151370104,37.250686,126.674964,37.254138,126.680626
106.3999999999961,3,DEGRADED,DEGRADED_CLOSED_LOOP,DEGRADED_CLOSED_LOOP,NONE,FRESH,FRESHED,FRESH,FRESH,1,46.1113823444017,113.8886176555983,76.0953753934655,23.715463466096974,-92.34701789381383,304.41480151370104,37.250686,126.674964,37.254138,126.680626
106.4499999999961,3,DEGRADED,DEGRADED_CLOSED_LOOP,DEGRADED_CLOSED_LOOP,NONE,FRESH,FRESHED,FRESH,FRESH,1,42.611382344401896,117.3886176555981,76.1189808569316,23.715463466096974,-92.34701789381383,304.41480151370104,37.250686,126.674964,37.254138,126.680626
106.49999999999609,3,DEGRADED,DEGRADED_FEEDFORWARD,DEGRADED_FEEDFORWARD,NONE,FRESH,FRESHED,STALE,FRESH,1,45.611382344401726,114.38861765559827,42.267608877326154,13.234306568880847,-92.34701789381383,304.41480151370104,37.250686,126.674964,37.254138,126.680626
106.54999999999609,3,DEGRADED,DEGRADED_FEEDFORWARD,DEGRADED_FEEDFORWARD,NONE,FRESH,FRESHED,STALE,FRESH,1,48.611382344401555,111.38861765559844,42.267608877326154,13.234306568880847,-92.34701789381383,304.41480151370104,37.250686,126.674964,37.254138,126.680626
106.59999999999609,3,DEGRADED,DEGRADED_FEEDFORWARD,DEGRADED_FEEDFORWARD,NONE,FRESH,FRESHED,STALE,FRESH,1,51.611382344401385,108.38861765559861,42.267608877326154,13.234306568880847,-92.34701789381383,304.41480151370104,37.250686,126.674964,37.254138,126.680626
106.64999999999608,3,DEGRADED,DEGRADED_FEEDFORWARD,DEGRADED_FEEDFORWARD,NONE,FRESH,FRESHED,STALE,FRESH,1,54.611382344401214,105.38861765559878,42.267608877326154,13.234306568880847,-92.34701789381383,304.41480151370104,37.250686,126.674964,37.254138,126.680626
106.69999999999608,3,DEGRADED,DEGRADED_FEEDFORWARD,DEGRADED_FEEDFORWARD,NONE,FRESH,FRESHED,STALE,FRESH,1,57.611382344401044,102.38861765559895,42.267608877326154,13.234306568880847,-92.34701789381383,304.41480151370104,37.250686,126.674964,37.254138,126.680626
106.74999999999608,3,DEGRADED,DEGRADED_FEEDFORWARD,DEGRADED_FEEDFORWARD,NONE,FRESH,FRESHED,STALE,FRESH,1,58.86619556133692,101.13380443866308,42.267608877326154,13.234306568880847,-92.34701789381383,304.41480151370104,37.250686,126.674964,37.254138,126.680626
106.79999999999607,3,DEGRADED,DEGRADED_FEEDFORWARD,DEGRADED_FEEDFORWARD,NONE,FRESH,FRESHED,STALE,STALE,1,58.86619556133692,101.13380443866308,42.267608877326154,13.234306568880847,-92.34701789381383,304.41480151370104,37.250686,126.674964,37.254138,126.680626
106.84999999999607,3,DEGRADED,DEGRADED_FEEDFORWARD,DEGRADED_FEEDFORWARD,NONE,FRESH,FRESHED,STALE,STALE,1,58.86619556133692,101.13380443866308,42.267608877326154,13.234306568880847,-92.34701789381383,304.41480151370104,37.250686,126.674964,37.254138,126.680626
106.89999999999607,3,DEGRADED,DEGRADED_FEEDFORWARD,DEGRADED_FEEDFORWARD,NONE,FRESH,FRESHED,STALE,STALE,1,58.86619556133692,101.13380443866308,42.267608877326154,13.234306568880847,-92.34701789381383,304.41480151370104,37.250686,126.674964,37.254138,126.680626
106.94999999999607,3,DEGRADED,DEGRADED_FEEDFORWARD,DEGRADED_FEEDFORWARD,NONE,FRESH,FRESHED,STALE,STALE,1,58.86619556133692,101.13380443866308,42.267608877326154,13.234306568880847,-92.34701789381383,304.41480151370104,37.250686,126.674964,37.254138,126.680626
106.99999999999606,3,DEGRADED,DEGRADED_FEEDFORWARD,DEGRADED_FEEDFORWARD,NONE,FRESH,FRESHED,STALE,STALE,1,58.86619556133692,101.13380443866308,42.267608877326154,13.234306568880847,-92.34701789381383,304.41480151370104,37.250686,126.674964,37.254138,126.680626
107.04999999999606,3,DEGRADED,DEGRADED_FEEDFORWARD,DEGRADED_FEEDFORWARD,NONE,FRESH,FRESHED,STALE,STALE,1,58.86619556133692,101.13380443866308,42.267608877326154,13.234306568880847,-92.34701789381383,304.41480151370104,37.250686,126.674964,37.254138,126.680626
107.09999999999606,3,DEGRADED,DEGRADED_FEEDFORWARD,DEGRADED_FEEDFORWARD,NONE,FRESH,FRESHED,STALE,STALE,1,58.86619556133692,101.13380443866308,42.267608877326154,13.234306568880847,-92.34701789381383,304.41480151370104,37.250686,126.674964,37.254138,126.680626
107.14999999999606,3,DEGRADED,DEGRADED_FEEDFORWARD,DEGRADED_FEEDFORWARD,NONE,FRESH,FRESHED,STALE,STALE,1,58.86619556133692,101.13380443866308,42.267608877326154,13.234306568880847,-92.34701789381383,304.41480151370104,37.250686,126.674964,37.254138,126.680626
107.19999999999605,3,DEGRADED,DEGRADED_FEEDFORWARD,DEGRADED_FEEDFORWARD,NONE,FRESH,FRESHED,STALE,STALE,1,58.86619556133692,101.13380443866308,42.267608877326154,13.234306568880847,-92.34701789381383,304.41480151370104,37.250686,126.674964,37.254138,126.680626
107.24999999999605,3,DEGRADED,DEGRADED_CLOSED_LOOP,DEGRADED_CLOSED_LOOP,NONE,FRESH,FRESHED,FRESH,FRESH,1,55.36619556133712,104.63380443866288,76.03516170312983,23.715463466096974,-92.34701789381383,304.41480151370104,37.250686,126.674964,37.254138,126.680626
107.29999999999605,3,DEGRADED,DEGRADED_CLOSED_LOOP,DEGRADED_CLOSED_LOOP,NONE,FRESH,FRESHED,FRESH,FRESH,1,51.86619556133732,108.13380443866268,76.05876716659593,23.715463466096974,-92.34701789381383,304.41480151370104,37.250686,126.674964,37.254138,126.680626
107.34999999999604,3,DEGRADED,DEGRADED_CLOSED_LOOP,DEGRADED_CLOSED_LOOP,NONE,FRESH,FRESHED,FRESH,FRESH,1,48.36619556133752,111.63380443866248,76.08237263006203,23.715463466096974,-92.34701789381383,304.41480151370104,37.250686,126.674964,37.254138,126.680626
107.39999999999604,3,DEGRADED,DEGRADED_CLOSED_LOOP,DEGRADED_CLOSED_LOOP,NONE,FRESH,FRESHED,FRESH,FRESH,1,44.86619556133772,115.13380443866228,76.10597809352812,23.715463466096974,-92.34701789381383,304.41480151370104,37.250686,126.674964,37.254138,126.680626
107.44999999999604,3,DEGRADED,DEGRADED_CLOSED_LOOP,DEGRADED_CLOSED_LOOP,NONE,FRESH,FRESHED,FRESH,FRESH,1,41.93520822150289,118.06479177849711,76.12958355699422,23.715463466096974,-92.34701789381383,304.41480151370104,37.250686,126.674964,37.254138,126.680626
107.49999999999604,3,DEGRADED,DEGRADED_FEEDFORWARD,DEGRADED_FEEDFORWARD,NONE,FRESH,FRESHED,STALE,FRESH,1,44.93520822150272,115.06479177849728,42.267608877326154,13.234306568880847,-92.34701789381383,304.41480151370104,37.250686,126.674964,37.254138,126.680626
107.54999999999603,3,DEGRADED,DEGRADED_FEEDFORWARD,DEGRADED_FEEDFORWARD,NONE,FRESH,FRESHED,STALE,FRESH,1,47.93520822150255,112.06479177849745,42.267608877326154,13.234306568880847,-92.34701789381383,304.41480151370104,37.250686,126.674964,37.254138,126.680626
107.59999999999603,3,DEGRADED,DEGRADED_FEEDFORWARD,DEGRADED_FEEDFORWARD,NONE,FRESH,FRESHED,STALE,FRESH,1,50.93520822150238,109.06479177849762,42.267608877326154,13.234306568880847,-92.34701789381383,304.41480151370104,37.250686,126.674964,37.254138,126.680626
107.64999999999603,3,DEGRADED,DEGRADED_FEEDFORWARD,DEGRADED_FEEDFORWARD,NONE,FRESH,FRESHED,STALE,FRESH,1,53.93520822150221,106.06479177849779,42.267608877326154,13.234306568880847,-92.34701789381383,304.41480151370104,37.250686,126.674964,37.254138,126.680626
107.69999999999602,3,DEGRADED,DEGRADED_FEEDFORWARD,DEGRADED_FEEDFORWARD,NONE,FRESH,FRESHED,STALE,FRESH,1,56.93520822150204,103.06479177849796,42.267608877326154,13.234306568880847,-92.34701789381383,304.41480151370104,37.250686,126.674964,37.254138,126.680626
107.74999999999602,3,DEGRADED,DEGRADED_FEEDFORWARD,DEGRADED_FEEDFORWARD,NONE,FRESH,FRESHED,STALE,FRESH,1,58.86619556133692,101.13380443866308,42.267608877326154,13.234306568880847,-92.34701789381383,304.41480151370104,37.250686,126.674964,37.254138,126.680626
107.79999999999602,3,DEGRADED,DEGRADED_FEEDFORWARD,DEGRADED_FEEDFORWARD,NONE,FRESH,FRESHED,STALE,STALE,1,58.86619556133692,101.13380443866308,42.267608877326154,13.234306568880847,-92.34701789381383,304.41480151370104,37.250686,126.674964,37.254138,126.680626
107.84999999999602,3,DEGRADED,DEGRADED_FEEDFORWARD,DEGRADED_FEEDFORWARD,NONE,FRESH,FRESHED,STALE,STALE,1,58.86619556133692,101.13380443866308,42.267608877326154,13.234306568880847,-92.34701789381383,304.41480151370104,37.250686,126.674964,37.254138,126.680626
107.89999999999601,3,DEGRADED,DEGRADED_FEEDFORWARD,DEGRADED_FEEDFORWARD,NONE,FRESH,FRESHED,STALE,STALE,1,58.86619556133692,101.13380443866308,42.267608877326154,13.234306568880847,-92.34701789381383,304.41480151370104,37.250686,126.674964,37.254138,126.680626
107.94999999999601,3,DEGRADED,DEGRADED_FEEDFORWARD,DEGRADED_FEEDFORWARD,NONE,FRESH,FRESHED,STALE,STALE,1,58.86619556133692,101.13380443866308,42.267608877326154,13.234306568880847,-92.34701789381383,304.41480151370104,37.250686,126.674964,37.254138,126.680626
107.999999999996,3,DEGRADED,DEGRADED_FEEDFORWARD,DEGRADED_FEEDFORWARD,NONE,FRESH,FRESHED,STALE,STALE,1,58.86619556133692,101.13380443866308,42.267608877326154,13.234306568880847,-92.34701789381383,304.41480151370104,37.250686,126.674964,37.254138,126.680626
108.049999999996,3,DEGRADED,DEGRADED_FEEDFORWARD,DEGRADED_FEEDFORWARD,NONE,FRESH,FRESHED,STALE,STALE,1,58.86619556133692,101.13380443866308,42.267608877326154,13.234306568880847,-92.34701789381383,304.41480151370104,37.250686,126.674964,37.254138,126.680626
108.099999999996,3,DEGRADED,DEGRADED_FEEDFORWARD,DEGRADED_FEEDFORWARD,NONE,FRESH,FRESHED,STALE,STALE,1,58.86619556133692,101.13380443866308,42.267608877326154,13.234306568880847,-92.34701789381383,304.41480151370104,37.250686,126.674964,37.254138,126.680626
108.149999999996,3,DEGRADED,DEGRADED_FEEDFORWARD,DEGRADED_FEEDFORWARD,NONE,FRESH,FRESHED,STALE,STALE,1,58.86619556133692,101.13380443866308,42.267608877326154,13.234306568880847,-92.34701789381383,304.41480151370104,37.250686,126.674964,37.254138,126.680626
108.199999999996,3,DEGRADED,DEGRADED_FEEDFORWARD,DEGRADED_FEEDFORWARD,NONE,FRESH,FRESHED,STALE,STALE,1,58.86619556133692,101.13380443866308,42.267608877326154,13.234306568880847,-92.34701789381383,304.41480151370104,37.250686,126.674964,37.254138,126.680626
108.24999999999599,3,DEGRADED,DEGRADED_CLOSED_LOOP,DEGRADED_CLOSED_LOOP,NONE,FRESH,FRESHED,FRESH,FRESH,1,55.36619556133712,104.63380443866288,58.208610531630775,16.406050442257808,-81.89050518902377,347.69124612556635,37.250686,126.674964,37.254138,126.680626
108.29999999999599,3,DEGRADED,DEGRADED_CLOSED_LOOP,DEGRADED_CLOSED_LOOP,NONE,FRESH,FRESHED,FRESH,FRESH,1,51.86619556133732,108.13380443866268,58.22480658207303,16.406050442257808,-81.89050518902377,347.69124612556635,37.250686,126.674964,37.254138,126.680626
108.34999999999599,3,DEGRADED,DEGRADED_CLOSED_LOOP,DEGRADED_CLOSED_LOOP,NONE,FRESH,FRESHED,FRESH,FRESH,1,50.879498683742355,109.12050131625764,58.24100263251529,16.406050442257808,-81.89050518902377,347.69124612556635,37.250686,126.674964,37.254138,126.680626
108.39999999999598,3,DEGRADED,DEGRADED_CLOSED_LOOP,DEGRADED_CLOSED_LOOP,NONE,FRESH,FRESHED,FRESH,FRESH,1,50.871400658521225,109.12859934147878,58.257198682957544,16.406050442257808,-81.89050518902377,347.69124612556635,37.250686,126.674964,37.254138,126.680626
108.44999999999598,3,DEGRADED,DEGRADED_CLOSED_LOOP,DEGRADED_CLOSED_LOOP,NONE,FRESH,FRESHED,FRESH,FRESH,1,50.863302633300094,109.1366973666999,58.273394733399805,16.406050442257808,-81.89050518902377,347.69124612556635,37.250686,126.674964,37.254138,126.680626
108.49999999999598,3,DEGRADED,DEGRADED_FEEDFORWARD,DEGRADED_FEEDFORWARD,NONE,FRESH,FRESHED,STALE,FRESH,1,53.863302633299924,106.13669736670008,39.03214486366288,11.691256304158623,-81.89050518902377,347.69124612556635,37.250686,126.674964,37.254138,126.680626
108.54999999999598,3,DEGRADED,DEGRADED_FEEDFORWARD,DEGRADED_FEEDFORWARD,NONE,FRESH,FRESHED,STALE,FRESH,1,56.86330263329975,103.13669736670025,39.03214486366288,11.691256304158623,-81.89050518902377,347.69124612556635,37.250686,126.674964,37.254138,126.680626
108.59999999999597,3,DEGRADED,DEGRADED_FEEDFORWARD,DEGRADED_FEEDFORWARD,NONE,FRESH,FRESHED,STALE,FRESH,1,59.86330263329958,100.13669736670042,39.03214486366288,11.691256304158623,-81.89050518902377,347.69124612556635,37.250686,126.674964,37.254138,126.680626
108.64999999999597,3,DEGRADED,DEGRADED_FEEDFORWARD,DEGRADED_FEEDFORWARD,NONE,FRESH,FRESHED,STALE,FRESH,1,60.48392756816856,99.51607243183145,39.03214486366288,11.691256304158623,-81.89050518902377,347.69124612556635,37.250686,126.674964,37.254138,126.680626
108.69999999999597,3,DEGRADED,DEGRADED_FEEDFORWARD,DEGRADED_FEEDFORWARD,NONE,FRESH,FRESHED,STALE,FRESH,1,60.48392756816856,99.51607243183145,39.03214486366288,11.691256304158623,-81.89050518902377,347.69124612556635,37.250686,126.674964,37.254138,126.680626
108.74999999999596,3,DEGRADED,DEGRADED_FEEDFORWARD,DEGRADED_FEEDFORWARD,NONE,FRESH,FRESHED,STALE,FRESH,1,60.48392756816856,99.51607243183145,39.03214486366288,11.691256304158623,-81.89050518902377,347.69124612556635,37.250686,126.674964,37.254138,126.680626
108.79999999999596,3,DEGRADED,DEGRADED_FEEDFORWARD,DEGRADED_FEEDFORWARD,NONE,FRESH,FRESHED,STALE,STALE,1,60.48392756816856,99.51607243183145,39.03214486366288,11.691256304158623,-81.89050518902377,347.69124612556635,37.250686,126.674964,37.254138,126.680626
108.84999999999596,3,DEGRADED,DEGRADED_FEEDFORWARD,DEGRADED_FEEDFORWARD,NONE,FRESH,FRESHED,STALE,STALE,1,60.48392756816856,99.51607243183145,39.03214486366288,11.691256304158623,-81.89050518902377,347.69124612556635,37.250686,126.674964,37.254138,126.680626
108.89999999999596,3,DEGRADED,DEGRADED_FEEDFORWARD,DEGRADED_FEEDFORWARD,NONE,FRESH,FRESHED,STALE,STALE,1,60.48392756816856,99.51607243183145,39.03214486366288,11.691256304158623,-81.89050518902377,347.69124612556635,37.250686,126.674964,37.254138,126.680626
108.94999999999595,3,DEGRADED,DEGRADED_FEEDFORWARD,DEGRADED_FEEDFORWARD,NONE,FRESH,FRESHED,STALE,STALE,1,60.48392756816856,99.51607243183145,39.03214486366288,11.691256304158623,-81.89050518902377,347.69124612556635,37.250686,126.674964,37.254138,126.680626
108.99999999999595,3,DEGRADED,DEGRADED_FEEDFORWARD,DEGRADED_FEEDFORWARD,NONE,FRESH,FRESHED,STALE,STALE,1,60.48392756816856,99.51607243183145,39.03214486366288,11.691256304158623,-81.89050518902377,347.69124612556635,37.250686,126.674964,37.254138,126.680626
109.04999999999595,3,DEGRADED,DEGRADED_FEEDFORWARD,DEGRADED_FEEDFORWARD,NONE,FRESH,FRESHED,STALE,STALE,1,60.48392756816856,99.51607243183145,39.03214486366288,11.691256304158623,-81.89050518902377,347.69124612556635,37.250686,126.674964,37.254138,126.680626
109.09999999999594,3,DEGRADED,DEGRADED_FEEDFORWARD,DEGRADED_FEEDFORWARD,NONE,FRESH,FRESHED,STALE,STALE,1,60.48392756816856,99.51607243183145,39.03214486366288,11.691256304158623,-81.89050518902377,347.69124612556635,37.250686,126.674964,37.254138,126.680626
109.14999999999594,3,DEGRADED,DEGRADED_FEEDFORWARD,DEGRADED_FEEDFORWARD,NONE,FRESH,FRESHED,STALE,STALE,1,60.48392756816856,99.51607243183145,39.03214486366288,11.691256304158623,-81.89050518902377,347.69124612556635,37.250686,126.674964,37.254138,126.680626
109.19999999999594,3,DEGRADED,DEGRADED_FEEDFORWARD,DEGRADED_FEEDFORWARD,NONE,FRESH,FRESHED,STALE,STALE,1,60.48392756816856,99.51607243183145,39.03214486366288,11.691256304158623,-81.89050518902377,347.69124612556635,37.250686,126.674964,37.254138,126.680626
109.24999999999594,3,DEGRADED,DEGRADED_CLOSED_LOOP,DEGRADED_CLOSED_LOOP,NONE,FRESH,FRESHED,FRESH,FRESH,1,59.71093679745466,100.28906320254535,40.578126405090686,9.651867032829038,-81.89050518902377,347.69124612556635,37.250686,126.674964,37.254138,126.680626
109.29999999999593,3,DEGRADED,DEGRADED_CLOSED_LOOP,DEGRADED_CLOSED_LOOP,NONE,FRESH,FRESHED,FRESH,FRESH,1,59.70604586393824,100.29395413606176,40.587908272123514,9.651867032829038,-81.89050518902377,347.69124612556635,37.250686,126.674964,37.254138,126.680626
109.34999999999593,3,DEGRADED,DEGRADED_CLOSED_LOOP,DEGRADED_CLOSED_LOOP,NONE,FRESH,FRESHED,FRESH,FRESH,1,59.70115493042183,100.29884506957816,40.59769013915634,9.651867032829038,-81.89050518902377,347.69124612556635,37.250686,126.674964,37.254138,126.680626
109.39999999999593,3,DEGRADED,DEGRADED_CLOSED_LOOP,DEGRADED_CLOSED_LOOP,NONE,FRESH,FRESHED,FRESH,FRESH,1,59.696263996905415,100.30373600309458,40.60747200618917,9.651867032829038,-81.89050518902377,347.69124612556635,37.250686,126.674964,37.254138,126.680626
109.44999999999592,3,DEGRADED,DEGRADED_CLOSED_LOOP,DEGRADED_CLOSED_LOOP,NONE,FRESH,FRESHED,FRESH,FRESH,1,59.691373063389,100.308626936611,40.617253873222,9.651867032829038,-81.89050518902377,347.69124612556635,37.250686,126.674964,37.254138,126.680626
109.49999999999592,3,DEGRADED,DEGRADED_FEEDFORWARD,DEGRADED_FEEDFORWARD,NONE,FRESH,FRESHED,STALE,FRESH,1,62.69137306338883,97.30862693661118,30.26813792397984,7.72149362626323,-81.89050518902377,347.69124612556635,37.250686,126.674964,37.254138,126.680626
109.54999999999592,3,DEGRADED,DEGRADED_FEEDFORWARD,DEGRADED_FEEDFORWARD,NONE,FRESH,FRESHED,STALE,FRESH,1,64.86593103801007,95.13406896198993,30.26813792397984,7.72149362626323,-81.89050518902377,347.69124612556635,37.250686,126.674964,37.254138,126.680626
109.59999999999592,3,DEGRADED,DEGRADED_FEEDFORWARD,DEGRADED_FEEDFORWARD,NONE,FRESH,FRESHED,STALE,FRESH,1,64.86593103801007,95.13406896198993,30.26813792397984,7.72149362626323,-81.89050518902377,347.69124612556635,37.250686,126.674964,37.254138,126.680626
109.64999999999591,3,DEGRADED,DEGRADED_FEEDFORWARD,DEGRADED_FEEDFORWARD,NONE,FRESH,FRESHED,STALE,FRESH,1,64.86593103801007,95.13406896198993,30.26813792397984,7.72149362626323,-81.89050518902377,347.69124612556635,37.250686,126.674964,37.254138,126.680626
109.69999999999591,3,DEGRADED,DEGRADED_FEEDFORWARD,DEGRADED_FEEDFORWARD,NONE,FRESH,FRESHED,STALE,FRESH,1,64.86593103801007,95.13406896198993,30.26813792397984,7.72149362626323,-81.89050518902377,347.69124612556635,37.250686,126.674964,37.254138,126.680626
109.74999999999591,3,DEGRADED,DEGRADED_FEEDFORWARD,DEGRADED_FEEDFORWARD,NONE,FRESH,FRESHED,STALE,FRESH,1,64.86593103801007,95.13406896198993,30.26813792397984,7.72149362626323,-81.89050518902377,347.69124612556635,37.250686,126.674964,37.254138,126.680626
109.7999999999959,3,DEGRADED,DEGRADED_FEEDFORWARD,DEGRADED_FEEDFORWARD,NONE,FRESH,FRESHED,STALE,STALE,1,64.86593103801007,95.13406896198993,30.26813792397984,7.72149362626323,-81.89050518902377,347.69124612556635,37.250686,126.674964,37.254138,126.680626
109.8499999999959,3,DEGRADED,DEGRADED_FEEDFORWARD,DEGRADED_FEEDFORWARD,NONE,FRESH,FRESHED,STALE,STALE,1,64.86593103801007,95.13406896198993,30.26813792397984,7.72149362626323,-81.89050518902377,347.69124612556635,37.250686,126.674964,37.254138,126.680626
109.8999999999959,3,DEGRADED,DEGRADED_FEEDFORWARD,DEGRADED_FEEDFORWARD,NONE,FRESH,FRESHED,STALE,STALE,1,64.86593103801007,95.13406896198993,30.26813792397984,7.72149362626323,-81.89050518902377,347.69124612556635,37.250686,126.674964,37.254138,126.680626
109.9499999999959,3,DEGRADED,DEGRADED_FEEDFORWARD,DEGRADED_FEEDFORWARD,NONE,FRESH,FRESHED,STALE,STALE,1,64.86593103801007,95.13406896198993,30.26813792397984,7.72149362626323,-81.89050518902377,347.69124612556635,37.250686,126.674964,37.254138,126.680626
109.9999999999959,3,DEGRADED,DEGRADED_FEEDFORWARD,DEGRADED_FEEDFORWARD,NONE,FRESH,FRESHED,STALE,STALE,1,64.86593103801007,95.13406896198993,30.26813792397984,7.72149362626323,-81.89050518902377,347.69124612556635,37.250686,126.674964,37.254138,126.680626
110.04999999999589,3,DEGRADED,DEGRADED_FEEDFORWARD,DEGRADED_FEEDFORWARD,NONE,FRESH,FRESHED,STALE,STALE,1,64.86593103801007,95.13406896198993,30.26813792397984,7.72149362626323,-81.89050518902377,347.69124612556635,37.250686,126.674964,37.254138,126.680626
110.09999999999589,3,DEGRADED,DEGRADED_FEEDFORWARD,DEGRADED_FEEDFORWARD,NONE,FRESH,FRESHED,STALE,STALE,1,64.86593103801007,95.13406896198993,30.26813792397984,7.72149362626323,-81.89050518902377,347.69124612556635,37.250686,126.674964,37.254138,126.680626
110.14999999999588,3,DEGRADED,DEGRADED_FEEDFORWARD,DEGRADED_FEEDFORWARD,NONE,FRESH,FRESHED,STALE,STALE,1,64.86593103801007,95.13406896198993,30.26813792397984,7.72149362626323,-81.89050518902377,347.69124612556635,37.250686,126.674964,37.254138,126.680626
110.19999999999588,3,DEGRADED,DEGRADED_FEEDFORWARD,DEGRADED_FEEDFORWARD,NONE,FRESH,FRESHED,STALE,STALE,1,64.86593103801007,95.13406896198993,30.26813792397984,7.72149362626323,-81.89050518902377,347.69124612556635,37.250686,126.674964,37.254138,126.680626
110.24999999999588,3,DEGRADED,DEGRADED_CLOSED_LOOP,DEGRADED_CLOSED_LOOP,NONE,FRESH,FRESHED,FRESH,FRESH,1,61.365931038010274,98.63406896198973,40.58094082943365,9.651867032829038,-81.89050518902377,347.69124612556635,37.250686,126.674964,37.254138,126.680626
110.29999999999588,3,DEGRADED,DEGRADED_CLOSED_LOOP,DEGRADED_CLOSED_LOOP,NONE,FRESH,FRESHED,FRESH,FRESH,1,59.70460365176676,100.29539634823324,40.59079269646648,9.651867032829038,-81.89050518902377,347.69124612556635,37.250686,126.674964,37.254138,126.680626
110.34999999999587,3,DEGRADED,DEGRADED_CLOSED_LOOP,DEGRADED_CLOSED_LOOP,NONE,FRESH,FRESHED,FRESH,FRESH,1,59.69967771825034,100.30032228174966,40.60064456349931,9.651867032829038,-81.89050518902377,347.69124612556635,37.250686,126.674964,37.254138,126.680626
110.39999999999587,3,DEGRADED,DEGRADED_CLOSED_LOOP,DEGRADED_CLOSED_LOOP,NONE,FRESH,FRESHED,FRESH,FRESH,1,59.69475178473393,100.30524821526606,40.61049643053214,9.651867032829038,-81.89050518902377,347.69124612556635,37.250686,126.674964,37.254138,126.680626
110.44999999999587,3,DEGRADED,DEGRADED_CLOSED_LOOP,DEGRADED_CLOSED_LOOP,NONE,FRESH,FRESHED,FRESH,FRESH,1,59.68982585121752,100.31017414878248,40.62034829756496,9.651867032829038,-81.89050518902377,347.69124612556635,37.250686,126.674964,37.254138,126.680626
110.49999999999586,3,DEGRADED,DEGRADED_FEEDFORWARD,DEGRADED_FEEDFORWARD,NONE,FRESH,FRESHED,STALE,FRESH,1,62.68982585121735,97.31017414878265,30.26813792397984,7.72149362626323,-81.89050518902377,347.69124612556635,37.250686,126.674964,37.254138,126.680626
110.54999999999586,3,DEGRADED,DEGRADED_FEEDFORWARD,DEGRADED_FEEDFORWARD,NONE,FRESH,FRESHED,STALE,FRESH,1,64.86593103801007,95.13406896198993,30.26813792397984,7.72149362626323,-81.89050518902377,347.69124612556635,37.250686,126.674964,37.254138,126.680626
110.59999999999586,3,DEGRADED,DEGRADED_FEEDFORWARD,DEGRADED_FEEDFORWARD,NONE,FRESH,FRESHED,STALE,FRESH,1,64.86593103801007,95.13406896198993,30.26813792397984,7.72149362626323,-81.89050518902377,347.69124612556635,37.250686,126.674964,37.254138,126.680626
110.64999999999586,3,DEGRADED,DEGRADED_FEEDFORWARD,DEGRADED_FEEDFORWARD,NONE,FRESH,FRESHED,STALE,FRESH,1,64.86593103801007,95.13406896198993,30.26813792397984,7.72149362626323,-81.89050518902377,347.69124612556635,37.250686,126.674964,37.254138,126.680626
110.69999999999585,3,DEGRADED,DEGRADED_FEEDFORWARD,DEGRADED_FEEDFORWARD,NONE,FRESH,FRESHED,STALE,FRESH,1,64.86593103801007,95.13406896198993,30.26813792397984,7.72149362626323,-81.89050518902377,347.69124612556635,37.250686,126.674964,37.254138,126.680626
110.74999999999585,3,DEGRADED,DEGRADED_FEEDFORWARD,DEGRADED_FEEDFORWARD,NONE,FRESH,FRESHED,STALE,FRESH,1,64.86593103801007,95.13406896198993,30.26813792397984,7.72149362626323,-81.89050518902377,347.69124612556635,37.250686,126.674964,37.254138,126.680626
110.79999999999585,3,DEGRADED,DEGRADED_FEEDFORWARD,DEGRADED_FEEDFORWARD,NONE,FRESH,FRESHED,STALE,STALE,1,64.86593103801007,95.13406896198993,30.26813792397984,7.72149362626323,-81.89050518902377,347.69124612556635,37.250686,126.674964,37.254138,126.680626
110.84999999999584,3,DEGRADED,DEGRADED_FEEDFORWARD,DEGRADED_FEEDFORWARD,NONE,FRESH,FRESHED,STALE,STALE,1,64.86593103801007,95.13406896198993,30.26813792397984,7.72149362626323,-81.89050518902377,347.69124612556635,37.250686,126.674964,37.254138,126.680626
110.89999999999584,3,DEGRADED,DEGRADED_FEEDFORWARD,DEGRADED_FEEDFORWARD,NONE,FRESH,FRESHED,STALE,STALE,1,64.86593103801007,95.13406896198993,30.26813792397984,7.72149362626323,-81.89050518902377,347.69124612556635,37.250686,126.674964,37.254138,126.680626
110.94999999999584,3,DEGRADED,DEGRADED_FEEDFORWARD,DEGRADED_FEEDFORWARD,NONE,FRESH,FRESHED,STALE,STALE,1,64.86593103801007,95.13406896198993,30.26813792397984,7.72149362626323,-81.89050518902377,347.69124612556635,37.250686,126.674964,37.254138,126.680626
110.99999999999584,3,DEGRADED,DEGRADED_FEEDFORWARD,DEGRADED_FEEDFORWARD,NONE,FRESH,FRESHED,STALE,STALE,1,64.86593103801007,95.13406896198993,30.26813792397984,7.72149362626323,-81.89050518902377,347.69124612556635,37.250686,126.674964,37.254138,126.680626
111.04999999999583,3,DEGRADED,DEGRADED_FEEDFORWARD,DEGRADED_FEEDFORWARD,NONE,FRESH,FRESHED,STALE,STALE,1,64.86593103801007,95.13406896198993,30.26813792397984,7.72149362626323,-81.89050518902377,347.69124612556635,37.250686,126.674964,37.254138,126.680626
111.09999999999583,3,DEGRADED,DEGRADED_FEEDFORWARD,DEGRADED_FEEDFORWARD,NONE,FRESH,FRESHED,STALE,STALE,1,64.86593103801007,95.13406896198993,30.26813792397984,7.72149362626323,-81.89050518902377,347.69124612556635,37.250686,126.674964,37.254138,126.680626
111.14999999999583,3,DEGRADED,DEGRADED_FEEDFORWARD,DEGRADED_FEEDFORWARD,NONE,FRESH,FRESHED,STALE,STALE,1,64.86593103801007,95.13406896198993,30.26813792397984,7.72149362626323,-81.89050518902377,347.69124612556635,37.250686,126.674964,37.254138,126.680626
111.19999999999582,3,DEGRADED,DEGRADED_FEEDFORWARD,DEGRADED_FEEDFORWARD,NONE,FRESH,FRESHED,STALE,STALE,1,64.86593103801007,95.13406896198993,30.26813792397984,7.72149362626323,-81.89050518902377,347.69124612556635,37.250686,126.674964,37.254138,126.680626
111.24999999999582,3,ACTIVE,NOMINAL_CLOSED_LOOP,NOMINAL_CLOSED_LOOP,NONE,FRESH,FRESH,FRESH,FRESH,1,59.86593103801036,100.13406896198964,52.33556659661193,12.988059758156163,-77.23035386782453,364.74754567049666,37.250686,126.674964,37.254138,126.680626
111.29999999999582,3,ACTIVE,NOMINAL_CLOSED_LOOP,NOMINAL_CLOSED_LOOP,NONE,FRESH,FRESH,FRESH,FRESH,1,54.86593103801064,105.13406896198936,52.34892465637009,12.988059758156163,-77.23035386782453,364.74754567049666,37.250686,126.674964,37.254138,126.680626
111.34999999999582,3,ACTIVE,NOMINAL_CLOSED_LOOP,NOMINAL_CLOSED_LOOP,NONE,FRESH,FRESH,FRESH,FRESH,1,53.818858641935876,106.18114135806412,52.36228271612824,12.988059758156163,-77.23035386782453,364.74754567049666,37.250686,126.674964,37.254138,126.680626
111.39999999999581,3,ACTIVE,NOMINAL_CLOSED_LOOP,NOMINAL_CLOSED_LOOP,NONE,FRESH,FRESH,FRESH,FRESH,1,53.812179612056795,106.1878203879432,52.3756407758864,12.988059758156163,-77.23035386782453,364.74754567049666,37.250686,126.674964,37.254138,126.680626
111.44999999999581,3,ACTIVE,NOMINAL_CLOSED_LOOP,NOMINAL_CLOSED_LOOP,NONE,FRESH,FRESH,FRESH,FRESH,1,53.80550058217772,106.19449941782227,52.38899883564456,12.988059758156163,-77.23035386782453,364.74754567049666,37.250686,126.674964,37.254138,126.680626
111.49999999999581,3,ACTIVE,NOMINAL_FEEDFORWARD,NOMINAL_FEEDFORWARD,NONE,FRESH,FRESH,STALE,FRESH,1,58.27706639579233,101.72293360420767,43.445867208415336,11.364552288386642,-77.23035386782453,364.74754567049666,37.250686,126.674964,37.254138,126.680626
111.5499999999958,3,ACTIVE,NOMINAL_FEEDFORWARD,NOMINAL_FEEDFORWARD,NONE,FRESH,FRESH,STALE,FRESH,1,58.27706639579233,101.72293360420767,43.445867208415336,11.364552288386642,-77.23035386782453,364.74754567049666,37.250686,126.674964,37.254138,126.680626
111.5999999999958,3,ACTIVE,NOMINAL_FEEDFORWARD,NOMINAL_FEEDFORWARD,NONE,FRESH,FRESH,STALE,FRESH,1,58.27706639579233,101.72293360420767,43.445867208415336,11.364552288386642,-77.23035386782453,364.74754567049666,37.250686,126.674964,37.254138,126.680626
111.6499999999958,3,ACTIVE,NOMINAL_FEEDFORWARD,NOMINAL_FEEDFORWARD,NONE,FRESH,FRESH,STALE,FRESH,1,58.27706639579233,101.72293360420767,43.445867208415336,11.364552288386642,-77.23035386782453,364.74754567049666,37.250686,126.674964,37.254138,126.680626
111.6999999999958,3,ACTIVE,NOMINAL_FEEDFORWARD,NOMINAL_FEEDFORWARD,NONE,FRESH,FRESH,STALE,FRESH,1,58.27706639579233,101.72293360420767,43.445867208415336,11.364552288386642,-77.23035386782453,364.74754567049666,37.250686,126.674964,37.254138,126.680626
111.7499999999958,3,ACTIVE,NOMINAL_FEEDFORWARD,NOMINAL_FEEDFORWARD,NONE,FRESH,FRESH,STALE,FRESH,1,58.27706639579233,101.72293360420767,43.445867208415336,11.364552288386642,-77.23035386782453,364.74754567049666,37.250686,126.674964,37.254138,126.680626
111.79999999999579,3,ACTIVE,NOMINAL_FEEDFORWARD,NOMINAL_FEEDFORWARD,NONE,FRESH,FRESH,STALE,STALE,1,58.27706639579233,101.72293360420767,43.445867208415336,11.364552288386642,-77.23035386782453,364.74754567049666,37.250686,126.674964,37.254138,126.680626
111.84999999999579,3,ACTIVE,NOMINAL_FEEDFORWARD,NOMINAL_FEEDFORWARD,NONE,FRESH,FRESH,STALE,STALE,1,58.27706639579233,101.72293360420767,43.445867208415336,11.364552288386642,-77.23035386782453,364.74754567049666,37.250686,126.674964,37.254138,126.680626
111.89999999999579,3,ACTIVE,NOMINAL_FEEDFORWARD,NOMINAL_FEEDFORWARD,NONE,FRESH,FRESH,STALE,STALE,1,58.27706639579233,101.72293360420767,43.445867208415336,11.364552288386642,-77.23035386782453,364.74754567049666,37.250686,126.674964,37.254138,126.680626
111.94999999999578,3,ACTIVE,NOMINAL_FEEDFORWARD,NOMINAL_FEEDFORWARD,NONE,FRESH,FRESH,STALE,STALE,1,58.27706639579233,101.72293360420767,43.445867208415336,11.364552288386642,-77.23035386782453,364.74754567049666,37.250686,126.674964,37.254138,126.680626
111.99999999999578,3,ACTIVE,NOMINAL_FEEDFORWARD,NOMINAL_FEEDFORWARD,NONE,FRESH,FRESH,STALE,STALE,1,58.27706639579233,101.72293360420767,43.445867208415336,11.364552288386642,-77.23035386782453,364.74754567049666,37.250686,126.674964,37.254138,126.680626
112.04999999999578,3,ACTIVE,NOMINAL_FEEDFORWARD,NOMINAL_FEEDFORWARD,NONE,FRESH,FRESH,STALE,STALE,1,58.27706639579233,101.72293360420767,43.445867208415336,11.364552288386642,-77.23035386782453,364.74754567049666,37.250686,126.674964,37.254138,126.680626
112.09999999999577,3,ACTIVE,NOMINAL_FEEDFORWARD,NOMINAL_FEEDFORWARD,NONE,FRESH,FRESH,STALE,STALE,1,58.27706639579233,101.72293360420767,43.445867208415336,11.364552288386642,-77.23035386782453,364.74754567049666,37.250686,126.674964,37.254138,126.680626
112.14999999999577,3,ACTIVE,NOMINAL_FEEDFORWARD,NOMINAL_FEEDFORWARD,NONE,FRESH,FRESH,STALE,STALE,1,58.27706639579233,101.72293360420767,43.445867208415336,11.364552288386642,-77.23035386782453,364.74754567049666,37.250686,126.674964,37.254138,126.680626
112.19999999999577,3,ACTIVE,NOMINAL_FEEDFORWARD,NOMINAL_FEEDFORWARD,NONE,FRESH,FRESH,STALE,STALE,1,58.27706639579233,101.72293360420767,43.445867208415336,11.364552288386642,-77.23035386782453,364.74754567049666,37.250686,126.674964,37.254138,126.680626
112.24999999999577,3,DEGRADED,DEGRADED_CLOSED_LOOP,DEGRADED_CLOSED_LOOP,NONE,FRESH,FRESHED,FRESH,FRESH,1,54.77706639579253,105.22293360420747,70.31410956388258,21.266573217382692,-77.23035386782453,364.74754567049666,37.250686,126.674964,37.254138,126.680626
112.29999999999576,3,DEGRADED,DEGRADED_CLOSED_LOOP,DEGRADED_CLOSED_LOOP,NONE,FRESH,FRESHED,FRESH,FRESH,1,51.27706639579273,108.72293360420727,70.33571613709996,21.266573217382692,-77.23035386782453,364.74754567049666,37.250686,126.674964,37.254138,126.680626
112.34999999999576,3,DEGRADED,DEGRADED_CLOSED_LOOP,DEGRADED_CLOSED_LOOP,NONE,FRESH,FRESHED,FRESH,FRESH,1,47.77706639579293,112.22293360420707,70.35732271031735,21.266573217382692,-77.23035386782453,364.74754567049666,37.250686,126.674964,37.254138,126.680626
112.39999999999576,3,DEGRADED,DEGRADED_CLOSED_LOOP,DEGRADED_CLOSED_LOOP,NONE,FRESH,FRESHED,FRESH,FRESH,1,44.810535358232634,115.18946464176736,70.37892928353473,21.266573217382692,-77.23035386782453,364.74754567049666,37.250686,126.674964,37.254138,126.680626
112.44999999999575,3,DEGRADED,DEGRADED_CLOSED_LOOP,DEGRADED_CLOSED_LOOP,NONE,FRESH,FRESHED,FRESH,FRESH,1,44.79973207162394,115.20026792837606,70.40053585675211,21.266573217382692,-77.23035386782453,364.74754567049666,37.250686,126.674964,37.254138,126.680626
112.49999999999575,3,DEGRADED,DEGRADED_FEEDFORWARD,DEGRADED_FEEDFORWARD,NONE,FRESH,FRESHED,STALE,FRESH,1,47.79973207162377,112.20026792837623,38.48433808760724,11.433847645631865,-77.23035386782453,364.74754567049666,37.250686,126.674964,37.254138,126.680626
112.54999999999575,3,DEGRADED,DEGRADED_FEEDFORWARD,DEGRADED_FEEDFORWARD,NONE,FRESH,FRESHED,STALE,FRESH,1,50.7997320716236,109.2002679283764,38.48433808760724,11.433847645631865,-77.23035386782453,364.74754567049666,37.250686,126.674964,37.254138,126.680626
112.59999999999575,3,DEGRADED,DEGRADED_FEEDFORWARD,DEGRADED_FEEDFORWARD,NONE,FRESH,FRESHED,STALE,FRESH,1,53.79973207162343,106.20026792837658,38.48433808760724,11.433847645631865,-77.23035386782453,364.74754567049666,37.250686,126.674964,37.254138,126.680626
112.64999999999574,3,DEGRADED,DEGRADED_FEEDFORWARD,DEGRADED_FEEDFORWARD,NONE,FRESH,FRESHED,STALE,FRESH,1,56.79973207162326,103.20026792837675,38.48433808760724,11.433847645631865,-77.23035386782453,364.74754567049666,37.250686,126.674964,37.254138,126.680626
112.69999999999574,3,DEGRADED,DEGRADED_FEEDFORWARD,DEGRADED_FEEDFORWARD,NONE,FRESH,FRESHED,STALE,FRESH,1,59.79973207162309,100.20026792837692,38.48433808760724,11.433847645631865,-77.23035386782453,364.74754567049666,37.250686,126.674964,37.254138,126.680626
112.74999999999574,3,DEGRADED,DEGRADED_FEEDFORWARD,DEGRADED_FEEDFORWARD,NONE,FRESH,FRESHED,STALE,FRESH,1,60.75783095619638,99.24216904380361,38.48433808760724,11.433847645631865,-77.23035386782453,364.74754567049666,37.250686,126.674964,37.254138,126.680626
112.79999999999573,3,DEGRADED,DEGRADED_FEEDFORWARD,DEGRADED_FEEDFORWARD,NONE,FRESH,FRESHED,STALE,STALE,1,60.75783095619638,99.24216904380361,38.48433808760724,11.433847645631865,-77.23035386782453,364.74754567049666,37.250686,126.674964,37.254138,126.680626
112.84999999999573,3,DEGRADED,DEGRADED_FEEDFORWARD,DEGRADED_FEEDFORWARD,NONE,FRESH,FRESHED,STALE,STALE,1,60.75783095619638,99.24216904380361,38.48433808760724,11.433847645631865,-77.23035386782453,364.74754567049666,37.250686,126.674964,37.254138,126.680626
112.89999999999573,3,DEGRADED,DEGRADED_FEEDFORWARD,DEGRADED_FEEDFORWARD,NONE,FRESH,FRESHED,STALE,STALE,1,60.75783095619638,99.24216904380361,38.48433808760724,11.433847645631865,-77.23035386782453,364.74754567049666,37.250686,126.674964,37.254138,126.680626
112.94999999999573,3,DEGRADED,DEGRADED_FEEDFORWARD,DEGRADED_FEEDFORWARD,NONE,FRESH,FRESHED,STALE,STALE,1,60.75783095619638,99.24216904380361,38.48433808760724,11.433847645631865,-77.23035386782453,364.74754567049666,37.250686,126.674964,37.254138,126.680626
112.99999999999572,3,DEGRADED,DEGRADED_FEEDFORWARD,DEGRADED_FEEDFORWARD,NONE,FRESH,FRESHED,STALE,STALE,1,60.75783095619638,99.24216904380361,38.48433808760724,11.433847645631865,-77.23035386782453,364.74754567049666,37.250686,126.674964,37.254138,126.680626
113.04999999999572,3,DEGRADED,DEGRADED_FEEDFORWARD,DEGRADED_FEEDFORWARD,NONE,FRESH,FRESHED,STALE,STALE,1,60.75783095619638,99.24216904380361,38.48433808760724,11.433847645631865,-77.23035386782453,364.74754567049666,37.250686,126.674964,37.254138,126.680626
113.09999999999572,3,DEGRADED,DEGRADED_FEEDFORWARD,DEGRADED_FEEDFORWARD,NONE,FRESH,FRESHED,STALE,STALE,1,60.75783095619638,99.24216904380361,38.48433808760724,11.433847645631865,-77.23035386782453,364.74754567049666,37.250686,126.674964,37.254138,126.680626
113.14999999999571,3,DEGRADED,DEGRADED_FEEDFORWARD,DEGRADED_FEEDFORWARD,NONE,FRESH,FRESHED,STALE,STALE,1,60.75783095619638,99.24216904380361,38.48433808760724,11.433847645631865,-77.23035386782453,364.74754567049666,37.250686,126.674964,37.254138,126.680626
113.19999999999571,3,DEGRADED,DEGRADED_FEEDFORWARD,DEGRADED_FEEDFORWARD,NONE,FRESH,FRESHED,STALE,STALE,1,60.75783095619638,99.24216904380361,38.48433808760724,11.433847645631865,-77.23035386782453,364.74754567049666,37.250686,126.674964,37.254138,126.680626
113.24999999999571,3,ACTIVE,NOMINAL_CLOSED_LOOP,NOMINAL_CLOSED_LOOP,NONE,FRESH,FRESH,FRESH,FRESH,1,59.757904044958664,100.24209595504134,40.48419191008268,8.933114090819771,-70.89351471445039,389.6618004907731,37.250686,126.674964,37.254138,126.680626
113.2999999999957,3,ACTIVE,NOMINAL_CLOSED_LOOP,NOMINAL_CLOSED_LOOP,NONE,FRESH,FRESH,FRESH,FRESH,1,59.75354748791325,100.24645251208675,40.492905024173496,8.933114090819771,-70.89351471445039,389.6618004907731,37.250686,126.674964,37.254138,126.680626
113.3499999999957,3,ACTIVE,NOMINAL_CLOSED_LOOP,NOMINAL_CLOSED_LOOP,NONE,FRESH,FRESH,FRESH,FRESH,1,59.74919093086784,100.25080906913216,40.50161813826431,8.933114090819771,-70.89351471445039,389.6618004907731,37.250686,126.674964,37.254138,126.680626
113.3999999999957,3,ACTIVE,NOMINAL_CLOSED_LOOP,NOMINAL_CLOSED_LOOP,NONE,FRESH,FRESH,FRESH,FRESH,1,59.74483437382243,100.25516562617757,40.51033125235514,8.933114090819771,-70.89351471445039,389.6618004907731,37.250686,126.674964,37.254138,126.680626
113.4499999999957,3,ACTIVE,NOMINAL_CLOSED_LOOP,NOMINAL_CLOSED_LOOP,NONE,FRESH,FRESH,FRESH,FRESH,1,59.74047781677702,100.25952218322297,40.519044366445954,8.933114090819771,-70.89351471445039,389.6618004907731,37.250686,126.674964,37.254138,126.680626
113.4999999999957,3,ACTIVE,NOMINAL_FEEDFORWARD,NOMINAL_FEEDFORWARD,NONE,FRESH,FRESH,STALE,FRESH,1,62.86280965340419,97.13719034659582,34.27438069319162,7.8164748294673005,-70.89351471445039,389.6618004907731,37.250686,126.674964,37.254138,126.680626
113.54999999999569,3,ACTIVE,NOMINAL_FEEDFORWARD,NOMINAL_FEEDFORWARD,NONE,FRESH,FRESH,STALE,FRESH,1,62.86280965340419,97.13719034659582,34.27438069319162,7.8164748294673005,-70.89351471445039,389.6618004907731,37.250686,126.674964,37.254138,126.680626
113.59999999999569,3,ACTIVE,NOMINAL_FEEDFORWARD,NOMINAL_FEEDFORWARD,NONE,FRESH,FRESH,STALE,FRESH,1,62.86280965340419,97.13719034659582,34.27438069319162,7.8164748294673005,-70.89351471445039,389.6618004907731,37.250686,126.674964,37.254138,126.680626
113.64999999999569,3,ACTIVE,NOMINAL_FEEDFORWARD,NOMINAL_FEEDFORWARD,NONE,FRESH,FRESH,STALE,FRESH,1,62.86280965340419,97.13719034659582,34.27438069319162,7.8164748294673005,-70.89351471445039,389.6618004907731,37.250686,126.674964,37.254138,126.680626
113.69999999999568,3,ACTIVE,NOMINAL_FEEDFORWARD,NOMINAL_FEEDFORWARD,NONE,FRESH,FRESH,STALE,FRESH,1,62.86280965340419,97.13719034659582,34.27438069319162,7.8164748294673005,-70.89351471445039,389.6618004907731,37.250686,126.674964,37.254138,126.680626
113.74999999999568,3,ACTIVE,NOMINAL_FEEDFORWARD,NOMINAL_FEEDFORWARD,NONE,FRESH,FRESH,STALE,FRESH,1,62.86280965340419,97.13719034659582,34.27438069319162,7.8164748294673005,-70.89351471445039,389.6618004907731,37.250686,126.674964,37.254138,126.680626
113.79999999999568,3,ACTIVE,NOMINAL_FEEDFORWARD,NOMINAL_FEEDFORWARD,NONE,FRESH,FRESH,STALE,STALE,1,62.86280965340419,97.13719034659582,34.27438069319162,7.8164748294673005,-70.89351471445039,389.6618004907731,37.250686,126.674964,37.254138,126.680626
113.84999999999567,3,ACTIVE,NOMINAL_FEEDFORWARD,NOMINAL_FEEDFORWARD,NONE,FRESH,FRESH,STALE,STALE,1,62.86280965340419,97.13719034659582,34.27438069319162,7.8164748294673005,-70.89351471445039,389.6618004907731,37.250686,126.674964,37.254138,126.680626
113.89999999999567,3,ACTIVE,NOMINAL_FEEDFORWARD,NOMINAL_FEEDFORWARD,NONE,FRESH,FRESH,STALE,STALE,1,62.86280965340419,97.13719034659582,34.27438069319162,7.8164748294673005,-70.89351471445039,389.6618004907731,37.250686,126.674964,37.254138,126.680626
113.94999999999567,3,ACTIVE,NOMINAL_FEEDFORWARD,NOMINAL_FEEDFORWARD,NONE,FRESH,FRESH,STALE,STALE,1,62.86280965340419,97.13719034659582,34.27438069319162,7.8164748294673005,-70.89351471445039,389.6618004907731,37.250686,126.674964,37.254138,126.680626
113.99999999999567,3,ACTIVE,NOMINAL_FEEDFORWARD,NOMINAL_FEEDFORWARD,NONE,FRESH,FRESH,STALE,STALE,1,62.86280965340419,97.13719034659582,34.27438069319162,7.8164748294673005,-70.89351471445039,389.6618004907731,37.250686,126.674964,37.254138,126.680626
114.04999999999566,3,ACTIVE,NOMINAL_FEEDFORWARD,NOMINAL_FEEDFORWARD,NONE,FRESH,FRESH,STALE,STALE,1,62.86280965340419,97.13719034659582,34.27438069319162,7.8164748294673005,-70.89351471445039,389.6618004907731,37.250686,126.674964,37.254138,126.680626
114.09999999999566,3,ACTIVE,NOMINAL_FEEDFORWARD,NOMINAL_FEEDFORWARD,NONE,FRESH,FRESH,STALE,STALE,1,62.86280965340419,97.13719034659582,34.27438069319162,7.8164748294673005,-70.89351471445039,389.6618004907731,37.250686,126.674964,37.254138,126.680626
114.14999999999566,3,ACTIVE,NOMINAL_FEEDFORWARD,NOMINAL_FEEDFORWARD,NONE,FRESH,FRESH,STALE,STALE,1,62.86280965340419,97.13719034659582,34.27438069319162,7.8164748294673005,-70.89351471445039,389.6618004907731,37.250686,126.674964,37.254138,126.680626
114.19999999999565,3,ACTIVE,NOMINAL_FEEDFORWARD,NOMINAL_FEEDFORWARD,NONE,FRESH,FRESH,STALE,STALE,1,62.86280965340419,97.13719034659582,34.27438069319162,7.8164748294673005,-70.89351471445039,389.6618004907731,37.250686,126.674964,37.254138,126.680626
114.24999999999565,3,DEGRADED,DEGRADED_CLOSED_LOOP,DEGRADED_CLOSED_LOOP,NONE,FRESH,FRESHED,FRESH,FRESH,1,59.415921630024215,100.58407836997578,41.16815673995156,9.904233603759174,-70.89351471445039,389.6618004907731,37.250686,126.674964,37.254138,126.680626
114.29999999999565,3,DEGRADED,DEGRADED_CLOSED_LOOP,DEGRADED_CLOSED_LOOP,NONE,FRESH,FRESHED,FRESH,FRESH,1,59.41101451322234,100.58898548677766,41.177970973555325,9.904233603759174,-70.89351471445039,389.6618004907731,37.250686,126.674964,37.254138,126.680626
114.34999999999565,3,DEGRADED,DEGRADED_CLOSED_LOOP,DEGRADED_CLOSED_LOOP,NONE,FRESH,FRESHED,FRESH,FRESH,1,59.40610739642046,100.59389260357955,41.18778520715908,9.904233603759174,-70.89351471445039,389.6618004907731,37.250686,126.674964,37.254138,126.680626
114.39999999999564,3,DEGRADED,DEGRADED_CLOSED_LOOP,DEGRADED_CLOSED_LOOP,NONE,FRESH,FRESHED,FRESH,FRESH,1,59.40120027961858,100.59879972038142,41.19759944076284,9.904233603759174,-70.89351471445039,389.6618004907731,37.250686,126.674964,37.254138,126.680626
114.44999999999564,3,DEGRADED,DEGRADED_CLOSED_LOOP,DEGRADED_CLOSED_LOOP,NONE,FRESH,FRESHED,FRESH,FRESH,1,59.396293162816704,100.6037068371833,41.2074136743666,9.904233603759174,-70.89351471445039,389.6618004907731,37.250686,126.674964,37.254138,126.680626
114.49999999999564,3,DEGRADED,DEGRADED_FEEDFORWARD,DEGRADED_FEEDFORWARD,NONE,FRESH,FRESHED,STALE,FRESH,1,62.396293162816534,97.60370683718347,30.284358626510116,7.72852494236401,-70.89351471445039,389.6618004907731,37.250686,126.674964,37.254138,126.680626
114.54999999999563,3,DEGRADED,DEGRADED_FEEDFORWARD,DEGRADED_FEEDFORWARD,NONE,FRESH,FRESHED,STALE,FRESH,1,64.85782068674494,95.14217931325506,30.284358626510116,7.72852494236401,-70.89351471445039,389.6618004907731,37.250686,126.674964,37.254138,126.680626
114.59999999999563,3,DEGRADED,DEGRADED_FEEDFORWARD,DEGRADED_FEEDFORWARD,NONE,FRESH,FRESHED,STALE,FRESH,1,64.85782068674494,95.14217931325506,30.284358626510116,7.72852494236401,-70.89351471445039,389.6618004907731,37.250686,126.674964,37.254138,126.680626
114.64999999999563,3,DEGRADED,DEGRADED_FEEDFORWARD,DEGRADED_FEEDFORWARD,NONE,FRESH,FRESHED,STALE,FRESH,1,64.85782068674494,95.14217931325506,30.284358626510116,7.72852494236401,-70.89351471445039,389.6618004907731,37.250686,126.674964,37.254138,126.680626
114.69999999999563,3,DEGRADED,DEGRADED_FEEDFORWARD,DEGRADED_FEEDFORWARD,NONE,FRESH,FRESHED,STALE,FRESH,1,64.85782068674494,95.14217931325506,30.284358626510116,7.72852494236401,-70.89351471445039,389.6618004907731,37.250686,126.674964,37.254138,126.680626
114.74999999999562,3,DEGRADED,DEGRADED_FEEDFORWARD,DEGRADED_FEEDFORWARD,NONE,FRESH,FRESHED,STALE,FRESH,1,64.85782068674494,95.14217931325506,30.284358626510116,7.72852494236401,-70.89351471445039,389.6618004907731,37.250686,126.674964,37.254138,126.680626
114.79999999999562,3,DEGRADED,DEGRADED_FEEDFORWARD,DEGRADED_FEEDFORWARD,NONE,FRESH,FRESHED,STALE,STALE,1,64.85782068674494,95.14217931325506,30.284358626510116,7.72852494236401,-70.89351471445039,389.6618004907731,37.250686,126.674964,37.254138,126.680626
114.84999999999562,3,DEGRADED,DEGRADED_FEEDFORWARD,DEGRADED_FEEDFORWARD,NONE,FRESH,FRESHED,STALE,STALE,1,64.85782068674494,95.14217931325506,30.284358626510116,7.72852494236401,-70.89351471445039,389.6618004907731,37.250686,126.674964,37.254138,126.680626
114.89999999999561,3,DEGRADED,DEGRADED_FEEDFORWARD,DEGRADED_FEEDFORWARD,NONE,FRESH,FRESHED,STALE,STALE,1,64.85782068674494,95.14217931325506,30.284358626510116,7.72852494236401,-70.89351471445039,389.6618004907731,37.250686,126.674964,37.254138,126.680626
114.94999999999561,3,DEGRADED,DEGRADED_FEEDFORWARD,DEGRADED_FEEDFORWARD,NONE,FRESH,FRESHED,STALE,STALE,1,64.85782068674494,95.14217931325506,30.284358626510116,7.72852494236401,-70.89351471445039,389.6618004907731,37.250686,126.674964,37.254138,126.680626
114.99999999999561,3,DEGRADED,DEGRADED_FEEDFORWARD,DEGRADED_FEEDFORWARD,NONE,FRESH,FRESHED,STALE,STALE,1,64.85782068674494,95.14217931325506,30.284358626510116,7.72852494236401,-70.89351471445039,389.6618004907731,37.250686,126.674964,37.254138,126.680626
115.0499999999956,3,DEGRADED,DEGRADED_FEEDFORWARD,DEGRADED_FEEDFORWARD,NONE,FRESH,FRESHED,STALE,STALE,1,64.85782068674494,95.14217931325506,30.284358626510116,7.72852494236401,-70.89351471445039,389.6618004907731,37.250686,126.674964,37.254138,126.680626
115.0999999999956,3,DEGRADED,DEGRADED_FEEDFORWARD,DEGRADED_FEEDFORWARD,NONE,FRESH,FRESHED,STALE,STALE,1,64.85782068674494,95.14217931325506,30.284358626510116,7.72852494236401,-70.89351471445039,389.6618004907731,37.250686,126.674964,37.254138,126.680626
115.1499999999956,3,DEGRADED,DEGRADED_FEEDFORWARD,DEGRADED_FEEDFORWARD,NONE,FRESH,FRESHED,STALE,STALE,1,64.85782068674494,95.14217931325506,30.284358626510116,7.72852494236401,-70.89351471445039,389.6618004907731,37.250686,126.674964,37.254138,126.680626
115.1999999999956,3,DEGRADED,DEGRADED_FEEDFORWARD,DEGRADED_FEEDFORWARD,NONE,FRESH,FRESHED,STALE,STALE,1,64.85782068674494,95.14217931325506,30.284358626510116,7.72852494236401,-70.89351471445039,389.6618004907731,37.250686,126.674964,37.254138,126.680626
115.2499999999956,3,ACTIVE,NOMINAL_CLOSED_LOOP,NOMINAL_CLOSED_LOOP,NONE,FRESH,FRESH,FRESH,FRESH,1,59.85782068674523,100.14217931325477,51.24518335287526,12.546728657960488,-65.48415325054722,407.14766596802815,37.250686,126.674964,37.254138,126.680626
115.29999999999559,3,ACTIVE,NOMINAL_CLOSED_LOOP,NOMINAL_CLOSED_LOOP,NONE,FRESH,FRESH,FRESH,FRESH,1,54.85782068674551,105.14217931325449,51.25852008153321,12.546728657960488,-65.48415325054722,407.14766596802815,37.250686,126.674964,37.254138,126.680626
115.34999999999559,3,ACTIVE,NOMINAL_CLOSED_LOOP,NOMINAL_CLOSED_LOOP,NONE,FRESH,FRESH,FRESH,FRESH,1,54.364071594904416,105.63592840509558,51.271856810191174,12.546728657960488,-65.48415325054722,407.14766596802815,37.250686,126.674964,37.254138,126.680626
115.39999999999559,3,ACTIVE,NOMINAL_CLOSED_LOOP,NOMINAL_CLOSED_LOOP,NONE,FRESH,FRESH,FRESH,FRESH,1,54.35740323057543,105.64259676942457,51.285193538849136,12.546728657960488,-65.48415325054722,407.14766596802815,37.250686,126.674964,37.254138,126.680626
115.44999999999558,3,ACTIVE,NOMINAL_CLOSED_LOOP,NOMINAL_CLOSED_LOOP,NONE,FRESH,FRESH,FRESH,FRESH,1,54.350734866246455,105.64926513375354,51.29853026750709,12.546728657960488,-65.48415325054722,407.14766596802815,37.250686,126.674964,37.254138,126.680626
115.49999999999558,3,ACTIVE,NOMINAL_FEEDFORWARD,NOMINAL_FEEDFORWARD,NONE,FRESH,FRESH,STALE,FRESH,1,58.760502903588666,101.23949709641133,42.47899419282267,10.978387575715427,-65.48415325054722,407.14766596802815,37.250686,126.674964,37.254138,126.680626
115.54999999999558,3,ACTIVE,NOMINAL_FEEDFORWARD,NOMINAL_FEEDFORWARD,NONE,FRESH,FRESH,STALE,FRESH,1,58.760502903588666,101.23949709641133,42.47899419282267,10.978387575715427,-65.48415325054722,407.14766596802815,37.250686,126.674964,37.254138,126.680626
115.59999999999557,3,ACTIVE,NOMINAL_FEEDFORWARD,NOMINAL_FEEDFORWARD,NONE,FRESH,FRESH,STALE,FRESH,1,58.760502903588666,101.23949709641133,42.47899419282267,10.978387575715427,-65.48415325054722,407.14766596802815,37.250686,126.674964,37.254138,126.680626
115.64999999999557,3,ACTIVE,NOMINAL_FEEDFORWARD,NOMINAL_FEEDFORWARD,NONE,FRESH,FRESH,STALE,FRESH,1,58.760502903588666,101.23949709641133,42.47899419282267,10.978387575715427,-65.48415325054722,407.14766596802815,37.250686,126.674964,37.254138,126.680626
115.69999999999557,3,ACTIVE,NOMINAL_FEEDFORWARD,NOMINAL_FEEDFORWARD,NONE,FRESH,FRESH,STALE,FRESH,1,58.760502903588666,101.23949709641133,42.47899419282267,10.978387575715427,-65.48415325054722,407.14766596802815,37.250686,126.674964,37.254138,126.680626
115.74999999999557,3,ACTIVE,NOMINAL_FEEDFORWARD,NOMINAL_FEEDFORWARD,NONE,FRESH,FRESH,STALE,FRESH,1,58.760502903588666,101.23949709641133,42.47899419282267,10.978387575715427,-65.48415325054722,407.14766596802815,37.250686,126.674964,37.254138,126.680626
115.79999999999556,3,ACTIVE,NOMINAL_FEEDFORWARD,NOMINAL_FEEDFORWARD,NONE,FRESH,FRESH,STALE,STALE,1,58.760502903588666,101.23949709641133,42.47899419282267,10.978387575715427,-65.48415325054722,407.14766596802815,37.250686,126.674964,37.254138,126.680626
115.84999999999556,3,ACTIVE,NOMINAL_FEEDFORWARD,NOMINAL_FEEDFORWARD,NONE,FRESH,FRESH,STALE,STALE,1,58.760502903588666,101.23949709641133,42.47899419282267,10.978387575715427,-65.48415325054722,407.14766596802815,37.250686,126.674964,37.254138,126.680626
115.89999999999556,3,ACTIVE,NOMINAL_FEEDFORWARD,NOMINAL_FEEDFORWARD,NONE,FRESH,FRESH,STALE,STALE,1,58.760502903588666,101.23949709641133,42.47899419282267,10.978387575715427,-65.48415325054722,407.14766596802815,37.250686,126.674964,37.254138,126.680626
115.94999999999555,3,ACTIVE,NOMINAL_FEEDFORWARD,NOMINAL_FEEDFORWARD,NONE,FRESH,FRESH,STALE,STALE,1,58.760502903588666,101.23949709641133,42.47899419282267,10.978387575715427,-65.48415325054722,407.14766596802815,37.250686,126.674964,37.254138,126.680626
115.99999999999555,3,ACTIVE,NOMINAL_FEEDFORWARD,NOMINAL_FEEDFORWARD,NONE,FRESH,FRESH,STALE,STALE,1,58.760502903588666,101.23949709641133,42.47899419282267,10.978387575715427,-65.48415325054722,407.14766596802815,37.250686,126.674964,37.254138,126.680626
116.04999999999555,3,ACTIVE,NOMINAL_FEEDFORWARD,NOMINAL_FEEDFORWARD,NONE,FRESH,FRESH,STALE,STALE,1,58.760502903588666,101.23949709641133,42.47899419282267,10.978387575715427,-65.48415325054722,407.14766596802815,37.250686,126.674964,37.254138,126.680626
116.09999999999555,3,ACTIVE,NOMINAL_FEEDFORWARD,NOMINAL_FEEDFORWARD,NONE,FRESH,FRESH,STALE,STALE,1,58.760502903588666,101.23949709641133,42.47899419282267,10.978387575715427,-65.48415325054722,407.14766596802815,37.250686,126.674964,37.254138,126.680626
116.14999999999554,3,ACTIVE,NOMINAL_FEEDFORWARD,NOMINAL_FEEDFORWARD,NONE,FRESH,FRESH,STALE,STALE,1,58.760502903588666,101.23949709641133,42.47899419282267,10.978387575715427,-65.48415325054722,407.14766596802815,37.250686,126.674964,37.254138,126.680626
116.19999999999554,3,ACTIVE,NOMINAL_FEEDFORWARD,NOMINAL_FEEDFORWARD,NONE,FRESH,FRESH,STALE,STALE,1,58.760502903588666,101.23949709641133,42.47899419282267,10.978387575715427,-65.48415325054722,407.14766596802815,37.250686,126.674964,37.254138,126.680626
116.24999999999554,3,DEGRADED,DEGRADED_CLOSED_LOOP,DEGRADED_CLOSED_LOOP,NONE,FRESH,FRESHED,FRESH,FRESH,1,59.698641727974376,100.30135827202562,40.60271654405124,9.766973262440818,-65.48415325054722,407.14766596802815,37.250686,126.674964,37.254138,126.680626
116.29999999999553,3,DEGRADED,DEGRADED_CLOSED_LOOP,DEGRADED_CLOSED_LOOP,NONE,FRESH,FRESHED,FRESH,FRESH,1,59.69406824134316,100.30593175865684,40.61186351731369,9.766973262440818,-65.48415325054722,407.14766596802815,37.250686,126.674964,37.254138,126.680626
116.34999999999553,3,DEGRADED,DEGRADED_CLOSED_LOOP,DEGRADED_CLOSED_LOOP,NONE,FRESH,FRESHED,FRESH,FRESH,1,59.68949475471194,100.31050524528806,40.621010490576126,9.766973262440818,-65.48415325054722,407.14766596802815,37.250686,126.674964,37.254138,126.680626
116.39999999999553,3,DEGRADED,DEGRADED_CLOSED_LOOP,DEGRADED_CLOSED_LOOP,NONE,FRESH,FRESHED,FRESH,FRESH,1,59.684921268080714,100.31507873191929,40.630157463838565,9.766973262440818,-65.48415325054722,407.14766596802815,37.250686,126.674964,37.254138,126.680626
116.44999999999553,3,DEGRADED,DEGRADED_CLOSED_LOOP,DEGRADED_CLOSED_LOOP,NONE,FRESH,FRESHED,FRESH,FRESH,1,59.6803477814495,100.3196522185505,40.639304437101,9.766973262440818,-65.48415325054722,407.14766596802815,37.250686,126.674964,37.254138,126.680626
116.49999999999552,3,DEGRADED,DEGRADED_FEEDFORWARD,DEGRADED_FEEDFORWARD,NONE,FRESH,FRESHED,STALE,FRESH,1,62.68034778144933,97.31965221855067,28.66641874651511,7.033604919995989,-65.48415325054722,407.14766596802815,37.250686,126.674964,37.254138,126.680626
116.54999999999552,3,DEGRADED,DEGRADED_FEEDFORWARD,DEGRADED_FEEDFORWARD,NONE,FRESH,FRESHED,STALE,FRESH,1,65.66679062674244,94.33320937325756,28.66641874651511,7.033604919995989,-65.48415325054722,407.14766596802815,37.250686,126.674964,37.254138,126.680626
116.59999999999552,3,DEGRADED,DEGRADED_FEEDFORWARD,DEGRADED_FEEDFORWARD,NONE,FRESH,FRESHED,STALE,FRESH,1,65.66679062674244,94.33320937325756,28.66641874651511,7.033604919995989,-65.48415325054722,407.14766596802815,37.250686,126.674964,37.254138,126.680626
116.64999999999552,3,DEGRADED,DEGRADED_FEEDFORWARD,DEGRADED_FEEDFORWARD,NONE,FRESH,FRESHED,STALE,FRESH,1,65.66679062674244,94.33320937325756,28.66641874651511,7.033604919995989,-65.48415325054722,407.14766596802815,37.250686,126.674964,37.254138,126.680626
116.69999999999551,3,DEGRADED,DEGRADED_FEEDFORWARD,DEGRADED_FEEDFORWARD,NONE,FRESH,FRESHED,STALE,FRESH,1,65.66679062674244,94.33320937325756,28.66641874651511,7.033604919995989,-65.48415325054722,407.14766596802815,37.250686,126.674964,37.254138,126.680626
116.74999999999551,3,DEGRADED,DEGRADED_FEEDFORWARD,DEGRADED_FEEDFORWARD,NONE,FRESH,FRESHED,STALE,FRESH,1,65.66679062674244,94.33320937325756,28.66641874651511,7.033604919995989,-65.48415325054722,407.14766596802815,37.250686,126.674964,37.254138,126.680626
116.7999999999955,3,DEGRADED,DEGRADED_FEEDFORWARD,DEGRADED_FEEDFORWARD,NONE,FRESH,FRESHED,STALE,STALE,1,65.66679062674244,94.33320937325756,28.66641874651511,7.033604919995989,-65.48415325054722,407.14766596802815,37.250686,126.674964,37.254138,126.680626
116.8499999999955,3,DEGRADED,DEGRADED_FEEDFORWARD,DEGRADED_FEEDFORWARD,NONE,FRESH,FRESHED,STALE,STALE,1,65.66679062674244,94.33320937325756,28.66641874651511,7.033604919995989,-65.48415325054722,407.14766596802815,37.250686,126.674964,37.254138,126.680626
116.8999999999955,3,DEGRADED,DEGRADED_FEEDFORWARD,DEGRADED_FEEDFORWARD,NONE,FRESH,FRESHED,STALE,STALE,1,65.66679062674244,94.33320937325756,28.66641874651511,7.033604919995989,-65.48415325054722,407.14766596802815,37.250686,126.674964,37.254138,126.680626
116.9499999999955,3,DEGRADED,DEGRADED_FEEDFORWARD,DEGRADED_FEEDFORWARD,NONE,FRESH,FRESHED,STALE,STALE,1,65.66679062674244,94.33320937325756,28.66641874651511,7.033604919995989,-65.48415325054722,407.14766596802815,37.250686,126.674964,37.254138,126.680626
116.9999999999955,3,DEGRADED,DEGRADED_FEEDFORWARD,DEGRADED_FEEDFORWARD,NONE,FRESH,FRESHED,STALE,STALE,1,65.66679062674244,94.33320937325756,28.66641874651511,7.033604919995989,-65.48415325054722,407.14766596802815,37.250686,126.674964,37.254138,126.680626
117.04999999999549,3,DEGRADED,DEGRADED_FEEDFORWARD,DEGRADED_FEEDFORWARD,NONE,FRESH,FRESHED,STALE,STALE,1,65.66679062674244,94.33320937325756,28.66641874651511,7.033604919995989,-65.48415325054722,407.14766596802815,37.250686,126.674964,37.254138,126.680626
117.09999999999549,3,DEGRADED,DEGRADED_FEEDFORWARD,DEGRADED_FEEDFORWARD,NONE,FRESH,FRESHED,STALE,STALE,1,65.66679062674244,94.33320937325756,28.66641874651511,7.033604919995989,-65.48415325054722,407.14766596802815,37.250686,126.674964,37.254138,126.680626
117.14999999999549,3,DEGRADED,DEGRADED_FEEDFORWARD,DEGRADED_FEEDFORWARD,NONE,FRESH,FRESHED,STALE,STALE,1,65.66679062674244,94.33320937325756,28.66641874651511,7.033604919995989,-65.48415325054722,407.14766596802815,37.250686,126.674964,37.254138,126.680626
117.19999999999548,3,DEGRADED,DEGRADED_FEEDFORWARD,DEGRADED_FEEDFORWARD,NONE,FRESH,FRESHED,STALE,STALE,1,65.66679062674244,94.33320937325756,28.66641874651511,7.033604919995989,-65.48415325054722,407.14766596802815,37.250686,126.674964,37.254138,126.680626
117.24999999999548,3,DEGRADED,DEGRADED_CLOSED_LOOP,DEGRADED_CLOSED_LOOP,NONE,FRESH,FRESHED,FRESH,FRESH,1,62.16679062674264,97.83320937325736,67.45938478335071,20.214483048995987,-65.48415325054722,407.14766596802815,37.250686,126.674964,37.254138,126.680626
117.29999999999548,3,DEGRADED,DEGRADED_CLOSED_LOOP,DEGRADED_CLOSED_LOOP,NONE,FRESH,FRESHED,FRESH,FRESH,1,58.66679062674284,101.33320937325716,67.47907926639971,20.214483048995987,-65.48415325054722,407.14766596802815,37.250686,126.674964,37.254138,126.680626
117.34999999999548,3,DEGRADED,DEGRADED_CLOSED_LOOP,DEGRADED_CLOSED_LOOP,NONE,FRESH,FRESHED,FRESH,FRESH,1,55.16679062674304,104.83320937325696,67.4987737494487,20.214483048995987,-65.48415325054722,407.14766596802815,37.250686,126.674964,37.254138,126.680626
117.39999999999547,3,DEGRADED,DEGRADED_CLOSED_LOOP,DEGRADED_CLOSED_LOOP,NONE,FRESH,FRESHED,FRESH,FRESH,1,51.666790626743236,108.33320937325676,67.5184682324977,20.214483048995987,-65.48415325054722,407.14766596802815,37.250686,126.674964,37.254138,126.680626
117.44999999999547,3,DEGRADED,DEGRADED_CLOSED_LOOP,DEGRADED_CLOSED_LOOP,NONE,FRESH,FRESHED,FRESH,FRESH,1,48.166790626743435,111.83320937325657,67.53816271554669,20.214483048995987,-65.48415325054722,407.14766596802815,37.250686,126.674964,37.254138,126.680626
117.49999999999547,3,DEGRADED,DEGRADED_FEEDFORWARD,DEGRADED_FEEDFORWARD,NONE,FRESH,FRESHED,STALE,FRESH,1,51.166790626743264,108.83320937325674,36.81759057772469,10.657823472986781,-65.48415325054722,407.14766596802815,37.250686,126.674964,37.254138,126.680626
117.54999999999546,3,DEGRADED,DEGRADED_FEEDFORWARD,DEGRADED_FEEDFORWARD,NONE,FRESH,FRESHED,STALE,FRESH,1,54.166790626743094,105.8332093732569,36.81759057772469,10.657823472986781,-65.48415325054722,407.14766596802815,37.250686,126.674964,37.254138,126.680626
117.59999999999546,3,DEGRADED,DEGRADED_FEEDFORWARD,DEGRADED_FEEDFORWARD,NONE,FRESH,FRESHED,STALE,FRESH,1,57.16679062674292,102.83320937325708,36.81759057772469,10.657823472986781,-65.48415325054722,407.14766596802815,37.250686,126.674964,37.254138,126.680626
117.64999999999546,3,DEGRADED,DEGRADED_FEEDFORWARD,DEGRADED_FEEDFORWARD,NONE,FRESH,FRESHED,STALE,FRESH,1,60.16679062674275,99.83320937325725,36.81759057772469,10.657823472986781,-65.48415325054722,407.14766596802815,37.250686,126.674964,37.254138,126.680626
117.69999999999546,3,DEGRADED,DEGRADED_FEEDFORWARD,DEGRADED_FEEDFORWARD,NONE,FRESH,FRESHED,STALE,FRESH,1,61.59120471113766,98.40879528886234,36.81759057772469,10.657823472986781,-65.48415325054722,407.14766596802815,37.250686,126.674964,37.254138,126.680626
117.74999999999545,3,DEGRADED,DEGRADED_FEEDFORWARD,DEGRADED_FEEDFORWARD,NONE,FRESH,FRESHED,STALE,FRESH,1,61.59120471113766,98.40879528886234,36.81759057772469,10.657823472986781,-65.48415325054722,407.14766596802815,37.250686,126.674964,37.254138,126.680626
117.79999999999545,3,DEGRADED,DEGRADED_FEEDFORWARD,DEGRADED_FEEDFORWARD,NONE,FRESH,FRESHED,STALE,STALE,1,61.59120471113766,98.40879528886234,36.81759057772469,10.657823472986781,-65.48415325054722,407.14766596802815,37.250686,126.674964,37.254138,126.680626
117.84999999999545,3,DEGRADED,DEGRADED_FEEDFORWARD,DEGRADED_FEEDFORWARD,NONE,FRESH,FRESHED,STALE,STALE,1,61.59120471113766,98.40879528886234,36.81759057772469,10.657823472986781,-65.48415325054722,407.14766596802815,37.250686,126.674964,37.254138,126.680626
117.89999999999544,3,DEGRADED,DEGRADED_FEEDFORWARD,DEGRADED_FEEDFORWARD,NONE,FRESH,FRESHED,STALE,STALE,1,61.59120471113766,98.40879528886234,36.81759057772469,10.657823472986781,-65.48415325054722,407.14766596802815,37.250686,126.674964,37.254138,126.680626
117.94999999999544,3,DEGRADED,DEGRADED_FEEDFORWARD,DEGRADED_FEEDFORWARD,NONE,FRESH,FRESHED,STALE,STALE,1,61.59120471113766,98.40879528886234,36.81759057772469,10.657823472986781,-65.48415325054722,407.14766596802815,37.250686,126.674964,37.254138,126.680626
117.99999999999544,3,DEGRADED,DEGRADED_FEEDFORWARD,DEGRADED_FEEDFORWARD,NONE,FRESH,FRESHED,STALE,STALE,1,61.59120471113766,98.40879528886234,36.81759057772469,10.657823472986781,-65.48415325054722,407.14766596802815,37.250686,126.674964,37.254138,126.680626
118.04999999999544,3,DEGRADED,DEGRADED_FEEDFORWARD,DEGRADED_FEEDFORWARD,NONE,FRESH,FRESHED,STALE,STALE,1,61.59120471113766,98.40879528886234,36.81759057772469,10.657823472986781,-65.48415325054722,407.14766596802815,37.250686,126.674964,37.254138,126.680626
118.09999999999543,3,DEGRADED,DEGRADED_FEEDFORWARD,DEGRADED_FEEDFORWARD,NONE,FRESH,FRESHED,STALE,STALE,1,61.59120471113766,98.40879528886234,36.81759057772469,10.657823472986781,-65.48415325054722,407.14766596802815,37.250686,126.674964,37.254138,126.680626
118.14999999999543,3,DEGRADED,DEGRADED_FEEDFORWARD,DEGRADED_FEEDFORWARD,NONE,FRESH,FRESHED,STALE,STALE,1,61.59120471113766,98.40879528886234,36.81759057772469,10.657823472986781,-65.48415325054722,407.14766596802815,37.250686,126.674964,37.254138,126.680626
118.19999999999543,3,DEGRADED,DEGRADED_FEEDFORWARD,DEGRADED_FEEDFORWARD,NONE,FRESH,FRESHED,STALE,STALE,1,61.59120471113766,98.40879528886234,36.81759057772469,10.657823472986781,-65.48415325054722,407.14766596802815,37.250686,126.674964,37.254138,126.680626
118.24999999999542,3,ACTIVE,NOMINAL_CLOSED_LOOP,NOMINAL_CLOSED_LOOP,NONE,FRESH,FRESH,FRESH,FRESH,1,59.892965603762775,100.10703439623722,40.21406879247445,8.82538785257218,-56.36347783345255,431.4905500104055,37.250686,126.674964,37.254138,126.680626
118.29999999999542,3,ACTIVE,NOMINAL_CLOSED_LOOP,NOMINAL_CLOSED_LOOP,NONE,FRESH,FRESH,FRESH,FRESH,1,59.88857790983649,100.1114220901635,40.222844180327016,8.82538785257218,-56.36347783345255,431.4905500104055,37.250686,126.674964,37.254138,126.680626
118.34999999999542,3,ACTIVE,NOMINAL_CLOSED_LOOP,NOMINAL_CLOSED_LOOP,NONE,FRESH,FRESH,FRESH,FRESH,1,59.88419021591021,100.11580978408979,40.23161956817959,8.82538785257218,-56.36347783345255,431.4905500104055,37.250686,126.674964,37.254138,126.680626
118.39999999999542,3,ACTIVE,NOMINAL_CLOSED_LOOP,NOMINAL_CLOSED_LOOP,NONE,FRESH,FRESH,FRESH,FRESH,1,59.87980252198392,100.12019747801608,40.24039495603216,8.82538785257218,-56.36347783345255,431.4905500104055,37.250686,126.674964,37.254138,126.680626
118.44999999999541,3,ACTIVE,NOMINAL_CLOSED_LOOP,NOMINAL_CLOSED_LOOP,NONE,FRESH,FRESH,FRESH,FRESH,1,59.87541482805763,100.12458517194237,40.249170343884735,8.82538785257218,-56.36347783345255,431.4905500104055,37.250686,126.674964,37.254138,126.680626
118.49999999999541,3,ACTIVE,NOMINAL_FEEDFORWARD,NOMINAL_FEEDFORWARD,NONE,FRESH,FRESH,STALE,FRESH,1,62.989702471543836,97.01029752845616,34.020595056912335,7.722214371000657,-56.36347783345255,431.4905500104055,37.250686,126.674964,37.254138,126.680626
118.5499999999954,3,ACTIVE,NOMINAL_FEEDFORWARD,NOMINAL_FEEDFORWARD,NONE,FRESH,FRESH,STALE,FRESH,1,62.989702471543836,97.01029752845616,34.020595056912335,7.722214371000657,-56.36347783345255,431.4905500104055,37.250686,126.674964,37.254138,126.680626
118.5999999999954,3,ACTIVE,NOMINAL_FEEDFORWARD,NOMINAL_FEEDFORWARD,NONE,FRESH,FRESH,STALE,FRESH,1,62.989702471543836,97.01029752845616,34.020595056912335,7.722214371000657,-56.36347783345255,431.4905500104055,37.250686,126.674964,37.254138,126.680626
118.6499999999954,3,ACTIVE,NOMINAL_FEEDFORWARD,NOMINAL_FEEDFORWARD,NONE,FRESH,FRESH,STALE,FRESH,1,62.989702471543836,97.01029752845616,34.020595056912335,7.722214371000657,-56.36347783345255,431.4905500104055,37.250686,126.674964,37.254138,126.680626
118.6999999999954,3,ACTIVE,NOMINAL_FEEDFORWARD,NOMINAL_FEEDFORWARD,NONE,FRESH,FRESH,STALE,FRESH,1,62.989702471543836,97.01029752845616,34.020595056912335,7.722214371000657,-56.36347783345255,431.4905500104055,37.250686,126.674964,37.254138,126.680626
118.7499999999954,3,ACTIVE,NOMINAL_FEEDFORWARD,NOMINAL_FEEDFORWARD,NONE,FRESH,FRESH,STALE,FRESH,1,62.989702471543836,97.01029752845616,34.020595056912335,7.722214371000657,-56.36347783345255,431.4905500104055,37.250686,126.674964,37.254138,126.680626
118.79999999999539,3,ACTIVE,NOMINAL_FEEDFORWARD,NOMINAL_FEEDFORWARD,NONE,FRESH,FRESH,STALE,STALE,1,62.989702471543836,97.01029752845616,34.020595056912335,7.722214371000657,-56.36347783345255,431.4905500104055,37.250686,126.674964,37.254138,126.680626
118.84999999999539,3,ACTIVE,NOMINAL_FEEDFORWARD,NOMINAL_FEEDFORWARD,NONE,FRESH,FRESH,STALE,STALE,1,62.989702471543836,97.01029752845616,34.020595056912335,7.722214371000657,-56.36347783345255,431.4905500104055,37.250686,126.674964,37.254138,126.680626
118.89999999999539,3,ACTIVE,NOMINAL_FEEDFORWARD,NOMINAL_FEEDFORWARD,NONE,FRESH,FRESH,STALE,STALE,1,62.989702471543836,97.01029752845616,34.020595056912335,7.722214371000657,-56.36347783345255,431.4905500104055,37.250686,126.674964,37.254138,126.680626
118.94999999999538,3,ACTIVE,NOMINAL_FEEDFORWARD,NOMINAL_FEEDFORWARD,NONE,FRESH,FRESH,STALE,STALE,1,62.989702471543836,97.01029752845616,34.020595056912335,7.722214371000657,-56.36347783345255,431.4905500104055,37.250686,126.674964,37.254138,126.680626
118.99999999999538,3,ACTIVE,NOMINAL_FEEDFORWARD,NOMINAL_FEEDFORWARD,NONE,FRESH,FRESH,STALE,STALE,1,62.989702471543836,97.01029752845616,34.020595056912335,7.722214371000657,-56.36347783345255,431.4905500104055,37.250686,126.674964,37.254138,126.680626
119.04999999999538,3,ACTIVE,NOMINAL_FEEDFORWARD,NOMINAL_FEEDFORWARD,NONE,FRESH,FRESH,STALE,STALE,1,62.989702471543836,97.01029752845616,34.020595056912335,7.722214371000657,-56.36347783345255,431.4905500104055,37.250686,126.674964,37.254138,126.680626
119.09999999999538,3,ACTIVE,NOMINAL_FEEDFORWARD,NOMINAL_FEEDFORWARD,NONE,FRESH,FRESH,STALE,STALE,1,62.989702471543836,97.01029752845616,34.020595056912335,7.722214371000657,-56.36347783345255,431.4905500104055,37.250686,126.674964,37.254138,126.680626
119.14999999999537,3,ACTIVE,NOMINAL_FEEDFORWARD,NOMINAL_FEEDFORWARD,NONE,FRESH,FRESH,STALE,STALE,1,62.989702471543836,97.01029752845616,34.020595056912335,7.722214371000657,-56.36347783345255,431.4905500104055,37.250686,126.674964,37.254138,126.680626
119.19999999999537,3,ACTIVE,NOMINAL_FEEDFORWARD,NOMINAL_FEEDFORWARD,NONE,FRESH,FRESH,STALE,STALE,1,62.989702471543836,97.01029752845616,34.020595056912335,7.722214371000657,-56.36347783345255,431.4905500104055,37.250686,126.674964,37.254138,126.680626
119.24999999999537,3,DEGRADED,DEGRADED_CLOSED_LOOP,DEGRADED_CLOSED_LOOP,NONE,FRESH,FRESHED,FRESH,FRESH,1,59.489702471544035,100.51029752845596,58.59125801366632,16.53053007366483,-56.36347783345255,431.4905500104055,37.250686,126.674964,37.254138,126.680626
119.29999999999536,3,DEGRADED,DEGRADED_CLOSED_LOOP,DEGRADED_CLOSED_LOOP,NONE,FRESH,FRESHED,FRESH,FRESH,1,55.989702471544234,104.01029752845577,58.60790854373999,16.53053007366483,-56.36347783345255,431.4905500104055,37.250686,126.674964,37.254138,126.680626
119.34999999999536,3,DEGRADED,DEGRADED_CLOSED_LOOP,DEGRADED_CLOSED_LOOP,NONE,FRESH,FRESHED,FRESH,FRESH,1,52.48970247154443,107.51029752845557,58.62455907381365,16.53053007366483,-56.36347783345255,431.4905500104055,37.250686,126.674964,37.254138,126.680626
119.39999999999536,3,DEGRADED,DEGRADED_CLOSED_LOOP,DEGRADED_CLOSED_LOOP,NONE,FRESH,FRESHED,FRESH,FRESH,1,50.67939519805634,109.32060480194366,58.64120960388731,16.53053007366483,-56.36347783345255,431.4905500104055,37.250686,126.674964,37.254138,126.680626
119.44999999999536,3,DEGRADED,DEGRADED_CLOSED_LOOP,DEGRADED_CLOSED_LOOP,NONE,FRESH,FRESHED,FRESH,FRESH,1,50.67106993301951,109.32893006698049,58.65786013396098,16.53053007366483,-56.36347783345255,431.4905500104055,37.250686,126.674964,37.254138,126.680626
119.49999999999535,3,DEGRADED,DEGRADED_FEEDFORWARD,DEGRADED_FEEDFORWARD,NONE,FRESH,FRESHED,STALE,FRESH,1,53.67106993301934,106.32893006698066,31.135200524478513,8.09912355269165,-56.36347783345255,431.4905500104055,37.250686,126.674964,37.254138,126.680626
119.54999999999535,3,DEGRADED,DEGRADED_FEEDFORWARD,DEGRADED_FEEDFORWARD,NONE,FRESH,FRESHED,STALE,FRESH,1,56.67106993301917,103.32893006698083,31.135200524478513,8.09912355269165,-56.36347783345255,431.4905500104055,37.250686,126.674964,37.254138,126.680626
119.59999999999535,3,DEGRADED,DEGRADED_FEEDFORWARD,DEGRADED_FEEDFORWARD,NONE,FRESH,FRESHED,STALE,FRESH,1,59.671069933019,100.328930066981,31.135200524478513,8.09912355269165,-56.36347783345255,431.4905500104055,37.250686,126.674964,37.254138,126.680626
119.64999999999534,3,DEGRADED,DEGRADED_FEEDFORWARD,DEGRADED_FEEDFORWARD,NONE,FRESH,FRESHED,STALE,FRESH,1,62.67106993301883,97.32893006698117,31.135200524478513,8.09912355269165,-56.36347783345255,431.4905500104055,37.250686,126.674964,37.254138,126.680626
119.69999999999534,3,DEGRADED,DEGRADED_FEEDFORWARD,DEGRADED_FEEDFORWARD,NONE,FRESH,FRESHED,STALE,FRESH,1,64.43239973776075,95.56760026223925,31.135200524478513,8.09912355269165,-56.36347783345255,431.4905500104055,37.250686,126.674964,37.254138,126.680626
119.74999999999534,3,DEGRADED,DEGRADED_FEEDFORWARD,DEGRADED_FEEDFORWARD,NONE,FRESH,FRESHED,STALE,FRESH,1,64.43239973776075,95.56760026223925,31.135200524478513,8.09912355269165,-56.36347783345255,431.4905500104055,37.250686,126.674964,37.254138,126.680626
119.79999999999534,3,DEGRADED,DEGRADED_FEEDFORWARD,DEGRADED_FEEDFORWARD,NONE,FRESH,FRESHED,STALE,STALE,1,64.43239973776075,95.56760026223925,31.135200524478513,8.09912355269165,-56.36347783345255,431.4905500104055,37.250686,126.674964,37.254138,126.680626
119.84999999999533,3,DEGRADED,DEGRADED_FEEDFORWARD,DEGRADED_FEEDFORWARD,NONE,FRESH,FRESHED,STALE,STALE,1,64.43239973776075,95.56760026223925,31.135200524478513,8.09912355269165,-56.36347783345255,431.4905500104055,37.250686,126.674964,37.254138,126.680626
119.89999999999533,3,DEGRADED,DEGRADED_FEEDFORWARD,DEGRADED_FEEDFORWARD,NONE,FRESH,FRESHED,STALE,STALE,1,64.43239973776075,95.56760026223925,31.135200524478513,8.09912355269165,-56.36347783345255,431.4905500104055,37.250686,126.674964,37.254138,126.680626
119.94999999999533,3,DEGRADED,DEGRADED_FEEDFORWARD,DEGRADED_FEEDFORWARD,NONE,FRESH,FRESHED,STALE,STALE,1,64.43239973776075,95.56760026223925,31.135200524478513,8.09912355269165,-56.36347783345255,431.4905500104055,37.250686,126.674964,37.254138,126.680626
119.99999999999532,3,DEGRADED,DEGRADED_FEEDFORWARD,DEGRADED_FEEDFORWARD,NONE,FRESH,FRESHED,STALE,STALE,1,64.43239973776075,95.56760026223925,31.135200524478513,8.09912355269165,-56.36347783345255,431.4905500104055,37.250686,126.674964,37.254138,126.680626
120.04999999999532,3,DEGRADED,DEGRADED_FEEDFORWARD,DEGRADED_FEEDFORWARD,NONE,FRESH,FRESHED,STALE,STALE,1,64.43239973776075,95.56760026223925,31.135200524478513,8.09912355269165,-56.36347783345255,431.4905500104055,37.250686,126.674964,37.254138,126.680626
120.09999999999532,3,DEGRADED,DEGRADED_FEEDFORWARD,DEGRADED_FEEDFORWARD,NONE,FRESH,FRESHED,STALE,STALE,1,64.43239973776075,95.56760026223925,31.135200524478513,8.09912355269165,-56.36347783345255,431.4905500104055,37.250686,126.674964,37.254138,126.680626
120.14999999999532,3,DEGRADED,DEGRADED_FEEDFORWARD,DEGRADED_FEEDFORWARD,NONE,FRESH,FRESHED,STALE,STALE,1,64.43239973776075,95.56760026223925,31.135200524478513,8.09912355269165,-56.36347783345255,431.4905500104055,37.250686,126.674964,37.254138,126.680626
120.19999999999531,3,DEGRADED,DEGRADED_FEEDFORWARD,DEGRADED_FEEDFORWARD,NONE,FRESH,FRESHED,STALE,STALE,1,64.43239973776075,95.56760026223925,31.135200524478513,8.09912355269165,-56.36347783345255,431.4905500104055,37.250686,126.674964,37.254138,126.680626
120.24999999999531,3,ACTIVE,NOMINAL_CLOSED_LOOP,NOMINAL_CLOSED_LOOP,NONE,FRESH,FRESH,FRESH,FRESH,1,59.43239973776103,100.56760026223897,67.57289552540978,18.673823648460075,-52.03023870110488,442.9997587836692,37.250686,126.674964,37.254138,126.680626
120.29999999999531,3,ACTIVE,NOMINAL_CLOSED_LOOP,NOMINAL_CLOSED_LOOP,NONE,FRESH,FRESH,FRESH,FRESH,1,54.432399737761315,105.56760026223868,67.59160934905825,18.673823648460075,-52.03023870110488,442.9997587836692,37.250686,126.674964,37.254138,126.680626
120.3499999999953,3,ACTIVE,NOMINAL_CLOSED_LOOP,NOMINAL_CLOSED_LOOP,NONE,FRESH,FRESH,FRESH,FRESH,1,49.4323997377616,110.5676002622384,67.6103231727067,18.673823648460075,-52.03023870110488,442.9997587836692,37.250686,126.674964,37.254138,126.680626
120.3999999999953,3,ACTIVE,NOMINAL_CLOSED_LOOP,NOMINAL_CLOSED_LOOP,NONE,FRESH,FRESH,FRESH,FRESH,1,46.18548150182242,113.81451849817758,67.62903699635515,18.673823648460075,-52.03023870110488,442.9997587836692,37.250686,126.674964,37.254138,126.680626
120.4499999999953,3,ACTIVE,NOMINAL_CLOSED_LOOP,NOMINAL_CLOSED_LOOP,NONE,FRESH,FRESH,FRESH,FRESH,1,46.17612458999819,113.82387541000182,67.64775082000362,18.673823648460075,-52.03023870110488,442.9997587836692,37.250686,126.674964,37.254138,126.680626
120.4999999999953,3,ACTIVE,NOMINAL_FEEDFORWARD,NOMINAL_FEEDFORWARD,NONE,FRESH,FRESH,STALE,FRESH,1,50.67612458999793,109.32387541000207,55.39328214562166,16.339595692402565,-52.03023870110488,442.9997587836692,37.250686,126.674964,37.254138,126.680626
120.5499999999953,3,ACTIVE,NOMINAL_FEEDFORWARD,NOMINAL_FEEDFORWARD,NONE,FRESH,FRESH,STALE,FRESH,1,52.303358927189166,107.69664107281083,55.39328214562166,16.339595692402565,-52.03023870110488,442.9997587836692,37.250686,126.674964,37.254138,126.680626
120.59999999999529,3,ACTIVE,NOMINAL_FEEDFORWARD,NOMINAL_FEEDFORWARD,NONE,FRESH,FRESH,STALE,FRESH,1,52.303358927189166,107.69664107281083,55.39328214562166,16.339595692402565,-52.03023870110488,442.9997587836692,37.250686,126.674964,37.254138,126.680626
120.64999999999529,3,ACTIVE,NOMINAL_FEEDFORWARD,NOMINAL_FEEDFORWARD,NONE,FRESH,FRESH,STALE,FRESH,1,52.303358927189166,107.69664107281083,55.39328214562166,16.339595692402565,-52.03023870110488,442.9997587836692,37.250686,126.674964,37.254138,126.680626
120.69999999999528,3,ACTIVE,NOMINAL_FEEDFORWARD,NOMINAL_FEEDFORWARD,NONE,FRESH,FRESH,STALE,FRESH,1,52.303358927189166,107.69664107281083,55.39328214562166,16.339595692402565,-52.03023870110488,442.9997587836692,37.250686,126.674964,37.254138,126.680626
120.74999999999528,3,ACTIVE,NOMINAL_FEEDFORWARD,NOMINAL_FEEDFORWARD,NONE,FRESH,FRESH,STALE,FRESH,1,52.303358927189166,107.69664107281083,55.39328214562166,16.339595692402565,-52.03023870110488,442.9997587836692,37.250686,126.674964,37.254138,126.680626
120.79999999999528,3,ACTIVE,NOMINAL_FEEDFORWARD,NOMINAL_FEEDFORWARD,NONE,FRESH,FRESH,STALE,STALE,1,52.303358927189166,107.69664107281083,55.39328214562166,16.339595692402565,-52.03023870110488,442.9997587836692,37.250686,126.674964,37.254138,126.680626
120.84999999999528,3,ACTIVE,NOMINAL_FEEDFORWARD,NOMINAL_FEEDFORWARD,NONE,FRESH,FRESH,STALE,STALE,1,52.303358927189166,107.69664107281083,55.39328214562166,16.339595692402565,-52.03023870110488,442.9997587836692,37.250686,126.674964,37.254138,126.680626
120.89999999999527,3,ACTIVE,NOMINAL_FEEDFORWARD,NOMINAL_FEEDFORWARD,NONE,FRESH,FRESH,STALE,STALE,1,52.303358927189166,107.69664107281083,55.39328214562166,16.339595692402565,-52.03023870110488,442.9997587836692,37.250686,126.674964,37.254138,126.680626
120.94999999999527,3,ACTIVE,NOMINAL_FEEDFORWARD,NOMINAL_FEEDFORWARD,NONE,FRESH,FRESH,STALE,STALE,1,52.303358927189166,107.69664107281083,55.39328214562166,16.339595692402565,-52.03023870110488,442.9997587836692,37.250686,126.674964,37.254138,126.680626
120.99999999999527,3,ACTIVE,NOMINAL_FEEDFORWARD,NOMINAL_FEEDFORWARD,NONE,FRESH,FRESH,STALE,STALE,1,52.303358927189166,107.69664107281083,55.39328214562166,16.339595692402565,-52.03023870110488,442.9997587836692,37.250686,126.674964,37.254138,126.680626
121.04999999999526,3,ACTIVE,NOMINAL_FEEDFORWARD,NOMINAL_FEEDFORWARD,NONE,FRESH,FRESH,STALE,STALE,1,52.303358927189166,107.69664107281083,55.39328214562166,16.339595692402565,-52.03023870110488,442.9997587836692,37.250686,126.674964,37.254138,126.680626
121.09999999999526,3,ACTIVE,NOMINAL_FEEDFORWARD,NOMINAL_FEEDFORWARD,NONE,FRESH,FRESH,STALE,STALE,1,52.303358927189166,107.69664107281083,55.39328214562166,16.339595692402565,-52.03023870110488,442.9997587836692,37.250686,126.674964,37.254138,126.680626
121.14999999999526,3,ACTIVE,NOMINAL_FEEDFORWARD,NOMINAL_FEEDFORWARD,NONE,FRESH,FRESH,STALE,STALE,1,52.303358927189166,107.69664107281083,55.39328214562166,16.339595692402565,-52.03023870110488,442.9997587836692,37.250686,126.674964,37.254138,126.680626
121.19999999999526,3,ACTIVE,NOMINAL_FEEDFORWARD,NOMINAL_FEEDFORWARD,NONE,FRESH,FRESH,STALE,STALE,1,52.303358927189166,107.69664107281083,55.39328214562166,16.339595692402565,-52.03023870110488,442.9997587836692,37.250686,126.674964,37.254138,126.680626
121.24999999999525,3,DEGRADED,DEGRADED_CLOSED_LOOP,DEGRADED_CLOSED_LOOP,NONE,FRESH,FRESHED,FRESH,FRESH,1,55.80335892718897,104.19664107281103,44.747587306391736,11.221749654165695,-52.03023870110488,442.9997587836692,37.250686,126.674964,37.254138,126.680626
121.29999999999525,3,DEGRADED,DEGRADED_CLOSED_LOOP,DEGRADED_CLOSED_LOOP,NONE,FRESH,FRESHED,FRESH,FRESH,1,57.62066547197705,102.37933452802295,44.758669056045896,11.221749654165695,-52.03023870110488,442.9997587836692,37.250686,126.674964,37.254138,126.680626
121.34999999999525,3,DEGRADED,DEGRADED_CLOSED_LOOP,DEGRADED_CLOSED_LOOP,NONE,FRESH,FRESHED,FRESH,FRESH,1,57.61512459714997,102.38487540285003,44.76975080570006,11.221749654165695,-52.03023870110488,442.9997587836692,37.250686,126.674964,37.254138,126.680626
121.39999999999525,3,DEGRADED,DEGRADED_CLOSED_LOOP,DEGRADED_CLOSED_LOOP,NONE,FRESH,FRESHED,FRESH,FRESH,1,57.60958372232288,102.39041627767712,44.78083255535423,11.221749654165695,-52.03023870110488,442.9997587836692,37.250686,126.674964,37.254138,126.680626
121.44999999999524,3,DEGRADED,DEGRADED_CLOSED_LOOP,DEGRADED_CLOSED_LOOP,NONE,FRESH,FRESHED,FRESH,FRESH,1,57.604042847495805,102.3959571525042,44.79191430500839,11.221749654165695,-52.03023870110488,442.9997587836692,37.250686,126.674964,37.254138,126.680626
121.49999999999524,3,DEGRADED,DEGRADED_FEEDFORWARD,DEGRADED_FEEDFORWARD,NONE,FRESH,FRESHED,STALE,FRESH,1,60.604042847495634,99.39595715250437,24.73026879954774,5.4010113188851445,-52.03023870110488,442.9997587836692,37.250686,126.674964,37.254138,126.680626
121.54999999999524,3,DEGRADED,DEGRADED_FEEDFORWARD,DEGRADED_FEEDFORWARD,NONE,FRESH,FRESHED,STALE,FRESH,1,63.604042847495464,96.39595715250454,24.73026879954774,5.4010113188851445,-52.03023870110488,442.9997587836692,37.250686,126.674964,37.254138,126.680626
121.59999999999523,3,DEGRADED,DEGRADED_FEEDFORWARD,DEGRADED_FEEDFORWARD,NONE,FRESH,FRESHED,STALE,FRESH,1,66.6040428474953,93.3959571525047,24.73026879954774,5.4010113188851445,-52.03023870110488,442.9997587836692,37.250686,126.674964,37.254138,126.680626
121.64999999999523,3,DEGRADED,DEGRADED_FEEDFORWARD,DEGRADED_FEEDFORWARD,NONE,FRESH,FRESHED,STALE,FRESH,1,67.63486560022614,92.36513439977386,24.73026879954774,5.4010113188851445,-52.03023870110488,442.9997587836692,37.250686,126.674964,37.254138,126.680626
121.69999999999523,3,DEGRADED,DEGRADED_FEEDFORWARD,DEGRADED_FEEDFORWARD,NONE,FRESH,FRESHED,STALE,FRESH,1,67.63486560022614,92.36513439977386,24.73026879954774,5.4010113188851445,-52.03023870110488,442.9997587836692,37.250686,126.674964,37.254138,126.680626
121.74999999999523,3,DEGRADED,DEGRADED_FEEDFORWARD,DEGRADED_FEEDFORWARD,NONE,FRESH,FRESHED,STALE,FRESH,1,67.63486560022614,92.36513439977386,24.73026879954774,5.4010113188851445,-52.03023870110488,442.9997587836692,37.250686,126.674964,37.254138,126.680626
121.79999999999522,3,DEGRADED,DEGRADED_FEEDFORWARD,DEGRADED_FEEDFORWARD,NONE,FRESH,FRESHED,STALE,STALE,1,67.63486560022614,92.36513439977386,24.73026879954774,5.4010113188851445,-52.03023870110488,442.9997587836692,37.250686,126.674964,37.254138,126.680626
121.84999999999522,3,DEGRADED,DEGRADED_FEEDFORWARD,DEGRADED_FEEDFORWARD,NONE,FRESH,FRESHED,STALE,STALE,1,67.63486560022614,92.36513439977386,24.73026879954774,5.4010113188851445,-52.03023870110488,442.9997587836692,37.250686,126.674964,37.254138,126.680626
121.89999999999522,3,DEGRADED,DEGRADED_FEEDFORWARD,DEGRADED_FEEDFORWARD,NONE,FRESH,FRESHED,STALE,STALE,1,67.63486560022614,92.36513439977386,24.73026879954774,5.4010113188851445,-52.03023870110488,442.9997587836692,37.250686,126.674964,37.254138,126.680626
121.94999999999521,3,DEGRADED,DEGRADED_FEEDFORWARD,DEGRADED_FEEDFORWARD,NONE,FRESH,FRESHED,STALE,STALE,1,67.63486560022614,92.36513439977386,24.73026879954774,5.4010113188851445,-52.03023870110488,442.9997587836692,37.250686,126.674964,37.254138,126.680626
121.99999999999521,3,DEGRADED,DEGRADED_FEEDFORWARD,DEGRADED_FEEDFORWARD,NONE,FRESH,FRESHED,STALE,STALE,1,67.63486560022614,92.36513439977386,24.73026879954774,5.4010113188851445,-52.03023870110488,442.9997587836692,37.250686,126.674964,37.254138,126.680626
122.04999999999521,3,DEGRADED,DEGRADED_FEEDFORWARD,DEGRADED_FEEDFORWARD,NONE,FRESH,FRESHED,STALE,STALE,1,67.63486560022614,92.36513439977386,24.73026879954774,5.4010113188851445,-52.03023870110488,442.9997587836692,37.250686,126.674964,37.254138,126.680626
122.0999999999952,3,DEGRADED,DEGRADED_FEEDFORWARD,DEGRADED_FEEDFORWARD,NONE,FRESH,FRESHED,STALE,STALE,1,67.63486560022614,92.36513439977386,24.73026879954774,5.4010113188851445,-52.03023870110488,442.9997587836692,37.250686,126.674964,37.254138,126.680626
122.1499999999952,3,DEGRADED,DEGRADED_FEEDFORWARD,DEGRADED_FEEDFORWARD,NONE,FRESH,FRESHED,STALE,STALE,1,67.63486560022614,92.36513439977386,24.73026879954774,5.4010113188851445,-52.03023870110488,442.9997587836692,37.250686,126.674964,37.254138,126.680626
122.1999999999952,3,DEGRADED,DEGRADED_FEEDFORWARD,DEGRADED_FEEDFORWARD,NONE,FRESH,FRESHED,STALE,STALE,1,67.63486560022614,92.36513439977386,24.73026879954774,5.4010113188851445,-52.03023870110488,442.9997587836692,37.250686,126.674964,37.254138,126.680626
122.2499999999952,3,DEGRADED,DEGRADED_CLOSED_LOOP,DEGRADED_CLOSED_LOOP,NONE,FRESH,FRESHED,FRESH,FRESH,1,64.13486560022633,95.86513439977367,66.97275239498661,19.97565699795301,-52.03023870110488,442.9997587836692,37.250686,126.674964,37.254138,126.680626
122.2999999999952,3,DEGRADED,DEGRADED_CLOSED_LOOP,DEGRADED_CLOSED_LOOP,NONE,FRESH,FRESHED,FRESH,FRESH,1,60.63486560022653,99.36513439977347,66.99243805198456,19.97565699795301,-52.03023870110488,442.9997587836692,37.250686,126.674964,37.254138,126.680626
122.34999999999519,3,DEGRADED,DEGRADED_CLOSED_LOOP,DEGRADED_CLOSED_LOOP,NONE,FRESH,FRESHED,FRESH,FRESH,1,57.13486560022673,102.86513439977327,67.01212370898251,19.97565699795301,-52.03023870110488,442.9997587836692,37.250686,126.674964,37.254138,126.680626
122.39999999999519,3,DEGRADED,DEGRADED_CLOSED_LOOP,DEGRADED_CLOSED_LOOP,NONE,FRESH,FRESHED,FRESH,FRESH,1,53.63486560022693,106.36513439977307,67.03180936598046,19.97565699795301,-52.03023870110488,442.9997587836692,37.250686,126.674964,37.254138,126.680626
122.44999999999519,3,DEGRADED,DEGRADED_CLOSED_LOOP,DEGRADED_CLOSED_LOOP,NONE,FRESH,FRESHED,FRESH,FRESH,1,50.13486560022713,109.86513439977287,67.05149502297841,19.97565699795301,-52.03023870110488,442.9997587836692,37.250686,126.674964,37.254138,126.680626
122.49999999999518,3,DEGRADED,DEGRADED_FEEDFORWARD,DEGRADED_FEEDFORWARD,NONE,FRESH,FRESHED,STALE,FRESH,1,53.13486560022696,106.86513439977304,36.70219220702528,10.604501908305751,-52.03023870110488,442.9997587836692,37.250686,126.674964,37.254138,126.680626
122.54999999999518,3,DEGRADED,DEGRADED_FEEDFORWARD,DEGRADED_FEEDFORWARD,NONE,FRESH,FRESHED,STALE,FRESH,1,56.13486560022679,103.86513439977321,36.70219220702528,10.604501908305751,-52.03023870110488,442.9997587836692,37.250686,126.674964,37.254138,126.680626
122.59999999999518,3,DEGRADED,DEGRADED_FEEDFORWARD,DEGRADED_FEEDFORWARD,NONE,FRESH,FRESHED,STALE,FRESH,1,59.13486560022662,100.86513439977338,36.70219220702528,10.604501908305751,-52.03023870110488,442.9997587836692,37.250686,126.674964,37.254138,126.680626
122.64999999999517,3,DEGRADED,DEGRADED_FEEDFORWARD,DEGRADED_FEEDFORWARD,NONE,FRESH,FRESHED,STALE,FRESH,1,61.64890389648736,98.35109610351265,36.70219220702528,10.604501908305751,-52.03023870110488,442.9997587836692,37.250686,126.674964,37.254138,126.680626
122.69999999999517,3,DEGRADED,DEGRADED_FEEDFORWARD,DEGRADED_FEEDFORWARD,NONE,FRESH,FRESHED,STALE,FRESH,1,61.64890389648736,98.35109610351265,36.70219220702528,10.604501908305751,-52.03023870110488,442.9997587836692,37.250686,126.674964,37.254138,126.680626
122.74999999999517,3,DEGRADED,DEGRADED_FEEDFORWARD,DEGRADED_FEEDFORWARD,NONE,FRESH,FRESHED,STALE,FRESH,1,61.64890389648736,98.35109610351265,36.70219220702528,10.604501908305751,-52.03023870110488,442.9997587836692,37.250686,126.674964,37.254138,126.680626
122.79999999999517,3,DEGRADED,DEGRADED_FEEDFORWARD,DEGRADED_FEEDFORWARD,NONE,FRESH,FRESHED,STALE,STALE,1,61.64890389648736,98.35109610351265,36.70219220702528,10.604501908305751,-52.03023870110488,442.9997587836692,37.250686,126.674964,37.254138,126.680626
122.84999999999516,3,DEGRADED,DEGRADED_FEEDFORWARD,DEGRADED_FEEDFORWARD,NONE,FRESH,FRESHED,STALE,STALE,1,61.64890389648736,98.35109610351265,36.70219220702528,10.604501908305751,-52.03023870110488,442.9997587836692,37.250686,126.674964,37.254138,126.680626
122.89999999999516,3,DEGRADED,DEGRADED_FEEDFORWARD,DEGRADED_FEEDFORWARD,NONE,FRESH,FRESHED,STALE,STALE,1,61.64890389648736,98.35109610351265,36.70219220702528,10.604501908305751,-52.03023870110488,442.9997587836692,37.250686,126.674964,37.254138,126.680626
122.94999999999516,3,DEGRADED,DEGRADED_FEEDFORWARD,DEGRADED_FEEDFORWARD,NONE,FRESH,FRESHED,STALE,STALE,1,61.64890389648736,98.35109610351265,36.70219220702528,10.604501908305751,-52.03023870110488,442.9997587836692,37.250686,126.674964,37.254138,126.680626
122.99999999999515,3,DEGRADED,DEGRADED_FEEDFORWARD,DEGRADED_FEEDFORWARD,NONE,FRESH,FRESHED,STALE,STALE,1,61.64890389648736,98.35109610351265,36.70219220702528,10.604501908305751,-52.03023870110488,442.9997587836692,37.250686,126.674964,37.254138,126.680626
123.04999999999515,3,DEGRADED,DEGRADED_FEEDFORWARD,DEGRADED_FEEDFORWARD,NONE,FRESH,FRESHED,STALE,STALE,1,61.64890389648736,98.35109610351265,36.70219220702528,10.604501908305751,-52.03023870110488,442.9997587836692,37.250686,126.674964,37.254138,126.680626
123.09999999999515,3,DEGRADED,DEGRADED_FEEDFORWARD,DEGRADED_FEEDFORWARD,NONE,FRESH,FRESHED,STALE,STALE,1,61.64890389648736,98.35109610351265,36.70219220702528,10.604501908305751,-52.03023870110488,442.9997587836692,37.250686,126.674964,37.254138,126.680626
123.14999999999515,3,DEGRADED,DEGRADED_FEEDFORWARD,DEGRADED_FEEDFORWARD,NONE,FRESH,FRESHED,STALE,STALE,1,61.64890389648736,98.35109610351265,36.70219220702528,10.604501908305751,-52.03023870110488,442.9997587836692,37.250686,126.674964,37.254138,126.680626
123.19999999999514,3,DEGRADED,DEGRADED_FEEDFORWARD,DEGRADED_FEEDFORWARD,NONE,FRESH,FRESHED,STALE,STALE,1,61.64890389648736,98.35109610351265,36.70219220702528,10.604501908305751,-52.03023870110488,442.9997587836692,37.250686,126.674964,37.254138,126.680626
123.24999999999514,3,ACTIVE,NOMINAL_CLOSED_LOOP,NOMINAL_CLOSED_LOOP,NONE,FRESH,FRESH,FRESH,FRESH,1,61.29251944769223,98.70748055230777,37.414961104615536,7.949130082042753,-43.04539211702371,470.45691044787395,37.250686,126.674964,37.254138,126.680626
123.29999999999514,3,ACTIVE,NOMINAL_CLOSED_LOOP,NOMINAL_CLOSED_LOOP,NONE,FRESH,FRESH,FRESH,FRESH,1,61.28880488265121,98.71119511734878,37.42239023469757,7.949130082042753,-43.04539211702371,470.45691044787395,37.250686,126.674964,37.254138,126.680626
123.34999999999513,3,ACTIVE,NOMINAL_CLOSED_LOOP,NOMINAL_CLOSED_LOOP,NONE,FRESH,FRESH,FRESH,FRESH,1,61.28509031761019,98.71490968238982,37.42981936477962,7.949130082042753,-43.04539211702371,470.45691044787395,37.250686,126.674964,37.254138,126.680626
123.39999999999513,3,ACTIVE,NOMINAL_CLOSED_LOOP,NOMINAL_CLOSED_LOOP,NONE,FRESH,FRESH,FRESH,FRESH,1,61.28137575256917,98.71862424743082,37.43724849486166,7.949130082042753,-43.04539211702371,470.45691044787395,37.250686,126.674964,37.254138,126.680626
123.44999999999513,3,ACTIVE,NOMINAL_CLOSED_LOOP,NOMINAL_CLOSED_LOOP,NONE,FRESH,FRESH,FRESH,FRESH,1,61.27766118752815,98.72233881247185,37.4446776249437,7.949130082042753,-43.04539211702371,470.45691044787395,37.250686,126.674964,37.254138,126.680626
123.49999999999513,3,ACTIVE,NOMINAL_FEEDFORWARD,NOMINAL_FEEDFORWARD,NONE,FRESH,FRESH,STALE,FRESH,1,64.0338106387759,95.9661893612241,31.932378722448192,6.95548882178741,-43.04539211702371,470.45691044787395,37.250686,126.674964,37.254138,126.680626
123.54999999999512,3,ACTIVE,NOMINAL_FEEDFORWARD,NOMINAL_FEEDFORWARD,NONE,FRESH,FRESH,STALE,FRESH,1,64.0338106387759,95.9661893612241,31.932378722448192,6.95548882178741,-43.04539211702371,470.45691044787395,37.250686,126.674964,37.254138,126.680626
123.59999999999512,3,ACTIVE,NOMINAL_FEEDFORWARD,NOMINAL_FEEDFORWARD,NONE,FRESH,FRESH,STALE,FRESH,1,64.0338106387759,95.9661893612241,31.932378722448192,6.95548882178741,-43.04539211702371,470.45691044787395,37.250686,126.674964,37.254138,126.680626
123.64999999999512,3,ACTIVE,NOMINAL_FEEDFORWARD,NOMINAL_FEEDFORWARD,NONE,FRESH,FRESH,STALE,FRESH,1,64.0338106387759,95.9661893612241,31.932378722448192,6.95548882178741,-43.04539211702371,470.45691044787395,37.250686,126.674964,37.254138,126.680626
123.69999999999511,3,ACTIVE,NOMINAL_FEEDFORWARD,NOMINAL_FEEDFORWARD,NONE,FRESH,FRESH,STALE,FRESH,1,64.0338106387759,95.9661893612241,31.932378722448192,6.95548882178741,-43.04539211702371,470.45691044787395,37.250686,126.674964,37.254138,126.680626
123.74999999999511,3,ACTIVE,NOMINAL_FEEDFORWARD,NOMINAL_FEEDFORWARD,NONE,FRESH,FRESH,STALE,FRESH,1,64.0338106387759,95.9661893612241,31.932378722448192,6.95548882178741,-43.04539211702371,470.45691044787395,37.250686,126.674964,37.254138,126.680626
123.79999999999511,3,ACTIVE,NOMINAL_FEEDFORWARD,NOMINAL_FEEDFORWARD,NONE,FRESH,FRESH,STALE,STALE,1,64.0338106387759,95.9661893612241,31.932378722448192,6.95548882178741,-43.04539211702371,470.45691044787395,37.250686,126.674964,37.254138,126.680626
123.8499999999951,3,ACTIVE,NOMINAL_FEEDFORWARD,NOMINAL_FEEDFORWARD,NONE,FRESH,FRESH,STALE,STALE,1,64.0338106387759,95.9661893612241,31.932378722448192,6.95548882178741,-43.04539211702371,470.45691044787395,37.250686,126.674964,37.254138,126.680626
123.8999999999951,3,ACTIVE,NOMINAL_FEEDFORWARD,NOMINAL_FEEDFORWARD,NONE,FRESH,FRESH,STALE,STALE,1,64.0338106387759,95.9661893612241,31.932378722448192,6.95548882178741,-43.04539211702371,470.45691044787395,37.250686,126.674964,37.254138,126.680626
123.9499999999951,3,ACTIVE,NOMINAL_FEEDFORWARD,NOMINAL_FEEDFORWARD,NONE,FRESH,FRESH,STALE,STALE,1,64.0338106387759,95.9661893612241,31.932378722448192,6.95548882178741,-43.04539211702371,470.45691044787395,37.250686,126.674964,37.254138,126.680626
123.9999999999951,3,ACTIVE,NOMINAL_FEEDFORWARD,NOMINAL_FEEDFORWARD,NONE,FRESH,FRESH,STALE,STALE,1,64.0338106387759,95.9661893612241,31.932378722448192,6.95548882178741,-43.04539211702371,470.45691044787395,37.250686,126.674964,37.254138,126.680626
124.0499999999951,3,ACTIVE,NOMINAL_FEEDFORWARD,NOMINAL_FEEDFORWARD,NONE,FRESH,FRESH,STALE,STALE,1,64.0338106387759,95.9661893612241,31.932378722448192,6.95548882178741,-43.04539211702371,470.45691044787395,37.250686,126.674964,37.254138,126.680626
124.09999999999509,3,ACTIVE,NOMINAL_FEEDFORWARD,NOMINAL_FEEDFORWARD,NONE,FRESH,FRESH,STALE,STALE,1,64.0338106387759,95.9661893612241,31.932378722448192,6.95548882178741,-43.04539211702371,470.45691044787395,37.250686,126.674964,37.254138,126.680626
124.14999999999509,3,ACTIVE,NOMINAL_FEEDFORWARD,NOMINAL_FEEDFORWARD,NONE,FRESH,FRESH,STALE,STALE,1,64.0338106387759,95.9661893612241,31.932378722448192,6.95548882178741,-43.04539211702371,470.45691044787395,37.250686,126.674964,37.254138,126.680626
124.19999999999509,3,ACTIVE,NOMINAL_FEEDFORWARD,NOMINAL_FEEDFORWARD,NONE,FRESH,FRESH,STALE,STALE,1,64.0338106387759,95.9661893612241,31.932378722448192,6.95548882178741,-43.04539211702371,470.45691044787395,37.250686,126.674964,37.254138,126.680626
124.24999999999508,3,DEGRADED,DEGRADED_CLOSED_LOOP,DEGRADED_CLOSED_LOOP,NONE,FRESH,FRESHED,FRESH,FRESH,1,60.5338106387761,99.4661893612239,53.18266350191405,14.428683256192867,-43.04539211702371,470.45691044787395,37.250686,126.674964,37.254138,126.680626
124.29999999999508,3,DEGRADED,DEGRADED_CLOSED_LOOP,DEGRADED_CLOSED_LOOP,NONE,FRESH,FRESHED,FRESH,FRESH,1,57.0338106387763,102.9661893612237,53.19703218517024,14.428683256192867,-43.04539211702371,470.45691044787395,37.250686,126.674964,37.254138,126.680626
124.34999999999508,3,DEGRADED,DEGRADED_CLOSED_LOOP,DEGRADED_CLOSED_LOOP,NONE,FRESH,FRESHED,FRESH,FRESH,1,53.5338106387765,106.4661893612235,53.21140086842643,14.428683256192867,-43.04539211702371,470.45691044787395,37.250686,126.674964,37.254138,126.680626
124.39999999999507,3,DEGRADED,DEGRADED_CLOSED_LOOP,DEGRADED_CLOSED_LOOP,NONE,FRESH,FRESHED,FRESH,FRESH,1,53.38711522415869,106.61288477584131,53.225769551682625,14.428683256192867,-43.04539211702371,470.45691044787395,37.250686,126.674964,37.254138,126.680626
124.44999999999507,3,DEGRADED,DEGRADED_CLOSED_LOOP,DEGRADED_CLOSED_LOOP,NONE,FRESH,FRESHED,FRESH,FRESH,1,53.379930882530594,106.6200691174694,53.24013823493881,14.428683256192867,-43.04539211702371,470.45691044787395,37.250686,126.674964,37.254138,126.680626
124.49999999999507,3,DEGRADED,DEGRADED_FEEDFORWARD,DEGRADED_FEEDFORWARD,NONE,FRESH,FRESHED,STALE,FRESH,1,56.379930882530424,103.62006911746957,27.387469150151272,6.493784000109257,-43.04539211702371,470.45691044787395,37.250686,126.674964,37.254138,126.680626
124.54999999999507,3,DEGRADED,DEGRADED_FEEDFORWARD,DEGRADED_FEEDFORWARD,NONE,FRESH,FRESHED,STALE,FRESH,1,59.37993088253025,100.62006911746974,27.387469150151272,6.493784000109257,-43.04539211702371,470.45691044787395,37.250686,126.674964,37.254138,126.680626
124.59999999999506,3,DEGRADED,DEGRADED_FEEDFORWARD,DEGRADED_FEEDFORWARD,NONE,FRESH,FRESHED,STALE,FRESH,1,62.37993088253008,97.62006911746991,27.387469150151272,6.493784000109257,-43.04539211702371,470.45691044787395,37.250686,126.674964,37.254138,126.680626
124.64999999999506,3,DEGRADED,DEGRADED_FEEDFORWARD,DEGRADED_FEEDFORWARD,NONE,FRESH,FRESHED,STALE,FRESH,1,65.37993088252992,94.62006911747008,27.387469150151272,6.493784000109257,-43.04539211702371,470.45691044787395,37.250686,126.674964,37.254138,126.680626
124.69999999999506,3,DEGRADED,DEGRADED_FEEDFORWARD,DEGRADED_FEEDFORWARD,NONE,FRESH,FRESHED,STALE,FRESH,1,66.30626542492436,93.69373457507564,27.387469150151272,6.493784000109257,-43.04539211702371,470.45691044787395,37.250686,126.674964,37.254138,126.680626
124.74999999999505,3,DEGRADED,DEGRADED_FEEDFORWARD,DEGRADED_FEEDFORWARD,NONE,FRESH,FRESHED,STALE,FRESH,1,66.30626542492436,93.69373457507564,27.387469150151272,6.493784000109257,-43.04539211702371,470.45691044787395,37.250686,126.674964,37.254138,126.680626
124.79999999999505,3,DEGRADED,DEGRADED_FEEDFORWARD,DEGRADED_FEEDFORWARD,NONE,FRESH,FRESHED,STALE,STALE,1,66.30626542492436,93.69373457507564,27.387469150151272,6.493784000109257,-43.04539211702371,470.45691044787395,37.250686,126.674964,37.254138,126.680626
124.84999999999505,3,DEGRADED,DEGRADED_FEEDFORWARD,DEGRADED_FEEDFORWARD,NONE,FRESH,FRESHED,STALE,STALE,1,66.30626542492436,93.69373457507564,27.387469150151272,6.493784000109257,-43.04539211702371,470.45691044787395,37.250686,126.674964,37.254138,126.680626
124.89999999999505,3,DEGRADED,DEGRADED_FEEDFORWARD,DEGRADED_FEEDFORWARD,NONE,FRESH,FRESHED,STALE,STALE,1,66.30626542492436,93.69373457507564,27.387469150151272,6.493784000109257,-43.04539211702371,470.45691044787395,37.250686,126.674964,37.254138,126.680626
124.94999999999504,3,DEGRADED,DEGRADED_FEEDFORWARD,DEGRADED_FEEDFORWARD,NONE,FRESH,FRESHED,STALE,STALE,1,66.30626542492436,93.69373457507564,27.387469150151272,6.493784000109257,-43.04539211702371,470.45691044787395,37.250686,126.674964,37.254138,126.680626
124.99999999999504,3,DEGRADED,DEGRADED_FEEDFORWARD,DEGRADED_FEEDFORWARD,NONE,FRESH,FRESHED,STALE,STALE,1,66.30626542492436,93.69373457507564,27.387469150151272,6.493784000109257,-43.04539211702371,470.45691044787395,37.250686,126.674964,37.254138,126.680626
125.04999999999504,3,DEGRADED,DEGRADED_FEEDFORWARD,DEGRADED_FEEDFORWARD,NONE,FRESH,FRESHED,STALE,STALE,1,66.30626542492436,93.69373457507564,27.387469150151272,6.493784000109257,-43.04539211702371,470.45691044787395,37.250686,126.674964,37.254138,126.680626
125.09999999999503,3,DEGRADED,DEGRADED_FEEDFORWARD,DEGRADED_FEEDFORWARD,NONE,FRESH,FRESHED,STALE,STALE,1,66.30626542492436,93.69373457507564,27.387469150151272,6.493784000109257,-43.04539211702371,470.45691044787395,37.250686,126.674964,37.254138,126.680626
125.14999999999503,3,DEGRADED,DEGRADED_FEEDFORWARD,DEGRADED_FEEDFORWARD,NONE,FRESH,FRESHED,STALE,STALE,1,66.30626542492436,93.69373457507564,27.387469150151272,6.493784000109257,-43.04539211702371,470.45691044787395,37.250686,126.674964,37.254138,126.680626
125.19999999999503,3,DEGRADED,DEGRADED_FEEDFORWARD,DEGRADED_FEEDFORWARD,NONE,FRESH,FRESHED,STALE,STALE,1,66.30626542492436,93.69373457507564,27.387469150151272,6.493784000109257,-43.04539211702371,470.45691044787395,37.250686,126.674964,37.254138,126.680626
125.24999999999503,3,ACTIVE,NOMINAL_CLOSED_LOOP,NOMINAL_CLOSED_LOOP,NONE,FRESH,FRESH,FRESH,FRESH,1,61.306265424924646,98.69373457507535,59.70106113987674,15.923411184903834,-38.23431987038467,484.0529126346145,37.250686,126.674964,37.254138,126.680626
125.29999999999502,3,ACTIVE,NOMINAL_CLOSED_LOOP,NOMINAL_CLOSED_LOOP,NONE,FRESH,FRESH,FRESH,FRESH,1,56.30626542492493,103.69373457507507,59.71541455106165,15.923411184903834,-38.23431987038467,484.0529126346145,37.250686,126.674964,37.254138,126.680626
125.34999999999502,3,ACTIVE,NOMINAL_CLOSED_LOOP,NOMINAL_CLOSED_LOOP,NONE,FRESH,FRESH,FRESH,FRESH,1,51.306265424925215,108.69373457507479,59.72976796224655,15.923411184903834,-38.23431987038467,484.0529126346145,37.250686,126.674964,37.254138,126.680626
125.39999999999502,3,ACTIVE,NOMINAL_CLOSED_LOOP,NOMINAL_CLOSED_LOOP,NONE,FRESH,FRESH,FRESH,FRESH,1,50.12793931328427,109.87206068671573,59.744121373431454,15.923411184903834,-38.23431987038467,484.0529126346145,37.250686,126.674964,37.254138,126.680626
125.44999999999501,3,ACTIVE,NOMINAL_CLOSED_LOOP,NOMINAL_CLOSED_LOOP,NONE,FRESH,FRESH,FRESH,FRESH,1,50.12076260769182,109.87923739230817,59.758474784616354,15.923411184903834,-38.23431987038467,484.0529126346145,37.250686,126.674964,37.254138,126.680626
125.49999999999501,3,ACTIVE,NOMINAL_FEEDFORWARD,NOMINAL_FEEDFORWARD,NONE,FRESH,FRESH,STALE,FRESH,1,54.62076260769157,105.37923739230843,49.72141905808137,13.932984786790854,-38.23431987038467,484.0529126346145,37.250686,126.674964,37.254138,126.680626
125.54999999999501,3,ACTIVE,NOMINAL_FEEDFORWARD,NOMINAL_FEEDFORWARD,NONE,FRESH,FRESH,STALE,FRESH,1,55.13929047095931,104.86070952904069,49.72141905808137,13.932984786790854,-38.23431987038467,484.0529126346145,37.250686,126.674964,37.254138,126.680626
125.599999999995,3,ACTIVE,NOMINAL_FEEDFORWARD,NOMINAL_FEEDFORWARD,NONE,FRESH,FRESH,STALE,FRESH,1,55.13929047095931,104.86070952904069,49.72141905808137,13.932984786790854,-38.23431987038467,484.0529126346145,37.250686,126.674964,37.254138,126.680626
125.649999999995,3,ACTIVE,NOMINAL_FEEDFORWARD,NOMINAL_FEEDFORWARD,NONE,FRESH,FRESH,STALE,FRESH,1,55.13929047095931,104.86070952904069,49.72141905808137,13.932984786790854,-38.23431987038467,484.0529126346145,37.250686,126.674964,37.254138,126.680626
125.699999999995,3,ACTIVE,NOMINAL_FEEDFORWARD,NOMINAL_FEEDFORWARD,NONE,FRESH,FRESH,STALE,FRESH,1,55.13929047095931,104.86070952904069,49.72141905808137,13.932984786790854,-38.23431987038467,484.0529126346145,37.250686,126.674964,37.254138,126.680626
125.749999999995,3,ACTIVE,NOMINAL_FEEDFORWARD,NOMINAL_FEEDFORWARD,NONE,FRESH,FRESH,STALE,FRESH,1,55.13929047095931,104.86070952904069,49.72141905808137,13.932984786790854,-38.23431987038467,484.0529126346145,37.250686,126.674964,37.254138,126.680626
125.799999999995,3,ACTIVE,NOMINAL_FEEDFORWARD,NOMINAL_FEEDFORWARD,NONE,FRESH,FRESH,STALE,STALE,1,55.13929047095931,104.86070952904069,49.72141905808137,13.932984786790854,-38.23431987038467,484.0529126346145,37.250686,126.674964,37.254138,126.680626
125.84999999999499,3,ACTIVE,NOMINAL_FEEDFORWARD,NOMINAL_FEEDFORWARD,NONE,FRESH,FRESH,STALE,STALE,1,55.13929047095931,104.86070952904069,49.72141905808137,13.932984786790854,-38.23431987038467,484.0529126346145,37.250686,126.674964,37.254138,126.680626
125.89999999999499,3,ACTIVE,NOMINAL_FEEDFORWARD,NOMINAL_FEEDFORWARD,NONE,FRESH,FRESH,STALE,STALE,1,55.13929047095931,104.86070952904069,49.72141905808137,13.932984786790854,-38.23431987038467,484.0529126346145,37.250686,126.674964,37.254138,126.680626
125.94999999999499,3,ACTIVE,NOMINAL_FEEDFORWARD,NOMINAL_FEEDFORWARD,NONE,FRESH,FRESH,STALE,STALE,1,55.13929047095931,104.86070952904069,49.72141905808137,13.932984786790854,-38.23431987038467,484.0529126346145,37.250686,126.674964,37.254138,126.680626
125.99999999999498,3,ACTIVE,NOMINAL_FEEDFORWARD,NOMINAL_FEEDFORWARD,NONE,FRESH,FRESH,STALE,STALE,1,55.13929047095931,104.86070952904069,49.72141905808137,13.932984786790854,-38.23431987038467,484.0529126346145,37.250686,126.674964,37.254138,126.680626
126.04999999999498,3,ACTIVE,NOMINAL_FEEDFORWARD,NOMINAL_FEEDFORWARD,NONE,FRESH,FRESH,STALE,STALE,1,55.13929047095931,104.86070952904069,49.72141905808137,13.932984786790854,-38.23431987038467,484.0529126346145,37.250686,126.674964,37.254138,126.680626
126.09999999999498,3,ACTIVE,NOMINAL_FEEDFORWARD,NOMINAL_FEEDFORWARD,NONE,FRESH,FRESH,STALE,STALE,1,55.13929047095931,104.86070952904069,49.72141905808137,13.932984786790854,-38.23431987038467,484.0529126346145,37.250686,126.674964,37.254138,126.680626
126.14999999999498,3,ACTIVE,NOMINAL_FEEDFORWARD,NOMINAL_FEEDFORWARD,NONE,FRESH,FRESH,STALE,STALE,1,55.13929047095931,104.86070952904069,49.72141905808137,13.932984786790854,-38.23431987038467,484.0529126346145,37.250686,126.674964,37.254138,126.680626
126.19999999999497,3,ACTIVE,NOMINAL_FEEDFORWARD,NOMINAL_FEEDFORWARD,NONE,FRESH,FRESH,STALE,STALE,1,55.13929047095931,104.86070952904069,49.72141905808137,13.932984786790854,-38.23431987038467,484.0529126346145,37.250686,126.674964,37.254138,126.680626
126.24999999999497,3,ACTIVE,NOMINAL_FEEDFORWARD,NOMINAL_FEEDFORWARD,NONE,FRESH,FRESH,STALE,STALE,1,55.13929047095931,104.86070952904069,49.72141905808137,13.932984786790854,-38.23431987038467,484.0529126346145,37.250686,126.674964,37.254138,126.680626
126.29999999999497,3,DEGRADED,DEGRADED_CLOSED_LOOP,DEGRADED_CLOSED_LOOP,NONE,FRESH,FRESHED,FRESH,FRESH,1,58.63929047095911,101.36070952904089,38.571991863242516,8.95547065356294,-38.23431987038467,484.0529126346145,37.250686,126.674964,37.254138,126.680626
126.34999999999496,3,DEGRADED,DEGRADED_CLOSED_LOOP,DEGRADED_CLOSED_LOOP,NONE,FRESH,FRESHED,FRESH,FRESH,1,60.70952633305196,99.29047366694803,38.58094733389608,8.95547065356294,-38.23431987038467,484.0529126346145,37.250686,126.674964,37.254138,126.680626
126.39999999999496,3,DEGRADED,DEGRADED_CLOSED_LOOP,DEGRADED_CLOSED_LOOP,NONE,FRESH,FRESHED,FRESH,FRESH,1,60.70504859772518,99.29495140227482,38.589902804549645,8.95547065356294,-38.23431987038467,484.0529126346145,37.250686,126.674964,37.254138,126.680626
126.44999999999496,3,DEGRADED,DEGRADED_CLOSED_LOOP,DEGRADED_CLOSED_LOOP,NONE,FRESH,FRESHED,FRESH,FRESH,1,60.70057086239839,99.2994291376016,38.598858275203206,8.95547065356294,-38.23431987038467,484.0529126346145,37.250686,126.674964,37.254138,126.680626
126.49999999999496,3,DEGRADED,DEGRADED_CLOSED_LOOP,DEGRADED_CLOSED_LOOP,NONE,FRESH,FRESHED,FRESH,FRESH,1,60.69609312707162,99.30390687292838,38.60781374585677,8.95547065356294,-38.23431987038467,484.0529126346145,37.250686,126.674964,37.254138,126.680626
126.54999999999495,3,DEGRADED,DEGRADED_FEEDFORWARD,DEGRADED_FEEDFORWARD,NONE,FRESH,FRESHED,STALE,FRESH,1,63.69609312707145,96.30390687292855,19.191736190645564,3.267520114339134,-38.23431987038467,484.0529126346145,37.250686,126.674964,37.254138,126.680626
126.59999999999495,3,DEGRADED,DEGRADED_FEEDFORWARD,DEGRADED_FEEDFORWARD,NONE,FRESH,FRESHED,STALE,FRESH,1,66.69609312707128,93.30390687292872,19.191736190645564,3.267520114339134,-38.23431987038467,484.0529126346145,37.250686,126.674964,37.254138,126.680626
126.64999999999495,3,DEGRADED,DEGRADED_FEEDFORWARD,DEGRADED_FEEDFORWARD,NONE,FRESH,FRESHED,STALE,FRESH,1,69.69609312707111,90.30390687292889,19.191736190645564,3.267520114339134,-38.23431987038467,484.0529126346145,37.250686,126.674964,37.254138,126.680626
126.69999999999494,3,DEGRADED,DEGRADED_FEEDFORWARD,DEGRADED_FEEDFORWARD,NONE,FRESH,FRESHED,STALE,FRESH,1,70.40413190467721,89.59586809532279,19.191736190645564,3.267520114339134,-38.23431987038467,484.0529126346145,37.250686,126.674964,37.254138,126.680626
126.74999999999494,3,DEGRADED,DEGRADED_FEEDFORWARD,DEGRADED_FEEDFORWARD,NONE,FRESH,FRESHED,STALE,FRESH,1,70.40413190467721,89.59586809532279,19.191736190645564,3.267520114339134,-38.23431987038467,484.0529126346145,37.250686,126.674964,37.254138,126.680626
126.79999999999494,3,DEGRADED,DEGRADED_FEEDFORWARD,DEGRADED_FEEDFORWARD,NONE,FRESH,FRESHED,STALE,FRESH,1,70.40413190467721,89.59586809532279,19.191736190645564,3.267520114339134,-38.23431987038467,484.0529126346145,37.250686,126.674964,37.254138,126.680626
126.84999999999494,3,DEGRADED,DEGRADED_FEEDFORWARD,DEGRADED_FEEDFORWARD,NONE,FRESH,FRESHED,STALE,STALE,1,70.40413190467721,89.59586809532279,19.191736190645564,3.267520114339134,-38.23431987038467,484.0529126346145,37.250686,126.674964,37.254138,126.680626
126.89999999999493,3,DEGRADED,DEGRADED_FEEDFORWARD,DEGRADED_FEEDFORWARD,NONE,FRESH,FRESHED,STALE,STALE,1,70.40413190467721,89.59586809532279,19.191736190645564,3.267520114339134,-38.23431987038467,484.0529126346145,37.250686,126.674964,37.254138,126.680626
126.94999999999493,3,DEGRADED,DEGRADED_FEEDFORWARD,DEGRADED_FEEDFORWARD,NONE,FRESH,FRESHED,STALE,STALE,1,70.40413190467721,89.59586809532279,19.191736190645564,3.267520114339134,-38.23431987038467,484.0529126346145,37.250686,126.674964,37.254138,126.680626
126.99999999999493,3,DEGRADED,DEGRADED_FEEDFORWARD,DEGRADED_FEEDFORWARD,NONE,FRESH,FRESHED,STALE,STALE,1,70.40413190467721,89.59586809532279,19.191736190645564,3.267520114339134,-38.23431987038467,484.0529126346145,37.250686,126.674964,37.254138,126.680626
127.04999999999492,3,DEGRADED,DEGRADED_FEEDFORWARD,DEGRADED_FEEDFORWARD,NONE,FRESH,FRESHED,STALE,STALE,1,70.40413190467721,89.59586809532279,19.191736190645564,3.267520114339134,-38.23431987038467,484.0529126346145,37.250686,126.674964,37.254138,126.680626
127.09999999999492,3,DEGRADED,DEGRADED_FEEDFORWARD,DEGRADED_FEEDFORWARD,NONE,FRESH,FRESHED,STALE,STALE,1,70.40413190467721,89.59586809532279,19.191736190645564,3.267520114339134,-38.23431987038467,484.0529126346145,37.250686,126.674964,37.254138,126.680626
127.14999999999492,3,DEGRADED,DEGRADED_FEEDFORWARD,DEGRADED_FEEDFORWARD,NONE,FRESH,FRESHED,STALE,STALE,1,70.40413190467721,89.59586809532279,19.191736190645564,3.267520114339134,-38.23431987038467,484.0529126346145,37.250686,126.674964,37.254138,126.680626
127.19999999999492,3,DEGRADED,DEGRADED_FEEDFORWARD,DEGRADED_FEEDFORWARD,NONE,FRESH,FRESHED,STALE,STALE,1,70.40413190467721,89.59586809532279,19.191736190645564,3.267520114339134,-38.23431987038467,484.0529126346145,37.250686,126.674964,37.254138,126.680626
127.24999999999491,3,DEGRADED,DEGRADED_FEEDFORWARD,DEGRADED_FEEDFORWARD,NONE,FRESH,FRESHED,STALE,STALE,1,70.40413190467721,89.59586809532279,19.191736190645564,3.267520114339134,-38.23431987038467,484.0529126346145,37.250686,126.674964,37.254138,126.680626
127.29999999999491,3,DEGRADED,DEGRADED_CLOSED_LOOP,DEGRADED_CLOSED_LOOP,NONE,FRESH,FRESHED,FRESH,FRESH,1,66.90413190467741,93.09586809532259,68.03943555253369,20.36044400642175,-185.06279423082015,302.9603189253645,37.250686,126.674964,37.254138,126.680626
127.3499999999949,3,DEGRADED,DEGRADED_CLOSED_LOOP,DEGRADED_CLOSED_LOOP,NONE,FRESH,FRESHED,FRESH,FRESH,1,63.40413190467761,96.59586809532239,68.0599159965401,20.36044400642175,-185.06279423082015,302.9603189253645,37.250686,126.674964,37.254138,126.680626
127.3999999999949,3,DEGRADED,DEGRADED_CLOSED_LOOP,DEGRADED_CLOSED_LOOP,NONE,FRESH,FRESHED,FRESH,FRESH,1,59.90413190467781,100.09586809532219,68.08039644054652,20.36044400642175,-185.06279423082015,302.9603189253645,37.250686,126.674964,37.254138,126.680626
127.4499999999949,3,DEGRADED,DEGRADED_CLOSED_LOOP,DEGRADED_CLOSED_LOOP,NONE,FRESH,FRESHED,FRESH,FRESH,1,56.40413190467801,103.59586809532199,68.10087688455295,20.36044400642175,-185.06279423082015,302.9603189253645,37.250686,126.674964,37.254138,126.680626
127.4999999999949,3,DEGRADED,DEGRADED_CLOSED_LOOP,DEGRADED_CLOSED_LOOP,NONE,FRESH,FRESHED,FRESH,FRESH,1,52.90413190467821,107.09586809532179,68.12135732855937,20.36044400642175,-185.06279423082015,302.9603189253645,37.250686,126.674964,37.254138,126.680626
127.5499999999949,3,DEGRADED,DEGRADED_FEEDFORWARD,DEGRADED_FEEDFORWARD,NONE,FRESH,FRESHED,STALE,FRESH,1,55.90413190467804,104.09586809532196,39.675443655405815,11.994988119267104,-185.06279423082015,302.9603189253645,37.250686,126.674964,37.254138,126.680626
127.59999999999489,3,DEGRADED,DEGRADED_FEEDFORWARD,DEGRADED_FEEDFORWARD,NONE,FRESH,FRESHED,STALE,FRESH,1,58.90413190467787,101.09586809532213,39.675443655405815,11.994988119267104,-185.06279423082015,302.9603189253645,37.250686,126.674964,37.254138,126.680626
127.64999999999489,3,DEGRADED,DEGRADED_FEEDFORWARD,DEGRADED_FEEDFORWARD,NONE,FRESH,FRESHED,STALE,FRESH,1,60.16227817229709,99.83772182770291,39.675443655405815,11.994988119267104,-185.06279423082015,302.9603189253645,37.250686,126.674964,37.254138,126.680626
127.69999999999489,3,DEGRADED,DEGRADED_FEEDFORWARD,DEGRADED_FEEDFORWARD,NONE,FRESH,FRESHED,STALE,FRESH,1,60.16227817229709,99.83772182770291,39.675443655405815,11.994988119267104,-185.06279423082015,302.9603189253645,37.250686,126.674964,37.254138,126.680626
127.74999999999488,3,DEGRADED,DEGRADED_FEEDFORWARD,DEGRADED_FEEDFORWARD,NONE,FRESH,FRESHED,STALE,FRESH,1,60.16227817229709,99.83772182770291,39.675443655405815,11.994988119267104,-185.06279423082015,302.9603189253645,37.250686,126.674964,37.254138,126.680626
127.79999999999488,3,DEGRADED,DEGRADED_FEEDFORWARD,DEGRADED_FEEDFORWARD,NONE,FRESH,FRESHED,STALE,FRESH,1,60.16227817229709,99.83772182770291,39.675443655405815,11.994988119267104,-185.06279423082015,302.9603189253645,37.250686,126.674964,37.254138,126.680626
127.84999999999488,3,DEGRADED,DEGRADED_FEEDFORWARD,DEGRADED_FEEDFORWARD,NONE,FRESH,FRESHED,STALE,STALE,1,60.16227817229709,99.83772182770291,39.675443655405815,11.994988119267104,-185.06279423082015,302.9603189253645,37.250686,126.674964,37.254138,126.680626
127.89999999999488,3,DEGRADED,DEGRADED_FEEDFORWARD,DEGRADED_FEEDFORWARD,NONE,FRESH,FRESHED,STALE,STALE,1,60.16227817229709,99.83772182770291,39.675443655405815,11.994988119267104,-185.06279423082015,302.9603189253645,37.250686,126.674964,37.254138,126.680626
127.94999999999487,3,DEGRADED,DEGRADED_FEEDFORWARD,DEGRADED_FEEDFORWARD,NONE,FRESH,FRESHED,STALE,STALE,1,60.16227817229709,99.83772182770291,39.675443655405815,11.994988119267104,-185.06279423082015,302.9603189253645,37.250686,126.674964,37.254138,126.680626
127.99999999999487,3,DEGRADED,DEGRADED_FEEDFORWARD,DEGRADED_FEEDFORWARD,NONE,FRESH,FRESHED,STALE,STALE,1,60.16227817229709,99.83772182770291,39.675443655405815,11.994988119267104,-185.06279423082015,302.9603189253645,37.250686,126.674964,37.254138,126.680626
128.04999999999487,3,DEGRADED,DEGRADED_FEEDFORWARD,DEGRADED_FEEDFORWARD,NONE,FRESH,FRESHED,STALE,STALE,1,60.16227817229709,99.83772182770291,39.675443655405815,11.994988119267104,-185.06279423082015,302.9603189253645,37.250686,126.674964,37.254138,126.680626
128.09999999999488,3,DEGRADED,DEGRADED_FEEDFORWARD,DEGRADED_FEEDFORWARD,NONE,FRESH,FRESHED,STALE,STALE,1,60.16227817229709,99.83772182770291,39.675443655405815,11.994988119267104,-185.06279423082015,302.9603189253645,37.250686,126.674964,37.254138,126.680626
128.1499999999949,3,DEGRADED,DEGRADED_FEEDFORWARD,DEGRADED_FEEDFORWARD,NONE,FRESH,FRESHED,STALE,STALE,1,60.16227817229709,99.83772182770291,39.675443655405815,11.994988119267104,-185.06279423082015,302.9603189253645,37.250686,126.674964,37.254138,126.680626
128.1999999999949,3,DEGRADED,DEGRADED_FEEDFORWARD,DEGRADED_FEEDFORWARD,NONE,FRESH,FRESHED,STALE,STALE,1,60.16227817229709,99.83772182770291,39.675443655405815,11.994988119267104,-185.06279423082015,302.9603189253645,37.250686,126.674964,37.254138,126.680626
128.2499999999949,3,DEGRADED,DEGRADED_FEEDFORWARD,DEGRADED_FEEDFORWARD,NONE,FRESH,FRESHED,STALE,STALE,1,60.16227817229709,99.83772182770291,39.675443655405815,11.994988119267104,-185.06279423082015,302.9603189253645,37.250686,126.674964,37.254138,126.680626
128.29999999999492,3,DEGRADED,DEGRADED_CLOSED_LOOP,DEGRADED_CLOSED_LOOP,NONE,FRESH,FRESHED,FRESH,FRESH,1,56.6622781722963,103.3377218277037,68.32490968225943,20.36044400642175,-185.06279423082015,302.9603189253645,37.250686,126.674964,37.254138,126.680626
128.34999999999494,3,DEGRADED,DEGRADED_CLOSED_LOOP,DEGRADED_CLOSED_LOOP,NONE,FRESH,FRESHED,FRESH,FRESH,1,53.1622781722955,106.8377218277045,68.34614012626587,20.36044400642175,-185.06279423082015,302.9603189253645,37.250686,126.674964,37.254138,126.680626
128.39999999999495,3,DEGRADED,DEGRADED_CLOSED_LOOP,DEGRADED_CLOSED_LOOP,NONE,FRESH,FRESHED,FRESH,FRESH,1,49.662278172294705,110.3377218277053,68.36737057027229,20.36044400642175,-185.06279423082015,302.9603189253645,37.250686,126.674964,37.254138,126.680626
128.44999999999496,3,DEGRADED,DEGRADED_CLOSED_LOOP,DEGRADED_CLOSED_LOOP,NONE,FRESH,FRESHED,FRESH,FRESH,1,46.16227817229391,113.83772182770609,68.38860101427872,20.36044400642175,-185.06279423082015,302.9603189253645,37.250686,126.674964,37.254138,126.680626
128.49999999999497,3,DEGRADED,DEGRADED_FEEDFORWARD,DEGRADED_FEEDFORWARD,NONE,FRESH,FRESHED,STALE,FRESH,1,49.16227817229459,110.83772182770541,39.675443655405815,11.994988119267104,-185.06279423082015,302.9603189253645,37.250686,126.674964,37.254138,126.680626
128.54999999999498,3,DEGRADED,DEGRADED_FEEDFORWARD,DEGRADED_FEEDFORWARD,NONE,FRESH,FRESHED,STALE,FRESH,1,52.162278172295274,107.83772182770473,39.675443655405815,11.994988119267104,-185.06279423082015,302.9603189253645,37.250686,126.674964,37.254138,126.680626
128.599999999995,3,DEGRADED,DEGRADED_FEEDFORWARD,DEGRADED_FEEDFORWARD,NONE,FRESH,FRESHED,STALE,FRESH,1,55.162278172295956,104.83772182770404,39.675443655405815,11.994988119267104,-185.06279423082015,302.9603189253645,37.250686,126.674964,37.254138,126.680626
128.649999999995,3,DEGRADED,DEGRADED_FEEDFORWARD,DEGRADED_FEEDFORWARD,NONE,FRESH,FRESHED,STALE,FRESH,1,58.16227817229664,101.83772182770336,39.675443655405815,11.994988119267104,-185.06279423082015,302.9603189253645,37.250686,126.674964,37.254138,126.680626
128.69999999999501,3,DEGRADED,DEGRADED_FEEDFORWARD,DEGRADED_FEEDFORWARD,NONE,FRESH,FRESHED,STALE,FRESH,1,60.16227817229709,99.83772182770291,39.675443655405815,11.994988119267104,-185.06279423082015,302.9603189253645,37.250686,126.674964,37.254138,126.680626
128.74999999999503,3,DEGRADED,DEGRADED_FEEDFORWARD,DEGRADED_FEEDFORWARD,NONE,FRESH,FRESHED,STALE,FRESH,1,60.16227817229709,99.83772182770291,39.675443655405815,11.994988119267104,-185.06279423082015,302.9603189253645,37.250686,126.674964,37.254138,126.680626
128.79999999999504,3,DEGRADED,DEGRADED_FEEDFORWARD,DEGRADED_FEEDFORWARD,NONE,FRESH,FRESHED,STALE,STALE,1,60.16227817229709,99.83772182770291,39.675443655405815,11.994988119267104,-185.06279423082015,302.9603189253645,37.250686,126.674964,37.254138,126.680626
128.84999999999505,3,DEGRADED,DEGRADED_FEEDFORWARD,DEGRADED_FEEDFORWARD,NONE,FRESH,FRESHED,STALE,STALE,1,60.16227817229709,99.83772182770291,39.675443655405815,11.994988119267104,-185.06279423082015,302.9603189253645,37.250686,126.674964,37.254138,126.680626
128.89999999999506,3,DEGRADED,DEGRADED_FEEDFORWARD,DEGRADED_FEEDFORWARD,NONE,FRESH,FRESHED,STALE,STALE,1,60.16227817229709,99.83772182770291,39.675443655405815,11.994988119267104,-185.06279423082015,302.9603189253645,37.250686,126.674964,37.254138,126.680626
128.94999999999507,3,DEGRADED,DEGRADED_FEEDFORWARD,DEGRADED_FEEDFORWARD,NONE,FRESH,FRESHED,STALE,STALE,1,60.16227817229709,99.83772182770291,39.675443655405815,11.994988119267104,-185.06279423082015,302.9603189253645,37.250686,126.674964,37.254138,126.680626
128.99999999999508,3,DEGRADED,DEGRADED_FEEDFORWARD,DEGRADED_FEEDFORWARD,NONE,FRESH,FRESHED,STALE,STALE,1,60.16227817229709,99.83772182770291,39.675443655405815,11.994988119267104,-185.06279423082015,302.9603189253645,37.250686,126.674964,37.254138,126.680626
129.0499999999951,3,DEGRADED,DEGRADED_FEEDFORWARD,DEGRADED_FEEDFORWARD,NONE,FRESH,FRESHED,STALE,STALE,1,60.16227817229709,99.83772182770291,39.675443655405815,11.994988119267104,-185.06279423082015,302.9603189253645,37.250686,126.674964,37.254138,126.680626
129.0999999999951,3,DEGRADED,DEGRADED_FEEDFORWARD,DEGRADED_FEEDFORWARD,NONE,FRESH,FRESHED,STALE,STALE,1,60.16227817229709,99.83772182770291,39.675443655405815,11.994988119267104,-185.06279423082015,302.9603189253645,37.250686,126.674964,37.254138,126.680626
129.14999999999512,3,DEGRADED,DEGRADED_FEEDFORWARD,DEGRADED_FEEDFORWARD,NONE,FRESH,FRESHED,STALE,STALE,1,60.16227817229709,99.83772182770291,39.675443655405815,11.994988119267104,-185.06279423082015,302.9603189253645,37.250686,126.674964,37.254138,126.680626
129.19999999999513,3,DEGRADED,DEGRADED_FEEDFORWARD,DEGRADED_FEEDFORWARD,NONE,FRESH,FRESHED,STALE,STALE,1,60.16227817229709,99.83772182770291,39.675443655405815,11.994988119267104,-185.06279423082015,302.9603189253645,37.250686,126.674964,37.254138,126.680626
129.24999999999514,3,NO_MOTION,FAIL,NO_MOTION,NO_MOTION,FRESH,STALE,STALE,STALE,0,80.0,80.0,0.0,0.0,0.0,0.0,37.250686,126.674964,37.254138,126.680626
129.29999999999515,3,ACTIVE,FAIL,NO_MOTION,NO_MOTION,FRESH,STALE,FRESH,FRESH,1,54.16227817229573,105.83772182770427,65.0,25.0,0.0,0.0,37.250686,126.674964,37.254138,126.680626
129.34999999999516,3,ACTIVE,FAIL,NO_MOTION,NO_MOTION,FRESH,STALE,FRESH,FRESH,1,51.162278172295046,108.83772182770495,65.0,25.0,0.0,0.0,37.250686,126.674964,37.254138,126.680626
129.39999999999517,3,ACTIVE,FAIL,NO_MOTION,NO_MOTION,FRESH,STALE,FRESH,FRESH,1,48.162278172294364,111.83772182770564,65.0,25.0,0.0,0.0,37.250686,126.674964,37.254138,126.680626
129.44999999999519,3,ACTIVE,FAIL,NO_MOTION,NO_MOTION,FRESH,STALE,FRESH,FRESH,1,47.5,112.5,65.0,25.0,0.0,0.0,37.250686,126.674964,37.254138,126.680626
129.4999999999952,3,NO_MOTION,FAIL,NO_MOTION,NO_MOTION,FRESH,STALE,STALE,FRESH,0,80.0,80.0,0.0,0.0,0.0,0.0,37.250686,126.674964,37.254138,126.680626
129.5499999999952,3,NO_MOTION,FAIL,NO_MOTION,NO_MOTION,FRESH,STALE,STALE,FRESH,0,80.0,80.0,0.0,0.0,0.0,0.0,37.250686,126.674964,37.254138,126.680626
129.59999999999522,3,NO_MOTION,FAIL,NO_MOTION,NO_MOTION,FRESH,STALE,STALE,FRESH,0,80.0,80.0,0.0,0.0,0.0,0.0,37.250686,126.674964,37.254138,126.680626
129.64999999999523,3,NO_MOTION,FAIL,NO_MOTION,NO_MOTION,FRESH,STALE,STALE,FRESH,0,80.0,80.0,0.0,0.0,0.0,0.0,37.250686,126.674964,37.254138,126.680626
129.69999999999524,3,NO_MOTION,FAIL,NO_MOTION,NO_MOTION,FRESH,STALE,STALE,FRESH,0,80.0,80.0,0.0,0.0,0.0,0.0,37.250686,126.674964,37.254138,126.680626
129.74999999999525,3,NO_MOTION,FAIL,NO_MOTION,NO_MOTION,FRESH,STALE,STALE,FRESH,0,80.0,80.0,0.0,0.0,0.0,0.0,37.250686,126.674964,37.254138,126.680626
129.79999999999526,3,NO_MOTION,FAIL,NO_MOTION,NO_MOTION,FRESH,STALE,STALE,STALE,0,80.0,80.0,0.0,0.0,0.0,0.0,37.250686,126.674964,37.254138,126.680626
129.84999999999528,3,NO_MOTION,FAIL,NO_MOTION,NO_MOTION,FRESH,STALE,STALE,STALE,0,80.0,80.0,0.0,0.0,0.0,0.0,37.250686,126.674964,37.254138,126.680626
129.8999999999953,3,NO_MOTION,FAIL,NO_MOTION,NO_MOTION,FRESH,STALE,STALE,STALE,0,80.0,80.0,0.0,0.0,0.0,0.0,37.250686,126.674964,37.254138,126.680626
129.9499999999953,3,NO_MOTION,FAIL,NO_MOTION,NO_MOTION,FRESH,STALE,STALE,STALE,0,80.0,80.0,0.0,0.0,0.0,0.0,37.250686,126.674964,37.254138,126.680626
129.9999999999953,3,NO_MOTION,FAIL,NO_MOTION,NO_MOTION,FRESH,STALE,STALE,STALE,0,80.0,80.0,0.0,0.0,0.0,0.0,37.250686,126.674964,37.254138,126.680626
130.04999999999532,3,NO_MOTION,FAIL,NO_MOTION,NO_MOTION,FRESH,STALE,STALE,STALE,0,80.0,80.0,0.0,0.0,0.0,0.0,37.250686,126.674964,37.254138,126.680626
130.09999999999533,3,NO_MOTION,FAIL,NO_MOTION,NO_MOTION,FRESH,STALE,STALE,STALE,0,80.0,80.0,0.0,0.0,0.0,0.0,37.250686,126.674964,37.254138,126.680626
130.14999999999534,3,NO_MOTION,FAIL,NO_MOTION,NO_MOTION,FRESH,STALE,STALE,STALE,0,80.0,80.0,0.0,0.0,0.0,0.0,37.250686,126.674964,37.254138,126.680626
130.19999999999536,3,NO_MOTION,FAIL,NO_MOTION,NO_MOTION,FRESH,STALE,STALE,STALE,0,80.0,80.0,0.0,0.0,0.0,0.0,37.250686,126.674964,37.254138,126.680626
130.24999999999537,3,NO_MOTION,FAIL,NO_MOTION,NO_MOTION,FRESH,STALE,STALE,STALE,0,80.0,80.0,0.0,0.0,0.0,0.0,37.250686,126.674964,37.254138,126.680626
130.29999999999538,3,ACTIVE,FAIL,NO_MOTION,NO_MOTION,FRESH,STALE,FRESH,FRESH,1,47.5,112.5,65.0,25.0,0.0,0.0,37.250686,126.674964,37.254138,126.680626
130.3499999999954,3,ACTIVE,FAIL,NO_MOTION,NO_MOTION,FRESH,STALE,FRESH,FRESH,1,47.5,112.5,65.0,25.0,0.0,0.0,37.250686,126.674964,37.254138,126.680626
130.3999999999954,3,ACTIVE,FAIL,NO_MOTION,NO_MOTION,FRESH,STALE,FRESH,FRESH,1,47.5,112.5,65.0,25.0,0.0,0.0,37.250686,126.674964,37.254138,126.680626
130.4499999999954,3,ACTIVE,FAIL,NO_MOTION,NO_MOTION,FRESH,STALE,FRESH,FRESH,1,47.5,112.5,65.0,25.0,0.0,0.0,37.250686,126.674964,37.254138,126.680626
130.49999999999542,3,NO_MOTION,FAIL,NO_MOTION,NO_MOTION,FRESH,STALE,STALE,FRESH,0,80.0,80.0,0.0,0.0,0.0,0.0,37.250686,126.674964,37.254138,126.680626
130.54999999999544,3,NO_MOTION,FAIL,NO_MOTION,NO_MOTION,FRESH,STALE,STALE,FRESH,0,80.0,80.0,0.0,0.0,0.0,0.0,37.250686,126.674964,37.254138,126.680626
130.59999999999545,3,NO_MOTION,FAIL,NO_MOTION,NO_MOTION,FRESH,STALE,STALE,FRESH,0,80.0,80.0,0.0,0.0,0.0,0.0,37.250686,126.674964,37.254138,126.680626
130.64999999999546,3,NO_MOTION,FAIL,NO_MOTION,NO_MOTION,FRESH,STALE,STALE,FRESH,0,80.0,80.0,0.0,0.0,0.0,0.0,37.250686,126.674964,37.254138,126.680626
130.69999999999547,3,NO_MOTION,FAIL,NO_MOTION,NO_MOTION,FRESH,STALE,STALE,FRESH,0,80.0,80.0,0.0,0.0,0.0,0.0,37.250686,126.674964,37.254138,126.680626
130.74999999999548,3,NO_MOTION,FAIL,NO_MOTION,NO_MOTION,FRESH,STALE,STALE,FRESH,0,80.0,80.0,0.0,0.0,0.0,0.0,37.250686,126.674964,37.254138,126.680626
130.7999999999955,3,NO_MOTION,FAIL,NO_MOTION,NO_MOTION,FRESH,STALE,STALE,STALE,0,80.0,80.0,0.0,0.0,0.0,0.0,37.250686,126.674964,37.254138,126.680626
130.8499999999955,3,NO_MOTION,FAIL,NO_MOTION,NO_MOTION,FRESH,STALE,STALE,STALE,0,80.0,80.0,0.0,0.0,0.0,0.0,37.250686,126.674964,37.254138,126.680626
130.89999999999552,3,NO_MOTION,FAIL,NO_MOTION,NO_MOTION,FRESH,STALE,STALE,STALE,0,80.0,80.0,0.0,0.0,0.0,0.0,37.250686,126.674964,37.254138,126.680626
130.94999999999553,3,NO_MOTION,FAIL,NO_MOTION,NO_MOTION,FRESH,STALE,STALE,STALE,0,80.0,80.0,0.0,0.0,0.0,0.0,37.250686,126.674964,37.254138,126.680626
130.99999999999554,3,NO_MOTION,FAIL,NO_MOTION,NO_MOTION,FRESH,STALE,STALE,STALE,0,80.0,80.0,0.0,0.0,0.0,0.0,37.250686,126.674964,37.254138,126.680626
131.04999999999555,3,NO_MOTION,FAIL,NO_MOTION,NO_MOTION,FRESH,STALE,STALE,STALE,0,80.0,80.0,0.0,0.0,0.0,0.0,37.250686,126.674964,37.254138,126.680626
131.09999999999556,3,NO_MOTION,FAIL,NO_MOTION,NO_MOTION,FRESH,STALE,STALE,STALE,0,80.0,80.0,0.0,0.0,0.0,0.0,37.250686,126.674964,37.254138,126.680626
131.14999999999557,3,NO_MOTION,FAIL,NO_MOTION,NO_MOTION,FRESH,STALE,STALE,STALE,0,80.0,80.0,0.0,0.0,0.0,0.0,37.250686,126.674964,37.254138,126.680626
131.19999999999558,3,NO_MOTION,FAIL,NO_MOTION,NO_MOTION,FRESH,STALE,STALE,STALE,0,80.0,80.0,0.0,0.0,0.0,0.0,37.250686,126.674964,37.254138,126.680626
131.2499999999956,3,NO_MOTION,FAIL,NO_MOTION,NO_MOTION,FRESH,STALE,STALE,STALE,0,80.0,80.0,0.0,0.0,0.0,0.0,37.250686,126.674964,37.254138,126.680626
131.2999999999956,3,ACTIVE,FAIL,NO_MOTION,NO_MOTION,FRESH,STALE,FRESH,FRESH,1,47.5,112.5,65.0,25.0,0.0,0.0,37.250686,126.674964,37.254138,126.680626
131.34999999999562,3,ACTIVE,FAIL,NO_MOTION,NO_MOTION,FRESH,STALE,FRESH,FRESH,1,47.5,112.5,65.0,25.0,0.0,0.0,37.250686,126.674964,37.254138,126.680626
131.39999999999563,3,ACTIVE,FAIL,NO_MOTION,NO_MOTION,FRESH,STALE,FRESH,FRESH,1,47.5,112.5,65.0,25.0,0.0,0.0,37.250686,126.674964,37.254138,126.680626
131.44999999999564,3,ACTIVE,FAIL,NO_MOTION,NO_MOTION,FRESH,STALE,FRESH,FRESH,1,47.5,112.5,65.0,25.0,0.0,0.0,37.250686,126.674964,37.254138,126.680626
131.49999999999565,3,NO_MOTION,FAIL,NO_MOTION,NO_MOTION,FRESH,STALE,STALE,FRESH,0,80.0,80.0,0.0,0.0,0.0,0.0,37.250686,126.674964,37.254138,126.680626
131.54999999999566,3,NO_MOTION,FAIL,NO_MOTION,NO_MOTION,FRESH,STALE,STALE,FRESH,0,80.0,80.0,0.0,0.0,0.0,0.0,37.250686,126.674964,37.254138,126.680626
131.59999999999567,3,NO_MOTION,FAIL,NO_MOTION,NO_MOTION,FRESH,STALE,STALE,FRESH,0,80.0,80.0,0.0,0.0,0.0,0.0,37.250686,126.674964,37.254138,126.680626
131.64999999999569,3,NO_MOTION,FAIL,NO_MOTION,NO_MOTION,FRESH,STALE,STALE,FRESH,0,80.0,80.0,0.0,0.0,0.0,0.0,37.250686,126.674964,37.254138,126.680626
131.6999999999957,3,NO_MOTION,FAIL,NO_MOTION,NO_MOTION,FRESH,STALE,STALE,FRESH,0,80.0,80.0,0.0,0.0,0.0,0.0,37.250686,126.674964,37.254138,126.680626
131.7499999999957,3,NO_MOTION,FAIL,NO_MOTION,NO_MOTION,FRESH,STALE,STALE,FRESH,0,80.0,80.0,0.0,0.0,0.0,0.0,37.250686,126.674964,37.254138,126.680626
131.79999999999572,3,NO_MOTION,FAIL,NO_MOTION,NO_MOTION,FRESH,STALE,STALE,STALE,0,80.0,80.0,0.0,0.0,0.0,0.0,37.250686,126.674964,37.254138,126.680626
131.84999999999573,3,NO_MOTION,FAIL,NO_MOTION,NO_MOTION,FRESH,STALE,STALE,STALE,0,80.0,80.0,0.0,0.0,0.0,0.0,37.250686,126.674964,37.254138,126.680626
131.89999999999574,3,NO_MOTION,FAIL,NO_MOTION,NO_MOTION,FRESH,STALE,STALE,STALE,0,80.0,80.0,0.0,0.0,0.0,0.0,37.250686,126.674964,37.254138,126.680626
131.94999999999575,3,NO_MOTION,FAIL,NO_MOTION,NO_MOTION,FRESH,STALE,STALE,STALE,0,80.0,80.0,0.0,0.0,0.0,0.0,37.250686,126.674964,37.254138,126.680626
131.99999999999577,3,NO_MOTION,FAIL,NO_MOTION,NO_MOTION,FRESH,STALE,STALE,STALE,0,80.0,80.0,0.0,0.0,0.0,0.0,37.250686,126.674964,37.254138,126.680626
132.04999999999578,3,NO_MOTION,FAIL,NO_MOTION,NO_MOTION,FRESH,STALE,STALE,STALE,0,80.0,80.0,0.0,0.0,0.0,0.0,37.250686,126.674964,37.254138,126.680626
132.0999999999958,3,NO_MOTION,FAIL,NO_MOTION,NO_MOTION,FRESH,STALE,STALE,STALE,0,80.0,80.0,0.0,0.0,0.0,0.0,37.250686,126.674964,37.254138,126.680626
132.1499999999958,3,NO_MOTION,FAIL,NO_MOTION,NO_MOTION,FRESH,STALE,STALE,STALE,0,80.0,80.0,0.0,0.0,0.0,0.0,37.250686,126.674964,37.254138,126.680626
132.1999999999958,3,NO_MOTION,FAIL,NO_MOTION,NO_MOTION,FRESH,STALE,STALE,STALE,0,80.0,80.0,0.0,0.0,0.0,0.0,37.250686,126.674964,37.254138,126.680626
132.24999999999582,3,NO_MOTION,FAIL,NO_MOTION,NO_MOTION,FRESH,STALE,STALE,STALE,0,80.0,80.0,0.0,0.0,0.0,0.0,37.250686,126.674964,37.254138,126.680626
132.29999999999583,3,ACTIVE,FAIL,NO_MOTION,NO_MOTION,FRESH,STALE,FRESH,FRESH,1,47.5,112.5,65.0,25.0,0.0,0.0,37.250686,126.674964,37.254138,126.680626
132.34999999999584,3,ACTIVE,FAIL,NO_MOTION,NO_MOTION,FRESH,STALE,FRESH,FRESH,1,47.5,112.5,65.0,25.0,0.0,0.0,37.250686,126.674964,37.254138,126.680626
132.39999999999586,3,ACTIVE,FAIL,NO_MOTION,NO_MOTION,FRESH,STALE,FRESH,FRESH,1,47.5,112.5,65.0,25.0,0.0,0.0,37.250686,126.674964,37.254138,126.680626
132.44999999999587,3,ACTIVE,FAIL,NO_MOTION,NO_MOTION,FRESH,STALE,FRESH,FRESH,1,47.5,112.5,65.0,25.0,0.0,0.0,37.250686,126.674964,37.254138,126.680626
132.49999999999588,3,NO_MOTION,FAIL,NO_MOTION,NO_MOTION,FRESH,STALE,STALE,FRESH,0,80.0,80.0,0.0,0.0,0.0,0.0,37.250686,126.674964,37.254138,126.680626
132.5499999999959,3,NO_MOTION,FAIL,NO_MOTION,NO_MOTION,FRESH,STALE,STALE,FRESH,0,80.0,80.0,0.0,0.0,0.0,0.0,37.250686,126.674964,37.254138,126.680626
132.5999999999959,3,NO_MOTION,FAIL,NO_MOTION,NO_MOTION,FRESH,STALE,STALE,FRESH,0,80.0,80.0,0.0,0.0,0.0,0.0,37.250686,126.674964,37.254138,126.680626
132.6499999999959,3,NO_MOTION,FAIL,NO_MOTION,NO_MOTION,FRESH,STALE,STALE,FRESH,0,80.0,80.0,0.0,0.0,0.0,0.0,37.250686,126.674964,37.254138,126.680626
132.69999999999592,3,NO_MOTION,FAIL,NO_MOTION,NO_MOTION,FRESH,STALE,STALE,FRESH,0,80.0,80.0,0.0,0.0,0.0,0.0,37.250686,126.674964,37.254138,126.680626
132.74999999999594,3,NO_MOTION,FAIL,NO_MOTION,NO_MOTION,FRESH,STALE,STALE,FRESH,0,80.0,80.0,0.0,0.0,0.0,0.0,37.250686,126.674964,37.254138,126.680626
132.79999999999595,3,NO_MOTION,FAIL,NO_MOTION,NO_MOTION,FRESH,STALE,STALE,STALE,0,80.0,80.0,0.0,0.0,0.0,0.0,37.250686,126.674964,37.254138,126.680626
132.84999999999596,3,NO_MOTION,FAIL,NO_MOTION,NO_MOTION,FRESH,STALE,STALE,STALE,0,80.0,80.0,0.0,0.0,0.0,0.0,37.250686,126.674964,37.254138,126.680626
132.89999999999597,3,NO_MOTION,FAIL,NO_MOTION,NO_MOTION,FRESH,STALE,STALE,STALE,0,80.0,80.0,0.0,0.0,0.0,0.0,37.250686,126.674964,37.254138,126.680626
132.94999999999598,3,NO_MOTION,FAIL,NO_MOTION,NO_MOTION,FRESH,STALE,STALE,STALE,0,80.0,80.0,0.0,0.0,0.0,0.0,37.250686,126.674964,37.254138,126.680626
132.999999999996,3,NO_MOTION,FAIL,NO_MOTION,NO_MOTION,FRESH,STALE,STALE,STALE,0,80.0,80.0,0.0,0.0,0.0,0.0,37.250686,126.674964,37.254138,126.680626
133.049999999996,3,NO_MOTION,FAIL,NO_MOTION,NO_MOTION,FRESH,STALE,STALE,STALE,0,80.0,80.0,0.0,0.0,0.0,0.0,37.250686,126.674964,37.254138,126.680626
133.09999999999602,3,NO_MOTION,FAIL,NO_MOTION,NO_MOTION,FRESH,STALE,STALE,STALE,0,80.0,80.0,0.0,0.0,0.0,0.0,37.250686,126.674964,37.254138,126.680626
133.14999999999603,3,NO_MOTION,FAIL,NO_MOTION,NO_MOTION,FRESH,STALE,STALE,STALE,0,80.0,80.0,0.0,0.0,0.0,0.0,37.250686,126.674964,37.254138,126.680626
133.19999999999604,3,NO_MOTION,FAIL,NO_MOTION,NO_MOTION,FRESH,STALE,STALE,STALE,0,80.0,80.0,0.0,0.0,0.0,0.0,37.250686,126.674964,37.254138,126.680626
133.24999999999605,3,NO_MOTION,FAIL,NO_MOTION,NO_MOTION,FRESH,STALE,STALE,STALE,0,80.0,80.0,0.0,0.0,0.0,0.0,37.250686,126.674964,37.254138,126.680626
133.29999999999606,3,ACTIVE,NOMINAL_CLOSED_LOOP,NOMINAL_CLOSED_LOOP,NONE,FRESH,FRESH,FRESH,FRESH,1,67.5,92.5,-39.902683477666024,-8.647299504671665,-6.092839930472678,559.6642678533078,37.250686,126.674964,37.254138,126.680626
133.34999999999607,3,ACTIVE,NOMINAL_CLOSED_LOOP,NOMINAL_CLOSED_LOOP,NONE,FRESH,FRESH,FRESH,FRESH,1,72.50000000000114,87.49999999999886,-39.912110777170696,-8.647299504671665,-6.092839930472678,559.6642678533078,37.250686,126.674964,37.254138,126.680626
133.39999999999608,3,ACTIVE,NOMINAL_CLOSED_LOOP,NOMINAL_CLOSED_LOOP,NONE,FRESH,FRESH,FRESH,FRESH,1,77.50000000000227,82.49999999999773,-39.92153807667537,-8.647299504671665,-6.092839930472678,559.6642678533078,37.250686,126.674964,37.254138,126.680626
133.4499999999961,3,ACTIVE,NOMINAL_CLOSED_LOOP,NOMINAL_CLOSED_LOOP,NONE,FRESH,FRESH,FRESH,FRESH,1,82.50000000000341,77.49999999999659,-39.93096537618005,-8.647299504671665,-6.092839930472678,559.6642678533078,37.250686,126.674964,37.254138,126.680626
133.4999999999961,3,ACTIVE,NOMINAL_FEEDFORWARD,NOMINAL_FEEDFORWARD,NONE,FRESH,FRESH,STALE,FRESH,1,87.00000000000443,72.99999999999557,-33.599682833173866,-7.566387066587706,-6.092839930472678,559.6642678533078,37.250686,126.674964,37.254138,126.680626
133.54999999999612,3,ACTIVE,NOMINAL_FEEDFORWARD,NOMINAL_FEEDFORWARD,NONE,FRESH,FRESH,STALE,FRESH,1,91.50000000000546,68.49999999999454,-33.599682833173866,-7.566387066587706,-6.092839930472678,559.6642678533078,37.250686,126.674964,37.254138,126.680626
133.59999999999613,3,ACTIVE,NOMINAL_FEEDFORWARD,NOMINAL_FEEDFORWARD,NONE,FRESH,FRESH,STALE,FRESH,1,96.00000000000648,63.99999999999352,-33.599682833173866,-7.566387066587706,-6.092839930472678,559.6642678533078,37.250686,126.674964,37.254138,126.680626
133.64999999999614,3,ACTIVE,NOMINAL_FEEDFORWARD,NOMINAL_FEEDFORWARD,NONE,FRESH,FRESH,STALE,FRESH,1,96.79984141658693,63.20015858341307,-33.599682833173866,-7.566387066587706,-6.092839930472678,559.6642678533078,37.250686,126.674964,37.254138,126.680626
133.69999999999615,3,ACTIVE,NOMINAL_FEEDFORWARD,NOMINAL_FEEDFORWARD,NONE,FRESH,FRESH,STALE,FRESH,1,96.79984141658693,63.20015858341307,-33.599682833173866,-7.566387066587706,-6.092839930472678,559.6642678533078,37.250686,126.674964,37.254138,126.680626
133.74999999999616,3,ACTIVE,NOMINAL_FEEDFORWARD,NOMINAL_FEEDFORWARD,NONE,FRESH,FRESH,STALE,FRESH,1,96.79984141658693,63.20015858341307,-33.599682833173866,-7.566387066587706,-6.092839930472678,559.6642678533078,37.250686,126.674964,37.254138,126.680626
133.79999999999617,3,ACTIVE,NOMINAL_FEEDFORWARD,NOMINAL_FEEDFORWARD,NONE,FRESH,FRESH,STALE,STALE,1,96.79984141658693,63.20015858341307,-33.599682833173866,-7.566387066587706,-6.092839930472678,559.6642678533078,37.250686,126.674964,37.254138,126.680626
133.8499999999962,3,ACTIVE,NOMINAL_FEEDFORWARD,NOMINAL_FEEDFORWARD,NONE,FRESH,FRESH,STALE,STALE,1,96.79984141658693,63.20015858341307,-33.599682833173866,-7.566387066587706,-6.092839930472678,559.6642678533078,37.250686,126.674964,37.254138,126.680626
133.8999999999962,3,ACTIVE,NOMINAL_FEEDFORWARD,NOMINAL_FEEDFORWARD,NONE,FRESH,FRESH,STALE,STALE,1,96.79984141658693,63.20015858341307,-33.599682833173866,-7.566387066587706,-6.092839930472678,559.6642678533078,37.250686,126.674964,37.254138,126.680626
133.9499999999962,3,ACTIVE,NOMINAL_FEEDFORWARD,NOMINAL_FEEDFORWARD,NONE,FRESH,FRESH,STALE,STALE,1,96.79984141658693,63.20015858341307,-33.599682833173866,-7.566387066587706,-6.092839930472678,559.6642678533078,37.250686,126.674964,37.254138,126.680626
133.99999999999622,3,ACTIVE,NOMINAL_FEEDFORWARD,NOMINAL_FEEDFORWARD,NONE,FRESH,FRESH,STALE,STALE,1,96.79984141658693,63.20015858341307,-33.599682833173866,-7.566387066587706,-6.092839930472678,559.6642678533078,37.250686,126.674964,37.254138,126.680626
134.04999999999623,3,ACTIVE,NOMINAL_FEEDFORWARD,NOMINAL_FEEDFORWARD,NONE,FRESH,FRESH,STALE,STALE,1,96.79984141658693,63.20015858341307,-33.599682833173866,-7.566387066587706,-6.092839930472678,559.6642678533078,37.250686,126.674964,37.254138,126.680626
134.09999999999624,3,ACTIVE,NOMINAL_FEEDFORWARD,NOMINAL_FEEDFORWARD,NONE,FRESH,FRESH,STALE,STALE,1,96.79984141658693,63.20015858341307,-33.599682833173866,-7.566387066587706,-6.092839930472678,559.6642678533078,37.250686,126.674964,37.254138,126.680626
134.14999999999625,3,ACTIVE,NOMINAL_FEEDFORWARD,NOMINAL_FEEDFORWARD,NONE,FRESH,FRESH,STALE,STALE,1,96.79984141658693,63.20015858341307,-33.599682833173866,-7.566387066587706,-6.092839930472678,559.6642678533078,37.250686,126.674964,37.254138,126.680626
134.19999999999627,3,ACTIVE,NOMINAL_FEEDFORWARD,NOMINAL_FEEDFORWARD,NONE,FRESH,FRESH,STALE,STALE,1,96.79984141658693,63.20015858341307,-33.599682833173866,-7.566387066587706,-6.092839930472678,559.6642678533078,37.250686,126.674964,37.254138,126.680626
134.24999999999628,3,ACTIVE,NOMINAL_FEEDFORWARD,NOMINAL_FEEDFORWARD,NONE,FRESH,FRESH,STALE,STALE,1,96.79984141658693,63.20015858341307,-33.599682833173866,-7.566387066587706,-6.092839930472678,559.6642678533078,37.250686,126.674964,37.254138,126.680626
134.2999999999963,3,ACTIVE,FAIL,NO_MOTION,NO_MOTION,FRESH,STALE,FRESH,FRESH,1,93.79984141658625,66.20015858341375,65.0,25.0,0.0,0.0,37.250686,126.674964,37.254138,126.680626
134.3499999999963,3,ACTIVE,FAIL,NO_MOTION,NO_MOTION,FRESH,STALE,FRESH,FRESH,1,90.79984141658556,69.20015858341444,65.0,25.0,0.0,0.0,37.250686,126.674964,37.254138,126.680626
134.3999999999963,3,ACTIVE,FAIL,NO_MOTION,NO_MOTION,FRESH,STALE,FRESH,FRESH,1,87.79984141658488,72.20015858341512,65.0,25.0,0.0,0.0,37.250686,126.674964,37.254138,126.680626
134.44999999999632,3,ACTIVE,FAIL,NO_MOTION,NO_MOTION,FRESH,STALE,FRESH,FRESH,1,84.7998414165842,75.2001585834158,65.0,25.0,0.0,0.0,37.250686,126.674964,37.254138,126.680626
134.49999999999633,3,NO_MOTION,FAIL,NO_MOTION,NO_MOTION,FRESH,STALE,STALE,FRESH,0,80.0,80.0,0.0,0.0,0.0,0.0,37.250686,126.674964,37.254138,126.680626
134.54999999999634,3,NO_MOTION,FAIL,NO_MOTION,NO_MOTION,FRESH,STALE,STALE,FRESH,0,80.0,80.0,0.0,0.0,0.0,0.0,37.250686,126.674964,37.254138,126.680626
134.59999999999636,3,NO_MOTION,FAIL,NO_MOTION,NO_MOTION,FRESH,STALE,STALE,FRESH,0,80.0,80.0,0.0,0.0,0.0,0.0,37.250686,126.674964,37.254138,126.680626
134.64999999999637,3,NO_MOTION,FAIL,NO_MOTION,NO_MOTION,FRESH,STALE,STALE,FRESH,0,80.0,80.0,0.0,0.0,0.0,0.0,37.250686,126.674964,37.254138,126.680626
134.69999999999638,3,NO_MOTION,FAIL,NO_MOTION,NO_MOTION,FRESH,STALE,STALE,FRESH,0,80.0,80.0,0.0,0.0,0.0,0.0,37.250686,126.674964,37.254138,126.680626
134.7499999999964,3,NO_MOTION,FAIL,NO_MOTION,NO_MOTION,FRESH,STALE,STALE,FRESH,0,80.0,80.0,0.0,0.0,0.0,0.0,37.250686,126.674964,37.254138,126.680626
134.7999999999964,3,NO_MOTION,FAIL,NO_MOTION,NO_MOTION,FRESH,STALE,STALE,STALE,0,80.0,80.0,0.0,0.0,0.0,0.0,37.250686,126.674964,37.254138,126.680626
134.8499999999964,3,NO_MOTION,FAIL,NO_MOTION,NO_MOTION,FRESH,STALE,STALE,STALE,0,80.0,80.0,0.0,0.0,0.0,0.0,37.250686,126.674964,37.254138,126.680626
134.89999999999642,3,NO_MOTION,FAIL,NO_MOTION,NO_MOTION,FRESH,STALE,STALE,STALE,0,80.0,80.0,0.0,0.0,0.0,0.0,37.250686,126.674964,37.254138,126.680626
134.94999999999644,3,NO_MOTION,FAIL,NO_MOTION,NO_MOTION,FRESH,STALE,STALE,STALE,0,80.0,80.0,0.0,0.0,0.0,0.0,37.250686,126.674964,37.254138,126.680626
134.99999999999645,3,NO_MOTION,FAIL,NO_MOTION,NO_MOTION,FRESH,STALE,STALE,STALE,0,80.0,80.0,0.0,0.0,0.0,0.0,37.250686,126.674964,37.254138,126.680626
135.04999999999646,3,NO_MOTION,FAIL,NO_MOTION,NO_MOTION,FRESH,STALE,STALE,STALE,0,80.0,80.0,0.0,0.0,0.0,0.0,37.250686,126.674964,37.254138,126.680626
135.09999999999647,3,NO_MOTION,FAIL,NO_MOTION,NO_MOTION,FRESH,STALE,STALE,STALE,0,80.0,80.0,0.0,0.0,0.0,0.0,37.250686,126.674964,37.254138,126.680626
135.14999999999648,3,NO_MOTION,FAIL,NO_MOTION,NO_MOTION,FRESH,STALE,STALE,STALE,0,80.0,80.0,0.0,0.0,0.0,0.0,37.250686,126.674964,37.254138,126.680626
135.1999999999965,3,NO_MOTION,FAIL,NO_MOTION,NO_MOTION,FRESH,STALE,STALE,STALE,0,80.0,80.0,0.0,0.0,0.0,0.0,37.250686,126.674964,37.254138,126.680626
135.2499999999965,3,NO_MOTION,FAIL,NO_MOTION,NO_MOTION,FRESH,STALE,STALE,STALE,0,80.0,80.0,0.0,0.0,0.0,0.0,37.250686,126.674964,37.254138,126.680626
135.29999999999652,3,ACTIVE,NOMINAL_CLOSED_LOOP,NOMINAL_CLOSED_LOOP,NONE,FRESH,FRESH,FRESH,FRESH,1,101.49097058921527,58.509029410784734,-42.98194117843053,-9.777853764890875,-1.7237103039203134,582.7409540500032,37.250686,126.674964,37.254138,126.680626
135.34999999999653,3,ACTIVE,NOMINAL_CLOSED_LOOP,NOMINAL_CLOSED_LOOP,NONE,FRESH,FRESH,FRESH,FRESH,1,101.49579951609772,58.50420048390229,-42.991599032195424,-9.777853764890875,-1.7237103039203134,582.7409540500032,37.250686,126.674964,37.254138,126.680626
135.39999999999654,3,ACTIVE,NOMINAL_CLOSED_LOOP,NOMINAL_CLOSED_LOOP,NONE,FRESH,FRESH,FRESH,FRESH,1,101.50062844298016,58.49937155701984,-43.001256885960316,-9.777853764890875,-1.7237103039203134,582.7409540500032,37.250686,126.674964,37.254138,126.680626
135.44999999999655,3,ACTIVE,NOMINAL_CLOSED_LOOP,NOMINAL_CLOSED_LOOP,NONE,FRESH,FRESH,FRESH,FRESH,1,101.5054573698626,58.494542630137396,-43.01091473972521,-9.777853764890875,-1.7237103039203134,582.7409540500032,37.250686,126.674964,37.254138,126.680626
135.49999999999656,3,ACTIVE,NOMINAL_FEEDFORWARD,NOMINAL_FEEDFORWARD,NONE,FRESH,FRESH,STALE,FRESH,1,98.12196133790587,61.87803866209413,-36.243922675811746,-8.555622044279515,-1.7237103039203134,582.7409540500032,37.250686,126.674964,37.254138,126.680626
135.54999999999657,3,ACTIVE,NOMINAL_FEEDFORWARD,NOMINAL_FEEDFORWARD,NONE,FRESH,FRESH,STALE,FRESH,1,98.12196133790587,61.87803866209413,-36.243922675811746,-8.555622044279515,-1.7237103039203134,582.7409540500032,37.250686,126.674964,37.254138,126.680626
135.59999999999658,3,ACTIVE,NOMINAL_FEEDFORWARD,NOMINAL_FEEDFORWARD,NONE,FRESH,FRESH,STALE,FRESH,1,98.12196133790587,61.87803866209413,-36.243922675811746,-8.555622044279515,-1.7237103039203134,582.7409540500032,37.250686,126.674964,37.254138,126.680626
135.6499999999966,3,ACTIVE,NOMINAL_FEEDFORWARD,NOMINAL_FEEDFORWARD,NONE,FRESH,FRESH,STALE,FRESH,1,98.12196133790587,61.87803866209413,-36.243922675811746,-8.555622044279515,-1.7237103039203134,582.7409540500032,37.250686,126.674964,37.254138,126.680626
135.6999999999966,3,ACTIVE,NOMINAL_FEEDFORWARD,NOMINAL_FEEDFORWARD,NONE,FRESH,FRESH,STALE,FRESH,1,98.12196133790587,61.87803866209413,-36.243922675811746,-8.555622044279515,-1.7237103039203134,582.7409540500032,37.250686,126.674964,37.254138,126.680626
135.74999999999662,3,ACTIVE,NOMINAL_FEEDFORWARD,NOMINAL_FEEDFORWARD,NONE,FRESH,FRESH,STALE,FRESH,1,98.12196133790587,61.87803866209413,-36.243922675811746,-8.555622044279515,-1.7237103039203134,582.7409540500032,37.250686,126.674964,37.254138,126.680626
135.79999999999663,3,ACTIVE,NOMINAL_FEEDFORWARD,NOMINAL_FEEDFORWARD,NONE,FRESH,FRESH,STALE,STALE,1,98.12196133790587,61.87803866209413,-36.243922675811746,-8.555622044279515,-1.7237103039203134,582.7409540500032,37.250686,126.674964,37.254138,126.680626
135.84999999999664,3,ACTIVE,NOMINAL_FEEDFORWARD,NOMINAL_FEEDFORWARD,NONE,FRESH,FRESH,STALE,STALE,1,98.12196133790587,61.87803866209413,-36.243922675811746,-8.555622044279515,-1.7237103039203134,582.7409540500032,37.250686,126.674964,37.254138,126.680626
135.89999999999665,3,ACTIVE,NOMINAL_FEEDFORWARD,NOMINAL_FEEDFORWARD,NONE,FRESH,FRESH,STALE,STALE,1,98.12196133790587,61.87803866209413,-36.243922675811746,-8.555622044279515,-1.7237103039203134,582.7409540500032,37.250686,126.674964,37.254138,126.680626
135.94999999999666,3,ACTIVE,NOMINAL_FEEDFORWARD,NOMINAL_FEEDFORWARD,NONE,FRESH,FRESH,STALE,STALE,1,98.12196133790587,61.87803866209413,-36.243922675811746,-8.555622044279515,-1.7237103039203134,582.7409540500032,37.250686,126.674964,37.254138,126.680626
135.99999999999667,3,ACTIVE,NOMINAL_FEEDFORWARD,NOMINAL_FEEDFORWARD,NONE,FRESH,FRESH,STALE,STALE,1,98.12196133790587,61.87803866209413,-36.243922675811746,-8.555622044279515,-1.7237103039203134,582.7409540500032,37.250686,126.674964,37.254138,126.680626
136.0499999999967,3,ACTIVE,NOMINAL_FEEDFORWARD,NOMINAL_FEEDFORWARD,NONE,FRESH,FRESH,STALE,STALE,1,98.12196133790587,61.87803866209413,-36.243922675811746,-8.555622044279515,-1.7237103039203134,582.7409540500032,37.250686,126.674964,37.254138,126.680626
136.0999999999967,3,ACTIVE,NOMINAL_FEEDFORWARD,NOMINAL_FEEDFORWARD,NONE,FRESH,FRESH,STALE,STALE,1,98.12196133790587,61.87803866209413,-36.243922675811746,-8.555622044279515,-1.7237103039203134,582.7409540500032,37.250686,126.674964,37.254138,126.680626
136.1499999999967,3,ACTIVE,NOMINAL_FEEDFORWARD,NOMINAL_FEEDFORWARD,NONE,FRESH,FRESH,STALE,STALE,1,98.12196133790587,61.87803866209413,-36.243922675811746,-8.555622044279515,-1.7237103039203134,582.7409540500032,37.250686,126.674964,37.254138,126.680626
136.19999999999672,3,ACTIVE,NOMINAL_FEEDFORWARD,NOMINAL_FEEDFORWARD,NONE,FRESH,FRESH,STALE,STALE,1,98.12196133790587,61.87803866209413,-36.243922675811746,-8.555622044279515,-1.7237103039203134,582.7409540500032,37.250686,126.674964,37.254138,126.680626
136.24999999999673,3,ACTIVE,NOMINAL_FEEDFORWARD,NOMINAL_FEEDFORWARD,NONE,FRESH,FRESH,STALE,STALE,1,98.12196133790587,61.87803866209413,-36.243922675811746,-8.555622044279515,-1.7237103039203134,582.7409540500032,37.250686,126.674964,37.254138,126.680626
136.29999999999674,3,ACTIVE,FAIL,NO_MOTION,NO_MOTION,FRESH,STALE,FRESH,FRESH,1,101.12196133790655,58.878038662093445,-65.0,-25.0,0.0,0.0,37.250686,126.674964,37.254138,126.680626
136.34999999999675,3,ACTIVE,FAIL,NO_MOTION,NO_MOTION,FRESH,STALE,FRESH,FRESH,1,104.12196133790724,55.87803866209276,-65.0,-25.0,0.0,0.0,37.250686,126.674964,37.254138,126.680626
136.39999999999677,3,ACTIVE,FAIL,NO_MOTION,NO_MOTION,FRESH,STALE,FRESH,FRESH,1,107.12196133790792,52.87803866209208,-65.0,-25.0,0.0,0.0,37.250686,126.674964,37.254138,126.680626
136.44999999999678,3,ACTIVE,FAIL,NO_MOTION,NO_MOTION,FRESH,STALE,FRESH,FRESH,1,110.1219613379086,49.8780386620914,-65.0,-25.0,0.0,0.0,37.250686,126.674964,37.254138,126.680626
136.4999999999968,3,NO_MOTION,FAIL,NO_MOTION,NO_MOTION,FRESH,STALE,STALE,FRESH,0,80.0,80.0,0.0,0.0,0.0,0.0,37.250686,126.674964,37.254138,126.680626
136.5499999999968,3,NO_MOTION,FAIL,NO_MOTION,NO_MOTION,FRESH,STALE,STALE,FRESH,0,80.0,80.0,0.0,0.0,0.0,0.0,37.250686,126.674964,37.254138,126.680626
136.5999999999968,3,NO_MOTION,FAIL,NO_MOTION,NO_MOTION,FRESH,STALE,STALE,FRESH,0,80.0,80.0,0.0,0.0,0.0,0.0,37.250686,126.674964,37.254138,126.680626
136.64999999999682,3,NO_MOTION,FAIL,NO_MOTION,NO_MOTION,FRESH,STALE,STALE,FRESH,0,80.0,80.0,0.0,0.0,0.0,0.0,37.250686,126.674964,37.254138,126.680626
136.69999999999683,3,NO_MOTION,FAIL,NO_MOTION,NO_MOTION,FRESH,STALE,STALE,FRESH,0,80.0,80.0,0.0,0.0,0.0,0.0,37.250686,126.674964,37.254138,126.680626
136.74999999999685,3,NO_MOTION,FAIL,NO_MOTION,NO_MOTION,FRESH,STALE,STALE,FRESH,0,80.0,80.0,0.0,0.0,0.0,0.0,37.250686,126.674964,37.254138,126.680626
136.79999999999686,3,NO_MOTION,FAIL,NO_MOTION,NO_MOTION,FRESH,STALE,STALE,STALE,0,80.0,80.0,0.0,0.0,0.0,0.0,37.250686,126.674964,37.254138,126.680626
136.84999999999687,3,NO_MOTION,FAIL,NO_MOTION,NO_MOTION,FRESH,STALE,STALE,STALE,0,80.0,80.0,0.0,0.0,0.0,0.0,37.250686,126.674964,37.254138,126.680626
136.89999999999688,3,NO_MOTION,FAIL,NO_MOTION,NO_MOTION,FRESH,STALE,STALE,STALE,0,80.0,80.0,0.0,0.0,0.0,0.0,37.250686,126.674964,37.254138,126.680626
136.9499999999969,3,NO_MOTION,FAIL,NO_MOTION,NO_MOTION,FRESH,STALE,STALE,STALE,0,80.0,80.0,0.0,0.0,0.0,0.0,37.250686,126.674964,37.254138,126.680626
136.9999999999969,3,NO_MOTION,FAIL,NO_MOTION,NO_MOTION,FRESH,STALE,STALE,STALE,0,80.0,80.0,0.0,0.0,0.0,0.0,37.250686,126.674964,37.254138,126.680626
137.0499999999969,3,NO_MOTION,FAIL,NO_MOTION,NO_MOTION,FRESH,STALE,STALE,STALE,0,80.0,80.0,0.0,0.0,0.0,0.0,37.250686,126.674964,37.254138,126.680626
137.09999999999692,3,NO_MOTION,FAIL,NO_MOTION,NO_MOTION,FRESH,STALE,STALE,STALE,0,80.0,80.0,0.0,0.0,0.0,0.0,37.250686,126.674964,37.254138,126.680626
137.14999999999694,3,NO_MOTION,FAIL,NO_MOTION,NO_MOTION,FRESH,STALE,STALE,STALE,0,80.0,80.0,0.0,0.0,0.0,0.0,37.250686,126.674964,37.254138,126.680626
137.19999999999695,3,NO_MOTION,FAIL,NO_MOTION,NO_MOTION,FRESH,STALE,STALE,STALE,0,80.0,80.0,0.0,0.0,0.0,0.0,37.250686,126.674964,37.254138,126.680626
137.24999999999696,3,NO_MOTION,FAIL,NO_MOTION,NO_MOTION,FRESH,STALE,STALE,STALE,0,80.0,80.0,0.0,0.0,0.0,0.0,37.250686,126.674964,37.254138,126.680626
137.29999999999697,3,ACTIVE,NOMINAL_CLOSED_LOOP,NOMINAL_CLOSED_LOOP,NONE,FRESH,FRESH,FRESH,FRESH,1,93.78768945040768,66.21231054959232,-27.57537890081536,-4.793980953179989,-0.24577659925768103,601.677168369296,37.250686,126.674964,37.254138,126.680626
137.34999999999698,3,ACTIVE,NOMINAL_CLOSED_LOOP,NOMINAL_CLOSED_LOOP,NONE,FRESH,FRESH,FRESH,FRESH,1,93.79010144088427,66.20989855911573,-27.58020288176854,-4.793980953179989,-0.24577659925768103,601.677168369296,37.250686,126.674964,37.254138,126.680626
137.399999999997,3,ACTIVE,NOMINAL_CLOSED_LOOP,NOMINAL_CLOSED_LOOP,NONE,FRESH,FRESH,FRESH,FRESH,1,93.79251343136086,66.20748656863914,-27.58502686272172,-4.793980953179989,-0.24577659925768103,601.677168369296,37.250686,126.674964,37.254138,126.680626
137.449999999997,3,ACTIVE,NOMINAL_CLOSED_LOOP,NOMINAL_CLOSED_LOOP,NONE,FRESH,FRESH,FRESH,FRESH,1,93.79492542183745,66.20507457816255,-27.589850843674903,-4.793980953179989,-0.24577659925768103,601.677168369296,37.250686,126.674964,37.254138,126.680626
137.49999999999702,3,ACTIVE,NOMINAL_FEEDFORWARD,NOMINAL_FEEDFORWARD,NONE,FRESH,FRESH,STALE,FRESH,1,92.8848640908023,67.1151359091977,-25.769728181604606,-4.793980953179989,-0.24577659925768103,601.677168369296,37.250686,126.674964,37.254138,126.680626
137.54999999999703,3,ACTIVE,NOMINAL_FEEDFORWARD,NOMINAL_FEEDFORWARD,NONE,FRESH,FRESH,STALE,FRESH,1,92.8848640908023,67.1151359091977,-25.769728181604606,-4.793980953179989,-0.24577659925768103,601.677168369296,37.250686,126.674964,37.254138,126.680626
137.59999999999704,3,ACTIVE,NOMINAL_FEEDFORWARD,NOMINAL_FEEDFORWARD,NONE,FRESH,FRESH,STALE,FRESH,1,92.8848640908023,67.1151359091977,-25.769728181604606,-4.793980953179989,-0.24577659925768103,601.677168369296,37.250686,126.674964,37.254138,126.680626
137.64999999999705,3,ACTIVE,NOMINAL_FEEDFORWARD,NOMINAL_FEEDFORWARD,NONE,FRESH,FRESH,STALE,FRESH,1,92.8848640908023,67.1151359091977,-25.769728181604606,-4.793980953179989,-0.24577659925768103,601.677168369296,37.250686,126.674964,37.254138,126.680626
137.69999999999706,3,ACTIVE,NOMINAL_FEEDFORWARD,NOMINAL_FEEDFORWARD,NONE,FRESH,FRESH,STALE,FRESH,1,92.8848640908023,67.1151359091977,-25.769728181604606,-4.793980953179989,-0.24577659925768103,601.677168369296,37.250686,126.674964,37.254138,126.680626
137.74999999999707,3,ACTIVE,NOMINAL_FEEDFORWARD,NOMINAL_FEEDFORWARD,NONE,FRESH,FRESH,STALE,FRESH,1,92.8848640908023,67.1151359091977,-25.769728181604606,-4.793980953179989,-0.24577659925768103,601.677168369296,37.250686,126.674964,37.254138,126.680626
137.79999999999708,3,ACTIVE,NOMINAL_FEEDFORWARD,NOMINAL_FEEDFORWARD,NONE,FRESH,FRESH,STALE,STALE,1,92.8848640908023,67.1151359091977,-25.769728181604606,-4.793980953179989,-0.24577659925768103,601.677168369296,37.250686,126.674964,37.254138,126.680626
137.8499999999971,3,ACTIVE,NOMINAL_FEEDFORWARD,NOMINAL_FEEDFORWARD,NONE,FRESH,FRESH,STALE,STALE,1,92.8848640908023,67.1151359091977,-25.769728181604606,-4.793980953179989,-0.24577659925768103,601.677168369296,37.250686,126.674964,37.254138,126.680626
137.8999999999971,3,ACTIVE,NOMINAL_FEEDFORWARD,NOMINAL_FEEDFORWARD,NONE,FRESH,FRESH,STALE,STALE,1,92.8848640908023,67.1151359091977,-25.769728181604606,-4.793980953179989,-0.24577659925768103,601.677168369296,37.250686,126.674964,37.254138,126.680626
137.94999999999712,3,ACTIVE,NOMINAL_FEEDFORWARD,NOMINAL_FEEDFORWARD,NONE,FRESH,FRESH,STALE,STALE,1,92.8848640908023,67.1151359091977,-25.769728181604606,-4.793980953179989,-0.24577659925768103,601.677168369296,37.250686,126.674964,37.254138,126.680626
137.99999999999713,3,ACTIVE,NOMINAL_FEEDFORWARD,NOMINAL_FEEDFORWARD,NONE,FRESH,FRESH,STALE,STALE,1,92.8848640908023,67.1151359091977,-25.769728181604606,-4.793980953179989,-0.24577659925768103,601.677168369296,37.250686,126.674964,37.254138,126.680626
138.04999999999714,3,ACTIVE,NOMINAL_FEEDFORWARD,NOMINAL_FEEDFORWARD,NONE,FRESH,FRESH,STALE,STALE,1,92.8848640908023,67.1151359091977,-25.769728181604606,-4.793980953179989,-0.24577659925768103,601.677168369296,37.250686,126.674964,37.254138,126.680626
138.09999999999715,3,ACTIVE,NOMINAL_FEEDFORWARD,NOMINAL_FEEDFORWARD,NONE,FRESH,FRESH,STALE,STALE,1,92.8848640908023,67.1151359091977,-25.769728181604606,-4.793980953179989,-0.24577659925768103,601.677168369296,37.250686,126.674964,37.254138,126.680626
138.14999999999716,3,ACTIVE,NOMINAL_FEEDFORWARD,NOMINAL_FEEDFORWARD,NONE,FRESH,FRESH,STALE,STALE,1,92.8848640908023,67.1151359091977,-25.769728181604606,-4.793980953179989,-0.24577659925768103,601.677168369296,37.250686,126.674964,37.254138,126.680626
138.19999999999717,3,ACTIVE,NOMINAL_FEEDFORWARD,NOMINAL_FEEDFORWARD,NONE,FRESH,FRESH,STALE,STALE,1,92.8848640908023,67.1151359091977,-25.769728181604606,-4.793980953179989,-0.24577659925768103,601.677168369296,37.250686,126.674964,37.254138,126.680626
138.2499999999972,3,ACTIVE,NOMINAL_FEEDFORWARD,NOMINAL_FEEDFORWARD,NONE,FRESH,FRESH,STALE,STALE,1,92.8848640908023,67.1151359091977,-25.769728181604606,-4.793980953179989,-0.24577659925768103,601.677168369296,37.250686,126.674964,37.254138,126.680626
138.2999999999972,3,ACTIVE,FAIL,NO_MOTION,NO_MOTION,FRESH,STALE,FRESH,FRESH,1,95.88486409080298,64.11513590919702,-65.0,-25.0,0.0,0.0,37.250686,126.674964,37.254138,126.680626
138.3499999999972,3,ACTIVE,FAIL,NO_MOTION,NO_MOTION,FRESH,STALE,FRESH,FRESH,1,98.88486409080366,61.11513590919634,-65.0,-25.0,0.0,0.0,37.250686,126.674964,37.254138,126.680626
138.39999999999722,3,ACTIVE,FAIL,NO_MOTION,NO_MOTION,FRESH,STALE,FRESH,FRESH,1,101.88486409080434,58.11513590919566,-65.0,-25.0,0.0,0.0,37.250686,126.674964,37.254138,126.680626
138.44999999999723,3,ACTIVE,FAIL,NO_MOTION,NO_MOTION,FRESH,STALE,FRESH,FRESH,1,104.88486409080502,55.115135909194976,-65.0,-25.0,0.0,0.0,37.250686,126.674964,37.254138,126.680626
138.49999999999724,3,NO_MOTION,FAIL,NO_MOTION,NO_MOTION,FRESH,STALE,STALE,FRESH,0,80.0,80.0,0.0,0.0,0.0,0.0,37.250686,126.674964,37.254138,126.680626
138.54999999999725,3,NO_MOTION,FAIL,NO_MOTION,NO_MOTION,FRESH,STALE,STALE,FRESH,0,80.0,80.0,0.0,0.0,0.0,0.0,37.250686,126.674964,37.254138,126.680626
138.59999999999727,3,NO_MOTION,FAIL,NO_MOTION,NO_MOTION,FRESH,STALE,STALE,FRESH,0,80.0,80.0,0.0,0.0,0.0,0.0,37.250686,126.674964,37.254138,126.680626
138.64999999999728,3,NO_MOTION,FAIL,NO_MOTION,NO_MOTION,FRESH,STALE,STALE,FRESH,0,80.0,80.0,0.0,0.0,0.0,0.0,37.250686,126.674964,37.254138,126.680626
138.6999999999973,3,NO_MOTION,FAIL,NO_MOTION,NO_MOTION,FRESH,STALE,STALE,FRESH,0,80.0,80.0,0.0,0.0,0.0,0.0,37.250686,126.674964,37.254138,126.680626
138.7499999999973,3,NO_MOTION,FAIL,NO_MOTION,NO_MOTION,FRESH,STALE,STALE,FRESH,0,80.0,80.0,0.0,0.0,0.0,0.0,37.250686,126.674964,37.254138,126.680626
138.7999999999973,3,NO_MOTION,FAIL,NO_MOTION,NO_MOTION,FRESH,STALE,STALE,STALE,0,80.0,80.0,0.0,0.0,0.0,0.0,37.250686,126.674964,37.254138,126.680626
138.84999999999732,3,NO_MOTION,FAIL,NO_MOTION,NO_MOTION,FRESH,STALE,STALE,STALE,0,80.0,80.0,0.0,0.0,0.0,0.0,37.250686,126.674964,37.254138,126.680626
138.89999999999733,3,NO_MOTION,FAIL,NO_MOTION,NO_MOTION,FRESH,STALE,STALE,STALE,0,80.0,80.0,0.0,0.0,0.0,0.0,37.250686,126.674964,37.254138,126.680626
138.94999999999735,3,NO_MOTION,FAIL,NO_MOTION,NO_MOTION,FRESH,STALE,STALE,STALE,0,80.0,80.0,0.0,0.0,0.0,0.0,37.250686,126.674964,37.254138,126.680626
138.99999999999736,3,NO_MOTION,FAIL,NO_MOTION,NO_MOTION,FRESH,STALE,STALE,STALE,0,80.0,80.0,0.0,0.0,0.0,0.0,37.250686,126.674964,37.254138,126.680626
139.04999999999737,3,NO_MOTION,FAIL,NO_MOTION,NO_MOTION,FRESH,STALE,STALE,STALE,0,80.0,80.0,0.0,0.0,0.0,0.0,37.250686,126.674964,37.254138,126.680626
139.09999999999738,3,NO_MOTION,FAIL,NO_MOTION,NO_MOTION,FRESH,STALE,STALE,STALE,0,80.0,80.0,0.0,0.0,0.0,0.0,37.250686,126.674964,37.254138,126.680626
139.1499999999974,3,NO_MOTION,FAIL,NO_MOTION,NO_MOTION,FRESH,STALE,STALE,STALE,0,80.0,80.0,0.0,0.0,0.0,0.0,37.250686,126.674964,37.254138,126.680626
139.1999999999974,3,NO_MOTION,FAIL,NO_MOTION,NO_MOTION,FRESH,STALE,STALE,STALE,0,80.0,80.0,0.0,0.0,0.0,0.0,37.250686,126.674964,37.254138,126.680626
139.2499999999974,3,NO_MOTION,FAIL,NO_MOTION,NO_MOTION,FRESH,STALE,STALE,STALE,0,80.0,80.0,0.0,0.0,0.0,0.0,37.250686,126.674964,37.254138,126.680626
139.29999999999742,3,ACTIVE,FAIL,NO_MOTION,NO_MOTION,FRESH,STALE,FRESH,FRESH,1,112.5,47.5,-65.0,-25.0,0.0,0.0,37.250686,126.674964,37.254138,126.680626
139.34999999999744,3,ACTIVE,FAIL,NO_MOTION,NO_MOTION,FRESH,STALE,FRESH,FRESH,1,112.5,47.5,-65.0,-25.0,0.0,0.0,37.250686,126.674964,37.254138,126.680626
139.39999999999745,3,ACTIVE,FAIL,NO_MOTION,NO_MOTION,FRESH,STALE,FRESH,FRESH,1,112.5,47.5,-65.0,-25.0,0.0,0.0,37.250686,126.674964,37.254138,126.680626
139.44999999999746,3,ACTIVE,FAIL,NO_MOTION,NO_MOTION,FRESH,STALE,FRESH,FRESH,1,112.5,47.5,-65.0,-25.0,0.0,0.0,37.250686,126.674964,37.254138,126.680626
139.49999999999747,3,NO_MOTION,FAIL,NO_MOTION,NO_MOTION,FRESH,STALE,STALE,FRESH,0,80.0,80.0,0.0,0.0,0.0,0.0,37.250686,126.674964,37.254138,126.680626
139.54999999999748,3,NO_MOTION,FAIL,NO_MOTION,NO_MOTION,FRESH,STALE,STALE,FRESH,0,80.0,80.0,0.0,0.0,0.0,0.0,37.250686,126.674964,37.254138,126.680626
139.5999999999975,3,NO_MOTION,FAIL,NO_MOTION,NO_MOTION,FRESH,STALE,STALE,FRESH,0,80.0,80.0,0.0,0.0,0.0,0.0,37.250686,126.674964,37.254138,126.680626
139.6499999999975,3,NO_MOTION,FAIL,NO_MOTION,NO_MOTION,FRESH,STALE,STALE,FRESH,0,80.0,80.0,0.0,0.0,0.0,0.0,37.250686,126.674964,37.254138,126.680626
139.69999999999752,3,NO_MOTION,FAIL,NO_MOTION,NO_MOTION,FRESH,STALE,STALE,FRESH,0,80.0,80.0,0.0,0.0,0.0,0.0,37.250686,126.674964,37.254138,126.680626
139.74999999999753,3,NO_MOTION,FAIL,NO_MOTION,NO_MOTION,FRESH,STALE,STALE,FRESH,0,80.0,80.0,0.0,0.0,0.0,0.0,37.250686,126.674964,37.254138,126.680626
139.79999999999754,3,NO_MOTION,FAIL,NO_MOTION,NO_MOTION,FRESH,STALE,STALE,STALE,0,80.0,80.0,0.0,0.0,0.0,0.0,37.250686,126.674964,37.254138,126.680626
139.84999999999755,3,NO_MOTION,FAIL,NO_MOTION,NO_MOTION,FRESH,STALE,STALE,STALE,0,80.0,80.0,0.0,0.0,0.0,0.0,37.250686,126.674964,37.254138,126.680626
139.89999999999756,3,NO_MOTION,FAIL,NO_MOTION,NO_MOTION,FRESH,STALE,STALE,STALE,0,80.0,80.0,0.0,0.0,0.0,0.0,37.250686,126.674964,37.254138,126.680626
139.94999999999757,3,NO_MOTION,FAIL,NO_MOTION,NO_MOTION,FRESH,STALE,STALE,STALE,0,80.0,80.0,0.0,0.0,0.0,0.0,37.250686,126.674964,37.254138,126.680626
139.99999999999758,3,NO_MOTION,FAIL,NO_MOTION,NO_MOTION,FRESH,STALE,STALE,STALE,0,80.0,80.0,0.0,0.0,0.0,0.0,37.250686,126.674964,37.254138,126.680626
140.0499999999976,3,NO_MOTION,FAIL,NO_MOTION,NO_MOTION,FRESH,STALE,STALE,STALE,0,80.0,80.0,0.0,0.0,0.0,0.0,37.250686,126.674964,37.254138,126.680626
140.0999999999976,3,NO_MOTION,FAIL,NO_MOTION,NO_MOTION,FRESH,STALE,STALE,STALE,0,80.0,80.0,0.0,0.0,0.0,0.0,37.250686,126.674964,37.254138,126.680626
140.14999999999762,3,NO_MOTION,FAIL,NO_MOTION,NO_MOTION,FRESH,STALE,STALE,STALE,0,80.0,80.0,0.0,0.0,0.0,0.0,37.250686,126.674964,37.254138,126.680626
140.19999999999763,3,NO_MOTION,FAIL,NO_MOTION,NO_MOTION,FRESH,STALE,STALE,STALE,0,80.0,80.0,0.0,0.0,0.0,0.0,37.250686,126.674964,37.254138,126.680626
140.24999999999764,3,NO_MOTION,FAIL,NO_MOTION,NO_MOTION,FRESH,STALE,STALE,STALE,0,80.0,80.0,0.0,0.0,0.0,0.0,37.250686,126.674964,37.254138,126.680626
140.29999999999765,3,ACTIVE,NOMINAL_CLOSED_LOOP,NOMINAL_CLOSED_LOOP,NONE,FRESH,FRESH,FRESH,FRESH,1,92.5,67.5,-0.01823325482700413,-0.5594203184442726,0.0,631.2567683015618,37.250686,126.674964,37.254138,126.680626
140.34999999999766,3,ACTIVE,NOMINAL_CLOSED_LOOP,NOMINAL_CLOSED_LOOP,NONE,FRESH,FRESH,FRESH,FRESH,1,87.49999999999886,72.50000000000114,-0.01823325482700413,-0.5594203184442726,0.0,631.2567683015618,37.250686,126.674964,37.254138,126.680626
140.39999999999768,3,ACTIVE,NOMINAL_CLOSED_LOOP,NOMINAL_CLOSED_LOOP,NONE,FRESH,FRESH,FRESH,FRESH,1,82.49999999999773,77.50000000000227,-0.01823325482700413,-0.5594203184442726,0.0,631.2567683015618,37.250686,126.674964,37.254138,126.680626
140.4499999999977,3,ACTIVE,NOMINAL_CLOSED_LOOP,NOMINAL_CLOSED_LOOP,NONE,FRESH,FRESH,FRESH,FRESH,1,80.0091166274135,79.9908833725865,-0.01823325482700413,-0.5594203184442726,0.0,631.2567683015618,37.250686,126.674964,37.254138,126.680626
140.4999999999977,3,ACTIVE,NOMINAL_FEEDFORWARD,NOMINAL_FEEDFORWARD,NONE,FRESH,FRESH,STALE,FRESH,1,80.0,80.0,0.0,-0.5594203184442726,0.0,631.2567683015618,37.250686,126.674964,37.254138,126.680626
140.5499999999977,3,ACTIVE,NOMINAL_FEEDFORWARD,NOMINAL_FEEDFORWARD,NONE,FRESH,FRESH,STALE,FRESH,1,80.0,80.0,0.0,-0.5594203184442726,0.0,631.2567683015618,37.250686,126.674964,37.254138,126.680626
140.59999999999772,3,ACTIVE,NOMINAL_FEEDFORWARD,NOMINAL_FEEDFORWARD,NONE,FRESH,FRESH,STALE,FRESH,1,80.0,80.0,0.0,-0.5594203184442726,0.0,631.2567683015618,37.250686,126.674964,37.254138,126.680626
140.64999999999773,3,ACTIVE,NOMINAL_FEEDFORWARD,NOMINAL_FEEDFORWARD,NONE,FRESH,FRESH,STALE,FRESH,1,80.0,80.0,0.0,-0.5594203184442726,0.0,631.2567683015618,37.250686,126.674964,37.254138,126.680626
140.69999999999774,3,ACTIVE,NOMINAL_FEEDFORWARD,NOMINAL_FEEDFORWARD,NONE,FRESH,FRESH,STALE,FRESH,1,80.0,80.0,0.0,-0.5594203184442726,0.0,631.2567683015618,37.250686,126.674964,37.254138,126.680626
140.74999999999775,3,ACTIVE,NOMINAL_FEEDFORWARD,NOMINAL_FEEDFORWARD,NONE,FRESH,FRESH,STALE,FRESH,1,80.0,80.0,0.0,-0.5594203184442726,0.0,631.2567683015618,37.250686,126.674964,37.254138,126.680626
140.79999999999777,3,ACTIVE,NOMINAL_FEEDFORWARD,NOMINAL_FEEDFORWARD,NONE,FRESH,FRESH,STALE,STALE,1,80.0,80.0,0.0,-0.5594203184442726,0.0,631.2567683015618,37.250686,126.674964,37.254138,126.680626
140.84999999999778,3,ACTIVE,NOMINAL_FEEDFORWARD,NOMINAL_FEEDFORWARD,NONE,FRESH,FRESH,STALE,STALE,1,80.0,80.0,0.0,-0.5594203184442726,0.0,631.2567683015618,37.250686,126.674964,37.254138,126.680626
140.8999999999978,3,ACTIVE,NOMINAL_FEEDFORWARD,NOMINAL_FEEDFORWARD,NONE,FRESH,FRESH,STALE,STALE,1,80.0,80.0,0.0,-0.5594203184442726,0.0,631.2567683015618,37.250686,126.674964,37.254138,126.680626
140.9499999999978,3,ACTIVE,NOMINAL_FEEDFORWARD,NOMINAL_FEEDFORWARD,NONE,FRESH,FRESH,STALE,STALE,1,80.0,80.0,0.0,-0.5594203184442726,0.0,631.2567683015618,37.250686,126.674964,37.254138,126.680626
140.9999999999978,3,ACTIVE,NOMINAL_FEEDFORWARD,NOMINAL_FEEDFORWARD,NONE,FRESH,FRESH,STALE,STALE,1,80.0,80.0,0.0,-0.5594203184442726,0.0,631.2567683015618,37.250686,126.674964,37.254138,126.680626
141.04999999999782,3,ACTIVE,NOMINAL_FEEDFORWARD,NOMINAL_FEEDFORWARD,NONE,FRESH,FRESH,STALE,STALE,1,80.0,80.0,0.0,-0.5594203184442726,0.0,631.2567683015618,37.250686,126.674964,37.254138,126.680626
141.09999999999783,3,ACTIVE,NOMINAL_FEEDFORWARD,NOMINAL_FEEDFORWARD,NONE,FRESH,FRESH,STALE,STALE,1,80.0,80.0,0.0,-0.5594203184442726,0.0,631.2567683015618,37.250686,126.674964,37.254138,126.680626
141.14999999999785,3,ACTIVE,NOMINAL_FEEDFORWARD,NOMINAL_FEEDFORWARD,NONE,FRESH,FRESH,STALE,STALE,1,80.0,80.0,0.0,-0.5594203184442726,0.0,631.2567683015618,37.250686,126.674964,37.254138,126.680626
141.19999999999786,3,ACTIVE,NOMINAL_FEEDFORWARD,NOMINAL_FEEDFORWARD,NONE,FRESH,FRESH,STALE,STALE,1,80.0,80.0,0.0,-0.5594203184442726,0.0,631.2567683015618,37.250686,126.674964,37.254138,126.680626
141.24999999999787,3,ACTIVE,NOMINAL_FEEDFORWARD,NOMINAL_FEEDFORWARD,NONE,FRESH,FRESH,STALE,STALE,1,80.0,80.0,0.0,-0.5594203184442726,0.0,631.2567683015618,37.250686,126.674964,37.254138,126.680626
141.29999999999788,4,ACTIVE,FAIL,NO_MOTION,NO_MOTION,FRESH,STALE,FRESH,FRESH,1,76.99999999999932,83.00000000000068,65.0,25.0,0.0,0.0,37.250686,126.674964,37.254138,126.680626
141.3499999999979,4,ACTIVE,FAIL,NO_MOTION,NO_MOTION,FRESH,STALE,FRESH,FRESH,1,73.99999999999864,86.00000000000136,65.0,25.0,0.0,0.0,37.250686,126.674964,37.254138,126.680626
141.3999999999979,4,ACTIVE,FAIL,NO_MOTION,NO_MOTION,FRESH,STALE,FRESH,FRESH,1,70.99999999999795,89.00000000000205,65.0,25.0,0.0,0.0,37.250686,126.674964,37.254138,126.680626
141.4499999999979,4,ACTIVE,FAIL,NO_MOTION,NO_MOTION,FRESH,STALE,FRESH,FRESH,1,67.99999999999727,92.00000000000273,65.0,25.0,0.0,0.0,37.250686,126.674964,37.254138,126.680626
141.49999999999793,4,NO_MOTION,FAIL,NO_MOTION,NO_MOTION,FRESH,STALE,STALE,FRESH,0,80.0,80.0,0.0,0.0,0.0,0.0,37.250686,126.674964,37.254138,126.680626
141.54999999999794,4,NO_MOTION,FAIL,NO_MOTION,NO_MOTION,FRESH,STALE,STALE,FRESH,0,80.0,80.0,0.0,0.0,0.0,0.0,37.250686,126.674964,37.254138,126.680626
141.59999999999795,4,NO_MOTION,FAIL,NO_MOTION,NO_MOTION,FRESH,STALE,STALE,FRESH,0,80.0,80.0,0.0,0.0,0.0,0.0,37.250686,126.674964,37.254138,126.680626
141.64999999999796,4,NO_MOTION,FAIL,NO_MOTION,NO_MOTION,FRESH,STALE,STALE,FRESH,0,80.0,80.0,0.0,0.0,0.0,0.0,37.250686,126.674964,37.254138,126.680626
141.69999999999797,4,NO_MOTION,FAIL,NO_MOTION,NO_MOTION,FRESH,STALE,STALE,FRESH,0,80.0,80.0,0.0,0.0,0.0,0.0,37.250686,126.674964,37.254138,126.680626
141.74999999999798,4,NO_MOTION,FAIL,NO_MOTION,NO_MOTION,FRESH,STALE,STALE,FRESH,0,80.0,80.0,0.0,0.0,0.0,0.0,37.250686,126.674964,37.254138,126.680626
141.799999999998,4,NO_MOTION,FAIL,NO_MOTION,NO_MOTION,FRESH,STALE,STALE,STALE,0,80.0,80.0,0.0,0.0,0.0,0.0,37.250686,126.674964,37.254138,126.680626
141.849999999998,4,NO_MOTION,FAIL,NO_MOTION,NO_MOTION,FRESH,STALE,STALE,STALE,0,80.0,80.0,0.0,0.0,0.0,0.0,37.250686,126.674964,37.254138,126.680626
141.89999999999802,4,NO_MOTION,FAIL,NO_MOTION,NO_MOTION,FRESH,STALE,STALE,STALE,0,80.0,80.0,0.0,0.0,0.0,0.0,37.250686,126.674964,37.254138,126.680626
141.94999999999803,4,NO_MOTION,FAIL,NO_MOTION,NO_MOTION,FRESH,STALE,STALE,STALE,0,80.0,80.0,0.0,0.0,0.0,0.0,37.250686,126.674964,37.254138,126.680626
141.99999999999804,4,NO_MOTION,FAIL,NO_MOTION,NO_MOTION,FRESH,STALE,STALE,STALE,0,80.0,80.0,0.0,0.0,0.0,0.0,37.250686,126.674964,37.254138,126.680626
142.04999999999805,4,NO_MOTION,FAIL,NO_MOTION,NO_MOTION,FRESH,STALE,STALE,STALE,0,80.0,80.0,0.0,0.0,0.0,0.0,37.250686,126.674964,37.254138,126.680626
142.09999999999806,4,NO_MOTION,FAIL,NO_MOTION,NO_MOTION,FRESH,STALE,STALE,STALE,0,80.0,80.0,0.0,0.0,0.0,0.0,37.250686,126.674964,37.254138,126.680626
142.14999999999807,4,NO_MOTION,FAIL,NO_MOTION,NO_MOTION,FRESH,STALE,STALE,STALE,0,80.0,80.0,0.0,0.0,0.0,0.0,37.250686,126.674964,37.254138,126.680626
142.19999999999808,4,NO_MOTION,FAIL,NO_MOTION,NO_MOTION,FRESH,STALE,STALE,STALE,0,80.0,80.0,0.0,0.0,0.0,0.0,37.250686,126.674964,37.254138,126.680626
142.2499999999981,4,NO_MOTION,FAIL,NO_MOTION,NO_MOTION,FRESH,STALE,STALE,STALE,0,80.0,80.0,0.0,0.0,0.0,0.0,37.250686,126.674964,37.254138,126.680626
