timestamp,sender_app,sender_name,receiver_app,receiver_name,msg_id,data
2026-05-24T16:00:16.326,13,Barometer,11,FlightLogic,1301101,"0.0,0"
2026-05-24T16:00:16.425,13,Barometer,11,FlightLogic,1301101,"0.0,0"
2026-05-24T16:00:16.534,13,Barometer,11,FlightLogic,1301101,"0.0,0"
2026-05-24T16:00:16.630,13,Barometer,11,FlightLogic,1301101,"0.0,0"
2026-05-24T16:00:16.733,13,Barometer,11,FlightLogic,1301101,"0.0,0"
2026-05-24T16:00:16.833,13,Barometer,11,FlightLogic,1301101,"0.0,0"
2026-05-24T16:00:16.934,13,Barometer,11,FlightLogic,1301101,"0.0,0"
2026-05-24T16:00:17.034,13,Barometer,11,FlightLogic,1301101,"0.0,0"
2026-05-24T16:00:17.134,13,Barometer,11,FlightLogic,1301101,"0.0,0"
2026-05-24T16:00:17.235,13,Barometer,11,FlightLogic,1301101,"0.0,0"
2026-05-24T16:00:17.235,13,Barometer,12,Comm,1301201,"0.0,0.0,0.0,0"
2026-05-24T16:00:17.335,13,Barometer,11,FlightLogic,1301101,"0.0,0"
2026-05-24T16:00:17.435,13,Barometer,11,FlightLogic,1301101,"0.0,0"
2026-05-24T16:00:17.536,13,Barometer,11,FlightLogic,1301101,"0.0,0"
2026-05-24T16:00:17.636,13,Barometer,11,FlightLogic,1301101,"0.0,0"
2026-05-24T16:00:17.736,13,Barometer,11,FlightLogic,1301101,"0.0,0"
2026-05-24T16:00:17.837,13,Barometer,11,FlightLogic,1301101,"0.0,0"
2026-05-24T16:00:17.937,13,Barometer,11,FlightLogic,1301101,"0.0,0"
2026-05-24T16:00:18.037,13,Barometer,11,FlightLogic,1301101,"0.0,0"
2026-05-24T16:00:18.137,13,Barometer,11,FlightLogic,1301101,"0.0,0"
2026-05-24T16:00:18.238,13,Barometer,11,FlightLogic,1301101,"0.0,0"
2026-05-24T16:00:18.239,13,Barometer,12,Comm,1301201,"0.0,0.0,0.0,0"
2026-05-24T16:00:18.338,13,Barometer,11,FlightLogic,1301101,"0.0,0"
2026-05-24T16:00:18.439,13,Barometer,11,FlightLogic,1301101,"0.0,0"
2026-05-24T16:00:18.539,13,Barometer,11,FlightLogic,1301101,"0.0,0"
2026-05-24T16:00:18.639,13,Barometer,11,FlightLogic,1301101,"0.0,0"
2026-05-24T16:00:18.739,13,Barometer,11,FlightLogic,1301101,"0.0,0"
2026-05-24T16:00:18.840,13,Barometer,11,FlightLogic,1301101,"0.0,0"
2026-05-24T16:00:18.940,13,Barometer,11,FlightLogic,1301101,"0.0,0"
2026-05-24T16:00:19.040,13,Barometer,11,FlightLogic,1301101,"0.0,0"
2026-05-24T16:00:19.141,13,Barometer,11,FlightLogic,1301101,"0.0,0"
2026-05-24T16:00:19.241,13,Barometer,11,FlightLogic,1301101,"0.0,0"
2026-05-24T16:00:19.241,13,Barometer,12,Comm,1301201,"0.0,0.0,0.0,0"
2026-05-24T16:00:19.341,13,Barometer,11,FlightLogic,1301101,"0.0,0"
2026-05-24T16:00:19.441,13,Barometer,11,FlightLogic,1301101,"0.0,0"
2026-05-24T16:00:19.542,13,Barometer,11,FlightLogic,1301101,"0.0,0"
2026-05-24T16:00:19.642,13,Barometer,11,FlightLogic,1301101,"0.0,0"
2026-05-24T16:00:19.742,13,Barometer,11,FlightLogic,1301101,"0.0,0"
2026-05-24T16:00:19.843,13,Barometer,11,FlightLogic,1301101,"0.0,0"
2026-05-24T16:00:19.943,13,Barometer,11,FlightLogic,1301101,"0.0,0"
2026-05-24T16:00:20.043,13,Barometer,11,FlightLogic,1301101,"0.0,0"
2026-05-24T16:00:20.143,13,Barometer,11,FlightLogic,1301101,"0.0,0"
2026-05-24T16:00:20.244,13,Barometer,11,FlightLogic,1301101,"0.0,0"
2026-05-24T16:00:20.244,13,Barometer,12,Comm,1301201,"0.0,0.0,0.0,0"
2026-05-24T16:00:20.344,13,Barometer,11,FlightLogic,1301101,"0.0,0"
2026-05-24T16:00:20.444,13,Barometer,11,FlightLogic,1301101,"0.0,0"
2026-05-24T16:00:20.544,13,Barometer,11,FlightLogic,1301101,"0.0,0"
2026-05-24T16:00:20.645,13,Barometer,11,FlightLogic,1301101,"0.0,0"
2026-05-24T16:00:20.745,13,Barometer,11,FlightLogic,1301101,"0.0,0"
2026-05-24T16:00:20.845,13,Barometer,11,FlightLogic,1301101,"0.0,0"
2026-05-24T16:00:20.946,13,Barometer,11,FlightLogic,1301101,"0.0,0"
2026-05-24T16:00:21.046,13,Barometer,11,FlightLogic,1301101,"0.0,0"
2026-05-24T16:00:21.146,13,Barometer,11,FlightLogic,1301101,"0.0,0"
2026-05-24T16:00:21.246,13,Barometer,11,FlightLogic,1301101,"0.0,0"
2026-05-24T16:00:21.247,13,Barometer,12,Comm,1301201,"0.0,0.0,0.0,0"
2026-05-24T16:00:21.347,13,Barometer,11,FlightLogic,1301101,"0.0,0"
2026-05-24T16:00:21.447,13,Barometer,11,FlightLogic,1301101,"0.0,0"
2026-05-24T16:00:21.547,13,Barometer,11,FlightLogic,1301101,"0.0,0"
2026-05-24T16:00:21.647,13,Barometer,11,FlightLogic,1301101,"0.0,0"
2026-05-24T16:00:21.748,13,Barometer,11,FlightLogic,1301101,"0.0,0"
2026-05-24T16:00:21.848,13,Barometer,11,FlightLogic,1301101,"0.0,0"
2026-05-24T16:00:21.948,13,Barometer,11,FlightLogic,1301101,"0.0,0"
2026-05-24T16:00:22.049,13,Barometer,11,FlightLogic,1301101,"0.0,0"
2026-05-24T16:00:22.149,13,Barometer,11,FlightLogic,1301101,"0.0,0"
2026-05-24T16:00:22.249,13,Barometer,11,FlightLogic,1301101,"0.0,0"
2026-05-24T16:00:22.250,13,Barometer,12,Comm,1301201,"0.0,0.0,0.0,0"
2026-05-24T16:00:22.349,13,Barometer,11,FlightLogic,1301101,"0.0,0"
2026-05-24T16:00:22.450,13,Barometer,11,FlightLogic,1301101,"0.0,0"
2026-05-24T16:00:22.550,13,Barometer,11,FlightLogic,1301101,"0.0,0"
2026-05-24T16:00:22.650,13,Barometer,11,FlightLogic,1301101,"0.0,0"
2026-05-24T16:00:22.750,13,Barometer,11,FlightLogic,1301101,"0.0,0"
2026-05-24T16:00:22.851,13,Barometer,11,FlightLogic,1301101,"0.0,0"
2026-05-24T16:00:22.951,13,Barometer,11,FlightLogic,1301101,"0.0,0"
2026-05-24T16:00:23.051,13,Barometer,11,FlightLogic,1301101,"0.0,0"
2026-05-24T16:00:23.151,13,Barometer,11,FlightLogic,1301101,"0.0,0"
2026-05-24T16:00:23.252,13,Barometer,11,FlightLogic,1301101,"0.0,0"
2026-05-24T16:00:23.252,13,Barometer,12,Comm,1301201,"0.0,0.0,0.0,0"
2026-05-24T16:00:23.352,13,Barometer,11,FlightLogic,1301101,"0.0,0"
2026-05-24T16:00:23.452,13,Barometer,11,FlightLogic,1301101,"0.0,0"
2026-05-24T16:00:23.552,13,Barometer,11,FlightLogic,1301101,"0.0,0"
2026-05-24T16:00:23.653,13,Barometer,11,FlightLogic,1301101,"0.0,0"
2026-05-24T16:00:23.753,13,Barometer,11,FlightLogic,1301101,"0.0,0"
2026-05-24T16:00:23.854,13,Barometer,11,FlightLogic,1301101,"0.0,0"
2026-05-24T16:00:23.954,13,Barometer,11,FlightLogic,1301101,"0.0,0"
2026-05-24T16:00:24.054,13,Barometer,11,FlightLogic,1301101,"0.0,0"
2026-05-24T16:00:24.154,13,Barometer,11,FlightLogic,1301101,"0.0,0"
2026-05-24T16:00:24.254,13,Barometer,11,FlightLogic,1301101,"0.0,0"
2026-05-24T16:00:24.255,13,Barometer,12,Comm,1301201,"0.0,0.0,0.0,0"
2026-05-24T16:00:24.355,13,Barometer,11,FlightLogic,1301101,"0.0,0"
2026-05-24T16:00:24.455,13,Barometer,11,FlightLogic,1301101,"0.0,0"
2026-05-24T16:00:24.555,13,Barometer,11,FlightLogic,1301101,"0.0,0"
2026-05-24T16:00:24.655,13,Barometer,11,FlightLogic,1301101,"0.0,0"
2026-05-24T16:00:24.756,13,Barometer,11,FlightLogic,1301101,"0.0,0"
2026-05-24T16:00:24.856,13,Barometer,11,FlightLogic,1301101,"0.0,0"
2026-05-24T16:00:24.956,13,Barometer,11,FlightLogic,1301101,"0.0,0"
2026-05-24T16:00:25.056,13,Barometer,11,FlightLogic,1301101,"0.0,0"
2026-05-24T16:00:25.157,13,Barometer,11,FlightLogic,1301101,"0.0,0"
2026-05-24T16:00:25.257,13,Barometer,11,FlightLogic,1301101,"0.0,0"
2026-05-24T16:00:25.258,13,Barometer,12,Comm,1301201,"0.0,0.0,0.0,0"
2026-05-24T16:00:25.357,13,Barometer,11,FlightLogic,1301101,"0.0,0"
2026-05-24T16:00:25.457,13,Barometer,11,FlightLogic,1301101,"0.0,0"
2026-05-24T16:00:25.558,13,Barometer,11,FlightLogic,1301101,"0.0,0"
2026-05-24T16:00:25.658,13,Barometer,11,FlightLogic,1301101,"0.0,0"
2026-05-24T16:00:25.758,13,Barometer,11,FlightLogic,1301101,"0.0,0"
2026-05-24T16:00:25.859,13,Barometer,11,FlightLogic,1301101,"0.0,0"
2026-05-24T16:00:25.959,13,Barometer,11,FlightLogic,1301101,"0.0,0"
2026-05-24T16:00:26.059,13,Barometer,11,FlightLogic,1301101,"0.0,0"
2026-05-24T16:00:26.159,13,Barometer,11,FlightLogic,1301101,"0.0,0"
2026-05-24T16:00:26.260,13,Barometer,11,FlightLogic,1301101,"0.0,0"
2026-05-24T16:00:26.260,13,Barometer,12,Comm,1301201,"0.0,0.0,0.0,0"
2026-05-24T16:00:26.360,13,Barometer,11,FlightLogic,1301101,"0.0,0"
2026-05-24T16:00:26.460,13,Barometer,11,FlightLogic,1301101,"0.0,0"
2026-05-24T16:00:26.560,13,Barometer,11,FlightLogic,1301101,"0.0,0"
2026-05-24T16:00:26.661,13,Barometer,11,FlightLogic,1301101,"0.0,0"
2026-05-24T16:00:26.761,13,Barometer,11,FlightLogic,1301101,"0.0,0"
2026-05-24T16:00:26.861,13,Barometer,11,FlightLogic,1301101,"0.0,0"
2026-05-24T16:00:26.961,13,Barometer,11,FlightLogic,1301101,"0.0,0"
2026-05-24T16:00:27.062,13,Barometer,11,FlightLogic,1301101,"0.0,0"
2026-05-24T16:00:27.162,13,Barometer,11,FlightLogic,1301101,"0.0,0"
2026-05-24T16:00:27.262,13,Barometer,11,FlightLogic,1301101,"0.0,0"
2026-05-24T16:00:27.263,13,Barometer,12,Comm,1301201,"0.0,0.0,0.0,0"
2026-05-24T16:00:27.363,13,Barometer,11,FlightLogic,1301101,"0.0,0"
2026-05-24T16:00:27.463,13,Barometer,11,FlightLogic,1301101,"0.0,0"
2026-05-24T16:00:27.563,13,Barometer,11,FlightLogic,1301101,"0.0,0"
2026-05-24T16:00:27.663,13,Barometer,11,FlightLogic,1301101,"0.0,0"
2026-05-24T16:00:27.764,13,Barometer,11,FlightLogic,1301101,"0.0,0"
2026-05-24T16:00:27.864,13,Barometer,11,FlightLogic,1301101,"0.0,0"
2026-05-24T16:00:27.964,13,Barometer,11,FlightLogic,1301101,"0.0,0"
2026-05-24T16:00:28.064,13,Barometer,11,FlightLogic,1301101,"0.0,0"
2026-05-24T16:00:28.164,13,Barometer,11,FlightLogic,1301101,"0.0,0"
2026-05-24T16:00:28.265,13,Barometer,11,FlightLogic,1301101,"0.0,0"
2026-05-24T16:00:28.265,13,Barometer,12,Comm,1301201,"0.0,0.0,0.0,0"
2026-05-24T16:00:28.365,13,Barometer,11,FlightLogic,1301101,"0.0,0"
2026-05-24T16:00:28.465,13,Barometer,11,FlightLogic,1301101,"0.0,0"
2026-05-24T16:00:28.566,13,Barometer,11,FlightLogic,1301101,"0.0,0"
2026-05-24T16:00:28.666,13,Barometer,11,FlightLogic,1301101,"0.0,0"
2026-05-24T16:00:28.766,13,Barometer,11,FlightLogic,1301101,"0.0,0"
2026-05-24T16:00:28.866,13,Barometer,11,FlightLogic,1301101,"0.0,0"
2026-05-24T16:00:28.967,13,Barometer,11,FlightLogic,1301101,"0.0,0"
2026-05-24T16:00:29.067,13,Barometer,11,FlightLogic,1301101,"0.0,0"
2026-05-24T16:00:29.167,13,Barometer,11,FlightLogic,1301101,"0.0,0"
2026-05-24T16:00:29.267,13,Barometer,11,FlightLogic,1301101,"0.0,0"
2026-05-24T16:00:29.268,13,Barometer,12,Comm,1301201,"0.0,0.0,0.0,0"
2026-05-24T16:00:29.368,13,Barometer,11,FlightLogic,1301101,"0.0,0"
2026-05-24T16:00:29.468,13,Barometer,11,FlightLogic,1301101,"0.0,0"
2026-05-24T16:00:29.568,13,Barometer,11,FlightLogic,1301101,"0.0,0"
2026-05-24T16:00:29.668,13,Barometer,11,FlightLogic,1301101,"0.0,0"
2026-05-24T16:00:29.768,13,Barometer,11,FlightLogic,1301101,"0.0,0"
2026-05-24T16:00:29.869,13,Barometer,11,FlightLogic,1301101,"0.0,0"
2026-05-24T16:00:29.969,13,Barometer,11,FlightLogic,1301101,"0.0,0"
2026-05-24T16:00:30.069,13,Barometer,11,FlightLogic,1301101,"0.0,0"
2026-05-24T16:00:30.169,13,Barometer,11,FlightLogic,1301101,"0.0,0"
2026-05-24T16:00:30.270,13,Barometer,11,FlightLogic,1301101,"0.0,0"
2026-05-24T16:00:30.270,13,Barometer,12,Comm,1301201,"0.0,0.0,0.0,0"
2026-05-24T16:00:30.370,13,Barometer,11,FlightLogic,1301101,"0.0,0"
2026-05-24T16:00:30.470,13,Barometer,11,FlightLogic,1301101,"0.0,0"
2026-05-24T16:00:30.571,13,Barometer,11,FlightLogic,1301101,"0.0,0"
2026-05-24T16:00:30.671,13,Barometer,11,FlightLogic,1301101,"0.0,0"
2026-05-24T16:00:30.771,13,Barometer,11,FlightLogic,1301101,"0.0,0"
2026-05-24T16:00:30.871,13,Barometer,11,FlightLogic,1301101,"0.0,0"
2026-05-24T16:00:30.972,13,Barometer,11,FlightLogic,1301101,"0.0,0"
2026-05-24T16:00:31.072,13,Barometer,11,FlightLogic,1301101,"0.0,0"
2026-05-24T16:00:31.173,13,Barometer,11,FlightLogic,1301101,"0.0,0"
2026-05-24T16:00:31.273,13,Barometer,11,FlightLogic,1301101,"0.0,0"
2026-05-24T16:00:31.274,13,Barometer,12,Comm,1301201,"0.0,0.0,0.0,0"
2026-05-24T16:00:31.373,13,Barometer,11,FlightLogic,1301101,"0.0,0"
2026-05-24T16:00:31.473,13,Barometer,11,FlightLogic,1301101,"0.0,0"
2026-05-24T16:00:31.573,13,Barometer,11,FlightLogic,1301101,"0.0,0"
2026-05-24T16:00:31.674,13,Barometer,11,FlightLogic,1301101,"0.0,0"
2026-05-24T16:00:31.774,13,Barometer,11,FlightLogic,1301101,"0.0,0"
2026-05-24T16:00:31.874,13,Barometer,11,FlightLogic,1301101,"0.0,0"
2026-05-24T16:00:31.974,13,Barometer,11,FlightLogic,1301101,"0.0,0"
2026-05-24T16:00:32.075,13,Barometer,11,FlightLogic,1301101,"0.0,0"
2026-05-24T16:00:32.175,13,Barometer,11,FlightLogic,1301101,"0.0,0"
2026-05-24T16:00:32.275,13,Barometer,11,FlightLogic,1301101,"0.0,0"
2026-05-24T16:00:32.276,13,Barometer,12,Comm,1301201,"0.0,0.0,0.0,0"
2026-05-24T16:00:32.375,13,Barometer,11,FlightLogic,1301101,"0.0,0"
2026-05-24T16:00:32.476,13,Barometer,11,FlightLogic,1301101,"0.0,0"
2026-05-24T16:00:32.576,13,Barometer,11,FlightLogic,1301101,"0.0,0"
2026-05-24T16:00:32.676,13,Barometer,11,FlightLogic,1301101,"0.0,0"
2026-05-24T16:00:32.776,13,Barometer,11,FlightLogic,1301101,"0.0,0"
2026-05-24T16:00:32.877,13,Barometer,11,FlightLogic,1301101,"0.0,0"
2026-05-24T16:00:32.977,13,Barometer,11,FlightLogic,1301101,"0.0,0"
2026-05-24T16:00:33.077,13,Barometer,11,FlightLogic,1301101,"0.0,0"
2026-05-24T16:00:33.177,13,Barometer,11,FlightLogic,1301101,"0.0,0"
2026-05-24T16:00:33.278,13,Barometer,11,FlightLogic,1301101,"0.0,0"
2026-05-24T16:00:33.278,13,Barometer,12,Comm,1301201,"0.0,0.0,0.0,0"
2026-05-24T16:00:33.378,13,Barometer,11,FlightLogic,1301101,"0.0,0"
2026-05-24T16:00:33.478,13,Barometer,11,FlightLogic,1301101,"0.0,0"
2026-05-24T16:00:33.578,13,Barometer,11,FlightLogic,1301101,"0.0,0"
2026-05-24T16:00:33.679,13,Barometer,11,FlightLogic,1301101,"0.0,0"
2026-05-24T16:00:33.779,13,Barometer,11,FlightLogic,1301101,"0.0,0"
2026-05-24T16:00:33.879,13,Barometer,11,FlightLogic,1301101,"0.0,0"
2026-05-24T16:00:33.979,13,Barometer,11,FlightLogic,1301101,"0.0,0"
2026-05-24T16:00:34.080,13,Barometer,11,FlightLogic,1301101,"0.0,0"
2026-05-24T16:00:34.180,13,Barometer,11,FlightLogic,1301101,"0.0,0"
2026-05-24T16:00:34.280,13,Barometer,11,FlightLogic,1301101,"0.0,0"
2026-05-24T16:00:34.281,13,Barometer,12,Comm,1301201,"0.0,0.0,0.0,0"
2026-05-24T16:00:34.380,13,Barometer,11,FlightLogic,1301101,"0.0,0"
2026-05-24T16:00:34.481,13,Barometer,11,FlightLogic,1301101,"0.0,0"
2026-05-24T16:00:34.581,13,Barometer,11,FlightLogic,1301101,"0.0,0"
2026-05-24T16:00:34.681,13,Barometer,11,FlightLogic,1301101,"0.0,0"
2026-05-24T16:00:34.782,13,Barometer,11,FlightLogic,1301101,"0.0,0"
2026-05-24T16:00:34.882,13,Barometer,11,FlightLogic,1301101,"0.0,0"
2026-05-24T16:00:34.982,13,Barometer,11,FlightLogic,1301101,"0.0,0"
2026-05-24T16:00:35.082,13,Barometer,11,FlightLogic,1301101,"0.0,0"
2026-05-24T16:00:35.183,13,Barometer,11,FlightLogic,1301101,"0.0,0"
2026-05-24T16:00:35.283,13,Barometer,11,FlightLogic,1301101,"0.0,0"
2026-05-24T16:00:35.284,13,Barometer,12,Comm,1301201,"0.0,0.0,0.0,0"
2026-05-24T16:00:35.383,13,Barometer,11,FlightLogic,1301101,"0.0,0"
2026-05-24T16:00:35.484,13,Barometer,11,FlightLogic,1301101,"0.0,0"
2026-05-24T16:00:35.584,13,Barometer,11,FlightLogic,1301101,"0.0,0"
2026-05-24T16:00:35.684,13,Barometer,11,FlightLogic,1301101,"0.0,0"
2026-05-24T16:00:35.785,13,Barometer,11,FlightLogic,1301101,"0.0,0"
2026-05-24T16:00:35.885,13,Barometer,11,FlightLogic,1301101,"0.0,0"
2026-05-24T16:00:35.985,13,Barometer,11,FlightLogic,1301101,"0.0,0"
2026-05-24T16:00:36.086,13,Barometer,11,FlightLogic,1301101,"0.0,0"
2026-05-24T16:00:36.186,13,Barometer,11,FlightLogic,1301101,"0.0,0"
2026-05-24T16:00:36.286,13,Barometer,11,FlightLogic,1301101,"0.0,0"
2026-05-24T16:00:36.287,13,Barometer,12,Comm,1301201,"0.0,0.0,0.0,0"
2026-05-24T16:00:36.386,13,Barometer,11,FlightLogic,1301101,"0.0,0"
2026-05-24T16:00:36.487,13,Barometer,11,FlightLogic,1301101,"0.0,0"
2026-05-24T16:00:36.587,13,Barometer,11,FlightLogic,1301101,"0.0,0"
2026-05-24T16:00:36.687,13,Barometer,11,FlightLogic,1301101,"0.0,0"
2026-05-24T16:00:36.788,13,Barometer,11,FlightLogic,1301101,"0.0,0"
2026-05-24T16:00:36.888,13,Barometer,11,FlightLogic,1301101,"0.0,0"
2026-05-24T16:00:36.988,13,Barometer,11,FlightLogic,1301101,"0.0,0"
2026-05-24T16:00:37.088,13,Barometer,11,FlightLogic,1301101,"0.0,0"
2026-05-24T16:00:37.189,13,Barometer,11,FlightLogic,1301101,"0.0,0"
2026-05-24T16:00:37.289,13,Barometer,11,FlightLogic,1301101,"0.0,0"
2026-05-24T16:00:37.290,13,Barometer,12,Comm,1301201,"0.0,0.0,0.0,0"
2026-05-24T16:00:37.389,13,Barometer,11,FlightLogic,1301101,"0.0,0"
2026-05-24T16:00:37.490,13,Barometer,11,FlightLogic,1301101,"0.0,0"
2026-05-24T16:00:37.590,13,Barometer,11,FlightLogic,1301101,"0.0,0"
2026-05-24T16:00:37.690,13,Barometer,11,FlightLogic,1301101,"0.0,0"
2026-05-24T16:00:37.791,13,Barometer,11,FlightLogic,1301101,"0.0,0"
2026-05-24T16:00:37.891,13,Barometer,11,FlightLogic,1301101,"0.0,0"
2026-05-24T16:00:37.991,13,Barometer,11,FlightLogic,1301101,"0.0,0"
2026-05-24T16:00:38.092,13,Barometer,11,FlightLogic,1301101,"0.0,0"
2026-05-24T16:00:38.192,13,Barometer,11,FlightLogic,1301101,"0.0,0"
2026-05-24T16:00:38.292,13,Barometer,11,FlightLogic,1301101,"0.0,0"
2026-05-24T16:00:38.293,13,Barometer,12,Comm,1301201,"0.0,0.0,0.0,0"
2026-05-24T16:00:38.392,13,Barometer,11,FlightLogic,1301101,"0.0,0"
2026-05-24T16:00:38.493,13,Barometer,11,FlightLogic,1301101,"0.0,0"
2026-05-24T16:00:38.593,13,Barometer,11,FlightLogic,1301101,"0.0,0"
2026-05-24T16:00:38.693,13,Barometer,11,FlightLogic,1301101,"0.0,0"
2026-05-24T16:00:38.794,13,Barometer,11,FlightLogic,1301101,"0.0,0"
2026-05-24T16:00:38.894,13,Barometer,11,FlightLogic,1301101,"0.0,0"
2026-05-24T16:40:37.373,13,Barometer,11,FlightLogic,1301101,"0.0,0"
2026-05-24T16:40:37.473,13,Barometer,11,FlightLogic,1301101,"0.0,0"
2026-05-24T16:40:37.574,13,Barometer,11,FlightLogic,1301101,"0.0,0"
2026-05-24T16:40:37.674,13,Barometer,11,FlightLogic,1301101,"0.0,0"
2026-05-24T16:40:37.674,13,Barometer,12,Comm,1301201,"0.0,0.0,0.0,0"
2026-05-24T16:40:37.774,13,Barometer,11,FlightLogic,1301101,"0.0,0"
2026-05-24T16:40:37.875,13,Barometer,11,FlightLogic,1301101,"0.0,0"
2026-05-24T16:40:37.975,13,Barometer,11,FlightLogic,1301101,"0.0,0"
2026-05-24T16:40:38.075,13,Barometer,11,FlightLogic,1301101,"0.0,0"
2026-05-24T16:40:38.176,13,Barometer,11,FlightLogic,1301101,"0.0,0"
2026-05-24T16:40:38.276,13,Barometer,11,FlightLogic,1301101,"0.0,0"
2026-05-24T16:40:38.376,13,Barometer,11,FlightLogic,1301101,"0.0,0"
2026-05-24T16:40:38.477,13,Barometer,11,FlightLogic,1301101,"0.0,0"
2026-05-24T16:40:38.577,13,Barometer,11,FlightLogic,1301101,"0.0,0"
2026-05-24T16:40:38.677,13,Barometer,11,FlightLogic,1301101,"0.0,0"
2026-05-24T16:40:38.678,13,Barometer,12,Comm,1301201,"0.0,0.0,0.0,0"
2026-05-24T16:40:38.778,13,Barometer,11,FlightLogic,1301101,"0.0,0"
2026-05-24T16:40:38.878,13,Barometer,11,FlightLogic,1301101,"0.0,0"
2026-05-24T16:40:38.979,13,Barometer,11,FlightLogic,1301101,"0.0,0"
2026-05-24T16:40:39.079,13,Barometer,11,FlightLogic,1301101,"0.0,0"
2026-05-24T16:40:39.180,13,Barometer,11,FlightLogic,1301101,"0.0,0"
2026-05-24T16:40:39.280,13,Barometer,11,FlightLogic,1301101,"0.0,0"
2026-05-24T16:40:39.380,13,Barometer,11,FlightLogic,1301101,"0.0,0"
2026-05-24T16:40:39.480,13,Barometer,11,FlightLogic,1301101,"0.0,0"
2026-05-24T16:40:39.581,13,Barometer,11,FlightLogic,1301101,"0.0,0"
2026-05-24T16:40:39.681,13,Barometer,11,FlightLogic,1301101,"0.0,0"
2026-05-24T16:40:39.681,13,Barometer,12,Comm,1301201,"0.0,0.0,0.0,0"
2026-05-24T16:40:39.782,13,Barometer,11,FlightLogic,1301101,"0.0,0"
2026-05-24T16:40:39.882,13,Barometer,11,FlightLogic,1301101,"0.0,0"
2026-05-24T16:40:39.982,13,Barometer,11,FlightLogic,1301101,"0.0,0"
2026-05-24T16:40:40.082,13,Barometer,11,FlightLogic,1301101,"0.0,0"
2026-05-24T16:40:40.183,13,Barometer,11,FlightLogic,1301101,"0.0,0"
2026-05-24T16:40:40.283,13,Barometer,11,FlightLogic,1301101,"0.0,0"
2026-05-24T16:40:40.383,13,Barometer,11,FlightLogic,1301101,"0.0,0"
2026-05-24T16:40:40.484,13,Barometer,11,FlightLogic,1301101,"0.0,0"
2026-05-24T16:40:40.584,13,Barometer,11,FlightLogic,1301101,"0.0,0"
2026-05-24T16:40:40.684,13,Barometer,11,FlightLogic,1301101,"0.0,0"
2026-05-24T16:40:40.685,13,Barometer,12,Comm,1301201,"0.0,0.0,0.0,0"
2026-05-24T16:40:40.785,13,Barometer,11,FlightLogic,1301101,"0.0,0"
2026-05-24T16:40:40.885,13,Barometer,11,FlightLogic,1301101,"0.0,0"
2026-05-24T16:40:40.985,13,Barometer,11,FlightLogic,1301101,"0.0,0"
2026-05-24T16:40:41.086,13,Barometer,11,FlightLogic,1301101,"0.0,0"
2026-05-24T16:40:41.186,13,Barometer,11,FlightLogic,1301101,"0.0,0"
2026-05-24T16:40:41.286,13,Barometer,11,FlightLogic,1301101,"0.0,0"
2026-05-24T16:40:41.387,13,Barometer,11,FlightLogic,1301101,"0.0,0"
2026-05-24T16:40:41.487,13,Barometer,11,FlightLogic,1301101,"0.0,0"
2026-05-24T16:40:41.588,13,Barometer,11,FlightLogic,1301101,"0.0,0"
2026-05-24T16:40:41.688,13,Barometer,11,FlightLogic,1301101,"0.0,0"
2026-05-24T16:40:41.689,13,Barometer,12,Comm,1301201,"0.0,0.0,0.0,0"
2026-05-24T16:40:41.788,13,Barometer,11,FlightLogic,1301101,"0.0,0"
2026-05-24T16:40:41.889,13,Barometer,11,FlightLogic,1301101,"0.0,0"
2026-05-24T16:40:41.989,13,Barometer,11,FlightLogic,1301101,"0.0,0"
2026-05-24T16:40:42.089,13,Barometer,11,FlightLogic,1301101,"0.0,0"
2026-05-24T16:40:42.189,13,Barometer,11,FlightLogic,1301101,"0.0,0"
2026-05-24T16:40:42.290,13,Barometer,11,FlightLogic,1301101,"0.0,0"
2026-05-24T16:40:42.390,13,Barometer,11,FlightLogic,1301101,"0.0,0"
2026-05-24T16:40:42.490,13,Barometer,11,FlightLogic,1301101,"0.0,0"
2026-05-24T16:40:42.591,13,Barometer,11,FlightLogic,1301101,"0.0,0"
2026-05-24T16:40:42.691,13,Barometer,11,FlightLogic,1301101,"0.0,0"
2026-05-24T16:40:42.692,13,Barometer,12,Comm,1301201,"0.0,0.0,0.0,0"
2026-05-24T16:40:42.791,13,Barometer,11,FlightLogic,1301101,"0.0,0"
2026-05-24T16:40:42.892,13,Barometer,11,FlightLogic,1301101,"0.0,0"
2026-05-24T16:40:42.993,13,Barometer,11,FlightLogic,1301101,"0.0,0"
2026-05-24T16:40:43.093,13,Barometer,11,FlightLogic,1301101,"0.0,0"
2026-05-24T16:40:43.194,13,Barometer,11,FlightLogic,1301101,"0.0,0"
2026-05-24T16:40:43.294,13,Barometer,11,FlightLogic,1301101,"0.0,0"
2026-05-24T16:40:43.394,13,Barometer,11,FlightLogic,1301101,"0.0,0"
2026-05-24T16:40:43.494,13,Barometer,11,FlightLogic,1301101,"0.0,0"
2026-05-24T16:40:43.595,13,Barometer,11,FlightLogic,1301101,"0.0,0"
2026-05-24T16:40:43.695,13,Barometer,11,FlightLogic,1301101,"0.0,0"
2026-05-24T16:40:43.696,13,Barometer,12,Comm,1301201,"0.0,0.0,0.0,0"
2026-05-24T16:40:43.795,13,Barometer,11,FlightLogic,1301101,"0.0,0"
2026-05-24T16:40:43.896,13,Barometer,11,FlightLogic,1301101,"0.0,0"
2026-05-24T16:40:43.996,13,Barometer,11,FlightLogic,1301101,"0.0,0"
2026-05-24T16:40:44.096,13,Barometer,11,FlightLogic,1301101,"0.0,0"
2026-05-24T16:40:44.197,13,Barometer,11,FlightLogic,1301101,"0.0,0"
2026-05-24T16:40:44.297,13,Barometer,11,FlightLogic,1301101,"0.0,0"
2026-05-24T16:40:44.398,13,Barometer,11,FlightLogic,1301101,"0.0,0"
2026-05-24T16:40:44.498,13,Barometer,11,FlightLogic,1301101,"0.0,0"
2026-05-24T16:40:44.598,13,Barometer,11,FlightLogic,1301101,"0.0,0"
2026-05-24T16:40:44.699,13,Barometer,11,FlightLogic,1301101,"0.0,0"
2026-05-24T16:40:44.699,13,Barometer,12,Comm,1301201,"0.0,0.0,0.0,0"
2026-05-24T16:40:44.800,13,Barometer,11,FlightLogic,1301101,"0.0,0"
2026-05-24T16:40:44.900,13,Barometer,11,FlightLogic,1301101,"0.0,0"
2026-05-24T16:40:45.000,13,Barometer,11,FlightLogic,1301101,"0.0,0"
2026-05-24T16:40:45.100,13,Barometer,11,FlightLogic,1301101,"0.0,0"
2026-05-24T16:40:45.201,13,Barometer,11,FlightLogic,1301101,"0.0,0"
2026-05-24T16:40:45.301,13,Barometer,11,FlightLogic,1301101,"0.0,0"
2026-05-24T16:40:45.402,13,Barometer,11,FlightLogic,1301101,"0.0,0"
2026-05-24T16:40:45.502,13,Barometer,11,FlightLogic,1301101,"0.0,0"
2026-05-24T16:40:45.602,13,Barometer,11,FlightLogic,1301101,"0.0,0"
2026-05-24T16:40:45.703,13,Barometer,11,FlightLogic,1301101,"0.0,0"
2026-05-24T16:40:45.703,13,Barometer,12,Comm,1301201,"0.0,0.0,0.0,0"
2026-05-24T16:40:45.803,13,Barometer,11,FlightLogic,1301101,"0.0,0"
2026-05-24T16:40:45.904,13,Barometer,11,FlightLogic,1301101,"0.0,0"
2026-05-24T16:40:46.004,13,Barometer,11,FlightLogic,1301101,"0.0,0"
2026-05-24T16:40:46.104,13,Barometer,11,FlightLogic,1301101,"0.0,0"
2026-05-24T16:40:46.205,13,Barometer,11,FlightLogic,1301101,"0.0,0"
2026-05-24T16:40:46.305,13,Barometer,11,FlightLogic,1301101,"0.0,0"
2026-05-24T16:40:46.405,13,Barometer,11,FlightLogic,1301101,"0.0,0"
2026-05-24T16:40:46.506,13,Barometer,11,FlightLogic,1301101,"0.0,0"
2026-05-24T16:40:46.606,13,Barometer,11,FlightLogic,1301101,"0.0,0"
2026-05-24T16:40:46.707,13,Barometer,11,FlightLogic,1301101,"0.0,0"
2026-05-24T16:40:46.707,13,Barometer,12,Comm,1301201,"0.0,0.0,0.0,0"
2026-05-24T16:40:46.807,13,Barometer,11,FlightLogic,1301101,"0.0,0"
2026-05-24T16:40:46.907,13,Barometer,11,FlightLogic,1301101,"0.0,0"
2026-05-24T16:40:47.008,13,Barometer,11,FlightLogic,1301101,"0.0,0"
2026-05-24T16:40:47.108,13,Barometer,11,FlightLogic,1301101,"0.0,0"
2026-05-24T16:40:47.208,13,Barometer,11,FlightLogic,1301101,"0.0,0"
2026-05-24T16:40:47.309,13,Barometer,11,FlightLogic,1301101,"0.0,0"
2026-05-24T16:40:47.409,13,Barometer,11,FlightLogic,1301101,"0.0,0"
2026-05-24T16:40:47.509,13,Barometer,11,FlightLogic,1301101,"0.0,0"
2026-05-24T16:40:47.610,13,Barometer,11,FlightLogic,1301101,"0.0,0"
2026-05-24T16:40:47.710,13,Barometer,11,FlightLogic,1301101,"0.0,0"
2026-05-24T16:40:47.711,13,Barometer,12,Comm,1301201,"0.0,0.0,0.0,0"
2026-05-24T16:40:47.811,13,Barometer,11,FlightLogic,1301101,"0.0,0"
2026-05-24T16:40:47.911,13,Barometer,11,FlightLogic,1301101,"0.0,0"
2026-05-24T16:40:48.011,13,Barometer,11,FlightLogic,1301101,"0.0,0"
2026-05-24T16:40:48.112,13,Barometer,11,FlightLogic,1301101,"0.0,0"
2026-05-24T16:40:48.212,13,Barometer,11,FlightLogic,1301101,"0.0,0"
2026-05-24T16:40:48.313,13,Barometer,11,FlightLogic,1301101,"0.0,0"
2026-05-24T16:40:48.413,13,Barometer,11,FlightLogic,1301101,"0.0,0"
2026-05-24T16:40:48.513,13,Barometer,11,FlightLogic,1301101,"0.0,0"
2026-05-24T16:40:48.614,13,Barometer,11,FlightLogic,1301101,"0.0,0"
2026-05-24T16:40:48.714,13,Barometer,11,FlightLogic,1301101,"0.0,0"
2026-05-24T16:40:48.715,13,Barometer,12,Comm,1301201,"0.0,0.0,0.0,0"
2026-05-24T16:40:48.815,13,Barometer,11,FlightLogic,1301101,"0.0,0"
2026-05-24T16:40:48.915,13,Barometer,11,FlightLogic,1301101,"0.0,0"
2026-05-24T16:40:49.015,13,Barometer,11,FlightLogic,1301101,"0.0,0"
2026-05-24T16:40:49.116,13,Barometer,11,FlightLogic,1301101,"0.0,0"
2026-05-24T16:40:49.216,13,Barometer,11,FlightLogic,1301101,"0.0,0"
2026-05-24T16:40:49.317,13,Barometer,11,FlightLogic,1301101,"0.0,0"
2026-05-24T16:40:49.417,13,Barometer,11,FlightLogic,1301101,"0.0,0"
2026-05-24T16:40:49.517,13,Barometer,11,FlightLogic,1301101,"0.0,0"
2026-05-24T16:40:49.618,13,Barometer,11,FlightLogic,1301101,"0.0,0"
2026-05-24T16:40:49.718,13,Barometer,11,FlightLogic,1301101,"0.0,0"
2026-05-24T16:40:49.719,13,Barometer,12,Comm,1301201,"0.0,0.0,0.0,0"
2026-05-24T16:40:49.819,13,Barometer,11,FlightLogic,1301101,"0.0,0"
2026-05-24T16:40:49.919,13,Barometer,11,FlightLogic,1301101,"0.0,0"
2026-05-24T16:40:50.019,13,Barometer,11,FlightLogic,1301101,"0.0,0"
2026-05-24T16:40:50.120,13,Barometer,11,FlightLogic,1301101,"0.0,0"
2026-05-24T16:40:50.220,13,Barometer,11,FlightLogic,1301101,"0.0,0"
2026-05-24T16:40:50.320,13,Barometer,11,FlightLogic,1301101,"0.0,0"
2026-05-24T16:40:50.421,13,Barometer,11,FlightLogic,1301101,"0.0,0"
2026-05-24T16:40:50.521,13,Barometer,11,FlightLogic,1301101,"0.0,0"
2026-05-24T16:40:50.622,13,Barometer,11,FlightLogic,1301101,"0.0,0"
2026-05-24T16:40:50.722,13,Barometer,11,FlightLogic,1301101,"0.0,0"
2026-05-24T16:40:50.722,13,Barometer,12,Comm,1301201,"0.0,0.0,0.0,0"
2026-05-24T16:40:50.822,13,Barometer,11,FlightLogic,1301101,"0.0,0"
2026-05-24T16:40:50.923,13,Barometer,11,FlightLogic,1301101,"0.0,0"
2026-05-24T16:40:51.023,13,Barometer,11,FlightLogic,1301101,"0.0,0"
2026-05-24T16:40:51.123,13,Barometer,11,FlightLogic,1301101,"0.0,0"
2026-05-24T16:40:51.224,13,Barometer,11,FlightLogic,1301101,"0.0,0"
2026-05-24T16:40:51.324,13,Barometer,11,FlightLogic,1301101,"0.0,0"
2026-05-24T16:40:51.424,13,Barometer,11,FlightLogic,1301101,"0.0,0"
2026-05-24T16:40:51.525,13,Barometer,11,FlightLogic,1301101,"0.0,0"
2026-05-24T16:40:51.625,13,Barometer,11,FlightLogic,1301101,"0.0,0"
2026-05-24T16:40:51.725,13,Barometer,11,FlightLogic,1301101,"0.0,0"
2026-05-24T16:40:51.726,13,Barometer,12,Comm,1301201,"0.0,0.0,0.0,0"
2026-05-24T16:40:51.826,13,Barometer,11,FlightLogic,1301101,"0.0,0"
2026-05-24T16:40:51.926,13,Barometer,11,FlightLogic,1301101,"0.0,0"
2026-05-24T16:40:52.026,13,Barometer,11,FlightLogic,1301101,"0.0,0"
2026-05-24T16:40:52.127,13,Barometer,11,FlightLogic,1301101,"0.0,0"
2026-05-24T16:40:52.227,13,Barometer,11,FlightLogic,1301101,"0.0,0"
2026-05-24T16:40:52.328,13,Barometer,11,FlightLogic,1301101,"0.0,0"
2026-05-24T16:40:52.428,13,Barometer,11,FlightLogic,1301101,"0.0,0"
2026-05-24T16:40:52.528,13,Barometer,11,FlightLogic,1301101,"0.0,0"
2026-05-24T16:40:52.629,13,Barometer,11,FlightLogic,1301101,"0.0,0"
2026-05-24T16:40:52.729,13,Barometer,11,FlightLogic,1301101,"0.0,0"
2026-05-24T16:40:52.730,13,Barometer,12,Comm,1301201,"0.0,0.0,0.0,0"
2026-05-24T16:40:52.829,13,Barometer,11,FlightLogic,1301101,"0.0,0"
2026-05-24T16:40:52.930,13,Barometer,11,FlightLogic,1301101,"0.0,0"
2026-05-24T16:40:53.030,13,Barometer,11,FlightLogic,1301101,"0.0,0"
2026-05-24T16:40:53.131,13,Barometer,11,FlightLogic,1301101,"0.0,0"
2026-05-24T16:40:53.231,13,Barometer,11,FlightLogic,1301101,"0.0,0"
2026-05-24T16:40:53.331,13,Barometer,11,FlightLogic,1301101,"0.0,0"
2026-05-24T16:40:53.432,13,Barometer,11,FlightLogic,1301101,"0.0,0"
2026-05-24T16:40:53.532,13,Barometer,11,FlightLogic,1301101,"0.0,0"
2026-05-24T16:40:53.632,13,Barometer,11,FlightLogic,1301101,"0.0,0"
2026-05-24T16:40:53.733,13,Barometer,11,FlightLogic,1301101,"0.0,0"
2026-05-24T16:40:53.733,13,Barometer,12,Comm,1301201,"0.0,0.0,0.0,0"
2026-05-24T16:40:53.833,13,Barometer,11,FlightLogic,1301101,"0.0,0"
2026-05-24T16:40:53.934,13,Barometer,11,FlightLogic,1301101,"0.0,0"
2026-05-24T16:40:54.034,13,Barometer,11,FlightLogic,1301101,"0.0,0"
2026-05-24T16:40:54.135,13,Barometer,11,FlightLogic,1301101,"0.0,0"
2026-05-24T16:40:54.235,13,Barometer,11,FlightLogic,1301101,"0.0,0"
2026-05-24T16:40:54.335,13,Barometer,11,FlightLogic,1301101,"0.0,0"
2026-05-24T16:40:54.436,13,Barometer,11,FlightLogic,1301101,"0.0,0"
2026-05-24T16:40:54.536,13,Barometer,11,FlightLogic,1301101,"0.0,0"
2026-05-24T16:40:54.636,13,Barometer,11,FlightLogic,1301101,"0.0,0"
2026-05-24T16:40:54.736,13,Barometer,11,FlightLogic,1301101,"0.0,0"
2026-05-24T16:40:54.737,13,Barometer,12,Comm,1301201,"0.0,0.0,0.0,0"
2026-05-24T16:40:54.837,13,Barometer,11,FlightLogic,1301101,"0.0,0"
2026-05-24T16:40:54.937,13,Barometer,11,FlightLogic,1301101,"0.0,0"
2026-05-24T16:40:55.037,13,Barometer,11,FlightLogic,1301101,"0.0,0"
2026-05-24T16:40:55.138,13,Barometer,11,FlightLogic,1301101,"0.0,0"
2026-05-24T16:40:55.238,13,Barometer,11,FlightLogic,1301101,"0.0,0"
2026-05-24T16:40:55.338,13,Barometer,11,FlightLogic,1301101,"0.0,0"
2026-05-24T16:40:55.439,13,Barometer,11,FlightLogic,1301101,"0.0,0"
2026-05-24T16:40:55.539,13,Barometer,11,FlightLogic,1301101,"0.0,0"
2026-05-24T16:40:55.639,13,Barometer,11,FlightLogic,1301101,"0.0,0"
2026-05-24T16:40:55.740,13,Barometer,11,FlightLogic,1301101,"0.0,0"
2026-05-24T16:40:55.740,13,Barometer,12,Comm,1301201,"0.0,0.0,0.0,0"
2026-05-24T16:40:55.840,13,Barometer,11,FlightLogic,1301101,"0.0,0"
2026-05-24T16:40:55.940,13,Barometer,11,FlightLogic,1301101,"0.0,0"
2026-05-24T16:40:56.041,13,Barometer,11,FlightLogic,1301101,"0.0,0"
2026-05-24T16:40:56.141,13,Barometer,11,FlightLogic,1301101,"0.0,0"
2026-05-24T16:40:56.242,13,Barometer,11,FlightLogic,1301101,"0.0,0"
2026-05-24T16:40:56.342,13,Barometer,11,FlightLogic,1301101,"0.0,0"
2026-05-24T16:40:56.442,13,Barometer,11,FlightLogic,1301101,"0.0,0"
2026-05-24T16:40:56.543,13,Barometer,11,FlightLogic,1301101,"0.0,0"
2026-05-24T16:40:56.643,13,Barometer,11,FlightLogic,1301101,"0.0,0"
2026-05-24T16:40:56.744,13,Barometer,11,FlightLogic,1301101,"0.0,0"
2026-05-24T16:40:56.744,13,Barometer,12,Comm,1301201,"0.0,0.0,0.0,0"
2026-05-24T16:40:56.844,13,Barometer,11,FlightLogic,1301101,"0.0,0"
2026-05-24T16:40:56.944,13,Barometer,11,FlightLogic,1301101,"0.0,0"
2026-05-24T16:40:57.045,13,Barometer,11,FlightLogic,1301101,"0.0,0"
2026-05-24T16:40:57.145,13,Barometer,11,FlightLogic,1301101,"0.0,0"
2026-05-24T16:40:57.246,13,Barometer,11,FlightLogic,1301101,"0.0,0"
2026-05-24T16:40:57.346,13,Barometer,11,FlightLogic,1301101,"0.0,0"
2026-05-24T16:40:57.446,13,Barometer,11,FlightLogic,1301101,"0.0,0"
2026-05-24T16:40:57.547,13,Barometer,11,FlightLogic,1301101,"0.0,0"
2026-05-24T16:40:57.647,13,Barometer,11,FlightLogic,1301101,"0.0,0"
2026-05-24T16:40:57.748,13,Barometer,11,FlightLogic,1301101,"0.0,0"
2026-05-24T16:40:57.748,13,Barometer,12,Comm,1301201,"0.0,0.0,0.0,0"
2026-05-24T16:40:57.848,13,Barometer,11,FlightLogic,1301101,"0.0,0"
2026-05-24T16:40:57.948,13,Barometer,11,FlightLogic,1301101,"0.0,0"
2026-05-24T16:40:58.049,13,Barometer,11,FlightLogic,1301101,"0.0,0"
2026-05-24T16:40:58.149,13,Barometer,11,FlightLogic,1301101,"0.0,0"
2026-05-24T16:40:58.249,13,Barometer,11,FlightLogic,1301101,"0.0,0"
2026-05-24T16:40:58.350,13,Barometer,11,FlightLogic,1301101,"0.0,0"
2026-05-24T16:40:58.450,13,Barometer,11,FlightLogic,1301101,"0.0,0"
2026-05-24T16:40:58.551,13,Barometer,11,FlightLogic,1301101,"0.0,0"
2026-05-24T16:40:58.651,13,Barometer,11,FlightLogic,1301101,"0.0,0"
2026-05-24T16:40:58.751,13,Barometer,11,FlightLogic,1301101,"0.0,0"
2026-05-24T16:40:58.752,13,Barometer,12,Comm,1301201,"0.0,0.0,0.0,0"
2026-05-24T16:40:58.852,13,Barometer,11,FlightLogic,1301101,"0.0,0"
2026-05-24T16:40:58.952,13,Barometer,11,FlightLogic,1301101,"0.0,0"
2026-05-24T16:40:59.052,13,Barometer,11,FlightLogic,1301101,"0.0,0"
2026-05-24T16:40:59.153,13,Barometer,11,FlightLogic,1301101,"0.0,0"
2026-05-24T16:40:59.253,13,Barometer,11,FlightLogic,1301101,"0.0,0"
2026-05-24T16:40:59.354,13,Barometer,11,FlightLogic,1301101,"0.0,0"
2026-05-24T16:40:59.454,13,Barometer,11,FlightLogic,1301101,"0.0,0"
2026-05-24T16:40:59.555,13,Barometer,11,FlightLogic,1301101,"0.0,0"
2026-05-24T16:40:59.655,13,Barometer,11,FlightLogic,1301101,"0.0,0"
2026-05-24T16:40:59.755,13,Barometer,11,FlightLogic,1301101,"0.0,0"
2026-05-24T16:40:59.756,13,Barometer,12,Comm,1301201,"0.0,0.0,0.0,0"
2026-05-24T16:40:59.856,13,Barometer,11,FlightLogic,1301101,"0.0,0"
2026-05-24T16:40:59.956,13,Barometer,11,FlightLogic,1301101,"0.0,0"
2026-05-24T16:41:00.056,13,Barometer,11,FlightLogic,1301101,"0.0,0"
2026-05-24T16:41:00.157,13,Barometer,11,FlightLogic,1301101,"0.0,0"
2026-05-24T16:41:00.257,13,Barometer,11,FlightLogic,1301101,"0.0,0"
2026-05-24T16:41:00.358,13,Barometer,11,FlightLogic,1301101,"0.0,0"
2026-05-24T16:41:00.458,13,Barometer,11,FlightLogic,1301101,"0.0,0"
2026-05-24T16:41:00.558,13,Barometer,11,FlightLogic,1301101,"0.0,0"
2026-05-24T16:41:00.659,13,Barometer,11,FlightLogic,1301101,"0.0,0"
2026-05-24T16:41:00.759,13,Barometer,11,FlightLogic,1301101,"0.0,0"
2026-05-24T16:41:00.760,13,Barometer,12,Comm,1301201,"0.0,0.0,0.0,0"
2026-05-24T16:41:00.860,13,Barometer,11,FlightLogic,1301101,"0.0,0"
2026-05-24T16:41:00.960,13,Barometer,11,FlightLogic,1301101,"0.0,0"
2026-05-24T16:41:01.060,13,Barometer,11,FlightLogic,1301101,"0.0,0"
2026-05-24T16:41:01.161,13,Barometer,11,FlightLogic,1301101,"0.0,0"
2026-05-24T16:41:01.261,13,Barometer,11,FlightLogic,1301101,"0.0,0"
2026-05-24T16:41:01.361,13,Barometer,11,FlightLogic,1301101,"0.0,0"
2026-05-24T16:41:01.462,13,Barometer,11,FlightLogic,1301101,"0.0,0"
2026-05-24T16:41:01.562,13,Barometer,11,FlightLogic,1301101,"0.0,0"
2026-05-24T16:41:01.663,13,Barometer,11,FlightLogic,1301101,"0.0,0"
2026-05-24T16:41:01.763,13,Barometer,11,FlightLogic,1301101,"0.0,0"
2026-05-24T16:41:01.764,13,Barometer,12,Comm,1301201,"0.0,0.0,0.0,0"
2026-05-24T16:41:01.864,13,Barometer,11,FlightLogic,1301101,"0.0,0"
2026-05-24T16:41:01.964,13,Barometer,11,FlightLogic,1301101,"0.0,0"
2026-05-24T16:41:02.064,13,Barometer,11,FlightLogic,1301101,"0.0,0"
2026-05-24T16:41:02.165,13,Barometer,11,FlightLogic,1301101,"0.0,0"
2026-05-24T16:41:02.265,13,Barometer,11,FlightLogic,1301101,"0.0,0"
2026-05-24T16:41:02.366,13,Barometer,11,FlightLogic,1301101,"0.0,0"
2026-05-24T16:41:02.466,13,Barometer,11,FlightLogic,1301101,"0.0,0"
2026-05-24T16:41:02.566,13,Barometer,11,FlightLogic,1301101,"0.0,0"
2026-05-24T16:41:02.667,13,Barometer,11,FlightLogic,1301101,"0.0,0"
2026-05-24T16:41:02.767,13,Barometer,11,FlightLogic,1301101,"0.0,0"
2026-05-24T16:41:02.768,13,Barometer,12,Comm,1301201,"0.0,0.0,0.0,0"
2026-05-24T16:41:02.868,13,Barometer,11,FlightLogic,1301101,"0.0,0"
2026-05-24T16:41:02.968,13,Barometer,11,FlightLogic,1301101,"0.0,0"
2026-05-24T16:41:03.068,13,Barometer,11,FlightLogic,1301101,"0.0,0"
2026-05-24T16:41:03.169,13,Barometer,11,FlightLogic,1301101,"0.0,0"
2026-05-24T16:41:03.269,13,Barometer,11,FlightLogic,1301101,"0.0,0"
2026-05-24T16:41:03.370,13,Barometer,11,FlightLogic,1301101,"0.0,0"
2026-05-24T16:41:03.470,13,Barometer,11,FlightLogic,1301101,"0.0,0"
2026-05-24T16:41:03.570,13,Barometer,11,FlightLogic,1301101,"0.0,0"
2026-05-24T16:41:03.671,13,Barometer,11,FlightLogic,1301101,"0.0,0"
2026-05-24T16:41:03.771,13,Barometer,11,FlightLogic,1301101,"0.0,0"
2026-05-24T16:41:03.772,13,Barometer,12,Comm,1301201,"0.0,0.0,0.0,0"
2026-05-24T16:41:03.872,13,Barometer,11,FlightLogic,1301101,"0.0,0"
2026-05-24T16:41:03.972,13,Barometer,11,FlightLogic,1301101,"0.0,0"
2026-05-24T16:41:04.072,13,Barometer,11,FlightLogic,1301101,"0.0,0"
2026-05-24T16:41:04.173,13,Barometer,11,FlightLogic,1301101,"0.0,0"
2026-05-24T16:41:04.273,13,Barometer,11,FlightLogic,1301101,"0.0,0"
2026-05-24T16:41:04.374,13,Barometer,11,FlightLogic,1301101,"0.0,0"
2026-05-24T16:41:04.474,13,Barometer,11,FlightLogic,1301101,"0.0,0"
2026-05-24T16:41:04.574,13,Barometer,11,FlightLogic,1301101,"0.0,0"
2026-05-24T16:41:04.675,13,Barometer,11,FlightLogic,1301101,"0.0,0"
2026-05-24T16:41:04.775,13,Barometer,11,FlightLogic,1301101,"0.0,0"
2026-05-24T16:41:04.776,13,Barometer,12,Comm,1301201,"0.0,0.0,0.0,0"
2026-05-24T16:41:04.875,13,Barometer,11,FlightLogic,1301101,"0.0,0"
2026-05-24T16:41:04.976,13,Barometer,11,FlightLogic,1301101,"0.0,0"
2026-05-24T16:41:05.076,13,Barometer,11,FlightLogic,1301101,"0.0,0"
2026-05-24T16:41:05.177,13,Barometer,11,FlightLogic,1301101,"0.0,0"
2026-05-24T16:41:05.277,13,Barometer,11,FlightLogic,1301101,"0.0,0"
2026-05-24T16:41:05.377,13,Barometer,11,FlightLogic,1301101,"0.0,0"
2026-05-24T16:41:05.478,13,Barometer,11,FlightLogic,1301101,"0.0,0"
2026-05-24T16:41:05.578,13,Barometer,11,FlightLogic,1301101,"0.0,0"
2026-05-24T16:41:05.679,13,Barometer,11,FlightLogic,1301101,"0.0,0"
2026-05-24T16:41:05.779,13,Barometer,11,FlightLogic,1301101,"0.0,0"
2026-05-24T16:41:05.779,13,Barometer,12,Comm,1301201,"0.0,0.0,0.0,0"
2026-05-24T16:41:05.879,13,Barometer,11,FlightLogic,1301101,"0.0,0"
2026-05-24T16:41:05.980,13,Barometer,11,FlightLogic,1301101,"0.0,0"
2026-05-24T16:41:06.080,13,Barometer,11,FlightLogic,1301101,"0.0,0"
2026-05-24T16:41:06.181,13,Barometer,11,FlightLogic,1301101,"0.0,0"
2026-05-24T16:41:06.281,13,Barometer,11,FlightLogic,1301101,"0.0,0"
2026-05-24T16:41:06.381,13,Barometer,11,FlightLogic,1301101,"0.0,0"
2026-05-24T16:41:06.482,13,Barometer,11,FlightLogic,1301101,"0.0,0"
2026-05-24T16:41:06.582,13,Barometer,11,FlightLogic,1301101,"0.0,0"
2026-05-24T16:41:06.682,13,Barometer,11,FlightLogic,1301101,"0.0,0"
2026-05-24T16:41:06.783,13,Barometer,11,FlightLogic,1301101,"0.0,0"
2026-05-24T16:41:06.784,13,Barometer,12,Comm,1301201,"0.0,0.0,0.0,0"
2026-05-24T16:41:06.883,13,Barometer,11,FlightLogic,1301101,"0.0,0"
2026-05-24T16:41:06.984,13,Barometer,11,FlightLogic,1301101,"0.0,0"
2026-05-24T16:41:07.084,13,Barometer,11,FlightLogic,1301101,"0.0,0"
2026-05-24T16:41:07.184,13,Barometer,11,FlightLogic,1301101,"0.0,0"
2026-05-24T16:41:07.285,13,Barometer,11,FlightLogic,1301101,"0.0,0"
2026-05-24T16:41:07.385,13,Barometer,11,FlightLogic,1301101,"0.0,0"
2026-05-24T16:41:07.486,13,Barometer,11,FlightLogic,1301101,"0.0,0"
2026-05-24T16:41:07.586,13,Barometer,11,FlightLogic,1301101,"0.0,0"
2026-05-24T16:41:07.686,13,Barometer,11,FlightLogic,1301101,"0.0,0"
2026-05-24T16:41:07.787,13,Barometer,11,FlightLogic,1301101,"0.0,0"
2026-05-24T16:41:07.788,13,Barometer,12,Comm,1301201,"0.0,0.0,0.0,0"
2026-05-24T16:41:07.887,13,Barometer,11,FlightLogic,1301101,"0.0,0"
2026-05-24T16:41:07.988,13,Barometer,11,FlightLogic,1301101,"0.0,0"
2026-05-24T16:41:08.088,13,Barometer,11,FlightLogic,1301101,"0.0,0"
2026-05-24T16:41:08.188,13,Barometer,11,FlightLogic,1301101,"0.0,0"
2026-05-24T16:41:08.289,13,Barometer,11,FlightLogic,1301101,"0.0,0"
2026-05-24T16:41:08.389,13,Barometer,11,FlightLogic,1301101,"0.0,0"
2026-05-24T16:41:08.490,13,Barometer,11,FlightLogic,1301101,"0.0,0"
2026-05-24T16:41:08.590,13,Barometer,11,FlightLogic,1301101,"0.0,0"
2026-05-24T16:41:08.690,13,Barometer,11,FlightLogic,1301101,"0.0,0"
2026-05-24T16:41:08.791,13,Barometer,11,FlightLogic,1301101,"0.0,0"
2026-05-24T16:41:08.791,13,Barometer,12,Comm,1301201,"0.0,0.0,0.0,0"
2026-05-24T16:41:08.891,13,Barometer,11,FlightLogic,1301101,"0.0,0"
2026-05-24T16:41:08.991,13,Barometer,11,FlightLogic,1301101,"0.0,0"
2026-05-24T16:41:09.092,13,Barometer,11,FlightLogic,1301101,"0.0,0"
2026-05-24T16:41:09.192,13,Barometer,11,FlightLogic,1301101,"0.0,0"
2026-05-24T16:41:09.292,13,Barometer,11,FlightLogic,1301101,"0.0,0"
2026-05-24T16:41:09.393,13,Barometer,11,FlightLogic,1301101,"0.0,0"
2026-05-24T16:41:09.493,13,Barometer,11,FlightLogic,1301101,"0.0,0"
2026-05-24T16:41:09.593,13,Barometer,11,FlightLogic,1301101,"0.0,0"
2026-05-24T16:41:09.694,13,Barometer,11,FlightLogic,1301101,"0.0,0"
2026-05-24T16:41:09.794,13,Barometer,11,FlightLogic,1301101,"0.0,0"
2026-05-24T16:41:09.798,13,Barometer,12,Comm,1301201,"0.0,0.0,0.0,0"
2026-05-24T16:41:09.894,13,Barometer,11,FlightLogic,1301101,"0.0,0"
2026-05-24T16:41:09.995,13,Barometer,11,FlightLogic,1301101,"0.0,0"
2026-05-24T16:41:10.095,13,Barometer,11,FlightLogic,1301101,"0.0,0"
2026-05-24T16:41:10.196,13,Barometer,11,FlightLogic,1301101,"0.0,0"
2026-05-24T16:41:10.296,13,Barometer,11,FlightLogic,1301101,"0.0,0"
2026-05-24T16:41:10.396,13,Barometer,11,FlightLogic,1301101,"0.0,0"
2026-05-24T16:41:10.497,13,Barometer,11,FlightLogic,1301101,"0.0,0"
2026-05-24T16:41:10.597,13,Barometer,11,FlightLogic,1301101,"0.0,0"
2026-05-24T16:41:10.697,13,Barometer,11,FlightLogic,1301101,"0.0,0"
2026-05-24T16:41:10.798,13,Barometer,11,FlightLogic,1301101,"0.0,0"
2026-05-24T16:41:10.798,13,Barometer,12,Comm,1301201,"0.0,0.0,0.0,0"
2026-05-24T16:41:10.898,13,Barometer,11,FlightLogic,1301101,"0.0,0"
2026-05-24T16:41:10.998,13,Barometer,11,FlightLogic,1301101,"0.0,0"
2026-05-24T16:41:11.099,13,Barometer,11,FlightLogic,1301101,"0.0,0"
2026-05-24T16:41:11.199,13,Barometer,11,FlightLogic,1301101,"0.0,0"
2026-05-24T16:41:11.300,13,Barometer,11,FlightLogic,1301101,"0.0,0"
2026-05-24T16:41:11.400,13,Barometer,11,FlightLogic,1301101,"0.0,0"
2026-05-24T16:41:11.500,13,Barometer,11,FlightLogic,1301101,"0.0,0"
2026-05-24T16:41:11.601,13,Barometer,11,FlightLogic,1301101,"0.0,0"
2026-05-24T16:41:11.701,13,Barometer,11,FlightLogic,1301101,"0.0,0"
2026-05-24T16:41:11.802,13,Barometer,11,FlightLogic,1301101,"0.0,0"
2026-05-24T16:41:11.802,13,Barometer,12,Comm,1301201,"0.0,0.0,0.0,0"
2026-05-24T16:41:11.902,13,Barometer,11,FlightLogic,1301101,"0.0,0"
2026-05-24T16:41:12.003,13,Barometer,11,FlightLogic,1301101,"0.0,0"
2026-05-24T16:41:12.103,13,Barometer,11,FlightLogic,1301101,"0.0,0"
2026-05-24T16:41:12.203,13,Barometer,11,FlightLogic,1301101,"0.0,0"
2026-05-24T16:41:12.304,13,Barometer,11,FlightLogic,1301101,"0.0,0"
2026-05-24T16:41:12.404,13,Barometer,11,FlightLogic,1301101,"0.0,0"
2026-05-24T16:41:12.505,13,Barometer,11,FlightLogic,1301101,"0.0,0"
2026-05-24T16:41:12.605,13,Barometer,11,FlightLogic,1301101,"0.0,0"
2026-05-24T16:41:12.705,13,Barometer,11,FlightLogic,1301101,"0.0,0"
2026-05-24T16:41:12.806,13,Barometer,11,FlightLogic,1301101,"0.0,0"
2026-05-24T16:41:12.806,13,Barometer,12,Comm,1301201,"0.0,0.0,0.0,0"
2026-05-24T16:41:12.906,13,Barometer,11,FlightLogic,1301101,"0.0,0"
2026-05-24T16:41:13.007,13,Barometer,11,FlightLogic,1301101,"0.0,0"
2026-05-24T16:41:13.107,13,Barometer,11,FlightLogic,1301101,"0.0,0"
2026-05-24T16:41:13.207,13,Barometer,11,FlightLogic,1301101,"0.0,0"
2026-05-24T16:41:13.308,13,Barometer,11,FlightLogic,1301101,"0.0,0"
2026-05-24T16:41:13.408,13,Barometer,11,FlightLogic,1301101,"0.0,0"
2026-05-24T16:41:13.509,13,Barometer,11,FlightLogic,1301101,"0.0,0"
2026-05-24T16:41:13.609,13,Barometer,11,FlightLogic,1301101,"0.0,0"
2026-05-24T16:41:13.709,13,Barometer,11,FlightLogic,1301101,"0.0,0"
2026-05-24T16:41:13.810,13,Barometer,11,FlightLogic,1301101,"0.0,0"
2026-05-24T16:41:13.811,13,Barometer,12,Comm,1301201,"0.0,0.0,0.0,0"
2026-05-24T16:41:13.910,13,Barometer,11,FlightLogic,1301101,"0.0,0"
2026-05-24T16:41:14.011,13,Barometer,11,FlightLogic,1301101,"0.0,0"
2026-05-24T16:41:14.111,13,Barometer,11,FlightLogic,1301101,"0.0,0"
2026-05-24T16:41:14.212,13,Barometer,11,FlightLogic,1301101,"0.0,0"
2026-05-24T16:41:14.313,13,Barometer,11,FlightLogic,1301101,"0.0,0"
2026-05-24T16:41:14.413,13,Barometer,11,FlightLogic,1301101,"0.0,0"
2026-05-24T16:41:14.513,13,Barometer,11,FlightLogic,1301101,"0.0,0"
2026-05-24T16:41:14.613,13,Barometer,11,FlightLogic,1301101,"0.0,0"
2026-05-24T16:41:14.714,13,Barometer,11,FlightLogic,1301101,"0.0,0"
2026-05-24T16:41:14.814,13,Barometer,11,FlightLogic,1301101,"0.0,0"
2026-05-24T16:41:14.815,13,Barometer,12,Comm,1301201,"0.0,0.0,0.0,0"
2026-05-24T16:41:14.914,13,Barometer,11,FlightLogic,1301101,"0.0,0"
2026-05-24T16:41:15.015,13,Barometer,11,FlightLogic,1301101,"0.0,0"
2026-05-24T16:41:15.115,13,Barometer,11,FlightLogic,1301101,"0.0,0"
2026-05-24T16:41:15.216,13,Barometer,11,FlightLogic,1301101,"0.0,0"
2026-05-24T16:41:15.316,13,Barometer,11,FlightLogic,1301101,"0.0,0"
2026-05-24T16:41:15.417,13,Barometer,11,FlightLogic,1301101,"0.0,0"
2026-05-24T16:41:15.517,13,Barometer,11,FlightLogic,1301101,"0.0,0"
2026-05-24T16:41:15.617,13,Barometer,11,FlightLogic,1301101,"0.0,0"
2026-05-24T16:41:15.718,13,Barometer,11,FlightLogic,1301101,"0.0,0"
2026-05-24T16:41:15.818,13,Barometer,11,FlightLogic,1301101,"0.0,0"
2026-05-24T16:41:15.819,13,Barometer,12,Comm,1301201,"0.0,0.0,0.0,0"
2026-05-24T16:41:15.919,13,Barometer,11,FlightLogic,1301101,"0.0,0"
2026-05-24T16:41:16.020,13,Barometer,11,FlightLogic,1301101,"0.0,0"
2026-05-24T16:41:16.121,13,Barometer,11,FlightLogic,1301101,"0.0,0"
2026-05-24T16:41:16.221,13,Barometer,11,FlightLogic,1301101,"0.0,0"
2026-05-24T16:41:16.321,13,Barometer,11,FlightLogic,1301101,"0.0,0"
2026-05-24T16:41:16.422,13,Barometer,11,FlightLogic,1301101,"0.0,0"
2026-05-24T16:41:16.522,13,Barometer,11,FlightLogic,1301101,"0.0,0"
2026-05-24T16:41:16.622,13,Barometer,11,FlightLogic,1301101,"0.0,0"
2026-05-24T16:41:16.722,13,Barometer,11,FlightLogic,1301101,"0.0,0"
2026-05-24T16:41:16.823,13,Barometer,11,FlightLogic,1301101,"0.0,0"
2026-05-24T16:41:16.824,13,Barometer,12,Comm,1301201,"0.0,0.0,0.0,0"
2026-05-24T16:41:16.924,13,Barometer,11,FlightLogic,1301101,"0.0,0"
2026-05-24T16:41:17.024,13,Barometer,11,FlightLogic,1301101,"0.0,0"
2026-05-24T16:41:17.124,13,Barometer,11,FlightLogic,1301101,"0.0,0"
2026-05-24T16:41:17.224,13,Barometer,11,FlightLogic,1301101,"0.0,0"
2026-05-24T16:41:17.325,13,Barometer,11,FlightLogic,1301101,"0.0,0"
2026-05-24T16:41:17.425,13,Barometer,11,FlightLogic,1301101,"0.0,0"
2026-05-24T16:41:17.526,13,Barometer,11,FlightLogic,1301101,"0.0,0"
2026-05-24T16:41:17.626,13,Barometer,11,FlightLogic,1301101,"0.0,0"
2026-05-24T16:41:17.726,13,Barometer,11,FlightLogic,1301101,"0.0,0"
2026-05-24T16:41:17.827,13,Barometer,11,FlightLogic,1301101,"0.0,0"
2026-05-24T16:41:17.828,13,Barometer,12,Comm,1301201,"0.0,0.0,0.0,0"
2026-05-24T16:41:17.927,13,Barometer,11,FlightLogic,1301101,"0.0,0"
2026-05-24T16:41:18.028,13,Barometer,11,FlightLogic,1301101,"0.0,0"
2026-05-24T16:41:18.128,13,Barometer,11,FlightLogic,1301101,"0.0,0"
2026-05-24T16:41:18.229,13,Barometer,11,FlightLogic,1301101,"0.0,0"
2026-05-24T16:41:18.329,13,Barometer,11,FlightLogic,1301101,"0.0,0"
2026-05-24T16:41:18.429,13,Barometer,11,FlightLogic,1301101,"0.0,0"
2026-05-24T16:41:18.530,13,Barometer,11,FlightLogic,1301101,"0.0,0"
2026-05-24T16:41:18.630,13,Barometer,11,FlightLogic,1301101,"0.0,0"
2026-05-24T16:41:18.730,13,Barometer,11,FlightLogic,1301101,"0.0,0"
2026-05-24T16:41:18.831,13,Barometer,11,FlightLogic,1301101,"0.0,0"
2026-05-24T16:41:18.832,13,Barometer,12,Comm,1301201,"0.0,0.0,0.0,0"
2026-05-24T16:41:18.931,13,Barometer,11,FlightLogic,1301101,"0.0,0"
2026-05-24T16:41:19.032,13,Barometer,11,FlightLogic,1301101,"0.0,0"
2026-05-24T16:41:19.132,13,Barometer,11,FlightLogic,1301101,"0.0,0"
2026-05-24T16:41:19.232,13,Barometer,11,FlightLogic,1301101,"0.0,0"
2026-05-24T16:41:19.333,13,Barometer,11,FlightLogic,1301101,"0.0,0"
2026-05-24T16:41:19.433,13,Barometer,11,FlightLogic,1301101,"0.0,0"
2026-05-24T16:41:19.533,13,Barometer,11,FlightLogic,1301101,"0.0,0"
2026-05-24T16:41:19.634,13,Barometer,11,FlightLogic,1301101,"0.0,0"
2026-05-24T16:41:19.734,13,Barometer,11,FlightLogic,1301101,"0.0,0"
2026-05-24T16:41:19.834,13,Barometer,11,FlightLogic,1301101,"0.0,0"
2026-05-24T16:41:19.835,13,Barometer,12,Comm,1301201,"0.0,0.0,0.0,0"
2026-05-24T16:41:19.935,13,Barometer,11,FlightLogic,1301101,"0.0,0"
2026-05-24T16:41:20.035,13,Barometer,11,FlightLogic,1301101,"0.0,0"
2026-05-24T16:41:20.135,13,Barometer,11,FlightLogic,1301101,"0.0,0"
2026-05-24T16:41:20.236,13,Barometer,11,FlightLogic,1301101,"0.0,0"
2026-05-24T16:41:20.336,13,Barometer,11,FlightLogic,1301101,"0.0,0"
2026-05-24T16:41:20.436,13,Barometer,11,FlightLogic,1301101,"0.0,0"
2026-05-24T16:41:20.537,13,Barometer,11,FlightLogic,1301101,"0.0,0"
2026-05-24T16:41:20.637,13,Barometer,11,FlightLogic,1301101,"0.0,0"
2026-05-24T16:41:20.737,13,Barometer,11,FlightLogic,1301101,"0.0,0"
2026-05-24T16:41:20.838,13,Barometer,11,FlightLogic,1301101,"0.0,0"
2026-05-24T16:41:20.838,13,Barometer,12,Comm,1301201,"0.0,0.0,0.0,0"
2026-05-24T16:41:20.938,13,Barometer,11,FlightLogic,1301101,"0.0,0"
2026-05-24T16:41:21.038,13,Barometer,11,FlightLogic,1301101,"0.0,0"
2026-05-24T16:41:21.138,13,Barometer,11,FlightLogic,1301101,"0.0,0"
2026-05-24T16:41:21.239,13,Barometer,11,FlightLogic,1301101,"0.0,0"
2026-05-24T16:41:21.339,13,Barometer,11,FlightLogic,1301101,"0.0,0"
2026-05-24T16:41:21.439,13,Barometer,11,FlightLogic,1301101,"0.0,0"
2026-05-24T16:41:21.540,13,Barometer,11,FlightLogic,1301101,"0.0,0"
2026-05-24T16:41:21.640,13,Barometer,11,FlightLogic,1301101,"0.0,0"
2026-05-24T16:41:21.740,13,Barometer,11,FlightLogic,1301101,"0.0,0"
2026-05-24T16:41:21.841,13,Barometer,11,FlightLogic,1301101,"0.0,0"
2026-05-24T16:41:21.841,13,Barometer,12,Comm,1301201,"0.0,0.0,0.0,0"
2026-05-24T16:41:21.941,13,Barometer,11,FlightLogic,1301101,"0.0,0"
2026-05-24T16:41:22.041,13,Barometer,11,FlightLogic,1301101,"0.0,0"
2026-05-24T16:41:22.141,13,Barometer,11,FlightLogic,1301101,"0.0,0"
2026-05-24T16:41:22.242,13,Barometer,11,FlightLogic,1301101,"0.0,0"
2026-05-24T16:41:22.342,13,Barometer,11,FlightLogic,1301101,"0.0,0"
2026-05-24T16:41:22.442,13,Barometer,11,FlightLogic,1301101,"0.0,0"
2026-05-24T16:41:22.543,13,Barometer,11,FlightLogic,1301101,"0.0,0"
2026-05-24T16:41:22.643,13,Barometer,11,FlightLogic,1301101,"0.0,0"
2026-05-24T16:41:22.743,13,Barometer,11,FlightLogic,1301101,"0.0,0"
2026-05-24T16:41:22.844,13,Barometer,11,FlightLogic,1301101,"0.0,0"
2026-05-24T16:41:22.844,13,Barometer,12,Comm,1301201,"0.0,0.0,0.0,0"
2026-05-24T16:41:22.944,13,Barometer,11,FlightLogic,1301101,"0.0,0"
2026-05-24T16:41:23.044,13,Barometer,11,FlightLogic,1301101,"0.0,0"
2026-05-24T16:41:23.144,13,Barometer,11,FlightLogic,1301101,"0.0,0"
2026-05-24T16:41:23.245,13,Barometer,11,FlightLogic,1301101,"0.0,0"
2026-05-24T16:41:23.346,13,Barometer,11,FlightLogic,1301101,"0.0,0"
2026-05-24T16:41:23.446,13,Barometer,11,FlightLogic,1301101,"0.0,0"
2026-05-24T16:41:23.546,13,Barometer,11,FlightLogic,1301101,"0.0,0"
2026-05-24T16:41:23.646,13,Barometer,11,FlightLogic,1301101,"0.0,0"
2026-05-24T16:41:23.747,13,Barometer,11,FlightLogic,1301101,"0.0,0"
2026-05-24T16:41:23.847,13,Barometer,11,FlightLogic,1301101,"0.0,0"
2026-05-24T16:41:23.848,13,Barometer,12,Comm,1301201,"0.0,0.0,0.0,0"
2026-05-24T16:41:23.947,13,Barometer,11,FlightLogic,1301101,"0.0,0"
2026-05-24T16:41:24.048,13,Barometer,11,FlightLogic,1301101,"0.0,0"
2026-05-24T16:41:24.148,13,Barometer,11,FlightLogic,1301101,"0.0,0"
2026-05-24T16:41:24.249,13,Barometer,11,FlightLogic,1301101,"0.0,0"
2026-05-24T16:41:24.349,13,Barometer,11,FlightLogic,1301101,"0.0,0"
2026-05-24T16:41:24.449,13,Barometer,11,FlightLogic,1301101,"0.0,0"
2026-05-24T16:41:24.550,13,Barometer,11,FlightLogic,1301101,"0.0,0"
2026-05-24T16:41:24.650,13,Barometer,11,FlightLogic,1301101,"0.0,0"
2026-05-24T16:41:24.750,13,Barometer,11,FlightLogic,1301101,"0.0,0"
2026-05-24T16:41:24.851,13,Barometer,11,FlightLogic,1301101,"0.0,0"
2026-05-24T16:41:24.851,13,Barometer,12,Comm,1301201,"0.0,0.0,0.0,0"
2026-05-24T16:41:24.951,13,Barometer,11,FlightLogic,1301101,"0.0,0"
2026-05-24T16:41:25.051,13,Barometer,11,FlightLogic,1301101,"0.0,0"
2026-05-24T16:41:25.152,13,Barometer,11,FlightLogic,1301101,"0.0,0"
2026-05-24T16:41:25.252,13,Barometer,11,FlightLogic,1301101,"0.0,0"
2026-05-24T16:41:25.352,13,Barometer,11,FlightLogic,1301101,"0.0,0"
2026-05-24T16:41:25.453,13,Barometer,11,FlightLogic,1301101,"0.0,0"
2026-05-24T16:41:25.553,13,Barometer,11,FlightLogic,1301101,"0.0,0"
2026-05-24T16:41:25.653,13,Barometer,11,FlightLogic,1301101,"0.0,0"
2026-05-24T16:41:25.754,13,Barometer,11,FlightLogic,1301101,"0.0,0"
2026-05-24T16:41:25.854,13,Barometer,11,FlightLogic,1301101,"0.0,0"
2026-05-24T16:41:25.854,13,Barometer,12,Comm,1301201,"0.0,0.0,0.0,0"
2026-05-24T16:41:25.954,13,Barometer,11,FlightLogic,1301101,"0.0,0"
2026-05-24T16:41:26.055,13,Barometer,11,FlightLogic,1301101,"0.0,0"
2026-05-24T16:41:26.155,13,Barometer,11,FlightLogic,1301101,"0.0,0"
2026-05-24T16:41:26.255,13,Barometer,11,FlightLogic,1301101,"0.0,0"
2026-05-24T16:41:26.356,13,Barometer,11,FlightLogic,1301101,"0.0,0"
2026-05-24T16:41:26.456,13,Barometer,11,FlightLogic,1301101,"0.0,0"
2026-05-24T16:41:26.556,13,Barometer,11,FlightLogic,1301101,"0.0,0"
2026-05-24T16:41:26.657,13,Barometer,11,FlightLogic,1301101,"0.0,0"
2026-05-24T16:41:26.757,13,Barometer,11,FlightLogic,1301101,"0.0,0"
2026-05-24T16:41:26.857,13,Barometer,11,FlightLogic,1301101,"0.0,0"
2026-05-24T16:41:26.858,13,Barometer,12,Comm,1301201,"0.0,0.0,0.0,0"
2026-05-24T16:41:26.957,13,Barometer,11,FlightLogic,1301101,"0.0,0"
2026-05-24T16:41:27.058,13,Barometer,11,FlightLogic,1301101,"0.0,0"
2026-05-24T16:41:27.158,13,Barometer,11,FlightLogic,1301101,"0.0,0"
2026-05-24T16:41:27.259,13,Barometer,11,FlightLogic,1301101,"0.0,0"
2026-05-24T16:41:27.359,13,Barometer,11,FlightLogic,1301101,"0.0,0"
2026-05-24T16:41:27.459,13,Barometer,11,FlightLogic,1301101,"0.0,0"
2026-05-24T16:41:27.560,13,Barometer,11,FlightLogic,1301101,"0.0,0"
2026-05-24T16:41:27.660,13,Barometer,11,FlightLogic,1301101,"0.0,0"
2026-05-24T16:41:27.760,13,Barometer,11,FlightLogic,1301101,"0.0,0"
2026-05-24T16:41:27.861,13,Barometer,11,FlightLogic,1301101,"0.0,0"
2026-05-24T16:41:27.861,13,Barometer,12,Comm,1301201,"0.0,0.0,0.0,0"
2026-05-24T16:41:27.961,13,Barometer,11,FlightLogic,1301101,"0.0,0"
2026-05-24T16:41:28.061,13,Barometer,11,FlightLogic,1301101,"0.0,0"
2026-05-24T16:41:28.162,13,Barometer,11,FlightLogic,1301101,"0.0,0"
2026-05-24T16:41:28.262,13,Barometer,11,FlightLogic,1301101,"0.0,0"
2026-05-24T16:41:28.362,13,Barometer,11,FlightLogic,1301101,"0.0,0"
2026-05-24T16:41:28.462,13,Barometer,11,FlightLogic,1301101,"0.0,0"
2026-05-24T16:41:28.563,13,Barometer,11,FlightLogic,1301101,"0.0,0"
2026-05-24T16:41:28.663,13,Barometer,11,FlightLogic,1301101,"0.0,0"
2026-05-24T16:41:28.764,13,Barometer,11,FlightLogic,1301101,"0.0,0"
2026-05-24T16:41:28.864,13,Barometer,11,FlightLogic,1301101,"0.0,0"
2026-05-24T16:41:28.864,13,Barometer,12,Comm,1301201,"0.0,0.0,0.0,0"
2026-05-24T16:41:28.964,13,Barometer,11,FlightLogic,1301101,"0.0,0"
2026-05-24T16:41:29.064,13,Barometer,11,FlightLogic,1301101,"0.0,0"
2026-05-24T16:41:29.165,13,Barometer,11,FlightLogic,1301101,"0.0,0"
2026-05-24T16:41:29.265,13,Barometer,11,FlightLogic,1301101,"0.0,0"
2026-05-24T16:41:29.365,13,Barometer,11,FlightLogic,1301101,"0.0,0"
2026-05-24T16:41:29.466,13,Barometer,11,FlightLogic,1301101,"0.0,0"
2026-05-24T16:41:29.566,13,Barometer,11,FlightLogic,1301101,"0.0,0"
2026-05-24T16:41:29.666,13,Barometer,11,FlightLogic,1301101,"0.0,0"
2026-05-24T16:41:29.767,13,Barometer,11,FlightLogic,1301101,"0.0,0"
2026-05-24T16:41:29.867,13,Barometer,11,FlightLogic,1301101,"0.0,0"
2026-05-24T16:41:29.868,13,Barometer,12,Comm,1301201,"0.0,0.0,0.0,0"
2026-05-24T16:41:29.967,13,Barometer,11,FlightLogic,1301101,"0.0,0"
2026-05-24T16:41:30.067,13,Barometer,11,FlightLogic,1301101,"0.0,0"
2026-05-24T16:41:30.168,13,Barometer,11,FlightLogic,1301101,"0.0,0"
2026-05-24T16:41:30.268,13,Barometer,11,FlightLogic,1301101,"0.0,0"
2026-05-24T16:41:30.369,13,Barometer,11,FlightLogic,1301101,"0.0,0"
2026-05-24T16:41:30.469,13,Barometer,11,FlightLogic,1301101,"0.0,0"
2026-05-24T16:41:30.569,13,Barometer,11,FlightLogic,1301101,"0.0,0"
2026-05-24T16:41:30.669,13,Barometer,11,FlightLogic,1301101,"0.0,0"
2026-05-24T16:41:30.770,13,Barometer,11,FlightLogic,1301101,"0.0,0"
2026-05-24T16:41:30.870,13,Barometer,11,FlightLogic,1301101,"0.0,0"
2026-05-24T16:41:30.871,13,Barometer,12,Comm,1301201,"0.0,0.0,0.0,0"
2026-05-24T16:41:30.970,13,Barometer,11,FlightLogic,1301101,"0.0,0"
2026-05-24T16:41:31.071,13,Barometer,11,FlightLogic,1301101,"0.0,0"
2026-05-24T16:41:31.171,13,Barometer,11,FlightLogic,1301101,"0.0,0"
2026-05-24T16:41:31.271,13,Barometer,11,FlightLogic,1301101,"0.0,0"
2026-05-24T16:41:31.372,13,Barometer,11,FlightLogic,1301101,"0.0,0"
2026-05-24T16:41:31.472,13,Barometer,11,FlightLogic,1301101,"0.0,0"
2026-05-24T16:41:31.572,13,Barometer,11,FlightLogic,1301101,"0.0,0"
2026-05-24T16:41:31.673,13,Barometer,11,FlightLogic,1301101,"0.0,0"
2026-05-24T16:41:31.773,13,Barometer,11,FlightLogic,1301101,"0.0,0"
2026-05-24T16:41:31.873,13,Barometer,11,FlightLogic,1301101,"0.0,0"
2026-05-24T16:41:31.874,13,Barometer,12,Comm,1301201,"0.0,0.0,0.0,0"
2026-05-24T16:41:31.974,13,Barometer,11,FlightLogic,1301101,"0.0,0"
2026-05-24T16:41:32.074,13,Barometer,11,FlightLogic,1301101,"0.0,0"
2026-05-24T16:41:32.174,13,Barometer,11,FlightLogic,1301101,"0.0,0"
2026-05-24T16:41:32.275,13,Barometer,11,FlightLogic,1301101,"0.0,0"
2026-05-24T16:41:32.375,13,Barometer,11,FlightLogic,1301101,"0.0,0"
2026-05-24T16:41:32.475,13,Barometer,11,FlightLogic,1301101,"0.0,0"
2026-05-24T16:41:32.576,13,Barometer,11,FlightLogic,1301101,"0.0,0"
2026-05-24T16:41:32.676,13,Barometer,11,FlightLogic,1301101,"0.0,0"
2026-05-24T16:41:32.776,13,Barometer,11,FlightLogic,1301101,"0.0,0"
2026-05-24T16:41:32.877,13,Barometer,11,FlightLogic,1301101,"0.0,0"
2026-05-24T16:41:32.877,13,Barometer,12,Comm,1301201,"0.0,0.0,0.0,0"
2026-05-24T16:41:32.977,13,Barometer,11,FlightLogic,1301101,"0.0,0"
2026-05-24T16:41:33.077,13,Barometer,11,FlightLogic,1301101,"0.0,0"
2026-05-24T16:41:33.177,13,Barometer,11,FlightLogic,1301101,"0.0,0"
2026-05-24T16:41:33.278,13,Barometer,11,FlightLogic,1301101,"0.0,0"
2026-05-24T16:41:33.378,13,Barometer,11,FlightLogic,1301101,"0.0,0"
2026-05-24T16:41:33.478,13,Barometer,11,FlightLogic,1301101,"0.0,0"
2026-05-24T16:41:33.579,13,Barometer,11,FlightLogic,1301101,"0.0,0"
2026-05-24T16:41:33.679,13,Barometer,11,FlightLogic,1301101,"0.0,0"
2026-05-24T16:41:33.779,13,Barometer,11,FlightLogic,1301101,"0.0,0"
2026-05-24T16:41:33.880,13,Barometer,11,FlightLogic,1301101,"0.0,0"
2026-05-24T16:41:33.880,13,Barometer,12,Comm,1301201,"0.0,0.0,0.0,0"
2026-05-24T16:41:33.980,13,Barometer,11,FlightLogic,1301101,"0.0,0"
2026-05-24T16:41:34.080,13,Barometer,11,FlightLogic,1301101,"0.0,0"
2026-05-24T16:41:34.181,13,Barometer,11,FlightLogic,1301101,"0.0,0"
2026-05-24T16:41:34.281,13,Barometer,11,FlightLogic,1301101,"0.0,0"
2026-05-24T16:41:34.381,13,Barometer,11,FlightLogic,1301101,"0.0,0"
2026-05-24T16:41:34.482,13,Barometer,11,FlightLogic,1301101,"0.0,0"
2026-05-24T16:41:34.582,13,Barometer,11,FlightLogic,1301101,"0.0,0"
2026-05-24T16:41:34.682,13,Barometer,11,FlightLogic,1301101,"0.0,0"
2026-05-24T16:41:34.783,13,Barometer,11,FlightLogic,1301101,"0.0,0"
2026-05-24T16:41:34.883,13,Barometer,11,FlightLogic,1301101,"0.0,0"
2026-05-24T16:41:34.884,13,Barometer,12,Comm,1301201,"0.0,0.0,0.0,0"
2026-05-24T16:41:34.983,13,Barometer,11,FlightLogic,1301101,"0.0,0"
2026-05-24T16:41:35.084,13,Barometer,11,FlightLogic,1301101,"0.0,0"
2026-05-24T16:41:35.184,13,Barometer,11,FlightLogic,1301101,"0.0,0"
2026-05-24T16:41:35.284,13,Barometer,11,FlightLogic,1301101,"0.0,0"
2026-05-24T16:41:35.384,13,Barometer,11,FlightLogic,1301101,"0.0,0"
2026-05-24T16:41:35.485,13,Barometer,11,FlightLogic,1301101,"0.0,0"
2026-05-24T16:41:35.585,13,Barometer,11,FlightLogic,1301101,"0.0,0"
2026-05-24T16:41:35.685,13,Barometer,11,FlightLogic,1301101,"0.0,0"
2026-05-24T16:41:35.786,13,Barometer,11,FlightLogic,1301101,"0.0,0"
2026-05-24T16:41:35.886,13,Barometer,11,FlightLogic,1301101,"0.0,0"
2026-05-24T16:41:35.886,13,Barometer,12,Comm,1301201,"0.0,0.0,0.0,0"
2026-05-24T16:41:35.986,13,Barometer,11,FlightLogic,1301101,"0.0,0"
2026-05-24T16:41:36.086,13,Barometer,11,FlightLogic,1301101,"0.0,0"
2026-05-24T16:41:36.187,13,Barometer,11,FlightLogic,1301101,"0.0,0"
2026-05-24T16:41:36.287,13,Barometer,11,FlightLogic,1301101,"0.0,0"
2026-05-24T16:41:36.387,13,Barometer,11,FlightLogic,1301101,"0.0,0"
2026-05-24T16:41:36.488,13,Barometer,11,FlightLogic,1301101,"0.0,0"
2026-05-24T16:41:36.588,13,Barometer,11,FlightLogic,1301101,"0.0,0"
2026-05-24T16:41:36.688,13,Barometer,11,FlightLogic,1301101,"0.0,0"
2026-05-24T16:41:36.789,13,Barometer,11,FlightLogic,1301101,"0.0,0"
2026-05-24T16:41:36.889,13,Barometer,11,FlightLogic,1301101,"0.0,0"
2026-05-24T16:41:36.890,13,Barometer,12,Comm,1301201,"0.0,0.0,0.0,0"
2026-05-24T16:41:36.989,13,Barometer,11,FlightLogic,1301101,"0.0,0"
2026-05-24T16:41:37.089,13,Barometer,11,FlightLogic,1301101,"0.0,0"
2026-05-24T16:41:37.190,13,Barometer,11,FlightLogic,1301101,"0.0,0"
2026-05-24T16:41:37.290,13,Barometer,11,FlightLogic,1301101,"0.0,0"
2026-05-24T16:41:37.390,13,Barometer,11,FlightLogic,1301101,"0.0,0"
2026-05-24T16:41:37.491,13,Barometer,11,FlightLogic,1301101,"0.0,0"
2026-05-24T16:41:37.591,13,Barometer,11,FlightLogic,1301101,"0.0,0"
2026-05-24T16:41:37.691,13,Barometer,11,FlightLogic,1301101,"0.0,0"
2026-05-24T16:41:37.791,13,Barometer,11,FlightLogic,1301101,"0.0,0"
2026-05-24T16:41:37.892,13,Barometer,11,FlightLogic,1301101,"0.0,0"
2026-05-24T16:41:37.892,13,Barometer,12,Comm,1301201,"0.0,0.0,0.0,0"
2026-05-24T16:41:37.992,13,Barometer,11,FlightLogic,1301101,"0.0,0"
2026-05-24T16:41:38.092,13,Barometer,11,FlightLogic,1301101,"0.0,0"
2026-05-24T16:41:38.193,13,Barometer,11,FlightLogic,1301101,"0.0,0"
2026-05-24T16:41:38.293,13,Barometer,11,FlightLogic,1301101,"0.0,0"
2026-05-24T16:41:38.393,13,Barometer,11,FlightLogic,1301101,"0.0,0"
2026-05-24T16:41:38.494,13,Barometer,11,FlightLogic,1301101,"0.0,0"
2026-05-24T16:41:38.594,13,Barometer,11,FlightLogic,1301101,"0.0,0"
2026-05-24T16:41:38.694,13,Barometer,11,FlightLogic,1301101,"0.0,0"
2026-05-24T16:41:38.794,13,Barometer,11,FlightLogic,1301101,"0.0,0"
2026-05-24T16:41:38.895,13,Barometer,11,FlightLogic,1301101,"0.0,0"
2026-05-24T16:41:38.895,13,Barometer,12,Comm,1301201,"0.0,0.0,0.0,0"
2026-05-24T16:41:38.995,13,Barometer,11,FlightLogic,1301101,"0.0,0"
2026-05-24T16:41:39.095,13,Barometer,11,FlightLogic,1301101,"0.0,0"
2026-05-24T16:41:39.196,13,Barometer,11,FlightLogic,1301101,"0.0,0"
2026-05-24T16:41:39.297,13,Barometer,11,FlightLogic,1301101,"0.0,0"
2026-05-24T16:41:39.397,13,Barometer,11,FlightLogic,1301101,"0.0,0"
2026-05-24T16:41:39.497,13,Barometer,11,FlightLogic,1301101,"0.0,0"
2026-05-24T16:41:39.597,13,Barometer,11,FlightLogic,1301101,"0.0,0"
2026-05-24T16:41:39.698,13,Barometer,11,FlightLogic,1301101,"0.0,0"
2026-05-24T16:41:39.798,13,Barometer,11,FlightLogic,1301101,"0.0,0"
2026-05-24T16:41:39.898,13,Barometer,11,FlightLogic,1301101,"0.0,0"
2026-05-24T16:41:39.899,13,Barometer,12,Comm,1301201,"0.0,0.0,0.0,0"
2026-05-24T16:41:39.999,13,Barometer,11,FlightLogic,1301101,"0.0,0"
2026-05-24T16:41:40.099,13,Barometer,11,FlightLogic,1301101,"0.0,0"
2026-05-24T16:41:40.199,13,Barometer,11,FlightLogic,1301101,"0.0,0"
2026-05-24T16:41:40.300,13,Barometer,11,FlightLogic,1301101,"0.0,0"
2026-05-24T16:41:40.400,13,Barometer,11,FlightLogic,1301101,"0.0,0"
2026-05-24T16:41:40.500,13,Barometer,11,FlightLogic,1301101,"0.0,0"
2026-05-24T16:41:40.601,13,Barometer,11,FlightLogic,1301101,"0.0,0"
2026-05-24T16:41:40.701,13,Barometer,11,FlightLogic,1301101,"0.0,0"
2026-05-24T16:41:40.801,13,Barometer,11,FlightLogic,1301101,"0.0,0"
2026-05-24T16:41:40.902,13,Barometer,11,FlightLogic,1301101,"0.0,0"
2026-05-24T16:41:40.902,13,Barometer,12,Comm,1301201,"0.0,0.0,0.0,0"
2026-05-24T16:41:41.002,13,Barometer,11,FlightLogic,1301101,"0.0,0"
2026-05-24T16:41:41.102,13,Barometer,11,FlightLogic,1301101,"0.0,0"
2026-05-24T16:41:41.203,13,Barometer,11,FlightLogic,1301101,"0.0,0"
2026-05-24T16:41:41.303,13,Barometer,11,FlightLogic,1301101,"0.0,0"
2026-05-24T16:41:41.403,13,Barometer,11,FlightLogic,1301101,"0.0,0"
2026-05-24T16:41:41.504,13,Barometer,11,FlightLogic,1301101,"0.0,0"
2026-05-24T16:41:41.604,13,Barometer,11,FlightLogic,1301101,"0.0,0"
2026-05-24T16:41:41.704,13,Barometer,11,FlightLogic,1301101,"0.0,0"
2026-05-24T16:41:41.805,13,Barometer,11,FlightLogic,1301101,"0.0,0"
2026-05-24T16:41:41.905,13,Barometer,11,FlightLogic,1301101,"0.0,0"
2026-05-24T16:41:41.906,13,Barometer,12,Comm,1301201,"0.0,0.0,0.0,0"
2026-05-24T16:41:42.005,13,Barometer,11,FlightLogic,1301101,"0.0,0"
2026-05-24T16:41:42.106,13,Barometer,11,FlightLogic,1301101,"0.0,0"
2026-05-24T16:41:42.206,13,Barometer,11,FlightLogic,1301101,"0.0,0"
2026-05-24T16:41:42.306,13,Barometer,11,FlightLogic,1301101,"0.0,0"
2026-05-24T16:41:42.407,13,Barometer,11,FlightLogic,1301101,"0.0,0"
2026-05-24T16:41:42.507,13,Barometer,11,FlightLogic,1301101,"0.0,0"
2026-05-24T16:41:42.607,13,Barometer,11,FlightLogic,1301101,"0.0,0"
2026-05-24T16:41:42.708,13,Barometer,11,FlightLogic,1301101,"0.0,0"
2026-05-24T16:41:42.808,13,Barometer,11,FlightLogic,1301101,"0.0,0"
2026-05-24T16:41:42.908,13,Barometer,11,FlightLogic,1301101,"0.0,0"
2026-05-24T16:41:42.909,13,Barometer,12,Comm,1301201,"0.0,0.0,0.0,0"
2026-05-24T16:41:43.009,13,Barometer,11,FlightLogic,1301101,"0.0,0"
2026-05-24T16:41:43.109,13,Barometer,11,FlightLogic,1301101,"0.0,0"
2026-05-24T16:41:43.209,13,Barometer,11,FlightLogic,1301101,"0.0,0"
2026-05-24T16:41:43.309,13,Barometer,11,FlightLogic,1301101,"0.0,0"
2026-05-24T16:41:43.410,13,Barometer,11,FlightLogic,1301101,"0.0,0"
2026-05-24T16:41:43.511,13,Barometer,11,FlightLogic,1301101,"0.0,0"
2026-05-24T16:41:43.611,13,Barometer,11,FlightLogic,1301101,"0.0,0"
2026-05-24T16:41:43.711,13,Barometer,11,FlightLogic,1301101,"0.0,0"
2026-05-24T16:41:43.812,13,Barometer,11,FlightLogic,1301101,"0.0,0"
2026-05-24T16:41:43.912,13,Barometer,11,FlightLogic,1301101,"0.0,0"
2026-05-24T16:41:43.913,13,Barometer,12,Comm,1301201,"0.0,0.0,0.0,0"
2026-05-24T16:41:44.012,13,Barometer,11,FlightLogic,1301101,"0.0,0"
2026-05-24T16:41:44.112,13,Barometer,11,FlightLogic,1301101,"0.0,0"
2026-05-24T16:41:44.213,13,Barometer,11,FlightLogic,1301101,"0.0,0"
2026-05-24T16:41:44.313,13,Barometer,11,FlightLogic,1301101,"0.0,0"
2026-05-24T16:41:44.414,13,Barometer,11,FlightLogic,1301101,"0.0,0"
2026-05-24T16:41:44.514,13,Barometer,11,FlightLogic,1301101,"0.0,0"
2026-05-24T16:41:44.614,13,Barometer,11,FlightLogic,1301101,"0.0,0"
2026-05-24T16:41:44.714,13,Barometer,11,FlightLogic,1301101,"0.0,0"
2026-05-24T16:41:44.815,13,Barometer,11,FlightLogic,1301101,"0.0,0"
2026-05-24T16:41:44.920,13,Barometer,11,FlightLogic,1301101,"0.0,0"
2026-05-24T16:41:44.920,13,Barometer,12,Comm,1301201,"0.0,0.0,0.0,0"
2026-05-24T16:41:45.016,13,Barometer,11,FlightLogic,1301101,"0.0,0"
2026-05-24T16:41:45.116,13,Barometer,11,FlightLogic,1301101,"0.0,0"
2026-05-24T16:41:45.216,13,Barometer,11,FlightLogic,1301101,"0.0,0"
2026-05-24T16:41:45.316,13,Barometer,11,FlightLogic,1301101,"0.0,0"
2026-05-24T16:41:45.417,13,Barometer,11,FlightLogic,1301101,"0.0,0"
2026-05-24T16:41:45.517,13,Barometer,11,FlightLogic,1301101,"0.0,0"
2026-05-24T16:41:45.617,13,Barometer,11,FlightLogic,1301101,"0.0,0"
2026-05-24T16:41:45.718,13,Barometer,11,FlightLogic,1301101,"0.0,0"
2026-05-24T16:41:45.818,13,Barometer,11,FlightLogic,1301101,"0.0,0"
2026-05-24T16:41:45.918,13,Barometer,11,FlightLogic,1301101,"0.0,0"
2026-05-24T16:41:45.919,13,Barometer,12,Comm,1301201,"0.0,0.0,0.0,0"
2026-05-24T16:41:46.018,13,Barometer,11,FlightLogic,1301101,"0.0,0"
2026-05-24T16:41:46.119,13,Barometer,11,FlightLogic,1301101,"0.0,0"
2026-05-24T16:41:46.219,13,Barometer,11,FlightLogic,1301101,"0.0,0"
2026-05-24T16:41:46.320,13,Barometer,11,FlightLogic,1301101,"0.0,0"
2026-05-24T16:41:46.420,13,Barometer,11,FlightLogic,1301101,"0.0,0"
2026-05-24T16:41:46.520,13,Barometer,11,FlightLogic,1301101,"0.0,0"
2026-05-24T16:41:46.621,13,Barometer,11,FlightLogic,1301101,"0.0,0"
2026-05-24T16:41:46.721,13,Barometer,11,FlightLogic,1301101,"0.0,0"
2026-05-24T16:41:46.821,13,Barometer,11,FlightLogic,1301101,"0.0,0"
2026-05-24T16:41:46.921,13,Barometer,11,FlightLogic,1301101,"0.0,0"
2026-05-24T16:41:46.922,13,Barometer,12,Comm,1301201,"0.0,0.0,0.0,0"
2026-05-24T16:41:47.022,13,Barometer,11,FlightLogic,1301101,"0.0,0"
2026-05-24T16:41:47.122,13,Barometer,11,FlightLogic,1301101,"0.0,0"
2026-05-24T16:41:47.222,13,Barometer,11,FlightLogic,1301101,"0.0,0"
2026-05-24T16:41:47.323,13,Barometer,11,FlightLogic,1301101,"0.0,0"
2026-05-24T16:41:47.423,13,Barometer,11,FlightLogic,1301101,"0.0,0"
2026-05-24T16:41:47.523,13,Barometer,11,FlightLogic,1301101,"0.0,0"
2026-05-24T16:41:47.624,13,Barometer,11,FlightLogic,1301101,"0.0,0"
2026-05-24T16:41:47.724,13,Barometer,11,FlightLogic,1301101,"0.0,0"
2026-05-24T16:41:47.825,13,Barometer,11,FlightLogic,1301101,"0.0,0"
2026-05-24T16:41:47.925,13,Barometer,11,FlightLogic,1301101,"0.0,0"
2026-05-24T16:41:47.925,13,Barometer,12,Comm,1301201,"0.0,0.0,0.0,0"
2026-05-24T16:41:48.025,13,Barometer,11,FlightLogic,1301101,"0.0,0"
2026-05-24T16:41:48.125,13,Barometer,11,FlightLogic,1301101,"0.0,0"
2026-05-24T16:41:48.226,13,Barometer,11,FlightLogic,1301101,"0.0,0"
2026-05-24T16:41:48.326,13,Barometer,11,FlightLogic,1301101,"0.0,0"
2026-05-24T16:41:48.426,13,Barometer,11,FlightLogic,1301101,"0.0,0"
2026-05-24T16:41:48.527,13,Barometer,11,FlightLogic,1301101,"0.0,0"
2026-05-24T16:41:48.627,13,Barometer,11,FlightLogic,1301101,"0.0,0"
2026-05-24T16:41:48.727,13,Barometer,11,FlightLogic,1301101,"0.0,0"
2026-05-24T16:41:48.828,13,Barometer,11,FlightLogic,1301101,"0.0,0"
2026-05-24T16:41:48.928,13,Barometer,11,FlightLogic,1301101,"0.0,0"
2026-05-24T16:41:48.928,13,Barometer,12,Comm,1301201,"0.0,0.0,0.0,0"
2026-05-24T16:41:49.028,13,Barometer,11,FlightLogic,1301101,"0.0,0"
2026-05-24T16:41:49.128,13,Barometer,11,FlightLogic,1301101,"0.0,0"
2026-05-24T16:41:49.229,13,Barometer,11,FlightLogic,1301101,"0.0,0"
2026-05-24T16:41:49.329,13,Barometer,11,FlightLogic,1301101,"0.0,0"
2026-05-24T16:41:49.430,13,Barometer,11,FlightLogic,1301101,"0.0,0"
2026-05-24T16:41:49.530,13,Barometer,11,FlightLogic,1301101,"0.0,0"
2026-05-24T16:41:49.630,13,Barometer,11,FlightLogic,1301101,"0.0,0"
2026-05-24T16:41:49.730,13,Barometer,11,FlightLogic,1301101,"0.0,0"
2026-05-24T16:41:49.831,13,Barometer,11,FlightLogic,1301101,"0.0,0"
2026-05-24T16:41:49.931,13,Barometer,11,FlightLogic,1301101,"0.0,0"
2026-05-24T16:41:49.932,13,Barometer,12,Comm,1301201,"0.0,0.0,0.0,0"
2026-05-24T16:41:50.032,13,Barometer,11,FlightLogic,1301101,"0.0,0"
2026-05-24T16:41:50.132,13,Barometer,11,FlightLogic,1301101,"0.0,0"
2026-05-24T16:41:50.232,13,Barometer,11,FlightLogic,1301101,"0.0,0"
2026-05-24T16:41:50.332,13,Barometer,11,FlightLogic,1301101,"0.0,0"
2026-05-24T16:41:50.433,13,Barometer,11,FlightLogic,1301101,"0.0,0"
2026-05-24T16:41:50.533,13,Barometer,11,FlightLogic,1301101,"0.0,0"
2026-05-24T16:41:50.633,13,Barometer,11,FlightLogic,1301101,"0.0,0"
2026-05-24T16:41:50.733,13,Barometer,11,FlightLogic,1301101,"0.0,0"
2026-05-24T16:41:50.834,13,Barometer,11,FlightLogic,1301101,"0.0,0"
2026-05-24T16:41:50.934,13,Barometer,11,FlightLogic,1301101,"0.0,0"
2026-05-24T16:41:50.935,13,Barometer,12,Comm,1301201,"0.0,0.0,0.0,0"
2026-05-24T16:41:51.035,13,Barometer,11,FlightLogic,1301101,"0.0,0"
2026-05-24T16:41:51.135,13,Barometer,11,FlightLogic,1301101,"0.0,0"
2026-05-24T16:41:51.235,13,Barometer,11,FlightLogic,1301101,"0.0,0"
2026-05-24T16:41:51.335,13,Barometer,11,FlightLogic,1301101,"0.0,0"
2026-05-24T16:41:51.436,13,Barometer,11,FlightLogic,1301101,"0.0,0"
2026-05-24T16:41:51.536,13,Barometer,11,FlightLogic,1301101,"0.0,0"
2026-05-24T16:41:51.636,13,Barometer,11,FlightLogic,1301101,"0.0,0"
2026-05-24T16:41:51.736,13,Barometer,11,FlightLogic,1301101,"0.0,0"
2026-05-24T16:41:51.837,13,Barometer,11,FlightLogic,1301101,"0.0,0"
2026-05-24T16:41:51.938,13,Barometer,11,FlightLogic,1301101,"0.0,0"
2026-05-24T16:41:51.938,13,Barometer,12,Comm,1301201,"0.0,0.0,0.0,0"
2026-05-24T16:41:52.038,13,Barometer,11,FlightLogic,1301101,"0.0,0"
2026-05-24T16:41:52.138,13,Barometer,11,FlightLogic,1301101,"0.0,0"
2026-05-24T16:41:52.238,13,Barometer,11,FlightLogic,1301101,"0.0,0"
2026-05-24T16:41:52.339,13,Barometer,11,FlightLogic,1301101,"0.0,0"
2026-05-24T16:41:52.439,13,Barometer,11,FlightLogic,1301101,"0.0,0"
2026-05-24T16:41:52.539,13,Barometer,11,FlightLogic,1301101,"0.0,0"
2026-05-24T16:41:52.640,13,Barometer,11,FlightLogic,1301101,"0.0,0"
2026-05-24T16:41:52.740,13,Barometer,11,FlightLogic,1301101,"0.0,0"
2026-05-24T16:41:52.840,13,Barometer,11,FlightLogic,1301101,"0.0,0"
2026-05-24T16:41:52.940,13,Barometer,11,FlightLogic,1301101,"0.0,0"
2026-05-24T16:41:52.941,13,Barometer,12,Comm,1301201,"0.0,0.0,0.0,0"
2026-05-24T16:41:53.041,13,Barometer,11,FlightLogic,1301101,"0.0,0"
2026-05-24T16:41:53.141,13,Barometer,11,FlightLogic,1301101,"0.0,0"
2026-05-24T16:41:53.241,13,Barometer,11,FlightLogic,1301101,"0.0,0"
2026-05-24T16:41:53.342,13,Barometer,11,FlightLogic,1301101,"0.0,0"
2026-05-24T16:41:53.442,13,Barometer,11,FlightLogic,1301101,"0.0,0"
2026-05-24T16:41:53.542,13,Barometer,11,FlightLogic,1301101,"0.0,0"
2026-05-24T16:41:53.642,13,Barometer,11,FlightLogic,1301101,"0.0,0"
2026-05-24T16:41:53.743,13,Barometer,11,FlightLogic,1301101,"0.0,0"
2026-05-24T16:41:53.843,13,Barometer,11,FlightLogic,1301101,"0.0,0"
2026-05-24T16:41:53.943,13,Barometer,11,FlightLogic,1301101,"0.0,0"
2026-05-24T16:41:53.944,13,Barometer,12,Comm,1301201,"0.0,0.0,0.0,0"
2026-05-24T16:41:54.044,13,Barometer,11,FlightLogic,1301101,"0.0,0"
2026-05-24T16:41:54.144,13,Barometer,11,FlightLogic,1301101,"0.0,0"
2026-05-24T16:41:54.244,13,Barometer,11,FlightLogic,1301101,"0.0,0"
2026-05-24T16:41:54.344,13,Barometer,11,FlightLogic,1301101,"0.0,0"
2026-05-24T16:41:54.445,13,Barometer,11,FlightLogic,1301101,"0.0,0"
2026-05-24T16:41:54.545,13,Barometer,11,FlightLogic,1301101,"0.0,0"
2026-05-24T16:41:54.645,13,Barometer,11,FlightLogic,1301101,"0.0,0"
2026-05-24T16:41:54.746,13,Barometer,11,FlightLogic,1301101,"0.0,0"
2026-05-24T16:41:54.846,13,Barometer,11,FlightLogic,1301101,"0.0,0"
2026-05-24T16:41:54.946,13,Barometer,11,FlightLogic,1301101,"0.0,0"
2026-05-24T16:41:54.947,13,Barometer,12,Comm,1301201,"0.0,0.0,0.0,0"
2026-05-24T16:41:55.047,13,Barometer,11,FlightLogic,1301101,"0.0,0"
2026-05-24T16:41:55.147,13,Barometer,11,FlightLogic,1301101,"0.0,0"
2026-05-24T16:41:55.247,13,Barometer,11,FlightLogic,1301101,"0.0,0"
2026-05-24T16:41:55.347,13,Barometer,11,FlightLogic,1301101,"0.0,0"
2026-05-24T16:41:55.448,13,Barometer,11,FlightLogic,1301101,"0.0,0"
2026-05-24T16:41:55.548,13,Barometer,11,FlightLogic,1301101,"0.0,0"
2026-05-24T16:41:55.648,13,Barometer,11,FlightLogic,1301101,"0.0,0"
2026-05-24T16:41:55.749,13,Barometer,11,FlightLogic,1301101,"0.0,0"
2026-05-24T16:41:55.849,13,Barometer,11,FlightLogic,1301101,"0.0,0"
2026-05-24T16:41:55.949,13,Barometer,11,FlightLogic,1301101,"0.0,0"
2026-05-24T16:41:55.950,13,Barometer,12,Comm,1301201,"0.0,0.0,0.0,0"
2026-05-24T16:41:56.049,13,Barometer,11,FlightLogic,1301101,"0.0,0"
2026-05-24T16:41:56.150,13,Barometer,11,FlightLogic,1301101,"0.0,0"
2026-05-24T16:41:56.250,13,Barometer,11,FlightLogic,1301101,"0.0,0"
2026-05-24T16:41:56.350,13,Barometer,11,FlightLogic,1301101,"0.0,0"
2026-05-24T16:41:56.451,13,Barometer,11,FlightLogic,1301101,"0.0,0"
2026-05-24T16:41:56.551,13,Barometer,11,FlightLogic,1301101,"0.0,0"
2026-05-24T16:41:56.651,13,Barometer,11,FlightLogic,1301101,"0.0,0"
2026-05-24T16:41:56.752,13,Barometer,11,FlightLogic,1301101,"0.0,0"
2026-05-24T16:41:56.852,13,Barometer,11,FlightLogic,1301101,"0.0,0"
2026-05-24T16:41:56.952,13,Barometer,11,FlightLogic,1301101,"0.0,0"
2026-05-24T16:41:56.953,13,Barometer,12,Comm,1301201,"0.0,0.0,0.0,0"
2026-05-24T16:41:57.052,13,Barometer,11,FlightLogic,1301101,"0.0,0"
2026-05-24T16:41:57.153,13,Barometer,11,FlightLogic,1301101,"0.0,0"
2026-05-24T16:41:57.253,13,Barometer,11,FlightLogic,1301101,"0.0,0"
2026-05-24T16:41:57.353,13,Barometer,11,FlightLogic,1301101,"0.0,0"
2026-05-24T16:41:57.454,13,Barometer,11,FlightLogic,1301101,"0.0,0"
2026-05-24T16:41:57.554,13,Barometer,11,FlightLogic,1301101,"0.0,0"
2026-05-24T16:41:57.654,13,Barometer,11,FlightLogic,1301101,"0.0,0"
2026-05-24T16:41:57.754,13,Barometer,11,FlightLogic,1301101,"0.0,0"
2026-05-24T16:41:57.855,13,Barometer,11,FlightLogic,1301101,"0.0,0"
2026-05-24T16:41:57.955,13,Barometer,11,FlightLogic,1301101,"0.0,0"
2026-05-24T16:41:57.956,13,Barometer,12,Comm,1301201,"0.0,0.0,0.0,0"
2026-05-24T16:41:58.055,13,Barometer,11,FlightLogic,1301101,"0.0,0"
2026-05-24T16:41:58.156,13,Barometer,11,FlightLogic,1301101,"0.0,0"
2026-05-24T16:41:58.256,13,Barometer,11,FlightLogic,1301101,"0.0,0"
2026-05-24T16:41:58.356,13,Barometer,11,FlightLogic,1301101,"0.0,0"
2026-05-24T16:41:58.456,13,Barometer,11,FlightLogic,1301101,"0.0,0"
2026-05-24T16:41:58.557,13,Barometer,11,FlightLogic,1301101,"0.0,0"
2026-05-24T16:41:58.657,13,Barometer,11,FlightLogic,1301101,"0.0,0"
2026-05-24T16:41:58.757,13,Barometer,11,FlightLogic,1301101,"0.0,0"
2026-05-24T16:41:58.858,13,Barometer,11,FlightLogic,1301101,"0.0,0"
2026-05-24T16:41:58.958,13,Barometer,11,FlightLogic,1301101,"0.0,0"
2026-05-24T16:41:58.958,13,Barometer,12,Comm,1301201,"0.0,0.0,0.0,0"
2026-05-24T16:41:59.058,13,Barometer,11,FlightLogic,1301101,"0.0,0"
2026-05-24T16:41:59.158,13,Barometer,11,FlightLogic,1301101,"0.0,0"
2026-05-24T16:41:59.259,13,Barometer,11,FlightLogic,1301101,"0.0,0"
2026-05-24T16:41:59.359,13,Barometer,11,FlightLogic,1301101,"0.0,0"
2026-05-24T16:41:59.459,13,Barometer,11,FlightLogic,1301101,"0.0,0"
2026-05-24T16:41:59.560,13,Barometer,11,FlightLogic,1301101,"0.0,0"
2026-05-24T16:41:59.660,13,Barometer,11,FlightLogic,1301101,"0.0,0"
2026-05-24T16:41:59.760,13,Barometer,11,FlightLogic,1301101,"0.0,0"
2026-05-24T16:41:59.861,13,Barometer,11,FlightLogic,1301101,"0.0,0"
2026-05-24T16:41:59.966,13,Barometer,11,FlightLogic,1301101,"0.0,0"
2026-05-24T16:41:59.966,13,Barometer,12,Comm,1301201,"0.0,0.0,0.0,0"
2026-05-24T16:42:00.061,13,Barometer,11,FlightLogic,1301101,"0.0,0"
2026-05-24T16:42:00.161,13,Barometer,11,FlightLogic,1301101,"0.0,0"
2026-05-24T16:42:00.262,13,Barometer,11,FlightLogic,1301101,"0.0,0"
2026-05-24T16:42:00.362,13,Barometer,11,FlightLogic,1301101,"0.0,0"
2026-05-24T16:42:00.462,13,Barometer,11,FlightLogic,1301101,"0.0,0"
2026-05-24T16:42:00.562,13,Barometer,11,FlightLogic,1301101,"0.0,0"
2026-05-24T16:42:00.663,13,Barometer,11,FlightLogic,1301101,"0.0,0"
2026-05-24T16:42:00.763,13,Barometer,11,FlightLogic,1301101,"0.0,0"
2026-05-24T16:42:00.863,13,Barometer,11,FlightLogic,1301101,"0.0,0"
2026-05-24T16:42:00.964,13,Barometer,11,FlightLogic,1301101,"0.0,0"
2026-05-24T16:42:00.964,13,Barometer,12,Comm,1301201,"0.0,0.0,0.0,0"
2026-05-24T16:42:01.064,13,Barometer,11,FlightLogic,1301101,"0.0,0"
2026-05-24T16:42:01.164,13,Barometer,11,FlightLogic,1301101,"0.0,0"
2026-05-24T16:42:01.264,13,Barometer,11,FlightLogic,1301101,"0.0,0"
2026-05-24T16:42:01.365,13,Barometer,11,FlightLogic,1301101,"0.0,0"
2026-05-24T16:42:01.465,13,Barometer,11,FlightLogic,1301101,"0.0,0"
2026-05-24T16:42:01.565,13,Barometer,11,FlightLogic,1301101,"0.0,0"
2026-05-24T16:42:01.665,13,Barometer,11,FlightLogic,1301101,"0.0,0"
2026-05-24T16:42:01.766,13,Barometer,11,FlightLogic,1301101,"0.0,0"
2026-05-24T16:42:01.866,13,Barometer,11,FlightLogic,1301101,"0.0,0"
2026-05-24T16:42:01.966,13,Barometer,11,FlightLogic,1301101,"0.0,0"
2026-05-24T16:42:01.967,13,Barometer,12,Comm,1301201,"0.0,0.0,0.0,0"
2026-05-24T16:42:02.067,13,Barometer,11,FlightLogic,1301101,"0.0,0"
2026-05-24T16:42:02.167,13,Barometer,11,FlightLogic,1301101,"0.0,0"
2026-05-24T16:42:02.267,13,Barometer,11,FlightLogic,1301101,"0.0,0"
2026-05-24T16:42:02.368,13,Barometer,11,FlightLogic,1301101,"0.0,0"
2026-05-24T16:42:02.468,13,Barometer,11,FlightLogic,1301101,"0.0,0"
2026-05-24T16:42:02.568,13,Barometer,11,FlightLogic,1301101,"0.0,0"
2026-05-24T16:42:02.668,13,Barometer,11,FlightLogic,1301101,"0.0,0"
2026-05-24T16:42:02.769,13,Barometer,11,FlightLogic,1301101,"0.0,0"
2026-05-24T16:42:02.869,13,Barometer,11,FlightLogic,1301101,"0.0,0"
2026-05-24T16:42:02.969,13,Barometer,11,FlightLogic,1301101,"0.0,0"
2026-05-24T16:42:02.970,13,Barometer,12,Comm,1301201,"0.0,0.0,0.0,0"
2026-05-24T16:42:03.069,13,Barometer,11,FlightLogic,1301101,"0.0,0"
2026-05-24T16:42:03.170,13,Barometer,11,FlightLogic,1301101,"0.0,0"
2026-05-24T16:42:03.270,13,Barometer,11,FlightLogic,1301101,"0.0,0"
2026-05-24T16:42:03.370,13,Barometer,11,FlightLogic,1301101,"0.0,0"
2026-05-24T16:42:03.471,13,Barometer,11,FlightLogic,1301101,"0.0,0"
2026-05-24T16:42:03.571,13,Barometer,11,FlightLogic,1301101,"0.0,0"
2026-05-24T16:42:03.671,13,Barometer,11,FlightLogic,1301101,"0.0,0"
2026-05-24T16:42:03.771,13,Barometer,11,FlightLogic,1301101,"0.0,0"
2026-05-24T16:42:03.872,13,Barometer,11,FlightLogic,1301101,"0.0,0"
2026-05-24T16:42:03.972,13,Barometer,11,FlightLogic,1301101,"0.0,0"
2026-05-24T16:42:03.973,13,Barometer,12,Comm,1301201,"0.0,0.0,0.0,0"
2026-05-24T16:42:04.073,13,Barometer,11,FlightLogic,1301101,"0.0,0"
2026-05-24T16:42:04.173,13,Barometer,11,FlightLogic,1301101,"0.0,0"
2026-05-24T16:42:04.273,13,Barometer,11,FlightLogic,1301101,"0.0,0"
2026-05-24T16:42:04.373,13,Barometer,11,FlightLogic,1301101,"0.0,0"
2026-05-24T16:42:04.474,13,Barometer,11,FlightLogic,1301101,"0.0,0"
2026-05-24T16:42:04.574,13,Barometer,11,FlightLogic,1301101,"0.0,0"
2026-05-24T16:42:04.674,13,Barometer,11,FlightLogic,1301101,"0.0,0"
2026-05-24T16:42:04.774,13,Barometer,11,FlightLogic,1301101,"0.0,0"
2026-05-24T16:42:04.875,13,Barometer,11,FlightLogic,1301101,"0.0,0"
2026-05-24T16:42:04.975,13,Barometer,11,FlightLogic,1301101,"0.0,0"
2026-05-24T16:42:04.976,13,Barometer,12,Comm,1301201,"0.0,0.0,0.0,0"
2026-05-24T16:42:05.076,13,Barometer,11,FlightLogic,1301101,"0.0,0"
2026-05-24T16:42:05.176,13,Barometer,11,FlightLogic,1301101,"0.0,0"
2026-05-24T16:42:05.276,13,Barometer,11,FlightLogic,1301101,"0.0,0"
2026-05-24T16:42:05.377,13,Barometer,11,FlightLogic,1301101,"0.0,0"
2026-05-24T16:42:05.477,13,Barometer,11,FlightLogic,1301101,"0.0,0"
2026-05-24T16:42:05.577,13,Barometer,11,FlightLogic,1301101,"0.0,0"
2026-05-24T16:42:05.677,13,Barometer,11,FlightLogic,1301101,"0.0,0"
2026-05-24T16:42:05.778,13,Barometer,11,FlightLogic,1301101,"0.0,0"
2026-05-24T16:42:05.878,13,Barometer,11,FlightLogic,1301101,"0.0,0"
2026-05-24T16:42:05.978,13,Barometer,11,FlightLogic,1301101,"0.0,0"
2026-05-24T16:42:05.979,13,Barometer,12,Comm,1301201,"0.0,0.0,0.0,0"
2026-05-24T16:42:06.078,13,Barometer,11,FlightLogic,1301101,"0.0,0"
2026-05-24T16:42:06.179,13,Barometer,11,FlightLogic,1301101,"0.0,0"
2026-05-24T16:42:06.279,13,Barometer,11,FlightLogic,1301101,"0.0,0"
2026-05-24T16:42:06.379,13,Barometer,11,FlightLogic,1301101,"0.0,0"
2026-05-24T16:42:06.480,13,Barometer,11,FlightLogic,1301101,"0.0,0"
2026-05-24T16:42:06.580,13,Barometer,11,FlightLogic,1301101,"0.0,0"
2026-05-24T16:42:06.680,13,Barometer,11,FlightLogic,1301101,"0.0,0"
2026-05-24T16:42:06.780,13,Barometer,11,FlightLogic,1301101,"0.0,0"
2026-05-24T16:42:06.881,13,Barometer,11,FlightLogic,1301101,"0.0,0"
2026-05-24T16:42:06.981,13,Barometer,11,FlightLogic,1301101,"0.0,0"
2026-05-24T16:42:06.982,13,Barometer,12,Comm,1301201,"0.0,0.0,0.0,0"
2026-05-24T16:42:07.081,13,Barometer,11,FlightLogic,1301101,"0.0,0"
2026-05-24T16:42:07.182,13,Barometer,11,FlightLogic,1301101,"0.0,0"
2026-05-24T16:42:07.282,13,Barometer,11,FlightLogic,1301101,"0.0,0"
2026-05-24T16:42:07.382,13,Barometer,11,FlightLogic,1301101,"0.0,0"
2026-05-24T16:42:07.483,13,Barometer,11,FlightLogic,1301101,"0.0,0"
2026-05-24T16:42:07.583,13,Barometer,11,FlightLogic,1301101,"0.0,0"
2026-05-24T16:42:07.683,13,Barometer,11,FlightLogic,1301101,"0.0,0"
2026-05-24T16:42:07.783,13,Barometer,11,FlightLogic,1301101,"0.0,0"
2026-05-24T16:42:07.884,13,Barometer,11,FlightLogic,1301101,"0.0,0"
2026-05-24T16:42:07.984,13,Barometer,11,FlightLogic,1301101,"0.0,0"
2026-05-24T16:42:07.985,13,Barometer,12,Comm,1301201,"0.0,0.0,0.0,0"
2026-05-24T16:42:08.084,13,Barometer,11,FlightLogic,1301101,"0.0,0"
2026-05-24T16:42:08.185,13,Barometer,11,FlightLogic,1301101,"0.0,0"
2026-05-24T16:42:08.285,13,Barometer,11,FlightLogic,1301101,"0.0,0"
2026-05-24T16:42:08.385,13,Barometer,11,FlightLogic,1301101,"0.0,0"
2026-05-24T16:42:08.485,13,Barometer,11,FlightLogic,1301101,"0.0,0"
2026-05-24T16:42:08.586,13,Barometer,11,FlightLogic,1301101,"0.0,0"
2026-05-24T16:42:08.686,13,Barometer,11,FlightLogic,1301101,"0.0,0"
2026-05-24T16:42:08.786,13,Barometer,11,FlightLogic,1301101,"0.0,0"
2026-05-24T16:42:08.887,13,Barometer,11,FlightLogic,1301101,"0.0,0"
2026-05-24T16:42:08.987,13,Barometer,11,FlightLogic,1301101,"0.0,0"
2026-05-24T16:42:08.987,13,Barometer,12,Comm,1301201,"0.0,0.0,0.0,0"
2026-05-24T16:42:09.087,13,Barometer,11,FlightLogic,1301101,"0.0,0"
2026-05-24T16:42:09.187,13,Barometer,11,FlightLogic,1301101,"0.0,0"
2026-05-24T16:42:09.288,13,Barometer,11,FlightLogic,1301101,"0.0,0"
2026-05-24T16:42:09.389,13,Barometer,11,FlightLogic,1301101,"0.0,0"
2026-05-24T16:42:09.489,13,Barometer,11,FlightLogic,1301101,"0.0,0"
2026-05-24T16:42:09.589,13,Barometer,11,FlightLogic,1301101,"0.0,0"
2026-05-24T16:42:09.690,13,Barometer,11,FlightLogic,1301101,"0.0,0"
2026-05-24T16:42:09.790,13,Barometer,11,FlightLogic,1301101,"0.0,0"
2026-05-24T16:42:09.891,13,Barometer,11,FlightLogic,1301101,"0.0,0"
2026-05-24T16:42:09.995,13,Barometer,11,FlightLogic,1301101,"0.0,0"
2026-05-24T16:42:09.995,13,Barometer,12,Comm,1301201,"0.0,0.0,0.0,0"
2026-05-24T16:42:10.091,13,Barometer,11,FlightLogic,1301101,"0.0,0"
2026-05-24T16:42:10.191,13,Barometer,11,FlightLogic,1301101,"0.0,0"
2026-05-24T16:42:10.292,13,Barometer,11,FlightLogic,1301101,"0.0,0"
2026-05-24T16:42:10.392,13,Barometer,11,FlightLogic,1301101,"0.0,0"
2026-05-24T16:42:10.492,13,Barometer,11,FlightLogic,1301101,"0.0,0"
2026-05-24T16:42:10.592,13,Barometer,11,FlightLogic,1301101,"0.0,0"
2026-05-24T16:42:10.693,13,Barometer,11,FlightLogic,1301101,"0.0,0"
2026-05-24T16:42:10.793,13,Barometer,11,FlightLogic,1301101,"0.0,0"
2026-05-24T16:42:10.893,13,Barometer,11,FlightLogic,1301101,"0.0,0"
2026-05-24T16:42:10.994,13,Barometer,11,FlightLogic,1301101,"0.0,0"
2026-05-24T16:42:10.994,13,Barometer,12,Comm,1301201,"0.0,0.0,0.0,0"
2026-05-24T16:42:11.094,13,Barometer,11,FlightLogic,1301101,"0.0,0"
2026-05-24T16:42:11.194,13,Barometer,11,FlightLogic,1301101,"0.0,0"
2026-05-24T16:42:11.294,13,Barometer,11,FlightLogic,1301101,"0.0,0"
2026-05-24T16:42:11.395,13,Barometer,11,FlightLogic,1301101,"0.0,0"
2026-05-24T16:42:11.495,13,Barometer,11,FlightLogic,1301101,"0.0,0"
2026-05-24T16:42:11.595,13,Barometer,11,FlightLogic,1301101,"0.0,0"
2026-05-24T16:42:11.696,13,Barometer,11,FlightLogic,1301101,"0.0,0"
2026-05-24T16:42:11.796,13,Barometer,11,FlightLogic,1301101,"0.0,0"
2026-05-24T16:42:11.896,13,Barometer,11,FlightLogic,1301101,"0.0,0"
2026-05-24T16:42:11.996,13,Barometer,11,FlightLogic,1301101,"0.0,0"
2026-05-24T16:42:11.997,13,Barometer,12,Comm,1301201,"0.0,0.0,0.0,0"
2026-05-24T16:42:12.097,13,Barometer,11,FlightLogic,1301101,"0.0,0"
2026-05-24T16:42:12.197,13,Barometer,11,FlightLogic,1301101,"0.0,0"
2026-05-24T16:42:12.297,13,Barometer,11,FlightLogic,1301101,"0.0,0"
2026-05-24T16:42:12.397,13,Barometer,11,FlightLogic,1301101,"0.0,0"
2026-05-24T16:42:12.498,13,Barometer,11,FlightLogic,1301101,"0.0,0"
2026-05-24T16:42:12.598,13,Barometer,11,FlightLogic,1301101,"0.0,0"
2026-05-24T16:42:12.698,13,Barometer,11,FlightLogic,1301101,"0.0,0"
2026-05-24T16:42:12.799,13,Barometer,11,FlightLogic,1301101,"0.0,0"
2026-05-24T16:42:12.899,13,Barometer,11,FlightLogic,1301101,"0.0,0"
2026-05-24T16:42:12.999,13,Barometer,11,FlightLogic,1301101,"0.0,0"
2026-05-24T16:42:13.000,13,Barometer,12,Comm,1301201,"0.0,0.0,0.0,0"
2026-05-24T16:42:13.100,13,Barometer,11,FlightLogic,1301101,"0.0,0"
2026-05-24T16:42:13.200,13,Barometer,11,FlightLogic,1301101,"0.0,0"
2026-05-24T16:42:13.300,13,Barometer,11,FlightLogic,1301101,"0.0,0"
2026-05-24T16:42:13.400,13,Barometer,11,FlightLogic,1301101,"0.0,0"
2026-05-24T16:42:13.501,13,Barometer,11,FlightLogic,1301101,"0.0,0"
2026-05-24T16:42:13.601,13,Barometer,11,FlightLogic,1301101,"0.0,0"
2026-05-24T16:42:13.701,13,Barometer,11,FlightLogic,1301101,"0.0,0"
2026-05-24T16:42:13.802,13,Barometer,11,FlightLogic,1301101,"0.0,0"
2026-05-24T16:42:13.902,13,Barometer,11,FlightLogic,1301101,"0.0,0"
2026-05-24T16:42:14.002,13,Barometer,11,FlightLogic,1301101,"0.0,0"
2026-05-24T16:42:14.003,13,Barometer,12,Comm,1301201,"0.0,0.0,0.0,0"
2026-05-24T16:42:14.102,13,Barometer,11,FlightLogic,1301101,"0.0,0"
2026-05-24T16:42:14.203,13,Barometer,11,FlightLogic,1301101,"0.0,0"
2026-05-24T16:42:14.303,13,Barometer,11,FlightLogic,1301101,"0.0,0"
2026-05-24T16:42:14.403,13,Barometer,11,FlightLogic,1301101,"0.0,0"
2026-05-24T16:42:14.504,13,Barometer,11,FlightLogic,1301101,"0.0,0"
2026-05-24T16:42:14.604,13,Barometer,11,FlightLogic,1301101,"0.0,0"
2026-05-24T16:42:14.704,13,Barometer,11,FlightLogic,1301101,"0.0,0"
2026-05-24T16:42:14.804,13,Barometer,11,FlightLogic,1301101,"0.0,0"
2026-05-24T16:42:14.905,13,Barometer,11,FlightLogic,1301101,"0.0,0"
2026-05-24T16:42:15.005,13,Barometer,11,FlightLogic,1301101,"0.0,0"
2026-05-24T16:42:15.008,13,Barometer,12,Comm,1301201,"0.0,0.0,0.0,0"
2026-05-24T16:42:15.105,13,Barometer,11,FlightLogic,1301101,"0.0,0"
2026-05-24T16:42:15.205,13,Barometer,11,FlightLogic,1301101,"0.0,0"
2026-05-24T16:42:15.306,13,Barometer,11,FlightLogic,1301101,"0.0,0"
2026-05-24T16:42:15.406,13,Barometer,11,FlightLogic,1301101,"0.0,0"
2026-05-24T16:42:15.506,13,Barometer,11,FlightLogic,1301101,"0.0,0"
2026-05-24T16:42:15.607,13,Barometer,11,FlightLogic,1301101,"0.0,0"
2026-05-24T16:42:15.707,13,Barometer,11,FlightLogic,1301101,"0.0,0"
2026-05-24T16:42:15.807,13,Barometer,11,FlightLogic,1301101,"0.0,0"
2026-05-24T16:42:15.907,13,Barometer,11,FlightLogic,1301101,"0.0,0"
2026-05-24T16:42:16.008,13,Barometer,11,FlightLogic,1301101,"0.0,0"
2026-05-24T16:42:16.008,13,Barometer,12,Comm,1301201,"0.0,0.0,0.0,0"
2026-05-24T16:42:16.108,13,Barometer,11,FlightLogic,1301101,"0.0,0"
2026-05-24T16:42:16.208,13,Barometer,11,FlightLogic,1301101,"0.0,0"
2026-05-24T16:42:16.309,13,Barometer,11,FlightLogic,1301101,"0.0,0"
2026-05-24T16:42:16.409,13,Barometer,11,FlightLogic,1301101,"0.0,0"
2026-05-24T16:42:16.509,13,Barometer,11,FlightLogic,1301101,"0.0,0"
2026-05-24T16:42:16.609,13,Barometer,11,FlightLogic,1301101,"0.0,0"
2026-05-24T16:42:16.710,13,Barometer,11,FlightLogic,1301101,"0.0,0"
2026-05-24T16:42:16.810,13,Barometer,11,FlightLogic,1301101,"0.0,0"
2026-05-24T16:42:16.910,13,Barometer,11,FlightLogic,1301101,"0.0,0"
2026-05-24T16:42:17.011,13,Barometer,11,FlightLogic,1301101,"0.0,0"
2026-05-24T16:42:17.011,13,Barometer,12,Comm,1301201,"0.0,0.0,0.0,0"
2026-05-24T16:42:17.111,13,Barometer,11,FlightLogic,1301101,"0.0,0"
2026-05-24T16:42:17.211,13,Barometer,11,FlightLogic,1301101,"0.0,0"
2026-05-24T16:42:17.311,13,Barometer,11,FlightLogic,1301101,"0.0,0"
2026-05-24T16:42:17.412,13,Barometer,11,FlightLogic,1301101,"0.0,0"
2026-05-24T16:42:17.512,13,Barometer,11,FlightLogic,1301101,"0.0,0"
2026-05-24T16:42:17.612,13,Barometer,11,FlightLogic,1301101,"0.0,0"
2026-05-24T16:42:17.713,13,Barometer,11,FlightLogic,1301101,"0.0,0"
2026-05-24T16:42:17.813,13,Barometer,11,FlightLogic,1301101,"0.0,0"
2026-05-24T16:42:17.913,13,Barometer,11,FlightLogic,1301101,"0.0,0"
2026-05-24T16:42:18.013,13,Barometer,11,FlightLogic,1301101,"0.0,0"
2026-05-24T16:42:18.014,13,Barometer,12,Comm,1301201,"0.0,0.0,0.0,0"
2026-05-24T16:42:18.114,13,Barometer,11,FlightLogic,1301101,"0.0,0"
2026-05-24T16:42:18.214,13,Barometer,11,FlightLogic,1301101,"0.0,0"
2026-05-24T16:42:18.314,13,Barometer,11,FlightLogic,1301101,"0.0,0"
2026-05-24T16:42:18.415,13,Barometer,11,FlightLogic,1301101,"0.0,0"
2026-05-24T16:42:18.515,13,Barometer,11,FlightLogic,1301101,"0.0,0"
2026-05-24T16:42:18.615,13,Barometer,11,FlightLogic,1301101,"0.0,0"
2026-05-24T16:42:18.716,13,Barometer,11,FlightLogic,1301101,"0.0,0"
2026-05-24T16:42:18.816,13,Barometer,11,FlightLogic,1301101,"0.0,0"
2026-05-24T16:42:18.916,13,Barometer,11,FlightLogic,1301101,"0.0,0"
2026-05-24T16:42:19.017,13,Barometer,11,FlightLogic,1301101,"0.0,0"
2026-05-24T16:42:19.017,13,Barometer,12,Comm,1301201,"0.0,0.0,0.0,0"
2026-05-24T16:42:19.117,13,Barometer,11,FlightLogic,1301101,"0.0,0"
2026-05-24T16:42:19.217,13,Barometer,11,FlightLogic,1301101,"0.0,0"
2026-05-24T16:42:19.318,13,Barometer,11,FlightLogic,1301101,"0.0,0"
2026-05-24T16:42:19.418,13,Barometer,11,FlightLogic,1301101,"0.0,0"
2026-05-24T16:42:19.518,13,Barometer,11,FlightLogic,1301101,"0.0,0"
2026-05-24T16:42:19.618,13,Barometer,11,FlightLogic,1301101,"0.0,0"
2026-05-24T16:42:19.719,13,Barometer,11,FlightLogic,1301101,"0.0,0"
2026-05-24T16:42:19.819,13,Barometer,11,FlightLogic,1301101,"0.0,0"
2026-05-24T16:42:19.919,13,Barometer,11,FlightLogic,1301101,"0.0,0"
2026-05-24T16:42:20.020,13,Barometer,11,FlightLogic,1301101,"0.0,0"
2026-05-24T16:42:20.020,13,Barometer,12,Comm,1301201,"0.0,0.0,0.0,0"
2026-05-24T16:42:20.120,13,Barometer,11,FlightLogic,1301101,"0.0,0"
2026-05-24T16:42:20.220,13,Barometer,11,FlightLogic,1301101,"0.0,0"
2026-05-24T16:42:20.321,13,Barometer,11,FlightLogic,1301101,"0.0,0"
2026-05-24T16:42:20.421,13,Barometer,11,FlightLogic,1301101,"0.0,0"
2026-05-24T16:42:20.521,13,Barometer,11,FlightLogic,1301101,"0.0,0"
2026-05-24T16:42:20.622,13,Barometer,11,FlightLogic,1301101,"0.0,0"
2026-05-24T16:42:20.722,13,Barometer,11,FlightLogic,1301101,"0.0,0"
2026-05-24T16:42:20.822,13,Barometer,11,FlightLogic,1301101,"0.0,0"
2026-05-24T16:42:20.922,13,Barometer,11,FlightLogic,1301101,"0.0,0"
2026-05-24T16:42:21.023,13,Barometer,11,FlightLogic,1301101,"0.0,0"
2026-05-24T16:42:21.023,13,Barometer,12,Comm,1301201,"0.0,0.0,0.0,0"
2026-05-24T16:42:21.123,13,Barometer,11,FlightLogic,1301101,"0.0,0"
2026-05-24T16:42:21.223,13,Barometer,11,FlightLogic,1301101,"0.0,0"
2026-05-24T16:42:21.323,13,Barometer,11,FlightLogic,1301101,"0.0,0"
2026-05-24T16:42:21.424,13,Barometer,11,FlightLogic,1301101,"0.0,0"
2026-05-24T16:42:21.524,13,Barometer,11,FlightLogic,1301101,"0.0,0"
2026-05-24T16:42:21.625,13,Barometer,11,FlightLogic,1301101,"0.0,0"
2026-05-24T16:42:21.725,13,Barometer,11,FlightLogic,1301101,"0.0,0"
2026-05-24T16:42:21.825,13,Barometer,11,FlightLogic,1301101,"0.0,0"
2026-05-24T16:42:21.925,13,Barometer,11,FlightLogic,1301101,"0.0,0"
2026-05-24T16:42:22.025,13,Barometer,11,FlightLogic,1301101,"0.0,0"
2026-05-24T16:42:22.026,13,Barometer,12,Comm,1301201,"0.0,0.0,0.0,0"
2026-05-24T16:42:22.126,13,Barometer,11,FlightLogic,1301101,"0.0,0"
2026-05-24T16:42:22.226,13,Barometer,11,FlightLogic,1301101,"0.0,0"
2026-05-24T16:42:22.326,13,Barometer,11,FlightLogic,1301101,"0.0,0"
2026-05-24T16:42:22.427,13,Barometer,11,FlightLogic,1301101,"0.0,0"
2026-05-24T16:42:22.527,13,Barometer,11,FlightLogic,1301101,"0.0,0"
2026-05-24T16:42:22.627,13,Barometer,11,FlightLogic,1301101,"0.0,0"
2026-05-24T16:42:22.727,13,Barometer,11,FlightLogic,1301101,"0.0,0"
2026-05-24T16:42:22.829,13,Barometer,11,FlightLogic,1301101,"0.0,0"
2026-05-24T16:42:22.928,13,Barometer,11,FlightLogic,1301101,"0.0,0"
2026-05-24T16:42:23.029,13,Barometer,11,FlightLogic,1301101,"0.0,0"
2026-05-24T16:42:23.029,13,Barometer,12,Comm,1301201,"0.0,0.0,0.0,0"
2026-05-24T16:42:23.129,13,Barometer,11,FlightLogic,1301101,"0.0,0"
2026-05-24T16:42:23.230,13,Barometer,11,FlightLogic,1301101,"0.0,0"
2026-05-24T16:42:23.330,13,Barometer,11,FlightLogic,1301101,"0.0,0"
2026-05-24T16:42:23.430,13,Barometer,11,FlightLogic,1301101,"0.0,0"
2026-05-24T16:42:23.531,13,Barometer,11,FlightLogic,1301101,"0.0,0"
2026-05-24T16:42:23.631,13,Barometer,11,FlightLogic,1301101,"0.0,0"
2026-05-24T16:42:23.731,13,Barometer,11,FlightLogic,1301101,"0.0,0"
2026-05-24T16:42:23.832,13,Barometer,11,FlightLogic,1301101,"0.0,0"
2026-05-24T16:42:23.932,13,Barometer,11,FlightLogic,1301101,"0.0,0"
2026-05-24T16:42:24.033,13,Barometer,11,FlightLogic,1301101,"0.0,0"
2026-05-24T16:42:24.033,13,Barometer,12,Comm,1301201,"0.0,0.0,0.0,0"
2026-05-24T16:42:24.133,13,Barometer,11,FlightLogic,1301101,"0.0,0"
2026-05-24T16:42:24.233,13,Barometer,11,FlightLogic,1301101,"0.0,0"
2026-05-24T16:42:24.334,13,Barometer,11,FlightLogic,1301101,"0.0,0"
2026-05-24T16:42:24.434,13,Barometer,11,FlightLogic,1301101,"0.0,0"
2026-05-24T16:42:24.534,13,Barometer,11,FlightLogic,1301101,"0.0,0"
2026-05-24T16:42:24.634,13,Barometer,11,FlightLogic,1301101,"0.0,0"
2026-05-24T16:42:24.734,13,Barometer,11,FlightLogic,1301101,"0.0,0"
2026-05-24T16:42:24.835,13,Barometer,11,FlightLogic,1301101,"0.0,0"
2026-05-24T16:42:24.935,13,Barometer,11,FlightLogic,1301101,"0.0,0"
2026-05-24T16:42:25.035,13,Barometer,11,FlightLogic,1301101,"0.0,0"
2026-05-24T16:42:25.036,13,Barometer,12,Comm,1301201,"0.0,0.0,0.0,0"
2026-05-24T16:42:25.136,13,Barometer,11,FlightLogic,1301101,"0.0,0"
2026-05-24T16:42:25.236,13,Barometer,11,FlightLogic,1301101,"0.0,0"
2026-05-24T16:42:25.336,13,Barometer,11,FlightLogic,1301101,"0.0,0"
2026-05-24T16:42:25.436,13,Barometer,11,FlightLogic,1301101,"0.0,0"
2026-05-24T16:42:25.537,13,Barometer,11,FlightLogic,1301101,"0.0,0"
2026-05-24T16:42:25.637,13,Barometer,11,FlightLogic,1301101,"0.0,0"
2026-05-24T16:42:25.737,13,Barometer,11,FlightLogic,1301101,"0.0,0"
2026-05-24T16:42:25.838,13,Barometer,11,FlightLogic,1301101,"0.0,0"
2026-05-24T16:42:25.938,13,Barometer,11,FlightLogic,1301101,"0.0,0"
2026-05-24T16:42:26.038,13,Barometer,11,FlightLogic,1301101,"0.0,0"
2026-05-24T16:42:26.039,13,Barometer,12,Comm,1301201,"0.0,0.0,0.0,0"
2026-05-24T16:42:26.138,13,Barometer,11,FlightLogic,1301101,"0.0,0"
2026-05-24T16:42:26.239,13,Barometer,11,FlightLogic,1301101,"0.0,0"
2026-05-24T16:42:26.339,13,Barometer,11,FlightLogic,1301101,"0.0,0"
2026-05-24T16:42:26.439,13,Barometer,11,FlightLogic,1301101,"0.0,0"
2026-05-24T16:42:26.540,13,Barometer,11,FlightLogic,1301101,"0.0,0"
2026-05-24T16:42:26.640,13,Barometer,11,FlightLogic,1301101,"0.0,0"
2026-05-24T16:42:26.740,13,Barometer,11,FlightLogic,1301101,"0.0,0"
2026-05-24T16:42:26.841,13,Barometer,11,FlightLogic,1301101,"0.0,0"
2026-05-24T16:42:26.941,13,Barometer,11,FlightLogic,1301101,"0.0,0"
2026-05-24T16:42:27.041,13,Barometer,11,FlightLogic,1301101,"0.0,0"
2026-05-24T16:42:27.042,13,Barometer,12,Comm,1301201,"0.0,0.0,0.0,0"
2026-05-24T16:42:27.141,13,Barometer,11,FlightLogic,1301101,"0.0,0"
2026-05-24T16:42:27.242,13,Barometer,11,FlightLogic,1301101,"0.0,0"
2026-05-24T16:42:27.342,13,Barometer,11,FlightLogic,1301101,"0.0,0"
2026-05-24T16:42:27.442,13,Barometer,11,FlightLogic,1301101,"0.0,0"
2026-05-24T16:42:27.543,13,Barometer,11,FlightLogic,1301101,"0.0,0"
2026-05-24T16:42:27.643,13,Barometer,11,FlightLogic,1301101,"0.0,0"
2026-05-24T16:42:27.743,13,Barometer,11,FlightLogic,1301101,"0.0,0"
2026-05-24T16:42:27.844,13,Barometer,11,FlightLogic,1301101,"0.0,0"
2026-05-24T16:42:27.944,13,Barometer,11,FlightLogic,1301101,"0.0,0"
2026-05-24T16:42:28.044,13,Barometer,11,FlightLogic,1301101,"0.0,0"
2026-05-24T16:42:28.045,13,Barometer,12,Comm,1301201,"0.0,0.0,0.0,0"
2026-05-24T16:42:28.145,13,Barometer,11,FlightLogic,1301101,"0.0,0"
2026-05-24T16:42:28.245,13,Barometer,11,FlightLogic,1301101,"0.0,0"
2026-05-24T16:42:28.346,13,Barometer,11,FlightLogic,1301101,"0.0,0"
2026-05-24T16:42:28.446,13,Barometer,11,FlightLogic,1301101,"0.0,0"
2026-05-24T16:42:28.547,13,Barometer,11,FlightLogic,1301101,"0.0,0"
2026-05-24T16:42:28.647,13,Barometer,11,FlightLogic,1301101,"0.0,0"
2026-05-24T16:42:28.747,13,Barometer,11,FlightLogic,1301101,"0.0,0"
2026-05-24T16:42:28.847,13,Barometer,11,FlightLogic,1301101,"0.0,0"
2026-05-24T16:42:28.947,13,Barometer,11,FlightLogic,1301101,"0.0,0"
2026-05-24T16:42:29.048,13,Barometer,11,FlightLogic,1301101,"0.0,0"
2026-05-24T16:42:29.048,13,Barometer,12,Comm,1301201,"0.0,0.0,0.0,0"
2026-05-24T16:42:29.148,13,Barometer,11,FlightLogic,1301101,"0.0,0"
