timestamp,sender_app,sender_name,receiver_app,receiver_name,msg_id,data
2026-05-24T16:00:16.342,16,Distance,11,FlightLogic,1601101,"0.0,0"
2026-05-24T16:00:16.343,16,Distance,12,Comm,1601201,0.0
2026-05-24T16:00:16.444,16,Distance,11,FlightLogic,1601101,"0.0,0"
2026-05-24T16:00:16.444,16,Distance,12,Comm,1601201,0.0
2026-05-24T16:00:16.549,16,Distance,11,FlightLogic,1601101,"0.0,0"
2026-05-24T16:00:16.550,16,Distance,12,Comm,1601201,0.0
2026-05-24T16:00:16.648,16,Distance,11,FlightLogic,1601101,"0.0,0"
2026-05-24T16:00:16.649,16,Distance,12,Comm,1601201,0.0
2026-05-24T16:00:16.746,16,Distance,11,FlightLogic,1601101,"0.0,0"
2026-05-24T16:00:16.747,16,Distance,12,Comm,1601201,0.0
2026-05-24T16:00:16.847,16,Distance,11,FlightLogic,1601101,"0.0,0"
2026-05-24T16:00:16.847,16,Distance,12,Comm,1601201,0.0
2026-05-24T16:00:16.948,16,Distance,11,FlightLogic,1601101,"0.0,0"
2026-05-24T16:00:16.948,16,Distance,12,Comm,1601201,0.0
2026-05-24T16:00:17.047,16,Distance,11,FlightLogic,1601101,"0.0,0"
2026-05-24T16:00:17.048,16,Distance,12,Comm,1601201,0.0
2026-05-24T16:00:17.148,16,Distance,11,FlightLogic,1601101,"0.0,0"
2026-05-24T16:00:17.148,16,Distance,12,Comm,1601201,0.0
2026-05-24T16:00:17.248,16,Distance,11,FlightLogic,1601101,"0.0,0"
2026-05-24T16:00:17.248,16,Distance,12,Comm,1601201,0.0
2026-05-24T16:00:17.348,16,Distance,11,FlightLogic,1601101,"0.0,0"
2026-05-24T16:00:17.349,16,Distance,12,Comm,1601201,0.0
2026-05-24T16:00:17.449,16,Distance,11,FlightLogic,1601101,"0.0,0"
2026-05-24T16:00:17.449,16,Distance,12,Comm,1601201,0.0
2026-05-24T16:00:17.549,16,Distance,11,FlightLogic,1601101,"0.0,0"
2026-05-24T16:00:17.550,16,Distance,12,Comm,1601201,0.0
2026-05-24T16:00:17.649,16,Distance,11,FlightLogic,1601101,"0.0,0"
2026-05-24T16:00:17.650,16,Distance,12,Comm,1601201,0.0
2026-05-24T16:00:17.750,16,Distance,11,FlightLogic,1601101,"0.0,0"
2026-05-24T16:00:17.750,16,Distance,12,Comm,1601201,0.0
2026-05-24T16:00:17.850,16,Distance,11,FlightLogic,1601101,"0.0,0"
2026-05-24T16:00:17.851,16,Distance,12,Comm,1601201,0.0
2026-05-24T16:00:17.950,16,Distance,11,FlightLogic,1601101,"0.0,0"
2026-05-24T16:00:17.951,16,Distance,12,Comm,1601201,0.0
2026-05-24T16:00:18.051,16,Distance,11,FlightLogic,1601101,"0.0,0"
2026-05-24T16:00:18.051,16,Distance,12,Comm,1601201,0.0
2026-05-24T16:00:18.151,16,Distance,11,FlightLogic,1601101,"0.0,0"
2026-05-24T16:00:18.152,16,Distance,12,Comm,1601201,0.0
2026-05-24T16:00:18.251,16,Distance,11,FlightLogic,1601101,"0.0,0"
2026-05-24T16:00:18.252,16,Distance,12,Comm,1601201,0.0
2026-05-24T16:00:18.352,16,Distance,11,FlightLogic,1601101,"0.0,0"
2026-05-24T16:00:18.352,16,Distance,12,Comm,1601201,0.0
2026-05-24T16:00:18.452,16,Distance,11,FlightLogic,1601101,"0.0,0"
2026-05-24T16:00:18.453,16,Distance,12,Comm,1601201,0.0
2026-05-24T16:00:18.552,16,Distance,11,FlightLogic,1601101,"0.0,0"
2026-05-24T16:00:18.553,16,Distance,12,Comm,1601201,0.0
2026-05-24T16:00:18.653,16,Distance,11,FlightLogic,1601101,"0.0,0"
2026-05-24T16:00:18.653,16,Distance,12,Comm,1601201,0.0
2026-05-24T16:00:18.753,16,Distance,11,FlightLogic,1601101,"0.0,0"
2026-05-24T16:00:18.754,16,Distance,12,Comm,1601201,0.0
2026-05-24T16:00:18.853,16,Distance,11,FlightLogic,1601101,"0.0,0"
2026-05-24T16:00:18.854,16,Distance,12,Comm,1601201,0.0
2026-05-24T16:00:18.954,16,Distance,11,FlightLogic,1601101,"0.0,0"
2026-05-24T16:00:18.954,16,Distance,12,Comm,1601201,0.0
2026-05-24T16:00:19.054,16,Distance,11,FlightLogic,1601101,"0.0,0"
2026-05-24T16:00:19.055,16,Distance,12,Comm,1601201,0.0
2026-05-24T16:00:19.154,16,Distance,11,FlightLogic,1601101,"0.0,0"
2026-05-24T16:00:19.155,16,Distance,12,Comm,1601201,0.0
2026-05-24T16:00:19.255,16,Distance,11,FlightLogic,1601101,"0.0,0"
2026-05-24T16:00:19.255,16,Distance,12,Comm,1601201,0.0
2026-05-24T16:00:19.355,16,Distance,11,FlightLogic,1601101,"0.0,0"
2026-05-24T16:00:19.355,16,Distance,12,Comm,1601201,0.0
2026-05-24T16:00:19.455,16,Distance,11,FlightLogic,1601101,"0.0,0"
2026-05-24T16:00:19.456,16,Distance,12,Comm,1601201,0.0
2026-05-24T16:00:19.555,16,Distance,11,FlightLogic,1601101,"0.0,0"
2026-05-24T16:00:19.556,16,Distance,12,Comm,1601201,0.0
2026-05-24T16:00:19.656,16,Distance,11,FlightLogic,1601101,"0.0,0"
2026-05-24T16:00:19.656,16,Distance,12,Comm,1601201,0.0
2026-05-24T16:00:19.756,16,Distance,11,FlightLogic,1601101,"0.0,0"
2026-05-24T16:00:19.756,16,Distance,12,Comm,1601201,0.0
2026-05-24T16:00:19.856,16,Distance,11,FlightLogic,1601101,"0.0,0"
2026-05-24T16:00:19.857,16,Distance,12,Comm,1601201,0.0
2026-05-24T16:00:19.957,16,Distance,11,FlightLogic,1601101,"0.0,0"
2026-05-24T16:00:19.957,16,Distance,12,Comm,1601201,0.0
2026-05-24T16:00:20.057,16,Distance,11,FlightLogic,1601101,"0.0,0"
2026-05-24T16:00:20.057,16,Distance,12,Comm,1601201,0.0
2026-05-24T16:00:20.157,16,Distance,11,FlightLogic,1601101,"0.0,0"
2026-05-24T16:00:20.158,16,Distance,12,Comm,1601201,0.0
2026-05-24T16:00:20.258,16,Distance,11,FlightLogic,1601101,"0.0,0"
2026-05-24T16:00:20.258,16,Distance,12,Comm,1601201,0.0
2026-05-24T16:00:20.358,16,Distance,11,FlightLogic,1601101,"0.0,0"
2026-05-24T16:00:20.358,16,Distance,12,Comm,1601201,0.0
2026-05-24T16:00:20.458,16,Distance,11,FlightLogic,1601101,"0.0,0"
2026-05-24T16:00:20.458,16,Distance,12,Comm,1601201,0.0
2026-05-24T16:00:20.558,16,Distance,11,FlightLogic,1601101,"0.0,0"
2026-05-24T16:00:20.559,16,Distance,12,Comm,1601201,0.0
2026-05-24T16:00:20.659,16,Distance,11,FlightLogic,1601101,"0.0,0"
2026-05-24T16:00:20.659,16,Distance,12,Comm,1601201,0.0
2026-05-24T16:00:20.759,16,Distance,11,FlightLogic,1601101,"0.0,0"
2026-05-24T16:00:20.759,16,Distance,12,Comm,1601201,0.0
2026-05-24T16:00:20.859,16,Distance,11,FlightLogic,1601101,"0.0,0"
2026-05-24T16:00:20.860,16,Distance,12,Comm,1601201,0.0
2026-05-24T16:00:20.959,16,Distance,11,FlightLogic,1601101,"0.0,0"
2026-05-24T16:00:20.960,16,Distance,12,Comm,1601201,0.0
2026-05-24T16:00:21.060,16,Distance,11,FlightLogic,1601101,"0.0,0"
2026-05-24T16:00:21.060,16,Distance,12,Comm,1601201,0.0
2026-05-24T16:00:21.160,16,Distance,11,FlightLogic,1601101,"0.0,0"
2026-05-24T16:00:21.160,16,Distance,12,Comm,1601201,0.0
2026-05-24T16:00:21.260,16,Distance,11,FlightLogic,1601101,"0.0,0"
2026-05-24T16:00:21.261,16,Distance,12,Comm,1601201,0.0
2026-05-24T16:00:21.361,16,Distance,11,FlightLogic,1601101,"0.0,0"
2026-05-24T16:00:21.362,16,Distance,12,Comm,1601201,0.0
2026-05-24T16:00:21.461,16,Distance,11,FlightLogic,1601101,"0.0,0"
2026-05-24T16:00:21.461,16,Distance,12,Comm,1601201,0.0
2026-05-24T16:00:21.561,16,Distance,11,FlightLogic,1601101,"0.0,0"
2026-05-24T16:00:21.562,16,Distance,12,Comm,1601201,0.0
2026-05-24T16:00:21.661,16,Distance,11,FlightLogic,1601101,"0.0,0"
2026-05-24T16:00:21.662,16,Distance,12,Comm,1601201,0.0
2026-05-24T16:00:21.762,16,Distance,11,FlightLogic,1601101,"0.0,0"
2026-05-24T16:00:21.762,16,Distance,12,Comm,1601201,0.0
2026-05-24T16:00:21.862,16,Distance,11,FlightLogic,1601101,"0.0,0"
2026-05-24T16:00:21.862,16,Distance,12,Comm,1601201,0.0
2026-05-24T16:00:21.962,16,Distance,11,FlightLogic,1601101,"0.0,0"
2026-05-24T16:00:21.963,16,Distance,12,Comm,1601201,0.0
2026-05-24T16:00:22.063,16,Distance,11,FlightLogic,1601101,"0.0,0"
2026-05-24T16:00:22.063,16,Distance,12,Comm,1601201,0.0
2026-05-24T16:00:22.163,16,Distance,11,FlightLogic,1601101,"0.0,0"
2026-05-24T16:00:22.163,16,Distance,12,Comm,1601201,0.0
2026-05-24T16:00:22.263,16,Distance,11,FlightLogic,1601101,"0.0,0"
2026-05-24T16:00:22.264,16,Distance,12,Comm,1601201,0.0
2026-05-24T16:00:22.363,16,Distance,11,FlightLogic,1601101,"0.0,0"
2026-05-24T16:00:22.364,16,Distance,12,Comm,1601201,0.0
2026-05-24T16:00:22.464,16,Distance,11,FlightLogic,1601101,"0.0,0"
2026-05-24T16:00:22.464,16,Distance,12,Comm,1601201,0.0
2026-05-24T16:00:22.564,16,Distance,11,FlightLogic,1601101,"0.0,0"
2026-05-24T16:00:22.565,16,Distance,12,Comm,1601201,0.0
2026-05-24T16:00:22.664,16,Distance,11,FlightLogic,1601101,"0.0,0"
2026-05-24T16:00:22.665,16,Distance,12,Comm,1601201,0.0
2026-05-24T16:00:22.765,16,Distance,11,FlightLogic,1601101,"0.0,0"
2026-05-24T16:00:22.765,16,Distance,12,Comm,1601201,0.0
2026-05-24T16:00:22.865,16,Distance,11,FlightLogic,1601101,"0.0,0"
2026-05-24T16:00:22.865,16,Distance,12,Comm,1601201,0.0
2026-05-24T16:00:22.965,16,Distance,11,FlightLogic,1601101,"0.0,0"
2026-05-24T16:00:22.966,16,Distance,12,Comm,1601201,0.0
2026-05-24T16:00:23.066,16,Distance,11,FlightLogic,1601101,"0.0,0"
2026-05-24T16:00:23.066,16,Distance,12,Comm,1601201,0.0
2026-05-24T16:00:23.166,16,Distance,11,FlightLogic,1601101,"0.0,0"
2026-05-24T16:00:23.166,16,Distance,12,Comm,1601201,0.0
2026-05-24T16:00:23.266,16,Distance,11,FlightLogic,1601101,"0.0,0"
2026-05-24T16:00:23.267,16,Distance,12,Comm,1601201,0.0
2026-05-24T16:00:23.366,16,Distance,11,FlightLogic,1601101,"0.0,0"
2026-05-24T16:00:23.367,16,Distance,12,Comm,1601201,0.0
2026-05-24T16:00:23.467,16,Distance,11,FlightLogic,1601101,"0.0,0"
2026-05-24T16:00:23.467,16,Distance,12,Comm,1601201,0.0
2026-05-24T16:00:23.567,16,Distance,11,FlightLogic,1601101,"0.0,0"
2026-05-24T16:00:23.567,16,Distance,12,Comm,1601201,0.0
2026-05-24T16:00:23.667,16,Distance,11,FlightLogic,1601101,"0.0,0"
2026-05-24T16:00:23.668,16,Distance,12,Comm,1601201,0.0
2026-05-24T16:00:23.767,16,Distance,11,FlightLogic,1601101,"0.0,0"
2026-05-24T16:00:23.768,16,Distance,12,Comm,1601201,0.0
2026-05-24T16:00:23.868,16,Distance,11,FlightLogic,1601101,"0.0,0"
2026-05-24T16:00:23.868,16,Distance,12,Comm,1601201,0.0
2026-05-24T16:00:23.968,16,Distance,11,FlightLogic,1601101,"0.0,0"
2026-05-24T16:00:23.969,16,Distance,12,Comm,1601201,0.0
2026-05-24T16:00:24.068,16,Distance,11,FlightLogic,1601101,"0.0,0"
2026-05-24T16:00:24.069,16,Distance,12,Comm,1601201,0.0
2026-05-24T16:00:24.169,16,Distance,11,FlightLogic,1601101,"0.0,0"
2026-05-24T16:00:24.169,16,Distance,12,Comm,1601201,0.0
2026-05-24T16:00:24.269,16,Distance,11,FlightLogic,1601101,"0.0,0"
2026-05-24T16:00:24.269,16,Distance,12,Comm,1601201,0.0
2026-05-24T16:00:24.369,16,Distance,11,FlightLogic,1601101,"0.0,0"
2026-05-24T16:00:24.370,16,Distance,12,Comm,1601201,0.0
2026-05-24T16:00:24.470,16,Distance,11,FlightLogic,1601101,"0.0,0"
2026-05-24T16:00:24.470,16,Distance,12,Comm,1601201,0.0
2026-05-24T16:00:24.570,16,Distance,11,FlightLogic,1601101,"0.0,0"
2026-05-24T16:00:24.570,16,Distance,12,Comm,1601201,0.0
2026-05-24T16:00:24.670,16,Distance,11,FlightLogic,1601101,"0.0,0"
2026-05-24T16:00:24.671,16,Distance,12,Comm,1601201,0.0
2026-05-24T16:00:24.770,16,Distance,11,FlightLogic,1601101,"0.0,0"
2026-05-24T16:00:24.771,16,Distance,12,Comm,1601201,0.0
2026-05-24T16:00:24.871,16,Distance,11,FlightLogic,1601101,"0.0,0"
2026-05-24T16:00:24.871,16,Distance,12,Comm,1601201,0.0
2026-05-24T16:00:24.971,16,Distance,11,FlightLogic,1601101,"0.0,0"
2026-05-24T16:00:24.972,16,Distance,12,Comm,1601201,0.0
2026-05-24T16:00:25.071,16,Distance,11,FlightLogic,1601101,"0.0,0"
2026-05-24T16:00:25.072,16,Distance,12,Comm,1601201,0.0
2026-05-24T16:00:25.172,16,Distance,11,FlightLogic,1601101,"0.0,0"
2026-05-24T16:00:25.172,16,Distance,12,Comm,1601201,0.0
2026-05-24T16:00:25.272,16,Distance,11,FlightLogic,1601101,"0.0,0"
2026-05-24T16:00:25.272,16,Distance,12,Comm,1601201,0.0
2026-05-24T16:00:25.372,16,Distance,11,FlightLogic,1601101,"0.0,0"
2026-05-24T16:00:25.373,16,Distance,12,Comm,1601201,0.0
2026-05-24T16:00:25.472,16,Distance,11,FlightLogic,1601101,"0.0,0"
2026-05-24T16:00:25.473,16,Distance,12,Comm,1601201,0.0
2026-05-24T16:00:25.573,16,Distance,11,FlightLogic,1601101,"0.0,0"
2026-05-24T16:00:25.573,16,Distance,12,Comm,1601201,0.0
2026-05-24T16:00:25.673,16,Distance,11,FlightLogic,1601101,"0.0,0"
2026-05-24T16:00:25.674,16,Distance,12,Comm,1601201,0.0
2026-05-24T16:00:25.773,16,Distance,11,FlightLogic,1601101,"0.0,0"
2026-05-24T16:00:25.774,16,Distance,12,Comm,1601201,0.0
2026-05-24T16:00:25.874,16,Distance,11,FlightLogic,1601101,"0.0,0"
2026-05-24T16:00:25.874,16,Distance,12,Comm,1601201,0.0
2026-05-24T16:00:25.974,16,Distance,11,FlightLogic,1601101,"0.0,0"
2026-05-24T16:00:25.974,16,Distance,12,Comm,1601201,0.0
2026-05-24T16:00:26.074,16,Distance,11,FlightLogic,1601101,"0.0,0"
2026-05-24T16:00:26.075,16,Distance,12,Comm,1601201,0.0
2026-05-24T16:00:26.174,16,Distance,11,FlightLogic,1601101,"0.0,0"
2026-05-24T16:00:26.175,16,Distance,12,Comm,1601201,0.0
2026-05-24T16:00:26.275,16,Distance,11,FlightLogic,1601101,"0.0,0"
2026-05-24T16:00:26.275,16,Distance,12,Comm,1601201,0.0
2026-05-24T16:00:26.375,16,Distance,11,FlightLogic,1601101,"0.0,0"
2026-05-24T16:00:26.375,16,Distance,12,Comm,1601201,0.0
2026-05-24T16:00:26.475,16,Distance,11,FlightLogic,1601101,"0.0,0"
2026-05-24T16:00:26.476,16,Distance,12,Comm,1601201,0.0
2026-05-24T16:00:26.575,16,Distance,11,FlightLogic,1601101,"0.0,0"
2026-05-24T16:00:26.576,16,Distance,12,Comm,1601201,0.0
2026-05-24T16:00:26.676,16,Distance,11,FlightLogic,1601101,"0.0,0"
2026-05-24T16:00:26.676,16,Distance,12,Comm,1601201,0.0
2026-05-24T16:00:26.776,16,Distance,11,FlightLogic,1601101,"0.0,0"
2026-05-24T16:00:26.777,16,Distance,12,Comm,1601201,0.0
2026-05-24T16:00:26.876,16,Distance,11,FlightLogic,1601101,"0.0,0"
2026-05-24T16:00:26.877,16,Distance,12,Comm,1601201,0.0
2026-05-24T16:00:26.977,16,Distance,11,FlightLogic,1601101,"0.0,0"
2026-05-24T16:00:26.977,16,Distance,12,Comm,1601201,0.0
2026-05-24T16:00:27.077,16,Distance,11,FlightLogic,1601101,"0.0,0"
2026-05-24T16:00:27.077,16,Distance,12,Comm,1601201,0.0
2026-05-24T16:00:27.177,16,Distance,11,FlightLogic,1601101,"0.0,0"
2026-05-24T16:00:27.178,16,Distance,12,Comm,1601201,0.0
2026-05-24T16:00:27.278,16,Distance,11,FlightLogic,1601101,"0.0,0"
2026-05-24T16:00:27.278,16,Distance,12,Comm,1601201,0.0
2026-05-24T16:00:27.378,16,Distance,11,FlightLogic,1601101,"0.0,0"
2026-05-24T16:00:27.379,16,Distance,12,Comm,1601201,0.0
2026-05-24T16:00:27.478,16,Distance,11,FlightLogic,1601101,"0.0,0"
2026-05-24T16:00:27.479,16,Distance,12,Comm,1601201,0.0
2026-05-24T16:00:27.578,16,Distance,11,FlightLogic,1601101,"0.0,0"
2026-05-24T16:00:27.579,16,Distance,12,Comm,1601201,0.0
2026-05-24T16:00:27.679,16,Distance,11,FlightLogic,1601101,"0.0,0"
2026-05-24T16:00:27.679,16,Distance,12,Comm,1601201,0.0
2026-05-24T16:00:27.779,16,Distance,11,FlightLogic,1601101,"0.0,0"
2026-05-24T16:00:27.779,16,Distance,12,Comm,1601201,0.0
2026-05-24T16:00:27.879,16,Distance,11,FlightLogic,1601101,"0.0,0"
2026-05-24T16:00:27.880,16,Distance,12,Comm,1601201,0.0
2026-05-24T16:00:27.980,16,Distance,11,FlightLogic,1601101,"0.0,0"
2026-05-24T16:00:27.980,16,Distance,12,Comm,1601201,0.0
2026-05-24T16:00:28.080,16,Distance,11,FlightLogic,1601101,"0.0,0"
2026-05-24T16:00:28.080,16,Distance,12,Comm,1601201,0.0
2026-05-24T16:00:28.180,16,Distance,11,FlightLogic,1601101,"0.0,0"
2026-05-24T16:00:28.181,16,Distance,12,Comm,1601201,0.0
2026-05-24T16:00:28.280,16,Distance,11,FlightLogic,1601101,"0.0,0"
2026-05-24T16:00:28.281,16,Distance,12,Comm,1601201,0.0
2026-05-24T16:00:28.381,16,Distance,11,FlightLogic,1601101,"0.0,0"
2026-05-24T16:00:28.381,16,Distance,12,Comm,1601201,0.0
2026-05-24T16:00:28.481,16,Distance,11,FlightLogic,1601101,"0.0,0"
2026-05-24T16:00:28.482,16,Distance,12,Comm,1601201,0.0
2026-05-24T16:00:28.581,16,Distance,11,FlightLogic,1601101,"0.0,0"
2026-05-24T16:00:28.582,16,Distance,12,Comm,1601201,0.0
2026-05-24T16:00:28.682,16,Distance,11,FlightLogic,1601101,"0.0,0"
2026-05-24T16:00:28.682,16,Distance,12,Comm,1601201,0.0
2026-05-24T16:00:28.782,16,Distance,11,FlightLogic,1601101,"0.0,0"
2026-05-24T16:00:28.782,16,Distance,12,Comm,1601201,0.0
2026-05-24T16:00:28.882,16,Distance,11,FlightLogic,1601101,"0.0,0"
2026-05-24T16:00:28.883,16,Distance,12,Comm,1601201,0.0
2026-05-24T16:00:28.983,16,Distance,11,FlightLogic,1601101,"0.0,0"
2026-05-24T16:00:28.983,16,Distance,12,Comm,1601201,0.0
2026-05-24T16:00:29.083,16,Distance,11,FlightLogic,1601101,"0.0,0"
2026-05-24T16:00:29.083,16,Distance,12,Comm,1601201,0.0
2026-05-24T16:00:29.183,16,Distance,11,FlightLogic,1601101,"0.0,0"
2026-05-24T16:00:29.184,16,Distance,12,Comm,1601201,0.0
2026-05-24T16:00:29.283,16,Distance,11,FlightLogic,1601101,"0.0,0"
2026-05-24T16:00:29.284,16,Distance,12,Comm,1601201,0.0
2026-05-24T16:00:29.384,16,Distance,11,FlightLogic,1601101,"0.0,0"
2026-05-24T16:00:29.384,16,Distance,12,Comm,1601201,0.0
2026-05-24T16:00:29.484,16,Distance,11,FlightLogic,1601101,"0.0,0"
2026-05-24T16:00:29.484,16,Distance,12,Comm,1601201,0.0
2026-05-24T16:00:29.584,16,Distance,11,FlightLogic,1601101,"0.0,0"
2026-05-24T16:00:29.585,16,Distance,12,Comm,1601201,0.0
2026-05-24T16:00:29.685,16,Distance,11,FlightLogic,1601101,"0.0,0"
2026-05-24T16:00:29.685,16,Distance,12,Comm,1601201,0.0
2026-05-24T16:00:29.785,16,Distance,11,FlightLogic,1601101,"0.0,0"
2026-05-24T16:00:29.785,16,Distance,12,Comm,1601201,0.0
2026-05-24T16:00:29.885,16,Distance,11,FlightLogic,1601101,"0.0,0"
2026-05-24T16:00:29.886,16,Distance,12,Comm,1601201,0.0
2026-05-24T16:00:29.986,16,Distance,11,FlightLogic,1601101,"0.0,0"
2026-05-24T16:00:29.986,16,Distance,12,Comm,1601201,0.0
2026-05-24T16:00:30.086,16,Distance,11,FlightLogic,1601101,"0.0,0"
2026-05-24T16:00:30.086,16,Distance,12,Comm,1601201,0.0
2026-05-24T16:00:30.186,16,Distance,11,FlightLogic,1601101,"0.0,0"
2026-05-24T16:00:30.187,16,Distance,12,Comm,1601201,0.0
2026-05-24T16:00:30.286,16,Distance,11,FlightLogic,1601101,"0.0,0"
2026-05-24T16:00:30.287,16,Distance,12,Comm,1601201,0.0
2026-05-24T16:00:30.387,16,Distance,11,FlightLogic,1601101,"0.0,0"
2026-05-24T16:00:30.387,16,Distance,12,Comm,1601201,0.0
2026-05-24T16:00:30.487,16,Distance,11,FlightLogic,1601101,"0.0,0"
2026-05-24T16:00:30.487,16,Distance,12,Comm,1601201,0.0
2026-05-24T16:00:30.587,16,Distance,11,FlightLogic,1601101,"0.0,0"
2026-05-24T16:00:30.588,16,Distance,12,Comm,1601201,0.0
2026-05-24T16:00:30.687,16,Distance,11,FlightLogic,1601101,"0.0,0"
2026-05-24T16:00:30.688,16,Distance,12,Comm,1601201,0.0
2026-05-24T16:00:30.788,16,Distance,11,FlightLogic,1601101,"0.0,0"
2026-05-24T16:00:30.788,16,Distance,12,Comm,1601201,0.0
2026-05-24T16:00:30.888,16,Distance,11,FlightLogic,1601101,"0.0,0"
2026-05-24T16:00:30.889,16,Distance,12,Comm,1601201,0.0
2026-05-24T16:00:30.988,16,Distance,11,FlightLogic,1601101,"0.0,0"
2026-05-24T16:00:30.989,16,Distance,12,Comm,1601201,0.0
2026-05-24T16:00:31.089,16,Distance,11,FlightLogic,1601101,"0.0,0"
2026-05-24T16:00:31.089,16,Distance,12,Comm,1601201,0.0
2026-05-24T16:00:31.189,16,Distance,11,FlightLogic,1601101,"0.0,0"
2026-05-24T16:00:31.189,16,Distance,12,Comm,1601201,0.0
2026-05-24T16:00:31.289,16,Distance,11,FlightLogic,1601101,"0.0,0"
2026-05-24T16:00:31.290,16,Distance,12,Comm,1601201,0.0
2026-05-24T16:00:31.390,16,Distance,11,FlightLogic,1601101,"0.0,0"
2026-05-24T16:00:31.390,16,Distance,12,Comm,1601201,0.0
2026-05-24T16:00:31.490,16,Distance,11,FlightLogic,1601101,"0.0,0"
2026-05-24T16:00:31.490,16,Distance,12,Comm,1601201,0.0
2026-05-24T16:00:31.590,16,Distance,11,FlightLogic,1601101,"0.0,0"
2026-05-24T16:00:31.591,16,Distance,12,Comm,1601201,0.0
2026-05-24T16:00:31.691,16,Distance,11,FlightLogic,1601101,"0.0,0"
2026-05-24T16:00:31.691,16,Distance,12,Comm,1601201,0.0
2026-05-24T16:00:31.791,16,Distance,11,FlightLogic,1601101,"0.0,0"
2026-05-24T16:00:31.791,16,Distance,12,Comm,1601201,0.0
2026-05-24T16:00:31.891,16,Distance,11,FlightLogic,1601101,"0.0,0"
2026-05-24T16:00:31.892,16,Distance,12,Comm,1601201,0.0
2026-05-24T16:00:31.991,16,Distance,11,FlightLogic,1601101,"0.0,0"
2026-05-24T16:00:31.992,16,Distance,12,Comm,1601201,0.0
2026-05-24T16:00:32.092,16,Distance,11,FlightLogic,1601101,"0.0,0"
2026-05-24T16:00:32.092,16,Distance,12,Comm,1601201,0.0
2026-05-24T16:00:32.192,16,Distance,11,FlightLogic,1601101,"0.0,0"
2026-05-24T16:00:32.192,16,Distance,12,Comm,1601201,0.0
2026-05-24T16:00:32.292,16,Distance,11,FlightLogic,1601101,"0.0,0"
2026-05-24T16:00:32.293,16,Distance,12,Comm,1601201,0.0
2026-05-24T16:00:32.393,16,Distance,11,FlightLogic,1601101,"0.0,0"
2026-05-24T16:00:32.393,16,Distance,12,Comm,1601201,0.0
2026-05-24T16:00:32.493,16,Distance,11,FlightLogic,1601101,"0.0,0"
2026-05-24T16:00:32.493,16,Distance,12,Comm,1601201,0.0
2026-05-24T16:00:32.593,16,Distance,11,FlightLogic,1601101,"0.0,0"
2026-05-24T16:00:32.594,16,Distance,12,Comm,1601201,0.0
2026-05-24T16:00:32.693,16,Distance,11,FlightLogic,1601101,"0.0,0"
2026-05-24T16:00:32.694,16,Distance,12,Comm,1601201,0.0
2026-05-24T16:00:32.794,16,Distance,11,FlightLogic,1601101,"0.0,0"
2026-05-24T16:00:32.794,16,Distance,12,Comm,1601201,0.0
2026-05-24T16:00:32.894,16,Distance,11,FlightLogic,1601101,"0.0,0"
2026-05-24T16:00:32.895,16,Distance,12,Comm,1601201,0.0
2026-05-24T16:00:32.994,16,Distance,11,FlightLogic,1601101,"0.0,0"
2026-05-24T16:00:32.995,16,Distance,12,Comm,1601201,0.0
2026-05-24T16:00:33.095,16,Distance,11,FlightLogic,1601101,"0.0,0"
2026-05-24T16:00:33.095,16,Distance,12,Comm,1601201,0.0
2026-05-24T16:00:33.195,16,Distance,11,FlightLogic,1601101,"0.0,0"
2026-05-24T16:00:33.195,16,Distance,12,Comm,1601201,0.0
2026-05-24T16:00:33.295,16,Distance,11,FlightLogic,1601101,"0.0,0"
2026-05-24T16:00:33.296,16,Distance,12,Comm,1601201,0.0
2026-05-24T16:00:33.395,16,Distance,11,FlightLogic,1601101,"0.0,0"
2026-05-24T16:00:33.396,16,Distance,12,Comm,1601201,0.0
2026-05-24T16:00:33.496,16,Distance,11,FlightLogic,1601101,"0.0,0"
2026-05-24T16:00:33.496,16,Distance,12,Comm,1601201,0.0
2026-05-24T16:00:33.596,16,Distance,11,FlightLogic,1601101,"0.0,0"
2026-05-24T16:00:33.597,16,Distance,12,Comm,1601201,0.0
2026-05-24T16:00:33.696,16,Distance,11,FlightLogic,1601101,"0.0,0"
2026-05-24T16:00:33.697,16,Distance,12,Comm,1601201,0.0
2026-05-24T16:00:33.797,16,Distance,11,FlightLogic,1601101,"0.0,0"
2026-05-24T16:00:33.797,16,Distance,12,Comm,1601201,0.0
2026-05-24T16:00:33.897,16,Distance,11,FlightLogic,1601101,"0.0,0"
2026-05-24T16:00:33.898,16,Distance,12,Comm,1601201,0.0
2026-05-24T16:00:33.997,16,Distance,11,FlightLogic,1601101,"0.0,0"
2026-05-24T16:00:33.998,16,Distance,12,Comm,1601201,0.0
2026-05-24T16:00:34.098,16,Distance,11,FlightLogic,1601101,"0.0,0"
2026-05-24T16:00:34.098,16,Distance,12,Comm,1601201,0.0
2026-05-24T16:00:34.198,16,Distance,11,FlightLogic,1601101,"0.0,0"
2026-05-24T16:00:34.199,16,Distance,12,Comm,1601201,0.0
2026-05-24T16:00:34.298,16,Distance,11,FlightLogic,1601101,"0.0,0"
2026-05-24T16:00:34.299,16,Distance,12,Comm,1601201,0.0
2026-05-24T16:00:34.399,16,Distance,11,FlightLogic,1601101,"0.0,0"
2026-05-24T16:00:34.399,16,Distance,12,Comm,1601201,0.0
2026-05-24T16:00:34.499,16,Distance,11,FlightLogic,1601101,"0.0,0"
2026-05-24T16:00:34.499,16,Distance,12,Comm,1601201,0.0
2026-05-24T16:00:34.599,16,Distance,11,FlightLogic,1601101,"0.0,0"
2026-05-24T16:00:34.600,16,Distance,12,Comm,1601201,0.0
2026-05-24T16:00:34.699,16,Distance,11,FlightLogic,1601101,"0.0,0"
2026-05-24T16:00:34.700,16,Distance,12,Comm,1601201,0.0
2026-05-24T16:00:34.800,16,Distance,11,FlightLogic,1601101,"0.0,0"
2026-05-24T16:00:34.800,16,Distance,12,Comm,1601201,0.0
2026-05-24T16:00:34.900,16,Distance,11,FlightLogic,1601101,"0.0,0"
2026-05-24T16:00:34.901,16,Distance,12,Comm,1601201,0.0
2026-05-24T16:00:35.000,16,Distance,11,FlightLogic,1601101,"0.0,0"
2026-05-24T16:00:35.001,16,Distance,12,Comm,1601201,0.0
2026-05-24T16:00:35.101,16,Distance,11,FlightLogic,1601101,"0.0,0"
2026-05-24T16:00:35.101,16,Distance,12,Comm,1601201,0.0
2026-05-24T16:00:35.201,16,Distance,11,FlightLogic,1601101,"0.0,0"
2026-05-24T16:00:35.201,16,Distance,12,Comm,1601201,0.0
2026-05-24T16:00:35.301,16,Distance,11,FlightLogic,1601101,"0.0,0"
2026-05-24T16:00:35.302,16,Distance,12,Comm,1601201,0.0
2026-05-24T16:00:35.401,16,Distance,11,FlightLogic,1601101,"0.0,0"
2026-05-24T16:00:35.402,16,Distance,12,Comm,1601201,0.0
2026-05-24T16:00:35.502,16,Distance,11,FlightLogic,1601101,"0.0,0"
2026-05-24T16:00:35.502,16,Distance,12,Comm,1601201,0.0
2026-05-24T16:00:35.602,16,Distance,11,FlightLogic,1601101,"0.0,0"
2026-05-24T16:00:35.602,16,Distance,12,Comm,1601201,0.0
2026-05-24T16:00:35.702,16,Distance,11,FlightLogic,1601101,"0.0,0"
2026-05-24T16:00:35.703,16,Distance,12,Comm,1601201,0.0
2026-05-24T16:00:35.802,16,Distance,11,FlightLogic,1601101,"0.0,0"
2026-05-24T16:00:35.803,16,Distance,12,Comm,1601201,0.0
2026-05-24T16:00:35.903,16,Distance,11,FlightLogic,1601101,"0.0,0"
2026-05-24T16:00:35.903,16,Distance,12,Comm,1601201,0.0
2026-05-24T16:00:36.003,16,Distance,11,FlightLogic,1601101,"0.0,0"
2026-05-24T16:00:36.004,16,Distance,12,Comm,1601201,0.0
2026-05-24T16:00:36.103,16,Distance,11,FlightLogic,1601101,"0.0,0"
2026-05-24T16:00:36.104,16,Distance,12,Comm,1601201,0.0
2026-05-24T16:00:36.204,16,Distance,11,FlightLogic,1601101,"0.0,0"
2026-05-24T16:00:36.204,16,Distance,12,Comm,1601201,0.0
2026-05-24T16:00:36.304,16,Distance,11,FlightLogic,1601101,"0.0,0"
2026-05-24T16:00:36.305,16,Distance,12,Comm,1601201,0.0
2026-05-24T16:00:36.404,16,Distance,11,FlightLogic,1601101,"0.0,0"
2026-05-24T16:00:36.406,16,Distance,12,Comm,1601201,0.0
2026-05-24T16:00:36.505,16,Distance,11,FlightLogic,1601101,"0.0,0"
2026-05-24T16:00:36.505,16,Distance,12,Comm,1601201,0.0
2026-05-24T16:00:36.605,16,Distance,11,FlightLogic,1601101,"0.0,0"
2026-05-24T16:00:36.606,16,Distance,12,Comm,1601201,0.0
2026-05-24T16:00:36.705,16,Distance,11,FlightLogic,1601101,"0.0,0"
2026-05-24T16:00:36.706,16,Distance,12,Comm,1601201,0.0
2026-05-24T16:00:36.806,16,Distance,11,FlightLogic,1601101,"0.0,0"
2026-05-24T16:00:36.806,16,Distance,12,Comm,1601201,0.0
2026-05-24T16:00:36.906,16,Distance,11,FlightLogic,1601101,"0.0,0"
2026-05-24T16:00:36.906,16,Distance,12,Comm,1601201,0.0
2026-05-24T16:00:37.006,16,Distance,11,FlightLogic,1601101,"0.0,0"
2026-05-24T16:00:37.007,16,Distance,12,Comm,1601201,0.0
2026-05-24T16:00:37.106,16,Distance,11,FlightLogic,1601101,"0.0,0"
2026-05-24T16:00:37.107,16,Distance,12,Comm,1601201,0.0
2026-05-24T16:00:37.207,16,Distance,11,FlightLogic,1601101,"0.0,0"
2026-05-24T16:00:37.207,16,Distance,12,Comm,1601201,0.0
2026-05-24T16:00:37.307,16,Distance,11,FlightLogic,1601101,"0.0,0"
2026-05-24T16:00:37.307,16,Distance,12,Comm,1601201,0.0
2026-05-24T16:00:37.407,16,Distance,11,FlightLogic,1601101,"0.0,0"
2026-05-24T16:00:37.408,16,Distance,12,Comm,1601201,0.0
2026-05-24T16:00:37.508,16,Distance,11,FlightLogic,1601101,"0.0,0"
2026-05-24T16:00:37.508,16,Distance,12,Comm,1601201,0.0
2026-05-24T16:00:37.608,16,Distance,11,FlightLogic,1601101,"0.0,0"
2026-05-24T16:00:37.608,16,Distance,12,Comm,1601201,0.0
2026-05-24T16:00:37.708,16,Distance,11,FlightLogic,1601101,"0.0,0"
2026-05-24T16:00:37.709,16,Distance,12,Comm,1601201,0.0
2026-05-24T16:00:37.809,16,Distance,11,FlightLogic,1601101,"0.0,0"
2026-05-24T16:00:37.809,16,Distance,12,Comm,1601201,0.0
2026-05-24T16:00:37.909,16,Distance,11,FlightLogic,1601101,"0.0,0"
2026-05-24T16:00:37.909,16,Distance,12,Comm,1601201,0.0
2026-05-24T16:00:38.009,16,Distance,11,FlightLogic,1601101,"0.0,0"
2026-05-24T16:00:38.010,16,Distance,12,Comm,1601201,0.0
2026-05-24T16:00:38.110,16,Distance,11,FlightLogic,1601101,"0.0,0"
2026-05-24T16:00:38.110,16,Distance,12,Comm,1601201,0.0
2026-05-24T16:00:38.210,16,Distance,11,FlightLogic,1601101,"0.0,0"
2026-05-24T16:00:38.210,16,Distance,12,Comm,1601201,0.0
2026-05-24T16:00:38.310,16,Distance,11,FlightLogic,1601101,"0.0,0"
2026-05-24T16:00:38.311,16,Distance,12,Comm,1601201,0.0
2026-05-24T16:00:38.410,16,Distance,11,FlightLogic,1601101,"0.0,0"
2026-05-24T16:00:38.411,16,Distance,12,Comm,1601201,0.0
2026-05-24T16:00:38.511,16,Distance,11,FlightLogic,1601101,"0.0,0"
2026-05-24T16:00:38.511,16,Distance,12,Comm,1601201,0.0
2026-05-24T16:00:38.611,16,Distance,11,FlightLogic,1601101,"0.0,0"
2026-05-24T16:00:38.612,16,Distance,12,Comm,1601201,0.0
2026-05-24T16:00:38.711,16,Distance,11,FlightLogic,1601101,"0.0,0"
2026-05-24T16:00:38.712,16,Distance,12,Comm,1601201,0.0
2026-05-24T16:00:38.812,16,Distance,11,FlightLogic,1601101,"0.0,0"
2026-05-24T16:00:38.812,16,Distance,12,Comm,1601201,0.0
2026-05-24T16:00:38.912,16,Distance,11,FlightLogic,1601101,"0.0,0"
2026-05-24T16:00:38.913,16,Distance,12,Comm,1601201,0.0
2026-05-24T16:40:37.391,16,Distance,11,FlightLogic,1601101,"0.0,0"
2026-05-24T16:40:37.392,16,Distance,12,Comm,1601201,0.0
2026-05-24T16:40:37.491,16,Distance,11,FlightLogic,1601101,"0.0,0"
2026-05-24T16:40:37.492,16,Distance,12,Comm,1601201,0.0
2026-05-24T16:40:37.592,16,Distance,11,FlightLogic,1601101,"0.0,0"
2026-05-24T16:40:37.593,16,Distance,12,Comm,1601201,0.0
2026-05-24T16:40:37.692,16,Distance,11,FlightLogic,1601101,"0.0,0"
2026-05-24T16:40:37.692,16,Distance,12,Comm,1601201,0.0
2026-05-24T16:40:37.792,16,Distance,11,FlightLogic,1601101,"0.0,0"
2026-05-24T16:40:37.793,16,Distance,12,Comm,1601201,0.0
2026-05-24T16:40:37.893,16,Distance,11,FlightLogic,1601101,"0.0,0"
2026-05-24T16:40:37.893,16,Distance,12,Comm,1601201,0.0
2026-05-24T16:40:37.993,16,Distance,11,FlightLogic,1601101,"0.0,0"
2026-05-24T16:40:37.993,16,Distance,12,Comm,1601201,0.0
2026-05-24T16:40:38.093,16,Distance,11,FlightLogic,1601101,"0.0,0"
2026-05-24T16:40:38.094,16,Distance,12,Comm,1601201,0.0
2026-05-24T16:40:38.194,16,Distance,11,FlightLogic,1601101,"0.0,0"
2026-05-24T16:40:38.194,16,Distance,12,Comm,1601201,0.0
2026-05-24T16:40:38.294,16,Distance,11,FlightLogic,1601101,"0.0,0"
2026-05-24T16:40:38.295,16,Distance,12,Comm,1601201,0.0
2026-05-24T16:40:38.395,16,Distance,11,FlightLogic,1601101,"0.0,0"
2026-05-24T16:40:38.396,16,Distance,12,Comm,1601201,0.0
2026-05-24T16:40:38.495,16,Distance,11,FlightLogic,1601101,"0.0,0"
2026-05-24T16:40:38.496,16,Distance,12,Comm,1601201,0.0
2026-05-24T16:40:38.596,16,Distance,11,FlightLogic,1601101,"0.0,0"
2026-05-24T16:40:38.596,16,Distance,12,Comm,1601201,0.0
2026-05-24T16:40:38.696,16,Distance,11,FlightLogic,1601101,"0.0,0"
2026-05-24T16:40:38.697,16,Distance,12,Comm,1601201,0.0
2026-05-24T16:40:38.796,16,Distance,11,FlightLogic,1601101,"0.0,0"
2026-05-24T16:40:38.797,16,Distance,12,Comm,1601201,0.0
2026-05-24T16:40:38.897,16,Distance,11,FlightLogic,1601101,"0.0,0"
2026-05-24T16:40:38.897,16,Distance,12,Comm,1601201,0.0
2026-05-24T16:40:38.997,16,Distance,11,FlightLogic,1601101,"0.0,0"
2026-05-24T16:40:38.998,16,Distance,12,Comm,1601201,0.0
2026-05-24T16:40:39.097,16,Distance,11,FlightLogic,1601101,"0.0,0"
2026-05-24T16:40:39.098,16,Distance,12,Comm,1601201,0.0
2026-05-24T16:40:39.198,16,Distance,11,FlightLogic,1601101,"0.0,0"
2026-05-24T16:40:39.198,16,Distance,12,Comm,1601201,0.0
2026-05-24T16:40:39.299,16,Distance,11,FlightLogic,1601101,"0.0,0"
2026-05-24T16:40:39.300,16,Distance,12,Comm,1601201,0.0
2026-05-24T16:40:39.398,16,Distance,11,FlightLogic,1601101,"0.0,0"
2026-05-24T16:40:39.399,16,Distance,12,Comm,1601201,0.0
2026-05-24T16:40:39.499,16,Distance,11,FlightLogic,1601101,"0.0,0"
2026-05-24T16:40:39.500,16,Distance,12,Comm,1601201,0.0
2026-05-24T16:40:39.599,16,Distance,11,FlightLogic,1601101,"0.0,0"
2026-05-24T16:40:39.600,16,Distance,12,Comm,1601201,0.0
2026-05-24T16:40:39.699,16,Distance,11,FlightLogic,1601101,"0.0,0"
2026-05-24T16:40:39.700,16,Distance,12,Comm,1601201,0.0
2026-05-24T16:40:39.800,16,Distance,11,FlightLogic,1601101,"0.0,0"
2026-05-24T16:40:39.800,16,Distance,12,Comm,1601201,0.0
2026-05-24T16:40:39.900,16,Distance,11,FlightLogic,1601101,"0.0,0"
2026-05-24T16:40:39.901,16,Distance,12,Comm,1601201,0.0
2026-05-24T16:40:40.000,16,Distance,11,FlightLogic,1601101,"0.0,0"
2026-05-24T16:40:40.001,16,Distance,12,Comm,1601201,0.0
2026-05-24T16:40:40.101,16,Distance,11,FlightLogic,1601101,"0.0,0"
2026-05-24T16:40:40.101,16,Distance,12,Comm,1601201,0.0
2026-05-24T16:40:40.201,16,Distance,11,FlightLogic,1601101,"0.0,0"
2026-05-24T16:40:40.202,16,Distance,12,Comm,1601201,0.0
2026-05-24T16:40:40.301,16,Distance,11,FlightLogic,1601101,"0.0,0"
2026-05-24T16:40:40.302,16,Distance,12,Comm,1601201,0.0
2026-05-24T16:40:40.402,16,Distance,11,FlightLogic,1601101,"0.0,0"
2026-05-24T16:40:40.402,16,Distance,12,Comm,1601201,0.0
2026-05-24T16:40:40.502,16,Distance,11,FlightLogic,1601101,"0.0,0"
2026-05-24T16:40:40.502,16,Distance,12,Comm,1601201,0.0
2026-05-24T16:40:40.602,16,Distance,11,FlightLogic,1601101,"0.0,0"
2026-05-24T16:40:40.603,16,Distance,12,Comm,1601201,0.0
2026-05-24T16:40:40.703,16,Distance,11,FlightLogic,1601101,"0.0,0"
2026-05-24T16:40:40.703,16,Distance,12,Comm,1601201,0.0
2026-05-24T16:40:40.803,16,Distance,11,FlightLogic,1601101,"0.0,0"
2026-05-24T16:40:40.803,16,Distance,12,Comm,1601201,0.0
2026-05-24T16:40:40.903,16,Distance,11,FlightLogic,1601101,"0.0,0"
2026-05-24T16:40:40.904,16,Distance,12,Comm,1601201,0.0
2026-05-24T16:40:41.003,16,Distance,11,FlightLogic,1601101,"0.0,0"
2026-05-24T16:40:41.004,16,Distance,12,Comm,1601201,0.0
2026-05-24T16:40:41.104,16,Distance,11,FlightLogic,1601101,"0.0,0"
2026-05-24T16:40:41.104,16,Distance,12,Comm,1601201,0.0
2026-05-24T16:40:41.204,16,Distance,11,FlightLogic,1601101,"0.0,0"
2026-05-24T16:40:41.205,16,Distance,12,Comm,1601201,0.0
2026-05-24T16:40:41.305,16,Distance,11,FlightLogic,1601101,"0.0,0"
2026-05-24T16:40:41.305,16,Distance,12,Comm,1601201,0.0
2026-05-24T16:40:41.405,16,Distance,11,FlightLogic,1601101,"0.0,0"
2026-05-24T16:40:41.405,16,Distance,12,Comm,1601201,0.0
2026-05-24T16:40:41.505,16,Distance,11,FlightLogic,1601101,"0.0,0"
2026-05-24T16:40:41.506,16,Distance,12,Comm,1601201,0.0
2026-05-24T16:40:41.606,16,Distance,11,FlightLogic,1601101,"0.0,0"
2026-05-24T16:40:41.606,16,Distance,12,Comm,1601201,0.0
2026-05-24T16:40:41.706,16,Distance,11,FlightLogic,1601101,"0.0,0"
2026-05-24T16:40:41.706,16,Distance,12,Comm,1601201,0.0
2026-05-24T16:40:41.806,16,Distance,11,FlightLogic,1601101,"0.0,0"
2026-05-24T16:40:41.807,16,Distance,12,Comm,1601201,0.0
2026-05-24T16:40:41.907,16,Distance,11,FlightLogic,1601101,"0.0,0"
2026-05-24T16:40:41.907,16,Distance,12,Comm,1601201,0.0
2026-05-24T16:40:42.007,16,Distance,11,FlightLogic,1601101,"0.0,0"
2026-05-24T16:40:42.008,16,Distance,12,Comm,1601201,0.0
2026-05-24T16:40:42.107,16,Distance,11,FlightLogic,1601101,"0.0,0"
2026-05-24T16:40:42.108,16,Distance,12,Comm,1601201,0.0
2026-05-24T16:40:42.208,16,Distance,11,FlightLogic,1601101,"0.0,0"
2026-05-24T16:40:42.208,16,Distance,12,Comm,1601201,0.0
2026-05-24T16:40:42.308,16,Distance,11,FlightLogic,1601101,"0.0,0"
2026-05-24T16:40:42.309,16,Distance,12,Comm,1601201,0.0
2026-05-24T16:40:42.408,16,Distance,11,FlightLogic,1601101,"0.0,0"
2026-05-24T16:40:42.409,16,Distance,12,Comm,1601201,0.0
2026-05-24T16:40:42.509,16,Distance,11,FlightLogic,1601101,"0.0,0"
2026-05-24T16:40:42.509,16,Distance,12,Comm,1601201,0.0
2026-05-24T16:40:42.609,16,Distance,11,FlightLogic,1601101,"0.0,0"
2026-05-24T16:40:42.610,16,Distance,12,Comm,1601201,0.0
2026-05-24T16:40:42.709,16,Distance,11,FlightLogic,1601101,"0.0,0"
2026-05-24T16:40:42.710,16,Distance,12,Comm,1601201,0.0
2026-05-24T16:40:42.810,16,Distance,11,FlightLogic,1601101,"0.0,0"
2026-05-24T16:40:42.810,16,Distance,12,Comm,1601201,0.0
2026-05-24T16:40:42.910,16,Distance,11,FlightLogic,1601101,"0.0,0"
2026-05-24T16:40:42.911,16,Distance,12,Comm,1601201,0.0
2026-05-24T16:40:43.010,16,Distance,11,FlightLogic,1601101,"0.0,0"
2026-05-24T16:40:43.011,16,Distance,12,Comm,1601201,0.0
2026-05-24T16:40:43.111,16,Distance,11,FlightLogic,1601101,"0.0,0"
2026-05-24T16:40:43.111,16,Distance,12,Comm,1601201,0.0
2026-05-24T16:40:43.211,16,Distance,11,FlightLogic,1601101,"0.0,0"
2026-05-24T16:40:43.212,16,Distance,12,Comm,1601201,0.0
2026-05-24T16:40:43.311,16,Distance,11,FlightLogic,1601101,"0.0,0"
2026-05-24T16:40:43.312,16,Distance,12,Comm,1601201,0.0
2026-05-24T16:40:43.412,16,Distance,11,FlightLogic,1601101,"0.0,0"
2026-05-24T16:40:43.412,16,Distance,12,Comm,1601201,0.0
2026-05-24T16:40:43.512,16,Distance,11,FlightLogic,1601101,"0.0,0"
2026-05-24T16:40:43.513,16,Distance,12,Comm,1601201,0.0
2026-05-24T16:40:43.613,16,Distance,11,FlightLogic,1601101,"0.0,0"
2026-05-24T16:40:43.613,16,Distance,12,Comm,1601201,0.0
2026-05-24T16:40:43.713,16,Distance,11,FlightLogic,1601101,"0.0,0"
2026-05-24T16:40:43.714,16,Distance,12,Comm,1601201,0.0
2026-05-24T16:40:43.813,16,Distance,11,FlightLogic,1601101,"0.0,0"
2026-05-24T16:40:43.814,16,Distance,12,Comm,1601201,0.0
2026-05-24T16:40:43.914,16,Distance,11,FlightLogic,1601101,"0.0,0"
2026-05-24T16:40:43.914,16,Distance,12,Comm,1601201,0.0
2026-05-24T16:40:44.014,16,Distance,11,FlightLogic,1601101,"0.0,0"
2026-05-24T16:40:44.015,16,Distance,12,Comm,1601201,0.0
2026-05-24T16:40:44.114,16,Distance,11,FlightLogic,1601101,"0.0,0"
2026-05-24T16:40:44.115,16,Distance,12,Comm,1601201,0.0
2026-05-24T16:40:44.215,16,Distance,11,FlightLogic,1601101,"0.0,0"
2026-05-24T16:40:44.215,16,Distance,12,Comm,1601201,0.0
2026-05-24T16:40:44.315,16,Distance,11,FlightLogic,1601101,"0.0,0"
2026-05-24T16:40:44.316,16,Distance,12,Comm,1601201,0.0
2026-05-24T16:40:44.415,16,Distance,11,FlightLogic,1601101,"0.0,0"
2026-05-24T16:40:44.416,16,Distance,12,Comm,1601201,0.0
2026-05-24T16:40:44.516,16,Distance,11,FlightLogic,1601101,"0.0,0"
2026-05-24T16:40:44.516,16,Distance,12,Comm,1601201,0.0
2026-05-24T16:40:44.616,16,Distance,11,FlightLogic,1601101,"0.0,0"
2026-05-24T16:40:44.617,16,Distance,12,Comm,1601201,0.0
2026-05-24T16:40:44.717,16,Distance,11,FlightLogic,1601101,"0.0,0"
2026-05-24T16:40:44.717,16,Distance,12,Comm,1601201,0.0
2026-05-24T16:40:44.817,16,Distance,11,FlightLogic,1601101,"0.0,0"
2026-05-24T16:40:44.817,16,Distance,12,Comm,1601201,0.0
2026-05-24T16:40:44.917,16,Distance,11,FlightLogic,1601101,"0.0,0"
2026-05-24T16:40:44.918,16,Distance,12,Comm,1601201,0.0
2026-05-24T16:40:45.018,16,Distance,11,FlightLogic,1601101,"0.0,0"
2026-05-24T16:40:45.018,16,Distance,12,Comm,1601201,0.0
2026-05-24T16:40:45.118,16,Distance,11,FlightLogic,1601101,"0.0,0"
2026-05-24T16:40:45.118,16,Distance,12,Comm,1601201,0.0
2026-05-24T16:40:45.218,16,Distance,11,FlightLogic,1601101,"0.0,0"
2026-05-24T16:40:45.219,16,Distance,12,Comm,1601201,0.0
2026-05-24T16:40:45.319,16,Distance,11,FlightLogic,1601101,"0.0,0"
2026-05-24T16:40:45.319,16,Distance,12,Comm,1601201,0.0
2026-05-24T16:40:45.419,16,Distance,11,FlightLogic,1601101,"0.0,0"
2026-05-24T16:40:45.420,16,Distance,12,Comm,1601201,0.0
2026-05-24T16:40:45.519,16,Distance,11,FlightLogic,1601101,"0.0,0"
2026-05-24T16:40:45.520,16,Distance,12,Comm,1601201,0.0
2026-05-24T16:40:45.620,16,Distance,11,FlightLogic,1601101,"0.0,0"
2026-05-24T16:40:45.620,16,Distance,12,Comm,1601201,0.0
2026-05-24T16:40:45.720,16,Distance,11,FlightLogic,1601101,"0.0,0"
2026-05-24T16:40:45.720,16,Distance,12,Comm,1601201,0.0
2026-05-24T16:40:45.820,16,Distance,11,FlightLogic,1601101,"0.0,0"
2026-05-24T16:40:45.821,16,Distance,12,Comm,1601201,0.0
2026-05-24T16:40:45.921,16,Distance,11,FlightLogic,1601101,"0.0,0"
2026-05-24T16:40:45.921,16,Distance,12,Comm,1601201,0.0
2026-05-24T16:40:46.021,16,Distance,11,FlightLogic,1601101,"0.0,0"
2026-05-24T16:40:46.021,16,Distance,12,Comm,1601201,0.0
2026-05-24T16:40:46.121,16,Distance,11,FlightLogic,1601101,"0.0,0"
2026-05-24T16:40:46.122,16,Distance,12,Comm,1601201,0.0
2026-05-24T16:40:46.222,16,Distance,11,FlightLogic,1601101,"0.0,0"
2026-05-24T16:40:46.222,16,Distance,12,Comm,1601201,0.0
2026-05-24T16:40:46.322,16,Distance,11,FlightLogic,1601101,"0.0,0"
2026-05-24T16:40:46.322,16,Distance,12,Comm,1601201,0.0
2026-05-24T16:40:46.422,16,Distance,11,FlightLogic,1601101,"0.0,0"
2026-05-24T16:40:46.423,16,Distance,12,Comm,1601201,0.0
2026-05-24T16:40:46.522,16,Distance,11,FlightLogic,1601101,"0.0,0"
2026-05-24T16:40:46.523,16,Distance,12,Comm,1601201,0.0
2026-05-24T16:40:46.623,16,Distance,11,FlightLogic,1601101,"0.0,0"
2026-05-24T16:40:46.623,16,Distance,12,Comm,1601201,0.0
2026-05-24T16:40:46.723,16,Distance,11,FlightLogic,1601101,"0.0,0"
2026-05-24T16:40:46.723,16,Distance,12,Comm,1601201,0.0
2026-05-24T16:40:46.823,16,Distance,11,FlightLogic,1601101,"0.0,0"
2026-05-24T16:40:46.824,16,Distance,12,Comm,1601201,0.0
2026-05-24T16:40:46.924,16,Distance,11,FlightLogic,1601101,"0.0,0"
2026-05-24T16:40:46.924,16,Distance,12,Comm,1601201,0.0
2026-05-24T16:40:47.024,16,Distance,11,FlightLogic,1601101,"0.0,0"
2026-05-24T16:40:47.025,16,Distance,12,Comm,1601201,0.0
2026-05-24T16:40:47.124,16,Distance,11,FlightLogic,1601101,"0.0,0"
2026-05-24T16:40:47.125,16,Distance,12,Comm,1601201,0.0
2026-05-24T16:40:47.225,16,Distance,11,FlightLogic,1601101,"0.0,0"
2026-05-24T16:40:47.225,16,Distance,12,Comm,1601201,0.0
2026-05-24T16:40:47.325,16,Distance,11,FlightLogic,1601101,"0.0,0"
2026-05-24T16:40:47.325,16,Distance,12,Comm,1601201,0.0
2026-05-24T16:40:47.425,16,Distance,11,FlightLogic,1601101,"0.0,0"
2026-05-24T16:40:47.426,16,Distance,12,Comm,1601201,0.0
2026-05-24T16:40:47.526,16,Distance,11,FlightLogic,1601101,"0.0,0"
2026-05-24T16:40:47.526,16,Distance,12,Comm,1601201,0.0
2026-05-24T16:40:47.626,16,Distance,11,FlightLogic,1601101,"0.0,0"
2026-05-24T16:40:47.626,16,Distance,12,Comm,1601201,0.0
2026-05-24T16:40:47.727,16,Distance,11,FlightLogic,1601101,"0.0,0"
2026-05-24T16:40:47.728,16,Distance,12,Comm,1601201,0.0
2026-05-24T16:40:47.828,16,Distance,11,FlightLogic,1601101,"0.0,0"
2026-05-24T16:40:47.828,16,Distance,12,Comm,1601201,0.0
2026-05-24T16:40:47.928,16,Distance,11,FlightLogic,1601101,"0.0,0"
2026-05-24T16:40:47.928,16,Distance,12,Comm,1601201,0.0
2026-05-24T16:40:48.028,16,Distance,11,FlightLogic,1601101,"0.0,0"
2026-05-24T16:40:48.030,16,Distance,12,Comm,1601201,0.0
2026-05-24T16:40:48.129,16,Distance,11,FlightLogic,1601101,"0.0,0"
2026-05-24T16:40:48.130,16,Distance,12,Comm,1601201,0.0
2026-05-24T16:40:48.229,16,Distance,11,FlightLogic,1601101,"0.0,0"
2026-05-24T16:40:48.230,16,Distance,12,Comm,1601201,0.0
2026-05-24T16:40:48.329,16,Distance,11,FlightLogic,1601101,"0.0,0"
2026-05-24T16:40:48.330,16,Distance,12,Comm,1601201,0.0
2026-05-24T16:40:48.430,16,Distance,11,FlightLogic,1601101,"0.0,0"
2026-05-24T16:40:48.430,16,Distance,12,Comm,1601201,0.0
2026-05-24T16:40:48.530,16,Distance,11,FlightLogic,1601101,"0.0,0"
2026-05-24T16:40:48.531,16,Distance,12,Comm,1601201,0.0
2026-05-24T16:40:48.631,16,Distance,11,FlightLogic,1601101,"0.0,0"
2026-05-24T16:40:48.631,16,Distance,12,Comm,1601201,0.0
2026-05-24T16:40:48.731,16,Distance,11,FlightLogic,1601101,"0.0,0"
2026-05-24T16:40:48.732,16,Distance,12,Comm,1601201,0.0
2026-05-24T16:40:48.831,16,Distance,11,FlightLogic,1601101,"0.0,0"
2026-05-24T16:40:48.832,16,Distance,12,Comm,1601201,0.0
2026-05-24T16:40:48.932,16,Distance,11,FlightLogic,1601101,"0.0,0"
2026-05-24T16:40:48.932,16,Distance,12,Comm,1601201,0.0
2026-05-24T16:40:49.032,16,Distance,11,FlightLogic,1601101,"0.0,0"
2026-05-24T16:40:49.033,16,Distance,12,Comm,1601201,0.0
2026-05-24T16:40:49.132,16,Distance,11,FlightLogic,1601101,"0.0,0"
2026-05-24T16:40:49.133,16,Distance,12,Comm,1601201,0.0
2026-05-24T16:40:49.233,16,Distance,11,FlightLogic,1601101,"0.0,0"
2026-05-24T16:40:49.233,16,Distance,12,Comm,1601201,0.0
2026-05-24T16:40:49.333,16,Distance,11,FlightLogic,1601101,"0.0,0"
2026-05-24T16:40:49.334,16,Distance,12,Comm,1601201,0.0
2026-05-24T16:40:49.433,16,Distance,11,FlightLogic,1601101,"0.0,0"
2026-05-24T16:40:49.434,16,Distance,12,Comm,1601201,0.0
2026-05-24T16:40:49.534,16,Distance,11,FlightLogic,1601101,"0.0,0"
2026-05-24T16:40:49.534,16,Distance,12,Comm,1601201,0.0
2026-05-24T16:40:49.634,16,Distance,11,FlightLogic,1601101,"0.0,0"
2026-05-24T16:40:49.635,16,Distance,12,Comm,1601201,0.0
2026-05-24T16:40:49.735,16,Distance,11,FlightLogic,1601101,"0.0,0"
2026-05-24T16:40:49.735,16,Distance,12,Comm,1601201,0.0
2026-05-24T16:40:49.835,16,Distance,11,FlightLogic,1601101,"0.0,0"
2026-05-24T16:40:49.835,16,Distance,12,Comm,1601201,0.0
2026-05-24T16:40:49.935,16,Distance,11,FlightLogic,1601101,"0.0,0"
2026-05-24T16:40:49.936,16,Distance,12,Comm,1601201,0.0
2026-05-24T16:40:50.036,16,Distance,11,FlightLogic,1601101,"0.0,0"
2026-05-24T16:40:50.036,16,Distance,12,Comm,1601201,0.0
2026-05-24T16:40:50.136,16,Distance,11,FlightLogic,1601101,"0.0,0"
2026-05-24T16:40:50.137,16,Distance,12,Comm,1601201,0.0
2026-05-24T16:40:50.236,16,Distance,11,FlightLogic,1601101,"0.0,0"
2026-05-24T16:40:50.237,16,Distance,12,Comm,1601201,0.0
2026-05-24T16:40:50.337,16,Distance,11,FlightLogic,1601101,"0.0,0"
2026-05-24T16:40:50.337,16,Distance,12,Comm,1601201,0.0
2026-05-24T16:40:50.437,16,Distance,11,FlightLogic,1601101,"0.0,0"
2026-05-24T16:40:50.437,16,Distance,12,Comm,1601201,0.0
2026-05-24T16:40:50.537,16,Distance,11,FlightLogic,1601101,"0.0,0"
2026-05-24T16:40:50.538,16,Distance,12,Comm,1601201,0.0
2026-05-24T16:40:50.638,16,Distance,11,FlightLogic,1601101,"0.0,0"
2026-05-24T16:40:50.638,16,Distance,12,Comm,1601201,0.0
2026-05-24T16:40:50.738,16,Distance,11,FlightLogic,1601101,"0.0,0"
2026-05-24T16:40:50.739,16,Distance,12,Comm,1601201,0.0
2026-05-24T16:40:50.839,16,Distance,11,FlightLogic,1601101,"0.0,0"
2026-05-24T16:40:50.839,16,Distance,12,Comm,1601201,0.0
2026-05-24T16:40:50.939,16,Distance,11,FlightLogic,1601101,"0.0,0"
2026-05-24T16:40:50.940,16,Distance,12,Comm,1601201,0.0
2026-05-24T16:40:51.040,16,Distance,11,FlightLogic,1601101,"0.0,0"
2026-05-24T16:40:51.040,16,Distance,12,Comm,1601201,0.0
2026-05-24T16:40:51.140,16,Distance,11,FlightLogic,1601101,"0.0,0"
2026-05-24T16:40:51.140,16,Distance,12,Comm,1601201,0.0
2026-05-24T16:40:51.240,16,Distance,11,FlightLogic,1601101,"0.0,0"
2026-05-24T16:40:51.241,16,Distance,12,Comm,1601201,0.0
2026-05-24T16:40:51.340,16,Distance,11,FlightLogic,1601101,"0.0,0"
2026-05-24T16:40:51.341,16,Distance,12,Comm,1601201,0.0
2026-05-24T16:40:51.441,16,Distance,11,FlightLogic,1601101,"0.0,0"
2026-05-24T16:40:51.441,16,Distance,12,Comm,1601201,0.0
2026-05-24T16:40:51.541,16,Distance,11,FlightLogic,1601101,"0.0,0"
2026-05-24T16:40:51.542,16,Distance,12,Comm,1601201,0.0
2026-05-24T16:40:51.642,16,Distance,11,FlightLogic,1601101,"0.0,0"
2026-05-24T16:40:51.642,16,Distance,12,Comm,1601201,0.0
2026-05-24T16:40:51.742,16,Distance,11,FlightLogic,1601101,"0.0,0"
2026-05-24T16:40:51.742,16,Distance,12,Comm,1601201,0.0
2026-05-24T16:40:51.842,16,Distance,11,FlightLogic,1601101,"0.0,0"
2026-05-24T16:40:51.843,16,Distance,12,Comm,1601201,0.0
2026-05-24T16:40:51.943,16,Distance,11,FlightLogic,1601101,"0.0,0"
2026-05-24T16:40:51.943,16,Distance,12,Comm,1601201,0.0
2026-05-24T16:40:52.043,16,Distance,11,FlightLogic,1601101,"0.0,0"
2026-05-24T16:40:52.044,16,Distance,12,Comm,1601201,0.0
2026-05-24T16:40:52.143,16,Distance,11,FlightLogic,1601101,"0.0,0"
2026-05-24T16:40:52.144,16,Distance,12,Comm,1601201,0.0
2026-05-24T16:40:52.244,16,Distance,11,FlightLogic,1601101,"0.0,0"
2026-05-24T16:40:52.244,16,Distance,12,Comm,1601201,0.0
2026-05-24T16:40:52.344,16,Distance,11,FlightLogic,1601101,"0.0,0"
2026-05-24T16:40:52.344,16,Distance,12,Comm,1601201,0.0
2026-05-24T16:40:52.444,16,Distance,11,FlightLogic,1601101,"0.0,0"
2026-05-24T16:40:52.445,16,Distance,12,Comm,1601201,0.0
2026-05-24T16:40:52.545,16,Distance,11,FlightLogic,1601101,"0.0,0"
2026-05-24T16:40:52.545,16,Distance,12,Comm,1601201,0.0
2026-05-24T16:40:52.645,16,Distance,11,FlightLogic,1601101,"0.0,0"
2026-05-24T16:40:52.646,16,Distance,12,Comm,1601201,0.0
2026-05-24T16:40:52.745,16,Distance,11,FlightLogic,1601101,"0.0,0"
2026-05-24T16:40:52.746,16,Distance,12,Comm,1601201,0.0
2026-05-24T16:40:52.846,16,Distance,11,FlightLogic,1601101,"0.0,0"
2026-05-24T16:40:52.846,16,Distance,12,Comm,1601201,0.0
2026-05-24T16:40:52.946,16,Distance,11,FlightLogic,1601101,"0.0,0"
2026-05-24T16:40:52.947,16,Distance,12,Comm,1601201,0.0
2026-05-24T16:40:53.047,16,Distance,11,FlightLogic,1601101,"0.0,0"
2026-05-24T16:40:53.047,16,Distance,12,Comm,1601201,0.0
2026-05-24T16:40:53.147,16,Distance,11,FlightLogic,1601101,"0.0,0"
2026-05-24T16:40:53.147,16,Distance,12,Comm,1601201,0.0
2026-05-24T16:40:53.247,16,Distance,11,FlightLogic,1601101,"0.0,0"
2026-05-24T16:40:53.248,16,Distance,12,Comm,1601201,0.0
2026-05-24T16:40:53.348,16,Distance,11,FlightLogic,1601101,"0.0,0"
2026-05-24T16:40:53.348,16,Distance,12,Comm,1601201,0.0
2026-05-24T16:40:53.448,16,Distance,11,FlightLogic,1601101,"0.0,0"
2026-05-24T16:40:53.449,16,Distance,12,Comm,1601201,0.0
2026-05-24T16:40:53.548,16,Distance,11,FlightLogic,1601101,"0.0,0"
2026-05-24T16:40:53.549,16,Distance,12,Comm,1601201,0.0
2026-05-24T16:40:53.649,16,Distance,11,FlightLogic,1601101,"0.0,0"
2026-05-24T16:40:53.649,16,Distance,12,Comm,1601201,0.0
2026-05-24T16:40:53.749,16,Distance,11,FlightLogic,1601101,"0.0,0"
2026-05-24T16:40:53.750,16,Distance,12,Comm,1601201,0.0
2026-05-24T16:40:53.849,16,Distance,11,FlightLogic,1601101,"0.0,0"
2026-05-24T16:40:53.850,16,Distance,12,Comm,1601201,0.0
2026-05-24T16:40:53.950,16,Distance,11,FlightLogic,1601101,"0.0,0"
2026-05-24T16:40:53.950,16,Distance,12,Comm,1601201,0.0
2026-05-24T16:40:54.050,16,Distance,11,FlightLogic,1601101,"0.0,0"
2026-05-24T16:40:54.051,16,Distance,12,Comm,1601201,0.0
2026-05-24T16:40:54.151,16,Distance,11,FlightLogic,1601101,"0.0,0"
2026-05-24T16:40:54.151,16,Distance,12,Comm,1601201,0.0
2026-05-24T16:40:54.251,16,Distance,11,FlightLogic,1601101,"0.0,0"
2026-05-24T16:40:54.252,16,Distance,12,Comm,1601201,0.0
2026-05-24T16:40:54.351,16,Distance,11,FlightLogic,1601101,"0.0,0"
2026-05-24T16:40:54.352,16,Distance,12,Comm,1601201,0.0
2026-05-24T16:40:54.452,16,Distance,11,FlightLogic,1601101,"0.0,0"
2026-05-24T16:40:54.452,16,Distance,12,Comm,1601201,0.0
2026-05-24T16:40:54.552,16,Distance,11,FlightLogic,1601101,"0.0,0"
2026-05-24T16:40:54.553,16,Distance,12,Comm,1601201,0.0
2026-05-24T16:40:54.652,16,Distance,11,FlightLogic,1601101,"0.0,0"
2026-05-24T16:40:54.653,16,Distance,12,Comm,1601201,0.0
2026-05-24T16:40:54.753,16,Distance,11,FlightLogic,1601101,"0.0,0"
2026-05-24T16:40:54.753,16,Distance,12,Comm,1601201,0.0
2026-05-24T16:40:54.853,16,Distance,11,FlightLogic,1601101,"0.0,0"
2026-05-24T16:40:54.854,16,Distance,12,Comm,1601201,0.0
2026-05-24T16:40:54.954,16,Distance,11,FlightLogic,1601101,"0.0,0"
2026-05-24T16:40:54.954,16,Distance,12,Comm,1601201,0.0
2026-05-24T16:40:55.054,16,Distance,11,FlightLogic,1601101,"0.0,0"
2026-05-24T16:40:55.054,16,Distance,12,Comm,1601201,0.0
2026-05-24T16:40:55.154,16,Distance,11,FlightLogic,1601101,"0.0,0"
2026-05-24T16:40:55.155,16,Distance,12,Comm,1601201,0.0
2026-05-24T16:40:55.255,16,Distance,11,FlightLogic,1601101,"0.0,0"
2026-05-24T16:40:55.255,16,Distance,12,Comm,1601201,0.0
2026-05-24T16:40:55.355,16,Distance,11,FlightLogic,1601101,"0.0,0"
2026-05-24T16:40:55.356,16,Distance,12,Comm,1601201,0.0
2026-05-24T16:40:55.455,16,Distance,11,FlightLogic,1601101,"0.0,0"
2026-05-24T16:40:55.456,16,Distance,12,Comm,1601201,0.0
2026-05-24T16:40:55.556,16,Distance,11,FlightLogic,1601101,"0.0,0"
2026-05-24T16:40:55.556,16,Distance,12,Comm,1601201,0.0
2026-05-24T16:40:55.656,16,Distance,11,FlightLogic,1601101,"0.0,0"
2026-05-24T16:40:55.657,16,Distance,12,Comm,1601201,0.0
2026-05-24T16:40:55.757,16,Distance,11,FlightLogic,1601101,"0.0,0"
2026-05-24T16:40:55.757,16,Distance,12,Comm,1601201,0.0
2026-05-24T16:40:55.857,16,Distance,11,FlightLogic,1601101,"0.0,0"
2026-05-24T16:40:55.858,16,Distance,12,Comm,1601201,0.0
2026-05-24T16:40:55.957,16,Distance,11,FlightLogic,1601101,"0.0,0"
2026-05-24T16:40:55.958,16,Distance,12,Comm,1601201,0.0
2026-05-24T16:40:56.057,16,Distance,11,FlightLogic,1601101,"0.0,0"
2026-05-24T16:40:56.058,16,Distance,12,Comm,1601201,0.0
2026-05-24T16:40:56.158,16,Distance,11,FlightLogic,1601101,"0.0,0"
2026-05-24T16:40:56.159,16,Distance,12,Comm,1601201,0.0
2026-05-24T16:40:56.258,16,Distance,11,FlightLogic,1601101,"0.0,0"
2026-05-24T16:40:56.259,16,Distance,12,Comm,1601201,0.0
2026-05-24T16:40:56.359,16,Distance,11,FlightLogic,1601101,"0.0,0"
2026-05-24T16:40:56.359,16,Distance,12,Comm,1601201,0.0
2026-05-24T16:40:56.459,16,Distance,11,FlightLogic,1601101,"0.0,0"
2026-05-24T16:40:56.460,16,Distance,12,Comm,1601201,0.0
2026-05-24T16:40:56.560,16,Distance,11,FlightLogic,1601101,"0.0,0"
2026-05-24T16:40:56.560,16,Distance,12,Comm,1601201,0.0
2026-05-24T16:40:56.660,16,Distance,11,FlightLogic,1601101,"0.0,0"
2026-05-24T16:40:56.660,16,Distance,12,Comm,1601201,0.0
2026-05-24T16:40:56.760,16,Distance,11,FlightLogic,1601101,"0.0,0"
2026-05-24T16:40:56.761,16,Distance,12,Comm,1601201,0.0
2026-05-24T16:40:56.861,16,Distance,11,FlightLogic,1601101,"0.0,0"
2026-05-24T16:40:56.861,16,Distance,12,Comm,1601201,0.0
2026-05-24T16:40:56.961,16,Distance,11,FlightLogic,1601101,"0.0,0"
2026-05-24T16:40:56.961,16,Distance,12,Comm,1601201,0.0
2026-05-24T16:40:57.061,16,Distance,11,FlightLogic,1601101,"0.0,0"
2026-05-24T16:40:57.062,16,Distance,12,Comm,1601201,0.0
2026-05-24T16:40:57.161,16,Distance,11,FlightLogic,1601101,"0.0,0"
2026-05-24T16:40:57.162,16,Distance,12,Comm,1601201,0.0
2026-05-24T16:40:57.262,16,Distance,11,FlightLogic,1601101,"0.0,0"
2026-05-24T16:40:57.262,16,Distance,12,Comm,1601201,0.0
2026-05-24T16:40:57.362,16,Distance,11,FlightLogic,1601101,"0.0,0"
2026-05-24T16:40:57.363,16,Distance,12,Comm,1601201,0.0
2026-05-24T16:40:57.463,16,Distance,11,FlightLogic,1601101,"0.0,0"
2026-05-24T16:40:57.463,16,Distance,12,Comm,1601201,0.0
2026-05-24T16:40:57.563,16,Distance,11,FlightLogic,1601101,"0.0,0"
2026-05-24T16:40:57.564,16,Distance,12,Comm,1601201,0.0
2026-05-24T16:40:57.663,16,Distance,11,FlightLogic,1601101,"0.0,0"
2026-05-24T16:40:57.664,16,Distance,12,Comm,1601201,0.0
2026-05-24T16:40:57.764,16,Distance,11,FlightLogic,1601101,"0.0,0"
2026-05-24T16:40:57.764,16,Distance,12,Comm,1601201,0.0
2026-05-24T16:40:57.864,16,Distance,11,FlightLogic,1601101,"0.0,0"
2026-05-24T16:40:57.865,16,Distance,12,Comm,1601201,0.0
2026-05-24T16:40:57.964,16,Distance,11,FlightLogic,1601101,"0.0,0"
2026-05-24T16:40:57.965,16,Distance,12,Comm,1601201,0.0
2026-05-24T16:40:58.065,16,Distance,11,FlightLogic,1601101,"0.0,0"
2026-05-24T16:40:58.065,16,Distance,12,Comm,1601201,0.0
2026-05-24T16:40:58.165,16,Distance,11,FlightLogic,1601101,"0.0,0"
2026-05-24T16:40:58.166,16,Distance,12,Comm,1601201,0.0
2026-05-24T16:40:58.265,16,Distance,11,FlightLogic,1601101,"0.0,0"
2026-05-24T16:40:58.266,16,Distance,12,Comm,1601201,0.0
2026-05-24T16:40:58.366,16,Distance,11,FlightLogic,1601101,"0.0,0"
2026-05-24T16:40:58.367,16,Distance,12,Comm,1601201,0.0
2026-05-24T16:40:58.466,16,Distance,11,FlightLogic,1601101,"0.0,0"
2026-05-24T16:40:58.467,16,Distance,12,Comm,1601201,0.0
2026-05-24T16:40:58.567,16,Distance,11,FlightLogic,1601101,"0.0,0"
2026-05-24T16:40:58.567,16,Distance,12,Comm,1601201,0.0
2026-05-24T16:40:58.667,16,Distance,11,FlightLogic,1601101,"0.0,0"
2026-05-24T16:40:58.668,16,Distance,12,Comm,1601201,0.0
2026-05-24T16:40:58.767,16,Distance,11,FlightLogic,1601101,"0.0,0"
2026-05-24T16:40:58.768,16,Distance,12,Comm,1601201,0.0
2026-05-24T16:40:58.868,16,Distance,11,FlightLogic,1601101,"0.0,0"
2026-05-24T16:40:58.868,16,Distance,12,Comm,1601201,0.0
2026-05-24T16:40:58.968,16,Distance,11,FlightLogic,1601101,"0.0,0"
2026-05-24T16:40:58.968,16,Distance,12,Comm,1601201,0.0
2026-05-24T16:40:59.068,16,Distance,11,FlightLogic,1601101,"0.0,0"
2026-05-24T16:40:59.069,16,Distance,12,Comm,1601201,0.0
2026-05-24T16:40:59.169,16,Distance,11,FlightLogic,1601101,"0.0,0"
2026-05-24T16:40:59.170,16,Distance,12,Comm,1601201,0.0
2026-05-24T16:40:59.269,16,Distance,11,FlightLogic,1601101,"0.0,0"
2026-05-24T16:40:59.270,16,Distance,12,Comm,1601201,0.0
2026-05-24T16:40:59.369,16,Distance,11,FlightLogic,1601101,"0.0,0"
2026-05-24T16:40:59.370,16,Distance,12,Comm,1601201,0.0
2026-05-24T16:40:59.470,16,Distance,11,FlightLogic,1601101,"0.0,0"
2026-05-24T16:40:59.470,16,Distance,12,Comm,1601201,0.0
2026-05-24T16:40:59.570,16,Distance,11,FlightLogic,1601101,"0.0,0"
2026-05-24T16:40:59.571,16,Distance,12,Comm,1601201,0.0
2026-05-24T16:40:59.670,16,Distance,11,FlightLogic,1601101,"0.0,0"
2026-05-24T16:40:59.671,16,Distance,12,Comm,1601201,0.0
2026-05-24T16:40:59.771,16,Distance,11,FlightLogic,1601101,"0.0,0"
2026-05-24T16:40:59.771,16,Distance,12,Comm,1601201,0.0
2026-05-24T16:40:59.871,16,Distance,11,FlightLogic,1601101,"0.0,0"
2026-05-24T16:40:59.872,16,Distance,12,Comm,1601201,0.0
2026-05-24T16:40:59.971,16,Distance,11,FlightLogic,1601101,"0.0,0"
2026-05-24T16:40:59.972,16,Distance,12,Comm,1601201,0.0
2026-05-24T16:41:00.072,16,Distance,11,FlightLogic,1601101,"0.0,0"
2026-05-24T16:41:00.072,16,Distance,12,Comm,1601201,0.0
2026-05-24T16:41:00.172,16,Distance,11,FlightLogic,1601101,"0.0,0"
2026-05-24T16:41:00.172,16,Distance,12,Comm,1601201,0.0
2026-05-24T16:41:00.272,16,Distance,11,FlightLogic,1601101,"0.0,0"
2026-05-24T16:41:00.273,16,Distance,12,Comm,1601201,0.0
2026-05-24T16:41:00.372,16,Distance,11,FlightLogic,1601101,"0.0,0"
2026-05-24T16:41:00.373,16,Distance,12,Comm,1601201,0.0
2026-05-24T16:41:00.473,16,Distance,11,FlightLogic,1601101,"0.0,0"
2026-05-24T16:41:00.473,16,Distance,12,Comm,1601201,0.0
2026-05-24T16:41:00.573,16,Distance,11,FlightLogic,1601101,"0.0,0"
2026-05-24T16:41:00.573,16,Distance,12,Comm,1601201,0.0
2026-05-24T16:41:00.674,16,Distance,11,FlightLogic,1601101,"0.0,0"
2026-05-24T16:41:00.674,16,Distance,12,Comm,1601201,0.0
2026-05-24T16:41:00.774,16,Distance,11,FlightLogic,1601101,"0.0,0"
2026-05-24T16:41:00.775,16,Distance,12,Comm,1601201,0.0
2026-05-24T16:41:00.874,16,Distance,11,FlightLogic,1601101,"0.0,0"
2026-05-24T16:41:00.875,16,Distance,12,Comm,1601201,0.0
2026-05-24T16:41:00.975,16,Distance,11,FlightLogic,1601101,"0.0,0"
2026-05-24T16:41:00.975,16,Distance,12,Comm,1601201,0.0
2026-05-24T16:41:01.075,16,Distance,11,FlightLogic,1601101,"0.0,0"
2026-05-24T16:41:01.075,16,Distance,12,Comm,1601201,0.0
2026-05-24T16:41:01.175,16,Distance,11,FlightLogic,1601101,"0.0,0"
2026-05-24T16:41:01.176,16,Distance,12,Comm,1601201,0.0
2026-05-24T16:41:01.276,16,Distance,11,FlightLogic,1601101,"0.0,0"
2026-05-24T16:41:01.276,16,Distance,12,Comm,1601201,0.0
2026-05-24T16:41:01.376,16,Distance,11,FlightLogic,1601101,"0.0,0"
2026-05-24T16:41:01.376,16,Distance,12,Comm,1601201,0.0
2026-05-24T16:41:01.476,16,Distance,11,FlightLogic,1601101,"0.0,0"
2026-05-24T16:41:01.477,16,Distance,12,Comm,1601201,0.0
2026-05-24T16:41:01.577,16,Distance,11,FlightLogic,1601101,"0.0,0"
2026-05-24T16:41:01.578,16,Distance,12,Comm,1601201,0.0
2026-05-24T16:41:01.677,16,Distance,11,FlightLogic,1601101,"0.0,0"
2026-05-24T16:41:01.678,16,Distance,12,Comm,1601201,0.0
2026-05-24T16:41:01.777,16,Distance,11,FlightLogic,1601101,"0.0,0"
2026-05-24T16:41:01.778,16,Distance,12,Comm,1601201,0.0
2026-05-24T16:41:01.878,16,Distance,11,FlightLogic,1601101,"0.0,0"
2026-05-24T16:41:01.878,16,Distance,12,Comm,1601201,0.0
2026-05-24T16:41:01.978,16,Distance,11,FlightLogic,1601101,"0.0,0"
2026-05-24T16:41:01.979,16,Distance,12,Comm,1601201,0.0
2026-05-24T16:41:02.078,16,Distance,11,FlightLogic,1601101,"0.0,0"
2026-05-24T16:41:02.079,16,Distance,12,Comm,1601201,0.0
2026-05-24T16:41:02.179,16,Distance,11,FlightLogic,1601101,"0.0,0"
2026-05-24T16:41:02.179,16,Distance,12,Comm,1601201,0.0
2026-05-24T16:41:02.279,16,Distance,11,FlightLogic,1601101,"0.0,0"
2026-05-24T16:41:02.280,16,Distance,12,Comm,1601201,0.0
2026-05-24T16:41:02.379,16,Distance,11,FlightLogic,1601101,"0.0,0"
2026-05-24T16:41:02.380,16,Distance,12,Comm,1601201,0.0
2026-05-24T16:41:02.480,16,Distance,11,FlightLogic,1601101,"0.0,0"
2026-05-24T16:41:02.480,16,Distance,12,Comm,1601201,0.0
2026-05-24T16:41:02.580,16,Distance,11,FlightLogic,1601101,"0.0,0"
2026-05-24T16:41:02.581,16,Distance,12,Comm,1601201,0.0
2026-05-24T16:41:02.680,16,Distance,11,FlightLogic,1601101,"0.0,0"
2026-05-24T16:41:02.681,16,Distance,12,Comm,1601201,0.0
2026-05-24T16:41:02.781,16,Distance,11,FlightLogic,1601101,"0.0,0"
2026-05-24T16:41:02.781,16,Distance,12,Comm,1601201,0.0
2026-05-24T16:41:02.881,16,Distance,11,FlightLogic,1601101,"0.0,0"
2026-05-24T16:41:02.882,16,Distance,12,Comm,1601201,0.0
2026-05-24T16:41:02.981,16,Distance,11,FlightLogic,1601101,"0.0,0"
2026-05-24T16:41:02.982,16,Distance,12,Comm,1601201,0.0
2026-05-24T16:41:03.082,16,Distance,11,FlightLogic,1601101,"0.0,0"
2026-05-24T16:41:03.082,16,Distance,12,Comm,1601201,0.0
2026-05-24T16:41:03.182,16,Distance,11,FlightLogic,1601101,"0.0,0"
2026-05-24T16:41:03.182,16,Distance,12,Comm,1601201,0.0
2026-05-24T16:41:03.282,16,Distance,11,FlightLogic,1601101,"0.0,0"
2026-05-24T16:41:03.283,16,Distance,12,Comm,1601201,0.0
2026-05-24T16:41:03.383,16,Distance,11,FlightLogic,1601101,"0.0,0"
2026-05-24T16:41:03.383,16,Distance,12,Comm,1601201,0.0
2026-05-24T16:41:03.483,16,Distance,11,FlightLogic,1601101,"0.0,0"
2026-05-24T16:41:03.484,16,Distance,12,Comm,1601201,0.0
2026-05-24T16:41:03.583,16,Distance,11,FlightLogic,1601101,"0.0,0"
2026-05-24T16:41:03.584,16,Distance,12,Comm,1601201,0.0
2026-05-24T16:41:03.684,16,Distance,11,FlightLogic,1601101,"0.0,0"
2026-05-24T16:41:03.684,16,Distance,12,Comm,1601201,0.0
2026-05-24T16:41:03.784,16,Distance,11,FlightLogic,1601101,"0.0,0"
2026-05-24T16:41:03.784,16,Distance,12,Comm,1601201,0.0
2026-05-24T16:41:03.884,16,Distance,11,FlightLogic,1601101,"0.0,0"
2026-05-24T16:41:03.885,16,Distance,12,Comm,1601201,0.0
2026-05-24T16:41:03.985,16,Distance,11,FlightLogic,1601101,"0.0,0"
2026-05-24T16:41:03.985,16,Distance,12,Comm,1601201,0.0
2026-05-24T16:41:04.085,16,Distance,11,FlightLogic,1601101,"0.0,0"
2026-05-24T16:41:04.086,16,Distance,12,Comm,1601201,0.0
2026-05-24T16:41:04.185,16,Distance,11,FlightLogic,1601101,"0.0,0"
2026-05-24T16:41:04.186,16,Distance,12,Comm,1601201,0.0
2026-05-24T16:41:04.286,16,Distance,11,FlightLogic,1601101,"0.0,0"
2026-05-24T16:41:04.286,16,Distance,12,Comm,1601201,0.0
2026-05-24T16:41:04.386,16,Distance,11,FlightLogic,1601101,"0.0,0"
2026-05-24T16:41:04.387,16,Distance,12,Comm,1601201,0.0
2026-05-24T16:41:04.486,16,Distance,11,FlightLogic,1601101,"0.0,0"
2026-05-24T16:41:04.487,16,Distance,12,Comm,1601201,0.0
2026-05-24T16:41:04.587,16,Distance,11,FlightLogic,1601101,"0.0,0"
2026-05-24T16:41:04.588,16,Distance,12,Comm,1601201,0.0
2026-05-24T16:41:04.687,16,Distance,11,FlightLogic,1601101,"0.0,0"
2026-05-24T16:41:04.688,16,Distance,12,Comm,1601201,0.0
2026-05-24T16:41:04.788,16,Distance,11,FlightLogic,1601101,"0.0,0"
2026-05-24T16:41:04.788,16,Distance,12,Comm,1601201,0.0
2026-05-24T16:41:04.888,16,Distance,11,FlightLogic,1601101,"0.0,0"
2026-05-24T16:41:04.888,16,Distance,12,Comm,1601201,0.0
2026-05-24T16:41:04.988,16,Distance,11,FlightLogic,1601101,"0.0,0"
2026-05-24T16:41:04.989,16,Distance,12,Comm,1601201,0.0
2026-05-24T16:41:05.089,16,Distance,11,FlightLogic,1601101,"0.0,0"
2026-05-24T16:41:05.089,16,Distance,12,Comm,1601201,0.0
2026-05-24T16:41:05.189,16,Distance,11,FlightLogic,1601101,"0.0,0"
2026-05-24T16:41:05.190,16,Distance,12,Comm,1601201,0.0
2026-05-24T16:41:05.289,16,Distance,11,FlightLogic,1601101,"0.0,0"
2026-05-24T16:41:05.290,16,Distance,12,Comm,1601201,0.0
2026-05-24T16:41:05.390,16,Distance,11,FlightLogic,1601101,"0.0,0"
2026-05-24T16:41:05.390,16,Distance,12,Comm,1601201,0.0
2026-05-24T16:41:05.490,16,Distance,11,FlightLogic,1601101,"0.0,0"
2026-05-24T16:41:05.491,16,Distance,12,Comm,1601201,0.0
2026-05-24T16:41:05.590,16,Distance,11,FlightLogic,1601101,"0.0,0"
2026-05-24T16:41:05.591,16,Distance,12,Comm,1601201,0.0
2026-05-24T16:41:05.691,16,Distance,11,FlightLogic,1601101,"0.0,0"
2026-05-24T16:41:05.691,16,Distance,12,Comm,1601201,0.0
2026-05-24T16:41:05.791,16,Distance,11,FlightLogic,1601101,"0.0,0"
2026-05-24T16:41:05.792,16,Distance,12,Comm,1601201,0.0
2026-05-24T16:41:05.892,16,Distance,11,FlightLogic,1601101,"0.0,0"
2026-05-24T16:41:05.892,16,Distance,12,Comm,1601201,0.0
2026-05-24T16:41:05.992,16,Distance,11,FlightLogic,1601101,"0.0,0"
2026-05-24T16:41:05.993,16,Distance,12,Comm,1601201,0.0
2026-05-24T16:41:06.092,16,Distance,11,FlightLogic,1601101,"0.0,0"
2026-05-24T16:41:06.093,16,Distance,12,Comm,1601201,0.0
2026-05-24T16:41:06.192,16,Distance,11,FlightLogic,1601101,"0.0,0"
2026-05-24T16:41:06.193,16,Distance,12,Comm,1601201,0.0
2026-05-24T16:41:06.293,16,Distance,11,FlightLogic,1601101,"0.0,0"
2026-05-24T16:41:06.293,16,Distance,12,Comm,1601201,0.0
2026-05-24T16:41:06.393,16,Distance,11,FlightLogic,1601101,"0.0,0"
2026-05-24T16:41:06.394,16,Distance,12,Comm,1601201,0.0
2026-05-24T16:41:06.494,16,Distance,11,FlightLogic,1601101,"0.0,0"
2026-05-24T16:41:06.494,16,Distance,12,Comm,1601201,0.0
2026-05-24T16:41:06.594,16,Distance,11,FlightLogic,1601101,"0.0,0"
2026-05-24T16:41:06.594,16,Distance,12,Comm,1601201,0.0
2026-05-24T16:41:06.694,16,Distance,11,FlightLogic,1601101,"0.0,0"
2026-05-24T16:41:06.695,16,Distance,12,Comm,1601201,0.0
2026-05-24T16:41:06.795,16,Distance,11,FlightLogic,1601101,"0.0,0"
2026-05-24T16:41:06.795,16,Distance,12,Comm,1601201,0.0
2026-05-24T16:41:06.895,16,Distance,11,FlightLogic,1601101,"0.0,0"
2026-05-24T16:41:06.896,16,Distance,12,Comm,1601201,0.0
2026-05-24T16:41:06.995,16,Distance,11,FlightLogic,1601101,"0.0,0"
2026-05-24T16:41:06.996,16,Distance,12,Comm,1601201,0.0
2026-05-24T16:41:07.096,16,Distance,11,FlightLogic,1601101,"0.0,0"
2026-05-24T16:41:07.096,16,Distance,12,Comm,1601201,0.0
2026-05-24T16:41:07.196,16,Distance,11,FlightLogic,1601101,"0.0,0"
2026-05-24T16:41:07.197,16,Distance,12,Comm,1601201,0.0
2026-05-24T16:41:07.297,16,Distance,11,FlightLogic,1601101,"0.0,0"
2026-05-24T16:41:07.297,16,Distance,12,Comm,1601201,0.0
2026-05-24T16:41:07.397,16,Distance,11,FlightLogic,1601101,"0.0,0"
2026-05-24T16:41:07.397,16,Distance,12,Comm,1601201,0.0
2026-05-24T16:41:07.497,16,Distance,11,FlightLogic,1601101,"0.0,0"
2026-05-24T16:41:07.498,16,Distance,12,Comm,1601201,0.0
2026-05-24T16:41:07.598,16,Distance,11,FlightLogic,1601101,"0.0,0"
2026-05-24T16:41:07.598,16,Distance,12,Comm,1601201,0.0
2026-05-24T16:41:07.698,16,Distance,11,FlightLogic,1601101,"0.0,0"
2026-05-24T16:41:07.698,16,Distance,12,Comm,1601201,0.0
2026-05-24T16:41:07.798,16,Distance,11,FlightLogic,1601101,"0.0,0"
2026-05-24T16:41:07.799,16,Distance,12,Comm,1601201,0.0
2026-05-24T16:41:07.899,16,Distance,11,FlightLogic,1601101,"0.0,0"
2026-05-24T16:41:07.899,16,Distance,12,Comm,1601201,0.0
2026-05-24T16:41:07.999,16,Distance,11,FlightLogic,1601101,"0.0,0"
2026-05-24T16:41:08.000,16,Distance,12,Comm,1601201,0.0
2026-05-24T16:41:08.099,16,Distance,11,FlightLogic,1601101,"0.0,0"
2026-05-24T16:41:08.100,16,Distance,12,Comm,1601201,0.0
2026-05-24T16:41:08.200,16,Distance,11,FlightLogic,1601101,"0.0,0"
2026-05-24T16:41:08.200,16,Distance,12,Comm,1601201,0.0
2026-05-24T16:41:08.300,16,Distance,11,FlightLogic,1601101,"0.0,0"
2026-05-24T16:41:08.301,16,Distance,12,Comm,1601201,0.0
2026-05-24T16:41:08.401,16,Distance,11,FlightLogic,1601101,"0.0,0"
2026-05-24T16:41:08.401,16,Distance,12,Comm,1601201,0.0
2026-05-24T16:41:08.501,16,Distance,11,FlightLogic,1601101,"0.0,0"
2026-05-24T16:41:08.502,16,Distance,12,Comm,1601201,0.0
2026-05-24T16:41:08.601,16,Distance,11,FlightLogic,1601101,"0.0,0"
2026-05-24T16:41:08.602,16,Distance,12,Comm,1601201,0.0
2026-05-24T16:41:08.702,16,Distance,11,FlightLogic,1601101,"0.0,0"
2026-05-24T16:41:08.703,16,Distance,12,Comm,1601201,0.0
2026-05-24T16:41:08.802,16,Distance,11,FlightLogic,1601101,"0.0,0"
2026-05-24T16:41:08.803,16,Distance,12,Comm,1601201,0.0
2026-05-24T16:41:08.902,16,Distance,11,FlightLogic,1601101,"0.0,0"
2026-05-24T16:41:08.903,16,Distance,12,Comm,1601201,0.0
2026-05-24T16:41:09.003,16,Distance,11,FlightLogic,1601101,"0.0,0"
2026-05-24T16:41:09.003,16,Distance,12,Comm,1601201,0.0
2026-05-24T16:41:09.103,16,Distance,11,FlightLogic,1601101,"0.0,0"
2026-05-24T16:41:09.104,16,Distance,12,Comm,1601201,0.0
2026-05-24T16:41:09.204,16,Distance,11,FlightLogic,1601101,"0.0,0"
2026-05-24T16:41:09.204,16,Distance,12,Comm,1601201,0.0
2026-05-24T16:41:09.304,16,Distance,11,FlightLogic,1601101,"0.0,0"
2026-05-24T16:41:09.304,16,Distance,12,Comm,1601201,0.0
2026-05-24T16:41:09.404,16,Distance,11,FlightLogic,1601101,"0.0,0"
2026-05-24T16:41:09.405,16,Distance,12,Comm,1601201,0.0
2026-05-24T16:41:09.505,16,Distance,11,FlightLogic,1601101,"0.0,0"
2026-05-24T16:41:09.505,16,Distance,12,Comm,1601201,0.0
2026-05-24T16:41:09.605,16,Distance,11,FlightLogic,1601101,"0.0,0"
2026-05-24T16:41:09.605,16,Distance,12,Comm,1601201,0.0
2026-05-24T16:41:09.705,16,Distance,11,FlightLogic,1601101,"0.0,0"
2026-05-24T16:41:09.706,16,Distance,12,Comm,1601201,0.0
2026-05-24T16:41:09.806,16,Distance,11,FlightLogic,1601101,"0.0,0"
2026-05-24T16:41:09.806,16,Distance,12,Comm,1601201,0.0
2026-05-24T16:41:09.906,16,Distance,11,FlightLogic,1601101,"0.0,0"
2026-05-24T16:41:09.907,16,Distance,12,Comm,1601201,0.0
2026-05-24T16:41:10.006,16,Distance,11,FlightLogic,1601101,"0.0,0"
2026-05-24T16:41:10.007,16,Distance,12,Comm,1601201,0.0
2026-05-24T16:41:10.107,16,Distance,11,FlightLogic,1601101,"0.0,0"
2026-05-24T16:41:10.108,16,Distance,12,Comm,1601201,0.0
2026-05-24T16:41:10.207,16,Distance,11,FlightLogic,1601101,"0.0,0"
2026-05-24T16:41:10.208,16,Distance,12,Comm,1601201,0.0
2026-05-24T16:41:10.308,16,Distance,11,FlightLogic,1601101,"0.0,0"
2026-05-24T16:41:10.308,16,Distance,12,Comm,1601201,0.0
2026-05-24T16:41:10.408,16,Distance,11,FlightLogic,1601101,"0.0,0"
2026-05-24T16:41:10.409,16,Distance,12,Comm,1601201,0.0
2026-05-24T16:41:10.508,16,Distance,11,FlightLogic,1601101,"0.0,0"
2026-05-24T16:41:10.509,16,Distance,12,Comm,1601201,0.0
2026-05-24T16:41:10.609,16,Distance,11,FlightLogic,1601101,"0.0,0"
2026-05-24T16:41:10.609,16,Distance,12,Comm,1601201,0.0
2026-05-24T16:41:10.709,16,Distance,11,FlightLogic,1601101,"0.0,0"
2026-05-24T16:41:10.710,16,Distance,12,Comm,1601201,0.0
2026-05-24T16:41:10.809,16,Distance,11,FlightLogic,1601101,"0.0,0"
2026-05-24T16:41:10.810,16,Distance,12,Comm,1601201,0.0
2026-05-24T16:41:10.910,16,Distance,11,FlightLogic,1601101,"0.0,0"
2026-05-24T16:41:10.910,16,Distance,12,Comm,1601201,0.0
2026-05-24T16:41:11.010,16,Distance,11,FlightLogic,1601101,"0.0,0"
2026-05-24T16:41:11.011,16,Distance,12,Comm,1601201,0.0
2026-05-24T16:41:11.110,16,Distance,11,FlightLogic,1601101,"0.0,0"
2026-05-24T16:41:11.111,16,Distance,12,Comm,1601201,0.0
2026-05-24T16:41:11.211,16,Distance,11,FlightLogic,1601101,"0.0,0"
2026-05-24T16:41:11.212,16,Distance,12,Comm,1601201,0.0
2026-05-24T16:41:11.311,16,Distance,11,FlightLogic,1601101,"0.0,0"
2026-05-24T16:41:11.312,16,Distance,12,Comm,1601201,0.0
2026-05-24T16:41:11.412,16,Distance,11,FlightLogic,1601101,"0.0,0"
2026-05-24T16:41:11.412,16,Distance,12,Comm,1601201,0.0
2026-05-24T16:41:11.512,16,Distance,11,FlightLogic,1601101,"0.0,0"
2026-05-24T16:41:11.513,16,Distance,12,Comm,1601201,0.0
2026-05-24T16:41:11.612,16,Distance,11,FlightLogic,1601101,"0.0,0"
2026-05-24T16:41:11.613,16,Distance,12,Comm,1601201,0.0
2026-05-24T16:41:11.713,16,Distance,11,FlightLogic,1601101,"0.0,0"
2026-05-24T16:41:11.713,16,Distance,12,Comm,1601201,0.0
2026-05-24T16:41:11.813,16,Distance,11,FlightLogic,1601101,"0.0,0"
2026-05-24T16:41:11.814,16,Distance,12,Comm,1601201,0.0
2026-05-24T16:41:11.913,16,Distance,11,FlightLogic,1601101,"0.0,0"
2026-05-24T16:41:11.914,16,Distance,12,Comm,1601201,0.0
2026-05-24T16:41:12.014,16,Distance,11,FlightLogic,1601101,"0.0,0"
2026-05-24T16:41:12.015,16,Distance,12,Comm,1601201,0.0
2026-05-24T16:41:12.114,16,Distance,11,FlightLogic,1601101,"0.0,0"
2026-05-24T16:41:12.115,16,Distance,12,Comm,1601201,0.0
2026-05-24T16:41:12.215,16,Distance,11,FlightLogic,1601101,"0.0,0"
2026-05-24T16:41:12.215,16,Distance,12,Comm,1601201,0.0
2026-05-24T16:41:12.315,16,Distance,11,FlightLogic,1601101,"0.0,0"
2026-05-24T16:41:12.316,16,Distance,12,Comm,1601201,0.0
2026-05-24T16:41:12.415,16,Distance,11,FlightLogic,1601101,"0.0,0"
2026-05-24T16:41:12.416,16,Distance,12,Comm,1601201,0.0
2026-05-24T16:41:12.516,16,Distance,11,FlightLogic,1601101,"0.0,0"
2026-05-24T16:41:12.516,16,Distance,12,Comm,1601201,0.0
2026-05-24T16:41:12.616,16,Distance,11,FlightLogic,1601101,"0.0,0"
2026-05-24T16:41:12.616,16,Distance,12,Comm,1601201,0.0
2026-05-24T16:41:12.716,16,Distance,11,FlightLogic,1601101,"0.0,0"
2026-05-24T16:41:12.717,16,Distance,12,Comm,1601201,0.0
2026-05-24T16:41:12.816,16,Distance,11,FlightLogic,1601101,"0.0,0"
2026-05-24T16:41:12.817,16,Distance,12,Comm,1601201,0.0
2026-05-24T16:41:12.917,16,Distance,11,FlightLogic,1601101,"0.0,0"
2026-05-24T16:41:12.917,16,Distance,12,Comm,1601201,0.0
2026-05-24T16:41:13.018,16,Distance,11,FlightLogic,1601101,"0.0,0"
2026-05-24T16:41:13.018,16,Distance,12,Comm,1601201,0.0
2026-05-24T16:41:13.118,16,Distance,11,FlightLogic,1601101,"0.0,0"
2026-05-24T16:41:13.118,16,Distance,12,Comm,1601201,0.0
2026-05-24T16:41:13.218,16,Distance,11,FlightLogic,1601101,"0.0,0"
2026-05-24T16:41:13.218,16,Distance,12,Comm,1601201,0.0
2026-05-24T16:41:13.318,16,Distance,11,FlightLogic,1601101,"0.0,0"
2026-05-24T16:41:13.319,16,Distance,12,Comm,1601201,0.0
2026-05-24T16:41:13.418,16,Distance,11,FlightLogic,1601101,"0.0,0"
2026-05-24T16:41:13.419,16,Distance,12,Comm,1601201,0.0
2026-05-24T16:41:13.519,16,Distance,11,FlightLogic,1601101,"0.0,0"
2026-05-24T16:41:13.520,16,Distance,12,Comm,1601201,0.0
2026-05-24T16:41:13.619,16,Distance,11,FlightLogic,1601101,"0.0,0"
2026-05-24T16:41:13.620,16,Distance,12,Comm,1601201,0.0
2026-05-24T16:41:13.720,16,Distance,11,FlightLogic,1601101,"0.0,0"
2026-05-24T16:41:13.720,16,Distance,12,Comm,1601201,0.0
2026-05-24T16:41:13.820,16,Distance,11,FlightLogic,1601101,"0.0,0"
2026-05-24T16:41:13.821,16,Distance,12,Comm,1601201,0.0
2026-05-24T16:41:13.920,16,Distance,11,FlightLogic,1601101,"0.0,0"
2026-05-24T16:41:13.921,16,Distance,12,Comm,1601201,0.0
2026-05-24T16:41:14.021,16,Distance,11,FlightLogic,1601101,"0.0,0"
2026-05-24T16:41:14.021,16,Distance,12,Comm,1601201,0.0
2026-05-24T16:41:14.122,16,Distance,11,FlightLogic,1601101,"0.0,0"
2026-05-24T16:41:14.123,16,Distance,12,Comm,1601201,0.0
2026-05-24T16:41:14.222,16,Distance,11,FlightLogic,1601101,"0.0,0"
2026-05-24T16:41:14.222,16,Distance,12,Comm,1601201,0.0
2026-05-24T16:41:14.322,16,Distance,11,FlightLogic,1601101,"0.0,0"
2026-05-24T16:41:14.323,16,Distance,12,Comm,1601201,0.0
2026-05-24T16:41:14.422,16,Distance,11,FlightLogic,1601101,"0.0,0"
2026-05-24T16:41:14.423,16,Distance,12,Comm,1601201,0.0
2026-05-24T16:41:14.523,16,Distance,11,FlightLogic,1601101,"0.0,0"
2026-05-24T16:41:14.523,16,Distance,12,Comm,1601201,0.0
2026-05-24T16:41:14.623,16,Distance,11,FlightLogic,1601101,"0.0,0"
2026-05-24T16:41:14.624,16,Distance,12,Comm,1601201,0.0
2026-05-24T16:41:14.723,16,Distance,11,FlightLogic,1601101,"0.0,0"
2026-05-24T16:41:14.724,16,Distance,12,Comm,1601201,0.0
2026-05-24T16:41:14.824,16,Distance,11,FlightLogic,1601101,"0.0,0"
2026-05-24T16:41:14.824,16,Distance,12,Comm,1601201,0.0
2026-05-24T16:41:14.924,16,Distance,11,FlightLogic,1601101,"0.0,0"
2026-05-24T16:41:14.925,16,Distance,12,Comm,1601201,0.0
2026-05-24T16:41:15.025,16,Distance,11,FlightLogic,1601101,"0.0,0"
2026-05-24T16:41:15.025,16,Distance,12,Comm,1601201,0.0
2026-05-24T16:41:15.125,16,Distance,11,FlightLogic,1601101,"0.0,0"
2026-05-24T16:41:15.126,16,Distance,12,Comm,1601201,0.0
2026-05-24T16:41:15.225,16,Distance,11,FlightLogic,1601101,"0.0,0"
2026-05-24T16:41:15.226,16,Distance,12,Comm,1601201,0.0
2026-05-24T16:41:15.326,16,Distance,11,FlightLogic,1601101,"0.0,0"
2026-05-24T16:41:15.326,16,Distance,12,Comm,1601201,0.0
2026-05-24T16:41:15.426,16,Distance,11,FlightLogic,1601101,"0.0,0"
2026-05-24T16:41:15.427,16,Distance,12,Comm,1601201,0.0
2026-05-24T16:41:15.526,16,Distance,11,FlightLogic,1601101,"0.0,0"
2026-05-24T16:41:15.527,16,Distance,12,Comm,1601201,0.0
2026-05-24T16:41:15.627,16,Distance,11,FlightLogic,1601101,"0.0,0"
2026-05-24T16:41:15.627,16,Distance,12,Comm,1601201,0.0
2026-05-24T16:41:15.727,16,Distance,11,FlightLogic,1601101,"0.0,0"
2026-05-24T16:41:15.728,16,Distance,12,Comm,1601201,0.0
2026-05-24T16:41:15.828,16,Distance,11,FlightLogic,1601101,"0.0,0"
2026-05-24T16:41:15.829,16,Distance,12,Comm,1601201,0.0
2026-05-24T16:41:15.928,16,Distance,11,FlightLogic,1601101,"0.0,0"
2026-05-24T16:41:15.929,16,Distance,12,Comm,1601201,0.0
2026-05-24T16:41:16.029,16,Distance,11,FlightLogic,1601101,"0.0,0"
2026-05-24T16:41:16.030,16,Distance,12,Comm,1601201,0.0
2026-05-24T16:41:16.129,16,Distance,11,FlightLogic,1601101,"0.0,0"
2026-05-24T16:41:16.130,16,Distance,12,Comm,1601201,0.0
2026-05-24T16:41:16.229,16,Distance,11,FlightLogic,1601101,"0.0,0"
2026-05-24T16:41:16.230,16,Distance,12,Comm,1601201,0.0
2026-05-24T16:41:16.330,16,Distance,11,FlightLogic,1601101,"0.0,0"
2026-05-24T16:41:16.330,16,Distance,12,Comm,1601201,0.0
2026-05-24T16:41:16.431,16,Distance,11,FlightLogic,1601101,"0.0,0"
2026-05-24T16:41:16.432,16,Distance,12,Comm,1601201,0.0
2026-05-24T16:41:16.531,16,Distance,11,FlightLogic,1601101,"0.0,0"
2026-05-24T16:41:16.531,16,Distance,12,Comm,1601201,0.0
2026-05-24T16:41:16.632,16,Distance,11,FlightLogic,1601101,"0.0,0"
2026-05-24T16:41:16.632,16,Distance,12,Comm,1601201,0.0
2026-05-24T16:41:16.732,16,Distance,11,FlightLogic,1601101,"0.0,0"
2026-05-24T16:41:16.732,16,Distance,12,Comm,1601201,0.0
2026-05-24T16:41:16.832,16,Distance,11,FlightLogic,1601101,"0.0,0"
2026-05-24T16:41:16.833,16,Distance,12,Comm,1601201,0.0
2026-05-24T16:41:16.933,16,Distance,11,FlightLogic,1601101,"0.0,0"
2026-05-24T16:41:16.933,16,Distance,12,Comm,1601201,0.0
2026-05-24T16:41:17.033,16,Distance,11,FlightLogic,1601101,"0.0,0"
2026-05-24T16:41:17.033,16,Distance,12,Comm,1601201,0.0
2026-05-24T16:41:17.133,16,Distance,11,FlightLogic,1601101,"0.0,0"
2026-05-24T16:41:17.134,16,Distance,12,Comm,1601201,0.0
2026-05-24T16:41:17.233,16,Distance,11,FlightLogic,1601101,"0.0,0"
2026-05-24T16:41:17.234,16,Distance,12,Comm,1601201,0.0
2026-05-24T16:41:17.334,16,Distance,11,FlightLogic,1601101,"0.0,0"
2026-05-24T16:41:17.334,16,Distance,12,Comm,1601201,0.0
2026-05-24T16:41:17.434,16,Distance,11,FlightLogic,1601101,"0.0,0"
2026-05-24T16:41:17.435,16,Distance,12,Comm,1601201,0.0
2026-05-24T16:41:17.534,16,Distance,11,FlightLogic,1601101,"0.0,0"
2026-05-24T16:41:17.535,16,Distance,12,Comm,1601201,0.0
2026-05-24T16:41:17.635,16,Distance,11,FlightLogic,1601101,"0.0,0"
2026-05-24T16:41:17.635,16,Distance,12,Comm,1601201,0.0
2026-05-24T16:41:17.735,16,Distance,11,FlightLogic,1601101,"0.0,0"
2026-05-24T16:41:17.736,16,Distance,12,Comm,1601201,0.0
2026-05-24T16:41:17.835,16,Distance,11,FlightLogic,1601101,"0.0,0"
2026-05-24T16:41:17.836,16,Distance,12,Comm,1601201,0.0
2026-05-24T16:41:17.936,16,Distance,11,FlightLogic,1601101,"0.0,0"
2026-05-24T16:41:17.936,16,Distance,12,Comm,1601201,0.0
2026-05-24T16:41:18.036,16,Distance,11,FlightLogic,1601101,"0.0,0"
2026-05-24T16:41:18.038,16,Distance,12,Comm,1601201,0.0
2026-05-24T16:41:18.136,16,Distance,11,FlightLogic,1601101,"0.0,0"
2026-05-24T16:41:18.137,16,Distance,12,Comm,1601201,0.0
2026-05-24T16:41:18.237,16,Distance,11,FlightLogic,1601101,"0.0,0"
2026-05-24T16:41:18.237,16,Distance,12,Comm,1601201,0.0
2026-05-24T16:41:18.337,16,Distance,11,FlightLogic,1601101,"0.0,0"
2026-05-24T16:41:18.338,16,Distance,12,Comm,1601201,0.0
2026-05-24T16:41:18.437,16,Distance,11,FlightLogic,1601101,"0.0,0"
2026-05-24T16:41:18.438,16,Distance,12,Comm,1601201,0.0
2026-05-24T16:41:18.538,16,Distance,11,FlightLogic,1601101,"0.0,0"
2026-05-24T16:41:18.538,16,Distance,12,Comm,1601201,0.0
2026-05-24T16:41:18.638,16,Distance,11,FlightLogic,1601101,"0.0,0"
2026-05-24T16:41:18.638,16,Distance,12,Comm,1601201,0.0
2026-05-24T16:41:18.738,16,Distance,11,FlightLogic,1601101,"0.0,0"
2026-05-24T16:41:18.739,16,Distance,12,Comm,1601201,0.0
2026-05-24T16:41:18.839,16,Distance,11,FlightLogic,1601101,"0.0,0"
2026-05-24T16:41:18.839,16,Distance,12,Comm,1601201,0.0
2026-05-24T16:41:18.939,16,Distance,11,FlightLogic,1601101,"0.0,0"
2026-05-24T16:41:18.939,16,Distance,12,Comm,1601201,0.0
2026-05-24T16:41:19.039,16,Distance,11,FlightLogic,1601101,"0.0,0"
2026-05-24T16:41:19.040,16,Distance,12,Comm,1601201,0.0
2026-05-24T16:41:19.140,16,Distance,11,FlightLogic,1601101,"0.0,0"
2026-05-24T16:41:19.140,16,Distance,12,Comm,1601201,0.0
2026-05-24T16:41:19.240,16,Distance,11,FlightLogic,1601101,"0.0,0"
2026-05-24T16:41:19.240,16,Distance,12,Comm,1601201,0.0
2026-05-24T16:41:19.340,16,Distance,11,FlightLogic,1601101,"0.0,0"
2026-05-24T16:41:19.341,16,Distance,12,Comm,1601201,0.0
2026-05-24T16:41:19.441,16,Distance,11,FlightLogic,1601101,"0.0,0"
2026-05-24T16:41:19.441,16,Distance,12,Comm,1601201,0.0
2026-05-24T16:41:19.541,16,Distance,11,FlightLogic,1601101,"0.0,0"
2026-05-24T16:41:19.541,16,Distance,12,Comm,1601201,0.0
2026-05-24T16:41:19.641,16,Distance,11,FlightLogic,1601101,"0.0,0"
2026-05-24T16:41:19.642,16,Distance,12,Comm,1601201,0.0
2026-05-24T16:41:19.741,16,Distance,11,FlightLogic,1601101,"0.0,0"
2026-05-24T16:41:19.742,16,Distance,12,Comm,1601201,0.0
2026-05-24T16:41:19.842,16,Distance,11,FlightLogic,1601101,"0.0,0"
2026-05-24T16:41:19.842,16,Distance,12,Comm,1601201,0.0
2026-05-24T16:41:19.942,16,Distance,11,FlightLogic,1601101,"0.0,0"
2026-05-24T16:41:19.943,16,Distance,12,Comm,1601201,0.0
2026-05-24T16:41:20.042,16,Distance,11,FlightLogic,1601101,"0.0,0"
2026-05-24T16:41:20.043,16,Distance,12,Comm,1601201,0.0
2026-05-24T16:41:20.143,16,Distance,11,FlightLogic,1601101,"0.0,0"
2026-05-24T16:41:20.143,16,Distance,12,Comm,1601201,0.0
2026-05-24T16:41:20.243,16,Distance,11,FlightLogic,1601101,"0.0,0"
2026-05-24T16:41:20.244,16,Distance,12,Comm,1601201,0.0
2026-05-24T16:41:20.343,16,Distance,11,FlightLogic,1601101,"0.0,0"
2026-05-24T16:41:20.344,16,Distance,12,Comm,1601201,0.0
2026-05-24T16:41:20.444,16,Distance,11,FlightLogic,1601101,"0.0,0"
2026-05-24T16:41:20.444,16,Distance,12,Comm,1601201,0.0
2026-05-24T16:41:20.544,16,Distance,11,FlightLogic,1601101,"0.0,0"
2026-05-24T16:41:20.544,16,Distance,12,Comm,1601201,0.0
2026-05-24T16:41:20.644,16,Distance,11,FlightLogic,1601101,"0.0,0"
2026-05-24T16:41:20.645,16,Distance,12,Comm,1601201,0.0
2026-05-24T16:41:20.744,16,Distance,11,FlightLogic,1601101,"0.0,0"
2026-05-24T16:41:20.745,16,Distance,12,Comm,1601201,0.0
2026-05-24T16:41:20.845,16,Distance,11,FlightLogic,1601101,"0.0,0"
2026-05-24T16:41:20.845,16,Distance,12,Comm,1601201,0.0
2026-05-24T16:41:20.945,16,Distance,11,FlightLogic,1601101,"0.0,0"
2026-05-24T16:41:20.946,16,Distance,12,Comm,1601201,0.0
2026-05-24T16:41:21.045,16,Distance,11,FlightLogic,1601101,"0.0,0"
2026-05-24T16:41:21.046,16,Distance,12,Comm,1601201,0.0
2026-05-24T16:41:21.146,16,Distance,11,FlightLogic,1601101,"0.0,0"
2026-05-24T16:41:21.146,16,Distance,12,Comm,1601201,0.0
2026-05-24T16:41:21.246,16,Distance,11,FlightLogic,1601101,"0.0,0"
2026-05-24T16:41:21.246,16,Distance,12,Comm,1601201,0.0
2026-05-24T16:41:21.346,16,Distance,11,FlightLogic,1601101,"0.0,0"
2026-05-24T16:41:21.347,16,Distance,12,Comm,1601201,0.0
2026-05-24T16:41:21.447,16,Distance,11,FlightLogic,1601101,"0.0,0"
2026-05-24T16:41:21.447,16,Distance,12,Comm,1601201,0.0
2026-05-24T16:41:21.547,16,Distance,11,FlightLogic,1601101,"0.0,0"
2026-05-24T16:41:21.547,16,Distance,12,Comm,1601201,0.0
2026-05-24T16:41:21.647,16,Distance,11,FlightLogic,1601101,"0.0,0"
2026-05-24T16:41:21.648,16,Distance,12,Comm,1601201,0.0
2026-05-24T16:41:21.748,16,Distance,11,FlightLogic,1601101,"0.0,0"
2026-05-24T16:41:21.748,16,Distance,12,Comm,1601201,0.0
2026-05-24T16:41:21.848,16,Distance,11,FlightLogic,1601101,"0.0,0"
2026-05-24T16:41:21.848,16,Distance,12,Comm,1601201,0.0
2026-05-24T16:41:21.948,16,Distance,11,FlightLogic,1601101,"0.0,0"
2026-05-24T16:41:21.949,16,Distance,12,Comm,1601201,0.0
2026-05-24T16:41:22.048,16,Distance,11,FlightLogic,1601101,"0.0,0"
2026-05-24T16:41:22.049,16,Distance,12,Comm,1601201,0.0
2026-05-24T16:41:22.149,16,Distance,11,FlightLogic,1601101,"0.0,0"
2026-05-24T16:41:22.149,16,Distance,12,Comm,1601201,0.0
2026-05-24T16:41:22.249,16,Distance,11,FlightLogic,1601101,"0.0,0"
2026-05-24T16:41:22.249,16,Distance,12,Comm,1601201,0.0
2026-05-24T16:41:22.349,16,Distance,11,FlightLogic,1601101,"0.0,0"
2026-05-24T16:41:22.350,16,Distance,12,Comm,1601201,0.0
2026-05-24T16:41:22.450,16,Distance,11,FlightLogic,1601101,"0.0,0"
2026-05-24T16:41:22.450,16,Distance,12,Comm,1601201,0.0
2026-05-24T16:41:22.550,16,Distance,11,FlightLogic,1601101,"0.0,0"
2026-05-24T16:41:22.550,16,Distance,12,Comm,1601201,0.0
2026-05-24T16:41:22.650,16,Distance,11,FlightLogic,1601101,"0.0,0"
2026-05-24T16:41:22.651,16,Distance,12,Comm,1601201,0.0
2026-05-24T16:41:22.750,16,Distance,11,FlightLogic,1601101,"0.0,0"
2026-05-24T16:41:22.751,16,Distance,12,Comm,1601201,0.0
2026-05-24T16:41:22.851,16,Distance,11,FlightLogic,1601101,"0.0,0"
2026-05-24T16:41:22.851,16,Distance,12,Comm,1601201,0.0
2026-05-24T16:41:22.951,16,Distance,11,FlightLogic,1601101,"0.0,0"
2026-05-24T16:41:22.951,16,Distance,12,Comm,1601201,0.0
2026-05-24T16:41:23.051,16,Distance,11,FlightLogic,1601101,"0.0,0"
2026-05-24T16:41:23.052,16,Distance,12,Comm,1601201,0.0
2026-05-24T16:41:23.152,16,Distance,11,FlightLogic,1601101,"0.0,0"
2026-05-24T16:41:23.152,16,Distance,12,Comm,1601201,0.0
2026-05-24T16:41:23.252,16,Distance,11,FlightLogic,1601101,"0.0,0"
2026-05-24T16:41:23.252,16,Distance,12,Comm,1601201,0.0
2026-05-24T16:41:23.352,16,Distance,11,FlightLogic,1601101,"0.0,0"
2026-05-24T16:41:23.353,16,Distance,12,Comm,1601201,0.0
2026-05-24T16:41:23.453,16,Distance,11,FlightLogic,1601101,"0.0,0"
2026-05-24T16:41:23.453,16,Distance,12,Comm,1601201,0.0
2026-05-24T16:41:23.553,16,Distance,11,FlightLogic,1601101,"0.0,0"
2026-05-24T16:41:23.553,16,Distance,12,Comm,1601201,0.0
2026-05-24T16:41:23.653,16,Distance,11,FlightLogic,1601101,"0.0,0"
2026-05-24T16:41:23.654,16,Distance,12,Comm,1601201,0.0
2026-05-24T16:41:23.753,16,Distance,11,FlightLogic,1601101,"0.0,0"
2026-05-24T16:41:23.754,16,Distance,12,Comm,1601201,0.0
2026-05-24T16:41:23.854,16,Distance,11,FlightLogic,1601101,"0.0,0"
2026-05-24T16:41:23.854,16,Distance,12,Comm,1601201,0.0
2026-05-24T16:41:23.954,16,Distance,11,FlightLogic,1601101,"0.0,0"
2026-05-24T16:41:23.955,16,Distance,12,Comm,1601201,0.0
2026-05-24T16:41:24.054,16,Distance,11,FlightLogic,1601101,"0.0,0"
2026-05-24T16:41:24.055,16,Distance,12,Comm,1601201,0.0
2026-05-24T16:41:24.155,16,Distance,11,FlightLogic,1601101,"0.0,0"
2026-05-24T16:41:24.155,16,Distance,12,Comm,1601201,0.0
2026-05-24T16:41:24.255,16,Distance,11,FlightLogic,1601101,"0.0,0"
2026-05-24T16:41:24.255,16,Distance,12,Comm,1601201,0.0
2026-05-24T16:41:24.355,16,Distance,11,FlightLogic,1601101,"0.0,0"
2026-05-24T16:41:24.356,16,Distance,12,Comm,1601201,0.0
2026-05-24T16:41:24.456,16,Distance,11,FlightLogic,1601101,"0.0,0"
2026-05-24T16:41:24.456,16,Distance,12,Comm,1601201,0.0
2026-05-24T16:41:24.556,16,Distance,11,FlightLogic,1601101,"0.0,0"
2026-05-24T16:41:24.556,16,Distance,12,Comm,1601201,0.0
2026-05-24T16:41:24.656,16,Distance,11,FlightLogic,1601101,"0.0,0"
2026-05-24T16:41:24.657,16,Distance,12,Comm,1601201,0.0
2026-05-24T16:41:24.756,16,Distance,11,FlightLogic,1601101,"0.0,0"
2026-05-24T16:41:24.757,16,Distance,12,Comm,1601201,0.0
2026-05-24T16:41:24.858,16,Distance,11,FlightLogic,1601101,"0.0,0"
2026-05-24T16:41:24.859,16,Distance,12,Comm,1601201,0.0
2026-05-24T16:41:24.957,16,Distance,11,FlightLogic,1601101,"0.0,0"
2026-05-24T16:41:24.957,16,Distance,12,Comm,1601201,0.0
2026-05-24T16:41:25.057,16,Distance,11,FlightLogic,1601101,"0.0,0"
2026-05-24T16:41:25.058,16,Distance,12,Comm,1601201,0.0
2026-05-24T16:41:25.157,16,Distance,11,FlightLogic,1601101,"0.0,0"
2026-05-24T16:41:25.158,16,Distance,12,Comm,1601201,0.0
2026-05-24T16:41:25.258,16,Distance,11,FlightLogic,1601101,"0.0,0"
2026-05-24T16:41:25.258,16,Distance,12,Comm,1601201,0.0
2026-05-24T16:41:25.359,16,Distance,11,FlightLogic,1601101,"0.0,0"
2026-05-24T16:41:25.359,16,Distance,12,Comm,1601201,0.0
2026-05-24T16:41:25.459,16,Distance,11,FlightLogic,1601101,"0.0,0"
2026-05-24T16:41:25.459,16,Distance,12,Comm,1601201,0.0
2026-05-24T16:41:25.559,16,Distance,11,FlightLogic,1601101,"0.0,0"
2026-05-24T16:41:25.559,16,Distance,12,Comm,1601201,0.0
2026-05-24T16:41:25.659,16,Distance,11,FlightLogic,1601101,"0.0,0"
2026-05-24T16:41:25.659,16,Distance,12,Comm,1601201,0.0
2026-05-24T16:41:25.759,16,Distance,11,FlightLogic,1601101,"0.0,0"
2026-05-24T16:41:25.760,16,Distance,12,Comm,1601201,0.0
2026-05-24T16:41:25.860,16,Distance,11,FlightLogic,1601101,"0.0,0"
2026-05-24T16:41:25.860,16,Distance,12,Comm,1601201,0.0
2026-05-24T16:41:25.960,16,Distance,11,FlightLogic,1601101,"0.0,0"
2026-05-24T16:41:25.961,16,Distance,12,Comm,1601201,0.0
2026-05-24T16:41:26.060,16,Distance,11,FlightLogic,1601101,"0.0,0"
2026-05-24T16:41:26.061,16,Distance,12,Comm,1601201,0.0
2026-05-24T16:41:26.160,16,Distance,11,FlightLogic,1601101,"0.0,0"
2026-05-24T16:41:26.161,16,Distance,12,Comm,1601201,0.0
2026-05-24T16:41:26.261,16,Distance,11,FlightLogic,1601101,"0.0,0"
2026-05-24T16:41:26.261,16,Distance,12,Comm,1601201,0.0
2026-05-24T16:41:26.361,16,Distance,11,FlightLogic,1601101,"0.0,0"
2026-05-24T16:41:26.361,16,Distance,12,Comm,1601201,0.0
2026-05-24T16:41:26.461,16,Distance,11,FlightLogic,1601101,"0.0,0"
2026-05-24T16:41:26.462,16,Distance,12,Comm,1601201,0.0
2026-05-24T16:41:26.562,16,Distance,11,FlightLogic,1601101,"0.0,0"
2026-05-24T16:41:26.562,16,Distance,12,Comm,1601201,0.0
2026-05-24T16:41:26.662,16,Distance,11,FlightLogic,1601101,"0.0,0"
2026-05-24T16:41:26.662,16,Distance,12,Comm,1601201,0.0
2026-05-24T16:41:26.762,16,Distance,11,FlightLogic,1601101,"0.0,0"
2026-05-24T16:41:26.763,16,Distance,12,Comm,1601201,0.0
2026-05-24T16:41:26.862,16,Distance,11,FlightLogic,1601101,"0.0,0"
2026-05-24T16:41:26.863,16,Distance,12,Comm,1601201,0.0
2026-05-24T16:41:26.963,16,Distance,11,FlightLogic,1601101,"0.0,0"
2026-05-24T16:41:26.963,16,Distance,12,Comm,1601201,0.0
2026-05-24T16:41:27.063,16,Distance,11,FlightLogic,1601101,"0.0,0"
2026-05-24T16:41:27.064,16,Distance,12,Comm,1601201,0.0
2026-05-24T16:41:27.163,16,Distance,11,FlightLogic,1601101,"0.0,0"
2026-05-24T16:41:27.164,16,Distance,12,Comm,1601201,0.0
2026-05-24T16:41:27.264,16,Distance,11,FlightLogic,1601101,"0.0,0"
2026-05-24T16:41:27.264,16,Distance,12,Comm,1601201,0.0
2026-05-24T16:41:27.364,16,Distance,11,FlightLogic,1601101,"0.0,0"
2026-05-24T16:41:27.364,16,Distance,12,Comm,1601201,0.0
2026-05-24T16:41:27.464,16,Distance,11,FlightLogic,1601101,"0.0,0"
2026-05-24T16:41:27.465,16,Distance,12,Comm,1601201,0.0
2026-05-24T16:41:27.565,16,Distance,11,FlightLogic,1601101,"0.0,0"
2026-05-24T16:41:27.565,16,Distance,12,Comm,1601201,0.0
2026-05-24T16:41:27.665,16,Distance,11,FlightLogic,1601101,"0.0,0"
2026-05-24T16:41:27.665,16,Distance,12,Comm,1601201,0.0
2026-05-24T16:41:27.765,16,Distance,11,FlightLogic,1601101,"0.0,0"
2026-05-24T16:41:27.766,16,Distance,12,Comm,1601201,0.0
2026-05-24T16:41:27.865,16,Distance,11,FlightLogic,1601101,"0.0,0"
2026-05-24T16:41:27.866,16,Distance,12,Comm,1601201,0.0
2026-05-24T16:41:27.966,16,Distance,11,FlightLogic,1601101,"0.0,0"
2026-05-24T16:41:27.966,16,Distance,12,Comm,1601201,0.0
2026-05-24T16:41:28.066,16,Distance,11,FlightLogic,1601101,"0.0,0"
2026-05-24T16:41:28.066,16,Distance,12,Comm,1601201,0.0
2026-05-24T16:41:28.166,16,Distance,11,FlightLogic,1601101,"0.0,0"
2026-05-24T16:41:28.167,16,Distance,12,Comm,1601201,0.0
2026-05-24T16:41:28.267,16,Distance,11,FlightLogic,1601101,"0.0,0"
2026-05-24T16:41:28.267,16,Distance,12,Comm,1601201,0.0
2026-05-24T16:41:28.367,16,Distance,11,FlightLogic,1601101,"0.0,0"
2026-05-24T16:41:28.367,16,Distance,12,Comm,1601201,0.0
2026-05-24T16:41:28.467,16,Distance,11,FlightLogic,1601101,"0.0,0"
2026-05-24T16:41:28.468,16,Distance,12,Comm,1601201,0.0
2026-05-24T16:41:28.567,16,Distance,11,FlightLogic,1601101,"0.0,0"
2026-05-24T16:41:28.568,16,Distance,12,Comm,1601201,0.0
2026-05-24T16:41:28.668,16,Distance,11,FlightLogic,1601101,"0.0,0"
2026-05-24T16:41:28.668,16,Distance,12,Comm,1601201,0.0
2026-05-24T16:41:28.768,16,Distance,11,FlightLogic,1601101,"0.0,0"
2026-05-24T16:41:28.769,16,Distance,12,Comm,1601201,0.0
2026-05-24T16:41:28.868,16,Distance,11,FlightLogic,1601101,"0.0,0"
2026-05-24T16:41:28.869,16,Distance,12,Comm,1601201,0.0
2026-05-24T16:41:28.969,16,Distance,11,FlightLogic,1601101,"0.0,0"
2026-05-24T16:41:28.969,16,Distance,12,Comm,1601201,0.0
2026-05-24T16:41:29.069,16,Distance,11,FlightLogic,1601101,"0.0,0"
2026-05-24T16:41:29.069,16,Distance,12,Comm,1601201,0.0
2026-05-24T16:41:29.169,16,Distance,11,FlightLogic,1601101,"0.0,0"
2026-05-24T16:41:29.170,16,Distance,12,Comm,1601201,0.0
2026-05-24T16:41:29.270,16,Distance,11,FlightLogic,1601101,"0.0,0"
2026-05-24T16:41:29.270,16,Distance,12,Comm,1601201,0.0
2026-05-24T16:41:29.370,16,Distance,11,FlightLogic,1601101,"0.0,0"
2026-05-24T16:41:29.370,16,Distance,12,Comm,1601201,0.0
2026-05-24T16:41:29.470,16,Distance,11,FlightLogic,1601101,"0.0,0"
2026-05-24T16:41:29.470,16,Distance,12,Comm,1601201,0.0
2026-05-24T16:41:29.570,16,Distance,11,FlightLogic,1601101,"0.0,0"
2026-05-24T16:41:29.571,16,Distance,12,Comm,1601201,0.0
2026-05-24T16:41:29.670,16,Distance,11,FlightLogic,1601101,"0.0,0"
2026-05-24T16:41:29.671,16,Distance,12,Comm,1601201,0.0
2026-05-24T16:41:29.771,16,Distance,11,FlightLogic,1601101,"0.0,0"
2026-05-24T16:41:29.771,16,Distance,12,Comm,1601201,0.0
2026-05-24T16:41:29.871,16,Distance,11,FlightLogic,1601101,"0.0,0"
2026-05-24T16:41:29.872,16,Distance,12,Comm,1601201,0.0
2026-05-24T16:41:29.971,16,Distance,11,FlightLogic,1601101,"0.0,0"
2026-05-24T16:41:29.972,16,Distance,12,Comm,1601201,0.0
2026-05-24T16:41:30.072,16,Distance,11,FlightLogic,1601101,"0.0,0"
2026-05-24T16:41:30.072,16,Distance,12,Comm,1601201,0.0
2026-05-24T16:41:30.172,16,Distance,11,FlightLogic,1601101,"0.0,0"
2026-05-24T16:41:30.172,16,Distance,12,Comm,1601201,0.0
2026-05-24T16:41:30.272,16,Distance,11,FlightLogic,1601101,"0.0,0"
2026-05-24T16:41:30.273,16,Distance,12,Comm,1601201,0.0
2026-05-24T16:41:30.372,16,Distance,11,FlightLogic,1601101,"0.0,0"
2026-05-24T16:41:30.373,16,Distance,12,Comm,1601201,0.0
2026-05-24T16:41:30.473,16,Distance,11,FlightLogic,1601101,"0.0,0"
2026-05-24T16:41:30.473,16,Distance,12,Comm,1601201,0.0
2026-05-24T16:41:30.573,16,Distance,11,FlightLogic,1601101,"0.0,0"
2026-05-24T16:41:30.574,16,Distance,12,Comm,1601201,0.0
2026-05-24T16:41:30.673,16,Distance,11,FlightLogic,1601101,"0.0,0"
2026-05-24T16:41:30.674,16,Distance,12,Comm,1601201,0.0
2026-05-24T16:41:30.774,16,Distance,11,FlightLogic,1601101,"0.0,0"
2026-05-24T16:41:30.774,16,Distance,12,Comm,1601201,0.0
2026-05-24T16:41:30.874,16,Distance,11,FlightLogic,1601101,"0.0,0"
2026-05-24T16:41:30.874,16,Distance,12,Comm,1601201,0.0
2026-05-24T16:41:30.974,16,Distance,11,FlightLogic,1601101,"0.0,0"
2026-05-24T16:41:30.975,16,Distance,12,Comm,1601201,0.0
2026-05-24T16:41:31.075,16,Distance,11,FlightLogic,1601101,"0.0,0"
2026-05-24T16:41:31.075,16,Distance,12,Comm,1601201,0.0
2026-05-24T16:41:31.175,16,Distance,11,FlightLogic,1601101,"0.0,0"
2026-05-24T16:41:31.175,16,Distance,12,Comm,1601201,0.0
2026-05-24T16:41:31.275,16,Distance,11,FlightLogic,1601101,"0.0,0"
2026-05-24T16:41:31.276,16,Distance,12,Comm,1601201,0.0
2026-05-24T16:41:31.375,16,Distance,11,FlightLogic,1601101,"0.0,0"
2026-05-24T16:41:31.376,16,Distance,12,Comm,1601201,0.0
2026-05-24T16:41:31.476,16,Distance,11,FlightLogic,1601101,"0.0,0"
2026-05-24T16:41:31.476,16,Distance,12,Comm,1601201,0.0
2026-05-24T16:41:31.576,16,Distance,11,FlightLogic,1601101,"0.0,0"
2026-05-24T16:41:31.576,16,Distance,12,Comm,1601201,0.0
2026-05-24T16:41:31.676,16,Distance,11,FlightLogic,1601101,"0.0,0"
2026-05-24T16:41:31.677,16,Distance,12,Comm,1601201,0.0
2026-05-24T16:41:31.776,16,Distance,11,FlightLogic,1601101,"0.0,0"
2026-05-24T16:41:31.777,16,Distance,12,Comm,1601201,0.0
2026-05-24T16:41:31.877,16,Distance,11,FlightLogic,1601101,"0.0,0"
2026-05-24T16:41:31.877,16,Distance,12,Comm,1601201,0.0
2026-05-24T16:41:31.977,16,Distance,11,FlightLogic,1601101,"0.0,0"
2026-05-24T16:41:31.977,16,Distance,12,Comm,1601201,0.0
2026-05-24T16:41:32.077,16,Distance,11,FlightLogic,1601101,"0.0,0"
2026-05-24T16:41:32.078,16,Distance,12,Comm,1601201,0.0
2026-05-24T16:41:32.178,16,Distance,11,FlightLogic,1601101,"0.0,0"
2026-05-24T16:41:32.178,16,Distance,12,Comm,1601201,0.0
2026-05-24T16:41:32.278,16,Distance,11,FlightLogic,1601101,"0.0,0"
2026-05-24T16:41:32.278,16,Distance,12,Comm,1601201,0.0
2026-05-24T16:41:32.378,16,Distance,11,FlightLogic,1601101,"0.0,0"
2026-05-24T16:41:32.378,16,Distance,12,Comm,1601201,0.0
2026-05-24T16:41:32.478,16,Distance,11,FlightLogic,1601101,"0.0,0"
2026-05-24T16:41:32.479,16,Distance,12,Comm,1601201,0.0
2026-05-24T16:41:32.579,16,Distance,11,FlightLogic,1601101,"0.0,0"
2026-05-24T16:41:32.579,16,Distance,12,Comm,1601201,0.0
2026-05-24T16:41:32.679,16,Distance,11,FlightLogic,1601101,"0.0,0"
2026-05-24T16:41:32.679,16,Distance,12,Comm,1601201,0.0
2026-05-24T16:41:32.779,16,Distance,11,FlightLogic,1601101,"0.0,0"
2026-05-24T16:41:32.780,16,Distance,12,Comm,1601201,0.0
2026-05-24T16:41:32.879,16,Distance,11,FlightLogic,1601101,"0.0,0"
2026-05-24T16:41:32.880,16,Distance,12,Comm,1601201,0.0
2026-05-24T16:41:32.980,16,Distance,11,FlightLogic,1601101,"0.0,0"
2026-05-24T16:41:32.980,16,Distance,12,Comm,1601201,0.0
2026-05-24T16:41:33.080,16,Distance,11,FlightLogic,1601101,"0.0,0"
2026-05-24T16:41:33.081,16,Distance,12,Comm,1601201,0.0
2026-05-24T16:41:33.180,16,Distance,11,FlightLogic,1601101,"0.0,0"
2026-05-24T16:41:33.181,16,Distance,12,Comm,1601201,0.0
2026-05-24T16:41:33.281,16,Distance,11,FlightLogic,1601101,"0.0,0"
2026-05-24T16:41:33.281,16,Distance,12,Comm,1601201,0.0
2026-05-24T16:41:33.381,16,Distance,11,FlightLogic,1601101,"0.0,0"
2026-05-24T16:41:33.382,16,Distance,12,Comm,1601201,0.0
2026-05-24T16:41:33.481,16,Distance,11,FlightLogic,1601101,"0.0,0"
2026-05-24T16:41:33.482,16,Distance,12,Comm,1601201,0.0
2026-05-24T16:41:33.581,16,Distance,11,FlightLogic,1601101,"0.0,0"
2026-05-24T16:41:33.582,16,Distance,12,Comm,1601201,0.0
2026-05-24T16:41:33.682,16,Distance,11,FlightLogic,1601101,"0.0,0"
2026-05-24T16:41:33.682,16,Distance,12,Comm,1601201,0.0
2026-05-24T16:41:33.782,16,Distance,11,FlightLogic,1601101,"0.0,0"
2026-05-24T16:41:33.782,16,Distance,12,Comm,1601201,0.0
2026-05-24T16:41:33.882,16,Distance,11,FlightLogic,1601101,"0.0,0"
2026-05-24T16:41:33.883,16,Distance,12,Comm,1601201,0.0
2026-05-24T16:41:33.983,16,Distance,11,FlightLogic,1601101,"0.0,0"
2026-05-24T16:41:33.983,16,Distance,12,Comm,1601201,0.0
2026-05-24T16:41:34.083,16,Distance,11,FlightLogic,1601101,"0.0,0"
2026-05-24T16:41:34.083,16,Distance,12,Comm,1601201,0.0
2026-05-24T16:41:34.183,16,Distance,11,FlightLogic,1601101,"0.0,0"
2026-05-24T16:41:34.184,16,Distance,12,Comm,1601201,0.0
2026-05-24T16:41:34.283,16,Distance,11,FlightLogic,1601101,"0.0,0"
2026-05-24T16:41:34.284,16,Distance,12,Comm,1601201,0.0
2026-05-24T16:41:34.384,16,Distance,11,FlightLogic,1601101,"0.0,0"
2026-05-24T16:41:34.384,16,Distance,12,Comm,1601201,0.0
2026-05-24T16:41:34.484,16,Distance,11,FlightLogic,1601101,"0.0,0"
2026-05-24T16:41:34.484,16,Distance,12,Comm,1601201,0.0
2026-05-24T16:41:34.584,16,Distance,11,FlightLogic,1601101,"0.0,0"
2026-05-24T16:41:34.585,16,Distance,12,Comm,1601201,0.0
2026-05-24T16:41:34.685,16,Distance,11,FlightLogic,1601101,"0.0,0"
2026-05-24T16:41:34.685,16,Distance,12,Comm,1601201,0.0
2026-05-24T16:41:34.785,16,Distance,11,FlightLogic,1601101,"0.0,0"
2026-05-24T16:41:34.785,16,Distance,12,Comm,1601201,0.0
2026-05-24T16:41:34.885,16,Distance,11,FlightLogic,1601101,"0.0,0"
2026-05-24T16:41:34.889,16,Distance,12,Comm,1601201,0.0
2026-05-24T16:41:34.985,16,Distance,11,FlightLogic,1601101,"0.0,0"
2026-05-24T16:41:34.986,16,Distance,12,Comm,1601201,0.0
2026-05-24T16:41:35.086,16,Distance,11,FlightLogic,1601101,"0.0,0"
2026-05-24T16:41:35.086,16,Distance,12,Comm,1601201,0.0
2026-05-24T16:41:35.186,16,Distance,11,FlightLogic,1601101,"0.0,0"
2026-05-24T16:41:35.186,16,Distance,12,Comm,1601201,0.0
2026-05-24T16:41:35.286,16,Distance,11,FlightLogic,1601101,"0.0,0"
2026-05-24T16:41:35.287,16,Distance,12,Comm,1601201,0.0
2026-05-24T16:41:35.386,16,Distance,11,FlightLogic,1601101,"0.0,0"
2026-05-24T16:41:35.387,16,Distance,12,Comm,1601201,0.0
2026-05-24T16:41:35.487,16,Distance,11,FlightLogic,1601101,"0.0,0"
2026-05-24T16:41:35.487,16,Distance,12,Comm,1601201,0.0
2026-05-24T16:41:35.587,16,Distance,11,FlightLogic,1601101,"0.0,0"
2026-05-24T16:41:35.588,16,Distance,12,Comm,1601201,0.0
2026-05-24T16:41:35.687,16,Distance,11,FlightLogic,1601101,"0.0,0"
2026-05-24T16:41:35.688,16,Distance,12,Comm,1601201,0.0
2026-05-24T16:41:35.788,16,Distance,11,FlightLogic,1601101,"0.0,0"
2026-05-24T16:41:35.788,16,Distance,12,Comm,1601201,0.0
2026-05-24T16:41:35.888,16,Distance,11,FlightLogic,1601101,"0.0,0"
2026-05-24T16:41:35.888,16,Distance,12,Comm,1601201,0.0
2026-05-24T16:41:35.988,16,Distance,11,FlightLogic,1601101,"0.0,0"
2026-05-24T16:41:35.989,16,Distance,12,Comm,1601201,0.0
2026-05-24T16:41:36.088,16,Distance,11,FlightLogic,1601101,"0.0,0"
2026-05-24T16:41:36.089,16,Distance,12,Comm,1601201,0.0
2026-05-24T16:41:36.189,16,Distance,11,FlightLogic,1601101,"0.0,0"
2026-05-24T16:41:36.189,16,Distance,12,Comm,1601201,0.0
2026-05-24T16:41:36.289,16,Distance,11,FlightLogic,1601101,"0.0,0"
2026-05-24T16:41:36.289,16,Distance,12,Comm,1601201,0.0
2026-05-24T16:41:36.389,16,Distance,11,FlightLogic,1601101,"0.0,0"
2026-05-24T16:41:36.390,16,Distance,12,Comm,1601201,0.0
2026-05-24T16:41:36.490,16,Distance,11,FlightLogic,1601101,"0.0,0"
2026-05-24T16:41:36.490,16,Distance,12,Comm,1601201,0.0
2026-05-24T16:41:36.590,16,Distance,11,FlightLogic,1601101,"0.0,0"
2026-05-24T16:41:36.590,16,Distance,12,Comm,1601201,0.0
2026-05-24T16:41:36.690,16,Distance,11,FlightLogic,1601101,"0.0,0"
2026-05-24T16:41:36.691,16,Distance,12,Comm,1601201,0.0
2026-05-24T16:41:36.790,16,Distance,11,FlightLogic,1601101,"0.0,0"
2026-05-24T16:41:36.791,16,Distance,12,Comm,1601201,0.0
2026-05-24T16:41:36.891,16,Distance,11,FlightLogic,1601101,"0.0,0"
2026-05-24T16:41:36.891,16,Distance,12,Comm,1601201,0.0
2026-05-24T16:41:36.991,16,Distance,11,FlightLogic,1601101,"0.0,0"
2026-05-24T16:41:36.991,16,Distance,12,Comm,1601201,0.0
2026-05-24T16:41:37.091,16,Distance,11,FlightLogic,1601101,"0.0,0"
2026-05-24T16:41:37.092,16,Distance,12,Comm,1601201,0.0
2026-05-24T16:41:37.191,16,Distance,11,FlightLogic,1601101,"0.0,0"
2026-05-24T16:41:37.192,16,Distance,12,Comm,1601201,0.0
2026-05-24T16:41:37.292,16,Distance,11,FlightLogic,1601101,"0.0,0"
2026-05-24T16:41:37.292,16,Distance,12,Comm,1601201,0.0
2026-05-24T16:41:37.392,16,Distance,11,FlightLogic,1601101,"0.0,0"
2026-05-24T16:41:37.392,16,Distance,12,Comm,1601201,0.0
2026-05-24T16:41:37.492,16,Distance,11,FlightLogic,1601101,"0.0,0"
2026-05-24T16:41:37.493,16,Distance,12,Comm,1601201,0.0
2026-05-24T16:41:37.593,16,Distance,11,FlightLogic,1601101,"0.0,0"
2026-05-24T16:41:37.593,16,Distance,12,Comm,1601201,0.0
2026-05-24T16:41:37.693,16,Distance,11,FlightLogic,1601101,"0.0,0"
2026-05-24T16:41:37.694,16,Distance,12,Comm,1601201,0.0
2026-05-24T16:41:37.793,16,Distance,11,FlightLogic,1601101,"0.0,0"
2026-05-24T16:41:37.794,16,Distance,12,Comm,1601201,0.0
2026-05-24T16:41:37.893,16,Distance,11,FlightLogic,1601101,"0.0,0"
2026-05-24T16:41:37.894,16,Distance,12,Comm,1601201,0.0
2026-05-24T16:41:37.994,16,Distance,11,FlightLogic,1601101,"0.0,0"
2026-05-24T16:41:37.994,16,Distance,12,Comm,1601201,0.0
2026-05-24T16:41:38.094,16,Distance,11,FlightLogic,1601101,"0.0,0"
2026-05-24T16:41:38.095,16,Distance,12,Comm,1601201,0.0
2026-05-24T16:41:38.194,16,Distance,11,FlightLogic,1601101,"0.0,0"
2026-05-24T16:41:38.195,16,Distance,12,Comm,1601201,0.0
2026-05-24T16:41:38.295,16,Distance,11,FlightLogic,1601101,"0.0,0"
2026-05-24T16:41:38.295,16,Distance,12,Comm,1601201,0.0
2026-05-24T16:41:38.395,16,Distance,11,FlightLogic,1601101,"0.0,0"
2026-05-24T16:41:38.395,16,Distance,12,Comm,1601201,0.0
2026-05-24T16:41:38.495,16,Distance,11,FlightLogic,1601101,"0.0,0"
2026-05-24T16:41:38.496,16,Distance,12,Comm,1601201,0.0
2026-05-24T16:41:38.596,16,Distance,11,FlightLogic,1601101,"0.0,0"
2026-05-24T16:41:38.596,16,Distance,12,Comm,1601201,0.0
2026-05-24T16:41:38.696,16,Distance,11,FlightLogic,1601101,"0.0,0"
2026-05-24T16:41:38.696,16,Distance,12,Comm,1601201,0.0
2026-05-24T16:41:38.796,16,Distance,11,FlightLogic,1601101,"0.0,0"
2026-05-24T16:41:38.797,16,Distance,12,Comm,1601201,0.0
2026-05-24T16:41:38.896,16,Distance,11,FlightLogic,1601101,"0.0,0"
2026-05-24T16:41:38.897,16,Distance,12,Comm,1601201,0.0
2026-05-24T16:41:38.997,16,Distance,11,FlightLogic,1601101,"0.0,0"
2026-05-24T16:41:38.997,16,Distance,12,Comm,1601201,0.0
2026-05-24T16:41:39.097,16,Distance,11,FlightLogic,1601101,"0.0,0"
2026-05-24T16:41:39.097,16,Distance,12,Comm,1601201,0.0
2026-05-24T16:41:39.197,16,Distance,11,FlightLogic,1601101,"0.0,0"
2026-05-24T16:41:39.198,16,Distance,12,Comm,1601201,0.0
2026-05-24T16:41:39.298,16,Distance,11,FlightLogic,1601101,"0.0,0"
2026-05-24T16:41:39.298,16,Distance,12,Comm,1601201,0.0
2026-05-24T16:41:39.398,16,Distance,11,FlightLogic,1601101,"0.0,0"
2026-05-24T16:41:39.398,16,Distance,12,Comm,1601201,0.0
2026-05-24T16:41:39.499,16,Distance,11,FlightLogic,1601101,"0.0,0"
2026-05-24T16:41:39.499,16,Distance,12,Comm,1601201,0.0
2026-05-24T16:41:39.599,16,Distance,11,FlightLogic,1601101,"0.0,0"
2026-05-24T16:41:39.599,16,Distance,12,Comm,1601201,0.0
2026-05-24T16:41:39.699,16,Distance,11,FlightLogic,1601101,"0.0,0"
2026-05-24T16:41:39.700,16,Distance,12,Comm,1601201,0.0
2026-05-24T16:41:39.800,16,Distance,11,FlightLogic,1601101,"0.0,0"
2026-05-24T16:41:39.801,16,Distance,12,Comm,1601201,0.0
2026-05-24T16:41:39.904,16,Distance,11,FlightLogic,1601101,"0.0,0"
2026-05-24T16:41:39.905,16,Distance,12,Comm,1601201,0.0
2026-05-24T16:41:40.000,16,Distance,11,FlightLogic,1601101,"0.0,0"
2026-05-24T16:41:40.000,16,Distance,12,Comm,1601201,0.0
2026-05-24T16:41:40.100,16,Distance,11,FlightLogic,1601101,"0.0,0"
2026-05-24T16:41:40.101,16,Distance,12,Comm,1601201,0.0
2026-05-24T16:41:40.200,16,Distance,11,FlightLogic,1601101,"0.0,0"
2026-05-24T16:41:40.201,16,Distance,12,Comm,1601201,0.0
2026-05-24T16:41:40.301,16,Distance,11,FlightLogic,1601101,"0.0,0"
2026-05-24T16:41:40.301,16,Distance,12,Comm,1601201,0.0
2026-05-24T16:41:40.401,16,Distance,11,FlightLogic,1601101,"0.0,0"
2026-05-24T16:41:40.402,16,Distance,12,Comm,1601201,0.0
2026-05-24T16:41:40.501,16,Distance,11,FlightLogic,1601101,"0.0,0"
2026-05-24T16:41:40.502,16,Distance,12,Comm,1601201,0.0
2026-05-24T16:41:40.602,16,Distance,11,FlightLogic,1601101,"0.0,0"
2026-05-24T16:41:40.602,16,Distance,12,Comm,1601201,0.0
2026-05-24T16:41:40.702,16,Distance,11,FlightLogic,1601101,"0.0,0"
2026-05-24T16:41:40.702,16,Distance,12,Comm,1601201,0.0
2026-05-24T16:41:40.802,16,Distance,11,FlightLogic,1601101,"0.0,0"
2026-05-24T16:41:40.803,16,Distance,12,Comm,1601201,0.0
2026-05-24T16:41:40.903,16,Distance,11,FlightLogic,1601101,"0.0,0"
2026-05-24T16:41:40.904,16,Distance,12,Comm,1601201,0.0
2026-05-24T16:41:41.003,16,Distance,11,FlightLogic,1601101,"0.0,0"
2026-05-24T16:41:41.003,16,Distance,12,Comm,1601201,0.0
2026-05-24T16:41:41.103,16,Distance,11,FlightLogic,1601101,"0.0,0"
2026-05-24T16:41:41.104,16,Distance,12,Comm,1601201,0.0
2026-05-24T16:41:41.204,16,Distance,11,FlightLogic,1601101,"0.0,0"
2026-05-24T16:41:41.204,16,Distance,12,Comm,1601201,0.0
2026-05-24T16:41:41.304,16,Distance,11,FlightLogic,1601101,"0.0,0"
2026-05-24T16:41:41.304,16,Distance,12,Comm,1601201,0.0
2026-05-24T16:41:41.404,16,Distance,11,FlightLogic,1601101,"0.0,0"
2026-05-24T16:41:41.405,16,Distance,12,Comm,1601201,0.0
2026-05-24T16:41:41.504,16,Distance,11,FlightLogic,1601101,"0.0,0"
2026-05-24T16:41:41.505,16,Distance,12,Comm,1601201,0.0
2026-05-24T16:41:41.605,16,Distance,11,FlightLogic,1601101,"0.0,0"
2026-05-24T16:41:41.605,16,Distance,12,Comm,1601201,0.0
2026-05-24T16:41:41.705,16,Distance,11,FlightLogic,1601101,"0.0,0"
2026-05-24T16:41:41.705,16,Distance,12,Comm,1601201,0.0
2026-05-24T16:41:41.805,16,Distance,11,FlightLogic,1601101,"0.0,0"
2026-05-24T16:41:41.806,16,Distance,12,Comm,1601201,0.0
2026-05-24T16:41:41.906,16,Distance,11,FlightLogic,1601101,"0.0,0"
2026-05-24T16:41:41.906,16,Distance,12,Comm,1601201,0.0
2026-05-24T16:41:42.006,16,Distance,11,FlightLogic,1601101,"0.0,0"
2026-05-24T16:41:42.006,16,Distance,12,Comm,1601201,0.0
2026-05-24T16:41:42.106,16,Distance,11,FlightLogic,1601101,"0.0,0"
2026-05-24T16:41:42.107,16,Distance,12,Comm,1601201,0.0
2026-05-24T16:41:42.206,16,Distance,11,FlightLogic,1601101,"0.0,0"
2026-05-24T16:41:42.207,16,Distance,12,Comm,1601201,0.0
2026-05-24T16:41:42.307,16,Distance,11,FlightLogic,1601101,"0.0,0"
2026-05-24T16:41:42.307,16,Distance,12,Comm,1601201,0.0
2026-05-24T16:41:42.407,16,Distance,11,FlightLogic,1601101,"0.0,0"
2026-05-24T16:41:42.408,16,Distance,12,Comm,1601201,0.0
2026-05-24T16:41:42.507,16,Distance,11,FlightLogic,1601101,"0.0,0"
2026-05-24T16:41:42.508,16,Distance,12,Comm,1601201,0.0
2026-05-24T16:41:42.608,16,Distance,11,FlightLogic,1601101,"0.0,0"
2026-05-24T16:41:42.608,16,Distance,12,Comm,1601201,0.0
2026-05-24T16:41:42.708,16,Distance,11,FlightLogic,1601101,"0.0,0"
2026-05-24T16:41:42.708,16,Distance,12,Comm,1601201,0.0
2026-05-24T16:41:42.808,16,Distance,11,FlightLogic,1601101,"0.0,0"
2026-05-24T16:41:42.809,16,Distance,12,Comm,1601201,0.0
2026-05-24T16:41:42.909,16,Distance,11,FlightLogic,1601101,"0.0,0"
2026-05-24T16:41:42.910,16,Distance,12,Comm,1601201,0.0
2026-05-24T16:41:43.009,16,Distance,11,FlightLogic,1601101,"0.0,0"
2026-05-24T16:41:43.009,16,Distance,12,Comm,1601201,0.0
2026-05-24T16:41:43.109,16,Distance,11,FlightLogic,1601101,"0.0,0"
2026-05-24T16:41:43.110,16,Distance,12,Comm,1601201,0.0
2026-05-24T16:41:43.210,16,Distance,11,FlightLogic,1601101,"0.0,0"
2026-05-24T16:41:43.210,16,Distance,12,Comm,1601201,0.0
2026-05-24T16:41:43.310,16,Distance,11,FlightLogic,1601101,"0.0,0"
2026-05-24T16:41:43.310,16,Distance,12,Comm,1601201,0.0
2026-05-24T16:41:43.410,16,Distance,11,FlightLogic,1601101,"0.0,0"
2026-05-24T16:41:43.411,16,Distance,12,Comm,1601201,0.0
2026-05-24T16:41:43.510,16,Distance,11,FlightLogic,1601101,"0.0,0"
2026-05-24T16:41:43.511,16,Distance,12,Comm,1601201,0.0
2026-05-24T16:41:43.610,16,Distance,11,FlightLogic,1601101,"0.0,0"
2026-05-24T16:41:43.612,16,Distance,12,Comm,1601201,0.0
2026-05-24T16:41:43.711,16,Distance,11,FlightLogic,1601101,"0.0,0"
2026-05-24T16:41:43.712,16,Distance,12,Comm,1601201,0.0
2026-05-24T16:41:43.811,16,Distance,11,FlightLogic,1601101,"0.0,0"
2026-05-24T16:41:43.812,16,Distance,12,Comm,1601201,0.0
2026-05-24T16:41:43.911,16,Distance,11,FlightLogic,1601101,"0.0,0"
2026-05-24T16:41:43.912,16,Distance,12,Comm,1601201,0.0
2026-05-24T16:41:44.012,16,Distance,11,FlightLogic,1601101,"0.0,0"
2026-05-24T16:41:44.013,16,Distance,12,Comm,1601201,0.0
2026-05-24T16:41:44.112,16,Distance,11,FlightLogic,1601101,"0.0,0"
2026-05-24T16:41:44.113,16,Distance,12,Comm,1601201,0.0
2026-05-24T16:41:44.212,16,Distance,11,FlightLogic,1601101,"0.0,0"
2026-05-24T16:41:44.213,16,Distance,12,Comm,1601201,0.0
2026-05-24T16:41:44.313,16,Distance,11,FlightLogic,1601101,"0.0,0"
2026-05-24T16:41:44.313,16,Distance,12,Comm,1601201,0.0
2026-05-24T16:41:44.413,16,Distance,11,FlightLogic,1601101,"0.0,0"
2026-05-24T16:41:44.414,16,Distance,12,Comm,1601201,0.0
2026-05-24T16:41:44.513,16,Distance,11,FlightLogic,1601101,"0.0,0"
2026-05-24T16:41:44.514,16,Distance,12,Comm,1601201,0.0
2026-05-24T16:41:44.614,16,Distance,11,FlightLogic,1601101,"0.0,0"
2026-05-24T16:41:44.614,16,Distance,12,Comm,1601201,0.0
2026-05-24T16:41:44.714,16,Distance,11,FlightLogic,1601101,"0.0,0"
2026-05-24T16:41:44.715,16,Distance,12,Comm,1601201,0.0
2026-05-24T16:41:44.814,16,Distance,11,FlightLogic,1601101,"0.0,0"
2026-05-24T16:41:44.815,16,Distance,12,Comm,1601201,0.0
2026-05-24T16:41:44.914,16,Distance,11,FlightLogic,1601101,"0.0,0"
2026-05-24T16:41:44.915,16,Distance,12,Comm,1601201,0.0
2026-05-24T16:41:45.015,16,Distance,11,FlightLogic,1601101,"0.0,0"
2026-05-24T16:41:45.015,16,Distance,12,Comm,1601201,0.0
2026-05-24T16:41:45.115,16,Distance,11,FlightLogic,1601101,"0.0,0"
2026-05-24T16:41:45.116,16,Distance,12,Comm,1601201,0.0
2026-05-24T16:41:45.215,16,Distance,11,FlightLogic,1601101,"0.0,0"
2026-05-24T16:41:45.216,16,Distance,12,Comm,1601201,0.0
2026-05-24T16:41:45.316,16,Distance,11,FlightLogic,1601101,"0.0,0"
2026-05-24T16:41:45.316,16,Distance,12,Comm,1601201,0.0
2026-05-24T16:41:45.416,16,Distance,11,FlightLogic,1601101,"0.0,0"
2026-05-24T16:41:45.416,16,Distance,12,Comm,1601201,0.0
2026-05-24T16:41:45.516,16,Distance,11,FlightLogic,1601101,"0.0,0"
2026-05-24T16:41:45.517,16,Distance,12,Comm,1601201,0.0
2026-05-24T16:41:45.617,16,Distance,11,FlightLogic,1601101,"0.0,0"
2026-05-24T16:41:45.617,16,Distance,12,Comm,1601201,0.0
2026-05-24T16:41:45.717,16,Distance,11,FlightLogic,1601101,"0.0,0"
2026-05-24T16:41:45.717,16,Distance,12,Comm,1601201,0.0
2026-05-24T16:41:45.817,16,Distance,11,FlightLogic,1601101,"0.0,0"
2026-05-24T16:41:45.818,16,Distance,12,Comm,1601201,0.0
2026-05-24T16:41:45.917,16,Distance,11,FlightLogic,1601101,"0.0,0"
2026-05-24T16:41:45.918,16,Distance,12,Comm,1601201,0.0
2026-05-24T16:41:46.017,16,Distance,11,FlightLogic,1601101,"0.0,0"
2026-05-24T16:41:46.018,16,Distance,12,Comm,1601201,0.0
2026-05-24T16:41:46.118,16,Distance,11,FlightLogic,1601101,"0.0,0"
2026-05-24T16:41:46.118,16,Distance,12,Comm,1601201,0.0
2026-05-24T16:41:46.218,16,Distance,11,FlightLogic,1601101,"0.0,0"
2026-05-24T16:41:46.219,16,Distance,12,Comm,1601201,0.0
2026-05-24T16:41:46.318,16,Distance,11,FlightLogic,1601101,"0.0,0"
2026-05-24T16:41:46.319,16,Distance,12,Comm,1601201,0.0
2026-05-24T16:41:46.419,16,Distance,11,FlightLogic,1601101,"0.0,0"
2026-05-24T16:41:46.419,16,Distance,12,Comm,1601201,0.0
2026-05-24T16:41:46.519,16,Distance,11,FlightLogic,1601101,"0.0,0"
2026-05-24T16:41:46.519,16,Distance,12,Comm,1601201,0.0
2026-05-24T16:41:46.619,16,Distance,11,FlightLogic,1601101,"0.0,0"
2026-05-24T16:41:46.620,16,Distance,12,Comm,1601201,0.0
2026-05-24T16:41:46.720,16,Distance,11,FlightLogic,1601101,"0.0,0"
2026-05-24T16:41:46.720,16,Distance,12,Comm,1601201,0.0
2026-05-24T16:41:46.820,16,Distance,11,FlightLogic,1601101,"0.0,0"
2026-05-24T16:41:46.820,16,Distance,12,Comm,1601201,0.0
2026-05-24T16:41:46.920,16,Distance,11,FlightLogic,1601101,"0.0,0"
2026-05-24T16:41:46.921,16,Distance,12,Comm,1601201,0.0
2026-05-24T16:41:47.020,16,Distance,11,FlightLogic,1601101,"0.0,0"
2026-05-24T16:41:47.021,16,Distance,12,Comm,1601201,0.0
2026-05-24T16:41:47.121,16,Distance,11,FlightLogic,1601101,"0.0,0"
2026-05-24T16:41:47.122,16,Distance,12,Comm,1601201,0.0
2026-05-24T16:41:47.221,16,Distance,11,FlightLogic,1601101,"0.0,0"
2026-05-24T16:41:47.221,16,Distance,12,Comm,1601201,0.0
2026-05-24T16:41:47.321,16,Distance,11,FlightLogic,1601101,"0.0,0"
2026-05-24T16:41:47.322,16,Distance,12,Comm,1601201,0.0
2026-05-24T16:41:47.422,16,Distance,11,FlightLogic,1601101,"0.0,0"
2026-05-24T16:41:47.422,16,Distance,12,Comm,1601201,0.0
2026-05-24T16:41:47.522,16,Distance,11,FlightLogic,1601101,"0.0,0"
2026-05-24T16:41:47.522,16,Distance,12,Comm,1601201,0.0
2026-05-24T16:41:47.622,16,Distance,11,FlightLogic,1601101,"0.0,0"
2026-05-24T16:41:47.623,16,Distance,12,Comm,1601201,0.0
2026-05-24T16:41:47.722,16,Distance,11,FlightLogic,1601101,"0.0,0"
2026-05-24T16:41:47.723,16,Distance,12,Comm,1601201,0.0
2026-05-24T16:41:47.823,16,Distance,11,FlightLogic,1601101,"0.0,0"
2026-05-24T16:41:47.823,16,Distance,12,Comm,1601201,0.0
2026-05-24T16:41:47.923,16,Distance,11,FlightLogic,1601101,"0.0,0"
2026-05-24T16:41:47.924,16,Distance,12,Comm,1601201,0.0
2026-05-24T16:41:48.023,16,Distance,11,FlightLogic,1601101,"0.0,0"
2026-05-24T16:41:48.024,16,Distance,12,Comm,1601201,0.0
2026-05-24T16:41:48.124,16,Distance,11,FlightLogic,1601101,"0.0,0"
2026-05-24T16:41:48.124,16,Distance,12,Comm,1601201,0.0
2026-05-24T16:41:48.224,16,Distance,11,FlightLogic,1601101,"0.0,0"
2026-05-24T16:41:48.224,16,Distance,12,Comm,1601201,0.0
2026-05-24T16:41:48.324,16,Distance,11,FlightLogic,1601101,"0.0,0"
2026-05-24T16:41:48.325,16,Distance,12,Comm,1601201,0.0
2026-05-24T16:41:48.425,16,Distance,11,FlightLogic,1601101,"0.0,0"
2026-05-24T16:41:48.425,16,Distance,12,Comm,1601201,0.0
2026-05-24T16:41:48.525,16,Distance,11,FlightLogic,1601101,"0.0,0"
2026-05-24T16:41:48.525,16,Distance,12,Comm,1601201,0.0
2026-05-24T16:41:48.625,16,Distance,11,FlightLogic,1601101,"0.0,0"
2026-05-24T16:41:48.626,16,Distance,12,Comm,1601201,0.0
2026-05-24T16:41:48.725,16,Distance,11,FlightLogic,1601101,"0.0,0"
2026-05-24T16:41:48.726,16,Distance,12,Comm,1601201,0.0
2026-05-24T16:41:48.826,16,Distance,11,FlightLogic,1601101,"0.0,0"
2026-05-24T16:41:48.826,16,Distance,12,Comm,1601201,0.0
2026-05-24T16:41:48.926,16,Distance,11,FlightLogic,1601101,"0.0,0"
2026-05-24T16:41:48.927,16,Distance,12,Comm,1601201,0.0
2026-05-24T16:41:49.026,16,Distance,11,FlightLogic,1601101,"0.0,0"
2026-05-24T16:41:49.027,16,Distance,12,Comm,1601201,0.0
2026-05-24T16:41:49.127,16,Distance,11,FlightLogic,1601101,"0.0,0"
2026-05-24T16:41:49.127,16,Distance,12,Comm,1601201,0.0
2026-05-24T16:41:49.227,16,Distance,11,FlightLogic,1601101,"0.0,0"
2026-05-24T16:41:49.227,16,Distance,12,Comm,1601201,0.0
2026-05-24T16:41:49.327,16,Distance,11,FlightLogic,1601101,"0.0,0"
2026-05-24T16:41:49.328,16,Distance,12,Comm,1601201,0.0
2026-05-24T16:41:49.428,16,Distance,11,FlightLogic,1601101,"0.0,0"
2026-05-24T16:41:49.428,16,Distance,12,Comm,1601201,0.0
2026-05-24T16:41:49.528,16,Distance,11,FlightLogic,1601101,"0.0,0"
2026-05-24T16:41:49.528,16,Distance,12,Comm,1601201,0.0
2026-05-24T16:41:49.628,16,Distance,11,FlightLogic,1601101,"0.0,0"
2026-05-24T16:41:49.629,16,Distance,12,Comm,1601201,0.0
2026-05-24T16:41:49.729,16,Distance,11,FlightLogic,1601101,"0.0,0"
2026-05-24T16:41:49.729,16,Distance,12,Comm,1601201,0.0
2026-05-24T16:41:49.829,16,Distance,11,FlightLogic,1601101,"0.0,0"
2026-05-24T16:41:49.829,16,Distance,12,Comm,1601201,0.0
2026-05-24T16:41:49.929,16,Distance,11,FlightLogic,1601101,"0.0,0"
2026-05-24T16:41:49.930,16,Distance,12,Comm,1601201,0.0
2026-05-24T16:41:50.030,16,Distance,11,FlightLogic,1601101,"0.0,0"
2026-05-24T16:41:50.030,16,Distance,12,Comm,1601201,0.0
2026-05-24T16:41:50.130,16,Distance,11,FlightLogic,1601101,"0.0,0"
2026-05-24T16:41:50.131,16,Distance,12,Comm,1601201,0.0
2026-05-24T16:41:50.230,16,Distance,11,FlightLogic,1601101,"0.0,0"
2026-05-24T16:41:50.231,16,Distance,12,Comm,1601201,0.0
2026-05-24T16:41:50.331,16,Distance,11,FlightLogic,1601101,"0.0,0"
2026-05-24T16:41:50.331,16,Distance,12,Comm,1601201,0.0
2026-05-24T16:41:50.431,16,Distance,11,FlightLogic,1601101,"0.0,0"
2026-05-24T16:41:50.431,16,Distance,12,Comm,1601201,0.0
2026-05-24T16:41:50.531,16,Distance,11,FlightLogic,1601101,"0.0,0"
2026-05-24T16:41:50.532,16,Distance,12,Comm,1601201,0.0
2026-05-24T16:41:50.631,16,Distance,11,FlightLogic,1601101,"0.0,0"
2026-05-24T16:41:50.632,16,Distance,12,Comm,1601201,0.0
2026-05-24T16:41:50.732,16,Distance,11,FlightLogic,1601101,"0.0,0"
2026-05-24T16:41:50.732,16,Distance,12,Comm,1601201,0.0
2026-05-24T16:41:50.832,16,Distance,11,FlightLogic,1601101,"0.0,0"
2026-05-24T16:41:50.832,16,Distance,12,Comm,1601201,0.0
2026-05-24T16:41:50.932,16,Distance,11,FlightLogic,1601101,"0.0,0"
2026-05-24T16:41:50.933,16,Distance,12,Comm,1601201,0.0
2026-05-24T16:41:51.033,16,Distance,11,FlightLogic,1601101,"0.0,0"
2026-05-24T16:41:51.033,16,Distance,12,Comm,1601201,0.0
2026-05-24T16:41:51.133,16,Distance,11,FlightLogic,1601101,"0.0,0"
2026-05-24T16:41:51.134,16,Distance,12,Comm,1601201,0.0
2026-05-24T16:41:51.233,16,Distance,11,FlightLogic,1601101,"0.0,0"
2026-05-24T16:41:51.234,16,Distance,12,Comm,1601201,0.0
2026-05-24T16:41:51.334,16,Distance,11,FlightLogic,1601101,"0.0,0"
2026-05-24T16:41:51.334,16,Distance,12,Comm,1601201,0.0
2026-05-24T16:41:51.434,16,Distance,11,FlightLogic,1601101,"0.0,0"
2026-05-24T16:41:51.434,16,Distance,12,Comm,1601201,0.0
2026-05-24T16:41:51.534,16,Distance,11,FlightLogic,1601101,"0.0,0"
2026-05-24T16:41:51.535,16,Distance,12,Comm,1601201,0.0
2026-05-24T16:41:51.634,16,Distance,11,FlightLogic,1601101,"0.0,0"
2026-05-24T16:41:51.635,16,Distance,12,Comm,1601201,0.0
2026-05-24T16:41:51.735,16,Distance,11,FlightLogic,1601101,"0.0,0"
2026-05-24T16:41:51.735,16,Distance,12,Comm,1601201,0.0
2026-05-24T16:41:51.835,16,Distance,11,FlightLogic,1601101,"0.0,0"
2026-05-24T16:41:51.836,16,Distance,12,Comm,1601201,0.0
2026-05-24T16:41:51.935,16,Distance,11,FlightLogic,1601101,"0.0,0"
2026-05-24T16:41:51.936,16,Distance,12,Comm,1601201,0.0
2026-05-24T16:41:52.036,16,Distance,11,FlightLogic,1601101,"0.0,0"
2026-05-24T16:41:52.036,16,Distance,12,Comm,1601201,0.0
2026-05-24T16:41:52.136,16,Distance,11,FlightLogic,1601101,"0.0,0"
2026-05-24T16:41:52.136,16,Distance,12,Comm,1601201,0.0
2026-05-24T16:41:52.236,16,Distance,11,FlightLogic,1601101,"0.0,0"
2026-05-24T16:41:52.237,16,Distance,12,Comm,1601201,0.0
2026-05-24T16:41:52.337,16,Distance,11,FlightLogic,1601101,"0.0,0"
2026-05-24T16:41:52.337,16,Distance,12,Comm,1601201,0.0
2026-05-24T16:41:52.437,16,Distance,11,FlightLogic,1601101,"0.0,0"
2026-05-24T16:41:52.437,16,Distance,12,Comm,1601201,0.0
2026-05-24T16:41:52.537,16,Distance,11,FlightLogic,1601101,"0.0,0"
2026-05-24T16:41:52.538,16,Distance,12,Comm,1601201,0.0
2026-05-24T16:41:52.637,16,Distance,11,FlightLogic,1601101,"0.0,0"
2026-05-24T16:41:52.638,16,Distance,12,Comm,1601201,0.0
2026-05-24T16:41:52.738,16,Distance,11,FlightLogic,1601101,"0.0,0"
2026-05-24T16:41:52.738,16,Distance,12,Comm,1601201,0.0
2026-05-24T16:41:52.838,16,Distance,11,FlightLogic,1601101,"0.0,0"
2026-05-24T16:41:52.838,16,Distance,12,Comm,1601201,0.0
2026-05-24T16:41:52.938,16,Distance,11,FlightLogic,1601101,"0.0,0"
2026-05-24T16:41:52.939,16,Distance,12,Comm,1601201,0.0
2026-05-24T16:41:53.039,16,Distance,11,FlightLogic,1601101,"0.0,0"
2026-05-24T16:41:53.039,16,Distance,12,Comm,1601201,0.0
2026-05-24T16:41:53.139,16,Distance,11,FlightLogic,1601101,"0.0,0"
2026-05-24T16:41:53.139,16,Distance,12,Comm,1601201,0.0
2026-05-24T16:41:53.239,16,Distance,11,FlightLogic,1601101,"0.0,0"
2026-05-24T16:41:53.240,16,Distance,12,Comm,1601201,0.0
2026-05-24T16:41:53.339,16,Distance,11,FlightLogic,1601101,"0.0,0"
2026-05-24T16:41:53.340,16,Distance,12,Comm,1601201,0.0
2026-05-24T16:41:53.440,16,Distance,11,FlightLogic,1601101,"0.0,0"
2026-05-24T16:41:53.440,16,Distance,12,Comm,1601201,0.0
2026-05-24T16:41:53.540,16,Distance,11,FlightLogic,1601101,"0.0,0"
2026-05-24T16:41:53.540,16,Distance,12,Comm,1601201,0.0
2026-05-24T16:41:53.640,16,Distance,11,FlightLogic,1601101,"0.0,0"
2026-05-24T16:41:53.641,16,Distance,12,Comm,1601201,0.0
2026-05-24T16:41:53.740,16,Distance,11,FlightLogic,1601101,"0.0,0"
2026-05-24T16:41:53.741,16,Distance,12,Comm,1601201,0.0
2026-05-24T16:41:53.841,16,Distance,11,FlightLogic,1601101,"0.0,0"
2026-05-24T16:41:53.841,16,Distance,12,Comm,1601201,0.0
2026-05-24T16:41:53.941,16,Distance,11,FlightLogic,1601101,"0.0,0"
2026-05-24T16:41:53.941,16,Distance,12,Comm,1601201,0.0
2026-05-24T16:41:54.041,16,Distance,11,FlightLogic,1601101,"0.0,0"
2026-05-24T16:41:54.042,16,Distance,12,Comm,1601201,0.0
2026-05-24T16:41:54.142,16,Distance,11,FlightLogic,1601101,"0.0,0"
2026-05-24T16:41:54.142,16,Distance,12,Comm,1601201,0.0
2026-05-24T16:41:54.242,16,Distance,11,FlightLogic,1601101,"0.0,0"
2026-05-24T16:41:54.242,16,Distance,12,Comm,1601201,0.0
2026-05-24T16:41:54.342,16,Distance,11,FlightLogic,1601101,"0.0,0"
2026-05-24T16:41:54.343,16,Distance,12,Comm,1601201,0.0
2026-05-24T16:41:54.443,16,Distance,11,FlightLogic,1601101,"0.0,0"
2026-05-24T16:41:54.443,16,Distance,12,Comm,1601201,0.0
2026-05-24T16:41:54.543,16,Distance,11,FlightLogic,1601101,"0.0,0"
2026-05-24T16:41:54.543,16,Distance,12,Comm,1601201,0.0
2026-05-24T16:41:54.643,16,Distance,11,FlightLogic,1601101,"0.0,0"
2026-05-24T16:41:54.644,16,Distance,12,Comm,1601201,0.0
2026-05-24T16:41:54.743,16,Distance,11,FlightLogic,1601101,"0.0,0"
2026-05-24T16:41:54.744,16,Distance,12,Comm,1601201,0.0
2026-05-24T16:41:54.844,16,Distance,11,FlightLogic,1601101,"0.0,0"
2026-05-24T16:41:54.844,16,Distance,12,Comm,1601201,0.0
2026-05-24T16:41:54.944,16,Distance,11,FlightLogic,1601101,"0.0,0"
2026-05-24T16:41:54.945,16,Distance,12,Comm,1601201,0.0
2026-05-24T16:41:55.044,16,Distance,11,FlightLogic,1601101,"0.0,0"
2026-05-24T16:41:55.045,16,Distance,12,Comm,1601201,0.0
2026-05-24T16:41:55.145,16,Distance,11,FlightLogic,1601101,"0.0,0"
2026-05-24T16:41:55.145,16,Distance,12,Comm,1601201,0.0
2026-05-24T16:41:55.245,16,Distance,11,FlightLogic,1601101,"0.0,0"
2026-05-24T16:41:55.245,16,Distance,12,Comm,1601201,0.0
2026-05-24T16:41:55.345,16,Distance,11,FlightLogic,1601101,"0.0,0"
2026-05-24T16:41:55.346,16,Distance,12,Comm,1601201,0.0
2026-05-24T16:41:55.445,16,Distance,11,FlightLogic,1601101,"0.0,0"
2026-05-24T16:41:55.446,16,Distance,12,Comm,1601201,0.0
2026-05-24T16:41:55.546,16,Distance,11,FlightLogic,1601101,"0.0,0"
2026-05-24T16:41:55.546,16,Distance,12,Comm,1601201,0.0
2026-05-24T16:41:55.646,16,Distance,11,FlightLogic,1601101,"0.0,0"
2026-05-24T16:41:55.646,16,Distance,12,Comm,1601201,0.0
2026-05-24T16:41:55.746,16,Distance,11,FlightLogic,1601101,"0.0,0"
2026-05-24T16:41:55.747,16,Distance,12,Comm,1601201,0.0
2026-05-24T16:41:55.847,16,Distance,11,FlightLogic,1601101,"0.0,0"
2026-05-24T16:41:55.847,16,Distance,12,Comm,1601201,0.0
2026-05-24T16:41:55.947,16,Distance,11,FlightLogic,1601101,"0.0,0"
2026-05-24T16:41:55.948,16,Distance,12,Comm,1601201,0.0
2026-05-24T16:41:56.047,16,Distance,11,FlightLogic,1601101,"0.0,0"
2026-05-24T16:41:56.048,16,Distance,12,Comm,1601201,0.0
2026-05-24T16:41:56.147,16,Distance,11,FlightLogic,1601101,"0.0,0"
2026-05-24T16:41:56.148,16,Distance,12,Comm,1601201,0.0
2026-05-24T16:41:56.248,16,Distance,11,FlightLogic,1601101,"0.0,0"
2026-05-24T16:41:56.248,16,Distance,12,Comm,1601201,0.0
2026-05-24T16:41:56.348,16,Distance,11,FlightLogic,1601101,"0.0,0"
2026-05-24T16:41:56.349,16,Distance,12,Comm,1601201,0.0
2026-05-24T16:41:56.448,16,Distance,11,FlightLogic,1601101,"0.0,0"
2026-05-24T16:41:56.449,16,Distance,12,Comm,1601201,0.0
2026-05-24T16:41:56.549,16,Distance,11,FlightLogic,1601101,"0.0,0"
2026-05-24T16:41:56.550,16,Distance,12,Comm,1601201,0.0
2026-05-24T16:41:56.649,16,Distance,11,FlightLogic,1601101,"0.0,0"
2026-05-24T16:41:56.650,16,Distance,12,Comm,1601201,0.0
2026-05-24T16:41:56.749,16,Distance,11,FlightLogic,1601101,"0.0,0"
2026-05-24T16:41:56.750,16,Distance,12,Comm,1601201,0.0
2026-05-24T16:41:56.850,16,Distance,11,FlightLogic,1601101,"0.0,0"
2026-05-24T16:41:56.850,16,Distance,12,Comm,1601201,0.0
2026-05-24T16:41:56.950,16,Distance,11,FlightLogic,1601101,"0.0,0"
2026-05-24T16:41:56.950,16,Distance,12,Comm,1601201,0.0
2026-05-24T16:41:57.050,16,Distance,11,FlightLogic,1601101,"0.0,0"
2026-05-24T16:41:57.051,16,Distance,12,Comm,1601201,0.0
2026-05-24T16:41:57.150,16,Distance,11,FlightLogic,1601101,"0.0,0"
2026-05-24T16:41:57.151,16,Distance,12,Comm,1601201,0.0
2026-05-24T16:41:57.251,16,Distance,11,FlightLogic,1601101,"0.0,0"
2026-05-24T16:41:57.251,16,Distance,12,Comm,1601201,0.0
2026-05-24T16:41:57.351,16,Distance,11,FlightLogic,1601101,"0.0,0"
2026-05-24T16:41:57.351,16,Distance,12,Comm,1601201,0.0
2026-05-24T16:41:57.451,16,Distance,11,FlightLogic,1601101,"0.0,0"
2026-05-24T16:41:57.452,16,Distance,12,Comm,1601201,0.0
2026-05-24T16:41:57.551,16,Distance,11,FlightLogic,1601101,"0.0,0"
2026-05-24T16:41:57.552,16,Distance,12,Comm,1601201,0.0
2026-05-24T16:41:57.652,16,Distance,11,FlightLogic,1601101,"0.0,0"
2026-05-24T16:41:57.652,16,Distance,12,Comm,1601201,0.0
2026-05-24T16:41:57.752,16,Distance,11,FlightLogic,1601101,"0.0,0"
2026-05-24T16:41:57.752,16,Distance,12,Comm,1601201,0.0
2026-05-24T16:41:57.852,16,Distance,11,FlightLogic,1601101,"0.0,0"
2026-05-24T16:41:57.853,16,Distance,12,Comm,1601201,0.0
2026-05-24T16:41:57.953,16,Distance,11,FlightLogic,1601101,"0.0,0"
2026-05-24T16:41:57.953,16,Distance,12,Comm,1601201,0.0
2026-05-24T16:41:58.053,16,Distance,11,FlightLogic,1601101,"0.0,0"
2026-05-24T16:41:58.053,16,Distance,12,Comm,1601201,0.0
2026-05-24T16:41:58.153,16,Distance,11,FlightLogic,1601101,"0.0,0"
2026-05-24T16:41:58.154,16,Distance,12,Comm,1601201,0.0
2026-05-24T16:41:58.253,16,Distance,11,FlightLogic,1601101,"0.0,0"
2026-05-24T16:41:58.254,16,Distance,12,Comm,1601201,0.0
2026-05-24T16:41:58.354,16,Distance,11,FlightLogic,1601101,"0.0,0"
2026-05-24T16:41:58.354,16,Distance,12,Comm,1601201,0.0
2026-05-24T16:41:58.454,16,Distance,11,FlightLogic,1601101,"0.0,0"
2026-05-24T16:41:58.454,16,Distance,12,Comm,1601201,0.0
2026-05-24T16:41:58.554,16,Distance,11,FlightLogic,1601101,"0.0,0"
2026-05-24T16:41:58.555,16,Distance,12,Comm,1601201,0.0
2026-05-24T16:41:58.655,16,Distance,11,FlightLogic,1601101,"0.0,0"
2026-05-24T16:41:58.655,16,Distance,12,Comm,1601201,0.0
2026-05-24T16:41:58.755,16,Distance,11,FlightLogic,1601101,"0.0,0"
2026-05-24T16:41:58.755,16,Distance,12,Comm,1601201,0.0
2026-05-24T16:41:58.855,16,Distance,11,FlightLogic,1601101,"0.0,0"
2026-05-24T16:41:58.856,16,Distance,12,Comm,1601201,0.0
2026-05-24T16:41:58.956,16,Distance,11,FlightLogic,1601101,"0.0,0"
2026-05-24T16:41:58.956,16,Distance,12,Comm,1601201,0.0
2026-05-24T16:41:59.056,16,Distance,11,FlightLogic,1601101,"0.0,0"
2026-05-24T16:41:59.056,16,Distance,12,Comm,1601201,0.0
2026-05-24T16:41:59.156,16,Distance,11,FlightLogic,1601101,"0.0,0"
2026-05-24T16:41:59.157,16,Distance,12,Comm,1601201,0.0
2026-05-24T16:41:59.256,16,Distance,11,FlightLogic,1601101,"0.0,0"
2026-05-24T16:41:59.257,16,Distance,12,Comm,1601201,0.0
2026-05-24T16:41:59.357,16,Distance,11,FlightLogic,1601101,"0.0,0"
2026-05-24T16:41:59.357,16,Distance,12,Comm,1601201,0.0
2026-05-24T16:41:59.457,16,Distance,11,FlightLogic,1601101,"0.0,0"
2026-05-24T16:41:59.457,16,Distance,12,Comm,1601201,0.0
2026-05-24T16:41:59.557,16,Distance,11,FlightLogic,1601101,"0.0,0"
2026-05-24T16:41:59.558,16,Distance,12,Comm,1601201,0.0
2026-05-24T16:41:59.658,16,Distance,11,FlightLogic,1601101,"0.0,0"
2026-05-24T16:41:59.658,16,Distance,12,Comm,1601201,0.0
2026-05-24T16:41:59.758,16,Distance,11,FlightLogic,1601101,"0.0,0"
2026-05-24T16:41:59.758,16,Distance,12,Comm,1601201,0.0
2026-05-24T16:41:59.858,16,Distance,11,FlightLogic,1601101,"0.0,0"
2026-05-24T16:41:59.859,16,Distance,12,Comm,1601201,0.0
2026-05-24T16:41:59.958,16,Distance,11,FlightLogic,1601101,"0.0,0"
2026-05-24T16:41:59.959,16,Distance,12,Comm,1601201,0.0
2026-05-24T16:42:00.059,16,Distance,11,FlightLogic,1601101,"0.0,0"
2026-05-24T16:42:00.059,16,Distance,12,Comm,1601201,0.0
2026-05-24T16:42:00.159,16,Distance,11,FlightLogic,1601101,"0.0,0"
2026-05-24T16:42:00.159,16,Distance,12,Comm,1601201,0.0
2026-05-24T16:42:00.259,16,Distance,11,FlightLogic,1601101,"0.0,0"
2026-05-24T16:42:00.260,16,Distance,12,Comm,1601201,0.0
2026-05-24T16:42:00.359,16,Distance,11,FlightLogic,1601101,"0.0,0"
2026-05-24T16:42:00.360,16,Distance,12,Comm,1601201,0.0
2026-05-24T16:42:00.460,16,Distance,11,FlightLogic,1601101,"0.0,0"
2026-05-24T16:42:00.460,16,Distance,12,Comm,1601201,0.0
2026-05-24T16:42:00.560,16,Distance,11,FlightLogic,1601101,"0.0,0"
2026-05-24T16:42:00.561,16,Distance,12,Comm,1601201,0.0
2026-05-24T16:42:00.660,16,Distance,11,FlightLogic,1601101,"0.0,0"
2026-05-24T16:42:00.661,16,Distance,12,Comm,1601201,0.0
2026-05-24T16:42:00.761,16,Distance,11,FlightLogic,1601101,"0.0,0"
2026-05-24T16:42:00.761,16,Distance,12,Comm,1601201,0.0
2026-05-24T16:42:00.861,16,Distance,11,FlightLogic,1601101,"0.0,0"
2026-05-24T16:42:00.861,16,Distance,12,Comm,1601201,0.0
2026-05-24T16:42:00.961,16,Distance,11,FlightLogic,1601101,"0.0,0"
2026-05-24T16:42:00.962,16,Distance,12,Comm,1601201,0.0
2026-05-24T16:42:01.062,16,Distance,11,FlightLogic,1601101,"0.0,0"
2026-05-24T16:42:01.062,16,Distance,12,Comm,1601201,0.0
2026-05-24T16:42:01.162,16,Distance,11,FlightLogic,1601101,"0.0,0"
2026-05-24T16:42:01.162,16,Distance,12,Comm,1601201,0.0
2026-05-24T16:42:01.262,16,Distance,11,FlightLogic,1601101,"0.0,0"
2026-05-24T16:42:01.262,16,Distance,12,Comm,1601201,0.0
2026-05-24T16:42:01.362,16,Distance,11,FlightLogic,1601101,"0.0,0"
2026-05-24T16:42:01.363,16,Distance,12,Comm,1601201,0.0
2026-05-24T16:42:01.463,16,Distance,11,FlightLogic,1601101,"0.0,0"
2026-05-24T16:42:01.463,16,Distance,12,Comm,1601201,0.0
2026-05-24T16:42:01.563,16,Distance,11,FlightLogic,1601101,"0.0,0"
2026-05-24T16:42:01.563,16,Distance,12,Comm,1601201,0.0
2026-05-24T16:42:01.663,16,Distance,11,FlightLogic,1601101,"0.0,0"
2026-05-24T16:42:01.664,16,Distance,12,Comm,1601201,0.0
2026-05-24T16:42:01.764,16,Distance,11,FlightLogic,1601101,"0.0,0"
2026-05-24T16:42:01.764,16,Distance,12,Comm,1601201,0.0
2026-05-24T16:42:01.864,16,Distance,11,FlightLogic,1601101,"0.0,0"
2026-05-24T16:42:01.864,16,Distance,12,Comm,1601201,0.0
2026-05-24T16:42:01.964,16,Distance,11,FlightLogic,1601101,"0.0,0"
2026-05-24T16:42:01.965,16,Distance,12,Comm,1601201,0.0
2026-05-24T16:42:02.065,16,Distance,11,FlightLogic,1601101,"0.0,0"
2026-05-24T16:42:02.065,16,Distance,12,Comm,1601201,0.0
2026-05-24T16:42:02.165,16,Distance,11,FlightLogic,1601101,"0.0,0"
2026-05-24T16:42:02.165,16,Distance,12,Comm,1601201,0.0
2026-05-24T16:42:02.265,16,Distance,11,FlightLogic,1601101,"0.0,0"
2026-05-24T16:42:02.266,16,Distance,12,Comm,1601201,0.0
2026-05-24T16:42:02.365,16,Distance,11,FlightLogic,1601101,"0.0,0"
2026-05-24T16:42:02.366,16,Distance,12,Comm,1601201,0.0
2026-05-24T16:42:02.466,16,Distance,11,FlightLogic,1601101,"0.0,0"
2026-05-24T16:42:02.466,16,Distance,12,Comm,1601201,0.0
2026-05-24T16:42:02.566,16,Distance,11,FlightLogic,1601101,"0.0,0"
2026-05-24T16:42:02.566,16,Distance,12,Comm,1601201,0.0
2026-05-24T16:42:02.666,16,Distance,11,FlightLogic,1601101,"0.0,0"
2026-05-24T16:42:02.667,16,Distance,12,Comm,1601201,0.0
2026-05-24T16:42:02.766,16,Distance,11,FlightLogic,1601101,"0.0,0"
2026-05-24T16:42:02.767,16,Distance,12,Comm,1601201,0.0
2026-05-24T16:42:02.867,16,Distance,11,FlightLogic,1601101,"0.0,0"
2026-05-24T16:42:02.867,16,Distance,12,Comm,1601201,0.0
2026-05-24T16:42:02.967,16,Distance,11,FlightLogic,1601101,"0.0,0"
2026-05-24T16:42:02.968,16,Distance,12,Comm,1601201,0.0
2026-05-24T16:42:03.067,16,Distance,11,FlightLogic,1601101,"0.0,0"
2026-05-24T16:42:03.068,16,Distance,12,Comm,1601201,0.0
2026-05-24T16:42:03.168,16,Distance,11,FlightLogic,1601101,"0.0,0"
2026-05-24T16:42:03.168,16,Distance,12,Comm,1601201,0.0
2026-05-24T16:42:03.268,16,Distance,11,FlightLogic,1601101,"0.0,0"
2026-05-24T16:42:03.269,16,Distance,12,Comm,1601201,0.0
2026-05-24T16:42:03.368,16,Distance,11,FlightLogic,1601101,"0.0,0"
2026-05-24T16:42:03.369,16,Distance,12,Comm,1601201,0.0
2026-05-24T16:42:03.469,16,Distance,11,FlightLogic,1601101,"0.0,0"
2026-05-24T16:42:03.469,16,Distance,12,Comm,1601201,0.0
2026-05-24T16:42:03.569,16,Distance,11,FlightLogic,1601101,"0.0,0"
2026-05-24T16:42:03.570,16,Distance,12,Comm,1601201,0.0
2026-05-24T16:42:03.669,16,Distance,11,FlightLogic,1601101,"0.0,0"
2026-05-24T16:42:03.670,16,Distance,12,Comm,1601201,0.0
2026-05-24T16:42:03.770,16,Distance,11,FlightLogic,1601101,"0.0,0"
2026-05-24T16:42:03.770,16,Distance,12,Comm,1601201,0.0
2026-05-24T16:42:03.870,16,Distance,11,FlightLogic,1601101,"0.0,0"
2026-05-24T16:42:03.870,16,Distance,12,Comm,1601201,0.0
2026-05-24T16:42:03.970,16,Distance,11,FlightLogic,1601101,"0.0,0"
2026-05-24T16:42:03.971,16,Distance,12,Comm,1601201,0.0
2026-05-24T16:42:04.071,16,Distance,11,FlightLogic,1601101,"0.0,0"
2026-05-24T16:42:04.071,16,Distance,12,Comm,1601201,0.0
2026-05-24T16:42:04.171,16,Distance,11,FlightLogic,1601101,"0.0,0"
2026-05-24T16:42:04.171,16,Distance,12,Comm,1601201,0.0
2026-05-24T16:42:04.271,16,Distance,11,FlightLogic,1601101,"0.0,0"
2026-05-24T16:42:04.272,16,Distance,12,Comm,1601201,0.0
2026-05-24T16:42:04.371,16,Distance,11,FlightLogic,1601101,"0.0,0"
2026-05-24T16:42:04.372,16,Distance,12,Comm,1601201,0.0
2026-05-24T16:42:04.472,16,Distance,11,FlightLogic,1601101,"0.0,0"
2026-05-24T16:42:04.472,16,Distance,12,Comm,1601201,0.0
2026-05-24T16:42:04.572,16,Distance,11,FlightLogic,1601101,"0.0,0"
2026-05-24T16:42:04.573,16,Distance,12,Comm,1601201,0.0
2026-05-24T16:42:04.672,16,Distance,11,FlightLogic,1601101,"0.0,0"
2026-05-24T16:42:04.673,16,Distance,12,Comm,1601201,0.0
2026-05-24T16:42:04.773,16,Distance,11,FlightLogic,1601101,"0.0,0"
2026-05-24T16:42:04.773,16,Distance,12,Comm,1601201,0.0
2026-05-24T16:42:04.873,16,Distance,11,FlightLogic,1601101,"0.0,0"
2026-05-24T16:42:04.874,16,Distance,12,Comm,1601201,0.0
2026-05-24T16:42:04.973,16,Distance,11,FlightLogic,1601101,"0.0,0"
2026-05-24T16:42:04.974,16,Distance,12,Comm,1601201,0.0
2026-05-24T16:42:05.074,16,Distance,11,FlightLogic,1601101,"0.0,0"
2026-05-24T16:42:05.074,16,Distance,12,Comm,1601201,0.0
2026-05-24T16:42:05.174,16,Distance,11,FlightLogic,1601101,"0.0,0"
2026-05-24T16:42:05.175,16,Distance,12,Comm,1601201,0.0
2026-05-24T16:42:05.274,16,Distance,11,FlightLogic,1601101,"0.0,0"
2026-05-24T16:42:05.275,16,Distance,12,Comm,1601201,0.0
2026-05-24T16:42:05.375,16,Distance,11,FlightLogic,1601101,"0.0,0"
2026-05-24T16:42:05.375,16,Distance,12,Comm,1601201,0.0
2026-05-24T16:42:05.475,16,Distance,11,FlightLogic,1601101,"0.0,0"
2026-05-24T16:42:05.475,16,Distance,12,Comm,1601201,0.0
2026-05-24T16:42:05.575,16,Distance,11,FlightLogic,1601101,"0.0,0"
2026-05-24T16:42:05.576,16,Distance,12,Comm,1601201,0.0
2026-05-24T16:42:05.675,16,Distance,11,FlightLogic,1601101,"0.0,0"
2026-05-24T16:42:05.676,16,Distance,12,Comm,1601201,0.0
2026-05-24T16:42:05.776,16,Distance,11,FlightLogic,1601101,"0.0,0"
2026-05-24T16:42:05.776,16,Distance,12,Comm,1601201,0.0
2026-05-24T16:42:05.876,16,Distance,11,FlightLogic,1601101,"0.0,0"
2026-05-24T16:42:05.877,16,Distance,12,Comm,1601201,0.0
2026-05-24T16:42:05.976,16,Distance,11,FlightLogic,1601101,"0.0,0"
2026-05-24T16:42:05.977,16,Distance,12,Comm,1601201,0.0
2026-05-24T16:42:06.077,16,Distance,11,FlightLogic,1601101,"0.0,0"
2026-05-24T16:42:06.077,16,Distance,12,Comm,1601201,0.0
2026-05-24T16:42:06.177,16,Distance,11,FlightLogic,1601101,"0.0,0"
2026-05-24T16:42:06.177,16,Distance,12,Comm,1601201,0.0
2026-05-24T16:42:06.277,16,Distance,11,FlightLogic,1601101,"0.0,0"
2026-05-24T16:42:06.278,16,Distance,12,Comm,1601201,0.0
2026-05-24T16:42:06.377,16,Distance,11,FlightLogic,1601101,"0.0,0"
2026-05-24T16:42:06.378,16,Distance,12,Comm,1601201,0.0
2026-05-24T16:42:06.478,16,Distance,11,FlightLogic,1601101,"0.0,0"
2026-05-24T16:42:06.478,16,Distance,12,Comm,1601201,0.0
2026-05-24T16:42:06.578,16,Distance,11,FlightLogic,1601101,"0.0,0"
2026-05-24T16:42:06.579,16,Distance,12,Comm,1601201,0.0
2026-05-24T16:42:06.678,16,Distance,11,FlightLogic,1601101,"0.0,0"
2026-05-24T16:42:06.679,16,Distance,12,Comm,1601201,0.0
2026-05-24T16:42:06.779,16,Distance,11,FlightLogic,1601101,"0.0,0"
2026-05-24T16:42:06.779,16,Distance,12,Comm,1601201,0.0
2026-05-24T16:42:06.879,16,Distance,11,FlightLogic,1601101,"0.0,0"
2026-05-24T16:42:06.879,16,Distance,12,Comm,1601201,0.0
2026-05-24T16:42:06.979,16,Distance,11,FlightLogic,1601101,"0.0,0"
2026-05-24T16:42:06.980,16,Distance,12,Comm,1601201,0.0
2026-05-24T16:42:07.080,16,Distance,11,FlightLogic,1601101,"0.0,0"
2026-05-24T16:42:07.080,16,Distance,12,Comm,1601201,0.0
2026-05-24T16:42:07.180,16,Distance,11,FlightLogic,1601101,"0.0,0"
2026-05-24T16:42:07.180,16,Distance,12,Comm,1601201,0.0
2026-05-24T16:42:07.280,16,Distance,11,FlightLogic,1601101,"0.0,0"
2026-05-24T16:42:07.281,16,Distance,12,Comm,1601201,0.0
2026-05-24T16:42:07.380,16,Distance,11,FlightLogic,1601101,"0.0,0"
2026-05-24T16:42:07.381,16,Distance,12,Comm,1601201,0.0
2026-05-24T16:42:07.481,16,Distance,11,FlightLogic,1601101,"0.0,0"
2026-05-24T16:42:07.481,16,Distance,12,Comm,1601201,0.0
2026-05-24T16:42:07.581,16,Distance,11,FlightLogic,1601101,"0.0,0"
2026-05-24T16:42:07.581,16,Distance,12,Comm,1601201,0.0
2026-05-24T16:42:07.681,16,Distance,11,FlightLogic,1601101,"0.0,0"
2026-05-24T16:42:07.682,16,Distance,12,Comm,1601201,0.0
2026-05-24T16:42:07.781,16,Distance,11,FlightLogic,1601101,"0.0,0"
2026-05-24T16:42:07.782,16,Distance,12,Comm,1601201,0.0
2026-05-24T16:42:07.882,16,Distance,11,FlightLogic,1601101,"0.0,0"
2026-05-24T16:42:07.882,16,Distance,12,Comm,1601201,0.0
2026-05-24T16:42:07.982,16,Distance,11,FlightLogic,1601101,"0.0,0"
2026-05-24T16:42:07.982,16,Distance,12,Comm,1601201,0.0
2026-05-24T16:42:08.082,16,Distance,11,FlightLogic,1601101,"0.0,0"
2026-05-24T16:42:08.083,16,Distance,12,Comm,1601201,0.0
2026-05-24T16:42:08.183,16,Distance,11,FlightLogic,1601101,"0.0,0"
2026-05-24T16:42:08.183,16,Distance,12,Comm,1601201,0.0
2026-05-24T16:42:08.283,16,Distance,11,FlightLogic,1601101,"0.0,0"
2026-05-24T16:42:08.284,16,Distance,12,Comm,1601201,0.0
2026-05-24T16:42:08.383,16,Distance,11,FlightLogic,1601101,"0.0,0"
2026-05-24T16:42:08.384,16,Distance,12,Comm,1601201,0.0
2026-05-24T16:42:08.483,16,Distance,11,FlightLogic,1601101,"0.0,0"
2026-05-24T16:42:08.484,16,Distance,12,Comm,1601201,0.0
2026-05-24T16:42:08.584,16,Distance,11,FlightLogic,1601101,"0.0,0"
2026-05-24T16:42:08.584,16,Distance,12,Comm,1601201,0.0
2026-05-24T16:42:08.684,16,Distance,11,FlightLogic,1601101,"0.0,0"
2026-05-24T16:42:08.684,16,Distance,12,Comm,1601201,0.0
2026-05-24T16:42:08.784,16,Distance,11,FlightLogic,1601101,"0.0,0"
2026-05-24T16:42:08.785,16,Distance,12,Comm,1601201,0.0
2026-05-24T16:42:08.885,16,Distance,11,FlightLogic,1601101,"0.0,0"
2026-05-24T16:42:08.885,16,Distance,12,Comm,1601201,0.0
2026-05-24T16:42:08.985,16,Distance,11,FlightLogic,1601101,"0.0,0"
2026-05-24T16:42:08.985,16,Distance,12,Comm,1601201,0.0
2026-05-24T16:42:09.085,16,Distance,11,FlightLogic,1601101,"0.0,0"
2026-05-24T16:42:09.086,16,Distance,12,Comm,1601201,0.0
2026-05-24T16:42:09.186,16,Distance,11,FlightLogic,1601101,"0.0,0"
2026-05-24T16:42:09.187,16,Distance,12,Comm,1601201,0.0
2026-05-24T16:42:09.286,16,Distance,11,FlightLogic,1601101,"0.0,0"
2026-05-24T16:42:09.286,16,Distance,12,Comm,1601201,0.0
2026-05-24T16:42:09.386,16,Distance,11,FlightLogic,1601101,"0.0,0"
2026-05-24T16:42:09.387,16,Distance,12,Comm,1601201,0.0
2026-05-24T16:42:09.486,16,Distance,11,FlightLogic,1601101,"0.0,0"
2026-05-24T16:42:09.487,16,Distance,12,Comm,1601201,0.0
2026-05-24T16:42:09.587,16,Distance,11,FlightLogic,1601101,"0.0,0"
2026-05-24T16:42:09.587,16,Distance,12,Comm,1601201,0.0
2026-05-24T16:42:09.687,16,Distance,11,FlightLogic,1601101,"0.0,0"
2026-05-24T16:42:09.688,16,Distance,12,Comm,1601201,0.0
2026-05-24T16:42:09.787,16,Distance,11,FlightLogic,1601101,"0.0,0"
2026-05-24T16:42:09.788,16,Distance,12,Comm,1601201,0.0
2026-05-24T16:42:09.888,16,Distance,11,FlightLogic,1601101,"0.0,0"
2026-05-24T16:42:09.888,16,Distance,12,Comm,1601201,0.0
2026-05-24T16:42:09.988,16,Distance,11,FlightLogic,1601101,"0.0,0"
2026-05-24T16:42:09.988,16,Distance,12,Comm,1601201,0.0
2026-05-24T16:42:10.088,16,Distance,11,FlightLogic,1601101,"0.0,0"
2026-05-24T16:42:10.088,16,Distance,12,Comm,1601201,0.0
2026-05-24T16:42:10.188,16,Distance,11,FlightLogic,1601101,"0.0,0"
2026-05-24T16:42:10.189,16,Distance,12,Comm,1601201,0.0
2026-05-24T16:42:10.289,16,Distance,11,FlightLogic,1601101,"0.0,0"
2026-05-24T16:42:10.289,16,Distance,12,Comm,1601201,0.0
2026-05-24T16:42:10.389,16,Distance,11,FlightLogic,1601101,"0.0,0"
2026-05-24T16:42:10.389,16,Distance,12,Comm,1601201,0.0
2026-05-24T16:42:10.489,16,Distance,11,FlightLogic,1601101,"0.0,0"
2026-05-24T16:42:10.490,16,Distance,12,Comm,1601201,0.0
2026-05-24T16:42:10.590,16,Distance,11,FlightLogic,1601101,"0.0,0"
2026-05-24T16:42:10.590,16,Distance,12,Comm,1601201,0.0
2026-05-24T16:42:10.690,16,Distance,11,FlightLogic,1601101,"0.0,0"
2026-05-24T16:42:10.690,16,Distance,12,Comm,1601201,0.0
2026-05-24T16:42:10.790,16,Distance,11,FlightLogic,1601101,"0.0,0"
2026-05-24T16:42:10.791,16,Distance,12,Comm,1601201,0.0
2026-05-24T16:42:10.890,16,Distance,11,FlightLogic,1601101,"0.0,0"
2026-05-24T16:42:10.891,16,Distance,12,Comm,1601201,0.0
2026-05-24T16:42:10.991,16,Distance,11,FlightLogic,1601101,"0.0,0"
2026-05-24T16:42:10.992,16,Distance,12,Comm,1601201,0.0
2026-05-24T16:42:11.091,16,Distance,11,FlightLogic,1601101,"0.0,0"
2026-05-24T16:42:11.092,16,Distance,12,Comm,1601201,0.0
2026-05-24T16:42:11.191,16,Distance,11,FlightLogic,1601101,"0.0,0"
2026-05-24T16:42:11.192,16,Distance,12,Comm,1601201,0.0
2026-05-24T16:42:11.292,16,Distance,11,FlightLogic,1601101,"0.0,0"
2026-05-24T16:42:11.292,16,Distance,12,Comm,1601201,0.0
2026-05-24T16:42:11.392,16,Distance,11,FlightLogic,1601101,"0.0,0"
2026-05-24T16:42:11.393,16,Distance,12,Comm,1601201,0.0
2026-05-24T16:42:11.492,16,Distance,11,FlightLogic,1601101,"0.0,0"
2026-05-24T16:42:11.493,16,Distance,12,Comm,1601201,0.0
2026-05-24T16:42:11.593,16,Distance,11,FlightLogic,1601101,"0.0,0"
2026-05-24T16:42:11.593,16,Distance,12,Comm,1601201,0.0
2026-05-24T16:42:11.693,16,Distance,11,FlightLogic,1601101,"0.0,0"
2026-05-24T16:42:11.694,16,Distance,12,Comm,1601201,0.0
2026-05-24T16:42:11.793,16,Distance,11,FlightLogic,1601101,"0.0,0"
2026-05-24T16:42:11.794,16,Distance,12,Comm,1601201,0.0
2026-05-24T16:42:11.894,16,Distance,11,FlightLogic,1601101,"0.0,0"
2026-05-24T16:42:11.894,16,Distance,12,Comm,1601201,0.0
2026-05-24T16:42:11.994,16,Distance,11,FlightLogic,1601101,"0.0,0"
2026-05-24T16:42:11.994,16,Distance,12,Comm,1601201,0.0
2026-05-24T16:42:12.094,16,Distance,11,FlightLogic,1601101,"0.0,0"
2026-05-24T16:42:12.095,16,Distance,12,Comm,1601201,0.0
2026-05-24T16:42:12.194,16,Distance,11,FlightLogic,1601101,"0.0,0"
2026-05-24T16:42:12.195,16,Distance,12,Comm,1601201,0.0
2026-05-24T16:42:12.295,16,Distance,11,FlightLogic,1601101,"0.0,0"
2026-05-24T16:42:12.295,16,Distance,12,Comm,1601201,0.0
2026-05-24T16:42:12.395,16,Distance,11,FlightLogic,1601101,"0.0,0"
2026-05-24T16:42:12.396,16,Distance,12,Comm,1601201,0.0
2026-05-24T16:42:12.495,16,Distance,11,FlightLogic,1601101,"0.0,0"
2026-05-24T16:42:12.496,16,Distance,12,Comm,1601201,0.0
2026-05-24T16:42:12.596,16,Distance,11,FlightLogic,1601101,"0.0,0"
2026-05-24T16:42:12.596,16,Distance,12,Comm,1601201,0.0
2026-05-24T16:42:12.696,16,Distance,11,FlightLogic,1601101,"0.0,0"
2026-05-24T16:42:12.696,16,Distance,12,Comm,1601201,0.0
2026-05-24T16:42:12.796,16,Distance,11,FlightLogic,1601101,"0.0,0"
2026-05-24T16:42:12.797,16,Distance,12,Comm,1601201,0.0
2026-05-24T16:42:12.896,16,Distance,11,FlightLogic,1601101,"0.0,0"
2026-05-24T16:42:12.897,16,Distance,12,Comm,1601201,0.0
2026-05-24T16:42:12.997,16,Distance,11,FlightLogic,1601101,"0.0,0"
2026-05-24T16:42:12.997,16,Distance,12,Comm,1601201,0.0
2026-05-24T16:42:13.097,16,Distance,11,FlightLogic,1601101,"0.0,0"
2026-05-24T16:42:13.098,16,Distance,12,Comm,1601201,0.0
2026-05-24T16:42:13.197,16,Distance,11,FlightLogic,1601101,"0.0,0"
2026-05-24T16:42:13.198,16,Distance,12,Comm,1601201,0.0
2026-05-24T16:42:13.298,16,Distance,11,FlightLogic,1601101,"0.0,0"
2026-05-24T16:42:13.298,16,Distance,12,Comm,1601201,0.0
2026-05-24T16:42:13.398,16,Distance,11,FlightLogic,1601101,"0.0,0"
2026-05-24T16:42:13.398,16,Distance,12,Comm,1601201,0.0
2026-05-24T16:42:13.498,16,Distance,11,FlightLogic,1601101,"0.0,0"
2026-05-24T16:42:13.499,16,Distance,12,Comm,1601201,0.0
2026-05-24T16:42:13.599,16,Distance,11,FlightLogic,1601101,"0.0,0"
2026-05-24T16:42:13.599,16,Distance,12,Comm,1601201,0.0
2026-05-24T16:42:13.699,16,Distance,11,FlightLogic,1601101,"0.0,0"
2026-05-24T16:42:13.699,16,Distance,12,Comm,1601201,0.0
2026-05-24T16:42:13.799,16,Distance,11,FlightLogic,1601101,"0.0,0"
2026-05-24T16:42:13.800,16,Distance,12,Comm,1601201,0.0
2026-05-24T16:42:13.899,16,Distance,11,FlightLogic,1601101,"0.0,0"
2026-05-24T16:42:13.900,16,Distance,12,Comm,1601201,0.0
2026-05-24T16:42:14.000,16,Distance,11,FlightLogic,1601101,"0.0,0"
2026-05-24T16:42:14.000,16,Distance,12,Comm,1601201,0.0
2026-05-24T16:42:14.100,16,Distance,11,FlightLogic,1601101,"0.0,0"
2026-05-24T16:42:14.101,16,Distance,12,Comm,1601201,0.0
2026-05-24T16:42:14.200,16,Distance,11,FlightLogic,1601101,"0.0,0"
2026-05-24T16:42:14.201,16,Distance,12,Comm,1601201,0.0
2026-05-24T16:42:14.301,16,Distance,11,FlightLogic,1601101,"0.0,0"
2026-05-24T16:42:14.301,16,Distance,12,Comm,1601201,0.0
2026-05-24T16:42:14.401,16,Distance,11,FlightLogic,1601101,"0.0,0"
2026-05-24T16:42:14.401,16,Distance,12,Comm,1601201,0.0
2026-05-24T16:42:14.501,16,Distance,11,FlightLogic,1601101,"0.0,0"
2026-05-24T16:42:14.502,16,Distance,12,Comm,1601201,0.0
2026-05-24T16:42:14.602,16,Distance,11,FlightLogic,1601101,"0.0,0"
2026-05-24T16:42:14.602,16,Distance,12,Comm,1601201,0.0
2026-05-24T16:42:14.702,16,Distance,11,FlightLogic,1601101,"0.0,0"
2026-05-24T16:42:14.702,16,Distance,12,Comm,1601201,0.0
2026-05-24T16:42:14.802,16,Distance,11,FlightLogic,1601101,"0.0,0"
2026-05-24T16:42:14.803,16,Distance,12,Comm,1601201,0.0
2026-05-24T16:42:14.902,16,Distance,11,FlightLogic,1601101,"0.0,0"
2026-05-24T16:42:14.903,16,Distance,12,Comm,1601201,0.0
2026-05-24T16:42:15.003,16,Distance,11,FlightLogic,1601101,"0.0,0"
2026-05-24T16:42:15.003,16,Distance,12,Comm,1601201,0.0
2026-05-24T16:42:15.103,16,Distance,11,FlightLogic,1601101,"0.0,0"
2026-05-24T16:42:15.104,16,Distance,12,Comm,1601201,0.0
2026-05-24T16:42:15.203,16,Distance,11,FlightLogic,1601101,"0.0,0"
2026-05-24T16:42:15.204,16,Distance,12,Comm,1601201,0.0
2026-05-24T16:42:15.304,16,Distance,11,FlightLogic,1601101,"0.0,0"
2026-05-24T16:42:15.304,16,Distance,12,Comm,1601201,0.0
2026-05-24T16:42:15.404,16,Distance,11,FlightLogic,1601101,"0.0,0"
2026-05-24T16:42:15.405,16,Distance,12,Comm,1601201,0.0
2026-05-24T16:42:15.504,16,Distance,11,FlightLogic,1601101,"0.0,0"
2026-05-24T16:42:15.505,16,Distance,12,Comm,1601201,0.0
2026-05-24T16:42:15.605,16,Distance,11,FlightLogic,1601101,"0.0,0"
2026-05-24T16:42:15.605,16,Distance,12,Comm,1601201,0.0
2026-05-24T16:42:15.705,16,Distance,11,FlightLogic,1601101,"0.0,0"
2026-05-24T16:42:15.705,16,Distance,12,Comm,1601201,0.0
2026-05-24T16:42:15.805,16,Distance,11,FlightLogic,1601101,"0.0,0"
2026-05-24T16:42:15.806,16,Distance,12,Comm,1601201,0.0
2026-05-24T16:42:15.905,16,Distance,11,FlightLogic,1601101,"0.0,0"
2026-05-24T16:42:15.906,16,Distance,12,Comm,1601201,0.0
2026-05-24T16:42:16.006,16,Distance,11,FlightLogic,1601101,"0.0,0"
2026-05-24T16:42:16.006,16,Distance,12,Comm,1601201,0.0
2026-05-24T16:42:16.106,16,Distance,11,FlightLogic,1601101,"0.0,0"
2026-05-24T16:42:16.107,16,Distance,12,Comm,1601201,0.0
2026-05-24T16:42:16.206,16,Distance,11,FlightLogic,1601101,"0.0,0"
2026-05-24T16:42:16.207,16,Distance,12,Comm,1601201,0.0
2026-05-24T16:42:16.307,16,Distance,11,FlightLogic,1601101,"0.0,0"
2026-05-24T16:42:16.307,16,Distance,12,Comm,1601201,0.0
2026-05-24T16:42:16.407,16,Distance,11,FlightLogic,1601101,"0.0,0"
2026-05-24T16:42:16.407,16,Distance,12,Comm,1601201,0.0
2026-05-24T16:42:16.507,16,Distance,11,FlightLogic,1601101,"0.0,0"
2026-05-24T16:42:16.508,16,Distance,12,Comm,1601201,0.0
2026-05-24T16:42:16.607,16,Distance,11,FlightLogic,1601101,"0.0,0"
2026-05-24T16:42:16.608,16,Distance,12,Comm,1601201,0.0
2026-05-24T16:42:16.708,16,Distance,11,FlightLogic,1601101,"0.0,0"
2026-05-24T16:42:16.708,16,Distance,12,Comm,1601201,0.0
2026-05-24T16:42:16.808,16,Distance,11,FlightLogic,1601101,"0.0,0"
2026-05-24T16:42:16.809,16,Distance,12,Comm,1601201,0.0
2026-05-24T16:42:16.908,16,Distance,11,FlightLogic,1601101,"0.0,0"
2026-05-24T16:42:16.909,16,Distance,12,Comm,1601201,0.0
2026-05-24T16:42:17.009,16,Distance,11,FlightLogic,1601101,"0.0,0"
2026-05-24T16:42:17.009,16,Distance,12,Comm,1601201,0.0
2026-05-24T16:42:17.109,16,Distance,11,FlightLogic,1601101,"0.0,0"
2026-05-24T16:42:17.109,16,Distance,12,Comm,1601201,0.0
2026-05-24T16:42:17.209,16,Distance,11,FlightLogic,1601101,"0.0,0"
2026-05-24T16:42:17.210,16,Distance,12,Comm,1601201,0.0
2026-05-24T16:42:17.310,16,Distance,11,FlightLogic,1601101,"0.0,0"
2026-05-24T16:42:17.310,16,Distance,12,Comm,1601201,0.0
2026-05-24T16:42:17.410,16,Distance,11,FlightLogic,1601101,"0.0,0"
2026-05-24T16:42:17.410,16,Distance,12,Comm,1601201,0.0
2026-05-24T16:42:17.510,16,Distance,11,FlightLogic,1601101,"0.0,0"
2026-05-24T16:42:17.511,16,Distance,12,Comm,1601201,0.0
2026-05-24T16:42:17.610,16,Distance,11,FlightLogic,1601101,"0.0,0"
2026-05-24T16:42:17.611,16,Distance,12,Comm,1601201,0.0
2026-05-24T16:42:17.711,16,Distance,11,FlightLogic,1601101,"0.0,0"
2026-05-24T16:42:17.712,16,Distance,12,Comm,1601201,0.0
2026-05-24T16:42:17.811,16,Distance,11,FlightLogic,1601101,"0.0,0"
2026-05-24T16:42:17.812,16,Distance,12,Comm,1601201,0.0
2026-05-24T16:42:17.911,16,Distance,11,FlightLogic,1601101,"0.0,0"
2026-05-24T16:42:17.912,16,Distance,12,Comm,1601201,0.0
2026-05-24T16:42:18.012,16,Distance,11,FlightLogic,1601101,"0.0,0"
2026-05-24T16:42:18.012,16,Distance,12,Comm,1601201,0.0
2026-05-24T16:42:18.112,16,Distance,11,FlightLogic,1601101,"0.0,0"
2026-05-24T16:42:18.113,16,Distance,12,Comm,1601201,0.0
2026-05-24T16:42:18.212,16,Distance,11,FlightLogic,1601101,"0.0,0"
2026-05-24T16:42:18.213,16,Distance,12,Comm,1601201,0.0
2026-05-24T16:42:18.313,16,Distance,11,FlightLogic,1601101,"0.0,0"
2026-05-24T16:42:18.313,16,Distance,12,Comm,1601201,0.0
2026-05-24T16:42:18.413,16,Distance,11,FlightLogic,1601101,"0.0,0"
2026-05-24T16:42:18.413,16,Distance,12,Comm,1601201,0.0
2026-05-24T16:42:18.513,16,Distance,11,FlightLogic,1601101,"0.0,0"
2026-05-24T16:42:18.514,16,Distance,12,Comm,1601201,0.0
2026-05-24T16:42:18.614,16,Distance,11,FlightLogic,1601101,"0.0,0"
2026-05-24T16:42:18.614,16,Distance,12,Comm,1601201,0.0
2026-05-24T16:42:18.714,16,Distance,11,FlightLogic,1601101,"0.0,0"
2026-05-24T16:42:18.714,16,Distance,12,Comm,1601201,0.0
2026-05-24T16:42:18.814,16,Distance,11,FlightLogic,1601101,"0.0,0"
2026-05-24T16:42:18.815,16,Distance,12,Comm,1601201,0.0
2026-05-24T16:42:18.915,16,Distance,11,FlightLogic,1601101,"0.0,0"
2026-05-24T16:42:18.915,16,Distance,12,Comm,1601201,0.0
2026-05-24T16:42:19.015,16,Distance,11,FlightLogic,1601101,"0.0,0"
2026-05-24T16:42:19.015,16,Distance,12,Comm,1601201,0.0
2026-05-24T16:42:19.115,16,Distance,11,FlightLogic,1601101,"0.0,0"
2026-05-24T16:42:19.116,16,Distance,12,Comm,1601201,0.0
2026-05-24T16:42:19.215,16,Distance,11,FlightLogic,1601101,"0.0,0"
2026-05-24T16:42:19.216,16,Distance,12,Comm,1601201,0.0
2026-05-24T16:42:19.316,16,Distance,11,FlightLogic,1601101,"0.0,0"
2026-05-24T16:42:19.316,16,Distance,12,Comm,1601201,0.0
2026-05-24T16:42:19.416,16,Distance,11,FlightLogic,1601101,"0.0,0"
2026-05-24T16:42:19.417,16,Distance,12,Comm,1601201,0.0
2026-05-24T16:42:19.516,16,Distance,11,FlightLogic,1601101,"0.0,0"
2026-05-24T16:42:19.517,16,Distance,12,Comm,1601201,0.0
2026-05-24T16:42:19.617,16,Distance,11,FlightLogic,1601101,"0.0,0"
2026-05-24T16:42:19.617,16,Distance,12,Comm,1601201,0.0
2026-05-24T16:42:19.717,16,Distance,11,FlightLogic,1601101,"0.0,0"
2026-05-24T16:42:19.718,16,Distance,12,Comm,1601201,0.0
2026-05-24T16:42:19.817,16,Distance,11,FlightLogic,1601101,"0.0,0"
2026-05-24T16:42:19.818,16,Distance,12,Comm,1601201,0.0
2026-05-24T16:42:19.918,16,Distance,11,FlightLogic,1601101,"0.0,0"
2026-05-24T16:42:19.918,16,Distance,12,Comm,1601201,0.0
2026-05-24T16:42:20.018,16,Distance,11,FlightLogic,1601101,"0.0,0"
2026-05-24T16:42:20.019,16,Distance,12,Comm,1601201,0.0
2026-05-24T16:42:20.118,16,Distance,11,FlightLogic,1601101,"0.0,0"
2026-05-24T16:42:20.119,16,Distance,12,Comm,1601201,0.0
2026-05-24T16:42:20.219,16,Distance,11,FlightLogic,1601101,"0.0,0"
2026-05-24T16:42:20.219,16,Distance,12,Comm,1601201,0.0
2026-05-24T16:42:20.319,16,Distance,11,FlightLogic,1601101,"0.0,0"
2026-05-24T16:42:20.319,16,Distance,12,Comm,1601201,0.0
2026-05-24T16:42:20.419,16,Distance,11,FlightLogic,1601101,"0.0,0"
2026-05-24T16:42:20.420,16,Distance,12,Comm,1601201,0.0
2026-05-24T16:42:20.519,16,Distance,11,FlightLogic,1601101,"0.0,0"
2026-05-24T16:42:20.520,16,Distance,12,Comm,1601201,0.0
2026-05-24T16:42:20.620,16,Distance,11,FlightLogic,1601101,"0.0,0"
2026-05-24T16:42:20.620,16,Distance,12,Comm,1601201,0.0
2026-05-24T16:42:20.720,16,Distance,11,FlightLogic,1601101,"0.0,0"
2026-05-24T16:42:20.721,16,Distance,12,Comm,1601201,0.0
2026-05-24T16:42:20.820,16,Distance,11,FlightLogic,1601101,"0.0,0"
2026-05-24T16:42:20.821,16,Distance,12,Comm,1601201,0.0
2026-05-24T16:42:20.921,16,Distance,11,FlightLogic,1601101,"0.0,0"
2026-05-24T16:42:20.921,16,Distance,12,Comm,1601201,0.0
2026-05-24T16:42:21.021,16,Distance,11,FlightLogic,1601101,"0.0,0"
2026-05-24T16:42:21.021,16,Distance,12,Comm,1601201,0.0
2026-05-24T16:42:21.121,16,Distance,11,FlightLogic,1601101,"0.0,0"
2026-05-24T16:42:21.122,16,Distance,12,Comm,1601201,0.0
2026-05-24T16:42:21.222,16,Distance,11,FlightLogic,1601101,"0.0,0"
2026-05-24T16:42:21.222,16,Distance,12,Comm,1601201,0.0
2026-05-24T16:42:21.322,16,Distance,11,FlightLogic,1601101,"0.0,0"
2026-05-24T16:42:21.322,16,Distance,12,Comm,1601201,0.0
2026-05-24T16:42:21.422,16,Distance,11,FlightLogic,1601101,"0.0,0"
2026-05-24T16:42:21.423,16,Distance,12,Comm,1601201,0.0
2026-05-24T16:42:21.523,16,Distance,11,FlightLogic,1601101,"0.0,0"
2026-05-24T16:42:21.523,16,Distance,12,Comm,1601201,0.0
2026-05-24T16:42:21.623,16,Distance,11,FlightLogic,1601101,"0.0,0"
2026-05-24T16:42:21.623,16,Distance,12,Comm,1601201,0.0
2026-05-24T16:42:21.723,16,Distance,11,FlightLogic,1601101,"0.0,0"
2026-05-24T16:42:21.724,16,Distance,12,Comm,1601201,0.0
2026-05-24T16:42:21.823,16,Distance,11,FlightLogic,1601101,"0.0,0"
2026-05-24T16:42:21.824,16,Distance,12,Comm,1601201,0.0
2026-05-24T16:42:21.924,16,Distance,11,FlightLogic,1601101,"0.0,0"
2026-05-24T16:42:21.924,16,Distance,12,Comm,1601201,0.0
2026-05-24T16:42:22.024,16,Distance,11,FlightLogic,1601101,"0.0,0"
2026-05-24T16:42:22.024,16,Distance,12,Comm,1601201,0.0
2026-05-24T16:42:22.124,16,Distance,11,FlightLogic,1601101,"0.0,0"
2026-05-24T16:42:22.125,16,Distance,12,Comm,1601201,0.0
2026-05-24T16:42:22.225,16,Distance,11,FlightLogic,1601101,"0.0,0"
2026-05-24T16:42:22.225,16,Distance,12,Comm,1601201,0.0
2026-05-24T16:42:22.325,16,Distance,11,FlightLogic,1601101,"0.0,0"
2026-05-24T16:42:22.325,16,Distance,12,Comm,1601201,0.0
2026-05-24T16:42:22.425,16,Distance,11,FlightLogic,1601101,"0.0,0"
2026-05-24T16:42:22.425,16,Distance,12,Comm,1601201,0.0
2026-05-24T16:42:22.525,16,Distance,11,FlightLogic,1601101,"0.0,0"
2026-05-24T16:42:22.526,16,Distance,12,Comm,1601201,0.0
2026-05-24T16:42:22.626,16,Distance,11,FlightLogic,1601101,"0.0,0"
2026-05-24T16:42:22.626,16,Distance,12,Comm,1601201,0.0
2026-05-24T16:42:22.726,16,Distance,11,FlightLogic,1601101,"0.0,0"
2026-05-24T16:42:22.726,16,Distance,12,Comm,1601201,0.0
2026-05-24T16:42:22.827,16,Distance,11,FlightLogic,1601101,"0.0,0"
2026-05-24T16:42:22.828,16,Distance,12,Comm,1601201,0.0
2026-05-24T16:42:22.927,16,Distance,11,FlightLogic,1601101,"0.0,0"
2026-05-24T16:42:22.928,16,Distance,12,Comm,1601201,0.0
2026-05-24T16:42:23.027,16,Distance,11,FlightLogic,1601101,"0.0,0"
2026-05-24T16:42:23.028,16,Distance,12,Comm,1601201,0.0
2026-05-24T16:42:23.127,16,Distance,11,FlightLogic,1601101,"0.0,0"
2026-05-24T16:42:23.128,16,Distance,12,Comm,1601201,0.0
2026-05-24T16:42:23.228,16,Distance,11,FlightLogic,1601101,"0.0,0"
2026-05-24T16:42:23.228,16,Distance,12,Comm,1601201,0.0
2026-05-24T16:42:23.328,16,Distance,11,FlightLogic,1601101,"0.0,0"
2026-05-24T16:42:23.328,16,Distance,12,Comm,1601201,0.0
2026-05-24T16:42:23.428,16,Distance,11,FlightLogic,1601101,"0.0,0"
2026-05-24T16:42:23.429,16,Distance,12,Comm,1601201,0.0
2026-05-24T16:42:23.529,16,Distance,11,FlightLogic,1601101,"0.0,0"
2026-05-24T16:42:23.529,16,Distance,12,Comm,1601201,0.0
2026-05-24T16:42:23.629,16,Distance,11,FlightLogic,1601101,"0.0,0"
2026-05-24T16:42:23.630,16,Distance,12,Comm,1601201,0.0
2026-05-24T16:42:23.729,16,Distance,11,FlightLogic,1601101,"0.0,0"
2026-05-24T16:42:23.730,16,Distance,12,Comm,1601201,0.0
2026-05-24T16:42:23.830,16,Distance,11,FlightLogic,1601101,"0.0,0"
2026-05-24T16:42:23.830,16,Distance,12,Comm,1601201,0.0
2026-05-24T16:42:23.930,16,Distance,11,FlightLogic,1601101,"0.0,0"
2026-05-24T16:42:23.930,16,Distance,12,Comm,1601201,0.0
2026-05-24T16:42:24.030,16,Distance,11,FlightLogic,1601101,"0.0,0"
2026-05-24T16:42:24.031,16,Distance,12,Comm,1601201,0.0
2026-05-24T16:42:24.131,16,Distance,11,FlightLogic,1601101,"0.0,0"
2026-05-24T16:42:24.131,16,Distance,12,Comm,1601201,0.0
2026-05-24T16:42:24.231,16,Distance,11,FlightLogic,1601101,"0.0,0"
2026-05-24T16:42:24.231,16,Distance,12,Comm,1601201,0.0
2026-05-24T16:42:24.331,16,Distance,11,FlightLogic,1601101,"0.0,0"
2026-05-24T16:42:24.332,16,Distance,12,Comm,1601201,0.0
2026-05-24T16:42:24.432,16,Distance,11,FlightLogic,1601101,"0.0,0"
2026-05-24T16:42:24.432,16,Distance,12,Comm,1601201,0.0
2026-05-24T16:42:24.532,16,Distance,11,FlightLogic,1601101,"0.0,0"
2026-05-24T16:42:24.532,16,Distance,12,Comm,1601201,0.0
2026-05-24T16:42:24.632,16,Distance,11,FlightLogic,1601101,"0.0,0"
2026-05-24T16:42:24.633,16,Distance,12,Comm,1601201,0.0
2026-05-24T16:42:24.733,16,Distance,11,FlightLogic,1601101,"0.0,0"
2026-05-24T16:42:24.733,16,Distance,12,Comm,1601201,0.0
2026-05-24T16:42:24.833,16,Distance,11,FlightLogic,1601101,"0.0,0"
2026-05-24T16:42:24.833,16,Distance,12,Comm,1601201,0.0
2026-05-24T16:42:24.933,16,Distance,11,FlightLogic,1601101,"0.0,0"
2026-05-24T16:42:24.934,16,Distance,12,Comm,1601201,0.0
2026-05-24T16:42:25.033,16,Distance,11,FlightLogic,1601101,"0.0,0"
2026-05-24T16:42:25.034,16,Distance,12,Comm,1601201,0.0
2026-05-24T16:42:25.134,16,Distance,11,FlightLogic,1601101,"0.0,0"
2026-05-24T16:42:25.134,16,Distance,12,Comm,1601201,0.0
2026-05-24T16:42:25.234,16,Distance,11,FlightLogic,1601101,"0.0,0"
2026-05-24T16:42:25.235,16,Distance,12,Comm,1601201,0.0
2026-05-24T16:42:25.334,16,Distance,11,FlightLogic,1601101,"0.0,0"
2026-05-24T16:42:25.335,16,Distance,12,Comm,1601201,0.0
2026-05-24T16:42:25.435,16,Distance,11,FlightLogic,1601101,"0.0,0"
2026-05-24T16:42:25.435,16,Distance,12,Comm,1601201,0.0
2026-05-24T16:42:25.535,16,Distance,11,FlightLogic,1601101,"0.0,0"
2026-05-24T16:42:25.536,16,Distance,12,Comm,1601201,0.0
2026-05-24T16:42:25.635,16,Distance,11,FlightLogic,1601101,"0.0,0"
2026-05-24T16:42:25.636,16,Distance,12,Comm,1601201,0.0
2026-05-24T16:42:25.736,16,Distance,11,FlightLogic,1601101,"0.0,0"
2026-05-24T16:42:25.736,16,Distance,12,Comm,1601201,0.0
2026-05-24T16:42:25.836,16,Distance,11,FlightLogic,1601101,"0.0,0"
2026-05-24T16:42:25.836,16,Distance,12,Comm,1601201,0.0
2026-05-24T16:42:25.936,16,Distance,11,FlightLogic,1601101,"0.0,0"
2026-05-24T16:42:25.937,16,Distance,12,Comm,1601201,0.0
2026-05-24T16:42:26.037,16,Distance,11,FlightLogic,1601101,"0.0,0"
2026-05-24T16:42:26.037,16,Distance,12,Comm,1601201,0.0
2026-05-24T16:42:26.137,16,Distance,11,FlightLogic,1601101,"0.0,0"
2026-05-24T16:42:26.137,16,Distance,12,Comm,1601201,0.0
2026-05-24T16:42:26.237,16,Distance,11,FlightLogic,1601101,"0.0,0"
2026-05-24T16:42:26.238,16,Distance,12,Comm,1601201,0.0
2026-05-24T16:42:26.337,16,Distance,11,FlightLogic,1601101,"0.0,0"
2026-05-24T16:42:26.338,16,Distance,12,Comm,1601201,0.0
2026-05-24T16:42:26.438,16,Distance,11,FlightLogic,1601101,"0.0,0"
2026-05-24T16:42:26.438,16,Distance,12,Comm,1601201,0.0
2026-05-24T16:42:26.538,16,Distance,11,FlightLogic,1601101,"0.0,0"
2026-05-24T16:42:26.539,16,Distance,12,Comm,1601201,0.0
2026-05-24T16:42:26.638,16,Distance,11,FlightLogic,1601101,"0.0,0"
2026-05-24T16:42:26.639,16,Distance,12,Comm,1601201,0.0
2026-05-24T16:42:26.739,16,Distance,11,FlightLogic,1601101,"0.0,0"
2026-05-24T16:42:26.739,16,Distance,12,Comm,1601201,0.0
2026-05-24T16:42:26.839,16,Distance,11,FlightLogic,1601101,"0.0,0"
2026-05-24T16:42:26.839,16,Distance,12,Comm,1601201,0.0
2026-05-24T16:42:26.939,16,Distance,11,FlightLogic,1601101,"0.0,0"
2026-05-24T16:42:26.940,16,Distance,12,Comm,1601201,0.0
2026-05-24T16:42:27.040,16,Distance,11,FlightLogic,1601101,"0.0,0"
2026-05-24T16:42:27.040,16,Distance,12,Comm,1601201,0.0
2026-05-24T16:42:27.140,16,Distance,11,FlightLogic,1601101,"0.0,0"
2026-05-24T16:42:27.140,16,Distance,12,Comm,1601201,0.0
2026-05-24T16:42:27.240,16,Distance,11,FlightLogic,1601101,"0.0,0"
2026-05-24T16:42:27.241,16,Distance,12,Comm,1601201,0.0
2026-05-24T16:42:27.341,16,Distance,11,FlightLogic,1601101,"0.0,0"
2026-05-24T16:42:27.341,16,Distance,12,Comm,1601201,0.0
2026-05-24T16:42:27.441,16,Distance,11,FlightLogic,1601101,"0.0,0"
2026-05-24T16:42:27.441,16,Distance,12,Comm,1601201,0.0
2026-05-24T16:42:27.541,16,Distance,11,FlightLogic,1601101,"0.0,0"
2026-05-24T16:42:27.542,16,Distance,12,Comm,1601201,0.0
2026-05-24T16:42:27.641,16,Distance,11,FlightLogic,1601101,"0.0,0"
2026-05-24T16:42:27.642,16,Distance,12,Comm,1601201,0.0
2026-05-24T16:42:27.742,16,Distance,11,FlightLogic,1601101,"0.0,0"
2026-05-24T16:42:27.742,16,Distance,12,Comm,1601201,0.0
2026-05-24T16:42:27.842,16,Distance,11,FlightLogic,1601101,"0.0,0"
2026-05-24T16:42:27.843,16,Distance,12,Comm,1601201,0.0
2026-05-24T16:42:27.942,16,Distance,11,FlightLogic,1601101,"0.0,0"
2026-05-24T16:42:27.943,16,Distance,12,Comm,1601201,0.0
2026-05-24T16:42:28.043,16,Distance,11,FlightLogic,1601101,"0.0,0"
2026-05-24T16:42:28.043,16,Distance,12,Comm,1601201,0.0
2026-05-24T16:42:28.143,16,Distance,11,FlightLogic,1601101,"0.0,0"
2026-05-24T16:42:28.144,16,Distance,12,Comm,1601201,0.0
2026-05-24T16:42:28.243,16,Distance,11,FlightLogic,1601101,"0.0,0"
2026-05-24T16:42:28.244,16,Distance,12,Comm,1601201,0.0
2026-05-24T16:42:28.344,16,Distance,11,FlightLogic,1601101,"0.0,0"
2026-05-24T16:42:28.344,16,Distance,12,Comm,1601201,0.0
2026-05-24T16:42:28.444,16,Distance,11,FlightLogic,1601101,"0.0,0"
2026-05-24T16:42:28.445,16,Distance,12,Comm,1601201,0.0
2026-05-24T16:42:28.545,16,Distance,11,FlightLogic,1601101,"0.0,0"
2026-05-24T16:42:28.546,16,Distance,12,Comm,1601201,0.0
2026-05-24T16:42:28.645,16,Distance,11,FlightLogic,1601101,"0.0,0"
2026-05-24T16:42:28.646,16,Distance,12,Comm,1601201,0.0
2026-05-24T16:42:28.746,16,Distance,11,FlightLogic,1601101,"0.0,0"
2026-05-24T16:42:28.746,16,Distance,12,Comm,1601201,0.0
2026-05-24T16:42:28.846,16,Distance,11,FlightLogic,1601101,"0.0,0"
2026-05-24T16:42:28.846,16,Distance,12,Comm,1601201,0.0
2026-05-24T16:42:28.946,16,Distance,11,FlightLogic,1601101,"0.0,0"
2026-05-24T16:42:28.947,16,Distance,12,Comm,1601201,0.0
2026-05-24T16:42:29.047,16,Distance,11,FlightLogic,1601101,"0.0,0"
2026-05-24T16:42:29.047,16,Distance,12,Comm,1601201,0.0
2026-05-24T16:42:29.147,16,Distance,11,FlightLogic,1601101,"0.0,0"
2026-05-24T16:42:29.147,16,Distance,12,Comm,1601201,0.0
2026-05-24T16:42:29.247,16,Distance,11,FlightLogic,1601101,"0.0,0"
2026-05-24T16:42:29.248,16,Distance,12,Comm,1601201,0.0
2026-05-24T16:42:29.348,16,Distance,11,FlightLogic,1601101,"0.0,0"
2026-05-24T16:42:29.348,16,Distance,12,Comm,1601201,0.0
