timestamp,sender_app,sender_name,receiver_app,receiver_name,msg_id,data
2026-05-24T16:00:17.587,14,IMU,19,Motor,1401901,"0.0,0.0,0.0,0.0,0.0,0.0,0.0,0.0,0.0,0.0,0.0,0.0,0.0000,0,0,0,345.5736"
2026-05-24T16:00:17.636,14,IMU,19,Motor,1401901,"0.0,0.0,0.0,0.0,0.0,0.0,0.0,0.0,0.0,0.0,0.0,0.0,0.0000,0,0,0,345.5736"
2026-05-24T16:00:17.687,14,IMU,19,Motor,1401901,"0.0,0.0,0.0,0.0,0.0,0.0,0.0,0.0,0.0,0.0,0.0,0.0,0.0000,0,0,0,345.5736"
2026-05-24T16:00:17.737,14,IMU,19,Motor,1401901,"0.0,0.0,0.0,0.0,0.0,0.0,0.0,0.0,0.0,0.0,0.0,0.0,0.0000,0,0,0,345.5736"
2026-05-24T16:00:17.787,14,IMU,19,Motor,1401901,"0.0,0.0,0.0,0.0,0.0,0.0,0.0,0.0,0.0,0.0,0.0,0.0,0.0000,0,0,0,345.5736"
2026-05-24T16:00:17.838,14,IMU,19,Motor,1401901,"0.0,0.0,0.0,0.0,0.0,0.0,0.0,0.0,0.0,0.0,0.0,0.0,0.0000,0,0,0,345.5736"
2026-05-24T16:00:17.888,14,IMU,19,Motor,1401901,"0.0,0.0,0.0,0.0,0.0,0.0,0.0,0.0,0.0,0.0,0.0,0.0,0.0000,0,0,0,345.5736"
2026-05-24T16:00:17.938,14,IMU,19,Motor,1401901,"0.0,0.0,0.0,0.0,0.0,0.0,0.0,0.0,0.0,0.0,0.0,0.0,0.0000,0,0,0,345.5736"
2026-05-24T16:00:17.989,14,IMU,19,Motor,1401901,"0.0,0.0,0.0,0.0,0.0,0.0,0.0,0.0,0.0,0.0,0.0,0.0,0.0000,0,0,0,345.5736"
2026-05-24T16:00:18.039,14,IMU,19,Motor,1401901,"0.0,0.0,0.0,0.0,0.0,0.0,0.0,0.0,0.0,0.0,0.0,0.0,0.0000,0,0,0,345.5736"
2026-05-24T16:00:18.089,14,IMU,19,Motor,1401901,"0.0,0.0,0.0,0.0,0.0,0.0,0.0,0.0,0.0,0.0,0.0,0.0,0.0000,0,0,0,345.5736"
2026-05-24T16:00:18.140,14,IMU,19,Motor,1401901,"0.0,0.0,0.0,0.0,0.0,0.0,0.0,0.0,0.0,0.0,0.0,0.0,0.0000,0,0,0,345.5736"
2026-05-24T16:00:18.190,14,IMU,19,Motor,1401901,"0.0,0.0,0.0,0.0,0.0,0.0,0.0,0.0,0.0,0.0,0.0,0.0,0.0000,0,0,0,345.5736"
2026-05-24T16:00:18.240,14,IMU,19,Motor,1401901,"0.0,0.0,0.0,0.0,0.0,0.0,0.0,0.0,0.0,0.0,0.0,0.0,0.0000,0,0,0,345.5736"
2026-05-24T16:00:18.291,14,IMU,19,Motor,1401901,"0.0,0.0,0.0,0.0,0.0,0.0,0.0,0.0,0.0,0.0,0.0,0.0,0.0000,0,0,0,345.5736"
2026-05-24T16:00:18.341,14,IMU,19,Motor,1401901,"0.0,0.0,0.0,0.0,0.0,0.0,0.0,0.0,0.0,0.0,0.0,0.0,0.0000,0,0,0,345.5736"
2026-05-24T16:00:18.391,14,IMU,19,Motor,1401901,"0.0,0.0,0.0,0.0,0.0,0.0,0.0,0.0,0.0,0.0,0.0,0.0,0.0000,0,0,0,345.5736"
2026-05-24T16:00:18.442,14,IMU,19,Motor,1401901,"0.0,0.0,0.0,0.0,0.0,0.0,0.0,0.0,0.0,0.0,0.0,0.0,0.0000,0,0,0,345.5736"
2026-05-24T16:00:18.492,14,IMU,19,Motor,1401901,"0.0,0.0,0.0,0.0,0.0,0.0,0.0,0.0,0.0,0.0,0.0,0.0,0.0000,0,0,0,345.5736"
2026-05-24T16:00:18.542,14,IMU,19,Motor,1401901,"0.0,0.0,0.0,0.0,0.0,0.0,0.0,0.0,0.0,0.0,0.0,0.0,0.0000,0,0,0,345.5736"
2026-05-24T16:00:18.543,14,IMU,12,Comm,1401201,"0.0,0.0,0.0,0.0,0.0,0.0,0.0,0.0,0.0,0.0,0.0,0.0"
2026-05-24T16:00:18.593,14,IMU,19,Motor,1401901,"0.0,0.0,0.0,0.0,0.0,0.0,0.0,0.0,0.0,0.0,0.0,0.0,0.0000,0,0,0,345.5736"
2026-05-24T16:00:18.643,14,IMU,19,Motor,1401901,"0.0,0.0,0.0,0.0,0.0,0.0,0.0,0.0,0.0,0.0,0.0,0.0,0.0000,0,0,0,345.5736"
2026-05-24T16:00:18.694,14,IMU,19,Motor,1401901,"0.0,0.0,0.0,0.0,0.0,0.0,0.0,0.0,0.0,0.0,0.0,0.0,0.0000,0,0,0,345.5736"
2026-05-24T16:00:18.744,14,IMU,19,Motor,1401901,"0.0,0.0,0.0,0.0,0.0,0.0,0.0,0.0,0.0,0.0,0.0,0.0,0.0000,0,0,0,345.5736"
2026-05-24T16:00:18.794,14,IMU,19,Motor,1401901,"0.0,0.0,0.0,0.0,0.0,0.0,0.0,0.0,0.0,0.0,0.0,0.0,0.0000,0,0,0,345.5736"
2026-05-24T16:00:18.845,14,IMU,19,Motor,1401901,"0.0,0.0,0.0,0.0,0.0,0.0,0.0,0.0,0.0,0.0,0.0,0.0,0.0000,0,0,0,345.5736"
2026-05-24T16:00:18.895,14,IMU,19,Motor,1401901,"0.0,0.0,0.0,0.0,0.0,0.0,0.0,0.0,0.0,0.0,0.0,0.0,0.0000,0,0,0,345.5736"
2026-05-24T16:00:18.945,14,IMU,19,Motor,1401901,"0.0,0.0,0.0,0.0,0.0,0.0,0.0,0.0,0.0,0.0,0.0,0.0,0.0000,0,0,0,345.5736"
2026-05-24T16:00:18.996,14,IMU,19,Motor,1401901,"0.0,0.0,0.0,0.0,0.0,0.0,0.0,0.0,0.0,0.0,0.0,0.0,0.0000,0,0,0,345.5736"
2026-05-24T16:00:19.046,14,IMU,19,Motor,1401901,"0.0,0.0,0.0,0.0,0.0,0.0,0.0,0.0,0.0,0.0,0.0,0.0,0.0000,0,0,0,345.5736"
2026-05-24T16:00:19.097,14,IMU,19,Motor,1401901,"0.0,0.0,0.0,0.0,0.0,0.0,0.0,0.0,0.0,0.0,0.0,0.0,0.0000,0,0,0,345.5736"
2026-05-24T16:00:19.147,14,IMU,19,Motor,1401901,"0.0,0.0,0.0,0.0,0.0,0.0,0.0,0.0,0.0,0.0,0.0,0.0,0.0000,0,0,0,345.5736"
2026-05-24T16:00:19.197,14,IMU,19,Motor,1401901,"0.0,0.0,0.0,0.0,0.0,0.0,0.0,0.0,0.0,0.0,0.0,0.0,0.0000,0,0,0,345.5736"
2026-05-24T16:00:19.248,14,IMU,19,Motor,1401901,"0.0,0.0,0.0,0.0,0.0,0.0,0.0,0.0,0.0,0.0,0.0,0.0,0.0000,0,0,0,345.5736"
2026-05-24T16:00:19.298,14,IMU,19,Motor,1401901,"0.0,0.0,0.0,0.0,0.0,0.0,0.0,0.0,0.0,0.0,0.0,0.0,0.0000,0,0,0,345.5736"
2026-05-24T16:00:19.348,14,IMU,19,Motor,1401901,"0.0,0.0,0.0,0.0,0.0,0.0,0.0,0.0,0.0,0.0,0.0,0.0,0.0000,0,0,0,345.5736"
2026-05-24T16:00:19.398,14,IMU,19,Motor,1401901,"0.0,0.0,0.0,0.0,0.0,0.0,0.0,0.0,0.0,0.0,0.0,0.0,0.0000,0,0,0,345.5736"
2026-05-24T16:00:19.449,14,IMU,19,Motor,1401901,"0.0,0.0,0.0,0.0,0.0,0.0,0.0,0.0,0.0,0.0,0.0,0.0,0.0000,0,0,0,345.5736"
2026-05-24T16:00:19.499,14,IMU,19,Motor,1401901,"0.0,0.0,0.0,0.0,0.0,0.0,0.0,0.0,0.0,0.0,0.0,0.0,0.0000,0,0,0,345.5736"
2026-05-24T16:00:19.549,14,IMU,19,Motor,1401901,"0.0,0.0,0.0,0.0,0.0,0.0,0.0,0.0,0.0,0.0,0.0,0.0,0.0000,0,0,0,345.5736"
2026-05-24T16:00:19.550,14,IMU,12,Comm,1401201,"0.0,0.0,0.0,0.0,0.0,0.0,0.0,0.0,0.0,0.0,0.0,0.0"
2026-05-24T16:00:19.600,14,IMU,19,Motor,1401901,"0.0,0.0,0.0,0.0,0.0,0.0,0.0,0.0,0.0,0.0,0.0,0.0,0.0000,0,0,0,345.5736"
2026-05-24T16:00:19.650,14,IMU,19,Motor,1401901,"0.0,0.0,0.0,0.0,0.0,0.0,0.0,0.0,0.0,0.0,0.0,0.0,0.0000,0,0,0,345.5736"
2026-05-24T16:00:19.700,14,IMU,19,Motor,1401901,"0.0,0.0,0.0,0.0,0.0,0.0,0.0,0.0,0.0,0.0,0.0,0.0,0.0000,0,0,0,345.5736"
2026-05-24T16:00:19.751,14,IMU,19,Motor,1401901,"0.0,0.0,0.0,0.0,0.0,0.0,0.0,0.0,0.0,0.0,0.0,0.0,0.0000,0,0,0,345.5736"
2026-05-24T16:00:19.801,14,IMU,19,Motor,1401901,"0.0,0.0,0.0,0.0,0.0,0.0,0.0,0.0,0.0,0.0,0.0,0.0,0.0000,0,0,0,345.5736"
2026-05-24T16:00:19.851,14,IMU,19,Motor,1401901,"0.0,0.0,0.0,0.0,0.0,0.0,0.0,0.0,0.0,0.0,0.0,0.0,0.0000,0,0,0,345.5736"
2026-05-24T16:00:19.902,14,IMU,19,Motor,1401901,"0.0,0.0,0.0,0.0,0.0,0.0,0.0,0.0,0.0,0.0,0.0,0.0,0.0000,0,0,0,345.5736"
2026-05-24T16:00:19.952,14,IMU,19,Motor,1401901,"0.0,0.0,0.0,0.0,0.0,0.0,0.0,0.0,0.0,0.0,0.0,0.0,0.0000,0,0,0,345.5736"
2026-05-24T16:00:20.002,14,IMU,19,Motor,1401901,"0.0,0.0,0.0,0.0,0.0,0.0,0.0,0.0,0.0,0.0,0.0,0.0,0.0000,0,0,0,345.5736"
2026-05-24T16:00:20.052,14,IMU,19,Motor,1401901,"0.0,0.0,0.0,0.0,0.0,0.0,0.0,0.0,0.0,0.0,0.0,0.0,0.0000,0,0,0,345.5736"
2026-05-24T16:00:20.103,14,IMU,19,Motor,1401901,"0.0,0.0,0.0,0.0,0.0,0.0,0.0,0.0,0.0,0.0,0.0,0.0,0.0000,0,0,0,345.5736"
2026-05-24T16:00:20.153,14,IMU,19,Motor,1401901,"0.0,0.0,0.0,0.0,0.0,0.0,0.0,0.0,0.0,0.0,0.0,0.0,0.0000,0,0,0,345.5736"
2026-05-24T16:00:20.203,14,IMU,19,Motor,1401901,"0.0,0.0,0.0,0.0,0.0,0.0,0.0,0.0,0.0,0.0,0.0,0.0,0.0000,0,0,0,345.5736"
2026-05-24T16:00:20.254,14,IMU,19,Motor,1401901,"0.0,0.0,0.0,0.0,0.0,0.0,0.0,0.0,0.0,0.0,0.0,0.0,0.0000,0,0,0,345.5736"
2026-05-24T16:00:20.304,14,IMU,19,Motor,1401901,"0.0,0.0,0.0,0.0,0.0,0.0,0.0,0.0,0.0,0.0,0.0,0.0,0.0000,0,0,0,345.5736"
2026-05-24T16:00:20.354,14,IMU,19,Motor,1401901,"0.0,0.0,0.0,0.0,0.0,0.0,0.0,0.0,0.0,0.0,0.0,0.0,0.0000,0,0,0,345.5736"
2026-05-24T16:00:20.405,14,IMU,19,Motor,1401901,"0.0,0.0,0.0,0.0,0.0,0.0,0.0,0.0,0.0,0.0,0.0,0.0,0.0000,0,0,0,345.5736"
2026-05-24T16:00:20.455,14,IMU,19,Motor,1401901,"0.0,0.0,0.0,0.0,0.0,0.0,0.0,0.0,0.0,0.0,0.0,0.0,0.0000,0,0,0,345.5736"
2026-05-24T16:00:20.505,14,IMU,19,Motor,1401901,"0.0,0.0,0.0,0.0,0.0,0.0,0.0,0.0,0.0,0.0,0.0,0.0,0.0000,0,0,0,345.5736"
2026-05-24T16:00:20.556,14,IMU,19,Motor,1401901,"0.0,0.0,0.0,0.0,0.0,0.0,0.0,0.0,0.0,0.0,0.0,0.0,0.0000,0,0,0,345.5736"
2026-05-24T16:00:20.556,14,IMU,12,Comm,1401201,"0.0,0.0,0.0,0.0,0.0,0.0,0.0,0.0,0.0,0.0,0.0,0.0"
2026-05-24T16:00:20.606,14,IMU,19,Motor,1401901,"0.0,0.0,0.0,0.0,0.0,0.0,0.0,0.0,0.0,0.0,0.0,0.0,0.0000,0,0,0,345.5736"
2026-05-24T16:00:20.656,14,IMU,19,Motor,1401901,"0.0,0.0,0.0,0.0,0.0,0.0,0.0,0.0,0.0,0.0,0.0,0.0,0.0000,0,0,0,345.5736"
2026-05-24T16:00:20.707,14,IMU,19,Motor,1401901,"0.0,0.0,0.0,0.0,0.0,0.0,0.0,0.0,0.0,0.0,0.0,0.0,0.0000,0,0,0,345.5736"
2026-05-24T16:00:20.757,14,IMU,19,Motor,1401901,"0.0,0.0,0.0,0.0,0.0,0.0,0.0,0.0,0.0,0.0,0.0,0.0,0.0000,0,0,0,345.5736"
2026-05-24T16:00:20.807,14,IMU,19,Motor,1401901,"0.0,0.0,0.0,0.0,0.0,0.0,0.0,0.0,0.0,0.0,0.0,0.0,0.0000,0,0,0,345.5736"
2026-05-24T16:00:20.858,14,IMU,19,Motor,1401901,"0.0,0.0,0.0,0.0,0.0,0.0,0.0,0.0,0.0,0.0,0.0,0.0,0.0000,0,0,0,345.5736"
2026-05-24T16:00:20.908,14,IMU,19,Motor,1401901,"0.0,0.0,0.0,0.0,0.0,0.0,0.0,0.0,0.0,0.0,0.0,0.0,0.0000,0,0,0,345.5736"
2026-05-24T16:00:20.958,14,IMU,19,Motor,1401901,"0.0,0.0,0.0,0.0,0.0,0.0,0.0,0.0,0.0,0.0,0.0,0.0,0.0000,0,0,0,345.5736"
2026-05-24T16:00:21.008,14,IMU,19,Motor,1401901,"0.0,0.0,0.0,0.0,0.0,0.0,0.0,0.0,0.0,0.0,0.0,0.0,0.0000,0,0,0,345.5736"
2026-05-24T16:00:21.059,14,IMU,19,Motor,1401901,"0.0,0.0,0.0,0.0,0.0,0.0,0.0,0.0,0.0,0.0,0.0,0.0,0.0000,0,0,0,345.5736"
2026-05-24T16:00:21.109,14,IMU,19,Motor,1401901,"0.0,0.0,0.0,0.0,0.0,0.0,0.0,0.0,0.0,0.0,0.0,0.0,0.0000,0,0,0,345.5736"
2026-05-24T16:00:21.159,14,IMU,19,Motor,1401901,"0.0,0.0,0.0,0.0,0.0,0.0,0.0,0.0,0.0,0.0,0.0,0.0,0.0000,0,0,0,345.5736"
2026-05-24T16:00:21.210,14,IMU,19,Motor,1401901,"0.0,0.0,0.0,0.0,0.0,0.0,0.0,0.0,0.0,0.0,0.0,0.0,0.0000,0,0,0,345.5736"
2026-05-24T16:00:21.260,14,IMU,19,Motor,1401901,"0.0,0.0,0.0,0.0,0.0,0.0,0.0,0.0,0.0,0.0,0.0,0.0,0.0000,0,0,0,345.5736"
2026-05-24T16:00:21.310,14,IMU,19,Motor,1401901,"0.0,0.0,0.0,0.0,0.0,0.0,0.0,0.0,0.0,0.0,0.0,0.0,0.0000,0,0,0,345.5736"
2026-05-24T16:00:21.361,14,IMU,19,Motor,1401901,"0.0,0.0,0.0,0.0,0.0,0.0,0.0,0.0,0.0,0.0,0.0,0.0,0.0000,0,0,0,345.5736"
2026-05-24T16:00:21.411,14,IMU,19,Motor,1401901,"0.0,0.0,0.0,0.0,0.0,0.0,0.0,0.0,0.0,0.0,0.0,0.0,0.0000,0,0,0,345.5736"
2026-05-24T16:00:21.462,14,IMU,19,Motor,1401901,"0.0,0.0,0.0,0.0,0.0,0.0,0.0,0.0,0.0,0.0,0.0,0.0,0.0000,0,0,0,345.5736"
2026-05-24T16:00:21.511,14,IMU,19,Motor,1401901,"0.0,0.0,0.0,0.0,0.0,0.0,0.0,0.0,0.0,0.0,0.0,0.0,0.0000,0,0,0,345.5736"
2026-05-24T16:00:21.562,14,IMU,19,Motor,1401901,"0.0,0.0,0.0,0.0,0.0,0.0,0.0,0.0,0.0,0.0,0.0,0.0,0.0000,0,0,0,345.5736"
2026-05-24T16:00:21.563,14,IMU,12,Comm,1401201,"0.0,0.0,0.0,0.0,0.0,0.0,0.0,0.0,0.0,0.0,0.0,0.0"
2026-05-24T16:00:21.612,14,IMU,19,Motor,1401901,"0.0,0.0,0.0,0.0,0.0,0.0,0.0,0.0,0.0,0.0,0.0,0.0,0.0000,0,0,0,345.5736"
2026-05-24T16:00:21.662,14,IMU,19,Motor,1401901,"0.0,0.0,0.0,0.0,0.0,0.0,0.0,0.0,0.0,0.0,0.0,0.0,0.0000,0,0,0,345.5736"
2026-05-24T16:00:21.713,14,IMU,19,Motor,1401901,"0.0,0.0,0.0,0.0,0.0,0.0,0.0,0.0,0.0,0.0,0.0,0.0,0.0000,0,0,0,345.5736"
2026-05-24T16:00:21.763,14,IMU,19,Motor,1401901,"0.0,0.0,0.0,0.0,0.0,0.0,0.0,0.0,0.0,0.0,0.0,0.0,0.0000,0,0,0,345.5736"
2026-05-24T16:00:21.813,14,IMU,19,Motor,1401901,"0.0,0.0,0.0,0.0,0.0,0.0,0.0,0.0,0.0,0.0,0.0,0.0,0.0000,0,0,0,345.5736"
2026-05-24T16:00:21.864,14,IMU,19,Motor,1401901,"0.0,0.0,0.0,0.0,0.0,0.0,0.0,0.0,0.0,0.0,0.0,0.0,0.0000,0,0,0,345.5736"
2026-05-24T16:00:21.914,14,IMU,19,Motor,1401901,"0.0,0.0,0.0,0.0,0.0,0.0,0.0,0.0,0.0,0.0,0.0,0.0,0.0000,0,0,0,345.5736"
2026-05-24T16:00:21.964,14,IMU,19,Motor,1401901,"0.0,0.0,0.0,0.0,0.0,0.0,0.0,0.0,0.0,0.0,0.0,0.0,0.0000,0,0,0,345.5736"
2026-05-24T16:00:22.015,14,IMU,19,Motor,1401901,"0.0,0.0,0.0,0.0,0.0,0.0,0.0,0.0,0.0,0.0,0.0,0.0,0.0000,0,0,0,345.5736"
2026-05-24T16:00:22.065,14,IMU,19,Motor,1401901,"0.0,0.0,0.0,0.0,0.0,0.0,0.0,0.0,0.0,0.0,0.0,0.0,0.0000,0,0,0,345.5736"
2026-05-24T16:00:22.115,14,IMU,19,Motor,1401901,"0.0,0.0,0.0,0.0,0.0,0.0,0.0,0.0,0.0,0.0,0.0,0.0,0.0000,0,0,0,345.5736"
2026-05-24T16:00:22.166,14,IMU,19,Motor,1401901,"0.0,0.0,0.0,0.0,0.0,0.0,0.0,0.0,0.0,0.0,0.0,0.0,0.0000,0,0,0,345.5736"
2026-05-24T16:00:22.216,14,IMU,19,Motor,1401901,"0.0,0.0,0.0,0.0,0.0,0.0,0.0,0.0,0.0,0.0,0.0,0.0,0.0000,0,0,0,345.5736"
2026-05-24T16:00:22.266,14,IMU,19,Motor,1401901,"0.0,0.0,0.0,0.0,0.0,0.0,0.0,0.0,0.0,0.0,0.0,0.0,0.0000,0,0,0,345.5736"
2026-05-24T16:00:22.316,14,IMU,19,Motor,1401901,"0.0,0.0,0.0,0.0,0.0,0.0,0.0,0.0,0.0,0.0,0.0,0.0,0.0000,0,0,0,345.5736"
2026-05-24T16:00:22.367,14,IMU,19,Motor,1401901,"0.0,0.0,0.0,0.0,0.0,0.0,0.0,0.0,0.0,0.0,0.0,0.0,0.0000,0,0,0,345.5736"
2026-05-24T16:00:22.417,14,IMU,19,Motor,1401901,"0.0,0.0,0.0,0.0,0.0,0.0,0.0,0.0,0.0,0.0,0.0,0.0,0.0000,0,0,0,345.5736"
2026-05-24T16:00:22.467,14,IMU,19,Motor,1401901,"0.0,0.0,0.0,0.0,0.0,0.0,0.0,0.0,0.0,0.0,0.0,0.0,0.0000,0,0,0,345.5736"
2026-05-24T16:00:22.518,14,IMU,19,Motor,1401901,"0.0,0.0,0.0,0.0,0.0,0.0,0.0,0.0,0.0,0.0,0.0,0.0,0.0000,0,0,0,345.5736"
2026-05-24T16:00:22.568,14,IMU,19,Motor,1401901,"0.0,0.0,0.0,0.0,0.0,0.0,0.0,0.0,0.0,0.0,0.0,0.0,0.0000,0,0,0,345.5736"
2026-05-24T16:00:22.568,14,IMU,12,Comm,1401201,"0.0,0.0,0.0,0.0,0.0,0.0,0.0,0.0,0.0,0.0,0.0,0.0"
2026-05-24T16:00:22.618,14,IMU,19,Motor,1401901,"0.0,0.0,0.0,0.0,0.0,0.0,0.0,0.0,0.0,0.0,0.0,0.0,0.0000,0,0,0,345.5736"
2026-05-24T16:00:22.669,14,IMU,19,Motor,1401901,"0.0,0.0,0.0,0.0,0.0,0.0,0.0,0.0,0.0,0.0,0.0,0.0,0.0000,0,0,0,345.5736"
2026-05-24T16:00:22.719,14,IMU,19,Motor,1401901,"0.0,0.0,0.0,0.0,0.0,0.0,0.0,0.0,0.0,0.0,0.0,0.0,0.0000,0,0,0,345.5736"
2026-05-24T16:00:22.769,14,IMU,19,Motor,1401901,"0.0,0.0,0.0,0.0,0.0,0.0,0.0,0.0,0.0,0.0,0.0,0.0,0.0000,0,0,0,345.5736"
2026-05-24T16:00:22.820,14,IMU,19,Motor,1401901,"0.0,0.0,0.0,0.0,0.0,0.0,0.0,0.0,0.0,0.0,0.0,0.0,0.0000,0,0,0,345.5736"
2026-05-24T16:00:22.870,14,IMU,19,Motor,1401901,"0.0,0.0,0.0,0.0,0.0,0.0,0.0,0.0,0.0,0.0,0.0,0.0,0.0000,0,0,0,345.5736"
2026-05-24T16:00:22.920,14,IMU,19,Motor,1401901,"0.0,0.0,0.0,0.0,0.0,0.0,0.0,0.0,0.0,0.0,0.0,0.0,0.0000,0,0,0,345.5736"
2026-05-24T16:00:22.970,14,IMU,19,Motor,1401901,"0.0,0.0,0.0,0.0,0.0,0.0,0.0,0.0,0.0,0.0,0.0,0.0,0.0000,0,0,0,345.5736"
2026-05-24T16:00:23.021,14,IMU,19,Motor,1401901,"0.0,0.0,0.0,0.0,0.0,0.0,0.0,0.0,0.0,0.0,0.0,0.0,0.0000,0,0,0,345.5736"
2026-05-24T16:00:23.071,14,IMU,19,Motor,1401901,"0.0,0.0,0.0,0.0,0.0,0.0,0.0,0.0,0.0,0.0,0.0,0.0,0.0000,0,0,0,345.5736"
2026-05-24T16:00:23.121,14,IMU,19,Motor,1401901,"0.0,0.0,0.0,0.0,0.0,0.0,0.0,0.0,0.0,0.0,0.0,0.0,0.0000,0,0,0,345.5736"
2026-05-24T16:00:23.172,14,IMU,19,Motor,1401901,"0.0,0.0,0.0,0.0,0.0,0.0,0.0,0.0,0.0,0.0,0.0,0.0,0.0000,0,0,0,345.5736"
2026-05-24T16:00:23.222,14,IMU,19,Motor,1401901,"0.0,0.0,0.0,0.0,0.0,0.0,0.0,0.0,0.0,0.0,0.0,0.0,0.0000,0,0,0,345.5736"
2026-05-24T16:00:23.272,14,IMU,19,Motor,1401901,"0.0,0.0,0.0,0.0,0.0,0.0,0.0,0.0,0.0,0.0,0.0,0.0,0.0000,0,0,0,345.5736"
2026-05-24T16:00:23.323,14,IMU,19,Motor,1401901,"0.0,0.0,0.0,0.0,0.0,0.0,0.0,0.0,0.0,0.0,0.0,0.0,0.0000,0,0,0,345.5736"
2026-05-24T16:00:23.373,14,IMU,19,Motor,1401901,"0.0,0.0,0.0,0.0,0.0,0.0,0.0,0.0,0.0,0.0,0.0,0.0,0.0000,0,0,0,345.5736"
2026-05-24T16:00:23.423,14,IMU,19,Motor,1401901,"0.0,0.0,0.0,0.0,0.0,0.0,0.0,0.0,0.0,0.0,0.0,0.0,0.0000,0,0,0,345.5736"
2026-05-24T16:00:23.473,14,IMU,19,Motor,1401901,"0.0,0.0,0.0,0.0,0.0,0.0,0.0,0.0,0.0,0.0,0.0,0.0,0.0000,0,0,0,345.5736"
2026-05-24T16:00:23.524,14,IMU,19,Motor,1401901,"0.0,0.0,0.0,0.0,0.0,0.0,0.0,0.0,0.0,0.0,0.0,0.0,0.0000,0,0,0,345.5736"
2026-05-24T16:00:23.574,14,IMU,19,Motor,1401901,"0.0,0.0,0.0,0.0,0.0,0.0,0.0,0.0,0.0,0.0,0.0,0.0,0.0000,0,0,0,345.5736"
2026-05-24T16:00:23.575,14,IMU,12,Comm,1401201,"0.0,0.0,0.0,0.0,0.0,0.0,0.0,0.0,0.0,0.0,0.0,0.0"
2026-05-24T16:00:23.624,14,IMU,19,Motor,1401901,"0.0,0.0,0.0,0.0,0.0,0.0,0.0,0.0,0.0,0.0,0.0,0.0,0.0000,0,0,0,345.5736"
2026-05-24T16:00:23.675,14,IMU,19,Motor,1401901,"0.0,0.0,0.0,0.0,0.0,0.0,0.0,0.0,0.0,0.0,0.0,0.0,0.0000,0,0,0,345.5736"
2026-05-24T16:00:23.725,14,IMU,19,Motor,1401901,"0.0,0.0,0.0,0.0,0.0,0.0,0.0,0.0,0.0,0.0,0.0,0.0,0.0000,0,0,0,345.5736"
2026-05-24T16:00:23.775,14,IMU,19,Motor,1401901,"0.0,0.0,0.0,0.0,0.0,0.0,0.0,0.0,0.0,0.0,0.0,0.0,0.0000,0,0,0,345.5736"
2026-05-24T16:00:23.826,14,IMU,19,Motor,1401901,"0.0,0.0,0.0,0.0,0.0,0.0,0.0,0.0,0.0,0.0,0.0,0.0,0.0000,0,0,0,345.5736"
2026-05-24T16:00:23.876,14,IMU,19,Motor,1401901,"0.0,0.0,0.0,0.0,0.0,0.0,0.0,0.0,0.0,0.0,0.0,0.0,0.0000,0,0,0,345.5736"
2026-05-24T16:00:23.926,14,IMU,19,Motor,1401901,"0.0,0.0,0.0,0.0,0.0,0.0,0.0,0.0,0.0,0.0,0.0,0.0,0.0000,0,0,0,345.5736"
2026-05-24T16:00:23.977,14,IMU,19,Motor,1401901,"0.0,0.0,0.0,0.0,0.0,0.0,0.0,0.0,0.0,0.0,0.0,0.0,0.0000,0,0,0,345.5736"
2026-05-24T16:00:24.027,14,IMU,19,Motor,1401901,"0.0,0.0,0.0,0.0,0.0,0.0,0.0,0.0,0.0,0.0,0.0,0.0,0.0000,0,0,0,345.5736"
2026-05-24T16:00:24.077,14,IMU,19,Motor,1401901,"0.0,0.0,0.0,0.0,0.0,0.0,0.0,0.0,0.0,0.0,0.0,0.0,0.0000,0,0,0,345.5736"
2026-05-24T16:00:24.128,14,IMU,19,Motor,1401901,"0.0,0.0,0.0,0.0,0.0,0.0,0.0,0.0,0.0,0.0,0.0,0.0,0.0000,0,0,0,345.5736"
2026-05-24T16:00:24.178,14,IMU,19,Motor,1401901,"0.0,0.0,0.0,0.0,0.0,0.0,0.0,0.0,0.0,0.0,0.0,0.0,0.0000,0,0,0,345.5736"
2026-05-24T16:00:24.228,14,IMU,19,Motor,1401901,"0.0,0.0,0.0,0.0,0.0,0.0,0.0,0.0,0.0,0.0,0.0,0.0,0.0000,0,0,0,345.5736"
2026-05-24T16:00:24.279,14,IMU,19,Motor,1401901,"0.0,0.0,0.0,0.0,0.0,0.0,0.0,0.0,0.0,0.0,0.0,0.0,0.0000,0,0,0,345.5736"
2026-05-24T16:00:24.329,14,IMU,19,Motor,1401901,"0.0,0.0,0.0,0.0,0.0,0.0,0.0,0.0,0.0,0.0,0.0,0.0,0.0000,0,0,0,345.5736"
2026-05-24T16:00:24.379,14,IMU,19,Motor,1401901,"0.0,0.0,0.0,0.0,0.0,0.0,0.0,0.0,0.0,0.0,0.0,0.0,0.0000,0,0,0,345.5736"
2026-05-24T16:00:24.429,14,IMU,19,Motor,1401901,"0.0,0.0,0.0,0.0,0.0,0.0,0.0,0.0,0.0,0.0,0.0,0.0,0.0000,0,0,0,345.5736"
2026-05-24T16:00:24.480,14,IMU,19,Motor,1401901,"0.0,0.0,0.0,0.0,0.0,0.0,0.0,0.0,0.0,0.0,0.0,0.0,0.0000,0,0,0,345.5736"
2026-05-24T16:00:24.530,14,IMU,19,Motor,1401901,"0.0,0.0,0.0,0.0,0.0,0.0,0.0,0.0,0.0,0.0,0.0,0.0,0.0000,0,0,0,345.5736"
2026-05-24T16:00:24.580,14,IMU,19,Motor,1401901,"0.0,0.0,0.0,0.0,0.0,0.0,0.0,0.0,0.0,0.0,0.0,0.0,0.0000,0,0,0,345.5736"
2026-05-24T16:00:24.581,14,IMU,12,Comm,1401201,"0.0,0.0,0.0,0.0,0.0,0.0,0.0,0.0,0.0,0.0,0.0,0.0"
2026-05-24T16:00:24.631,14,IMU,19,Motor,1401901,"0.0,0.0,0.0,0.0,0.0,0.0,0.0,0.0,0.0,0.0,0.0,0.0,0.0000,0,0,0,345.5736"
2026-05-24T16:00:24.681,14,IMU,19,Motor,1401901,"0.0,0.0,0.0,0.0,0.0,0.0,0.0,0.0,0.0,0.0,0.0,0.0,0.0000,0,0,0,345.5736"
2026-05-24T16:00:24.731,14,IMU,19,Motor,1401901,"0.0,0.0,0.0,0.0,0.0,0.0,0.0,0.0,0.0,0.0,0.0,0.0,0.0000,0,0,0,345.5736"
2026-05-24T16:00:24.782,14,IMU,19,Motor,1401901,"0.0,0.0,0.0,0.0,0.0,0.0,0.0,0.0,0.0,0.0,0.0,0.0,0.0000,0,0,0,345.5736"
2026-05-24T16:00:24.832,14,IMU,19,Motor,1401901,"0.0,0.0,0.0,0.0,0.0,0.0,0.0,0.0,0.0,0.0,0.0,0.0,0.0000,0,0,0,345.5736"
2026-05-24T16:00:24.882,14,IMU,19,Motor,1401901,"0.0,0.0,0.0,0.0,0.0,0.0,0.0,0.0,0.0,0.0,0.0,0.0,0.0000,0,0,0,345.5736"
2026-05-24T16:00:24.933,14,IMU,19,Motor,1401901,"0.0,0.0,0.0,0.0,0.0,0.0,0.0,0.0,0.0,0.0,0.0,0.0,0.0000,0,0,0,345.5736"
2026-05-24T16:00:24.983,14,IMU,19,Motor,1401901,"0.0,0.0,0.0,0.0,0.0,0.0,0.0,0.0,0.0,0.0,0.0,0.0,0.0000,0,0,0,345.5736"
2026-05-24T16:00:25.033,14,IMU,19,Motor,1401901,"0.0,0.0,0.0,0.0,0.0,0.0,0.0,0.0,0.0,0.0,0.0,0.0,0.0000,0,0,0,345.5736"
2026-05-24T16:00:25.084,14,IMU,19,Motor,1401901,"0.0,0.0,0.0,0.0,0.0,0.0,0.0,0.0,0.0,0.0,0.0,0.0,0.0000,0,0,0,345.5736"
2026-05-24T16:00:25.134,14,IMU,19,Motor,1401901,"0.0,0.0,0.0,0.0,0.0,0.0,0.0,0.0,0.0,0.0,0.0,0.0,0.0000,0,0,0,345.5736"
2026-05-24T16:00:25.184,14,IMU,19,Motor,1401901,"0.0,0.0,0.0,0.0,0.0,0.0,0.0,0.0,0.0,0.0,0.0,0.0,0.0000,0,0,0,345.5736"
2026-05-24T16:00:25.235,14,IMU,19,Motor,1401901,"0.0,0.0,0.0,0.0,0.0,0.0,0.0,0.0,0.0,0.0,0.0,0.0,0.0000,0,0,0,345.5736"
2026-05-24T16:00:25.285,14,IMU,19,Motor,1401901,"0.0,0.0,0.0,0.0,0.0,0.0,0.0,0.0,0.0,0.0,0.0,0.0,0.0000,0,0,0,345.5736"
2026-05-24T16:00:25.335,14,IMU,19,Motor,1401901,"0.0,0.0,0.0,0.0,0.0,0.0,0.0,0.0,0.0,0.0,0.0,0.0,0.0000,0,0,0,345.5736"
2026-05-24T16:00:25.385,14,IMU,19,Motor,1401901,"0.0,0.0,0.0,0.0,0.0,0.0,0.0,0.0,0.0,0.0,0.0,0.0,0.0000,0,0,0,345.5736"
2026-05-24T16:00:25.436,14,IMU,19,Motor,1401901,"0.0,0.0,0.0,0.0,0.0,0.0,0.0,0.0,0.0,0.0,0.0,0.0,0.0000,0,0,0,345.5736"
2026-05-24T16:00:25.486,14,IMU,19,Motor,1401901,"0.0,0.0,0.0,0.0,0.0,0.0,0.0,0.0,0.0,0.0,0.0,0.0,0.0000,0,0,0,345.5736"
2026-05-24T16:00:25.536,14,IMU,19,Motor,1401901,"0.0,0.0,0.0,0.0,0.0,0.0,0.0,0.0,0.0,0.0,0.0,0.0,0.0000,0,0,0,345.5736"
2026-05-24T16:00:25.587,14,IMU,19,Motor,1401901,"0.0,0.0,0.0,0.0,0.0,0.0,0.0,0.0,0.0,0.0,0.0,0.0,0.0000,0,0,0,345.5736"
2026-05-24T16:00:25.587,14,IMU,12,Comm,1401201,"0.0,0.0,0.0,0.0,0.0,0.0,0.0,0.0,0.0,0.0,0.0,0.0"
2026-05-24T16:00:25.637,14,IMU,19,Motor,1401901,"0.0,0.0,0.0,0.0,0.0,0.0,0.0,0.0,0.0,0.0,0.0,0.0,0.0000,0,0,0,345.5736"
2026-05-24T16:00:25.687,14,IMU,19,Motor,1401901,"0.0,0.0,0.0,0.0,0.0,0.0,0.0,0.0,0.0,0.0,0.0,0.0,0.0000,0,0,0,345.5736"
2026-05-24T16:00:25.738,14,IMU,19,Motor,1401901,"0.0,0.0,0.0,0.0,0.0,0.0,0.0,0.0,0.0,0.0,0.0,0.0,0.0000,0,0,0,345.5736"
2026-05-24T16:00:25.788,14,IMU,19,Motor,1401901,"0.0,0.0,0.0,0.0,0.0,0.0,0.0,0.0,0.0,0.0,0.0,0.0,0.0000,0,0,0,345.5736"
2026-05-24T16:00:25.838,14,IMU,19,Motor,1401901,"0.0,0.0,0.0,0.0,0.0,0.0,0.0,0.0,0.0,0.0,0.0,0.0,0.0000,0,0,0,345.5736"
2026-05-24T16:00:25.889,14,IMU,19,Motor,1401901,"0.0,0.0,0.0,0.0,0.0,0.0,0.0,0.0,0.0,0.0,0.0,0.0,0.0000,0,0,0,345.5736"
2026-05-24T16:00:25.939,14,IMU,19,Motor,1401901,"0.0,0.0,0.0,0.0,0.0,0.0,0.0,0.0,0.0,0.0,0.0,0.0,0.0000,0,0,0,345.5736"
2026-05-24T16:00:25.989,14,IMU,19,Motor,1401901,"0.0,0.0,0.0,0.0,0.0,0.0,0.0,0.0,0.0,0.0,0.0,0.0,0.0000,0,0,0,345.5736"
2026-05-24T16:00:26.040,14,IMU,19,Motor,1401901,"0.0,0.0,0.0,0.0,0.0,0.0,0.0,0.0,0.0,0.0,0.0,0.0,0.0000,0,0,0,345.5736"
2026-05-24T16:00:26.090,14,IMU,19,Motor,1401901,"0.0,0.0,0.0,0.0,0.0,0.0,0.0,0.0,0.0,0.0,0.0,0.0,0.0000,0,0,0,345.5736"
2026-05-24T16:00:26.140,14,IMU,19,Motor,1401901,"0.0,0.0,0.0,0.0,0.0,0.0,0.0,0.0,0.0,0.0,0.0,0.0,0.0000,0,0,0,345.5736"
2026-05-24T16:00:26.191,14,IMU,19,Motor,1401901,"0.0,0.0,0.0,0.0,0.0,0.0,0.0,0.0,0.0,0.0,0.0,0.0,0.0000,0,0,0,345.5736"
2026-05-24T16:00:26.241,14,IMU,19,Motor,1401901,"0.0,0.0,0.0,0.0,0.0,0.0,0.0,0.0,0.0,0.0,0.0,0.0,0.0000,0,0,0,345.5736"
2026-05-24T16:00:26.291,14,IMU,19,Motor,1401901,"0.0,0.0,0.0,0.0,0.0,0.0,0.0,0.0,0.0,0.0,0.0,0.0,0.0000,0,0,0,345.5736"
2026-05-24T16:00:26.341,14,IMU,19,Motor,1401901,"0.0,0.0,0.0,0.0,0.0,0.0,0.0,0.0,0.0,0.0,0.0,0.0,0.0000,0,0,0,345.5736"
2026-05-24T16:00:26.392,14,IMU,19,Motor,1401901,"0.0,0.0,0.0,0.0,0.0,0.0,0.0,0.0,0.0,0.0,0.0,0.0,0.0000,0,0,0,345.5736"
2026-05-24T16:00:26.442,14,IMU,19,Motor,1401901,"0.0,0.0,0.0,0.0,0.0,0.0,0.0,0.0,0.0,0.0,0.0,0.0,0.0000,0,0,0,345.5736"
2026-05-24T16:00:26.492,14,IMU,19,Motor,1401901,"0.0,0.0,0.0,0.0,0.0,0.0,0.0,0.0,0.0,0.0,0.0,0.0,0.0000,0,0,0,345.5736"
2026-05-24T16:00:26.543,14,IMU,19,Motor,1401901,"0.0,0.0,0.0,0.0,0.0,0.0,0.0,0.0,0.0,0.0,0.0,0.0,0.0000,0,0,0,345.5736"
2026-05-24T16:00:26.593,14,IMU,19,Motor,1401901,"0.0,0.0,0.0,0.0,0.0,0.0,0.0,0.0,0.0,0.0,0.0,0.0,0.0000,0,0,0,345.5736"
2026-05-24T16:00:26.594,14,IMU,12,Comm,1401201,"0.0,0.0,0.0,0.0,0.0,0.0,0.0,0.0,0.0,0.0,0.0,0.0"
2026-05-24T16:00:26.644,14,IMU,19,Motor,1401901,"0.0,0.0,0.0,0.0,0.0,0.0,0.0,0.0,0.0,0.0,0.0,0.0,0.0000,0,0,0,345.5736"
2026-05-24T16:00:26.694,14,IMU,19,Motor,1401901,"0.0,0.0,0.0,0.0,0.0,0.0,0.0,0.0,0.0,0.0,0.0,0.0,0.0000,0,0,0,345.5736"
2026-05-24T16:00:26.744,14,IMU,19,Motor,1401901,"0.0,0.0,0.0,0.0,0.0,0.0,0.0,0.0,0.0,0.0,0.0,0.0,0.0000,0,0,0,345.5736"
2026-05-24T16:00:26.795,14,IMU,19,Motor,1401901,"0.0,0.0,0.0,0.0,0.0,0.0,0.0,0.0,0.0,0.0,0.0,0.0,0.0000,0,0,0,345.5736"
2026-05-24T16:00:26.845,14,IMU,19,Motor,1401901,"0.0,0.0,0.0,0.0,0.0,0.0,0.0,0.0,0.0,0.0,0.0,0.0,0.0000,0,0,0,345.5736"
2026-05-24T16:00:26.895,14,IMU,19,Motor,1401901,"0.0,0.0,0.0,0.0,0.0,0.0,0.0,0.0,0.0,0.0,0.0,0.0,0.0000,0,0,0,345.5736"
2026-05-24T16:00:26.945,14,IMU,19,Motor,1401901,"0.0,0.0,0.0,0.0,0.0,0.0,0.0,0.0,0.0,0.0,0.0,0.0,0.0000,0,0,0,345.5736"
2026-05-24T16:00:26.996,14,IMU,19,Motor,1401901,"0.0,0.0,0.0,0.0,0.0,0.0,0.0,0.0,0.0,0.0,0.0,0.0,0.0000,0,0,0,345.5736"
2026-05-24T16:00:27.046,14,IMU,19,Motor,1401901,"0.0,0.0,0.0,0.0,0.0,0.0,0.0,0.0,0.0,0.0,0.0,0.0,0.0000,0,0,0,345.5736"
2026-05-24T16:00:27.096,14,IMU,19,Motor,1401901,"0.0,0.0,0.0,0.0,0.0,0.0,0.0,0.0,0.0,0.0,0.0,0.0,0.0000,0,0,0,345.5736"
2026-05-24T16:00:27.147,14,IMU,19,Motor,1401901,"0.0,0.0,0.0,0.0,0.0,0.0,0.0,0.0,0.0,0.0,0.0,0.0,0.0000,0,0,0,345.5736"
2026-05-24T16:00:27.197,14,IMU,19,Motor,1401901,"0.0,0.0,0.0,0.0,0.0,0.0,0.0,0.0,0.0,0.0,0.0,0.0,0.0000,0,0,0,345.5736"
2026-05-24T16:00:27.247,14,IMU,19,Motor,1401901,"0.0,0.0,0.0,0.0,0.0,0.0,0.0,0.0,0.0,0.0,0.0,0.0,0.0000,0,0,0,345.5736"
2026-05-24T16:00:27.298,14,IMU,19,Motor,1401901,"0.0,0.0,0.0,0.0,0.0,0.0,0.0,0.0,0.0,0.0,0.0,0.0,0.0000,0,0,0,345.5736"
2026-05-24T16:00:27.348,14,IMU,19,Motor,1401901,"0.0,0.0,0.0,0.0,0.0,0.0,0.0,0.0,0.0,0.0,0.0,0.0,0.0000,0,0,0,345.5736"
2026-05-24T16:00:27.398,14,IMU,19,Motor,1401901,"0.0,0.0,0.0,0.0,0.0,0.0,0.0,0.0,0.0,0.0,0.0,0.0,0.0000,0,0,0,345.5736"
2026-05-24T16:00:27.449,14,IMU,19,Motor,1401901,"0.0,0.0,0.0,0.0,0.0,0.0,0.0,0.0,0.0,0.0,0.0,0.0,0.0000,0,0,0,345.5736"
2026-05-24T16:00:27.499,14,IMU,19,Motor,1401901,"0.0,0.0,0.0,0.0,0.0,0.0,0.0,0.0,0.0,0.0,0.0,0.0,0.0000,0,0,0,345.5736"
2026-05-24T16:00:27.549,14,IMU,19,Motor,1401901,"0.0,0.0,0.0,0.0,0.0,0.0,0.0,0.0,0.0,0.0,0.0,0.0,0.0000,0,0,0,345.5736"
2026-05-24T16:00:27.600,14,IMU,19,Motor,1401901,"0.0,0.0,0.0,0.0,0.0,0.0,0.0,0.0,0.0,0.0,0.0,0.0,0.0000,0,0,0,345.5736"
2026-05-24T16:00:27.600,14,IMU,12,Comm,1401201,"0.0,0.0,0.0,0.0,0.0,0.0,0.0,0.0,0.0,0.0,0.0,0.0"
2026-05-24T16:00:27.650,14,IMU,19,Motor,1401901,"0.0,0.0,0.0,0.0,0.0,0.0,0.0,0.0,0.0,0.0,0.0,0.0,0.0000,0,0,0,345.5736"
2026-05-24T16:00:27.700,14,IMU,19,Motor,1401901,"0.0,0.0,0.0,0.0,0.0,0.0,0.0,0.0,0.0,0.0,0.0,0.0,0.0000,0,0,0,345.5736"
2026-05-24T16:00:27.751,14,IMU,19,Motor,1401901,"0.0,0.0,0.0,0.0,0.0,0.0,0.0,0.0,0.0,0.0,0.0,0.0,0.0000,0,0,0,345.5736"
2026-05-24T16:00:27.801,14,IMU,19,Motor,1401901,"0.0,0.0,0.0,0.0,0.0,0.0,0.0,0.0,0.0,0.0,0.0,0.0,0.0000,0,0,0,345.5736"
2026-05-24T16:00:27.851,14,IMU,19,Motor,1401901,"0.0,0.0,0.0,0.0,0.0,0.0,0.0,0.0,0.0,0.0,0.0,0.0,0.0000,0,0,0,345.5736"
2026-05-24T16:00:27.901,14,IMU,19,Motor,1401901,"0.0,0.0,0.0,0.0,0.0,0.0,0.0,0.0,0.0,0.0,0.0,0.0,0.0000,0,0,0,345.5736"
2026-05-24T16:00:27.952,14,IMU,19,Motor,1401901,"0.0,0.0,0.0,0.0,0.0,0.0,0.0,0.0,0.0,0.0,0.0,0.0,0.0000,0,0,0,345.5736"
2026-05-24T16:00:28.002,14,IMU,19,Motor,1401901,"0.0,0.0,0.0,0.0,0.0,0.0,0.0,0.0,0.0,0.0,0.0,0.0,0.0000,0,0,0,345.5736"
2026-05-24T16:00:28.052,14,IMU,19,Motor,1401901,"0.0,0.0,0.0,0.0,0.0,0.0,0.0,0.0,0.0,0.0,0.0,0.0,0.0000,0,0,0,345.5736"
2026-05-24T16:00:28.103,14,IMU,19,Motor,1401901,"0.0,0.0,0.0,0.0,0.0,0.0,0.0,0.0,0.0,0.0,0.0,0.0,0.0000,0,0,0,345.5736"
2026-05-24T16:00:28.153,14,IMU,19,Motor,1401901,"0.0,0.0,0.0,0.0,0.0,0.0,0.0,0.0,0.0,0.0,0.0,0.0,0.0000,0,0,0,345.5736"
2026-05-24T16:00:28.203,14,IMU,19,Motor,1401901,"0.0,0.0,0.0,0.0,0.0,0.0,0.0,0.0,0.0,0.0,0.0,0.0,0.0000,0,0,0,345.5736"
2026-05-24T16:00:28.254,14,IMU,19,Motor,1401901,"0.0,0.0,0.0,0.0,0.0,0.0,0.0,0.0,0.0,0.0,0.0,0.0,0.0000,0,0,0,345.5736"
2026-05-24T16:00:28.304,14,IMU,19,Motor,1401901,"0.0,0.0,0.0,0.0,0.0,0.0,0.0,0.0,0.0,0.0,0.0,0.0,0.0000,0,0,0,345.5736"
2026-05-24T16:00:28.354,14,IMU,19,Motor,1401901,"0.0,0.0,0.0,0.0,0.0,0.0,0.0,0.0,0.0,0.0,0.0,0.0,0.0000,0,0,0,345.5736"
2026-05-24T16:00:28.405,14,IMU,19,Motor,1401901,"0.0,0.0,0.0,0.0,0.0,0.0,0.0,0.0,0.0,0.0,0.0,0.0,0.0000,0,0,0,345.5736"
2026-05-24T16:00:28.455,14,IMU,19,Motor,1401901,"0.0,0.0,0.0,0.0,0.0,0.0,0.0,0.0,0.0,0.0,0.0,0.0,0.0000,0,0,0,345.5736"
2026-05-24T16:00:28.505,14,IMU,19,Motor,1401901,"0.0,0.0,0.0,0.0,0.0,0.0,0.0,0.0,0.0,0.0,0.0,0.0,0.0000,0,0,0,345.5736"
2026-05-24T16:00:28.556,14,IMU,19,Motor,1401901,"0.0,0.0,0.0,0.0,0.0,0.0,0.0,0.0,0.0,0.0,0.0,0.0,0.0000,0,0,0,345.5736"
2026-05-24T16:00:28.606,14,IMU,19,Motor,1401901,"0.0,0.0,0.0,0.0,0.0,0.0,0.0,0.0,0.0,0.0,0.0,0.0,0.0000,0,0,0,345.5736"
2026-05-24T16:00:28.606,14,IMU,12,Comm,1401201,"0.0,0.0,0.0,0.0,0.0,0.0,0.0,0.0,0.0,0.0,0.0,0.0"
2026-05-24T16:00:28.656,14,IMU,19,Motor,1401901,"0.0,0.0,0.0,0.0,0.0,0.0,0.0,0.0,0.0,0.0,0.0,0.0,0.0000,0,0,0,345.5736"
2026-05-24T16:00:28.707,14,IMU,19,Motor,1401901,"0.0,0.0,0.0,0.0,0.0,0.0,0.0,0.0,0.0,0.0,0.0,0.0,0.0000,0,0,0,345.5736"
2026-05-24T16:00:28.757,14,IMU,19,Motor,1401901,"0.0,0.0,0.0,0.0,0.0,0.0,0.0,0.0,0.0,0.0,0.0,0.0,0.0000,0,0,0,345.5736"
2026-05-24T16:00:28.807,14,IMU,19,Motor,1401901,"0.0,0.0,0.0,0.0,0.0,0.0,0.0,0.0,0.0,0.0,0.0,0.0,0.0000,0,0,0,345.5736"
2026-05-24T16:00:28.857,14,IMU,19,Motor,1401901,"0.0,0.0,0.0,0.0,0.0,0.0,0.0,0.0,0.0,0.0,0.0,0.0,0.0000,0,0,0,345.5736"
2026-05-24T16:00:28.908,14,IMU,19,Motor,1401901,"0.0,0.0,0.0,0.0,0.0,0.0,0.0,0.0,0.0,0.0,0.0,0.0,0.0000,0,0,0,345.5736"
2026-05-24T16:00:28.958,14,IMU,19,Motor,1401901,"0.0,0.0,0.0,0.0,0.0,0.0,0.0,0.0,0.0,0.0,0.0,0.0,0.0000,0,0,0,345.5736"
2026-05-24T16:00:29.008,14,IMU,19,Motor,1401901,"0.0,0.0,0.0,0.0,0.0,0.0,0.0,0.0,0.0,0.0,0.0,0.0,0.0000,0,0,0,345.5736"
2026-05-24T16:00:29.059,14,IMU,19,Motor,1401901,"0.0,0.0,0.0,0.0,0.0,0.0,0.0,0.0,0.0,0.0,0.0,0.0,0.0000,0,0,0,345.5736"
2026-05-24T16:00:29.109,14,IMU,19,Motor,1401901,"0.0,0.0,0.0,0.0,0.0,0.0,0.0,0.0,0.0,0.0,0.0,0.0,0.0000,0,0,0,345.5736"
2026-05-24T16:00:29.159,14,IMU,19,Motor,1401901,"0.0,0.0,0.0,0.0,0.0,0.0,0.0,0.0,0.0,0.0,0.0,0.0,0.0000,0,0,0,345.5736"
2026-05-24T16:00:29.210,14,IMU,19,Motor,1401901,"0.0,0.0,0.0,0.0,0.0,0.0,0.0,0.0,0.0,0.0,0.0,0.0,0.0000,0,0,0,345.5736"
2026-05-24T16:00:29.260,14,IMU,19,Motor,1401901,"0.0,0.0,0.0,0.0,0.0,0.0,0.0,0.0,0.0,0.0,0.0,0.0,0.0000,0,0,0,345.5736"
2026-05-24T16:00:29.310,14,IMU,19,Motor,1401901,"0.0,0.0,0.0,0.0,0.0,0.0,0.0,0.0,0.0,0.0,0.0,0.0,0.0000,0,0,0,345.5736"
2026-05-24T16:00:29.360,14,IMU,19,Motor,1401901,"0.0,0.0,0.0,0.0,0.0,0.0,0.0,0.0,0.0,0.0,0.0,0.0,0.0000,0,0,0,345.5736"
2026-05-24T16:00:29.411,14,IMU,19,Motor,1401901,"0.0,0.0,0.0,0.0,0.0,0.0,0.0,0.0,0.0,0.0,0.0,0.0,0.0000,0,0,0,345.5736"
2026-05-24T16:00:29.461,14,IMU,19,Motor,1401901,"0.0,0.0,0.0,0.0,0.0,0.0,0.0,0.0,0.0,0.0,0.0,0.0,0.0000,0,0,0,345.5736"
2026-05-24T16:00:29.511,14,IMU,19,Motor,1401901,"0.0,0.0,0.0,0.0,0.0,0.0,0.0,0.0,0.0,0.0,0.0,0.0,0.0000,0,0,0,345.5736"
2026-05-24T16:00:29.562,14,IMU,19,Motor,1401901,"0.0,0.0,0.0,0.0,0.0,0.0,0.0,0.0,0.0,0.0,0.0,0.0,0.0000,0,0,0,345.5736"
2026-05-24T16:00:29.612,14,IMU,19,Motor,1401901,"0.0,0.0,0.0,0.0,0.0,0.0,0.0,0.0,0.0,0.0,0.0,0.0,0.0000,0,0,0,345.5736"
2026-05-24T16:00:29.613,14,IMU,12,Comm,1401201,"0.0,0.0,0.0,0.0,0.0,0.0,0.0,0.0,0.0,0.0,0.0,0.0"
2026-05-24T16:00:29.662,14,IMU,19,Motor,1401901,"0.0,0.0,0.0,0.0,0.0,0.0,0.0,0.0,0.0,0.0,0.0,0.0,0.0000,0,0,0,345.5736"
2026-05-24T16:00:29.713,14,IMU,19,Motor,1401901,"0.0,0.0,0.0,0.0,0.0,0.0,0.0,0.0,0.0,0.0,0.0,0.0,0.0000,0,0,0,345.5736"
2026-05-24T16:00:29.763,14,IMU,19,Motor,1401901,"0.0,0.0,0.0,0.0,0.0,0.0,0.0,0.0,0.0,0.0,0.0,0.0,0.0000,0,0,0,345.5736"
2026-05-24T16:00:29.813,14,IMU,19,Motor,1401901,"0.0,0.0,0.0,0.0,0.0,0.0,0.0,0.0,0.0,0.0,0.0,0.0,0.0000,0,0,0,345.5736"
2026-05-24T16:00:29.864,14,IMU,19,Motor,1401901,"0.0,0.0,0.0,0.0,0.0,0.0,0.0,0.0,0.0,0.0,0.0,0.0,0.0000,0,0,0,345.5736"
2026-05-24T16:00:29.914,14,IMU,19,Motor,1401901,"0.0,0.0,0.0,0.0,0.0,0.0,0.0,0.0,0.0,0.0,0.0,0.0,0.0000,0,0,0,345.5736"
2026-05-24T16:00:29.964,14,IMU,19,Motor,1401901,"0.0,0.0,0.0,0.0,0.0,0.0,0.0,0.0,0.0,0.0,0.0,0.0,0.0000,0,0,0,345.5736"
2026-05-24T16:00:30.015,14,IMU,19,Motor,1401901,"0.0,0.0,0.0,0.0,0.0,0.0,0.0,0.0,0.0,0.0,0.0,0.0,0.0000,0,0,0,345.5736"
2026-05-24T16:00:30.065,14,IMU,19,Motor,1401901,"0.0,0.0,0.0,0.0,0.0,0.0,0.0,0.0,0.0,0.0,0.0,0.0,0.0000,0,0,0,345.5736"
2026-05-24T16:00:30.115,14,IMU,19,Motor,1401901,"0.0,0.0,0.0,0.0,0.0,0.0,0.0,0.0,0.0,0.0,0.0,0.0,0.0000,0,0,0,345.5736"
2026-05-24T16:00:30.166,14,IMU,19,Motor,1401901,"0.0,0.0,0.0,0.0,0.0,0.0,0.0,0.0,0.0,0.0,0.0,0.0,0.0000,0,0,0,345.5736"
2026-05-24T16:00:30.216,14,IMU,19,Motor,1401901,"0.0,0.0,0.0,0.0,0.0,0.0,0.0,0.0,0.0,0.0,0.0,0.0,0.0000,0,0,0,345.5736"
2026-05-24T16:00:30.266,14,IMU,19,Motor,1401901,"0.0,0.0,0.0,0.0,0.0,0.0,0.0,0.0,0.0,0.0,0.0,0.0,0.0000,0,0,0,345.5736"
2026-05-24T16:00:30.316,14,IMU,19,Motor,1401901,"0.0,0.0,0.0,0.0,0.0,0.0,0.0,0.0,0.0,0.0,0.0,0.0,0.0000,0,0,0,345.5736"
2026-05-24T16:00:30.367,14,IMU,19,Motor,1401901,"0.0,0.0,0.0,0.0,0.0,0.0,0.0,0.0,0.0,0.0,0.0,0.0,0.0000,0,0,0,345.5736"
2026-05-24T16:00:30.417,14,IMU,19,Motor,1401901,"0.0,0.0,0.0,0.0,0.0,0.0,0.0,0.0,0.0,0.0,0.0,0.0,0.0000,0,0,0,345.5736"
2026-05-24T16:00:30.467,14,IMU,19,Motor,1401901,"0.0,0.0,0.0,0.0,0.0,0.0,0.0,0.0,0.0,0.0,0.0,0.0,0.0000,0,0,0,345.5736"
2026-05-24T16:00:30.518,14,IMU,19,Motor,1401901,"0.0,0.0,0.0,0.0,0.0,0.0,0.0,0.0,0.0,0.0,0.0,0.0,0.0000,0,0,0,345.5736"
2026-05-24T16:00:30.568,14,IMU,19,Motor,1401901,"0.0,0.0,0.0,0.0,0.0,0.0,0.0,0.0,0.0,0.0,0.0,0.0,0.0000,0,0,0,345.5736"
2026-05-24T16:00:30.618,14,IMU,19,Motor,1401901,"0.0,0.0,0.0,0.0,0.0,0.0,0.0,0.0,0.0,0.0,0.0,0.0,0.0000,0,0,0,345.5736"
2026-05-24T16:00:30.619,14,IMU,12,Comm,1401201,"0.0,0.0,0.0,0.0,0.0,0.0,0.0,0.0,0.0,0.0,0.0,0.0"
2026-05-24T16:00:30.669,14,IMU,19,Motor,1401901,"0.0,0.0,0.0,0.0,0.0,0.0,0.0,0.0,0.0,0.0,0.0,0.0,0.0000,0,0,0,345.5736"
2026-05-24T16:00:30.719,14,IMU,19,Motor,1401901,"0.0,0.0,0.0,0.0,0.0,0.0,0.0,0.0,0.0,0.0,0.0,0.0,0.0000,0,0,0,345.5736"
2026-05-24T16:00:30.769,14,IMU,19,Motor,1401901,"0.0,0.0,0.0,0.0,0.0,0.0,0.0,0.0,0.0,0.0,0.0,0.0,0.0000,0,0,0,345.5736"
2026-05-24T16:00:30.820,14,IMU,19,Motor,1401901,"0.0,0.0,0.0,0.0,0.0,0.0,0.0,0.0,0.0,0.0,0.0,0.0,0.0000,0,0,0,345.5736"
2026-05-24T16:00:30.870,14,IMU,19,Motor,1401901,"0.0,0.0,0.0,0.0,0.0,0.0,0.0,0.0,0.0,0.0,0.0,0.0,0.0000,0,0,0,345.5736"
2026-05-24T16:00:30.920,14,IMU,19,Motor,1401901,"0.0,0.0,0.0,0.0,0.0,0.0,0.0,0.0,0.0,0.0,0.0,0.0,0.0000,0,0,0,345.5736"
2026-05-24T16:00:30.971,14,IMU,19,Motor,1401901,"0.0,0.0,0.0,0.0,0.0,0.0,0.0,0.0,0.0,0.0,0.0,0.0,0.0000,0,0,0,345.5736"
2026-05-24T16:00:31.021,14,IMU,19,Motor,1401901,"0.0,0.0,0.0,0.0,0.0,0.0,0.0,0.0,0.0,0.0,0.0,0.0,0.0000,0,0,0,345.5736"
2026-05-24T16:00:31.071,14,IMU,19,Motor,1401901,"0.0,0.0,0.0,0.0,0.0,0.0,0.0,0.0,0.0,0.0,0.0,0.0,0.0000,0,0,0,345.5736"
2026-05-24T16:00:31.122,14,IMU,19,Motor,1401901,"0.0,0.0,0.0,0.0,0.0,0.0,0.0,0.0,0.0,0.0,0.0,0.0,0.0000,0,0,0,345.5736"
2026-05-24T16:00:31.172,14,IMU,19,Motor,1401901,"0.0,0.0,0.0,0.0,0.0,0.0,0.0,0.0,0.0,0.0,0.0,0.0,0.0000,0,0,0,345.5736"
2026-05-24T16:00:31.222,14,IMU,19,Motor,1401901,"0.0,0.0,0.0,0.0,0.0,0.0,0.0,0.0,0.0,0.0,0.0,0.0,0.0000,0,0,0,345.5736"
2026-05-24T16:00:31.273,14,IMU,19,Motor,1401901,"0.0,0.0,0.0,0.0,0.0,0.0,0.0,0.0,0.0,0.0,0.0,0.0,0.0000,0,0,0,345.5736"
2026-05-24T16:00:31.323,14,IMU,19,Motor,1401901,"0.0,0.0,0.0,0.0,0.0,0.0,0.0,0.0,0.0,0.0,0.0,0.0,0.0000,0,0,0,345.5736"
2026-05-24T16:00:31.373,14,IMU,19,Motor,1401901,"0.0,0.0,0.0,0.0,0.0,0.0,0.0,0.0,0.0,0.0,0.0,0.0,0.0000,0,0,0,345.5736"
2026-05-24T16:00:31.424,14,IMU,19,Motor,1401901,"0.0,0.0,0.0,0.0,0.0,0.0,0.0,0.0,0.0,0.0,0.0,0.0,0.0000,0,0,0,345.5736"
2026-05-24T16:00:31.474,14,IMU,19,Motor,1401901,"0.0,0.0,0.0,0.0,0.0,0.0,0.0,0.0,0.0,0.0,0.0,0.0,0.0000,0,0,0,345.5736"
2026-05-24T16:00:31.524,14,IMU,19,Motor,1401901,"0.0,0.0,0.0,0.0,0.0,0.0,0.0,0.0,0.0,0.0,0.0,0.0,0.0000,0,0,0,345.5736"
2026-05-24T16:00:31.574,14,IMU,19,Motor,1401901,"0.0,0.0,0.0,0.0,0.0,0.0,0.0,0.0,0.0,0.0,0.0,0.0,0.0000,0,0,0,345.5736"
2026-05-24T16:00:31.625,14,IMU,19,Motor,1401901,"0.0,0.0,0.0,0.0,0.0,0.0,0.0,0.0,0.0,0.0,0.0,0.0,0.0000,0,0,0,345.5736"
2026-05-24T16:00:31.626,14,IMU,12,Comm,1401201,"0.0,0.0,0.0,0.0,0.0,0.0,0.0,0.0,0.0,0.0,0.0,0.0"
2026-05-24T16:00:31.675,14,IMU,19,Motor,1401901,"0.0,0.0,0.0,0.0,0.0,0.0,0.0,0.0,0.0,0.0,0.0,0.0,0.0000,0,0,0,345.5736"
2026-05-24T16:00:31.726,14,IMU,19,Motor,1401901,"0.0,0.0,0.0,0.0,0.0,0.0,0.0,0.0,0.0,0.0,0.0,0.0,0.0000,0,0,0,345.5736"
2026-05-24T16:00:31.776,14,IMU,19,Motor,1401901,"0.0,0.0,0.0,0.0,0.0,0.0,0.0,0.0,0.0,0.0,0.0,0.0,0.0000,0,0,0,345.5736"
2026-05-24T16:00:31.826,14,IMU,19,Motor,1401901,"0.0,0.0,0.0,0.0,0.0,0.0,0.0,0.0,0.0,0.0,0.0,0.0,0.0000,0,0,0,345.5736"
2026-05-24T16:00:31.876,14,IMU,19,Motor,1401901,"0.0,0.0,0.0,0.0,0.0,0.0,0.0,0.0,0.0,0.0,0.0,0.0,0.0000,0,0,0,345.5736"
2026-05-24T16:00:31.927,14,IMU,19,Motor,1401901,"0.0,0.0,0.0,0.0,0.0,0.0,0.0,0.0,0.0,0.0,0.0,0.0,0.0000,0,0,0,345.5736"
2026-05-24T16:00:31.977,14,IMU,19,Motor,1401901,"0.0,0.0,0.0,0.0,0.0,0.0,0.0,0.0,0.0,0.0,0.0,0.0,0.0000,0,0,0,345.5736"
2026-05-24T16:00:32.027,14,IMU,19,Motor,1401901,"0.0,0.0,0.0,0.0,0.0,0.0,0.0,0.0,0.0,0.0,0.0,0.0,0.0000,0,0,0,345.5736"
2026-05-24T16:00:32.078,14,IMU,19,Motor,1401901,"0.0,0.0,0.0,0.0,0.0,0.0,0.0,0.0,0.0,0.0,0.0,0.0,0.0000,0,0,0,345.5736"
2026-05-24T16:00:32.128,14,IMU,19,Motor,1401901,"0.0,0.0,0.0,0.0,0.0,0.0,0.0,0.0,0.0,0.0,0.0,0.0,0.0000,0,0,0,345.5736"
2026-05-24T16:00:32.178,14,IMU,19,Motor,1401901,"0.0,0.0,0.0,0.0,0.0,0.0,0.0,0.0,0.0,0.0,0.0,0.0,0.0000,0,0,0,345.5736"
2026-05-24T16:00:32.229,14,IMU,19,Motor,1401901,"0.0,0.0,0.0,0.0,0.0,0.0,0.0,0.0,0.0,0.0,0.0,0.0,0.0000,0,0,0,345.5736"
2026-05-24T16:00:32.279,14,IMU,19,Motor,1401901,"0.0,0.0,0.0,0.0,0.0,0.0,0.0,0.0,0.0,0.0,0.0,0.0,0.0000,0,0,0,345.5736"
2026-05-24T16:00:32.329,14,IMU,19,Motor,1401901,"0.0,0.0,0.0,0.0,0.0,0.0,0.0,0.0,0.0,0.0,0.0,0.0,0.0000,0,0,0,345.5736"
2026-05-24T16:00:32.379,14,IMU,19,Motor,1401901,"0.0,0.0,0.0,0.0,0.0,0.0,0.0,0.0,0.0,0.0,0.0,0.0,0.0000,0,0,0,345.5736"
2026-05-24T16:00:32.430,14,IMU,19,Motor,1401901,"0.0,0.0,0.0,0.0,0.0,0.0,0.0,0.0,0.0,0.0,0.0,0.0,0.0000,0,0,0,345.5736"
2026-05-24T16:00:32.480,14,IMU,19,Motor,1401901,"0.0,0.0,0.0,0.0,0.0,0.0,0.0,0.0,0.0,0.0,0.0,0.0,0.0000,0,0,0,345.5736"
2026-05-24T16:00:32.530,14,IMU,19,Motor,1401901,"0.0,0.0,0.0,0.0,0.0,0.0,0.0,0.0,0.0,0.0,0.0,0.0,0.0000,0,0,0,345.5736"
2026-05-24T16:00:32.581,14,IMU,19,Motor,1401901,"0.0,0.0,0.0,0.0,0.0,0.0,0.0,0.0,0.0,0.0,0.0,0.0,0.0000,0,0,0,345.5736"
2026-05-24T16:00:32.631,14,IMU,19,Motor,1401901,"0.0,0.0,0.0,0.0,0.0,0.0,0.0,0.0,0.0,0.0,0.0,0.0,0.0000,0,0,0,345.5736"
2026-05-24T16:00:32.632,14,IMU,12,Comm,1401201,"0.0,0.0,0.0,0.0,0.0,0.0,0.0,0.0,0.0,0.0,0.0,0.0"
2026-05-24T16:00:32.681,14,IMU,19,Motor,1401901,"0.0,0.0,0.0,0.0,0.0,0.0,0.0,0.0,0.0,0.0,0.0,0.0,0.0000,0,0,0,345.5736"
2026-05-24T16:00:32.732,14,IMU,19,Motor,1401901,"0.0,0.0,0.0,0.0,0.0,0.0,0.0,0.0,0.0,0.0,0.0,0.0,0.0000,0,0,0,345.5736"
2026-05-24T16:00:32.782,14,IMU,19,Motor,1401901,"0.0,0.0,0.0,0.0,0.0,0.0,0.0,0.0,0.0,0.0,0.0,0.0,0.0000,0,0,0,345.5736"
2026-05-24T16:00:32.832,14,IMU,19,Motor,1401901,"0.0,0.0,0.0,0.0,0.0,0.0,0.0,0.0,0.0,0.0,0.0,0.0,0.0000,0,0,0,345.5736"
2026-05-24T16:00:32.883,14,IMU,19,Motor,1401901,"0.0,0.0,0.0,0.0,0.0,0.0,0.0,0.0,0.0,0.0,0.0,0.0,0.0000,0,0,0,345.5736"
2026-05-24T16:00:32.933,14,IMU,19,Motor,1401901,"0.0,0.0,0.0,0.0,0.0,0.0,0.0,0.0,0.0,0.0,0.0,0.0,0.0000,0,0,0,345.5736"
2026-05-24T16:00:32.983,14,IMU,19,Motor,1401901,"0.0,0.0,0.0,0.0,0.0,0.0,0.0,0.0,0.0,0.0,0.0,0.0,0.0000,0,0,0,345.5736"
2026-05-24T16:00:33.034,14,IMU,19,Motor,1401901,"0.0,0.0,0.0,0.0,0.0,0.0,0.0,0.0,0.0,0.0,0.0,0.0,0.0000,0,0,0,345.5736"
2026-05-24T16:00:33.084,14,IMU,19,Motor,1401901,"0.0,0.0,0.0,0.0,0.0,0.0,0.0,0.0,0.0,0.0,0.0,0.0,0.0000,0,0,0,345.5736"
2026-05-24T16:00:33.134,14,IMU,19,Motor,1401901,"0.0,0.0,0.0,0.0,0.0,0.0,0.0,0.0,0.0,0.0,0.0,0.0,0.0000,0,0,0,345.5736"
2026-05-24T16:00:33.184,14,IMU,19,Motor,1401901,"0.0,0.0,0.0,0.0,0.0,0.0,0.0,0.0,0.0,0.0,0.0,0.0,0.0000,0,0,0,345.5736"
2026-05-24T16:00:33.235,14,IMU,19,Motor,1401901,"0.0,0.0,0.0,0.0,0.0,0.0,0.0,0.0,0.0,0.0,0.0,0.0,0.0000,0,0,0,345.5736"
2026-05-24T16:00:33.285,14,IMU,19,Motor,1401901,"0.0,0.0,0.0,0.0,0.0,0.0,0.0,0.0,0.0,0.0,0.0,0.0,0.0000,0,0,0,345.5736"
2026-05-24T16:00:33.335,14,IMU,19,Motor,1401901,"0.0,0.0,0.0,0.0,0.0,0.0,0.0,0.0,0.0,0.0,0.0,0.0,0.0000,0,0,0,345.5736"
2026-05-24T16:00:33.386,14,IMU,19,Motor,1401901,"0.0,0.0,0.0,0.0,0.0,0.0,0.0,0.0,0.0,0.0,0.0,0.0,0.0000,0,0,0,345.5736"
2026-05-24T16:00:33.436,14,IMU,19,Motor,1401901,"0.0,0.0,0.0,0.0,0.0,0.0,0.0,0.0,0.0,0.0,0.0,0.0,0.0000,0,0,0,345.5736"
2026-05-24T16:00:33.486,14,IMU,19,Motor,1401901,"0.0,0.0,0.0,0.0,0.0,0.0,0.0,0.0,0.0,0.0,0.0,0.0,0.0000,0,0,0,345.5736"
2026-05-24T16:00:33.537,14,IMU,19,Motor,1401901,"0.0,0.0,0.0,0.0,0.0,0.0,0.0,0.0,0.0,0.0,0.0,0.0,0.0000,0,0,0,345.5736"
2026-05-24T16:00:33.587,14,IMU,19,Motor,1401901,"0.0,0.0,0.0,0.0,0.0,0.0,0.0,0.0,0.0,0.0,0.0,0.0,0.0000,0,0,0,345.5736"
2026-05-24T16:00:33.637,14,IMU,19,Motor,1401901,"0.0,0.0,0.0,0.0,0.0,0.0,0.0,0.0,0.0,0.0,0.0,0.0,0.0000,0,0,0,345.5736"
2026-05-24T16:00:33.638,14,IMU,12,Comm,1401201,"0.0,0.0,0.0,0.0,0.0,0.0,0.0,0.0,0.0,0.0,0.0,0.0"
2026-05-24T16:00:33.687,14,IMU,19,Motor,1401901,"0.0,0.0,0.0,0.0,0.0,0.0,0.0,0.0,0.0,0.0,0.0,0.0,0.0000,0,0,0,345.5736"
2026-05-24T16:00:33.738,14,IMU,19,Motor,1401901,"0.0,0.0,0.0,0.0,0.0,0.0,0.0,0.0,0.0,0.0,0.0,0.0,0.0000,0,0,0,345.5736"
2026-05-24T16:00:33.788,14,IMU,19,Motor,1401901,"0.0,0.0,0.0,0.0,0.0,0.0,0.0,0.0,0.0,0.0,0.0,0.0,0.0000,0,0,0,345.5736"
2026-05-24T16:00:33.838,14,IMU,19,Motor,1401901,"0.0,0.0,0.0,0.0,0.0,0.0,0.0,0.0,0.0,0.0,0.0,0.0,0.0000,0,0,0,345.5736"
2026-05-24T16:00:33.889,14,IMU,19,Motor,1401901,"0.0,0.0,0.0,0.0,0.0,0.0,0.0,0.0,0.0,0.0,0.0,0.0,0.0000,0,0,0,345.5736"
2026-05-24T16:00:33.939,14,IMU,19,Motor,1401901,"0.0,0.0,0.0,0.0,0.0,0.0,0.0,0.0,0.0,0.0,0.0,0.0,0.0000,0,0,0,345.5736"
2026-05-24T16:00:33.989,14,IMU,19,Motor,1401901,"0.0,0.0,0.0,0.0,0.0,0.0,0.0,0.0,0.0,0.0,0.0,0.0,0.0000,0,0,0,345.5736"
2026-05-24T16:00:34.040,14,IMU,19,Motor,1401901,"0.0,0.0,0.0,0.0,0.0,0.0,0.0,0.0,0.0,0.0,0.0,0.0,0.0000,0,0,0,345.5736"
2026-05-24T16:00:34.090,14,IMU,19,Motor,1401901,"0.0,0.0,0.0,0.0,0.0,0.0,0.0,0.0,0.0,0.0,0.0,0.0,0.0000,0,0,0,345.5736"
2026-05-24T16:00:34.140,14,IMU,19,Motor,1401901,"0.0,0.0,0.0,0.0,0.0,0.0,0.0,0.0,0.0,0.0,0.0,0.0,0.0000,0,0,0,345.5736"
2026-05-24T16:00:34.191,14,IMU,19,Motor,1401901,"0.0,0.0,0.0,0.0,0.0,0.0,0.0,0.0,0.0,0.0,0.0,0.0,0.0000,0,0,0,345.5736"
2026-05-24T16:00:34.241,14,IMU,19,Motor,1401901,"0.0,0.0,0.0,0.0,0.0,0.0,0.0,0.0,0.0,0.0,0.0,0.0,0.0000,0,0,0,345.5736"
2026-05-24T16:00:34.291,14,IMU,19,Motor,1401901,"0.0,0.0,0.0,0.0,0.0,0.0,0.0,0.0,0.0,0.0,0.0,0.0,0.0000,0,0,0,345.5736"
2026-05-24T16:00:34.341,14,IMU,19,Motor,1401901,"0.0,0.0,0.0,0.0,0.0,0.0,0.0,0.0,0.0,0.0,0.0,0.0,0.0000,0,0,0,345.5736"
2026-05-24T16:00:34.392,14,IMU,19,Motor,1401901,"0.0,0.0,0.0,0.0,0.0,0.0,0.0,0.0,0.0,0.0,0.0,0.0,0.0000,0,0,0,345.5736"
2026-05-24T16:00:34.442,14,IMU,19,Motor,1401901,"0.0,0.0,0.0,0.0,0.0,0.0,0.0,0.0,0.0,0.0,0.0,0.0,0.0000,0,0,0,345.5736"
2026-05-24T16:00:34.492,14,IMU,19,Motor,1401901,"0.0,0.0,0.0,0.0,0.0,0.0,0.0,0.0,0.0,0.0,0.0,0.0,0.0000,0,0,0,345.5736"
2026-05-24T16:00:34.543,14,IMU,19,Motor,1401901,"0.0,0.0,0.0,0.0,0.0,0.0,0.0,0.0,0.0,0.0,0.0,0.0,0.0000,0,0,0,345.5736"
2026-05-24T16:00:34.593,14,IMU,19,Motor,1401901,"0.0,0.0,0.0,0.0,0.0,0.0,0.0,0.0,0.0,0.0,0.0,0.0,0.0000,0,0,0,345.5736"
2026-05-24T16:00:34.643,14,IMU,19,Motor,1401901,"0.0,0.0,0.0,0.0,0.0,0.0,0.0,0.0,0.0,0.0,0.0,0.0,0.0000,0,0,0,345.5736"
2026-05-24T16:00:34.644,14,IMU,12,Comm,1401201,"0.0,0.0,0.0,0.0,0.0,0.0,0.0,0.0,0.0,0.0,0.0,0.0"
2026-05-24T16:00:34.694,14,IMU,19,Motor,1401901,"0.0,0.0,0.0,0.0,0.0,0.0,0.0,0.0,0.0,0.0,0.0,0.0,0.0000,0,0,0,345.5736"
2026-05-24T16:00:34.744,14,IMU,19,Motor,1401901,"0.0,0.0,0.0,0.0,0.0,0.0,0.0,0.0,0.0,0.0,0.0,0.0,0.0000,0,0,0,345.5736"
2026-05-24T16:00:34.794,14,IMU,19,Motor,1401901,"0.0,0.0,0.0,0.0,0.0,0.0,0.0,0.0,0.0,0.0,0.0,0.0,0.0000,0,0,0,345.5736"
2026-05-24T16:00:34.845,14,IMU,19,Motor,1401901,"0.0,0.0,0.0,0.0,0.0,0.0,0.0,0.0,0.0,0.0,0.0,0.0,0.0000,0,0,0,345.5736"
2026-05-24T16:00:34.895,14,IMU,19,Motor,1401901,"0.0,0.0,0.0,0.0,0.0,0.0,0.0,0.0,0.0,0.0,0.0,0.0,0.0000,0,0,0,345.5736"
2026-05-24T16:00:34.945,14,IMU,19,Motor,1401901,"0.0,0.0,0.0,0.0,0.0,0.0,0.0,0.0,0.0,0.0,0.0,0.0,0.0000,0,0,0,345.5736"
2026-05-24T16:00:34.996,14,IMU,19,Motor,1401901,"0.0,0.0,0.0,0.0,0.0,0.0,0.0,0.0,0.0,0.0,0.0,0.0,0.0000,0,0,0,345.5736"
2026-05-24T16:00:35.046,14,IMU,19,Motor,1401901,"0.0,0.0,0.0,0.0,0.0,0.0,0.0,0.0,0.0,0.0,0.0,0.0,0.0000,0,0,0,345.5736"
2026-05-24T16:00:35.096,14,IMU,19,Motor,1401901,"0.0,0.0,0.0,0.0,0.0,0.0,0.0,0.0,0.0,0.0,0.0,0.0,0.0000,0,0,0,345.5736"
2026-05-24T16:00:35.147,14,IMU,19,Motor,1401901,"0.0,0.0,0.0,0.0,0.0,0.0,0.0,0.0,0.0,0.0,0.0,0.0,0.0000,0,0,0,345.5736"
2026-05-24T16:00:35.197,14,IMU,19,Motor,1401901,"0.0,0.0,0.0,0.0,0.0,0.0,0.0,0.0,0.0,0.0,0.0,0.0,0.0000,0,0,0,345.5736"
2026-05-24T16:00:35.247,14,IMU,19,Motor,1401901,"0.0,0.0,0.0,0.0,0.0,0.0,0.0,0.0,0.0,0.0,0.0,0.0,0.0000,0,0,0,345.5736"
2026-05-24T16:00:35.297,14,IMU,19,Motor,1401901,"0.0,0.0,0.0,0.0,0.0,0.0,0.0,0.0,0.0,0.0,0.0,0.0,0.0000,0,0,0,345.5736"
2026-05-24T16:00:35.348,14,IMU,19,Motor,1401901,"0.0,0.0,0.0,0.0,0.0,0.0,0.0,0.0,0.0,0.0,0.0,0.0,0.0000,0,0,0,345.5736"
2026-05-24T16:00:35.398,14,IMU,19,Motor,1401901,"0.0,0.0,0.0,0.0,0.0,0.0,0.0,0.0,0.0,0.0,0.0,0.0,0.0000,0,0,0,345.5736"
2026-05-24T16:00:35.448,14,IMU,19,Motor,1401901,"0.0,0.0,0.0,0.0,0.0,0.0,0.0,0.0,0.0,0.0,0.0,0.0,0.0000,0,0,0,345.5736"
2026-05-24T16:00:35.499,14,IMU,19,Motor,1401901,"0.0,0.0,0.0,0.0,0.0,0.0,0.0,0.0,0.0,0.0,0.0,0.0,0.0000,0,0,0,345.5736"
2026-05-24T16:00:35.549,14,IMU,19,Motor,1401901,"0.0,0.0,0.0,0.0,0.0,0.0,0.0,0.0,0.0,0.0,0.0,0.0,0.0000,0,0,0,345.5736"
2026-05-24T16:00:35.599,14,IMU,19,Motor,1401901,"0.0,0.0,0.0,0.0,0.0,0.0,0.0,0.0,0.0,0.0,0.0,0.0,0.0000,0,0,0,345.5736"
2026-05-24T16:00:35.650,14,IMU,19,Motor,1401901,"0.0,0.0,0.0,0.0,0.0,0.0,0.0,0.0,0.0,0.0,0.0,0.0,0.0000,0,0,0,345.5736"
2026-05-24T16:00:35.650,14,IMU,12,Comm,1401201,"0.0,0.0,0.0,0.0,0.0,0.0,0.0,0.0,0.0,0.0,0.0,0.0"
2026-05-24T16:00:35.700,14,IMU,19,Motor,1401901,"0.0,0.0,0.0,0.0,0.0,0.0,0.0,0.0,0.0,0.0,0.0,0.0,0.0000,0,0,0,345.5736"
2026-05-24T16:00:35.750,14,IMU,19,Motor,1401901,"0.0,0.0,0.0,0.0,0.0,0.0,0.0,0.0,0.0,0.0,0.0,0.0,0.0000,0,0,0,345.5736"
2026-05-24T16:00:35.800,14,IMU,19,Motor,1401901,"0.0,0.0,0.0,0.0,0.0,0.0,0.0,0.0,0.0,0.0,0.0,0.0,0.0000,0,0,0,345.5736"
2026-05-24T16:00:35.851,14,IMU,19,Motor,1401901,"0.0,0.0,0.0,0.0,0.0,0.0,0.0,0.0,0.0,0.0,0.0,0.0,0.0000,0,0,0,345.5736"
2026-05-24T16:00:35.901,14,IMU,19,Motor,1401901,"0.0,0.0,0.0,0.0,0.0,0.0,0.0,0.0,0.0,0.0,0.0,0.0,0.0000,0,0,0,345.5736"
2026-05-24T16:00:35.952,14,IMU,19,Motor,1401901,"0.0,0.0,0.0,0.0,0.0,0.0,0.0,0.0,0.0,0.0,0.0,0.0,0.0000,0,0,0,345.5736"
2026-05-24T16:00:36.002,14,IMU,19,Motor,1401901,"0.0,0.0,0.0,0.0,0.0,0.0,0.0,0.0,0.0,0.0,0.0,0.0,0.0000,0,0,0,345.5736"
2026-05-24T16:00:36.052,14,IMU,19,Motor,1401901,"0.0,0.0,0.0,0.0,0.0,0.0,0.0,0.0,0.0,0.0,0.0,0.0,0.0000,0,0,0,345.5736"
2026-05-24T16:00:36.102,14,IMU,19,Motor,1401901,"0.0,0.0,0.0,0.0,0.0,0.0,0.0,0.0,0.0,0.0,0.0,0.0,0.0000,0,0,0,345.5736"
2026-05-24T16:00:36.153,14,IMU,19,Motor,1401901,"0.0,0.0,0.0,0.0,0.0,0.0,0.0,0.0,0.0,0.0,0.0,0.0,0.0000,0,0,0,345.5736"
2026-05-24T16:00:36.203,14,IMU,19,Motor,1401901,"0.0,0.0,0.0,0.0,0.0,0.0,0.0,0.0,0.0,0.0,0.0,0.0,0.0000,0,0,0,345.5736"
2026-05-24T16:00:36.253,14,IMU,19,Motor,1401901,"0.0,0.0,0.0,0.0,0.0,0.0,0.0,0.0,0.0,0.0,0.0,0.0,0.0000,0,0,0,345.5736"
2026-05-24T16:00:36.304,14,IMU,19,Motor,1401901,"0.0,0.0,0.0,0.0,0.0,0.0,0.0,0.0,0.0,0.0,0.0,0.0,0.0000,0,0,0,345.5736"
2026-05-24T16:00:36.354,14,IMU,19,Motor,1401901,"0.0,0.0,0.0,0.0,0.0,0.0,0.0,0.0,0.0,0.0,0.0,0.0,0.0000,0,0,0,345.5736"
2026-05-24T16:00:36.405,14,IMU,19,Motor,1401901,"0.0,0.0,0.0,0.0,0.0,0.0,0.0,0.0,0.0,0.0,0.0,0.0,0.0000,0,0,0,345.5736"
2026-05-24T16:00:36.455,14,IMU,19,Motor,1401901,"0.0,0.0,0.0,0.0,0.0,0.0,0.0,0.0,0.0,0.0,0.0,0.0,0.0000,0,0,0,345.5736"
2026-05-24T16:00:36.506,14,IMU,19,Motor,1401901,"0.0,0.0,0.0,0.0,0.0,0.0,0.0,0.0,0.0,0.0,0.0,0.0,0.0000,0,0,0,345.5736"
2026-05-24T16:00:36.555,14,IMU,19,Motor,1401901,"0.0,0.0,0.0,0.0,0.0,0.0,0.0,0.0,0.0,0.0,0.0,0.0,0.0000,0,0,0,345.5736"
2026-05-24T16:00:36.606,14,IMU,19,Motor,1401901,"0.0,0.0,0.0,0.0,0.0,0.0,0.0,0.0,0.0,0.0,0.0,0.0,0.0000,0,0,0,345.5736"
2026-05-24T16:00:36.656,14,IMU,19,Motor,1401901,"0.0,0.0,0.0,0.0,0.0,0.0,0.0,0.0,0.0,0.0,0.0,0.0,0.0000,0,0,0,345.5736"
2026-05-24T16:00:36.656,14,IMU,12,Comm,1401201,"0.0,0.0,0.0,0.0,0.0,0.0,0.0,0.0,0.0,0.0,0.0,0.0"
2026-05-24T16:00:36.706,14,IMU,19,Motor,1401901,"0.0,0.0,0.0,0.0,0.0,0.0,0.0,0.0,0.0,0.0,0.0,0.0,0.0000,0,0,0,345.5736"
2026-05-24T16:00:36.757,14,IMU,19,Motor,1401901,"0.0,0.0,0.0,0.0,0.0,0.0,0.0,0.0,0.0,0.0,0.0,0.0,0.0000,0,0,0,345.5736"
2026-05-24T16:00:36.807,14,IMU,19,Motor,1401901,"0.0,0.0,0.0,0.0,0.0,0.0,0.0,0.0,0.0,0.0,0.0,0.0,0.0000,0,0,0,345.5736"
2026-05-24T16:00:36.857,14,IMU,19,Motor,1401901,"0.0,0.0,0.0,0.0,0.0,0.0,0.0,0.0,0.0,0.0,0.0,0.0,0.0000,0,0,0,345.5736"
2026-05-24T16:00:36.907,14,IMU,19,Motor,1401901,"0.0,0.0,0.0,0.0,0.0,0.0,0.0,0.0,0.0,0.0,0.0,0.0,0.0000,0,0,0,345.5736"
2026-05-24T16:00:36.958,14,IMU,19,Motor,1401901,"0.0,0.0,0.0,0.0,0.0,0.0,0.0,0.0,0.0,0.0,0.0,0.0,0.0000,0,0,0,345.5736"
2026-05-24T16:00:37.008,14,IMU,19,Motor,1401901,"0.0,0.0,0.0,0.0,0.0,0.0,0.0,0.0,0.0,0.0,0.0,0.0,0.0000,0,0,0,345.5736"
2026-05-24T16:00:37.059,14,IMU,19,Motor,1401901,"0.0,0.0,0.0,0.0,0.0,0.0,0.0,0.0,0.0,0.0,0.0,0.0,0.0000,0,0,0,345.5736"
2026-05-24T16:00:37.109,14,IMU,19,Motor,1401901,"0.0,0.0,0.0,0.0,0.0,0.0,0.0,0.0,0.0,0.0,0.0,0.0,0.0000,0,0,0,345.5736"
2026-05-24T16:00:37.159,14,IMU,19,Motor,1401901,"0.0,0.0,0.0,0.0,0.0,0.0,0.0,0.0,0.0,0.0,0.0,0.0,0.0000,0,0,0,345.5736"
2026-05-24T16:00:37.209,14,IMU,19,Motor,1401901,"0.0,0.0,0.0,0.0,0.0,0.0,0.0,0.0,0.0,0.0,0.0,0.0,0.0000,0,0,0,345.5736"
2026-05-24T16:00:37.260,14,IMU,19,Motor,1401901,"0.0,0.0,0.0,0.0,0.0,0.0,0.0,0.0,0.0,0.0,0.0,0.0,0.0000,0,0,0,345.5736"
2026-05-24T16:00:37.310,14,IMU,19,Motor,1401901,"0.0,0.0,0.0,0.0,0.0,0.0,0.0,0.0,0.0,0.0,0.0,0.0,0.0000,0,0,0,345.5736"
2026-05-24T16:00:37.360,14,IMU,19,Motor,1401901,"0.0,0.0,0.0,0.0,0.0,0.0,0.0,0.0,0.0,0.0,0.0,0.0,0.0000,0,0,0,345.5736"
2026-05-24T16:00:37.411,14,IMU,19,Motor,1401901,"0.0,0.0,0.0,0.0,0.0,0.0,0.0,0.0,0.0,0.0,0.0,0.0,0.0000,0,0,0,345.5736"
2026-05-24T16:00:37.461,14,IMU,19,Motor,1401901,"0.0,0.0,0.0,0.0,0.0,0.0,0.0,0.0,0.0,0.0,0.0,0.0,0.0000,0,0,0,345.5736"
2026-05-24T16:00:37.511,14,IMU,19,Motor,1401901,"0.0,0.0,0.0,0.0,0.0,0.0,0.0,0.0,0.0,0.0,0.0,0.0,0.0000,0,0,0,345.5736"
2026-05-24T16:00:37.562,14,IMU,19,Motor,1401901,"0.0,0.0,0.0,0.0,0.0,0.0,0.0,0.0,0.0,0.0,0.0,0.0,0.0000,0,0,0,345.5736"
2026-05-24T16:00:37.612,14,IMU,19,Motor,1401901,"0.0,0.0,0.0,0.0,0.0,0.0,0.0,0.0,0.0,0.0,0.0,0.0,0.0000,0,0,0,345.5736"
2026-05-24T16:00:37.662,14,IMU,19,Motor,1401901,"0.0,0.0,0.0,0.0,0.0,0.0,0.0,0.0,0.0,0.0,0.0,0.0,0.0000,0,0,0,345.5736"
2026-05-24T16:00:37.663,14,IMU,12,Comm,1401201,"0.0,0.0,0.0,0.0,0.0,0.0,0.0,0.0,0.0,0.0,0.0,0.0"
2026-05-24T16:00:37.713,14,IMU,19,Motor,1401901,"0.0,0.0,0.0,0.0,0.0,0.0,0.0,0.0,0.0,0.0,0.0,0.0,0.0000,0,0,0,345.5736"
2026-05-24T16:00:37.763,14,IMU,19,Motor,1401901,"0.0,0.0,0.0,0.0,0.0,0.0,0.0,0.0,0.0,0.0,0.0,0.0,0.0000,0,0,0,345.5736"
2026-05-24T16:00:37.813,14,IMU,19,Motor,1401901,"0.0,0.0,0.0,0.0,0.0,0.0,0.0,0.0,0.0,0.0,0.0,0.0,0.0000,0,0,0,345.5736"
2026-05-24T16:00:37.864,14,IMU,19,Motor,1401901,"0.0,0.0,0.0,0.0,0.0,0.0,0.0,0.0,0.0,0.0,0.0,0.0,0.0000,0,0,0,345.5736"
2026-05-24T16:00:37.914,14,IMU,19,Motor,1401901,"0.0,0.0,0.0,0.0,0.0,0.0,0.0,0.0,0.0,0.0,0.0,0.0,0.0000,0,0,0,345.5736"
2026-05-24T16:00:37.964,14,IMU,19,Motor,1401901,"0.0,0.0,0.0,0.0,0.0,0.0,0.0,0.0,0.0,0.0,0.0,0.0,0.0000,0,0,0,345.5736"
2026-05-24T16:00:38.015,14,IMU,19,Motor,1401901,"0.0,0.0,0.0,0.0,0.0,0.0,0.0,0.0,0.0,0.0,0.0,0.0,0.0000,0,0,0,345.5736"
2026-05-24T16:00:38.065,14,IMU,19,Motor,1401901,"0.0,0.0,0.0,0.0,0.0,0.0,0.0,0.0,0.0,0.0,0.0,0.0,0.0000,0,0,0,345.5736"
2026-05-24T16:00:38.115,14,IMU,19,Motor,1401901,"0.0,0.0,0.0,0.0,0.0,0.0,0.0,0.0,0.0,0.0,0.0,0.0,0.0000,0,0,0,345.5736"
2026-05-24T16:00:38.166,14,IMU,19,Motor,1401901,"0.0,0.0,0.0,0.0,0.0,0.0,0.0,0.0,0.0,0.0,0.0,0.0,0.0000,0,0,0,345.5736"
2026-05-24T16:00:38.216,14,IMU,19,Motor,1401901,"0.0,0.0,0.0,0.0,0.0,0.0,0.0,0.0,0.0,0.0,0.0,0.0,0.0000,0,0,0,345.5736"
2026-05-24T16:00:38.266,14,IMU,19,Motor,1401901,"0.0,0.0,0.0,0.0,0.0,0.0,0.0,0.0,0.0,0.0,0.0,0.0,0.0000,0,0,0,345.5736"
2026-05-24T16:00:38.316,14,IMU,19,Motor,1401901,"0.0,0.0,0.0,0.0,0.0,0.0,0.0,0.0,0.0,0.0,0.0,0.0,0.0000,0,0,0,345.5736"
2026-05-24T16:00:38.367,14,IMU,19,Motor,1401901,"0.0,0.0,0.0,0.0,0.0,0.0,0.0,0.0,0.0,0.0,0.0,0.0,0.0000,0,0,0,345.5736"
2026-05-24T16:00:38.417,14,IMU,19,Motor,1401901,"0.0,0.0,0.0,0.0,0.0,0.0,0.0,0.0,0.0,0.0,0.0,0.0,0.0000,0,0,0,345.5736"
2026-05-24T16:00:38.467,14,IMU,19,Motor,1401901,"0.0,0.0,0.0,0.0,0.0,0.0,0.0,0.0,0.0,0.0,0.0,0.0,0.0000,0,0,0,345.5736"
2026-05-24T16:00:38.518,14,IMU,19,Motor,1401901,"0.0,0.0,0.0,0.0,0.0,0.0,0.0,0.0,0.0,0.0,0.0,0.0,0.0000,0,0,0,345.5736"
2026-05-24T16:00:38.568,14,IMU,19,Motor,1401901,"0.0,0.0,0.0,0.0,0.0,0.0,0.0,0.0,0.0,0.0,0.0,0.0,0.0000,0,0,0,345.5736"
2026-05-24T16:00:38.618,14,IMU,19,Motor,1401901,"0.0,0.0,0.0,0.0,0.0,0.0,0.0,0.0,0.0,0.0,0.0,0.0,0.0000,0,0,0,345.5736"
2026-05-24T16:00:38.669,14,IMU,19,Motor,1401901,"0.0,0.0,0.0,0.0,0.0,0.0,0.0,0.0,0.0,0.0,0.0,0.0,0.0000,0,0,0,345.5736"
2026-05-24T16:00:38.669,14,IMU,12,Comm,1401201,"0.0,0.0,0.0,0.0,0.0,0.0,0.0,0.0,0.0,0.0,0.0,0.0"
2026-05-24T16:00:38.719,14,IMU,19,Motor,1401901,"0.0,0.0,0.0,0.0,0.0,0.0,0.0,0.0,0.0,0.0,0.0,0.0,0.0000,0,0,0,345.5736"
2026-05-24T16:00:38.769,14,IMU,19,Motor,1401901,"0.0,0.0,0.0,0.0,0.0,0.0,0.0,0.0,0.0,0.0,0.0,0.0,0.0000,0,0,0,345.5736"
2026-05-24T16:00:38.820,14,IMU,19,Motor,1401901,"0.0,0.0,0.0,0.0,0.0,0.0,0.0,0.0,0.0,0.0,0.0,0.0,0.0000,0,0,0,345.5736"
2026-05-24T16:00:38.870,14,IMU,19,Motor,1401901,"0.0,0.0,0.0,0.0,0.0,0.0,0.0,0.0,0.0,0.0,0.0,0.0,0.0000,0,0,0,345.5736"
2026-05-24T16:00:38.920,14,IMU,19,Motor,1401901,"0.0,0.0,0.0,0.0,0.0,0.0,0.0,0.0,0.0,0.0,0.0,0.0,0.0000,0,0,0,345.5736"
2026-05-24T16:40:37.349,14,IMU,19,Motor,1401901,"0.0,0.0,0.0,0.0,0.0,0.0,0.0,0.0,0.0,0.0,0.0,0.0,0.0000,0,0,0,345.5736"
2026-05-24T16:40:37.400,14,IMU,19,Motor,1401901,"0.0,0.0,0.0,0.0,0.0,0.0,0.0,0.0,0.0,0.0,0.0,0.0,0.0000,0,0,0,345.5736"
2026-05-24T16:40:37.450,14,IMU,19,Motor,1401901,"0.0,0.0,0.0,0.0,0.0,0.0,0.0,0.0,0.0,0.0,0.0,0.0,0.0000,0,0,0,345.5736"
2026-05-24T16:40:37.500,14,IMU,19,Motor,1401901,"0.0,0.0,0.0,0.0,0.0,0.0,0.0,0.0,0.0,0.0,0.0,0.0,0.0000,0,0,0,345.5736"
2026-05-24T16:40:37.551,14,IMU,19,Motor,1401901,"0.0,0.0,0.0,0.0,0.0,0.0,0.0,0.0,0.0,0.0,0.0,0.0,0.0000,0,0,0,345.5736"
2026-05-24T16:40:37.601,14,IMU,19,Motor,1401901,"0.0,0.0,0.0,0.0,0.0,0.0,0.0,0.0,0.0,0.0,0.0,0.0,0.0000,0,0,0,345.5736"
2026-05-24T16:40:37.652,14,IMU,19,Motor,1401901,"0.0,0.0,0.0,0.0,0.0,0.0,0.0,0.0,0.0,0.0,0.0,0.0,0.0000,0,0,0,345.5736"
2026-05-24T16:40:37.702,14,IMU,19,Motor,1401901,"0.0,0.0,0.0,0.0,0.0,0.0,0.0,0.0,0.0,0.0,0.0,0.0,0.0000,0,0,0,345.5736"
2026-05-24T16:40:37.752,14,IMU,19,Motor,1401901,"0.0,0.0,0.0,0.0,0.0,0.0,0.0,0.0,0.0,0.0,0.0,0.0,0.0000,0,0,0,345.5736"
2026-05-24T16:40:37.803,14,IMU,19,Motor,1401901,"0.0,0.0,0.0,0.0,0.0,0.0,0.0,0.0,0.0,0.0,0.0,0.0,0.0000,0,0,0,345.5736"
2026-05-24T16:40:37.853,14,IMU,19,Motor,1401901,"0.0,0.0,0.0,0.0,0.0,0.0,0.0,0.0,0.0,0.0,0.0,0.0,0.0000,0,0,0,345.5736"
2026-05-24T16:40:37.904,14,IMU,19,Motor,1401901,"0.0,0.0,0.0,0.0,0.0,0.0,0.0,0.0,0.0,0.0,0.0,0.0,0.0000,0,0,0,345.5736"
2026-05-24T16:40:37.954,14,IMU,19,Motor,1401901,"0.0,0.0,0.0,0.0,0.0,0.0,0.0,0.0,0.0,0.0,0.0,0.0,0.0000,0,0,0,345.5736"
2026-05-24T16:40:38.004,14,IMU,19,Motor,1401901,"0.0,0.0,0.0,0.0,0.0,0.0,0.0,0.0,0.0,0.0,0.0,0.0,0.0000,0,0,0,345.5736"
2026-05-24T16:40:38.055,14,IMU,19,Motor,1401901,"0.0,0.0,0.0,0.0,0.0,0.0,0.0,0.0,0.0,0.0,0.0,0.0,0.0000,0,0,0,345.5736"
2026-05-24T16:40:38.055,14,IMU,12,Comm,1401201,"0.0,0.0,0.0,0.0,0.0,0.0,0.0,0.0,0.0,0.0,0.0,0.0"
2026-05-24T16:40:38.105,14,IMU,19,Motor,1401901,"0.0,0.0,0.0,0.0,0.0,0.0,0.0,0.0,0.0,0.0,0.0,0.0,0.0000,0,0,0,345.5736"
2026-05-24T16:40:38.155,14,IMU,19,Motor,1401901,"0.0,0.0,0.0,0.0,0.0,0.0,0.0,0.0,0.0,0.0,0.0,0.0,0.0000,0,0,0,345.5736"
2026-05-24T16:40:38.206,14,IMU,19,Motor,1401901,"0.0,0.0,0.0,0.0,0.0,0.0,0.0,0.0,0.0,0.0,0.0,0.0,0.0000,0,0,0,345.5736"
2026-05-24T16:40:38.256,14,IMU,19,Motor,1401901,"0.0,0.0,0.0,0.0,0.0,0.0,0.0,0.0,0.0,0.0,0.0,0.0,0.0000,0,0,0,345.5736"
2026-05-24T16:40:38.307,14,IMU,19,Motor,1401901,"0.0,0.0,0.0,0.0,0.0,0.0,0.0,0.0,0.0,0.0,0.0,0.0,0.0000,0,0,0,345.5736"
2026-05-24T16:40:38.357,14,IMU,19,Motor,1401901,"0.0,0.0,0.0,0.0,0.0,0.0,0.0,0.0,0.0,0.0,0.0,0.0,0.0000,0,0,0,345.5736"
2026-05-24T16:40:38.408,14,IMU,19,Motor,1401901,"0.0,0.0,0.0,0.0,0.0,0.0,0.0,0.0,0.0,0.0,0.0,0.0,0.0000,0,0,0,345.5736"
2026-05-24T16:40:38.458,14,IMU,19,Motor,1401901,"0.0,0.0,0.0,0.0,0.0,0.0,0.0,0.0,0.0,0.0,0.0,0.0,0.0000,0,0,0,345.5736"
2026-05-24T16:40:38.508,14,IMU,19,Motor,1401901,"0.0,0.0,0.0,0.0,0.0,0.0,0.0,0.0,0.0,0.0,0.0,0.0,0.0000,0,0,0,345.5736"
2026-05-24T16:40:38.559,14,IMU,19,Motor,1401901,"0.0,0.0,0.0,0.0,0.0,0.0,0.0,0.0,0.0,0.0,0.0,0.0,0.0000,0,0,0,345.5736"
2026-05-24T16:40:38.609,14,IMU,19,Motor,1401901,"0.0,0.0,0.0,0.0,0.0,0.0,0.0,0.0,0.0,0.0,0.0,0.0,0.0000,0,0,0,345.5736"
2026-05-24T16:40:38.660,14,IMU,19,Motor,1401901,"0.0,0.0,0.0,0.0,0.0,0.0,0.0,0.0,0.0,0.0,0.0,0.0,0.0000,0,0,0,345.5736"
2026-05-24T16:40:38.710,14,IMU,19,Motor,1401901,"0.0,0.0,0.0,0.0,0.0,0.0,0.0,0.0,0.0,0.0,0.0,0.0,0.0000,0,0,0,345.5736"
2026-05-24T16:40:38.760,14,IMU,19,Motor,1401901,"0.0,0.0,0.0,0.0,0.0,0.0,0.0,0.0,0.0,0.0,0.0,0.0,0.0000,0,0,0,345.5736"
2026-05-24T16:40:38.811,14,IMU,19,Motor,1401901,"0.0,0.0,0.0,0.0,0.0,0.0,0.0,0.0,0.0,0.0,0.0,0.0,0.0000,0,0,0,345.5736"
2026-05-24T16:40:38.861,14,IMU,19,Motor,1401901,"0.0,0.0,0.0,0.0,0.0,0.0,0.0,0.0,0.0,0.0,0.0,0.0,0.0000,0,0,0,345.5736"
2026-05-24T16:40:38.912,14,IMU,19,Motor,1401901,"0.0,0.0,0.0,0.0,0.0,0.0,0.0,0.0,0.0,0.0,0.0,0.0,0.0000,0,0,0,345.5736"
2026-05-24T16:40:38.962,14,IMU,19,Motor,1401901,"0.0,0.0,0.0,0.0,0.0,0.0,0.0,0.0,0.0,0.0,0.0,0.0,0.0000,0,0,0,345.5736"
2026-05-24T16:40:39.012,14,IMU,19,Motor,1401901,"0.0,0.0,0.0,0.0,0.0,0.0,0.0,0.0,0.0,0.0,0.0,0.0,0.0000,0,0,0,345.5736"
2026-05-24T16:40:39.063,14,IMU,19,Motor,1401901,"0.0,0.0,0.0,0.0,0.0,0.0,0.0,0.0,0.0,0.0,0.0,0.0,0.0000,0,0,0,345.5736"
2026-05-24T16:40:39.063,14,IMU,12,Comm,1401201,"0.0,0.0,0.0,0.0,0.0,0.0,0.0,0.0,0.0,0.0,0.0,0.0"
2026-05-24T16:40:39.113,14,IMU,19,Motor,1401901,"0.0,0.0,0.0,0.0,0.0,0.0,0.0,0.0,0.0,0.0,0.0,0.0,0.0000,0,0,0,345.5736"
2026-05-24T16:40:39.164,14,IMU,19,Motor,1401901,"0.0,0.0,0.0,0.0,0.0,0.0,0.0,0.0,0.0,0.0,0.0,0.0,0.0000,0,0,0,345.5736"
2026-05-24T16:40:39.214,14,IMU,19,Motor,1401901,"0.0,0.0,0.0,0.0,0.0,0.0,0.0,0.0,0.0,0.0,0.0,0.0,0.0000,0,0,0,345.5736"
2026-05-24T16:40:39.264,14,IMU,19,Motor,1401901,"0.0,0.0,0.0,0.0,0.0,0.0,0.0,0.0,0.0,0.0,0.0,0.0,0.0000,0,0,0,345.5736"
2026-05-24T16:40:39.315,14,IMU,19,Motor,1401901,"0.0,0.0,0.0,0.0,0.0,0.0,0.0,0.0,0.0,0.0,0.0,0.0,0.0000,0,0,0,345.5736"
2026-05-24T16:40:39.365,14,IMU,19,Motor,1401901,"0.0,0.0,0.0,0.0,0.0,0.0,0.0,0.0,0.0,0.0,0.0,0.0,0.0000,0,0,0,345.5736"
2026-05-24T16:40:39.416,14,IMU,19,Motor,1401901,"0.0,0.0,0.0,0.0,0.0,0.0,0.0,0.0,0.0,0.0,0.0,0.0,0.0000,0,0,0,345.5736"
2026-05-24T16:40:39.466,14,IMU,19,Motor,1401901,"0.0,0.0,0.0,0.0,0.0,0.0,0.0,0.0,0.0,0.0,0.0,0.0,0.0000,0,0,0,345.5736"
2026-05-24T16:40:39.516,14,IMU,19,Motor,1401901,"0.0,0.0,0.0,0.0,0.0,0.0,0.0,0.0,0.0,0.0,0.0,0.0,0.0000,0,0,0,345.5736"
2026-05-24T16:40:39.567,14,IMU,19,Motor,1401901,"0.0,0.0,0.0,0.0,0.0,0.0,0.0,0.0,0.0,0.0,0.0,0.0,0.0000,0,0,0,345.5736"
2026-05-24T16:40:39.617,14,IMU,19,Motor,1401901,"0.0,0.0,0.0,0.0,0.0,0.0,0.0,0.0,0.0,0.0,0.0,0.0,0.0000,0,0,0,345.5736"
2026-05-24T16:40:39.667,14,IMU,19,Motor,1401901,"0.0,0.0,0.0,0.0,0.0,0.0,0.0,0.0,0.0,0.0,0.0,0.0,0.0000,0,0,0,345.5736"
2026-05-24T16:40:39.718,14,IMU,19,Motor,1401901,"0.0,0.0,0.0,0.0,0.0,0.0,0.0,0.0,0.0,0.0,0.0,0.0,0.0000,0,0,0,345.5736"
2026-05-24T16:40:39.768,14,IMU,19,Motor,1401901,"0.0,0.0,0.0,0.0,0.0,0.0,0.0,0.0,0.0,0.0,0.0,0.0,0.0000,0,0,0,345.5736"
2026-05-24T16:40:39.819,14,IMU,19,Motor,1401901,"0.0,0.0,0.0,0.0,0.0,0.0,0.0,0.0,0.0,0.0,0.0,0.0,0.0000,0,0,0,345.5736"
2026-05-24T16:40:39.869,14,IMU,19,Motor,1401901,"0.0,0.0,0.0,0.0,0.0,0.0,0.0,0.0,0.0,0.0,0.0,0.0,0.0000,0,0,0,345.5736"
2026-05-24T16:40:39.919,14,IMU,19,Motor,1401901,"0.0,0.0,0.0,0.0,0.0,0.0,0.0,0.0,0.0,0.0,0.0,0.0,0.0000,0,0,0,345.5736"
2026-05-24T16:40:39.970,14,IMU,19,Motor,1401901,"0.0,0.0,0.0,0.0,0.0,0.0,0.0,0.0,0.0,0.0,0.0,0.0,0.0000,0,0,0,345.5736"
2026-05-24T16:40:40.020,14,IMU,19,Motor,1401901,"0.0,0.0,0.0,0.0,0.0,0.0,0.0,0.0,0.0,0.0,0.0,0.0,0.0000,0,0,0,345.5736"
2026-05-24T16:40:40.070,14,IMU,19,Motor,1401901,"0.0,0.0,0.0,0.0,0.0,0.0,0.0,0.0,0.0,0.0,0.0,0.0,0.0000,0,0,0,345.5736"
2026-05-24T16:40:40.071,14,IMU,12,Comm,1401201,"0.0,0.0,0.0,0.0,0.0,0.0,0.0,0.0,0.0,0.0,0.0,0.0"
2026-05-24T16:40:40.121,14,IMU,19,Motor,1401901,"0.0,0.0,0.0,0.0,0.0,0.0,0.0,0.0,0.0,0.0,0.0,0.0,0.0000,0,0,0,345.5736"
2026-05-24T16:40:40.171,14,IMU,19,Motor,1401901,"0.0,0.0,0.0,0.0,0.0,0.0,0.0,0.0,0.0,0.0,0.0,0.0,0.0000,0,0,0,345.5736"
2026-05-24T16:40:40.221,14,IMU,19,Motor,1401901,"0.0,0.0,0.0,0.0,0.0,0.0,0.0,0.0,0.0,0.0,0.0,0.0,0.0000,0,0,0,345.5736"
2026-05-24T16:40:40.272,14,IMU,19,Motor,1401901,"0.0,0.0,0.0,0.0,0.0,0.0,0.0,0.0,0.0,0.0,0.0,0.0,0.0000,0,0,0,345.5736"
2026-05-24T16:40:40.322,14,IMU,19,Motor,1401901,"0.0,0.0,0.0,0.0,0.0,0.0,0.0,0.0,0.0,0.0,0.0,0.0,0.0000,0,0,0,345.5736"
2026-05-24T16:40:40.372,14,IMU,19,Motor,1401901,"0.0,0.0,0.0,0.0,0.0,0.0,0.0,0.0,0.0,0.0,0.0,0.0,0.0000,0,0,0,345.5736"
2026-05-24T16:40:40.423,14,IMU,19,Motor,1401901,"0.0,0.0,0.0,0.0,0.0,0.0,0.0,0.0,0.0,0.0,0.0,0.0,0.0000,0,0,0,345.5736"
2026-05-24T16:40:40.473,14,IMU,19,Motor,1401901,"0.0,0.0,0.0,0.0,0.0,0.0,0.0,0.0,0.0,0.0,0.0,0.0,0.0000,0,0,0,345.5736"
2026-05-24T16:40:40.523,14,IMU,19,Motor,1401901,"0.0,0.0,0.0,0.0,0.0,0.0,0.0,0.0,0.0,0.0,0.0,0.0,0.0000,0,0,0,345.5736"
2026-05-24T16:40:40.574,14,IMU,19,Motor,1401901,"0.0,0.0,0.0,0.0,0.0,0.0,0.0,0.0,0.0,0.0,0.0,0.0,0.0000,0,0,0,345.5736"
2026-05-24T16:40:40.624,14,IMU,19,Motor,1401901,"0.0,0.0,0.0,0.0,0.0,0.0,0.0,0.0,0.0,0.0,0.0,0.0,0.0000,0,0,0,345.5736"
2026-05-24T16:40:40.674,14,IMU,19,Motor,1401901,"0.0,0.0,0.0,0.0,0.0,0.0,0.0,0.0,0.0,0.0,0.0,0.0,0.0000,0,0,0,345.5736"
2026-05-24T16:40:40.725,14,IMU,19,Motor,1401901,"0.0,0.0,0.0,0.0,0.0,0.0,0.0,0.0,0.0,0.0,0.0,0.0,0.0000,0,0,0,345.5736"
2026-05-24T16:40:40.775,14,IMU,19,Motor,1401901,"0.0,0.0,0.0,0.0,0.0,0.0,0.0,0.0,0.0,0.0,0.0,0.0,0.0000,0,0,0,345.5736"
2026-05-24T16:40:40.825,14,IMU,19,Motor,1401901,"0.0,0.0,0.0,0.0,0.0,0.0,0.0,0.0,0.0,0.0,0.0,0.0,0.0000,0,0,0,345.5736"
2026-05-24T16:40:40.876,14,IMU,19,Motor,1401901,"0.0,0.0,0.0,0.0,0.0,0.0,0.0,0.0,0.0,0.0,0.0,0.0,0.0000,0,0,0,345.5736"
2026-05-24T16:40:40.926,14,IMU,19,Motor,1401901,"0.0,0.0,0.0,0.0,0.0,0.0,0.0,0.0,0.0,0.0,0.0,0.0,0.0000,0,0,0,345.5736"
2026-05-24T16:40:40.976,14,IMU,19,Motor,1401901,"0.0,0.0,0.0,0.0,0.0,0.0,0.0,0.0,0.0,0.0,0.0,0.0,0.0000,0,0,0,345.5736"
2026-05-24T16:40:41.027,14,IMU,19,Motor,1401901,"0.0,0.0,0.0,0.0,0.0,0.0,0.0,0.0,0.0,0.0,0.0,0.0,0.0000,0,0,0,345.5736"
2026-05-24T16:40:41.077,14,IMU,19,Motor,1401901,"0.0,0.0,0.0,0.0,0.0,0.0,0.0,0.0,0.0,0.0,0.0,0.0,0.0000,0,0,0,345.5736"
2026-05-24T16:40:41.078,14,IMU,12,Comm,1401201,"0.0,0.0,0.0,0.0,0.0,0.0,0.0,0.0,0.0,0.0,0.0,0.0"
2026-05-24T16:40:41.128,14,IMU,19,Motor,1401901,"0.0,0.0,0.0,0.0,0.0,0.0,0.0,0.0,0.0,0.0,0.0,0.0,0.0000,0,0,0,345.5736"
2026-05-24T16:40:41.178,14,IMU,19,Motor,1401901,"0.0,0.0,0.0,0.0,0.0,0.0,0.0,0.0,0.0,0.0,0.0,0.0,0.0000,0,0,0,345.5736"
2026-05-24T16:40:41.228,14,IMU,19,Motor,1401901,"0.0,0.0,0.0,0.0,0.0,0.0,0.0,0.0,0.0,0.0,0.0,0.0,0.0000,0,0,0,345.5736"
2026-05-24T16:40:41.279,14,IMU,19,Motor,1401901,"0.0,0.0,0.0,0.0,0.0,0.0,0.0,0.0,0.0,0.0,0.0,0.0,0.0000,0,0,0,345.5736"
2026-05-24T16:40:41.329,14,IMU,19,Motor,1401901,"0.0,0.0,0.0,0.0,0.0,0.0,0.0,0.0,0.0,0.0,0.0,0.0,0.0000,0,0,0,345.5736"
2026-05-24T16:40:41.380,14,IMU,19,Motor,1401901,"0.0,0.0,0.0,0.0,0.0,0.0,0.0,0.0,0.0,0.0,0.0,0.0,0.0000,0,0,0,345.5736"
2026-05-24T16:40:41.430,14,IMU,19,Motor,1401901,"0.0,0.0,0.0,0.0,0.0,0.0,0.0,0.0,0.0,0.0,0.0,0.0,0.0000,0,0,0,345.5736"
2026-05-24T16:40:41.480,14,IMU,19,Motor,1401901,"0.0,0.0,0.0,0.0,0.0,0.0,0.0,0.0,0.0,0.0,0.0,0.0,0.0000,0,0,0,345.5736"
2026-05-24T16:40:41.531,14,IMU,19,Motor,1401901,"0.0,0.0,0.0,0.0,0.0,0.0,0.0,0.0,0.0,0.0,0.0,0.0,0.0000,0,0,0,345.5736"
2026-05-24T16:40:41.581,14,IMU,19,Motor,1401901,"0.0,0.0,0.0,0.0,0.0,0.0,0.0,0.0,0.0,0.0,0.0,0.0,0.0000,0,0,0,345.5736"
2026-05-24T16:40:41.631,14,IMU,19,Motor,1401901,"0.0,0.0,0.0,0.0,0.0,0.0,0.0,0.0,0.0,0.0,0.0,0.0,0.0000,0,0,0,345.5736"
2026-05-24T16:40:41.682,14,IMU,19,Motor,1401901,"0.0,0.0,0.0,0.0,0.0,0.0,0.0,0.0,0.0,0.0,0.0,0.0,0.0000,0,0,0,345.5736"
2026-05-24T16:40:41.732,14,IMU,19,Motor,1401901,"0.0,0.0,0.0,0.0,0.0,0.0,0.0,0.0,0.0,0.0,0.0,0.0,0.0000,0,0,0,345.5736"
2026-05-24T16:40:41.783,14,IMU,19,Motor,1401901,"0.0,0.0,0.0,0.0,0.0,0.0,0.0,0.0,0.0,0.0,0.0,0.0,0.0000,0,0,0,345.5736"
2026-05-24T16:40:41.833,14,IMU,19,Motor,1401901,"0.0,0.0,0.0,0.0,0.0,0.0,0.0,0.0,0.0,0.0,0.0,0.0,0.0000,0,0,0,345.5736"
2026-05-24T16:40:41.883,14,IMU,19,Motor,1401901,"0.0,0.0,0.0,0.0,0.0,0.0,0.0,0.0,0.0,0.0,0.0,0.0,0.0000,0,0,0,345.5736"
2026-05-24T16:40:41.934,14,IMU,19,Motor,1401901,"0.0,0.0,0.0,0.0,0.0,0.0,0.0,0.0,0.0,0.0,0.0,0.0,0.0000,0,0,0,345.5736"
2026-05-24T16:40:41.984,14,IMU,19,Motor,1401901,"0.0,0.0,0.0,0.0,0.0,0.0,0.0,0.0,0.0,0.0,0.0,0.0,0.0000,0,0,0,345.5736"
2026-05-24T16:40:42.034,14,IMU,19,Motor,1401901,"0.0,0.0,0.0,0.0,0.0,0.0,0.0,0.0,0.0,0.0,0.0,0.0,0.0000,0,0,0,345.5736"
2026-05-24T16:40:42.085,14,IMU,19,Motor,1401901,"0.0,0.0,0.0,0.0,0.0,0.0,0.0,0.0,0.0,0.0,0.0,0.0,0.0000,0,0,0,345.5736"
2026-05-24T16:40:42.086,14,IMU,12,Comm,1401201,"0.0,0.0,0.0,0.0,0.0,0.0,0.0,0.0,0.0,0.0,0.0,0.0"
2026-05-24T16:40:42.135,14,IMU,19,Motor,1401901,"0.0,0.0,0.0,0.0,0.0,0.0,0.0,0.0,0.0,0.0,0.0,0.0,0.0000,0,0,0,345.5736"
2026-05-24T16:40:42.186,14,IMU,19,Motor,1401901,"0.0,0.0,0.0,0.0,0.0,0.0,0.0,0.0,0.0,0.0,0.0,0.0,0.0000,0,0,0,345.5736"
2026-05-24T16:40:42.236,14,IMU,19,Motor,1401901,"0.0,0.0,0.0,0.0,0.0,0.0,0.0,0.0,0.0,0.0,0.0,0.0,0.0000,0,0,0,345.5736"
2026-05-24T16:40:42.286,14,IMU,19,Motor,1401901,"0.0,0.0,0.0,0.0,0.0,0.0,0.0,0.0,0.0,0.0,0.0,0.0,0.0000,0,0,0,345.5736"
2026-05-24T16:40:42.337,14,IMU,19,Motor,1401901,"0.0,0.0,0.0,0.0,0.0,0.0,0.0,0.0,0.0,0.0,0.0,0.0,0.0000,0,0,0,345.5736"
2026-05-24T16:40:42.387,14,IMU,19,Motor,1401901,"0.0,0.0,0.0,0.0,0.0,0.0,0.0,0.0,0.0,0.0,0.0,0.0,0.0000,0,0,0,345.5736"
2026-05-24T16:40:42.437,14,IMU,19,Motor,1401901,"0.0,0.0,0.0,0.0,0.0,0.0,0.0,0.0,0.0,0.0,0.0,0.0,0.0000,0,0,0,345.5736"
2026-05-24T16:40:42.488,14,IMU,19,Motor,1401901,"0.0,0.0,0.0,0.0,0.0,0.0,0.0,0.0,0.0,0.0,0.0,0.0,0.0000,0,0,0,345.5736"
2026-05-24T16:40:42.538,14,IMU,19,Motor,1401901,"0.0,0.0,0.0,0.0,0.0,0.0,0.0,0.0,0.0,0.0,0.0,0.0,0.0000,0,0,0,345.5736"
2026-05-24T16:40:42.589,14,IMU,19,Motor,1401901,"0.0,0.0,0.0,0.0,0.0,0.0,0.0,0.0,0.0,0.0,0.0,0.0,0.0000,0,0,0,345.5736"
2026-05-24T16:40:42.639,14,IMU,19,Motor,1401901,"0.0,0.0,0.0,0.0,0.0,0.0,0.0,0.0,0.0,0.0,0.0,0.0,0.0000,0,0,0,345.5736"
2026-05-24T16:40:42.689,14,IMU,19,Motor,1401901,"0.0,0.0,0.0,0.0,0.0,0.0,0.0,0.0,0.0,0.0,0.0,0.0,0.0000,0,0,0,345.5736"
2026-05-24T16:40:42.740,14,IMU,19,Motor,1401901,"0.0,0.0,0.0,0.0,0.0,0.0,0.0,0.0,0.0,0.0,0.0,0.0,0.0000,0,0,0,345.5736"
2026-05-24T16:40:42.790,14,IMU,19,Motor,1401901,"0.0,0.0,0.0,0.0,0.0,0.0,0.0,0.0,0.0,0.0,0.0,0.0,0.0000,0,0,0,345.5736"
2026-05-24T16:40:42.840,14,IMU,19,Motor,1401901,"0.0,0.0,0.0,0.0,0.0,0.0,0.0,0.0,0.0,0.0,0.0,0.0,0.0000,0,0,0,345.5736"
2026-05-24T16:40:42.891,14,IMU,19,Motor,1401901,"0.0,0.0,0.0,0.0,0.0,0.0,0.0,0.0,0.0,0.0,0.0,0.0,0.0000,0,0,0,345.5736"
2026-05-24T16:40:42.941,14,IMU,19,Motor,1401901,"0.0,0.0,0.0,0.0,0.0,0.0,0.0,0.0,0.0,0.0,0.0,0.0,0.0000,0,0,0,345.5736"
2026-05-24T16:40:42.992,14,IMU,19,Motor,1401901,"0.0,0.0,0.0,0.0,0.0,0.0,0.0,0.0,0.0,0.0,0.0,0.0,0.0000,0,0,0,345.5736"
2026-05-24T16:40:43.042,14,IMU,19,Motor,1401901,"0.0,0.0,0.0,0.0,0.0,0.0,0.0,0.0,0.0,0.0,0.0,0.0,0.0000,0,0,0,345.5736"
2026-05-24T16:40:43.092,14,IMU,19,Motor,1401901,"0.0,0.0,0.0,0.0,0.0,0.0,0.0,0.0,0.0,0.0,0.0,0.0,0.0000,0,0,0,345.5736"
2026-05-24T16:40:43.093,14,IMU,12,Comm,1401201,"0.0,0.0,0.0,0.0,0.0,0.0,0.0,0.0,0.0,0.0,0.0,0.0"
2026-05-24T16:40:43.143,14,IMU,19,Motor,1401901,"0.0,0.0,0.0,0.0,0.0,0.0,0.0,0.0,0.0,0.0,0.0,0.0,0.0000,0,0,0,345.5736"
2026-05-24T16:40:43.193,14,IMU,19,Motor,1401901,"0.0,0.0,0.0,0.0,0.0,0.0,0.0,0.0,0.0,0.0,0.0,0.0,0.0000,0,0,0,345.5736"
2026-05-24T16:40:43.243,14,IMU,19,Motor,1401901,"0.0,0.0,0.0,0.0,0.0,0.0,0.0,0.0,0.0,0.0,0.0,0.0,0.0000,0,0,0,345.5736"
2026-05-24T16:40:43.294,14,IMU,19,Motor,1401901,"0.0,0.0,0.0,0.0,0.0,0.0,0.0,0.0,0.0,0.0,0.0,0.0,0.0000,0,0,0,345.5736"
2026-05-24T16:40:43.344,14,IMU,19,Motor,1401901,"0.0,0.0,0.0,0.0,0.0,0.0,0.0,0.0,0.0,0.0,0.0,0.0,0.0000,0,0,0,345.5736"
2026-05-24T16:40:43.395,14,IMU,19,Motor,1401901,"0.0,0.0,0.0,0.0,0.0,0.0,0.0,0.0,0.0,0.0,0.0,0.0,0.0000,0,0,0,345.5736"
2026-05-24T16:40:43.445,14,IMU,19,Motor,1401901,"0.0,0.0,0.0,0.0,0.0,0.0,0.0,0.0,0.0,0.0,0.0,0.0,0.0000,0,0,0,345.5736"
2026-05-24T16:40:43.495,14,IMU,19,Motor,1401901,"0.0,0.0,0.0,0.0,0.0,0.0,0.0,0.0,0.0,0.0,0.0,0.0,0.0000,0,0,0,345.5736"
2026-05-24T16:40:43.545,14,IMU,19,Motor,1401901,"0.0,0.0,0.0,0.0,0.0,0.0,0.0,0.0,0.0,0.0,0.0,0.0,0.0000,0,0,0,345.5736"
2026-05-24T16:40:43.596,14,IMU,19,Motor,1401901,"0.0,0.0,0.0,0.0,0.0,0.0,0.0,0.0,0.0,0.0,0.0,0.0,0.0000,0,0,0,345.5736"
2026-05-24T16:40:43.646,14,IMU,19,Motor,1401901,"0.0,0.0,0.0,0.0,0.0,0.0,0.0,0.0,0.0,0.0,0.0,0.0,0.0000,0,0,0,345.5736"
2026-05-24T16:40:43.697,14,IMU,19,Motor,1401901,"0.0,0.0,0.0,0.0,0.0,0.0,0.0,0.0,0.0,0.0,0.0,0.0,0.0000,0,0,0,345.5736"
2026-05-24T16:40:43.747,14,IMU,19,Motor,1401901,"0.0,0.0,0.0,0.0,0.0,0.0,0.0,0.0,0.0,0.0,0.0,0.0,0.0000,0,0,0,345.5736"
2026-05-24T16:40:43.797,14,IMU,19,Motor,1401901,"0.0,0.0,0.0,0.0,0.0,0.0,0.0,0.0,0.0,0.0,0.0,0.0,0.0000,0,0,0,345.5736"
2026-05-24T16:40:43.848,14,IMU,19,Motor,1401901,"0.0,0.0,0.0,0.0,0.0,0.0,0.0,0.0,0.0,0.0,0.0,0.0,0.0000,0,0,0,345.5736"
2026-05-24T16:40:43.898,14,IMU,19,Motor,1401901,"0.0,0.0,0.0,0.0,0.0,0.0,0.0,0.0,0.0,0.0,0.0,0.0,0.0000,0,0,0,345.5736"
2026-05-24T16:40:43.948,14,IMU,19,Motor,1401901,"0.0,0.0,0.0,0.0,0.0,0.0,0.0,0.0,0.0,0.0,0.0,0.0,0.0000,0,0,0,345.5736"
2026-05-24T16:40:43.998,14,IMU,19,Motor,1401901,"0.0,0.0,0.0,0.0,0.0,0.0,0.0,0.0,0.0,0.0,0.0,0.0,0.0000,0,0,0,345.5736"
2026-05-24T16:40:44.049,14,IMU,19,Motor,1401901,"0.0,0.0,0.0,0.0,0.0,0.0,0.0,0.0,0.0,0.0,0.0,0.0,0.0000,0,0,0,345.5736"
2026-05-24T16:40:44.099,14,IMU,19,Motor,1401901,"0.0,0.0,0.0,0.0,0.0,0.0,0.0,0.0,0.0,0.0,0.0,0.0,0.0000,0,0,0,345.5736"
2026-05-24T16:40:44.100,14,IMU,12,Comm,1401201,"0.0,0.0,0.0,0.0,0.0,0.0,0.0,0.0,0.0,0.0,0.0,0.0"
2026-05-24T16:40:44.150,14,IMU,19,Motor,1401901,"0.0,0.0,0.0,0.0,0.0,0.0,0.0,0.0,0.0,0.0,0.0,0.0,0.0000,0,0,0,345.5736"
2026-05-24T16:40:44.200,14,IMU,19,Motor,1401901,"0.0,0.0,0.0,0.0,0.0,0.0,0.0,0.0,0.0,0.0,0.0,0.0,0.0000,0,0,0,345.5736"
2026-05-24T16:40:44.250,14,IMU,19,Motor,1401901,"0.0,0.0,0.0,0.0,0.0,0.0,0.0,0.0,0.0,0.0,0.0,0.0,0.0000,0,0,0,345.5736"
2026-05-24T16:40:44.301,14,IMU,19,Motor,1401901,"0.0,0.0,0.0,0.0,0.0,0.0,0.0,0.0,0.0,0.0,0.0,0.0,0.0000,0,0,0,345.5736"
2026-05-24T16:40:44.351,14,IMU,19,Motor,1401901,"0.0,0.0,0.0,0.0,0.0,0.0,0.0,0.0,0.0,0.0,0.0,0.0,0.0000,0,0,0,345.5736"
2026-05-24T16:40:44.401,14,IMU,19,Motor,1401901,"0.0,0.0,0.0,0.0,0.0,0.0,0.0,0.0,0.0,0.0,0.0,0.0,0.0000,0,0,0,345.5736"
2026-05-24T16:40:44.452,14,IMU,19,Motor,1401901,"0.0,0.0,0.0,0.0,0.0,0.0,0.0,0.0,0.0,0.0,0.0,0.0,0.0000,0,0,0,345.5736"
2026-05-24T16:40:44.502,14,IMU,19,Motor,1401901,"0.0,0.0,0.0,0.0,0.0,0.0,0.0,0.0,0.0,0.0,0.0,0.0,0.0000,0,0,0,345.5736"
2026-05-24T16:40:44.553,14,IMU,19,Motor,1401901,"0.0,0.0,0.0,0.0,0.0,0.0,0.0,0.0,0.0,0.0,0.0,0.0,0.0000,0,0,0,345.5736"
2026-05-24T16:40:44.603,14,IMU,19,Motor,1401901,"0.0,0.0,0.0,0.0,0.0,0.0,0.0,0.0,0.0,0.0,0.0,0.0,0.0000,0,0,0,345.5736"
2026-05-24T16:40:44.653,14,IMU,19,Motor,1401901,"0.0,0.0,0.0,0.0,0.0,0.0,0.0,0.0,0.0,0.0,0.0,0.0,0.0000,0,0,0,345.5736"
2026-05-24T16:40:44.704,14,IMU,19,Motor,1401901,"0.0,0.0,0.0,0.0,0.0,0.0,0.0,0.0,0.0,0.0,0.0,0.0,0.0000,0,0,0,345.5736"
2026-05-24T16:40:44.754,14,IMU,19,Motor,1401901,"0.0,0.0,0.0,0.0,0.0,0.0,0.0,0.0,0.0,0.0,0.0,0.0,0.0000,0,0,0,345.5736"
2026-05-24T16:40:44.804,14,IMU,19,Motor,1401901,"0.0,0.0,0.0,0.0,0.0,0.0,0.0,0.0,0.0,0.0,0.0,0.0,0.0000,0,0,0,345.5736"
2026-05-24T16:40:44.855,14,IMU,19,Motor,1401901,"0.0,0.0,0.0,0.0,0.0,0.0,0.0,0.0,0.0,0.0,0.0,0.0,0.0000,0,0,0,345.5736"
2026-05-24T16:40:44.905,14,IMU,19,Motor,1401901,"0.0,0.0,0.0,0.0,0.0,0.0,0.0,0.0,0.0,0.0,0.0,0.0,0.0000,0,0,0,345.5736"
2026-05-24T16:40:44.955,14,IMU,19,Motor,1401901,"0.0,0.0,0.0,0.0,0.0,0.0,0.0,0.0,0.0,0.0,0.0,0.0,0.0000,0,0,0,345.5736"
2026-05-24T16:40:45.006,14,IMU,19,Motor,1401901,"0.0,0.0,0.0,0.0,0.0,0.0,0.0,0.0,0.0,0.0,0.0,0.0,0.0000,0,0,0,345.5736"
2026-05-24T16:40:45.056,14,IMU,19,Motor,1401901,"0.0,0.0,0.0,0.0,0.0,0.0,0.0,0.0,0.0,0.0,0.0,0.0,0.0000,0,0,0,345.5736"
2026-05-24T16:40:45.106,14,IMU,19,Motor,1401901,"0.0,0.0,0.0,0.0,0.0,0.0,0.0,0.0,0.0,0.0,0.0,0.0,0.0000,0,0,0,345.5736"
2026-05-24T16:40:45.107,14,IMU,12,Comm,1401201,"0.0,0.0,0.0,0.0,0.0,0.0,0.0,0.0,0.0,0.0,0.0,0.0"
2026-05-24T16:40:45.157,14,IMU,19,Motor,1401901,"0.0,0.0,0.0,0.0,0.0,0.0,0.0,0.0,0.0,0.0,0.0,0.0,0.0000,0,0,0,345.5736"
2026-05-24T16:40:45.207,14,IMU,19,Motor,1401901,"0.0,0.0,0.0,0.0,0.0,0.0,0.0,0.0,0.0,0.0,0.0,0.0,0.0000,0,0,0,345.5736"
2026-05-24T16:40:45.258,14,IMU,19,Motor,1401901,"0.0,0.0,0.0,0.0,0.0,0.0,0.0,0.0,0.0,0.0,0.0,0.0,0.0000,0,0,0,345.5736"
2026-05-24T16:40:45.308,14,IMU,19,Motor,1401901,"0.0,0.0,0.0,0.0,0.0,0.0,0.0,0.0,0.0,0.0,0.0,0.0,0.0000,0,0,0,345.5736"
2026-05-24T16:40:45.358,14,IMU,19,Motor,1401901,"0.0,0.0,0.0,0.0,0.0,0.0,0.0,0.0,0.0,0.0,0.0,0.0,0.0000,0,0,0,345.5736"
2026-05-24T16:40:45.409,14,IMU,19,Motor,1401901,"0.0,0.0,0.0,0.0,0.0,0.0,0.0,0.0,0.0,0.0,0.0,0.0,0.0000,0,0,0,345.5736"
2026-05-24T16:40:45.459,14,IMU,19,Motor,1401901,"0.0,0.0,0.0,0.0,0.0,0.0,0.0,0.0,0.0,0.0,0.0,0.0,0.0000,0,0,0,345.5736"
2026-05-24T16:40:45.509,14,IMU,19,Motor,1401901,"0.0,0.0,0.0,0.0,0.0,0.0,0.0,0.0,0.0,0.0,0.0,0.0,0.0000,0,0,0,345.5736"
2026-05-24T16:40:45.560,14,IMU,19,Motor,1401901,"0.0,0.0,0.0,0.0,0.0,0.0,0.0,0.0,0.0,0.0,0.0,0.0,0.0000,0,0,0,345.5736"
2026-05-24T16:40:45.610,14,IMU,19,Motor,1401901,"0.0,0.0,0.0,0.0,0.0,0.0,0.0,0.0,0.0,0.0,0.0,0.0,0.0000,0,0,0,345.5736"
2026-05-24T16:40:45.661,14,IMU,19,Motor,1401901,"0.0,0.0,0.0,0.0,0.0,0.0,0.0,0.0,0.0,0.0,0.0,0.0,0.0000,0,0,0,345.5736"
2026-05-24T16:40:45.711,14,IMU,19,Motor,1401901,"0.0,0.0,0.0,0.0,0.0,0.0,0.0,0.0,0.0,0.0,0.0,0.0,0.0000,0,0,0,345.5736"
2026-05-24T16:40:45.761,14,IMU,19,Motor,1401901,"0.0,0.0,0.0,0.0,0.0,0.0,0.0,0.0,0.0,0.0,0.0,0.0,0.0000,0,0,0,345.5736"
2026-05-24T16:40:45.812,14,IMU,19,Motor,1401901,"0.0,0.0,0.0,0.0,0.0,0.0,0.0,0.0,0.0,0.0,0.0,0.0,0.0000,0,0,0,345.5736"
2026-05-24T16:40:45.862,14,IMU,19,Motor,1401901,"0.0,0.0,0.0,0.0,0.0,0.0,0.0,0.0,0.0,0.0,0.0,0.0,0.0000,0,0,0,345.5736"
2026-05-24T16:40:45.912,14,IMU,19,Motor,1401901,"0.0,0.0,0.0,0.0,0.0,0.0,0.0,0.0,0.0,0.0,0.0,0.0,0.0000,0,0,0,345.5736"
2026-05-24T16:40:45.963,14,IMU,19,Motor,1401901,"0.0,0.0,0.0,0.0,0.0,0.0,0.0,0.0,0.0,0.0,0.0,0.0,0.0000,0,0,0,345.5736"
2026-05-24T16:40:46.013,14,IMU,19,Motor,1401901,"0.0,0.0,0.0,0.0,0.0,0.0,0.0,0.0,0.0,0.0,0.0,0.0,0.0000,0,0,0,345.5736"
2026-05-24T16:40:46.063,14,IMU,19,Motor,1401901,"0.0,0.0,0.0,0.0,0.0,0.0,0.0,0.0,0.0,0.0,0.0,0.0,0.0000,0,0,0,345.5736"
2026-05-24T16:40:46.114,14,IMU,19,Motor,1401901,"0.0,0.0,0.0,0.0,0.0,0.0,0.0,0.0,0.0,0.0,0.0,0.0,0.0000,0,0,0,345.5736"
2026-05-24T16:40:46.114,14,IMU,12,Comm,1401201,"0.0,0.0,0.0,0.0,0.0,0.0,0.0,0.0,0.0,0.0,0.0,0.0"
2026-05-24T16:40:46.164,14,IMU,19,Motor,1401901,"0.0,0.0,0.0,0.0,0.0,0.0,0.0,0.0,0.0,0.0,0.0,0.0,0.0000,0,0,0,345.5736"
2026-05-24T16:40:46.214,14,IMU,19,Motor,1401901,"0.0,0.0,0.0,0.0,0.0,0.0,0.0,0.0,0.0,0.0,0.0,0.0,0.0000,0,0,0,345.5736"
2026-05-24T16:40:46.265,14,IMU,19,Motor,1401901,"0.0,0.0,0.0,0.0,0.0,0.0,0.0,0.0,0.0,0.0,0.0,0.0,0.0000,0,0,0,345.5736"
2026-05-24T16:40:46.315,14,IMU,19,Motor,1401901,"0.0,0.0,0.0,0.0,0.0,0.0,0.0,0.0,0.0,0.0,0.0,0.0,0.0000,0,0,0,345.5736"
2026-05-24T16:40:46.365,14,IMU,19,Motor,1401901,"0.0,0.0,0.0,0.0,0.0,0.0,0.0,0.0,0.0,0.0,0.0,0.0,0.0000,0,0,0,345.5736"
2026-05-24T16:40:46.416,14,IMU,19,Motor,1401901,"0.0,0.0,0.0,0.0,0.0,0.0,0.0,0.0,0.0,0.0,0.0,0.0,0.0000,0,0,0,345.5736"
2026-05-24T16:40:46.466,14,IMU,19,Motor,1401901,"0.0,0.0,0.0,0.0,0.0,0.0,0.0,0.0,0.0,0.0,0.0,0.0,0.0000,0,0,0,345.5736"
2026-05-24T16:40:46.517,14,IMU,19,Motor,1401901,"0.0,0.0,0.0,0.0,0.0,0.0,0.0,0.0,0.0,0.0,0.0,0.0,0.0000,0,0,0,345.5736"
2026-05-24T16:40:46.567,14,IMU,19,Motor,1401901,"0.0,0.0,0.0,0.0,0.0,0.0,0.0,0.0,0.0,0.0,0.0,0.0,0.0000,0,0,0,345.5736"
2026-05-24T16:40:46.617,14,IMU,19,Motor,1401901,"0.0,0.0,0.0,0.0,0.0,0.0,0.0,0.0,0.0,0.0,0.0,0.0,0.0000,0,0,0,345.5736"
2026-05-24T16:40:46.668,14,IMU,19,Motor,1401901,"0.0,0.0,0.0,0.0,0.0,0.0,0.0,0.0,0.0,0.0,0.0,0.0,0.0000,0,0,0,345.5736"
2026-05-24T16:40:46.718,14,IMU,19,Motor,1401901,"0.0,0.0,0.0,0.0,0.0,0.0,0.0,0.0,0.0,0.0,0.0,0.0,0.0000,0,0,0,345.5736"
2026-05-24T16:40:46.768,14,IMU,19,Motor,1401901,"0.0,0.0,0.0,0.0,0.0,0.0,0.0,0.0,0.0,0.0,0.0,0.0,0.0000,0,0,0,345.5736"
2026-05-24T16:40:46.819,14,IMU,19,Motor,1401901,"0.0,0.0,0.0,0.0,0.0,0.0,0.0,0.0,0.0,0.0,0.0,0.0,0.0000,0,0,0,345.5736"
2026-05-24T16:40:46.869,14,IMU,19,Motor,1401901,"0.0,0.0,0.0,0.0,0.0,0.0,0.0,0.0,0.0,0.0,0.0,0.0,0.0000,0,0,0,345.5736"
2026-05-24T16:40:46.919,14,IMU,19,Motor,1401901,"0.0,0.0,0.0,0.0,0.0,0.0,0.0,0.0,0.0,0.0,0.0,0.0,0.0000,0,0,0,345.5736"
2026-05-24T16:40:46.970,14,IMU,19,Motor,1401901,"0.0,0.0,0.0,0.0,0.0,0.0,0.0,0.0,0.0,0.0,0.0,0.0,0.0000,0,0,0,345.5736"
2026-05-24T16:40:47.020,14,IMU,19,Motor,1401901,"0.0,0.0,0.0,0.0,0.0,0.0,0.0,0.0,0.0,0.0,0.0,0.0,0.0000,0,0,0,345.5736"
2026-05-24T16:40:47.071,14,IMU,19,Motor,1401901,"0.0,0.0,0.0,0.0,0.0,0.0,0.0,0.0,0.0,0.0,0.0,0.0,0.0000,0,0,0,345.5736"
2026-05-24T16:40:47.121,14,IMU,19,Motor,1401901,"0.0,0.0,0.0,0.0,0.0,0.0,0.0,0.0,0.0,0.0,0.0,0.0,0.0000,0,0,0,345.5736"
2026-05-24T16:40:47.122,14,IMU,12,Comm,1401201,"0.0,0.0,0.0,0.0,0.0,0.0,0.0,0.0,0.0,0.0,0.0,0.0"
2026-05-24T16:40:47.172,14,IMU,19,Motor,1401901,"0.0,0.0,0.0,0.0,0.0,0.0,0.0,0.0,0.0,0.0,0.0,0.0,0.0000,0,0,0,345.5736"
2026-05-24T16:40:47.222,14,IMU,19,Motor,1401901,"0.0,0.0,0.0,0.0,0.0,0.0,0.0,0.0,0.0,0.0,0.0,0.0,0.0000,0,0,0,345.5736"
2026-05-24T16:40:47.272,14,IMU,19,Motor,1401901,"0.0,0.0,0.0,0.0,0.0,0.0,0.0,0.0,0.0,0.0,0.0,0.0,0.0000,0,0,0,345.5736"
2026-05-24T16:40:47.323,14,IMU,19,Motor,1401901,"0.0,0.0,0.0,0.0,0.0,0.0,0.0,0.0,0.0,0.0,0.0,0.0,0.0000,0,0,0,345.5736"
2026-05-24T16:40:47.373,14,IMU,19,Motor,1401901,"0.0,0.0,0.0,0.0,0.0,0.0,0.0,0.0,0.0,0.0,0.0,0.0,0.0000,0,0,0,345.5736"
2026-05-24T16:40:47.424,14,IMU,19,Motor,1401901,"0.0,0.0,0.0,0.0,0.0,0.0,0.0,0.0,0.0,0.0,0.0,0.0,0.0000,0,0,0,345.5736"
2026-05-24T16:40:47.474,14,IMU,19,Motor,1401901,"0.0,0.0,0.0,0.0,0.0,0.0,0.0,0.0,0.0,0.0,0.0,0.0,0.0000,0,0,0,345.5736"
2026-05-24T16:40:47.524,14,IMU,19,Motor,1401901,"0.0,0.0,0.0,0.0,0.0,0.0,0.0,0.0,0.0,0.0,0.0,0.0,0.0000,0,0,0,345.5736"
2026-05-24T16:40:47.575,14,IMU,19,Motor,1401901,"0.0,0.0,0.0,0.0,0.0,0.0,0.0,0.0,0.0,0.0,0.0,0.0,0.0000,0,0,0,345.5736"
2026-05-24T16:40:47.625,14,IMU,19,Motor,1401901,"0.0,0.0,0.0,0.0,0.0,0.0,0.0,0.0,0.0,0.0,0.0,0.0,0.0000,0,0,0,345.5736"
2026-05-24T16:40:47.675,14,IMU,19,Motor,1401901,"0.0,0.0,0.0,0.0,0.0,0.0,0.0,0.0,0.0,0.0,0.0,0.0,0.0000,0,0,0,345.5736"
2026-05-24T16:40:47.726,14,IMU,19,Motor,1401901,"0.0,0.0,0.0,0.0,0.0,0.0,0.0,0.0,0.0,0.0,0.0,0.0,0.0000,0,0,0,345.5736"
2026-05-24T16:40:47.776,14,IMU,19,Motor,1401901,"0.0,0.0,0.0,0.0,0.0,0.0,0.0,0.0,0.0,0.0,0.0,0.0,0.0000,0,0,0,345.5736"
2026-05-24T16:40:47.826,14,IMU,19,Motor,1401901,"0.0,0.0,0.0,0.0,0.0,0.0,0.0,0.0,0.0,0.0,0.0,0.0,0.0000,0,0,0,345.5736"
2026-05-24T16:40:47.877,14,IMU,19,Motor,1401901,"0.0,0.0,0.0,0.0,0.0,0.0,0.0,0.0,0.0,0.0,0.0,0.0,0.0000,0,0,0,345.5736"
2026-05-24T16:40:47.927,14,IMU,19,Motor,1401901,"0.0,0.0,0.0,0.0,0.0,0.0,0.0,0.0,0.0,0.0,0.0,0.0,0.0000,0,0,0,345.5736"
2026-05-24T16:40:47.978,14,IMU,19,Motor,1401901,"0.0,0.0,0.0,0.0,0.0,0.0,0.0,0.0,0.0,0.0,0.0,0.0,0.0000,0,0,0,345.5736"
2026-05-24T16:40:48.029,14,IMU,19,Motor,1401901,"0.0,0.0,0.0,0.0,0.0,0.0,0.0,0.0,0.0,0.0,0.0,0.0,0.0000,0,0,0,345.5736"
2026-05-24T16:40:48.078,14,IMU,19,Motor,1401901,"0.0,0.0,0.0,0.0,0.0,0.0,0.0,0.0,0.0,0.0,0.0,0.0,0.0000,0,0,0,345.5736"
2026-05-24T16:40:48.129,14,IMU,19,Motor,1401901,"0.0,0.0,0.0,0.0,0.0,0.0,0.0,0.0,0.0,0.0,0.0,0.0,0.0000,0,0,0,345.5736"
2026-05-24T16:40:48.130,14,IMU,12,Comm,1401201,"0.0,0.0,0.0,0.0,0.0,0.0,0.0,0.0,0.0,0.0,0.0,0.0"
2026-05-24T16:40:48.179,14,IMU,19,Motor,1401901,"0.0,0.0,0.0,0.0,0.0,0.0,0.0,0.0,0.0,0.0,0.0,0.0,0.0000,0,0,0,345.5736"
2026-05-24T16:40:48.230,14,IMU,19,Motor,1401901,"0.0,0.0,0.0,0.0,0.0,0.0,0.0,0.0,0.0,0.0,0.0,0.0,0.0000,0,0,0,345.5736"
2026-05-24T16:40:48.280,14,IMU,19,Motor,1401901,"0.0,0.0,0.0,0.0,0.0,0.0,0.0,0.0,0.0,0.0,0.0,0.0,0.0000,0,0,0,345.5736"
2026-05-24T16:40:48.331,14,IMU,19,Motor,1401901,"0.0,0.0,0.0,0.0,0.0,0.0,0.0,0.0,0.0,0.0,0.0,0.0,0.0000,0,0,0,345.5736"
2026-05-24T16:40:48.381,14,IMU,19,Motor,1401901,"0.0,0.0,0.0,0.0,0.0,0.0,0.0,0.0,0.0,0.0,0.0,0.0,0.0000,0,0,0,345.5736"
2026-05-24T16:40:48.432,14,IMU,19,Motor,1401901,"0.0,0.0,0.0,0.0,0.0,0.0,0.0,0.0,0.0,0.0,0.0,0.0,0.0000,0,0,0,345.5736"
2026-05-24T16:40:48.482,14,IMU,19,Motor,1401901,"0.0,0.0,0.0,0.0,0.0,0.0,0.0,0.0,0.0,0.0,0.0,0.0,0.0000,0,0,0,345.5736"
2026-05-24T16:40:48.532,14,IMU,19,Motor,1401901,"0.0,0.0,0.0,0.0,0.0,0.0,0.0,0.0,0.0,0.0,0.0,0.0,0.0000,0,0,0,345.5736"
2026-05-24T16:40:48.583,14,IMU,19,Motor,1401901,"0.0,0.0,0.0,0.0,0.0,0.0,0.0,0.0,0.0,0.0,0.0,0.0,0.0000,0,0,0,345.5736"
2026-05-24T16:40:48.633,14,IMU,19,Motor,1401901,"0.0,0.0,0.0,0.0,0.0,0.0,0.0,0.0,0.0,0.0,0.0,0.0,0.0000,0,0,0,345.5736"
2026-05-24T16:40:48.683,14,IMU,19,Motor,1401901,"0.0,0.0,0.0,0.0,0.0,0.0,0.0,0.0,0.0,0.0,0.0,0.0,0.0000,0,0,0,345.5736"
2026-05-24T16:40:48.733,14,IMU,19,Motor,1401901,"0.0,0.0,0.0,0.0,0.0,0.0,0.0,0.0,0.0,0.0,0.0,0.0,0.0000,0,0,0,345.5736"
2026-05-24T16:40:48.784,14,IMU,19,Motor,1401901,"0.0,0.0,0.0,0.0,0.0,0.0,0.0,0.0,0.0,0.0,0.0,0.0,0.0000,0,0,0,345.5736"
2026-05-24T16:40:48.834,14,IMU,19,Motor,1401901,"0.0,0.0,0.0,0.0,0.0,0.0,0.0,0.0,0.0,0.0,0.0,0.0,0.0000,0,0,0,345.5736"
2026-05-24T16:40:48.885,14,IMU,19,Motor,1401901,"0.0,0.0,0.0,0.0,0.0,0.0,0.0,0.0,0.0,0.0,0.0,0.0,0.0000,0,0,0,345.5736"
2026-05-24T16:40:48.935,14,IMU,19,Motor,1401901,"0.0,0.0,0.0,0.0,0.0,0.0,0.0,0.0,0.0,0.0,0.0,0.0,0.0000,0,0,0,345.5736"
2026-05-24T16:40:48.985,14,IMU,19,Motor,1401901,"0.0,0.0,0.0,0.0,0.0,0.0,0.0,0.0,0.0,0.0,0.0,0.0,0.0000,0,0,0,345.5736"
2026-05-24T16:40:49.036,14,IMU,19,Motor,1401901,"0.0,0.0,0.0,0.0,0.0,0.0,0.0,0.0,0.0,0.0,0.0,0.0,0.0000,0,0,0,345.5736"
2026-05-24T16:40:49.086,14,IMU,19,Motor,1401901,"0.0,0.0,0.0,0.0,0.0,0.0,0.0,0.0,0.0,0.0,0.0,0.0,0.0000,0,0,0,345.5736"
2026-05-24T16:40:49.136,14,IMU,19,Motor,1401901,"0.0,0.0,0.0,0.0,0.0,0.0,0.0,0.0,0.0,0.0,0.0,0.0,0.0000,0,0,0,345.5736"
2026-05-24T16:40:49.137,14,IMU,12,Comm,1401201,"0.0,0.0,0.0,0.0,0.0,0.0,0.0,0.0,0.0,0.0,0.0,0.0"
2026-05-24T16:40:49.187,14,IMU,19,Motor,1401901,"0.0,0.0,0.0,0.0,0.0,0.0,0.0,0.0,0.0,0.0,0.0,0.0,0.0000,0,0,0,345.5736"
2026-05-24T16:40:49.237,14,IMU,19,Motor,1401901,"0.0,0.0,0.0,0.0,0.0,0.0,0.0,0.0,0.0,0.0,0.0,0.0,0.0000,0,0,0,345.5736"
2026-05-24T16:40:49.288,14,IMU,19,Motor,1401901,"0.0,0.0,0.0,0.0,0.0,0.0,0.0,0.0,0.0,0.0,0.0,0.0,0.0000,0,0,0,345.5736"
2026-05-24T16:40:49.338,14,IMU,19,Motor,1401901,"0.0,0.0,0.0,0.0,0.0,0.0,0.0,0.0,0.0,0.0,0.0,0.0,0.0000,0,0,0,345.5736"
2026-05-24T16:40:49.388,14,IMU,19,Motor,1401901,"0.0,0.0,0.0,0.0,0.0,0.0,0.0,0.0,0.0,0.0,0.0,0.0,0.0000,0,0,0,345.5736"
2026-05-24T16:40:49.439,14,IMU,19,Motor,1401901,"0.0,0.0,0.0,0.0,0.0,0.0,0.0,0.0,0.0,0.0,0.0,0.0,0.0000,0,0,0,345.5736"
2026-05-24T16:40:49.489,14,IMU,19,Motor,1401901,"0.0,0.0,0.0,0.0,0.0,0.0,0.0,0.0,0.0,0.0,0.0,0.0,0.0000,0,0,0,345.5736"
2026-05-24T16:40:49.539,14,IMU,19,Motor,1401901,"0.0,0.0,0.0,0.0,0.0,0.0,0.0,0.0,0.0,0.0,0.0,0.0,0.0000,0,0,0,345.5736"
2026-05-24T16:40:49.590,14,IMU,19,Motor,1401901,"0.0,0.0,0.0,0.0,0.0,0.0,0.0,0.0,0.0,0.0,0.0,0.0,0.0000,0,0,0,345.5736"
2026-05-24T16:40:49.640,14,IMU,19,Motor,1401901,"0.0,0.0,0.0,0.0,0.0,0.0,0.0,0.0,0.0,0.0,0.0,0.0,0.0000,0,0,0,345.5736"
2026-05-24T16:40:49.690,14,IMU,19,Motor,1401901,"0.0,0.0,0.0,0.0,0.0,0.0,0.0,0.0,0.0,0.0,0.0,0.0,0.0000,0,0,0,345.5736"
2026-05-24T16:40:49.741,14,IMU,19,Motor,1401901,"0.0,0.0,0.0,0.0,0.0,0.0,0.0,0.0,0.0,0.0,0.0,0.0,0.0000,0,0,0,345.5736"
2026-05-24T16:40:49.791,14,IMU,19,Motor,1401901,"0.0,0.0,0.0,0.0,0.0,0.0,0.0,0.0,0.0,0.0,0.0,0.0,0.0000,0,0,0,345.5736"
2026-05-24T16:40:49.841,14,IMU,19,Motor,1401901,"0.0,0.0,0.0,0.0,0.0,0.0,0.0,0.0,0.0,0.0,0.0,0.0,0.0000,0,0,0,345.5736"
2026-05-24T16:40:49.892,14,IMU,19,Motor,1401901,"0.0,0.0,0.0,0.0,0.0,0.0,0.0,0.0,0.0,0.0,0.0,0.0,0.0000,0,0,0,345.5736"
2026-05-24T16:40:49.942,14,IMU,19,Motor,1401901,"0.0,0.0,0.0,0.0,0.0,0.0,0.0,0.0,0.0,0.0,0.0,0.0,0.0000,0,0,0,345.5736"
2026-05-24T16:40:49.993,14,IMU,19,Motor,1401901,"0.0,0.0,0.0,0.0,0.0,0.0,0.0,0.0,0.0,0.0,0.0,0.0,0.0000,0,0,0,345.5736"
2026-05-24T16:40:50.043,14,IMU,19,Motor,1401901,"0.0,0.0,0.0,0.0,0.0,0.0,0.0,0.0,0.0,0.0,0.0,0.0,0.0000,0,0,0,345.5736"
2026-05-24T16:40:50.093,14,IMU,19,Motor,1401901,"0.0,0.0,0.0,0.0,0.0,0.0,0.0,0.0,0.0,0.0,0.0,0.0,0.0000,0,0,0,345.5736"
2026-05-24T16:40:50.144,14,IMU,19,Motor,1401901,"0.0,0.0,0.0,0.0,0.0,0.0,0.0,0.0,0.0,0.0,0.0,0.0,0.0000,0,0,0,345.5736"
2026-05-24T16:40:50.144,14,IMU,12,Comm,1401201,"0.0,0.0,0.0,0.0,0.0,0.0,0.0,0.0,0.0,0.0,0.0,0.0"
2026-05-24T16:40:50.194,14,IMU,19,Motor,1401901,"0.0,0.0,0.0,0.0,0.0,0.0,0.0,0.0,0.0,0.0,0.0,0.0,0.0000,0,0,0,345.5736"
2026-05-24T16:40:50.244,14,IMU,19,Motor,1401901,"0.0,0.0,0.0,0.0,0.0,0.0,0.0,0.0,0.0,0.0,0.0,0.0,0.0000,0,0,0,345.5736"
2026-05-24T16:40:50.295,14,IMU,19,Motor,1401901,"0.0,0.0,0.0,0.0,0.0,0.0,0.0,0.0,0.0,0.0,0.0,0.0,0.0000,0,0,0,345.5736"
2026-05-24T16:40:50.345,14,IMU,19,Motor,1401901,"0.0,0.0,0.0,0.0,0.0,0.0,0.0,0.0,0.0,0.0,0.0,0.0,0.0000,0,0,0,345.5736"
2026-05-24T16:40:50.396,14,IMU,19,Motor,1401901,"0.0,0.0,0.0,0.0,0.0,0.0,0.0,0.0,0.0,0.0,0.0,0.0,0.0000,0,0,0,345.5736"
2026-05-24T16:40:50.446,14,IMU,19,Motor,1401901,"0.0,0.0,0.0,0.0,0.0,0.0,0.0,0.0,0.0,0.0,0.0,0.0,0.0000,0,0,0,345.5736"
2026-05-24T16:40:50.496,14,IMU,19,Motor,1401901,"0.0,0.0,0.0,0.0,0.0,0.0,0.0,0.0,0.0,0.0,0.0,0.0,0.0000,0,0,0,345.5736"
2026-05-24T16:40:50.547,14,IMU,19,Motor,1401901,"0.0,0.0,0.0,0.0,0.0,0.0,0.0,0.0,0.0,0.0,0.0,0.0,0.0000,0,0,0,345.5736"
2026-05-24T16:40:50.597,14,IMU,19,Motor,1401901,"0.0,0.0,0.0,0.0,0.0,0.0,0.0,0.0,0.0,0.0,0.0,0.0,0.0000,0,0,0,345.5736"
2026-05-24T16:40:50.648,14,IMU,19,Motor,1401901,"0.0,0.0,0.0,0.0,0.0,0.0,0.0,0.0,0.0,0.0,0.0,0.0,0.0000,0,0,0,345.5736"
2026-05-24T16:40:50.698,14,IMU,19,Motor,1401901,"0.0,0.0,0.0,0.0,0.0,0.0,0.0,0.0,0.0,0.0,0.0,0.0,0.0000,0,0,0,345.5736"
2026-05-24T16:40:50.748,14,IMU,19,Motor,1401901,"0.0,0.0,0.0,0.0,0.0,0.0,0.0,0.0,0.0,0.0,0.0,0.0,0.0000,0,0,0,345.5736"
2026-05-24T16:40:50.799,14,IMU,19,Motor,1401901,"0.0,0.0,0.0,0.0,0.0,0.0,0.0,0.0,0.0,0.0,0.0,0.0,0.0000,0,0,0,345.5736"
2026-05-24T16:40:50.849,14,IMU,19,Motor,1401901,"0.0,0.0,0.0,0.0,0.0,0.0,0.0,0.0,0.0,0.0,0.0,0.0,0.0000,0,0,0,345.5736"
2026-05-24T16:40:50.900,14,IMU,19,Motor,1401901,"0.0,0.0,0.0,0.0,0.0,0.0,0.0,0.0,0.0,0.0,0.0,0.0,0.0000,0,0,0,345.5736"
2026-05-24T16:40:50.950,14,IMU,19,Motor,1401901,"0.0,0.0,0.0,0.0,0.0,0.0,0.0,0.0,0.0,0.0,0.0,0.0,0.0000,0,0,0,345.5736"
2026-05-24T16:40:51.000,14,IMU,19,Motor,1401901,"0.0,0.0,0.0,0.0,0.0,0.0,0.0,0.0,0.0,0.0,0.0,0.0,0.0000,0,0,0,345.5736"
2026-05-24T16:40:51.051,14,IMU,19,Motor,1401901,"0.0,0.0,0.0,0.0,0.0,0.0,0.0,0.0,0.0,0.0,0.0,0.0,0.0000,0,0,0,345.5736"
2026-05-24T16:40:51.101,14,IMU,19,Motor,1401901,"0.0,0.0,0.0,0.0,0.0,0.0,0.0,0.0,0.0,0.0,0.0,0.0,0.0000,0,0,0,345.5736"
2026-05-24T16:40:51.152,14,IMU,19,Motor,1401901,"0.0,0.0,0.0,0.0,0.0,0.0,0.0,0.0,0.0,0.0,0.0,0.0,0.0000,0,0,0,345.5736"
2026-05-24T16:40:51.152,14,IMU,12,Comm,1401201,"0.0,0.0,0.0,0.0,0.0,0.0,0.0,0.0,0.0,0.0,0.0,0.0"
2026-05-24T16:40:51.202,14,IMU,19,Motor,1401901,"0.0,0.0,0.0,0.0,0.0,0.0,0.0,0.0,0.0,0.0,0.0,0.0,0.0000,0,0,0,345.5736"
2026-05-24T16:40:51.252,14,IMU,19,Motor,1401901,"0.0,0.0,0.0,0.0,0.0,0.0,0.0,0.0,0.0,0.0,0.0,0.0,0.0000,0,0,0,345.5736"
2026-05-24T16:40:51.303,14,IMU,19,Motor,1401901,"0.0,0.0,0.0,0.0,0.0,0.0,0.0,0.0,0.0,0.0,0.0,0.0,0.0000,0,0,0,345.5736"
2026-05-24T16:40:51.353,14,IMU,19,Motor,1401901,"0.0,0.0,0.0,0.0,0.0,0.0,0.0,0.0,0.0,0.0,0.0,0.0,0.0000,0,0,0,345.5736"
2026-05-24T16:40:51.404,14,IMU,19,Motor,1401901,"0.0,0.0,0.0,0.0,0.0,0.0,0.0,0.0,0.0,0.0,0.0,0.0,0.0000,0,0,0,345.5736"
2026-05-24T16:40:51.454,14,IMU,19,Motor,1401901,"0.0,0.0,0.0,0.0,0.0,0.0,0.0,0.0,0.0,0.0,0.0,0.0,0.0000,0,0,0,345.5736"
2026-05-24T16:40:51.504,14,IMU,19,Motor,1401901,"0.0,0.0,0.0,0.0,0.0,0.0,0.0,0.0,0.0,0.0,0.0,0.0,0.0000,0,0,0,345.5736"
2026-05-24T16:40:51.555,14,IMU,19,Motor,1401901,"0.0,0.0,0.0,0.0,0.0,0.0,0.0,0.0,0.0,0.0,0.0,0.0,0.0000,0,0,0,345.5736"
2026-05-24T16:40:51.605,14,IMU,19,Motor,1401901,"0.0,0.0,0.0,0.0,0.0,0.0,0.0,0.0,0.0,0.0,0.0,0.0,0.0000,0,0,0,345.5736"
2026-05-24T16:40:51.656,14,IMU,19,Motor,1401901,"0.0,0.0,0.0,0.0,0.0,0.0,0.0,0.0,0.0,0.0,0.0,0.0,0.0000,0,0,0,345.5736"
2026-05-24T16:40:51.706,14,IMU,19,Motor,1401901,"0.0,0.0,0.0,0.0,0.0,0.0,0.0,0.0,0.0,0.0,0.0,0.0,0.0000,0,0,0,345.5736"
2026-05-24T16:40:51.756,14,IMU,19,Motor,1401901,"0.0,0.0,0.0,0.0,0.0,0.0,0.0,0.0,0.0,0.0,0.0,0.0,0.0000,0,0,0,345.5736"
2026-05-24T16:40:51.807,14,IMU,19,Motor,1401901,"0.0,0.0,0.0,0.0,0.0,0.0,0.0,0.0,0.0,0.0,0.0,0.0,0.0000,0,0,0,345.5736"
2026-05-24T16:40:51.857,14,IMU,19,Motor,1401901,"0.0,0.0,0.0,0.0,0.0,0.0,0.0,0.0,0.0,0.0,0.0,0.0,0.0000,0,0,0,345.5736"
2026-05-24T16:40:51.908,14,IMU,19,Motor,1401901,"0.0,0.0,0.0,0.0,0.0,0.0,0.0,0.0,0.0,0.0,0.0,0.0,0.0000,0,0,0,345.5736"
2026-05-24T16:40:51.958,14,IMU,19,Motor,1401901,"0.0,0.0,0.0,0.0,0.0,0.0,0.0,0.0,0.0,0.0,0.0,0.0,0.0000,0,0,0,345.5736"
2026-05-24T16:40:52.008,14,IMU,19,Motor,1401901,"0.0,0.0,0.0,0.0,0.0,0.0,0.0,0.0,0.0,0.0,0.0,0.0,0.0000,0,0,0,345.5736"
2026-05-24T16:40:52.059,14,IMU,19,Motor,1401901,"0.0,0.0,0.0,0.0,0.0,0.0,0.0,0.0,0.0,0.0,0.0,0.0,0.0000,0,0,0,345.5736"
2026-05-24T16:40:52.109,14,IMU,19,Motor,1401901,"0.0,0.0,0.0,0.0,0.0,0.0,0.0,0.0,0.0,0.0,0.0,0.0,0.0000,0,0,0,345.5736"
2026-05-24T16:40:52.160,14,IMU,19,Motor,1401901,"0.0,0.0,0.0,0.0,0.0,0.0,0.0,0.0,0.0,0.0,0.0,0.0,0.0000,0,0,0,345.5736"
2026-05-24T16:40:52.160,14,IMU,12,Comm,1401201,"0.0,0.0,0.0,0.0,0.0,0.0,0.0,0.0,0.0,0.0,0.0,0.0"
2026-05-24T16:40:52.210,14,IMU,19,Motor,1401901,"0.0,0.0,0.0,0.0,0.0,0.0,0.0,0.0,0.0,0.0,0.0,0.0,0.0000,0,0,0,345.5736"
2026-05-24T16:40:52.260,14,IMU,19,Motor,1401901,"0.0,0.0,0.0,0.0,0.0,0.0,0.0,0.0,0.0,0.0,0.0,0.0,0.0000,0,0,0,345.5736"
2026-05-24T16:40:52.311,14,IMU,19,Motor,1401901,"0.0,0.0,0.0,0.0,0.0,0.0,0.0,0.0,0.0,0.0,0.0,0.0,0.0000,0,0,0,345.5736"
2026-05-24T16:40:52.362,14,IMU,19,Motor,1401901,"0.0,0.0,0.0,0.0,0.0,0.0,0.0,0.0,0.0,0.0,0.0,0.0,0.0000,0,0,0,345.5736"
2026-05-24T16:40:52.412,14,IMU,19,Motor,1401901,"0.0,0.0,0.0,0.0,0.0,0.0,0.0,0.0,0.0,0.0,0.0,0.0,0.0000,0,0,0,345.5736"
2026-05-24T16:40:52.462,14,IMU,19,Motor,1401901,"0.0,0.0,0.0,0.0,0.0,0.0,0.0,0.0,0.0,0.0,0.0,0.0,0.0000,0,0,0,345.5736"
2026-05-24T16:40:52.512,14,IMU,19,Motor,1401901,"0.0,0.0,0.0,0.0,0.0,0.0,0.0,0.0,0.0,0.0,0.0,0.0,0.0000,0,0,0,345.5736"
2026-05-24T16:40:52.563,14,IMU,19,Motor,1401901,"0.0,0.0,0.0,0.0,0.0,0.0,0.0,0.0,0.0,0.0,0.0,0.0,0.0000,0,0,0,345.5736"
2026-05-24T16:40:52.613,14,IMU,19,Motor,1401901,"0.0,0.0,0.0,0.0,0.0,0.0,0.0,0.0,0.0,0.0,0.0,0.0,0.0000,0,0,0,345.5736"
2026-05-24T16:40:52.664,14,IMU,19,Motor,1401901,"0.0,0.0,0.0,0.0,0.0,0.0,0.0,0.0,0.0,0.0,0.0,0.0,0.0000,0,0,0,345.5736"
2026-05-24T16:40:52.714,14,IMU,19,Motor,1401901,"0.0,0.0,0.0,0.0,0.0,0.0,0.0,0.0,0.0,0.0,0.0,0.0,0.0000,0,0,0,345.5736"
2026-05-24T16:40:52.764,14,IMU,19,Motor,1401901,"0.0,0.0,0.0,0.0,0.0,0.0,0.0,0.0,0.0,0.0,0.0,0.0,0.0000,0,0,0,345.5736"
2026-05-24T16:40:52.815,14,IMU,19,Motor,1401901,"0.0,0.0,0.0,0.0,0.0,0.0,0.0,0.0,0.0,0.0,0.0,0.0,0.0000,0,0,0,345.5736"
2026-05-24T16:40:52.865,14,IMU,19,Motor,1401901,"0.0,0.0,0.0,0.0,0.0,0.0,0.0,0.0,0.0,0.0,0.0,0.0,0.0000,0,0,0,345.5736"
2026-05-24T16:40:52.916,14,IMU,19,Motor,1401901,"0.0,0.0,0.0,0.0,0.0,0.0,0.0,0.0,0.0,0.0,0.0,0.0,0.0000,0,0,0,345.5736"
2026-05-24T16:40:52.966,14,IMU,19,Motor,1401901,"0.0,0.0,0.0,0.0,0.0,0.0,0.0,0.0,0.0,0.0,0.0,0.0,0.0000,0,0,0,345.5736"
2026-05-24T16:40:53.016,14,IMU,19,Motor,1401901,"0.0,0.0,0.0,0.0,0.0,0.0,0.0,0.0,0.0,0.0,0.0,0.0,0.0000,0,0,0,345.5736"
2026-05-24T16:40:53.067,14,IMU,19,Motor,1401901,"0.0,0.0,0.0,0.0,0.0,0.0,0.0,0.0,0.0,0.0,0.0,0.0,0.0000,0,0,0,345.5736"
2026-05-24T16:40:53.117,14,IMU,19,Motor,1401901,"0.0,0.0,0.0,0.0,0.0,0.0,0.0,0.0,0.0,0.0,0.0,0.0,0.0000,0,0,0,345.5736"
2026-05-24T16:40:53.168,14,IMU,19,Motor,1401901,"0.0,0.0,0.0,0.0,0.0,0.0,0.0,0.0,0.0,0.0,0.0,0.0,0.0000,0,0,0,345.5736"
2026-05-24T16:40:53.168,14,IMU,12,Comm,1401201,"0.0,0.0,0.0,0.0,0.0,0.0,0.0,0.0,0.0,0.0,0.0,0.0"
2026-05-24T16:40:53.218,14,IMU,19,Motor,1401901,"0.0,0.0,0.0,0.0,0.0,0.0,0.0,0.0,0.0,0.0,0.0,0.0,0.0000,0,0,0,345.5736"
2026-05-24T16:40:53.268,14,IMU,19,Motor,1401901,"0.0,0.0,0.0,0.0,0.0,0.0,0.0,0.0,0.0,0.0,0.0,0.0,0.0000,0,0,0,345.5736"
2026-05-24T16:40:53.319,14,IMU,19,Motor,1401901,"0.0,0.0,0.0,0.0,0.0,0.0,0.0,0.0,0.0,0.0,0.0,0.0,0.0000,0,0,0,345.5736"
2026-05-24T16:40:53.369,14,IMU,19,Motor,1401901,"0.0,0.0,0.0,0.0,0.0,0.0,0.0,0.0,0.0,0.0,0.0,0.0,0.0000,0,0,0,345.5736"
2026-05-24T16:40:53.420,14,IMU,19,Motor,1401901,"0.0,0.0,0.0,0.0,0.0,0.0,0.0,0.0,0.0,0.0,0.0,0.0,0.0000,0,0,0,345.5736"
2026-05-24T16:40:53.470,14,IMU,19,Motor,1401901,"0.0,0.0,0.0,0.0,0.0,0.0,0.0,0.0,0.0,0.0,0.0,0.0,0.0000,0,0,0,345.5736"
2026-05-24T16:40:53.520,14,IMU,19,Motor,1401901,"0.0,0.0,0.0,0.0,0.0,0.0,0.0,0.0,0.0,0.0,0.0,0.0,0.0000,0,0,0,345.5736"
2026-05-24T16:40:53.571,14,IMU,19,Motor,1401901,"0.0,0.0,0.0,0.0,0.0,0.0,0.0,0.0,0.0,0.0,0.0,0.0,0.0000,0,0,0,345.5736"
2026-05-24T16:40:53.621,14,IMU,19,Motor,1401901,"0.0,0.0,0.0,0.0,0.0,0.0,0.0,0.0,0.0,0.0,0.0,0.0,0.0000,0,0,0,345.5736"
2026-05-24T16:40:53.672,14,IMU,19,Motor,1401901,"0.0,0.0,0.0,0.0,0.0,0.0,0.0,0.0,0.0,0.0,0.0,0.0,0.0000,0,0,0,345.5736"
2026-05-24T16:40:53.722,14,IMU,19,Motor,1401901,"0.0,0.0,0.0,0.0,0.0,0.0,0.0,0.0,0.0,0.0,0.0,0.0,0.0000,0,0,0,345.5736"
2026-05-24T16:40:53.772,14,IMU,19,Motor,1401901,"0.0,0.0,0.0,0.0,0.0,0.0,0.0,0.0,0.0,0.0,0.0,0.0,0.0000,0,0,0,345.5736"
2026-05-24T16:40:53.823,14,IMU,19,Motor,1401901,"0.0,0.0,0.0,0.0,0.0,0.0,0.0,0.0,0.0,0.0,0.0,0.0,0.0000,0,0,0,345.5736"
2026-05-24T16:40:53.873,14,IMU,19,Motor,1401901,"0.0,0.0,0.0,0.0,0.0,0.0,0.0,0.0,0.0,0.0,0.0,0.0,0.0000,0,0,0,345.5736"
2026-05-24T16:40:53.924,14,IMU,19,Motor,1401901,"0.0,0.0,0.0,0.0,0.0,0.0,0.0,0.0,0.0,0.0,0.0,0.0,0.0000,0,0,0,345.5736"
2026-05-24T16:40:53.974,14,IMU,19,Motor,1401901,"0.0,0.0,0.0,0.0,0.0,0.0,0.0,0.0,0.0,0.0,0.0,0.0,0.0000,0,0,0,345.5736"
2026-05-24T16:40:54.024,14,IMU,19,Motor,1401901,"0.0,0.0,0.0,0.0,0.0,0.0,0.0,0.0,0.0,0.0,0.0,0.0,0.0000,0,0,0,345.5736"
2026-05-24T16:40:54.075,14,IMU,19,Motor,1401901,"0.0,0.0,0.0,0.0,0.0,0.0,0.0,0.0,0.0,0.0,0.0,0.0,0.0000,0,0,0,345.5736"
2026-05-24T16:40:54.125,14,IMU,19,Motor,1401901,"0.0,0.0,0.0,0.0,0.0,0.0,0.0,0.0,0.0,0.0,0.0,0.0,0.0000,0,0,0,345.5736"
2026-05-24T16:40:54.176,14,IMU,19,Motor,1401901,"0.0,0.0,0.0,0.0,0.0,0.0,0.0,0.0,0.0,0.0,0.0,0.0,0.0000,0,0,0,345.5736"
2026-05-24T16:40:54.176,14,IMU,12,Comm,1401201,"0.0,0.0,0.0,0.0,0.0,0.0,0.0,0.0,0.0,0.0,0.0,0.0"
2026-05-24T16:40:54.226,14,IMU,19,Motor,1401901,"0.0,0.0,0.0,0.0,0.0,0.0,0.0,0.0,0.0,0.0,0.0,0.0,0.0000,0,0,0,345.5736"
2026-05-24T16:40:54.276,14,IMU,19,Motor,1401901,"0.0,0.0,0.0,0.0,0.0,0.0,0.0,0.0,0.0,0.0,0.0,0.0,0.0000,0,0,0,345.5736"
2026-05-24T16:40:54.327,14,IMU,19,Motor,1401901,"0.0,0.0,0.0,0.0,0.0,0.0,0.0,0.0,0.0,0.0,0.0,0.0,0.0000,0,0,0,345.5736"
2026-05-24T16:40:54.377,14,IMU,19,Motor,1401901,"0.0,0.0,0.0,0.0,0.0,0.0,0.0,0.0,0.0,0.0,0.0,0.0,0.0000,0,0,0,345.5736"
2026-05-24T16:40:54.428,14,IMU,19,Motor,1401901,"0.0,0.0,0.0,0.0,0.0,0.0,0.0,0.0,0.0,0.0,0.0,0.0,0.0000,0,0,0,345.5736"
2026-05-24T16:40:54.478,14,IMU,19,Motor,1401901,"0.0,0.0,0.0,0.0,0.0,0.0,0.0,0.0,0.0,0.0,0.0,0.0,0.0000,0,0,0,345.5736"
2026-05-24T16:40:54.528,14,IMU,19,Motor,1401901,"0.0,0.0,0.0,0.0,0.0,0.0,0.0,0.0,0.0,0.0,0.0,0.0,0.0000,0,0,0,345.5736"
2026-05-24T16:40:54.579,14,IMU,19,Motor,1401901,"0.0,0.0,0.0,0.0,0.0,0.0,0.0,0.0,0.0,0.0,0.0,0.0,0.0000,0,0,0,345.5736"
2026-05-24T16:40:54.629,14,IMU,19,Motor,1401901,"0.0,0.0,0.0,0.0,0.0,0.0,0.0,0.0,0.0,0.0,0.0,0.0,0.0000,0,0,0,345.5736"
2026-05-24T16:40:54.680,14,IMU,19,Motor,1401901,"0.0,0.0,0.0,0.0,0.0,0.0,0.0,0.0,0.0,0.0,0.0,0.0,0.0000,0,0,0,345.5736"
2026-05-24T16:40:54.730,14,IMU,19,Motor,1401901,"0.0,0.0,0.0,0.0,0.0,0.0,0.0,0.0,0.0,0.0,0.0,0.0,0.0000,0,0,0,345.5736"
2026-05-24T16:40:54.780,14,IMU,19,Motor,1401901,"0.0,0.0,0.0,0.0,0.0,0.0,0.0,0.0,0.0,0.0,0.0,0.0,0.0000,0,0,0,345.5736"
2026-05-24T16:40:54.831,14,IMU,19,Motor,1401901,"0.0,0.0,0.0,0.0,0.0,0.0,0.0,0.0,0.0,0.0,0.0,0.0,0.0000,0,0,0,345.5736"
2026-05-24T16:40:54.881,14,IMU,19,Motor,1401901,"0.0,0.0,0.0,0.0,0.0,0.0,0.0,0.0,0.0,0.0,0.0,0.0,0.0000,0,0,0,345.5736"
2026-05-24T16:40:54.931,14,IMU,19,Motor,1401901,"0.0,0.0,0.0,0.0,0.0,0.0,0.0,0.0,0.0,0.0,0.0,0.0,0.0000,0,0,0,345.5736"
2026-05-24T16:40:54.982,14,IMU,19,Motor,1401901,"0.0,0.0,0.0,0.0,0.0,0.0,0.0,0.0,0.0,0.0,0.0,0.0,0.0000,0,0,0,345.5736"
2026-05-24T16:40:55.032,14,IMU,19,Motor,1401901,"0.0,0.0,0.0,0.0,0.0,0.0,0.0,0.0,0.0,0.0,0.0,0.0,0.0000,0,0,0,345.5736"
2026-05-24T16:40:55.082,14,IMU,19,Motor,1401901,"0.0,0.0,0.0,0.0,0.0,0.0,0.0,0.0,0.0,0.0,0.0,0.0,0.0000,0,0,0,345.5736"
2026-05-24T16:40:55.133,14,IMU,19,Motor,1401901,"0.0,0.0,0.0,0.0,0.0,0.0,0.0,0.0,0.0,0.0,0.0,0.0,0.0000,0,0,0,345.5736"
2026-05-24T16:40:55.183,14,IMU,19,Motor,1401901,"0.0,0.0,0.0,0.0,0.0,0.0,0.0,0.0,0.0,0.0,0.0,0.0,0.0000,0,0,0,345.5736"
2026-05-24T16:40:55.184,14,IMU,12,Comm,1401201,"0.0,0.0,0.0,0.0,0.0,0.0,0.0,0.0,0.0,0.0,0.0,0.0"
2026-05-24T16:40:55.233,14,IMU,19,Motor,1401901,"0.0,0.0,0.0,0.0,0.0,0.0,0.0,0.0,0.0,0.0,0.0,0.0,0.0000,0,0,0,345.5736"
2026-05-24T16:40:55.284,14,IMU,19,Motor,1401901,"0.0,0.0,0.0,0.0,0.0,0.0,0.0,0.0,0.0,0.0,0.0,0.0,0.0000,0,0,0,345.5736"
2026-05-24T16:40:55.334,14,IMU,19,Motor,1401901,"0.0,0.0,0.0,0.0,0.0,0.0,0.0,0.0,0.0,0.0,0.0,0.0,0.0000,0,0,0,345.5736"
2026-05-24T16:40:55.385,14,IMU,19,Motor,1401901,"0.0,0.0,0.0,0.0,0.0,0.0,0.0,0.0,0.0,0.0,0.0,0.0,0.0000,0,0,0,345.5736"
2026-05-24T16:40:55.435,14,IMU,19,Motor,1401901,"0.0,0.0,0.0,0.0,0.0,0.0,0.0,0.0,0.0,0.0,0.0,0.0,0.0000,0,0,0,345.5736"
2026-05-24T16:40:55.485,14,IMU,19,Motor,1401901,"0.0,0.0,0.0,0.0,0.0,0.0,0.0,0.0,0.0,0.0,0.0,0.0,0.0000,0,0,0,345.5736"
2026-05-24T16:40:55.536,14,IMU,19,Motor,1401901,"0.0,0.0,0.0,0.0,0.0,0.0,0.0,0.0,0.0,0.0,0.0,0.0,0.0000,0,0,0,345.5736"
2026-05-24T16:40:55.586,14,IMU,19,Motor,1401901,"0.0,0.0,0.0,0.0,0.0,0.0,0.0,0.0,0.0,0.0,0.0,0.0,0.0000,0,0,0,345.5736"
2026-05-24T16:40:55.636,14,IMU,19,Motor,1401901,"0.0,0.0,0.0,0.0,0.0,0.0,0.0,0.0,0.0,0.0,0.0,0.0,0.0000,0,0,0,345.5736"
2026-05-24T16:40:55.687,14,IMU,19,Motor,1401901,"0.0,0.0,0.0,0.0,0.0,0.0,0.0,0.0,0.0,0.0,0.0,0.0,0.0000,0,0,0,345.5736"
2026-05-24T16:40:55.737,14,IMU,19,Motor,1401901,"0.0,0.0,0.0,0.0,0.0,0.0,0.0,0.0,0.0,0.0,0.0,0.0,0.0000,0,0,0,345.5736"
2026-05-24T16:40:55.787,14,IMU,19,Motor,1401901,"0.0,0.0,0.0,0.0,0.0,0.0,0.0,0.0,0.0,0.0,0.0,0.0,0.0000,0,0,0,345.5736"
2026-05-24T16:40:55.838,14,IMU,19,Motor,1401901,"0.0,0.0,0.0,0.0,0.0,0.0,0.0,0.0,0.0,0.0,0.0,0.0,0.0000,0,0,0,345.5736"
2026-05-24T16:40:55.888,14,IMU,19,Motor,1401901,"0.0,0.0,0.0,0.0,0.0,0.0,0.0,0.0,0.0,0.0,0.0,0.0,0.0000,0,0,0,345.5736"
2026-05-24T16:40:55.939,14,IMU,19,Motor,1401901,"0.0,0.0,0.0,0.0,0.0,0.0,0.0,0.0,0.0,0.0,0.0,0.0,0.0000,0,0,0,345.5736"
2026-05-24T16:40:55.989,14,IMU,19,Motor,1401901,"0.0,0.0,0.0,0.0,0.0,0.0,0.0,0.0,0.0,0.0,0.0,0.0,0.0000,0,0,0,345.5736"
2026-05-24T16:40:56.039,14,IMU,19,Motor,1401901,"0.0,0.0,0.0,0.0,0.0,0.0,0.0,0.0,0.0,0.0,0.0,0.0,0.0000,0,0,0,345.5736"
2026-05-24T16:40:56.090,14,IMU,19,Motor,1401901,"0.0,0.0,0.0,0.0,0.0,0.0,0.0,0.0,0.0,0.0,0.0,0.0,0.0000,0,0,0,345.5736"
2026-05-24T16:40:56.140,14,IMU,19,Motor,1401901,"0.0,0.0,0.0,0.0,0.0,0.0,0.0,0.0,0.0,0.0,0.0,0.0,0.0000,0,0,0,345.5736"
2026-05-24T16:40:56.190,14,IMU,19,Motor,1401901,"0.0,0.0,0.0,0.0,0.0,0.0,0.0,0.0,0.0,0.0,0.0,0.0,0.0000,0,0,0,345.5736"
2026-05-24T16:40:56.191,14,IMU,12,Comm,1401201,"0.0,0.0,0.0,0.0,0.0,0.0,0.0,0.0,0.0,0.0,0.0,0.0"
2026-05-24T16:40:56.241,14,IMU,19,Motor,1401901,"0.0,0.0,0.0,0.0,0.0,0.0,0.0,0.0,0.0,0.0,0.0,0.0,0.0000,0,0,0,345.5736"
2026-05-24T16:40:56.291,14,IMU,19,Motor,1401901,"0.0,0.0,0.0,0.0,0.0,0.0,0.0,0.0,0.0,0.0,0.0,0.0,0.0000,0,0,0,345.5736"
2026-05-24T16:40:56.342,14,IMU,19,Motor,1401901,"0.0,0.0,0.0,0.0,0.0,0.0,0.0,0.0,0.0,0.0,0.0,0.0,0.0000,0,0,0,345.5736"
2026-05-24T16:40:56.392,14,IMU,19,Motor,1401901,"0.0,0.0,0.0,0.0,0.0,0.0,0.0,0.0,0.0,0.0,0.0,0.0,0.0000,0,0,0,345.5736"
2026-05-24T16:40:56.443,14,IMU,19,Motor,1401901,"0.0,0.0,0.0,0.0,0.0,0.0,0.0,0.0,0.0,0.0,0.0,0.0,0.0000,0,0,0,345.5736"
2026-05-24T16:40:56.493,14,IMU,19,Motor,1401901,"0.0,0.0,0.0,0.0,0.0,0.0,0.0,0.0,0.0,0.0,0.0,0.0,0.0000,0,0,0,345.5736"
2026-05-24T16:40:56.543,14,IMU,19,Motor,1401901,"0.0,0.0,0.0,0.0,0.0,0.0,0.0,0.0,0.0,0.0,0.0,0.0,0.0000,0,0,0,345.5736"
2026-05-24T16:40:56.593,14,IMU,19,Motor,1401901,"0.0,0.0,0.0,0.0,0.0,0.0,0.0,0.0,0.0,0.0,0.0,0.0,0.0000,0,0,0,345.5736"
2026-05-24T16:40:56.644,14,IMU,19,Motor,1401901,"0.0,0.0,0.0,0.0,0.0,0.0,0.0,0.0,0.0,0.0,0.0,0.0,0.0000,0,0,0,345.5736"
2026-05-24T16:40:56.694,14,IMU,19,Motor,1401901,"0.0,0.0,0.0,0.0,0.0,0.0,0.0,0.0,0.0,0.0,0.0,0.0,0.0000,0,0,0,345.5736"
2026-05-24T16:40:56.745,14,IMU,19,Motor,1401901,"0.0,0.0,0.0,0.0,0.0,0.0,0.0,0.0,0.0,0.0,0.0,0.0,0.0000,0,0,0,345.5736"
2026-05-24T16:40:56.795,14,IMU,19,Motor,1401901,"0.0,0.0,0.0,0.0,0.0,0.0,0.0,0.0,0.0,0.0,0.0,0.0,0.0000,0,0,0,345.5736"
2026-05-24T16:40:56.845,14,IMU,19,Motor,1401901,"0.0,0.0,0.0,0.0,0.0,0.0,0.0,0.0,0.0,0.0,0.0,0.0,0.0000,0,0,0,345.5736"
2026-05-24T16:40:56.896,14,IMU,19,Motor,1401901,"0.0,0.0,0.0,0.0,0.0,0.0,0.0,0.0,0.0,0.0,0.0,0.0,0.0000,0,0,0,345.5736"
2026-05-24T16:40:56.946,14,IMU,19,Motor,1401901,"0.0,0.0,0.0,0.0,0.0,0.0,0.0,0.0,0.0,0.0,0.0,0.0,0.0000,0,0,0,345.5736"
2026-05-24T16:40:56.996,14,IMU,19,Motor,1401901,"0.0,0.0,0.0,0.0,0.0,0.0,0.0,0.0,0.0,0.0,0.0,0.0,0.0000,0,0,0,345.5736"
2026-05-24T16:40:57.046,14,IMU,19,Motor,1401901,"0.0,0.0,0.0,0.0,0.0,0.0,0.0,0.0,0.0,0.0,0.0,0.0,0.0000,0,0,0,345.5736"
2026-05-24T16:40:57.097,14,IMU,19,Motor,1401901,"0.0,0.0,0.0,0.0,0.0,0.0,0.0,0.0,0.0,0.0,0.0,0.0,0.0000,0,0,0,345.5736"
2026-05-24T16:40:57.147,14,IMU,19,Motor,1401901,"0.0,0.0,0.0,0.0,0.0,0.0,0.0,0.0,0.0,0.0,0.0,0.0,0.0000,0,0,0,345.5736"
2026-05-24T16:40:57.198,14,IMU,19,Motor,1401901,"0.0,0.0,0.0,0.0,0.0,0.0,0.0,0.0,0.0,0.0,0.0,0.0,0.0000,0,0,0,345.5736"
2026-05-24T16:40:57.198,14,IMU,12,Comm,1401201,"0.0,0.0,0.0,0.0,0.0,0.0,0.0,0.0,0.0,0.0,0.0,0.0"
2026-05-24T16:40:57.248,14,IMU,19,Motor,1401901,"0.0,0.0,0.0,0.0,0.0,0.0,0.0,0.0,0.0,0.0,0.0,0.0,0.0000,0,0,0,345.5736"
2026-05-24T16:40:57.298,14,IMU,19,Motor,1401901,"0.0,0.0,0.0,0.0,0.0,0.0,0.0,0.0,0.0,0.0,0.0,0.0,0.0000,0,0,0,345.5736"
2026-05-24T16:40:57.349,14,IMU,19,Motor,1401901,"0.0,0.0,0.0,0.0,0.0,0.0,0.0,0.0,0.0,0.0,0.0,0.0,0.0000,0,0,0,345.5736"
2026-05-24T16:40:57.399,14,IMU,19,Motor,1401901,"0.0,0.0,0.0,0.0,0.0,0.0,0.0,0.0,0.0,0.0,0.0,0.0,0.0000,0,0,0,345.5736"
2026-05-24T16:40:57.449,14,IMU,19,Motor,1401901,"0.0,0.0,0.0,0.0,0.0,0.0,0.0,0.0,0.0,0.0,0.0,0.0,0.0000,0,0,0,345.5736"
2026-05-24T16:40:57.500,14,IMU,19,Motor,1401901,"0.0,0.0,0.0,0.0,0.0,0.0,0.0,0.0,0.0,0.0,0.0,0.0,0.0000,0,0,0,345.5736"
2026-05-24T16:40:57.550,14,IMU,19,Motor,1401901,"0.0,0.0,0.0,0.0,0.0,0.0,0.0,0.0,0.0,0.0,0.0,0.0,0.0000,0,0,0,345.5736"
2026-05-24T16:40:57.600,14,IMU,19,Motor,1401901,"0.0,0.0,0.0,0.0,0.0,0.0,0.0,0.0,0.0,0.0,0.0,0.0,0.0000,0,0,0,345.5736"
2026-05-24T16:40:57.651,14,IMU,19,Motor,1401901,"0.0,0.0,0.0,0.0,0.0,0.0,0.0,0.0,0.0,0.0,0.0,0.0,0.0000,0,0,0,345.5736"
2026-05-24T16:40:57.701,14,IMU,19,Motor,1401901,"0.0,0.0,0.0,0.0,0.0,0.0,0.0,0.0,0.0,0.0,0.0,0.0,0.0000,0,0,0,345.5736"
2026-05-24T16:40:57.752,14,IMU,19,Motor,1401901,"0.0,0.0,0.0,0.0,0.0,0.0,0.0,0.0,0.0,0.0,0.0,0.0,0.0000,0,0,0,345.5736"
2026-05-24T16:40:57.802,14,IMU,19,Motor,1401901,"0.0,0.0,0.0,0.0,0.0,0.0,0.0,0.0,0.0,0.0,0.0,0.0,0.0000,0,0,0,345.5736"
2026-05-24T16:40:57.852,14,IMU,19,Motor,1401901,"0.0,0.0,0.0,0.0,0.0,0.0,0.0,0.0,0.0,0.0,0.0,0.0,0.0000,0,0,0,345.5736"
2026-05-24T16:40:57.903,14,IMU,19,Motor,1401901,"0.0,0.0,0.0,0.0,0.0,0.0,0.0,0.0,0.0,0.0,0.0,0.0,0.0000,0,0,0,345.5736"
2026-05-24T16:40:57.953,14,IMU,19,Motor,1401901,"0.0,0.0,0.0,0.0,0.0,0.0,0.0,0.0,0.0,0.0,0.0,0.0,0.0000,0,0,0,345.5736"
2026-05-24T16:40:58.003,14,IMU,19,Motor,1401901,"0.0,0.0,0.0,0.0,0.0,0.0,0.0,0.0,0.0,0.0,0.0,0.0,0.0000,0,0,0,345.5736"
2026-05-24T16:40:58.054,14,IMU,19,Motor,1401901,"0.0,0.0,0.0,0.0,0.0,0.0,0.0,0.0,0.0,0.0,0.0,0.0,0.0000,0,0,0,345.5736"
2026-05-24T16:40:58.104,14,IMU,19,Motor,1401901,"0.0,0.0,0.0,0.0,0.0,0.0,0.0,0.0,0.0,0.0,0.0,0.0,0.0000,0,0,0,345.5736"
2026-05-24T16:40:58.154,14,IMU,19,Motor,1401901,"0.0,0.0,0.0,0.0,0.0,0.0,0.0,0.0,0.0,0.0,0.0,0.0,0.0000,0,0,0,345.5736"
2026-05-24T16:40:58.205,14,IMU,19,Motor,1401901,"0.0,0.0,0.0,0.0,0.0,0.0,0.0,0.0,0.0,0.0,0.0,0.0,0.0000,0,0,0,345.5736"
2026-05-24T16:40:58.205,14,IMU,12,Comm,1401201,"0.0,0.0,0.0,0.0,0.0,0.0,0.0,0.0,0.0,0.0,0.0,0.0"
2026-05-24T16:40:58.255,14,IMU,19,Motor,1401901,"0.0,0.0,0.0,0.0,0.0,0.0,0.0,0.0,0.0,0.0,0.0,0.0,0.0000,0,0,0,345.5736"
2026-05-24T16:40:58.305,14,IMU,19,Motor,1401901,"0.0,0.0,0.0,0.0,0.0,0.0,0.0,0.0,0.0,0.0,0.0,0.0,0.0000,0,0,0,345.5736"
2026-05-24T16:40:58.356,14,IMU,19,Motor,1401901,"0.0,0.0,0.0,0.0,0.0,0.0,0.0,0.0,0.0,0.0,0.0,0.0,0.0000,0,0,0,345.5736"
2026-05-24T16:40:58.406,14,IMU,19,Motor,1401901,"0.0,0.0,0.0,0.0,0.0,0.0,0.0,0.0,0.0,0.0,0.0,0.0,0.0000,0,0,0,345.5736"
2026-05-24T16:40:58.457,14,IMU,19,Motor,1401901,"0.0,0.0,0.0,0.0,0.0,0.0,0.0,0.0,0.0,0.0,0.0,0.0,0.0000,0,0,0,345.5736"
2026-05-24T16:40:58.507,14,IMU,19,Motor,1401901,"0.0,0.0,0.0,0.0,0.0,0.0,0.0,0.0,0.0,0.0,0.0,0.0,0.0000,0,0,0,345.5736"
2026-05-24T16:40:58.557,14,IMU,19,Motor,1401901,"0.0,0.0,0.0,0.0,0.0,0.0,0.0,0.0,0.0,0.0,0.0,0.0,0.0000,0,0,0,345.5736"
2026-05-24T16:40:58.608,14,IMU,19,Motor,1401901,"0.0,0.0,0.0,0.0,0.0,0.0,0.0,0.0,0.0,0.0,0.0,0.0,0.0000,0,0,0,345.5736"
2026-05-24T16:40:58.658,14,IMU,19,Motor,1401901,"0.0,0.0,0.0,0.0,0.0,0.0,0.0,0.0,0.0,0.0,0.0,0.0,0.0000,0,0,0,345.5736"
2026-05-24T16:40:58.708,14,IMU,19,Motor,1401901,"0.0,0.0,0.0,0.0,0.0,0.0,0.0,0.0,0.0,0.0,0.0,0.0,0.0000,0,0,0,345.5736"
2026-05-24T16:40:58.759,14,IMU,19,Motor,1401901,"0.0,0.0,0.0,0.0,0.0,0.0,0.0,0.0,0.0,0.0,0.0,0.0,0.0000,0,0,0,345.5736"
2026-05-24T16:40:58.809,14,IMU,19,Motor,1401901,"0.0,0.0,0.0,0.0,0.0,0.0,0.0,0.0,0.0,0.0,0.0,0.0,0.0000,0,0,0,345.5736"
2026-05-24T16:40:58.859,14,IMU,19,Motor,1401901,"0.0,0.0,0.0,0.0,0.0,0.0,0.0,0.0,0.0,0.0,0.0,0.0,0.0000,0,0,0,345.5736"
2026-05-24T16:40:58.910,14,IMU,19,Motor,1401901,"0.0,0.0,0.0,0.0,0.0,0.0,0.0,0.0,0.0,0.0,0.0,0.0,0.0000,0,0,0,345.5736"
2026-05-24T16:40:58.960,14,IMU,19,Motor,1401901,"0.0,0.0,0.0,0.0,0.0,0.0,0.0,0.0,0.0,0.0,0.0,0.0,0.0000,0,0,0,345.5736"
2026-05-24T16:40:59.010,14,IMU,19,Motor,1401901,"0.0,0.0,0.0,0.0,0.0,0.0,0.0,0.0,0.0,0.0,0.0,0.0,0.0000,0,0,0,345.5736"
2026-05-24T16:40:59.061,14,IMU,19,Motor,1401901,"0.0,0.0,0.0,0.0,0.0,0.0,0.0,0.0,0.0,0.0,0.0,0.0,0.0000,0,0,0,345.5736"
2026-05-24T16:40:59.111,14,IMU,19,Motor,1401901,"0.0,0.0,0.0,0.0,0.0,0.0,0.0,0.0,0.0,0.0,0.0,0.0,0.0000,0,0,0,345.5736"
2026-05-24T16:40:59.162,14,IMU,19,Motor,1401901,"0.0,0.0,0.0,0.0,0.0,0.0,0.0,0.0,0.0,0.0,0.0,0.0,0.0000,0,0,0,345.5736"
2026-05-24T16:40:59.212,14,IMU,19,Motor,1401901,"0.0,0.0,0.0,0.0,0.0,0.0,0.0,0.0,0.0,0.0,0.0,0.0,0.0000,0,0,0,345.5736"
2026-05-24T16:40:59.213,14,IMU,12,Comm,1401201,"0.0,0.0,0.0,0.0,0.0,0.0,0.0,0.0,0.0,0.0,0.0,0.0"
2026-05-24T16:40:59.262,14,IMU,19,Motor,1401901,"0.0,0.0,0.0,0.0,0.0,0.0,0.0,0.0,0.0,0.0,0.0,0.0,0.0000,0,0,0,345.5736"
2026-05-24T16:40:59.313,14,IMU,19,Motor,1401901,"0.0,0.0,0.0,0.0,0.0,0.0,0.0,0.0,0.0,0.0,0.0,0.0,0.0000,0,0,0,345.5736"
2026-05-24T16:40:59.363,14,IMU,19,Motor,1401901,"0.0,0.0,0.0,0.0,0.0,0.0,0.0,0.0,0.0,0.0,0.0,0.0,0.0000,0,0,0,345.5736"
2026-05-24T16:40:59.414,14,IMU,19,Motor,1401901,"0.0,0.0,0.0,0.0,0.0,0.0,0.0,0.0,0.0,0.0,0.0,0.0,0.0000,0,0,0,345.5736"
2026-05-24T16:40:59.464,14,IMU,19,Motor,1401901,"0.0,0.0,0.0,0.0,0.0,0.0,0.0,0.0,0.0,0.0,0.0,0.0,0.0000,0,0,0,345.5736"
2026-05-24T16:40:59.515,14,IMU,19,Motor,1401901,"0.0,0.0,0.0,0.0,0.0,0.0,0.0,0.0,0.0,0.0,0.0,0.0,0.0000,0,0,0,345.5736"
2026-05-24T16:40:59.565,14,IMU,19,Motor,1401901,"0.0,0.0,0.0,0.0,0.0,0.0,0.0,0.0,0.0,0.0,0.0,0.0,0.0000,0,0,0,345.5736"
2026-05-24T16:40:59.615,14,IMU,19,Motor,1401901,"0.0,0.0,0.0,0.0,0.0,0.0,0.0,0.0,0.0,0.0,0.0,0.0,0.0000,0,0,0,345.5736"
2026-05-24T16:40:59.666,14,IMU,19,Motor,1401901,"0.0,0.0,0.0,0.0,0.0,0.0,0.0,0.0,0.0,0.0,0.0,0.0,0.0000,0,0,0,345.5736"
2026-05-24T16:40:59.716,14,IMU,19,Motor,1401901,"0.0,0.0,0.0,0.0,0.0,0.0,0.0,0.0,0.0,0.0,0.0,0.0,0.0000,0,0,0,345.5736"
2026-05-24T16:40:59.766,14,IMU,19,Motor,1401901,"0.0,0.0,0.0,0.0,0.0,0.0,0.0,0.0,0.0,0.0,0.0,0.0,0.0000,0,0,0,345.5736"
2026-05-24T16:40:59.817,14,IMU,19,Motor,1401901,"0.0,0.0,0.0,0.0,0.0,0.0,0.0,0.0,0.0,0.0,0.0,0.0,0.0000,0,0,0,345.5736"
2026-05-24T16:40:59.867,14,IMU,19,Motor,1401901,"0.0,0.0,0.0,0.0,0.0,0.0,0.0,0.0,0.0,0.0,0.0,0.0,0.0000,0,0,0,345.5736"
2026-05-24T16:40:59.918,14,IMU,19,Motor,1401901,"0.0,0.0,0.0,0.0,0.0,0.0,0.0,0.0,0.0,0.0,0.0,0.0,0.0000,0,0,0,345.5736"
2026-05-24T16:40:59.968,14,IMU,19,Motor,1401901,"0.0,0.0,0.0,0.0,0.0,0.0,0.0,0.0,0.0,0.0,0.0,0.0,0.0000,0,0,0,345.5736"
2026-05-24T16:41:00.018,14,IMU,19,Motor,1401901,"0.0,0.0,0.0,0.0,0.0,0.0,0.0,0.0,0.0,0.0,0.0,0.0,0.0000,0,0,0,345.5736"
2026-05-24T16:41:00.069,14,IMU,19,Motor,1401901,"0.0,0.0,0.0,0.0,0.0,0.0,0.0,0.0,0.0,0.0,0.0,0.0,0.0000,0,0,0,345.5736"
2026-05-24T16:41:00.119,14,IMU,19,Motor,1401901,"0.0,0.0,0.0,0.0,0.0,0.0,0.0,0.0,0.0,0.0,0.0,0.0,0.0000,0,0,0,345.5736"
2026-05-24T16:41:00.169,14,IMU,19,Motor,1401901,"0.0,0.0,0.0,0.0,0.0,0.0,0.0,0.0,0.0,0.0,0.0,0.0,0.0000,0,0,0,345.5736"
2026-05-24T16:41:00.220,14,IMU,19,Motor,1401901,"0.0,0.0,0.0,0.0,0.0,0.0,0.0,0.0,0.0,0.0,0.0,0.0,0.0000,0,0,0,345.5736"
2026-05-24T16:41:00.220,14,IMU,12,Comm,1401201,"0.0,0.0,0.0,0.0,0.0,0.0,0.0,0.0,0.0,0.0,0.0,0.0"
2026-05-24T16:41:00.270,14,IMU,19,Motor,1401901,"0.0,0.0,0.0,0.0,0.0,0.0,0.0,0.0,0.0,0.0,0.0,0.0,0.0000,0,0,0,345.5736"
2026-05-24T16:41:00.320,14,IMU,19,Motor,1401901,"0.0,0.0,0.0,0.0,0.0,0.0,0.0,0.0,0.0,0.0,0.0,0.0,0.0000,0,0,0,345.5736"
2026-05-24T16:41:00.371,14,IMU,19,Motor,1401901,"0.0,0.0,0.0,0.0,0.0,0.0,0.0,0.0,0.0,0.0,0.0,0.0,0.0000,0,0,0,345.5736"
2026-05-24T16:41:00.421,14,IMU,19,Motor,1401901,"0.0,0.0,0.0,0.0,0.0,0.0,0.0,0.0,0.0,0.0,0.0,0.0,0.0000,0,0,0,345.5736"
2026-05-24T16:41:00.472,14,IMU,19,Motor,1401901,"0.0,0.0,0.0,0.0,0.0,0.0,0.0,0.0,0.0,0.0,0.0,0.0,0.0000,0,0,0,345.5736"
2026-05-24T16:41:00.522,14,IMU,19,Motor,1401901,"0.0,0.0,0.0,0.0,0.0,0.0,0.0,0.0,0.0,0.0,0.0,0.0,0.0000,0,0,0,345.5736"
2026-05-24T16:41:00.572,14,IMU,19,Motor,1401901,"0.0,0.0,0.0,0.0,0.0,0.0,0.0,0.0,0.0,0.0,0.0,0.0,0.0000,0,0,0,345.5736"
2026-05-24T16:41:00.623,14,IMU,19,Motor,1401901,"0.0,0.0,0.0,0.0,0.0,0.0,0.0,0.0,0.0,0.0,0.0,0.0,0.0000,0,0,0,345.5736"
2026-05-24T16:41:00.673,14,IMU,19,Motor,1401901,"0.0,0.0,0.0,0.0,0.0,0.0,0.0,0.0,0.0,0.0,0.0,0.0,0.0000,0,0,0,345.5736"
2026-05-24T16:41:00.723,14,IMU,19,Motor,1401901,"0.0,0.0,0.0,0.0,0.0,0.0,0.0,0.0,0.0,0.0,0.0,0.0,0.0000,0,0,0,345.5736"
2026-05-24T16:41:00.774,14,IMU,19,Motor,1401901,"0.0,0.0,0.0,0.0,0.0,0.0,0.0,0.0,0.0,0.0,0.0,0.0,0.0000,0,0,0,345.5736"
2026-05-24T16:41:00.824,14,IMU,19,Motor,1401901,"0.0,0.0,0.0,0.0,0.0,0.0,0.0,0.0,0.0,0.0,0.0,0.0,0.0000,0,0,0,345.5736"
2026-05-24T16:41:00.875,14,IMU,19,Motor,1401901,"0.0,0.0,0.0,0.0,0.0,0.0,0.0,0.0,0.0,0.0,0.0,0.0,0.0000,0,0,0,345.5736"
2026-05-24T16:41:00.925,14,IMU,19,Motor,1401901,"0.0,0.0,0.0,0.0,0.0,0.0,0.0,0.0,0.0,0.0,0.0,0.0,0.0000,0,0,0,345.5736"
2026-05-24T16:41:00.976,14,IMU,19,Motor,1401901,"0.0,0.0,0.0,0.0,0.0,0.0,0.0,0.0,0.0,0.0,0.0,0.0,0.0000,0,0,0,345.5736"
2026-05-24T16:41:01.026,14,IMU,19,Motor,1401901,"0.0,0.0,0.0,0.0,0.0,0.0,0.0,0.0,0.0,0.0,0.0,0.0,0.0000,0,0,0,345.5736"
2026-05-24T16:41:01.076,14,IMU,19,Motor,1401901,"0.0,0.0,0.0,0.0,0.0,0.0,0.0,0.0,0.0,0.0,0.0,0.0,0.0000,0,0,0,345.5736"
2026-05-24T16:41:01.126,14,IMU,19,Motor,1401901,"0.0,0.0,0.0,0.0,0.0,0.0,0.0,0.0,0.0,0.0,0.0,0.0,0.0000,0,0,0,345.5736"
2026-05-24T16:41:01.176,14,IMU,19,Motor,1401901,"0.0,0.0,0.0,0.0,0.0,0.0,0.0,0.0,0.0,0.0,0.0,0.0,0.0000,0,0,0,345.5736"
2026-05-24T16:41:01.227,14,IMU,19,Motor,1401901,"0.0,0.0,0.0,0.0,0.0,0.0,0.0,0.0,0.0,0.0,0.0,0.0,0.0000,0,0,0,345.5736"
2026-05-24T16:41:01.228,14,IMU,12,Comm,1401201,"0.0,0.0,0.0,0.0,0.0,0.0,0.0,0.0,0.0,0.0,0.0,0.0"
2026-05-24T16:41:01.277,14,IMU,19,Motor,1401901,"0.0,0.0,0.0,0.0,0.0,0.0,0.0,0.0,0.0,0.0,0.0,0.0,0.0000,0,0,0,345.5736"
2026-05-24T16:41:01.328,14,IMU,19,Motor,1401901,"0.0,0.0,0.0,0.0,0.0,0.0,0.0,0.0,0.0,0.0,0.0,0.0,0.0000,0,0,0,345.5736"
2026-05-24T16:41:01.378,14,IMU,19,Motor,1401901,"0.0,0.0,0.0,0.0,0.0,0.0,0.0,0.0,0.0,0.0,0.0,0.0,0.0000,0,0,0,345.5736"
2026-05-24T16:41:01.428,14,IMU,19,Motor,1401901,"0.0,0.0,0.0,0.0,0.0,0.0,0.0,0.0,0.0,0.0,0.0,0.0,0.0000,0,0,0,345.5736"
2026-05-24T16:41:01.479,14,IMU,19,Motor,1401901,"0.0,0.0,0.0,0.0,0.0,0.0,0.0,0.0,0.0,0.0,0.0,0.0,0.0000,0,0,0,345.5736"
2026-05-24T16:41:01.529,14,IMU,19,Motor,1401901,"0.0,0.0,0.0,0.0,0.0,0.0,0.0,0.0,0.0,0.0,0.0,0.0,0.0000,0,0,0,345.5736"
2026-05-24T16:41:01.580,14,IMU,19,Motor,1401901,"0.0,0.0,0.0,0.0,0.0,0.0,0.0,0.0,0.0,0.0,0.0,0.0,0.0000,0,0,0,345.5736"
2026-05-24T16:41:01.630,14,IMU,19,Motor,1401901,"0.0,0.0,0.0,0.0,0.0,0.0,0.0,0.0,0.0,0.0,0.0,0.0,0.0000,0,0,0,345.5736"
2026-05-24T16:41:01.680,14,IMU,19,Motor,1401901,"0.0,0.0,0.0,0.0,0.0,0.0,0.0,0.0,0.0,0.0,0.0,0.0,0.0000,0,0,0,345.5736"
2026-05-24T16:41:01.731,14,IMU,19,Motor,1401901,"0.0,0.0,0.0,0.0,0.0,0.0,0.0,0.0,0.0,0.0,0.0,0.0,0.0000,0,0,0,345.5736"
2026-05-24T16:41:01.781,14,IMU,19,Motor,1401901,"0.0,0.0,0.0,0.0,0.0,0.0,0.0,0.0,0.0,0.0,0.0,0.0,0.0000,0,0,0,345.5736"
2026-05-24T16:41:01.831,14,IMU,19,Motor,1401901,"0.0,0.0,0.0,0.0,0.0,0.0,0.0,0.0,0.0,0.0,0.0,0.0,0.0000,0,0,0,345.5736"
2026-05-24T16:41:01.882,14,IMU,19,Motor,1401901,"0.0,0.0,0.0,0.0,0.0,0.0,0.0,0.0,0.0,0.0,0.0,0.0,0.0000,0,0,0,345.5736"
2026-05-24T16:41:01.932,14,IMU,19,Motor,1401901,"0.0,0.0,0.0,0.0,0.0,0.0,0.0,0.0,0.0,0.0,0.0,0.0,0.0000,0,0,0,345.5736"
2026-05-24T16:41:01.982,14,IMU,19,Motor,1401901,"0.0,0.0,0.0,0.0,0.0,0.0,0.0,0.0,0.0,0.0,0.0,0.0,0.0000,0,0,0,345.5736"
2026-05-24T16:41:02.033,14,IMU,19,Motor,1401901,"0.0,0.0,0.0,0.0,0.0,0.0,0.0,0.0,0.0,0.0,0.0,0.0,0.0000,0,0,0,345.5736"
2026-05-24T16:41:02.083,14,IMU,19,Motor,1401901,"0.0,0.0,0.0,0.0,0.0,0.0,0.0,0.0,0.0,0.0,0.0,0.0,0.0000,0,0,0,345.5736"
2026-05-24T16:41:02.134,14,IMU,19,Motor,1401901,"0.0,0.0,0.0,0.0,0.0,0.0,0.0,0.0,0.0,0.0,0.0,0.0,0.0000,0,0,0,345.5736"
2026-05-24T16:41:02.184,14,IMU,19,Motor,1401901,"0.0,0.0,0.0,0.0,0.0,0.0,0.0,0.0,0.0,0.0,0.0,0.0,0.0000,0,0,0,345.5736"
2026-05-24T16:41:02.234,14,IMU,19,Motor,1401901,"0.0,0.0,0.0,0.0,0.0,0.0,0.0,0.0,0.0,0.0,0.0,0.0,0.0000,0,0,0,345.5736"
2026-05-24T16:41:02.235,14,IMU,12,Comm,1401201,"0.0,0.0,0.0,0.0,0.0,0.0,0.0,0.0,0.0,0.0,0.0,0.0"
2026-05-24T16:41:02.285,14,IMU,19,Motor,1401901,"0.0,0.0,0.0,0.0,0.0,0.0,0.0,0.0,0.0,0.0,0.0,0.0,0.0000,0,0,0,345.5736"
2026-05-24T16:41:02.335,14,IMU,19,Motor,1401901,"0.0,0.0,0.0,0.0,0.0,0.0,0.0,0.0,0.0,0.0,0.0,0.0,0.0000,0,0,0,345.5736"
2026-05-24T16:41:02.385,14,IMU,19,Motor,1401901,"0.0,0.0,0.0,0.0,0.0,0.0,0.0,0.0,0.0,0.0,0.0,0.0,0.0000,0,0,0,345.5736"
2026-05-24T16:41:02.436,14,IMU,19,Motor,1401901,"0.0,0.0,0.0,0.0,0.0,0.0,0.0,0.0,0.0,0.0,0.0,0.0,0.0000,0,0,0,345.5736"
2026-05-24T16:41:02.486,14,IMU,19,Motor,1401901,"0.0,0.0,0.0,0.0,0.0,0.0,0.0,0.0,0.0,0.0,0.0,0.0,0.0000,0,0,0,345.5736"
2026-05-24T16:41:02.537,14,IMU,19,Motor,1401901,"0.0,0.0,0.0,0.0,0.0,0.0,0.0,0.0,0.0,0.0,0.0,0.0,0.0000,0,0,0,345.5736"
2026-05-24T16:41:02.587,14,IMU,19,Motor,1401901,"0.0,0.0,0.0,0.0,0.0,0.0,0.0,0.0,0.0,0.0,0.0,0.0,0.0000,0,0,0,345.5736"
2026-05-24T16:41:02.637,14,IMU,19,Motor,1401901,"0.0,0.0,0.0,0.0,0.0,0.0,0.0,0.0,0.0,0.0,0.0,0.0,0.0000,0,0,0,345.5736"
2026-05-24T16:41:02.688,14,IMU,19,Motor,1401901,"0.0,0.0,0.0,0.0,0.0,0.0,0.0,0.0,0.0,0.0,0.0,0.0,0.0000,0,0,0,345.5736"
2026-05-24T16:41:02.738,14,IMU,19,Motor,1401901,"0.0,0.0,0.0,0.0,0.0,0.0,0.0,0.0,0.0,0.0,0.0,0.0,0.0000,0,0,0,345.5736"
2026-05-24T16:41:02.788,14,IMU,19,Motor,1401901,"0.0,0.0,0.0,0.0,0.0,0.0,0.0,0.0,0.0,0.0,0.0,0.0,0.0000,0,0,0,345.5736"
2026-05-24T16:41:02.839,14,IMU,19,Motor,1401901,"0.0,0.0,0.0,0.0,0.0,0.0,0.0,0.0,0.0,0.0,0.0,0.0,0.0000,0,0,0,345.5736"
2026-05-24T16:41:02.889,14,IMU,19,Motor,1401901,"0.0,0.0,0.0,0.0,0.0,0.0,0.0,0.0,0.0,0.0,0.0,0.0,0.0000,0,0,0,345.5736"
2026-05-24T16:41:02.940,14,IMU,19,Motor,1401901,"0.0,0.0,0.0,0.0,0.0,0.0,0.0,0.0,0.0,0.0,0.0,0.0,0.0000,0,0,0,345.5736"
2026-05-24T16:41:02.990,14,IMU,19,Motor,1401901,"0.0,0.0,0.0,0.0,0.0,0.0,0.0,0.0,0.0,0.0,0.0,0.0,0.0000,0,0,0,345.5736"
2026-05-24T16:41:03.040,14,IMU,19,Motor,1401901,"0.0,0.0,0.0,0.0,0.0,0.0,0.0,0.0,0.0,0.0,0.0,0.0,0.0000,0,0,0,345.5736"
2026-05-24T16:41:03.091,14,IMU,19,Motor,1401901,"0.0,0.0,0.0,0.0,0.0,0.0,0.0,0.0,0.0,0.0,0.0,0.0,0.0000,0,0,0,345.5736"
2026-05-24T16:41:03.141,14,IMU,19,Motor,1401901,"0.0,0.0,0.0,0.0,0.0,0.0,0.0,0.0,0.0,0.0,0.0,0.0,0.0000,0,0,0,345.5736"
2026-05-24T16:41:03.192,14,IMU,19,Motor,1401901,"0.0,0.0,0.0,0.0,0.0,0.0,0.0,0.0,0.0,0.0,0.0,0.0,0.0000,0,0,0,345.5736"
2026-05-24T16:41:03.242,14,IMU,19,Motor,1401901,"0.0,0.0,0.0,0.0,0.0,0.0,0.0,0.0,0.0,0.0,0.0,0.0,0.0000,0,0,0,345.5736"
2026-05-24T16:41:03.243,14,IMU,12,Comm,1401201,"0.0,0.0,0.0,0.0,0.0,0.0,0.0,0.0,0.0,0.0,0.0,0.0"
2026-05-24T16:41:03.292,14,IMU,19,Motor,1401901,"0.0,0.0,0.0,0.0,0.0,0.0,0.0,0.0,0.0,0.0,0.0,0.0,0.0000,0,0,0,345.5736"
2026-05-24T16:41:03.343,14,IMU,19,Motor,1401901,"0.0,0.0,0.0,0.0,0.0,0.0,0.0,0.0,0.0,0.0,0.0,0.0,0.0000,0,0,0,345.5736"
2026-05-24T16:41:03.393,14,IMU,19,Motor,1401901,"0.0,0.0,0.0,0.0,0.0,0.0,0.0,0.0,0.0,0.0,0.0,0.0,0.0000,0,0,0,345.5736"
2026-05-24T16:41:03.444,14,IMU,19,Motor,1401901,"0.0,0.0,0.0,0.0,0.0,0.0,0.0,0.0,0.0,0.0,0.0,0.0,0.0000,0,0,0,345.5736"
2026-05-24T16:41:03.494,14,IMU,19,Motor,1401901,"0.0,0.0,0.0,0.0,0.0,0.0,0.0,0.0,0.0,0.0,0.0,0.0,0.0000,0,0,0,345.5736"
2026-05-24T16:41:03.544,14,IMU,19,Motor,1401901,"0.0,0.0,0.0,0.0,0.0,0.0,0.0,0.0,0.0,0.0,0.0,0.0,0.0000,0,0,0,345.5736"
2026-05-24T16:41:03.595,14,IMU,19,Motor,1401901,"0.0,0.0,0.0,0.0,0.0,0.0,0.0,0.0,0.0,0.0,0.0,0.0,0.0000,0,0,0,345.5736"
2026-05-24T16:41:03.645,14,IMU,19,Motor,1401901,"0.0,0.0,0.0,0.0,0.0,0.0,0.0,0.0,0.0,0.0,0.0,0.0,0.0000,0,0,0,345.5736"
2026-05-24T16:41:03.696,14,IMU,19,Motor,1401901,"0.0,0.0,0.0,0.0,0.0,0.0,0.0,0.0,0.0,0.0,0.0,0.0,0.0000,0,0,0,345.5736"
2026-05-24T16:41:03.746,14,IMU,19,Motor,1401901,"0.0,0.0,0.0,0.0,0.0,0.0,0.0,0.0,0.0,0.0,0.0,0.0,0.0000,0,0,0,345.5736"
2026-05-24T16:41:03.797,14,IMU,19,Motor,1401901,"0.0,0.0,0.0,0.0,0.0,0.0,0.0,0.0,0.0,0.0,0.0,0.0,0.0000,0,0,0,345.5736"
2026-05-24T16:41:03.847,14,IMU,19,Motor,1401901,"0.0,0.0,0.0,0.0,0.0,0.0,0.0,0.0,0.0,0.0,0.0,0.0,0.0000,0,0,0,345.5736"
2026-05-24T16:41:03.897,14,IMU,19,Motor,1401901,"0.0,0.0,0.0,0.0,0.0,0.0,0.0,0.0,0.0,0.0,0.0,0.0,0.0000,0,0,0,345.5736"
2026-05-24T16:41:03.948,14,IMU,19,Motor,1401901,"0.0,0.0,0.0,0.0,0.0,0.0,0.0,0.0,0.0,0.0,0.0,0.0,0.0000,0,0,0,345.5736"
2026-05-24T16:41:03.998,14,IMU,19,Motor,1401901,"0.0,0.0,0.0,0.0,0.0,0.0,0.0,0.0,0.0,0.0,0.0,0.0,0.0000,0,0,0,345.5736"
2026-05-24T16:41:04.048,14,IMU,19,Motor,1401901,"0.0,0.0,0.0,0.0,0.0,0.0,0.0,0.0,0.0,0.0,0.0,0.0,0.0000,0,0,0,345.5736"
2026-05-24T16:41:04.099,14,IMU,19,Motor,1401901,"0.0,0.0,0.0,0.0,0.0,0.0,0.0,0.0,0.0,0.0,0.0,0.0,0.0000,0,0,0,345.5736"
2026-05-24T16:41:04.149,14,IMU,19,Motor,1401901,"0.0,0.0,0.0,0.0,0.0,0.0,0.0,0.0,0.0,0.0,0.0,0.0,0.0000,0,0,0,345.5736"
2026-05-24T16:41:04.200,14,IMU,19,Motor,1401901,"0.0,0.0,0.0,0.0,0.0,0.0,0.0,0.0,0.0,0.0,0.0,0.0,0.0000,0,0,0,345.5736"
2026-05-24T16:41:04.250,14,IMU,19,Motor,1401901,"0.0,0.0,0.0,0.0,0.0,0.0,0.0,0.0,0.0,0.0,0.0,0.0,0.0000,0,0,0,345.5736"
2026-05-24T16:41:04.251,14,IMU,12,Comm,1401201,"0.0,0.0,0.0,0.0,0.0,0.0,0.0,0.0,0.0,0.0,0.0,0.0"
2026-05-24T16:41:04.301,14,IMU,19,Motor,1401901,"0.0,0.0,0.0,0.0,0.0,0.0,0.0,0.0,0.0,0.0,0.0,0.0,0.0000,0,0,0,345.5736"
2026-05-24T16:41:04.351,14,IMU,19,Motor,1401901,"0.0,0.0,0.0,0.0,0.0,0.0,0.0,0.0,0.0,0.0,0.0,0.0,0.0000,0,0,0,345.5736"
2026-05-24T16:41:04.401,14,IMU,19,Motor,1401901,"0.0,0.0,0.0,0.0,0.0,0.0,0.0,0.0,0.0,0.0,0.0,0.0,0.0000,0,0,0,345.5736"
2026-05-24T16:41:04.452,14,IMU,19,Motor,1401901,"0.0,0.0,0.0,0.0,0.0,0.0,0.0,0.0,0.0,0.0,0.0,0.0,0.0000,0,0,0,345.5736"
2026-05-24T16:41:04.502,14,IMU,19,Motor,1401901,"0.0,0.0,0.0,0.0,0.0,0.0,0.0,0.0,0.0,0.0,0.0,0.0,0.0000,0,0,0,345.5736"
2026-05-24T16:41:04.553,14,IMU,19,Motor,1401901,"0.0,0.0,0.0,0.0,0.0,0.0,0.0,0.0,0.0,0.0,0.0,0.0,0.0000,0,0,0,345.5736"
2026-05-24T16:41:04.603,14,IMU,19,Motor,1401901,"0.0,0.0,0.0,0.0,0.0,0.0,0.0,0.0,0.0,0.0,0.0,0.0,0.0000,0,0,0,345.5736"
2026-05-24T16:41:04.653,14,IMU,19,Motor,1401901,"0.0,0.0,0.0,0.0,0.0,0.0,0.0,0.0,0.0,0.0,0.0,0.0,0.0000,0,0,0,345.5736"
2026-05-24T16:41:04.704,14,IMU,19,Motor,1401901,"0.0,0.0,0.0,0.0,0.0,0.0,0.0,0.0,0.0,0.0,0.0,0.0,0.0000,0,0,0,345.5736"
2026-05-24T16:41:04.754,14,IMU,19,Motor,1401901,"0.0,0.0,0.0,0.0,0.0,0.0,0.0,0.0,0.0,0.0,0.0,0.0,0.0000,0,0,0,345.5736"
2026-05-24T16:41:04.804,14,IMU,19,Motor,1401901,"0.0,0.0,0.0,0.0,0.0,0.0,0.0,0.0,0.0,0.0,0.0,0.0,0.0000,0,0,0,345.5736"
2026-05-24T16:41:04.855,14,IMU,19,Motor,1401901,"0.0,0.0,0.0,0.0,0.0,0.0,0.0,0.0,0.0,0.0,0.0,0.0,0.0000,0,0,0,345.5736"
2026-05-24T16:41:04.905,14,IMU,19,Motor,1401901,"0.0,0.0,0.0,0.0,0.0,0.0,0.0,0.0,0.0,0.0,0.0,0.0,0.0000,0,0,0,345.5736"
2026-05-24T16:41:04.956,14,IMU,19,Motor,1401901,"0.0,0.0,0.0,0.0,0.0,0.0,0.0,0.0,0.0,0.0,0.0,0.0,0.0000,0,0,0,345.5736"
2026-05-24T16:41:05.006,14,IMU,19,Motor,1401901,"0.0,0.0,0.0,0.0,0.0,0.0,0.0,0.0,0.0,0.0,0.0,0.0,0.0000,0,0,0,345.5736"
2026-05-24T16:41:05.056,14,IMU,19,Motor,1401901,"0.0,0.0,0.0,0.0,0.0,0.0,0.0,0.0,0.0,0.0,0.0,0.0,0.0000,0,0,0,345.5736"
2026-05-24T16:41:05.107,14,IMU,19,Motor,1401901,"0.0,0.0,0.0,0.0,0.0,0.0,0.0,0.0,0.0,0.0,0.0,0.0,0.0000,0,0,0,345.5736"
2026-05-24T16:41:05.157,14,IMU,19,Motor,1401901,"0.0,0.0,0.0,0.0,0.0,0.0,0.0,0.0,0.0,0.0,0.0,0.0,0.0000,0,0,0,345.5736"
2026-05-24T16:41:05.207,14,IMU,19,Motor,1401901,"0.0,0.0,0.0,0.0,0.0,0.0,0.0,0.0,0.0,0.0,0.0,0.0,0.0000,0,0,0,345.5736"
2026-05-24T16:41:05.258,14,IMU,19,Motor,1401901,"0.0,0.0,0.0,0.0,0.0,0.0,0.0,0.0,0.0,0.0,0.0,0.0,0.0000,0,0,0,345.5736"
2026-05-24T16:41:05.258,14,IMU,12,Comm,1401201,"0.0,0.0,0.0,0.0,0.0,0.0,0.0,0.0,0.0,0.0,0.0,0.0"
2026-05-24T16:41:05.308,14,IMU,19,Motor,1401901,"0.0,0.0,0.0,0.0,0.0,0.0,0.0,0.0,0.0,0.0,0.0,0.0,0.0000,0,0,0,345.5736"
2026-05-24T16:41:05.358,14,IMU,19,Motor,1401901,"0.0,0.0,0.0,0.0,0.0,0.0,0.0,0.0,0.0,0.0,0.0,0.0,0.0000,0,0,0,345.5736"
2026-05-24T16:41:05.409,14,IMU,19,Motor,1401901,"0.0,0.0,0.0,0.0,0.0,0.0,0.0,0.0,0.0,0.0,0.0,0.0,0.0000,0,0,0,345.5736"
2026-05-24T16:41:05.459,14,IMU,19,Motor,1401901,"0.0,0.0,0.0,0.0,0.0,0.0,0.0,0.0,0.0,0.0,0.0,0.0,0.0000,0,0,0,345.5736"
2026-05-24T16:41:05.509,14,IMU,19,Motor,1401901,"0.0,0.0,0.0,0.0,0.0,0.0,0.0,0.0,0.0,0.0,0.0,0.0,0.0000,0,0,0,345.5736"
2026-05-24T16:41:05.560,14,IMU,19,Motor,1401901,"0.0,0.0,0.0,0.0,0.0,0.0,0.0,0.0,0.0,0.0,0.0,0.0,0.0000,0,0,0,345.5736"
2026-05-24T16:41:05.610,14,IMU,19,Motor,1401901,"0.0,0.0,0.0,0.0,0.0,0.0,0.0,0.0,0.0,0.0,0.0,0.0,0.0000,0,0,0,345.5736"
2026-05-24T16:41:05.660,14,IMU,19,Motor,1401901,"0.0,0.0,0.0,0.0,0.0,0.0,0.0,0.0,0.0,0.0,0.0,0.0,0.0000,0,0,0,345.5736"
2026-05-24T16:41:05.711,14,IMU,19,Motor,1401901,"0.0,0.0,0.0,0.0,0.0,0.0,0.0,0.0,0.0,0.0,0.0,0.0,0.0000,0,0,0,345.5736"
2026-05-24T16:41:05.761,14,IMU,19,Motor,1401901,"0.0,0.0,0.0,0.0,0.0,0.0,0.0,0.0,0.0,0.0,0.0,0.0,0.0000,0,0,0,345.5736"
2026-05-24T16:41:05.812,14,IMU,19,Motor,1401901,"0.0,0.0,0.0,0.0,0.0,0.0,0.0,0.0,0.0,0.0,0.0,0.0,0.0000,0,0,0,345.5736"
2026-05-24T16:41:05.862,14,IMU,19,Motor,1401901,"0.0,0.0,0.0,0.0,0.0,0.0,0.0,0.0,0.0,0.0,0.0,0.0,0.0000,0,0,0,345.5736"
2026-05-24T16:41:05.912,14,IMU,19,Motor,1401901,"0.0,0.0,0.0,0.0,0.0,0.0,0.0,0.0,0.0,0.0,0.0,0.0,0.0000,0,0,0,345.5736"
2026-05-24T16:41:05.963,14,IMU,19,Motor,1401901,"0.0,0.0,0.0,0.0,0.0,0.0,0.0,0.0,0.0,0.0,0.0,0.0,0.0000,0,0,0,345.5736"
2026-05-24T16:41:06.013,14,IMU,19,Motor,1401901,"0.0,0.0,0.0,0.0,0.0,0.0,0.0,0.0,0.0,0.0,0.0,0.0,0.0000,0,0,0,345.5736"
2026-05-24T16:41:06.064,14,IMU,19,Motor,1401901,"0.0,0.0,0.0,0.0,0.0,0.0,0.0,0.0,0.0,0.0,0.0,0.0,0.0000,0,0,0,345.5736"
2026-05-24T16:41:06.114,14,IMU,19,Motor,1401901,"0.0,0.0,0.0,0.0,0.0,0.0,0.0,0.0,0.0,0.0,0.0,0.0,0.0000,0,0,0,345.5736"
2026-05-24T16:41:06.164,14,IMU,19,Motor,1401901,"0.0,0.0,0.0,0.0,0.0,0.0,0.0,0.0,0.0,0.0,0.0,0.0,0.0000,0,0,0,345.5736"
2026-05-24T16:41:06.215,14,IMU,19,Motor,1401901,"0.0,0.0,0.0,0.0,0.0,0.0,0.0,0.0,0.0,0.0,0.0,0.0,0.0000,0,0,0,345.5736"
2026-05-24T16:41:06.265,14,IMU,19,Motor,1401901,"0.0,0.0,0.0,0.0,0.0,0.0,0.0,0.0,0.0,0.0,0.0,0.0,0.0000,0,0,0,345.5736"
2026-05-24T16:41:06.266,14,IMU,12,Comm,1401201,"0.0,0.0,0.0,0.0,0.0,0.0,0.0,0.0,0.0,0.0,0.0,0.0"
2026-05-24T16:41:06.316,14,IMU,19,Motor,1401901,"0.0,0.0,0.0,0.0,0.0,0.0,0.0,0.0,0.0,0.0,0.0,0.0,0.0000,0,0,0,345.5736"
2026-05-24T16:41:06.366,14,IMU,19,Motor,1401901,"0.0,0.0,0.0,0.0,0.0,0.0,0.0,0.0,0.0,0.0,0.0,0.0,0.0000,0,0,0,345.5736"
2026-05-24T16:41:06.417,14,IMU,19,Motor,1401901,"0.0,0.0,0.0,0.0,0.0,0.0,0.0,0.0,0.0,0.0,0.0,0.0,0.0000,0,0,0,345.5736"
2026-05-24T16:41:06.467,14,IMU,19,Motor,1401901,"0.0,0.0,0.0,0.0,0.0,0.0,0.0,0.0,0.0,0.0,0.0,0.0,0.0000,0,0,0,345.5736"
2026-05-24T16:41:06.517,14,IMU,19,Motor,1401901,"0.0,0.0,0.0,0.0,0.0,0.0,0.0,0.0,0.0,0.0,0.0,0.0,0.0000,0,0,0,345.5736"
2026-05-24T16:41:06.568,14,IMU,19,Motor,1401901,"0.0,0.0,0.0,0.0,0.0,0.0,0.0,0.0,0.0,0.0,0.0,0.0,0.0000,0,0,0,345.5736"
2026-05-24T16:41:06.618,14,IMU,19,Motor,1401901,"0.0,0.0,0.0,0.0,0.0,0.0,0.0,0.0,0.0,0.0,0.0,0.0,0.0000,0,0,0,345.5736"
2026-05-24T16:41:06.668,14,IMU,19,Motor,1401901,"0.0,0.0,0.0,0.0,0.0,0.0,0.0,0.0,0.0,0.0,0.0,0.0,0.0000,0,0,0,345.5736"
2026-05-24T16:41:06.719,14,IMU,19,Motor,1401901,"0.0,0.0,0.0,0.0,0.0,0.0,0.0,0.0,0.0,0.0,0.0,0.0,0.0000,0,0,0,345.5736"
2026-05-24T16:41:06.769,14,IMU,19,Motor,1401901,"0.0,0.0,0.0,0.0,0.0,0.0,0.0,0.0,0.0,0.0,0.0,0.0,0.0000,0,0,0,345.5736"
2026-05-24T16:41:06.819,14,IMU,19,Motor,1401901,"0.0,0.0,0.0,0.0,0.0,0.0,0.0,0.0,0.0,0.0,0.0,0.0,0.0000,0,0,0,345.5736"
2026-05-24T16:41:06.870,14,IMU,19,Motor,1401901,"0.0,0.0,0.0,0.0,0.0,0.0,0.0,0.0,0.0,0.0,0.0,0.0,0.0000,0,0,0,345.5736"
2026-05-24T16:41:06.920,14,IMU,19,Motor,1401901,"0.0,0.0,0.0,0.0,0.0,0.0,0.0,0.0,0.0,0.0,0.0,0.0,0.0000,0,0,0,345.5736"
2026-05-24T16:41:06.971,14,IMU,19,Motor,1401901,"0.0,0.0,0.0,0.0,0.0,0.0,0.0,0.0,0.0,0.0,0.0,0.0,0.0000,0,0,0,345.5736"
2026-05-24T16:41:07.021,14,IMU,19,Motor,1401901,"0.0,0.0,0.0,0.0,0.0,0.0,0.0,0.0,0.0,0.0,0.0,0.0,0.0000,0,0,0,345.5736"
2026-05-24T16:41:07.071,14,IMU,19,Motor,1401901,"0.0,0.0,0.0,0.0,0.0,0.0,0.0,0.0,0.0,0.0,0.0,0.0,0.0000,0,0,0,345.5736"
2026-05-24T16:41:07.122,14,IMU,19,Motor,1401901,"0.0,0.0,0.0,0.0,0.0,0.0,0.0,0.0,0.0,0.0,0.0,0.0,0.0000,0,0,0,345.5736"
2026-05-24T16:41:07.172,14,IMU,19,Motor,1401901,"0.0,0.0,0.0,0.0,0.0,0.0,0.0,0.0,0.0,0.0,0.0,0.0,0.0000,0,0,0,345.5736"
2026-05-24T16:41:07.222,14,IMU,19,Motor,1401901,"0.0,0.0,0.0,0.0,0.0,0.0,0.0,0.0,0.0,0.0,0.0,0.0,0.0000,0,0,0,345.5736"
2026-05-24T16:41:07.273,14,IMU,19,Motor,1401901,"0.0,0.0,0.0,0.0,0.0,0.0,0.0,0.0,0.0,0.0,0.0,0.0,0.0000,0,0,0,345.5736"
2026-05-24T16:41:07.274,14,IMU,12,Comm,1401201,"0.0,0.0,0.0,0.0,0.0,0.0,0.0,0.0,0.0,0.0,0.0,0.0"
2026-05-24T16:41:07.323,14,IMU,19,Motor,1401901,"0.0,0.0,0.0,0.0,0.0,0.0,0.0,0.0,0.0,0.0,0.0,0.0,0.0000,0,0,0,345.5736"
2026-05-24T16:41:07.374,14,IMU,19,Motor,1401901,"0.0,0.0,0.0,0.0,0.0,0.0,0.0,0.0,0.0,0.0,0.0,0.0,0.0000,0,0,0,345.5736"
2026-05-24T16:41:07.424,14,IMU,19,Motor,1401901,"0.0,0.0,0.0,0.0,0.0,0.0,0.0,0.0,0.0,0.0,0.0,0.0,0.0000,0,0,0,345.5736"
2026-05-24T16:41:07.475,14,IMU,19,Motor,1401901,"0.0,0.0,0.0,0.0,0.0,0.0,0.0,0.0,0.0,0.0,0.0,0.0,0.0000,0,0,0,345.5736"
2026-05-24T16:41:07.525,14,IMU,19,Motor,1401901,"0.0,0.0,0.0,0.0,0.0,0.0,0.0,0.0,0.0,0.0,0.0,0.0,0.0000,0,0,0,345.5736"
2026-05-24T16:41:07.575,14,IMU,19,Motor,1401901,"0.0,0.0,0.0,0.0,0.0,0.0,0.0,0.0,0.0,0.0,0.0,0.0,0.0000,0,0,0,345.5736"
2026-05-24T16:41:07.626,14,IMU,19,Motor,1401901,"0.0,0.0,0.0,0.0,0.0,0.0,0.0,0.0,0.0,0.0,0.0,0.0,0.0000,0,0,0,345.5736"
2026-05-24T16:41:07.676,14,IMU,19,Motor,1401901,"0.0,0.0,0.0,0.0,0.0,0.0,0.0,0.0,0.0,0.0,0.0,0.0,0.0000,0,0,0,345.5736"
2026-05-24T16:41:07.726,14,IMU,19,Motor,1401901,"0.0,0.0,0.0,0.0,0.0,0.0,0.0,0.0,0.0,0.0,0.0,0.0,0.0000,0,0,0,345.5736"
2026-05-24T16:41:07.777,14,IMU,19,Motor,1401901,"0.0,0.0,0.0,0.0,0.0,0.0,0.0,0.0,0.0,0.0,0.0,0.0,0.0000,0,0,0,345.5736"
2026-05-24T16:41:07.827,14,IMU,19,Motor,1401901,"0.0,0.0,0.0,0.0,0.0,0.0,0.0,0.0,0.0,0.0,0.0,0.0,0.0000,0,0,0,345.5736"
2026-05-24T16:41:07.878,14,IMU,19,Motor,1401901,"0.0,0.0,0.0,0.0,0.0,0.0,0.0,0.0,0.0,0.0,0.0,0.0,0.0000,0,0,0,345.5736"
2026-05-24T16:41:07.928,14,IMU,19,Motor,1401901,"0.0,0.0,0.0,0.0,0.0,0.0,0.0,0.0,0.0,0.0,0.0,0.0,0.0000,0,0,0,345.5736"
2026-05-24T16:41:07.978,14,IMU,19,Motor,1401901,"0.0,0.0,0.0,0.0,0.0,0.0,0.0,0.0,0.0,0.0,0.0,0.0,0.0000,0,0,0,345.5736"
2026-05-24T16:41:08.029,14,IMU,19,Motor,1401901,"0.0,0.0,0.0,0.0,0.0,0.0,0.0,0.0,0.0,0.0,0.0,0.0,0.0000,0,0,0,345.5736"
2026-05-24T16:41:08.079,14,IMU,19,Motor,1401901,"0.0,0.0,0.0,0.0,0.0,0.0,0.0,0.0,0.0,0.0,0.0,0.0,0.0000,0,0,0,345.5736"
2026-05-24T16:41:08.130,14,IMU,19,Motor,1401901,"0.0,0.0,0.0,0.0,0.0,0.0,0.0,0.0,0.0,0.0,0.0,0.0,0.0000,0,0,0,345.5736"
2026-05-24T16:41:08.180,14,IMU,19,Motor,1401901,"0.0,0.0,0.0,0.0,0.0,0.0,0.0,0.0,0.0,0.0,0.0,0.0,0.0000,0,0,0,345.5736"
2026-05-24T16:41:08.230,14,IMU,19,Motor,1401901,"0.0,0.0,0.0,0.0,0.0,0.0,0.0,0.0,0.0,0.0,0.0,0.0,0.0000,0,0,0,345.5736"
2026-05-24T16:41:08.281,14,IMU,19,Motor,1401901,"0.0,0.0,0.0,0.0,0.0,0.0,0.0,0.0,0.0,0.0,0.0,0.0,0.0000,0,0,0,345.5736"
2026-05-24T16:41:08.281,14,IMU,12,Comm,1401201,"0.0,0.0,0.0,0.0,0.0,0.0,0.0,0.0,0.0,0.0,0.0,0.0"
2026-05-24T16:41:08.331,14,IMU,19,Motor,1401901,"0.0,0.0,0.0,0.0,0.0,0.0,0.0,0.0,0.0,0.0,0.0,0.0,0.0000,0,0,0,345.5736"
2026-05-24T16:41:08.381,14,IMU,19,Motor,1401901,"0.0,0.0,0.0,0.0,0.0,0.0,0.0,0.0,0.0,0.0,0.0,0.0,0.0000,0,0,0,345.5736"
2026-05-24T16:41:08.432,14,IMU,19,Motor,1401901,"0.0,0.0,0.0,0.0,0.0,0.0,0.0,0.0,0.0,0.0,0.0,0.0,0.0000,0,0,0,345.5736"
2026-05-24T16:41:08.482,14,IMU,19,Motor,1401901,"0.0,0.0,0.0,0.0,0.0,0.0,0.0,0.0,0.0,0.0,0.0,0.0,0.0000,0,0,0,345.5736"
2026-05-24T16:41:08.532,14,IMU,19,Motor,1401901,"0.0,0.0,0.0,0.0,0.0,0.0,0.0,0.0,0.0,0.0,0.0,0.0,0.0000,0,0,0,345.5736"
2026-05-24T16:41:08.583,14,IMU,19,Motor,1401901,"0.0,0.0,0.0,0.0,0.0,0.0,0.0,0.0,0.0,0.0,0.0,0.0,0.0000,0,0,0,345.5736"
2026-05-24T16:41:08.633,14,IMU,19,Motor,1401901,"0.0,0.0,0.0,0.0,0.0,0.0,0.0,0.0,0.0,0.0,0.0,0.0,0.0000,0,0,0,345.5736"
2026-05-24T16:41:08.684,14,IMU,19,Motor,1401901,"0.0,0.0,0.0,0.0,0.0,0.0,0.0,0.0,0.0,0.0,0.0,0.0,0.0000,0,0,0,345.5736"
2026-05-24T16:41:08.734,14,IMU,19,Motor,1401901,"0.0,0.0,0.0,0.0,0.0,0.0,0.0,0.0,0.0,0.0,0.0,0.0,0.0000,0,0,0,345.5736"
2026-05-24T16:41:08.784,14,IMU,19,Motor,1401901,"0.0,0.0,0.0,0.0,0.0,0.0,0.0,0.0,0.0,0.0,0.0,0.0,0.0000,0,0,0,345.5736"
2026-05-24T16:41:08.835,14,IMU,19,Motor,1401901,"0.0,0.0,0.0,0.0,0.0,0.0,0.0,0.0,0.0,0.0,0.0,0.0,0.0000,0,0,0,345.5736"
2026-05-24T16:41:08.885,14,IMU,19,Motor,1401901,"0.0,0.0,0.0,0.0,0.0,0.0,0.0,0.0,0.0,0.0,0.0,0.0,0.0000,0,0,0,345.5736"
2026-05-24T16:41:08.936,14,IMU,19,Motor,1401901,"0.0,0.0,0.0,0.0,0.0,0.0,0.0,0.0,0.0,0.0,0.0,0.0,0.0000,0,0,0,345.5736"
2026-05-24T16:41:08.986,14,IMU,19,Motor,1401901,"0.0,0.0,0.0,0.0,0.0,0.0,0.0,0.0,0.0,0.0,0.0,0.0,0.0000,0,0,0,345.5736"
2026-05-24T16:41:09.036,14,IMU,19,Motor,1401901,"0.0,0.0,0.0,0.0,0.0,0.0,0.0,0.0,0.0,0.0,0.0,0.0,0.0000,0,0,0,345.5736"
2026-05-24T16:41:09.087,14,IMU,19,Motor,1401901,"0.0,0.0,0.0,0.0,0.0,0.0,0.0,0.0,0.0,0.0,0.0,0.0,0.0000,0,0,0,345.5736"
2026-05-24T16:41:09.137,14,IMU,19,Motor,1401901,"0.0,0.0,0.0,0.0,0.0,0.0,0.0,0.0,0.0,0.0,0.0,0.0,0.0000,0,0,0,345.5736"
2026-05-24T16:41:09.188,14,IMU,19,Motor,1401901,"0.0,0.0,0.0,0.0,0.0,0.0,0.0,0.0,0.0,0.0,0.0,0.0,0.0000,0,0,0,345.5736"
2026-05-24T16:41:09.238,14,IMU,19,Motor,1401901,"0.0,0.0,0.0,0.0,0.0,0.0,0.0,0.0,0.0,0.0,0.0,0.0,0.0000,0,0,0,345.5736"
2026-05-24T16:41:09.288,14,IMU,19,Motor,1401901,"0.0,0.0,0.0,0.0,0.0,0.0,0.0,0.0,0.0,0.0,0.0,0.0,0.0000,0,0,0,345.5736"
2026-05-24T16:41:09.289,14,IMU,12,Comm,1401201,"0.0,0.0,0.0,0.0,0.0,0.0,0.0,0.0,0.0,0.0,0.0,0.0"
2026-05-24T16:41:09.339,14,IMU,19,Motor,1401901,"0.0,0.0,0.0,0.0,0.0,0.0,0.0,0.0,0.0,0.0,0.0,0.0,0.0000,0,0,0,345.5736"
2026-05-24T16:41:09.389,14,IMU,19,Motor,1401901,"0.0,0.0,0.0,0.0,0.0,0.0,0.0,0.0,0.0,0.0,0.0,0.0,0.0000,0,0,0,345.5736"
2026-05-24T16:41:09.440,14,IMU,19,Motor,1401901,"0.0,0.0,0.0,0.0,0.0,0.0,0.0,0.0,0.0,0.0,0.0,0.0,0.0000,0,0,0,345.5736"
2026-05-24T16:41:09.490,14,IMU,19,Motor,1401901,"0.0,0.0,0.0,0.0,0.0,0.0,0.0,0.0,0.0,0.0,0.0,0.0,0.0000,0,0,0,345.5736"
2026-05-24T16:41:09.540,14,IMU,19,Motor,1401901,"0.0,0.0,0.0,0.0,0.0,0.0,0.0,0.0,0.0,0.0,0.0,0.0,0.0000,0,0,0,345.5736"
2026-05-24T16:41:09.591,14,IMU,19,Motor,1401901,"0.0,0.0,0.0,0.0,0.0,0.0,0.0,0.0,0.0,0.0,0.0,0.0,0.0000,0,0,0,345.5736"
2026-05-24T16:41:09.641,14,IMU,19,Motor,1401901,"0.0,0.0,0.0,0.0,0.0,0.0,0.0,0.0,0.0,0.0,0.0,0.0,0.0000,0,0,0,345.5736"
2026-05-24T16:41:09.691,14,IMU,19,Motor,1401901,"0.0,0.0,0.0,0.0,0.0,0.0,0.0,0.0,0.0,0.0,0.0,0.0,0.0000,0,0,0,345.5736"
2026-05-24T16:41:09.742,14,IMU,19,Motor,1401901,"0.0,0.0,0.0,0.0,0.0,0.0,0.0,0.0,0.0,0.0,0.0,0.0,0.0000,0,0,0,345.5736"
2026-05-24T16:41:09.792,14,IMU,19,Motor,1401901,"0.0,0.0,0.0,0.0,0.0,0.0,0.0,0.0,0.0,0.0,0.0,0.0,0.0000,0,0,0,345.5736"
2026-05-24T16:41:09.843,14,IMU,19,Motor,1401901,"0.0,0.0,0.0,0.0,0.0,0.0,0.0,0.0,0.0,0.0,0.0,0.0,0.0000,0,0,0,345.5736"
2026-05-24T16:41:09.893,14,IMU,19,Motor,1401901,"0.0,0.0,0.0,0.0,0.0,0.0,0.0,0.0,0.0,0.0,0.0,0.0,0.0000,0,0,0,345.5736"
2026-05-24T16:41:09.943,14,IMU,19,Motor,1401901,"0.0,0.0,0.0,0.0,0.0,0.0,0.0,0.0,0.0,0.0,0.0,0.0,0.0000,0,0,0,345.5736"
2026-05-24T16:41:09.994,14,IMU,19,Motor,1401901,"0.0,0.0,0.0,0.0,0.0,0.0,0.0,0.0,0.0,0.0,0.0,0.0,0.0000,0,0,0,345.5736"
2026-05-24T16:41:10.044,14,IMU,19,Motor,1401901,"0.0,0.0,0.0,0.0,0.0,0.0,0.0,0.0,0.0,0.0,0.0,0.0,0.0000,0,0,0,345.5736"
2026-05-24T16:41:10.095,14,IMU,19,Motor,1401901,"0.0,0.0,0.0,0.0,0.0,0.0,0.0,0.0,0.0,0.0,0.0,0.0,0.0000,0,0,0,345.5736"
2026-05-24T16:41:10.145,14,IMU,19,Motor,1401901,"0.0,0.0,0.0,0.0,0.0,0.0,0.0,0.0,0.0,0.0,0.0,0.0,0.0000,0,0,0,345.5736"
2026-05-24T16:41:10.195,14,IMU,19,Motor,1401901,"0.0,0.0,0.0,0.0,0.0,0.0,0.0,0.0,0.0,0.0,0.0,0.0,0.0000,0,0,0,345.5736"
2026-05-24T16:41:10.246,14,IMU,19,Motor,1401901,"0.0,0.0,0.0,0.0,0.0,0.0,0.0,0.0,0.0,0.0,0.0,0.0,0.0000,0,0,0,345.5736"
2026-05-24T16:41:10.296,14,IMU,19,Motor,1401901,"0.0,0.0,0.0,0.0,0.0,0.0,0.0,0.0,0.0,0.0,0.0,0.0,0.0000,0,0,0,345.5736"
2026-05-24T16:41:10.297,14,IMU,12,Comm,1401201,"0.0,0.0,0.0,0.0,0.0,0.0,0.0,0.0,0.0,0.0,0.0,0.0"
2026-05-24T16:41:10.347,14,IMU,19,Motor,1401901,"0.0,0.0,0.0,0.0,0.0,0.0,0.0,0.0,0.0,0.0,0.0,0.0,0.0000,0,0,0,345.5736"
2026-05-24T16:41:10.397,14,IMU,19,Motor,1401901,"0.0,0.0,0.0,0.0,0.0,0.0,0.0,0.0,0.0,0.0,0.0,0.0,0.0000,0,0,0,345.5736"
2026-05-24T16:41:10.447,14,IMU,19,Motor,1401901,"0.0,0.0,0.0,0.0,0.0,0.0,0.0,0.0,0.0,0.0,0.0,0.0,0.0000,0,0,0,345.5736"
2026-05-24T16:41:10.498,14,IMU,19,Motor,1401901,"0.0,0.0,0.0,0.0,0.0,0.0,0.0,0.0,0.0,0.0,0.0,0.0,0.0000,0,0,0,345.5736"
2026-05-24T16:41:10.548,14,IMU,19,Motor,1401901,"0.0,0.0,0.0,0.0,0.0,0.0,0.0,0.0,0.0,0.0,0.0,0.0,0.0000,0,0,0,345.5736"
2026-05-24T16:41:10.598,14,IMU,19,Motor,1401901,"0.0,0.0,0.0,0.0,0.0,0.0,0.0,0.0,0.0,0.0,0.0,0.0,0.0000,0,0,0,345.5736"
2026-05-24T16:41:10.649,14,IMU,19,Motor,1401901,"0.0,0.0,0.0,0.0,0.0,0.0,0.0,0.0,0.0,0.0,0.0,0.0,0.0000,0,0,0,345.5736"
2026-05-24T16:41:10.699,14,IMU,19,Motor,1401901,"0.0,0.0,0.0,0.0,0.0,0.0,0.0,0.0,0.0,0.0,0.0,0.0,0.0000,0,0,0,345.5736"
2026-05-24T16:41:10.750,14,IMU,19,Motor,1401901,"0.0,0.0,0.0,0.0,0.0,0.0,0.0,0.0,0.0,0.0,0.0,0.0,0.0000,0,0,0,345.5736"
2026-05-24T16:41:10.800,14,IMU,19,Motor,1401901,"0.0,0.0,0.0,0.0,0.0,0.0,0.0,0.0,0.0,0.0,0.0,0.0,0.0000,0,0,0,345.5736"
2026-05-24T16:41:10.850,14,IMU,19,Motor,1401901,"0.0,0.0,0.0,0.0,0.0,0.0,0.0,0.0,0.0,0.0,0.0,0.0,0.0000,0,0,0,345.5736"
2026-05-24T16:41:10.901,14,IMU,19,Motor,1401901,"0.0,0.0,0.0,0.0,0.0,0.0,0.0,0.0,0.0,0.0,0.0,0.0,0.0000,0,0,0,345.5736"
2026-05-24T16:41:10.951,14,IMU,19,Motor,1401901,"0.0,0.0,0.0,0.0,0.0,0.0,0.0,0.0,0.0,0.0,0.0,0.0,0.0000,0,0,0,345.5736"
2026-05-24T16:41:11.001,14,IMU,19,Motor,1401901,"0.0,0.0,0.0,0.0,0.0,0.0,0.0,0.0,0.0,0.0,0.0,0.0,0.0000,0,0,0,345.5736"
2026-05-24T16:41:11.052,14,IMU,19,Motor,1401901,"0.0,0.0,0.0,0.0,0.0,0.0,0.0,0.0,0.0,0.0,0.0,0.0,0.0000,0,0,0,345.5736"
2026-05-24T16:41:11.102,14,IMU,19,Motor,1401901,"0.0,0.0,0.0,0.0,0.0,0.0,0.0,0.0,0.0,0.0,0.0,0.0,0.0000,0,0,0,345.5736"
2026-05-24T16:41:11.152,14,IMU,19,Motor,1401901,"0.0,0.0,0.0,0.0,0.0,0.0,0.0,0.0,0.0,0.0,0.0,0.0,0.0000,0,0,0,345.5736"
2026-05-24T16:41:11.203,14,IMU,19,Motor,1401901,"0.0,0.0,0.0,0.0,0.0,0.0,0.0,0.0,0.0,0.0,0.0,0.0,0.0000,0,0,0,345.5736"
2026-05-24T16:41:11.253,14,IMU,19,Motor,1401901,"0.0,0.0,0.0,0.0,0.0,0.0,0.0,0.0,0.0,0.0,0.0,0.0,0.0000,0,0,0,345.5736"
2026-05-24T16:41:11.304,14,IMU,19,Motor,1401901,"0.0,0.0,0.0,0.0,0.0,0.0,0.0,0.0,0.0,0.0,0.0,0.0,0.0000,0,0,0,345.5736"
2026-05-24T16:41:11.304,14,IMU,12,Comm,1401201,"0.0,0.0,0.0,0.0,0.0,0.0,0.0,0.0,0.0,0.0,0.0,0.0"
2026-05-24T16:41:11.354,14,IMU,19,Motor,1401901,"0.0,0.0,0.0,0.0,0.0,0.0,0.0,0.0,0.0,0.0,0.0,0.0,0.0000,0,0,0,345.5736"
2026-05-24T16:41:11.404,14,IMU,19,Motor,1401901,"0.0,0.0,0.0,0.0,0.0,0.0,0.0,0.0,0.0,0.0,0.0,0.0,0.0000,0,0,0,345.5736"
2026-05-24T16:41:11.455,14,IMU,19,Motor,1401901,"0.0,0.0,0.0,0.0,0.0,0.0,0.0,0.0,0.0,0.0,0.0,0.0,0.0000,0,0,0,345.5736"
2026-05-24T16:41:11.505,14,IMU,19,Motor,1401901,"0.0,0.0,0.0,0.0,0.0,0.0,0.0,0.0,0.0,0.0,0.0,0.0,0.0000,0,0,0,345.5736"
2026-05-24T16:41:11.556,14,IMU,19,Motor,1401901,"0.0,0.0,0.0,0.0,0.0,0.0,0.0,0.0,0.0,0.0,0.0,0.0,0.0000,0,0,0,345.5736"
2026-05-24T16:41:11.606,14,IMU,19,Motor,1401901,"0.0,0.0,0.0,0.0,0.0,0.0,0.0,0.0,0.0,0.0,0.0,0.0,0.0000,0,0,0,345.5736"
2026-05-24T16:41:11.656,14,IMU,19,Motor,1401901,"0.0,0.0,0.0,0.0,0.0,0.0,0.0,0.0,0.0,0.0,0.0,0.0,0.0000,0,0,0,345.5736"
2026-05-24T16:41:11.707,14,IMU,19,Motor,1401901,"0.0,0.0,0.0,0.0,0.0,0.0,0.0,0.0,0.0,0.0,0.0,0.0,0.0000,0,0,0,345.5736"
2026-05-24T16:41:11.757,14,IMU,19,Motor,1401901,"0.0,0.0,0.0,0.0,0.0,0.0,0.0,0.0,0.0,0.0,0.0,0.0,0.0000,0,0,0,345.5736"
2026-05-24T16:41:11.807,14,IMU,19,Motor,1401901,"0.0,0.0,0.0,0.0,0.0,0.0,0.0,0.0,0.0,0.0,0.0,0.0,0.0000,0,0,0,345.5736"
2026-05-24T16:41:11.858,14,IMU,19,Motor,1401901,"0.0,0.0,0.0,0.0,0.0,0.0,0.0,0.0,0.0,0.0,0.0,0.0,0.0000,0,0,0,345.5736"
2026-05-24T16:41:11.908,14,IMU,19,Motor,1401901,"0.0,0.0,0.0,0.0,0.0,0.0,0.0,0.0,0.0,0.0,0.0,0.0,0.0000,0,0,0,345.5736"
2026-05-24T16:41:11.959,14,IMU,19,Motor,1401901,"0.0,0.0,0.0,0.0,0.0,0.0,0.0,0.0,0.0,0.0,0.0,0.0,0.0000,0,0,0,345.5736"
2026-05-24T16:41:12.009,14,IMU,19,Motor,1401901,"0.0,0.0,0.0,0.0,0.0,0.0,0.0,0.0,0.0,0.0,0.0,0.0,0.0000,0,0,0,345.5736"
2026-05-24T16:41:12.060,14,IMU,19,Motor,1401901,"0.0,0.0,0.0,0.0,0.0,0.0,0.0,0.0,0.0,0.0,0.0,0.0,0.0000,0,0,0,345.5736"
2026-05-24T16:41:12.110,14,IMU,19,Motor,1401901,"0.0,0.0,0.0,0.0,0.0,0.0,0.0,0.0,0.0,0.0,0.0,0.0,0.0000,0,0,0,345.5736"
2026-05-24T16:41:12.161,14,IMU,19,Motor,1401901,"0.0,0.0,0.0,0.0,0.0,0.0,0.0,0.0,0.0,0.0,0.0,0.0,0.0000,0,0,0,345.5736"
2026-05-24T16:41:12.211,14,IMU,19,Motor,1401901,"0.0,0.0,0.0,0.0,0.0,0.0,0.0,0.0,0.0,0.0,0.0,0.0,0.0000,0,0,0,345.5736"
2026-05-24T16:41:12.262,14,IMU,19,Motor,1401901,"0.0,0.0,0.0,0.0,0.0,0.0,0.0,0.0,0.0,0.0,0.0,0.0,0.0000,0,0,0,345.5736"
2026-05-24T16:41:12.312,14,IMU,19,Motor,1401901,"0.0,0.0,0.0,0.0,0.0,0.0,0.0,0.0,0.0,0.0,0.0,0.0,0.0000,0,0,0,345.5736"
2026-05-24T16:41:12.312,14,IMU,12,Comm,1401201,"0.0,0.0,0.0,0.0,0.0,0.0,0.0,0.0,0.0,0.0,0.0,0.0"
2026-05-24T16:41:12.362,14,IMU,19,Motor,1401901,"0.0,0.0,0.0,0.0,0.0,0.0,0.0,0.0,0.0,0.0,0.0,0.0,0.0000,0,0,0,345.5736"
2026-05-24T16:41:12.412,14,IMU,19,Motor,1401901,"0.0,0.0,0.0,0.0,0.0,0.0,0.0,0.0,0.0,0.0,0.0,0.0,0.0000,0,0,0,345.5736"
2026-05-24T16:41:12.463,14,IMU,19,Motor,1401901,"0.0,0.0,0.0,0.0,0.0,0.0,0.0,0.0,0.0,0.0,0.0,0.0,0.0000,0,0,0,345.5736"
2026-05-24T16:41:12.513,14,IMU,19,Motor,1401901,"0.0,0.0,0.0,0.0,0.0,0.0,0.0,0.0,0.0,0.0,0.0,0.0,0.0000,0,0,0,345.5736"
2026-05-24T16:41:12.564,14,IMU,19,Motor,1401901,"0.0,0.0,0.0,0.0,0.0,0.0,0.0,0.0,0.0,0.0,0.0,0.0,0.0000,0,0,0,345.5736"
2026-05-24T16:41:12.614,14,IMU,19,Motor,1401901,"0.0,0.0,0.0,0.0,0.0,0.0,0.0,0.0,0.0,0.0,0.0,0.0,0.0000,0,0,0,345.5736"
2026-05-24T16:41:12.664,14,IMU,19,Motor,1401901,"0.0,0.0,0.0,0.0,0.0,0.0,0.0,0.0,0.0,0.0,0.0,0.0,0.0000,0,0,0,345.5736"
2026-05-24T16:41:12.715,14,IMU,19,Motor,1401901,"0.0,0.0,0.0,0.0,0.0,0.0,0.0,0.0,0.0,0.0,0.0,0.0,0.0000,0,0,0,345.5736"
2026-05-24T16:41:12.765,14,IMU,19,Motor,1401901,"0.0,0.0,0.0,0.0,0.0,0.0,0.0,0.0,0.0,0.0,0.0,0.0,0.0000,0,0,0,345.5736"
2026-05-24T16:41:12.816,14,IMU,19,Motor,1401901,"0.0,0.0,0.0,0.0,0.0,0.0,0.0,0.0,0.0,0.0,0.0,0.0,0.0000,0,0,0,345.5736"
2026-05-24T16:41:12.866,14,IMU,19,Motor,1401901,"0.0,0.0,0.0,0.0,0.0,0.0,0.0,0.0,0.0,0.0,0.0,0.0,0.0000,0,0,0,345.5736"
2026-05-24T16:41:12.916,14,IMU,19,Motor,1401901,"0.0,0.0,0.0,0.0,0.0,0.0,0.0,0.0,0.0,0.0,0.0,0.0,0.0000,0,0,0,345.5736"
2026-05-24T16:41:12.967,14,IMU,19,Motor,1401901,"0.0,0.0,0.0,0.0,0.0,0.0,0.0,0.0,0.0,0.0,0.0,0.0,0.0000,0,0,0,345.5736"
2026-05-24T16:41:13.017,14,IMU,19,Motor,1401901,"0.0,0.0,0.0,0.0,0.0,0.0,0.0,0.0,0.0,0.0,0.0,0.0,0.0000,0,0,0,345.5736"
2026-05-24T16:41:13.068,14,IMU,19,Motor,1401901,"0.0,0.0,0.0,0.0,0.0,0.0,0.0,0.0,0.0,0.0,0.0,0.0,0.0000,0,0,0,345.5736"
2026-05-24T16:41:13.119,14,IMU,19,Motor,1401901,"0.0,0.0,0.0,0.0,0.0,0.0,0.0,0.0,0.0,0.0,0.0,0.0,0.0000,0,0,0,345.5736"
2026-05-24T16:41:13.168,14,IMU,19,Motor,1401901,"0.0,0.0,0.0,0.0,0.0,0.0,0.0,0.0,0.0,0.0,0.0,0.0,0.0000,0,0,0,345.5736"
2026-05-24T16:41:13.219,14,IMU,19,Motor,1401901,"0.0,0.0,0.0,0.0,0.0,0.0,0.0,0.0,0.0,0.0,0.0,0.0,0.0000,0,0,0,345.5736"
2026-05-24T16:41:13.269,14,IMU,19,Motor,1401901,"0.0,0.0,0.0,0.0,0.0,0.0,0.0,0.0,0.0,0.0,0.0,0.0,0.0000,0,0,0,345.5736"
2026-05-24T16:41:13.320,14,IMU,19,Motor,1401901,"0.0,0.0,0.0,0.0,0.0,0.0,0.0,0.0,0.0,0.0,0.0,0.0,0.0000,0,0,0,345.5736"
2026-05-24T16:41:13.321,14,IMU,12,Comm,1401201,"0.0,0.0,0.0,0.0,0.0,0.0,0.0,0.0,0.0,0.0,0.0,0.0"
2026-05-24T16:41:13.370,14,IMU,19,Motor,1401901,"0.0,0.0,0.0,0.0,0.0,0.0,0.0,0.0,0.0,0.0,0.0,0.0,0.0000,0,0,0,345.5736"
2026-05-24T16:41:13.421,14,IMU,19,Motor,1401901,"0.0,0.0,0.0,0.0,0.0,0.0,0.0,0.0,0.0,0.0,0.0,0.0,0.0000,0,0,0,345.5736"
2026-05-24T16:41:13.472,14,IMU,19,Motor,1401901,"0.0,0.0,0.0,0.0,0.0,0.0,0.0,0.0,0.0,0.0,0.0,0.0,0.0000,0,0,0,345.5736"
2026-05-24T16:41:13.521,14,IMU,19,Motor,1401901,"0.0,0.0,0.0,0.0,0.0,0.0,0.0,0.0,0.0,0.0,0.0,0.0,0.0000,0,0,0,345.5736"
2026-05-24T16:41:13.572,14,IMU,19,Motor,1401901,"0.0,0.0,0.0,0.0,0.0,0.0,0.0,0.0,0.0,0.0,0.0,0.0,0.0000,0,0,0,345.5736"
2026-05-24T16:41:13.622,14,IMU,19,Motor,1401901,"0.0,0.0,0.0,0.0,0.0,0.0,0.0,0.0,0.0,0.0,0.0,0.0,0.0000,0,0,0,345.5736"
2026-05-24T16:41:13.673,14,IMU,19,Motor,1401901,"0.0,0.0,0.0,0.0,0.0,0.0,0.0,0.0,0.0,0.0,0.0,0.0,0.0000,0,0,0,345.5736"
2026-05-24T16:41:13.723,14,IMU,19,Motor,1401901,"0.0,0.0,0.0,0.0,0.0,0.0,0.0,0.0,0.0,0.0,0.0,0.0,0.0000,0,0,0,345.5736"
2026-05-24T16:41:13.773,14,IMU,19,Motor,1401901,"0.0,0.0,0.0,0.0,0.0,0.0,0.0,0.0,0.0,0.0,0.0,0.0,0.0000,0,0,0,345.5736"
2026-05-24T16:41:13.824,14,IMU,19,Motor,1401901,"0.0,0.0,0.0,0.0,0.0,0.0,0.0,0.0,0.0,0.0,0.0,0.0,0.0000,0,0,0,345.5736"
2026-05-24T16:41:13.874,14,IMU,19,Motor,1401901,"0.0,0.0,0.0,0.0,0.0,0.0,0.0,0.0,0.0,0.0,0.0,0.0,0.0000,0,0,0,345.5736"
2026-05-24T16:41:13.924,14,IMU,19,Motor,1401901,"0.0,0.0,0.0,0.0,0.0,0.0,0.0,0.0,0.0,0.0,0.0,0.0,0.0000,0,0,0,345.5736"
2026-05-24T16:41:13.975,14,IMU,19,Motor,1401901,"0.0,0.0,0.0,0.0,0.0,0.0,0.0,0.0,0.0,0.0,0.0,0.0,0.0000,0,0,0,345.5736"
2026-05-24T16:41:14.025,14,IMU,19,Motor,1401901,"0.0,0.0,0.0,0.0,0.0,0.0,0.0,0.0,0.0,0.0,0.0,0.0,0.0000,0,0,0,345.5736"
2026-05-24T16:41:14.076,14,IMU,19,Motor,1401901,"0.0,0.0,0.0,0.0,0.0,0.0,0.0,0.0,0.0,0.0,0.0,0.0,0.0000,0,0,0,345.5736"
2026-05-24T16:41:14.126,14,IMU,19,Motor,1401901,"0.0,0.0,0.0,0.0,0.0,0.0,0.0,0.0,0.0,0.0,0.0,0.0,0.0000,0,0,0,345.5736"
2026-05-24T16:41:14.176,14,IMU,19,Motor,1401901,"0.0,0.0,0.0,0.0,0.0,0.0,0.0,0.0,0.0,0.0,0.0,0.0,0.0000,0,0,0,345.5736"
2026-05-24T16:41:14.227,14,IMU,19,Motor,1401901,"0.0,0.0,0.0,0.0,0.0,0.0,0.0,0.0,0.0,0.0,0.0,0.0,0.0000,0,0,0,345.5736"
2026-05-24T16:41:14.278,14,IMU,19,Motor,1401901,"0.0,0.0,0.0,0.0,0.0,0.0,0.0,0.0,0.0,0.0,0.0,0.0,0.0000,0,0,0,345.5736"
2026-05-24T16:41:14.328,14,IMU,19,Motor,1401901,"0.0,0.0,0.0,0.0,0.0,0.0,0.0,0.0,0.0,0.0,0.0,0.0,0.0000,0,0,0,345.5736"
2026-05-24T16:41:14.329,14,IMU,12,Comm,1401201,"0.0,0.0,0.0,0.0,0.0,0.0,0.0,0.0,0.0,0.0,0.0,0.0"
2026-05-24T16:41:14.378,14,IMU,19,Motor,1401901,"0.0,0.0,0.0,0.0,0.0,0.0,0.0,0.0,0.0,0.0,0.0,0.0,0.0000,0,0,0,345.5736"
2026-05-24T16:41:14.429,14,IMU,19,Motor,1401901,"0.0,0.0,0.0,0.0,0.0,0.0,0.0,0.0,0.0,0.0,0.0,0.0,0.0000,0,0,0,345.5736"
2026-05-24T16:41:14.479,14,IMU,19,Motor,1401901,"0.0,0.0,0.0,0.0,0.0,0.0,0.0,0.0,0.0,0.0,0.0,0.0,0.0000,0,0,0,345.5736"
2026-05-24T16:41:14.530,14,IMU,19,Motor,1401901,"0.0,0.0,0.0,0.0,0.0,0.0,0.0,0.0,0.0,0.0,0.0,0.0,0.0000,0,0,0,345.5736"
2026-05-24T16:41:14.580,14,IMU,19,Motor,1401901,"0.0,0.0,0.0,0.0,0.0,0.0,0.0,0.0,0.0,0.0,0.0,0.0,0.0000,0,0,0,345.5736"
2026-05-24T16:41:14.630,14,IMU,19,Motor,1401901,"0.0,0.0,0.0,0.0,0.0,0.0,0.0,0.0,0.0,0.0,0.0,0.0,0.0000,0,0,0,345.5736"
2026-05-24T16:41:14.681,14,IMU,19,Motor,1401901,"0.0,0.0,0.0,0.0,0.0,0.0,0.0,0.0,0.0,0.0,0.0,0.0,0.0000,0,0,0,345.5736"
2026-05-24T16:41:14.731,14,IMU,19,Motor,1401901,"0.0,0.0,0.0,0.0,0.0,0.0,0.0,0.0,0.0,0.0,0.0,0.0,0.0000,0,0,0,345.5736"
2026-05-24T16:41:14.781,14,IMU,19,Motor,1401901,"0.0,0.0,0.0,0.0,0.0,0.0,0.0,0.0,0.0,0.0,0.0,0.0,0.0000,0,0,0,345.5736"
2026-05-24T16:41:14.832,14,IMU,19,Motor,1401901,"0.0,0.0,0.0,0.0,0.0,0.0,0.0,0.0,0.0,0.0,0.0,0.0,0.0000,0,0,0,345.5736"
2026-05-24T16:41:14.882,14,IMU,19,Motor,1401901,"0.0,0.0,0.0,0.0,0.0,0.0,0.0,0.0,0.0,0.0,0.0,0.0,0.0000,0,0,0,345.5736"
2026-05-24T16:41:14.932,14,IMU,19,Motor,1401901,"0.0,0.0,0.0,0.0,0.0,0.0,0.0,0.0,0.0,0.0,0.0,0.0,0.0000,0,0,0,345.5736"
2026-05-24T16:41:14.983,14,IMU,19,Motor,1401901,"0.0,0.0,0.0,0.0,0.0,0.0,0.0,0.0,0.0,0.0,0.0,0.0,0.0000,0,0,0,345.5736"
2026-05-24T16:41:15.033,14,IMU,19,Motor,1401901,"0.0,0.0,0.0,0.0,0.0,0.0,0.0,0.0,0.0,0.0,0.0,0.0,0.0000,0,0,0,345.5736"
2026-05-24T16:41:15.084,14,IMU,19,Motor,1401901,"0.0,0.0,0.0,0.0,0.0,0.0,0.0,0.0,0.0,0.0,0.0,0.0,0.0000,0,0,0,345.5736"
2026-05-24T16:41:15.134,14,IMU,19,Motor,1401901,"0.0,0.0,0.0,0.0,0.0,0.0,0.0,0.0,0.0,0.0,0.0,0.0,0.0000,0,0,0,345.5736"
2026-05-24T16:41:15.184,14,IMU,19,Motor,1401901,"0.0,0.0,0.0,0.0,0.0,0.0,0.0,0.0,0.0,0.0,0.0,0.0,0.0000,0,0,0,345.5736"
2026-05-24T16:41:15.235,14,IMU,19,Motor,1401901,"0.0,0.0,0.0,0.0,0.0,0.0,0.0,0.0,0.0,0.0,0.0,0.0,0.0000,0,0,0,345.5736"
2026-05-24T16:41:15.285,14,IMU,19,Motor,1401901,"0.0,0.0,0.0,0.0,0.0,0.0,0.0,0.0,0.0,0.0,0.0,0.0,0.0000,0,0,0,345.5736"
2026-05-24T16:41:15.336,14,IMU,19,Motor,1401901,"0.0,0.0,0.0,0.0,0.0,0.0,0.0,0.0,0.0,0.0,0.0,0.0,0.0000,0,0,0,345.5736"
2026-05-24T16:41:15.336,14,IMU,12,Comm,1401201,"0.0,0.0,0.0,0.0,0.0,0.0,0.0,0.0,0.0,0.0,0.0,0.0"
2026-05-24T16:41:15.386,14,IMU,19,Motor,1401901,"0.0,0.0,0.0,0.0,0.0,0.0,0.0,0.0,0.0,0.0,0.0,0.0,0.0000,0,0,0,345.5736"
2026-05-24T16:41:15.436,14,IMU,19,Motor,1401901,"0.0,0.0,0.0,0.0,0.0,0.0,0.0,0.0,0.0,0.0,0.0,0.0,0.0000,0,0,0,345.5736"
2026-05-24T16:41:15.487,14,IMU,19,Motor,1401901,"0.0,0.0,0.0,0.0,0.0,0.0,0.0,0.0,0.0,0.0,0.0,0.0,0.0000,0,0,0,345.5736"
2026-05-24T16:41:15.537,14,IMU,19,Motor,1401901,"0.0,0.0,0.0,0.0,0.0,0.0,0.0,0.0,0.0,0.0,0.0,0.0,0.0000,0,0,0,345.5736"
2026-05-24T16:41:15.587,14,IMU,19,Motor,1401901,"0.0,0.0,0.0,0.0,0.0,0.0,0.0,0.0,0.0,0.0,0.0,0.0,0.0000,0,0,0,345.5736"
2026-05-24T16:41:15.638,14,IMU,19,Motor,1401901,"0.0,0.0,0.0,0.0,0.0,0.0,0.0,0.0,0.0,0.0,0.0,0.0,0.0000,0,0,0,345.5736"
2026-05-24T16:41:15.688,14,IMU,19,Motor,1401901,"0.0,0.0,0.0,0.0,0.0,0.0,0.0,0.0,0.0,0.0,0.0,0.0,0.0000,0,0,0,345.5736"
2026-05-24T16:41:15.739,14,IMU,19,Motor,1401901,"0.0,0.0,0.0,0.0,0.0,0.0,0.0,0.0,0.0,0.0,0.0,0.0,0.0000,0,0,0,345.5736"
2026-05-24T16:41:15.789,14,IMU,19,Motor,1401901,"0.0,0.0,0.0,0.0,0.0,0.0,0.0,0.0,0.0,0.0,0.0,0.0,0.0000,0,0,0,345.5736"
2026-05-24T16:41:15.840,14,IMU,19,Motor,1401901,"0.0,0.0,0.0,0.0,0.0,0.0,0.0,0.0,0.0,0.0,0.0,0.0,0.0000,0,0,0,345.5736"
2026-05-24T16:41:15.890,14,IMU,19,Motor,1401901,"0.0,0.0,0.0,0.0,0.0,0.0,0.0,0.0,0.0,0.0,0.0,0.0,0.0000,0,0,0,345.5736"
2026-05-24T16:41:15.941,14,IMU,19,Motor,1401901,"0.0,0.0,0.0,0.0,0.0,0.0,0.0,0.0,0.0,0.0,0.0,0.0,0.0000,0,0,0,345.5736"
2026-05-24T16:41:15.991,14,IMU,19,Motor,1401901,"0.0,0.0,0.0,0.0,0.0,0.0,0.0,0.0,0.0,0.0,0.0,0.0,0.0000,0,0,0,345.5736"
2026-05-24T16:41:16.042,14,IMU,19,Motor,1401901,"0.0,0.0,0.0,0.0,0.0,0.0,0.0,0.0,0.0,0.0,0.0,0.0,0.0000,0,0,0,345.5736"
2026-05-24T16:41:16.092,14,IMU,19,Motor,1401901,"0.0,0.0,0.0,0.0,0.0,0.0,0.0,0.0,0.0,0.0,0.0,0.0,0.0000,0,0,0,345.5736"
2026-05-24T16:41:16.143,14,IMU,19,Motor,1401901,"0.0,0.0,0.0,0.0,0.0,0.0,0.0,0.0,0.0,0.0,0.0,0.0,0.0000,0,0,0,345.5736"
2026-05-24T16:41:16.193,14,IMU,19,Motor,1401901,"0.0,0.0,0.0,0.0,0.0,0.0,0.0,0.0,0.0,0.0,0.0,0.0,0.0000,0,0,0,345.5736"
2026-05-24T16:41:16.243,14,IMU,19,Motor,1401901,"0.0,0.0,0.0,0.0,0.0,0.0,0.0,0.0,0.0,0.0,0.0,0.0,0.0000,0,0,0,345.5736"
2026-05-24T16:41:16.294,14,IMU,19,Motor,1401901,"0.0,0.0,0.0,0.0,0.0,0.0,0.0,0.0,0.0,0.0,0.0,0.0,0.0000,0,0,0,345.5736"
2026-05-24T16:41:16.344,14,IMU,19,Motor,1401901,"0.0,0.0,0.0,0.0,0.0,0.0,0.0,0.0,0.0,0.0,0.0,0.0,0.0000,0,0,0,345.5736"
2026-05-24T16:41:16.345,14,IMU,12,Comm,1401201,"0.0,0.0,0.0,0.0,0.0,0.0,0.0,0.0,0.0,0.0,0.0,0.0"
2026-05-24T16:41:16.395,14,IMU,19,Motor,1401901,"0.0,0.0,0.0,0.0,0.0,0.0,0.0,0.0,0.0,0.0,0.0,0.0,0.0000,0,0,0,345.5736"
2026-05-24T16:41:16.445,14,IMU,19,Motor,1401901,"0.0,0.0,0.0,0.0,0.0,0.0,0.0,0.0,0.0,0.0,0.0,0.0,0.0000,0,0,0,345.5736"
2026-05-24T16:41:16.496,14,IMU,19,Motor,1401901,"0.0,0.0,0.0,0.0,0.0,0.0,0.0,0.0,0.0,0.0,0.0,0.0,0.0000,0,0,0,345.5736"
2026-05-24T16:41:16.547,14,IMU,19,Motor,1401901,"0.0,0.0,0.0,0.0,0.0,0.0,0.0,0.0,0.0,0.0,0.0,0.0,0.0000,0,0,0,345.5736"
2026-05-24T16:41:16.596,14,IMU,19,Motor,1401901,"0.0,0.0,0.0,0.0,0.0,0.0,0.0,0.0,0.0,0.0,0.0,0.0,0.0000,0,0,0,345.5736"
2026-05-24T16:41:16.647,14,IMU,19,Motor,1401901,"0.0,0.0,0.0,0.0,0.0,0.0,0.0,0.0,0.0,0.0,0.0,0.0,0.0000,0,0,0,345.5736"
2026-05-24T16:41:16.697,14,IMU,19,Motor,1401901,"0.0,0.0,0.0,0.0,0.0,0.0,0.0,0.0,0.0,0.0,0.0,0.0,0.0000,0,0,0,345.5736"
2026-05-24T16:41:16.748,14,IMU,19,Motor,1401901,"0.0,0.0,0.0,0.0,0.0,0.0,0.0,0.0,0.0,0.0,0.0,0.0,0.0000,0,0,0,345.5736"
2026-05-24T16:41:16.798,14,IMU,19,Motor,1401901,"0.0,0.0,0.0,0.0,0.0,0.0,0.0,0.0,0.0,0.0,0.0,0.0,0.0000,0,0,0,345.5736"
2026-05-24T16:41:16.849,14,IMU,19,Motor,1401901,"0.0,0.0,0.0,0.0,0.0,0.0,0.0,0.0,0.0,0.0,0.0,0.0,0.0000,0,0,0,345.5736"
2026-05-24T16:41:16.899,14,IMU,19,Motor,1401901,"0.0,0.0,0.0,0.0,0.0,0.0,0.0,0.0,0.0,0.0,0.0,0.0,0.0000,0,0,0,345.5736"
2026-05-24T16:41:16.950,14,IMU,19,Motor,1401901,"0.0,0.0,0.0,0.0,0.0,0.0,0.0,0.0,0.0,0.0,0.0,0.0,0.0000,0,0,0,345.5736"
2026-05-24T16:41:17.000,14,IMU,19,Motor,1401901,"0.0,0.0,0.0,0.0,0.0,0.0,0.0,0.0,0.0,0.0,0.0,0.0,0.0000,0,0,0,345.5736"
2026-05-24T16:41:17.050,14,IMU,19,Motor,1401901,"0.0,0.0,0.0,0.0,0.0,0.0,0.0,0.0,0.0,0.0,0.0,0.0,0.0000,0,0,0,345.5736"
2026-05-24T16:41:17.101,14,IMU,19,Motor,1401901,"0.0,0.0,0.0,0.0,0.0,0.0,0.0,0.0,0.0,0.0,0.0,0.0,0.0000,0,0,0,345.5736"
2026-05-24T16:41:17.151,14,IMU,19,Motor,1401901,"0.0,0.0,0.0,0.0,0.0,0.0,0.0,0.0,0.0,0.0,0.0,0.0,0.0000,0,0,0,345.5736"
2026-05-24T16:41:17.201,14,IMU,19,Motor,1401901,"0.0,0.0,0.0,0.0,0.0,0.0,0.0,0.0,0.0,0.0,0.0,0.0,0.0000,0,0,0,345.5736"
2026-05-24T16:41:17.252,14,IMU,19,Motor,1401901,"0.0,0.0,0.0,0.0,0.0,0.0,0.0,0.0,0.0,0.0,0.0,0.0,0.0000,0,0,0,345.5736"
2026-05-24T16:41:17.302,14,IMU,19,Motor,1401901,"0.0,0.0,0.0,0.0,0.0,0.0,0.0,0.0,0.0,0.0,0.0,0.0,0.0000,0,0,0,345.5736"
2026-05-24T16:41:17.353,14,IMU,19,Motor,1401901,"0.0,0.0,0.0,0.0,0.0,0.0,0.0,0.0,0.0,0.0,0.0,0.0,0.0000,0,0,0,345.5736"
2026-05-24T16:41:17.353,14,IMU,12,Comm,1401201,"0.0,0.0,0.0,0.0,0.0,0.0,0.0,0.0,0.0,0.0,0.0,0.0"
2026-05-24T16:41:17.403,14,IMU,19,Motor,1401901,"0.0,0.0,0.0,0.0,0.0,0.0,0.0,0.0,0.0,0.0,0.0,0.0,0.0000,0,0,0,345.5736"
2026-05-24T16:41:17.453,14,IMU,19,Motor,1401901,"0.0,0.0,0.0,0.0,0.0,0.0,0.0,0.0,0.0,0.0,0.0,0.0,0.0000,0,0,0,345.5736"
2026-05-24T16:41:17.504,14,IMU,19,Motor,1401901,"0.0,0.0,0.0,0.0,0.0,0.0,0.0,0.0,0.0,0.0,0.0,0.0,0.0000,0,0,0,345.5736"
2026-05-24T16:41:17.554,14,IMU,19,Motor,1401901,"0.0,0.0,0.0,0.0,0.0,0.0,0.0,0.0,0.0,0.0,0.0,0.0,0.0000,0,0,0,345.5736"
2026-05-24T16:41:17.605,14,IMU,19,Motor,1401901,"0.0,0.0,0.0,0.0,0.0,0.0,0.0,0.0,0.0,0.0,0.0,0.0,0.0000,0,0,0,345.5736"
2026-05-24T16:41:17.655,14,IMU,19,Motor,1401901,"0.0,0.0,0.0,0.0,0.0,0.0,0.0,0.0,0.0,0.0,0.0,0.0,0.0000,0,0,0,345.5736"
2026-05-24T16:41:17.706,14,IMU,19,Motor,1401901,"0.0,0.0,0.0,0.0,0.0,0.0,0.0,0.0,0.0,0.0,0.0,0.0,0.0000,0,0,0,345.5736"
2026-05-24T16:41:17.756,14,IMU,19,Motor,1401901,"0.0,0.0,0.0,0.0,0.0,0.0,0.0,0.0,0.0,0.0,0.0,0.0,0.0000,0,0,0,345.5736"
2026-05-24T16:41:17.806,14,IMU,19,Motor,1401901,"0.0,0.0,0.0,0.0,0.0,0.0,0.0,0.0,0.0,0.0,0.0,0.0,0.0000,0,0,0,345.5736"
2026-05-24T16:41:17.857,14,IMU,19,Motor,1401901,"0.0,0.0,0.0,0.0,0.0,0.0,0.0,0.0,0.0,0.0,0.0,0.0,0.0000,0,0,0,345.5736"
2026-05-24T16:41:17.907,14,IMU,19,Motor,1401901,"0.0,0.0,0.0,0.0,0.0,0.0,0.0,0.0,0.0,0.0,0.0,0.0,0.0000,0,0,0,345.5736"
2026-05-24T16:41:17.958,14,IMU,19,Motor,1401901,"0.0,0.0,0.0,0.0,0.0,0.0,0.0,0.0,0.0,0.0,0.0,0.0,0.0000,0,0,0,345.5736"
2026-05-24T16:41:18.008,14,IMU,19,Motor,1401901,"0.0,0.0,0.0,0.0,0.0,0.0,0.0,0.0,0.0,0.0,0.0,0.0,0.0000,0,0,0,345.5736"
2026-05-24T16:41:18.058,14,IMU,19,Motor,1401901,"0.0,0.0,0.0,0.0,0.0,0.0,0.0,0.0,0.0,0.0,0.0,0.0,0.0000,0,0,0,345.5736"
2026-05-24T16:41:18.109,14,IMU,19,Motor,1401901,"0.0,0.0,0.0,0.0,0.0,0.0,0.0,0.0,0.0,0.0,0.0,0.0,0.0000,0,0,0,345.5736"
2026-05-24T16:41:18.159,14,IMU,19,Motor,1401901,"0.0,0.0,0.0,0.0,0.0,0.0,0.0,0.0,0.0,0.0,0.0,0.0,0.0000,0,0,0,345.5736"
2026-05-24T16:41:18.209,14,IMU,19,Motor,1401901,"0.0,0.0,0.0,0.0,0.0,0.0,0.0,0.0,0.0,0.0,0.0,0.0,0.0000,0,0,0,345.5736"
2026-05-24T16:41:18.260,14,IMU,19,Motor,1401901,"0.0,0.0,0.0,0.0,0.0,0.0,0.0,0.0,0.0,0.0,0.0,0.0,0.0000,0,0,0,345.5736"
2026-05-24T16:41:18.311,14,IMU,19,Motor,1401901,"0.0,0.0,0.0,0.0,0.0,0.0,0.0,0.0,0.0,0.0,0.0,0.0,0.0000,0,0,0,345.5736"
2026-05-24T16:41:18.361,14,IMU,19,Motor,1401901,"0.0,0.0,0.0,0.0,0.0,0.0,0.0,0.0,0.0,0.0,0.0,0.0,0.0000,0,0,0,345.5736"
2026-05-24T16:41:18.361,14,IMU,12,Comm,1401201,"0.0,0.0,0.0,0.0,0.0,0.0,0.0,0.0,0.0,0.0,0.0,0.0"
2026-05-24T16:41:18.411,14,IMU,19,Motor,1401901,"0.0,0.0,0.0,0.0,0.0,0.0,0.0,0.0,0.0,0.0,0.0,0.0,0.0000,0,0,0,345.5736"
2026-05-24T16:41:18.462,14,IMU,19,Motor,1401901,"0.0,0.0,0.0,0.0,0.0,0.0,0.0,0.0,0.0,0.0,0.0,0.0,0.0000,0,0,0,345.5736"
2026-05-24T16:41:18.512,14,IMU,19,Motor,1401901,"0.0,0.0,0.0,0.0,0.0,0.0,0.0,0.0,0.0,0.0,0.0,0.0,0.0000,0,0,0,345.5736"
2026-05-24T16:41:18.563,14,IMU,19,Motor,1401901,"0.0,0.0,0.0,0.0,0.0,0.0,0.0,0.0,0.0,0.0,0.0,0.0,0.0000,0,0,0,345.5736"
2026-05-24T16:41:18.613,14,IMU,19,Motor,1401901,"0.0,0.0,0.0,0.0,0.0,0.0,0.0,0.0,0.0,0.0,0.0,0.0,0.0000,0,0,0,345.5736"
2026-05-24T16:41:18.663,14,IMU,19,Motor,1401901,"0.0,0.0,0.0,0.0,0.0,0.0,0.0,0.0,0.0,0.0,0.0,0.0,0.0000,0,0,0,345.5736"
2026-05-24T16:41:18.714,14,IMU,19,Motor,1401901,"0.0,0.0,0.0,0.0,0.0,0.0,0.0,0.0,0.0,0.0,0.0,0.0,0.0000,0,0,0,345.5736"
2026-05-24T16:41:18.764,14,IMU,19,Motor,1401901,"0.0,0.0,0.0,0.0,0.0,0.0,0.0,0.0,0.0,0.0,0.0,0.0,0.0000,0,0,0,345.5736"
2026-05-24T16:41:18.815,14,IMU,19,Motor,1401901,"0.0,0.0,0.0,0.0,0.0,0.0,0.0,0.0,0.0,0.0,0.0,0.0,0.0000,0,0,0,345.5736"
2026-05-24T16:41:18.865,14,IMU,19,Motor,1401901,"0.0,0.0,0.0,0.0,0.0,0.0,0.0,0.0,0.0,0.0,0.0,0.0,0.0000,0,0,0,345.5736"
2026-05-24T16:41:18.915,14,IMU,19,Motor,1401901,"0.0,0.0,0.0,0.0,0.0,0.0,0.0,0.0,0.0,0.0,0.0,0.0,0.0000,0,0,0,345.5736"
2026-05-24T16:41:18.966,14,IMU,19,Motor,1401901,"0.0,0.0,0.0,0.0,0.0,0.0,0.0,0.0,0.0,0.0,0.0,0.0,0.0000,0,0,0,345.5736"
2026-05-24T16:41:19.016,14,IMU,19,Motor,1401901,"0.0,0.0,0.0,0.0,0.0,0.0,0.0,0.0,0.0,0.0,0.0,0.0,0.0000,0,0,0,345.5736"
2026-05-24T16:41:19.066,14,IMU,19,Motor,1401901,"0.0,0.0,0.0,0.0,0.0,0.0,0.0,0.0,0.0,0.0,0.0,0.0,0.0000,0,0,0,345.5736"
2026-05-24T16:41:19.117,14,IMU,19,Motor,1401901,"0.0,0.0,0.0,0.0,0.0,0.0,0.0,0.0,0.0,0.0,0.0,0.0,0.0000,0,0,0,345.5736"
2026-05-24T16:41:19.167,14,IMU,19,Motor,1401901,"0.0,0.0,0.0,0.0,0.0,0.0,0.0,0.0,0.0,0.0,0.0,0.0,0.0000,0,0,0,345.5736"
2026-05-24T16:41:19.217,14,IMU,19,Motor,1401901,"0.0,0.0,0.0,0.0,0.0,0.0,0.0,0.0,0.0,0.0,0.0,0.0,0.0000,0,0,0,345.5736"
2026-05-24T16:41:19.268,14,IMU,19,Motor,1401901,"0.0,0.0,0.0,0.0,0.0,0.0,0.0,0.0,0.0,0.0,0.0,0.0,0.0000,0,0,0,345.5736"
2026-05-24T16:41:19.318,14,IMU,19,Motor,1401901,"0.0,0.0,0.0,0.0,0.0,0.0,0.0,0.0,0.0,0.0,0.0,0.0,0.0000,0,0,0,345.5736"
2026-05-24T16:41:19.369,14,IMU,19,Motor,1401901,"0.0,0.0,0.0,0.0,0.0,0.0,0.0,0.0,0.0,0.0,0.0,0.0,0.0000,0,0,0,345.5736"
2026-05-24T16:41:19.369,14,IMU,12,Comm,1401201,"0.0,0.0,0.0,0.0,0.0,0.0,0.0,0.0,0.0,0.0,0.0,0.0"
2026-05-24T16:41:19.419,14,IMU,19,Motor,1401901,"0.0,0.0,0.0,0.0,0.0,0.0,0.0,0.0,0.0,0.0,0.0,0.0,0.0000,0,0,0,345.5736"
2026-05-24T16:41:19.469,14,IMU,19,Motor,1401901,"0.0,0.0,0.0,0.0,0.0,0.0,0.0,0.0,0.0,0.0,0.0,0.0,0.0000,0,0,0,345.5736"
2026-05-24T16:41:19.520,14,IMU,19,Motor,1401901,"0.0,0.0,0.0,0.0,0.0,0.0,0.0,0.0,0.0,0.0,0.0,0.0,0.0000,0,0,0,345.5736"
2026-05-24T16:41:19.570,14,IMU,19,Motor,1401901,"0.0,0.0,0.0,0.0,0.0,0.0,0.0,0.0,0.0,0.0,0.0,0.0,0.0000,0,0,0,345.5736"
2026-05-24T16:41:19.620,14,IMU,19,Motor,1401901,"0.0,0.0,0.0,0.0,0.0,0.0,0.0,0.0,0.0,0.0,0.0,0.0,0.0000,0,0,0,345.5736"
2026-05-24T16:41:19.671,14,IMU,19,Motor,1401901,"0.0,0.0,0.0,0.0,0.0,0.0,0.0,0.0,0.0,0.0,0.0,0.0,0.0000,0,0,0,345.5736"
2026-05-24T16:41:19.721,14,IMU,19,Motor,1401901,"0.0,0.0,0.0,0.0,0.0,0.0,0.0,0.0,0.0,0.0,0.0,0.0,0.0000,0,0,0,345.5736"
2026-05-24T16:41:19.771,14,IMU,19,Motor,1401901,"0.0,0.0,0.0,0.0,0.0,0.0,0.0,0.0,0.0,0.0,0.0,0.0,0.0000,0,0,0,345.5736"
2026-05-24T16:41:19.821,14,IMU,19,Motor,1401901,"0.0,0.0,0.0,0.0,0.0,0.0,0.0,0.0,0.0,0.0,0.0,0.0,0.0000,0,0,0,345.5736"
2026-05-24T16:41:19.872,14,IMU,19,Motor,1401901,"0.0,0.0,0.0,0.0,0.0,0.0,0.0,0.0,0.0,0.0,0.0,0.0,0.0000,0,0,0,345.5736"
2026-05-24T16:41:19.922,14,IMU,19,Motor,1401901,"0.0,0.0,0.0,0.0,0.0,0.0,0.0,0.0,0.0,0.0,0.0,0.0,0.0000,0,0,0,345.5736"
2026-05-24T16:41:19.973,14,IMU,19,Motor,1401901,"0.0,0.0,0.0,0.0,0.0,0.0,0.0,0.0,0.0,0.0,0.0,0.0,0.0000,0,0,0,345.5736"
2026-05-24T16:41:20.023,14,IMU,19,Motor,1401901,"0.0,0.0,0.0,0.0,0.0,0.0,0.0,0.0,0.0,0.0,0.0,0.0,0.0000,0,0,0,345.5736"
2026-05-24T16:41:20.073,14,IMU,19,Motor,1401901,"0.0,0.0,0.0,0.0,0.0,0.0,0.0,0.0,0.0,0.0,0.0,0.0,0.0000,0,0,0,345.5736"
2026-05-24T16:41:20.123,14,IMU,19,Motor,1401901,"0.0,0.0,0.0,0.0,0.0,0.0,0.0,0.0,0.0,0.0,0.0,0.0,0.0000,0,0,0,345.5736"
2026-05-24T16:41:20.174,14,IMU,19,Motor,1401901,"0.0,0.0,0.0,0.0,0.0,0.0,0.0,0.0,0.0,0.0,0.0,0.0,0.0000,0,0,0,345.5736"
2026-05-24T16:41:20.224,14,IMU,19,Motor,1401901,"0.0,0.0,0.0,0.0,0.0,0.0,0.0,0.0,0.0,0.0,0.0,0.0,0.0000,0,0,0,345.5736"
2026-05-24T16:41:20.274,14,IMU,19,Motor,1401901,"0.0,0.0,0.0,0.0,0.0,0.0,0.0,0.0,0.0,0.0,0.0,0.0,0.0000,0,0,0,345.5736"
2026-05-24T16:41:20.325,14,IMU,19,Motor,1401901,"0.0,0.0,0.0,0.0,0.0,0.0,0.0,0.0,0.0,0.0,0.0,0.0,0.0000,0,0,0,345.5736"
2026-05-24T16:41:20.375,14,IMU,19,Motor,1401901,"0.0,0.0,0.0,0.0,0.0,0.0,0.0,0.0,0.0,0.0,0.0,0.0,0.0000,0,0,0,345.5736"
2026-05-24T16:41:20.376,14,IMU,12,Comm,1401201,"0.0,0.0,0.0,0.0,0.0,0.0,0.0,0.0,0.0,0.0,0.0,0.0"
2026-05-24T16:41:20.425,14,IMU,19,Motor,1401901,"0.0,0.0,0.0,0.0,0.0,0.0,0.0,0.0,0.0,0.0,0.0,0.0,0.0000,0,0,0,345.5736"
2026-05-24T16:41:20.476,14,IMU,19,Motor,1401901,"0.0,0.0,0.0,0.0,0.0,0.0,0.0,0.0,0.0,0.0,0.0,0.0,0.0000,0,0,0,345.5736"
2026-05-24T16:41:20.526,14,IMU,19,Motor,1401901,"0.0,0.0,0.0,0.0,0.0,0.0,0.0,0.0,0.0,0.0,0.0,0.0,0.0000,0,0,0,345.5736"
2026-05-24T16:41:20.576,14,IMU,19,Motor,1401901,"0.0,0.0,0.0,0.0,0.0,0.0,0.0,0.0,0.0,0.0,0.0,0.0,0.0000,0,0,0,345.5736"
2026-05-24T16:41:20.627,14,IMU,19,Motor,1401901,"0.0,0.0,0.0,0.0,0.0,0.0,0.0,0.0,0.0,0.0,0.0,0.0,0.0000,0,0,0,345.5736"
2026-05-24T16:41:20.677,14,IMU,19,Motor,1401901,"0.0,0.0,0.0,0.0,0.0,0.0,0.0,0.0,0.0,0.0,0.0,0.0,0.0000,0,0,0,345.5736"
2026-05-24T16:41:20.727,14,IMU,19,Motor,1401901,"0.0,0.0,0.0,0.0,0.0,0.0,0.0,0.0,0.0,0.0,0.0,0.0,0.0000,0,0,0,345.5736"
2026-05-24T16:41:20.778,14,IMU,19,Motor,1401901,"0.0,0.0,0.0,0.0,0.0,0.0,0.0,0.0,0.0,0.0,0.0,0.0,0.0000,0,0,0,345.5736"
2026-05-24T16:41:20.828,14,IMU,19,Motor,1401901,"0.0,0.0,0.0,0.0,0.0,0.0,0.0,0.0,0.0,0.0,0.0,0.0,0.0000,0,0,0,345.5736"
2026-05-24T16:41:20.878,14,IMU,19,Motor,1401901,"0.0,0.0,0.0,0.0,0.0,0.0,0.0,0.0,0.0,0.0,0.0,0.0,0.0000,0,0,0,345.5736"
2026-05-24T16:41:20.929,14,IMU,19,Motor,1401901,"0.0,0.0,0.0,0.0,0.0,0.0,0.0,0.0,0.0,0.0,0.0,0.0,0.0000,0,0,0,345.5736"
2026-05-24T16:41:20.979,14,IMU,19,Motor,1401901,"0.0,0.0,0.0,0.0,0.0,0.0,0.0,0.0,0.0,0.0,0.0,0.0,0.0000,0,0,0,345.5736"
2026-05-24T16:41:21.029,14,IMU,19,Motor,1401901,"0.0,0.0,0.0,0.0,0.0,0.0,0.0,0.0,0.0,0.0,0.0,0.0,0.0000,0,0,0,345.5736"
2026-05-24T16:41:21.080,14,IMU,19,Motor,1401901,"0.0,0.0,0.0,0.0,0.0,0.0,0.0,0.0,0.0,0.0,0.0,0.0,0.0000,0,0,0,345.5736"
2026-05-24T16:41:21.130,14,IMU,19,Motor,1401901,"0.0,0.0,0.0,0.0,0.0,0.0,0.0,0.0,0.0,0.0,0.0,0.0,0.0000,0,0,0,345.5736"
2026-05-24T16:41:21.180,14,IMU,19,Motor,1401901,"0.0,0.0,0.0,0.0,0.0,0.0,0.0,0.0,0.0,0.0,0.0,0.0,0.0000,0,0,0,345.5736"
2026-05-24T16:41:21.231,14,IMU,19,Motor,1401901,"0.0,0.0,0.0,0.0,0.0,0.0,0.0,0.0,0.0,0.0,0.0,0.0,0.0000,0,0,0,345.5736"
2026-05-24T16:41:21.281,14,IMU,19,Motor,1401901,"0.0,0.0,0.0,0.0,0.0,0.0,0.0,0.0,0.0,0.0,0.0,0.0,0.0000,0,0,0,345.5736"
2026-05-24T16:41:21.331,14,IMU,19,Motor,1401901,"0.0,0.0,0.0,0.0,0.0,0.0,0.0,0.0,0.0,0.0,0.0,0.0,0.0000,0,0,0,345.5736"
2026-05-24T16:41:21.382,14,IMU,19,Motor,1401901,"0.0,0.0,0.0,0.0,0.0,0.0,0.0,0.0,0.0,0.0,0.0,0.0,0.0000,0,0,0,345.5736"
2026-05-24T16:41:21.382,14,IMU,12,Comm,1401201,"0.0,0.0,0.0,0.0,0.0,0.0,0.0,0.0,0.0,0.0,0.0,0.0"
2026-05-24T16:41:21.432,14,IMU,19,Motor,1401901,"0.0,0.0,0.0,0.0,0.0,0.0,0.0,0.0,0.0,0.0,0.0,0.0,0.0000,0,0,0,345.5736"
2026-05-24T16:41:21.482,14,IMU,19,Motor,1401901,"0.0,0.0,0.0,0.0,0.0,0.0,0.0,0.0,0.0,0.0,0.0,0.0,0.0000,0,0,0,345.5736"
2026-05-24T16:41:21.533,14,IMU,19,Motor,1401901,"0.0,0.0,0.0,0.0,0.0,0.0,0.0,0.0,0.0,0.0,0.0,0.0,0.0000,0,0,0,345.5736"
2026-05-24T16:41:21.583,14,IMU,19,Motor,1401901,"0.0,0.0,0.0,0.0,0.0,0.0,0.0,0.0,0.0,0.0,0.0,0.0,0.0000,0,0,0,345.5736"
2026-05-24T16:41:21.633,14,IMU,19,Motor,1401901,"0.0,0.0,0.0,0.0,0.0,0.0,0.0,0.0,0.0,0.0,0.0,0.0,0.0000,0,0,0,345.5736"
2026-05-24T16:41:21.684,14,IMU,19,Motor,1401901,"0.0,0.0,0.0,0.0,0.0,0.0,0.0,0.0,0.0,0.0,0.0,0.0,0.0000,0,0,0,345.5736"
2026-05-24T16:41:21.734,14,IMU,19,Motor,1401901,"0.0,0.0,0.0,0.0,0.0,0.0,0.0,0.0,0.0,0.0,0.0,0.0,0.0000,0,0,0,345.5736"
2026-05-24T16:41:21.784,14,IMU,19,Motor,1401901,"0.0,0.0,0.0,0.0,0.0,0.0,0.0,0.0,0.0,0.0,0.0,0.0,0.0000,0,0,0,345.5736"
2026-05-24T16:41:21.835,14,IMU,19,Motor,1401901,"0.0,0.0,0.0,0.0,0.0,0.0,0.0,0.0,0.0,0.0,0.0,0.0,0.0000,0,0,0,345.5736"
2026-05-24T16:41:21.885,14,IMU,19,Motor,1401901,"0.0,0.0,0.0,0.0,0.0,0.0,0.0,0.0,0.0,0.0,0.0,0.0,0.0000,0,0,0,345.5736"
2026-05-24T16:41:21.935,14,IMU,19,Motor,1401901,"0.0,0.0,0.0,0.0,0.0,0.0,0.0,0.0,0.0,0.0,0.0,0.0,0.0000,0,0,0,345.5736"
2026-05-24T16:41:21.986,14,IMU,19,Motor,1401901,"0.0,0.0,0.0,0.0,0.0,0.0,0.0,0.0,0.0,0.0,0.0,0.0,0.0000,0,0,0,345.5736"
2026-05-24T16:41:22.036,14,IMU,19,Motor,1401901,"0.0,0.0,0.0,0.0,0.0,0.0,0.0,0.0,0.0,0.0,0.0,0.0,0.0000,0,0,0,345.5736"
2026-05-24T16:41:22.086,14,IMU,19,Motor,1401901,"0.0,0.0,0.0,0.0,0.0,0.0,0.0,0.0,0.0,0.0,0.0,0.0,0.0000,0,0,0,345.5736"
2026-05-24T16:41:22.137,14,IMU,19,Motor,1401901,"0.0,0.0,0.0,0.0,0.0,0.0,0.0,0.0,0.0,0.0,0.0,0.0,0.0000,0,0,0,345.5736"
2026-05-24T16:41:22.187,14,IMU,19,Motor,1401901,"0.0,0.0,0.0,0.0,0.0,0.0,0.0,0.0,0.0,0.0,0.0,0.0,0.0000,0,0,0,345.5736"
2026-05-24T16:41:22.237,14,IMU,19,Motor,1401901,"0.0,0.0,0.0,0.0,0.0,0.0,0.0,0.0,0.0,0.0,0.0,0.0,0.0000,0,0,0,345.5736"
2026-05-24T16:41:22.288,14,IMU,19,Motor,1401901,"0.0,0.0,0.0,0.0,0.0,0.0,0.0,0.0,0.0,0.0,0.0,0.0,0.0000,0,0,0,345.5736"
2026-05-24T16:41:22.338,14,IMU,19,Motor,1401901,"0.0,0.0,0.0,0.0,0.0,0.0,0.0,0.0,0.0,0.0,0.0,0.0,0.0000,0,0,0,345.5736"
2026-05-24T16:41:22.389,14,IMU,19,Motor,1401901,"0.0,0.0,0.0,0.0,0.0,0.0,0.0,0.0,0.0,0.0,0.0,0.0,0.0000,0,0,0,345.5736"
2026-05-24T16:41:22.389,14,IMU,12,Comm,1401201,"0.0,0.0,0.0,0.0,0.0,0.0,0.0,0.0,0.0,0.0,0.0,0.0"
2026-05-24T16:41:22.439,14,IMU,19,Motor,1401901,"0.0,0.0,0.0,0.0,0.0,0.0,0.0,0.0,0.0,0.0,0.0,0.0,0.0000,0,0,0,345.5736"
2026-05-24T16:41:22.489,14,IMU,19,Motor,1401901,"0.0,0.0,0.0,0.0,0.0,0.0,0.0,0.0,0.0,0.0,0.0,0.0,0.0000,0,0,0,345.5736"
2026-05-24T16:41:22.540,14,IMU,19,Motor,1401901,"0.0,0.0,0.0,0.0,0.0,0.0,0.0,0.0,0.0,0.0,0.0,0.0,0.0000,0,0,0,345.5736"
2026-05-24T16:41:22.590,14,IMU,19,Motor,1401901,"0.0,0.0,0.0,0.0,0.0,0.0,0.0,0.0,0.0,0.0,0.0,0.0,0.0000,0,0,0,345.5736"
2026-05-24T16:41:22.640,14,IMU,19,Motor,1401901,"0.0,0.0,0.0,0.0,0.0,0.0,0.0,0.0,0.0,0.0,0.0,0.0,0.0000,0,0,0,345.5736"
2026-05-24T16:41:22.691,14,IMU,19,Motor,1401901,"0.0,0.0,0.0,0.0,0.0,0.0,0.0,0.0,0.0,0.0,0.0,0.0,0.0000,0,0,0,345.5736"
2026-05-24T16:41:22.741,14,IMU,19,Motor,1401901,"0.0,0.0,0.0,0.0,0.0,0.0,0.0,0.0,0.0,0.0,0.0,0.0,0.0000,0,0,0,345.5736"
2026-05-24T16:41:22.791,14,IMU,19,Motor,1401901,"0.0,0.0,0.0,0.0,0.0,0.0,0.0,0.0,0.0,0.0,0.0,0.0,0.0000,0,0,0,345.5736"
2026-05-24T16:41:22.842,14,IMU,19,Motor,1401901,"0.0,0.0,0.0,0.0,0.0,0.0,0.0,0.0,0.0,0.0,0.0,0.0,0.0000,0,0,0,345.5736"
2026-05-24T16:41:22.892,14,IMU,19,Motor,1401901,"0.0,0.0,0.0,0.0,0.0,0.0,0.0,0.0,0.0,0.0,0.0,0.0,0.0000,0,0,0,345.5736"
2026-05-24T16:41:22.942,14,IMU,19,Motor,1401901,"0.0,0.0,0.0,0.0,0.0,0.0,0.0,0.0,0.0,0.0,0.0,0.0,0.0000,0,0,0,345.5736"
2026-05-24T16:41:22.993,14,IMU,19,Motor,1401901,"0.0,0.0,0.0,0.0,0.0,0.0,0.0,0.0,0.0,0.0,0.0,0.0,0.0000,0,0,0,345.5736"
2026-05-24T16:41:23.043,14,IMU,19,Motor,1401901,"0.0,0.0,0.0,0.0,0.0,0.0,0.0,0.0,0.0,0.0,0.0,0.0,0.0000,0,0,0,345.5736"
2026-05-24T16:41:23.093,14,IMU,19,Motor,1401901,"0.0,0.0,0.0,0.0,0.0,0.0,0.0,0.0,0.0,0.0,0.0,0.0,0.0000,0,0,0,345.5736"
2026-05-24T16:41:23.144,14,IMU,19,Motor,1401901,"0.0,0.0,0.0,0.0,0.0,0.0,0.0,0.0,0.0,0.0,0.0,0.0,0.0000,0,0,0,345.5736"
2026-05-24T16:41:23.194,14,IMU,19,Motor,1401901,"0.0,0.0,0.0,0.0,0.0,0.0,0.0,0.0,0.0,0.0,0.0,0.0,0.0000,0,0,0,345.5736"
2026-05-24T16:41:23.244,14,IMU,19,Motor,1401901,"0.0,0.0,0.0,0.0,0.0,0.0,0.0,0.0,0.0,0.0,0.0,0.0,0.0000,0,0,0,345.5736"
2026-05-24T16:41:23.295,14,IMU,19,Motor,1401901,"0.0,0.0,0.0,0.0,0.0,0.0,0.0,0.0,0.0,0.0,0.0,0.0,0.0000,0,0,0,345.5736"
2026-05-24T16:41:23.345,14,IMU,19,Motor,1401901,"0.0,0.0,0.0,0.0,0.0,0.0,0.0,0.0,0.0,0.0,0.0,0.0,0.0000,0,0,0,345.5736"
2026-05-24T16:41:23.395,14,IMU,19,Motor,1401901,"0.0,0.0,0.0,0.0,0.0,0.0,0.0,0.0,0.0,0.0,0.0,0.0,0.0000,0,0,0,345.5736"
2026-05-24T16:41:23.396,14,IMU,12,Comm,1401201,"0.0,0.0,0.0,0.0,0.0,0.0,0.0,0.0,0.0,0.0,0.0,0.0"
2026-05-24T16:41:23.446,14,IMU,19,Motor,1401901,"0.0,0.0,0.0,0.0,0.0,0.0,0.0,0.0,0.0,0.0,0.0,0.0,0.0000,0,0,0,345.5736"
2026-05-24T16:41:23.496,14,IMU,19,Motor,1401901,"0.0,0.0,0.0,0.0,0.0,0.0,0.0,0.0,0.0,0.0,0.0,0.0,0.0000,0,0,0,345.5736"
2026-05-24T16:41:23.547,14,IMU,19,Motor,1401901,"0.0,0.0,0.0,0.0,0.0,0.0,0.0,0.0,0.0,0.0,0.0,0.0,0.0000,0,0,0,345.5736"
2026-05-24T16:41:23.597,14,IMU,19,Motor,1401901,"0.0,0.0,0.0,0.0,0.0,0.0,0.0,0.0,0.0,0.0,0.0,0.0,0.0000,0,0,0,345.5736"
2026-05-24T16:41:23.647,14,IMU,19,Motor,1401901,"0.0,0.0,0.0,0.0,0.0,0.0,0.0,0.0,0.0,0.0,0.0,0.0,0.0000,0,0,0,345.5736"
2026-05-24T16:41:23.697,14,IMU,19,Motor,1401901,"0.0,0.0,0.0,0.0,0.0,0.0,0.0,0.0,0.0,0.0,0.0,0.0,0.0000,0,0,0,345.5736"
2026-05-24T16:41:23.748,14,IMU,19,Motor,1401901,"0.0,0.0,0.0,0.0,0.0,0.0,0.0,0.0,0.0,0.0,0.0,0.0,0.0000,0,0,0,345.5736"
2026-05-24T16:41:23.798,14,IMU,19,Motor,1401901,"0.0,0.0,0.0,0.0,0.0,0.0,0.0,0.0,0.0,0.0,0.0,0.0,0.0000,0,0,0,345.5736"
2026-05-24T16:41:23.849,14,IMU,19,Motor,1401901,"0.0,0.0,0.0,0.0,0.0,0.0,0.0,0.0,0.0,0.0,0.0,0.0,0.0000,0,0,0,345.5736"
2026-05-24T16:41:23.899,14,IMU,19,Motor,1401901,"0.0,0.0,0.0,0.0,0.0,0.0,0.0,0.0,0.0,0.0,0.0,0.0,0.0000,0,0,0,345.5736"
2026-05-24T16:41:23.949,14,IMU,19,Motor,1401901,"0.0,0.0,0.0,0.0,0.0,0.0,0.0,0.0,0.0,0.0,0.0,0.0,0.0000,0,0,0,345.5736"
2026-05-24T16:41:23.999,14,IMU,19,Motor,1401901,"0.0,0.0,0.0,0.0,0.0,0.0,0.0,0.0,0.0,0.0,0.0,0.0,0.0000,0,0,0,345.5736"
2026-05-24T16:41:24.050,14,IMU,19,Motor,1401901,"0.0,0.0,0.0,0.0,0.0,0.0,0.0,0.0,0.0,0.0,0.0,0.0,0.0000,0,0,0,345.5736"
2026-05-24T16:41:24.100,14,IMU,19,Motor,1401901,"0.0,0.0,0.0,0.0,0.0,0.0,0.0,0.0,0.0,0.0,0.0,0.0,0.0000,0,0,0,345.5736"
2026-05-24T16:41:24.150,14,IMU,19,Motor,1401901,"0.0,0.0,0.0,0.0,0.0,0.0,0.0,0.0,0.0,0.0,0.0,0.0,0.0000,0,0,0,345.5736"
2026-05-24T16:41:24.201,14,IMU,19,Motor,1401901,"0.0,0.0,0.0,0.0,0.0,0.0,0.0,0.0,0.0,0.0,0.0,0.0,0.0000,0,0,0,345.5736"
2026-05-24T16:41:24.251,14,IMU,19,Motor,1401901,"0.0,0.0,0.0,0.0,0.0,0.0,0.0,0.0,0.0,0.0,0.0,0.0,0.0000,0,0,0,345.5736"
2026-05-24T16:41:24.301,14,IMU,19,Motor,1401901,"0.0,0.0,0.0,0.0,0.0,0.0,0.0,0.0,0.0,0.0,0.0,0.0,0.0000,0,0,0,345.5736"
2026-05-24T16:41:24.352,14,IMU,19,Motor,1401901,"0.0,0.0,0.0,0.0,0.0,0.0,0.0,0.0,0.0,0.0,0.0,0.0,0.0000,0,0,0,345.5736"
2026-05-24T16:41:24.402,14,IMU,19,Motor,1401901,"0.0,0.0,0.0,0.0,0.0,0.0,0.0,0.0,0.0,0.0,0.0,0.0,0.0000,0,0,0,345.5736"
2026-05-24T16:41:24.403,14,IMU,12,Comm,1401201,"0.0,0.0,0.0,0.0,0.0,0.0,0.0,0.0,0.0,0.0,0.0,0.0"
2026-05-24T16:41:24.452,14,IMU,19,Motor,1401901,"0.0,0.0,0.0,0.0,0.0,0.0,0.0,0.0,0.0,0.0,0.0,0.0,0.0000,0,0,0,345.5736"
2026-05-24T16:41:24.503,14,IMU,19,Motor,1401901,"0.0,0.0,0.0,0.0,0.0,0.0,0.0,0.0,0.0,0.0,0.0,0.0,0.0000,0,0,0,345.5736"
2026-05-24T16:41:24.553,14,IMU,19,Motor,1401901,"0.0,0.0,0.0,0.0,0.0,0.0,0.0,0.0,0.0,0.0,0.0,0.0,0.0000,0,0,0,345.5736"
2026-05-24T16:41:24.603,14,IMU,19,Motor,1401901,"0.0,0.0,0.0,0.0,0.0,0.0,0.0,0.0,0.0,0.0,0.0,0.0,0.0000,0,0,0,345.5736"
2026-05-24T16:41:24.654,14,IMU,19,Motor,1401901,"0.0,0.0,0.0,0.0,0.0,0.0,0.0,0.0,0.0,0.0,0.0,0.0,0.0000,0,0,0,345.5736"
2026-05-24T16:41:24.704,14,IMU,19,Motor,1401901,"0.0,0.0,0.0,0.0,0.0,0.0,0.0,0.0,0.0,0.0,0.0,0.0,0.0000,0,0,0,345.5736"
2026-05-24T16:41:24.754,14,IMU,19,Motor,1401901,"0.0,0.0,0.0,0.0,0.0,0.0,0.0,0.0,0.0,0.0,0.0,0.0,0.0000,0,0,0,345.5736"
2026-05-24T16:41:24.805,14,IMU,19,Motor,1401901,"0.0,0.0,0.0,0.0,0.0,0.0,0.0,0.0,0.0,0.0,0.0,0.0,0.0000,0,0,0,345.5736"
2026-05-24T16:41:24.855,14,IMU,19,Motor,1401901,"0.0,0.0,0.0,0.0,0.0,0.0,0.0,0.0,0.0,0.0,0.0,0.0,0.0000,0,0,0,345.5736"
2026-05-24T16:41:24.905,14,IMU,19,Motor,1401901,"0.0,0.0,0.0,0.0,0.0,0.0,0.0,0.0,0.0,0.0,0.0,0.0,0.0000,0,0,0,345.5736"
2026-05-24T16:41:24.956,14,IMU,19,Motor,1401901,"0.0,0.0,0.0,0.0,0.0,0.0,0.0,0.0,0.0,0.0,0.0,0.0,0.0000,0,0,0,345.5736"
2026-05-24T16:41:25.006,14,IMU,19,Motor,1401901,"0.0,0.0,0.0,0.0,0.0,0.0,0.0,0.0,0.0,0.0,0.0,0.0,0.0000,0,0,0,345.5736"
2026-05-24T16:41:25.056,14,IMU,19,Motor,1401901,"0.0,0.0,0.0,0.0,0.0,0.0,0.0,0.0,0.0,0.0,0.0,0.0,0.0000,0,0,0,345.5736"
2026-05-24T16:41:25.107,14,IMU,19,Motor,1401901,"0.0,0.0,0.0,0.0,0.0,0.0,0.0,0.0,0.0,0.0,0.0,0.0,0.0000,0,0,0,345.5736"
2026-05-24T16:41:25.157,14,IMU,19,Motor,1401901,"0.0,0.0,0.0,0.0,0.0,0.0,0.0,0.0,0.0,0.0,0.0,0.0,0.0000,0,0,0,345.5736"
2026-05-24T16:41:25.207,14,IMU,19,Motor,1401901,"0.0,0.0,0.0,0.0,0.0,0.0,0.0,0.0,0.0,0.0,0.0,0.0,0.0000,0,0,0,345.5736"
2026-05-24T16:41:25.257,14,IMU,19,Motor,1401901,"0.0,0.0,0.0,0.0,0.0,0.0,0.0,0.0,0.0,0.0,0.0,0.0,0.0000,0,0,0,345.5736"
2026-05-24T16:41:25.308,14,IMU,19,Motor,1401901,"0.0,0.0,0.0,0.0,0.0,0.0,0.0,0.0,0.0,0.0,0.0,0.0,0.0000,0,0,0,345.5736"
2026-05-24T16:41:25.358,14,IMU,19,Motor,1401901,"0.0,0.0,0.0,0.0,0.0,0.0,0.0,0.0,0.0,0.0,0.0,0.0,0.0000,0,0,0,345.5736"
2026-05-24T16:41:25.409,14,IMU,19,Motor,1401901,"0.0,0.0,0.0,0.0,0.0,0.0,0.0,0.0,0.0,0.0,0.0,0.0,0.0000,0,0,0,345.5736"
2026-05-24T16:41:25.409,14,IMU,12,Comm,1401201,"0.0,0.0,0.0,0.0,0.0,0.0,0.0,0.0,0.0,0.0,0.0,0.0"
2026-05-24T16:41:25.460,14,IMU,19,Motor,1401901,"0.0,0.0,0.0,0.0,0.0,0.0,0.0,0.0,0.0,0.0,0.0,0.0,0.0000,0,0,0,345.5736"
2026-05-24T16:41:25.509,14,IMU,19,Motor,1401901,"0.0,0.0,0.0,0.0,0.0,0.0,0.0,0.0,0.0,0.0,0.0,0.0,0.0000,0,0,0,345.5736"
2026-05-24T16:41:25.560,14,IMU,19,Motor,1401901,"0.0,0.0,0.0,0.0,0.0,0.0,0.0,0.0,0.0,0.0,0.0,0.0,0.0000,0,0,0,345.5736"
2026-05-24T16:41:25.610,14,IMU,19,Motor,1401901,"0.0,0.0,0.0,0.0,0.0,0.0,0.0,0.0,0.0,0.0,0.0,0.0,0.0000,0,0,0,345.5736"
2026-05-24T16:41:25.660,14,IMU,19,Motor,1401901,"0.0,0.0,0.0,0.0,0.0,0.0,0.0,0.0,0.0,0.0,0.0,0.0,0.0000,0,0,0,345.5736"
2026-05-24T16:41:25.710,14,IMU,19,Motor,1401901,"0.0,0.0,0.0,0.0,0.0,0.0,0.0,0.0,0.0,0.0,0.0,0.0,0.0000,0,0,0,345.5736"
2026-05-24T16:41:25.761,14,IMU,19,Motor,1401901,"0.0,0.0,0.0,0.0,0.0,0.0,0.0,0.0,0.0,0.0,0.0,0.0,0.0000,0,0,0,345.5736"
2026-05-24T16:41:25.811,14,IMU,19,Motor,1401901,"0.0,0.0,0.0,0.0,0.0,0.0,0.0,0.0,0.0,0.0,0.0,0.0,0.0000,0,0,0,345.5736"
2026-05-24T16:41:25.861,14,IMU,19,Motor,1401901,"0.0,0.0,0.0,0.0,0.0,0.0,0.0,0.0,0.0,0.0,0.0,0.0,0.0000,0,0,0,345.5736"
2026-05-24T16:41:25.912,14,IMU,19,Motor,1401901,"0.0,0.0,0.0,0.0,0.0,0.0,0.0,0.0,0.0,0.0,0.0,0.0,0.0000,0,0,0,345.5736"
2026-05-24T16:41:25.962,14,IMU,19,Motor,1401901,"0.0,0.0,0.0,0.0,0.0,0.0,0.0,0.0,0.0,0.0,0.0,0.0,0.0000,0,0,0,345.5736"
2026-05-24T16:41:26.012,14,IMU,19,Motor,1401901,"0.0,0.0,0.0,0.0,0.0,0.0,0.0,0.0,0.0,0.0,0.0,0.0,0.0000,0,0,0,345.5736"
2026-05-24T16:41:26.063,14,IMU,19,Motor,1401901,"0.0,0.0,0.0,0.0,0.0,0.0,0.0,0.0,0.0,0.0,0.0,0.0,0.0000,0,0,0,345.5736"
2026-05-24T16:41:26.113,14,IMU,19,Motor,1401901,"0.0,0.0,0.0,0.0,0.0,0.0,0.0,0.0,0.0,0.0,0.0,0.0,0.0000,0,0,0,345.5736"
2026-05-24T16:41:26.163,14,IMU,19,Motor,1401901,"0.0,0.0,0.0,0.0,0.0,0.0,0.0,0.0,0.0,0.0,0.0,0.0,0.0000,0,0,0,345.5736"
2026-05-24T16:41:26.214,14,IMU,19,Motor,1401901,"0.0,0.0,0.0,0.0,0.0,0.0,0.0,0.0,0.0,0.0,0.0,0.0,0.0000,0,0,0,345.5736"
2026-05-24T16:41:26.264,14,IMU,19,Motor,1401901,"0.0,0.0,0.0,0.0,0.0,0.0,0.0,0.0,0.0,0.0,0.0,0.0,0.0000,0,0,0,345.5736"
2026-05-24T16:41:26.314,14,IMU,19,Motor,1401901,"0.0,0.0,0.0,0.0,0.0,0.0,0.0,0.0,0.0,0.0,0.0,0.0,0.0000,0,0,0,345.5736"
2026-05-24T16:41:26.365,14,IMU,19,Motor,1401901,"0.0,0.0,0.0,0.0,0.0,0.0,0.0,0.0,0.0,0.0,0.0,0.0,0.0000,0,0,0,345.5736"
2026-05-24T16:41:26.415,14,IMU,19,Motor,1401901,"0.0,0.0,0.0,0.0,0.0,0.0,0.0,0.0,0.0,0.0,0.0,0.0,0.0000,0,0,0,345.5736"
2026-05-24T16:41:26.416,14,IMU,12,Comm,1401201,"0.0,0.0,0.0,0.0,0.0,0.0,0.0,0.0,0.0,0.0,0.0,0.0"
2026-05-24T16:41:26.465,14,IMU,19,Motor,1401901,"0.0,0.0,0.0,0.0,0.0,0.0,0.0,0.0,0.0,0.0,0.0,0.0,0.0000,0,0,0,345.5736"
2026-05-24T16:41:26.516,14,IMU,19,Motor,1401901,"0.0,0.0,0.0,0.0,0.0,0.0,0.0,0.0,0.0,0.0,0.0,0.0,0.0000,0,0,0,345.5736"
2026-05-24T16:41:26.566,14,IMU,19,Motor,1401901,"0.0,0.0,0.0,0.0,0.0,0.0,0.0,0.0,0.0,0.0,0.0,0.0,0.0000,0,0,0,345.5736"
2026-05-24T16:41:26.616,14,IMU,19,Motor,1401901,"0.0,0.0,0.0,0.0,0.0,0.0,0.0,0.0,0.0,0.0,0.0,0.0,0.0000,0,0,0,345.5736"
2026-05-24T16:41:26.667,14,IMU,19,Motor,1401901,"0.0,0.0,0.0,0.0,0.0,0.0,0.0,0.0,0.0,0.0,0.0,0.0,0.0000,0,0,0,345.5736"
2026-05-24T16:41:26.717,14,IMU,19,Motor,1401901,"0.0,0.0,0.0,0.0,0.0,0.0,0.0,0.0,0.0,0.0,0.0,0.0,0.0000,0,0,0,345.5736"
2026-05-24T16:41:26.767,14,IMU,19,Motor,1401901,"0.0,0.0,0.0,0.0,0.0,0.0,0.0,0.0,0.0,0.0,0.0,0.0,0.0000,0,0,0,345.5736"
2026-05-24T16:41:26.818,14,IMU,19,Motor,1401901,"0.0,0.0,0.0,0.0,0.0,0.0,0.0,0.0,0.0,0.0,0.0,0.0,0.0000,0,0,0,345.5736"
2026-05-24T16:41:26.868,14,IMU,19,Motor,1401901,"0.0,0.0,0.0,0.0,0.0,0.0,0.0,0.0,0.0,0.0,0.0,0.0,0.0000,0,0,0,345.5736"
2026-05-24T16:41:26.918,14,IMU,19,Motor,1401901,"0.0,0.0,0.0,0.0,0.0,0.0,0.0,0.0,0.0,0.0,0.0,0.0,0.0000,0,0,0,345.5736"
2026-05-24T16:41:26.968,14,IMU,19,Motor,1401901,"0.0,0.0,0.0,0.0,0.0,0.0,0.0,0.0,0.0,0.0,0.0,0.0,0.0000,0,0,0,345.5736"
2026-05-24T16:41:27.019,14,IMU,19,Motor,1401901,"0.0,0.0,0.0,0.0,0.0,0.0,0.0,0.0,0.0,0.0,0.0,0.0,0.0000,0,0,0,345.5736"
2026-05-24T16:41:27.069,14,IMU,19,Motor,1401901,"0.0,0.0,0.0,0.0,0.0,0.0,0.0,0.0,0.0,0.0,0.0,0.0,0.0000,0,0,0,345.5736"
2026-05-24T16:41:27.119,14,IMU,19,Motor,1401901,"0.0,0.0,0.0,0.0,0.0,0.0,0.0,0.0,0.0,0.0,0.0,0.0,0.0000,0,0,0,345.5736"
2026-05-24T16:41:27.170,14,IMU,19,Motor,1401901,"0.0,0.0,0.0,0.0,0.0,0.0,0.0,0.0,0.0,0.0,0.0,0.0,0.0000,0,0,0,345.5736"
2026-05-24T16:41:27.220,14,IMU,19,Motor,1401901,"0.0,0.0,0.0,0.0,0.0,0.0,0.0,0.0,0.0,0.0,0.0,0.0,0.0000,0,0,0,345.5736"
2026-05-24T16:41:27.270,14,IMU,19,Motor,1401901,"0.0,0.0,0.0,0.0,0.0,0.0,0.0,0.0,0.0,0.0,0.0,0.0,0.0000,0,0,0,345.5736"
2026-05-24T16:41:27.321,14,IMU,19,Motor,1401901,"0.0,0.0,0.0,0.0,0.0,0.0,0.0,0.0,0.0,0.0,0.0,0.0,0.0000,0,0,0,345.5736"
2026-05-24T16:41:27.371,14,IMU,19,Motor,1401901,"0.0,0.0,0.0,0.0,0.0,0.0,0.0,0.0,0.0,0.0,0.0,0.0,0.0000,0,0,0,345.5736"
2026-05-24T16:41:27.421,14,IMU,19,Motor,1401901,"0.0,0.0,0.0,0.0,0.0,0.0,0.0,0.0,0.0,0.0,0.0,0.0,0.0000,0,0,0,345.5736"
2026-05-24T16:41:27.422,14,IMU,12,Comm,1401201,"0.0,0.0,0.0,0.0,0.0,0.0,0.0,0.0,0.0,0.0,0.0,0.0"
2026-05-24T16:41:27.472,14,IMU,19,Motor,1401901,"0.0,0.0,0.0,0.0,0.0,0.0,0.0,0.0,0.0,0.0,0.0,0.0,0.0000,0,0,0,345.5736"
2026-05-24T16:41:27.522,14,IMU,19,Motor,1401901,"0.0,0.0,0.0,0.0,0.0,0.0,0.0,0.0,0.0,0.0,0.0,0.0,0.0000,0,0,0,345.5736"
2026-05-24T16:41:27.572,14,IMU,19,Motor,1401901,"0.0,0.0,0.0,0.0,0.0,0.0,0.0,0.0,0.0,0.0,0.0,0.0,0.0000,0,0,0,345.5736"
2026-05-24T16:41:27.623,14,IMU,19,Motor,1401901,"0.0,0.0,0.0,0.0,0.0,0.0,0.0,0.0,0.0,0.0,0.0,0.0,0.0000,0,0,0,345.5736"
2026-05-24T16:41:27.673,14,IMU,19,Motor,1401901,"0.0,0.0,0.0,0.0,0.0,0.0,0.0,0.0,0.0,0.0,0.0,0.0,0.0000,0,0,0,345.5736"
2026-05-24T16:41:27.723,14,IMU,19,Motor,1401901,"0.0,0.0,0.0,0.0,0.0,0.0,0.0,0.0,0.0,0.0,0.0,0.0,0.0000,0,0,0,345.5736"
2026-05-24T16:41:27.774,14,IMU,19,Motor,1401901,"0.0,0.0,0.0,0.0,0.0,0.0,0.0,0.0,0.0,0.0,0.0,0.0,0.0000,0,0,0,345.5736"
2026-05-24T16:41:27.824,14,IMU,19,Motor,1401901,"0.0,0.0,0.0,0.0,0.0,0.0,0.0,0.0,0.0,0.0,0.0,0.0,0.0000,0,0,0,345.5736"
2026-05-24T16:41:27.874,14,IMU,19,Motor,1401901,"0.0,0.0,0.0,0.0,0.0,0.0,0.0,0.0,0.0,0.0,0.0,0.0,0.0000,0,0,0,345.5736"
2026-05-24T16:41:27.925,14,IMU,19,Motor,1401901,"0.0,0.0,0.0,0.0,0.0,0.0,0.0,0.0,0.0,0.0,0.0,0.0,0.0000,0,0,0,345.5736"
2026-05-24T16:41:27.975,14,IMU,19,Motor,1401901,"0.0,0.0,0.0,0.0,0.0,0.0,0.0,0.0,0.0,0.0,0.0,0.0,0.0000,0,0,0,345.5736"
2026-05-24T16:41:28.025,14,IMU,19,Motor,1401901,"0.0,0.0,0.0,0.0,0.0,0.0,0.0,0.0,0.0,0.0,0.0,0.0,0.0000,0,0,0,345.5736"
2026-05-24T16:41:28.076,14,IMU,19,Motor,1401901,"0.0,0.0,0.0,0.0,0.0,0.0,0.0,0.0,0.0,0.0,0.0,0.0,0.0000,0,0,0,345.5736"
2026-05-24T16:41:28.126,14,IMU,19,Motor,1401901,"0.0,0.0,0.0,0.0,0.0,0.0,0.0,0.0,0.0,0.0,0.0,0.0,0.0000,0,0,0,345.5736"
2026-05-24T16:41:28.176,14,IMU,19,Motor,1401901,"0.0,0.0,0.0,0.0,0.0,0.0,0.0,0.0,0.0,0.0,0.0,0.0,0.0000,0,0,0,345.5736"
2026-05-24T16:41:28.227,14,IMU,19,Motor,1401901,"0.0,0.0,0.0,0.0,0.0,0.0,0.0,0.0,0.0,0.0,0.0,0.0,0.0000,0,0,0,345.5736"
2026-05-24T16:41:28.277,14,IMU,19,Motor,1401901,"0.0,0.0,0.0,0.0,0.0,0.0,0.0,0.0,0.0,0.0,0.0,0.0,0.0000,0,0,0,345.5736"
2026-05-24T16:41:28.327,14,IMU,19,Motor,1401901,"0.0,0.0,0.0,0.0,0.0,0.0,0.0,0.0,0.0,0.0,0.0,0.0,0.0000,0,0,0,345.5736"
2026-05-24T16:41:28.377,14,IMU,19,Motor,1401901,"0.0,0.0,0.0,0.0,0.0,0.0,0.0,0.0,0.0,0.0,0.0,0.0,0.0000,0,0,0,345.5736"
2026-05-24T16:41:28.428,14,IMU,19,Motor,1401901,"0.0,0.0,0.0,0.0,0.0,0.0,0.0,0.0,0.0,0.0,0.0,0.0,0.0000,0,0,0,345.5736"
2026-05-24T16:41:28.428,14,IMU,12,Comm,1401201,"0.0,0.0,0.0,0.0,0.0,0.0,0.0,0.0,0.0,0.0,0.0,0.0"
2026-05-24T16:41:28.478,14,IMU,19,Motor,1401901,"0.0,0.0,0.0,0.0,0.0,0.0,0.0,0.0,0.0,0.0,0.0,0.0,0.0000,0,0,0,345.5736"
2026-05-24T16:41:28.528,14,IMU,19,Motor,1401901,"0.0,0.0,0.0,0.0,0.0,0.0,0.0,0.0,0.0,0.0,0.0,0.0,0.0000,0,0,0,345.5736"
2026-05-24T16:41:28.579,14,IMU,19,Motor,1401901,"0.0,0.0,0.0,0.0,0.0,0.0,0.0,0.0,0.0,0.0,0.0,0.0,0.0000,0,0,0,345.5736"
2026-05-24T16:41:28.629,14,IMU,19,Motor,1401901,"0.0,0.0,0.0,0.0,0.0,0.0,0.0,0.0,0.0,0.0,0.0,0.0,0.0000,0,0,0,345.5736"
2026-05-24T16:41:28.679,14,IMU,19,Motor,1401901,"0.0,0.0,0.0,0.0,0.0,0.0,0.0,0.0,0.0,0.0,0.0,0.0,0.0000,0,0,0,345.5736"
2026-05-24T16:41:28.730,14,IMU,19,Motor,1401901,"0.0,0.0,0.0,0.0,0.0,0.0,0.0,0.0,0.0,0.0,0.0,0.0,0.0000,0,0,0,345.5736"
2026-05-24T16:41:28.780,14,IMU,19,Motor,1401901,"0.0,0.0,0.0,0.0,0.0,0.0,0.0,0.0,0.0,0.0,0.0,0.0,0.0000,0,0,0,345.5736"
2026-05-24T16:41:28.830,14,IMU,19,Motor,1401901,"0.0,0.0,0.0,0.0,0.0,0.0,0.0,0.0,0.0,0.0,0.0,0.0,0.0000,0,0,0,345.5736"
2026-05-24T16:41:28.881,14,IMU,19,Motor,1401901,"0.0,0.0,0.0,0.0,0.0,0.0,0.0,0.0,0.0,0.0,0.0,0.0,0.0000,0,0,0,345.5736"
2026-05-24T16:41:28.931,14,IMU,19,Motor,1401901,"0.0,0.0,0.0,0.0,0.0,0.0,0.0,0.0,0.0,0.0,0.0,0.0,0.0000,0,0,0,345.5736"
2026-05-24T16:41:28.981,14,IMU,19,Motor,1401901,"0.0,0.0,0.0,0.0,0.0,0.0,0.0,0.0,0.0,0.0,0.0,0.0,0.0000,0,0,0,345.5736"
2026-05-24T16:41:29.032,14,IMU,19,Motor,1401901,"0.0,0.0,0.0,0.0,0.0,0.0,0.0,0.0,0.0,0.0,0.0,0.0,0.0000,0,0,0,345.5736"
2026-05-24T16:41:29.082,14,IMU,19,Motor,1401901,"0.0,0.0,0.0,0.0,0.0,0.0,0.0,0.0,0.0,0.0,0.0,0.0,0.0000,0,0,0,345.5736"
2026-05-24T16:41:29.132,14,IMU,19,Motor,1401901,"0.0,0.0,0.0,0.0,0.0,0.0,0.0,0.0,0.0,0.0,0.0,0.0,0.0000,0,0,0,345.5736"
2026-05-24T16:41:29.182,14,IMU,19,Motor,1401901,"0.0,0.0,0.0,0.0,0.0,0.0,0.0,0.0,0.0,0.0,0.0,0.0,0.0000,0,0,0,345.5736"
2026-05-24T16:41:29.233,14,IMU,19,Motor,1401901,"0.0,0.0,0.0,0.0,0.0,0.0,0.0,0.0,0.0,0.0,0.0,0.0,0.0000,0,0,0,345.5736"
2026-05-24T16:41:29.283,14,IMU,19,Motor,1401901,"0.0,0.0,0.0,0.0,0.0,0.0,0.0,0.0,0.0,0.0,0.0,0.0,0.0000,0,0,0,345.5736"
2026-05-24T16:41:29.333,14,IMU,19,Motor,1401901,"0.0,0.0,0.0,0.0,0.0,0.0,0.0,0.0,0.0,0.0,0.0,0.0,0.0000,0,0,0,345.5736"
2026-05-24T16:41:29.384,14,IMU,19,Motor,1401901,"0.0,0.0,0.0,0.0,0.0,0.0,0.0,0.0,0.0,0.0,0.0,0.0,0.0000,0,0,0,345.5736"
2026-05-24T16:41:29.434,14,IMU,19,Motor,1401901,"0.0,0.0,0.0,0.0,0.0,0.0,0.0,0.0,0.0,0.0,0.0,0.0,0.0000,0,0,0,345.5736"
2026-05-24T16:41:29.435,14,IMU,12,Comm,1401201,"0.0,0.0,0.0,0.0,0.0,0.0,0.0,0.0,0.0,0.0,0.0,0.0"
2026-05-24T16:41:29.484,14,IMU,19,Motor,1401901,"0.0,0.0,0.0,0.0,0.0,0.0,0.0,0.0,0.0,0.0,0.0,0.0,0.0000,0,0,0,345.5736"
2026-05-24T16:41:29.535,14,IMU,19,Motor,1401901,"0.0,0.0,0.0,0.0,0.0,0.0,0.0,0.0,0.0,0.0,0.0,0.0,0.0000,0,0,0,345.5736"
2026-05-24T16:41:29.585,14,IMU,19,Motor,1401901,"0.0,0.0,0.0,0.0,0.0,0.0,0.0,0.0,0.0,0.0,0.0,0.0,0.0000,0,0,0,345.5736"
2026-05-24T16:41:29.635,14,IMU,19,Motor,1401901,"0.0,0.0,0.0,0.0,0.0,0.0,0.0,0.0,0.0,0.0,0.0,0.0,0.0000,0,0,0,345.5736"
2026-05-24T16:41:29.686,14,IMU,19,Motor,1401901,"0.0,0.0,0.0,0.0,0.0,0.0,0.0,0.0,0.0,0.0,0.0,0.0,0.0000,0,0,0,345.5736"
2026-05-24T16:41:29.736,14,IMU,19,Motor,1401901,"0.0,0.0,0.0,0.0,0.0,0.0,0.0,0.0,0.0,0.0,0.0,0.0,0.0000,0,0,0,345.5736"
2026-05-24T16:41:29.786,14,IMU,19,Motor,1401901,"0.0,0.0,0.0,0.0,0.0,0.0,0.0,0.0,0.0,0.0,0.0,0.0,0.0000,0,0,0,345.5736"
2026-05-24T16:41:29.837,14,IMU,19,Motor,1401901,"0.0,0.0,0.0,0.0,0.0,0.0,0.0,0.0,0.0,0.0,0.0,0.0,0.0000,0,0,0,345.5736"
2026-05-24T16:41:29.887,14,IMU,19,Motor,1401901,"0.0,0.0,0.0,0.0,0.0,0.0,0.0,0.0,0.0,0.0,0.0,0.0,0.0000,0,0,0,345.5736"
2026-05-24T16:41:29.937,14,IMU,19,Motor,1401901,"0.0,0.0,0.0,0.0,0.0,0.0,0.0,0.0,0.0,0.0,0.0,0.0,0.0000,0,0,0,345.5736"
2026-05-24T16:41:29.988,14,IMU,19,Motor,1401901,"0.0,0.0,0.0,0.0,0.0,0.0,0.0,0.0,0.0,0.0,0.0,0.0,0.0000,0,0,0,345.5736"
2026-05-24T16:41:30.038,14,IMU,19,Motor,1401901,"0.0,0.0,0.0,0.0,0.0,0.0,0.0,0.0,0.0,0.0,0.0,0.0,0.0000,0,0,0,345.5736"
2026-05-24T16:41:30.088,14,IMU,19,Motor,1401901,"0.0,0.0,0.0,0.0,0.0,0.0,0.0,0.0,0.0,0.0,0.0,0.0,0.0000,0,0,0,345.5736"
2026-05-24T16:41:30.138,14,IMU,19,Motor,1401901,"0.0,0.0,0.0,0.0,0.0,0.0,0.0,0.0,0.0,0.0,0.0,0.0,0.0000,0,0,0,345.5736"
2026-05-24T16:41:30.189,14,IMU,19,Motor,1401901,"0.0,0.0,0.0,0.0,0.0,0.0,0.0,0.0,0.0,0.0,0.0,0.0,0.0000,0,0,0,345.5736"
2026-05-24T16:41:30.239,14,IMU,19,Motor,1401901,"0.0,0.0,0.0,0.0,0.0,0.0,0.0,0.0,0.0,0.0,0.0,0.0,0.0000,0,0,0,345.5736"
2026-05-24T16:41:30.289,14,IMU,19,Motor,1401901,"0.0,0.0,0.0,0.0,0.0,0.0,0.0,0.0,0.0,0.0,0.0,0.0,0.0000,0,0,0,345.5736"
2026-05-24T16:41:30.340,14,IMU,19,Motor,1401901,"0.0,0.0,0.0,0.0,0.0,0.0,0.0,0.0,0.0,0.0,0.0,0.0,0.0000,0,0,0,345.5736"
2026-05-24T16:41:30.390,14,IMU,19,Motor,1401901,"0.0,0.0,0.0,0.0,0.0,0.0,0.0,0.0,0.0,0.0,0.0,0.0,0.0000,0,0,0,345.5736"
2026-05-24T16:41:30.440,14,IMU,19,Motor,1401901,"0.0,0.0,0.0,0.0,0.0,0.0,0.0,0.0,0.0,0.0,0.0,0.0,0.0000,0,0,0,345.5736"
2026-05-24T16:41:30.441,14,IMU,12,Comm,1401201,"0.0,0.0,0.0,0.0,0.0,0.0,0.0,0.0,0.0,0.0,0.0,0.0"
2026-05-24T16:41:30.491,14,IMU,19,Motor,1401901,"0.0,0.0,0.0,0.0,0.0,0.0,0.0,0.0,0.0,0.0,0.0,0.0,0.0000,0,0,0,345.5736"
2026-05-24T16:41:30.541,14,IMU,19,Motor,1401901,"0.0,0.0,0.0,0.0,0.0,0.0,0.0,0.0,0.0,0.0,0.0,0.0,0.0000,0,0,0,345.5736"
2026-05-24T16:41:30.591,14,IMU,19,Motor,1401901,"0.0,0.0,0.0,0.0,0.0,0.0,0.0,0.0,0.0,0.0,0.0,0.0,0.0000,0,0,0,345.5736"
2026-05-24T16:41:30.642,14,IMU,19,Motor,1401901,"0.0,0.0,0.0,0.0,0.0,0.0,0.0,0.0,0.0,0.0,0.0,0.0,0.0000,0,0,0,345.5736"
2026-05-24T16:41:30.692,14,IMU,19,Motor,1401901,"0.0,0.0,0.0,0.0,0.0,0.0,0.0,0.0,0.0,0.0,0.0,0.0,0.0000,0,0,0,345.5736"
2026-05-24T16:41:30.742,14,IMU,19,Motor,1401901,"0.0,0.0,0.0,0.0,0.0,0.0,0.0,0.0,0.0,0.0,0.0,0.0,0.0000,0,0,0,345.5736"
2026-05-24T16:41:30.793,14,IMU,19,Motor,1401901,"0.0,0.0,0.0,0.0,0.0,0.0,0.0,0.0,0.0,0.0,0.0,0.0,0.0000,0,0,0,345.5736"
2026-05-24T16:41:30.843,14,IMU,19,Motor,1401901,"0.0,0.0,0.0,0.0,0.0,0.0,0.0,0.0,0.0,0.0,0.0,0.0,0.0000,0,0,0,345.5736"
2026-05-24T16:41:30.893,14,IMU,19,Motor,1401901,"0.0,0.0,0.0,0.0,0.0,0.0,0.0,0.0,0.0,0.0,0.0,0.0,0.0000,0,0,0,345.5736"
2026-05-24T16:41:30.944,14,IMU,19,Motor,1401901,"0.0,0.0,0.0,0.0,0.0,0.0,0.0,0.0,0.0,0.0,0.0,0.0,0.0000,0,0,0,345.5736"
2026-05-24T16:41:30.994,14,IMU,19,Motor,1401901,"0.0,0.0,0.0,0.0,0.0,0.0,0.0,0.0,0.0,0.0,0.0,0.0,0.0000,0,0,0,345.5736"
2026-05-24T16:41:31.044,14,IMU,19,Motor,1401901,"0.0,0.0,0.0,0.0,0.0,0.0,0.0,0.0,0.0,0.0,0.0,0.0,0.0000,0,0,0,345.5736"
2026-05-24T16:41:31.094,14,IMU,19,Motor,1401901,"0.0,0.0,0.0,0.0,0.0,0.0,0.0,0.0,0.0,0.0,0.0,0.0,0.0000,0,0,0,345.5736"
2026-05-24T16:41:31.145,14,IMU,19,Motor,1401901,"0.0,0.0,0.0,0.0,0.0,0.0,0.0,0.0,0.0,0.0,0.0,0.0,0.0000,0,0,0,345.5736"
2026-05-24T16:41:31.195,14,IMU,19,Motor,1401901,"0.0,0.0,0.0,0.0,0.0,0.0,0.0,0.0,0.0,0.0,0.0,0.0,0.0000,0,0,0,345.5736"
2026-05-24T16:41:31.245,14,IMU,19,Motor,1401901,"0.0,0.0,0.0,0.0,0.0,0.0,0.0,0.0,0.0,0.0,0.0,0.0,0.0000,0,0,0,345.5736"
2026-05-24T16:41:31.296,14,IMU,19,Motor,1401901,"0.0,0.0,0.0,0.0,0.0,0.0,0.0,0.0,0.0,0.0,0.0,0.0,0.0000,0,0,0,345.5736"
2026-05-24T16:41:31.346,14,IMU,19,Motor,1401901,"0.0,0.0,0.0,0.0,0.0,0.0,0.0,0.0,0.0,0.0,0.0,0.0,0.0000,0,0,0,345.5736"
2026-05-24T16:41:31.396,14,IMU,19,Motor,1401901,"0.0,0.0,0.0,0.0,0.0,0.0,0.0,0.0,0.0,0.0,0.0,0.0,0.0000,0,0,0,345.5736"
2026-05-24T16:41:31.447,14,IMU,19,Motor,1401901,"0.0,0.0,0.0,0.0,0.0,0.0,0.0,0.0,0.0,0.0,0.0,0.0,0.0000,0,0,0,345.5736"
2026-05-24T16:41:31.447,14,IMU,12,Comm,1401201,"0.0,0.0,0.0,0.0,0.0,0.0,0.0,0.0,0.0,0.0,0.0,0.0"
2026-05-24T16:41:31.497,14,IMU,19,Motor,1401901,"0.0,0.0,0.0,0.0,0.0,0.0,0.0,0.0,0.0,0.0,0.0,0.0,0.0000,0,0,0,345.5736"
2026-05-24T16:41:31.547,14,IMU,19,Motor,1401901,"0.0,0.0,0.0,0.0,0.0,0.0,0.0,0.0,0.0,0.0,0.0,0.0,0.0000,0,0,0,345.5736"
2026-05-24T16:41:31.598,14,IMU,19,Motor,1401901,"0.0,0.0,0.0,0.0,0.0,0.0,0.0,0.0,0.0,0.0,0.0,0.0,0.0000,0,0,0,345.5736"
2026-05-24T16:41:31.648,14,IMU,19,Motor,1401901,"0.0,0.0,0.0,0.0,0.0,0.0,0.0,0.0,0.0,0.0,0.0,0.0,0.0000,0,0,0,345.5736"
2026-05-24T16:41:31.698,14,IMU,19,Motor,1401901,"0.0,0.0,0.0,0.0,0.0,0.0,0.0,0.0,0.0,0.0,0.0,0.0,0.0000,0,0,0,345.5736"
2026-05-24T16:41:31.748,14,IMU,19,Motor,1401901,"0.0,0.0,0.0,0.0,0.0,0.0,0.0,0.0,0.0,0.0,0.0,0.0,0.0000,0,0,0,345.5736"
2026-05-24T16:41:31.799,14,IMU,19,Motor,1401901,"0.0,0.0,0.0,0.0,0.0,0.0,0.0,0.0,0.0,0.0,0.0,0.0,0.0000,0,0,0,345.5736"
2026-05-24T16:41:31.849,14,IMU,19,Motor,1401901,"0.0,0.0,0.0,0.0,0.0,0.0,0.0,0.0,0.0,0.0,0.0,0.0,0.0000,0,0,0,345.5736"
2026-05-24T16:41:31.899,14,IMU,19,Motor,1401901,"0.0,0.0,0.0,0.0,0.0,0.0,0.0,0.0,0.0,0.0,0.0,0.0,0.0000,0,0,0,345.5736"
2026-05-24T16:41:31.950,14,IMU,19,Motor,1401901,"0.0,0.0,0.0,0.0,0.0,0.0,0.0,0.0,0.0,0.0,0.0,0.0,0.0000,0,0,0,345.5736"
2026-05-24T16:41:32.000,14,IMU,19,Motor,1401901,"0.0,0.0,0.0,0.0,0.0,0.0,0.0,0.0,0.0,0.0,0.0,0.0,0.0000,0,0,0,345.5736"
2026-05-24T16:41:32.050,14,IMU,19,Motor,1401901,"0.0,0.0,0.0,0.0,0.0,0.0,0.0,0.0,0.0,0.0,0.0,0.0,0.0000,0,0,0,345.5736"
2026-05-24T16:41:32.101,14,IMU,19,Motor,1401901,"0.0,0.0,0.0,0.0,0.0,0.0,0.0,0.0,0.0,0.0,0.0,0.0,0.0000,0,0,0,345.5736"
2026-05-24T16:41:32.151,14,IMU,19,Motor,1401901,"0.0,0.0,0.0,0.0,0.0,0.0,0.0,0.0,0.0,0.0,0.0,0.0,0.0000,0,0,0,345.5736"
2026-05-24T16:41:32.201,14,IMU,19,Motor,1401901,"0.0,0.0,0.0,0.0,0.0,0.0,0.0,0.0,0.0,0.0,0.0,0.0,0.0000,0,0,0,345.5736"
2026-05-24T16:41:32.252,14,IMU,19,Motor,1401901,"0.0,0.0,0.0,0.0,0.0,0.0,0.0,0.0,0.0,0.0,0.0,0.0,0.0000,0,0,0,345.5736"
2026-05-24T16:41:32.302,14,IMU,19,Motor,1401901,"0.0,0.0,0.0,0.0,0.0,0.0,0.0,0.0,0.0,0.0,0.0,0.0,0.0000,0,0,0,345.5736"
2026-05-24T16:41:32.352,14,IMU,19,Motor,1401901,"0.0,0.0,0.0,0.0,0.0,0.0,0.0,0.0,0.0,0.0,0.0,0.0,0.0000,0,0,0,345.5736"
2026-05-24T16:41:32.403,14,IMU,19,Motor,1401901,"0.0,0.0,0.0,0.0,0.0,0.0,0.0,0.0,0.0,0.0,0.0,0.0,0.0000,0,0,0,345.5736"
2026-05-24T16:41:32.453,14,IMU,19,Motor,1401901,"0.0,0.0,0.0,0.0,0.0,0.0,0.0,0.0,0.0,0.0,0.0,0.0,0.0000,0,0,0,345.5736"
2026-05-24T16:41:32.453,14,IMU,12,Comm,1401201,"0.0,0.0,0.0,0.0,0.0,0.0,0.0,0.0,0.0,0.0,0.0,0.0"
2026-05-24T16:41:32.503,14,IMU,19,Motor,1401901,"0.0,0.0,0.0,0.0,0.0,0.0,0.0,0.0,0.0,0.0,0.0,0.0,0.0000,0,0,0,345.5736"
2026-05-24T16:41:32.554,14,IMU,19,Motor,1401901,"0.0,0.0,0.0,0.0,0.0,0.0,0.0,0.0,0.0,0.0,0.0,0.0,0.0000,0,0,0,345.5736"
2026-05-24T16:41:32.604,14,IMU,19,Motor,1401901,"0.0,0.0,0.0,0.0,0.0,0.0,0.0,0.0,0.0,0.0,0.0,0.0,0.0000,0,0,0,345.5736"
2026-05-24T16:41:32.654,14,IMU,19,Motor,1401901,"0.0,0.0,0.0,0.0,0.0,0.0,0.0,0.0,0.0,0.0,0.0,0.0,0.0000,0,0,0,345.5736"
2026-05-24T16:41:32.704,14,IMU,19,Motor,1401901,"0.0,0.0,0.0,0.0,0.0,0.0,0.0,0.0,0.0,0.0,0.0,0.0,0.0000,0,0,0,345.5736"
2026-05-24T16:41:32.755,14,IMU,19,Motor,1401901,"0.0,0.0,0.0,0.0,0.0,0.0,0.0,0.0,0.0,0.0,0.0,0.0,0.0000,0,0,0,345.5736"
2026-05-24T16:41:32.805,14,IMU,19,Motor,1401901,"0.0,0.0,0.0,0.0,0.0,0.0,0.0,0.0,0.0,0.0,0.0,0.0,0.0000,0,0,0,345.5736"
2026-05-24T16:41:32.855,14,IMU,19,Motor,1401901,"0.0,0.0,0.0,0.0,0.0,0.0,0.0,0.0,0.0,0.0,0.0,0.0,0.0000,0,0,0,345.5736"
2026-05-24T16:41:32.906,14,IMU,19,Motor,1401901,"0.0,0.0,0.0,0.0,0.0,0.0,0.0,0.0,0.0,0.0,0.0,0.0,0.0000,0,0,0,345.5736"
2026-05-24T16:41:32.956,14,IMU,19,Motor,1401901,"0.0,0.0,0.0,0.0,0.0,0.0,0.0,0.0,0.0,0.0,0.0,0.0,0.0000,0,0,0,345.5736"
2026-05-24T16:41:33.007,14,IMU,19,Motor,1401901,"0.0,0.0,0.0,0.0,0.0,0.0,0.0,0.0,0.0,0.0,0.0,0.0,0.0000,0,0,0,345.5736"
2026-05-24T16:41:33.057,14,IMU,19,Motor,1401901,"0.0,0.0,0.0,0.0,0.0,0.0,0.0,0.0,0.0,0.0,0.0,0.0,0.0000,0,0,0,345.5736"
2026-05-24T16:41:33.107,14,IMU,19,Motor,1401901,"0.0,0.0,0.0,0.0,0.0,0.0,0.0,0.0,0.0,0.0,0.0,0.0,0.0000,0,0,0,345.5736"
2026-05-24T16:41:33.157,14,IMU,19,Motor,1401901,"0.0,0.0,0.0,0.0,0.0,0.0,0.0,0.0,0.0,0.0,0.0,0.0,0.0000,0,0,0,345.5736"
2026-05-24T16:41:33.208,14,IMU,19,Motor,1401901,"0.0,0.0,0.0,0.0,0.0,0.0,0.0,0.0,0.0,0.0,0.0,0.0,0.0000,0,0,0,345.5736"
2026-05-24T16:41:33.258,14,IMU,19,Motor,1401901,"0.0,0.0,0.0,0.0,0.0,0.0,0.0,0.0,0.0,0.0,0.0,0.0,0.0000,0,0,0,345.5736"
2026-05-24T16:41:33.308,14,IMU,19,Motor,1401901,"0.0,0.0,0.0,0.0,0.0,0.0,0.0,0.0,0.0,0.0,0.0,0.0,0.0000,0,0,0,345.5736"
2026-05-24T16:41:33.359,14,IMU,19,Motor,1401901,"0.0,0.0,0.0,0.0,0.0,0.0,0.0,0.0,0.0,0.0,0.0,0.0,0.0000,0,0,0,345.5736"
2026-05-24T16:41:33.409,14,IMU,19,Motor,1401901,"0.0,0.0,0.0,0.0,0.0,0.0,0.0,0.0,0.0,0.0,0.0,0.0,0.0000,0,0,0,345.5736"
2026-05-24T16:41:33.459,14,IMU,19,Motor,1401901,"0.0,0.0,0.0,0.0,0.0,0.0,0.0,0.0,0.0,0.0,0.0,0.0,0.0000,0,0,0,345.5736"
2026-05-24T16:41:33.460,14,IMU,12,Comm,1401201,"0.0,0.0,0.0,0.0,0.0,0.0,0.0,0.0,0.0,0.0,0.0,0.0"
2026-05-24T16:41:33.510,14,IMU,19,Motor,1401901,"0.0,0.0,0.0,0.0,0.0,0.0,0.0,0.0,0.0,0.0,0.0,0.0,0.0000,0,0,0,345.5736"
2026-05-24T16:41:33.560,14,IMU,19,Motor,1401901,"0.0,0.0,0.0,0.0,0.0,0.0,0.0,0.0,0.0,0.0,0.0,0.0,0.0000,0,0,0,345.5736"
2026-05-24T16:41:33.610,14,IMU,19,Motor,1401901,"0.0,0.0,0.0,0.0,0.0,0.0,0.0,0.0,0.0,0.0,0.0,0.0,0.0000,0,0,0,345.5736"
2026-05-24T16:41:33.661,14,IMU,19,Motor,1401901,"0.0,0.0,0.0,0.0,0.0,0.0,0.0,0.0,0.0,0.0,0.0,0.0,0.0000,0,0,0,345.5736"
2026-05-24T16:41:33.711,14,IMU,19,Motor,1401901,"0.0,0.0,0.0,0.0,0.0,0.0,0.0,0.0,0.0,0.0,0.0,0.0,0.0000,0,0,0,345.5736"
2026-05-24T16:41:33.761,14,IMU,19,Motor,1401901,"0.0,0.0,0.0,0.0,0.0,0.0,0.0,0.0,0.0,0.0,0.0,0.0,0.0000,0,0,0,345.5736"
2026-05-24T16:41:33.811,14,IMU,19,Motor,1401901,"0.0,0.0,0.0,0.0,0.0,0.0,0.0,0.0,0.0,0.0,0.0,0.0,0.0000,0,0,0,345.5736"
2026-05-24T16:41:33.862,14,IMU,19,Motor,1401901,"0.0,0.0,0.0,0.0,0.0,0.0,0.0,0.0,0.0,0.0,0.0,0.0,0.0000,0,0,0,345.5736"
2026-05-24T16:41:33.912,14,IMU,19,Motor,1401901,"0.0,0.0,0.0,0.0,0.0,0.0,0.0,0.0,0.0,0.0,0.0,0.0,0.0000,0,0,0,345.5736"
2026-05-24T16:41:33.962,14,IMU,19,Motor,1401901,"0.0,0.0,0.0,0.0,0.0,0.0,0.0,0.0,0.0,0.0,0.0,0.0,0.0000,0,0,0,345.5736"
2026-05-24T16:41:34.013,14,IMU,19,Motor,1401901,"0.0,0.0,0.0,0.0,0.0,0.0,0.0,0.0,0.0,0.0,0.0,0.0,0.0000,0,0,0,345.5736"
2026-05-24T16:41:34.063,14,IMU,19,Motor,1401901,"0.0,0.0,0.0,0.0,0.0,0.0,0.0,0.0,0.0,0.0,0.0,0.0,0.0000,0,0,0,345.5736"
2026-05-24T16:41:34.113,14,IMU,19,Motor,1401901,"0.0,0.0,0.0,0.0,0.0,0.0,0.0,0.0,0.0,0.0,0.0,0.0,0.0000,0,0,0,345.5736"
2026-05-24T16:41:34.164,14,IMU,19,Motor,1401901,"0.0,0.0,0.0,0.0,0.0,0.0,0.0,0.0,0.0,0.0,0.0,0.0,0.0000,0,0,0,345.5736"
2026-05-24T16:41:34.214,14,IMU,19,Motor,1401901,"0.0,0.0,0.0,0.0,0.0,0.0,0.0,0.0,0.0,0.0,0.0,0.0,0.0000,0,0,0,345.5736"
2026-05-24T16:41:34.264,14,IMU,19,Motor,1401901,"0.0,0.0,0.0,0.0,0.0,0.0,0.0,0.0,0.0,0.0,0.0,0.0,0.0000,0,0,0,345.5736"
2026-05-24T16:41:34.315,14,IMU,19,Motor,1401901,"0.0,0.0,0.0,0.0,0.0,0.0,0.0,0.0,0.0,0.0,0.0,0.0,0.0000,0,0,0,345.5736"
2026-05-24T16:41:34.365,14,IMU,19,Motor,1401901,"0.0,0.0,0.0,0.0,0.0,0.0,0.0,0.0,0.0,0.0,0.0,0.0,0.0000,0,0,0,345.5736"
2026-05-24T16:41:34.415,14,IMU,19,Motor,1401901,"0.0,0.0,0.0,0.0,0.0,0.0,0.0,0.0,0.0,0.0,0.0,0.0,0.0000,0,0,0,345.5736"
2026-05-24T16:41:34.466,14,IMU,19,Motor,1401901,"0.0,0.0,0.0,0.0,0.0,0.0,0.0,0.0,0.0,0.0,0.0,0.0,0.0000,0,0,0,345.5736"
2026-05-24T16:41:34.466,14,IMU,12,Comm,1401201,"0.0,0.0,0.0,0.0,0.0,0.0,0.0,0.0,0.0,0.0,0.0,0.0"
2026-05-24T16:41:34.516,14,IMU,19,Motor,1401901,"0.0,0.0,0.0,0.0,0.0,0.0,0.0,0.0,0.0,0.0,0.0,0.0,0.0000,0,0,0,345.5736"
2026-05-24T16:41:34.566,14,IMU,19,Motor,1401901,"0.0,0.0,0.0,0.0,0.0,0.0,0.0,0.0,0.0,0.0,0.0,0.0,0.0000,0,0,0,345.5736"
2026-05-24T16:41:34.616,14,IMU,19,Motor,1401901,"0.0,0.0,0.0,0.0,0.0,0.0,0.0,0.0,0.0,0.0,0.0,0.0,0.0000,0,0,0,345.5736"
2026-05-24T16:41:34.667,14,IMU,19,Motor,1401901,"0.0,0.0,0.0,0.0,0.0,0.0,0.0,0.0,0.0,0.0,0.0,0.0,0.0000,0,0,0,345.5736"
2026-05-24T16:41:34.717,14,IMU,19,Motor,1401901,"0.0,0.0,0.0,0.0,0.0,0.0,0.0,0.0,0.0,0.0,0.0,0.0,0.0000,0,0,0,345.5736"
2026-05-24T16:41:34.767,14,IMU,19,Motor,1401901,"0.0,0.0,0.0,0.0,0.0,0.0,0.0,0.0,0.0,0.0,0.0,0.0,0.0000,0,0,0,345.5736"
2026-05-24T16:41:34.818,14,IMU,19,Motor,1401901,"0.0,0.0,0.0,0.0,0.0,0.0,0.0,0.0,0.0,0.0,0.0,0.0,0.0000,0,0,0,345.5736"
2026-05-24T16:41:34.868,14,IMU,19,Motor,1401901,"0.0,0.0,0.0,0.0,0.0,0.0,0.0,0.0,0.0,0.0,0.0,0.0,0.0000,0,0,0,345.5736"
2026-05-24T16:41:34.918,14,IMU,19,Motor,1401901,"0.0,0.0,0.0,0.0,0.0,0.0,0.0,0.0,0.0,0.0,0.0,0.0,0.0000,0,0,0,345.5736"
2026-05-24T16:41:34.969,14,IMU,19,Motor,1401901,"0.0,0.0,0.0,0.0,0.0,0.0,0.0,0.0,0.0,0.0,0.0,0.0,0.0000,0,0,0,345.5736"
2026-05-24T16:41:35.019,14,IMU,19,Motor,1401901,"0.0,0.0,0.0,0.0,0.0,0.0,0.0,0.0,0.0,0.0,0.0,0.0,0.0000,0,0,0,345.5736"
2026-05-24T16:41:35.069,14,IMU,19,Motor,1401901,"0.0,0.0,0.0,0.0,0.0,0.0,0.0,0.0,0.0,0.0,0.0,0.0,0.0000,0,0,0,345.5736"
2026-05-24T16:41:35.120,14,IMU,19,Motor,1401901,"0.0,0.0,0.0,0.0,0.0,0.0,0.0,0.0,0.0,0.0,0.0,0.0,0.0000,0,0,0,345.5736"
2026-05-24T16:41:35.170,14,IMU,19,Motor,1401901,"0.0,0.0,0.0,0.0,0.0,0.0,0.0,0.0,0.0,0.0,0.0,0.0,0.0000,0,0,0,345.5736"
2026-05-24T16:41:35.220,14,IMU,19,Motor,1401901,"0.0,0.0,0.0,0.0,0.0,0.0,0.0,0.0,0.0,0.0,0.0,0.0,0.0000,0,0,0,345.5736"
2026-05-24T16:41:35.271,14,IMU,19,Motor,1401901,"0.0,0.0,0.0,0.0,0.0,0.0,0.0,0.0,0.0,0.0,0.0,0.0,0.0000,0,0,0,345.5736"
2026-05-24T16:41:35.321,14,IMU,19,Motor,1401901,"0.0,0.0,0.0,0.0,0.0,0.0,0.0,0.0,0.0,0.0,0.0,0.0,0.0000,0,0,0,345.5736"
2026-05-24T16:41:35.371,14,IMU,19,Motor,1401901,"0.0,0.0,0.0,0.0,0.0,0.0,0.0,0.0,0.0,0.0,0.0,0.0,0.0000,0,0,0,345.5736"
2026-05-24T16:41:35.421,14,IMU,19,Motor,1401901,"0.0,0.0,0.0,0.0,0.0,0.0,0.0,0.0,0.0,0.0,0.0,0.0,0.0000,0,0,0,345.5736"
2026-05-24T16:41:35.472,14,IMU,19,Motor,1401901,"0.0,0.0,0.0,0.0,0.0,0.0,0.0,0.0,0.0,0.0,0.0,0.0,0.0000,0,0,0,345.5736"
2026-05-24T16:41:35.472,14,IMU,12,Comm,1401201,"0.0,0.0,0.0,0.0,0.0,0.0,0.0,0.0,0.0,0.0,0.0,0.0"
2026-05-24T16:41:35.522,14,IMU,19,Motor,1401901,"0.0,0.0,0.0,0.0,0.0,0.0,0.0,0.0,0.0,0.0,0.0,0.0,0.0000,0,0,0,345.5736"
2026-05-24T16:41:35.572,14,IMU,19,Motor,1401901,"0.0,0.0,0.0,0.0,0.0,0.0,0.0,0.0,0.0,0.0,0.0,0.0,0.0000,0,0,0,345.5736"
2026-05-24T16:41:35.623,14,IMU,19,Motor,1401901,"0.0,0.0,0.0,0.0,0.0,0.0,0.0,0.0,0.0,0.0,0.0,0.0,0.0000,0,0,0,345.5736"
2026-05-24T16:41:35.673,14,IMU,19,Motor,1401901,"0.0,0.0,0.0,0.0,0.0,0.0,0.0,0.0,0.0,0.0,0.0,0.0,0.0000,0,0,0,345.5736"
2026-05-24T16:41:35.723,14,IMU,19,Motor,1401901,"0.0,0.0,0.0,0.0,0.0,0.0,0.0,0.0,0.0,0.0,0.0,0.0,0.0000,0,0,0,345.5736"
2026-05-24T16:41:35.774,14,IMU,19,Motor,1401901,"0.0,0.0,0.0,0.0,0.0,0.0,0.0,0.0,0.0,0.0,0.0,0.0,0.0000,0,0,0,345.5736"
2026-05-24T16:41:35.824,14,IMU,19,Motor,1401901,"0.0,0.0,0.0,0.0,0.0,0.0,0.0,0.0,0.0,0.0,0.0,0.0,0.0000,0,0,0,345.5736"
2026-05-24T16:41:35.874,14,IMU,19,Motor,1401901,"0.0,0.0,0.0,0.0,0.0,0.0,0.0,0.0,0.0,0.0,0.0,0.0,0.0000,0,0,0,345.5736"
2026-05-24T16:41:35.925,14,IMU,19,Motor,1401901,"0.0,0.0,0.0,0.0,0.0,0.0,0.0,0.0,0.0,0.0,0.0,0.0,0.0000,0,0,0,345.5736"
2026-05-24T16:41:35.975,14,IMU,19,Motor,1401901,"0.0,0.0,0.0,0.0,0.0,0.0,0.0,0.0,0.0,0.0,0.0,0.0,0.0000,0,0,0,345.5736"
2026-05-24T16:41:36.025,14,IMU,19,Motor,1401901,"0.0,0.0,0.0,0.0,0.0,0.0,0.0,0.0,0.0,0.0,0.0,0.0,0.0000,0,0,0,345.5736"
2026-05-24T16:41:36.076,14,IMU,19,Motor,1401901,"0.0,0.0,0.0,0.0,0.0,0.0,0.0,0.0,0.0,0.0,0.0,0.0,0.0000,0,0,0,345.5736"
2026-05-24T16:41:36.126,14,IMU,19,Motor,1401901,"0.0,0.0,0.0,0.0,0.0,0.0,0.0,0.0,0.0,0.0,0.0,0.0,0.0000,0,0,0,345.5736"
2026-05-24T16:41:36.176,14,IMU,19,Motor,1401901,"0.0,0.0,0.0,0.0,0.0,0.0,0.0,0.0,0.0,0.0,0.0,0.0,0.0000,0,0,0,345.5736"
2026-05-24T16:41:36.226,14,IMU,19,Motor,1401901,"0.0,0.0,0.0,0.0,0.0,0.0,0.0,0.0,0.0,0.0,0.0,0.0,0.0000,0,0,0,345.5736"
2026-05-24T16:41:36.277,14,IMU,19,Motor,1401901,"0.0,0.0,0.0,0.0,0.0,0.0,0.0,0.0,0.0,0.0,0.0,0.0,0.0000,0,0,0,345.5736"
2026-05-24T16:41:36.327,14,IMU,19,Motor,1401901,"0.0,0.0,0.0,0.0,0.0,0.0,0.0,0.0,0.0,0.0,0.0,0.0,0.0000,0,0,0,345.5736"
2026-05-24T16:41:36.377,14,IMU,19,Motor,1401901,"0.0,0.0,0.0,0.0,0.0,0.0,0.0,0.0,0.0,0.0,0.0,0.0,0.0000,0,0,0,345.5736"
2026-05-24T16:41:36.428,14,IMU,19,Motor,1401901,"0.0,0.0,0.0,0.0,0.0,0.0,0.0,0.0,0.0,0.0,0.0,0.0,0.0000,0,0,0,345.5736"
2026-05-24T16:41:36.478,14,IMU,19,Motor,1401901,"0.0,0.0,0.0,0.0,0.0,0.0,0.0,0.0,0.0,0.0,0.0,0.0,0.0000,0,0,0,345.5736"
2026-05-24T16:41:36.479,14,IMU,12,Comm,1401201,"0.0,0.0,0.0,0.0,0.0,0.0,0.0,0.0,0.0,0.0,0.0,0.0"
2026-05-24T16:41:36.528,14,IMU,19,Motor,1401901,"0.0,0.0,0.0,0.0,0.0,0.0,0.0,0.0,0.0,0.0,0.0,0.0,0.0000,0,0,0,345.5736"
2026-05-24T16:41:36.579,14,IMU,19,Motor,1401901,"0.0,0.0,0.0,0.0,0.0,0.0,0.0,0.0,0.0,0.0,0.0,0.0,0.0000,0,0,0,345.5736"
2026-05-24T16:41:36.629,14,IMU,19,Motor,1401901,"0.0,0.0,0.0,0.0,0.0,0.0,0.0,0.0,0.0,0.0,0.0,0.0,0.0000,0,0,0,345.5736"
2026-05-24T16:41:36.679,14,IMU,19,Motor,1401901,"0.0,0.0,0.0,0.0,0.0,0.0,0.0,0.0,0.0,0.0,0.0,0.0,0.0000,0,0,0,345.5736"
2026-05-24T16:41:36.730,14,IMU,19,Motor,1401901,"0.0,0.0,0.0,0.0,0.0,0.0,0.0,0.0,0.0,0.0,0.0,0.0,0.0000,0,0,0,345.5736"
2026-05-24T16:41:36.780,14,IMU,19,Motor,1401901,"0.0,0.0,0.0,0.0,0.0,0.0,0.0,0.0,0.0,0.0,0.0,0.0,0.0000,0,0,0,345.5736"
2026-05-24T16:41:36.830,14,IMU,19,Motor,1401901,"0.0,0.0,0.0,0.0,0.0,0.0,0.0,0.0,0.0,0.0,0.0,0.0,0.0000,0,0,0,345.5736"
2026-05-24T16:41:36.881,14,IMU,19,Motor,1401901,"0.0,0.0,0.0,0.0,0.0,0.0,0.0,0.0,0.0,0.0,0.0,0.0,0.0000,0,0,0,345.5736"
2026-05-24T16:41:36.931,14,IMU,19,Motor,1401901,"0.0,0.0,0.0,0.0,0.0,0.0,0.0,0.0,0.0,0.0,0.0,0.0,0.0000,0,0,0,345.5736"
2026-05-24T16:41:36.981,14,IMU,19,Motor,1401901,"0.0,0.0,0.0,0.0,0.0,0.0,0.0,0.0,0.0,0.0,0.0,0.0,0.0000,0,0,0,345.5736"
2026-05-24T16:41:37.032,14,IMU,19,Motor,1401901,"0.0,0.0,0.0,0.0,0.0,0.0,0.0,0.0,0.0,0.0,0.0,0.0,0.0000,0,0,0,345.5736"
2026-05-24T16:41:37.082,14,IMU,19,Motor,1401901,"0.0,0.0,0.0,0.0,0.0,0.0,0.0,0.0,0.0,0.0,0.0,0.0,0.0000,0,0,0,345.5736"
2026-05-24T16:41:37.132,14,IMU,19,Motor,1401901,"0.0,0.0,0.0,0.0,0.0,0.0,0.0,0.0,0.0,0.0,0.0,0.0,0.0000,0,0,0,345.5736"
2026-05-24T16:41:37.183,14,IMU,19,Motor,1401901,"0.0,0.0,0.0,0.0,0.0,0.0,0.0,0.0,0.0,0.0,0.0,0.0,0.0000,0,0,0,345.5736"
2026-05-24T16:41:37.233,14,IMU,19,Motor,1401901,"0.0,0.0,0.0,0.0,0.0,0.0,0.0,0.0,0.0,0.0,0.0,0.0,0.0000,0,0,0,345.5736"
2026-05-24T16:41:37.283,14,IMU,19,Motor,1401901,"0.0,0.0,0.0,0.0,0.0,0.0,0.0,0.0,0.0,0.0,0.0,0.0,0.0000,0,0,0,345.5736"
2026-05-24T16:41:37.333,14,IMU,19,Motor,1401901,"0.0,0.0,0.0,0.0,0.0,0.0,0.0,0.0,0.0,0.0,0.0,0.0,0.0000,0,0,0,345.5736"
2026-05-24T16:41:37.384,14,IMU,19,Motor,1401901,"0.0,0.0,0.0,0.0,0.0,0.0,0.0,0.0,0.0,0.0,0.0,0.0,0.0000,0,0,0,345.5736"
2026-05-24T16:41:37.434,14,IMU,19,Motor,1401901,"0.0,0.0,0.0,0.0,0.0,0.0,0.0,0.0,0.0,0.0,0.0,0.0,0.0000,0,0,0,345.5736"
2026-05-24T16:41:37.485,14,IMU,19,Motor,1401901,"0.0,0.0,0.0,0.0,0.0,0.0,0.0,0.0,0.0,0.0,0.0,0.0,0.0000,0,0,0,345.5736"
2026-05-24T16:41:37.485,14,IMU,12,Comm,1401201,"0.0,0.0,0.0,0.0,0.0,0.0,0.0,0.0,0.0,0.0,0.0,0.0"
2026-05-24T16:41:37.535,14,IMU,19,Motor,1401901,"0.0,0.0,0.0,0.0,0.0,0.0,0.0,0.0,0.0,0.0,0.0,0.0,0.0000,0,0,0,345.5736"
2026-05-24T16:41:37.585,14,IMU,19,Motor,1401901,"0.0,0.0,0.0,0.0,0.0,0.0,0.0,0.0,0.0,0.0,0.0,0.0,0.0000,0,0,0,345.5736"
2026-05-24T16:41:37.635,14,IMU,19,Motor,1401901,"0.0,0.0,0.0,0.0,0.0,0.0,0.0,0.0,0.0,0.0,0.0,0.0,0.0000,0,0,0,345.5736"
2026-05-24T16:41:37.686,14,IMU,19,Motor,1401901,"0.0,0.0,0.0,0.0,0.0,0.0,0.0,0.0,0.0,0.0,0.0,0.0,0.0000,0,0,0,345.5736"
2026-05-24T16:41:37.736,14,IMU,19,Motor,1401901,"0.0,0.0,0.0,0.0,0.0,0.0,0.0,0.0,0.0,0.0,0.0,0.0,0.0000,0,0,0,345.5736"
2026-05-24T16:41:37.786,14,IMU,19,Motor,1401901,"0.0,0.0,0.0,0.0,0.0,0.0,0.0,0.0,0.0,0.0,0.0,0.0,0.0000,0,0,0,345.5736"
2026-05-24T16:41:37.837,14,IMU,19,Motor,1401901,"0.0,0.0,0.0,0.0,0.0,0.0,0.0,0.0,0.0,0.0,0.0,0.0,0.0000,0,0,0,345.5736"
2026-05-24T16:41:37.887,14,IMU,19,Motor,1401901,"0.0,0.0,0.0,0.0,0.0,0.0,0.0,0.0,0.0,0.0,0.0,0.0,0.0000,0,0,0,345.5736"
2026-05-24T16:41:37.937,14,IMU,19,Motor,1401901,"0.0,0.0,0.0,0.0,0.0,0.0,0.0,0.0,0.0,0.0,0.0,0.0,0.0000,0,0,0,345.5736"
2026-05-24T16:41:37.988,14,IMU,19,Motor,1401901,"0.0,0.0,0.0,0.0,0.0,0.0,0.0,0.0,0.0,0.0,0.0,0.0,0.0000,0,0,0,345.5736"
2026-05-24T16:41:38.038,14,IMU,19,Motor,1401901,"0.0,0.0,0.0,0.0,0.0,0.0,0.0,0.0,0.0,0.0,0.0,0.0,0.0000,0,0,0,345.5736"
2026-05-24T16:41:38.088,14,IMU,19,Motor,1401901,"0.0,0.0,0.0,0.0,0.0,0.0,0.0,0.0,0.0,0.0,0.0,0.0,0.0000,0,0,0,345.5736"
2026-05-24T16:41:38.139,14,IMU,19,Motor,1401901,"0.0,0.0,0.0,0.0,0.0,0.0,0.0,0.0,0.0,0.0,0.0,0.0,0.0000,0,0,0,345.5736"
2026-05-24T16:41:38.189,14,IMU,19,Motor,1401901,"0.0,0.0,0.0,0.0,0.0,0.0,0.0,0.0,0.0,0.0,0.0,0.0,0.0000,0,0,0,345.5736"
2026-05-24T16:41:38.239,14,IMU,19,Motor,1401901,"0.0,0.0,0.0,0.0,0.0,0.0,0.0,0.0,0.0,0.0,0.0,0.0,0.0000,0,0,0,345.5736"
2026-05-24T16:41:38.290,14,IMU,19,Motor,1401901,"0.0,0.0,0.0,0.0,0.0,0.0,0.0,0.0,0.0,0.0,0.0,0.0,0.0000,0,0,0,345.5736"
2026-05-24T16:41:38.340,14,IMU,19,Motor,1401901,"0.0,0.0,0.0,0.0,0.0,0.0,0.0,0.0,0.0,0.0,0.0,0.0,0.0000,0,0,0,345.5736"
2026-05-24T16:41:38.390,14,IMU,19,Motor,1401901,"0.0,0.0,0.0,0.0,0.0,0.0,0.0,0.0,0.0,0.0,0.0,0.0,0.0000,0,0,0,345.5736"
2026-05-24T16:41:38.440,14,IMU,19,Motor,1401901,"0.0,0.0,0.0,0.0,0.0,0.0,0.0,0.0,0.0,0.0,0.0,0.0,0.0000,0,0,0,345.5736"
2026-05-24T16:41:38.491,14,IMU,19,Motor,1401901,"0.0,0.0,0.0,0.0,0.0,0.0,0.0,0.0,0.0,0.0,0.0,0.0,0.0000,0,0,0,345.5736"
2026-05-24T16:41:38.491,14,IMU,12,Comm,1401201,"0.0,0.0,0.0,0.0,0.0,0.0,0.0,0.0,0.0,0.0,0.0,0.0"
2026-05-24T16:41:38.541,14,IMU,19,Motor,1401901,"0.0,0.0,0.0,0.0,0.0,0.0,0.0,0.0,0.0,0.0,0.0,0.0,0.0000,0,0,0,345.5736"
2026-05-24T16:41:38.591,14,IMU,19,Motor,1401901,"0.0,0.0,0.0,0.0,0.0,0.0,0.0,0.0,0.0,0.0,0.0,0.0,0.0000,0,0,0,345.5736"
2026-05-24T16:41:38.642,14,IMU,19,Motor,1401901,"0.0,0.0,0.0,0.0,0.0,0.0,0.0,0.0,0.0,0.0,0.0,0.0,0.0000,0,0,0,345.5736"
2026-05-24T16:41:38.692,14,IMU,19,Motor,1401901,"0.0,0.0,0.0,0.0,0.0,0.0,0.0,0.0,0.0,0.0,0.0,0.0,0.0000,0,0,0,345.5736"
2026-05-24T16:41:38.742,14,IMU,19,Motor,1401901,"0.0,0.0,0.0,0.0,0.0,0.0,0.0,0.0,0.0,0.0,0.0,0.0,0.0000,0,0,0,345.5736"
2026-05-24T16:41:38.793,14,IMU,19,Motor,1401901,"0.0,0.0,0.0,0.0,0.0,0.0,0.0,0.0,0.0,0.0,0.0,0.0,0.0000,0,0,0,345.5736"
2026-05-24T16:41:38.843,14,IMU,19,Motor,1401901,"0.0,0.0,0.0,0.0,0.0,0.0,0.0,0.0,0.0,0.0,0.0,0.0,0.0000,0,0,0,345.5736"
2026-05-24T16:41:38.893,14,IMU,19,Motor,1401901,"0.0,0.0,0.0,0.0,0.0,0.0,0.0,0.0,0.0,0.0,0.0,0.0,0.0000,0,0,0,345.5736"
2026-05-24T16:41:38.944,14,IMU,19,Motor,1401901,"0.0,0.0,0.0,0.0,0.0,0.0,0.0,0.0,0.0,0.0,0.0,0.0,0.0000,0,0,0,345.5736"
2026-05-24T16:41:38.994,14,IMU,19,Motor,1401901,"0.0,0.0,0.0,0.0,0.0,0.0,0.0,0.0,0.0,0.0,0.0,0.0,0.0000,0,0,0,345.5736"
2026-05-24T16:41:39.044,14,IMU,19,Motor,1401901,"0.0,0.0,0.0,0.0,0.0,0.0,0.0,0.0,0.0,0.0,0.0,0.0,0.0000,0,0,0,345.5736"
2026-05-24T16:41:39.095,14,IMU,19,Motor,1401901,"0.0,0.0,0.0,0.0,0.0,0.0,0.0,0.0,0.0,0.0,0.0,0.0,0.0000,0,0,0,345.5736"
2026-05-24T16:41:39.145,14,IMU,19,Motor,1401901,"0.0,0.0,0.0,0.0,0.0,0.0,0.0,0.0,0.0,0.0,0.0,0.0,0.0000,0,0,0,345.5736"
2026-05-24T16:41:39.196,14,IMU,19,Motor,1401901,"0.0,0.0,0.0,0.0,0.0,0.0,0.0,0.0,0.0,0.0,0.0,0.0,0.0000,0,0,0,345.5736"
2026-05-24T16:41:39.246,14,IMU,19,Motor,1401901,"0.0,0.0,0.0,0.0,0.0,0.0,0.0,0.0,0.0,0.0,0.0,0.0,0.0000,0,0,0,345.5736"
2026-05-24T16:41:39.296,14,IMU,19,Motor,1401901,"0.0,0.0,0.0,0.0,0.0,0.0,0.0,0.0,0.0,0.0,0.0,0.0,0.0000,0,0,0,345.5736"
2026-05-24T16:41:39.346,14,IMU,19,Motor,1401901,"0.0,0.0,0.0,0.0,0.0,0.0,0.0,0.0,0.0,0.0,0.0,0.0,0.0000,0,0,0,345.5736"
2026-05-24T16:41:39.397,14,IMU,19,Motor,1401901,"0.0,0.0,0.0,0.0,0.0,0.0,0.0,0.0,0.0,0.0,0.0,0.0,0.0000,0,0,0,345.5736"
2026-05-24T16:41:39.447,14,IMU,19,Motor,1401901,"0.0,0.0,0.0,0.0,0.0,0.0,0.0,0.0,0.0,0.0,0.0,0.0,0.0000,0,0,0,345.5736"
2026-05-24T16:41:39.498,14,IMU,19,Motor,1401901,"0.0,0.0,0.0,0.0,0.0,0.0,0.0,0.0,0.0,0.0,0.0,0.0,0.0000,0,0,0,345.5736"
2026-05-24T16:41:39.498,14,IMU,12,Comm,1401201,"0.0,0.0,0.0,0.0,0.0,0.0,0.0,0.0,0.0,0.0,0.0,0.0"
2026-05-24T16:41:39.548,14,IMU,19,Motor,1401901,"0.0,0.0,0.0,0.0,0.0,0.0,0.0,0.0,0.0,0.0,0.0,0.0,0.0000,0,0,0,345.5736"
2026-05-24T16:41:39.598,14,IMU,19,Motor,1401901,"0.0,0.0,0.0,0.0,0.0,0.0,0.0,0.0,0.0,0.0,0.0,0.0,0.0000,0,0,0,345.5736"
2026-05-24T16:41:39.648,14,IMU,19,Motor,1401901,"0.0,0.0,0.0,0.0,0.0,0.0,0.0,0.0,0.0,0.0,0.0,0.0,0.0000,0,0,0,345.5736"
2026-05-24T16:41:39.699,14,IMU,19,Motor,1401901,"0.0,0.0,0.0,0.0,0.0,0.0,0.0,0.0,0.0,0.0,0.0,0.0,0.0000,0,0,0,345.5736"
2026-05-24T16:41:39.749,14,IMU,19,Motor,1401901,"0.0,0.0,0.0,0.0,0.0,0.0,0.0,0.0,0.0,0.0,0.0,0.0,0.0000,0,0,0,345.5736"
2026-05-24T16:41:39.799,14,IMU,19,Motor,1401901,"0.0,0.0,0.0,0.0,0.0,0.0,0.0,0.0,0.0,0.0,0.0,0.0,0.0000,0,0,0,345.5736"
2026-05-24T16:41:39.850,14,IMU,19,Motor,1401901,"0.0,0.0,0.0,0.0,0.0,0.0,0.0,0.0,0.0,0.0,0.0,0.0,0.0000,0,0,0,345.5736"
2026-05-24T16:41:39.905,14,IMU,19,Motor,1401901,"0.0,0.0,0.0,0.0,0.0,0.0,0.0,0.0,0.0,0.0,0.0,0.0,0.0000,0,0,0,345.5736"
2026-05-24T16:41:39.950,14,IMU,19,Motor,1401901,"0.0,0.0,0.0,0.0,0.0,0.0,0.0,0.0,0.0,0.0,0.0,0.0,0.0000,0,0,0,345.5736"
2026-05-24T16:41:40.001,14,IMU,19,Motor,1401901,"0.0,0.0,0.0,0.0,0.0,0.0,0.0,0.0,0.0,0.0,0.0,0.0,0.0000,0,0,0,345.5736"
2026-05-24T16:41:40.051,14,IMU,19,Motor,1401901,"0.0,0.0,0.0,0.0,0.0,0.0,0.0,0.0,0.0,0.0,0.0,0.0,0.0000,0,0,0,345.5736"
2026-05-24T16:41:40.101,14,IMU,19,Motor,1401901,"0.0,0.0,0.0,0.0,0.0,0.0,0.0,0.0,0.0,0.0,0.0,0.0,0.0000,0,0,0,345.5736"
2026-05-24T16:41:40.152,14,IMU,19,Motor,1401901,"0.0,0.0,0.0,0.0,0.0,0.0,0.0,0.0,0.0,0.0,0.0,0.0,0.0000,0,0,0,345.5736"
2026-05-24T16:41:40.202,14,IMU,19,Motor,1401901,"0.0,0.0,0.0,0.0,0.0,0.0,0.0,0.0,0.0,0.0,0.0,0.0,0.0000,0,0,0,345.5736"
2026-05-24T16:41:40.252,14,IMU,19,Motor,1401901,"0.0,0.0,0.0,0.0,0.0,0.0,0.0,0.0,0.0,0.0,0.0,0.0,0.0000,0,0,0,345.5736"
2026-05-24T16:41:40.303,14,IMU,19,Motor,1401901,"0.0,0.0,0.0,0.0,0.0,0.0,0.0,0.0,0.0,0.0,0.0,0.0,0.0000,0,0,0,345.5736"
2026-05-24T16:41:40.353,14,IMU,19,Motor,1401901,"0.0,0.0,0.0,0.0,0.0,0.0,0.0,0.0,0.0,0.0,0.0,0.0,0.0000,0,0,0,345.5736"
2026-05-24T16:41:40.403,14,IMU,19,Motor,1401901,"0.0,0.0,0.0,0.0,0.0,0.0,0.0,0.0,0.0,0.0,0.0,0.0,0.0000,0,0,0,345.5736"
2026-05-24T16:41:40.454,14,IMU,19,Motor,1401901,"0.0,0.0,0.0,0.0,0.0,0.0,0.0,0.0,0.0,0.0,0.0,0.0,0.0000,0,0,0,345.5736"
2026-05-24T16:41:40.504,14,IMU,19,Motor,1401901,"0.0,0.0,0.0,0.0,0.0,0.0,0.0,0.0,0.0,0.0,0.0,0.0,0.0000,0,0,0,345.5736"
2026-05-24T16:41:40.504,14,IMU,12,Comm,1401201,"0.0,0.0,0.0,0.0,0.0,0.0,0.0,0.0,0.0,0.0,0.0,0.0"
2026-05-24T16:41:40.554,14,IMU,19,Motor,1401901,"0.0,0.0,0.0,0.0,0.0,0.0,0.0,0.0,0.0,0.0,0.0,0.0,0.0000,0,0,0,345.5736"
2026-05-24T16:41:40.605,14,IMU,19,Motor,1401901,"0.0,0.0,0.0,0.0,0.0,0.0,0.0,0.0,0.0,0.0,0.0,0.0,0.0000,0,0,0,345.5736"
2026-05-24T16:41:40.655,14,IMU,19,Motor,1401901,"0.0,0.0,0.0,0.0,0.0,0.0,0.0,0.0,0.0,0.0,0.0,0.0,0.0000,0,0,0,345.5736"
2026-05-24T16:41:40.705,14,IMU,19,Motor,1401901,"0.0,0.0,0.0,0.0,0.0,0.0,0.0,0.0,0.0,0.0,0.0,0.0,0.0000,0,0,0,345.5736"
2026-05-24T16:41:40.756,14,IMU,19,Motor,1401901,"0.0,0.0,0.0,0.0,0.0,0.0,0.0,0.0,0.0,0.0,0.0,0.0,0.0000,0,0,0,345.5736"
2026-05-24T16:41:40.806,14,IMU,19,Motor,1401901,"0.0,0.0,0.0,0.0,0.0,0.0,0.0,0.0,0.0,0.0,0.0,0.0,0.0000,0,0,0,345.5736"
2026-05-24T16:41:40.856,14,IMU,19,Motor,1401901,"0.0,0.0,0.0,0.0,0.0,0.0,0.0,0.0,0.0,0.0,0.0,0.0,0.0000,0,0,0,345.5736"
2026-05-24T16:41:40.906,14,IMU,19,Motor,1401901,"0.0,0.0,0.0,0.0,0.0,0.0,0.0,0.0,0.0,0.0,0.0,0.0,0.0000,0,0,0,345.5736"
2026-05-24T16:41:40.957,14,IMU,19,Motor,1401901,"0.0,0.0,0.0,0.0,0.0,0.0,0.0,0.0,0.0,0.0,0.0,0.0,0.0000,0,0,0,345.5736"
2026-05-24T16:41:41.007,14,IMU,19,Motor,1401901,"0.0,0.0,0.0,0.0,0.0,0.0,0.0,0.0,0.0,0.0,0.0,0.0,0.0000,0,0,0,345.5736"
2026-05-24T16:41:41.057,14,IMU,19,Motor,1401901,"0.0,0.0,0.0,0.0,0.0,0.0,0.0,0.0,0.0,0.0,0.0,0.0,0.0000,0,0,0,345.5736"
2026-05-24T16:41:41.108,14,IMU,19,Motor,1401901,"0.0,0.0,0.0,0.0,0.0,0.0,0.0,0.0,0.0,0.0,0.0,0.0,0.0000,0,0,0,345.5736"
2026-05-24T16:41:41.158,14,IMU,19,Motor,1401901,"0.0,0.0,0.0,0.0,0.0,0.0,0.0,0.0,0.0,0.0,0.0,0.0,0.0000,0,0,0,345.5736"
2026-05-24T16:41:41.208,14,IMU,19,Motor,1401901,"0.0,0.0,0.0,0.0,0.0,0.0,0.0,0.0,0.0,0.0,0.0,0.0,0.0000,0,0,0,345.5736"
2026-05-24T16:41:41.259,14,IMU,19,Motor,1401901,"0.0,0.0,0.0,0.0,0.0,0.0,0.0,0.0,0.0,0.0,0.0,0.0,0.0000,0,0,0,345.5736"
2026-05-24T16:41:41.309,14,IMU,19,Motor,1401901,"0.0,0.0,0.0,0.0,0.0,0.0,0.0,0.0,0.0,0.0,0.0,0.0,0.0000,0,0,0,345.5736"
2026-05-24T16:41:41.359,14,IMU,19,Motor,1401901,"0.0,0.0,0.0,0.0,0.0,0.0,0.0,0.0,0.0,0.0,0.0,0.0,0.0000,0,0,0,345.5736"
2026-05-24T16:41:41.409,14,IMU,19,Motor,1401901,"0.0,0.0,0.0,0.0,0.0,0.0,0.0,0.0,0.0,0.0,0.0,0.0,0.0000,0,0,0,345.5736"
2026-05-24T16:41:41.460,14,IMU,19,Motor,1401901,"0.0,0.0,0.0,0.0,0.0,0.0,0.0,0.0,0.0,0.0,0.0,0.0,0.0000,0,0,0,345.5736"
2026-05-24T16:41:41.510,14,IMU,19,Motor,1401901,"0.0,0.0,0.0,0.0,0.0,0.0,0.0,0.0,0.0,0.0,0.0,0.0,0.0000,0,0,0,345.5736"
2026-05-24T16:41:41.511,14,IMU,12,Comm,1401201,"0.0,0.0,0.0,0.0,0.0,0.0,0.0,0.0,0.0,0.0,0.0,0.0"
2026-05-24T16:41:41.561,14,IMU,19,Motor,1401901,"0.0,0.0,0.0,0.0,0.0,0.0,0.0,0.0,0.0,0.0,0.0,0.0,0.0000,0,0,0,345.5736"
2026-05-24T16:41:41.611,14,IMU,19,Motor,1401901,"0.0,0.0,0.0,0.0,0.0,0.0,0.0,0.0,0.0,0.0,0.0,0.0,0.0000,0,0,0,345.5736"
2026-05-24T16:41:41.661,14,IMU,19,Motor,1401901,"0.0,0.0,0.0,0.0,0.0,0.0,0.0,0.0,0.0,0.0,0.0,0.0,0.0000,0,0,0,345.5736"
2026-05-24T16:41:41.711,14,IMU,19,Motor,1401901,"0.0,0.0,0.0,0.0,0.0,0.0,0.0,0.0,0.0,0.0,0.0,0.0,0.0000,0,0,0,345.5736"
2026-05-24T16:41:41.762,14,IMU,19,Motor,1401901,"0.0,0.0,0.0,0.0,0.0,0.0,0.0,0.0,0.0,0.0,0.0,0.0,0.0000,0,0,0,345.5736"
2026-05-24T16:41:41.812,14,IMU,19,Motor,1401901,"0.0,0.0,0.0,0.0,0.0,0.0,0.0,0.0,0.0,0.0,0.0,0.0,0.0000,0,0,0,345.5736"
2026-05-24T16:41:41.862,14,IMU,19,Motor,1401901,"0.0,0.0,0.0,0.0,0.0,0.0,0.0,0.0,0.0,0.0,0.0,0.0,0.0000,0,0,0,345.5736"
2026-05-24T16:41:41.913,14,IMU,19,Motor,1401901,"0.0,0.0,0.0,0.0,0.0,0.0,0.0,0.0,0.0,0.0,0.0,0.0,0.0000,0,0,0,345.5736"
2026-05-24T16:41:41.963,14,IMU,19,Motor,1401901,"0.0,0.0,0.0,0.0,0.0,0.0,0.0,0.0,0.0,0.0,0.0,0.0,0.0000,0,0,0,345.5736"
2026-05-24T16:41:42.013,14,IMU,19,Motor,1401901,"0.0,0.0,0.0,0.0,0.0,0.0,0.0,0.0,0.0,0.0,0.0,0.0,0.0000,0,0,0,345.5736"
2026-05-24T16:41:42.064,14,IMU,19,Motor,1401901,"0.0,0.0,0.0,0.0,0.0,0.0,0.0,0.0,0.0,0.0,0.0,0.0,0.0000,0,0,0,345.5736"
2026-05-24T16:41:42.114,14,IMU,19,Motor,1401901,"0.0,0.0,0.0,0.0,0.0,0.0,0.0,0.0,0.0,0.0,0.0,0.0,0.0000,0,0,0,345.5736"
2026-05-24T16:41:42.164,14,IMU,19,Motor,1401901,"0.0,0.0,0.0,0.0,0.0,0.0,0.0,0.0,0.0,0.0,0.0,0.0,0.0000,0,0,0,345.5736"
2026-05-24T16:41:42.214,14,IMU,19,Motor,1401901,"0.0,0.0,0.0,0.0,0.0,0.0,0.0,0.0,0.0,0.0,0.0,0.0,0.0000,0,0,0,345.5736"
2026-05-24T16:41:42.265,14,IMU,19,Motor,1401901,"0.0,0.0,0.0,0.0,0.0,0.0,0.0,0.0,0.0,0.0,0.0,0.0,0.0000,0,0,0,345.5736"
2026-05-24T16:41:42.315,14,IMU,19,Motor,1401901,"0.0,0.0,0.0,0.0,0.0,0.0,0.0,0.0,0.0,0.0,0.0,0.0,0.0000,0,0,0,345.5736"
2026-05-24T16:41:42.365,14,IMU,19,Motor,1401901,"0.0,0.0,0.0,0.0,0.0,0.0,0.0,0.0,0.0,0.0,0.0,0.0,0.0000,0,0,0,345.5736"
2026-05-24T16:41:42.416,14,IMU,19,Motor,1401901,"0.0,0.0,0.0,0.0,0.0,0.0,0.0,0.0,0.0,0.0,0.0,0.0,0.0000,0,0,0,345.5736"
2026-05-24T16:41:42.466,14,IMU,19,Motor,1401901,"0.0,0.0,0.0,0.0,0.0,0.0,0.0,0.0,0.0,0.0,0.0,0.0,0.0000,0,0,0,345.5736"
2026-05-24T16:41:42.516,14,IMU,19,Motor,1401901,"0.0,0.0,0.0,0.0,0.0,0.0,0.0,0.0,0.0,0.0,0.0,0.0,0.0000,0,0,0,345.5736"
2026-05-24T16:41:42.517,14,IMU,12,Comm,1401201,"0.0,0.0,0.0,0.0,0.0,0.0,0.0,0.0,0.0,0.0,0.0,0.0"
2026-05-24T16:41:42.567,14,IMU,19,Motor,1401901,"0.0,0.0,0.0,0.0,0.0,0.0,0.0,0.0,0.0,0.0,0.0,0.0,0.0000,0,0,0,345.5736"
2026-05-24T16:41:42.617,14,IMU,19,Motor,1401901,"0.0,0.0,0.0,0.0,0.0,0.0,0.0,0.0,0.0,0.0,0.0,0.0,0.0000,0,0,0,345.5736"
2026-05-24T16:41:42.667,14,IMU,19,Motor,1401901,"0.0,0.0,0.0,0.0,0.0,0.0,0.0,0.0,0.0,0.0,0.0,0.0,0.0000,0,0,0,345.5736"
2026-05-24T16:41:42.718,14,IMU,19,Motor,1401901,"0.0,0.0,0.0,0.0,0.0,0.0,0.0,0.0,0.0,0.0,0.0,0.0,0.0000,0,0,0,345.5736"
2026-05-24T16:41:42.768,14,IMU,19,Motor,1401901,"0.0,0.0,0.0,0.0,0.0,0.0,0.0,0.0,0.0,0.0,0.0,0.0,0.0000,0,0,0,345.5736"
2026-05-24T16:41:42.818,14,IMU,19,Motor,1401901,"0.0,0.0,0.0,0.0,0.0,0.0,0.0,0.0,0.0,0.0,0.0,0.0,0.0000,0,0,0,345.5736"
2026-05-24T16:41:42.869,14,IMU,19,Motor,1401901,"0.0,0.0,0.0,0.0,0.0,0.0,0.0,0.0,0.0,0.0,0.0,0.0,0.0000,0,0,0,345.5736"
2026-05-24T16:41:42.919,14,IMU,19,Motor,1401901,"0.0,0.0,0.0,0.0,0.0,0.0,0.0,0.0,0.0,0.0,0.0,0.0,0.0000,0,0,0,345.5736"
2026-05-24T16:41:42.969,14,IMU,19,Motor,1401901,"0.0,0.0,0.0,0.0,0.0,0.0,0.0,0.0,0.0,0.0,0.0,0.0,0.0000,0,0,0,345.5736"
2026-05-24T16:41:43.019,14,IMU,19,Motor,1401901,"0.0,0.0,0.0,0.0,0.0,0.0,0.0,0.0,0.0,0.0,0.0,0.0,0.0000,0,0,0,345.5736"
2026-05-24T16:41:43.070,14,IMU,19,Motor,1401901,"0.0,0.0,0.0,0.0,0.0,0.0,0.0,0.0,0.0,0.0,0.0,0.0,0.0000,0,0,0,345.5736"
2026-05-24T16:41:43.120,14,IMU,19,Motor,1401901,"0.0,0.0,0.0,0.0,0.0,0.0,0.0,0.0,0.0,0.0,0.0,0.0,0.0000,0,0,0,345.5736"
2026-05-24T16:41:43.170,14,IMU,19,Motor,1401901,"0.0,0.0,0.0,0.0,0.0,0.0,0.0,0.0,0.0,0.0,0.0,0.0,0.0000,0,0,0,345.5736"
2026-05-24T16:41:43.221,14,IMU,19,Motor,1401901,"0.0,0.0,0.0,0.0,0.0,0.0,0.0,0.0,0.0,0.0,0.0,0.0,0.0000,0,0,0,345.5736"
2026-05-24T16:41:43.271,14,IMU,19,Motor,1401901,"0.0,0.0,0.0,0.0,0.0,0.0,0.0,0.0,0.0,0.0,0.0,0.0,0.0000,0,0,0,345.5736"
2026-05-24T16:41:43.321,14,IMU,19,Motor,1401901,"0.0,0.0,0.0,0.0,0.0,0.0,0.0,0.0,0.0,0.0,0.0,0.0,0.0000,0,0,0,345.5736"
2026-05-24T16:41:43.372,14,IMU,19,Motor,1401901,"0.0,0.0,0.0,0.0,0.0,0.0,0.0,0.0,0.0,0.0,0.0,0.0,0.0000,0,0,0,345.5736"
2026-05-24T16:41:43.422,14,IMU,19,Motor,1401901,"0.0,0.0,0.0,0.0,0.0,0.0,0.0,0.0,0.0,0.0,0.0,0.0,0.0000,0,0,0,345.5736"
2026-05-24T16:41:43.472,14,IMU,19,Motor,1401901,"0.0,0.0,0.0,0.0,0.0,0.0,0.0,0.0,0.0,0.0,0.0,0.0,0.0000,0,0,0,345.5736"
2026-05-24T16:41:43.523,14,IMU,19,Motor,1401901,"0.0,0.0,0.0,0.0,0.0,0.0,0.0,0.0,0.0,0.0,0.0,0.0,0.0000,0,0,0,345.5736"
2026-05-24T16:41:43.523,14,IMU,12,Comm,1401201,"0.0,0.0,0.0,0.0,0.0,0.0,0.0,0.0,0.0,0.0,0.0,0.0"
2026-05-24T16:41:43.573,14,IMU,19,Motor,1401901,"0.0,0.0,0.0,0.0,0.0,0.0,0.0,0.0,0.0,0.0,0.0,0.0,0.0000,0,0,0,345.5736"
2026-05-24T16:41:43.623,14,IMU,19,Motor,1401901,"0.0,0.0,0.0,0.0,0.0,0.0,0.0,0.0,0.0,0.0,0.0,0.0,0.0000,0,0,0,345.5736"
2026-05-24T16:41:43.674,14,IMU,19,Motor,1401901,"0.0,0.0,0.0,0.0,0.0,0.0,0.0,0.0,0.0,0.0,0.0,0.0,0.0000,0,0,0,345.5736"
2026-05-24T16:41:43.724,14,IMU,19,Motor,1401901,"0.0,0.0,0.0,0.0,0.0,0.0,0.0,0.0,0.0,0.0,0.0,0.0,0.0000,0,0,0,345.5736"
2026-05-24T16:41:43.774,14,IMU,19,Motor,1401901,"0.0,0.0,0.0,0.0,0.0,0.0,0.0,0.0,0.0,0.0,0.0,0.0,0.0000,0,0,0,345.5736"
2026-05-24T16:41:43.824,14,IMU,19,Motor,1401901,"0.0,0.0,0.0,0.0,0.0,0.0,0.0,0.0,0.0,0.0,0.0,0.0,0.0000,0,0,0,345.5736"
2026-05-24T16:41:43.875,14,IMU,19,Motor,1401901,"0.0,0.0,0.0,0.0,0.0,0.0,0.0,0.0,0.0,0.0,0.0,0.0,0.0000,0,0,0,345.5736"
2026-05-24T16:41:43.925,14,IMU,19,Motor,1401901,"0.0,0.0,0.0,0.0,0.0,0.0,0.0,0.0,0.0,0.0,0.0,0.0,0.0000,0,0,0,345.5736"
2026-05-24T16:41:43.975,14,IMU,19,Motor,1401901,"0.0,0.0,0.0,0.0,0.0,0.0,0.0,0.0,0.0,0.0,0.0,0.0,0.0000,0,0,0,345.5736"
2026-05-24T16:41:44.026,14,IMU,19,Motor,1401901,"0.0,0.0,0.0,0.0,0.0,0.0,0.0,0.0,0.0,0.0,0.0,0.0,0.0000,0,0,0,345.5736"
2026-05-24T16:41:44.076,14,IMU,19,Motor,1401901,"0.0,0.0,0.0,0.0,0.0,0.0,0.0,0.0,0.0,0.0,0.0,0.0,0.0000,0,0,0,345.5736"
2026-05-24T16:41:44.126,14,IMU,19,Motor,1401901,"0.0,0.0,0.0,0.0,0.0,0.0,0.0,0.0,0.0,0.0,0.0,0.0,0.0000,0,0,0,345.5736"
2026-05-24T16:41:44.177,14,IMU,19,Motor,1401901,"0.0,0.0,0.0,0.0,0.0,0.0,0.0,0.0,0.0,0.0,0.0,0.0,0.0000,0,0,0,345.5736"
2026-05-24T16:41:44.227,14,IMU,19,Motor,1401901,"0.0,0.0,0.0,0.0,0.0,0.0,0.0,0.0,0.0,0.0,0.0,0.0,0.0000,0,0,0,345.5736"
2026-05-24T16:41:44.277,14,IMU,19,Motor,1401901,"0.0,0.0,0.0,0.0,0.0,0.0,0.0,0.0,0.0,0.0,0.0,0.0,0.0000,0,0,0,345.5736"
2026-05-24T16:41:44.328,14,IMU,19,Motor,1401901,"0.0,0.0,0.0,0.0,0.0,0.0,0.0,0.0,0.0,0.0,0.0,0.0,0.0000,0,0,0,345.5736"
2026-05-24T16:41:44.378,14,IMU,19,Motor,1401901,"0.0,0.0,0.0,0.0,0.0,0.0,0.0,0.0,0.0,0.0,0.0,0.0,0.0000,0,0,0,345.5736"
2026-05-24T16:41:44.428,14,IMU,19,Motor,1401901,"0.0,0.0,0.0,0.0,0.0,0.0,0.0,0.0,0.0,0.0,0.0,0.0,0.0000,0,0,0,345.5736"
2026-05-24T16:41:44.478,14,IMU,19,Motor,1401901,"0.0,0.0,0.0,0.0,0.0,0.0,0.0,0.0,0.0,0.0,0.0,0.0,0.0000,0,0,0,345.5736"
2026-05-24T16:41:44.529,14,IMU,19,Motor,1401901,"0.0,0.0,0.0,0.0,0.0,0.0,0.0,0.0,0.0,0.0,0.0,0.0,0.0000,0,0,0,345.5736"
2026-05-24T16:41:44.530,14,IMU,12,Comm,1401201,"0.0,0.0,0.0,0.0,0.0,0.0,0.0,0.0,0.0,0.0,0.0,0.0"
2026-05-24T16:41:44.579,14,IMU,19,Motor,1401901,"0.0,0.0,0.0,0.0,0.0,0.0,0.0,0.0,0.0,0.0,0.0,0.0,0.0000,0,0,0,345.5736"
2026-05-24T16:41:44.630,14,IMU,19,Motor,1401901,"0.0,0.0,0.0,0.0,0.0,0.0,0.0,0.0,0.0,0.0,0.0,0.0,0.0000,0,0,0,345.5736"
2026-05-24T16:41:44.680,14,IMU,19,Motor,1401901,"0.0,0.0,0.0,0.0,0.0,0.0,0.0,0.0,0.0,0.0,0.0,0.0,0.0000,0,0,0,345.5736"
2026-05-24T16:41:44.730,14,IMU,19,Motor,1401901,"0.0,0.0,0.0,0.0,0.0,0.0,0.0,0.0,0.0,0.0,0.0,0.0,0.0000,0,0,0,345.5736"
2026-05-24T16:41:44.781,14,IMU,19,Motor,1401901,"0.0,0.0,0.0,0.0,0.0,0.0,0.0,0.0,0.0,0.0,0.0,0.0,0.0000,0,0,0,345.5736"
2026-05-24T16:41:44.831,14,IMU,19,Motor,1401901,"0.0,0.0,0.0,0.0,0.0,0.0,0.0,0.0,0.0,0.0,0.0,0.0,0.0000,0,0,0,345.5736"
2026-05-24T16:41:44.881,14,IMU,19,Motor,1401901,"0.0,0.0,0.0,0.0,0.0,0.0,0.0,0.0,0.0,0.0,0.0,0.0,0.0000,0,0,0,345.5736"
2026-05-24T16:41:44.931,14,IMU,19,Motor,1401901,"0.0,0.0,0.0,0.0,0.0,0.0,0.0,0.0,0.0,0.0,0.0,0.0,0.0000,0,0,0,345.5736"
2026-05-24T16:41:44.982,14,IMU,19,Motor,1401901,"0.0,0.0,0.0,0.0,0.0,0.0,0.0,0.0,0.0,0.0,0.0,0.0,0.0000,0,0,0,345.5736"
2026-05-24T16:41:45.032,14,IMU,19,Motor,1401901,"0.0,0.0,0.0,0.0,0.0,0.0,0.0,0.0,0.0,0.0,0.0,0.0,0.0000,0,0,0,345.5736"
2026-05-24T16:41:45.082,14,IMU,19,Motor,1401901,"0.0,0.0,0.0,0.0,0.0,0.0,0.0,0.0,0.0,0.0,0.0,0.0,0.0000,0,0,0,345.5736"
2026-05-24T16:41:45.133,14,IMU,19,Motor,1401901,"0.0,0.0,0.0,0.0,0.0,0.0,0.0,0.0,0.0,0.0,0.0,0.0,0.0000,0,0,0,345.5736"
2026-05-24T16:41:45.183,14,IMU,19,Motor,1401901,"0.0,0.0,0.0,0.0,0.0,0.0,0.0,0.0,0.0,0.0,0.0,0.0,0.0000,0,0,0,345.5736"
2026-05-24T16:41:45.233,14,IMU,19,Motor,1401901,"0.0,0.0,0.0,0.0,0.0,0.0,0.0,0.0,0.0,0.0,0.0,0.0,0.0000,0,0,0,345.5736"
2026-05-24T16:41:45.284,14,IMU,19,Motor,1401901,"0.0,0.0,0.0,0.0,0.0,0.0,0.0,0.0,0.0,0.0,0.0,0.0,0.0000,0,0,0,345.5736"
2026-05-24T16:41:45.334,14,IMU,19,Motor,1401901,"0.0,0.0,0.0,0.0,0.0,0.0,0.0,0.0,0.0,0.0,0.0,0.0,0.0000,0,0,0,345.5736"
2026-05-24T16:41:45.384,14,IMU,19,Motor,1401901,"0.0,0.0,0.0,0.0,0.0,0.0,0.0,0.0,0.0,0.0,0.0,0.0,0.0000,0,0,0,345.5736"
2026-05-24T16:41:45.435,14,IMU,19,Motor,1401901,"0.0,0.0,0.0,0.0,0.0,0.0,0.0,0.0,0.0,0.0,0.0,0.0,0.0000,0,0,0,345.5736"
2026-05-24T16:41:45.485,14,IMU,19,Motor,1401901,"0.0,0.0,0.0,0.0,0.0,0.0,0.0,0.0,0.0,0.0,0.0,0.0,0.0000,0,0,0,345.5736"
2026-05-24T16:41:45.535,14,IMU,19,Motor,1401901,"0.0,0.0,0.0,0.0,0.0,0.0,0.0,0.0,0.0,0.0,0.0,0.0,0.0000,0,0,0,345.5736"
2026-05-24T16:41:45.536,14,IMU,12,Comm,1401201,"0.0,0.0,0.0,0.0,0.0,0.0,0.0,0.0,0.0,0.0,0.0,0.0"
2026-05-24T16:41:45.586,14,IMU,19,Motor,1401901,"0.0,0.0,0.0,0.0,0.0,0.0,0.0,0.0,0.0,0.0,0.0,0.0,0.0000,0,0,0,345.5736"
2026-05-24T16:41:45.636,14,IMU,19,Motor,1401901,"0.0,0.0,0.0,0.0,0.0,0.0,0.0,0.0,0.0,0.0,0.0,0.0,0.0000,0,0,0,345.5736"
2026-05-24T16:41:45.686,14,IMU,19,Motor,1401901,"0.0,0.0,0.0,0.0,0.0,0.0,0.0,0.0,0.0,0.0,0.0,0.0,0.0000,0,0,0,345.5736"
2026-05-24T16:41:45.737,14,IMU,19,Motor,1401901,"0.0,0.0,0.0,0.0,0.0,0.0,0.0,0.0,0.0,0.0,0.0,0.0,0.0000,0,0,0,345.5736"
2026-05-24T16:41:45.787,14,IMU,19,Motor,1401901,"0.0,0.0,0.0,0.0,0.0,0.0,0.0,0.0,0.0,0.0,0.0,0.0,0.0000,0,0,0,345.5736"
2026-05-24T16:41:45.837,14,IMU,19,Motor,1401901,"0.0,0.0,0.0,0.0,0.0,0.0,0.0,0.0,0.0,0.0,0.0,0.0,0.0000,0,0,0,345.5736"
2026-05-24T16:41:45.888,14,IMU,19,Motor,1401901,"0.0,0.0,0.0,0.0,0.0,0.0,0.0,0.0,0.0,0.0,0.0,0.0,0.0000,0,0,0,345.5736"
2026-05-24T16:41:45.938,14,IMU,19,Motor,1401901,"0.0,0.0,0.0,0.0,0.0,0.0,0.0,0.0,0.0,0.0,0.0,0.0,0.0000,0,0,0,345.5736"
2026-05-24T16:41:45.988,14,IMU,19,Motor,1401901,"0.0,0.0,0.0,0.0,0.0,0.0,0.0,0.0,0.0,0.0,0.0,0.0,0.0000,0,0,0,345.5736"
2026-05-24T16:41:46.038,14,IMU,19,Motor,1401901,"0.0,0.0,0.0,0.0,0.0,0.0,0.0,0.0,0.0,0.0,0.0,0.0,0.0000,0,0,0,345.5736"
2026-05-24T16:41:46.089,14,IMU,19,Motor,1401901,"0.0,0.0,0.0,0.0,0.0,0.0,0.0,0.0,0.0,0.0,0.0,0.0,0.0000,0,0,0,345.5736"
2026-05-24T16:41:46.139,14,IMU,19,Motor,1401901,"0.0,0.0,0.0,0.0,0.0,0.0,0.0,0.0,0.0,0.0,0.0,0.0,0.0000,0,0,0,345.5736"
2026-05-24T16:41:46.189,14,IMU,19,Motor,1401901,"0.0,0.0,0.0,0.0,0.0,0.0,0.0,0.0,0.0,0.0,0.0,0.0,0.0000,0,0,0,345.5736"
2026-05-24T16:41:46.240,14,IMU,19,Motor,1401901,"0.0,0.0,0.0,0.0,0.0,0.0,0.0,0.0,0.0,0.0,0.0,0.0,0.0000,0,0,0,345.5736"
2026-05-24T16:41:46.290,14,IMU,19,Motor,1401901,"0.0,0.0,0.0,0.0,0.0,0.0,0.0,0.0,0.0,0.0,0.0,0.0,0.0000,0,0,0,345.5736"
2026-05-24T16:41:46.340,14,IMU,19,Motor,1401901,"0.0,0.0,0.0,0.0,0.0,0.0,0.0,0.0,0.0,0.0,0.0,0.0,0.0000,0,0,0,345.5736"
2026-05-24T16:41:46.391,14,IMU,19,Motor,1401901,"0.0,0.0,0.0,0.0,0.0,0.0,0.0,0.0,0.0,0.0,0.0,0.0,0.0000,0,0,0,345.5736"
2026-05-24T16:41:46.441,14,IMU,19,Motor,1401901,"0.0,0.0,0.0,0.0,0.0,0.0,0.0,0.0,0.0,0.0,0.0,0.0,0.0000,0,0,0,345.5736"
2026-05-24T16:41:46.491,14,IMU,19,Motor,1401901,"0.0,0.0,0.0,0.0,0.0,0.0,0.0,0.0,0.0,0.0,0.0,0.0,0.0000,0,0,0,345.5736"
2026-05-24T16:41:46.542,14,IMU,19,Motor,1401901,"0.0,0.0,0.0,0.0,0.0,0.0,0.0,0.0,0.0,0.0,0.0,0.0,0.0000,0,0,0,345.5736"
2026-05-24T16:41:46.542,14,IMU,12,Comm,1401201,"0.0,0.0,0.0,0.0,0.0,0.0,0.0,0.0,0.0,0.0,0.0,0.0"
2026-05-24T16:41:46.592,14,IMU,19,Motor,1401901,"0.0,0.0,0.0,0.0,0.0,0.0,0.0,0.0,0.0,0.0,0.0,0.0,0.0000,0,0,0,345.5736"
2026-05-24T16:41:46.642,14,IMU,19,Motor,1401901,"0.0,0.0,0.0,0.0,0.0,0.0,0.0,0.0,0.0,0.0,0.0,0.0,0.0000,0,0,0,345.5736"
2026-05-24T16:41:46.693,14,IMU,19,Motor,1401901,"0.0,0.0,0.0,0.0,0.0,0.0,0.0,0.0,0.0,0.0,0.0,0.0,0.0000,0,0,0,345.5736"
2026-05-24T16:41:46.743,14,IMU,19,Motor,1401901,"0.0,0.0,0.0,0.0,0.0,0.0,0.0,0.0,0.0,0.0,0.0,0.0,0.0000,0,0,0,345.5736"
2026-05-24T16:41:46.793,14,IMU,19,Motor,1401901,"0.0,0.0,0.0,0.0,0.0,0.0,0.0,0.0,0.0,0.0,0.0,0.0,0.0000,0,0,0,345.5736"
2026-05-24T16:41:46.844,14,IMU,19,Motor,1401901,"0.0,0.0,0.0,0.0,0.0,0.0,0.0,0.0,0.0,0.0,0.0,0.0,0.0000,0,0,0,345.5736"
2026-05-24T16:41:46.894,14,IMU,19,Motor,1401901,"0.0,0.0,0.0,0.0,0.0,0.0,0.0,0.0,0.0,0.0,0.0,0.0,0.0000,0,0,0,345.5736"
2026-05-24T16:41:46.944,14,IMU,19,Motor,1401901,"0.0,0.0,0.0,0.0,0.0,0.0,0.0,0.0,0.0,0.0,0.0,0.0,0.0000,0,0,0,345.5736"
2026-05-24T16:41:46.995,14,IMU,19,Motor,1401901,"0.0,0.0,0.0,0.0,0.0,0.0,0.0,0.0,0.0,0.0,0.0,0.0,0.0000,0,0,0,345.5736"
2026-05-24T16:41:47.045,14,IMU,19,Motor,1401901,"0.0,0.0,0.0,0.0,0.0,0.0,0.0,0.0,0.0,0.0,0.0,0.0,0.0000,0,0,0,345.5736"
2026-05-24T16:41:47.095,14,IMU,19,Motor,1401901,"0.0,0.0,0.0,0.0,0.0,0.0,0.0,0.0,0.0,0.0,0.0,0.0,0.0000,0,0,0,345.5736"
2026-05-24T16:41:47.146,14,IMU,19,Motor,1401901,"0.0,0.0,0.0,0.0,0.0,0.0,0.0,0.0,0.0,0.0,0.0,0.0,0.0000,0,0,0,345.5736"
2026-05-24T16:41:47.196,14,IMU,19,Motor,1401901,"0.0,0.0,0.0,0.0,0.0,0.0,0.0,0.0,0.0,0.0,0.0,0.0,0.0000,0,0,0,345.5736"
2026-05-24T16:41:47.246,14,IMU,19,Motor,1401901,"0.0,0.0,0.0,0.0,0.0,0.0,0.0,0.0,0.0,0.0,0.0,0.0,0.0000,0,0,0,345.5736"
2026-05-24T16:41:47.297,14,IMU,19,Motor,1401901,"0.0,0.0,0.0,0.0,0.0,0.0,0.0,0.0,0.0,0.0,0.0,0.0,0.0000,0,0,0,345.5736"
2026-05-24T16:41:47.347,14,IMU,19,Motor,1401901,"0.0,0.0,0.0,0.0,0.0,0.0,0.0,0.0,0.0,0.0,0.0,0.0,0.0000,0,0,0,345.5736"
2026-05-24T16:41:47.397,14,IMU,19,Motor,1401901,"0.0,0.0,0.0,0.0,0.0,0.0,0.0,0.0,0.0,0.0,0.0,0.0,0.0000,0,0,0,345.5736"
2026-05-24T16:41:47.448,14,IMU,19,Motor,1401901,"0.0,0.0,0.0,0.0,0.0,0.0,0.0,0.0,0.0,0.0,0.0,0.0,0.0000,0,0,0,345.5736"
2026-05-24T16:41:47.498,14,IMU,19,Motor,1401901,"0.0,0.0,0.0,0.0,0.0,0.0,0.0,0.0,0.0,0.0,0.0,0.0,0.0000,0,0,0,345.5736"
2026-05-24T16:41:47.548,14,IMU,19,Motor,1401901,"0.0,0.0,0.0,0.0,0.0,0.0,0.0,0.0,0.0,0.0,0.0,0.0,0.0000,0,0,0,345.5736"
2026-05-24T16:41:47.549,14,IMU,12,Comm,1401201,"0.0,0.0,0.0,0.0,0.0,0.0,0.0,0.0,0.0,0.0,0.0,0.0"
2026-05-24T16:41:47.599,14,IMU,19,Motor,1401901,"0.0,0.0,0.0,0.0,0.0,0.0,0.0,0.0,0.0,0.0,0.0,0.0,0.0000,0,0,0,345.5736"
2026-05-24T16:41:47.649,14,IMU,19,Motor,1401901,"0.0,0.0,0.0,0.0,0.0,0.0,0.0,0.0,0.0,0.0,0.0,0.0,0.0000,0,0,0,345.5736"
2026-05-24T16:41:47.699,14,IMU,19,Motor,1401901,"0.0,0.0,0.0,0.0,0.0,0.0,0.0,0.0,0.0,0.0,0.0,0.0,0.0000,0,0,0,345.5736"
2026-05-24T16:41:47.749,14,IMU,19,Motor,1401901,"0.0,0.0,0.0,0.0,0.0,0.0,0.0,0.0,0.0,0.0,0.0,0.0,0.0000,0,0,0,345.5736"
2026-05-24T16:41:47.800,14,IMU,19,Motor,1401901,"0.0,0.0,0.0,0.0,0.0,0.0,0.0,0.0,0.0,0.0,0.0,0.0,0.0000,0,0,0,345.5736"
2026-05-24T16:41:47.850,14,IMU,19,Motor,1401901,"0.0,0.0,0.0,0.0,0.0,0.0,0.0,0.0,0.0,0.0,0.0,0.0,0.0000,0,0,0,345.5736"
2026-05-24T16:41:47.900,14,IMU,19,Motor,1401901,"0.0,0.0,0.0,0.0,0.0,0.0,0.0,0.0,0.0,0.0,0.0,0.0,0.0000,0,0,0,345.5736"
2026-05-24T16:41:47.951,14,IMU,19,Motor,1401901,"0.0,0.0,0.0,0.0,0.0,0.0,0.0,0.0,0.0,0.0,0.0,0.0,0.0000,0,0,0,345.5736"
2026-05-24T16:41:48.001,14,IMU,19,Motor,1401901,"0.0,0.0,0.0,0.0,0.0,0.0,0.0,0.0,0.0,0.0,0.0,0.0,0.0000,0,0,0,345.5736"
2026-05-24T16:41:48.051,14,IMU,19,Motor,1401901,"0.0,0.0,0.0,0.0,0.0,0.0,0.0,0.0,0.0,0.0,0.0,0.0,0.0000,0,0,0,345.5736"
2026-05-24T16:41:48.102,14,IMU,19,Motor,1401901,"0.0,0.0,0.0,0.0,0.0,0.0,0.0,0.0,0.0,0.0,0.0,0.0,0.0000,0,0,0,345.5736"
2026-05-24T16:41:48.152,14,IMU,19,Motor,1401901,"0.0,0.0,0.0,0.0,0.0,0.0,0.0,0.0,0.0,0.0,0.0,0.0,0.0000,0,0,0,345.5736"
2026-05-24T16:41:48.202,14,IMU,19,Motor,1401901,"0.0,0.0,0.0,0.0,0.0,0.0,0.0,0.0,0.0,0.0,0.0,0.0,0.0000,0,0,0,345.5736"
2026-05-24T16:41:48.253,14,IMU,19,Motor,1401901,"0.0,0.0,0.0,0.0,0.0,0.0,0.0,0.0,0.0,0.0,0.0,0.0,0.0000,0,0,0,345.5736"
2026-05-24T16:41:48.303,14,IMU,19,Motor,1401901,"0.0,0.0,0.0,0.0,0.0,0.0,0.0,0.0,0.0,0.0,0.0,0.0,0.0000,0,0,0,345.5736"
2026-05-24T16:41:48.354,14,IMU,19,Motor,1401901,"0.0,0.0,0.0,0.0,0.0,0.0,0.0,0.0,0.0,0.0,0.0,0.0,0.0000,0,0,0,345.5736"
2026-05-24T16:41:48.404,14,IMU,19,Motor,1401901,"0.0,0.0,0.0,0.0,0.0,0.0,0.0,0.0,0.0,0.0,0.0,0.0,0.0000,0,0,0,345.5736"
2026-05-24T16:41:48.454,14,IMU,19,Motor,1401901,"0.0,0.0,0.0,0.0,0.0,0.0,0.0,0.0,0.0,0.0,0.0,0.0,0.0000,0,0,0,345.5736"
2026-05-24T16:41:48.505,14,IMU,19,Motor,1401901,"0.0,0.0,0.0,0.0,0.0,0.0,0.0,0.0,0.0,0.0,0.0,0.0,0.0000,0,0,0,345.5736"
2026-05-24T16:41:48.555,14,IMU,19,Motor,1401901,"0.0,0.0,0.0,0.0,0.0,0.0,0.0,0.0,0.0,0.0,0.0,0.0,0.0000,0,0,0,345.5736"
2026-05-24T16:41:48.556,14,IMU,12,Comm,1401201,"0.0,0.0,0.0,0.0,0.0,0.0,0.0,0.0,0.0,0.0,0.0,0.0"
2026-05-24T16:41:48.605,14,IMU,19,Motor,1401901,"0.0,0.0,0.0,0.0,0.0,0.0,0.0,0.0,0.0,0.0,0.0,0.0,0.0000,0,0,0,345.5736"
2026-05-24T16:41:48.656,14,IMU,19,Motor,1401901,"0.0,0.0,0.0,0.0,0.0,0.0,0.0,0.0,0.0,0.0,0.0,0.0,0.0000,0,0,0,345.5736"
2026-05-24T16:41:48.706,14,IMU,19,Motor,1401901,"0.0,0.0,0.0,0.0,0.0,0.0,0.0,0.0,0.0,0.0,0.0,0.0,0.0000,0,0,0,345.5736"
2026-05-24T16:41:48.756,14,IMU,19,Motor,1401901,"0.0,0.0,0.0,0.0,0.0,0.0,0.0,0.0,0.0,0.0,0.0,0.0,0.0000,0,0,0,345.5736"
2026-05-24T16:41:48.807,14,IMU,19,Motor,1401901,"0.0,0.0,0.0,0.0,0.0,0.0,0.0,0.0,0.0,0.0,0.0,0.0,0.0000,0,0,0,345.5736"
2026-05-24T16:41:48.857,14,IMU,19,Motor,1401901,"0.0,0.0,0.0,0.0,0.0,0.0,0.0,0.0,0.0,0.0,0.0,0.0,0.0000,0,0,0,345.5736"
2026-05-24T16:41:48.907,14,IMU,19,Motor,1401901,"0.0,0.0,0.0,0.0,0.0,0.0,0.0,0.0,0.0,0.0,0.0,0.0,0.0000,0,0,0,345.5736"
2026-05-24T16:41:48.958,14,IMU,19,Motor,1401901,"0.0,0.0,0.0,0.0,0.0,0.0,0.0,0.0,0.0,0.0,0.0,0.0,0.0000,0,0,0,345.5736"
2026-05-24T16:41:49.008,14,IMU,19,Motor,1401901,"0.0,0.0,0.0,0.0,0.0,0.0,0.0,0.0,0.0,0.0,0.0,0.0,0.0000,0,0,0,345.5736"
2026-05-24T16:41:49.058,14,IMU,19,Motor,1401901,"0.0,0.0,0.0,0.0,0.0,0.0,0.0,0.0,0.0,0.0,0.0,0.0,0.0000,0,0,0,345.5736"
2026-05-24T16:41:49.109,14,IMU,19,Motor,1401901,"0.0,0.0,0.0,0.0,0.0,0.0,0.0,0.0,0.0,0.0,0.0,0.0,0.0000,0,0,0,345.5736"
2026-05-24T16:41:49.159,14,IMU,19,Motor,1401901,"0.0,0.0,0.0,0.0,0.0,0.0,0.0,0.0,0.0,0.0,0.0,0.0,0.0000,0,0,0,345.5736"
2026-05-24T16:41:49.209,14,IMU,19,Motor,1401901,"0.0,0.0,0.0,0.0,0.0,0.0,0.0,0.0,0.0,0.0,0.0,0.0,0.0000,0,0,0,345.5736"
2026-05-24T16:41:49.260,14,IMU,19,Motor,1401901,"0.0,0.0,0.0,0.0,0.0,0.0,0.0,0.0,0.0,0.0,0.0,0.0,0.0000,0,0,0,345.5736"
2026-05-24T16:41:49.310,14,IMU,19,Motor,1401901,"0.0,0.0,0.0,0.0,0.0,0.0,0.0,0.0,0.0,0.0,0.0,0.0,0.0000,0,0,0,345.5736"
2026-05-24T16:41:49.360,14,IMU,19,Motor,1401901,"0.0,0.0,0.0,0.0,0.0,0.0,0.0,0.0,0.0,0.0,0.0,0.0,0.0000,0,0,0,345.5736"
2026-05-24T16:41:49.411,14,IMU,19,Motor,1401901,"0.0,0.0,0.0,0.0,0.0,0.0,0.0,0.0,0.0,0.0,0.0,0.0,0.0000,0,0,0,345.5736"
2026-05-24T16:41:49.461,14,IMU,19,Motor,1401901,"0.0,0.0,0.0,0.0,0.0,0.0,0.0,0.0,0.0,0.0,0.0,0.0,0.0000,0,0,0,345.5736"
2026-05-24T16:41:49.511,14,IMU,19,Motor,1401901,"0.0,0.0,0.0,0.0,0.0,0.0,0.0,0.0,0.0,0.0,0.0,0.0,0.0000,0,0,0,345.5736"
2026-05-24T16:41:49.562,14,IMU,19,Motor,1401901,"0.0,0.0,0.0,0.0,0.0,0.0,0.0,0.0,0.0,0.0,0.0,0.0,0.0000,0,0,0,345.5736"
2026-05-24T16:41:49.562,14,IMU,12,Comm,1401201,"0.0,0.0,0.0,0.0,0.0,0.0,0.0,0.0,0.0,0.0,0.0,0.0"
2026-05-24T16:41:49.612,14,IMU,19,Motor,1401901,"0.0,0.0,0.0,0.0,0.0,0.0,0.0,0.0,0.0,0.0,0.0,0.0,0.0000,0,0,0,345.5736"
2026-05-24T16:41:49.662,14,IMU,19,Motor,1401901,"0.0,0.0,0.0,0.0,0.0,0.0,0.0,0.0,0.0,0.0,0.0,0.0,0.0000,0,0,0,345.5736"
2026-05-24T16:41:49.713,14,IMU,19,Motor,1401901,"0.0,0.0,0.0,0.0,0.0,0.0,0.0,0.0,0.0,0.0,0.0,0.0,0.0000,0,0,0,345.5736"
2026-05-24T16:41:49.763,14,IMU,19,Motor,1401901,"0.0,0.0,0.0,0.0,0.0,0.0,0.0,0.0,0.0,0.0,0.0,0.0,0.0000,0,0,0,345.5736"
2026-05-24T16:41:49.813,14,IMU,19,Motor,1401901,"0.0,0.0,0.0,0.0,0.0,0.0,0.0,0.0,0.0,0.0,0.0,0.0,0.0000,0,0,0,345.5736"
2026-05-24T16:41:49.864,14,IMU,19,Motor,1401901,"0.0,0.0,0.0,0.0,0.0,0.0,0.0,0.0,0.0,0.0,0.0,0.0,0.0000,0,0,0,345.5736"
2026-05-24T16:41:49.914,14,IMU,19,Motor,1401901,"0.0,0.0,0.0,0.0,0.0,0.0,0.0,0.0,0.0,0.0,0.0,0.0,0.0000,0,0,0,345.5736"
2026-05-24T16:41:49.964,14,IMU,19,Motor,1401901,"0.0,0.0,0.0,0.0,0.0,0.0,0.0,0.0,0.0,0.0,0.0,0.0,0.0000,0,0,0,345.5736"
2026-05-24T16:41:50.015,14,IMU,19,Motor,1401901,"0.0,0.0,0.0,0.0,0.0,0.0,0.0,0.0,0.0,0.0,0.0,0.0,0.0000,0,0,0,345.5736"
2026-05-24T16:41:50.065,14,IMU,19,Motor,1401901,"0.0,0.0,0.0,0.0,0.0,0.0,0.0,0.0,0.0,0.0,0.0,0.0,0.0000,0,0,0,345.5736"
2026-05-24T16:41:50.115,14,IMU,19,Motor,1401901,"0.0,0.0,0.0,0.0,0.0,0.0,0.0,0.0,0.0,0.0,0.0,0.0,0.0000,0,0,0,345.5736"
2026-05-24T16:41:50.166,14,IMU,19,Motor,1401901,"0.0,0.0,0.0,0.0,0.0,0.0,0.0,0.0,0.0,0.0,0.0,0.0,0.0000,0,0,0,345.5736"
2026-05-24T16:41:50.216,14,IMU,19,Motor,1401901,"0.0,0.0,0.0,0.0,0.0,0.0,0.0,0.0,0.0,0.0,0.0,0.0,0.0000,0,0,0,345.5736"
2026-05-24T16:41:50.266,14,IMU,19,Motor,1401901,"0.0,0.0,0.0,0.0,0.0,0.0,0.0,0.0,0.0,0.0,0.0,0.0,0.0000,0,0,0,345.5736"
2026-05-24T16:41:50.317,14,IMU,19,Motor,1401901,"0.0,0.0,0.0,0.0,0.0,0.0,0.0,0.0,0.0,0.0,0.0,0.0,0.0000,0,0,0,345.5736"
2026-05-24T16:41:50.367,14,IMU,19,Motor,1401901,"0.0,0.0,0.0,0.0,0.0,0.0,0.0,0.0,0.0,0.0,0.0,0.0,0.0000,0,0,0,345.5736"
2026-05-24T16:41:50.417,14,IMU,19,Motor,1401901,"0.0,0.0,0.0,0.0,0.0,0.0,0.0,0.0,0.0,0.0,0.0,0.0,0.0000,0,0,0,345.5736"
2026-05-24T16:41:50.467,14,IMU,19,Motor,1401901,"0.0,0.0,0.0,0.0,0.0,0.0,0.0,0.0,0.0,0.0,0.0,0.0,0.0000,0,0,0,345.5736"
2026-05-24T16:41:50.518,14,IMU,19,Motor,1401901,"0.0,0.0,0.0,0.0,0.0,0.0,0.0,0.0,0.0,0.0,0.0,0.0,0.0000,0,0,0,345.5736"
2026-05-24T16:41:50.568,14,IMU,19,Motor,1401901,"0.0,0.0,0.0,0.0,0.0,0.0,0.0,0.0,0.0,0.0,0.0,0.0,0.0000,0,0,0,345.5736"
2026-05-24T16:41:50.569,14,IMU,12,Comm,1401201,"0.0,0.0,0.0,0.0,0.0,0.0,0.0,0.0,0.0,0.0,0.0,0.0"
2026-05-24T16:41:50.618,14,IMU,19,Motor,1401901,"0.0,0.0,0.0,0.0,0.0,0.0,0.0,0.0,0.0,0.0,0.0,0.0,0.0000,0,0,0,345.5736"
2026-05-24T16:41:50.669,14,IMU,19,Motor,1401901,"0.0,0.0,0.0,0.0,0.0,0.0,0.0,0.0,0.0,0.0,0.0,0.0,0.0000,0,0,0,345.5736"
2026-05-24T16:41:50.719,14,IMU,19,Motor,1401901,"0.0,0.0,0.0,0.0,0.0,0.0,0.0,0.0,0.0,0.0,0.0,0.0,0.0000,0,0,0,345.5736"
2026-05-24T16:41:50.769,14,IMU,19,Motor,1401901,"0.0,0.0,0.0,0.0,0.0,0.0,0.0,0.0,0.0,0.0,0.0,0.0,0.0000,0,0,0,345.5736"
2026-05-24T16:41:50.820,14,IMU,19,Motor,1401901,"0.0,0.0,0.0,0.0,0.0,0.0,0.0,0.0,0.0,0.0,0.0,0.0,0.0000,0,0,0,345.5736"
2026-05-24T16:41:50.870,14,IMU,19,Motor,1401901,"0.0,0.0,0.0,0.0,0.0,0.0,0.0,0.0,0.0,0.0,0.0,0.0,0.0000,0,0,0,345.5736"
2026-05-24T16:41:50.920,14,IMU,19,Motor,1401901,"0.0,0.0,0.0,0.0,0.0,0.0,0.0,0.0,0.0,0.0,0.0,0.0,0.0000,0,0,0,345.5736"
2026-05-24T16:41:50.971,14,IMU,19,Motor,1401901,"0.0,0.0,0.0,0.0,0.0,0.0,0.0,0.0,0.0,0.0,0.0,0.0,0.0000,0,0,0,345.5736"
2026-05-24T16:41:51.021,14,IMU,19,Motor,1401901,"0.0,0.0,0.0,0.0,0.0,0.0,0.0,0.0,0.0,0.0,0.0,0.0,0.0000,0,0,0,345.5736"
2026-05-24T16:41:51.071,14,IMU,19,Motor,1401901,"0.0,0.0,0.0,0.0,0.0,0.0,0.0,0.0,0.0,0.0,0.0,0.0,0.0000,0,0,0,345.5736"
2026-05-24T16:41:51.122,14,IMU,19,Motor,1401901,"0.0,0.0,0.0,0.0,0.0,0.0,0.0,0.0,0.0,0.0,0.0,0.0,0.0000,0,0,0,345.5736"
2026-05-24T16:41:51.172,14,IMU,19,Motor,1401901,"0.0,0.0,0.0,0.0,0.0,0.0,0.0,0.0,0.0,0.0,0.0,0.0,0.0000,0,0,0,345.5736"
2026-05-24T16:41:51.222,14,IMU,19,Motor,1401901,"0.0,0.0,0.0,0.0,0.0,0.0,0.0,0.0,0.0,0.0,0.0,0.0,0.0000,0,0,0,345.5736"
2026-05-24T16:41:51.273,14,IMU,19,Motor,1401901,"0.0,0.0,0.0,0.0,0.0,0.0,0.0,0.0,0.0,0.0,0.0,0.0,0.0000,0,0,0,345.5736"
2026-05-24T16:41:51.323,14,IMU,19,Motor,1401901,"0.0,0.0,0.0,0.0,0.0,0.0,0.0,0.0,0.0,0.0,0.0,0.0,0.0000,0,0,0,345.5736"
2026-05-24T16:41:51.373,14,IMU,19,Motor,1401901,"0.0,0.0,0.0,0.0,0.0,0.0,0.0,0.0,0.0,0.0,0.0,0.0,0.0000,0,0,0,345.5736"
2026-05-24T16:41:51.423,14,IMU,19,Motor,1401901,"0.0,0.0,0.0,0.0,0.0,0.0,0.0,0.0,0.0,0.0,0.0,0.0,0.0000,0,0,0,345.5736"
2026-05-24T16:41:51.474,14,IMU,19,Motor,1401901,"0.0,0.0,0.0,0.0,0.0,0.0,0.0,0.0,0.0,0.0,0.0,0.0,0.0000,0,0,0,345.5736"
2026-05-24T16:41:51.524,14,IMU,19,Motor,1401901,"0.0,0.0,0.0,0.0,0.0,0.0,0.0,0.0,0.0,0.0,0.0,0.0,0.0000,0,0,0,345.5736"
2026-05-24T16:41:51.574,14,IMU,19,Motor,1401901,"0.0,0.0,0.0,0.0,0.0,0.0,0.0,0.0,0.0,0.0,0.0,0.0,0.0000,0,0,0,345.5736"
2026-05-24T16:41:51.575,14,IMU,12,Comm,1401201,"0.0,0.0,0.0,0.0,0.0,0.0,0.0,0.0,0.0,0.0,0.0,0.0"
2026-05-24T16:41:51.625,14,IMU,19,Motor,1401901,"0.0,0.0,0.0,0.0,0.0,0.0,0.0,0.0,0.0,0.0,0.0,0.0,0.0000,0,0,0,345.5736"
2026-05-24T16:41:51.675,14,IMU,19,Motor,1401901,"0.0,0.0,0.0,0.0,0.0,0.0,0.0,0.0,0.0,0.0,0.0,0.0,0.0000,0,0,0,345.5736"
2026-05-24T16:41:51.725,14,IMU,19,Motor,1401901,"0.0,0.0,0.0,0.0,0.0,0.0,0.0,0.0,0.0,0.0,0.0,0.0,0.0000,0,0,0,345.5736"
2026-05-24T16:41:51.776,14,IMU,19,Motor,1401901,"0.0,0.0,0.0,0.0,0.0,0.0,0.0,0.0,0.0,0.0,0.0,0.0,0.0000,0,0,0,345.5736"
2026-05-24T16:41:51.826,14,IMU,19,Motor,1401901,"0.0,0.0,0.0,0.0,0.0,0.0,0.0,0.0,0.0,0.0,0.0,0.0,0.0000,0,0,0,345.5736"
2026-05-24T16:41:51.876,14,IMU,19,Motor,1401901,"0.0,0.0,0.0,0.0,0.0,0.0,0.0,0.0,0.0,0.0,0.0,0.0,0.0000,0,0,0,345.5736"
2026-05-24T16:41:51.927,14,IMU,19,Motor,1401901,"0.0,0.0,0.0,0.0,0.0,0.0,0.0,0.0,0.0,0.0,0.0,0.0,0.0000,0,0,0,345.5736"
2026-05-24T16:41:51.977,14,IMU,19,Motor,1401901,"0.0,0.0,0.0,0.0,0.0,0.0,0.0,0.0,0.0,0.0,0.0,0.0,0.0000,0,0,0,345.5736"
2026-05-24T16:41:52.027,14,IMU,19,Motor,1401901,"0.0,0.0,0.0,0.0,0.0,0.0,0.0,0.0,0.0,0.0,0.0,0.0,0.0000,0,0,0,345.5736"
2026-05-24T16:41:52.078,14,IMU,19,Motor,1401901,"0.0,0.0,0.0,0.0,0.0,0.0,0.0,0.0,0.0,0.0,0.0,0.0,0.0000,0,0,0,345.5736"
2026-05-24T16:41:52.128,14,IMU,19,Motor,1401901,"0.0,0.0,0.0,0.0,0.0,0.0,0.0,0.0,0.0,0.0,0.0,0.0,0.0000,0,0,0,345.5736"
2026-05-24T16:41:52.178,14,IMU,19,Motor,1401901,"0.0,0.0,0.0,0.0,0.0,0.0,0.0,0.0,0.0,0.0,0.0,0.0,0.0000,0,0,0,345.5736"
2026-05-24T16:41:52.229,14,IMU,19,Motor,1401901,"0.0,0.0,0.0,0.0,0.0,0.0,0.0,0.0,0.0,0.0,0.0,0.0,0.0000,0,0,0,345.5736"
2026-05-24T16:41:52.279,14,IMU,19,Motor,1401901,"0.0,0.0,0.0,0.0,0.0,0.0,0.0,0.0,0.0,0.0,0.0,0.0,0.0000,0,0,0,345.5736"
2026-05-24T16:41:52.329,14,IMU,19,Motor,1401901,"0.0,0.0,0.0,0.0,0.0,0.0,0.0,0.0,0.0,0.0,0.0,0.0,0.0000,0,0,0,345.5736"
2026-05-24T16:41:52.380,14,IMU,19,Motor,1401901,"0.0,0.0,0.0,0.0,0.0,0.0,0.0,0.0,0.0,0.0,0.0,0.0,0.0000,0,0,0,345.5736"
2026-05-24T16:41:52.430,14,IMU,19,Motor,1401901,"0.0,0.0,0.0,0.0,0.0,0.0,0.0,0.0,0.0,0.0,0.0,0.0,0.0000,0,0,0,345.5736"
2026-05-24T16:41:52.480,14,IMU,19,Motor,1401901,"0.0,0.0,0.0,0.0,0.0,0.0,0.0,0.0,0.0,0.0,0.0,0.0,0.0000,0,0,0,345.5736"
2026-05-24T16:41:52.530,14,IMU,19,Motor,1401901,"0.0,0.0,0.0,0.0,0.0,0.0,0.0,0.0,0.0,0.0,0.0,0.0,0.0000,0,0,0,345.5736"
2026-05-24T16:41:52.581,14,IMU,19,Motor,1401901,"0.0,0.0,0.0,0.0,0.0,0.0,0.0,0.0,0.0,0.0,0.0,0.0,0.0000,0,0,0,345.5736"
2026-05-24T16:41:52.581,14,IMU,12,Comm,1401201,"0.0,0.0,0.0,0.0,0.0,0.0,0.0,0.0,0.0,0.0,0.0,0.0"
2026-05-24T16:41:52.631,14,IMU,19,Motor,1401901,"0.0,0.0,0.0,0.0,0.0,0.0,0.0,0.0,0.0,0.0,0.0,0.0,0.0000,0,0,0,345.5736"
2026-05-24T16:41:52.681,14,IMU,19,Motor,1401901,"0.0,0.0,0.0,0.0,0.0,0.0,0.0,0.0,0.0,0.0,0.0,0.0,0.0000,0,0,0,345.5736"
2026-05-24T16:41:52.732,14,IMU,19,Motor,1401901,"0.0,0.0,0.0,0.0,0.0,0.0,0.0,0.0,0.0,0.0,0.0,0.0,0.0000,0,0,0,345.5736"
2026-05-24T16:41:52.782,14,IMU,19,Motor,1401901,"0.0,0.0,0.0,0.0,0.0,0.0,0.0,0.0,0.0,0.0,0.0,0.0,0.0000,0,0,0,345.5736"
2026-05-24T16:41:52.832,14,IMU,19,Motor,1401901,"0.0,0.0,0.0,0.0,0.0,0.0,0.0,0.0,0.0,0.0,0.0,0.0,0.0000,0,0,0,345.5736"
2026-05-24T16:41:52.883,14,IMU,19,Motor,1401901,"0.0,0.0,0.0,0.0,0.0,0.0,0.0,0.0,0.0,0.0,0.0,0.0,0.0000,0,0,0,345.5736"
2026-05-24T16:41:52.933,14,IMU,19,Motor,1401901,"0.0,0.0,0.0,0.0,0.0,0.0,0.0,0.0,0.0,0.0,0.0,0.0,0.0000,0,0,0,345.5736"
2026-05-24T16:41:52.983,14,IMU,19,Motor,1401901,"0.0,0.0,0.0,0.0,0.0,0.0,0.0,0.0,0.0,0.0,0.0,0.0,0.0000,0,0,0,345.5736"
2026-05-24T16:41:53.034,14,IMU,19,Motor,1401901,"0.0,0.0,0.0,0.0,0.0,0.0,0.0,0.0,0.0,0.0,0.0,0.0,0.0000,0,0,0,345.5736"
2026-05-24T16:41:53.084,14,IMU,19,Motor,1401901,"0.0,0.0,0.0,0.0,0.0,0.0,0.0,0.0,0.0,0.0,0.0,0.0,0.0000,0,0,0,345.5736"
2026-05-24T16:41:53.134,14,IMU,19,Motor,1401901,"0.0,0.0,0.0,0.0,0.0,0.0,0.0,0.0,0.0,0.0,0.0,0.0,0.0000,0,0,0,345.5736"
2026-05-24T16:41:53.185,14,IMU,19,Motor,1401901,"0.0,0.0,0.0,0.0,0.0,0.0,0.0,0.0,0.0,0.0,0.0,0.0,0.0000,0,0,0,345.5736"
2026-05-24T16:41:53.235,14,IMU,19,Motor,1401901,"0.0,0.0,0.0,0.0,0.0,0.0,0.0,0.0,0.0,0.0,0.0,0.0,0.0000,0,0,0,345.5736"
2026-05-24T16:41:53.285,14,IMU,19,Motor,1401901,"0.0,0.0,0.0,0.0,0.0,0.0,0.0,0.0,0.0,0.0,0.0,0.0,0.0000,0,0,0,345.5736"
2026-05-24T16:41:53.336,14,IMU,19,Motor,1401901,"0.0,0.0,0.0,0.0,0.0,0.0,0.0,0.0,0.0,0.0,0.0,0.0,0.0000,0,0,0,345.5736"
2026-05-24T16:41:53.386,14,IMU,19,Motor,1401901,"0.0,0.0,0.0,0.0,0.0,0.0,0.0,0.0,0.0,0.0,0.0,0.0,0.0000,0,0,0,345.5736"
2026-05-24T16:41:53.436,14,IMU,19,Motor,1401901,"0.0,0.0,0.0,0.0,0.0,0.0,0.0,0.0,0.0,0.0,0.0,0.0,0.0000,0,0,0,345.5736"
2026-05-24T16:41:53.487,14,IMU,19,Motor,1401901,"0.0,0.0,0.0,0.0,0.0,0.0,0.0,0.0,0.0,0.0,0.0,0.0,0.0000,0,0,0,345.5736"
2026-05-24T16:41:53.537,14,IMU,19,Motor,1401901,"0.0,0.0,0.0,0.0,0.0,0.0,0.0,0.0,0.0,0.0,0.0,0.0,0.0000,0,0,0,345.5736"
2026-05-24T16:41:53.587,14,IMU,19,Motor,1401901,"0.0,0.0,0.0,0.0,0.0,0.0,0.0,0.0,0.0,0.0,0.0,0.0,0.0000,0,0,0,345.5736"
2026-05-24T16:41:53.588,14,IMU,12,Comm,1401201,"0.0,0.0,0.0,0.0,0.0,0.0,0.0,0.0,0.0,0.0,0.0,0.0"
2026-05-24T16:41:53.638,14,IMU,19,Motor,1401901,"0.0,0.0,0.0,0.0,0.0,0.0,0.0,0.0,0.0,0.0,0.0,0.0,0.0000,0,0,0,345.5736"
2026-05-24T16:41:53.688,14,IMU,19,Motor,1401901,"0.0,0.0,0.0,0.0,0.0,0.0,0.0,0.0,0.0,0.0,0.0,0.0,0.0000,0,0,0,345.5736"
2026-05-24T16:41:53.738,14,IMU,19,Motor,1401901,"0.0,0.0,0.0,0.0,0.0,0.0,0.0,0.0,0.0,0.0,0.0,0.0,0.0000,0,0,0,345.5736"
2026-05-24T16:41:53.789,14,IMU,19,Motor,1401901,"0.0,0.0,0.0,0.0,0.0,0.0,0.0,0.0,0.0,0.0,0.0,0.0,0.0000,0,0,0,345.5736"
2026-05-24T16:41:53.839,14,IMU,19,Motor,1401901,"0.0,0.0,0.0,0.0,0.0,0.0,0.0,0.0,0.0,0.0,0.0,0.0,0.0000,0,0,0,345.5736"
2026-05-24T16:41:53.889,14,IMU,19,Motor,1401901,"0.0,0.0,0.0,0.0,0.0,0.0,0.0,0.0,0.0,0.0,0.0,0.0,0.0000,0,0,0,345.5736"
2026-05-24T16:41:53.939,14,IMU,19,Motor,1401901,"0.0,0.0,0.0,0.0,0.0,0.0,0.0,0.0,0.0,0.0,0.0,0.0,0.0000,0,0,0,345.5736"
2026-05-24T16:41:53.990,14,IMU,19,Motor,1401901,"0.0,0.0,0.0,0.0,0.0,0.0,0.0,0.0,0.0,0.0,0.0,0.0,0.0000,0,0,0,345.5736"
2026-05-24T16:41:54.040,14,IMU,19,Motor,1401901,"0.0,0.0,0.0,0.0,0.0,0.0,0.0,0.0,0.0,0.0,0.0,0.0,0.0000,0,0,0,345.5736"
2026-05-24T16:41:54.090,14,IMU,19,Motor,1401901,"0.0,0.0,0.0,0.0,0.0,0.0,0.0,0.0,0.0,0.0,0.0,0.0,0.0000,0,0,0,345.5736"
2026-05-24T16:41:54.141,14,IMU,19,Motor,1401901,"0.0,0.0,0.0,0.0,0.0,0.0,0.0,0.0,0.0,0.0,0.0,0.0,0.0000,0,0,0,345.5736"
2026-05-24T16:41:54.191,14,IMU,19,Motor,1401901,"0.0,0.0,0.0,0.0,0.0,0.0,0.0,0.0,0.0,0.0,0.0,0.0,0.0000,0,0,0,345.5736"
2026-05-24T16:41:54.241,14,IMU,19,Motor,1401901,"0.0,0.0,0.0,0.0,0.0,0.0,0.0,0.0,0.0,0.0,0.0,0.0,0.0000,0,0,0,345.5736"
2026-05-24T16:41:54.291,14,IMU,19,Motor,1401901,"0.0,0.0,0.0,0.0,0.0,0.0,0.0,0.0,0.0,0.0,0.0,0.0,0.0000,0,0,0,345.5736"
2026-05-24T16:41:54.342,14,IMU,19,Motor,1401901,"0.0,0.0,0.0,0.0,0.0,0.0,0.0,0.0,0.0,0.0,0.0,0.0,0.0000,0,0,0,345.5736"
2026-05-24T16:41:54.392,14,IMU,19,Motor,1401901,"0.0,0.0,0.0,0.0,0.0,0.0,0.0,0.0,0.0,0.0,0.0,0.0,0.0000,0,0,0,345.5736"
2026-05-24T16:41:54.442,14,IMU,19,Motor,1401901,"0.0,0.0,0.0,0.0,0.0,0.0,0.0,0.0,0.0,0.0,0.0,0.0,0.0000,0,0,0,345.5736"
2026-05-24T16:41:54.493,14,IMU,19,Motor,1401901,"0.0,0.0,0.0,0.0,0.0,0.0,0.0,0.0,0.0,0.0,0.0,0.0,0.0000,0,0,0,345.5736"
2026-05-24T16:41:54.544,14,IMU,19,Motor,1401901,"0.0,0.0,0.0,0.0,0.0,0.0,0.0,0.0,0.0,0.0,0.0,0.0,0.0000,0,0,0,345.5736"
2026-05-24T16:41:54.593,14,IMU,19,Motor,1401901,"0.0,0.0,0.0,0.0,0.0,0.0,0.0,0.0,0.0,0.0,0.0,0.0,0.0000,0,0,0,345.5736"
2026-05-24T16:41:54.594,14,IMU,12,Comm,1401201,"0.0,0.0,0.0,0.0,0.0,0.0,0.0,0.0,0.0,0.0,0.0,0.0"
2026-05-24T16:41:54.644,14,IMU,19,Motor,1401901,"0.0,0.0,0.0,0.0,0.0,0.0,0.0,0.0,0.0,0.0,0.0,0.0,0.0000,0,0,0,345.5736"
2026-05-24T16:41:54.694,14,IMU,19,Motor,1401901,"0.0,0.0,0.0,0.0,0.0,0.0,0.0,0.0,0.0,0.0,0.0,0.0,0.0000,0,0,0,345.5736"
2026-05-24T16:41:54.745,14,IMU,19,Motor,1401901,"0.0,0.0,0.0,0.0,0.0,0.0,0.0,0.0,0.0,0.0,0.0,0.0,0.0000,0,0,0,345.5736"
2026-05-24T16:41:54.795,14,IMU,19,Motor,1401901,"0.0,0.0,0.0,0.0,0.0,0.0,0.0,0.0,0.0,0.0,0.0,0.0,0.0000,0,0,0,345.5736"
2026-05-24T16:41:54.845,14,IMU,19,Motor,1401901,"0.0,0.0,0.0,0.0,0.0,0.0,0.0,0.0,0.0,0.0,0.0,0.0,0.0000,0,0,0,345.5736"
2026-05-24T16:41:54.895,14,IMU,19,Motor,1401901,"0.0,0.0,0.0,0.0,0.0,0.0,0.0,0.0,0.0,0.0,0.0,0.0,0.0000,0,0,0,345.5736"
2026-05-24T16:41:54.946,14,IMU,19,Motor,1401901,"0.0,0.0,0.0,0.0,0.0,0.0,0.0,0.0,0.0,0.0,0.0,0.0,0.0000,0,0,0,345.5736"
2026-05-24T16:41:54.996,14,IMU,19,Motor,1401901,"0.0,0.0,0.0,0.0,0.0,0.0,0.0,0.0,0.0,0.0,0.0,0.0,0.0000,0,0,0,345.5736"
2026-05-24T16:41:55.046,14,IMU,19,Motor,1401901,"0.0,0.0,0.0,0.0,0.0,0.0,0.0,0.0,0.0,0.0,0.0,0.0,0.0000,0,0,0,345.5736"
2026-05-24T16:41:55.097,14,IMU,19,Motor,1401901,"0.0,0.0,0.0,0.0,0.0,0.0,0.0,0.0,0.0,0.0,0.0,0.0,0.0000,0,0,0,345.5736"
2026-05-24T16:41:55.147,14,IMU,19,Motor,1401901,"0.0,0.0,0.0,0.0,0.0,0.0,0.0,0.0,0.0,0.0,0.0,0.0,0.0000,0,0,0,345.5736"
2026-05-24T16:41:55.197,14,IMU,19,Motor,1401901,"0.0,0.0,0.0,0.0,0.0,0.0,0.0,0.0,0.0,0.0,0.0,0.0,0.0000,0,0,0,345.5736"
2026-05-24T16:41:55.248,14,IMU,19,Motor,1401901,"0.0,0.0,0.0,0.0,0.0,0.0,0.0,0.0,0.0,0.0,0.0,0.0,0.0000,0,0,0,345.5736"
2026-05-24T16:41:55.298,14,IMU,19,Motor,1401901,"0.0,0.0,0.0,0.0,0.0,0.0,0.0,0.0,0.0,0.0,0.0,0.0,0.0000,0,0,0,345.5736"
2026-05-24T16:41:55.348,14,IMU,19,Motor,1401901,"0.0,0.0,0.0,0.0,0.0,0.0,0.0,0.0,0.0,0.0,0.0,0.0,0.0000,0,0,0,345.5736"
2026-05-24T16:41:55.399,14,IMU,19,Motor,1401901,"0.0,0.0,0.0,0.0,0.0,0.0,0.0,0.0,0.0,0.0,0.0,0.0,0.0000,0,0,0,345.5736"
2026-05-24T16:41:55.449,14,IMU,19,Motor,1401901,"0.0,0.0,0.0,0.0,0.0,0.0,0.0,0.0,0.0,0.0,0.0,0.0,0.0000,0,0,0,345.5736"
2026-05-24T16:41:55.499,14,IMU,19,Motor,1401901,"0.0,0.0,0.0,0.0,0.0,0.0,0.0,0.0,0.0,0.0,0.0,0.0,0.0000,0,0,0,345.5736"
2026-05-24T16:41:55.549,14,IMU,19,Motor,1401901,"0.0,0.0,0.0,0.0,0.0,0.0,0.0,0.0,0.0,0.0,0.0,0.0,0.0000,0,0,0,345.5736"
2026-05-24T16:41:55.600,14,IMU,19,Motor,1401901,"0.0,0.0,0.0,0.0,0.0,0.0,0.0,0.0,0.0,0.0,0.0,0.0,0.0000,0,0,0,345.5736"
2026-05-24T16:41:55.600,14,IMU,12,Comm,1401201,"0.0,0.0,0.0,0.0,0.0,0.0,0.0,0.0,0.0,0.0,0.0,0.0"
2026-05-24T16:41:55.650,14,IMU,19,Motor,1401901,"0.0,0.0,0.0,0.0,0.0,0.0,0.0,0.0,0.0,0.0,0.0,0.0,0.0000,0,0,0,345.5736"
2026-05-24T16:41:55.701,14,IMU,19,Motor,1401901,"0.0,0.0,0.0,0.0,0.0,0.0,0.0,0.0,0.0,0.0,0.0,0.0,0.0000,0,0,0,345.5736"
2026-05-24T16:41:55.751,14,IMU,19,Motor,1401901,"0.0,0.0,0.0,0.0,0.0,0.0,0.0,0.0,0.0,0.0,0.0,0.0,0.0000,0,0,0,345.5736"
2026-05-24T16:41:55.801,14,IMU,19,Motor,1401901,"0.0,0.0,0.0,0.0,0.0,0.0,0.0,0.0,0.0,0.0,0.0,0.0,0.0000,0,0,0,345.5736"
2026-05-24T16:41:55.851,14,IMU,19,Motor,1401901,"0.0,0.0,0.0,0.0,0.0,0.0,0.0,0.0,0.0,0.0,0.0,0.0,0.0000,0,0,0,345.5736"
2026-05-24T16:41:55.902,14,IMU,19,Motor,1401901,"0.0,0.0,0.0,0.0,0.0,0.0,0.0,0.0,0.0,0.0,0.0,0.0,0.0000,0,0,0,345.5736"
2026-05-24T16:41:55.952,14,IMU,19,Motor,1401901,"0.0,0.0,0.0,0.0,0.0,0.0,0.0,0.0,0.0,0.0,0.0,0.0,0.0000,0,0,0,345.5736"
2026-05-24T16:41:56.002,14,IMU,19,Motor,1401901,"0.0,0.0,0.0,0.0,0.0,0.0,0.0,0.0,0.0,0.0,0.0,0.0,0.0000,0,0,0,345.5736"
2026-05-24T16:41:56.053,14,IMU,19,Motor,1401901,"0.0,0.0,0.0,0.0,0.0,0.0,0.0,0.0,0.0,0.0,0.0,0.0,0.0000,0,0,0,345.5736"
2026-05-24T16:41:56.103,14,IMU,19,Motor,1401901,"0.0,0.0,0.0,0.0,0.0,0.0,0.0,0.0,0.0,0.0,0.0,0.0,0.0000,0,0,0,345.5736"
2026-05-24T16:41:56.153,14,IMU,19,Motor,1401901,"0.0,0.0,0.0,0.0,0.0,0.0,0.0,0.0,0.0,0.0,0.0,0.0,0.0000,0,0,0,345.5736"
2026-05-24T16:41:56.204,14,IMU,19,Motor,1401901,"0.0,0.0,0.0,0.0,0.0,0.0,0.0,0.0,0.0,0.0,0.0,0.0,0.0000,0,0,0,345.5736"
2026-05-24T16:41:56.254,14,IMU,19,Motor,1401901,"0.0,0.0,0.0,0.0,0.0,0.0,0.0,0.0,0.0,0.0,0.0,0.0,0.0000,0,0,0,345.5736"
2026-05-24T16:41:56.304,14,IMU,19,Motor,1401901,"0.0,0.0,0.0,0.0,0.0,0.0,0.0,0.0,0.0,0.0,0.0,0.0,0.0000,0,0,0,345.5736"
2026-05-24T16:41:56.354,14,IMU,19,Motor,1401901,"0.0,0.0,0.0,0.0,0.0,0.0,0.0,0.0,0.0,0.0,0.0,0.0,0.0000,0,0,0,345.5736"
2026-05-24T16:41:56.405,14,IMU,19,Motor,1401901,"0.0,0.0,0.0,0.0,0.0,0.0,0.0,0.0,0.0,0.0,0.0,0.0,0.0000,0,0,0,345.5736"
2026-05-24T16:41:56.455,14,IMU,19,Motor,1401901,"0.0,0.0,0.0,0.0,0.0,0.0,0.0,0.0,0.0,0.0,0.0,0.0,0.0000,0,0,0,345.5736"
2026-05-24T16:41:56.505,14,IMU,19,Motor,1401901,"0.0,0.0,0.0,0.0,0.0,0.0,0.0,0.0,0.0,0.0,0.0,0.0,0.0000,0,0,0,345.5736"
2026-05-24T16:41:56.556,14,IMU,19,Motor,1401901,"0.0,0.0,0.0,0.0,0.0,0.0,0.0,0.0,0.0,0.0,0.0,0.0,0.0000,0,0,0,345.5736"
2026-05-24T16:41:56.606,14,IMU,19,Motor,1401901,"0.0,0.0,0.0,0.0,0.0,0.0,0.0,0.0,0.0,0.0,0.0,0.0,0.0000,0,0,0,345.5736"
2026-05-24T16:41:56.607,14,IMU,12,Comm,1401201,"0.0,0.0,0.0,0.0,0.0,0.0,0.0,0.0,0.0,0.0,0.0,0.0"
2026-05-24T16:41:56.656,14,IMU,19,Motor,1401901,"0.0,0.0,0.0,0.0,0.0,0.0,0.0,0.0,0.0,0.0,0.0,0.0,0.0000,0,0,0,345.5736"
2026-05-24T16:41:56.707,14,IMU,19,Motor,1401901,"0.0,0.0,0.0,0.0,0.0,0.0,0.0,0.0,0.0,0.0,0.0,0.0,0.0000,0,0,0,345.5736"
2026-05-24T16:41:56.757,14,IMU,19,Motor,1401901,"0.0,0.0,0.0,0.0,0.0,0.0,0.0,0.0,0.0,0.0,0.0,0.0,0.0000,0,0,0,345.5736"
2026-05-24T16:41:56.807,14,IMU,19,Motor,1401901,"0.0,0.0,0.0,0.0,0.0,0.0,0.0,0.0,0.0,0.0,0.0,0.0,0.0000,0,0,0,345.5736"
2026-05-24T16:41:56.858,14,IMU,19,Motor,1401901,"0.0,0.0,0.0,0.0,0.0,0.0,0.0,0.0,0.0,0.0,0.0,0.0,0.0000,0,0,0,345.5736"
2026-05-24T16:41:56.908,14,IMU,19,Motor,1401901,"0.0,0.0,0.0,0.0,0.0,0.0,0.0,0.0,0.0,0.0,0.0,0.0,0.0000,0,0,0,345.5736"
2026-05-24T16:41:56.958,14,IMU,19,Motor,1401901,"0.0,0.0,0.0,0.0,0.0,0.0,0.0,0.0,0.0,0.0,0.0,0.0,0.0000,0,0,0,345.5736"
2026-05-24T16:41:57.009,14,IMU,19,Motor,1401901,"0.0,0.0,0.0,0.0,0.0,0.0,0.0,0.0,0.0,0.0,0.0,0.0,0.0000,0,0,0,345.5736"
2026-05-24T16:41:57.059,14,IMU,19,Motor,1401901,"0.0,0.0,0.0,0.0,0.0,0.0,0.0,0.0,0.0,0.0,0.0,0.0,0.0000,0,0,0,345.5736"
2026-05-24T16:41:57.109,14,IMU,19,Motor,1401901,"0.0,0.0,0.0,0.0,0.0,0.0,0.0,0.0,0.0,0.0,0.0,0.0,0.0000,0,0,0,345.5736"
2026-05-24T16:41:57.160,14,IMU,19,Motor,1401901,"0.0,0.0,0.0,0.0,0.0,0.0,0.0,0.0,0.0,0.0,0.0,0.0,0.0000,0,0,0,345.5736"
2026-05-24T16:41:57.210,14,IMU,19,Motor,1401901,"0.0,0.0,0.0,0.0,0.0,0.0,0.0,0.0,0.0,0.0,0.0,0.0,0.0000,0,0,0,345.5736"
2026-05-24T16:41:57.260,14,IMU,19,Motor,1401901,"0.0,0.0,0.0,0.0,0.0,0.0,0.0,0.0,0.0,0.0,0.0,0.0,0.0000,0,0,0,345.5736"
2026-05-24T16:41:57.311,14,IMU,19,Motor,1401901,"0.0,0.0,0.0,0.0,0.0,0.0,0.0,0.0,0.0,0.0,0.0,0.0,0.0000,0,0,0,345.5736"
2026-05-24T16:41:57.361,14,IMU,19,Motor,1401901,"0.0,0.0,0.0,0.0,0.0,0.0,0.0,0.0,0.0,0.0,0.0,0.0,0.0000,0,0,0,345.5736"
2026-05-24T16:41:57.411,14,IMU,19,Motor,1401901,"0.0,0.0,0.0,0.0,0.0,0.0,0.0,0.0,0.0,0.0,0.0,0.0,0.0000,0,0,0,345.5736"
2026-05-24T16:41:57.461,14,IMU,19,Motor,1401901,"0.0,0.0,0.0,0.0,0.0,0.0,0.0,0.0,0.0,0.0,0.0,0.0,0.0000,0,0,0,345.5736"
2026-05-24T16:41:57.512,14,IMU,19,Motor,1401901,"0.0,0.0,0.0,0.0,0.0,0.0,0.0,0.0,0.0,0.0,0.0,0.0,0.0000,0,0,0,345.5736"
2026-05-24T16:41:57.562,14,IMU,19,Motor,1401901,"0.0,0.0,0.0,0.0,0.0,0.0,0.0,0.0,0.0,0.0,0.0,0.0,0.0000,0,0,0,345.5736"
2026-05-24T16:41:57.612,14,IMU,19,Motor,1401901,"0.0,0.0,0.0,0.0,0.0,0.0,0.0,0.0,0.0,0.0,0.0,0.0,0.0000,0,0,0,345.5736"
2026-05-24T16:41:57.613,14,IMU,12,Comm,1401201,"0.0,0.0,0.0,0.0,0.0,0.0,0.0,0.0,0.0,0.0,0.0,0.0"
2026-05-24T16:41:57.663,14,IMU,19,Motor,1401901,"0.0,0.0,0.0,0.0,0.0,0.0,0.0,0.0,0.0,0.0,0.0,0.0,0.0000,0,0,0,345.5736"
2026-05-24T16:41:57.713,14,IMU,19,Motor,1401901,"0.0,0.0,0.0,0.0,0.0,0.0,0.0,0.0,0.0,0.0,0.0,0.0,0.0000,0,0,0,345.5736"
2026-05-24T16:41:57.763,14,IMU,19,Motor,1401901,"0.0,0.0,0.0,0.0,0.0,0.0,0.0,0.0,0.0,0.0,0.0,0.0,0.0000,0,0,0,345.5736"
2026-05-24T16:41:57.814,14,IMU,19,Motor,1401901,"0.0,0.0,0.0,0.0,0.0,0.0,0.0,0.0,0.0,0.0,0.0,0.0,0.0000,0,0,0,345.5736"
2026-05-24T16:41:57.864,14,IMU,19,Motor,1401901,"0.0,0.0,0.0,0.0,0.0,0.0,0.0,0.0,0.0,0.0,0.0,0.0,0.0000,0,0,0,345.5736"
2026-05-24T16:41:57.914,14,IMU,19,Motor,1401901,"0.0,0.0,0.0,0.0,0.0,0.0,0.0,0.0,0.0,0.0,0.0,0.0,0.0000,0,0,0,345.5736"
2026-05-24T16:41:57.965,14,IMU,19,Motor,1401901,"0.0,0.0,0.0,0.0,0.0,0.0,0.0,0.0,0.0,0.0,0.0,0.0,0.0000,0,0,0,345.5736"
2026-05-24T16:41:58.015,14,IMU,19,Motor,1401901,"0.0,0.0,0.0,0.0,0.0,0.0,0.0,0.0,0.0,0.0,0.0,0.0,0.0000,0,0,0,345.5736"
2026-05-24T16:41:58.065,14,IMU,19,Motor,1401901,"0.0,0.0,0.0,0.0,0.0,0.0,0.0,0.0,0.0,0.0,0.0,0.0,0.0000,0,0,0,345.5736"
2026-05-24T16:41:58.116,14,IMU,19,Motor,1401901,"0.0,0.0,0.0,0.0,0.0,0.0,0.0,0.0,0.0,0.0,0.0,0.0,0.0000,0,0,0,345.5736"
2026-05-24T16:41:58.166,14,IMU,19,Motor,1401901,"0.0,0.0,0.0,0.0,0.0,0.0,0.0,0.0,0.0,0.0,0.0,0.0,0.0000,0,0,0,345.5736"
2026-05-24T16:41:58.216,14,IMU,19,Motor,1401901,"0.0,0.0,0.0,0.0,0.0,0.0,0.0,0.0,0.0,0.0,0.0,0.0,0.0000,0,0,0,345.5736"
2026-05-24T16:41:58.267,14,IMU,19,Motor,1401901,"0.0,0.0,0.0,0.0,0.0,0.0,0.0,0.0,0.0,0.0,0.0,0.0,0.0000,0,0,0,345.5736"
2026-05-24T16:41:58.317,14,IMU,19,Motor,1401901,"0.0,0.0,0.0,0.0,0.0,0.0,0.0,0.0,0.0,0.0,0.0,0.0,0.0000,0,0,0,345.5736"
2026-05-24T16:41:58.367,14,IMU,19,Motor,1401901,"0.0,0.0,0.0,0.0,0.0,0.0,0.0,0.0,0.0,0.0,0.0,0.0,0.0000,0,0,0,345.5736"
2026-05-24T16:41:58.418,14,IMU,19,Motor,1401901,"0.0,0.0,0.0,0.0,0.0,0.0,0.0,0.0,0.0,0.0,0.0,0.0,0.0000,0,0,0,345.5736"
2026-05-24T16:41:58.468,14,IMU,19,Motor,1401901,"0.0,0.0,0.0,0.0,0.0,0.0,0.0,0.0,0.0,0.0,0.0,0.0,0.0000,0,0,0,345.5736"
2026-05-24T16:41:58.518,14,IMU,19,Motor,1401901,"0.0,0.0,0.0,0.0,0.0,0.0,0.0,0.0,0.0,0.0,0.0,0.0,0.0000,0,0,0,345.5736"
2026-05-24T16:41:58.569,14,IMU,19,Motor,1401901,"0.0,0.0,0.0,0.0,0.0,0.0,0.0,0.0,0.0,0.0,0.0,0.0,0.0000,0,0,0,345.5736"
2026-05-24T16:41:58.619,14,IMU,19,Motor,1401901,"0.0,0.0,0.0,0.0,0.0,0.0,0.0,0.0,0.0,0.0,0.0,0.0,0.0000,0,0,0,345.5736"
2026-05-24T16:41:58.620,14,IMU,12,Comm,1401201,"0.0,0.0,0.0,0.0,0.0,0.0,0.0,0.0,0.0,0.0,0.0,0.0"
2026-05-24T16:41:58.669,14,IMU,19,Motor,1401901,"0.0,0.0,0.0,0.0,0.0,0.0,0.0,0.0,0.0,0.0,0.0,0.0,0.0000,0,0,0,345.5736"
2026-05-24T16:41:58.720,14,IMU,19,Motor,1401901,"0.0,0.0,0.0,0.0,0.0,0.0,0.0,0.0,0.0,0.0,0.0,0.0,0.0000,0,0,0,345.5736"
2026-05-24T16:41:58.770,14,IMU,19,Motor,1401901,"0.0,0.0,0.0,0.0,0.0,0.0,0.0,0.0,0.0,0.0,0.0,0.0,0.0000,0,0,0,345.5736"
2026-05-24T16:41:58.820,14,IMU,19,Motor,1401901,"0.0,0.0,0.0,0.0,0.0,0.0,0.0,0.0,0.0,0.0,0.0,0.0,0.0000,0,0,0,345.5736"
2026-05-24T16:41:58.871,14,IMU,19,Motor,1401901,"0.0,0.0,0.0,0.0,0.0,0.0,0.0,0.0,0.0,0.0,0.0,0.0,0.0000,0,0,0,345.5736"
2026-05-24T16:41:58.921,14,IMU,19,Motor,1401901,"0.0,0.0,0.0,0.0,0.0,0.0,0.0,0.0,0.0,0.0,0.0,0.0,0.0000,0,0,0,345.5736"
2026-05-24T16:41:58.971,14,IMU,19,Motor,1401901,"0.0,0.0,0.0,0.0,0.0,0.0,0.0,0.0,0.0,0.0,0.0,0.0,0.0000,0,0,0,345.5736"
2026-05-24T16:41:59.021,14,IMU,19,Motor,1401901,"0.0,0.0,0.0,0.0,0.0,0.0,0.0,0.0,0.0,0.0,0.0,0.0,0.0000,0,0,0,345.5736"
2026-05-24T16:41:59.072,14,IMU,19,Motor,1401901,"0.0,0.0,0.0,0.0,0.0,0.0,0.0,0.0,0.0,0.0,0.0,0.0,0.0000,0,0,0,345.5736"
2026-05-24T16:41:59.122,14,IMU,19,Motor,1401901,"0.0,0.0,0.0,0.0,0.0,0.0,0.0,0.0,0.0,0.0,0.0,0.0,0.0000,0,0,0,345.5736"
2026-05-24T16:41:59.172,14,IMU,19,Motor,1401901,"0.0,0.0,0.0,0.0,0.0,0.0,0.0,0.0,0.0,0.0,0.0,0.0,0.0000,0,0,0,345.5736"
2026-05-24T16:41:59.223,14,IMU,19,Motor,1401901,"0.0,0.0,0.0,0.0,0.0,0.0,0.0,0.0,0.0,0.0,0.0,0.0,0.0000,0,0,0,345.5736"
2026-05-24T16:41:59.273,14,IMU,19,Motor,1401901,"0.0,0.0,0.0,0.0,0.0,0.0,0.0,0.0,0.0,0.0,0.0,0.0,0.0000,0,0,0,345.5736"
2026-05-24T16:41:59.323,14,IMU,19,Motor,1401901,"0.0,0.0,0.0,0.0,0.0,0.0,0.0,0.0,0.0,0.0,0.0,0.0,0.0000,0,0,0,345.5736"
2026-05-24T16:41:59.374,14,IMU,19,Motor,1401901,"0.0,0.0,0.0,0.0,0.0,0.0,0.0,0.0,0.0,0.0,0.0,0.0,0.0000,0,0,0,345.5736"
2026-05-24T16:41:59.424,14,IMU,19,Motor,1401901,"0.0,0.0,0.0,0.0,0.0,0.0,0.0,0.0,0.0,0.0,0.0,0.0,0.0000,0,0,0,345.5736"
2026-05-24T16:41:59.474,14,IMU,19,Motor,1401901,"0.0,0.0,0.0,0.0,0.0,0.0,0.0,0.0,0.0,0.0,0.0,0.0,0.0000,0,0,0,345.5736"
2026-05-24T16:41:59.525,14,IMU,19,Motor,1401901,"0.0,0.0,0.0,0.0,0.0,0.0,0.0,0.0,0.0,0.0,0.0,0.0,0.0000,0,0,0,345.5736"
2026-05-24T16:41:59.575,14,IMU,19,Motor,1401901,"0.0,0.0,0.0,0.0,0.0,0.0,0.0,0.0,0.0,0.0,0.0,0.0,0.0000,0,0,0,345.5736"
2026-05-24T16:41:59.625,14,IMU,19,Motor,1401901,"0.0,0.0,0.0,0.0,0.0,0.0,0.0,0.0,0.0,0.0,0.0,0.0,0.0000,0,0,0,345.5736"
2026-05-24T16:41:59.626,14,IMU,12,Comm,1401201,"0.0,0.0,0.0,0.0,0.0,0.0,0.0,0.0,0.0,0.0,0.0,0.0"
2026-05-24T16:41:59.676,14,IMU,19,Motor,1401901,"0.0,0.0,0.0,0.0,0.0,0.0,0.0,0.0,0.0,0.0,0.0,0.0,0.0000,0,0,0,345.5736"
2026-05-24T16:41:59.726,14,IMU,19,Motor,1401901,"0.0,0.0,0.0,0.0,0.0,0.0,0.0,0.0,0.0,0.0,0.0,0.0,0.0000,0,0,0,345.5736"
2026-05-24T16:41:59.776,14,IMU,19,Motor,1401901,"0.0,0.0,0.0,0.0,0.0,0.0,0.0,0.0,0.0,0.0,0.0,0.0,0.0000,0,0,0,345.5736"
2026-05-24T16:41:59.827,14,IMU,19,Motor,1401901,"0.0,0.0,0.0,0.0,0.0,0.0,0.0,0.0,0.0,0.0,0.0,0.0,0.0000,0,0,0,345.5736"
2026-05-24T16:41:59.877,14,IMU,19,Motor,1401901,"0.0,0.0,0.0,0.0,0.0,0.0,0.0,0.0,0.0,0.0,0.0,0.0,0.0000,0,0,0,345.5736"
2026-05-24T16:41:59.927,14,IMU,19,Motor,1401901,"0.0,0.0,0.0,0.0,0.0,0.0,0.0,0.0,0.0,0.0,0.0,0.0,0.0000,0,0,0,345.5736"
2026-05-24T16:41:59.978,14,IMU,19,Motor,1401901,"0.0,0.0,0.0,0.0,0.0,0.0,0.0,0.0,0.0,0.0,0.0,0.0,0.0000,0,0,0,345.5736"
2026-05-24T16:42:00.028,14,IMU,19,Motor,1401901,"0.0,0.0,0.0,0.0,0.0,0.0,0.0,0.0,0.0,0.0,0.0,0.0,0.0000,0,0,0,345.5736"
2026-05-24T16:42:00.078,14,IMU,19,Motor,1401901,"0.0,0.0,0.0,0.0,0.0,0.0,0.0,0.0,0.0,0.0,0.0,0.0,0.0000,0,0,0,345.5736"
2026-05-24T16:42:00.128,14,IMU,19,Motor,1401901,"0.0,0.0,0.0,0.0,0.0,0.0,0.0,0.0,0.0,0.0,0.0,0.0,0.0000,0,0,0,345.5736"
2026-05-24T16:42:00.179,14,IMU,19,Motor,1401901,"0.0,0.0,0.0,0.0,0.0,0.0,0.0,0.0,0.0,0.0,0.0,0.0,0.0000,0,0,0,345.5736"
2026-05-24T16:42:00.229,14,IMU,19,Motor,1401901,"0.0,0.0,0.0,0.0,0.0,0.0,0.0,0.0,0.0,0.0,0.0,0.0,0.0000,0,0,0,345.5736"
2026-05-24T16:42:00.279,14,IMU,19,Motor,1401901,"0.0,0.0,0.0,0.0,0.0,0.0,0.0,0.0,0.0,0.0,0.0,0.0,0.0000,0,0,0,345.5736"
2026-05-24T16:42:00.330,14,IMU,19,Motor,1401901,"0.0,0.0,0.0,0.0,0.0,0.0,0.0,0.0,0.0,0.0,0.0,0.0,0.0000,0,0,0,345.5736"
2026-05-24T16:42:00.380,14,IMU,19,Motor,1401901,"0.0,0.0,0.0,0.0,0.0,0.0,0.0,0.0,0.0,0.0,0.0,0.0,0.0000,0,0,0,345.5736"
2026-05-24T16:42:00.430,14,IMU,19,Motor,1401901,"0.0,0.0,0.0,0.0,0.0,0.0,0.0,0.0,0.0,0.0,0.0,0.0,0.0000,0,0,0,345.5736"
2026-05-24T16:42:00.481,14,IMU,19,Motor,1401901,"0.0,0.0,0.0,0.0,0.0,0.0,0.0,0.0,0.0,0.0,0.0,0.0,0.0000,0,0,0,345.5736"
2026-05-24T16:42:00.531,14,IMU,19,Motor,1401901,"0.0,0.0,0.0,0.0,0.0,0.0,0.0,0.0,0.0,0.0,0.0,0.0,0.0000,0,0,0,345.5736"
2026-05-24T16:42:00.581,14,IMU,19,Motor,1401901,"0.0,0.0,0.0,0.0,0.0,0.0,0.0,0.0,0.0,0.0,0.0,0.0,0.0000,0,0,0,345.5736"
2026-05-24T16:42:00.632,14,IMU,19,Motor,1401901,"0.0,0.0,0.0,0.0,0.0,0.0,0.0,0.0,0.0,0.0,0.0,0.0,0.0000,0,0,0,345.5736"
2026-05-24T16:42:00.632,14,IMU,12,Comm,1401201,"0.0,0.0,0.0,0.0,0.0,0.0,0.0,0.0,0.0,0.0,0.0,0.0"
2026-05-24T16:42:00.682,14,IMU,19,Motor,1401901,"0.0,0.0,0.0,0.0,0.0,0.0,0.0,0.0,0.0,0.0,0.0,0.0,0.0000,0,0,0,345.5736"
2026-05-24T16:42:00.732,14,IMU,19,Motor,1401901,"0.0,0.0,0.0,0.0,0.0,0.0,0.0,0.0,0.0,0.0,0.0,0.0,0.0000,0,0,0,345.5736"
2026-05-24T16:42:00.783,14,IMU,19,Motor,1401901,"0.0,0.0,0.0,0.0,0.0,0.0,0.0,0.0,0.0,0.0,0.0,0.0,0.0000,0,0,0,345.5736"
2026-05-24T16:42:00.833,14,IMU,19,Motor,1401901,"0.0,0.0,0.0,0.0,0.0,0.0,0.0,0.0,0.0,0.0,0.0,0.0,0.0000,0,0,0,345.5736"
2026-05-24T16:42:00.883,14,IMU,19,Motor,1401901,"0.0,0.0,0.0,0.0,0.0,0.0,0.0,0.0,0.0,0.0,0.0,0.0,0.0000,0,0,0,345.5736"
2026-05-24T16:42:00.934,14,IMU,19,Motor,1401901,"0.0,0.0,0.0,0.0,0.0,0.0,0.0,0.0,0.0,0.0,0.0,0.0,0.0000,0,0,0,345.5736"
2026-05-24T16:42:00.984,14,IMU,19,Motor,1401901,"0.0,0.0,0.0,0.0,0.0,0.0,0.0,0.0,0.0,0.0,0.0,0.0,0.0000,0,0,0,345.5736"
2026-05-24T16:42:01.034,14,IMU,19,Motor,1401901,"0.0,0.0,0.0,0.0,0.0,0.0,0.0,0.0,0.0,0.0,0.0,0.0,0.0000,0,0,0,345.5736"
2026-05-24T16:42:01.084,14,IMU,19,Motor,1401901,"0.0,0.0,0.0,0.0,0.0,0.0,0.0,0.0,0.0,0.0,0.0,0.0,0.0000,0,0,0,345.5736"
2026-05-24T16:42:01.135,14,IMU,19,Motor,1401901,"0.0,0.0,0.0,0.0,0.0,0.0,0.0,0.0,0.0,0.0,0.0,0.0,0.0000,0,0,0,345.5736"
2026-05-24T16:42:01.185,14,IMU,19,Motor,1401901,"0.0,0.0,0.0,0.0,0.0,0.0,0.0,0.0,0.0,0.0,0.0,0.0,0.0000,0,0,0,345.5736"
2026-05-24T16:42:01.236,14,IMU,19,Motor,1401901,"0.0,0.0,0.0,0.0,0.0,0.0,0.0,0.0,0.0,0.0,0.0,0.0,0.0000,0,0,0,345.5736"
2026-05-24T16:42:01.286,14,IMU,19,Motor,1401901,"0.0,0.0,0.0,0.0,0.0,0.0,0.0,0.0,0.0,0.0,0.0,0.0,0.0000,0,0,0,345.5736"
2026-05-24T16:42:01.336,14,IMU,19,Motor,1401901,"0.0,0.0,0.0,0.0,0.0,0.0,0.0,0.0,0.0,0.0,0.0,0.0,0.0000,0,0,0,345.5736"
2026-05-24T16:42:01.386,14,IMU,19,Motor,1401901,"0.0,0.0,0.0,0.0,0.0,0.0,0.0,0.0,0.0,0.0,0.0,0.0,0.0000,0,0,0,345.5736"
2026-05-24T16:42:01.437,14,IMU,19,Motor,1401901,"0.0,0.0,0.0,0.0,0.0,0.0,0.0,0.0,0.0,0.0,0.0,0.0,0.0000,0,0,0,345.5736"
2026-05-24T16:42:01.487,14,IMU,19,Motor,1401901,"0.0,0.0,0.0,0.0,0.0,0.0,0.0,0.0,0.0,0.0,0.0,0.0,0.0000,0,0,0,345.5736"
2026-05-24T16:42:01.537,14,IMU,19,Motor,1401901,"0.0,0.0,0.0,0.0,0.0,0.0,0.0,0.0,0.0,0.0,0.0,0.0,0.0000,0,0,0,345.5736"
2026-05-24T16:42:01.588,14,IMU,19,Motor,1401901,"0.0,0.0,0.0,0.0,0.0,0.0,0.0,0.0,0.0,0.0,0.0,0.0,0.0000,0,0,0,345.5736"
2026-05-24T16:42:01.638,14,IMU,19,Motor,1401901,"0.0,0.0,0.0,0.0,0.0,0.0,0.0,0.0,0.0,0.0,0.0,0.0,0.0000,0,0,0,345.5736"
2026-05-24T16:42:01.639,14,IMU,12,Comm,1401201,"0.0,0.0,0.0,0.0,0.0,0.0,0.0,0.0,0.0,0.0,0.0,0.0"
2026-05-24T16:42:01.688,14,IMU,19,Motor,1401901,"0.0,0.0,0.0,0.0,0.0,0.0,0.0,0.0,0.0,0.0,0.0,0.0,0.0000,0,0,0,345.5736"
2026-05-24T16:42:01.739,14,IMU,19,Motor,1401901,"0.0,0.0,0.0,0.0,0.0,0.0,0.0,0.0,0.0,0.0,0.0,0.0,0.0000,0,0,0,345.5736"
2026-05-24T16:42:01.789,14,IMU,19,Motor,1401901,"0.0,0.0,0.0,0.0,0.0,0.0,0.0,0.0,0.0,0.0,0.0,0.0,0.0000,0,0,0,345.5736"
2026-05-24T16:42:01.839,14,IMU,19,Motor,1401901,"0.0,0.0,0.0,0.0,0.0,0.0,0.0,0.0,0.0,0.0,0.0,0.0,0.0000,0,0,0,345.5736"
2026-05-24T16:42:01.890,14,IMU,19,Motor,1401901,"0.0,0.0,0.0,0.0,0.0,0.0,0.0,0.0,0.0,0.0,0.0,0.0,0.0000,0,0,0,345.5736"
2026-05-24T16:42:01.940,14,IMU,19,Motor,1401901,"0.0,0.0,0.0,0.0,0.0,0.0,0.0,0.0,0.0,0.0,0.0,0.0,0.0000,0,0,0,345.5736"
2026-05-24T16:42:01.990,14,IMU,19,Motor,1401901,"0.0,0.0,0.0,0.0,0.0,0.0,0.0,0.0,0.0,0.0,0.0,0.0,0.0000,0,0,0,345.5736"
2026-05-24T16:42:02.041,14,IMU,19,Motor,1401901,"0.0,0.0,0.0,0.0,0.0,0.0,0.0,0.0,0.0,0.0,0.0,0.0,0.0000,0,0,0,345.5736"
2026-05-24T16:42:02.091,14,IMU,19,Motor,1401901,"0.0,0.0,0.0,0.0,0.0,0.0,0.0,0.0,0.0,0.0,0.0,0.0,0.0000,0,0,0,345.5736"
2026-05-24T16:42:02.141,14,IMU,19,Motor,1401901,"0.0,0.0,0.0,0.0,0.0,0.0,0.0,0.0,0.0,0.0,0.0,0.0,0.0000,0,0,0,345.5736"
2026-05-24T16:42:02.191,14,IMU,19,Motor,1401901,"0.0,0.0,0.0,0.0,0.0,0.0,0.0,0.0,0.0,0.0,0.0,0.0,0.0000,0,0,0,345.5736"
2026-05-24T16:42:02.242,14,IMU,19,Motor,1401901,"0.0,0.0,0.0,0.0,0.0,0.0,0.0,0.0,0.0,0.0,0.0,0.0,0.0000,0,0,0,345.5736"
2026-05-24T16:42:02.292,14,IMU,19,Motor,1401901,"0.0,0.0,0.0,0.0,0.0,0.0,0.0,0.0,0.0,0.0,0.0,0.0,0.0000,0,0,0,345.5736"
2026-05-24T16:42:02.342,14,IMU,19,Motor,1401901,"0.0,0.0,0.0,0.0,0.0,0.0,0.0,0.0,0.0,0.0,0.0,0.0,0.0000,0,0,0,345.5736"
2026-05-24T16:42:02.393,14,IMU,19,Motor,1401901,"0.0,0.0,0.0,0.0,0.0,0.0,0.0,0.0,0.0,0.0,0.0,0.0,0.0000,0,0,0,345.5736"
2026-05-24T16:42:02.443,14,IMU,19,Motor,1401901,"0.0,0.0,0.0,0.0,0.0,0.0,0.0,0.0,0.0,0.0,0.0,0.0,0.0000,0,0,0,345.5736"
2026-05-24T16:42:02.493,14,IMU,19,Motor,1401901,"0.0,0.0,0.0,0.0,0.0,0.0,0.0,0.0,0.0,0.0,0.0,0.0,0.0000,0,0,0,345.5736"
2026-05-24T16:42:02.544,14,IMU,19,Motor,1401901,"0.0,0.0,0.0,0.0,0.0,0.0,0.0,0.0,0.0,0.0,0.0,0.0,0.0000,0,0,0,345.5736"
2026-05-24T16:42:02.594,14,IMU,19,Motor,1401901,"0.0,0.0,0.0,0.0,0.0,0.0,0.0,0.0,0.0,0.0,0.0,0.0,0.0000,0,0,0,345.5736"
2026-05-24T16:42:02.645,14,IMU,19,Motor,1401901,"0.0,0.0,0.0,0.0,0.0,0.0,0.0,0.0,0.0,0.0,0.0,0.0,0.0000,0,0,0,345.5736"
2026-05-24T16:42:02.645,14,IMU,12,Comm,1401201,"0.0,0.0,0.0,0.0,0.0,0.0,0.0,0.0,0.0,0.0,0.0,0.0"
2026-05-24T16:42:02.695,14,IMU,19,Motor,1401901,"0.0,0.0,0.0,0.0,0.0,0.0,0.0,0.0,0.0,0.0,0.0,0.0,0.0000,0,0,0,345.5736"
2026-05-24T16:42:02.745,14,IMU,19,Motor,1401901,"0.0,0.0,0.0,0.0,0.0,0.0,0.0,0.0,0.0,0.0,0.0,0.0,0.0000,0,0,0,345.5736"
2026-05-24T16:42:02.795,14,IMU,19,Motor,1401901,"0.0,0.0,0.0,0.0,0.0,0.0,0.0,0.0,0.0,0.0,0.0,0.0,0.0000,0,0,0,345.5736"
2026-05-24T16:42:02.846,14,IMU,19,Motor,1401901,"0.0,0.0,0.0,0.0,0.0,0.0,0.0,0.0,0.0,0.0,0.0,0.0,0.0000,0,0,0,345.5736"
2026-05-24T16:42:02.896,14,IMU,19,Motor,1401901,"0.0,0.0,0.0,0.0,0.0,0.0,0.0,0.0,0.0,0.0,0.0,0.0,0.0000,0,0,0,345.5736"
2026-05-24T16:42:02.946,14,IMU,19,Motor,1401901,"0.0,0.0,0.0,0.0,0.0,0.0,0.0,0.0,0.0,0.0,0.0,0.0,0.0000,0,0,0,345.5736"
2026-05-24T16:42:02.997,14,IMU,19,Motor,1401901,"0.0,0.0,0.0,0.0,0.0,0.0,0.0,0.0,0.0,0.0,0.0,0.0,0.0000,0,0,0,345.5736"
2026-05-24T16:42:03.047,14,IMU,19,Motor,1401901,"0.0,0.0,0.0,0.0,0.0,0.0,0.0,0.0,0.0,0.0,0.0,0.0,0.0000,0,0,0,345.5736"
2026-05-24T16:42:03.097,14,IMU,19,Motor,1401901,"0.0,0.0,0.0,0.0,0.0,0.0,0.0,0.0,0.0,0.0,0.0,0.0,0.0000,0,0,0,345.5736"
2026-05-24T16:42:03.147,14,IMU,19,Motor,1401901,"0.0,0.0,0.0,0.0,0.0,0.0,0.0,0.0,0.0,0.0,0.0,0.0,0.0000,0,0,0,345.5736"
2026-05-24T16:42:03.198,14,IMU,19,Motor,1401901,"0.0,0.0,0.0,0.0,0.0,0.0,0.0,0.0,0.0,0.0,0.0,0.0,0.0000,0,0,0,345.5736"
2026-05-24T16:42:03.248,14,IMU,19,Motor,1401901,"0.0,0.0,0.0,0.0,0.0,0.0,0.0,0.0,0.0,0.0,0.0,0.0,0.0000,0,0,0,345.5736"
2026-05-24T16:42:03.298,14,IMU,19,Motor,1401901,"0.0,0.0,0.0,0.0,0.0,0.0,0.0,0.0,0.0,0.0,0.0,0.0,0.0000,0,0,0,345.5736"
2026-05-24T16:42:03.349,14,IMU,19,Motor,1401901,"0.0,0.0,0.0,0.0,0.0,0.0,0.0,0.0,0.0,0.0,0.0,0.0,0.0000,0,0,0,345.5736"
2026-05-24T16:42:03.399,14,IMU,19,Motor,1401901,"0.0,0.0,0.0,0.0,0.0,0.0,0.0,0.0,0.0,0.0,0.0,0.0,0.0000,0,0,0,345.5736"
2026-05-24T16:42:03.449,14,IMU,19,Motor,1401901,"0.0,0.0,0.0,0.0,0.0,0.0,0.0,0.0,0.0,0.0,0.0,0.0,0.0000,0,0,0,345.5736"
2026-05-24T16:42:03.500,14,IMU,19,Motor,1401901,"0.0,0.0,0.0,0.0,0.0,0.0,0.0,0.0,0.0,0.0,0.0,0.0,0.0000,0,0,0,345.5736"
2026-05-24T16:42:03.550,14,IMU,19,Motor,1401901,"0.0,0.0,0.0,0.0,0.0,0.0,0.0,0.0,0.0,0.0,0.0,0.0,0.0000,0,0,0,345.5736"
2026-05-24T16:42:03.600,14,IMU,19,Motor,1401901,"0.0,0.0,0.0,0.0,0.0,0.0,0.0,0.0,0.0,0.0,0.0,0.0,0.0000,0,0,0,345.5736"
2026-05-24T16:42:03.651,14,IMU,19,Motor,1401901,"0.0,0.0,0.0,0.0,0.0,0.0,0.0,0.0,0.0,0.0,0.0,0.0,0.0000,0,0,0,345.5736"
2026-05-24T16:42:03.651,14,IMU,12,Comm,1401201,"0.0,0.0,0.0,0.0,0.0,0.0,0.0,0.0,0.0,0.0,0.0,0.0"
2026-05-24T16:42:03.701,14,IMU,19,Motor,1401901,"0.0,0.0,0.0,0.0,0.0,0.0,0.0,0.0,0.0,0.0,0.0,0.0,0.0000,0,0,0,345.5736"
2026-05-24T16:42:03.751,14,IMU,19,Motor,1401901,"0.0,0.0,0.0,0.0,0.0,0.0,0.0,0.0,0.0,0.0,0.0,0.0,0.0000,0,0,0,345.5736"
2026-05-24T16:42:03.802,14,IMU,19,Motor,1401901,"0.0,0.0,0.0,0.0,0.0,0.0,0.0,0.0,0.0,0.0,0.0,0.0,0.0000,0,0,0,345.5736"
2026-05-24T16:42:03.852,14,IMU,19,Motor,1401901,"0.0,0.0,0.0,0.0,0.0,0.0,0.0,0.0,0.0,0.0,0.0,0.0,0.0000,0,0,0,345.5736"
2026-05-24T16:42:03.902,14,IMU,19,Motor,1401901,"0.0,0.0,0.0,0.0,0.0,0.0,0.0,0.0,0.0,0.0,0.0,0.0,0.0000,0,0,0,345.5736"
2026-05-24T16:42:03.953,14,IMU,19,Motor,1401901,"0.0,0.0,0.0,0.0,0.0,0.0,0.0,0.0,0.0,0.0,0.0,0.0,0.0000,0,0,0,345.5736"
2026-05-24T16:42:04.003,14,IMU,19,Motor,1401901,"0.0,0.0,0.0,0.0,0.0,0.0,0.0,0.0,0.0,0.0,0.0,0.0,0.0000,0,0,0,345.5736"
2026-05-24T16:42:04.053,14,IMU,19,Motor,1401901,"0.0,0.0,0.0,0.0,0.0,0.0,0.0,0.0,0.0,0.0,0.0,0.0,0.0000,0,0,0,345.5736"
2026-05-24T16:42:04.104,14,IMU,19,Motor,1401901,"0.0,0.0,0.0,0.0,0.0,0.0,0.0,0.0,0.0,0.0,0.0,0.0,0.0000,0,0,0,345.5736"
2026-05-24T16:42:04.154,14,IMU,19,Motor,1401901,"0.0,0.0,0.0,0.0,0.0,0.0,0.0,0.0,0.0,0.0,0.0,0.0,0.0000,0,0,0,345.5736"
2026-05-24T16:42:04.204,14,IMU,19,Motor,1401901,"0.0,0.0,0.0,0.0,0.0,0.0,0.0,0.0,0.0,0.0,0.0,0.0,0.0000,0,0,0,345.5736"
2026-05-24T16:42:04.255,14,IMU,19,Motor,1401901,"0.0,0.0,0.0,0.0,0.0,0.0,0.0,0.0,0.0,0.0,0.0,0.0,0.0000,0,0,0,345.5736"
2026-05-24T16:42:04.305,14,IMU,19,Motor,1401901,"0.0,0.0,0.0,0.0,0.0,0.0,0.0,0.0,0.0,0.0,0.0,0.0,0.0000,0,0,0,345.5736"
2026-05-24T16:42:04.355,14,IMU,19,Motor,1401901,"0.0,0.0,0.0,0.0,0.0,0.0,0.0,0.0,0.0,0.0,0.0,0.0,0.0000,0,0,0,345.5736"
2026-05-24T16:42:04.406,14,IMU,19,Motor,1401901,"0.0,0.0,0.0,0.0,0.0,0.0,0.0,0.0,0.0,0.0,0.0,0.0,0.0000,0,0,0,345.5736"
2026-05-24T16:42:04.456,14,IMU,19,Motor,1401901,"0.0,0.0,0.0,0.0,0.0,0.0,0.0,0.0,0.0,0.0,0.0,0.0,0.0000,0,0,0,345.5736"
2026-05-24T16:42:04.506,14,IMU,19,Motor,1401901,"0.0,0.0,0.0,0.0,0.0,0.0,0.0,0.0,0.0,0.0,0.0,0.0,0.0000,0,0,0,345.5736"
2026-05-24T16:42:04.556,14,IMU,19,Motor,1401901,"0.0,0.0,0.0,0.0,0.0,0.0,0.0,0.0,0.0,0.0,0.0,0.0,0.0000,0,0,0,345.5736"
2026-05-24T16:42:04.607,14,IMU,19,Motor,1401901,"0.0,0.0,0.0,0.0,0.0,0.0,0.0,0.0,0.0,0.0,0.0,0.0,0.0000,0,0,0,345.5736"
2026-05-24T16:42:04.657,14,IMU,19,Motor,1401901,"0.0,0.0,0.0,0.0,0.0,0.0,0.0,0.0,0.0,0.0,0.0,0.0,0.0000,0,0,0,345.5736"
2026-05-24T16:42:04.658,14,IMU,12,Comm,1401201,"0.0,0.0,0.0,0.0,0.0,0.0,0.0,0.0,0.0,0.0,0.0,0.0"
2026-05-24T16:42:04.708,14,IMU,19,Motor,1401901,"0.0,0.0,0.0,0.0,0.0,0.0,0.0,0.0,0.0,0.0,0.0,0.0,0.0000,0,0,0,345.5736"
2026-05-24T16:42:04.758,14,IMU,19,Motor,1401901,"0.0,0.0,0.0,0.0,0.0,0.0,0.0,0.0,0.0,0.0,0.0,0.0,0.0000,0,0,0,345.5736"
2026-05-24T16:42:04.808,14,IMU,19,Motor,1401901,"0.0,0.0,0.0,0.0,0.0,0.0,0.0,0.0,0.0,0.0,0.0,0.0,0.0000,0,0,0,345.5736"
2026-05-24T16:42:04.858,14,IMU,19,Motor,1401901,"0.0,0.0,0.0,0.0,0.0,0.0,0.0,0.0,0.0,0.0,0.0,0.0,0.0000,0,0,0,345.5736"
2026-05-24T16:42:04.909,14,IMU,19,Motor,1401901,"0.0,0.0,0.0,0.0,0.0,0.0,0.0,0.0,0.0,0.0,0.0,0.0,0.0000,0,0,0,345.5736"
2026-05-24T16:42:04.959,14,IMU,19,Motor,1401901,"0.0,0.0,0.0,0.0,0.0,0.0,0.0,0.0,0.0,0.0,0.0,0.0,0.0000,0,0,0,345.5736"
2026-05-24T16:42:05.009,14,IMU,19,Motor,1401901,"0.0,0.0,0.0,0.0,0.0,0.0,0.0,0.0,0.0,0.0,0.0,0.0,0.0000,0,0,0,345.5736"
2026-05-24T16:42:05.060,14,IMU,19,Motor,1401901,"0.0,0.0,0.0,0.0,0.0,0.0,0.0,0.0,0.0,0.0,0.0,0.0,0.0000,0,0,0,345.5736"
2026-05-24T16:42:05.110,14,IMU,19,Motor,1401901,"0.0,0.0,0.0,0.0,0.0,0.0,0.0,0.0,0.0,0.0,0.0,0.0,0.0000,0,0,0,345.5736"
2026-05-24T16:42:05.160,14,IMU,19,Motor,1401901,"0.0,0.0,0.0,0.0,0.0,0.0,0.0,0.0,0.0,0.0,0.0,0.0,0.0000,0,0,0,345.5736"
2026-05-24T16:42:05.211,14,IMU,19,Motor,1401901,"0.0,0.0,0.0,0.0,0.0,0.0,0.0,0.0,0.0,0.0,0.0,0.0,0.0000,0,0,0,345.5736"
2026-05-24T16:42:05.261,14,IMU,19,Motor,1401901,"0.0,0.0,0.0,0.0,0.0,0.0,0.0,0.0,0.0,0.0,0.0,0.0,0.0000,0,0,0,345.5736"
2026-05-24T16:42:05.311,14,IMU,19,Motor,1401901,"0.0,0.0,0.0,0.0,0.0,0.0,0.0,0.0,0.0,0.0,0.0,0.0,0.0000,0,0,0,345.5736"
2026-05-24T16:42:05.362,14,IMU,19,Motor,1401901,"0.0,0.0,0.0,0.0,0.0,0.0,0.0,0.0,0.0,0.0,0.0,0.0,0.0000,0,0,0,345.5736"
2026-05-24T16:42:05.412,14,IMU,19,Motor,1401901,"0.0,0.0,0.0,0.0,0.0,0.0,0.0,0.0,0.0,0.0,0.0,0.0,0.0000,0,0,0,345.5736"
2026-05-24T16:42:05.462,14,IMU,19,Motor,1401901,"0.0,0.0,0.0,0.0,0.0,0.0,0.0,0.0,0.0,0.0,0.0,0.0,0.0000,0,0,0,345.5736"
2026-05-24T16:42:05.513,14,IMU,19,Motor,1401901,"0.0,0.0,0.0,0.0,0.0,0.0,0.0,0.0,0.0,0.0,0.0,0.0,0.0000,0,0,0,345.5736"
2026-05-24T16:42:05.563,14,IMU,19,Motor,1401901,"0.0,0.0,0.0,0.0,0.0,0.0,0.0,0.0,0.0,0.0,0.0,0.0,0.0000,0,0,0,345.5736"
2026-05-24T16:42:05.613,14,IMU,19,Motor,1401901,"0.0,0.0,0.0,0.0,0.0,0.0,0.0,0.0,0.0,0.0,0.0,0.0,0.0000,0,0,0,345.5736"
2026-05-24T16:42:05.664,14,IMU,19,Motor,1401901,"0.0,0.0,0.0,0.0,0.0,0.0,0.0,0.0,0.0,0.0,0.0,0.0,0.0000,0,0,0,345.5736"
2026-05-24T16:42:05.664,14,IMU,12,Comm,1401201,"0.0,0.0,0.0,0.0,0.0,0.0,0.0,0.0,0.0,0.0,0.0,0.0"
2026-05-24T16:42:05.714,14,IMU,19,Motor,1401901,"0.0,0.0,0.0,0.0,0.0,0.0,0.0,0.0,0.0,0.0,0.0,0.0,0.0000,0,0,0,345.5736"
2026-05-24T16:42:05.764,14,IMU,19,Motor,1401901,"0.0,0.0,0.0,0.0,0.0,0.0,0.0,0.0,0.0,0.0,0.0,0.0,0.0000,0,0,0,345.5736"
2026-05-24T16:42:05.815,14,IMU,19,Motor,1401901,"0.0,0.0,0.0,0.0,0.0,0.0,0.0,0.0,0.0,0.0,0.0,0.0,0.0000,0,0,0,345.5736"
2026-05-24T16:42:05.865,14,IMU,19,Motor,1401901,"0.0,0.0,0.0,0.0,0.0,0.0,0.0,0.0,0.0,0.0,0.0,0.0,0.0000,0,0,0,345.5736"
2026-05-24T16:42:05.915,14,IMU,19,Motor,1401901,"0.0,0.0,0.0,0.0,0.0,0.0,0.0,0.0,0.0,0.0,0.0,0.0,0.0000,0,0,0,345.5736"
2026-05-24T16:42:05.966,14,IMU,19,Motor,1401901,"0.0,0.0,0.0,0.0,0.0,0.0,0.0,0.0,0.0,0.0,0.0,0.0,0.0000,0,0,0,345.5736"
2026-05-24T16:42:06.016,14,IMU,19,Motor,1401901,"0.0,0.0,0.0,0.0,0.0,0.0,0.0,0.0,0.0,0.0,0.0,0.0,0.0000,0,0,0,345.5736"
2026-05-24T16:42:06.066,14,IMU,19,Motor,1401901,"0.0,0.0,0.0,0.0,0.0,0.0,0.0,0.0,0.0,0.0,0.0,0.0,0.0000,0,0,0,345.5736"
2026-05-24T16:42:06.117,14,IMU,19,Motor,1401901,"0.0,0.0,0.0,0.0,0.0,0.0,0.0,0.0,0.0,0.0,0.0,0.0,0.0000,0,0,0,345.5736"
2026-05-24T16:42:06.167,14,IMU,19,Motor,1401901,"0.0,0.0,0.0,0.0,0.0,0.0,0.0,0.0,0.0,0.0,0.0,0.0,0.0000,0,0,0,345.5736"
2026-05-24T16:42:06.217,14,IMU,19,Motor,1401901,"0.0,0.0,0.0,0.0,0.0,0.0,0.0,0.0,0.0,0.0,0.0,0.0,0.0000,0,0,0,345.5736"
2026-05-24T16:42:06.267,14,IMU,19,Motor,1401901,"0.0,0.0,0.0,0.0,0.0,0.0,0.0,0.0,0.0,0.0,0.0,0.0,0.0000,0,0,0,345.5736"
2026-05-24T16:42:06.318,14,IMU,19,Motor,1401901,"0.0,0.0,0.0,0.0,0.0,0.0,0.0,0.0,0.0,0.0,0.0,0.0,0.0000,0,0,0,345.5736"
2026-05-24T16:42:06.368,14,IMU,19,Motor,1401901,"0.0,0.0,0.0,0.0,0.0,0.0,0.0,0.0,0.0,0.0,0.0,0.0,0.0000,0,0,0,345.5736"
2026-05-24T16:42:06.418,14,IMU,19,Motor,1401901,"0.0,0.0,0.0,0.0,0.0,0.0,0.0,0.0,0.0,0.0,0.0,0.0,0.0000,0,0,0,345.5736"
2026-05-24T16:42:06.469,14,IMU,19,Motor,1401901,"0.0,0.0,0.0,0.0,0.0,0.0,0.0,0.0,0.0,0.0,0.0,0.0,0.0000,0,0,0,345.5736"
2026-05-24T16:42:06.519,14,IMU,19,Motor,1401901,"0.0,0.0,0.0,0.0,0.0,0.0,0.0,0.0,0.0,0.0,0.0,0.0,0.0000,0,0,0,345.5736"
2026-05-24T16:42:06.569,14,IMU,19,Motor,1401901,"0.0,0.0,0.0,0.0,0.0,0.0,0.0,0.0,0.0,0.0,0.0,0.0,0.0000,0,0,0,345.5736"
2026-05-24T16:42:06.620,14,IMU,19,Motor,1401901,"0.0,0.0,0.0,0.0,0.0,0.0,0.0,0.0,0.0,0.0,0.0,0.0,0.0000,0,0,0,345.5736"
2026-05-24T16:42:06.670,14,IMU,19,Motor,1401901,"0.0,0.0,0.0,0.0,0.0,0.0,0.0,0.0,0.0,0.0,0.0,0.0,0.0000,0,0,0,345.5736"
2026-05-24T16:42:06.671,14,IMU,12,Comm,1401201,"0.0,0.0,0.0,0.0,0.0,0.0,0.0,0.0,0.0,0.0,0.0,0.0"
2026-05-24T16:42:06.720,14,IMU,19,Motor,1401901,"0.0,0.0,0.0,0.0,0.0,0.0,0.0,0.0,0.0,0.0,0.0,0.0,0.0000,0,0,0,345.5736"
2026-05-24T16:42:06.771,14,IMU,19,Motor,1401901,"0.0,0.0,0.0,0.0,0.0,0.0,0.0,0.0,0.0,0.0,0.0,0.0,0.0000,0,0,0,345.5736"
2026-05-24T16:42:06.821,14,IMU,19,Motor,1401901,"0.0,0.0,0.0,0.0,0.0,0.0,0.0,0.0,0.0,0.0,0.0,0.0,0.0000,0,0,0,345.5736"
2026-05-24T16:42:06.871,14,IMU,19,Motor,1401901,"0.0,0.0,0.0,0.0,0.0,0.0,0.0,0.0,0.0,0.0,0.0,0.0,0.0000,0,0,0,345.5736"
2026-05-24T16:42:06.922,14,IMU,19,Motor,1401901,"0.0,0.0,0.0,0.0,0.0,0.0,0.0,0.0,0.0,0.0,0.0,0.0,0.0000,0,0,0,345.5736"
2026-05-24T16:42:06.972,14,IMU,19,Motor,1401901,"0.0,0.0,0.0,0.0,0.0,0.0,0.0,0.0,0.0,0.0,0.0,0.0,0.0000,0,0,0,345.5736"
2026-05-24T16:42:07.022,14,IMU,19,Motor,1401901,"0.0,0.0,0.0,0.0,0.0,0.0,0.0,0.0,0.0,0.0,0.0,0.0,0.0000,0,0,0,345.5736"
2026-05-24T16:42:07.072,14,IMU,19,Motor,1401901,"0.0,0.0,0.0,0.0,0.0,0.0,0.0,0.0,0.0,0.0,0.0,0.0,0.0000,0,0,0,345.5736"
2026-05-24T16:42:07.123,14,IMU,19,Motor,1401901,"0.0,0.0,0.0,0.0,0.0,0.0,0.0,0.0,0.0,0.0,0.0,0.0,0.0000,0,0,0,345.5736"
2026-05-24T16:42:07.173,14,IMU,19,Motor,1401901,"0.0,0.0,0.0,0.0,0.0,0.0,0.0,0.0,0.0,0.0,0.0,0.0,0.0000,0,0,0,345.5736"
2026-05-24T16:42:07.223,14,IMU,19,Motor,1401901,"0.0,0.0,0.0,0.0,0.0,0.0,0.0,0.0,0.0,0.0,0.0,0.0,0.0000,0,0,0,345.5736"
2026-05-24T16:42:07.274,14,IMU,19,Motor,1401901,"0.0,0.0,0.0,0.0,0.0,0.0,0.0,0.0,0.0,0.0,0.0,0.0,0.0000,0,0,0,345.5736"
2026-05-24T16:42:07.324,14,IMU,19,Motor,1401901,"0.0,0.0,0.0,0.0,0.0,0.0,0.0,0.0,0.0,0.0,0.0,0.0,0.0000,0,0,0,345.5736"
2026-05-24T16:42:07.374,14,IMU,19,Motor,1401901,"0.0,0.0,0.0,0.0,0.0,0.0,0.0,0.0,0.0,0.0,0.0,0.0,0.0000,0,0,0,345.5736"
2026-05-24T16:42:07.425,14,IMU,19,Motor,1401901,"0.0,0.0,0.0,0.0,0.0,0.0,0.0,0.0,0.0,0.0,0.0,0.0,0.0000,0,0,0,345.5736"
2026-05-24T16:42:07.475,14,IMU,19,Motor,1401901,"0.0,0.0,0.0,0.0,0.0,0.0,0.0,0.0,0.0,0.0,0.0,0.0,0.0000,0,0,0,345.5736"
2026-05-24T16:42:07.525,14,IMU,19,Motor,1401901,"0.0,0.0,0.0,0.0,0.0,0.0,0.0,0.0,0.0,0.0,0.0,0.0,0.0000,0,0,0,345.5736"
2026-05-24T16:42:07.575,14,IMU,19,Motor,1401901,"0.0,0.0,0.0,0.0,0.0,0.0,0.0,0.0,0.0,0.0,0.0,0.0,0.0000,0,0,0,345.5736"
2026-05-24T16:42:07.626,14,IMU,19,Motor,1401901,"0.0,0.0,0.0,0.0,0.0,0.0,0.0,0.0,0.0,0.0,0.0,0.0,0.0000,0,0,0,345.5736"
2026-05-24T16:42:07.676,14,IMU,19,Motor,1401901,"0.0,0.0,0.0,0.0,0.0,0.0,0.0,0.0,0.0,0.0,0.0,0.0,0.0000,0,0,0,345.5736"
2026-05-24T16:42:07.677,14,IMU,12,Comm,1401201,"0.0,0.0,0.0,0.0,0.0,0.0,0.0,0.0,0.0,0.0,0.0,0.0"
2026-05-24T16:42:07.727,14,IMU,19,Motor,1401901,"0.0,0.0,0.0,0.0,0.0,0.0,0.0,0.0,0.0,0.0,0.0,0.0,0.0000,0,0,0,345.5736"
2026-05-24T16:42:07.777,14,IMU,19,Motor,1401901,"0.0,0.0,0.0,0.0,0.0,0.0,0.0,0.0,0.0,0.0,0.0,0.0,0.0000,0,0,0,345.5736"
2026-05-24T16:42:07.827,14,IMU,19,Motor,1401901,"0.0,0.0,0.0,0.0,0.0,0.0,0.0,0.0,0.0,0.0,0.0,0.0,0.0000,0,0,0,345.5736"
2026-05-24T16:42:07.877,14,IMU,19,Motor,1401901,"0.0,0.0,0.0,0.0,0.0,0.0,0.0,0.0,0.0,0.0,0.0,0.0,0.0000,0,0,0,345.5736"
2026-05-24T16:42:07.928,14,IMU,19,Motor,1401901,"0.0,0.0,0.0,0.0,0.0,0.0,0.0,0.0,0.0,0.0,0.0,0.0,0.0000,0,0,0,345.5736"
2026-05-24T16:42:07.978,14,IMU,19,Motor,1401901,"0.0,0.0,0.0,0.0,0.0,0.0,0.0,0.0,0.0,0.0,0.0,0.0,0.0000,0,0,0,345.5736"
2026-05-24T16:42:08.028,14,IMU,19,Motor,1401901,"0.0,0.0,0.0,0.0,0.0,0.0,0.0,0.0,0.0,0.0,0.0,0.0,0.0000,0,0,0,345.5736"
2026-05-24T16:42:08.079,14,IMU,19,Motor,1401901,"0.0,0.0,0.0,0.0,0.0,0.0,0.0,0.0,0.0,0.0,0.0,0.0,0.0000,0,0,0,345.5736"
2026-05-24T16:42:08.129,14,IMU,19,Motor,1401901,"0.0,0.0,0.0,0.0,0.0,0.0,0.0,0.0,0.0,0.0,0.0,0.0,0.0000,0,0,0,345.5736"
2026-05-24T16:42:08.179,14,IMU,19,Motor,1401901,"0.0,0.0,0.0,0.0,0.0,0.0,0.0,0.0,0.0,0.0,0.0,0.0,0.0000,0,0,0,345.5736"
2026-05-24T16:42:08.230,14,IMU,19,Motor,1401901,"0.0,0.0,0.0,0.0,0.0,0.0,0.0,0.0,0.0,0.0,0.0,0.0,0.0000,0,0,0,345.5736"
2026-05-24T16:42:08.280,14,IMU,19,Motor,1401901,"0.0,0.0,0.0,0.0,0.0,0.0,0.0,0.0,0.0,0.0,0.0,0.0,0.0000,0,0,0,345.5736"
2026-05-24T16:42:08.330,14,IMU,19,Motor,1401901,"0.0,0.0,0.0,0.0,0.0,0.0,0.0,0.0,0.0,0.0,0.0,0.0,0.0000,0,0,0,345.5736"
2026-05-24T16:42:08.381,14,IMU,19,Motor,1401901,"0.0,0.0,0.0,0.0,0.0,0.0,0.0,0.0,0.0,0.0,0.0,0.0,0.0000,0,0,0,345.5736"
2026-05-24T16:42:08.431,14,IMU,19,Motor,1401901,"0.0,0.0,0.0,0.0,0.0,0.0,0.0,0.0,0.0,0.0,0.0,0.0,0.0000,0,0,0,345.5736"
2026-05-24T16:42:08.481,14,IMU,19,Motor,1401901,"0.0,0.0,0.0,0.0,0.0,0.0,0.0,0.0,0.0,0.0,0.0,0.0,0.0000,0,0,0,345.5736"
2026-05-24T16:42:08.532,14,IMU,19,Motor,1401901,"0.0,0.0,0.0,0.0,0.0,0.0,0.0,0.0,0.0,0.0,0.0,0.0,0.0000,0,0,0,345.5736"
2026-05-24T16:42:08.582,14,IMU,19,Motor,1401901,"0.0,0.0,0.0,0.0,0.0,0.0,0.0,0.0,0.0,0.0,0.0,0.0,0.0000,0,0,0,345.5736"
2026-05-24T16:42:08.632,14,IMU,19,Motor,1401901,"0.0,0.0,0.0,0.0,0.0,0.0,0.0,0.0,0.0,0.0,0.0,0.0,0.0000,0,0,0,345.5736"
2026-05-24T16:42:08.683,14,IMU,19,Motor,1401901,"0.0,0.0,0.0,0.0,0.0,0.0,0.0,0.0,0.0,0.0,0.0,0.0,0.0000,0,0,0,345.5736"
2026-05-24T16:42:08.683,14,IMU,12,Comm,1401201,"0.0,0.0,0.0,0.0,0.0,0.0,0.0,0.0,0.0,0.0,0.0,0.0"
2026-05-24T16:42:08.733,14,IMU,19,Motor,1401901,"0.0,0.0,0.0,0.0,0.0,0.0,0.0,0.0,0.0,0.0,0.0,0.0,0.0000,0,0,0,345.5736"
2026-05-24T16:42:08.783,14,IMU,19,Motor,1401901,"0.0,0.0,0.0,0.0,0.0,0.0,0.0,0.0,0.0,0.0,0.0,0.0,0.0000,0,0,0,345.5736"
2026-05-24T16:42:08.833,14,IMU,19,Motor,1401901,"0.0,0.0,0.0,0.0,0.0,0.0,0.0,0.0,0.0,0.0,0.0,0.0,0.0000,0,0,0,345.5736"
2026-05-24T16:42:08.884,14,IMU,19,Motor,1401901,"0.0,0.0,0.0,0.0,0.0,0.0,0.0,0.0,0.0,0.0,0.0,0.0,0.0000,0,0,0,345.5736"
2026-05-24T16:42:08.934,14,IMU,19,Motor,1401901,"0.0,0.0,0.0,0.0,0.0,0.0,0.0,0.0,0.0,0.0,0.0,0.0,0.0000,0,0,0,345.5736"
2026-05-24T16:42:08.984,14,IMU,19,Motor,1401901,"0.0,0.0,0.0,0.0,0.0,0.0,0.0,0.0,0.0,0.0,0.0,0.0,0.0000,0,0,0,345.5736"
2026-05-24T16:42:09.035,14,IMU,19,Motor,1401901,"0.0,0.0,0.0,0.0,0.0,0.0,0.0,0.0,0.0,0.0,0.0,0.0,0.0000,0,0,0,345.5736"
2026-05-24T16:42:09.085,14,IMU,19,Motor,1401901,"0.0,0.0,0.0,0.0,0.0,0.0,0.0,0.0,0.0,0.0,0.0,0.0,0.0000,0,0,0,345.5736"
2026-05-24T16:42:09.135,14,IMU,19,Motor,1401901,"0.0,0.0,0.0,0.0,0.0,0.0,0.0,0.0,0.0,0.0,0.0,0.0,0.0000,0,0,0,345.5736"
2026-05-24T16:42:09.186,14,IMU,19,Motor,1401901,"0.0,0.0,0.0,0.0,0.0,0.0,0.0,0.0,0.0,0.0,0.0,0.0,0.0000,0,0,0,345.5736"
2026-05-24T16:42:09.236,14,IMU,19,Motor,1401901,"0.0,0.0,0.0,0.0,0.0,0.0,0.0,0.0,0.0,0.0,0.0,0.0,0.0000,0,0,0,345.5736"
2026-05-24T16:42:09.287,14,IMU,19,Motor,1401901,"0.0,0.0,0.0,0.0,0.0,0.0,0.0,0.0,0.0,0.0,0.0,0.0,0.0000,0,0,0,345.5736"
2026-05-24T16:42:09.337,14,IMU,19,Motor,1401901,"0.0,0.0,0.0,0.0,0.0,0.0,0.0,0.0,0.0,0.0,0.0,0.0,0.0000,0,0,0,345.5736"
2026-05-24T16:42:09.388,14,IMU,19,Motor,1401901,"0.0,0.0,0.0,0.0,0.0,0.0,0.0,0.0,0.0,0.0,0.0,0.0,0.0000,0,0,0,345.5736"
2026-05-24T16:42:09.437,14,IMU,19,Motor,1401901,"0.0,0.0,0.0,0.0,0.0,0.0,0.0,0.0,0.0,0.0,0.0,0.0,0.0000,0,0,0,345.5736"
2026-05-24T16:42:09.488,14,IMU,19,Motor,1401901,"0.0,0.0,0.0,0.0,0.0,0.0,0.0,0.0,0.0,0.0,0.0,0.0,0.0000,0,0,0,345.5736"
2026-05-24T16:42:09.538,14,IMU,19,Motor,1401901,"0.0,0.0,0.0,0.0,0.0,0.0,0.0,0.0,0.0,0.0,0.0,0.0,0.0000,0,0,0,345.5736"
2026-05-24T16:42:09.588,14,IMU,19,Motor,1401901,"0.0,0.0,0.0,0.0,0.0,0.0,0.0,0.0,0.0,0.0,0.0,0.0,0.0000,0,0,0,345.5736"
2026-05-24T16:42:09.639,14,IMU,19,Motor,1401901,"0.0,0.0,0.0,0.0,0.0,0.0,0.0,0.0,0.0,0.0,0.0,0.0,0.0000,0,0,0,345.5736"
2026-05-24T16:42:09.689,14,IMU,19,Motor,1401901,"0.0,0.0,0.0,0.0,0.0,0.0,0.0,0.0,0.0,0.0,0.0,0.0,0.0000,0,0,0,345.5736"
2026-05-24T16:42:09.690,14,IMU,12,Comm,1401201,"0.0,0.0,0.0,0.0,0.0,0.0,0.0,0.0,0.0,0.0,0.0,0.0"
2026-05-24T16:42:09.739,14,IMU,19,Motor,1401901,"0.0,0.0,0.0,0.0,0.0,0.0,0.0,0.0,0.0,0.0,0.0,0.0,0.0000,0,0,0,345.5736"
2026-05-24T16:42:09.790,14,IMU,19,Motor,1401901,"0.0,0.0,0.0,0.0,0.0,0.0,0.0,0.0,0.0,0.0,0.0,0.0,0.0000,0,0,0,345.5736"
2026-05-24T16:42:09.840,14,IMU,19,Motor,1401901,"0.0,0.0,0.0,0.0,0.0,0.0,0.0,0.0,0.0,0.0,0.0,0.0,0.0000,0,0,0,345.5736"
2026-05-24T16:42:09.890,14,IMU,19,Motor,1401901,"0.0,0.0,0.0,0.0,0.0,0.0,0.0,0.0,0.0,0.0,0.0,0.0,0.0000,0,0,0,345.5736"
2026-05-24T16:42:09.941,14,IMU,19,Motor,1401901,"0.0,0.0,0.0,0.0,0.0,0.0,0.0,0.0,0.0,0.0,0.0,0.0,0.0000,0,0,0,345.5736"
2026-05-24T16:42:09.991,14,IMU,19,Motor,1401901,"0.0,0.0,0.0,0.0,0.0,0.0,0.0,0.0,0.0,0.0,0.0,0.0,0.0000,0,0,0,345.5736"
2026-05-24T16:42:10.041,14,IMU,19,Motor,1401901,"0.0,0.0,0.0,0.0,0.0,0.0,0.0,0.0,0.0,0.0,0.0,0.0,0.0000,0,0,0,345.5736"
2026-05-24T16:42:10.092,14,IMU,19,Motor,1401901,"0.0,0.0,0.0,0.0,0.0,0.0,0.0,0.0,0.0,0.0,0.0,0.0,0.0000,0,0,0,345.5736"
2026-05-24T16:42:10.142,14,IMU,19,Motor,1401901,"0.0,0.0,0.0,0.0,0.0,0.0,0.0,0.0,0.0,0.0,0.0,0.0,0.0000,0,0,0,345.5736"
2026-05-24T16:42:10.192,14,IMU,19,Motor,1401901,"0.0,0.0,0.0,0.0,0.0,0.0,0.0,0.0,0.0,0.0,0.0,0.0,0.0000,0,0,0,345.5736"
2026-05-24T16:42:10.242,14,IMU,19,Motor,1401901,"0.0,0.0,0.0,0.0,0.0,0.0,0.0,0.0,0.0,0.0,0.0,0.0,0.0000,0,0,0,345.5736"
2026-05-24T16:42:10.293,14,IMU,19,Motor,1401901,"0.0,0.0,0.0,0.0,0.0,0.0,0.0,0.0,0.0,0.0,0.0,0.0,0.0000,0,0,0,345.5736"
2026-05-24T16:42:10.343,14,IMU,19,Motor,1401901,"0.0,0.0,0.0,0.0,0.0,0.0,0.0,0.0,0.0,0.0,0.0,0.0,0.0000,0,0,0,345.5736"
2026-05-24T16:42:10.393,14,IMU,19,Motor,1401901,"0.0,0.0,0.0,0.0,0.0,0.0,0.0,0.0,0.0,0.0,0.0,0.0,0.0000,0,0,0,345.5736"
2026-05-24T16:42:10.444,14,IMU,19,Motor,1401901,"0.0,0.0,0.0,0.0,0.0,0.0,0.0,0.0,0.0,0.0,0.0,0.0,0.0000,0,0,0,345.5736"
2026-05-24T16:42:10.494,14,IMU,19,Motor,1401901,"0.0,0.0,0.0,0.0,0.0,0.0,0.0,0.0,0.0,0.0,0.0,0.0,0.0000,0,0,0,345.5736"
2026-05-24T16:42:10.544,14,IMU,19,Motor,1401901,"0.0,0.0,0.0,0.0,0.0,0.0,0.0,0.0,0.0,0.0,0.0,0.0,0.0000,0,0,0,345.5736"
2026-05-24T16:42:10.594,14,IMU,19,Motor,1401901,"0.0,0.0,0.0,0.0,0.0,0.0,0.0,0.0,0.0,0.0,0.0,0.0,0.0000,0,0,0,345.5736"
2026-05-24T16:42:10.645,14,IMU,19,Motor,1401901,"0.0,0.0,0.0,0.0,0.0,0.0,0.0,0.0,0.0,0.0,0.0,0.0,0.0000,0,0,0,345.5736"
2026-05-24T16:42:10.695,14,IMU,19,Motor,1401901,"0.0,0.0,0.0,0.0,0.0,0.0,0.0,0.0,0.0,0.0,0.0,0.0,0.0000,0,0,0,345.5736"
2026-05-24T16:42:10.696,14,IMU,12,Comm,1401201,"0.0,0.0,0.0,0.0,0.0,0.0,0.0,0.0,0.0,0.0,0.0,0.0"
2026-05-24T16:42:10.746,14,IMU,19,Motor,1401901,"0.0,0.0,0.0,0.0,0.0,0.0,0.0,0.0,0.0,0.0,0.0,0.0,0.0000,0,0,0,345.5736"
2026-05-24T16:42:10.796,14,IMU,19,Motor,1401901,"0.0,0.0,0.0,0.0,0.0,0.0,0.0,0.0,0.0,0.0,0.0,0.0,0.0000,0,0,0,345.5736"
2026-05-24T16:42:10.846,14,IMU,19,Motor,1401901,"0.0,0.0,0.0,0.0,0.0,0.0,0.0,0.0,0.0,0.0,0.0,0.0,0.0000,0,0,0,345.5736"
2026-05-24T16:42:10.896,14,IMU,19,Motor,1401901,"0.0,0.0,0.0,0.0,0.0,0.0,0.0,0.0,0.0,0.0,0.0,0.0,0.0000,0,0,0,345.5736"
2026-05-24T16:42:10.947,14,IMU,19,Motor,1401901,"0.0,0.0,0.0,0.0,0.0,0.0,0.0,0.0,0.0,0.0,0.0,0.0,0.0000,0,0,0,345.5736"
2026-05-24T16:42:10.997,14,IMU,19,Motor,1401901,"0.0,0.0,0.0,0.0,0.0,0.0,0.0,0.0,0.0,0.0,0.0,0.0,0.0000,0,0,0,345.5736"
2026-05-24T16:42:11.048,14,IMU,19,Motor,1401901,"0.0,0.0,0.0,0.0,0.0,0.0,0.0,0.0,0.0,0.0,0.0,0.0,0.0000,0,0,0,345.5736"
2026-05-24T16:42:11.098,14,IMU,19,Motor,1401901,"0.0,0.0,0.0,0.0,0.0,0.0,0.0,0.0,0.0,0.0,0.0,0.0,0.0000,0,0,0,345.5736"
2026-05-24T16:42:11.148,14,IMU,19,Motor,1401901,"0.0,0.0,0.0,0.0,0.0,0.0,0.0,0.0,0.0,0.0,0.0,0.0,0.0000,0,0,0,345.5736"
2026-05-24T16:42:11.198,14,IMU,19,Motor,1401901,"0.0,0.0,0.0,0.0,0.0,0.0,0.0,0.0,0.0,0.0,0.0,0.0,0.0000,0,0,0,345.5736"
2026-05-24T16:42:11.249,14,IMU,19,Motor,1401901,"0.0,0.0,0.0,0.0,0.0,0.0,0.0,0.0,0.0,0.0,0.0,0.0,0.0000,0,0,0,345.5736"
2026-05-24T16:42:11.299,14,IMU,19,Motor,1401901,"0.0,0.0,0.0,0.0,0.0,0.0,0.0,0.0,0.0,0.0,0.0,0.0,0.0000,0,0,0,345.5736"
2026-05-24T16:42:11.349,14,IMU,19,Motor,1401901,"0.0,0.0,0.0,0.0,0.0,0.0,0.0,0.0,0.0,0.0,0.0,0.0,0.0000,0,0,0,345.5736"
2026-05-24T16:42:11.400,14,IMU,19,Motor,1401901,"0.0,0.0,0.0,0.0,0.0,0.0,0.0,0.0,0.0,0.0,0.0,0.0,0.0000,0,0,0,345.5736"
2026-05-24T16:42:11.450,14,IMU,19,Motor,1401901,"0.0,0.0,0.0,0.0,0.0,0.0,0.0,0.0,0.0,0.0,0.0,0.0,0.0000,0,0,0,345.5736"
2026-05-24T16:42:11.500,14,IMU,19,Motor,1401901,"0.0,0.0,0.0,0.0,0.0,0.0,0.0,0.0,0.0,0.0,0.0,0.0,0.0000,0,0,0,345.5736"
2026-05-24T16:42:11.551,14,IMU,19,Motor,1401901,"0.0,0.0,0.0,0.0,0.0,0.0,0.0,0.0,0.0,0.0,0.0,0.0,0.0000,0,0,0,345.5736"
2026-05-24T16:42:11.601,14,IMU,19,Motor,1401901,"0.0,0.0,0.0,0.0,0.0,0.0,0.0,0.0,0.0,0.0,0.0,0.0,0.0000,0,0,0,345.5736"
2026-05-24T16:42:11.651,14,IMU,19,Motor,1401901,"0.0,0.0,0.0,0.0,0.0,0.0,0.0,0.0,0.0,0.0,0.0,0.0,0.0000,0,0,0,345.5736"
2026-05-24T16:42:11.702,14,IMU,19,Motor,1401901,"0.0,0.0,0.0,0.0,0.0,0.0,0.0,0.0,0.0,0.0,0.0,0.0,0.0000,0,0,0,345.5736"
2026-05-24T16:42:11.702,14,IMU,12,Comm,1401201,"0.0,0.0,0.0,0.0,0.0,0.0,0.0,0.0,0.0,0.0,0.0,0.0"
2026-05-24T16:42:11.752,14,IMU,19,Motor,1401901,"0.0,0.0,0.0,0.0,0.0,0.0,0.0,0.0,0.0,0.0,0.0,0.0,0.0000,0,0,0,345.5736"
2026-05-24T16:42:11.802,14,IMU,19,Motor,1401901,"0.0,0.0,0.0,0.0,0.0,0.0,0.0,0.0,0.0,0.0,0.0,0.0,0.0000,0,0,0,345.5736"
2026-05-24T16:42:11.853,14,IMU,19,Motor,1401901,"0.0,0.0,0.0,0.0,0.0,0.0,0.0,0.0,0.0,0.0,0.0,0.0,0.0000,0,0,0,345.5736"
2026-05-24T16:42:11.903,14,IMU,19,Motor,1401901,"0.0,0.0,0.0,0.0,0.0,0.0,0.0,0.0,0.0,0.0,0.0,0.0,0.0000,0,0,0,345.5736"
2026-05-24T16:42:11.953,14,IMU,19,Motor,1401901,"0.0,0.0,0.0,0.0,0.0,0.0,0.0,0.0,0.0,0.0,0.0,0.0,0.0000,0,0,0,345.5736"
2026-05-24T16:42:12.003,14,IMU,19,Motor,1401901,"0.0,0.0,0.0,0.0,0.0,0.0,0.0,0.0,0.0,0.0,0.0,0.0,0.0000,0,0,0,345.5736"
2026-05-24T16:42:12.054,14,IMU,19,Motor,1401901,"0.0,0.0,0.0,0.0,0.0,0.0,0.0,0.0,0.0,0.0,0.0,0.0,0.0000,0,0,0,345.5736"
2026-05-24T16:42:12.104,14,IMU,19,Motor,1401901,"0.0,0.0,0.0,0.0,0.0,0.0,0.0,0.0,0.0,0.0,0.0,0.0,0.0000,0,0,0,345.5736"
2026-05-24T16:42:12.154,14,IMU,19,Motor,1401901,"0.0,0.0,0.0,0.0,0.0,0.0,0.0,0.0,0.0,0.0,0.0,0.0,0.0000,0,0,0,345.5736"
2026-05-24T16:42:12.205,14,IMU,19,Motor,1401901,"0.0,0.0,0.0,0.0,0.0,0.0,0.0,0.0,0.0,0.0,0.0,0.0,0.0000,0,0,0,345.5736"
2026-05-24T16:42:12.255,14,IMU,19,Motor,1401901,"0.0,0.0,0.0,0.0,0.0,0.0,0.0,0.0,0.0,0.0,0.0,0.0,0.0000,0,0,0,345.5736"
2026-05-24T16:42:12.305,14,IMU,19,Motor,1401901,"0.0,0.0,0.0,0.0,0.0,0.0,0.0,0.0,0.0,0.0,0.0,0.0,0.0000,0,0,0,345.5736"
2026-05-24T16:42:12.356,14,IMU,19,Motor,1401901,"0.0,0.0,0.0,0.0,0.0,0.0,0.0,0.0,0.0,0.0,0.0,0.0,0.0000,0,0,0,345.5736"
2026-05-24T16:42:12.406,14,IMU,19,Motor,1401901,"0.0,0.0,0.0,0.0,0.0,0.0,0.0,0.0,0.0,0.0,0.0,0.0,0.0000,0,0,0,345.5736"
2026-05-24T16:42:12.456,14,IMU,19,Motor,1401901,"0.0,0.0,0.0,0.0,0.0,0.0,0.0,0.0,0.0,0.0,0.0,0.0,0.0000,0,0,0,345.5736"
2026-05-24T16:42:12.507,14,IMU,19,Motor,1401901,"0.0,0.0,0.0,0.0,0.0,0.0,0.0,0.0,0.0,0.0,0.0,0.0,0.0000,0,0,0,345.5736"
2026-05-24T16:42:12.557,14,IMU,19,Motor,1401901,"0.0,0.0,0.0,0.0,0.0,0.0,0.0,0.0,0.0,0.0,0.0,0.0,0.0000,0,0,0,345.5736"
2026-05-24T16:42:12.607,14,IMU,19,Motor,1401901,"0.0,0.0,0.0,0.0,0.0,0.0,0.0,0.0,0.0,0.0,0.0,0.0,0.0000,0,0,0,345.5736"
2026-05-24T16:42:12.657,14,IMU,19,Motor,1401901,"0.0,0.0,0.0,0.0,0.0,0.0,0.0,0.0,0.0,0.0,0.0,0.0,0.0000,0,0,0,345.5736"
2026-05-24T16:42:12.708,14,IMU,19,Motor,1401901,"0.0,0.0,0.0,0.0,0.0,0.0,0.0,0.0,0.0,0.0,0.0,0.0,0.0000,0,0,0,345.5736"
2026-05-24T16:42:12.708,14,IMU,12,Comm,1401201,"0.0,0.0,0.0,0.0,0.0,0.0,0.0,0.0,0.0,0.0,0.0,0.0"
2026-05-24T16:42:12.758,14,IMU,19,Motor,1401901,"0.0,0.0,0.0,0.0,0.0,0.0,0.0,0.0,0.0,0.0,0.0,0.0,0.0000,0,0,0,345.5736"
2026-05-24T16:42:12.808,14,IMU,19,Motor,1401901,"0.0,0.0,0.0,0.0,0.0,0.0,0.0,0.0,0.0,0.0,0.0,0.0,0.0000,0,0,0,345.5736"
2026-05-24T16:42:12.859,14,IMU,19,Motor,1401901,"0.0,0.0,0.0,0.0,0.0,0.0,0.0,0.0,0.0,0.0,0.0,0.0,0.0000,0,0,0,345.5736"
2026-05-24T16:42:12.909,14,IMU,19,Motor,1401901,"0.0,0.0,0.0,0.0,0.0,0.0,0.0,0.0,0.0,0.0,0.0,0.0,0.0000,0,0,0,345.5736"
2026-05-24T16:42:12.959,14,IMU,19,Motor,1401901,"0.0,0.0,0.0,0.0,0.0,0.0,0.0,0.0,0.0,0.0,0.0,0.0,0.0000,0,0,0,345.5736"
2026-05-24T16:42:13.010,14,IMU,19,Motor,1401901,"0.0,0.0,0.0,0.0,0.0,0.0,0.0,0.0,0.0,0.0,0.0,0.0,0.0000,0,0,0,345.5736"
2026-05-24T16:42:13.060,14,IMU,19,Motor,1401901,"0.0,0.0,0.0,0.0,0.0,0.0,0.0,0.0,0.0,0.0,0.0,0.0,0.0000,0,0,0,345.5736"
2026-05-24T16:42:13.110,14,IMU,19,Motor,1401901,"0.0,0.0,0.0,0.0,0.0,0.0,0.0,0.0,0.0,0.0,0.0,0.0,0.0000,0,0,0,345.5736"
2026-05-24T16:42:13.161,14,IMU,19,Motor,1401901,"0.0,0.0,0.0,0.0,0.0,0.0,0.0,0.0,0.0,0.0,0.0,0.0,0.0000,0,0,0,345.5736"
2026-05-24T16:42:13.211,14,IMU,19,Motor,1401901,"0.0,0.0,0.0,0.0,0.0,0.0,0.0,0.0,0.0,0.0,0.0,0.0,0.0000,0,0,0,345.5736"
2026-05-24T16:42:13.261,14,IMU,19,Motor,1401901,"0.0,0.0,0.0,0.0,0.0,0.0,0.0,0.0,0.0,0.0,0.0,0.0,0.0000,0,0,0,345.5736"
2026-05-24T16:42:13.311,14,IMU,19,Motor,1401901,"0.0,0.0,0.0,0.0,0.0,0.0,0.0,0.0,0.0,0.0,0.0,0.0,0.0000,0,0,0,345.5736"
2026-05-24T16:42:13.362,14,IMU,19,Motor,1401901,"0.0,0.0,0.0,0.0,0.0,0.0,0.0,0.0,0.0,0.0,0.0,0.0,0.0000,0,0,0,345.5736"
2026-05-24T16:42:13.412,14,IMU,19,Motor,1401901,"0.0,0.0,0.0,0.0,0.0,0.0,0.0,0.0,0.0,0.0,0.0,0.0,0.0000,0,0,0,345.5736"
2026-05-24T16:42:13.462,14,IMU,19,Motor,1401901,"0.0,0.0,0.0,0.0,0.0,0.0,0.0,0.0,0.0,0.0,0.0,0.0,0.0000,0,0,0,345.5736"
2026-05-24T16:42:13.513,14,IMU,19,Motor,1401901,"0.0,0.0,0.0,0.0,0.0,0.0,0.0,0.0,0.0,0.0,0.0,0.0,0.0000,0,0,0,345.5736"
2026-05-24T16:42:13.563,14,IMU,19,Motor,1401901,"0.0,0.0,0.0,0.0,0.0,0.0,0.0,0.0,0.0,0.0,0.0,0.0,0.0000,0,0,0,345.5736"
2026-05-24T16:42:13.613,14,IMU,19,Motor,1401901,"0.0,0.0,0.0,0.0,0.0,0.0,0.0,0.0,0.0,0.0,0.0,0.0,0.0000,0,0,0,345.5736"
2026-05-24T16:42:13.664,14,IMU,19,Motor,1401901,"0.0,0.0,0.0,0.0,0.0,0.0,0.0,0.0,0.0,0.0,0.0,0.0,0.0000,0,0,0,345.5736"
2026-05-24T16:42:13.714,14,IMU,19,Motor,1401901,"0.0,0.0,0.0,0.0,0.0,0.0,0.0,0.0,0.0,0.0,0.0,0.0,0.0000,0,0,0,345.5736"
2026-05-24T16:42:13.715,14,IMU,12,Comm,1401201,"0.0,0.0,0.0,0.0,0.0,0.0,0.0,0.0,0.0,0.0,0.0,0.0"
2026-05-24T16:42:13.764,14,IMU,19,Motor,1401901,"0.0,0.0,0.0,0.0,0.0,0.0,0.0,0.0,0.0,0.0,0.0,0.0,0.0000,0,0,0,345.5736"
2026-05-24T16:42:13.815,14,IMU,19,Motor,1401901,"0.0,0.0,0.0,0.0,0.0,0.0,0.0,0.0,0.0,0.0,0.0,0.0,0.0000,0,0,0,345.5736"
2026-05-24T16:42:13.865,14,IMU,19,Motor,1401901,"0.0,0.0,0.0,0.0,0.0,0.0,0.0,0.0,0.0,0.0,0.0,0.0,0.0000,0,0,0,345.5736"
2026-05-24T16:42:13.915,14,IMU,19,Motor,1401901,"0.0,0.0,0.0,0.0,0.0,0.0,0.0,0.0,0.0,0.0,0.0,0.0,0.0000,0,0,0,345.5736"
2026-05-24T16:42:13.966,14,IMU,19,Motor,1401901,"0.0,0.0,0.0,0.0,0.0,0.0,0.0,0.0,0.0,0.0,0.0,0.0,0.0000,0,0,0,345.5736"
2026-05-24T16:42:14.016,14,IMU,19,Motor,1401901,"0.0,0.0,0.0,0.0,0.0,0.0,0.0,0.0,0.0,0.0,0.0,0.0,0.0000,0,0,0,345.5736"
2026-05-24T16:42:14.066,14,IMU,19,Motor,1401901,"0.0,0.0,0.0,0.0,0.0,0.0,0.0,0.0,0.0,0.0,0.0,0.0,0.0000,0,0,0,345.5736"
2026-05-24T16:42:14.116,14,IMU,19,Motor,1401901,"0.0,0.0,0.0,0.0,0.0,0.0,0.0,0.0,0.0,0.0,0.0,0.0,0.0000,0,0,0,345.5736"
2026-05-24T16:42:14.167,14,IMU,19,Motor,1401901,"0.0,0.0,0.0,0.0,0.0,0.0,0.0,0.0,0.0,0.0,0.0,0.0,0.0000,0,0,0,345.5736"
2026-05-24T16:42:14.217,14,IMU,19,Motor,1401901,"0.0,0.0,0.0,0.0,0.0,0.0,0.0,0.0,0.0,0.0,0.0,0.0,0.0000,0,0,0,345.5736"
2026-05-24T16:42:14.268,14,IMU,19,Motor,1401901,"0.0,0.0,0.0,0.0,0.0,0.0,0.0,0.0,0.0,0.0,0.0,0.0,0.0000,0,0,0,345.5736"
2026-05-24T16:42:14.318,14,IMU,19,Motor,1401901,"0.0,0.0,0.0,0.0,0.0,0.0,0.0,0.0,0.0,0.0,0.0,0.0,0.0000,0,0,0,345.5736"
2026-05-24T16:42:14.368,14,IMU,19,Motor,1401901,"0.0,0.0,0.0,0.0,0.0,0.0,0.0,0.0,0.0,0.0,0.0,0.0,0.0000,0,0,0,345.5736"
2026-05-24T16:42:14.418,14,IMU,19,Motor,1401901,"0.0,0.0,0.0,0.0,0.0,0.0,0.0,0.0,0.0,0.0,0.0,0.0,0.0000,0,0,0,345.5736"
2026-05-24T16:42:14.469,14,IMU,19,Motor,1401901,"0.0,0.0,0.0,0.0,0.0,0.0,0.0,0.0,0.0,0.0,0.0,0.0,0.0000,0,0,0,345.5736"
2026-05-24T16:42:14.519,14,IMU,19,Motor,1401901,"0.0,0.0,0.0,0.0,0.0,0.0,0.0,0.0,0.0,0.0,0.0,0.0,0.0000,0,0,0,345.5736"
2026-05-24T16:42:14.569,14,IMU,19,Motor,1401901,"0.0,0.0,0.0,0.0,0.0,0.0,0.0,0.0,0.0,0.0,0.0,0.0,0.0000,0,0,0,345.5736"
2026-05-24T16:42:14.620,14,IMU,19,Motor,1401901,"0.0,0.0,0.0,0.0,0.0,0.0,0.0,0.0,0.0,0.0,0.0,0.0,0.0000,0,0,0,345.5736"
2026-05-24T16:42:14.670,14,IMU,19,Motor,1401901,"0.0,0.0,0.0,0.0,0.0,0.0,0.0,0.0,0.0,0.0,0.0,0.0,0.0000,0,0,0,345.5736"
2026-05-24T16:42:14.720,14,IMU,19,Motor,1401901,"0.0,0.0,0.0,0.0,0.0,0.0,0.0,0.0,0.0,0.0,0.0,0.0,0.0000,0,0,0,345.5736"
2026-05-24T16:42:14.721,14,IMU,12,Comm,1401201,"0.0,0.0,0.0,0.0,0.0,0.0,0.0,0.0,0.0,0.0,0.0,0.0"
2026-05-24T16:42:14.771,14,IMU,19,Motor,1401901,"0.0,0.0,0.0,0.0,0.0,0.0,0.0,0.0,0.0,0.0,0.0,0.0,0.0000,0,0,0,345.5736"
2026-05-24T16:42:14.821,14,IMU,19,Motor,1401901,"0.0,0.0,0.0,0.0,0.0,0.0,0.0,0.0,0.0,0.0,0.0,0.0,0.0000,0,0,0,345.5736"
2026-05-24T16:42:14.871,14,IMU,19,Motor,1401901,"0.0,0.0,0.0,0.0,0.0,0.0,0.0,0.0,0.0,0.0,0.0,0.0,0.0000,0,0,0,345.5736"
2026-05-24T16:42:14.922,14,IMU,19,Motor,1401901,"0.0,0.0,0.0,0.0,0.0,0.0,0.0,0.0,0.0,0.0,0.0,0.0,0.0000,0,0,0,345.5736"
2026-05-24T16:42:14.972,14,IMU,19,Motor,1401901,"0.0,0.0,0.0,0.0,0.0,0.0,0.0,0.0,0.0,0.0,0.0,0.0,0.0000,0,0,0,345.5736"
2026-05-24T16:42:15.022,14,IMU,19,Motor,1401901,"0.0,0.0,0.0,0.0,0.0,0.0,0.0,0.0,0.0,0.0,0.0,0.0,0.0000,0,0,0,345.5736"
2026-05-24T16:42:15.073,14,IMU,19,Motor,1401901,"0.0,0.0,0.0,0.0,0.0,0.0,0.0,0.0,0.0,0.0,0.0,0.0,0.0000,0,0,0,345.5736"
2026-05-24T16:42:15.123,14,IMU,19,Motor,1401901,"0.0,0.0,0.0,0.0,0.0,0.0,0.0,0.0,0.0,0.0,0.0,0.0,0.0000,0,0,0,345.5736"
2026-05-24T16:42:15.173,14,IMU,19,Motor,1401901,"0.0,0.0,0.0,0.0,0.0,0.0,0.0,0.0,0.0,0.0,0.0,0.0,0.0000,0,0,0,345.5736"
2026-05-24T16:42:15.223,14,IMU,19,Motor,1401901,"0.0,0.0,0.0,0.0,0.0,0.0,0.0,0.0,0.0,0.0,0.0,0.0,0.0000,0,0,0,345.5736"
2026-05-24T16:42:15.274,14,IMU,19,Motor,1401901,"0.0,0.0,0.0,0.0,0.0,0.0,0.0,0.0,0.0,0.0,0.0,0.0,0.0000,0,0,0,345.5736"
2026-05-24T16:42:15.324,14,IMU,19,Motor,1401901,"0.0,0.0,0.0,0.0,0.0,0.0,0.0,0.0,0.0,0.0,0.0,0.0,0.0000,0,0,0,345.5736"
2026-05-24T16:42:15.374,14,IMU,19,Motor,1401901,"0.0,0.0,0.0,0.0,0.0,0.0,0.0,0.0,0.0,0.0,0.0,0.0,0.0000,0,0,0,345.5736"
2026-05-24T16:42:15.425,14,IMU,19,Motor,1401901,"0.0,0.0,0.0,0.0,0.0,0.0,0.0,0.0,0.0,0.0,0.0,0.0,0.0000,0,0,0,345.5736"
2026-05-24T16:42:15.475,14,IMU,19,Motor,1401901,"0.0,0.0,0.0,0.0,0.0,0.0,0.0,0.0,0.0,0.0,0.0,0.0,0.0000,0,0,0,345.5736"
2026-05-24T16:42:15.525,14,IMU,19,Motor,1401901,"0.0,0.0,0.0,0.0,0.0,0.0,0.0,0.0,0.0,0.0,0.0,0.0,0.0000,0,0,0,345.5736"
2026-05-24T16:42:15.576,14,IMU,19,Motor,1401901,"0.0,0.0,0.0,0.0,0.0,0.0,0.0,0.0,0.0,0.0,0.0,0.0,0.0000,0,0,0,345.5736"
2026-05-24T16:42:15.626,14,IMU,19,Motor,1401901,"0.0,0.0,0.0,0.0,0.0,0.0,0.0,0.0,0.0,0.0,0.0,0.0,0.0000,0,0,0,345.5736"
2026-05-24T16:42:15.676,14,IMU,19,Motor,1401901,"0.0,0.0,0.0,0.0,0.0,0.0,0.0,0.0,0.0,0.0,0.0,0.0,0.0000,0,0,0,345.5736"
2026-05-24T16:42:15.727,14,IMU,19,Motor,1401901,"0.0,0.0,0.0,0.0,0.0,0.0,0.0,0.0,0.0,0.0,0.0,0.0,0.0000,0,0,0,345.5736"
2026-05-24T16:42:15.727,14,IMU,12,Comm,1401201,"0.0,0.0,0.0,0.0,0.0,0.0,0.0,0.0,0.0,0.0,0.0,0.0"
2026-05-24T16:42:15.777,14,IMU,19,Motor,1401901,"0.0,0.0,0.0,0.0,0.0,0.0,0.0,0.0,0.0,0.0,0.0,0.0,0.0000,0,0,0,345.5736"
2026-05-24T16:42:15.827,14,IMU,19,Motor,1401901,"0.0,0.0,0.0,0.0,0.0,0.0,0.0,0.0,0.0,0.0,0.0,0.0,0.0000,0,0,0,345.5736"
2026-05-24T16:42:15.878,14,IMU,19,Motor,1401901,"0.0,0.0,0.0,0.0,0.0,0.0,0.0,0.0,0.0,0.0,0.0,0.0,0.0000,0,0,0,345.5736"
2026-05-24T16:42:15.928,14,IMU,19,Motor,1401901,"0.0,0.0,0.0,0.0,0.0,0.0,0.0,0.0,0.0,0.0,0.0,0.0,0.0000,0,0,0,345.5736"
2026-05-24T16:42:15.978,14,IMU,19,Motor,1401901,"0.0,0.0,0.0,0.0,0.0,0.0,0.0,0.0,0.0,0.0,0.0,0.0,0.0000,0,0,0,345.5736"
2026-05-24T16:42:16.028,14,IMU,19,Motor,1401901,"0.0,0.0,0.0,0.0,0.0,0.0,0.0,0.0,0.0,0.0,0.0,0.0,0.0000,0,0,0,345.5736"
2026-05-24T16:42:16.079,14,IMU,19,Motor,1401901,"0.0,0.0,0.0,0.0,0.0,0.0,0.0,0.0,0.0,0.0,0.0,0.0,0.0000,0,0,0,345.5736"
2026-05-24T16:42:16.129,14,IMU,19,Motor,1401901,"0.0,0.0,0.0,0.0,0.0,0.0,0.0,0.0,0.0,0.0,0.0,0.0,0.0000,0,0,0,345.5736"
2026-05-24T16:42:16.179,14,IMU,19,Motor,1401901,"0.0,0.0,0.0,0.0,0.0,0.0,0.0,0.0,0.0,0.0,0.0,0.0,0.0000,0,0,0,345.5736"
2026-05-24T16:42:16.230,14,IMU,19,Motor,1401901,"0.0,0.0,0.0,0.0,0.0,0.0,0.0,0.0,0.0,0.0,0.0,0.0,0.0000,0,0,0,345.5736"
2026-05-24T16:42:16.280,14,IMU,19,Motor,1401901,"0.0,0.0,0.0,0.0,0.0,0.0,0.0,0.0,0.0,0.0,0.0,0.0,0.0000,0,0,0,345.5736"
2026-05-24T16:42:16.330,14,IMU,19,Motor,1401901,"0.0,0.0,0.0,0.0,0.0,0.0,0.0,0.0,0.0,0.0,0.0,0.0,0.0000,0,0,0,345.5736"
2026-05-24T16:42:16.381,14,IMU,19,Motor,1401901,"0.0,0.0,0.0,0.0,0.0,0.0,0.0,0.0,0.0,0.0,0.0,0.0,0.0000,0,0,0,345.5736"
2026-05-24T16:42:16.431,14,IMU,19,Motor,1401901,"0.0,0.0,0.0,0.0,0.0,0.0,0.0,0.0,0.0,0.0,0.0,0.0,0.0000,0,0,0,345.5736"
2026-05-24T16:42:16.481,14,IMU,19,Motor,1401901,"0.0,0.0,0.0,0.0,0.0,0.0,0.0,0.0,0.0,0.0,0.0,0.0,0.0000,0,0,0,345.5736"
2026-05-24T16:42:16.532,14,IMU,19,Motor,1401901,"0.0,0.0,0.0,0.0,0.0,0.0,0.0,0.0,0.0,0.0,0.0,0.0,0.0000,0,0,0,345.5736"
2026-05-24T16:42:16.582,14,IMU,19,Motor,1401901,"0.0,0.0,0.0,0.0,0.0,0.0,0.0,0.0,0.0,0.0,0.0,0.0,0.0000,0,0,0,345.5736"
2026-05-24T16:42:16.632,14,IMU,19,Motor,1401901,"0.0,0.0,0.0,0.0,0.0,0.0,0.0,0.0,0.0,0.0,0.0,0.0,0.0000,0,0,0,345.5736"
2026-05-24T16:42:16.682,14,IMU,19,Motor,1401901,"0.0,0.0,0.0,0.0,0.0,0.0,0.0,0.0,0.0,0.0,0.0,0.0,0.0000,0,0,0,345.5736"
2026-05-24T16:42:16.733,14,IMU,19,Motor,1401901,"0.0,0.0,0.0,0.0,0.0,0.0,0.0,0.0,0.0,0.0,0.0,0.0,0.0000,0,0,0,345.5736"
2026-05-24T16:42:16.733,14,IMU,12,Comm,1401201,"0.0,0.0,0.0,0.0,0.0,0.0,0.0,0.0,0.0,0.0,0.0,0.0"
2026-05-24T16:42:16.783,14,IMU,19,Motor,1401901,"0.0,0.0,0.0,0.0,0.0,0.0,0.0,0.0,0.0,0.0,0.0,0.0,0.0000,0,0,0,345.5736"
2026-05-24T16:42:16.833,14,IMU,19,Motor,1401901,"0.0,0.0,0.0,0.0,0.0,0.0,0.0,0.0,0.0,0.0,0.0,0.0,0.0000,0,0,0,345.5736"
2026-05-24T16:42:16.884,14,IMU,19,Motor,1401901,"0.0,0.0,0.0,0.0,0.0,0.0,0.0,0.0,0.0,0.0,0.0,0.0,0.0000,0,0,0,345.5736"
2026-05-24T16:42:16.934,14,IMU,19,Motor,1401901,"0.0,0.0,0.0,0.0,0.0,0.0,0.0,0.0,0.0,0.0,0.0,0.0,0.0000,0,0,0,345.5736"
2026-05-24T16:42:16.984,14,IMU,19,Motor,1401901,"0.0,0.0,0.0,0.0,0.0,0.0,0.0,0.0,0.0,0.0,0.0,0.0,0.0000,0,0,0,345.5736"
2026-05-24T16:42:17.035,14,IMU,19,Motor,1401901,"0.0,0.0,0.0,0.0,0.0,0.0,0.0,0.0,0.0,0.0,0.0,0.0,0.0000,0,0,0,345.5736"
2026-05-24T16:42:17.085,14,IMU,19,Motor,1401901,"0.0,0.0,0.0,0.0,0.0,0.0,0.0,0.0,0.0,0.0,0.0,0.0,0.0000,0,0,0,345.5736"
2026-05-24T16:42:17.135,14,IMU,19,Motor,1401901,"0.0,0.0,0.0,0.0,0.0,0.0,0.0,0.0,0.0,0.0,0.0,0.0,0.0000,0,0,0,345.5736"
2026-05-24T16:42:17.186,14,IMU,19,Motor,1401901,"0.0,0.0,0.0,0.0,0.0,0.0,0.0,0.0,0.0,0.0,0.0,0.0,0.0000,0,0,0,345.5736"
2026-05-24T16:42:17.236,14,IMU,19,Motor,1401901,"0.0,0.0,0.0,0.0,0.0,0.0,0.0,0.0,0.0,0.0,0.0,0.0,0.0000,0,0,0,345.5736"
2026-05-24T16:42:17.286,14,IMU,19,Motor,1401901,"0.0,0.0,0.0,0.0,0.0,0.0,0.0,0.0,0.0,0.0,0.0,0.0,0.0000,0,0,0,345.5736"
2026-05-24T16:42:17.337,14,IMU,19,Motor,1401901,"0.0,0.0,0.0,0.0,0.0,0.0,0.0,0.0,0.0,0.0,0.0,0.0,0.0000,0,0,0,345.5736"
2026-05-24T16:42:17.387,14,IMU,19,Motor,1401901,"0.0,0.0,0.0,0.0,0.0,0.0,0.0,0.0,0.0,0.0,0.0,0.0,0.0000,0,0,0,345.5736"
2026-05-24T16:42:17.437,14,IMU,19,Motor,1401901,"0.0,0.0,0.0,0.0,0.0,0.0,0.0,0.0,0.0,0.0,0.0,0.0,0.0000,0,0,0,345.5736"
2026-05-24T16:42:17.488,14,IMU,19,Motor,1401901,"0.0,0.0,0.0,0.0,0.0,0.0,0.0,0.0,0.0,0.0,0.0,0.0,0.0000,0,0,0,345.5736"
2026-05-24T16:42:17.538,14,IMU,19,Motor,1401901,"0.0,0.0,0.0,0.0,0.0,0.0,0.0,0.0,0.0,0.0,0.0,0.0,0.0000,0,0,0,345.5736"
2026-05-24T16:42:17.588,14,IMU,19,Motor,1401901,"0.0,0.0,0.0,0.0,0.0,0.0,0.0,0.0,0.0,0.0,0.0,0.0,0.0000,0,0,0,345.5736"
2026-05-24T16:42:17.639,14,IMU,19,Motor,1401901,"0.0,0.0,0.0,0.0,0.0,0.0,0.0,0.0,0.0,0.0,0.0,0.0,0.0000,0,0,0,345.5736"
2026-05-24T16:42:17.689,14,IMU,19,Motor,1401901,"0.0,0.0,0.0,0.0,0.0,0.0,0.0,0.0,0.0,0.0,0.0,0.0,0.0000,0,0,0,345.5736"
2026-05-24T16:42:17.739,14,IMU,19,Motor,1401901,"0.0,0.0,0.0,0.0,0.0,0.0,0.0,0.0,0.0,0.0,0.0,0.0,0.0000,0,0,0,345.5736"
2026-05-24T16:42:17.740,14,IMU,12,Comm,1401201,"0.0,0.0,0.0,0.0,0.0,0.0,0.0,0.0,0.0,0.0,0.0,0.0"
2026-05-24T16:42:17.790,14,IMU,19,Motor,1401901,"0.0,0.0,0.0,0.0,0.0,0.0,0.0,0.0,0.0,0.0,0.0,0.0,0.0000,0,0,0,345.5736"
2026-05-24T16:42:17.840,14,IMU,19,Motor,1401901,"0.0,0.0,0.0,0.0,0.0,0.0,0.0,0.0,0.0,0.0,0.0,0.0,0.0000,0,0,0,345.5736"
2026-05-24T16:42:17.890,14,IMU,19,Motor,1401901,"0.0,0.0,0.0,0.0,0.0,0.0,0.0,0.0,0.0,0.0,0.0,0.0,0.0000,0,0,0,345.5736"
2026-05-24T16:42:17.941,14,IMU,19,Motor,1401901,"0.0,0.0,0.0,0.0,0.0,0.0,0.0,0.0,0.0,0.0,0.0,0.0,0.0000,0,0,0,345.5736"
2026-05-24T16:42:17.991,14,IMU,19,Motor,1401901,"0.0,0.0,0.0,0.0,0.0,0.0,0.0,0.0,0.0,0.0,0.0,0.0,0.0000,0,0,0,345.5736"
2026-05-24T16:42:18.041,14,IMU,19,Motor,1401901,"0.0,0.0,0.0,0.0,0.0,0.0,0.0,0.0,0.0,0.0,0.0,0.0,0.0000,0,0,0,345.5736"
2026-05-24T16:42:18.092,14,IMU,19,Motor,1401901,"0.0,0.0,0.0,0.0,0.0,0.0,0.0,0.0,0.0,0.0,0.0,0.0,0.0000,0,0,0,345.5736"
2026-05-24T16:42:18.142,14,IMU,19,Motor,1401901,"0.0,0.0,0.0,0.0,0.0,0.0,0.0,0.0,0.0,0.0,0.0,0.0,0.0000,0,0,0,345.5736"
2026-05-24T16:42:18.192,14,IMU,19,Motor,1401901,"0.0,0.0,0.0,0.0,0.0,0.0,0.0,0.0,0.0,0.0,0.0,0.0,0.0000,0,0,0,345.5736"
2026-05-24T16:42:18.243,14,IMU,19,Motor,1401901,"0.0,0.0,0.0,0.0,0.0,0.0,0.0,0.0,0.0,0.0,0.0,0.0,0.0000,0,0,0,345.5736"
2026-05-24T16:42:18.293,14,IMU,19,Motor,1401901,"0.0,0.0,0.0,0.0,0.0,0.0,0.0,0.0,0.0,0.0,0.0,0.0,0.0000,0,0,0,345.5736"
2026-05-24T16:42:18.343,14,IMU,19,Motor,1401901,"0.0,0.0,0.0,0.0,0.0,0.0,0.0,0.0,0.0,0.0,0.0,0.0,0.0000,0,0,0,345.5736"
2026-05-24T16:42:18.394,14,IMU,19,Motor,1401901,"0.0,0.0,0.0,0.0,0.0,0.0,0.0,0.0,0.0,0.0,0.0,0.0,0.0000,0,0,0,345.5736"
2026-05-24T16:42:18.444,14,IMU,19,Motor,1401901,"0.0,0.0,0.0,0.0,0.0,0.0,0.0,0.0,0.0,0.0,0.0,0.0,0.0000,0,0,0,345.5736"
2026-05-24T16:42:18.494,14,IMU,19,Motor,1401901,"0.0,0.0,0.0,0.0,0.0,0.0,0.0,0.0,0.0,0.0,0.0,0.0,0.0000,0,0,0,345.5736"
2026-05-24T16:42:18.545,14,IMU,19,Motor,1401901,"0.0,0.0,0.0,0.0,0.0,0.0,0.0,0.0,0.0,0.0,0.0,0.0,0.0000,0,0,0,345.5736"
2026-05-24T16:42:18.595,14,IMU,19,Motor,1401901,"0.0,0.0,0.0,0.0,0.0,0.0,0.0,0.0,0.0,0.0,0.0,0.0,0.0000,0,0,0,345.5736"
2026-05-24T16:42:18.645,14,IMU,19,Motor,1401901,"0.0,0.0,0.0,0.0,0.0,0.0,0.0,0.0,0.0,0.0,0.0,0.0,0.0000,0,0,0,345.5736"
2026-05-24T16:42:18.696,14,IMU,19,Motor,1401901,"0.0,0.0,0.0,0.0,0.0,0.0,0.0,0.0,0.0,0.0,0.0,0.0,0.0000,0,0,0,345.5736"
2026-05-24T16:42:18.746,14,IMU,19,Motor,1401901,"0.0,0.0,0.0,0.0,0.0,0.0,0.0,0.0,0.0,0.0,0.0,0.0,0.0000,0,0,0,345.5736"
2026-05-24T16:42:18.746,14,IMU,12,Comm,1401201,"0.0,0.0,0.0,0.0,0.0,0.0,0.0,0.0,0.0,0.0,0.0,0.0"
2026-05-24T16:42:18.796,14,IMU,19,Motor,1401901,"0.0,0.0,0.0,0.0,0.0,0.0,0.0,0.0,0.0,0.0,0.0,0.0,0.0000,0,0,0,345.5736"
2026-05-24T16:42:18.847,14,IMU,19,Motor,1401901,"0.0,0.0,0.0,0.0,0.0,0.0,0.0,0.0,0.0,0.0,0.0,0.0,0.0000,0,0,0,345.5736"
2026-05-24T16:42:18.897,14,IMU,19,Motor,1401901,"0.0,0.0,0.0,0.0,0.0,0.0,0.0,0.0,0.0,0.0,0.0,0.0,0.0000,0,0,0,345.5736"
2026-05-24T16:42:18.947,14,IMU,19,Motor,1401901,"0.0,0.0,0.0,0.0,0.0,0.0,0.0,0.0,0.0,0.0,0.0,0.0,0.0000,0,0,0,345.5736"
2026-05-24T16:42:18.998,14,IMU,19,Motor,1401901,"0.0,0.0,0.0,0.0,0.0,0.0,0.0,0.0,0.0,0.0,0.0,0.0,0.0000,0,0,0,345.5736"
2026-05-24T16:42:19.048,14,IMU,19,Motor,1401901,"0.0,0.0,0.0,0.0,0.0,0.0,0.0,0.0,0.0,0.0,0.0,0.0,0.0000,0,0,0,345.5736"
2026-05-24T16:42:19.098,14,IMU,19,Motor,1401901,"0.0,0.0,0.0,0.0,0.0,0.0,0.0,0.0,0.0,0.0,0.0,0.0,0.0000,0,0,0,345.5736"
2026-05-24T16:42:19.148,14,IMU,19,Motor,1401901,"0.0,0.0,0.0,0.0,0.0,0.0,0.0,0.0,0.0,0.0,0.0,0.0,0.0000,0,0,0,345.5736"
2026-05-24T16:42:19.199,14,IMU,19,Motor,1401901,"0.0,0.0,0.0,0.0,0.0,0.0,0.0,0.0,0.0,0.0,0.0,0.0,0.0000,0,0,0,345.5736"
2026-05-24T16:42:19.249,14,IMU,19,Motor,1401901,"0.0,0.0,0.0,0.0,0.0,0.0,0.0,0.0,0.0,0.0,0.0,0.0,0.0000,0,0,0,345.5736"
2026-05-24T16:42:19.300,14,IMU,19,Motor,1401901,"0.0,0.0,0.0,0.0,0.0,0.0,0.0,0.0,0.0,0.0,0.0,0.0,0.0000,0,0,0,345.5736"
2026-05-24T16:42:19.350,14,IMU,19,Motor,1401901,"0.0,0.0,0.0,0.0,0.0,0.0,0.0,0.0,0.0,0.0,0.0,0.0,0.0000,0,0,0,345.5736"
2026-05-24T16:42:19.400,14,IMU,19,Motor,1401901,"0.0,0.0,0.0,0.0,0.0,0.0,0.0,0.0,0.0,0.0,0.0,0.0,0.0000,0,0,0,345.5736"
2026-05-24T16:42:19.450,14,IMU,19,Motor,1401901,"0.0,0.0,0.0,0.0,0.0,0.0,0.0,0.0,0.0,0.0,0.0,0.0,0.0000,0,0,0,345.5736"
2026-05-24T16:42:19.501,14,IMU,19,Motor,1401901,"0.0,0.0,0.0,0.0,0.0,0.0,0.0,0.0,0.0,0.0,0.0,0.0,0.0000,0,0,0,345.5736"
2026-05-24T16:42:19.551,14,IMU,19,Motor,1401901,"0.0,0.0,0.0,0.0,0.0,0.0,0.0,0.0,0.0,0.0,0.0,0.0,0.0000,0,0,0,345.5736"
2026-05-24T16:42:19.602,14,IMU,19,Motor,1401901,"0.0,0.0,0.0,0.0,0.0,0.0,0.0,0.0,0.0,0.0,0.0,0.0,0.0000,0,0,0,345.5736"
2026-05-24T16:42:19.652,14,IMU,19,Motor,1401901,"0.0,0.0,0.0,0.0,0.0,0.0,0.0,0.0,0.0,0.0,0.0,0.0,0.0000,0,0,0,345.5736"
2026-05-24T16:42:19.702,14,IMU,19,Motor,1401901,"0.0,0.0,0.0,0.0,0.0,0.0,0.0,0.0,0.0,0.0,0.0,0.0,0.0000,0,0,0,345.5736"
2026-05-24T16:42:19.753,14,IMU,19,Motor,1401901,"0.0,0.0,0.0,0.0,0.0,0.0,0.0,0.0,0.0,0.0,0.0,0.0,0.0000,0,0,0,345.5736"
2026-05-24T16:42:19.753,14,IMU,12,Comm,1401201,"0.0,0.0,0.0,0.0,0.0,0.0,0.0,0.0,0.0,0.0,0.0,0.0"
2026-05-24T16:42:19.803,14,IMU,19,Motor,1401901,"0.0,0.0,0.0,0.0,0.0,0.0,0.0,0.0,0.0,0.0,0.0,0.0,0.0000,0,0,0,345.5736"
2026-05-24T16:42:19.853,14,IMU,19,Motor,1401901,"0.0,0.0,0.0,0.0,0.0,0.0,0.0,0.0,0.0,0.0,0.0,0.0,0.0000,0,0,0,345.5736"
2026-05-24T16:42:19.904,14,IMU,19,Motor,1401901,"0.0,0.0,0.0,0.0,0.0,0.0,0.0,0.0,0.0,0.0,0.0,0.0,0.0000,0,0,0,345.5736"
2026-05-24T16:42:19.954,14,IMU,19,Motor,1401901,"0.0,0.0,0.0,0.0,0.0,0.0,0.0,0.0,0.0,0.0,0.0,0.0,0.0000,0,0,0,345.5736"
2026-05-24T16:42:20.004,14,IMU,19,Motor,1401901,"0.0,0.0,0.0,0.0,0.0,0.0,0.0,0.0,0.0,0.0,0.0,0.0,0.0000,0,0,0,345.5736"
2026-05-24T16:42:20.055,14,IMU,19,Motor,1401901,"0.0,0.0,0.0,0.0,0.0,0.0,0.0,0.0,0.0,0.0,0.0,0.0,0.0000,0,0,0,345.5736"
2026-05-24T16:42:20.105,14,IMU,19,Motor,1401901,"0.0,0.0,0.0,0.0,0.0,0.0,0.0,0.0,0.0,0.0,0.0,0.0,0.0000,0,0,0,345.5736"
2026-05-24T16:42:20.155,14,IMU,19,Motor,1401901,"0.0,0.0,0.0,0.0,0.0,0.0,0.0,0.0,0.0,0.0,0.0,0.0,0.0000,0,0,0,345.5736"
2026-05-24T16:42:20.206,14,IMU,19,Motor,1401901,"0.0,0.0,0.0,0.0,0.0,0.0,0.0,0.0,0.0,0.0,0.0,0.0,0.0000,0,0,0,345.5736"
2026-05-24T16:42:20.256,14,IMU,19,Motor,1401901,"0.0,0.0,0.0,0.0,0.0,0.0,0.0,0.0,0.0,0.0,0.0,0.0,0.0000,0,0,0,345.5736"
2026-05-24T16:42:20.306,14,IMU,19,Motor,1401901,"0.0,0.0,0.0,0.0,0.0,0.0,0.0,0.0,0.0,0.0,0.0,0.0,0.0000,0,0,0,345.5736"
2026-05-24T16:42:20.357,14,IMU,19,Motor,1401901,"0.0,0.0,0.0,0.0,0.0,0.0,0.0,0.0,0.0,0.0,0.0,0.0,0.0000,0,0,0,345.5736"
2026-05-24T16:42:20.407,14,IMU,19,Motor,1401901,"0.0,0.0,0.0,0.0,0.0,0.0,0.0,0.0,0.0,0.0,0.0,0.0,0.0000,0,0,0,345.5736"
2026-05-24T16:42:20.457,14,IMU,19,Motor,1401901,"0.0,0.0,0.0,0.0,0.0,0.0,0.0,0.0,0.0,0.0,0.0,0.0,0.0000,0,0,0,345.5736"
2026-05-24T16:42:20.508,14,IMU,19,Motor,1401901,"0.0,0.0,0.0,0.0,0.0,0.0,0.0,0.0,0.0,0.0,0.0,0.0,0.0000,0,0,0,345.5736"
2026-05-24T16:42:20.558,14,IMU,19,Motor,1401901,"0.0,0.0,0.0,0.0,0.0,0.0,0.0,0.0,0.0,0.0,0.0,0.0,0.0000,0,0,0,345.5736"
2026-05-24T16:42:20.608,14,IMU,19,Motor,1401901,"0.0,0.0,0.0,0.0,0.0,0.0,0.0,0.0,0.0,0.0,0.0,0.0,0.0000,0,0,0,345.5736"
2026-05-24T16:42:20.658,14,IMU,19,Motor,1401901,"0.0,0.0,0.0,0.0,0.0,0.0,0.0,0.0,0.0,0.0,0.0,0.0,0.0000,0,0,0,345.5736"
2026-05-24T16:42:20.709,14,IMU,19,Motor,1401901,"0.0,0.0,0.0,0.0,0.0,0.0,0.0,0.0,0.0,0.0,0.0,0.0,0.0000,0,0,0,345.5736"
2026-05-24T16:42:20.759,14,IMU,19,Motor,1401901,"0.0,0.0,0.0,0.0,0.0,0.0,0.0,0.0,0.0,0.0,0.0,0.0,0.0000,0,0,0,345.5736"
2026-05-24T16:42:20.760,14,IMU,12,Comm,1401201,"0.0,0.0,0.0,0.0,0.0,0.0,0.0,0.0,0.0,0.0,0.0,0.0"
2026-05-24T16:42:20.810,14,IMU,19,Motor,1401901,"0.0,0.0,0.0,0.0,0.0,0.0,0.0,0.0,0.0,0.0,0.0,0.0,0.0000,0,0,0,345.5736"
2026-05-24T16:42:20.860,14,IMU,19,Motor,1401901,"0.0,0.0,0.0,0.0,0.0,0.0,0.0,0.0,0.0,0.0,0.0,0.0,0.0000,0,0,0,345.5736"
2026-05-24T16:42:20.910,14,IMU,19,Motor,1401901,"0.0,0.0,0.0,0.0,0.0,0.0,0.0,0.0,0.0,0.0,0.0,0.0,0.0000,0,0,0,345.5736"
2026-05-24T16:42:20.961,14,IMU,19,Motor,1401901,"0.0,0.0,0.0,0.0,0.0,0.0,0.0,0.0,0.0,0.0,0.0,0.0,0.0000,0,0,0,345.5736"
2026-05-24T16:42:21.011,14,IMU,19,Motor,1401901,"0.0,0.0,0.0,0.0,0.0,0.0,0.0,0.0,0.0,0.0,0.0,0.0,0.0000,0,0,0,345.5736"
2026-05-24T16:42:21.061,14,IMU,19,Motor,1401901,"0.0,0.0,0.0,0.0,0.0,0.0,0.0,0.0,0.0,0.0,0.0,0.0,0.0000,0,0,0,345.5736"
2026-05-24T16:42:21.112,14,IMU,19,Motor,1401901,"0.0,0.0,0.0,0.0,0.0,0.0,0.0,0.0,0.0,0.0,0.0,0.0,0.0000,0,0,0,345.5736"
2026-05-24T16:42:21.162,14,IMU,19,Motor,1401901,"0.0,0.0,0.0,0.0,0.0,0.0,0.0,0.0,0.0,0.0,0.0,0.0,0.0000,0,0,0,345.5736"
2026-05-24T16:42:21.212,14,IMU,19,Motor,1401901,"0.0,0.0,0.0,0.0,0.0,0.0,0.0,0.0,0.0,0.0,0.0,0.0,0.0000,0,0,0,345.5736"
2026-05-24T16:42:21.263,14,IMU,19,Motor,1401901,"0.0,0.0,0.0,0.0,0.0,0.0,0.0,0.0,0.0,0.0,0.0,0.0,0.0000,0,0,0,345.5736"
2026-05-24T16:42:21.313,14,IMU,19,Motor,1401901,"0.0,0.0,0.0,0.0,0.0,0.0,0.0,0.0,0.0,0.0,0.0,0.0,0.0000,0,0,0,345.5736"
2026-05-24T16:42:21.363,14,IMU,19,Motor,1401901,"0.0,0.0,0.0,0.0,0.0,0.0,0.0,0.0,0.0,0.0,0.0,0.0,0.0000,0,0,0,345.5736"
2026-05-24T16:42:21.414,14,IMU,19,Motor,1401901,"0.0,0.0,0.0,0.0,0.0,0.0,0.0,0.0,0.0,0.0,0.0,0.0,0.0000,0,0,0,345.5736"
2026-05-24T16:42:21.464,14,IMU,19,Motor,1401901,"0.0,0.0,0.0,0.0,0.0,0.0,0.0,0.0,0.0,0.0,0.0,0.0,0.0000,0,0,0,345.5736"
2026-05-24T16:42:21.514,14,IMU,19,Motor,1401901,"0.0,0.0,0.0,0.0,0.0,0.0,0.0,0.0,0.0,0.0,0.0,0.0,0.0000,0,0,0,345.5736"
2026-05-24T16:42:21.565,14,IMU,19,Motor,1401901,"0.0,0.0,0.0,0.0,0.0,0.0,0.0,0.0,0.0,0.0,0.0,0.0,0.0000,0,0,0,345.5736"
2026-05-24T16:42:21.615,14,IMU,19,Motor,1401901,"0.0,0.0,0.0,0.0,0.0,0.0,0.0,0.0,0.0,0.0,0.0,0.0,0.0000,0,0,0,345.5736"
2026-05-24T16:42:21.665,14,IMU,19,Motor,1401901,"0.0,0.0,0.0,0.0,0.0,0.0,0.0,0.0,0.0,0.0,0.0,0.0,0.0000,0,0,0,345.5736"
2026-05-24T16:42:21.716,14,IMU,19,Motor,1401901,"0.0,0.0,0.0,0.0,0.0,0.0,0.0,0.0,0.0,0.0,0.0,0.0,0.0000,0,0,0,345.5736"
2026-05-24T16:42:21.766,14,IMU,19,Motor,1401901,"0.0,0.0,0.0,0.0,0.0,0.0,0.0,0.0,0.0,0.0,0.0,0.0,0.0000,0,0,0,345.5736"
2026-05-24T16:42:21.766,14,IMU,12,Comm,1401201,"0.0,0.0,0.0,0.0,0.0,0.0,0.0,0.0,0.0,0.0,0.0,0.0"
2026-05-24T16:42:21.816,14,IMU,19,Motor,1401901,"0.0,0.0,0.0,0.0,0.0,0.0,0.0,0.0,0.0,0.0,0.0,0.0,0.0000,0,0,0,345.5736"
2026-05-24T16:42:21.867,14,IMU,19,Motor,1401901,"0.0,0.0,0.0,0.0,0.0,0.0,0.0,0.0,0.0,0.0,0.0,0.0,0.0000,0,0,0,345.5736"
2026-05-24T16:42:21.917,14,IMU,19,Motor,1401901,"0.0,0.0,0.0,0.0,0.0,0.0,0.0,0.0,0.0,0.0,0.0,0.0,0.0000,0,0,0,345.5736"
2026-05-24T16:42:21.967,14,IMU,19,Motor,1401901,"0.0,0.0,0.0,0.0,0.0,0.0,0.0,0.0,0.0,0.0,0.0,0.0,0.0000,0,0,0,345.5736"
2026-05-24T16:42:22.017,14,IMU,19,Motor,1401901,"0.0,0.0,0.0,0.0,0.0,0.0,0.0,0.0,0.0,0.0,0.0,0.0,0.0000,0,0,0,345.5736"
2026-05-24T16:42:22.068,14,IMU,19,Motor,1401901,"0.0,0.0,0.0,0.0,0.0,0.0,0.0,0.0,0.0,0.0,0.0,0.0,0.0000,0,0,0,345.5736"
2026-05-24T16:42:22.118,14,IMU,19,Motor,1401901,"0.0,0.0,0.0,0.0,0.0,0.0,0.0,0.0,0.0,0.0,0.0,0.0,0.0000,0,0,0,345.5736"
2026-05-24T16:42:22.168,14,IMU,19,Motor,1401901,"0.0,0.0,0.0,0.0,0.0,0.0,0.0,0.0,0.0,0.0,0.0,0.0,0.0000,0,0,0,345.5736"
2026-05-24T16:42:22.219,14,IMU,19,Motor,1401901,"0.0,0.0,0.0,0.0,0.0,0.0,0.0,0.0,0.0,0.0,0.0,0.0,0.0000,0,0,0,345.5736"
2026-05-24T16:42:22.269,14,IMU,19,Motor,1401901,"0.0,0.0,0.0,0.0,0.0,0.0,0.0,0.0,0.0,0.0,0.0,0.0,0.0000,0,0,0,345.5736"
2026-05-24T16:42:22.319,14,IMU,19,Motor,1401901,"0.0,0.0,0.0,0.0,0.0,0.0,0.0,0.0,0.0,0.0,0.0,0.0,0.0000,0,0,0,345.5736"
2026-05-24T16:42:22.370,14,IMU,19,Motor,1401901,"0.0,0.0,0.0,0.0,0.0,0.0,0.0,0.0,0.0,0.0,0.0,0.0,0.0000,0,0,0,345.5736"
2026-05-24T16:42:22.420,14,IMU,19,Motor,1401901,"0.0,0.0,0.0,0.0,0.0,0.0,0.0,0.0,0.0,0.0,0.0,0.0,0.0000,0,0,0,345.5736"
2026-05-24T16:42:22.470,14,IMU,19,Motor,1401901,"0.0,0.0,0.0,0.0,0.0,0.0,0.0,0.0,0.0,0.0,0.0,0.0,0.0000,0,0,0,345.5736"
2026-05-24T16:42:22.521,14,IMU,19,Motor,1401901,"0.0,0.0,0.0,0.0,0.0,0.0,0.0,0.0,0.0,0.0,0.0,0.0,0.0000,0,0,0,345.5736"
2026-05-24T16:42:22.571,14,IMU,19,Motor,1401901,"0.0,0.0,0.0,0.0,0.0,0.0,0.0,0.0,0.0,0.0,0.0,0.0,0.0000,0,0,0,345.5736"
2026-05-24T16:42:22.621,14,IMU,19,Motor,1401901,"0.0,0.0,0.0,0.0,0.0,0.0,0.0,0.0,0.0,0.0,0.0,0.0,0.0000,0,0,0,345.5736"
2026-05-24T16:42:22.671,14,IMU,19,Motor,1401901,"0.0,0.0,0.0,0.0,0.0,0.0,0.0,0.0,0.0,0.0,0.0,0.0,0.0000,0,0,0,345.5736"
2026-05-24T16:42:22.722,14,IMU,19,Motor,1401901,"0.0,0.0,0.0,0.0,0.0,0.0,0.0,0.0,0.0,0.0,0.0,0.0,0.0000,0,0,0,345.5736"
2026-05-24T16:42:22.772,14,IMU,19,Motor,1401901,"0.0,0.0,0.0,0.0,0.0,0.0,0.0,0.0,0.0,0.0,0.0,0.0,0.0000,0,0,0,345.5736"
2026-05-24T16:42:22.773,14,IMU,12,Comm,1401201,"0.0,0.0,0.0,0.0,0.0,0.0,0.0,0.0,0.0,0.0,0.0,0.0"
2026-05-24T16:42:22.823,14,IMU,19,Motor,1401901,"0.0,0.0,0.0,0.0,0.0,0.0,0.0,0.0,0.0,0.0,0.0,0.0,0.0000,0,0,0,345.5736"
2026-05-24T16:42:22.873,14,IMU,19,Motor,1401901,"0.0,0.0,0.0,0.0,0.0,0.0,0.0,0.0,0.0,0.0,0.0,0.0,0.0000,0,0,0,345.5736"
2026-05-24T16:42:22.924,14,IMU,19,Motor,1401901,"0.0,0.0,0.0,0.0,0.0,0.0,0.0,0.0,0.0,0.0,0.0,0.0,0.0000,0,0,0,345.5736"
2026-05-24T16:42:22.974,14,IMU,19,Motor,1401901,"0.0,0.0,0.0,0.0,0.0,0.0,0.0,0.0,0.0,0.0,0.0,0.0,0.0000,0,0,0,345.5736"
2026-05-24T16:42:23.025,14,IMU,19,Motor,1401901,"0.0,0.0,0.0,0.0,0.0,0.0,0.0,0.0,0.0,0.0,0.0,0.0,0.0000,0,0,0,345.5736"
2026-05-24T16:42:23.075,14,IMU,19,Motor,1401901,"0.0,0.0,0.0,0.0,0.0,0.0,0.0,0.0,0.0,0.0,0.0,0.0,0.0000,0,0,0,345.5736"
2026-05-24T16:42:23.125,14,IMU,19,Motor,1401901,"0.0,0.0,0.0,0.0,0.0,0.0,0.0,0.0,0.0,0.0,0.0,0.0,0.0000,0,0,0,345.5736"
2026-05-24T16:42:23.176,14,IMU,19,Motor,1401901,"0.0,0.0,0.0,0.0,0.0,0.0,0.0,0.0,0.0,0.0,0.0,0.0,0.0000,0,0,0,345.5736"
2026-05-24T16:42:23.226,14,IMU,19,Motor,1401901,"0.0,0.0,0.0,0.0,0.0,0.0,0.0,0.0,0.0,0.0,0.0,0.0,0.0000,0,0,0,345.5736"
2026-05-24T16:42:23.276,14,IMU,19,Motor,1401901,"0.0,0.0,0.0,0.0,0.0,0.0,0.0,0.0,0.0,0.0,0.0,0.0,0.0000,0,0,0,345.5736"
2026-05-24T16:42:23.327,14,IMU,19,Motor,1401901,"0.0,0.0,0.0,0.0,0.0,0.0,0.0,0.0,0.0,0.0,0.0,0.0,0.0000,0,0,0,345.5736"
2026-05-24T16:42:23.377,14,IMU,19,Motor,1401901,"0.0,0.0,0.0,0.0,0.0,0.0,0.0,0.0,0.0,0.0,0.0,0.0,0.0000,0,0,0,345.5736"
2026-05-24T16:42:23.427,14,IMU,19,Motor,1401901,"0.0,0.0,0.0,0.0,0.0,0.0,0.0,0.0,0.0,0.0,0.0,0.0,0.0000,0,0,0,345.5736"
2026-05-24T16:42:23.478,14,IMU,19,Motor,1401901,"0.0,0.0,0.0,0.0,0.0,0.0,0.0,0.0,0.0,0.0,0.0,0.0,0.0000,0,0,0,345.5736"
2026-05-24T16:42:23.528,14,IMU,19,Motor,1401901,"0.0,0.0,0.0,0.0,0.0,0.0,0.0,0.0,0.0,0.0,0.0,0.0,0.0000,0,0,0,345.5736"
2026-05-24T16:42:23.578,14,IMU,19,Motor,1401901,"0.0,0.0,0.0,0.0,0.0,0.0,0.0,0.0,0.0,0.0,0.0,0.0,0.0000,0,0,0,345.5736"
2026-05-24T16:42:23.629,14,IMU,19,Motor,1401901,"0.0,0.0,0.0,0.0,0.0,0.0,0.0,0.0,0.0,0.0,0.0,0.0,0.0000,0,0,0,345.5736"
2026-05-24T16:42:23.679,14,IMU,19,Motor,1401901,"0.0,0.0,0.0,0.0,0.0,0.0,0.0,0.0,0.0,0.0,0.0,0.0,0.0000,0,0,0,345.5736"
2026-05-24T16:42:23.730,14,IMU,19,Motor,1401901,"0.0,0.0,0.0,0.0,0.0,0.0,0.0,0.0,0.0,0.0,0.0,0.0,0.0000,0,0,0,345.5736"
2026-05-24T16:42:23.780,14,IMU,19,Motor,1401901,"0.0,0.0,0.0,0.0,0.0,0.0,0.0,0.0,0.0,0.0,0.0,0.0,0.0000,0,0,0,345.5736"
2026-05-24T16:42:23.780,14,IMU,12,Comm,1401201,"0.0,0.0,0.0,0.0,0.0,0.0,0.0,0.0,0.0,0.0,0.0,0.0"
2026-05-24T16:42:23.831,14,IMU,19,Motor,1401901,"0.0,0.0,0.0,0.0,0.0,0.0,0.0,0.0,0.0,0.0,0.0,0.0,0.0000,0,0,0,345.5736"
2026-05-24T16:42:23.880,14,IMU,19,Motor,1401901,"0.0,0.0,0.0,0.0,0.0,0.0,0.0,0.0,0.0,0.0,0.0,0.0,0.0000,0,0,0,345.5736"
2026-05-24T16:42:23.931,14,IMU,19,Motor,1401901,"0.0,0.0,0.0,0.0,0.0,0.0,0.0,0.0,0.0,0.0,0.0,0.0,0.0000,0,0,0,345.5736"
2026-05-24T16:42:23.981,14,IMU,19,Motor,1401901,"0.0,0.0,0.0,0.0,0.0,0.0,0.0,0.0,0.0,0.0,0.0,0.0,0.0000,0,0,0,345.5736"
2026-05-24T16:42:24.032,14,IMU,19,Motor,1401901,"0.0,0.0,0.0,0.0,0.0,0.0,0.0,0.0,0.0,0.0,0.0,0.0,0.0000,0,0,0,345.5736"
2026-05-24T16:42:24.081,14,IMU,19,Motor,1401901,"0.0,0.0,0.0,0.0,0.0,0.0,0.0,0.0,0.0,0.0,0.0,0.0,0.0000,0,0,0,345.5736"
2026-05-24T16:42:24.132,14,IMU,19,Motor,1401901,"0.0,0.0,0.0,0.0,0.0,0.0,0.0,0.0,0.0,0.0,0.0,0.0,0.0000,0,0,0,345.5736"
2026-05-24T16:42:24.182,14,IMU,19,Motor,1401901,"0.0,0.0,0.0,0.0,0.0,0.0,0.0,0.0,0.0,0.0,0.0,0.0,0.0000,0,0,0,345.5736"
2026-05-24T16:42:24.232,14,IMU,19,Motor,1401901,"0.0,0.0,0.0,0.0,0.0,0.0,0.0,0.0,0.0,0.0,0.0,0.0,0.0000,0,0,0,345.5736"
2026-05-24T16:42:24.283,14,IMU,19,Motor,1401901,"0.0,0.0,0.0,0.0,0.0,0.0,0.0,0.0,0.0,0.0,0.0,0.0,0.0000,0,0,0,345.5736"
2026-05-24T16:42:24.333,14,IMU,19,Motor,1401901,"0.0,0.0,0.0,0.0,0.0,0.0,0.0,0.0,0.0,0.0,0.0,0.0,0.0000,0,0,0,345.5736"
2026-05-24T16:42:24.384,14,IMU,19,Motor,1401901,"0.0,0.0,0.0,0.0,0.0,0.0,0.0,0.0,0.0,0.0,0.0,0.0,0.0000,0,0,0,345.5736"
2026-05-24T16:42:24.434,14,IMU,19,Motor,1401901,"0.0,0.0,0.0,0.0,0.0,0.0,0.0,0.0,0.0,0.0,0.0,0.0,0.0000,0,0,0,345.5736"
2026-05-24T16:42:24.484,14,IMU,19,Motor,1401901,"0.0,0.0,0.0,0.0,0.0,0.0,0.0,0.0,0.0,0.0,0.0,0.0,0.0000,0,0,0,345.5736"
2026-05-24T16:42:24.534,14,IMU,19,Motor,1401901,"0.0,0.0,0.0,0.0,0.0,0.0,0.0,0.0,0.0,0.0,0.0,0.0,0.0000,0,0,0,345.5736"
2026-05-24T16:42:24.585,14,IMU,19,Motor,1401901,"0.0,0.0,0.0,0.0,0.0,0.0,0.0,0.0,0.0,0.0,0.0,0.0,0.0000,0,0,0,345.5736"
2026-05-24T16:42:24.635,14,IMU,19,Motor,1401901,"0.0,0.0,0.0,0.0,0.0,0.0,0.0,0.0,0.0,0.0,0.0,0.0,0.0000,0,0,0,345.5736"
2026-05-24T16:42:24.685,14,IMU,19,Motor,1401901,"0.0,0.0,0.0,0.0,0.0,0.0,0.0,0.0,0.0,0.0,0.0,0.0,0.0000,0,0,0,345.5736"
2026-05-24T16:42:24.736,14,IMU,19,Motor,1401901,"0.0,0.0,0.0,0.0,0.0,0.0,0.0,0.0,0.0,0.0,0.0,0.0,0.0000,0,0,0,345.5736"
2026-05-24T16:42:24.786,14,IMU,19,Motor,1401901,"0.0,0.0,0.0,0.0,0.0,0.0,0.0,0.0,0.0,0.0,0.0,0.0,0.0000,0,0,0,345.5736"
2026-05-24T16:42:24.787,14,IMU,12,Comm,1401201,"0.0,0.0,0.0,0.0,0.0,0.0,0.0,0.0,0.0,0.0,0.0,0.0"
2026-05-24T16:42:24.836,14,IMU,19,Motor,1401901,"0.0,0.0,0.0,0.0,0.0,0.0,0.0,0.0,0.0,0.0,0.0,0.0,0.0000,0,0,0,345.5736"
2026-05-24T16:42:24.887,14,IMU,19,Motor,1401901,"0.0,0.0,0.0,0.0,0.0,0.0,0.0,0.0,0.0,0.0,0.0,0.0,0.0000,0,0,0,345.5736"
2026-05-24T16:42:24.937,14,IMU,19,Motor,1401901,"0.0,0.0,0.0,0.0,0.0,0.0,0.0,0.0,0.0,0.0,0.0,0.0,0.0000,0,0,0,345.5736"
2026-05-24T16:42:24.987,14,IMU,19,Motor,1401901,"0.0,0.0,0.0,0.0,0.0,0.0,0.0,0.0,0.0,0.0,0.0,0.0,0.0000,0,0,0,345.5736"
2026-05-24T16:42:25.037,14,IMU,19,Motor,1401901,"0.0,0.0,0.0,0.0,0.0,0.0,0.0,0.0,0.0,0.0,0.0,0.0,0.0000,0,0,0,345.5736"
2026-05-24T16:42:25.088,14,IMU,19,Motor,1401901,"0.0,0.0,0.0,0.0,0.0,0.0,0.0,0.0,0.0,0.0,0.0,0.0,0.0000,0,0,0,345.5736"
2026-05-24T16:42:25.138,14,IMU,19,Motor,1401901,"0.0,0.0,0.0,0.0,0.0,0.0,0.0,0.0,0.0,0.0,0.0,0.0,0.0000,0,0,0,345.5736"
2026-05-24T16:42:25.189,14,IMU,19,Motor,1401901,"0.0,0.0,0.0,0.0,0.0,0.0,0.0,0.0,0.0,0.0,0.0,0.0,0.0000,0,0,0,345.5736"
2026-05-24T16:42:25.239,14,IMU,19,Motor,1401901,"0.0,0.0,0.0,0.0,0.0,0.0,0.0,0.0,0.0,0.0,0.0,0.0,0.0000,0,0,0,345.5736"
2026-05-24T16:42:25.289,14,IMU,19,Motor,1401901,"0.0,0.0,0.0,0.0,0.0,0.0,0.0,0.0,0.0,0.0,0.0,0.0,0.0000,0,0,0,345.5736"
2026-05-24T16:42:25.339,14,IMU,19,Motor,1401901,"0.0,0.0,0.0,0.0,0.0,0.0,0.0,0.0,0.0,0.0,0.0,0.0,0.0000,0,0,0,345.5736"
2026-05-24T16:42:25.390,14,IMU,19,Motor,1401901,"0.0,0.0,0.0,0.0,0.0,0.0,0.0,0.0,0.0,0.0,0.0,0.0,0.0000,0,0,0,345.5736"
2026-05-24T16:42:25.440,14,IMU,19,Motor,1401901,"0.0,0.0,0.0,0.0,0.0,0.0,0.0,0.0,0.0,0.0,0.0,0.0,0.0000,0,0,0,345.5736"
2026-05-24T16:42:25.490,14,IMU,19,Motor,1401901,"0.0,0.0,0.0,0.0,0.0,0.0,0.0,0.0,0.0,0.0,0.0,0.0,0.0000,0,0,0,345.5736"
2026-05-24T16:42:25.541,14,IMU,19,Motor,1401901,"0.0,0.0,0.0,0.0,0.0,0.0,0.0,0.0,0.0,0.0,0.0,0.0,0.0000,0,0,0,345.5736"
2026-05-24T16:42:25.591,14,IMU,19,Motor,1401901,"0.0,0.0,0.0,0.0,0.0,0.0,0.0,0.0,0.0,0.0,0.0,0.0,0.0000,0,0,0,345.5736"
2026-05-24T16:42:25.641,14,IMU,19,Motor,1401901,"0.0,0.0,0.0,0.0,0.0,0.0,0.0,0.0,0.0,0.0,0.0,0.0,0.0000,0,0,0,345.5736"
2026-05-24T16:42:25.692,14,IMU,19,Motor,1401901,"0.0,0.0,0.0,0.0,0.0,0.0,0.0,0.0,0.0,0.0,0.0,0.0,0.0000,0,0,0,345.5736"
2026-05-24T16:42:25.742,14,IMU,19,Motor,1401901,"0.0,0.0,0.0,0.0,0.0,0.0,0.0,0.0,0.0,0.0,0.0,0.0,0.0000,0,0,0,345.5736"
2026-05-24T16:42:25.792,14,IMU,19,Motor,1401901,"0.0,0.0,0.0,0.0,0.0,0.0,0.0,0.0,0.0,0.0,0.0,0.0,0.0000,0,0,0,345.5736"
2026-05-24T16:42:25.793,14,IMU,12,Comm,1401201,"0.0,0.0,0.0,0.0,0.0,0.0,0.0,0.0,0.0,0.0,0.0,0.0"
2026-05-24T16:42:25.842,14,IMU,19,Motor,1401901,"0.0,0.0,0.0,0.0,0.0,0.0,0.0,0.0,0.0,0.0,0.0,0.0,0.0000,0,0,0,345.5736"
2026-05-24T16:42:25.893,14,IMU,19,Motor,1401901,"0.0,0.0,0.0,0.0,0.0,0.0,0.0,0.0,0.0,0.0,0.0,0.0,0.0000,0,0,0,345.5736"
2026-05-24T16:42:25.943,14,IMU,19,Motor,1401901,"0.0,0.0,0.0,0.0,0.0,0.0,0.0,0.0,0.0,0.0,0.0,0.0,0.0000,0,0,0,345.5736"
2026-05-24T16:42:25.993,14,IMU,19,Motor,1401901,"0.0,0.0,0.0,0.0,0.0,0.0,0.0,0.0,0.0,0.0,0.0,0.0,0.0000,0,0,0,345.5736"
2026-05-24T16:42:26.044,14,IMU,19,Motor,1401901,"0.0,0.0,0.0,0.0,0.0,0.0,0.0,0.0,0.0,0.0,0.0,0.0,0.0000,0,0,0,345.5736"
2026-05-24T16:42:26.094,14,IMU,19,Motor,1401901,"0.0,0.0,0.0,0.0,0.0,0.0,0.0,0.0,0.0,0.0,0.0,0.0,0.0000,0,0,0,345.5736"
2026-05-24T16:42:26.144,14,IMU,19,Motor,1401901,"0.0,0.0,0.0,0.0,0.0,0.0,0.0,0.0,0.0,0.0,0.0,0.0,0.0000,0,0,0,345.5736"
2026-05-24T16:42:26.195,14,IMU,19,Motor,1401901,"0.0,0.0,0.0,0.0,0.0,0.0,0.0,0.0,0.0,0.0,0.0,0.0,0.0000,0,0,0,345.5736"
2026-05-24T16:42:26.245,14,IMU,19,Motor,1401901,"0.0,0.0,0.0,0.0,0.0,0.0,0.0,0.0,0.0,0.0,0.0,0.0,0.0000,0,0,0,345.5736"
2026-05-24T16:42:26.295,14,IMU,19,Motor,1401901,"0.0,0.0,0.0,0.0,0.0,0.0,0.0,0.0,0.0,0.0,0.0,0.0,0.0000,0,0,0,345.5736"
2026-05-24T16:42:26.346,14,IMU,19,Motor,1401901,"0.0,0.0,0.0,0.0,0.0,0.0,0.0,0.0,0.0,0.0,0.0,0.0,0.0000,0,0,0,345.5736"
2026-05-24T16:42:26.396,14,IMU,19,Motor,1401901,"0.0,0.0,0.0,0.0,0.0,0.0,0.0,0.0,0.0,0.0,0.0,0.0,0.0000,0,0,0,345.5736"
2026-05-24T16:42:26.446,14,IMU,19,Motor,1401901,"0.0,0.0,0.0,0.0,0.0,0.0,0.0,0.0,0.0,0.0,0.0,0.0,0.0000,0,0,0,345.5736"
2026-05-24T16:42:26.497,14,IMU,19,Motor,1401901,"0.0,0.0,0.0,0.0,0.0,0.0,0.0,0.0,0.0,0.0,0.0,0.0,0.0000,0,0,0,345.5736"
2026-05-24T16:42:26.547,14,IMU,19,Motor,1401901,"0.0,0.0,0.0,0.0,0.0,0.0,0.0,0.0,0.0,0.0,0.0,0.0,0.0000,0,0,0,345.5736"
2026-05-24T16:42:26.597,14,IMU,19,Motor,1401901,"0.0,0.0,0.0,0.0,0.0,0.0,0.0,0.0,0.0,0.0,0.0,0.0,0.0000,0,0,0,345.5736"
2026-05-24T16:42:26.648,14,IMU,19,Motor,1401901,"0.0,0.0,0.0,0.0,0.0,0.0,0.0,0.0,0.0,0.0,0.0,0.0,0.0000,0,0,0,345.5736"
2026-05-24T16:42:26.698,14,IMU,19,Motor,1401901,"0.0,0.0,0.0,0.0,0.0,0.0,0.0,0.0,0.0,0.0,0.0,0.0,0.0000,0,0,0,345.5736"
2026-05-24T16:42:26.748,14,IMU,19,Motor,1401901,"0.0,0.0,0.0,0.0,0.0,0.0,0.0,0.0,0.0,0.0,0.0,0.0,0.0000,0,0,0,345.5736"
2026-05-24T16:42:26.799,14,IMU,19,Motor,1401901,"0.0,0.0,0.0,0.0,0.0,0.0,0.0,0.0,0.0,0.0,0.0,0.0,0.0000,0,0,0,345.5736"
2026-05-24T16:42:26.799,14,IMU,12,Comm,1401201,"0.0,0.0,0.0,0.0,0.0,0.0,0.0,0.0,0.0,0.0,0.0,0.0"
2026-05-24T16:42:26.849,14,IMU,19,Motor,1401901,"0.0,0.0,0.0,0.0,0.0,0.0,0.0,0.0,0.0,0.0,0.0,0.0,0.0000,0,0,0,345.5736"
2026-05-24T16:42:26.899,14,IMU,19,Motor,1401901,"0.0,0.0,0.0,0.0,0.0,0.0,0.0,0.0,0.0,0.0,0.0,0.0,0.0000,0,0,0,345.5736"
2026-05-24T16:42:26.950,14,IMU,19,Motor,1401901,"0.0,0.0,0.0,0.0,0.0,0.0,0.0,0.0,0.0,0.0,0.0,0.0,0.0000,0,0,0,345.5736"
2026-05-24T16:42:27.000,14,IMU,19,Motor,1401901,"0.0,0.0,0.0,0.0,0.0,0.0,0.0,0.0,0.0,0.0,0.0,0.0,0.0000,0,0,0,345.5736"
2026-05-24T16:42:27.050,14,IMU,19,Motor,1401901,"0.0,0.0,0.0,0.0,0.0,0.0,0.0,0.0,0.0,0.0,0.0,0.0,0.0000,0,0,0,345.5736"
2026-05-24T16:42:27.100,14,IMU,19,Motor,1401901,"0.0,0.0,0.0,0.0,0.0,0.0,0.0,0.0,0.0,0.0,0.0,0.0,0.0000,0,0,0,345.5736"
2026-05-24T16:42:27.151,14,IMU,19,Motor,1401901,"0.0,0.0,0.0,0.0,0.0,0.0,0.0,0.0,0.0,0.0,0.0,0.0,0.0000,0,0,0,345.5736"
2026-05-24T16:42:27.201,14,IMU,19,Motor,1401901,"0.0,0.0,0.0,0.0,0.0,0.0,0.0,0.0,0.0,0.0,0.0,0.0,0.0000,0,0,0,345.5736"
2026-05-24T16:42:27.251,14,IMU,19,Motor,1401901,"0.0,0.0,0.0,0.0,0.0,0.0,0.0,0.0,0.0,0.0,0.0,0.0,0.0000,0,0,0,345.5736"
2026-05-24T16:42:27.302,14,IMU,19,Motor,1401901,"0.0,0.0,0.0,0.0,0.0,0.0,0.0,0.0,0.0,0.0,0.0,0.0,0.0000,0,0,0,345.5736"
2026-05-24T16:42:27.352,14,IMU,19,Motor,1401901,"0.0,0.0,0.0,0.0,0.0,0.0,0.0,0.0,0.0,0.0,0.0,0.0,0.0000,0,0,0,345.5736"
2026-05-24T16:42:27.402,14,IMU,19,Motor,1401901,"0.0,0.0,0.0,0.0,0.0,0.0,0.0,0.0,0.0,0.0,0.0,0.0,0.0000,0,0,0,345.5736"
2026-05-24T16:42:27.453,14,IMU,19,Motor,1401901,"0.0,0.0,0.0,0.0,0.0,0.0,0.0,0.0,0.0,0.0,0.0,0.0,0.0000,0,0,0,345.5736"
2026-05-24T16:42:27.503,14,IMU,19,Motor,1401901,"0.0,0.0,0.0,0.0,0.0,0.0,0.0,0.0,0.0,0.0,0.0,0.0,0.0000,0,0,0,345.5736"
2026-05-24T16:42:27.553,14,IMU,19,Motor,1401901,"0.0,0.0,0.0,0.0,0.0,0.0,0.0,0.0,0.0,0.0,0.0,0.0,0.0000,0,0,0,345.5736"
2026-05-24T16:42:27.604,14,IMU,19,Motor,1401901,"0.0,0.0,0.0,0.0,0.0,0.0,0.0,0.0,0.0,0.0,0.0,0.0,0.0000,0,0,0,345.5736"
2026-05-24T16:42:27.654,14,IMU,19,Motor,1401901,"0.0,0.0,0.0,0.0,0.0,0.0,0.0,0.0,0.0,0.0,0.0,0.0,0.0000,0,0,0,345.5736"
2026-05-24T16:42:27.704,14,IMU,19,Motor,1401901,"0.0,0.0,0.0,0.0,0.0,0.0,0.0,0.0,0.0,0.0,0.0,0.0,0.0000,0,0,0,345.5736"
2026-05-24T16:42:27.754,14,IMU,19,Motor,1401901,"0.0,0.0,0.0,0.0,0.0,0.0,0.0,0.0,0.0,0.0,0.0,0.0,0.0000,0,0,0,345.5736"
2026-05-24T16:42:27.805,14,IMU,19,Motor,1401901,"0.0,0.0,0.0,0.0,0.0,0.0,0.0,0.0,0.0,0.0,0.0,0.0,0.0000,0,0,0,345.5736"
2026-05-24T16:42:27.805,14,IMU,12,Comm,1401201,"0.0,0.0,0.0,0.0,0.0,0.0,0.0,0.0,0.0,0.0,0.0,0.0"
2026-05-24T16:42:27.855,14,IMU,19,Motor,1401901,"0.0,0.0,0.0,0.0,0.0,0.0,0.0,0.0,0.0,0.0,0.0,0.0,0.0000,0,0,0,345.5736"
2026-05-24T16:42:27.906,14,IMU,19,Motor,1401901,"0.0,0.0,0.0,0.0,0.0,0.0,0.0,0.0,0.0,0.0,0.0,0.0,0.0000,0,0,0,345.5736"
2026-05-24T16:42:27.956,14,IMU,19,Motor,1401901,"0.0,0.0,0.0,0.0,0.0,0.0,0.0,0.0,0.0,0.0,0.0,0.0,0.0000,0,0,0,345.5736"
2026-05-24T16:42:28.006,14,IMU,19,Motor,1401901,"0.0,0.0,0.0,0.0,0.0,0.0,0.0,0.0,0.0,0.0,0.0,0.0,0.0000,0,0,0,345.5736"
2026-05-24T16:42:28.056,14,IMU,19,Motor,1401901,"0.0,0.0,0.0,0.0,0.0,0.0,0.0,0.0,0.0,0.0,0.0,0.0,0.0000,0,0,0,345.5736"
2026-05-24T16:42:28.107,14,IMU,19,Motor,1401901,"0.0,0.0,0.0,0.0,0.0,0.0,0.0,0.0,0.0,0.0,0.0,0.0,0.0000,0,0,0,345.5736"
2026-05-24T16:42:28.157,14,IMU,19,Motor,1401901,"0.0,0.0,0.0,0.0,0.0,0.0,0.0,0.0,0.0,0.0,0.0,0.0,0.0000,0,0,0,345.5736"
2026-05-24T16:42:28.207,14,IMU,19,Motor,1401901,"0.0,0.0,0.0,0.0,0.0,0.0,0.0,0.0,0.0,0.0,0.0,0.0,0.0000,0,0,0,345.5736"
2026-05-24T16:42:28.258,14,IMU,19,Motor,1401901,"0.0,0.0,0.0,0.0,0.0,0.0,0.0,0.0,0.0,0.0,0.0,0.0,0.0000,0,0,0,345.5736"
2026-05-24T16:42:28.308,14,IMU,19,Motor,1401901,"0.0,0.0,0.0,0.0,0.0,0.0,0.0,0.0,0.0,0.0,0.0,0.0,0.0000,0,0,0,345.5736"
2026-05-24T16:42:28.358,14,IMU,19,Motor,1401901,"0.0,0.0,0.0,0.0,0.0,0.0,0.0,0.0,0.0,0.0,0.0,0.0,0.0000,0,0,0,345.5736"
2026-05-24T16:42:28.409,14,IMU,19,Motor,1401901,"0.0,0.0,0.0,0.0,0.0,0.0,0.0,0.0,0.0,0.0,0.0,0.0,0.0000,0,0,0,345.5736"
2026-05-24T16:42:28.459,14,IMU,19,Motor,1401901,"0.0,0.0,0.0,0.0,0.0,0.0,0.0,0.0,0.0,0.0,0.0,0.0,0.0000,0,0,0,345.5736"
2026-05-24T16:42:28.510,14,IMU,19,Motor,1401901,"0.0,0.0,0.0,0.0,0.0,0.0,0.0,0.0,0.0,0.0,0.0,0.0,0.0000,0,0,0,345.5736"
2026-05-24T16:42:28.560,14,IMU,19,Motor,1401901,"0.0,0.0,0.0,0.0,0.0,0.0,0.0,0.0,0.0,0.0,0.0,0.0,0.0000,0,0,0,345.5736"
2026-05-24T16:42:28.611,14,IMU,19,Motor,1401901,"0.0,0.0,0.0,0.0,0.0,0.0,0.0,0.0,0.0,0.0,0.0,0.0,0.0000,0,0,0,345.5736"
2026-05-24T16:42:28.661,14,IMU,19,Motor,1401901,"0.0,0.0,0.0,0.0,0.0,0.0,0.0,0.0,0.0,0.0,0.0,0.0,0.0000,0,0,0,345.5736"
2026-05-24T16:42:28.711,14,IMU,19,Motor,1401901,"0.0,0.0,0.0,0.0,0.0,0.0,0.0,0.0,0.0,0.0,0.0,0.0,0.0000,0,0,0,345.5736"
2026-05-24T16:42:28.761,14,IMU,19,Motor,1401901,"0.0,0.0,0.0,0.0,0.0,0.0,0.0,0.0,0.0,0.0,0.0,0.0,0.0000,0,0,0,345.5736"
2026-05-24T16:42:28.812,14,IMU,19,Motor,1401901,"0.0,0.0,0.0,0.0,0.0,0.0,0.0,0.0,0.0,0.0,0.0,0.0,0.0000,0,0,0,345.5736"
2026-05-24T16:42:28.812,14,IMU,12,Comm,1401201,"0.0,0.0,0.0,0.0,0.0,0.0,0.0,0.0,0.0,0.0,0.0,0.0"
2026-05-24T16:42:28.862,14,IMU,19,Motor,1401901,"0.0,0.0,0.0,0.0,0.0,0.0,0.0,0.0,0.0,0.0,0.0,0.0,0.0000,0,0,0,345.5736"
2026-05-24T16:42:28.913,14,IMU,19,Motor,1401901,"0.0,0.0,0.0,0.0,0.0,0.0,0.0,0.0,0.0,0.0,0.0,0.0,0.0000,0,0,0,345.5736"
2026-05-24T16:42:28.963,14,IMU,19,Motor,1401901,"0.0,0.0,0.0,0.0,0.0,0.0,0.0,0.0,0.0,0.0,0.0,0.0,0.0000,0,0,0,345.5736"
2026-05-24T16:42:29.013,14,IMU,19,Motor,1401901,"0.0,0.0,0.0,0.0,0.0,0.0,0.0,0.0,0.0,0.0,0.0,0.0,0.0000,0,0,0,345.5736"
2026-05-24T16:42:29.064,14,IMU,19,Motor,1401901,"0.0,0.0,0.0,0.0,0.0,0.0,0.0,0.0,0.0,0.0,0.0,0.0,0.0000,0,0,0,345.5736"
2026-05-24T16:42:29.114,14,IMU,19,Motor,1401901,"0.0,0.0,0.0,0.0,0.0,0.0,0.0,0.0,0.0,0.0,0.0,0.0,0.0000,0,0,0,345.5736"
2026-05-24T16:42:29.164,14,IMU,19,Motor,1401901,"0.0,0.0,0.0,0.0,0.0,0.0,0.0,0.0,0.0,0.0,0.0,0.0,0.0000,0,0,0,345.5736"
2026-05-24T16:42:29.215,14,IMU,19,Motor,1401901,"0.0,0.0,0.0,0.0,0.0,0.0,0.0,0.0,0.0,0.0,0.0,0.0,0.0000,0,0,0,345.5736"
2026-05-24T16:42:29.265,14,IMU,19,Motor,1401901,"0.0,0.0,0.0,0.0,0.0,0.0,0.0,0.0,0.0,0.0,0.0,0.0,0.0000,0,0,0,345.5736"
2026-05-24T16:42:29.315,14,IMU,19,Motor,1401901,"0.0,0.0,0.0,0.0,0.0,0.0,0.0,0.0,0.0,0.0,0.0,0.0,0.0000,0,0,0,345.5736"
2026-05-24T16:42:29.366,14,IMU,19,Motor,1401901,"0.0,0.0,0.0,0.0,0.0,0.0,0.0,0.0,0.0,0.0,0.0,0.0,0.0000,0,0,0,345.5736"
2026-05-24T16:42:29.416,14,IMU,19,Motor,1401901,"0.0,0.0,0.0,0.0,0.0,0.0,0.0,0.0,0.0,0.0,0.0,0.0,0.0000,0,0,0,345.5736"
2026-05-24T16:42:29.467,14,IMU,19,Motor,1401901,"0.0,0.0,0.0,0.0,0.0,0.0,0.0,0.0,0.0,0.0,0.0,0.0,0.0000,0,0,0,345.5736"
2026-05-24T16:42:29.517,14,IMU,19,Motor,1401901,"0.0,0.0,0.0,0.0,0.0,0.0,0.0,0.0,0.0,0.0,0.0,0.0,0.0000,0,0,0,345.5736"
2026-05-24T16:42:29.567,14,IMU,19,Motor,1401901,"0.0,0.0,0.0,0.0,0.0,0.0,0.0,0.0,0.0,0.0,0.0,0.0,0.0000,0,0,0,345.5736"
2026-05-24T16:42:29.618,14,IMU,19,Motor,1401901,"0.0,0.0,0.0,0.0,0.0,0.0,0.0,0.0,0.0,0.0,0.0,0.0,0.0000,0,0,0,345.5736"
2026-05-24T16:42:29.668,14,IMU,19,Motor,1401901,"0.0,0.0,0.0,0.0,0.0,0.0,0.0,0.0,0.0,0.0,0.0,0.0,0.0000,0,0,0,345.5736"
2026-05-24T16:42:29.718,14,IMU,19,Motor,1401901,"0.0,0.0,0.0,0.0,0.0,0.0,0.0,0.0,0.0,0.0,0.0,0.0,0.0000,0,0,0,345.5736"
