 <MISSION_TIME>,<TEAM ID>, <PACKET_COUNT>, <MODE>, <STATE>, <ALTITUDE>, <TEMPERATURE>, <PRESSURE>,<VOLTAGE>, <GYRO-R>, <GYRO-P>, <GYRO_Y>, <ACCEL_R>, <ACCEL_P>, <ACCEL_Y>, <MAG_R>, <MAG_P>, <MAG_Y>, <AUTO_GYRO_ROTATION_RATE>, <GPS_TIME>, <GPS_ALTITUDE>, <GPS_LATITUDE>, <GPS_LONGTITUDE>, <GPS_SATS>, <CMD_ECHO>
12:12:12,3139,35,F,LAUNCH_PAD ,5,25.3,101,3.3,180,281,155,123,10,255,25,111,354,180,12:12:12,5,37.3356,126.5558,4,STGPS  
12:12:13,3139,36,F,LAUNCH_PAD ,5,26.95524274,95.69797868,3.302161199,169.7701612,303.459956,142.2660493,125.6103465,10.35527301,272.6661078,23.34071964,103.978994,350.933031,173.0901428,12:12:13,5,23.11530048,30.13945396,2,STGPS  
12:12:14,3139,37,F,LAUNCH_PAD ,5,24.35521202,130.3177368,3.299203123,170.2131686,300.4438946,163.2797366,128.4591447,9.988144631,241.366209,22.92448144,113.2394248,379.5907923,196.1367701,12:12:14,5,23.11530048,30.13945396,0,STGPS  
12:12:15,3139,38,F,LAUNCH_PAD ,5,24.02682039,190.0017624,3.302977569,181.5375478,289.5021383,154.0012522,123.5527543,9.052776771,264.2357181,22.6402787,111.6356495,353.3247797,183.1545623,12:12:15,5,23.11530048,30.13945396,2,STGPS  
12:12:16,3139,39,F,LAUNCH_PAD ,5,24.38421647,135.0650752,3.301669385,167.4007383,259.9132006,163.2782169,111.0588463,10.83730669,261.383181,27.1908169,103.8529915,364.2260157,176.325866,12:12:16,5,23.11530048,30.13945396,2,STGPS  
12:12:17,3139,40,F,LAUNCH_PAD ,5,27.14431023,161.8908805,3.303144642,174.9661156,296.7956082,163.7076135,111.9328062,10.03679528,245.5856099,26.15850582,107.265752,320.0264146,190.1734536,12:12:17,5,23.11530048,30.13945396,4,STGPS  
12:12:18,3139,41,F,LAUNCH_PAD ,5,24.55591315,177.0790833,3.299360514,182.0212365,301.8934728,152.421797,119.558174,9.508726892,251.1143423,23.10888612,110.3412185,334.5267358,184.1156537,12:12:18,5,23.11530048,30.13945396,0,STGPS  
12:12:19,3139,42,F,LAUNCH_PAD ,5,24.56459824,155.2834997,3.301082961,175.1473379,254.928032,162.592965,112.0621174,10.4429868,246.313935,23.40533132,103.1258372,328.3799352,174.1737722,12:12:19,5,23.11530048,30.13945396,2,STGPS  
12:12:20,3139,43,F,LAUNCH_PAD ,5,24.89463051,156.7778169,3.303251853,191.1024281,280.7814944,149.3544092,120.4313676,10.53175624,241.2396633,23.91400235,119.3415427,379.7296568,168.5430743,12:12:20,5,23.11530048,30.13945396,2,STGPS  
12:12:21,3139,44,F,LAUNCH_PAD ,5,25.28072182,150.2633665,3.302014638,197.0738974,263.638919,151.5913479,129.1292507,9.568155608,251.5730138,25.82816078,117.5853649,379.2955499,186.007296,12:12:21,5,23.11530048,30.13945396,4,STGPS  
12:12:22,3139,45,F,FLIGHT,5,25.36431554,201.6428572,3.301810522,183.4805722,275.9640047,163.7396401,114.8770024,10.61973525,261.2895551,26.19052372,107.2691666,324.912979,169.5844901,12:12:22,5,23.11530048,30.13945396,4,STGPS  
12:12:23,3139,46,F,FLIGHT,5,24.0232039,189.3655214,3.297524201,175.2150051,264.4351068,163.7271403,128.7611727,9.926194446,247.0895469,25.59826462,114.6876726,342.7813569,195.9376003,12:12:23,5,23.11530048,30.13945396,0,STGPS  
12:12:24,3139,47,F,FLIGHT,5,23.96395365,174.5132764,3.297925494,180.8101354,272.5735523,161.6741322,114.5325638,9.241453827,269.0077569,26.54940297,101.2259525,366.3253536,196.5800388,12:12:24,5,23.11530048,30.13945396,0,STGPS  
12:12:25,3139,48,F,FLIGHT,5,25.51461695,160.9812573,3.30238687,167.0472731,254.3083351,165.0228195,111.5285845,10.82229887,240.3503613,23.55919541,118.3062952,319.0972699,178.430857,12:12:25,5,23.11530048,30.13945396,3,STGPS  
12:12:26,3139,49,F,FLIGHT,5,24.68020209,124.3557276,3.297381489,188.3460277,273.426884,147.890596,117.4861088,10.61392969,236.8104581,25.62582484,115.4035814,378.868324,169.6850542,12:12:26,5,23.11530048,30.13945396,0,STGPS  
12:12:27,3139,50,F,FLIGHT,5,27.34932386,145.4615362,3.303074959,175.5277972,294.1868121,157.479841,130.0562058,10.74637535,277.8198659,24.26668642,119.175356,322.553432,173.2303517,12:12:27,5,23.11530048,30.13945396,4,STGPS  
12:12:28,3139,51,F,FLIGHT,5,24.36297759,131.940395,3.297384142,176.7794003,266.7125869,149.6774119,129.4278136,10.98883525,276.1155679,25.68065161,100.4719727,334.3883986,197.7052455,12:12:28,5,23.11530048,30.13945396,0,STGPS  
12:12:29,3139,52,F,FLIGHT,5,24.85924797,188.208418,3.296732708,189.2375481,261.9252124,143.4279464,114.8418218,9.523099362,271.596209,23.23251811,105.0095624,361.7671795,164.8335194,12:12:29,5,23.11530048,30.13945396,1,STGPS  
12:12:30,3139,53,F,FLIGHT,5,27.75309569,140.7894688,3.298620795,188.0642655,286.620514,166.5047151,111.1487224,9.224253474,273.1820225,24.43815091,119.1574075,367.6486184,179.6102538,12:12:30,5,23.11530048,30.13945396,0,STGPS  
12:12:31,3139,54,F,FLIGHT,5,23.17552821,176.6700362,3.299731432,179.980972,270.7323499,157.6037113,134.0366716,10.82266266,256.8210465,26.8810647,121.9903289,319.8814074,175.4133167,12:12:31,5,23.11530048,30.13945396,2,STGPS  
12:12:32,3139,55,F,FLIGHT,5,23.580501,288.3214291,3.301382381,176.7972579,304.3890171,139.95901,112.1451311,10.36446652,269.7237118,25.55157931,110.1604412,347.6117415,173.565094,12:12:32,5,23.11530048,30.13945396,6,STGPS  
12:12:33,3139,56,F,FLIGHT,5,25.3481044,253.0500023,3.29971719,187.9950281,260.0606258,152.5228124,120.8328868,9.222825282,251.6306962,23.25205591,111.5032983,367.2750214,180.4380113,12:12:33,5,23.11530048,30.13945396,9,STGPS  
12:12:34,3139,57,F,FLIGHT,5,24.21722651,-38.12867729,3.300488944,179.8733492,292.7937159,142.6493081,122.5797997,10.36099497,241.7910383,27.12293678,120.805943,346.1855951,178.7925083,12:12:34,5,23.11530048,30.13945396,7,STGPS  
12:12:35,3139,58,F,FLIGHT,6,25.11143925,14.50842928,3.299313733,172.231444,266.1954212,143.2402771,125.9202033,10.60223779,233.7342857,22.5004779,112.5378722,381.9599041,189.8148221,12:12:35,6,23.11530048,30.13945396,5,STGPS  
12:12:36,3139,59,F,FLIGHT,10,24.10251137,-8.472146973,3.30068307,197.1500836,303.6708027,160.4079642,112.5732787,9.701742028,243.7645089,22.61084292,107.1339019,330.4373623,190.7885323,12:12:36,10,23.11530048,30.13945396,6,STGPS  
12:12:37,3139,60,F,FLIGHT,19,24.22929551,7.267024022,3.297136231,195.9698631,265.2328037,147.9729987,127.8974915,9.552611495,247.4759066,27.20999251,105.4817594,334.6535112,180.9535056,12:12:37,19,23.11530048,30.13945396,9,STGPS  
12:12:38,3139,61,F,FLIGHT,35,26.22236248,4.447301514,3.302531947,182.8546255,260.5449617,153.4137179,122.276667,9.546427003,244.370379,22.58703388,108.4310381,348.2785259,197.7884817,12:12:38,35,23.11530048,30.13945396,4,STGPS  
12:12:39,3139,62,F,FLIGHT,60,27.26899756,-1.678161708,3.300505499,176.6029165,293.732892,140.8409148,112.2233825,9.452252429,236.6189055,24.60682575,108.7489915,356.0191644,162.2609012,12:12:39,60,23.11530048,30.13945396,6,STGPS  
12:12:40,3139,63,F,FLIGHT,96,25.94446594,1.340838924,3.298260857,162.8960544,287.8717331,145.5929142,128.1817549,10.75721377,243.3516975,24.41075974,119.742671,321.8163342,183.8667707,12:12:40,96,23.11530048,30.13945396,1,STGPS  
12:12:41,3139,64,F,FLIGHT,145,25.60064588,-0.547125918,3.300136116,180.8222729,275.9866255,168.5742044,129.6362418,9.553791342,251.3480408,26.13462136,115.3119772,376.6960999,173.8738511,12:12:41,145,23.11530048,30.13945396,6,STGPS  
12:12:42,3139,65,F,FLIGHT,209,27.43997207,0.318278213,3.301073952,175.1180678,278.5277461,164.378272,114.0130175,10.47028989,232.3385145,26.64115569,118.4304476,320.9110241,195.0017965,12:12:42,209,23.11530048,30.13945396,6,STGPS  
12:12:43,3139,66,F,FLIGHT,290,25.40817469,-0.165894013,3.300038563,182.0359552,271.2351985,154.5778685,133.5095172,9.645504933,263.3545834,24.9789673,121.0897889,388.2839958,163.9139655,12:12:43,290,23.11530048,30.13945396,5,STGPS  
12:12:44,3139,67,F,FLIGHT,390,25.85752705,0.053470043,3.302609018,175.2160099,276.9538169,165.8656645,131.6308215,9.360754428,243.0245301,26.73366416,120.7823823,352.5053115,172.1464161,12:12:44,390,23.11530048,30.13945396,6,STGPS  
12:12:45,3139,68,F,FLIGHT,511,26.20201517,-0.038237203,3.299547056,196.972957,261.0873604,152.4810579,134.1748299,9.847359494,233.6593946,24.99260769,121.9157097,384.2410457,168.3937051,12:12:45,511,23.11530048,30.13945396,3,STGPS  
12:12:46,3139,69,F,FLIGHT,655,26.55655302,0.028461014,3.302110739,179.9106725,263.8989467,160.2926229,131.0631147,9.777239771,240.4135678,26.87203109,101.7085539,350.9620654,163.6262689,12:12:46,655,23.11530048,30.13945396,0,STGPS  
12:12:47,3139,70,F,FLIGHT,824,23.10271299,0.023713745,3.297230062,163.6479228,268.2568337,148.5956847,112.875767,9.04908585,234.5554932,26.24826711,119.4008162,322.2146223,173.5366357,12:12:47,824,23.11530048,30.13945396,5,STGPS  
12:12:48,3139,71,F,FLIGHT,1020,25.05817225,0.003161791,3.300217092,173.2518404,253.2787478,165.6180634,114.778159,10.47848867,265.8087012,23.3876686,117.2937885,342.037029,169.0907092,12:12:48,1020,23.11530048,30.13945396,3,STGPS  
12:12:49,3139,72,F,FLIGHT,1018.898488,26.65785635,0.000514053,3.298961473,194.5807097,257.1550858,146.2512124,122.5196401,9.167029898,239.4194925,27.30829306,104.8474061,363.2327593,165.6328991,12:12:49,1018.898488,23.11530048,30.13945396,8,STGPS  
12:12:50,3139,73,F,FLIGHT,1017.796976,24.92695305,0.000359642,3.298363116,190.1381802,279.8834616,157.8162807,134.1917786,10.92728267,231.0498194,23.50868582,106.9323124,347.5609574,168.5679378,12:12:50,1017.796976,23.11530048,30.13945396,6,STGPS  
12:12:51,3139,74,F,FLIGHT,1016.695464,25.54918913,-3.33E-05,3.302405648,172.664666,284.3970405,164.221498,113.8360027,9.204145569,232.4498724,26.25892959,102.3507593,326.0693884,169.4304556,12:12:51,1016.695464,23.11530048,30.13945396,1,STGPS  
12:12:52,3139,75,F,FLIGHT,1015.593952,26.14627971,1.01E-05,3.30075843,172.0895218,269.4510303,147.9499187,121.6045761,9.484185586,257.8498908,26.78726246,113.2157417,330.2745417,170.3923098,12:12:52,1015.593952,23.11530048,30.13945396,0,STGPS  
12:12:53,3139,76,F,FLIGHT,1014.492441,25.09136477,5.76E-06,3.298842593,189.9948139,293.7354983,147.5345715,112.5418579,9.825407177,278.7480069,27.06926789,106.4663536,354.8307199,184.2180682,12:12:53,1014.492441,23.11530048,30.13945396,9,STGPS  
12:12:54,3139,77,F,FLIGHT,1013.390929,24.42604476,-5.55E-06,3.297308536,182.9692387,267.8161877,161.9000079,123.2074229,9.307342232,237.6417337,26.72714178,115.1922141,369.3681685,182.3800884,12:12:54,1013.390929,23.11530048,30.13945396,5,STGPS  
12:12:55,3139,78,F,FLIGHT,1012.289417,23.24638969,5.43E-06,3.303196447,197.4254805,265.8892918,150.1954088,126.1068921,9.954549376,254.2301392,27.23692906,102.046017,368.8018633,186.5901598,12:12:55,1012.289417,23.11530048,30.13945396,7,STGPS  
12:12:56,3139,79,F,FLIGHT,1011.187905,26.30915463,1.34E-06,3.302629527,189.6026718,289.0257787,160.0911424,130.321884,9.458777152,229.7913462,24.05694456,111.7748582,382.1336607,169.7562458,12:12:56,1011.187905,23.11530048,30.13945396,2,STGPS  
12:12:57,3139,80,F,FLIGHT,1010.086393,24.82195139,4.45E-07,3.297772819,179.7561647,253.2855496,157.2622699,124.2732644,9.933653683,260.5067914,23.42344748,115.34652,324.2446685,178.207858,12:12:57,1010.086393,23.11530048,30.13945396,1,STGPS  
12:12:58,3139,81,F,FLIGHT,1008.984881,22.97767252,-2.26E-07,3.299870373,191.076999,271.952248,146.4188513,111.3197968,10.83425842,257.3986975,24.55083362,117.0539824,354.6358681,177.3717566,12:12:58,1008.984881,23.11530048,30.13945396,1,STGPS  
12:12:59,3139,82,F,FLIGHT,1007.883369,26.88643349,-6.56E-08,3.300060752,163.2065527,263.6828477,158.5057205,116.1736807,9.948862816,251.1029484,23.4363912,111.6025434,361.555266,196.04115,12:12:59,1007.883369,23.11530048,30.13945396,8,STGPS  
12:13:00,3139,83,F,FLIGHT,1006.781857,22.89273596,3.06E-08,3.302394946,184.9930513,276.7345579,159.9949413,114.6322758,10.50457918,273.0717649,23.80087199,118.6483198,351.220569,166.8789082,12:13:00,1006.781857,23.11530048,30.13945396,0,STGPS  
12:13:01,3139,84,F,FLIGHT,1005.680346,26.29485007,1.45E-08,3.300695558,178.0172198,281.3334156,157.2606577,129.4342659,10.13735882,237.6049027,26.52791801,109.7343696,387.785267,185.2386391,12:13:01,1005.680346,23.11530048,30.13945396,2,STGPS  
12:13:02,3139,85,F,FLIGHT,1004.578834,24.77669794,-1.06E-08,3.302792254,162.2987006,262.2451008,150.5568265,124.6259728,10.6178161,239.2113115,23.01957661,111.1041457,373.8621506,171.1079625,12:13:02,1004.578834,23.11530048,30.13945396,2,STGPS  
12:13:03,3139,86,F,FLIGHT,1003.477322,23.25382943,-9.79E-09,3.302477892,176.623075,293.9071772,140.3275991,126.8820301,10.9284537,257.8782898,25.04040504,111.4825245,344.7987834,192.7954632,12:13:03,1003.477322,23.11530048,30.13945396,5,STGPS  
12:13:04,3139,87,F,FLIGHT,1002.37581,23.47722375,-3.51E-09,3.297810412,164.0609346,261.0437462,155.7923151,125.1388502,9.851742801,276.0050095,24.79027319,109.0079289,347.4040096,195.2608957,12:13:04,1002.37581,23.11530048,30.13945396,6,STGPS  
12:13:05,3139,88,F,FLIGHT,1001.274298,27.34277536,-1.30E-09,3.297925825,163.3314391,282.760526,164.6483103,122.8990215,10.34018869,274.8950771,27.27782932,106.8282339,384.6790313,187.2866563,12:13:05,1001.274298,23.11530048,30.13945396,9,STGPS  
12:13:06,3139,89,F,FLIGHT,1000.172786,27.21716174,-5.66E-10,3.298706789,171.5133787,302.3688922,169.7283491,115.9045683,9.090287514,280.2805577,24.39448659,118.057517,387.3720701,169.9044279,12:13:06,1000.172786,23.11530048,30.13945396,1,STGPS  
12:13:07,3139,90,F,FLIGHT,999.0712743,24.58998513,5.05E-10,3.298540237,191.593585,264.0645216,154.5979913,116.4927778,10.0978934,266.4593623,25.97961473,103.3404408,370.7836164,169.4632201,12:13:07,999.0712743,23.11530048,30.13945396,7,STGPS  
12:13:08,3139,91,F,FLIGHT,997.9697624,25.8839526,4.28E-10,3.302523143,173.6900324,281.3335267,149.9452374,130.6274121,9.946494803,242.8347737,23.75219975,109.0221067,352.5246003,183.6320127,12:13:08,997.9697624,23.11530048,30.13945396,5,STGPS  
12:13:09,3139,92,F,FLIGHT,996.8682505,23.80325439,2.89E-10,3.300483702,165.7117209,255.6671538,145.9674218,123.8882203,9.421672825,236.0583439,24.81782837,116.9294719,359.8130365,171.8089603,12:13:09,996.8682505,23.11530048,30.13945396,7,STGPS  
12:13:10,3139,93,F,FLIGHT,995.7667387,23.89666555,-1.19E-10,3.300142019,170.8734189,283.6569669,168.0973048,127.1186524,9.768944827,258.5656645,23.92419395,107.6449993,375.2762857,171.018126,12:13:10,995.7667387,23.11530048,30.13945396,1,STGPS  
12:13:11,3139,94,F,FLIGHT,994.6652268,24.71175054,5.85E-11,3.302068453,178.6656196,297.4348406,146.2058109,127.2751132,9.798249047,259.2856839,23.07495918,109.3768414,340.4502913,181.9101123,12:13:11,994.6652268,23.11530048,30.13945396,1,STGPS  
12:13:12,3139,95,F,FLIGHT,993.5637149,24.28762134,1.46E-11,3.299681428,166.6194349,255.0514889,164.6767616,119.2325112,9.734157968,261.5320875,24.82638216,121.652837,327.6369333,175.401362,12:13:12,993.5637149,23.11530048,30.13945396,4,STGPS  
12:13:13,3139,96,F,FLIGHT,992.462203,24.94925776,4.84E-12,3.301232558,163.021594,277.5743957,150.2677528,112.8660728,10.08167616,270.500849,22.70598227,111.1424328,342.6705852,165.1841488,12:13:13,992.462203,23.11530048,30.13945396,7,STGPS  
12:13:14,3139,97,F,FLIGHT,991.3606911,25.66953536,-4.48E-12,3.301763546,180.9934604,293.2778185,142.0973422,127.4446211,9.916956912,244.1753565,23.77000112,101.5589091,386.974826,193.455297,12:13:14,991.3606911,23.11530048,30.13945396,4,STGPS  
12:13:15,3139,98,F,FLIGHT,990.2591793,25.61501489,-3.85E-12,3.300095286,177.0800637,268.687159,140.6305326,116.0728506,10.58057345,271.5337981,24.39989159,108.5697088,383.9926607,197.7179045,12:13:15,990.2591793,23.11530048,30.13945396,9,STGPS  
12:13:16,3139,99,F,FLIGHT,989.1576674,26.30295952,1.29E-12,3.301780679,191.1152107,267.5881761,154.0178553,131.6261039,10.4074635,247.4798794,23.13181062,117.7827188,340.0766842,182.5483506,12:13:16,989.1576674,23.11530048,30.13945396,2,STGPS  
12:13:17,3139,100,F,FLIGHT,988.0561555,23.270135,7.65E-13,3.297703938,183.8707073,286.358136,148.3327282,125.2858527,9.402820683,239.7435299,25.1182583,102.6772708,362.896021,186.9259503,12:13:17,988.0561555,23.11530048,30.13945396,3,STGPS  
12:13:18,3139,101,F,FLIGHT,986.9546436,27.16688953,3.51E-13,3.298512355,181.2741284,293.8905068,146.3246197,123.4134945,10.73933195,239.803993,26.49153733,106.9909016,347.7488771,169.3314069,12:13:18,986.9546436,23.11530048,30.13945396,5,STGPS  
12:13:19,3139,102,F,FLIGHT,985.8531317,24.73481729,-1.49E-13,3.299313638,190.9666451,286.3518275,148.933677,131.3142747,9.505491835,237.1015137,25.6183915,100.7089188,362.4255133,181.759809,12:13:19,985.8531317,23.11530048,30.13945396,7,STGPS  
12:13:20,3139,103,F,FLIGHT,984.7516199,23.07079879,6.45E-14,3.300664055,176.3307471,308.6939162,168.4035983,119.5705118,9.331208321,244.8109923,27.08319997,101.1925556,386.0529953,162.6127469,12:13:20,984.7516199,23.11530048,30.13945396,1,STGPS  
12:13:21,3139,104,F,FLIGHT,983.650108,26.32271618,-4.30E-15,3.302347778,170.8709264,268.5632747,149.652331,122.124347,10.28181426,258.0251463,22.68373804,104.9865956,347.0585445,188.1938675,12:13:21,983.650108,23.11530048,30.13945396,9,STGPS  
12:13:22,3139,105,F,FLIGHT,982.5485961,25.80553101,4.33E-17,3.299882453,167.0843743,261.8865386,156.8176396,131.6354954,10.90849624,234.0726973,24.62609668,109.044634,377.0415067,177.0425101,12:13:22,982.5485961,23.11530048,30.13945396,0,STGPS  
12:13:23,3139,106,F,FLIGHT,981.4470842,24.81625281,3.98E-17,3.298154462,164.5957674,284.4557243,160.6918998,118.3411599,9.383983646,276.2466305,22.78629807,103.4721453,385.2603459,166.3151601,12:13:23,981.4470842,23.11530048,30.13945396,0,STGPS  
12:13:24,3139,107,F,FLIGHT,980.3455724,24.50998475,-3.75E-17,3.300301482,190.594212,269.9560066,162.9054001,128.1441989,9.386162985,275.8167007,26.87460981,101.387304,356.576725,183.515945,12:13:24,980.3455724,23.11530048,30.13945396,8,STGPS  
12:13:25,3139,108,F,FLIGHT,979.2440605,23.4411146,-2.57E-17,3.302809018,170.4357639,263.7739107,153.2208198,112.4651334,10.09502322,262.5371833,25.7824577,102.6278659,323.9737666,162.2714819,12:13:25,979.2440605,23.11530048,30.13945396,5,STGPS  
12:13:26,3139,109,F,FLIGHT,978.1425486,26.99506675,-2.61E-18,3.299575022,181.4461231,270.1988089,140.1665113,116.0937187,9.865248183,268.6426914,24.36426022,104.999555,355.4066818,194.6985902,12:13:26,978.1425486,23.11530048,30.13945396,7,STGPS  
12:13:27,3139,110,F,FLIGHT,977.0410367,27.24588797,-1.06E-18,3.29882749,194.0559009,291.8346146,166.7635785,130.9300847,9.523769559,254.979197,24.15602342,114.228668,388.8384728,192.5715443,12:13:27,977.0410367,23.11530048,30.13945396,2,STGPS  
12:13:28,3139,111,F,FLIGHT,975.9395248,27.70308328,-3.26E-19,3.302803259,192.6596875,278.0826878,156.1815894,122.6787215,9.759673245,243.4037422,25.49869339,102.6762116,367.0234392,176.7219551,12:13:28,975.9395248,23.11530048,30.13945396,7,STGPS  
12:13:29,3139,112,F,FLIGHT,974.838013,27.1088473,-3.11E-20,3.302381124,174.2961571,259.8681183,152.9178067,123.7949934,10.88657962,236.9618196,23.74269866,122.0950623,355.6933619,180.9419822,12:13:29,974.838013,23.11530048,30.13945396,1,STGPS  
12:13:30,3139,113,F,FLIGHT,973.7365011,25.45321328,2.41E-20,3.298529244,197.0645489,305.4015514,143.7072277,128.8027262,9.607096524,250.4469893,24.52099786,107.4213849,325.2887885,181.6283875,12:13:30,973.7365011,23.11530048,30.13945396,2,STGPS  
12:13:31,3139,114,F,FLIGHT,972.6349892,24.40117283,-1.13E-20,3.297913593,178.5489492,265.9303724,155.3069092,112.3112907,10.99243734,269.7508148,26.08588348,112.0176205,358.4200408,169.2466385,12:13:31,972.6349892,23.11530048,30.13945396,9,STGPS  
12:13:32,3139,115,F,FLIGHT,971.5334773,24.07498916,-4.56E-21,3.297956316,189.1532335,260.3032594,156.7097869,129.4937203,9.923359285,259.4215465,27.14508074,112.6678093,359.679279,188.4709584,12:13:32,971.5334773,23.11530048,30.13945396,5,STGPS  
12:13:33,3139,116,F,FLIGHT,970.4319654,26.64307879,3.68E-21,3.301844064,192.0438461,272.1179744,165.2215707,129.2994746,10.83337158,264.8290636,27.29244242,113.4265038,328.370179,179.7884575,12:13:33,970.4319654,23.11530048,30.13945396,5,STGPS  
12:13:34,3139,117,F,FLIGHT,969.3304536,25.96599314,1.14E-21,3.300767224,176.1527581,295.0712842,152.9651584,132.5041041,10.6245469,243.3334603,26.82575441,106.9610261,332.2342847,168.5140314,12:13:34,969.3304536,23.11530048,30.13945396,3,STGPS  
12:13:35,3139,118,F,FLIGHT,968.2289417,25.47145686,-1.28E-23,3.300570778,177.7275613,295.2479961,154.2246231,113.1003975,9.959235443,260.4245842,26.02244295,100.4524648,355.5419701,164.4526234,12:13:35,968.2289417,23.11530048,30.13945396,8,STGPS  
12:13:36,3139,119,F,FLIGHT,967.1274298,26.01745084,1.00E-23,3.303293971,169.6413153,263.3627171,159.8928274,115.7992797,9.500741218,241.1573444,25.95505055,118.9962716,378.8439987,190.4902658,12:13:36,967.1274298,23.11530048,30.13945396,6,STGPS  
12:13:37,3139,120,F,FLIGHT,966.0259179,24.36896951,6.33E-24,3.302463825,195.2322469,302.1873307,163.1653888,115.7404354,10.10608814,265.8572797,26.35202246,119.1667237,331.2972495,182.9062592,12:13:37,966.0259179,23.11530048,30.13945396,3,STGPS  
12:13:38,3139,121,F,FLIGHT,964.924406,24.33867592,-2.87E-24,3.297336161,196.8582075,263.2272298,162.5636053,130.2098044,10.82696494,235.5556414,23.97372447,111.1641289,368.0016891,163.9444033,12:13:38,964.924406,23.11530048,30.13945396,5,STGPS  
12:13:39,3139,122,F,FLIGHT,963.8228942,24.27076568,-1.20E-24,3.300496284,165.8939261,285.7444177,145.6198797,121.7558602,10.36034764,260.7905011,23.81894276,100.2484314,376.2250037,194.5672058,12:13:39,963.8228942,23.11530048,30.13945396,6,STGPS  
12:13:40,3139,123,F,FLIGHT,962.7213823,25.41586505,-6.90E-25,3.297548233,192.4398419,302.7916777,158.1548252,111.9564873,9.783776269,262.2043799,26.93594946,114.0120765,354.5315498,169.0035379,12:13:40,962.7213823,23.11530048,30.13945396,9,STGPS  
12:13:41,3139,124,F,FLIGHT,961.6198704,27.67966978,5.25E-25,3.299447965,181.8683897,266.9064682,152.2949918,134.6895432,9.500401674,240.8271319,24.76505945,102.9923398,348.9183913,197.2542549,12:13:41,961.6198704,23.11530048,30.13945396,0,STGPS  
12:13:42,3139,125,F,FLIGHT,960.5183585,25.22633653,2.96E-25,3.297392412,177.4820415,284.3921238,168.3269882,118.6435998,10.5653988,244.513336,26.39620864,113.4227258,339.5493173,174.1671774,12:13:42,960.5183585,23.11530048,30.13945396,2,STGPS  
12:13:43,3139,126,F,FLIGHT,959.4168467,22.86248753,1.88E-25,3.296767573,171.7184742,290.0614223,164.1719627,114.4997076,9.949256307,264.3303409,23.34128352,111.8730414,363.1502905,171.9785879,12:13:43,959.4168467,23.11530048,30.13945396,3,STGPS  
12:13:44,3139,127,F,FLIGHT,958.3153348,24.01011335,1.18E-25,3.302364076,174.7799208,256.9537346,161.3803135,117.3220377,10.16704651,251.7977145,22.57025024,118.8599149,383.6706185,170.049299,12:13:44,958.3153348,23.11530048,30.13945396,1,STGPS  
12:13:45,3139,128,F,FLIGHT,957.2138229,27.54992409,-9.32E-26,3.299418207,164.5721678,302.222622,151.9616865,132.2348751,9.860518282,264.2500466,24.34442004,114.1092128,331.5822507,189.7165603,12:13:45,957.2138229,23.11530048,30.13945396,4,STGPS  
12:13:46,3139,129,F,FLIGHT,956.112311,25.09698662,1.86E-26,3.297519501,179.8802223,255.7984932,152.7328084,112.1877785,9.218496162,250.9271644,24.33466259,101.952266,349.9217953,169.4127003,12:13:46,956.112311,23.11530048,30.13945396,0,STGPS  
12:13:47,3139,130,F,FLIGHT,955.0107991,23.9855438,-1.31E-26,3.297031356,163.6223963,294.8743932,141.0814986,115.7116507,10.58866158,254.6480052,26.40542778,104.2987776,365.4829509,162.3917503,12:13:47,955.0107991,23.11530048,30.13945396,5,STGPS  
12:13:48,3139,131,F,FLIGHT,953.9092873,25.54540826,6.90E-27,3.302510427,191.1079018,307.3796843,145.6795742,131.2455966,10.4686837,253.1996836,26.37376137,108.0989829,388.9360695,171.4940395,12:13:48,953.9092873,23.11530048,30.13945396,6,STGPS  
12:13:49,3139,132,F,FLIGHT,952.8077754,26.53616036,5.68E-27,3.301235086,175.0664424,283.533476,140.2607429,120.7585056,10.80656996,234.3941635,23.73067758,100.8497788,375.7112789,195.7608769,12:13:49,952.8077754,23.11530048,30.13945396,3,STGPS  
12:13:50,3139,133,F,FLIGHT,951.7062635,23.60845424,3.13E-27,3.301710263,188.893871,304.9347818,141.6951801,122.7791092,9.341787228,251.8496901,23.62922246,109.9624067,381.0053147,176.3665453,12:13:50,951.7062635,23.11530048,30.13945396,7,STGPS  
12:13:51,3139,134,F,FLIGHT,950.6047516,24.63631672,-1.00E-27,3.302240815,169.5986828,276.8613017,157.2943085,110.7471928,10.78505878,248.9494635,23.44536784,109.1961578,333.4655268,171.2583515,12:13:51,950.6047516,23.11530048,30.13945396,7,STGPS  
12:13:52,3139,135,F,FLIGHT,949.5032397,26.30819178,1.52E-28,3.299672589,193.0544405,299.6131295,139.6219446,133.8663499,10.3764064,277.0546744,22.90162883,104.2972833,388.3340474,170.8297863,12:13:52,949.5032397,23.11530048,30.13945396,1,STGPS  
12:13:53,3139,136,F,FLIGHT,948.4017279,26.0582388,-9.96E-29,3.29937058,182.6515186,262.3717421,168.5721497,114.0888158,9.181808269,263.6592149,23.97214038,107.1642251,337.1968497,178.2812709,12:13:53,948.4017279,23.11530048,30.13945396,6,STGPS  
12:13:54,3139,137,F,FLIGHT,947.300216,22.96792629,-7.73E-30,3.298205609,175.394837,297.4549035,149.9419049,124.6170414,10.02843845,258.4563532,24.32348493,112.0314631,360.9174852,196.2517,12:13:54,947.300216,23.11530048,30.13945396,4,STGPS  
12:13:55,3139,138,F,FLIGHT,946.1987041,27.2760089,-4.76E-30,3.300722294,183.0244593,305.6299957,159.0836996,116.0633264,9.373527928,238.2237914,24.6694137,112.9616064,373.5870755,178.7191291,12:13:55,946.1987041,23.11530048,30.13945396,2,STGPS  
12:13:56,3139,139,F,FLIGHT,945.0971922,23.71769264,-3.85E-30,3.301790019,186.4715844,257.5206039,166.2457509,131.1210465,10.15654499,235.3679959,23.79168713,109.3709008,354.0253169,171.9545584,12:13:56,945.0971922,23.11530048,30.13945396,6,STGPS  
12:13:57,3139,140,F,FLIGHT,943.9956803,25.74762993,-1.36E-31,3.299902996,167.3715443,267.6741495,147.3336627,128.1598883,9.682773155,271.0268458,23.7779358,100.255089,388.5437397,182.3352482,12:13:57,943.9956803,23.11530048,30.13945396,5,STGPS  
12:13:58,3139,141,F,FLIGHT,942.8941685,27.77758467,-3.62E-32,3.299548851,194.6033559,277.3171572,144.4565443,122.9565187,9.845850244,233.7479238,25.06459072,105.9427159,331.224128,163.8012392,12:13:58,942.8941685,23.11530048,30.13945396,6,STGPS  
12:13:59,3139,142,F,FLIGHT,941.7926566,23.07596949,-3.56E-32,3.297965323,173.6591922,290.1093743,158.5708567,121.2897664,9.144214442,249.8934805,26.07794071,121.8683325,381.9822211,175.8962072,12:13:59,941.7926566,23.11530048,30.13945396,7,STGPS  
12:14:00,3139,143,F,FLIGHT,940.6911447,25.37436776,-1.53E-32,3.302286628,168.9290883,259.5722938,157.7342784,131.2444809,9.264091959,269.901107,24.40296949,100.8041286,334.5600196,184.0354787,12:14:00,940.6911447,23.11530048,30.13945396,3,STGPS  
12:14:01,3139,144,F,FLIGHT,939.5896328,23.54069686,4.57E-33,3.29752172,164.2112487,255.4031514,141.3658759,129.3383684,10.16836588,277.2536938,25.00916014,111.515704,383.4333939,170.6903565,12:14:01,939.5896328,23.11530048,30.13945396,5,STGPS  
12:14:02,3139,145,F,FLIGHT,938.488121,25.68621666,2.80E-33,3.301577545,179.2631195,287.4227508,147.8583721,113.3070144,10.83873991,269.8915812,24.1483151,121.6474427,337.4515647,175.5534201,12:14:02,938.488121,23.11530048,30.13945396,2,STGPS  
12:14:03,3139,146,F,FLIGHT,937.3866091,27.67392148,-1.07E-33,3.300927756,163.901652,277.7173328,160.1511134,125.1860404,9.671120878,231.8468023,22.50999654,115.3073974,368.5077208,192.0728293,12:14:03,937.3866091,23.11530048,30.13945396,8,STGPS  
12:14:04,3139,147,F,FLIGHT,936.2850972,23.63446526,8.10E-34,3.299096265,174.1953557,258.2754019,168.7618144,112.6772295,10.4541265,251.6812825,26.62505159,115.3349964,338.9474494,186.8534288,12:14:04,936.2850972,23.11530048,30.13945396,5,STGPS  
12:14:05,3139,148,F,FLIGHT,935.1835853,27.54833033,-7.17E-34,3.298175358,168.737198,295.9394701,146.3053515,118.9203754,9.165850794,274.5775207,25.37155766,106.7724809,329.9799679,174.8058348,12:14:05,935.1835853,23.11530048,30.13945396,3,STGPS  
12:14:06,3139,149,F,FLIGHT,934.0820734,27.65482503,-3.84E-35,3.299080915,181.0683917,298.8795898,142.3512523,121.0187124,10.05876364,232.1186343,26.90658604,101.6419814,332.2458244,191.5804393,12:14:06,934.0820734,23.11530048,30.13945396,0,STGPS  
12:14:07,3139,150,F,FLIGHT,932.9805616,27.31069887,-1.71E-35,3.300192927,188.4254454,279.9345839,158.523212,131.5613039,10.98280008,248.5412837,25.92814385,106.910172,365.9560456,181.8209826,12:14:07,932.9805616,23.11530048,30.13945396,5,STGPS  
12:14:08,3139,151,F,FLIGHT,931.8790497,26.61603392,-6.69E-36,3.297376427,182.6091108,261.075564,152.31022,123.6480596,9.226732498,270.5599693,22.58081844,102.6550472,388.3973503,194.2835447,12:14:08,931.8790497,23.11530048,30.13945396,6,STGPS  
12:14:09,3139,152,F,FLIGHT,930.7775378,27.7359403,-7.59E-37,3.303153028,186.2547625,261.7397559,149.0645119,131.518516,10.0385893,256.6433451,24.22959391,104.4445305,340.6594663,193.4185418,12:14:09,930.7775378,23.11530048,30.13945396,3,STGPS  
12:14:10,3139,153,F,FLIGHT,929.6760259,26.67852913,2.53E-37,3.30092995,177.7998006,307.3436094,160.5158114,124.7260771,10.71013245,256.0484639,25.93954466,118.1823739,357.6502877,166.9405813,12:14:10,929.6760259,23.11530048,30.13945396,8,STGPS  
12:14:11,3139,154,F,FLIGHT,928.574514,27.61032586,-1.16E-38,3.302817122,177.1746405,307.4757642,143.7470089,133.0311319,9.999802018,240.4298667,26.44690101,102.0019836,384.158519,181.7832127,12:14:11,928.574514,23.11530048,30.13945396,8,STGPS  
12:14:12,3139,155,F,FLIGHT,927.4730022,27.51546295,6.30E-39,3.30046603,171.0695235,282.4180258,165.6286602,118.4669598,9.429675519,234.4987594,25.50833525,100.9024573,335.8359191,183.8057601,12:14:12,927.4730022,23.11530048,30.13945396,8,STGPS  
12:14:13,3139,156,F,FLIGHT,926.3714903,25.34848362,-5.48E-39,3.303210335,187.8643674,261.2228479,165.5860166,116.0524656,10.82793924,242.7393458,23.98020014,121.9476161,382.6970965,168.012153,12:14:13,926.3714903,23.11530048,30.13945396,3,STGPS  
12:14:14,3139,157,F,FLIGHT,925.2699784,27.01577051,3.77E-39,3.299481793,166.3629114,304.2836695,142.7170842,127.347128,9.449777726,257.2004575,26.58182581,100.6302164,360.7617231,176.7578151,12:14:14,925.2699784,23.11530048,30.13945396,7,STGPS  
12:14:15,3139,158,F,FLIGHT,924.1684665,24.76734878,-5.12E-40,3.302921046,162.1684768,299.1258958,149.9087081,122.2451869,10.15666049,244.0435916,25.48042606,112.0129153,328.9597972,176.8183851,12:14:15,924.1684665,23.11530048,30.13945396,5,STGPS  
12:14:16,3139,159,F,FLIGHT,923.0669546,25.66184018,-4.40E-41,3.302505921,163.662792,278.9942286,153.7152264,129.4213182,9.201354035,270.7426691,23.26086411,121.6986421,372.0228872,194.9544802,12:14:16,923.0669546,23.11530048,30.13945396,7,STGPS  
12:14:17,3139,160,F,FLIGHT,921.9654428,23.08798135,8.05E-42,3.302507063,177.6922507,291.1786918,167.0944002,128.7546759,10.4818998,232.8602269,23.43328554,117.7166903,384.3462866,166.5692738,12:14:17,921.9654428,23.11530048,30.13945396,8,STGPS  
12:14:18,3139,161,F,FLIGHT,920.8639309,27.37913064,2.14E-42,3.303128826,184.6239143,262.5233724,139.9831201,129.9976205,9.749438022,271.6706317,25.41892573,103.7847982,331.6820934,182.6531396,12:14:18,920.8639309,23.11530048,30.13945396,6,STGPS  
12:14:19,3139,162,F,FLIGHT,919.762419,24.88011193,-5.91E-43,3.298869436,182.0646162,277.8044349,153.0115248,129.80326,9.206804168,276.8126847,23.48773061,101.0355984,365.3968082,183.8170726,12:14:19,919.762419,23.11530048,30.13945396,2,STGPS  
12:14:20,3139,163,F,FLIGHT,918.6609071,26.51614127,4.27E-43,3.298807658,167.6615321,263.1389972,143.9439173,128.1479686,10.51880129,277.5637894,22.71408444,108.9070441,347.7685357,189.8185172,12:14:20,918.6609071,23.11530048,30.13945396,9,STGPS  
12:14:21,3139,164,F,FLIGHT,917.5593952,26.88248508,-3.20E-43,3.296833573,196.9341969,259.3883392,150.9962282,111.3890086,10.13800662,250.6351109,27.20802824,115.0955152,321.4505788,176.0704983,12:14:21,917.5593952,23.11530048,30.13945396,0,STGPS  
12:14:22,3139,165,F,FLIGHT,916.4578834,24.05422323,-2.42E-43,3.300236545,172.9650988,277.3700329,140.2890156,114.4012973,10.39248768,246.1844579,23.04094456,104.2566951,378.8511068,176.3381002,12:14:22,916.4578834,23.11530048,30.13945396,1,STGPS  
12:14:23,3139,166,F,FLIGHT,915.3563715,26.27664664,-1.02E-43,3.298392066,197.9394872,259.8606643,170.1107258,130.9170952,10.11679661,242.0927423,24.46080346,103.1925212,347.5180874,190.0573397,12:14:23,915.3563715,23.11530048,30.13945396,5,STGPS  
12:14:24,3139,167,F,FLIGHT,914.2548596,23.06668417,-1.76E-44,3.297237819,165.9297355,282.8762493,140.680949,113.5565663,9.202994614,275.6302551,25.91108744,118.7375516,383.9814879,185.8491655,12:14:24,914.2548596,23.11530048,30.13945396,9,STGPS  
12:14:25,3139,168,F,FLIGHT,913.1533477,23.58974572,1.02E-44,3.301720183,191.0007457,274.7482876,150.6016089,117.6500228,10.89248798,279.3267239,23.1651683,117.7985291,356.1069283,166.1004537,12:14:25,913.1533477,23.11530048,30.13945396,1,STGPS  
12:14:26,3139,169,F,FLIGHT,912.0518359,23.85209935,-9.60E-45,3.301717489,163.6844988,256.2400702,157.9259532,130.273007,9.335117172,255.6923466,23.54000474,113.3996896,327.2901865,167.9303262,12:14:26,912.0518359,23.11530048,30.13945396,2,STGPS  
12:14:27,3139,170,F,FLIGHT,910.950324,27.50314664,-4.63E-45,3.297583603,196.292436,276.1880003,163.8508712,115.2771429,10.16839458,241.0784647,23.08806389,107.9189981,337.0411755,189.2608163,12:14:27,910.950324,23.11530048,30.13945396,8,STGPS  
12:14:28,3139,171,F,FLIGHT,909.8488121,24.23237711,-1.78E-45,3.303209823,195.5731185,265.909051,167.566096,130.2207023,9.579651971,229.7023823,24.81541986,104.4969901,330.769812,184.0707032,12:14:28,909.8488121,23.11530048,30.13945396,9,STGPS  
12:14:29,3139,172,F,FLIGHT,908.7473002,23.16232539,-1.04E-45,3.298280929,179.7046214,284.605497,162.823936,120.6033014,10.81705824,266.5279345,23.4177505,116.1158206,378.7959254,193.6191855,12:14:29,908.7473002,23.11530048,30.13945396,4,STGPS  
12:14:30,3139,173,F,FLIGHT,907.6457883,25.92043037,3.18E-46,3.300515347,170.0083939,263.6125151,139.9076914,131.9343979,10.30916407,258.2069457,22.91149558,104.7265097,319.810886,190.8575233,12:14:30,907.6457883,23.11530048,30.13945396,6,STGPS  
12:14:31,3139,174,F,FLIGHT,906.5442765,23.76576308,2.06E-46,3.30324844,188.6349686,262.2338694,166.6868442,133.034955,9.113575918,239.6193417,24.15390799,107.380438,388.2728033,178.3472593,12:14:31,906.5442765,23.11530048,30.13945396,8,STGPS  
12:14:32,3139,175,F,FLIGHT,905.4427646,24.30399715,-1.56E-46,3.300376195,178.1304833,303.5307937,146.7200048,113.0488911,10.69926897,250.3056138,23.25904501,119.6701567,359.0860228,166.8614327,12:14:32,905.4427646,23.11530048,30.13945396,9,STGPS  
12:14:33,3139,176,F,FLIGHT,904.3412527,25.77231133,7.64E-47,3.299944913,167.1212564,305.3912072,156.4281177,125.097244,10.49824654,278.558013,25.17213832,115.7658983,358.8658555,193.1100974,12:14:33,904.3412527,23.11530048,30.13945396,6,STGPS  
12:14:34,3139,177,F,FLIGHT,903.2397408,24.39259199,1.90E-47,3.296837673,179.0542791,281.4199016,170.440467,118.9994435,10.56016111,259.7182356,23.78831222,100.9330477,361.6886755,176.476797,12:14:34,903.2397408,23.11530048,30.13945396,5,STGPS  
12:14:35,3139,178,F,FLIGHT,902.1382289,24.90183525,2.38E-48,3.301047337,181.6392717,284.2419671,148.1255898,112.4263607,9.138752425,273.3060451,22.51708403,105.9259077,388.1633688,162.0791882,12:14:35,902.1382289,23.11530048,30.13945396,0,STGPS  
12:14:36,3139,179,F,FLIGHT,901.0367171,23.24671157,1.31E-48,3.30209003,173.6826424,270.4817248,148.2381071,130.7035346,10.04959854,265.4426767,26.58750245,111.7933447,322.8302737,169.2083061,12:14:36,901.0367171,23.11530048,30.13945396,1,STGPS  
12:14:37,3139,180,F,FLIGHT,899.9352052,27.69975152,2.62E-49,3.301251963,172.1234182,300.4345569,169.719115,126.2142989,10.16271755,238.2438301,25.38353009,120.0194211,343.3202219,195.2916807,12:14:37,899.9352052,23.11530048,30.13945396,6,STGPS  
12:14:38,3139,181,F,FLIGHT,898.8336933,24.67740046,1.95E-50,3.301640633,181.4701173,278.5795469,140.909771,128.3261731,9.084786464,279.5828526,26.19576913,106.5275546,322.9075995,170.9056072,12:14:38,898.8336933,23.11530048,30.13945396,2,STGPS  
12:14:39,3139,182,F,FLIGHT,897.7321814,25.86303042,1.08E-50,3.30043391,179.8058067,289.8912807,144.2800348,120.522316,10.4347083,267.6546286,25.4384711,118.7208265,378.0783385,195.2068575,12:14:39,897.7321814,23.11530048,30.13945396,8,STGPS  
12:14:40,3139,183,F,FLIGHT,896.6306695,26.49632054,-1.57E-51,3.3004368,196.1500204,298.5020655,145.8990026,127.3028915,9.69709715,268.2632511,25.90213263,112.4200701,346.8043839,170.9845115,12:14:40,896.6306695,23.11530048,30.13945396,5,STGPS  
12:14:41,3139,184,F,FLIGHT,895.5291577,25.12417137,-1.24E-51,3.299374112,193.2069874,276.9567859,163.0046039,126.1297147,9.241511249,280.0283818,22.9986956,116.2690552,369.4563999,180.5291478,12:14:41,895.5291577,23.11530048,30.13945396,4,STGPS  
12:14:42,3139,185,F,FLIGHT,894.4276458,24.47553657,1.07E-51,3.299653803,186.0922163,284.5621311,157.8209689,113.7732694,9.461748864,247.5766944,22.86094267,112.6712023,329.6209171,165.8636699,12:14:42,894.4276458,23.11530048,30.13945396,0,STGPS  
12:14:43,3139,186,F,FLIGHT,893.3261339,23.63446799,6.38E-52,3.302713433,162.7673546,290.7583256,159.7272115,133.3841829,9.723469873,277.4757935,25.14935959,119.6336367,345.9446152,164.7755314,12:14:43,893.3261339,23.11530048,30.13945396,4,STGPS  
12:14:44,3139,187,F,FLIGHT,892.224622,23.15537062,4.96E-52,3.29924997,175.1453978,266.9756677,151.4929088,114.247902,10.45719312,252.0263277,23.95674317,103.4710521,329.5634839,167.5235197,12:14:44,892.224622,23.11530048,30.13945396,0,STGPS  
12:14:45,3139,188,F,FLIGHT,891.1231102,27.82319255,1.59E-52,3.300383328,195.6046259,268.6849836,156.1165963,115.9987305,10.23797657,267.1156239,24.94474276,121.223147,326.978554,170.0774557,12:14:45,891.1231102,23.11530048,30.13945396,6,STGPS  
12:14:46,3139,189,F,FLIGHT,890.0215983,23.90314361,-1.30E-54,3.303225124,179.8230007,274.9074591,155.2275001,112.8970201,10.17228927,244.2735713,26.2289081,103.4171175,340.4218287,168.929039,12:14:46,890.0215983,23.11530048,30.13945396,9,STGPS  
12:14:47,3139,190,F,FLIGHT,888.9200864,25.10586877,-2.25E-55,3.299298453,182.2614667,280.8495957,162.1250393,124.3328065,10.13444046,274.9208558,25.24263952,121.3979164,321.4890057,186.3339156,12:14:47,888.9200864,23.11530048,30.13945396,4,STGPS  
12:14:48,3139,191,F,FLIGHT,887.8185745,24.69693339,-2.13E-55,3.297108636,186.5952298,283.4042562,153.5002906,126.2107754,10.3324813,234.3316696,24.08172635,118.7125377,320.2111329,181.6738575,12:14:48,887.8185745,23.11530048,30.13945396,5,STGPS  
12:14:49,3139,192,F,FLIGHT,886.7170626,23.26808162,6.49E-56,3.300843119,163.6476615,273.9203474,145.6785606,111.0743018,10.95671223,274.3393798,26.61155366,114.6054119,386.5190616,186.0357844,12:14:49,886.7170626,23.11530048,30.13945396,0,STGPS  
12:14:50,3139,193,F,FLIGHT,885.6155508,25.33021971,2.53E-56,3.302957213,195.4483751,252.9545738,140.6005964,118.8017266,10.00265214,239.914861,22.92937288,101.8635309,378.0107681,171.1091728,12:14:50,885.6155508,23.11530048,30.13945396,3,STGPS  
12:14:51,3139,194,F,FLIGHT,884.5140389,23.27132102,6.41E-57,3.301013352,183.5903,277.4528283,147.5737268,119.9471086,10.25639792,256.1306581,24.69653885,113.1722177,380.0199771,177.6525006,12:14:51,884.5140389,23.11530048,30.13945396,2,STGPS  
12:14:52,3139,195,F,FLIGHT,883.412527,25.53825263,1.62E-57,3.30209159,195.5553555,260.0931502,141.6075217,127.9432321,10.74197767,264.1332985,24.35417843,114.0992395,325.7947322,197.1648919,12:14:52,883.412527,23.11530048,30.13945396,3,STGPS  
12:14:53,3139,196,F,FLIGHT,882.3110151,22.87939243,-1.35E-57,3.298786287,195.3038155,283.6918733,148.0793985,132.7683206,9.810538156,274.3109993,25.16579881,105.1922925,387.5370221,191.8916553,12:14:53,882.3110151,23.11530048,30.13945396,5,STGPS  
12:14:54,3139,197,F,FLIGHT,881.2095032,23.82442001,-1.30E-57,3.302735831,173.3431376,296.5397063,164.5083821,117.0143155,10.12944398,275.3036516,25.45473337,105.752363,377.6256724,174.3080709,12:14:54,881.2095032,23.11530048,30.13945396,6,STGPS  
12:14:55,3139,198,F,FLIGHT,880.1079914,26.06075329,8.61E-58,3.298861795,169.2146121,267.2423953,149.49604,114.3814523,9.831137685,279.4271041,26.07269104,115.3490456,388.7040499,164.1722181,12:14:55,880.1079914,23.11530048,30.13945396,7,STGPS  
12:14:56,3139,199,F,FLIGHT,879.0064795,23.53386729,-2.20E-58,3.300564997,197.48934,258.472579,151.9877673,127.768222,10.81463793,257.6245825,25.77163967,103.1695538,340.0500794,171.3826356,12:14:56,879.0064795,23.11530048,30.13945396,9,STGPS  
12:14:57,3139,200,F,FLIGHT,877.9049676,23.55762526,4.61E-59,3.298006638,183.164152,308.444542,153.3008082,128.7351401,9.588320967,261.9277726,23.68841954,104.2328213,366.7007415,175.1417255,12:14:57,877.9049676,23.11530048,30.13945396,4,STGPS  
12:14:58,3139,201,F,FLIGHT,876.8034557,23.04830976,-2.08E-59,3.302449039,164.3936913,265.464874,151.864715,121.5768281,9.343798458,266.7672799,26.44808018,104.3573975,358.3595212,187.9959277,12:14:58,876.8034557,23.11530048,30.13945396,3,STGPS  
12:14:59,3139,202,F,FLIGHT,875.7019438,23.12627004,1.39E-59,3.297260563,175.0543138,277.2435757,166.5377865,124.6011879,10.28090181,253.6871697,26.96784571,110.5171451,323.8009255,173.4689107,12:14:59,875.7019438,23.11530048,30.13945396,8,STGPS  
12:15:00,3139,203,F,FLIGHT,874.600432,23.74421499,-1.02E-59,3.297841138,196.4088245,267.6257541,149.6695736,115.9015107,10.79359242,279.8267878,26.15284339,108.7126206,327.3158567,176.3100957,12:15:00,874.600432,23.11530048,30.13945396,5,STGPS  
12:15:01,3139,204,F,FLIGHT,873.4989201,25.48040979,2.29E-60,3.298401071,197.523505,271.0624735,163.4115757,132.1228873,10.40536693,242.8331263,26.15091517,108.7226781,376.5925156,163.9573053,12:15:01,873.4989201,23.11530048,30.13945396,8,STGPS  
12:15:02,3139,205,F,FLIGHT,872.3974082,23.80743694,-1.11E-60,3.302107205,197.0878541,283.6471396,165.9033052,114.9202747,10.95672876,233.9235406,27.4460039,113.1685491,359.0002866,162.2875812,12:15:02,872.3974082,23.11530048,30.13945396,9,STGPS  
12:15:03,3139,206,F,FLIGHT,871.2958963,25.28031587,5.21E-61,3.300022042,168.8850763,294.446523,162.5287207,116.7377627,10.36175167,260.1914294,26.09952073,111.0225249,322.2769843,186.5007753,12:15:03,871.2958963,23.11530048,30.13945396,2,STGPS  
12:15:04,3139,207,F,FLIGHT,870.1943844,27.06916373,5.19E-61,3.301415823,175.5212094,299.3711162,158.5846053,134.2784807,9.779099773,231.026039,26.41996371,116.3019657,345.2289886,197.0396745,12:15:04,870.1943844,23.11530048,30.13945396,9,STGPS  
12:15:05,3139,208,F,FLIGHT,869.0928726,23.14409488,-2.08E-61,3.302704118,171.1651636,307.9410774,139.9650869,116.0376807,9.582700969,243.8774569,25.77719972,108.5306554,333.784034,178.1674523,12:15:05,869.0928726,23.11530048,30.13945396,9,STGPS  
12:15:06,3139,209,F,FLIGHT,867.9913607,26.56910352,1.71E-61,3.301816018,164.2514858,282.2123405,148.4272365,127.5162633,10.92003408,238.2038239,24.41375798,106.1894481,325.8455009,187.7885756,12:15:06,867.9913607,23.11530048,30.13945396,7,STGPS  
12:15:07,3139,210,F,FLIGHT,866.8898488,26.46512479,7.31E-62,3.301520253,189.1030437,292.6347303,162.0430004,113.5500332,9.442332095,267.07814,26.76439616,120.4458241,321.4758374,186.0960016,12:15:07,866.8898488,23.11530048,30.13945396,6,STGPS  
12:15:08,3139,211,F,FLIGHT,865.7883369,24.4111349,-5.49E-63,3.297287744,191.1270049,307.7393341,146.8439015,117.5960052,10.8428972,259.1239101,25.03745669,119.9709683,336.218415,174.5240614,12:15:08,865.7883369,23.11530048,30.13945396,0,STGPS  
12:15:09,3139,212,F,FLIGHT,864.6868251,25.78848898,1.13E-63,3.302076176,176.100146,294.0232296,144.6875186,118.3726827,10.28043493,265.752282,26.64461187,101.7713364,333.5686472,190.4552112,12:15:09,864.6868251,23.11530048,30.13945396,3,STGPS  
12:15:10,3139,213,F,FLIGHT,863.5853132,24.92095396,6.41E-64,3.300612743,175.731968,262.819999,152.8990801,112.9440657,10.54145754,279.2233334,25.87881767,103.103662,371.29896,168.3522476,12:15:10,863.5853132,23.11530048,30.13945396,1,STGPS  
12:15:11,3139,214,F,FLIGHT,862.4838013,23.92975609,1.10E-64,3.301104736,178.4381584,261.1353855,158.6645257,116.7486657,10.95566324,256.1562999,23.31021253,118.8503682,354.6910997,181.2098563,12:15:11,862.4838013,23.11530048,30.13945396,0,STGPS  
12:15:12,3139,215,F,FLIGHT,861.3822894,23.40593909,2.19E-66,3.297069876,165.49272,286.2292417,150.4221597,124.5517644,9.76941986,235.7828327,24.97287403,111.6485675,366.6196037,169.5777463,12:15:12,861.3822894,23.11530048,30.13945396,0,STGPS  
12:15:13,3139,216,F,FLIGHT,860.2807775,23.14141941,4.69E-67,3.300721808,185.2940766,307.3086863,166.4899747,127.3658248,9.688126321,265.9134162,23.65329125,119.9198563,334.9011908,178.1802258,12:15:13,860.2807775,23.11530048,30.13945396,4,STGPS  
12:15:14,3139,217,F,FLIGHT,859.1792657,26.5202719,-3.05E-67,3.298461047,166.1996449,257.1775906,159.0894,128.8107977,10.47792179,234.6868978,26.79367197,117.7441713,360.2046893,197.6431321,12:15:14,859.1792657,23.11530048,30.13945396,2,STGPS  
12:15:15,3139,218,F,FLIGHT,858.0777538,23.35103608,1.54E-67,3.302215699,190.1204381,290.7610692,140.4172744,118.5406498,9.435256342,242.3584142,25.90250116,106.9285153,374.0917925,169.1893035,12:15:15,858.0777538,23.11530048,30.13945396,6,STGPS  
12:15:16,3139,219,F,FLIGHT,856.9762419,27.58633382,-7.29E-68,3.299312607,180.4770607,269.0903126,140.8958955,128.5791049,10.13196926,274.7989331,24.82852753,118.2169537,377.0755658,195.684128,12:15:16,856.9762419,23.11530048,30.13945396,6,STGPS  
12:15:17,3139,220,F,FLIGHT,855.87473,26.03603454,-6.51E-68,3.299985832,171.202091,272.2325651,149.0157502,112.6019522,10.47396894,247.6077654,23.10694161,116.9134412,359.1599591,179.6681154,12:15:17,855.87473,23.11530048,30.13945396,3,STGPS  
12:15:18,3139,221,F,FLIGHT,854.7732181,27.296304,1.47E-68,3.29678262,179.7241374,300.9484461,151.5737485,119.7555551,10.34829621,262.0521826,25.35774677,121.405077,387.3428984,197.3529183,12:15:18,854.7732181,23.11530048,30.13945396,0,STGPS  
12:15:19,3139,222,F,FLIGHT,853.6717063,25.63715988,-7.71E-69,3.297479181,186.4809719,307.203881,159.5010981,124.4178251,10.29786673,242.8962946,22.92978941,105.04527,367.0266579,188.7196649,12:15:19,853.6717063,23.11530048,30.13945396,8,STGPS  
12:15:20,3139,223,F,FLIGHT,852.5701944,24.92594164,-5.29E-69,3.301834568,189.6965413,306.9989498,146.4858978,132.4620262,10.57876912,269.4612268,23.18293191,120.0389153,368.058361,165.6417935,12:15:20,852.5701944,23.11530048,30.13945396,2,STGPS  
12:15:21,3139,224,F,FLIGHT,851.4686825,23.43590371,6.77E-70,3.302852487,167.4930736,263.1436132,165.8581134,115.2321269,10.20439031,269.5916978,23.41321821,101.6660812,354.6229369,180.0076453,12:15:21,851.4686825,23.11530048,30.13945396,4,STGPS  
12:15:22,3139,225,F,FLIGHT,850.3671706,27.09641305,-3.36E-70,3.297000307,177.7067195,302.7564874,140.386099,119.1012701,10.98383064,240.3331059,24.71077439,107.2286379,353.5215768,174.1092967,12:15:22,850.3671706,23.11530048,30.13945396,4,STGPS  
12:15:23,3139,226,F,FLIGHT,849.2656587,23.9255449,1.36E-70,3.300834118,170.1963315,265.9276904,155.2240222,133.326643,9.437760228,260.1202903,26.89934888,113.1082763,388.8650729,167.3514448,12:15:23,849.2656587,23.11530048,30.13945396,4,STGPS  
12:15:24,3139,227,F,FLIGHT,848.1641469,26.53130428,-9.84E-72,3.298924616,179.096325,284.9471743,147.5991676,126.9593619,9.133719621,242.9090956,23.58825129,104.2385896,328.0236031,179.7620257,12:15:24,848.1641469,23.11530048,30.13945396,4,STGPS  
12:15:25,3139,228,F,FLIGHT,847.062635,27.52862642,5.53E-72,3.300604583,172.0343168,300.0542022,148.3687356,115.0230472,10.69581804,239.9216776,26.80774671,116.8344231,343.5505793,169.8616721,12:15:25,847.062635,23.11530048,30.13945396,0,STGPS  
12:15:26,3139,229,F,FLIGHT,845.9611231,25.98568506,-2.73E-72,3.297146655,163.1367626,256.4588285,145.4908913,123.2075103,10.57188109,248.0040604,25.85381631,101.0674019,384.4415156,173.5716135,12:15:26,845.9611231,23.11530048,30.13945396,0,STGPS  
12:15:27,3139,230,F,FLIGHT,844.8596112,26.3025085,-5.55E-73,3.299907923,183.2705441,270.3508248,146.6433002,121.5147395,10.79173087,275.1370225,24.29105964,106.6917326,349.722286,196.410238,12:15:27,844.8596112,23.11530048,30.13945396,4,STGPS  
12:15:28,3139,231,F,FLIGHT,843.7580994,26.35436916,-3.60E-73,3.300128062,167.5242278,294.6092448,162.2577799,119.2829572,10.46274451,238.8618773,23.7787943,120.4308845,331.346757,181.374125,12:15:28,843.7580994,23.11530048,30.13945396,2,STGPS  
12:15:29,3139,232,F,FLIGHT,842.6565875,25.21747614,2.00E-73,3.30086609,192.1756636,300.5905257,143.20587,126.0832391,10.10926686,236.4267458,22.9551796,103.8166833,365.8777407,197.8258106,12:15:29,842.6565875,23.11530048,30.13945396,8,STGPS  
12:15:30,3139,233,F,FLIGHT,841.5550756,23.12201018,-1.16E-73,3.296895499,171.9033273,268.1452882,158.7221128,125.2920787,9.495093139,231.7786622,25.36909838,121.2246873,384.9163168,171.1265057,12:15:30,841.5550756,23.11530048,30.13945396,3,STGPS  
12:15:31,3139,234,F,FLIGHT,840.4535637,25.47965352,-3.29E-74,3.299564314,182.6080403,300.7944942,149.2709698,130.5691086,9.134839573,231.6802728,27.45365245,112.5673746,361.8823693,178.7949887,12:15:31,840.4535637,23.11530048,30.13945396,8,STGPS  
12:15:32,3139,235,F,FLIGHT,839.3520518,26.53613874,2.70E-75,3.301573131,170.684031,264.3154137,149.9695246,114.3219886,10.10673962,255.5942268,23.35922139,100.8570835,377.2941819,182.2294025,12:15:32,839.3520518,23.11530048,30.13945396,2,STGPS  
12:15:33,3139,236,F,FLIGHT,838.25054,23.97461482,2.21E-75,3.302967544,170.5931616,264.9039581,152.5719278,115.6715951,10.58057404,269.1000139,23.73699171,101.7231716,329.8621438,165.5448952,12:15:33,838.25054,23.11530048,30.13945396,1,STGPS  
12:15:34,3139,237,F,FLIGHT,837.1490281,26.75619923,-6.09E-76,3.303144487,195.5290283,256.540981,156.5290427,122.8075442,10.69002046,244.7471865,23.93148186,110.2170526,363.6534018,168.0646452,12:15:34,837.1490281,23.11530048,30.13945396,7,STGPS  
12:15:35,3139,238,F,FLIGHT,836.0475162,24.83288585,-2.88E-76,3.302716457,177.1159652,268.4551742,161.2612228,131.503629,9.983071861,269.3454306,23.17791048,120.5466155,363.4028964,163.6427066,12:15:35,836.0475162,23.11530048,30.13945396,5,STGPS  
12:15:36,3139,239,F,FLIGHT,834.9460043,22.99733529,7.22E-77,3.29679832,193.8895861,280.7461968,155.1422891,128.7590871,10.64980203,270.1185677,25.58949107,116.6745194,330.7089739,181.7318725,12:15:36,834.9460043,23.11530048,30.13945396,2,STGPS  
12:15:37,3139,240,F,FLIGHT,833.8444924,26.30737841,2.89E-79,3.302327358,163.3282619,289.4255088,152.4682313,117.6884443,10.21144642,266.1120926,23.81793447,101.7036362,368.9411534,194.7489226,12:15:37,833.8444924,23.11530048,30.13945396,1,STGPS  
12:15:38,3139,241,F,FLIGHT,832.7429806,23.63483828,3.05E-81,3.298186877,182.398819,288.3849671,146.89958,128.1763891,10.94970061,265.2642911,26.67260175,115.0689075,377.9109105,163.5097579,12:15:38,832.7429806,23.11530048,30.13945396,0,STGPS  
12:15:39,3139,242,F,FLIGHT,831.6414687,25.49001872,-2.43E-81,3.302334518,173.1086509,261.2865915,168.0630725,129.4765461,10.70702862,244.064723,25.89240892,121.1288626,388.0393989,176.9051583,12:15:39,831.6414687,23.11530048,30.13945396,3,STGPS  
12:15:40,3139,243,F,FLIGHT,830.5399568,26.67602048,1.86E-81,3.302131816,189.3466017,254.8513478,142.9294673,123.9742394,10.76091229,272.4860985,23.18933132,102.8107383,323.4675586,195.0440669,12:15:40,830.5399568,23.11530048,30.13945396,2,STGPS  
12:15:41,3139,244,F,FLIGHT,829.4384449,25.02782673,1.47E-81,3.297478411,181.1988013,263.7429269,169.6427687,111.7208415,9.737274248,271.0388588,23.88048694,111.069939,349.1440386,193.4633891,12:15:41,829.4384449,23.11530048,30.13945396,6,STGPS  
12:15:42,3139,245,F,FLIGHT,828.336933,25.66740063,-9.97E-82,3.298529472,169.7865621,255.1257375,167.3846265,116.845552,10.66656034,276.1063645,27.23565769,116.3723273,381.732427,190.3064302,12:15:42,828.336933,23.11530048,30.13945396,6,STGPS  
12:15:43,3139,246,F,FLIGHT,827.2354212,27.39400744,1.02E-82,3.302759657,196.7268877,303.7192785,153.7591243,114.1693252,9.163543912,250.4999118,25.32056256,118.6704828,325.611057,196.7832991,12:15:43,827.2354212,23.11530048,30.13945396,0,STGPS  
12:15:44,3139,247,F,FLIGHT,826.1339093,26.93690041,-7.42E-83,3.300250211,173.262335,263.815799,143.5350634,127.5247387,10.01688052,229.9935209,22.51958576,117.9116502,358.2135649,176.5832418,12:15:44,826.1339093,23.11530048,30.13945396,7,STGPS  
12:15:45,3139,248,F,FLIGHT,825.0323974,25.25615486,2.34E-83,3.29685462,167.2293616,292.4346252,149.629158,133.7662729,10.01904569,232.5248169,24.99215283,121.7012105,340.9060002,191.735339,12:15:45,825.0323974,23.11530048,30.13945396,1,STGPS  
12:15:46,3139,249,F,FLIGHT,823.9308855,24.43064183,-8.40E-84,3.297461451,178.0036375,273.8886477,162.8103058,134.5240924,10.03731773,257.8875239,26.11038685,117.2344503,370.0995462,195.2703029,12:15:46,823.9308855,23.11530048,30.13945396,8,STGPS  
12:15:47,3139,250,F,FLIGHT,822.8293737,25.89362196,-4.40E-84,3.302996765,162.1448215,267.951039,142.5564453,131.9414007,9.301934069,275.3997461,26.7951018,116.6414199,337.1393274,190.7466791,12:15:47,822.8293737,23.11530048,30.13945396,0,STGPS  
12:15:48,3139,251,F,FLIGHT,821.7278618,23.50391387,-3.71E-84,3.299685034,177.238212,306.6973084,153.2652801,119.1758412,9.142590353,256.2378675,24.40331699,109.1352816,354.6276105,170.4605598,12:15:48,821.7278618,23.11530048,30.13945396,0,STGPS  
12:15:49,3139,252,F,FLIGHT,820.6263499,25.52897713,-2.50E-84,3.301683666,173.1407916,265.1415356,169.6181763,135.0862635,9.481775811,236.385848,26.57378303,103.8641125,355.9416046,167.4930913,12:15:49,820.6263499,23.11530048,30.13945396,2,STGPS  
12:15:50,3139,253,F,FLIGHT,819.524838,27.03162408,9.76E-85,3.30225628,191.8805389,273.1267558,164.5785282,134.3230923,9.986385843,232.4809191,25.63865504,103.1776416,360.9950168,179.0424164,12:15:50,819.524838,23.11530048,30.13945396,3,STGPS  
12:15:51,3139,254,F,FLIGHT,818.4233261,26.6939868,-2.89E-85,3.296866227,184.3366057,296.9338759,163.0843691,128.8162577,9.411169707,230.8259547,24.4949044,115.7596403,351.7975815,182.9939106,12:15:51,818.4233261,23.11530048,30.13945396,3,STGPS  
12:15:52,3139,255,F,FLIGHT,817.3218143,24.29667957,2.14E-86,3.300985648,187.766046,300.3513652,145.5799764,130.7643316,9.195007514,244.0413955,22.53009073,104.2101597,344.4268955,194.6562238,12:15:52,817.3218143,23.11530048,30.13945396,9,STGPS  
12:15:53,3139,256,F,FLIGHT,816.2203024,25.06722198,9.39E-87,3.299153141,167.2624586,294.4943173,141.9500429,127.583614,9.904977912,263.9406091,25.69540429,114.6462504,339.3340814,169.6361074,12:15:53,816.2203024,23.11530048,30.13945396,2,STGPS  
12:15:54,3139,257,F,FLIGHT,815.1187905,27.1800477,4.86E-87,3.30256926,196.516357,275.8767361,152.8465386,118.7699945,9.418800015,276.4721926,26.98823811,109.1968804,350.2682167,173.2870659,12:15:54,815.1187905,23.11530048,30.13945396,7,STGPS  
12:15:55,3139,258,F,FLIGHT,814.0172786,26.94910512,-2.28E-88,3.302223736,172.650625,277.9617702,149.9669361,127.3600759,10.77293675,263.9266634,27.00824955,101.4917722,379.4115639,180.2273223,12:15:55,814.0172786,23.11530048,30.13945396,4,STGPS  
12:15:56,3139,259,F,FLIGHT,812.9157667,25.98076097,-4.88E-90,3.297902507,197.3875009,279.1599026,161.1964947,132.8392392,9.235987652,250.5606231,23.62254923,106.0539078,341.6452482,186.8750864,12:15:56,812.9157667,23.11530048,30.13945396,6,STGPS  
12:15:57,3139,260,F,FLIGHT,811.8142549,23.44709376,-3.87E-90,3.300854936,163.5826303,272.7246735,156.9050213,133.4021057,10.99046352,250.5193987,24.69115801,106.3510664,324.2368145,192.2485005,12:15:57,811.8142549,23.11530048,30.13945396,5,STGPS  
12:15:58,3139,261,F,FLIGHT,810.712743,25.39563724,3.32E-90,3.297467138,176.0127674,270.5317476,153.1424447,121.6911076,9.417521975,240.6168904,26.10157953,103.0245536,323.0809143,182.8693962,12:15:58,810.712743,23.11530048,30.13945396,1,STGPS  
12:15:59,3139,262,F,FLIGHT,809.6112311,26.3110865,-1.07E-90,3.301851843,191.2125219,274.2510502,166.9826763,111.4463767,9.656085371,249.5413269,23.03776966,104.3100624,345.7095672,166.5859621,12:15:59,809.6112311,23.11530048,30.13945396,2,STGPS  
12:16:00,3139,263,F,FLIGHT,808.5097192,26.98532066,-1.13E-91,3.300441358,174.2172911,304.2288097,163.2103197,125.7492609,10.57046081,242.6197907,24.03608229,114.2012497,380.6875323,167.1024287,12:16:00,808.5097192,23.11530048,30.13945396,1,STGPS  
12:16:01,3139,264,F,FLIGHT,807.4082073,27.6080663,2.97E-93,3.299882391,172.6140167,299.0142446,166.8980357,110.8129156,9.006332736,259.8670602,24.94652454,113.7017897,353.402176,181.2665473,12:16:01,807.4082073,23.11530048,30.13945396,4,STGPS  
12:16:02,3139,265,F,FLIGHT,806.3066955,22.91050132,-1.83E-93,3.297919246,180.7474784,269.6976093,161.1837818,132.2195035,9.147650503,253.0124926,25.86056748,112.3874485,388.3479427,175.5531183,12:16:02,806.3066955,23.11530048,30.13945396,0,STGPS  
12:16:03,3139,266,F,FLIGHT,805.2051836,27.47546239,-1.60E-93,3.300217344,195.6203866,266.4852726,152.0571058,133.7146053,10.61711561,232.4597729,26.97927696,119.4353568,335.790083,187.2376126,12:16:03,805.2051836,23.11530048,30.13945396,0,STGPS  
12:16:04,3139,267,F,FLIGHT,804.1036717,25.90667073,-1.08E-93,3.298789564,177.0281883,302.6856928,167.0794034,130.5087466,10.21064096,268.5835734,26.12460049,120.4885744,354.531961,193.4670823,12:16:04,804.1036717,23.11530048,30.13945396,4,STGPS  
12:16:05,3139,268,F,FLIGHT,803.0021598,25.74633439,-8.36E-94,3.301070803,169.6539307,280.4985538,156.7174837,112.5122109,10.54095612,238.238037,22.55446092,100.6684445,359.5844689,184.8802651,12:16:05,803.0021598,23.11530048,30.13945396,3,STGPS  
12:16:06,3139,269,F,FLIGHT,801.9006479,27.34274909,-4.24E-94,3.299618651,188.2578825,302.8037554,160.6382289,131.6702475,10.49231419,237.7673961,26.45820633,110.0970984,383.9521288,184.7170587,12:16:06,801.9006479,23.11530048,30.13945396,0,STGPS  
12:16:07,3139,270,F,FLIGHT,800.7991361,23.67098937,-4.21E-94,3.298969447,186.2161905,281.6889902,170.359222,125.8161753,9.214419432,272.5988789,26.12064656,115.300369,362.4447496,179.3874415,12:16:07,800.7991361,23.11530048,30.13945396,0,STGPS  
12:16:08,3139,271,F,FLIGHT,799.6976242,26.91905746,-2.05E-94,3.302116069,162.0569007,295.8542089,149.7642951,120.0997535,9.164477335,230.8814662,26.36340965,111.7130952,357.0360125,175.4846485,12:16:08,799.6976242,23.11530048,30.13945396,5,STGPS  
12:16:09,3139,272,F,FLIGHT,798.5961123,26.89870985,1.54E-94,3.301703143,163.3383298,302.8044937,154.8438566,129.3183295,9.203188182,246.2236588,23.89549023,118.2860438,323.4429675,162.1601996,12:16:09,798.5961123,23.11530048,30.13945396,6,STGPS  
12:16:10,3139,273,F,FLIGHT,797.4946004,23.30961957,1.06E-94,3.298169155,188.4058377,292.5206104,163.9632626,127.4668082,10.09543264,252.1254799,22.76155765,116.527618,365.2997669,196.6607966,12:16:10,797.4946004,23.11530048,30.13945396,6,STGPS  
12:16:11,3139,274,F,FLIGHT,796.3930886,27.70347648,7.51E-95,3.29671432,195.2414091,297.8544513,143.0543077,134.5527619,9.967291993,235.1164354,23.89278228,101.2429957,357.0998556,162.4001081,12:16:11,796.3930886,23.11530048,30.13945396,6,STGPS  
12:16:12,3139,275,F,FLIGHT,795.2915767,23.28078943,2.74E-95,3.300181403,185.5842772,297.3571071,156.9206811,111.4468491,10.67139891,265.3859457,24.56292833,107.7675084,345.9333622,196.9559597,12:16:12,795.2915767,23.11530048,30.13945396,4,STGPS  
12:16:13,3139,276,F,FLIGHT,794.1900648,25.02950727,-2.41E-96,3.298490803,175.0575391,298.8125636,152.062707,118.647653,9.963146767,255.6817949,23.64301284,106.1690584,389.3804475,191.4299112,12:16:13,794.1900648,23.11530048,30.13945396,0,STGPS  
12:16:14,3139,277,F,FLIGHT,793.0885529,26.32658857,1.35E-96,3.301314723,188.4287881,305.9398792,141.4389573,114.4794301,10.52282243,237.9313334,23.10874934,118.6692486,322.5438813,187.9581368,12:16:14,793.0885529,23.11530048,30.13945396,1,STGPS  
12:16:15,3139,278,F,FLIGHT,791.987041,23.85554779,-8.63E-97,3.30177286,181.5974905,267.2268526,144.2526726,116.8572559,10.31071,232.939607,25.45556801,103.9800542,357.8681178,172.3159165,12:16:15,791.987041,23.11530048,30.13945396,5,STGPS  
12:16:16,3139,279,F,FLIGHT,790.8855292,23.88397213,-8.48E-97,3.298833895,164.4805526,266.89253,158.2644773,111.6900498,9.308793701,256.3487178,25.96118012,120.7256187,386.3811188,162.7352498,12:16:16,790.8855292,23.11530048,30.13945396,1,STGPS  
12:16:17,3139,280,F,FLIGHT,789.7840173,24.14968066,-5.15E-97,3.301210915,172.7357815,294.8653096,154.9686298,119.2013906,10.50400572,247.1578012,23.96877682,107.4434504,347.2220672,169.2430953,12:16:17,789.7840173,23.11530048,30.13945396,6,STGPS  
12:16:18,3139,281,F,FLIGHT,788.6825054,26.17448684,1.02E-98,3.297838247,190.2633301,301.6051586,142.7178004,111.5317274,9.62959136,240.6564901,25.45358357,106.0178909,373.3772938,180.3117287,12:16:18,788.6825054,23.11530048,30.13945396,2,STGPS  
12:16:19,3139,282,F,FLIGHT,787.5809935,27.08307486,-6.15E-99,3.299861965,169.8483559,254.8371328,156.4939205,113.0951591,9.719346283,272.8200435,24.08680584,107.6348786,382.3742625,174.8402325,12:16:19,787.5809935,23.11530048,30.13945396,3,STGPS  
12:16:20,3139,283,F,FLIGHT,786.4794816,24.42453749,4.47E-99,3.30162601,171.901121,265.3298143,166.8765251,131.6288546,9.946437004,276.3248208,24.31918941,104.0022388,382.0699685,164.7377498,12:16:20,786.4794816,23.11530048,30.13945396,4,STGPS  
12:16:21,3139,284,F,FLIGHT,785.3779698,25.37522505,2.10E-99,3.30021389,193.1719631,266.4500827,147.0149275,125.630961,9.325295218,271.2989554,23.7035922,111.8913725,388.2571322,180.7568294,12:16:21,785.3779698,23.11530048,30.13945396,9,STGPS  
12:16:22,3139,285,F,FLIGHT,784.2764579,25.32956644,1.32E-99,3.297307146,196.223245,304.4170485,170.2791954,115.9399477,10.05846678,276.89702,24.08542885,106.133099,322.5625844,185.8169293,12:16:22,784.2764579,23.11530048,30.13945396,2,STGPS  
12:16:23,3139,286,F,FLIGHT,783.174946,26.6788244,1.17E-99,3.300997522,178.7458609,291.3828443,142.5530117,129.54435,10.63518179,232.1465231,26.23674525,110.2094766,369.9653729,168.8059498,12:16:23,783.174946,23.11530048,30.13945396,3,STGPS  
12:16:24,3139,287,F,FLIGHT,782.0734341,26.82742821,-2.45E-100,3.301528327,192.014164,256.652846,149.3377017,112.6408361,10.33750285,252.2149257,23.31966669,121.4631298,362.138456,173.4894215,12:16:24,782.0734341,23.11530048,30.13945396,7,STGPS  
12:16:25,3139,288,F,FLIGHT,780.9719222,24.00860462,-5.63E-101,3.298900017,169.6754658,278.8860654,155.3824305,130.7072305,9.861301221,230.9021493,24.19656287,120.7761422,342.5458111,179.6825378,12:16:25,780.9719222,23.11530048,30.13945396,5,STGPS  
12:16:26,3139,289,F,FLIGHT,779.8704104,26.51845175,1.32E-101,3.29840386,192.645991,290.7582115,149.7171119,116.0595731,10.63768255,233.5676818,25.67036693,110.6472591,370.1649,194.9232329,12:16:26,779.8704104,23.11530048,30.13945396,0,STGPS  
12:16:27,3139,290,F,FLIGHT,778.7688985,27.13094237,-2.54E-102,3.29720569,187.523437,296.8647491,157.9921018,121.161394,9.698350222,243.5451819,23.78727709,118.4202086,330.1993398,180.9095852,12:16:27,778.7688985,23.11530048,30.13945396,9,STGPS  
12:16:28,3139,291,F,FLIGHT,777.6673866,26.35598999,-1.17E-103,3.298189368,166.5875804,285.8912967,147.1542005,133.9190726,10.08516812,255.8246982,24.89854183,103.4523049,370.0662009,192.8283772,12:16:28,777.6673866,23.11530048,30.13945396,9,STGPS  
12:16:29,3139,292,F,FLIGHT,776.5658747,25.69058088,-8.87E-104,3.30299689,185.9026104,267.1329435,141.8200325,120.4195589,10.68852103,252.9088508,22.89317019,104.1374678,349.9926434,170.3017104,12:16:29,776.5658747,23.11530048,30.13945396,8,STGPS  
12:16:30,3139,293,F,FLIGHT,775.4643629,27.51173037,1.97E-104,3.301611077,174.2980522,266.778492,167.6406376,112.2940401,9.549783831,243.2007409,25.6504518,100.5292587,327.1833661,187.104884,12:16:30,775.4643629,23.11530048,30.13945396,1,STGPS  
12:16:31,3139,294,F,FLIGHT,774.362851,24.95497366,-8.08E-105,3.303207826,178.3185327,290.1021708,150.7487113,113.5773981,10.33051887,259.7829674,25.42204354,121.1631104,319.59541,170.9432975,12:16:31,774.362851,23.11530048,30.13945396,2,STGPS  
12:16:32,3139,295,F,FLIGHT,773.2613391,22.98676246,-6.37E-105,3.297357074,176.6948584,307.5555285,140.8179589,114.287268,10.20149677,264.8537958,25.62707987,108.2377527,331.0253047,197.1492186,12:16:32,773.2613391,23.11530048,30.13945396,2,STGPS  
12:16:33,3139,296,F,FLIGHT,772.1598272,23.52061399,4.25E-105,3.298937025,196.5836447,308.3956688,152.6557439,122.085552,10.79835969,244.8167265,27.31103119,113.6169693,366.2617758,174.0267854,12:16:33,772.1598272,23.11530048,30.13945396,2,STGPS  
12:16:34,3139,297,F,FLIGHT,771.0583153,25.27301754,2.53E-105,3.298155854,186.4010051,297.8119221,142.8521271,114.0660737,9.601513299,258.5220997,25.35239001,106.8429317,375.9824794,187.088052,12:16:34,771.0583153,23.11530048,30.13945396,7,STGPS  
12:16:35,3139,298,F,FLIGHT,769.9568035,26.8560137,-5.55E-106,3.300052997,168.7406592,274.3211273,161.2230919,112.4161897,9.351827197,238.8875051,26.62707121,120.3176785,321.3724952,169.972038,12:16:35,769.9568035,23.11530048,30.13945396,0,STGPS  
12:16:36,3139,299,F,FLIGHT,768.8552916,26.85027888,-1.07E-106,3.298520524,183.0411987,255.174315,165.4572902,120.6592713,10.89726438,238.0933038,26.46540915,120.9320656,372.5697769,178.3071436,12:16:36,768.8552916,23.11530048,30.13945396,5,STGPS  
12:16:37,3139,300,F,FLIGHT,767.7537797,26.56829508,9.98E-107,3.298012371,180.4549429,256.2927475,167.6738862,118.20031,9.248101843,257.4747663,22.85284061,108.2103399,362.5926436,197.4731288,12:16:37,767.7537797,23.11530048,30.13945396,7,STGPS  
12:16:38,3139,301,F,FLIGHT,766.6522678,23.75370057,-8.75E-107,3.300692246,171.6284138,274.242481,143.2662059,132.8270456,9.262111557,271.0933879,26.32032999,102.7799052,387.7502389,184.5084112,12:16:38,766.6522678,23.11530048,30.13945396,3,STGPS  
12:16:39,3139,302,F,FLIGHT,765.5507559,26.35133477,1.93E-107,3.303124495,178.0306603,308.8407834,156.3804096,113.4936927,10.96849934,279.5905186,24.78581687,116.4681058,364.2785196,191.4127469,12:16:39,765.5507559,23.11530048,30.13945396,5,STGPS  
12:16:40,3139,303,F,FLIGHT,764.4492441,27.50706183,7.21E-108,3.303016988,176.707441,295.018923,153.381236,119.9874255,9.344254475,279.4667617,25.60816041,109.4604726,368.8879191,192.7849714,12:16:40,764.4492441,23.11530048,30.13945396,3,STGPS  
12:16:41,3139,304,F,FLIGHT,763.3477322,26.75125629,-1.55E-108,3.302865736,180.7779843,290.9283739,141.6601107,115.3262268,10.37705045,273.3830819,25.95866769,106.1439196,380.6421966,179.680334,12:16:41,763.3477322,23.11530048,30.13945396,2,STGPS  
12:16:42,3139,305,F,FLIGHT,762.2462203,27.09726766,-1.50E-108,3.298662509,195.0943736,296.9356309,164.7236175,127.2816221,9.623866161,257.9805405,26.80927759,105.3440969,333.656556,168.6984117,12:16:42,762.2462203,23.11530048,30.13945396,3,STGPS  
12:16:43,3139,306,F,FLIGHT,761.1447084,24.6830473,1.54E-109,3.299231497,192.7533912,305.5826615,151.9097268,128.0107496,10.018271,276.5702516,25.91211963,104.2838892,339.6108688,185.4194119,12:16:43,761.1447084,23.11530048,30.13945396,8,STGPS  
12:16:44,3139,307,F,FLIGHT,760.0431965,26.8835984,1.99E-110,3.297249869,173.1830867,303.114503,148.791129,133.6859801,10.08877631,238.9634518,22.71077134,105.7671412,319.68629,187.8833337,12:16:44,760.0431965,23.11530048,30.13945396,4,STGPS  
12:16:45,3139,308,F,FLIGHT,758.9416847,24.43642222,9.08E-111,3.30143168,162.3168895,292.5842398,154.3403803,133.5856159,9.387819653,273.9877442,24.51543813,118.0995333,376.9956254,194.8960835,12:16:45,758.9416847,23.11530048,30.13945396,1,STGPS  
12:16:46,3139,309,F,FLIGHT,757.8401728,27.67786424,7.58E-111,3.303080026,167.0489642,258.2559934,143.9046823,126.2290213,10.58739932,252.2372955,23.92719759,118.8949975,322.4151052,188.7809128,12:16:46,757.8401728,23.11530048,30.13945396,1,STGPS  
12:16:47,3139,310,F,FLIGHT,756.7386609,25.98404385,1.24E-111,3.298202986,195.5424176,288.4606798,151.2326365,114.4412005,9.932372638,237.3236786,23.15175523,103.9837207,320.6729218,188.1541933,12:16:47,756.7386609,23.11530048,30.13945396,4,STGPS  
12:16:48,3139,311,F,FLIGHT,755.637149,25.78665244,-6.39E-112,3.300242442,197.0592196,293.5379599,144.8181067,116.7060524,9.561367123,244.6973368,27.22921156,115.0724667,367.7305005,187.6905504,12:16:48,755.637149,23.11530048,30.13945396,3,STGPS  
12:16:49,3139,312,F,FLIGHT,754.5356371,25.22608334,-5.01E-112,3.297227114,175.8776528,292.308482,142.2591964,112.3024441,10.99712746,273.5533446,24.54860582,120.0086693,366.703526,191.9723738,12:16:49,754.5356371,23.11530048,30.13945396,4,STGPS  
12:16:50,3139,313,F,FLIGHT,753.4341253,25.64375255,-4.24E-112,3.301485095,174.2854043,299.9064148,162.7379701,111.8926618,10.42615631,252.0706941,25.78323112,115.2172391,349.8439149,186.1614309,12:16:50,753.4341253,23.11530048,30.13945396,8,STGPS  
12:16:51,3139,314,F,FLIGHT,752.3326134,27.69816677,4.46E-113,3.301196658,172.8676125,270.9769329,146.6983771,117.0161584,9.055610851,265.24282,27.27786824,118.153888,355.3529649,181.8788947,12:16:51,752.3326134,23.11530048,30.13945396,4,STGPS  
12:16:52,3139,315,F,FLIGHT,751.2311015,23.95999462,9.00E-114,3.301759983,197.6431574,255.4268457,145.2468029,124.3196019,10.91281216,254.3743042,25.97515116,115.6672313,375.2906693,175.5030426,12:16:52,751.2311015,23.11530048,30.13945396,8,STGPS  
12:16:53,3139,316,F,FLIGHT,750.1295896,27.05866021,1.35E-114,3.301699496,166.0262184,269.1021493,139.83914,127.3114682,9.896187001,245.1650239,26.71110483,105.6682084,344.4956921,193.778504,12:16:53,750.1295896,23.11530048,30.13945396,9,STGPS  
12:16:54,3139,317,F,FLIGHT,749.0280778,23.23808,6.41E-115,3.303085751,191.424837,255.7314007,161.1327151,111.1580498,9.014393962,264.5723923,27.33621743,118.6365346,334.92147,173.5515982,12:16:54,749.0280778,23.11530048,30.13945396,6,STGPS  
12:16:55,3139,318,F,FLIGHT,747.9265659,23.13454179,3.26E-116,3.298272136,189.75931,258.0446713,156.8423263,119.4089094,9.934116878,275.3872197,24.88831414,100.9044608,328.5646373,196.6108501,12:16:55,747.9265659,23.11530048,30.13945396,7,STGPS  
12:16:56,3139,319,F,FLIGHT,746.825054,22.7993499,-9.25E-117,3.298439186,195.5171881,301.7119831,157.2593055,120.2226311,9.619648148,267.2719859,23.66858057,119.9060429,360.4713533,187.3924497,12:16:56,746.825054,23.11530048,30.13945396,8,STGPS  
12:16:57,3139,320,F,FLIGHT,745.7235421,24.67337806,-4.63E-117,3.30236569,164.9293295,282.7489644,168.0892296,117.2589987,9.447609288,261.7197536,26.74496931,109.6208293,320.1931859,168.9593163,12:16:57,745.7235421,23.11530048,30.13945396,5,STGPS  
12:16:58,3139,321,F,FLIGHT,744.6220302,24.75789537,3.07E-117,3.296812597,178.8095975,288.228386,150.2833544,120.5715733,9.360616622,239.7493182,22.74122934,115.8658205,337.6701386,162.2969314,12:16:58,744.6220302,23.11530048,30.13945396,2,STGPS  
12:16:59,3139,322,F,FLIGHT,743.5205184,25.90978845,4.12E-118,3.300642169,186.6168069,273.8711807,165.885819,135.200082,10.2280266,236.1948237,22.76285956,108.1463034,384.1249543,175.9019911,12:16:59,743.5205184,23.11530048,30.13945396,1,STGPS  
12:17:00,3139,323,F,FLIGHT,742.4190065,26.28028249,3.49E-121,3.298131365,173.2763646,302.0555616,158.7527045,127.2082109,9.238520841,236.2726839,24.97605993,120.8644904,318.8218134,195.7164729,12:17:00,742.4190065,23.11530048,30.13945396,9,STGPS  
12:17:01,3139,324,F,FLIGHT,741.3174946,25.75763429,1.92E-121,3.301913896,197.0477754,280.9307491,164.5770097,132.3182866,10.25826959,261.5526539,23.4552328,104.8439674,338.1097235,171.3922009,12:17:01,741.3174946,23.11530048,30.13945396,5,STGPS  
12:17:02,3139,325,F,FLIGHT,740.2159827,24.37606502,6.88E-122,3.30079174,163.4174926,289.5140456,140.7399061,118.7822115,10.60020186,251.5106254,23.88932917,117.8321181,385.0294425,170.5629444,12:17:02,740.2159827,23.11530048,30.13945396,5,STGPS  
12:17:03,3139,326,F,FLIGHT,739.1144708,26.39471302,-1.37E-123,3.301989578,185.9202237,284.8560443,143.5582376,112.0207743,10.48396074,251.2085315,24.05802989,108.1823503,347.1431328,178.2459602,12:17:03,739.1144708,23.11530048,30.13945396,5,STGPS  
12:17:04,3139,327,F,FLIGHT,738.012959,25.709347,-1.59E-124,3.301022798,182.7081121,255.6774023,167.6704443,127.8332307,10.43944863,248.9949309,26.80280414,119.8956486,360.9010483,162.4787033,12:17:04,738.012959,23.11530048,30.13945396,5,STGPS  
12:17:05,3139,328,F,FLIGHT,736.9114471,27.53599134,5.43E-125,3.29796506,165.2630818,294.8638274,143.1851278,113.2486186,10.94117317,255.640799,23.70073878,103.7577399,338.0901282,185.5471584,12:17:05,736.9114471,23.11530048,30.13945396,1,STGPS  
12:17:06,3139,329,F,FLIGHT,735.8099352,26.40562198,4.28E-125,3.296857118,184.451983,258.1047109,160.2777811,124.2205836,9.38021616,238.9515003,23.15762957,110.4182473,384.4192226,195.8560664,12:17:06,735.8099352,23.11530048,30.13945396,3,STGPS  
12:17:07,3139,330,F,FLIGHT,734.7084233,27.38753252,-2.76E-125,3.299914989,181.984665,282.1662398,165.9351132,134.1630344,10.89288501,268.2978014,22.95171234,114.2861817,336.3563678,165.9014097,12:17:07,734.7084233,23.11530048,30.13945396,5,STGPS  
12:17:08,3139,331,F,FLIGHT,733.6069114,26.75606625,-9.30E-127,3.298272427,188.4371818,262.3272742,150.2029286,118.3271189,10.1810591,246.7376919,26.80851777,107.5756554,366.3845425,176.6304979,12:17:08,733.6069114,23.11530048,30.13945396,8,STGPS  
12:17:09,3139,332,F,FLIGHT,732.5053996,26.96335072,7.94E-128,3.301141361,165.6990077,263.1341158,147.6749849,125.7528404,9.717120756,260.2371334,24.84461671,105.6667293,364.5506216,186.9249986,12:17:09,732.5053996,23.11530048,30.13945396,3,STGPS  
12:17:10,3139,333,F,FLIGHT,731.4038877,25.48915034,-4.76E-128,3.299579606,179.8185511,304.5611177,148.7197528,125.0964637,9.477452593,243.8772565,22.90033856,110.7777116,378.5661276,171.474203,12:17:10,731.4038877,23.11530048,30.13945396,4,STGPS  
12:17:11,3139,334,F,FLIGHT,730.3023758,25.19840641,-2.59E-128,3.296755237,177.3801622,293.1612233,162.7085298,135.1468681,9.28855467,273.7212317,23.91955938,115.2479285,366.9570656,186.2923847,12:17:11,730.3023758,23.11530048,30.13945396,1,STGPS  
12:17:12,3139,335,F,FLIGHT,729.2008639,26.90937002,-2.35E-128,3.300183299,190.5494656,255.2669264,143.197416,116.5774274,10.01231126,236.1851856,27.17808919,116.5954476,323.2663116,171.5766496,12:17:12,729.2008639,23.11530048,30.13945396,9,STGPS  
12:17:13,3139,336,F,FLIGHT,728.0993521,25.83379407,-9.98E-129,3.298416079,168.0139239,253.9023873,159.7200804,116.3728934,10.76733257,230.1212565,25.81088374,109.6790894,358.6991609,167.8702471,12:17:13,728.0993521,23.11530048,30.13945396,7,STGPS  
12:17:14,3139,337,F,FLIGHT,726.9978402,27.04621226,4.32E-129,3.300290409,184.0826828,285.9329349,166.7478786,113.9298906,9.634110747,251.0074409,27.31861813,108.6314793,385.5344003,192.0258976,12:17:14,726.9978402,23.11530048,30.13945396,1,STGPS  
12:17:15,3139,338,F,FLIGHT,725.8963283,26.79910047,-2.84E-129,3.299937217,163.1099642,280.3820474,166.0317621,112.8676855,10.26179247,234.2789561,23.72896558,104.165421,342.3380569,197.8841084,12:17:15,725.8963283,23.11530048,30.13945396,6,STGPS  
12:17:16,3139,339,F,FLIGHT,724.7948164,23.81189146,-1.13E-129,3.298674156,194.1768306,257.0667233,169.5006497,129.9539322,10.21211377,272.7441355,22.91606535,117.3058114,344.3094025,192.2100523,12:17:16,724.7948164,23.11530048,30.13945396,1,STGPS  
12:17:17,3139,340,F,FLIGHT,723.6933045,25.75672475,1.09E-130,3.30246742,179.6769049,298.9147309,163.3813068,116.2536213,10.97057904,230.8765614,22.5820181,110.886247,319.264316,176.3982477,12:17:17,723.6933045,23.11530048,30.13945396,4,STGPS  
12:17:18,3139,341,F,FLIGHT,722.5917927,23.82992067,8.37E-131,3.298299544,191.5086255,254.807031,158.3464635,127.4405067,10.69205924,264.3638181,24.64786751,101.9995691,370.8849027,195.8692109,12:17:18,722.5917927,23.11530048,30.13945396,9,STGPS  
12:17:19,3139,342,F,FLIGHT,721.4902808,27.69923441,4.33E-131,3.301201503,185.3588178,269.4983291,165.432431,134.5273067,10.90952609,241.2137491,27.32077697,112.3198407,340.9876893,166.513504,12:17:19,721.4902808,23.11530048,30.13945396,6,STGPS  
12:17:20,3139,343,F,FLIGHT,720.3887689,26.38450866,-1.92E-131,3.299564379,179.3404154,275.1632252,169.3783279,116.6608291,10.4695918,242.7660935,24.89359316,100.7127735,369.4464131,168.4367505,12:17:20,720.3887689,23.11530048,30.13945396,5,STGPS  
12:17:21,3139,344,F,FLIGHT,719.287257,24.36232407,1.45E-131,3.30269332,168.8279597,275.131241,152.6626915,117.1945565,10.85642754,260.9100123,26.34545844,111.7729657,382.2658427,180.1720464,12:17:21,719.287257,23.11530048,30.13945396,3,STGPS  
12:17:22,3139,345,F,FLIGHT,718.1857451,25.9759379,-8.40E-132,3.298574643,186.1717319,288.6760921,167.3078788,126.3391363,10.67077715,236.3071843,23.1546101,108.8938532,344.7877401,196.4340066,12:17:22,718.1857451,23.11530048,30.13945396,5,STGPS  
12:17:23,3139,346,F,FLIGHT,717.0842333,27.74138076,7.25E-132,3.298239092,179.2066208,272.5679734,164.2652123,128.5340837,10.94003765,235.7399773,23.35100787,104.1549677,325.4126416,183.9722897,12:17:23,717.0842333,23.11530048,30.13945396,2,STGPS  
12:17:24,3139,347,F,FLIGHT,715.9827214,24.11904701,2.96E-134,3.301593753,186.872354,293.5189462,149.6647914,130.7751989,9.590140202,271.6896122,22.7205054,111.4384305,321.8487861,183.3530022,12:17:24,715.9827214,23.11530048,30.13945396,6,STGPS  
12:17:25,3139,348,F,FLIGHT,714.8812095,26.49381154,1.54E-134,3.297671411,190.0644065,282.221116,165.0157117,120.2211837,9.479697932,238.7830705,27.24191159,113.3454595,342.5997931,170.1286505,12:17:25,714.8812095,23.11530048,30.13945396,8,STGPS  
12:17:26,3139,349,F,FLIGHT,713.7796976,27.4553578,-1.15E-134,3.297550387,197.827403,303.4299416,156.8398894,111.7251117,10.99691381,240.1030704,22.90697138,116.8486877,381.8871258,186.8261957,12:17:26,713.7796976,23.11530048,30.13945396,3,STGPS  
12:17:27,3139,350,F,FLIGHT,712.6781857,24.16766576,5.77E-135,3.298114783,174.1851709,257.1585735,157.1450319,124.5014343,9.727630935,258.4522363,25.73115512,109.532688,386.3710797,182.7573566,12:17:27,712.6781857,23.11530048,30.13945396,1,STGPS  
12:17:28,3139,351,F,FLIGHT,711.5766739,23.76621295,-1.66E-135,3.300141804,182.3019607,301.8769245,156.7073143,127.6968164,9.135488863,250.4084112,26.57019012,103.8432737,374.0690108,166.6630571,12:17:28,711.5766739,23.11530048,30.13945396,1,STGPS  
12:17:29,3139,352,F,FLIGHT,710.475162,25.55571293,1.06E-135,3.302793008,181.8834257,300.1332636,167.2937181,131.7049313,10.24304967,276.3699768,24.64481792,101.6011044,379.4213238,187.6045384,12:17:29,710.475162,23.11530048,30.13945396,2,STGPS  
12:17:30,3139,353,F,FLIGHT,709.3736501,26.83953568,1.09E-136,3.301525361,171.361494,270.0843899,161.6034361,113.7212833,9.95049949,233.4283648,24.99558737,105.3262516,381.2876927,182.3000011,12:17:30,709.3736501,23.11530048,30.13945396,7,STGPS  
12:17:31,3139,354,F,FLIGHT,708.2721382,22.87814165,7.33E-137,3.297067426,196.8846116,284.6430711,167.6873853,123.9119404,9.571762052,239.6440044,27.40696204,115.5975408,326.2416285,174.0537156,12:17:31,708.2721382,23.11530048,30.13945396,4,STGPS  
12:17:32,3139,355,F,FLIGHT,707.1706263,25.40015027,3.33E-137,3.302915879,173.6955809,275.1926585,154.267916,127.2484039,9.66805163,240.6242887,27.42262556,117.4092577,326.2762774,197.0868336,12:17:32,707.1706263,23.11530048,30.13945396,3,STGPS  
12:17:33,3139,356,F,FLIGHT,706.0691145,23.39153791,8.47E-138,3.3020131,180.9550405,283.6918354,157.9429907,111.7583677,9.66248614,260.6179006,26.17020299,111.4338375,324.8244681,182.8472327,12:17:33,706.0691145,23.11530048,30.13945396,2,STGPS  
12:17:34,3139,357,F,FLIGHT,704.9676026,27.22724135,-6.88E-138,3.302479491,163.0966127,297.8885615,157.7442589,131.8645581,10.88593972,241.5284308,24.15961534,119.0238327,354.8810321,168.9913148,12:17:34,704.9676026,23.11530048,30.13945396,9,STGPS  
12:17:35,3139,358,F,FLIGHT,703.8660907,27.54632678,4.90E-140,3.302151966,176.5675742,267.6652018,161.1675222,123.7317837,10.78321827,241.6573784,25.5277291,115.7621617,388.1100981,178.4518775,12:17:35,703.8660907,23.11530048,30.13945396,8,STGPS  
12:17:36,3139,359,F,FLIGHT,702.7645788,26.03640081,-2.22E-140,3.29684954,166.8267545,286.9568592,165.9465045,117.4558649,9.396421717,252.2116926,27.05675717,111.9421043,388.4776136,194.8479979,12:17:36,702.7645788,23.11530048,30.13945396,0,STGPS  
12:17:37,3139,360,F,FLIGHT,701.663067,22.94483401,-6.17E-141,3.302474852,166.8554169,266.2713936,147.8673812,125.365271,9.478468727,258.2170395,22.90691472,100.6177377,319.7048597,172.1166156,12:17:37,701.663067,23.11530048,30.13945396,2,STGPS  
12:17:38,3139,361,F,FLIGHT,700.5615551,24.51685089,-5.36E-141,3.296830778,169.8987409,291.6744937,162.9295431,128.7971675,10.6032853,276.4145812,23.15183661,108.0859348,348.5343763,187.3579029,12:17:38,700.5615551,23.11530048,30.13945396,6,STGPS  
12:17:39,3139,362,F,FLIGHT,699.4600432,26.12666708,-3.69E-141,3.302172764,171.0187201,271.806917,151.3803473,118.910161,10.95483105,271.47784,23.1700664,116.9421475,353.5776931,187.6153585,12:17:39,699.4600432,23.11530048,30.13945396,7,STGPS  
12:17:40,3139,363,F,FLIGHT,698.3585313,25.68956124,-3.42E-141,3.299792415,193.0222143,252.9150207,156.7977631,122.168779,10.10865981,243.6856908,26.17072021,105.2920192,325.7435688,182.2004027,12:17:40,698.3585313,23.11530048,30.13945396,9,STGPS  
12:17:41,3139,364,F,FLIGHT,697.2570194,25.55184432,-3.40E-141,3.299473096,163.6312074,275.3646838,143.5494645,123.2683231,10.35749472,263.0828807,26.48440336,119.7398389,370.3081643,174.851627,12:17:41,697.2570194,23.11530048,30.13945396,0,STGPS  
12:17:42,3139,365,F,FLIGHT,696.1555076,25.91049998,-3.12E-142,3.298423807,168.1463093,258.7106382,146.956109,123.721492,9.306206342,256.5119879,25.98521637,117.1295538,359.7601005,183.3656356,12:17:42,696.1555076,23.11530048,30.13945396,5,STGPS  
12:17:43,3139,366,F,FLIGHT,695.0539957,25.97367454,2.24E-142,3.297425827,174.7717939,270.0653945,160.0240822,130.7207096,9.636261113,245.557239,24.96601741,118.0403731,381.9741645,165.1879982,12:17:43,695.0539957,23.11530048,30.13945396,0,STGPS  
12:17:44,3139,367,F,FLIGHT,693.9524838,26.84117709,-7.74E-143,3.298547549,163.9393031,275.0719657,167.378533,123.8287818,9.043390033,253.6906401,25.76270786,119.9863355,375.733551,173.9933683,12:17:44,693.9524838,23.11530048,30.13945396,2,STGPS  
12:17:45,3139,368,F,FLIGHT,692.8509719,26.95877194,6.58E-144,3.297815527,185.8337509,295.3121236,152.2478245,118.8694801,9.792054092,241.5439571,26.49264236,120.1652568,384.2188525,197.8080749,12:17:45,692.8509719,23.11530048,30.13945396,6,STGPS  
12:17:46,3139,369,F,FLIGHT,691.74946,27.15427805,-2.24E-144,3.29826082,177.9521837,280.1378522,162.0746346,117.4667841,10.18690648,267.0058434,22.73858844,106.291592,319.3457077,187.3106528,12:17:46,691.74946,23.11530048,30.13945396,8,STGPS  
12:17:47,3139,370,F,FLIGHT,690.6479482,24.00792675,-1.42E-144,3.299085846,176.9874476,299.2908114,139.7123084,126.3431674,9.753556216,238.3071479,24.07469253,104.4493763,324.7921238,163.387566,12:17:47,690.6479482,23.11530048,30.13945396,1,STGPS  
12:17:48,3139,371,F,FLIGHT,689.5464363,24.97126588,-1.40E-144,3.296751942,180.407482,274.70997,160.187995,113.5237312,9.996760121,248.59095,24.7209779,105.6859253,323.9990784,192.4300901,12:17:48,689.5464363,23.11530048,30.13945396,7,STGPS  
12:17:49,3139,372,F,FLIGHT,688.4449244,26.15638085,-3.13E-145,3.302815045,165.5240148,263.6241891,153.3308596,115.695595,10.71350133,268.6772321,26.2316123,106.7096155,361.1729957,192.978317,12:17:49,688.4449244,23.11530048,30.13945396,5,STGPS  
12:17:50,3139,373,F,FLIGHT,687.3434125,24.29726588,2.24E-145,3.298309807,175.4642313,263.5564551,167.035762,113.1396779,9.69238043,243.6897851,22.63588306,108.6419261,344.9126941,171.8173453,12:17:50,687.3434125,23.11530048,30.13945396,8,STGPS  
12:17:51,3139,374,F,FLIGHT,686.2419006,27.7391806,1.43E-145,3.298662452,170.4610911,271.100359,141.2392329,122.8784678,9.468101241,254.0969302,26.62832099,109.2824099,343.4063464,177.9502153,12:17:51,686.2419006,23.11530048,30.13945396,2,STGPS  
12:17:52,3139,375,F,FLIGHT,685.1403888,25.02113324,-8.97E-146,3.298875963,170.9393726,262.8670691,144.7379099,111.2995939,9.921279248,255.8606309,27.27489457,113.6008079,333.9573129,196.3262138,12:17:52,685.1403888,23.11530048,30.13945396,7,STGPS  
12:17:53,3139,376,F,FLIGHT,684.0388769,26.86581252,6.50E-146,3.300421946,164.2000932,307.6671673,146.3665413,121.1273312,10.65601128,265.8985781,26.66101314,111.2208759,318.6159184,187.9916669,12:17:53,684.0388769,23.11530048,30.13945396,6,STGPS  
12:17:54,3139,377,F,FLIGHT,682.937365,25.79785472,1.73E-146,3.298573758,163.1256027,279.1475408,159.9077705,135.0263193,9.435442227,248.7530432,23.67072505,112.6833001,335.1981995,191.9019813,12:17:54,682.937365,23.11530048,30.13945396,9,STGPS  
12:17:55,3139,378,F,FLIGHT,681.8358531,24.1489286,-1.68E-146,3.296938211,176.6411996,287.7621546,148.0610354,115.4359102,9.114596863,256.8627978,24.82074789,119.9694865,381.7651849,180.6324907,12:17:55,681.8358531,23.11530048,30.13945396,7,STGPS  
12:17:56,3139,379,F,FLIGHT,680.7343413,23.82146234,1.35E-146,3.299942924,189.3165898,307.1864768,139.6811635,110.9841786,9.665169427,233.9412668,26.77963193,105.8946741,376.6412403,175.3518875,12:17:56,680.7343413,23.11530048,30.13945396,7,STGPS  
12:17:57,3139,380,F,FLIGHT,679.6328294,22.93305324,8.57E-147,3.297716363,185.7056448,286.5031232,152.795171,134.4427782,9.078152032,260.4247235,27.06541921,109.7756615,372.7775568,195.0277345,12:17:57,679.6328294,23.11530048,30.13945396,6,STGPS  
12:17:58,3139,381,F,FLIGHT,678.5313175,24.00114125,3.17E-147,3.298183455,170.9814698,269.6523632,147.4412092,132.4682274,10.78491536,254.5683061,26.26955366,107.9337015,341.2029421,171.1321085,12:17:58,678.5313175,23.11530048,30.13945396,9,STGPS  
12:17:59,3139,382,F,FLIGHT,677.4298056,23.79362735,-1.92E-148,3.298438755,170.7287412,259.8581936,144.5251398,126.5391877,10.83924872,248.9310577,24.25738327,112.8211126,373.5051629,169.7970107,12:17:59,677.4298056,23.11530048,30.13945396,6,STGPS  
12:18:00,3139,383,F,FLIGHT,676.3282937,27.4649464,-9.43E-149,3.303292317,195.3505024,283.8997882,149.3374457,115.5587644,9.072539317,252.0722413,23.21854437,110.8620643,342.3842807,179.4161331,12:18:00,676.3282937,23.11530048,30.13945396,6,STGPS  
12:18:01,3139,384,F,FLIGHT,675.2267819,23.62050798,-8.50E-149,3.301312492,178.9574145,280.9165901,166.5359532,123.1389484,10.61825261,243.5753117,25.90484327,104.8114094,361.5332997,186.7277782,12:18:01,675.2267819,23.11530048,30.13945396,2,STGPS  
12:18:02,3139,385,F,FLIGHT,674.12527,26.39090181,5.28E-149,3.298510895,186.7742539,261.1223064,157.6245687,119.5421963,9.707640023,235.0672342,23.64272667,108.1090207,350.3695998,195.2403769,12:18:02,674.12527,23.11530048,30.13945396,7,STGPS  
12:18:03,3139,386,F,FLIGHT,673.0237581,26.83697906,-4.19E-149,3.300476658,164.4434607,300.4238837,148.3107853,112.6102014,10.46608537,278.8774631,22.85224865,103.4951409,388.3196357,168.6107681,12:18:03,673.0237581,23.11530048,30.13945396,0,STGPS  
12:18:04,3139,387,F,FLIGHT,671.9222462,26.85520714,-1.21E-149,3.298555916,167.1525921,297.7792279,148.4401163,132.3208646,9.673956858,259.8447156,25.18364637,112.3662335,388.3868512,167.2066356,12:18:04,671.9222462,23.11530048,30.13945396,7,STGPS  
12:18:05,3139,388,F,FLIGHT,670.8207343,22.88140109,-9.51E-150,3.302684011,195.6748206,258.059383,141.8543638,112.278581,9.604029441,271.0426933,24.24568776,118.1308591,327.1145683,194.8739161,12:18:05,670.8207343,23.11530048,30.13945396,7,STGPS  
12:18:06,3139,389,F,FLIGHT,669.7192225,25.95426369,-1.12E-150,3.298133021,176.3695277,298.9381436,151.0700329,123.0809596,10.23729447,280.3709313,24.92884146,110.7608162,340.4889208,174.8757483,12:18:06,669.7192225,23.11530048,30.13945396,8,STGPS  
12:18:07,3139,390,F,FLIGHT,668.6177106,25.24975156,1.08E-150,3.298849616,189.0028941,288.8344828,154.9031365,135.1016254,9.329799238,262.7750877,23.22611903,108.6452111,322.7881088,197.8068464,12:18:07,668.6177106,23.11530048,30.13945396,0,STGPS  
12:18:08,3139,391,F,FLIGHT,667.5161987,26.91875761,-9.26E-151,3.299115322,188.5832857,279.9586925,159.5383765,132.3175852,9.623291815,248.6776882,22.9299167,105.4416271,321.2442346,190.6234157,12:18:08,667.5161987,23.11530048,30.13945396,9,STGPS  
12:18:09,3139,392,F,FLIGHT,666.4146868,22.94521261,3.38E-151,3.300646702,175.701866,272.0439804,150.4870185,117.03198,9.22400328,249.9847323,24.94674216,112.6702635,342.8457833,167.3514973,12:18:09,666.4146868,23.11530048,30.13945396,1,STGPS  
12:18:10,3139,393,F,FLIGHT,665.3131749,24.77342066,2.00E-151,3.300086107,179.987735,302.6397325,155.1922434,118.2036281,10.73046417,241.5863199,27.2050304,111.4579102,385.0735753,189.6553616,12:18:10,665.3131749,23.11530048,30.13945396,3,STGPS  
12:18:11,3139,394,F,FLIGHT,664.2116631,24.70187449,-1.89E-151,3.30178918,177.1926177,268.909936,159.6175659,129.3095999,10.98065162,254.6755066,24.68468343,121.9157898,352.1595864,182.9487978,12:18:11,664.2116631,23.11530048,30.13945396,3,STGPS  
12:18:12,3139,395,F,FLIGHT,663.1101512,26.90608731,1.83E-151,3.300928995,184.7715912,260.4366204,168.5228628,122.7919622,9.77002473,235.0016131,25.06144226,121.2092653,336.9278065,162.9773564,12:18:12,663.1101512,23.11530048,30.13945396,5,STGPS  
12:18:13,3139,396,F,FLIGHT,662.0086393,26.36558914,-1.51E-151,3.296825313,178.5720115,256.7122539,143.1253286,110.7732403,10.80746692,278.341952,26.1234033,120.1410379,343.3876649,181.5651014,12:18:13,662.0086393,23.11530048,30.13945396,8,STGPS  
12:18:14,3139,397,F,FLIGHT,660.9071274,24.78744314,-9.15E-153,3.299140394,196.0023154,277.3168756,142.5623739,125.140294,10.35198243,271.5120418,25.95004908,114.1185477,319.6417489,170.0091441,12:18:14,660.9071274,23.11530048,30.13945396,3,STGPS  
12:18:15,3139,398,F,FLIGHT,659.8056156,23.21434494,-3.21E-153,3.297345426,162.6055403,297.5393567,162.7579316,127.5581154,10.19637448,232.2677113,24.03739887,104.492736,372.0446221,190.2888304,12:18:15,659.8056156,23.11530048,30.13945396,3,STGPS  
12:18:16,3139,399,F,FLIGHT,658.7041037,25.76546175,-9.33E-154,3.300599809,174.0636437,288.2075554,160.893455,111.4707709,9.056325981,273.2727611,26.55077069,101.8678159,333.2897966,171.8682435,12:18:16,658.7041037,23.11530048,30.13945396,4,STGPS  
12:18:17,3139,400,F,FLIGHT,657.6025918,23.2827463,1.16E-154,3.297032751,169.917653,258.0645251,156.1734051,131.6086878,10.94922045,271.470003,22.68777658,112.9456733,369.7697245,191.4637578,12:18:17,657.6025918,23.11530048,30.13945396,1,STGPS  
12:18:18,3139,401,F,FLIGHT,656.5010799,27.07314671,7.77E-155,3.301367731,168.070678,309.0104737,144.8011204,132.9909827,9.283086625,270.1021253,25.41941765,109.5974846,373.8058796,190.0657356,12:18:18,656.5010799,23.11530048,30.13945396,0,STGPS  
12:18:19,3139,402,F,FLIGHT,655.399568,26.69901778,-3.17E-155,3.29744298,165.5794653,269.1799629,147.5785345,114.4581032,10.62196625,248.792698,25.49521411,101.5032274,327.3982556,163.9478165,12:18:19,655.399568,23.11530048,30.13945396,4,STGPS  
12:18:20,3139,403,F,FLIGHT,654.2980562,24.20290782,7.07E-156,3.299963788,172.707855,304.6085556,161.7753123,131.5643182,10.8579627,269.6400669,23.96002184,113.2843775,382.9496084,165.9190889,12:18:20,654.2980562,23.11530048,30.13945396,3,STGPS  
12:18:21,3139,404,F,FLIGHT,653.1965443,24.15705135,-2.55E-156,3.301259275,194.3964587,271.164266,161.409521,124.4376458,9.90892684,244.5033617,24.89500151,121.5445729,372.0094545,164.8134647,12:18:21,653.1965443,23.11530048,30.13945396,3,STGPS  
12:18:22,3139,405,F,FLIGHT,652.0950324,23.20352729,-7.70E-157,3.302613735,192.3377806,264.1275337,161.1341399,130.0057957,10.48683565,267.2867586,27.27143777,115.2920164,360.6872419,194.2701825,12:18:22,652.0950324,23.11530048,30.13945396,5,STGPS  
12:18:23,3139,406,F,FLIGHT,650.9935205,27.49972627,6.96E-157,3.302577357,163.6228801,254.5967097,140.363802,118.1259924,9.085195032,232.2538001,25.41333091,108.1091882,331.1163271,190.0712362,12:18:23,650.9935205,23.11530048,30.13945396,9,STGPS  
12:18:24,3139,407,F,FLIGHT,649.8920086,26.81731999,5.96E-157,3.302782344,188.9384965,284.9222385,161.9198809,132.0708106,9.094455456,243.8064836,27.34835076,119.9629509,323.4704789,178.1501934,12:18:24,649.8920086,23.11530048,30.13945396,5,STGPS  
12:18:25,3139,408,F,FLIGHT,648.7904968,24.74778619,-3.64E-157,3.297050336,181.3913113,274.657076,140.186319,116.4690729,10.70536791,266.7058388,24.80838933,109.1603327,320.884198,169.9730708,12:18:25,648.7904968,23.11530048,30.13945396,6,STGPS  
12:18:26,3139,409,F,FLIGHT,647.6889849,27.23954251,-2.73E-157,3.300022168,180.0630469,267.5707061,163.4833822,133.9876548,10.21875165,244.0130301,24.7100087,116.9536289,350.9371095,195.549191,12:18:26,647.6889849,23.11530048,30.13945396,7,STGPS  
12:18:27,3139,410,F,FLIGHT,646.587473,24.05477498,2.29E-157,3.301042168,167.0675927,298.8497098,139.6040124,126.4930185,10.0705486,235.7308737,24.62671984,102.3457176,371.6095728,184.5035484,12:18:27,646.587473,23.11530048,30.13945396,9,STGPS  
12:18:28,3139,411,F,FLIGHT,645.4859611,25.09843527,-8.51E-158,3.302851125,194.164125,304.6241889,164.4580313,128.0360466,10.52959308,263.0491036,26.99157039,104.9696331,371.127193,188.2083458,12:18:28,645.4859611,23.11530048,30.13945396,3,STGPS  
12:18:29,3139,412,F,FLIGHT,644.3844492,23.7398627,-4.86E-158,3.302201808,184.4310347,290.6601001,148.6262765,129.1377667,9.448069481,254.3906543,26.60756744,120.9237661,324.5307739,195.5981576,12:18:29,644.3844492,23.11530048,30.13945396,5,STGPS  
12:18:30,3139,413,F,FLIGHT,643.2829374,23.90237811,-1.08E-159,3.297965545,182.7727758,270.3808944,162.2495635,113.4826901,10.59502325,265.2577733,24.10632215,110.4497128,328.5839041,180.5970044,12:18:30,643.2829374,23.11530048,30.13945396,5,STGPS  
12:18:31,3139,414,F,FLIGHT,642.1814255,24.19757926,7.64E-160,3.299619487,181.6952173,285.344315,153.4920261,134.4698879,9.944360414,256.8294754,26.80925639,112.1138014,345.3394058,169.3271636,12:18:31,642.1814255,23.11530048,30.13945396,4,STGPS  
12:18:32,3139,415,F,FLIGHT,641.0799136,26.76679778,-6.95E-160,3.29705717,166.5652397,278.4552146,147.5273721,130.9907096,9.036462381,236.1456925,23.74186035,111.8722908,318.8684102,176.2697221,12:18:32,641.0799136,23.11530048,30.13945396,2,STGPS  
12:18:33,3139,416,F,FLIGHT,639.9784017,26.6288514,6.45E-161,3.298092491,196.8435603,264.0004238,141.0611359,113.7227819,10.62355351,272.1385915,24.76891227,101.3767836,386.9339572,194.7669521,12:18:33,639.9784017,23.11530048,30.13945396,2,STGPS  
12:18:34,3139,417,F,FLIGHT,638.8768898,27.7681522,-1.25E-161,3.30312005,183.4555236,305.3709627,164.9494055,114.0540469,9.033996625,274.5451143,23.45986704,118.6154092,373.7132232,196.6876,12:18:34,638.8768898,23.11530048,30.13945396,7,STGPS  
12:18:35,3139,418,F,FLIGHT,637.775378,23.90126422,4.61E-162,3.302827807,185.6274086,294.1578324,168.8648308,120.7714983,10.20430602,253.5795237,26.59203082,121.3850486,333.8377606,187.5023849,12:18:35,637.775378,23.11530048,30.13945396,2,STGPS  
12:18:36,3139,419,F,FLIGHT,636.6738661,27.68737371,2.73E-162,3.298995767,171.0629715,281.3805483,154.874413,113.8128026,9.775195906,260.5120542,22.75767194,107.1353837,383.6731418,193.2017244,12:18:36,636.6738661,23.11530048,30.13945396,3,STGPS  
12:18:37,3139,420,F,FLIGHT,635.5723542,24.70439309,1.42E-162,3.296752597,186.0579814,261.2138549,144.8297852,117.8631425,9.334418525,253.2924633,27.48736461,117.709916,336.6076001,182.62182,12:18:37,635.5723542,23.11530048,30.13945396,4,STGPS  
12:18:38,3139,421,F,FLIGHT,634.4708423,26.1638786,-1.33E-162,3.299138622,173.1943047,290.4216071,167.5778316,116.4764989,10.39345811,249.7659007,23.5834338,113.7065047,368.6060043,190.7259016,12:18:38,634.4708423,23.11530048,30.13945396,7,STGPS  
12:18:39,3139,422,F,FLIGHT,633.3693305,23.89608166,2.76E-163,3.301482632,172.3887584,266.0727355,166.1881631,117.9487128,10.73274331,232.6975056,24.0485956,105.2992257,330.3800066,175.1485381,12:18:39,633.3693305,23.11530048,30.13945396,1,STGPS  
12:18:40,3139,423,F,FLIGHT,632.2678186,22.78485077,-4.81E-164,3.300312628,193.0679224,297.0109494,143.1598988,120.6190771,10.07919737,251.3216453,26.91822901,104.5237098,321.3125828,189.488162,12:18:40,632.2678186,23.11530048,30.13945396,6,STGPS  
12:18:41,3139,424,F,FLIGHT,631.1663067,23.03603115,-4.42E-164,3.29799978,163.0205894,294.78499,158.0825812,131.6409654,9.029255395,235.4796008,22.61649855,117.0634474,375.5081171,184.3014931,12:18:41,631.1663067,23.11530048,30.13945396,7,STGPS  
12:18:42,3139,425,F,FLIGHT,630.0647948,26.46697733,-2.19E-164,3.298424397,164.353791,253.815684,147.1991651,117.3585098,9.826886169,234.5880351,26.23321631,103.5979308,379.0162616,168.447702,12:18:42,630.0647948,23.11530048,30.13945396,1,STGPS  
12:18:43,3139,426,F,FLIGHT,628.9632829,24.30468165,9.68E-165,3.297656573,193.0887801,298.1040657,149.765326,124.1552806,10.12600546,247.3534674,24.26364825,100.5968913,364.4374151,170.5727919,12:18:43,628.9632829,23.11530048,30.13945396,4,STGPS  
12:18:44,3139,427,F,FLIGHT,627.8617711,26.58222109,8.48E-165,3.298669035,195.2249264,272.1726304,159.3024389,116.7391588,10.50575072,272.3228024,23.32052894,102.0822278,344.0870397,197.9224623,12:18:44,627.8617711,23.11530048,30.13945396,3,STGPS  
12:18:45,3139,428,F,FLIGHT,626.7602592,25.23919805,3.68E-165,3.301404107,190.0688192,257.3242254,156.40054,132.166579,9.771076874,255.6149799,23.35591297,112.4371766,322.1703377,172.1581325,12:18:45,626.7602592,23.11530048,30.13945396,7,STGPS  
12:18:46,3139,429,F,FLIGHT,625.6587473,25.76053121,-2.99E-166,3.299835793,163.3807047,285.1151934,143.9168514,121.9237281,9.685723886,250.3236682,22.65378051,107.289699,387.0044153,163.8367428,12:18:46,625.6587473,23.11530048,30.13945396,9,STGPS  
12:18:47,3139,430,F,FLIGHT,624.5572354,23.54629114,-1.28E-166,3.301145707,188.9342638,304.2719811,149.3473457,126.6244219,9.479626807,264.2885685,25.27013792,121.3787693,371.7929624,166.004771,12:18:47,624.5572354,23.11530048,30.13945396,8,STGPS  
12:18:48,3139,431,F,FLIGHT,623.4557235,23.03276387,-3.05E-167,3.299118942,174.3617141,300.6100318,154.229423,124.9461253,9.127003713,231.2075078,26.07810579,113.454413,377.9673952,182.1375395,12:18:48,623.4557235,23.11530048,30.13945396,0,STGPS  
12:18:49,3139,432,F,FLIGHT,622.3542117,27.50070733,2.51E-167,3.29723788,193.2369233,308.2309411,144.7047579,129.8111252,10.67686777,240.1973669,23.9304273,106.4587197,339.2572414,165.7156351,12:18:49,622.3542117,23.11530048,30.13945396,3,STGPS  
12:18:50,3139,433,F,FLIGHT,621.2526998,22.85862262,1.32E-167,3.30043019,194.6840172,290.3877055,143.4968962,122.9653636,9.191497573,262.6368404,24.7612038,106.1475781,388.6035216,168.1482078,12:18:50,621.2526998,23.11530048,30.13945396,6,STGPS  
12:18:51,3139,434,F,FLIGHT,620.1511879,24.1642827,-3.27E-168,3.300613715,188.2891101,259.5349142,149.8293316,116.5195151,9.028764569,273.8268274,22.79653557,100.324988,367.8434547,174.1296297,12:18:51,620.1511879,23.11530048,30.13945396,9,STGPS  
12:18:52,3139,435,F,FLIGHT,619.049676,23.52165217,-5.91E-169,3.297848027,195.8126213,286.1392057,151.4230106,128.5699596,10.06807795,240.2988717,23.79951201,109.0832777,336.9248974,180.5059617,12:18:52,619.049676,23.11530048,30.13945396,4,STGPS  
12:18:53,3139,436,F,FLIGHT,617.9481641,26.49450813,4.56E-169,3.299240413,167.6041757,262.2849222,164.467416,114.0463588,9.043985382,258.714065,26.00806851,121.4769704,323.5739352,188.6207426,12:18:53,617.9481641,23.11530048,30.13945396,6,STGPS  
12:18:54,3139,437,F,FLIGHT,616.8466523,24.96312411,2.77E-169,3.301020957,166.2778013,285.9263433,150.6779072,132.3712851,10.46269127,255.1985849,26.82373668,102.656627,383.8415944,183.0957229,12:18:54,616.8466523,23.11530048,30.13945396,0,STGPS  
12:18:55,3139,438,F,FLIGHT,615.7451404,24.25534093,2.73E-169,3.297168632,194.9747279,257.8930188,143.6285322,121.3283085,10.87713255,246.5532414,25.23666664,112.987605,388.5241092,173.1731786,12:18:55,615.7451404,23.11530048,30.13945396,2,STGPS  
12:18:56,3139,439,F,FLIGHT,614.6436285,26.5610562,1.85E-169,3.29881031,180.3517622,264.9945532,153.5154617,130.5714976,10.85944913,268.787634,24.32393807,106.5114965,318.8398046,193.7274799,12:18:56,614.6436285,23.11530048,30.13945396,6,STGPS  
12:18:57,3139,440,F,FLIGHT,613.5421166,27.48589861,9.60E-170,3.302892108,195.4445015,285.1490512,146.6792818,117.7938365,9.724418233,264.9427546,23.29605576,102.5410679,369.0115476,185.3070486,12:18:57,613.5421166,23.11530048,30.13945396,5,STGPS  
12:18:58,3139,441,F,FLIGHT,612.4406048,27.40233012,3.48E-170,3.302029093,187.649045,277.5016544,167.4440654,121.7368059,10.53617717,257.1258041,25.93652165,118.2088689,362.6023098,196.8053841,12:18:58,612.4406048,23.11530048,30.13945396,8,STGPS  
12:18:59,3139,442,F,FLIGHT,611.3390929,27.62603097,6.32E-171,3.296800966,191.2083651,302.7106614,146.5172463,124.8419874,9.223171559,255.5513568,26.27166389,103.9905088,334.9272096,190.6470486,12:18:59,611.3390929,23.11530048,30.13945396,7,STGPS  
12:19:00,3139,443,F,FLIGHT,610.237581,24.37803606,4.63E-172,3.299804176,190.1828198,298.402065,140.7081715,127.4794226,9.678537675,270.4794848,24.7318019,106.7229043,319.7871365,172.6569277,12:19:00,610.237581,23.11530048,30.13945396,7,STGPS  
12:19:01,3139,444,F,FLIGHT,609.1360691,23.6857925,1.41E-172,3.298890135,195.1758153,285.1255007,155.2997558,132.9702073,10.00454395,251.9326336,25.48228882,117.315051,321.786074,182.0199685,12:19:01,609.1360691,23.11530048,30.13945396,8,STGPS  
12:19:02,3139,445,F,FLIGHT,608.0345572,24.33547103,-8.36E-173,3.302603163,170.1126967,284.1725309,167.0101331,128.5799185,10.0076288,266.5730706,24.57734679,100.8719182,334.4763014,173.7672917,12:19:02,608.0345572,23.11530048,30.13945396,4,STGPS  
12:19:03,3139,446,F,FLIGHT,606.9330454,27.09707622,-3.62E-173,3.296963166,165.9377202,304.5555995,153.5793927,134.6347763,10.68324539,257.6981427,25.14557116,119.4283774,368.7247987,197.0984429,12:19:03,606.9330454,23.11530048,30.13945396,9,STGPS  
12:19:04,3139,447,F,FLIGHT,605.8315335,26.5444983,-2.57E-173,3.301295551,187.0284735,270.0662342,153.6871782,131.0457806,10.96337915,250.7444927,27.0275764,112.0286993,330.0671451,190.8385264,12:19:04,605.8315335,23.11530048,30.13945396,2,STGPS  
12:19:05,3139,448,F,FLIGHT,604.7300216,27.34028124,-2.37E-173,3.300460947,188.383893,290.3143094,144.7170588,129.3808374,10.32724009,237.2495277,24.61421942,102.7035543,324.7688197,197.661412,12:19:05,604.7300216,23.11530048,30.13945396,3,STGPS  
12:19:06,3139,449,F,FLIGHT,603.6285097,23.06245357,-9.95E-175,3.299236758,187.2911478,290.2968195,169.4117085,117.7847185,9.721369251,242.2878738,24.7792543,112.1145582,320.5014105,180.0963602,12:19:06,603.6285097,23.11530048,30.13945396,0,STGPS  
12:19:07,3139,450,F,FLIGHT,602.5269978,24.55400489,-6.27E-175,3.301433492,179.0326987,306.7323833,146.2934934,112.6582517,9.071484815,242.3477491,25.86735255,114.4329716,379.9752677,170.4640627,12:19:07,602.5269978,23.11530048,30.13945396,2,STGPS  
12:19:08,3139,451,F,FLIGHT,601.425486,25.40951849,1.19E-175,3.300827001,180.5979499,273.8468792,166.6768946,114.5681813,9.691057455,274.8240286,23.91555897,116.817176,383.6636425,168.8272402,12:19:08,601.425486,23.11530048,30.13945396,8,STGPS  
12:19:09,3139,452,F,FLIGHT,600.3239741,26.18205367,6.03E-176,3.301290822,197.2366048,277.7988615,166.9039063,114.0111589,10.50008591,259.9604693,23.69188151,117.2730808,323.4933789,168.9034126,12:19:09,600.3239741,23.11530048,30.13945396,3,STGPS  
12:19:10,3139,453,F,FLIGHT,599.2224622,23.51891883,5.63E-176,3.300188918,175.0231033,308.4658659,146.1643356,125.2488144,9.687448975,276.9726036,25.17226201,116.2818902,324.1358184,197.2212931,12:19:10,599.2224622,23.11530048,30.13945396,2,STGPS  
12:19:11,3139,454,F,FLIGHT,598.1209503,25.52673804,3.33E-177,3.299632513,190.6419722,254.9797659,163.5985357,132.9510617,9.253065105,252.6707458,25.9625788,104.7269782,335.4585309,170.3995612,12:19:11,598.1209503,23.11530048,30.13945396,4,STGPS  
12:19:12,3139,455,F,FLIGHT,597.0194384,25.31105762,3.58E-178,3.303075069,195.8212311,260.0731341,154.3525153,132.5921353,10.85934163,233.121166,22.82855723,102.6954202,325.7112512,179.2583546,12:19:12,597.0194384,23.11530048,30.13945396,0,STGPS  
12:19:13,3139,456,F,FLIGHT,595.9179266,26.42419512,-1.76E-178,3.298564721,174.7179338,288.5708697,154.5106903,117.7528577,9.858192378,278.9345372,24.32341327,103.8935335,354.2684737,171.4048896,12:19:13,595.9179266,23.11530048,30.13945396,7,STGPS  
12:19:14,3139,457,F,FLIGHT,594.8164147,23.57110762,-1.25E-178,3.301057176,164.414284,275.4351335,148.7864352,113.5397782,10.84550389,264.8287834,25.5450056,120.5417606,337.7236226,187.1154971,12:19:14,594.8164147,23.11530048,30.13945396,8,STGPS  
12:19:15,3139,458,F,FLIGHT,593.7149028,23.47003977,1.08E-178,3.301334633,182.3908671,265.5364249,162.2509359,132.3511582,9.089042177,251.199237,23.85785876,118.6058081,320.6063046,165.5373216,12:19:15,593.7149028,23.11530048,30.13945396,5,STGPS  
12:19:16,3139,459,F,FLIGHT,592.6133909,26.63693717,9.64E-179,3.301672082,172.9097012,270.3631395,150.3700062,120.2875914,10.79065919,255.7637993,23.56004308,119.4142072,345.2327807,174.8706574,12:19:16,592.6133909,23.11530048,30.13945396,0,STGPS  
12:19:17,3139,460,F,FLIGHT,591.511879,23.87465525,8.67E-179,3.299793341,168.9823384,290.8912297,153.8362769,122.0930754,9.41666663,247.495752,27.02548409,109.1477964,384.2518793,166.7372822,12:19:17,591.511879,23.11530048,30.13945396,1,STGPS  
12:19:18,3139,461,F,FLIGHT,590.4103672,23.73045458,3.04E-179,3.299826817,182.4088609,254.2702636,143.209953,131.7134356,10.45895029,260.1799195,23.03515492,106.8478062,343.5143474,193.4379222,12:19:18,590.4103672,23.11530048,30.13945396,4,STGPS  
12:19:19,3139,462,F,FLIGHT,589.3088553,26.20261662,4.29E-180,3.297453622,173.6790535,295.9337347,146.962093,119.427019,10.41529883,238.3107691,23.63946772,110.2669005,383.9443944,181.6487271,12:19:19,589.3088553,23.11530048,30.13945396,6,STGPS  
12:19:20,3139,463,F,FLIGHT,588.2073434,23.0394419,5.84E-181,3.298017651,172.1439069,301.8570932,147.1261018,121.1769347,10.77766994,242.9180025,25.37814186,100.0044966,365.7448314,178.8940488,12:19:20,588.2073434,23.11530048,30.13945396,0,STGPS  
12:19:21,3139,464,F,FLIGHT,587.1058315,25.32187224,-5.56E-181,3.300578158,162.0840926,308.6263743,154.2125605,112.6562481,9.881790703,278.0266104,26.81282666,114.1971737,365.318791,193.2438783,12:19:21,587.1058315,23.11530048,30.13945396,9,STGPS  
12:19:22,3139,465,F,FLIGHT,586.0043197,24.0303187,3.78E-181,3.300201217,189.6068301,292.8657454,142.4709666,113.3011925,9.369918759,266.302572,26.02710469,118.9542384,371.7840664,167.6584335,12:19:22,586.0043197,23.11530048,30.13945396,5,STGPS  
12:19:23,3139,466,F,FLIGHT,584.9028078,26.41378255,-3.51E-181,3.302676429,187.4809368,254.4299152,163.0904289,133.2120904,9.235020907,278.4603966,24.46948204,112.4401453,318.7772351,195.4968185,12:19:23,584.9028078,23.11530048,30.13945396,8,STGPS  
12:19:24,3139,467,F,FLIGHT,583.8012959,27.26468387,-1.56E-181,3.297073355,190.1997215,255.9287494,139.6794496,128.4206824,9.575201918,235.364545,25.65899507,115.6743743,370.9924953,179.6510072,12:19:24,583.8012959,23.11530048,30.13945396,3,STGPS  
12:19:25,3139,468,F,FLIGHT,582.699784,25.40492055,1.58E-182,3.297603125,175.0049961,288.8727901,168.1468089,132.781059,10.65626905,250.8246199,22.54322607,112.4991296,326.0730951,181.5607284,12:19:25,582.699784,23.11530048,30.13945396,4,STGPS  
12:19:26,3139,469,F,FLIGHT,581.5982721,25.91168784,-1.71E-183,3.298227028,162.5592848,265.7403692,160.8316301,120.1691092,10.91853651,234.5451478,22.80830412,121.4637259,331.1517801,195.8630013,12:19:26,581.5982721,23.11530048,30.13945396,8,STGPS  
12:19:27,3139,470,F,FLIGHT,580.4967603,24.48416068,6.43E-184,3.301954073,189.6843676,286.9624726,145.2553604,121.3718762,10.90484106,270.7375491,24.25551756,112.1713161,347.8472276,164.3831415,12:19:27,580.4967603,23.11530048,30.13945396,4,STGPS  
12:19:28,3139,471,F,FLIGHT,579.3952484,23.49348786,-3.70E-184,3.298318016,187.2891544,288.4298634,142.3208236,130.3179123,10.77131521,254.1524397,26.97357792,110.053309,381.6773562,170.2448641,12:19:28,579.3952484,23.11530048,30.13945396,9,STGPS  
12:19:29,3139,472,F,FLIGHT,578.2937365,25.15468511,2.85E-184,3.299989568,164.3466192,299.4407745,156.4915034,130.2318131,9.163966227,251.749642,26.02466709,103.7687983,345.920811,172.4727979,12:19:29,578.2937365,23.11530048,30.13945396,8,STGPS  
12:19:30,3139,473,F,FLIGHT,577.1922246,27.01663771,7.40E-185,3.30250286,162.0840294,271.1754125,141.6218742,112.6893488,10.83021324,246.5305291,23.97303004,111.6280799,357.7040236,167.7162201,12:19:30,577.1922246,23.11530048,30.13945396,1,STGPS  
12:19:31,3139,474,F,FLIGHT,576.0907127,25.05362794,-5.91E-185,3.299336086,165.0389005,277.3895148,152.0798489,135.0896679,9.63995126,251.6177172,22.71993033,109.3933695,328.3601633,167.5215538,12:19:31,576.0907127,23.11530048,30.13945396,1,STGPS  
12:19:32,3139,475,F,FLIGHT,574.9892009,23.64637348,-5.86E-185,3.302375385,171.5071065,257.262667,167.6883906,115.4979793,10.43436571,260.3757928,24.20959736,121.4131564,368.8795695,175.9133881,12:19:32,574.9892009,23.11530048,30.13945396,0,STGPS  
12:19:33,3139,476,F,FLIGHT,573.887689,22.93114903,2.73E-185,3.298791431,168.8125911,277.5430954,159.8080645,113.2294117,10.12726472,268.1876931,23.08040305,116.1900155,388.5283584,174.5199335,12:19:33,573.887689,23.11530048,30.13945396,2,STGPS  
12:19:34,3139,477,F,FLIGHT,572.7861771,26.13616046,-2.20E-185,3.300096414,172.9768573,269.4679683,155.8648538,118.0304041,10.18389056,242.7520044,27.26145892,99.97001511,365.5795086,170.7239451,12:19:34,572.7861771,23.11530048,30.13945396,7,STGPS  
12:19:35,3139,478,F,FLIGHT,571.6846652,24.81945291,-1.94E-185,3.299431809,185.5731675,295.0578005,170.293107,127.1181506,9.97489706,263.638608,24.90196867,117.2818174,342.3203944,192.5579321,12:19:35,571.6846652,23.11530048,30.13945396,1,STGPS  
12:19:36,3139,479,F,FLIGHT,570.5831533,23.59395471,-1.81E-185,3.299320778,165.1266033,278.9928395,151.8341461,116.3975725,9.219010378,274.5648487,22.74277779,114.8669839,321.3009492,181.7722298,12:19:36,570.5831533,23.11530048,30.13945396,8,STGPS  
12:19:37,3139,480,F,FLIGHT,569.4816415,26.64032772,-1.11E-185,3.297606907,191.3632823,256.3079689,150.9874214,118.8283993,9.84563011,272.0029333,23.52933573,117.8140683,380.2772123,192.1041995,12:19:37,569.4816415,23.11530048,30.13945396,5,STGPS  
12:19:38,3139,481,F,FLIGHT,568.3801296,25.63825431,-2.42E-186,3.296713285,180.1818175,302.0653477,147.6889776,129.5424913,10.23615946,244.021554,26.23793593,114.7357862,351.132878,187.1235603,12:19:38,568.3801296,23.11530048,30.13945396,6,STGPS  
12:19:39,3139,482,F,FLIGHT,567.2786177,24.66885323,1.34E-186,3.296834916,169.6347325,307.0288796,155.3160162,125.5203883,9.907488157,248.87215,26.0722749,108.3844023,335.6139266,175.2803165,12:19:39,567.2786177,23.11530048,30.13945396,8,STGPS  
12:19:40,3139,483,F,FLIGHT,566.1771058,26.67799251,-3.41E-187,3.296897849,174.2663871,305.8838776,165.4936218,115.7205701,9.291436876,260.0231302,24.55995466,102.0060929,348.930161,189.945461,12:19:40,566.1771058,23.11530048,30.13945396,1,STGPS  
12:19:41,3139,484,F,FLIGHT,565.075594,26.88096145,1.24E-187,3.300435501,177.8675892,256.4816363,162.0664292,134.6023887,9.598843825,251.7833585,26.28394433,101.0975269,365.5656513,165.7609987,12:19:41,565.075594,23.11530048,30.13945396,2,STGPS  
12:19:42,3139,485,F,FLIGHT,563.9740821,24.35527891,-5.01E-188,3.298673414,192.5392338,305.4653892,157.4723598,119.8621649,9.370647361,271.2125957,24.73625258,108.736165,369.7439001,193.9630035,12:19:42,563.9740821,23.11530048,30.13945396,8,STGPS  
12:19:43,3139,486,F,FLIGHT,562.8725702,27.37982073,4.23E-188,3.302863486,165.4474029,285.9142118,170.2511504,129.2998057,10.43168945,275.2956178,25.30517471,100.8155263,357.5182918,176.7637734,12:19:43,562.8725702,23.11530048,30.13945396,6,STGPS  
12:19:44,3139,487,F,FLIGHT,561.7710583,23.39000555,3.20E-189,3.299211413,197.6764379,293.4428109,149.6578713,116.1597152,9.844748173,262.5480962,27.46513369,103.9443544,371.8776486,185.7018558,12:19:44,561.7710583,23.11530048,30.13945396,9,STGPS  
12:19:45,3139,488,F,FLIGHT,560.6695464,23.97553758,-1.72E-189,3.302971754,162.6042492,255.7342272,145.0929164,135.2578776,10.87072138,262.7091749,26.59720221,112.2178401,326.4511248,191.3847369,12:19:45,560.6695464,23.11530048,30.13945396,6,STGPS  
12:19:46,3139,489,F,FLIGHT,559.5680346,25.02234853,-4.35E-190,3.300908671,166.6222891,257.0968642,156.3279161,133.5045053,10.74631556,251.6807142,23.69806671,109.5852005,345.0238308,165.5735049,12:19:46,559.5680346,23.11530048,30.13945396,2,STGPS  
12:19:47,3139,490,F,FLIGHT,558.4665227,23.11597297,-1.79E-190,3.301932882,175.1702679,286.6653942,161.9549973,113.1091901,10.79810851,279.5724215,24.02724033,102.5697184,373.8409417,188.1022107,12:19:47,558.4665227,23.11530048,30.13945396,1,STGPS  
12:19:48,3139,491,F,FLIGHT,557.3650108,25.36003607,1.72E-190,3.299600471,164.7080881,300.240936,150.0376285,111.0936559,9.835040789,259.9330882,25.12158382,121.7542965,360.3173535,178.0784798,12:19:48,557.3650108,23.11530048,30.13945396,5,STGPS  
12:19:49,3139,492,F,FLIGHT,556.2634989,26.60196451,5.29E-191,3.300650821,164.130296,258.1435486,146.4506834,115.2563979,10.09844877,265.3392301,25.74527861,117.6421796,334.7782802,174.4261246,12:19:49,556.2634989,23.11530048,30.13945396,9,STGPS  
12:19:50,3139,493,F,FLIGHT,555.161987,23.30814803,-1.77E-191,3.301142013,174.6579951,268.367612,163.2042781,113.7776874,9.499165978,272.3364306,24.95504499,117.2810688,373.7642416,182.641668,12:19:50,555.161987,23.11530048,30.13945396,4,STGPS  
12:19:51,3139,494,F,FLIGHT,554.0604752,24.52010596,5.32E-192,3.300999274,162.5690948,276.3981557,168.0369137,116.6304413,10.38005109,269.8207453,25.99873317,112.0512819,345.0305963,193.3609455,12:19:51,554.0604752,23.11530048,30.13945396,8,STGPS  
12:19:52,3139,495,F,FLIGHT,552.9589633,27.0089857,1.72E-192,3.3013448,166.0637521,280.0204094,166.962972,131.76084,9.731443344,271.0768862,23.17994685,107.3395856,372.3229308,190.8590279,12:19:52,552.9589633,23.11530048,30.13945396,6,STGPS  
12:19:53,3139,496,F,FLIGHT,551.8574514,26.07457441,4.32E-194,3.297826954,176.0017122,274.5192022,161.9061344,129.4874209,9.400059488,230.1457688,26.04556044,100.5684333,338.2653501,191.6398279,12:19:53,551.8574514,23.11530048,30.13945396,8,STGPS  
12:19:54,3139,497,F,FLIGHT,550.7559395,25.61507141,-1.57E-194,3.300994038,167.0595507,287.1432916,140.4619861,134.6534199,9.067086474,242.5296868,23.11705917,111.3706363,369.7423282,171.8745611,12:19:54,550.7559395,23.11530048,30.13945396,4,STGPS  
12:19:55,3139,498,F,FLIGHT,549.6544276,24.65507925,-1.00E-194,3.299992223,163.8758349,279.6874608,158.8360041,121.3598746,10.11794442,247.097993,23.82686994,101.0636399,380.3734123,181.6331623,12:19:55,549.6544276,23.11530048,30.13945396,9,STGPS  
12:19:56,3139,499,F,FLIGHT,548.5529158,25.31896082,-7.52E-195,3.302394313,168.591367,296.735955,160.8105186,121.9733171,10.70333723,231.7025233,25.69209433,106.7871298,377.3244594,188.3136669,12:19:56,548.5529158,23.11530048,30.13945396,4,STGPS  
12:19:57,3139,500,F,FLIGHT,547.4514039,27.46917368,-3.07E-195,3.302034152,170.5261089,273.7112999,144.9264268,124.966674,10.97834446,265.9530671,22.78472623,103.869228,320.7024805,175.512088,12:19:57,547.4514039,23.11530048,30.13945396,1,STGPS  
12:19:58,3139,501,F,FLIGHT,546.349892,24.28478819,-1.56E-195,3.300254398,168.6898959,278.9662534,157.6293877,122.9875767,9.248563494,274.0958413,23.66488198,113.1563692,366.090766,172.9873827,12:19:58,546.349892,23.11530048,30.13945396,9,STGPS  
12:19:59,3139,502,F,FLIGHT,545.2483801,24.42135602,1.41E-195,3.301347966,171.3545831,289.1772664,162.00808,112.3075022,10.14786402,238.6041975,23.27289067,115.6928954,349.9854902,196.3155159,12:19:59,545.2483801,23.11530048,30.13945396,0,STGPS  
12:20:00,3139,503,F,FLIGHT,544.1468683,25.052891,-1.84E-196,3.298017641,165.0192545,256.3393657,160.1226738,116.1313846,10.34434567,273.4633371,26.62767141,101.2710925,385.3110777,196.7290494,12:20:00,544.1468683,23.11530048,30.13945396,2,STGPS  
12:20:01,3139,504,F,FLIGHT,543.0453564,27.10339839,-1.24E-196,3.30066796,167.2422276,305.2424457,166.6201396,111.1033873,9.007621649,233.3192623,23.11939754,103.7646075,380.9573603,170.7875001,12:20:01,543.0453564,23.11530048,30.13945396,7,STGPS  
12:20:02,3139,505,F,FLIGHT,541.9438445,23.29921706,-2.60E-197,3.29786008,171.3545774,303.3249525,157.695627,130.9603003,9.700304189,241.2330413,26.91086719,108.8540002,367.0861854,164.6456426,12:20:02,541.9438445,23.11530048,30.13945396,0,STGPS  
12:20:03,3139,506,F,FLIGHT,540.8423326,27.5022746,-7.26E-198,3.301844599,181.5214361,285.7790378,152.281961,134.1049048,10.45397868,253.29498,24.7627709,121.3352755,383.9894691,169.2135241,12:20:03,540.8423326,23.11530048,30.13945396,8,STGPS  
12:20:04,3139,507,F,FLIGHT,539.7408207,23.29526433,-7.11E-198,3.299966397,168.8342021,257.8707469,169.2251761,131.5995225,9.880469085,237.240761,24.76283612,119.5573539,326.6106943,195.7059204,12:20:04,539.7408207,23.11530048,30.13945396,5,STGPS  
12:20:05,3139,508,F,FLIGHT,538.6393089,24.03099867,-1.55E-198,3.297726866,180.7562402,307.9579248,146.6940993,118.6788681,9.48054319,275.7660266,26.17916058,101.1000774,373.9122111,181.9389124,12:20:05,538.6393089,23.11530048,30.13945396,3,STGPS  
12:20:06,3139,509,F,FLIGHT,537.537797,23.45417949,1.15E-198,3.296784362,172.1222364,274.9865906,168.6621247,112.9063804,9.190315515,242.9976895,23.92126994,112.7768773,324.8227206,164.6345696,12:20:06,537.537797,23.11530048,30.13945396,7,STGPS  
12:20:07,3139,510,F,FLIGHT,536.4362851,26.83160706,-6.24E-199,3.301000449,195.4773139,306.7173499,150.7573735,111.9204078,9.258429229,280.1620585,26.09412285,103.8434312,363.006643,166.0315281,12:20:07,536.4362851,23.11530048,30.13945396,1,STGPS  
12:20:08,3139,511,F,FLIGHT,535.3347732,24.09533614,3.16E-200,3.302298776,196.9725894,301.0937445,153.856644,122.1168197,9.483153381,237.6918054,26.44839364,120.2834669,378.0949091,172.4287987,12:20:08,535.3347732,23.11530048,30.13945396,3,STGPS  
12:20:09,3139,512,F,FLIGHT,534.2332613,25.10988887,1.19E-200,3.297580354,194.0999632,264.9849001,165.1563813,130.7124207,9.104774061,230.7581149,23.10600332,102.0685797,364.7542124,190.3657217,12:20:09,534.2332613,23.11530048,30.13945396,6,STGPS  
12:20:10,3139,513,F,FLIGHT,533.1317495,27.45846412,-7.73E-201,3.300384302,181.8758621,295.9489666,161.9916347,114.9701331,9.100115345,252.1864437,22.74157992,109.9663082,367.816116,187.6172594,12:20:10,533.1317495,23.11530048,30.13945396,5,STGPS  
12:20:11,3139,514,F,FLIGHT,532.0302376,24.12115189,-5.83E-202,3.303279617,162.3913459,275.9711867,150.0807072,129.0683658,10.62558866,231.8145355,26.15847965,112.6917995,388.3502805,170.9628072,12:20:11,532.0302376,23.11530048,30.13945396,8,STGPS  
12:20:12,3139,515,F,FLIGHT,530.9287257,27.22293205,3.89E-202,3.297990539,164.1720908,307.329586,170.4117181,121.2344054,9.992870206,233.5427481,22.65591104,104.02786,389.0657391,181.9292446,12:20:12,530.9287257,23.11530048,30.13945396,3,STGPS  
12:20:13,3139,516,F,FLIGHT,529.8272138,23.29445921,-2.08E-202,3.297522067,166.7218481,258.7859068,154.7270573,132.8572496,10.75540299,269.494244,26.00561365,102.15783,386.1511388,177.881403,12:20:13,529.8272138,23.11530048,30.13945396,5,STGPS  
12:20:14,3139,517,F,FLIGHT,528.7257019,26.32903935,6.11E-203,3.302139454,191.7900546,256.7867685,155.0589484,113.6793793,9.052028908,244.6715568,25.55517767,117.1281146,356.2096408,170.3709565,12:20:14,528.7257019,23.11530048,30.13945396,0,STGPS  
12:20:15,3139,518,F,FLIGHT,527.6241901,23.46863935,1.01E-203,3.302418646,175.6284187,263.3939949,157.8541214,126.9814153,9.947335706,232.3430455,26.77165043,103.4520984,362.0768861,185.4041663,12:20:15,527.6241901,23.11530048,30.13945396,3,STGPS  
12:20:16,3139,519,F,FLIGHT,526.5226782,26.32017248,-8.02E-204,3.302535889,195.0103933,275.0170381,150.3516858,121.1925778,9.734688875,277.291512,26.81214634,100.7920732,328.2843058,182.0228514,12:20:16,526.5226782,23.11530048,30.13945396,7,STGPS  
12:20:17,3139,520,F,FLIGHT,525.4211663,26.76960484,3.25E-204,3.301640847,194.8784561,281.409377,156.5780213,128.18544,10.06885079,267.7683382,25.53370413,102.8968477,360.5731224,187.008893,12:20:17,525.4211663,23.11530048,30.13945396,9,STGPS  
12:20:18,3139,521,F,FLIGHT,524.3196544,25.68480556,-9.35E-205,3.301039531,186.5243766,305.9641383,156.5107492,114.9472043,10.49010611,252.1128216,24.85450219,106.8113244,324.2002218,166.7979323,12:20:18,524.3196544,23.11530048,30.13945396,4,STGPS  
12:20:19,3139,522,F,FLIGHT,523.2181425,24.15056505,3.76E-205,3.302382705,167.0318845,274.0774909,156.7178237,122.2073101,9.450430135,236.399021,25.79388329,109.8599573,375.2878122,169.2546258,12:20:19,523.2181425,23.11530048,30.13945396,6,STGPS  
12:20:20,3139,523,F,FLIGHT,522.1166307,25.01985628,-8.12E-207,3.301611377,193.5065987,282.9582223,151.0232391,121.6448034,10.80564441,231.231543,26.23039087,113.7459432,344.0788381,173.325418,12:20:20,522.1166307,23.11530048,30.13945396,0,STGPS  
12:20:21,3139,524,F,FLIGHT,521.0151188,24.18255916,-8.98E-208,3.297556123,168.9677182,303.9899324,158.1245534,118.0135024,9.465427479,271.4830898,26.56130256,115.92968,336.0319005,189.9050859,12:20:21,521.0151188,23.11530048,30.13945396,2,STGPS  
12:20:22,3139,525,F,FLIGHT,519.9136069,24.78695698,2.88E-208,3.297511947,170.3658721,285.9946285,159.9548012,122.6296951,10.21447018,260.8242339,22.51593228,100.6902068,320.8809374,165.6608199,12:20:22,519.9136069,23.11530048,30.13945396,2,STGPS  
12:20:23,3139,526,F,FLIGHT,518.812095,25.05644049,2.16E-208,3.301955714,171.2745312,277.4792509,169.8887711,116.0632057,10.00655234,277.9872105,23.98485332,107.5550704,332.6277083,195.0559469,12:20:23,518.812095,23.11530048,30.13945396,1,STGPS  
12:20:24,3139,527,F,FLIGHT,517.7105832,22.93964745,6.26E-209,3.297576866,192.0450929,253.0177602,169.9844743,119.2206188,9.952119266,277.5358355,24.92906969,107.1784132,388.299481,176.1486651,12:20:24,517.7105832,23.11530048,30.13945396,3,STGPS  
12:20:25,3139,528,F,FLIGHT,516.6090713,24.33432516,-6.12E-210,3.29872415,191.5000119,289.6318541,161.783298,111.2891907,10.3941818,265.7791065,22.93276685,116.6770878,363.246243,164.6989163,12:20:25,516.6090713,23.11530048,30.13945396,1,STGPS  
12:20:26,3139,529,F,FLIGHT,515.5075594,24.06880327,2.39E-210,3.301621552,170.6779003,282.1993495,158.1002432,132.9288631,10.54406746,264.2472395,23.92593849,121.4401218,370.6897633,172.190324,12:20:26,515.5075594,23.11530048,30.13945396,9,STGPS  
12:20:27,3139,530,F,FLIGHT,514.4060475,26.12980181,2.00E-210,3.299905403,174.8150954,267.2419627,168.8282756,112.566566,9.589002896,262.3215384,24.61935427,122.0258621,335.548956,162.7852659,12:20:27,514.4060475,23.11530048,30.13945396,6,STGPS  
12:20:28,3139,531,F,FLIGHT,513.3045356,23.18586754,-3.96E-211,3.301789978,173.9302941,299.6345002,168.5311571,129.5357049,10.29442491,262.0735437,26.15438324,116.9082349,339.2382829,165.4917012,12:20:28,513.3045356,23.11530048,30.13945396,7,STGPS  
12:20:29,3139,532,F,FLIGHT,512.2030238,25.11062354,2.81E-211,3.300010051,166.5817679,294.7654684,158.3381777,113.6439445,9.934135405,241.5805712,23.15434806,103.0137275,359.0092235,179.6600955,12:20:29,512.2030238,23.11530048,30.13945396,8,STGPS  
12:20:30,3139,533,F,FLIGHT,511.1015119,24.54955216,-1.05E-211,3.299012807,175.9270435,302.5681448,161.6500949,130.6314576,9.820038335,253.0947198,25.952709,107.0977334,330.6309914,162.9978011,12:20:30,511.1015119,23.11530048,30.13945396,6,STGPS  
12:20:31,3139,534,F,FLIGHT,510,23.8335433,1.81E-213,3.30006847,186.8488779,294.1073333,152.3437348,126.5451184,10.8650886,242.0295801,25.25962123,116.1270022,331.3083086,163.6971501,12:20:31,510,23.11530048,30.13945396,2,STGPS  
12:20:32,3139,535,F,FLIGHT,508.8984881,27.08954223,1.45E-213,3.301135252,185.1189359,277.8236614,140.4349357,113.0044387,9.274785875,257.7333795,24.84193114,106.4379546,356.8758674,177.9913427,12:20:32,508.8984881,23.11530048,30.13945396,5,STGPS  
12:20:33,3139,536,F,FLIGHT,507.7969762,23.10440006,-2.34E-214,3.29912131,164.5597917,290.0258709,155.8531359,120.1409281,9.696022022,272.1391072,26.50716118,103.3162181,382.8071673,174.3566028,12:20:33,507.7969762,23.11530048,30.13945396,1,STGPS  
12:20:34,3139,537,F,FLIGHT,506.6954644,24.39380318,1.11E-214,3.298124662,190.4957747,274.2050436,143.7747091,123.8177245,10.72832187,240.6204337,26.86012582,116.2851807,382.1432516,185.3662329,12:20:34,506.6954644,23.11530048,30.13945396,2,STGPS  
12:20:35,3139,538,F,FLIGHT,505.5939525,24.36152114,-4.85E-215,3.301502866,162.5904717,258.06738,158.5835263,132.5692631,9.091394302,275.0710301,25.15965008,113.3971734,352.5140353,177.6406511,12:20:35,505.5939525,23.11530048,30.13945396,8,STGPS  
12:20:36,3139,539,F,FLIGHT,504.4924406,22.77538351,-2.89E-215,3.300122963,166.9749661,266.9927011,153.6335306,129.3360894,10.58125974,259.3980674,27.28797158,107.7418588,354.2106876,179.4234956,12:20:36,504.4924406,23.11530048,30.13945396,1,STGPS  
12:20:37,3139,540,F,FLIGHT,503.3909287,24.80863001,-1.54E-215,3.296984837,190.8957815,304.2389487,141.1122563,119.274571,9.587532839,232.607406,26.02816223,118.1788594,330.3729647,196.7211268,12:20:37,503.3909287,23.11530048,30.13945396,7,STGPS  
12:20:38,3139,541,F,FLIGHT,502.2894168,25.9622928,-1.03E-215,3.297171465,174.4852574,255.1495051,158.3064069,116.0970528,9.808925092,242.4160779,25.79944799,104.2701666,380.094119,188.897133,12:20:38,502.2894168,23.11530048,30.13945396,3,STGPS  
12:20:39,3139,542,F,FLIGHT,501.187905,22.78154517,1.11E-216,3.297200387,168.9469583,254.6873397,166.4287033,119.0101098,9.846722851,256.7198009,24.94351992,119.9164168,350.8338696,190.3220048,12:20:39,501.187905,23.11530048,30.13945396,3,STGPS  
12:20:40,3139,543,F,FLIGHT,500.0863931,25.97117716,-3.37E-217,3.298315991,190.5385826,283.852804,144.4777676,126.8103913,10.80062479,269.7455033,22.72105343,109.8486908,330.0686402,177.1497328,12:20:40,500.0863931,23.11530048,30.13945396,9,STGPS  
12:20:41,3139,544,F,FLIGHT,498.9848812,26.45688619,-1.06E-217,3.301900285,171.810011,305.7592862,161.9603196,125.5342841,9.203374222,267.1966779,23.47688492,120.7896331,336.4580254,195.2247822,12:20:41,498.9848812,23.11530048,30.13945396,7,STGPS  
12:20:42,3139,545,F,FLIGHT,497.8833693,24.38932674,-4.32E-219,3.299098573,195.8922416,280.8158101,147.8407454,130.916402,9.784602455,272.1342997,26.83119263,103.6692037,338.3858359,167.1651529,12:20:42,497.8833693,23.11530048,30.13945396,1,STGPS  
12:20:43,3139,546,F,FLIGHT,496.7818575,24.35697506,-3.15E-219,3.302892027,180.3028294,305.7717569,147.5418078,130.0004131,9.10661082,270.9791162,24.04019464,101.5746488,320.8280613,196.0876997,12:20:43,496.7818575,23.11530048,30.13945396,4,STGPS  
12:20:44,3139,547,F,FLIGHT,495.6803456,27.72383046,8.72E-220,3.297941843,169.8465964,253.7980044,164.2322068,123.4720733,10.2334871,249.2078121,24.26306836,114.6908158,379.4079833,183.2211336,12:20:44,495.6803456,23.11530048,30.13945396,0,STGPS  
12:20:45,3139,548,F,FLIGHT,494.5788337,25.63840178,-6.10E-220,3.298743791,191.5836469,301.263024,158.4417907,121.3226091,10.68908463,239.8800389,26.00233855,106.9813574,381.6815088,192.6023321,12:20:45,494.5788337,23.11530048,30.13945396,2,STGPS  
12:20:46,3139,549,F,FLIGHT,493.4773218,23.52650186,4.97E-220,3.300001364,195.5498733,267.4834355,140.1922044,124.8936889,9.852793051,272.3740026,27.2646806,108.2326287,341.4404805,178.7401811,12:20:46,493.4773218,23.11530048,30.13945396,5,STGPS  
12:20:47,3139,550,F,FLIGHT,492.3758099,25.17061554,3.98E-220,3.302716148,188.5843359,265.4235166,148.4442119,133.9176033,10.98774735,232.2340557,26.37033883,110.2979913,359.9501923,171.8266902,12:20:47,492.3758099,23.11530048,30.13945396,4,STGPS  
12:20:48,3139,551,F,FLIGHT,491.2742981,24.42234822,-1.77E-220,3.297452918,184.0306385,274.1975041,161.0748672,115.282977,9.277654636,231.0772811,26.07891657,108.3918442,344.5587462,178.637333,12:20:48,491.2742981,23.11530048,30.13945396,9,STGPS  
12:20:49,3139,552,F,FLIGHT,490.1727862,26.36087075,5.98E-221,3.302353331,192.5734603,260.0433581,155.1776296,123.8603333,10.13234729,272.5518114,24.50357979,104.5450623,330.9304376,172.6363776,12:20:49,490.1727862,23.11530048,30.13945396,7,STGPS  
12:20:50,3139,553,F,FLIGHT,489.0712743,26.9754446,7.44E-222,3.297112468,191.3333119,285.3852499,167.3042662,120.3715397,10.70105674,272.5385293,27.02984745,121.6536008,357.2107601,167.0120968,12:20:50,489.0712743,23.11530048,30.13945396,5,STGPS  
12:20:51,3139,554,F,FLIGHT,487.9697624,25.9369302,-6.53E-222,3.29758413,189.1473354,296.0528743,165.2771967,115.8537042,10.02243164,265.1424309,23.41711398,105.8014992,359.7581713,188.7703738,12:20:51,487.9697624,23.11530048,30.13945396,5,STGPS  
12:20:52,3139,555,F,FLIGHT,486.8682505,24.11476604,-5.49E-223,3.301571739,170.8261361,275.0622609,145.93413,110.7512874,9.526840184,254.6200035,25.74066856,118.2983346,351.6214621,177.7870367,12:20:52,486.8682505,23.11530048,30.13945396,8,STGPS  
12:20:53,3139,556,F,FLIGHT,485.7667387,23.83988373,4.65E-223,3.296754192,163.0221859,295.5342014,153.7037409,127.349686,9.806458741,269.0313795,25.33777336,104.5263755,331.6027231,197.2881645,12:20:53,485.7667387,23.11530048,30.13945396,9,STGPS  
12:20:54,3139,557,F,FLIGHT,484.6652268,24.16291715,3.43E-223,3.300535077,192.8335838,284.8726677,153.5888676,121.1834429,9.646669756,241.8675308,26.29695929,107.6055057,354.3324556,179.9517323,12:20:54,484.6652268,23.11530048,30.13945396,6,STGPS  
12:20:55,3139,558,F,FLIGHT,483.5637149,27.45695321,-5.50E-225,3.302546891,181.2624505,297.9464669,150.3706581,114.4357444,10.52674393,253.155593,22.99011113,112.80908,325.0624925,162.4736031,12:20:55,483.5637149,23.11530048,30.13945396,3,STGPS  
12:20:56,3139,559,F,FLIGHT,482.462203,26.28766525,3.14E-225,3.299676746,180.0186237,287.5278571,169.8692143,118.5725785,9.666910454,240.6418434,27.48758989,107.8888572,384.4078454,168.0332947,12:20:56,482.462203,23.11530048,30.13945396,9,STGPS  
12:20:57,3139,560,F,FLIGHT,481.3606911,23.62362334,-2.95E-225,3.299462168,179.3850488,286.5811596,143.7052403,131.767259,10.71223548,262.4748495,27.04569597,113.0653347,350.9391391,176.2236216,12:20:57,481.3606911,23.11530048,30.13945396,9,STGPS  
12:20:58,3139,561,F,FLIGHT,480.2591793,24.50091201,-1.54E-225,3.302294966,193.5971038,254.6312586,147.8585822,126.4118723,9.115916403,236.9675919,24.94276403,117.0687197,379.5716356,187.8204378,12:20:58,480.2591793,23.11530048,30.13945396,2,STGPS  
12:20:59,3139,562,F,FLIGHT,479.1576674,24.95783332,4.37E-226,3.302863848,173.6843348,299.7640881,154.5803764,112.7002515,9.156736012,271.4090981,27.11076649,110.6667784,379.6891276,188.8852428,12:20:59,479.1576674,23.11530048,30.13945396,8,STGPS  
12:21:00,3139,563,F,FLIGHT,478.0561555,25.43023106,1.79E-226,3.29698148,185.4276635,253.6237538,151.0702512,132.6044447,10.80933265,231.1365071,25.10531281,119.3571112,347.4601636,165.1468831,12:21:00,478.0561555,23.11530048,30.13945396,7,STGPS  
12:21:01,3139,564,F,FLIGHT,476.9546436,27.02075746,-5.72E-227,3.301227819,194.4060174,278.6054035,156.1643521,134.1025742,10.76444948,229.788862,25.60294122,106.8600727,362.1979666,183.0566495,12:21:01,476.9546436,23.11530048,30.13945396,5,STGPS  
12:21:02,3139,565,F,FLIGHT,475.8531317,27.72994782,5.07E-227,3.303169813,164.1740105,275.5544662,168.9086198,117.9970072,9.801314763,253.7007433,24.52164711,120.7084579,386.8318455,190.2217388,12:21:02,475.8531317,23.11530048,30.13945396,9,STGPS  
12:21:03,3139,566,F,FLIGHT,474.7516199,27.79457734,-3.38E-227,3.300689812,183.3171837,274.6340568,162.4449373,132.2283866,9.070461005,278.8514762,26.64379691,116.8763287,383.5411702,172.4486987,12:21:03,474.7516199,23.11530048,30.13945396,5,STGPS  
12:21:04,3139,567,F,FLIGHT,473.650108,24.94756399,-4.51E-228,3.298137021,175.8322018,276.4545155,164.1187005,123.0305259,10.33339259,229.6069202,22.98852675,115.4825926,375.2145917,185.8929977,12:21:04,473.650108,23.11530048,30.13945396,1,STGPS  
12:21:05,3139,568,F,FLIGHT,472.5485961,26.61940751,4.65E-229,3.300503914,164.2081564,307.220272,159.494212,122.6404523,9.728190977,267.4793911,23.5462195,116.1373355,343.8133675,196.653873,12:21:05,472.5485961,23.11530048,30.13945396,2,STGPS  
12:21:06,3139,569,F,FLIGHT,471.4470842,23.28441947,1.23E-230,3.300402654,188.0268762,275.3920755,156.6256272,126.0182261,9.334631471,270.4153782,22.73639023,117.6749171,380.5513444,197.6644767,12:21:06,471.4470842,23.11530048,30.13945396,3,STGPS  
12:21:07,3139,570,F,FLIGHT,470.3455724,26.04818063,2.67E-231,3.300727728,180.5840277,293.467742,154.7566487,122.9035384,10.80136236,279.4595577,27.42557609,117.8345905,374.2134268,176.1592795,12:21:07,470.3455724,23.11530048,30.13945396,9,STGPS  
12:21:08,3139,571,F,FLIGHT,469.2440605,23.27592808,-1.43E-231,3.302893407,185.1814848,286.5030838,151.1973759,129.471303,10.68892485,267.8985405,23.8000391,115.43196,327.8691647,166.6032122,12:21:08,469.2440605,23.11530048,30.13945396,2,STGPS  
12:21:09,3139,572,F,FLIGHT,468.1425486,26.5891599,5.21E-232,3.298639441,178.8842669,308.2199703,167.1032393,132.5570646,10.76138838,248.7270524,27.02445691,118.5625699,340.904521,184.2181736,12:21:09,468.1425486,23.11530048,30.13945396,4,STGPS  
12:21:10,3139,573,F,FLIGHT,467.0410367,24.29155876,3.14E-232,3.299169092,163.9030505,254.5083291,142.8547846,115.1591574,9.329791386,268.6722973,25.98450207,107.9021047,358.0091064,170.253226,12:21:10,467.0410367,23.11530048,30.13945396,5,STGPS  
12:21:11,3139,574,F,FLIGHT,465.9395248,25.79428272,2.35E-232,3.299590306,189.2452515,299.7351898,167.7534993,127.5372321,10.68714022,232.038637,24.19345779,109.3415386,331.4556183,173.8928405,12:21:11,465.9395248,23.11530048,30.13945396,9,STGPS  
12:21:12,3139,575,F,FLIGHT,464.838013,25.62249126,6.22E-233,3.302337589,197.2478472,308.7845756,162.7545927,135.1281637,10.24430327,239.4159778,26.89992796,116.0788284,321.9586771,163.6513731,12:21:12,464.838013,23.11530048,30.13945396,9,STGPS  
12:21:13,3139,576,F,FLIGHT,463.7365011,27.58889691,1.31E-233,3.302484527,166.0843848,267.871902,154.0441029,118.8607159,10.48528216,240.4130936,24.35883973,116.5608361,337.585838,176.8798718,12:21:13,463.7365011,23.11530048,30.13945396,5,STGPS  
12:21:14,3139,577,F,FLIGHT,462.6349892,27.71759548,1.24E-233,3.302660659,192.141083,278.9192519,143.0950092,128.9859742,10.15030462,249.0613944,24.34516843,116.6159975,370.1101876,173.8541708,12:21:14,462.6349892,23.11530048,30.13945396,7,STGPS  
12:21:15,3139,578,F,FLIGHT,461.5334773,26.74987689,9.64E-234,3.301521643,171.0097008,306.9308197,150.2577545,127.4753069,9.857688523,264.698255,26.03785723,109.5627228,331.2542691,163.1483745,12:21:15,461.5334773,23.11530048,30.13945396,0,STGPS  
12:21:16,3139,579,F,FLIGHT,460.4319654,26.67875784,2.04E-235,3.298412511,186.3386562,267.3475462,156.6496608,113.4215593,9.058596788,232.3730497,25.99575254,109.3222062,387.9610973,188.5696031,12:21:16,460.4319654,23.11530048,30.13945396,2,STGPS  
12:21:17,3139,580,F,FLIGHT,459.3304536,25.70452521,-1.33E-235,3.299605708,193.1526872,261.0306451,141.526983,116.4994534,10.50877909,239.9240206,26.84016499,108.4942877,323.3682609,172.281556,12:21:17,459.3304536,23.11530048,30.13945396,6,STGPS  
12:21:18,3139,581,F,FLIGHT,458.2289417,26.19359109,-4.08E-236,3.301514632,182.5678695,278.6729997,157.7854527,125.1774288,10.39327005,268.9201908,23.79295331,120.9548876,330.319514,192.6990061,12:21:18,458.2289417,23.11530048,30.13945396,4,STGPS  
12:21:19,3139,582,F,FLIGHT,457.1274298,24.82557165,-4.72E-237,3.301048484,192.5872111,290.2433122,144.5810542,111.9027652,9.504437247,278.8237329,26.39280817,113.04405,336.4920826,185.9973385,12:21:19,457.1274298,23.11530048,30.13945396,2,STGPS  
12:21:20,3139,583,F,FLIGHT,456.0259179,24.32746115,1.95E-237,3.300958077,162.0261003,294.1252281,144.8880078,116.2688,9.278175223,250.9908852,25.12795398,122.000367,352.0338149,180.8349898,12:21:20,456.0259179,23.11530048,30.13945396,2,STGPS  
12:21:21,3139,584,F,FLIGHT,454.924406,24.44197966,1.25E-237,3.301153627,188.8995694,253.6002226,165.3701937,134.1941806,9.547748954,230.6756203,23.43343228,114.3800574,363.1345188,171.7047538,12:21:21,454.924406,23.11530048,30.13945396,4,STGPS  
12:21:22,3139,585,F,FLIGHT,453.8228942,25.67159587,-8.15E-238,3.303283191,185.3474132,287.9753923,148.1428227,128.7045438,10.56601734,266.0921441,26.93292014,113.1174255,321.4974082,182.2640721,12:21:22,453.8228942,23.11530048,30.13945396,6,STGPS  
12:21:23,3139,586,F,FLIGHT,452.7213823,25.12142318,-8.00E-238,3.298135715,166.0848397,268.9412236,158.2454973,123.9678843,9.454136983,232.4856306,24.70506747,109.5914179,330.682057,188.4728515,12:21:23,452.7213823,23.11530048,30.13945396,1,STGPS  
12:21:24,3139,587,F,FLIGHT,451.6198704,26.52980249,-3.56E-238,3.298455775,162.8958599,306.581071,145.204578,126.3763578,9.628623727,271.7134776,26.56800271,102.9392508,330.1484661,193.9228433,12:21:24,451.6198704,23.11530048,30.13945396,0,STGPS  
12:21:25,3139,588,F,FLIGHT,450.5183585,27.8239831,-3.39E-238,3.302968544,193.7718243,307.0160609,151.0927208,133.2008872,9.241518952,254.2815015,24.82119494,121.35893,328.4852186,179.2898031,12:21:25,450.5183585,23.11530048,30.13945396,4,STGPS  
12:21:26,3139,589,F,FLIGHT,449.4168467,27.05837685,5.47E-239,3.297322557,190.961826,283.5206391,143.9577084,116.025342,10.78659661,241.7982099,26.98793119,114.1727139,347.7865647,181.1420736,12:21:26,449.4168467,23.11530048,30.13945396,2,STGPS  
12:21:27,3139,590,F,FLIGHT,448.3153348,27.56077885,3.40E-239,3.299810084,193.5979687,286.2873319,155.5691352,115.3617657,9.513318623,233.0801181,22.79310809,117.8792208,319.173886,175.8149423,12:21:27,448.3153348,23.11530048,30.13945396,3,STGPS  
12:21:28,3139,591,F,FLIGHT,447.2138229,27.38194639,-3.29E-239,3.30009877,185.9388388,265.9745113,169.3609939,130.4873101,10.83083152,246.2919476,27.43538755,109.0711903,385.0118002,192.6162561,12:21:28,447.2138229,23.11530048,30.13945396,1,STGPS  
12:21:29,3139,592,F,FLIGHT,446.112311,26.17374916,3.25E-239,3.302954393,181.4701591,283.9630876,157.5898468,111.2193056,10.81427722,255.3611918,23.31139871,113.4763325,385.663463,192.9203596,12:21:29,446.112311,23.11530048,30.13945396,6,STGPS  
12:21:30,3139,593,F,FLIGHT,445.0107991,26.92017564,-1.84E-239,3.302492744,180.7487109,291.0085528,144.789298,118.8377155,9.466752118,237.0407936,24.91694924,105.970955,323.8467824,177.0536359,12:21:30,445.0107991,23.11530048,30.13945396,4,STGPS  
12:21:31,3139,594,F,FLIGHT,443.9092873,27.48744011,3.22E-240,3.29822985,182.9591501,304.6790783,147.8347516,125.519898,9.387443995,266.8810523,27.23274693,119.0704624,341.1380167,195.4294296,12:21:31,443.9092873,23.11530048,30.13945396,1,STGPS  
12:21:32,3139,595,F,FLIGHT,442.8077754,24.5103128,2.20E-240,3.298633359,174.4714718,256.5540397,158.6760453,114.2280299,10.40550206,277.2087181,24.29959662,110.1412584,330.0911364,182.7419805,12:21:32,442.8077754,23.11530048,30.13945396,2,STGPS  
12:21:33,3139,596,F,FLIGHT,441.7062635,24.84134293,-2.03E-241,3.298147036,177.1654769,283.6241349,156.2059266,127.606763,9.939258653,278.3264688,22.61037359,105.9688867,368.6309015,183.3641617,12:21:33,441.7062635,23.11530048,30.13945396,3,STGPS  
12:21:34,3139,597,F,FLIGHT,440.6047516,25.48784306,-1.95E-241,3.302221987,163.3908321,256.5766552,147.3504908,131.1153133,10.87780314,260.6379714,26.84635925,121.6076936,368.4885051,164.3260094,12:21:34,440.6047516,23.11530048,30.13945396,6,STGPS  
12:21:35,3139,598,F,FLIGHT,439.5032397,25.69563688,-1.33E-241,3.30299989,186.3936349,295.8915922,150.2628041,131.2415139,10.16059469,277.6777826,23.13392985,115.2108063,375.0135672,178.0935145,12:21:35,439.5032397,23.11530048,30.13945396,3,STGPS  
12:21:36,3139,599,F,FLIGHT,438.4017279,23.40653953,2.16E-242,3.302909262,177.7056799,267.1075452,165.3722565,123.826992,9.011096268,269.4015247,26.40771466,119.3396787,378.3805376,179.135037,12:21:36,438.4017279,23.11530048,30.13945396,3,STGPS  
12:21:37,3139,600,F,FLIGHT,437.300216,27.14048099,1.85E-242,3.298045621,190.5546813,287.7026022,157.783627,114.6958565,9.429027443,246.8307768,27.15927469,112.6474678,359.7088939,181.9790677,12:21:37,437.300216,23.11530048,30.13945396,7,STGPS  
12:21:38,3139,601,F,FLIGHT,436.1987041,24.50658389,-3.10E-243,3.303158949,167.3249613,295.2559428,168.4685807,125.1690458,10.02774038,248.4176692,27.21802397,100.7035192,362.1133612,190.4670312,12:21:38,436.1987041,23.11530048,30.13945396,4,STGPS  
12:21:39,3139,602,F,FLIGHT,435.0971922,23.98111312,-1.51E-243,3.297843972,183.8260028,299.1003779,160.8693709,120.366379,9.732874317,252.1296591,26.32902704,110.5728333,345.4521387,183.6507507,12:21:39,435.0971922,23.11530048,30.13945396,2,STGPS  
12:21:40,3139,603,F,FLIGHT,433.9956803,24.13869894,-7.53E-244,3.302380869,183.8655071,280.5454301,166.3631458,121.8964811,9.959310182,277.2750586,27.02216594,106.0445165,378.4292065,185.447088,12:21:40,433.9956803,23.11530048,30.13945396,0,STGPS  
12:21:41,3139,604,F,FLIGHT,432.8941685,25.62771008,-7.20E-244,3.297732389,197.3158652,270.4740633,160.1260805,132.7343143,10.68162704,238.8308727,23.26477538,116.627566,360.752292,187.3291541,12:21:41,432.8941685,23.11530048,30.13945396,0,STGPS  
12:21:42,3139,605,F,FLIGHT,431.7926566,27.18695081,4.74E-244,3.302578942,178.3722728,293.6093815,164.1602815,115.2319393,9.024961327,254.3657493,25.34423747,116.9778808,354.9015671,182.8212905,12:21:42,431.7926566,23.11530048,30.13945396,6,STGPS  
12:21:43,3139,606,F,FLIGHT,430.6911447,24.80466683,4.16E-244,3.300150417,188.8263258,295.3149287,145.8307643,111.928646,9.462053239,247.8733365,26.71059169,111.1785775,370.7774116,169.9183074,12:21:43,430.6911447,23.11530048,30.13945396,4,STGPS  
12:21:44,3139,607,F,FLIGHT,429.5896328,23.75604441,4.01E-244,3.300409108,176.6703967,290.5775296,151.4410775,120.6397329,10.27832663,270.035297,25.35673065,101.8393631,319.7768411,190.0250606,12:21:44,429.5896328,23.11530048,30.13945396,0,STGPS  
12:21:45,3139,608,F,FLIGHT,428.488121,22.89413943,-6.31E-245,3.302919761,192.518838,300.097514,157.720671,116.3609229,10.64293693,241.9157175,25.36713976,119.5503564,353.9021271,189.5106197,12:21:45,428.488121,23.11530048,30.13945396,3,STGPS  
12:21:46,3139,609,F,FLIGHT,427.3866091,25.17764898,-5.40E-246,3.297505119,181.5526483,296.2189562,155.2633337,119.3203497,10.73168673,274.3957575,25.27724293,113.793967,365.5965266,179.5365789,12:21:46,427.3866091,23.11530048,30.13945396,4,STGPS  
12:21:47,3139,610,F,FLIGHT,426.2850972,23.06903915,-2.34E-246,3.297262079,167.2942052,300.2996598,142.7573308,133.3156032,10.17790326,262.6070824,26.19621291,109.8143797,332.9625481,174.8005865,12:21:47,426.2850972,23.11530048,30.13945396,6,STGPS  
12:21:48,3139,611,F,FLIGHT,425.1835853,27.45712873,2.03E-246,3.302336916,173.9794624,285.014585,153.267286,114.3954083,10.10747635,253.6464237,23.71031698,110.3583919,326.8893434,181.1335706,12:21:48,425.1835853,23.11530048,30.13945396,1,STGPS  
12:21:49,3139,612,F,FLIGHT,424.0820734,25.58701733,-3.73E-247,3.300863228,197.7168138,265.580705,157.9084309,112.498485,9.55880387,248.3067719,23.46205712,102.4153676,319.2905231,182.7475573,12:21:49,424.0820734,23.11530048,30.13945396,0,STGPS  
12:21:50,3139,613,F,FLIGHT,422.9805616,27.40709808,3.46E-248,3.300428415,163.497325,289.0863131,155.6300983,129.2485327,9.160283578,268.0738198,25.17710762,100.5243774,360.4027397,175.9408926,12:21:50,422.9805616,23.11530048,30.13945396,3,STGPS  
12:21:51,3139,614,F,FLIGHT,421.8790497,25.07623538,-6.33E-250,3.299501284,170.9478698,307.0631765,161.6416261,115.4211426,10.40722264,235.9830754,25.10370808,109.0345287,385.7915025,166.3861487,12:21:51,421.8790497,23.11530048,30.13945396,2,STGPS  
12:21:52,3139,615,F,FLIGHT,420.7775378,25.70258804,-1.71E-250,3.301661188,172.7840473,289.4473562,142.173138,115.643724,9.668597844,263.1835371,24.25793462,121.1236574,379.8669137,180.889175,12:21:52,420.7775378,23.11530048,30.13945396,1,STGPS  
12:21:53,3139,616,F,FLIGHT,419.6760259,25.33598137,1.30E-250,3.298636466,182.0701908,278.4871772,162.6193647,114.909906,10.13548227,263.6695945,26.83956455,118.4138506,382.6141358,176.5017372,12:21:53,419.6760259,23.11530048,30.13945396,4,STGPS  
12:21:54,3139,617,F,FLIGHT,418.574514,26.76226995,9.87E-252,3.300365819,173.308957,253.3564778,147.777941,134.9318892,10.74465913,271.9967958,26.99375454,114.4806435,323.8072234,192.3678879,12:21:54,418.574514,23.11530048,30.13945396,5,STGPS  
12:21:55,3139,618,F,FLIGHT,417.4730022,24.91262453,1.04E-252,3.296757086,194.5577523,304.7290429,149.831015,133.9288052,9.046716339,234.8904916,26.91074736,107.1066962,327.1387947,195.6919611,12:21:55,417.4730022,23.11530048,30.13945396,3,STGPS  
12:21:56,3139,619,F,FLIGHT,416.3714903,22.91816864,3.81E-253,3.297052817,181.0011343,272.6724952,139.7255147,115.9663983,10.55047744,277.1087848,25.59982639,111.7413067,338.1501405,185.4854044,12:21:56,416.3714903,23.11530048,30.13945396,4,STGPS  
12:21:57,3139,620,F,FLIGHT,415.2699784,27.56681067,-1.83E-253,3.29863695,193.8804361,293.7454894,156.0788032,131.1682643,9.546769138,278.5181575,23.77321411,107.1674772,348.1812702,179.6105807,12:21:57,415.2699784,23.11530048,30.13945396,5,STGPS  
12:21:58,3139,621,F,FLIGHT,414.1684665,26.6808145,-1.38E-253,3.3010073,186.912397,286.4066591,149.5908265,129.9377898,9.995287223,273.6329605,24.06000115,105.1634287,323.5053565,177.0201293,12:21:58,414.1684665,23.11530048,30.13945396,6,STGPS  
12:21:59,3139,622,F,FLIGHT,413.0669546,22.87298472,9.91E-254,3.297606987,196.7190414,253.4185328,169.9486412,113.6595871,9.240768494,277.29347,22.64870934,106.5428165,346.7408156,170.5341871,12:21:59,413.0669546,23.11530048,30.13945396,5,STGPS  
12:22:00,3139,623,F,FLIGHT,411.9654428,24.45777046,7.89E-254,3.302087919,194.2785454,266.44747,140.6585447,118.4075657,10.58888458,232.9134108,25.59383298,100.8939553,332.9062712,166.2092541,12:22:00,411.9654428,23.11530048,30.13945396,9,STGPS  
12:22:01,3139,624,F,FLIGHT,410.8639309,25.82224102,-4.09E-254,3.29837249,181.7856644,297.5100643,142.9378205,122.0425449,10.82239689,243.8847849,24.15242326,121.7864745,322.1363223,189.5752214,12:22:01,410.8639309,23.11530048,30.13945396,5,STGPS  
12:22:02,3139,625,F,FLIGHT,409.762419,23.99835413,-1.23E-254,3.301187322,186.3179475,282.2519187,163.6082445,126.5912265,9.521156292,260.8278586,27.42238803,116.2862413,386.9456851,189.9126817,12:22:02,409.762419,23.11530048,30.13945396,9,STGPS  
12:22:03,3139,626,F,FLIGHT,408.6609071,24.00191046,-1.52E-255,3.299738209,189.816829,300.4714898,148.0583821,123.2442242,10.7985754,266.3351547,23.12286619,104.0930714,324.6056838,190.3922639,12:22:03,408.6609071,23.11530048,30.13945396,7,STGPS  
12:22:04,3139,627,F,FLIGHT,407.5593952,24.83226149,-7.28E-256,3.297033194,189.8673218,275.9387136,169.9435119,118.1828787,10.38131775,269.7589408,26.44516213,117.296634,371.5100767,194.849554,12:22:04,407.5593952,23.11530048,30.13945396,0,STGPS  
12:22:05,3139,628,F,FLIGHT,406.4578834,24.60661664,-2.31E-256,3.297054331,182.9472753,305.2075119,167.229301,128.4061739,9.088058546,277.1558761,26.57109055,100.6773575,359.207504,179.9081432,12:22:05,406.4578834,23.11530048,30.13945396,8,STGPS  
12:22:06,3139,629,F,FLIGHT,405.3563715,22.94085959,5.23E-257,3.297794989,184.1907507,305.0019723,162.3928912,114.5939229,10.61962459,245.9885056,25.17714343,100.1294638,334.7761706,192.2629827,12:22:06,405.3563715,23.11530048,30.13945396,8,STGPS  
12:22:07,3139,630,F,FLIGHT,404.2548596,25.9988833,2.70E-257,3.300842339,172.1375765,278.8200219,157.2835271,119.7638467,9.709455345,268.1457902,23.10459133,117.9002365,326.3878256,179.5566874,12:22:07,404.2548596,23.11530048,30.13945396,3,STGPS  
12:22:08,3139,631,F,FLIGHT,403.1533477,22.95127076,2.24E-257,3.297174864,195.9947643,290.6758585,168.4591792,122.0535012,9.271658914,262.5305621,26.92677839,120.9061596,376.6638046,194.8167271,12:22:08,403.1533477,23.11530048,30.13945396,1,STGPS  
12:22:09,3139,632,F,FLIGHT,402.0518359,23.36937166,-6.06E-258,3.302615823,169.9972007,278.9827128,163.9862342,131.6450269,9.547424757,260.075419,25.45203844,121.0110953,328.9008963,186.0255246,12:22:09,402.0518359,23.11530048,30.13945396,0,STGPS  
12:22:10,3139,633,F,FLIGHT,400.950324,27.50897612,-5.03E-258,3.302865484,180.655216,284.5892884,140.3952741,130.4731065,10.4759154,280.2507714,27.116577,112.4488314,384.6167426,168.3612011,12:22:10,400.950324,23.11530048,30.13945396,3,STGPS  
12:22:11,3139,634,F,FLIGHT,399.8488121,27.46938228,-1.35E-258,3.300322391,171.2241113,255.5981117,144.2356612,123.623655,9.017738146,233.0693964,24.7075616,104.8463522,379.0051503,162.079441,12:22:11,399.8488121,23.11530048,30.13945396,5,STGPS  
12:22:12,3139,635,F,FLIGHT,398.7473002,26.88071599,-3.36E-259,3.299499333,172.6300456,274.1274736,152.6370599,119.0535642,10.21835351,268.0353509,25.3989425,108.6346032,337.9604997,187.3159422,12:22:12,398.7473002,23.11530048,30.13945396,6,STGPS  
12:22:13,3139,636,F,FLIGHT,397.6457883,24.54406405,-8.13E-260,3.301707267,172.7430531,295.8766594,161.2650463,131.0612459,9.503586331,257.1046079,22.84179569,121.3638633,333.2745174,190.6467072,12:22:13,397.6457883,23.11530048,30.13945396,3,STGPS  
12:22:14,3139,637,F,FLIGHT,396.5442765,26.82706124,5.59E-260,3.298780216,175.4097773,262.6852546,154.0664371,122.3648704,9.471476952,232.1417037,26.3296826,102.7916877,325.4194575,171.6942631,12:22:14,396.5442765,23.11530048,30.13945396,2,STGPS  
12:22:15,3139,638,F,FLIGHT,395.4427646,26.14784331,-3.38E-260,3.298427539,193.7292553,295.21967,165.2784462,126.5101001,10.31439039,273.0477401,25.6151401,101.729693,321.1371551,181.2431123,12:22:15,395.4427646,23.11530048,30.13945396,5,STGPS  
12:22:16,3139,639,F,FLIGHT,394.3412527,25.39334552,-3.26E-260,3.303263712,170.5850456,304.275435,157.9509753,114.1330382,10.76872567,233.9715214,24.25436235,101.6157056,336.1410149,177.1558825,12:22:16,394.3412527,23.11530048,30.13945396,5,STGPS  
12:22:17,3139,640,F,FLIGHT,393.2397408,25.00389172,2.39E-260,3.298182121,162.9795461,255.5047668,153.4630858,130.6462629,10.26446916,270.180832,25.19192337,111.9807668,357.0678289,195.2365249,12:22:17,393.2397408,23.11530048,30.13945396,0,STGPS  
12:22:18,3139,641,F,FLIGHT,392.1382289,26.8835215,1.23E-260,3.298136139,184.1716815,268.2511637,167.3916116,119.584977,10.53996038,236.1042241,26.89752983,102.4587357,346.1499788,185.5111992,12:22:18,392.1382289,23.11530048,30.13945396,7,STGPS  
12:22:19,3139,642,F,FLIGHT,391.0367171,27.29193119,-9.17E-262,3.302749297,166.4506297,272.4923395,149.7183767,123.439583,10.06631798,237.2859926,23.63377274,100.3004115,386.8201595,192.9576989,12:22:19,391.0367171,23.11530048,30.13945396,0,STGPS  
12:22:20,3139,643,F,FLIGHT,389.9352052,26.453798,-8.73E-262,3.301062654,163.5230616,304.7103501,144.830948,117.1654449,10.10130053,257.7467705,27.40185306,119.3204204,372.0821545,162.0903779,12:22:20,389.9352052,23.11530048,30.13945396,4,STGPS  
12:22:21,3139,644,F,FLIGHT,388.8336933,24.90476122,4.81E-263,3.303074623,187.0595024,271.2996422,141.5193488,132.7388026,10.23591552,274.2884346,23.23333245,119.8572122,369.242142,185.0251712,12:22:21,388.8336933,23.11530048,30.13945396,1,STGPS  
12:22:22,3139,645,F,FLIGHT,387.7321814,25.27335519,-1.54E-263,3.297689664,182.6621578,254.5035246,162.9323356,121.6820312,9.477959979,267.1837879,27.39191784,115.307205,366.593727,172.669881,12:22:22,387.7321814,23.11530048,30.13945396,3,STGPS  
12:22:23,3139,646,F,FLIGHT,386.6306695,27.12300053,1.36E-263,3.301540892,182.299212,266.2351373,164.1778776,118.7426672,9.366924288,274.8313703,27.4944494,113.534343,342.6434762,164.620945,12:22:23,386.6306695,23.11530048,30.13945396,8,STGPS  
12:22:24,3139,647,F,FLIGHT,385.5291577,26.19731423,3.36E-264,3.29789356,190.3352062,283.2798179,141.7707493,123.2862955,9.504697285,235.8408674,26.12264235,118.3895292,342.9677743,188.2324612,12:22:24,385.5291577,23.11530048,30.13945396,8,STGPS  
12:22:25,3139,648,F,FLIGHT,384.4276458,25.21776467,-1.19E-264,3.301018826,170.4757851,265.7790248,144.0984752,128.4757021,9.613379446,264.8941541,26.71055684,107.3446175,352.1115516,183.5373611,12:22:25,384.4276458,23.11530048,30.13945396,2,STGPS  
12:22:26,3139,649,F,FLIGHT,383.3261339,23.11329999,3.11E-265,3.301713197,172.169356,267.4308081,147.4761071,116.547683,10.75165676,254.8294577,26.58332658,103.9126113,367.1214643,188.5464551,12:22:26,383.3261339,23.11530048,30.13945396,4,STGPS  
12:22:27,3139,650,F,FLIGHT,382.224622,23.88659715,9.26E-266,3.298289649,177.6411042,253.0126034,158.5084596,119.2943439,10.88039632,235.3672094,25.217339,111.9233132,320.8400032,167.5510128,12:22:27,382.224622,23.11530048,30.13945396,9,STGPS  
12:22:28,3139,651,F,FLIGHT,381.1231102,25.94346025,-4.32E-266,3.300564877,163.0957353,260.1983614,143.6517141,131.8943439,9.713273708,253.520034,24.33771359,116.5341331,378.4038479,196.3717651,12:22:28,381.1231102,23.11530048,30.13945396,9,STGPS  
12:22:29,3139,652,F,FLIGHT,380.0215983,23.46756926,1.61E-266,3.300348146,164.8255929,259.7845125,160.7161795,111.994737,9.054896112,265.4229416,24.80748067,103.8280476,334.0481587,186.0287499,12:22:29,380.0215983,23.11530048,30.13945396,9,STGPS  
12:22:30,3139,653,F,FLIGHT,378.9200864,26.30454611,8.24E-268,3.299018805,190.6478086,254.360244,145.4621823,126.5563023,10.89547885,241.031708,22.63015522,108.5757355,325.0747539,194.4759365,12:22:30,378.9200864,23.11530048,30.13945396,9,STGPS  
12:22:31,3139,654,F,FLIGHT,377.8185745,24.00221924,-4.20E-268,3.299777292,187.5620507,286.6637122,146.092366,117.0965046,9.352291197,271.1325976,26.89040629,100.3470968,328.9696924,178.6653182,12:22:31,377.8185745,23.11530048,30.13945396,3,STGPS  
12:22:32,3139,655,F,FLIGHT,376.7170626,26.87143512,2.54E-268,3.298247037,173.1655136,261.4893564,158.4406946,130.571986,9.57100669,244.0776499,23.61015837,106.6713266,342.3347423,165.719908,12:22:32,376.7170626,23.11530048,30.13945396,7,STGPS  
12:22:33,3139,656,F,FLIGHT,375.6155508,22.79231964,-1.18E-268,3.300853625,177.515497,291.6065363,144.2822046,123.1370293,9.047422329,256.6783535,26.60332453,120.368841,335.7108626,178.4318271,12:22:33,375.6155508,23.11530048,30.13945396,6,STGPS  
12:22:34,3139,657,F,FLIGHT,374.5140389,25.52092387,4.25E-269,3.300182987,184.3882981,303.9938455,150.7933612,117.6228892,9.773003629,265.9037902,26.55415543,109.5437254,348.7779902,184.5643363,12:22:34,374.5140389,23.11530048,30.13945396,6,STGPS  
12:22:35,3139,658,F,Land,373.412527,27.25877426,4.25E-269,3.298194021,194.3936717,279.1028605,144.5816499,134.9945359,10.01010123,280.3826909,24.35310367,102.056936,321.9784562,191.1238721,12:22:35,373.412527,23.11530048,30.13945396,6,STGPS  
12:22:36,3139,659,F,Land,372.3110151,23.1136762,4.25E-269,3.302618161,170.8300138,257.234945,161.0177814,123.8765488,9.032272258,232.9044331,23.54127696,109.878491,350.3389672,184.6963977,12:22:36,372.3110151,23.11530048,30.13945396,6,STGPS  
12:22:37,3139,660,F,Land,371.2095032,23.51969822,4.25E-269,3.301248311,186.8534214,274.6377136,157.5805894,111.9286582,10.42920593,237.6266994,23.49759743,106.8137825,380.0936625,192.0453532,12:22:37,371.2095032,23.11530048,30.13945396,6,STGPS  
12:22:38,3139,661,F,Flight,370.1079914,26.11831985,4.25E-269,3.303128478,162.5710002,282.9151229,166.1753622,111.9026317,9.300407746,272.9985732,22.81677996,119.1565128,364.346734,179.9553908,12:22:38,370.1079914,23.11530048,30.13945396,6,STGPS  
12:22:39,3139,662,F,Land,369.0064795,27.81014788,4.25E-269,3.296980562,165.5686606,258.5015291,149.220985,119.112209,10.34897416,263.1136867,23.81847813,103.8165619,350.9678286,180.1011663,12:22:39,369.0064795,23.11530048,30.13945396,6,STGPS  
12:22:40,3139,663,F,Land,367.9049676,24.20200503,4.25E-269,3.300995041,163.6375938,299.3195819,143.3468103,124.7568283,10.65220125,237.6830385,24.54176172,116.7166581,335.8457892,183.1989321,12:22:40,367.9049676,23.11530048,30.13945396,6,STGPS  
12:22:41,3139,664,F,Flight,366.8034557,26.26546953,4.25E-269,3.296733575,188.693878,305.2217777,162.125438,114.8094495,9.871815444,242.9615861,23.27778587,116.7854603,319.3884208,196.2801021,12:22:41,366.8034557,23.11530048,30.13945396,6,STGPS  
12:22:42,3139,665,F,Land,365.7019438,23.28671431,4.25E-269,3.299627095,196.1427531,296.5051011,149.1581423,117.7252965,9.235829986,273.2772754,23.80494993,117.2207657,333.9367825,167.8676615,12:22:42,365.7019438,23.11530048,30.13945396,6,STGPS  
12:22:43,3139,666,F,Flight,364.600432,23.77441786,4.25E-269,3.297556866,164.569986,257.6308756,165.3670196,115.6372945,10.49953439,271.3139807,26.18276634,106.1344406,365.299518,180.8317135,12:22:43,364.600432,23.11530048,30.13945396,6,STGPS  
12:22:44,3139,667,F,Rocket,363.4989201,24.34657177,4.25E-269,3.297417538,179.0178256,277.444494,142.7484464,131.2531438,9.786407349,262.9435329,22.7875633,117.77967,339.1549105,190.5447147,12:22:44,363.4989201,23.11530048,30.13945396,6,STGPS  
12:22:45,3139,668,F,Rocket,362.3974082,23.91551953,4.25E-269,3.300254965,177.9112626,295.6252031,161.0788718,123.2345393,10.72669323,261.651812,23.63840393,100.1278729,382.5104457,175.2888035,12:22:45,362.3974082,23.11530048,30.13945396,6,STGPS  
12:22:46,3139,669,F,Land,361.2958963,23.83414814,4.25E-269,3.30203945,176.3530175,291.6267838,154.6279809,111.1695606,9.944637727,275.3775215,25.48020309,119.2307519,366.185473,181.6393527,12:22:46,361.2958963,23.11530048,30.13945396,6,STGPS  
12:22:47,3139,670,F,Flight,360.1943844,23.29759694,4.25E-269,3.302251256,181.9662906,266.5273074,161.1399579,117.3996634,9.489464927,247.4412949,26.02239083,117.4929111,368.4328204,189.1147437,12:22:47,360.1943844,23.11530048,30.13945396,6,STGPS  
12:22:48,3139,671,F,Flight,359.0928726,23.59635663,4.25E-269,3.301931636,169.2375331,293.1331393,158.8819023,132.0793263,9.825789967,265.6176495,26.77351847,118.4942559,379.3015849,182.6990637,12:22:48,359.0928726,23.11530048,30.13945396,6,STGPS  
12:22:49,3139,672,F,Land,357.9913607,23.25302448,4.25E-269,3.299702961,170.6597947,284.0053345,139.635659,114.4078522,10.31915682,249.7749859,23.98662817,121.7988043,340.5370429,195.2305289,12:22:49,357.9913607,23.11530048,30.13945396,6,STGPS  
12:22:50,3139,673,F,Flight,356.8898488,23.68526398,4.25E-269,3.297636477,187.5356764,263.5113479,139.8191334,120.2606182,10.315569,278.7219923,24.24932702,119.229029,343.9366911,180.3661785,12:22:50,356.8898488,23.11530048,30.13945396,6,STGPS  
12:22:51,3139,674,F,Flight,355.7883369,26.50805276,4.25E-269,3.301379272,177.8262643,260.9300396,147.5574664,131.3770275,9.864194915,235.2760398,25.51043986,105.248454,322.3369381,170.1577929,12:22:51,355.7883369,23.11530048,30.13945396,6,STGPS  
12:22:52,3139,675,F,Flight,354.6868251,26.63436794,4.25E-269,3.30099319,166.4459258,284.1877391,163.3693678,110.8634577,9.560680342,253.3737238,27.37277528,108.4861129,326.2007503,164.0598663,12:22:52,354.6868251,23.11530048,30.13945396,6,STGPS  
12:22:53,3139,676,F,Flight,353.5853132,22.94893806,4.25E-269,3.298928328,183.9980808,296.9829906,145.4708962,118.2786321,10.96952551,241.1919991,24.43608076,104.0870468,371.1083828,176.9605741,12:22:53,353.5853132,23.11530048,30.13945396,6,STGPS  
12:22:54,3139,677,F,Flight,352.4838013,25.62241225,4.25E-269,3.29794337,183.5224324,305.1529447,157.105516,122.0669643,10.05475775,258.802197,27.13839933,102.9685996,378.1377857,165.3630449,12:22:54,352.4838013,23.11530048,30.13945396,6,STGPS  
12:22:55,3139,678,F,Flight,351.3822894,23.41590647,4.25E-269,3.301282742,185.5616947,291.0823249,149.6021105,118.4373801,10.16136978,277.0803213,25.0924202,110.9100858,328.4277673,172.0196157,12:22:55,351.3822894,23.11530048,30.13945396,6,STGPS  
12:22:56,3139,679,F,Flight,350.2807775,25.21540458,4.25E-269,3.302797359,176.6955402,270.1439355,169.2480859,130.3070934,9.326161412,276.1519918,23.31941223,114.667658,372.4398609,176.7746331,12:22:56,350.2807775,23.11530048,30.13945396,6,STGPS  
12:22:57,3139,680,F,Rocket,349.1792657,24.21945048,4.25E-269,3.302016918,169.0194169,296.2781488,146.3440152,113.6658633,9.376453302,259.1046174,23.36294443,100.9834518,341.8970168,166.4109217,12:22:57,349.1792657,23.11530048,30.13945396,6,STGPS  
12:22:58,3139,681,F,Rocket,348.0777538,23.32021418,4.25E-269,3.299813323,190.9091365,294.2810697,141.6905271,112.6145691,10.72676037,260.5034496,24.00928721,115.9540143,346.9144434,175.5147165,12:22:58,348.0777538,23.11530048,30.13945396,6,STGPS  
12:22:59,3139,682,F,Land,346.9762419,25.21730898,4.25E-269,3.299478894,165.7733815,294.1992826,157.7561209,121.7837663,10.13596057,264.2832294,26.23214454,112.7334675,388.6698349,196.1521756,12:22:59,346.9762419,23.11530048,30.13945396,6,STGPS  
12:23:00,3139,683,F,Land,345.87473,25.21423326,4.25E-269,3.298940051,178.4217311,253.00861,157.0088726,123.2883269,9.624947759,272.6060119,24.18152558,112.6329353,325.6615461,193.2297192,12:23:00,345.87473,23.11530048,30.13945396,6,STGPS  
12:23:01,3139,684,F,Land,344.7732181,27.38977941,4.25E-269,3.298213634,164.5736696,261.1625452,139.6347515,119.0331882,10.35232558,268.3033258,24.02033194,103.9889903,382.459797,184.0130353,12:23:01,344.7732181,23.11530048,30.13945396,6,STGPS  
12:23:02,3139,685,F,Flight,343.6717063,27.70526322,4.25E-269,3.30110385,172.9624687,275.8293274,162.3488817,129.0924671,10.69300294,263.6961468,24.54956977,110.3955581,350.6268944,191.6963409,12:23:02,343.6717063,23.11530048,30.13945396,6,STGPS  
12:23:03,3139,686,F,Flight,342.5701944,26.77879386,4.25E-269,3.302314886,188.7231336,277.4099741,150.9314285,134.6588343,10.1868308,272.5285754,23.97625306,100.7472388,377.5746403,168.3452256,12:23:03,342.5701944,23.11530048,30.13945396,6,STGPS  
12:23:04,3139,687,F,Land,341.4686825,27.4264886,4.25E-269,3.2977334,175.6650092,256.3882858,157.1953539,128.3233915,9.795158682,232.8135361,26.0139345,102.2983152,337.6876951,185.1607001,12:23:04,341.4686825,23.11530048,30.13945396,6,STGPS  
12:23:05,3139,688,F,Rocket,340.3671706,22.94825657,4.25E-269,3.299701998,168.806573,276.5651698,166.8864662,134.3520413,9.578131493,257.1113747,22.99884202,116.2590859,349.5851814,168.8801811,12:23:05,340.3671706,23.11530048,30.13945396,6,STGPS  
12:23:06,3139,689,F,Flight,339.2656587,27.79120647,4.25E-269,3.298162702,181.2493847,270.9500259,148.9467338,129.2679197,10.01321045,271.1756331,27.35709424,100.7078355,339.9541192,197.7279293,12:23:06,339.2656587,23.11530048,30.13945396,6,STGPS  
12:23:07,3139,690,F,Rocket,338.1641469,26.84858101,4.25E-269,3.298295906,178.6589012,290.9967167,151.1141269,120.3585301,9.563930804,276.3191805,23.18514165,109.5141436,383.0660565,164.4845523,12:23:07,338.1641469,23.11530048,30.13945396,6,STGPS  
12:23:08,3139,691,F,Land,337.062635,25.22851933,4.25E-269,3.29777126,162.4910095,272.2452631,154.3430714,133.3236938,10.02163905,260.4035394,26.28800848,117.4390827,330.2565813,187.3552041,12:23:08,337.062635,23.11530048,30.13945396,6,STGPS  
12:23:09,3139,692,F,Flight,335.9611231,23.76301875,4.25E-269,3.302895038,188.7444128,263.711671,147.2134488,115.2214851,10.43196072,232.7366048,22.52017235,112.1339968,329.8296309,174.1202358,12:23:09,335.9611231,23.11530048,30.13945396,6,STGPS  
12:23:10,3139,693,F,Flight,334.8596112,24.19184333,4.25E-269,3.301495615,182.8348366,308.5133989,163.8402854,128.602848,10.83489055,235.5868198,22.81799038,117.7031093,337.7604452,182.1608358,12:23:10,334.8596112,23.11530048,30.13945396,6,STGPS  
12:23:11,3139,694,F,Flight,333.7580994,27.69506729,4.25E-269,3.298239967,193.7404657,283.9951175,148.1182749,118.652253,10.31582446,235.4976555,26.2626914,117.675222,356.1614973,192.267885,12:23:11,333.7580994,23.11530048,30.13945396,6,STGPS  
12:23:12,3139,695,F,Rocket,332.6565875,23.13497596,4.25E-269,3.298906574,162.0367927,300.9582021,148.1263831,133.8052358,10.96808722,248.0964615,24.6542384,108.9529342,339.325582,176.979936,12:23:12,332.6565875,23.11530048,30.13945396,6,STGPS  
12:23:13,3139,696,F,Rocket,331.5550756,27.10177571,4.25E-269,3.299610471,174.6094459,297.1861596,165.5755447,115.8044867,10.54383013,265.8265576,25.67885198,119.4124504,344.3027809,171.1163764,12:23:13,331.5550756,23.11530048,30.13945396,6,STGPS  
12:23:14,3139,697,F,Rocket,330.4535637,26.73486639,4.25E-269,3.301626796,180.0727347,271.5113856,164.132701,112.6293059,10.51026275,263.447089,25.03681553,121.2243681,369.8691868,185.5482334,12:23:14,330.4535637,23.11530048,30.13945396,6,STGPS  
12:23:15,3139,698,F,Rocket,329.3520518,25.94957887,4.25E-269,3.301413009,184.5250825,282.5391627,162.1879327,119.2317414,9.355057488,256.928853,26.99212189,106.0251,382.7431704,164.3282622,12:23:15,329.3520518,23.11530048,30.13945396,6,STGPS  
12:23:16,3139,699,F,Rocket,328.25054,23.92310241,4.25E-269,3.302273534,194.3310171,268.8287119,169.3059371,129.4287105,9.762076968,277.8172824,22.75723465,113.9221673,366.0757551,176.8645511,12:23:16,328.25054,23.11530048,30.13945396,6,STGPS  
12:23:17,3139,700,F,Land,327.1490281,26.91656562,4.25E-269,3.301847659,182.9041964,271.9917575,142.4435837,132.6048218,9.735778915,256.9771574,25.83733148,118.3029031,376.2971579,177.1502228,12:23:17,327.1490281,23.11530048,30.13945396,6,STGPS  
12:23:18,3139,701,F,Land,326.0475162,24.40641067,4.25E-269,3.302426226,181.5289889,254.4254919,168.833201,120.6450591,10.26408832,251.2357359,23.59056189,102.2305858,379.053167,187.4131039,12:23:18,326.0475162,23.11530048,30.13945396,6,STGPS  
12:23:19,3139,702,F,Flight,324.9460043,22.83007306,4.25E-269,3.302530686,186.3393343,275.4250264,145.5180672,129.8751965,9.140645433,239.1387429,25.62797677,108.8550707,358.2694166,192.8095677,12:23:19,324.9460043,23.11530048,30.13945396,6,STGPS  
12:23:20,3139,703,F,Flight,323.8444924,24.303616,4.25E-269,3.302902381,181.8714786,268.4029445,167.4754347,113.3221947,9.616691594,249.6714734,26.02247793,111.227064,383.5976649,193.3646438,12:23:20,323.8444924,23.11530048,30.13945396,6,STGPS  
12:23:21,3139,704,F,Land,322.7429806,27.43103025,4.25E-269,3.298118767,170.4618494,267.1138326,161.7226807,121.3540115,9.715715669,260.7825788,25.21501422,107.832516,386.5303382,166.2573233,12:23:21,322.7429806,23.11530048,30.13945396,6,STGPS  
12:23:22,3139,705,F,Rocket,321.6414687,22.95226255,4.25E-269,3.300570564,184.8740023,278.2215908,167.5375982,111.1534615,10.98872484,279.7704546,26.95821215,109.7218548,325.2357266,187.6138164,12:23:22,321.6414687,23.11530048,30.13945396,6,STGPS  
12:23:23,3139,706,F,Flight,320.5399568,26.5986503,4.25E-269,3.300784316,194.7290152,302.3049873,165.4599819,132.1612966,10.16705779,231.0374903,26.4632646,116.5494373,355.8270939,176.3101456,12:23:23,320.5399568,23.11530048,30.13945396,6,STGPS  
12:23:24,3139,707,F,Flight,319.4384449,24.57829937,4.25E-269,3.29698262,162.3452387,304.6875542,159.281663,121.4869147,9.456329129,239.3036959,27.19474844,103.0841446,379.5174442,172.6155805,12:23:24,319.4384449,23.11530048,30.13945396,6,STGPS  
12:23:25,3139,708,F,Flight,318.336933,24.69564188,4.25E-269,3.301302984,187.3089398,270.0371388,151.5470743,124.0165668,9.131866842,248.4514865,26.85247255,105.623939,345.5832279,176.8337299,12:23:25,318.336933,23.11530048,30.13945396,6,STGPS  
12:23:26,3139,709,F,Flight,317.2354212,27.52816137,4.25E-269,3.301364857,187.0649266,272.5753501,163.1514524,130.9427182,9.860143917,230.1458044,23.04041308,112.4848469,348.7527597,178.4017779,12:23:26,317.2354212,23.11530048,30.13945396,6,STGPS  
12:23:27,3139,710,F,Rocket,316.1339093,27.19046812,4.25E-269,3.299319914,168.6822246,272.6734773,162.7179048,112.1228168,9.844782648,237.4897115,26.33840478,115.1007517,384.8900001,185.1702038,12:23:27,316.1339093,23.11530048,30.13945396,6,STGPS  
12:23:28,3139,711,F,Rocket,315.0323974,27.24929888,4.25E-269,3.301077371,162.6066071,303.68845,158.7543659,130.6098708,9.408511714,252.2152869,22.8433742,119.9615791,370.5288925,188.6233981,12:23:28,315.0323974,23.11530048,30.13945396,6,STGPS  
12:23:29,3139,712,F,Land,313.9308855,23.22752452,4.25E-269,3.29806876,179.6500051,292.3633315,141.1308398,120.8854733,10.19625926,238.5947653,26.15775878,114.1084395,337.5736108,182.5798575,12:23:29,313.9308855,23.11530048,30.13945396,6,STGPS  
12:23:30,3139,713,F,Rocket,312.8293737,27.56209179,4.25E-269,3.299836754,192.2301408,299.6390145,143.6147072,115.5998891,9.563647924,260.4435763,22.53017897,111.2596206,387.4700338,167.9603492,12:23:30,312.8293737,23.11530048,30.13945396,6,STGPS  
12:23:31,3139,714,F,Flight,311.7278618,27.60206722,4.25E-269,3.303276164,184.8822464,308.5035084,159.1933363,117.8909343,10.38517342,253.0125927,26.510551,105.8016824,325.6520245,178.9436393,12:23:31,311.7278618,23.11530048,30.13945396,6,STGPS  
12:23:32,3139,715,F,Rocket,310.6263499,24.4109176,4.25E-269,3.30163532,174.9756804,307.8085393,151.5081913,125.5263691,9.861601254,256.1678052,26.85813928,121.4846775,356.6632166,187.3043816,12:23:32,310.6263499,23.11530048,30.13945396,6,STGPS  
12:23:33,3139,716,F,Flight,309.524838,27.53484691,4.25E-269,3.298399276,189.9768278,271.4785021,152.794596,114.4558099,10.66037084,237.2659428,23.07375488,120.7312183,319.6064965,170.6522775,12:23:33,309.524838,23.11530048,30.13945396,6,STGPS  
12:23:34,3139,717,F,Flight,308.4233261,23.93026309,4.25E-269,3.298025522,167.2757535,306.3578251,156.9809688,119.9489154,9.821048369,238.4332912,26.11308626,118.5883248,375.4094077,170.7949492,12:23:34,308.4233261,23.11530048,30.13945396,6,STGPS  
12:23:35,3139,718,F,Flight,307.3218143,25.20953556,4.25E-269,3.298912123,183.7324205,279.418037,151.242359,135.2746341,10.81454501,280.2522476,22.73179523,101.9902676,337.7831368,173.1486657,12:23:35,307.3218143,23.11530048,30.13945396,6,STGPS  
12:23:36,3139,719,F,Land,306.2203024,24.09391651,4.25E-269,3.299412348,191.6919883,305.8402646,157.1423447,114.9763997,10.7881947,274.7173478,26.69833699,117.2610164,376.8824786,192.5796257,12:23:36,306.2203024,23.11530048,30.13945396,6,STGPS  
12:23:37,3139,720,F,Rocket,305.1187905,24.61637377,4.25E-269,3.302507275,192.2210137,291.3059805,162.5166577,114.8562025,10.40644288,263.4647904,22.86522297,105.6777618,380.684201,195.2998512,12:23:37,305.1187905,23.11530048,30.13945396,6,STGPS  
12:23:38,3139,721,F,Flight,304.0172786,25.449408,4.25E-269,3.298813683,193.4999682,283.2026227,140.6448173,110.8835822,10.63228686,251.6496943,22.851111,116.044333,363.0914687,165.3142091,12:23:38,304.0172786,23.11530048,30.13945396,6,STGPS  
12:23:39,3139,722,F,Land,302.9157667,23.04748488,4.25E-269,3.302738957,174.9744127,260.3741562,150.5239346,121.270583,10.94754415,247.1626508,27.13697456,101.3719912,330.0383163,183.1253792,12:23:39,302.9157667,23.11530048,30.13945396,6,STGPS  
12:23:40,3139,723,F,Rocket,301.8142549,27.57522253,4.25E-269,3.298149259,171.6435337,271.0738874,148.2133739,115.2421598,9.633798577,253.6117321,24.87887932,107.02618,370.8984343,169.0964508,12:23:40,301.8142549,23.11530048,30.13945396,6,STGPS  
12:23:41,3139,724,F,Rocket,300.712743,25.2860432,4.25E-269,3.300245602,191.5751809,279.0424489,169.8382149,126.3143166,10.09535981,230.3691962,24.88491615,109.3251194,366.0388499,167.5505419,12:23:41,300.712743,23.11530048,30.13945396,6,STGPS  
12:23:42,3139,725,F,Land,299.6112311,25.26001439,4.25E-269,3.30286884,186.8996157,287.867941,162.8550441,129.3714585,9.053469613,248.3236894,24.35873473,106.6378474,328.729153,170.9021639,12:23:42,299.6112311,23.11530048,30.13945396,6,STGPS  
12:23:43,3139,726,F,Rocket,298.5097192,26.06114933,4.25E-269,3.300647737,178.1023677,278.9348284,167.342947,122.2961751,10.10793494,238.1530815,26.05423325,103.1809015,384.9054108,197.1406947,12:23:43,298.5097192,23.11530048,30.13945396,6,STGPS  
12:23:44,3139,727,F,Flight,297.4082073,23.10898724,4.25E-269,3.300794704,188.5075339,291.485627,163.2489066,130.5819695,10.77755405,254.6041087,26.8775494,121.7753526,340.5757898,168.6288561,12:23:44,297.4082073,23.11530048,30.13945396,6,STGPS  
12:23:45,3139,728,F,Flight,296.3066955,27.48312076,4.25E-269,3.296964898,168.013655,306.4359122,170.3790821,113.8870704,9.243261798,257.2390375,26.88629998,121.3212856,363.7938798,183.2213272,12:23:45,296.3066955,23.11530048,30.13945396,6,STGPS  
12:23:46,3139,729,F,Rocket,295.2051836,24.3191574,4.25E-269,3.300672431,190.8327615,305.9819119,148.7520796,120.3944549,10.72325495,255.5352934,26.5023454,121.4904139,377.9601302,163.5405455,12:23:46,295.2051836,23.11530048,30.13945396,6,STGPS  
12:23:47,3139,730,F,Flight,294.1036717,27.67554503,4.25E-269,3.299707883,195.4684086,258.9061601,153.0262966,115.8678548,10.20079454,255.7907639,23.87929552,108.4795912,372.5389515,181.3285286,12:23:47,294.1036717,23.11530048,30.13945396,6,STGPS  
12:23:48,3139,731,F,Land,293.0021598,23.99093965,4.25E-269,3.296950297,172.7227546,287.4831902,168.6906228,121.7007597,10.11128719,264.1463683,24.78139346,116.5680228,351.4777076,185.3694544,12:23:48,293.0021598,23.11530048,30.13945396,6,STGPS  
12:23:49,3139,732,F,Land,291.9006479,24.60721032,4.25E-269,3.302395169,176.2610493,307.3335023,141.8071256,130.3892198,10.14188355,243.1822289,27.31801692,116.3959239,350.5167227,192.6970511,12:23:49,291.9006479,23.11530048,30.13945396,6,STGPS  
12:23:50,3139,733,F,Flight,290.7991361,24.23581872,4.25E-269,3.300139509,166.6914004,302.2522637,170.25606,118.4598249,9.960623607,231.1705666,24.49411867,103.0237104,327.6240268,169.0521451,12:23:50,290.7991361,23.11530048,30.13945396,6,STGPS  
12:23:51,3139,734,F,Land,289.6976242,27.75733556,4.25E-269,3.300126335,186.5030481,302.2613007,155.063806,110.7386759,9.02737257,232.8749482,23.81501273,118.6735408,387.7923356,172.4366939,12:23:51,289.6976242,23.11530048,30.13945396,6,STGPS  
12:23:52,3139,735,F,Rocket,288.5961123,26.81130911,4.25E-269,3.298116763,175.5616149,305.1218215,170.1323128,122.704852,9.123695124,255.9097368,25.94004446,119.1686577,353.6499959,188.3795886,12:23:52,288.5961123,23.11530048,30.13945396,6,STGPS  
12:23:53,3139,736,F,Rocket,287.4946004,27.75400653,4.25E-269,3.300766026,185.3658247,260.5502568,139.6226644,134.7294989,9.840283247,235.8792781,23.8586653,114.0792996,337.1103921,174.3167486,12:23:53,287.4946004,23.11530048,30.13945396,6,STGPS  
12:23:54,3139,737,F,Rocket,286.3930886,26.51125389,4.25E-269,3.301129115,179.3085255,285.3618847,167.4598594,131.9694953,10.90371751,248.3821357,23.76277476,103.198563,369.5505576,194.9343131,12:23:54,286.3930886,23.11530048,30.13945396,6,STGPS  
12:23:55,3139,738,F,Rocket,285.2915767,25.76083851,4.25E-269,3.299298953,190.0356411,287.1552497,153.9659872,125.4797562,9.655898016,279.6943034,23.8667309,113.2429017,361.5011656,163.563269,12:23:55,285.2915767,23.11530048,30.13945396,6,STGPS  
12:23:56,3139,739,F,Land,284.1900648,27.80786473,4.25E-269,3.296923705,184.0803046,288.2544065,162.3094546,120.4235359,10.89690947,272.827615,23.1935853,118.5424914,357.9075238,167.6776462,12:23:56,284.1900648,23.11530048,30.13945396,6,STGPS  
12:23:57,3139,740,F,Land,283.0885529,25.46033786,4.25E-269,3.301821007,183.5398482,261.4517417,159.4725165,121.2834562,10.27873831,236.0346683,23.96673233,100.751987,319.7478725,171.1748401,12:23:57,283.0885529,23.11530048,30.13945396,6,STGPS  
12:23:58,3139,741,F,Flight,281.987041,24.11269616,4.25E-269,3.298377512,194.031126,279.3261312,159.3874714,111.0851413,10.60791138,253.769681,23.85878599,106.6338618,368.4441414,171.3681736,12:23:58,281.987041,23.11530048,30.13945396,6,STGPS  
12:23:59,3139,742,F,Rocket,280.8855292,25.83349081,4.25E-269,3.300866987,180.5784826,257.3610456,169.8056111,121.2347178,9.054107566,277.9995656,26.37294333,102.0076185,361.7452451,171.3740655,12:23:59,280.8855292,23.11530048,30.13945396,6,STGPS  
12:24:00,3139,743,F,Rocket,279.7840173,24.77657974,4.25E-269,3.296737801,195.6545575,286.5062725,147.0467699,124.0109753,10.98276425,240.4054147,25.82067321,117.1318691,354.9945645,183.02951,12:24:00,279.7840173,23.11530048,30.13945396,6,STGPS  
12:24:01,3139,744,F,Land,278.6825054,23.3853314,4.25E-269,3.296810509,183.2840093,301.6644892,146.4473006,117.4087535,10.99946353,269.5380005,24.50835641,108.3980751,364.4734991,188.1552153,12:24:01,278.6825054,23.11530048,30.13945396,6,STGPS  
12:24:02,3139,745,F,Flight,277.5809935,25.12361926,4.25E-269,3.300972611,177.0264603,289.6935551,151.3002664,119.6130475,10.88321802,273.5352861,27.37163156,115.1144856,334.7128452,186.5058989,12:24:02,277.5809935,23.11530048,30.13945396,6,STGPS  
12:24:03,3139,746,F,Rocket,276.4794816,24.43971776,4.25E-269,3.301973601,170.8125495,284.380051,168.7329533,121.3431944,10.03038005,258.3556132,27.39228226,114.5850356,325.5242785,196.2667141,12:24:03,276.4794816,23.11530048,30.13945396,6,STGPS  
12:24:04,3139,747,F,Flight,275.3779698,27.37764689,4.25E-269,3.298424953,175.3379652,261.5947358,156.0331309,128.7450537,10.67845279,274.8088091,25.46135722,111.5220107,335.4739551,191.7609882,12:24:04,275.3779698,23.11530048,30.13945396,6,STGPS  
12:24:05,3139,748,F,Land,274.2764579,27.80532421,4.25E-269,3.30041985,186.7425065,287.0746674,148.4503407,123.4296647,9.361612345,268.9251482,27.3758085,120.1875755,363.96181,162.2691787,12:24:05,274.2764579,23.11530048,30.13945396,6,STGPS  
12:24:06,3139,749,F,Rocket,273.174946,27.49231426,4.25E-269,3.302790448,185.3529813,304.076686,149.4291293,129.1849205,10.59880793,255.087626,23.93559082,118.03116,344.0086626,169.994604,12:24:06,273.174946,23.11530048,30.13945396,6,STGPS  
12:24:07,3139,750,F,Rocket,272.0734341,25.64494373,4.25E-269,3.300092757,185.4539439,302.6211696,145.6407817,112.5945971,9.849130297,260.5172903,26.25486197,100.8471386,370.3767355,188.6734029,12:24:07,272.0734341,23.11530048,30.13945396,6,STGPS  
12:24:08,3139,751,F,Land,270.9719222,23.99654005,4.25E-269,3.299873547,170.2915074,263.1613295,142.7731511,120.7580611,9.088732691,256.5016393,22.89305735,118.9547977,360.6905208,192.3916727,12:24:08,270.9719222,23.11530048,30.13945396,6,STGPS  
12:24:09,3139,752,F,Rocket,269.8704104,24.70108384,4.25E-269,3.302037297,171.5627934,297.6788995,143.0164907,130.0413137,10.32395498,248.7799348,23.39540258,100.1628324,351.2039252,169.4658839,12:24:09,269.8704104,23.11530048,30.13945396,6,STGPS  
12:24:10,3139,753,F,Flight,268.7688985,25.9440711,4.25E-269,3.301806792,165.8496087,287.2496209,160.8664224,128.503038,9.877991714,254.5570449,23.50205816,113.0134908,347.5479735,178.3112612,12:24:10,268.7688985,23.11530048,30.13945396,6,STGPS  
12:24:11,3139,754,F,Flight,267.6673866,25.39947968,4.25E-269,3.296750576,192.3177911,284.3153335,161.7749666,134.9121837,9.708361372,272.7172078,23.79538989,118.3841989,324.6857015,190.2247301,12:24:11,267.6673866,23.11530048,30.13945396,6,STGPS  
12:24:12,3139,755,F,Flight,266.5658747,25.92223834,4.25E-269,3.300147775,191.6857302,288.5235699,151.807095,115.3832186,9.125905141,243.1135463,27.18020399,116.9247916,358.66172,175.1186092,12:24:12,266.5658747,23.11530048,30.13945396,6,STGPS  
12:24:13,3139,756,F,Flight,265.4643629,25.76863418,4.25E-269,3.298715427,169.6652705,278.644461,155.8543811,124.2056516,9.067503426,258.003598,26.68045322,113.2098971,385.1360062,179.001212,12:24:13,265.4643629,23.11530048,30.13945396,6,STGPS  
12:24:14,3139,757,F,Rocket,264.362851,25.60272841,4.25E-269,3.29760825,170.2367445,292.7474525,164.4634792,133.6727421,9.75777978,246.1342562,24.18258392,106.3014466,321.6049324,164.2174649,12:24:14,264.362851,23.11530048,30.13945396,6,STGPS  
12:24:15,3139,758,F,Land,263.2613391,27.38143616,4.25E-269,3.302192581,173.7003425,272.0700567,155.5367226,133.6899342,9.563616075,269.9621436,23.66621745,118.8855422,342.5010918,176.6904012,12:24:15,263.2613391,23.11530048,30.13945396,6,STGPS  
12:24:16,3139,759,F,Rocket,262.1598272,25.33928638,4.25E-269,3.302257894,168.4737492,308.7757027,158.6886357,135.1431388,9.441029024,250.7286431,23.16763918,110.0530565,383.8709995,186.3563781,12:24:16,262.1598272,23.11530048,30.13945396,6,STGPS  
12:24:17,3139,760,F,Flight,261.0583153,24.64336286,4.25E-269,3.302895759,179.9576247,295.4429124,159.4484921,118.7259834,9.994107122,277.7798475,25.48087864,105.6999222,339.0031301,171.2220528,12:24:17,261.0583153,23.11530048,30.13945396,6,STGPS  
12:24:18,3139,761,F,Flight,259.9568035,25.37698228,4.25E-269,3.300328739,188.6360153,292.766778,170.3566047,134.5194588,10.30007448,235.1407304,26.10652791,100.0678413,375.8226831,164.429855,12:24:18,259.9568035,23.11530048,30.13945396,6,STGPS  
12:24:19,3139,762,F,Rocket,258.8552916,27.18061853,4.25E-269,3.301886025,183.7538658,276.8289575,140.0972419,121.5394965,9.844429134,232.5540006,23.12785867,117.2785046,367.4756791,171.1578556,12:24:19,258.8552916,23.11530048,30.13945396,6,STGPS  
12:24:20,3139,763,F,Land,257.7537797,27.13501175,4.25E-269,3.297348674,189.4273102,289.9562332,165.8790099,117.8275513,10.79880444,265.0058456,27.41669668,106.2746446,335.7684774,164.0233958,12:24:20,257.7537797,23.11530048,30.13945396,6,STGPS  
12:24:21,3139,764,F,Land,256.6522678,23.01588713,4.25E-269,3.301970152,186.2851145,308.1448672,162.7757395,131.2560737,9.204742742,246.9932062,26.60102377,119.3795169,349.8651898,178.4917767,12:24:21,256.6522678,23.11530048,30.13945396,6,STGPS  
12:24:22,3139,765,F,Land,255.5507559,24.38061157,4.25E-269,3.301702314,197.3648509,277.73753,145.8842402,116.9753641,10.43329147,279.548042,23.19153843,104.131058,360.1937664,172.6924554,12:24:22,255.5507559,23.11530048,30.13945396,6,STGPS  
12:24:23,3139,766,F,Rocket,254.4492441,26.81006253,4.25E-269,3.299654841,196.2296087,294.3026401,156.096201,135.1586769,9.935247769,233.8379652,24.54677339,100.8263828,319.1856,172.3385042,12:24:23,254.4492441,23.11530048,30.13945396,6,STGPS  
12:24:24,3139,767,F,Land,253.3477322,25.1507545,4.25E-269,3.303148755,184.7618307,277.1250817,158.5254653,127.892936,9.235699226,259.4239454,27.38695973,110.7366668,384.1749294,178.7622725,12:24:24,253.3477322,23.11530048,30.13945396,6,STGPS  
12:24:25,3139,768,F,Rocket,252.2462203,25.7199649,4.25E-269,3.301507454,181.5772067,291.5764815,141.9985128,112.7290982,10.9895786,255.4570447,23.02069266,112.9840253,351.343871,174.6430436,12:24:25,252.2462203,23.11530048,30.13945396,6,STGPS  
12:24:26,3139,769,F,Flight,251.1447084,25.96437711,4.25E-269,3.297527615,179.2157234,271.1156546,153.636928,129.4718382,9.226738853,277.7473085,24.23618209,109.1756469,356.779348,181.5440851,12:24:26,251.1447084,23.11530048,30.13945396,6,STGPS  
12:24:27,3139,770,F,Flight,250.0431965,27.36692749,4.25E-269,3.296910574,195.2402259,284.1656169,167.6938444,124.0882985,9.462967008,256.9518931,26.09590231,110.3441206,327.2733573,175.520002,12:24:27,250.0431965,23.11530048,30.13945396,6,STGPS  
12:24:28,3139,771,F,Land,248.9416847,24.88466379,4.25E-269,3.302806695,187.6319284,257.4955602,159.5949661,129.2073673,9.397300545,252.7802639,22.76462392,113.7542393,339.1345919,178.6192162,12:24:28,248.9416847,23.11530048,30.13945396,6,STGPS  
12:24:29,3139,772,F,Flight,247.8401728,25.58419103,4.25E-269,3.297758429,191.068949,280.095429,170.4405451,134.1686,10.39623271,238.0817876,24.2350722,103.6899269,366.6216241,186.9996935,12:24:29,247.8401728,23.11530048,30.13945396,6,STGPS  
12:24:30,3139,773,F,Rocket,246.7386609,26.15010324,4.25E-269,3.297029788,165.952067,306.892439,151.8860356,113.4844504,10.55839541,262.5960444,23.63462183,121.278991,384.3648458,188.2673885,12:24:30,246.7386609,23.11530048,30.13945396,6,STGPS  
12:24:31,3139,774,F,Flight,245.637149,25.52359183,4.25E-269,3.300354718,183.1689979,259.8278177,164.3839594,135.1084487,9.437872506,264.7904947,25.72558641,107.7586346,329.505203,183.5257297,12:24:31,245.637149,23.11530048,30.13945396,6,STGPS  
12:24:32,3139,775,F,Land,244.5356371,27.79328855,4.25E-269,3.301234522,180.4131195,300.0174386,161.9801602,124.3481531,9.79174964,253.6118396,26.59496751,112.4445199,337.5525627,190.3467332,12:24:32,244.5356371,23.11530048,30.13945396,6,STGPS  
12:24:33,3139,776,F,Flight,243.4341253,22.89052852,4.25E-269,3.301226749,174.821337,273.1222105,150.8504325,122.4304757,10.2598184,249.6989789,23.58671567,103.8288691,327.248457,173.4721932,12:24:33,243.4341253,23.11530048,30.13945396,6,STGPS  
12:24:34,3139,777,F,Rocket,242.3326134,27.67248066,4.25E-269,3.302501279,180.3620369,273.1236277,168.4648576,111.5204945,10.35093054,252.1149308,23.87959991,121.0834356,322.720325,165.2365952,12:24:34,242.3326134,23.11530048,30.13945396,6,STGPS  
12:24:35,3139,778,F,Land,241.2311015,23.46623069,4.25E-269,3.298016165,165.6389499,278.4113854,139.7909119,118.2088252,10.02775851,233.4652597,26.8677985,105.0437111,323.4895611,183.7230356,12:24:35,241.2311015,23.11530048,30.13945396,6,STGPS  
12:24:36,3139,779,F,Rocket,240.1295896,24.25459186,4.25E-269,3.300965665,175.2667007,267.2350205,144.9338027,119.523031,10.53070345,274.3177112,25.82065148,114.7533462,343.2321084,197.3105221,12:24:36,240.1295896,23.11530048,30.13945396,6,STGPS  
12:24:37,3139,780,F,Land,239.0280778,23.12343079,4.25E-269,3.301148073,184.5430569,266.9104292,155.3415844,115.6465833,10.97152629,239.2355424,25.71892141,105.1569973,349.5988411,182.5956885,12:24:37,239.0280778,23.11530048,30.13945396,6,STGPS  
12:24:38,3139,781,F,Flight,237.9265659,26.60266684,4.25E-269,3.297969591,182.5076454,305.752093,166.9071511,120.6379905,9.268797714,280.1335681,23.13483836,108.0747327,343.9740987,190.0953359,12:24:38,237.9265659,23.11530048,30.13945396,6,STGPS  
12:24:39,3139,782,F,Rocket,236.825054,24.06038377,4.25E-269,3.302022146,177.6772373,264.640057,142.2106533,132.4209148,9.950770306,235.5191069,27.14836956,107.2891266,380.0008921,179.8999167,12:24:39,236.825054,23.11530048,30.13945396,6,STGPS  
12:24:40,3139,783,F,Flight,235.7235421,23.62136858,4.25E-269,3.301611836,194.1087106,302.924369,146.7608491,112.3691259,10.5963863,245.7910928,26.56166634,106.3696748,383.625181,176.6187973,12:24:40,235.7235421,23.11530048,30.13945396,6,STGPS  
12:24:41,3139,784,F,Rocket,234.6220302,25.88301441,4.25E-269,3.302128632,170.8054769,280.9893283,161.7585787,131.1691697,10.46857025,258.8419114,25.819637,112.9299808,320.5187096,170.5739471,12:24:41,234.6220302,23.11530048,30.13945396,6,STGPS  
12:24:42,3139,785,F,Land,233.5205184,23.83140292,4.25E-269,3.299859444,176.6108146,277.6494407,154.1831953,119.044922,9.711750059,255.8583715,23.52180731,116.1768672,366.0585103,194.7808945,12:24:42,233.5205184,23.11530048,30.13945396,6,STGPS  
12:24:43,3139,786,F,Land,232.4190065,27.78638386,4.25E-269,3.301094587,194.7567061,287.7464729,154.533856,127.9942447,10.96652415,231.6376277,23.66658211,103.9025546,364.3710599,184.8602334,12:24:43,232.4190065,23.11530048,30.13945396,6,STGPS  
12:24:44,3139,787,F,Flight,231.3174946,23.41219647,4.25E-269,3.297389796,169.4257375,259.3487553,162.5205109,125.0973778,10.51478983,239.8457786,24.38751793,107.0860897,363.8288341,183.9956852,12:24:44,231.3174946,23.11530048,30.13945396,6,STGPS  
12:24:45,3139,788,F,Rocket,230.2159827,22.913289,4.25E-269,3.301051336,174.3632627,289.987798,142.654047,117.3761334,9.709802136,257.9177113,27.15339108,102.7794679,362.1279157,186.1689375,12:24:45,230.2159827,23.11530048,30.13945396,6,STGPS  
12:24:46,3139,789,F,Land,229.1144708,26.57466352,4.25E-269,3.302745896,182.2974593,300.7797667,169.3834306,111.2895163,9.729064744,233.532894,24.72100658,116.5357553,370.6428282,172.3190316,12:24:46,229.1144708,23.11530048,30.13945396,6,STGPS  
12:24:47,3139,790,F,Rocket,228.012959,22.87130189,4.25E-269,3.299452685,168.851552,276.8966165,167.1114289,134.370775,9.4413903,267.1291014,24.37340111,103.9457167,379.6330022,167.5286314,12:24:47,228.012959,23.11530048,30.13945396,6,STGPS  
12:24:48,3139,791,F,Rocket,226.9114471,26.62683953,4.25E-269,3.298988896,183.1426489,283.9704781,150.9493882,113.5280345,10.95062712,259.299895,24.97658788,100.4917631,324.9169187,173.5524538,12:24:48,226.9114471,23.11530048,30.13945396,6,STGPS  
12:24:49,3139,792,F,Flight,225.8099352,26.65848864,4.25E-269,3.302919044,178.5620774,277.4958505,145.7265231,119.2967763,9.088731007,232.4662926,22.65574323,109.5911508,368.2658254,179.3782012,12:24:49,225.8099352,23.11530048,30.13945396,6,STGPS  
12:24:50,3139,793,F,Flight,224.7084233,23.43674693,4.25E-269,3.298384266,181.4996795,297.8519428,158.631577,123.0823664,9.855800346,249.4768629,26.50261469,115.7285016,351.4857178,163.1546141,12:24:50,224.7084233,23.11530048,30.13945396,6,STGPS  
12:24:51,3139,794,F,Flight,223.6069114,26.76779984,4.25E-269,3.300719386,173.8893935,282.1712137,164.1511903,124.5334541,9.158072914,260.1954527,27.38754975,115.502123,344.871477,170.98629,12:24:51,223.6069114,23.11530048,30.13945396,6,STGPS  
12:24:52,3139,795,F,Flight,222.5053996,26.04496199,4.25E-269,3.296850797,179.0666927,280.6351715,152.4516317,112.0552902,9.504542946,266.7018828,22.67979663,115.8107481,339.8404062,172.4528253,12:24:52,222.5053996,23.11530048,30.13945396,6,STGPS  
12:24:53,3139,796,F,Flight,221.4038877,27.42790705,4.25E-269,3.300214502,162.5262489,283.8070446,157.1309969,111.6715074,10.05950968,257.8224356,25.84786949,113.741744,366.9129023,174.8903618,12:24:53,221.4038877,23.11530048,30.13945396,6,STGPS  
12:24:54,3139,797,F,Rocket,220.3023758,24.45101278,4.25E-269,3.303136218,189.9373551,299.2693713,143.7725334,124.9235584,9.744644173,280.0355159,23.25965381,107.1971121,356.7006417,193.0237131,12:24:54,220.3023758,23.11530048,30.13945396,6,STGPS  
12:24:55,3139,798,F,Flight,219.2008639,24.8447554,4.25E-269,3.301482695,186.6984867,302.5277139,157.9816154,124.8406081,10.21329144,256.87433,22.88275599,120.9947626,325.5844292,168.4270658,12:24:55,219.2008639,23.11530048,30.13945396,6,STGPS  
12:24:56,3139,799,F,Flight,218.0993521,24.65710551,4.25E-269,3.302258253,164.5499226,257.977317,152.8451949,116.5647612,10.27196624,266.891511,26.29813509,111.3199767,349.7702273,162.4520343,12:24:56,218.0993521,23.11530048,30.13945396,6,STGPS  
12:24:57,3139,800,F,Flight,216.9978402,27.78190333,4.25E-269,3.29748728,195.9071231,304.2110139,150.1163941,119.0038924,9.865344352,275.346607,24.01104973,106.7792656,343.5777296,196.6230981,12:24:57,216.9978402,23.11530048,30.13945396,6,STGPS  
12:24:58,3139,801,F,Rocket,215.8963283,22.87317542,4.25E-269,3.298855966,163.8660332,300.9563909,155.4161905,126.9328815,10.9601164,232.9058463,27.18412964,112.3326306,364.2675044,197.1583783,12:24:58,215.8963283,23.11530048,30.13945396,6,STGPS  
12:24:59,3139,802,F,Land,214.7948164,27.03171945,4.25E-269,3.299957548,197.1489022,288.0199991,162.3925315,131.2780164,10.56221137,237.9335129,24.88891048,115.8959634,356.2330124,178.4169039,12:24:59,214.7948164,23.11530048,30.13945396,6,STGPS  
12:25:00,3139,803,F,Land,213.6933045,23.56871155,4.25E-269,3.300360828,181.4155011,295.461816,153.6425755,113.6732372,9.480235621,244.6176362,25.1211019,102.3326293,342.5530885,163.8069036,12:25:00,213.6933045,23.11530048,30.13945396,6,STGPS  
12:25:01,3139,804,F,Land,212.5917927,27.1165684,4.25E-269,3.301184051,168.5721492,285.1957034,147.9312644,121.3649143,9.06439975,244.5633512,26.88442108,117.6945161,341.6617969,175.5508985,12:25:01,212.5917927,23.11530048,30.13945396,6,STGPS  
12:25:02,3139,805,F,Rocket,211.4902808,27.03126896,4.25E-269,3.299653351,165.7003423,293.4212028,147.765366,118.2059234,10.06653062,259.3656886,23.79001893,113.2510039,379.9945152,178.2432511,12:25:02,211.4902808,23.11530048,30.13945396,6,STGPS  
12:25:03,3139,806,F,Rocket,210.3887689,23.19307668,4.25E-269,3.298345228,184.5527777,272.268708,168.6953571,118.9043237,10.55789181,250.5614108,26.97382197,119.874386,340.0902848,167.1500428,12:25:03,210.3887689,23.11530048,30.13945396,6,STGPS  
12:25:04,3139,807,F,Rocket,209.287257,24.77071348,4.25E-269,3.30140416,186.4186502,258.3426474,146.2222387,121.7855887,9.910344824,264.5868813,24.59093238,115.4765365,321.7046513,191.3468582,12:25:04,209.287257,23.11530048,30.13945396,6,STGPS  
12:25:05,3139,808,F,Flight,208.1857451,23.08001079,4.25E-269,3.30184792,186.8880554,308.0229536,166.2467659,128.6663812,9.082200078,269.7355752,24.42341751,102.9800295,319.2537681,189.7273767,12:25:05,208.1857451,23.11530048,30.13945396,6,STGPS  
12:25:06,3139,809,F,Rocket,207.0842333,27.11571364,4.25E-269,3.301009341,165.5581437,277.5075764,161.4215254,122.2362208,9.45292573,259.9126148,27.31699688,112.7618038,323.2099479,162.2807269,12:25:06,207.0842333,23.11530048,30.13945396,6,STGPS  
12:25:07,3139,810,F,Flight,205.9827214,23.49435695,4.25E-269,3.300991759,178.8526218,307.4338603,151.5994218,121.3719068,10.08950786,236.4780462,25.39592739,121.6753313,379.9426876,173.5900654,12:25:07,205.9827214,23.11530048,30.13945396,6,STGPS  
12:25:08,3139,811,F,Rocket,204.8812095,26.55982661,4.25E-269,3.297308943,189.8315339,290.3820538,161.1703104,126.7240846,9.763020887,255.457174,24.34724748,109.6404192,328.8868688,182.1565983,12:25:08,204.8812095,23.11530048,30.13945396,6,STGPS  
12:25:09,3139,812,F,Rocket,203.7796976,23.16899621,4.25E-269,3.301770017,168.0369271,266.5782774,169.1210261,121.2232754,9.888904385,239.0090225,24.5322859,105.6116142,349.2648836,183.3752653,12:25:09,203.7796976,23.11530048,30.13945396,6,STGPS  
12:25:10,3139,813,F,Flight,202.6781857,22.9997064,4.25E-269,3.297104103,185.2786534,262.4971271,152.9836256,130.3273319,9.490887651,268.1054917,23.3599608,105.4578283,358.6758201,182.6475393,12:25:10,202.6781857,23.11530048,30.13945396,6,STGPS  
12:25:11,3139,814,F,Flight,201.5766739,25.22078602,4.25E-269,3.301549465,188.0956242,278.307726,153.9680101,125.2524471,10.45745101,243.6938666,26.96382741,106.8030902,353.5864159,188.0161774,12:25:11,201.5766739,23.11530048,30.13945396,6,STGPS  
12:25:12,3139,815,F,Rocket,200.475162,24.59243602,4.25E-269,3.30283849,175.7458917,293.3436139,166.0700871,127.5899766,10.75181607,262.707133,24.58798218,106.3601145,335.3900312,167.4634079,12:25:12,200.475162,23.11530048,30.13945396,6,STGPS  
12:25:13,3139,816,F,Flight,199.3736501,25.83979274,4.25E-269,3.299697628,180.6250923,289.6417653,153.9908266,114.8926897,9.319969789,267.3289351,25.89721698,116.570305,334.9388964,167.2515192,12:25:13,199.3736501,23.11530048,30.13945396,6,STGPS  
12:25:14,3139,817,F,Flight,198.2721382,25.11821493,4.25E-269,3.297191049,183.9038409,281.2826853,164.6513812,123.8052218,10.68773074,266.5546322,25.63615885,109.763561,386.9656003,167.5371651,12:25:14,198.2721382,23.11530048,30.13945396,6,STGPS  
12:25:15,3139,818,F,Land,197.1706263,23.18984268,4.25E-269,3.300147608,179.7884977,253.93264,165.0183775,134.2333436,9.992136639,266.7517478,25.55979562,101.5432794,329.0589262,164.7502917,12:25:15,197.1706263,23.11530048,30.13945396,6,STGPS  
12:25:16,3139,819,F,Rocket,196.0691145,25.77915407,4.25E-269,3.297853816,186.6812039,264.4011244,156.6592016,129.9137033,10.00672205,233.956506,25.27591791,119.2762126,343.5267566,176.8235255,12:25:16,196.0691145,23.11530048,30.13945396,6,STGPS  
12:25:17,3139,820,F,Land,194.9676026,27.72620546,4.25E-269,3.30174657,190.6791381,273.015572,164.5436384,131.279016,10.59191154,244.7657074,25.57546385,110.5050729,354.140813,174.3012423,12:25:17,194.9676026,23.11530048,30.13945396,6,STGPS  
12:25:18,3139,821,F,Rocket,193.8660907,23.19124622,4.25E-269,3.299637021,190.6121903,298.4651383,168.7093388,113.8380885,10.25636528,262.3651639,26.54730527,121.4019333,364.5369449,169.9709229,12:25:18,193.8660907,23.11530048,30.13945396,6,STGPS  
12:25:19,3139,822,F,Flight,192.7645788,25.06524049,4.25E-269,3.300788256,196.9952811,293.5546861,156.6624351,117.7577933,10.43803258,236.0081071,26.05628885,117.5171308,386.1895598,177.9922839,12:25:19,192.7645788,23.11530048,30.13945396,6,STGPS  
12:25:20,3139,823,F,Land,191.663067,24.0820324,4.25E-269,3.299440192,162.6228097,275.3213974,164.6579466,130.265376,9.215140288,275.4693926,23.20431136,101.5293739,333.8450624,196.1731744,12:25:20,191.663067,23.11530048,30.13945396,6,STGPS  
12:25:21,3139,824,F,Rocket,190.5615551,24.73607282,4.25E-269,3.301958778,185.4743167,273.6107463,155.7294912,131.4701775,9.254731707,275.4510472,23.8672126,107.1877209,353.4276378,197.4727026,12:25:21,190.5615551,23.11530048,30.13945396,6,STGPS  
12:25:22,3139,825,F,Flight,189.4600432,26.79255292,4.25E-269,3.29985867,174.0915411,263.9163826,161.6020094,114.1512956,9.307685264,252.0631571,23.80835437,107.7584055,389.0562997,169.0426794,12:25:22,189.4600432,23.11530048,30.13945396,6,STGPS  
12:25:23,3139,826,F,Rocket,188.3585313,24.93517295,4.25E-269,3.301806463,181.9668116,272.0235081,148.6681062,117.914687,9.104742208,268.3466614,26.98385959,116.4205727,343.3352998,167.7321605,12:25:23,188.3585313,23.11530048,30.13945396,6,STGPS  
12:25:24,3139,827,F,Flight,187.2570194,25.60290394,4.25E-269,3.29796552,179.6743411,300.1429392,161.411817,133.2537471,10.6609685,274.0297559,26.25380445,110.1844491,354.8245644,186.9927392,12:25:24,187.2570194,23.11530048,30.13945396,6,STGPS  
12:25:25,3139,828,F,Land,186.1555076,26.73620986,4.25E-269,3.299159876,192.8641335,274.7234245,170.3858416,125.4884908,10.5473334,255.4237732,26.19350591,115.2987246,351.6920665,185.3490493,12:25:25,186.1555076,23.11530048,30.13945396,6,STGPS  
12:25:26,3139,829,F,Flight,185.0539957,24.81701025,4.25E-269,3.296772401,184.5785015,292.5972272,169.2192475,115.4789785,10.62645426,266.3931946,23.59066336,110.723901,371.0419851,164.0371128,12:25:26,185.0539957,23.11530048,30.13945396,6,STGPS  
12:25:27,3139,830,F,Land,183.9524838,23.80349232,4.25E-269,3.3015417,177.1296976,265.9680283,139.8707039,115.9628051,10.46194901,261.6433648,25.41289436,114.8791081,356.1384311,185.658163,12:25:27,183.9524838,23.11530048,30.13945396,6,STGPS  
12:25:28,3139,831,F,Flight,182.8509719,23.44633041,4.25E-269,3.300973783,175.8551325,277.1010103,167.9626477,131.7143213,10.95774378,264.9532276,26.41540509,119.2292183,339.405951,175.9105887,12:25:28,182.8509719,23.11530048,30.13945396,6,STGPS  
12:25:29,3139,832,F,Rocket,181.74946,27.72017667,4.25E-269,3.302562307,171.5531441,279.504076,158.8036902,115.4845908,9.960543015,257.1207513,24.86019397,102.7310237,348.3580892,185.4639324,12:25:29,181.74946,23.11530048,30.13945396,6,STGPS  
12:25:30,3139,833,F,Land,180.6479482,27.15267102,4.25E-269,3.2976013,168.4320422,299.8586334,164.118632,121.6129451,10.90696452,230.7802006,27.33586405,103.588609,387.6567368,194.0300144,12:25:30,180.6479482,23.11530048,30.13945396,6,STGPS  
12:25:31,3139,834,F,Land,179.5464363,24.44333791,4.25E-269,3.299550677,188.6617111,271.3727991,154.1353054,129.2148775,10.25697763,279.7508767,25.35396524,106.3283655,337.1780623,195.9575899,12:25:31,179.5464363,23.11530048,30.13945396,6,STGPS  
12:25:32,3139,835,F,Land,178.4449244,27.14203442,4.25E-269,3.301528057,190.0075842,275.9550172,154.5680483,127.057501,9.538146752,242.785269,26.25376567,113.4957852,377.7340656,171.1279881,12:25:32,178.4449244,23.11530048,30.13945396,6,STGPS  
12:25:33,3139,836,F,Rocket,177.3434125,25.24106839,4.25E-269,3.296935976,169.351551,298.8939257,165.0305799,119.1634216,9.608886661,257.6422558,25.39231553,104.1845476,327.6686015,162.9911759,12:25:33,177.3434125,23.11530048,30.13945396,6,STGPS  
12:25:34,3139,837,F,Flight,176.2419006,24.3042431,4.25E-269,3.302292351,165.240507,295.315176,155.1852954,117.9536461,10.32878622,230.6923608,23.8613211,120.7813702,326.2016792,191.4857442,12:25:34,176.2419006,23.11530048,30.13945396,6,STGPS  
12:25:35,3139,838,F,Rocket,175.1403888,25.29282684,4.25E-269,3.299422928,170.5833959,308.2971145,164.1358276,121.3346054,9.936364823,241.8959786,24.80710184,121.5852346,340.6842625,195.3639927,12:25:35,175.1403888,23.11530048,30.13945396,6,STGPS  
12:25:36,3139,839,F,Land,174.0388769,24.1845499,4.25E-269,3.298317711,188.0899695,258.9740894,163.0682817,117.520311,10.65659015,248.9234344,24.51557837,108.0285508,380.973514,166.9774973,12:25:36,174.0388769,23.11530048,30.13945396,6,STGPS  
12:25:37,3139,840,F,Rocket,172.937365,26.10182511,4.25E-269,3.303003578,190.8227818,283.9875827,147.8300664,111.5307671,9.264523645,238.6120668,23.43583251,115.7133169,350.798509,177.1907139,12:25:37,172.937365,23.11530048,30.13945396,6,STGPS  
12:25:38,3139,841,F,Land,171.8358531,27.24631463,4.25E-269,3.300722686,196.961159,274.5891829,157.9606613,123.8659891,9.065509387,253.6962685,26.60300254,100.707502,319.4238617,187.2422814,12:25:38,171.8358531,23.11530048,30.13945396,6,STGPS  
12:25:39,3139,842,F,Rocket,170.7343413,25.1160302,4.25E-269,3.298601076,176.7977509,268.3424722,153.529756,124.6977744,9.603024633,278.7291899,24.10163256,113.6263611,345.0184585,184.070609,12:25:39,170.7343413,23.11530048,30.13945396,6,STGPS  
12:25:40,3139,843,F,Land,169.6328294,23.265906,4.25E-269,3.302097165,165.0413055,286.9637181,155.4835585,112.2176126,9.236852751,233.9437452,24.45293029,108.8007598,341.6324238,189.9519081,12:25:40,169.6328294,23.11530048,30.13945396,6,STGPS  
12:25:41,3139,844,F,Flight,168.5313175,26.91599685,4.25E-269,3.301243821,189.0884728,288.9479233,157.7098218,117.9972253,9.741862868,241.1042026,23.65658185,105.190674,334.0100308,169.7021083,12:25:41,168.5313175,23.11530048,30.13945396,6,STGPS  
12:25:42,3139,845,F,Land,167.4298056,23.0648246,4.25E-269,3.298748815,166.2919083,301.6402071,141.4176783,127.3109661,10.5988598,270.355917,25.14725282,112.8577794,326.9694076,178.8725924,12:25:42,167.4298056,23.11530048,30.13945396,6,STGPS  
12:25:43,3139,846,F,Land,166.3282937,26.75085837,4.25E-269,3.302763401,179.9937377,300.7014227,151.0695878,126.9561404,9.759251677,244.9166437,26.31496686,121.7166751,376.4066869,169.6353753,12:25:43,166.3282937,23.11530048,30.13945396,6,STGPS  
12:25:44,3139,847,F,Land,165.2267819,25.47858629,4.25E-269,3.30307567,188.2587867,293.9599776,140.1593432,133.807197,9.079959276,270.3350728,24.7465436,103.7600732,338.9583819,194.6964735,12:25:44,165.2267819,23.11530048,30.13945396,6,STGPS  
12:25:45,3139,848,F,Rocket,164.12527,24.78192259,4.25E-269,3.301001791,176.6066521,256.7177593,166.6347888,111.2949268,10.3526894,270.4278828,23.2971482,119.4561655,347.6231491,187.0279129,12:25:45,164.12527,23.11530048,30.13945396,6,STGPS  
12:25:46,3139,849,F,Rocket,163.0237581,27.7643753,4.25E-269,3.298743652,197.4599216,277.575155,149.553018,123.5588556,10.95619036,244.6474783,24.30770402,106.7210165,334.9541578,182.8359932,12:25:46,163.0237581,23.11530048,30.13945396,6,STGPS  
12:25:47,3139,850,F,Rocket,161.9222462,24.92803734,4.25E-269,3.297954241,178.9005311,289.3416369,147.1684522,115.0623211,10.98538071,237.8527434,24.50412874,118.0598746,388.2943951,180.6344535,12:25:47,161.9222462,23.11530048,30.13945396,6,STGPS  
12:25:48,3139,851,F,Land,160.8207343,24.95342503,4.25E-269,3.301835292,179.9799714,254.4155376,153.6733752,112.0857201,10.59007969,250.662669,24.3515082,109.7312622,326.8277743,191.2799735,12:25:48,160.8207343,23.11530048,30.13945396,6,STGPS  
12:25:49,3139,852,F,Flight,159.7192225,22.79273997,4.25E-269,3.299719991,174.6430949,287.9082137,170.0331824,119.7673213,9.044455613,261.9168887,27.18694681,117.8806228,384.2150133,178.6510429,12:25:49,159.7192225,23.11530048,30.13945396,6,STGPS  
12:25:50,3139,853,F,Rocket,158.6177106,27.68527968,4.25E-269,3.299188822,195.3981077,261.8956495,167.5834937,130.8056126,10.8723032,239.5477077,25.9629366,115.1900991,353.8260045,168.6298326,12:25:50,158.6177106,23.11530048,30.13945396,6,STGPS  
12:25:51,3139,854,F,Rocket,157.5161987,26.93904589,4.25E-269,3.297876022,191.8446272,277.6260891,147.6574825,131.6381163,9.687406493,232.1149666,26.42691186,122.0849798,336.2961862,163.8972203,12:25:51,157.5161987,23.11530048,30.13945396,6,STGPS  
12:25:52,3139,855,F,Rocket,156.4146868,26.94388992,4.25E-269,3.301679902,169.7038285,287.0133806,156.9211146,126.5489901,9.478006322,275.4877422,26.16836773,105.5551264,345.0745455,174.9871091,12:25:52,156.4146868,23.11530048,30.13945396,6,STGPS  
12:25:53,3139,856,F,Flight,155.3131749,25.75338632,4.25E-269,3.300197104,165.0421039,255.761014,143.2405412,112.7213307,9.094340814,258.8822073,24.24335232,113.8122711,330.6860681,174.96574,12:25:53,155.3131749,23.11530048,30.13945396,6,STGPS  
12:25:54,3139,857,F,Rocket,154.2116631,26.49138717,4.25E-269,3.296960791,196.029546,274.3268385,146.4857593,126.7820456,9.529551115,244.5820775,22.89210878,109.9564934,372.0826058,197.045004,12:25:54,154.2116631,23.11530048,30.13945396,6,STGPS  
12:25:55,3139,858,F,Rocket,153.1101512,23.10735232,4.25E-269,3.298447867,189.3086736,253.0528097,153.2016476,119.880675,9.391705585,257.9621034,23.10961885,110.4880488,326.4149456,183.6815309,12:25:55,153.1101512,23.11530048,30.13945396,6,STGPS  
12:25:56,3139,859,F,Rocket,152.0086393,26.36431973,4.25E-269,3.302139438,190.230309,306.2556198,151.115422,115.7557933,10.98020468,238.5194853,22.99334662,115.413752,341.084515,184.6202791,12:25:56,152.0086393,23.11530048,30.13945396,6,STGPS  
12:25:57,3139,860,F,Land,150.9071274,24.62633818,4.25E-269,3.302174972,194.6276102,254.5077471,161.3486679,135.1840617,9.563732507,263.1126287,27.10533937,121.9773748,349.3256879,176.9771428,12:25:57,150.9071274,23.11530048,30.13945396,6,STGPS  
12:25:58,3139,861,F,Rocket,149.8056156,23.7871967,4.25E-269,3.302549897,172.2503071,263.5047403,150.5318832,122.7993038,10.78394622,264.4051802,23.71767528,120.7774293,360.8636308,178.572429,12:25:58,149.8056156,23.11530048,30.13945396,6,STGPS  
12:25:59,3139,862,F,Rocket,148.7041037,27.5273995,4.25E-269,3.301568354,172.5776218,287.9179246,169.7530144,120.0863644,9.249340338,229.8260053,22.98232749,106.4067961,382.8381754,189.5235012,12:25:59,148.7041037,23.11530048,30.13945396,6,STGPS  
12:26:00,3139,863,F,Land,147.6025918,24.29297342,4.25E-269,3.301263687,192.7533705,299.7878546,145.9720479,118.1961397,10.66517745,273.4969856,25.91986762,113.4462536,339.2169745,174.3188591,12:26:00,147.6025918,23.11530048,30.13945396,6,STGPS  
12:26:01,3139,864,F,Rocket,146.5010799,27.73001422,4.25E-269,3.300432936,189.4515605,298.73926,142.9647788,116.5752762,10.23376071,274.6660933,24.03258963,112.6049954,337.2914429,187.9366867,12:26:01,146.5010799,23.11530048,30.13945396,6,STGPS  
12:26:02,3139,865,F,Rocket,145.399568,22.96389088,4.25E-269,3.299944068,190.9355619,287.5191359,148.9095514,125.3902034,9.58249621,242.9672042,24.31037283,118.9325336,336.7674749,164.9125545,12:26:02,145.399568,23.11530048,30.13945396,6,STGPS  
12:26:03,3139,866,F,Land,144.2980562,26.53907821,4.25E-269,3.299015986,177.171667,281.7969507,158.9873731,113.6915838,10.86999869,244.7141097,25.20816881,105.4672745,362.7387266,169.0886631,12:26:03,144.2980562,23.11530048,30.13945396,6,STGPS  
12:26:04,3139,867,F,Land,143.1965443,22.7911839,4.25E-269,3.300060755,183.0470242,258.0314403,168.2694542,115.8048037,9.431165842,230.6726276,24.39796567,117.1507757,337.0050846,194.1198923,12:26:04,143.1965443,23.11530048,30.13945396,6,STGPS  
12:26:05,3139,868,F,Flight,142.0950324,27.18244813,4.25E-269,3.298991864,163.5735409,292.2059557,144.6789001,127.1239699,9.048724617,234.9794505,27.3187665,103.0492884,367.025738,183.9686322,12:26:05,142.0950324,23.11530048,30.13945396,6,STGPS  
12:26:06,3139,869,F,Flight,140.9935205,23.76122935,4.25E-269,3.299116383,171.1214077,291.2144224,141.3280095,117.8993822,10.64775844,244.483453,26.25690928,110.0896108,366.418169,195.2284809,12:26:06,140.9935205,23.11530048,30.13945396,6,STGPS  
12:26:07,3139,870,F,Rocket,139.8920086,27.50313775,4.25E-269,3.300659367,195.7271733,304.5643244,154.70079,116.2585953,10.43816928,268.552248,22.65985763,117.987331,381.9187728,179.9027464,12:26:07,139.8920086,23.11530048,30.13945396,6,STGPS  
12:26:08,3139,871,F,Flight,138.7904968,26.25991612,4.25E-269,3.300864781,165.3652529,281.4731492,164.1131107,114.4998478,10.87714949,249.2651273,23.72563589,106.0578076,373.7331571,164.4119809,12:26:08,138.7904968,23.11530048,30.13945396,6,STGPS  
12:26:09,3139,872,F,Land,137.6889849,23.17054099,4.25E-269,3.300454253,182.4779576,277.139415,140.2582608,112.1599595,10.26653443,240.8034267,24.49907339,107.7460553,357.3772764,190.0302172,12:26:09,137.6889849,23.11530048,30.13945396,6,STGPS  
12:26:10,3139,873,F,Land,136.587473,24.35483356,4.25E-269,3.298313835,184.5608556,266.0756488,157.3841613,124.2423201,10.08280044,262.2165776,23.59606559,111.598675,337.624227,188.8256036,12:26:10,136.587473,23.11530048,30.13945396,6,STGPS  
12:26:11,3139,874,F,Land,135.4859611,24.37466884,4.25E-269,3.298609745,173.7886658,305.2632892,147.3753417,134.7515026,9.865418463,234.8740558,26.22681388,116.5228635,365.7040599,185.0869005,12:26:11,135.4859611,23.11530048,30.13945396,6,STGPS  
12:26:12,3139,875,F,Flight,134.3844492,26.3866634,4.25E-269,3.30172609,180.0375,287.0616773,157.5940744,133.2765262,10.09641792,268.4551984,25.20957452,107.0404351,369.1083548,188.1634251,12:26:12,134.3844492,23.11530048,30.13945396,6,STGPS  
12:26:13,3139,876,F,Rocket,133.2829374,26.3215326,4.25E-269,3.300790234,187.835221,308.2806166,168.7080256,124.0404694,10.96645314,243.1147221,23.23626618,116.5236738,358.2105673,178.3146227,12:26:13,133.2829374,23.11530048,30.13945396,6,STGPS  
12:26:14,3139,877,F,Rocket,132.1814255,26.57996039,4.25E-269,3.301319685,177.1973004,282.4509438,151.813506,132.7554954,10.63412183,257.0112805,23.45148844,117.2941552,384.0707307,168.991631,12:26:14,132.1814255,23.11530048,30.13945396,6,STGPS  
12:26:15,3139,878,F,Rocket,131.0799136,26.00974881,4.25E-269,3.297703519,162.3754561,291.6465429,160.099212,132.2624381,9.866567933,250.5038338,25.29969963,107.7517915,381.5331673,185.1167311,12:26:15,131.0799136,23.11530048,30.13945396,6,STGPS  
12:26:16,3139,879,F,Land,129.9784017,23.24211506,4.25E-269,3.302772861,195.5206793,275.6847438,149.130683,134.4841879,10.6309568,261.4966468,22.73655221,121.1764384,347.7157529,169.4565951,12:26:16,129.9784017,23.11530048,30.13945396,6,STGPS  
12:26:17,3139,880,F,Rocket,128.8768898,26.53676658,4.25E-269,3.302512042,196.7807865,300.8399399,141.7235445,121.6838894,9.508830776,245.0385313,24.12707277,105.6064546,369.1063848,194.9331448,12:26:17,128.8768898,23.11530048,30.13945396,6,STGPS  
12:26:18,3139,881,F,Rocket,127.775378,26.02898112,4.25E-269,3.298740647,191.8699456,288.0770461,152.5161654,116.2233868,10.2073226,235.4475388,22.85930868,101.7869482,322.2698979,189.0465053,12:26:18,127.775378,23.11530048,30.13945396,6,STGPS  
12:26:19,3139,882,F,Flight,126.6738661,27.77310212,4.25E-269,3.299741373,193.3573495,299.2557581,161.2002098,127.5357028,9.437650393,257.6464839,26.90479459,108.79456,322.660293,170.733607,12:26:19,126.6738661,23.11530048,30.13945396,6,STGPS  
12:26:20,3139,883,F,Rocket,125.5723542,24.22680978,4.25E-269,3.298927504,189.0495392,277.4012849,153.9913882,114.162004,10.25052687,252.1793501,23.82910756,115.1349197,385.5108839,197.3480732,12:26:20,125.5723542,23.11530048,30.13945396,6,STGPS  
12:26:21,3139,884,F,Land,124.4708423,23.40073672,4.25E-269,3.298338989,162.0015822,262.5916484,153.3670982,117.8648611,10.9343027,235.9752865,22.94102215,121.7979032,356.6685083,178.744061,12:26:21,124.4708423,23.11530048,30.13945396,6,STGPS  
12:26:22,3139,885,F,Flight,123.3693305,25.79361238,4.25E-269,3.299990137,180.270872,257.5993851,164.781297,127.5190346,10.70676546,238.1944763,23.70784035,118.4816523,363.1818568,191.5584469,12:26:22,123.3693305,23.11530048,30.13945396,6,STGPS  
12:26:23,3139,886,F,Flight,122.2678186,27.01429722,4.25E-269,3.299403424,189.6051739,297.8923264,147.9767766,112.9300075,9.994226789,271.335026,23.27440831,104.1802467,371.9467586,163.6957061,12:26:23,122.2678186,23.11530048,30.13945396,6,STGPS  
12:26:24,3139,887,F,Rocket,121.1663067,24.35864702,4.25E-269,3.300606134,181.9428884,275.0433657,166.7442591,135.0706773,10.38792602,266.7088608,25.48439655,119.5616329,381.528394,185.6439511,12:26:24,121.1663067,23.11530048,30.13945396,6,STGPS  
12:26:25,3139,888,F,Flight,120.0647948,24.07319162,4.25E-269,3.302344657,184.0714075,285.3306428,140.7450646,128.100851,9.627145129,233.8125955,23.57034717,118.0159027,344.0821479,175.1628467,12:26:25,120.0647948,23.11530048,30.13945396,6,STGPS  
12:26:26,3139,889,F,Rocket,118.9632829,26.58190137,4.25E-269,3.297938673,189.6976946,283.2919845,145.8712725,117.3982427,10.85451665,270.5900003,22.89953592,115.8744745,350.5192104,179.3276226,12:26:26,118.9632829,23.11530048,30.13945396,6,STGPS  
12:26:27,3139,890,F,Rocket,117.8617711,24.31797468,4.25E-269,3.302420502,191.4310514,264.5764037,153.6272937,114.3161727,10.74816507,259.1698933,24.59929364,118.6410357,333.6520782,197.8793058,12:26:27,117.8617711,23.11530048,30.13945396,6,STGPS  
12:26:28,3139,891,F,Land,116.7602592,27.60117522,4.25E-269,3.296917251,192.2620923,256.0138937,157.7755471,123.7177715,10.58619471,245.647228,26.03358517,113.2216945,368.0026165,167.0854851,12:26:28,116.7602592,23.11530048,30.13945396,6,STGPS  
12:26:29,3139,892,F,Land,115.6587473,24.78203217,4.25E-269,3.300288512,169.9144505,297.765012,140.1309508,135.1147971,10.14793608,264.1218673,23.9752017,111.1227033,350.1702607,167.95281,12:26:29,115.6587473,23.11530048,30.13945396,6,STGPS  
12:26:30,3139,893,F,Flight,114.5572354,25.30484453,4.25E-269,3.301050651,164.4963583,263.0056917,146.0824235,116.5207276,10.44437658,253.165242,27.46391536,100.7770385,336.5075047,197.72006,12:26:30,114.5572354,23.11530048,30.13945396,6,STGPS  
12:26:31,3139,894,F,Flight,113.4557235,25.29580479,4.25E-269,3.29705227,189.1765251,289.4316307,169.4415662,128.2508881,10.12228009,266.7105909,25.92819234,117.9151919,336.8886658,193.7818549,12:26:31,113.4557235,23.11530048,30.13945396,6,STGPS  
12:26:32,3139,895,F,Rocket,112.3542117,26.68283066,4.25E-269,3.297915567,179.6612221,289.5934878,170.2012837,115.5591278,10.6687237,260.4885907,24.84195583,112.7609861,372.2611059,197.2017816,12:26:32,112.3542117,23.11530048,30.13945396,6,STGPS  
12:26:33,3139,896,F,Flight,111.2526998,27.63179551,4.25E-269,3.302580468,190.5890421,285.2987611,167.2631278,111.8073767,10.61308708,278.6403807,27.40845902,112.1015223,349.9714847,181.8311695,12:26:33,111.2526998,23.11530048,30.13945396,6,STGPS  
12:26:34,3139,897,F,Flight,110.1511879,24.80245957,4.25E-269,3.303182999,182.233836,302.8591658,141.6194162,111.6208007,9.113337517,265.2087635,24.02698272,119.3490806,362.6289048,164.698074,12:26:34,110.1511879,23.11530048,30.13945396,6,STGPS  
12:26:35,3139,898,F,Rocket,109.049676,23.50541562,4.25E-269,3.301783664,163.7324069,285.8576981,164.5804718,122.4348528,9.072173537,253.3678822,22.55383849,113.4385235,328.4028508,171.3812533,12:26:35,109.049676,23.11530048,30.13945396,6,STGPS  
12:26:36,3139,899,F,Rocket,107.9481641,25.16895584,4.25E-269,3.301309936,187.8880176,271.6711275,169.5827236,126.9402536,9.816863044,273.6747205,26.67012489,115.6057316,369.559576,186.1077199,12:26:36,107.9481641,23.11530048,30.13945396,6,STGPS  
12:26:37,3139,900,F,Flight,106.8466523,22.93194445,4.25E-269,3.302700183,172.6253663,291.5479304,148.1548424,111.8877414,10.33644033,235.1762296,23.14342669,113.0080493,331.0057382,182.500963,12:26:37,106.8466523,23.11530048,30.13945396,6,STGPS  
12:26:38,3139,901,F,Rocket,105.7451404,23.09479813,4.25E-269,3.300880725,185.7507613,274.2758163,161.8384451,116.4234119,10.43277059,252.8258951,23.52012998,121.5781069,346.5280653,179.8233315,12:26:38,105.7451404,23.11530048,30.13945396,6,STGPS  
12:26:39,3139,902,F,Flight,104.6436285,27.44773938,4.25E-269,3.302848235,179.9860327,271.6229165,160.4490044,133.3656576,10.79857283,264.3469923,24.44413071,119.9734825,375.2293473,189.6478431,12:26:39,104.6436285,23.11530048,30.13945396,6,STGPS  
12:26:40,3139,903,F,Land,103.5421166,24.70940416,4.25E-269,3.3003166,169.6532483,257.7836858,168.4356592,116.7058791,10.72668464,268.3471711,26.67465293,101.3793056,354.3553132,192.3778229,12:26:40,103.5421166,23.11530048,30.13945396,6,STGPS  
12:26:41,3139,904,F,Rocket,102.4406048,26.55326066,4.25E-269,3.299679366,180.0277078,268.4534768,169.0444306,119.4318768,9.757458908,233.9512612,24.54561605,106.4012222,347.3780862,162.1953169,12:26:41,102.4406048,23.11530048,30.13945396,6,STGPS  
12:26:42,3139,905,F,Land,101.3390929,24.83577416,4.25E-269,3.301429058,187.3946408,306.225304,165.0995645,134.6568252,9.665127665,245.2927779,25.29280377,118.6467966,378.2404362,183.7035509,12:26:42,101.3390929,23.11530048,30.13945396,6,STGPS  
12:26:43,3139,906,F,Rocket,100.237581,27.29557487,4.25E-269,3.300818246,178.654612,287.5269601,146.6620216,117.7526899,9.806240198,247.0294818,26.83731173,108.8762007,318.8130784,192.3733419,12:26:43,100.237581,23.11530048,30.13945396,6,STGPS  
12:26:44,3139,907,F,Flight,99.13606911,27.79791693,4.25E-269,3.29918165,187.313104,282.1844861,162.1065323,127.1177791,10.31133208,248.57542,25.13963908,117.1636585,351.4705896,186.1789255,12:26:44,99.13606911,23.11530048,30.13945396,6,STGPS  
12:26:45,3139,908,F,Rocket,98.03455724,25.33385876,4.25E-269,3.299044115,174.8870072,277.4019906,168.523018,134.2307746,9.010671109,229.5263886,25.53926528,102.6340421,344.2342871,196.8040351,12:26:45,98.03455724,23.11530048,30.13945396,6,STGPS  
12:26:46,3139,909,F,Flight,96.93304536,25.19712786,4.25E-269,3.303294078,194.473413,301.9276359,149.3668529,123.5730904,10.63815958,271.6366875,26.67607203,105.2839391,344.6499265,191.7448834,12:26:46,96.93304536,23.11530048,30.13945396,6,STGPS  
12:26:47,3139,910,F,Land,95.83153348,23.50538084,4.25E-269,3.300196526,176.3370307,275.1858588,139.8620724,123.4852215,10.87489481,232.6964156,24.50202577,102.9552305,336.1614226,167.5851581,12:26:47,95.83153348,23.11530048,30.13945396,6,STGPS  
12:26:48,3139,911,F,Rocket,94.7300216,24.95264973,4.25E-269,3.30035091,168.3344223,253.2284364,159.2071969,113.3791501,9.807062513,234.4547008,23.88559088,115.4362286,387.2225307,179.1557155,12:26:48,94.7300216,23.11530048,30.13945396,6,STGPS  
12:26:49,3139,912,F,Rocket,93.62850972,25.82334569,4.25E-269,3.301972098,195.8450075,306.5065551,142.1855166,134.2728509,9.466466432,240.710857,23.39653211,110.4511855,356.9156975,192.5623714,12:26:49,93.62850972,23.11530048,30.13945396,6,STGPS  
12:26:50,3139,913,F,Rocket,92.52699784,23.14272839,4.25E-269,3.301486252,195.6835721,259.6351361,164.3598951,114.3118137,10.92065208,278.8015084,22.69212392,119.9207478,329.3874879,183.4612669,12:26:50,92.52699784,23.11530048,30.13945396,6,STGPS  
12:26:51,3139,914,F,Flight,91.42548596,25.78143612,4.25E-269,3.300670532,192.425818,270.8121165,153.6410707,121.0437383,9.844380557,252.3925192,27.0899363,104.7855021,349.6706789,177.377091,12:26:51,91.42548596,23.11530048,30.13945396,6,STGPS  
12:26:52,3139,915,F,Land,90.32397408,23.89308691,4.25E-269,3.297923933,194.6385543,282.8419079,168.7434999,129.8087214,9.412842343,278.6397441,26.22339539,100.7994145,350.6192004,177.2342927,12:26:52,90.32397408,23.11530048,30.13945396,6,STGPS  
12:26:53,3139,916,F,Flight,89.2224622,25.38202489,4.25E-269,3.30308034,166.8463353,277.0803747,147.4592532,115.605262,9.768155252,272.0092151,27.35612952,100.2262637,349.0714929,166.5340641,12:26:53,89.2224622,23.11530048,30.13945396,6,STGPS  
12:26:54,3139,917,F,Flight,88.12095032,26.06861865,4.25E-269,3.303020726,165.4624383,254.9575881,140.2726572,120.3682143,9.658419334,230.0630242,25.30533588,104.7008518,371.0524456,194.0093576,12:26:54,88.12095032,23.11530048,30.13945396,6,STGPS  
12:26:55,3139,918,F,Rocket,87.01943844,23.56888601,4.25E-269,3.298900648,175.7501616,294.8024173,151.9334091,129.5708511,10.06552074,245.8600388,24.00051,103.550598,320.3032786,194.2965929,12:26:55,87.01943844,23.11530048,30.13945396,6,STGPS  
12:26:56,3139,919,F,Flight,85.91792657,26.74512203,4.25E-269,3.302840231,177.0025369,281.5414968,158.9301502,120.2950693,9.704240339,232.1941759,23.57771881,102.6806388,377.0082124,182.9614779,12:26:56,85.91792657,23.11530048,30.13945396,6,STGPS  
12:26:57,3139,920,F,Flight,84.81641469,23.62561223,4.25E-269,3.303211449,181.2829016,262.599963,152.1050841,126.3897421,10.32231553,236.5484199,24.86254504,120.890269,373.5171676,182.3100191,12:26:57,84.81641469,23.11530048,30.13945396,6,STGPS  
12:26:58,3139,921,F,Rocket,83.71490281,23.89566406,4.25E-269,3.302754956,181.5939897,255.0742344,139.7484451,121.5707719,9.632215634,280.1355213,24.29698433,102.5249,372.724115,186.5647416,12:26:58,83.71490281,23.11530048,30.13945396,6,STGPS  
12:26:59,3139,922,F,Rocket,82.61339093,26.81487822,4.25E-269,3.297627776,191.9655369,253.6166536,146.1290365,129.7612422,9.367376323,230.2889542,24.13081224,118.9146909,327.1627448,196.3660265,12:26:59,82.61339093,23.11530048,30.13945396,6,STGPS  
12:27:00,3139,923,F,Land,81.51187905,26.66683934,4.25E-269,3.297377254,197.4111739,261.0423236,164.1492736,114.2941666,9.006263669,253.3288268,24.91652688,100.9021373,360.2795173,177.263427,12:27:00,81.51187905,23.11530048,30.13945396,6,STGPS  
12:27:01,3139,924,F,Rocket,80.41036717,25.20672196,4.25E-269,3.30082649,197.5009175,280.9855392,168.6272899,114.8178831,10.05638347,269.2425628,25.7473598,99.9377782,375.7919886,176.2144112,12:27:01,80.41036717,23.11530048,30.13945396,6,STGPS  
12:27:02,3139,925,F,Flight,79.30885529,25.46183836,4.25E-269,3.302377523,193.9910607,270.2779741,144.9120061,122.6355189,9.34694792,265.8536633,26.75759888,100.6656242,339.377069,171.4524748,12:27:02,79.30885529,23.11530048,30.13945396,6,STGPS  
12:27:03,3139,926,F,Flight,78.20734341,25.62055262,4.25E-269,3.30177813,197.8511433,281.9585075,149.4350425,134.7667611,10.51562443,259.2673783,26.87055522,103.4108761,380.3513043,194.1383307,12:27:03,78.20734341,23.11530048,30.13945396,6,STGPS  
12:27:04,3139,927,F,Land,77.10583153,23.36280514,4.25E-269,3.299191805,188.2361168,285.7401319,159.0769816,131.7544426,10.34474838,280.4141815,23.70546397,101.6890377,330.224632,192.7929956,12:27:04,77.10583153,23.11530048,30.13945396,6,STGPS  
12:27:05,3139,928,F,Land,76.00431965,23.13136359,4.25E-269,3.298871345,184.1334935,258.3661349,168.5382464,128.9180584,10.23684484,278.2956661,26.81416097,114.8538487,383.5072072,166.0650657,12:27:05,76.00431965,23.11530048,30.13945396,6,STGPS  
12:27:06,3139,929,F,Flight,74.90280778,24.60921015,4.25E-269,3.296923576,166.5239936,291.9465909,139.5584562,125.7377109,10.74341005,236.067948,25.85257721,110.12071,358.9138239,175.8745637,12:27:06,74.90280778,23.11530048,30.13945396,6,STGPS  
12:27:07,3139,930,F,Rocket,73.8012959,25.82218827,4.25E-269,3.296774458,197.8864143,303.9987973,162.4880654,127.5442504,10.17642244,263.5592261,27.31380598,114.2634485,320.9040029,180.7653046,12:27:07,73.8012959,23.11530048,30.13945396,6,STGPS  
12:27:08,3139,931,F,Land,72.69978402,25.82188052,4.25E-269,3.302160476,177.6499389,300.8107808,156.958953,118.3176283,9.98965022,247.5311521,23.93222049,115.9565153,377.8719972,179.9972219,12:27:08,72.69978402,23.11530048,30.13945396,6,STGPS  
12:27:09,3139,932,F,Flight,71.59827214,24.68274429,4.25E-269,3.298872422,196.2315904,280.857869,139.5204014,112.363802,9.36270026,231.2712422,23.07569285,117.926081,357.8152627,185.4322339,12:27:09,71.59827214,23.11530048,30.13945396,6,STGPS  
12:27:10,3139,933,F,Flight,70.49676026,23.78142403,4.25E-269,3.300866463,181.166893,297.5520617,142.4539175,119.3544959,9.160340766,252.685196,23.80201423,107.2261532,351.7967256,189.644281,12:27:10,70.49676026,23.11530048,30.13945396,6,STGPS  
12:27:11,3139,934,F,Land,69.39524838,25.42119767,4.25E-269,3.297332173,192.5428351,278.8213066,157.3300939,123.8868819,10.98327518,239.3000859,24.65292394,108.4709321,329.2899076,171.9941104,12:27:11,69.39524838,23.11530048,30.13945396,6,STGPS  
12:27:12,3139,935,F,Rocket,68.2937365,23.99937691,4.25E-269,3.296823432,195.6914062,254.5096896,170.1805915,126.5790704,10.99889172,255.8917711,26.98607517,101.6120834,325.3986452,180.5441682,12:27:12,68.2937365,23.11530048,30.13945396,6,STGPS  
12:27:13,3139,936,F,Flight,67.19222462,25.91086855,4.25E-269,3.300743797,171.2518647,269.1855391,153.7900146,127.9513879,9.205353685,276.9592774,24.20346221,116.0088969,381.7033707,183.823083,12:27:13,67.19222462,23.11530048,30.13945396,6,STGPS  
12:27:14,3139,937,F,Rocket,66.09071274,25.07988883,4.25E-269,3.302415825,165.746847,284.7660778,144.4513099,113.0740346,9.456825436,271.5373751,26.01626705,100.3914774,373.0343404,197.6698922,12:27:14,66.09071274,23.11530048,30.13945396,6,STGPS  
12:27:15,3139,938,F,Flight,64.98920086,26.10733063,4.25E-269,3.302193374,175.633052,301.5210246,162.213543,128.292641,10.38831958,278.9921087,27.01161628,104.4788227,348.0222232,181.3737337,12:27:15,64.98920086,23.11530048,30.13945396,6,STGPS  
12:27:16,3139,939,F,Flight,63.88768898,25.6318597,4.25E-269,3.299139876,180.9985035,292.9445259,143.1842641,129.5637945,10.16118142,270.0824285,23.79240532,101.8717063,341.5902454,184.2800172,12:27:16,63.88768898,23.11530048,30.13945396,6,STGPS  
12:27:17,3139,940,F,Land,62.78617711,24.76061218,4.25E-269,3.296770053,173.6108768,292.9565092,168.671667,124.2745984,10.85056083,273.7980089,23.50982445,110.4030812,346.849556,197.1435969,12:27:17,62.78617711,23.11530048,30.13945396,6,STGPS  
12:27:18,3139,941,F,Land,61.68466523,26.326669,4.25E-269,3.29757851,188.244334,258.846093,150.7690466,114.470839,9.347917867,266.6058603,26.19034358,104.8400524,339.6081027,190.8116482,12:27:18,61.68466523,23.11530048,30.13945396,6,STGPS  
12:27:19,3139,942,F,Land,60.58315335,26.333758,4.25E-269,3.300025457,191.9200304,285.2619656,163.0063496,110.701915,10.29942871,236.116211,26.57994157,116.9219062,321.6481483,178.0338829,12:27:19,60.58315335,23.11530048,30.13945396,6,STGPS  
12:27:20,3139,943,F,Rocket,59.48164147,26.61885006,4.25E-269,3.299784823,190.4608574,252.9205111,145.602209,128.853097,9.668900504,245.2763592,23.38580072,102.4551403,319.0001381,183.9298934,12:27:20,59.48164147,23.11530048,30.13945396,6,STGPS  
12:27:21,3139,944,F,Land,58.38012959,23.31813242,4.25E-269,3.300657887,187.7204652,275.6612769,152.462925,134.582846,9.064036497,231.3540706,24.57007638,104.8084087,325.0901907,197.2545872,12:27:21,58.38012959,23.11530048,30.13945396,6,STGPS  
12:27:22,3139,945,F,Flight,57.27861771,25.26251268,4.25E-269,3.30007539,170.7417211,277.4097578,154.9656676,120.9176812,10.01929707,262.3846527,24.96105498,112.5143259,372.9400688,184.8260997,12:27:22,57.27861771,23.11530048,30.13945396,6,STGPS  
12:27:23,3139,946,F,Land,56.17710583,26.91965556,4.25E-269,3.300326631,197.5848279,298.3594234,162.5787912,119.4505534,9.072461261,245.8653992,22.87796705,104.3356798,327.8780651,171.5771876,12:27:23,56.17710583,23.11530048,30.13945396,6,STGPS  
12:27:24,3139,947,F,Land,55.07559395,25.42748905,4.25E-269,3.300788447,166.202098,301.0719021,150.848705,128.7048536,10.46026408,243.6966227,22.56501406,100.6921081,361.3782628,196.2144159,12:27:24,55.07559395,23.11530048,30.13945396,6,STGPS  
12:27:25,3139,948,F,Rocket,53.97408207,26.66300033,4.25E-269,3.299275705,190.4101083,274.5630975,156.2028763,126.9645571,9.149725514,264.5559616,26.17966565,101.1492168,319.0683712,171.3882858,12:27:25,53.97408207,23.11530048,30.13945396,6,STGPS  
12:27:26,3139,949,F,Flight,52.87257019,23.11579448,4.25E-269,3.302897229,171.599939,282.4144937,149.2181764,124.7557402,9.988852335,247.4690769,22.75759376,117.1544654,340.3669858,181.1484349,12:27:26,52.87257019,23.11530048,30.13945396,6,STGPS  
12:27:27,3139,950,F,Flight,51.77105832,24.55806252,4.25E-269,3.300105874,164.2315063,285.6401665,145.7484671,115.4129398,9.766277696,238.1016758,25.00222584,117.2785067,340.5059823,183.7305573,12:27:27,51.77105832,23.11530048,30.13945396,6,STGPS  
12:27:28,3139,951,F,Rocket,50.66954644,22.90422922,4.25E-269,3.29959891,181.4973883,267.3218065,147.6845567,118.8057793,10.72662183,259.3650559,27.07195402,112.6948871,359.0711118,180.0057012,12:27:28,50.66954644,23.11530048,30.13945396,6,STGPS  
12:27:29,3139,952,F,Land,49.56803456,24.25768223,4.25E-269,3.301206032,163.5863831,267.7449149,168.6217477,122.0417846,10.14005283,265.2869813,26.03242254,106.313926,376.8231306,170.0224316,12:27:29,49.56803456,23.11530048,30.13945396,6,STGPS  
12:27:30,3139,953,F,Flight,48.46652268,25.69761071,4.25E-269,3.298570453,162.9445379,278.6754929,150.6760223,128.5466184,9.256842906,242.7504885,27.31805106,107.0607644,387.6252549,190.1791471,12:27:30,48.46652268,23.11530048,30.13945396,6,STGPS  
12:27:31,3139,954,F,Land,47.3650108,23.14518514,4.25E-269,3.29789182,172.5789381,269.527277,160.4888631,127.9781376,9.262727948,274.9568253,26.96756645,103.3884423,353.3401931,162.7184698,12:27:31,47.3650108,23.11530048,30.13945396,6,STGPS  
12:27:32,3139,955,F,Flight,46.26349892,27.81730978,4.25E-269,3.301375577,171.7203763,258.9222934,143.3876017,111.8745246,9.418470998,262.6382194,25.30661476,104.4711863,385.6679816,179.2600513,12:27:32,46.26349892,23.11530048,30.13945396,6,STGPS  
12:27:33,3139,956,F,Rocket,45.16198704,23.11465226,4.25E-269,3.301193517,189.0831028,299.8694496,164.2194095,116.2454411,10.45350397,237.0105262,25.66027612,108.3473707,344.4652194,173.366169,12:27:33,45.16198704,23.11530048,30.13945396,6,STGPS  
12:27:34,3139,957,F,Land,44.06047516,26.40718637,4.25E-269,3.299105719,168.9807233,261.4468611,141.9451922,122.8915216,9.577300878,252.5183414,22.67603359,106.8664437,328.260561,193.9138536,12:27:34,44.06047516,23.11530048,30.13945396,6,STGPS  
12:27:35,3139,958,F,Land,42.95896328,25.3947631,4.25E-269,3.296957651,196.2112342,266.2383583,144.851297,129.8309159,9.605885808,231.5030255,22.80873859,113.1992653,345.4331029,195.0212229,12:27:35,42.95896328,23.11530048,30.13945396,6,STGPS  
12:27:36,3139,959,F,Flight,41.8574514,24.11644239,4.25E-269,3.302785223,181.0101227,271.064268,154.2415601,117.8442136,9.974014717,252.3197776,24.09820957,101.0912241,368.7571698,195.3585861,12:27:36,41.8574514,23.11530048,30.13945396,6,STGPS  
12:27:37,3139,960,F,Rocket,40.75593952,23.03814272,4.25E-269,3.30206641,179.3644172,281.6734508,164.02143,120.1319996,10.26302564,280.1253623,24.92400756,100.0276898,355.6032316,193.8644449,12:27:37,40.75593952,23.11530048,30.13945396,6,STGPS  
12:27:38,3139,961,F,Rocket,39.65442765,24.55200172,4.25E-269,3.300560413,172.6239451,256.6041279,146.6629473,135.2662139,10.04253194,236.6777725,22.59504841,121.372508,321.5605809,189.6103712,12:27:38,39.65442765,23.11530048,30.13945396,6,STGPS  
12:27:39,3139,962,F,Land,38.55291577,27.69526831,4.25E-269,3.301902867,181.6957427,260.5119081,166.4963854,130.3214929,9.186367276,279.3645949,23.87168318,109.1100232,362.7763453,187.374356,12:27:39,38.55291577,23.11530048,30.13945396,6,STGPS  
12:27:40,3139,963,F,Land,37.45140389,25.50372615,4.25E-269,3.299533203,188.0016974,297.5491158,169.3662407,129.8261986,9.175252805,264.9836391,26.70762419,115.8536001,375.2127482,197.3074486,12:27:40,37.45140389,23.11530048,30.13945396,6,STGPS  
12:27:41,3139,964,F,Flight,36.34989201,27.4168313,4.25E-269,3.298712005,194.1546843,305.1656164,142.6381203,130.3029833,10.53734736,277.3835785,22.75473924,100.7682215,326.7735334,177.8970889,12:27:41,36.34989201,23.11530048,30.13945396,6,STGPS  
12:27:42,3139,965,F,Rocket,35.24838013,22.78628091,4.25E-269,3.296719433,190.032941,255.2507838,147.5809851,123.960162,10.40421511,279.2194017,26.87303631,108.3288651,373.9018996,174.2640754,12:27:42,35.24838013,23.11530048,30.13945396,6,STGPS  
12:27:43,3139,966,F,Rocket,34.14686825,23.92873866,4.25E-269,3.298421953,172.0529382,307.8815329,153.238554,121.6216926,9.963602223,267.4316733,22.68233884,111.0965822,363.8690529,176.1045898,12:27:43,34.14686825,23.11530048,30.13945396,6,STGPS  
12:27:44,3139,967,F,Rocket,33.04535637,25.4465614,4.25E-269,3.298642146,172.8626198,300.1339641,166.6279511,129.167208,9.963270077,245.763394,23.41276091,119.6412193,383.2620351,167.0833556,12:27:44,33.04535637,23.11530048,30.13945396,6,STGPS  
12:27:45,3139,968,F,Land,31.94384449,26.2546521,4.25E-269,3.299546703,182.0066615,292.5276062,163.4786768,117.9192431,10.92971556,248.1755533,25.58763308,105.7860307,375.9296778,168.2855084,12:27:45,31.94384449,23.11530048,30.13945396,6,STGPS  
12:27:46,3139,969,F,Rocket,30.84233261,24.63934866,4.25E-269,3.300144941,197.891946,273.5606799,165.629666,126.1091462,10.02955527,238.0104142,23.95967287,103.9376193,359.7544936,190.3563244,12:27:46,30.84233261,23.11530048,30.13945396,6,STGPS  
12:27:47,3139,970,F,Flight,29.74082073,24.85085257,4.25E-269,3.301647418,189.1238657,256.0538722,160.1776397,126.6446021,10.95673818,262.8658388,25.22904698,111.5208133,330.9048574,183.9509124,12:27:47,29.74082073,23.11530048,30.13945396,6,STGPS  
12:27:48,3139,971,F,Flight,28.63930886,27.65201222,4.25E-269,3.30039539,182.4622194,300.5372488,141.3251667,128.1210933,9.577757506,270.5717156,26.42225422,115.9484954,352.1610205,177.376863,12:27:48,28.63930886,23.11530048,30.13945396,6,STGPS  
12:27:49,3139,972,F,Land,27.53779698,22.90704505,4.25E-269,3.301007497,190.6688035,275.8302537,143.5497554,129.1129676,10.13093127,269.428051,26.6782998,114.4773219,365.2389546,191.5503858,12:27:49,27.53779698,23.11530048,30.13945396,6,STGPS  
12:27:50,3139,973,F,Flight,26.4362851,23.70346944,4.25E-269,3.298922141,170.3776612,266.2044217,163.7379288,130.2058102,10.07031124,250.9864908,27.12984781,114.1880101,323.5960228,170.9730842,12:27:50,26.4362851,23.11530048,30.13945396,6,STGPS  
12:27:51,3139,974,F,Land,25.33477322,24.86035671,4.25E-269,3.302049097,178.7391215,289.3646898,154.7104894,132.0932573,9.687620068,265.6706163,25.341089,103.2602387,362.0785538,191.2293815,12:27:51,25.33477322,23.11530048,30.13945396,6,STGPS  
12:27:52,3139,975,F,Flight,24.23326134,25.71838922,4.25E-269,3.302870946,174.8778711,260.3832035,147.5416348,124.8951375,10.347403,265.7435665,26.54878426,119.3696168,330.453552,195.7358981,12:27:52,24.23326134,23.11530048,30.13945396,6,STGPS  
12:27:53,3139,976,F,Land,23.13174946,26.64561472,4.25E-269,3.299301771,182.0809965,258.5381449,147.8416246,129.6263508,9.630672623,266.7141447,22.54727249,104.2623246,321.6563114,167.9405797,12:27:53,23.13174946,23.11530048,30.13945396,6,STGPS  
12:27:54,3139,977,F,Rocket,22.03023758,24.49578837,4.25E-269,3.298644277,162.5291989,264.7700273,141.0072619,131.2400736,9.348726728,247.9486918,27.46809647,120.3131316,337.9889207,181.4300196,12:27:54,22.03023758,23.11530048,30.13945396,6,STGPS  
12:27:55,3139,978,F,Flight,20.9287257,27.30092602,4.25E-269,3.301383843,169.1483682,253.5201671,160.9663863,126.6337155,9.948293943,267.7489398,23.13937925,104.9571729,383.96648,178.9590226,12:27:55,20.9287257,23.11530048,30.13945396,6,STGPS  
12:27:56,3139,979,F,Rocket,19.82721382,26.42102274,4.25E-269,3.30064806,163.2930109,291.4462682,167.4740298,111.1981359,9.234041855,278.6583781,24.86411993,120.5270549,361.0700399,169.2613034,12:27:56,19.82721382,23.11530048,30.13945396,6,STGPS  
12:27:57,3139,980,F,Flight,18.72570194,27.53210945,4.25E-269,3.302776197,176.7298339,261.030275,164.5065544,133.2673997,9.433483453,231.6245833,22.5258809,116.7039206,384.771074,175.3174593,12:27:57,18.72570194,23.11530048,30.13945396,6,STGPS  
12:27:58,3139,981,F,Rocket,17.62419006,23.93044016,4.25E-269,3.296744203,174.5414072,273.7930348,150.3508038,119.9450717,9.379874764,247.4848757,24.79455775,113.3620997,319.6959672,183.4278996,12:27:58,17.62419006,23.11530048,30.13945396,6,STGPS  
12:27:59,3139,982,F,Rocket,16.52267819,25.18035283,4.25E-269,3.302230788,191.2907812,261.1769268,167.6233664,113.3057189,10.71122385,245.6597806,23.77134452,117.3760899,379.3249649,190.6726567,12:27:59,16.52267819,23.11530048,30.13945396,6,STGPS  
12:28:00,3139,983,F,Land,15.42116631,25.7191042,4.25E-269,3.297356371,183.7156182,292.6039175,149.485495,110.8287992,10.96429786,267.5248101,26.78376906,110.6225686,337.2996471,178.0541309,12:28:00,15.42116631,23.11530048,30.13945396,6,STGPS  
12:28:01,3139,984,F,Land,14.31965443,26.1978438,4.25E-269,3.297952171,172.5307919,260.6219792,154.6939307,118.7211585,10.6427948,239.5615255,23.97397687,106.7164386,369.5853043,163.5186205,12:28:01,14.31965443,23.11530048,30.13945396,6,STGPS  
12:28:02,3139,985,F,Flight,13.21814255,24.2628709,4.25E-269,3.302182185,173.424052,282.4957005,157.147348,112.8755762,9.422220332,265.9594945,26.73244359,105.102823,343.6007821,184.2496494,12:28:02,13.21814255,23.11530048,30.13945396,6,STGPS  
12:28:03,3139,986,F,Rocket,12.11663067,23.72782819,4.25E-269,3.30308338,164.8320031,272.4006776,160.123385,117.8476584,9.614723377,269.7983695,23.64357648,119.6303228,361.9541228,179.3741549,12:28:03,12.11663067,23.11530048,30.13945396,6,STGPS  
12:28:04,3139,987,F,Rocket,11.01511879,23.78601058,4.25E-269,3.301884389,166.4799985,290.8250636,150.5522787,129.7285865,10.50621171,258.9923414,25.74736317,117.6382888,335.2517362,192.8490552,12:28:04,11.01511879,23.11530048,30.13945396,6,STGPS  
12:28:05,3139,988,F,Rocket,9.913606911,24.93706234,4.25E-269,3.29857811,194.5786161,270.0343946,153.1343492,113.5282788,10.92468672,270.9872615,23.51634157,106.9756506,380.7555117,192.3249128,12:28:05,9.913606911,23.11530048,30.13945396,6,STGPS  
12:28:06,3139,989,F,Flight,8.812095032,26.70605088,4.25E-269,3.302485125,179.7106723,264.9269702,168.7695029,128.7336029,10.12500202,234.074583,27.08673965,105.755247,378.552676,166.2545196,12:28:06,8.812095032,23.11530048,30.13945396,6,STGPS  
12:28:07,3139,990,F,Rocket,7.710583153,25.79638188,4.25E-269,3.300142719,176.9178468,308.8885523,145.1113286,120.3986014,10.86273419,236.871258,24.84024461,103.3828129,363.4395328,162.478651,12:28:07,7.710583153,23.11530048,30.13945396,6,STGPS  
12:28:08,3139,991,F,Land,6.609071274,27.03216811,4.25E-269,3.298705559,171.3833914,253.2480691,149.4890115,117.4454773,9.132881803,267.3127354,23.12523067,114.8124153,335.1178174,172.9039533,12:28:08,6.609071274,23.11530048,30.13945396,6,STGPS  
12:28:09,3139,992,F,Land,5.507559395,22.88973101,4.25E-269,3.30257702,163.5379813,286.285913,144.9074075,113.2424383,10.36169693,244.850517,27.14148992,115.7468845,383.045962,176.5306534,12:28:09,5.507559395,23.11530048,30.13945396,6,STGPS  
12:28:10,3139,993,F,Land,4.406047516,24.6156984,4.25E-269,3.298837333,194.3343738,268.7471335,165.5379668,110.9207128,9.944133727,239.7261848,27.41020148,108.5423227,380.1644184,170.8998734,12:28:10,4.406047516,23.11530048,30.13945396,6,STGPS  
12:28:11,3139,994,F,Flight,3.304535637,25.62245577,4.25E-269,3.301892219,171.0222815,307.2991969,170.044849,133.393901,10.4662598,232.3505178,24.51664175,119.7507846,351.8991829,166.2617306,12:28:11,3.304535637,23.11530048,30.13945396,6,STGPS  
12:28:12,3139,995,F,Flight,2.203023758,26.93852253,4.25E-269,3.299673201,187.4233581,266.2413459,168.1910439,129.18986,9.670415194,251.3839304,27.07375476,119.9081513,387.7622009,190.4822702,12:28:12,2.203023758,23.11530048,30.13945396,6,STGPS  
12:28:13,3139,996,F,Land,1.101511879,26.89025322,4.25E-269,3.300082233,170.3986359,290.9993321,147.6022254,126.7641661,9.982937004,231.2415365,26.20519136,102.9590981,355.1951806,172.660831,12:28:13,1.101511879,23.11530048,30.13945396,6,STGPS  
12:28:14,3139,997,F,Land,6.92E-12,23.08991029,4.25E-269,3.300839473,170.0018943,260.3070359,166.2110601,117.5155218,10.92824804,266.2305574,25.23578276,108.4834388,347.9605695,167.9319306,12:28:14,6.92E-12,23.11530048,30.13945396,6,STGPS  
