time,state,control_mode,l1input_valid,l1output_valid,fail_reason,gps_pos_fresh,gps_motion_fresh,imu_gyrz_fresh,imu_yaw_fresh,baro_sink_fresh,acc_fresh,dr_current_valid,dr_confidence,nav_E,nav_N,nav_V,nav_course_deg,yaw_rate_cmd_dps,left_pwm_est,right_pwm_est,origin_lock_source,yaw_saturated,servo_saturated,before_mode
2712.855,0,FAIL,0,0,NO_ORIGIN,0,0,1,1,1,1,0,0.0,,,,,0.0,1591,1524,,0,0,FAIL
2712.905,0,FAIL,0,0,NO_ORIGIN,0,0,1,1,1,1,0,0.0,,,,,0.0,1591,1524,,0,0,FAIL
2712.955,0,FAIL,0,0,NO_ORIGIN,0,0,1,1,1,1,0,0.0,,,,,0.0,1591,1524,,0,0,FAIL
2713.005,0,FAIL,0,0,NO_ORIGIN,0,0,1,1,1,1,0,0.0,,,,,0.0,1591,1524,,0,0,FAIL
2713.055,0,FAIL,0,0,NO_ORIGIN,0,0,1,1,1,1,0,0.0,,,,,0.0,1591,1524,,0,0,FAIL
2713.105,0,FAIL,0,0,NO_ORIGIN,0,0,1,1,1,1,0,0.0,,,,,0.0,1591,1524,,0,0,FAIL
2713.156,0,FAIL,0,0,NO_ORIGIN,0,0,1,1,1,1,0,0.0,,,,,0.0,1591,1524,,0,0,FAIL
2713.206,0,FAIL,0,0,NO_ORIGIN,0,0,1,1,1,1,0,0.0,,,,,0.0,1591,1524,,0,0,FAIL
2713.256,0,FAIL,0,0,NO_ORIGIN,0,0,1,1,1,1,0,0.0,,,,,0.0,1591,1524,,0,0,FAIL
2713.306,0,FAIL,0,0,NO_ORIGIN,0,0,1,1,1,1,0,0.0,,,,,0.0,1591,1524,,0,0,FAIL
2713.356,0,FAIL,0,0,NO_ORIGIN,0,0,1,1,1,1,0,0.0,,,,,0.0,1591,1524,,0,0,FAIL
2713.406,0,FAIL,0,0,NO_ORIGIN,0,0,1,1,1,1,0,0.0,,,,,0.0,1591,1524,,0,0,FAIL
2713.456,0,FAIL,0,0,NO_ORIGIN,0,0,1,1,1,1,0,0.0,,,,,0.0,1591,1524,,0,0,FAIL
2713.506,0,FAIL,0,0,NO_ORIGIN,0,0,1,1,1,1,0,0.0,,,,,0.0,1591,1524,,0,0,FAIL
2713.557,0,FAIL,0,0,NO_ORIGIN,0,0,1,1,1,1,0,0.0,,,,,0.0,1591,1524,,0,0,FAIL
2713.607,0,FAIL,0,0,NO_ORIGIN,0,0,1,1,1,1,0,0.0,,,,,0.0,1591,1524,,0,0,FAIL
2713.657,0,FAIL,0,0,NO_ORIGIN,0,0,1,1,1,1,0,0.0,,,,,0.0,1591,1524,,0,0,FAIL
2713.707,0,FAIL,0,0,NO_ORIGIN,0,0,1,1,1,1,0,0.0,,,,,0.0,1591,1524,,0,0,FAIL
2713.757,0,FAIL,0,0,NO_ORIGIN,0,0,1,1,1,1,0,0.0,,,,,0.0,1591,1524,,0,0,FAIL
2713.807,0,FAIL,0,0,NO_ORIGIN,0,0,1,1,1,1,0,0.0,,,,,0.0,1591,1524,,0,0,FAIL
2713.857,0,FAIL,0,0,NO_ORIGIN,0,0,1,1,1,1,0,0.0,,,,,0.0,1591,1524,,0,0,FAIL
2713.907,0,FAIL,0,0,NO_ORIGIN,0,0,1,1,1,1,0,0.0,,,,,0.0,1591,1524,,0,0,FAIL
2713.957,0,FAIL,0,0,NO_ORIGIN,0,0,1,1,1,1,0,0.0,,,,,0.0,1591,1524,,0,0,FAIL
2714.008,0,FAIL,0,0,NO_ORIGIN,0,0,1,1,1,1,0,0.0,,,,,0.0,1591,1524,,0,0,FAIL
2714.058,0,FAIL,0,0,NO_ORIGIN,0,0,1,1,1,1,0,0.0,,,,,0.0,1591,1524,,0,0,FAIL
2714.108,0,FAIL,0,0,NO_ORIGIN,0,0,1,1,1,1,0,0.0,,,,,0.0,1591,1524,,0,0,FAIL
2714.158,0,FAIL,0,0,NO_ORIGIN,0,0,1,1,1,1,0,0.0,,,,,0.0,1591,1524,,0,0,FAIL
2714.208,0,FAIL,0,0,NO_ORIGIN,0,0,1,1,1,1,0,0.0,,,,,0.0,1591,1524,,0,0,FAIL
2714.258,0,FAIL,0,0,NO_ORIGIN,0,0,1,1,1,1,0,0.0,,,,,0.0,1591,1524,,0,0,FAIL
2714.308,0,FAIL,0,0,NO_ORIGIN,0,0,1,1,1,1,0,0.0,,,,,0.0,1591,1524,,0,0,FAIL
2714.359,0,FAIL,0,0,NO_ORIGIN,0,0,1,1,1,1,0,0.0,,,,,0.0,1591,1524,,0,0,FAIL
2714.409,0,FAIL,0,0,NO_ORIGIN,0,0,1,1,1,1,0,0.0,,,,,0.0,1591,1524,,0,0,FAIL
2714.459,0,FAIL,0,0,NO_ORIGIN,0,0,1,1,1,1,0,0.0,,,,,0.0,1591,1524,,0,0,FAIL
2714.509,0,FAIL,0,0,NO_ORIGIN,0,0,1,1,1,1,0,0.0,,,,,0.0,1591,1524,,0,0,FAIL
2714.559,0,FAIL,0,0,NO_ORIGIN,0,0,1,1,1,1,0,0.0,,,,,0.0,1591,1524,,0,0,FAIL
2714.609,0,FAIL,0,0,NO_ORIGIN,0,0,1,1,1,1,0,0.0,,,,,0.0,1591,1524,,0,0,FAIL
2714.659,0,FAIL,0,0,NO_ORIGIN,0,0,1,1,1,1,0,0.0,,,,,0.0,1591,1524,,0,0,FAIL
2714.709,0,FAIL,0,0,NO_ORIGIN,0,0,1,1,1,1,0,0.0,,,,,0.0,1591,1524,,0,0,FAIL
2714.76,0,FAIL,0,0,NO_ORIGIN,0,0,1,1,1,1,0,0.0,,,,,0.0,1591,1524,,0,0,FAIL
2714.81,0,FAIL,0,0,NO_ORIGIN,0,0,1,1,1,1,0,0.0,,,,,0.0,1591,1524,,0,0,FAIL
2714.86,0,FAIL,0,0,NO_ORIGIN,0,0,1,1,1,1,0,0.0,,,,,0.0,1591,1524,,0,0,FAIL
2714.91,0,FAIL,0,0,NO_ORIGIN,0,0,1,1,1,1,0,0.0,,,,,0.0,1591,1524,,0,0,FAIL
2714.96,0,FAIL,0,0,NO_ORIGIN,0,0,1,1,1,1,0,0.0,,,,,0.0,1591,1524,,0,0,FAIL
2715.01,0,FAIL,0,0,NO_ORIGIN,0,0,1,1,1,1,0,0.0,,,,,0.0,1591,1524,,0,0,FAIL
2715.06,0,FAIL,0,0,NO_ORIGIN,0,0,1,1,1,1,0,0.0,,,,,0.0,1591,1524,,0,0,FAIL
2715.11,0,FAIL,0,0,NO_ORIGIN,0,0,1,1,1,1,0,0.0,,,,,0.0,1591,1524,,0,0,FAIL
2715.161,0,FAIL,0,0,NO_ORIGIN,0,0,1,1,1,1,0,0.0,,,,,0.0,1591,1524,,0,0,FAIL
2715.211,0,FAIL,0,0,NO_ORIGIN,0,0,1,1,1,1,0,0.0,,,,,0.0,1591,1524,,0,0,FAIL
2715.261,0,FAIL,0,0,NO_ORIGIN,0,0,1,1,1,1,0,0.0,,,,,0.0,1591,1524,,0,0,FAIL
2715.311,0,FAIL,0,0,NO_ORIGIN,0,0,1,1,1,1,0,0.0,,,,,0.0,1591,1524,,0,0,FAIL
2715.361,0,FAIL,0,0,NO_ORIGIN,0,0,1,1,1,1,0,0.0,,,,,0.0,1591,1524,,0,0,FAIL
2715.411,0,FAIL,0,0,NO_ORIGIN,0,0,1,1,1,1,0,0.0,,,,,0.0,1591,1524,,0,0,FAIL
2715.461,0,FAIL,0,0,NO_ORIGIN,0,0,1,1,1,1,0,0.0,,,,,0.0,1591,1524,,0,0,FAIL
2715.511,0,FAIL,0,0,NO_ORIGIN,0,0,1,1,1,1,0,0.0,,,,,0.0,1591,1524,,0,0,FAIL
2715.562,0,FAIL,0,0,NO_ORIGIN,0,0,1,1,1,1,0,0.0,,,,,0.0,1591,1524,,0,0,FAIL
2715.612,0,FAIL,0,0,NO_ORIGIN,0,0,1,1,1,1,0,0.0,,,,,0.0,1591,1524,,0,0,FAIL
2715.662,0,FAIL,0,0,NO_ORIGIN,0,0,1,1,1,1,0,0.0,,,,,0.0,1591,1524,,0,0,FAIL
2715.712,0,FAIL,0,0,NO_ORIGIN,0,0,1,1,1,1,0,0.0,,,,,0.0,1591,1524,,0,0,FAIL
2715.762,0,FAIL,0,0,NO_ORIGIN,0,0,1,1,1,1,0,0.0,,,,,0.0,1591,1524,,0,0,FAIL
2715.812,0,FAIL,0,0,NO_ORIGIN,0,0,1,1,1,1,0,0.0,,,,,0.0,1591,1524,,0,0,FAIL
2715.862,0,FAIL,0,0,NO_ORIGIN,0,0,1,1,1,1,0,0.0,,,,,0.0,1591,1524,,0,0,FAIL
2715.912,0,FAIL,0,0,NO_ORIGIN,0,0,1,1,1,1,0,0.0,,,,,0.0,1591,1524,,0,0,FAIL
2715.963,0,FAIL,0,0,NO_ORIGIN,0,0,1,1,1,1,0,0.0,,,,,0.0,1591,1524,,0,0,FAIL
2716.013,0,FAIL,0,0,NO_ORIGIN,0,0,1,1,1,1,0,0.0,,,,,0.0,1591,1524,,0,0,FAIL
2716.063,0,FAIL,0,0,NO_ORIGIN,0,0,1,1,1,1,0,0.0,,,,,0.0,1591,1524,,0,0,FAIL
2716.113,0,FAIL,0,0,NO_ORIGIN,0,0,1,1,1,1,0,0.0,,,,,0.0,1591,1524,,0,0,FAIL
2716.163,0,FAIL,0,0,NO_ORIGIN,0,0,1,1,1,1,0,0.0,,,,,0.0,1591,1524,,0,0,FAIL
2716.213,0,FAIL,0,0,NO_ORIGIN,0,0,1,1,1,1,0,0.0,,,,,0.0,1591,1524,,0,0,FAIL
2716.263,0,FAIL,0,0,NO_ORIGIN,0,0,1,1,1,1,0,0.0,,,,,0.0,1591,1524,,0,0,FAIL
2716.313,0,FAIL,0,0,NO_ORIGIN,0,0,1,1,1,1,0,0.0,,,,,0.0,1591,1524,,0,0,FAIL
2716.364,0,FAIL,0,0,NO_ORIGIN,0,0,1,1,1,1,0,0.0,,,,,0.0,1591,1524,,0,0,FAIL
2716.414,0,FAIL,0,0,NO_ORIGIN,0,0,1,1,1,1,0,0.0,,,,,0.0,1591,1524,,0,0,FAIL
2716.464,0,FAIL,0,0,NO_ORIGIN,0,0,1,1,1,1,0,0.0,,,,,0.0,1591,1524,,0,0,FAIL
2716.514,0,FAIL,0,0,NO_ORIGIN,0,0,1,1,1,1,0,0.0,,,,,0.0,1591,1524,,0,0,FAIL
2716.564,0,FAIL,0,0,NO_ORIGIN,0,0,1,1,1,1,0,0.0,,,,,0.0,1591,1524,,0,0,FAIL
2716.614,0,FAIL,0,0,NO_ORIGIN,0,0,1,1,1,1,0,0.0,,,,,0.0,1591,1524,,0,0,FAIL
2716.664,0,FAIL,0,0,NO_ORIGIN,0,0,1,1,1,1,0,0.0,,,,,0.0,1591,1524,,0,0,FAIL
2716.714,0,FAIL,0,0,NO_ORIGIN,0,0,1,1,1,1,0,0.0,,,,,0.0,1591,1524,,0,0,FAIL
2716.765,0,FAIL,0,0,NO_ORIGIN,0,0,1,1,1,1,0,0.0,,,,,0.0,1591,1524,,0,0,FAIL
2716.815,0,FAIL,0,0,NO_ORIGIN,0,0,1,1,1,1,0,0.0,,,,,0.0,1591,1524,,0,0,FAIL
2716.865,0,FAIL,0,0,NO_ORIGIN,0,0,1,1,1,1,0,0.0,,,,,0.0,1591,1524,,0,0,FAIL
2716.915,0,FAIL,0,0,NO_ORIGIN,0,0,1,1,1,1,0,0.0,,,,,0.0,1591,1524,,0,0,FAIL
2716.965,0,FAIL,0,0,NO_ORIGIN,0,0,1,1,1,1,0,0.0,,,,,0.0,1591,1524,,0,0,FAIL
2717.015,0,FAIL,0,0,NO_ORIGIN,0,0,1,1,1,1,0,0.0,,,,,0.0,1591,1524,,0,0,FAIL
2717.065,0,FAIL,0,0,NO_ORIGIN,0,0,1,1,1,1,0,0.0,,,,,0.0,1591,1524,,0,0,FAIL
2717.115,0,FAIL,0,0,NO_ORIGIN,0,0,1,1,1,1,0,0.0,,,,,0.0,1591,1524,,0,0,FAIL
2717.166,0,FAIL,0,0,NO_ORIGIN,0,0,1,1,1,1,0,0.0,,,,,0.0,1591,1524,,0,0,FAIL
2717.216,0,FAIL,0,0,NO_ORIGIN,0,0,1,1,1,1,0,0.0,,,,,0.0,1591,1524,,0,0,FAIL
2717.266,0,FAIL,0,0,NO_ORIGIN,0,0,1,1,1,1,0,0.0,,,,,0.0,1591,1524,,0,0,FAIL
2717.316,0,FAIL,0,0,NO_ORIGIN,0,0,1,1,1,1,0,0.0,,,,,0.0,1591,1524,,0,0,FAIL
2717.366,0,FAIL,0,0,NO_ORIGIN,0,0,1,1,1,1,0,0.0,,,,,0.0,1591,1524,,0,0,FAIL
2717.416,0,FAIL,0,0,NO_ORIGIN,0,0,1,1,1,1,0,0.0,,,,,0.0,1591,1524,,0,0,FAIL
2717.466,0,FAIL,0,0,NO_ORIGIN,0,0,1,1,1,1,0,0.0,,,,,0.0,1591,1524,,0,0,FAIL
2717.516,0,FAIL,0,0,NO_ORIGIN,0,0,1,1,1,1,0,0.0,,,,,0.0,1591,1524,,0,0,FAIL
2717.566,0,FAIL,0,0,NO_ORIGIN,0,0,1,1,1,1,0,0.0,,,,,0.0,1591,1524,,0,0,FAIL
2717.617,0,FAIL,0,0,NO_ORIGIN,0,0,1,1,1,1,0,0.0,,,,,0.0,1591,1524,,0,0,FAIL
2717.667,0,FAIL,0,0,NO_ORIGIN,0,0,1,1,1,1,0,0.0,,,,,0.0,1591,1524,,0,0,FAIL
2717.717,0,FAIL,0,0,NO_ORIGIN,0,0,1,1,1,1,0,0.0,,,,,0.0,1591,1524,,0,0,FAIL
2717.767,0,FAIL,0,0,NO_ORIGIN,0,0,1,1,1,1,0,0.0,,,,,0.0,1591,1524,,0,0,FAIL
2717.817,0,FAIL,0,0,NO_ORIGIN,0,0,1,1,1,1,0,0.0,,,,,0.0,1591,1524,,0,0,FAIL
2717.867,0,FAIL,0,0,NO_ORIGIN,0,0,1,1,1,1,0,0.0,,,,,0.0,1591,1524,,0,0,FAIL
2717.917,0,FAIL,0,0,NO_ORIGIN,0,0,1,1,1,1,0,0.0,,,,,0.0,1591,1524,,0,0,FAIL
2717.967,0,FAIL,0,0,NO_ORIGIN,0,0,1,1,1,1,0,0.0,,,,,0.0,1591,1524,,0,0,FAIL
2718.018,0,FAIL,0,0,NO_ORIGIN,0,0,1,1,1,1,0,0.0,,,,,0.0,1591,1524,,0,0,FAIL
2718.068,0,FAIL,0,0,NO_ORIGIN,0,0,1,1,1,1,0,0.0,,,,,0.0,1591,1524,,0,0,FAIL
2718.118,0,FAIL,0,0,NO_ORIGIN,0,0,1,1,1,1,0,0.0,,,,,0.0,1591,1524,,0,0,FAIL
2718.168,0,FAIL,0,0,NO_ORIGIN,0,0,1,1,1,1,0,0.0,,,,,0.0,1591,1524,,0,0,FAIL
2718.218,0,FAIL,0,0,NO_ORIGIN,0,0,1,1,1,1,0,0.0,,,,,0.0,1591,1524,,0,0,FAIL
2718.268,0,FAIL,0,0,NO_ORIGIN,0,0,1,1,1,1,0,0.0,,,,,0.0,1591,1524,,0,0,FAIL
2718.318,0,FAIL,0,0,NO_ORIGIN,0,0,1,1,1,1,0,0.0,,,,,0.0,1591,1524,,0,0,FAIL
2718.368,0,FAIL,0,0,NO_ORIGIN,0,0,1,1,1,1,0,0.0,,,,,0.0,1591,1524,,0,0,FAIL
2718.419,0,FAIL,0,0,NO_ORIGIN,0,0,1,1,1,1,0,0.0,,,,,0.0,1591,1524,,0,0,FAIL
2718.469,0,FAIL,0,0,NO_ORIGIN,0,0,1,1,1,1,0,0.0,,,,,0.0,1591,1524,,0,0,FAIL
2718.519,0,FAIL,0,0,NO_ORIGIN,0,0,1,1,1,1,0,0.0,,,,,0.0,1591,1524,,0,0,FAIL
2718.569,0,FAIL,0,0,NO_ORIGIN,0,0,1,1,1,1,0,0.0,,,,,0.0,1591,1524,,0,0,FAIL
2718.619,0,FAIL,0,0,NO_ORIGIN,0,0,1,1,1,1,0,0.0,,,,,0.0,1591,1524,,0,0,FAIL
2718.669,0,FAIL,0,0,NO_ORIGIN,0,0,1,1,1,1,0,0.0,,,,,0.0,1591,1524,,0,0,FAIL
2718.719,0,FAIL,0,0,NO_ORIGIN,0,0,1,1,1,1,0,0.0,,,,,0.0,1591,1524,,0,0,FAIL
2718.769,0,FAIL,0,0,NO_ORIGIN,0,0,1,1,1,1,0,0.0,,,,,0.0,1591,1524,,0,0,FAIL
2718.819,0,FAIL,0,0,NO_ORIGIN,0,0,1,1,1,1,0,0.0,,,,,0.0,1591,1524,,0,0,FAIL
2718.87,0,FAIL,0,0,NO_ORIGIN,0,0,1,1,1,1,0,0.0,,,,,0.0,1591,1524,,0,0,FAIL
2718.92,0,FAIL,0,0,NO_ORIGIN,0,0,1,1,1,1,0,0.0,,,,,0.0,1591,1524,,0,0,FAIL
2718.97,0,FAIL,0,0,NO_ORIGIN,0,0,1,1,1,1,0,0.0,,,,,0.0,1591,1524,,0,0,FAIL
2719.021,0,FAIL,0,0,NO_ORIGIN,0,0,1,1,1,1,0,0.0,,,,,0.0,1591,1524,,0,0,FAIL
2719.071,0,FAIL,0,0,NO_ORIGIN,0,0,1,1,1,1,0,0.0,,,,,0.0,1591,1524,,0,0,FAIL
2719.122,0,FAIL,0,0,NO_ORIGIN,0,0,1,1,1,1,0,0.0,,,,,0.0,1591,1524,,0,0,FAIL
2719.172,0,FAIL,0,0,NO_ORIGIN,0,0,1,1,1,1,0,0.0,,,,,0.0,1591,1524,,0,0,FAIL
2719.222,0,FAIL,0,0,NO_ORIGIN,0,0,1,1,1,1,0,0.0,,,,,0.0,1591,1524,,0,0,FAIL
2719.272,0,FAIL,0,0,NO_ORIGIN,0,0,1,1,1,1,0,0.0,,,,,0.0,1591,1524,,0,0,FAIL
2719.322,0,FAIL,0,0,NO_ORIGIN,0,0,1,1,1,1,0,0.0,,,,,0.0,1591,1524,,0,0,FAIL
2719.372,0,FAIL,0,0,NO_ORIGIN,0,0,1,1,1,1,0,0.0,,,,,0.0,1591,1524,,0,0,FAIL
2719.423,0,FAIL,0,0,NO_ORIGIN,0,0,1,1,1,1,0,0.0,,,,,0.0,1591,1524,,0,0,FAIL
2719.473,0,FAIL,0,0,NO_ORIGIN,0,0,1,1,1,1,0,0.0,,,,,0.0,1591,1524,,0,0,FAIL
2719.523,0,FAIL,0,0,NO_ORIGIN,0,0,1,1,1,1,0,0.0,,,,,0.0,1591,1524,,0,0,FAIL
2719.573,0,FAIL,0,0,NO_ORIGIN,0,0,1,1,1,1,0,0.0,,,,,0.0,1591,1524,,0,0,FAIL
2719.623,0,FAIL,0,0,NO_ORIGIN,0,0,1,1,1,1,0,0.0,,,,,0.0,1591,1524,,0,0,FAIL
2719.673,0,FAIL,0,0,NO_ORIGIN,0,0,1,1,1,1,0,0.0,,,,,0.0,1591,1524,,0,0,FAIL
2719.723,0,FAIL,0,0,NO_ORIGIN,0,0,1,1,1,1,0,0.0,,,,,0.0,1591,1524,,0,0,FAIL
2719.773,0,FAIL,0,0,NO_ORIGIN,0,0,1,1,1,1,0,0.0,,,,,0.0,1591,1524,,0,0,FAIL
2719.823,0,FAIL,0,0,NO_ORIGIN,0,0,1,1,1,1,0,0.0,,,,,0.0,1591,1524,,0,0,FAIL
2719.874,0,FAIL,0,0,NO_ORIGIN,0,0,1,1,1,1,0,0.0,,,,,0.0,1591,1524,,0,0,FAIL
2719.924,0,FAIL,0,0,NO_ORIGIN,0,0,1,1,1,1,0,0.0,,,,,0.0,1591,1524,,0,0,FAIL
2719.974,0,FAIL,0,0,NO_ORIGIN,0,0,1,1,1,1,0,0.0,,,,,0.0,1591,1524,,0,0,FAIL
2720.024,0,FAIL,0,0,NO_ORIGIN,0,0,1,1,1,1,0,0.0,,,,,0.0,1591,1524,,0,0,FAIL
2720.074,0,FAIL,0,0,NO_ORIGIN,0,0,1,1,1,1,0,0.0,,,,,0.0,1591,1524,,0,0,FAIL
2720.124,0,FAIL,0,0,NO_ORIGIN,0,0,1,1,1,1,0,0.0,,,,,0.0,1591,1524,,0,0,FAIL
2720.174,0,FAIL,0,0,NO_ORIGIN,0,0,1,1,1,1,0,0.0,,,,,0.0,1591,1524,,0,0,FAIL
2720.225,0,FAIL,0,0,NO_ORIGIN,0,0,1,1,1,1,0,0.0,,,,,0.0,1591,1524,,0,0,FAIL
2720.275,0,FAIL,0,0,NO_ORIGIN,0,0,1,1,1,1,0,0.0,,,,,0.0,1591,1524,,0,0,FAIL
2720.325,0,FAIL,0,0,NO_ORIGIN,0,0,1,1,1,1,0,0.0,,,,,0.0,1591,1524,,0,0,FAIL
2720.375,0,FAIL,0,0,NO_ORIGIN,0,0,1,1,1,1,0,0.0,,,,,0.0,1591,1524,,0,0,FAIL
2720.425,0,FAIL,0,0,NO_ORIGIN,0,0,1,1,1,1,0,0.0,,,,,0.0,1591,1524,,0,0,FAIL
2720.475,0,FAIL,0,0,NO_ORIGIN,0,0,1,1,1,1,0,0.0,,,,,0.0,1591,1524,,0,0,FAIL
2720.525,0,FAIL,0,0,NO_ORIGIN,0,0,1,1,1,1,0,0.0,,,,,0.0,1591,1524,,0,0,FAIL
2720.575,0,FAIL,0,0,NO_ORIGIN,0,0,1,1,1,1,0,0.0,,,,,0.0,1591,1524,,0,0,FAIL
2720.626,0,FAIL,0,0,NO_ORIGIN,0,0,1,1,1,1,0,0.0,,,,,0.0,1591,1524,,0,0,FAIL
2720.676,0,FAIL,0,0,NO_ORIGIN,0,0,1,1,1,1,0,0.0,,,,,0.0,1591,1524,,0,0,FAIL
2720.726,0,FAIL,0,0,NO_ORIGIN,0,0,1,1,1,1,0,0.0,,,,,0.0,1591,1524,,0,0,FAIL
2720.776,0,FAIL,0,0,NO_ORIGIN,0,0,1,1,1,1,0,0.0,,,,,0.0,1591,1524,,0,0,FAIL
2720.826,0,FAIL,0,0,NO_ORIGIN,0,0,1,1,1,1,0,0.0,,,,,0.0,1591,1524,,0,0,FAIL
2720.876,0,FAIL,0,0,NO_ORIGIN,0,0,1,1,1,1,0,0.0,,,,,0.0,1591,1524,,0,0,FAIL
2720.926,0,FAIL,0,0,NO_ORIGIN,0,0,1,1,1,1,0,0.0,,,,,0.0,1591,1524,,0,0,FAIL
2720.976,0,FAIL,0,0,NO_ORIGIN,0,0,1,1,1,1,0,0.0,,,,,0.0,1591,1524,,0,0,FAIL
2721.027,0,FAIL,0,0,NO_ORIGIN,0,0,1,1,1,1,0,0.0,,,,,0.0,1591,1524,,0,0,FAIL
2721.077,0,FAIL,0,0,NO_ORIGIN,0,0,1,1,1,1,0,0.0,,,,,0.0,1591,1524,,0,0,FAIL
2721.127,0,FAIL,0,0,NO_ORIGIN,0,0,1,1,1,1,0,0.0,,,,,0.0,1591,1524,,0,0,FAIL
2721.177,0,FAIL,0,0,NO_ORIGIN,0,0,1,1,1,1,0,0.0,,,,,0.0,1591,1524,,0,0,FAIL
2721.227,0,FAIL,0,0,NO_ORIGIN,0,0,1,1,1,1,0,0.0,,,,,0.0,1591,1524,,0,0,FAIL
2721.277,0,FAIL,0,0,NO_ORIGIN,0,0,1,1,1,1,0,0.0,,,,,0.0,1591,1524,,0,0,FAIL
2721.327,0,FAIL,0,0,NO_ORIGIN,0,0,1,1,1,1,0,0.0,,,,,0.0,1591,1524,,0,0,FAIL
2721.377,0,FAIL,0,0,NO_ORIGIN,0,0,1,1,1,1,0,0.0,,,,,0.0,1591,1524,,0,0,FAIL
2721.428,0,FAIL,0,0,NO_ORIGIN,0,0,1,1,1,1,0,0.0,,,,,0.0,1591,1524,,0,0,FAIL
2721.478,0,FAIL,0,0,NO_ORIGIN,0,0,1,1,1,1,0,0.0,,,,,0.0,1591,1524,,0,0,FAIL
2721.528,0,FAIL,0,0,NO_ORIGIN,0,0,1,1,1,1,0,0.0,,,,,0.0,1591,1524,,0,0,FAIL
2721.578,0,FAIL,0,0,NO_ORIGIN,0,0,1,1,1,1,0,0.0,,,,,0.0,1591,1524,,0,0,FAIL
2721.628,0,FAIL,0,0,NO_ORIGIN,0,0,1,1,1,1,0,0.0,,,,,0.0,1591,1524,,0,0,FAIL
2721.678,0,FAIL,0,0,NO_ORIGIN,0,0,1,1,1,1,0,0.0,,,,,0.0,1591,1524,,0,0,FAIL
2721.728,0,FAIL,0,0,NO_ORIGIN,0,0,1,1,1,1,0,0.0,,,,,0.0,1591,1524,,0,0,FAIL
2721.778,0,FAIL,0,0,NO_ORIGIN,0,0,1,1,1,1,0,0.0,,,,,0.0,1591,1524,,0,0,FAIL
2721.829,0,FAIL,0,0,NO_ORIGIN,0,0,1,1,1,1,0,0.0,,,,,0.0,1591,1524,,0,0,FAIL
2721.879,0,FAIL,0,0,NO_ORIGIN,0,0,1,1,1,1,0,0.0,,,,,0.0,1591,1524,,0,0,FAIL
2721.929,0,FAIL,0,0,NO_ORIGIN,0,0,1,1,1,1,0,0.0,,,,,0.0,1591,1524,,0,0,FAIL
2721.979,0,FAIL,0,0,NO_ORIGIN,0,0,1,1,1,1,0,0.0,,,,,0.0,1591,1524,,0,0,FAIL
2722.029,0,FAIL,0,0,NO_ORIGIN,0,0,1,1,1,1,0,0.0,,,,,0.0,1591,1524,,0,0,FAIL
2722.079,0,FAIL,0,0,NO_ORIGIN,0,0,1,1,1,1,0,0.0,,,,,0.0,1591,1524,,0,0,FAIL
2722.129,0,FAIL,0,0,NO_ORIGIN,0,0,1,1,1,1,0,0.0,,,,,0.0,1591,1524,,0,0,FAIL
2722.179,0,FAIL,0,0,NO_ORIGIN,0,0,1,1,1,1,0,0.0,,,,,0.0,1591,1524,,0,0,FAIL
2722.23,0,FAIL,0,0,NO_ORIGIN,0,0,1,1,1,1,0,0.0,,,,,0.0,1591,1524,,0,0,FAIL
2722.28,0,FAIL,0,0,NO_ORIGIN,0,0,1,1,1,1,0,0.0,,,,,0.0,1591,1524,,0,0,FAIL
2722.33,0,FAIL,0,0,NO_ORIGIN,0,0,1,1,1,1,0,0.0,,,,,0.0,1591,1524,,0,0,FAIL
2722.38,0,FAIL,0,0,NO_ORIGIN,0,0,1,1,1,1,0,0.0,,,,,0.0,1591,1524,,0,0,FAIL
2722.43,0,FAIL,0,0,NO_ORIGIN,0,0,1,1,1,1,0,0.0,,,,,0.0,1591,1524,,0,0,FAIL
2722.48,0,FAIL,0,0,NO_ORIGIN,0,0,1,1,1,1,0,0.0,,,,,0.0,1591,1524,,0,0,FAIL
2722.53,0,FAIL,0,0,NO_ORIGIN,0,0,1,1,1,1,0,0.0,,,,,0.0,1591,1524,,0,0,FAIL
2722.581,0,FAIL,0,0,NO_ORIGIN,0,0,1,1,1,1,0,0.0,,,,,0.0,1591,1524,,0,0,FAIL
2722.631,0,FAIL,0,0,NO_ORIGIN,0,0,1,1,1,1,0,0.0,,,,,0.0,1591,1524,,0,0,FAIL
2722.681,0,FAIL,0,0,NO_ORIGIN,0,0,1,1,1,1,0,0.0,,,,,0.0,1591,1524,,0,0,FAIL
2722.731,0,FAIL,0,0,NO_ORIGIN,0,0,1,1,1,1,0,0.0,,,,,0.0,1591,1524,,0,0,FAIL
2722.781,0,FAIL,0,0,NO_ORIGIN,0,0,1,1,1,1,0,0.0,,,,,0.0,1591,1524,,0,0,FAIL
2722.831,0,FAIL,0,0,NO_ORIGIN,0,0,1,1,1,1,0,0.0,,,,,0.0,1591,1524,,0,0,FAIL
2722.881,0,FAIL,0,0,NO_ORIGIN,0,0,1,1,1,1,0,0.0,,,,,0.0,1591,1524,,0,0,FAIL
2722.932,0,FAIL,0,0,NO_ORIGIN,0,0,1,1,1,1,0,0.0,,,,,0.0,1591,1524,,0,0,FAIL
2722.982,0,FAIL,0,0,NO_ORIGIN,0,0,1,1,1,1,0,0.0,,,,,0.0,1591,1524,,0,0,FAIL
2723.032,0,FAIL,0,0,NO_ORIGIN,0,0,1,1,1,1,0,0.0,,,,,0.0,1591,1524,,0,0,FAIL
2723.082,0,FAIL,0,0,NO_ORIGIN,0,0,1,1,1,1,0,0.0,,,,,0.0,1591,1524,,0,0,FAIL
2723.132,0,FAIL,0,0,NO_ORIGIN,0,0,1,1,1,1,0,0.0,,,,,0.0,1591,1524,,0,0,FAIL
2723.182,0,FAIL,0,0,NO_ORIGIN,0,0,1,1,1,1,0,0.0,,,,,0.0,1591,1524,,0,0,FAIL
2723.232,0,FAIL,0,0,NO_ORIGIN,0,0,1,1,1,1,0,0.0,,,,,0.0,1591,1524,,0,0,FAIL
2723.282,0,FAIL,0,0,NO_ORIGIN,0,0,1,1,1,1,0,0.0,,,,,0.0,1591,1524,,0,0,FAIL
2723.333,0,FAIL,0,0,NO_ORIGIN,0,0,1,1,1,1,0,0.0,,,,,0.0,1591,1524,,0,0,FAIL
2723.384,0,FAIL,0,0,NO_ORIGIN,0,0,1,1,1,1,0,0.0,,,,,0.0,1591,1524,,0,0,FAIL
2723.434,0,FAIL,0,0,NO_ORIGIN,0,0,1,1,1,1,0,0.0,,,,,0.0,1591,1524,,0,0,FAIL
2723.484,0,FAIL,0,0,NO_ORIGIN,0,0,1,1,1,1,0,0.0,,,,,0.0,1591,1524,,0,0,FAIL
2723.535,0,FAIL,0,0,NO_ORIGIN,0,0,1,1,1,1,0,0.0,,,,,0.0,1591,1524,,0,0,FAIL
2723.585,0,FAIL,0,0,NO_ORIGIN,0,0,1,1,1,1,0,0.0,,,,,0.0,1591,1524,,0,0,FAIL
2723.635,0,FAIL,0,0,NO_ORIGIN,0,0,1,1,1,1,0,0.0,,,,,0.0,1591,1524,,0,0,FAIL
2723.688,0,FAIL,0,0,NO_ORIGIN,0,0,1,1,1,1,0,0.0,,,,,0.0,1591,1524,,0,0,FAIL
2723.738,0,FAIL,0,0,NO_ORIGIN,0,0,1,1,1,1,0,0.0,,,,,0.0,1591,1524,,0,0,FAIL
2723.788,0,FAIL,0,0,NO_ORIGIN,0,0,1,1,1,1,0,0.0,,,,,0.0,1591,1524,,0,0,FAIL
2723.838,0,FAIL,0,0,NO_ORIGIN,0,0,1,1,1,1,0,0.0,,,,,0.0,1591,1524,,0,0,FAIL
2723.888,0,FAIL,0,0,NO_ORIGIN,0,0,1,1,1,1,0,0.0,,,,,0.0,1591,1524,,0,0,FAIL
2723.938,0,FAIL,0,0,NO_ORIGIN,0,0,1,1,1,1,0,0.0,,,,,0.0,1591,1524,,0,0,FAIL
2723.988,0,FAIL,0,0,NO_ORIGIN,0,0,1,1,1,1,0,0.0,,,,,0.0,1591,1524,,0,0,FAIL
2724.039,0,FAIL,0,0,NO_ORIGIN,0,0,1,1,1,1,0,0.0,,,,,0.0,1591,1524,,0,0,FAIL
2724.089,0,FAIL,0,0,NO_ORIGIN,0,0,1,1,1,1,0,0.0,,,,,0.0,1591,1524,,0,0,FAIL
2724.139,0,FAIL,0,0,NO_ORIGIN,0,0,1,1,1,1,0,0.0,,,,,0.0,1591,1524,,0,0,FAIL
2724.189,0,FAIL,0,0,NO_ORIGIN,0,0,1,1,1,1,0,0.0,,,,,0.0,1591,1524,,0,0,FAIL
2724.239,0,FAIL,0,0,NO_ORIGIN,0,0,1,1,1,1,0,0.0,,,,,0.0,1591,1524,,0,0,FAIL
2724.289,0,FAIL,0,0,NO_ORIGIN,0,0,1,1,1,1,0,0.0,,,,,0.0,1591,1524,,0,0,FAIL
2724.339,0,FAIL,0,0,NO_ORIGIN,0,0,1,1,1,1,0,0.0,,,,,0.0,1591,1524,,0,0,FAIL
2724.389,0,FAIL,0,0,NO_ORIGIN,0,0,1,1,1,1,0,0.0,,,,,0.0,1591,1524,,0,0,FAIL
2724.439,0,FAIL,0,0,NO_ORIGIN,0,0,1,1,1,1,0,0.0,,,,,0.0,1591,1524,,0,0,FAIL
2724.49,0,FAIL,0,0,NO_ORIGIN,0,0,1,1,1,1,0,0.0,,,,,0.0,1591,1524,,0,0,FAIL
2724.54,0,FAIL,0,0,NO_ORIGIN,0,0,1,1,1,1,0,0.0,,,,,0.0,1591,1524,,0,0,FAIL
2724.59,0,FAIL,0,0,NO_ORIGIN,0,0,1,1,1,1,0,0.0,,,,,0.0,1591,1524,,0,0,FAIL
2724.64,0,FAIL,0,0,NO_ORIGIN,0,0,1,1,1,1,0,0.0,,,,,0.0,1591,1524,,0,0,FAIL
2724.69,0,FAIL,0,0,NO_ORIGIN,0,0,1,1,1,1,0,0.0,,,,,0.0,1591,1524,,0,0,FAIL
2724.74,0,FAIL,0,0,NO_ORIGIN,0,0,1,1,1,1,0,0.0,,,,,0.0,1591,1524,,0,0,FAIL
2724.791,0,FAIL,0,0,NO_ORIGIN,0,0,1,1,1,1,0,0.0,,,,,0.0,1591,1524,,0,0,FAIL
2724.841,0,FAIL,0,0,NO_ORIGIN,0,0,1,1,1,1,0,0.0,,,,,0.0,1591,1524,,0,0,FAIL
2724.891,0,FAIL,0,0,NO_ORIGIN,0,0,1,1,1,1,0,0.0,,,,,0.0,1591,1524,,0,0,FAIL
2724.941,0,FAIL,0,0,NO_ORIGIN,0,0,1,1,1,1,0,0.0,,,,,0.0,1591,1524,,0,0,FAIL
2724.991,0,FAIL,0,0,NO_ORIGIN,0,0,1,1,1,1,0,0.0,,,,,0.0,1591,1524,,0,0,FAIL
2725.041,0,FAIL,0,0,NO_ORIGIN,0,0,1,1,1,1,0,0.0,,,,,0.0,1591,1524,,0,0,FAIL
2725.091,0,FAIL,0,0,NO_ORIGIN,0,0,1,1,1,1,0,0.0,,,,,0.0,1591,1524,,0,0,FAIL
2725.141,0,FAIL,0,0,NO_ORIGIN,0,0,1,1,1,1,0,0.0,,,,,0.0,1591,1524,,0,0,FAIL
2725.192,0,FAIL,0,0,NO_ORIGIN,0,0,1,1,1,1,0,0.0,,,,,0.0,1591,1524,,0,0,FAIL
2725.242,0,FAIL,0,0,NO_ORIGIN,0,0,1,1,1,1,0,0.0,,,,,0.0,1591,1524,,0,0,FAIL
2725.292,0,FAIL,0,0,NO_ORIGIN,0,0,1,1,1,1,0,0.0,,,,,0.0,1591,1524,,0,0,FAIL
2725.342,0,FAIL,0,0,NO_ORIGIN,0,0,1,1,1,1,0,0.0,,,,,0.0,1591,1524,,0,0,FAIL
2725.392,0,FAIL,0,0,NO_ORIGIN,0,0,1,1,1,1,0,0.0,,,,,0.0,1591,1524,,0,0,FAIL
2725.442,0,FAIL,0,0,NO_ORIGIN,0,0,1,1,1,1,0,0.0,,,,,0.0,1591,1524,,0,0,FAIL
2725.492,0,FAIL,0,0,NO_ORIGIN,0,0,1,1,1,1,0,0.0,,,,,0.0,1591,1524,,0,0,FAIL
2725.542,0,FAIL,0,0,NO_ORIGIN,0,0,1,1,1,1,0,0.0,,,,,0.0,1591,1524,,0,0,FAIL
2725.593,0,FAIL,0,0,NO_ORIGIN,0,0,1,1,1,1,0,0.0,,,,,0.0,1591,1524,,0,0,FAIL
2725.643,0,FAIL,0,0,NO_ORIGIN,0,0,1,1,1,1,0,0.0,,,,,0.0,1591,1524,,0,0,FAIL
2725.694,0,FAIL,0,0,NO_ORIGIN,0,0,1,1,1,1,0,0.0,,,,,0.0,1591,1524,,0,0,FAIL
2725.744,0,FAIL,0,0,NO_ORIGIN,0,0,1,1,1,1,0,0.0,,,,,0.0,1591,1524,,0,0,FAIL
2725.794,0,FAIL,0,0,NO_ORIGIN,0,0,1,1,1,1,0,0.0,,,,,0.0,1591,1524,,0,0,FAIL
2725.844,0,FAIL,0,0,NO_ORIGIN,0,0,1,1,1,1,0,0.0,,,,,0.0,1591,1524,,0,0,FAIL
2725.894,0,FAIL,0,0,NO_ORIGIN,0,0,1,1,1,1,0,0.0,,,,,0.0,1591,1524,,0,0,FAIL
2725.945,0,FAIL,0,0,NO_ORIGIN,0,0,1,1,1,1,0,0.0,,,,,0.0,1591,1524,,0,0,FAIL
2725.995,0,FAIL,0,0,NO_ORIGIN,0,0,1,1,1,1,0,0.0,,,,,0.0,1591,1524,,0,0,FAIL
2726.045,0,FAIL,0,0,NO_ORIGIN,0,0,1,1,1,1,0,0.0,,,,,0.0,1591,1524,,0,0,FAIL
2726.095,0,FAIL,0,0,NO_ORIGIN,0,0,1,1,1,1,0,0.0,,,,,0.0,1591,1524,,0,0,FAIL
2726.145,0,FAIL,0,0,NO_ORIGIN,0,0,1,1,1,1,0,0.0,,,,,0.0,1591,1524,,0,0,FAIL
2726.195,0,FAIL,0,0,NO_ORIGIN,0,0,1,1,1,1,0,0.0,,,,,0.0,1591,1524,,0,0,FAIL
2726.246,0,FAIL,0,0,NO_ORIGIN,0,0,1,1,1,1,0,0.0,,,,,0.0,1591,1524,,0,0,FAIL
2726.296,0,FAIL,0,0,NO_ORIGIN,0,0,1,1,1,1,0,0.0,,,,,0.0,1591,1524,,0,0,FAIL
2726.346,0,FAIL,0,0,NO_ORIGIN,0,0,1,1,1,1,0,0.0,,,,,0.0,1591,1524,,0,0,FAIL
2726.396,0,FAIL,0,0,NO_ORIGIN,0,0,1,1,1,1,0,0.0,,,,,0.0,1591,1524,,0,0,FAIL
2726.447,0,FAIL,0,0,NO_ORIGIN,0,0,1,1,1,1,0,0.0,,,,,0.0,1591,1524,,0,0,FAIL
2726.498,0,FAIL,0,0,NO_ORIGIN,0,0,1,1,1,1,0,0.0,,,,,0.0,1591,1524,,0,0,FAIL
2726.548,0,FAIL,0,0,NO_ORIGIN,0,0,1,1,1,1,0,0.0,,,,,0.0,1591,1524,,0,0,FAIL
2726.598,0,FAIL,0,0,NO_ORIGIN,0,0,1,1,1,1,0,0.0,,,,,0.0,1591,1524,,0,0,FAIL
2726.648,0,FAIL,0,0,NO_ORIGIN,0,0,1,1,1,1,0,0.0,,,,,0.0,1591,1524,,0,0,FAIL
2726.7,0,FAIL,0,0,NO_ORIGIN,0,0,1,1,1,1,0,0.0,,,,,0.0,1591,1524,,0,0,FAIL
2726.75,0,FAIL,0,0,NO_ORIGIN,0,0,1,1,1,1,0,0.0,,,,,0.0,1591,1524,,0,0,FAIL
2726.8,0,FAIL,0,0,NO_ORIGIN,0,0,1,1,1,1,0,0.0,,,,,0.0,1591,1524,,0,0,FAIL
2726.85,0,FAIL,0,0,NO_ORIGIN,0,0,1,1,1,1,0,0.0,,,,,0.0,1591,1524,,0,0,FAIL
2726.901,0,FAIL,0,0,NO_ORIGIN,0,0,1,1,1,1,0,0.0,,,,,0.0,1591,1524,,0,0,FAIL
2726.951,0,FAIL,0,0,NO_ORIGIN,0,0,1,1,1,1,0,0.0,,,,,0.0,1591,1524,,0,0,FAIL
2727.001,0,FAIL,0,0,NO_ORIGIN,0,0,1,1,1,1,0,0.0,,,,,0.0,1591,1524,,0,0,FAIL
2727.051,0,FAIL,0,0,NO_ORIGIN,0,0,1,1,1,1,0,0.0,,,,,0.0,1591,1524,,0,0,FAIL
2727.102,0,FAIL,0,0,NO_ORIGIN,0,0,1,1,1,1,0,0.0,,,,,0.0,1591,1524,,0,0,FAIL
2727.152,0,FAIL,0,0,NO_ORIGIN,0,0,1,1,1,1,0,0.0,,,,,0.0,1591,1524,,0,0,FAIL
2727.202,0,FAIL,0,0,NO_ORIGIN,0,0,1,1,1,1,0,0.0,,,,,0.0,1591,1524,,0,0,FAIL
2727.252,0,FAIL,0,0,NO_ORIGIN,0,0,1,1,1,1,0,0.0,,,,,0.0,1591,1524,,0,0,FAIL
2727.302,0,FAIL,0,0,NO_ORIGIN,0,0,1,1,1,1,0,0.0,,,,,0.0,1591,1524,,0,0,FAIL
2727.353,0,FAIL,0,0,NO_ORIGIN,0,0,1,1,1,1,0,0.0,,,,,0.0,1591,1524,,0,0,FAIL
2727.403,0,FAIL,0,0,NO_ORIGIN,0,0,1,1,1,1,0,0.0,,,,,0.0,1591,1524,,0,0,FAIL
2727.453,0,FAIL,0,0,NO_ORIGIN,0,0,1,1,1,1,0,0.0,,,,,0.0,1591,1524,,0,0,FAIL
2727.503,0,FAIL,0,0,NO_ORIGIN,0,0,1,1,1,1,0,0.0,,,,,0.0,1591,1524,,0,0,FAIL
2727.553,0,FAIL,0,0,NO_ORIGIN,0,0,1,1,1,1,0,0.0,,,,,0.0,1591,1524,,0,0,FAIL
2727.603,0,FAIL,0,0,NO_ORIGIN,0,0,1,1,1,1,0,0.0,,,,,0.0,1591,1524,,0,0,FAIL
2727.653,0,FAIL,0,0,NO_ORIGIN,0,0,1,1,1,1,0,0.0,,,,,0.0,1591,1524,,0,0,FAIL
2727.704,0,FAIL,0,0,NO_ORIGIN,0,0,1,1,1,1,0,0.0,,,,,0.0,1591,1524,,0,0,FAIL
2727.754,0,FAIL,0,0,NO_ORIGIN,0,0,1,1,1,1,0,0.0,,,,,0.0,1591,1524,,0,0,FAIL
2727.804,0,FAIL,0,0,NO_ORIGIN,0,0,1,1,1,1,0,0.0,,,,,0.0,1591,1524,,0,0,FAIL
2727.854,0,FAIL,0,0,NO_ORIGIN,0,0,1,1,1,1,0,0.0,,,,,0.0,1591,1524,,0,0,FAIL
2727.904,0,FAIL,0,0,NO_ORIGIN,0,0,1,1,1,1,0,0.0,,,,,0.0,1591,1524,,0,0,FAIL
2727.954,0,FAIL,0,0,NO_ORIGIN,0,0,1,1,1,1,0,0.0,,,,,0.0,1591,1524,,0,0,FAIL
2728.004,0,FAIL,0,0,NO_ORIGIN,0,0,1,1,1,1,0,0.0,,,,,0.0,1591,1524,,0,0,FAIL
2728.054,0,FAIL,0,0,NO_ORIGIN,0,0,1,1,1,1,0,0.0,,,,,0.0,1591,1524,,0,0,FAIL
2728.105,0,FAIL,0,0,NO_ORIGIN,0,0,1,1,1,1,0,0.0,,,,,0.0,1591,1524,,0,0,FAIL
2728.155,0,FAIL,0,0,NO_ORIGIN,0,0,1,1,1,1,0,0.0,,,,,0.0,1591,1524,,0,0,FAIL
2728.205,0,FAIL,0,0,NO_ORIGIN,0,0,1,1,1,1,0,0.0,,,,,0.0,1591,1524,,0,0,FAIL
2728.255,0,FAIL,0,0,NO_ORIGIN,0,0,1,1,1,1,0,0.0,,,,,0.0,1591,1524,,0,0,FAIL
2728.305,0,FAIL,0,0,NO_ORIGIN,0,0,1,1,1,1,0,0.0,,,,,0.0,1591,1524,,0,0,FAIL
2728.355,0,FAIL,0,0,NO_ORIGIN,0,0,1,1,1,1,0,0.0,,,,,0.0,1591,1524,,0,0,FAIL
2728.405,0,FAIL,0,0,NO_ORIGIN,0,0,1,1,1,1,0,0.0,,,,,0.0,1591,1524,,0,0,FAIL
2728.455,0,FAIL,0,0,NO_ORIGIN,0,0,1,1,1,1,0,0.0,,,,,0.0,1591,1524,,0,0,FAIL
2728.506,0,FAIL,0,0,NO_ORIGIN,0,0,1,1,1,1,0,0.0,,,,,0.0,1591,1524,,0,0,FAIL
2728.556,0,FAIL,0,0,NO_ORIGIN,0,0,1,1,1,1,0,0.0,,,,,0.0,1591,1524,,0,0,FAIL
2728.607,0,FAIL,0,0,NO_ORIGIN,0,0,1,1,1,1,0,0.0,,,,,0.0,1591,1524,,0,0,FAIL
2728.657,0,FAIL,0,0,NO_ORIGIN,0,0,1,1,1,1,0,0.0,,,,,0.0,1591,1524,,0,0,FAIL
2728.707,0,FAIL,0,0,NO_ORIGIN,0,0,1,1,1,1,0,0.0,,,,,0.0,1591,1524,,0,0,FAIL
2728.758,0,FAIL,0,0,NO_ORIGIN,0,0,1,1,1,1,0,0.0,,,,,0.0,1591,1524,,0,0,FAIL
2728.809,0,FAIL,0,0,NO_ORIGIN,0,0,1,1,1,1,0,0.0,,,,,0.0,1591,1524,,0,0,FAIL
2728.859,0,FAIL,0,0,NO_ORIGIN,0,0,1,1,1,1,0,0.0,,,,,0.0,1591,1524,,0,0,FAIL
2728.909,0,FAIL,0,0,NO_ORIGIN,0,0,1,1,1,1,0,0.0,,,,,0.0,1591,1524,,0,0,FAIL
2728.959,0,FAIL,0,0,NO_ORIGIN,0,0,1,1,1,1,0,0.0,,,,,0.0,1591,1524,,0,0,FAIL
2729.009,0,FAIL,0,0,NO_ORIGIN,0,0,1,1,1,1,0,0.0,,,,,0.0,1591,1524,,0,0,FAIL
2729.06,0,FAIL,0,0,NO_ORIGIN,0,0,1,1,1,1,0,0.0,,,,,0.0,1591,1524,,0,0,FAIL
2729.112,0,FAIL,0,0,NO_ORIGIN,0,0,1,1,1,1,0,0.0,,,,,0.0,1591,1524,,0,0,FAIL
2729.162,0,FAIL,0,0,NO_ORIGIN,0,0,1,1,1,1,0,0.0,,,,,0.0,1591,1524,,0,0,FAIL
2729.213,0,FAIL,0,0,NO_ORIGIN,0,0,1,1,1,1,0,0.0,,,,,0.0,1591,1524,,0,0,FAIL
2729.263,0,FAIL,0,0,NO_ORIGIN,0,0,1,1,1,1,0,0.0,,,,,0.0,1591,1524,,0,0,FAIL
2729.313,0,FAIL,0,0,NO_ORIGIN,0,0,1,1,1,1,0,0.0,,,,,0.0,1591,1524,,0,0,FAIL
2729.363,0,FAIL,0,0,NO_ORIGIN,0,0,1,1,1,1,0,0.0,,,,,0.0,1591,1524,,0,0,FAIL
2729.414,0,FAIL,0,0,NO_ORIGIN,0,0,1,1,1,1,0,0.0,,,,,0.0,1591,1524,,0,0,FAIL
2729.464,0,FAIL,0,0,NO_ORIGIN,0,0,1,1,1,1,0,0.0,,,,,0.0,1591,1524,,0,0,FAIL
2729.514,0,FAIL,0,0,NO_ORIGIN,0,0,1,1,1,1,0,0.0,,,,,0.0,1591,1524,,0,0,FAIL
2729.565,0,FAIL,0,0,NO_ORIGIN,0,0,1,1,1,1,0,0.0,,,,,0.0,1591,1524,,0,0,FAIL
2729.616,0,FAIL,0,0,NO_ORIGIN,0,0,1,1,1,1,0,0.0,,,,,0.0,1591,1524,,0,0,FAIL
2729.666,0,FAIL,0,0,NO_ORIGIN,0,0,1,1,1,1,0,0.0,,,,,0.0,1591,1524,,0,0,FAIL
2729.717,0,FAIL,0,0,NO_ORIGIN,0,0,1,1,1,1,0,0.0,,,,,0.0,1591,1524,,0,0,FAIL
2729.767,0,FAIL,0,0,NO_ORIGIN,0,0,1,1,1,1,0,0.0,,,,,0.0,1591,1524,,0,0,FAIL
2729.817,0,FAIL,0,0,NO_ORIGIN,0,0,1,1,1,1,0,0.0,,,,,0.0,1591,1524,,0,0,FAIL
2729.868,0,FAIL,0,0,NO_ORIGIN,0,0,1,1,1,1,0,0.0,,,,,0.0,1591,1524,,0,0,FAIL
2729.918,0,FAIL,0,0,NO_ORIGIN,0,0,1,1,1,1,0,0.0,,,,,0.0,1591,1524,,0,0,FAIL
2729.969,0,FAIL,0,0,NO_ORIGIN,0,0,1,1,1,1,0,0.0,,,,,0.0,1591,1524,,0,0,FAIL
2730.019,0,FAIL,0,0,NO_ORIGIN,0,0,1,1,1,1,0,0.0,,,,,0.0,1591,1524,,0,0,FAIL
2730.069,0,FAIL,0,0,NO_ORIGIN,0,0,1,1,1,1,0,0.0,,,,,0.0,1591,1524,,0,0,FAIL
2730.119,0,FAIL,0,0,NO_ORIGIN,0,0,1,1,1,1,0,0.0,,,,,0.0,1591,1524,,0,0,FAIL
2730.169,0,FAIL,0,0,NO_ORIGIN,0,0,1,1,1,1,0,0.0,,,,,0.0,1591,1524,,0,0,FAIL
2730.219,0,FAIL,0,0,NO_ORIGIN,0,0,1,1,1,1,0,0.0,,,,,0.0,1591,1524,,0,0,FAIL
2730.27,0,FAIL,0,0,NO_ORIGIN,0,0,1,1,1,1,0,0.0,,,,,0.0,1591,1524,,0,0,FAIL
2730.32,0,FAIL,0,0,NO_ORIGIN,0,0,1,1,1,1,0,0.0,,,,,0.0,1591,1524,,0,0,FAIL
2730.37,0,FAIL,0,0,NO_ORIGIN,0,0,1,1,1,1,0,0.0,,,,,0.0,1591,1524,,0,0,FAIL
2730.42,0,FAIL,0,0,NO_ORIGIN,0,0,1,1,1,1,0,0.0,,,,,0.0,1591,1524,,0,0,FAIL
2730.47,0,FAIL,0,0,NO_ORIGIN,0,0,1,1,1,1,0,0.0,,,,,0.0,1591,1524,,0,0,FAIL
2730.52,0,FAIL,0,0,NO_ORIGIN,0,0,1,1,1,1,0,0.0,,,,,0.0,1591,1524,,0,0,FAIL
2730.57,0,FAIL,0,0,NO_ORIGIN,0,0,1,1,1,1,0,0.0,,,,,0.0,1591,1524,,0,0,FAIL
2730.62,0,FAIL,0,0,NO_ORIGIN,0,0,1,1,1,1,0,0.0,,,,,0.0,1591,1524,,0,0,FAIL
2730.671,0,FAIL,0,0,NO_ORIGIN,0,0,1,1,1,1,0,0.0,,,,,0.0,1591,1524,,0,0,FAIL
2730.721,0,FAIL,0,0,NO_ORIGIN,0,0,1,1,1,1,0,0.0,,,,,0.0,1591,1524,,0,0,FAIL
2730.771,0,FAIL,0,0,NO_ORIGIN,0,0,1,1,1,1,0,0.0,,,,,0.0,1591,1524,,0,0,FAIL
2730.821,0,FAIL,0,0,NO_ORIGIN,0,0,1,1,1,1,0,0.0,,,,,0.0,1591,1524,,0,0,FAIL
2730.871,0,FAIL,0,0,NO_ORIGIN,0,0,1,1,1,1,0,0.0,,,,,0.0,1591,1524,,0,0,FAIL
2730.921,0,FAIL,0,0,NO_ORIGIN,0,0,1,1,1,1,0,0.0,,,,,0.0,1591,1524,,0,0,FAIL
2730.971,0,FAIL,0,0,NO_ORIGIN,0,0,1,1,1,1,0,0.0,,,,,0.0,1591,1524,,0,0,FAIL
2731.021,0,FAIL,0,0,NO_ORIGIN,0,0,1,1,1,1,0,0.0,,,,,0.0,1591,1524,,0,0,FAIL
2731.072,0,FAIL,0,0,NO_ORIGIN,0,0,1,1,1,1,0,0.0,,,,,0.0,1591,1524,,0,0,FAIL
2731.122,0,FAIL,0,0,NO_ORIGIN,0,0,1,1,1,1,0,0.0,,,,,0.0,1591,1524,,0,0,FAIL
2731.172,0,FAIL,0,0,NO_ORIGIN,0,0,1,1,1,1,0,0.0,,,,,0.0,1591,1524,,0,0,FAIL
2731.222,0,FAIL,0,0,NO_ORIGIN,0,0,1,1,1,1,0,0.0,,,,,0.0,1591,1524,,0,0,FAIL
2731.272,0,FAIL,0,0,NO_ORIGIN,0,0,1,1,1,1,0,0.0,,,,,0.0,1591,1524,,0,0,FAIL
2731.322,0,FAIL,0,0,NO_ORIGIN,0,0,1,1,1,1,0,0.0,,,,,0.0,1591,1524,,0,0,FAIL
2731.372,0,FAIL,0,0,NO_ORIGIN,0,0,1,1,1,1,0,0.0,,,,,0.0,1591,1524,,0,0,FAIL
2731.422,0,FAIL,0,0,NO_ORIGIN,0,0,1,1,1,1,0,0.0,,,,,0.0,1591,1524,,0,0,FAIL
2731.473,0,FAIL,0,0,NO_ORIGIN,0,0,1,1,1,1,0,0.0,,,,,0.0,1591,1524,,0,0,FAIL
2731.523,0,FAIL,0,0,NO_ORIGIN,0,0,1,1,1,1,0,0.0,,,,,0.0,1591,1524,,0,0,FAIL
2731.573,0,FAIL,0,0,NO_ORIGIN,0,0,1,1,1,1,0,0.0,,,,,0.0,1591,1524,,0,0,FAIL
2731.623,0,FAIL,0,0,NO_ORIGIN,0,0,1,1,1,1,0,0.0,,,,,0.0,1591,1524,,0,0,FAIL
2731.673,0,FAIL,0,0,NO_ORIGIN,0,0,1,1,1,1,0,0.0,,,,,0.0,1591,1524,,0,0,FAIL
2731.723,0,FAIL,0,0,NO_ORIGIN,0,0,1,1,1,1,0,0.0,,,,,0.0,1591,1524,,0,0,FAIL
2731.773,0,FAIL,0,0,NO_ORIGIN,0,0,1,1,1,1,0,0.0,,,,,0.0,1591,1524,,0,0,FAIL
2731.823,0,FAIL,0,0,NO_ORIGIN,0,0,1,1,1,1,0,0.0,,,,,0.0,1591,1524,,0,0,FAIL
2731.874,0,FAIL,0,0,NO_ORIGIN,0,0,1,1,1,1,0,0.0,,,,,0.0,1591,1524,,0,0,FAIL
2731.924,0,FAIL,0,0,NO_ORIGIN,0,0,1,1,1,1,0,0.0,,,,,0.0,1591,1524,,0,0,FAIL
2731.974,0,FAIL,0,0,NO_ORIGIN,0,0,1,1,1,1,0,0.0,,,,,0.0,1591,1524,,0,0,FAIL
2732.024,0,FAIL,0,0,NO_ORIGIN,0,0,1,1,1,1,0,0.0,,,,,0.0,1591,1524,,0,0,FAIL
2732.074,0,FAIL,0,0,NO_ORIGIN,0,0,1,1,1,1,0,0.0,,,,,0.0,1591,1524,,0,0,FAIL
2732.124,0,FAIL,0,0,NO_ORIGIN,0,0,1,1,1,1,0,0.0,,,,,0.0,1591,1524,,0,0,FAIL
2732.174,0,FAIL,0,0,NO_ORIGIN,0,0,1,1,1,1,0,0.0,,,,,0.0,1591,1524,,0,0,FAIL
2732.224,0,FAIL,0,0,NO_ORIGIN,0,0,1,1,1,1,0,0.0,,,,,0.0,1591,1524,,0,0,FAIL
2732.275,0,FAIL,0,0,NO_ORIGIN,0,0,1,1,1,1,0,0.0,,,,,0.0,1591,1524,,0,0,FAIL
2732.325,0,FAIL,0,0,NO_ORIGIN,0,0,1,1,1,1,0,0.0,,,,,0.0,1591,1524,,0,0,FAIL
2732.375,0,FAIL,0,0,NO_ORIGIN,0,0,1,1,1,1,0,0.0,,,,,0.0,1591,1524,,0,0,FAIL
2732.425,0,FAIL,0,0,NO_ORIGIN,0,0,1,1,1,1,0,0.0,,,,,0.0,1591,1524,,0,0,FAIL
2732.476,0,FAIL,0,0,NO_ORIGIN,0,0,1,1,1,1,0,0.0,,,,,0.0,1591,1524,,0,0,FAIL
2732.526,0,FAIL,0,0,NO_ORIGIN,0,0,1,1,1,1,0,0.0,,,,,0.0,1591,1524,,0,0,FAIL
2732.576,0,FAIL,0,0,NO_ORIGIN,0,0,1,1,1,1,0,0.0,,,,,0.0,1591,1524,,0,0,FAIL
2732.626,0,FAIL,0,0,NO_ORIGIN,0,0,1,1,1,1,0,0.0,,,,,0.0,1591,1524,,0,0,FAIL
2732.676,0,FAIL,0,0,NO_ORIGIN,0,0,1,1,1,1,0,0.0,,,,,0.0,1591,1524,,0,0,FAIL
2732.726,0,FAIL,0,0,NO_ORIGIN,0,0,1,1,1,1,0,0.0,,,,,0.0,1591,1524,,0,0,FAIL
2732.776,0,FAIL,0,0,NO_ORIGIN,0,0,1,1,1,1,0,0.0,,,,,0.0,1591,1524,,0,0,FAIL
2732.827,0,FAIL,0,0,NO_ORIGIN,0,0,1,1,1,1,0,0.0,,,,,0.0,1591,1524,,0,0,FAIL
2732.877,0,FAIL,0,0,NO_ORIGIN,0,0,1,1,1,1,0,0.0,,,,,0.0,1591,1524,,0,0,FAIL
2732.927,0,FAIL,0,0,NO_ORIGIN,0,0,1,1,1,1,0,0.0,,,,,0.0,1591,1524,,0,0,FAIL
2732.977,0,FAIL,0,0,NO_ORIGIN,0,0,1,1,1,1,0,0.0,,,,,0.0,1591,1524,,0,0,FAIL
2733.027,0,FAIL,0,0,NO_ORIGIN,0,0,1,1,1,1,0,0.0,,,,,0.0,1591,1524,,0,0,FAIL
2733.077,0,FAIL,0,0,NO_ORIGIN,0,0,1,1,1,1,0,0.0,,,,,0.0,1591,1524,,0,0,FAIL
2733.127,0,FAIL,0,0,NO_ORIGIN,0,0,1,1,1,1,0,0.0,,,,,0.0,1591,1524,,0,0,FAIL
2733.177,0,FAIL,0,0,NO_ORIGIN,0,0,1,1,1,1,0,0.0,,,,,0.0,1591,1524,,0,0,FAIL
2733.228,0,FAIL,0,0,NO_ORIGIN,0,0,1,1,1,1,0,0.0,,,,,0.0,1591,1524,,0,0,FAIL
2733.278,0,FAIL,0,0,NO_ORIGIN,0,0,1,1,1,1,0,0.0,,,,,0.0,1591,1524,,0,0,FAIL
2733.329,0,FAIL,0,0,NO_ORIGIN,0,0,1,1,1,1,0,0.0,,,,,0.0,1591,1524,,0,0,FAIL
2733.379,0,FAIL,0,0,NO_ORIGIN,0,0,1,1,1,1,0,0.0,,,,,0.0,1591,1524,,0,0,FAIL
2733.429,0,FAIL,0,0,NO_ORIGIN,0,0,1,1,1,1,0,0.0,,,,,0.0,1591,1524,,0,0,FAIL
2733.479,0,FAIL,0,0,NO_ORIGIN,0,0,1,1,1,1,0,0.0,,,,,0.0,1591,1524,,0,0,FAIL
2733.529,0,FAIL,0,0,NO_ORIGIN,0,0,1,1,1,1,0,0.0,,,,,0.0,1591,1524,,0,0,FAIL
2733.579,0,FAIL,0,0,NO_ORIGIN,0,0,1,1,1,1,0,0.0,,,,,0.0,1591,1524,,0,0,FAIL
2733.63,0,FAIL,0,0,NO_ORIGIN,0,0,1,1,1,1,0,0.0,,,,,0.0,1591,1524,,0,0,FAIL
2733.68,0,FAIL,0,0,NO_ORIGIN,0,0,1,1,1,1,0,0.0,,,,,0.0,1591,1524,,0,0,FAIL
2733.73,0,FAIL,0,0,NO_ORIGIN,0,0,1,1,1,1,0,0.0,,,,,0.0,1591,1524,,0,0,FAIL
2733.78,0,FAIL,0,0,NO_ORIGIN,0,0,1,1,1,1,0,0.0,,,,,0.0,1591,1524,,0,0,FAIL
2733.831,0,FAIL,0,0,NO_ORIGIN,0,0,1,1,1,1,0,0.0,,,,,0.0,1591,1524,,0,0,FAIL
2733.881,0,FAIL,0,0,NO_ORIGIN,0,0,1,1,1,1,0,0.0,,,,,0.0,1591,1524,,0,0,FAIL
2733.931,0,FAIL,0,0,NO_ORIGIN,0,0,1,1,1,1,0,0.0,,,,,0.0,1591,1524,,0,0,FAIL
2733.981,0,FAIL,0,0,NO_ORIGIN,0,0,1,1,1,1,0,0.0,,,,,0.0,1591,1524,,0,0,FAIL
2734.031,0,FAIL,0,0,NO_ORIGIN,0,0,1,1,1,1,0,0.0,,,,,0.0,1591,1524,,0,0,FAIL
2734.081,0,FAIL,0,0,NO_ORIGIN,0,0,1,1,1,1,0,0.0,,,,,0.0,1591,1524,,0,0,FAIL
2734.132,0,FAIL,0,0,NO_ORIGIN,0,0,1,1,1,1,0,0.0,,,,,0.0,1591,1524,,0,0,FAIL
2734.182,0,FAIL,0,0,NO_ORIGIN,0,0,1,1,1,1,0,0.0,,,,,0.0,1591,1524,,0,0,FAIL
2734.232,0,FAIL,0,0,NO_ORIGIN,0,0,1,1,1,1,0,0.0,,,,,0.0,1591,1524,,0,0,FAIL
2734.282,0,FAIL,0,0,NO_ORIGIN,0,0,1,1,1,1,0,0.0,,,,,0.0,1591,1524,,0,0,FAIL
2734.332,0,FAIL,0,0,NO_ORIGIN,0,0,1,1,1,1,0,0.0,,,,,0.0,1591,1524,,0,0,FAIL
2734.383,0,FAIL,0,0,NO_ORIGIN,0,0,1,1,1,1,0,0.0,,,,,0.0,1591,1524,,0,0,FAIL
2734.433,0,FAIL,0,0,NO_ORIGIN,0,0,1,1,1,1,0,0.0,,,,,0.0,1591,1524,,0,0,FAIL
2734.483,0,FAIL,0,0,NO_ORIGIN,0,0,1,1,1,1,0,0.0,,,,,0.0,1591,1524,,0,0,FAIL
2734.533,0,FAIL,0,0,NO_ORIGIN,0,0,1,1,1,1,0,0.0,,,,,0.0,1591,1524,,0,0,FAIL
2734.583,0,FAIL,0,0,NO_ORIGIN,0,0,1,1,1,1,0,0.0,,,,,0.0,1591,1524,,0,0,FAIL
2734.634,0,FAIL,0,0,NO_ORIGIN,0,0,1,1,1,1,0,0.0,,,,,0.0,1591,1524,,0,0,FAIL
2734.684,0,FAIL,0,0,NO_ORIGIN,0,0,1,1,1,1,0,0.0,,,,,0.0,1591,1524,,0,0,FAIL
2734.734,0,FAIL,0,0,NO_ORIGIN,0,0,1,1,1,1,0,0.0,,,,,0.0,1591,1524,,0,0,FAIL
2734.784,0,FAIL,0,0,NO_ORIGIN,0,0,1,1,1,1,0,0.0,,,,,0.0,1591,1524,,0,0,FAIL
2734.834,0,FAIL,0,0,NO_ORIGIN,0,0,1,1,1,1,0,0.0,,,,,0.0,1591,1524,,0,0,FAIL
2734.885,0,FAIL,0,0,NO_ORIGIN,0,0,1,1,1,1,0,0.0,,,,,0.0,1591,1524,,0,0,FAIL
2734.935,0,FAIL,0,0,NO_ORIGIN,0,0,1,1,1,1,0,0.0,,,,,0.0,1591,1524,,0,0,FAIL
2734.985,0,FAIL,0,0,NO_ORIGIN,0,0,1,1,1,1,0,0.0,,,,,0.0,1591,1524,,0,0,FAIL
2735.035,0,FAIL,0,0,NO_ORIGIN,0,0,1,1,1,1,0,0.0,,,,,0.0,1591,1524,,0,0,FAIL
2735.085,0,FAIL,0,0,NO_ORIGIN,0,0,1,1,1,1,0,0.0,,,,,0.0,1591,1524,,0,0,FAIL
2735.136,0,FAIL,0,0,NO_ORIGIN,0,0,1,1,1,1,0,0.0,,,,,0.0,1591,1524,,0,0,FAIL
2735.186,0,FAIL,0,0,NO_ORIGIN,0,0,1,1,1,1,0,0.0,,,,,0.0,1591,1524,,0,0,FAIL
2735.236,0,FAIL,0,0,NO_ORIGIN,0,0,1,1,1,1,0,0.0,,,,,0.0,1591,1524,,0,0,FAIL
2735.286,0,FAIL,0,0,NO_ORIGIN,0,0,1,1,1,1,0,0.0,,,,,0.0,1591,1524,,0,0,FAIL
2735.337,0,FAIL,0,0,NO_ORIGIN,0,0,1,1,1,1,0,0.0,,,,,0.0,1591,1524,,0,0,FAIL
2735.387,0,FAIL,0,0,NO_ORIGIN,0,0,1,1,1,1,0,0.0,,,,,0.0,1591,1524,,0,0,FAIL
2735.437,0,FAIL,0,0,NO_ORIGIN,0,0,1,1,1,1,0,0.0,,,,,0.0,1591,1524,,0,0,FAIL
2735.487,0,FAIL,0,0,NO_ORIGIN,0,0,1,1,1,1,0,0.0,,,,,0.0,1591,1524,,0,0,FAIL
2735.538,0,FAIL,0,0,NO_ORIGIN,0,0,1,1,1,1,0,0.0,,,,,0.0,1591,1524,,0,0,FAIL
2735.588,0,FAIL,0,0,NO_ORIGIN,0,0,1,1,1,1,0,0.0,,,,,0.0,1591,1524,,0,0,FAIL
2735.638,0,FAIL,0,0,NO_ORIGIN,0,0,1,1,1,1,0,0.0,,,,,0.0,1591,1524,,0,0,FAIL
2735.688,0,FAIL,0,0,NO_ORIGIN,0,0,1,1,1,1,0,0.0,,,,,0.0,1591,1524,,0,0,FAIL
2735.738,0,FAIL,0,0,NO_ORIGIN,0,0,1,1,1,1,0,0.0,,,,,0.0,1591,1524,,0,0,FAIL
2735.789,0,FAIL,0,0,NO_ORIGIN,0,0,1,1,1,1,0,0.0,,,,,0.0,1591,1524,,0,0,FAIL
2735.839,0,FAIL,0,0,NO_ORIGIN,0,0,1,1,1,1,0,0.0,,,,,0.0,1591,1524,,0,0,FAIL
2735.889,0,FAIL,0,0,NO_ORIGIN,0,0,1,1,1,1,0,0.0,,,,,0.0,1591,1524,,0,0,FAIL
2735.939,0,FAIL,0,0,NO_ORIGIN,0,0,1,1,1,1,0,0.0,,,,,0.0,1591,1524,,0,0,FAIL
2735.99,0,FAIL,0,0,NO_ORIGIN,0,0,1,1,1,1,0,0.0,,,,,0.0,1591,1524,,0,0,FAIL
2736.04,0,FAIL,0,0,NO_ORIGIN,0,0,1,1,1,1,0,0.0,,,,,0.0,1591,1524,,0,0,FAIL
2736.09,0,FAIL,0,0,NO_ORIGIN,0,0,1,1,1,1,0,0.0,,,,,0.0,1591,1524,,0,0,FAIL
2736.14,0,FAIL,0,0,NO_ORIGIN,0,0,1,1,1,1,0,0.0,,,,,0.0,1591,1524,,0,0,FAIL
2736.191,0,FAIL,0,0,NO_ORIGIN,0,0,1,1,1,1,0,0.0,,,,,0.0,1591,1524,,0,0,FAIL
2736.241,0,FAIL,0,0,NO_ORIGIN,0,0,1,1,1,1,0,0.0,,,,,0.0,1591,1524,,0,0,FAIL
2736.291,0,FAIL,0,0,NO_ORIGIN,0,0,1,1,1,1,0,0.0,,,,,0.0,1591,1524,,0,0,FAIL
2736.342,0,FAIL,0,0,NO_ORIGIN,0,0,1,1,1,1,0,0.0,,,,,0.0,1591,1524,,0,0,FAIL
2736.392,0,FAIL,0,0,NO_ORIGIN,0,0,1,1,1,1,0,0.0,,,,,0.0,1591,1524,,0,0,FAIL
2736.442,0,FAIL,0,0,NO_ORIGIN,0,0,1,1,1,1,0,0.0,,,,,0.0,1591,1524,,0,0,FAIL
2736.492,0,FAIL,0,0,NO_ORIGIN,0,0,1,1,1,1,0,0.0,,,,,0.0,1591,1524,,0,0,FAIL
2736.542,0,FAIL,0,0,NO_ORIGIN,0,0,1,1,1,1,0,0.0,,,,,0.0,1591,1524,,0,0,FAIL
2736.592,0,FAIL,0,0,NO_ORIGIN,0,0,1,1,1,1,0,0.0,,,,,0.0,1591,1524,,0,0,FAIL
2736.642,0,FAIL,0,0,NO_ORIGIN,0,0,1,1,1,1,0,0.0,,,,,0.0,1591,1524,,0,0,FAIL
2736.693,0,FAIL,0,0,NO_ORIGIN,0,0,1,1,1,1,0,0.0,,,,,0.0,1591,1524,,0,0,FAIL
2736.744,0,FAIL,0,0,NO_ORIGIN,0,0,1,1,1,1,0,0.0,,,,,0.0,1591,1524,,0,0,FAIL
2736.794,0,FAIL,0,0,NO_ORIGIN,0,0,1,1,1,1,0,0.0,,,,,0.0,1591,1524,,0,0,FAIL
2736.844,0,FAIL,0,0,NO_ORIGIN,0,0,1,1,1,1,0,0.0,,,,,0.0,1591,1524,,0,0,FAIL
2736.894,0,FAIL,0,0,NO_ORIGIN,0,0,1,1,1,1,0,0.0,,,,,0.0,1591,1524,,0,0,FAIL
2736.944,0,FAIL,0,0,NO_ORIGIN,0,0,1,1,1,1,0,0.0,,,,,0.0,1591,1524,,0,0,FAIL
2736.994,0,FAIL,0,0,NO_ORIGIN,0,0,1,1,1,1,0,0.0,,,,,0.0,1591,1524,,0,0,FAIL
2737.044,0,FAIL,0,0,NO_ORIGIN,0,0,1,1,1,1,0,0.0,,,,,0.0,1591,1524,,0,0,FAIL
2737.095,0,FAIL,0,0,NO_ORIGIN,0,0,1,1,1,1,0,0.0,,,,,0.0,1591,1524,,0,0,FAIL
2737.145,0,FAIL,0,0,NO_ORIGIN,0,0,1,1,1,1,0,0.0,,,,,0.0,1591,1524,,0,0,FAIL
2737.195,0,FAIL,0,0,NO_ORIGIN,0,0,1,1,1,1,0,0.0,,,,,0.0,1591,1524,,0,0,FAIL
2737.245,0,FAIL,0,0,NO_ORIGIN,0,0,1,1,1,1,0,0.0,,,,,0.0,1591,1524,,0,0,FAIL
2737.295,0,FAIL,0,0,NO_ORIGIN,0,0,1,1,1,1,0,0.0,,,,,0.0,1591,1524,,0,0,FAIL
2737.346,0,FAIL,0,0,NO_ORIGIN,0,0,1,1,1,1,0,0.0,,,,,0.0,1591,1524,,0,0,FAIL
2737.396,0,FAIL,0,0,NO_ORIGIN,0,0,1,1,1,1,0,0.0,,,,,0.0,1591,1524,,0,0,FAIL
2737.446,0,FAIL,0,0,NO_ORIGIN,0,0,1,1,1,1,0,0.0,,,,,0.0,1591,1524,,0,0,FAIL
2737.496,0,FAIL,0,0,NO_ORIGIN,0,0,1,1,1,1,0,0.0,,,,,0.0,1591,1524,,0,0,FAIL
2737.547,0,FAIL,0,0,NO_ORIGIN,0,0,1,1,1,1,0,0.0,,,,,0.0,1591,1524,,0,0,FAIL
2737.597,1,FAIL,0,0,NO_ORIGIN,0,0,1,1,1,1,0,0.0,,,,,0.0,1591,1524,,0,0,FAIL
2737.647,1,FAIL,0,0,NO_ORIGIN,0,0,1,1,1,1,0,0.0,,,,,0.0,1591,1524,,0,0,FAIL
2737.697,1,FAIL,0,0,NO_ORIGIN,0,0,1,1,1,1,0,0.0,,,,,0.0,1591,1524,,0,0,FAIL
2737.748,1,FAIL,0,0,NO_ORIGIN,0,0,1,1,1,1,0,0.0,,,,,0.0,1591,1524,,0,0,FAIL
2737.798,1,FAIL,0,0,NO_ORIGIN,0,0,1,1,1,1,0,0.0,,,,,0.0,1591,1524,,0,0,FAIL
2737.848,1,FAIL,0,0,NO_ORIGIN,0,0,1,1,1,1,0,0.0,,,,,0.0,1591,1524,,0,0,FAIL
2737.898,1,FAIL,0,0,NO_ORIGIN,0,0,1,1,1,1,0,0.0,,,,,0.0,1591,1524,,0,0,FAIL
2737.948,1,FAIL,0,0,NO_ORIGIN,0,0,1,1,1,1,0,0.0,,,,,0.0,1591,1524,,0,0,FAIL
2737.998,1,FAIL,0,0,NO_ORIGIN,0,0,1,1,1,1,0,0.0,,,,,0.0,1591,1524,,0,0,FAIL
2738.049,1,FAIL,0,0,NO_ORIGIN,0,0,1,1,1,1,0,0.0,,,,,0.0,1591,1524,,0,0,FAIL
2738.099,1,FAIL,0,0,NO_ORIGIN,0,0,1,1,1,1,0,0.0,,,,,0.0,1591,1524,,0,0,FAIL
2738.149,1,FAIL,0,0,NO_ORIGIN,0,0,1,1,1,1,0,0.0,,,,,0.0,1591,1524,,0,0,FAIL
2738.199,1,FAIL,0,0,NO_ORIGIN,0,0,1,1,1,1,0,0.0,,,,,0.0,1591,1524,,0,0,FAIL
2738.249,1,FAIL,0,0,NO_ORIGIN,0,0,1,1,1,1,0,0.0,,,,,0.0,1591,1524,,0,0,FAIL
2738.299,1,FAIL,0,0,NO_ORIGIN,0,0,1,1,1,1,0,0.0,,,,,0.0,1591,1524,,0,0,FAIL
2738.35,1,FAIL,0,0,NO_ORIGIN,0,0,1,1,1,1,0,0.0,,,,,0.0,1591,1524,,0,0,FAIL
2738.4,1,FAIL,0,0,NO_ORIGIN,0,0,1,1,1,1,0,0.0,,,,,0.0,1591,1524,,0,0,FAIL
2738.45,1,FAIL,0,0,NO_ORIGIN,0,0,1,1,1,1,0,0.0,,,,,0.0,1591,1524,,0,0,FAIL
2738.5,1,FAIL,0,0,NO_ORIGIN,0,0,1,1,1,1,0,0.0,,,,,0.0,1591,1524,,0,0,FAIL
2738.55,1,FAIL,0,0,NO_ORIGIN,0,0,1,1,1,1,0,0.0,,,,,0.0,1591,1524,,0,0,FAIL
2738.6,1,FAIL,0,0,NO_ORIGIN,0,0,1,1,1,1,0,0.0,,,,,0.0,1591,1524,,0,0,FAIL
2738.651,1,FAIL,0,0,NO_ORIGIN,0,0,1,1,1,1,0,0.0,,,,,0.0,1591,1524,,0,0,FAIL
2738.701,1,FAIL,0,0,NO_ORIGIN,0,0,1,1,1,1,0,0.0,,,,,0.0,1591,1524,,0,0,FAIL
2738.751,1,FAIL,0,0,NO_ORIGIN,0,0,1,1,1,1,0,0.0,,,,,0.0,1591,1524,,0,0,FAIL
2738.801,1,FAIL,0,0,NO_ORIGIN,0,0,1,1,1,1,0,0.0,,,,,0.0,1591,1524,,0,0,FAIL
2738.851,1,FAIL,0,0,NO_ORIGIN,0,0,1,1,1,1,0,0.0,,,,,0.0,1591,1524,,0,0,FAIL
2738.901,1,FAIL,0,0,NO_ORIGIN,0,0,1,1,1,1,0,0.0,,,,,0.0,1591,1524,,0,0,FAIL
2738.951,1,FAIL,0,0,NO_ORIGIN,0,0,1,1,1,1,0,0.0,,,,,0.0,1591,1524,,0,0,FAIL
2739.001,1,FAIL,0,0,NO_ORIGIN,0,0,1,1,1,1,0,0.0,,,,,0.0,1591,1524,,0,0,FAIL
2739.052,1,FAIL,0,0,NO_ORIGIN,0,0,1,1,1,1,0,0.0,,,,,0.0,1591,1524,,0,0,FAIL
2739.102,1,FAIL,0,0,NO_ORIGIN,0,0,1,1,1,1,0,0.0,,,,,0.0,1591,1524,,0,0,FAIL
2739.152,1,FAIL,0,0,NO_ORIGIN,0,0,1,1,1,1,0,0.0,,,,,0.0,1591,1524,,0,0,FAIL
2739.202,1,FAIL,0,0,NO_ORIGIN,0,0,1,1,1,1,0,0.0,,,,,0.0,1591,1524,,0,0,FAIL
2739.252,1,FAIL,0,0,NO_ORIGIN,0,0,1,1,1,1,0,0.0,,,,,0.0,1591,1524,,0,0,FAIL
2739.302,1,FAIL,0,0,NO_ORIGIN,0,0,1,1,1,1,0,0.0,,,,,0.0,1591,1524,,0,0,FAIL
2739.352,1,FAIL,0,0,NO_ORIGIN,0,0,1,1,1,1,0,0.0,,,,,0.0,1591,1524,,0,0,FAIL
2739.402,1,FAIL,0,0,NO_ORIGIN,0,0,1,1,1,1,0,0.0,,,,,0.0,1591,1524,,0,0,FAIL
2739.453,1,FAIL,0,0,NO_ORIGIN,0,0,1,1,1,1,0,0.0,,,,,0.0,1591,1524,,0,0,FAIL
2739.503,1,FAIL,0,0,NO_ORIGIN,0,0,1,1,1,1,0,0.0,,,,,0.0,1591,1524,,0,0,FAIL
2739.553,1,FAIL,0,0,NO_ORIGIN,0,0,1,1,1,1,0,0.0,,,,,0.0,1591,1524,,0,0,FAIL
2739.603,1,FAIL,0,0,NO_ORIGIN,0,0,1,1,1,1,0,0.0,,,,,0.0,1591,1524,,0,0,FAIL
2739.653,1,FAIL,0,0,NO_ORIGIN,0,0,1,1,1,1,0,0.0,,,,,0.0,1591,1524,,0,0,FAIL
2739.704,1,FAIL,0,0,NO_ORIGIN,0,0,1,1,1,1,0,0.0,,,,,0.0,1591,1524,,0,0,FAIL
2739.754,1,FAIL,0,0,NO_ORIGIN,0,0,1,1,1,1,0,0.0,,,,,0.0,1591,1524,,0,0,FAIL
2739.804,1,FAIL,0,0,NO_ORIGIN,0,0,1,1,1,1,0,0.0,,,,,0.0,1591,1524,,0,0,FAIL
2739.854,1,FAIL,0,0,NO_ORIGIN,0,0,1,1,1,1,0,0.0,,,,,0.0,1591,1524,,0,0,FAIL
2739.904,1,FAIL,0,0,NO_ORIGIN,0,0,1,1,1,1,0,0.0,,,,,0.0,1591,1524,,0,0,FAIL
2739.954,1,FAIL,0,0,NO_ORIGIN,0,0,1,1,1,1,0,0.0,,,,,0.0,1591,1524,,0,0,FAIL
2740.004,1,FAIL,0,0,NO_ORIGIN,0,0,1,1,1,1,0,0.0,,,,,0.0,1591,1524,,0,0,FAIL
2740.055,1,FAIL,0,0,NO_ORIGIN,0,0,1,1,1,1,0,0.0,,,,,0.0,1591,1524,,0,0,FAIL
2740.105,1,FAIL,0,0,NO_ORIGIN,0,0,1,1,1,1,0,0.0,,,,,0.0,1591,1524,,0,0,FAIL
2740.155,1,FAIL,0,0,NO_ORIGIN,0,0,1,1,1,1,0,0.0,,,,,0.0,1591,1524,,0,0,FAIL
2740.205,1,FAIL,0,0,NO_ORIGIN,0,0,1,1,1,1,0,0.0,,,,,0.0,1591,1524,,0,0,FAIL
2740.255,1,FAIL,0,0,NO_ORIGIN,0,0,1,1,1,1,0,0.0,,,,,0.0,1591,1524,,0,0,FAIL
2740.305,1,FAIL,0,0,NO_ORIGIN,0,0,1,1,1,1,0,0.0,,,,,0.0,1591,1524,,0,0,FAIL
2740.355,1,FAIL,0,0,NO_ORIGIN,0,0,1,1,1,1,0,0.0,,,,,0.0,1591,1524,,0,0,FAIL
2740.405,1,FAIL,0,0,NO_ORIGIN,0,0,1,1,1,1,0,0.0,,,,,0.0,1591,1524,,0,0,FAIL
2740.455,1,FAIL,0,0,NO_ORIGIN,0,0,1,1,1,1,0,0.0,,,,,0.0,1591,1524,,0,0,FAIL
2740.506,1,FAIL,0,0,NO_ORIGIN,0,0,1,1,1,1,0,0.0,,,,,0.0,1591,1524,,0,0,FAIL
2740.556,1,FAIL,0,0,NO_ORIGIN,0,0,1,1,1,1,0,0.0,,,,,0.0,1591,1524,,0,0,FAIL
2740.606,1,FAIL,0,0,NO_ORIGIN,0,0,1,1,1,1,0,0.0,,,,,0.0,1591,1524,,0,0,FAIL
2740.656,1,FAIL,0,0,NO_ORIGIN,0,0,1,1,1,1,0,0.0,,,,,0.0,1591,1524,,0,0,FAIL
2740.706,1,FAIL,0,0,NO_ORIGIN,0,0,1,1,1,1,0,0.0,,,,,0.0,1591,1524,,0,0,FAIL
2740.756,1,FAIL,0,0,NO_ORIGIN,0,0,1,1,1,1,0,0.0,,,,,0.0,1591,1524,,0,0,FAIL
2740.806,1,FAIL,0,0,NO_ORIGIN,0,0,1,1,1,1,0,0.0,,,,,0.0,1591,1524,,0,0,FAIL
2740.856,1,FAIL,0,0,NO_ORIGIN,0,0,1,1,1,1,0,0.0,,,,,0.0,1591,1524,,0,0,FAIL
2740.907,1,FAIL,0,0,NO_ORIGIN,0,0,1,1,1,1,0,0.0,,,,,0.0,1591,1524,,0,0,FAIL
2740.957,1,FAIL,0,0,NO_ORIGIN,0,0,1,1,1,1,0,0.0,,,,,0.0,1591,1524,,0,0,FAIL
2741.007,1,FAIL,0,0,NO_ORIGIN,0,0,1,1,1,1,0,0.0,,,,,0.0,1591,1524,,0,0,FAIL
2741.057,1,FAIL,0,0,NO_ORIGIN,0,0,1,1,1,1,0,0.0,,,,,0.0,1591,1524,,0,0,FAIL
2741.107,1,FAIL,0,0,NO_ORIGIN,0,0,1,1,1,1,0,0.0,,,,,0.0,1591,1524,,0,0,FAIL
2741.157,1,FAIL,0,0,NO_ORIGIN,0,0,1,1,1,1,0,0.0,,,,,0.0,1591,1524,,0,0,FAIL
2741.207,1,FAIL,0,0,NO_ORIGIN,0,0,1,1,1,1,0,0.0,,,,,0.0,1591,1524,,0,0,FAIL
2741.257,1,FAIL,0,0,NO_ORIGIN,0,0,1,1,1,1,0,0.0,,,,,0.0,1591,1524,,0,0,FAIL
2741.308,1,FAIL,0,0,NO_ORIGIN,0,0,1,1,1,1,0,0.0,,,,,0.0,1591,1524,,0,0,FAIL
2741.358,1,FAIL,0,0,NO_ORIGIN,0,0,1,1,1,1,0,0.0,,,,,0.0,1591,1524,,0,0,FAIL
2741.408,1,FAIL,0,0,NO_ORIGIN,0,0,1,1,1,1,0,0.0,,,,,0.0,1591,1524,,0,0,FAIL
2741.458,1,FAIL,0,0,NO_ORIGIN,0,0,1,1,1,1,0,0.0,,,,,0.0,1591,1524,,0,0,FAIL
2741.508,1,FAIL,0,0,NO_ORIGIN,0,0,1,1,1,1,0,0.0,,,,,0.0,1591,1524,,0,0,FAIL
2741.558,1,FAIL,0,0,NO_ORIGIN,0,0,1,1,1,1,0,0.0,,,,,0.0,1591,1524,,0,0,FAIL
2741.608,1,FAIL,0,0,NO_ORIGIN,0,0,1,1,1,1,0,0.0,,,,,0.0,1591,1524,,0,0,FAIL
2741.658,1,FAIL,0,0,NO_ORIGIN,0,0,1,1,1,1,0,0.0,,,,,0.0,1591,1524,,0,0,FAIL
2741.709,1,FAIL,0,0,NO_ORIGIN,0,0,1,1,1,1,0,0.0,,,,,0.0,1591,1524,,0,0,FAIL
2741.759,1,FAIL,0,0,NO_ORIGIN,0,0,1,1,1,1,0,0.0,,,,,0.0,1591,1524,,0,0,FAIL
2741.809,1,FAIL,0,0,NO_ORIGIN,0,0,1,1,1,1,0,0.0,,,,,0.0,1591,1524,,0,0,FAIL
2741.859,1,FAIL,0,0,NO_ORIGIN,0,0,1,1,1,1,0,0.0,,,,,0.0,1591,1524,,0,0,FAIL
2741.909,1,FAIL,0,0,NO_ORIGIN,0,0,1,1,1,1,0,0.0,,,,,0.0,1591,1524,,0,0,FAIL
2741.959,1,FAIL,0,0,NO_ORIGIN,0,0,1,1,1,1,0,0.0,,,,,0.0,1591,1524,,0,0,FAIL
2742.009,1,FAIL,0,0,NO_ORIGIN,0,0,1,1,1,1,0,0.0,,,,,0.0,1591,1524,,0,0,FAIL
2742.059,1,FAIL,0,0,NO_ORIGIN,0,0,1,1,1,1,0,0.0,,,,,0.0,1591,1524,,0,0,FAIL
2742.11,1,FAIL,0,0,NO_ORIGIN,0,0,1,1,1,1,0,0.0,,,,,0.0,1591,1524,,0,0,FAIL
2742.16,1,FAIL,0,0,NO_ORIGIN,0,0,1,1,1,1,0,0.0,,,,,0.0,1591,1524,,0,0,FAIL
2742.21,1,FAIL,0,0,NO_ORIGIN,0,0,1,1,1,1,0,0.0,,,,,0.0,1591,1524,,0,0,FAIL
2742.26,1,FAIL,0,0,NO_ORIGIN,0,0,1,1,1,1,0,0.0,,,,,0.0,1591,1524,,0,0,FAIL
2742.31,1,FAIL,0,0,NO_ORIGIN,0,0,1,1,1,1,0,0.0,,,,,0.0,1591,1524,,0,0,FAIL
2742.36,1,FAIL,0,0,NO_ORIGIN,0,0,1,1,1,1,0,0.0,,,,,0.0,1591,1524,,0,0,FAIL
2742.41,1,FAIL,0,0,NO_ORIGIN,0,0,1,1,1,1,0,0.0,,,,,0.0,1591,1524,,0,0,FAIL
2742.46,1,FAIL,0,0,NO_ORIGIN,0,0,1,1,1,1,0,0.0,,,,,0.0,1591,1524,,0,0,FAIL
2742.511,1,FAIL,0,0,NO_ORIGIN,0,0,1,1,1,1,0,0.0,,,,,0.0,1591,1524,,0,0,FAIL
2742.561,1,FAIL,0,0,NO_ORIGIN,0,0,1,1,1,1,0,0.0,,,,,0.0,1591,1524,,0,0,FAIL
2742.611,1,FAIL,0,0,NO_ORIGIN,0,0,1,1,1,1,0,0.0,,,,,0.0,1591,1524,,0,0,FAIL
2742.661,1,FAIL,0,0,NO_ORIGIN,0,0,1,1,1,1,0,0.0,,,,,0.0,1591,1524,,0,0,FAIL
2742.711,1,FAIL,0,0,NO_ORIGIN,0,0,1,1,1,1,0,0.0,,,,,0.0,1591,1524,,0,0,FAIL
2742.761,1,FAIL,0,0,NO_ORIGIN,0,0,1,1,1,1,0,0.0,,,,,0.0,1591,1524,,0,0,FAIL
2742.811,1,FAIL,0,0,NO_ORIGIN,0,0,1,1,1,1,0,0.0,,,,,0.0,1591,1524,,0,0,FAIL
2742.861,1,FAIL,0,0,NO_ORIGIN,0,0,1,1,1,1,0,0.0,,,,,0.0,1591,1524,,0,0,FAIL
2742.911,1,FAIL,0,0,NO_ORIGIN,0,0,1,1,1,1,0,0.0,,,,,0.0,1591,1524,,0,0,FAIL
2742.962,1,FAIL,0,0,NO_ORIGIN,0,0,1,1,1,1,0,0.0,,,,,0.0,1591,1524,,0,0,FAIL
2743.012,1,FAIL,0,0,NO_ORIGIN,0,0,1,1,1,1,0,0.0,,,,,0.0,1591,1524,,0,0,FAIL
2743.062,1,FAIL,0,0,NO_ORIGIN,0,0,1,1,1,1,0,0.0,,,,,0.0,1591,1524,,0,0,FAIL
2743.112,1,FAIL,0,0,NO_ORIGIN,0,0,1,1,1,1,0,0.0,,,,,0.0,1591,1524,,0,0,FAIL
2743.162,1,FAIL,0,0,NO_ORIGIN,0,0,1,1,1,1,0,0.0,,,,,0.0,1591,1524,,0,0,FAIL
2743.212,1,FAIL,0,0,NO_ORIGIN,0,0,1,1,1,1,0,0.0,,,,,0.0,1591,1524,,0,0,FAIL
2743.262,1,FAIL,0,0,NO_ORIGIN,0,0,1,1,1,1,0,0.0,,,,,0.0,1591,1524,,0,0,FAIL
2743.312,1,FAIL,0,0,NO_ORIGIN,0,0,1,1,1,1,0,0.0,,,,,0.0,1591,1524,,0,0,FAIL
2743.363,1,FAIL,0,0,NO_ORIGIN,0,0,1,1,1,1,0,0.0,,,,,0.0,1591,1524,,0,0,FAIL
2743.413,1,FAIL,0,0,NO_ORIGIN,0,0,1,1,1,1,0,0.0,,,,,0.0,1591,1524,,0,0,FAIL
2743.463,1,FAIL,0,0,NO_ORIGIN,0,0,1,1,1,1,0,0.0,,,,,0.0,1591,1524,,0,0,FAIL
2743.513,1,FAIL,0,0,NO_ORIGIN,0,0,1,1,1,1,0,0.0,,,,,0.0,1591,1524,,0,0,FAIL
2743.563,1,FAIL,0,0,NO_ORIGIN,0,0,1,1,1,1,0,0.0,,,,,0.0,1591,1524,,0,0,FAIL
2743.613,1,FAIL,0,0,NO_ORIGIN,0,0,1,1,1,1,0,0.0,,,,,0.0,1591,1524,,0,0,FAIL
2743.663,1,FAIL,0,0,NO_ORIGIN,0,0,1,1,1,1,0,0.0,,,,,0.0,1591,1524,,0,0,FAIL
2743.713,1,FAIL,0,0,NO_ORIGIN,0,0,1,1,1,1,0,0.0,,,,,0.0,1591,1524,,0,0,FAIL
2743.764,1,FAIL,0,0,NO_ORIGIN,0,0,1,1,1,1,0,0.0,,,,,0.0,1591,1524,,0,0,FAIL
2743.814,1,FAIL,0,0,NO_ORIGIN,0,0,1,1,1,1,0,0.0,,,,,0.0,1591,1524,,0,0,FAIL
2743.864,1,FAIL,0,0,NO_ORIGIN,0,0,1,1,1,1,0,0.0,,,,,0.0,1591,1524,,0,0,FAIL
2743.914,1,FAIL,0,0,NO_ORIGIN,0,0,1,1,1,1,0,0.0,,,,,0.0,1591,1524,,0,0,FAIL
2743.964,1,FAIL,0,0,NO_ORIGIN,0,0,1,1,1,1,0,0.0,,,,,0.0,1591,1524,,0,0,FAIL
2744.014,1,FAIL,0,0,NO_ORIGIN,0,0,1,1,1,1,0,0.0,,,,,0.0,1591,1524,,0,0,FAIL
2744.064,1,FAIL,0,0,NO_ORIGIN,0,0,1,1,1,1,0,0.0,,,,,0.0,1591,1524,,0,0,FAIL
2744.114,1,FAIL,0,0,NO_ORIGIN,0,0,1,1,1,1,0,0.0,,,,,0.0,1591,1524,,0,0,FAIL
2744.165,1,FAIL,0,0,NO_ORIGIN,0,0,1,1,1,1,0,0.0,,,,,0.0,1591,1524,,0,0,FAIL
2744.215,1,FAIL,0,0,NO_ORIGIN,0,0,1,1,1,1,0,0.0,,,,,0.0,1591,1524,,0,0,FAIL
2744.265,1,FAIL,0,0,NO_ORIGIN,0,0,1,1,1,1,0,0.0,,,,,0.0,1591,1524,,0,0,FAIL
2744.315,1,FAIL,0,0,NO_ORIGIN,0,0,1,1,1,1,0,0.0,,,,,0.0,1591,1524,,0,0,FAIL
2744.365,1,FAIL,0,0,NO_ORIGIN,0,0,1,1,1,1,0,0.0,,,,,0.0,1591,1524,,0,0,FAIL
2744.415,1,FAIL,0,0,NO_ORIGIN,0,0,1,1,1,1,0,0.0,,,,,0.0,1591,1524,,0,0,FAIL
2744.465,1,FAIL,0,0,NO_ORIGIN,0,0,1,1,1,1,0,0.0,,,,,0.0,1591,1524,,0,0,FAIL
2744.515,1,FAIL,0,0,NO_ORIGIN,0,0,1,1,1,1,0,0.0,,,,,0.0,1591,1524,,0,0,FAIL
2744.566,1,FAIL,0,0,NO_ORIGIN,0,0,1,1,1,1,0,0.0,,,,,0.0,1591,1524,,0,0,FAIL
2744.616,1,FAIL,0,0,NO_ORIGIN,0,0,1,1,1,1,0,0.0,,,,,0.0,1591,1524,,0,0,FAIL
2744.666,1,FAIL,0,0,NO_ORIGIN,0,0,1,1,1,1,0,0.0,,,,,0.0,1591,1524,,0,0,FAIL
2744.716,1,FAIL,0,0,NO_ORIGIN,0,0,1,1,1,1,0,0.0,,,,,0.0,1591,1524,,0,0,FAIL
2744.766,1,FAIL,0,0,NO_ORIGIN,0,0,1,1,1,1,0,0.0,,,,,0.0,1591,1524,,0,0,FAIL
2744.816,1,FAIL,0,0,NO_ORIGIN,0,0,1,1,1,1,0,0.0,,,,,0.0,1591,1524,,0,0,FAIL
2744.866,1,FAIL,0,0,NO_ORIGIN,0,0,1,1,1,1,0,0.0,,,,,0.0,1591,1524,,0,0,FAIL
2744.916,1,FAIL,0,0,NO_ORIGIN,0,0,1,1,1,1,0,0.0,,,,,0.0,1591,1524,,0,0,FAIL
2744.967,1,FAIL,0,0,NO_ORIGIN,0,0,1,1,1,1,0,0.0,,,,,0.0,1591,1524,,0,0,FAIL
2745.017,1,FAIL,0,0,NO_ORIGIN,0,0,1,1,1,1,0,0.0,,,,,0.0,1591,1524,,0,0,FAIL
2745.067,1,FAIL,0,0,NO_ORIGIN,0,0,1,1,1,1,0,0.0,,,,,0.0,1591,1524,,0,0,FAIL
2745.117,1,FAIL,0,0,NO_ORIGIN,0,0,1,1,1,1,0,0.0,,,,,0.0,1591,1524,,0,0,FAIL
2745.167,1,FAIL,0,0,NO_ORIGIN,0,0,1,1,1,1,0,0.0,,,,,0.0,1591,1524,,0,0,FAIL
2745.217,1,FAIL,0,0,NO_ORIGIN,0,0,1,1,1,1,0,0.0,,,,,0.0,1591,1524,,0,0,FAIL
2745.267,1,FAIL,0,0,NO_ORIGIN,0,0,1,1,1,1,0,0.0,,,,,0.0,1591,1524,,0,0,FAIL
2745.317,1,FAIL,0,0,NO_ORIGIN,0,0,1,1,1,1,0,0.0,,,,,0.0,1591,1524,,0,0,FAIL
2745.368,1,FAIL,0,0,NO_ORIGIN,0,0,1,1,1,1,0,0.0,,,,,0.0,1591,1524,,0,0,FAIL
2745.418,1,FAIL,0,0,NO_ORIGIN,0,0,1,1,1,1,0,0.0,,,,,0.0,1591,1524,,0,0,FAIL
2745.468,1,FAIL,0,0,NO_ORIGIN,0,0,1,1,1,1,0,0.0,,,,,0.0,1591,1524,,0,0,FAIL
2745.518,1,FAIL,0,0,NO_ORIGIN,0,0,1,1,1,1,0,0.0,,,,,0.0,1591,1524,,0,0,FAIL
2745.568,1,FAIL,0,0,NO_ORIGIN,0,0,1,1,1,1,0,0.0,,,,,0.0,1591,1524,,0,0,FAIL
2745.618,1,FAIL,0,0,NO_ORIGIN,0,0,1,1,1,1,0,0.0,,,,,0.0,1591,1524,,0,0,FAIL
2745.668,1,FAIL,0,0,NO_ORIGIN,0,0,1,1,1,1,0,0.0,,,,,0.0,1591,1524,,0,0,FAIL
2745.718,1,FAIL,0,0,NO_ORIGIN,0,0,1,1,1,1,0,0.0,,,,,0.0,1591,1524,,0,0,FAIL
2745.769,1,FAIL,0,0,NO_ORIGIN,0,0,1,1,1,1,0,0.0,,,,,0.0,1591,1524,,0,0,FAIL
2745.819,1,FAIL,0,0,NO_ORIGIN,0,0,1,1,1,1,0,0.0,,,,,0.0,1591,1524,,0,0,FAIL
2745.869,1,FAIL,0,0,NO_ORIGIN,0,0,1,1,1,1,0,0.0,,,,,0.0,1591,1524,,0,0,FAIL
2745.919,1,FAIL,0,0,NO_ORIGIN,0,0,1,1,1,1,0,0.0,,,,,0.0,1591,1524,,0,0,FAIL
2745.969,1,FAIL,0,0,NO_ORIGIN,0,0,1,1,1,1,0,0.0,,,,,0.0,1591,1524,,0,0,FAIL
2746.019,1,FAIL,0,0,NO_ORIGIN,0,0,1,1,1,1,0,0.0,,,,,0.0,1591,1524,,0,0,FAIL
2746.069,1,FAIL,0,0,NO_ORIGIN,0,0,1,1,1,1,0,0.0,,,,,0.0,1591,1524,,0,0,FAIL
2746.119,1,FAIL,0,0,NO_ORIGIN,0,0,1,1,1,1,0,0.0,,,,,0.0,1591,1524,,0,0,FAIL
2746.17,1,FAIL,0,0,NO_ORIGIN,0,0,1,1,1,1,0,0.0,,,,,0.0,1591,1524,,0,0,FAIL
2746.22,1,FAIL,0,0,NO_ORIGIN,0,0,1,1,1,1,0,0.0,,,,,0.0,1591,1524,,0,0,FAIL
2746.27,1,FAIL,0,0,NO_ORIGIN,0,0,1,1,1,1,0,0.0,,,,,0.0,1591,1524,,0,0,FAIL
2746.32,1,FAIL,0,0,NO_ORIGIN,0,0,1,1,1,1,0,0.0,,,,,0.0,1591,1524,,0,0,FAIL
2746.37,1,FAIL,0,0,NO_ORIGIN,0,0,1,1,1,1,0,0.0,,,,,0.0,1591,1524,,0,0,FAIL
2746.42,1,FAIL,0,0,NO_ORIGIN,0,0,1,1,1,1,0,0.0,,,,,0.0,1591,1524,,0,0,FAIL
2746.47,1,FAIL,0,0,NO_ORIGIN,0,0,1,1,1,1,0,0.0,,,,,0.0,1591,1524,,0,0,FAIL
2746.52,1,FAIL,0,0,NO_ORIGIN,0,0,1,1,1,1,0,0.0,,,,,0.0,1591,1524,,0,0,FAIL
2746.57,1,FAIL,0,0,NO_ORIGIN,0,0,1,1,1,1,0,0.0,,,,,0.0,1591,1524,,0,0,FAIL
2746.621,1,FAIL,0,0,NO_ORIGIN,0,0,1,1,1,1,0,0.0,,,,,0.0,1591,1524,,0,0,FAIL
2746.671,1,FAIL,0,0,NO_ORIGIN,0,0,1,1,1,1,0,0.0,,,,,0.0,1591,1524,,0,0,FAIL
2746.721,1,FAIL,0,0,NO_ORIGIN,0,0,1,1,1,1,0,0.0,,,,,0.0,1591,1524,,0,0,FAIL
2746.771,1,FAIL,0,0,NO_ORIGIN,0,0,1,1,1,1,0,0.0,,,,,0.0,1591,1524,,0,0,FAIL
2746.821,1,FAIL,0,0,NO_ORIGIN,0,0,1,1,1,1,0,0.0,,,,,0.0,1591,1524,,0,0,FAIL
2746.871,1,FAIL,0,0,NO_ORIGIN,0,0,1,1,1,1,0,0.0,,,,,0.0,1591,1524,,0,0,FAIL
2746.921,1,FAIL,0,0,NO_ORIGIN,0,0,1,1,1,1,0,0.0,,,,,0.0,1591,1524,,0,0,FAIL
2746.971,1,FAIL,0,0,NO_ORIGIN,0,0,1,1,1,1,0,0.0,,,,,0.0,1591,1524,,0,0,FAIL
2747.021,1,FAIL,0,0,NO_ORIGIN,0,0,1,1,1,1,0,0.0,,,,,0.0,1591,1524,,0,0,FAIL
2747.072,1,FAIL,0,0,NO_ORIGIN,0,0,1,1,1,1,0,0.0,,,,,0.0,1591,1524,,0,0,FAIL
2747.122,1,FAIL,0,0,NO_ORIGIN,0,0,1,1,1,1,0,0.0,,,,,0.0,1591,1524,,0,0,FAIL
2747.172,1,FAIL,0,0,NO_ORIGIN,0,0,1,1,1,1,0,0.0,,,,,0.0,1591,1524,,0,0,FAIL
2747.223,1,FAIL,0,0,NO_ORIGIN,0,0,1,1,1,1,0,0.0,,,,,0.0,1591,1524,,0,0,FAIL
2747.273,1,FAIL,0,0,NO_ORIGIN,0,0,1,1,1,1,0,0.0,,,,,0.0,1591,1524,,0,0,FAIL
2747.323,1,FAIL,0,0,NO_ORIGIN,0,0,1,1,1,1,0,0.0,,,,,0.0,1591,1524,,0,0,FAIL
2747.373,1,FAIL,0,0,NO_ORIGIN,0,0,1,1,1,1,0,0.0,,,,,0.0,1591,1524,,0,0,FAIL
2747.423,1,FAIL,0,0,NO_ORIGIN,0,0,1,1,1,1,0,0.0,,,,,0.0,1591,1524,,0,0,FAIL
2747.474,1,FAIL,0,0,NO_ORIGIN,0,0,1,1,1,1,0,0.0,,,,,0.0,1591,1524,,0,0,FAIL
2747.524,1,FAIL,0,0,NO_ORIGIN,0,0,1,1,1,1,0,0.0,,,,,0.0,1591,1524,,0,0,FAIL
2747.575,1,FAIL,0,0,NO_ORIGIN,0,0,1,1,1,1,0,0.0,,,,,0.0,1591,1524,,0,0,FAIL
2747.625,1,FAIL,0,0,NO_ORIGIN,0,0,1,1,1,1,0,0.0,,,,,0.0,1591,1524,,0,0,FAIL
2747.675,1,FAIL,0,0,NO_ORIGIN,0,0,1,1,1,1,0,0.0,,,,,0.0,1591,1524,,0,0,FAIL
2747.726,1,FAIL,0,0,NO_ORIGIN,0,0,1,1,1,1,0,0.0,,,,,0.0,1591,1524,,0,0,FAIL
2747.776,1,FAIL,0,0,NO_ORIGIN,0,0,1,1,1,1,0,0.0,,,,,0.0,1591,1524,,0,0,FAIL
2747.827,1,FAIL,0,0,NO_ORIGIN,0,0,1,1,1,1,0,0.0,,,,,0.0,1591,1524,,0,0,FAIL
2747.877,1,FAIL,0,0,NO_ORIGIN,0,0,1,1,1,1,0,0.0,,,,,0.0,1591,1524,,0,0,FAIL
2747.928,1,FAIL,0,0,NO_ORIGIN,0,0,1,1,1,1,0,0.0,,,,,0.0,1591,1524,,0,0,FAIL
2747.978,1,FAIL,0,0,NO_ORIGIN,0,0,1,1,1,1,0,0.0,,,,,0.0,1591,1524,,0,0,FAIL
2748.028,1,FAIL,0,0,NO_ORIGIN,0,0,1,1,1,1,0,0.0,,,,,0.0,1591,1524,,0,0,FAIL
2748.078,1,FAIL,0,0,NO_ORIGIN,0,0,1,1,1,1,0,0.0,,,,,0.0,1591,1524,,0,0,FAIL
2748.128,1,FAIL,0,0,NO_ORIGIN,0,0,1,1,1,1,0,0.0,,,,,0.0,1591,1524,,0,0,FAIL
2748.178,1,FAIL,0,0,NO_ORIGIN,0,0,1,1,1,1,0,0.0,,,,,0.0,1591,1524,,0,0,FAIL
2748.228,1,FAIL,0,0,NO_ORIGIN,0,0,1,1,1,1,0,0.0,,,,,0.0,1591,1524,,0,0,FAIL
2748.279,1,FAIL,0,0,NO_ORIGIN,0,0,1,1,1,1,0,0.0,,,,,0.0,1591,1524,,0,0,FAIL
2748.329,1,FAIL,0,0,NO_ORIGIN,0,0,1,1,1,1,0,0.0,,,,,0.0,1591,1524,,0,0,FAIL
2748.379,1,FAIL,0,0,NO_ORIGIN,0,0,1,1,1,1,0,0.0,,,,,0.0,1591,1524,,0,0,FAIL
2748.429,1,FAIL,0,0,NO_ORIGIN,0,0,1,1,1,1,0,0.0,,,,,0.0,1591,1524,,0,0,FAIL
2748.479,1,FAIL,0,0,NO_ORIGIN,0,0,1,1,1,1,0,0.0,,,,,0.0,1591,1524,,0,0,FAIL
2748.529,1,FAIL,0,0,NO_ORIGIN,0,0,1,1,1,1,0,0.0,,,,,0.0,1591,1524,,0,0,FAIL
2748.579,1,FAIL,0,0,NO_ORIGIN,0,0,1,1,1,1,0,0.0,,,,,0.0,1591,1524,,0,0,FAIL
2748.629,1,FAIL,0,0,NO_ORIGIN,0,0,1,1,1,1,0,0.0,,,,,0.0,1591,1524,,0,0,FAIL
2748.68,1,FAIL,0,0,NO_ORIGIN,0,0,1,1,1,1,0,0.0,,,,,0.0,1591,1524,,0,0,FAIL
2748.73,1,FAIL,0,0,NO_ORIGIN,0,0,1,1,1,1,0,0.0,,,,,0.0,1591,1524,,0,0,FAIL
2748.78,1,FAIL,0,0,NO_ORIGIN,0,0,1,1,1,1,0,0.0,,,,,0.0,1591,1524,,0,0,FAIL
2748.83,1,FAIL,0,0,NO_ORIGIN,0,0,1,1,1,1,0,0.0,,,,,0.0,1591,1524,,0,0,FAIL
2748.88,1,FAIL,0,0,NO_ORIGIN,0,0,1,1,1,1,0,0.0,,,,,0.0,1591,1524,,0,0,FAIL
2748.93,1,FAIL,0,0,NO_ORIGIN,0,0,1,1,1,1,0,0.0,,,,,0.0,1591,1524,,0,0,FAIL
2748.98,1,FAIL,0,0,NO_ORIGIN,0,0,1,1,1,1,0,0.0,,,,,0.0,1591,1524,,0,0,FAIL
2749.03,1,FAIL,0,0,NO_ORIGIN,0,0,1,1,1,1,0,0.0,,,,,0.0,1591,1524,,0,0,FAIL
2749.08,1,FAIL,0,0,NO_ORIGIN,0,0,1,1,1,1,0,0.0,,,,,0.0,1591,1524,,0,0,FAIL
2749.131,1,FAIL,0,0,NO_ORIGIN,0,0,1,1,1,1,0,0.0,,,,,0.0,1591,1524,,0,0,FAIL
2749.181,1,FAIL,0,0,NO_ORIGIN,0,0,1,1,1,1,0,0.0,,,,,0.0,1591,1524,,0,0,FAIL
2749.231,1,FAIL,0,0,NO_ORIGIN,0,0,1,1,1,1,0,0.0,,,,,0.0,1591,1524,,0,0,FAIL
2749.281,1,FAIL,0,0,NO_ORIGIN,0,0,1,1,1,1,0,0.0,,,,,0.0,1591,1524,,0,0,FAIL
2749.331,1,FAIL,0,0,NO_ORIGIN,0,0,1,1,1,1,0,0.0,,,,,0.0,1591,1524,,0,0,FAIL
2749.381,1,FAIL,0,0,NO_ORIGIN,0,0,1,1,1,1,0,0.0,,,,,0.0,1591,1524,,0,0,FAIL
2749.431,1,FAIL,0,0,NO_ORIGIN,0,0,1,1,1,1,0,0.0,,,,,0.0,1591,1524,,0,0,FAIL
2749.481,1,FAIL,0,0,NO_ORIGIN,0,0,1,1,1,1,0,0.0,,,,,0.0,1591,1524,,0,0,FAIL
2749.532,1,FAIL,0,0,NO_ORIGIN,0,0,1,1,1,1,0,0.0,,,,,0.0,1591,1524,,0,0,FAIL
2749.582,1,FAIL,0,0,NO_ORIGIN,0,0,1,1,1,1,0,0.0,,,,,0.0,1591,1524,,0,0,FAIL
2749.632,1,FAIL,0,0,NO_ORIGIN,0,0,1,1,1,1,0,0.0,,,,,0.0,1591,1524,,0,0,FAIL
2749.682,1,FAIL,0,0,NO_ORIGIN,0,0,1,1,1,1,0,0.0,,,,,0.0,1591,1524,,0,0,FAIL
2749.732,1,FAIL,0,0,NO_ORIGIN,0,0,1,1,1,1,0,0.0,,,,,0.0,1591,1524,,0,0,FAIL
2749.782,1,FAIL,0,0,NO_ORIGIN,0,0,1,1,1,1,0,0.0,,,,,0.0,1591,1524,,0,0,FAIL
2749.832,1,FAIL,0,0,NO_ORIGIN,0,0,1,1,1,1,0,0.0,,,,,0.0,1591,1524,,0,0,FAIL
2749.882,1,FAIL,0,0,NO_ORIGIN,0,0,1,1,1,1,0,0.0,,,,,0.0,1591,1524,,0,0,FAIL
2749.933,1,FAIL,0,0,NO_ORIGIN,0,0,1,1,1,1,0,0.0,,,,,0.0,1591,1524,,0,0,FAIL
2749.983,1,FAIL,0,0,NO_ORIGIN,0,0,1,1,1,1,0,0.0,,,,,0.0,1591,1524,,0,0,FAIL
2750.033,1,FAIL,0,0,NO_ORIGIN,0,0,1,1,1,1,0,0.0,,,,,0.0,1591,1524,,0,0,FAIL
2750.083,1,FAIL,0,0,NO_ORIGIN,0,0,1,1,1,1,0,0.0,,,,,0.0,1591,1524,,0,0,FAIL
2750.133,1,FAIL,0,0,NO_ORIGIN,0,0,1,1,1,1,0,0.0,,,,,0.0,1591,1524,,0,0,FAIL
2750.183,1,FAIL,0,0,NO_ORIGIN,0,0,1,1,1,1,0,0.0,,,,,0.0,1591,1524,,0,0,FAIL
2750.233,1,FAIL,0,0,NO_ORIGIN,0,0,1,1,1,1,0,0.0,,,,,0.0,1591,1524,,0,0,FAIL
2750.283,1,FAIL,0,0,NO_ORIGIN,0,0,1,1,1,1,0,0.0,,,,,0.0,1591,1524,,0,0,FAIL
2750.334,1,FAIL,0,0,NO_ORIGIN,0,0,1,1,1,1,0,0.0,,,,,0.0,1591,1524,,0,0,FAIL
2750.384,1,FAIL,0,0,NO_ORIGIN,0,0,1,1,1,1,0,0.0,,,,,0.0,1591,1524,,0,0,FAIL
2750.434,1,FAIL,0,0,NO_ORIGIN,0,0,1,1,1,1,0,0.0,,,,,0.0,1591,1524,,0,0,FAIL
2750.484,1,FAIL,0,0,NO_ORIGIN,0,0,1,1,1,1,0,0.0,,,,,0.0,1591,1524,,0,0,FAIL
2750.534,1,FAIL,0,0,NO_ORIGIN,0,0,1,1,1,1,0,0.0,,,,,0.0,1591,1524,,0,0,FAIL
2750.584,1,FAIL,0,0,NO_ORIGIN,0,0,1,1,1,1,0,0.0,,,,,0.0,1591,1524,,0,0,FAIL
2750.634,1,FAIL,0,0,NO_ORIGIN,0,0,1,1,1,1,0,0.0,,,,,0.0,1591,1524,,0,0,FAIL
2750.684,1,FAIL,0,0,NO_ORIGIN,0,0,1,1,1,1,0,0.0,,,,,0.0,1591,1524,,0,0,FAIL
2750.735,1,FAIL,0,0,NO_ORIGIN,0,0,1,1,1,1,0,0.0,,,,,0.0,1591,1524,,0,0,FAIL
2750.785,1,FAIL,0,0,NO_ORIGIN,0,0,1,1,1,1,0,0.0,,,,,0.0,1591,1524,,0,0,FAIL
2750.835,1,FAIL,0,0,NO_ORIGIN,0,0,1,1,1,1,0,0.0,,,,,0.0,1591,1524,,0,0,FAIL
2750.885,1,FAIL,0,0,NO_ORIGIN,0,0,1,1,1,1,0,0.0,,,,,0.0,1591,1524,,0,0,FAIL
2750.935,1,FAIL,0,0,NO_ORIGIN,0,0,1,1,1,1,0,0.0,,,,,0.0,1591,1524,,0,0,FAIL
2750.985,1,FAIL,0,0,NO_ORIGIN,0,0,1,1,1,1,0,0.0,,,,,0.0,1591,1524,,0,0,FAIL
2751.035,1,FAIL,0,0,NO_ORIGIN,0,0,1,1,1,1,0,0.0,,,,,0.0,1591,1524,,0,0,FAIL
2751.085,1,FAIL,0,0,NO_ORIGIN,0,0,1,1,1,1,0,0.0,,,,,0.0,1591,1524,,0,0,FAIL
2751.136,1,FAIL,0,0,NO_ORIGIN,0,0,1,1,1,1,0,0.0,,,,,0.0,1591,1524,,0,0,FAIL
2751.186,1,FAIL,0,0,NO_ORIGIN,0,0,1,1,1,1,0,0.0,,,,,0.0,1591,1524,,0,0,FAIL
2751.236,1,FAIL,0,0,NO_ORIGIN,0,0,1,1,1,1,0,0.0,,,,,0.0,1591,1524,,0,0,FAIL
2751.286,1,FAIL,0,0,NO_ORIGIN,0,0,1,1,1,1,0,0.0,,,,,0.0,1591,1524,,0,0,FAIL
2751.336,1,FAIL,0,0,NO_ORIGIN,0,0,1,1,1,1,0,0.0,,,,,0.0,1591,1524,,0,0,FAIL
2751.386,1,FAIL,0,0,NO_ORIGIN,0,0,1,1,1,1,0,0.0,,,,,0.0,1591,1524,,0,0,FAIL
2751.436,1,FAIL,0,0,NO_ORIGIN,0,0,1,1,1,1,0,0.0,,,,,0.0,1591,1524,,0,0,FAIL
2751.486,1,FAIL,0,0,NO_ORIGIN,0,0,1,1,1,1,0,0.0,,,,,0.0,1591,1524,,0,0,FAIL
2751.537,1,FAIL,0,0,NO_ORIGIN,0,0,1,1,1,1,0,0.0,,,,,0.0,1591,1524,,0,0,FAIL
2751.587,1,FAIL,0,0,NO_ORIGIN,0,0,1,1,1,1,0,0.0,,,,,0.0,1591,1524,,0,0,FAIL
2751.637,1,FAIL,0,0,NO_ORIGIN,0,0,1,1,1,1,0,0.0,,,,,0.0,1591,1524,,0,0,FAIL
2751.687,1,FAIL,0,0,NO_ORIGIN,0,0,1,1,1,1,0,0.0,,,,,0.0,1591,1524,,0,0,FAIL
2751.737,1,FAIL,0,0,NO_ORIGIN,0,0,1,1,1,1,0,0.0,,,,,0.0,1591,1524,,0,0,FAIL
2751.787,1,FAIL,0,0,NO_ORIGIN,0,0,1,1,1,1,0,0.0,,,,,0.0,1591,1524,,0,0,FAIL
2751.837,1,FAIL,0,0,NO_ORIGIN,0,0,1,1,1,1,0,0.0,,,,,0.0,1591,1524,,0,0,FAIL
2751.887,1,FAIL,0,0,NO_ORIGIN,0,0,1,1,1,1,0,0.0,,,,,0.0,1591,1524,,0,0,FAIL
2751.938,1,FAIL,0,0,NO_ORIGIN,0,0,1,1,1,1,0,0.0,,,,,0.0,1591,1524,,0,0,FAIL
2751.988,1,FAIL,0,0,NO_ORIGIN,0,0,1,1,1,1,0,0.0,,,,,0.0,1591,1524,,0,0,FAIL
2752.038,1,FAIL,0,0,NO_ORIGIN,0,0,1,1,1,1,0,0.0,,,,,0.0,1591,1524,,0,0,FAIL
2752.088,1,FAIL,0,0,NO_ORIGIN,0,0,1,1,1,1,0,0.0,,,,,0.0,1591,1524,,0,0,FAIL
2752.138,1,FAIL,0,0,NO_ORIGIN,0,0,1,1,1,1,0,0.0,,,,,0.0,1591,1524,,0,0,FAIL
2752.188,1,FAIL,0,0,NO_ORIGIN,0,0,1,1,1,1,0,0.0,,,,,0.0,1591,1524,,0,0,FAIL
2752.238,1,FAIL,0,0,NO_ORIGIN,0,0,1,1,1,1,0,0.0,,,,,0.0,1591,1524,,0,0,FAIL
2752.288,1,FAIL,0,0,NO_ORIGIN,0,0,1,1,1,1,0,0.0,,,,,0.0,1591,1524,,0,0,FAIL
2752.338,1,FAIL,0,0,NO_ORIGIN,0,0,1,1,1,1,0,0.0,,,,,0.0,1591,1524,,0,0,FAIL
2752.389,1,FAIL,0,0,NO_ORIGIN,0,0,1,1,1,1,0,0.0,,,,,0.0,1591,1524,,0,0,FAIL
2752.439,1,FAIL,0,0,NO_ORIGIN,0,0,1,1,1,1,0,0.0,,,,,0.0,1591,1524,,0,0,FAIL
2752.489,1,FAIL,0,0,NO_ORIGIN,0,0,1,1,1,1,0,0.0,,,,,0.0,1591,1524,,0,0,FAIL
2752.539,1,FAIL,0,0,NO_ORIGIN,0,0,1,1,1,1,0,0.0,,,,,0.0,1591,1524,,0,0,FAIL
2752.589,1,FAIL,0,0,NO_ORIGIN,0,0,1,1,1,1,0,0.0,,,,,0.0,1591,1524,,0,0,FAIL
2752.639,1,FAIL,0,0,NO_ORIGIN,0,0,1,1,1,1,0,0.0,,,,,0.0,1591,1524,,0,0,FAIL
2752.689,1,FAIL,0,0,NO_ORIGIN,0,0,1,1,1,1,0,0.0,,,,,0.0,1591,1524,,0,0,FAIL
2752.739,1,FAIL,0,0,NO_ORIGIN,0,0,1,1,1,1,0,0.0,,,,,0.0,1591,1524,,0,0,FAIL
2752.79,1,FAIL,0,0,NO_ORIGIN,0,0,1,1,1,1,0,0.0,,,,,0.0,1591,1524,,0,0,FAIL
2752.84,1,FAIL,0,0,NO_ORIGIN,0,0,1,1,1,1,0,0.0,,,,,0.0,1591,1524,,0,0,FAIL
2752.89,1,FAIL,0,0,NO_ORIGIN,0,0,1,1,1,1,0,0.0,,,,,0.0,1591,1524,,0,0,FAIL
2752.94,1,FAIL,0,0,NO_ORIGIN,0,0,1,1,1,1,0,0.0,,,,,0.0,1591,1524,,0,0,FAIL
2752.99,1,FAIL,0,0,NO_ORIGIN,0,0,1,1,1,1,0,0.0,,,,,0.0,1591,1524,,0,0,FAIL
2753.04,1,FAIL,0,0,NO_ORIGIN,0,0,1,1,1,1,0,0.0,,,,,0.0,1591,1524,,0,0,FAIL
2753.09,1,FAIL,0,0,NO_ORIGIN,0,0,1,1,1,1,0,0.0,,,,,0.0,1591,1524,,0,0,FAIL
2753.14,1,FAIL,0,0,NO_ORIGIN,0,0,1,1,1,1,0,0.0,,,,,0.0,1591,1524,,0,0,FAIL
2753.191,1,FAIL,0,0,NO_ORIGIN,0,0,1,1,1,1,0,0.0,,,,,0.0,1591,1524,,0,0,FAIL
2753.241,1,FAIL,0,0,NO_ORIGIN,0,0,1,1,1,1,0,0.0,,,,,0.0,1591,1524,,0,0,FAIL
2753.291,1,FAIL,0,0,NO_ORIGIN,0,0,1,1,1,1,0,0.0,,,,,0.0,1591,1524,,0,0,FAIL
2753.341,1,FAIL,0,0,NO_ORIGIN,0,0,1,1,1,1,0,0.0,,,,,0.0,1591,1524,,0,0,FAIL
2753.391,1,FAIL,0,0,NO_ORIGIN,0,0,1,1,1,1,0,0.0,,,,,0.0,1591,1524,,0,0,FAIL
2753.441,1,FAIL,0,0,NO_ORIGIN,0,0,1,1,1,1,0,0.0,,,,,0.0,1591,1524,,0,0,FAIL
2753.491,1,FAIL,0,0,NO_ORIGIN,0,0,1,1,1,1,0,0.0,,,,,0.0,1591,1524,,0,0,FAIL
2753.541,1,FAIL,0,0,NO_ORIGIN,0,0,1,1,1,1,0,0.0,,,,,0.0,1591,1524,,0,0,FAIL
2753.591,1,FAIL,0,0,NO_ORIGIN,0,0,1,1,1,1,0,0.0,,,,,0.0,1591,1524,,0,0,FAIL
2753.642,1,FAIL,0,0,NO_ORIGIN,0,0,1,1,1,1,0,0.0,,,,,0.0,1591,1524,,0,0,FAIL
2753.692,1,FAIL,0,0,NO_ORIGIN,0,0,1,1,1,1,0,0.0,,,,,0.0,1591,1524,,0,0,FAIL
2753.742,1,FAIL,0,0,NO_ORIGIN,0,0,1,1,1,1,0,0.0,,,,,0.0,1591,1524,,0,0,FAIL
2753.792,1,FAIL,0,0,NO_ORIGIN,0,0,1,1,1,1,0,0.0,,,,,0.0,1591,1524,,0,0,FAIL
2753.842,1,FAIL,0,0,NO_ORIGIN,0,0,1,1,1,1,0,0.0,,,,,0.0,1591,1524,,0,0,FAIL
2753.892,1,FAIL,0,0,NO_ORIGIN,0,0,1,1,1,1,0,0.0,,,,,0.0,1591,1524,,0,0,FAIL
2753.942,1,FAIL,0,0,NO_ORIGIN,0,0,1,1,1,1,0,0.0,,,,,0.0,1591,1524,,0,0,FAIL
2753.992,1,FAIL,0,0,NO_ORIGIN,0,0,1,1,1,1,0,0.0,,,,,0.0,1591,1524,,0,0,FAIL
2754.043,1,FAIL,0,0,NO_ORIGIN,0,0,1,1,1,1,0,0.0,,,,,0.0,1591,1524,,0,0,FAIL
2754.093,1,FAIL,0,0,NO_ORIGIN,0,0,1,1,1,1,0,0.0,,,,,0.0,1591,1524,,0,0,FAIL
2754.143,1,FAIL,0,0,NO_ORIGIN,0,0,1,1,1,1,0,0.0,,,,,0.0,1591,1524,,0,0,FAIL
2754.193,1,FAIL,0,0,NO_ORIGIN,0,0,1,1,1,1,0,0.0,,,,,0.0,1591,1524,,0,0,FAIL
2754.243,1,FAIL,0,0,NO_ORIGIN,0,0,1,1,1,1,0,0.0,,,,,0.0,1591,1524,,0,0,FAIL
2754.293,1,FAIL,0,0,NO_ORIGIN,0,0,1,1,1,1,0,0.0,,,,,0.0,1591,1524,,0,0,FAIL
2754.343,1,FAIL,0,0,NO_ORIGIN,0,0,1,1,1,1,0,0.0,,,,,0.0,1591,1524,,0,0,FAIL
2754.393,1,FAIL,0,0,NO_ORIGIN,0,0,1,1,1,1,0,0.0,,,,,0.0,1591,1524,,0,0,FAIL
2754.443,1,FAIL,0,0,NO_ORIGIN,0,0,1,1,1,1,0,0.0,,,,,0.0,1591,1524,,0,0,FAIL
2754.494,1,FAIL,0,0,NO_ORIGIN,0,0,1,1,1,1,0,0.0,,,,,0.0,1591,1524,,0,0,FAIL
2754.544,1,FAIL,0,0,NO_ORIGIN,0,0,1,1,1,1,0,0.0,,,,,0.0,1591,1524,,0,0,FAIL
2754.594,1,FAIL,0,0,NO_ORIGIN,0,0,1,1,1,1,0,0.0,,,,,0.0,1591,1524,,0,0,FAIL
2754.644,1,FAIL,0,0,NO_ORIGIN,0,0,1,1,1,1,0,0.0,,,,,0.0,1591,1524,,0,0,FAIL
2754.694,1,FAIL,0,0,NO_ORIGIN,0,0,1,1,1,1,0,0.0,,,,,0.0,1591,1524,,0,0,FAIL
2754.744,1,FAIL,0,0,NO_ORIGIN,0,0,1,1,1,1,0,0.0,,,,,0.0,1591,1524,,0,0,FAIL
2754.794,1,FAIL,0,0,NO_ORIGIN,0,0,1,1,1,1,0,0.0,,,,,0.0,1591,1524,,0,0,FAIL
2754.844,1,FAIL,0,0,NO_ORIGIN,0,0,1,1,1,1,0,0.0,,,,,0.0,1591,1524,,0,0,FAIL
2754.894,1,FAIL,0,0,NO_ORIGIN,0,0,1,1,1,1,0,0.0,,,,,0.0,1591,1524,,0,0,FAIL
2754.945,1,FAIL,0,0,NO_ORIGIN,0,0,1,1,1,1,0,0.0,,,,,0.0,1591,1524,,0,0,FAIL
2754.995,1,FAIL,0,0,NO_ORIGIN,0,0,1,1,1,1,0,0.0,,,,,0.0,1591,1524,,0,0,FAIL
2755.045,1,FAIL,0,0,NO_ORIGIN,0,0,1,1,1,1,0,0.0,,,,,0.0,1591,1524,,0,0,FAIL
2755.095,1,FAIL,0,0,NO_ORIGIN,0,0,1,1,1,1,0,0.0,,,,,0.0,1591,1524,,0,0,FAIL
2755.145,1,FAIL,0,0,NO_ORIGIN,0,0,1,1,1,1,0,0.0,,,,,0.0,1591,1524,,0,0,FAIL
2755.195,1,FAIL,0,0,NO_ORIGIN,0,0,1,1,1,1,0,0.0,,,,,0.0,1591,1524,,0,0,FAIL
2755.245,1,FAIL,0,0,NO_ORIGIN,0,0,1,1,1,1,0,0.0,,,,,0.0,1591,1524,,0,0,FAIL
2755.295,1,FAIL,0,0,NO_ORIGIN,0,0,1,1,1,1,0,0.0,,,,,0.0,1591,1524,,0,0,FAIL
2755.345,1,FAIL,0,0,NO_ORIGIN,0,0,1,1,1,1,0,0.0,,,,,0.0,1591,1524,,0,0,FAIL
2755.396,1,FAIL,0,0,NO_ORIGIN,0,0,1,1,1,1,0,0.0,,,,,0.0,1591,1524,,0,0,FAIL
2755.446,1,FAIL,0,0,NO_ORIGIN,0,0,1,1,1,1,0,0.0,,,,,0.0,1591,1524,,0,0,FAIL
2755.496,1,FAIL,0,0,NO_ORIGIN,0,0,1,1,1,1,0,0.0,,,,,0.0,1591,1524,,0,0,FAIL
2755.546,1,FAIL,0,0,NO_ORIGIN,0,0,1,1,1,1,0,0.0,,,,,0.0,1591,1524,,0,0,FAIL
2755.596,1,FAIL,0,0,NO_ORIGIN,0,0,1,1,1,1,0,0.0,,,,,0.0,1591,1524,,0,0,FAIL
2755.646,1,FAIL,0,0,NO_ORIGIN,0,0,1,1,1,1,0,0.0,,,,,0.0,1591,1524,,0,0,FAIL
2755.697,1,FAIL,0,0,NO_ORIGIN,0,0,1,1,1,1,0,0.0,,,,,0.0,1591,1524,,0,0,FAIL
2755.747,1,FAIL,0,0,NO_ORIGIN,0,0,1,1,1,1,0,0.0,,,,,0.0,1591,1524,,0,0,FAIL
2755.797,1,FAIL,0,0,NO_ORIGIN,0,0,1,1,1,1,0,0.0,,,,,0.0,1591,1524,,0,0,FAIL
2755.848,1,FAIL,0,0,NO_ORIGIN,0,0,1,1,1,1,0,0.0,,,,,0.0,1591,1524,,0,0,FAIL
2755.898,1,FAIL,0,0,NO_ORIGIN,0,0,1,1,1,1,0,0.0,,,,,0.0,1591,1524,,0,0,FAIL
2755.949,1,FAIL,0,0,NO_ORIGIN,0,0,1,1,1,1,0,0.0,,,,,0.0,1591,1524,,0,0,FAIL
2755.999,1,FAIL,0,0,NO_ORIGIN,0,0,1,1,1,1,0,0.0,,,,,0.0,1591,1524,,0,0,FAIL
2756.049,1,FAIL,0,0,NO_ORIGIN,0,0,1,1,1,1,0,0.0,,,,,0.0,1591,1524,,0,0,FAIL
2756.099,1,FAIL,0,0,NO_ORIGIN,0,0,1,1,1,1,0,0.0,,,,,0.0,1591,1524,,0,0,FAIL
2756.149,1,FAIL,0,0,NO_ORIGIN,0,0,1,1,1,1,0,0.0,,,,,0.0,1591,1524,,0,0,FAIL
2756.2,1,FAIL,0,0,NO_ORIGIN,0,0,1,1,1,1,0,0.0,,,,,0.0,1591,1524,,0,0,FAIL
2756.25,1,FAIL,0,0,NO_ORIGIN,0,0,1,1,1,1,0,0.0,,,,,0.0,1591,1524,,0,0,FAIL
2756.3,1,FAIL,0,0,NO_ORIGIN,0,0,1,1,1,1,0,0.0,,,,,0.0,1591,1524,,0,0,FAIL
2756.35,1,FAIL,0,0,NO_ORIGIN,0,0,1,1,1,1,0,0.0,,,,,0.0,1591,1524,,0,0,FAIL
2756.4,1,FAIL,0,0,NO_ORIGIN,0,0,1,1,1,1,0,0.0,,,,,0.0,1591,1524,,0,0,FAIL
2756.45,1,FAIL,0,0,NO_ORIGIN,0,0,1,1,1,1,0,0.0,,,,,0.0,1591,1524,,0,0,FAIL
2756.5,1,FAIL,0,0,NO_ORIGIN,0,0,1,1,1,1,0,0.0,,,,,0.0,1591,1524,,0,0,FAIL
2756.55,1,FAIL,0,0,NO_ORIGIN,0,0,1,1,1,1,0,0.0,,,,,0.0,1591,1524,,0,0,FAIL
2756.601,1,FAIL,0,0,NO_ORIGIN,0,0,1,1,1,1,0,0.0,,,,,0.0,1591,1524,,0,0,FAIL
2756.651,1,FAIL,0,0,NO_ORIGIN,0,0,1,1,1,1,0,0.0,,,,,0.0,1591,1524,,0,0,FAIL
2756.701,1,FAIL,0,0,NO_ORIGIN,0,0,1,1,1,1,0,0.0,,,,,0.0,1591,1524,,0,0,FAIL
2756.751,1,FAIL,0,0,NO_ORIGIN,0,0,1,1,1,1,0,0.0,,,,,0.0,1591,1524,,0,0,FAIL
2756.801,1,FAIL,0,0,NO_ORIGIN,0,0,1,1,1,1,0,0.0,,,,,0.0,1591,1524,,0,0,FAIL
2756.851,1,FAIL,0,0,NO_ORIGIN,0,0,1,1,1,1,0,0.0,,,,,0.0,1591,1524,,0,0,FAIL
2756.901,1,FAIL,0,0,NO_ORIGIN,0,0,1,1,1,1,0,0.0,,,,,0.0,1591,1524,,0,0,FAIL
2756.951,1,FAIL,0,0,NO_ORIGIN,0,0,1,1,1,1,0,0.0,,,,,0.0,1591,1524,,0,0,FAIL
2757.002,1,FAIL,0,0,NO_ORIGIN,0,0,1,1,1,1,0,0.0,,,,,0.0,1591,1524,,0,0,FAIL
2757.052,1,FAIL,0,0,NO_ORIGIN,0,0,1,1,1,1,0,0.0,,,,,0.0,1591,1524,,0,0,FAIL
2757.102,1,FAIL,0,0,NO_ORIGIN,0,0,1,1,1,1,0,0.0,,,,,0.0,1591,1524,,0,0,FAIL
2757.152,1,FAIL,0,0,NO_ORIGIN,0,0,1,1,1,1,0,0.0,,,,,0.0,1591,1524,,0,0,FAIL
2757.202,1,FAIL,0,0,NO_ORIGIN,0,0,1,1,1,1,0,0.0,,,,,0.0,1591,1524,,0,0,FAIL
2757.252,1,FAIL,0,0,NO_ORIGIN,0,0,1,1,1,1,0,0.0,,,,,0.0,1591,1524,,0,0,FAIL
2757.302,1,FAIL,0,0,NO_ORIGIN,0,0,1,1,1,1,0,0.0,,,,,0.0,1591,1524,,0,0,FAIL
2757.352,1,FAIL,0,0,NO_ORIGIN,0,0,1,1,1,1,0,0.0,,,,,0.0,1591,1524,,0,0,FAIL
2757.403,1,FAIL,0,0,NO_ORIGIN,0,0,1,1,1,1,0,0.0,,,,,0.0,1591,1524,,0,0,FAIL
2757.453,1,FAIL,0,0,NO_ORIGIN,0,0,1,1,1,1,0,0.0,,,,,0.0,1591,1524,,0,0,FAIL
2757.503,1,FAIL,0,0,NO_ORIGIN,0,0,1,1,1,1,0,0.0,,,,,0.0,1591,1524,,0,0,FAIL
2757.553,1,FAIL,0,0,NO_ORIGIN,0,0,1,1,1,1,0,0.0,,,,,0.0,1591,1524,,0,0,FAIL
2757.603,1,FAIL,0,0,NO_ORIGIN,0,0,1,1,1,1,0,0.0,,,,,0.0,1591,1524,,0,0,FAIL
2757.653,1,FAIL,0,0,NO_ORIGIN,0,0,1,1,1,1,0,0.0,,,,,0.0,1591,1524,,0,0,FAIL
2757.703,1,FAIL,0,0,NO_ORIGIN,0,0,1,1,1,1,0,0.0,,,,,0.0,1591,1524,,0,0,FAIL
2757.753,1,FAIL,0,0,NO_ORIGIN,0,0,1,1,1,1,0,0.0,,,,,0.0,1591,1524,,0,0,FAIL
2757.804,1,FAIL,0,0,NO_ORIGIN,0,0,1,1,1,1,0,0.0,,,,,0.0,1591,1524,,0,0,FAIL
2757.854,1,FAIL,0,0,NO_ORIGIN,0,0,1,1,1,1,0,0.0,,,,,0.0,1591,1524,,0,0,FAIL
2757.904,1,FAIL,0,0,NO_ORIGIN,0,0,1,1,1,1,0,0.0,,,,,0.0,1591,1524,,0,0,FAIL
2757.954,1,FAIL,0,0,NO_ORIGIN,0,0,1,1,1,1,0,0.0,,,,,0.0,1591,1524,,0,0,FAIL
2758.004,1,FAIL,0,0,NO_ORIGIN,0,0,1,1,1,1,0,0.0,,,,,0.0,1591,1524,,0,0,FAIL
2758.054,1,FAIL,0,0,NO_ORIGIN,0,0,1,1,1,1,0,0.0,,,,,0.0,1591,1524,,0,0,FAIL
2758.104,1,FAIL,0,0,NO_ORIGIN,0,0,1,1,1,1,0,0.0,,,,,0.0,1591,1524,,0,0,FAIL
2758.154,1,FAIL,0,0,NO_ORIGIN,0,0,1,1,1,1,0,0.0,,,,,0.0,1591,1524,,0,0,FAIL
2758.205,1,FAIL,0,0,NO_ORIGIN,0,0,1,1,1,1,0,0.0,,,,,0.0,1591,1524,,0,0,FAIL
2758.255,1,FAIL,0,0,NO_ORIGIN,0,0,1,1,1,1,0,0.0,,,,,0.0,1591,1524,,0,0,FAIL
2758.305,1,FAIL,0,0,NO_ORIGIN,0,0,1,1,1,1,0,0.0,,,,,0.0,1591,1524,,0,0,FAIL
2758.355,1,FAIL,0,0,NO_ORIGIN,0,0,1,1,1,1,0,0.0,,,,,0.0,1591,1524,,0,0,FAIL
2758.405,1,FAIL,0,0,NO_ORIGIN,0,0,1,1,1,1,0,0.0,,,,,0.0,1591,1524,,0,0,FAIL
2758.455,1,FAIL,0,0,NO_ORIGIN,0,0,1,1,1,1,0,0.0,,,,,0.0,1591,1524,,0,0,FAIL
2758.505,1,FAIL,0,0,NO_ORIGIN,0,0,1,1,1,1,0,0.0,,,,,0.0,1591,1524,,0,0,FAIL
2758.555,1,FAIL,0,0,NO_ORIGIN,0,0,1,1,1,1,0,0.0,,,,,0.0,1591,1524,,0,0,FAIL
2758.606,1,FAIL,0,0,NO_ORIGIN,0,0,1,1,1,1,0,0.0,,,,,0.0,1591,1524,,0,0,FAIL
2758.656,1,FAIL,0,0,NO_ORIGIN,0,0,1,1,1,1,0,0.0,,,,,0.0,1591,1524,,0,0,FAIL
2758.706,1,FAIL,0,0,NO_ORIGIN,0,0,1,1,1,1,0,0.0,,,,,0.0,1591,1524,,0,0,FAIL
2758.756,1,FAIL,0,0,NO_ORIGIN,0,0,1,1,1,1,0,0.0,,,,,0.0,1591,1524,,0,0,FAIL
2758.806,1,FAIL,0,0,NO_ORIGIN,0,0,1,1,1,1,0,0.0,,,,,0.0,1591,1524,,0,0,FAIL
2758.856,1,FAIL,0,0,NO_ORIGIN,0,0,1,1,1,1,0,0.0,,,,,0.0,1591,1524,,0,0,FAIL
2758.906,1,FAIL,0,0,NO_ORIGIN,0,0,1,1,1,1,0,0.0,,,,,0.0,1591,1524,,0,0,FAIL
2758.956,1,FAIL,0,0,NO_ORIGIN,0,0,1,1,1,1,0,0.0,,,,,0.0,1591,1524,,0,0,FAIL
2759.006,1,FAIL,0,0,NO_ORIGIN,0,0,1,1,1,1,0,0.0,,,,,0.0,1591,1524,,0,0,FAIL
2759.057,1,FAIL,0,0,NO_ORIGIN,0,0,1,1,1,1,0,0.0,,,,,0.0,1591,1524,,0,0,FAIL
2759.107,1,FAIL,0,0,NO_ORIGIN,0,0,1,1,1,1,0,0.0,,,,,0.0,1591,1524,,0,0,FAIL
2759.157,1,FAIL,0,0,NO_ORIGIN,0,0,1,1,1,1,0,0.0,,,,,0.0,1591,1524,,0,0,FAIL
2759.207,1,FAIL,0,0,NO_ORIGIN,0,0,1,1,1,1,0,0.0,,,,,0.0,1591,1524,,0,0,FAIL
2759.257,1,FAIL,0,0,NO_ORIGIN,0,0,1,1,1,1,0,0.0,,,,,0.0,1591,1524,,0,0,FAIL
2759.307,1,FAIL,0,0,NO_ORIGIN,0,0,1,1,1,1,0,0.0,,,,,0.0,1591,1524,,0,0,FAIL
2759.357,1,FAIL,0,0,NO_ORIGIN,0,0,1,1,1,1,0,0.0,,,,,0.0,1591,1524,,0,0,FAIL
2759.407,1,FAIL,0,0,NO_ORIGIN,0,0,1,1,1,1,0,0.0,,,,,0.0,1591,1524,,0,0,FAIL
2759.458,1,FAIL,0,0,NO_ORIGIN,0,0,1,1,1,1,0,0.0,,,,,0.0,1591,1524,,0,0,FAIL
2759.508,1,FAIL,0,0,NO_ORIGIN,0,0,1,1,1,1,0,0.0,,,,,0.0,1591,1524,,0,0,FAIL
2759.558,1,FAIL,0,0,NO_ORIGIN,0,0,1,1,1,1,0,0.0,,,,,0.0,1591,1524,,0,0,FAIL
2759.608,1,FAIL,0,0,NO_ORIGIN,0,0,1,1,1,1,0,0.0,,,,,0.0,1591,1524,,0,0,FAIL
2759.658,1,FAIL,0,0,NO_ORIGIN,0,0,1,1,1,1,0,0.0,,,,,0.0,1591,1524,,0,0,FAIL
2759.708,1,FAIL,0,0,NO_ORIGIN,0,0,1,1,1,1,0,0.0,,,,,0.0,1591,1524,,0,0,FAIL
2759.758,1,FAIL,0,0,NO_ORIGIN,0,0,1,1,1,1,0,0.0,,,,,0.0,1591,1524,,0,0,FAIL
2759.808,1,FAIL,0,0,NO_ORIGIN,0,0,1,1,1,1,0,0.0,,,,,0.0,1591,1524,,0,0,FAIL
2759.859,1,FAIL,0,0,NO_ORIGIN,0,0,1,1,1,1,0,0.0,,,,,0.0,1591,1524,,0,0,FAIL
2759.909,1,FAIL,0,0,NO_ORIGIN,0,0,1,1,1,1,0,0.0,,,,,0.0,1591,1524,,0,0,FAIL
2759.959,1,FAIL,0,0,NO_ORIGIN,0,0,1,1,1,1,0,0.0,,,,,0.0,1591,1524,,0,0,FAIL
2760.009,1,FAIL,0,0,NO_ORIGIN,0,0,1,1,1,1,0,0.0,,,,,0.0,1591,1524,,0,0,FAIL
2760.059,1,FAIL,0,0,NO_ORIGIN,0,0,1,1,1,1,0,0.0,,,,,0.0,1591,1524,,0,0,FAIL
2760.109,1,FAIL,0,0,NO_ORIGIN,0,0,1,1,1,1,0,0.0,,,,,0.0,1591,1524,,0,0,FAIL
2760.159,1,FAIL,0,0,NO_ORIGIN,0,0,1,1,1,1,0,0.0,,,,,0.0,1591,1524,,0,0,FAIL
2760.209,1,FAIL,0,0,NO_ORIGIN,0,0,1,1,1,1,0,0.0,,,,,0.0,1591,1524,,0,0,FAIL
2760.26,1,FAIL,0,0,NO_ORIGIN,0,0,1,1,1,1,0,0.0,,,,,0.0,1591,1524,,0,0,FAIL
2760.31,1,FAIL,0,0,NO_ORIGIN,0,0,1,1,1,1,0,0.0,,,,,0.0,1591,1524,,0,0,FAIL
2760.36,1,FAIL,0,0,NO_ORIGIN,0,0,1,1,1,1,0,0.0,,,,,0.0,1591,1524,,0,0,FAIL
2760.41,1,FAIL,0,0,NO_ORIGIN,0,0,1,1,1,1,0,0.0,,,,,0.0,1591,1524,,0,0,FAIL
2760.46,1,FAIL,0,0,NO_ORIGIN,0,0,1,1,1,1,0,0.0,,,,,0.0,1591,1524,,0,0,FAIL
2760.51,1,FAIL,0,0,NO_ORIGIN,0,0,1,1,1,1,0,0.0,,,,,0.0,1591,1524,,0,0,FAIL
2760.56,1,FAIL,0,0,NO_ORIGIN,0,0,1,1,1,1,0,0.0,,,,,0.0,1591,1524,,0,0,FAIL
2760.61,1,FAIL,0,0,NO_ORIGIN,0,0,1,1,1,1,0,0.0,,,,,0.0,1591,1524,,0,0,FAIL
2760.661,1,FAIL,0,0,NO_ORIGIN,0,0,1,1,1,1,0,0.0,,,,,0.0,1591,1524,,0,0,FAIL
2760.711,1,FAIL,0,0,NO_ORIGIN,0,0,1,1,1,1,0,0.0,,,,,0.0,1591,1524,,0,0,FAIL
2760.761,1,FAIL,0,0,NO_ORIGIN,0,0,1,1,1,1,0,0.0,,,,,0.0,1591,1524,,0,0,FAIL
2760.811,1,FAIL,0,0,NO_ORIGIN,0,0,1,1,1,1,0,0.0,,,,,0.0,1591,1524,,0,0,FAIL
2760.861,1,FAIL,0,0,NO_ORIGIN,0,0,1,1,1,1,0,0.0,,,,,0.0,1591,1524,,0,0,FAIL
2760.911,1,FAIL,0,0,NO_ORIGIN,0,0,1,1,1,1,0,0.0,,,,,0.0,1591,1524,,0,0,FAIL
2760.961,1,FAIL,0,0,NO_ORIGIN,0,0,1,1,1,1,0,0.0,,,,,0.0,1591,1524,,0,0,FAIL
2761.011,1,FAIL,0,0,NO_ORIGIN,0,0,1,1,1,1,0,0.0,,,,,0.0,1591,1524,,0,0,FAIL
2761.061,1,FAIL,0,0,NO_ORIGIN,0,0,1,1,1,1,0,0.0,,,,,0.0,1591,1524,,0,0,FAIL
2761.112,1,FAIL,0,0,NO_ORIGIN,0,0,1,1,1,1,0,0.0,,,,,0.0,1591,1524,,0,0,FAIL
2761.162,1,FAIL,0,0,NO_ORIGIN,0,0,1,1,1,1,0,0.0,,,,,0.0,1591,1524,,0,0,FAIL
2761.212,1,FAIL,0,0,NO_ORIGIN,0,0,1,1,1,1,0,0.0,,,,,0.0,1591,1524,,0,0,FAIL
2761.262,1,FAIL,0,0,NO_ORIGIN,0,0,1,1,1,1,0,0.0,,,,,0.0,1591,1524,,0,0,FAIL
2761.312,1,FAIL,0,0,NO_ORIGIN,0,0,1,1,1,1,0,0.0,,,,,0.0,1591,1524,,0,0,FAIL
2761.362,1,FAIL,0,0,NO_ORIGIN,0,0,1,1,1,1,0,0.0,,,,,0.0,1591,1524,,0,0,FAIL
2761.412,1,FAIL,0,0,NO_ORIGIN,0,0,1,1,1,1,0,0.0,,,,,0.0,1591,1524,,0,0,FAIL
2761.463,1,FAIL,0,0,NO_ORIGIN,0,0,1,1,1,1,0,0.0,,,,,0.0,1591,1524,,0,0,FAIL
2761.513,1,FAIL,0,0,NO_ORIGIN,0,0,1,1,1,1,0,0.0,,,,,0.0,1591,1524,,0,0,FAIL
2761.563,1,FAIL,0,0,NO_ORIGIN,0,0,1,1,1,1,0,0.0,,,,,0.0,1591,1524,,0,0,FAIL
2761.613,1,FAIL,0,0,NO_ORIGIN,0,0,1,1,1,1,0,0.0,,,,,0.0,1591,1524,,0,0,FAIL
2761.663,1,FAIL,0,0,NO_ORIGIN,0,0,1,1,1,1,0,0.0,,,,,0.0,1591,1524,,0,0,FAIL
2761.713,1,FAIL,0,0,NO_ORIGIN,0,0,1,1,1,1,0,0.0,,,,,0.0,1591,1524,,0,0,FAIL
2761.763,1,FAIL,0,0,NO_ORIGIN,0,0,1,1,1,1,0,0.0,,,,,0.0,1591,1524,,0,0,FAIL
2761.813,1,FAIL,0,0,NO_ORIGIN,0,0,1,1,1,1,0,0.0,,,,,0.0,1591,1524,,0,0,FAIL
2761.864,1,FAIL,0,0,NO_ORIGIN,0,0,1,1,1,1,0,0.0,,,,,0.0,1591,1524,,0,0,FAIL
2761.914,1,FAIL,0,0,NO_ORIGIN,0,0,1,1,1,1,0,0.0,,,,,0.0,1591,1524,,0,0,FAIL
2761.964,1,FAIL,0,0,NO_ORIGIN,0,0,1,1,1,1,0,0.0,,,,,0.0,1591,1524,,0,0,FAIL
2762.014,1,FAIL,0,0,NO_ORIGIN,0,0,1,1,1,1,0,0.0,,,,,0.0,1591,1524,,0,0,FAIL
2762.064,1,FAIL,0,0,NO_ORIGIN,0,0,1,1,1,1,0,0.0,,,,,0.0,1591,1524,,0,0,FAIL
2762.114,1,FAIL,0,0,NO_ORIGIN,0,0,1,1,1,1,0,0.0,,,,,0.0,1591,1524,,0,0,FAIL
2762.164,1,FAIL,0,0,NO_ORIGIN,0,0,1,1,1,1,0,0.0,,,,,0.0,1591,1524,,0,0,FAIL
2762.214,1,FAIL,0,0,NO_ORIGIN,0,0,1,1,1,1,0,0.0,,,,,0.0,1591,1524,,0,0,FAIL
2762.265,1,FAIL,0,0,NO_ORIGIN,0,0,1,1,1,1,0,0.0,,,,,0.0,1591,1524,,0,0,FAIL
2762.315,1,FAIL,0,0,NO_ORIGIN,0,0,1,1,1,1,0,0.0,,,,,0.0,1591,1524,,0,0,FAIL
2762.365,1,FAIL,0,0,NO_ORIGIN,0,0,1,1,1,1,0,0.0,,,,,0.0,1591,1524,,0,0,FAIL
2762.415,1,FAIL,0,0,NO_ORIGIN,0,0,1,1,1,1,0,0.0,,,,,0.0,1591,1524,,0,0,FAIL
2762.465,1,FAIL,0,0,NO_ORIGIN,0,0,1,1,1,1,0,0.0,,,,,0.0,1591,1524,,0,0,FAIL
2762.515,1,FAIL,0,0,NO_ORIGIN,0,0,1,1,1,1,0,0.0,,,,,0.0,1591,1524,,0,0,FAIL
2762.565,1,FAIL,0,0,NO_ORIGIN,0,0,1,1,1,1,0,0.0,,,,,0.0,1591,1524,,0,0,FAIL
2762.615,1,FAIL,0,0,NO_ORIGIN,0,0,1,1,1,1,0,0.0,,,,,0.0,1591,1524,,0,0,FAIL
2762.666,1,FAIL,0,0,NO_ORIGIN,0,0,1,1,1,1,0,0.0,,,,,0.0,1591,1524,,0,0,FAIL
2762.716,1,FAIL,0,0,NO_ORIGIN,0,0,1,1,1,1,0,0.0,,,,,0.0,1591,1524,,0,0,FAIL
2762.766,1,FAIL,0,0,NO_ORIGIN,0,0,1,1,1,1,0,0.0,,,,,0.0,1591,1524,,0,0,FAIL
2762.816,1,FAIL,0,0,NO_ORIGIN,0,0,1,1,1,1,0,0.0,,,,,0.0,1591,1524,,0,0,FAIL
2762.866,1,FAIL,0,0,NO_ORIGIN,0,0,1,1,1,1,0,0.0,,,,,0.0,1591,1524,,0,0,FAIL
2762.916,1,FAIL,0,0,NO_ORIGIN,0,0,1,1,1,1,0,0.0,,,,,0.0,1591,1524,,0,0,FAIL
2762.966,1,FAIL,0,0,NO_ORIGIN,0,0,1,1,1,1,0,0.0,,,,,0.0,1591,1524,,0,0,FAIL
2763.017,1,FAIL,0,0,NO_ORIGIN,0,0,1,1,1,1,0,0.0,,,,,0.0,1591,1524,,0,0,FAIL
2763.067,1,FAIL,0,0,NO_ORIGIN,0,0,1,1,1,1,0,0.0,,,,,0.0,1591,1524,,0,0,FAIL
2763.117,1,FAIL,0,0,NO_ORIGIN,0,0,1,1,1,1,0,0.0,,,,,0.0,1591,1524,,0,0,FAIL
2763.167,1,FAIL,0,0,NO_ORIGIN,0,0,1,1,1,1,0,0.0,,,,,0.0,1591,1524,,0,0,FAIL
2763.217,1,FAIL,0,0,NO_ORIGIN,0,0,1,1,1,1,0,0.0,,,,,0.0,1591,1524,,0,0,FAIL
2763.267,1,FAIL,0,0,NO_ORIGIN,0,0,1,1,1,1,0,0.0,,,,,0.0,1591,1524,,0,0,FAIL
2763.317,1,FAIL,0,0,NO_ORIGIN,0,0,1,1,1,1,0,0.0,,,,,0.0,1591,1524,,0,0,FAIL
2763.368,1,FAIL,0,0,NO_ORIGIN,0,0,1,1,1,1,0,0.0,,,,,0.0,1591,1524,,0,0,FAIL
2763.418,1,FAIL,0,0,NO_ORIGIN,0,0,1,1,1,1,0,0.0,,,,,0.0,1591,1524,,0,0,FAIL
2763.468,1,FAIL,0,0,NO_ORIGIN,0,0,1,1,1,1,0,0.0,,,,,0.0,1591,1524,,0,0,FAIL
2763.518,1,FAIL,0,0,NO_ORIGIN,0,0,1,1,1,1,0,0.0,,,,,0.0,1591,1524,,0,0,FAIL
2763.568,1,FAIL,0,0,NO_ORIGIN,0,0,1,1,1,1,0,0.0,,,,,0.0,1591,1524,,0,0,FAIL
2763.618,1,FAIL,0,0,NO_ORIGIN,0,0,1,1,1,1,0,0.0,,,,,0.0,1591,1524,,0,0,FAIL
2763.671,1,FAIL,0,0,NO_ORIGIN,0,0,1,1,1,1,0,0.0,,,,,0.0,1591,1524,,0,0,FAIL
2763.722,1,FAIL,0,0,NO_ORIGIN,0,0,1,1,1,1,0,0.0,,,,,0.0,1591,1524,,0,0,FAIL
2763.772,1,FAIL,0,0,NO_ORIGIN,0,0,1,1,1,1,0,0.0,,,,,0.0,1591,1524,,0,0,FAIL
2763.822,1,FAIL,0,0,NO_ORIGIN,0,0,1,1,1,1,0,0.0,,,,,0.0,1591,1524,,0,0,FAIL
2763.872,1,FAIL,0,0,NO_ORIGIN,0,0,1,1,1,1,0,0.0,,,,,0.0,1591,1524,,0,0,FAIL
2763.922,1,FAIL,0,0,NO_ORIGIN,0,0,1,1,1,1,0,0.0,,,,,0.0,1591,1524,,0,0,FAIL
2763.973,1,FAIL,0,0,NO_ORIGIN,0,0,1,1,1,1,0,0.0,,,,,0.0,1591,1524,,0,0,FAIL
2764.023,1,FAIL,0,0,NO_ORIGIN,0,0,1,1,1,1,0,0.0,,,,,0.0,1591,1524,,0,0,FAIL
2764.073,1,FAIL,0,0,NO_ORIGIN,0,0,1,1,1,1,0,0.0,,,,,0.0,1591,1524,,0,0,FAIL
2764.123,1,FAIL,0,0,NO_ORIGIN,0,0,1,1,1,1,0,0.0,,,,,0.0,1591,1524,,0,0,FAIL
2764.173,1,FAIL,0,0,NO_ORIGIN,0,0,1,1,1,1,0,0.0,,,,,0.0,1591,1524,,0,0,FAIL
2764.223,1,FAIL,0,0,NO_ORIGIN,0,0,1,1,1,1,0,0.0,,,,,0.0,1591,1524,,0,0,FAIL
2764.274,1,FAIL,0,0,NO_ORIGIN,0,0,1,1,1,1,0,0.0,,,,,0.0,1591,1524,,0,0,FAIL
2764.324,1,FAIL,0,0,NO_ORIGIN,0,0,1,1,1,1,0,0.0,,,,,0.0,1591,1524,,0,0,FAIL
2764.374,1,FAIL,0,0,NO_ORIGIN,0,0,1,1,1,1,0,0.0,,,,,0.0,1591,1524,,0,0,FAIL
2764.424,1,FAIL,0,0,NO_ORIGIN,0,0,1,1,1,1,0,0.0,,,,,0.0,1591,1524,,0,0,FAIL
2764.474,1,FAIL,0,0,NO_ORIGIN,0,0,1,1,1,1,0,0.0,,,,,0.0,1591,1524,,0,0,FAIL
2764.524,1,FAIL,0,0,NO_ORIGIN,0,0,1,1,1,1,0,0.0,,,,,0.0,1591,1524,,0,0,FAIL
2764.574,1,FAIL,0,0,NO_ORIGIN,0,0,1,1,1,1,0,0.0,,,,,0.0,1591,1524,,0,0,FAIL
2764.624,1,FAIL,0,0,NO_ORIGIN,0,0,1,1,1,1,0,0.0,,,,,0.0,1591,1524,,0,0,FAIL
2764.675,1,FAIL,0,0,NO_ORIGIN,0,0,1,1,1,1,0,0.0,,,,,0.0,1591,1524,,0,0,FAIL
2764.725,1,FAIL,0,0,NO_ORIGIN,0,0,1,1,1,1,0,0.0,,,,,0.0,1591,1524,,0,0,FAIL
2764.775,1,FAIL,0,0,NO_ORIGIN,0,0,1,1,1,1,0,0.0,,,,,0.0,1591,1524,,0,0,FAIL
2764.825,1,FAIL,0,0,NO_ORIGIN,0,0,1,1,1,1,0,0.0,,,,,0.0,1591,1524,,0,0,FAIL
2764.875,1,FAIL,0,0,NO_ORIGIN,0,0,1,1,1,1,0,0.0,,,,,0.0,1591,1524,,0,0,FAIL
2764.925,1,FAIL,0,0,NO_ORIGIN,0,0,1,1,1,1,0,0.0,,,,,0.0,1591,1524,,0,0,FAIL
2764.975,1,FAIL,0,0,NO_ORIGIN,0,0,1,1,1,1,0,0.0,,,,,0.0,1591,1524,,0,0,FAIL
2765.025,1,FAIL,0,0,NO_ORIGIN,0,0,1,1,1,1,0,0.0,,,,,0.0,1591,1524,,0,0,FAIL
2765.076,1,FAIL,0,0,NO_ORIGIN,0,0,1,1,1,1,0,0.0,,,,,0.0,1591,1524,,0,0,FAIL
2765.126,1,FAIL,0,0,NO_ORIGIN,0,0,1,1,1,1,0,0.0,,,,,0.0,1591,1524,,0,0,FAIL
2765.176,1,FAIL,0,0,NO_ORIGIN,0,0,1,1,1,1,0,0.0,,,,,0.0,1591,1524,,0,0,FAIL
2765.226,1,FAIL,0,0,NO_ORIGIN,0,0,1,1,1,1,0,0.0,,,,,0.0,1591,1524,,0,0,FAIL
2765.276,1,FAIL,0,0,NO_ORIGIN,0,0,1,1,1,1,0,0.0,,,,,0.0,1591,1524,,0,0,FAIL
2765.326,1,FAIL,0,0,NO_ORIGIN,0,0,1,1,1,1,0,0.0,,,,,0.0,1591,1524,,0,0,FAIL
2765.376,1,FAIL,0,0,NO_ORIGIN,0,0,1,1,1,1,0,0.0,,,,,0.0,1591,1524,,0,0,FAIL
2765.427,1,FAIL,0,0,NO_ORIGIN,0,0,1,1,1,1,0,0.0,,,,,0.0,1591,1524,,0,0,FAIL
2765.477,1,FAIL,0,0,NO_ORIGIN,0,0,1,1,1,1,0,0.0,,,,,0.0,1591,1524,,0,0,FAIL
2765.527,1,FAIL,0,0,NO_ORIGIN,0,0,1,1,1,1,0,0.0,,,,,0.0,1591,1524,,0,0,FAIL
2765.577,1,FAIL,0,0,NO_ORIGIN,0,0,1,1,1,1,0,0.0,,,,,0.0,1591,1524,,0,0,FAIL
2765.627,1,FAIL,0,0,NO_ORIGIN,0,0,1,1,1,1,0,0.0,,,,,0.0,1591,1524,,0,0,FAIL
2765.677,1,FAIL,0,0,NO_ORIGIN,0,0,1,1,1,1,0,0.0,,,,,0.0,1591,1524,,0,0,FAIL
2765.727,1,FAIL,0,0,NO_ORIGIN,0,0,1,1,1,1,0,0.0,,,,,0.0,1591,1524,,0,0,FAIL
2765.778,1,FAIL,0,0,NO_ORIGIN,0,0,1,1,1,1,0,0.0,,,,,0.0,1591,1524,,0,0,FAIL
2765.828,1,FAIL,0,0,NO_ORIGIN,0,0,1,1,1,1,0,0.0,,,,,0.0,1591,1524,,0,0,FAIL
2765.878,1,FAIL,0,0,NO_ORIGIN,0,0,1,1,1,1,0,0.0,,,,,0.0,1591,1524,,0,0,FAIL
2765.928,1,FAIL,0,0,NO_ORIGIN,0,0,1,1,1,1,0,0.0,,,,,0.0,1591,1524,,0,0,FAIL
2765.978,1,FAIL,0,0,NO_ORIGIN,0,0,1,1,1,1,0,0.0,,,,,0.0,1591,1524,,0,0,FAIL
2766.028,1,FAIL,0,0,NO_ORIGIN,0,0,1,1,1,1,0,0.0,,,,,0.0,1591,1524,,0,0,FAIL
2766.079,1,FAIL,0,0,NO_ORIGIN,0,0,1,1,1,1,0,0.0,,,,,0.0,1591,1524,,0,0,FAIL
2766.129,1,FAIL,0,0,NO_ORIGIN,0,0,1,1,1,1,0,0.0,,,,,0.0,1591,1524,,0,0,FAIL
2766.179,1,FAIL,0,0,NO_ORIGIN,0,0,1,1,1,1,0,0.0,,,,,0.0,1591,1524,,0,0,FAIL
2766.229,1,FAIL,0,0,NO_ORIGIN,0,0,1,1,1,1,0,0.0,,,,,0.0,1591,1524,,0,0,FAIL
2766.279,1,FAIL,0,0,NO_ORIGIN,0,0,1,1,1,1,0,0.0,,,,,0.0,1591,1524,,0,0,FAIL
2766.329,1,FAIL,0,0,NO_ORIGIN,0,0,1,1,1,1,0,0.0,,,,,0.0,1591,1524,,0,0,FAIL
2766.379,1,FAIL,0,0,NO_ORIGIN,0,0,1,1,1,1,0,0.0,,,,,0.0,1591,1524,,0,0,FAIL
2766.43,1,FAIL,0,0,NO_ORIGIN,0,0,1,1,1,1,0,0.0,,,,,0.0,1591,1524,,0,0,FAIL
2766.48,1,FAIL,0,0,NO_ORIGIN,0,0,1,1,1,1,0,0.0,,,,,0.0,1591,1524,,0,0,FAIL
2766.53,1,FAIL,0,0,NO_ORIGIN,0,0,1,1,1,1,0,0.0,,,,,0.0,1591,1524,,0,0,FAIL
2766.58,1,FAIL,0,0,NO_ORIGIN,0,0,1,1,1,1,0,0.0,,,,,0.0,1591,1524,,0,0,FAIL
2766.63,1,FAIL,0,0,NO_ORIGIN,0,0,1,1,1,1,0,0.0,,,,,0.0,1591,1524,,0,0,FAIL
2766.68,1,FAIL,0,0,NO_ORIGIN,0,0,1,1,1,1,0,0.0,,,,,0.0,1591,1524,,0,0,FAIL
2766.73,1,FAIL,0,0,NO_ORIGIN,0,0,1,1,1,1,0,0.0,,,,,0.0,1591,1524,,0,0,FAIL
2766.78,1,FAIL,0,0,NO_ORIGIN,0,0,1,1,1,1,0,0.0,,,,,0.0,1591,1524,,0,0,FAIL
2766.831,1,FAIL,0,0,NO_ORIGIN,0,0,1,1,1,1,0,0.0,,,,,0.0,1591,1524,,0,0,FAIL
2766.882,1,FAIL,0,0,NO_ORIGIN,0,0,1,1,1,1,0,0.0,,,,,0.0,1591,1524,,0,0,FAIL
2766.932,1,FAIL,0,0,NO_ORIGIN,0,0,1,1,1,1,0,0.0,,,,,0.0,1591,1524,,0,0,FAIL
2766.982,1,FAIL,0,0,NO_ORIGIN,0,0,1,1,1,1,0,0.0,,,,,0.0,1591,1524,,0,0,FAIL
2767.032,1,FAIL,0,0,NO_ORIGIN,0,0,1,1,1,1,0,0.0,,,,,0.0,1591,1524,,0,0,FAIL
2767.082,1,FAIL,0,0,NO_ORIGIN,0,0,1,1,1,1,0,0.0,,,,,0.0,1591,1524,,0,0,FAIL
2767.132,1,FAIL,0,0,NO_ORIGIN,0,0,1,1,1,1,0,0.0,,,,,0.0,1591,1524,,0,0,FAIL
2767.183,1,FAIL,0,0,NO_ORIGIN,0,0,1,1,1,1,0,0.0,,,,,0.0,1591,1524,,0,0,FAIL
2767.233,1,FAIL,0,0,NO_ORIGIN,0,0,1,1,1,1,0,0.0,,,,,0.0,1591,1524,,0,0,FAIL
2767.283,1,FAIL,0,0,NO_ORIGIN,0,0,1,1,1,1,0,0.0,,,,,0.0,1591,1524,,0,0,FAIL
2767.333,1,FAIL,0,0,NO_ORIGIN,0,0,1,1,1,1,0,0.0,,,,,0.0,1591,1524,,0,0,FAIL
2767.383,1,FAIL,0,0,NO_ORIGIN,0,0,1,1,1,1,0,0.0,,,,,0.0,1591,1524,,0,0,FAIL
2767.433,1,FAIL,0,0,NO_ORIGIN,0,0,1,1,1,1,0,0.0,,,,,0.0,1591,1524,,0,0,FAIL
2767.483,1,FAIL,0,0,NO_ORIGIN,0,0,1,1,1,1,0,0.0,,,,,0.0,1591,1524,,0,0,FAIL
2767.533,1,FAIL,0,0,NO_ORIGIN,0,0,1,1,1,1,0,0.0,,,,,0.0,1591,1524,,0,0,FAIL
2767.584,1,FAIL,0,0,NO_ORIGIN,0,0,1,1,1,1,0,0.0,,,,,0.0,1591,1524,,0,0,FAIL
2767.634,1,FAIL,0,0,NO_ORIGIN,0,0,1,1,1,1,0,0.0,,,,,0.0,1591,1524,,0,0,FAIL
2767.684,1,FAIL,0,0,NO_ORIGIN,0,0,1,1,1,1,0,0.0,,,,,0.0,1591,1524,,0,0,FAIL
2767.734,1,FAIL,0,0,NO_ORIGIN,0,0,1,1,1,1,0,0.0,,,,,0.0,1591,1524,,0,0,FAIL
2767.784,1,FAIL,0,0,NO_ORIGIN,0,0,1,1,1,1,0,0.0,,,,,0.0,1591,1524,,0,0,FAIL
2767.834,1,FAIL,0,0,NO_ORIGIN,0,0,1,1,1,1,0,0.0,,,,,0.0,1591,1524,,0,0,FAIL
2767.884,1,FAIL,0,0,NO_ORIGIN,0,0,1,1,1,1,0,0.0,,,,,0.0,1591,1524,,0,0,FAIL
2767.934,1,FAIL,0,0,NO_ORIGIN,0,0,1,1,1,1,0,0.0,,,,,0.0,1591,1524,,0,0,FAIL
2767.985,1,FAIL,0,0,NO_ORIGIN,0,0,1,1,1,1,0,0.0,,,,,0.0,1591,1524,,0,0,FAIL
2768.035,1,FAIL,0,0,NO_ORIGIN,0,0,1,1,1,1,0,0.0,,,,,0.0,1591,1524,,0,0,FAIL
2768.085,1,FAIL,0,0,NO_ORIGIN,0,0,1,1,1,1,0,0.0,,,,,0.0,1591,1524,,0,0,FAIL
2768.135,1,FAIL,0,0,NO_ORIGIN,0,0,1,1,1,1,0,0.0,,,,,0.0,1591,1524,,0,0,FAIL
2768.185,1,FAIL,0,0,NO_ORIGIN,0,0,1,1,1,1,0,0.0,,,,,0.0,1591,1524,,0,0,FAIL
2768.235,1,FAIL,0,0,NO_ORIGIN,0,0,1,1,1,1,0,0.0,,,,,0.0,1591,1524,,0,0,FAIL
2768.285,1,FAIL,0,0,NO_ORIGIN,0,0,1,1,1,1,0,0.0,,,,,0.0,1591,1524,,0,0,FAIL
2768.336,1,FAIL,0,0,NO_ORIGIN,0,0,1,1,1,1,0,0.0,,,,,0.0,1591,1524,,0,0,FAIL
2768.386,1,FAIL,0,0,NO_ORIGIN,0,0,1,1,1,1,0,0.0,,,,,0.0,1591,1524,,0,0,FAIL
2768.436,1,FAIL,0,0,NO_ORIGIN,0,0,1,1,1,1,0,0.0,,,,,0.0,1591,1524,,0,0,FAIL
2768.486,1,FAIL,0,0,NO_ORIGIN,0,0,1,1,1,1,0,0.0,,,,,0.0,1591,1524,,0,0,FAIL
2768.536,1,FAIL,0,0,NO_ORIGIN,0,0,1,1,1,1,0,0.0,,,,,0.0,1591,1524,,0,0,FAIL
2768.586,1,FAIL,0,0,NO_ORIGIN,0,0,1,1,1,1,0,0.0,,,,,0.0,1591,1524,,0,0,FAIL
2768.636,1,FAIL,0,0,NO_ORIGIN,0,0,1,1,1,1,0,0.0,,,,,0.0,1591,1524,,0,0,FAIL
2768.686,1,FAIL,0,0,NO_ORIGIN,0,0,1,1,1,1,0,0.0,,,,,0.0,1591,1524,,0,0,FAIL
2768.736,1,FAIL,0,0,NO_ORIGIN,0,0,1,1,1,1,0,0.0,,,,,0.0,1591,1524,,0,0,FAIL
2768.787,1,FAIL,0,0,NO_ORIGIN,0,0,1,1,1,1,0,0.0,,,,,0.0,1591,1524,,0,0,FAIL
2768.837,1,FAIL,0,0,NO_ORIGIN,0,0,1,1,1,1,0,0.0,,,,,0.0,1591,1524,,0,0,FAIL
2768.887,1,FAIL,0,0,NO_ORIGIN,0,0,1,1,1,1,0,0.0,,,,,0.0,1591,1524,,0,0,FAIL
2768.937,1,FAIL,0,0,NO_ORIGIN,0,0,1,1,1,1,0,0.0,,,,,0.0,1591,1524,,0,0,FAIL
2768.987,1,FAIL,0,0,NO_ORIGIN,0,0,1,1,1,1,0,0.0,,,,,0.0,1591,1524,,0,0,FAIL
2769.037,1,FAIL,0,0,NO_ORIGIN,0,0,1,1,1,1,0,0.0,,,,,0.0,1591,1524,,0,0,FAIL
2769.087,1,FAIL,0,0,NO_ORIGIN,0,0,1,1,1,1,0,0.0,,,,,0.0,1591,1524,,0,0,FAIL
2769.137,1,FAIL,0,0,NO_ORIGIN,0,0,1,1,1,1,0,0.0,,,,,0.0,1591,1524,,0,0,FAIL
2769.188,1,FAIL,0,0,NO_ORIGIN,0,0,1,1,1,1,0,0.0,,,,,0.0,1591,1524,,0,0,FAIL
2769.238,1,FAIL,0,0,NO_ORIGIN,0,0,1,1,1,1,0,0.0,,,,,0.0,1591,1524,,0,0,FAIL
2769.288,1,FAIL,0,0,NO_ORIGIN,0,0,1,1,1,1,0,0.0,,,,,0.0,1591,1524,,0,0,FAIL
2769.338,1,FAIL,0,0,NO_ORIGIN,0,0,1,1,1,1,0,0.0,,,,,0.0,1591,1524,,0,0,FAIL
2769.388,1,FAIL,0,0,NO_ORIGIN,0,0,1,1,1,1,0,0.0,,,,,0.0,1591,1524,,0,0,FAIL
2769.438,1,FAIL,0,0,NO_ORIGIN,0,0,1,1,1,1,0,0.0,,,,,0.0,1591,1524,,0,0,FAIL
2769.488,1,FAIL,0,0,NO_ORIGIN,0,0,1,1,1,1,0,0.0,,,,,0.0,1591,1524,,0,0,FAIL
2769.538,1,FAIL,0,0,NO_ORIGIN,0,0,1,1,1,1,0,0.0,,,,,0.0,1591,1524,,0,0,FAIL
2769.589,1,FAIL,0,0,NO_ORIGIN,0,0,1,1,1,1,0,0.0,,,,,0.0,1591,1524,,0,0,FAIL
2769.639,1,FAIL,0,0,NO_ORIGIN,0,0,1,1,1,1,0,0.0,,,,,0.0,1591,1524,,0,0,FAIL
2769.689,1,FAIL,0,0,NO_ORIGIN,0,0,1,1,1,1,0,0.0,,,,,0.0,1591,1524,,0,0,FAIL
2769.739,1,FAIL,0,0,NO_ORIGIN,0,0,1,1,1,1,0,0.0,,,,,0.0,1591,1524,,0,0,FAIL
2769.789,1,FAIL,0,0,NO_ORIGIN,0,0,1,1,1,1,0,0.0,,,,,0.0,1591,1524,,0,0,FAIL
2769.839,1,FAIL,0,0,NO_ORIGIN,0,0,1,1,1,1,0,0.0,,,,,0.0,1591,1524,,0,0,FAIL
2769.889,1,FAIL,0,0,NO_ORIGIN,0,0,1,1,1,1,0,0.0,,,,,0.0,1591,1524,,0,0,FAIL
2769.939,1,FAIL,0,0,NO_ORIGIN,0,0,1,1,1,1,0,0.0,,,,,0.0,1591,1524,,0,0,FAIL
2769.99,1,FAIL,0,0,NO_ORIGIN,0,0,1,1,1,1,0,0.0,,,,,0.0,1591,1524,,0,0,FAIL
2770.04,1,FAIL,0,0,NO_ORIGIN,0,0,1,1,1,1,0,0.0,,,,,0.0,1591,1524,,0,0,FAIL
2770.09,1,FAIL,0,0,NO_ORIGIN,0,0,1,1,1,1,0,0.0,,,,,0.0,1591,1524,,0,0,FAIL
2770.14,1,FAIL,0,0,NO_ORIGIN,0,0,1,1,1,1,0,0.0,,,,,0.0,1591,1524,,0,0,FAIL
2770.191,1,FAIL,0,0,NO_ORIGIN,0,0,1,1,1,1,0,0.0,,,,,0.0,1591,1524,,0,0,FAIL
2770.241,1,FAIL,0,0,NO_ORIGIN,0,0,1,1,1,1,0,0.0,,,,,0.0,1591,1524,,0,0,FAIL
2770.291,1,FAIL,0,0,NO_ORIGIN,0,0,1,1,1,1,0,0.0,,,,,0.0,1591,1524,,0,0,FAIL
2770.341,1,FAIL,0,0,NO_ORIGIN,0,0,1,1,1,1,0,0.0,,,,,0.0,1591,1524,,0,0,FAIL
2770.392,1,FAIL,0,0,NO_ORIGIN,0,0,1,1,1,1,0,0.0,,,,,0.0,1591,1524,,0,0,FAIL
2770.442,1,FAIL,0,0,NO_ORIGIN,0,0,1,1,1,1,0,0.0,,,,,0.0,1591,1524,,0,0,FAIL
2770.492,1,FAIL,0,0,NO_ORIGIN,0,0,1,1,1,1,0,0.0,,,,,0.0,1591,1524,,0,0,FAIL
2770.542,1,FAIL,0,0,NO_ORIGIN,0,0,1,1,1,1,0,0.0,,,,,0.0,1591,1524,,0,0,FAIL
2770.593,1,FAIL,0,0,NO_ORIGIN,0,0,1,1,1,1,0,0.0,,,,,0.0,1591,1524,,0,0,FAIL
2770.643,1,FAIL,0,0,NO_ORIGIN,0,0,1,1,1,1,0,0.0,,,,,0.0,1591,1524,,0,0,FAIL
2770.693,1,FAIL,0,0,NO_ORIGIN,0,0,1,1,1,1,0,0.0,,,,,0.0,1591,1524,,0,0,FAIL
2770.743,1,FAIL,0,0,NO_ORIGIN,0,0,1,1,1,1,0,0.0,,,,,0.0,1591,1524,,0,0,FAIL
2770.793,1,FAIL,0,0,NO_ORIGIN,0,0,1,1,1,1,0,0.0,,,,,0.0,1591,1524,,0,0,FAIL
2770.843,1,FAIL,0,0,NO_ORIGIN,0,0,1,1,1,1,0,0.0,,,,,0.0,1591,1524,,0,0,FAIL
2770.894,1,FAIL,0,0,NO_ORIGIN,0,0,1,1,1,1,0,0.0,,,,,0.0,1591,1524,,0,0,FAIL
2770.944,1,FAIL,0,0,NO_ORIGIN,0,0,1,1,1,1,0,0.0,,,,,0.0,1591,1524,,0,0,FAIL
2770.994,1,FAIL,0,0,NO_ORIGIN,0,0,1,1,1,1,0,0.0,,,,,0.0,1591,1524,,0,0,FAIL
2771.045,1,FAIL,0,0,NO_ORIGIN,0,0,1,1,1,1,0,0.0,,,,,0.0,1591,1524,,0,0,FAIL
2771.095,1,FAIL,0,0,NO_ORIGIN,0,0,1,1,1,1,0,0.0,,,,,0.0,1591,1524,,0,0,FAIL
2771.145,1,FAIL,0,0,NO_ORIGIN,0,0,1,1,1,1,0,0.0,,,,,0.0,1591,1524,,0,0,FAIL
2771.195,1,FAIL,0,0,NO_ORIGIN,0,0,1,1,1,1,0,0.0,,,,,0.0,1591,1524,,0,0,FAIL
2771.246,1,FAIL,0,0,NO_ORIGIN,0,0,1,1,1,1,0,0.0,,,,,0.0,1591,1524,,0,0,FAIL
2771.296,1,FAIL,0,0,NO_ORIGIN,0,0,1,1,1,1,0,0.0,,,,,0.0,1591,1524,,0,0,FAIL
2771.346,2,FAIL,0,0,NO_ORIGIN,0,0,1,1,1,1,0,0.0,,,,,0.0,1591,1524,,0,0,FAIL
2771.396,2,FAIL,0,0,NO_ORIGIN,0,0,1,1,1,1,0,0.0,,,,,0.0,1591,1524,,0,0,FAIL
2771.446,2,FAIL,0,0,NO_ORIGIN,0,0,1,1,1,1,0,0.0,,,,,0.0,1591,1524,,0,0,FAIL
2771.496,2,FAIL,0,0,NO_ORIGIN,0,0,1,1,1,1,0,0.0,,,,,0.0,1591,1524,,0,0,FAIL
2771.547,2,FAIL,0,0,NO_ORIGIN,0,0,1,1,1,1,0,0.0,,,,,0.0,1591,1524,,0,0,FAIL
2771.597,2,FAIL,0,0,NO_ORIGIN,0,0,1,1,1,1,0,0.0,,,,,0.0,1591,1524,,0,0,FAIL
2771.647,2,FAIL,0,0,NO_ORIGIN,0,0,1,1,1,1,0,0.0,,,,,0.0,1591,1524,,0,0,FAIL
2771.697,2,FAIL,0,0,NO_ORIGIN,0,0,1,1,1,1,0,0.0,,,,,0.0,1591,1524,,0,0,FAIL
2771.748,2,FAIL,0,0,NO_ORIGIN,0,0,1,1,1,1,0,0.0,,,,,0.0,1591,1524,,0,0,FAIL
2771.798,2,FAIL,0,0,NO_ORIGIN,0,0,1,1,1,1,0,0.0,,,,,0.0,1591,1524,,0,0,FAIL
2771.848,2,FAIL,0,0,NO_ORIGIN,0,0,1,1,1,1,0,0.0,,,,,0.0,1591,1524,,0,0,FAIL
2771.899,2,FAIL,0,0,NO_ORIGIN,0,0,1,1,1,1,0,0.0,,,,,0.0,1591,1524,,0,0,FAIL
2771.949,2,FAIL,0,0,NO_ORIGIN,0,0,1,1,1,1,0,0.0,,,,,0.0,1591,1524,,0,0,FAIL
2771.999,2,FAIL,0,0,NO_ORIGIN,0,0,1,1,1,1,0,0.0,,,,,0.0,1591,1524,,0,0,FAIL
2772.049,2,FAIL,0,0,NO_ORIGIN,0,0,1,1,1,1,0,0.0,,,,,0.0,1591,1524,,0,0,FAIL
2772.099,2,FAIL,0,0,NO_ORIGIN,0,0,1,1,1,1,0,0.0,,,,,0.0,1591,1524,,0,0,FAIL
2772.149,2,FAIL,0,0,NO_ORIGIN,0,0,1,1,1,1,0,0.0,,,,,0.0,1591,1524,,0,0,FAIL
2772.2,2,FAIL,0,0,NO_ORIGIN,0,0,1,1,1,1,0,0.0,,,,,0.0,1591,1524,,0,0,FAIL
2772.25,2,FAIL,0,0,NO_ORIGIN,0,0,1,1,1,1,0,0.0,,,,,0.0,1591,1524,,0,0,FAIL
2772.3,2,FAIL,0,0,NO_ORIGIN,0,0,1,1,1,1,0,0.0,,,,,0.0,1591,1524,,0,0,FAIL
2772.351,2,FAIL,0,0,NO_ORIGIN,0,0,1,1,1,1,0,0.0,,,,,0.0,1591,1524,,0,0,FAIL
2772.401,2,FAIL,0,0,NO_ORIGIN,0,0,1,1,1,1,0,0.0,,,,,0.0,1591,1524,,0,0,FAIL
2772.451,2,FAIL,0,0,NO_ORIGIN,0,0,1,1,1,1,0,0.0,,,,,0.0,1591,1524,,0,0,FAIL
2772.501,2,FAIL,0,0,NO_ORIGIN,0,0,1,1,1,1,0,0.0,,,,,0.0,1591,1524,,0,0,FAIL
2772.551,2,FAIL,0,0,NO_ORIGIN,0,0,1,1,1,1,0,0.0,,,,,0.0,1591,1524,,0,0,FAIL
2772.602,2,FAIL,0,0,NO_ORIGIN,0,0,1,1,1,1,0,0.0,,,,,0.0,1591,1524,,0,0,FAIL
2772.652,2,FAIL,0,0,NO_ORIGIN,0,0,1,1,1,1,0,0.0,,,,,0.0,1591,1524,,0,0,FAIL
2772.702,2,FAIL,0,0,NO_ORIGIN,0,0,1,1,1,1,0,0.0,,,,,0.0,1591,1524,,0,0,FAIL
2772.752,2,FAIL,0,0,NO_ORIGIN,0,0,1,1,1,1,0,0.0,,,,,0.0,1591,1524,,0,0,FAIL
2772.802,2,FAIL,0,0,NO_ORIGIN,0,0,1,1,1,1,0,0.0,,,,,0.0,1591,1524,,0,0,FAIL
2772.852,2,FAIL,0,0,NO_ORIGIN,0,0,1,1,1,1,0,0.0,,,,,0.0,1591,1524,,0,0,FAIL
2772.903,2,FAIL,0,0,NO_ORIGIN,0,0,1,1,1,1,0,0.0,,,,,0.0,1591,1524,,0,0,FAIL
2772.953,2,FAIL,0,0,NO_ORIGIN,0,0,1,1,1,1,0,0.0,,,,,0.0,1591,1524,,0,0,FAIL
2773.003,2,FAIL,0,0,NO_ORIGIN,0,0,1,1,1,1,0,0.0,,,,,0.0,1591,1524,,0,0,FAIL
2773.053,2,FAIL,0,0,NO_ORIGIN,0,0,1,1,1,1,0,0.0,,,,,0.0,1591,1524,,0,0,FAIL
2773.103,2,FAIL,0,0,NO_ORIGIN,0,0,1,1,1,1,0,0.0,,,,,0.0,1591,1524,,0,0,FAIL
2773.153,2,FAIL,0,0,NO_ORIGIN,0,0,1,1,1,1,0,0.0,,,,,0.0,1591,1524,,0,0,FAIL
2773.204,2,FAIL,0,0,NO_ORIGIN,0,0,1,1,1,1,0,0.0,,,,,0.0,1591,1524,,0,0,FAIL
2773.254,2,FAIL,0,0,NO_ORIGIN,0,0,1,1,1,1,0,0.0,,,,,0.0,1591,1524,,0,0,FAIL
2773.305,2,FAIL,0,0,NO_ORIGIN,0,0,1,1,1,1,0,0.0,,,,,0.0,1591,1524,,0,0,FAIL
2773.355,2,FAIL,0,0,NO_ORIGIN,0,0,1,1,1,1,0,0.0,,,,,0.0,1591,1524,,0,0,FAIL
2773.405,2,FAIL,0,0,NO_ORIGIN,0,0,1,1,1,1,0,0.0,,,,,0.0,1591,1524,,0,0,FAIL
2773.455,2,FAIL,0,0,NO_ORIGIN,0,0,1,1,1,1,0,0.0,,,,,0.0,1591,1524,,0,0,FAIL
2773.505,2,FAIL,0,0,NO_ORIGIN,0,0,1,1,1,1,0,0.0,,,,,0.0,1591,1524,,0,0,FAIL
2773.555,2,FAIL,0,0,NO_ORIGIN,0,0,1,1,1,1,0,0.0,,,,,0.0,1591,1524,,0,0,FAIL
2773.605,2,FAIL,0,0,NO_ORIGIN,0,0,1,1,1,1,0,0.0,,,,,0.0,1591,1524,,0,0,FAIL
2773.656,2,FAIL,0,0,NO_ORIGIN,0,0,1,1,1,1,0,0.0,,,,,0.0,1591,1524,,0,0,FAIL
2773.706,2,FAIL,0,0,NO_ORIGIN,0,0,1,1,1,1,0,0.0,,,,,0.0,1591,1524,,0,0,FAIL
2773.756,2,FAIL,0,0,NO_ORIGIN,0,0,1,1,1,1,0,0.0,,,,,0.0,1591,1524,,0,0,FAIL
2773.807,2,FAIL,0,0,NO_ORIGIN,0,0,1,1,1,1,0,0.0,,,,,0.0,1591,1524,,0,0,FAIL
2773.857,2,FAIL,0,0,NO_ORIGIN,0,0,1,1,1,1,0,0.0,,,,,0.0,1591,1524,,0,0,FAIL
2773.907,2,FAIL,0,0,NO_ORIGIN,0,0,1,1,1,1,0,0.0,,,,,0.0,1591,1524,,0,0,FAIL
2773.957,2,FAIL,0,0,NO_ORIGIN,0,0,1,1,1,1,0,0.0,,,,,0.0,1591,1524,,0,0,FAIL
2774.007,2,FAIL,0,0,NO_ORIGIN,0,0,1,1,1,1,0,0.0,,,,,0.0,1591,1524,,0,0,FAIL
2774.057,2,FAIL,0,0,NO_ORIGIN,0,0,1,1,1,1,0,0.0,,,,,0.0,1591,1524,,0,0,FAIL
2774.108,2,FAIL,0,0,NO_ORIGIN,0,0,1,1,1,1,0,0.0,,,,,0.0,1591,1524,,0,0,FAIL
2774.158,2,FAIL,0,0,NO_ORIGIN,0,0,1,1,1,1,0,0.0,,,,,0.0,1591,1524,,0,0,FAIL
2774.208,2,FAIL,0,0,NO_ORIGIN,0,0,1,1,1,1,0,0.0,,,,,0.0,1591,1524,,0,0,FAIL
2774.258,2,FAIL,0,0,NO_ORIGIN,0,0,1,1,1,1,0,0.0,,,,,0.0,1591,1524,,0,0,FAIL
2774.309,2,FAIL,0,0,NO_ORIGIN,0,0,1,1,1,1,0,0.0,,,,,0.0,1591,1524,,0,0,FAIL
2774.359,2,FAIL,0,0,NO_ORIGIN,0,0,1,1,1,1,0,0.0,,,,,0.0,1591,1524,,0,0,FAIL
2774.41,2,FAIL,0,0,NO_ORIGIN,0,0,1,1,1,1,0,0.0,,,,,0.0,1591,1524,,0,0,FAIL
2774.46,2,FAIL,0,0,NO_ORIGIN,0,0,1,1,1,1,0,0.0,,,,,0.0,1591,1524,,0,0,FAIL
2774.51,2,FAIL,0,0,NO_ORIGIN,0,0,1,1,1,1,0,0.0,,,,,0.0,1591,1524,,0,0,FAIL
2774.56,2,FAIL,0,0,NO_ORIGIN,0,0,1,1,1,1,0,0.0,,,,,0.0,1591,1524,,0,0,FAIL
2774.61,2,FAIL,0,0,NO_ORIGIN,0,0,1,1,1,1,0,0.0,,,,,0.0,1591,1524,,0,0,FAIL
2774.661,2,FAIL,0,0,NO_ORIGIN,0,0,1,1,1,1,0,0.0,,,,,0.0,1591,1524,,0,0,FAIL
2774.711,2,FAIL,0,0,NO_ORIGIN,0,0,1,1,1,1,0,0.0,,,,,0.0,1591,1524,,0,0,FAIL
2774.761,2,FAIL,0,0,NO_ORIGIN,0,0,1,1,1,1,0,0.0,,,,,0.0,1591,1524,,0,0,FAIL
2774.811,2,FAIL,0,0,NO_ORIGIN,0,0,1,1,1,1,0,0.0,,,,,0.0,1591,1524,,0,0,FAIL
2774.861,2,FAIL,0,0,NO_ORIGIN,0,0,1,1,1,1,0,0.0,,,,,0.0,1591,1524,,0,0,FAIL
2774.912,2,FAIL,0,0,NO_ORIGIN,0,0,1,1,1,1,0,0.0,,,,,0.0,1591,1524,,0,0,FAIL
2774.962,2,FAIL,0,0,NO_ORIGIN,0,0,1,1,1,1,0,0.0,,,,,0.0,1591,1524,,0,0,FAIL
2775.012,2,FAIL,0,0,NO_ORIGIN,0,0,1,1,1,1,0,0.0,,,,,0.0,1591,1524,,0,0,FAIL
2775.062,2,FAIL,0,0,NO_ORIGIN,0,0,1,1,1,1,0,0.0,,,,,0.0,1591,1524,,0,0,FAIL
2775.113,2,FAIL,0,0,NO_ORIGIN,0,0,1,1,1,1,0,0.0,,,,,0.0,1591,1524,,0,0,FAIL
2775.163,2,FAIL,0,0,NO_ORIGIN,0,0,1,1,1,1,0,0.0,,,,,0.0,1591,1524,,0,0,FAIL
2775.213,2,FAIL,0,0,NO_ORIGIN,0,0,1,1,1,1,0,0.0,,,,,0.0,1591,1524,,0,0,FAIL
2775.263,2,FAIL,0,0,NO_ORIGIN,0,0,1,1,1,1,0,0.0,,,,,0.0,1591,1524,,0,0,FAIL
2775.313,2,FAIL,0,0,NO_ORIGIN,0,0,1,1,1,1,0,0.0,,,,,0.0,1591,1524,,0,0,FAIL
2775.363,2,FAIL,0,0,NO_ORIGIN,0,0,1,1,1,1,0,0.0,,,,,0.0,1591,1524,,0,0,FAIL
2775.413,2,FAIL,0,0,NO_ORIGIN,0,0,1,1,1,1,0,0.0,,,,,0.0,1591,1524,,0,0,FAIL
2775.463,2,FAIL,0,0,NO_ORIGIN,0,0,1,1,1,1,0,0.0,,,,,0.0,1591,1524,,0,0,FAIL
2775.514,2,FAIL,0,0,NO_ORIGIN,0,0,1,1,1,1,0,0.0,,,,,0.0,1591,1524,,0,0,FAIL
2775.564,2,FAIL,0,0,NO_ORIGIN,0,0,1,1,1,1,0,0.0,,,,,0.0,1591,1524,,0,0,FAIL
2775.614,2,FAIL,0,0,NO_ORIGIN,0,0,1,1,1,1,0,0.0,,,,,0.0,1591,1524,,0,0,FAIL
2775.664,2,FAIL,0,0,NO_ORIGIN,0,0,1,1,1,1,0,0.0,,,,,0.0,1591,1524,,0,0,FAIL
2775.714,2,FAIL,0,0,NO_ORIGIN,0,0,1,1,1,1,0,0.0,,,,,0.0,1591,1524,,0,0,FAIL
2775.764,2,FAIL,0,0,NO_ORIGIN,0,0,1,1,1,1,0,0.0,,,,,0.0,1591,1524,,0,0,FAIL
2775.814,2,FAIL,0,0,NO_ORIGIN,0,0,1,1,1,1,0,0.0,,,,,0.0,1591,1524,,0,0,FAIL
2775.865,2,FAIL,0,0,NO_ORIGIN,0,0,1,1,1,1,0,0.0,,,,,0.0,1591,1524,,0,0,FAIL
2775.915,2,FAIL,0,0,NO_ORIGIN,0,0,1,1,1,1,0,0.0,,,,,0.0,1591,1524,,0,0,FAIL
2775.965,2,FAIL,0,0,NO_ORIGIN,0,0,1,1,1,1,0,0.0,,,,,0.0,1591,1524,,0,0,FAIL
2776.015,2,FAIL,0,0,NO_ORIGIN,0,0,1,1,1,1,0,0.0,,,,,0.0,1591,1524,,0,0,FAIL
2776.065,2,FAIL,0,0,NO_ORIGIN,0,0,1,1,1,1,0,0.0,,,,,0.0,1591,1524,,0,0,FAIL
2776.115,2,FAIL,0,0,NO_ORIGIN,0,0,1,1,1,1,0,0.0,,,,,0.0,1591,1524,,0,0,FAIL
2776.165,2,FAIL,0,0,NO_ORIGIN,0,0,1,1,1,1,0,0.0,,,,,0.0,1591,1524,,0,0,FAIL
2776.215,2,FAIL,0,0,NO_ORIGIN,0,0,1,1,1,1,0,0.0,,,,,0.0,1591,1524,,0,0,FAIL
2776.266,2,FAIL,0,0,NO_ORIGIN,0,0,1,1,1,1,0,0.0,,,,,0.0,1591,1524,,0,0,FAIL
2776.316,2,FAIL,0,0,NO_ORIGIN,0,0,1,1,1,1,0,0.0,,,,,0.0,1591,1524,,0,0,FAIL
2776.366,2,FAIL,0,0,NO_ORIGIN,0,0,1,1,1,1,0,0.0,,,,,0.0,1591,1524,,0,0,FAIL
2776.416,2,FAIL,0,0,NO_ORIGIN,0,0,1,1,1,1,0,0.0,,,,,0.0,1591,1524,,0,0,FAIL
2776.466,2,FAIL,0,0,NO_ORIGIN,0,0,1,1,1,1,0,0.0,,,,,0.0,1591,1524,,0,0,FAIL
2776.516,2,FAIL,0,0,NO_ORIGIN,0,0,1,1,1,1,0,0.0,,,,,0.0,1591,1524,,0,0,FAIL
2776.566,2,FAIL,0,0,NO_ORIGIN,0,0,1,1,1,1,0,0.0,,,,,0.0,1591,1524,,0,0,FAIL
2776.616,2,FAIL,0,0,NO_ORIGIN,0,0,1,1,1,1,0,0.0,,,,,0.0,1591,1524,,0,0,FAIL
2776.667,2,FAIL,0,0,NO_ORIGIN,0,0,1,1,1,1,0,0.0,,,,,0.0,1591,1524,,0,0,FAIL
2776.717,2,FAIL,0,0,NO_ORIGIN,0,0,1,1,1,1,0,0.0,,,,,0.0,1591,1524,,0,0,FAIL
2776.767,2,FAIL,0,0,NO_ORIGIN,0,0,1,1,1,1,0,0.0,,,,,0.0,1591,1524,,0,0,FAIL
2776.817,2,FAIL,0,0,NO_ORIGIN,0,0,1,1,1,1,0,0.0,,,,,0.0,1591,1524,,0,0,FAIL
2776.867,2,FAIL,0,0,NO_ORIGIN,0,0,1,1,1,1,0,0.0,,,,,0.0,1591,1524,,0,0,FAIL
2776.917,2,FAIL,0,0,NO_ORIGIN,0,0,1,1,1,1,0,0.0,,,,,0.0,1591,1524,,0,0,FAIL
2776.967,2,FAIL,0,0,NO_ORIGIN,0,0,1,1,1,1,0,0.0,,,,,0.0,1591,1524,,0,0,FAIL
2777.017,2,FAIL,0,0,NO_ORIGIN,0,0,1,1,1,1,0,0.0,,,,,0.0,1591,1524,,0,0,FAIL
2777.068,2,FAIL,0,0,NO_ORIGIN,0,0,1,1,1,1,0,0.0,,,,,0.0,1591,1524,,0,0,FAIL
2777.118,2,FAIL,0,0,NO_ORIGIN,0,0,1,1,1,1,0,0.0,,,,,0.0,1591,1524,,0,0,FAIL
2777.168,2,FAIL,0,0,NO_ORIGIN,0,0,1,1,1,1,0,0.0,,,,,0.0,1591,1524,,0,0,FAIL
2777.218,2,FAIL,0,0,NO_ORIGIN,0,0,1,1,1,1,0,0.0,,,,,0.0,1591,1524,,0,0,FAIL
2777.268,2,FAIL,0,0,NO_ORIGIN,0,0,1,1,1,1,0,0.0,,,,,0.0,1591,1524,,0,0,FAIL
2777.318,2,FAIL,0,0,NO_ORIGIN,0,0,1,1,1,1,0,0.0,,,,,0.0,1591,1524,,0,0,FAIL
2777.368,2,FAIL,0,0,NO_ORIGIN,0,0,1,1,1,1,0,0.0,,,,,0.0,1591,1524,,0,0,FAIL
2777.418,2,FAIL,0,0,NO_ORIGIN,0,0,1,1,1,1,0,0.0,,,,,0.0,1591,1524,,0,0,FAIL
2777.468,2,FAIL,0,0,NO_ORIGIN,0,0,1,1,1,1,0,0.0,,,,,0.0,1591,1524,,0,0,FAIL
2777.519,2,FAIL,0,0,NO_ORIGIN,0,0,1,1,1,1,0,0.0,,,,,0.0,1591,1524,,0,0,FAIL
2777.569,2,FAIL,0,0,NO_ORIGIN,0,0,1,1,1,1,0,0.0,,,,,0.0,1591,1524,,0,0,FAIL
2777.619,2,FAIL,0,0,NO_ORIGIN,0,0,1,1,1,1,0,0.0,,,,,0.0,1591,1524,,0,0,FAIL
2777.669,2,FAIL,0,0,NO_ORIGIN,0,0,1,1,1,1,0,0.0,,,,,0.0,1591,1524,,0,0,FAIL
2777.719,2,FAIL,0,0,NO_ORIGIN,0,0,1,1,1,1,0,0.0,,,,,0.0,1591,1524,,0,0,FAIL
2777.769,2,FAIL,0,0,NO_ORIGIN,0,0,1,1,1,1,0,0.0,,,,,0.0,1591,1524,,0,0,FAIL
2777.819,2,FAIL,0,0,NO_ORIGIN,0,0,1,1,1,1,0,0.0,,,,,0.0,1591,1524,,0,0,FAIL
2777.869,2,FAIL,0,0,NO_ORIGIN,0,0,1,1,1,1,0,0.0,,,,,0.0,1591,1524,,0,0,FAIL
2777.92,2,FAIL,0,0,NO_ORIGIN,0,0,1,1,1,1,0,0.0,,,,,0.0,1591,1524,,0,0,FAIL
2777.97,2,FAIL,0,0,NO_ORIGIN,0,0,1,1,1,1,0,0.0,,,,,0.0,1591,1524,,0,0,FAIL
2778.02,2,FAIL,0,0,NO_ORIGIN,0,0,1,1,1,1,0,0.0,,,,,0.0,1591,1524,,0,0,FAIL
2778.07,2,FAIL,0,0,NO_ORIGIN,0,0,1,1,1,1,0,0.0,,,,,0.0,1591,1524,,0,0,FAIL
2778.12,2,FAIL,0,0,NO_ORIGIN,0,0,1,1,1,1,0,0.0,,,,,0.0,1591,1524,,0,0,FAIL
2778.17,2,FAIL,0,0,NO_ORIGIN,0,0,1,1,1,1,0,0.0,,,,,0.0,1591,1524,,0,0,FAIL
2778.22,2,FAIL,0,0,NO_ORIGIN,0,0,1,1,1,1,0,0.0,,,,,0.0,1591,1524,,0,0,FAIL
2778.27,2,FAIL,0,0,NO_ORIGIN,0,0,1,1,1,1,0,0.0,,,,,0.0,1591,1524,,0,0,FAIL
2778.321,2,FAIL,0,0,NO_ORIGIN,0,0,1,1,1,1,0,0.0,,,,,0.0,1591,1524,,0,0,FAIL
2778.371,2,FAIL,0,0,NO_ORIGIN,0,0,1,1,1,1,0,0.0,,,,,0.0,1591,1524,,0,0,FAIL
2778.421,2,FAIL,0,0,NO_ORIGIN,0,0,1,1,1,1,0,0.0,,,,,0.0,1591,1524,,0,0,FAIL
2778.471,2,FAIL,0,0,NO_ORIGIN,0,0,1,1,1,1,0,0.0,,,,,0.0,1591,1524,,0,0,FAIL
2778.521,2,FAIL,0,0,NO_ORIGIN,0,0,1,1,1,1,0,0.0,,,,,0.0,1591,1524,,0,0,FAIL
2778.571,2,FAIL,0,0,NO_ORIGIN,0,0,1,1,1,1,0,0.0,,,,,0.0,1591,1524,,0,0,FAIL
2778.621,2,FAIL,0,0,NO_ORIGIN,0,0,1,1,1,1,0,0.0,,,,,0.0,1591,1524,,0,0,FAIL
2778.671,2,FAIL,0,0,NO_ORIGIN,0,0,1,1,1,1,0,0.0,,,,,0.0,1591,1524,,0,0,FAIL
2778.722,2,FAIL,0,0,NO_ORIGIN,0,0,1,1,1,1,0,0.0,,,,,0.0,1591,1524,,0,0,FAIL
2778.772,2,FAIL,0,0,NO_ORIGIN,0,0,1,1,1,1,0,0.0,,,,,0.0,1591,1524,,0,0,FAIL
2778.822,2,FAIL,0,0,NO_ORIGIN,0,0,1,1,1,1,0,0.0,,,,,0.0,1591,1524,,0,0,FAIL
2778.872,2,FAIL,0,0,NO_ORIGIN,0,0,1,1,1,1,0,0.0,,,,,0.0,1591,1524,,0,0,FAIL
2778.922,2,FAIL,0,0,NO_ORIGIN,0,0,1,1,1,1,0,0.0,,,,,0.0,1591,1524,,0,0,FAIL
2778.972,2,FAIL,0,0,NO_ORIGIN,0,0,1,1,1,1,0,0.0,,,,,0.0,1591,1524,,0,0,FAIL
2779.022,2,FAIL,0,0,NO_ORIGIN,0,0,1,1,1,1,0,0.0,,,,,0.0,1591,1524,,0,0,FAIL
2779.072,2,FAIL,0,0,NO_ORIGIN,0,0,1,1,1,1,0,0.0,,,,,0.0,1591,1524,,0,0,FAIL
2779.122,2,FAIL,0,0,NO_ORIGIN,0,0,1,1,1,1,0,0.0,,,,,0.0,1591,1524,,0,0,FAIL
2779.173,2,FAIL,0,0,NO_ORIGIN,0,0,1,1,1,1,0,0.0,,,,,0.0,1591,1524,,0,0,FAIL
2779.223,2,FAIL,0,0,NO_ORIGIN,0,0,1,1,1,1,0,0.0,,,,,0.0,1591,1524,,0,0,FAIL
2779.273,2,FAIL,0,0,NO_ORIGIN,0,0,1,1,1,1,0,0.0,,,,,0.0,1591,1524,,0,0,FAIL
2779.323,2,FAIL,0,0,NO_ORIGIN,0,0,1,1,1,1,0,0.0,,,,,0.0,1591,1524,,0,0,FAIL
2779.373,2,FAIL,0,0,NO_ORIGIN,0,0,1,1,1,1,0,0.0,,,,,0.0,1591,1524,,0,0,FAIL
2779.423,2,FAIL,0,0,NO_ORIGIN,0,0,1,1,1,1,0,0.0,,,,,0.0,1591,1524,,0,0,FAIL
2779.473,2,FAIL,0,0,NO_ORIGIN,0,0,1,1,1,1,0,0.0,,,,,0.0,1591,1524,,0,0,FAIL
2779.523,2,FAIL,0,0,NO_ORIGIN,0,0,1,1,1,1,0,0.0,,,,,0.0,1591,1524,,0,0,FAIL
2779.574,2,FAIL,0,0,NO_ORIGIN,0,0,1,1,1,1,0,0.0,,,,,0.0,1591,1524,,0,0,FAIL
2779.624,2,FAIL,0,0,NO_ORIGIN,0,0,1,1,1,1,0,0.0,,,,,0.0,1591,1524,,0,0,FAIL
2779.674,2,FAIL,0,0,NO_ORIGIN,0,0,1,1,1,1,0,0.0,,,,,0.0,1591,1524,,0,0,FAIL
2779.724,2,FAIL,0,0,NO_ORIGIN,0,0,1,1,1,1,0,0.0,,,,,0.0,1591,1524,,0,0,FAIL
2779.774,2,FAIL,0,0,NO_ORIGIN,0,0,1,1,1,1,0,0.0,,,,,0.0,1591,1524,,0,0,FAIL
2779.824,2,FAIL,0,0,NO_ORIGIN,0,0,1,1,1,1,0,0.0,,,,,0.0,1591,1524,,0,0,FAIL
2779.874,2,FAIL,0,0,NO_ORIGIN,0,0,1,1,1,1,0,0.0,,,,,0.0,1591,1524,,0,0,FAIL
2779.924,2,FAIL,0,0,NO_ORIGIN,0,0,1,1,1,1,0,0.0,,,,,0.0,1591,1524,,0,0,FAIL
2779.975,2,FAIL,0,0,NO_ORIGIN,0,0,1,1,1,1,0,0.0,,,,,0.0,1591,1524,,0,0,FAIL
2780.025,2,FAIL,0,0,NO_ORIGIN,0,0,1,1,1,1,0,0.0,,,,,0.0,1591,1524,,0,0,FAIL
2780.075,2,FAIL,0,0,NO_ORIGIN,0,0,1,1,1,1,0,0.0,,,,,0.0,1591,1524,,0,0,FAIL
2780.125,2,FAIL,0,0,NO_ORIGIN,0,0,1,1,1,1,0,0.0,,,,,0.0,1591,1524,,0,0,FAIL
2780.175,2,FAIL,0,0,NO_ORIGIN,0,0,1,1,1,1,0,0.0,,,,,0.0,1591,1524,,0,0,FAIL
2780.225,2,FAIL,0,0,NO_ORIGIN,0,0,1,1,1,1,0,0.0,,,,,0.0,1591,1524,,0,0,FAIL
2780.275,2,FAIL,0,0,NO_ORIGIN,0,0,1,1,1,1,0,0.0,,,,,0.0,1591,1524,,0,0,FAIL
2780.325,2,FAIL,0,0,NO_ORIGIN,0,0,1,1,1,1,0,0.0,,,,,0.0,1591,1524,,0,0,FAIL
2780.375,2,FAIL,0,0,NO_ORIGIN,0,0,1,1,1,1,0,0.0,,,,,0.0,1591,1524,,0,0,FAIL
2780.426,2,FAIL,0,0,NO_ORIGIN,0,0,1,1,1,1,0,0.0,,,,,0.0,1591,1524,,0,0,FAIL
2780.476,2,FAIL,0,0,NO_ORIGIN,0,0,1,1,1,1,0,0.0,,,,,0.0,1591,1524,,0,0,FAIL
2780.526,2,FAIL,0,0,NO_ORIGIN,0,0,1,1,1,1,0,0.0,,,,,0.0,1591,1524,,0,0,FAIL
2780.576,2,FAIL,0,0,NO_ORIGIN,0,0,1,1,1,1,0,0.0,,,,,0.0,1591,1524,,0,0,FAIL
2780.626,2,FAIL,0,0,NO_ORIGIN,0,0,1,1,1,1,0,0.0,,,,,0.0,1591,1524,,0,0,FAIL
2780.676,2,FAIL,0,0,NO_ORIGIN,0,0,1,1,1,1,0,0.0,,,,,0.0,1591,1524,,0,0,FAIL
2780.726,2,FAIL,0,0,NO_ORIGIN,0,0,1,1,1,1,0,0.0,,,,,0.0,1591,1524,,0,0,FAIL
2780.776,2,FAIL,0,0,NO_ORIGIN,0,0,1,1,1,1,0,0.0,,,,,0.0,1591,1524,,0,0,FAIL
2780.827,2,FAIL,0,0,NO_ORIGIN,0,0,1,1,1,1,0,0.0,,,,,0.0,1591,1524,,0,0,FAIL
2780.877,2,FAIL,0,0,NO_ORIGIN,0,0,1,1,1,1,0,0.0,,,,,0.0,1591,1524,,0,0,FAIL
2780.927,2,FAIL,0,0,NO_ORIGIN,0,0,1,1,1,1,0,0.0,,,,,0.0,1591,1524,,0,0,FAIL
2780.977,2,FAIL,0,0,NO_ORIGIN,0,0,1,1,1,1,0,0.0,,,,,0.0,1591,1524,,0,0,FAIL
2781.027,2,FAIL,0,0,NO_ORIGIN,0,0,1,1,1,1,0,0.0,,,,,0.0,1591,1524,,0,0,FAIL
2781.077,2,FAIL,0,0,NO_ORIGIN,0,0,1,1,1,1,0,0.0,,,,,0.0,1591,1524,,0,0,FAIL
2781.127,2,FAIL,0,0,NO_ORIGIN,0,0,1,1,1,1,0,0.0,,,,,0.0,1591,1524,,0,0,FAIL
2781.177,2,FAIL,0,0,NO_ORIGIN,0,0,1,1,1,1,0,0.0,,,,,0.0,1591,1524,,0,0,FAIL
2781.227,2,FAIL,0,0,NO_ORIGIN,0,0,1,1,1,1,0,0.0,,,,,0.0,1591,1524,,0,0,FAIL
2781.278,2,FAIL,0,0,NO_ORIGIN,0,0,1,1,1,1,0,0.0,,,,,0.0,1591,1524,,0,0,FAIL
2781.328,2,FAIL,0,0,NO_ORIGIN,0,0,1,1,1,1,0,0.0,,,,,0.0,1591,1524,,0,0,FAIL
2781.378,2,FAIL,0,0,NO_ORIGIN,0,0,1,1,1,1,0,0.0,,,,,0.0,1591,1524,,0,0,FAIL
2781.428,2,FAIL,0,0,NO_ORIGIN,0,0,1,1,1,1,0,0.0,,,,,0.0,1591,1524,,0,0,FAIL
2781.478,2,FAIL,0,0,NO_ORIGIN,0,0,1,1,1,1,0,0.0,,,,,0.0,1591,1524,,0,0,FAIL
2781.528,2,FAIL,0,0,NO_ORIGIN,0,0,1,1,1,1,0,0.0,,,,,0.0,1591,1524,,0,0,FAIL
2781.578,2,FAIL,0,0,NO_ORIGIN,0,0,1,1,1,1,0,0.0,,,,,0.0,1591,1524,,0,0,FAIL
2781.628,2,FAIL,0,0,NO_ORIGIN,0,0,1,1,1,1,0,0.0,,,,,0.0,1591,1524,,0,0,FAIL
2781.679,2,FAIL,0,0,NO_ORIGIN,0,0,1,1,1,1,0,0.0,,,,,0.0,1591,1524,,0,0,FAIL
2781.729,2,FAIL,0,0,NO_ORIGIN,0,0,1,1,1,1,0,0.0,,,,,0.0,1591,1524,,0,0,FAIL
2781.779,2,FAIL,0,0,NO_ORIGIN,0,0,1,1,1,1,0,0.0,,,,,0.0,1591,1524,,0,0,FAIL
2781.829,2,FAIL,0,0,NO_ORIGIN,0,0,1,1,1,1,0,0.0,,,,,0.0,1591,1524,,0,0,FAIL
2781.88,2,FAIL,0,0,NO_ORIGIN,0,0,1,1,1,1,0,0.0,,,,,0.0,1591,1524,,0,0,FAIL
2781.931,2,FAIL,0,0,NO_ORIGIN,0,0,1,1,1,1,0,0.0,,,,,0.0,1591,1524,,0,0,FAIL
2781.981,2,FAIL,0,0,NO_ORIGIN,0,0,1,1,1,1,0,0.0,,,,,0.0,1591,1524,,0,0,FAIL
2782.031,2,FAIL,0,0,NO_ORIGIN,0,0,1,1,1,1,0,0.0,,,,,0.0,1591,1524,,0,0,FAIL
2782.081,2,FAIL,0,0,NO_ORIGIN,0,0,1,1,1,1,0,0.0,,,,,0.0,1591,1524,,0,0,FAIL
2782.132,2,FAIL,0,0,NO_ORIGIN,0,0,1,1,1,1,0,0.0,,,,,0.0,1591,1524,,0,0,FAIL
2782.182,2,FAIL,0,0,NO_ORIGIN,0,0,1,1,1,1,0,0.0,,,,,0.0,1591,1524,,0,0,FAIL
2782.232,2,FAIL,0,0,NO_ORIGIN,0,0,1,1,1,1,0,0.0,,,,,0.0,1591,1524,,0,0,FAIL
2782.282,2,FAIL,0,0,NO_ORIGIN,0,0,1,1,1,1,0,0.0,,,,,0.0,1591,1524,,0,0,FAIL
2782.332,2,FAIL,0,0,NO_ORIGIN,0,0,1,1,1,1,0,0.0,,,,,0.0,1591,1524,,0,0,FAIL
2782.382,2,FAIL,0,0,NO_ORIGIN,0,0,1,1,1,1,0,0.0,,,,,0.0,1591,1524,,0,0,FAIL
2782.432,2,FAIL,0,0,NO_ORIGIN,0,0,1,1,1,1,0,0.0,,,,,0.0,1591,1524,,0,0,FAIL
2782.482,2,FAIL,0,0,NO_ORIGIN,0,0,1,1,1,1,0,0.0,,,,,0.0,1591,1524,,0,0,FAIL
2782.533,2,FAIL,0,0,NO_ORIGIN,0,0,1,1,1,1,0,0.0,,,,,0.0,1591,1524,,0,0,FAIL
2782.583,2,FAIL,0,0,NO_ORIGIN,0,0,1,1,1,1,0,0.0,,,,,0.0,1591,1524,,0,0,FAIL
2782.633,2,FAIL,0,0,NO_ORIGIN,0,0,1,1,1,1,0,0.0,,,,,0.0,1591,1524,,0,0,FAIL
2782.683,2,FAIL,0,0,NO_ORIGIN,0,0,1,1,1,1,0,0.0,,,,,0.0,1591,1524,,0,0,FAIL
2782.733,2,FAIL,0,0,NO_ORIGIN,0,0,1,1,1,1,0,0.0,,,,,0.0,1591,1524,,0,0,FAIL
2782.783,2,FAIL,0,0,NO_ORIGIN,0,0,1,1,1,1,0,0.0,,,,,0.0,1591,1524,,0,0,FAIL
2782.833,2,FAIL,0,0,NO_ORIGIN,0,0,1,1,1,1,0,0.0,,,,,0.0,1591,1524,,0,0,FAIL
2782.883,2,FAIL,0,0,NO_ORIGIN,0,0,1,1,1,1,0,0.0,,,,,0.0,1591,1524,,0,0,FAIL
2782.933,2,FAIL,0,0,NO_ORIGIN,0,0,1,1,1,1,0,0.0,,,,,0.0,1591,1524,,0,0,FAIL
2782.984,2,FAIL,0,0,NO_ORIGIN,0,0,1,1,1,1,0,0.0,,,,,0.0,1591,1524,,0,0,FAIL
2783.034,2,FAIL,0,0,NO_ORIGIN,0,0,1,1,1,1,0,0.0,,,,,0.0,1591,1524,,0,0,FAIL
2783.084,2,FAIL,0,0,NO_ORIGIN,0,0,1,1,1,1,0,0.0,,,,,0.0,1591,1524,,0,0,FAIL
2783.134,2,FAIL,0,0,NO_ORIGIN,0,0,1,1,1,1,0,0.0,,,,,0.0,1591,1524,,0,0,FAIL
2783.185,2,FAIL,0,0,NO_ORIGIN,0,0,1,1,1,1,0,0.0,,,,,0.0,1591,1524,,0,0,FAIL
2783.235,2,FAIL,0,0,NO_ORIGIN,0,0,1,1,1,1,0,0.0,,,,,0.0,1591,1524,,0,0,FAIL
2783.285,2,FAIL,0,0,NO_ORIGIN,0,0,1,1,1,1,0,0.0,,,,,0.0,1591,1524,,0,0,FAIL
2783.335,2,FAIL,0,0,NO_ORIGIN,0,0,1,1,1,1,0,0.0,,,,,0.0,1591,1524,,0,0,FAIL
2783.385,2,FAIL,0,0,NO_ORIGIN,0,0,1,1,1,1,0,0.0,,,,,0.0,1591,1524,,0,0,FAIL
2783.435,2,FAIL,0,0,NO_ORIGIN,0,0,1,1,1,1,0,0.0,,,,,0.0,1591,1524,,0,0,FAIL
2783.485,2,FAIL,0,0,NO_ORIGIN,0,0,1,1,1,1,0,0.0,,,,,0.0,1591,1524,,0,0,FAIL
2783.535,2,FAIL,0,0,NO_ORIGIN,0,0,1,1,1,1,0,0.0,,,,,0.0,1591,1524,,0,0,FAIL
2783.586,2,FAIL,0,0,NO_ORIGIN,0,0,1,1,1,1,0,0.0,,,,,0.0,1591,1524,,0,0,FAIL
2783.636,2,FAIL,0,0,NO_ORIGIN,0,0,1,1,1,1,0,0.0,,,,,0.0,1591,1524,,0,0,FAIL
2783.686,2,FAIL,0,0,NO_ORIGIN,0,0,1,1,1,1,0,0.0,,,,,0.0,1591,1524,,0,0,FAIL
2783.736,2,FAIL,0,0,NO_ORIGIN,0,0,1,1,1,1,0,0.0,,,,,0.0,1591,1524,,0,0,FAIL
2783.786,2,FAIL,0,0,NO_ORIGIN,0,0,1,1,1,1,0,0.0,,,,,0.0,1591,1524,,0,0,FAIL
2783.836,2,FAIL,0,0,NO_ORIGIN,0,0,1,1,1,1,0,0.0,,,,,0.0,1591,1524,,0,0,FAIL
2783.886,2,FAIL,0,0,NO_ORIGIN,0,0,1,1,1,1,0,0.0,,,,,0.0,1591,1524,,0,0,FAIL
2783.936,2,FAIL,0,0,NO_ORIGIN,0,0,1,1,1,1,0,0.0,,,,,0.0,1591,1524,,0,0,FAIL
2783.987,2,FAIL,0,0,NO_ORIGIN,0,0,1,1,1,1,0,0.0,,,,,0.0,1591,1524,,0,0,FAIL
2784.037,2,FAIL,0,0,NO_ORIGIN,0,0,1,1,1,1,0,0.0,,,,,0.0,1591,1524,,0,0,FAIL
2784.087,2,FAIL,0,0,NO_ORIGIN,0,0,1,1,1,1,0,0.0,,,,,0.0,1591,1524,,0,0,FAIL
2784.137,2,FAIL,0,0,NO_ORIGIN,0,0,1,1,1,1,0,0.0,,,,,0.0,1591,1524,,0,0,FAIL
2784.187,2,FAIL,0,0,NO_ORIGIN,0,0,1,1,1,1,0,0.0,,,,,0.0,1591,1524,,0,0,FAIL
2784.237,2,FAIL,0,0,NO_ORIGIN,0,0,1,1,1,1,0,0.0,,,,,0.0,1591,1524,,0,0,FAIL
2784.287,2,FAIL,0,0,NO_ORIGIN,0,0,1,1,1,1,0,0.0,,,,,0.0,1591,1524,,0,0,FAIL
2784.337,2,FAIL,0,0,NO_ORIGIN,0,0,1,1,1,1,0,0.0,,,,,0.0,1591,1524,,0,0,FAIL
2784.387,2,FAIL,0,0,NO_ORIGIN,0,0,1,1,1,1,0,0.0,,,,,0.0,1591,1524,,0,0,FAIL
2784.438,2,FAIL,0,0,NO_ORIGIN,0,0,1,1,1,1,0,0.0,,,,,0.0,1591,1524,,0,0,FAIL
2784.488,2,FAIL,0,0,NO_ORIGIN,0,0,1,1,1,1,0,0.0,,,,,0.0,1591,1524,,0,0,FAIL
2784.538,2,FAIL,0,0,NO_ORIGIN,0,0,1,1,1,1,0,0.0,,,,,0.0,1591,1524,,0,0,FAIL
2784.588,2,FAIL,0,0,NO_ORIGIN,0,0,1,1,1,1,0,0.0,,,,,0.0,1591,1524,,0,0,FAIL
2784.638,2,FAIL,0,0,NO_ORIGIN,0,0,1,1,1,1,0,0.0,,,,,0.0,1591,1524,,0,0,FAIL
2784.688,2,FAIL,0,0,NO_ORIGIN,0,0,1,1,1,1,0,0.0,,,,,0.0,1591,1524,,0,0,FAIL
2784.739,2,FAIL,0,0,NO_ORIGIN,0,0,1,1,1,1,0,0.0,,,,,0.0,1591,1524,,0,0,FAIL
2784.789,2,FAIL,0,0,NO_ORIGIN,0,0,1,1,1,1,0,0.0,,,,,0.0,1591,1524,,0,0,FAIL
2784.839,2,FAIL,0,0,NO_ORIGIN,0,0,1,1,1,1,0,0.0,,,,,0.0,1591,1524,,0,0,FAIL
2784.889,2,FAIL,0,0,NO_ORIGIN,0,0,1,1,1,1,0,0.0,,,,,0.0,1591,1524,,0,0,FAIL
2784.939,2,FAIL,0,0,NO_ORIGIN,0,0,1,1,1,1,0,0.0,,,,,0.0,1591,1524,,0,0,FAIL
2784.989,2,FAIL,0,0,NO_ORIGIN,0,0,1,1,1,1,0,0.0,,,,,0.0,1591,1524,,0,0,FAIL
2785.039,2,FAIL,0,0,NO_ORIGIN,0,0,1,1,1,1,0,0.0,,,,,0.0,1591,1524,,0,0,FAIL
2785.089,2,FAIL,0,0,NO_ORIGIN,0,0,1,1,1,1,0,0.0,,,,,0.0,1591,1524,,0,0,FAIL
2785.139,2,FAIL,0,0,NO_ORIGIN,0,0,1,1,1,1,0,0.0,,,,,0.0,1591,1524,,0,0,FAIL
2785.19,2,FAIL,0,0,NO_ORIGIN,0,0,1,1,1,1,0,0.0,,,,,0.0,1591,1524,,0,0,FAIL
2785.24,2,FAIL,0,0,NO_ORIGIN,0,0,1,1,1,1,0,0.0,,,,,0.0,1591,1524,,0,0,FAIL
2785.29,2,FAIL,0,0,NO_ORIGIN,0,0,1,1,1,1,0,0.0,,,,,0.0,1591,1524,,0,0,FAIL
2785.34,2,FAIL,0,0,NO_ORIGIN,0,0,1,1,1,1,0,0.0,,,,,0.0,1591,1524,,0,0,FAIL
2785.39,2,FAIL,0,0,NO_ORIGIN,0,0,1,1,1,1,0,0.0,,,,,0.0,1591,1524,,0,0,FAIL
2785.44,2,FAIL,0,0,NO_ORIGIN,0,0,1,1,1,1,0,0.0,,,,,0.0,1591,1524,,0,0,FAIL
2785.49,2,FAIL,0,0,NO_ORIGIN,0,0,1,1,1,1,0,0.0,,,,,0.0,1591,1524,,0,0,FAIL
2785.54,2,FAIL,0,0,NO_ORIGIN,0,0,1,1,1,1,0,0.0,,,,,0.0,1591,1524,,0,0,FAIL
2785.591,2,FAIL,0,0,NO_ORIGIN,0,0,1,1,1,1,0,0.0,,,,,0.0,1591,1524,,0,0,FAIL
2785.641,2,FAIL,0,0,NO_ORIGIN,0,0,1,1,1,1,0,0.0,,,,,0.0,1591,1524,,0,0,FAIL
2785.691,2,FAIL,0,0,NO_ORIGIN,0,0,1,1,1,1,0,0.0,,,,,0.0,1591,1524,,0,0,FAIL
2785.741,2,FAIL,0,0,NO_ORIGIN,0,0,1,1,1,1,0,0.0,,,,,0.0,1591,1524,,0,0,FAIL
2785.791,2,FAIL,0,0,NO_ORIGIN,0,0,1,1,1,1,0,0.0,,,,,0.0,1591,1524,,0,0,FAIL
2785.841,2,FAIL,0,0,NO_ORIGIN,0,0,1,1,1,1,0,0.0,,,,,0.0,1591,1524,,0,0,FAIL
2785.891,2,FAIL,0,0,NO_ORIGIN,0,0,1,1,1,1,0,0.0,,,,,0.0,1591,1524,,0,0,FAIL
2785.941,2,FAIL,0,0,NO_ORIGIN,0,0,1,1,1,1,0,0.0,,,,,0.0,1591,1524,,0,0,FAIL
2785.992,2,FAIL,0,0,NO_ORIGIN,0,0,1,1,1,1,0,0.0,,,,,0.0,1591,1524,,0,0,FAIL
2786.042,2,FAIL,0,0,NO_ORIGIN,0,0,1,1,1,1,0,0.0,,,,,0.0,1591,1524,,0,0,FAIL
2786.092,2,FAIL,0,0,NO_ORIGIN,0,0,1,1,1,1,0,0.0,,,,,0.0,1591,1524,,0,0,FAIL
2786.142,2,FAIL,0,0,NO_ORIGIN,0,0,1,1,1,1,0,0.0,,,,,0.0,1591,1524,,0,0,FAIL
2786.192,2,FAIL,0,0,NO_ORIGIN,0,0,1,1,1,1,0,0.0,,,,,0.0,1591,1524,,0,0,FAIL
2786.242,2,FAIL,0,0,NO_ORIGIN,0,0,1,1,1,1,0,0.0,,,,,0.0,1591,1524,,0,0,FAIL
2786.292,2,FAIL,0,0,NO_ORIGIN,0,0,1,1,1,1,0,0.0,,,,,0.0,1591,1524,,0,0,FAIL
2786.342,2,FAIL,0,0,NO_ORIGIN,0,0,1,1,1,1,0,0.0,,,,,0.0,1591,1524,,0,0,FAIL
2786.392,2,FAIL,0,0,NO_ORIGIN,0,0,1,1,1,1,0,0.0,,,,,0.0,1591,1524,,0,0,FAIL
2786.443,2,FAIL,0,0,NO_ORIGIN,0,0,1,1,1,1,0,0.0,,,,,0.0,1591,1524,,0,0,FAIL
2786.493,2,FAIL,0,0,NO_ORIGIN,0,0,1,1,1,1,0,0.0,,,,,0.0,1591,1524,,0,0,FAIL
2786.543,2,FAIL,0,0,NO_ORIGIN,0,0,1,1,1,1,0,0.0,,,,,0.0,1591,1524,,0,0,FAIL
2786.593,2,FAIL,0,0,NO_ORIGIN,0,0,1,1,1,1,0,0.0,,,,,0.0,1591,1524,,0,0,FAIL
2786.643,2,FAIL,0,0,NO_ORIGIN,0,0,1,1,1,1,0,0.0,,,,,0.0,1591,1524,,0,0,FAIL
2786.693,2,FAIL,0,0,NO_ORIGIN,0,0,1,1,1,1,0,0.0,,,,,0.0,1591,1524,,0,0,FAIL
2786.743,2,FAIL,0,0,NO_ORIGIN,0,0,1,1,1,1,0,0.0,,,,,0.0,1591,1524,,0,0,FAIL
2786.793,2,FAIL,0,0,NO_ORIGIN,0,0,1,1,1,1,0,0.0,,,,,0.0,1591,1524,,0,0,FAIL
2786.844,2,FAIL,0,0,NO_ORIGIN,0,0,1,1,1,1,0,0.0,,,,,0.0,1591,1524,,0,0,FAIL
2786.894,2,FAIL,0,0,NO_ORIGIN,0,0,1,1,1,1,0,0.0,,,,,0.0,1591,1524,,0,0,FAIL
2786.944,2,FAIL,0,0,NO_ORIGIN,0,0,1,1,1,1,0,0.0,,,,,0.0,1591,1524,,0,0,FAIL
2786.994,2,FAIL,0,0,NO_ORIGIN,0,0,1,1,1,1,0,0.0,,,,,0.0,1591,1524,,0,0,FAIL
2787.044,2,FAIL,0,0,NO_ORIGIN,0,0,1,1,1,1,0,0.0,,,,,0.0,1591,1524,,0,0,FAIL
2787.094,2,FAIL,0,0,NO_ORIGIN,0,0,1,1,1,1,0,0.0,,,,,0.0,1591,1524,,0,0,FAIL
2787.144,2,FAIL,0,0,NO_ORIGIN,0,0,1,1,1,1,0,0.0,,,,,0.0,1591,1524,,0,0,FAIL
2787.194,2,FAIL,0,0,NO_ORIGIN,0,0,1,1,1,1,0,0.0,,,,,0.0,1591,1524,,0,0,FAIL
2787.245,2,FAIL,0,0,NO_ORIGIN,0,0,1,1,1,1,0,0.0,,,,,0.0,1591,1524,,0,0,FAIL
2787.295,2,FAIL,0,0,NO_ORIGIN,0,0,1,1,1,1,0,0.0,,,,,0.0,1591,1524,,0,0,FAIL
2787.345,2,FAIL,0,0,NO_ORIGIN,0,0,1,1,1,1,0,0.0,,,,,0.0,1591,1524,,0,0,FAIL
2787.395,2,FAIL,0,0,NO_ORIGIN,0,0,1,1,1,1,0,0.0,,,,,0.0,1591,1524,,0,0,FAIL
2787.445,2,FAIL,0,0,NO_ORIGIN,0,0,1,1,1,1,0,0.0,,,,,0.0,1591,1524,,0,0,FAIL
2787.495,2,FAIL,0,0,NO_ORIGIN,0,0,1,1,1,1,0,0.0,,,,,0.0,1591,1524,,0,0,FAIL
2787.545,2,FAIL,0,0,NO_ORIGIN,0,0,1,1,1,1,0,0.0,,,,,0.0,1591,1524,,0,0,FAIL
2787.595,2,FAIL,0,0,NO_ORIGIN,0,0,1,1,1,1,0,0.0,,,,,0.0,1591,1524,,0,0,FAIL
2787.646,2,FAIL,0,0,NO_ORIGIN,0,0,1,1,1,1,0,0.0,,,,,0.0,1591,1524,,0,0,FAIL
2787.696,2,FAIL,0,0,NO_ORIGIN,0,0,1,1,1,1,0,0.0,,,,,0.0,1591,1524,,0,0,FAIL
2787.746,2,FAIL,0,0,NO_ORIGIN,0,0,1,1,1,1,0,0.0,,,,,0.0,1591,1524,,0,0,FAIL
2787.796,2,FAIL,0,0,NO_ORIGIN,0,0,1,1,1,1,0,0.0,,,,,0.0,1591,1524,,0,0,FAIL
2787.846,2,FAIL,0,0,NO_ORIGIN,0,0,1,1,1,1,0,0.0,,,,,0.0,1591,1524,,0,0,FAIL
2787.896,2,FAIL,0,0,NO_ORIGIN,0,0,1,1,1,1,0,0.0,,,,,0.0,1591,1524,,0,0,FAIL
2787.946,2,FAIL,0,0,NO_ORIGIN,0,0,1,1,1,1,0,0.0,,,,,0.0,1591,1524,,0,0,FAIL
2787.996,2,FAIL,0,0,NO_ORIGIN,0,0,1,1,1,1,0,0.0,,,,,0.0,1591,1524,,0,0,FAIL
2788.046,2,FAIL,0,0,NO_ORIGIN,0,0,1,1,1,1,0,0.0,,,,,0.0,1591,1524,,0,0,FAIL
2788.097,2,FAIL,0,0,NO_ORIGIN,0,0,1,1,1,1,0,0.0,,,,,0.0,1591,1524,,0,0,FAIL
2788.147,2,FAIL,0,0,NO_ORIGIN,0,0,1,1,1,1,0,0.0,,,,,0.0,1591,1524,,0,0,FAIL
2788.197,2,FAIL,0,0,NO_ORIGIN,0,0,1,1,1,1,0,0.0,,,,,0.0,1591,1524,,0,0,FAIL
2788.247,2,FAIL,0,0,NO_ORIGIN,0,0,1,1,1,1,0,0.0,,,,,0.0,1591,1524,,0,0,FAIL
2788.297,2,FAIL,0,0,NO_ORIGIN,0,0,1,1,1,1,0,0.0,,,,,0.0,1591,1524,,0,0,FAIL
2788.347,2,FAIL,0,0,NO_ORIGIN,0,0,1,1,1,1,0,0.0,,,,,0.0,1591,1524,,0,0,FAIL
2788.397,2,FAIL,0,0,NO_ORIGIN,0,0,1,1,1,1,0,0.0,,,,,0.0,1591,1524,,0,0,FAIL
2788.447,2,FAIL,0,0,NO_ORIGIN,0,0,1,1,1,1,0,0.0,,,,,0.0,1591,1524,,0,0,FAIL
2788.498,2,FAIL,0,0,NO_ORIGIN,0,0,1,1,1,1,0,0.0,,,,,0.0,1591,1524,,0,0,FAIL
2788.548,2,FAIL,0,0,NO_ORIGIN,0,0,1,1,1,1,0,0.0,,,,,0.0,1591,1524,,0,0,FAIL
2788.598,2,FAIL,0,0,NO_ORIGIN,0,0,1,1,1,1,0,0.0,,,,,0.0,1591,1524,,0,0,FAIL
2788.648,2,FAIL,0,0,NO_ORIGIN,0,0,1,1,1,1,0,0.0,,,,,0.0,1591,1524,,0,0,FAIL
2788.698,2,FAIL,0,0,NO_ORIGIN,0,0,1,1,1,1,0,0.0,,,,,0.0,1591,1524,,0,0,FAIL
2788.748,2,FAIL,0,0,NO_ORIGIN,0,0,1,1,1,1,0,0.0,,,,,0.0,1591,1524,,0,0,FAIL
2788.798,2,FAIL,0,0,NO_ORIGIN,0,0,1,1,1,1,0,0.0,,,,,0.0,1591,1524,,0,0,FAIL
2788.848,2,FAIL,0,0,NO_ORIGIN,0,0,1,1,1,1,0,0.0,,,,,0.0,1591,1524,,0,0,FAIL
2788.899,2,FAIL,0,0,NO_ORIGIN,0,0,1,1,1,1,0,0.0,,,,,0.0,1591,1524,,0,0,FAIL
2788.949,2,FAIL,0,0,NO_ORIGIN,0,0,1,1,1,1,0,0.0,,,,,0.0,1591,1524,,0,0,FAIL
2788.999,2,FAIL,0,0,NO_ORIGIN,0,0,1,1,1,1,0,0.0,,,,,0.0,1591,1524,,0,0,FAIL
2789.049,2,FAIL,0,0,NO_ORIGIN,0,0,1,1,1,1,0,0.0,,,,,0.0,1591,1524,,0,0,FAIL
2789.099,2,FAIL,0,0,NO_ORIGIN,0,0,1,1,1,1,0,0.0,,,,,0.0,1591,1524,,0,0,FAIL
2789.149,2,FAIL,0,0,NO_ORIGIN,0,0,1,1,1,1,0,0.0,,,,,0.0,1591,1524,,0,0,FAIL
2789.199,2,FAIL,0,0,NO_ORIGIN,0,0,1,1,1,1,0,0.0,,,,,0.0,1591,1524,,0,0,FAIL
2789.249,2,FAIL,0,0,NO_ORIGIN,0,0,1,1,1,1,0,0.0,,,,,0.0,1591,1524,,0,0,FAIL
2789.299,2,FAIL,0,0,NO_ORIGIN,0,0,1,1,1,1,0,0.0,,,,,0.0,1591,1524,,0,0,FAIL
2789.35,2,FAIL,0,0,NO_ORIGIN,0,0,1,1,1,1,0,0.0,,,,,0.0,1591,1524,,0,0,FAIL
2789.4,2,FAIL,0,0,NO_ORIGIN,0,0,1,1,1,1,0,0.0,,,,,0.0,1591,1524,,0,0,FAIL
2789.45,2,FAIL,0,0,NO_ORIGIN,0,0,1,1,1,1,0,0.0,,,,,0.0,1591,1524,,0,0,FAIL
2789.5,2,FAIL,0,0,NO_ORIGIN,0,0,1,1,1,1,0,0.0,,,,,0.0,1591,1524,,0,0,FAIL
2789.55,2,FAIL,0,0,NO_ORIGIN,0,0,1,1,1,1,0,0.0,,,,,0.0,1591,1524,,0,0,FAIL
2789.6,2,FAIL,0,0,NO_ORIGIN,0,0,1,1,1,1,0,0.0,,,,,0.0,1591,1524,,0,0,FAIL
2789.65,2,FAIL,0,0,NO_ORIGIN,0,0,1,1,1,1,0,0.0,,,,,0.0,1591,1524,,0,0,FAIL
2789.7,2,FAIL,0,0,NO_ORIGIN,0,0,1,1,1,1,0,0.0,,,,,0.0,1591,1524,,0,0,FAIL
2789.751,2,FAIL,0,0,NO_ORIGIN,0,0,1,1,1,1,0,0.0,,,,,0.0,1591,1524,,0,0,FAIL
2789.801,2,FAIL,0,0,NO_ORIGIN,0,0,1,1,1,1,0,0.0,,,,,0.0,1591,1524,,0,0,FAIL
2789.851,2,FAIL,0,0,NO_ORIGIN,0,0,1,1,1,1,0,0.0,,,,,0.0,1591,1524,,0,0,FAIL
2789.901,2,FAIL,0,0,NO_ORIGIN,0,0,1,1,1,1,0,0.0,,,,,0.0,1591,1524,,0,0,FAIL
2789.951,2,FAIL,0,0,NO_ORIGIN,0,0,1,1,1,1,0,0.0,,,,,0.0,1591,1524,,0,0,FAIL
2790.001,2,FAIL,0,0,NO_ORIGIN,0,0,1,1,1,1,0,0.0,,,,,0.0,1591,1524,,0,0,FAIL
2790.051,2,FAIL,0,0,NO_ORIGIN,0,0,1,1,1,1,0,0.0,,,,,0.0,1591,1524,,0,0,FAIL
2790.101,2,FAIL,0,0,NO_ORIGIN,0,0,1,1,1,1,0,0.0,,,,,0.0,1591,1524,,0,0,FAIL
2790.152,2,FAIL,0,0,NO_ORIGIN,0,0,1,1,1,1,0,0.0,,,,,0.0,1591,1524,,0,0,FAIL
2790.202,2,FAIL,0,0,NO_ORIGIN,0,0,1,1,1,1,0,0.0,,,,,0.0,1591,1524,,0,0,FAIL
2790.252,2,FAIL,0,0,NO_ORIGIN,0,0,1,1,1,1,0,0.0,,,,,0.0,1591,1524,,0,0,FAIL
2790.302,2,FAIL,0,0,NO_ORIGIN,0,0,1,1,1,1,0,0.0,,,,,0.0,1591,1524,,0,0,FAIL
2790.352,2,FAIL,0,0,NO_ORIGIN,0,0,1,1,1,1,0,0.0,,,,,0.0,1591,1524,,0,0,FAIL
2790.402,2,FAIL,0,0,NO_ORIGIN,0,0,1,1,1,1,0,0.0,,,,,0.0,1591,1524,,0,0,FAIL
2790.453,2,FAIL,0,0,NO_ORIGIN,0,0,1,1,1,1,0,0.0,,,,,0.0,1591,1524,,0,0,FAIL
2790.503,2,FAIL,0,0,NO_ORIGIN,0,0,1,1,1,1,0,0.0,,,,,0.0,1591,1524,,0,0,FAIL
2790.553,2,FAIL,0,0,NO_ORIGIN,0,0,1,1,1,1,0,0.0,,,,,0.0,1591,1524,,0,0,FAIL
2790.603,2,FAIL,0,0,NO_ORIGIN,0,0,1,1,1,1,0,0.0,,,,,0.0,1591,1524,,0,0,FAIL
2790.653,2,FAIL,0,0,NO_ORIGIN,0,0,1,1,1,1,0,0.0,,,,,0.0,1591,1524,,0,0,FAIL
2790.703,2,FAIL,0,0,NO_ORIGIN,0,0,1,1,1,1,0,0.0,,,,,0.0,1591,1524,,0,0,FAIL
2790.753,2,FAIL,0,0,NO_ORIGIN,0,0,1,1,1,1,0,0.0,,,,,0.0,1591,1524,,0,0,FAIL
2790.803,2,FAIL,0,0,NO_ORIGIN,0,0,1,1,1,1,0,0.0,,,,,0.0,1591,1524,,0,0,FAIL
2790.854,2,FAIL,0,0,NO_ORIGIN,0,0,1,1,1,1,0,0.0,,,,,0.0,1591,1524,,0,0,FAIL
2790.904,2,FAIL,0,0,NO_ORIGIN,0,0,1,1,1,1,0,0.0,,,,,0.0,1591,1524,,0,0,FAIL
2790.954,2,FAIL,0,0,NO_ORIGIN,0,0,1,1,1,1,0,0.0,,,,,0.0,1591,1524,,0,0,FAIL
2791.004,2,FAIL,0,0,NO_ORIGIN,0,0,1,1,1,1,0,0.0,,,,,0.0,1591,1524,,0,0,FAIL
2791.054,2,FAIL,0,0,NO_ORIGIN,0,0,1,1,1,1,0,0.0,,,,,0.0,1591,1524,,0,0,FAIL
2791.104,2,FAIL,0,0,NO_ORIGIN,0,0,1,1,1,1,0,0.0,,,,,0.0,1591,1524,,0,0,FAIL
2791.154,2,FAIL,0,0,NO_ORIGIN,0,0,1,1,1,1,0,0.0,,,,,0.0,1591,1524,,0,0,FAIL
2791.204,2,FAIL,0,0,NO_ORIGIN,0,0,1,1,1,1,0,0.0,,,,,0.0,1591,1524,,0,0,FAIL
2791.255,2,FAIL,0,0,NO_ORIGIN,0,0,1,1,1,1,0,0.0,,,,,0.0,1591,1524,,0,0,FAIL
2791.305,2,FAIL,0,0,NO_ORIGIN,0,0,1,1,1,1,0,0.0,,,,,0.0,1591,1524,,0,0,FAIL
2791.355,2,FAIL,0,0,NO_ORIGIN,0,0,1,1,1,1,0,0.0,,,,,0.0,1591,1524,,0,0,FAIL
2791.405,2,FAIL,0,0,NO_ORIGIN,0,0,1,1,1,1,0,0.0,,,,,0.0,1591,1524,,0,0,FAIL
2791.455,2,FAIL,0,0,NO_ORIGIN,0,0,1,1,1,1,0,0.0,,,,,0.0,1591,1524,,0,0,FAIL
2791.505,2,FAIL,0,0,NO_ORIGIN,0,0,1,1,1,1,0,0.0,,,,,0.0,1591,1524,,0,0,FAIL
2791.555,2,FAIL,0,0,NO_ORIGIN,0,0,1,1,1,1,0,0.0,,,,,0.0,1591,1524,,0,0,FAIL
2791.605,2,FAIL,0,0,NO_ORIGIN,0,0,1,1,1,1,0,0.0,,,,,0.0,1591,1524,,0,0,FAIL
2791.656,2,FAIL,0,0,NO_ORIGIN,0,0,1,1,1,1,0,0.0,,,,,0.0,1591,1524,,0,0,FAIL
2791.706,2,FAIL,0,0,NO_ORIGIN,0,0,1,1,1,1,0,0.0,,,,,0.0,1591,1524,,0,0,FAIL
2791.756,2,FAIL,0,0,NO_ORIGIN,0,0,1,1,1,1,0,0.0,,,,,0.0,1591,1524,,0,0,FAIL
2791.806,2,FAIL,0,0,NO_ORIGIN,0,0,1,1,1,1,0,0.0,,,,,0.0,1591,1524,,0,0,FAIL
2791.856,2,FAIL,0,0,NO_ORIGIN,0,0,1,1,1,1,0,0.0,,,,,0.0,1591,1524,,0,0,FAIL
2791.906,2,FAIL,0,0,NO_ORIGIN,0,0,1,1,1,1,0,0.0,,,,,0.0,1591,1524,,0,0,FAIL
2791.956,2,FAIL,0,0,NO_ORIGIN,0,0,1,1,1,1,0,0.0,,,,,0.0,1591,1524,,0,0,FAIL
2792.006,2,FAIL,0,0,NO_ORIGIN,0,0,1,1,1,1,0,0.0,,,,,0.0,1591,1524,,0,0,FAIL
2792.057,2,FAIL,0,0,NO_ORIGIN,0,0,1,1,1,1,0,0.0,,,,,0.0,1591,1524,,0,0,FAIL
2792.107,2,FAIL,0,0,NO_ORIGIN,0,0,1,1,1,1,0,0.0,,,,,0.0,1591,1524,,0,0,FAIL
2792.157,2,FAIL,0,0,NO_ORIGIN,0,0,1,1,1,1,0,0.0,,,,,0.0,1591,1524,,0,0,FAIL
2792.207,2,FAIL,0,0,NO_ORIGIN,0,0,1,1,1,1,0,0.0,,,,,0.0,1591,1524,,0,0,FAIL
2792.257,2,FAIL,0,0,NO_ORIGIN,0,0,1,1,1,1,0,0.0,,,,,0.0,1591,1524,,0,0,FAIL
2792.307,2,FAIL,0,0,NO_ORIGIN,0,0,1,1,1,1,0,0.0,,,,,0.0,1591,1524,,0,0,FAIL
2792.357,2,FAIL,0,0,NO_ORIGIN,0,0,1,1,1,1,0,0.0,,,,,0.0,1591,1524,,0,0,FAIL
2792.407,2,FAIL,0,0,NO_ORIGIN,0,0,1,1,1,1,0,0.0,,,,,0.0,1591,1524,,0,0,FAIL
2792.457,2,FAIL,0,0,NO_ORIGIN,0,0,1,1,1,1,0,0.0,,,,,0.0,1591,1524,,0,0,FAIL
2792.508,2,FAIL,0,0,NO_ORIGIN,0,0,1,1,1,1,0,0.0,,,,,0.0,1591,1524,,0,0,FAIL
2792.558,2,FAIL,0,0,NO_ORIGIN,0,0,1,1,1,1,0,0.0,,,,,0.0,1591,1524,,0,0,FAIL
2792.608,2,FAIL,0,0,NO_ORIGIN,0,0,1,1,1,1,0,0.0,,,,,0.0,1591,1524,,0,0,FAIL
2792.658,2,FAIL,0,0,NO_ORIGIN,0,0,1,1,1,1,0,0.0,,,,,0.0,1591,1524,,0,0,FAIL
2792.708,2,FAIL,0,0,NO_ORIGIN,0,0,1,1,1,1,0,0.0,,,,,0.0,1591,1524,,0,0,FAIL
2792.758,2,FAIL,0,0,NO_ORIGIN,0,0,1,1,1,1,0,0.0,,,,,0.0,1591,1524,,0,0,FAIL
2792.808,2,FAIL,0,0,NO_ORIGIN,0,0,1,1,1,1,0,0.0,,,,,0.0,1591,1524,,0,0,FAIL
2792.859,2,FAIL,0,0,NO_ORIGIN,0,0,1,1,1,1,0,0.0,,,,,0.0,1591,1524,,0,0,FAIL
2792.909,2,FAIL,0,0,NO_ORIGIN,0,0,1,1,1,1,0,0.0,,,,,0.0,1591,1524,,0,0,FAIL
2792.959,2,FAIL,0,0,NO_ORIGIN,0,0,1,1,1,1,0,0.0,,,,,0.0,1591,1524,,0,0,FAIL
2793.009,2,FAIL,0,0,NO_ORIGIN,0,0,1,1,1,1,0,0.0,,,,,0.0,1591,1524,,0,0,FAIL
2793.059,2,FAIL,0,0,NO_ORIGIN,0,0,1,1,1,1,0,0.0,,,,,0.0,1591,1524,,0,0,FAIL
2793.109,2,FAIL,0,0,NO_ORIGIN,0,0,1,1,1,1,0,0.0,,,,,0.0,1591,1524,,0,0,FAIL
2793.159,2,FAIL,0,0,NO_ORIGIN,0,0,1,1,1,1,0,0.0,,,,,0.0,1591,1524,,0,0,FAIL
2793.209,2,FAIL,0,0,NO_ORIGIN,0,0,1,1,1,1,0,0.0,,,,,0.0,1591,1524,,0,0,FAIL
2793.259,2,FAIL,0,0,NO_ORIGIN,0,0,1,1,1,1,0,0.0,,,,,0.0,1591,1524,,0,0,FAIL
2793.31,2,FAIL,0,0,NO_ORIGIN,0,0,1,1,1,1,0,0.0,,,,,0.0,1591,1524,,0,0,FAIL
2793.36,2,FAIL,0,0,NO_ORIGIN,0,0,1,1,1,1,0,0.0,,,,,0.0,1591,1524,,0,0,FAIL
2793.41,2,FAIL,0,0,NO_ORIGIN,0,0,1,1,1,1,0,0.0,,,,,0.0,1591,1524,,0,0,FAIL
2793.46,2,FAIL,0,0,NO_ORIGIN,0,0,1,1,1,1,0,0.0,,,,,0.0,1591,1524,,0,0,FAIL
2793.51,2,FAIL,0,0,NO_ORIGIN,0,0,1,1,1,1,0,0.0,,,,,0.0,1591,1524,,0,0,FAIL
2793.56,2,FAIL,0,0,NO_ORIGIN,0,0,1,1,1,1,0,0.0,,,,,0.0,1591,1524,,0,0,FAIL
2793.61,2,FAIL,0,0,NO_ORIGIN,0,0,1,1,1,1,0,0.0,,,,,0.0,1591,1524,,0,0,FAIL
2793.66,2,FAIL,0,0,NO_ORIGIN,0,0,1,1,1,1,0,0.0,,,,,0.0,1591,1524,,0,0,FAIL
2793.711,2,FAIL,0,0,NO_ORIGIN,0,0,1,1,1,1,0,0.0,,,,,0.0,1591,1524,,0,0,FAIL
2793.761,2,FAIL,0,0,NO_ORIGIN,0,0,1,1,1,1,0,0.0,,,,,0.0,1591,1524,,0,0,FAIL
2793.811,2,FAIL,0,0,NO_ORIGIN,0,0,1,1,1,1,0,0.0,,,,,0.0,1591,1524,,0,0,FAIL
2793.861,2,FAIL,0,0,NO_ORIGIN,0,0,1,1,1,1,0,0.0,,,,,0.0,1591,1524,,0,0,FAIL
2793.911,2,FAIL,0,0,NO_ORIGIN,0,0,1,1,1,1,0,0.0,,,,,0.0,1591,1524,,0,0,FAIL
2793.961,2,FAIL,0,0,NO_ORIGIN,0,0,1,1,1,1,0,0.0,,,,,0.0,1591,1524,,0,0,FAIL
2794.011,2,FAIL,0,0,NO_ORIGIN,0,0,1,1,1,1,0,0.0,,,,,0.0,1591,1524,,0,0,FAIL
2794.061,2,FAIL,0,0,NO_ORIGIN,0,0,1,1,1,1,0,0.0,,,,,0.0,1591,1524,,0,0,FAIL
2794.112,2,FAIL,0,0,NO_ORIGIN,0,0,1,1,1,1,0,0.0,,,,,0.0,1591,1524,,0,0,FAIL
2794.162,2,FAIL,0,0,NO_ORIGIN,0,0,1,1,1,1,0,0.0,,,,,0.0,1591,1524,,0,0,FAIL
2794.212,2,FAIL,0,0,NO_ORIGIN,0,0,1,1,1,1,0,0.0,,,,,0.0,1591,1524,,0,0,FAIL
2794.262,2,FAIL,0,0,NO_ORIGIN,0,0,1,1,1,1,0,0.0,,,,,0.0,1591,1524,,0,0,FAIL
2794.312,2,FAIL,0,0,NO_ORIGIN,0,0,1,1,1,1,0,0.0,,,,,0.0,1591,1524,,0,0,FAIL
2794.362,2,FAIL,0,0,NO_ORIGIN,0,0,1,1,1,1,0,0.0,,,,,0.0,1591,1524,,0,0,FAIL
2794.412,2,FAIL,0,0,NO_ORIGIN,0,0,1,1,1,1,0,0.0,,,,,0.0,1591,1524,,0,0,FAIL
2794.462,2,FAIL,0,0,NO_ORIGIN,0,0,1,1,1,1,0,0.0,,,,,0.0,1591,1524,,0,0,FAIL
2794.513,2,FAIL,0,0,NO_ORIGIN,0,0,1,1,1,1,0,0.0,,,,,0.0,1591,1524,,0,0,FAIL
2794.563,2,FAIL,0,0,NO_ORIGIN,0,0,1,1,1,1,0,0.0,,,,,0.0,1591,1524,,0,0,FAIL
2794.613,2,FAIL,0,0,NO_ORIGIN,0,0,1,1,1,1,0,0.0,,,,,0.0,1591,1524,,0,0,FAIL
2794.663,2,FAIL,0,0,NO_ORIGIN,0,0,1,1,1,1,0,0.0,,,,,0.0,1591,1524,,0,0,FAIL
2794.713,2,FAIL,0,0,NO_ORIGIN,0,0,1,1,1,1,0,0.0,,,,,0.0,1591,1524,,0,0,FAIL
2794.763,2,FAIL,0,0,NO_ORIGIN,0,0,1,1,1,1,0,0.0,,,,,0.0,1591,1524,,0,0,FAIL
2794.813,2,FAIL,0,0,NO_ORIGIN,0,0,1,1,1,1,0,0.0,,,,,0.0,1591,1524,,0,0,FAIL
2794.863,2,FAIL,0,0,NO_ORIGIN,0,0,1,1,1,1,0,0.0,,,,,0.0,1591,1524,,0,0,FAIL
2794.914,2,FAIL,0,0,NO_ORIGIN,0,0,1,1,1,1,0,0.0,,,,,0.0,1591,1524,,0,0,FAIL
2794.964,2,FAIL,0,0,NO_ORIGIN,0,0,1,1,1,1,0,0.0,,,,,0.0,1591,1524,,0,0,FAIL
2795.014,2,FAIL,0,0,NO_ORIGIN,0,0,1,1,1,1,0,0.0,,,,,0.0,1591,1524,,0,0,FAIL
2795.064,2,FAIL,0,0,NO_ORIGIN,0,0,1,1,1,1,0,0.0,,,,,0.0,1591,1524,,0,0,FAIL
2795.114,2,FAIL,0,0,NO_ORIGIN,0,0,1,1,1,1,0,0.0,,,,,0.0,1591,1524,,0,0,FAIL
2795.164,2,FAIL,0,0,NO_ORIGIN,0,0,1,1,1,1,0,0.0,,,,,0.0,1591,1524,,0,0,FAIL
2795.214,2,FAIL,0,0,NO_ORIGIN,0,0,1,1,1,1,0,0.0,,,,,0.0,1591,1524,,0,0,FAIL
2795.264,2,FAIL,0,0,NO_ORIGIN,0,0,1,1,1,1,0,0.0,,,,,0.0,1591,1524,,0,0,FAIL
2795.315,2,FAIL,0,0,NO_ORIGIN,0,0,1,1,1,1,0,0.0,,,,,0.0,1591,1524,,0,0,FAIL
2795.365,2,FAIL,0,0,NO_ORIGIN,0,0,1,1,1,1,0,0.0,,,,,0.0,1591,1524,,0,0,FAIL
2795.415,2,FAIL,0,0,NO_ORIGIN,0,0,1,1,1,1,0,0.0,,,,,0.0,1591,1524,,0,0,FAIL
2795.465,2,FAIL,0,0,NO_ORIGIN,0,0,1,1,1,1,0,0.0,,,,,0.0,1591,1524,,0,0,FAIL
2795.515,2,FAIL,0,0,NO_ORIGIN,0,0,1,1,1,1,0,0.0,,,,,0.0,1591,1524,,0,0,FAIL
2795.565,2,FAIL,0,0,NO_ORIGIN,0,0,1,1,1,1,0,0.0,,,,,0.0,1591,1524,,0,0,FAIL
2795.615,2,FAIL,0,0,NO_ORIGIN,0,0,1,1,1,1,0,0.0,,,,,0.0,1591,1524,,0,0,FAIL
2795.665,2,FAIL,0,0,NO_ORIGIN,0,0,1,1,1,1,0,0.0,,,,,0.0,1591,1524,,0,0,FAIL
2795.716,2,FAIL,0,0,NO_ORIGIN,0,0,1,1,1,1,0,0.0,,,,,0.0,1591,1524,,0,0,FAIL
2795.766,2,FAIL,0,0,NO_ORIGIN,0,0,1,1,1,1,0,0.0,,,,,0.0,1591,1524,,0,0,FAIL
2795.816,2,FAIL,0,0,NO_ORIGIN,0,0,1,1,1,1,0,0.0,,,,,0.0,1591,1524,,0,0,FAIL
2795.866,2,FAIL,0,0,NO_ORIGIN,0,0,1,1,1,1,0,0.0,,,,,0.0,1591,1524,,0,0,FAIL
2795.916,2,FAIL,0,0,NO_ORIGIN,0,0,1,1,1,1,0,0.0,,,,,0.0,1591,1524,,0,0,FAIL
2795.966,2,FAIL,0,0,NO_ORIGIN,0,0,1,1,1,1,0,0.0,,,,,0.0,1591,1524,,0,0,FAIL
2796.016,2,FAIL,0,0,NO_ORIGIN,0,0,1,1,1,1,0,0.0,,,,,0.0,1591,1524,,0,0,FAIL
2796.066,2,FAIL,0,0,NO_ORIGIN,0,0,1,1,1,1,0,0.0,,,,,0.0,1591,1524,,0,0,FAIL
2796.116,2,FAIL,0,0,NO_ORIGIN,0,0,1,1,1,1,0,0.0,,,,,0.0,1591,1524,,0,0,FAIL
2796.167,2,FAIL,0,0,NO_ORIGIN,0,0,1,1,1,1,0,0.0,,,,,0.0,1591,1524,,0,0,FAIL
2796.217,2,FAIL,0,0,NO_ORIGIN,0,0,1,1,1,1,0,0.0,,,,,0.0,1591,1524,,0,0,FAIL
2796.267,2,FAIL,0,0,NO_ORIGIN,0,0,1,1,1,1,0,0.0,,,,,0.0,1591,1524,,0,0,FAIL
2796.317,2,FAIL,0,0,NO_ORIGIN,0,0,1,1,1,1,0,0.0,,,,,0.0,1591,1524,,0,0,FAIL
2796.367,2,FAIL,0,0,NO_ORIGIN,0,0,1,1,1,1,0,0.0,,,,,0.0,1591,1524,,0,0,FAIL
2796.417,2,FAIL,0,0,NO_ORIGIN,0,0,1,1,1,1,0,0.0,,,,,0.0,1591,1524,,0,0,FAIL
2796.467,2,FAIL,0,0,NO_ORIGIN,0,0,1,1,1,1,0,0.0,,,,,0.0,1591,1524,,0,0,FAIL
2796.517,2,FAIL,0,0,NO_ORIGIN,0,0,1,1,1,1,0,0.0,,,,,0.0,1591,1524,,0,0,FAIL
2796.567,2,FAIL,0,0,NO_ORIGIN,0,0,1,1,1,1,0,0.0,,,,,0.0,1591,1524,,0,0,FAIL
2796.618,2,FAIL,0,0,NO_ORIGIN,0,0,1,1,1,1,0,0.0,,,,,0.0,1591,1524,,0,0,FAIL
2796.668,2,FAIL,0,0,NO_ORIGIN,0,0,1,1,1,1,0,0.0,,,,,0.0,1591,1524,,0,0,FAIL
2796.718,2,FAIL,0,0,NO_ORIGIN,0,0,1,1,1,1,0,0.0,,,,,0.0,1591,1524,,0,0,FAIL
2796.768,2,FAIL,0,0,NO_ORIGIN,0,0,1,1,1,1,0,0.0,,,,,0.0,1591,1524,,0,0,FAIL
2796.818,2,FAIL,0,0,NO_ORIGIN,0,0,1,1,1,1,0,0.0,,,,,0.0,1591,1524,,0,0,FAIL
2796.868,2,FAIL,0,0,NO_ORIGIN,0,0,1,1,1,1,0,0.0,,,,,0.0,1591,1524,,0,0,FAIL
2796.918,2,FAIL,0,0,NO_ORIGIN,0,0,1,1,1,1,0,0.0,,,,,0.0,1591,1524,,0,0,FAIL
2796.968,2,FAIL,0,0,NO_ORIGIN,0,0,1,1,1,1,0,0.0,,,,,0.0,1591,1524,,0,0,FAIL
2797.019,2,FAIL,0,0,NO_ORIGIN,0,0,1,1,1,1,0,0.0,,,,,0.0,1591,1524,,0,0,FAIL
2797.069,2,FAIL,0,0,NO_ORIGIN,0,0,1,1,1,1,0,0.0,,,,,0.0,1591,1524,,0,0,FAIL
2797.119,2,FAIL,0,0,NO_ORIGIN,0,0,1,1,1,1,0,0.0,,,,,0.0,1591,1524,,0,0,FAIL
2797.169,2,FAIL,0,0,NO_ORIGIN,0,0,1,1,1,1,0,0.0,,,,,0.0,1591,1524,,0,0,FAIL
2797.219,2,FAIL,0,0,NO_ORIGIN,0,0,1,1,1,1,0,0.0,,,,,0.0,1591,1524,,0,0,FAIL
2797.269,2,FAIL,0,0,NO_ORIGIN,0,0,1,1,1,1,0,0.0,,,,,0.0,1591,1524,,0,0,FAIL
2797.319,2,FAIL,0,0,NO_ORIGIN,0,0,1,1,1,1,0,0.0,,,,,0.0,1591,1524,,0,0,FAIL
2797.369,2,FAIL,0,0,NO_ORIGIN,0,0,1,1,1,1,0,0.0,,,,,0.0,1591,1524,,0,0,FAIL
2797.419,2,FAIL,0,0,NO_ORIGIN,0,0,1,1,1,1,0,0.0,,,,,0.0,1591,1524,,0,0,FAIL
2797.47,2,FAIL,0,0,NO_ORIGIN,0,0,1,1,1,1,0,0.0,,,,,0.0,1591,1524,,0,0,FAIL
2797.52,2,FAIL,0,0,NO_ORIGIN,0,0,1,1,1,1,0,0.0,,,,,0.0,1591,1524,,0,0,FAIL
2797.57,2,FAIL,0,0,NO_ORIGIN,0,0,1,1,1,1,0,0.0,,,,,0.0,1591,1524,,0,0,FAIL
2797.62,2,FAIL,0,0,NO_ORIGIN,0,0,1,1,1,1,0,0.0,,,,,0.0,1591,1524,,0,0,FAIL
2797.67,2,FAIL,0,0,NO_ORIGIN,0,0,1,1,1,1,0,0.0,,,,,0.0,1591,1524,,0,0,FAIL
2797.72,2,FAIL,0,0,NO_ORIGIN,0,0,1,1,1,1,0,0.0,,,,,0.0,1591,1524,,0,0,FAIL
2797.771,2,FAIL,0,0,NO_ORIGIN,0,0,1,1,1,1,0,0.0,,,,,0.0,1591,1524,,0,0,FAIL
2797.821,2,FAIL,0,0,NO_ORIGIN,0,0,1,1,1,1,0,0.0,,,,,0.0,1591,1524,,0,0,FAIL
2797.872,2,FAIL,0,0,NO_ORIGIN,0,0,1,1,1,1,0,0.0,,,,,0.0,1591,1524,,0,0,FAIL
2797.922,2,FAIL,0,0,NO_ORIGIN,0,0,1,1,1,1,0,0.0,,,,,0.0,1591,1524,,0,0,FAIL
2797.973,2,FAIL,0,0,NO_ORIGIN,0,0,1,1,1,1,0,0.0,,,,,0.0,1591,1524,,0,0,FAIL
2798.023,2,FAIL,0,0,NO_ORIGIN,0,0,1,1,1,1,0,0.0,,,,,0.0,1591,1524,,0,0,FAIL
2798.073,2,FAIL,0,0,NO_ORIGIN,0,0,1,1,1,1,0,0.0,,,,,0.0,1591,1524,,0,0,FAIL
2798.123,2,FAIL,0,0,NO_ORIGIN,0,0,1,1,1,1,0,0.0,,,,,0.0,1591,1524,,0,0,FAIL
2798.173,2,FAIL,0,0,NO_ORIGIN,0,0,1,1,1,1,0,0.0,,,,,0.0,1591,1524,,0,0,FAIL
2798.223,2,FAIL,0,0,NO_ORIGIN,0,0,1,1,1,1,0,0.0,,,,,0.0,1591,1524,,0,0,FAIL
2798.273,2,FAIL,0,0,NO_ORIGIN,0,0,1,1,1,1,0,0.0,,,,,0.0,1591,1524,,0,0,FAIL
2798.323,2,FAIL,0,0,NO_ORIGIN,0,0,1,1,1,1,0,0.0,,,,,0.0,1591,1524,,0,0,FAIL
2798.373,2,FAIL,0,0,NO_ORIGIN,0,0,1,1,1,1,0,0.0,,,,,0.0,1591,1524,,0,0,FAIL
2798.424,2,FAIL,0,0,NO_ORIGIN,0,0,1,1,1,1,0,0.0,,,,,0.0,1591,1524,,0,0,FAIL
2798.474,2,FAIL,0,0,NO_ORIGIN,0,0,1,1,1,1,0,0.0,,,,,0.0,1591,1524,,0,0,FAIL
2798.524,2,FAIL,0,0,NO_ORIGIN,0,0,1,1,1,1,0,0.0,,,,,0.0,1591,1524,,0,0,FAIL
2798.574,2,FAIL,0,0,NO_ORIGIN,0,0,1,1,1,1,0,0.0,,,,,0.0,1591,1524,,0,0,FAIL
2798.624,2,FAIL,0,0,NO_ORIGIN,0,0,1,1,1,1,0,0.0,,,,,0.0,1591,1524,,0,0,FAIL
2798.674,2,FAIL,0,0,NO_ORIGIN,0,0,1,1,1,1,0,0.0,,,,,0.0,1591,1524,,0,0,FAIL
2798.724,2,FAIL,0,0,NO_ORIGIN,0,0,1,1,1,1,0,0.0,,,,,0.0,1591,1524,,0,0,FAIL
2798.774,2,FAIL,0,0,NO_ORIGIN,0,0,1,1,1,1,0,0.0,,,,,0.0,1591,1524,,0,0,FAIL
2798.825,2,FAIL,0,0,NO_ORIGIN,0,0,1,1,1,1,0,0.0,,,,,0.0,1591,1524,,0,0,FAIL
2798.875,2,FAIL,0,0,NO_ORIGIN,0,0,1,1,1,1,0,0.0,,,,,0.0,1591,1524,,0,0,FAIL
2798.925,2,FAIL,0,0,NO_ORIGIN,0,0,1,1,1,1,0,0.0,,,,,0.0,1591,1524,,0,0,FAIL
2798.975,2,FAIL,0,0,NO_ORIGIN,0,0,1,1,1,1,0,0.0,,,,,0.0,1591,1524,,0,0,FAIL
2799.025,2,FAIL,0,0,NO_ORIGIN,0,0,1,1,1,1,0,0.0,,,,,0.0,1591,1524,,0,0,FAIL
2799.075,2,FAIL,0,0,NO_ORIGIN,0,0,1,1,1,1,0,0.0,,,,,0.0,1591,1524,,0,0,FAIL
2799.125,2,FAIL,0,0,NO_ORIGIN,0,0,1,1,1,1,0,0.0,,,,,0.0,1591,1524,,0,0,FAIL
2799.175,2,FAIL,0,0,NO_ORIGIN,0,0,1,1,1,1,0,0.0,,,,,0.0,1591,1524,,0,0,FAIL
2799.226,2,FAIL,0,0,NO_ORIGIN,0,0,1,1,1,1,0,0.0,,,,,0.0,1591,1524,,0,0,FAIL
2799.276,2,FAIL,0,0,NO_ORIGIN,0,0,1,1,1,1,0,0.0,,,,,0.0,1591,1524,,0,0,FAIL
2799.326,2,FAIL,0,0,NO_ORIGIN,0,0,1,1,1,1,0,0.0,,,,,0.0,1591,1524,,0,0,FAIL
2799.376,2,FAIL,0,0,NO_ORIGIN,0,0,1,1,1,1,0,0.0,,,,,0.0,1591,1524,,0,0,FAIL
2799.426,2,FAIL,0,0,NO_ORIGIN,0,0,1,1,1,1,0,0.0,,,,,0.0,1591,1524,,0,0,FAIL
2799.476,2,FAIL,0,0,NO_ORIGIN,0,0,1,1,1,1,0,0.0,,,,,0.0,1591,1524,,0,0,FAIL
2799.526,2,FAIL,0,0,NO_ORIGIN,0,0,1,1,1,1,0,0.0,,,,,0.0,1591,1524,,0,0,FAIL
2799.577,3,FAIL,0,0,NO_ORIGIN,0,0,1,1,1,1,0,0.0,,,,,0.0,1591,1524,,0,0,FAIL
2799.627,3,FAIL,0,0,NO_ORIGIN,0,0,1,1,1,1,0,0.0,,,,,0.0,1591,1524,,0,0,FAIL
2799.677,3,FAIL,0,0,NO_ORIGIN,0,0,1,1,1,1,0,0.0,,,,,0.0,1591,1524,,0,0,FAIL
2799.727,3,FAIL,0,0,NO_ORIGIN,0,0,1,1,1,1,0,0.0,,,,,0.0,1591,1524,,0,0,FAIL
2799.777,3,FAIL,0,0,NO_ORIGIN,0,0,1,1,1,1,0,0.0,,,,,0.0,1591,1524,,0,0,FAIL
2799.828,3,FAIL,0,0,NO_ORIGIN,0,0,1,1,1,1,0,0.0,,,,,0.0,1591,1524,,0,0,FAIL
2799.878,3,FAIL,0,0,NO_ORIGIN,0,0,1,1,1,1,0,0.0,,,,,0.0,1591,1524,,0,0,FAIL
2799.928,3,FAIL,0,0,NO_ORIGIN,0,0,1,1,1,1,0,0.0,,,,,0.0,1591,1524,,0,0,FAIL
2799.978,3,FAIL,0,0,NO_ORIGIN,0,0,1,1,1,1,0,0.0,,,,,0.0,1591,1524,,0,0,FAIL
2800.028,3,FAIL,0,0,NO_ORIGIN,0,0,1,1,1,1,0,0.0,,,,,0.0,1591,1524,,0,0,FAIL
2800.078,3,FAIL,0,0,NO_ORIGIN,0,0,1,1,1,1,0,0.0,,,,,0.0,1591,1524,,0,0,FAIL
2800.128,3,FAIL,0,0,NO_ORIGIN,0,0,1,1,1,1,0,0.0,,,,,0.0,1591,1524,,0,0,FAIL
2800.178,3,FAIL,0,0,NO_ORIGIN,0,0,1,1,1,1,0,0.0,,,,,0.0,1591,1524,,0,0,FAIL
2800.229,3,FAIL,0,0,NO_ORIGIN,0,0,1,1,1,1,0,0.0,,,,,0.0,1591,1524,,0,0,FAIL
2800.279,3,FAIL,0,0,NO_ORIGIN,0,0,1,1,1,1,0,0.0,,,,,0.0,1591,1524,,0,0,FAIL
2800.329,3,FAIL,0,0,NO_ORIGIN,0,0,1,1,1,1,0,0.0,,,,,0.0,1591,1524,,0,0,FAIL
2800.379,3,FAIL,0,0,NO_ORIGIN,0,0,1,1,1,1,0,0.0,,,,,0.0,1591,1524,,0,0,FAIL
2800.429,3,FAIL,0,0,NO_ORIGIN,0,0,1,1,1,1,0,0.0,,,,,0.0,1591,1524,,0,0,FAIL
2800.479,3,FAIL,0,0,NO_ORIGIN,0,0,1,1,1,1,0,0.0,,,,,0.0,1591,1524,,0,0,FAIL
2800.529,3,FAIL,0,0,NO_ORIGIN,0,0,1,1,1,1,0,0.0,,,,,0.0,1591,1524,,0,0,FAIL
2800.579,3,FAIL,0,0,NO_ORIGIN,0,0,1,1,1,1,0,0.0,,,,,0.0,1591,1524,,0,0,FAIL
2800.63,3,FAIL,0,0,NO_ORIGIN,0,0,1,1,1,1,0,0.0,,,,,0.0,1591,1524,,0,0,FAIL
2800.68,3,FAIL,0,0,NO_ORIGIN,0,0,1,1,1,1,0,0.0,,,,,0.0,1591,1524,,0,0,FAIL
2800.73,3,FAIL,0,0,NO_ORIGIN,0,0,1,1,1,1,0,0.0,,,,,0.0,1591,1524,,0,0,FAIL
2800.78,3,FAIL,0,0,NO_ORIGIN,0,0,1,1,1,1,0,0.0,,,,,0.0,1591,1524,,0,0,FAIL
2800.83,3,FAIL,0,0,NO_ORIGIN,0,0,1,1,1,1,0,0.0,,,,,0.0,1591,1524,,0,0,FAIL
2800.88,3,FAIL,0,0,NO_ORIGIN,0,0,1,1,1,1,0,0.0,,,,,0.0,1591,1524,,0,0,FAIL
2800.93,3,FAIL,0,0,NO_ORIGIN,0,0,1,1,1,1,0,0.0,,,,,0.0,1591,1524,,0,0,FAIL
2800.98,3,FAIL,0,0,NO_ORIGIN,0,0,1,1,1,1,0,0.0,,,,,0.0,1591,1524,,0,0,FAIL
2801.031,3,FAIL,0,0,NO_ORIGIN,0,0,1,1,1,1,0,0.0,,,,,0.0,1591,1524,,0,0,FAIL
2801.081,3,FAIL,0,0,NO_ORIGIN,0,0,1,1,1,1,0,0.0,,,,,0.0,1591,1524,,0,0,FAIL
2801.131,3,FAIL,0,0,NO_ORIGIN,0,0,1,1,1,1,0,0.0,,,,,0.0,1591,1524,,0,0,FAIL
2801.181,3,FAIL,0,0,NO_ORIGIN,0,0,1,1,1,1,0,0.0,,,,,0.0,1591,1524,,0,0,FAIL
2801.231,3,FAIL,0,0,NO_ORIGIN,0,0,1,1,1,1,0,0.0,,,,,0.0,1591,1524,,0,0,FAIL
2801.281,3,FAIL,0,0,NO_ORIGIN,0,0,1,1,1,1,0,0.0,,,,,0.0,1591,1524,,0,0,FAIL
2801.331,3,FAIL,0,0,NO_ORIGIN,0,0,1,1,1,1,0,0.0,,,,,0.0,1591,1524,,0,0,FAIL
2801.382,3,FAIL,0,0,NO_ORIGIN,0,0,1,1,1,1,0,0.0,,,,,0.0,1591,1524,,0,0,FAIL
2801.432,3,FAIL,0,0,NO_ORIGIN,0,0,1,1,1,1,0,0.0,,,,,0.0,1591,1524,,0,0,FAIL
2801.482,3,FAIL,0,0,NO_ORIGIN,0,0,1,1,1,1,0,0.0,,,,,0.0,1591,1524,,0,0,FAIL
2801.532,3,FAIL,0,0,NO_ORIGIN,0,0,1,1,1,1,0,0.0,,,,,0.0,1591,1524,,0,0,FAIL
2801.582,3,FAIL,0,0,NO_ORIGIN,0,0,1,1,1,1,0,0.0,,,,,0.0,1591,1524,,0,0,FAIL
2801.632,3,FAIL,0,0,NO_ORIGIN,0,0,1,1,1,1,0,0.0,,,,,0.0,1591,1524,,0,0,FAIL
2801.682,3,FAIL,0,0,NO_ORIGIN,0,0,1,1,1,1,0,0.0,,,,,0.0,1591,1524,,0,0,FAIL
2801.732,3,FAIL,0,0,NO_ORIGIN,0,0,1,1,1,1,0,0.0,,,,,0.0,1591,1524,,0,0,FAIL
2801.783,3,FAIL,0,0,NO_ORIGIN,0,0,1,1,1,1,0,0.0,,,,,0.0,1591,1524,,0,0,FAIL
2801.833,3,FAIL,0,0,NO_ORIGIN,0,0,1,1,1,1,0,0.0,,,,,0.0,1591,1524,,0,0,FAIL
2801.883,3,FAIL,0,0,NO_ORIGIN,0,0,1,1,1,1,0,0.0,,,,,0.0,1591,1524,,0,0,FAIL
2801.933,3,FAIL,0,0,NO_ORIGIN,0,0,1,1,1,1,0,0.0,,,,,0.0,1591,1524,,0,0,FAIL
2801.983,3,FAIL,0,0,NO_ORIGIN,0,0,1,1,1,1,0,0.0,,,,,0.0,1591,1524,,0,0,FAIL
2802.033,3,FAIL,0,0,NO_ORIGIN,0,0,1,1,1,1,0,0.0,,,,,0.0,1591,1524,,0,0,FAIL
2802.083,3,FAIL,0,0,NO_ORIGIN,0,0,1,1,1,1,0,0.0,,,,,0.0,1591,1524,,0,0,FAIL
2802.133,3,FAIL,0,0,NO_ORIGIN,0,0,1,1,1,1,0,0.0,,,,,0.0,1591,1524,,0,0,FAIL
2802.184,3,FAIL,0,0,NO_ORIGIN,0,0,1,1,1,1,0,0.0,,,,,0.0,1591,1524,,0,0,FAIL
2802.234,3,FAIL,0,0,NO_ORIGIN,0,0,1,1,1,1,0,0.0,,,,,0.0,1591,1524,,0,0,FAIL
2802.284,3,FAIL,0,0,NO_ORIGIN,0,0,1,1,1,1,0,0.0,,,,,0.0,1591,1524,,0,0,FAIL
2802.334,3,FAIL,0,0,NO_ORIGIN,0,0,1,1,1,1,0,0.0,,,,,0.0,1591,1524,,0,0,FAIL
2802.384,3,FAIL,0,0,NO_ORIGIN,0,0,1,1,1,1,0,0.0,,,,,0.0,1591,1524,,0,0,FAIL
2802.434,3,FAIL,0,0,NO_ORIGIN,0,0,1,1,1,1,0,0.0,,,,,0.0,1591,1524,,0,0,FAIL
2802.484,3,FAIL,0,0,NO_ORIGIN,0,0,1,1,1,1,0,0.0,,,,,0.0,1591,1524,,0,0,FAIL
2802.534,3,FAIL,0,0,NO_ORIGIN,0,0,1,1,1,1,0,0.0,,,,,0.0,1591,1524,,0,0,FAIL
2802.584,3,FAIL,0,0,NO_ORIGIN,0,0,1,1,1,1,0,0.0,,,,,0.0,1591,1524,,0,0,FAIL
2802.635,3,FAIL,0,0,NO_ORIGIN,0,0,1,1,1,1,0,0.0,,,,,0.0,1591,1524,,0,0,FAIL
2802.685,3,FAIL,0,0,NO_ORIGIN,0,0,1,1,1,1,0,0.0,,,,,0.0,1591,1524,,0,0,FAIL
2802.735,3,FAIL,0,0,NO_ORIGIN,0,0,1,1,1,1,0,0.0,,,,,0.0,1591,1524,,0,0,FAIL
2802.785,3,FAIL,0,0,NO_ORIGIN,0,0,1,1,1,1,0,0.0,,,,,0.0,1591,1524,,0,0,FAIL
2802.836,3,FAIL,0,0,NO_ORIGIN,0,0,1,1,1,1,0,0.0,,,,,0.0,1591,1524,,0,0,FAIL
2802.886,3,FAIL,0,0,NO_ORIGIN,0,0,1,1,1,1,0,0.0,,,,,0.0,1591,1524,,0,0,FAIL
2802.936,3,FAIL,0,0,NO_ORIGIN,0,0,1,1,1,1,0,0.0,,,,,0.0,1591,1524,,0,0,FAIL
2802.986,3,FAIL,0,0,NO_ORIGIN,0,0,1,1,1,1,0,0.0,,,,,0.0,1591,1524,,0,0,FAIL
2803.036,3,FAIL,0,0,NO_ORIGIN,0,0,1,1,1,1,0,0.0,,,,,0.0,1591,1524,,0,0,FAIL
2803.086,3,FAIL,0,0,NO_ORIGIN,0,0,1,1,1,1,0,0.0,,,,,0.0,1591,1524,,0,0,FAIL
2803.136,3,FAIL,0,0,NO_ORIGIN,0,0,1,1,1,1,0,0.0,,,,,0.0,1591,1524,,0,0,FAIL
2803.186,3,FAIL,0,0,NO_ORIGIN,0,0,1,1,1,1,0,0.0,,,,,0.0,1591,1524,,0,0,FAIL
2803.237,3,FAIL,0,0,NO_ORIGIN,0,0,1,1,1,1,0,0.0,,,,,0.0,1591,1524,,0,0,FAIL
2803.287,3,FAIL,0,0,NO_ORIGIN,0,0,1,1,1,1,0,0.0,,,,,0.0,1591,1524,,0,0,FAIL
2803.337,3,FAIL,0,0,NO_ORIGIN,0,0,1,1,1,1,0,0.0,,,,,0.0,1591,1524,,0,0,FAIL
2803.387,3,FAIL,0,0,NO_ORIGIN,0,0,1,1,1,1,0,0.0,,,,,0.0,1591,1524,,0,0,FAIL
2803.437,3,FAIL,0,0,NO_ORIGIN,0,0,1,1,1,1,0,0.0,,,,,0.0,1591,1524,,0,0,FAIL
2803.487,3,FAIL,0,0,NO_ORIGIN,0,0,1,1,1,1,0,0.0,,,,,0.0,1591,1524,,0,0,FAIL
2803.539,3,FAIL,0,0,NO_ORIGIN,0,0,1,1,1,1,0,0.0,,,,,0.0,1591,1524,,0,0,FAIL
2803.589,3,FAIL,0,0,NO_ORIGIN,0,0,1,1,1,1,0,0.0,,,,,0.0,1591,1524,,0,0,FAIL
2803.639,3,FAIL,0,0,NO_ORIGIN,0,0,1,1,1,1,0,0.0,,,,,0.0,1591,1524,,0,0,FAIL
2803.689,3,FAIL,0,0,NO_ORIGIN,0,0,1,1,1,1,0,0.0,,,,,0.0,1591,1524,,0,0,FAIL
2803.74,3,FAIL,0,0,NO_ORIGIN,0,0,1,1,1,1,0,0.0,,,,,0.0,1591,1524,,0,0,FAIL
2803.79,3,FAIL,0,0,NO_ORIGIN,0,0,1,1,1,1,0,0.0,,,,,0.0,1591,1524,,0,0,FAIL
2803.84,3,FAIL,0,0,NO_ORIGIN,0,0,1,1,1,1,0,0.0,,,,,0.0,1591,1524,,0,0,FAIL
2803.89,3,FAIL,0,0,NO_ORIGIN,0,0,1,1,1,1,0,0.0,,,,,0.0,1591,1524,,0,0,FAIL
2803.94,3,FAIL,0,0,NO_ORIGIN,0,0,1,1,1,1,0,0.0,,,,,0.0,1591,1524,,0,0,FAIL
2803.99,3,FAIL,0,0,NO_ORIGIN,0,0,1,1,1,1,0,0.0,,,,,0.0,1591,1524,,0,0,FAIL
2804.04,3,FAIL,0,0,NO_ORIGIN,0,0,1,1,1,1,0,0.0,,,,,0.0,1591,1524,,0,0,FAIL
2804.091,3,FAIL,0,0,NO_ORIGIN,0,0,1,1,1,1,0,0.0,,,,,0.0,1591,1524,,0,0,FAIL
2804.141,3,FAIL,0,0,NO_ORIGIN,0,0,1,1,1,1,0,0.0,,,,,0.0,1591,1524,,0,0,FAIL
2804.191,3,FAIL,0,0,NO_ORIGIN,0,0,1,1,1,1,0,0.0,,,,,0.0,1591,1524,,0,0,FAIL
2804.241,3,DETUMBLING,0,0,DETUMBLING,0,0,1,1,1,1,0,0.0,,,,,0.0,1591,1524,,0,0,DETUMBLING
2804.291,3,DETUMBLING,0,0,DETUMBLING,0,0,1,1,1,1,0,0.0,,,,,0.0,1591,1524,,0,0,DETUMBLING
2804.342,3,DETUMBLING,0,0,DETUMBLING,0,0,1,1,1,1,0,0.0,,,,,0.0,1591,1524,,0,0,DETUMBLING
2804.393,3,DETUMBLING,0,0,DETUMBLING,0,0,1,1,1,1,0,0.0,,,,,0.0,1591,1524,,0,0,DETUMBLING
2804.443,3,DETUMBLING,0,0,DETUMBLING,0,0,1,1,1,1,0,0.0,,,,,0.0,1591,1524,,0,0,DETUMBLING
2804.493,3,DETUMBLING,0,0,DETUMBLING,0,0,1,1,1,1,0,0.0,,,,,0.0,1591,1524,,0,0,DETUMBLING
2804.543,3,FAIL,0,0,NO_ORIGIN,0,0,1,1,1,1,0,0.0,,,,,0.0,1591,1524,,0,0,DETUMBLING
2804.593,3,FAIL,0,0,NO_ORIGIN,0,0,1,1,1,1,0,0.0,,,,,0.0,1591,1524,,0,0,DETUMBLING
2804.643,3,FAIL,0,0,NO_ORIGIN,0,0,1,1,1,1,0,0.0,,,,,0.0,1591,1524,,0,0,DETUMBLING
2804.694,3,FAIL,0,0,NO_ORIGIN,0,0,1,1,1,1,0,0.0,,,,,0.0,1591,1524,,0,0,DETUMBLING
2804.744,3,FAIL,0,0,NO_ORIGIN,0,0,1,1,1,1,0,0.0,,,,,0.0,1591,1524,,0,0,DETUMBLING
2804.794,3,FAIL,0,0,NO_ORIGIN,0,0,1,1,1,1,0,0.0,,,,,0.0,1591,1524,,0,0,DETUMBLING
2804.844,3,FAIL,0,0,NO_ORIGIN,0,0,1,1,1,1,0,0.0,,,,,0.0,1591,1524,,0,0,DETUMBLING
2804.894,3,FAIL,0,0,NO_ORIGIN,0,0,1,1,1,1,0,0.0,,,,,0.0,1591,1524,,0,0,DETUMBLING
2804.945,3,FAIL,0,0,NO_ORIGIN,0,0,1,1,1,1,0,0.0,,,,,0.0,1591,1524,,0,0,DETUMBLING
2804.995,3,FAIL,0,0,NO_ORIGIN,0,0,1,1,1,1,0,0.0,,,,,0.0,1591,1524,,0,0,DETUMBLING
2805.045,3,FAIL,0,0,NO_ORIGIN,0,0,1,1,1,1,0,0.0,,,,,0.0,1591,1524,,0,0,DETUMBLING
2805.095,3,FAIL,0,0,NO_ORIGIN,0,0,1,1,1,1,0,0.0,,,,,0.0,1591,1524,,0,0,DETUMBLING
2805.145,3,FAIL,0,0,NO_ORIGIN,0,0,1,1,1,1,0,0.0,,,,,0.0,1591,1524,,0,0,DETUMBLING
2805.195,3,FAIL,0,0,NO_ORIGIN,0,0,1,1,1,1,0,0.0,,,,,0.0,1591,1524,,0,0,DETUMBLING
2805.245,3,FAIL,0,0,NO_ORIGIN,0,0,1,1,1,1,0,0.0,,,,,0.0,1591,1524,,0,0,DETUMBLING
2805.296,3,FAIL,0,0,NO_ORIGIN,0,0,1,1,1,1,0,0.0,,,,,0.0,1591,1524,,0,0,DETUMBLING
2805.346,3,FAIL,0,0,NO_ORIGIN,0,0,1,1,1,1,0,0.0,,,,,0.0,1591,1524,,0,0,DETUMBLING
2805.396,3,FAIL,0,0,NO_ORIGIN,0,0,1,1,1,1,0,0.0,,,,,0.0,1591,1524,,0,0,DETUMBLING
2805.446,3,FAIL,0,0,NO_ORIGIN,0,0,1,1,1,1,0,0.0,,,,,0.0,1591,1524,,0,0,DETUMBLING
2805.496,3,FAIL,0,0,NO_ORIGIN,0,0,1,1,1,1,0,0.0,,,,,0.0,1591,1524,,0,0,DETUMBLING
2805.546,3,FAIL,0,0,NO_ORIGIN,0,0,1,1,1,1,0,0.0,,,,,0.0,1591,1524,,0,0,DETUMBLING
2805.596,3,FAIL,0,0,NO_ORIGIN,0,0,1,1,1,1,0,0.0,,,,,0.0,1591,1524,,0,0,DETUMBLING
2805.647,3,FAIL,0,0,NO_ORIGIN,0,0,1,1,1,1,0,0.0,,,,,0.0,1591,1524,,0,0,DETUMBLING
2805.697,3,DETUMBLING,0,0,DETUMBLING,0,0,1,1,1,1,0,0.0,,,,,0.0,1591,1524,,0,0,DETUMBLING
2805.747,3,DETUMBLING,0,0,DETUMBLING,0,0,1,1,1,1,0,0.0,,,,,0.0,1591,1524,,0,0,DETUMBLING
2805.797,3,FAIL,0,0,NO_ORIGIN,0,0,1,1,1,1,0,0.0,,,,,0.0,1591,1524,,0,0,DETUMBLING
2805.847,3,FAIL,0,0,NO_ORIGIN,0,0,1,1,1,1,0,0.0,,,,,0.0,1591,1524,,0,0,DETUMBLING
2805.897,3,FAIL,0,0,NO_ORIGIN,0,0,1,1,1,1,0,0.0,,,,,0.0,1591,1524,,0,0,DETUMBLING
2805.947,3,FAIL,0,0,NO_ORIGIN,0,0,1,1,1,1,0,0.0,,,,,0.0,1591,1524,,0,0,DETUMBLING
2805.997,3,FAIL,0,0,NO_ORIGIN,0,0,1,1,1,1,0,0.0,,,,,0.0,1591,1524,,0,0,DETUMBLING
2806.048,3,FAIL,0,0,NO_ORIGIN,0,0,1,1,1,1,0,0.0,,,,,0.0,1591,1524,,0,0,DETUMBLING
2806.098,3,DETUMBLING,0,0,DETUMBLING,0,0,1,1,1,1,0,0.0,,,,,0.0,1591,1524,,0,0,DETUMBLING
2806.148,3,DETUMBLING,0,0,DETUMBLING,0,0,1,1,1,1,0,0.0,,,,,0.0,1591,1524,,0,0,DETUMBLING
2806.198,3,FAIL,0,0,NO_ORIGIN,0,0,1,1,1,1,0,0.0,,,,,0.0,1591,1524,,0,0,DETUMBLING
2806.248,3,FAIL,0,0,NO_ORIGIN,0,0,1,1,1,1,0,0.0,,,,,0.0,1591,1524,,0,0,DETUMBLING
2806.298,3,DETUMBLING,0,0,DETUMBLING,0,0,1,1,1,1,0,0.0,,,,,0.0,1591,1524,,0,0,DETUMBLING
2806.348,3,DETUMBLING,0,0,DETUMBLING,0,0,1,1,1,1,0,0.0,,,,,0.0,1591,1524,,0,0,DETUMBLING
2806.399,3,DETUMBLING,0,0,DETUMBLING,0,0,1,1,1,1,0,0.0,,,,,0.0,1591,1524,,0,0,DETUMBLING
2806.449,3,DETUMBLING,0,0,DETUMBLING,0,0,1,1,1,1,0,0.0,,,,,0.0,1591,1524,,0,0,DETUMBLING
2806.499,3,DETUMBLING,0,0,DETUMBLING,0,0,1,1,1,1,0,0.0,,,,,0.0,1591,1524,,0,0,DETUMBLING
2806.549,3,DETUMBLING,0,0,DETUMBLING,0,0,1,1,1,1,0,0.0,,,,,0.0,1591,1524,,0,0,DETUMBLING
2806.599,3,FAIL,0,0,NO_ORIGIN,0,0,1,1,1,1,0,0.0,,,,,0.0,1591,1524,,0,0,DETUMBLING
2806.649,3,FAIL,0,0,NO_ORIGIN,0,0,1,1,1,1,0,0.0,,,,,0.0,1591,1524,,0,0,DETUMBLING
2806.7,3,FAIL,0,0,NO_ORIGIN,0,0,1,1,1,1,0,0.0,,,,,0.0,1591,1524,,0,0,DETUMBLING
2806.75,3,FAIL,0,0,NO_ORIGIN,0,0,1,1,1,1,0,0.0,,,,,0.0,1591,1524,,0,0,DETUMBLING
2806.8,3,FAIL,0,0,NO_ORIGIN,0,0,1,1,1,1,0,0.0,,,,,0.0,1591,1524,,0,0,DETUMBLING
2806.85,3,FAIL,0,0,NO_ORIGIN,0,0,1,1,1,1,0,0.0,,,,,0.0,1591,1524,,0,0,DETUMBLING
2806.9,3,FAIL,0,0,NO_ORIGIN,0,0,1,1,1,1,0,0.0,,,,,0.0,1591,1524,,0,0,DETUMBLING
2806.95,3,FAIL,0,0,NO_ORIGIN,0,0,1,1,1,1,0,0.0,,,,,0.0,1591,1524,,0,0,DETUMBLING
2807.0,3,FAIL,0,0,NO_ORIGIN,0,0,1,1,1,1,0,0.0,,,,,0.0,1591,1524,,0,0,DETUMBLING
2807.05,3,FAIL,0,0,NO_ORIGIN,0,0,1,1,1,1,0,0.0,,,,,0.0,1591,1524,,0,0,DETUMBLING
2807.1,3,FAIL,0,0,NO_ORIGIN,0,0,1,1,1,1,0,0.0,,,,,0.0,1591,1524,,0,0,DETUMBLING
2807.151,3,FAIL,0,0,NO_ORIGIN,0,0,1,1,1,1,0,0.0,,,,,0.0,1591,1524,,0,0,DETUMBLING
2807.201,3,FAIL,0,0,NO_ORIGIN,0,0,1,1,1,1,0,0.0,,,,,0.0,1591,1524,,0,0,DETUMBLING
2807.251,3,FAIL,0,0,NO_ORIGIN,0,0,1,1,1,1,0,0.0,,,,,0.0,1591,1524,,0,0,DETUMBLING
2807.301,3,FAIL,0,0,NO_ORIGIN,0,0,1,1,1,1,0,0.0,,,,,0.0,1591,1524,,0,0,DETUMBLING
2807.351,3,FAIL,0,0,NO_ORIGIN,0,0,1,1,1,1,0,0.0,,,,,0.0,1591,1524,,0,0,DETUMBLING
2807.401,3,FAIL,0,0,NO_ORIGIN,0,0,1,1,1,1,0,0.0,,,,,0.0,1591,1524,,0,0,DETUMBLING
2807.451,3,FAIL,0,0,NO_ORIGIN,0,0,1,1,1,1,0,0.0,,,,,0.0,1591,1524,,0,0,DETUMBLING
2807.501,3,FAIL,0,0,NO_ORIGIN,0,0,1,1,1,1,0,0.0,,,,,0.0,1591,1524,,0,0,DETUMBLING
2807.552,3,FAIL,0,0,NO_ORIGIN,0,0,1,1,1,1,0,0.0,,,,,0.0,1591,1524,,0,0,DETUMBLING
2807.602,3,FAIL,0,0,NO_ORIGIN,0,0,1,1,1,1,0,0.0,,,,,0.0,1591,1524,,0,0,DETUMBLING
2807.652,3,FAIL,0,0,NO_ORIGIN,0,0,1,1,1,1,0,0.0,,,,,0.0,1591,1524,,0,0,DETUMBLING
2807.702,3,FAIL,0,0,NO_ORIGIN,0,0,1,1,1,1,0,0.0,,,,,0.0,1591,1524,,0,0,DETUMBLING
2807.752,3,FAIL,0,0,NO_ORIGIN,0,0,1,1,1,1,0,0.0,,,,,0.0,1591,1524,,0,0,DETUMBLING
2807.802,3,FAIL,0,0,NO_ORIGIN,0,0,1,1,1,1,0,0.0,,,,,0.0,1591,1524,,0,0,DETUMBLING
2807.852,3,FAIL,0,0,NO_ORIGIN,0,0,1,1,1,1,0,0.0,,,,,0.0,1591,1524,,0,0,DETUMBLING
2807.902,3,FAIL,0,0,NO_ORIGIN,0,0,1,1,1,1,0,0.0,,,,,0.0,1591,1524,,0,0,DETUMBLING
2807.953,3,FAIL,0,0,NO_ORIGIN,0,0,1,1,1,1,0,0.0,,,,,0.0,1591,1524,,0,0,DETUMBLING
2808.003,3,FAIL,0,0,NO_ORIGIN,0,0,1,1,1,1,0,0.0,,,,,0.0,1591,1524,,0,0,DETUMBLING
2808.053,3,FAIL,0,0,NO_ORIGIN,0,0,1,1,1,1,0,0.0,,,,,0.0,1591,1524,,0,0,DETUMBLING
2808.103,3,FAIL,0,0,NO_ORIGIN,0,0,1,1,1,1,0,0.0,,,,,0.0,1591,1524,,0,0,DETUMBLING
2808.153,3,FAIL,0,0,NO_ORIGIN,0,0,1,1,1,1,0,0.0,,,,,0.0,1591,1524,,0,0,DETUMBLING
2808.203,3,FAIL,0,0,NO_ORIGIN,0,0,1,1,1,1,0,0.0,,,,,0.0,1591,1524,,0,0,DETUMBLING
2808.253,3,FAIL,0,0,NO_ORIGIN,0,0,1,1,1,1,0,0.0,,,,,0.0,1591,1524,,0,0,DETUMBLING
2808.303,3,FAIL,0,0,NO_ORIGIN,0,0,1,1,1,1,0,0.0,,,,,0.0,1591,1524,,0,0,DETUMBLING
2808.354,3,FAIL,0,0,NO_ORIGIN,0,0,1,1,1,1,0,0.0,,,,,0.0,1591,1524,,0,0,DETUMBLING
2808.404,3,FAIL,0,0,NO_ORIGIN,0,0,1,1,1,1,0,0.0,,,,,0.0,1591,1524,,0,0,DETUMBLING
2808.454,3,FAIL,0,0,NO_ORIGIN,0,0,1,1,1,1,0,0.0,,,,,0.0,1591,1524,,0,0,DETUMBLING
2808.504,3,FAIL,0,0,NO_ORIGIN,0,0,1,1,1,1,0,0.0,,,,,0.0,1591,1524,,0,0,DETUMBLING
2808.554,3,FAIL,0,0,NO_ORIGIN,0,0,1,1,1,1,0,0.0,,,,,0.0,1591,1524,,0,0,DETUMBLING
2808.604,3,FAIL,0,0,NO_ORIGIN,0,0,1,1,1,1,0,0.0,,,,,0.0,1591,1524,,0,0,DETUMBLING
2808.654,3,FAIL,0,0,NO_ORIGIN,0,0,1,1,1,1,0,0.0,,,,,0.0,1591,1524,,0,0,DETUMBLING
2808.704,3,FAIL,0,0,NO_ORIGIN,0,0,1,1,1,1,0,0.0,,,,,0.0,1591,1524,,0,0,DETUMBLING
2808.754,3,FAIL,0,0,NO_ORIGIN,0,0,1,1,1,1,0,0.0,,,,,0.0,1591,1524,,0,0,DETUMBLING
2808.805,3,FAIL,0,0,NO_ORIGIN,0,0,1,1,1,1,0,0.0,,,,,0.0,1591,1524,,0,0,DETUMBLING
2808.855,3,FAIL,0,0,NO_ORIGIN,0,0,1,1,1,1,0,0.0,,,,,0.0,1591,1524,,0,0,DETUMBLING
2808.905,3,FAIL,0,0,NO_ORIGIN,0,0,1,1,1,1,0,0.0,,,,,0.0,1591,1524,,0,0,DETUMBLING
2808.955,3,FAIL,0,0,NO_ORIGIN,0,0,1,1,1,1,0,0.0,,,,,0.0,1591,1524,,0,0,DETUMBLING
2809.005,3,FAIL,0,0,NO_ORIGIN,0,0,1,1,1,1,0,0.0,,,,,0.0,1591,1524,,0,0,DETUMBLING
2809.055,3,FAIL,0,0,NO_ORIGIN,0,0,1,1,1,1,0,0.0,,,,,0.0,1591,1524,,0,0,DETUMBLING
2809.105,3,FAIL,0,0,NO_ORIGIN,0,0,1,1,1,1,0,0.0,,,,,0.0,1591,1524,,0,0,DETUMBLING
2809.155,3,FAIL,0,0,NO_ORIGIN,0,0,1,1,1,1,0,0.0,,,,,0.0,1591,1524,,0,0,DETUMBLING
2809.206,3,FAIL,0,0,NO_ORIGIN,0,0,1,1,1,1,0,0.0,,,,,0.0,1591,1524,,0,0,DETUMBLING
2809.256,3,FAIL,0,0,NO_ORIGIN,0,0,1,1,1,1,0,0.0,,,,,0.0,1591,1524,,0,0,DETUMBLING
2809.306,3,FAIL,0,0,NO_ORIGIN,0,0,1,1,1,1,0,0.0,,,,,0.0,1591,1524,,0,0,DETUMBLING
2809.356,3,FAIL,0,0,NO_ORIGIN,0,0,1,1,1,1,0,0.0,,,,,0.0,1591,1524,,0,0,DETUMBLING
2809.406,3,FAIL,0,0,NO_ORIGIN,0,0,1,1,1,1,0,0.0,,,,,0.0,1591,1524,,0,0,DETUMBLING
2809.456,3,FAIL,0,0,NO_ORIGIN,0,0,1,1,1,1,0,0.0,,,,,0.0,1591,1524,,0,0,DETUMBLING
2809.506,3,FAIL,0,0,NO_ORIGIN,0,0,1,1,1,1,0,0.0,,,,,0.0,1591,1524,,0,0,DETUMBLING
2809.557,3,FAIL,0,0,NO_ORIGIN,0,0,1,1,1,1,0,0.0,,,,,0.0,1591,1524,,0,0,DETUMBLING
2809.607,3,FAIL,0,0,NO_ORIGIN,0,0,1,1,1,1,0,0.0,,,,,0.0,1591,1524,,0,0,DETUMBLING
2809.657,3,FAIL,0,0,NO_ORIGIN,0,0,1,1,1,1,0,0.0,,,,,0.0,1591,1524,,0,0,DETUMBLING
2809.707,3,FAIL,0,0,NO_ORIGIN,0,0,1,1,1,1,0,0.0,,,,,0.0,1591,1524,,0,0,DETUMBLING
2809.757,3,FAIL,0,0,NO_ORIGIN,0,0,1,1,1,1,0,0.0,,,,,0.0,1591,1524,,0,0,DETUMBLING
2809.807,3,FAIL,0,0,NO_ORIGIN,0,0,1,1,1,1,0,0.0,,,,,0.0,1591,1524,,0,0,DETUMBLING
2809.857,3,FAIL,0,0,NO_ORIGIN,0,0,1,1,1,1,0,0.0,,,,,0.0,1591,1524,,0,0,DETUMBLING
2809.907,3,FAIL,0,0,NO_ORIGIN,0,0,1,1,1,1,0,0.0,,,,,0.0,1591,1524,,0,0,DETUMBLING
2809.957,3,FAIL,0,0,NO_ORIGIN,0,0,1,1,1,1,0,0.0,,,,,0.0,1591,1524,,0,0,DETUMBLING
2810.008,3,FAIL,0,0,NO_ORIGIN,0,0,1,1,1,1,0,0.0,,,,,0.0,1591,1524,,0,0,DETUMBLING
2810.058,3,FAIL,0,0,NO_ORIGIN,0,0,1,1,1,1,0,0.0,,,,,0.0,1591,1524,,0,0,DETUMBLING
2810.108,3,FAIL,0,0,NO_ORIGIN,0,0,1,1,1,1,0,0.0,,,,,0.0,1591,1524,,0,0,DETUMBLING
2810.158,3,FAIL,0,0,NO_ORIGIN,0,0,1,1,1,1,0,0.0,,,,,0.0,1591,1524,,0,0,DETUMBLING
2810.208,3,FAIL,0,0,NO_ORIGIN,0,0,1,1,1,1,0,0.0,,,,,0.0,1591,1524,,0,0,DETUMBLING
2810.258,3,FAIL,0,0,NO_ORIGIN,0,0,1,1,1,1,0,0.0,,,,,0.0,1591,1524,,0,0,DETUMBLING
2810.308,3,DETUMBLING,0,0,DETUMBLING,0,0,1,1,1,1,0,0.0,,,,,0.0,1591,1524,,0,0,DETUMBLING
2810.358,3,DETUMBLING,0,0,DETUMBLING,0,0,1,1,1,1,0,0.0,,,,,0.0,1591,1524,,0,0,DETUMBLING
2810.409,3,DETUMBLING,0,0,DETUMBLING,0,0,1,1,1,1,0,0.0,,,,,0.0,1591,1524,,0,0,DETUMBLING
2810.459,3,DETUMBLING,0,0,DETUMBLING,0,0,1,1,1,1,0,0.0,,,,,0.0,1591,1524,,0,0,DETUMBLING
2810.509,3,DETUMBLING,0,0,DETUMBLING,0,0,1,1,1,1,0,0.0,,,,,0.0,1591,1524,,0,0,DETUMBLING
2810.559,3,FAIL,0,0,NO_ORIGIN,0,0,1,1,1,1,0,0.0,,,,,0.0,1591,1524,,0,0,DETUMBLING
2810.609,3,FAIL,0,0,NO_ORIGIN,0,0,1,1,1,1,0,0.0,,,,,0.0,1591,1524,,0,0,DETUMBLING
2810.659,3,FAIL,0,0,NO_ORIGIN,0,0,1,1,1,1,0,0.0,,,,,0.0,1591,1524,,0,0,DETUMBLING
2810.709,3,FAIL,0,0,NO_ORIGIN,0,0,1,1,1,1,0,0.0,,,,,0.0,1591,1524,,0,0,DETUMBLING
2810.76,3,DETUMBLING,0,0,DETUMBLING,0,0,1,1,1,1,0,0.0,,,,,0.0,1591,1524,,0,0,DETUMBLING
2810.81,3,DETUMBLING,0,0,DETUMBLING,0,0,1,1,1,1,0,0.0,,,,,0.0,1591,1524,,0,0,DETUMBLING
2810.86,3,DETUMBLING,0,0,DETUMBLING,0,0,1,1,1,1,0,0.0,,,,,0.0,1591,1524,,0,0,DETUMBLING
2810.91,3,FAIL,0,0,NO_ORIGIN,0,0,1,1,1,1,0,0.0,,,,,0.0,1591,1524,,0,0,DETUMBLING
2810.96,3,FAIL,0,0,NO_ORIGIN,0,0,1,1,1,1,0,0.0,,,,,0.0,1591,1524,,0,0,DETUMBLING
2811.01,3,DETUMBLING,0,0,DETUMBLING,0,0,1,1,1,1,0,0.0,,,,,0.0,1591,1524,,0,0,DETUMBLING
2811.06,3,DETUMBLING,0,0,DETUMBLING,0,0,1,1,1,1,0,0.0,,,,,0.0,1591,1524,,0,0,DETUMBLING
2811.11,3,DETUMBLING,0,0,DETUMBLING,0,0,1,1,1,1,0,0.0,,,,,0.0,1591,1524,,0,0,DETUMBLING
2811.161,3,DETUMBLING,0,0,DETUMBLING,0,0,1,1,1,1,0,0.0,,,,,0.0,1591,1524,,0,0,DETUMBLING
2811.211,3,DETUMBLING,0,0,DETUMBLING,0,0,1,1,1,1,0,0.0,,,,,0.0,1591,1524,,0,0,DETUMBLING
2811.261,3,FAIL,0,0,NO_ORIGIN,0,0,1,1,1,1,0,0.0,,,,,0.0,1591,1524,,0,0,DETUMBLING
2811.311,3,FAIL,0,0,NO_ORIGIN,0,0,1,1,1,1,0,0.0,,,,,0.0,1591,1524,,0,0,DETUMBLING
2811.361,3,FAIL,0,0,NO_ORIGIN,0,0,1,1,1,1,0,0.0,,,,,0.0,1591,1524,,0,0,DETUMBLING
2811.411,3,FAIL,0,0,NO_ORIGIN,0,0,1,1,1,1,0,0.0,,,,,0.0,1591,1524,,0,0,DETUMBLING
2811.461,3,FAIL,0,0,NO_ORIGIN,0,0,1,1,1,1,0,0.0,,,,,0.0,1591,1524,,0,0,DETUMBLING
2811.511,3,FAIL,0,0,NO_ORIGIN,0,0,1,1,1,1,0,0.0,,,,,0.0,1591,1524,,0,0,DETUMBLING
2811.562,3,FAIL,0,0,NO_ORIGIN,0,0,1,1,1,1,0,0.0,,,,,0.0,1591,1524,,0,0,DETUMBLING
2811.612,3,FAIL,0,0,NO_ORIGIN,0,0,1,1,1,1,0,0.0,,,,,0.0,1591,1524,,0,0,DETUMBLING
2811.662,3,FAIL,0,0,NO_ORIGIN,0,0,1,1,1,1,0,0.0,,,,,0.0,1591,1524,,0,0,DETUMBLING
2811.712,3,FAIL,0,0,NO_ORIGIN,0,0,1,1,1,1,0,0.0,,,,,0.0,1591,1524,,0,0,DETUMBLING
2811.762,3,FAIL,0,0,NO_ORIGIN,0,0,1,1,1,1,0,0.0,,,,,0.0,1591,1524,,0,0,DETUMBLING
2811.812,3,FAIL,0,0,NO_ORIGIN,0,0,1,1,1,1,0,0.0,,,,,0.0,1591,1524,,0,0,DETUMBLING
2811.862,3,FAIL,0,0,NO_ORIGIN,0,0,1,1,1,1,0,0.0,,,,,0.0,1591,1524,,0,0,DETUMBLING
2811.912,3,DETUMBLING,0,0,DETUMBLING,0,0,1,1,1,1,0,0.0,,,,,0.0,1591,1524,,0,0,DETUMBLING
2811.963,3,DETUMBLING,0,0,DETUMBLING,0,0,1,1,1,1,0,0.0,,,,,0.0,1591,1524,,0,0,DETUMBLING
2812.013,3,DETUMBLING,0,0,DETUMBLING,0,0,1,1,1,1,0,0.0,,,,,0.0,1591,1524,,0,0,DETUMBLING
2812.063,3,DETUMBLING,0,0,DETUMBLING,0,0,1,1,1,1,0,0.0,,,,,0.0,1591,1524,,0,0,DETUMBLING
2812.113,3,FAIL,0,0,NO_ORIGIN,0,0,1,1,1,1,0,0.0,,,,,0.0,1591,1524,,0,0,DETUMBLING
2812.163,3,FAIL,0,0,NO_ORIGIN,0,0,1,1,1,1,0,0.0,,,,,0.0,1591,1524,,0,0,DETUMBLING
2812.213,3,FAIL,0,0,NO_ORIGIN,0,0,1,1,1,1,0,0.0,,,,,0.0,1591,1524,,0,0,DETUMBLING
2812.263,3,FAIL,0,0,NO_ORIGIN,0,0,1,1,1,1,0,0.0,,,,,0.0,1591,1524,,0,0,DETUMBLING
2812.313,3,FAIL,0,0,NO_ORIGIN,0,0,1,1,1,1,0,0.0,,,,,0.0,1591,1524,,0,0,DETUMBLING
2812.364,3,FAIL,0,0,NO_ORIGIN,0,0,1,1,1,1,0,0.0,,,,,0.0,1591,1524,,0,0,DETUMBLING
2812.414,3,FAIL,0,0,NO_ORIGIN,0,0,1,1,1,1,0,0.0,,,,,0.0,1591,1524,,0,0,DETUMBLING
2812.464,3,FAIL,0,0,NO_ORIGIN,0,0,1,1,1,1,0,0.0,,,,,0.0,1591,1524,,0,0,DETUMBLING
2812.514,3,FAIL,0,0,NO_ORIGIN,0,0,1,1,1,1,0,0.0,,,,,0.0,1591,1524,,0,0,DETUMBLING
2812.564,3,FAIL,0,0,NO_ORIGIN,0,0,1,1,1,1,0,0.0,,,,,0.0,1591,1524,,0,0,DETUMBLING
2812.614,3,FAIL,0,0,NO_ORIGIN,0,0,1,1,1,1,0,0.0,,,,,0.0,1591,1524,,0,0,DETUMBLING
2812.664,3,FAIL,0,0,NO_ORIGIN,0,0,1,1,1,1,0,0.0,,,,,0.0,1591,1524,,0,0,DETUMBLING
2812.714,3,DETUMBLING,0,0,DETUMBLING,0,0,1,1,1,1,0,0.0,,,,,0.0,1591,1524,,0,0,DETUMBLING
2812.765,3,DETUMBLING,0,0,DETUMBLING,0,0,1,1,1,1,0,0.0,,,,,0.0,1591,1524,,0,0,DETUMBLING
2812.815,3,DETUMBLING,0,0,DETUMBLING,0,0,1,1,1,1,0,0.0,,,,,0.0,1591,1524,,0,0,DETUMBLING
2812.865,3,DETUMBLING,0,0,DETUMBLING,0,0,1,1,1,1,0,0.0,,,,,0.0,1591,1524,,0,0,DETUMBLING
2812.915,3,DETUMBLING,0,0,DETUMBLING,0,0,1,1,1,1,0,0.0,,,,,0.0,1591,1524,,0,0,DETUMBLING
2812.965,3,DETUMBLING,0,0,DETUMBLING,0,0,1,1,1,1,0,0.0,,,,,0.0,1591,1524,,0,0,DETUMBLING
2813.015,3,DETUMBLING,0,0,DETUMBLING,0,0,1,1,1,1,0,0.0,,,,,0.0,1591,1524,,0,0,DETUMBLING
2813.065,3,FAIL,0,0,NO_ORIGIN,0,0,1,1,1,1,0,0.0,,,,,0.0,1591,1524,,0,0,DETUMBLING
2813.115,3,FAIL,0,0,NO_ORIGIN,0,0,1,1,1,1,0,0.0,,,,,0.0,1591,1524,,0,0,DETUMBLING
2813.166,3,FAIL,0,0,NO_ORIGIN,0,0,1,1,1,1,0,0.0,,,,,0.0,1591,1524,,0,0,DETUMBLING
2813.216,3,FAIL,0,0,NO_ORIGIN,0,0,1,1,1,1,0,0.0,,,,,0.0,1591,1524,,0,0,DETUMBLING
2813.266,3,FAIL,0,0,NO_ORIGIN,0,0,1,1,1,1,0,0.0,,,,,0.0,1591,1524,,0,0,DETUMBLING
2813.316,3,FAIL,0,0,NO_ORIGIN,0,0,1,1,1,1,0,0.0,,,,,0.0,1591,1524,,0,0,DETUMBLING
2813.366,3,FAIL,0,0,NO_ORIGIN,0,0,1,1,1,1,0,0.0,,,,,0.0,1591,1524,,0,0,DETUMBLING
2813.416,3,FAIL,0,0,NO_ORIGIN,0,0,1,1,1,1,0,0.0,,,,,0.0,1591,1524,,0,0,DETUMBLING
2813.466,3,FAIL,0,0,NO_ORIGIN,0,0,1,1,1,1,0,0.0,,,,,0.0,1591,1524,,0,0,DETUMBLING
2813.516,3,FAIL,0,0,NO_ORIGIN,0,0,1,1,1,1,0,0.0,,,,,0.0,1591,1524,,0,0,DETUMBLING
2813.566,3,FAIL,0,0,NO_ORIGIN,0,0,1,1,1,1,0,0.0,,,,,0.0,1591,1524,,0,0,DETUMBLING
2813.617,3,FAIL,0,0,NO_ORIGIN,0,0,1,1,1,1,0,0.0,,,,,0.0,1591,1524,,0,0,DETUMBLING
2813.667,3,FAIL,0,0,NO_ORIGIN,0,0,1,1,1,1,0,0.0,,,,,0.0,1591,1524,,0,0,DETUMBLING
2813.717,3,FAIL,0,0,NO_ORIGIN,0,0,1,1,1,1,0,0.0,,,,,0.0,1591,1524,,0,0,DETUMBLING
2813.767,3,FAIL,0,0,NO_ORIGIN,0,0,1,1,1,1,0,0.0,,,,,0.0,1591,1524,,0,0,DETUMBLING
2813.817,3,FAIL,0,0,NO_ORIGIN,0,0,1,1,1,1,0,0.0,,,,,0.0,1591,1524,,0,0,DETUMBLING
2813.867,3,FAIL,0,0,NO_ORIGIN,0,0,1,1,1,1,0,0.0,,,,,0.0,1591,1524,,0,0,DETUMBLING
2813.917,3,FAIL,0,0,NO_ORIGIN,0,0,1,1,1,1,0,0.0,,,,,0.0,1591,1524,,0,0,DETUMBLING
2813.967,3,FAIL,0,0,NO_ORIGIN,0,0,1,1,1,1,0,0.0,,,,,0.0,1591,1524,,0,0,DETUMBLING
2814.017,3,FAIL,0,0,NO_ORIGIN,0,0,1,1,1,1,0,0.0,,,,,0.0,1591,1524,,0,0,DETUMBLING
2814.068,3,FAIL,0,0,NO_ORIGIN,0,0,1,1,1,1,0,0.0,,,,,0.0,1591,1524,,0,0,DETUMBLING
2814.118,3,FAIL,0,0,NO_ORIGIN,0,0,1,1,1,1,0,0.0,,,,,0.0,1591,1524,,0,0,DETUMBLING
2814.168,3,FAIL,0,0,NO_ORIGIN,0,0,1,1,1,1,0,0.0,,,,,0.0,1591,1524,,0,0,DETUMBLING
2814.218,3,FAIL,0,0,NO_ORIGIN,0,0,1,1,1,1,0,0.0,,,,,0.0,1591,1524,,0,0,DETUMBLING
2814.268,3,DETUMBLING,0,0,DETUMBLING,0,0,1,1,1,1,0,0.0,,,,,0.0,1591,1524,,0,0,DETUMBLING
2814.319,3,DETUMBLING,0,0,DETUMBLING,0,0,1,1,1,1,0,0.0,,,,,0.0,1591,1524,,0,0,DETUMBLING
2814.369,3,DETUMBLING,0,0,DETUMBLING,0,0,1,1,1,1,0,0.0,,,,,0.0,1591,1524,,0,0,DETUMBLING
2814.42,3,FAIL,0,0,NO_ORIGIN,0,0,1,1,1,1,0,0.0,,,,,0.0,1591,1524,,0,0,DETUMBLING
2814.47,3,FAIL,0,0,NO_ORIGIN,0,0,1,1,1,1,0,0.0,,,,,0.0,1591,1524,,0,0,DETUMBLING
2814.52,3,FAIL,0,0,NO_ORIGIN,0,0,1,1,1,1,0,0.0,,,,,0.0,1591,1524,,0,0,DETUMBLING
2814.57,3,FAIL,0,0,NO_ORIGIN,0,0,1,1,1,1,0,0.0,,,,,0.0,1591,1524,,0,0,DETUMBLING
2814.62,3,FAIL,0,0,NO_ORIGIN,0,0,1,1,1,1,0,0.0,,,,,0.0,1591,1524,,0,0,DETUMBLING
2814.67,3,FAIL,0,0,NO_ORIGIN,0,0,1,1,1,1,0,0.0,,,,,0.0,1591,1524,,0,0,DETUMBLING
2814.721,3,DETUMBLING,0,0,DETUMBLING,0,0,1,1,1,1,0,0.0,,,,,0.0,1591,1524,,0,0,DETUMBLING
2814.771,3,DETUMBLING,0,0,DETUMBLING,0,0,1,1,1,1,0,0.0,,,,,0.0,1591,1524,,0,0,DETUMBLING
2814.821,3,DETUMBLING,0,0,DETUMBLING,0,0,1,1,1,1,0,0.0,,,,,0.0,1591,1524,,0,0,DETUMBLING
2814.871,3,FAIL,0,0,NO_ORIGIN,0,0,1,1,1,1,0,0.0,,,,,0.0,1591,1524,,0,0,DETUMBLING
2814.921,3,DETUMBLING,0,0,DETUMBLING,0,0,1,1,1,1,0,0.0,,,,,0.0,1591,1524,,0,0,DETUMBLING
2814.971,3,DETUMBLING,0,0,DETUMBLING,0,0,1,1,1,1,0,0.0,,,,,0.0,1591,1524,,0,0,DETUMBLING
2815.021,3,DETUMBLING,0,0,DETUMBLING,0,0,1,1,1,1,0,0.0,,,,,0.0,1591,1524,,0,0,DETUMBLING
2815.071,3,FAIL,0,0,NO_ORIGIN,0,0,1,1,1,1,0,0.0,,,,,0.0,1591,1524,,0,0,DETUMBLING
2815.122,3,FAIL,0,0,NO_ORIGIN,0,0,1,1,1,1,0,0.0,,,,,0.0,1591,1524,,0,0,DETUMBLING
2815.172,3,DETUMBLING,0,0,DETUMBLING,0,0,1,1,1,1,0,0.0,,,,,0.0,1591,1524,,0,0,DETUMBLING
2815.222,3,DETUMBLING,0,0,DETUMBLING,0,0,1,1,1,1,0,0.0,,,,,0.0,1591,1524,,0,0,DETUMBLING
2815.272,3,DETUMBLING,0,0,DETUMBLING,0,0,1,1,1,1,0,0.0,,,,,0.0,1591,1524,,0,0,DETUMBLING
2815.322,3,DETUMBLING,0,0,DETUMBLING,0,0,1,1,1,1,0,0.0,,,,,0.0,1591,1524,,0,0,DETUMBLING
2815.372,3,FAIL,0,0,NO_ORIGIN,0,0,1,1,1,1,0,0.0,,,,,0.0,1591,1524,,0,0,DETUMBLING
2815.422,3,FAIL,0,0,NO_ORIGIN,0,0,1,1,1,1,0,0.0,,,,,0.0,1591,1524,,0,0,DETUMBLING
2815.472,3,FAIL,0,0,NO_ORIGIN,0,0,1,1,1,1,0,0.0,,,,,0.0,1591,1524,,0,0,DETUMBLING
2815.523,3,FAIL,0,0,NO_ORIGIN,0,0,1,1,1,1,0,0.0,,,,,0.0,1591,1524,,0,0,DETUMBLING
2815.573,3,FAIL,0,0,NO_ORIGIN,0,0,1,1,1,1,0,0.0,,,,,0.0,1591,1524,,0,0,DETUMBLING
2815.623,3,FAIL,0,0,NO_ORIGIN,0,0,1,1,1,1,0,0.0,,,,,0.0,1591,1524,,0,0,DETUMBLING
2815.673,3,DETUMBLING,0,0,DETUMBLING,0,0,1,1,1,1,0,0.0,,,,,0.0,1591,1524,,0,0,DETUMBLING
2815.723,3,DETUMBLING,0,0,DETUMBLING,0,0,1,1,1,1,0,0.0,,,,,0.0,1591,1524,,0,0,DETUMBLING
2815.773,3,DETUMBLING,0,0,DETUMBLING,0,0,1,1,1,1,0,0.0,,,,,0.0,1591,1524,,0,0,DETUMBLING
2815.823,3,DETUMBLING,0,0,DETUMBLING,0,0,1,1,1,1,0,0.0,,,,,0.0,1591,1524,,0,0,DETUMBLING
2815.873,3,DETUMBLING,0,0,DETUMBLING,0,0,1,1,1,1,0,0.0,,,,,0.0,1591,1524,,0,0,DETUMBLING
2815.924,3,DETUMBLING,0,0,DETUMBLING,0,0,1,1,1,1,0,0.0,,,,,0.0,1591,1524,,0,0,DETUMBLING
2815.974,3,DETUMBLING,0,0,DETUMBLING,0,0,1,1,1,1,0,0.0,,,,,0.0,1591,1524,,0,0,DETUMBLING
2816.024,3,DETUMBLING,0,0,DETUMBLING,0,0,1,1,1,1,0,0.0,,,,,0.0,1591,1524,,0,0,DETUMBLING
2816.074,3,DETUMBLING,0,0,DETUMBLING,0,0,1,1,1,1,0,0.0,,,,,0.0,1591,1524,,0,0,DETUMBLING
2816.124,3,DETUMBLING,0,0,DETUMBLING,0,0,1,1,1,1,0,0.0,,,,,0.0,1591,1524,,0,0,DETUMBLING
2816.174,3,FAIL,0,0,NO_ORIGIN,0,0,1,1,1,1,0,0.0,,,,,0.0,1591,1524,,0,0,DETUMBLING
2816.224,3,FAIL,0,0,NO_ORIGIN,0,0,1,1,1,1,0,0.0,,,,,0.0,1591,1524,,0,0,DETUMBLING
2816.274,3,FAIL,0,0,NO_ORIGIN,0,0,1,1,1,1,0,0.0,,,,,0.0,1591,1524,,0,0,DETUMBLING
2816.325,3,FAIL,0,0,NO_ORIGIN,0,0,1,1,1,1,0,0.0,,,,,0.0,1591,1524,,0,0,DETUMBLING
2816.375,3,FAIL,0,0,NO_ORIGIN,0,0,1,1,1,1,0,0.0,,,,,0.0,1591,1524,,0,0,DETUMBLING
2816.425,3,FAIL,0,0,NO_ORIGIN,0,0,1,1,1,1,0,0.0,,,,,0.0,1591,1524,,0,0,DETUMBLING
2816.475,3,FAIL,0,0,NO_ORIGIN,0,0,1,1,1,1,0,0.0,,,,,0.0,1591,1524,,0,0,DETUMBLING
2816.525,3,FAIL,0,0,NO_ORIGIN,0,0,1,1,1,1,0,0.0,,,,,0.0,1591,1524,,0,0,DETUMBLING
2816.575,3,FAIL,0,0,NO_ORIGIN,0,0,1,1,1,1,0,0.0,,,,,0.0,1591,1524,,0,0,DETUMBLING
2816.625,3,FAIL,0,0,NO_ORIGIN,0,0,1,1,1,1,0,0.0,,,,,0.0,1591,1524,,0,0,DETUMBLING
2816.675,3,FAIL,0,0,NO_ORIGIN,0,0,1,1,1,1,0,0.0,,,,,0.0,1591,1524,,0,0,DETUMBLING
2816.726,3,FAIL,0,0,NO_ORIGIN,0,0,1,1,1,1,0,0.0,,,,,0.0,1591,1524,,0,0,DETUMBLING
2816.776,3,FAIL,0,0,NO_ORIGIN,0,0,1,1,1,1,0,0.0,,,,,0.0,1591,1524,,0,0,DETUMBLING
2816.826,3,FAIL,0,0,NO_ORIGIN,0,0,1,1,1,1,0,0.0,,,,,0.0,1591,1524,,0,0,DETUMBLING
2816.876,3,FAIL,0,0,NO_ORIGIN,0,0,1,1,1,1,0,0.0,,,,,0.0,1591,1524,,0,0,DETUMBLING
2816.926,3,FAIL,0,0,NO_ORIGIN,0,0,1,1,1,1,0,0.0,,,,,0.0,1591,1524,,0,0,DETUMBLING
2816.976,3,FAIL,0,0,NO_ORIGIN,0,0,1,1,1,1,0,0.0,,,,,0.0,1591,1524,,0,0,DETUMBLING
2817.026,3,FAIL,0,0,NO_ORIGIN,0,0,1,1,1,1,0,0.0,,,,,0.0,1591,1524,,0,0,DETUMBLING
2817.076,3,FAIL,0,0,NO_ORIGIN,0,0,1,1,1,1,0,0.0,,,,,0.0,1591,1524,,0,0,DETUMBLING
2817.126,3,FAIL,0,0,NO_ORIGIN,0,0,1,1,1,1,0,0.0,,,,,0.0,1591,1524,,0,0,DETUMBLING
2817.177,3,FAIL,0,0,NO_ORIGIN,0,0,1,1,1,1,0,0.0,,,,,0.0,1591,1524,,0,0,DETUMBLING
2817.227,3,FAIL,0,0,NO_ORIGIN,0,0,1,1,1,1,0,0.0,,,,,0.0,1591,1524,,0,0,DETUMBLING
2817.277,3,FAIL,0,0,NO_ORIGIN,0,0,1,1,1,1,0,0.0,,,,,0.0,1591,1524,,0,0,DETUMBLING
2817.327,3,FAIL,0,0,NO_ORIGIN,0,0,1,1,1,1,0,0.0,,,,,0.0,1591,1524,,0,0,DETUMBLING
2817.377,3,FAIL,0,0,NO_ORIGIN,0,0,1,1,1,1,0,0.0,,,,,0.0,1591,1524,,0,0,DETUMBLING
2817.427,3,FAIL,0,0,NO_ORIGIN,0,0,1,1,1,1,0,0.0,,,,,0.0,1591,1524,,0,0,DETUMBLING
2817.477,3,DETUMBLING,0,0,DETUMBLING,0,0,1,1,1,1,0,0.0,,,,,0.0,1591,1524,,0,0,DETUMBLING
2817.527,3,DETUMBLING,0,0,DETUMBLING,0,0,1,1,1,1,0,0.0,,,,,0.0,1591,1524,,0,0,DETUMBLING
2817.578,3,DETUMBLING,0,0,DETUMBLING,0,0,1,1,1,1,0,0.0,,,,,0.0,1591,1524,,0,0,DETUMBLING
2817.628,3,DETUMBLING,0,0,DETUMBLING,0,0,1,1,1,1,0,0.0,,,,,0.0,1591,1524,,0,0,DETUMBLING
2817.678,3,FAIL,0,0,NO_ORIGIN,0,0,1,1,1,1,0,0.0,,,,,0.0,1591,1524,,0,0,DETUMBLING
2817.728,3,FAIL,0,0,NO_ORIGIN,0,0,1,1,1,1,0,0.0,,,,,0.0,1591,1524,,0,0,DETUMBLING
2817.778,3,FAIL,0,0,NO_ORIGIN,0,0,1,1,1,1,0,0.0,,,,,0.0,1591,1524,,0,0,DETUMBLING
2817.828,3,FAIL,0,0,NO_ORIGIN,0,0,1,1,1,1,0,0.0,,,,,0.0,1591,1524,,0,0,DETUMBLING
2817.878,3,FAIL,0,0,NO_ORIGIN,0,0,1,1,1,1,0,0.0,,,,,0.0,1591,1524,,0,0,DETUMBLING
2817.928,3,DETUMBLING,0,0,DETUMBLING,0,0,1,1,1,1,0,0.0,,,,,0.0,1591,1524,,0,0,DETUMBLING
2817.979,3,DETUMBLING,0,0,DETUMBLING,0,0,1,1,1,1,0,0.0,,,,,0.0,1591,1524,,0,0,DETUMBLING
2818.029,3,FAIL,0,0,NO_ORIGIN,0,0,1,1,1,1,0,0.0,,,,,0.0,1591,1524,,0,0,DETUMBLING
2818.079,3,FAIL,0,0,NO_ORIGIN,0,0,1,1,1,1,0,0.0,,,,,0.0,1591,1524,,0,0,DETUMBLING
2818.129,3,FAIL,0,0,NO_ORIGIN,0,0,1,1,1,1,0,0.0,,,,,0.0,1591,1524,,0,0,DETUMBLING
2818.179,3,FAIL,0,0,NO_ORIGIN,0,0,1,1,1,1,0,0.0,,,,,0.0,1591,1524,,0,0,DETUMBLING
2818.229,3,FAIL,0,0,NO_ORIGIN,0,0,1,1,1,1,0,0.0,,,,,0.0,1591,1524,,0,0,DETUMBLING
2818.279,3,FAIL,0,0,NO_ORIGIN,0,0,1,1,1,1,0,0.0,,,,,0.0,1591,1524,,0,0,DETUMBLING
2818.329,3,FAIL,0,0,NO_ORIGIN,0,0,1,1,1,1,0,0.0,,,,,0.0,1591,1524,,0,0,DETUMBLING
2818.379,3,FAIL,0,0,NO_ORIGIN,0,0,1,1,1,1,0,0.0,,,,,0.0,1591,1524,,0,0,DETUMBLING
2818.43,3,FAIL,0,0,NO_ORIGIN,0,0,1,1,1,1,0,0.0,,,,,0.0,1591,1524,,0,0,DETUMBLING
2818.48,3,FAIL,0,0,NO_ORIGIN,0,0,1,1,1,1,0,0.0,,,,,0.0,1591,1524,,0,0,DETUMBLING
2818.53,3,FAIL,0,0,NO_ORIGIN,0,0,1,1,1,1,0,0.0,,,,,0.0,1591,1524,,0,0,DETUMBLING
2818.58,3,DETUMBLING,0,0,DETUMBLING,1,0,1,1,1,1,0,0.0,,,,,0.0,1591,1524,LATE_GPS,0,0,DETUMBLING
2818.63,3,DETUMBLING,0,0,DETUMBLING,1,0,1,1,1,1,0,0.0,,,,,0.0,1591,1524,LATE_GPS,0,0,DETUMBLING
2818.68,3,DETUMBLING,0,0,DETUMBLING,1,0,1,1,1,1,0,0.0,,,,,0.0,1591,1524,LATE_GPS,0,0,DETUMBLING
2818.73,3,DETUMBLING,0,0,DETUMBLING,1,0,1,1,1,1,0,0.0,,,,,0.0,1591,1524,LATE_GPS,0,0,DETUMBLING
2818.781,3,DETUMBLING,0,0,DETUMBLING,1,0,1,1,1,1,0,0.0,,,,,0.0,1591,1524,LATE_GPS,0,0,DETUMBLING
2818.831,3,DETUMBLING,0,0,DETUMBLING,1,0,1,1,1,1,0,0.0,,,,,0.0,1591,1524,LATE_GPS,0,0,DETUMBLING
2818.881,3,DR_M_GBA_CLOSED,1,1,OK,1,0,1,1,1,1,1,1.0,0.0,0.0,5.849,128.37,-50.0,1524,1458,LATE_GPS,0,0,DETUMBLING
2818.931,3,DR_M_GBA_CLOSED,1,1,OK,1,0,1,1,1,1,1,1.0,0.0,0.0,5.087,128.36,-48.582,1491,1424,LATE_GPS,0,0,DETUMBLING
2818.981,3,DR_M_GBA_CLOSED,1,1,OK,1,0,1,1,1,1,1,1.0,0.0,0.0,5.086,135.74,-48.565,1457,1391,LATE_GPS,0,0,DETUMBLING
2819.031,3,DR_M_GBA_CLOSED,1,1,OK,1,0,1,1,1,1,1,1.0,0.0,0.0,3.56,133.95,-33.996,1424,1357,LATE_GPS,0,0,DETUMBLING
2819.082,3,DR_M_GBA_CLOSED,1,1,OK,1,0,1,1,1,1,1,1.0,0.0,0.0,3.56,114.08,-33.996,1395,1328,LATE_GPS,0,0,DETUMBLING
2819.132,3,DR_M_GBA_CLOSED,1,1,OK,1,0,1,1,1,1,1,1.0,0.0,0.0,3.56,119.87,-33.996,1361,1295,LATE_GPS,0,0,DETUMBLING
2819.182,3,DR_M_GBA_CLOSED,1,1,OK,1,0,1,1,1,1,1,1.0,0.0,0.0,3.56,144.15,-33.996,1328,1262,LATE_GPS,0,0,DETUMBLING
2819.232,3,DETUMBLING,0,0,DETUMBLING,1,0,1,1,1,1,1,1.0,0.0,0.0,3.56,144.15,0.0,1591,1524,LATE_GPS,0,0,DETUMBLING
2819.282,3,DETUMBLING,0,0,DETUMBLING,1,0,1,1,1,1,1,1.0,0.0,0.0,3.56,144.15,0.0,1591,1524,LATE_GPS,0,0,DETUMBLING
2819.332,3,DETUMBLING,0,0,DETUMBLING,1,0,1,1,1,1,1,1.0,0.0,0.0,3.56,144.15,0.0,1591,1524,LATE_GPS,0,0,DETUMBLING
2819.382,3,DR_M_GBA_CLOSED,1,1,OK,1,0,1,1,1,1,1,1.0,0.0,0.0,3.003,136.48,-28.68,1283,1217,LATE_GPS,0,0,DETUMBLING
2819.432,3,DR_M_GBA_CLOSED,1,1,OK,1,0,1,1,1,1,1,1.0,0.0,0.0,5.192,140.33,-49.577,1250,1184,LATE_GPS,0,0,DETUMBLING
2819.483,3,DR_M_GBA_CLOSED,1,1,OK,1,0,1,1,1,1,1,1.0,0.0,0.0,5.194,150.17,-49.599,1217,1150,LATE_GPS,0,0,DETUMBLING
2819.533,3,DR_M_GBA_CLOSED,1,1,OK,1,0,1,1,1,1,1,1.0,0.0,0.0,5.691,155.4,-50.0,1183,1117,LATE_GPS,0,0,DETUMBLING
2819.583,3,DR_M_GBA_CLOSED,1,1,OK,1,0,1,1,1,1,1,1.0,0.0,0.0,5.691,154.33,-50.0,1150,1083,LATE_GPS,0,0,DETUMBLING
2819.633,3,DR_M_GBA_CLOSED,1,1,OK,1,0,1,1,1,1,1,1.0,0.0,0.0,6.591,151.42,-50.0,1116,1050,LATE_GPS,0,0,DETUMBLING
2819.683,3,DR_M_GBA_CLOSED,1,1,OK,1,0,1,1,1,1,1,1.0,0.0,0.0,6.597,139.83,-50.0,1115,1049,LATE_GPS,0,0,DETUMBLING
2819.733,3,DR_M_GBA_CLOSED,1,1,OK,1,0,1,1,1,1,1,1.0,0.0,0.0,6.601,133.46,-50.0,1115,1049,LATE_GPS,0,0,DETUMBLING
2819.783,3,DR_M_GBA_CLOSED,1,1,OK,1,0,1,1,1,1,1,1.0,0.0,0.0,6.602,127.26,-50.0,1115,1049,LATE_GPS,0,0,DETUMBLING
2819.833,3,DR_M_GBA_CLOSED,1,1,OK,1,0,1,1,1,1,1,1.0,0.0,0.0,5.699,121.88,-50.0,1115,1049,LATE_GPS,0,0,DETUMBLING
2819.884,3,DR_M_GBA_CLOSED,1,1,OK,1,0,1,1,1,1,1,1.0,0.0,0.0,5.692,130.33,-50.0,1115,1049,LATE_GPS,0,0,DETUMBLING
2819.934,3,DR_M_GBA_CLOSED,1,1,OK,1,0,1,1,1,1,1,1.0,0.0,0.0,4.484,139.68,-42.822,1148,1082,LATE_GPS,0,0,DETUMBLING
2819.984,3,DR_M_GBA_CLOSED,1,1,OK,1,0,1,1,1,1,1,1.0,0.0,0.0,4.484,148.85,-42.822,1182,1115,LATE_GPS,0,0,DETUMBLING
2820.034,3,DR_M_GBA_CLOSED,1,1,OK,1,0,1,1,1,1,1,1.0,0.0,0.0,3.139,130.68,-29.975,1215,1149,LATE_GPS,0,0,DETUMBLING
2820.084,3,DR_M_GBA_CLOSED,1,1,OK,1,0,1,1,1,1,1,1.0,0.0,0.0,3.139,130.03,-29.975,1248,1182,LATE_GPS,0,0,DETUMBLING
2820.134,3,DR_M_GBA_CLOSED,1,1,OK,1,0,1,1,1,1,1,1.0,0.0,0.0,2.731,144.63,-26.079,1282,1216,LATE_GPS,0,0,DETUMBLING
2820.184,3,DR_M_GBA_CLOSED,1,1,OK,1,0,1,1,1,1,1,1.0,0.0,0.0,2.726,134.76,-26.027,1315,1249,LATE_GPS,0,0,DETUMBLING
2820.234,3,DR_M_GBA_CLOSED,1,1,OK,1,0,1,1,1,1,1,1.0,0.0,0.0,3.436,120.85,-32.813,1282,1216,LATE_GPS,0,0,DETUMBLING
2820.284,3,DR_M_YBA_OPEN,1,1,OK,1,0,1,1,1,1,1,1.0,0.0,0.0,3.436,103.4,-25.0,1315,1249,LATE_GPS,0,0,DETUMBLING
2820.335,3,DR_M_YBA_OPEN,1,1,OK,1,0,1,1,1,1,1,1.0,0.0,0.0,3.436,103.4,-25.0,1349,1282,LATE_GPS,0,0,DETUMBLING
2820.385,3,DR_M_YBA_OPEN,1,1,OK,1,0,1,1,1,1,1,1.0,0.0,0.0,3.436,142.67,-25.0,1382,1316,LATE_GPS,0,0,DETUMBLING
2820.435,3,DR_M_YBA_OPEN,1,1,OK,1,0,1,1,1,1,1,1.0,0.0,0.0,5.513,163.3,-25.0,1415,1349,LATE_GPS,0,0,DETUMBLING
2820.485,3,DR_M_YBA_OPEN,1,1,OK,1,0,1,1,1,1,1,1.0,0.0,0.0,5.513,174.06,25.0,1449,1383,LATE_GPS,0,0,DETUMBLING
2820.535,3,DR_M_YBA_OPEN,1,1,OK,1,0,1,1,1,1,1,1.0,0.0,0.0,4.97,175.53,25.0,1482,1416,LATE_GPS,0,0,DETUMBLING
2820.585,3,DR_M_YBA_OPEN,1,1,OK,1,0,1,1,1,1,1,1.0,0.0,0.0,4.97,158.49,-25.0,1449,1383,LATE_GPS,0,0,DETUMBLING
2820.635,3,DR_M_YBA_OPEN,1,1,OK,1,0,1,1,1,1,1,1.0,0.0,0.0,4.563,145.89,-25.0,1426,1360,LATE_GPS,0,0,DETUMBLING
2820.685,3,DR_M_GBA_CLOSED,1,1,OK,1,0,1,1,1,1,1,1.0,0.0,0.0,4.563,134.93,-43.574,1393,1326,LATE_GPS,0,0,DETUMBLING
2820.735,4,DR_M_GBA_CLOSED,1,1,OK,1,0,1,1,1,1,1,1.0,0.0,0.0,4.27,133.67,-40.78,1359,1293,LATE_GPS,0,0,DETUMBLING
2820.786,4,DR_M_GBA_CLOSED,1,1,OK,1,0,1,1,1,1,1,1.0,0.0,0.0,4.27,133.23,-40.78,1326,1260,LATE_GPS,0,0,DETUMBLING
2820.836,4,DR_M_GBA_CLOSED,1,1,OK,1,0,1,1,1,1,1,1.0,0.0,0.0,2.993,138.94,-28.584,1325,1259,LATE_GPS,0,0,DETUMBLING
2820.886,4,DR_M_GBA_CLOSED,1,1,OK,1,0,1,1,1,1,1,1.0,0.0,0.0,2.989,144.6,-28.546,1325,1259,LATE_GPS,0,0,DETUMBLING
2820.936,4,DR_M_GBA_CLOSED,1,1,OK,1,0,1,1,1,1,1,1.0,0.0,0.0,2.989,152.56,-28.546,1325,1259,LATE_GPS,0,0,DETUMBLING
2820.986,4,DR_M_GBA_CLOSED,1,1,OK,1,0,1,1,1,1,1,1.0,0.0,0.0,2.989,135.75,-28.546,1359,1293,LATE_GPS,0,0,DETUMBLING
2821.036,4,DR_M_GBA_CLOSED,1,1,OK,1,0,1,1,1,1,1,1.0,0.0,0.0,3.054,136.83,-29.162,1325,1259,LATE_GPS,0,0,DETUMBLING
2821.086,4,DR_M_GBA_CLOSED,1,1,OK,1,0,1,1,1,1,1,1.0,0.0,0.0,3.054,137.9,-29.162,1319,1253,LATE_GPS,0,0,DETUMBLING
2821.136,4,DR_M_GBA_CLOSED,1,1,OK,1,0,1,1,1,1,1,1.0,0.0,0.0,3.714,157.15,-35.466,1285,1219,LATE_GPS,0,0,DETUMBLING
2821.187,4,DR_M_GBA_CLOSED,1,1,OK,1,0,1,1,1,1,1,1.0,0.0,0.0,3.718,154.37,-35.506,1252,1186,LATE_GPS,0,0,DETUMBLING
2821.237,4,DR_M_GBA_CLOSED,1,1,OK,1,0,1,1,1,1,1,1.0,0.0,0.0,2.603,148.42,-24.855,1265,1199,LATE_GPS,0,0,DETUMBLING
2821.287,4,DR_M_GBA_CLOSED,1,1,OK,1,0,1,1,1,1,1,1.0,0.0,0.0,2.603,151.07,-24.855,1270,1204,LATE_GPS,0,0,DETUMBLING
2821.337,4,DR_M_GBA_CLOSED,1,1,OK,1,0,1,1,1,1,1,1.0,0.0,0.0,1.855,151.33,-17.711,1303,1237,LATE_GPS,0,0,DETUMBLING
2821.387,4,DETUMBLING,0,0,DETUMBLING,1,0,1,1,1,1,1,1.0,0.0,0.0,1.855,151.33,0.0,1591,1524,LATE_GPS,0,0,DETUMBLING
2821.437,4,DETUMBLING,0,0,DETUMBLING,1,0,1,1,1,1,1,1.0,0.0,0.0,1.855,151.33,0.0,1591,1524,LATE_GPS,0,0,DETUMBLING
2821.487,4,DR_M_GBA_CLOSED,1,1,OK,1,0,1,1,1,1,1,1.0,0.0,0.0,5.405,155.65,-50.0,1236,1170,LATE_GPS,0,0,DETUMBLING
2821.537,4,DR_M_GBA_CLOSED,1,1,OK,1,0,1,1,1,1,1,1.0,0.0,0.0,5.405,129.52,-50.0,1236,1170,LATE_GPS,0,0,DETUMBLING
2821.587,4,DR_M_GBA_CLOSED,1,1,OK,1,0,1,1,1,1,1,1.0,0.0,0.0,5.405,141.3,-50.0,1236,1170,LATE_GPS,0,0,DETUMBLING
2821.637,4,DR_M_GBA_CLOSED,1,1,OK,1,0,1,1,1,1,1,1.0,0.0,0.0,6.996,136.04,-50.0,1202,1136,LATE_GPS,0,0,DETUMBLING
2821.688,4,DR_M_GBA_CLOSED,1,1,OK,1,0,1,1,1,1,1,1.0,0.0,0.0,7.0,132.99,-50.0,1169,1103,LATE_GPS,0,0,DETUMBLING
2821.738,4,DR_M_GBA_CLOSED,1,1,OK,1,0,1,1,1,1,1,1.0,0.0,0.0,6.776,133.34,-50.0,1136,1069,LATE_GPS,0,0,DETUMBLING
2821.788,4,DR_M_GBA_CLOSED,1,1,OK,1,0,1,1,1,1,1,1.0,0.0,0.0,6.776,141.53,-50.0,1102,1036,LATE_GPS,0,0,DETUMBLING
2821.839,4,DR_M_GBA_CLOSED,1,1,OK,1,0,1,1,1,1,1,1.0,0.0,0.0,4.743,150.41,-45.296,1068,1002,LATE_GPS,0,0,DETUMBLING
2821.89,4,DR_M_GBA_CLOSED,1,1,OK,1,0,1,1,1,1,1,1.0,0.0,0.0,4.743,158.13,-45.296,1034,968,LATE_GPS,0,0,DETUMBLING
2821.94,4,DR_M_GBA_CLOSED,1,1,OK,1,0,1,1,1,1,1,1.0,0.0,0.0,3.32,161.45,-31.706,1068,1002,LATE_GPS,0,0,DETUMBLING
2821.99,4,DR_M_GBA_CLOSED,1,1,OK,1,0,1,1,1,1,1,1.0,0.0,0.0,3.32,163.42,-31.706,1102,1035,LATE_GPS,0,0,DETUMBLING
2822.04,4,DR_M_GBA_CLOSED,1,1,OK,1,0,1,1,1,1,1,1.0,0.0,0.0,1.326,156.23,-12.662,1135,1069,LATE_GPS,0,0,DETUMBLING
2822.091,4,DR_M_GBA_CLOSED,1,1,OK,1,0,1,1,1,1,1,1.0,0.0,0.0,1.326,150.91,-12.662,1169,1102,LATE_GPS,0,0,DETUMBLING
2822.141,4,DR_M_GBA_CLOSED,1,1,OK,1,0,1,1,1,1,1,1.0,0.0,0.0,1.326,137.02,-12.662,1202,1136,LATE_GPS,0,0,DETUMBLING
2822.192,4,DETUMBLING,0,0,DETUMBLING,1,0,1,1,1,1,1,1.0,0.0,0.0,1.326,137.02,0.0,1591,1524,LATE_GPS,0,0,DETUMBLING
2822.242,4,DETUMBLING,0,0,DETUMBLING,1,0,1,1,1,1,1,1.0,0.0,0.0,1.326,137.02,0.0,1591,1524,LATE_GPS,0,0,DETUMBLING
2822.292,4,DETUMBLING,0,0,DETUMBLING,1,0,1,1,1,1,1,1.0,0.0,0.0,1.326,137.02,0.0,1591,1524,LATE_GPS,0,0,DETUMBLING
2822.343,4,DETUMBLING,0,0,DETUMBLING,1,0,1,1,1,1,1,1.0,0.0,0.0,1.326,137.02,0.0,1591,1524,LATE_GPS,0,0,DETUMBLING
2822.393,4,DETUMBLING,0,0,DETUMBLING,1,0,1,1,1,1,1,1.0,0.0,0.0,1.326,137.02,0.0,1591,1524,LATE_GPS,0,0,DETUMBLING
2822.443,4,DETUMBLING,0,0,DETUMBLING,1,0,1,1,1,1,1,1.0,0.0,0.0,1.326,137.02,0.0,1591,1524,LATE_GPS,0,0,DETUMBLING
2822.493,4,DR_M_GBA_CLOSED,1,1,OK,1,0,1,1,1,1,1,1.0,0.0,0.0,6.217,172.37,50.0,1336,1269,LATE_GPS,0,0,DETUMBLING
2822.544,4,DR_M_GBA_CLOSED,1,1,OK,1,0,1,1,1,1,1,1.0,0.0,0.0,6.97,175.97,50.0,1369,1303,LATE_GPS,0,0,DETUMBLING
2822.594,4,DR_M_GBA_CLOSED,1,1,OK,1,0,1,1,1,1,1,1.0,0.0,0.0,6.97,178.67,50.0,1402,1336,LATE_GPS,0,0,DETUMBLING
2822.644,4,DR_M_GBA_CLOSED,1,1,OK,1,0,1,1,1,1,1,1.0,0.0,0.0,5.405,167.59,-50.0,1369,1303,LATE_GPS,0,0,DETUMBLING
2822.694,4,DR_M_GBA_CLOSED,1,1,OK,1,0,1,1,1,1,1,1.0,0.0,0.0,5.405,165.49,-50.0,1336,1269,LATE_GPS,0,0,DETUMBLING
2822.744,4,DR_M_GBA_CLOSED,1,1,OK,1,0,1,1,1,1,1,1.0,0.0,0.0,5.401,-177.41,50.0,1369,1303,LATE_GPS,0,0,DETUMBLING
2822.794,4,DR_M_GBA_CLOSED,1,1,OK,1,0,1,1,1,1,1,1.0,0.0,0.0,5.41,179.81,50.0,1402,1336,LATE_GPS,0,0,DETUMBLING
2822.844,4,DR_M_GBA_CLOSED,1,1,OK,1,0,1,1,1,1,1,1.0,0.0,0.0,3.261,161.54,-31.141,1404,1338,LATE_GPS,0,0,DETUMBLING
2822.894,4,DR_M_YBA_OPEN,1,1,OK,1,0,1,1,1,1,1,1.0,0.0,0.0,3.261,155.58,-25.0,1426,1360,LATE_GPS,0,0,DETUMBLING
2822.945,4,DR_M_YBA_OPEN,1,1,OK,1,0,1,1,1,1,1,1.0,0.0,0.0,2.807,165.7,-25.0,1426,1360,LATE_GPS,0,0,DETUMBLING
2822.995,4,DR_M_YBA_OPEN,1,1,OK,1,0,1,1,1,1,1,1.0,0.0,0.0,2.807,164.64,-25.0,1426,1360,LATE_GPS,0,0,DETUMBLING
2823.045,4,DR_M_YBA_OPEN,1,1,OK,1,0,1,1,1,1,1,1.0,0.0,0.0,1.992,162.74,-19.021,1460,1393,LATE_GPS,0,0,DETUMBLING
2823.095,4,DR_M_GBA_CLOSED,1,1,OK,1,0,1,1,1,1,1,1.0,0.0,0.0,1.992,163.83,-19.021,1426,1360,LATE_GPS,0,0,DETUMBLING
2823.145,4,DR_M_GBA_CLOSED,1,1,OK,1,0,1,1,1,1,1,1.0,0.0,0.0,4.454,160.42,-42.534,1393,1326,LATE_GPS,0,0,DETUMBLING
2823.195,4,DR_M_GBA_CLOSED,1,1,OK,1,0,1,1,1,1,1,1.0,0.0,0.0,4.458,-173.97,42.573,1426,1360,LATE_GPS,0,0,DETUMBLING
2823.245,4,DR_M_GBA_CLOSED,1,1,OK,1,0,1,1,1,1,1,1.0,0.0,0.0,3.124,-170.52,29.83,1460,1393,LATE_GPS,0,0,DETUMBLING
2823.295,4,DR_M_GBA_CLOSED,1,1,OK,1,0,1,1,1,1,1,1.0,0.0,0.0,3.125,-167.06,29.844,1493,1427,LATE_GPS,0,0,DETUMBLING
2823.346,4,DR_M_GBA_CLOSED,1,1,OK,1,0,1,1,1,1,1,1.0,0.0,0.0,3.12,175.53,29.792,1526,1460,LATE_GPS,0,0,DETUMBLING
2823.396,4,DR_M_GBA_CLOSED,1,1,OK,1,0,1,1,1,1,1,1.0,0.0,0.0,3.12,175.4,29.792,1560,1494,LATE_GPS,0,0,DETUMBLING
2823.446,4,DR_M_GBA_CLOSED,1,1,OK,1,0,1,1,1,1,1,1.0,0.0,0.0,7.0,173.6,50.0,1593,1527,LATE_GPS,0,0,DETUMBLING
2823.496,4,DR_M_GBA_CLOSED,1,1,OK,1,0,1,1,1,1,1,1.0,0.0,0.0,7.0,167.12,-50.0,1560,1494,LATE_GPS,0,0,DETUMBLING
2823.546,4,DR_PM_GBA_CLOSED,1,1,OK,0,0,1,1,1,1,1,1.0,0.116,-0.313,6.665,159.76,-45.0,1526,1460,LATE_GPS,0,0,DETUMBLING
2823.596,4,DR_PM_GBA_CLOSED,1,1,OK,0,0,1,1,1,1,1,1.0,0.267,-0.611,6.665,153.01,-45.0,1493,1427,LATE_GPS,0,0,DETUMBLING
2823.646,4,DR_PM_GBA_CLOSED,1,1,OK,0,0,1,1,1,1,1,1.0,0.276,-0.873,5.221,178.13,45.0,1526,1460,LATE_GPS,0,0,DETUMBLING
2823.696,4,DR_PM_GBA_CLOSED,1,1,OK,0,0,1,1,1,1,1,1.0,0.258,-1.134,5.221,-176.03,45.0,1560,1494,LATE_GPS,0,0,DETUMBLING
2823.747,4,DR_PM_GBA_CLOSED,1,1,OK,0,0,1,1,1,1,1,1.0,0.226,-1.314,3.655,-170.2,34.899,1593,1527,LATE_GPS,0,0,DETUMBLING
2823.797,4,DR_PM_GBA_CLOSED,1,1,OK,0,0,1,1,1,1,1,1.0,0.23,-1.497,3.655,178.82,34.899,1627,1560,LATE_GPS,0,0,DETUMBLING
2823.847,4,DR_PM_GBA_CLOSED,1,1,OK,0,0,1,1,1,1,1,1.0,0.214,-1.755,5.154,-176.43,45.0,1660,1594,LATE_GPS,0,0,DETUMBLING
2823.897,4,DR_PM_GBA_CLOSED,1,1,OK,0,0,1,1,1,1,1,0.9997,0.19,-2.012,5.154,-174.75,45.0,1693,1627,LATE_GPS,0,0,DETUMBLING
2823.947,4,DR_PM_GBA_CLOSED,1,1,OK,0,0,1,1,1,1,1,0.9987,0.168,-2.27,5.154,-175.06,45.0,1727,1661,LATE_GPS,0,0,DETUMBLING
2823.997,4,DETUMBLING,0,0,DETUMBLING,0,0,1,1,1,1,1,0.9987,0.168,-2.27,5.154,-175.06,0.0,1591,1524,LATE_GPS,0,0,DETUMBLING
2824.047,4,DETUMBLING,0,0,DETUMBLING,0,0,1,1,1,1,1,0.9987,0.168,-2.27,5.154,-175.06,0.0,1591,1524,LATE_GPS,0,0,DETUMBLING
2824.097,4,DETUMBLING,0,0,DETUMBLING,0,0,1,1,1,1,1,0.9987,0.168,-2.27,5.154,-175.06,0.0,1591,1524,LATE_GPS,0,0,DETUMBLING
2824.147,4,DR_PM_YBA_OPEN,1,1,OK,0,0,1,1,1,1,1,0.9947,0.832,-3.023,5.007,138.63,-20.0,1594,1527,LATE_GPS,0,0,DETUMBLING
2824.198,4,DR_PM_YBA_OPEN,1,1,OK,0,0,1,1,1,1,1,0.9937,0.985,-3.222,5.007,142.36,-20.0,1560,1494,LATE_GPS,0,0,DETUMBLING
2824.248,4,DR_PM_YBA_OPEN,1,1,OK,0,0,1,1,1,1,1,0.9927,1.047,-3.412,3.997,161.96,-20.0,1527,1460,LATE_GPS,0,0,DETUMBLING
2824.298,4,DR_PM_YBA_OPEN,1,1,OK,0,0,1,1,1,1,1,0.9917,1.047,-3.613,3.997,-179.94,20.0,1560,1494,LATE_GPS,0,0,DETUMBLING
2824.348,4,DR_PM_YBA_OPEN,1,1,OK,0,0,1,1,1,1,1,0.9907,1.045,-3.753,2.798,-179.26,20.0,1594,1527,LATE_GPS,0,0,DETUMBLING
2824.398,4,DR_PM_YBA_OPEN,1,1,OK,0,0,1,1,1,1,1,0.9897,1.073,-3.89,2.798,168.48,-20.0,1560,1494,LATE_GPS,0,0,DETUMBLING
2824.448,4,DR_PM_YBA_OPEN,1,1,OK,0,0,1,1,1,1,1,0.9887,1.219,-4.19,6.657,154.01,-20.0,1527,1460,LATE_GPS,0,0,DETUMBLING
2824.498,4,DR_PM_YBA_OPEN,1,1,OK,0,0,1,1,1,1,1,0.9877,1.429,-4.45,6.657,141.0,-20.0,1498,1431,LATE_GPS,0,0,DETUMBLING
2824.548,4,DR_PM_YBA_OPEN,1,1,OK,0,0,1,1,1,1,1,0.9867,1.673,-4.677,6.657,133.0,-20.0,1498,1431,LATE_GPS,0,0,DETUMBLING
2824.599,4,DR_PM_GBA_CLOSED,1,1,OK,0,0,1,1,1,1,1,0.9857,1.567,-4.993,6.657,-161.36,45.0,1531,1465,LATE_GPS,0,0,DETUMBLING
2824.649,4,DR_PM_GBA_CLOSED,1,1,OK,0,0,1,1,1,1,1,0.9846,1.482,-5.266,5.707,-162.76,45.0,1564,1498,LATE_GPS,0,0,DETUMBLING
2824.699,4,DR_PM_GBA_CLOSED,1,1,OK,0,0,1,1,1,1,1,0.9836,1.404,-5.542,5.707,-164.16,45.0,1598,1532,LATE_GPS,0,0,DETUMBLING
2824.749,4,DR_PM_GBA_CLOSED,1,1,OK,0,0,1,1,1,1,1,0.9826,1.43,-5.743,4.047,172.54,37.972,1631,1565,LATE_GPS,0,0,DETUMBLING
2824.799,4,DR_PM_GBA_CLOSED,1,1,OK,0,0,1,1,1,1,1,0.9816,1.383,-5.94,4.047,-166.65,37.933,1665,1598,LATE_GPS,0,0,DETUMBLING
2824.849,4,DR_PM_GBA_CLOSED,1,1,OK,0,0,1,1,1,1,1,0.9806,1.343,-6.076,2.833,-163.61,26.527,1698,1632,LATE_GPS,0,0,DETUMBLING
2824.899,4,DR_PM_GBA_CLOSED,1,1,OK,0,0,1,1,1,1,1,0.9796,1.299,-6.211,2.833,-161.81,26.5,1718,1651,LATE_GPS,0,0,DETUMBLING
2824.949,4,DR_PM_GBA_CLOSED,1,1,OK,0,0,1,1,1,1,1,0.9786,1.251,-6.438,4.618,-168.05,43.152,1751,1685,LATE_GPS,0,0,DETUMBLING
2825.0,4,DR_PM_GBA_CLOSED,1,1,OK,0,0,1,1,1,1,1,0.9776,1.162,-6.651,4.618,-157.38,43.108,1784,1718,LATE_GPS,0,0,DETUMBLING
2825.05,4,DR_PM_GBA_CLOSED,1,1,OK,0,0,1,1,1,1,1,0.9766,1.085,-6.821,3.727,-155.74,34.759,1782,1716,LATE_GPS,0,0,DETUMBLING
2825.1,4,DR_PM_GBA_CLOSED,1,1,OK,0,0,1,1,1,1,1,0.9756,1.003,-6.989,3.728,-154.1,34.732,1782,1716,LATE_GPS,0,0,DETUMBLING
2825.15,4,DR_PM_GBA_CLOSED,1,1,OK,0,0,1,1,1,1,1,0.9746,0.916,-7.155,3.731,-152.46,34.726,1782,1716,LATE_GPS,0,0,DETUMBLING
2825.2,4,DR_PM_GBA_CLOSED,1,1,OK,0,0,1,1,1,1,1,0.9736,0.825,-7.318,3.731,-150.83,34.69,1782,1715,LATE_GPS,0,0,DETUMBLING
2825.25,4,DR_PM_GBA_CLOSED,1,1,OK,0,0,1,1,1,1,1,0.9726,0.755,-7.459,3.132,-153.4,29.091,1815,1749,LATE_GPS,0,0,DETUMBLING
2825.3,4,DR_PM_GBA_CLOSED,1,1,OK,0,0,1,1,1,1,1,0.9716,0.691,-7.602,3.132,-156.08,29.061,1823,1757,LATE_GPS,0,0,DETUMBLING
2825.35,4,DR_PM_GBA_CLOSED,1,1,OK,0,0,1,1,1,1,1,0.9706,0.587,-7.871,5.744,-158.75,45.0,1857,1791,LATE_GPS,0,0,DETUMBLING
2825.401,4,DR_PM_GBA_CLOSED,1,1,OK,0,0,1,1,1,1,1,0.9696,0.495,-8.144,5.744,-161.43,45.0,1890,1824,LATE_GPS,0,0,DETUMBLING
2825.451,4,DR_PM_GBA_CLOSED,1,1,OK,0,0,1,1,1,1,1,0.9686,0.44,-8.339,4.046,-164.1,37.428,1894,1827,LATE_GPS,0,0,DETUMBLING
2825.501,4,DR_PM_GBA_CLOSED,1,1,OK,0,0,1,1,1,1,1,0.9676,0.393,-8.536,4.046,-166.78,37.389,1893,1827,LATE_GPS,0,0,DETUMBLING
2825.551,4,DR_PM_GBA_CLOSED,1,1,OK,0,0,1,1,1,1,1,0.9666,0.348,-8.778,4.912,-169.45,45.0,1927,1860,LATE_GPS,0,0,DETUMBLING
2825.601,4,DR_PM_GBA_CLOSED,1,1,OK,0,0,1,1,1,1,1,0.9656,0.315,-9.022,4.912,-172.13,45.0,1960,1894,LATE_GPS,0,0,DETUMBLING
2825.651,4,DR_PM_GBA_CLOSED,1,1,OK,0,0,1,1,1,1,1,0.9646,0.292,-9.271,4.985,-174.81,45.0,1963,1897,LATE_GPS,0,0,DETUMBLING
2825.701,4,DR_PM_GBA_CLOSED,1,1,OK,0,0,1,1,1,1,1,0.9636,0.368,-9.509,4.985,162.4,-45.0,1930,1864,LATE_GPS,0,0,DETUMBLING
2825.751,4,DR_PM_GBA_CLOSED,1,1,OK,0,0,1,1,1,1,1,0.9626,0.418,-9.754,4.982,168.33,-45.0,1896,1830,LATE_GPS,0,0,DETUMBLING
2825.802,4,DR_PM_GBA_CLOSED,1,1,OK,0,0,1,1,1,1,1,0.9616,0.476,-9.997,4.986,166.48,-45.0,1863,1797,LATE_GPS,0,0,DETUMBLING
2825.852,4,DR_PM_GBA_CLOSED,1,1,OK,0,0,1,1,1,1,1,0.9606,0.52,-10.166,3.489,165.52,-32.008,1830,1763,LATE_GPS,0,0,DETUMBLING
2825.902,4,DETUMBLING,0,0,DETUMBLING,0,0,1,1,1,1,1,0.9606,0.52,-10.166,3.489,165.52,0.0,1591,1524,LATE_GPS,0,0,DETUMBLING
2825.952,4,DETUMBLING,0,0,DETUMBLING,0,0,1,1,1,1,1,0.9606,0.52,-10.166,3.489,165.52,0.0,1591,1524,LATE_GPS,0,0,DETUMBLING
2826.002,4,DETUMBLING,0,0,DETUMBLING,0,0,1,1,1,1,1,0.9606,0.52,-10.166,3.489,165.52,0.0,1591,1524,LATE_GPS,0,0,DETUMBLING
2826.052,4,DETUMBLING,0,0,DETUMBLING,0,0,1,1,1,1,1,0.9606,0.52,-10.166,3.489,165.52,0.0,1591,1524,LATE_GPS,0,0,DETUMBLING
2826.102,4,DR_PM_GBA_CLOSED,1,1,OK,0,0,1,1,1,1,1,0.9556,1.015,-10.834,3.315,143.42,-30.253,1696,1630,LATE_GPS,0,0,DETUMBLING
2826.152,4,DR_PM_GBA_CLOSED,1,1,OK,0,0,1,1,1,1,1,0.9546,1.141,-11.012,4.366,144.75,-39.795,1663,1597,LATE_GPS,0,0,DETUMBLING
2826.203,4,DR_PM_GBA_CLOSED,1,1,OK,0,0,1,1,1,1,1,0.9536,1.269,-11.19,4.366,144.39,-39.754,1629,1563,LATE_GPS,0,0,DETUMBLING
2826.253,4,DR_PM_GBA_CLOSED,1,1,OK,0,0,1,1,1,1,1,0.9526,1.361,-11.312,3.056,142.89,-27.799,1596,1530,LATE_GPS,0,0,DETUMBLING
2826.303,4,DR_PM_GBA_CLOSED,1,1,OK,0,0,1,1,1,1,1,0.9516,1.453,-11.436,3.064,143.46,-27.84,1563,1496,LATE_GPS,0,0,DETUMBLING
2826.353,4,DETUMBLING,0,0,DETUMBLING,0,0,1,1,1,1,1,0.9516,1.453,-11.436,3.064,143.46,0.0,1591,1524,LATE_GPS,0,0,DETUMBLING
2826.403,4,DETUMBLING,0,0,DETUMBLING,0,0,1,1,1,1,1,0.9516,1.453,-11.436,3.064,143.46,0.0,1591,1524,LATE_GPS,0,0,DETUMBLING
2826.453,4,DETUMBLING,0,0,DETUMBLING,0,0,1,1,1,1,1,0.9516,1.453,-11.436,3.064,143.46,0.0,1591,1524,LATE_GPS,0,0,DETUMBLING
2826.503,4,DETUMBLING,0,0,DETUMBLING,0,0,1,1,1,1,1,0.9516,1.453,-11.436,3.064,143.46,0.0,1591,1524,LATE_GPS,0,0,DETUMBLING
2826.553,4,DETUMBLING,0,0,DETUMBLING,0,0,1,1,1,1,1,0.9516,1.453,-11.436,3.064,143.46,0.0,1591,1524,LATE_GPS,0,0,DETUMBLING
2826.604,4,DETUMBLING,0,0,DETUMBLING,0,0,1,1,1,1,1,0.9516,1.453,-11.436,3.064,143.46,0.0,1591,1524,LATE_GPS,0,0,DETUMBLING
2826.654,4,DETUMBLING,0,0,DETUMBLING,0,0,1,1,1,1,1,0.9516,1.453,-11.436,3.064,143.46,0.0,1591,1524,LATE_GPS,0,0,DETUMBLING
2826.704,4,DETUMBLING,0,0,DETUMBLING,0,0,1,1,1,1,1,0.9516,1.453,-11.436,3.064,143.46,0.0,1591,1524,LATE_GPS,0,0,DETUMBLING
2826.754,4,DETUMBLING,0,0,DETUMBLING,0,0,1,1,1,1,1,0.9516,1.453,-11.436,3.064,143.46,0.0,1591,1524,LATE_GPS,0,0,DETUMBLING
2826.804,4,DETUMBLING,0,0,DETUMBLING,0,0,1,1,1,1,1,0.9516,1.453,-11.436,3.064,143.46,0.0,1591,1524,LATE_GPS,0,0,DETUMBLING
2826.854,4,DETUMBLING,0,0,DETUMBLING,0,0,1,1,1,1,1,0.9516,1.453,-11.436,3.064,143.46,0.0,1591,1524,LATE_GPS,0,0,DETUMBLING
2826.904,4,DR_PM_GBA_CLOSED,1,1,OK,0,0,1,1,1,1,1,0.9395,0.345,-14.193,5.944,-158.11,45.0,1696,1630,LATE_GPS,0,0,DETUMBLING
2826.954,4,DR_PM_GBA_CLOSED,1,1,OK,0,0,1,1,1,1,1,0.9385,0.209,-14.458,5.944,-152.82,45.0,1729,1663,LATE_GPS,0,0,DETUMBLING
2827.005,4,DR_PM_GBA_CLOSED,1,1,OK,0,0,1,1,1,1,1,0.9375,0.049,-14.71,5.944,-147.53,45.0,1763,1697,LATE_GPS,0,0,DETUMBLING
2827.055,4,DR_PM_GBA_CLOSED,1,1,OK,0,0,1,1,1,1,1,0.9365,-0.16,-14.979,6.795,-142.24,45.0,1796,1730,LATE_GPS,0,0,DETUMBLING
2827.105,4,DR_PM_GBA_CLOSED,1,1,OK,0,0,1,1,1,1,1,0.9355,-0.392,-15.228,6.795,-136.95,45.0,1804,1738,LATE_GPS,0,0,DETUMBLING
2827.155,4,DR_PM_GBA_CLOSED,1,1,OK,0,0,1,1,1,1,1,0.9345,-0.489,-15.47,5.206,-158.37,45.0,1838,1772,LATE_GPS,0,0,DETUMBLING
2827.205,4,DR_PM_GBA_CLOSED,1,1,OK,0,0,1,1,1,1,1,0.9335,-0.671,-15.657,5.206,-135.55,45.0,1871,1805,LATE_GPS,0,0,DETUMBLING
2827.255,4,DR_PM_GBA_CLOSED,1,1,OK,0,0,1,1,1,1,1,0.9325,-0.819,-15.803,4.146,-134.85,36.923,1838,1772,LATE_GPS,0,0,DETUMBLING
2827.305,4,DR_PM_GBA_CLOSED,1,1,OK,0,0,1,1,1,1,1,0.9315,-0.968,-15.948,4.146,-134.15,36.883,1821,1755,LATE_GPS,0,0,DETUMBLING
2827.355,4,DR_PM_GBA_CLOSED,1,1,OK,0,0,1,1,1,1,1,0.9305,-1.133,-16.104,4.531,-133.45,40.264,1852,1785,LATE_GPS,0,0,DETUMBLING
2827.405,4,DR_PM_GBA_CLOSED,1,1,OK,0,0,1,1,1,1,1,0.9295,-1.301,-16.257,4.531,-132.21,40.221,1841,1774,LATE_GPS,0,0,DETUMBLING
2827.456,4,DR_PM_GBA_CLOSED,1,1,OK,0,0,1,1,1,1,1,0.9285,-1.441,-16.379,3.714,-130.98,32.934,1807,1741,LATE_GPS,0,0,DETUMBLING
2827.506,4,DR_PM_GBA_CLOSED,1,1,OK,0,0,1,1,1,1,1,0.9275,-1.584,-16.498,3.722,-129.75,32.964,1777,1711,LATE_GPS,0,0,DETUMBLING
2827.556,4,DR_PM_GBA_CLOSED,1,1,OK,0,0,1,1,1,1,1,0.9265,-1.73,-16.614,3.722,-128.51,32.928,1777,1711,LATE_GPS,0,0,DETUMBLING
2827.606,4,DR_PM_GBA_CLOSED,1,1,OK,0,0,1,1,1,1,1,0.9255,-1.879,-16.728,3.724,-127.28,32.91,1777,1710,LATE_GPS,0,0,DETUMBLING
2827.656,4,DR_PM_GBA_CLOSED,1,1,OK,0,0,1,1,1,1,1,0.9245,-2.148,-16.924,6.645,-126.05,45.0,1810,1744,LATE_GPS,0,0,DETUMBLING
2827.706,4,DR_PM_GBA_CLOSED,1,1,OK,0,0,1,1,1,1,1,0.9235,-2.421,-17.114,6.645,-124.81,45.0,1844,1777,LATE_GPS,0,0,DETUMBLING
2827.756,4,DR_PM_GBA_CLOSED,1,1,OK,0,0,1,1,1,1,1,0.9225,-2.682,-17.287,6.243,-123.58,45.0,1877,1811,LATE_GPS,0,0,DETUMBLING
2827.806,4,DR_PM_YBA_OPEN,1,1,OK,0,0,1,1,1,1,1,0.9215,-2.458,-17.506,6.243,134.29,-20.0,1844,1777,LATE_GPS,0,0,DETUMBLING
2827.857,4,DR_PM_YBA_OPEN,1,1,OK,0,0,1,1,1,1,1,0.9205,-2.248,-17.633,4.915,121.26,-20.0,1810,1744,LATE_GPS,0,0,DETUMBLING
2827.907,4,DR_PM_GBA_CLOSED,1,1,OK,0,0,1,1,1,1,1,0.9195,-2.462,-17.755,4.915,-119.53,43.152,1812,1745,LATE_GPS,0,0,DETUMBLING
2827.957,4,DR_PM_YBA_OPEN,1,1,OK,0,0,1,1,1,1,1,0.9185,-2.314,-17.843,3.44,120.83,-20.0,1778,1712,LATE_GPS,0,0,DETUMBLING
2828.007,4,DETUMBLING,0,0,DETUMBLING,0,0,1,1,1,1,1,0.9185,-2.314,-17.843,3.44,120.83,0.0,1591,1524,LATE_GPS,0,0,DETUMBLING
2828.057,4,DETUMBLING,0,0,DETUMBLING,0,0,1,1,1,1,1,0.9185,-2.314,-17.843,3.44,120.83,0.0,1591,1524,LATE_GPS,0,0,DETUMBLING
2828.107,4,DR_PM_GBA_CLOSED,1,1,OK,0,0,1,1,1,1,1,0.9155,-2.682,-18.065,2.86,-121.09,24.999,1749,1683,LATE_GPS,0,0,DETUMBLING
2828.157,4,DR_PM_GBA_CLOSED,1,1,OK,0,0,1,1,1,1,1,0.9145,-2.804,-18.14,2.86,-121.61,24.971,1749,1683,LATE_GPS,0,0,DETUMBLING
2828.207,4,DR_PM_GBA_CLOSED,1,1,OK,0,0,1,1,1,1,1,0.9135,-2.926,-18.217,2.86,-122.13,24.944,1749,1683,LATE_GPS,0,0,DETUMBLING
2828.258,4,DR_PM_YBA_OPEN,1,1,OK,0,0,1,1,1,1,1,0.9125,-2.828,-18.245,2.026,106.2,-17.653,1716,1649,LATE_GPS,0,0,DETUMBLING
2828.308,4,DR_PM_YBA_OPEN,1,1,OK,0,0,1,1,1,1,1,0.9115,-2.729,-18.269,2.026,103.66,-17.634,1682,1616,LATE_GPS,0,0,DETUMBLING
2828.358,4,DR_PM_GBA_CLOSED,1,1,OK,0,0,1,1,1,1,1,0.9105,-2.9,-18.373,3.987,-121.39,34.667,1716,1649,LATE_GPS,0,0,DETUMBLING
2828.408,4,DR_PM_GBA_CLOSED,1,1,OK,0,0,1,1,1,1,1,0.9095,-3.072,-18.475,3.987,-120.64,34.629,1749,1683,LATE_GPS,0,0,DETUMBLING
2828.458,4,DR_PM_GBA_CLOSED,1,1,OK,0,0,1,1,1,1,1,0.9085,-3.209,-18.567,3.293,-123.95,28.569,1782,1716,LATE_GPS,0,0,DETUMBLING
2828.508,4,DR_PM_GBA_CLOSED,1,1,OK,0,0,1,1,1,1,1,0.9075,-3.34,-18.667,3.293,-127.26,28.537,1816,1750,LATE_GPS,0,0,DETUMBLING
2828.558,4,DR_PM_GBA_CLOSED,1,1,OK,0,0,1,1,1,1,1,0.9065,-3.526,-18.823,4.839,-129.96,41.887,1849,1783,LATE_GPS,0,0,DETUMBLING
2828.608,4,DR_PM_GBA_CLOSED,1,1,OK,0,0,1,1,1,1,1,0.9055,-3.723,-18.964,4.833,-125.56,41.786,1816,1750,LATE_GPS,0,0,DETUMBLING
2828.658,4,DR_PM_GBA_CLOSED,1,1,OK,0,0,1,1,1,1,1,0.9045,-3.916,-19.081,4.507,-121.16,38.924,1782,1716,LATE_GPS,0,0,DETUMBLING
2828.709,4,DR_PM_YBA_OPEN,1,1,OK,0,0,1,1,1,1,1,0.9035,-3.691,-19.101,4.507,95.08,-20.0,1749,1683,LATE_GPS,0,0,DETUMBLING
2828.759,4,DR_PM_YBA_OPEN,1,1,OK,0,0,1,1,1,1,1,0.9024,-3.466,-19.121,4.507,95.21,-20.0,1716,1649,LATE_GPS,0,0,DETUMBLING
2828.809,4,DR_PM_YBA_OPEN,1,1,OK,0,0,1,1,1,1,1,0.9014,-3.243,-19.156,4.507,99.01,-20.0,1682,1616,LATE_GPS,0,0,DETUMBLING
2828.859,4,DR_PM_YBA_OPEN,1,1,OK,0,0,1,1,1,1,1,0.9004,-2.912,-19.271,7.0,109.13,-20.0,1649,1582,LATE_GPS,0,0,DETUMBLING
2828.909,4,DR_PM_GBA_CLOSED,1,1,OK,0,0,1,1,1,1,1,0.8994,-3.221,-19.437,7.0,-118.15,45.0,1682,1616,LATE_GPS,0,0,DETUMBLING
2828.959,4,DR_PM_GBA_CLOSED,1,1,OK,0,0,1,1,1,1,1,0.8984,-3.47,-19.586,5.792,-120.98,45.0,1716,1649,LATE_GPS,0,0,DETUMBLING
2829.009,4,DR_PM_GBA_CLOSED,1,1,OK,0,0,1,1,1,1,1,0.8974,-3.711,-19.748,5.792,-123.81,45.0,1749,1683,LATE_GPS,0,0,DETUMBLING
2829.059,4,DR_PM_GBA_CLOSED,1,1,OK,0,0,1,1,1,1,1,0.8964,-3.876,-19.871,4.103,-126.64,35.125,1782,1716,LATE_GPS,0,0,DETUMBLING
2829.11,4,DR_PM_GBA_CLOSED,1,1,OK,0,0,1,1,1,1,1,0.8954,-4.035,-20.001,4.103,-129.48,35.086,1816,1750,LATE_GPS,0,0,DETUMBLING
2829.16,4,DR_PM_GBA_CLOSED,1,1,OK,0,0,1,1,1,1,1,0.8944,-4.233,-20.181,5.335,-132.31,45.0,1849,1783,LATE_GPS,0,0,DETUMBLING
2829.21,4,DR_PM_GBA_CLOSED,1,1,OK,0,0,1,1,1,1,1,0.8934,-4.421,-20.371,5.335,-135.14,45.0,1883,1816,LATE_GPS,0,0,DETUMBLING
2829.26,4,DR_PM_GBA_CLOSED,1,1,OK,0,0,1,1,1,1,1,0.8924,-4.656,-20.631,6.995,-137.97,45.0,1916,1850,LATE_GPS,0,0,DETUMBLING
2829.31,4,DR_PM_GBA_CLOSED,1,1,OK,0,0,1,1,1,1,1,0.8914,-4.878,-20.903,7.0,-140.8,45.0,1949,1883,LATE_GPS,0,0,DETUMBLING
2829.36,4,DR_PM_GBA_CLOSED,1,1,OK,0,0,1,1,1,1,1,0.8904,-5.086,-21.185,7.0,-143.63,45.0,1966,1900,LATE_GPS,0,0,DETUMBLING
2829.41,4,DR_PM_GBA_CLOSED,1,1,OK,0,0,1,1,1,1,1,0.8894,-5.283,-21.475,7.0,-145.73,45.0,1952,1885,LATE_GPS,0,0,DETUMBLING
2829.46,4,DR_PM_GBA_CLOSED,1,1,OK,0,0,1,1,1,1,1,0.8884,-5.472,-21.705,5.947,-140.69,45.0,1918,1852,LATE_GPS,0,0,DETUMBLING
2829.51,4,DR_PM_GBA_CLOSED,1,1,OK,0,0,1,1,1,1,1,0.8874,-5.681,-21.919,5.947,-135.65,45.0,1885,1819,LATE_GPS,0,0,DETUMBLING
2829.561,4,DR_PM_GBA_CLOSED,1,1,OK,0,0,1,1,1,1,1,0.8864,-5.88,-22.09,5.237,-130.61,44.326,1851,1785,LATE_GPS,0,0,DETUMBLING
2829.611,4,DR_PM_GBA_CLOSED,1,1,OK,0,0,1,1,1,1,1,0.8854,-6.093,-22.242,5.237,-125.58,44.276,1818,1752,LATE_GPS,0,0,DETUMBLING
2829.661,4,DR_PM_GBA_CLOSED,1,1,OK,0,0,1,1,1,1,1,0.8844,-6.315,-22.383,5.245,-122.5,44.295,1842,1776,LATE_GPS,0,0,DETUMBLING
2829.711,4,DR_PM_GBA_CLOSED,1,1,OK,0,0,1,1,1,1,1,0.8834,-6.544,-22.513,5.245,-119.42,44.245,1841,1775,LATE_GPS,0,0,DETUMBLING
2829.761,4,DR_PM_GBA_CLOSED,1,1,OK,0,0,1,1,1,1,1,0.8824,-6.73,-22.605,4.146,-116.34,34.935,1808,1742,LATE_GPS,0,0,DETUMBLING
2829.811,4,DR_PM_GBA_CLOSED,1,1,OK,0,0,1,1,1,1,1,0.8814,-6.921,-22.687,4.146,-113.26,34.895,1774,1708,LATE_GPS,0,0,DETUMBLING
2829.861,4,DR_PM_GBA_CLOSED,1,1,OK,0,0,1,1,1,1,1,0.8804,-7.25,-22.808,7.0,-110.19,45.0,1808,1742,LATE_GPS,0,0,DETUMBLING
2829.912,4,DR_PM_GBA_CLOSED,1,1,OK,0,0,1,1,1,1,1,0.8794,-7.587,-22.911,7.0,-107.09,45.0,1841,1775,LATE_GPS,0,0,DETUMBLING
2829.962,4,DR_PM_GBA_CLOSED,1,1,OK,0,0,1,1,1,1,1,0.8784,-7.928,-22.996,7.0,-104.01,45.0,1848,1782,LATE_GPS,0,0,DETUMBLING
2830.012,4,DR_PM_GBA_CLOSED,1,1,OK,0,0,1,1,1,1,1,0.8774,-8.273,-23.063,7.0,-100.93,45.0,1848,1782,LATE_GPS,0,0,DETUMBLING
2830.062,4,DR_PM_GBA_CLOSED,1,1,OK,0,0,1,1,1,1,1,0.8764,-8.609,-23.109,6.773,-97.85,45.0,1848,1782,LATE_GPS,0,0,DETUMBLING
2830.112,4,DR_PM_GBA_CLOSED,1,1,OK,0,0,1,1,1,1,1,0.8754,-8.948,-23.137,6.773,-94.77,45.0,1848,1782,LATE_GPS,0,0,DETUMBLING
2830.162,4,DR_PM_GBA_CLOSED,1,1,OK,0,0,1,1,1,1,1,0.8744,-9.258,-23.151,6.194,-92.57,45.0,1865,1799,LATE_GPS,0,0,DETUMBLING
2830.212,4,DR_PM_GBA_CLOSED,1,1,OK,0,0,1,1,1,1,1,0.8734,-9.568,-23.153,6.2,-90.38,45.0,1865,1799,LATE_GPS,0,0,DETUMBLING
2830.263,4,DR_PM_GBA_CLOSED,1,1,OK,0,0,1,1,1,1,1,0.8724,-9.816,-23.145,4.937,-88.19,40.52,1832,1765,LATE_GPS,0,0,DETUMBLING
2830.313,4,DR_PM_GBA_CLOSED,1,1,OK,0,0,1,1,1,1,1,0.8714,-10.063,-23.128,4.937,-85.99,40.181,1825,1758,LATE_GPS,0,0,DETUMBLING
2830.363,4,DR_PM_GBA_CLOSED,1,1,OK,0,0,1,1,1,1,1,0.8704,-10.309,-23.101,4.954,-83.8,39.927,1823,1756,LATE_GPS,0,0,DETUMBLING
2830.413,4,DR_PM_GBA_CLOSED,1,1,OK,0,0,1,1,1,1,1,0.8694,-10.556,-23.077,4.954,-84.36,39.984,1856,1790,LATE_GPS,0,0,DETUMBLING
2830.463,4,DR_PM_GBA_CLOSED,1,1,OK,0,0,1,1,1,1,1,0.8684,-10.906,-23.046,7.0,-84.91,45.0,1889,1823,LATE_GPS,0,0,DETUMBLING
2830.513,4,DR_PM_GBA_CLOSED,1,1,OK,0,0,1,1,1,1,1,0.8674,-11.256,-23.018,7.0,-85.47,45.0,1921,1855,LATE_GPS,0,0,DETUMBLING
2830.563,4,DR_PM_GBA_CLOSED,1,1,OK,0,0,1,1,1,1,1,0.8664,-11.606,-22.993,7.0,-86.02,45.0,1921,1855,LATE_GPS,0,0,DETUMBLING
2830.613,4,DR_PM_YBA_OPEN,1,1,OK,0,0,1,1,1,1,1,0.8654,-11.269,-23.093,7.0,106.46,-20.0,1888,1821,LATE_GPS,0,0,DETUMBLING
2830.664,4,DR_PM_YBA_OPEN,1,1,OK,0,0,1,1,1,1,1,0.8644,-10.996,-23.126,5.484,96.87,-20.0,1854,1788,LATE_GPS,0,0,DETUMBLING
2830.714,4,DR_PM_YBA_OPEN,1,1,OK,0,0,1,1,1,1,1,0.8633,-10.722,-23.101,5.484,84.85,-20.0,1821,1755,LATE_GPS,0,0,DETUMBLING
2830.764,4,DR_PM_GBA_CLOSED,1,1,OK,0,0,1,1,1,1,1,0.8623,-11.045,-23.077,6.45,-85.79,45.0,1854,1788,LATE_GPS,0,0,DETUMBLING
2830.814,4,DR_PM_GBA_CLOSED,1,1,OK,0,0,1,1,1,1,1,0.8613,-11.368,-23.072,6.45,-89.07,45.0,1888,1821,LATE_GPS,0,0,DETUMBLING
2830.864,4,DR_PM_GBA_CLOSED,1,1,OK,0,0,1,1,1,1,1,0.8603,-11.596,-23.081,4.538,-92.35,37.119,1903,1837,LATE_GPS,0,0,DETUMBLING
2830.914,4,DR_PM_GBA_CLOSED,1,1,OK,0,0,1,1,1,1,1,0.8593,-11.822,-23.104,4.538,-95.62,37.215,1904,1837,LATE_GPS,0,0,DETUMBLING
2830.964,4,DR_PM_GBA_CLOSED,1,1,OK,0,0,1,1,1,1,1,0.8583,-12.033,-23.114,4.222,-92.72,34.478,1870,1804,LATE_GPS,0,0,DETUMBLING
2831.014,4,DR_PM_GBA_CLOSED,1,1,OK,0,0,1,1,1,1,1,0.8573,-12.245,-23.104,4.222,-87.42,34.021,1837,1771,LATE_GPS,0,0,DETUMBLING
2831.065,4,DR_PM_YBA_OPEN,1,1,OK,0,0,1,1,1,1,1,0.8563,-12.047,-23.079,3.983,82.7,-20.0,1803,1737,LATE_GPS,0,0,DETUMBLING
2831.115,4,DR_PM_YBA_OPEN,1,1,OK,0,0,1,1,1,1,1,0.8553,-11.854,-23.029,3.983,75.45,-20.0,1770,1704,LATE_GPS,0,0,DETUMBLING
2831.165,4,DR_PM_YBA_OPEN,1,1,OK,0,0,1,1,1,1,1,0.8543,-11.664,-22.967,3.983,71.84,-20.0,1737,1670,LATE_GPS,0,0,DETUMBLING
2831.215,4,DR_PM_YBA_OPEN,1,1,OK,0,0,1,1,1,1,1,0.8533,-11.468,-22.927,3.983,78.51,-20.0,1703,1637,LATE_GPS,0,0,DETUMBLING
2831.265,4,DR_PM_GBA_CLOSED,1,1,OK,0,0,1,1,1,1,1,0.8523,-11.633,-22.923,3.28,-88.76,26.371,1737,1670,LATE_GPS,0,0,DETUMBLING
2831.315,4,DR_PM_GBA_CLOSED,1,1,OK,0,0,1,1,1,1,1,0.8513,-11.797,-22.924,3.288,-90.11,26.496,1770,1704,LATE_GPS,0,0,DETUMBLING
2831.365,4,DR_PM_GBA_CLOSED,1,1,OK,0,0,1,1,1,1,1,0.8503,-12.042,-22.93,4.877,-91.45,39.37,1803,1737,LATE_GPS,0,0,DETUMBLING
2831.415,4,DR_PM_GBA_CLOSED,1,1,OK,0,0,1,1,1,1,1,0.8493,-12.286,-22.942,4.877,-92.8,39.416,1837,1771,LATE_GPS,0,0,DETUMBLING
2831.466,4,DR_PM_GBA_CLOSED,1,1,OK,0,0,1,1,1,1,1,0.8483,-12.636,-22.967,7.0,-94.15,45.0,1870,1804,LATE_GPS,0,0,DETUMBLING
2831.516,4,DR_PM_GBA_CLOSED,1,1,OK,0,0,1,1,1,1,1,0.8473,-12.986,-22.988,7.0,-93.41,45.0,1895,1829,LATE_GPS,0,0,DETUMBLING
2831.566,4,DR_PM_GBA_CLOSED,1,1,OK,0,0,1,1,1,1,1,0.8463,-13.304,-23.003,6.345,-92.68,45.0,1895,1829,LATE_GPS,0,0,DETUMBLING
2831.616,4,DR_PM_GBA_CLOSED,1,1,OK,0,0,1,1,1,1,1,0.8453,-13.621,-23.014,6.342,-91.94,45.0,1895,1829,LATE_GPS,0,0,DETUMBLING
2831.666,4,DR_PM_GBA_CLOSED,1,1,OK,0,0,1,1,1,1,1,0.8443,-13.972,-23.021,7.0,-91.21,45.0,1895,1829,LATE_GPS,0,0,DETUMBLING
2831.716,4,DR_PM_GBA_CLOSED,1,1,OK,0,0,1,1,1,1,1,0.8433,-14.323,-23.024,7.0,-90.47,45.0,1895,1829,LATE_GPS,0,0,DETUMBLING
2831.766,4,DR_PM_GBA_CLOSED,1,1,OK,0,0,1,1,1,1,1,0.8423,-14.673,-22.995,7.0,-85.27,45.0,1862,1796,LATE_GPS,0,0,DETUMBLING
2831.816,4,DR_PM_GBA_CLOSED,1,1,OK,0,0,1,1,1,1,1,0.8413,-15.018,-22.934,7.0,-80.06,45.0,1828,1762,LATE_GPS,0,0,DETUMBLING
2831.866,4,DR_PM_GBA_CLOSED,1,1,OK,0,0,1,1,1,1,1,0.8403,-15.308,-22.856,5.983,-74.86,44.456,1801,1735,LATE_GPS,0,0,DETUMBLING
2831.917,4,DETUMBLING,0,0,DETUMBLING,0,0,1,1,1,1,1,0.8403,-15.308,-22.856,5.983,-74.86,0.0,1591,1524,LATE_GPS,0,0,DETUMBLING
2831.967,4,DETUMBLING,0,0,DETUMBLING,0,0,1,1,1,1,1,0.8403,-15.308,-22.856,5.983,-74.86,0.0,1591,1524,LATE_GPS,0,0,DETUMBLING
2832.017,4,DETUMBLING,0,0,DETUMBLING,0,0,1,1,1,1,1,0.8403,-15.308,-22.856,5.983,-74.86,0.0,1591,1524,LATE_GPS,0,0,DETUMBLING
2832.067,4,DETUMBLING,0,0,DETUMBLING,0,0,1,1,1,1,1,0.8403,-15.308,-22.856,5.983,-74.86,0.0,1591,1524,LATE_GPS,0,0,DETUMBLING
2832.117,4,DETUMBLING,0,0,DETUMBLING,0,0,1,1,1,1,1,0.8403,-15.308,-22.856,5.983,-74.86,0.0,1591,1524,LATE_GPS,0,0,DETUMBLING
2832.167,4,DR_PM_GBA_CLOSED,1,1,OK,0,0,1,1,1,1,1,0.8343,-16.206,-22.024,4.072,-47.19,20.983,1668,1601,LATE_GPS,0,0,DETUMBLING
2832.217,4,DR_PM_GBA_CLOSED,1,1,OK,0,0,1,1,1,1,1,0.8333,-16.359,-21.889,4.072,-48.55,21.55,1701,1635,LATE_GPS,0,0,DETUMBLING
2832.268,4,DR_PM_GBA_CLOSED,1,1,OK,0,0,1,1,1,1,1,0.8323,-16.469,-21.796,2.848,-49.92,15.46,1702,1636,LATE_GPS,0,0,DETUMBLING
2832.318,4,DR_PM_GBA_CLOSED,1,1,OK,0,0,1,1,1,1,1,0.8313,-16.58,-21.707,2.85,-51.28,15.846,1704,1638,LATE_GPS,0,0,DETUMBLING
2832.368,4,DR_PM_GBA_CLOSED,1,1,OK,0,0,1,1,1,1,1,0.8303,-16.694,-21.62,2.85,-52.65,16.212,1706,1640,LATE_GPS,0,0,DETUMBLING
2832.418,4,DR_PM_GBA_CLOSED,1,1,OK,0,0,1,1,1,1,1,0.8293,-16.809,-21.537,2.85,-54.01,16.566,1709,1642,LATE_GPS,0,0,DETUMBLING
2832.468,4,DR_PM_GBA_CLOSED,1,1,OK,0,0,1,1,1,1,1,0.8283,-17.078,-21.311,6.99,-50.03,37.908,1742,1676,LATE_GPS,0,0,DETUMBLING
2832.518,4,DR_PM_GBA_CLOSED,1,1,OK,0,0,1,1,1,1,1,0.8273,-17.33,-21.068,7.0,-46.06,35.065,1740,1674,LATE_GPS,0,0,DETUMBLING
2832.568,4,DR_PM_GBA_CLOSED,1,1,OK,0,0,1,1,1,1,1,0.8263,-17.526,-20.851,5.83,-42.08,26.651,1707,1641,LATE_GPS,0,0,DETUMBLING
2832.618,4,DR_PM_GBA_CLOSED,1,1,OK,0,0,1,1,1,1,1,0.8253,-17.706,-20.621,5.83,-38.1,23.979,1673,1607,LATE_GPS,0,0,DETUMBLING
2832.669,4,DR_PM_GBA_CLOSED,1,1,OK,0,0,1,1,1,1,1,0.8243,-17.846,-20.434,4.652,-37.01,18.522,1675,1609,LATE_GPS,0,0,DETUMBLING
2832.719,4,DR_PM_GBA_CLOSED,1,1,OK,0,0,1,1,1,1,1,0.8232,-17.983,-20.246,4.652,-35.92,17.906,1672,1606,LATE_GPS,0,0,DETUMBLING
2832.769,4,DR_PM_GBA_CLOSED,1,1,OK,0,0,1,1,1,1,1,0.8222,-18.183,-19.958,7.0,-34.82,26.02,1705,1639,LATE_GPS,0,0,DETUMBLING
2832.819,4,DR_PM_GBA_CLOSED,1,1,OK,0,0,1,1,1,1,1,0.8212,-18.378,-19.666,7.0,-33.73,25.086,1715,1648,LATE_GPS,0,0,DETUMBLING
2832.869,4,DR_PM_GBA_CLOSED,1,1,OK,0,0,1,1,1,1,1,0.8202,-18.527,-19.434,5.498,-32.63,18.961,1681,1615,LATE_GPS,0,0,DETUMBLING
2832.919,4,DR_PM_GBA_CLOSED,1,1,OK,0,0,1,1,1,1,1,0.8192,-18.666,-19.196,5.498,-30.32,17.378,1648,1581,LATE_GPS,0,0,DETUMBLING
2832.97,4,DR_PM_GBA_CLOSED,1,1,OK,0,0,1,1,1,1,1,0.8182,-18.796,-18.952,5.496,-28.0,15.757,1630,1564,LATE_GPS,0,0,DETUMBLING
2833.02,4,DR_PM_GBA_CLOSED,1,1,OK,0,0,1,1,1,1,1,0.8172,-18.916,-18.704,5.493,-25.69,14.122,1621,1554,LATE_GPS,0,0,DETUMBLING
2833.07,4,DR_PM_GBA_CLOSED,1,1,OK,0,0,1,1,1,1,1,0.8162,-18.992,-18.526,3.869,-23.38,8.784,1592,1526,LATE_GPS,0,0,DETUMBLING
2833.12,4,DR_PM_GBA_CLOSED,1,1,OK,0,0,1,1,1,1,1,0.8152,-19.075,-18.35,3.869,-25.13,9.655,1626,1559,LATE_GPS,0,0,DETUMBLING
2833.17,4,DR_PM_GBA_CLOSED,1,1,OK,0,0,1,1,1,1,1,0.8142,-19.163,-18.177,3.869,-26.88,10.515,1659,1593,LATE_GPS,0,0,DETUMBLING
2833.22,4,DR_PM_GBA_CLOSED,1,1,OK,0,0,1,1,1,1,1,0.8132,-19.228,-18.058,2.709,-28.63,7.954,1669,1603,LATE_GPS,0,0,DETUMBLING
2833.27,4,DR_PM_GBA_CLOSED,1,1,OK,0,0,1,1,1,1,1,0.8122,-19.296,-17.941,2.709,-30.38,8.538,1672,1606,LATE_GPS,0,0,DETUMBLING
2833.32,4,DR_PM_GBA_CLOSED,1,1,OK,0,0,1,1,1,1,1,0.8112,-19.347,-17.86,1.896,-32.13,6.378,1662,1596,LATE_GPS,0,0,DETUMBLING
2833.371,4,DR_PM_GBA_CLOSED,1,1,OK,0,0,1,1,1,1,1,0.8102,-19.4,-17.781,1.901,-33.88,6.791,1664,1598,LATE_GPS,0,0,DETUMBLING
2833.421,4,DR_PM_GBA_CLOSED,1,1,OK,0,0,1,1,1,1,1,0.8092,-19.6,-17.493,6.999,-34.7,25.682,1698,1631,LATE_GPS,0,0,DETUMBLING
2833.471,4,DR_PM_GBA_CLOSED,1,1,OK,0,0,1,1,1,1,1,0.8082,-19.804,-17.208,6.997,-35.53,26.352,1731,1665,LATE_GPS,0,0,DETUMBLING
2833.521,4,DR_PM_GBA_CLOSED,1,1,OK,0,0,1,1,1,1,1,0.8072,-19.961,-16.995,5.272,-36.35,20.354,1722,1656,LATE_GPS,0,0,DETUMBLING
2833.571,4,DR_PM_GBA_CLOSED,1,1,OK,0,0,1,1,1,1,1,0.8062,-20.12,-16.784,5.272,-37.18,20.848,1726,1660,LATE_GPS,0,0,DETUMBLING
2833.621,4,DR_PM_GBA_CLOSED,1,1,OK,0,0,1,1,1,1,1,0.8052,-20.269,-16.566,5.272,-34.31,19.068,1692,1626,LATE_GPS,0,0,DETUMBLING
2833.671,4,DR_PM_GBA_CLOSED,1,1,OK,0,0,1,1,1,1,1,0.8042,-20.406,-16.34,5.272,-31.19,17.089,1659,1593,LATE_GPS,0,0,DETUMBLING
2833.721,4,DR_PM_GBA_CLOSED,1,1,OK,0,0,1,1,1,1,1,0.8032,-20.53,-16.108,5.239,-28.08,14.97,1626,1559,LATE_GPS,0,0,DETUMBLING
2833.772,4,DR_PM_GBA_CLOSED,1,1,OK,0,0,1,1,1,1,1,0.8022,-20.641,-15.87,5.239,-24.97,12.917,1598,1531,LATE_GPS,0,0,DETUMBLING
2833.822,4,DR_PM_GBA_CLOSED,1,1,OK,0,0,1,1,1,1,1,0.8012,-20.749,-15.604,5.727,-22.09,12.019,1598,1531,LATE_GPS,0,0,DETUMBLING
2833.872,4,DR_PM_GBA_CLOSED,1,1,OK,0,0,1,1,1,1,1,0.8002,-20.844,-15.333,5.725,-19.22,9.885,1586,1520,LATE_GPS,0,0,DETUMBLING
2833.922,4,DR_PM_GBA_CLOSED,1,1,OK,0,0,1,1,1,1,1,0.7992,-20.916,-15.089,5.082,-16.35,6.867,1572,1506,LATE_GPS,0,0,DETUMBLING
2833.972,4,DR_PM_GBA_CLOSED,1,1,OK,0,0,1,1,1,1,1,0.7982,-20.975,-14.841,5.087,-13.48,4.945,1539,1473,LATE_GPS,0,0,DETUMBLING
2834.022,4,DR_PM_GBA_CLOSED,1,1,OK,0,0,1,1,1,1,1,0.7972,-21.024,-14.644,4.039,-13.94,4.17,1572,1506,LATE_GPS,0,0,DETUMBLING
2834.072,4,DR_PM_GBA_CLOSED,1,1,OK,0,0,1,1,1,1,1,0.7962,-21.074,-14.448,4.039,-14.4,4.412,1604,1538,LATE_GPS,0,0,DETUMBLING
2834.123,4,DR_PM_GBA_CLOSED,1,1,OK,0,0,1,1,1,1,1,0.7952,-21.111,-14.311,2.827,-14.86,3.256,1603,1537,LATE_GPS,0,0,DETUMBLING
2834.173,4,DR_PM_GBA_CLOSED,1,1,OK,0,0,1,1,1,1,1,0.7942,-21.148,-14.174,2.827,-15.32,3.424,1603,1537,LATE_GPS,0,0,DETUMBLING
2834.223,4,DR_PM_GBA_CLOSED,1,1,OK,0,0,1,1,1,1,1,0.7932,-21.187,-14.038,2.827,-15.78,3.59,1603,1537,LATE_GPS,0,0,DETUMBLING
2834.273,4,DR_PM_GBA_CLOSED,1,1,OK,0,0,1,1,1,1,1,0.7922,-21.226,-13.902,2.827,-16.24,3.757,1604,1537,LATE_GPS,0,0,DETUMBLING
2834.323,4,DR_PM_GBA_CLOSED,1,1,OK,0,0,1,1,1,1,1,0.7912,-21.27,-13.756,3.027,-16.7,4.2,1604,1538,LATE_GPS,0,0,DETUMBLING
2834.373,4,DR_PM_GBA_CLOSED,1,1,OK,0,0,1,1,1,1,1,0.7902,-21.253,-13.606,3.027,6.28,-4.903,1571,1504,LATE_GPS,0,0,DETUMBLING
2834.423,4,DR_PM_GBA_CLOSED,1,1,OK,0,0,1,1,1,1,1,0.7892,-21.216,-13.257,7.0,6.12,-11.199,1537,1471,LATE_GPS,0,0,DETUMBLING
2834.473,4,DR_PM_GBA_CLOSED,1,1,OK,0,0,1,1,1,1,1,0.7882,-21.281,-12.912,7.0,-10.72,0.0,1551,1485,LATE_GPS,0,0,DETUMBLING
2834.524,4,DR_PM_GBA_CLOSED,1,1,OK,0,0,1,1,1,1,1,0.7872,-21.326,-12.62,5.903,-8.73,0.0,1551,1485,LATE_GPS,0,0,DETUMBLING
2834.574,4,DR_PM_GBA_CLOSED,1,1,OK,0,0,1,1,1,1,1,0.7861,-21.361,-12.326,5.903,-6.74,0.0,1551,1485,LATE_GPS,0,0,DETUMBLING
2834.624,4,DR_PM_GBA_CLOSED,1,1,OK,0,0,1,1,1,1,1,0.7851,-21.39,-11.977,7.0,-4.75,0.0,1551,1485,LATE_GPS,0,0,DETUMBLING
2834.674,4,DR_PM_GBA_CLOSED,1,1,OK,0,0,1,1,1,1,1,0.7841,-21.407,-11.626,7.0,-2.76,0.0,1551,1485,LATE_GPS,0,0,DETUMBLING
2834.724,4,DR_PM_GBA_CLOSED,1,1,OK,0,0,1,1,1,1,1,0.7831,-21.411,-11.348,5.548,-0.77,-3.88,1547,1481,LATE_GPS,0,0,DETUMBLING
2834.774,4,DR_PM_GBA_CLOSED,1,1,OK,0,0,1,1,1,1,1,0.7821,-21.405,-11.07,5.547,1.22,-5.31,1518,1452,LATE_GPS,0,0,DETUMBLING
2834.824,4,DR_PM_GBA_CLOSED,1,1,OK,0,0,1,1,1,1,1,0.7811,-21.39,-10.792,5.551,3.21,-6.737,1513,1446,LATE_GPS,0,0,DETUMBLING
2834.874,4,DR_PM_GBA_CLOSED,1,1,OK,0,0,1,1,1,1,1,0.7801,-21.325,-10.522,5.547,13.43,-13.863,1546,1480,LATE_GPS,0,0,DETUMBLING
2834.924,4,DR_PM_GBA_CLOSED,1,1,OK,0,0,1,1,1,1,1,0.7791,-21.268,-10.261,5.335,12.13,-12.475,1579,1513,LATE_GPS,0,0,DETUMBLING
2834.975,4,DR_PM_GBA_CLOSED,1,1,OK,0,0,1,1,1,1,1,0.7781,-21.217,-9.998,5.335,11.03,-11.741,1607,1541,LATE_GPS,0,0,DETUMBLING
2835.025,4,DR_PM_GBA_CLOSED,1,1,OK,0,0,1,1,1,1,1,0.7771,-21.242,-9.889,2.228,-12.72,1.876,1641,1575,LATE_GPS,0,0,DETUMBLING
2835.075,4,DR_PM_GBA_CLOSED,1,1,OK,0,0,1,1,1,1,1,0.7761,-21.274,-9.782,2.228,-16.7,3.01,1673,1607,LATE_GPS,0,0,DETUMBLING
2835.125,4,DR_PM_GBA_CLOSED,1,1,OK,0,0,1,1,1,1,1,0.7751,-21.32,-9.66,2.607,-20.68,4.829,1675,1609,LATE_GPS,0,0,DETUMBLING
2835.175,4,DR_PM_GBA_CLOSED,1,1,OK,0,0,1,1,1,1,1,0.7741,-21.375,-9.542,2.603,-24.66,6.1,1706,1639,LATE_GPS,0,0,DETUMBLING
2835.225,4,DR_PM_GBA_CLOSED,1,1,OK,0,0,1,1,1,1,1,0.7731,-21.418,-9.462,1.822,-28.65,5.142,1702,1636,LATE_GPS,0,0,DETUMBLING
2835.275,4,DR_PM_GBA_CLOSED,1,1,OK,0,0,1,1,1,1,1,0.7721,-21.468,-9.385,1.822,-32.63,5.986,1705,1639,LATE_GPS,0,0,DETUMBLING
2835.325,4,DR_PM_GBA_CLOSED,1,1,OK,0,0,1,1,1,1,1,0.7711,-21.511,-9.309,1.734,-29.59,5.08,1672,1606,LATE_GPS,0,0,DETUMBLING
2835.376,4,DR_PM_GBA_CLOSED,1,1,OK,0,0,1,1,1,1,1,0.7701,-21.55,-9.231,1.734,-26.56,4.447,1638,1572,LATE_GPS,0,0,DETUMBLING
2835.426,4,DR_PM_GBA_CLOSED,1,1,OK,0,0,1,1,1,1,1,0.7691,-21.588,-9.153,1.734,-26.51,4.433,1605,1539,LATE_GPS,0,0,DETUMBLING
2835.476,4,DR_PM_YBA_OPEN,1,1,OK,0,0,1,1,1,1,1,0.7681,-21.532,-9.087,1.734,39.95,-9.169,1572,1505,LATE_GPS,0,0,DETUMBLING
2835.526,4,DR_PM_YBA_OPEN,1,1,OK,0,0,1,1,1,1,1,0.7671,-21.312,-8.893,5.863,48.69,-20.0,1538,1472,LATE_GPS,0,0,DETUMBLING
2835.576,4,DR_PM_YBA_OPEN,1,1,OK,0,0,1,1,1,1,1,0.7661,-21.074,-8.72,5.863,54.05,-20.0,1505,1439,LATE_GPS,0,0,DETUMBLING
2835.626,4,DR_PM_GBA_CLOSED,1,1,OK,0,0,1,1,1,1,1,0.7651,-21.195,-8.496,5.087,-28.36,13.997,1538,1472,LATE_GPS,0,0,DETUMBLING
2835.676,4,DR_PM_YBA_OPEN,1,1,OK,0,0,1,1,1,1,1,0.7641,-20.991,-8.343,5.087,53.14,-20.0,1505,1439,LATE_GPS,0,0,DETUMBLING
2835.726,4,DETUMBLING,0,0,DETUMBLING,0,0,1,1,1,1,1,0.7641,-20.991,-8.343,5.087,53.14,0.0,1591,1524,LATE_GPS,0,0,DETUMBLING
2835.777,4,DETUMBLING,0,0,DETUMBLING,0,0,1,1,1,1,1,0.7641,-20.991,-8.343,5.087,53.14,0.0,1591,1524,LATE_GPS,0,0,DETUMBLING
2835.827,4,DR_PM_GBA_CLOSED,1,1,OK,0,0,1,1,1,1,1,0.7611,-21.261,-7.73,4.458,-23.78,9.766,1605,1539,LATE_GPS,0,0,DETUMBLING
2835.877,4,DR_PM_GBA_CLOSED,1,1,OK,0,0,1,1,1,1,1,0.7601,-21.355,-7.527,4.458,-24.92,10.369,1638,1572,LATE_GPS,0,0,DETUMBLING
2835.927,4,DETUMBLING,0,0,DETUMBLING,0,0,1,1,1,1,1,0.7601,-21.355,-7.527,4.458,-24.92,0.0,1591,1524,LATE_GPS,0,0,DETUMBLING
2835.977,4,DETUMBLING,0,0,DETUMBLING,0,0,1,1,1,1,1,0.7601,-21.355,-7.527,4.458,-24.92,0.0,1591,1524,LATE_GPS,0,0,DETUMBLING
2836.027,4,DETUMBLING,0,0,DETUMBLING,0,0,1,1,1,1,1,0.7601,-21.355,-7.527,4.458,-24.92,0.0,1591,1524,LATE_GPS,0,0,DETUMBLING
2836.077,4,DR_PM_GBA_CLOSED,1,1,OK,0,0,1,1,1,1,1,0.7561,-21.56,-6.936,3.121,-19.11,5.033,1593,1527,LATE_GPS,0,0,DETUMBLING
2836.127,4,DR_PM_YBA_OPEN,1,1,OK,0,0,1,1,1,1,1,0.7551,-21.481,-6.86,2.185,46.21,-12.485,1560,1493,LATE_GPS,0,0,DETUMBLING
2836.177,4,DETUMBLING,0,0,DETUMBLING,0,0,1,1,1,1,1,0.7551,-21.481,-6.86,2.185,46.21,0.0,1591,1524,LATE_GPS,0,0,DETUMBLING
2836.228,4,DETUMBLING,0,0,DETUMBLING,0,0,1,1,1,1,1,0.7551,-21.481,-6.86,2.185,46.21,0.0,1591,1524,LATE_GPS,0,0,DETUMBLING
2836.278,4,DETUMBLING,0,0,DETUMBLING,0,0,1,1,1,1,1,0.7551,-21.481,-6.86,2.185,46.21,0.0,1591,1524,LATE_GPS,0,0,DETUMBLING
2836.328,4,DETUMBLING,0,0,DETUMBLING,0,0,1,1,1,1,1,0.7551,-21.481,-6.86,2.185,46.21,0.0,1591,1524,LATE_GPS,0,0,DETUMBLING
2836.378,4,DETUMBLING,0,0,DETUMBLING,0,0,1,1,1,1,1,0.7551,-21.481,-6.86,2.185,46.21,0.0,1591,1524,LATE_GPS,0,0,DETUMBLING
2836.428,4,DETUMBLING,0,0,DETUMBLING,0,0,1,1,1,1,1,0.7551,-21.481,-6.86,2.185,46.21,0.0,1591,1524,LATE_GPS,0,0,DETUMBLING
2836.478,4,DETUMBLING,0,0,DETUMBLING,0,0,1,1,1,1,1,0.7551,-21.481,-6.86,2.185,46.21,0.0,1591,1524,LATE_GPS,0,0,DETUMBLING
2836.528,4,DETUMBLING,0,0,DETUMBLING,0,0,1,1,1,1,1,0.7551,-21.481,-6.86,2.185,46.21,0.0,1591,1524,LATE_GPS,0,0,DETUMBLING
2836.578,4,DETUMBLING,0,0,DETUMBLING,0,0,1,1,1,1,1,0.7551,-21.481,-6.86,2.185,46.21,0.0,1591,1524,LATE_GPS,0,0,DETUMBLING
2836.629,4,DETUMBLING,0,0,DETUMBLING,0,0,1,1,1,1,1,0.7551,-21.481,-6.86,2.185,46.21,0.0,1591,1524,LATE_GPS,0,0,DETUMBLING
2836.679,4,DETUMBLING,0,0,DETUMBLING,0,0,1,1,1,1,1,0.7551,-21.481,-6.86,2.185,46.21,0.0,1591,1524,LATE_GPS,0,0,DETUMBLING
2836.729,4,DR_PM_GBA_CLOSED,1,1,OK,0,0,1,1,1,1,1,0.743,-20.044,-4.251,5.957,28.86,-24.495,1426,1360,LATE_GPS,0,0,DETUMBLING
2836.779,4,DR_PM_GBA_CLOSED,1,1,OK,0,0,1,1,1,1,1,0.742,-19.851,-4.023,5.957,40.21,-30.777,1393,1327,LATE_GPS,0,0,DETUMBLING
2836.829,4,DR_PM_GBA_CLOSED,1,1,OK,0,0,1,1,1,1,1,0.741,-19.688,-3.89,4.191,50.78,-24.987,1359,1293,LATE_GPS,0,0,DETUMBLING
2836.879,4,DR_PM_GBA_CLOSED,1,1,OK,0,0,1,1,1,1,1,0.74,-19.508,-3.782,4.191,59.01,-26.988,1326,1260,LATE_GPS,0,0,DETUMBLING
2836.929,4,DR_PM_GBA_CLOSED,1,1,OK,0,0,1,1,1,1,1,0.739,-19.376,-3.718,2.933,64.06,-19.545,1359,1293,LATE_GPS,0,0,DETUMBLING
2836.979,4,DR_PM_GBA_CLOSED,1,1,OK,0,0,1,1,1,1,1,0.738,-19.24,-3.663,2.933,67.92,-19.936,1393,1327,LATE_GPS,0,0,DETUMBLING
2837.029,4,DR_PM_GBA_CLOSED,1,1,OK,0,0,1,1,1,1,1,0.737,-19.147,-3.617,2.053,63.43,-13.594,1426,1360,LATE_GPS,0,0,DETUMBLING
2837.08,4,DR_PM_GBA_CLOSED,1,1,OK,0,0,1,1,1,1,1,0.736,-19.06,-3.562,2.053,58.05,-13.06,1460,1393,LATE_GPS,0,0,DETUMBLING
2837.13,4,DR_PM_GBA_CLOSED,1,1,OK,0,0,1,1,1,1,1,0.735,-18.97,-3.476,2.483,46.1,-13.9,1493,1427,LATE_GPS,0,0,DETUMBLING
2837.18,4,DR_PM_YBA_OPEN,1,1,OK,0,0,1,1,1,1,1,0.734,-18.901,-3.373,2.483,33.97,-11.368,1526,1460,LATE_GPS,0,0,DETUMBLING
2837.23,4,DR_PM_YBA_OPEN,1,1,OK,0,0,1,1,1,1,1,0.733,-18.862,-3.293,1.779,26.09,-6.763,1559,1493,LATE_GPS,0,0,DETUMBLING
2837.28,4,DR_PM_YBA_OPEN,1,1,OK,0,0,1,1,1,1,1,0.732,-18.821,-3.213,1.779,27.04,-6.928,1558,1492,LATE_GPS,0,0,DETUMBLING
2837.33,4,DR_PM_YBA_OPEN,1,1,OK,0,0,1,1,1,1,1,0.731,-18.775,-3.137,1.779,31.44,-7.691,1556,1490,LATE_GPS,0,0,DETUMBLING
2837.38,4,DR_PM_GBA_CLOSED,1,1,OK,0,0,1,1,1,1,1,0.73,-18.707,-3.079,1.779,49.32,-10.3,1589,1523,LATE_GPS,0,0,DETUMBLING
2837.43,4,DR_PM_GBA_CLOSED,1,1,OK,0,0,1,1,1,1,1,0.729,-18.574,-2.985,3.25,54.57,-19.873,1556,1490,LATE_GPS,0,0,DETUMBLING
2837.481,4,DR_PM_GBA_CLOSED,1,1,OK,0,0,1,1,1,1,1,0.728,-18.443,-2.888,3.25,53.77,-19.699,1535,1469,LATE_GPS,0,0,DETUMBLING
2837.531,4,DR_PM_GBA_CLOSED,1,1,OK,0,0,1,1,1,1,1,0.727,-18.336,-2.795,2.839,48.82,-16.29,1557,1490,LATE_GPS,0,0,DETUMBLING
2837.581,4,DR_PM_GBA_CLOSED,1,1,OK,0,0,1,1,1,1,1,0.726,-18.237,-2.692,2.839,44.04,-15.291,1523,1457,LATE_GPS,0,0,DETUMBLING
2837.631,4,DR_PM_GBA_CLOSED,1,1,OK,0,0,1,1,1,1,1,0.725,-18.103,-2.54,4.05,41.21,-20.897,1490,1424,LATE_GPS,0,0,DETUMBLING
2837.681,4,DR_PM_GBA_CLOSED,1,1,OK,0,0,1,1,1,1,1,0.724,-17.975,-2.382,4.05,39.0,-20.144,1456,1390,LATE_GPS,0,0,DETUMBLING
2837.731,4,DR_PM_GBA_CLOSED,1,1,OK,0,0,1,1,1,1,1,0.723,-17.822,-2.224,4.404,44.19,-23.706,1423,1357,LATE_GPS,0,0,DETUMBLING
2837.781,4,DR_PM_GBA_CLOSED,1,1,OK,0,0,1,1,1,1,1,0.722,-17.654,-2.08,4.408,49.52,-25.369,1390,1323,LATE_GPS,0,0,DETUMBLING
2837.831,4,DR_PM_GBA_CLOSED,1,1,OK,0,0,1,1,1,1,1,0.721,-17.419,-1.926,5.606,56.74,-34.652,1356,1290,LATE_GPS,0,0,DETUMBLING
2837.881,4,DR_PM_GBA_CLOSED,1,1,OK,0,0,1,1,1,1,1,0.72,-17.166,-1.804,5.601,64.39,-36.532,1346,1280,LATE_GPS,0,0,DETUMBLING
2837.932,4,DR_PM_GBA_CLOSED,1,1,OK,0,0,1,1,1,1,1,0.719,-16.911,-1.686,5.601,65.11,-36.643,1345,1279,LATE_GPS,0,0,DETUMBLING
2837.982,4,DR_PM_GBA_CLOSED,1,1,OK,0,0,1,1,1,1,1,0.718,-16.668,-1.543,5.601,59.54,-35.302,1356,1290,LATE_GPS,0,0,DETUMBLING
2838.032,4,DR_PM_GBA_CLOSED,1,1,OK,0,0,1,1,1,1,1,0.717,-16.499,-1.444,3.92,59.62,-24.698,1390,1324,LATE_GPS,0,0,DETUMBLING
2838.082,4,DR_PM_GBA_CLOSED,1,1,OK,0,0,1,1,1,1,1,0.716,-16.34,-1.327,3.92,53.72,-23.46,1423,1357,LATE_GPS,0,0,DETUMBLING
2838.132,4,DR_PM_GBA_CLOSED,1,1,OK,0,0,1,1,1,1,1,0.715,-16.2,-1.199,3.799,47.54,-21.226,1457,1391,LATE_GPS,0,0,DETUMBLING
2838.183,4,DR_PM_GBA_CLOSED,1,1,OK,0,0,1,1,1,1,1,0.714,-16.076,-1.054,3.802,40.59,-19.264,1458,1392,LATE_GPS,0,0,DETUMBLING
2838.233,4,DR_PM_GBA_CLOSED,1,1,OK,0,0,1,1,1,1,1,0.713,-15.923,-0.874,4.711,40.43,-23.79,1427,1361,LATE_GPS,0,0,DETUMBLING
2838.283,4,DR_PM_GBA_CLOSED,1,1,OK,0,0,1,1,1,1,1,0.712,-15.753,-0.71,4.713,45.85,-25.704,1413,1347,LATE_GPS,0,0,DETUMBLING
2838.333,4,DR_PM_GBA_CLOSED,1,1,OK,0,0,1,1,1,1,1,0.711,-15.605,-0.589,3.802,50.94,-21.997,1440,1373,LATE_GPS,0,0,DETUMBLING
2838.383,4,DR_PM_GBA_CLOSED,1,1,OK,0,0,1,1,1,1,1,0.71,-15.443,-0.49,3.802,58.55,-23.565,1473,1407,LATE_GPS,0,0,DETUMBLING
2838.433,4,DR_PM_GBA_CLOSED,1,1,OK,0,0,1,1,1,1,1,0.709,-15.166,-0.338,6.303,61.13,-39.769,1440,1373,LATE_GPS,0,0,DETUMBLING
2838.483,4,DR_PM_GBA_CLOSED,1,1,OK,0,0,1,1,1,1,1,0.708,-14.896,-0.174,6.303,58.81,-39.073,1419,1353,LATE_GPS,0,0,DETUMBLING
2838.533,4,DR_PM_GBA_CLOSED,1,1,OK,0,0,1,1,1,1,1,0.707,-14.63,-0.004,6.303,57.48,-38.63,1386,1319,LATE_GPS,0,0,DETUMBLING
2838.583,4,DETUMBLING,0,0,DETUMBLING,0,0,1,1,1,1,1,0.707,-14.63,-0.004,6.303,57.48,0.0,1591,1524,LATE_GPS,0,0,DETUMBLING
2838.634,4,DETUMBLING,0,0,DETUMBLING,0,0,1,1,1,1,1,0.707,-14.63,-0.004,6.303,57.48,0.0,1591,1524,LATE_GPS,0,0,DETUMBLING
2838.684,4,DR_PM_GBA_CLOSED,1,1,OK,0,0,1,1,1,1,1,0.7039,-13.877,0.578,6.325,52.27,-36.886,1285,1219,LATE_GPS,0,0,DETUMBLING
2838.734,4,DR_PM_GBA_CLOSED,1,1,OK,0,0,1,1,1,1,1,0.7029,-13.639,0.765,6.034,51.87,-35.013,1319,1252,LATE_GPS,0,0,DETUMBLING
2838.784,4,DR_PM_GBA_CLOSED,1,1,OK,0,0,1,1,1,1,1,0.7019,-13.399,0.949,6.034,52.51,-35.207,1352,1286,LATE_GPS,0,0,DETUMBLING
2838.834,4,DR_PM_GBA_CLOSED,1,1,OK,0,0,1,1,1,1,1,0.7009,-13.128,1.153,6.759,53.02,-39.599,1361,1295,LATE_GPS,0,0,DETUMBLING
2838.884,4,DR_PM_GBA_CLOSED,1,1,OK,0,0,1,1,1,1,1,0.6999,-12.858,1.359,6.759,52.66,-39.426,1363,1296,LATE_GPS,0,0,DETUMBLING
2838.935,4,DR_PM_GBA_CLOSED,1,1,OK,0,0,1,1,1,1,1,0.6989,-12.645,1.516,5.292,53.7,-31.149,1350,1283,LATE_GPS,0,0,DETUMBLING
2838.985,4,DR_PM_YBA_OPEN,1,1,OK,0,0,1,1,1,1,1,0.6979,-12.505,1.741,5.292,31.81,-20.0,1383,1317,LATE_GPS,0,0,DETUMBLING
2839.035,4,DR_PM_YBA_OPEN,1,1,OK,0,0,1,1,1,1,1,0.6969,-12.41,1.958,4.724,23.56,-16.561,1416,1350,LATE_GPS,0,0,DETUMBLING
2839.085,4,DR_PM_YBA_OPEN,1,1,OK,0,0,1,1,1,1,1,0.6959,-12.336,2.183,4.724,18.19,-13.98,1450,1384,LATE_GPS,0,0,DETUMBLING
2839.135,4,DR_PM_YBA_OPEN,1,1,OK,0,0,1,1,1,1,1,0.6949,-12.234,2.397,4.724,25.52,-17.437,1483,1417,LATE_GPS,0,0,DETUMBLING
2839.185,4,DR_PM_YBA_OPEN,1,1,OK,0,0,1,1,1,1,1,0.6939,-12.083,2.579,4.724,39.77,-20.0,1498,1431,LATE_GPS,0,0,DETUMBLING
2839.235,4,DR_PM_YBA_OPEN,1,1,OK,0,0,1,1,1,1,1,0.6929,-11.872,2.695,4.789,61.2,-20.0,1498,1431,LATE_GPS,0,0,DETUMBLING
2839.285,4,DR_PM_YBA_OPEN,1,1,OK,0,0,1,1,1,1,1,0.6919,-11.633,2.707,4.789,87.02,-20.0,1498,1431,LATE_GPS,0,0,DETUMBLING
2839.336,4,DR_PM_YBA_OPEN,1,1,OK,0,0,1,1,1,1,1,0.6909,-11.512,2.59,3.353,134.27,-20.0,1498,1431,LATE_GPS,0,0,DETUMBLING
2839.386,4,DR_PM_YBA_OPEN,1,1,OK,0,0,1,1,1,1,1,0.6899,-11.447,2.435,3.353,156.96,-20.0,1498,1431,LATE_GPS,0,0,DETUMBLING
2839.436,4,DR_PM_YBA_OPEN,1,1,OK,0,0,1,1,1,1,1,0.6889,-11.316,2.11,7.0,158.07,-20.0,1498,1431,LATE_GPS,0,0,DETUMBLING
2839.486,4,DR_PM_GBA_CLOSED,1,1,OK,0,0,1,1,1,1,1,0.6879,-10.999,2.26,7.0,64.64,-44.011,1464,1398,LATE_GPS,0,0,DETUMBLING
2839.536,4,DR_PM_GBA_CLOSED,1,1,OK,0,0,1,1,1,1,1,0.6869,-10.711,2.362,6.083,70.58,-39.191,1431,1365,LATE_GPS,0,0,DETUMBLING
2839.586,4,DR_PM_GBA_CLOSED,1,1,OK,0,0,1,1,1,1,1,0.6859,-10.414,2.433,6.083,76.51,-39.702,1397,1331,LATE_GPS,0,0,DETUMBLING
2839.636,4,DR_PM_GBA_CLOSED,1,1,OK,0,0,1,1,1,1,1,0.6849,-10.125,2.471,5.816,82.45,-38.036,1364,1298,LATE_GPS,0,0,DETUMBLING
2839.686,4,DR_PM_GBA_CLOSED,1,1,OK,0,0,1,1,1,1,1,0.6839,-9.834,2.479,5.816,88.38,-37.981,1331,1264,LATE_GPS,0,0,DETUMBLING
2839.737,4,DR_PM_GBA_CLOSED,1,1,OK,0,0,1,1,1,1,1,0.6829,-9.543,2.457,5.816,94.32,-37.925,1297,1231,LATE_GPS,0,0,DETUMBLING
2839.787,4,DR_PM_GBA_CLOSED,1,1,OK,0,0,1,1,1,1,1,0.6819,-9.256,2.405,5.816,100.25,-37.869,1264,1197,LATE_GPS,0,0,DETUMBLING
2839.837,4,DR_PM_GBA_CLOSED,1,1,OK,0,0,1,1,1,1,1,0.6809,-9.036,2.342,4.57,106.19,-29.712,1288,1221,LATE_GPS,0,0,DETUMBLING
2839.887,4,DR_PM_GBA_CLOSED,1,1,OK,0,0,1,1,1,1,1,0.6799,-8.824,2.255,4.57,112.12,-29.668,1288,1222,LATE_GPS,0,0,DETUMBLING
2839.937,4,DR_PM_GBA_CLOSED,1,1,OK,0,0,1,1,1,1,1,0.6789,-8.681,2.179,3.237,118.06,-20.984,1321,1255,LATE_GPS,0,0,DETUMBLING
2839.987,4,DR_PM_GBA_CLOSED,1,1,OK,0,0,1,1,1,1,1,0.6779,-8.546,2.088,3.237,123.99,-20.953,1353,1287,LATE_GPS,0,0,DETUMBLING
2840.037,4,DR_PM_YBA_OPEN,1,1,OK,0,0,1,1,1,1,1,0.6769,-8.532,2.201,2.266,7.33,-4.122,1386,1320,LATE_GPS,0,0,DETUMBLING
2840.087,4,DR_PM_YBA_OPEN,1,1,OK,0,0,1,1,1,1,1,0.6759,-8.494,2.308,2.266,19.7,-7.027,1420,1353,LATE_GPS,0,0,DETUMBLING
2840.138,4,DR_PM_YBA_OPEN,1,1,OK,0,0,1,1,1,1,1,0.6749,-8.339,2.48,4.613,42.01,-20.0,1453,1387,LATE_GPS,0,0,DETUMBLING
2840.188,4,DR_PM_YBA_OPEN,1,1,OK,0,0,1,1,1,1,1,0.6739,-8.155,2.62,4.613,52.53,-20.0,1486,1420,LATE_GPS,0,0,DETUMBLING
2840.238,4,DR_PM_YBA_OPEN,1,1,OK,0,0,1,1,1,1,1,0.6729,-8.009,2.694,3.267,63.36,-20.0,1498,1431,LATE_GPS,0,0,DETUMBLING
2840.288,4,DR_PM_YBA_OPEN,1,1,OK,0,0,1,1,1,1,1,0.6719,-7.847,2.717,3.267,81.89,-20.0,1498,1431,LATE_GPS,0,0,DETUMBLING
2840.338,4,DR_PM_YBA_OPEN,1,1,OK,0,0,1,1,1,1,1,0.6709,-7.683,2.723,3.267,87.77,-20.0,1498,1431,LATE_GPS,0,0,DETUMBLING
2840.388,4,DR_PM_YBA_OPEN,1,1,OK,0,0,1,1,1,1,1,0.6699,-7.52,2.71,3.267,94.47,-20.0,1498,1431,LATE_GPS,0,0,DETUMBLING
2840.438,4,DR_PM_GBA_CLOSED,1,1,OK,0,0,1,1,1,1,1,0.6689,-7.193,2.585,7.0,110.98,-44.71,1464,1398,LATE_GPS,0,0,DETUMBLING
2840.488,4,DR_PM_GBA_CLOSED,1,1,OK,0,0,1,1,1,1,1,0.6679,-6.865,2.459,7.0,111.02,-44.643,1431,1365,LATE_GPS,0,0,DETUMBLING
2840.539,4,DETUMBLING,0,0,DETUMBLING,0,0,1,1,1,1,1,0.6679,-6.865,2.459,7.0,111.02,0.0,1591,1524,LATE_GPS,0,0,DETUMBLING
2840.589,4,DETUMBLING,0,0,DETUMBLING,0,0,1,1,1,1,1,0.6679,-6.865,2.459,7.0,111.02,0.0,1591,1524,LATE_GPS,0,0,DETUMBLING
2840.639,4,DR_PM_GBA_CLOSED,1,1,OK,0,0,1,1,1,1,1,0.6648,-5.91,2.044,6.924,113.46,-43.96,1331,1264,LATE_GPS,0,0,DETUMBLING
2840.689,4,DR_PM_GBA_CLOSED,1,1,OK,0,0,1,1,1,1,1,0.6638,-5.593,1.904,6.924,113.81,-43.893,1297,1231,LATE_GPS,0,0,DETUMBLING
2840.739,4,DR_PM_GBA_CLOSED,1,1,OK,0,0,1,1,1,1,1,0.6628,-5.345,1.793,5.424,114.22,-34.333,1331,1264,LATE_GPS,0,0,DETUMBLING
2840.789,4,DR_PM_GBA_CLOSED,1,1,OK,0,0,1,1,1,1,1,0.6618,-5.097,1.681,5.424,114.16,-34.281,1364,1298,LATE_GPS,0,0,DETUMBLING
2840.839,4,DR_PM_GBA_CLOSED,1,1,OK,0,0,1,1,1,1,1,0.6608,-4.902,1.592,4.279,114.62,-27.004,1397,1331,LATE_GPS,0,0,DETUMBLING
2840.889,4,DR_PM_GBA_CLOSED,1,1,OK,0,0,1,1,1,1,1,0.6598,-4.707,1.503,4.279,114.68,-26.963,1431,1365,LATE_GPS,0,0,DETUMBLING
2840.939,4,DR_PM_GBA_CLOSED,1,1,OK,0,0,1,1,1,1,1,0.6588,-4.512,1.412,4.279,114.85,-26.922,1432,1366,LATE_GPS,0,0,DETUMBLING
2840.99,4,DR_PM_GBA_CLOSED,1,1,OK,0,0,1,1,1,1,1,0.6578,-4.318,1.322,4.279,114.9,-26.881,1432,1366,LATE_GPS,0,0,DETUMBLING
2841.04,4,DR_PM_GBA_CLOSED,1,1,OK,0,0,1,1,1,1,1,0.6568,-4.182,1.259,2.996,115.01,-18.789,1465,1399,LATE_GPS,0,0,DETUMBLING
2841.09,4,DR_PM_GBA_CLOSED,1,1,OK,0,0,1,1,1,1,1,0.6558,-4.046,1.194,2.996,115.42,-18.76,1487,1421,LATE_GPS,0,0,DETUMBLING
2841.14,4,DR_PM_GBA_CLOSED,1,1,OK,0,0,1,1,1,1,1,0.6548,-3.973,1.159,1.612,115.53,-10.081,1520,1454,LATE_GPS,0,0,DETUMBLING
2841.19,4,DR_PM_GBA_CLOSED,1,1,OK,0,0,1,1,1,1,1,0.6538,-3.9,1.124,1.612,115.64,-10.066,1538,1471,LATE_GPS,0,0,DETUMBLING
2841.24,4,DR_PM_GBA_CLOSED,1,1,OK,0,0,1,1,1,1,1,0.6528,-3.874,1.112,0.59,115.76,-3.68,1571,1505,LATE_GPS,0,0,DETUMBLING
2841.29,4,DR_PM_GBA_CLOSED,1,1,OK,0,0,1,1,1,1,1,0.6518,-3.847,1.099,0.59,115.85,-3.674,1591,1524,LATE_GPS,0,0,DETUMBLING
2841.34,4,DR_PM_GBA_CLOSED,1,1,OK,0,0,1,1,1,1,1,0.6508,-3.824,1.088,0.5,115.86,-3.107,1591,1524,LATE_GPS,0,0,DETUMBLING
2841.391,4,DR_PM_GBA_CLOSED,1,1,OK,0,0,1,1,1,1,1,0.6498,-3.802,1.077,0.5,115.84,-3.103,1591,1524,LATE_GPS,0,0,DETUMBLING
2841.441,4,DR_PM_GBA_CLOSED,1,1,OK,0,0,1,1,1,1,1,0.6488,-3.779,1.066,0.5,115.82,-3.098,1591,1524,LATE_GPS,0,0,DETUMBLING
2841.491,4,DR_PM_GBA_CLOSED,1,1,OK,0,0,1,1,1,1,1,0.6478,-3.757,1.055,0.5,115.83,-3.093,1591,1524,LATE_GPS,0,0,DETUMBLING
2841.541,4,DR_PM_GBA_CLOSED,1,1,OK,0,0,1,1,1,1,1,0.6468,-3.734,1.044,0.5,115.84,-3.088,1591,1524,LATE_GPS,0,0,DETUMBLING
2841.591,4,DR_PM_GBA_CLOSED,1,1,OK,0,0,1,1,1,1,1,0.6458,-3.712,1.033,0.5,115.84,-3.083,1591,1524,LATE_GPS,0,0,DETUMBLING
2841.641,4,DR_PM_GBA_CLOSED,1,1,OK,0,0,1,1,1,1,1,0.6448,-3.68,1.018,0.702,115.83,-4.32,1591,1524,LATE_GPS,0,0,DETUMBLING
2841.691,4,DR_PM_GBA_CLOSED,1,1,OK,0,0,1,1,1,1,1,0.6438,-3.648,1.003,0.702,115.76,-4.313,1585,1519,LATE_GPS,0,0,FAIL
2841.741,4,DR_PM_GBA_CLOSED,1,1,OK,0,0,1,1,1,1,1,0.6428,-3.624,0.991,0.528,115.68,-3.242,1591,1524,LATE_GPS,0,0,FAIL
2841.792,4,DR_PM_GBA_CLOSED,1,1,OK,0,0,1,1,1,1,1,0.6418,-3.601,0.98,0.528,115.53,-3.237,1591,1524,LATE_GPS,0,0,FAIL
2841.842,4,DR_PM_GBA_CLOSED,1,1,OK,0,0,1,1,1,1,1,0.6408,-3.578,0.969,0.5,115.21,-3.06,1591,1524,LATE_GPS,0,0,FAIL
2841.892,4,DR_PM_GBA_CLOSED,1,1,OK,0,0,1,1,1,1,1,0.6398,-3.555,0.959,0.5,114.52,-3.055,1591,1524,LATE_GPS,0,0,FAIL
2841.942,4,DR_PM_GBA_CLOSED,1,1,OK,0,0,1,1,1,1,1,0.6388,-3.532,0.948,0.5,114.31,-3.05,1591,1524,LATE_GPS,0,0,FAIL
2841.992,4,DR_PM_GBA_CLOSED,1,1,OK,0,0,1,1,1,1,1,0.6378,-3.509,0.938,0.5,114.04,-3.045,1591,1524,LATE_GPS,0,0,FAIL
2842.042,4,DR_PM_GBA_CLOSED,1,1,OK,0,0,1,1,1,1,1,0.6368,-3.486,0.928,0.5,113.83,-3.04,1591,1524,LATE_GPS,0,0,FAIL
2842.092,4,DR_PM_GBA_CLOSED,1,1,OK,0,0,1,1,1,1,1,0.6358,-3.463,0.918,0.5,113.31,-3.036,1591,1524,LATE_GPS,0,0,FAIL
2842.142,4,DR_PM_GBA_CLOSED,1,1,OK,0,0,1,1,1,1,1,0.6348,-3.44,0.908,0.5,113.11,-3.031,1591,1524,LATE_GPS,0,0,FAIL
2842.193,4,DR_PM_GBA_CLOSED,1,1,OK,0,0,1,1,1,1,1,0.6338,-3.417,0.898,0.5,112.9,-3.026,1591,1524,LATE_GPS,0,0,FAIL
2842.243,4,DR_PM_GBA_CLOSED,1,1,OK,0,0,1,1,1,1,1,0.6328,-3.394,0.889,0.511,112.71,-3.086,1591,1524,LATE_GPS,0,0,FAIL
2842.293,4,DR_PM_GBA_CLOSED,1,1,OK,0,0,1,1,1,1,1,0.6318,-3.369,0.879,0.521,112.25,-3.141,1591,1524,LATE_GPS,0,0,FAIL
2842.343,4,DR_PM_GBA_CLOSED,1,1,OK,0,0,1,1,1,1,1,0.6308,-3.345,0.869,0.53,112.0,-3.193,1591,1524,LATE_GPS,0,0,FAIL
2842.393,4,DR_PM_GBA_CLOSED,1,1,OK,0,0,1,1,1,1,1,0.6298,-3.32,0.859,0.539,111.86,-3.244,1591,1524,LATE_GPS,0,0,FAIL
2842.443,4,DR_PM_GBA_CLOSED,1,1,OK,0,0,1,1,1,1,1,0.6288,-3.294,0.849,0.548,111.71,-3.293,1591,1524,LATE_GPS,0,0,FAIL
2842.493,4,DR_PM_GBA_CLOSED,1,1,OK,0,0,1,1,1,1,1,0.6278,-3.268,0.839,0.557,111.49,-3.34,1591,1524,LATE_GPS,0,0,FAIL
2842.543,4,DR_PM_GBA_CLOSED,1,1,OK,0,0,1,1,1,1,1,0.6268,-3.223,0.822,0.956,111.4,-5.72,1557,1491,LATE_GPS,0,0,FAIL
2842.593,4,DR_PM_GBA_CLOSED,1,1,OK,0,0,1,1,1,1,1,0.6258,-3.179,0.804,0.955,111.27,-5.709,1557,1491,LATE_GPS,0,0,FAIL
2842.644,4,DR_PM_GBA_CLOSED,1,1,OK,0,0,1,1,1,1,1,0.6248,-3.147,0.792,0.671,111.13,-4.003,1590,1524,LATE_GPS,0,0,FAIL
2842.694,4,DR_PM_GBA_CLOSED,1,1,OK,0,0,1,1,1,1,1,0.6237,-3.116,0.781,0.67,110.78,-3.993,1591,1524,LATE_GPS,0,0,FAIL
2842.744,4,DR_PM_GBA_CLOSED,1,1,OK,0,0,1,1,1,1,1,0.6227,-3.084,0.769,0.671,110.65,-3.988,1591,1524,LATE_GPS,0,0,FAIL
2842.794,4,DR_PM_GBA_CLOSED,1,1,OK,0,0,1,1,1,1,1,0.6217,-3.053,0.757,0.671,110.58,-3.981,1591,1524,LATE_GPS,0,0,FAIL
2842.844,4,DR_PM_GBA_CLOSED,1,1,OK,0,0,1,1,1,1,1,0.6207,-3.021,0.745,0.678,110.44,-4.018,1591,1524,LATE_GPS,0,0,FAIL
2842.894,4,DR_PM_GBA_CLOSED,1,1,OK,0,0,1,1,1,1,1,0.6197,-2.989,0.734,0.685,110.39,-4.055,1591,1524,LATE_GPS,0,0,FAIL
2842.944,4,DR_PM_GBA_CLOSED,1,1,OK,0,0,1,1,1,1,1,0.6187,-2.956,0.722,0.692,110.35,-4.091,1591,1524,LATE_GPS,0,0,FAIL
2842.994,4,DR_PM_GBA_CLOSED,1,1,OK,0,0,1,1,1,1,1,0.6177,-2.923,0.71,0.7,110.29,-4.126,1591,1524,LATE_GPS,0,0,FAIL
2843.045,4,DR_PM_GBA_CLOSED,1,1,OK,0,0,1,1,1,1,1,0.6167,-2.89,0.697,0.707,110.18,-4.161,1591,1524,LATE_GPS,0,0,FAIL
2843.095,4,DR_PM_GBA_CLOSED,1,1,OK,0,0,1,1,1,1,1,0.6157,-2.856,0.685,0.714,110.13,-4.196,1591,1524,LATE_GPS,0,0,FAIL
2843.145,4,DR_PM_GBA_CLOSED,1,1,OK,0,0,1,1,1,1,1,0.6147,-2.822,0.673,0.72,110.06,-4.229,1591,1524,LATE_GPS,0,0,FAIL
2843.195,4,DR_PM_GBA_CLOSED,1,1,OK,0,0,1,1,1,1,1,0.6137,-2.795,0.648,0.726,132.56,-4.254,1591,1524,LATE_GPS,0,0,FAIL
2843.245,4,DR_PM_GBA_CLOSED,1,1,OK,0,0,1,1,1,1,1,0.6127,-2.768,0.624,0.731,132.57,-4.278,1591,1524,LATE_GPS,0,0,FAIL
2843.295,4,DR_PM_GBA_CLOSED,1,1,OK,0,0,1,1,1,1,1,0.6117,-2.741,0.599,0.736,132.56,-4.301,1591,1524,LATE_GPS,0,0,FAIL
2843.345,4,DR_PM_GBA_CLOSED,1,1,OK,0,0,1,1,1,1,1,0.6107,-2.713,0.574,0.741,132.56,-4.324,1591,1524,LATE_GPS,0,0,FAIL
2843.395,4,DR_PM_GBA_CLOSED,1,1,OK,0,0,1,1,1,1,1,0.6097,-2.686,0.549,0.746,132.55,-4.346,1591,1524,LATE_GPS,0,0,FAIL
2843.446,4,DR_PM_GBA_CLOSED,1,1,OK,0,0,1,1,1,1,1,0.6087,-2.658,0.524,0.751,132.53,-4.366,1591,1524,LATE_GPS,0,0,FAIL
2843.496,4,DR_PM_GBA_CLOSED,1,1,OK,0,0,1,1,1,1,1,0.6077,-2.63,0.498,0.756,132.51,-4.386,1591,1524,LATE_GPS,0,0,FAIL
2843.546,4,DR_PM_GBA_CLOSED,1,1,OK,0,0,1,1,1,1,1,0.6067,-2.611,0.481,0.505,132.48,-2.923,1591,1524,LATE_GPS,0,0,FAIL
2843.596,4,DR_PM_GBA_CLOSED,1,1,OK,0,0,1,1,1,1,1,0.6057,-2.592,0.464,0.504,132.45,-2.918,1591,1524,LATE_GPS,0,0,FAIL
2843.646,4,DR_PM_GBA_CLOSED,1,1,OK,0,0,1,1,1,1,1,0.6047,-2.573,0.447,0.504,132.42,-2.912,1591,1524,LATE_GPS,0,0,FAIL
2843.696,4,DR_PM_GBA_CLOSED,1,1,OK,0,0,1,1,1,1,1,0.6037,-2.555,0.431,0.504,132.38,-2.907,1591,1524,LATE_GPS,0,0,FAIL
2843.746,4,DR_PM_GBA_CLOSED,1,1,OK,0,0,1,1,1,1,1,0.6027,-2.526,0.405,0.758,132.36,-4.363,1591,1524,LATE_GPS,0,0,FAIL
2843.796,4,DR_PM_GBA_CLOSED,1,1,OK,0,0,1,1,1,1,1,0.6017,-2.498,0.38,0.758,132.34,-4.355,1591,1524,LATE_GPS,0,0,FAIL
2843.847,4,DR_PM_GBA_CLOSED,1,1,OK,0,0,1,1,1,1,1,0.6007,-2.478,0.361,0.55,132.33,-3.155,1591,1524,LATE_GPS,0,0,FAIL
2843.897,4,DR_PM_GBA_CLOSED,1,1,OK,0,0,1,1,1,1,1,0.5997,-2.457,0.343,0.55,132.33,-3.15,1591,1524,LATE_GPS,0,0,FAIL
2843.947,4,DR_PM_GBA_CLOSED,1,1,OK,0,0,1,1,1,1,1,0.5987,-2.437,0.324,0.55,132.34,-3.145,1591,1524,LATE_GPS,0,0,FAIL
2843.997,4,DR_PM_GBA_CLOSED,1,1,OK,0,0,1,1,1,1,1,0.5977,-2.416,0.306,0.55,132.34,-3.139,1591,1524,LATE_GPS,0,0,FAIL
2844.047,4,DR_PM_GBA_CLOSED,1,1,OK,0,0,1,1,1,1,1,0.5967,-2.397,0.289,0.504,132.36,-2.87,1591,1524,LATE_GPS,0,0,FAIL
2844.097,4,DR_PM_GBA_CLOSED,1,1,OK,0,0,1,1,1,1,1,0.5957,-2.379,0.272,0.504,132.37,-2.865,1591,1524,LATE_GPS,0,0,FAIL
2844.147,4,DR_PM_GBA_CLOSED,1,1,OK,0,0,1,1,1,1,1,0.5947,-2.36,0.255,0.507,132.39,-2.881,1591,1524,LATE_GPS,0,0,FAIL
2844.197,4,DR_PM_GBA_CLOSED,1,1,OK,0,0,1,1,1,1,1,0.5937,-2.341,0.238,0.511,132.41,-2.895,1591,1524,LATE_GPS,0,0,FAIL
2844.248,4,DR_PM_GBA_CLOSED,1,1,OK,0,0,1,1,1,1,1,0.5927,-2.322,0.221,0.514,132.43,-2.909,1591,1524,LATE_GPS,0,0,FAIL
2844.298,4,DR_PM_GBA_CLOSED,1,1,OK,0,0,1,1,1,1,1,0.5917,-2.302,0.203,0.517,132.45,-2.923,1591,1524,LATE_GPS,0,0,FAIL
2844.348,4,DR_PM_GBA_CLOSED,1,1,OK,0,0,1,1,1,1,1,0.5907,-2.283,0.186,0.521,132.46,-2.936,1591,1524,LATE_GPS,0,0,FAIL
2844.398,4,DR_PM_GBA_CLOSED,1,1,OK,0,0,1,1,1,1,1,0.5897,-2.264,0.168,0.524,132.47,-2.949,1591,1524,LATE_GPS,0,0,FAIL
2844.448,4,DR_PM_GBA_CLOSED,1,1,OK,0,0,1,1,1,1,1,0.5887,-2.244,0.15,0.527,132.48,-2.961,1591,1524,LATE_GPS,0,0,FAIL
2844.498,4,DR_PM_GBA_CLOSED,1,1,OK,0,0,1,1,1,1,1,0.5877,-2.224,0.133,0.53,132.48,-2.973,1591,1524,LATE_GPS,0,0,FAIL
2844.548,4,DR_PM_GBA_CLOSED,1,1,OK,0,0,1,1,1,1,1,0.5867,-2.205,0.115,0.533,132.49,-2.984,1591,1524,LATE_GPS,0,0,FAIL
2844.598,4,DR_PM_GBA_CLOSED,1,1,OK,0,0,1,1,1,1,1,0.5857,-2.185,0.097,0.536,132.48,-2.995,1591,1524,LATE_GPS,0,0,FAIL
2844.649,4,DR_PM_GBA_CLOSED,1,1,OK,0,0,1,1,1,1,1,0.5847,-2.115,0.033,1.875,132.48,-10.468,1557,1491,LATE_GPS,0,0,FAIL
2844.699,4,DR_PM_GBA_CLOSED,1,1,OK,0,0,1,1,1,1,1,0.5836,-2.046,-0.03,1.875,132.47,-10.45,1535,1469,LATE_GPS,0,0,FAIL
2844.749,4,DR_PM_GBA_CLOSED,1,1,OK,0,0,1,1,1,1,1,0.5826,-1.997,-0.075,1.313,132.46,-7.307,1550,1484,LATE_GPS,0,0,FAIL
2844.799,4,DR_PM_GBA_CLOSED,1,1,OK,0,0,1,1,1,1,1,0.5816,-1.949,-0.119,1.313,132.45,-7.293,1550,1484,LATE_GPS,0,0,FAIL
2844.849,4,DR_PM_GBA_CLOSED,1,1,OK,0,0,1,1,1,1,1,0.5806,-1.896,-0.167,1.424,132.44,-7.895,1547,1481,LATE_GPS,0,0,FAIL
2844.899,4,DR_PM_GBA_CLOSED,1,1,OK,0,0,1,1,1,1,1,0.5796,-1.843,-0.215,1.424,132.43,-7.881,1547,1481,LATE_GPS,0,0,FAIL
2844.949,4,DR_PM_GBA_CLOSED,1,1,OK,0,0,1,1,1,1,1,0.5786,-1.806,-0.249,0.997,132.42,-5.511,1558,1491,LATE_GPS,0,0,FAIL
2844.999,4,DR_PM_GBA_CLOSED,1,1,OK,0,0,1,1,1,1,1,0.5776,-1.769,-0.282,0.997,132.41,-5.501,1558,1491,LATE_GPS,0,0,FAIL
2845.049,4,DR_PM_GBA_CLOSED,1,1,OK,0,0,1,1,1,1,1,0.5766,-1.732,-0.316,0.999,132.4,-5.503,1558,1491,LATE_GPS,0,0,FAIL
2845.1,4,DR_PM_GBA_CLOSED,1,1,OK,0,0,1,1,1,1,1,0.5756,-1.695,-0.35,1.002,132.38,-5.505,1558,1491,LATE_GPS,0,0,FAIL
2845.15,4,DR_PM_GBA_CLOSED,1,1,OK,0,0,1,1,1,1,1,0.5746,-1.658,-0.384,1.004,132.38,-5.507,1558,1491,LATE_GPS,0,0,FAIL
2845.2,4,DR_PM_GBA_CLOSED,1,1,OK,0,0,1,1,1,1,1,0.5736,-1.621,-0.418,1.006,132.37,-5.508,1558,1491,LATE_GPS,0,0,FAIL
2845.25,4,DR_PM_GBA_CLOSED,1,1,OK,0,0,1,1,1,1,1,0.5726,-1.583,-0.452,1.008,132.38,-5.51,1557,1491,LATE_GPS,0,0,FAIL
2845.3,4,DR_PM_GBA_CLOSED,1,1,OK,0,0,1,1,1,1,1,0.5716,-1.546,-0.486,1.01,132.38,-5.512,1557,1491,LATE_GPS,0,0,FAIL
2845.35,4,DR_PM_GBA_CLOSED,1,1,OK,0,0,1,1,1,1,1,0.5706,-1.508,-0.52,1.012,132.38,-5.513,1557,1491,LATE_GPS,0,0,FAIL
2845.4,4,DR_PM_GBA_CLOSED,1,1,OK,0,0,1,1,1,1,1,0.5696,-1.471,-0.554,1.014,132.38,-5.515,1557,1491,LATE_GPS,0,0,FAIL
2845.45,4,DR_PM_GBA_CLOSED,1,1,OK,0,0,1,1,1,1,1,0.5686,-1.433,-0.588,1.016,132.37,-5.516,1557,1491,LATE_GPS,0,0,FAIL
2845.501,4,DR_PM_GBA_CLOSED,1,1,OK,0,0,1,1,1,1,1,0.5676,-1.395,-0.622,1.018,132.37,-5.517,1557,1491,LATE_GPS,0,0,FAIL
2845.551,4,DR_PM_GBA_CLOSED,1,1,OK,0,0,1,1,1,1,1,0.5666,-1.357,-0.657,1.02,132.36,-5.518,1557,1491,LATE_GPS,0,0,FAIL
2845.601,4,DR_PM_GBA_CLOSED,1,1,OK,0,0,1,1,1,1,1,0.5656,-1.32,-0.691,1.022,132.36,-5.52,1557,1491,LATE_GPS,0,0,FAIL
2845.651,4,DR_PM_GBA_CLOSED,1,1,OK,0,0,1,1,1,1,1,0.5646,-1.301,-0.708,0.502,132.35,-2.707,1591,1524,LATE_GPS,0,0,FAIL
2845.701,4,DR_PM_GBA_CLOSED,1,1,OK,0,0,1,1,1,1,1,0.5636,-1.282,-0.725,0.502,132.34,-2.702,1591,1524,LATE_GPS,0,0,FAIL
2845.751,4,DR_PM_GBA_CLOSED,1,1,OK,0,0,1,1,1,1,1,0.5626,-1.264,-0.742,0.502,132.34,-2.697,1591,1524,LATE_GPS,0,0,FAIL
2845.801,4,DR_PM_GBA_CLOSED,1,1,OK,0,0,1,1,1,1,1,0.5616,-1.245,-0.759,0.502,132.33,-2.692,1591,1524,LATE_GPS,0,0,FAIL
2845.851,4,DR_PM_GBA_CLOSED,1,1,OK,0,0,1,1,1,1,1,0.5606,-1.226,-0.776,0.504,132.33,-2.697,1591,1524,LATE_GPS,0,0,FAIL
2845.902,4,DR_PM_GBA_CLOSED,1,1,OK,0,0,1,1,1,1,1,0.5596,-1.207,-0.793,0.506,132.32,-2.702,1591,1524,LATE_GPS,0,0,FAIL
2845.952,4,DR_PM_GBA_CLOSED,1,1,OK,0,0,1,1,1,1,1,0.5586,-1.178,-0.82,0.793,132.32,-4.228,1591,1524,LATE_GPS,0,0,FAIL
2846.003,4,DR_PM_GBA_CLOSED,1,1,OK,0,0,1,1,1,1,1,0.5576,-1.148,-0.847,0.793,132.31,-4.221,1591,1524,LATE_GPS,0,0,FAIL
2846.053,4,DR_PM_GBA_CLOSED,1,1,OK,0,0,1,1,1,1,1,0.5566,-1.127,-0.865,0.555,132.31,-2.951,1591,1524,LATE_GPS,0,0,FAIL
2846.104,4,DR_PM_GBA_CLOSED,1,1,OK,0,0,1,1,1,1,1,0.5555,-1.107,-0.884,0.555,132.32,-2.946,1591,1524,LATE_GPS,0,0,FAIL
2846.154,4,DR_PM_GBA_CLOSED,1,1,OK,0,0,1,1,1,1,1,0.5545,-1.086,-0.903,0.557,132.32,-2.949,1591,1524,LATE_GPS,0,0,FAIL
2846.205,4,DR_PM_GBA_CLOSED,1,1,OK,0,0,1,1,1,1,1,0.5535,-1.065,-0.922,0.559,132.33,-2.953,1591,1524,LATE_GPS,0,0,FAIL
2846.255,4,DR_PM_GBA_CLOSED,1,1,OK,0,0,1,1,1,1,1,0.5525,-1.044,-0.941,0.56,132.33,-2.956,1591,1524,LATE_GPS,0,0,FAIL
2846.305,4,DR_PM_GBA_CLOSED,1,1,OK,0,0,1,1,1,1,1,0.5515,-1.023,-0.96,0.562,132.33,-2.958,1591,1524,LATE_GPS,0,0,FAIL
2846.355,4,DR_PM_GBA_CLOSED,1,1,OK,0,0,1,1,1,1,1,0.5505,-1.002,-0.979,0.563,132.33,-2.96,1591,1524,LATE_GPS,0,0,FAIL
2846.405,4,DR_PM_GBA_CLOSED,1,1,OK,0,0,1,1,1,1,1,0.5495,-0.981,-0.998,0.564,132.33,-2.961,1591,1524,LATE_GPS,0,0,FAIL
2846.455,4,DR_PM_GBA_CLOSED,1,1,OK,0,0,1,1,1,1,1,0.5485,-0.861,-1.107,3.242,132.33,-16.982,1557,1491,LATE_GPS,0,0,FAIL
2846.505,4,DR_PM_GBA_CLOSED,1,1,OK,0,0,1,1,1,1,1,0.5475,-0.741,-1.217,3.242,132.33,-16.951,1524,1458,LATE_GPS,0,0,FAIL
2846.556,4,DR_PM_GBA_CLOSED,1,1,OK,0,0,1,1,1,1,1,0.5465,-0.713,-1.242,0.76,132.33,-3.968,1557,1491,LATE_GPS,0,0,FAIL
2846.606,4,DR_PM_GBA_CLOSED,1,1,OK,0,0,1,1,1,1,1,0.5455,-0.685,-1.268,0.76,132.33,-3.96,1591,1524,LATE_GPS,0,0,FAIL
2846.656,4,DR_PM_GBA_CLOSED,1,1,OK,0,0,1,1,1,1,1,0.5445,-0.608,-1.337,2.059,132.32,-10.708,1557,1491,LATE_GPS,0,0,FAIL
2846.706,4,DR_PM_GBA_CLOSED,1,1,OK,0,0,1,1,1,1,1,0.5435,-0.532,-1.407,2.059,132.32,-10.688,1534,1467,LATE_GPS,0,0,FAIL
2846.756,4,DR_PM_GBA_CLOSED,1,1,OK,0,0,1,1,1,1,1,0.5425,-0.478,-1.455,1.442,132.31,-7.47,1549,1483,LATE_GPS,0,0,FAIL
2846.806,4,DR_PM_GBA_CLOSED,1,1,OK,0,0,1,1,1,1,1,0.5415,-0.425,-1.504,1.442,132.31,-7.456,1549,1483,LATE_GPS,0,0,FAIL
2846.856,4,DR_PM_GBA_CLOSED,1,1,OK,0,0,1,1,1,1,1,0.5405,-0.371,-1.553,1.442,132.3,-7.442,1549,1483,LATE_GPS,0,0,FAIL
2846.906,4,DR_PM_GBA_CLOSED,1,1,OK,0,0,1,1,1,1,1,0.5395,-0.318,-1.601,1.442,132.29,-7.429,1549,1483,LATE_GPS,0,0,FAIL
2846.957,4,DR_PM_GBA_CLOSED,1,1,OK,0,0,1,1,1,1,1,0.5385,-0.264,-1.65,1.443,132.28,-7.421,1549,1483,LATE_GPS,0,0,FAIL
2847.007,4,DR_PM_GBA_CLOSED,1,1,OK,0,0,1,1,1,1,1,0.5375,-0.211,-1.698,1.444,132.27,-7.414,1550,1483,LATE_GPS,0,0,FAIL
2847.057,4,DR_PM_GBA_CLOSED,1,1,OK,0,0,1,1,1,1,1,0.5365,-0.157,-1.747,1.446,132.25,-7.406,1550,1483,LATE_GPS,0,0,FAIL
2847.107,4,DR_PM_GBA_CLOSED,1,1,OK,0,0,1,1,1,1,1,0.5355,-0.103,-1.796,1.447,132.25,-7.398,1549,1483,LATE_GPS,0,0,FAIL
2847.157,4,DR_PM_GBA_CLOSED,1,1,OK,0,0,1,1,1,1,1,0.5345,-0.05,-1.845,1.448,132.24,-7.39,1550,1483,LATE_GPS,0,0,FAIL
2847.207,4,DR_PM_GBA_CLOSED,1,1,OK,0,0,1,1,1,1,1,0.5335,0.004,-1.893,1.449,132.24,-7.381,1550,1483,LATE_GPS,0,0,FAIL
2847.257,4,DR_PM_GBA_CLOSED,1,1,OK,0,0,1,1,1,1,1,0.5325,0.058,-1.942,1.45,132.24,-7.373,1549,1483,LATE_GPS,0,0,FAIL
2847.307,4,DR_PM_GBA_CLOSED,1,1,OK,0,0,1,1,1,1,1,0.5315,0.112,-1.991,1.451,132.24,-7.365,1550,1483,LATE_GPS,0,0,FAIL
2847.358,4,DR_PM_GBA_CLOSED,1,1,OK,0,0,1,1,1,1,1,0.5305,0.166,-2.04,1.452,132.24,-7.356,1550,1483,LATE_GPS,0,0,FAIL
2847.408,4,DR_PM_GBA_CLOSED,1,1,OK,0,0,1,1,1,1,1,0.5295,0.22,-2.089,1.453,132.24,-7.348,1549,1483,LATE_GPS,0,0,FAIL
2847.458,4,DR_PM_GBA_CLOSED,1,1,OK,0,0,1,1,1,1,1,0.5285,0.274,-2.138,1.454,132.25,-7.339,1550,1483,LATE_GPS,0,0,FAIL
2847.508,4,DR_PM_GBA_CLOSED,1,1,OK,0,0,1,1,1,1,1,0.5275,0.328,-2.187,1.455,132.25,-7.33,1550,1483,LATE_GPS,0,0,FAIL
2847.558,4,DR_PM_GBA_CLOSED,1,1,OK,0,0,1,1,1,1,1,0.5265,0.365,-2.22,0.991,132.26,-4.98,1583,1517,LATE_GPS,0,0,FAIL
2847.608,4,DR_PM_GBA_CLOSED,1,1,OK,0,0,1,1,1,1,1,0.5255,0.401,-2.254,0.991,132.27,-4.97,1586,1519,LATE_GPS,0,0,FAIL
2847.658,4,DR_PM_GBA_CLOSED,1,1,OK,0,0,1,1,1,1,1,0.5245,0.427,-2.277,0.693,132.27,-3.473,1591,1524,LATE_GPS,0,0,FAIL
2847.708,4,DR_PM_GBA_CLOSED,1,1,OK,0,0,1,1,1,1,1,0.5235,0.453,-2.3,0.693,132.28,-3.466,1591,1524,LATE_GPS,0,0,FAIL
2847.759,4,DR_PM_GBA_CLOSED,1,1,OK,0,0,1,1,1,1,1,0.5225,0.508,-2.35,1.486,132.28,-7.412,1557,1491,LATE_GPS,0,0,FAIL
2847.809,4,DR_PM_GBA_CLOSED,1,1,OK,0,0,1,1,1,1,1,0.5214,0.563,-2.401,1.486,132.28,-7.398,1549,1483,LATE_GPS,0,0,FAIL
2847.859,4,DR_PM_GBA_CLOSED,1,1,OK,0,0,1,1,1,1,1,0.5204,0.602,-2.436,1.04,132.28,-5.17,1559,1493,LATE_GPS,0,0,FAIL
2847.909,4,DR_PM_GBA_CLOSED,1,1,OK,0,0,1,1,1,1,1,0.5194,0.64,-2.471,1.04,132.27,-5.16,1559,1493,LATE_GPS,0,0,FAIL
2847.959,4,DR_PM_GBA_CLOSED,1,1,OK,0,0,1,1,1,1,1,0.5184,0.667,-2.495,0.728,132.27,-3.606,1591,1524,LATE_GPS,0,0,FAIL
2848.009,4,DR_PM_GBA_CLOSED,1,1,OK,0,0,1,1,1,1,1,0.5174,0.694,-2.52,0.728,132.26,-3.599,1591,1524,LATE_GPS,0,0,FAIL
2848.059,4,DR_PM_GBA_CLOSED,1,1,OK,0,0,1,1,1,1,1,0.5164,0.721,-2.544,0.729,132.26,-3.596,1591,1524,LATE_GPS,0,0,FAIL
2848.109,4,DR_PM_GBA_CLOSED,1,1,OK,0,0,1,1,1,1,1,0.5154,0.748,-2.569,0.73,132.27,-3.593,1591,1524,LATE_GPS,0,0,FAIL
2848.16,4,DR_PM_GBA_CLOSED,1,1,OK,0,0,1,1,1,1,1,0.5144,0.776,-2.593,0.731,132.27,-3.59,1591,1524,LATE_GPS,0,0,FAIL
2848.21,4,DR_PM_GBA_CLOSED,1,1,OK,0,0,1,1,1,1,1,0.5134,0.803,-2.618,0.732,132.27,-3.587,1591,1524,LATE_GPS,0,0,FAIL
2848.26,4,DR_PM_GBA_CLOSED,1,1,OK,0,0,1,1,1,1,1,0.5124,0.832,-2.645,0.802,132.27,-3.924,1591,1524,LATE_GPS,0,0,FAIL
2848.31,4,DR_PM_GBA_CLOSED,1,1,OK,0,0,1,1,1,1,1,0.5114,0.862,-2.672,0.802,132.27,-3.916,1591,1524,LATE_GPS,0,0,FAIL
2848.36,4,DR_PM_GBA_CLOSED,1,1,OK,0,0,1,1,1,1,1,0.5104,0.882,-2.69,0.524,132.27,-2.552,1591,1524,LATE_GPS,0,0,FAIL
2848.41,4,DR_PM_GBA_CLOSED,1,1,OK,0,0,1,1,1,1,1,0.5094,0.901,-2.707,0.524,132.27,-2.547,1591,1524,LATE_GPS,0,0,FAIL
2848.46,4,DR_PM_GBA_CLOSED,1,1,OK,0,0,1,1,1,1,1,0.5084,0.92,-2.724,0.501,132.27,-2.431,1591,1524,LATE_GPS,0,0,FAIL
2848.51,4,DR_PM_GBA_CLOSED,1,1,OK,0,0,1,1,1,1,1,0.5074,0.938,-2.741,0.501,132.28,-2.426,1591,1524,LATE_GPS,0,0,FAIL
2848.561,4,DR_PM_GBA_CLOSED,1,1,OK,0,0,1,1,1,1,1,0.5064,0.957,-2.758,0.501,132.28,-2.422,1591,1524,LATE_GPS,0,0,FAIL
2848.611,4,DR_PM_GBA_CLOSED,1,1,OK,0,0,1,1,1,1,1,0.5054,0.975,-2.775,0.501,132.29,-2.417,1591,1524,LATE_GPS,0,0,FAIL
2848.661,4,DR_PM_GBA_CLOSED,1,1,OK,0,0,1,1,1,1,1,0.5044,1.019,-2.815,1.18,132.29,-5.683,1557,1491,LATE_GPS,0,0,FAIL
2848.711,4,DR_PM_GBA_CLOSED,1,1,OK,0,0,1,1,1,1,1,0.5034,1.063,-2.854,1.18,132.3,-5.672,1557,1490,LATE_GPS,0,0,FAIL
2848.761,4,DR_PM_GBA_CLOSED,1,1,OK,0,0,1,1,1,1,1,0.5024,1.107,-2.894,1.18,132.3,-5.661,1557,1491,LATE_GPS,0,0,FAIL
2848.811,4,DR_PM_GBA_CLOSED,1,1,OK,0,0,1,1,1,1,1,0.5014,1.15,-2.934,1.18,132.3,-5.649,1557,1491,LATE_GPS,0,0,FAIL
2848.861,4,DR_PM_GBA_CLOSED,1,1,OK,0,0,1,1,1,1,1,0.5004,1.194,-2.974,1.18,132.3,-5.64,1557,1491,LATE_GPS,0,0,FAIL
2848.911,4,DR_PM_GBA_CLOSED,1,1,OK,0,0,1,1,1,1,1,0.4995,1.238,-3.014,1.181,132.3,-5.632,1557,1491,LATE_GPS,0,0,FAIL
2848.961,4,DR_PM_GBA_CLOSED,1,1,OK,0,0,1,1,1,1,1,0.4987,1.282,-3.054,1.181,132.3,-5.625,1557,1491,LATE_GPS,0,0,FAIL
2849.012,4,DR_PM_GBA_CLOSED,1,1,OK,0,0,1,1,1,1,1,0.4978,1.326,-3.093,1.182,132.3,-5.619,1557,1491,LATE_GPS,0,0,FAIL
2849.062,4,DR_PM_GBA_CLOSED,1,1,OK,0,0,1,1,1,1,1,0.497,1.369,-3.133,1.183,132.29,-5.613,1557,1491,LATE_GPS,0,0,FAIL
2849.112,4,DR_PM_GBA_CLOSED,1,1,OK,0,0,1,1,1,1,1,0.4962,1.413,-3.173,1.183,132.29,-5.606,1557,1491,LATE_GPS,0,0,FAIL
2849.162,4,DR_PM_GBA_CLOSED,1,1,OK,0,0,1,1,1,1,1,0.4953,1.457,-3.213,1.184,132.28,-5.6,1557,1491,LATE_GPS,0,0,FAIL
2849.212,4,DR_PM_GBA_CLOSED,1,1,OK,0,0,1,1,1,1,1,0.4945,1.501,-3.253,1.185,132.28,-5.594,1557,1491,LATE_GPS,0,0,FAIL
2849.262,4,DR_PM_GBA_CLOSED,1,1,OK,0,0,1,1,1,1,1,0.4936,1.545,-3.293,1.185,132.27,-5.587,1557,1491,LATE_GPS,0,0,FAIL
2849.312,4,DR_PM_GBA_CLOSED,1,1,OK,0,0,1,1,1,1,1,0.4928,1.589,-3.333,1.186,132.27,-5.581,1557,1491,LATE_GPS,0,0,FAIL
2849.362,5,DR_PM_GBA_CLOSED,1,1,OK,0,0,1,1,1,1,1,0.492,1.633,-3.373,1.186,132.26,-5.573,1557,1491,LATE_GPS,0,0,FAIL
2849.413,5,DR_PM_GBA_CLOSED,1,1,OK,0,0,1,1,1,1,1,0.4911,1.677,-3.413,1.187,132.25,-5.566,1557,1491,LATE_GPS,0,0,FAIL
2849.463,5,DR_PM_GBA_CLOSED,1,1,OK,0,0,1,1,1,1,1,0.4903,1.721,-3.453,1.187,132.25,-5.558,1557,1491,LATE_GPS,0,0,FAIL
2849.513,5,DR_PM_GBA_CLOSED,1,1,OK,0,0,1,1,1,1,1,0.4895,1.765,-3.493,1.187,132.24,-5.55,1557,1491,LATE_GPS,0,0,FAIL
2849.563,5,DR_PM_GBA_CLOSED,1,1,OK,0,0,1,1,1,1,1,0.4886,1.803,-3.527,1.012,132.24,-4.721,1591,1524,LATE_GPS,0,0,FAIL
2849.613,5,DR_PM_GBA_CLOSED,1,1,OK,0,0,1,1,1,1,1,0.4878,1.84,-3.561,1.012,132.23,-4.714,1591,1524,LATE_GPS,0,0,FAIL
2849.663,5,DR_PM_GBA_CLOSED,1,1,OK,0,0,1,1,1,1,1,0.487,1.867,-3.585,0.709,132.23,-3.295,1591,1524,LATE_GPS,0,0,FAIL
2849.713,5,DR_PM_GBA_CLOSED,1,1,OK,0,0,1,1,1,1,1,0.4861,1.893,-3.609,0.709,132.23,-3.289,1591,1524,LATE_GPS,0,0,FAIL
2849.763,5,DR_PM_GBA_CLOSED,1,1,OK,0,0,1,1,1,1,1,0.4853,1.949,-3.66,1.517,132.23,-7.032,1557,1491,LATE_GPS,0,0,FAIL
2849.814,5,DR_PM_GBA_CLOSED,1,1,OK,0,0,1,1,1,1,1,0.4845,2.006,-3.711,1.517,132.22,-7.02,1551,1485,LATE_GPS,0,0,FAIL
2849.864,5,DR_PM_GBA_CLOSED,1,1,OK,0,0,1,1,1,1,1,0.4836,2.045,-3.747,1.062,132.22,-4.906,1585,1518,LATE_GPS,0,0,FAIL
2849.914,5,DR_PM_GBA_CLOSED,1,1,OK,0,0,1,1,1,1,1,0.4828,2.085,-3.782,1.062,132.21,-4.897,1591,1524,LATE_GPS,0,0,FAIL
2849.964,5,DR_PM_GBA_CLOSED,1,1,OK,0,0,1,1,1,1,1,0.482,2.124,-3.818,1.062,132.21,-4.889,1591,1524,LATE_GPS,0,0,FAIL
2850.014,5,DR_PM_GBA_CLOSED,1,1,OK,0,0,1,1,1,1,1,0.4811,2.163,-3.854,1.062,132.21,-4.88,1591,1524,LATE_GPS,0,0,FAIL
2850.064,5,DR_PM_GBA_CLOSED,1,1,OK,0,0,1,1,1,1,1,0.4803,2.191,-3.879,0.744,132.21,-3.411,1591,1524,LATE_GPS,0,0,FAIL
2850.114,5,DR_PM_GBA_CLOSED,1,1,OK,0,0,1,1,1,1,1,0.4794,2.219,-3.904,0.744,132.22,-3.405,1591,1524,LATE_GPS,0,0,FAIL
2850.164,5,DR_PM_GBA_CLOSED,1,1,OK,0,0,1,1,1,1,1,0.4786,2.246,-3.929,0.744,132.22,-3.401,1591,1524,LATE_GPS,0,0,FAIL
2850.215,5,DR_PM_GBA_CLOSED,1,1,OK,0,0,1,1,1,1,1,0.4778,2.274,-3.954,0.745,132.22,-3.397,1591,1524,LATE_GPS,0,0,FAIL
2850.265,5,DR_PM_GBA_CLOSED,1,1,OK,0,0,1,1,1,1,1,0.4769,2.345,-4.018,1.903,132.22,-8.667,1557,1491,LATE_GPS,0,0,FAIL
2850.315,5,DR_PM_GBA_CLOSED,1,1,OK,0,0,1,1,1,1,1,0.4761,2.415,-4.082,1.903,132.22,-8.652,1544,1477,LATE_GPS,0,0,FAIL
2850.365,5,DR_PM_GBA_CLOSED,1,1,OK,0,0,1,1,1,1,1,0.4753,2.446,-4.11,0.83,132.22,-3.766,1577,1511,LATE_GPS,0,0,FAIL
2850.415,5,DR_PM_GBA_CLOSED,1,1,OK,0,0,1,1,1,1,1,0.4744,2.477,-4.138,0.83,132.22,-3.76,1591,1524,LATE_GPS,0,0,FAIL
2850.465,5,DR_PM_GBA_CLOSED,1,1,OK,0,0,1,1,1,1,1,0.4736,2.498,-4.158,0.581,132.23,-2.628,1591,1524,LATE_GPS,0,0,FAIL
2850.515,5,DR_PM_GBA_CLOSED,1,1,OK,0,0,1,1,1,1,1,0.4728,2.52,-4.177,0.581,132.23,-2.623,1591,1524,LATE_GPS,0,0,FAIL
2850.565,5,DR_PM_GBA_CLOSED,1,1,OK,0,0,1,1,1,1,1,0.4719,2.542,-4.197,0.581,132.23,-2.618,1591,1524,LATE_GPS,0,0,FAIL
2850.616,5,DR_PM_GBA_CLOSED,1,1,OK,0,0,1,1,1,1,1,0.4711,2.563,-4.217,0.581,132.23,-2.614,1591,1524,LATE_GPS,0,0,FAIL
2850.666,5,DR_PM_GBA_CLOSED,1,1,OK,0,0,1,1,1,1,1,0.4703,2.597,-4.247,0.902,132.23,-4.051,1591,1524,LATE_GPS,0,0,FAIL
2850.716,5,DR_PM_GBA_CLOSED,1,1,OK,0,0,1,1,1,1,1,0.4694,2.63,-4.277,0.902,132.23,-4.043,1591,1524,LATE_GPS,0,0,FAIL
2850.766,5,DR_PM_GBA_CLOSED,1,1,OK,0,0,1,1,1,1,1,0.4686,2.654,-4.299,0.631,132.24,-2.825,1591,1524,LATE_GPS,0,0,FAIL
2850.816,5,DR_PM_GBA_CLOSED,1,1,OK,0,0,1,1,1,1,1,0.4678,2.677,-4.32,0.631,132.24,-2.82,1591,1524,LATE_GPS,0,0,FAIL
2850.866,5,DR_PM_GBA_CLOSED,1,1,OK,0,0,1,1,1,1,1,0.4669,2.696,-4.337,0.5,132.25,-2.231,1591,1524,LATE_GPS,0,0,FAIL
2850.916,5,DR_PM_GBA_CLOSED,1,1,OK,0,0,1,1,1,1,1,0.4661,2.714,-4.354,0.5,132.26,-2.227,1591,1524,LATE_GPS,0,0,FAIL
2850.966,5,DR_PM_GBA_CLOSED,1,1,OK,0,0,1,1,1,1,1,0.4652,2.733,-4.37,0.5,132.26,-2.223,1591,1524,LATE_GPS,0,0,FAIL
2851.017,5,DR_PM_GBA_CLOSED,1,1,OK,0,0,1,1,1,1,1,0.4644,2.751,-4.387,0.5,132.26,-2.219,1591,1524,LATE_GPS,0,0,FAIL
2851.067,5,DR_PM_GBA_CLOSED,1,1,OK,0,0,1,1,1,1,1,0.4636,2.77,-4.404,0.501,132.26,-2.217,1591,1524,LATE_GPS,0,0,FAIL
2851.117,5,DR_PM_GBA_CLOSED,1,1,OK,0,0,1,1,1,1,1,0.4627,2.788,-4.421,0.501,132.26,-2.214,1591,1524,LATE_GPS,0,0,FAIL
2851.167,5,DR_PM_GBA_CLOSED,1,1,OK,0,0,1,1,1,1,1,0.4619,2.807,-4.438,0.501,132.26,-2.211,1591,1524,LATE_GPS,0,0,FAIL
2851.217,5,DR_PM_GBA_CLOSED,1,1,OK,0,0,1,1,1,1,1,0.4611,2.826,-4.455,0.502,132.26,-2.208,1591,1524,LATE_GPS,0,0,FAIL
2851.267,5,DR_PM_GBA_CLOSED,1,1,OK,0,0,1,1,1,1,1,0.4602,2.844,-4.472,0.502,132.25,-2.206,1591,1524,LATE_GPS,0,0,FAIL
2851.317,5,DR_PM_GBA_CLOSED,1,1,OK,0,0,1,1,1,1,1,0.4594,2.863,-4.489,0.502,132.24,-2.204,1591,1524,LATE_GPS,0,0,FAIL
2851.367,5,DR_PM_GBA_CLOSED,1,1,OK,0,0,1,1,1,1,1,0.4586,2.881,-4.506,0.502,132.23,-2.2,1591,1524,LATE_GPS,0,0,FAIL
2851.418,5,DR_PM_GBA_CLOSED,1,1,OK,0,0,1,1,1,1,1,0.4577,2.9,-4.523,0.503,132.23,-2.197,1591,1524,LATE_GPS,0,0,FAIL
2851.468,5,DR_PM_GBA_CLOSED,1,1,OK,0,0,1,1,1,1,1,0.4569,2.919,-4.54,0.503,132.23,-2.194,1591,1524,LATE_GPS,0,0,FAIL
2851.518,5,DR_PM_GBA_CLOSED,1,1,OK,0,0,1,1,1,1,1,0.4561,2.937,-4.557,0.503,132.23,-2.191,1591,1524,LATE_GPS,0,0,FAIL
2851.568,5,DR_PM_GBA_CLOSED,1,1,OK,0,0,1,1,1,1,1,0.4552,2.956,-4.573,0.5,132.23,-2.175,1591,1524,LATE_GPS,0,0,FAIL
2851.618,5,DR_PM_GBA_CLOSED,1,1,OK,0,0,1,1,1,1,1,0.4544,2.975,-4.59,0.5,132.23,-2.171,1591,1524,LATE_GPS,0,0,FAIL
2851.668,5,DR_PM_GBA_CLOSED,1,1,OK,0,0,1,1,1,1,1,0.4535,2.993,-4.607,0.5,132.22,-2.167,1591,1524,LATE_GPS,0,0,FAIL
2851.718,5,DR_PM_GBA_CLOSED,1,1,OK,0,0,1,1,1,1,1,0.4527,3.012,-4.624,0.5,132.22,-2.163,1591,1524,LATE_GPS,0,0,FAIL
2851.768,5,DR_PM_GBA_CLOSED,1,1,OK,0,0,1,1,1,1,1,0.4519,3.041,-4.651,0.791,132.22,-3.414,1591,1524,LATE_GPS,0,0,FAIL
2851.819,5,DR_PM_GBA_CLOSED,1,1,OK,0,0,1,1,1,1,1,0.451,3.07,-4.677,0.791,132.23,-3.408,1591,1524,LATE_GPS,0,0,FAIL
2851.869,5,DR_PM_GBA_CLOSED,1,1,OK,0,0,1,1,1,1,1,0.4502,3.127,-4.729,1.525,132.23,-6.557,1557,1491,LATE_GPS,0,0,FAIL
2851.919,5,DR_PM_GBA_CLOSED,1,1,OK,0,0,1,1,1,1,1,0.4494,3.184,-4.78,1.525,132.23,-6.545,1553,1487,LATE_GPS,0,0,FAIL
2851.969,5,DR_PM_GBA_CLOSED,1,1,OK,0,0,1,1,1,1,1,0.4485,3.223,-4.816,1.068,132.23,-4.572,1587,1520,LATE_GPS,0,0,FAIL
2852.019,5,DR_PM_GBA_CLOSED,1,1,OK,0,0,1,1,1,1,1,0.4477,3.263,-4.852,1.068,132.23,-4.564,1591,1524,LATE_GPS,0,0,FAIL
2852.069,5,DR_PM_GBA_CLOSED,1,1,OK,0,0,1,1,1,1,1,0.4469,3.291,-4.877,0.747,132.22,-3.189,1591,1524,LATE_GPS,0,0,FAIL
2852.119,5,DR_PM_GBA_CLOSED,1,1,OK,0,0,1,1,1,1,1,0.446,3.318,-4.902,0.747,132.22,-3.183,1591,1524,LATE_GPS,0,0,FAIL
2852.169,5,DR_PM_GBA_CLOSED,1,1,OK,0,0,1,1,1,1,1,0.4452,3.338,-4.92,0.523,132.21,-2.224,1591,1524,LATE_GPS,0,0,FAIL
2852.219,5,DR_PM_GBA_CLOSED,1,1,OK,0,0,1,1,1,1,1,0.4444,3.357,-4.937,0.523,132.21,-2.22,1591,1524,LATE_GPS,0,0,FAIL
2852.27,5,DR_PM_GBA_CLOSED,1,1,OK,0,0,1,1,1,1,1,0.4435,3.377,-4.955,0.523,132.2,-2.216,1591,1524,LATE_GPS,0,0,FAIL
2852.32,5,DR_PM_GBA_CLOSED,1,1,OK,0,0,1,1,1,1,1,0.4427,3.396,-4.973,0.523,132.2,-2.212,1591,1524,LATE_GPS,0,0,FAIL
2852.37,5,DR_PM_GBA_CLOSED,1,1,OK,0,0,1,1,1,1,1,0.4419,3.415,-4.99,0.5,132.2,-2.111,1591,1524,LATE_GPS,0,0,FAIL
2852.42,5,DR_PM_GBA_CLOSED,1,1,OK,0,0,1,1,1,1,1,0.441,3.433,-5.006,0.5,132.2,-2.107,1591,1524,LATE_GPS,0,0,FAIL
2852.47,5,DR_PM_GBA_CLOSED,1,1,OK,0,0,1,1,1,1,1,0.4402,3.452,-5.023,0.5,132.2,-2.103,1591,1524,LATE_GPS,0,0,FAIL
2852.52,5,DR_PM_GBA_CLOSED,1,1,OK,0,0,1,1,1,1,1,0.4393,3.47,-5.04,0.5,132.2,-2.099,1591,1524,LATE_GPS,0,0,FAIL
2852.57,5,DR_PM_GBA_CLOSED,1,1,OK,0,0,1,1,1,1,1,0.4385,3.495,-5.062,0.654,132.2,-2.739,1591,1524,LATE_GPS,0,0,FAIL
2852.62,5,DR_PM_GBA_CLOSED,1,1,OK,0,0,1,1,1,1,1,0.4377,3.519,-5.084,0.654,132.2,-2.734,1591,1524,LATE_GPS,0,0,FAIL
2852.671,5,DR_PM_GBA_CLOSED,1,1,OK,0,0,1,1,1,1,1,0.4368,3.537,-5.101,0.5,132.2,-2.087,1591,1524,LATE_GPS,0,0,FAIL
2852.721,5,DR_PM_GBA_CLOSED,1,1,OK,0,0,1,1,1,1,1,0.436,3.556,-5.118,0.5,132.2,-2.083,1591,1524,LATE_GPS,0,0,FAIL
2852.771,5,DR_PM_GBA_CLOSED,1,1,OK,0,0,1,1,1,1,1,0.4352,3.575,-5.135,0.501,132.2,-2.08,1591,1524,LATE_GPS,0,0,FAIL
2852.821,5,DR_PM_GBA_CLOSED,1,1,OK,0,0,1,1,1,1,1,0.4343,3.593,-5.152,0.501,132.2,-2.077,1591,1524,LATE_GPS,0,0,FAIL
2852.871,5,DR_PM_GBA_CLOSED,1,1,OK,0,0,1,1,1,1,1,0.4335,3.612,-5.168,0.501,132.2,-2.074,1591,1524,LATE_GPS,0,0,FAIL
2852.921,5,DR_PM_GBA_CLOSED,1,1,OK,0,0,1,1,1,1,1,0.4327,3.63,-5.185,0.501,132.2,-2.071,1591,1524,LATE_GPS,0,0,FAIL
2852.971,5,DR_PM_GBA_CLOSED,1,1,OK,0,0,1,1,1,1,1,0.4318,3.649,-5.202,0.5,132.2,-2.063,1591,1524,LATE_GPS,0,0,FAIL
2853.021,5,DR_PM_GBA_CLOSED,1,1,OK,0,0,1,1,1,1,1,0.431,3.668,-5.219,0.5,132.2,-2.059,1591,1524,LATE_GPS,0,0,FAIL
2853.071,5,DR_PM_GBA_CLOSED,1,1,OK,0,0,1,1,1,1,1,0.4302,3.686,-5.236,0.501,132.2,-2.056,1591,1524,LATE_GPS,0,0,FAIL
2853.122,5,DR_PM_GBA_CLOSED,1,1,OK,0,0,1,1,1,1,1,0.4293,3.705,-5.253,0.501,132.2,-2.053,1591,1524,LATE_GPS,0,0,FAIL
2853.172,5,DR_PM_GBA_CLOSED,1,1,OK,0,0,1,1,1,1,1,0.4285,3.723,-5.27,0.501,132.2,-2.05,1591,1524,LATE_GPS,0,0,FAIL
2853.222,5,DR_PM_GBA_CLOSED,1,1,OK,0,0,1,1,1,1,1,0.4277,3.742,-5.286,0.501,132.2,-2.047,1591,1524,LATE_GPS,0,0,FAIL
2853.272,5,DR_PM_GBA_CLOSED,1,1,OK,0,0,1,1,1,1,1,0.4268,3.761,-5.303,0.502,132.2,-2.044,1591,1524,LATE_GPS,0,0,FAIL
2853.322,5,DR_PM_GBA_CLOSED,1,1,OK,0,0,1,1,1,1,1,0.426,3.779,-5.32,0.502,132.2,-2.041,1591,1524,LATE_GPS,0,0,FAIL
2853.372,5,DR_PM_GBA_CLOSED,1,1,OK,0,0,1,1,1,1,1,0.4251,3.81,-5.348,0.823,132.2,-3.34,1591,1524,LATE_GPS,0,0,FAIL
2853.422,5,DR_PM_GBA_CLOSED,1,1,OK,0,0,1,1,1,1,1,0.4243,3.84,-5.376,0.823,132.2,-3.333,1591,1524,LATE_GPS,0,0,FAIL
