time,state,control_mode,l1input_valid,l1output_valid,fail_reason,gps_pos_fresh,gps_motion_fresh,imu_gyrz_fresh,imu_yaw_fresh,baro_sink_fresh,acc_fresh,dr_current_valid,dr_confidence,nav_E,nav_N,nav_V,nav_course_deg,yaw_rate_cmd_dps,left_pwm_est,right_pwm_est,origin_lock_source,yaw_saturated,servo_saturated,before_mode
17245.613,0,FAIL,0,0,NO_ORIGIN,0,0,1,1,1,1,0,0.0,,,,,0.0,1591,1524,,0,0,FAIL
17245.663,0,FAIL,0,0,NO_ORIGIN,0,0,1,1,1,1,0,0.0,,,,,0.0,1591,1524,,0,0,FAIL
17245.713,0,FAIL,0,0,NO_ORIGIN,0,0,1,1,1,1,0,0.0,,,,,0.0,1591,1524,,0,0,FAIL
17245.763,0,FAIL,0,0,NO_ORIGIN,0,0,1,1,1,1,0,0.0,,,,,0.0,1591,1524,,0,0,FAIL
17245.813,0,FAIL,0,0,NO_ORIGIN,0,0,1,1,1,1,0,0.0,,,,,0.0,1591,1524,,0,0,FAIL
17245.863,0,FAIL,0,0,NO_ORIGIN,0,0,1,1,1,1,0,0.0,,,,,0.0,1591,1524,,0,0,FAIL
17245.914,0,FAIL,0,0,NO_ORIGIN,0,0,1,1,1,1,0,0.0,,,,,0.0,1591,1524,,0,0,FAIL
17245.964,0,FAIL,0,0,NO_ORIGIN,0,0,1,1,1,1,0,0.0,,,,,0.0,1591,1524,,0,0,FAIL
17246.014,0,FAIL,0,0,NO_ORIGIN,0,0,1,1,1,1,0,0.0,,,,,0.0,1591,1524,,0,0,FAIL
17246.064,0,FAIL,0,0,NO_ORIGIN,0,0,1,1,1,1,0,0.0,,,,,0.0,1591,1524,,0,0,FAIL
17246.114,0,FAIL,0,0,NO_ORIGIN,0,0,1,1,1,1,0,0.0,,,,,0.0,1591,1524,,0,0,FAIL
17246.165,0,FAIL,0,0,NO_ORIGIN,0,0,1,1,1,1,0,0.0,,,,,0.0,1591,1524,,0,0,FAIL
17246.215,0,FAIL,0,0,NO_ORIGIN,0,0,1,1,1,1,0,0.0,,,,,0.0,1591,1524,,0,0,FAIL
17246.265,0,FAIL,0,0,NO_ORIGIN,0,0,1,1,1,1,0,0.0,,,,,0.0,1591,1524,,0,0,FAIL
17246.316,0,FAIL,0,0,NO_ORIGIN,0,0,1,1,1,1,0,0.0,,,,,0.0,1591,1524,,0,0,FAIL
17246.366,0,FAIL,0,0,NO_ORIGIN,0,0,1,1,1,1,0,0.0,,,,,0.0,1591,1524,,0,0,FAIL
17246.416,0,FAIL,0,0,NO_ORIGIN,0,0,1,1,1,1,0,0.0,,,,,0.0,1591,1524,,0,0,FAIL
17246.466,0,FAIL,0,0,NO_ORIGIN,0,0,1,1,1,1,0,0.0,,,,,0.0,1591,1524,,0,0,FAIL
17246.517,0,FAIL,0,0,NO_ORIGIN,0,0,1,1,1,1,0,0.0,,,,,0.0,1591,1524,,0,0,FAIL
17246.567,0,FAIL,0,0,NO_ORIGIN,0,0,1,1,1,1,0,0.0,,,,,0.0,1591,1524,,0,0,FAIL
17246.617,0,FAIL,0,0,NO_ORIGIN,0,0,1,1,1,1,0,0.0,,,,,0.0,1591,1524,,0,0,FAIL
17246.667,0,FAIL,0,0,NO_ORIGIN,0,0,1,1,1,1,0,0.0,,,,,0.0,1591,1524,,0,0,FAIL
17246.717,0,FAIL,0,0,NO_ORIGIN,0,0,1,1,1,1,0,0.0,,,,,0.0,1591,1524,,0,0,FAIL
17246.767,0,FAIL,0,0,NO_ORIGIN,0,0,1,1,1,1,0,0.0,,,,,0.0,1591,1524,,0,0,FAIL
17246.818,0,FAIL,0,0,NO_ORIGIN,0,0,1,1,1,1,0,0.0,,,,,0.0,1591,1524,,0,0,FAIL
17246.868,0,FAIL,0,0,NO_ORIGIN,0,0,1,1,1,1,0,0.0,,,,,0.0,1591,1524,,0,0,FAIL
17246.918,0,FAIL,0,0,NO_ORIGIN,0,0,1,1,1,1,0,0.0,,,,,0.0,1591,1524,,0,0,FAIL
17246.968,0,FAIL,0,0,NO_ORIGIN,0,0,1,1,1,1,0,0.0,,,,,0.0,1591,1524,,0,0,FAIL
17247.018,0,FAIL,0,0,NO_ORIGIN,0,0,1,1,1,1,0,0.0,,,,,0.0,1591,1524,,0,0,FAIL
17247.068,0,FAIL,0,0,NO_ORIGIN,0,0,1,1,1,1,0,0.0,,,,,0.0,1591,1524,,0,0,FAIL
17247.119,0,FAIL,0,0,NO_ORIGIN,0,0,1,1,1,1,0,0.0,,,,,0.0,1591,1524,,0,0,FAIL
17247.169,0,FAIL,0,0,NO_ORIGIN,0,0,1,1,1,1,0,0.0,,,,,0.0,1591,1524,,0,0,FAIL
17247.219,0,FAIL,0,0,NO_ORIGIN,0,0,1,1,1,1,0,0.0,,,,,0.0,1591,1524,,0,0,FAIL
17247.269,0,FAIL,0,0,NO_ORIGIN,0,0,1,1,1,1,0,0.0,,,,,0.0,1591,1524,,0,0,FAIL
17247.319,0,FAIL,0,0,NO_ORIGIN,0,0,1,1,1,1,0,0.0,,,,,0.0,1591,1524,,0,0,FAIL
17247.369,0,FAIL,0,0,NO_ORIGIN,0,0,1,1,1,1,0,0.0,,,,,0.0,1591,1524,,0,0,FAIL
17247.42,0,FAIL,0,0,NO_ORIGIN,0,0,1,1,1,1,0,0.0,,,,,0.0,1591,1524,,0,0,FAIL
17247.47,0,FAIL,0,0,NO_ORIGIN,0,0,1,1,1,1,0,0.0,,,,,0.0,1591,1524,,0,0,FAIL
17247.52,0,FAIL,0,0,NO_ORIGIN,0,0,1,1,1,1,0,0.0,,,,,0.0,1591,1524,,0,0,FAIL
17247.57,0,FAIL,0,0,NO_ORIGIN,0,0,1,1,1,1,0,0.0,,,,,0.0,1591,1524,,0,0,FAIL
17247.62,0,FAIL,0,0,NO_ORIGIN,0,0,1,1,1,1,0,0.0,,,,,0.0,1591,1524,,0,0,FAIL
17247.67,0,FAIL,0,0,NO_ORIGIN,0,0,1,1,1,1,0,0.0,,,,,0.0,1591,1524,,0,0,FAIL
17247.721,0,FAIL,0,0,NO_ORIGIN,0,0,1,1,1,1,0,0.0,,,,,0.0,1591,1524,,0,0,FAIL
17247.771,0,FAIL,0,0,NO_ORIGIN,0,0,1,1,1,1,0,0.0,,,,,0.0,1591,1524,,0,0,FAIL
17247.821,0,FAIL,0,0,NO_ORIGIN,0,0,1,1,1,1,0,0.0,,,,,0.0,1591,1524,,0,0,FAIL
17247.871,0,FAIL,0,0,NO_ORIGIN,0,0,1,1,1,1,0,0.0,,,,,0.0,1591,1524,,0,0,FAIL
17247.921,0,FAIL,0,0,NO_ORIGIN,0,0,1,1,1,1,0,0.0,,,,,0.0,1591,1524,,0,0,FAIL
17247.971,0,FAIL,0,0,NO_ORIGIN,0,0,1,1,1,1,0,0.0,,,,,0.0,1591,1524,,0,0,FAIL
17248.022,0,FAIL,0,0,NO_ORIGIN,0,0,1,1,1,1,0,0.0,,,,,0.0,1591,1524,,0,0,FAIL
17248.072,0,FAIL,0,0,NO_ORIGIN,0,0,1,1,1,1,0,0.0,,,,,0.0,1591,1524,,0,0,FAIL
17248.122,0,FAIL,0,0,NO_ORIGIN,0,0,1,1,1,1,0,0.0,,,,,0.0,1591,1524,,0,0,FAIL
17248.172,0,FAIL,0,0,NO_ORIGIN,0,0,1,1,1,1,0,0.0,,,,,0.0,1591,1524,,0,0,FAIL
17248.223,0,FAIL,0,0,NO_ORIGIN,0,0,1,1,1,1,0,0.0,,,,,0.0,1591,1524,,0,0,FAIL
17248.273,0,FAIL,0,0,NO_ORIGIN,0,0,1,1,1,1,0,0.0,,,,,0.0,1591,1524,,0,0,FAIL
17248.323,0,FAIL,0,0,NO_ORIGIN,0,0,1,1,1,1,0,0.0,,,,,0.0,1591,1524,,0,0,FAIL
17248.373,0,FAIL,0,0,NO_ORIGIN,0,0,1,1,1,1,0,0.0,,,,,0.0,1591,1524,,0,0,FAIL
17248.423,0,FAIL,0,0,NO_ORIGIN,0,0,1,1,1,1,0,0.0,,,,,0.0,1591,1524,,0,0,FAIL
17248.474,0,FAIL,0,0,NO_ORIGIN,0,0,1,1,1,1,0,0.0,,,,,0.0,1591,1524,,0,0,FAIL
17248.524,0,FAIL,0,0,NO_ORIGIN,0,0,1,1,1,1,0,0.0,,,,,0.0,1591,1524,,0,0,FAIL
17248.574,0,FAIL,0,0,NO_ORIGIN,0,0,1,1,1,1,0,0.0,,,,,0.0,1591,1524,,0,0,FAIL
17248.624,0,FAIL,0,0,NO_ORIGIN,0,0,1,1,1,1,0,0.0,,,,,0.0,1591,1524,,0,0,FAIL
17248.675,0,FAIL,0,0,NO_ORIGIN,0,0,1,1,1,1,0,0.0,,,,,0.0,1591,1524,,0,0,FAIL
17248.725,0,FAIL,0,0,NO_ORIGIN,0,0,1,1,1,1,0,0.0,,,,,0.0,1591,1524,,0,0,FAIL
17248.776,0,FAIL,0,0,NO_ORIGIN,0,0,1,1,1,1,0,0.0,,,,,0.0,1591,1524,,0,0,FAIL
17248.826,0,FAIL,0,0,NO_ORIGIN,0,0,1,1,1,1,0,0.0,,,,,0.0,1591,1524,,0,0,FAIL
17248.876,0,FAIL,0,0,NO_ORIGIN,0,0,1,1,1,1,0,0.0,,,,,0.0,1591,1524,,0,0,FAIL
17248.926,0,FAIL,0,0,NO_ORIGIN,0,0,1,1,1,1,0,0.0,,,,,0.0,1591,1524,,0,0,FAIL
17248.98,0,FAIL,0,0,NO_ORIGIN,0,0,1,1,1,1,0,0.0,,,,,0.0,1591,1524,,0,0,FAIL
17249.031,0,FAIL,0,0,NO_ORIGIN,0,0,1,1,1,1,0,0.0,,,,,0.0,1591,1524,,0,0,FAIL
17249.081,0,FAIL,0,0,NO_ORIGIN,0,0,1,1,1,1,0,0.0,,,,,0.0,1591,1524,,0,0,FAIL
17249.131,0,FAIL,0,0,NO_ORIGIN,0,0,1,1,1,1,0,0.0,,,,,0.0,1591,1524,,0,0,FAIL
17249.182,0,FAIL,0,0,NO_ORIGIN,0,0,1,1,1,1,0,0.0,,,,,0.0,1591,1524,,0,0,FAIL
17249.232,0,FAIL,0,0,NO_ORIGIN,0,0,1,1,1,1,0,0.0,,,,,0.0,1591,1524,,0,0,FAIL
17249.282,0,FAIL,0,0,NO_ORIGIN,0,0,1,1,1,1,0,0.0,,,,,0.0,1591,1524,,0,0,FAIL
17249.332,0,FAIL,0,0,NO_ORIGIN,0,0,1,1,1,1,0,0.0,,,,,0.0,1591,1524,,0,0,FAIL
17249.382,0,FAIL,0,0,NO_ORIGIN,0,0,1,1,1,1,0,0.0,,,,,0.0,1591,1524,,0,0,FAIL
17249.433,0,FAIL,0,0,NO_ORIGIN,0,0,1,1,1,1,0,0.0,,,,,0.0,1591,1524,,0,0,FAIL
17249.483,0,FAIL,0,0,NO_ORIGIN,0,0,1,1,1,1,0,0.0,,,,,0.0,1591,1524,,0,0,FAIL
17249.533,0,FAIL,0,0,NO_ORIGIN,0,0,1,1,1,1,0,0.0,,,,,0.0,1591,1524,,0,0,FAIL
17249.583,0,FAIL,0,0,NO_ORIGIN,0,0,1,1,1,1,0,0.0,,,,,0.0,1591,1524,,0,0,FAIL
17249.633,0,FAIL,0,0,NO_ORIGIN,0,0,1,1,1,1,0,0.0,,,,,0.0,1591,1524,,0,0,FAIL
17249.684,0,FAIL,0,0,NO_ORIGIN,0,0,1,1,1,1,0,0.0,,,,,0.0,1591,1524,,0,0,FAIL
17249.734,0,FAIL,0,0,NO_ORIGIN,0,0,1,1,1,1,0,0.0,,,,,0.0,1591,1524,,0,0,FAIL
17249.784,0,FAIL,0,0,NO_ORIGIN,0,0,1,1,1,1,0,0.0,,,,,0.0,1591,1524,,0,0,FAIL
17249.834,0,FAIL,0,0,NO_ORIGIN,0,0,1,1,1,1,0,0.0,,,,,0.0,1591,1524,,0,0,FAIL
17249.884,0,FAIL,0,0,NO_ORIGIN,0,0,1,1,1,1,0,0.0,,,,,0.0,1591,1524,,0,0,FAIL
17249.934,0,FAIL,0,0,NO_ORIGIN,0,0,1,1,1,1,0,0.0,,,,,0.0,1591,1524,,0,0,FAIL
17249.985,0,FAIL,0,0,NO_ORIGIN,0,0,1,1,1,1,0,0.0,,,,,0.0,1591,1524,,0,0,FAIL
17250.035,0,FAIL,0,0,NO_ORIGIN,0,0,1,1,1,1,0,0.0,,,,,0.0,1591,1524,,0,0,FAIL
17250.085,0,FAIL,0,0,NO_ORIGIN,0,0,1,1,1,1,0,0.0,,,,,0.0,1591,1524,,0,0,FAIL
17250.135,0,FAIL,0,0,NO_ORIGIN,0,0,1,1,1,1,0,0.0,,,,,0.0,1591,1524,,0,0,FAIL
17250.185,0,FAIL,0,0,NO_ORIGIN,0,0,1,1,1,1,0,0.0,,,,,0.0,1591,1524,,0,0,FAIL
17250.236,0,FAIL,0,0,NO_ORIGIN,0,0,1,1,1,1,0,0.0,,,,,0.0,1591,1524,,0,0,FAIL
17250.286,0,FAIL,0,0,NO_ORIGIN,0,0,1,1,1,1,0,0.0,,,,,0.0,1591,1524,,0,0,FAIL
17250.336,0,FAIL,0,0,NO_ORIGIN,0,0,1,1,1,1,0,0.0,,,,,0.0,1591,1524,,0,0,FAIL
17250.386,0,FAIL,0,0,NO_ORIGIN,0,0,1,1,1,1,0,0.0,,,,,0.0,1591,1524,,0,0,FAIL
17250.436,0,FAIL,0,0,NO_ORIGIN,0,0,1,1,1,1,0,0.0,,,,,0.0,1591,1524,,0,0,FAIL
17250.486,0,FAIL,0,0,NO_ORIGIN,0,0,1,1,1,1,0,0.0,,,,,0.0,1591,1524,,0,0,FAIL
17250.537,0,FAIL,0,0,NO_ORIGIN,0,0,1,1,1,1,0,0.0,,,,,0.0,1591,1524,,0,0,FAIL
17250.587,0,FAIL,0,0,NO_ORIGIN,0,0,1,1,1,1,0,0.0,,,,,0.0,1591,1524,,0,0,FAIL
17250.637,0,FAIL,0,0,NO_ORIGIN,0,0,1,1,1,1,0,0.0,,,,,0.0,1591,1524,,0,0,FAIL
17250.687,0,FAIL,0,0,NO_ORIGIN,0,0,1,1,1,1,0,0.0,,,,,0.0,1591,1524,,0,0,FAIL
17250.737,0,FAIL,0,0,NO_ORIGIN,0,0,1,1,1,1,0,0.0,,,,,0.0,1591,1524,,0,0,FAIL
17250.788,0,FAIL,0,0,NO_ORIGIN,0,0,1,1,1,1,0,0.0,,,,,0.0,1591,1524,,0,0,FAIL
17250.838,0,FAIL,0,0,NO_ORIGIN,0,0,1,1,1,1,0,0.0,,,,,0.0,1591,1524,,0,0,FAIL
17250.888,0,FAIL,0,0,NO_ORIGIN,0,0,1,1,1,1,0,0.0,,,,,0.0,1591,1524,,0,0,FAIL
17250.938,0,FAIL,0,0,NO_ORIGIN,0,0,1,1,1,1,0,0.0,,,,,0.0,1591,1524,,0,0,FAIL
17250.988,0,FAIL,0,0,NO_ORIGIN,0,0,1,1,1,1,0,0.0,,,,,0.0,1591,1524,,0,0,FAIL
17251.038,0,FAIL,0,0,NO_ORIGIN,0,0,1,1,1,1,0,0.0,,,,,0.0,1591,1524,,0,0,FAIL
17251.089,0,FAIL,0,0,NO_ORIGIN,0,0,1,1,1,1,0,0.0,,,,,0.0,1591,1524,,0,0,FAIL
17251.139,0,FAIL,0,0,NO_ORIGIN,0,0,1,1,1,1,0,0.0,,,,,0.0,1591,1524,,0,0,FAIL
17251.189,0,FAIL,0,0,NO_ORIGIN,0,0,1,1,1,1,0,0.0,,,,,0.0,1591,1524,,0,0,FAIL
17251.239,0,FAIL,0,0,NO_ORIGIN,0,0,1,1,1,1,0,0.0,,,,,0.0,1591,1524,,0,0,FAIL
17251.289,0,FAIL,0,0,NO_ORIGIN,0,0,1,1,1,1,0,0.0,,,,,0.0,1591,1524,,0,0,FAIL
17251.339,0,FAIL,0,0,NO_ORIGIN,0,0,1,1,1,1,0,0.0,,,,,0.0,1591,1524,,0,0,FAIL
17251.39,0,FAIL,0,0,NO_ORIGIN,0,0,1,1,1,1,0,0.0,,,,,0.0,1591,1524,,0,0,FAIL
17251.44,0,FAIL,0,0,NO_ORIGIN,0,0,1,1,1,1,0,0.0,,,,,0.0,1591,1524,,0,0,FAIL
17251.49,0,FAIL,0,0,NO_ORIGIN,0,0,1,1,1,1,0,0.0,,,,,0.0,1591,1524,,0,0,FAIL
17251.54,0,FAIL,0,0,NO_ORIGIN,0,0,1,1,1,1,0,0.0,,,,,0.0,1591,1524,,0,0,FAIL
17251.59,0,FAIL,0,0,NO_ORIGIN,0,0,1,1,1,1,0,0.0,,,,,0.0,1591,1524,,0,0,FAIL
17251.641,0,FAIL,0,0,NO_ORIGIN,0,0,1,1,1,1,0,0.0,,,,,0.0,1591,1524,,0,0,FAIL
17251.691,0,FAIL,0,0,NO_ORIGIN,0,0,1,1,1,1,0,0.0,,,,,0.0,1591,1524,,0,0,FAIL
17251.741,0,FAIL,0,0,NO_ORIGIN,0,0,1,1,1,1,0,0.0,,,,,0.0,1591,1524,,0,0,FAIL
17251.791,0,FAIL,0,0,NO_ORIGIN,0,0,1,1,1,1,0,0.0,,,,,0.0,1591,1524,,0,0,FAIL
17251.841,0,FAIL,0,0,NO_ORIGIN,0,0,1,1,1,1,0,0.0,,,,,0.0,1591,1524,,0,0,FAIL
17251.892,0,FAIL,0,0,NO_ORIGIN,0,0,1,1,1,1,0,0.0,,,,,0.0,1591,1524,,0,0,FAIL
17251.942,0,FAIL,0,0,NO_ORIGIN,0,0,1,1,1,1,0,0.0,,,,,0.0,1591,1524,,0,0,FAIL
17251.992,0,FAIL,0,0,NO_ORIGIN,0,0,1,1,1,1,0,0.0,,,,,0.0,1591,1524,,0,0,FAIL
17252.042,0,FAIL,0,0,NO_ORIGIN,0,0,1,1,1,1,0,0.0,,,,,0.0,1591,1524,,0,0,FAIL
17252.092,0,FAIL,0,0,NO_ORIGIN,0,0,1,1,1,1,0,0.0,,,,,0.0,1591,1524,,0,0,FAIL
17252.143,0,FAIL,0,0,NO_ORIGIN,0,0,1,1,1,1,0,0.0,,,,,0.0,1591,1524,,0,0,FAIL
17252.193,0,FAIL,0,0,NO_ORIGIN,0,0,1,1,1,1,0,0.0,,,,,0.0,1591,1524,,0,0,FAIL
17252.243,0,FAIL,0,0,NO_ORIGIN,0,0,1,1,1,1,0,0.0,,,,,0.0,1591,1524,,0,0,FAIL
17252.293,0,FAIL,0,0,NO_ORIGIN,0,0,1,1,1,1,0,0.0,,,,,0.0,1591,1524,,0,0,FAIL
17252.343,0,FAIL,0,0,NO_ORIGIN,0,0,1,1,1,1,0,0.0,,,,,0.0,1591,1524,,0,0,FAIL
17252.393,0,FAIL,0,0,NO_ORIGIN,0,0,1,1,1,1,0,0.0,,,,,0.0,1591,1524,,0,0,FAIL
17252.444,0,FAIL,0,0,NO_ORIGIN,0,0,1,1,1,1,0,0.0,,,,,0.0,1591,1524,,0,0,FAIL
17252.494,0,FAIL,0,0,NO_ORIGIN,0,0,1,1,1,1,0,0.0,,,,,0.0,1591,1524,,0,0,FAIL
17252.544,0,FAIL,0,0,NO_ORIGIN,0,0,1,1,1,1,0,0.0,,,,,0.0,1591,1524,,0,0,FAIL
17252.594,0,FAIL,0,0,NO_ORIGIN,0,0,1,1,1,1,0,0.0,,,,,0.0,1591,1524,,0,0,FAIL
17252.644,0,FAIL,0,0,NO_ORIGIN,0,0,1,1,1,1,0,0.0,,,,,0.0,1591,1524,,0,0,FAIL
17252.694,0,FAIL,0,0,NO_ORIGIN,0,0,1,1,1,1,0,0.0,,,,,0.0,1591,1524,,0,0,FAIL
17252.745,0,FAIL,0,0,NO_ORIGIN,0,0,1,1,1,1,0,0.0,,,,,0.0,1591,1524,,0,0,FAIL
17252.795,0,FAIL,0,0,NO_ORIGIN,0,0,1,1,1,1,0,0.0,,,,,0.0,1591,1524,,0,0,FAIL
17252.845,0,FAIL,0,0,NO_ORIGIN,0,0,1,1,1,1,0,0.0,,,,,0.0,1591,1524,,0,0,FAIL
17252.896,0,FAIL,0,0,NO_ORIGIN,0,0,1,1,1,1,0,0.0,,,,,0.0,1591,1524,,0,0,FAIL
17252.947,0,FAIL,0,0,NO_ORIGIN,0,0,1,1,1,1,0,0.0,,,,,0.0,1591,1524,,0,0,FAIL
17252.997,0,FAIL,0,0,NO_ORIGIN,0,0,1,1,1,1,0,0.0,,,,,0.0,1591,1524,,0,0,FAIL
17253.047,0,FAIL,0,0,NO_ORIGIN,0,0,1,1,1,1,0,0.0,,,,,0.0,1591,1524,,0,0,FAIL
17253.097,0,FAIL,0,0,NO_ORIGIN,0,0,1,1,1,1,0,0.0,,,,,0.0,1591,1524,,0,0,FAIL
17253.148,0,FAIL,0,0,NO_ORIGIN,0,0,1,1,1,1,0,0.0,,,,,0.0,1591,1524,,0,0,FAIL
17253.2,0,FAIL,0,0,NO_ORIGIN,0,0,1,1,1,1,0,0.0,,,,,0.0,1591,1524,,0,0,FAIL
17253.25,0,FAIL,0,0,NO_ORIGIN,0,0,1,1,1,1,0,0.0,,,,,0.0,1591,1524,,0,0,FAIL
17253.3,0,FAIL,0,0,NO_ORIGIN,0,0,1,1,1,1,0,0.0,,,,,0.0,1591,1524,,0,0,FAIL
17253.35,0,FAIL,0,0,NO_ORIGIN,0,0,1,1,1,1,0,0.0,,,,,0.0,1591,1524,,0,0,FAIL
17253.4,0,FAIL,0,0,NO_ORIGIN,0,0,1,1,1,1,0,0.0,,,,,0.0,1591,1524,,0,0,FAIL
17253.451,0,FAIL,0,0,NO_ORIGIN,0,0,1,1,1,1,0,0.0,,,,,0.0,1591,1524,,0,0,FAIL
17253.501,0,FAIL,0,0,NO_ORIGIN,0,0,1,1,1,1,0,0.0,,,,,0.0,1591,1524,,0,0,FAIL
17253.551,0,FAIL,0,0,NO_ORIGIN,0,0,1,1,1,1,0,0.0,,,,,0.0,1591,1524,,0,0,FAIL
17253.601,0,FAIL,0,0,NO_ORIGIN,0,0,1,1,1,1,0,0.0,,,,,0.0,1591,1524,,0,0,FAIL
17253.651,0,FAIL,0,0,NO_ORIGIN,0,0,1,1,1,1,0,0.0,,,,,0.0,1591,1524,,0,0,FAIL
17253.702,0,FAIL,0,0,NO_ORIGIN,0,0,1,1,1,1,0,0.0,,,,,0.0,1591,1524,,0,0,FAIL
17253.752,0,FAIL,0,0,NO_ORIGIN,0,0,1,1,1,1,0,0.0,,,,,0.0,1591,1524,,0,0,FAIL
17253.802,0,FAIL,0,0,NO_ORIGIN,0,0,1,1,1,1,0,0.0,,,,,0.0,1591,1524,,0,0,FAIL
17253.852,0,FAIL,0,0,NO_ORIGIN,0,0,1,1,1,1,0,0.0,,,,,0.0,1591,1524,,0,0,FAIL
17253.902,0,FAIL,0,0,NO_ORIGIN,0,0,1,1,1,1,0,0.0,,,,,0.0,1591,1524,,0,0,FAIL
17253.953,0,FAIL,0,0,NO_ORIGIN,0,0,1,1,1,1,0,0.0,,,,,0.0,1591,1524,,0,0,FAIL
17254.003,0,FAIL,0,0,NO_ORIGIN,0,0,1,1,1,1,0,0.0,,,,,0.0,1591,1524,,0,0,FAIL
17254.053,0,FAIL,0,0,NO_ORIGIN,0,0,1,1,1,1,0,0.0,,,,,0.0,1591,1524,,0,0,FAIL
17254.103,0,FAIL,0,0,NO_ORIGIN,0,0,1,1,1,1,0,0.0,,,,,0.0,1591,1524,,0,0,FAIL
17254.153,0,FAIL,0,0,NO_ORIGIN,0,0,1,1,1,1,0,0.0,,,,,0.0,1591,1524,,0,0,FAIL
17254.204,0,FAIL,0,0,NO_ORIGIN,0,0,1,1,1,1,0,0.0,,,,,0.0,1591,1524,,0,0,FAIL
17254.254,0,FAIL,0,0,NO_ORIGIN,0,0,1,1,1,1,0,0.0,,,,,0.0,1591,1524,,0,0,FAIL
17254.304,0,FAIL,0,0,NO_ORIGIN,0,0,1,1,1,1,0,0.0,,,,,0.0,1591,1524,,0,0,FAIL
17254.354,0,FAIL,0,0,NO_ORIGIN,0,0,1,1,1,1,0,0.0,,,,,0.0,1591,1524,,0,0,FAIL
17254.404,0,FAIL,0,0,NO_ORIGIN,0,0,1,1,1,1,0,0.0,,,,,0.0,1591,1524,,0,0,FAIL
17254.455,0,FAIL,0,0,NO_ORIGIN,0,0,1,1,1,1,0,0.0,,,,,0.0,1591,1524,,0,0,FAIL
17254.505,0,FAIL,0,0,NO_ORIGIN,0,0,1,1,1,1,0,0.0,,,,,0.0,1591,1524,,0,0,FAIL
17254.555,0,FAIL,0,0,NO_ORIGIN,0,0,1,1,1,1,0,0.0,,,,,0.0,1591,1524,,0,0,FAIL
17254.605,0,FAIL,0,0,NO_ORIGIN,0,0,1,1,1,1,0,0.0,,,,,0.0,1591,1524,,0,0,FAIL
17254.655,0,FAIL,0,0,NO_ORIGIN,0,0,1,1,1,1,0,0.0,,,,,0.0,1591,1524,,0,0,FAIL
17254.706,0,FAIL,0,0,NO_ORIGIN,0,0,1,1,1,1,0,0.0,,,,,0.0,1591,1524,,0,0,FAIL
17254.756,0,FAIL,0,0,NO_ORIGIN,0,0,1,1,1,1,0,0.0,,,,,0.0,1591,1524,,0,0,FAIL
17254.806,0,FAIL,0,0,NO_ORIGIN,0,0,1,1,1,1,0,0.0,,,,,0.0,1591,1524,,0,0,FAIL
17254.856,0,FAIL,0,0,NO_ORIGIN,0,0,1,1,1,1,0,0.0,,,,,0.0,1591,1524,,0,0,FAIL
17254.906,0,FAIL,0,0,NO_ORIGIN,0,0,1,1,1,1,0,0.0,,,,,0.0,1591,1524,,0,0,FAIL
17254.956,0,FAIL,0,0,NO_ORIGIN,0,0,1,1,1,1,0,0.0,,,,,0.0,1591,1524,,0,0,FAIL
17255.007,0,FAIL,0,0,NO_ORIGIN,0,0,1,1,1,1,0,0.0,,,,,0.0,1591,1524,,0,0,FAIL
17255.057,0,FAIL,0,0,NO_ORIGIN,0,0,1,1,1,1,0,0.0,,,,,0.0,1591,1524,,0,0,FAIL
17255.107,0,FAIL,0,0,NO_ORIGIN,0,0,1,1,1,1,0,0.0,,,,,0.0,1591,1524,,0,0,FAIL
17255.157,0,FAIL,0,0,NO_ORIGIN,0,0,1,1,1,1,0,0.0,,,,,0.0,1591,1524,,0,0,FAIL
17255.207,0,FAIL,0,0,NO_ORIGIN,0,0,1,1,1,1,0,0.0,,,,,0.0,1591,1524,,0,0,FAIL
17255.258,0,FAIL,0,0,NO_ORIGIN,0,0,1,1,1,1,0,0.0,,,,,0.0,1591,1524,,0,0,FAIL
17255.308,0,FAIL,0,0,NO_ORIGIN,0,0,1,1,1,1,0,0.0,,,,,0.0,1591,1524,,0,0,FAIL
17255.358,0,FAIL,0,0,NO_ORIGIN,0,0,1,1,1,1,0,0.0,,,,,0.0,1591,1524,,0,0,FAIL
17255.409,0,FAIL,0,0,NO_ORIGIN,0,0,1,1,1,1,0,0.0,,,,,0.0,1591,1524,,0,0,FAIL
17255.459,0,FAIL,0,0,NO_ORIGIN,0,0,1,1,1,1,0,0.0,,,,,0.0,1591,1524,,0,0,FAIL
17255.509,0,FAIL,0,0,NO_ORIGIN,0,0,1,1,1,1,0,0.0,,,,,0.0,1591,1524,,0,0,FAIL
17255.559,0,FAIL,0,0,NO_ORIGIN,0,0,1,1,1,1,0,0.0,,,,,0.0,1591,1524,,0,0,FAIL
17255.61,0,FAIL,0,0,NO_ORIGIN,0,0,1,1,1,1,0,0.0,,,,,0.0,1591,1524,,0,0,FAIL
17255.66,0,FAIL,0,0,NO_ORIGIN,0,0,1,1,1,1,0,0.0,,,,,0.0,1591,1524,,0,0,FAIL
17255.71,0,FAIL,0,0,NO_ORIGIN,0,0,1,1,1,1,0,0.0,,,,,0.0,1591,1524,,0,0,FAIL
17255.76,0,FAIL,0,0,NO_ORIGIN,0,0,1,1,1,1,0,0.0,,,,,0.0,1591,1524,,0,0,FAIL
17255.812,0,FAIL,0,0,NO_ORIGIN,0,0,1,1,1,1,0,0.0,,,,,0.0,1591,1524,,0,0,FAIL
17255.862,0,FAIL,0,0,NO_ORIGIN,0,0,1,1,1,1,0,0.0,,,,,0.0,1591,1524,,0,0,FAIL
17255.912,0,FAIL,0,0,NO_ORIGIN,0,0,1,1,1,1,0,0.0,,,,,0.0,1591,1524,,0,0,FAIL
17255.962,0,FAIL,0,0,NO_ORIGIN,0,0,1,1,1,1,0,0.0,,,,,0.0,1591,1524,,0,0,FAIL
17256.013,0,FAIL,0,0,NO_ORIGIN,0,0,1,1,1,1,0,0.0,,,,,0.0,1591,1524,,0,0,FAIL
17256.063,0,FAIL,0,0,NO_ORIGIN,0,0,1,1,1,1,0,0.0,,,,,0.0,1591,1524,,0,0,FAIL
17256.115,0,FAIL,0,0,NO_ORIGIN,0,0,1,1,1,1,0,0.0,,,,,0.0,1591,1524,,0,0,FAIL
17256.165,0,FAIL,0,0,NO_ORIGIN,0,0,1,1,1,1,0,0.0,,,,,0.0,1591,1524,,0,0,FAIL
17256.215,0,FAIL,0,0,NO_ORIGIN,0,0,1,1,1,1,0,0.0,,,,,0.0,1591,1524,,0,0,FAIL
17256.266,0,FAIL,0,0,NO_ORIGIN,0,0,1,1,1,1,0,0.0,,,,,0.0,1591,1524,,0,0,FAIL
17256.316,0,FAIL,0,0,NO_ORIGIN,0,0,1,1,1,1,0,0.0,,,,,0.0,1591,1524,,0,0,FAIL
17256.366,0,FAIL,0,0,NO_ORIGIN,0,0,1,1,1,1,0,0.0,,,,,0.0,1591,1524,,0,0,FAIL
17256.418,0,FAIL,0,0,NO_ORIGIN,0,0,1,1,1,1,0,0.0,,,,,0.0,1591,1524,,0,0,FAIL
17256.468,0,FAIL,0,0,NO_ORIGIN,0,0,1,1,1,1,0,0.0,,,,,0.0,1591,1524,,0,0,FAIL
17256.518,0,FAIL,0,0,NO_ORIGIN,0,0,1,1,1,1,0,0.0,,,,,0.0,1591,1524,,0,0,FAIL
17256.568,0,FAIL,0,0,NO_ORIGIN,0,0,1,1,1,1,0,0.0,,,,,0.0,1591,1524,,0,0,FAIL
17256.619,0,FAIL,0,0,NO_ORIGIN,0,0,1,1,1,1,0,0.0,,,,,0.0,1591,1524,,0,0,FAIL
17256.669,0,FAIL,0,0,NO_ORIGIN,0,0,1,1,1,1,0,0.0,,,,,0.0,1591,1524,,0,0,FAIL
17256.721,0,FAIL,0,0,NO_ORIGIN,0,0,1,1,1,1,0,0.0,,,,,0.0,1591,1524,,0,0,FAIL
17256.771,0,FAIL,0,0,NO_ORIGIN,0,0,1,1,1,1,0,0.0,,,,,0.0,1591,1524,,0,0,FAIL
17256.821,0,FAIL,0,0,NO_ORIGIN,0,0,1,1,1,1,0,0.0,,,,,0.0,1591,1524,,0,0,FAIL
17256.872,0,FAIL,0,0,NO_ORIGIN,0,0,1,1,1,1,0,0.0,,,,,0.0,1591,1524,,0,0,FAIL
17256.922,0,FAIL,0,0,NO_ORIGIN,0,0,1,1,1,1,0,0.0,,,,,0.0,1591,1524,,0,0,FAIL
17256.972,0,FAIL,0,0,NO_ORIGIN,0,0,1,1,1,1,0,0.0,,,,,0.0,1591,1524,,0,0,FAIL
17257.022,0,FAIL,0,0,NO_ORIGIN,0,0,1,1,1,1,0,0.0,,,,,0.0,1591,1524,,0,0,FAIL
17257.072,0,FAIL,0,0,NO_ORIGIN,0,0,1,1,1,1,0,0.0,,,,,0.0,1591,1524,,0,0,FAIL
17257.124,0,FAIL,0,0,NO_ORIGIN,0,0,1,1,1,1,0,0.0,,,,,0.0,1591,1524,,0,0,FAIL
17257.174,0,FAIL,0,0,NO_ORIGIN,0,0,1,1,1,1,0,0.0,,,,,0.0,1591,1524,,0,0,FAIL
17257.224,0,FAIL,0,0,NO_ORIGIN,0,0,1,1,1,1,0,0.0,,,,,0.0,1591,1524,,0,0,FAIL
17257.274,0,FAIL,0,0,NO_ORIGIN,0,0,1,1,1,1,0,0.0,,,,,0.0,1591,1524,,0,0,FAIL
17257.325,0,FAIL,0,0,NO_ORIGIN,0,0,1,1,1,1,0,0.0,,,,,0.0,1591,1524,,0,0,FAIL
17257.375,0,FAIL,0,0,NO_ORIGIN,0,0,1,1,1,1,0,0.0,,,,,0.0,1591,1524,,0,0,FAIL
17257.426,0,FAIL,0,0,NO_ORIGIN,0,0,1,1,1,1,0,0.0,,,,,0.0,1591,1524,,0,0,FAIL
17257.476,0,FAIL,0,0,NO_ORIGIN,0,0,1,1,1,1,0,0.0,,,,,0.0,1591,1524,,0,0,FAIL
17257.528,0,FAIL,0,0,NO_ORIGIN,0,0,1,1,1,1,0,0.0,,,,,0.0,1591,1524,,0,0,FAIL
17257.578,0,FAIL,0,0,NO_ORIGIN,0,0,1,1,1,1,0,0.0,,,,,0.0,1591,1524,,0,0,FAIL
17257.629,0,FAIL,0,0,NO_ORIGIN,0,0,1,1,1,1,0,0.0,,,,,0.0,1591,1524,,0,0,FAIL
17257.679,0,FAIL,0,0,NO_ORIGIN,0,0,1,1,1,1,0,0.0,,,,,0.0,1591,1524,,0,0,FAIL
17257.729,0,FAIL,0,0,NO_ORIGIN,0,0,1,1,1,1,0,0.0,,,,,0.0,1591,1524,,0,0,FAIL
17257.781,0,FAIL,0,0,NO_ORIGIN,0,0,1,1,1,1,0,0.0,,,,,0.0,1591,1524,,0,0,FAIL
17257.831,0,FAIL,0,0,NO_ORIGIN,0,0,1,1,1,1,0,0.0,,,,,0.0,1591,1524,,0,0,FAIL
17257.882,0,FAIL,0,0,NO_ORIGIN,0,0,1,1,1,1,0,0.0,,,,,0.0,1591,1524,,0,0,FAIL
17257.932,0,FAIL,0,0,NO_ORIGIN,0,0,1,1,1,1,0,0.0,,,,,0.0,1591,1524,,0,0,FAIL
17257.982,0,FAIL,0,0,NO_ORIGIN,0,0,1,1,1,1,0,0.0,,,,,0.0,1591,1524,,0,0,FAIL
17258.032,0,FAIL,0,0,NO_ORIGIN,0,0,1,1,1,1,0,0.0,,,,,0.0,1591,1524,,0,0,FAIL
17258.082,0,FAIL,0,0,NO_ORIGIN,0,0,1,1,1,1,0,0.0,,,,,0.0,1591,1524,,0,0,FAIL
17258.133,0,FAIL,0,0,NO_ORIGIN,0,0,1,1,1,1,0,0.0,,,,,0.0,1591,1524,,0,0,FAIL
17258.183,0,FAIL,0,0,NO_ORIGIN,0,0,1,1,1,1,0,0.0,,,,,0.0,1591,1524,,0,0,FAIL
17258.233,0,FAIL,0,0,NO_ORIGIN,0,0,1,1,1,1,0,0.0,,,,,0.0,1591,1524,,0,0,FAIL
17258.283,0,FAIL,0,0,NO_ORIGIN,0,0,1,1,1,1,0,0.0,,,,,0.0,1591,1524,,0,0,FAIL
17258.333,0,FAIL,0,0,NO_ORIGIN,0,0,1,1,1,1,0,0.0,,,,,0.0,1591,1524,,0,0,FAIL
17258.383,0,FAIL,0,0,NO_ORIGIN,0,0,1,1,1,1,0,0.0,,,,,0.0,1591,1524,,0,0,FAIL
17258.434,0,FAIL,0,0,NO_ORIGIN,0,0,1,1,1,1,0,0.0,,,,,0.0,1591,1524,,0,0,FAIL
17258.484,0,FAIL,0,0,NO_ORIGIN,0,0,1,1,1,1,0,0.0,,,,,0.0,1591,1524,,0,0,FAIL
17258.534,0,FAIL,0,0,NO_ORIGIN,0,0,1,1,1,1,0,0.0,,,,,0.0,1591,1524,,0,0,FAIL
17258.585,0,FAIL,0,0,NO_ORIGIN,0,0,1,1,1,1,0,0.0,,,,,0.0,1591,1524,,0,0,FAIL
17258.635,0,FAIL,0,0,NO_ORIGIN,0,0,1,1,1,1,0,0.0,,,,,0.0,1591,1524,,0,0,FAIL
17258.685,0,FAIL,0,0,NO_ORIGIN,0,0,1,1,1,1,0,0.0,,,,,0.0,1591,1524,,0,0,FAIL
17258.736,0,FAIL,0,0,NO_ORIGIN,0,0,1,1,1,1,0,0.0,,,,,0.0,1591,1524,,0,0,FAIL
17258.786,0,FAIL,0,0,NO_ORIGIN,0,0,1,1,1,1,0,0.0,,,,,0.0,1591,1524,,0,0,FAIL
17258.836,0,FAIL,0,0,NO_ORIGIN,0,0,1,1,1,1,0,0.0,,,,,0.0,1591,1524,,0,0,FAIL
17258.886,0,FAIL,0,0,NO_ORIGIN,0,0,1,1,1,1,0,0.0,,,,,0.0,1591,1524,,0,0,FAIL
17258.937,0,FAIL,0,0,NO_ORIGIN,0,0,1,1,1,1,0,0.0,,,,,0.0,1591,1524,,0,0,FAIL
17258.987,0,FAIL,0,0,NO_ORIGIN,0,0,1,1,1,1,0,0.0,,,,,0.0,1591,1524,,0,0,FAIL
17259.039,0,FAIL,0,0,NO_ORIGIN,0,0,1,1,1,1,0,0.0,,,,,0.0,1591,1524,,0,0,FAIL
17259.089,0,FAIL,0,0,NO_ORIGIN,0,0,1,1,1,1,0,0.0,,,,,0.0,1591,1524,,0,0,FAIL
17259.139,0,FAIL,0,0,NO_ORIGIN,0,0,1,1,1,1,0,0.0,,,,,0.0,1591,1524,,0,0,FAIL
17259.189,0,FAIL,0,0,NO_ORIGIN,0,0,1,1,1,1,0,0.0,,,,,0.0,1591,1524,,0,0,FAIL
17259.24,0,FAIL,0,0,NO_ORIGIN,0,0,1,1,1,1,0,0.0,,,,,0.0,1591,1524,,0,0,FAIL
17259.29,0,FAIL,0,0,NO_ORIGIN,0,0,1,1,1,1,0,0.0,,,,,0.0,1591,1524,,0,0,FAIL
17259.34,0,FAIL,0,0,NO_ORIGIN,0,0,1,1,1,1,0,0.0,,,,,0.0,1591,1524,,0,0,FAIL
17259.39,0,FAIL,0,0,NO_ORIGIN,0,0,1,1,1,1,0,0.0,,,,,0.0,1591,1524,,0,0,FAIL
17259.44,0,FAIL,0,0,NO_ORIGIN,0,0,1,1,1,1,0,0.0,,,,,0.0,1591,1524,,0,0,FAIL
17259.491,0,FAIL,0,0,NO_ORIGIN,0,0,1,1,1,1,0,0.0,,,,,0.0,1591,1524,,0,0,FAIL
17259.541,0,FAIL,0,0,NO_ORIGIN,0,0,1,1,1,1,0,0.0,,,,,0.0,1591,1524,,0,0,FAIL
17259.591,0,FAIL,0,0,NO_ORIGIN,0,0,1,1,1,1,0,0.0,,,,,0.0,1591,1524,,0,0,FAIL
17259.642,0,FAIL,0,0,NO_ORIGIN,0,0,1,1,1,1,0,0.0,,,,,0.0,1591,1524,,0,0,FAIL
17259.692,0,FAIL,0,0,NO_ORIGIN,0,0,1,1,1,1,0,0.0,,,,,0.0,1591,1524,,0,0,FAIL
17259.743,0,FAIL,0,0,NO_ORIGIN,0,0,1,1,1,1,0,0.0,,,,,0.0,1591,1524,,0,0,FAIL
17259.793,0,FAIL,0,0,NO_ORIGIN,0,0,1,1,1,1,0,0.0,,,,,0.0,1591,1524,,0,0,FAIL
17259.843,0,FAIL,0,0,NO_ORIGIN,0,0,1,1,1,1,0,0.0,,,,,0.0,1591,1524,,0,0,FAIL
17259.893,0,FAIL,0,0,NO_ORIGIN,0,0,1,1,1,1,0,0.0,,,,,0.0,1591,1524,,0,0,FAIL
17259.944,0,FAIL,0,0,NO_ORIGIN,0,0,1,1,1,1,0,0.0,,,,,0.0,1591,1524,,0,0,FAIL
17259.994,0,FAIL,0,0,NO_ORIGIN,0,0,1,1,1,1,0,0.0,,,,,0.0,1591,1524,,0,0,FAIL
17260.045,0,FAIL,0,0,NO_ORIGIN,0,0,1,1,1,1,0,0.0,,,,,0.0,1591,1524,,0,0,FAIL
17260.095,0,FAIL,0,0,NO_ORIGIN,0,0,1,1,1,1,0,0.0,,,,,0.0,1591,1524,,0,0,FAIL
17260.146,0,FAIL,0,0,NO_ORIGIN,0,0,1,1,1,1,0,0.0,,,,,0.0,1591,1524,,0,0,FAIL
17260.196,0,FAIL,0,0,NO_ORIGIN,0,0,1,1,1,1,0,0.0,,,,,0.0,1591,1524,,0,0,FAIL
17260.247,0,FAIL,0,0,NO_ORIGIN,0,0,1,1,1,1,0,0.0,,,,,0.0,1591,1524,,0,0,FAIL
17260.297,0,FAIL,0,0,NO_ORIGIN,0,0,1,1,1,1,0,0.0,,,,,0.0,1591,1524,,0,0,FAIL
17260.347,0,FAIL,0,0,NO_ORIGIN,0,0,1,1,1,1,0,0.0,,,,,0.0,1591,1524,,0,0,FAIL
17260.397,0,FAIL,0,0,NO_ORIGIN,0,0,1,1,1,1,0,0.0,,,,,0.0,1591,1524,,0,0,FAIL
17260.448,0,FAIL,0,0,NO_ORIGIN,0,0,1,1,1,1,0,0.0,,,,,0.0,1591,1524,,0,0,FAIL
17260.498,0,FAIL,0,0,NO_ORIGIN,0,0,1,1,1,1,0,0.0,,,,,0.0,1591,1524,,0,0,FAIL
17260.548,0,FAIL,0,0,NO_ORIGIN,0,0,1,1,1,1,0,0.0,,,,,0.0,1591,1524,,0,0,FAIL
17260.598,0,FAIL,0,0,NO_ORIGIN,0,0,1,1,1,1,0,0.0,,,,,0.0,1591,1524,,0,0,FAIL
17260.648,0,FAIL,0,0,NO_ORIGIN,0,0,1,1,1,1,0,0.0,,,,,0.0,1591,1524,,0,0,FAIL
17260.699,0,FAIL,0,0,NO_ORIGIN,0,0,1,1,1,1,0,0.0,,,,,0.0,1591,1524,,0,0,FAIL
17260.749,0,FAIL,0,0,NO_ORIGIN,0,0,1,1,1,1,0,0.0,,,,,0.0,1591,1524,,0,0,FAIL
17260.799,0,FAIL,0,0,NO_ORIGIN,0,0,1,1,1,1,0,0.0,,,,,0.0,1591,1524,,0,0,FAIL
17260.852,0,FAIL,0,0,NO_ORIGIN,0,0,1,1,1,1,0,0.0,,,,,0.0,1591,1524,,0,0,FAIL
17260.902,0,FAIL,0,0,NO_ORIGIN,0,0,1,1,1,1,0,0.0,,,,,0.0,1591,1524,,0,0,FAIL
17260.953,0,FAIL,0,0,NO_ORIGIN,0,0,1,1,1,1,0,0.0,,,,,0.0,1591,1524,,0,0,FAIL
17261.003,0,FAIL,0,0,NO_ORIGIN,0,0,1,1,1,1,0,0.0,,,,,0.0,1591,1524,,0,0,FAIL
17261.053,0,FAIL,0,0,NO_ORIGIN,0,0,1,1,1,1,0,0.0,,,,,0.0,1591,1524,,0,0,FAIL
17261.103,0,FAIL,0,0,NO_ORIGIN,0,0,1,1,1,1,0,0.0,,,,,0.0,1591,1524,,0,0,FAIL
17261.156,0,FAIL,0,0,NO_ORIGIN,0,0,1,1,1,1,0,0.0,,,,,0.0,1591,1524,,0,0,FAIL
17261.206,0,FAIL,0,0,NO_ORIGIN,0,0,1,1,1,1,0,0.0,,,,,0.0,1591,1524,,0,0,FAIL
17261.256,0,FAIL,0,0,NO_ORIGIN,0,0,1,1,1,1,0,0.0,,,,,0.0,1591,1524,,0,0,FAIL
17261.306,0,FAIL,0,0,NO_ORIGIN,0,0,1,1,1,1,0,0.0,,,,,0.0,1591,1524,,0,0,FAIL
17261.356,0,FAIL,0,0,NO_ORIGIN,0,0,1,1,1,1,0,0.0,,,,,0.0,1591,1524,,0,0,FAIL
17261.407,0,FAIL,0,0,NO_ORIGIN,0,0,1,1,1,1,0,0.0,,,,,0.0,1591,1524,,0,0,FAIL
17261.457,0,FAIL,0,0,NO_ORIGIN,0,0,1,1,1,1,0,0.0,,,,,0.0,1591,1524,,0,0,FAIL
17261.507,0,FAIL,0,0,NO_ORIGIN,0,0,1,1,1,1,0,0.0,,,,,0.0,1591,1524,,0,0,FAIL
17261.557,0,FAIL,0,0,NO_ORIGIN,0,0,1,1,1,1,0,0.0,,,,,0.0,1591,1524,,0,0,FAIL
17261.607,0,FAIL,0,0,NO_ORIGIN,0,0,1,1,1,1,0,0.0,,,,,0.0,1591,1524,,0,0,FAIL
17261.658,0,FAIL,0,0,NO_ORIGIN,0,0,1,1,1,1,0,0.0,,,,,0.0,1591,1524,,0,0,FAIL
17261.708,0,FAIL,0,0,NO_ORIGIN,0,0,1,1,1,1,0,0.0,,,,,0.0,1591,1524,,0,0,FAIL
17261.758,0,FAIL,0,0,NO_ORIGIN,0,0,1,1,1,1,0,0.0,,,,,0.0,1591,1524,,0,0,FAIL
17261.808,0,FAIL,0,0,NO_ORIGIN,0,0,1,1,1,1,0,0.0,,,,,0.0,1591,1524,,0,0,FAIL
17261.858,0,FAIL,0,0,NO_ORIGIN,0,0,1,1,1,1,0,0.0,,,,,0.0,1591,1524,,0,0,FAIL
17261.909,0,FAIL,0,0,NO_ORIGIN,0,0,1,1,1,1,0,0.0,,,,,0.0,1591,1524,,0,0,FAIL
17261.959,0,FAIL,0,0,NO_ORIGIN,0,0,1,1,1,1,0,0.0,,,,,0.0,1591,1524,,0,0,FAIL
17262.009,0,FAIL,0,0,NO_ORIGIN,0,0,1,1,1,1,0,0.0,,,,,0.0,1591,1524,,0,0,FAIL
17262.059,0,FAIL,0,0,NO_ORIGIN,0,0,1,1,1,1,0,0.0,,,,,0.0,1591,1524,,0,0,FAIL
17262.11,0,FAIL,0,0,NO_ORIGIN,0,0,1,1,1,1,0,0.0,,,,,0.0,1591,1524,,0,0,FAIL
17262.16,0,FAIL,0,0,NO_ORIGIN,0,0,1,1,1,1,0,0.0,,,,,0.0,1591,1524,,0,0,FAIL
17262.21,0,FAIL,0,0,NO_ORIGIN,0,0,1,1,1,1,0,0.0,,,,,0.0,1591,1524,,0,0,FAIL
17262.26,0,FAIL,0,0,NO_ORIGIN,0,0,1,1,1,1,0,0.0,,,,,0.0,1591,1524,,0,0,FAIL
17262.31,0,FAIL,0,0,NO_ORIGIN,0,0,1,1,1,1,0,0.0,,,,,0.0,1591,1524,,0,0,FAIL
17262.363,0,FAIL,0,0,NO_ORIGIN,0,0,1,1,1,1,0,0.0,,,,,0.0,1591,1524,,0,0,FAIL
17262.413,0,FAIL,0,0,NO_ORIGIN,0,0,1,1,1,1,0,0.0,,,,,0.0,1591,1524,,0,0,FAIL
17262.463,0,FAIL,0,0,NO_ORIGIN,0,0,1,1,1,1,0,0.0,,,,,0.0,1591,1524,,0,0,FAIL
17262.513,0,FAIL,0,0,NO_ORIGIN,0,0,1,1,1,1,0,0.0,,,,,0.0,1591,1524,,0,0,FAIL
17262.564,0,FAIL,0,0,NO_ORIGIN,0,0,1,1,1,1,0,0.0,,,,,0.0,1591,1524,,0,0,FAIL
17262.614,0,FAIL,0,0,NO_ORIGIN,0,0,1,1,1,1,0,0.0,,,,,0.0,1591,1524,,0,0,FAIL
17262.664,0,FAIL,0,0,NO_ORIGIN,0,0,1,1,1,1,0,0.0,,,,,0.0,1591,1524,,0,0,FAIL
17262.715,0,FAIL,0,0,NO_ORIGIN,0,0,1,1,1,1,0,0.0,,,,,0.0,1591,1524,,0,0,FAIL
17262.766,0,FAIL,0,0,NO_ORIGIN,0,0,1,1,1,1,0,0.0,,,,,0.0,1591,1524,,0,0,FAIL
17262.817,0,FAIL,0,0,NO_ORIGIN,0,0,1,1,1,1,0,0.0,,,,,0.0,1591,1524,,0,0,FAIL
17262.868,0,FAIL,0,0,NO_ORIGIN,0,0,1,1,1,1,0,0.0,,,,,0.0,1591,1524,,0,0,FAIL
17262.919,0,FAIL,0,0,NO_ORIGIN,0,0,1,1,1,1,0,0.0,,,,,0.0,1591,1524,,0,0,FAIL
17262.969,0,FAIL,0,0,NO_ORIGIN,0,0,1,1,1,1,0,0.0,,,,,0.0,1591,1524,,0,0,FAIL
17263.02,0,FAIL,0,0,NO_ORIGIN,0,0,1,1,1,1,0,0.0,,,,,0.0,1591,1524,,0,0,FAIL
17263.07,0,FAIL,0,0,NO_ORIGIN,0,0,1,1,1,1,0,0.0,,,,,0.0,1591,1524,,0,0,FAIL
17263.12,0,FAIL,0,0,NO_ORIGIN,0,0,1,1,1,1,0,0.0,,,,,0.0,1591,1524,,0,0,FAIL
17263.17,0,FAIL,0,0,NO_ORIGIN,0,0,1,1,1,1,0,0.0,,,,,0.0,1591,1524,,0,0,FAIL
17263.221,0,FAIL,0,0,NO_ORIGIN,0,0,1,1,1,1,0,0.0,,,,,0.0,1591,1524,,0,0,FAIL
17263.271,0,FAIL,0,0,NO_ORIGIN,0,0,1,1,1,1,0,0.0,,,,,0.0,1591,1524,,0,0,FAIL
17263.321,0,FAIL,0,0,NO_ORIGIN,0,0,1,1,1,1,0,0.0,,,,,0.0,1591,1524,,0,0,FAIL
17263.371,0,FAIL,0,0,NO_ORIGIN,0,0,1,1,1,1,0,0.0,,,,,0.0,1591,1524,,0,0,FAIL
17263.421,0,FAIL,0,0,NO_ORIGIN,0,0,1,1,1,1,0,0.0,,,,,0.0,1591,1524,,0,0,FAIL
17263.471,0,FAIL,0,0,NO_ORIGIN,0,0,1,1,1,1,0,0.0,,,,,0.0,1591,1524,,0,0,FAIL
17263.522,0,FAIL,0,0,NO_ORIGIN,0,0,1,1,1,1,0,0.0,,,,,0.0,1591,1524,,0,0,FAIL
17263.572,0,FAIL,0,0,NO_ORIGIN,0,0,1,1,1,1,0,0.0,,,,,0.0,1591,1524,,0,0,FAIL
17263.622,0,FAIL,0,0,NO_ORIGIN,0,0,1,1,1,1,0,0.0,,,,,0.0,1591,1524,,0,0,FAIL
17263.672,0,FAIL,0,0,NO_ORIGIN,0,0,1,1,1,1,0,0.0,,,,,0.0,1591,1524,,0,0,FAIL
17263.722,0,FAIL,0,0,NO_ORIGIN,0,0,1,1,1,1,0,0.0,,,,,0.0,1591,1524,,0,0,FAIL
17263.773,0,FAIL,0,0,NO_ORIGIN,0,0,1,1,1,1,0,0.0,,,,,0.0,1591,1524,,0,0,FAIL
17263.823,0,FAIL,0,0,NO_ORIGIN,0,0,1,1,1,1,0,0.0,,,,,0.0,1591,1524,,0,0,FAIL
17263.873,0,FAIL,0,0,NO_ORIGIN,0,0,1,1,1,1,0,0.0,,,,,0.0,1591,1524,,0,0,FAIL
17263.923,0,FAIL,0,0,NO_ORIGIN,0,0,1,1,1,1,0,0.0,,,,,0.0,1591,1524,,0,0,FAIL
17263.973,0,FAIL,0,0,NO_ORIGIN,0,0,1,1,1,1,0,0.0,,,,,0.0,1591,1524,,0,0,FAIL
17264.023,0,FAIL,0,0,NO_ORIGIN,0,0,1,1,1,1,0,0.0,,,,,0.0,1591,1524,,0,0,FAIL
17264.074,0,FAIL,0,0,NO_ORIGIN,0,0,1,1,1,1,0,0.0,,,,,0.0,1591,1524,,0,0,FAIL
17264.124,0,FAIL,0,0,NO_ORIGIN,0,0,1,1,1,1,0,0.0,,,,,0.0,1591,1524,,0,0,FAIL
17264.174,0,FAIL,0,0,NO_ORIGIN,0,0,1,1,1,1,0,0.0,,,,,0.0,1591,1524,,0,0,FAIL
17264.224,0,FAIL,0,0,NO_ORIGIN,0,0,1,1,1,1,0,0.0,,,,,0.0,1591,1524,,0,0,FAIL
17264.276,0,FAIL,0,0,NO_ORIGIN,0,0,1,1,1,1,0,0.0,,,,,0.0,1591,1524,,0,0,FAIL
17264.327,0,FAIL,0,0,NO_ORIGIN,0,0,1,1,1,1,0,0.0,,,,,0.0,1591,1524,,0,0,FAIL
17264.377,0,FAIL,0,0,NO_ORIGIN,0,0,1,1,1,1,0,0.0,,,,,0.0,1591,1524,,0,0,FAIL
17264.427,0,FAIL,0,0,NO_ORIGIN,0,0,1,1,1,1,0,0.0,,,,,0.0,1591,1524,,0,0,FAIL
17264.477,0,FAIL,0,0,NO_ORIGIN,0,0,1,1,1,1,0,0.0,,,,,0.0,1591,1524,,0,0,FAIL
17264.527,0,FAIL,0,0,NO_ORIGIN,0,0,1,1,1,1,0,0.0,,,,,0.0,1591,1524,,0,0,FAIL
17264.578,0,FAIL,0,0,NO_ORIGIN,0,0,1,1,1,1,0,0.0,,,,,0.0,1591,1524,,0,0,FAIL
17264.628,0,FAIL,0,0,NO_ORIGIN,0,0,1,1,1,1,0,0.0,,,,,0.0,1591,1524,,0,0,FAIL
17264.678,0,FAIL,0,0,NO_ORIGIN,0,0,1,1,1,1,0,0.0,,,,,0.0,1591,1524,,0,0,FAIL
17264.728,0,FAIL,0,0,NO_ORIGIN,0,0,1,1,1,1,0,0.0,,,,,0.0,1591,1524,,0,0,FAIL
17264.779,0,FAIL,0,0,NO_ORIGIN,0,0,1,1,1,1,0,0.0,,,,,0.0,1591,1524,,0,0,FAIL
17264.829,0,FAIL,0,0,NO_ORIGIN,0,0,1,1,1,1,0,0.0,,,,,0.0,1591,1524,,0,0,FAIL
17264.88,0,FAIL,0,0,NO_ORIGIN,0,0,1,1,1,1,0,0.0,,,,,0.0,1591,1524,,0,0,FAIL
17264.93,0,FAIL,0,0,NO_ORIGIN,0,0,1,1,1,1,0,0.0,,,,,0.0,1591,1524,,0,0,FAIL
17264.982,0,FAIL,0,0,NO_ORIGIN,0,0,1,1,1,1,0,0.0,,,,,0.0,1591,1524,,0,0,FAIL
17265.032,0,FAIL,0,0,NO_ORIGIN,0,0,1,1,1,1,0,0.0,,,,,0.0,1591,1524,,0,0,FAIL
17265.083,0,FAIL,0,0,NO_ORIGIN,0,0,1,1,1,1,0,0.0,,,,,0.0,1591,1524,,0,0,FAIL
17265.133,0,FAIL,0,0,NO_ORIGIN,0,0,1,1,1,1,0,0.0,,,,,0.0,1591,1524,,0,0,FAIL
17265.183,0,FAIL,0,0,NO_ORIGIN,0,0,1,1,1,1,0,0.0,,,,,0.0,1591,1524,,0,0,FAIL
17265.234,0,FAIL,0,0,NO_ORIGIN,0,0,1,1,1,1,0,0.0,,,,,0.0,1591,1524,,0,0,FAIL
17265.284,0,FAIL,0,0,NO_ORIGIN,0,0,1,1,1,1,0,0.0,,,,,0.0,1591,1524,,0,0,FAIL
17265.334,0,FAIL,0,0,NO_ORIGIN,0,0,1,1,1,1,0,0.0,,,,,0.0,1591,1524,,0,0,FAIL
17265.385,0,FAIL,0,0,NO_ORIGIN,0,0,1,1,1,1,0,0.0,,,,,0.0,1591,1524,,0,0,FAIL
17265.435,0,FAIL,0,0,NO_ORIGIN,0,0,1,1,1,1,0,0.0,,,,,0.0,1591,1524,,0,0,FAIL
17265.485,0,FAIL,0,0,NO_ORIGIN,0,0,1,1,1,1,0,0.0,,,,,0.0,1591,1524,,0,0,FAIL
17265.536,0,FAIL,0,0,NO_ORIGIN,0,0,1,1,1,1,0,0.0,,,,,0.0,1591,1524,,0,0,FAIL
17265.587,0,FAIL,0,0,NO_ORIGIN,0,0,1,1,1,1,0,0.0,,,,,0.0,1591,1524,,0,0,FAIL
17265.637,0,FAIL,0,0,NO_ORIGIN,0,0,1,1,1,1,0,0.0,,,,,0.0,1591,1524,,0,0,FAIL
17265.688,0,FAIL,0,0,NO_ORIGIN,0,0,1,1,1,1,0,0.0,,,,,0.0,1591,1524,,0,0,FAIL
17265.738,0,FAIL,0,0,NO_ORIGIN,0,0,1,1,1,1,0,0.0,,,,,0.0,1591,1524,,0,0,FAIL
17265.789,0,FAIL,0,0,NO_ORIGIN,0,0,1,1,1,1,0,0.0,,,,,0.0,1591,1524,,0,0,FAIL
17265.839,0,FAIL,0,0,NO_ORIGIN,0,0,1,1,1,1,0,0.0,,,,,0.0,1591,1524,,0,0,FAIL
17265.889,0,FAIL,0,0,NO_ORIGIN,0,0,1,1,1,1,0,0.0,,,,,0.0,1591,1524,,0,0,FAIL
17265.94,0,FAIL,0,0,NO_ORIGIN,0,0,1,1,1,1,0,0.0,,,,,0.0,1591,1524,,0,0,FAIL
17265.99,0,FAIL,0,0,NO_ORIGIN,0,0,1,1,1,1,0,0.0,,,,,0.0,1591,1524,,0,0,FAIL
17266.04,0,FAIL,0,0,NO_ORIGIN,0,0,1,1,1,1,0,0.0,,,,,0.0,1591,1524,,0,0,FAIL
17266.09,0,FAIL,0,0,NO_ORIGIN,0,0,1,1,1,1,0,0.0,,,,,0.0,1591,1524,,0,0,FAIL
17266.141,0,FAIL,0,0,NO_ORIGIN,0,0,1,1,1,1,0,0.0,,,,,0.0,1591,1524,,0,0,FAIL
17266.191,0,FAIL,0,0,NO_ORIGIN,0,0,1,1,1,1,0,0.0,,,,,0.0,1591,1524,,0,0,FAIL
17266.241,0,FAIL,0,0,NO_ORIGIN,0,0,1,1,1,1,0,0.0,,,,,0.0,1591,1524,,0,0,FAIL
17266.291,0,FAIL,0,0,NO_ORIGIN,0,0,1,1,1,1,0,0.0,,,,,0.0,1591,1524,,0,0,FAIL
17266.341,0,FAIL,0,0,NO_ORIGIN,0,0,1,1,1,1,0,0.0,,,,,0.0,1591,1524,,0,0,FAIL
17266.392,0,FAIL,0,0,NO_ORIGIN,0,0,1,1,1,1,0,0.0,,,,,0.0,1591,1524,,0,0,FAIL
17266.442,0,FAIL,0,0,NO_ORIGIN,0,0,1,1,1,1,0,0.0,,,,,0.0,1591,1524,,0,0,FAIL
17266.492,0,FAIL,0,0,NO_ORIGIN,0,0,1,1,1,1,0,0.0,,,,,0.0,1591,1524,,0,0,FAIL
17266.542,0,FAIL,0,0,NO_ORIGIN,0,0,1,1,1,1,0,0.0,,,,,0.0,1591,1524,,0,0,FAIL
17266.593,0,FAIL,0,0,NO_ORIGIN,0,0,1,1,1,1,0,0.0,,,,,0.0,1591,1524,,0,0,FAIL
17266.643,0,FAIL,0,0,NO_ORIGIN,0,0,1,1,1,1,0,0.0,,,,,0.0,1591,1524,,0,0,FAIL
17266.694,0,FAIL,0,0,NO_ORIGIN,0,0,1,1,1,1,0,0.0,,,,,0.0,1591,1524,,0,0,FAIL
17266.744,0,FAIL,0,0,NO_ORIGIN,0,0,1,1,1,1,0,0.0,,,,,0.0,1591,1524,,0,0,FAIL
17266.796,0,FAIL,0,0,NO_ORIGIN,0,0,1,1,1,1,0,0.0,,,,,0.0,1591,1524,,0,0,FAIL
17266.846,0,FAIL,0,0,NO_ORIGIN,0,0,1,1,1,1,0,0.0,,,,,0.0,1591,1524,,0,0,FAIL
17266.897,0,FAIL,0,0,NO_ORIGIN,0,0,1,1,1,1,0,0.0,,,,,0.0,1591,1524,,0,0,FAIL
17266.947,0,FAIL,0,0,NO_ORIGIN,0,0,1,1,1,1,0,0.0,,,,,0.0,1591,1524,,0,0,FAIL
17266.998,0,FAIL,0,0,NO_ORIGIN,0,0,1,1,1,1,0,0.0,,,,,0.0,1591,1524,,0,0,FAIL
17267.048,0,FAIL,0,0,NO_ORIGIN,0,0,1,1,1,1,0,0.0,,,,,0.0,1591,1524,,0,0,FAIL
17267.098,0,FAIL,0,0,NO_ORIGIN,0,0,1,1,1,1,0,0.0,,,,,0.0,1591,1524,,0,0,FAIL
17267.149,0,FAIL,0,0,NO_ORIGIN,0,0,1,1,1,1,0,0.0,,,,,0.0,1591,1524,,0,0,FAIL
17267.199,0,FAIL,0,0,NO_ORIGIN,0,0,1,1,1,1,0,0.0,,,,,0.0,1591,1524,,0,0,FAIL
17267.249,0,FAIL,0,0,NO_ORIGIN,0,0,1,1,1,1,0,0.0,,,,,0.0,1591,1524,,0,0,FAIL
17267.3,0,FAIL,0,0,NO_ORIGIN,0,0,1,1,1,1,0,0.0,,,,,0.0,1591,1524,,0,0,FAIL
17267.35,0,FAIL,0,0,NO_ORIGIN,0,0,1,1,1,1,0,0.0,,,,,0.0,1591,1524,,0,0,FAIL
17267.401,0,FAIL,0,0,NO_ORIGIN,0,0,1,1,1,1,0,0.0,,,,,0.0,1591,1524,,0,0,FAIL
17267.451,0,FAIL,0,0,NO_ORIGIN,0,0,1,1,1,1,0,0.0,,,,,0.0,1591,1524,,0,0,FAIL
17267.501,0,FAIL,0,0,NO_ORIGIN,0,0,1,1,1,1,0,0.0,,,,,0.0,1591,1524,,0,0,FAIL
17267.551,0,FAIL,0,0,NO_ORIGIN,0,0,1,1,1,1,0,0.0,,,,,0.0,1591,1524,,0,0,FAIL
17267.601,0,FAIL,0,0,NO_ORIGIN,0,0,1,1,1,1,0,0.0,,,,,0.0,1591,1524,,0,0,FAIL
17267.652,0,FAIL,0,0,NO_ORIGIN,0,0,1,1,1,1,0,0.0,,,,,0.0,1591,1524,,0,0,FAIL
17267.702,0,FAIL,0,0,NO_ORIGIN,0,0,1,1,1,1,0,0.0,,,,,0.0,1591,1524,,0,0,FAIL
17267.752,0,FAIL,0,0,NO_ORIGIN,0,0,1,1,1,1,0,0.0,,,,,0.0,1591,1524,,0,0,FAIL
17267.802,0,FAIL,0,0,NO_ORIGIN,0,0,1,1,1,1,0,0.0,,,,,0.0,1591,1524,,0,0,FAIL
17267.853,0,FAIL,0,0,NO_ORIGIN,0,0,1,1,1,1,0,0.0,,,,,0.0,1591,1524,,0,0,FAIL
17267.904,0,FAIL,0,0,NO_ORIGIN,0,0,1,1,1,1,0,0.0,,,,,0.0,1591,1524,,0,0,FAIL
17267.954,0,FAIL,0,0,NO_ORIGIN,0,0,1,1,1,1,0,0.0,,,,,0.0,1591,1524,,0,0,FAIL
17268.004,0,FAIL,0,0,NO_ORIGIN,0,0,1,1,1,1,0,0.0,,,,,0.0,1591,1524,,0,0,FAIL
17268.055,0,FAIL,0,0,NO_ORIGIN,0,0,1,1,1,1,0,0.0,,,,,0.0,1591,1524,,0,0,FAIL
17268.105,0,FAIL,0,0,NO_ORIGIN,0,0,1,1,1,1,0,0.0,,,,,0.0,1591,1524,,0,0,FAIL
17268.155,0,FAIL,0,0,NO_ORIGIN,0,0,1,1,1,1,0,0.0,,,,,0.0,1591,1524,,0,0,FAIL
17268.205,0,FAIL,0,0,NO_ORIGIN,0,0,1,1,1,1,0,0.0,,,,,0.0,1591,1524,,0,0,FAIL
17268.256,0,FAIL,0,0,NO_ORIGIN,0,0,1,1,1,1,0,0.0,,,,,0.0,1591,1524,,0,0,FAIL
17268.306,0,FAIL,0,0,NO_ORIGIN,0,0,1,1,1,1,0,0.0,,,,,0.0,1591,1524,,0,0,FAIL
17268.356,0,FAIL,0,0,NO_ORIGIN,0,0,1,1,1,1,0,0.0,,,,,0.0,1591,1524,,0,0,FAIL
17268.406,0,FAIL,0,0,NO_ORIGIN,0,0,1,1,1,1,0,0.0,,,,,0.0,1591,1524,,0,0,FAIL
17268.456,0,FAIL,0,0,NO_ORIGIN,0,0,1,1,1,1,0,0.0,,,,,0.0,1591,1524,,0,0,FAIL
17268.507,0,FAIL,0,0,NO_ORIGIN,0,0,1,1,1,1,0,0.0,,,,,0.0,1591,1524,,0,0,FAIL
17268.557,0,FAIL,0,0,NO_ORIGIN,0,0,1,1,1,1,0,0.0,,,,,0.0,1591,1524,,0,0,FAIL
17268.607,0,FAIL,0,0,NO_ORIGIN,0,0,1,1,1,1,0,0.0,,,,,0.0,1591,1524,,0,0,FAIL
17268.657,0,FAIL,0,0,NO_ORIGIN,0,0,1,1,1,1,0,0.0,,,,,0.0,1591,1524,,0,0,FAIL
17268.707,0,FAIL,0,0,NO_ORIGIN,0,0,1,1,1,1,0,0.0,,,,,0.0,1591,1524,,0,0,FAIL
17268.758,0,FAIL,0,0,NO_ORIGIN,0,0,1,1,1,1,0,0.0,,,,,0.0,1591,1524,,0,0,FAIL
17268.808,0,FAIL,0,0,NO_ORIGIN,0,0,1,1,1,1,0,0.0,,,,,0.0,1591,1524,,0,0,FAIL
17268.858,0,FAIL,0,0,NO_ORIGIN,0,0,1,1,1,1,0,0.0,,,,,0.0,1591,1524,,0,0,FAIL
17268.91,0,FAIL,0,0,NO_ORIGIN,0,0,1,1,1,1,0,0.0,,,,,0.0,1591,1524,,0,0,FAIL
17268.96,0,FAIL,0,0,NO_ORIGIN,0,0,1,1,1,1,0,0.0,,,,,0.0,1591,1524,,0,0,FAIL
17269.01,0,FAIL,0,0,NO_ORIGIN,0,0,1,1,1,1,0,0.0,,,,,0.0,1591,1524,,0,0,FAIL
17269.061,0,FAIL,0,0,NO_ORIGIN,0,0,1,1,1,1,0,0.0,,,,,0.0,1591,1524,,0,0,FAIL
17269.113,0,FAIL,0,0,NO_ORIGIN,0,0,1,1,1,1,0,0.0,,,,,0.0,1591,1524,,0,0,FAIL
17269.163,0,FAIL,0,0,NO_ORIGIN,0,0,1,1,1,1,0,0.0,,,,,0.0,1591,1524,,0,0,FAIL
17269.215,0,FAIL,0,0,NO_ORIGIN,0,0,1,1,1,1,0,0.0,,,,,0.0,1591,1524,,0,0,FAIL
17269.265,0,FAIL,0,0,NO_ORIGIN,0,0,1,1,1,1,0,0.0,,,,,0.0,1591,1524,,0,0,FAIL
17269.316,0,FAIL,0,0,NO_ORIGIN,0,0,1,1,1,1,0,0.0,,,,,0.0,1591,1524,,0,0,FAIL
17269.366,0,FAIL,0,0,NO_ORIGIN,0,0,1,1,1,1,0,0.0,,,,,0.0,1591,1524,,0,0,FAIL
17269.418,0,FAIL,0,0,NO_ORIGIN,0,0,1,1,1,1,0,0.0,,,,,0.0,1591,1524,,0,0,FAIL
17269.468,0,FAIL,0,0,NO_ORIGIN,0,0,1,1,1,1,0,0.0,,,,,0.0,1591,1524,,0,0,FAIL
17269.518,0,FAIL,0,0,NO_ORIGIN,0,0,1,1,1,1,0,0.0,,,,,0.0,1591,1524,,0,0,FAIL
17269.569,0,FAIL,0,0,NO_ORIGIN,0,0,1,1,1,1,0,0.0,,,,,0.0,1591,1524,,0,0,FAIL
17269.619,0,FAIL,0,0,NO_ORIGIN,0,0,1,1,1,1,0,0.0,,,,,0.0,1591,1524,,0,0,FAIL
17269.669,0,FAIL,0,0,NO_ORIGIN,0,0,1,1,1,1,0,0.0,,,,,0.0,1591,1524,,0,0,FAIL
17269.719,0,FAIL,0,0,NO_ORIGIN,0,0,1,1,1,1,0,0.0,,,,,0.0,1591,1524,,0,0,FAIL
17269.769,0,FAIL,0,0,NO_ORIGIN,0,0,1,1,1,1,0,0.0,,,,,0.0,1591,1524,,0,0,FAIL
17269.82,0,FAIL,0,0,NO_ORIGIN,0,0,1,1,1,1,0,0.0,,,,,0.0,1591,1524,,0,0,FAIL
17269.87,0,FAIL,0,0,NO_ORIGIN,0,0,1,1,1,1,0,0.0,,,,,0.0,1591,1524,,0,0,FAIL
17269.92,0,FAIL,0,0,NO_ORIGIN,0,0,1,1,1,1,0,0.0,,,,,0.0,1591,1524,,0,0,FAIL
17269.97,0,FAIL,0,0,NO_ORIGIN,0,0,1,1,1,1,0,0.0,,,,,0.0,1591,1524,,0,0,FAIL
17270.021,0,FAIL,0,0,NO_ORIGIN,0,0,1,1,1,1,0,0.0,,,,,0.0,1591,1524,,0,0,FAIL
17270.071,0,FAIL,0,0,NO_ORIGIN,0,0,1,1,1,1,0,0.0,,,,,0.0,1591,1524,,0,0,FAIL
17270.122,0,FAIL,0,0,NO_ORIGIN,0,0,1,1,1,1,0,0.0,,,,,0.0,1591,1524,,0,0,FAIL
17270.172,0,FAIL,0,0,NO_ORIGIN,0,0,1,1,1,1,0,0.0,,,,,0.0,1591,1524,,0,0,FAIL
17270.222,0,FAIL,0,0,NO_ORIGIN,0,0,1,1,1,1,0,0.0,,,,,0.0,1591,1524,,0,0,FAIL
17270.272,0,FAIL,0,0,NO_ORIGIN,0,0,1,1,1,1,0,0.0,,,,,0.0,1591,1524,,0,0,FAIL
17270.322,0,FAIL,0,0,NO_ORIGIN,0,0,1,1,1,1,0,0.0,,,,,0.0,1591,1524,,0,0,FAIL
17270.373,0,FAIL,0,0,NO_ORIGIN,0,0,1,1,1,1,0,0.0,,,,,0.0,1591,1524,,0,0,FAIL
17270.423,0,FAIL,0,0,NO_ORIGIN,0,0,1,1,1,1,0,0.0,,,,,0.0,1591,1524,,0,0,FAIL
17270.473,0,FAIL,0,0,NO_ORIGIN,0,0,1,1,1,1,0,0.0,,,,,0.0,1591,1524,,0,0,FAIL
17270.523,0,FAIL,0,0,NO_ORIGIN,0,0,1,1,1,1,0,0.0,,,,,0.0,1591,1524,,0,0,FAIL
17270.573,0,FAIL,0,0,NO_ORIGIN,0,0,1,1,1,1,0,0.0,,,,,0.0,1591,1524,,0,0,FAIL
17270.624,0,FAIL,0,0,NO_ORIGIN,0,0,1,1,1,1,0,0.0,,,,,0.0,1591,1524,,0,0,FAIL
17270.674,0,FAIL,0,0,NO_ORIGIN,0,0,1,1,1,1,0,0.0,,,,,0.0,1591,1524,,0,0,FAIL
17270.725,0,FAIL,0,0,NO_ORIGIN,0,0,1,1,1,1,0,0.0,,,,,0.0,1591,1524,,0,0,FAIL
17270.775,0,FAIL,0,0,NO_ORIGIN,0,0,1,1,1,1,0,0.0,,,,,0.0,1591,1524,,0,0,FAIL
17270.826,0,FAIL,0,0,NO_ORIGIN,0,0,1,1,1,1,0,0.0,,,,,0.0,1591,1524,,0,0,FAIL
17270.876,0,FAIL,0,0,NO_ORIGIN,0,0,1,1,1,1,0,0.0,,,,,0.0,1591,1524,,0,0,FAIL
17270.926,0,FAIL,0,0,NO_ORIGIN,0,0,1,1,1,1,0,0.0,,,,,0.0,1591,1524,,0,0,FAIL
17270.976,0,FAIL,0,0,NO_ORIGIN,0,0,1,1,1,1,0,0.0,,,,,0.0,1591,1524,,0,0,FAIL
17271.027,0,FAIL,0,0,NO_ORIGIN,0,0,1,1,1,1,0,0.0,,,,,0.0,1591,1524,,0,0,FAIL
17271.078,1,FAIL,0,0,NO_ORIGIN,0,0,1,1,1,1,0,0.0,,,,,0.0,1591,1524,,0,0,FAIL
17271.128,1,FAIL,0,0,NO_ORIGIN,0,0,1,1,1,1,0,0.0,,,,,0.0,1591,1524,,0,0,FAIL
17271.178,1,FAIL,0,0,NO_ORIGIN,0,0,1,1,1,1,0,0.0,,,,,0.0,1591,1524,,0,0,FAIL
17271.228,1,FAIL,0,0,NO_ORIGIN,0,0,1,1,1,1,0,0.0,,,,,0.0,1591,1524,,0,0,FAIL
17271.279,1,FAIL,0,0,NO_ORIGIN,0,0,1,1,1,1,0,0.0,,,,,0.0,1591,1524,,0,0,FAIL
17271.329,1,FAIL,0,0,NO_ORIGIN,0,0,1,1,1,1,0,0.0,,,,,0.0,1591,1524,,0,0,FAIL
17271.379,1,FAIL,0,0,NO_ORIGIN,0,0,1,1,1,1,0,0.0,,,,,0.0,1591,1524,,0,0,FAIL
17271.429,1,FAIL,0,0,NO_ORIGIN,0,0,1,1,1,1,0,0.0,,,,,0.0,1591,1524,,0,0,FAIL
17271.479,1,FAIL,0,0,NO_ORIGIN,0,0,1,1,1,1,0,0.0,,,,,0.0,1591,1524,,0,0,FAIL
17271.53,1,FAIL,0,0,NO_ORIGIN,0,0,1,1,1,1,0,0.0,,,,,0.0,1591,1524,,0,0,FAIL
17271.58,1,FAIL,0,0,NO_ORIGIN,0,0,1,1,1,1,0,0.0,,,,,0.0,1591,1524,,0,0,FAIL
17271.631,1,FAIL,0,0,NO_ORIGIN,0,0,1,1,1,1,0,0.0,,,,,0.0,1591,1524,,0,0,FAIL
17271.681,1,FAIL,0,0,NO_ORIGIN,0,0,1,1,1,1,0,0.0,,,,,0.0,1591,1524,,0,0,FAIL
17271.732,1,FAIL,0,0,NO_ORIGIN,0,0,1,1,1,1,0,0.0,,,,,0.0,1591,1524,,0,0,FAIL
17271.782,1,FAIL,0,0,NO_ORIGIN,0,0,1,1,1,1,0,0.0,,,,,0.0,1591,1524,,0,0,FAIL
17271.832,1,FAIL,0,0,NO_ORIGIN,0,0,1,1,1,1,0,0.0,,,,,0.0,1591,1524,,0,0,FAIL
17271.882,1,FAIL,0,0,NO_ORIGIN,0,0,1,1,1,1,0,0.0,,,,,0.0,1591,1524,,0,0,FAIL
17271.933,1,FAIL,0,0,NO_ORIGIN,0,0,1,1,1,1,0,0.0,,,,,0.0,1591,1524,,0,0,FAIL
17271.983,1,FAIL,0,0,NO_ORIGIN,0,0,1,1,1,1,0,0.0,,,,,0.0,1591,1524,,0,0,FAIL
17272.033,1,FAIL,0,0,NO_ORIGIN,0,0,1,1,1,1,0,0.0,,,,,0.0,1591,1524,,0,0,FAIL
17272.084,1,FAIL,0,0,NO_ORIGIN,0,0,1,1,1,1,0,0.0,,,,,0.0,1591,1524,,0,0,FAIL
17272.134,1,FAIL,0,0,NO_ORIGIN,0,0,1,1,1,1,0,0.0,,,,,0.0,1591,1524,,0,0,FAIL
17272.184,1,FAIL,0,0,NO_ORIGIN,0,0,1,1,1,1,0,0.0,,,,,0.0,1591,1524,,0,0,FAIL
17272.237,1,FAIL,0,0,NO_ORIGIN,0,0,1,1,1,1,0,0.0,,,,,0.0,1591,1524,,0,0,FAIL
17272.287,1,FAIL,0,0,NO_ORIGIN,0,0,1,1,1,1,0,0.0,,,,,0.0,1591,1524,,0,0,FAIL
17272.337,1,FAIL,0,0,NO_ORIGIN,0,0,1,1,1,1,0,0.0,,,,,0.0,1591,1524,,0,0,FAIL
17272.387,1,FAIL,0,0,NO_ORIGIN,0,0,1,1,1,1,0,0.0,,,,,0.0,1591,1524,,0,0,FAIL
17272.437,1,FAIL,0,0,NO_ORIGIN,0,0,1,1,1,1,0,0.0,,,,,0.0,1591,1524,,0,0,FAIL
17272.488,1,FAIL,0,0,NO_ORIGIN,0,0,1,1,1,1,0,0.0,,,,,0.0,1591,1524,,0,0,FAIL
17272.538,1,FAIL,0,0,NO_ORIGIN,0,0,1,1,1,1,0,0.0,,,,,0.0,1591,1524,,0,0,FAIL
17272.588,1,FAIL,0,0,NO_ORIGIN,0,0,1,1,1,1,0,0.0,,,,,0.0,1591,1524,,0,0,FAIL
17272.639,1,FAIL,0,0,NO_ORIGIN,0,0,1,1,1,1,0,0.0,,,,,0.0,1591,1524,,0,0,FAIL
17272.689,1,FAIL,0,0,NO_ORIGIN,0,0,1,1,1,1,0,0.0,,,,,0.0,1591,1524,,0,0,FAIL
17272.739,1,FAIL,0,0,NO_ORIGIN,0,0,1,1,1,1,0,0.0,,,,,0.0,1591,1524,,0,0,FAIL
17272.789,1,FAIL,0,0,NO_ORIGIN,0,0,1,1,1,1,0,0.0,,,,,0.0,1591,1524,,0,0,FAIL
17272.839,1,FAIL,0,0,NO_ORIGIN,0,0,1,1,1,1,0,0.0,,,,,0.0,1591,1524,,0,0,FAIL
17272.89,1,FAIL,0,0,NO_ORIGIN,0,0,1,1,1,1,0,0.0,,,,,0.0,1591,1524,,0,0,FAIL
17272.94,1,FAIL,0,0,NO_ORIGIN,0,0,1,1,1,1,0,0.0,,,,,0.0,1591,1524,,0,0,FAIL
17272.991,1,FAIL,0,0,NO_ORIGIN,0,0,1,1,1,1,0,0.0,,,,,0.0,1591,1524,,0,0,FAIL
17273.041,1,FAIL,0,0,NO_ORIGIN,0,0,1,1,1,1,0,0.0,,,,,0.0,1591,1524,,0,0,FAIL
17273.091,1,FAIL,0,0,NO_ORIGIN,0,0,1,1,1,1,0,0.0,,,,,0.0,1591,1524,,0,0,FAIL
17273.141,1,FAIL,0,0,NO_ORIGIN,0,0,1,1,1,1,0,0.0,,,,,0.0,1591,1524,,0,0,FAIL
17273.191,1,FAIL,0,0,NO_ORIGIN,0,0,1,1,1,1,0,0.0,,,,,0.0,1591,1524,,0,0,FAIL
17273.243,1,FAIL,0,0,NO_ORIGIN,0,0,1,1,1,1,0,0.0,,,,,0.0,1591,1524,,0,0,FAIL
17273.293,1,FAIL,0,0,NO_ORIGIN,0,0,1,1,1,1,0,0.0,,,,,0.0,1591,1524,,0,0,FAIL
17273.345,1,FAIL,0,0,NO_ORIGIN,0,0,1,1,1,1,0,0.0,,,,,0.0,1591,1524,,0,0,FAIL
17273.395,1,FAIL,0,0,NO_ORIGIN,0,0,1,1,1,1,0,0.0,,,,,0.0,1591,1524,,0,0,FAIL
17273.445,1,FAIL,0,0,NO_ORIGIN,0,0,1,1,1,1,0,0.0,,,,,0.0,1591,1524,,0,0,FAIL
17273.495,1,FAIL,0,0,NO_ORIGIN,0,0,1,1,1,1,0,0.0,,,,,0.0,1591,1524,,0,0,FAIL
17273.546,1,FAIL,0,0,NO_ORIGIN,0,0,1,1,1,1,0,0.0,,,,,0.0,1591,1524,,0,0,FAIL
17273.596,1,FAIL,0,0,NO_ORIGIN,0,0,1,1,1,1,0,0.0,,,,,0.0,1591,1524,,0,0,FAIL
17273.647,1,FAIL,0,0,NO_ORIGIN,0,0,1,1,1,1,0,0.0,,,,,0.0,1591,1524,,0,0,FAIL
17273.697,1,FAIL,0,0,NO_ORIGIN,0,0,1,1,1,1,0,0.0,,,,,0.0,1591,1524,,0,0,FAIL
17273.748,1,FAIL,0,0,NO_ORIGIN,0,0,1,1,1,1,0,0.0,,,,,0.0,1591,1524,,0,0,FAIL
17273.798,1,FAIL,0,0,NO_ORIGIN,0,0,1,1,1,1,0,0.0,,,,,0.0,1591,1524,,0,0,FAIL
17273.848,1,FAIL,0,0,NO_ORIGIN,0,0,1,1,1,1,0,0.0,,,,,0.0,1591,1524,,0,0,FAIL
17273.898,1,FAIL,0,0,NO_ORIGIN,0,0,1,1,1,1,0,0.0,,,,,0.0,1591,1524,,0,0,FAIL
17273.949,1,FAIL,0,0,NO_ORIGIN,0,0,1,1,1,1,0,0.0,,,,,0.0,1591,1524,,0,0,FAIL
17273.999,1,FAIL,0,0,NO_ORIGIN,0,0,1,1,1,1,0,0.0,,,,,0.0,1591,1524,,0,0,FAIL
17274.049,1,FAIL,0,0,NO_ORIGIN,0,0,1,1,1,1,0,0.0,,,,,0.0,1591,1524,,0,0,FAIL
17274.099,1,FAIL,0,0,NO_ORIGIN,0,0,1,1,1,1,0,0.0,,,,,0.0,1591,1524,,0,0,FAIL
17274.151,1,FAIL,0,0,NO_ORIGIN,0,0,1,1,1,1,0,0.0,,,,,0.0,1591,1524,,0,0,FAIL
17274.201,1,FAIL,0,0,NO_ORIGIN,0,0,1,1,1,1,0,0.0,,,,,0.0,1591,1524,,0,0,FAIL
17274.251,1,FAIL,0,0,NO_ORIGIN,0,0,1,1,1,1,0,0.0,,,,,0.0,1591,1524,,0,0,FAIL
17274.301,1,FAIL,0,0,NO_ORIGIN,0,0,1,1,1,1,0,0.0,,,,,0.0,1591,1524,,0,0,FAIL
17274.352,1,FAIL,0,0,NO_ORIGIN,0,0,1,1,1,1,0,0.0,,,,,0.0,1591,1524,,0,0,FAIL
17274.402,1,FAIL,0,0,NO_ORIGIN,0,0,1,1,1,1,0,0.0,,,,,0.0,1591,1524,,0,0,FAIL
17274.452,1,FAIL,0,0,NO_ORIGIN,0,0,1,1,1,1,0,0.0,,,,,0.0,1591,1524,,0,0,FAIL
17274.503,1,FAIL,0,0,NO_ORIGIN,0,0,1,1,1,1,0,0.0,,,,,0.0,1591,1524,,0,0,FAIL
17274.553,1,FAIL,0,0,NO_ORIGIN,0,0,1,1,1,1,0,0.0,,,,,0.0,1591,1524,,0,0,FAIL
17274.603,1,FAIL,0,0,NO_ORIGIN,0,0,1,1,1,1,0,0.0,,,,,0.0,1591,1524,,0,0,FAIL
17274.654,1,FAIL,0,0,NO_ORIGIN,0,0,1,1,1,1,0,0.0,,,,,0.0,1591,1524,,0,0,FAIL
17274.704,1,FAIL,0,0,NO_ORIGIN,0,0,1,1,1,1,0,0.0,,,,,0.0,1591,1524,,0,0,FAIL
17274.754,1,FAIL,0,0,NO_ORIGIN,0,0,1,1,1,1,0,0.0,,,,,0.0,1591,1524,,0,0,FAIL
17274.804,1,FAIL,0,0,NO_ORIGIN,0,0,1,1,1,1,0,0.0,,,,,0.0,1591,1524,,0,0,FAIL
17274.854,1,FAIL,0,0,NO_ORIGIN,0,0,1,1,1,1,0,0.0,,,,,0.0,1591,1524,,0,0,FAIL
17274.905,1,FAIL,0,0,NO_ORIGIN,0,0,1,1,1,1,0,0.0,,,,,0.0,1591,1524,,0,0,FAIL
17274.955,1,FAIL,0,0,NO_ORIGIN,0,0,1,1,1,1,0,0.0,,,,,0.0,1591,1524,,0,0,FAIL
17275.005,1,FAIL,0,0,NO_ORIGIN,0,0,1,1,1,1,0,0.0,,,,,0.0,1591,1524,,0,0,FAIL
17275.055,1,FAIL,0,0,NO_ORIGIN,0,0,1,1,1,1,0,0.0,,,,,0.0,1591,1524,,0,0,FAIL
17275.105,1,FAIL,0,0,NO_ORIGIN,0,0,1,1,1,1,0,0.0,,,,,0.0,1591,1524,,0,0,FAIL
17275.156,1,FAIL,0,0,NO_ORIGIN,0,0,1,1,1,1,0,0.0,,,,,0.0,1591,1524,,0,0,FAIL
17275.206,1,FAIL,0,0,NO_ORIGIN,0,0,1,1,1,1,0,0.0,,,,,0.0,1591,1524,,0,0,FAIL
17275.256,1,FAIL,0,0,NO_ORIGIN,0,0,1,1,1,1,0,0.0,,,,,0.0,1591,1524,,0,0,FAIL
17275.306,1,FAIL,0,0,NO_ORIGIN,0,0,1,1,1,1,0,0.0,,,,,0.0,1591,1524,,0,0,FAIL
17275.357,1,FAIL,0,0,NO_ORIGIN,0,0,1,1,1,1,0,0.0,,,,,0.0,1591,1524,,0,0,FAIL
17275.407,1,FAIL,0,0,NO_ORIGIN,0,0,1,1,1,1,0,0.0,,,,,0.0,1591,1524,,0,0,FAIL
17275.458,1,FAIL,0,0,NO_ORIGIN,0,0,1,1,1,1,0,0.0,,,,,0.0,1591,1524,,0,0,FAIL
17275.508,1,FAIL,0,0,NO_ORIGIN,0,0,1,1,1,1,0,0.0,,,,,0.0,1591,1524,,0,0,FAIL
17275.558,1,FAIL,0,0,NO_ORIGIN,0,0,1,1,1,1,0,0.0,,,,,0.0,1591,1524,,0,0,FAIL
17275.612,1,FAIL,0,0,NO_ORIGIN,0,0,1,1,1,1,0,0.0,,,,,0.0,1591,1524,,0,0,FAIL
17275.662,1,FAIL,0,0,NO_ORIGIN,0,0,1,1,1,1,0,0.0,,,,,0.0,1591,1524,,0,0,FAIL
17275.713,1,FAIL,0,0,NO_ORIGIN,0,0,1,1,1,1,0,0.0,,,,,0.0,1591,1524,,0,0,FAIL
17275.763,1,FAIL,0,0,NO_ORIGIN,0,0,1,1,1,1,0,0.0,,,,,0.0,1591,1524,,0,0,FAIL
17275.813,1,FAIL,0,0,NO_ORIGIN,0,0,1,1,1,1,0,0.0,,,,,0.0,1591,1524,,0,0,FAIL
17275.863,1,FAIL,0,0,NO_ORIGIN,0,0,1,1,1,1,0,0.0,,,,,0.0,1591,1524,,0,0,FAIL
17275.913,1,FAIL,0,0,NO_ORIGIN,0,0,1,1,1,1,0,0.0,,,,,0.0,1591,1524,,0,0,FAIL
17275.964,1,FAIL,0,0,NO_ORIGIN,0,0,1,1,1,1,0,0.0,,,,,0.0,1591,1524,,0,0,FAIL
17276.014,1,FAIL,0,0,NO_ORIGIN,0,0,1,1,1,1,0,0.0,,,,,0.0,1591,1524,,0,0,FAIL
17276.067,1,FAIL,0,0,NO_ORIGIN,0,0,1,1,1,1,0,0.0,,,,,0.0,1591,1524,,0,0,FAIL
17276.117,1,FAIL,0,0,NO_ORIGIN,0,0,1,1,1,1,0,0.0,,,,,0.0,1591,1524,,0,0,FAIL
17276.167,1,FAIL,0,0,NO_ORIGIN,0,0,1,1,1,1,0,0.0,,,,,0.0,1591,1524,,0,0,FAIL
17276.217,1,FAIL,0,0,NO_ORIGIN,0,0,1,1,1,1,0,0.0,,,,,0.0,1591,1524,,0,0,FAIL
17276.267,1,FAIL,0,0,NO_ORIGIN,0,0,1,1,1,1,0,0.0,,,,,0.0,1591,1524,,0,0,FAIL
17276.317,1,FAIL,0,0,NO_ORIGIN,0,0,1,1,1,1,0,0.0,,,,,0.0,1591,1524,,0,0,FAIL
17276.368,1,FAIL,0,0,NO_ORIGIN,0,0,1,1,1,1,0,0.0,,,,,0.0,1591,1524,,0,0,FAIL
17276.418,1,FAIL,0,0,NO_ORIGIN,0,0,1,1,1,1,0,0.0,,,,,0.0,1591,1524,,0,0,FAIL
17276.468,1,FAIL,0,0,NO_ORIGIN,0,0,1,1,1,1,0,0.0,,,,,0.0,1591,1524,,0,0,FAIL
17276.518,1,FAIL,0,0,NO_ORIGIN,0,0,1,1,1,1,0,0.0,,,,,0.0,1591,1524,,0,0,FAIL
17276.568,1,FAIL,0,0,NO_ORIGIN,0,0,1,1,1,1,0,0.0,,,,,0.0,1591,1524,,0,0,FAIL
17276.618,1,FAIL,0,0,NO_ORIGIN,0,0,1,1,1,1,0,0.0,,,,,0.0,1591,1524,,0,0,FAIL
17276.67,1,FAIL,0,0,NO_ORIGIN,0,0,1,1,1,1,0,0.0,,,,,0.0,1591,1524,,0,0,FAIL
17276.72,1,FAIL,0,0,NO_ORIGIN,0,0,1,1,1,1,0,0.0,,,,,0.0,1591,1524,,0,0,FAIL
17276.772,1,FAIL,0,0,NO_ORIGIN,0,0,1,1,1,1,0,0.0,,,,,0.0,1591,1524,,0,0,FAIL
17276.822,1,FAIL,0,0,NO_ORIGIN,0,0,1,1,1,1,0,0.0,,,,,0.0,1591,1524,,0,0,FAIL
17276.872,1,FAIL,0,0,NO_ORIGIN,0,0,1,1,1,1,0,0.0,,,,,0.0,1591,1524,,0,0,FAIL
17276.922,1,FAIL,0,0,NO_ORIGIN,0,0,1,1,1,1,0,0.0,,,,,0.0,1591,1524,,0,0,FAIL
17276.974,1,FAIL,0,0,NO_ORIGIN,0,0,1,1,1,1,0,0.0,,,,,0.0,1591,1524,,0,0,FAIL
17277.024,1,FAIL,0,0,NO_ORIGIN,0,0,1,1,1,1,0,0.0,,,,,0.0,1591,1524,,0,0,FAIL
17277.074,1,FAIL,0,0,NO_ORIGIN,0,0,1,1,1,1,0,0.0,,,,,0.0,1591,1524,,0,0,FAIL
17277.124,1,FAIL,0,0,NO_ORIGIN,0,0,1,1,1,1,0,0.0,,,,,0.0,1591,1524,,0,0,FAIL
17277.177,1,FAIL,0,0,NO_ORIGIN,0,0,1,1,1,1,0,0.0,,,,,0.0,1591,1524,,0,0,FAIL
17277.227,1,FAIL,0,0,NO_ORIGIN,0,0,1,1,1,1,0,0.0,,,,,0.0,1591,1524,,0,0,FAIL
17277.279,1,FAIL,0,0,NO_ORIGIN,0,0,1,1,1,1,0,0.0,,,,,0.0,1591,1524,,0,0,FAIL
17277.329,1,FAIL,0,0,NO_ORIGIN,0,0,1,1,1,1,0,0.0,,,,,0.0,1591,1524,,0,0,FAIL
17277.379,1,FAIL,0,0,NO_ORIGIN,0,0,1,1,1,1,0,0.0,,,,,0.0,1591,1524,,0,0,FAIL
17277.429,1,FAIL,0,0,NO_ORIGIN,0,0,1,1,1,1,0,0.0,,,,,0.0,1591,1524,,0,0,FAIL
17277.481,1,FAIL,0,0,NO_ORIGIN,0,0,1,1,1,1,0,0.0,,,,,0.0,1591,1524,,0,0,FAIL
17277.532,1,FAIL,0,0,NO_ORIGIN,0,0,1,1,1,1,0,0.0,,,,,0.0,1591,1524,,0,0,FAIL
17277.582,1,FAIL,0,0,NO_ORIGIN,0,0,1,1,1,1,0,0.0,,,,,0.0,1591,1524,,0,0,FAIL
17277.632,1,FAIL,0,0,NO_ORIGIN,0,0,1,1,1,1,0,0.0,,,,,0.0,1591,1524,,0,0,FAIL
17277.682,1,FAIL,0,0,NO_ORIGIN,0,0,1,1,1,1,0,0.0,,,,,0.0,1591,1524,,0,0,FAIL
17277.733,1,FAIL,0,0,NO_ORIGIN,0,0,1,1,1,1,0,0.0,,,,,0.0,1591,1524,,0,0,FAIL
17277.783,1,FAIL,0,0,NO_ORIGIN,0,0,1,1,1,1,0,0.0,,,,,0.0,1591,1524,,0,0,FAIL
17277.834,1,FAIL,0,0,NO_ORIGIN,0,0,1,1,1,1,0,0.0,,,,,0.0,1591,1524,,0,0,FAIL
17277.884,1,FAIL,0,0,NO_ORIGIN,0,0,1,1,1,1,0,0.0,,,,,0.0,1591,1524,,0,0,FAIL
17277.934,1,FAIL,0,0,NO_ORIGIN,0,0,1,1,1,1,0,0.0,,,,,0.0,1591,1524,,0,0,FAIL
17277.984,1,FAIL,0,0,NO_ORIGIN,0,0,1,1,1,1,0,0.0,,,,,0.0,1591,1524,,0,0,FAIL
17278.034,1,FAIL,0,0,NO_ORIGIN,0,0,1,1,1,1,0,0.0,,,,,0.0,1591,1524,,0,0,FAIL
17278.084,1,FAIL,0,0,NO_ORIGIN,0,0,1,1,1,1,0,0.0,,,,,0.0,1591,1524,,0,0,FAIL
17278.135,1,FAIL,0,0,NO_ORIGIN,0,0,1,1,1,1,0,0.0,,,,,0.0,1591,1524,,0,0,FAIL
17278.185,1,FAIL,0,0,NO_ORIGIN,0,0,1,1,1,1,0,0.0,,,,,0.0,1591,1524,,0,0,FAIL
17278.235,1,FAIL,0,0,NO_ORIGIN,0,0,1,1,1,1,0,0.0,,,,,0.0,1591,1524,,0,0,FAIL
17278.285,1,FAIL,0,0,NO_ORIGIN,0,0,1,1,1,1,0,0.0,,,,,0.0,1591,1524,,0,0,FAIL
17278.335,1,FAIL,0,0,NO_ORIGIN,0,0,1,1,1,1,0,0.0,,,,,0.0,1591,1524,,0,0,FAIL
17278.386,1,FAIL,0,0,NO_ORIGIN,0,0,1,1,1,1,0,0.0,,,,,0.0,1591,1524,,0,0,FAIL
17278.436,1,FAIL,0,0,NO_ORIGIN,0,0,1,1,1,1,0,0.0,,,,,0.0,1591,1524,,0,0,FAIL
17278.486,1,FAIL,0,0,NO_ORIGIN,0,0,1,1,1,1,0,0.0,,,,,0.0,1591,1524,,0,0,FAIL
17278.536,1,FAIL,0,0,NO_ORIGIN,0,0,1,1,1,1,0,0.0,,,,,0.0,1591,1524,,0,0,FAIL
17278.586,1,FAIL,0,0,NO_ORIGIN,0,0,1,1,1,1,0,0.0,,,,,0.0,1591,1524,,0,0,FAIL
17278.636,1,FAIL,0,0,NO_ORIGIN,0,0,1,1,1,1,0,0.0,,,,,0.0,1591,1524,,0,0,FAIL
17278.687,1,FAIL,0,0,NO_ORIGIN,0,0,1,1,1,1,0,0.0,,,,,0.0,1591,1524,,0,0,FAIL
17278.737,1,FAIL,0,0,NO_ORIGIN,0,0,1,1,1,1,0,0.0,,,,,0.0,1591,1524,,0,0,FAIL
17278.787,1,FAIL,0,0,NO_ORIGIN,0,0,1,1,1,1,0,0.0,,,,,0.0,1591,1524,,0,0,FAIL
17278.837,1,FAIL,0,0,NO_ORIGIN,0,0,1,1,1,1,0,0.0,,,,,0.0,1591,1524,,0,0,FAIL
17278.888,1,FAIL,0,0,NO_ORIGIN,0,0,1,1,1,1,0,0.0,,,,,0.0,1591,1524,,0,0,FAIL
17278.938,1,FAIL,0,0,NO_ORIGIN,0,0,1,1,1,1,0,0.0,,,,,0.0,1591,1524,,0,0,FAIL
17278.988,1,FAIL,0,0,NO_ORIGIN,0,0,1,1,1,1,0,0.0,,,,,0.0,1591,1524,,0,0,FAIL
17279.038,1,FAIL,0,0,NO_ORIGIN,0,0,1,1,1,1,0,0.0,,,,,0.0,1591,1524,,0,0,FAIL
17279.089,1,FAIL,0,0,NO_ORIGIN,0,0,1,1,1,1,0,0.0,,,,,0.0,1591,1524,,0,0,FAIL
17279.139,1,FAIL,0,0,NO_ORIGIN,0,0,1,1,1,1,0,0.0,,,,,0.0,1591,1524,,0,0,FAIL
17279.189,1,FAIL,0,0,NO_ORIGIN,0,0,1,1,1,1,0,0.0,,,,,0.0,1591,1524,,0,0,FAIL
17279.239,1,FAIL,0,0,NO_ORIGIN,0,0,1,1,1,1,0,0.0,,,,,0.0,1591,1524,,0,0,FAIL
17279.29,1,FAIL,0,0,NO_ORIGIN,0,0,1,1,1,1,0,0.0,,,,,0.0,1591,1524,,0,0,FAIL
17279.34,1,FAIL,0,0,NO_ORIGIN,0,0,1,1,1,1,0,0.0,,,,,0.0,1591,1524,,0,0,FAIL
17279.391,1,FAIL,0,0,NO_ORIGIN,0,0,1,1,1,1,0,0.0,,,,,0.0,1591,1524,,0,0,FAIL
17279.441,1,FAIL,0,0,NO_ORIGIN,0,0,1,1,1,1,0,0.0,,,,,0.0,1591,1524,,0,0,FAIL
17279.491,1,FAIL,0,0,NO_ORIGIN,0,0,1,1,1,1,0,0.0,,,,,0.0,1591,1524,,0,0,FAIL
17279.541,1,FAIL,0,0,NO_ORIGIN,0,0,1,1,1,1,0,0.0,,,,,0.0,1591,1524,,0,0,FAIL
17279.591,1,FAIL,0,0,NO_ORIGIN,0,0,1,1,1,1,0,0.0,,,,,0.0,1591,1524,,0,0,FAIL
17279.642,1,FAIL,0,0,NO_ORIGIN,0,0,1,1,1,1,0,0.0,,,,,0.0,1591,1524,,0,0,FAIL
17279.692,1,FAIL,0,0,NO_ORIGIN,0,0,1,1,1,1,0,0.0,,,,,0.0,1591,1524,,0,0,FAIL
17279.742,1,FAIL,0,0,NO_ORIGIN,0,0,1,1,1,1,0,0.0,,,,,0.0,1591,1524,,0,0,FAIL
17279.793,1,FAIL,0,0,NO_ORIGIN,0,0,1,1,1,1,0,0.0,,,,,0.0,1591,1524,,0,0,FAIL
17279.843,1,FAIL,0,0,NO_ORIGIN,0,0,1,1,1,1,0,0.0,,,,,0.0,1591,1524,,0,0,FAIL
17279.894,1,FAIL,0,0,NO_ORIGIN,0,0,1,1,1,1,0,0.0,,,,,0.0,1591,1524,,0,0,FAIL
17279.944,1,FAIL,0,0,NO_ORIGIN,0,0,1,1,1,1,0,0.0,,,,,0.0,1591,1524,,0,0,FAIL
17279.995,1,FAIL,0,0,NO_ORIGIN,0,0,1,1,1,1,0,0.0,,,,,0.0,1591,1524,,0,0,FAIL
17280.045,1,FAIL,0,0,NO_ORIGIN,0,0,1,1,1,1,0,0.0,,,,,0.0,1591,1524,,0,0,FAIL
17280.095,1,FAIL,0,0,NO_ORIGIN,0,0,1,1,1,1,0,0.0,,,,,0.0,1591,1524,,0,0,FAIL
17280.145,1,FAIL,0,0,NO_ORIGIN,0,0,1,1,1,1,0,0.0,,,,,0.0,1591,1524,,0,0,FAIL
17280.196,1,FAIL,0,0,NO_ORIGIN,0,0,1,1,1,1,0,0.0,,,,,0.0,1591,1524,,0,0,FAIL
17280.246,1,FAIL,0,0,NO_ORIGIN,0,0,1,1,1,1,0,0.0,,,,,0.0,1591,1524,,0,0,FAIL
17280.297,1,FAIL,0,0,NO_ORIGIN,0,0,1,1,1,1,0,0.0,,,,,0.0,1591,1524,,0,0,FAIL
17280.347,1,FAIL,0,0,NO_ORIGIN,0,0,1,1,1,1,0,0.0,,,,,0.0,1591,1524,,0,0,FAIL
17280.397,1,FAIL,0,0,NO_ORIGIN,0,0,1,1,1,1,0,0.0,,,,,0.0,1591,1524,,0,0,FAIL
17280.447,1,FAIL,0,0,NO_ORIGIN,0,0,1,1,1,1,0,0.0,,,,,0.0,1591,1524,,0,0,FAIL
17280.498,1,FAIL,0,0,NO_ORIGIN,0,0,1,1,1,1,0,0.0,,,,,0.0,1591,1524,,0,0,FAIL
17280.549,1,FAIL,0,0,NO_ORIGIN,0,0,1,1,1,1,0,0.0,,,,,0.0,1591,1524,,0,0,FAIL
17280.599,1,FAIL,0,0,NO_ORIGIN,0,0,1,1,1,1,0,0.0,,,,,0.0,1591,1524,,0,0,FAIL
17280.649,1,FAIL,0,0,NO_ORIGIN,0,0,1,1,1,1,0,0.0,,,,,0.0,1591,1524,,0,0,FAIL
17280.699,1,FAIL,0,0,NO_ORIGIN,0,0,1,1,1,1,0,0.0,,,,,0.0,1591,1524,,0,0,FAIL
17280.749,1,FAIL,0,0,NO_ORIGIN,0,0,1,1,1,1,0,0.0,,,,,0.0,1591,1524,,0,0,FAIL
17280.799,1,FAIL,0,0,NO_ORIGIN,0,0,1,1,1,1,0,0.0,,,,,0.0,1591,1524,,0,0,FAIL
17280.85,1,FAIL,0,0,NO_ORIGIN,0,0,1,1,1,1,0,0.0,,,,,0.0,1591,1524,,0,0,FAIL
17280.9,1,FAIL,0,0,NO_ORIGIN,0,0,1,1,1,1,0,0.0,,,,,0.0,1591,1524,,0,0,FAIL
17280.95,1,FAIL,0,0,NO_ORIGIN,0,0,1,1,1,1,0,0.0,,,,,0.0,1591,1524,,0,0,FAIL
17281.0,1,FAIL,0,0,NO_ORIGIN,0,0,1,1,1,1,0,0.0,,,,,0.0,1591,1524,,0,0,FAIL
17281.051,1,FAIL,0,0,NO_ORIGIN,0,0,1,1,1,1,0,0.0,,,,,0.0,1591,1524,,0,0,FAIL
17281.101,1,FAIL,0,0,NO_ORIGIN,0,0,1,1,1,1,0,0.0,,,,,0.0,1591,1524,,0,0,FAIL
17281.151,1,FAIL,0,0,NO_ORIGIN,0,0,1,1,1,1,0,0.0,,,,,0.0,1591,1524,,0,0,FAIL
17281.201,1,FAIL,0,0,NO_ORIGIN,0,0,1,1,1,1,0,0.0,,,,,0.0,1591,1524,,0,0,FAIL
17281.251,1,FAIL,0,0,NO_ORIGIN,0,0,1,1,1,1,0,0.0,,,,,0.0,1591,1524,,0,0,FAIL
17281.302,1,FAIL,0,0,NO_ORIGIN,0,0,1,1,1,1,0,0.0,,,,,0.0,1591,1524,,0,0,FAIL
17281.352,1,FAIL,0,0,NO_ORIGIN,0,0,1,1,1,1,0,0.0,,,,,0.0,1591,1524,,0,0,FAIL
17281.403,1,FAIL,0,0,NO_ORIGIN,0,0,1,1,1,1,0,0.0,,,,,0.0,1591,1524,,0,0,FAIL
17281.453,1,FAIL,0,0,NO_ORIGIN,0,0,1,1,1,1,0,0.0,,,,,0.0,1591,1524,,0,0,FAIL
17281.503,1,FAIL,0,0,NO_ORIGIN,0,0,1,1,1,1,0,0.0,,,,,0.0,1591,1524,,0,0,FAIL
17281.554,1,FAIL,0,0,NO_ORIGIN,0,0,1,1,1,1,0,0.0,,,,,0.0,1591,1524,,0,0,FAIL
17281.604,1,FAIL,0,0,NO_ORIGIN,0,0,1,1,1,1,0,0.0,,,,,0.0,1591,1524,,0,0,FAIL
17281.654,1,FAIL,0,0,NO_ORIGIN,0,0,1,1,1,1,0,0.0,,,,,0.0,1591,1524,,0,0,FAIL
17281.704,1,FAIL,0,0,NO_ORIGIN,0,0,1,1,1,1,0,0.0,,,,,0.0,1591,1524,,0,0,FAIL
17281.755,1,FAIL,0,0,NO_ORIGIN,0,0,1,1,1,1,0,0.0,,,,,0.0,1591,1524,,0,0,FAIL
17281.805,1,FAIL,0,0,NO_ORIGIN,0,0,1,1,1,1,0,0.0,,,,,0.0,1591,1524,,0,0,FAIL
17281.855,1,FAIL,0,0,NO_ORIGIN,0,0,1,1,1,1,0,0.0,,,,,0.0,1591,1524,,0,0,FAIL
17281.905,1,FAIL,0,0,NO_ORIGIN,0,0,1,1,1,1,0,0.0,,,,,0.0,1591,1524,,0,0,FAIL
17281.955,1,FAIL,0,0,NO_ORIGIN,0,0,1,1,1,1,0,0.0,,,,,0.0,1591,1524,,0,0,FAIL
17282.006,1,FAIL,0,0,NO_ORIGIN,0,0,1,1,1,1,0,0.0,,,,,0.0,1591,1524,,0,0,FAIL
17282.056,1,FAIL,0,0,NO_ORIGIN,0,0,1,1,1,1,0,0.0,,,,,0.0,1591,1524,,0,0,FAIL
17282.106,1,FAIL,0,0,NO_ORIGIN,0,0,1,1,1,1,0,0.0,,,,,0.0,1591,1524,,0,0,FAIL
17282.157,1,FAIL,0,0,NO_ORIGIN,0,0,1,1,1,1,0,0.0,,,,,0.0,1591,1524,,0,0,FAIL
17282.207,1,FAIL,0,0,NO_ORIGIN,0,0,1,1,1,1,0,0.0,,,,,0.0,1591,1524,,0,0,FAIL
17282.257,1,FAIL,0,0,NO_ORIGIN,0,0,1,1,1,1,0,0.0,,,,,0.0,1591,1524,,0,0,FAIL
17282.308,1,FAIL,0,0,NO_ORIGIN,0,0,1,1,1,1,0,0.0,,,,,0.0,1591,1524,,0,0,FAIL
17282.358,1,FAIL,0,0,NO_ORIGIN,0,0,1,1,1,1,0,0.0,,,,,0.0,1591,1524,,0,0,FAIL
17282.409,1,FAIL,0,0,NO_ORIGIN,0,0,1,1,1,1,0,0.0,,,,,0.0,1591,1524,,0,0,FAIL
17282.459,1,FAIL,0,0,NO_ORIGIN,0,0,1,1,1,1,0,0.0,,,,,0.0,1591,1524,,0,0,FAIL
17282.509,1,FAIL,0,0,NO_ORIGIN,0,0,1,1,1,1,0,0.0,,,,,0.0,1591,1524,,0,0,FAIL
17282.559,1,FAIL,0,0,NO_ORIGIN,0,0,1,1,1,1,0,0.0,,,,,0.0,1591,1524,,0,0,FAIL
17282.61,1,FAIL,0,0,NO_ORIGIN,0,0,1,1,1,1,0,0.0,,,,,0.0,1591,1524,,0,0,FAIL
17282.66,1,FAIL,0,0,NO_ORIGIN,0,0,1,1,1,1,0,0.0,,,,,0.0,1591,1524,,0,0,FAIL
17282.711,1,FAIL,0,0,NO_ORIGIN,0,0,1,1,1,1,0,0.0,,,,,0.0,1591,1524,,0,0,FAIL
17282.761,1,FAIL,0,0,NO_ORIGIN,0,0,1,1,1,1,0,0.0,,,,,0.0,1591,1524,,0,0,FAIL
17282.811,1,FAIL,0,0,NO_ORIGIN,0,0,1,1,1,1,0,0.0,,,,,0.0,1591,1524,,0,0,FAIL
17282.861,1,FAIL,0,0,NO_ORIGIN,0,0,1,1,1,1,0,0.0,,,,,0.0,1591,1524,,0,0,FAIL
17282.911,1,FAIL,0,0,NO_ORIGIN,0,0,1,1,1,1,0,0.0,,,,,0.0,1591,1524,,0,0,FAIL
17282.961,1,FAIL,0,0,NO_ORIGIN,0,0,1,1,1,1,0,0.0,,,,,0.0,1591,1524,,0,0,FAIL
17283.013,1,FAIL,0,0,NO_ORIGIN,0,0,1,1,1,1,0,0.0,,,,,0.0,1591,1524,,0,0,FAIL
17283.063,1,FAIL,0,0,NO_ORIGIN,0,0,1,1,1,1,0,0.0,,,,,0.0,1591,1524,,0,0,FAIL
17283.113,1,FAIL,0,0,NO_ORIGIN,0,0,1,1,1,1,0,0.0,,,,,0.0,1591,1524,,0,0,FAIL
17283.163,1,FAIL,0,0,NO_ORIGIN,0,0,1,1,1,1,0,0.0,,,,,0.0,1591,1524,,0,0,FAIL
17283.214,1,FAIL,0,0,NO_ORIGIN,0,0,1,1,1,1,0,0.0,,,,,0.0,1591,1524,,0,0,FAIL
17283.265,1,FAIL,0,0,NO_ORIGIN,0,0,1,1,1,1,0,0.0,,,,,0.0,1591,1524,,0,0,FAIL
17283.315,1,FAIL,0,0,NO_ORIGIN,0,0,1,1,1,1,0,0.0,,,,,0.0,1591,1524,,0,0,FAIL
17283.365,1,FAIL,0,0,NO_ORIGIN,0,0,1,1,1,1,0,0.0,,,,,0.0,1591,1524,,0,0,FAIL
17283.415,1,FAIL,0,0,NO_ORIGIN,0,0,1,1,1,1,0,0.0,,,,,0.0,1591,1524,,0,0,FAIL
17283.466,1,FAIL,0,0,NO_ORIGIN,0,0,1,1,1,1,0,0.0,,,,,0.0,1591,1524,,0,0,FAIL
17283.516,1,FAIL,0,0,NO_ORIGIN,0,0,1,1,1,1,0,0.0,,,,,0.0,1591,1524,,0,0,FAIL
17283.566,1,FAIL,0,0,NO_ORIGIN,0,0,1,1,1,1,0,0.0,,,,,0.0,1591,1524,,0,0,FAIL
17283.62,1,FAIL,0,0,NO_ORIGIN,0,0,1,1,1,1,0,0.0,,,,,0.0,1591,1524,,0,0,FAIL
17283.67,1,FAIL,0,0,NO_ORIGIN,0,0,1,1,1,1,0,0.0,,,,,0.0,1591,1524,,0,0,FAIL
17283.722,1,FAIL,0,0,NO_ORIGIN,0,0,1,1,1,1,0,0.0,,,,,0.0,1591,1524,,0,0,FAIL
17283.772,1,FAIL,0,0,NO_ORIGIN,0,0,1,1,1,1,0,0.0,,,,,0.0,1591,1524,,0,0,FAIL
17283.823,1,FAIL,0,0,NO_ORIGIN,0,0,1,1,1,1,0,0.0,,,,,0.0,1591,1524,,0,0,FAIL
17283.873,1,FAIL,0,0,NO_ORIGIN,0,0,1,1,1,1,0,0.0,,,,,0.0,1591,1524,,0,0,FAIL
17283.925,1,FAIL,0,0,NO_ORIGIN,0,0,1,1,1,1,0,0.0,,,,,0.0,1591,1524,,0,0,FAIL
17283.975,1,FAIL,0,0,NO_ORIGIN,0,0,1,1,1,1,0,0.0,,,,,0.0,1591,1524,,0,0,FAIL
17284.026,1,FAIL,0,0,NO_ORIGIN,0,0,1,1,1,1,0,0.0,,,,,0.0,1591,1524,,0,0,FAIL
17284.076,1,FAIL,0,0,NO_ORIGIN,0,0,1,1,1,1,0,0.0,,,,,0.0,1591,1524,,0,0,FAIL
17284.128,1,FAIL,0,0,NO_ORIGIN,0,0,1,1,1,1,0,0.0,,,,,0.0,1591,1524,,0,0,FAIL
17284.179,1,FAIL,0,0,NO_ORIGIN,0,0,1,1,1,1,0,0.0,,,,,0.0,1591,1524,,0,0,FAIL
17284.23,1,FAIL,0,0,NO_ORIGIN,0,0,1,1,1,1,0,0.0,,,,,0.0,1591,1524,,0,0,FAIL
17284.28,1,FAIL,0,0,NO_ORIGIN,0,0,1,1,1,1,0,0.0,,,,,0.0,1591,1524,,0,0,FAIL
17284.33,1,FAIL,0,0,NO_ORIGIN,0,0,1,1,1,1,0,0.0,,,,,0.0,1591,1524,,0,0,FAIL
17284.38,1,FAIL,0,0,NO_ORIGIN,0,0,1,1,1,1,0,0.0,,,,,0.0,1591,1524,,0,0,FAIL
17284.43,1,FAIL,0,0,NO_ORIGIN,0,0,1,1,1,1,0,0.0,,,,,0.0,1591,1524,,0,0,FAIL
17284.481,1,FAIL,0,0,NO_ORIGIN,0,0,1,1,1,1,0,0.0,,,,,0.0,1591,1524,,0,0,FAIL
17284.531,1,FAIL,0,0,NO_ORIGIN,0,0,1,1,1,1,0,0.0,,,,,0.0,1591,1524,,0,0,FAIL
17284.581,1,FAIL,0,0,NO_ORIGIN,0,0,1,1,1,1,0,0.0,,,,,0.0,1591,1524,,0,0,FAIL
17284.631,1,FAIL,0,0,NO_ORIGIN,0,0,1,1,1,1,0,0.0,,,,,0.0,1591,1524,,0,0,FAIL
17284.681,1,FAIL,0,0,NO_ORIGIN,0,0,1,1,1,1,0,0.0,,,,,0.0,1591,1524,,0,0,FAIL
17284.731,1,FAIL,0,0,NO_ORIGIN,0,0,1,1,1,1,0,0.0,,,,,0.0,1591,1524,,0,0,FAIL
17284.781,1,FAIL,0,0,NO_ORIGIN,0,0,1,1,1,1,0,0.0,,,,,0.0,1591,1524,,0,0,FAIL
17284.832,1,FAIL,0,0,NO_ORIGIN,0,0,1,1,1,1,0,0.0,,,,,0.0,1591,1524,,0,0,FAIL
17284.882,1,FAIL,0,0,NO_ORIGIN,0,0,1,1,1,1,0,0.0,,,,,0.0,1591,1524,,0,0,FAIL
17284.932,1,FAIL,0,0,NO_ORIGIN,0,0,1,1,1,1,0,0.0,,,,,0.0,1591,1524,,0,0,FAIL
17284.982,1,FAIL,0,0,NO_ORIGIN,0,0,1,1,1,1,0,0.0,,,,,0.0,1591,1524,,0,0,FAIL
17285.032,1,FAIL,0,0,NO_ORIGIN,0,0,1,1,1,1,0,0.0,,,,,0.0,1591,1524,,0,0,FAIL
17285.082,1,FAIL,0,0,NO_ORIGIN,0,0,1,1,1,1,0,0.0,,,,,0.0,1591,1524,,0,0,FAIL
17285.133,1,FAIL,0,0,NO_ORIGIN,0,0,1,1,1,1,0,0.0,,,,,0.0,1591,1524,,0,0,FAIL
17285.183,1,FAIL,0,0,NO_ORIGIN,0,0,1,1,1,1,0,0.0,,,,,0.0,1591,1524,,0,0,FAIL
17285.233,1,FAIL,0,0,NO_ORIGIN,0,0,1,1,1,1,0,0.0,,,,,0.0,1591,1524,,0,0,FAIL
17285.283,1,FAIL,0,0,NO_ORIGIN,0,0,1,1,1,1,0,0.0,,,,,0.0,1591,1524,,0,0,FAIL
17285.333,1,FAIL,0,0,NO_ORIGIN,0,0,1,1,1,1,0,0.0,,,,,0.0,1591,1524,,0,0,FAIL
17285.383,1,FAIL,0,0,NO_ORIGIN,0,0,1,1,1,1,0,0.0,,,,,0.0,1591,1524,,0,0,FAIL
17285.433,1,FAIL,0,0,NO_ORIGIN,0,0,1,1,1,1,0,0.0,,,,,0.0,1591,1524,,0,0,FAIL
17285.484,1,FAIL,0,0,NO_ORIGIN,0,0,1,1,1,1,0,0.0,,,,,0.0,1591,1524,,0,0,FAIL
17285.534,1,FAIL,0,0,NO_ORIGIN,0,0,1,1,1,1,0,0.0,,,,,0.0,1591,1524,,0,0,FAIL
17285.584,1,FAIL,0,0,NO_ORIGIN,0,0,1,1,1,1,0,0.0,,,,,0.0,1591,1524,,0,0,FAIL
17285.634,1,FAIL,0,0,NO_ORIGIN,0,0,1,1,1,1,0,0.0,,,,,0.0,1591,1524,,0,0,FAIL
17285.684,1,FAIL,0,0,NO_ORIGIN,0,0,1,1,1,1,0,0.0,,,,,0.0,1591,1524,,0,0,FAIL
17285.734,1,FAIL,0,0,NO_ORIGIN,0,0,1,1,1,1,0,0.0,,,,,0.0,1591,1524,,0,0,FAIL
17285.785,1,FAIL,0,0,NO_ORIGIN,0,0,1,1,1,1,0,0.0,,,,,0.0,1591,1524,,0,0,FAIL
17285.835,1,FAIL,0,0,NO_ORIGIN,0,0,1,1,1,1,0,0.0,,,,,0.0,1591,1524,,0,0,FAIL
17285.885,1,FAIL,0,0,NO_ORIGIN,0,0,1,1,1,1,0,0.0,,,,,0.0,1591,1524,,0,0,FAIL
17285.935,1,FAIL,0,0,NO_ORIGIN,0,0,1,1,1,1,0,0.0,,,,,0.0,1591,1524,,0,0,FAIL
17285.985,1,FAIL,0,0,NO_ORIGIN,0,0,1,1,1,1,0,0.0,,,,,0.0,1591,1524,,0,0,FAIL
17286.035,1,FAIL,0,0,NO_ORIGIN,0,0,1,1,1,1,0,0.0,,,,,0.0,1591,1524,,0,0,FAIL
17286.085,1,FAIL,0,0,NO_ORIGIN,0,0,1,1,1,1,0,0.0,,,,,0.0,1591,1524,,0,0,FAIL
17286.136,1,FAIL,0,0,NO_ORIGIN,0,0,1,1,1,1,0,0.0,,,,,0.0,1591,1524,,0,0,FAIL
17286.186,1,FAIL,0,0,NO_ORIGIN,0,0,1,1,1,1,0,0.0,,,,,0.0,1591,1524,,0,0,FAIL
17286.236,1,FAIL,0,0,NO_ORIGIN,0,0,1,1,1,1,0,0.0,,,,,0.0,1591,1524,,0,0,FAIL
17286.286,1,FAIL,0,0,NO_ORIGIN,0,0,1,1,1,1,0,0.0,,,,,0.0,1591,1524,,0,0,FAIL
17286.336,1,FAIL,0,0,NO_ORIGIN,0,0,1,1,1,1,0,0.0,,,,,0.0,1591,1524,,0,0,FAIL
17286.387,1,FAIL,0,0,NO_ORIGIN,0,0,1,1,1,1,0,0.0,,,,,0.0,1591,1524,,0,0,FAIL
17286.437,1,FAIL,0,0,NO_ORIGIN,0,0,1,1,1,1,0,0.0,,,,,0.0,1591,1524,,0,0,FAIL
17286.487,1,FAIL,0,0,NO_ORIGIN,0,0,1,1,1,1,0,0.0,,,,,0.0,1591,1524,,0,0,FAIL
17286.537,1,FAIL,0,0,NO_ORIGIN,0,0,1,1,1,1,0,0.0,,,,,0.0,1591,1524,,0,0,FAIL
17286.587,1,FAIL,0,0,NO_ORIGIN,0,0,1,1,1,1,0,0.0,,,,,0.0,1591,1524,,0,0,FAIL
17286.637,1,FAIL,0,0,NO_ORIGIN,0,0,1,1,1,1,0,0.0,,,,,0.0,1591,1524,,0,0,FAIL
17286.688,1,FAIL,0,0,NO_ORIGIN,0,0,1,1,1,1,0,0.0,,,,,0.0,1591,1524,,0,0,FAIL
17286.738,1,FAIL,0,0,NO_ORIGIN,0,0,1,1,1,1,0,0.0,,,,,0.0,1591,1524,,0,0,FAIL
17286.788,1,FAIL,0,0,NO_ORIGIN,0,0,1,1,1,1,0,0.0,,,,,0.0,1591,1524,,0,0,FAIL
17286.838,1,FAIL,0,0,NO_ORIGIN,0,0,1,1,1,1,0,0.0,,,,,0.0,1591,1524,,0,0,FAIL
17286.888,1,FAIL,0,0,NO_ORIGIN,0,0,1,1,1,1,0,0.0,,,,,0.0,1591,1524,,0,0,FAIL
17286.939,1,FAIL,0,0,NO_ORIGIN,0,0,1,1,1,1,0,0.0,,,,,0.0,1591,1524,,0,0,FAIL
17286.989,1,FAIL,0,0,NO_ORIGIN,0,0,1,1,1,1,0,0.0,,,,,0.0,1591,1524,,0,0,FAIL
17287.039,1,FAIL,0,0,NO_ORIGIN,0,0,1,1,1,1,0,0.0,,,,,0.0,1591,1524,,0,0,FAIL
17287.089,1,FAIL,0,0,NO_ORIGIN,0,0,1,1,1,1,0,0.0,,,,,0.0,1591,1524,,0,0,FAIL
17287.14,1,FAIL,0,0,NO_ORIGIN,0,0,1,1,1,1,0,0.0,,,,,0.0,1591,1524,,0,0,FAIL
17287.19,1,FAIL,0,0,NO_ORIGIN,0,0,1,1,1,1,0,0.0,,,,,0.0,1591,1524,,0,0,FAIL
17287.24,1,FAIL,0,0,NO_ORIGIN,0,0,1,1,1,1,0,0.0,,,,,0.0,1591,1524,,0,0,FAIL
17287.29,1,FAIL,0,0,NO_ORIGIN,0,0,1,1,1,1,0,0.0,,,,,0.0,1591,1524,,0,0,FAIL
17287.34,1,FAIL,0,0,NO_ORIGIN,0,0,1,1,1,1,0,0.0,,,,,0.0,1591,1524,,0,0,FAIL
17287.39,1,FAIL,0,0,NO_ORIGIN,0,0,1,1,1,1,0,0.0,,,,,0.0,1591,1524,,0,0,FAIL
17287.441,1,FAIL,0,0,NO_ORIGIN,0,0,1,1,1,1,0,0.0,,,,,0.0,1591,1524,,0,0,FAIL
17287.491,1,FAIL,0,0,NO_ORIGIN,0,0,1,1,1,1,0,0.0,,,,,0.0,1591,1524,,0,0,FAIL
17287.541,1,FAIL,0,0,NO_ORIGIN,0,0,1,1,1,1,0,0.0,,,,,0.0,1591,1524,,0,0,FAIL
17287.591,1,FAIL,0,0,NO_ORIGIN,0,0,1,1,1,1,0,0.0,,,,,0.0,1591,1524,,0,0,FAIL
17287.642,1,FAIL,0,0,NO_ORIGIN,0,0,1,1,1,1,0,0.0,,,,,0.0,1591,1524,,0,0,FAIL
17287.692,1,FAIL,0,0,NO_ORIGIN,0,0,1,1,1,1,0,0.0,,,,,0.0,1591,1524,,0,0,FAIL
17287.744,1,FAIL,0,0,NO_ORIGIN,0,0,1,1,1,1,0,0.0,,,,,0.0,1591,1524,,0,0,FAIL
17287.794,1,FAIL,0,0,NO_ORIGIN,0,0,1,1,1,1,0,0.0,,,,,0.0,1591,1524,,0,0,FAIL
17287.844,1,FAIL,0,0,NO_ORIGIN,0,0,1,1,1,1,0,0.0,,,,,0.0,1591,1524,,0,0,FAIL
17287.895,1,FAIL,0,0,NO_ORIGIN,0,0,1,1,1,1,0,0.0,,,,,0.0,1591,1524,,0,0,FAIL
17287.945,1,FAIL,0,0,NO_ORIGIN,0,0,1,1,1,1,0,0.0,,,,,0.0,1591,1524,,0,0,FAIL
17287.995,1,FAIL,0,0,NO_ORIGIN,0,0,1,1,1,1,0,0.0,,,,,0.0,1591,1524,,0,0,FAIL
17288.045,1,FAIL,0,0,NO_ORIGIN,0,0,1,1,1,1,0,0.0,,,,,0.0,1591,1524,,0,0,FAIL
17288.095,1,FAIL,0,0,NO_ORIGIN,0,0,1,1,1,1,0,0.0,,,,,0.0,1591,1524,,0,0,FAIL
17288.145,1,FAIL,0,0,NO_ORIGIN,0,0,1,1,1,1,0,0.0,,,,,0.0,1591,1524,,0,0,FAIL
17288.195,1,FAIL,0,0,NO_ORIGIN,0,0,1,1,1,1,0,0.0,,,,,0.0,1591,1524,,0,0,FAIL
17288.246,1,FAIL,0,0,NO_ORIGIN,0,0,1,1,1,1,0,0.0,,,,,0.0,1591,1524,,0,0,FAIL
17288.296,1,FAIL,0,0,NO_ORIGIN,0,0,1,1,1,1,0,0.0,,,,,0.0,1591,1524,,0,0,FAIL
17288.347,1,FAIL,0,0,NO_ORIGIN,0,0,1,1,1,1,0,0.0,,,,,0.0,1591,1524,,0,0,FAIL
17288.397,1,FAIL,0,0,NO_ORIGIN,0,0,1,1,1,1,0,0.0,,,,,0.0,1591,1524,,0,0,FAIL
17288.447,1,FAIL,0,0,NO_ORIGIN,0,0,1,1,1,1,0,0.0,,,,,0.0,1591,1524,,0,0,FAIL
17288.497,1,FAIL,0,0,NO_ORIGIN,0,0,1,1,1,1,0,0.0,,,,,0.0,1591,1524,,0,0,FAIL
17288.547,1,FAIL,0,0,NO_ORIGIN,0,0,1,1,1,1,0,0.0,,,,,0.0,1591,1524,,0,0,FAIL
17288.597,1,FAIL,0,0,NO_ORIGIN,0,0,1,1,1,1,0,0.0,,,,,0.0,1591,1524,,0,0,FAIL
17288.648,1,FAIL,0,0,NO_ORIGIN,0,0,1,1,1,1,0,0.0,,,,,0.0,1591,1524,,0,0,FAIL
17288.698,1,FAIL,0,0,NO_ORIGIN,0,0,1,1,1,1,0,0.0,,,,,0.0,1591,1524,,0,0,FAIL
17288.748,1,FAIL,0,0,NO_ORIGIN,0,0,1,1,1,1,0,0.0,,,,,0.0,1591,1524,,0,0,FAIL
17288.798,1,FAIL,0,0,NO_ORIGIN,0,0,1,1,1,1,0,0.0,,,,,0.0,1591,1524,,0,0,FAIL
17288.848,1,FAIL,0,0,NO_ORIGIN,0,0,1,1,1,1,0,0.0,,,,,0.0,1591,1524,,0,0,FAIL
17288.898,1,FAIL,0,0,NO_ORIGIN,0,0,1,1,1,1,0,0.0,,,,,0.0,1591,1524,,0,0,FAIL
17288.949,1,FAIL,0,0,NO_ORIGIN,0,0,1,1,1,1,0,0.0,,,,,0.0,1591,1524,,0,0,FAIL
17288.999,1,FAIL,0,0,NO_ORIGIN,0,0,1,1,1,1,0,0.0,,,,,0.0,1591,1524,,0,0,FAIL
17289.049,1,FAIL,0,0,NO_ORIGIN,0,0,1,1,1,1,0,0.0,,,,,0.0,1591,1524,,0,0,FAIL
17289.099,1,FAIL,0,0,NO_ORIGIN,0,0,1,1,1,1,0,0.0,,,,,0.0,1591,1524,,0,0,FAIL
17289.149,1,FAIL,0,0,NO_ORIGIN,0,0,1,1,1,1,0,0.0,,,,,0.0,1591,1524,,0,0,FAIL
17289.2,1,FAIL,0,0,NO_ORIGIN,0,0,1,1,1,1,0,0.0,,,,,0.0,1591,1524,,0,0,FAIL
17289.25,1,FAIL,0,0,NO_ORIGIN,0,0,1,1,1,1,0,0.0,,,,,0.0,1591,1524,,0,0,FAIL
17289.3,1,FAIL,0,0,NO_ORIGIN,0,0,1,1,1,1,0,0.0,,,,,0.0,1591,1524,,0,0,FAIL
17289.353,1,FAIL,0,0,NO_ORIGIN,0,0,1,1,1,1,0,0.0,,,,,0.0,1591,1524,,0,0,FAIL
17289.403,1,FAIL,0,0,NO_ORIGIN,0,0,1,1,1,1,0,0.0,,,,,0.0,1591,1524,,0,0,FAIL
17289.453,1,FAIL,0,0,NO_ORIGIN,0,0,1,1,1,1,0,0.0,,,,,0.0,1591,1524,,0,0,FAIL
17289.503,1,FAIL,0,0,NO_ORIGIN,0,0,1,1,1,1,0,0.0,,,,,0.0,1591,1524,,0,0,FAIL
17289.554,1,FAIL,0,0,NO_ORIGIN,0,0,1,1,1,1,0,0.0,,,,,0.0,1591,1524,,0,0,FAIL
17289.604,1,FAIL,0,0,NO_ORIGIN,0,0,1,1,1,1,0,0.0,,,,,0.0,1591,1524,,0,0,FAIL
17289.654,1,FAIL,0,0,NO_ORIGIN,0,0,1,1,1,1,0,0.0,,,,,0.0,1591,1524,,0,0,FAIL
17289.704,1,FAIL,0,0,NO_ORIGIN,0,0,1,1,1,1,0,0.0,,,,,0.0,1591,1524,,0,0,FAIL
17289.754,1,FAIL,0,0,NO_ORIGIN,0,0,1,1,1,1,0,0.0,,,,,0.0,1591,1524,,0,0,FAIL
17289.805,1,FAIL,0,0,NO_ORIGIN,0,0,1,1,1,1,0,0.0,,,,,0.0,1591,1524,,0,0,FAIL
17289.856,1,FAIL,0,0,NO_ORIGIN,0,0,1,1,1,1,0,0.0,,,,,0.0,1591,1524,,0,0,FAIL
17289.906,1,FAIL,0,0,NO_ORIGIN,0,0,1,1,1,1,0,0.0,,,,,0.0,1591,1524,,0,0,FAIL
17289.956,1,FAIL,0,0,NO_ORIGIN,0,0,1,1,1,1,0,0.0,,,,,0.0,1591,1524,,0,0,FAIL
17290.006,1,FAIL,0,0,NO_ORIGIN,0,0,1,1,1,1,0,0.0,,,,,0.0,1591,1524,,0,0,FAIL
17290.057,1,FAIL,0,0,NO_ORIGIN,0,0,1,1,1,1,0,0.0,,,,,0.0,1591,1524,,0,0,FAIL
17290.107,1,FAIL,0,0,NO_ORIGIN,0,0,1,1,1,1,0,0.0,,,,,0.0,1591,1524,,0,0,FAIL
17290.157,1,FAIL,0,0,NO_ORIGIN,0,0,1,1,1,1,0,0.0,,,,,0.0,1591,1524,,0,0,FAIL
17290.207,1,FAIL,0,0,NO_ORIGIN,0,0,1,1,1,1,0,0.0,,,,,0.0,1591,1524,,0,0,FAIL
17290.257,1,FAIL,0,0,NO_ORIGIN,0,0,1,1,1,1,0,0.0,,,,,0.0,1591,1524,,0,0,FAIL
17290.308,1,FAIL,0,0,NO_ORIGIN,0,0,1,1,1,1,0,0.0,,,,,0.0,1591,1524,,0,0,FAIL
17290.358,1,FAIL,0,0,NO_ORIGIN,0,0,1,1,1,1,0,0.0,,,,,0.0,1591,1524,,0,0,FAIL
17290.408,1,FAIL,0,0,NO_ORIGIN,0,0,1,1,1,1,0,0.0,,,,,0.0,1591,1524,,0,0,FAIL
17290.458,1,FAIL,0,0,NO_ORIGIN,0,0,1,1,1,1,0,0.0,,,,,0.0,1591,1524,,0,0,FAIL
17290.509,1,FAIL,0,0,NO_ORIGIN,0,0,1,1,1,1,0,0.0,,,,,0.0,1591,1524,,0,0,FAIL
17290.559,1,FAIL,0,0,NO_ORIGIN,0,0,1,1,1,1,0,0.0,,,,,0.0,1591,1524,,0,0,FAIL
17290.609,1,FAIL,0,0,NO_ORIGIN,0,0,1,1,1,1,0,0.0,,,,,0.0,1591,1524,,0,0,FAIL
17290.659,1,FAIL,0,0,NO_ORIGIN,0,0,1,1,1,1,0,0.0,,,,,0.0,1591,1524,,0,0,FAIL
17290.709,1,FAIL,0,0,NO_ORIGIN,0,0,1,1,1,1,0,0.0,,,,,0.0,1591,1524,,0,0,FAIL
17290.761,1,FAIL,0,0,NO_ORIGIN,0,0,1,1,1,1,0,0.0,,,,,0.0,1591,1524,,0,0,FAIL
17290.811,1,FAIL,0,0,NO_ORIGIN,0,0,1,1,1,1,0,0.0,,,,,0.0,1591,1524,,0,0,FAIL
17290.862,1,FAIL,0,0,NO_ORIGIN,0,0,1,1,1,1,0,0.0,,,,,0.0,1591,1524,,0,0,FAIL
17290.912,1,FAIL,0,0,NO_ORIGIN,0,0,1,1,1,1,0,0.0,,,,,0.0,1591,1524,,0,0,FAIL
17290.963,1,FAIL,0,0,NO_ORIGIN,0,0,1,1,1,1,0,0.0,,,,,0.0,1591,1524,,0,0,FAIL
17291.013,1,FAIL,0,0,NO_ORIGIN,0,0,1,1,1,1,0,0.0,,,,,0.0,1591,1524,,0,0,FAIL
17291.063,1,FAIL,0,0,NO_ORIGIN,0,0,1,1,1,1,0,0.0,,,,,0.0,1591,1524,,0,0,FAIL
17291.113,1,FAIL,0,0,NO_ORIGIN,0,0,1,1,1,1,0,0.0,,,,,0.0,1591,1524,,0,0,FAIL
17291.163,1,FAIL,0,0,NO_ORIGIN,0,0,1,1,1,1,0,0.0,,,,,0.0,1591,1524,,0,0,FAIL
17291.213,1,FAIL,0,0,NO_ORIGIN,0,0,1,1,1,1,0,0.0,,,,,0.0,1591,1524,,0,0,FAIL
17291.264,1,FAIL,0,0,NO_ORIGIN,0,0,1,1,1,1,0,0.0,,,,,0.0,1591,1524,,0,0,FAIL
17291.314,1,FAIL,0,0,NO_ORIGIN,0,0,1,1,1,1,0,0.0,,,,,0.0,1591,1524,,0,0,FAIL
17291.364,1,FAIL,0,0,NO_ORIGIN,0,0,1,1,1,1,0,0.0,,,,,0.0,1591,1524,,0,0,FAIL
17291.414,1,FAIL,0,0,NO_ORIGIN,0,0,1,1,1,1,0,0.0,,,,,0.0,1591,1524,,0,0,FAIL
17291.464,1,FAIL,0,0,NO_ORIGIN,0,0,1,1,1,1,0,0.0,,,,,0.0,1591,1524,,0,0,FAIL
17291.514,1,FAIL,0,0,NO_ORIGIN,0,0,1,1,1,1,0,0.0,,,,,0.0,1591,1524,,0,0,FAIL
17291.565,1,FAIL,0,0,NO_ORIGIN,0,0,1,1,1,1,0,0.0,,,,,0.0,1591,1524,,0,0,FAIL
17291.615,1,FAIL,0,0,NO_ORIGIN,0,0,1,1,1,1,0,0.0,,,,,0.0,1591,1524,,0,0,FAIL
17291.665,1,FAIL,0,0,NO_ORIGIN,0,0,1,1,1,1,0,0.0,,,,,0.0,1591,1524,,0,0,FAIL
17291.715,1,FAIL,0,0,NO_ORIGIN,0,0,1,1,1,1,0,0.0,,,,,0.0,1591,1524,,0,0,FAIL
17291.766,1,FAIL,0,0,NO_ORIGIN,0,0,1,1,1,1,0,0.0,,,,,0.0,1591,1524,,0,0,FAIL
17291.816,1,FAIL,0,0,NO_ORIGIN,0,0,1,1,1,1,0,0.0,,,,,0.0,1591,1524,,0,0,FAIL
17291.866,1,FAIL,0,0,NO_ORIGIN,0,0,1,1,1,1,0,0.0,,,,,0.0,1591,1524,,0,0,FAIL
17291.916,1,FAIL,0,0,NO_ORIGIN,0,0,1,1,1,1,0,0.0,,,,,0.0,1591,1524,,0,0,FAIL
17291.966,1,FAIL,0,0,NO_ORIGIN,0,0,1,1,1,1,0,0.0,,,,,0.0,1591,1524,,0,0,FAIL
17292.017,1,FAIL,0,0,NO_ORIGIN,0,0,1,1,1,1,0,0.0,,,,,0.0,1591,1524,,0,0,FAIL
17292.067,1,FAIL,0,0,NO_ORIGIN,0,0,1,1,1,1,0,0.0,,,,,0.0,1591,1524,,0,0,FAIL
17292.117,1,FAIL,0,0,NO_ORIGIN,0,0,1,1,1,1,0,0.0,,,,,0.0,1591,1524,,0,0,FAIL
17292.167,1,FAIL,0,0,NO_ORIGIN,0,0,1,1,1,1,0,0.0,,,,,0.0,1591,1524,,0,0,FAIL
17292.217,1,FAIL,0,0,NO_ORIGIN,0,0,1,1,1,1,0,0.0,,,,,0.0,1591,1524,,0,0,FAIL
17292.267,1,FAIL,0,0,NO_ORIGIN,0,0,1,1,1,1,0,0.0,,,,,0.0,1591,1524,,0,0,FAIL
17292.317,1,FAIL,0,0,NO_ORIGIN,0,0,1,1,1,1,0,0.0,,,,,0.0,1591,1524,,0,0,FAIL
17292.368,1,FAIL,0,0,NO_ORIGIN,0,0,1,1,1,1,0,0.0,,,,,0.0,1591,1524,,0,0,FAIL
17292.418,1,FAIL,0,0,NO_ORIGIN,0,0,1,1,1,1,0,0.0,,,,,0.0,1591,1524,,0,0,FAIL
17292.468,1,FAIL,0,0,NO_ORIGIN,0,0,1,1,1,1,0,0.0,,,,,0.0,1591,1524,,0,0,FAIL
17292.518,1,FAIL,0,0,NO_ORIGIN,0,0,1,1,1,1,0,0.0,,,,,0.0,1591,1524,,0,0,FAIL
17292.568,1,FAIL,0,0,NO_ORIGIN,0,0,1,1,1,1,0,0.0,,,,,0.0,1591,1524,,0,0,FAIL
17292.618,1,FAIL,0,0,NO_ORIGIN,0,0,1,1,1,1,0,0.0,,,,,0.0,1591,1524,,0,0,FAIL
17292.668,1,FAIL,0,0,NO_ORIGIN,0,0,1,1,1,1,0,0.0,,,,,0.0,1591,1524,,0,0,FAIL
17292.719,1,FAIL,0,0,NO_ORIGIN,0,0,1,1,1,1,0,0.0,,,,,0.0,1591,1524,,0,0,FAIL
17292.769,1,FAIL,0,0,NO_ORIGIN,0,0,1,1,1,1,0,0.0,,,,,0.0,1591,1524,,0,0,FAIL
17292.819,1,FAIL,0,0,NO_ORIGIN,0,0,1,1,1,1,0,0.0,,,,,0.0,1591,1524,,0,0,FAIL
17292.869,1,FAIL,0,0,NO_ORIGIN,0,0,1,1,1,1,0,0.0,,,,,0.0,1591,1524,,0,0,FAIL
17292.919,1,FAIL,0,0,NO_ORIGIN,0,0,1,1,1,1,0,0.0,,,,,0.0,1591,1524,,0,0,FAIL
17292.969,1,FAIL,0,0,NO_ORIGIN,0,0,1,1,1,1,0,0.0,,,,,0.0,1591,1524,,0,0,FAIL
17293.019,1,FAIL,0,0,NO_ORIGIN,0,0,1,1,1,1,0,0.0,,,,,0.0,1591,1524,,0,0,FAIL
17293.07,1,FAIL,0,0,NO_ORIGIN,0,0,1,1,1,1,0,0.0,,,,,0.0,1591,1524,,0,0,FAIL
17293.12,1,FAIL,0,0,NO_ORIGIN,0,0,1,1,1,1,0,0.0,,,,,0.0,1591,1524,,0,0,FAIL
17293.17,1,FAIL,0,0,NO_ORIGIN,0,0,1,1,1,1,0,0.0,,,,,0.0,1591,1524,,0,0,FAIL
17293.22,1,FAIL,0,0,NO_ORIGIN,0,0,1,1,1,1,0,0.0,,,,,0.0,1591,1524,,0,0,FAIL
17293.27,1,FAIL,0,0,NO_ORIGIN,0,0,1,1,1,1,0,0.0,,,,,0.0,1591,1524,,0,0,FAIL
17293.32,1,FAIL,0,0,NO_ORIGIN,0,0,1,1,1,1,0,0.0,,,,,0.0,1591,1524,,0,0,FAIL
17293.37,1,FAIL,0,0,NO_ORIGIN,0,0,1,1,1,1,0,0.0,,,,,0.0,1591,1524,,0,0,FAIL
17293.421,1,FAIL,0,0,NO_ORIGIN,0,0,1,1,1,1,0,0.0,,,,,0.0,1591,1524,,0,0,FAIL
17293.471,1,FAIL,0,0,NO_ORIGIN,0,0,1,1,1,1,0,0.0,,,,,0.0,1591,1524,,0,0,FAIL
17293.521,1,FAIL,0,0,NO_ORIGIN,0,0,1,1,1,1,0,0.0,,,,,0.0,1591,1524,,0,0,FAIL
17293.571,1,FAIL,0,0,NO_ORIGIN,0,0,1,1,1,1,0,0.0,,,,,0.0,1591,1524,,0,0,FAIL
17293.621,1,FAIL,0,0,NO_ORIGIN,0,0,1,1,1,1,0,0.0,,,,,0.0,1591,1524,,0,0,FAIL
17293.671,1,FAIL,0,0,NO_ORIGIN,0,0,1,1,1,1,0,0.0,,,,,0.0,1591,1524,,0,0,FAIL
17293.722,1,FAIL,0,0,NO_ORIGIN,0,0,1,1,1,1,0,0.0,,,,,0.0,1591,1524,,0,0,FAIL
17293.772,1,FAIL,0,0,NO_ORIGIN,0,0,1,1,1,1,0,0.0,,,,,0.0,1591,1524,,0,0,FAIL
17293.822,1,FAIL,0,0,NO_ORIGIN,0,0,1,1,1,1,0,0.0,,,,,0.0,1591,1524,,0,0,FAIL
17293.872,1,FAIL,0,0,NO_ORIGIN,0,0,1,1,1,1,0,0.0,,,,,0.0,1591,1524,,0,0,FAIL
17293.922,1,FAIL,0,0,NO_ORIGIN,0,0,1,1,1,1,0,0.0,,,,,0.0,1591,1524,,0,0,FAIL
17293.972,1,FAIL,0,0,NO_ORIGIN,0,0,1,1,1,1,0,0.0,,,,,0.0,1591,1524,,0,0,FAIL
17294.022,1,FAIL,0,0,NO_ORIGIN,0,0,1,1,1,1,0,0.0,,,,,0.0,1591,1524,,0,0,FAIL
17294.073,1,FAIL,0,0,NO_ORIGIN,0,0,1,1,1,1,0,0.0,,,,,0.0,1591,1524,,0,0,FAIL
17294.123,1,FAIL,0,0,NO_ORIGIN,0,0,1,1,1,1,0,0.0,,,,,0.0,1591,1524,,0,0,FAIL
17294.173,1,FAIL,0,0,NO_ORIGIN,0,0,1,1,1,1,0,0.0,,,,,0.0,1591,1524,,0,0,FAIL
17294.223,1,FAIL,0,0,NO_ORIGIN,0,0,1,1,1,1,0,0.0,,,,,0.0,1591,1524,,0,0,FAIL
17294.273,1,FAIL,0,0,NO_ORIGIN,0,0,1,1,1,1,0,0.0,,,,,0.0,1591,1524,,0,0,FAIL
17294.323,1,FAIL,0,0,NO_ORIGIN,0,0,1,1,1,1,0,0.0,,,,,0.0,1591,1524,,0,0,FAIL
17294.373,1,FAIL,0,0,NO_ORIGIN,0,0,1,1,1,1,0,0.0,,,,,0.0,1591,1524,,0,0,FAIL
17294.423,1,FAIL,0,0,NO_ORIGIN,0,0,1,1,1,1,0,0.0,,,,,0.0,1591,1524,,0,0,FAIL
17294.474,1,FAIL,0,0,NO_ORIGIN,0,0,1,1,1,1,0,0.0,,,,,0.0,1591,1524,,0,0,FAIL
17294.524,1,FAIL,0,0,NO_ORIGIN,0,0,1,1,1,1,0,0.0,,,,,0.0,1591,1524,,0,0,FAIL
17294.574,1,FAIL,0,0,NO_ORIGIN,0,0,1,1,1,1,0,0.0,,,,,0.0,1591,1524,,0,0,FAIL
17294.625,1,FAIL,0,0,NO_ORIGIN,0,0,1,1,1,1,0,0.0,,,,,0.0,1591,1524,,0,0,FAIL
17294.675,1,FAIL,0,0,NO_ORIGIN,0,0,1,1,1,1,0,0.0,,,,,0.0,1591,1524,,0,0,FAIL
17294.726,1,FAIL,0,0,NO_ORIGIN,0,0,1,1,1,1,0,0.0,,,,,0.0,1591,1524,,0,0,FAIL
17294.777,1,FAIL,0,0,NO_ORIGIN,0,0,1,1,1,1,0,0.0,,,,,0.0,1591,1524,,0,0,FAIL
17294.827,1,FAIL,0,0,NO_ORIGIN,0,0,1,1,1,1,0,0.0,,,,,0.0,1591,1524,,0,0,FAIL
17294.878,1,FAIL,0,0,NO_ORIGIN,0,0,1,1,1,1,0,0.0,,,,,0.0,1591,1524,,0,0,FAIL
17294.928,1,FAIL,0,0,NO_ORIGIN,0,0,1,1,1,1,0,0.0,,,,,0.0,1591,1524,,0,0,FAIL
17294.979,1,FAIL,0,0,NO_ORIGIN,0,0,1,1,1,1,0,0.0,,,,,0.0,1591,1524,,0,0,FAIL
17295.03,1,FAIL,0,0,NO_ORIGIN,0,0,1,1,1,1,0,0.0,,,,,0.0,1591,1524,,0,0,FAIL
17295.08,1,FAIL,0,0,NO_ORIGIN,0,0,1,1,1,1,0,0.0,,,,,0.0,1591,1524,,0,0,FAIL
17295.131,1,FAIL,0,0,NO_ORIGIN,0,0,1,1,1,1,0,0.0,,,,,0.0,1591,1524,,0,0,FAIL
17295.181,1,FAIL,0,0,NO_ORIGIN,0,0,1,1,1,1,0,0.0,,,,,0.0,1591,1524,,0,0,FAIL
17295.232,1,FAIL,0,0,NO_ORIGIN,0,0,1,1,1,1,0,0.0,,,,,0.0,1591,1524,,0,0,FAIL
17295.282,1,FAIL,0,0,NO_ORIGIN,0,0,1,1,1,1,0,0.0,,,,,0.0,1591,1524,,0,0,FAIL
17295.333,1,FAIL,0,0,NO_ORIGIN,0,0,1,1,1,1,0,0.0,,,,,0.0,1591,1524,,0,0,FAIL
17295.385,1,FAIL,0,0,NO_ORIGIN,0,0,1,1,1,1,0,0.0,,,,,0.0,1591,1524,,0,0,FAIL
17295.435,1,FAIL,0,0,NO_ORIGIN,0,0,1,1,1,1,0,0.0,,,,,0.0,1591,1524,,0,0,FAIL
17295.485,1,FAIL,0,0,NO_ORIGIN,0,0,1,1,1,1,0,0.0,,,,,0.0,1591,1524,,0,0,FAIL
17295.537,1,FAIL,0,0,NO_ORIGIN,0,0,1,1,1,1,0,0.0,,,,,0.0,1591,1524,,0,0,FAIL
17295.587,1,FAIL,0,0,NO_ORIGIN,0,0,1,1,1,1,0,0.0,,,,,0.0,1591,1524,,0,0,FAIL
17295.637,1,FAIL,0,0,NO_ORIGIN,0,0,1,1,1,1,0,0.0,,,,,0.0,1591,1524,,0,0,FAIL
17295.688,1,FAIL,0,0,NO_ORIGIN,0,0,1,1,1,1,0,0.0,,,,,0.0,1591,1524,,0,0,FAIL
17295.738,1,FAIL,0,0,NO_ORIGIN,0,0,1,1,1,1,0,0.0,,,,,0.0,1591,1524,,0,0,FAIL
17295.788,1,FAIL,0,0,NO_ORIGIN,0,0,1,1,1,1,0,0.0,,,,,0.0,1591,1524,,0,0,FAIL
17295.838,1,FAIL,0,0,NO_ORIGIN,0,0,1,1,1,1,0,0.0,,,,,0.0,1591,1524,,0,0,FAIL
17295.888,1,FAIL,0,0,NO_ORIGIN,0,0,1,1,1,1,0,0.0,,,,,0.0,1591,1524,,0,0,FAIL
17295.938,1,FAIL,0,0,NO_ORIGIN,0,0,1,1,1,1,0,0.0,,,,,0.0,1591,1524,,0,0,FAIL
17295.989,1,FAIL,0,0,NO_ORIGIN,0,0,1,1,1,1,0,0.0,,,,,0.0,1591,1524,,0,0,FAIL
17296.039,1,FAIL,0,0,NO_ORIGIN,0,0,1,1,1,1,0,0.0,,,,,0.0,1591,1524,,0,0,FAIL
17296.089,1,FAIL,0,0,NO_ORIGIN,0,0,1,1,1,1,0,0.0,,,,,0.0,1591,1524,,0,0,FAIL
17296.139,1,FAIL,0,0,NO_ORIGIN,0,0,1,1,1,1,0,0.0,,,,,0.0,1591,1524,,0,0,FAIL
17296.189,1,FAIL,0,0,NO_ORIGIN,0,0,1,1,1,1,0,0.0,,,,,0.0,1591,1524,,0,0,FAIL
17296.239,1,FAIL,0,0,NO_ORIGIN,0,0,1,1,1,1,0,0.0,,,,,0.0,1591,1524,,0,0,FAIL
17296.289,1,FAIL,0,0,NO_ORIGIN,0,0,1,1,1,1,0,0.0,,,,,0.0,1591,1524,,0,0,FAIL
17296.34,1,FAIL,0,0,NO_ORIGIN,0,0,1,1,1,1,0,0.0,,,,,0.0,1591,1524,,0,0,FAIL
17296.39,1,FAIL,0,0,NO_ORIGIN,0,0,1,1,1,1,0,0.0,,,,,0.0,1591,1524,,0,0,FAIL
17296.44,1,FAIL,0,0,NO_ORIGIN,0,0,1,1,1,1,0,0.0,,,,,0.0,1591,1524,,0,0,FAIL
17296.49,1,FAIL,0,0,NO_ORIGIN,0,0,1,1,1,1,0,0.0,,,,,0.0,1591,1524,,0,0,FAIL
17296.54,1,FAIL,0,0,NO_ORIGIN,0,0,1,1,1,1,0,0.0,,,,,0.0,1591,1524,,0,0,FAIL
17296.59,1,FAIL,0,0,NO_ORIGIN,0,0,1,1,1,1,0,0.0,,,,,0.0,1591,1524,,0,0,FAIL
17296.641,1,FAIL,0,0,NO_ORIGIN,0,0,1,1,1,1,0,0.0,,,,,0.0,1591,1524,,0,0,FAIL
17296.691,1,FAIL,0,0,NO_ORIGIN,0,0,1,1,1,1,0,0.0,,,,,0.0,1591,1524,,0,0,FAIL
17296.741,1,FAIL,0,0,NO_ORIGIN,0,0,1,1,1,1,0,0.0,,,,,0.0,1591,1524,,0,0,FAIL
17296.791,1,FAIL,0,0,NO_ORIGIN,0,0,1,1,1,1,0,0.0,,,,,0.0,1591,1524,,0,0,FAIL
17296.841,1,FAIL,0,0,NO_ORIGIN,0,0,1,1,1,1,0,0.0,,,,,0.0,1591,1524,,0,0,FAIL
17296.891,1,FAIL,0,0,NO_ORIGIN,0,0,1,1,1,1,0,0.0,,,,,0.0,1591,1524,,0,0,FAIL
17296.941,1,FAIL,0,0,NO_ORIGIN,0,0,1,1,1,1,0,0.0,,,,,0.0,1591,1524,,0,0,FAIL
17296.992,1,FAIL,0,0,NO_ORIGIN,0,0,1,1,1,1,0,0.0,,,,,0.0,1591,1524,,0,0,FAIL
17297.042,1,FAIL,0,0,NO_ORIGIN,0,0,1,1,1,1,0,0.0,,,,,0.0,1591,1524,,0,0,FAIL
17297.092,1,FAIL,0,0,NO_ORIGIN,0,0,1,1,1,1,0,0.0,,,,,0.0,1591,1524,,0,0,FAIL
17297.142,1,FAIL,0,0,NO_ORIGIN,0,0,1,1,1,1,0,0.0,,,,,0.0,1591,1524,,0,0,FAIL
17297.192,1,FAIL,0,0,NO_ORIGIN,0,0,1,1,1,1,0,0.0,,,,,0.0,1591,1524,,0,0,FAIL
17297.242,1,FAIL,0,0,NO_ORIGIN,0,0,1,1,1,1,0,0.0,,,,,0.0,1591,1524,,0,0,FAIL
17297.293,1,FAIL,0,0,NO_ORIGIN,0,0,1,1,1,1,0,0.0,,,,,0.0,1591,1524,,0,0,FAIL
17297.343,1,FAIL,0,0,NO_ORIGIN,0,0,1,1,1,1,0,0.0,,,,,0.0,1591,1524,,0,0,FAIL
17297.393,1,FAIL,0,0,NO_ORIGIN,0,0,1,1,1,1,0,0.0,,,,,0.0,1591,1524,,0,0,FAIL
17297.443,1,FAIL,0,0,NO_ORIGIN,0,0,1,1,1,1,0,0.0,,,,,0.0,1591,1524,,0,0,FAIL
17297.493,1,FAIL,0,0,NO_ORIGIN,0,0,1,1,1,1,0,0.0,,,,,0.0,1591,1524,,0,0,FAIL
17297.543,1,FAIL,0,0,NO_ORIGIN,0,0,1,1,1,1,0,0.0,,,,,0.0,1591,1524,,0,0,FAIL
17297.593,1,FAIL,0,0,NO_ORIGIN,0,0,1,1,1,1,0,0.0,,,,,0.0,1591,1524,,0,0,FAIL
17297.644,1,FAIL,0,0,NO_ORIGIN,0,0,1,1,1,1,0,0.0,,,,,0.0,1591,1524,,0,0,FAIL
17297.694,1,FAIL,0,0,NO_ORIGIN,0,0,1,1,1,1,0,0.0,,,,,0.0,1591,1524,,0,0,FAIL
17297.744,1,FAIL,0,0,NO_ORIGIN,0,0,1,1,1,1,0,0.0,,,,,0.0,1591,1524,,0,0,FAIL
17297.794,1,FAIL,0,0,NO_ORIGIN,0,0,1,1,1,1,0,0.0,,,,,0.0,1591,1524,,0,0,FAIL
17297.844,2,FAIL,0,0,NO_ORIGIN,0,0,1,1,1,1,0,0.0,,,,,0.0,1591,1524,,0,0,FAIL
17297.894,2,FAIL,0,0,NO_ORIGIN,0,0,1,1,1,1,0,0.0,,,,,0.0,1591,1524,,0,0,FAIL
17297.945,2,FAIL,0,0,NO_ORIGIN,0,0,1,1,1,1,0,0.0,,,,,0.0,1591,1524,,0,0,FAIL
17297.995,2,FAIL,0,0,NO_ORIGIN,0,0,1,1,1,1,0,0.0,,,,,0.0,1591,1524,,0,0,FAIL
17298.045,2,FAIL,0,0,NO_ORIGIN,0,0,1,1,1,1,0,0.0,,,,,0.0,1591,1524,,0,0,FAIL
17298.095,2,FAIL,0,0,NO_ORIGIN,0,0,1,1,1,1,0,0.0,,,,,0.0,1591,1524,,0,0,FAIL
17298.145,2,FAIL,0,0,NO_ORIGIN,0,0,1,1,1,1,0,0.0,,,,,0.0,1591,1524,,0,0,FAIL
17298.195,2,FAIL,0,0,NO_ORIGIN,0,0,1,1,1,1,0,0.0,,,,,0.0,1591,1524,,0,0,FAIL
17298.246,2,FAIL,0,0,NO_ORIGIN,0,0,1,1,1,1,0,0.0,,,,,0.0,1591,1524,,0,0,FAIL
17298.296,2,FAIL,0,0,NO_ORIGIN,0,0,1,1,1,1,0,0.0,,,,,0.0,1591,1524,,0,0,FAIL
17298.346,2,FAIL,0,0,NO_ORIGIN,0,0,1,1,1,1,0,0.0,,,,,0.0,1591,1524,,0,0,FAIL
17298.396,2,FAIL,0,0,NO_ORIGIN,0,0,1,1,1,1,0,0.0,,,,,0.0,1591,1524,,0,0,FAIL
17298.446,2,FAIL,0,0,NO_ORIGIN,0,0,1,1,1,1,0,0.0,,,,,0.0,1591,1524,,0,0,FAIL
17298.496,2,FAIL,0,0,NO_ORIGIN,0,0,1,1,1,1,0,0.0,,,,,0.0,1591,1524,,0,0,FAIL
17298.547,2,FAIL,0,0,NO_ORIGIN,0,0,1,1,1,1,0,0.0,,,,,0.0,1591,1524,,0,0,FAIL
17298.597,2,FAIL,0,0,NO_ORIGIN,0,0,1,1,1,1,0,0.0,,,,,0.0,1591,1524,,0,0,FAIL
17298.647,2,FAIL,0,0,NO_ORIGIN,0,0,1,1,1,1,0,0.0,,,,,0.0,1591,1524,,0,0,FAIL
17298.697,2,FAIL,0,0,NO_ORIGIN,0,0,1,1,1,1,0,0.0,,,,,0.0,1591,1524,,0,0,FAIL
17298.747,2,FAIL,0,0,NO_ORIGIN,0,0,1,1,1,1,0,0.0,,,,,0.0,1591,1524,,0,0,FAIL
17298.797,2,FAIL,0,0,NO_ORIGIN,0,0,1,1,1,1,0,0.0,,,,,0.0,1591,1524,,0,0,FAIL
17298.847,2,FAIL,0,0,NO_ORIGIN,0,0,1,1,1,1,0,0.0,,,,,0.0,1591,1524,,0,0,FAIL
17298.898,2,FAIL,0,0,NO_ORIGIN,0,0,1,1,1,1,0,0.0,,,,,0.0,1591,1524,,0,0,FAIL
17298.948,2,FAIL,0,0,NO_ORIGIN,0,0,1,1,1,1,0,0.0,,,,,0.0,1591,1524,,0,0,FAIL
17298.998,2,FAIL,0,0,NO_ORIGIN,0,0,1,1,1,1,0,0.0,,,,,0.0,1591,1524,,0,0,FAIL
17299.048,2,FAIL,0,0,NO_ORIGIN,0,0,1,1,1,1,0,0.0,,,,,0.0,1591,1524,,0,0,FAIL
17299.098,2,FAIL,0,0,NO_ORIGIN,0,0,1,1,1,1,0,0.0,,,,,0.0,1591,1524,,0,0,FAIL
17299.148,2,FAIL,0,0,NO_ORIGIN,0,0,1,1,1,1,0,0.0,,,,,0.0,1591,1524,,0,0,FAIL
17299.199,2,FAIL,0,0,NO_ORIGIN,0,0,1,1,1,1,0,0.0,,,,,0.0,1591,1524,,0,0,FAIL
17299.249,2,FAIL,0,0,NO_ORIGIN,0,0,1,1,1,1,0,0.0,,,,,0.0,1591,1524,,0,0,FAIL
17299.299,2,FAIL,0,0,NO_ORIGIN,0,0,1,1,1,1,0,0.0,,,,,0.0,1591,1524,,0,0,FAIL
17299.349,2,FAIL,0,0,NO_ORIGIN,0,0,1,1,1,1,0,0.0,,,,,0.0,1591,1524,,0,0,FAIL
17299.399,2,FAIL,0,0,NO_ORIGIN,0,0,1,1,1,1,0,0.0,,,,,0.0,1591,1524,,0,0,FAIL
17299.449,2,FAIL,0,0,NO_ORIGIN,0,0,1,1,1,1,0,0.0,,,,,0.0,1591,1524,,0,0,FAIL
17299.5,2,FAIL,0,0,NO_ORIGIN,0,0,1,1,1,1,0,0.0,,,,,0.0,1591,1524,,0,0,FAIL
17299.55,2,FAIL,0,0,NO_ORIGIN,0,0,1,1,1,1,0,0.0,,,,,0.0,1591,1524,,0,0,FAIL
17299.6,2,FAIL,0,0,NO_ORIGIN,0,0,1,1,1,1,0,0.0,,,,,0.0,1591,1524,,0,0,FAIL
17299.65,2,FAIL,0,0,NO_ORIGIN,0,0,1,1,1,1,0,0.0,,,,,0.0,1591,1524,,0,0,FAIL
17299.7,2,FAIL,0,0,NO_ORIGIN,0,0,1,1,1,1,0,0.0,,,,,0.0,1591,1524,,0,0,FAIL
17299.75,2,FAIL,0,0,NO_ORIGIN,0,0,1,1,1,1,0,0.0,,,,,0.0,1591,1524,,0,0,FAIL
17299.8,2,FAIL,0,0,NO_ORIGIN,0,0,1,1,1,1,0,0.0,,,,,0.0,1591,1524,,0,0,FAIL
17299.851,2,FAIL,0,0,NO_ORIGIN,0,0,1,1,1,1,0,0.0,,,,,0.0,1591,1524,,0,0,FAIL
17299.901,2,FAIL,0,0,NO_ORIGIN,0,0,1,1,1,1,0,0.0,,,,,0.0,1591,1524,,0,0,FAIL
17299.951,2,FAIL,0,0,NO_ORIGIN,0,0,1,1,1,1,0,0.0,,,,,0.0,1591,1524,,0,0,FAIL
17300.001,2,FAIL,0,0,NO_ORIGIN,0,0,1,1,1,1,0,0.0,,,,,0.0,1591,1524,,0,0,FAIL
17300.051,2,FAIL,0,0,NO_ORIGIN,0,0,1,1,1,1,0,0.0,,,,,0.0,1591,1524,,0,0,FAIL
17300.101,2,FAIL,0,0,NO_ORIGIN,0,0,1,1,1,1,0,0.0,,,,,0.0,1591,1524,,0,0,FAIL
17300.151,2,FAIL,0,0,NO_ORIGIN,0,0,1,1,1,1,0,0.0,,,,,0.0,1591,1524,,0,0,FAIL
17300.202,2,FAIL,0,0,NO_ORIGIN,0,0,1,1,1,1,0,0.0,,,,,0.0,1591,1524,,0,0,FAIL
17300.252,2,FAIL,0,0,NO_ORIGIN,0,0,1,1,1,1,0,0.0,,,,,0.0,1591,1524,,0,0,FAIL
17300.302,2,FAIL,0,0,NO_ORIGIN,0,0,1,1,1,1,0,0.0,,,,,0.0,1591,1524,,0,0,FAIL
17300.352,2,FAIL,0,0,NO_ORIGIN,0,0,1,1,1,1,0,0.0,,,,,0.0,1591,1524,,0,0,FAIL
17300.402,2,FAIL,0,0,NO_ORIGIN,0,0,1,1,1,1,0,0.0,,,,,0.0,1591,1524,,0,0,FAIL
17300.453,2,FAIL,0,0,NO_ORIGIN,0,0,1,1,1,1,0,0.0,,,,,0.0,1591,1524,,0,0,FAIL
17300.504,2,FAIL,0,0,NO_ORIGIN,0,0,1,1,1,1,0,0.0,,,,,0.0,1591,1524,,0,0,FAIL
17300.554,2,FAIL,0,0,NO_ORIGIN,0,0,1,1,1,1,0,0.0,,,,,0.0,1591,1524,,0,0,FAIL
17300.604,2,FAIL,0,0,NO_ORIGIN,0,0,1,1,1,1,0,0.0,,,,,0.0,1591,1524,,0,0,FAIL
17300.655,2,FAIL,0,0,NO_ORIGIN,0,0,1,1,1,1,0,0.0,,,,,0.0,1591,1524,,0,0,FAIL
17300.705,2,FAIL,0,0,NO_ORIGIN,0,0,1,1,1,1,0,0.0,,,,,0.0,1591,1524,,0,0,FAIL
17300.755,2,FAIL,0,0,NO_ORIGIN,0,0,1,1,1,1,0,0.0,,,,,0.0,1591,1524,,0,0,FAIL
17300.805,2,FAIL,0,0,NO_ORIGIN,0,0,1,1,1,1,0,0.0,,,,,0.0,1591,1524,,0,0,FAIL
17300.856,2,FAIL,0,0,NO_ORIGIN,0,0,1,1,1,1,0,0.0,,,,,0.0,1591,1524,,0,0,FAIL
17300.906,2,FAIL,0,0,NO_ORIGIN,0,0,1,1,1,1,0,0.0,,,,,0.0,1591,1524,,0,0,FAIL
17300.956,2,FAIL,0,0,NO_ORIGIN,0,0,1,1,1,1,0,0.0,,,,,0.0,1591,1524,,0,0,FAIL
17301.006,2,FAIL,0,0,NO_ORIGIN,0,0,1,1,1,1,0,0.0,,,,,0.0,1591,1524,,0,0,FAIL
17301.056,2,FAIL,0,0,NO_ORIGIN,0,0,1,1,1,1,0,0.0,,,,,0.0,1591,1524,,0,0,FAIL
17301.106,2,FAIL,0,0,NO_ORIGIN,0,0,1,1,1,1,0,0.0,,,,,0.0,1591,1524,,0,0,FAIL
17301.157,2,FAIL,0,0,NO_ORIGIN,0,0,1,1,1,1,0,0.0,,,,,0.0,1591,1524,,0,0,FAIL
17301.207,2,FAIL,0,0,NO_ORIGIN,0,0,1,1,1,1,0,0.0,,,,,0.0,1591,1524,,0,0,FAIL
17301.257,2,FAIL,0,0,NO_ORIGIN,0,0,1,1,1,1,0,0.0,,,,,0.0,1591,1524,,0,0,FAIL
17301.307,2,FAIL,0,0,NO_ORIGIN,0,0,1,1,1,1,0,0.0,,,,,0.0,1591,1524,,0,0,FAIL
17301.357,2,FAIL,0,0,NO_ORIGIN,0,0,1,1,1,1,0,0.0,,,,,0.0,1591,1524,,0,0,FAIL
17301.407,2,FAIL,0,0,NO_ORIGIN,0,0,1,1,1,1,0,0.0,,,,,0.0,1591,1524,,0,0,FAIL
17301.457,2,FAIL,0,0,NO_ORIGIN,0,0,1,1,1,1,0,0.0,,,,,0.0,1591,1524,,0,0,FAIL
17301.507,2,FAIL,0,0,NO_ORIGIN,0,0,1,1,1,1,0,0.0,,,,,0.0,1591,1524,,0,0,FAIL
17301.558,2,FAIL,0,0,NO_ORIGIN,0,0,1,1,1,1,0,0.0,,,,,0.0,1591,1524,,0,0,FAIL
17301.608,2,FAIL,0,0,NO_ORIGIN,0,0,1,1,1,1,0,0.0,,,,,0.0,1591,1524,,0,0,FAIL
17301.658,2,FAIL,0,0,NO_ORIGIN,0,0,1,1,1,1,0,0.0,,,,,0.0,1591,1524,,0,0,FAIL
17301.708,2,FAIL,0,0,NO_ORIGIN,0,0,1,1,1,1,0,0.0,,,,,0.0,1591,1524,,0,0,FAIL
17301.758,2,FAIL,0,0,NO_ORIGIN,0,0,1,1,1,1,0,0.0,,,,,0.0,1591,1524,,0,0,FAIL
17301.808,2,FAIL,0,0,NO_ORIGIN,0,0,1,1,1,1,0,0.0,,,,,0.0,1591,1524,,0,0,FAIL
17301.859,2,FAIL,0,0,NO_ORIGIN,0,0,1,1,1,1,0,0.0,,,,,0.0,1591,1524,,0,0,FAIL
17301.909,2,FAIL,0,0,NO_ORIGIN,0,0,1,1,1,1,0,0.0,,,,,0.0,1591,1524,,0,0,FAIL
17301.959,2,FAIL,0,0,NO_ORIGIN,0,0,1,1,1,1,0,0.0,,,,,0.0,1591,1524,,0,0,FAIL
17302.009,2,FAIL,0,0,NO_ORIGIN,0,0,1,1,1,1,0,0.0,,,,,0.0,1591,1524,,0,0,FAIL
17302.059,2,FAIL,0,0,NO_ORIGIN,0,0,1,1,1,1,0,0.0,,,,,0.0,1591,1524,,0,0,FAIL
17302.109,2,FAIL,0,0,NO_ORIGIN,0,0,1,1,1,1,0,0.0,,,,,0.0,1591,1524,,0,0,FAIL
17302.16,2,FAIL,0,0,NO_ORIGIN,0,0,1,1,1,1,0,0.0,,,,,0.0,1591,1524,,0,0,FAIL
17302.21,2,FAIL,0,0,NO_ORIGIN,0,0,1,1,1,1,0,0.0,,,,,0.0,1591,1524,,0,0,FAIL
17302.26,2,FAIL,0,0,NO_ORIGIN,0,0,1,1,1,1,0,0.0,,,,,0.0,1591,1524,,0,0,FAIL
17302.31,2,FAIL,0,0,NO_ORIGIN,0,0,1,1,1,1,0,0.0,,,,,0.0,1591,1524,,0,0,FAIL
17302.36,2,FAIL,0,0,NO_ORIGIN,0,0,1,1,1,1,0,0.0,,,,,0.0,1591,1524,,0,0,FAIL
17302.41,2,FAIL,0,0,NO_ORIGIN,0,0,1,1,1,1,0,0.0,,,,,0.0,1591,1524,,0,0,FAIL
17302.46,2,FAIL,0,0,NO_ORIGIN,0,0,1,1,1,1,0,0.0,,,,,0.0,1591,1524,,0,0,FAIL
17302.511,2,FAIL,0,0,NO_ORIGIN,0,0,1,1,1,1,0,0.0,,,,,0.0,1591,1524,,0,0,FAIL
17302.561,2,FAIL,0,0,NO_ORIGIN,0,0,1,1,1,1,0,0.0,,,,,0.0,1591,1524,,0,0,FAIL
17302.611,2,FAIL,0,0,NO_ORIGIN,0,0,1,1,1,1,0,0.0,,,,,0.0,1591,1524,,0,0,FAIL
17302.661,2,FAIL,0,0,NO_ORIGIN,0,0,1,1,1,1,0,0.0,,,,,0.0,1591,1524,,0,0,FAIL
17302.711,2,FAIL,0,0,NO_ORIGIN,0,0,1,1,1,1,0,0.0,,,,,0.0,1591,1524,,0,0,FAIL
17302.761,2,FAIL,0,0,NO_ORIGIN,0,0,1,1,1,1,0,0.0,,,,,0.0,1591,1524,,0,0,FAIL
17302.812,2,FAIL,0,0,NO_ORIGIN,0,0,1,1,1,1,0,0.0,,,,,0.0,1591,1524,,0,0,FAIL
17302.862,2,FAIL,0,0,NO_ORIGIN,0,0,1,1,1,1,0,0.0,,,,,0.0,1591,1524,,0,0,FAIL
17302.912,2,FAIL,0,0,NO_ORIGIN,0,0,1,1,1,1,0,0.0,,,,,0.0,1591,1524,,0,0,FAIL
17302.962,2,FAIL,0,0,NO_ORIGIN,0,0,1,1,1,1,0,0.0,,,,,0.0,1591,1524,,0,0,FAIL
17303.013,2,FAIL,0,0,NO_ORIGIN,0,0,1,1,1,1,0,0.0,,,,,0.0,1591,1524,,0,0,FAIL
17303.063,2,FAIL,0,0,NO_ORIGIN,0,0,1,1,1,1,0,0.0,,,,,0.0,1591,1524,,0,0,FAIL
17303.113,2,FAIL,0,0,NO_ORIGIN,0,0,1,1,1,1,0,0.0,,,,,0.0,1591,1524,,0,0,FAIL
17303.163,2,FAIL,0,0,NO_ORIGIN,0,0,1,1,1,1,0,0.0,,,,,0.0,1591,1524,,0,0,FAIL
17303.213,2,FAIL,0,0,NO_ORIGIN,0,0,1,1,1,1,0,0.0,,,,,0.0,1591,1524,,0,0,FAIL
17303.263,2,FAIL,0,0,NO_ORIGIN,0,0,1,1,1,1,0,0.0,,,,,0.0,1591,1524,,0,0,FAIL
17303.314,2,FAIL,0,0,NO_ORIGIN,0,0,1,1,1,1,0,0.0,,,,,0.0,1591,1524,,0,0,FAIL
17303.364,2,FAIL,0,0,NO_ORIGIN,0,0,1,1,1,1,0,0.0,,,,,0.0,1591,1524,,0,0,FAIL
17303.414,2,FAIL,0,0,NO_ORIGIN,0,0,1,1,1,1,0,0.0,,,,,0.0,1591,1524,,0,0,FAIL
17303.464,2,FAIL,0,0,NO_ORIGIN,0,0,1,1,1,1,0,0.0,,,,,0.0,1591,1524,,0,0,FAIL
17303.514,2,FAIL,0,0,NO_ORIGIN,0,0,1,1,1,1,0,0.0,,,,,0.0,1591,1524,,0,0,FAIL
17303.564,2,FAIL,0,0,NO_ORIGIN,0,0,1,1,1,1,0,0.0,,,,,0.0,1591,1524,,0,0,FAIL
17303.615,2,FAIL,0,0,NO_ORIGIN,0,0,1,1,1,1,0,0.0,,,,,0.0,1591,1524,,0,0,FAIL
17303.665,2,FAIL,0,0,NO_ORIGIN,0,0,1,1,1,1,0,0.0,,,,,0.0,1591,1524,,0,0,FAIL
17303.715,2,FAIL,0,0,NO_ORIGIN,0,0,1,1,1,1,0,0.0,,,,,0.0,1591,1524,,0,0,FAIL
17303.765,2,FAIL,0,0,NO_ORIGIN,0,0,1,1,1,1,0,0.0,,,,,0.0,1591,1524,,0,0,FAIL
17303.815,2,FAIL,0,0,NO_ORIGIN,0,0,1,1,1,1,0,0.0,,,,,0.0,1591,1524,,0,0,FAIL
17303.865,2,FAIL,0,0,NO_ORIGIN,0,0,1,1,1,1,0,0.0,,,,,0.0,1591,1524,,0,0,FAIL
17303.916,2,FAIL,0,0,NO_ORIGIN,0,0,1,1,1,1,0,0.0,,,,,0.0,1591,1524,,0,0,FAIL
17303.966,2,FAIL,0,0,NO_ORIGIN,0,0,1,1,1,1,0,0.0,,,,,0.0,1591,1524,,0,0,FAIL
17304.016,2,FAIL,0,0,NO_ORIGIN,0,0,1,1,1,1,0,0.0,,,,,0.0,1591,1524,,0,0,FAIL
17304.066,2,FAIL,0,0,NO_ORIGIN,0,0,1,1,1,1,0,0.0,,,,,0.0,1591,1524,,0,0,FAIL
17304.116,2,FAIL,0,0,NO_ORIGIN,0,0,1,1,1,1,0,0.0,,,,,0.0,1591,1524,,0,0,FAIL
17304.166,2,FAIL,0,0,NO_ORIGIN,0,0,1,1,1,1,0,0.0,,,,,0.0,1591,1524,,0,0,FAIL
17304.216,2,FAIL,0,0,NO_ORIGIN,0,0,1,1,1,1,0,0.0,,,,,0.0,1591,1524,,0,0,FAIL
17304.267,2,FAIL,0,0,NO_ORIGIN,0,0,1,1,1,1,0,0.0,,,,,0.0,1591,1524,,0,0,FAIL
17304.317,2,FAIL,0,0,NO_ORIGIN,0,0,1,1,1,1,0,0.0,,,,,0.0,1591,1524,,0,0,FAIL
17304.367,2,FAIL,0,0,NO_ORIGIN,0,0,1,1,1,1,0,0.0,,,,,0.0,1591,1524,,0,0,FAIL
17304.417,2,FAIL,0,0,NO_ORIGIN,0,0,1,1,1,1,0,0.0,,,,,0.0,1591,1524,,0,0,FAIL
17304.467,2,FAIL,0,0,NO_ORIGIN,0,0,1,1,1,1,0,0.0,,,,,0.0,1591,1524,,0,0,FAIL
17304.517,2,FAIL,0,0,NO_ORIGIN,0,0,1,1,1,1,0,0.0,,,,,0.0,1591,1524,,0,0,FAIL
17304.568,2,FAIL,0,0,NO_ORIGIN,0,0,1,1,1,1,0,0.0,,,,,0.0,1591,1524,,0,0,FAIL
17304.618,2,FAIL,0,0,NO_ORIGIN,0,0,1,1,1,1,0,0.0,,,,,0.0,1591,1524,,0,0,FAIL
17304.668,2,FAIL,0,0,NO_ORIGIN,0,0,1,1,1,1,0,0.0,,,,,0.0,1591,1524,,0,0,FAIL
17304.718,2,FAIL,0,0,NO_ORIGIN,0,0,1,1,1,1,0,0.0,,,,,0.0,1591,1524,,0,0,FAIL
17304.768,2,FAIL,0,0,NO_ORIGIN,0,0,1,1,1,1,0,0.0,,,,,0.0,1591,1524,,0,0,FAIL
17304.818,2,FAIL,0,0,NO_ORIGIN,0,0,1,1,1,1,0,0.0,,,,,0.0,1591,1524,,0,0,FAIL
17304.868,2,FAIL,0,0,NO_ORIGIN,0,0,1,1,1,1,0,0.0,,,,,0.0,1591,1524,,0,0,FAIL
17304.919,2,FAIL,0,0,NO_ORIGIN,0,0,1,1,1,1,0,0.0,,,,,0.0,1591,1524,,0,0,FAIL
17304.969,2,FAIL,0,0,NO_ORIGIN,0,0,1,1,1,1,0,0.0,,,,,0.0,1591,1524,,0,0,FAIL
17305.019,2,FAIL,0,0,NO_ORIGIN,0,0,1,1,1,1,0,0.0,,,,,0.0,1591,1524,,0,0,FAIL
17305.069,2,FAIL,0,0,NO_ORIGIN,0,0,1,1,1,1,0,0.0,,,,,0.0,1591,1524,,0,0,FAIL
17305.119,2,FAIL,0,0,NO_ORIGIN,0,0,1,1,1,1,0,0.0,,,,,0.0,1591,1524,,0,0,FAIL
17305.169,2,FAIL,0,0,NO_ORIGIN,0,0,1,1,1,1,0,0.0,,,,,0.0,1591,1524,,0,0,FAIL
17305.22,2,FAIL,0,0,NO_ORIGIN,0,0,1,1,1,1,0,0.0,,,,,0.0,1591,1524,,0,0,FAIL
17305.27,2,FAIL,0,0,NO_ORIGIN,0,0,1,1,1,1,0,0.0,,,,,0.0,1591,1524,,0,0,FAIL
17305.32,2,FAIL,0,0,NO_ORIGIN,0,0,1,1,1,1,0,0.0,,,,,0.0,1591,1524,,0,0,FAIL
17305.37,2,FAIL,0,0,NO_ORIGIN,0,0,1,1,1,1,0,0.0,,,,,0.0,1591,1524,,0,0,FAIL
17305.42,2,FAIL,0,0,NO_ORIGIN,0,0,1,1,1,1,0,0.0,,,,,0.0,1591,1524,,0,0,FAIL
17305.47,2,FAIL,0,0,NO_ORIGIN,0,0,1,1,1,1,0,0.0,,,,,0.0,1591,1524,,0,0,FAIL
17305.521,2,FAIL,0,0,NO_ORIGIN,0,0,1,1,1,1,0,0.0,,,,,0.0,1591,1524,,0,0,FAIL
17305.571,2,FAIL,0,0,NO_ORIGIN,0,0,1,1,1,1,0,0.0,,,,,0.0,1591,1524,,0,0,FAIL
17305.622,2,FAIL,0,0,NO_ORIGIN,0,0,1,1,1,1,0,0.0,,,,,0.0,1591,1524,,0,0,FAIL
17305.672,2,FAIL,0,0,NO_ORIGIN,0,0,1,1,1,1,0,0.0,,,,,0.0,1591,1524,,0,0,FAIL
17305.722,2,FAIL,0,0,NO_ORIGIN,0,0,1,1,1,1,0,0.0,,,,,0.0,1591,1524,,0,0,FAIL
17305.772,2,FAIL,0,0,NO_ORIGIN,0,0,1,1,1,1,0,0.0,,,,,0.0,1591,1524,,0,0,FAIL
17305.822,2,FAIL,0,0,NO_ORIGIN,0,0,1,1,1,1,0,0.0,,,,,0.0,1591,1524,,0,0,FAIL
17305.872,2,FAIL,0,0,NO_ORIGIN,0,0,1,1,1,1,0,0.0,,,,,0.0,1591,1524,,0,0,FAIL
17305.923,2,FAIL,0,0,NO_ORIGIN,0,0,1,1,1,1,0,0.0,,,,,0.0,1591,1524,,0,0,FAIL
17305.973,2,FAIL,0,0,NO_ORIGIN,0,0,1,1,1,1,0,0.0,,,,,0.0,1591,1524,,0,0,FAIL
17306.023,2,FAIL,0,0,NO_ORIGIN,0,0,1,1,1,1,0,0.0,,,,,0.0,1591,1524,,0,0,FAIL
17306.073,2,FAIL,0,0,NO_ORIGIN,0,0,1,1,1,1,0,0.0,,,,,0.0,1591,1524,,0,0,FAIL
17306.123,2,FAIL,0,0,NO_ORIGIN,0,0,1,1,1,1,0,0.0,,,,,0.0,1591,1524,,0,0,FAIL
17306.173,2,FAIL,0,0,NO_ORIGIN,0,0,1,1,1,1,0,0.0,,,,,0.0,1591,1524,,0,0,FAIL
17306.224,2,FAIL,0,0,NO_ORIGIN,0,0,1,1,1,1,0,0.0,,,,,0.0,1591,1524,,0,0,FAIL
17306.274,2,FAIL,0,0,NO_ORIGIN,0,0,1,1,1,1,0,0.0,,,,,0.0,1591,1524,,0,0,FAIL
17306.324,2,FAIL,0,0,NO_ORIGIN,0,0,1,1,1,1,0,0.0,,,,,0.0,1591,1524,,0,0,FAIL
17306.374,2,FAIL,0,0,NO_ORIGIN,0,0,1,1,1,1,0,0.0,,,,,0.0,1591,1524,,0,0,FAIL
17306.424,2,FAIL,0,0,NO_ORIGIN,0,0,1,1,1,1,0,0.0,,,,,0.0,1591,1524,,0,0,FAIL
17306.475,2,FAIL,0,0,NO_ORIGIN,0,0,1,1,1,1,0,0.0,,,,,0.0,1591,1524,,0,0,FAIL
17306.525,2,FAIL,0,0,NO_ORIGIN,0,0,1,1,1,1,0,0.0,,,,,0.0,1591,1524,,0,0,FAIL
17306.575,2,FAIL,0,0,NO_ORIGIN,0,0,1,1,1,1,0,0.0,,,,,0.0,1591,1524,,0,0,FAIL
17306.625,2,FAIL,0,0,NO_ORIGIN,0,0,1,1,1,1,0,0.0,,,,,0.0,1591,1524,,0,0,FAIL
17306.675,2,FAIL,0,0,NO_ORIGIN,0,0,1,1,1,1,0,0.0,,,,,0.0,1591,1524,,0,0,FAIL
17306.725,2,FAIL,0,0,NO_ORIGIN,0,0,1,1,1,1,0,0.0,,,,,0.0,1591,1524,,0,0,FAIL
17306.776,2,FAIL,0,0,NO_ORIGIN,0,0,1,1,1,1,0,0.0,,,,,0.0,1591,1524,,0,0,FAIL
17306.826,2,FAIL,0,0,NO_ORIGIN,0,0,1,1,1,1,0,0.0,,,,,0.0,1591,1524,,0,0,FAIL
17306.876,2,FAIL,0,0,NO_ORIGIN,0,0,1,1,1,1,0,0.0,,,,,0.0,1591,1524,,0,0,FAIL
17306.927,2,FAIL,0,0,NO_ORIGIN,0,0,1,1,1,1,0,0.0,,,,,0.0,1591,1524,,0,0,FAIL
17306.977,2,FAIL,0,0,NO_ORIGIN,0,0,1,1,1,1,0,0.0,,,,,0.0,1591,1524,,0,0,FAIL
17307.027,2,FAIL,0,0,NO_ORIGIN,0,0,1,1,1,1,0,0.0,,,,,0.0,1591,1524,,0,0,FAIL
17307.078,2,FAIL,0,0,NO_ORIGIN,0,0,1,1,1,1,0,0.0,,,,,0.0,1591,1524,,0,0,FAIL
17307.128,2,FAIL,0,0,NO_ORIGIN,0,0,1,1,1,1,0,0.0,,,,,0.0,1591,1524,,0,0,FAIL
17307.178,2,FAIL,0,0,NO_ORIGIN,0,0,1,1,1,1,0,0.0,,,,,0.0,1591,1524,,0,0,FAIL
17307.228,2,FAIL,0,0,NO_ORIGIN,0,0,1,1,1,1,0,0.0,,,,,0.0,1591,1524,,0,0,FAIL
17307.279,2,FAIL,0,0,NO_ORIGIN,0,0,1,1,1,1,0,0.0,,,,,0.0,1591,1524,,0,0,FAIL
17307.329,2,FAIL,0,0,NO_ORIGIN,0,0,1,1,1,1,0,0.0,,,,,0.0,1591,1524,,0,0,FAIL
17307.379,2,FAIL,0,0,NO_ORIGIN,0,0,1,1,1,1,0,0.0,,,,,0.0,1591,1524,,0,0,FAIL
17307.429,2,FAIL,0,0,NO_ORIGIN,0,0,1,1,1,1,0,0.0,,,,,0.0,1591,1524,,0,0,FAIL
17307.48,2,FAIL,0,0,NO_ORIGIN,0,0,1,1,1,1,0,0.0,,,,,0.0,1591,1524,,0,0,FAIL
17307.53,2,FAIL,0,0,NO_ORIGIN,0,0,1,1,1,1,0,0.0,,,,,0.0,1591,1524,,0,0,FAIL
17307.58,2,FAIL,0,0,NO_ORIGIN,0,0,1,1,1,1,0,0.0,,,,,0.0,1591,1524,,0,0,FAIL
17307.63,2,FAIL,0,0,NO_ORIGIN,0,0,1,1,1,1,0,0.0,,,,,0.0,1591,1524,,0,0,FAIL
17307.681,2,FAIL,0,0,NO_ORIGIN,0,0,1,1,1,1,0,0.0,,,,,0.0,1591,1524,,0,0,FAIL
17307.731,2,FAIL,0,0,NO_ORIGIN,0,0,1,1,1,1,0,0.0,,,,,0.0,1591,1524,,0,0,FAIL
17307.781,2,FAIL,0,0,NO_ORIGIN,0,0,1,1,1,1,0,0.0,,,,,0.0,1591,1524,,0,0,FAIL
17307.831,2,FAIL,0,0,NO_ORIGIN,0,0,1,1,1,1,0,0.0,,,,,0.0,1591,1524,,0,0,FAIL
17307.882,2,FAIL,0,0,NO_ORIGIN,0,0,1,1,1,1,0,0.0,,,,,0.0,1591,1524,,0,0,FAIL
17307.933,2,FAIL,0,0,NO_ORIGIN,0,0,1,1,1,1,0,0.0,,,,,0.0,1591,1524,,0,0,FAIL
17307.983,2,FAIL,0,0,NO_ORIGIN,0,0,1,1,1,1,0,0.0,,,,,0.0,1591,1524,,0,0,FAIL
17308.033,2,FAIL,0,0,NO_ORIGIN,0,0,1,1,1,1,0,0.0,,,,,0.0,1591,1524,,0,0,FAIL
17308.083,2,FAIL,0,0,NO_ORIGIN,0,0,1,1,1,1,0,0.0,,,,,0.0,1591,1524,,0,0,FAIL
17308.133,2,FAIL,0,0,NO_ORIGIN,0,0,1,1,1,1,0,0.0,,,,,0.0,1591,1524,,0,0,FAIL
17308.183,2,FAIL,0,0,NO_ORIGIN,0,0,1,1,1,1,0,0.0,,,,,0.0,1591,1524,,0,0,FAIL
17308.233,2,FAIL,0,0,NO_ORIGIN,0,0,1,1,1,1,0,0.0,,,,,0.0,1591,1524,,0,0,FAIL
17308.284,2,FAIL,0,0,NO_ORIGIN,0,0,1,1,1,1,0,0.0,,,,,0.0,1591,1524,,0,0,FAIL
17308.334,2,FAIL,0,0,NO_ORIGIN,0,0,1,1,1,1,0,0.0,,,,,0.0,1591,1524,,0,0,FAIL
17308.384,2,FAIL,0,0,NO_ORIGIN,0,0,1,1,1,1,0,0.0,,,,,0.0,1591,1524,,0,0,FAIL
17308.435,2,FAIL,0,0,NO_ORIGIN,0,0,1,1,1,1,0,0.0,,,,,0.0,1591,1524,,0,0,FAIL
17308.485,2,FAIL,0,0,NO_ORIGIN,0,0,1,1,1,1,0,0.0,,,,,0.0,1591,1524,,0,0,FAIL
17308.535,2,FAIL,0,0,NO_ORIGIN,0,0,1,1,1,1,0,0.0,,,,,0.0,1591,1524,,0,0,FAIL
17308.586,2,FAIL,0,0,NO_ORIGIN,0,0,1,1,1,1,0,0.0,,,,,0.0,1591,1524,,0,0,FAIL
17308.636,2,FAIL,0,0,NO_ORIGIN,0,0,1,1,1,1,0,0.0,,,,,0.0,1591,1524,,0,0,FAIL
17308.686,2,FAIL,0,0,NO_ORIGIN,0,0,1,1,1,1,0,0.0,,,,,0.0,1591,1524,,0,0,FAIL
17308.737,2,FAIL,0,0,NO_ORIGIN,0,0,1,1,1,1,0,0.0,,,,,0.0,1591,1524,,0,0,FAIL
17308.787,2,FAIL,0,0,NO_ORIGIN,0,0,1,1,1,1,0,0.0,,,,,0.0,1591,1524,,0,0,FAIL
17308.837,2,FAIL,0,0,NO_ORIGIN,0,0,1,1,1,1,0,0.0,,,,,0.0,1591,1524,,0,0,FAIL
17308.887,2,FAIL,0,0,NO_ORIGIN,0,0,1,1,1,1,0,0.0,,,,,0.0,1591,1524,,0,0,FAIL
17308.938,2,FAIL,0,0,NO_ORIGIN,0,0,1,1,1,1,0,0.0,,,,,0.0,1591,1524,,0,0,FAIL
17308.988,2,FAIL,0,0,NO_ORIGIN,0,0,1,1,1,1,0,0.0,,,,,0.0,1591,1524,,0,0,FAIL
17309.038,2,FAIL,0,0,NO_ORIGIN,0,0,1,1,1,1,0,0.0,,,,,0.0,1591,1524,,0,0,FAIL
17309.088,2,FAIL,0,0,NO_ORIGIN,0,0,1,1,1,1,0,0.0,,,,,0.0,1591,1524,,0,0,FAIL
17309.138,2,FAIL,0,0,NO_ORIGIN,0,0,1,1,1,1,0,0.0,,,,,0.0,1591,1524,,0,0,FAIL
17309.188,2,FAIL,0,0,NO_ORIGIN,0,0,1,1,1,1,0,0.0,,,,,0.0,1591,1524,,0,0,FAIL
17309.239,2,FAIL,0,0,NO_ORIGIN,0,0,1,1,1,1,0,0.0,,,,,0.0,1591,1524,,0,0,FAIL
17309.289,2,FAIL,0,0,NO_ORIGIN,0,0,1,1,1,1,0,0.0,,,,,0.0,1591,1524,,0,0,FAIL
17309.339,2,FAIL,0,0,NO_ORIGIN,0,0,1,1,1,1,0,0.0,,,,,0.0,1591,1524,,0,0,FAIL
17309.389,2,FAIL,0,0,NO_ORIGIN,0,0,1,1,1,1,0,0.0,,,,,0.0,1591,1524,,0,0,FAIL
17309.439,2,FAIL,0,0,NO_ORIGIN,0,0,1,1,1,1,0,0.0,,,,,0.0,1591,1524,,0,0,FAIL
17309.489,2,FAIL,0,0,NO_ORIGIN,0,0,1,1,1,1,0,0.0,,,,,0.0,1591,1524,,0,0,FAIL
17309.54,2,FAIL,0,0,NO_ORIGIN,0,0,1,1,1,1,0,0.0,,,,,0.0,1591,1524,,0,0,FAIL
17309.59,2,FAIL,0,0,NO_ORIGIN,0,0,1,1,1,1,0,0.0,,,,,0.0,1591,1524,,0,0,FAIL
17309.64,2,FAIL,0,0,NO_ORIGIN,0,0,1,1,1,1,0,0.0,,,,,0.0,1591,1524,,0,0,FAIL
17309.69,2,FAIL,0,0,NO_ORIGIN,0,0,1,1,1,1,0,0.0,,,,,0.0,1591,1524,,0,0,FAIL
17309.74,2,FAIL,0,0,NO_ORIGIN,0,0,1,1,1,1,0,0.0,,,,,0.0,1591,1524,,0,0,FAIL
17309.79,2,FAIL,0,0,NO_ORIGIN,0,0,1,1,1,1,0,0.0,,,,,0.0,1591,1524,,0,0,FAIL
17309.84,2,FAIL,0,0,NO_ORIGIN,0,0,1,1,1,1,0,0.0,,,,,0.0,1591,1524,,0,0,FAIL
17309.891,2,FAIL,0,0,NO_ORIGIN,0,0,1,1,1,1,0,0.0,,,,,0.0,1591,1524,,0,0,FAIL
17309.941,3,FAIL,0,0,NO_ORIGIN,0,0,1,1,1,1,0,0.0,,,,,0.0,1591,1524,,0,0,FAIL
17309.992,3,FAIL,0,0,NO_ORIGIN,0,0,1,1,1,1,0,0.0,,,,,0.0,1591,1524,,0,0,FAIL
17310.042,3,FAIL,0,0,NO_ORIGIN,0,0,1,1,1,1,0,0.0,,,,,0.0,1591,1524,,0,0,FAIL
17310.092,3,FAIL,0,0,NO_ORIGIN,0,0,1,1,1,1,0,0.0,,,,,0.0,1591,1524,,0,0,FAIL
17310.143,3,FAIL,0,0,NO_ORIGIN,0,0,1,1,1,1,0,0.0,,,,,0.0,1591,1524,,0,0,FAIL
17310.193,3,FAIL,0,0,NO_ORIGIN,0,0,1,1,1,1,0,0.0,,,,,0.0,1591,1524,,0,0,FAIL
17310.243,3,FAIL,0,0,NO_ORIGIN,0,0,1,1,1,1,0,0.0,,,,,0.0,1591,1524,,0,0,FAIL
17310.293,3,FAIL,0,0,NO_ORIGIN,0,0,1,1,1,1,0,0.0,,,,,0.0,1591,1524,,0,0,FAIL
17310.343,3,FAIL,0,0,NO_ORIGIN,0,0,1,1,1,1,0,0.0,,,,,0.0,1591,1524,,0,0,FAIL
17310.393,3,FAIL,0,0,NO_ORIGIN,0,0,1,1,1,1,0,0.0,,,,,0.0,1591,1524,,0,0,FAIL
17310.443,3,DETUMBLING,0,0,DETUMBLING,0,0,1,1,1,1,0,0.0,,,,,0.0,1591,1524,,0,0,FAIL
17310.494,3,DETUMBLING,0,0,DETUMBLING,0,0,1,1,1,1,0,0.0,,,,,0.0,1591,1524,,0,0,FAIL
17310.544,3,DETUMBLING,0,0,DETUMBLING,0,0,1,1,1,1,0,0.0,,,,,0.0,1591,1524,,0,0,FAIL
17310.594,3,DETUMBLING,0,0,DETUMBLING,0,0,1,1,1,1,0,0.0,,,,,0.0,1591,1524,,0,0,FAIL
17310.644,3,DETUMBLING,0,0,DETUMBLING,0,0,1,1,1,1,0,0.0,,,,,0.0,1591,1524,,0,0,FAIL
17310.694,3,DETUMBLING,0,0,DETUMBLING,0,0,1,1,1,1,0,0.0,,,,,0.0,1591,1524,,0,0,FAIL
17310.745,3,DETUMBLING,0,0,DETUMBLING,0,0,1,1,1,1,0,0.0,,,,,0.0,1591,1524,,0,0,FAIL
17310.795,3,DETUMBLING,0,0,DETUMBLING,0,0,1,1,1,1,0,0.0,,,,,0.0,1591,1524,,0,0,FAIL
17310.846,3,FAIL,0,0,NO_ORIGIN,0,0,1,1,1,1,0,0.0,,,,,0.0,1591,1524,,0,0,FAIL
17310.896,3,FAIL,0,0,NO_ORIGIN,0,0,1,1,1,1,0,0.0,,,,,0.0,1591,1524,,0,0,FAIL
17310.947,3,FAIL,0,0,NO_ORIGIN,0,0,1,1,1,1,0,0.0,,,,,0.0,1591,1524,,0,0,FAIL
17310.997,3,FAIL,0,0,NO_ORIGIN,0,0,1,1,1,1,0,0.0,,,,,0.0,1591,1524,,0,0,FAIL
17311.047,3,FAIL,0,0,NO_ORIGIN,0,0,1,1,1,1,0,0.0,,,,,0.0,1591,1524,,0,0,FAIL
17311.098,3,FAIL,0,0,NO_ORIGIN,0,0,1,1,1,1,0,0.0,,,,,0.0,1591,1524,,0,0,FAIL
17311.148,3,FAIL,0,0,NO_ORIGIN,0,0,1,1,1,1,0,0.0,,,,,0.0,1591,1524,,0,0,FAIL
17311.199,3,FAIL,0,0,NO_ORIGIN,0,0,1,1,1,1,0,0.0,,,,,0.0,1591,1524,,0,0,FAIL
17311.249,3,FAIL,0,0,NO_ORIGIN,0,0,1,1,1,1,0,0.0,,,,,0.0,1591,1524,,0,0,FAIL
17311.299,3,FAIL,0,0,NO_ORIGIN,0,0,1,1,1,1,0,0.0,,,,,0.0,1591,1524,,0,0,FAIL
17311.349,3,FAIL,0,0,NO_ORIGIN,0,0,1,1,1,1,0,0.0,,,,,0.0,1591,1524,,0,0,FAIL
17311.399,3,FAIL,0,0,NO_ORIGIN,0,0,1,1,1,1,0,0.0,,,,,0.0,1591,1524,,0,0,FAIL
17311.449,3,FAIL,0,0,NO_ORIGIN,0,0,1,1,1,1,0,0.0,,,,,0.0,1591,1524,,0,0,FAIL
17311.499,3,FAIL,0,0,NO_ORIGIN,0,0,1,1,1,1,0,0.0,,,,,0.0,1591,1524,,0,0,FAIL
17311.55,3,FAIL,0,0,NO_ORIGIN,0,0,1,1,1,1,0,0.0,,,,,0.0,1591,1524,,0,0,FAIL
17311.6,3,FAIL,0,0,NO_ORIGIN,0,0,1,1,1,1,0,0.0,,,,,0.0,1591,1524,,0,0,FAIL
17311.65,3,FAIL,0,0,NO_ORIGIN,0,0,1,1,1,1,0,0.0,,,,,0.0,1591,1524,,0,0,FAIL
17311.7,3,DETUMBLING,0,0,DETUMBLING,0,0,1,1,1,1,0,0.0,,,,,0.0,1591,1524,,0,0,FAIL
17311.75,3,DETUMBLING,0,0,DETUMBLING,0,0,1,1,1,1,0,0.0,,,,,0.0,1591,1524,,0,0,FAIL
17311.8,3,DETUMBLING,0,0,DETUMBLING,0,0,1,1,1,1,0,0.0,,,,,0.0,1591,1524,,0,0,FAIL
17311.85,3,DETUMBLING,0,0,DETUMBLING,0,0,1,1,1,1,0,0.0,,,,,0.0,1591,1524,,0,0,FAIL
17311.9,3,DETUMBLING,0,0,DETUMBLING,0,0,1,1,1,1,0,0.0,,,,,0.0,1591,1524,,0,0,FAIL
17311.951,3,DETUMBLING,0,0,DETUMBLING,0,0,1,1,1,1,0,0.0,,,,,0.0,1591,1524,,0,0,FAIL
17312.001,3,DETUMBLING,0,0,DETUMBLING,0,0,1,1,1,1,0,0.0,,,,,0.0,1591,1524,,0,0,FAIL
17312.051,3,DETUMBLING,0,0,DETUMBLING,0,0,1,1,1,1,0,0.0,,,,,0.0,1591,1524,,0,0,FAIL
17312.101,3,DETUMBLING,0,0,DETUMBLING,0,0,1,1,1,1,0,0.0,,,,,0.0,1591,1524,,0,0,FAIL
17312.151,3,DETUMBLING,0,0,DETUMBLING,0,0,1,1,1,1,0,0.0,,,,,0.0,1591,1524,,0,0,FAIL
17312.201,3,FAIL,0,0,NO_ORIGIN,0,0,1,1,1,1,0,0.0,,,,,0.0,1591,1524,,0,0,FAIL
17312.251,3,FAIL,0,0,NO_ORIGIN,0,0,1,1,1,1,0,0.0,,,,,0.0,1591,1524,,0,0,FAIL
17312.302,3,FAIL,0,0,NO_ORIGIN,0,0,1,1,1,1,0,0.0,,,,,0.0,1591,1524,,0,0,FAIL
17312.352,3,FAIL,0,0,NO_ORIGIN,0,0,1,1,1,1,0,0.0,,,,,0.0,1591,1524,,0,0,FAIL
17312.402,3,FAIL,0,0,NO_ORIGIN,0,0,1,1,1,1,0,0.0,,,,,0.0,1591,1524,,0,0,FAIL
17312.452,3,FAIL,0,0,NO_ORIGIN,0,0,1,1,1,1,0,0.0,,,,,0.0,1591,1524,,0,0,FAIL
17312.502,3,FAIL,0,0,NO_ORIGIN,0,0,1,1,1,1,0,0.0,,,,,0.0,1591,1524,,0,0,FAIL
17312.552,3,FAIL,0,0,NO_ORIGIN,0,0,1,1,1,1,0,0.0,,,,,0.0,1591,1524,,0,0,FAIL
17312.602,3,FAIL,0,0,NO_ORIGIN,0,0,1,1,1,1,0,0.0,,,,,0.0,1591,1524,,0,0,FAIL
17312.652,3,FAIL,0,0,NO_ORIGIN,0,0,1,1,1,1,0,0.0,,,,,0.0,1591,1524,,0,0,FAIL
17312.703,3,FAIL,0,0,NO_ORIGIN,0,0,1,1,1,1,0,0.0,,,,,0.0,1591,1524,,0,0,FAIL
17312.753,3,FAIL,0,0,NO_ORIGIN,0,0,1,1,1,1,0,0.0,,,,,0.0,1591,1524,,0,0,FAIL
17312.803,3,FAIL,0,0,NO_ORIGIN,0,0,1,1,1,1,0,0.0,,,,,0.0,1591,1524,,0,0,FAIL
17312.853,3,FAIL,0,0,NO_ORIGIN,0,0,1,1,1,1,0,0.0,,,,,0.0,1591,1524,,0,0,FAIL
17312.903,3,FAIL,0,0,NO_ORIGIN,0,0,1,1,1,1,0,0.0,,,,,0.0,1591,1524,,0,0,FAIL
17312.953,3,FAIL,0,0,NO_ORIGIN,0,0,1,1,1,1,0,0.0,,,,,0.0,1591,1524,,0,0,FAIL
17313.003,3,FAIL,0,0,NO_ORIGIN,0,0,1,1,1,1,0,0.0,,,,,0.0,1591,1524,,0,0,FAIL
17313.053,3,FAIL,0,0,NO_ORIGIN,0,0,1,1,1,1,0,0.0,,,,,0.0,1591,1524,,0,0,FAIL
17313.103,3,FAIL,0,0,NO_ORIGIN,0,0,1,1,1,1,0,0.0,,,,,0.0,1591,1524,,0,0,FAIL
17313.154,3,FAIL,0,0,NO_ORIGIN,0,0,1,1,1,1,0,0.0,,,,,0.0,1591,1524,,0,0,FAIL
17313.204,3,FAIL,0,0,NO_ORIGIN,0,0,1,1,1,1,0,0.0,,,,,0.0,1591,1524,,0,0,FAIL
17313.254,3,FAIL,0,0,NO_ORIGIN,0,0,1,1,1,1,0,0.0,,,,,0.0,1591,1524,,0,0,FAIL
17313.304,3,FAIL,0,0,NO_ORIGIN,0,0,1,1,1,1,0,0.0,,,,,0.0,1591,1524,,0,0,FAIL
17313.354,3,FAIL,0,0,NO_ORIGIN,0,0,1,1,1,1,0,0.0,,,,,0.0,1591,1524,,0,0,FAIL
17313.404,3,FAIL,0,0,NO_ORIGIN,0,0,1,1,1,1,0,0.0,,,,,0.0,1591,1524,,0,0,FAIL
17313.454,3,FAIL,0,0,NO_ORIGIN,0,0,1,1,1,1,0,0.0,,,,,0.0,1591,1524,,0,0,FAIL
17313.504,3,FAIL,0,0,NO_ORIGIN,0,0,1,1,1,1,0,0.0,,,,,0.0,1591,1524,,0,0,FAIL
17313.555,3,FAIL,0,0,NO_ORIGIN,0,0,1,1,1,1,0,0.0,,,,,0.0,1591,1524,,0,0,FAIL
17313.605,3,FAIL,0,0,NO_ORIGIN,0,0,1,1,1,1,0,0.0,,,,,0.0,1591,1524,,0,0,FAIL
17313.655,3,FAIL,0,0,NO_ORIGIN,0,0,1,1,1,1,0,0.0,,,,,0.0,1591,1524,,0,0,FAIL
17313.705,3,FAIL,0,0,NO_ORIGIN,0,0,1,1,1,1,0,0.0,,,,,0.0,1591,1524,,0,0,FAIL
17313.755,3,FAIL,0,0,NO_ORIGIN,0,0,1,1,1,1,0,0.0,,,,,0.0,1591,1524,,0,0,FAIL
17313.805,3,FAIL,0,0,NO_ORIGIN,0,0,1,1,1,1,0,0.0,,,,,0.0,1591,1524,,0,0,FAIL
17313.856,3,FAIL,0,0,NO_ORIGIN,0,0,1,1,1,1,0,0.0,,,,,0.0,1591,1524,,0,0,FAIL
17313.906,3,FAIL,0,0,NO_ORIGIN,0,0,1,1,1,1,0,0.0,,,,,0.0,1591,1524,,0,0,FAIL
17313.956,3,FAIL,0,0,NO_ORIGIN,0,0,1,1,1,1,0,0.0,,,,,0.0,1591,1524,,0,0,FAIL
17314.006,3,FAIL,0,0,NO_ORIGIN,0,0,1,1,1,1,0,0.0,,,,,0.0,1591,1524,,0,0,FAIL
17314.056,3,FAIL,0,0,NO_ORIGIN,0,0,1,1,1,1,0,0.0,,,,,0.0,1591,1524,,0,0,FAIL
17314.106,3,FAIL,0,0,NO_ORIGIN,0,0,1,1,1,1,0,0.0,,,,,0.0,1591,1524,,0,0,FAIL
17314.156,3,FAIL,0,0,NO_ORIGIN,0,0,1,1,1,1,0,0.0,,,,,0.0,1591,1524,,0,0,FAIL
17314.206,3,FAIL,0,0,NO_ORIGIN,0,0,1,1,1,1,0,0.0,,,,,0.0,1591,1524,,0,0,FAIL
17314.256,3,FAIL,0,0,NO_ORIGIN,0,0,1,1,1,1,0,0.0,,,,,0.0,1591,1524,,0,0,FAIL
17314.307,3,FAIL,0,0,NO_ORIGIN,0,0,1,1,1,1,0,0.0,,,,,0.0,1591,1524,,0,0,FAIL
17314.357,3,FAIL,0,0,NO_ORIGIN,0,0,1,1,1,1,0,0.0,,,,,0.0,1591,1524,,0,0,FAIL
17314.407,3,FAIL,0,0,NO_ORIGIN,0,0,1,1,1,1,0,0.0,,,,,0.0,1591,1524,,0,0,FAIL
17314.457,3,FAIL,0,0,NO_ORIGIN,0,0,1,1,1,1,0,0.0,,,,,0.0,1591,1524,,0,0,FAIL
17314.507,3,FAIL,0,0,NO_ORIGIN,0,0,1,1,1,1,0,0.0,,,,,0.0,1591,1524,,0,0,FAIL
17314.557,3,FAIL,0,0,NO_ORIGIN,0,0,1,1,1,1,0,0.0,,,,,0.0,1591,1524,,0,0,FAIL
17314.607,3,FAIL,0,0,NO_ORIGIN,0,0,1,1,1,1,0,0.0,,,,,0.0,1591,1524,,0,0,FAIL
17314.657,3,FAIL,0,0,NO_ORIGIN,0,0,1,1,1,1,0,0.0,,,,,0.0,1591,1524,,0,0,FAIL
17314.707,3,FAIL,0,0,NO_ORIGIN,0,0,1,1,1,1,0,0.0,,,,,0.0,1591,1524,,0,0,FAIL
17314.758,3,FAIL,0,0,NO_ORIGIN,0,0,1,1,1,1,0,0.0,,,,,0.0,1591,1524,,0,0,FAIL
17314.808,3,FAIL,0,0,NO_ORIGIN,0,0,1,1,1,1,0,0.0,,,,,0.0,1591,1524,,0,0,FAIL
17314.858,3,FAIL,0,0,NO_ORIGIN,0,0,1,1,1,1,0,0.0,,,,,0.0,1591,1524,,0,0,FAIL
17314.908,3,FAIL,0,0,NO_ORIGIN,0,0,1,1,1,1,0,0.0,,,,,0.0,1591,1524,,0,0,FAIL
17314.958,3,FAIL,0,0,NO_ORIGIN,0,0,1,1,1,1,0,0.0,,,,,0.0,1591,1524,,0,0,FAIL
17315.008,3,FAIL,0,0,NO_ORIGIN,0,0,1,1,1,1,0,0.0,,,,,0.0,1591,1524,,0,0,FAIL
17315.058,3,FAIL,0,0,NO_ORIGIN,0,0,1,1,1,1,0,0.0,,,,,0.0,1591,1524,,0,0,FAIL
17315.108,3,FAIL,0,0,NO_ORIGIN,0,0,1,1,1,1,0,0.0,,,,,0.0,1591,1524,,0,0,FAIL
17315.159,3,FAIL,0,0,NO_ORIGIN,0,0,1,1,1,1,0,0.0,,,,,0.0,1591,1524,,0,0,FAIL
17315.209,3,FAIL,0,0,NO_ORIGIN,0,0,1,1,1,1,0,0.0,,,,,0.0,1591,1524,,0,0,FAIL
17315.259,3,FAIL,0,0,NO_ORIGIN,0,0,1,1,1,1,0,0.0,,,,,0.0,1591,1524,,0,0,FAIL
17315.309,3,FAIL,0,0,NO_ORIGIN,0,0,1,1,1,1,0,0.0,,,,,0.0,1591,1524,,0,0,FAIL
17315.359,3,FAIL,0,0,NO_ORIGIN,0,0,1,1,1,1,0,0.0,,,,,0.0,1591,1524,,0,0,FAIL
17315.409,3,FAIL,0,0,NO_ORIGIN,0,0,1,1,1,1,0,0.0,,,,,0.0,1591,1524,,0,0,FAIL
17315.459,3,FAIL,0,0,NO_ORIGIN,0,0,1,1,1,1,0,0.0,,,,,0.0,1591,1524,,0,0,FAIL
17315.509,3,FAIL,0,0,NO_ORIGIN,0,0,1,1,1,1,0,0.0,,,,,0.0,1591,1524,,0,0,FAIL
17315.559,3,FAIL,0,0,NO_ORIGIN,0,0,1,1,1,1,0,0.0,,,,,0.0,1591,1524,,0,0,FAIL
17315.61,3,FAIL,0,0,NO_ORIGIN,0,0,1,1,1,1,0,0.0,,,,,0.0,1591,1524,,0,0,FAIL
17315.66,3,FAIL,0,0,NO_ORIGIN,0,0,1,1,1,1,0,0.0,,,,,0.0,1591,1524,,0,0,FAIL
17315.71,3,FAIL,0,0,NO_ORIGIN,0,0,1,1,1,1,0,0.0,,,,,0.0,1591,1524,,0,0,FAIL
17315.76,3,FAIL,0,0,NO_ORIGIN,0,0,1,1,1,1,0,0.0,,,,,0.0,1591,1524,,0,0,FAIL
17315.81,3,FAIL,0,0,NO_ORIGIN,0,0,1,1,1,1,0,0.0,,,,,0.0,1591,1524,,0,0,FAIL
17315.86,3,FAIL,0,0,NO_ORIGIN,0,0,1,1,1,1,0,0.0,,,,,0.0,1591,1524,,0,0,FAIL
17315.91,3,FAIL,0,0,NO_ORIGIN,0,0,1,1,1,1,0,0.0,,,,,0.0,1591,1524,,0,0,FAIL
17315.96,3,FAIL,0,0,NO_ORIGIN,0,0,1,1,1,1,0,0.0,,,,,0.0,1591,1524,,0,0,FAIL
17316.01,3,FAIL,0,0,NO_ORIGIN,0,0,1,1,1,1,0,0.0,,,,,0.0,1591,1524,,0,0,FAIL
17316.061,3,FAIL,0,0,NO_ORIGIN,0,0,1,1,1,1,0,0.0,,,,,0.0,1591,1524,,0,0,FAIL
17316.111,3,FAIL,0,0,NO_ORIGIN,0,0,1,1,1,1,0,0.0,,,,,0.0,1591,1524,,0,0,FAIL
17316.161,3,FAIL,0,0,NO_ORIGIN,0,0,1,1,1,1,0,0.0,,,,,0.0,1591,1524,,0,0,FAIL
17316.211,3,FAIL,0,0,NO_ORIGIN,0,0,1,1,1,1,0,0.0,,,,,0.0,1591,1524,,0,0,FAIL
17316.261,3,FAIL,0,0,NO_ORIGIN,0,0,1,1,1,1,0,0.0,,,,,0.0,1591,1524,,0,0,FAIL
17316.312,3,FAIL,0,0,NO_ORIGIN,0,0,1,1,1,1,0,0.0,,,,,0.0,1591,1524,,0,0,FAIL
17316.362,3,FAIL,0,0,NO_ORIGIN,0,0,1,1,1,1,0,0.0,,,,,0.0,1591,1524,,0,0,FAIL
17316.412,3,FAIL,0,0,NO_ORIGIN,0,0,1,1,1,1,0,0.0,,,,,0.0,1591,1524,,0,0,FAIL
17316.462,3,FAIL,0,0,NO_ORIGIN,0,0,1,1,1,1,0,0.0,,,,,0.0,1591,1524,,0,0,FAIL
17316.513,3,FAIL,0,0,NO_ORIGIN,0,0,1,1,1,1,0,0.0,,,,,0.0,1591,1524,,0,0,FAIL
17316.563,3,FAIL,0,0,NO_ORIGIN,0,0,1,1,1,1,0,0.0,,,,,0.0,1591,1524,,0,0,FAIL
17316.613,3,FAIL,0,0,NO_ORIGIN,0,0,1,1,1,1,0,0.0,,,,,0.0,1591,1524,,0,0,FAIL
17316.663,3,FAIL,0,0,NO_ORIGIN,0,0,1,1,1,1,0,0.0,,,,,0.0,1591,1524,,0,0,FAIL
17316.713,3,FAIL,0,0,NO_ORIGIN,0,0,1,1,1,1,0,0.0,,,,,0.0,1591,1524,,0,0,FAIL
17316.763,3,FAIL,0,0,NO_ORIGIN,0,0,1,1,1,1,0,0.0,,,,,0.0,1591,1524,,0,0,FAIL
17316.814,3,FAIL,0,0,NO_ORIGIN,0,0,1,1,1,1,0,0.0,,,,,0.0,1591,1524,,0,0,FAIL
17316.864,3,FAIL,0,0,NO_ORIGIN,0,0,1,1,1,1,0,0.0,,,,,0.0,1591,1524,,0,0,FAIL
17316.914,3,FAIL,0,0,NO_ORIGIN,0,0,1,1,1,1,0,0.0,,,,,0.0,1591,1524,,0,0,FAIL
17316.964,3,FAIL,0,0,NO_ORIGIN,0,0,1,1,1,1,0,0.0,,,,,0.0,1591,1524,,0,0,FAIL
17317.014,3,FAIL,0,0,NO_ORIGIN,0,0,1,1,1,1,0,0.0,,,,,0.0,1591,1524,,0,0,FAIL
17317.064,3,FAIL,0,0,NO_ORIGIN,0,0,1,1,1,1,0,0.0,,,,,0.0,1591,1524,,0,0,FAIL
17317.115,3,FAIL,0,0,NO_ORIGIN,0,0,1,1,1,1,0,0.0,,,,,0.0,1591,1524,,0,0,FAIL
17317.165,3,FAIL,0,0,NO_ORIGIN,0,0,1,1,1,1,0,0.0,,,,,0.0,1591,1524,,0,0,FAIL
17317.215,3,FAIL,0,0,NO_ORIGIN,0,0,1,1,1,1,0,0.0,,,,,0.0,1591,1524,,0,0,FAIL
17317.265,3,FAIL,0,0,NO_ORIGIN,0,0,1,1,1,1,0,0.0,,,,,0.0,1591,1524,,0,0,FAIL
17317.315,3,FAIL,0,0,NO_ORIGIN,0,0,1,1,1,1,0,0.0,,,,,0.0,1591,1524,,0,0,FAIL
17317.366,3,FAIL,0,0,NO_ORIGIN,0,0,1,1,1,1,0,0.0,,,,,0.0,1591,1524,,0,0,FAIL
17317.416,3,FAIL,0,0,NO_ORIGIN,0,0,1,1,1,1,0,0.0,,,,,0.0,1591,1524,,0,0,FAIL
17317.466,3,FAIL,0,0,NO_ORIGIN,0,0,1,1,1,1,0,0.0,,,,,0.0,1591,1524,,0,0,FAIL
17317.516,3,FAIL,0,0,NO_ORIGIN,0,0,1,1,1,1,0,0.0,,,,,0.0,1591,1524,,0,0,FAIL
17317.566,3,FAIL,0,0,NO_ORIGIN,0,0,1,1,1,1,0,0.0,,,,,0.0,1591,1524,,0,0,FAIL
17317.616,3,FAIL,0,0,NO_ORIGIN,0,0,1,1,1,1,0,0.0,,,,,0.0,1591,1524,,0,0,FAIL
17317.666,3,FAIL,0,0,NO_ORIGIN,0,0,1,1,1,1,0,0.0,,,,,0.0,1591,1524,,0,0,FAIL
17317.716,3,FAIL,0,0,NO_ORIGIN,0,0,1,1,1,1,0,0.0,,,,,0.0,1591,1524,,0,0,FAIL
17317.767,3,FAIL,0,0,NO_ORIGIN,0,0,1,1,1,1,0,0.0,,,,,0.0,1591,1524,,0,0,FAIL
17317.817,3,FAIL,0,0,NO_ORIGIN,0,0,1,1,1,1,0,0.0,,,,,0.0,1591,1524,,0,0,FAIL
17317.867,3,FAIL,0,0,NO_ORIGIN,0,0,1,1,1,1,0,0.0,,,,,0.0,1591,1524,,0,0,FAIL
17317.917,3,FAIL,0,0,NO_ORIGIN,0,0,1,1,1,1,0,0.0,,,,,0.0,1591,1524,,0,0,FAIL
17317.967,3,FAIL,0,0,NO_ORIGIN,0,0,1,1,1,1,0,0.0,,,,,0.0,1591,1524,,0,0,FAIL
17318.017,3,FAIL,0,0,NO_ORIGIN,0,0,1,1,1,1,0,0.0,,,,,0.0,1591,1524,,0,0,FAIL
17318.067,3,FAIL,0,0,NO_ORIGIN,0,0,1,1,1,1,0,0.0,,,,,0.0,1591,1524,,0,0,FAIL
17318.118,3,FAIL,0,0,NO_ORIGIN,0,0,1,1,1,1,0,0.0,,,,,0.0,1591,1524,,0,0,FAIL
17318.168,3,FAIL,0,0,NO_ORIGIN,0,0,1,1,1,1,0,0.0,,,,,0.0,1591,1524,,0,0,FAIL
17318.218,3,FAIL,0,0,NO_ORIGIN,0,0,1,1,1,1,0,0.0,,,,,0.0,1591,1524,,0,0,FAIL
17318.268,3,FAIL,0,0,NO_ORIGIN,0,0,1,1,1,1,0,0.0,,,,,0.0,1591,1524,,0,0,FAIL
17318.318,3,FAIL,0,0,NO_ORIGIN,0,0,1,1,1,1,0,0.0,,,,,0.0,1591,1524,,0,0,FAIL
17318.369,3,FAIL,0,0,NO_ORIGIN,0,0,1,1,1,1,0,0.0,,,,,0.0,1591,1524,,0,0,FAIL
17318.419,3,FAIL,0,0,NO_ORIGIN,0,0,1,1,1,1,0,0.0,,,,,0.0,1591,1524,,0,0,FAIL
17318.469,3,FAIL,0,0,NO_ORIGIN,0,0,1,1,1,1,0,0.0,,,,,0.0,1591,1524,,0,0,FAIL
17318.519,3,FAIL,0,0,NO_ORIGIN,0,0,1,1,1,1,0,0.0,,,,,0.0,1591,1524,,0,0,FAIL
17318.57,3,FAIL,0,0,NO_ORIGIN,0,0,1,1,1,1,0,0.0,,,,,0.0,1591,1524,,0,0,FAIL
17318.62,3,FAIL,0,0,NO_ORIGIN,0,0,1,1,1,1,0,0.0,,,,,0.0,1591,1524,,0,0,FAIL
17318.67,3,FAIL,0,0,NO_ORIGIN,0,0,1,1,1,1,0,0.0,,,,,0.0,1591,1524,,0,0,FAIL
17318.72,3,FAIL,0,0,NO_ORIGIN,0,0,1,1,1,1,0,0.0,,,,,0.0,1591,1524,,0,0,FAIL
17318.77,3,FAIL,0,0,NO_ORIGIN,0,0,1,1,1,1,0,0.0,,,,,0.0,1591,1524,,0,0,FAIL
17318.82,3,FAIL,0,0,NO_ORIGIN,0,0,1,1,1,1,0,0.0,,,,,0.0,1591,1524,,0,0,FAIL
17318.87,3,FAIL,0,0,NO_ORIGIN,0,0,1,1,1,1,0,0.0,,,,,0.0,1591,1524,,0,0,FAIL
17318.92,3,FAIL,0,0,NO_ORIGIN,0,0,1,1,1,1,0,0.0,,,,,0.0,1591,1524,,0,0,FAIL
17318.971,3,FAIL,0,0,NO_ORIGIN,0,0,1,1,1,1,0,0.0,,,,,0.0,1591,1524,,0,0,FAIL
17319.021,3,FAIL,0,0,NO_ORIGIN,0,0,1,1,1,1,0,0.0,,,,,0.0,1591,1524,,0,0,FAIL
17319.071,3,FAIL,0,0,NO_ORIGIN,0,0,1,1,1,1,0,0.0,,,,,0.0,1591,1524,,0,0,FAIL
17319.121,3,FAIL,0,0,NO_ORIGIN,0,0,1,1,1,1,0,0.0,,,,,0.0,1591,1524,,0,0,FAIL
17319.171,3,FAIL,0,0,NO_ORIGIN,0,0,1,1,1,1,0,0.0,,,,,0.0,1591,1524,,0,0,FAIL
17319.221,3,FAIL,0,0,NO_ORIGIN,0,0,1,1,1,1,0,0.0,,,,,0.0,1591,1524,,0,0,FAIL
17319.272,3,FAIL,0,0,NO_ORIGIN,0,0,1,1,1,1,0,0.0,,,,,0.0,1591,1524,,0,0,FAIL
17319.322,3,FAIL,0,0,NO_ORIGIN,0,0,1,1,1,1,0,0.0,,,,,0.0,1591,1524,,0,0,FAIL
17319.372,3,FAIL,0,0,NO_ORIGIN,0,0,1,1,1,1,0,0.0,,,,,0.0,1591,1524,,0,0,FAIL
17319.422,3,FAIL,0,0,NO_ORIGIN,0,0,1,1,1,1,0,0.0,,,,,0.0,1591,1524,,0,0,FAIL
17319.472,3,FAIL,0,0,NO_ORIGIN,0,0,1,1,1,1,0,0.0,,,,,0.0,1591,1524,,0,0,FAIL
17319.522,3,FAIL,0,0,NO_ORIGIN,0,0,1,1,1,1,0,0.0,,,,,0.0,1591,1524,,0,0,FAIL
17319.572,3,FAIL,0,0,NO_ORIGIN,0,0,1,1,1,1,0,0.0,,,,,0.0,1591,1524,,0,0,FAIL
17319.622,3,FAIL,0,0,NO_ORIGIN,0,0,1,1,1,1,0,0.0,,,,,0.0,1591,1524,,0,0,FAIL
17319.672,3,FAIL,0,0,NO_ORIGIN,0,0,1,1,1,1,0,0.0,,,,,0.0,1591,1524,,0,0,FAIL
17319.723,3,FAIL,0,0,NO_ORIGIN,0,0,1,1,1,1,0,0.0,,,,,0.0,1591,1524,,0,0,FAIL
17319.773,3,FAIL,0,0,NO_ORIGIN,0,0,1,1,1,1,0,0.0,,,,,0.0,1591,1524,,0,0,FAIL
17319.823,3,FAIL,0,0,NO_ORIGIN,0,0,1,1,1,1,0,0.0,,,,,0.0,1591,1524,,0,0,FAIL
17319.873,3,FAIL,0,0,NO_ORIGIN,0,0,1,1,1,1,0,0.0,,,,,0.0,1591,1524,,0,0,FAIL
17319.923,3,FAIL,0,0,NO_ORIGIN,0,0,1,1,1,1,0,0.0,,,,,0.0,1591,1524,,0,0,FAIL
17319.973,3,FAIL,0,0,NO_ORIGIN,0,0,1,1,1,1,0,0.0,,,,,0.0,1591,1524,,0,0,FAIL
17320.024,3,FAIL,0,0,NO_ORIGIN,0,0,1,1,1,1,0,0.0,,,,,0.0,1591,1524,,0,0,FAIL
17320.074,3,FAIL,0,0,NO_ORIGIN,0,0,1,1,1,1,0,0.0,,,,,0.0,1591,1524,,0,0,FAIL
17320.124,3,FAIL,0,0,NO_ORIGIN,0,0,1,1,1,1,0,0.0,,,,,0.0,1591,1524,,0,0,FAIL
17320.174,3,FAIL,0,0,NO_ORIGIN,0,0,1,1,1,1,0,0.0,,,,,0.0,1591,1524,,0,0,FAIL
17320.224,3,FAIL,0,0,NO_ORIGIN,0,0,1,1,1,1,0,0.0,,,,,0.0,1591,1524,,0,0,FAIL
17320.275,3,FAIL,0,0,NO_ORIGIN,0,0,1,1,1,1,0,0.0,,,,,0.0,1591,1524,,0,0,FAIL
17320.325,3,FAIL,0,0,NO_ORIGIN,0,0,1,1,1,1,0,0.0,,,,,0.0,1591,1524,,0,0,FAIL
17320.376,3,FAIL,0,0,NO_ORIGIN,0,0,1,1,1,1,0,0.0,,,,,0.0,1591,1524,,0,0,FAIL
17320.426,3,FAIL,0,0,NO_ORIGIN,0,0,1,1,1,1,0,0.0,,,,,0.0,1591,1524,,0,0,FAIL
17320.476,3,FAIL,0,0,NO_ORIGIN,0,0,1,1,1,1,0,0.0,,,,,0.0,1591,1524,,0,0,FAIL
17320.526,3,FAIL,0,0,NO_ORIGIN,0,0,1,1,1,1,0,0.0,,,,,0.0,1591,1524,,0,0,FAIL
17320.576,3,FAIL,0,0,NO_ORIGIN,0,0,1,1,1,1,0,0.0,,,,,0.0,1591,1524,,0,0,FAIL
17320.626,3,FAIL,0,0,NO_ORIGIN,0,0,1,1,1,1,0,0.0,,,,,0.0,1591,1524,,0,0,FAIL
17320.677,3,FAIL,0,0,NO_ORIGIN,0,0,1,1,1,1,0,0.0,,,,,0.0,1591,1524,,0,0,FAIL
17320.727,3,FAIL,0,0,NO_ORIGIN,0,0,1,1,1,1,0,0.0,,,,,0.0,1591,1524,,0,0,FAIL
17320.777,3,FAIL,0,0,NO_ORIGIN,0,0,1,1,1,1,0,0.0,,,,,0.0,1591,1524,,0,0,FAIL
17320.827,3,FAIL,0,0,NO_ORIGIN,0,0,1,1,1,1,0,0.0,,,,,0.0,1591,1524,,0,0,FAIL
17320.877,3,FAIL,0,0,NO_ORIGIN,0,0,1,1,1,1,0,0.0,,,,,0.0,1591,1524,,0,0,FAIL
17320.927,3,FAIL,0,0,NO_ORIGIN,0,0,1,1,1,1,0,0.0,,,,,0.0,1591,1524,,0,0,FAIL
17320.977,3,FAIL,0,0,NO_ORIGIN,0,0,1,1,1,1,0,0.0,,,,,0.0,1591,1524,,0,0,FAIL
17321.028,3,FAIL,0,0,NO_ORIGIN,0,0,1,1,1,1,0,0.0,,,,,0.0,1591,1524,,0,0,FAIL
17321.078,3,FAIL,0,0,NO_ORIGIN,0,0,1,1,1,1,0,0.0,,,,,0.0,1591,1524,,0,0,FAIL
17321.128,3,DR_M_GBA_CLOSED,1,1,OK,1,0,1,1,1,1,1,1.0,0.0,0.0,7.0,52.06,-50.0,1524,1458,LATE_GPS,0,0,DR_TRACKING_CLOSED
17321.178,3,DR_M_GBA_CLOSED,1,1,OK,1,0,1,1,1,1,1,1.0,0.0,0.0,7.0,53.32,-50.0,1491,1424,LATE_GPS,0,0,DR_TRACKING_CLOSED
17321.228,3,DR_M_GBA_CLOSED,1,1,OK,1,0,1,1,1,1,1,1.0,0.0,0.0,7.0,48.77,-50.0,1457,1391,LATE_GPS,0,0,DR_TRACKING_CLOSED
17321.278,3,DR_M_GBA_CLOSED,1,1,OK,1,0,1,1,1,1,1,1.0,0.0,0.0,5.433,40.31,-38.657,1424,1357,LATE_GPS,0,0,DR_TRACKING_CLOSED
17321.328,3,DR_M_GBA_CLOSED,1,1,OK,1,0,1,1,1,1,1,1.0,0.0,0.0,5.432,61.8,-48.642,1390,1324,LATE_GPS,0,0,DR_TRACKING_CLOSED
17321.379,3,DR_M_GBA_CLOSED,1,1,OK,1,0,1,1,1,1,1,1.0,0.0,0.0,5.438,64.24,-49.411,1357,1291,LATE_GPS,0,0,DR_TRACKING_CLOSED
17321.429,3,DR_M_GBA_CLOSED,1,1,OK,1,0,1,1,1,1,1,1.0,0.0,0.0,5.433,66.67,-50.0,1323,1257,LATE_GPS,0,0,DR_TRACKING_CLOSED
17321.479,3,DR_M_GBA_CLOSED,1,1,OK,1,0,1,1,1,1,1,1.0,0.0,0.0,0.836,69.13,-7.776,1357,1291,LATE_GPS,0,0,DR_TRACKING_CLOSED
17321.529,3,DR_M_GBA_CLOSED,1,1,OK,1,0,1,1,1,1,1,1.0,0.0,0.0,0.836,52.99,-6.97,1391,1324,LATE_GPS,0,0,DR_TRACKING_CLOSED
17321.579,3,DR_M_GBA_CLOSED,1,1,OK,1,0,1,1,1,1,1,1.0,0.0,0.0,0.593,59.02,-5.211,1424,1358,LATE_GPS,0,0,DR_TRACKING_CLOSED
17321.63,3,DR_M_GBA_CLOSED,1,1,OK,1,0,1,1,1,1,1,1.0,0.0,0.0,0.585,62.97,-5.276,1390,1324,LATE_GPS,0,0,DR_TRACKING_CLOSED
17321.68,3,DR_M_GBA_CLOSED,1,1,OK,1,0,1,1,1,1,1,1.0,0.0,0.0,0.5,86.01,-4.775,1423,1357,LATE_GPS,0,0,DR_TRACKING_CLOSED
17321.731,3,DR_M_GBA_CLOSED,1,1,OK,1,0,1,1,1,1,1,1.0,0.0,0.0,0.5,91.71,-4.775,1426,1360,LATE_GPS,0,0,DR_TRACKING_CLOSED
17321.781,3,DR_M_GBA_CLOSED,1,1,OK,1,0,1,1,1,1,1,1.0,0.0,0.0,7.0,97.42,-50.0,1392,1326,LATE_GPS,0,0,DR_TRACKING_CLOSED
17321.831,3,DR_M_GBA_CLOSED,1,1,OK,1,0,1,1,1,1,1,1.0,0.0,0.0,7.0,103.12,-50.0,1359,1293,LATE_GPS,0,0,DR_TRACKING_CLOSED
17321.881,3,DR_M_GBA_CLOSED,1,1,OK,1,0,1,1,1,1,1,1.0,0.0,0.0,7.0,106.08,-50.0,1326,1259,LATE_GPS,0,0,DR_TRACKING_CLOSED
17321.931,3,DR_M_GBA_CLOSED,1,1,OK,1,0,1,1,1,1,1,1.0,0.0,0.0,7.0,109.04,-50.0,1292,1226,LATE_GPS,0,0,DR_TRACKING_CLOSED
17321.981,3,DR_M_GBA_CLOSED,1,1,OK,1,0,1,1,1,1,1,1.0,0.0,0.0,7.0,111.99,-50.0,1259,1193,LATE_GPS,0,0,DR_TRACKING_CLOSED
17322.031,3,DR_M_GBA_CLOSED,1,1,OK,1,0,1,1,1,1,1,1.0,0.0,0.0,7.0,114.95,-50.0,1225,1159,LATE_GPS,0,0,DR_TRACKING_CLOSED
17322.081,3,DR_M_GBA_CLOSED,1,1,OK,1,0,1,1,1,1,1,1.0,0.0,0.0,7.0,110.66,-50.0,1215,1149,LATE_GPS,0,0,DR_TRACKING_CLOSED
17322.132,3,DR_M_GBA_CLOSED,1,1,OK,1,0,1,1,1,1,1,1.0,0.0,0.0,7.0,106.38,-50.0,1215,1149,LATE_GPS,0,0,DR_TRACKING_CLOSED
17322.182,3,DR_M_GBA_CLOSED,1,1,OK,1,0,1,1,1,1,1,1.0,0.0,0.0,6.12,102.09,-50.0,1215,1149,LATE_GPS,0,0,DR_TRACKING_CLOSED
17322.232,3,DR_M_GBA_CLOSED,1,1,OK,1,0,1,1,1,1,1,1.0,0.0,0.0,6.12,97.81,-50.0,1215,1149,LATE_GPS,0,0,DR_TRACKING_CLOSED
17322.282,3,DR_M_GBA_CLOSED,1,1,OK,1,0,1,1,1,1,1,1.0,0.0,0.0,4.284,93.52,-40.908,1249,1183,LATE_GPS,0,0,DR_TRACKING_CLOSED
17322.332,3,DR_M_GBA_CLOSED,1,1,OK,1,0,1,1,1,1,1,1.0,0.0,0.0,4.285,94.83,-40.916,1215,1149,LATE_GPS,0,0,DR_TRACKING_CLOSED
17322.382,3,DR_M_GBA_CLOSED,0,0,NAV_INVALID,1,0,1,1,1,1,1,1.0,0.0,0.0,0.498,96.14,0.0,1591,1524,LATE_GPS,0,0,DR_TRACKING_CLOSED
17322.432,3,DR_M_GBA_CLOSED,1,1,OK,1,0,1,1,1,1,1,1.0,0.0,0.0,0.5,97.44,-4.775,1282,1216,LATE_GPS,0,0,DR_TRACKING_CLOSED
17322.482,3,DR_M_GBA_CLOSED,1,1,OK,1,0,1,1,1,1,1,1.0,0.0,0.0,0.5,98.75,-4.775,1316,1249,LATE_GPS,0,0,DR_TRACKING_CLOSED
17322.533,3,DR_M_GBA_CLOSED,1,1,OK,1,0,1,1,1,1,1,1.0,0.0,0.0,0.5,100.06,-4.775,1349,1283,LATE_GPS,0,0,DR_TRACKING_CLOSED
17322.583,3,DR_M_GBA_CLOSED,1,1,OK,1,0,1,1,1,1,1,1.0,0.0,0.0,0.505,101.36,-4.821,1382,1316,LATE_GPS,0,0,DR_TRACKING_CLOSED
17322.633,3,DR_M_GBA_CLOSED,1,1,OK,1,0,1,1,1,1,1,1.0,0.0,0.0,0.5,102.67,-4.775,1416,1350,LATE_GPS,0,0,DR_TRACKING_CLOSED
17322.683,3,DR_M_GBA_CLOSED,1,1,OK,1,0,1,1,1,1,1,1.0,0.0,0.0,0.5,103.98,-4.775,1449,1383,LATE_GPS,0,0,DR_TRACKING_CLOSED
17322.733,3,DR_M_GBA_CLOSED,1,1,OK,1,0,1,1,1,1,1,1.0,0.0,0.0,0.5,105.28,-4.775,1483,1416,LATE_GPS,0,0,DR_TRACKING_CLOSED
17322.783,3,DR_M_GBA_CLOSED,1,1,OK,1,0,1,1,1,1,1,1.0,0.0,0.0,3.777,106.59,-36.063,1449,1383,LATE_GPS,0,0,DR_TRACKING_CLOSED
17322.833,3,DR_M_GBA_CLOSED,1,1,OK,1,0,1,1,1,1,1,1.0,0.0,0.0,3.784,108.35,-36.135,1416,1350,LATE_GPS,0,0,DR_TRACKING_CLOSED
17322.883,3,DR_M_GBA_CLOSED,1,1,OK,1,0,1,1,1,1,1,1.0,0.0,0.0,2.644,110.1,-25.244,1382,1316,LATE_GPS,0,0,DR_TRACKING_CLOSED
17322.934,3,DR_M_GBA_CLOSED,1,1,OK,1,0,1,1,1,1,1,1.0,0.0,0.0,2.644,111.86,-25.244,1349,1283,LATE_GPS,0,0,DR_TRACKING_CLOSED
17322.984,3,DR_M_GBA_CLOSED,1,1,OK,1,0,1,1,1,1,1,1.0,0.0,0.0,2.33,113.61,-22.248,1369,1303,LATE_GPS,0,0,DR_TRACKING_CLOSED
17323.034,3,DR_M_GBA_CLOSED,1,1,OK,1,0,1,1,1,1,1,1.0,0.0,0.0,2.33,115.37,-22.248,1369,1303,LATE_GPS,0,0,DR_TRACKING_CLOSED
17323.084,3,DR_M_GBA_CLOSED,1,1,OK,1,0,1,1,1,1,1,1.0,0.0,0.0,7.0,117.13,-50.0,1336,1270,LATE_GPS,0,0,DR_TRACKING_CLOSED
17323.134,3,DR_M_GBA_CLOSED,1,1,OK,1,0,1,1,1,1,1,1.0,0.0,0.0,7.0,118.88,-50.0,1303,1236,LATE_GPS,0,0,DR_TRACKING_CLOSED
17323.184,3,DR_M_GBA_CLOSED,1,1,OK,1,0,1,1,1,1,1,1.0,0.0,0.0,7.0,120.64,-50.0,1269,1203,LATE_GPS,0,0,DR_TRACKING_CLOSED
17323.234,3,DR_M_GBA_CLOSED,1,1,OK,1,0,1,1,1,1,1,1.0,0.0,0.0,7.0,123.18,-50.0,1236,1170,LATE_GPS,0,0,DR_TRACKING_CLOSED
17323.284,3,DR_M_GBA_CLOSED,1,1,OK,1,0,1,1,1,1,1,1.0,0.0,0.0,7.0,125.72,-50.0,1202,1136,LATE_GPS,0,0,DR_TRACKING_CLOSED
17323.335,3,DR_M_GBA_CLOSED,1,1,OK,1,0,1,1,1,1,1,1.0,0.0,0.0,7.0,128.26,-50.0,1169,1103,LATE_GPS,0,0,DR_TRACKING_CLOSED
17323.385,3,DR_M_GBA_CLOSED,1,1,OK,1,0,1,1,1,1,1,1.0,0.0,0.0,6.518,130.8,-50.0,1136,1069,LATE_GPS,0,0,DR_TRACKING_CLOSED
17323.435,3,DR_M_GBA_CLOSED,1,1,OK,1,0,1,1,1,1,1,1.0,0.0,0.0,6.518,133.34,-50.0,1102,1036,LATE_GPS,0,0,DR_TRACKING_CLOSED
17323.485,3,DR_M_GBA_CLOSED,1,1,OK,1,0,1,1,1,1,1,1.0,0.0,0.0,7.0,134.44,-50.0,1069,1002,LATE_GPS,0,0,DR_TRACKING_CLOSED
17323.535,3,DR_M_GBA_CLOSED,1,1,OK,1,0,1,1,1,1,1,1.0,0.0,0.0,7.0,135.54,-50.0,1066,1000,LATE_GPS,0,0,DR_TRACKING_CLOSED
17323.585,3,DR_M_GBA_CLOSED,1,1,OK,1,0,1,1,1,1,1,1.0,0.0,0.0,5.698,136.64,-50.0,1066,1000,LATE_GPS,0,0,DR_TRACKING_CLOSED
17323.635,3,DR_M_GBA_CLOSED,1,1,OK,1,0,1,1,1,1,1,1.0,0.0,0.0,5.698,137.74,-50.0,1066,1000,LATE_GPS,0,0,DR_TRACKING_CLOSED
17323.685,3,DR_M_GBA_CLOSED,1,1,OK,1,0,1,1,1,1,1,1.0,0.0,0.0,3.989,138.84,-38.088,1100,1033,LATE_GPS,0,0,DR_TRACKING_CLOSED
17323.736,3,DR_M_GBA_CLOSED,1,1,OK,1,0,1,1,1,1,1,1.0,0.0,0.0,3.989,143.49,-38.088,1119,1053,LATE_GPS,0,0,DR_TRACKING_CLOSED
17323.786,3,DR_M_GBA_CLOSED,1,1,OK,1,0,1,1,1,1,1,1.0,0.0,0.0,3.989,148.15,-38.088,1119,1053,LATE_GPS,0,0,DR_TRACKING_CLOSED
17323.836,3,DR_M_GBA_CLOSED,1,1,OK,1,0,1,1,1,1,1,1.0,0.0,0.0,3.989,152.8,-38.088,1119,1053,LATE_GPS,0,0,DR_TRACKING_CLOSED
17323.886,3,DR_M_GBA_CLOSED,1,1,OK,1,0,1,1,1,1,1,1.0,0.0,0.0,2.792,157.45,-26.662,1153,1086,LATE_GPS,0,0,DR_TRACKING_CLOSED
17323.936,3,DR_M_GBA_CLOSED,1,1,OK,1,0,1,1,1,1,1,1.0,0.0,0.0,2.787,156.76,-26.614,1186,1120,LATE_GPS,0,0,DR_TRACKING_CLOSED
17323.986,3,DR_M_GBA_CLOSED,1,1,OK,1,0,1,1,1,1,1,1.0,0.0,0.0,7.0,156.07,-50.0,1153,1086,LATE_GPS,0,0,DR_TRACKING_CLOSED
17324.036,3,DR_M_GBA_CLOSED,1,1,OK,1,0,1,1,1,1,1,1.0,0.0,0.0,7.0,155.38,-50.0,1119,1053,LATE_GPS,0,0,DR_TRACKING_CLOSED
17324.087,3,DR_M_GBA_CLOSED,1,1,OK,1,0,1,1,1,1,1,1.0,0.0,0.0,7.0,154.69,-50.0,1116,1050,LATE_GPS,0,0,DR_TRACKING_CLOSED
17324.137,3,DR_M_GBA_CLOSED,1,1,OK,1,0,1,1,1,1,1,1.0,0.0,0.0,7.0,154.0,-50.0,1116,1050,LATE_GPS,0,0,DR_TRACKING_CLOSED
17324.187,3,DR_M_GBA_CLOSED,1,1,OK,1,0,1,1,1,1,1,1.0,0.0,0.0,6.769,153.31,-50.0,1116,1050,LATE_GPS,0,0,DR_TRACKING_CLOSED
17324.237,3,DR_M_GBA_CLOSED,1,1,OK,1,0,1,1,1,1,1,1.0,0.0,0.0,6.769,151.78,-50.0,1139,1073,LATE_GPS,0,0,DR_TRACKING_CLOSED
17324.287,3,DR_M_GBA_CLOSED,0,0,NAV_INVALID,1,0,1,1,1,1,1,1.0,0.0,0.0,0.491,150.25,0.0,1591,1524,LATE_GPS,0,0,DR_TRACKING_CLOSED
17324.337,3,DR_M_GBA_CLOSED,1,1,OK,1,0,1,1,1,1,1,1.0,0.0,0.0,0.5,148.72,-4.775,1206,1140,LATE_GPS,0,0,DR_TRACKING_CLOSED
17324.387,3,DR_M_GBA_CLOSED,0,0,NAV_INVALID,1,0,1,1,1,1,1,1.0,0.0,0.0,0.493,147.19,0.0,1591,1524,LATE_GPS,0,0,DR_TRACKING_CLOSED
17324.437,3,DR_M_GBA_CLOSED,0,0,NAV_INVALID,1,0,1,1,1,1,1,1.0,0.0,0.0,0.492,145.66,0.0,1591,1524,LATE_GPS,0,0,DR_TRACKING_CLOSED
17324.488,3,DR_M_GBA_CLOSED,1,1,OK,1,0,1,1,1,1,1,1.0,0.0,0.0,7.0,144.13,-50.0,1139,1073,LATE_GPS,0,0,DR_TRACKING_CLOSED
17324.538,3,DR_M_GBA_CLOSED,1,1,OK,1,0,1,1,1,1,1,1.0,0.0,0.0,7.0,142.6,-50.0,1139,1073,LATE_GPS,0,0,DR_TRACKING_CLOSED
17324.588,3,DR_M_GBA_CLOSED,1,1,OK,1,0,1,1,1,1,1,1.0,0.0,0.0,7.0,141.06,-50.0,1139,1073,LATE_GPS,0,0,DR_TRACKING_CLOSED
17324.638,3,DR_M_GBA_CLOSED,1,1,OK,1,0,1,1,1,1,1,1.0,0.0,0.0,7.0,139.53,-50.0,1139,1073,LATE_GPS,0,0,DR_TRACKING_CLOSED
17324.688,3,DR_M_GBA_CLOSED,1,1,OK,1,0,1,1,1,1,1,1.0,0.0,0.0,6.401,143.87,-50.0,1106,1039,LATE_GPS,0,0,DR_TRACKING_CLOSED
17324.738,3,DR_M_GBA_CLOSED,1,1,OK,1,0,1,1,1,1,1,1.0,0.0,0.0,6.401,148.2,-50.0,1072,1006,LATE_GPS,0,0,DR_TRACKING_CLOSED
17324.788,3,DR_M_GBA_CLOSED,1,1,OK,1,0,1,1,1,1,1,1.0,0.0,0.0,7.0,150.36,-50.0,1039,973,LATE_GPS,0,0,DR_TRACKING_CLOSED
17324.838,3,DR_M_GBA_CLOSED,1,1,OK,1,0,1,1,1,1,1,1.0,0.0,0.0,6.993,152.51,-50.0,1037,971,LATE_GPS,0,0,DR_TRACKING_CLOSED
17324.889,3,DR_M_GBA_CLOSED,1,1,OK,1,0,1,1,1,1,1,1.0,0.0,0.0,7.0,146.6,-50.0,1070,1004,LATE_GPS,0,0,DR_TRACKING_CLOSED
17324.939,3,DR_M_GBA_CLOSED,1,1,OK,1,0,1,1,1,1,1,1.0,0.0,0.0,7.0,140.68,-50.0,1104,1037,LATE_GPS,0,0,DR_TRACKING_CLOSED
17324.989,3,DR_M_GBA_CLOSED,1,1,OK,1,0,1,1,1,1,1,1.0,0.0,0.0,6.697,139.6,-50.0,1126,1060,LATE_GPS,0,0,DR_TRACKING_CLOSED
17325.039,3,DR_M_GBA_CLOSED,1,1,OK,1,0,1,1,1,1,1,1.0,0.0,0.0,6.697,138.53,-50.0,1126,1060,LATE_GPS,0,0,DR_TRACKING_CLOSED
17325.089,3,DR_M_GBA_CLOSED,1,1,OK,1,0,1,1,1,1,1,1.0,0.0,0.0,7.0,137.45,-50.0,1126,1060,LATE_GPS,0,0,DR_TRACKING_CLOSED
17325.139,3,DR_M_YBA_OPEN,1,1,OK,1,0,1,1,1,1,1,1.0,0.0,0.0,7.0,-92.87,25.0,1160,1094,LATE_GPS,0,0,DR_TRACKING_CLOSED
17325.189,3,DR_M_YBA_OPEN,1,1,OK,1,0,1,1,1,1,1,1.0,0.0,0.0,5.031,-106.89,25.0,1193,1127,LATE_GPS,0,0,DR_TRACKING_CLOSED
17325.239,3,DR_M_YBA_OPEN,1,1,OK,1,0,1,1,1,1,1,1.0,0.0,0.0,5.031,-106.39,25.0,1227,1160,LATE_GPS,0,0,DR_TRACKING_CLOSED
17325.29,3,DR_M_YBA_OPEN,1,1,OK,1,0,1,1,1,1,1,1.0,0.0,0.0,3.522,-97.4,25.0,1260,1194,LATE_GPS,0,0,DR_TRACKING_CLOSED
17325.34,3,DR_M_YBA_OPEN,1,1,OK,1,0,1,1,1,1,1,1.0,0.0,0.0,3.522,-89.49,25.0,1294,1227,LATE_GPS,0,0,DR_TRACKING_CLOSED
17325.39,3,DR_M_GBA_CLOSED,1,1,OK,1,0,1,1,1,1,1,1.0,0.0,0.0,0.51,135.62,-4.872,1327,1261,LATE_GPS,0,0,DR_TRACKING_CLOSED
17325.44,3,DR_M_GBA_CLOSED,1,1,OK,1,0,1,1,1,1,1,1.0,0.0,0.0,0.507,133.79,-4.842,1360,1294,LATE_GPS,0,0,DR_TRACKING_CLOSED
17325.49,3,DR_M_GBA_CLOSED,1,1,OK,1,0,1,1,1,1,1,1.0,0.0,0.0,0.514,131.96,-4.912,1394,1328,LATE_GPS,0,0,DR_TRACKING_CLOSED
17325.54,3,DR_M_GBA_CLOSED,1,1,OK,1,0,1,1,1,1,1,1.0,0.0,0.0,0.514,130.13,-4.912,1427,1361,LATE_GPS,0,0,DR_TRACKING_CLOSED
17325.59,3,DR_M_GBA_CLOSED,1,1,OK,1,0,1,1,1,1,1,1.0,0.0,0.0,0.5,128.31,-4.775,1461,1394,LATE_GPS,0,0,DR_TRACKING_CLOSED
17325.64,3,DR_M_GBA_CLOSED,1,1,OK,1,0,1,1,1,1,1,1.0,0.0,0.0,0.505,126.48,-4.821,1494,1428,LATE_GPS,0,0,DR_TRACKING_CLOSED
17325.691,3,DR_M_GBA_CLOSED,1,1,OK,1,0,1,1,1,1,1,1.0,0.0,0.0,0.501,125.42,-4.786,1527,1461,LATE_GPS,0,0,DR_TRACKING_CLOSED
17325.741,3,DR_M_GBA_CLOSED,1,1,OK,1,0,1,1,1,1,1,1.0,0.0,0.0,0.5,124.36,-4.775,1561,1495,LATE_GPS,0,0,DR_TRACKING_CLOSED
17325.791,3,DR_M_GBA_CLOSED,1,1,OK,1,0,1,1,1,1,1,1.0,0.0,0.0,0.5,123.3,-4.775,1594,1528,LATE_GPS,0,0,DR_TRACKING_CLOSED
17325.841,3,DR_M_GBA_CLOSED,0,0,NAV_INVALID,1,0,1,1,1,1,1,1.0,0.0,0.0,0.49,122.24,0.0,1591,1524,LATE_GPS,0,0,DR_TRACKING_CLOSED
17325.891,3,DR_M_GBA_CLOSED,1,1,OK,1,0,1,1,1,1,1,1.0,0.0,0.0,0.901,121.18,-8.602,1557,1491,LATE_GPS,0,0,DR_TRACKING_CLOSED
17325.941,3,DR_M_GBA_CLOSED,1,1,OK,1,0,1,1,1,1,1,1.0,0.0,0.0,0.901,120.12,-8.605,1557,1491,LATE_GPS,0,0,DR_TRACKING_CLOSED
17325.991,3,DR_M_GBA_CLOSED,1,1,OK,1,0,1,1,1,1,1,1.0,0.0,0.0,7.0,119.06,-50.0,1524,1457,LATE_GPS,0,0,DR_TRACKING_CLOSED
17326.041,3,DR_M_GBA_CLOSED,1,1,OK,1,0,1,1,1,1,1,1.0,0.0,0.0,7.0,118.0,-50.0,1490,1424,LATE_GPS,0,0,DR_TRACKING_CLOSED
17326.092,3,DR_M_GBA_CLOSED,1,1,OK,1,0,1,1,1,1,1,1.0,0.0,0.0,7.0,116.94,-50.0,1457,1391,LATE_GPS,0,0,DR_TRACKING_CLOSED
17326.142,3,DR_PM_GBA_CLOSED,1,1,OK,0,0,1,1,1,1,1,0.9997,0.309,-0.166,7.0,118.23,-45.0,1423,1357,LATE_GPS,0,0,DR_TRACKING_CLOSED
17326.192,3,DR_PM_GBA_CLOSED,1,1,OK,0,0,1,1,1,1,1,0.9987,0.565,-0.314,5.894,119.99,-45.0,1390,1324,LATE_GPS,0,0,DR_TRACKING_CLOSED
17326.242,3,DR_PM_GBA_CLOSED,1,1,OK,0,0,1,1,1,1,1,0.9977,0.816,-0.469,5.894,121.76,-45.0,1357,1290,LATE_GPS,0,0,DR_TRACKING_CLOSED
17326.292,3,DR_PM_GBA_CLOSED,1,1,OK,0,0,1,1,1,1,1,0.9967,1.109,-0.663,7.0,123.53,-45.0,1323,1257,LATE_GPS,0,0,DR_TRACKING_CLOSED
17326.342,3,DR_PM_YBA_OPEN,1,1,OK,0,0,1,1,1,1,1,0.9957,0.787,-0.804,7.0,-113.65,20.0,1357,1290,LATE_GPS,0,0,DR_TRACKING_CLOSED
17326.392,3,DR_PM_YBA_OPEN,1,1,OK,0,0,1,1,1,1,1,0.9947,0.502,-0.866,5.821,-102.3,20.0,1390,1324,LATE_GPS,0,0,DR_TRACKING_CLOSED
17326.442,3,DR_PM_YBA_OPEN,1,1,OK,0,0,1,1,1,1,1,0.9937,0.217,-0.929,5.821,-102.5,20.0,1423,1357,LATE_GPS,0,0,DR_TRACKING_CLOSED
17326.492,3,DR_PM_YBA_OPEN,1,1,OK,0,0,1,1,1,1,1,0.9927,0.041,-1.004,3.824,-113.1,20.0,1457,1391,LATE_GPS,0,0,DR_TRACKING_CLOSED
17326.543,3,DR_PM_YBA_OPEN,1,1,OK,0,0,1,1,1,1,1,0.9917,-0.117,-1.112,3.824,-124.38,20.0,1490,1424,LATE_GPS,0,0,DR_TRACKING_CLOSED
17326.593,3,DR_PM_GBA_CLOSED,1,1,OK,0,0,1,1,1,1,1,0.9907,-0.006,-1.188,2.677,124.25,-25.323,1457,1391,LATE_GPS,0,0,DR_TRACKING_CLOSED
17326.643,3,DR_PM_GBA_CLOSED,1,1,OK,0,0,1,1,1,1,1,0.9897,0.104,-1.265,2.677,124.97,-25.298,1426,1359,LATE_GPS,0,0,DR_TRACKING_CLOSED
17326.693,3,DR_PM_GBA_CLOSED,1,1,OK,0,0,1,1,1,1,1,0.9887,0.213,-1.343,2.677,125.7,-25.272,1426,1360,LATE_GPS,0,0,DR_TRACKING_CLOSED
17326.743,3,DR_PM_GBA_CLOSED,1,1,OK,0,0,1,1,1,1,1,0.9877,0.321,-1.423,2.677,126.42,-25.246,1426,1360,LATE_GPS,0,0,DR_TRACKING_CLOSED
17326.793,3,DR_PM_GBA_CLOSED,1,1,OK,0,0,1,1,1,1,1,0.9867,0.405,-1.487,2.121,127.1,-19.981,1459,1393,LATE_GPS,0,0,DR_TRACKING_CLOSED
17326.843,3,DR_PM_GBA_CLOSED,1,1,OK,0,0,1,1,1,1,1,0.9857,0.491,-1.55,2.121,126.75,-19.96,1485,1419,LATE_GPS,0,0,DR_TRACKING_CLOSED
17326.893,3,DR_PM_GBA_CLOSED,1,1,OK,0,0,1,1,1,1,1,0.9847,0.773,-1.759,7.0,126.4,-45.0,1452,1385,LATE_GPS,0,0,DR_TRACKING_CLOSED
17326.944,3,DR_PM_GBA_CLOSED,1,1,OK,0,0,1,1,1,1,1,0.9837,1.057,-1.965,7.0,126.04,-45.0,1418,1352,LATE_GPS,0,0,DR_TRACKING_CLOSED
17326.994,3,DR_PM_GBA_CLOSED,1,1,OK,0,0,1,1,1,1,1,0.9827,1.342,-2.17,7.0,125.69,-45.0,1385,1318,LATE_GPS,0,0,DR_TRACKING_CLOSED
17327.044,3,DR_PM_YBA_OPEN,1,1,OK,0,0,1,1,1,1,1,0.9817,1.191,-2.487,7.0,-154.66,20.0,1418,1352,LATE_GPS,0,0,DR_TRACKING_CLOSED
17327.094,3,DR_PM_YBA_OPEN,1,1,OK,0,0,1,1,1,1,1,0.9807,1.084,-2.821,7.0,-162.24,20.0,1452,1385,LATE_GPS,0,0,DR_TRACKING_CLOSED
17327.144,3,DR_PM_YBA_OPEN,1,1,OK,0,0,1,1,1,1,1,0.9797,0.992,-3.16,7.0,-164.7,20.0,1485,1419,LATE_GPS,0,0,DR_TRACKING_CLOSED
17327.194,3,DR_PM_YBA_OPEN,1,1,OK,0,0,1,1,1,1,1,0.9787,0.828,-3.47,7.0,-152.18,20.0,1518,1452,LATE_GPS,0,0,DR_TRACKING_CLOSED
17327.244,3,DR_PM_GBA_CLOSED,1,1,OK,0,0,1,1,1,1,1,0.9777,1.119,-3.666,6.993,123.97,-45.0,1485,1419,LATE_GPS,0,0,DR_TRACKING_CLOSED
17327.294,3,DR_PM_GBA_CLOSED,1,1,OK,0,0,1,1,1,1,1,0.9767,1.415,-3.854,6.994,122.26,-45.0,1452,1385,LATE_GPS,0,0,DR_TRACKING_CLOSED
17327.346,3,DR_PM_GBA_CLOSED,1,1,OK,0,0,1,1,1,1,1,0.9756,1.723,-4.036,6.993,120.51,-45.0,1417,1351,LATE_GPS,0,0,DR_TRACKING_CLOSED
17327.396,3,DR_PM_GBA_CLOSED,1,1,OK,0,0,1,1,1,1,1,0.9746,1.943,-4.157,5.021,118.79,-45.0,1384,1318,LATE_GPS,0,0,DR_TRACKING_CLOSED
17327.446,3,DR_PM_GBA_CLOSED,1,1,OK,0,0,1,1,1,1,1,0.9736,2.169,-4.272,5.021,117.07,-45.0,1350,1284,LATE_GPS,0,0,DR_TRACKING_CLOSED
17327.496,3,DR_PM_GBA_CLOSED,1,1,OK,0,0,1,1,1,1,1,0.9726,2.383,-4.374,4.746,115.35,-44.079,1317,1251,LATE_GPS,0,0,DR_TRACKING_CLOSED
17327.546,3,DR_PM_YBA_OPEN,1,1,OK,0,0,1,1,1,1,1,0.9716,2.375,-4.612,4.746,-177.95,20.0,1350,1284,LATE_GPS,0,0,DR_TRACKING_CLOSED
17327.597,3,DR_PM_YBA_OPEN,1,1,OK,0,0,1,1,1,1,1,0.9706,2.371,-4.902,5.803,-179.13,20.0,1384,1318,LATE_GPS,0,0,DR_TRACKING_CLOSED
17327.647,3,DR_PM_YBA_OPEN,1,1,OK,0,0,1,1,1,1,1,0.9696,2.372,-5.193,5.803,179.69,20.0,1417,1351,LATE_GPS,0,0,DR_TRACKING_CLOSED
17327.697,3,DR_PM_YBA_OPEN,1,1,OK,0,0,1,1,1,1,1,0.9686,2.329,-5.481,5.803,-171.43,20.0,1451,1385,LATE_GPS,0,0,DR_TRACKING_CLOSED
17327.747,3,DR_PM_YBA_OPEN,1,1,OK,0,0,1,1,1,1,1,0.9676,2.137,-5.7,5.803,-138.83,20.0,1484,1418,LATE_GPS,0,0,DR_TRACKING_CLOSED
17327.797,3,DR_PM_GBA_CLOSED,1,1,OK,0,0,1,1,1,1,1,0.9666,2.407,-5.809,5.807,112.12,-45.0,1451,1385,LATE_GPS,0,0,DR_TRACKING_CLOSED
17327.847,3,DR_PM_GBA_CLOSED,1,1,OK,0,0,1,1,1,1,1,0.9656,2.682,-5.904,5.807,108.9,-45.0,1417,1351,LATE_GPS,0,0,DR_TRACKING_CLOSED
17327.897,3,DR_PM_GBA_CLOSED,1,1,OK,0,0,1,1,1,1,1,0.9646,2.706,-5.911,0.5,105.68,-4.606,1451,1385,LATE_GPS,0,0,DR_TRACKING_CLOSED
17327.947,3,DR_PM_GBA_CLOSED,1,1,OK,0,0,1,1,1,1,1,0.9636,2.731,-5.916,0.5,102.45,-4.601,1484,1418,LATE_GPS,0,0,DR_TRACKING_CLOSED
17327.997,3,DR_PM_GBA_CLOSED,1,1,OK,0,0,1,1,1,1,1,0.9626,3.0,-5.96,5.452,99.23,-45.0,1451,1385,LATE_GPS,0,0,DR_TRACKING_CLOSED
17328.048,3,DR_PM_GBA_CLOSED,1,1,OK,0,0,1,1,1,1,1,0.9616,3.264,-6.03,5.452,104.99,-45.0,1417,1351,LATE_GPS,0,0,DR_TRACKING_CLOSED
17328.098,3,DR_PM_GBA_CLOSED,1,1,OK,0,0,1,1,1,1,1,0.9606,3.593,-6.155,7.0,110.75,-45.0,1384,1318,LATE_GPS,0,0,DR_TRACKING_CLOSED
17328.148,3,DR_PM_GBA_CLOSED,1,1,OK,0,0,1,1,1,1,1,0.9596,3.906,-6.311,7.0,116.51,-45.0,1350,1284,LATE_GPS,0,0,DR_TRACKING_CLOSED
17328.198,3,DR_PM_GBA_CLOSED,1,1,OK,0,0,1,1,1,1,1,0.9586,4.203,-6.499,7.0,122.27,-45.0,1317,1251,LATE_GPS,0,0,DR_TRACKING_CLOSED
17328.248,3,DR_PM_YBA_OPEN,1,1,OK,0,0,1,1,1,1,1,0.9576,4.048,-6.813,7.0,-153.74,20.0,1351,1284,LATE_GPS,0,0,DR_TRACKING_CLOSED
17328.298,3,DR_PM_YBA_OPEN,1,1,OK,0,0,1,1,1,1,1,0.9566,3.883,-7.123,7.0,-151.99,20.0,1384,1318,LATE_GPS,0,0,DR_TRACKING_CLOSED
17328.348,3,DR_PM_YBA_OPEN,1,1,OK,0,0,1,1,1,1,1,0.9556,3.71,-7.428,7.0,-150.37,20.0,1417,1351,LATE_GPS,0,0,DR_TRACKING_CLOSED
17328.398,3,DR_PM_YBA_OPEN,1,1,OK,0,0,1,1,1,1,1,0.9546,3.533,-7.731,7.0,-149.86,20.0,1451,1385,LATE_GPS,0,0,DR_TRACKING_CLOSED
17328.449,3,DR_PM_YBA_OPEN,1,1,OK,0,0,1,1,1,1,1,0.9536,3.507,-8.081,7.0,-175.64,20.0,1484,1418,LATE_GPS,0,0,DR_TRACKING_CLOSED
17328.499,3,DR_PM_YBA_OPEN,1,1,OK,0,0,1,1,1,1,1,0.9526,3.529,-8.431,7.0,176.38,20.0,1518,1451,LATE_GPS,0,0,DR_TRACKING_CLOSED
17328.549,3,DR_PM_GBA_CLOSED,1,1,OK,0,0,1,1,1,1,1,0.9516,3.828,-8.616,7.0,121.7,-45.0,1484,1418,LATE_GPS,0,0,DR_TRACKING_CLOSED
17328.599,3,DR_PM_GBA_CLOSED,1,1,OK,0,0,1,1,1,1,1,0.9506,3.845,-8.636,0.527,139.1,-4.781,1518,1451,LATE_GPS,0,0,DR_TRACKING_CLOSED
17328.649,3,DR_PM_GBA_CLOSED,1,1,OK,0,0,1,1,1,1,1,0.9496,3.861,-8.656,0.524,140.22,-4.755,1551,1485,LATE_GPS,0,0,DR_TRACKING_CLOSED
17328.699,3,DR_PM_GBA_CLOSED,0,0,NAV_INVALID,0,0,1,1,1,1,1,0.9486,3.883,-8.669,0.497,120.0,0.0,1591,1524,LATE_GPS,0,0,DR_TRACKING_CLOSED
17328.749,3,DR_PM_GBA_CLOSED,0,0,NAV_INVALID,0,0,1,1,1,1,1,0.9476,3.905,-8.681,0.5,119.44,0.0,1591,1524,LATE_GPS,0,0,DR_TRACKING_CLOSED
17328.799,3,DR_PM_GBA_CLOSED,1,1,OK,0,0,1,1,1,1,1,0.9466,3.931,-8.698,0.627,122.96,-5.664,1486,1420,LATE_GPS,0,0,DR_TRACKING_CLOSED
17328.85,3,DR_PM_GBA_CLOSED,1,1,OK,0,0,1,1,1,1,1,0.9456,3.956,-8.717,0.627,126.49,-5.658,1486,1420,LATE_GPS,0,0,DR_TRACKING_CLOSED
17328.9,3,DR_PM_GBA_CLOSED,1,1,OK,0,0,1,1,1,1,1,0.9446,4.067,-8.81,2.892,130.02,-26.085,1453,1387,LATE_GPS,0,0,DR_TRACKING_CLOSED
17328.95,3,DR_PM_GBA_CLOSED,1,1,OK,0,0,1,1,1,1,1,0.9436,4.172,-8.91,2.892,133.55,-26.057,1420,1353,LATE_GPS,0,0,DR_TRACKING_CLOSED
17329.0,3,DR_PM_GBA_CLOSED,1,1,OK,0,0,1,1,1,1,1,0.9426,4.238,-9.039,2.892,153.25,-26.029,1386,1320,LATE_GPS,0,0,DR_TRACKING_CLOSED
17329.05,3,DR_PM_GBA_CLOSED,1,1,OK,0,0,1,1,1,1,1,0.9416,4.31,-9.165,2.891,149.81,-25.996,1364,1298,LATE_GPS,0,0,DR_TRACKING_CLOSED
17329.1,3,DR_PM_GBA_CLOSED,1,1,OK,0,0,1,1,1,1,1,0.9406,4.359,-9.254,2.03,151.05,-18.231,1398,1332,LATE_GPS,0,0,DR_TRACKING_CLOSED
17329.15,3,DR_PM_GBA_CLOSED,1,1,OK,0,0,1,1,1,1,1,0.9396,4.405,-9.344,2.024,152.89,-18.163,1419,1353,LATE_GPS,0,0,DR_TRACKING_CLOSED
17329.2,3,DR_PM_GBA_CLOSED,1,1,OK,0,0,1,1,1,1,1,0.9385,4.497,-9.683,7.0,164.83,-45.0,1386,1320,LATE_GPS,0,0,DR_TRACKING_CLOSED
17329.251,3,DR_PM_GBA_CLOSED,1,1,OK,0,0,1,1,1,1,1,0.9375,4.712,-9.96,7.0,142.21,-45.0,1352,1286,LATE_GPS,0,0,DR_TRACKING_CLOSED
17329.301,3,DR_PM_GBA_CLOSED,1,1,OK,0,0,1,1,1,1,1,0.9365,4.94,-10.227,7.0,139.48,-45.0,1326,1259,LATE_GPS,0,0,DR_TRACKING_CLOSED
17329.351,3,DR_PM_GBA_CLOSED,1,1,OK,0,0,1,1,1,1,1,0.9355,5.173,-10.488,6.99,138.22,-45.0,1296,1230,LATE_GPS,0,0,DR_TRACKING_CLOSED
17329.401,4,DR_PM_GBA_CLOSED,1,1,OK,0,0,1,1,1,1,1,0.9345,5.315,-10.809,6.994,156.2,-45.0,1296,1230,LATE_GPS,0,0,DR_TRACKING_CLOSED
17329.451,4,DR_PM_GBA_CLOSED,1,1,OK,0,0,1,1,1,1,1,0.9335,5.489,-11.113,6.996,150.1,-45.0,1296,1230,LATE_GPS,0,0,DR_TRACKING_CLOSED
17329.501,4,DR_PM_GBA_CLOSED,1,1,OK,0,0,1,1,1,1,1,0.9325,5.566,-11.222,2.655,144.82,-23.645,1330,1264,LATE_GPS,0,0,DR_TRACKING_CLOSED
17329.551,4,DR_PM_GBA_CLOSED,1,1,OK,0,0,1,1,1,1,1,0.9315,5.657,-11.318,2.654,136.49,-23.607,1363,1297,LATE_GPS,0,0,DR_TRACKING_CLOSED
17329.601,4,DR_PM_GBA_CLOSED,1,1,OK,0,0,1,1,1,1,1,0.9305,5.745,-11.419,2.656,139.14,-23.6,1396,1330,LATE_GPS,0,0,DR_TRACKING_CLOSED
17329.652,4,DR_PM_GBA_CLOSED,1,1,OK,0,0,1,1,1,1,1,0.9295,5.827,-11.524,2.656,141.98,-23.574,1396,1330,LATE_GPS,0,0,DR_TRACKING_CLOSED
17329.702,4,DR_PM_GBA_CLOSED,1,1,OK,0,0,1,1,1,1,1,0.9285,5.866,-11.608,1.859,155.23,-16.483,1430,1363,LATE_GPS,0,0,DR_TRACKING_CLOSED
17329.752,4,DR_PM_GBA_CLOSED,1,1,OK,0,0,1,1,1,1,1,0.9275,5.89,-11.698,1.859,164.96,-16.466,1463,1397,LATE_GPS,0,0,DR_TRACKING_CLOSED
17329.802,4,DR_PM_GBA_CLOSED,1,1,OK,0,0,1,1,1,1,1,0.9265,5.93,-11.749,1.301,141.45,-11.513,1497,1430,LATE_GPS,0,0,DR_TRACKING_CLOSED
17329.852,4,DR_PM_GBA_CLOSED,1,1,OK,0,0,1,1,1,1,1,0.9255,5.975,-11.797,1.301,137.26,-11.501,1530,1464,LATE_GPS,0,0,DR_TRACKING_CLOSED
17329.902,4,DR_PM_GBA_CLOSED,1,1,OK,0,0,1,1,1,1,1,0.9245,6.178,-12.083,7.0,144.54,-45.0,1497,1430,LATE_GPS,0,0,DR_TRACKING_CLOSED
17329.952,4,DR_PM_GBA_CLOSED,1,1,OK,0,0,1,1,1,1,1,0.9235,6.422,-12.336,7.0,136.07,-45.0,1463,1397,LATE_GPS,0,0,DR_TRACKING_CLOSED
17330.002,4,DR_PM_GBA_CLOSED,1,1,OK,0,0,1,1,1,1,1,0.9225,6.703,-12.546,7.0,126.8,-45.0,1430,1363,LATE_GPS,0,0,DR_TRACKING_CLOSED
17330.052,4,DR_PM_GBA_CLOSED,1,1,OK,0,0,1,1,1,1,1,0.9215,7.012,-12.711,7.0,118.09,-45.0,1396,1330,LATE_GPS,0,0,DR_TRACKING_CLOSED
17330.103,4,DR_PM_GBA_CLOSED,1,1,OK,0,0,1,1,1,1,1,0.9205,7.289,-12.926,7.0,127.79,-45.0,1363,1297,LATE_GPS,0,0,DR_TRACKING_CLOSED
17330.153,4,DR_PM_GBA_CLOSED,1,1,OK,0,0,1,1,1,1,1,0.9195,7.614,-13.058,7.0,112.09,-45.0,1355,1289,LATE_GPS,0,0,DR_TRACKING_CLOSED
17330.203,4,DR_PM_GBA_CLOSED,1,1,OK,0,0,1,1,1,1,1,0.9185,7.946,-13.174,7.0,109.15,-45.0,1330,1264,LATE_GPS,0,0,DR_TRACKING_CLOSED
17330.253,4,DR_PM_GBA_CLOSED,1,1,OK,0,0,1,1,1,1,1,0.9175,8.271,-13.306,7.0,112.25,-45.0,1296,1230,LATE_GPS,0,0,DR_TRACKING_CLOSED
17330.303,4,DR_PM_GBA_CLOSED,1,1,OK,0,0,1,1,1,1,1,0.9165,8.46,-13.396,4.191,115.36,-36.675,1286,1220,LATE_GPS,0,0,DR_TRACKING_CLOSED
17330.353,4,DR_PM_GBA_CLOSED,1,1,OK,0,0,1,1,1,1,1,0.9155,8.645,-13.496,4.191,118.46,-36.635,1286,1220,LATE_GPS,0,0,DR_TRACKING_CLOSED
17330.403,4,DR_PM_GBA_CLOSED,1,1,OK,0,0,1,1,1,1,1,0.9145,8.709,-13.571,1.947,139.42,-17.001,1320,1253,LATE_GPS,0,0,DR_TRACKING_CLOSED
17330.453,4,DR_PM_GBA_CLOSED,1,1,OK,0,0,1,1,1,1,1,0.9135,8.791,-13.622,1.947,122.12,-16.982,1353,1287,LATE_GPS,0,0,DR_TRACKING_CLOSED
17330.504,4,DR_PM_GBA_CLOSED,1,1,OK,0,0,1,1,1,1,1,0.9125,8.828,-13.646,0.868,122.85,-7.564,1386,1320,LATE_GPS,0,0,DR_TRACKING_CLOSED
17330.554,4,DR_PM_GBA_CLOSED,1,1,OK,0,0,1,1,1,1,1,0.9115,8.864,-13.671,0.868,124.57,-7.556,1420,1354,LATE_GPS,0,0,DR_TRACKING_CLOSED
17330.604,4,DR_PM_GBA_CLOSED,1,1,OK,0,0,1,1,1,1,1,0.9105,8.885,-13.692,0.608,134.48,-5.283,1453,1387,LATE_GPS,0,0,DR_TRACKING_CLOSED
17330.654,4,DR_PM_GBA_CLOSED,1,1,OK,0,0,1,1,1,1,1,0.9095,8.898,-13.72,0.608,156.09,-5.277,1457,1391,LATE_GPS,0,0,DR_TRACKING_CLOSED
17330.704,4,DR_PM_GBA_CLOSED,1,1,OK,0,0,1,1,1,1,1,0.9085,8.909,-13.748,0.608,157.14,-5.271,1491,1425,LATE_GPS,0,0,DR_TRACKING_CLOSED
17330.754,4,DR_PM_GBA_CLOSED,1,1,OK,0,0,1,1,1,1,1,0.9075,8.921,-13.776,0.608,157.39,-5.266,1524,1458,LATE_GPS,0,0,DR_TRACKING_CLOSED
17330.804,4,DR_PM_GBA_CLOSED,1,1,OK,0,0,1,1,1,1,1,0.9065,8.932,-13.799,0.5,155.15,-4.328,1558,1491,LATE_GPS,0,0,DR_TRACKING_CLOSED
17330.854,4,DR_PM_GBA_CLOSED,1,1,OK,0,0,1,1,1,1,1,0.9055,8.945,-13.82,0.5,148.72,-4.323,1591,1525,LATE_GPS,0,0,DR_TRACKING_CLOSED
17330.905,4,DR_PM_GBA_CLOSED,1,1,OK,0,0,1,1,1,1,1,0.9045,9.177,-14.084,7.0,138.64,-45.0,1558,1491,LATE_GPS,0,0,DR_TRACKING_CLOSED
17330.955,4,DR_PM_GBA_CLOSED,1,1,OK,0,0,1,1,1,1,1,0.9035,9.437,-14.319,7.0,132.06,-45.0,1524,1458,LATE_GPS,0,0,DR_TRACKING_CLOSED
17331.005,4,DR_PM_GBA_CLOSED,1,1,OK,0,0,1,1,1,1,1,0.9025,9.716,-14.532,7.0,127.41,-45.0,1491,1425,LATE_GPS,0,0,DR_TRACKING_CLOSED
17331.055,4,DR_PM_GBA_CLOSED,1,1,OK,0,0,1,1,1,1,1,0.9015,10.001,-14.736,7.0,125.61,-45.0,1457,1391,LATE_GPS,0,0,DR_TRACKING_CLOSED
17331.105,4,DETUMBLING,0,0,DETUMBLING,0,0,1,1,1,1,1,0.9015,10.001,-14.736,7.0,125.61,0.0,1591,1524,LATE_GPS,0,0,DR_TRACKING_CLOSED
17331.155,4,DETUMBLING,0,0,DETUMBLING,0,0,1,1,1,1,1,0.9015,10.001,-14.736,7.0,125.61,0.0,1591,1524,LATE_GPS,0,0,DR_TRACKING_CLOSED
17331.205,4,DETUMBLING,0,0,DETUMBLING,0,0,1,1,1,1,1,0.9015,10.001,-14.736,7.0,125.61,0.0,1591,1524,LATE_GPS,0,0,DR_TRACKING_CLOSED
17331.255,4,DR_PM_GBA_CLOSED,1,1,OK,0,0,1,1,1,1,1,0.8974,10.672,-15.214,4.106,125.45,-35.191,1456,1390,LATE_GPS,0,0,DR_TRACKING_CLOSED
17331.306,4,DR_PM_GBA_CLOSED,1,1,OK,0,0,1,1,1,1,1,0.8964,10.857,-15.304,4.106,115.84,-35.152,1457,1391,LATE_GPS,0,0,DR_TRACKING_CLOSED
17331.356,4,DR_PM_GBA_CLOSED,1,1,OK,0,0,1,1,1,1,1,0.8954,11.053,-15.368,4.106,108.13,-35.112,1457,1391,LATE_GPS,0,0,DR_TRACKING_CLOSED
17331.406,4,DR_PM_GBA_CLOSED,1,1,OK,0,0,1,1,1,1,1,0.8944,11.192,-15.403,2.875,104.25,-24.552,1424,1358,LATE_GPS,0,0,DR_TRACKING_CLOSED
17331.456,4,DR_PM_GBA_CLOSED,1,1,OK,0,0,1,1,1,1,1,0.8934,11.333,-15.432,2.875,101.73,-24.525,1397,1331,LATE_GPS,0,0,DR_TRACKING_CLOSED
17331.506,4,DR_PM_GBA_CLOSED,1,1,OK,0,0,1,1,1,1,1,0.8924,11.481,-15.461,2.988,100.9,-25.464,1390,1324,LATE_GPS,0,0,DR_TRACKING_CLOSED
17331.556,4,DR_PM_GBA_CLOSED,1,1,OK,0,0,1,1,1,1,1,0.8914,11.622,-15.511,2.988,109.68,-25.436,1390,1324,LATE_GPS,0,0,DR_TRACKING_CLOSED
17331.606,4,DR_PM_GBA_CLOSED,1,1,OK,0,0,1,1,1,1,1,0.8904,11.714,-15.561,2.092,118.53,-17.784,1423,1357,LATE_GPS,0,0,DR_TRACKING_CLOSED
17331.656,4,DR_PM_GBA_CLOSED,1,1,OK,0,0,1,1,1,1,1,0.8894,11.794,-15.629,2.092,130.17,-17.764,1457,1391,LATE_GPS,0,0,DR_TRACKING_CLOSED
17331.707,4,DR_PM_GBA_CLOSED,1,1,OK,0,0,1,1,1,1,1,0.8884,12.068,-15.848,7.0,128.7,-45.0,1423,1357,LATE_GPS,0,0,DR_TRACKING_CLOSED
17331.757,4,DR_PM_GBA_CLOSED,1,1,OK,0,0,1,1,1,1,1,0.8874,12.353,-16.052,7.0,125.5,-45.0,1390,1324,LATE_GPS,0,0,DR_TRACKING_CLOSED
17331.807,4,DR_PM_GBA_CLOSED,1,1,OK,0,0,1,1,1,1,1,0.8864,12.657,-16.227,7.0,119.89,-45.0,1357,1290,LATE_GPS,0,0,DR_TRACKING_CLOSED
17331.857,4,DR_PM_GBA_CLOSED,1,1,OK,0,0,1,1,1,1,1,0.8854,12.995,-16.321,7.0,105.63,-45.0,1323,1257,LATE_GPS,0,0,DR_TRACKING_CLOSED
17331.907,4,DR_PM_GBA_CLOSED,1,1,OK,0,0,1,1,1,1,1,0.8844,13.338,-16.394,7.0,102.0,-45.0,1290,1224,LATE_GPS,0,0,DR_TRACKING_CLOSED
17331.957,4,DR_PM_GBA_CLOSED,1,1,OK,0,0,1,1,1,1,1,0.8834,13.617,-16.607,7.0,127.3,-45.0,1256,1190,LATE_GPS,0,0,DR_TRACKING_CLOSED
17332.007,4,DR_PM_GBA_CLOSED,1,1,OK,0,0,1,1,1,1,1,0.8824,13.881,-16.839,7.0,131.42,-45.0,1223,1157,LATE_GPS,0,0,DR_TRACKING_CLOSED
17332.057,4,DR_PM_GBA_CLOSED,1,1,OK,0,0,1,1,1,1,1,0.8814,14.126,-17.089,7.0,135.53,-45.0,1190,1123,LATE_GPS,0,0,DR_TRACKING_CLOSED
17332.107,4,DR_PM_GBA_CLOSED,1,1,OK,0,0,1,1,1,1,1,0.8804,14.433,-17.26,7.0,119.12,-45.0,1189,1123,LATE_GPS,0,0,DR_TRACKING_CLOSED
17332.158,4,DR_PM_GBA_CLOSED,1,1,OK,0,0,1,1,1,1,1,0.8794,14.701,-17.486,7.0,130.05,-45.0,1222,1156,LATE_GPS,0,0,DR_TRACKING_CLOSED
17332.208,4,DR_PM_GBA_CLOSED,1,1,OK,0,0,1,1,1,1,1,0.8784,14.943,-17.705,6.519,132.23,-45.0,1222,1156,LATE_GPS,0,0,DR_TRACKING_CLOSED
17332.258,4,DR_PM_GBA_CLOSED,1,1,OK,0,0,1,1,1,1,1,0.8774,15.185,-17.925,6.519,132.36,-45.0,1222,1156,LATE_GPS,0,0,DR_TRACKING_CLOSED
17332.308,4,DR_PM_GBA_CLOSED,1,1,OK,0,0,1,1,1,1,1,0.8764,15.303,-18.127,4.663,149.53,-39.024,1255,1189,LATE_GPS,0,0,DR_TRACKING_CLOSED
17332.358,4,DR_PM_GBA_CLOSED,1,1,OK,0,0,1,1,1,1,1,0.8754,15.413,-18.333,4.663,152.0,-38.979,1278,1212,LATE_GPS,0,0,DR_TRACKING_CLOSED
17332.408,4,DR_PM_GBA_CLOSED,1,1,OK,0,0,1,1,1,1,1,0.8744,15.509,-18.547,4.668,155.6,-38.977,1256,1189,LATE_GPS,0,0,DR_TRACKING_CLOSED
17332.458,4,DR_PM_GBA_CLOSED,1,1,OK,0,0,1,1,1,1,1,0.8734,15.593,-18.765,4.668,159.19,-38.932,1256,1190,LATE_GPS,0,0,DR_TRACKING_CLOSED
17332.508,4,DR_PM_GBA_CLOSED,1,1,OK,0,0,1,1,1,1,1,0.8724,15.646,-18.938,3.619,162.79,-30.151,1289,1223,LATE_GPS,0,0,DR_TRACKING_CLOSED
17332.559,4,DR_PM_GBA_CLOSED,1,1,OK,0,0,1,1,1,1,1,0.8714,15.689,-19.115,3.619,166.38,-30.116,1323,1257,LATE_GPS,0,0,DR_TRACKING_CLOSED
17332.609,4,DR_PM_GBA_CLOSED,1,1,OK,0,0,1,1,1,1,1,0.8704,15.715,-19.239,2.534,168.24,-21.057,1356,1290,LATE_GPS,0,0,DR_TRACKING_CLOSED
17332.659,4,DR_PM_GBA_CLOSED,1,1,OK,0,0,1,1,1,1,1,0.8694,15.737,-19.364,2.534,170.1,21.033,1390,1323,LATE_GPS,0,0,DR_TRACKING_CLOSED
17332.709,4,DR_PM_GBA_CLOSED,1,1,OK,0,0,1,1,1,1,1,0.8684,15.749,-19.452,1.773,171.95,14.706,1423,1357,LATE_GPS,0,0,DR_TRACKING_CLOSED
17332.759,4,DR_PM_GBA_CLOSED,1,1,OK,0,0,1,1,1,1,1,0.8674,15.759,-19.54,1.773,173.81,14.689,1456,1390,LATE_GPS,0,0,DR_TRACKING_CLOSED
17332.809,4,DR_PM_GBA_CLOSED,1,1,OK,0,0,1,1,1,1,1,0.8664,15.76,-19.651,2.213,179.08,18.307,1490,1424,LATE_GPS,0,0,DR_TRACKING_CLOSED
17332.859,4,DR_PM_GBA_CLOSED,1,1,OK,0,0,1,1,1,1,1,0.8654,15.752,-19.762,2.213,-175.66,18.286,1523,1457,LATE_GPS,0,0,DR_TRACKING_CLOSED
17332.91,4,DR_PM_GBA_CLOSED,1,1,OK,0,0,1,1,1,1,1,0.8644,15.693,-20.111,7.0,-170.35,45.0,1557,1491,LATE_GPS,0,0,DR_TRACKING_CLOSED
17332.96,4,DR_PM_GBA_CLOSED,1,1,OK,0,0,1,1,1,1,1,0.8634,15.602,-20.45,7.0,-165.08,45.0,1590,1524,LATE_GPS,0,0,DR_TRACKING_CLOSED
17333.01,4,DR_PM_GBA_CLOSED,1,1,OK,0,0,1,1,1,1,1,0.8624,15.51,-20.788,6.994,-164.57,45.0,1624,1558,LATE_GPS,0,0,DR_TRACKING_CLOSED
17333.06,4,DR_PM_GBA_CLOSED,1,1,OK,0,0,1,1,1,1,1,0.8614,15.429,-21.129,7.0,-166.74,45.0,1657,1591,LATE_GPS,0,0,DR_TRACKING_CLOSED
17333.11,4,DR_PM_GBA_CLOSED,1,1,OK,0,0,1,1,1,1,1,0.8604,15.361,-21.473,7.0,-168.9,45.0,1691,1624,LATE_GPS,0,0,DR_TRACKING_CLOSED
17333.16,4,DR_PM_GBA_CLOSED,1,1,OK,0,0,1,1,1,1,1,0.8593,15.307,-21.82,7.0,-171.07,45.0,1724,1658,LATE_GPS,0,0,DR_TRACKING_CLOSED
17333.211,4,DR_PM_GBA_CLOSED,1,1,OK,0,0,1,1,1,1,1,0.8583,15.266,-22.169,7.0,-173.23,45.0,1757,1691,LATE_GPS,0,0,DR_TRACKING_CLOSED
17333.261,4,DR_PM_GBA_CLOSED,1,1,OK,0,0,1,1,1,1,1,0.8573,15.237,-22.518,7.0,-175.4,45.0,1791,1725,LATE_GPS,0,0,DR_TRACKING_CLOSED
17333.311,4,DETUMBLING,0,0,DETUMBLING,0,0,1,1,1,1,1,0.8573,15.237,-22.518,7.0,-175.4,0.0,1591,1524,LATE_GPS,0,0,DR_TRACKING_CLOSED
17333.361,4,DETUMBLING,0,0,DETUMBLING,0,0,1,1,1,1,1,0.8573,15.237,-22.518,7.0,-175.4,0.0,1591,1524,LATE_GPS,0,0,DR_TRACKING_CLOSED
17333.411,4,DETUMBLING,0,0,DETUMBLING,0,0,1,1,1,1,1,0.8573,15.237,-22.518,7.0,-175.4,0.0,1591,1524,LATE_GPS,0,0,DR_TRACKING_CLOSED
17333.461,4,DETUMBLING,0,0,DETUMBLING,0,0,1,1,1,1,1,0.8573,15.237,-22.518,7.0,-175.4,0.0,1591,1524,LATE_GPS,0,0,DR_TRACKING_CLOSED
17333.511,4,DETUMBLING,0,0,DETUMBLING,0,0,1,1,1,1,1,0.8573,15.237,-22.518,7.0,-175.4,0.0,1591,1524,LATE_GPS,0,0,DR_TRACKING_CLOSED
17333.561,4,DETUMBLING,0,0,DETUMBLING,0,0,1,1,1,1,1,0.8573,15.237,-22.518,7.0,-175.4,0.0,1591,1524,LATE_GPS,0,0,DR_TRACKING_CLOSED
17333.611,4,DR_PM_YBA_OPEN,1,1,OK,0,0,1,1,1,1,1,0.8503,16.082,-22.66,2.441,99.51,-19.822,1657,1591,LATE_GPS,0,0,DR_TRACKING_CLOSED
17333.662,4,DR_PM_YBA_OPEN,1,1,OK,0,0,1,1,1,1,1,0.8493,16.203,-22.679,2.441,98.94,-19.799,1624,1558,LATE_GPS,0,0,DR_TRACKING_CLOSED
17333.712,4,DR_PM_YBA_OPEN,1,1,OK,0,0,1,1,1,1,1,0.8483,16.263,-22.672,1.202,84.09,-9.734,1591,1524,LATE_GPS,0,0,DR_TRACKING_CLOSED
17333.762,4,DR_PM_YBA_OPEN,1,1,OK,0,0,1,1,1,1,1,0.8473,16.31,-22.635,1.202,51.52,-8.551,1557,1491,LATE_GPS,0,0,DR_TRACKING_CLOSED
17333.812,4,DR_PM_YBA_OPEN,1,1,OK,0,0,1,1,1,1,1,0.8463,16.341,-22.583,1.202,31.09,-6.391,1560,1494,LATE_GPS,0,0,DR_TRACKING_CLOSED
17333.862,4,DR_PM_GBA_CLOSED,1,1,OK,0,0,1,1,1,1,1,0.8453,16.337,-22.643,1.202,-176.28,9.7,1594,1527,LATE_GPS,0,0,DR_TRACKING_CLOSED
17333.912,4,DR_PM_GBA_CLOSED,1,1,OK,0,0,1,1,1,1,1,0.8443,16.335,-22.692,0.975,-177.16,7.858,1627,1561,LATE_GPS,0,0,DR_TRACKING_CLOSED
17333.962,4,DR_PM_GBA_CLOSED,1,1,OK,0,0,1,1,1,1,1,0.8433,16.333,-22.741,0.975,-178.04,7.848,1651,1585,LATE_GPS,0,0,DR_TRACKING_CLOSED
17334.012,4,DR_PM_GBA_CLOSED,1,1,OK,0,0,1,1,1,1,1,0.8423,16.331,-22.836,1.89,-178.92,15.201,1685,1619,LATE_GPS,0,0,DR_TRACKING_CLOSED
17334.063,4,DR_PM_GBA_CLOSED,1,1,OK,0,0,1,1,1,1,1,0.8413,16.33,-22.931,1.89,-179.18,15.182,1678,1612,LATE_GPS,0,0,DR_TRACKING_CLOSED
17334.113,4,DR_PM_GBA_CLOSED,1,1,OK,0,0,1,1,1,1,1,0.8403,16.329,-22.997,1.323,-179.43,10.615,1653,1586,LATE_GPS,0,0,DR_TRACKING_CLOSED
17334.163,4,DR_PM_GBA_CLOSED,1,1,OK,0,0,1,1,1,1,1,0.8393,16.329,-23.063,1.323,-179.69,10.602,1652,1586,LATE_GPS,0,0,DR_TRACKING_CLOSED
17334.213,4,DR_PM_GBA_CLOSED,1,1,OK,0,0,1,1,1,1,1,0.8383,16.329,-23.13,1.323,-179.95,10.59,1652,1586,LATE_GPS,0,0,DR_TRACKING_CLOSED
17334.263,4,DR_PM_GBA_CLOSED,1,1,OK,0,0,1,1,1,1,1,0.8373,16.329,-23.196,1.323,179.79,10.577,1652,1586,LATE_GPS,0,0,DR_TRACKING_CLOSED
17334.313,4,DR_PM_GBA_CLOSED,1,1,OK,0,0,1,1,1,1,1,0.8363,16.331,-23.431,4.679,179.53,37.366,1686,1620,LATE_GPS,0,0,DR_TRACKING_CLOSED
17334.363,4,DR_PM_GBA_CLOSED,1,1,OK,0,0,1,1,1,1,1,0.8353,16.334,-23.665,4.679,179.27,37.321,1719,1653,LATE_GPS,0,0,DR_TRACKING_CLOSED
17334.414,4,DR_PM_GBA_CLOSED,1,1,OK,0,0,1,1,1,1,1,0.8343,16.344,-24.004,6.754,178.39,45.0,1753,1686,LATE_GPS,0,0,DR_TRACKING_CLOSED
17334.464,4,DR_PM_GBA_CLOSED,1,1,OK,0,0,1,1,1,1,1,0.8333,16.358,-24.341,6.745,177.51,45.0,1786,1720,LATE_GPS,0,0,DR_TRACKING_CLOSED
17334.514,4,DR_PM_GBA_CLOSED,1,1,OK,0,0,1,1,1,1,1,0.8323,16.379,-24.692,7.0,176.63,45.0,1819,1753,LATE_GPS,0,0,DR_TRACKING_CLOSED
17334.564,4,DR_PM_GBA_CLOSED,1,1,OK,0,0,1,1,1,1,1,0.8313,16.405,-25.041,7.0,175.75,45.0,1853,1787,LATE_GPS,0,0,DR_TRACKING_CLOSED
17334.614,4,DR_PM_GBA_CLOSED,1,1,OK,0,0,1,1,1,1,1,0.8303,16.413,-25.148,2.138,175.49,16.951,1819,1753,LATE_GPS,0,0,DR_TRACKING_CLOSED
17334.664,4,DR_PM_GBA_CLOSED,1,1,OK,0,0,1,1,1,1,1,0.8293,16.422,-25.255,2.138,175.24,16.93,1786,1720,LATE_GPS,0,0,DR_TRACKING_CLOSED
17334.714,4,DR_PM_GBA_CLOSED,1,1,OK,0,0,1,1,1,1,1,0.8283,16.432,-25.362,2.138,174.98,16.91,1753,1686,LATE_GPS,0,0,DR_TRACKING_CLOSED
17334.764,4,DR_PM_GBA_CLOSED,1,1,OK,0,0,1,1,1,1,1,0.8273,16.441,-25.468,2.138,174.72,16.89,1719,1653,LATE_GPS,0,0,DR_TRACKING_CLOSED
17334.815,4,DR_PM_GBA_CLOSED,1,1,OK,0,0,1,1,1,1,1,0.8263,16.449,-25.543,1.497,174.46,11.809,1686,1620,LATE_GPS,0,0,DR_TRACKING_CLOSED
17334.865,4,DR_PM_GBA_CLOSED,1,1,OK,0,0,1,1,1,1,1,0.8253,16.45,-25.618,1.497,179.37,11.795,1652,1586,LATE_GPS,0,0,DR_TRACKING_CLOSED
17334.915,4,DR_PM_GBA_CLOSED,1,1,OK,0,0,1,1,1,1,1,0.8243,16.463,-25.748,2.606,174.03,20.513,1686,1620,LATE_GPS,0,0,DR_TRACKING_CLOSED
17334.965,4,DR_PM_GBA_CLOSED,1,1,OK,0,0,1,1,1,1,1,0.8233,16.489,-25.876,2.606,168.69,-20.488,1652,1586,LATE_GPS,0,0,DR_TRACKING_CLOSED
17335.015,4,DR_PM_GBA_CLOSED,1,1,OK,0,0,1,1,1,1,1,0.8223,16.576,-26.168,6.079,163.35,-45.0,1619,1553,LATE_GPS,0,0,DR_TRACKING_CLOSED
17335.065,4,DR_PM_GBA_CLOSED,1,1,OK,0,0,1,1,1,1,1,0.8213,16.69,-26.451,6.079,158.01,-45.0,1586,1519,LATE_GPS,0,0,DR_TRACKING_CLOSED
17335.115,4,DR_PM_GBA_CLOSED,1,1,OK,0,0,1,1,1,1,1,0.8203,16.709,-26.486,0.794,151.99,-6.216,1619,1553,LATE_GPS,0,0,DR_TRACKING_CLOSED
17335.165,4,DR_PM_GBA_CLOSED,1,1,OK,0,0,1,1,1,1,1,0.8192,16.724,-26.522,0.794,156.9,-6.208,1586,1519,LATE_GPS,0,0,DR_TRACKING_CLOSED
17335.216,4,DR_PM_GBA_CLOSED,1,1,OK,0,0,1,1,1,1,1,0.8182,16.777,-26.683,3.365,161.81,-26.291,1552,1486,LATE_GPS,0,0,DR_TRACKING_CLOSED
17335.266,4,DR_PM_GBA_CLOSED,1,1,OK,0,0,1,1,1,1,1,0.8172,16.816,-26.847,3.365,166.72,-26.258,1519,1453,LATE_GPS,0,0,DR_TRACKING_CLOSED
17335.316,4,DETUMBLING,0,0,DETUMBLING,0,0,1,1,1,1,1,0.8172,16.816,-26.847,3.365,166.72,0.0,1591,1524,LATE_GPS,0,0,DR_TRACKING_CLOSED
17335.366,4,DR_PM_YBA_OPEN,1,1,OK,0,0,1,1,1,1,1,0.8152,17.014,-26.574,3.365,36.06,-18.88,1504,1438,LATE_GPS,0,0,DR_TRACKING_CLOSED
17335.416,4,DR_PM_YBA_OPEN,1,1,OK,0,0,1,1,1,1,1,0.8142,17.102,-26.452,2.991,35.76,-16.684,1516,1450,LATE_GPS,0,0,DR_TRACKING_CLOSED
17335.466,4,DR_PM_YBA_OPEN,1,1,OK,0,0,1,1,1,1,1,0.8132,17.204,-26.342,2.991,42.69,-18.498,1506,1440,LATE_GPS,0,0,DR_TRACKING_CLOSED
17335.516,4,DR_PM_YBA_OPEN,1,1,OK,0,0,1,1,1,1,1,0.8122,17.325,-26.26,2.915,55.84,-20.0,1498,1431,LATE_GPS,0,0,DR_TRACKING_CLOSED
17335.566,4,DR_PM_GBA_CLOSED,1,1,OK,0,0,1,1,1,1,1,0.8112,17.349,-26.404,2.915,170.47,22.585,1531,1465,LATE_GPS,0,0,DR_TRACKING_CLOSED
17335.617,4,DETUMBLING,0,0,DETUMBLING,0,0,1,1,1,1,1,0.8112,17.349,-26.404,2.915,170.47,0.0,1591,1524,LATE_GPS,0,0,DR_TRACKING_CLOSED
17335.667,4,DETUMBLING,0,0,DETUMBLING,0,0,1,1,1,1,1,0.8112,17.349,-26.404,2.915,170.47,0.0,1591,1524,LATE_GPS,0,0,DR_TRACKING_CLOSED
17335.717,4,DETUMBLING,0,0,DETUMBLING,0,0,1,1,1,1,1,0.8112,17.349,-26.404,2.915,170.47,0.0,1591,1524,LATE_GPS,0,0,DR_TRACKING_CLOSED
17335.767,4,DETUMBLING,0,0,DETUMBLING,0,0,1,1,1,1,1,0.8112,17.349,-26.404,2.915,170.47,0.0,1591,1524,LATE_GPS,0,0,DETUMBLING
17335.817,4,DETUMBLING,0,0,DETUMBLING,0,0,1,1,1,1,1,0.8112,17.349,-26.404,2.915,170.47,0.0,1591,1524,LATE_GPS,0,0,DETUMBLING
17335.867,4,DETUMBLING,0,0,DETUMBLING,0,0,1,1,1,1,1,0.8112,17.349,-26.404,2.915,170.47,0.0,1591,1524,LATE_GPS,0,0,DETUMBLING
17335.917,4,DETUMBLING,0,0,DETUMBLING,0,0,1,1,1,1,1,0.8112,17.349,-26.404,2.915,170.47,0.0,1591,1524,LATE_GPS,0,0,DETUMBLING
17335.967,4,DETUMBLING,0,0,DETUMBLING,0,0,1,1,1,1,1,0.8112,17.349,-26.404,2.915,170.47,0.0,1591,1524,LATE_GPS,0,0,DETUMBLING
17336.018,4,DETUMBLING,0,0,DETUMBLING,0,0,1,1,1,1,1,0.8112,17.349,-26.404,2.915,170.47,0.0,1591,1524,LATE_GPS,0,0,DETUMBLING
17336.068,4,DETUMBLING,0,0,DETUMBLING,0,0,1,1,1,1,1,0.8112,17.349,-26.404,2.915,170.47,0.0,1591,1524,LATE_GPS,0,0,DETUMBLING
17336.118,4,DR_PM_GBA_CLOSED,1,1,OK,0,0,1,1,1,1,1,0.8002,16.822,-29.864,7.0,-171.34,45.0,1664,1598,LATE_GPS,0,0,DETUMBLING
17336.168,4,DR_PM_GBA_CLOSED,1,1,OK,0,0,1,1,1,1,1,0.7992,16.758,-30.21,7.0,-169.51,45.0,1698,1632,LATE_GPS,0,0,DETUMBLING
17336.218,4,DR_PM_GBA_CLOSED,1,1,OK,0,0,1,1,1,1,1,0.7982,16.683,-30.553,7.0,-167.69,45.0,1731,1665,LATE_GPS,0,0,DR_TRACKING_CLOSED
17336.268,4,DR_PM_GBA_CLOSED,1,1,OK,0,0,1,1,1,1,1,0.7972,16.597,-30.893,7.0,-165.87,45.0,1765,1698,LATE_GPS,0,0,DR_TRACKING_CLOSED
17336.318,4,DR_PM_GBA_CLOSED,1,1,OK,0,0,1,1,1,1,1,0.7962,16.515,-31.177,5.896,-164.05,44.828,1798,1732,LATE_GPS,0,0,DR_TRACKING_CLOSED
17336.369,4,DR_PM_GBA_CLOSED,1,1,OK,0,0,1,1,1,1,1,0.7952,16.433,-31.46,5.892,-163.86,44.741,1831,1765,LATE_GPS,0,0,DR_TRACKING_CLOSED
17336.419,4,DR_PM_GBA_CLOSED,1,1,OK,0,0,1,1,1,1,1,0.7942,16.375,-31.659,4.124,-163.66,31.279,1798,1732,LATE_GPS,0,0,DR_TRACKING_CLOSED
17336.469,4,DR_PM_GBA_CLOSED,1,1,OK,0,0,1,1,1,1,1,0.7932,16.316,-31.857,4.124,-163.47,31.239,1784,1718,LATE_GPS,0,0,DR_TRACKING_CLOSED
17336.519,4,DR_PM_GBA_CLOSED,1,1,OK,0,0,1,1,1,1,1,0.7922,16.257,-32.055,4.124,-163.28,31.2,1783,1717,LATE_GPS,0,0,DR_TRACKING_CLOSED
17336.569,4,DR_PM_GBA_CLOSED,1,1,OK,0,0,1,1,1,1,1,0.7912,16.214,-32.257,4.124,-168.14,31.16,1817,1751,LATE_GPS,0,0,DR_TRACKING_CLOSED
17336.619,4,DR_PM_GBA_CLOSED,1,1,OK,0,0,1,1,1,1,1,0.7902,16.16,-32.457,4.124,-164.73,31.121,1783,1717,LATE_GPS,0,0,DR_TRACKING_CLOSED
17336.669,4,DR_PM_GBA_CLOSED,1,1,OK,0,0,1,1,1,1,1,0.7892,16.094,-32.652,4.124,-161.32,31.081,1750,1684,LATE_GPS,0,0,DR_TRACKING_CLOSED
17336.719,4,DR_PM_GBA_CLOSED,1,1,OK,0,0,1,1,1,1,1,0.7882,16.016,-32.844,4.124,-157.91,31.042,1718,1652,LATE_GPS,0,0,DR_TRACKING_CLOSED
17336.77,4,DR_PM_GBA_CLOSED,1,1,OK,0,0,1,1,1,1,1,0.7872,15.927,-33.031,4.124,-154.5,31.002,1718,1651,LATE_GPS,0,0,DR_TRACKING_CLOSED
17336.82,4,DR_PM_GBA_CLOSED,1,1,OK,0,0,1,1,1,1,1,0.7862,15.836,-33.216,4.124,-153.96,30.963,1751,1685,LATE_GPS,0,0,DR_TRACKING_CLOSED
17336.87,4,DR_PM_GBA_CLOSED,1,1,OK,0,0,1,1,1,1,1,0.7852,15.744,-33.401,4.124,-153.42,30.923,1774,1708,LATE_GPS,0,0,DR_TRACKING_CLOSED
17336.92,4,DR_PM_GBA_CLOSED,1,1,OK,0,0,1,1,1,1,1,0.7842,15.584,-33.713,7.0,-152.88,45.0,1808,1741,LATE_GPS,0,0,DR_TRACKING_CLOSED
17336.97,4,DR_PM_GBA_CLOSED,1,1,OK,0,0,1,1,1,1,1,0.7832,15.421,-34.024,7.0,-152.35,45.0,1841,1775,LATE_GPS,0,0,DR_TRACKING_CLOSED
17337.02,4,DR_PM_GBA_CLOSED,1,1,OK,0,0,1,1,1,1,1,0.7822,15.262,-34.336,7.0,-152.94,45.0,1874,1808,LATE_GPS,0,0,DR_TRACKING_CLOSED
17337.07,4,DR_M_GBA_CLOSED,1,1,OK,1,0,1,1,1,1,1,0.7812,60.189,19.237,7.0,-153.54,50.0,1908,1842,LATE_GPS,0,0,DR_TRACKING_CLOSED
17337.12,4,DR_M_GBA_CLOSED,1,1,OK,1,0,1,1,1,1,1,0.7802,60.189,19.237,7.0,-154.13,50.0,1941,1875,LATE_GPS,0,0,DR_TRACKING_CLOSED
17337.17,4,DR_M_GBA_CLOSED,1,1,OK,1,0,1,1,1,1,1,0.7791,60.189,19.237,7.0,-154.72,50.0,1975,1908,LATE_GPS,0,0,DR_TRACKING_CLOSED
17337.221,4,DETUMBLING,0,0,DETUMBLING,1,0,1,1,1,1,1,0.7791,60.189,19.237,7.0,-154.72,0.0,1591,1524,LATE_GPS,0,0,DR_TRACKING_CLOSED
17337.271,4,DETUMBLING,0,0,DETUMBLING,1,0,1,1,1,1,1,0.7791,60.189,19.237,7.0,-154.72,0.0,1591,1524,LATE_GPS,0,0,DR_TRACKING_CLOSED
17337.321,4,DETUMBLING,0,0,DETUMBLING,1,0,1,1,1,1,1,0.7791,60.189,19.237,7.0,-154.72,0.0,1591,1524,LATE_GPS,0,0,DR_TRACKING_CLOSED
17337.371,4,DR_M_GBA_CLOSED,1,1,OK,1,0,1,1,1,1,1,0.7751,60.189,19.237,4.839,-155.64,35.819,1913,1847,LATE_GPS,0,0,DR_TRACKING_CLOSED
17337.421,4,DR_M_GBA_CLOSED,1,1,OK,1,0,1,1,1,1,1,0.7741,60.189,19.237,3.387,-155.87,25.041,1879,1813,LATE_GPS,0,0,DR_TRACKING_CLOSED
17337.471,4,DR_M_GBA_CLOSED,1,1,OK,1,0,1,1,1,1,1,0.7731,60.189,19.237,3.387,-156.1,25.008,1846,1780,LATE_GPS,0,0,DR_TRACKING_CLOSED
17337.521,4,DR_M_GBA_CLOSED,1,1,OK,1,0,1,1,1,1,1,0.7721,60.189,19.237,4.199,-156.33,30.962,1858,1792,LATE_GPS,0,0,DR_TRACKING_CLOSED
17337.571,4,DR_M_GBA_CLOSED,1,1,OK,1,0,1,1,1,1,1,0.7711,60.189,19.237,4.199,-156.56,30.921,1858,1792,LATE_GPS,0,0,DR_TRACKING_CLOSED
17337.622,4,DR_M_GBA_CLOSED,1,1,OK,1,0,1,1,1,1,1,0.7701,60.189,19.237,4.199,-152.94,30.881,1824,1758,LATE_GPS,0,0,DR_TRACKING_CLOSED
17337.672,4,DR_M_GBA_CLOSED,1,1,OK,1,0,1,1,1,1,1,0.7691,60.189,19.237,4.199,-148.58,30.841,1791,1725,LATE_GPS,0,0,DR_TRACKING_CLOSED
17337.722,4,DR_M_GBA_CLOSED,1,1,OK,1,0,1,1,1,1,1,0.7681,60.189,19.237,6.185,-144.23,45.369,1824,1758,LATE_GPS,0,0,DR_TRACKING_CLOSED
17337.772,4,DR_M_GBA_CLOSED,1,1,OK,1,0,1,1,1,1,1,0.7671,60.189,19.237,6.185,-139.88,45.31,1858,1792,LATE_GPS,0,0,DR_TRACKING_CLOSED
17337.822,4,DR_M_GBA_CLOSED,1,1,OK,1,0,1,1,1,1,1,0.7661,60.189,19.237,1.588,-135.53,11.621,1824,1758,LATE_GPS,0,0,DR_TRACKING_CLOSED
17337.872,4,DR_M_GBA_CLOSED,1,1,OK,1,0,1,1,1,1,1,0.7651,60.189,19.237,1.588,-131.18,11.605,1791,1725,LATE_GPS,0,0,DR_TRACKING_CLOSED
17337.922,4,DR_M_GBA_CLOSED,1,1,OK,1,0,1,1,1,1,1,0.7641,60.189,19.237,3.949,-132.55,28.818,1824,1758,LATE_GPS,0,0,DR_TRACKING_CLOSED
17337.972,4,DR_M_GBA_CLOSED,1,1,OK,1,0,1,1,1,1,1,0.7631,60.189,19.237,3.949,-133.92,28.78,1858,1792,LATE_GPS,0,0,DR_TRACKING_CLOSED
17338.022,4,DR_M_GBA_CLOSED,1,1,OK,1,0,1,1,1,1,1,0.7621,60.189,19.237,3.343,-135.28,24.331,1824,1758,LATE_GPS,0,0,DR_TRACKING_CLOSED
17338.073,4,DR_M_GBA_CLOSED,1,1,OK,1,0,1,1,1,1,1,0.7611,60.189,19.237,3.343,-136.65,24.299,1821,1755,LATE_GPS,0,0,DR_TRACKING_CLOSED
17338.123,4,DR_M_GBA_CLOSED,1,1,OK,1,0,1,1,1,1,1,0.7601,60.189,19.237,5.039,-138.02,36.574,1854,1788,LATE_GPS,0,0,DR_TRACKING_CLOSED
17338.173,4,DETUMBLING,0,0,DETUMBLING,1,0,1,1,1,1,1,0.7601,60.189,19.237,5.039,-138.02,0.0,1591,1524,LATE_GPS,0,0,DR_TRACKING_CLOSED
17338.223,4,DETUMBLING,0,0,DETUMBLING,1,0,1,1,1,1,1,0.7601,60.189,19.237,5.039,-138.02,0.0,1591,1524,LATE_GPS,0,0,DR_TRACKING_CLOSED
17338.273,4,DETUMBLING,0,0,DETUMBLING,1,0,1,1,1,1,1,0.7601,60.189,19.237,5.039,-138.02,0.0,1591,1524,LATE_GPS,0,0,DR_TRACKING_CLOSED
17338.323,4,DETUMBLING,0,0,DETUMBLING,1,0,1,1,1,1,1,0.7601,60.189,19.237,5.039,-138.02,0.0,1591,1524,LATE_GPS,0,0,DR_TRACKING_CLOSED
17338.373,4,DETUMBLING,0,0,DETUMBLING,1,0,1,1,1,1,1,0.7601,60.189,19.237,5.039,-138.02,0.0,1591,1524,LATE_GPS,0,0,DR_TRACKING_CLOSED
17338.424,4,DETUMBLING,0,0,DETUMBLING,1,0,1,1,1,1,1,0.7601,60.189,19.237,5.039,-138.02,0.0,1591,1524,LATE_GPS,0,0,DR_TRACKING_CLOSED
17338.474,4,DR_M_YBA_OPEN,1,1,OK,1,0,1,1,1,1,1,0.7531,60.189,19.237,0.987,42.84,-6.282,1721,1655,LATE_GPS,0,0,DR_TRACKING_CLOSED
17338.524,4,DR_M_YBA_OPEN,1,1,OK,1,0,1,1,1,1,1,0.7521,60.189,19.237,0.691,40.01,-4.272,1687,1621,LATE_GPS,0,0,DR_TRACKING_CLOSED
17338.574,4,DETUMBLING,0,0,DETUMBLING,1,0,1,1,1,1,1,0.7521,60.189,19.237,0.691,40.01,0.0,1591,1524,LATE_GPS,0,0,DR_TRACKING_CLOSED
17338.624,4,DETUMBLING,0,0,DETUMBLING,1,0,1,1,1,1,1,0.7521,60.189,19.237,0.691,40.01,0.0,1591,1524,LATE_GPS,0,0,DR_TRACKING_CLOSED
17338.674,4,DETUMBLING,0,0,DETUMBLING,1,0,1,1,1,1,1,0.7521,60.189,19.237,0.691,40.01,0.0,1591,1524,LATE_GPS,0,0,DR_TRACKING_CLOSED
17338.724,4,DETUMBLING,0,0,DETUMBLING,1,0,1,1,1,1,1,0.7521,60.189,19.237,0.691,40.01,0.0,1591,1524,LATE_GPS,0,0,DR_TRACKING_CLOSED
17338.774,4,DETUMBLING,0,0,DETUMBLING,1,0,1,1,1,1,1,0.7521,60.189,19.237,0.691,40.01,0.0,1591,1524,LATE_GPS,0,0,DR_TRACKING_CLOSED
17338.825,4,DETUMBLING,0,0,DETUMBLING,1,0,1,1,1,1,1,0.7521,60.189,19.237,0.691,40.01,0.0,1591,1524,LATE_GPS,0,0,DR_TRACKING_CLOSED
17338.875,4,DETUMBLING,0,0,DETUMBLING,1,0,1,1,1,1,1,0.7521,60.189,19.237,0.691,40.01,0.0,1591,1524,LATE_GPS,0,0,DR_TRACKING_CLOSED
17338.925,4,DETUMBLING,0,0,DETUMBLING,1,0,1,1,1,1,1,0.7521,60.189,19.237,0.691,40.01,0.0,1591,1524,LATE_GPS,0,0,DR_TRACKING_CLOSED
17338.975,4,DETUMBLING,0,0,DETUMBLING,1,0,1,1,1,1,1,0.7521,60.189,19.237,0.691,40.01,0.0,1591,1524,LATE_GPS,0,0,DR_TRACKING_CLOSED
17339.025,4,DETUMBLING,0,0,DETUMBLING,1,0,1,1,1,1,1,0.7521,60.189,19.237,0.691,40.01,0.0,1591,1524,LATE_GPS,0,0,DR_TRACKING_CLOSED
17339.075,4,DETUMBLING,0,0,DETUMBLING,1,0,1,1,1,1,1,0.7521,60.189,19.237,0.691,40.01,0.0,1591,1524,LATE_GPS,0,0,DR_TRACKING_CLOSED
17339.125,4,DETUMBLING,0,0,DETUMBLING,1,0,1,1,1,1,1,0.7521,60.189,19.237,0.691,40.01,0.0,1591,1524,LATE_GPS,0,0,DR_TRACKING_CLOSED
17339.175,4,DR_M_GBA_CLOSED,1,1,OK,1,0,1,1,1,1,1,0.739,60.189,19.237,6.945,-137.46,49.015,1821,1755,LATE_GPS,0,0,DR_TRACKING_CLOSED
17339.226,4,DR_M_GBA_CLOSED,1,1,OK,1,0,1,1,1,1,1,0.738,60.189,19.237,6.672,-137.41,47.021,1854,1788,LATE_GPS,0,0,DR_TRACKING_CLOSED
17339.276,4,DR_M_GBA_CLOSED,1,1,OK,1,0,1,1,1,1,1,0.737,60.189,19.237,6.682,-137.35,47.031,1888,1821,LATE_GPS,0,0,DR_TRACKING_CLOSED
17339.326,4,DR_M_GBA_CLOSED,1,1,OK,1,0,1,1,1,1,1,0.736,60.189,19.237,4.678,-137.29,32.878,1871,1805,LATE_GPS,0,0,DR_TRACKING_CLOSED
17339.376,4,DR_M_GBA_CLOSED,1,1,OK,1,0,1,1,1,1,1,0.735,60.189,19.237,4.668,-137.24,32.763,1870,1804,LATE_GPS,0,0,DR_TRACKING_CLOSED
17339.426,4,DR_M_GBA_CLOSED,1,1,OK,1,0,1,1,1,1,1,0.734,60.189,19.237,4.678,-137.18,32.788,1870,1804,LATE_GPS,0,0,DR_TRACKING_CLOSED
17339.476,4,DR_M_GBA_CLOSED,1,1,OK,1,0,1,1,1,1,1,0.733,60.189,19.237,4.678,-137.13,32.743,1870,1804,LATE_GPS,0,0,DR_TRACKING_CLOSED
17339.526,4,DR_M_GBA_CLOSED,1,1,OK,1,0,1,1,1,1,1,0.732,60.189,19.237,3.284,-137.07,22.953,1837,1770,LATE_GPS,0,0,DR_TRACKING_CLOSED
17339.576,4,DR_M_GBA_CLOSED,1,1,OK,1,0,1,1,1,1,1,0.731,60.189,19.237,3.282,-137.01,22.908,1803,1737,LATE_GPS,0,0,DR_TRACKING_CLOSED
17339.627,4,DR_M_GBA_CLOSED,1,1,OK,1,0,1,1,1,1,1,0.73,60.189,19.237,0.508,-136.96,3.545,1770,1704,LATE_GPS,0,0,DR_TRACKING_CLOSED
17339.677,4,DR_M_GBA_CLOSED,0,0,NAV_INVALID,1,0,1,1,1,1,1,0.729,60.189,19.237,0.5,-136.9,0.0,1591,1524,LATE_GPS,0,0,DR_TRACKING_CLOSED
17339.727,4,DR_M_GBA_CLOSED,1,1,OK,1,0,1,1,1,1,1,0.728,60.189,19.237,0.5,-140.1,3.476,1703,1637,LATE_GPS,0,0,DR_TRACKING_CLOSED
17339.777,4,DR_M_GBA_CLOSED,1,1,OK,1,0,1,1,1,1,1,0.727,60.189,19.237,0.5,-143.3,3.471,1684,1618,LATE_GPS,0,0,DR_TRACKING_CLOSED
17339.827,4,DR_M_GBA_CLOSED,0,0,NAV_INVALID,1,0,1,1,1,1,1,0.726,60.189,19.237,0.497,-146.49,0.0,1591,1524,LATE_GPS,0,0,DR_TRACKING_CLOSED
17339.877,4,DR_M_GBA_CLOSED,0,0,NAV_INVALID,1,0,1,1,1,1,1,0.725,60.189,19.237,0.499,-149.69,0.0,1591,1524,LATE_GPS,0,0,DR_TRACKING_CLOSED
17339.927,4,DR_M_GBA_CLOSED,1,1,OK,1,0,1,1,1,1,1,0.724,60.189,19.237,7.0,-148.96,48.397,1784,1718,LATE_GPS,0,0,DR_TRACKING_CLOSED
17339.977,4,DR_PM_GBA_CLOSED,1,1,OK,0,0,1,1,1,1,1,0.723,60.004,18.939,7.0,-148.23,45.0,1818,1751,LATE_GPS,0,0,DR_TRACKING_CLOSED
17340.027,4,DR_PM_GBA_CLOSED,1,1,OK,0,0,1,1,1,1,1,0.722,59.816,18.643,7.0,-147.5,45.0,1851,1785,LATE_GPS,0,0,DR_TRACKING_CLOSED
17340.078,4,DR_PM_GBA_CLOSED,1,1,OK,0,0,1,1,1,1,1,0.721,59.624,18.349,7.0,-146.77,45.0,1884,1818,LATE_GPS,0,0,DR_TRACKING_CLOSED
17340.128,4,DR_PM_GBA_CLOSED,1,1,OK,0,0,1,1,1,1,1,0.72,59.428,18.058,7.0,-146.05,45.0,1895,1829,LATE_GPS,0,0,DR_TRACKING_CLOSED
17340.178,4,DETUMBLING,0,0,DETUMBLING,0,0,1,1,1,1,1,0.72,59.428,18.058,7.0,-146.05,0.0,1591,1524,LATE_GPS,0,0,DR_TRACKING_CLOSED
17340.228,4,DETUMBLING,0,0,DETUMBLING,0,0,1,1,1,1,1,0.72,59.428,18.058,7.0,-146.05,0.0,1591,1524,LATE_GPS,0,0,DR_TRACKING_CLOSED
17340.278,4,DETUMBLING,0,0,DETUMBLING,0,0,1,1,1,1,1,0.72,59.428,18.058,7.0,-146.05,0.0,1591,1524,LATE_GPS,0,0,DR_TRACKING_CLOSED
17340.328,4,DETUMBLING,0,0,DETUMBLING,0,0,1,1,1,1,1,0.72,59.428,18.058,7.0,-146.05,0.0,1591,1524,LATE_GPS,0,0,DR_TRACKING_CLOSED
17340.378,4,DR_PM_GBA_CLOSED,1,1,OK,0,0,1,1,1,1,1,0.715,59.05,16.727,5.522,-164.16,37.701,1915,1849,LATE_GPS,0,0,DR_TRACKING_CLOSED
17340.429,4,DR_PM_GBA_CLOSED,1,1,OK,0,0,1,1,1,1,1,0.714,59.013,16.552,3.56,-167.8,24.273,1881,1815,LATE_GPS,0,0,DR_TRACKING_CLOSED
17340.479,4,DR_PM_GBA_CLOSED,1,1,OK,0,0,1,1,1,1,1,0.713,58.986,16.374,3.56,-171.45,24.238,1848,1781,LATE_GPS,0,0,DR_TRACKING_CLOSED
17340.529,4,DR_PM_GBA_CLOSED,1,1,OK,0,0,1,1,1,1,1,0.712,58.97,16.196,3.56,-175.08,24.204,1814,1748,LATE_GPS,0,0,DR_TRACKING_CLOSED
17340.58,4,DR_PM_GBA_CLOSED,1,1,OK,0,0,1,1,1,1,1,0.711,58.966,16.016,3.56,-178.74,24.17,1805,1739,LATE_GPS,0,0,DR_TRACKING_CLOSED
17340.63,4,DR_PM_GBA_CLOSED,1,1,OK,0,0,1,1,1,1,1,0.71,58.972,15.891,2.492,177.64,16.894,1772,1706,LATE_GPS,0,0,DR_TRACKING_CLOSED
17340.681,4,DR_PM_GBA_CLOSED,1,1,OK,0,0,1,1,1,1,1,0.7089,58.965,15.765,2.492,-176.86,16.87,1738,1672,LATE_GPS,0,0,DR_TRACKING_CLOSED
17340.731,4,DR_PM_GBA_CLOSED,1,1,OK,0,0,1,1,1,1,1,0.7079,58.952,15.678,1.744,-171.39,11.793,1704,1638,LATE_GPS,0,0,DR_TRACKING_CLOSED
17340.782,4,DR_PM_GBA_CLOSED,1,1,OK,0,0,1,1,1,1,1,0.7069,58.93,15.593,1.744,-165.9,11.776,1671,1605,LATE_GPS,0,0,DR_TRACKING_CLOSED
17340.832,4,DR_PM_GBA_CLOSED,1,1,OK,0,0,1,1,1,1,1,0.7059,58.91,15.535,1.221,-160.43,8.231,1637,1571,LATE_GPS,0,0,DR_TRACKING_CLOSED
17340.882,4,DR_PM_GBA_CLOSED,1,1,OK,0,0,1,1,1,1,1,0.7049,58.884,15.479,1.221,-154.98,8.219,1604,1538,LATE_GPS,0,0,DR_TRACKING_CLOSED
17340.932,4,DR_PM_GBA_CLOSED,1,1,OK,0,0,1,1,1,1,1,0.7039,58.706,15.177,7.0,-149.53,45.0,1637,1571,LATE_GPS,0,0,DR_TRACKING_CLOSED
17340.982,4,DR_PM_GBA_CLOSED,1,1,OK,0,0,1,1,1,1,1,0.7029,58.5,14.893,7.0,-144.08,45.0,1671,1604,LATE_GPS,0,0,DR_TRACKING_CLOSED
17341.032,4,DR_PM_GBA_CLOSED,1,1,OK,0,0,1,1,1,1,1,0.7019,58.268,14.629,7.0,-138.64,45.0,1704,1638,LATE_GPS,0,0,DR_TRACKING_CLOSED
17341.083,4,DR_PM_GBA_CLOSED,1,1,OK,0,0,1,1,1,1,1,0.7009,58.012,14.389,7.0,-133.19,45.0,1737,1671,LATE_GPS,0,0,DR_TRACKING_CLOSED
17341.133,4,DR_PM_GBA_CLOSED,1,1,OK,0,0,1,1,1,1,1,0.6999,57.735,14.175,7.0,-127.74,45.0,1771,1705,LATE_GPS,0,0,DR_TRACKING_CLOSED
17341.183,4,DR_PM_GBA_CLOSED,1,1,OK,0,0,1,1,1,1,1,0.6989,57.438,13.987,7.0,-122.3,45.0,1801,1735,LATE_GPS,0,0,DR_TRACKING_CLOSED
17341.233,4,DR_PM_YBA_OPEN,1,1,OK,0,0,1,1,1,1,1,0.6979,57.138,14.169,7.0,-58.73,20.0,1768,1702,LATE_GPS,0,0,DR_TRACKING_CLOSED
17341.283,4,DR_PM_YBA_OPEN,1,1,OK,0,0,1,1,1,1,1,0.6969,56.849,14.368,7.0,-55.44,20.0,1734,1668,LATE_GPS,0,0,DR_TRACKING_CLOSED
17341.333,4,DR_PM_YBA_OPEN,1,1,OK,0,0,1,1,1,1,1,0.6959,56.598,14.613,7.0,-45.67,20.0,1701,1635,LATE_GPS,0,0,DR_TRACKING_CLOSED
17341.383,4,DR_PM_YBA_OPEN,1,1,OK,0,0,1,1,1,1,1,0.6949,56.491,14.948,7.0,-17.79,0.0,1668,1601,LATE_GPS,0,0,DR_TRACKING_CLOSED
17341.433,4,DR_PM_GBA_CLOSED,1,1,OK,0,0,1,1,1,1,1,0.6939,56.199,14.795,6.574,-117.54,43.558,1701,1635,LATE_GPS,0,0,DR_TRACKING_CLOSED
17341.484,4,DR_PM_GBA_CLOSED,1,1,OK,0,0,1,1,1,1,1,0.6929,55.895,14.668,6.574,-112.78,43.495,1734,1668,LATE_GPS,0,0,DR_TRACKING_CLOSED
17341.534,4,DR_PM_GBA_CLOSED,1,1,OK,0,0,1,1,1,1,1,0.6919,55.676,14.596,4.602,-108.03,30.402,1701,1635,LATE_GPS,0,0,DR_TRACKING_CLOSED
17341.584,4,DR_PM_GBA_CLOSED,1,1,OK,0,0,1,1,1,1,1,0.6909,55.451,14.543,4.602,-103.27,30.24,1685,1618,LATE_GPS,0,0,DR_TRACKING_CLOSED
17341.634,4,DR_PM_GBA_CLOSED,1,1,OK,0,0,1,1,1,1,1,0.6899,55.415,14.549,0.739,-81.91,4.362,1651,1585,LATE_GPS,0,0,DR_TRACKING_CLOSED
17341.684,4,DR_PM_GBA_CLOSED,1,1,OK,0,0,1,1,1,1,1,0.6889,55.378,14.553,0.737,-83.2,4.39,1618,1551,LATE_GPS,0,0,DR_TRACKING_CLOSED
17341.734,4,DR_PM_GBA_CLOSED,1,1,OK,0,0,1,1,1,1,1,0.6879,55.341,14.558,0.737,-83.06,4.377,1591,1524,LATE_GPS,0,0,DR_TRACKING_CLOSED
17341.784,4,DR_PM_GBA_CLOSED,1,1,OK,0,0,1,1,1,1,1,0.6869,55.305,14.565,0.739,-79.67,4.256,1591,1524,LATE_GPS,0,0,DR_TRACKING_CLOSED
17341.835,4,DR_PM_GBA_CLOSED,1,1,OK,0,0,1,1,1,1,1,0.6859,55.279,14.562,0.514,-96.79,3.299,1585,1519,LATE_GPS,0,0,DR_TRACKING_CLOSED
17341.885,4,DR_PM_GBA_CLOSED,1,1,OK,0,0,1,1,1,1,1,0.6849,55.253,14.56,0.517,-93.71,3.275,1552,1486,LATE_GPS,0,0,DR_TRACKING_CLOSED
17341.935,4,DR_PM_GBA_CLOSED,1,1,OK,0,0,1,1,1,1,1,0.6839,55.228,14.56,0.5,-90.64,3.112,1533,1466,LATE_GPS,0,0,DR_TRACKING_CLOSED
17341.985,4,DR_PM_GBA_CLOSED,1,1,OK,0,0,1,1,1,1,1,0.6829,55.203,14.561,0.5,-87.57,3.05,1532,1466,LATE_GPS,0,0,DR_TRACKING_CLOSED
17342.035,4,DR_PM_GBA_CLOSED,1,1,OK,0,0,1,1,1,1,1,0.6819,54.893,14.725,7.0,-62.14,31.602,1566,1500,LATE_GPS,0,0,DR_TRACKING_CLOSED
17342.085,4,DR_PM_GBA_CLOSED,1,1,OK,0,0,1,1,1,1,1,0.6809,54.565,14.851,6.992,-69.05,35.261,1599,1533,LATE_GPS,0,0,DR_TRACKING_CLOSED
17342.135,4,DR_PM_GBA_CLOSED,1,1,OK,0,0,1,1,1,1,1,0.6798,54.228,14.947,7.0,-74.14,37.676,1633,1566,LATE_GPS,0,0,DR_TRACKING_CLOSED
17342.186,4,DR_PM_GBA_CLOSED,1,1,OK,0,0,1,1,1,1,1,0.6788,53.887,15.031,7.0,-76.13,38.5,1666,1600,LATE_GPS,0,0,DR_TRACKING_CLOSED
17342.236,4,DR_PM_GBA_CLOSED,1,1,OK,0,0,1,1,1,1,1,0.6778,53.557,15.148,7.0,-70.39,35.878,1700,1633,LATE_GPS,0,0,DR_TRACKING_CLOSED
17342.286,4,DR_PM_GBA_CLOSED,1,1,OK,0,0,1,1,1,1,1,0.6768,53.244,15.308,7.0,-63.04,32.02,1693,1626,LATE_GPS,0,0,DR_TRACKING_CLOSED
17342.336,4,DR_PM_GBA_CLOSED,1,1,OK,0,0,1,1,1,1,1,0.6758,52.99,15.55,7.0,-46.33,21.473,1700,1634,LATE_GPS,0,0,DR_TRACKING_CLOSED
17342.386,4,DR_PM_GBA_CLOSED,1,1,OK,0,0,1,1,1,1,1,0.6748,52.741,15.797,7.0,-45.11,20.607,1694,1628,LATE_GPS,0,0,DR_TRACKING_CLOSED
17342.436,4,DR_PM_GBA_CLOSED,1,1,OK,0,0,1,1,1,1,1,0.6738,52.658,15.881,2.347,-44.89,6.85,1661,1595,LATE_GPS,0,0,DR_TRACKING_CLOSED
17342.486,4,DR_PM_GBA_CLOSED,1,1,OK,0,0,1,1,1,1,1,0.6728,52.575,15.963,2.347,-45.3,6.939,1627,1561,LATE_GPS,0,0,DR_TRACKING_CLOSED
17342.536,4,DR_PM_GBA_CLOSED,1,1,OK,0,0,1,1,1,1,1,0.6718,52.473,16.021,2.339,-60.51,10.158,1635,1569,LATE_GPS,0,0,DR_TRACKING_CLOSED
17342.587,4,DR_PM_GBA_CLOSED,1,1,OK,0,0,1,1,1,1,1,0.6708,52.367,16.071,2.335,-64.76,10.921,1601,1535,LATE_GPS,0,0,DR_TRACKING_CLOSED
17342.637,4,DR_PM_GBA_CLOSED,1,1,OK,0,0,1,1,1,1,1,0.6698,52.258,16.115,2.335,-68.06,11.476,1568,1502,LATE_GPS,0,0,DR_TRACKING_CLOSED
17342.687,4,DR_PM_GBA_CLOSED,1,1,OK,0,0,1,1,1,1,1,0.6688,52.175,16.197,2.335,-45.04,6.816,1535,1468,LATE_GPS,0,0,DR_TRACKING_CLOSED
17342.737,4,DR_PM_GBA_CLOSED,1,1,OK,0,0,1,1,1,1,1,0.6678,52.1,16.287,2.335,-40.25,5.677,1529,1463,LATE_GPS,0,0,DR_TRACKING_CLOSED
17342.787,4,DR_PM_GBA_CLOSED,1,1,OK,0,0,1,1,1,1,1,0.6668,52.006,16.357,2.335,-53.1,8.586,1542,1476,LATE_GPS,0,0,DR_TRACKING_CLOSED
17342.837,4,DR_PM_GBA_CLOSED,1,1,OK,0,0,1,1,1,1,1,0.6658,51.922,16.443,2.399,-44.42,6.829,1534,1468,LATE_GPS,0,0,DR_TRACKING_CLOSED
17342.887,4,DR_PM_GBA_CLOSED,1,1,OK,0,0,1,1,1,1,1,0.6648,51.848,16.538,2.406,-37.93,5.254,1567,1501,LATE_GPS,0,0,DR_TRACKING_CLOSED
17342.938,4,DR_PM_GBA_CLOSED,1,1,OK,0,0,1,1,1,1,1,0.6638,51.613,16.799,7.0,-41.92,18.141,1601,1534,LATE_GPS,0,0,DR_TRACKING_CLOSED
17342.988,4,DR_PM_GBA_CLOSED,1,1,OK,0,0,1,1,1,1,1,0.6628,51.358,17.04,7.0,-46.66,21.418,1634,1568,LATE_GPS,0,0,DR_TRACKING_CLOSED
17343.038,4,DR_PM_GBA_CLOSED,1,1,OK,0,0,1,1,1,1,1,0.6618,51.087,17.263,7.0,-50.63,24.036,1667,1601,LATE_GPS,0,0,DR_TRACKING_CLOSED
17343.088,4,DR_PM_YBA_OPEN,1,1,OK,0,0,1,1,1,1,1,0.6608,50.737,17.291,7.0,-85.31,20.0,1684,1617,LATE_GPS,0,0,DR_TRACKING_CLOSED
17343.138,4,DR_PM_YBA_OPEN,1,1,OK,0,0,1,1,1,1,1,0.6598,50.386,17.291,7.0,-90.1,20.0,1684,1617,LATE_GPS,0,0,DR_TRACKING_CLOSED
17343.188,4,DR_PM_YBA_OPEN,1,1,OK,0,0,1,1,1,1,1,0.6588,50.036,17.281,7.0,-91.51,20.0,1684,1617,LATE_GPS,0,0,DR_TRACKING_CLOSED
17343.238,4,DR_PM_GBA_CLOSED,1,1,OK,0,0,1,1,1,1,1,0.6578,49.718,17.429,7.0,-65.07,32.46,1717,1651,LATE_GPS,0,0,DR_TRACKING_CLOSED
17343.288,4,DR_PM_GBA_CLOSED,1,1,OK,0,0,1,1,1,1,1,0.6568,49.417,17.61,7.0,-59.05,29.153,1750,1684,LATE_GPS,0,0,DR_TRACKING_CLOSED
17343.338,4,DR_PM_GBA_CLOSED,1,1,OK,0,0,1,1,1,1,1,0.6558,49.129,17.81,7.0,-55.12,26.815,1784,1718,LATE_GPS,0,0,DR_TRACKING_CLOSED
17343.389,4,DR_PM_GBA_CLOSED,1,1,OK,0,0,1,1,1,1,1,0.6548,48.835,18.003,7.0,-56.76,27.783,1807,1741,LATE_GPS,0,0,DR_TRACKING_CLOSED
17343.439,4,DETUMBLING,0,0,DETUMBLING,0,0,1,1,1,1,1,0.6548,48.835,18.003,7.0,-56.76,0.0,1591,1524,LATE_GPS,0,0,DR_TRACKING_CLOSED
17343.489,4,DETUMBLING,0,0,DETUMBLING,0,0,1,1,1,1,1,0.6548,48.835,18.003,7.0,-56.76,0.0,1591,1524,LATE_GPS,0,0,DETUMBLING
17343.539,4,DETUMBLING,0,0,DETUMBLING,0,0,1,1,1,1,1,0.6548,48.835,18.003,7.0,-56.76,0.0,1591,1524,LATE_GPS,0,0,DETUMBLING
17343.589,4,DETUMBLING,0,0,DETUMBLING,0,0,1,1,1,1,1,0.6548,48.835,18.003,7.0,-56.76,0.0,1591,1524,LATE_GPS,0,0,DETUMBLING
17343.639,4,DETUMBLING,0,0,DETUMBLING,0,0,1,1,1,1,1,0.6548,48.835,18.003,7.0,-56.76,0.0,1591,1524,LATE_GPS,0,0,DETUMBLING
17343.689,4,DETUMBLING,0,0,DETUMBLING,0,0,1,1,1,1,1,0.6548,48.835,18.003,7.0,-56.76,0.0,1591,1524,LATE_GPS,0,0,DETUMBLING
17343.739,4,DETUMBLING,0,0,DETUMBLING,0,0,1,1,1,1,1,0.6548,48.835,18.003,7.0,-56.76,0.0,1591,1524,LATE_GPS,0,0,DETUMBLING
17343.79,4,DR_PM_GBA_CLOSED,1,1,OK,0,0,1,1,1,1,1,0.6468,48.283,18.718,2.254,-37.64,4.839,1674,1607,LATE_GPS,0,0,DETUMBLING
17343.84,4,DR_PM_GBA_CLOSED,1,1,OK,0,0,1,1,1,1,1,0.6458,48.238,18.783,1.578,-34.96,2.952,1640,1574,LATE_GPS,0,0,DETUMBLING
17343.89,4,DR_PM_GBA_CLOSED,1,1,OK,0,0,1,1,1,1,1,0.6448,48.224,18.861,1.578,-10.25,-1.193,1607,1541,LATE_GPS,0,0,DR_TRACKING_CLOSED
17343.94,4,DR_PM_GBA_CLOSED,1,1,OK,0,0,1,1,1,1,1,0.6438,48.212,18.971,2.202,-6.22,-2.603,1573,1507,LATE_GPS,0,0,DR_TRACKING_CLOSED
17343.99,4,DR_PM_GBA_CLOSED,1,1,OK,0,0,1,1,1,1,1,0.6428,48.208,19.081,2.202,-2.19,-3.525,1540,1474,LATE_GPS,0,0,DR_TRACKING_CLOSED
17344.04,4,DR_PM_GBA_CLOSED,1,1,OK,0,0,1,1,1,1,1,0.6418,48.206,19.159,1.547,-1.27,-2.621,1570,1503,LATE_GPS,0,0,DR_TRACKING_CLOSED
17344.09,4,DR_PM_GBA_CLOSED,1,1,OK,0,0,1,1,1,1,1,0.6408,48.205,19.236,1.545,-0.34,-2.76,1569,1503,LATE_GPS,0,0,DR_TRACKING_CLOSED
17344.14,4,DR_PM_GBA_CLOSED,1,1,OK,0,0,1,1,1,1,1,0.6397,48.206,19.313,1.542,0.59,-2.896,1569,1503,LATE_GPS,0,0,DR_TRACKING_CLOSED
17344.191,4,DR_PM_GBA_CLOSED,1,1,OK,0,0,1,1,1,1,1,0.6387,48.208,19.391,1.542,1.51,-3.036,1569,1503,LATE_GPS,0,0,DR_TRACKING_CLOSED
17344.241,4,DR_PM_GBA_CLOSED,1,1,OK,0,0,1,1,1,1,1,0.6377,48.208,19.445,1.079,0.17,-1.976,1603,1536,LATE_GPS,0,0,DR_TRACKING_CLOSED
17344.291,4,DR_PM_GBA_CLOSED,1,1,OK,0,0,1,1,1,1,1,0.6367,48.212,19.499,1.079,4.19,-2.407,1569,1503,LATE_GPS,0,0,DR_TRACKING_CLOSED
17344.341,4,DR_PM_GBA_CLOSED,1,1,OK,0,0,1,1,1,1,1,0.6357,48.233,19.644,2.939,8.22,-7.7,1536,1469,LATE_GPS,0,0,DR_TRACKING_CLOSED
17344.391,4,DR_PM_GBA_CLOSED,1,1,OK,0,0,1,1,1,1,1,0.6347,48.265,19.788,2.939,12.25,-8.801,1502,1436,LATE_GPS,0,0,DR_TRACKING_CLOSED
17344.441,4,DR_PM_GBA_CLOSED,1,1,OK,0,0,1,1,1,1,1,0.6337,48.293,19.887,2.057,16.28,-6.898,1471,1405,LATE_GPS,0,0,DR_TRACKING_CLOSED
17344.491,4,DR_PM_GBA_CLOSED,1,1,OK,0,0,1,1,1,1,1,0.6327,48.329,19.984,2.057,20.3,-7.599,1468,1402,LATE_GPS,0,0,DR_TRACKING_CLOSED
17344.542,4,DETUMBLING,0,0,DETUMBLING,0,0,1,1,1,1,1,0.6327,48.329,19.984,2.057,20.3,0.0,1591,1524,LATE_GPS,0,0,DR_TRACKING_CLOSED
17344.592,4,DR_PM_GBA_CLOSED,1,1,OK,0,0,1,1,1,1,1,0.6307,48.373,20.122,1.44,17.61,-4.976,1535,1469,LATE_GPS,0,0,DR_TRACKING_CLOSED
17344.642,4,DR_PM_GBA_CLOSED,1,1,OK,0,0,1,1,1,1,1,0.6297,48.462,20.428,6.366,16.26,-21.237,1502,1435,LATE_GPS,0,0,DR_TRACKING_CLOSED
17344.692,4,DR_PM_GBA_CLOSED,1,1,OK,0,0,1,1,1,1,1,0.6287,48.544,20.736,6.366,14.92,-20.468,1501,1435,LATE_GPS,0,0,DR_TRACKING_CLOSED
17344.742,4,DR_PM_GBA_CLOSED,1,1,OK,0,0,1,1,1,1,1,0.6277,48.609,21.049,6.365,11.7,-18.608,1535,1468,LATE_GPS,0,0,DR_TRACKING_CLOSED
17344.792,4,DETUMBLING,0,0,DETUMBLING,0,0,1,1,1,1,1,0.6277,48.609,21.049,6.365,11.7,0.0,1591,1524,LATE_GPS,0,0,DR_TRACKING_CLOSED
17344.842,4,DETUMBLING,0,0,DETUMBLING,0,0,1,1,1,1,1,0.6277,48.609,21.049,6.365,11.7,0.0,1591,1524,LATE_GPS,0,0,DR_TRACKING_CLOSED
17344.892,4,DETUMBLING,0,0,DETUMBLING,0,0,1,1,1,1,1,0.6277,48.609,21.049,6.365,11.7,0.0,1591,1524,LATE_GPS,0,0,DR_TRACKING_CLOSED
17344.943,4,DETUMBLING,0,0,DETUMBLING,0,0,1,1,1,1,1,0.6277,48.609,21.049,6.365,11.7,0.0,1591,1524,LATE_GPS,0,0,DR_TRACKING_CLOSED
17344.993,4,DETUMBLING,0,0,DETUMBLING,0,0,1,1,1,1,1,0.6277,48.609,21.049,6.365,11.7,0.0,1591,1524,LATE_GPS,0,0,DR_TRACKING_CLOSED
17345.043,4,DR_PM_GBA_CLOSED,1,1,OK,0,0,1,1,1,1,1,0.6217,48.879,22.651,5.4,9.58,-14.658,1518,1452,LATE_GPS,0,0,DR_TRACKING_CLOSED
17345.093,4,DETUMBLING,0,0,DETUMBLING,0,0,1,1,1,1,1,0.6217,48.879,22.651,5.4,9.58,0.0,1591,1524,LATE_GPS,0,0,DR_TRACKING_CLOSED
17345.143,4,DETUMBLING,0,0,DETUMBLING,0,0,1,1,1,1,1,0.6217,48.879,22.651,5.4,9.58,0.0,1591,1524,LATE_GPS,0,0,DR_TRACKING_CLOSED
17345.193,4,DETUMBLING,0,0,DETUMBLING,0,0,1,1,1,1,1,0.6217,48.879,22.651,5.4,9.58,0.0,1591,1524,LATE_GPS,0,0,DR_TRACKING_CLOSED
17345.243,4,DR_PM_GBA_CLOSED,1,1,OK,0,0,1,1,1,1,1,0.6177,48.842,23.302,3.253,-3.23,-4.781,1650,1584,LATE_GPS,0,0,DR_TRACKING_CLOSED
17345.294,4,DR_PM_GBA_CLOSED,1,1,OK,0,0,1,1,1,1,1,0.6167,48.832,23.465,3.253,-3.59,-4.661,1616,1550,LATE_GPS,0,0,DR_TRACKING_CLOSED
17345.344,4,DR_PM_GBA_CLOSED,1,1,OK,0,0,1,1,1,1,1,0.6157,48.821,23.627,3.253,-3.94,-4.541,1591,1524,LATE_GPS,0,0,DR_TRACKING_CLOSED
17345.394,4,DR_PM_GBA_CLOSED,1,1,OK,0,0,1,1,1,1,1,0.6147,48.809,23.79,3.253,-4.29,-4.422,1591,1524,LATE_GPS,0,0,DR_TRACKING_CLOSED
17345.444,4,DR_PM_GBA_CLOSED,1,1,OK,0,0,1,1,1,1,1,0.6137,48.8,23.904,2.277,-4.65,-3.011,1591,1524,LATE_GPS,0,0,DR_TRACKING_CLOSED
17345.494,4,DR_PM_YBA_OPEN,1,1,OK,0,0,1,1,1,1,1,0.6127,48.719,23.823,2.277,-135.43,13.321,1624,1558,LATE_GPS,0,0,DR_TRACKING_CLOSED
17345.545,4,DR_PM_YBA_OPEN,1,1,OK,0,0,1,1,1,1,1,0.6117,48.616,23.655,3.9,-148.3,20.0,1658,1592,LATE_GPS,0,0,DR_TRACKING_CLOSED
17345.595,4,DR_PM_YBA_OPEN,1,1,OK,0,0,1,1,1,1,1,0.6107,48.501,23.497,3.9,-143.97,20.0,1684,1617,LATE_GPS,0,0,DR_TRACKING_CLOSED
17345.645,4,DR_PM_YBA_OPEN,1,1,OK,0,0,1,1,1,1,1,0.6097,48.399,23.405,2.73,-132.11,15.893,1661,1595,LATE_GPS,0,0,DR_TRACKING_CLOSED
17345.695,4,DR_PM_YBA_OPEN,1,1,OK,0,0,1,1,1,1,1,0.6087,48.279,23.339,2.73,-118.79,15.867,1661,1595,LATE_GPS,0,0,DR_TRACKING_CLOSED
17345.746,4,DR_PM_YBA_OPEN,1,1,OK,0,0,1,1,1,1,1,0.6076,48.186,23.313,1.911,-105.29,11.08,1639,1573,LATE_GPS,0,0,DR_TRACKING_CLOSED
17345.796,4,DR_PM_YBA_OPEN,1,1,OK,0,0,1,1,1,1,1,0.6066,48.093,23.289,1.911,-104.7,11.056,1639,1572,LATE_GPS,0,0,DR_TRACKING_CLOSED
17345.846,4,DR_PM_YBA_OPEN,1,1,OK,0,0,1,1,1,1,1,0.6056,48.031,23.264,1.338,-112.13,7.736,1626,1559,LATE_GPS,0,0,DR_TRACKING_CLOSED
17345.896,4,DR_PM_YBA_OPEN,1,1,OK,0,0,1,1,1,1,1,0.6046,47.971,23.234,1.338,-116.61,7.723,1626,1559,LATE_GPS,0,0,DR_TRACKING_CLOSED
17345.946,4,DR_PM_YBA_OPEN,1,1,OK,0,0,1,1,1,1,1,0.6036,47.931,23.18,1.338,-143.31,7.71,1626,1559,LATE_GPS,0,0,DR_TRACKING_CLOSED
17345.996,4,DR_PM_YBA_OPEN,1,1,OK,0,0,1,1,1,1,1,0.6026,47.899,23.121,1.338,-151.28,7.697,1626,1559,LATE_GPS,0,0,DR_TRACKING_CLOSED
17346.047,4,DR_PM_YBA_OPEN,1,1,OK,0,0,1,1,1,1,1,0.6016,47.755,22.801,7.0,-155.73,20.0,1659,1593,LATE_GPS,0,0,DR_TRACKING_CLOSED
17346.097,4,DR_PM_YBA_OPEN,1,1,OK,0,0,1,1,1,1,1,0.6006,47.591,22.491,7.0,-152.14,20.0,1684,1617,LATE_GPS,0,0,DR_TRACKING_CLOSED
17346.147,4,DR_PM_GBA_CLOSED,1,1,OK,0,0,1,1,1,1,1,0.5996,47.555,22.84,7.0,-5.84,-8.037,1650,1584,LATE_GPS,0,0,DR_TRACKING_CLOSED
17346.197,4,DR_PM_GBA_CLOSED,1,1,OK,0,0,1,1,1,1,1,0.5986,47.502,23.187,7.0,-8.74,-6.033,1617,1551,LATE_GPS,0,0,DR_TRACKING_CLOSED
17346.247,4,DR_PM_GBA_CLOSED,1,1,OK,0,0,1,1,1,1,1,0.5976,47.431,23.531,7.0,-11.65,-4.016,1645,1578,LATE_GPS,0,0,DR_TRACKING_CLOSED
17346.297,4,DR_PM_GBA_CLOSED,1,1,OK,0,0,1,1,1,1,1,0.5966,47.343,23.87,7.0,-14.56,0.0,1649,1582,LATE_GPS,0,0,DR_TRACKING_CLOSED
17346.347,4,DR_PM_GBA_CLOSED,1,1,OK,0,0,1,1,1,1,1,0.5956,47.237,24.206,7.0,-17.47,0.0,1649,1582,LATE_GPS,0,0,DR_TRACKING_CLOSED
17346.398,4,DR_PM_GBA_CLOSED,1,1,OK,0,0,1,1,1,1,1,0.5946,47.141,24.465,5.514,-20.38,0.0,1649,1582,LATE_GPS,0,0,DR_TRACKING_CLOSED
17346.448,4,DR_PM_GBA_CLOSED,1,1,OK,0,0,1,1,1,1,1,0.5936,47.032,24.719,5.514,-23.28,3.195,1652,1586,LATE_GPS,0,0,DR_TRACKING_CLOSED
17346.498,4,DR_PM_YBA_OPEN,1,1,OK,0,0,1,1,1,1,1,0.5926,46.99,24.371,7.0,-173.13,20.0,1684,1617,LATE_GPS,0,0,DR_TRACKING_CLOSED
17346.548,4,DR_PM_YBA_OPEN,1,1,OK,0,0,1,1,1,1,1,0.5916,46.954,24.022,7.0,-174.16,20.0,1684,1617,LATE_GPS,0,0,DR_TRACKING_CLOSED
17346.598,4,DR_PM_YBA_OPEN,1,1,OK,0,0,1,1,1,1,1,0.5906,46.919,23.673,7.0,-174.32,20.0,1684,1617,LATE_GPS,0,0,DR_TRACKING_CLOSED
17346.648,4,DR_PM_YBA_OPEN,1,1,OK,0,0,1,1,1,1,1,0.5896,46.88,23.324,7.0,-173.58,20.0,1684,1617,LATE_GPS,0,0,DR_TRACKING_CLOSED
17346.698,4,DR_PM_YBA_OPEN,1,1,OK,0,0,1,1,1,1,1,0.5886,46.595,23.118,7.0,-125.87,20.0,1684,1617,LATE_GPS,0,0,DR_TRACKING_CLOSED
17346.748,4,DETUMBLING,0,0,DETUMBLING,0,0,1,1,1,1,1,0.5886,46.595,23.118,7.0,-125.87,0.0,1591,1524,LATE_GPS,0,0,DR_TRACKING_CLOSED
17346.799,4,DETUMBLING,0,0,DETUMBLING,0,0,1,1,1,1,1,0.5886,46.595,23.118,7.0,-125.87,0.0,1591,1524,LATE_GPS,0,0,DR_TRACKING_CLOSED
17346.851,4,DETUMBLING,0,0,DETUMBLING,0,0,1,1,1,1,1,0.5886,46.595,23.118,7.0,-125.87,0.0,1591,1524,LATE_GPS,0,0,DR_TRACKING_CLOSED
17346.901,4,DETUMBLING,0,0,DETUMBLING,0,0,1,1,1,1,1,0.5886,46.595,23.118,7.0,-125.87,0.0,1591,1524,LATE_GPS,0,0,DR_TRACKING_CLOSED
17346.952,4,DETUMBLING,0,0,DETUMBLING,0,0,1,1,1,1,1,0.5886,46.595,23.118,7.0,-125.87,0.0,1591,1524,LATE_GPS,0,0,DR_TRACKING_CLOSED
17347.002,4,DR_PM_YBA_OPEN,1,1,OK,0,0,1,1,1,1,1,0.5825,46.674,21.648,4.847,176.96,20.0,1684,1617,LATE_GPS,0,0,DR_TRACKING_CLOSED
17347.052,4,DR_PM_YBA_OPEN,1,1,OK,0,0,1,1,1,1,1,0.5815,46.688,21.448,4.0,175.86,20.0,1684,1617,LATE_GPS,0,0,DR_TRACKING_CLOSED
17347.102,4,DR_PM_YBA_OPEN,1,1,OK,0,0,1,1,1,1,1,0.5805,46.656,21.25,4.0,-170.88,20.0,1684,1617,LATE_GPS,0,0,DR_TRACKING_CLOSED
17347.152,4,DR_PM_YBA_OPEN,1,1,OK,0,0,1,1,1,1,1,0.5795,46.59,21.061,4.0,-160.76,20.0,1684,1617,LATE_GPS,0,0,DR_TRACKING_CLOSED
17347.203,4,DR_PM_YBA_OPEN,1,1,OK,0,0,1,1,1,1,1,0.5785,46.479,20.894,4.0,-146.23,20.0,1684,1617,LATE_GPS,0,0,DR_TRACKING_CLOSED
17347.253,4,DR_PM_YBA_OPEN,1,1,OK,0,0,1,1,1,1,1,0.5775,46.285,20.602,7.0,-146.46,20.0,1684,1617,LATE_GPS,0,0,DR_TRACKING_CLOSED
17347.303,4,DR_PM_YBA_OPEN,1,1,OK,0,0,1,1,1,1,1,0.5765,46.119,20.292,7.0,-151.83,20.0,1684,1617,LATE_GPS,0,0,DR_TRACKING_CLOSED
17347.353,4,DR_PM_YBA_OPEN,1,1,OK,0,0,1,1,1,1,1,0.5755,46.173,19.946,7.0,171.13,20.0,1684,1617,LATE_GPS,0,0,DR_TRACKING_CLOSED
17347.403,4,DETUMBLING,0,0,DETUMBLING,0,0,1,1,1,1,1,0.5755,46.173,19.946,7.0,171.13,0.0,1591,1524,LATE_GPS,0,0,DR_TRACKING_CLOSED
17347.454,4,DR_PM_YBA_OPEN,1,1,OK,0,0,1,1,1,1,1,0.5735,46.398,19.278,7.0,161.38,-20.0,1616,1550,LATE_GPS,0,0,DR_TRACKING_CLOSED
17347.504,4,DR_PM_YBA_OPEN,1,1,OK,0,0,1,1,1,1,1,0.5725,46.527,18.951,7.0,158.51,-20.0,1583,1517,LATE_GPS,0,0,DR_TRACKING_CLOSED
17347.554,4,GPS_TRACKING_OPEN,1,1,OK,1,1,1,1,1,1,1,1.0,106.32,9.118,4.971,21.34,-35.0,1550,1483,LATE_GPS,0,0,GPS_TRACKING_CLOSED
17347.604,4,GPS_TRACKING_OPEN,1,1,OK,1,1,1,1,1,1,1,1.0,106.32,9.118,4.971,21.34,-35.0,1516,1450,LATE_GPS,0,0,GPS_TRACKING_CLOSED
17347.654,4,GPS_TRACKING_CLOSED,1,1,OK,1,1,1,1,1,1,1,1.0,106.32,9.118,4.971,21.34,-35.05,1483,1417,LATE_GPS,0,0,GPS_TRACKING_CLOSED
17347.704,4,GPS_TRACKING_OPEN,1,1,OK,1,1,1,1,1,1,1,1.0,106.32,9.118,4.971,21.34,-35.0,1449,1383,LATE_GPS,0,0,GPS_TRACKING_CLOSED
17347.755,4,GPS_TRACKING_OPEN,1,1,OK,1,1,1,1,1,1,1,1.0,106.32,9.118,4.971,21.34,-35.0,1416,1350,LATE_GPS,0,0,GPS_TRACKING_CLOSED
17347.805,4,GPS_TRACKING_OPEN,1,1,OK,1,1,1,1,1,1,1,1.0,106.32,9.118,4.971,21.34,-35.0,1382,1316,LATE_GPS,0,0,GPS_TRACKING_CLOSED
17347.855,4,GPS_TRACKING_OPEN,1,1,OK,1,1,1,1,1,1,1,1.0,106.32,9.118,4.971,21.34,-35.0,1349,1283,LATE_GPS,0,0,GPS_TRACKING_CLOSED
17347.905,4,GPS_TRACKING_OPEN,1,1,OK,1,1,1,1,1,1,1,1.0,106.32,9.118,4.971,21.34,-35.0,1315,1249,LATE_GPS,0,0,GPS_TRACKING_CLOSED
17347.956,4,GPS_TRACKING_CLOSED,1,1,OK,1,1,1,1,1,1,1,1.0,106.32,9.118,4.971,21.34,-35.05,1349,1283,LATE_GPS,0,0,GPS_TRACKING_CLOSED
17348.006,4,GPS_TRACKING_CLOSED,1,1,OK,1,1,1,1,1,1,1,1.0,106.32,9.118,4.971,21.34,-35.05,1382,1316,LATE_GPS,0,0,GPS_TRACKING_CLOSED
17348.057,4,GPS_TRACKING_CLOSED,1,1,OK,1,1,1,1,1,1,1,1.0,106.32,9.118,4.971,21.34,-35.05,1393,1327,LATE_GPS,0,0,GPS_TRACKING_CLOSED
17348.107,4,GPS_TRACKING_CLOSED,1,1,OK,1,1,1,1,1,1,1,1.0,106.32,9.118,4.971,21.34,-35.05,1393,1327,LATE_GPS,0,0,GPS_TRACKING_CLOSED
17348.157,4,GPS_TRACKING_CLOSED,1,1,OK,1,1,1,1,1,1,1,1.0,106.32,9.118,4.971,21.34,-35.05,1360,1294,LATE_GPS,0,0,GPS_TRACKING_CLOSED
17348.207,4,GPS_TRACKING_CLOSED,1,1,OK,1,1,1,1,1,1,1,1.0,106.32,9.118,4.971,21.34,-35.05,1326,1260,LATE_GPS,0,0,GPS_TRACKING_CLOSED
17348.258,4,GPS_TRACKING_CLOSED,1,1,OK,1,1,1,1,1,1,1,1.0,106.32,9.118,4.971,21.34,-35.05,1293,1227,LATE_GPS,0,0,GPS_TRACKING_CLOSED
17348.308,4,GPS_TRACKING_CLOSED,1,1,OK,1,1,1,1,1,1,1,1.0,106.32,9.118,4.971,21.34,-35.05,1260,1193,LATE_GPS,0,0,GPS_TRACKING_CLOSED
17348.358,4,GPS_TRACKING_CLOSED,1,1,OK,1,1,1,1,1,1,1,1.0,106.32,9.118,4.971,21.34,-35.05,1226,1160,LATE_GPS,0,0,GPS_TRACKING_CLOSED
17348.408,4,GPS_TRACKING_CLOSED,1,1,OK,1,1,1,1,1,1,1,1.0,106.32,9.118,4.971,21.34,-35.05,1193,1127,LATE_GPS,0,0,GPS_TRACKING_CLOSED
17348.458,4,GPS_TRACKING_CLOSED,1,1,OK,1,1,1,1,1,1,1,1.0,106.32,9.118,4.971,21.34,-35.05,1159,1093,LATE_GPS,0,0,GPS_TRACKING_CLOSED
17348.508,4,GPS_TRACKING_CLOSED,1,1,OK,1,1,1,1,1,1,1,1.0,106.32,9.118,4.971,21.34,-35.05,1144,1078,LATE_GPS,0,0,GPS_TRACKING_CLOSED
17348.559,4,GPS_TRACKING_CLOSED,1,1,OK,1,1,1,1,1,1,1,1.0,106.32,9.118,4.971,21.34,-35.05,1144,1078,LATE_GPS,0,0,GPS_TRACKING_CLOSED
17348.609,4,GPS_TRACKING_CLOSED,1,1,OK,1,1,1,1,1,1,1,1.0,106.32,9.118,4.971,21.34,-35.05,1144,1078,LATE_GPS,0,0,GPS_TRACKING_CLOSED
17348.659,4,GPS_TRACKING_CLOSED,1,1,OK,1,1,1,1,1,1,1,1.0,106.32,9.118,4.971,21.34,-35.05,1178,1112,LATE_GPS,0,0,GPS_TRACKING_CLOSED
17348.709,4,GPS_TRACKING_CLOSED,1,1,OK,1,1,1,1,1,1,1,1.0,106.32,9.118,4.971,21.34,-35.05,1144,1078,LATE_GPS,0,0,GPS_TRACKING_CLOSED
17348.759,4,GPS_TRACKING_CLOSED,1,1,OK,1,1,1,1,1,1,1,1.0,106.32,9.118,4.971,21.34,-35.05,1144,1078,LATE_GPS,0,0,GPS_TRACKING_CLOSED
17348.81,4,GPS_TRACKING_CLOSED,1,1,OK,1,1,1,1,1,1,1,1.0,106.32,9.118,4.971,21.34,-35.05,1144,1078,LATE_GPS,0,0,GPS_TRACKING_CLOSED
17348.86,4,GPS_TRACKING_CLOSED,1,1,OK,1,1,1,1,1,1,1,1.0,106.32,9.118,4.971,21.34,-35.05,1144,1078,LATE_GPS,0,0,GPS_TRACKING_CLOSED
17348.91,4,GPS_TRACKING_OPEN,1,1,OK,1,1,1,1,1,1,1,1.0,106.32,9.118,4.971,21.34,-35.0,1178,1111,LATE_GPS,0,0,GPS_TRACKING_CLOSED
17348.96,4,GPS_TRACKING_CLOSED,1,1,OK,1,1,1,1,1,1,1,1.0,106.32,9.118,4.971,21.34,-35.05,1163,1096,LATE_GPS,0,0,GPS_TRACKING_CLOSED
17349.011,4,GPS_TRACKING_CLOSED,1,1,OK,1,1,1,1,1,1,1,1.0,106.32,9.118,4.971,21.34,-35.05,1163,1096,LATE_GPS,0,0,GPS_TRACKING_CLOSED
17349.061,4,GPS_TRACKING_CLOSED,1,1,OK,1,1,1,1,1,1,1,1.0,106.32,9.118,4.971,21.34,-35.05,1163,1096,LATE_GPS,0,0,GPS_TRACKING_CLOSED
17349.111,4,GPS_TRACKING_OPEN,1,1,OK,1,1,1,1,1,1,1,1.0,106.32,9.118,4.971,21.34,-35.0,1196,1130,LATE_GPS,0,0,GPS_TRACKING_CLOSED
17349.162,4,GPS_TRACKING_OPEN,1,1,OK,1,1,1,1,1,1,1,1.0,106.32,9.118,4.971,21.34,-35.0,1230,1164,LATE_GPS,0,0,GPS_TRACKING_CLOSED
17349.212,4,GPS_TRACKING_OPEN,1,1,OK,1,1,1,1,1,1,1,1.0,106.32,9.118,4.971,21.34,-35.0,1263,1197,LATE_GPS,0,0,GPS_TRACKING_CLOSED
17349.262,4,GPS_TRACKING_OPEN,1,1,OK,1,1,1,1,1,1,1,1.0,106.32,9.118,4.971,21.34,-35.0,1268,1202,LATE_GPS,0,0,GPS_TRACKING_CLOSED
17349.312,4,GPS_TRACKING_CLOSED,1,1,OK,1,1,1,1,1,1,1,1.0,106.32,9.118,4.971,21.34,-35.05,1235,1169,LATE_GPS,0,0,GPS_TRACKING_CLOSED
17349.362,4,GPS_TRACKING_OPEN,1,1,OK,1,1,1,1,1,1,1,1.0,106.32,9.118,4.971,21.34,-35.0,1268,1202,LATE_GPS,0,0,GPS_TRACKING_CLOSED
17349.413,4,DETUMBLING,0,0,DETUMBLING,1,1,1,1,1,1,1,1.0,106.32,9.118,4.971,21.34,0.0,1591,1524,LATE_GPS,0,0,GPS_TRACKING_CLOSED
17349.463,4,DETUMBLING,0,0,DETUMBLING,1,1,1,1,1,1,1,1.0,106.32,9.118,4.971,21.34,0.0,1591,1524,LATE_GPS,0,0,GPS_TRACKING_CLOSED
17349.513,4,DETUMBLING,0,0,DETUMBLING,1,1,1,1,1,1,1,1.0,106.32,9.118,4.971,21.34,0.0,1591,1524,LATE_GPS,0,0,GPS_TRACKING_CLOSED
17349.563,4,DETUMBLING,0,0,DETUMBLING,1,1,1,1,1,1,1,1.0,106.32,9.118,4.971,21.34,0.0,1591,1524,LATE_GPS,0,0,GPS_TRACKING_CLOSED
17349.613,4,DETUMBLING,0,0,DETUMBLING,1,1,1,1,1,1,1,1.0,106.32,9.118,4.971,21.34,0.0,1591,1524,LATE_GPS,0,0,GPS_TRACKING_CLOSED
17349.663,4,DETUMBLING,0,0,DETUMBLING,1,1,1,1,1,1,1,1.0,106.32,9.118,4.971,21.34,0.0,1591,1524,LATE_GPS,0,0,GPS_TRACKING_CLOSED
17349.714,4,DETUMBLING,0,0,DETUMBLING,1,1,1,1,1,1,1,1.0,106.32,9.118,4.971,21.34,0.0,1591,1524,LATE_GPS,0,0,GPS_TRACKING_CLOSED
17349.764,4,DETUMBLING,0,0,DETUMBLING,1,1,1,1,1,1,1,1.0,106.32,9.118,4.971,21.34,0.0,1591,1524,LATE_GPS,0,0,GPS_TRACKING_CLOSED
17349.814,4,DETUMBLING,0,0,DETUMBLING,1,1,1,1,1,1,1,1.0,106.32,9.118,4.971,21.34,0.0,1591,1524,LATE_GPS,0,0,GPS_TRACKING_CLOSED
17349.864,4,GPS_TRACKING_CLOSED,1,1,OK,1,1,1,1,1,1,1,1.0,106.32,9.118,4.971,21.34,-35.05,1135,1069,LATE_GPS,0,0,GPS_TRACKING_CLOSED
17349.914,4,GPS_TRACKING_CLOSED,1,1,OK,1,1,1,1,1,1,1,1.0,106.32,9.118,4.971,21.34,-35.05,1168,1102,LATE_GPS,0,0,GPS_TRACKING_CLOSED
17349.967,4,GPS_TRACKING_CLOSED,1,1,OK,1,1,1,1,1,1,1,1.0,106.32,9.118,4.971,21.34,-35.05,1203,1137,LATE_GPS,0,0,GPS_TRACKING_CLOSED
17350.017,4,GPS_TRACKING_CLOSED,1,1,OK,1,1,1,1,1,1,1,1.0,106.32,9.118,4.971,21.34,-35.05,1209,1143,LATE_GPS,0,0,GPS_TRACKING_CLOSED
17350.067,4,GPS_TRACKING_CLOSED,1,1,OK,1,1,1,1,1,1,1,1.0,106.32,9.118,4.971,21.34,-35.05,1209,1143,LATE_GPS,0,0,GPS_TRACKING_CLOSED
17350.117,4,GPS_TRACKING_CLOSED,1,1,OK,1,1,1,1,1,1,1,1.0,106.32,9.118,4.971,21.34,-35.05,1209,1143,LATE_GPS,0,0,GPS_TRACKING_CLOSED
17350.167,4,GPS_TRACKING_CLOSED,1,1,OK,1,1,1,1,1,1,1,1.0,106.32,9.118,4.971,21.34,-35.05,1176,1110,LATE_GPS,0,0,GPS_TRACKING_CLOSED
17350.217,4,GPS_TRACKING_CLOSED,1,1,OK,1,1,1,1,1,1,1,1.0,106.32,9.118,4.971,21.34,-35.05,1142,1076,LATE_GPS,0,0,GPS_TRACKING_CLOSED
17350.267,4,GPS_TRACKING_CLOSED,1,1,OK,1,1,1,1,1,1,1,1.0,106.32,9.118,4.971,21.34,-35.05,1109,1043,LATE_GPS,0,0,GPS_TRACKING_CLOSED
17350.318,4,GPS_TRACKING_CLOSED,1,1,OK,1,1,1,1,1,1,1,1.0,106.32,9.118,4.971,21.34,-35.05,1098,1032,LATE_GPS,0,0,GPS_TRACKING_CLOSED
17350.368,4,GPS_TRACKING_CLOSED,1,1,OK,1,1,1,1,1,1,1,1.0,106.32,9.118,4.971,21.34,-35.05,1098,1032,LATE_GPS,0,0,GPS_TRACKING_CLOSED
17350.418,4,GPS_TRACKING_CLOSED,1,1,OK,1,1,1,1,1,1,1,1.0,106.32,9.118,4.971,21.34,-35.05,1098,1032,LATE_GPS,0,0,GPS_TRACKING_CLOSED
17350.468,4,DETUMBLING,0,0,DETUMBLING,1,1,1,1,1,1,1,1.0,106.32,9.118,4.971,21.34,0.0,1591,1524,LATE_GPS,0,0,GPS_TRACKING_CLOSED
17350.518,4,DETUMBLING,0,0,DETUMBLING,1,1,1,1,1,1,1,1.0,106.32,9.118,4.971,21.34,0.0,1591,1524,LATE_GPS,0,0,GPS_TRACKING_CLOSED
17350.569,4,DETUMBLING,0,0,DETUMBLING,1,1,1,1,1,1,1,1.0,106.32,9.118,4.971,21.34,0.0,1591,1524,LATE_GPS,0,0,GPS_TRACKING_CLOSED
17350.619,4,GPS_TRACKING_CLOSED,1,1,OK,1,1,1,1,1,1,1,1.0,106.32,9.118,4.971,21.34,-35.05,1154,1087,LATE_GPS,0,0,GPS_TRACKING_CLOSED
17350.669,4,GPS_TRACKING_CLOSED,1,1,OK,1,1,1,1,1,1,1,1.0,106.32,9.118,4.971,21.34,-35.05,1154,1087,LATE_GPS,0,0,GPS_TRACKING_CLOSED
17350.719,4,GPS_TRACKING_CLOSED,1,1,OK,1,1,1,1,1,1,1,1.0,106.32,9.118,4.971,21.34,-35.05,1120,1054,LATE_GPS,0,0,GPS_TRACKING_CLOSED
17350.769,4,GPS_TRACKING_CLOSED,1,1,OK,1,1,1,1,1,1,1,1.0,106.32,9.118,4.971,21.34,-35.05,1087,1020,LATE_GPS,0,0,GPS_TRACKING_CLOSED
17350.819,4,GPS_TRACKING_CLOSED,1,1,OK,1,1,1,1,1,1,1,1.0,106.32,9.118,4.971,21.34,-35.05,1120,1054,LATE_GPS,0,0,GPS_TRACKING_CLOSED
17350.87,4,GPS_TRACKING_CLOSED,1,1,OK,1,1,1,1,1,1,1,1.0,106.32,9.118,4.971,21.34,-35.05,1154,1087,LATE_GPS,0,0,GPS_TRACKING_CLOSED
17350.92,4,GPS_TRACKING_CLOSED,1,1,OK,1,1,1,1,1,1,1,1.0,106.32,9.118,4.971,21.34,-35.05,1187,1121,LATE_GPS,0,0,GPS_TRACKING_CLOSED
17350.97,4,DR_PM_GBA_CLOSED,1,1,OK,0,1,1,1,1,1,1,1.0,106.332,9.144,0.568,25.17,-4.241,1221,1154,LATE_GPS,0,0,GPS_TRACKING_CLOSED
17351.02,4,DR_PM_GBA_CLOSED,1,1,OK,0,1,1,1,1,1,1,1.0,106.345,9.169,0.568,26.19,-4.301,1254,1188,LATE_GPS,0,0,GPS_TRACKING_CLOSED
17351.07,4,DR_PM_YBA_OPEN,1,1,OK,0,1,1,1,1,1,1,1.0,106.367,9.188,0.568,50.11,-5.272,1287,1221,LATE_GPS,0,0,GPS_TRACKING_CLOSED
17351.121,4,DETUMBLING,0,0,DETUMBLING,0,1,1,1,1,1,1,1.0,106.367,9.188,0.568,50.11,0.0,1591,1524,LATE_GPS,0,0,GPS_TRACKING_CLOSED
17351.171,4,DETUMBLING,0,0,DETUMBLING,0,1,1,1,1,1,1,1.0,106.367,9.188,0.568,50.11,0.0,1591,1524,LATE_GPS,0,0,GPS_TRACKING_CLOSED
17351.221,4,DR_PM_YBA_OPEN,1,1,OK,0,1,1,1,1,1,1,1.0,106.45,9.209,0.568,75.83,-5.424,1388,1321,LATE_GPS,0,0,GPS_TRACKING_CLOSED
17351.271,4,DR_PM_YBA_OPEN,1,1,OK,0,1,1,1,1,1,1,1.0,106.478,9.211,0.568,85.79,-5.424,1421,1355,LATE_GPS,0,0,GPS_TRACKING_CLOSED
17351.321,4,DR_PM_YBA_OPEN,1,1,OK,0,1,1,1,1,1,1,1.0,106.506,9.21,0.568,92.34,-5.424,1454,1388,LATE_GPS,0,0,GPS_TRACKING_CLOSED
17351.372,4,DR_PM_YBA_OPEN,1,1,OK,0,1,1,1,1,1,1,1.0,106.566,9.197,1.199,102.37,-11.452,1488,1422,LATE_GPS,0,0,GPS_TRACKING_CLOSED
17351.422,4,DR_PM_YBA_OPEN,1,1,OK,0,1,1,1,1,1,1,1.0,106.624,9.18,1.199,106.09,-11.452,1522,1455,LATE_GPS,0,0,GPS_TRACKING_CLOSED
17351.472,4,DR_PM_GBA_CLOSED,1,1,OK,0,1,1,1,1,1,1,1.0,106.633,9.24,1.203,8.78,-6.602,1555,1489,LATE_GPS,0,0,GPS_TRACKING_CLOSED
17351.523,4,DR_PM_GBA_CLOSED,1,1,OK,0,1,1,1,1,1,1,1.0,106.643,9.3,1.208,10.43,-6.903,1522,1456,LATE_GPS,0,0,GPS_TRACKING_CLOSED
17351.573,4,DR_PM_GBA_CLOSED,1,1,OK,0,0,1,1,1,1,1,1.0,106.657,9.359,1.213,13.86,-7.473,1489,1422,LATE_GPS,0,0,GPS_TRACKING_CLOSED
17351.623,4,DR_PM_GBA_CLOSED,1,1,OK,0,0,1,1,1,1,1,1.0,106.677,9.416,1.213,18.48,-8.163,1455,1389,LATE_GPS,0,0,GPS_TRACKING_CLOSED
17351.674,4,DR_PM_YBA_OPEN,1,1,OK,0,0,1,1,1,1,1,1.0,106.739,9.416,1.213,90.57,-11.581,1489,1423,LATE_GPS,0,0,GPS_TRACKING_CLOSED
17351.724,4,DETUMBLING,0,0,DETUMBLING,0,0,1,1,1,1,1,1.0,106.739,9.416,1.213,90.57,0.0,1591,1524,LATE_GPS,0,0,GPS_TRACKING_CLOSED
17351.774,4,DETUMBLING,0,0,DETUMBLING,0,0,1,1,1,1,1,1.0,106.739,9.416,1.213,90.57,0.0,1591,1524,LATE_GPS,0,0,GPS_TRACKING_CLOSED
17351.824,4,DETUMBLING,0,0,DETUMBLING,0,0,1,1,1,1,1,1.0,106.739,9.416,1.213,90.57,0.0,1591,1524,LATE_GPS,0,0,GPS_TRACKING_CLOSED
17351.874,4,DETUMBLING,0,0,DETUMBLING,0,0,1,1,1,1,1,1.0,106.739,9.416,1.213,90.57,0.0,1591,1524,LATE_GPS,0,0,GPS_TRACKING_CLOSED
17351.925,4,DETUMBLING,0,0,DETUMBLING,0,0,1,1,1,1,1,1.0,106.739,9.416,1.213,90.57,0.0,1591,1524,LATE_GPS,0,0,GPS_TRACKING_CLOSED
17351.975,4,DETUMBLING,0,0,DETUMBLING,0,0,1,1,1,1,1,1.0,106.739,9.416,1.213,90.57,0.0,1591,1524,LATE_GPS,0,0,GPS_TRACKING_CLOSED
17352.025,4,DR_PM_YBA_OPEN,1,1,OK,0,0,1,1,1,1,1,1.0,106.947,9.787,1.213,29.35,-9.573,1549,1482,LATE_GPS,0,0,GPS_TRACKING_CLOSED
17352.075,4,DR_PM_GBA_CLOSED,1,1,OK,0,0,1,1,1,1,1,1.0,106.973,9.842,1.213,25.4,-9.103,1515,1449,LATE_GPS,0,0,GPS_TRACKING_CLOSED
17352.125,4,DR_PM_GBA_CLOSED,1,1,OK,0,0,1,1,1,1,1,1.0,106.999,9.897,1.213,25.85,-9.162,1497,1430,LATE_GPS,0,0,GPS_TRACKING_CLOSED
17352.175,4,DR_PM_GBA_CLOSED,1,1,OK,0,0,1,1,1,1,1,1.0,107.026,9.951,1.214,26.33,-9.229,1530,1464,LATE_GPS,0,0,GPS_TRACKING_CLOSED
17352.226,4,DR_PM_GBA_CLOSED,1,1,OK,0,0,1,1,1,1,1,1.0,107.053,10.006,1.213,26.65,-9.263,1564,1497,LATE_GPS,0,0,GPS_TRACKING_CLOSED
17352.276,4,DR_PM_GBA_CLOSED,1,1,OK,0,0,1,1,1,1,1,1.0,107.08,10.061,1.213,26.32,-9.219,1597,1531,LATE_GPS,0,0,GPS_TRACKING_CLOSED
17352.326,4,DR_PM_GBA_CLOSED,1,1,OK,0,0,1,1,1,1,1,1.0,107.106,10.115,1.213,25.9,-9.167,1630,1564,LATE_GPS,0,0,GPS_TRACKING_CLOSED
17352.377,4,DR_PM_GBA_CLOSED,1,1,OK,0,0,1,1,1,1,1,1.0,107.136,10.169,1.213,28.59,-9.49,1657,1591,LATE_GPS,0,0,GPS_TRACKING_CLOSED
17352.427,4,DR_PM_GBA_CLOSED,1,1,OK,0,0,1,1,1,1,1,1.0,107.138,10.23,1.213,2.09,-5.535,1676,1610,LATE_GPS,0,0,GPS_TRACKING_CLOSED
17352.477,4,DR_PM_GBA_CLOSED,1,1,OK,0,0,1,1,1,1,1,1.0,107.134,10.291,1.213,-3.96,-4.433,1706,1640,LATE_GPS,0,0,GPS_TRACKING_CLOSED
17352.527,4,DR_PM_GBA_CLOSED,1,1,OK,0,0,1,1,1,1,1,1.0,107.123,10.351,1.213,-9.97,-3.289,1707,1641,LATE_GPS,0,0,GPS_TRACKING_CLOSED
17352.578,4,DR_PM_GBA_CLOSED,1,1,OK,0,0,1,1,1,1,1,1.0,107.106,10.41,1.213,-15.96,-2.112,1708,1641,LATE_GPS,0,0,GPS_TRACKING_CLOSED
17352.628,4,DR_PM_GBA_CLOSED,1,1,OK,0,0,1,1,1,1,1,1.0,107.084,10.466,1.213,-21.63,0.0,1704,1637,LATE_GPS,0,0,GPS_TRACKING_CLOSED
17352.678,4,DR_PM_GBA_CLOSED,1,1,OK,0,0,1,1,1,1,1,1.0,107.013,10.609,3.172,-26.15,0.0,1680,1614,LATE_GPS,0,0,GPS_TRACKING_CLOSED
17352.728,4,DR_PM_GBA_CLOSED,1,1,OK,0,0,1,1,1,1,1,1.0,106.935,10.747,3.172,-29.73,0.0,1662,1596,LATE_GPS,0,0,GPS_TRACKING_CLOSED
17352.779,4,DR_PM_GBA_CLOSED,1,1,OK,0,0,1,1,1,1,1,1.0,106.874,10.843,2.229,-32.31,2.165,1644,1578,LATE_GPS,0,0,GPS_TRACKING_CLOSED
17352.829,4,DR_PM_GBA_CLOSED,1,1,OK,0,0,1,1,1,1,1,1.0,106.814,10.937,2.227,-32.74,2.323,1610,1544,LATE_GPS,0,0,GPS_TRACKING_CLOSED
17352.88,4,DR_PM_GBA_CLOSED,1,1,OK,0,0,1,1,1,1,1,1.0,106.742,11.05,2.638,-32.46,2.629,1591,1524,LATE_GPS,0,0,GPS_TRACKING_CLOSED
17352.93,4,DR_PM_GBA_CLOSED,1,1,OK,0,0,1,1,1,1,1,1.0,106.674,11.163,2.638,-30.98,0.0,1561,1495,LATE_GPS,0,0,GPS_TRACKING_CLOSED
17352.98,4,DR_PM_GBA_CLOSED,1,1,OK,0,0,1,1,1,1,1,1.0,106.609,11.28,2.639,-28.81,0.0,1548,1482,LATE_GPS,0,0,GPS_TRACKING_CLOSED
17353.031,4,DR_PM_GBA_CLOSED,1,1,OK,0,0,1,1,1,1,1,1.0,106.553,11.4,2.639,-25.28,0.0,1520,1454,LATE_GPS,0,0,GPS_TRACKING_CLOSED
17353.081,4,DR_PM_GBA_CLOSED,1,1,OK,0,0,1,1,1,1,1,1.0,106.511,11.509,2.337,-21.19,-2.054,1507,1441,LATE_GPS,0,0,GPS_TRACKING_CLOSED
17353.131,4,DR_PM_GBA_CLOSED,1,1,OK,0,0,1,1,1,1,1,1.0,106.477,11.621,2.337,-16.73,-3.774,1498,1432,LATE_GPS,0,0,GPS_TRACKING_CLOSED
17353.181,4,DR_PM_GBA_CLOSED,1,1,OK,0,0,1,1,1,1,1,1.0,106.459,11.701,1.636,-12.28,-3.831,1498,1432,LATE_GPS,0,0,GPS_TRACKING_CLOSED
17353.231,4,DR_PM_GBA_CLOSED,1,1,OK,0,0,1,1,1,1,1,1.0,106.448,11.782,1.636,-8.08,-4.93,1502,1436,LATE_GPS,0,0,GPS_TRACKING_CLOSED
17353.282,4,DR_PM_GBA_CLOSED,1,1,OK,0,0,1,1,1,1,1,1.0,106.443,11.841,1.151,-4.39,-4.131,1515,1448,LATE_GPS,0,0,GPS_TRACKING_CLOSED
17353.332,4,DR_PM_GBA_CLOSED,1,1,OK,0,0,1,1,1,1,1,1.0,106.442,11.899,1.15,-1.47,-4.646,1528,1461,LATE_GPS,0,0,GPS_TRACKING_CLOSED
17353.384,4,DR_PM_GBA_CLOSED,1,1,OK,0,0,1,1,1,1,1,1.0,106.442,11.94,0.807,1.52,-3.618,1529,1462,LATE_GPS,0,0,GPS_TRACKING_CLOSED
17353.434,4,DR_PM_GBA_CLOSED,1,1,OK,0,0,1,1,1,1,1,1.0,106.445,11.981,0.807,4.0,-3.909,1537,1471,LATE_GPS,0,0,GPS_TRACKING_CLOSED
17353.484,4,DR_PM_GBA_CLOSED,1,1,OK,0,0,1,1,1,1,1,1.0,106.447,12.009,0.566,5.18,-2.84,1564,1498,LATE_GPS,0,0,GPS_TRACKING_CLOSED
17353.534,4,DR_PM_GBA_CLOSED,1,1,OK,0,0,1,1,1,1,1,1.0,106.46,12.034,0.564,28.14,-4.389,1576,1509,LATE_GPS,0,0,GPS_TRACKING_CLOSED
17353.587,4,DR_PM_GBA_CLOSED,1,1,OK,0,0,1,1,1,1,1,1.0,106.463,12.064,0.566,4.87,-2.814,1604,1538,LATE_GPS,0,0,GPS_TRACKING_CLOSED
17353.637,4,DR_PM_GBA_CLOSED,1,1,OK,0,0,1,1,1,1,1,1.0,106.464,12.092,0.566,3.7,-2.719,1611,1545,LATE_GPS,0,0,GPS_TRACKING_CLOSED
17353.688,4,DR_PM_GBA_CLOSED,1,1,OK,0,0,1,1,1,1,1,1.0,106.465,12.121,0.571,2.0,-2.603,1622,1555,LATE_GPS,0,0,GPS_TRACKING_CLOSED
17353.738,4,DR_PM_GBA_CLOSED,1,1,OK,0,0,1,1,1,1,1,1.0,106.465,12.15,0.576,-0.04,-2.452,1629,1563,LATE_GPS,0,0,GPS_TRACKING_CLOSED
17353.788,4,DR_PM_GBA_CLOSED,1,1,OK,0,0,1,1,1,1,1,1.0,106.463,12.179,0.581,-2.23,-2.281,1632,1566,LATE_GPS,0,0,GPS_TRACKING_CLOSED
17353.838,4,DR_PM_GBA_CLOSED,1,1,OK,0,0,1,1,1,1,1,1.0,106.46,12.208,0.586,-5.08,-2.044,1645,1579,LATE_GPS,0,0,GPS_TRACKING_CLOSED
17353.889,4,DR_PM_GBA_CLOSED,1,1,OK,0,0,1,1,1,1,1,1.0,106.456,12.238,0.591,-8.04,-1.789,1647,1581,LATE_GPS,0,0,GPS_TRACKING_CLOSED
17353.939,4,DR_PM_GBA_CLOSED,1,1,OK,0,0,1,1,1,1,1,1.0,106.45,12.267,0.597,-10.98,-1.526,1648,1581,LATE_GPS,0,0,GPS_TRACKING_CLOSED
17353.989,4,DR_PM_GBA_CLOSED,1,1,OK,0,0,1,1,1,1,1,1.0,106.443,12.296,0.602,-13.58,-1.287,1641,1575,LATE_GPS,0,0,GPS_TRACKING_CLOSED
17354.039,4,DR_PM_GBA_CLOSED,1,1,OK,0,0,1,1,1,1,1,1.0,106.434,12.326,0.607,-15.76,-1.082,1633,1567,LATE_GPS,0,0,GPS_TRACKING_CLOSED
17354.09,4,DR_PM_GBA_CLOSED,1,1,OK,0,0,1,1,1,1,1,1.0,106.425,12.355,0.612,-17.61,-0.905,1626,1560,LATE_GPS,0,0,GPS_TRACKING_CLOSED
17354.14,4,DR_PM_GBA_CLOSED,1,1,OK,0,0,1,1,1,1,1,1.0,106.415,12.385,0.617,-18.85,-0.786,1614,1548,LATE_GPS,0,0,GPS_TRACKING_CLOSED
17354.192,4,DR_PM_GBA_CLOSED,1,1,OK,0,0,1,1,1,1,1,1.0,106.404,12.415,0.621,-19.59,-0.715,1604,1538,LATE_GPS,0,0,GPS_TRACKING_CLOSED
17354.242,4,DR_PM_GBA_CLOSED,1,1,OK,0,0,1,1,1,1,1,1.0,106.393,12.444,0.624,-19.81,-0.697,1591,1524,LATE_GPS,0,0,GPS_TRACKING_CLOSED
17354.292,4,DR_PM_GBA_CLOSED,1,1,OK,0,0,1,1,1,1,1,1.0,106.382,12.474,0.628,-19.78,-0.703,1591,1524,LATE_GPS,0,0,GPS_TRACKING_CLOSED
17354.342,4,DR_PM_GBA_CLOSED,1,1,OK,0,0,1,1,1,1,1,1.0,106.371,12.504,0.632,-19.44,-0.744,1583,1517,LATE_GPS,0,0,GPS_TRACKING_CLOSED
17354.393,4,DR_PM_GBA_CLOSED,1,1,OK,0,0,1,1,1,1,1,1.0,106.361,12.534,0.635,-18.08,-0.89,1563,1497,LATE_GPS,0,0,GPS_TRACKING_CLOSED
17354.443,4,DR_PM_GBA_CLOSED,1,1,OK,0,0,1,1,1,1,1,1.0,106.352,12.565,0.638,-16.35,-1.076,1555,1489,LATE_GPS,0,0,GPS_TRACKING_CLOSED
17354.493,4,DR_PM_GBA_CLOSED,1,1,OK,0,0,1,1,1,1,1,1.0,106.281,12.846,5.799,-14.22,-11.807,1522,1455,LATE_GPS,0,0,GPS_TRACKING_CLOSED
17354.543,4,DR_PM_GBA_CLOSED,1,1,OK,0,0,1,1,1,1,1,1.0,106.222,13.131,5.799,-11.63,-14.258,1488,1422,LATE_GPS,0,0,GPS_TRACKING_CLOSED
17354.594,4,DR_PM_GBA_CLOSED,1,1,OK,0,0,1,1,1,1,1,1.0,106.176,13.419,5.802,-9.02,-16.697,1455,1388,LATE_GPS,0,0,GPS_TRACKING_CLOSED
17354.644,4,DR_PM_GBA_CLOSED,1,1,OK,0,0,1,1,1,1,1,1.0,106.143,13.708,5.805,-6.59,-18.947,1436,1370,LATE_GPS,0,0,GPS_TRACKING_CLOSED
17354.694,4,DR_PM_GBA_CLOSED,1,1,OK,0,0,1,1,1,1,1,1.0,106.118,13.998,5.809,-4.77,-20.627,1437,1371,LATE_GPS,0,0,GPS_TRACKING_CLOSED
17354.744,4,DR_PM_GBA_CLOSED,1,1,OK,0,0,1,1,1,1,1,1.0,106.102,14.289,5.814,-3.13,-22.13,1430,1364,LATE_GPS,0,0,GPS_TRACKING_CLOSED
17354.794,4,DR_PM_GBA_CLOSED,1,1,OK,0,0,1,1,1,1,1,1.0,106.094,14.581,5.818,-1.58,-23.534,1422,1356,LATE_GPS,0,0,GPS_TRACKING_CLOSED
17354.844,4,DR_PM_GBA_CLOSED,1,1,OK,0,0,1,1,1,1,1,1.0,106.091,14.873,5.822,-0.57,-24.454,1426,1360,LATE_GPS,0,0,GPS_TRACKING_CLOSED
17354.894,4,DR_PM_GBA_CLOSED,1,1,OK,0,0,1,1,1,1,1,1.0,106.09,15.028,3.093,-0.42,-13.066,1460,1393,LATE_GPS,0,0,GPS_TRACKING_CLOSED
17354.945,4,DR_PM_GBA_CLOSED,1,1,OK,0,0,1,1,1,1,1,1.0,106.087,15.183,3.093,-0.92,-12.841,1493,1427,LATE_GPS,0,0,GPS_TRACKING_CLOSED
17354.995,4,DR_PM_GBA_CLOSED,1,1,OK,0,0,1,1,1,1,1,1.0,106.082,15.339,3.097,-1.93,-12.39,1527,1460,LATE_GPS,0,0,GPS_TRACKING_CLOSED
17355.045,4,DR_PM_GBA_CLOSED,1,1,OK,0,0,1,1,1,1,1,1.0,106.073,15.494,3.101,-3.35,-11.739,1556,1490,LATE_GPS,0,0,GPS_TRACKING_CLOSED
17355.095,4,DR_PM_GBA_CLOSED,1,1,OK,0,0,1,1,1,1,1,1.0,106.059,15.649,3.104,-5.09,-10.927,1567,1501,LATE_GPS,0,0,GPS_TRACKING_CLOSED
17355.145,4,DR_PM_GBA_CLOSED,1,1,OK,0,0,1,1,1,1,1,1.0,106.04,15.803,3.107,-6.89,-10.066,1573,1506,LATE_GPS,0,0,GPS_TRACKING_CLOSED
17355.195,4,DR_PM_GBA_CLOSED,1,1,OK,0,0,1,1,1,1,1,1.0,106.016,15.957,3.11,-8.79,-9.149,1579,1513,LATE_GPS,0,0,GPS_TRACKING_CLOSED
17355.245,4,DR_PM_GBA_CLOSED,1,1,OK,0,0,1,1,1,1,1,1.0,105.987,16.11,3.112,-10.68,-8.219,1583,1517,LATE_GPS,0,0,GPS_TRACKING_CLOSED
17355.296,4,DR_PM_GBA_CLOSED,1,1,OK,0,0,1,1,1,1,1,1.0,105.953,16.263,3.114,-12.39,-7.372,1584,1517,LATE_GPS,0,0,GPS_TRACKING_CLOSED
17355.346,4,DR_PM_GBA_CLOSED,1,1,OK,0,0,1,1,1,1,1,1.0,105.916,16.414,3.116,-13.92,-6.61,1583,1517,LATE_GPS,0,0,GPS_TRACKING_CLOSED
17355.396,4,DR_PM_GBA_CLOSED,1,1,OK,0,0,1,1,1,1,1,1.0,105.875,16.565,3.118,-14.98,-6.079,1576,1510,LATE_GPS,0,0,GPS_TRACKING_CLOSED
17355.446,4,DR_PM_GBA_CLOSED,1,1,OK,0,0,1,1,1,1,1,1.0,105.834,16.716,3.12,-15.3,-5.919,1562,1495,LATE_GPS,0,0,GPS_TRACKING_CLOSED
17355.496,4,DR_PM_GBA_CLOSED,1,1,OK,0,0,1,1,1,1,1,1.0,105.792,16.867,3.122,-15.28,-5.937,1555,1489,LATE_GPS,0,0,GPS_TRACKING_CLOSED
17355.546,4,DR_PM_GBA_CLOSED,1,1,OK,0,0,1,1,1,1,1,1.0,105.752,17.018,3.123,-15.09,-6.04,1551,1485,LATE_GPS,0,0,GPS_TRACKING_CLOSED
17355.596,4,DR_PM_GBA_CLOSED,1,1,OK,0,0,1,1,1,1,1,1.0,105.712,17.169,3.105,-14.79,-6.158,1549,1483,LATE_GPS,0,0,GPS_TRACKING_CLOSED
17355.646,4,DR_PM_GBA_CLOSED,1,1,OK,0,0,1,1,1,1,1,1.0,105.674,17.32,3.105,-13.83,-6.649,1533,1467,LATE_GPS,0,0,GPS_TRACKING_CLOSED
17355.697,4,DR_PM_GBA_CLOSED,1,1,OK,0,0,1,1,1,1,1,1.0,105.64,17.473,3.107,-12.61,-7.27,1526,1460,LATE_GPS,0,0,GPS_TRACKING_CLOSED
17355.747,4,DR_PM_GBA_CLOSED,1,1,OK,0,0,1,1,1,1,1,1.0,105.61,17.626,3.109,-11.19,-7.989,1518,1452,LATE_GPS,0,0,GPS_TRACKING_CLOSED
17355.797,4,DR_PM_GBA_CLOSED,1,1,OK,0,0,1,1,1,1,1,1.0,105.584,17.78,3.111,-9.63,-8.772,1512,1446,LATE_GPS,0,0,GPS_TRACKING_CLOSED
17355.847,4,DR_PM_GBA_CLOSED,1,1,OK,0,0,1,1,1,1,1,1.0,105.562,17.934,3.113,-8.08,-9.551,1508,1442,LATE_GPS,0,0,GPS_TRACKING_CLOSED
17355.898,4,DR_PM_GBA_CLOSED,1,1,OK,0,0,1,1,1,1,1,1.0,105.542,18.104,3.4,-6.68,-11.181,1503,1437,LATE_GPS,0,0,GPS_TRACKING_CLOSED
17355.948,4,DR_PM_GBA_CLOSED,1,1,OK,0,0,1,1,1,1,1,0.9994,105.525,18.273,3.4,-5.58,-11.766,1506,1439,LATE_GPS,0,0,GPS_TRACKING_CLOSED
17355.998,4,DR_PM_GBA_CLOSED,1,1,OK,0,0,1,1,1,1,1,0.9984,105.509,18.444,3.4,-5.31,-11.903,1522,1455,LATE_GPS,0,0,GPS_TRACKING_CLOSED
17356.048,4,DR_PM_GBA_CLOSED,1,1,OK,0,0,1,1,1,1,1,0.9974,105.493,18.614,3.4,-5.28,-11.909,1527,1460,LATE_GPS,0,0,GPS_TRACKING_CLOSED
17356.1,4,DR_PM_GBA_CLOSED,1,1,OK,0,0,1,1,1,1,1,0.9964,105.473,18.832,4.273,-5.39,-14.887,1512,1446,LATE_GPS,0,0,GPS_TRACKING_CLOSED
17356.15,4,DR_PM_GBA_CLOSED,1,1,OK,0,0,1,1,1,1,1,0.9954,105.451,19.045,4.273,-5.92,-14.532,1527,1460,LATE_GPS,0,0,GPS_TRACKING_CLOSED
17356.2,4,DR_PM_GBA_CLOSED,1,1,OK,0,0,1,1,1,1,1,0.9944,105.426,19.26,4.275,-6.63,-14.062,1529,1463,LATE_GPS,0,0,GPS_TRACKING_CLOSED
17356.25,4,DR_PM_GBA_CLOSED,1,1,OK,0,0,1,1,1,1,1,0.9934,105.398,19.472,4.277,-7.43,-13.533,1531,1465,LATE_GPS,0,0,GPS_TRACKING_CLOSED
17356.302,4,DR_PM_GBA_CLOSED,1,1,OK,0,0,1,1,1,1,1,0.9924,105.366,19.689,4.279,-8.24,-12.99,1534,1468,LATE_GPS,0,0,GPS_TRACKING_CLOSED
17356.352,4,DR_PM_GBA_CLOSED,1,1,OK,0,0,1,1,1,1,1,0.9914,105.333,19.9,4.28,-9.03,-12.458,1536,1470,LATE_GPS,0,0,GPS_TRACKING_CLOSED
17356.402,4,DR_PM_GBA_CLOSED,1,1,OK,0,0,1,1,1,1,1,0.9904,105.3,20.093,3.899,-9.7,-10.931,1543,1477,LATE_GPS,0,0,GPS_TRACKING_CLOSED
17356.452,4,DR_PM_GBA_CLOSED,1,1,OK,0,0,1,1,1,1,1,0.9894,105.265,20.285,3.9,-10.13,-10.668,1544,1478,LATE_GPS,0,0,GPS_TRACKING_CLOSED
17356.502,4,DR_PM_GBA_CLOSED,1,1,OK,0,0,1,1,1,1,1,0.9884,105.241,20.42,2.73,-10.41,-7.342,1557,1491,LATE_GPS,0,0,GPS_TRACKING_CLOSED
17356.552,4,DR_PM_GBA_CLOSED,1,1,OK,0,0,1,1,1,1,1,0.9874,105.215,20.554,2.73,-10.56,-7.272,1557,1491,LATE_GPS,0,0,GPS_TRACKING_CLOSED
17356.602,4,DR_PM_GBA_CLOSED,1,1,OK,0,0,1,1,1,1,1,0.9864,105.19,20.689,2.73,-10.67,-7.219,1557,1491,LATE_GPS,0,0,GPS_TRACKING_CLOSED
17356.652,4,DR_PM_GBA_CLOSED,1,1,OK,0,0,1,1,1,1,1,0.9853,105.165,20.823,2.729,-10.56,-7.26,1548,1482,LATE_GPS,0,0,GPS_TRACKING_CLOSED
17356.703,4,DR_PM_GBA_CLOSED,1,1,OK,0,0,1,1,1,1,1,0.9843,105.14,20.96,2.73,-10.39,-7.332,1546,1480,LATE_GPS,0,0,GPS_TRACKING_CLOSED
17356.754,4,DR_PM_GBA_CLOSED,1,1,OK,0,0,1,1,1,1,1,0.9833,105.115,21.095,2.731,-10.16,-7.429,1545,1478,LATE_GPS,0,0,GPS_TRACKING_CLOSED
17356.804,4,DR_PM_GBA_CLOSED,1,1,OK,0,0,1,1,1,1,1,0.9823,105.092,21.231,2.733,-9.9,-7.541,1543,1477,LATE_GPS,0,0,GPS_TRACKING_CLOSED
17356.854,4,DR_PM_GBA_CLOSED,1,1,OK,0,0,1,1,1,1,1,0.9813,105.069,21.366,2.733,-9.63,-7.652,1543,1477,LATE_GPS,0,0,GPS_TRACKING_CLOSED
17356.905,4,DR_PM_GBA_CLOSED,1,1,OK,0,0,1,1,1,1,1,0.9803,105.047,21.5,2.644,-9.38,-7.499,1544,1478,LATE_GPS,0,0,GPS_TRACKING_CLOSED
17356.955,4,DR_PM_GBA_CLOSED,1,1,OK,0,0,1,1,1,1,1,0.9793,105.025,21.63,2.643,-9.23,-7.556,1546,1479,LATE_GPS,0,0,GPS_TRACKING_CLOSED
17357.006,4,DR_PM_GBA_CLOSED,1,1,OK,0,0,1,1,1,1,1,0.9783,105.019,21.668,0.759,-9.08,-2.185,1579,1513,LATE_GPS,0,0,GPS_TRACKING_CLOSED
17357.056,4,DR_PM_GBA_CLOSED,1,1,OK,0,0,1,1,1,1,1,0.9773,105.013,21.706,0.759,-8.91,-2.203,1585,1519,LATE_GPS,0,0,GPS_TRACKING_CLOSED
17357.106,4,DR_PM_GBA_CLOSED,1,1,OK,0,0,1,1,1,1,1,0.9763,105.007,21.744,0.761,-8.73,-2.227,1585,1519,LATE_GPS,0,0,GPS_TRACKING_CLOSED
17357.157,4,DR_PM_GBA_CLOSED,1,1,OK,0,0,1,1,1,1,1,0.9753,105.002,21.781,0.762,-8.5,-2.256,1584,1518,LATE_GPS,0,0,GPS_TRACKING_CLOSED
17357.207,4,DR_PM_GBA_CLOSED,1,1,OK,0,0,1,1,1,1,1,0.9743,104.996,21.819,0.764,-8.28,-2.285,1584,1518,LATE_GPS,0,0,GPS_TRACKING_CLOSED
17357.257,4,DR_PM_GBA_CLOSED,1,1,OK,0,0,1,1,1,1,1,0.9733,104.991,21.857,0.765,-8.08,-2.311,1584,1518,LATE_GPS,0,0,GPS_TRACKING_CLOSED
17357.309,4,DR_PM_GBA_CLOSED,1,1,OK,0,0,1,1,1,1,1,0.9722,104.984,21.908,0.995,-7.95,-3.021,1585,1519,LATE_GPS,0,0,GPS_TRACKING_CLOSED
17357.359,5,DR_PM_GBA_CLOSED,1,1,OK,0,0,1,1,1,1,1,0.9712,104.977,21.958,0.995,-7.87,-3.03,1591,1524,LATE_GPS,0,0,FAIL
17357.409,5,DR_PM_GBA_CLOSED,1,1,OK,0,0,1,1,1,1,1,0.9702,104.972,21.992,0.696,-7.93,-2.112,1591,1524,LATE_GPS,0,0,FAIL
17357.459,5,DR_PM_GBA_CLOSED,1,1,OK,0,0,1,1,1,1,1,0.9692,104.967,22.027,0.696,-8.04,-2.098,1591,1524,LATE_GPS,0,0,FAIL
17357.509,5,DR_PM_GBA_CLOSED,1,1,OK,0,0,1,1,1,1,1,0.9682,104.963,22.052,0.501,-8.17,-1.499,1591,1524,LATE_GPS,0,0,FAIL
17357.56,5,DR_PM_GBA_CLOSED,1,1,OK,0,0,1,1,1,1,1,0.9672,104.96,22.077,0.501,-8.3,-1.487,1591,1524,LATE_GPS,0,0,FAIL
17357.61,5,DR_PM_GBA_CLOSED,1,1,OK,0,0,1,1,1,1,1,0.9662,104.956,22.102,0.501,-8.43,-1.475,1591,1524,LATE_GPS,0,0,FAIL
17357.66,5,DR_PM_GBA_CLOSED,1,1,OK,0,0,1,1,1,1,1,0.9652,104.952,22.126,0.5,-8.55,-1.464,1591,1524,LATE_GPS,0,0,FAIL
17357.711,5,DR_PM_GBA_CLOSED,1,1,OK,0,0,1,1,1,1,1,0.9642,104.948,22.152,0.501,-8.68,-1.454,1591,1524,LATE_GPS,0,0,FAIL
17357.761,5,DR_PM_GBA_CLOSED,1,1,OK,0,0,1,1,1,1,1,0.9632,104.945,22.176,0.501,-8.82,-1.441,1591,1524,LATE_GPS,0,0,FAIL
17357.811,5,DR_PM_GBA_CLOSED,1,1,OK,0,0,1,1,1,1,1,0.9622,104.941,22.201,0.5,-8.96,-1.429,1591,1524,LATE_GPS,0,0,FAIL
17357.861,5,DR_PM_GBA_CLOSED,1,1,OK,0,0,1,1,1,1,1,0.9612,104.937,22.226,0.5,-9.1,-1.416,1591,1524,LATE_GPS,0,0,FAIL
17357.911,5,DR_PM_GBA_CLOSED,1,1,OK,0,0,1,1,1,1,1,0.9602,104.933,22.251,0.501,-9.22,-1.406,1591,1524,LATE_GPS,0,0,FAIL
17357.962,5,DR_PM_GBA_CLOSED,1,1,OK,0,0,1,1,1,1,1,0.9592,104.928,22.275,0.501,-9.34,-1.398,1591,1524,LATE_GPS,0,0,FAIL
17358.012,5,DR_PM_GBA_CLOSED,1,1,OK,0,0,1,1,1,1,1,0.9582,104.924,22.3,0.501,-9.3,-1.4,1591,1524,LATE_GPS,0,0,FAIL
17358.062,5,DR_PM_GBA_CLOSED,1,1,OK,0,0,1,1,1,1,1,0.9572,104.92,22.325,0.502,-9.23,-1.406,1591,1524,LATE_GPS,0,0,FAIL
17358.112,5,DR_PM_GBA_CLOSED,1,1,OK,0,0,1,1,1,1,1,0.9562,104.902,22.44,2.33,-9.06,-6.577,1557,1491,LATE_GPS,0,0,FAIL
17358.162,5,DR_PM_GBA_CLOSED,1,1,OK,0,0,1,1,1,1,1,0.9552,104.884,22.556,2.33,-8.85,-6.647,1548,1482,LATE_GPS,0,0,FAIL
17358.212,5,DR_PM_GBA_CLOSED,1,1,OK,0,0,1,1,1,1,1,0.9542,104.86,22.716,3.227,-8.64,-9.305,1536,1470,LATE_GPS,0,0,FAIL
17358.262,5,DR_PM_GBA_CLOSED,1,1,OK,0,0,1,1,1,1,1,0.9531,104.836,22.876,3.227,-8.42,-9.405,1536,1469,LATE_GPS,0,0,FAIL
17358.312,5,DR_PM_GBA_CLOSED,1,1,OK,0,0,1,1,1,1,1,0.9521,104.82,22.988,2.259,-8.23,-6.644,1549,1483,LATE_GPS,0,0,FAIL
17358.363,5,DR_PM_GBA_CLOSED,1,1,OK,0,0,1,1,1,1,1,0.9511,104.804,23.1,2.259,-8.1,-6.683,1550,1484,LATE_GPS,0,0,FAIL
17358.413,5,DR_PM_GBA_CLOSED,1,1,OK,0,0,1,1,1,1,1,0.9501,104.787,23.213,2.259,-8.11,-6.675,1553,1486,LATE_GPS,0,0,FAIL
17358.463,5,DR_PM_GBA_CLOSED,1,1,OK,0,0,1,1,1,1,1,0.9491,104.771,23.325,2.259,-8.16,-6.653,1554,1487,LATE_GPS,0,0,FAIL
17358.514,5,DR_PM_GBA_CLOSED,1,1,OK,0,0,1,1,1,1,1,0.9481,104.76,23.405,1.581,-8.21,-4.642,1588,1521,LATE_GPS,0,0,FAIL
17358.564,5,DR_PM_GBA_CLOSED,1,1,OK,0,0,1,1,1,1,1,0.9471,104.748,23.483,1.581,-8.26,-4.626,1591,1524,LATE_GPS,0,0,FAIL
17358.615,5,DR_PM_GBA_CLOSED,1,1,OK,0,0,1,1,1,1,1,0.9461,104.744,23.514,0.611,-8.27,-1.786,1591,1524,LATE_GPS,0,0,FAIL
17358.665,5,DR_PM_GBA_CLOSED,1,1,OK,0,0,1,1,1,1,1,0.9451,104.74,23.544,0.611,-8.27,-1.785,1591,1524,LATE_GPS,0,0,FAIL
17358.715,5,DR_PM_GBA_CLOSED,1,1,OK,0,0,1,1,1,1,1,0.9441,104.735,23.575,0.612,-8.26,-1.784,1591,1524,LATE_GPS,0,0,FAIL
17358.765,5,DR_PM_GBA_CLOSED,1,1,OK,0,0,1,1,1,1,1,0.9431,104.731,23.605,0.612,-8.26,-1.784,1591,1524,LATE_GPS,0,0,FAIL
17358.816,5,DR_PM_GBA_CLOSED,1,1,OK,0,0,1,1,1,1,1,0.9421,104.726,23.635,0.613,-8.28,-1.781,1591,1524,LATE_GPS,0,0,FAIL
17358.866,5,DR_PM_GBA_CLOSED,1,1,OK,0,0,1,1,1,1,1,0.9411,104.722,23.666,0.613,-8.31,-1.779,1591,1524,LATE_GPS,0,0,FAIL
17358.916,5,DR_PM_GBA_CLOSED,1,1,OK,0,0,1,1,1,1,1,0.9401,104.717,23.696,0.613,-8.35,-1.774,1591,1524,LATE_GPS,0,0,FAIL
17358.966,5,DR_PM_GBA_CLOSED,1,1,OK,0,0,1,1,1,1,1,0.9391,104.713,23.727,0.614,-8.4,-1.769,1591,1524,LATE_GPS,0,0,FAIL
17359.016,5,DR_PM_GBA_CLOSED,1,1,OK,0,0,1,1,1,1,1,0.9381,104.708,23.757,0.614,-8.47,-1.761,1591,1524,LATE_GPS,0,0,FAIL
17359.066,5,DR_PM_GBA_CLOSED,1,1,OK,0,0,1,1,1,1,1,0.9371,104.704,23.788,0.614,-8.55,-1.754,1591,1524,LATE_GPS,0,0,FAIL
17359.116,5,DR_PM_GBA_CLOSED,1,1,OK,0,0,1,1,1,1,1,0.9361,104.695,23.846,1.173,-8.62,-3.332,1591,1524,LATE_GPS,0,0,FAIL
17359.166,5,DR_PM_GBA_CLOSED,1,1,OK,0,0,1,1,1,1,1,0.9351,104.686,23.904,1.173,-8.69,-3.316,1591,1524,LATE_GPS,0,0,FAIL
17359.217,5,DR_PM_GBA_CLOSED,1,1,OK,0,0,1,1,1,1,1,0.9341,104.68,23.945,0.821,-8.71,-2.318,1591,1524,LATE_GPS,0,0,FAIL
17359.267,5,DR_PM_GBA_CLOSED,1,1,OK,0,0,1,1,1,1,1,0.9331,104.673,23.985,0.821,-8.73,-2.313,1591,1524,LATE_GPS,0,0,FAIL
17359.317,5,DR_PM_GBA_CLOSED,1,1,OK,0,0,1,1,1,1,1,0.9321,104.668,24.019,0.684,-8.68,-1.929,1591,1524,LATE_GPS,0,0,FAIL
17359.367,5,DR_PM_GBA_CLOSED,1,1,OK,0,0,1,1,1,1,1,0.9311,104.663,24.053,0.684,-8.62,-1.933,1591,1524,LATE_GPS,0,0,FAIL
17359.417,5,DR_PM_GBA_CLOSED,1,1,OK,0,0,1,1,1,1,1,0.9301,104.659,24.078,0.5,-8.55,-1.418,1591,1524,LATE_GPS,0,0,FAIL
17359.467,5,DR_PM_GBA_CLOSED,1,1,OK,0,0,1,1,1,1,1,0.9291,104.656,24.103,0.5,-8.46,-1.423,1591,1524,LATE_GPS,0,0,FAIL
