2025-11-16 01:03:01.462,0.0000, 0.0000, 0.0000, 0.00, 0.00, 0.00, 0.00, 0.00, 0.00, -0.02, -0.01, -0.02
2025-11-16 01:03:01.485,0.0000, 0.0000, 0.0000, 4.74, 4.45, 7.10, -104.69, -64.88, -72.75, -0.00, -0.00, -0.03
2025-11-16 01:03:01.507,0.0000, 0.0000, 0.0000, 4.64, 4.37, 6.93, -104.69, -64.88, -72.75, 0.08, -0.02, 0.01
2025-11-16 01:03:01.527,0.0172, -0.0057, 89.9885, 4.65, 4.40, 6.93, -104.69, -64.88, -72.75, 0.11, 0.00, 0.03
2025-11-16 01:03:01.552,6.5058, -5.9517, 142.2281, 4.67, 4.37, 6.89, -104.69, -64.88, -72.75, 0.03, 0.00, 0.02
2025-11-16 01:03:01.572,12.9938, -11.9002, 212.4710, 4.70, 4.33, 6.91, -104.69, -64.88, -71.25, -0.07, 0.01, 0.00
2025-11-16 01:03:01.592,19.4646, -17.8487, 282.7139, 4.69, 4.32, 6.93, -104.69, -64.88, -71.25, -0.12, 0.02, -0.02
2025-11-16 01:03:01.612,25.9108, -23.7918, 352.9533, 4.71, 4.31, 6.98, -105.06, -65.56, -71.56, -0.08, 0.00, -0.01
2025-11-16 01:03:01.634,32.3339, -29.7291, 351.1998, 4.71, 4.33, 6.98, -105.06, -65.56, -71.56, 0.04, -0.00, 0.01
2025-11-16 01:03:01.654,32.2903, -29.7252, 351.2036, 4.63, 4.36, 6.93, -105.06, -65.56, -71.56, 0.08, -0.02, -0.01
2025-11-16 01:03:01.674,32.2699, -29.7225, 351.1953, 4.60, 4.37, 6.93, -104.69, -64.06, -71.56, 0.04, -0.00, -0.04
2025-11-16 01:03:01.695,32.2791, -29.7172, 351.1769, 4.60, 4.43, 6.90, -104.69, -64.06, -71.56, -0.03, -0.03, -0.05
2025-11-16 01:03:01.714,32.3109, -29.7146, 351.1513, 4.61, 4.39, 6.92, -104.25, -64.06, -70.88, -0.02, -0.01, 0.01
2025-11-16 01:03:01.734,32.3503, -29.7159, 351.1349, 4.71, 4.33, 6.94, -104.25, -64.06, -70.88, 0.02, 0.03, 0.08
2025-11-16 01:03:01.753,32.3700, -29.7212, 351.1374, 4.74, 4.27, 6.95, -104.25, -64.06, -70.88, -0.02, 0.03, 0.09
2025-11-16 01:03:01.773,32.3491, -29.7252, 351.1693, 4.78, 4.27, 6.95, -104.69, -64.06, -71.69, -0.06, 0.02, 0.01
2025-11-16 01:03:01.793,32.3050, -29.7318, 351.2075, 4.71, 4.32, 6.95, -104.69, -64.06, -71.69, -0.06, -0.02, -0.08
2025-11-16 01:03:01.811,32.2644, -29.7344, 351.2311, 4.70, 4.37, 6.96, -104.69, -64.50, -72.38, 0.00, -0.05, -0.12
2025-11-16 01:03:01.831,32.2458, -29.7318, 351.2179, 4.58, 4.45, 6.92, -104.69, -64.50, -72.38, 0.09, -0.03, -0.06
2025-11-16 01:03:01.852,32.2598, -29.7199, 351.1710, 4.58, 4.43, 6.89, -104.69, -64.50, -72.38, 0.09, 0.01, 0.04
2025-11-16 01:03:01.869,32.3061, -29.7133, 351.1181, 4.63, 4.41, 6.91, -105.38, -64.50, -71.69, 0.04, 0.03, 0.13
2025-11-16 01:03:01.890,32.3529, -29.7159, 351.1013, 4.70, 4.31, 6.89, -105.38, -64.50, -71.69, -0.01, 0.04, 0.11
2025-11-16 01:03:01.907,32.3764, -29.7291, 351.1367, 4.79, 4.24, 6.90, -105.38, -64.50, -71.69, -0.04, 0.03, 0.07
2025-11-16 01:03:01.928,32.3630, -29.7423, 351.1976, 4.75, 4.26, 6.91, -104.69, -65.25, -70.50, -0.10, 0.00, -0.05
2025-11-16 01:03:01.948,32.3121, -29.7489, 351.2420, 4.64, 4.35, 6.95, -104.69, -65.25, -70.50, -0.12, -0.02, -0.13
2025-11-16 01:03:01.966,32.2514, -29.7384, 351.2328, 4.61, 4.44, 6.98, -105.38, -64.06, -70.88, -0.06, -0.06, -0.14
2025-11-16 01:03:01.985,32.2234, -29.7199, 351.1750, 4.58, 4.45, 6.91, -105.38, -64.06, -70.88, 0.09, -0.02, -0.02
2025-11-16 01:03:02.003,32.2452, -29.7041, 351.1072, 4.63, 4.45, 6.92, -105.38, -64.06, -70.88, 0.18, 0.01, 0.10
2025-11-16 01:03:02.021,32.2945, -29.6961, 351.0610, 4.67, 4.31, 6.88, -104.25, -64.06, -71.25, 0.12, 0.04, 0.15
2025-11-16 01:03:02.042,32.3551, -29.7093, 351.0792, 4.71, 4.27, 6.86, -104.25, -64.06, -71.25, -0.04, 0.02, 0.09
2025-11-16 01:03:02.060,32.3910, -29.7370, 351.1495, 4.83, 4.26, 6.92, -104.38, -64.06, -72.06, -0.14, 0.02, -0.04
2025-11-16 01:03:02.081,32.3780, -29.7542, 351.2218, 4.78, 4.31, 6.91, -104.38, -64.06, -72.06, -0.16, -0.02, -0.14
2025-11-16 01:03:02.101,32.3229, -29.7529, 351.2432, 4.67, 4.40, 7.00, -104.38, -64.06, -72.06, -0.06, -0.04, -0.13
2025-11-16 01:03:02.119,32.2643, -29.7410, 351.2168, 4.59, 4.44, 7.00, -105.06, -64.06, -70.88, 0.07, -0.02, -0.04
2025-11-16 01:03:02.140,32.2281, -29.7212, 351.1521, 4.57, 4.43, 6.94, -105.06, -64.06, -70.88, 0.12, 0.00, 0.08
2025-11-16 01:03:02.159,32.2351, -29.7054, 351.0935, 4.65, 4.36, 6.93, -105.06, -64.06, -70.88, 0.14, 0.03, 0.14
2025-11-16 01:03:02.182,32.2750, -29.7080, 351.0838, 4.72, 4.32, 6.90, -104.25, -64.06, -71.25, 0.02, 0.02, 0.08
2025-11-16 01:03:02.202,32.3216, -29.7278, 351.1185, 4.73, 4.29, 6.90, -104.25, -64.06, -71.25, -0.12, -0.00, -0.05
2025-11-16 01:03:02.220,32.3376, -29.7423, 351.1658, 4.71, 4.32, 6.91, -105.06, -64.88, -71.25, -0.19, -0.02, -0.14
2025-11-16 01:03:02.241,32.3689, -29.9358, 351.1127, 4.63, 4.40, 6.96, -105.06, -64.88, -71.25, -0.10, -0.02, -0.09
2025-11-16 01:03:02.259,32.3191, -29.9240, 351.0908, 4.64, 4.41, 7.01, -105.06, -64.88, -71.25, 0.10, -0.01, 0.03
2025-11-16 01:03:02.278,32.2848, -29.9094, 351.0483, 4.63, 4.38, 6.94, -103.56, -63.00, -70.88, 0.17, 0.01, 0.11
2025-11-16 01:03:02.299,32.2811, -29.9002, 351.0228, 4.69, 4.32, 6.90, -103.56, -63.00, -70.88, 0.11, 0.03, 0.10
2025-11-16 01:03:02.316,32.3055, -29.9055, 351.0337, 4.72, 4.29, 6.90, -104.38, -65.56, -71.25, 0.02, 0.01, 0.05
2025-11-16 01:03:02.336,32.2785, -29.7278, 351.1394, 4.73, 4.30, 6.90, -104.38, -65.56, -71.25, -0.10, -0.01, -0.06
2025-11-16 01:03:02.354,32.2992, -29.7384, 351.1674, 4.67, 4.38, 6.93, -104.38, -65.56, -71.25, -0.12, -0.01, -0.11
2025-11-16 01:03:02.372,32.2914, -29.7397, 351.1695, 4.63, 4.41, 6.94, -105.75, -66.00, -70.50, -0.07, -0.02, -0.07
2025-11-16 01:03:02.392,32.2553, -29.7278, 351.1342, 4.62, 4.36, 6.96, -105.75, -66.00, -70.50, 0.04, 0.00, 0.02
2025-11-16 01:03:02.410,32.2221, -29.7146, 351.0893, 4.69, 4.41, 6.98, -103.56, -66.00, -71.69, 0.07, 0.01, 0.08
2025-11-16 01:03:02.430,32.2125, -29.7093, 351.0692, 4.72, 4.34, 6.93, -103.56, -66.00, -71.69, 0.08, 0.01, 0.07
2025-11-16 01:03:02.450,32.2266, -29.7212, 351.0860, 4.73, 4.29, 6.91, -103.56, -66.00, -71.69, 0.02, -0.00, 0.00
2025-11-16 01:03:02.468,32.2453, -29.7331, 351.1138, 4.71, 4.32, 6.91, -104.69, -66.38, -70.50, -0.07, -0.01, -0.05
2025-11-16 01:03:02.488,32.2600, -29.7410, 351.1365, 4.67, 4.33, 6.93, -104.69, -66.38, -70.50, -0.09, -0.01, -0.06
2025-11-16 01:03:02.505,32.2544, -29.7423, 351.1404, 4.68, 4.36, 6.97, -104.69, -66.38, -70.50, -0.08, -0.00, -0.04
2025-11-16 01:03:02.524,32.2363, -29.7357, 351.1232, 4.64, 4.40, 6.96, -105.06, -66.00, -71.69, 0.01, 0.00, 0.01
2025-11-16 01:03:02.544,32.2124, -29.7225, 351.0977, 4.66, 4.37, 6.95, -105.06, -66.00, -71.69, 0.07, -0.00, 0.04
2025-11-16 01:03:02.562,32.2042, -29.7159, 351.0801, 4.67, 4.36, 6.91, -104.38, -64.88, -70.50, 0.07, 0.00, 0.02
2025-11-16 01:03:02.584,32.2163, -29.7172, 351.0815, 4.67, 4.35, 6.89, -104.38, -64.88, -70.50, 0.00, -0.00, -0.00
2025-11-16 01:03:02.603,32.2363, -29.7212, 351.0914, 4.67, 4.33, 6.92, -104.38, -64.88, -70.50, -0.05, 0.00, -0.01
2025-11-16 01:03:02.621,32.2512, -29.7265, 351.1027, 4.69, 4.35, 6.93, -104.75, -66.00, -71.69, -0.04, 0.01, -0.01
2025-11-16 01:03:02.640,32.2506, -29.7304, 351.1133, 4.68, 4.33, 6.93, -104.75, -66.00, -71.69, -0.02, 0.01, 0.01
2025-11-16 01:03:02.660,32.2379, -29.7304, 351.1143, 4.70, 4.36, 7.00, -104.75, -66.00, -71.69, 0.01, -0.00, -0.01
2025-11-16 01:03:02.680,32.2142, -29.7278, 351.1091, 4.71, 4.40, 7.00, -104.75, -65.56, -70.88, 0.01, -0.01, -0.02
2025-11-16 01:03:02.701,32.1983, -29.7252, 351.1018, 4.71, 4.41, 6.99, -104.75, -65.56, -70.88, 0.02, -0.01, -0.02
2025-11-16 01:03:02.720,32.2008, -29.7252, 351.0937, 4.72, 4.42, 6.98, -104.38, -65.25, -72.50, 0.04, -0.00, 0.02
2025-11-16 01:03:02.740,32.2212, -29.7291, 351.0871, 4.70, 4.39, 6.97, -104.38, -65.25, -72.50, 0.03, 0.01, 0.04
2025-11-16 01:03:02.758,32.2373, -29.7331, 351.0935, 4.71, 4.33, 6.94, -104.38, -65.25, -72.50, 0.01, 0.02, 0.04
2025-11-16 01:03:02.778,32.2430, -29.7423, 351.1043, 4.76, 4.35, 6.98, -104.38, -66.00, -71.25, -0.08, 0.01, -0.02
2025-11-16 01:03:02.798,32.2325, -29.7450, 351.1095, 4.71, 4.37, 7.01, -104.38, -66.00, -71.25, -0.06, -0.01, -0.06
2025-11-16 01:03:02.816,32.2080, -29.7410, 351.1051, 4.70, 4.41, 7.02, -104.69, -66.00, -70.88, -0.03, -0.02, -0.06
2025-11-16 01:03:02.836,32.1871, -29.7331, 351.0862, 4.64, 4.42, 7.00, -104.69, -66.00, -70.88, 0.04, -0.02, -0.02
2025-11-16 01:03:02.854,32.1827, -29.7291, 351.0639, 4.68, 4.40, 6.97, -104.69, -66.00, -70.88, 0.08, 0.00, 0.04
2025-11-16 01:03:02.872,32.1947, -29.7238, 351.0448, 4.69, 4.37, 6.97, -104.69, -66.00, -71.69, 0.05, 0.02, 0.06
2025-11-16 01:03:02.892,32.2187, -29.7304, 351.0507, 4.75, 4.32, 6.97, -104.69, -66.00, -71.69, -0.02, 0.01, 0.03
2025-11-16 01:03:02.910,32.2392, -29.7423, 351.0736, 4.74, 4.34, 7.01, -104.69, -66.00, -71.69, -0.05, 0.00, -0.02
2025-11-16 01:03:02.929,32.2374, -29.7463, 351.0998, 4.73, 4.36, 6.98, -104.38, -66.00, -70.88, -0.06, -0.02, -0.07
2025-11-16 01:03:02.950,32.2207, -29.7436, 351.0982, 4.69, 4.42, 6.97, -104.38, -66.00, -70.88, -0.03, -0.02, -0.06
2025-11-16 01:03:02.968,32.2003, -29.7357, 351.0793, 4.65, 4.45, 7.01, -104.38, -67.88, -71.69, 0.01, -0.01, -0.03
2025-11-16 01:03:02.988,32.1904, -29.7265, 351.0477, 4.68, 4.42, 6.96, -104.38, -67.88, -71.69, 0.07, -0.00, 0.03
2025-11-16 01:03:03.006,32.1996, -29.7212, 351.0293, 4.72, 4.38, 6.96, -104.38, -67.88, -71.69, 0.09, 0.02, 0.08
2025-11-16 01:03:03.024,32.2226, -29.7265, 351.0286, 4.73, 4.32, 6.97, -104.69, -65.25, -71.25, 0.00, 0.02, 0.04
2025-11-16 01:03:03.044,32.2384, -29.7370, 351.0555, 4.74, 4.33, 7.02, -104.69, -65.25, -71.25, -0.10, 0.00, -0.03
2025-11-16 01:03:03.062,32.2305, -29.7423, 351.0856, 4.71, 4.38, 6.99, -104.38, -64.06, -71.69, -0.09, -0.01, -0.07
2025-11-16 01:03:03.084,32.2049, -29.7370, 351.0944, 4.67, 4.41, 7.04, -104.38, -64.06, -71.69, -0.03, -0.03, -0.05
2025-11-16 01:03:03.104,32.1751, -29.7265, 351.0718, 4.67, 4.42, 7.02, -104.38, -64.06, -71.69, 0.08, -0.01, 0.01
2025-11-16 01:03:03.121,32.1623, -29.7186, 351.0434, 4.69, 4.43, 6.99, -105.06, -65.25, -71.69, 0.11, 0.01, 0.06
2025-11-16 01:03:03.142,32.1728, -29.7146, 351.0217, 4.72, 4.40, 6.93, -105.06, -65.25, -71.69, 0.06, 0.01, 0.06
2025-11-16 01:03:03.160,32.2082, -29.7212, 351.0215, 4.73, 4.35, 6.96, -105.06, -65.25, -71.69, -0.03, 0.01, 0.02
2025-11-16 01:03:03.180,32.2430, -29.7357, 351.0368, 4.76, 4.32, 6.96, -105.38, -66.00, -70.88, -0.09, 0.00, -0.04
2025-11-16 01:03:03.201,32.2514, -29.7489, 351.0575, 4.71, 4.35, 7.01, -105.38, -66.00, -70.88, -0.12, -0.00, -0.06
2025-11-16 01:03:03.218,32.2236, -29.7463, 351.0587, 4.68, 4.38, 7.05, -105.75, -64.50, -70.88, -0.05, -0.01, -0.04
2025-11-16 01:03:03.238,32.1775, -29.7344, 351.0411, 4.67, 4.42, 7.02, -105.75, -64.50, -70.88, 0.05, -0.00, 0.01
2025-11-16 01:03:03.256,32.1424, -29.7252, 351.0125, 4.70, 4.40, 6.97, -105.75, -64.50, -70.88, 0.09, -0.02, 0.03
2025-11-16 01:03:03.278,32.1262, -29.7199, 350.9896, 4.70, 4.37, 6.94, -104.75, -65.25, -71.25, 0.13, 0.00, 0.05
2025-11-16 01:03:03.299,32.1606, -29.7225, 350.9911, 4.71, 4.39, 6.91, -104.75, -65.25, -71.25, 0.03, -0.00, 0.02
2025-11-16 01:03:03.317,32.2125, -29.7384, 351.0088, 4.72, 4.37, 6.95, -105.38, -66.38, -71.25, -0.03, -0.00, 0.00
2025-11-16 01:03:03.336,32.2516, -29.7529, 351.0276, 4.73, 4.35, 6.96, -105.38, -66.38, -71.25, -0.10, 0.01, -0.03
2025-11-16 01:03:03.354,32.2534, -29.7568, 351.0333, 4.68, 4.37, 7.01, -105.38, -66.38, -71.25, -0.12, 0.01, -0.05
2025-11-16 01:03:03.372,32.2361, -29.7529, 351.0318, 4.66, 4.38, 7.03, -105.38, -66.38, -70.88, -0.07, -0.00, -0.04
2025-11-16 01:03:03.392,32.1825, -29.7410, 351.0064, 4.67, 4.42, 7.02, -105.38, -66.38, -70.88, 0.03, -0.01, -0.00
2025-11-16 01:03:03.410,32.1387, -29.7265, 350.9792, 4.70, 4.40, 7.02, -105.38, -66.38, -70.88, 0.08, -0.01, 0.03
2025-11-16 01:03:03.430,32.1294, -29.7199, 350.9641, 4.69, 4.38, 6.99, -104.75, -65.56, -71.69, 0.11, 0.00, 0.05
2025-11-16 01:03:03.450,32.1573, -29.7278, 350.9735, 4.74, 4.37, 6.95, -104.75, -65.56, -71.69, 0.05, 0.01, 0.04
2025-11-16 01:03:03.468,32.1973, -29.7410, 350.9948, 4.76, 4.34, 6.94, -105.38, -65.56, -70.06, -0.00, 0.00, 0.03
2025-11-16 01:03:03.488,32.2295, -29.7542, 351.0182, 4.72, 4.36, 6.98, -105.38, -65.56, -70.06, -0.08, 0.00, -0.03
2025-11-16 01:03:03.506,32.2344, -29.7595, 351.0299, 4.71, 4.38, 6.97, -105.38, -65.56, -70.06, -0.10, -0.00, -0.07
2025-11-16 01:03:03.525,32.2163, -29.7582, 351.0233, 4.68, 4.45, 7.01, -105.50, -65.25, -71.75, -0.05, -0.01, -0.06
2025-11-16 01:03:03.545,32.1831, -29.7423, 350.9933, 4.65, 4.42, 6.97, -105.50, -65.25, -71.75, 0.04, -0.00, 0.00
2025-11-16 01:03:03.563,32.1554, -29.7265, 350.9618, 4.68, 4.37, 7.00, -104.75, -65.25, -70.56, 0.08, 0.00, 0.06
2025-11-16 01:03:03.583,32.1531, -29.7172, 350.9480, 4.73, 4.35, 6.95, -104.75, -65.25, -70.56, 0.07, 0.02, 0.07
2025-11-16 01:03:03.603,32.1683, -29.7212, 350.9643, 4.77, 4.31, 6.94, -104.75, -65.25, -70.56, -0.01, 0.01, 0.03
2025-11-16 01:03:03.621,32.1838, -29.7278, 350.9920, 4.77, 4.32, 6.95, -104.38, -65.56, -71.25, -0.06, 0.00, -0.04
2025-11-16 01:03:03.641,32.1894, -29.7357, 351.0202, 4.70, 4.39, 6.97, -104.38, -65.56, -71.25, -0.07, -0.01, -0.07
2025-11-16 01:03:03.659,32.1810, -29.7370, 351.0247, 4.68, 4.41, 7.00, -104.38, -65.56, -71.25, -0.06, -0.02, -0.07
2025-11-16 01:03:03.679,32.1629, -29.7304, 351.0075, 4.66, 4.42, 6.97, -104.75, -65.56, -71.75, 0.05, -0.00, 0.01
2025-11-16 01:03:03.699,32.1563, -29.7225, 350.9752, 4.69, 4.40, 6.98, -104.75, -65.56, -71.75, 0.07, 0.00, 0.05
2025-11-16 01:03:03.717,32.1640, -29.7199, 350.9542, 4.71, 4.37, 6.97, -104.75, -64.88, -70.88, 0.08, 0.01, 0.06
2025-11-16 01:03:03.736,32.1857, -29.7225, 350.9568, 4.72, 4.33, 6.93, -104.75, -64.88, -70.88, 0.02, 0.01, 0.04
2025-11-16 01:03:03.754,32.2005, -29.7304, 350.9771, 4.75, 4.35, 7.02, -104.75, -64.88, -70.88, -0.07, 0.00, -0.01
2025-11-16 01:03:03.772,32.2069, -29.7397, 351.0019, 4.72, 4.38, 6.99, -104.75, -67.88, -70.06, -0.10, 0.00, -0.05
2025-11-16 01:03:03.792,32.1866, -29.7397, 351.0125, 4.68, 4.40, 6.99, -104.75, -67.88, -70.06, -0.05, -0.01, -0.05
2025-11-16 01:03:03.810,32.1572, -29.7304, 350.9990, 4.68, 4.42, 7.00, -104.75, -67.88, -70.06, 0.04, -0.01, -0.01
2025-11-16 01:03:03.831,32.1344, -29.7225, 350.9709, 4.67, 4.41, 6.98, -103.56, -64.88, -71.25, 0.07, -0.01, 0.02
2025-11-16 01:03:03.851,32.1413, -29.7212, 350.9473, 4.69, 4.41, 6.97, -103.56, -64.88, -71.25, 0.09, 0.01, 0.05
2025-11-16 01:03:03.869,32.1662, -29.7238, 350.9393, 4.72, 4.38, 6.95, -104.75, -64.88, -72.06, 0.07, 0.01, 0.05
2025-11-16 01:03:03.891,32.2027, -29.7357, 350.9473, 4.74, 4.33, 6.94, -104.75, -64.88, -72.06, -0.07, 0.00, -0.01
2025-11-16 01:03:03.909,32.2217, -29.7489, 350.9652, 4.72, 4.32, 7.00, -104.75, -64.88, -72.06, -0.09, 0.01, -0.02
2025-11-16 01:03:03.929,32.2129, -29.7542, 350.9737, 4.69, 4.36, 7.01, -104.75, -65.25, -71.25, -0.09, -0.00, -0.05
2025-11-16 01:03:03.951,32.1739, -29.7489, 350.9695, 4.68, 4.39, 7.03, -104.75, -65.25, -71.25, 0.00, -0.00, -0.02
2025-11-16 01:03:03.969,32.1274, -29.7397, 350.9535, 4.69, 4.40, 7.00, -105.50, -65.56, -71.25, 0.05, -0.01, 0.01
2025-11-16 01:03:03.990,32.1051, -29.7344, 350.9344, 4.70, 4.42, 6.93, -105.50, -65.56, -71.25, 0.12, -0.00, 0.04
2025-11-16 01:03:04.007,32.1234, -29.7357, 350.9237, 4.72, 4.39, 6.94, -105.50, -65.56, -71.25, 0.12, 0.01, 0.03
2025-11-16 01:03:04.028,32.1675, -29.7436, 350.9280, 4.71, 4.39, 6.92, -104.75, -65.56, -72.06, 0.03, -0.00, 0.01
2025-11-16 01:03:04.047,32.2178, -29.7555, 350.9391, 4.71, 4.35, 6.95, -104.75, -65.56, -72.06, -0.06, 0.01, -0.01
2025-11-16 01:03:04.065,32.2414, -29.7661, 350.9490, 4.71, 4.37, 6.96, -105.50, -66.75, -71.25, -0.11, 0.01, -0.03
2025-11-16 01:03:04.086,32.2323, -29.7648, 350.9544, 4.67, 4.37, 7.00, -105.50, -66.75, -71.25, -0.10, 0.01, -0.03
2025-11-16 01:03:04.105,32.1822, -29.7555, 350.9448, 4.71, 4.36, 7.03, -105.50, -66.75, -71.25, -0.03, 0.00, -0.01
2025-11-16 01:03:04.125,32.1227, -29.7450, 350.9308, 4.71, 4.39, 6.99, -105.50, -65.25, -70.88, 0.05, -0.02, 0.00
2025-11-16 01:03:04.145,32.0855, -29.7357, 350.9169, 4.71, 4.36, 6.97, -105.50, -65.25, -70.88, 0.10, -0.02, 0.02
2025-11-16 01:03:04.164,32.0936, -29.7357, 350.9074, 4.71, 4.39, 6.95, -105.06, -66.00, -71.38, 0.10, 0.00, 0.02
2025-11-16 01:03:04.184,32.1289, -29.7397, 350.9056, 4.71, 4.40, 6.92, -105.06, -66.00, -71.38, 0.02, -0.00, 0.02
2025-11-16 01:03:04.204,32.1814, -29.7516, 350.9161, 4.73, 4.37, 6.96, -105.06, -66.00, -71.38, -0.05, 0.01, 0.01
2025-11-16 01:03:04.221,32.2221, -29.7608, 350.9260, 4.72, 4.36, 6.98, -104.75, -66.00, -70.88, -0.10, 0.01, -0.02
2025-11-16 01:03:04.241,32.2225, -29.7634, 350.9350, 4.70, 4.35, 6.99, -104.75, -66.00, -70.88, -0.09, 0.01, -0.03
2025-11-16 01:03:04.260,32.1873, -29.7582, 350.9343, 4.71, 4.37, 7.04, -104.75, -66.00, -70.88, -0.06, 0.00, -0.03
2025-11-16 01:03:04.280,32.1385, -29.7516, 350.9214, 4.66, 4.41, 6.98, -105.50, -66.00, -70.88, 0.04, -0.01, -0.00
2025-11-16 01:03:04.301,32.1629, -29.9359, 350.8366, 4.68, 4.39, 7.00, -105.50, -66.00, -70.88, 0.08, -0.01, 0.02
2025-11-16 01:03:04.319,32.1559, -29.9333, 350.8248, 4.71, 4.38, 6.95, -104.38, -65.25, -72.06, 0.09, 0.00, 0.03
2025-11-16 01:03:04.339,32.1845, -29.9386, 350.8228, 4.70, 4.34, 6.92, -104.38, -65.25, -72.06, 0.05, 0.01, 0.03
2025-11-16 01:03:04.356,32.2231, -29.9478, 350.8309, 4.73, 4.38, 6.98, -104.38, -65.25, -72.06, -0.03, 0.01, 0.01
2025-11-16 01:03:04.376,32.2526, -29.9584, 350.8460, 4.71, 4.35, 6.97, -104.75, -67.88, -71.38, -0.09, 0.00, -0.03
2025-11-16 01:03:04.400,32.1940, -29.7700, 350.9202, 4.70, 4.37, 7.00, -104.75, -67.88, -71.38, -0.06, -0.01, -0.04
2025-11-16 01:03:04.421,32.1662, -29.7634, 350.9109, 4.70, 4.38, 7.03, -104.75, -65.25, -70.88, 0.03, -0.00, -0.00
2025-11-16 01:03:04.441,32.1346, -29.7542, 350.8956, 4.68, 4.39, 6.97, -104.75, -65.25, -70.88, 0.07, -0.01, 0.03
2025-11-16 01:03:04.460,32.1203, -29.7489, 350.8819, 4.70, 4.38, 6.98, -104.75, -65.25, -70.88, 0.07, 0.00, 0.03
2025-11-16 01:03:04.481,32.1241, -29.7450, 350.8747, 4.72, 4.36, 6.98, -104.75, -65.56, -72.06, 0.02, 0.00, 0.01
2025-11-16 01:03:04.502,32.1400, -29.7450, 350.8796, 4.73, 4.35, 6.96, -104.75, -65.56, -72.06, -0.04, 0.00, -0.01
2025-11-16 01:03:04.520,32.1595, -29.7529, 350.8935, 4.70, 4.36, 6.98, -105.50, -66.00, -72.06, -0.07, 0.00, -0.03
2025-11-16 01:03:04.539,32.1590, -29.7568, 350.8975, 4.70, 4.39, 6.99, -105.50, -66.00, -72.06, -0.06, 0.00, -0.03
2025-11-16 01:03:04.558,32.1374, -29.7516, 350.8925, 4.69, 4.38, 7.01, -105.50, -66.00, -72.06, -0.03, 0.00, -0.02
2025-11-16 01:03:04.579,32.1098, -29.7463, 350.8822, 4.71, 4.38, 6.99, -105.50, -65.25, -71.38, 0.03, -0.01, 0.01
2025-11-16 01:03:04.599,32.0950, -29.7450, 350.8725, 4.71, 4.39, 6.99, -105.50, -65.25, -71.38, 0.06, -0.01, 0.02
2025-11-16 01:03:04.617,32.1028, -29.7450, 350.8704, 4.72, 4.40, 6.94, -105.50, -66.38, -70.56, 0.07, -0.00, 0.02
2025-11-16 01:03:04.636,32.1267, -29.7476, 350.8748, 4.67, 4.36, 6.94, -105.50, -66.38, -70.56, -0.01, 0.00, 0.00
2025-11-16 01:03:04.655,32.1515, -29.7542, 350.8857, 4.73, 4.38, 7.01, -105.50, -66.38, -70.56, -0.07, 0.00, -0.01
2025-11-16 01:03:04.673,32.1571, -29.7595, 350.8949, 4.74, 4.34, 7.01, -105.50, -65.25, -71.38, -0.05, 0.01, -0.01
2025-11-16 01:03:04.693,32.1437, -29.7595, 350.8984, 4.71, 4.35, 7.00, -105.50, -65.25, -71.38, -0.02, -0.01, -0.01
2025-11-16 01:03:04.711,32.1173, -29.7582, 350.8963, 4.65, 4.36, 6.98, -105.50, -65.25, -71.38, 0.05, -0.01, -0.00
2025-11-16 01:03:04.732,32.0958, -29.7582, 350.8928, 4.68, 4.35, 6.99, -104.75, -66.00, -71.75, -0.00, -0.00, -0.03
2025-11-16 01:03:04.752,32.0794, -29.7555, 350.8814, 4.64, 4.41, 6.98, -104.75, -66.00, -71.75, -0.01, -0.00, -0.01
2025-11-16 01:03:04.770,32.0824, -29.7516, 350.8692, 4.70, 4.41, 6.97, -105.06, -64.88, -70.88, 0.06, 0.01, 0.03
2025-11-16 01:03:04.791,32.1030, -29.7542, 350.8677, 4.69, 4.35, 6.94, -105.06, -64.88, -70.88, 0.03, 0.01, 0.05
2025-11-16 01:03:04.809,32.1229, -29.7595, 350.8776, 4.74, 4.32, 6.96, -105.06, -64.88, -70.88, 0.01, 0.02, 0.05
2025-11-16 01:03:04.829,32.1225, -29.7661, 350.9005, 4.78, 4.31, 7.01, -104.75, -66.38, -70.56, -0.04, 0.01, 0.02
2025-11-16 01:03:04.850,32.1170, -29.7687, 350.9208, 4.74, 4.37, 6.99, -104.75, -66.38, -70.56, -0.06, -0.01, -0.06
2025-11-16 01:03:04.868,32.1023, -29.7674, 350.9276, 4.65, 4.42, 7.02, -104.75, -66.00, -72.06, -0.03, -0.02, -0.07
2025-11-16 01:03:04.888,32.0920, -29.7595, 350.9083, 4.63, 4.45, 7.01, -104.75, -66.00, -72.06, 0.02, -0.02, -0.06
2025-11-16 01:03:04.906,32.0908, -29.7476, 350.8730, 4.64, 4.43, 6.98, -104.75, -66.00, -72.06, 0.03, 0.00, 0.01
2025-11-16 01:03:04.925,32.1011, -29.7397, 350.8333, 4.72, 4.36, 7.00, -104.38, -66.00, -71.00, 0.02, 0.02, 0.08
2025-11-16 01:03:04.946,32.1108, -29.7397, 350.8255, 4.78, 4.30, 6.98, -104.38, -66.00, -71.00, 0.03, 0.03, 0.09
2025-11-16 01:03:04.964,32.1199, -29.7502, 350.8520, 4.77, 4.30, 6.99, -105.06, -66.00, -70.19, -0.00, 0.02, 0.03
2025-11-16 01:03:04.984,32.1128, -29.7595, 350.8977, 4.73, 4.35, 6.95, -105.06, -66.00, -70.19, -0.05, -0.01, -0.07
2025-11-16 01:03:05.004,32.0949, -29.7648, 350.9281, 4.68, 4.42, 7.03, -105.06, -66.00, -70.19, -0.07, -0.03, -0.10
2025-11-16 01:03:05.021,32.0771, -29.7608, 350.9265, 4.66, 4.46, 7.02, -105.88, -65.56, -70.56, -0.01, -0.02, -0.06
2025-11-16 01:03:05.041,32.0755, -29.7516, 350.8928, 4.65, 4.47, 6.95, -105.88, -65.56, -70.56, 0.07, -0.00, 0.03
2025-11-16 01:03:05.059,32.0914, -29.7423, 350.8493, 4.67, 4.40, 6.97, -105.88, -65.56, -70.56, 0.09, 0.01, 0.06
2025-11-16 01:03:05.080,32.1154, -29.7410, 350.8256, 4.70, 4.35, 6.96, -104.75, -66.38, -70.56, 0.05, 0.03, 0.09
2025-11-16 01:03:05.101,32.1311, -29.7489, 350.8361, 4.76, 4.33, 6.99, -104.75, -66.38, -70.56, -0.08, 0.01, 0.00
2025-11-16 01:03:05.119,32.1310, -29.7582, 350.8680, 4.76, 4.31, 7.01, -105.50, -66.75, -70.56, -0.09, 0.01, -0.03
2025-11-16 01:03:05.138,32.1111, -29.7661, 350.8982, 4.71, 4.38, 7.02, -105.50, -66.75, -70.56, -0.06, -0.01, -0.06
2025-11-16 01:03:05.156,32.0821, -29.7648, 350.9043, 4.67, 4.40, 7.01, -105.50, -66.75, -70.56, 0.01, -0.02, -0.05
2025-11-16 01:03:05.174,32.0555, -29.7595, 350.8817, 4.67, 4.43, 6.97, -104.75, -66.38, -71.00, 0.06, -0.02, -0.01
2025-11-16 01:03:05.194,32.0551, -29.7502, 350.8432, 4.71, 4.43, 6.94, -104.75, -66.38, -71.00, 0.06, -0.00, 0.03
2025-11-16 01:03:05.212,32.0797, -29.7463, 350.8147, 4.68, 4.39, 6.96, -104.75, -66.38, -71.00, 0.03, 0.01, 0.04
2025-11-16 01:03:05.232,32.1112, -29.7502, 350.8095, 4.74, 4.33, 6.95, -105.50, -66.38, -71.00, -0.01, 0.02, 0.04
2025-11-16 01:03:05.252,32.1292, -29.7582, 350.8291, 4.73, 4.32, 6.97, -105.50, -66.38, -71.00, -0.05, 0.01, -0.00
2025-11-16 01:03:05.270,32.1316, -29.7648, 350.8514, 4.69, 4.35, 6.96, -105.06, -66.00, -71.00, -0.05, -0.01, -0.03
2025-11-16 01:03:05.291,32.1073, -29.7661, 350.8675, 4.70, 4.32, 7.00, -105.06, -66.00, -71.00, -0.07, 0.00, -0.06
2025-11-16 01:03:05.309,32.0689, -29.7595, 350.8609, 4.65, 4.39, 7.01, -105.06, -66.00, -71.00, -0.06, -0.03, -0.06
2025-11-16 01:03:05.329,32.0441, -29.7489, 350.8393, 4.68, 4.44, 7.02, -104.00, -66.38, -71.38, 0.07, -0.01, 0.00
2025-11-16 01:03:05.349,32.0507, -29.7423, 350.8126, 4.68, 4.39, 6.97, -104.00, -66.38, -71.38, 0.11, -0.00, 0.04
2025-11-16 01:03:05.367,32.0754, -29.7410, 350.8031, 4.72, 4.34, 6.92, -104.75, -66.00, -71.00, 0.07, 0.01, 0.05
2025-11-16 01:03:05.387,32.1096, -29.7463, 350.8161, 4.79, 4.31, 6.94, -104.75, -66.00, -71.00, -0.01, 0.02, 0.04
2025-11-16 01:03:05.406,32.1310, -29.7555, 350.8491, 4.77, 4.34, 6.98, -104.75, -66.00, -71.00, -0.08, 0.01, -0.01
2025-11-16 01:03:05.423,32.1360, -29.7634, 350.8796, 4.69, 4.35, 7.02, -104.38, -66.00, -71.38, -0.09, 0.01, -0.06
2025-11-16 01:03:05.443,32.1050, -29.7608, 350.8914, 4.67, 4.42, 7.01, -104.38, -66.00, -71.38, -0.04, -0.02, -0.07
2025-11-16 01:03:05.461,32.0702, -29.7502, 350.8702, 4.64, 4.42, 7.01, -104.38, -66.00, -71.38, 0.00, -0.02, -0.04
2025-11-16 01:03:05.482,32.0426, -29.7370, 350.8305, 4.67, 4.43, 7.01, -104.38, -66.00, -70.56, 0.04, -0.00, 0.03
2025-11-16 01:03:05.505,32.0396, -29.7304, 350.7942, 4.68, 4.36, 6.98, -104.38, -66.00, -70.56, 0.08, 0.01, 0.07
2025-11-16 01:03:05.523,32.0507, -29.7331, 350.7831, 4.74, 4.34, 6.96, -104.75, -65.25, -71.00, 0.06, 0.03, 0.08
2025-11-16 01:03:05.543,32.0741, -29.7463, 350.8020, 4.78, 4.31, 6.95, -104.75, -65.25, -71.00, -0.04, 0.00, 0.00
2025-11-16 01:03:05.561,32.0824, -29.7582, 350.8376, 4.73, 4.33, 6.97, -104.75, -65.25, -71.00, -0.08, 0.00, -0.06
2025-11-16 01:03:05.581,32.0742, -29.7661, 350.8626, 4.71, 4.37, 6.99, -105.06, -64.88, -70.19, -0.07, -0.02, -0.08
2025-11-16 01:03:05.601,32.0564, -29.7634, 350.8635, 4.68, 4.44, 7.02, -105.06, -64.88, -70.19, 0.03, -0.02, -0.03
2025-11-16 01:03:05.619,32.0445, -29.7529, 350.8376, 4.64, 4.45, 7.00, -105.06, -65.25, -71.38, 0.07, -0.01, -0.00
2025-11-16 01:03:05.638,32.0499, -29.7423, 350.8052, 4.68, 4.40, 6.94, -105.06, -65.25, -71.38, 0.08, 0.00, 0.05
2025-11-16 01:03:05.656,32.0690, -29.7384, 350.7888, 4.67, 4.36, 6.93, -105.06, -65.25, -71.38, 0.03, 0.02, 0.05
2025-11-16 01:03:05.674,32.0879, -29.7410, 350.7921, 4.75, 4.28, 6.98, -105.50, -66.00, -71.00, -0.07, 0.02, 0.03
2025-11-16 01:03:05.694,32.0889, -29.7450, 350.8177, 4.75, 4.30, 7.04, -105.50, -66.00, -71.00, -0.10, 0.00, -0.02
2025-11-16 01:03:05.712,32.0591, -29.7450, 350.8435, 4.73, 4.34, 7.04, -105.50, -66.75, -71.75, 0.02, -0.01, -0.03
2025-11-16 01:03:05.732,32.0216, -29.7423, 350.8525, 4.70, 4.40, 7.04, -105.50, -66.75, -71.75, 0.05, -0.02, -0.02
2025-11-16 01:03:05.753,31.9969, -29.7397, 350.8431, 4.67, 4.43, 6.96, -105.50, -66.75, -71.75, 0.09, -0.01, 0.00
2025-11-16 01:03:05.771,32.0027, -29.7370, 350.8303, 4.68, 4.42, 6.96, -105.06, -64.88, -71.75, 0.05, -0.00, 0.02
2025-11-16 01:03:05.791,32.0337, -29.7384, 350.8161, 4.69, 4.39, 6.93, -105.06, -64.88, -71.75, -0.02, 0.00, 0.02
2025-11-16 01:03:05.809,32.0702, -29.7450, 350.8135, 4.71, 4.37, 6.96, -105.06, -64.88, -71.75, -0.06, 0.02, 0.02
2025-11-16 01:03:05.828,32.0769, -29.7476, 350.8178, 4.71, 4.36, 6.99, -104.38, -65.56, -71.00, -0.11, 0.02, -0.01
2025-11-16 01:03:05.848,32.0448, -29.7423, 350.8239, 4.72, 4.34, 7.04, -104.38, -65.56, -71.00, -0.10, 0.01, -0.02
2025-11-16 01:03:05.869,31.9862, -29.7357, 350.8278, 4.74, 4.35, 7.06, -105.06, -66.00, -70.56, -0.00, -0.01, -0.01
2025-11-16 01:03:05.893,31.9418, -29.7331, 350.8266, 4.71, 4.37, 7.00, -105.06, -66.00, -70.56, 0.13, -0.02, 0.02
2025-11-16 01:03:05.910,31.9359, -29.7318, 350.8214, 4.70, 4.40, 6.99, -105.06, -66.00, -70.56, 0.11, -0.01, 0.01
2025-11-16 01:03:05.930,31.9723, -29.7344, 350.8148, 4.68, 4.42, 6.94, -104.75, -65.56, -72.56, 0.07, -0.01, -0.00
2025-11-16 01:03:05.950,31.8151, -29.7436, 350.8668, 4.69, 4.40, 6.93, -104.75, -65.56, -72.56, -0.07, 0.00, -0.01
2025-11-16 01:03:05.968,31.8603, -29.7502, 350.8663, 4.71, 4.42, 6.95, -104.38, -66.75, -71.38, -0.09, 0.01, -0.01
2025-11-16 01:03:05.986,31.8603, -29.7502, 350.8663, 4.71, 4.33, 7.00, -104.38, -66.75, -71.38, -0.10, 0.02, 0.00
2025-11-16 01:03:06.005,31.8540, -29.7489, 350.8710, 4.71, 4.37, 7.03, -104.38, -66.75, -71.38, -0.04, 0.02, 0.01
2025-11-16 01:03:06.026,31.8153, -29.7423, 350.8743, 4.72, 4.37, 7.01, -105.50, -64.88, -71.75, 0.00, -0.00, -0.01
2025-11-16 01:03:06.046,31.7586, -29.7357, 350.8808, 4.73, 4.37, 6.97, -105.50, -64.88, -71.75, 0.07, -0.02, -0.01
2025-11-16 01:03:06.064,31.9396, -29.7331, 350.8273, 4.72, 4.39, 6.97, -104.75, -65.56, -72.56, 0.10, -0.02, -0.01
2025-11-16 01:03:06.086,31.9454, -29.7344, 350.8250, 4.69, 4.42, 6.90, -104.75, -65.56, -72.56, 0.06, -0.01, 0.01
2025-11-16 01:03:06.106,31.9940, -29.7410, 350.8214, 4.70, 4.38, 6.95, -104.75, -65.56, -72.56, -0.02, 0.00, 0.02
2025-11-16 01:03:06.126,32.0373, -29.7502, 350.8208, 4.71, 4.36, 6.94, -104.38, -65.25, -70.56, -0.09, 0.01, 0.01
2025-11-16 01:03:06.146,32.0555, -29.7568, 350.8206, 4.71, 4.36, 7.02, -104.38, -65.25, -70.56, -0.10, 0.02, -0.01
2025-11-16 01:03:06.164,32.0319, -29.7529, 350.8237, 4.71, 4.36, 7.02, -105.50, -66.00, -70.19, -0.05, -0.00, -0.03
2025-11-16 01:03:06.184,31.9831, -29.7436, 350.8258, 4.69, 4.38, 7.00, -105.50, -66.00, -70.19, 0.04, -0.01, -0.01
2025-11-16 01:03:06.204,31.9420, -29.7370, 350.8198, 4.69, 4.39, 6.98, -105.50, -66.00, -70.19, 0.09, -0.03, 0.15
2025-11-16 01:03:06.222,31.9316, -29.7357, 350.8112, 4.70, 4.42, 6.98, -104.75, -64.56, -71.00, 0.09, -0.00, 0.02
2025-11-16 01:03:06.242,31.9614, -29.7397, 350.8042, 4.69, 4.42, 6.93, -104.75, -64.56, -71.00, 0.03, 0.01, 0.02
2025-11-16 01:03:06.260,32.0097, -29.7502, 350.8046, 4.72, 4.38, 6.93, -104.75, -64.56, -71.00, -0.02, 0.00, 0.01
2025-11-16 01:03:06.280,32.0459, -29.7634, 350.8052, 4.71, 4.36, 6.96, -104.00, -65.56, -71.00, -0.09, 0.01, -0.01
2025-11-16 01:03:06.301,32.0461, -29.7661, 350.8067, 4.70, 4.36, 7.01, -104.00, -65.56, -71.00, -0.09, 0.01, -0.03
2025-11-16 01:03:06.319,32.0115, -29.7608, 350.8060, 4.72, 4.37, 7.06, -104.75, -65.25, -71.75, -0.05, 0.00, -0.02
2025-11-16 01:03:06.338,31.9654, -29.7529, 350.7990, 4.71, 4.38, 7.00, -104.75, -65.25, -71.75, 0.04, -0.01, 0.01
2025-11-16 01:03:06.356,31.9344, -29.7476, 350.7919, 4.71, 4.37, 6.98, -104.75, -65.25, -71.75, 0.08, -0.01, 0.02
2025-11-16 01:03:06.374,31.9271, -29.7450, 350.7900, 4.72, 4.38, 6.96, -105.50, -65.25, -71.75, 0.07, -0.01, 0.01
2025-11-16 01:03:06.394,31.9543, -29.7476, 350.7912, 4.70, 4.41, 6.95, -105.50, -65.25, -71.75, 0.03, -0.01, -0.00
2025-11-16 01:03:06.412,31.9976, -29.7529, 350.7965, 4.71, 4.41, 6.94, -105.50, -65.25, -71.75, -0.03, -0.00, -0.01
2025-11-16 01:03:06.432,32.0253, -29.7582, 350.8043, 4.70, 4.37, 7.01, -105.88, -66.75, -71.00, -0.09, 0.01, -0.01
2025-11-16 01:03:06.453,32.0201, -29.7555, 350.8041, 4.71, 4.37, 7.00, -105.88, -66.75, -71.00, -0.09, 0.01, -0.01
2025-11-16 01:03:06.471,31.9927, -29.7502, 350.8038, 4.73, 4.38, 7.04, -104.75, -66.38, -72.19, -0.05, 0.02, -0.00
2025-11-16 01:03:06.491,31.9443, -29.7463, 350.8065, 4.72, 4.37, 7.02, -104.75, -66.38, -72.19, 0.04, -0.02, -0.01
2025-11-16 01:03:06.509,31.9099, -29.7436, 350.8049, 4.69, 4.38, 7.00, -104.75, -66.38, -72.19, 0.07, -0.02, -0.00
2025-11-16 01:03:06.528,31.9068, -29.7450, 350.8006, 4.69, 4.39, 6.99, -104.75, -65.56, -71.00, 0.10, -0.01, 0.00
2025-11-16 01:03:06.548,31.9343, -29.7502, 350.8010, 4.69, 4.40, 6.95, -104.75, -65.56, -71.00, 0.05, 0.00, 0.02
2025-11-16 01:03:06.566,31.9796, -29.7568, 350.8005, 4.71, 4.39, 6.93, -105.06, -65.56, -70.56, -0.01, 0.01, 0.03
2025-11-16 01:03:06.587,32.0214, -29.7661, 350.8055, 4.73, 4.35, 6.95, -105.06, -65.56, -70.56, -0.06, 0.02, -0.00
2025-11-16 01:03:06.606,32.0317, -29.7687, 350.8142, 4.71, 4.38, 7.02, -105.06, -65.56, -70.56, -0.10, 0.01, -0.04
2025-11-16 01:03:06.629,31.9977, -29.7595, 350.8071, 4.67, 4.40, 7.05, -105.50, -65.25, -70.56, -0.08, -0.01, -0.06
2025-11-16 01:03:06.650,31.9516, -29.7489, 350.7919, 4.66, 4.37, 7.01, -105.50, -65.25, -70.56, 0.01, -0.01, -0.01
2025-11-16 01:03:06.667,31.9158, -29.7397, 350.7830, 4.71, 4.40, 7.02, -105.50, -67.50, -71.75, 0.09, -0.01, 0.05
2025-11-16 01:03:06.688,31.8980, -29.7318, 350.7733, 4.72, 4.33, 6.94, -105.50, -67.50, -71.75, 0.12, 0.01, 0.07
2025-11-16 01:03:06.706,31.9117, -29.7331, 350.7764, 4.74, 4.34, 6.94, -105.50, -67.50, -71.75, 0.04, 0.01, 0.03
2025-11-16 01:03:06.725,31.9480, -29.7436, 350.8018, 4.73, 4.37, 6.96, -104.38, -64.88, -70.56, -0.07, -0.00, -0.04
2025-11-16 01:03:06.748,31.9719, -29.7476, 350.8227, 4.71, 4.39, 6.97, -104.38, -64.88, -70.56, -0.10, -0.01, -0.07
2025-11-16 01:03:06.766,31.9701, -29.7450, 350.8194, 4.66, 4.40, 7.03, -105.50, -65.56, -71.75, -0.07, -0.01, -0.04
2025-11-16 01:03:06.786,31.9500, -29.7344, 350.8063, 4.66, 4.37, 7.00, -105.50, -65.56, -71.75, 0.01, 0.01, 0.03
2025-11-16 01:03:06.805,31.9111, -29.7212, 350.7891, 4.71, 4.37, 6.99, -105.50, -65.56, -71.75, 0.04, 0.01, 0.05
2025-11-16 01:03:06.823,31.8817, -29.7133, 350.7755, 4.74, 4.37, 7.01, -105.06, -64.56, -71.75, 0.06, 0.00, 0.03
2025-11-16 01:03:06.843,31.8761, -29.7146, 350.7793, 4.72, 4.36, 6.93, -105.06, -64.56, -71.75, 0.04, -0.01, -0.01
2025-11-16 01:03:06.861,31.8956, -29.7225, 350.7932, 4.71, 4.37, 6.96, -105.06, -64.56, -71.75, 0.01, -0.01, -0.03
2025-11-16 01:03:06.882,31.9285, -29.7318, 350.8028, 4.68, 4.38, 6.97, -104.38, -66.38, -72.19, -0.03, 0.00, -0.01
2025-11-16 01:03:06.902,31.9538, -29.7410, 350.8055, 4.68, 4.38, 6.96, -104.38, -66.38, -72.19, -0.07, 0.02, 0.01
2025-11-16 01:03:06.920,31.9522, -29.7410, 350.8037, 4.68, 4.35, 7.03, -104.75, -65.56, -71.00, -0.08, 0.02, 0.01
2025-11-16 01:03:06.939,31.9232, -29.7357, 350.7992, 4.70, 4.36, 7.00, -104.75, -65.56, -71.00, -0.06, 0.01, -0.01
2025-11-16 01:03:06.957,31.8843, -29.7304, 350.7949, 4.76, 4.41, 7.05, -104.75, -65.56, -71.00, 0.01, -0.02, -0.03
2025-11-16 01:03:06.975,31.8483, -29.7278, 350.7916, 4.68, 4.42, 7.01, -104.75, -66.38, -71.75, 0.08, -0.02, -0.03
2025-11-16 01:03:06.995,31.8477, -29.7265, 350.7775, 4.70, 4.40, 6.94, -104.75, -66.38, -71.75, 0.12, -0.02, 0.01
2025-11-16 01:03:07.013,31.8904, -29.7304, 350.7663, 4.71, 4.41, 6.95, -104.75, -67.06, -72.19, 0.14, 0.01, 0.06
2025-11-16 01:03:07.033,31.9716, -29.7450, 350.7657, 4.73, 4.41, 6.91, -104.75, -67.06, -72.19, 0.05, 0.01, 0.06
2025-11-16 01:03:07.053,32.0473, -29.7621, 350.7853, 4.74, 4.34, 6.92, -104.75, -67.06, -72.19, -0.09, 0.02, 0.01
2025-11-16 01:03:07.071,32.0860, -29.7766, 350.8116, 4.73, 4.30, 6.94, -105.06, -66.00, -70.19, -0.23, 0.00, -0.07
2025-11-16 01:03:07.092,32.0544, -29.7753, 350.8258, 4.71, 4.37, 7.02, -105.06, -66.00, -70.19, -0.23, 0.01, -0.11
2025-11-16 01:03:07.110,31.9650, -29.7595, 350.8120, 4.65, 4.39, 7.09, -105.06, -66.00, -70.19, -0.16, -0.00, -0.09
2025-11-16 01:03:07.129,31.8530, -29.7357, 350.7775, 4.62, 4.41, 7.08, -105.06, -65.56, -71.75, 0.03, -0.02, -0.01
2025-11-16 01:03:07.149,31.7787, -29.7172, 350.7356, 4.69, 4.40, 7.02, -105.06, -65.56, -71.75, 0.21, -0.02, 0.07
2025-11-16 01:03:07.167,31.7559, -29.7067, 350.7058, 4.73, 4.40, 6.93, -105.50, -65.25, -71.75, 0.26, -0.00, 0.10
2025-11-16 01:03:07.187,31.8233, -29.7199, 350.7170, 4.77, 4.37, 6.88, -105.50, -65.25, -71.75, 0.17, -0.00, 0.06
2025-11-16 01:03:07.206,31.9485, -29.7476, 350.7586, 4.75, 4.35, 6.87, -105.50, -65.25, -71.75, 0.01, -0.01, -0.01
2025-11-16 01:03:07.224,32.0674, -29.7740, 350.8049, 4.74, 4.37, 6.86, -105.50, -66.38, -71.00, -0.15, -0.00, -0.07
2025-11-16 01:03:07.244,32.1193, -29.7846, 350.8262, 4.70, 4.38, 6.92, -105.50, -66.38, -71.00, -0.27, 0.01, -0.09
2025-11-16 01:03:07.262,32.0992, -29.7780, 350.8171, 4.66, 4.40, 7.05, -105.50, -66.38, -71.00, -0.22, 0.03, -0.06
2025-11-16 01:03:07.282,31.9969, -29.7489, 350.7815, 4.65, 4.39, 7.08, -104.75, -66.75, -70.56, -0.04, 0.02, 0.01
2025-11-16 01:03:07.303,31.8645, -29.7173, 350.7454, 4.75, 4.36, 7.09, -104.75, -66.75, -70.56, 0.10, 0.01, 0.07
2025-11-16 01:03:07.321,31.7648, -29.7027, 350.7245, 4.75, 4.36, 7.04, -104.38, -65.25, -72.56, 0.18, -0.02, 0.07
2025-11-16 01:03:07.340,31.7416, -29.7001, 350.7343, 4.75, 4.31, 6.91, -104.38, -65.25, -72.56, 0.23, -0.00, 0.06
2025-11-16 01:03:07.358,31.8014, -29.7173, 350.7656, 4.76, 4.38, 6.88, -104.38, -65.25, -72.56, 0.12, -0.02, 0.00
2025-11-16 01:03:07.375,31.9071, -29.7450, 350.7980, 4.71, 4.41, 6.89, -105.06, -65.25, -70.56, 0.00, -0.02, -0.04
2025-11-16 01:03:07.395,32.0175, -29.7687, 350.8110, 4.66, 4.43, 6.91, -105.06, -65.25, -70.56, -0.10, -0.00, -0.06
2025-11-16 01:03:07.413,32.0801, -29.7714, 350.7991, 4.66, 4.43, 6.94, -104.75, -67.50, -70.56, -0.16, 0.01, -0.04
2025-11-16 01:03:07.433,32.0658, -29.7634, 350.7689, 4.66, 4.40, 7.00, -104.75, -67.50, -70.56, -0.14, 0.03, 0.00
2025-11-16 01:03:07.453,89.7237, -41.8044, 311.2344, 4.69, 4.35, 7.05, -104.75, -67.50, -70.56, -0.06, 0.03, 0.03
2025-11-16 01:03:07.472,89.6240, -41.7873, 311.2218, 4.73, 4.31, 7.05, -104.75, -65.25, -71.00, 0.04, 0.00, 0.04
2025-11-16 01:03:07.492,89.5341, -41.7767, 311.2310, 4.74, 4.31, 7.02, -104.75, -65.25, -71.00, 0.11, -0.01, 0.02
2025-11-16 01:03:07.509,89.4919, -41.7780, 311.2504, 4.73, 4.35, 6.99, -104.75, -65.25, -71.00, 0.13, -0.03, -0.01
2025-11-16 01:03:07.529,89.5002, -41.7886, 311.2695, 4.69, 4.40, 6.93, -104.00, -66.38, -71.00, 0.08, -0.03, -0.03
2025-11-16 01:03:07.548,31.8268, -29.7397, 350.7762, 4.66, 4.43, 6.92, -104.00, -66.38, -71.00, 0.01, -0.01, -0.03
2025-11-16 01:03:07.566,31.9016, -29.7502, 350.7613, 4.68, 4.41, 6.95, -105.06, -66.38, -71.38, -0.04, -0.00, -0.00
2025-11-16 01:03:07.586,31.9524, -29.7555, 350.7406, 4.71, 4.40, 6.95, -105.06, -66.38, -71.38, -0.05, 0.02, 0.03
2025-11-16 01:03:07.606,31.9629, -29.7568, 350.7295, 4.72, 4.34, 7.00, -105.06, -66.38, -71.38, -0.05, 0.02, 0.03
2025-11-16 01:03:07.623,31.9443, -29.7516, 350.7312, 4.73, 4.34, 7.00, -105.88, -66.00, -71.00, -0.04, 0.01, 0.00
2025-11-16 01:03:07.643,31.8954, -29.7489, 350.7463, 4.73, 4.34, 7.02, -105.88, -66.00, -71.00, -0.01, -0.01, -0.02
2025-11-16 01:03:07.661,31.8488, -29.7450, 350.7606, 4.71, 4.35, 6.99, -105.88, -66.00, -71.00, 0.00, -0.01, -0.02
2025-11-16 01:03:07.681,31.8267, -29.7450, 350.7620, 4.72, 4.44, 7.01, -105.88, -65.25, -71.00, 0.02, -0.00, -0.02
2025-11-16 01:03:07.702,31.8247, -29.7423, 350.7512, 4.65, 4.44, 6.96, -105.88, -65.25, -71.00, -0.01, -0.03, -0.02
2025-11-16 01:03:07.726,31.8361, -29.7450, 350.7302, 4.63, 4.43, 6.97, -104.75, -65.56, -71.00, -0.01, 0.01, 0.01
2025-11-16 01:03:07.745,31.8514, -29.7476, 350.7127, 4.74, 4.38, 6.98, -104.75, -65.56, -71.00, -0.00, 0.00, 0.03
2025-11-16 01:03:07.763,31.8639, -29.7555, 350.7065, 4.74, 4.36, 6.99, -104.75, -65.56, -71.00, 0.05, 0.01, 0.04
2025-11-16 01:03:07.784,31.8732, -29.7608, 350.7192, 4.76, 4.34, 6.95, -104.00, -66.38, -71.38, 0.04, -0.00, 0.01
2025-11-16 01:03:07.804,31.8819, -29.7674, 350.7343, 4.74, 4.34, 6.92, -104.00, -66.38, -71.38, -0.03, -0.01, -0.03
2025-11-16 01:03:07.822,31.8865, -29.7661, 350.7429, 4.67, 4.37, 6.95, -105.50, -66.00, -71.38, -0.07, -0.01, -0.06
2025-11-16 01:03:07.842,31.8802, -29.7595, 350.7345, 4.68, 4.42, 6.98, -105.50, -66.00, -71.38, -0.09, -0.00, -0.05
2025-11-16 01:03:07.860,31.8617, -29.7450, 350.7150, 4.63, 4.40, 7.00, -105.50, -66.00, -71.38, -0.07, 0.00, -0.02
2025-11-16 01:03:07.879,31.8294, -29.7291, 350.6899, 4.68, 4.37, 7.04, -105.06, -66.00, -71.75, 0.00, 0.02, 0.04
2025-11-16 01:03:07.899,31.7931, -29.7199, 350.6834, 4.76, 4.35, 6.98, -105.06, -66.00, -71.75, 0.06, 0.01, 0.06
2025-11-16 01:03:07.917,31.7780, -29.7238, 350.6966, 4.78, 4.33, 7.01, -105.50, -65.25, -71.00, 0.10, 0.00, 0.05
2025-11-16 01:03:07.936,31.7886, -29.7331, 350.7250, 4.80, 4.38, 6.93, -105.50, -65.25, -71.00, 0.10, -0.02, 0.00
2025-11-16 01:03:07.956,31.8344, -29.7476, 350.7540, 4.70, 4.40, 6.92, -105.50, -65.25, -71.00, 0.05, -0.01, -0.05
2025-11-16 01:03:07.974,31.8945, -29.7595, 350.7649, 4.67, 4.43, 6.92, -105.06, -68.56, -71.38, -0.07, -0.01, -0.07
2025-11-16 01:03:07.995,31.9430, -29.7621, 350.7432, 4.63, 4.44, 6.96, -105.06, -68.56, -71.38, -0.14, 0.00, -0.05
2025-11-16 01:03:08.012,31.9446, -29.7502, 350.7048, 4.64, 4.41, 7.00, -105.06, -68.56, -71.38, -0.13, 0.02, 0.00
2025-11-16 01:03:08.032,31.9078, -29.7344, 350.6712, 4.67, 4.37, 7.06, -104.75, -65.25, -70.56, -0.03, 0.03, 0.06
2025-11-16 01:03:08.052,31.8411, -29.7225, 350.6575, 4.74, 4.33, 7.02, -104.75, -65.25, -70.56, 0.06, 0.01, 0.06
2025-11-16 01:03:08.070,31.7758, -29.7199, 350.6702, 4.79, 4.29, 7.01, -104.75, -66.00, -71.00, 0.08, -0.00, 0.05
2025-11-16 01:03:08.091,31.7463, -29.7252, 350.6991, 4.77, 4.31, 6.94, -104.75, -66.00, -71.00, 0.11, -0.02, -0.00
2025-11-16 01:03:08.109,31.7699, -29.7357, 350.7256, 4.71, 4.40, 6.98, -104.75, -66.00, -71.00, 0.09, -0.03, -0.04
2025-11-16 01:03:08.128,31.8352, -29.7502, 350.7366, 4.68, 4.43, 6.95, -105.50, -65.25, -70.56, 0.04, -0.02, -0.05
2025-11-16 01:03:08.148,31.9191, -29.7582, 350.7223, 4.64, 4.45, 6.96, -105.50, -65.25, -70.56, -0.04, -0.00, -0.03
2025-11-16 01:03:08.166,31.9787, -29.7568, 350.6930, 4.65, 4.41, 6.96, -104.75, -65.56, -70.56, -0.12, 0.02, 0.00
2025-11-16 01:03:08.185,31.9826, -29.7489, 350.6670, 4.70, 4.35, 6.99, -104.75, -65.56, -70.56, -0.12, 0.03, 0.03
2025-11-16 01:03:08.205,31.9342, -29.7397, 350.6591, 4.73, 4.31, 7.04, -104.75, -65.56, -70.56, -0.05, 0.03, 0.03
2025-11-16 01:03:08.225,31.8619, -29.7318, 350.6682, 4.76, 4.32, 7.02, -105.50, -64.56, -72.19, 0.02, -0.01, 0.01
2025-11-16 01:03:08.245,31.7875, -29.7252, 350.6838, 4.72, 4.33, 7.01, -105.50, -64.56, -72.19, 0.09, -0.02, -0.01
2025-11-16 01:03:08.263,31.7517, -29.7265, 350.6985, 4.74, 4.38, 6.97, -105.50, -64.56, -72.19, 0.11, -0.03, -0.02
2025-11-16 01:03:08.284,31.7733, -29.7304, 350.7011, 4.69, 4.42, 6.95, -105.06, -64.88, -72.56, 0.08, -0.01, -0.01
2025-11-16 01:03:08.304,31.8375, -29.7357, 350.6934, 4.68, 4.42, 6.94, -105.06, -64.88, -72.56, 0.01, -0.00, 0.01
2025-11-16 01:03:08.322,31.9058, -29.7397, 350.6792, 4.67, 4.41, 6.92, -105.06, -66.00, -70.56, -0.08, 0.02, 0.01
2025-11-16 01:03:08.342,31.9433, -29.7423, 350.6702, 4.73, 4.36, 6.96, -105.06, -66.00, -70.56, -0.14, 0.02, 0.00
2025-11-16 01:03:08.360,31.9264, -29.7370, 350.6671, 4.69, 4.32, 7.04, -105.06, -66.00, -70.56, -0.13, 0.02, -0.00
2025-11-16 01:03:08.379,31.8723, -29.7304, 350.6720, 4.67, 4.28, 7.01, -104.75, -65.25, -70.56, -0.04, 0.02, -0.00
2025-11-16 01:03:08.399,31.8032, -29.7252, 350.6787, 4.74, 4.35, 7.01, -104.75, -65.25, -70.56, 0.03, -0.03, -0.01
2025-11-16 01:03:08.417,31.7498, -29.7225, 350.6829, 4.69, 4.39, 6.94, -104.75, -64.88, -70.56, 0.11, -0.02, 0.00
2025-11-16 01:03:08.436,31.7484, -29.7252, 350.6803, 4.70, 4.40, 6.91, -104.75, -64.88, -70.56, 0.12, -0.01, 0.00
2025-11-16 01:03:08.456,31.7998, -29.7318, 350.6760, 4.68, 4.42, 6.92, -104.75, -64.88, -70.56, 0.05, -0.00, 0.01
2025-11-16 01:03:08.477,31.8660, -29.7384, 350.6724, 4.69, 4.38, 6.95, -104.75, -68.56, -71.00, -0.06, 0.01, 0.00
2025-11-16 01:03:08.496,31.9124, -29.7450, 350.6695, 4.73, 4.33, 7.02, -104.75, -68.56, -71.00, -0.13, 0.02, -0.00
2025-11-16 01:03:08.514,31.9201, -29.7450, 350.6698, 4.73, 4.34, 7.03, -105.06, -67.88, -71.38, -0.10, 0.02, -0.01
2025-11-16 01:03:08.534,31.8801, -29.7370, 350.6764, 4.74, 4.36, 7.04, -105.06, -67.88, -71.38, -0.02, 0.00, -0.02
2025-11-16 01:03:08.555,31.8194, -29.7291, 350.6761, 4.72, 4.36, 7.01, -105.06, -67.88, -71.38, 0.06, -0.02, -0.01
2025-11-16 01:03:08.574,31.7730, -29.7252, 350.6732, 4.72, 4.38, 7.01, -105.06, -65.25, -71.00, 0.10, -0.02, -0.00
2025-11-16 01:03:08.594,31.7698, -29.7225, 350.6648, 4.69, 4.41, 6.92, -105.06, -65.25, -71.00, 0.08, 0.00, 0.01
2025-11-16 01:03:08.613,31.8056, -29.7265, 350.6607, 4.69, 4.41, 6.95, -105.06, -65.25, -71.00, 0.00, 0.00, 0.02
2025-11-16 01:03:08.633,31.8546, -29.7370, 350.6578, 4.71, 4.38, 6.94, -105.06, -67.50, -70.56, -0.07, 0.01, 0.01
2025-11-16 01:03:08.653,31.8820, -29.7463, 350.6622, 4.71, 4.38, 6.96, -105.06, -67.50, -70.56, -0.11, 0.02, -0.02
2025-11-16 01:03:08.671,31.8699, -29.7476, 350.6632, 4.72, 4.36, 7.04, -105.06, -65.25, -71.75, -0.10, 0.01, -0.03
2025-11-16 01:03:08.691,31.8247, -29.7410, 350.6637, 4.71, 4.37, 7.01, -105.06, -65.25, -71.75, -0.03, -0.00, -0.03
2025-11-16 01:03:08.709,31.7794, -29.7357, 350.6558, 4.68, 4.36, 7.01, -105.06, -65.25, -71.75, 0.07, -0.02, 0.00
2025-11-16 01:03:08.726,31.7496, -29.7304, 350.6462, 4.85, 4.48, 7.01, -105.06, -64.88, -70.56, 0.12, -0.02, 0.03
2025-11-16 01:03:08.747,31.7588, -29.7304, 350.6385, 4.73, 4.42, 6.96, -105.06, -64.88, -70.56, 0.06, 0.00, 0.01
2025-11-16 01:03:08.766,31.7975, -29.7370, 350.6352, 4.71, 4.37, 6.95, -105.06, -66.38, -71.75, -0.00, 0.02, 0.01
2025-11-16 01:03:08.786,31.8424, -29.7502, 350.6403, -322.95, 4.36, 6.98, -105.06, -66.38, -71.75, -0.05, 0.01, -0.01
2025-11-16 01:03:08.806,31.8620, -29.7568, 350.6452, 4.68, 4.37, 6.99, -105.06, -66.38, -71.75, -0.08, 0.00, -0.02
2025-11-16 01:03:08.824,31.8550, -29.7608, 350.6464, 4.73, 4.34, 7.03, -105.06, -66.75, -71.38, -0.03, 0.01, -0.00
2025-11-16 01:03:08.846,31.8256, -29.7582, 350.6459, 4.71, 4.37, 7.00, -105.06, -66.75, -71.38, 0.01, -0.00, -0.00
2025-11-16 01:03:08.863,31.7933, -29.7529, 350.6444, 4.68, 4.37, 6.99, -105.06, -66.75, -71.38, 0.04, -0.01, 0.01
2025-11-16 01:03:08.884,31.7731, -29.7476, 350.6420, 4.70, 4.40, 6.98, -105.50, -65.25, -71.75, 0.05, -0.01, -0.01
2025-11-16 01:03:08.904,31.7787, -29.7463, 350.6382, 4.68, 4.40, 6.96, -105.50, -65.25, -71.75, 0.01, -0.01, -0.01
2025-11-16 01:03:08.925,31.8035, -29.7450, 350.6361, 4.70, 4.39, 6.98, -105.06, -65.25, -71.75, -0.03, 0.01, 0.01
2025-11-16 01:03:08.945,31.8240, -29.7436, 350.6330, 4.73, 4.38, 6.99, -105.06, -65.25, -71.75, -0.05, 0.01, 0.01
2025-11-16 01:03:08.962,31.8260, -29.7410, 350.6332, 4.71, 4.34, 7.02, -105.06, -65.25, -71.75, -0.06, 0.02, 0.01
2025-11-16 01:03:08.983,31.8137, -29.7384, 350.6326, 4.74, 4.35, 7.00, -104.75, -65.25, -71.38, 0.01, -0.00, -0.00
2025-11-16 01:03:09.003,31.7956, -29.7344, 350.6343, 4.73, 4.39, 6.99, -104.75, -65.25, -71.38, 0.04, -0.02, -0.02
2025-11-16 01:03:09.021,31.7862, -29.7304, 350.6307, 4.70, 4.39, 6.99, -104.75, -66.00, -72.19, 0.04, -0.02, -0.02
2025-11-16 01:03:09.040,31.8001, -29.7318, 350.6164, 4.67, 4.43, 6.98, -104.75, -66.00, -72.19, 0.04, -0.01, -0.02
2025-11-16 01:03:09.059,31.8261, -29.7318, 350.6012, 4.64, 4.38, 6.96, -104.75, -66.00, -72.19, -0.02, 0.01, -0.00
2025-11-16 01:03:09.077,89.5374, -41.7859, 311.1093, 4.69, 4.35, 7.00, -104.38, -66.00, -71.00, -0.07, -0.00, 0.02
2025-11-16 01:03:09.097,89.5422, -41.7859, 311.1005, 4.73, 4.33, 7.01, -104.38, -66.00, -71.00, -0.04, 0.03, 0.03
2025-11-16 01:03:09.115,89.5237, -41.7859, 311.1062, 4.77, 4.33, 6.98, -104.75, -64.88, -72.19, -0.04, 0.00, 0.01
2025-11-16 01:03:09.136,89.4841, -41.7833, 311.1233, 4.75, 4.32, 7.02, -104.75, -64.88, -72.19, 0.04, -0.01, 0.00
2025-11-16 01:03:09.156,89.4609, -41.7833, 311.1379, 4.72, 4.37, 6.98, -104.75, -64.88, -72.19, 0.08, -0.03, -0.02
2025-11-16 01:03:09.174,31.7778, -29.7318, 350.6187, 4.69, 4.37, 6.96, -105.06, -66.75, -71.00, 0.05, -0.02, -0.03
2025-11-16 01:03:09.195,31.8095, -29.7331, 350.6119, 4.66, 4.42, 6.95, -105.06, -66.75, -71.00, 0.00, -0.00, -0.02
2025-11-16 01:03:09.213,31.8489, -29.7331, 350.5932, 4.65, 4.41, 6.97, -105.06, -66.75, -71.00, -0.04, 0.00, -0.01
2025-11-16 01:03:09.233,31.8731, -29.7304, 350.5747, 4.69, 4.34, 7.02, -105.06, -65.25, -71.38, -0.09, 0.01, 0.01
2025-11-16 01:03:09.254,31.8601, -29.7278, 350.5666, 4.71, 4.34, 7.03, -105.06, -65.25, -71.38, -0.05, 0.02, 0.02
2025-11-16 01:03:09.275,31.8180, -29.7212, 350.5730, 4.70, 4.31, 7.00, -104.75, -67.88, -71.75, 0.02, -0.01, 0.01
2025-11-16 01:03:09.295,31.7700, -29.7186, 350.5848, 4.74, 4.33, 6.98, -104.75, -67.88, -71.75, 0.06, -0.01, -0.03
2025-11-16 01:03:09.313,31.7466, -29.7172, 350.5894, 4.69, 4.42, 6.95, -104.75, -67.88, -71.75, 0.08, -0.04, -0.03
2025-11-16 01:03:09.333,31.7692, -29.7199, 350.5822, 4.66, 4.42, 6.96, -105.06, -64.56, -72.19, 0.10, -0.01, -0.01
2025-11-16 01:03:09.353,31.8301, -29.7238, 350.5685, 4.69, 4.41, 6.92, -105.06, -64.56, -72.19, -0.00, -0.00, 0.03
2025-11-16 01:03:09.371,31.8914, -29.7344, 350.5580, 4.71, 4.35, 6.98, -104.75, -66.00, -70.56, -0.05, 0.01, 0.04
2025-11-16 01:03:09.392,31.9159, -29.7410, 350.5615, 4.76, 4.30, 6.99, -104.75, -66.00, -70.56, -0.10, 0.04, 0.03
2025-11-16 01:03:09.409,31.8923, -29.7423, 350.5752, 4.73, 4.35, 7.02, -104.75, -66.00, -70.56, -0.13, 0.02, -0.03
2025-11-16 01:03:09.427,31.8322, -29.7384, 350.5939, 4.70, 4.40, 7.03, -104.38, -66.75, -71.38, -0.07, -0.01, -0.06
2025-11-16 01:03:09.447,31.7563, -29.7265, 350.5946, 4.69, 4.41, 7.02, -104.38, -66.75, -71.38, 0.06, -0.03, -0.05
2025-11-16 01:03:09.465,31.7131, -29.7133, 350.5739, 4.66, 4.43, 6.99, -105.06, -65.56, -71.38, 0.13, -0.03, -0.00
2025-11-16 01:03:09.485,31.7324, -29.7080, 350.5378, 4.66, 4.42, 6.94, -105.06, -65.56, -71.38, 0.16, 0.01, 0.06
2025-11-16 01:03:09.505,31.8019, -29.7133, 350.5212, 4.69, 4.38, 6.92, -105.06, -65.56, -71.38, 0.06, 0.02, 0.07
2025-11-16 01:03:09.522,31.8783, -29.7265, 350.5270, 4.73, 4.33, 6.93, -104.75, -66.38, -70.56, -0.02, 0.02, 0.06
2025-11-16 01:03:09.542,31.9234, -29.7436, 350.5502, 4.78, 4.30, 6.95, -104.75, -66.38, -70.56, -0.16, 0.01, -0.01
2025-11-16 01:03:09.560,31.9130, -29.7502, 350.5735, 4.73, 4.37, 7.03, -104.75, -66.38, -70.56, -0.18, 0.01, -0.08
2025-11-16 01:03:09.582,31.8562, -29.7450, 350.5890, 4.68, 4.39, 7.05, -105.06, -66.00, -70.56, -0.09, -0.01, -0.08
2025-11-16 01:03:09.603,31.7821, -29.7291, 350.5660, 4.65, 4.39, 7.02, -105.06, -66.00, -70.56, 0.07, -0.02, -0.01
2025-11-16 01:03:09.620,31.7454, -29.7159, 350.5340, 4.65, 4.41, 6.98, -104.75, -65.56, -71.75, 0.18, -0.01, 0.05
2025-11-16 01:03:09.639,31.7650, -29.7120, 350.5152, 4.71, 4.38, 6.90, -104.75, -65.56, -71.75, 0.15, 0.01, 0.07
2025-11-16 01:03:09.658,31.8224, -29.7186, 350.5162, 4.73, 4.36, 6.91, -104.75, -65.56, -71.75, 0.02, 0.01, 0.04
2025-11-16 01:03:09.679,31.8896, -29.7318, 350.5298, 4.73, 4.38, 6.95, -104.38, -66.00, -70.56, -0.10, 0.01, -0.02
2025-11-16 01:03:09.700,31.9177, -29.7410, 350.5483, 4.71, 4.41, 6.99, -104.38, -66.00, -70.56, -0.15, 0.01, -0.09
2025-11-16 01:03:09.719,31.8977, -29.7384, 350.5474, 4.70, 4.42, 7.07, -104.75, -66.00, -71.00, -0.15, -0.02, -0.08
2025-11-16 01:03:09.739,31.8356, -29.7265, 350.5174, 4.69, 4.36, 7.02, -104.75, -66.00, -71.00, 0.05, 0.01, 0.02
2025-11-16 01:03:09.758,31.7829, -29.7146, 350.4895, 4.72, 4.34, 6.98, -104.75, -66.00, -71.00, 0.16, 0.01, 0.09
2025-11-16 01:03:09.776,31.7555, -29.7120, 350.4808, 4.70, 4.32, 6.96, -105.06, -66.00, -70.19, 0.09, 0.02, 0.07
2025-11-16 01:03:09.797,31.7660, -29.7212, 350.4993, 4.67, 4.28, 6.95, -105.06, -66.00, -70.19, -0.08, 0.01, -0.02
2025-11-16 01:03:09.816,31.7742, -29.7318, 350.5184, 4.75, 4.35, 7.02, -105.50, -66.00, -70.25, -0.17, -0.00, -0.09
2025-11-16 01:03:09.836,31.7734, -29.7344, 350.5323, 4.69, 4.40, 7.02, -105.50, -66.00, -70.25, -0.08, -0.02, -0.08
2025-11-16 01:03:09.856,31.7586, -29.7291, 350.5210, 4.65, 4.42, 7.03, -105.50, -66.00, -70.25, 0.09, -0.02, 0.01
2025-11-16 01:03:09.874,31.7458, -29.7186, 350.4909, 4.68, 4.42, 6.99, -105.50, -64.56, -71.38, 0.17, 0.00, 0.08
2025-11-16 01:03:09.895,31.7569, -29.7159, 350.4692, 4.74, 4.36, 6.92, -105.50, -64.56, -71.38, 0.15, 0.02, 0.09
2025-11-16 01:03:09.913,31.8053, -29.7252, 350.4771, 4.80, 4.36, 6.93, -105.50, -64.56, -71.38, 0.10, 0.01, 0.07
2025-11-16 01:03:09.933,31.8762, -29.7450, 350.5048, 4.74, 4.36, 6.92, -105.50, -64.88, -70.56, -0.05, 0.00, -0.02
2025-11-16 01:03:09.953,31.9198, -29.7595, 350.5322, 4.66, 4.39, 6.95, -105.50, -64.88, -70.56, -0.19, -0.00, -0.09
2025-11-16 01:03:09.974,31.8984, -29.7555, 350.5346, 4.65, 4.40, 7.09, -104.75, -64.56, -71.00, -0.20, 0.01, -0.09
2025-11-16 01:03:09.995,31.8238, -29.7357, 350.5009, 4.65, 4.42, 7.09, -104.75, -64.56, -71.00, -0.00, 0.00, 0.02
2025-11-16 01:03:10.012,31.7361, -29.7120, 350.4592, 4.73, 4.39, 7.05, -104.75, -64.56, -71.00, 0.12, -0.00, 0.07
2025-11-16 01:03:10.032,31.7008, -29.7027, 350.4404, 4.76, 3.06, 6.96, -105.88, -65.25, -71.00, 0.28, -0.01, 0.12
2025-11-16 01:03:10.051,31.7383, -29.7133, 350.4609, 4.89, 4.48, 6.91, -105.88, -65.25, -71.00, 0.25, -0.01, 0.07
2025-11-16 01:03:10.069,31.8302, -29.7371, 350.4961, 4.74, 4.40, 6.89, -105.50, -66.00, -71.75, -0.08, -0.03, -0.06
2025-11-16 01:03:10.090,89.5657, -41.8057, 311.0710, 4.67, 4.39, 6.94, -105.50, -66.00, -71.75, -0.18, -0.02, -0.09
2025-11-16 01:03:10.109,89.6400, -41.8229, 311.0791, 4.67, 4.45, 6.99, -105.50, -66.00, -71.75, -0.20, 0.02, -0.06
2025-11-16 01:03:10.127,89.6261, -41.8163, 311.0555, 4.64, 4.44, 7.05, -105.88, -65.25, -70.25, -0.12, 0.01, -0.02
2025-11-16 01:03:10.147,89.5470, -41.7978, 311.0125, 4.69, 4.35, 7.06, -105.88, -65.25, -70.25, 0.04, 0.02, 0.05
2025-11-16 01:03:10.165,89.4601, -41.7833, 310.9905, 4.74, 4.33, 7.06, -105.88, -65.25, -70.25, 0.14, -0.00, 0.07
2025-11-16 01:03:10.185,31.7820, -29.7370, 350.4584, 4.79, 4.34, 6.98, -105.88, -64.19, -72.19, 0.18, -0.01, 0.05
2025-11-16 01:03:10.205,31.7899, -29.7436, 350.4933, 4.74, 4.31, 6.94, -105.88, -64.19, -72.19, 0.11, -0.01, 0.00
2025-11-16 01:03:10.223,31.8531, -29.7608, 350.5314, 4.72, 4.36, 6.93, -105.50, -64.56, -71.00, 0.03, -0.01, -0.03
2025-11-16 01:03:10.243,31.9233, -29.7714, 350.5494, 4.67, 4.39, 6.92, -105.50, -64.56, -71.00, -0.12, -0.01, -0.08
2025-11-16 01:03:10.260,31.9619, -29.7687, 350.5340, 4.67, 4.43, 7.00, -105.50, -64.56, -71.00, -0.17, -0.01, -0.08
2025-11-16 01:03:10.279,31.9600, -29.7542, 350.4995, 4.66, 4.42, 7.02, -104.75, -64.88, -71.38, -0.07, 0.01, -0.01
2025-11-16 01:03:10.299,31.9170, -29.7344, 350.4592, 4.68, 4.39, 7.02, -104.75, -64.88, -71.38, 0.04, 0.01, 0.07
2025-11-16 01:03:10.317,31.8581, -29.7199, 350.4411, 4.71, 4.32, 6.98, -104.38, -64.88, -70.56, 0.08, 0.02, 0.07
2025-11-16 01:03:10.337,31.8192, -29.7172, 350.4558, 4.70, 4.24, 6.94, -104.38, -64.88, -70.56, 0.03, 0.01, 0.03
2025-11-16 01:03:10.357,31.8072, -29.7252, 350.4938, 4.74, 4.34, 7.01, -104.38, -64.88, -70.56, -0.02, -0.01, -0.03
2025-11-16 01:03:10.375,31.8093, -29.7344, 350.5251, 4.72, 4.35, 7.02, -105.06, -65.56, -71.38, -0.02, -0.02, -0.07
2025-11-16 01:03:10.395,31.8248, -29.7384, 350.5340, 4.67, 4.39, 6.95, -105.06, -65.56, -71.38, -0.01, -0.03, -0.05
2025-11-16 01:03:10.414,31.8468, -29.7357, 350.5161, 4.65, 4.44, 6.97, -105.06, -65.56, -71.38, 0.02, 0.01, 0.01
2025-11-16 01:03:10.435,31.8619, -29.7304, 350.4864, 4.65, 4.41, 6.98, -104.38, -66.38, -71.75, 0.02, 0.00, 0.06
2025-11-16 01:03:10.455,31.8743, -29.7304, 350.4680, 4.74, 4.39, 6.99, -104.38, -66.38, -71.75, 0.04, 0.01, 0.06
2025-11-16 01:03:10.473,31.9491, -29.9294, 350.4057, 4.76, 4.33, 6.95, -104.75, -65.56, -71.00, 0.05, 0.01, 0.04
2025-11-16 01:03:10.493,31.9567, -29.9400, 350.4273, 4.66, 4.27, 6.94, -104.75, -65.56, -71.00, -0.04, 0.00, -0.02
2025-11-16 01:03:10.511,31.9448, -29.9452, 350.4464, 4.65, 4.28, 6.96, -104.75, -65.56, -71.00, -0.10, 0.00, -0.06
2025-11-16 01:03:10.530,31.9224, -29.9452, 350.4552, 4.67, 4.35, 7.02, -104.75, -66.38, -71.38, -0.08, -0.02, -0.06
2025-11-16 01:03:10.550,31.8970, -29.9347, 350.4361, 4.70, 4.42, 7.04, -104.75, -66.38, -71.38, 0.03, -0.01, -0.01
2025-11-16 01:03:10.567,31.8213, -29.7304, 350.4729, 4.69, 4.43, 6.98, -104.00, -65.25, -69.75, 0.11, -0.01, 0.04
2025-11-16 01:03:10.588,31.8261, -29.7252, 350.4534, 4.65, 4.37, 6.94, -104.00, -65.25, -69.75, 0.08, 0.01, 0.04
2025-11-16 01:03:10.608,31.8540, -29.7304, 350.4538, 4.70, 4.34, 6.95, -104.00, -65.25, -69.75, 0.01, 0.00, 0.03
2025-11-16 01:03:10.625,31.8871, -29.7436, 350.4673, 4.77, 4.37, 6.96, -105.06, -66.38, -70.25, -0.03, 0.01, 0.01
2025-11-16 01:03:10.645,31.9136, -29.7595, 350.4947, 4.77, 4.35, 6.98, -105.06, -66.38, -70.25, -0.08, 0.01, -0.03
2025-11-16 01:03:10.663,31.9117, -29.7674, 350.5150, 4.71, 4.33, 7.01, -105.06, -66.38, -70.25, -0.09, 0.00, -0.04
2025-11-16 01:03:10.683,31.8845, -29.7648, 350.5138, 4.63, 4.34, 7.01, -104.38, -66.00, -71.00, -0.04, -0.01, -0.04
2025-11-16 01:03:10.704,31.8421, -29.7502, 350.4981, 4.72, 4.48, 6.99, -104.38, -66.00, -71.00, -0.01, -0.01, -0.03
2025-11-16 01:03:10.721,31.8095, -29.7370, 350.4746, 4.68, 4.38, 7.00, -105.06, -66.00, -73.00, 0.07, 0.01, 0.02
2025-11-16 01:03:10.741,31.8116, -29.7318, 350.4558, 4.72, 4.43, 6.97, -105.06, -66.00, -73.00, 0.14, 0.00, 0.04
2025-11-16 01:03:10.759,31.8495, -29.7357, 350.4534, 4.72, 4.34, 6.96, -105.06, -66.00, -73.00, 0.09, -0.01, 0.04
2025-11-16 01:03:10.777,31.8961, -29.7476, 350.4686, 4.69, 4.33, 6.92, -105.06, -65.56, -70.56, 0.03, 0.01, 0.03
2025-11-16 01:03:10.798,31.9442, -29.7687, 350.4926, 4.66, 4.27, 6.95, -105.06, -65.56, -70.56, -0.10, 0.02, -0.03
2025-11-16 01:03:10.815,31.9616, -29.7793, 350.5064, 4.69, 4.33, 6.96, -105.06, -65.56, -70.56, -0.16, 0.02, -0.06
2025-11-16 01:03:10.835,31.9271, -29.7727, 350.5032, 4.70, 4.37, 7.03, -104.75, -65.56, -71.38, -0.08, 0.01, -0.05
2025-11-16 01:03:10.855,31.8622, -29.7582, 350.4823, 4.66, 4.38, 7.09, -104.75, -65.56, -71.38, -0.01, -0.02, -0.02
2025-11-16 01:03:10.873,31.8022, -29.7436, 350.4525, 4.69, 4.42, 7.05, -105.06, -66.00, -71.75, 0.05, -0.01, 0.03
2025-11-16 01:03:10.893,31.7663, -29.7344, 350.4361, 4.75, 4.38, 6.97, -105.06, -66.00, -71.75, 0.16, -0.01, 0.07
2025-11-16 01:03:10.911,31.7865, -29.7370, 350.4445, 4.75, 4.36, 6.96, -105.06, -66.00, -71.75, 0.16, -0.00, 0.06
2025-11-16 01:03:10.931,31.8458, -29.7529, 350.4692, 4.74, 4.38, 6.89, -104.38, -66.00, -71.75, 0.09, 0.00, 0.01
2025-11-16 01:03:10.951,31.9249, -29.7687, 350.4933, 4.71, 4.41, 6.91, -104.38, -66.00, -71.75, -0.06, -0.02, -0.07
2025-11-16 01:03:10.969,31.9892, -29.7780, 350.5060, 4.64, 4.45, 6.95, -105.88, -66.38, -71.00, -0.18, -0.01, -0.09
2025-11-16 01:03:10.989,31.9988, -29.7714, 350.4860, 4.64, 4.38, 7.00, -105.88, -66.38, -71.00, -0.19, 0.02, -0.04
2025-11-16 01:03:11.008,31.9398, -29.7516, 350.4498, 4.65, 4.39, 7.08, -105.88, -66.38, -71.00, -0.07, 0.03, 0.03
2025-11-16 01:03:11.026,31.8557, -29.7291, 350.4224, 4.68, 4.34, 7.06, -104.75, -66.00, -71.00, 0.05, 0.01, 0.08
2025-11-16 01:03:11.046,31.7684, -29.7199, 350.4209, 4.74, 4.28, 7.05, -104.75, -66.00, -71.00, 0.14, -0.01, 0.05
2025-11-16 01:03:11.067,31.7206, -29.7186, 350.4402, 4.77, 4.33, 6.96, -105.50, -68.56, -70.56, 0.13, -0.03, -0.01
2025-11-16 01:03:11.087,31.7356, -29.7278, 350.4696, 4.73, 4.38, 6.93, -105.50, -68.56, -70.56, 0.09, -0.03, -0.03
2025-11-16 01:03:11.108,31.8104, -29.7423, 350.4902, 4.71, 4.42, 6.93, -105.50, -68.56, -70.56, 0.03, -0.01, -0.03
2025-11-16 01:03:11.126,31.9030, -29.7555, 350.4910, 4.66, 4.43, 6.92, -105.06, -66.00, -71.38, -0.08, 0.01, -0.01
2025-11-16 01:03:11.146,89.6230, -41.8084, 311.0251, 4.66, 4.41, 6.94, -105.06, -66.00, -71.38, -0.15, 0.01, -0.00
2025-11-16 01:03:11.163,89.6207, -41.8031, 311.0052, 4.68, 4.39, 7.03, -105.06, -66.00, -71.38, -0.15, 0.03, 0.00
2025-11-16 01:03:11.184,89.5626, -41.7886, 310.9945, 4.71, 4.33, 7.04, -105.88, -66.00, -71.38, -0.09, 0.03, 0.01
2025-11-16 01:03:11.204,89.4738, -41.7754, 310.9972, 4.74, 4.33, 7.09, -105.88, -66.00, -71.38, 0.00, -0.01, 0.00
2025-11-16 01:03:11.221,89.4023, -41.7688, 311.0030, 4.71, 4.33, 7.01, -104.00, -66.00, -72.25, 0.11, -0.02, 0.01
2025-11-16 01:03:11.241,31.7315, -29.7159, 350.4524, 4.73, 4.36, 6.93, -104.00, -66.00, -72.25, 0.13, -0.03, 0.01
2025-11-16 01:03:11.259,31.7650, -29.7199, 350.4489, 4.71, 4.38, 6.94, -104.00, -66.00, -72.25, 0.10, -0.01, -0.00
2025-11-16 01:03:11.277,31.8416, -29.7291, 350.4433, 4.69, 4.40, 6.92, -105.06, -66.00, -71.38, -0.00, -0.00, -0.01
2025-11-16 01:03:11.299,31.9194, -29.7384, 350.4353, 4.68, 4.36, 6.93, -105.06, -66.00, -71.38, -0.09, 0.00, -0.01
2025-11-16 01:03:11.316,31.9533, -29.7384, 350.4278, 4.71, 4.38, 6.99, -105.06, -66.00, -71.38, -0.14, 0.02, -0.01
2025-11-16 01:03:11.336,31.9265, -29.7331, 350.4250, 4.69, 4.34, 7.03, -105.06, -66.00, -71.38, -0.09, 0.02, 0.00
2025-11-16 01:03:11.357,31.8682, -29.7212, 350.4258, 4.72, 4.32, 7.04, -105.06, -66.00, -71.38, 0.01, 0.01, 0.02
2025-11-16 01:03:11.375,31.7960, -29.7120, 350.4324, 4.73, 4.34, 7.04, -104.75, -65.25, -70.56, 0.07, -0.02, 0.01
2025-11-16 01:03:11.395,31.7496, -29.7067, 350.4377, 4.72, 4.33, 6.96, -104.75, -65.25, -70.56, 0.09, -0.02, -0.01
2025-11-16 01:03:11.413,31.7503, -29.7080, 350.4369, 4.69, 4.40, 6.96, -104.75, -65.25, -70.56, 0.08, -0.02, -0.02
2025-11-16 01:03:11.432,31.7902, -29.7133, 350.4288, 4.67, 4.43, 6.96, -104.75, -64.88, -71.00, 0.02, -0.02, -0.03
2025-11-16 01:03:11.454,31.8477, -29.7212, 350.4124, 4.68, 4.41, 6.94, -104.75, -64.88, -71.00, -0.02, -0.00, -0.01
2025-11-16 01:03:11.472,31.8896, -29.7265, 350.3985, 4.71, 4.37, 6.99, -105.50, -68.25, -71.38, -0.04, 0.02, 0.03
2025-11-16 01:03:11.491,31.8947, -29.7291, 350.3987, 4.73, 4.32, 6.99, -105.50, -68.25, -71.38, -0.06, 0.03, 0.04
2025-11-16 01:03:11.510,31.8576, -29.7291, 350.4168, 4.76, 4.31, 7.02, -105.50, -68.25, -71.38, -0.05, 0.02, 0.01
2025-11-16 01:03:11.528,31.8064, -29.7278, 350.4391, 4.70, 4.34, 7.01, -104.38, -66.00, -71.00, -0.03, -0.01, -0.04
2025-11-16 01:03:11.547,31.7598, -29.7238, 350.4535, 4.71, 4.40, 6.97, -104.38, -66.00, -71.00, 0.03, -0.04, -0.06
2025-11-16 01:03:11.565,31.7443, -29.7199, 350.4446, 4.68, 4.41, 6.99, -104.38, -66.00, -71.00, 0.07, -0.03, -0.04
2025-11-16 01:03:11.587,31.7696, -29.7159, 350.4137, 4.64, 4.44, 6.94, -105.06, -66.00, -70.56, 0.08, -0.00, 0.02
2025-11-16 01:03:11.608,31.8227, -29.7146, 350.3816, 4.65, 4.42, 6.92, -105.06, -66.00, -70.56, 0.03, 0.02, 0.06
2025-11-16 01:03:11.625,31.8703, -29.7186, 350.3715, 4.73, 4.35, 6.97, -105.06, -65.56, -71.75, -0.04, 0.03, 0.06
2025-11-16 01:03:11.646,31.8974, -29.7278, 350.3857, 4.76, 4.31, 6.95, -105.06, -65.56, -71.75, -0.08, 0.02, 0.01
2025-11-16 01:03:11.663,31.8850, -29.7331, 350.4147, 4.74, 4.33, 7.00, -105.06, -65.56, -71.75, -0.09, 0.02, -0.03
2025-11-16 01:03:11.684,31.8386, -29.7304, 350.4390, 4.73, 4.34, 7.02, -105.06, -66.75, -71.38, -0.08, -0.02, -0.07
2025-11-16 01:03:11.704,31.7868, -29.7225, 350.4342, 4.65, 4.40, 7.01, -105.06, -66.75, -71.38, 0.01, -0.02, -0.06
2025-11-16 01:03:11.722,31.7589, -29.7106, 350.4067, 4.65, 4.40, 6.97, -104.00, -66.00, -70.56, 0.08, -0.02, -0.00
2025-11-16 01:03:11.741,31.7662, -29.7014, 350.3751, 4.71, 3.13, 6.96, -104.00, -66.00, -70.56, 0.10, 0.00, 0.05
2025-11-16 01:03:11.760,31.7997, -29.7027, 350.3527, 4.67, 4.34, 6.95, -104.00, -66.00, -70.56, 0.05, 0.03, 0.06
2025-11-16 01:03:11.778,31.8417, -29.7133, 350.3570, 4.75, 4.37, 6.96, -104.75, -66.75, -71.38, -0.07, 0.01, 0.01
2025-11-16 01:03:11.799,31.8615, -29.7238, 350.3800, 4.72, 4.32, 7.01, -104.75, -66.75, -71.38, -0.09, 0.01, -0.03
2025-11-16 01:03:11.817,31.8484, -29.7291, 350.4015, 4.72, 4.34, 7.03, -104.75, -67.88, -70.25, -0.05, -0.01, -0.05
2025-11-16 01:03:11.837,31.8149, -29.7252, 350.4049, 4.74, 4.40, 7.01, -104.75, -67.88, -70.25, 0.03, -0.02, -0.02
2025-11-16 01:03:11.858,31.7871, -29.7172, 350.3955, 4.67, 4.39, 6.97, -104.75, -67.88, -70.25, 0.07, -0.01, 0.01
2025-11-16 01:03:11.875,31.7788, -29.7080, 350.3764, 4.70, 4.40, 6.98, -104.38, -66.00, -71.00, 0.05, -0.00, 0.02
2025-11-16 01:03:11.896,31.7945, -29.7040, 350.3632, 4.69, 4.40, 6.96, -104.38, -66.00, -71.00, -0.00, 0.00, 0.02
2025-11-16 01:03:11.914,31.8207, -29.7067, 350.3602, 4.70, 4.35, 6.98, -104.38, -66.00, -71.00, -0.03, 0.01, 0.01
2025-11-16 01:03:11.934,31.8304, -29.7093, 350.3714, 4.71, 4.32, 6.99, -105.06, -66.00, -71.75, -0.08, 0.02, 0.01
2025-11-16 01:03:11.955,31.8137, -29.7093, 350.3863, 4.73, 4.31, 7.02, -105.06, -66.00, -71.75, -0.08, 0.01, -0.01
2025-11-16 01:03:11.973,31.7732, -29.7054, 350.3968, 4.72, 4.34, 7.05, -104.00, -66.00, -71.00, -0.02, -0.01, -0.02
2025-11-16 01:03:11.993,31.7382, -29.7014, 350.3960, 4.71, 4.38, 6.96, -104.00, -66.00, -71.00, 0.07, -0.02, -0.02
2025-11-16 01:03:12.011,31.7384, -29.6974, 350.3846, 4.71, 4.43, 6.95, -104.00, -66.00, -71.00, 0.12, -0.03, -0.01
2025-11-16 01:03:12.029,31.7708, -29.7001, 350.3671, 4.67, 4.46, 6.90, -106.25, -65.56, -71.75, 0.10, -0.01, -0.01
2025-11-16 01:03:12.049,31.8353, -29.7040, 350.3495, 4.65, 4.43, 6.92, -106.25, -65.56, -71.75, 0.01, -0.00, 0.02
2025-11-16 01:03:12.066,31.9023, -29.7146, 350.3367, 4.71, 4.37, 6.96, -106.25, -65.56, -71.75, -0.06, 0.03, 0.05
2025-11-16 01:03:12.086,89.6065, -41.7754, 310.8965, 4.75, 4.31, 6.95, -104.75, -66.38, -71.38, -0.13, 0.04, 0.03
2025-11-16 01:03:12.107,89.5690, -41.7754, 310.9244, 4.76, 4.28, 7.04, -104.75, -66.38, -71.38, -0.15, 0.02, -0.03
2025-11-16 01:03:12.126,89.4925, -41.7675, 310.9465, 4.73, 4.31, 7.06, -104.75, -64.88, -71.75, -0.08, -0.02, -0.08
2025-11-16 01:03:12.146,89.4007, -41.7569, 310.9447, 4.67, 4.41, 7.07, -104.75, -64.88, -71.75, 0.06, -0.05, -0.07
2025-11-16 01:03:12.165,89.3432, -41.7437, 310.9233, 4.68, 4.45, 6.98, -104.75, -64.88, -71.75, 0.19, -0.03, 0.00
2025-11-16 01:03:12.195,31.6838, -29.6856, 350.3375, 4.66, 4.42, 6.93, -105.50, -65.25, -70.56, 0.21, 0.02, 0.11
2025-11-16 01:03:12.213,31.7825, -29.7001, 350.3270, 4.71, 4.37, 5.63, -105.50, -65.25, -70.56, 0.12, 0.02, 0.12
2025-11-16 01:03:12.232,31.8873, -29.7239, 350.3439, 4.78, 4.31, 6.89, -105.88, -66.38, -71.75, -0.09, 0.03, 0.05
2025-11-16 01:03:12.252,31.9446, -29.7410, 350.3760, 4.78, 4.34, 6.96, -105.88, -66.38, -71.75, -0.26, 0.01, -0.08
2025-11-16 01:03:12.270,31.9483, -29.7502, 350.4114, 4.67, 4.39, 7.10, -105.06, -68.56, -72.56, -0.28, -0.01, -0.15
2025-11-16 01:03:12.290,31.8645, -29.7357, 350.4126, 4.63, 4.42, 7.09, -105.06, -68.56, -72.56, -0.11, -0.02, -0.10
2025-11-16 01:03:12.311,31.7318, -29.7027, 350.3599, 4.64, 4.41, 7.05, -105.06, -68.56, -72.56, 0.11, -0.02, 0.03
2025-11-16 01:03:12.329,31.6461, -29.6750, 350.2995, 4.68, 4.35, 6.99, -104.75, -65.56, -71.00, 0.22, 0.00, 0.12
2025-11-16 01:03:12.349,31.6424, -29.6711, 350.2747, 4.75, 4.32, 6.92, -104.75, -65.56, -71.00, 0.19, 0.02, 0.11
2025-11-16 01:03:12.367,31.6867, -29.6790, 350.2866, 4.78, 4.31, 6.93, -104.75, -65.25, -71.06, 0.04, -0.00, 0.02
2025-11-16 01:03:12.387,31.7745, -29.7054, 350.3299, 4.74, 4.35, 6.92, -104.75, -65.25, -71.06, -0.09, -0.01, -0.07
2025-11-16 01:03:12.408,31.8472, -29.7278, 350.3709, 4.70, 4.37, 6.98, -104.75, -65.25, -71.06, -0.17, -0.01, -0.11
2025-11-16 01:03:12.425,31.8660, -29.7318, 350.3767, 4.67, 4.42, 7.03, -105.06, -65.56, -71.38, -0.13, -0.00, -0.06
2025-11-16 01:03:12.445,31.8330, -29.7159, 350.3465, 4.65, 4.44, 7.03, -105.06, -65.56, -71.38, 0.01, 0.01, 0.03
2025-11-16 01:03:12.463,31.7788, -29.6988, 350.3038, 4.70, 4.37, 6.98, -105.06, -65.56, -71.38, 0.06, 0.01, 0.06
2025-11-16 01:03:12.485,31.7348, -29.6882, 350.2805, 4.73, 4.33, 6.99, -104.75, -65.56, -70.25, 0.09, 0.02, 0.07
2025-11-16 01:03:12.506,31.7157, -29.6882, 350.2886, 4.74, 4.31, 6.95, -104.75, -65.56, -70.25, -0.02, 0.00, -0.01
2025-11-16 01:03:12.523,31.7162, -29.6948, 350.3157, 4.73, 4.32, 7.01, -104.75, -66.38, -72.25, -0.06, -0.01, -0.04
2025-11-16 01:03:12.543,31.7237, -29.7040, 350.3382, 4.70, 4.36, 7.04, -104.75, -66.38, -72.25, -0.07, -0.01, -0.06
2025-11-16 01:03:12.561,31.7288, -29.7054, 350.3384, 4.68, 4.44, 7.01, -104.75, -66.38, -72.25, -0.01, -0.01, -0.03
2025-11-16 01:03:12.579,31.7224, -29.6975, 350.3201, 4.69, 4.43, 6.99, -105.06, -66.38, -71.38, 0.06, -0.01, 0.01
2025-11-16 01:03:12.599,31.7261, -29.6882, 350.2925, 4.69, 4.41, 6.95, -105.06, -66.38, -71.38, 0.08, 0.00, 0.03
2025-11-16 01:03:12.617,31.7483, -29.6895, 350.2762, 4.70, 4.36, 6.95, -105.06, -66.38, -71.38, 0.05, 0.00, 0.04
2025-11-16 01:03:12.637,31.7816, -29.6948, 350.2818, 4.73, 4.31, 6.95, -104.75, -67.88, -70.25, -0.02, 0.01, 0.03
2025-11-16 01:03:12.657,31.8035, -29.7067, 350.3066, 4.74, 4.31, 6.99, -104.75, -67.88, -70.25, -0.09, 0.02, -0.01
2025-11-16 01:03:12.676,31.8036, -29.7120, 350.3271, 4.71, 4.33, 7.03, -105.06, -65.56, -71.06, -0.12, 0.01, -0.05
2025-11-16 01:03:12.696,31.7668, -29.7080, 350.3336, 4.69, 4.37, 7.02, -105.06, -65.56, -71.06, -0.07, -0.01, -0.06
2025-11-16 01:03:12.714,31.7167, -29.6935, 350.3199, 4.66, 4.40, 7.04, -105.06, -65.56, -71.06, -0.02, -0.02, -0.05
2025-11-16 01:03:12.733,31.6811, -29.6816, 350.2921, 4.66, 4.45, 6.98, -104.00, -66.38, -71.38, 0.10, -0.02, 0.00
2025-11-16 01:03:12.753,31.6900, -29.6737, 350.2646, 4.69, 4.40, 6.93, -104.00, -66.38, -71.38, 0.17, -0.01, 0.05
2025-11-16 01:03:12.772,31.7447, -29.6790, 350.2572, 4.71, 4.39, 6.92, -104.75, -64.88, -73.00, 0.14, 0.01, 0.07
2025-11-16 01:03:12.793,31.8215, -29.6975, 350.2737, -325.48, -0.01, -0.01, -104.75, -64.88, -73.00, -0.01, 0.01, 0.04
2025-11-16 01:03:12.811,31.8781, -29.7172, 350.3008, 4.73, 4.33, 6.95, -104.75, -64.88, -73.00, -0.13, 0.01, -0.02
2025-11-16 01:03:12.830,31.9023, -29.7318, 350.3288, 4.74, 4.32, 6.97, -104.75, -66.00, -71.00, -0.18, 0.01, -0.06
2025-11-16 01:03:12.849,31.8619, -29.7318, 350.3334, 4.67, 4.37, 7.05, -104.75, -66.00, -71.00, -0.12, 0.00, -0.06
2025-11-16 01:03:12.867,31.7808, -29.7186, 350.3091, 4.66, 4.37, 7.08, -104.75, -66.00, -71.00, -0.02, -0.01, -0.02
2025-11-16 01:03:12.887,31.7005, -29.6988, 350.2693, 4.67, 4.40, 7.04, -104.75, -67.50, -71.00, 0.10, -0.01, 0.03
2025-11-16 01:03:12.907,31.6662, -29.6882, 350.2382, 4.71, 4.38, 6.99, -104.75, -67.50, -71.00, 0.15, -0.01, 0.05
2025-11-16 01:03:12.925,31.6742, -29.6843, 350.2246, 4.72, 4.36, 6.95, -105.06, -65.56, -70.56, 0.15, 0.00, 0.05
2025-11-16 01:03:12.945,31.7349, -29.6948, 350.2331, 4.72, 4.38, 6.93, -105.06, -65.56, -70.56, 0.08, 0.00, 0.03
2025-11-16 01:03:12.962,31.8020, -29.7133, 350.2574, 4.73, 4.34, 6.96, -105.06, -65.56, -70.56, -0.05, 0.00, -0.01
2025-11-16 01:03:12.981,31.8561, -29.7304, 350.2835, 4.74, 4.37, 6.98, -104.00, -65.25, -71.38, -0.13, 0.01, -0.04
2025-11-16 01:03:13.001,31.8610, -29.7357, 350.2952, 4.71, 4.38, 7.03, -104.00, -65.25, -71.38, -0.12, 0.00, -0.05
2025-11-16 01:03:13.019,31.8220, -29.7318, 350.2835, 4.68, 4.40, 7.03, -105.06, -64.88, -72.19, -0.04, 0.00, -0.03
2025-11-16 01:03:13.039,31.7602, -29.7199, 350.2610, 4.67, 4.36, 7.00, -105.06, -64.88, -72.19, 0.04, -0.00, 0.01
2025-11-16 01:03:13.059,31.7155, -29.7067, 350.2385, 4.68, 4.35, 6.99, -105.06, -64.88, -72.19, 0.06, -0.01, 0.03
2025-11-16 01:03:13.077,31.6913, -29.7001, 350.2251, 4.72, 4.36, 6.97, -104.38, -68.56, -70.56, 0.04, 0.01, 0.03
2025-11-16 01:03:13.097,31.6969, -29.7001, 350.2237, 4.72, 4.33, 6.96, -104.38, -68.56, -70.56, 0.00, -0.00, 0.01
2025-11-16 01:03:13.116,31.7194, -29.7040, 350.2329, 4.73, 4.33, 6.98, -104.38, -68.56, -70.56, -0.02, 0.00, -0.01
2025-11-16 01:03:13.137,31.7392, -29.7080, 350.2429, 4.71, 4.37, 6.99, -104.38, -65.25, -71.00, -0.03, -0.00, -0.02
2025-11-16 01:03:13.157,31.7452, -29.7093, 350.2481, 4.71, 4.39, 7.01, -104.38, -65.25, -71.00, -0.00, -0.00, -0.02
2025-11-16 01:03:13.178,31.7440, -29.7054, 350.2424, 4.71, 4.38, 6.98, -104.75, -66.00, -70.56, 0.01, -0.00, -0.00
2025-11-16 01:03:13.199,31.7406, -29.7014, 350.2349, 4.66, 4.37, 6.94, -104.75, -66.00, -70.56, 0.01, 0.00, 0.00
2025-11-16 01:03:13.218,31.7395, -29.6961, 350.2267, 4.73, 4.40, 6.97, -105.50, -66.00, -71.38, -0.02, 0.02, 0.00
2025-11-16 01:03:13.238,31.7356, -29.6935, 350.2216, 4.71, 4.36, 7.00, -105.50, -66.00, -71.38, -0.06, -0.00, -0.00
2025-11-16 01:03:13.259,31.7254, -29.6922, 350.2228, 4.71, 4.35, 7.00, -105.50, -66.00, -71.38, -0.02, 0.01, 0.01
2025-11-16 01:03:13.279,31.7119, -29.6922, 350.2271, 4.71, 4.31, 6.98, -104.00, -64.88, -70.56, 0.02, -0.01, 0.01
2025-11-16 01:03:13.306,31.7020, -29.6922, 350.2275, 4.74, 4.34, 6.98, -104.00, -64.88, -70.56, 0.07, -0.01, -0.00
2025-11-16 01:03:13.324,31.7125, -29.6935, 350.2271, 4.71, 4.39, 6.96, -104.75, -65.25, -71.38, 0.06, -0.01, -0.01
2025-11-16 01:03:13.343,31.7335, -29.6909, 350.2216, 4.68, 4.40, 6.93, -104.75, -65.25, -71.38, 0.00, -0.01, -0.02
2025-11-16 01:03:13.362,31.7615, -29.6895, 350.2089, 4.68, 4.39, 6.97, -104.75, -65.25, -71.38, -0.04, 0.01, -0.01
2025-11-16 01:03:13.380,31.7846, -29.6869, 350.1953, 4.69, 4.36, 7.00, -104.38, -64.88, -70.56, -0.07, 0.01, 0.00
2025-11-16 01:03:13.401,31.7832, -29.6803, 350.1880, 4.73, 4.32, 7.04, -104.38, -64.88, -70.56, -0.05, 0.02, 0.02
2025-11-16 01:03:13.421,31.7468, -29.6737, 350.1905, 4.73, 4.32, 7.01, -104.75, -65.56, -71.38, -0.01, 0.01, 0.01
2025-11-16 01:03:13.440,31.7064, -29.6698, 350.2010, 4.73, 4.35, 6.99, -104.75, -65.56, -71.38, 0.04, -0.02, -0.01
2025-11-16 01:03:13.460,31.6804, -29.6671, 350.2114, 4.74, 4.41, 6.98, -104.75, -65.56, -71.38, 0.08, -0.03, -0.02
2025-11-16 01:03:13.478,31.6826, -29.6684, 350.2131, 4.74, 4.44, 6.99, -104.75, -66.75, -71.75, 0.05, -0.00, -0.02
2025-11-16 01:03:13.499,31.7175, -29.6724, 350.2040, 4.68, 4.45, 6.93, -104.75, -66.75, -71.75, 0.00, -0.01, 0.00
2025-11-16 01:03:13.517,31.7637, -29.6777, 350.1913, 4.65, 4.37, 6.96, -104.75, -66.75, -71.75, -0.03, 0.01, 0.03
2025-11-16 01:03:13.537,31.7964, -29.6829, 350.1828, 4.72, 4.33, 7.00, -104.38, -66.00, -71.38, -0.10, 0.02, 0.02
2025-11-16 01:03:13.558,31.7942, -29.6829, 350.1835, 4.74, 4.34, 7.00, -104.38, -66.00, -71.38, -0.06, 0.02, 0.01
2025-11-16 01:03:13.575,31.7575, -29.6790, 350.1975, 4.70, 4.33, 7.04, -105.50, -64.88, -71.38, -0.02, 0.01, -0.01
2025-11-16 01:03:13.596,31.7143, -29.6750, 350.2087, 4.71, 4.37, 6.98, -105.50, -64.88, -71.38, 0.04, -0.03, -0.03
2025-11-16 01:03:13.614,31.6878, -29.6724, 350.2050, 4.67, 4.40, 6.97, -105.50, -64.88, -71.38, 0.07, -0.03, -0.02
2025-11-16 01:03:13.633,31.6965, -29.6711, 350.1906, 4.68, 4.42, 6.98, -104.38, -64.88, -70.56, 0.08, -0.02, -0.01
2025-11-16 01:03:13.654,31.7388, -29.6737, 350.1728, 4.68, 4.41, 6.92, -104.38, -64.88, -70.56, 0.03, 0.01, 0.02
2025-11-16 01:03:13.672,31.7822, -29.6803, 350.1607, 4.71, 4.36, 6.95, -104.75, -66.00, -71.00, -0.03, 0.01, 0.04
2025-11-16 01:03:13.692,31.8103, -29.6882, 350.1627, 4.74, 4.32, 7.01, -104.75, -66.00, -71.00, -0.10, 0.02, 0.01
2025-11-16 01:03:13.711,31.7987, -29.6909, 350.1802, 4.74, 4.32, 7.04, -104.75, -66.00, -71.00, -0.09, 0.01, -0.01
2025-11-16 01:03:13.729,31.7509, -29.6882, 350.1994, 4.80, 4.39, 7.04, -105.88, -65.56, -71.00, 0.00, -0.01, -0.03
2025-11-16 01:03:13.749,31.7012, -29.6843, 350.2078, 4.69, 4.33, 7.02, -105.88, -65.56, -71.00, 0.04, -0.03, -0.04
2025-11-16 01:03:13.767,31.6776, -29.6790, 350.1944, 4.67, 4.41, 6.99, -105.88, -65.56, -71.00, 0.08, -0.01, -0.01
2025-11-16 01:03:13.787,31.6810, -29.6724, 350.1782, 4.68, 4.41, 6.98, -104.75, -66.38, -71.38, 0.08, 0.00, 0.02
2025-11-16 01:03:13.808,31.7198, -29.6724, 350.1620, 4.69, 4.39, 6.93, -104.75, -66.38, -71.38, 0.02, 0.01, 0.04
2025-11-16 01:03:13.825,31.7711, -29.6790, 350.1577, 4.71, 4.34, 6.96, -105.50, -66.00, -71.00, -0.01, 0.02, 0.05
2025-11-16 01:03:13.845,31.8009, -29.6856, 350.1689, 4.75, 4.31, 6.93, -105.50, -66.00, -71.00, -0.08, 0.01, 0.01
2025-11-16 01:03:13.863,31.7875, -29.6856, 350.1898, 4.73, 4.31, 7.02, -105.50, -66.00, -71.00, -0.13, 0.01, -0.03
2025-11-16 01:03:13.881,31.7431, -29.6816, 350.2034, 4.70, 4.35, 7.05, -105.06, -65.25, -71.38, -0.08, 0.00, -0.05
2025-11-16 01:03:13.902,31.6806, -29.6684, 350.2006, 4.67, 4.39, 7.03, -105.06, -65.25, -71.38, 0.00, -0.02, -0.04
2025-11-16 01:03:13.920,31.6301, -29.6539, 350.1803, 4.67, 4.40, 6.98, -105.06, -65.25, -71.75, 0.09, -0.02, 0.01
2025-11-16 01:03:13.940,31.6168, -29.6447, 350.1527, 4.70, 4.39, 6.92, -105.06, -65.25, -71.75, 0.12, -0.01, 0.03
2025-11-16 01:03:13.960,31.6533, -29.6447, 350.1371, 4.70, 4.37, 6.92, -105.06, -65.25, -71.75, 0.08, 0.01, 0.04
2025-11-16 01:03:13.978,31.7096, -29.6539, 350.1355, 4.73, 4.33, 6.94, -104.75, -64.88, -71.00, -0.00, 0.01, 0.03
2025-11-16 01:03:13.998,31.7664, -29.6698, 350.1511, 4.75, 4.34, 6.94, -104.75, -64.88, -71.00, -0.07, 0.02, -0.01
2025-11-16 01:03:14.015,31.7963, -29.6816, 350.1729, 4.72, 4.34, 6.97, -104.75, -64.88, -71.00, -0.10, 0.01, -0.02
2025-11-16 01:03:14.035,31.7840, -29.6843, 350.1830, 4.72, 4.35, 7.02, -105.06, -66.38, -71.00, -0.12, 0.00, -0.05
2025-11-16 01:03:14.056,31.7387, -29.6777, 350.1735, 4.68, 4.38, 7.01, -105.06, -66.38, -71.00, -0.05, -0.00, -0.04
2025-11-16 01:03:14.076,31.6843, -29.6632, 350.1564, 4.67, 4.39, 7.03, -104.38, -66.75, -71.00, 0.05, -0.01, 0.01
2025-11-16 01:03:14.096,31.6517, -29.6513, 350.1353, 4.68, 4.38, 6.96, -104.38, -66.75, -71.00, 0.08, -0.00, 0.03
2025-11-16 01:03:14.114,31.6494, -29.6421, 350.1214, 4.71, 4.37, 6.98, -104.38, -66.75, -71.00, 0.07, 0.01, 0.03
2025-11-16 01:03:14.135,31.6680, -29.6434, 350.1256, 4.74, 4.33, 6.97, -104.38, -65.25, -72.19, 0.01, 0.00, 0.02
2025-11-16 01:03:14.155,31.6923, -29.6526, 350.1406, 4.74, 4.36, 6.95, -104.38, -65.25, -72.19, -0.03, 0.00, -0.00
2025-11-16 01:03:14.173,31.7078, -29.6618, 350.1534, 4.72, 4.37, 7.00, -105.50, -66.00, -71.00, -0.05, 0.00, -0.02
2025-11-16 01:03:14.193,31.7060, -29.6632, 350.1607, 4.69, 4.38, 6.99, -105.50, -66.00, -71.00, -0.03, -0.01, -0.03
2025-11-16 01:03:14.212,31.6935, -29.6618, 350.1527, 4.69, 4.37, 7.01, -105.50, -66.00, -71.00, 0.01, -0.01, -0.01
2025-11-16 01:03:14.230,31.6814, -29.6566, 350.1407, 4.67, 4.39, 7.01, -105.06, -67.06, -71.00, 0.02, -0.01, 0.01
2025-11-16 01:03:14.250,31.6779, -29.6487, 350.1316, 4.70, 4.37, 6.97, -105.06, -67.06, -71.00, 0.02, 0.00, 0.02
2025-11-16 01:03:14.267,31.6841, -29.6460, 350.1254, 4.70, 4.33, 6.98, -105.06, -67.06, -71.00, -0.03, 0.00, 0.01
2025-11-16 01:03:14.288,31.6849, -29.6487, 350.1245, 4.71, 4.34, 6.99, -105.06, -67.06, -71.38, -0.04, 0.00, -0.01
2025-11-16 01:03:14.308,31.6767, -29.6539, 350.1306, 4.69, 4.33, 7.03, -105.06, -67.06, -71.38, -0.01, 0.00, -0.02
2025-11-16 01:03:14.329,31.6634, -29.6539, 350.1340, 4.70, 4.38, 7.01, -105.50, -65.25, -71.38, 0.03, -0.02, -0.01
2025-11-16 01:03:14.349,31.6584, -29.6579, 350.1295, 4.69, 4.38, 6.95, -105.50, -65.25, -71.38, 0.06, -0.01, 0.00
2025-11-16 01:03:14.366,31.6675, -29.6592, 350.1241, 4.69, 4.41, 6.95, -105.50, -65.25, -71.38, 0.05, 0.00, 0.01
2025-11-16 01:03:14.387,31.6923, -29.6618, 350.1162, 4.70, 4.37, 6.96, -105.06, -66.38, -71.00, -0.01, 0.01, 0.01
2025-11-16 01:03:14.407,31.7179, -29.6632, 350.1133, 4.70, 4.36, 6.97, -105.06, -66.38, -71.00, -0.08, 0.01, -0.00
2025-11-16 01:03:14.428,31.7259, -29.6684, 350.1144, 4.70, 4.35, 7.03, -105.06, -65.25, -71.38, -0.09, 0.02, -0.02
2025-11-16 01:03:14.449,31.7046, -29.6645, 350.1168, 4.72, 4.35, 7.01, -105.06, -65.25, -71.38, -0.04, 0.00, -0.02
2025-11-16 01:03:14.467,31.6674, -29.6592, 350.1142, 4.69, 4.35, 7.04, -105.06, -65.25, -71.38, 0.04, -0.02, -0.01
2025-11-16 01:03:14.487,31.6387, -29.6552, 350.1088, 4.70, 4.39, 6.98, -105.06, -67.06, -69.75, 0.09, -0.02, 0.01
2025-11-16 01:03:14.508,31.6352, -29.6566, 350.1044, 4.69, 4.39, 6.97, -105.06, -67.06, -69.75, 0.09, 0.00, 0.03
2025-11-16 01:03:14.525,31.6629, -29.6592, 350.1033, 4.72, 4.38, 6.95, -105.06, -65.56, -72.19, 0.02, 0.00, 0.02
2025-11-16 01:03:14.544,31.7025, -29.6671, 350.1067, 4.72, 4.37, 6.95, -105.06, -65.56, -72.19, -0.07, 0.00, -0.01
2025-11-16 01:03:14.562,31.7244, -29.6763, 350.1125, 4.70, 4.35, 6.98, -105.06, -65.56, -72.19, -0.11, 0.01, -0.02
2025-11-16 01:03:14.580,31.7196, -29.6803, 350.1154, 4.69, 4.35, 7.03, -105.06, -66.00, -71.00, -0.12, 0.01, -0.04
2025-11-16 01:03:14.600,31.6745, -29.6750, 350.1075, 4.67, 4.35, 7.03, -105.06, -66.00, -71.00, 0.01, -0.00, -0.00
2025-11-16 01:03:14.618,31.6256, -29.6684, 350.0937, 4.71, 4.37, 7.04, -104.75, -67.50, -71.38, 0.09, -0.01, 0.03
2025-11-16 01:03:14.638,31.6070, -29.6711, 350.0835, 4.70, 4.35, 6.98, -104.75, -67.50, -71.38, 0.12, -0.01, 0.03
2025-11-16 01:03:14.658,31.6256, -29.6750, 350.0818, 4.72, 4.39, 6.94, -104.75, -67.50, -71.38, 0.05, -0.00, 0.01
2025-11-16 01:03:14.678,31.6616, -29.6803, 350.0868, 4.70, 4.39, 6.93, -105.50, -63.75, -71.75, -0.05, -0.00, -0.02
2025-11-16 01:03:14.699,31.7061, -29.6895, 350.0913, 4.70, 4.36, 6.98, -105.50, -63.75, -71.75, -0.10, 0.01, -0.03
2025-11-16 01:03:14.716,31.7206, -29.6922, 350.0936, 4.68, 4.38, 7.02, -105.50, -63.75, -71.75, -0.10, 0.01, -0.02
2025-11-16 01:03:14.736,31.6937, -29.6843, 350.0891, -323.00, 4.33, 7.06, -105.06, -64.88, -71.75, -0.02, 0.01, 0.01
2025-11-16 01:03:14.757,31.6476, -29.6763, 350.0829, 4.72, 4.33, 7.04, -105.06, -64.88, -71.75, 0.05, -0.01, 0.02
2025-11-16 01:03:14.774,31.6060, -29.6711, 350.0793, 4.70, 4.33, 6.98, -104.38, -66.00, -71.75, 0.08, -0.02, 0.02
2025-11-16 01:03:14.795,31.5975, -29.6684, 350.0799, 4.72, 4.35, 6.96, -104.38, -66.00, -71.75, 0.06, -0.00, -0.01
2025-11-16 01:03:14.813,31.6231, -29.6737, 350.0711, 4.64, 4.37, 6.94, -104.38, -66.00, -71.75, 0.00, -0.03, -0.04
2025-11-16 01:03:14.833,31.6680, -29.6803, 350.0632, 4.65, 4.38, 6.96, -104.75, -67.06, -71.00, 0.01, 0.00, 0.00
2025-11-16 01:03:14.853,31.7128, -29.6843, 350.0538, 4.69, 4.34, 6.99, -104.75, -67.06, -71.00, -0.05, 0.02, 0.03
2025-11-16 01:03:14.871,31.7271, -29.6882, 350.0486, 4.73, 4.33, 6.98, -104.75, -65.25, -72.19, -0.07, 0.03, 0.04
2025-11-16 01:03:14.891,31.6990, -29.6856, 350.0597, 4.76, 4.32, 7.01, -104.75, -65.25, -72.19, -0.04, 0.02, 0.00
2025-11-16 01:03:14.911,31.6565, -29.6816, 350.0783, 4.70, 4.35, 7.02, -104.75, -65.25, -72.19, -0.03, -0.02, -0.04
2025-11-16 01:03:14.929,31.6138, -29.6737, 350.0855, 4.71, 4.37, 7.01, -104.38, -66.00, -71.00, 0.06, -0.02, -0.04
2025-11-16 01:03:14.948,31.5955, -29.6698, 350.0797, 4.69, 4.38, 6.96, -104.38, -66.00, -71.00, 0.09, -0.03, -0.01
2025-11-16 01:03:14.967,31.6134, -29.6645, 350.0658, 4.68, 4.43, 6.97, -104.38, -66.00, -71.00, 0.09, -0.01, 0.01
2025-11-16 01:03:14.987,31.6635, -29.6711, 350.0500, 4.69, 4.39, 6.94, -105.06, -65.56, -71.38, 0.00, 0.01, 0.05
2025-11-16 01:03:15.008,31.7065, -29.6777, 350.0478, 4.73, 4.35, 6.93, -105.06, -65.56, -71.38, -0.09, 0.01, 0.01
2025-11-16 01:03:15.026,31.7256, -29.6882, 350.0567, 4.74, 4.33, 7.00, -104.38, -66.00, -71.00, -0.11, 0.02, -0.01
2025-11-16 01:03:15.045,31.7026, -29.6895, 350.0680, 4.72, 4.35, 7.00, -104.38, -66.00, -71.00, -0.10, 0.00, -0.05
2025-11-16 01:03:15.063,31.6547, -29.6843, 350.0691, 4.68, 4.38, 7.04, -104.38, -66.00, -71.00, -0.03, -0.01, -0.04
2025-11-16 01:03:15.084,31.5991, -29.6724, 350.0592, 4.66, 4.38, 7.04, -104.38, -66.38, -71.38, 0.06, -0.01, 0.01
2025-11-16 01:03:15.104,31.5818, -29.6645, 350.0395, 4.69, 4.39, 6.98, -104.38, -66.38, -71.38, 0.10, -0.01, 0.03
2025-11-16 01:03:15.122,31.5914, -29.6605, 350.0277, 4.72, 4.40, 6.96, -104.38, -65.56, -73.00, 0.08, 0.01, 0.03
2025-11-16 01:03:15.142,31.6314, -29.6645, 350.0271, 4.71, 4.35, 6.94, -104.38, -65.56, -73.00, -0.00, -0.00, 0.01
2025-11-16 01:03:15.162,31.6740, -29.6737, 350.0389, 4.71, 4.40, 6.98, -104.38, -65.56, -73.00, -0.06, 0.01, -0.02
2025-11-16 01:03:15.179,31.7003, -29.6816, 350.0458, 4.69, 4.37, 6.98, -105.50, -67.06, -70.56, -0.08, -0.00, -0.03
2025-11-16 01:03:15.200,31.6855, -29.6816, 350.0450, 4.70, 4.38, 6.98, -105.50, -67.06, -70.56, -0.05, 0.01, -0.02
2025-11-16 01:03:15.219,31.6578, -29.6750, 350.0356, 4.71, 4.36, 7.03, -105.50, -65.56, -70.56, -0.00, -0.01, 0.00
2025-11-16 01:03:15.240,31.6211, -29.6698, 350.0231, 4.69, 4.36, 7.00, -105.50, -65.56, -70.56, 0.06, 0.00, 0.03
2025-11-16 01:03:15.260,31.6003, -29.6684, 350.0172, -322.99, 4.35, 6.99, -105.50, -65.56, -70.56, 0.04, 0.01, 0.02
2025-11-16 01:03:15.280,31.5981, -29.6698, 350.0179, 4.71, 4.33, 6.98, -105.06, -66.00, -71.00, -0.01, 0.00, -0.00
2025-11-16 01:03:15.301,31.6069, -29.6737, 350.0240, 4.71, 4.37, 6.99, -105.06, -66.00, -71.00, -0.03, -0.00, -0.02
2025-11-16 01:03:15.319,31.6164, -29.6763, 350.0276, 4.69, 4.37, 7.01, -105.06, -66.75, -71.38, -0.02, -0.00, -0.03
2025-11-16 01:03:15.340,31.6239, -29.6737, 350.0264, 4.68, 4.40, 7.00, -105.06, -66.75, -71.38, 0.02, -0.00, -0.00
2025-11-16 01:03:15.360,31.6254, -29.6658, 350.0160, 4.69, 4.41, 6.98, -105.06, -66.75, -71.38, 0.04, -0.01, 0.01
2025-11-16 01:03:15.378,31.6298, -29.6605, 350.0064, 4.71, 4.40, 6.95, -104.75, -64.88, -71.00, 0.03, 0.00, 0.02
2025-11-16 01:03:15.398,31.6403, -29.6605, 350.0037, 4.71, 4.35, 6.95, -104.75, -64.88, -71.00, 0.00, 0.01, 0.02
2025-11-16 01:03:15.416,31.6520, -29.6645, 350.0067, 4.72, 4.35, 6.95, -104.75, -64.88, -71.00, -0.02, 0.01, 0.01
2025-11-16 01:03:15.439,31.6533, -29.6711, 350.0140, 4.70, 4.35, 7.02, -103.56, -65.56, -71.38, -0.07, 0.01, -0.02
2025-11-16 01:03:15.460,31.6386, -29.6750, 350.0173, 4.70, 4.32, 7.00, -103.56, -65.56, -71.38, -0.04, -0.00, -0.03
2025-11-16 01:03:15.478,31.6121, -29.6711, 350.0135, 4.72, 4.35, 7.02, -104.38, -65.25, -71.38, 0.01, -0.01, -0.01
2025-11-16 01:03:15.499,31.5889, -29.6618, 350.0027, 4.68, 4.38, 7.01, -104.38, -65.25, -71.38, 0.07, -0.02, 0.01
2025-11-16 01:03:15.516,31.5875, -29.6579, 349.9895, 4.68, 4.42, 6.98, -104.38, -65.25, -71.38, 0.08, -0.01, 0.01
2025-11-16 01:03:15.536,31.6127, -29.6579, 349.9800, 4.71, 4.39, 6.94, -105.06, -66.00, -71.06, 0.07, 0.01, 0.03
2025-11-16 01:03:15.557,31.6507, -29.6645, 349.9792, 4.72, 4.37, 6.92, -105.06, -66.00, -71.06, -0.00, -0.00, 0.01
2025-11-16 01:03:15.574,31.6855, -29.6750, 349.9831, 4.74, 3.07, 6.93, -105.06, -65.56, -71.00, -0.05, 0.01, 0.00
2025-11-16 01:03:15.594,31.6923, -29.6816, 349.9891, 4.71, 4.34, 6.97, -105.06, -65.56, -71.00, -0.09, 0.01, -0.02
2025-11-16 01:03:15.613,31.6695, -29.6803, 349.9913, 4.69, 4.35, 7.02, -105.06, -65.56, -71.00, -0.07, 0.01, -0.03
2025-11-16 01:03:15.630,31.6251, -29.6724, 349.9868, 4.70, 4.36, 7.02, -105.50, -66.00, -70.56, -0.01, -0.00, -0.02
2025-11-16 01:03:15.656,31.5829, -29.6632, 349.9750, 4.67, 4.38, 7.00, -105.50, -66.00, -70.56, 0.04, -0.02, -0.00
2025-11-16 01:03:15.674,31.5689, -29.6605, 349.9628, 4.71, 4.41, 6.99, -104.00, -66.00, -72.19, 0.09, -0.01, 0.02
2025-11-16 01:03:15.694,31.5849, -29.6632, 349.9527, 4.71, 4.38, 6.96, -104.00, -66.00, -64.19, 0.07, 0.00, 0.02
2025-11-16 01:03:15.712,31.6252, -29.6698, 349.9513, 4.72, 4.35, 6.95, -104.00, -66.00, -72.19, 0.02, 0.00, 0.02
2025-11-16 01:03:15.733,31.6700, -29.6829, 349.9565, 4.72, 4.34, 6.95, -105.06, -66.00, -71.38, -0.04, 0.01, 0.01
2025-11-16 01:03:15.753,31.6979, -29.6922, 349.9675, 4.70, 4.29, 6.97, -105.06, -66.00, -71.38, -0.07, 0.00, -0.01
2025-11-16 01:03:15.771,31.6898, -29.6922, 349.9771, -322.94, 4.39, 7.01, -104.00, -65.25, -72.56, -0.09, 0.01, -0.05
2025-11-16 01:03:15.791,31.6615, -29.6869, 349.9700, 4.65, 4.42, 7.01, -104.00, -65.25, -72.56, -0.08, -0.03, -0.07
2025-11-16 01:03:15.811,31.6176, -29.6763, 349.9466, 4.65, 4.41, 7.03, -104.00, -65.25, -72.56, 0.04, -0.01, -0.01
2025-11-16 01:03:15.829,31.5859, -29.6645, 349.9222, 4.67, 4.40, 7.04, -105.06, -65.56, -71.75, 0.08, -0.01, 0.05
2025-11-16 01:03:15.849,31.5798, -29.6645, 349.9095, 4.71, 4.35, 6.94, -105.06, -65.56, -71.75, 0.09, 0.02, 0.09
2025-11-16 01:03:15.866,31.5981, -29.6724, 349.9193, 4.75, 4.28, 6.96, -105.06, -65.56, -71.75, 0.08, 0.03, 0.08
2025-11-16 01:03:15.887,31.6276, -29.6869, 349.9526, 4.85, 4.34, 6.96, -104.00, -66.38, -71.75, -0.00, -0.00, 0.01
2025-11-16 01:03:15.908,31.7118, -29.8923, 349.9150, 4.74, 4.40, 6.96, -104.00, -66.38, -71.75, -0.13, -0.02, -0.11
2025-11-16 01:03:15.925,31.7088, -29.8910, 349.9165, 4.65, 4.37, 7.03, -105.50, -66.38, -70.56, -0.10, -0.02, -0.11
2025-11-16 01:03:15.945,31.6953, -29.8778, 349.8873, 4.63, 4.42, 6.99, -105.50, -66.38, -70.56, 0.01, -0.01, -0.05
2025-11-16 01:03:15.963,31.6812, -29.8633, 349.8440, 4.63, 4.39, 7.02, -105.50, -66.38, -70.56, 0.06, 0.00, 0.06
2025-11-16 01:03:15.981,31.6709, -29.8514, 349.8041, 4.70, 4.35, 6.99, -105.88, -65.56, -70.56, 0.08, 0.03, 0.11
2025-11-16 01:03:16.002,31.6123, -29.6592, 349.8723, 4.77, 4.31, 6.94, -105.88, -65.56, -70.56, 0.01, 0.03, 0.07
2025-11-16 01:03:16.020,31.6155, -29.6724, 349.9118, 4.76, 4.29, 6.95, -105.50, -66.00, -70.56, -0.07, -0.00, -0.03
2025-11-16 01:03:16.040,31.6066, -29.6816, 349.9558, 4.74, 4.32, 7.00, -105.50, -66.00, -70.56, -0.06, -0.02, -0.09
2025-11-16 01:03:16.060,31.5893, -29.6816, 349.9731, 4.70, 4.38, 7.04, -105.50, -66.00, -70.56, -0.02, -0.03, -0.07
2025-11-16 01:03:16.078,31.5775, -29.6777, 349.9603, 4.67, 4.42, 7.03, -104.00, -64.88, -71.75, 0.08, -0.01, 0.00
2025-11-16 01:03:16.099,31.5834, -29.6711, 349.9260, 4.66, 4.40, 6.96, -104.00, -64.88, -71.75, -35.64, 0.01, 0.06
2025-11-16 01:03:16.117,31.6186, -29.6671, 349.8948, 4.70, 4.39, 6.96, -104.00, -64.88, -71.75, 0.09, 0.02, 0.08
2025-11-16 01:03:16.137,31.6594, -29.6737, 349.8934, 4.74, 4.35, 6.93, -104.00, -66.00, -71.38, -0.05, 0.01, 0.02
2025-11-16 01:03:16.158,31.6813, -29.6843, 349.9157, 4.72, 4.32, 6.98, -104.00, -66.00, -71.38, -0.14, 0.01, -0.05
2025-11-16 01:03:16.178,31.6689, -29.6895, 349.9447, 4.73, 4.35, 7.01, -104.75, -65.25, -70.25, -0.13, 0.00, -0.07
2025-11-16 01:03:16.198,31.6208, -29.6843, 349.9549, 4.68, 4.35, 7.06, -104.75, -65.25, -70.25, -0.02, -0.00, -0.04
2025-11-16 01:03:16.216,31.5612, -29.6737, 349.9430, 4.68, 4.42, 7.03, -104.75, -65.25, -70.25, 0.04, -0.01, -0.01
2025-11-16 01:03:16.236,31.5274, -29.6645, 349.9185, 4.66, 4.39, 6.98, -104.75, -67.06, -70.56, 0.12, -0.01, 0.03
2025-11-16 01:03:16.256,31.5402, -29.6618, 349.8985, 4.70, 4.39, 6.93, -104.75, -67.06, -70.56, 0.14, 0.00, 0.04
2025-11-16 01:03:16.273,31.5936, -29.6684, 349.8960, 4.70, 4.36, 6.94, -105.06, -65.25, -71.06, 0.06, 0.00, 0.02
2025-11-16 01:03:16.291,31.5936, -29.6684, 349.8960, 4.72, 4.34, 6.92, -105.06, -65.25, -71.06, -0.06, 0.00, 0.00
2025-11-16 01:03:16.311,31.6428, -29.6790, 349.9106, 4.72, 4.33, 6.98, -105.06, -65.25, -71.06, -0.12, 0.02, -0.02
2025-11-16 01:03:16.329,31.6609, -29.6882, 349.9294, 4.71, 4.34, 7.01, -106.25, -68.25, -70.25, -0.13, 0.01, -0.03
2025-11-16 01:03:16.349,31.6367, -29.6856, 349.9349, 4.70, 4.34, 7.03, -106.25, -68.25, -70.25, -0.05, -0.00, -0.04
2025-11-16 01:03:16.367,31.5814, -29.6750, 349.9242, 4.70, 4.39, 7.06, -106.25, -68.25, -70.25, 0.01, -0.01, -0.03
2025-11-16 01:03:16.387,31.5298, -29.6658, 349.9028, 4.69, 4.41, 6.98, -104.75, -65.56, -71.38, 0.09, -0.03, 0.00
2025-11-16 01:03:16.408,31.5247, -29.6618, 349.8837, 4.70, 4.39, 6.98, -104.75, -65.56, -71.38, 0.14, 0.01, 0.05
2025-11-16 01:03:16.426,31.5700, -29.6684, 349.8766, 4.70, 4.40, 6.95, -104.38, -66.38, -71.38, 0.10, 0.01, 0.05
2025-11-16 01:03:16.446,31.6337, -29.6856, 349.8875, 4.74, 4.35, 6.92, -104.38, -66.38, -71.38, -0.02, 0.00, 0.04
2025-11-16 01:03:16.464,31.6784, -29.7014, 349.9117, 4.74, 4.31, 6.95, -104.38, -66.38, -71.38, -0.10, 0.01, -0.02
2025-11-16 01:03:16.482,31.6896, -29.7093, 349.9352, 4.72, 4.36, 7.02, -104.38, -66.00, -71.06, -0.14, -0.00, -0.06
2025-11-16 01:03:16.502,31.6542, -29.7080, 349.9384, 4.68, 4.38, 7.04, -104.38, -66.00, -71.06, -0.08, -0.01, -0.06
2025-11-16 01:03:16.520,31.5871, -29.6909, 349.9207, 4.65, 4.42, 7.02, -104.00, -66.38, -71.38, 0.02, -0.02, -0.02
2025-11-16 01:03:16.541,31.5370, -29.6737, 349.8890, 4.66, 4.42, 7.05, -104.00, -66.38, -71.38, 0.10, -0.01, 0.03
2025-11-16 01:03:16.561,31.5292, -29.6645, 349.8599, 4.71, 4.38, 6.97, -104.00, -66.38, -71.38, 0.12, 0.01, 0.07
2025-11-16 01:03:16.579,31.5523, -29.6671, 349.8502, 4.73, 4.37, 6.99, -104.38, -65.56, -71.06, 0.06, 0.02, 0.05
2025-11-16 01:03:16.600,31.5987, -29.6790, 349.8678, 4.75, 4.31, 6.93, -104.38, -65.56, -71.06, -0.06, 0.01, 0.00
2025-11-16 01:03:16.618,31.6363, -29.6961, 349.8940, 4.73, 4.32, 6.98, -104.38, -65.56, -71.06, -0.11, 0.00, -0.05
2025-11-16 01:03:16.638,31.6400, -29.7027, 349.9105, 4.71, 4.37, 5.73, -104.75, -67.06, -71.06, -0.10, -0.01, -0.07
2025-11-16 01:03:16.658,31.6135, -29.6988, 349.9068, 4.68, 4.40, 7.02, -104.75, -67.06, -71.06, -0.00, -0.01, -0.03
2025-11-16 01:03:16.676,31.5760, -29.6856, 349.8846, 4.72, 4.45, 7.02, -104.38, -66.38, -70.56, 0.05, -0.01, -0.00
2025-11-16 01:03:16.696,31.5554, -29.6724, 349.8550, 4.67, 4.41, 6.97, -104.38, -66.38, -70.56, 0.09, -0.01, 0.03
2025-11-16 01:03:16.714,31.5668, -29.6658, 349.8360, 4.73, 4.41, 6.97, -104.38, -66.38, -70.56, 0.09, 0.00, 0.05
2025-11-16 01:03:16.732,31.6010, -29.6684, 349.8376, 4.72, 4.34, 6.99, -104.38, -65.69, -72.25, 0.02, 0.01, 0.04
2025-11-16 01:03:16.752,31.6383, -29.6790, 349.8582, 4.74, 4.33, 7.00, -104.38, -65.69, -72.25, -0.06, 0.02, 0.01
2025-11-16 01:03:16.769,31.6510, -29.6895, 349.8884, 4.76, 4.31, 7.01, -104.38, -65.69, -72.25, -0.11, 0.02, -0.17
2025-11-16 01:03:16.789,31.6211, -29.6895, 349.9067, 4.71, 4.34, 7.01, -104.38, -66.00, -71.38, -0.10, -0.02, -0.07
2025-11-16 01:03:16.810,31.5699, -29.6790, 349.9003, 4.67, 4.38, 7.05, -104.38, -66.00, -71.38, 0.02, -0.02, -0.04
2025-11-16 01:03:16.828,31.5277, -29.6684, 349.8786, 4.68, 4.42, 7.02, -104.38, -66.38, -71.38, 0.08, -0.03, -0.02
2025-11-16 01:03:16.847,31.5228, -29.6618, 349.8504, 4.68, 4.42, 6.97, -104.38, -66.38, -71.38, 0.14, -0.02, 0.03
2025-11-16 01:03:16.869,31.5627, -29.6605, 349.8317, 4.72, 4.37, 6.93, -104.38, -66.38, -71.38, 0.08, 0.02, 0.08
2025-11-16 01:03:16.889,31.6267, -29.6750, 349.8386, 4.75, 4.32, 6.91, -104.75, -66.38, -71.75, -0.05, 0.02, 0.04
2025-11-16 01:03:16.910,31.6782, -29.6948, 349.8671, 4.76, 4.32, 6.98, -104.75, -66.38, -71.75, -0.15, 0.02, -0.04
2025-11-16 01:03:16.928,31.6842, -29.7014, 349.8929, 4.73, 4.36, 7.02, -104.75, -66.00, -71.00, -0.18, -0.02, -0.11
2025-11-16 01:03:16.948,31.6386, -29.6935, 349.8933, 4.65, 4.42, 7.06, -104.75, -66.00, -71.00, -0.06, -0.01, -0.08
2025-11-16 01:03:16.967,31.5645, -29.6750, 349.8661, 4.63, 4.42, -320.64, -104.75, -66.00, -71.00, 0.00, -0.01, -0.04
2025-11-16 01:03:16.987,31.5085, -29.6553, 349.8267, 4.67, 4.39, 7.00, -104.75, -67.06, -71.38, 0.12, -0.02, 0.05
2025-11-16 01:03:17.008,31.5017, -29.6473, 349.8042, 4.76, 4.35, 6.94, -104.75, -67.06, -71.38, 0.17, 0.02, 0.10
2025-11-16 01:03:17.025,31.5471, -29.6579, 349.8153, 4.75, 4.32, 6.92, -104.75, -67.50, -71.06, 0.10, 0.01, 0.07
2025-11-16 01:03:17.045,31.6081, -29.6777, 349.8534, 4.76, 4.33, 6.93, -104.75, -67.50, -71.06, -0.05, -0.00, -0.02
2025-11-16 01:03:17.063,31.6623, -29.6988, 349.8977, 4.72, 4.37, 6.97, -104.75, -67.50, -71.06, -0.15, -0.01, -0.09
2025-11-16 01:03:17.081,31.6734, -29.7027, 349.9130, 4.69, 4.39, 6.99, -105.06, -66.38, -71.06, -0.16, -0.01, -0.10
2025-11-16 01:03:17.102,31.6337, -29.6869, 349.8875, 4.65, 4.42, 7.05, -105.06, -66.38, -71.06, -0.03, 0.01, -0.02
2025-11-16 01:03:17.120,31.5743, -29.6632, 349.8406, 4.65, 4.41, 7.00, -105.06, -66.38, -71.06, 0.07, -0.00, 0.05
2025-11-16 01:03:17.140,31.5300, -29.6473, 349.8066, 4.71, 4.37, 7.01, -104.75, -64.88, -70.56, 0.11, 0.01, 0.08
2025-11-16 01:03:17.160,31.5102, -29.6421, 349.7966, 4.74, 4.32, 6.95, -104.75, -64.88, -70.56, 0.07, 0.01, 0.04
2025-11-16 01:03:17.178,31.5234, -29.6513, 349.8168, 4.75, 4.30, 6.95, -105.06, -65.25, -71.75, 0.03, -0.01, 0.15
2025-11-16 01:03:17.198,31.5542, -29.6684, 349.8468, 4.74, 4.35, 6.95, -105.06, -65.25, -71.75, -0.04, -0.01, -0.04
2025-11-16 01:03:17.215,31.5781, -29.6790, 349.8635, 4.67, 4.41, 6.97, -105.06, -65.25, -71.75, -0.08, -0.01, -0.06
2025-11-16 01:03:17.234,31.5836, -29.6790, 349.8621, 4.67, 4.42, 7.00, -105.50, -66.75, -70.56, -0.06, -0.01, -0.04
2025-11-16 01:03:17.254,31.5675, -29.6698, 349.8351, 4.68, 4.39, 7.01, -105.50, -66.75, -70.56, 0.00, 0.01, 0.01
2025-11-16 01:03:17.272,31.5448, -29.6566, 349.8037, 4.69, 4.36, 6.98, -105.06, -65.25, -72.19, 0.03, 0.00, 0.04
2025-11-16 01:03:17.292,31.5278, -29.6500, 349.7906, 4.73, 4.34, 6.96, -105.06, -65.25, -72.19, 0.04, 0.01, 0.04
2025-11-16 01:03:17.312,31.5233, -29.6513, 349.7986, 4.73, 4.33, 6.95, -105.06, -65.25, -72.19, 0.01, 0.00, 0.01
2025-11-16 01:03:17.332,31.5256, -29.6579, 349.8102, 4.72, 4.34, 7.00, -104.75, -65.56, -72.25, -0.02, -0.00, -0.02
2025-11-16 01:03:17.352,31.5293, -29.6645, 349.8267, 4.68, 4.36, 7.04, -104.75, -65.56, -72.25, -0.03, -0.00, -0.03
2025-11-16 01:03:17.370,31.5302, -29.6671, 349.8333, 4.68, 4.39, 7.02, -104.75, -66.00, -72.19, -0.02, -0.01, -0.03
2025-11-16 01:03:17.390,31.5310, -29.6645, 349.8218, 4.66, 4.39, 7.01, -104.75, -66.00, -72.19, 0.02, -0.01, -0.01
2025-11-16 01:03:17.411,31.5281, -29.6605, 349.8044, 4.69, 4.38, 6.97, -104.75, -66.00, -72.19, 0.02, -0.00, 0.02
2025-11-16 01:03:17.429,31.5310, -29.6552, 349.7907, 4.71, 4.38, 6.97, -104.75, -65.25, -70.56, 0.02, 0.01, 0.04
2025-11-16 01:03:17.449,31.5360, -29.6539, 349.7893, 4.75, 4.33, 6.94, -104.75, -65.25, -70.56, -0.01, 0.01, 0.03
2025-11-16 01:03:17.467,31.5359, -29.6592, 349.7999, 4.74, 4.32, 6.97, -104.75, -65.25, -70.56, -0.03, 0.01, 0.01
2025-11-16 01:03:17.486,31.5268, -29.6632, 349.8159, 4.72, 4.36, 7.01, -104.00, -65.25, -71.38, -0.04, 0.00, -0.02
2025-11-16 01:03:17.508,31.5163, -29.6645, 349.8187, 4.68, 4.39, 7.01, -104.00, -65.25, -71.38, -0.02, -0.02, -0.04
2025-11-16 01:03:17.525,31.5074, -29.6645, 349.8091, 4.68, 4.42, 7.01, -104.75, -65.56, -70.56, 0.03, -0.02, -0.03
2025-11-16 01:03:17.546,31.5138, -29.6645, 349.7879, 4.67, 4.40, 6.96, -104.75, -65.56, -70.56, 0.06, -0.01, 0.01
2025-11-16 01:03:17.564,31.4895, -29.7160, 349.9607, 4.72, 4.35, 6.96, -104.75, -65.56, -70.56, 0.05, 0.01, 0.05
2025-11-16 01:03:17.582,31.5172, -29.7213, 349.9536, 4.74, 4.33, 6.99, -105.50, -65.25, -71.38, -0.00, 0.02, 0.04
2025-11-16 01:03:17.603,31.5343, -29.7305, 349.9683, 4.74, 4.31, 7.01, -105.50, -65.25, -71.38, -0.08, 0.01, 0.00
2025-11-16 01:03:17.621,31.5296, -29.7384, 349.9893, 4.74, 4.34, 7.01, -105.50, -66.38, -71.75, -0.08, 0.00, -0.04
2025-11-16 01:03:17.641,31.5015, -29.7371, 350.0004, 4.71, 4.36, 7.03, -105.50, -66.38, -71.75, -0.03, -0.02, -0.05
2025-11-16 01:03:17.662,31.5163, -29.6843, 349.8014, 4.69, 4.40, 7.01, -105.50, -66.38, -71.75, 0.06, -0.02, -0.02
2025-11-16 01:03:17.679,31.5015, -29.6790, 349.7802, 4.68, 4.42, 7.00, -105.06, -65.56, -71.75, 0.10, -0.01, 0.03
2025-11-16 01:03:17.700,31.5172, -29.6777, 349.7586, 4.75, 4.44, 6.93, -105.06, -65.56, -71.75, 0.08, 0.02, 0.05
2025-11-16 01:03:17.717,31.5527, -29.6777, 349.7530, 4.73, 4.38, 6.94, -105.06, -65.56, -71.75, 0.04, 0.02, 0.04
2025-11-16 01:03:17.738,31.5860, -29.6869, 349.7627, 4.72, 4.32, 7.00, -104.75, -64.19, -70.56, -0.08, 0.01, 0.00
2025-11-16 01:03:17.758,31.5917, -29.6909, 349.7794, 4.74, 4.37, 7.02, -104.75, -64.19, -70.56, -0.11, 0.02, -0.04
2025-11-16 01:03:17.776,31.5612, -29.6869, 349.7896, 4.68, 4.35, 7.04, -105.06, -65.25, -73.00, -0.10, -0.00, -0.06
2025-11-16 01:03:17.795,31.5092, -29.6737, 349.7840, 4.70, 4.39, 7.04, -105.06, -65.25, -73.00, 0.02, -0.00, -0.02
2025-11-16 01:03:17.814,31.4769, -29.6645, 349.7644, 4.69, 4.39, 6.99, -105.06, -65.25, -73.00, 0.11, -0.02, 0.03
2025-11-16 01:03:17.832,31.4689, -29.6566, 349.7444, 4.69, 4.38, 6.97, -105.06, -65.25, -71.38, 0.13, 0.00, 0.04
2025-11-16 01:03:17.852,31.5050, -29.6552, 349.7363, 4.70, 4.43, 6.93, -105.06, -65.25, -71.38, 0.06, -0.01, -0.00
2025-11-16 01:03:17.869,31.5670, -29.6618, 349.7384, 4.68, 4.35, 6.93, -105.06, -65.25, -71.38, -0.07, -0.01, -0.01
2025-11-16 01:03:17.889,31.6160, -29.6724, 349.7455, 4.68, 4.32, 6.96, -104.75, -65.56, -71.38, -0.07, 0.03, 0.02
2025-11-16 01:03:17.910,31.6195, -29.6763, 349.7605, 4.74, 4.32, 7.02, -104.75, -65.56, -71.38, -0.09, 0.03, 0.02
2025-11-16 01:03:17.928,31.5896, -29.6763, 349.7789, 4.72, 4.32, 7.02, -104.38, -66.00, -70.56, -0.08, 0.01, 0.00
2025-11-16 01:03:17.951,31.5246, -29.6645, 349.7842, 4.66, 4.40, 7.02, -104.38, -66.00, -70.56, -0.05, -0.03, -0.08
2025-11-16 01:03:17.969,31.4588, -29.6513, 349.7656, 4.64, 4.41, 7.02, -104.38, -66.00, -70.56, 0.08, -0.04, -0.05
2025-11-16 01:03:17.989,31.4417, -29.6421, 349.7344, 4.68, 4.48, 6.97, -105.06, -66.38, -71.75, 0.19, -0.01, 0.03
2025-11-16 01:03:18.010,31.4334, -29.6896, 349.8990, 4.68, 4.40, 6.96, -105.06, -66.38, -71.75, 0.14, 0.01, 0.10
2025-11-16 01:03:18.028,31.5050, -29.6962, 349.8942, 4.71, 3.03, 6.92, -103.56, -66.75, -71.75, 0.08, 0.04, 0.12
2025-11-16 01:03:18.047,31.5669, -29.7147, 349.9199, 4.82, 4.28, 6.93, -103.56, -66.75, -71.75, -0.07, 0.03, 0.07
2025-11-16 01:03:18.068,31.5902, -29.7292, 349.9678, 4.76, 4.31, 6.98, -103.56, -66.75, -71.75, -0.19, 0.01, -0.06
2025-11-16 01:03:18.089,31.5530, -29.7278, 350.0008, 4.74, 4.39, 7.04, -105.50, -66.38, -71.75, -0.10, -0.03, -0.14
2025-11-16 01:03:18.111,31.5338, -29.6658, 349.7970, 4.59, 4.44, 7.04, -105.50, -66.38, -71.75, 0.02, -0.05, -0.07
2025-11-16 01:03:18.130,31.4747, -29.6473, 349.7433, 4.58, 4.45, 7.03, -104.00, -66.00, -71.75, 0.13, -0.01, 0.05
2025-11-16 01:03:18.151,31.4574, -29.6315, 349.6841, 4.66, 4.41, 6.96, -104.00, -66.00, -71.75, 0.14, 0.02, 0.12
2025-11-16 01:03:18.168,31.4877, -29.6315, 349.6559, 4.72, 4.34, 6.93, -104.00, -66.00, -71.75, 0.10, 0.03, 0.12
2025-11-16 01:03:18.190,31.5352, -29.6460, 349.6793, 4.78, 4.27, 6.95, -105.50, -65.56, -71.38, -0.08, 0.01, 0.00
2025-11-16 01:12:17.008,0.0000, 0.0000, 0.0000, 0.00, 0.00, 0.00, -67.75, -34.69, -59.56, -0.01, -0.00, 0.00
2025-11-16 01:12:17.034,0.0000, 0.0000, 0.0000, 0.90, 5.09, 7.95, -67.75, -34.69, -59.56, 0.01, -0.01, -0.00
2025-11-16 01:12:17.058,0.0000, 0.0000, 0.0000, 0.95, 5.13, 8.01, -67.75, -34.69, -59.56, -0.01, 0.00, 0.00
2025-11-16 01:12:17.081,89.9943, 0.0000, 0.0000, 0.96, 5.05, 8.03, -67.75, -34.69, -59.56, -0.03, 0.00, 0.00
2025-11-16 01:12:17.102,71.9977, -0.0023, 71.9977, 0.96, 5.13, 7.96, -67.75, -34.69, -59.56, 0.03, -0.02, -0.00
2025-11-16 01:12:17.123,78.5324, -1.1375, 143.6625, 0.94, 5.15, 8.00, -68.50, -34.69, -59.06, -0.02, -0.00, 0.00
2025-11-16 01:12:17.144,85.0619, -2.2726, 215.3275, 0.96, 5.13, 8.02, -68.50, -34.69, -59.06, 0.01, 0.01, 0.00
2025-11-16 01:12:17.165,91.5889, -3.4078, 286.9926, 0.97, 5.14, 8.01, -67.75, -33.88, -58.00, -0.03, 0.00, 0.00
2025-11-16 01:12:17.186,26.1159, -4.5430, 358.6579, 0.89, 5.13, 8.00, -67.75, -33.88, -58.00, -0.00, -0.00, -0.00
2025-11-16 01:12:17.208,32.6360, -5.6758, 358.3255, 0.88, 5.14, 8.02, -67.75, -33.88, -58.75, 0.02, -0.00, -0.00
2025-11-16 01:12:17.229,32.6263, -5.6758, 358.3260, 0.90, 5.14, 8.00, -67.75, -33.88, -58.75, -0.00, -0.01, -0.00
2025-11-16 01:12:17.249,32.6263, -5.6758, 358.3260, 0.93, 5.16, 8.00, -67.75, -33.88, -58.75, 0.03, -0.01, -0.00
2025-11-16 01:12:17.271,32.6243, -5.6758, 358.3261, 0.96, 5.12, 8.02, -67.38, -33.88, -59.06, -0.04, 0.00, 0.00
2025-11-16 01:12:17.291,32.6171, -5.6735, 358.3271, 0.98, 5.08, 8.07, -67.38, -33.88, -59.06, -0.04, 0.02, 0.00
2025-11-16 01:12:17.312,32.6052, -5.6712, 358.3284, 0.99, 5.11, 8.03, -68.50, -36.19, -58.38, 0.04, -0.01, -0.01
2025-11-16 01:12:17.332,32.6027, -5.6712, 358.3285, 0.97, 5.14, 7.96, -68.50, -36.19, -58.38, 0.05, -0.03, -0.01
2025-11-16 01:12:17.352,32.6055, -5.6758, 358.3271, 0.91, 5.19, 7.94, -68.50, -36.19, -58.38, 0.02, -0.00, 0.00
2025-11-16 01:12:17.372,32.6104, -5.6793, 358.3233, 0.89, 5.17, 7.96, -68.88, -35.75, -58.75, -0.05, 0.02, 0.01
2025-11-16 01:12:17.394,32.6151, -5.6816, 358.3224, 0.89, 5.13, 8.03, -68.88, -35.75, -58.75, -0.03, 0.01, 0.00
2025-11-16 01:12:17.415,32.6198, -5.6839, 358.3216, 0.90, 5.14, 8.03, -68.06, -35.06, -58.38, -0.01, 0.00, 0.00
2025-11-16 01:12:17.439,32.6127, -5.6839, 358.3219, 0.98, 5.09, 8.03, -68.06, -35.06, -58.38, 0.01, -0.01, -0.00
2025-11-16 01:12:17.457,32.5977, -5.6793, 358.3239, 0.99, 5.11, 7.99, -66.25, -35.06, -58.00, 0.03, -0.01, -0.01
2025-11-16 01:13:36.671,0.0000, 0.0000, 0.0000, 0.00, 0.00, 0.00, -69.56, -34.25, -60.06, -0.00, -0.00, 0.00
2025-11-16 01:13:36.694,0.0000, 0.0000, 0.0000, 0.90, 5.07, 7.94, -69.56, -34.25, -60.06, 0.00, -0.00, -0.00
2025-11-16 01:13:36.716,0.0000, 0.0000, 0.0000, 0.93, 5.09, 8.01, -69.56, -34.25, -60.06, 0.01, -0.01, -0.00
2025-11-16 01:13:36.738,0.0029, 0.0000, 0.0000, 0.92, 5.13, 7.96, -69.56, -34.25, -60.06, 0.01, -0.01, -0.00
2025-11-16 01:13:36.758,0.0046, 0.0000, 0.0000, 0.93, 5.10, 8.00, -69.56, -34.25, -60.06, 0.00, -0.00, 0.00
2025-11-16 01:13:36.780,6.5477, -1.1156, 71.6724, 0.93, 5.12, 7.99, -69.56, -34.69, -51.69, -0.02, 0.01, 0.00
2025-11-16 01:13:36.800,13.0811, -2.2312, 143.3452, 0.93, 5.11, 8.03, -69.56, -34.69, -59.69, -0.03, 0.01, 0.00
2025-11-16 01:13:36.821,19.6119, -3.3468, 215.0181, 0.92, 5.07, 8.04, -69.56, -33.88, -59.25, -0.01, 0.01, -0.00
2025-11-16 01:13:36.842,26.1430, -4.4624, 286.6910, 0.92, 5.08, 8.05, -69.56, -33.88, -59.25, 0.01, -0.01, -0.01
2025-11-16 01:13:36.863,32.6815, -5.5791, 358.3606, 0.92, 5.16, 8.02, -69.56, -33.88, -59.25, 0.03, -0.01, -0.00
2025-11-16 01:13:36.885,32.6838, -5.5826, 358.3569, 0.90, 5.17, 7.94, -69.56, -34.69, -58.88, -0.00, 0.00, -0.00
2025-11-16 01:13:36.905,32.6939, -5.5860, 358.3530, 0.90, 5.13, 7.98, -69.56, -34.69, -58.88, -0.04, 0.02, 0.01
2025-11-16 01:13:36.926,32.6966, -5.5872, 358.3500, 0.92, 5.10, 8.04, -69.25, -35.06, -59.25, -0.05, 0.02, 0.00
2025-11-16 01:13:36.948,91.2025, -3.2615, 358.3511, 0.90, 5.07, 8.05, -69.25, -35.06, -59.25, -0.00, -0.00, -0.00
2025-11-16 01:13:36.969,91.1854, -3.2581, 358.3554, 0.90, 5.07, 8.06, -69.56, -35.06, -59.25, 0.02, -0.01, -0.00
2025-11-16 01:13:36.990,91.1760, -3.2535, 358.3572, 0.98, 5.10, 7.98, -69.56, -35.06, -59.25, 0.04, -0.02, -0.01
2025-11-16 01:13:37.010,91.1713, -3.2512, 358.3581, 0.96, 5.12, 7.94, -69.56, -35.06, -59.25, -0.03, -0.00, -0.00
2025-11-16 01:13:37.033,91.1712, -3.2489, 358.3587, 0.98, 5.13, 8.01, -69.25, -35.06, -59.25, 0.00, 0.02, 0.00
2025-11-16 01:13:37.054,32.6630, -5.5757, 358.3549, 0.97, 5.14, 7.99, -69.25, -35.06, -59.25, 0.03, -0.01, -0.00
2025-11-16 01:13:37.073,32.6801, -5.5791, 358.3506, 0.96, 5.18, 7.94, -69.56, -34.25, -58.06, 0.00, -0.02, -0.01
2025-11-16 01:13:37.094,32.6851, -5.5860, 358.3484, 0.91, 5.15, 7.95, -69.56, -34.25, -58.06, 0.01, 0.02, 0.00
2025-11-16 01:13:37.112,32.6799, -5.5860, 358.3486, 0.90, 5.09, 8.00, -69.56, -34.25, -58.06, -0.06, 0.01, 0.00
2025-11-16 01:13:37.132,32.6656, -5.5849, 358.3500, 0.90, 5.04, 8.07, -70.38, -34.69, -57.25, -0.04, 0.03, 0.01
2025-11-16 01:13:37.153,32.6490, -5.5791, 358.3527, 0.92, 5.05, 8.09, -70.38, -34.69, -57.25, -0.02, -0.00, 0.00
2025-11-16 01:20:59.691,0.0000, 0.0000, 0.0000, 0.00, 0.00, 0.00, -69.25, -33.19, -60.38, -0.00, -0.00, -0.00
2025-11-16 01:20:59.714,0.0000, 0.0000, 0.0000, 0.87, 4.97, 8.00, -69.25, -33.19, -60.38, 0.00, 0.00, -0.00
2025-11-16 01:20:59.736,0.0000, 0.0000, 0.0000, 0.87, 4.97, 8.08, -69.25, -33.19, -60.38, -0.02, 0.00, 0.00
2025-11-16 01:20:59.758,89.9914, 0.0000, 0.0000, 0.86, 4.99, 8.10, -69.25, -33.19, -60.38, 0.00, -0.00, 0.00
2025-11-16 01:20:59.779,143.9885, 0.0000, 0.0000, 0.90, 5.03, 8.06, -69.25, -33.19, -60.38, 0.01, -0.00, -0.00
2025-11-16 01:20:59.802,150.3528, -1.0799, 71.6918, 0.90, 4.99, 8.08, -68.50, -33.88, -61.25, -0.01, -0.00, 0.00
2025-11-16 01:20:59.823,156.7196, -2.1598, 143.3835, 0.85, 4.99, 8.07, -68.50, -33.88, -61.25, 0.01, 0.00, -0.00
2025-11-16 01:20:59.844,163.0818, -3.2409, 215.0754, 0.86, 5.00, 8.07, -68.50, -33.56, -58.88, -0.02, 0.00, 0.00
2025-11-16 01:20:59.865,97.4509, -4.3219, 286.7673, 0.87, 4.98, 8.08, -68.50, -33.56, -58.88, 0.01, -0.01, -0.00
2025-11-16 01:20:59.885,31.8177, -5.4030, 358.4592, 0.89, 5.01, 8.07, -68.50, -33.56, -58.88, 0.00, -0.00, 0.00
2025-11-16 01:20:59.906,31.8157, -5.4041, 358.4593, 0.87, 4.99, 8.10, -68.06, -33.56, -59.25, -0.01, 0.00, -0.00
2025-11-16 01:20:59.927,31.8111, -5.4053, 358.4595, 0.89, 5.00, 8.03, -68.06, -33.56, -59.25, 0.00, -0.01, -0.00
2025-11-16 01:20:59.948,31.8111, -5.4053, 358.4595, 0.90, 5.00, 8.08, -68.88, -33.56, -58.38, -0.02, 0.00, 0.00
2025-11-16 01:20:59.969,31.8061, -5.4053, 358.4597, 0.88, 4.98, 8.09, -68.88, -33.56, -58.38, 0.01, -0.00, -0.00
2025-11-16 01:20:59.991,31.8081, -5.4041, 358.4596, 0.87, 5.02, 8.06, -68.50, -34.69, -59.56, 0.01, -0.00, -0.00
2025-11-16 01:21:00.013,31.8030, -5.4041, 358.4599, 0.87, 5.00, 8.08, -68.50, -34.69, -59.56, -0.02, 0.01, -0.00
2025-11-16 01:21:00.033,31.7979, -5.4041, 358.4601, 0.86, 4.98, 8.10, -68.50, -34.69, -59.56, 0.01, -0.00, -0.00
2025-11-16 01:21:00.054,31.7928, -5.4041, 358.4603, 0.90, 5.01, 8.10, -67.75, -34.25, -59.25, -0.01, -0.00, -0.00
2025-11-16 01:21:00.076,31.7928, -5.4041, 358.4603, 0.87, 4.96, 8.10, -67.75, -34.25, -59.25, 0.02, -0.00, -0.00
2025-11-16 01:21:00.097,31.7908, -5.4053, 358.4604, 0.87, 4.99, 8.07, -68.50, -35.06, -59.56, -0.01, 0.00, -0.00
2025-11-16 01:21:00.118,31.7908, -5.4053, 358.4604, 0.88, 5.01, 8.09, -68.50, -35.06, -59.56, -0.02, 0.00, 0.00
2025-11-16 01:21:00.138,31.7884, -5.4041, 358.4583, 0.87, 4.98, 8.09, -67.38, -33.56, -58.38, 0.02, 0.00, -0.00
2025-11-16 01:21:00.159,31.7859, -5.4030, 358.4562, 0.88, 4.99, 8.09, -67.38, -33.56, -58.38, -0.01, -0.01, 0.00
2025-11-16 01:21:00.179,31.7835, -5.4018, 358.4541, 0.88, 4.99, 8.08, -67.38, -33.56, -58.38, 0.01, -0.00, -0.00
2025-11-16 01:21:00.202,31.7759, -5.4007, 358.4523, 0.88, 5.03, 8.08, -68.50, -33.19, -59.56, 0.01, -0.00, -0.00
2025-11-16 01:21:00.224,31.7689, -5.3995, 358.4504, 0.89, 5.00, 8.11, -68.50, -33.19, -59.56, -0.02, 0.00, 0.00
2025-11-16 01:21:00.245,31.7644, -5.3995, 358.4506, 0.88, 5.00, 8.09, -67.75, -33.56, -59.25, 0.00, 0.00, -0.00
2025-11-16 01:21:00.266,31.7598, -5.3995, 358.4508, 0.89, 4.97, 8.07, -67.75, -33.56, -59.25, -0.01, -0.00, 0.00
2025-11-16 01:21:00.286,31.7553, -5.3995, 358.4511, 0.86, 3.72, 8.10, -68.06, -33.56, -58.88, 0.02, -0.01, -0.00
2025-11-16 01:21:00.307,31.7553, -5.3995, 358.4511, 0.87, 5.02, 8.03, -68.06, -33.56, -58.88, 0.02, -0.01, -0.00
2025-11-16 01:21:00.328,31.7624, -5.3995, 358.4507, 0.90, 5.04, 8.03, -68.06, -33.56, -58.88, 0.01, -0.01, -0.00
2025-11-16 01:21:00.350,31.7695, -5.3995, 358.4504, 0.90, 5.00, 8.03, -68.50, -33.88, -58.88, -0.01, 0.01, 0.00
2025-11-16 01:21:00.373,31.7693, -5.3972, 358.4510, 0.86, -322.72, 8.13, -68.50, -33.88, -58.88, -0.06, 0.02, 0.01
2025-11-16 01:21:00.391,31.7521, -5.3892, 358.4565, 0.85, 4.92, 8.15, -69.25, -33.19, -59.56, -0.04, 0.02, 0.00
2025-11-16 01:21:00.413,31.7277, -5.3811, 358.4624, 0.85, 4.96, 8.14, -69.25, -33.19, -59.56, 0.02, -0.01, -0.00
2025-11-16 01:21:00.432,31.7153, -5.3765, 358.4642, 0.86, 5.01, 8.05, -69.25, -33.19, -59.56, 0.06, -0.03, -0.01
2025-11-16 01:21:00.451,31.7106, -5.3742, 358.4651, 0.89, 5.07, 7.98, -68.06, -33.56, -59.56, 0.05, -0.02, -0.01
2025-11-16 01:21:00.474,31.7230, -5.3788, 358.4633, 0.88, 5.05, 8.00, -68.06, -33.56, -59.56, -0.01, 0.01, 0.00
2025-11-16 01:21:00.493,31.7402, -5.3846, 358.4584, -326.80, 5.00, 8.07, -67.75, -34.69, -59.25, -0.06, 0.02, 0.01
2025-11-16 01:21:00.514,31.7455, -5.3869, 358.4553, 0.88, 4.94, 8.11, -67.75, -34.69, -59.25, -0.06, 0.02, 0.01
2025-11-16 01:21:00.534,31.7336, -5.3834, 358.4571, 0.86, 4.92, 8.17, -67.75, -34.69, -59.25, -0.00, 0.00, 0.00
2025-11-16 01:21:00.556,31.7167, -5.3800, 358.4592, 0.87, 4.92, 8.12, -68.88, -32.75, -58.88, 0.05, -0.02, -0.00
2025-11-16 01:21:00.578,31.7017, -5.3754, 358.4611, 0.88, 5.00, 8.05, -68.88, -32.75, -58.88, 0.02, -0.01, -0.01
2025-11-16 01:21:00.599,31.7017, -5.3754, 358.4611, 0.88, 5.05, 8.07, -68.06, -33.56, -60.00, 0.00, 0.00, -0.00
2025-11-16 01:21:00.625,31.7161, -5.3788, 358.4592, 0.90, 5.02, 8.07, -68.06, -33.56, -60.00, -0.01, 0.00, 0.00
2025-11-16 01:21:00.646,31.7332, -5.3846, 358.4565, 0.88, 5.04, 8.07, -68.88, -33.56, -58.88, -0.02, 0.00, 0.00
2025-11-16 01:21:00.667,31.7425, -5.3880, 358.4548, 0.90, 4.96, 8.08, -68.88, -33.56, -58.88, -0.03, 0.01, 0.00
2025-11-16 01:21:00.688,31.7328, -5.3857, 358.4559, 0.87, 4.96, 8.14, -67.38, -33.19, -59.25, -0.02, 0.01, 0.00
2025-11-16 01:21:00.711,31.7185, -5.3834, 358.4572, 0.87, 4.97, 8.12, -67.38, -33.19, -59.25, 0.00, -0.00, -0.00
2025-11-16 01:21:00.731,31.7062, -5.3811, 358.4584, 0.87, 5.00, 8.08, -67.38, -33.19, -59.25, 0.04, -0.01, -0.00
2025-11-16 01:21:00.750,31.7039, -5.3834, 358.4556, 0.88, 5.05, 8.02, -68.50, -33.56, -58.88, 0.03, -0.02, -0.00
2025-11-16 01:21:00.772,31.7113, -5.3869, 358.4518, 0.88, 5.02, 8.04, -68.50, -33.56, -58.88, -0.01, 0.00, 0.00
2025-11-16 01:21:00.791,31.7212, -5.3915, 358.4479, 0.90, 5.00, 8.05, -68.06, -34.25, -58.38, -0.03, 0.02, 0.00
2025-11-16 01:21:00.813,31.7283, -5.3915, 358.4476, 0.88, 4.98, 8.10, -68.06, -34.25, -58.38, -0.04, 0.01, 0.00
2025-11-16 01:21:00.833,31.7264, -5.3915, 358.4455, 0.86, 4.94, 8.13, -68.06, -34.25, -58.38, 0.00, -0.00, -0.00
2025-11-16 01:21:00.855,31.7190, -5.3869, 358.4493, 0.88, 4.98, 8.10, -67.75, -32.75, -58.88, 0.02, -0.01, -0.00
2025-11-16 01:21:00.876,31.7089, -5.3811, 358.4538, 0.87, 5.01, 8.05, -67.75, -32.75, -58.88, 0.01, -0.00, -0.00
2025-11-16 01:21:00.898,31.7035, -5.3765, 358.4575, 0.90, 5.03, 8.13, -68.50, -34.69, -58.88, 0.00, 0.00, -0.00
2025-11-16 01:21:00.921,31.7030, -5.3765, 358.4575, 0.90, 5.04, 8.08, -68.50, -34.69, -58.88, -0.01, 0.00, -0.00
2025-11-16 01:21:00.945,31.7094, -5.3765, 358.4594, 0.88, 5.04, 8.11, -68.06, -34.25, -60.06, -0.00, 0.00, 0.00
2025-11-16 01:21:00.964,31.7120, -5.3765, 358.4593, 0.87, 5.01, 8.09, -68.06, -34.25, -60.06, -0.01, 0.00, 0.00
2025-11-16 01:21:00.982,31.7074, -5.3765, 358.4595, 0.87, 5.01, 8.14, -68.06, -34.25, -60.06, -0.02, 0.00, 0.00
2025-11-16 01:21:01.002,31.7010, -5.3765, 358.4576, 0.85, 5.02, 8.16, -68.88, -33.19, -60.06, 0.00, -0.00, -0.00
2025-11-16 01:21:01.022,68.1029, -5.3811, 288.6870, 0.91, 5.02, 8.14, -68.88, -33.19, -60.06, 0.02, -0.01, -0.00
2025-11-16 01:21:01.040,68.1035, -5.3811, 288.6870, 0.89, 5.06, 8.11, -67.75, -33.56, -58.88, 0.02, -0.01, -0.01
2025-11-16 01:21:01.061,68.1080, -5.3811, 288.6868, 0.90, 5.05, 8.08, -67.75, -33.56, -58.88, 0.00, 0.00, -0.00
2025-11-16 01:21:01.081,68.1151, -5.3811, 288.6865, 0.88, 5.03, 8.11, -67.75, -33.56, -58.88, -0.03, 0.01, 0.00
2025-11-16 01:21:01.099,68.1196, -5.3811, 288.6884, 0.85, 5.00, 8.16, -67.75, -33.56, -58.38, -0.03, 0.01, 0.00
2025-11-16 01:21:01.119,31.7085, -5.3765, 358.4595, 0.85, 5.00, 8.15, -67.75, -33.56, -58.38, -0.01, 0.00, 0.00
2025-11-16 01:21:01.139,31.6989, -5.3765, 358.4600, 0.86, 5.01, 8.12, -68.50, -33.88, -58.88, 0.01, -0.00, -0.00
2025-11-16 01:21:01.159,31.6898, -5.3765, 358.4604, 0.89, 5.04, 8.14, -68.50, -33.88, -58.88, 0.02, -0.01, -0.00
2025-11-16 01:21:01.179,31.6853, -5.3788, 358.4600, 0.87, 5.02, 8.13, -68.50, -33.88, -58.88, 0.01, -0.00, -0.00
2025-11-16 01:21:01.198,31.6854, -5.3811, 358.4594, 0.88, 5.07, 8.08, -68.06, -33.88, -59.69, 0.00, -0.00, -0.00
2025-11-16 01:21:01.219,31.6927, -5.3834, 358.4584, 0.90, 5.04, 8.09, -68.06, -33.88, -59.69, -0.02, 0.00, 0.00
2025-11-16 01:21:01.238,31.6954, -5.3857, 358.4555, 0.87, 5.03, 8.12, -68.50, -33.88, -59.25, -0.01, 0.00, 0.00
2025-11-16 01:21:01.259,31.6931, -5.3880, 358.4527, 0.88, 5.01, 8.14, -68.50, -33.88, -59.25, -0.02, 0.00, 0.00
2025-11-16 01:21:01.280,31.6861, -5.3880, 358.4509, 0.87, 4.99, 8.17, -68.50, -33.88, -59.25, -0.01, 0.00, 0.00
2025-11-16 01:21:01.299,31.6791, -5.3880, 358.4490, 0.88, 5.02, 8.12, -68.06, -34.69, -60.06, 0.01, -0.00, -0.00
2025-11-16 01:30:45.731,0.0000, 0.0000, 0.0000, 0.00, 0.00, 0.00, 0.00, 0.00, 0.00, -0.00, -0.00, 0.00
2025-11-16 01:30:45.756,0.0000, 0.0000, 0.0000, 1.19, 6.69, 7.07, -69.25, -46.56, -53.06, -0.02, 0.01, 0.00
2025-11-16 01:30:45.780,0.0000, 0.0000, 0.0000, 1.15, 6.49, 6.98, -69.25, -46.56, -53.06, -0.03, 0.00, 0.00
2025-11-16 01:30:45.804,89.9914, 0.0000, 0.0000, 1.13, 6.45, 6.98, -69.25, -46.56, -53.06, -0.00, -0.00, 0.00
2025-11-16 01:30:45.825,80.4853, -1.3634, 71.4674, 1.13, 6.40, 7.05, -69.25, -46.56, -53.06, -0.02, 0.01, 0.00
2025-11-16 01:30:45.848,88.9726, -2.7268, 142.9350, 1.10, 6.41, 7.05, -68.88, -44.25, -53.06, -0.01, 0.01, 0.00
2025-11-16 01:30:45.869,97.4599, -4.0902, 214.4027, 1.13, 6.42, 7.03, -68.88, -44.25, -53.06, 0.02, -0.01, -0.00
2025-11-16 01:30:45.891,105.9548, -5.4537, 285.8700, 1.18, 6.46, 6.96, -68.50, -44.25, -52.75, 0.05, -0.02, -0.01
2025-11-16 01:30:45.912,42.4665, -6.8205, 357.3349, 1.15, 6.48, 6.92, -68.50, -44.25, -52.75, 0.03, -0.01, -0.01
2025-11-16 01:30:45.933,42.4819, -6.8240, 357.3323, 1.13, 6.46, 6.98, -69.25, -45.06, -51.56, -0.03, 0.01, 0.00
2025-11-16 01:30:45.956,42.4897, -6.8263, 357.3310, 1.12, 6.45, 7.01, -69.25, -45.06, -51.56, -0.06, 0.02, 0.01
2025-11-16 01:30:45.977,42.4847, -6.8240, 357.3322, 1.10, 6.40, 7.07, -69.25, -45.06, -51.56, -0.02, 0.01, 0.00
2025-11-16 01:30:45.999,42.4694, -6.8217, 357.3339, 1.15, 6.40, 7.11, -69.25, -43.88, -51.88, 0.04, -0.01, -0.01
2025-11-16 01:30:46.022,42.4542, -6.8205, 357.3356, 1.14, 6.45, 6.98, -69.25, -43.88, -51.88, 0.06, -0.02, -0.01
2025-11-16 01:30:46.043,42.4488, -6.8205, 357.3359, 1.15, 6.49, 6.96, -69.25, -44.69, -51.56, 0.01, -0.01, -0.00
2025-11-16 01:30:46.065,42.4538, -6.8217, 357.3348, 1.13, 6.47, 6.96, -69.25, -44.69, -51.56, -0.03, 0.01, 0.00
2025-11-16 01:30:46.083,42.4613, -6.8286, 357.3318, 1.13, 6.44, 7.01, -69.56, -45.38, -52.75, -0.04, 0.01, 0.00
2025-11-16 01:30:46.105,42.4668, -6.8344, 357.3269, 1.14, 6.43, 7.01, -69.56, -45.38, -52.75, -0.01, 0.01, 0.00
2025-11-16 01:30:46.125,42.4650, -6.8355, 357.3240, 1.13, 6.42, 7.03, -69.56, -45.38, -52.75, 0.01, -0.01, -0.01
2025-11-16 01:30:46.148,42.4507, -6.8355, 357.3227, 1.12, 6.43, 7.04, -68.88, -45.38, -52.38, 0.00, -0.00, -0.00
2025-11-16 01:30:46.171,42.4385, -6.8355, 357.3213, 1.15, 6.44, 7.01, -68.88, -45.38, -52.38, -0.00, 0.00, 0.00
2025-11-16 01:30:46.194,42.4364, -6.8355, 357.3215, 1.16, 6.46, 6.99, -69.25, -44.38, -52.75, 0.00, -0.01, -0.00
2025-11-16 01:30:46.215,42.4411, -6.8367, 357.3233, 1.15, 6.45, 6.96, -69.25, -44.38, -52.75, 0.01, -0.00, -0.00
2025-11-16 01:30:46.236,42.4431, -6.8379, 357.3253, 1.14, 6.44, 6.99, -69.25, -45.38, -52.38, -0.01, -0.00, 0.00
2025-11-16 01:30:46.257,42.4431, -6.8379, 357.3253, 1.15, 6.44, 7.00, -69.25, -45.38, -52.38, -0.03, 0.01, 0.00
2025-11-16 01:30:46.277,42.4355, -6.8390, 357.3279, 1.13, 6.43, 7.04, -69.25, -45.38, -52.38, -0.02, 0.01, 0.00
2025-11-16 01:30:46.298,42.4281, -6.8379, 357.3262, 1.16, 6.43, 7.03, -68.06, -44.25, -51.88, 0.01, -0.00, -0.00
2025-11-16 01:30:46.321,42.4185, -6.8379, 357.3268, 1.13, 6.45, 7.02, -68.06, -44.25, -51.88, 0.03, -0.01, -0.01
2025-11-16 01:30:46.342,42.4164, -6.8379, 357.3270, 1.13, 6.47, 6.99, -68.88, -44.69, -51.88, 0.02, -0.01, -0.01
2025-11-16 01:30:46.366,42.4184, -6.8390, 357.3290, 1.14, 6.46, 7.01, -68.88, -44.69, -51.88, -0.00, -0.00, -0.00
2025-11-16 01:30:46.387,42.4259, -6.8390, 357.3285, 1.13, 6.44, 7.00, -69.25, -45.75, -51.56, -0.03, 0.01, 0.00
2025-11-16 01:30:46.408,42.4259, -6.8390, 357.3285, 1.14, 6.44, 7.01, -69.25, -45.75, -51.56, -0.02, 0.01, 0.00
2025-11-16 01:30:46.428,42.4260, -6.8379, 357.3264, 1.15, 6.42, 7.03, -69.25, -45.75, -51.56, 0.00, -0.00, -0.00
2025-11-16 01:30:46.451,42.4186, -6.8367, 357.3247, 1.13, 6.44, 7.04, -69.56, -45.06, -52.38, 0.01, -0.01, -0.00
2025-11-16 01:30:46.472,42.4091, -6.8355, 357.3231, 1.13, 6.45, 7.01, -69.56, -45.06, -52.38, 0.01, -0.01, -0.00
2025-11-16 01:30:46.496,42.4044, -6.8344, 357.3213, 1.15, 6.44, 6.99, -70.00, -45.75, -52.00, 0.00, -0.00, -0.00
2025-11-16 01:30:46.525,42.4071, -6.8344, 357.3211, 1.13, 6.48, 7.00, -70.00, -45.75, -52.00, -0.01, -0.00, 0.00
2025-11-16 01:30:46.546,42.4098, -6.8344, 357.3210, 1.17, 6.45, 7.00, -69.25, -45.06, -51.56, -0.01, 0.00, 0.00
2025-11-16 01:30:46.566,42.4098, -6.8344, 357.3210, 0.00, 0.00, 0.00, -69.25, -45.06, -51.56, -0.01, 0.00, 0.00
2025-11-16 01:30:46.587,42.4077, -6.8344, 357.3211, 1.15, 6.43, 7.05, -69.25, -45.06, -52.38, -0.01, 0.00, 0.00
2025-11-16 01:30:46.608,42.4029, -6.8344, 357.3214, 1.13, 6.41, 7.01, -69.25, -45.06, -52.38, 0.02, -0.01, -0.00
2025-11-16 01:30:46.628,42.4002, -6.8344, 357.3215, 1.15, 6.46, 7.02, -69.25, -45.06, -52.38, 0.01, -0.00, -0.00
2025-11-16 01:30:46.650,42.3975, -6.8344, 357.3217, 1.13, 6.47, 7.02, -68.88, -45.06, -52.75, 0.01, -0.00, -0.00
2025-11-16 01:30:46.672,42.3996, -6.8344, 357.3216, 1.12, 6.44, 7.00, -68.88, -45.06, -52.75, -0.01, -0.00, 0.00
2025-11-16 01:30:46.696,42.4017, -6.8344, 357.3214, 1.11, 6.43, 7.00, -68.88, -45.38, -52.75, -0.01, 0.00, 0.00
2025-11-16 01:30:46.718,42.4038, -6.8344, 357.3213, 1.15, 6.44, 7.00, -68.88, -45.38, -52.75, -0.00, -0.00, -0.00
2025-11-16 01:30:46.739,42.4038, -6.8344, 357.3213, 1.12, 6.44, 7.04, -68.06, -46.19, -52.00, -0.01, 0.00, -0.00
2025-11-16 01:30:46.761,42.4017, -6.8344, 357.3214, 1.14, 6.44, 7.00, -68.06, -46.19, -52.00, 0.01, 0.00, -0.00
2025-11-16 01:30:46.783,42.3975, -6.8344, 357.3217, 1.13, 6.44, 7.01, -68.06, -45.06, -52.00, -0.01, -0.00, -0.00
2025-11-16 01:30:46.804,42.3954, -6.8344, 357.3218, 1.14, 6.48, 7.01, -68.06, -45.06, -52.00, 0.01, -0.00, -0.00
2025-11-16 01:30:46.825,42.3954, -6.8344, 357.3218, 1.12, 6.46, 6.98, -68.06, -45.06, -52.00, 0.02, -0.01, -0.01
2025-11-16 01:30:46.848,42.3954, -6.8344, 357.3218, 1.13, 6.46, 7.00, -69.25, -45.75, -50.75, -0.01, 0.00, 0.00
2025-11-16 01:30:46.871,42.3954, -6.8344, 357.3218, 1.13, 6.42, 6.98, -69.25, -45.75, -50.75, -0.02, 0.01, 0.00
2025-11-16 01:30:46.893,42.3900, -6.8344, 357.3221, 1.14, 6.42, 7.07, -69.25, -46.19, -52.38, -0.03, 0.01, 0.00
2025-11-16 01:30:46.916,42.3798, -6.8344, 357.3227, 1.13, 6.41, 7.03, -69.25, -46.19, -52.38, 0.00, 0.00, -0.00
2025-11-16 01:30:46.934,42.3723, -6.8344, 357.3232, 1.14, 6.46, 7.06, -68.50, -45.06, -52.38, 0.02, -0.01, -0.01
2025-11-16 01:30:46.956,42.3675, -6.8344, 357.3235, 1.16, 6.48, 7.02, -68.50, -45.06, -52.38, 0.01, -0.00, -0.00
2025-11-16 01:30:46.976,42.3675, -6.8344, 357.3235, 1.13, 6.50, 7.00, -68.50, -45.06, -52.38, 0.00, -0.00, -0.00
2025-11-16 01:30:46.998,42.3702, -6.8344, 357.3233, 1.15, 6.51, 7.01, -68.06, -45.38, -51.56, -0.02, 0.00, 0.00
2025-11-16 01:30:47.021,42.3750, -6.8344, 357.3230, 1.12, 6.46, 7.06, -68.06, -45.38, -51.56, -0.02, 0.00, 0.00
2025-11-16 01:30:47.046,42.3702, -6.8344, 357.3233, 1.13, 6.45, 7.02, -68.88, -45.38, -52.00, -0.01, 0.00, -0.00
2025-11-16 01:30:47.069,42.3633, -6.8344, 357.3238, 1.13, 6.43, 7.09, -68.88, -45.38, -52.00, 0.01, 0.00, -0.00
2025-11-16 01:30:47.091,42.3558, -6.8344, 357.3242, 1.13, 6.45, 7.02, -69.25, -45.06, -51.56, 0.01, -0.01, -0.00
2025-11-16 01:30:47.114,42.3504, -6.8344, 357.3245, 1.14, 6.47, 7.04, -69.25, -45.06, -51.56, 0.01, -0.00, -0.00
2025-11-16 01:30:47.136,42.3477, -6.8344, 357.3246, 1.14, 6.47, 7.04, -70.38, -44.75, -52.00, 0.00, 0.00, -0.00
2025-11-16 01:30:47.158,42.3504, -6.8344, 357.3245, 1.13, 6.47, 7.02, -70.38, -44.75, -52.00, -0.02, 0.00, -0.00
2025-11-16 01:30:47.178,42.3477, -6.8355, 357.3246, 1.13, 6.45, 7.05, -70.38, -44.75, -52.00, -0.02, 0.00, 0.00
2025-11-16 01:30:47.202,42.3402, -6.8367, 357.3251, 1.13, 6.44, 7.09, -68.88, -45.06, -51.19, -0.01, 0.00, 0.00
2025-11-16 01:30:47.225,42.3306, -6.8379, 357.3257, 1.12, 6.45, 7.08, -68.88, -45.06, -51.19, -0.00, -0.00, 0.00
2025-11-16 01:30:47.248,42.3287, -6.8402, 357.3250, 1.17, 6.54, 7.00, -70.75, -45.38, -52.00, 0.08, -0.03, -0.01
2025-11-16 01:30:47.270,42.3439, -6.8448, 357.3173, 1.20, 6.53, 6.91, -70.75, -45.38, -52.00, 0.04, -0.02, -0.01
2025-11-16 01:30:47.292,42.3662, -6.8506, 357.3083, 1.12, 6.48, 6.97, -70.00, -44.69, -50.75, -0.06, 0.03, 0.01
2025-11-16 01:30:47.314,42.3713, -6.8517, 357.3050, 1.09, 6.37, 7.16, -70.00, -44.69, -50.75, -0.15, 0.05, 0.02
2025-11-16 01:30:47.332,42.3391, -6.8471, 357.3137, 1.10, 6.35, 7.25, -69.56, -46.19, -52.75, -0.08, 0.02, 0.01
2025-11-16 01:30:47.350,42.3391, -6.8471, 357.3137, 1.14, 6.43, 7.10, -69.56, -46.19, -52.75, 0.09, -0.03, -0.02
2025-11-16 01:30:47.372,42.3266, -6.8459, 357.3153, 1.17, 6.51, 7.00, -69.56, -46.19, -52.75, 0.16, -0.06, -0.03
2025-11-16 01:30:47.390,42.3290, -6.8471, 357.3122, 1.20, 6.57, 6.91, -69.25, -45.38, -52.00, 0.12, -0.03, -0.02
2025-11-16 01:30:47.412,42.3501, -6.8482, 357.3029, 1.16, 6.61, 6.86, -69.25, -45.38, -52.00, -0.05, 0.01, 0.01
2025-11-16 01:30:47.431,42.3727, -6.8494, 357.2955, 1.12, 6.45, 7.06, -69.25, -44.38, -51.19, -0.16, 0.06, 0.02
2025-11-16 01:30:47.452,42.3974, -6.8506, 357.2860, 1.13, 6.38, 7.14, -69.25, -44.38, -51.19, -0.12, 0.04, 0.02
2025-11-16 01:30:47.473,42.3740, -6.8425, 357.2928, 1.11, 6.37, 7.22, -69.25, -44.38, -51.19, -0.00, -0.00, 0.00
2025-11-16 01:30:47.491,42.3237, -6.8309, 357.3081, 1.11, 6.40, 7.14, -69.56, -44.69, -51.56, 0.11, -0.04, -0.02
2025-11-16 01:30:47.510,42.2804, -6.8217, 357.3221, 1.15, 6.52, 6.92, -69.56, -44.69, -51.56, 0.11, -0.04, -0.02
2025-11-16 01:30:47.530,42.2729, -6.8217, 357.3225, 1.18, 6.53, 6.91, -68.88, -44.75, -52.75, 0.01, -0.01, -0.00
2025-11-16 01:30:47.551,42.3033, -6.8275, 357.3131, 1.19, 6.52, 6.97, -68.88, -44.75, -52.75, -0.04, 0.01, 0.00
2025-11-16 01:30:47.571,42.3470, -6.8344, 357.2978, 1.16, 6.50, 7.04, -68.88, -44.75, -52.75, -0.06, 0.02, 0.01
2025-11-16 01:30:47.589,42.3725, -6.8379, 357.2874, 1.10, 6.43, 7.11, -69.25, -44.75, -52.38, -0.05, 0.02, 0.01
2025-11-16 01:30:47.609,42.3619, -6.8332, 357.2896, 1.12, 6.40, 7.08, -69.25, -44.75, -52.38, -0.02, 0.15, -0.00
2025-11-16 01:30:47.628,42.3266, -6.8252, 357.2981, 1.10, 6.39, 7.15, -69.25, -44.75, -52.38, -0.01, 0.00, -0.00
2025-11-16 01:30:47.649,42.2913, -6.8171, 357.3065, 1.15, 6.42, 7.11, -70.00, -45.75, -51.56, 0.05, -0.02, -0.01
2025-11-16 01:30:47.669,42.2788, -6.8148, 357.3080, 1.18, 6.49, 7.00, -70.00, -45.75, -51.56, 0.08, -0.03, -0.01
2025-11-16 01:30:47.686,42.2967, -6.8194, 357.3002, 1.16, 6.55, 6.94, -69.25, -45.75, -53.19, 0.04, -0.02, -0.01
2025-11-16 01:30:47.706,42.3302, -6.8275, 357.2876, 1.16, 6.54, 6.92, -69.25, -45.75, -53.19, 0.01, -0.00, -0.00
2025-11-16 01:30:47.724,42.3585, -6.8332, 357.2784, 1.15, 6.49, 7.01, -69.25, -45.75, -53.19, -0.07, 0.03, 0.01
2025-11-16 01:30:47.748,42.3636, -6.8344, 357.2751, 1.12, 6.40, 7.18, -69.56, -45.38, -51.56, -0.08, 0.03, 0.01
2025-11-16 01:30:47.768,42.3383, -6.8298, 357.2812, 1.10, 6.36, 7.15, -69.56, -45.38, -51.56, 0.01, -0.00, -0.00
2025-11-16 01:30:47.786,42.3001, -6.8229, 357.2941, 1.10, 6.43, 7.09, -69.56, -45.38, -51.25, 0.04, -0.02, -0.01
2025-11-16 01:30:47.806,42.2721, -6.8182, 357.3004, 1.14, 6.49, 6.98, -69.56, -45.38, -51.25, 0.09, -0.03, -0.02
2025-11-16 01:30:47.823,42.2771, -6.8171, 357.2958, 1.20, 6.55, 6.91, -69.56, -45.38, -51.25, 0.08, -0.03, -0.01
2025-11-16 01:30:47.841,42.3103, -6.8217, 357.2840, 1.17, 6.55, 6.92, -69.25, -46.19, -50.75, -0.02, 0.00, 0.00
2025-11-16 01:30:47.861,42.3534, -6.8286, 357.2688, 1.11, 6.45, 7.02, -69.25, -46.19, -50.75, -0.07, 0.02, 0.01
2025-11-16 01:30:47.878,42.3740, -6.8298, 357.2595, 1.11, 6.46, 7.06, -69.25, -46.19, -50.75, -0.08, 0.02, 0.01
2025-11-16 01:30:47.899,42.3620, -6.8252, 357.2597, 1.12, 6.42, 7.16, -69.56, -46.19, -51.56, -0.03, 0.01, 0.00
2025-11-16 01:30:47.919,42.3242, -6.8182, 357.2674, 1.13, 6.38, 7.12, -69.56, -46.19, -51.56, 0.05, -0.02, -0.01
2025-11-16 01:30:47.937,42.2942, -6.8125, 357.2717, 1.16, 6.43, 6.98, -68.88, -45.75, -52.00, 0.03, -0.04, -0.01
2025-11-16 01:30:47.958,42.2774, -6.8136, 357.2698, 1.18, 6.57, 6.97, -68.88, -45.75, -52.00, 0.03, -0.03, -0.01
2025-11-16 01:30:47.975,42.2803, -6.8182, 357.2628, 1.15, 6.53, 7.06, -68.88, -45.75, -52.00, -0.03, 0.02, 0.00
2025-11-16 01:30:47.994,42.2857, -6.8263, 357.2540, 1.19, 6.43, 7.08, -68.88, -45.06, -51.56, -0.08, -0.04, 0.00
2025-11-16 01:30:48.013,42.3019, -6.8344, 357.2446, 1.11, 6.54, 6.90, -68.88, -45.06, -51.56, 0.05, 0.04, -0.00
2025-11-16 01:30:48.031,42.2972, -6.8402, 357.2403, 1.14, 6.40, 7.21, -69.56, -44.38, -52.38, -0.05, 0.01, 0.01
2025-11-16 01:30:48.050,42.2842, -6.8344, 357.2457, 1.12, 6.39, 7.05, -69.56, -44.38, -52.38, -0.01, -0.02, -0.01
2025-11-16 01:30:48.071,42.2667, -6.8309, 357.2484, 1.15, 6.47, 7.10, -69.56, -44.38, -52.38, 0.01, 0.01, 0.00
2025-11-16 01:30:48.089,42.2567, -6.8275, 357.2507, 1.17, 6.45, 7.17, -69.25, -45.06, -52.00, -0.02, -0.01, -0.00
2025-11-16 01:30:48.109,42.2488, -6.8240, 357.2528, 1.16, 6.39, 7.00, -69.25, -45.06, -52.00, 0.09, -0.02, -0.01
2025-11-16 01:30:48.128,42.2588, -6.8217, 357.2530, 1.15, 6.53, 6.98, -69.25, -45.06, -52.00, -0.05, -0.01, 0.00
2025-11-16 01:30:48.148,42.2614, -6.8252, 357.2491, 1.16, 6.46, 7.11, -68.88, -46.19, -52.38, 0.06, 0.01, -0.00
2025-11-16 01:30:48.168,42.2768, -6.8286, 357.2465, 1.11, 6.51, 6.92, -68.88, -46.19, -52.38, -0.05, 0.01, 0.00
2025-11-16 01:30:48.186,42.2816, -6.8286, 357.2462, 1.12, 6.44, 7.04, -68.88, -44.75, 1994.81, -0.09, 0.03, 0.01
2025-11-16 01:30:48.205,42.2636, -6.8275, 357.2502, 1.12, 6.38, 7.10, -68.88, -44.75, -53.19, -0.03, 0.02, 0.00
2025-11-16 01:30:48.223,42.2463, -6.8263, 357.2521, 1.15, 6.68, 7.11, -68.88, -44.75, -53.19, 0.04, -0.02, -0.01
2025-11-16 01:38:43.295,0.0000, 0.0000, 0.0000, 0.00, 0.00, 0.00, -69.25, -46.25, -52.06, 0.02, -0.00, -0.00
2025-11-16 01:38:43.317,0.0000, 0.0000, 0.0000, 1.12, 6.65, 6.68, -69.25, -46.25, -52.06, -0.05, 0.01, 0.00
2025-11-16 01:38:43.339,0.0000, 0.0000, 0.0000, 1.14, 6.66, 6.77, -69.25, -46.25, -52.06, -0.04, 0.02, 0.00
2025-11-16 01:38:43.362,89.9742, 0.0086, 90.0000, 1.16, 6.60, 6.87, -69.25, -46.25, -52.06, -0.07, 0.02, 0.01
2025-11-16 01:38:43.386,143.9427, 0.0183, 144.0000, 1.20, 6.56, 6.96, -69.25, -46.25, -52.06, -0.02, 0.01, 0.00
2025-11-16 01:38:43.410,152.6783, -1.4178, 215.4263, 1.22, 6.60, 6.83, -68.50, -44.75, -52.19, 0.02, -0.02, -0.01
2025-11-16 01:38:43.432,161.4160, -2.8540, 286.8524, 1.19, 6.60, 6.85, -68.50, -44.75, -52.19, 0.03, -0.01, -0.00
2025-11-16 01:38:43.454,170.1643, -4.2924, 358.2771, 1.14, 6.67, 6.75, -68.88, -45.50, -51.38, 0.05, -0.01, -0.01
2025-11-16 01:38:43.475,106.9401, -5.7366, 357.7013, 1.14, 6.69, 6.77, -68.88, -45.50, -51.38, -0.01, -0.01, -0.00
2025-11-16 01:38:43.497,43.7324, -7.1842, 357.1264, 1.16, 6.68, 6.78, -69.25, -45.88, -51.75, -0.02, 0.01, 0.01
2025-11-16 01:38:43.518,43.7448, -7.1842, 357.1256, 1.17, 6.60, 6.80, -69.25, -45.88, -51.75, -0.07, 0.02, 0.01
2025-11-16 01:38:43.539,43.7403, -7.1819, 357.1268, 1.18, 6.56, 6.93, -69.25, -45.88, -51.75, -0.02, 0.01, 0.00
2025-11-16 01:38:43.563,43.7254, -7.1773, 357.1295, 1.20, 6.61, 6.85, -69.25, -45.88, -51.75, 0.03, -0.01, -0.01
2025-11-16 01:38:43.585,43.7106, -7.1761, 357.1313, 1.20, 6.63, 6.81, -69.25, -45.88, -51.75, 0.05, -0.02, -0.01
2025-11-16 01:38:43.606,43.7189, -7.1784, 357.1248, 1.15, 6.69, 6.77, -69.25, -45.88, -50.19, 0.07, -0.02, -0.01
2025-11-16 01:38:43.628,43.7370, -7.1819, 357.1168, 1.13, 6.68, 6.72, -69.25, -45.88, -50.19, -0.06, 0.02, 0.01
2025-11-16 01:38:43.647,43.7568, -7.1819, 357.1104, 1.14, 6.61, 6.84, -69.25, -46.25, -50.88, -0.06, 0.02, 0.01
2025-11-16 01:38:43.667,43.7640, -7.1796, 357.1057, 1.18, 6.60, 6.85, -69.25, -46.25, -50.88, -0.05, 0.02, 0.01
2025-11-16 01:38:43.688,43.7568, -7.1738, 357.1036, 1.18, 6.57, 6.92, -69.25, -46.25, -50.88, 0.02, -0.02, -0.01
2025-11-16 01:38:43.709,43.7362, -7.1669, 357.1075, 1.20, 6.58, 6.85, -69.25, -47.00, -50.19, 0.07, -0.02, -0.01
2025-11-16 01:38:43.731,43.7261, -7.1634, 357.1098, 1.19, 6.64, 6.79, -69.25, -47.00, -50.19, 0.01, -0.02, -0.00
2025-11-16 01:38:43.754,43.7315, -7.1669, 357.1057, 1.15, 6.65, 6.77, -69.25, -45.50, -50.56, 0.02, 0.01, -0.00
2025-11-16 01:38:43.775,43.7444, -7.1704, 357.1010, 1.16, 6.66, 6.81, -69.25, -45.50, -50.56, -0.05, 0.01, 0.01
2025-11-16 01:38:43.794,43.7574, -7.1738, 357.0963, 1.14, 6.59, 6.85, -69.25, -45.50, -51.38, -0.03, 0.01, 0.00
2025-11-16 01:38:43.816,43.7625, -7.1750, 357.0930, 1.16, 6.61, 6.81, -69.25, -45.50, -51.38, 0.02, -0.00, -0.00
2025-11-16 01:38:43.835,43.7521, -7.1715, 357.0924, 1.18, 6.61, 6.81, -69.25, -45.50, -51.38, -0.01, -0.00, -0.00
2025-11-16 01:38:43.856,43.7393, -7.1669, 357.0949, 1.19, 6.60, 6.82, -70.00, -46.25, -51.38, 0.01, -0.00, -0.00
2025-11-16 01:38:43.878,43.7321, -7.1657, 357.0962, 1.21, 6.60, 6.81, -70.00, -46.25, -51.38, -0.02, -0.00, -0.00
2025-11-16 01:38:43.900,43.7294, -7.1657, 357.0964, 1.17, 6.63, 6.88, -68.88, -45.88, -51.00, 0.03, -0.01, -0.00
2025-11-16 01:38:43.924,43.7321, -7.1657, 357.0962, 1.13, 6.64, 6.78, -68.88, -45.88, -51.00, 0.02, -0.01, -0.00
2025-11-16 01:38:43.946,43.7424, -7.1657, 357.0956, 1.17, 6.62, 6.82, -70.00, -45.50, -51.38, 0.00, -0.00, -0.00
2025-11-16 01:38:43.967,43.7506, -7.1657, 357.0951, 1.18, 6.63, 6.82, -70.00, -45.50, -51.38, -0.05, 0.02, 0.01
2025-11-16 01:38:43.987,43.7449, -7.1634, 357.0963, 1.23, 6.58, 6.86, -70.00, -45.50, -51.38, -0.06, 0.02, 0.00
2025-11-16 01:38:44.007,43.7371, -7.1611, 357.0977, 1.19, 6.59, 6.86, -69.25, -47.69, -51.38, 0.02, -0.00, -0.00
2025-11-16 01:38:44.029,43.7239, -7.1600, 357.0993, 1.17, 6.61, 6.84, -69.25, -47.69, -51.38, 0.03, -0.02, -0.01
2025-11-16 01:38:44.048,43.7163, -7.1600, 357.0998, 1.17, 6.63, 6.81, -69.25, -47.38, -49.75, 0.06, -0.02, -0.01
2025-11-16 01:38:44.069,43.7233, -7.1600, 357.0993, 1.15, 6.69, 6.76, -69.25, -47.38, -49.75, 0.00, -0.00, -0.00
2025-11-16 01:38:44.089,43.7408, -7.1611, 357.0974, 1.15, 6.65, 6.83, -69.25, -47.38, -49.75, -0.03, 0.01, 0.00
2025-11-16 01:38:44.110,43.7588, -7.1623, 357.0954, 1.19, 6.63, 6.78, -68.50, -45.50, -49.38, -0.04, 0.01, 0.00
2025-11-16 01:38:44.133,43.7643, -7.1623, 357.0951, 1.21, 6.57, 6.93, -68.50, -45.50, -49.38, -0.05, 0.01, 0.00
2025-11-16 01:38:44.155,43.7517, -7.1611, 357.0967, 1.20, 6.56, 6.88, -69.25, -47.38, -50.56, 0.01, -0.00, -0.00
2025-11-16 01:38:44.177,43.7342, -7.1600, 357.0987, 1.18, 6.61, 6.84, -69.25, -47.38, -50.56, 0.02, -0.01, -0.01
2025-11-16 01:38:44.195,43.7243, -7.1588, 357.1002, 1.18, 6.62, 6.84, -68.88, -46.25, -52.88, 0.03, -0.01, -0.01
2025-11-16 01:38:44.220,43.7262, -7.1565, 357.1009, 1.14, 6.68, 6.74, -68.88, -46.25, -52.88, 0.01, -0.00, -0.00
2025-11-16 01:38:44.239,43.7386, -7.1553, 357.1001, 1.14, 6.65, 6.80, -68.88, -46.25, -52.88, -0.03, 0.00, 0.00
2025-11-16 01:38:44.261,43.7565, -7.1553, 357.0990, 1.16, 6.63, 6.83, -68.88, -47.00, -51.00, -0.02, 0.01, 0.00
2025-11-16 01:38:44.282,43.7592, -7.1553, 357.0989, 1.20, 6.58, 6.85, -68.88, -47.00, -51.00, -0.05, 0.01, 0.01
2025-11-16 01:38:44.302,43.7464, -7.1507, 357.1014, 1.18, 6.55, 6.90, -69.25, -47.00, -52.19, 0.00, 0.00, -0.00
2025-11-16 01:38:44.325,43.7308, -7.1473, 357.1041, 1.19, 6.61, 6.84, -69.25, -47.00, -52.19, 0.03, -0.01, -0.01
2025-11-16 01:38:44.347,43.7232, -7.1484, 357.1045, 1.17, 6.64, 6.82, -69.25, -47.38, -51.38, 0.02, -0.01, -0.01
2025-11-16 01:38:44.368,43.7253, -7.1473, 357.1044, 1.16, 6.67, 6.76, -69.25, -47.38, -51.38, 0.01, -0.00, -0.00
2025-11-16 01:38:44.387,43.7350, -7.1461, 357.1038, 1.17, 6.66, 6.77, -69.25, -47.38, -51.38, -0.02, 0.00, 0.00
2025-11-16 01:38:44.409,43.7450, -7.1473, 357.1001, 1.14, 6.63, 6.85, -69.56, -47.38, -51.75, -0.03, 0.02, 0.00
2025-11-16 01:38:44.431,43.7450, -7.1473, 357.1001, 1.19, 6.60, 6.83, -69.56, -47.38, -51.75, -0.02, 0.00, 0.00
2025-11-16 01:38:44.455,43.7349, -7.1426, 357.1025, 1.22, 6.59, 6.84, -69.25, -44.38, -50.56, 0.01, -0.01, -0.00
2025-11-16 01:38:44.475,43.7251, -7.1403, 357.1018, 1.19, 6.60, 6.80, -69.25, -44.38, -50.56, 0.04, -0.02, -0.01
2025-11-16 01:38:44.496,43.7177, -7.1403, 357.1002, 1.14, 6.64, 6.83, -69.25, -47.00, -50.56, -0.00, 0.00, -0.00
2025-11-16 01:38:44.516,43.7131, -7.1426, 357.0996, 1.13, 6.66, 6.85, -69.25, -47.00, -50.56, -0.03, 0.01, 0.00
2025-11-16 01:38:44.533,43.7136, -7.1461, 357.0957, 1.13, 6.68, 6.84, -69.25, -47.00, -50.56, 0.00, 0.00, -0.00
2025-11-16 01:38:44.553,43.7162, -7.1496, 357.0917, 1.18, 6.68, 6.86, -68.88, -45.50, -50.56, 0.00, -0.01, -0.00
2025-11-16 01:38:44.573,43.7165, -7.1519, 357.0908, 1.20, 6.66, 6.81, -68.88, -45.50, -50.56, 0.03, -0.01, -0.00
2025-11-16 01:38:44.594,43.7165, -7.1519, 357.0908, 1.24, 6.65, 6.82, -69.56, -47.00, -51.75, -0.02, 0.00, 0.00
2025-11-16 01:38:44.615,43.7120, -7.1496, 357.0920, 1.23, 6.60, 6.88, -69.56, -47.00, -51.75, -0.06, 0.02, 0.01
2025-11-16 01:38:44.637,43.7199, -7.3149, 357.0256, 1.17, 6.60, 6.90, -69.56, -47.00, -51.75, 0.00, 0.01, -0.00
2025-11-16 01:38:44.658,43.7125, -7.3114, 357.0278, 1.12, 6.64, 6.91, -68.88, -45.88, -51.75, 0.03, -0.02, -0.01
2025-11-16 01:38:44.679,43.7099, -7.3103, 357.0258, 1.12, 6.69, 6.84, -68.88, -45.88, -51.75, 0.07, -0.02, -0.01
2025-11-16 01:38:44.696,43.7359, -7.4802, 356.9533, 1.18, 6.70, 6.80, -69.25, -47.38, -51.75, 0.04, -0.02, -0.01
2025-11-16 01:38:44.716,43.7510, -7.4837, 356.9485, 1.21, 6.68, 6.80, -69.25, -47.38, -51.75, -0.05, 0.01, 0.00
2025-11-16 01:38:44.733,43.7409, -7.3160, 357.0138, 1.24, 6.61, 6.87, -69.25, -47.38, -51.75, -0.06, 0.02, 0.01
2025-11-16 01:38:44.751,43.7410, -7.3149, 357.0117, 1.22, 5.35, 6.91, -69.25, -47.00, -51.00, -0.03, 0.02, 0.00
2025-11-16 01:38:44.772,43.7258, -7.3091, 357.0152, 1.17, 6.64, 6.91, -69.25, -47.00, -51.00, 0.01, -0.01, -0.00
2025-11-16 01:38:44.791,43.6823, -7.1346, 357.0884, 1.17, 6.63, 6.89, -68.06, -47.00, -51.00, 0.05, -0.01, -0.01
2025-11-16 01:38:44.813,43.6716, -7.1299, 357.0907, 1.13, 6.68, 6.82, -68.06, -47.00, -51.00, 0.01, -0.01, -0.00
2025-11-16 01:38:44.833,43.6764, -7.1288, 357.0904, 1.16, 6.68, 6.82, -68.06, -47.00, -51.00, 0.00, -0.00, -0.00
2025-11-16 01:38:44.853,43.6863, -7.1299, 357.0889, 1.15, 6.69, 6.80, -69.25, -45.88, -51.38, -0.00, 0.00, 0.00
2025-11-16 01:38:44.873,43.6985, -7.1334, 357.0864, 1.20, 6.65, 6.87, -69.25, -45.88, -51.38, -0.03, 0.00, 0.00
2025-11-16 01:38:44.893,43.7014, -7.1357, 357.0854, 1.20, 6.64, 6.86, -69.25, -46.56, -51.00, -0.01, 0.01, 0.00
2025-11-16 01:38:44.913,43.6945, -7.1369, 357.0859, 1.19, 6.61, 6.87, -69.25, -46.56, -51.00, -0.03, 0.00, 0.00
2025-11-16 01:38:44.932,43.6772, -7.1380, 357.0870, 1.16, 6.63, 6.92, -69.25, -46.56, -51.00, -0.00, 0.00, -0.00
2025-11-16 01:38:44.950,43.6621, -7.1392, 357.0879, 1.17, 6.66, 6.87, -68.88, -44.75, -51.38, 0.04, -0.01, -0.01
2025-11-16 01:38:44.971,43.6602, -7.1415, 357.0872, 1.14, 6.68, 6.83, -68.88, -44.75, -51.38, 0.03, -0.01, -0.01
2025-11-16 01:38:44.991,43.6704, -7.1438, 357.0827, 1.13, 6.70, 6.80, -68.50, -45.50, -51.00, 0.01, -0.00, -0.00
2025-11-16 01:38:45.012,43.6807, -7.1461, 357.0782, 1.18, 6.67, 6.79, -68.50, -45.50, -51.00, -0.03, 0.01, 0.00
2025-11-16 01:38:45.031,43.6886, -7.1473, 357.0747, 1.21, 6.64, 6.90, -68.50, -45.50, -51.00, -0.05, 0.01, 0.01
2025-11-16 01:38:45.049,43.6868, -7.1484, 357.0719, 1.22, 6.61, 6.93, -69.25, -46.56, -50.56, -0.00, 0.00, 0.00
2025-11-16 01:38:45.069,43.6923, -7.3160, 357.0026, 1.19, 6.63, 6.88, -69.25, -46.56, -50.56, 0.02, -0.01, -0.01
2025-11-16 01:38:45.086,43.6769, -7.3149, 357.0044, 1.16, 6.63, 6.88, -69.25, -46.56, -50.56, 0.02, -0.01, -0.00
2025-11-16 01:38:45.107,43.6692, -7.3137, 357.0057, 1.15, 6.65, 6.80, -68.50, -47.38, -51.38, 0.03, -0.01, -0.01
2025-11-16 01:38:45.127,43.6740, -7.3137, 357.0054, 1.15, 6.68, 6.84, -68.50, -47.38, -51.38, -0.01, 0.00, 0.00
2025-11-16 01:38:45.146,43.6816, -7.3137, 357.0050, 1.16, 6.65, 6.86, -69.25, -46.56, -51.38, -0.02, -0.00, 0.00
2025-11-16 01:38:45.166,43.6686, -7.1461, 357.0725, 1.18, 6.66, 6.80, -69.25, -46.56, -51.38, -0.01, 0.01, 0.00
2025-11-16 01:38:45.185,43.6686, -7.1461, 357.0725, 1.19, 6.64, 6.87, -69.25, -46.56, -51.38, -0.01, -0.00, 0.00
2025-11-16 01:38:45.206,43.6610, -7.1461, 357.0730, 1.19, 6.63, 6.86, -68.88, -47.38, -51.38, 0.01, -0.00, -0.00
2025-11-16 01:38:45.226,43.6507, -7.1461, 357.0736, 1.14, 6.64, 6.87, -68.88, -47.38, -51.38, 0.00, -0.00, -0.00
2025-11-16 01:38:45.246,43.6453, -7.1461, 357.0739, 1.15, 6.67, 6.85, -68.88, -45.50, -51.75, -0.00, 0.00, -0.00
2025-11-16 01:38:45.266,43.6426, -7.1461, 357.0741, 1.18, 6.67, 6.83, -68.88, -45.50, -51.75, 0.01, 0.00, -0.00
2025-11-16 01:38:45.285,43.6426, -7.1461, 357.0741, 1.16, 6.64, 6.86, -68.88, -45.50, -51.75, -0.01, -0.00, -0.00
2025-11-16 01:38:45.306,43.6426, -7.1461, 357.0741, 1.17, 6.67, 6.85, -68.50, -45.88, -51.75, 0.00, -0.00, -0.00
2025-11-16 01:38:45.327,43.6426, -7.1461, 357.0741, 1.16, 6.66, 6.82, -68.50, -45.88, -51.75, 0.00, 0.00, -0.00
2025-11-16 01:38:45.348,43.6404, -7.1461, 357.0743, 1.19, 6.66, 6.86, -68.88, -46.56, -51.75, -0.00, -0.00, 0.00
2025-11-16 01:38:45.371,43.6383, -7.1461, 357.0744, 1.18, 6.66, 6.87, -68.88, -46.56, -51.75, -0.01, 0.00, 0.00
2025-11-16 01:38:45.391,43.6362, -7.1461, 357.0746, 1.17, 6.64, 6.86, -68.88, -45.88, -52.19, -0.01, 0.00, 0.00
2025-11-16 01:38:45.412,43.6341, -7.1461, 357.0747, 1.14, 6.64, 6.84, -68.88, -45.88, -52.19, -0.00, 0.00, -0.00
2025-11-16 01:38:45.432,43.6320, -7.1461, 357.0749, 1.18, 6.67, 6.89, -68.88, -45.88, -52.19, 0.00, -0.00, -0.00
2025-11-16 01:38:45.452,43.6320, -7.1461, 357.0749, 1.15, 6.67, 6.88, -68.88, -46.56, -51.00, 0.02, -0.01, -0.00
2025-11-16 01:38:45.473,43.6341, -7.1461, 357.0747, 1.15, 6.69, 6.82, -68.88, -46.56, -51.00, 0.01, -0.00, -0.00
2025-11-16 01:38:45.491,43.6390, -7.1461, 357.0744, 1.19, 6.66, 6.84, -69.56, -45.88, -50.56, -0.03, 0.00, 0.00
2025-11-16 01:38:45.514,43.6390, -7.1461, 357.0744, 1.20, 6.64, 6.86, -69.56, -45.88, -50.56, -0.02, 0.01, 0.00
2025-11-16 01:38:45.533,43.6335, -7.1461, 357.0747, 1.19, 6.65, 6.90, -69.56, -45.88, -50.56, -0.01, 0.00, 0.00
2025-11-16 01:38:45.553,43.6280, -7.1461, 357.0750, 1.17, 6.63, 6.86, -68.50, -46.25, -51.75, 0.01, -0.00, -0.00
2025-11-16 01:38:45.574,43.6205, -7.1461, 357.0755, 1.14, 6.65, 6.84, -68.50, -46.25, -51.75, 0.03, -0.01, -0.01
2025-11-16 01:38:45.594,43.6178, -7.1461, 357.0756, 1.17, 6.67, 6.82, -69.25, -46.25, -51.38, 0.01, -0.00, -0.00
2025-11-16 01:38:45.614,43.6199, -7.1461, 357.0755, 1.16, 6.66, 6.82, -69.25, -46.25, -51.38, 0.00, 0.00, -0.00
2025-11-16 01:38:45.633,43.6274, -7.1461, 357.0750, 1.18, 6.66, 6.83, -69.25, -46.25, -51.38, -0.02, 0.00, 0.00
2025-11-16 01:38:45.651,43.6302, -7.1461, 357.0749, 1.19, 6.67, 6.87, -68.50, -47.38, -51.00, -0.02, 0.01, 0.00
2025-11-16 01:38:45.672,43.6280, -7.1461, 357.0750, 1.17, 6.62, 6.90, -68.50, -47.38, -51.00, -0.01, 0.00, -0.00
2025-11-16 01:38:45.692,43.6184, -7.1461, 357.0756, 1.17, 6.65, 6.90, -68.50, -46.56, -49.75, 0.01, -0.00, -0.00
2025-11-16 01:38:45.714,43.6087, -7.1461, 357.0763, 1.19, 6.65, 6.85, -68.50, -46.56, -49.75, 0.00, -0.01, -0.00
2025-11-16 01:38:45.733,43.5990, -7.1461, 357.0769, 1.15, 6.66, 6.85, -68.50, -46.56, -49.75, 0.01, 0.00, -0.00
2025-11-16 01:38:45.753,43.5963, -7.1461, 357.0770, 1.18, 6.69, 6.85, -68.06, -46.56, -51.75, 0.01, -0.00, 0.00
2025-11-16 01:38:45.773,43.5984, -7.1461, 357.0769, 1.17, 6.67, 6.84, -68.06, -46.56, -51.75, 0.00, -0.00, -0.00
2025-11-16 01:38:45.793,43.6005, -7.1461, 357.0767, 1.19, 6.66, 6.85, -69.56, -46.56, -52.19, -0.00, -0.00, 0.00
2025-11-16 01:38:45.814,43.5999, -7.1461, 357.0767, 1.18, 6.64, 6.88, -69.56, -46.56, -52.19, -0.03, 0.01, 0.00
2025-11-16 01:38:45.834,43.5923, -7.1461, 357.0772, 1.21, 6.60, 6.88, -69.56, -46.56, -52.19, -0.02, 0.01, 0.00
2025-11-16 01:38:45.854,43.5827, -7.1461, 357.0778, 1.21, 6.66, 6.88, -68.88, -47.00, -51.75, 0.01, -0.01, -0.00
2025-11-16 01:38:45.875,43.5730, -7.1461, 357.0784, 1.17, 6.67, 6.86, -68.88, -47.00, -51.75, 0.01, 0.00, 0.00
2025-11-16 01:38:45.893,43.5664, -7.1473, 357.0759, 1.17, 6.61, 6.82, -69.25, -47.00, -50.56, 0.03, -0.01, -0.01
2025-11-16 01:38:45.913,43.5693, -7.1496, 357.0749, 1.16, 6.64, 6.83, -69.25, -47.00, -50.56, -0.00, -0.01, -0.00
2025-11-16 01:38:45.933,43.5774, -7.1530, 357.0705, 1.17, 6.66, 6.82, -69.25, -47.00, -50.56, 0.01, 0.00, -0.00
2025-11-16 01:38:45.952,43.5855, -7.1565, 357.0662, 1.20, 6.65, 6.85, -68.88, -46.25, -51.00, -0.02, -0.01, 0.00
2025-11-16 01:38:45.973,43.5888, -7.1600, 357.0622, 1.20, 6.66, 6.86, -68.88, -46.25, -51.00, -0.03, 0.01, 0.00
2025-11-16 01:38:45.994,43.5813, -7.1600, 357.0626, 1.16, 6.66, 6.84, -69.25, -47.69, -50.56, 0.00, 0.00, -0.00
2025-11-16 01:38:46.016,43.5662, -7.1588, 357.0614, 1.16, 6.63, 6.85, -69.25, -47.69, -50.56, -0.00, -0.00, -0.00
2025-11-16 01:38:46.035,43.5560, -7.1588, 357.0620, 1.16, 6.64, 6.88, -69.25, -47.69, -50.56, 0.01, -0.00, -0.00
2025-11-16 01:38:46.054,43.5484, -7.1588, 357.0625, 1.17, 6.65, 6.83, -68.88, -46.56, -52.56, 0.02, -0.01, -0.01
2025-11-16 01:38:46.074,43.5484, -7.1588, 357.0625, 1.14, 6.65, 6.88, -68.88, -46.56, -52.56, -0.01, 0.00, 0.00
2025-11-16 01:38:46.095,43.5535, -7.1611, 357.0613, 1.18, 6.67, 6.86, -68.50, -46.25, -50.19, -0.01, 0.00, 0.00
2025-11-16 01:38:46.115,43.5591, -7.1634, 357.0602, 1.22, 6.65, 6.83, -68.50, -46.25, -50.19, -0.01, 0.00, 0.00
2025-11-16 01:38:46.133,43.5591, -7.1634, 357.0602, 1.20, 6.65, 6.90, -68.50, -46.25, -50.19, -0.01, 0.00, -0.00
2025-11-16 01:38:46.154,43.5543, -7.1634, 357.0605, 1.18, 6.64, 6.84, -68.50, -46.25, -51.38, 0.00, 0.00, -0.00
2025-11-16 01:38:46.174,43.5467, -7.1634, 357.0609, 1.16, 6.63, 6.86, -68.50, -46.25, -51.38, -0.02, 0.00, 0.00
2025-11-16 01:38:46.196,43.5392, -7.1634, 357.0614, 1.16, 6.67, 6.91, -68.88, -46.56, -51.75, -0.00, 0.00, -0.00
2025-11-16 01:38:46.217,43.5364, -7.1634, 357.0616, 1.16, 6.67, 6.83, -68.88, -46.56, -51.75, 0.02, -0.01, -0.01
2025-11-16 01:38:46.237,43.5421, -7.1657, 357.0604, 1.19, 6.69, 6.85, -68.88, -46.56, -51.75, 0.02, -0.01, -0.00
2025-11-16 01:38:46.257,43.5500, -7.1669, 357.0569, 1.17, 6.63, 6.82, -68.50, -46.56, -50.56, -0.01, 0.01, 0.00
2025-11-16 01:38:46.277,43.5500, -7.1669, 357.0569, 1.16, 6.60, 6.94, -68.50, -46.56, -50.56, -0.06, 0.01, 0.01
2025-11-16 01:38:46.297,43.5449, -7.1657, 357.0581, 1.17, 6.67, 6.89, -69.56, -45.88, -50.19, -0.00, 0.02, -0.00
2025-11-16 01:38:46.317,43.5354, -7.1657, 357.0566, 1.19, 6.63, 6.87, -69.56, -45.88, -50.19, -0.01, -0.03, -0.00
2025-11-16 01:38:46.335,43.5301, -7.1646, 357.0547, 1.15, 6.66, 6.84, -69.56, -45.88, -50.19, 0.06, -0.01, -0.01
2025-11-16 01:38:46.355,43.5303, -7.1669, 357.0539, 1.14, 6.69, 6.82, -69.56, -45.88, -51.00, 0.02, -0.01, -0.01
2025-11-16 01:38:46.376,43.5357, -7.1704, 357.0497, 1.17, 6.66, 6.85, 1978.44, -45.88, -51.00, -0.03, 0.00, 0.00
2025-11-16 01:38:46.395,43.3320, -7.1750, 357.0567, 1.18, 6.64, 6.85, -68.50, -46.25, -51.38, -0.02, 0.02, 0.00
2025-11-16 01:38:46.415,43.3322, -7.1773, 357.0558, 1.19, 6.61, 6.93, -68.50, -46.25, -51.38, -0.04, -0.00, 0.00
2025-11-16 01:38:46.433,43.3199, -7.1784, 357.0566, 1.17, 6.61, 6.87, -68.50, -46.25, -51.38, 0.02, -0.00, -0.00
2025-11-16 01:38:46.451,43.3068, -7.1784, 357.0574, 1.18, 6.64, 6.83, -69.56, -46.25, -51.00, 0.03, -0.01, -0.01
2025-11-16 01:38:46.471,43.3014, -7.1784, 357.0577, 1.15, 6.66, 6.85, -69.56, -46.25, -51.00, -0.00, -0.00, -0.00
2025-11-16 01:38:46.491,43.5127, -7.1784, 357.0455, 1.18, 6.68, 6.85, -68.50, -46.25, -49.75, -0.00, 0.00, -0.00
2025-11-16 01:38:46.512,43.5199, -7.1796, 357.0442, 1.18, 6.68, 6.85, -68.50, -46.25, -49.75, -0.02, -0.00, 0.00
2025-11-16 01:38:46.536,43.5304, -7.1808, 357.0427, 1.17, 6.67, 6.84, -68.50, -46.25, -49.75, 0.00, -0.00, 0.00
2025-11-16 01:38:46.557,43.5358, -7.1808, 357.0424, 1.19, 6.63, 6.85, -68.88, -45.88, -51.38, 0.00, -0.00, -0.00
2025-11-16 01:38:46.578,43.5310, -7.1808, 357.0427, 1.17, 6.62, 6.87, -68.88, -45.88, -51.38, -0.02, 0.01, 0.00
2025-11-16 01:38:46.598,43.5241, -7.1808, 357.0431, 1.20, 6.66, 6.86, -68.88, -46.25, -52.19, 0.01, -0.00, -0.00
2025-11-16 01:38:46.618,43.5192, -7.1808, 357.0434, 1.19, 6.64, 6.86, -68.88, -46.25, -52.19, 0.01, -0.01, -0.00
2025-11-16 01:38:46.636,43.5165, -7.1808, 357.0436, 1.16, 6.68, 6.85, -68.88, -46.25, -52.19, 0.02, -0.00, -0.00
2025-11-16 01:38:46.656,43.5159, -7.1808, 357.0436, 1.16, 6.66, 6.83, -68.50, -46.25, -51.38, 0.01, -0.00, -0.00
2025-11-16 01:38:46.676,43.5159, -7.1808, 357.0436, 1.18, 6.65, 6.85, -68.50, -46.25, -51.38, -0.03, 0.01, 0.00
2025-11-16 01:38:46.698,43.5132, -7.1808, 357.0438, 1.17, 6.65, 6.88, -69.56, -46.56, -51.00, -0.01, 0.00, 0.00
2025-11-16 01:38:46.719,43.5083, -7.1808, 357.0441, 1.19, 6.64, 6.86, -69.56, -46.56, -51.00, -0.01, -0.00, -0.00
2025-11-16 01:38:46.739,43.5008, -7.1808, 357.0445, 1.19, 6.64, 6.84, -69.56, -46.56, -51.00, 0.01, -0.00, -0.00
2025-11-16 01:38:46.760,43.4959, -7.1808, 357.0448, 1.19, 6.66, 6.81, -69.25, -45.88, -51.38, 0.01, -0.01, -0.00
2025-11-16 01:38:46.781,43.4959, -7.1808, 357.0448, 1.19, 6.68, 6.81, -69.25, -45.88, -51.38, 0.01, -0.00, -0.00
2025-11-16 01:38:46.801,43.5008, -7.1808, 357.0445, 1.17, 6.66, 6.82, -68.50, -47.00, -51.75, 0.01, 0.00, -0.00
2025-11-16 01:38:46.821,43.5056, -7.1808, 357.0442, 1.15, 6.71, 6.85, -68.50, -47.00, -51.75, -0.02, 0.00, -0.00
2025-11-16 01:38:46.839,43.5056, -7.1808, 357.0442, 1.15, 6.64, 6.90, -68.50, -47.00, -51.75, -0.03, 0.01, 0.00
2025-11-16 01:38:46.859,43.4959, -7.1819, 357.0448, 1.19, 6.62, 6.87, -68.88, -47.75, -51.75, 0.00, -0.00, -0.00
2025-11-16 01:38:46.880,43.4863, -7.1831, 357.0455, 1.20, 6.65, 6.85, -68.88, -47.75, -51.75, -0.02, 0.00, 0.00
2025-11-16 01:38:46.899,43.4719, -7.1831, 357.0443, 1.22, 6.58, 6.92, -68.88, -46.25, -51.38, 0.02, -0.00, -0.00
2025-11-16 01:38:46.920,43.4649, -7.1842, 357.0447, 1.17, 6.66, 6.80, -68.88, -46.25, -51.38, 0.03, -0.01, -0.00
2025-11-16 01:38:46.939,43.4680, -7.1865, 357.0416, 1.16, 6.65, 6.87, -68.88, -46.25, -51.38, -0.01, -0.00, -0.00
2025-11-16 01:38:46.960,43.4753, -7.1865, 357.0381, 1.15, 6.67, 6.83, -68.50, -45.06, -50.56, 0.03, -0.01, -0.01
2025-11-16 01:38:46.980,43.4879, -7.1877, 357.0364, 1.16, 6.68, 6.80, -68.50, -45.06, -50.56, -0.03, 0.00, 0.00
2025-11-16 01:38:46.998,43.4950, -7.1900, 357.0351, 1.15, 6.63, 6.91, -68.88, -46.25, -51.00, -0.05, 0.01, 0.00
2025-11-16 01:38:47.018,43.4926, -7.1912, 357.0323, 1.18, 6.63, 6.85, -68.88, -46.25, -51.00, 0.00, 0.01, 0.00
2025-11-16 01:38:47.036,43.4796, -7.1912, 357.0330, 1.18, 6.64, 6.89, -68.88, -38.25, -51.00, -0.03, 0.00, 0.00
2025-11-16 01:38:47.057,43.4651, -7.1923, 357.0340, 1.22, 6.64, 6.86, -69.25, -45.88, -51.00, -0.00, -0.00, 0.00
2025-11-16 01:38:47.078,43.4552, -7.1935, 357.0316, 1.18, 6.66, 6.81, -69.25, -45.88, -51.00, 0.06, -0.01, -0.01
2025-11-16 01:38:47.099,43.4606, -7.1958, 357.0274, 1.14, 6.65, 6.85, -69.56, -47.00, -50.56, -0.01, -0.00, -0.00
2025-11-16 01:38:47.119,43.4681, -7.1981, 357.0231, 1.15, 6.66, 6.79, -69.56, -47.00, -50.56, -0.01, 0.01, 0.00
2025-11-16 01:38:47.137,43.4789, -7.2015, 357.0186, 1.17, 6.66, 6.88, -69.56, -47.00, -50.56, -0.03, 0.01, 0.00
2025-11-16 01:38:47.157,43.4794, -7.2050, 357.0147, 1.17, 6.61, 6.94, -68.88, -46.56, -51.75, -0.05, 0.01, 0.01
2025-11-16 01:38:47.177,43.4722, -7.2073, 357.0122, 1.19, 6.64, 6.84, -68.88, -46.56, -51.75, 0.03, -0.01, -0.00
2025-11-16 01:38:47.197,43.4653, -7.2085, 357.0127, 1.19, 6.67, 6.87, -68.88, -45.50, -51.38, 0.01, -0.01, -0.00
2025-11-16 01:38:47.218,43.4585, -7.2108, 357.0123, 1.22, 6.80, 6.82, -68.88, -45.50, -51.38, 0.02, -0.01, -0.01
2025-11-16 01:38:47.238,43.4609, -7.2119, 357.0112, 1.18, 6.66, 6.81, -68.88, 2002.50, -51.38, 0.01, 0.00, -0.00
2025-11-16 01:38:47.260,43.4686, -7.2131, 357.0099, 1.18, 6.71, 6.85, -69.25, -46.56, -51.00, -0.00, -0.00, -0.00
2025-11-16 01:38:47.280,43.4764, -7.2143, 357.0086, 1.16, 6.69, 6.81, -69.25, -46.56, -51.00, -0.03, 0.01, 0.00
2025-11-16 01:38:47.298,43.4691, -7.2166, 357.0082, 1.21, 6.57, 6.92, -68.88, -46.56, -51.38, -0.08, -0.01, 0.01
2025-11-16 01:38:47.319,43.4611, -7.2131, 357.0104, 1.17, 6.61, 6.83, -68.88, -46.56, -51.38, -0.01, -0.00, -0.00
2025-11-16 01:38:47.338,43.4386, -7.2096, 357.0135, 1.15, 6.58, 6.97, -68.88, -46.56, -51.38, -0.06, -0.00, 0.00
2025-11-16 01:38:47.358,43.4258, -7.2062, 357.0160, 1.14, 6.62, 6.90, -68.06, -46.56, -51.38, 0.01, 0.01, 0.00
2025-11-16 01:38:47.378,43.4265, -7.2062, 357.0139, 1.14, 6.69, 6.83, -68.06, -46.56, -51.38, 0.07, -0.01, -0.01
2025-11-16 01:38:47.397,43.4441, -7.2062, 357.0098, 1.17, 6.70, 6.81, -70.38, -46.56, -51.00, 0.05, -0.02, -0.01
2025-11-16 01:38:47.418,43.4728, -7.2154, 357.0016, 1.19, 6.71, 6.69, -70.38, -46.56, -51.00, 0.00, 0.01, 0.00
2025-11-16 01:38:47.437,43.4935, -7.2200, 356.9956, 1.21, 6.66, 6.84, -70.38, -46.56, -51.00, -0.07, 0.01, 0.01
2025-11-16 01:38:47.456,43.4883, -7.2223, 356.9950, 1.19, 6.57, 6.92, -68.88, -45.88, -51.00, -0.09, 0.03, 0.01
2025-11-16 01:38:47.477,43.4650, -7.2189, 357.0003, 1.17, 6.59, 6.92, -68.88, -45.88, -51.00, -0.02, 0.00, 0.00
2025-11-16 01:38:47.494,43.4397, -7.2166, 357.0058, 1.16, 6.62, 6.91, -68.88, -46.56, -51.75, 0.05, -0.02, -0.01
2025-11-16 01:38:47.514,43.4137, -7.2108, 357.0099, 1.15, 6.67, 6.82, -68.88, -46.56, -51.75, 0.10, -0.03, -0.01
2025-11-16 01:38:47.534,43.4238, -7.2119, 357.0041, 1.15, 6.72, 6.76, -68.88, -46.56, -51.75, 0.01, -0.01, -0.00
2025-11-16 01:38:47.551,43.4571, -7.2154, 356.9931, 1.15, 6.72, 6.78, -70.00, -47.00, -50.19, -0.04, 0.01, 0.01
2025-11-16 01:38:47.571,43.4877, -7.2189, 356.9822, 1.18, 6.69, 6.79, -70.00, -47.00, -50.19, -0.04, 0.02, 0.01
2025-11-16 01:38:47.589,43.5034, -7.2177, 356.9740, 1.21, 6.65, 6.86, -70.00, -47.00, -50.19, -0.06, 0.01, 0.00
2025-11-16 01:38:47.610,43.5015, -7.2154, 356.9699, 1.23, 6.59, 6.96, -68.88, -45.88, -50.56, 0.03, -0.00, -0.01
2025-11-16 01:38:47.631,43.4866, -7.2108, 356.9725, 1.15, 6.62, 6.85, -68.88, -45.88, -50.56, 0.00, -0.00, -0.00
2025-11-16 01:38:47.651,43.4716, -7.2062, 356.9752, 1.15, 6.61, 6.91, -68.50, -45.50, -51.38, 0.01, -0.00, -0.00
2025-11-16 01:38:47.676,43.4664, -7.2015, 356.9772, 1.13, 6.63, 6.86, -68.50, -45.50, -51.38, 0.03, -0.01, -0.01
2025-11-16 01:38:47.696,43.4758, -7.1992, 356.9775, 1.18, 6.68, 6.85, -68.50, -46.25, -51.00, 0.01, -0.01, -0.00
2025-11-16 01:38:47.715,43.4979, -7.1992, 356.9761, 1.19, 6.68, 6.78, -68.50, -46.25, -51.00, 0.02, -0.00, -0.00
2025-11-16 01:38:47.734,43.5178, -7.1992, 356.9748, 1.16, 6.67, 6.86, -68.50, -46.25, -51.00, -0.04, 0.01, 0.00
2025-11-16 01:38:47.752,43.5249, -7.1946, 356.9761, 1.17, 6.63, 6.91, -68.50, -45.88, -51.00, -0.07, 0.02, 0.01
2025-11-16 01:38:47.775,43.5146, -7.1888, 356.9793, 1.17, 6.61, 6.94, -68.50, -45.88, -51.00, -0.01, 0.01, 0.00
2025-11-16 01:38:47.792,43.4995, -7.1831, 356.9828, 1.20, 6.61, 6.92, -68.50, -46.25, -50.19, 0.03, -0.02, -0.01
2025-11-16 01:38:47.813,43.4894, -7.1784, 356.9852, 1.16, 6.67, 6.82, -68.50, -46.25, -50.19, 0.07, -0.03, -0.01
2025-11-16 01:38:47.833,43.4916, -7.1773, 356.9829, 1.16, 6.73, 6.74, -68.50, -46.25, -50.19, 0.04, -0.01, -0.01
2025-11-16 01:38:47.853,43.5115, -7.1808, 356.9778, 1.19, 6.69, 6.85, -68.88, -46.56, -50.19, -0.05, 0.01, 0.00
2025-11-16 01:38:47.872,43.5316, -7.1854, 356.9718, 1.18, 6.63, 6.89, -68.88, 2001.44, -50.19, -0.05, 0.02, 0.01
2025-11-16 01:38:47.890,43.5443, -7.1865, 356.9680, 1.16, 6.63, 6.90, -68.88, -46.56, -50.19, -0.04, 0.02, 0.01
2025-11-16 01:38:47.910,43.5391, -7.1819, 356.9679, 1.17, 6.59, 6.95, -70.00, -45.88, -50.56, 0.01, -0.00, -0.00
2025-11-16 01:38:47.931,43.5212, -7.1761, 356.9716, 1.18, 6.61, 6.90, -70.00, -45.88, -50.56, 0.06, -0.01, -0.01
2025-11-16 01:38:47.949,43.5084, -7.1715, 356.9741, 1.19, 6.66, 6.84, -69.25, -45.88, -50.56, 0.04, -0.01, -0.01
2025-11-16 01:38:47.969,43.5082, -7.1692, 356.9750, 1.18, 6.66, 6.83, -69.25, -45.88, -50.56, 0.01, 0.00, 0.00
2025-11-16 01:38:47.989,43.5181, -7.1704, 356.9735, 1.18, 6.66, 6.78, -69.25, -45.88, -50.56, 0.00, 0.01, -0.00
2025-11-16 01:38:48.009,43.5310, -7.1738, 356.9689, 1.14, 6.67, 6.87, -68.88, -46.56, -51.00, -0.04, 0.01, 0.00
2025-11-16 01:38:48.029,43.5362, -7.1750, 356.9656, 1.16, 6.65, 6.86, -68.88, -46.56, -51.00, 0.01, -0.00, -0.00
2025-11-16 01:38:48.049,43.5363, -7.1750, 356.9634, 1.16, 6.64, 6.84, -69.25, -45.50, -50.19, -0.00, -0.00, -0.00
2025-11-16 01:42:40.260,0.0000, 0.0000, 0.0000, 0.00, 0.00, 0.00, 0.00, 0.00, 0.00, -0.00, -0.00, 0.00
2025-11-16 01:42:40.288,0.0000, 0.0000, 0.0000, 1.17, 6.60, 6.78, -69.25, -45.06, -52.19, -0.01, 0.00, 0.00
2025-11-16 01:42:40.314,0.0000, 0.0000, 0.0000, 1.18, 6.62, 6.83, -69.25, -45.06, -52.19, 0.01, -0.01, -0.00
2025-11-16 01:42:40.337,0.0000, 0.0000, 0.0000, 1.18, 6.63, 6.80, -69.25, -45.06, -52.19, -0.01, -0.00, -0.00
2025-11-16 01:42:40.357,0.0000, 0.0000, 0.0000, 1.19, 6.62, 6.82, -69.25, -46.56, -52.19, 0.00, -0.00, 0.00
2025-11-16 01:42:40.378,8.8458, -1.4154, 71.4242, 1.17, 6.64, 6.81, -69.25, -46.56, -52.19, -0.00, 0.00, -0.00
2025-11-16 01:42:40.398,17.6916, -2.8307, 142.8484, 1.16, 6.62, 6.83, -69.25, -46.56, -52.19, 0.00, -0.01, 0.00
2025-11-16 01:42:40.421,26.5374, -4.2461, 214.2726, 1.18, 6.62, 6.80, -67.38, -45.88, -51.75, 0.01, -0.00, -0.01
2025-11-16 01:42:40.442,35.3833, -5.6615, 285.6968, 1.18, 6.60, 6.82, -67.38, -45.88, -51.75, -0.01, 0.00, -0.00
2025-11-16 01:42:40.470,44.2291, -7.0768, 357.1210, 1.20, 6.63, 6.82, -68.50, -45.50, -51.38, -0.00, 0.00, 0.00
2025-11-16 01:42:40.493,44.2291, -7.0768, 357.1210, 1.17, 6.64, 6.82, -68.50, -45.50, -51.38, -0.01, 0.00, -0.00
2025-11-16 01:42:40.516,44.2291, -7.0768, 357.1210, 1.18, 6.62, 6.83, -69.56, -45.88, -52.56, 0.01, -0.01, -0.00
2025-11-16 01:42:40.537,44.2291, -7.0768, 357.1210, 1.18, 6.65, 6.81, -69.56, -45.88, -52.56, 0.00, -0.00, 0.00
2025-11-16 01:42:40.559,44.2291, -7.0768, 357.1210, 1.18, 6.63, 6.81, -69.56, -46.56, -52.56, -0.00, 0.00, 0.00
2025-11-16 01:42:40.580,44.2291, -7.0768, 357.1210, 1.18, 6.63, 6.81, -69.56, -46.56, -52.56, -0.01, 0.00, -0.00
2025-11-16 01:42:40.600,44.2291, -7.0768, 357.1210, 1.18, 6.64, 6.82, -69.56, -46.56, -52.56, -0.00, -0.00, 0.00
2025-11-16 01:42:40.621,44.2291, -7.0768, 357.1210, 1.21, 6.63, 6.81, -68.50, -45.06, -51.00, 0.01, -0.00, -0.00
2025-11-16 01:42:40.643,44.2291, -7.0768, 357.1210, 1.19, 6.64, 6.80, -68.50, -45.06, -51.00, 0.00, -0.00, -0.00
2025-11-16 01:42:40.666,44.2291, -7.0768, 357.1210, 1.16, 6.61, 6.83, -69.25, -45.88, -51.75, -0.01, 0.00, -0.00
2025-11-16 01:42:40.688,44.2270, -7.0768, 357.1212, 1.15, 6.62, 6.83, -69.25, -45.88, -51.75, -0.01, 0.00, -0.00
2025-11-16 01:42:40.712,44.2248, -7.0768, 357.1214, 1.17, 6.61, 6.82, -68.88, -46.56, -51.38, 0.00, -0.00, -0.00
2025-11-16 01:42:40.734,44.2227, -7.0768, 357.1215, 1.20, 6.62, 6.82, -68.88, -46.56, -51.38, 0.00, -0.00, 0.00
2025-11-16 01:42:40.754,44.2206, -7.0768, 357.1217, 1.20, 6.65, 6.80, -68.88, -46.56, -51.38, 0.01, -0.00, -0.00
2025-11-16 01:42:40.777,44.2185, -7.0768, 357.1218, 1.19, 6.64, 6.78, -68.88, -45.88, -52.19, -0.01, 0.01, 0.00
2025-11-16 01:42:40.800,44.2130, -7.0768, 357.1221, 1.19, 6.64, 6.84, -68.88, -45.88, -52.19, -0.02, 0.00, 0.00
2025-11-16 01:42:40.823,44.2054, -7.0768, 357.1226, 1.19, 6.63, 6.83, -69.56, -45.88, -51.38, 0.00, -0.00, 0.00
2025-11-16 01:42:40.846,44.1978, -7.0768, 357.1230, 1.18, 6.63, 6.81, -69.56, -45.88, -51.38, 0.01, -0.01, -0.00
2025-11-16 01:42:40.870,44.1924, -7.0768, 357.1233, 1.18, 5.36, 6.79, -68.88, -45.88, -51.38, 0.01, -0.01, -0.00
2025-11-16 01:42:40.892,44.1869, -7.0768, 357.1237, 1.18, 6.63, 6.82, -68.88, -45.88, -51.38, -0.01, -0.00, -0.00
2025-11-16 01:42:40.913,44.1869, -7.0768, 357.1237, 1.17, 6.64, 6.84, -68.06, -45.50, -51.38, -0.00, 0.00, -0.00
2025-11-16 01:42:40.934,44.1869, -7.0768, 357.1237, 1.17, 6.63, 6.81, -68.06, -45.50, -51.38, -0.01, 0.00, -0.00
2025-11-16 01:42:40.954,44.1869, -7.0768, 357.1237, 1.17, 6.64, 6.83, -68.06, -45.50, -51.38, 0.00, -0.00, -0.00
2025-11-16 01:42:40.977,44.1848, -7.0768, 357.1238, 1.17, 6.63, 6.82, -69.25, -45.50, -50.19, 0.01, -0.01, -0.00
2025-11-16 01:42:41.000,44.1827, -7.0768, 357.1240, 1.20, 6.63, 6.79, -69.25, -45.50, -50.19, 0.00, -0.00, -0.00
2025-11-16 01:42:41.024,44.1805, -7.0768, 357.1241, 1.15, 6.63, 6.83, -68.88, -45.06, -50.56, -0.00, -0.00, -0.00
2025-11-16 01:42:41.047,44.1805, -7.0768, 357.1241, 1.18, 6.62, 6.81, -68.88, -45.06, -50.56, -0.01, 0.00, 0.00
2025-11-16 01:42:41.073,44.1805, -7.0768, 357.1241, 1.18, 6.62, 6.83, -68.06, -47.00, -50.19, 0.00, -0.00, -0.00
2025-11-16 01:42:41.095,44.1805, -7.0768, 357.1241, 1.18, 6.60, 6.83, -68.06, -47.00, -50.19, -0.01, -0.00, 0.00
2025-11-16 01:42:41.116,44.1805, -7.0768, 357.1241, 1.18, 6.63, 6.83, -68.50, -45.50, -51.38, 0.01, 0.00, -0.00
2025-11-16 01:42:41.137,44.1805, -7.0768, 357.1241, 1.16, 6.62, 6.79, -68.50, -45.50, -51.38, -0.01, -0.01, 0.00
2025-11-16 01:42:41.161,44.1805, -7.0768, 357.1241, 1.18, 6.62, 6.84, -69.25, -45.88, -51.38, 0.01, 0.00, -0.00
2025-11-16 01:42:41.184,44.1805, -7.0768, 357.1241, 1.19, 6.65, 6.79, -69.25, -45.88, -51.38, -0.00, -0.00, -0.00
2025-11-16 01:42:41.206,44.1805, -7.0768, 357.1241, 1.17, 6.63, 6.82, -69.25, -45.88, -51.38, 0.00, -0.00, -0.00
2025-11-16 01:42:41.230,44.1805, -7.0768, 357.1241, 1.18, 6.63, 6.79, -68.50, -45.50, -51.38, -0.01, 0.00, 0.00
2025-11-16 01:42:41.250,44.1785, -7.0768, 357.1221, 1.19, 6.64, 6.83, -68.50, -45.50, -51.38, -0.01, 0.00, -0.00
2025-11-16 01:42:41.271,44.1765, -7.0768, 357.1202, 1.20, 6.62, 6.83, -68.50, -45.88, -51.00, 0.01, -0.01, -0.00
2025-11-16 01:42:41.292,44.1745, -7.0768, 357.1182, 1.17, 6.62, 6.80, -68.50, -45.88, -51.00, 0.00, -0.00, -0.00
2025-11-16 01:42:41.313,44.1725, -7.0768, 357.1162, 1.16, 6.64, 6.83, -68.88, -45.88, -51.75, 0.00, -0.00, -0.00
2025-11-16 01:42:41.334,44.1705, -7.0768, 357.1142, 1.17, 6.64, 6.81, -68.88, -45.88, -51.75, -0.01, -0.00, 0.00
2025-11-16 01:42:41.355,44.1678, -7.0768, 357.1144, 1.18, 6.64, 6.83, -68.88, -45.88, -51.75, -0.01, 0.00, -0.00
2025-11-16 01:42:41.378,44.1647, -7.0757, 357.1175, 0.00, 0.00, 0.00, -69.25, -44.75, -51.00, -0.01, -0.01, 0.00
2025-11-16 01:42:41.401,44.1589, -7.0745, 357.1209, 1.18, 6.65, 6.82, -69.25, -44.75, -51.00, 0.02, 0.00, 0.00
2025-11-16 01:42:41.422,44.1531, -7.0734, 357.1242, 1.18, 6.64, 6.86, -69.25, -45.06, -50.56, -0.02, -0.00, -0.00
2025-11-16 01:42:41.443,44.1473, -7.0722, 357.1275, 1.17, 6.62, 6.84, -69.25, -45.06, -50.56, 0.00, 0.01, -0.00
2025-11-16 01:42:41.465,44.1443, -7.0710, 357.1307, 1.18, 6.67, 6.84, -68.50, -44.75, -51.75, -0.01, -0.00, -0.00
2025-11-16 01:42:41.485,44.1415, -7.0710, 357.1308, 1.19, 6.63, 6.86, -68.50, -44.75, -51.75, 0.02, -0.00, -0.00
2025-11-16 01:42:41.505,44.1470, -7.0710, 357.1305, 1.18, 6.68, 6.82, -68.50, -44.75, -51.75, -0.01, 0.00, 0.00
2025-11-16 01:42:41.526,44.1470, -7.0710, 357.1305, 1.18, 6.64, 6.84, -69.25, -45.88, -51.75, -0.01, 0.00, 0.00
2025-11-16 01:42:41.547,44.1470, -7.0710, 357.1305, 1.20, 6.69, 6.85, -69.25, -45.88, -51.75, 0.00, 0.00, 0.00
2025-11-16 01:42:41.567,44.1470, -7.0710, 357.1305, 1.18, 6.65, 6.85, -68.88, -46.25, -51.38, -0.01, -0.00, 0.00
2025-11-16 01:42:41.589,44.1470, -7.0710, 357.1305, 1.18, 6.67, 6.84, -68.88, -46.25, -51.38, 0.01, 0.00, -0.00
2025-11-16 01:42:41.609,44.1415, -7.0710, 357.1308, 1.18, 6.63, 6.85, -69.56, -45.50, -50.56, -0.01, -0.00, 0.00
2025-11-16 01:42:41.629,44.1415, -7.0710, 357.1308, 1.19, 6.66, 6.82, -69.56, -45.50, -50.56, 0.01, 0.00, -0.00
2025-11-16 01:42:41.648,44.1415, -7.0710, 357.1308, 1.19, 6.68, 6.83, -69.56, -45.50, -50.56, 0.00, -0.01, -0.00
2025-11-16 01:42:41.668,44.1415, -7.0710, 357.1308, 1.17, 6.62, 6.84, -68.50, -46.56, -50.56, -0.01, 0.00, -0.00
2025-11-16 01:42:41.688,44.1395, -7.0699, 357.1288, 1.18, 6.67, 6.87, -68.50, -46.56, -50.56, -0.01, 0.01, -0.00
2025-11-16 01:42:41.707,44.1375, -7.0687, 357.1268, 1.19, 6.62, 6.87, -68.88, -46.56, -51.00, -0.01, -0.00, 0.00
2025-11-16 01:42:41.728,44.1355, -7.0676, 357.1249, 1.23, 6.67, 6.82, -68.88, -46.56, -51.00, 0.02, -0.00, -0.00
2025-11-16 01:42:41.748,44.1356, -7.0664, 357.1227, 1.19, 6.64, 6.88, -68.88, -46.56, -51.00, -0.02, -0.01, 0.00
2025-11-16 01:42:41.768,44.1336, -7.0653, 357.1207, 1.16, 6.65, 6.84, -68.06, -46.25, -50.56, 0.03, 0.00, -0.00
2025-11-16 01:42:41.788,44.1384, -7.0664, 357.1226, 1.20, 6.68, 6.86, -68.06, -46.25, -50.56, -0.02, -0.01, 0.00
2025-11-16 01:42:41.805,44.1384, -7.0664, 357.1226, 1.18, 6.66, 6.87, -68.06, -46.25, -50.56, -0.03, 0.01, 0.00
2025-11-16 01:42:41.826,44.1334, -7.0676, 357.1250, 1.18, 6.61, 6.85, -68.88, -46.25, -50.56, 0.01, 0.00, -0.00
2025-11-16 01:42:41.847,44.1263, -7.0687, 357.1276, 1.18, 6.68, 6.87, -68.88, -46.25, -50.56, -0.02, -0.00, 0.00
2025-11-16 01:42:41.868,44.1215, -7.0687, 357.1279, 1.20, 6.66, 6.84, -69.25, -45.88, -52.19, 0.02, -0.01, -0.00
2025-11-16 01:42:41.890,44.1188, -7.0687, 357.1281, 1.22, 6.69, 6.78, -69.25, -45.88, -52.19, 0.02, -0.00, -0.01
2025-11-16 01:42:41.908,44.1188, -7.0687, 357.1281, 1.21, 6.64, 6.91, -69.25, -45.50, -51.75, -0.04, 0.00, 0.00
2025-11-16 01:42:41.929,44.1189, -7.0676, 357.1259, 1.19, 6.67, 6.81, -69.25, -45.50, -51.75, 0.04, -0.00, -0.01
2025-11-16 01:42:41.948,44.1258, -7.0676, 357.1255, 1.17, 6.67, 6.88, -69.25, -45.50, -51.75, -0.03, 0.01, 0.00
2025-11-16 01:42:41.966,44.1204, -7.0676, 357.1258, 1.21, 6.60, 6.91, -69.56, -45.50, -50.19, -0.01, -0.00, 0.00
2025-11-16 01:42:41.986,44.1134, -7.0676, 357.1262, 1.17, 6.65, 6.83, -69.56, -45.50, -50.19, 0.03, 0.00, -0.00
2025-11-16 01:42:42.004,44.1058, -7.0676, 357.1267, 1.15, 6.68, 6.88, -69.56, -45.50, -50.19, -0.05, 0.00, 0.00
2025-11-16 01:42:42.024,44.0982, -7.0676, 357.1272, 1.18, 6.62, 6.94, -70.00, -45.50, -49.75, 0.06, -0.01, -0.01
2025-11-16 01:42:42.045,44.0961, -7.0676, 357.1273, 1.18, 6.71, 6.77, -70.00, -45.50, -49.75, -0.01, 0.00, 0.00
2025-11-16 01:42:42.064,44.0961, -7.0676, 357.1273, 1.19, 6.66, 6.87, -68.06, -44.75, -51.00, -0.02, -0.00, 0.00
2025-11-16 01:42:42.085,44.0961, -7.0676, 357.1273, 1.19, 6.70, 6.81, -68.06, -44.75, -51.00, 0.03, 0.01, -0.00
2025-11-16 01:42:42.104,44.0988, -7.0676, 357.1272, 1.20, 6.68, 6.83, -68.06, -44.75, -51.00, -0.06, 0.00, 0.01
2025-11-16 01:42:42.124,44.0961, -7.0676, 357.1273, 1.18, 6.65, 6.90, -68.88, -45.88, -50.56, 0.03, 0.01, -0.00
2025-11-16 01:42:42.145,44.0886, -7.0664, 357.1256, 1.17, 6.68, 6.81, -68.88, -45.88, -50.56, -0.01, -0.01, 0.00
2025-11-16 01:42:42.162,44.0865, -7.0664, 357.1258, 1.17, 6.66, 6.88, -68.50, -44.75, -52.19, -0.02, 0.00, -0.00
2025-11-16 01:42:42.182,44.0812, -7.0653, 357.1240, 1.19, 6.66, 6.83, -68.50, -44.75, -52.19, 0.02, -0.00, -0.00
2025-11-16 01:42:42.200,44.0784, -7.0653, 357.1241, 1.19, 6.70, 6.84, -68.50, -44.75, -52.19, 0.00, 0.00, -0.00
2025-11-16 01:42:42.219,44.0833, -7.0653, 357.1238, 1.20, 6.65, 6.88, -68.88, -46.56, -50.56, -0.03, -0.00, 0.00
2025-11-16 01:42:42.242,44.0784, -7.0653, 357.1241, 1.20, 6.65, 6.81, -68.88, -46.56, -50.56, 0.03, 0.00, -0.00
2025-11-16 01:42:42.268,44.0784, -7.0653, 357.1241, 1.20, 6.66, 6.82, -68.50, -47.00, -51.38, -0.03, 0.01, 0.00
2025-11-16 01:42:42.288,44.0784, -7.0653, 357.1241, 1.20, 6.64, 6.86, -68.50, -47.00, -51.38, 0.01, 0.00, -0.00
2025-11-16 01:42:42.307,44.0709, -7.0653, 357.1246, 1.18, 6.66, 6.85, -67.75, -46.25, -50.56, -0.02, 0.00, 0.00
2025-11-16 01:42:42.327,44.0584, -7.0653, 357.1253, 1.20, 6.65, 6.84, -67.75, -46.25, -50.56, 0.01, -0.01, -0.00
2025-11-16 01:42:42.347,44.0536, -7.0653, 357.1257, 1.19, 6.72, 6.81, -67.75, -46.25, -50.56, 0.04, 0.00, -0.00
2025-11-16 01:42:42.367,44.0536, -7.0653, 357.1257, 1.21, 6.62, 6.90, -68.06, -45.06, -51.00, -0.04, -0.01, 0.00
2025-11-16 01:42:42.387,44.0487, -7.0653, 357.1260, 1.18, 6.67, 6.80, -68.06, -45.06, -51.00, 0.02, 0.01, -0.00
2025-11-16 01:42:42.406,44.0487, -7.0653, 357.1260, 1.20, 6.66, 6.85, -68.06, -45.06, -51.00, -0.04, 0.00, 0.00
2025-11-16 01:42:42.427,44.0439, -7.0653, 357.1263, 1.20, 6.64, 6.93, -69.25, -46.25, -51.38, 0.00, -0.00, 0.00
2025-11-16 01:42:42.448,44.0390, -7.0653, 357.1266, 1.17, 6.67, 6.83, -69.25, -46.25, -51.38, 0.03, -0.01, -0.00
2025-11-16 01:42:42.470,44.0336, -7.0653, 357.1269, 1.19, 6.66, 6.85, -68.88, -45.06, -51.75, -0.01, -0.01, -0.00
2025-11-16 01:42:42.490,44.0336, -7.0653, 357.1269, 1.19, 6.72, 6.84, -68.88, -45.06, -51.75, 0.02, -0.00, -0.01
2025-11-16 01:42:42.508,44.0336, -7.0653, 357.1269, 1.20, 6.66, 6.88, -69.25, -45.50, -51.00, -0.03, 0.01, 0.00
2025-11-16 01:42:42.529,44.0336, -7.0653, 357.1269, 1.19, 6.65, 6.88, -69.25, -45.50, -51.00, -0.01, -0.00, 0.00
2025-11-16 01:42:42.548,44.0287, -7.0653, 357.1272, 1.18, 6.70, 6.82, -69.25, -45.50, -51.00, 0.03, 0.00, -0.01
2025-11-16 01:42:42.569,44.0245, -7.0653, 357.1275, 1.19, 6.63, 6.89, -69.25, -44.00, -50.56, -0.02, -0.01, -0.00
2025-11-16 01:42:42.591,44.0196, -7.0653, 357.1278, -326.50, 6.67, 6.82, -69.25, -44.00, -50.56, 0.02, 0.00, -0.00
2025-11-16 01:42:42.609,44.0175, -7.0653, 357.1280, 1.16, 6.65, 6.88, -68.88, -45.88, -51.38, -0.03, 0.00, 0.00
2025-11-16 01:42:42.629,44.0175, -7.0653, 357.1280, 1.18, 6.67, 6.85, -68.88, -45.88, -51.38, 0.01, 0.00, -0.00
2025-11-16 01:42:42.648,44.0203, -7.0653, 357.1278, 1.19, 6.67, 6.82, -68.88, -45.88, -51.38, 0.01, -0.00, -0.00
2025-11-16 01:42:42.669,44.0203, -7.0653, 357.1278, 1.19, 6.70, 6.90, -68.88, -45.06, -51.38, -0.00, -0.00, -0.00
2025-11-16 01:42:42.688,44.0230, -7.0653, 357.1276, 1.20, 6.66, 6.82, -68.88, -45.06, -51.38, 0.01, 0.00, -0.00
2025-11-16 01:42:42.706,44.0209, -7.0653, 357.1278, 1.21, 6.67, 6.85, 1979.12, -45.06, -51.38, -0.02, 0.00, 0.00
2025-11-16 01:42:42.726,44.0179, -7.0641, 357.1288, 1.20, 6.66, 6.85, -68.88, -46.25, -51.00, -0.02, 0.01, 0.00
2025-11-16 01:42:42.747,44.0129, -7.0630, 357.1300, 1.18, 6.62, 6.86, -68.88, -46.25, -51.00, 0.02, 0.00, -0.00
2025-11-16 01:42:42.771,44.0099, -7.0618, 357.1310, 1.19, 6.67, 6.91, -68.06, -45.06, -51.75, -0.01, -0.01, -0.00
2025-11-16 01:42:42.789,44.0099, -7.0618, 357.1310, 1.20, 6.66, 6.87, -68.06, -45.06, -51.75, 0.01, 0.00, -0.00
2025-11-16 01:42:42.810,44.0070, -7.0607, 357.1321, 1.21, 6.69, 6.85, -69.25, -46.56, -51.38, 0.01, 0.00, -0.00
2025-11-16 01:42:42.830,44.0040, -7.0595, 357.1331, 1.19, 6.65, 6.89, -69.25, -46.56, -51.38, -0.03, 0.00, 0.00
2025-11-16 01:42:42.849,44.0040, -7.0595, 357.1331, 1.19, 6.67, 6.84, -69.25, -46.56, -51.38, 0.02, 0.00, -0.00
2025-11-16 01:42:42.869,44.0061, -7.0595, 357.1329, 1.19, 6.65, 6.85, -69.56, -45.88, -52.19, -0.02, 0.00, 0.00
2025-11-16 01:42:42.889,44.0013, -7.0595, 357.1332, 1.20, 6.59, 6.88, -69.56, -45.88, -52.19, -0.02, 0.01, 0.00
2025-11-16 01:42:42.907,43.9910, -7.0595, 357.1339, 1.19, 6.63, 6.88, -68.88, -46.25, -51.00, 0.02, -0.00, -0.00
2025-11-16 01:42:42.929,43.9885, -7.0607, 357.1331, 1.19, 6.67, 6.81, -68.88, -46.25, -51.00, 0.00, 0.01, -0.00
2025-11-16 01:42:42.949,43.9887, -7.0618, 357.1323, 1.20, 6.64, 6.87, -68.88, -46.25, -51.00, -0.02, -0.01, -0.00
2025-11-16 01:42:42.970,43.9862, -7.0630, 357.1315, 1.17, 6.68, 6.80, -68.06, -45.50, -51.75, 0.04, 0.01, -0.01
2025-11-16 01:42:42.993,43.9912, -7.0641, 357.1304, 1.21, 6.64, 6.90, -68.06, -45.50, -51.75, -0.05, -0.01, 0.00
2025-11-16 01:42:43.013,43.9914, -7.0664, 357.1295, 1.20, 6.66, 6.85, -68.06, -45.06, -51.00, 0.01, 0.01, -0.00
2025-11-16 01:42:43.033,43.9866, -7.0676, 357.1298, 1.20, 6.65, 6.82, -68.06, -45.06, -51.00, -0.01, 0.01, -0.00
2025-11-16 01:42:43.051,43.9817, -7.0687, 357.1301, 1.19, 6.67, 6.90, -68.06, -45.06, -51.00, -0.00, -0.01, -0.00
2025-11-16 01:42:43.069,43.9796, -7.0699, 357.1303, 1.16, 6.66, 6.80, -69.56, -45.06, -51.00, 0.04, -0.00, -0.00
2025-11-16 01:42:43.089,43.9796, -7.0699, 357.1303, 1.20, 6.71, 6.89, -69.56, -45.06, -51.00, -0.03, -0.00, 0.00
2025-11-16 01:42:43.111,43.9796, -7.0699, 357.1303, 1.17, 6.64, 6.86, -69.25, -45.88, -51.00, -0.02, 0.02, 0.00
2025-11-16 01:42:43.132,43.9796, -7.0699, 357.1303, 1.21, 6.68, 6.82, -69.25, -45.88, -51.00, 0.01, -0.02, -0.01
2025-11-16 01:42:43.151,43.9845, -7.0687, 357.1299, 1.19, 6.70, 6.85, -69.25, -45.88, -51.00, 0.01, 0.01, -0.00
2025-11-16 01:42:43.170,43.9817, -7.0687, 357.1301, 1.20, 6.63, 6.84, -69.25, -45.88, -51.00, -0.01, -0.01, -0.00
2025-11-16 01:42:43.190,43.9792, -7.0710, 357.1294, 1.18, 6.68, 6.80, -69.25, -45.88, -51.00, 0.02, 0.01, -0.00
2025-11-16 01:42:43.208,43.9796, -7.0722, 357.1264, 1.17, 6.68, 6.87, -69.56, -45.06, -51.00, -0.08, 0.01, 0.00
2025-11-16 01:42:43.228,43.9675, -7.0734, 357.1241, 1.18, 6.62, 6.82, 1978.44, -45.06, -51.00, 0.04, 0.01, -0.00
2025-11-16 01:42:43.248,43.9601, -7.0757, 357.1237, 1.19, 6.66, 6.87, -69.56, -45.06, -51.00, 0.01, -0.01, -0.00
2025-11-16 01:42:43.269,43.9552, -7.0791, 357.1201, 1.19, 6.64, 6.87, -69.25, -44.00, -50.56, 0.02, -0.01, -0.00
2025-11-16 01:42:43.294,43.9557, -7.0826, 357.1163, 1.17, 6.69, 6.76, -69.25, -44.00, -50.56, 0.05, -0.01, -0.01
2025-11-16 01:42:43.313,43.9559, -7.0849, 357.1154, 1.21, 6.76, 6.95, -68.06, -45.06, -51.00, -0.08, 0.01, 0.01
2025-11-16 01:42:43.333,43.9531, -7.0861, 357.1177, 1.18, 6.61, 6.87, -68.06, -45.06, -51.00, -0.03, 0.02, 0.00
2025-11-16 01:42:43.351,43.9484, -7.0884, 357.1171, 1.21, 6.68, 6.81, -68.06, -45.06, -51.00, 0.04, -0.01, -0.01
2025-11-16 01:42:43.371,43.9490, -7.0884, 357.1192, 1.20, 6.60, 6.91, -68.88, -46.25, -49.75, -0.02, -0.00, 0.00
2025-11-16 01:42:43.391,43.9363, -7.0872, 357.1209, 1.17, 6.66, 6.78, -68.88, -46.25, -49.75, 0.06, -0.01, -0.01
2025-11-16 01:42:43.415,43.9440, -7.0895, 357.1217, 1.17, 6.70, 6.91, -68.06, -45.06, -51.38, -0.12, 0.01, 0.01
2025-11-16 01:42:43.435,43.9423, -7.0941, 357.1201, 1.20, 6.61, 6.97, -68.06, -45.06, -51.38, 0.02, 0.01, -0.00
2025-11-16 01:42:43.453,43.9453, -7.0965, 357.1191, 1.16, 6.69, 6.80, -68.06, -45.06, -51.38, 0.08, -0.00, -0.01
2025-11-16 01:42:43.474,43.9431, -7.0999, 357.1153, 1.20, 6.68, 6.93, -69.25, -44.38, -51.38, -0.03, -0.01, 0.00
2025-11-16 01:42:43.495,43.9435, -7.1034, 357.1136, 1.20, 6.65, 6.79, -69.25, -44.38, -51.38, 0.06, -0.01, -0.01
2025-11-16 01:42:43.516,43.9361, -7.1057, 357.1132, 1.19, 6.70, 6.76, -68.06, -47.00, -51.38, -0.07, 0.02, 0.00
2025-11-16 01:42:43.536,78.1514, -7.1080, 288.1595, 1.20, 6.59, 6.98, -68.06, -47.00, -51.38, -0.03, 0.00, 0.00
2025-11-16 01:42:43.553,78.1390, -7.1092, 288.1602, 1.19, 6.67, 6.86, -68.06, -47.00, -51.38, 0.06, -0.01, -0.01
2025-11-16 01:42:43.573,78.1408, -7.1080, 288.1631, 1.17, 6.69, 6.86, -68.88, -46.56, -50.56, 0.03, -0.01, -0.00
2025-11-16 01:42:43.593,78.1362, -7.1103, 288.1625, 1.19, 6.62, 6.88, -68.88, -46.56, -50.56, -0.02, -0.02, 0.00
2025-11-16 01:42:43.610,78.1389, -7.1103, 288.1624, 1.16, 6.72, 6.76, -68.88, -45.50, -51.75, 0.05, 0.01, -0.01
2025-11-16 01:42:43.631,43.9354, -7.1068, 357.1153, 1.20, 6.61, 6.95, -68.88, -45.50, -51.75, -0.13, 0.02, 0.01
2025-11-16 01:42:43.650,43.9249, -7.1045, 357.1168, 1.17, 6.65, 6.84, -68.88, -45.50, -51.75, 0.03, 0.00, -0.00
2025-11-16 01:42:43.669,43.9150, -7.1034, 357.1183, 1.19, 6.68, 6.80, -68.88, -45.06, -50.25, 0.05, -0.01, -0.00
2025-11-16 01:42:43.691,43.9144, -7.0999, 357.1222, 1.17, 6.65, 6.87, -68.88, -45.06, -50.25, -0.02, -0.01, 0.00
2025-11-16 01:42:43.708,43.9040, -7.0976, 357.1215, 1.18, 6.71, 6.77, -68.50, -45.88, -49.75, 0.06, 0.00, -0.15
2025-11-16 01:42:43.728,43.9068, -7.0976, 357.1214, 1.21, 6.63, 6.93, -68.50, -45.88, -49.75, -0.09, 0.01, 0.01
2025-11-16 01:42:43.748,43.9116, -7.0976, 357.1211, 1.18, 6.60, 6.90, -68.50, -45.88, -49.75, -0.02, 0.01, 0.00
2025-11-16 01:42:43.766,43.9068, -7.0976, 357.1214, 1.17, 6.66, 6.81, -68.88, -45.50, -51.00, 0.05, -0.01, -0.01
2025-11-16 01:42:43.786,43.9068, -7.0976, 357.1214, 1.21, 6.67, 6.83, -68.88, -45.50, -51.00, -0.01, -0.01, -0.00
2025-11-16 01:42:43.806,43.9018, -7.0976, 357.1238, 1.18, 6.66, 6.88, -68.88, -45.50, -51.00, 0.01, -0.01, -0.01
2025-11-16 01:42:43.826,43.8970, -7.0976, 357.1241, 1.19, 6.68, 6.76, -68.88, -45.06, -50.56, -0.01, 0.02, -0.00
2025-11-16 01:42:43.847,43.9045, -7.0976, 357.1237, 1.19, 6.65, 6.91, -68.88, -45.06, -50.56, -0.08, 0.00, 0.01
2025-11-16 01:42:43.868,43.8997, -7.0976, 357.1240, 1.18, 6.67, 6.81, -69.25, -45.06, -51.38, 0.07, -0.00, -0.01
2025-11-16 01:42:43.888,43.9022, -7.0965, 357.1247, 1.20, 6.69, 6.84, -69.25, -45.06, -51.38, 0.01, -0.01, -0.01
2025-11-16 01:42:43.907,43.9022, -7.0965, 357.1247, 1.19, 6.64, 6.90, -69.56, -46.56, -51.00, -0.01, -0.00, 0.00
2025-11-16 01:42:43.927,43.9001, -7.0965, 357.1248, 1.17, 6.70, 6.84, -69.56, -46.56, -51.00, 0.02, 0.01, 0.00
2025-11-16 01:42:43.948,43.9028, -7.0965, 357.1247, 1.18, 6.64, 6.86, -69.56, -46.56, -51.00, -0.08, 0.01, 0.01
2025-11-16 01:42:43.966,43.9028, -7.0965, 357.1247, 1.21, 6.64, 6.93, -69.25, -45.50, -51.38, 0.03, 0.00, -0.00
2025-11-16 01:42:43.987,43.8974, -7.0965, 357.1250, 1.22, 6.65, 6.80, -69.25, -45.50, -51.38, 0.01, -0.02, -0.01
2025-11-16 01:42:44.006,43.8946, -7.0965, 357.1252, 1.20, 6.66, 6.89, -69.25, -45.50, -51.38, 0.02, 0.00, -0.00
2025-11-16 01:42:44.027,43.8919, -7.0965, 357.1253, 1.17, 6.67, 6.84, -68.88, -45.50, -51.00, -0.01, -0.00, -0.00
2025-11-16 01:42:44.047,43.8894, -7.0976, 357.1246, 1.18, 6.65, 6.86, -68.88, -45.50, -51.00, -0.03, 0.02, 0.00
2025-11-16 01:42:44.068,43.8915, -7.0976, 357.1244, 1.16, 6.70, 6.90, -68.88, -45.50, -51.38, 0.00, -0.01, -0.00
2025-11-16 01:42:44.088,43.8867, -7.0976, 357.1247, 1.18, 6.65, 6.79, -68.88, -45.50, -51.38, 0.02, -0.01, -0.00
2025-11-16 01:42:44.107,43.8867, -7.0976, 357.1247, 1.22, 6.77, 6.86, -68.50, -45.50, -52.19, 0.01, -0.01, -0.01
2025-11-16 01:42:44.127,43.8837, -7.0965, 357.1258, 1.19, 6.68, 6.84, -68.50, -45.50, -52.19, -0.02, 0.00, 0.00
2025-11-16 01:42:44.148,43.8787, -7.0953, 357.1269, 1.20, 6.65, 6.86, -68.50, -45.50, -52.19, 0.02, 0.00, -0.00
2025-11-16 01:42:44.171,43.8859, -7.0930, 357.1295, 1.20, 6.66, 6.93, -68.50, -45.06, -50.56, -0.03, 0.00, 0.00
2025-11-16 01:42:44.191,43.8808, -7.0907, 357.1307, 1.15, 6.65, 6.83, -68.50, -45.06, -50.56, 0.03, 0.01, -0.00
2025-11-16 01:42:44.212,43.8803, -7.0872, 357.1346, 1.18, 6.68, 6.83, -69.56, -45.88, -51.00, 0.01, -0.01, -0.00
2025-11-16 01:42:44.231,43.8755, -7.0872, 357.1349, 1.20, 6.64, 6.89, -69.56, -45.88, -51.00, -0.03, 0.01, 0.00
2025-11-16 01:42:44.250,43.8755, -7.0872, 357.1349, 1.16, 6.64, 6.80, -69.56, -45.88, -51.00, 0.02, 0.00, -0.00
2025-11-16 01:42:44.271,43.8764, -7.0895, 357.1319, 1.19, 6.64, 6.87, -69.25, -46.25, -51.38, -0.01, -0.00, 0.00
2025-11-16 01:42:44.291,43.8787, -7.0918, 357.1308, 1.20, 6.63, 6.88, -69.25, -46.25, -51.38, 0.00, 0.00, -0.00
2025-11-16 01:42:44.308,43.8742, -7.0941, 357.1281, 1.19, 6.69, 6.81, -68.50, -45.88, -51.00, 0.03, -0.00, -0.01
2025-11-16 01:42:44.328,43.8797, -7.0941, 357.1278, 1.19, 6.64, 6.90, -68.50, -45.88, -51.00, -0.04, 0.01, 0.01
2025-11-16 01:42:44.349,43.8748, -7.0941, 357.1281, 1.16, 6.69, 6.82, -68.50, -45.88, -51.00, 0.02, -0.01, -0.00
2025-11-16 01:42:44.369,43.8748, -7.0941, 357.1281, 1.17, 6.66, 6.86, -68.50, -45.50, -51.00, -0.00, 0.01, 0.00
2025-11-16 01:42:44.389,43.8748, -7.0941, 357.1281, 1.17, 6.65, 6.87, -68.50, -45.50, -51.00, -0.02, -0.00, 0.00
2025-11-16 01:42:44.407,43.8748, -7.0941, 357.1281, 1.18, 6.67, 6.81, -68.50, -46.25, -50.56, 0.03, 0.00, -0.01
2025-11-16 01:42:44.428,43.8694, -7.0941, 357.1284, 1.19, 6.64, 6.91, -68.50, -46.25, -50.56, -0.04, 0.01, 0.00
2025-11-16 01:42:44.448,43.8694, -7.0941, 357.1284, 1.20, 6.68, 6.81, -68.50, -46.25, -50.56, 0.04, -0.01, -0.00
2025-11-16 01:42:44.466,43.8666, -7.0941, 357.1286, 1.17, 6.67, 6.82, -69.56, -45.88, -50.56, -0.00, 0.00, 0.00
2025-11-16 01:42:44.487,43.8666, -7.0941, 357.1286, 1.19, 6.61, 6.92, -69.56, -45.88, -50.56, -0.04, 0.01, 0.01
2025-11-16 01:42:44.504,43.8643, -7.0918, 357.1296, 1.20, 6.67, 6.86, -69.56, -45.88, -50.56, 0.02, 0.01, -0.00
2025-11-16 01:42:44.526,43.8641, -7.0895, 357.1305, 1.19, 6.66, 6.87, -70.00, -45.88, -50.56, -0.02, 0.01, 0.00
2025-11-16 01:42:44.550,43.8612, -7.0872, 357.1315, 1.18, 6.64, 6.89, -70.00, -45.88, -50.56, -0.00, -0.02, -0.00
2025-11-16 01:42:44.569,43.8584, -7.0872, 357.1317, 1.16, 6.69, 6.79, -69.56, -46.25, -51.00, 0.03, 0.01, -0.00
2025-11-16 01:42:44.589,43.8584, -7.0872, 357.1317, 1.17, 6.62, 6.93, -69.56, -46.25, -51.00, -0.06, -0.00, 0.00
2025-11-16 01:42:44.606,43.8511, -7.0895, 357.1313, 1.19, 6.63, 6.87, -68.50, -45.50, -50.56, 0.05, 0.00, -0.00
2025-11-16 01:42:44.627,43.8486, -7.0918, 357.1305, 1.18, 6.66, 6.82, -68.50, -45.50, -50.56, -0.02, -0.00, -0.00
2025-11-16 01:42:44.647,43.8494, -7.0941, 357.1297, 1.21, 6.62, 6.89, -68.50, -45.50, -50.56, 0.01, -0.01, -0.00
2025-11-16 01:42:44.665,43.8467, -7.0941, 357.1298, 1.18, 6.66, 6.82, -68.88, -45.50, -50.56, 0.03, 0.00, -0.00
2025-11-16 01:42:44.686,43.8473, -7.0941, 357.1298, 1.17, 6.58, 6.90, -68.88, -45.50, -50.56, -0.08, 0.01, 0.01
2025-11-16 01:42:44.704,43.8422, -7.0918, 357.1310, 1.20, 6.60, 6.91, -68.88, -45.50, -50.56, -0.03, 0.00, 0.00
2025-11-16 01:42:44.725,43.8401, -7.0918, 357.1311, 1.17, 6.71, 6.80, -68.88, -45.50, -51.00, 0.02, 0.00, -0.00
2025-11-16 01:42:44.747,43.8422, -7.0918, 357.1310, 1.23, 6.65, 6.89, -68.88, -45.50, -51.00, -0.01, -0.02, -0.00
2025-11-16 01:42:44.764,43.8479, -7.0941, 357.1298, 1.21, 6.75, 6.73, -68.50, -46.56, -51.00, 0.07, 0.00, -0.01
2025-11-16 01:42:44.784,43.8551, -7.0953, 357.1285, 1.20, 6.69, 6.84, -68.50, -46.56, -51.00, -0.09, 0.01, 0.01
2025-11-16 01:42:44.802,43.8574, -7.0976, 357.1275, 1.17, 6.57, 6.89, -68.50, -46.56, -51.00, -0.05, 0.03, 0.01
2025-11-16 01:42:44.822,43.8469, -7.0953, 357.1289, 1.16, 6.65, 6.88, -68.88, -44.75, -51.00, -0.01, 0.01, 0.00
2025-11-16 01:42:44.843,43.8265, -7.0918, 357.1319, 1.18, 6.61, 6.98, -68.88, -44.75, -51.00, -0.06, 0.00, 0.01
2025-11-16 01:42:44.861,43.8088, -7.0872, 357.1347, 1.16, 6.65, 6.84, -68.50, -45.50, -51.75, 0.08, -0.02, -0.01
2025-11-16 01:42:44.881,43.8011, -7.0849, 357.1339, 1.23, 6.69, 6.76, -68.50, -45.50, -51.75, 0.06, -0.03, -0.01
2025-11-16 01:42:44.900,43.8166, -7.0861, 357.1300, 1.21, 6.71, 6.81, -68.50, -45.50, -51.75, -0.01, -0.00, 0.00
2025-11-16 01:42:44.923,43.8350, -7.0895, 357.1250, 1.20, 6.71, 6.76, -68.88, -45.88, -50.25, 0.00, 0.01, 0.00
2025-11-16 01:42:44.942,43.8507, -7.0918, 357.1202, 1.19, 6.62, 6.91, -68.88, -45.88, -50.25, -0.08, 0.02, 0.01
2025-11-16 01:42:44.963,43.8480, -7.0907, 357.1183, 1.16, 6.57, 6.93, -68.50, -46.25, -50.56, 0.02, 0.00, -0.00
2025-11-16 01:42:44.983,43.8360, -7.0884, 357.1199, 1.15, 6.64, 6.88, -68.50, -46.25, -50.56, 0.01, -0.01, -0.00
2025-11-16 01:42:45.001,43.8209, -7.0884, 357.1208, 1.17, 6.63, 6.88, -68.50, -46.25, -50.56, 0.03, -0.02, -0.01
2025-11-16 01:42:45.019,43.8133, -7.0884, 357.1213, 1.19, 6.67, 6.77, -69.25, -45.06, -52.19, 0.06, -0.01, -0.01
2025-11-16 01:42:45.043,43.8232, -7.0907, 357.1198, 1.21, 6.69, 6.83, -69.25, -45.06, -52.19, -0.05, 0.01, 0.01
2025-11-16 01:42:45.064,43.8312, -7.0953, 357.1176, 1.23, 6.65, 6.89, -69.56, -45.06, -50.25, -0.01, 0.01, 0.00
2025-11-16 01:42:45.085,43.8335, -7.0976, 357.1166, 1.20, 6.66, 6.84, -69.56, -45.06, -50.25, -0.05, 0.01, 0.00
2025-11-16 01:42:45.105,43.8236, -7.0953, 357.1181, 1.17, 6.61, 6.94, -69.56, -45.06, -50.25, 0.03, -0.01, -0.00
2025-11-16 01:48:53.290,0.0000, 0.0000, 0.0000, 0.00, 0.00, 0.00, 0.00, 0.00, 0.00, 0.02, -0.01, -0.01
2025-11-16 01:48:53.315,0.0000, 0.0000, 0.0000, 1.18, 6.82, 6.91, -68.88, -46.25, -52.19, 0.02, -0.02, -0.00
2025-11-16 01:48:53.340,0.0000, 0.0000, 0.0000, 1.17, 6.61, 6.84, -68.88, -46.25, -52.19, 0.03, -0.01, -0.01
2025-11-16 01:48:53.363,0.0201, -0.0029, 90.0000, 1.16, 6.63, 6.79, -68.88, -46.25, -52.19, -0.03, 0.01, 0.00
2025-11-16 01:48:53.384,0.0183, -0.0046, 144.0000, 1.17, 6.60, 6.89, -68.88, -46.25, -52.19, -0.02, 0.01, 0.00
2025-11-16 01:48:53.405,8.8085, -1.4107, 215.4320, 1.16, 6.62, 6.83, -68.88, -45.88, -51.75, -0.02, -0.00, -0.00
2025-11-16 01:48:53.426,17.5966, -2.8168, 286.8641, 1.17, 6.61, 6.86, -68.88, -45.88, -51.75, 0.01, -0.01, -0.00
2025-11-16 01:48:53.447,26.3867, -4.2230, 358.2960, 1.19, 6.62, 6.84, -68.88, -46.25, -51.00, 0.01, 0.00, -0.00
2025-11-16 01:48:53.468,35.1588, -5.6268, 357.7281, 1.16, 6.63, 6.81, -68.88, -46.25, -51.00, -0.03, 0.00, 0.00
2025-11-16 01:48:53.491,43.9425, -7.0295, 357.1582, 1.13, 6.63, 6.85, -69.56, -45.50, -52.19, 0.02, -0.01, 0.00
2025-11-16 01:48:53.513,43.9425, -7.0295, 357.1582, 1.14, 6.63, 6.79, -69.56, -45.50, -52.19, 0.00, -0.01, -0.00
2025-11-16 01:48:53.535,43.9474, -7.0295, 357.1579, 1.17, 6.61, 6.81, -69.56, -45.50, -52.19, 0.02, -0.00, -0.00
2025-11-16 01:48:53.557,43.9528, -7.0295, 357.1576, 1.19, 6.64, 6.80, -69.56, -45.88, -51.00, -0.04, 0.01, 0.01
2025-11-16 01:48:53.577,43.9508, -7.0283, 357.1557, 1.18, 6.59, 6.86, -69.56, -45.88, -51.00, -0.03, 0.00, 0.00
2025-11-16 01:48:53.598,43.9454, -7.0283, 357.1560, 1.16, 6.60, 6.90, -69.56, -46.56, -51.00, 0.01, -0.00, -0.00
2025-11-16 01:48:53.620,43.9385, -7.0272, 357.1543, 1.16, 6.60, 6.85, 1978.44, -46.56, -51.00, 0.01, -0.01, -0.00
2025-11-16 01:48:53.640,43.9340, -7.0283, 357.1516, 1.16, 6.64, 6.79, -68.88, -44.38, -51.75, 0.04, -0.01, -0.01
2025-11-16 01:48:53.659,43.9340, -7.0283, 357.1516, 1.15, 6.64, 6.79, -68.88, -44.38, -51.75, -0.03, 0.01, 0.00
2025-11-16 01:48:53.680,43.9267, -7.0295, 357.1490, 1.15, 6.62, 6.86, -68.88, -44.38, -51.75, -0.03, 0.02, 0.00
2025-11-16 01:48:53.703,43.9240, -7.0295, 357.1492, 1.16, 6.62, 6.82, -68.88, -45.50, -49.38, -0.01, 0.00, -0.00
2025-11-16 01:48:53.725,43.9295, -7.0295, 357.1489, 1.18, 6.62, 6.84, -68.88, -45.50, -49.38, 0.02, -0.01, -0.00
2025-11-16 01:48:53.745,43.9394, -7.0318, 357.1474, 1.17, 6.62, 6.80, -68.88, -46.25, -51.00, 0.04, -0.01, -0.01
2025-11-16 01:48:53.766,43.9469, -7.0318, 357.1469, 1.15, 6.55, 6.78, -68.88, -46.25, -51.00, -0.05, 0.02, 0.01
2025-11-16 01:48:53.786,43.9448, -7.0318, 357.1471, 1.14, 6.67, 6.89, -68.88, -46.25, -51.00, -0.01, 0.00, 0.00
2025-11-16 01:48:53.807,43.9474, -7.0306, 357.1478, 1.16, 6.65, 6.81, -68.88, -47.38, -50.19, -0.06, 0.02, 0.01
2025-11-16 01:48:53.828,43.9320, -7.0295, 357.1496, 1.19, 6.53, 6.99, -68.88, -47.38, -50.19, 0.05, -0.01, -0.01
2025-11-16 01:48:53.848,43.9267, -7.0249, 357.1516, 1.14, 6.67, 6.73, -68.50, -45.50, -51.00, 0.07, -0.03, -0.01
2025-11-16 01:48:53.870,43.9294, -7.0214, 357.1502, 1.14, 6.63, 6.85, -68.50, -45.50, -51.00, -0.02, -0.01, 0.00
2025-11-16 01:48:53.889,43.9389, -7.0179, 357.1484, 1.17, 6.65, 6.75, -68.88, -45.50, -50.19, 0.02, 0.01, -0.00
2025-11-16 01:48:53.911,43.9460, -7.0168, 357.1458, 1.18, 6.60, 6.84, -68.88, -45.50, -50.19, -0.12, 0.02, 0.02
2025-11-16 01:48:53.931,43.9464, -7.0145, 357.1466, 1.15, 6.56, 6.93, -68.88, -45.50, -50.19, 0.00, 0.00, 0.00
2025-11-16 01:48:53.952,43.9365, -7.0133, 357.1481, 1.15, 6.63, 6.78, -68.88, -46.25, -50.19, 0.06, -0.02, -0.01
2025-11-16 01:48:53.973,43.9214, -7.0145, 357.1490, 1.14, 6.62, 6.87, -68.88, -46.25, -50.19, -0.01, -0.01, -0.00
2025-11-16 01:48:53.991,43.9185, -7.0156, 357.1513, 1.16, 6.65, 6.78, -68.50, -45.06, -50.56, 0.05, -0.00, -0.01
2025-11-16 01:48:54.014,43.9214, -7.0179, 357.1524, 1.17, 6.64, 6.79, -68.50, -45.06, -50.56, -0.05, 0.01, 0.00
2025-11-16 01:48:54.032,43.9306, -7.0202, 357.1509, 1.17, 6.61, 6.89, -68.50, -45.06, -50.56, -0.03, 0.01, 0.00
2025-11-16 01:48:54.055,43.9357, -7.0226, 357.1498, 1.19, 6.64, 6.75, -68.50, -46.25, -50.19, -0.02, 0.00, -0.00
2025-11-16 01:48:54.078,43.9306, -7.0202, 357.1509, 1.18, 6.61, 6.87, -68.50, -46.25, -50.19, -0.02, 0.00, 0.00
2025-11-16 01:48:54.099,43.9160, -7.0179, 357.1506, 1.12, 6.62, 6.83, -69.25, -46.25, -51.38, 0.03, -0.00, -0.00
2025-11-16 01:48:54.121,43.9006, -7.0168, 357.1524, 1.15, 6.64, 6.80, -69.25, -46.25, -51.38, -0.02, 0.00, 0.00
2025-11-16 01:48:54.142,43.8959, -7.0156, 357.1506, 1.19, 6.61, 6.86, -68.50, -45.06, -51.00, 0.01, -0.01, -0.00
2025-11-16 01:48:54.163,43.8990, -7.0168, 357.1474, 1.20, 6.64, 6.77, -68.50, -45.06, -51.00, 0.04, -0.02, -0.01
2025-11-16 01:48:54.188,43.9070, -7.0214, 357.1452, 1.19, 6.64, 6.80, -68.50, -45.06, -51.00, -0.03, 0.01, 0.00
2025-11-16 01:48:54.211,43.9068, -7.0226, 357.1473, 1.14, 6.63, 6.85, -68.50, -45.06, -51.00, -0.04, 0.02, 0.00
2025-11-16 01:48:54.231,43.8948, -7.0202, 357.1490, 1.15, 6.59, 6.89, -68.50, -45.06, -51.00, -0.05, 0.01, 0.00
2025-11-16 01:48:54.253,43.8798, -7.0168, 357.1537, 1.18, 6.59, 6.85, -69.56, -47.00, -51.75, 0.04, -0.02, -0.01
2025-11-16 01:48:54.275,43.8798, -7.0168, 357.1537, 1.18, 6.61, 6.76, -69.56, -47.00, -51.75, 0.07, -0.02, -0.01
2025-11-16 01:48:54.296,43.8798, -7.0168, 357.1537, 1.16, 6.60, 6.83, -69.25, -45.88, -51.38, -0.01, 0.00, 0.00
2025-11-16 01:48:54.317,43.8852, -7.0202, 357.1496, 1.18, 6.65, 6.79, -69.25, -45.88, -51.38, -0.02, 0.01, 0.00
2025-11-16 01:48:54.336,43.8924, -7.0214, 357.1461, 1.15, 6.64, 6.87, -69.25, -45.88, -51.38, -0.07, 0.01, 0.00
2025-11-16 01:48:54.357,43.8949, -7.0226, 357.1429, 1.18, 6.59, 6.94, -68.88, -45.50, -49.75, 0.05, -0.00, -0.01
2025-11-16 01:48:54.378,43.8841, -7.0179, 357.1453, 1.13, 6.64, 6.82, -68.88, -45.50, -49.75, 0.01, -0.02, -0.00
2025-11-16 01:48:54.401,43.8734, -7.0133, 357.1476, 1.19, 6.63, 6.87, -68.50, -45.06, -50.56, 0.02, -0.01, -0.00
2025-11-16 01:48:54.424,43.8703, -7.0087, 357.1495, 1.19, 6.65, 6.78, -68.50, -45.06, -50.56, 0.01, 0.00, -0.00
2025-11-16 01:48:54.442,43.8675, -7.0087, 357.1497, 1.18, 6.64, 6.85, -68.88, -46.25, -50.56, -0.05, 0.01, 0.00
2025-11-16 01:48:54.464,43.8753, -7.0110, 357.1484, 1.14, 6.60, 6.82, -68.88, -46.25, -50.56, 0.01, 0.01, -0.00
2025-11-16 01:48:54.483,43.8707, -7.0133, 357.1478, 1.17, 6.65, 6.85, -68.88, -46.25, -50.56, -0.00, -0.01, -0.00
2025-11-16 01:48:54.504,43.8658, -7.0133, 357.1481, 1.16, 6.65, 6.91, -68.50, -46.25, -50.19, -0.01, 0.00, -0.00
2025-11-16 01:48:54.525,43.8610, -7.0133, 357.1484, 1.15, 6.66, 6.85, -68.50, -46.25, -50.19, 0.03, 0.00, -0.00
2025-11-16 01:48:54.543,43.8610, -7.0133, 357.1484, 1.17, 6.62, 6.88, -69.25, -45.50, -51.00, -0.03, -0.00, 0.00
2025-11-16 01:48:54.564,43.8631, -7.0133, 357.1483, 1.17, 6.64, 6.83, -69.25, -45.50, -51.00, 0.02, -0.01, -0.00
2025-11-16 01:48:54.582,43.8707, -7.0133, 357.1478, 1.19, 6.68, 6.85, -69.25, -45.50, -51.00, 0.00, -0.00, -0.00
2025-11-16 01:48:54.602,43.8728, -7.0133, 357.1477, 1.20, 6.63, 6.90, -69.56, -45.88, -50.19, -0.02, -0.00, 0.00
2025-11-16 01:48:54.622,43.8707, -7.0133, 357.1478, 1.19, 6.67, 6.80, -69.56, -45.88, -50.19, 0.03, -0.00, -0.00
2025-11-16 01:48:54.640,43.8761, -7.0133, 357.1475, 1.16, 6.67, 6.88, -68.50, -46.25, -51.75, -0.02, 0.01, 0.00
2025-11-16 01:48:54.659,43.8740, -7.0133, 357.1477, 1.18, 6.60, 6.89, -68.50, -46.25, -51.75, -0.00, 0.00, -0.00
2025-11-16 01:48:54.679,43.8686, -7.0133, 357.1480, 1.19, 6.67, 6.83, -68.50, -46.25, -51.75, 0.02, 0.01, -0.01
2025-11-16 01:48:54.699,43.8686, -7.0133, 357.1480, 1.20, 6.63, 6.93, -68.06, -46.25, -51.00, -0.05, -0.01, 0.00
2025-11-16 01:48:54.720,43.8611, -7.0122, 357.1463, 1.14, 6.67, 6.89, -68.06, -46.25, -51.00, 0.04, 0.00, -0.01
2025-11-16 01:48:54.740,43.8584, -7.0122, 357.1464, 1.18, 6.65, 6.85, -68.50, -46.25, -51.00, -0.00, -0.01, -0.00
2025-11-16 01:48:54.761,43.8605, -7.0122, 357.1463, 1.17, 6.66, 6.89, -68.50, -46.25, -51.00, -0.01, 0.00, 0.00
2025-11-16 01:48:54.781,43.8584, -7.0122, 357.1464, 1.18, 6.68, 6.81, -68.50, -46.25, -51.00, 0.01, 0.00, -0.00
2025-11-16 01:48:54.801,43.8563, -7.0122, 357.1466, 1.17, 6.65, 6.90, -68.88, -45.88, -51.75, -0.04, 0.00, 0.00
2025-11-16 01:48:54.821,43.8535, -7.0122, 357.1467, 1.17, 6.67, 6.83, -68.88, -45.88, -51.75, 0.03, -0.01, -0.01
2025-11-16 01:48:54.841,43.8514, -7.0122, 357.1469, 1.19, 6.69, 6.82, -69.25, -45.06, -51.00, 0.01, -0.01, -0.00
2025-11-16 01:48:54.860,43.8493, -7.0122, 357.1470, 1.17, 6.65, 6.89, -69.25, -45.06, -51.00, -0.01, -0.00, -0.00
2025-11-16 01:48:54.880,43.8493, -7.0122, 357.1470, 1.17, 6.64, 6.81, -69.25, -45.06, -51.00, 0.02, 0.00, -0.00
2025-11-16 01:48:54.900,43.8514, -7.0122, 357.1469, 1.18, 6.62, 6.91, -68.88, -46.56, -51.00, -0.05, 0.00, 0.01
2025-11-16 01:48:54.921,43.8487, -7.0122, 357.1470, 1.16, 6.64, 6.88, -68.88, -46.56, -51.00, 0.02, 0.01, -0.00
2025-11-16 01:48:54.942,43.8411, -7.0122, 357.1475, 1.18, 6.67, 6.88, -69.25, -45.88, -51.00, 0.01, -0.01, -0.00
2025-11-16 01:48:54.962,43.8387, -7.0133, 357.1446, 1.18, 6.64, 6.84, -69.25, -45.88, -51.00, 0.02, 0.00, -0.00
2025-11-16 01:48:54.981,43.8411, -7.0145, 357.1415, 1.17, 6.64, 6.82, -69.25, -45.88, -51.00, 0.01, -0.01, -0.00
2025-11-16 01:48:55.001,43.8442, -7.0156, 357.1383, 1.19, 6.69, 6.83, -68.88, -44.75, -50.19, -0.02, 0.01, 0.00
2025-11-16 01:48:55.021,43.8526, -7.0179, 357.1370, 1.18, 6.62, 6.91, -68.88, -44.75, -50.19, -0.04, 0.01, 0.00
2025-11-16 01:48:55.041,43.8499, -7.0179, 357.1371, 1.19, 6.64, 6.88, -69.25, -45.88, -50.56, 0.01, -0.01, -0.01
2025-11-16 01:48:55.062,43.8502, -7.0168, 357.1401, 1.18, 6.66, 6.88, -69.25, -45.88, -50.56, 0.01, -0.00, -0.00
2025-11-16 01:48:55.082,43.8459, -7.0168, 357.1405, 1.18, 6.63, 6.82, -69.25, -45.88, -50.56, 0.03, -0.01, -0.01
2025-11-16 01:48:55.102,43.8486, -7.0179, 357.1424, 1.18, 6.68, 6.83, -68.06, -44.75, -50.56, -0.01, 0.00, 0.00
2025-11-16 01:48:55.124,43.8506, -7.0191, 357.1444, 1.18, 6.64, 6.89, 1979.94, -44.75, -50.56, -0.03, 0.02, 0.00
2025-11-16 01:48:55.144,43.8533, -7.0191, 357.1443, 1.19, 6.66, 6.89, -68.88, -45.06, -50.56, -0.00, -0.00, -0.00
2025-11-16 01:48:55.163,43.8506, -7.0191, 357.1444, 1.17, 6.66, 6.87, -68.88, -45.06, -50.56, -0.01, 0.00, -0.00
2025-11-16 01:48:55.182,43.8502, -7.0179, 357.1474, 1.20, 6.64, 6.88, -68.88, -45.06, -50.56, 0.01, -0.01, -0.00
2025-11-16 01:48:55.200,43.8425, -7.0156, 357.1488, 1.16, 6.66, 6.84, -69.25, -45.50, -51.00, 0.02, -0.00, -0.00
2025-11-16 01:48:55.220,43.8444, -7.0133, 357.1495, 1.18, 6.66, 6.87, -69.25, -45.50, -51.00, -0.02, 0.00, -0.00
2025-11-16 01:48:55.240,43.8492, -7.0133, 357.1492, 1.18, 6.66, 6.85, -68.06, -45.50, -50.56, 0.00, 0.00, -0.00
2025-11-16 01:48:55.262,43.8540, -7.0133, 357.1489, 1.17, 6.63, 6.87, -68.06, -45.50, -50.56, -0.03, -0.01, 0.00
2025-11-16 01:48:55.281,43.8513, -7.0133, 357.1490, 1.15, 6.65, 6.90, -68.06, -45.50, -50.56, 0.00, 0.01, -0.00
2025-11-16 01:48:55.302,43.8465, -7.0133, 357.1493, 1.19, 6.66, 6.89, -68.06, -45.50, -49.06, -0.01, -0.01, -0.00
2025-11-16 01:48:55.322,43.8444, -7.0133, 357.1495, 1.20, 6.67, 6.81, -68.06, -45.50, -49.06, 0.02, 0.01, -0.00
2025-11-16 01:48:55.345,43.8444, -7.0133, 357.1495, 1.17, 6.68, 6.89, -68.50, -44.75, -50.19, -0.00, -0.01, -0.01
2025-11-16 01:48:55.365,43.8494, -7.0156, 357.1483, 1.16, 6.68, 6.78, -68.50, -44.75, -50.19, 0.02, 0.00, -0.00
2025-11-16 01:48:55.383,43.8518, -7.0168, 357.1451, 1.18, 6.63, 6.89, -68.50, -44.75, -50.19, -0.03, -0.00, 0.00
2025-11-16 01:48:55.403,43.8518, -7.0168, 357.1451, 1.18, 6.67, 6.89, -69.56, -45.88, -51.38, -0.01, 0.01, 0.00
2025-11-16 01:48:55.424,43.8415, -7.0168, 357.1457, 1.16, 6.63, 6.90, -69.56, -45.88, -51.38, -0.01, 0.00, 0.00
2025-11-16 01:48:55.445,43.8367, -7.0168, 357.1461, 1.17, 6.67, 6.86, -68.88, -45.88, -51.00, 0.02, -0.01, -0.00
2025-11-16 01:48:55.466,43.8316, -7.0145, 357.1472, 1.19, 6.67, 6.81, -68.88, -45.88, -51.00, 0.02, -0.01, -0.00
2025-11-16 01:48:55.486,43.8313, -7.0133, 357.1502, 1.18, 6.65, 6.88, -68.88, -45.88, -51.00, -0.01, -0.00, -0.00
2025-11-16 01:48:55.506,43.8334, -7.0133, 357.1501, 1.17, 6.67, 6.87, -68.88, -46.25, -50.25, -0.02, 0.00, 0.00
2025-11-16 01:48:55.527,43.8363, -7.0122, 357.1478, 1.18, 6.66, 6.89, -68.88, -46.25, -50.25, -0.00, 0.00, -0.00
2025-11-16 01:48:55.547,43.8337, -7.0110, 357.1458, 1.18, 6.65, 6.90, -69.25, -46.56, -50.19, 0.01, -0.01, -0.00
2025-11-16 01:48:55.567,43.8289, -7.0099, 357.1440, 1.15, 6.66, 6.85, -69.25, -46.56, -50.19, 0.00, 0.00, -0.00
2025-11-16 01:48:55.586,43.8242, -7.0087, 357.1421, 1.16, 6.67, 6.89, -69.25, -46.56, -50.19, -0.02, 0.00, 0.00
2025-11-16 01:48:55.608,43.8167, -7.0075, 357.1405, 1.20, 6.66, 6.83, -68.50, -45.50, -51.00, 0.00, 0.00, 0.00
2025-11-16 01:48:55.629,43.8140, -7.0075, 357.1406, 1.17, 6.64, 6.84, -68.50, -45.50, -51.00, -0.01, -0.01, -0.00
2025-11-16 01:48:55.650,43.8113, -7.0075, 357.1408, 1.18, 6.66, 6.87, -69.25, -45.88, -51.00, 0.01, -0.00, -0.00
2025-11-16 01:48:55.670,43.8113, -7.0075, 357.1408, 1.18, 6.66, 6.80, -69.25, -45.88, -51.00, 0.00, -0.00, -0.00
2025-11-16 01:48:55.689,43.8113, -7.0075, 357.1408, 1.18, 6.66, 6.85, -69.56, -45.50, -51.75, -0.01, 0.00, -0.00
2025-11-16 01:48:55.709,43.8113, -7.0075, 357.1408, 1.18, 6.65, 6.87, -69.56, -45.50, -51.75, 0.00, 0.00, 0.00
2025-11-16 01:48:55.729,43.8113, -7.0075, 357.1408, 1.15, 6.64, 6.86, -69.56, -45.50, -51.75, 0.00, -0.00, -0.00
2025-11-16 01:48:55.749,43.8113, -7.0075, 357.1408, 1.16, 6.68, 6.85, -68.06, -45.50, -51.00, 0.01, -0.00, -0.00
2025-11-16 01:48:55.770,43.8058, -7.0075, 357.1411, 1.18, 6.65, 6.83, -68.06, -45.50, -51.00, 0.00, 0.00, -0.00
2025-11-16 01:48:55.790,43.8031, -7.0075, 357.1412, 1.17, 6.66, 6.88, -68.50, -47.00, -51.00, -0.02, 0.00, 0.00
2025-11-16 01:48:55.811,43.8016, -7.0087, 357.1414, 1.18, 6.66, 6.87, -68.50, -47.00, -51.00, -0.00, 0.00, 0.00
2025-11-16 01:48:55.831,43.8001, -7.0099, 357.1415, 1.17, 6.64, 6.86, -68.50, -47.00, -51.00, 0.02, -0.01, -0.00
2025-11-16 01:48:55.851,43.8007, -7.0110, 357.1415, 1.17, 6.68, 6.85, -68.88, -45.06, -51.38, 0.01, -0.01, -0.01
2025-11-16 01:48:55.872,43.8007, -7.0110, 357.1415, 1.16, 6.67, 6.87, -68.88, -45.06, -51.38, 0.00, 0.00, 0.00
2025-11-16 01:48:55.890,43.8013, -7.0122, 357.1415, 1.16, 6.66, 6.88, -69.25, -45.88, -51.00, -0.02, 0.01, 0.00
2025-11-16 01:48:55.911,43.7959, -7.0122, 357.1418, 1.14, 6.65, 6.88, -69.25, -45.88, -51.00, -0.03, 0.01, 0.00
2025-11-16 01:48:55.930,43.7877, -7.0122, 357.1423, 1.18, 6.64, 6.91, -69.25, -45.88, -51.00, 0.01, -0.00, -0.00
2025-11-16 01:48:55.951,43.7801, -7.0122, 357.1427, 1.20, 6.65, 6.85, -68.88, -46.25, -50.25, 0.02, -0.01, -0.00
2025-11-16 01:48:55.972,43.7780, -7.0133, 357.1429, 1.18, 6.66, 6.84, -68.88, -46.25, -50.25, 0.02, -0.01, 0.00
2025-11-16 01:48:55.994,43.7753, -7.0133, 357.1430, 1.16, 6.69, 6.81, -69.25, -47.00, -51.00, 0.00, 0.00, -0.00
2025-11-16 01:48:56.016,43.7753, -7.0133, 357.1430, 1.18, 6.65, 6.86, -69.25, -47.00, -51.00, -0.03, 0.01, 0.00
2025-11-16 01:48:56.034,43.7753, -7.0133, 357.1430, 1.18, 6.64, 6.86, -69.25, -47.00, -51.00, -0.02, 0.00, 0.00
2025-11-16 01:48:56.054,43.7726, -7.0133, 357.1432, 1.16, 6.65, 6.91, -69.25, -44.00, -50.56, 0.01, -0.00, -0.00
2025-11-16 01:48:56.074,43.7677, -7.0133, 357.1435, 1.17, 6.63, 6.87, -69.25, -44.00, -50.56, 0.01, -0.00, -0.00
2025-11-16 01:48:56.095,43.7629, -7.0133, 357.1438, 1.17, 6.66, 6.84, -68.50, -45.88, -51.38, 0.00, 0.00, -0.00
2025-11-16 01:48:56.115,43.7601, -7.0133, 357.1440, 1.19, 6.66, 6.86, -68.50, -45.88, -51.38, -0.01, 0.00, 0.00
2025-11-16 01:48:56.133,43.7601, -7.0133, 357.1440, 1.20, 6.66, 6.86, -68.50, -45.88, -51.38, -0.00, -0.00, 0.00
2025-11-16 01:48:56.154,43.7601, -7.0133, 357.1440, 1.18, 6.68, 6.82, -69.56, -46.25, -50.56, 0.02, -0.01, -0.00
2025-11-16 01:48:56.174,43.7601, -7.0133, 357.1440, 1.16, 6.66, 6.91, -69.56, -46.25, -50.56, -0.01, 0.00, -0.00
2025-11-16 01:48:56.195,43.7553, -7.0133, 357.1443, 1.15, 6.64, 6.89, -69.56, -46.56, -51.38, -0.02, 0.01, 0.00
2025-11-16 01:48:56.214,43.7532, -7.0133, 357.1444, 1.16, 6.66, 6.86, -69.56, -46.56, -51.38, -0.01, 0.00, 0.00
2025-11-16 01:48:56.232,43.7511, -7.0133, 357.1446, 1.20, 6.68, 6.87, -69.56, -46.56, -51.38, 0.01, -0.00, -0.00
2025-11-16 01:48:56.252,43.7517, -7.0133, 357.1446, 1.18, 6.65, 6.85, -69.25, -45.88, -52.19, 0.02, -0.00, -0.00
2025-11-16 01:48:56.273,43.7517, -7.0133, 357.1446, 1.18, 6.64, 6.82, -69.25, -45.88, -52.19, 0.00, -0.00, -0.00
2025-11-16 01:48:56.292,43.7538, -7.0133, 357.1444, 1.18, 6.64, 6.85, -68.88, -45.50, -50.56, -0.02, 0.01, -0.00
2025-11-16 01:48:56.314,43.7511, -7.0133, 357.1446, 1.18, 6.64, 6.91, -68.88, -45.50, -50.56, -0.02, 0.01, 0.00
2025-11-16 01:48:56.333,43.7456, -7.0133, 357.1449, 1.18, 6.66, 6.88, -68.88, -45.50, -50.56, 0.01, -0.00, -0.00
2025-11-16 01:48:56.356,43.7402, -7.0133, 357.1452, 1.20, 6.66, 6.85, -69.25, -46.25, -51.75, 0.02, -0.01, -0.00
2025-11-16 01:48:56.376,43.7374, -7.0133, 357.1453, 1.16, 6.65, 6.81, -69.25, -46.25, -51.75, 0.00, -0.00, -0.00
2025-11-16 01:48:56.397,43.7374, -7.0133, 357.1453, 1.18, 6.67, 6.84, -68.06, -45.50, -51.00, -0.03, 0.01, 0.00
2025-11-16 01:48:56.417,43.7347, -7.0133, 357.1455, 1.18, 6.66, 6.85, -68.06, -45.50, -51.00, -0.01, 0.00, 0.00
2025-11-16 01:48:56.436,43.7348, -7.0122, 357.1433, 1.18, 6.65, 6.86, -68.06, -45.50, -51.00, 0.01, -0.00, -0.00
2025-11-16 01:48:56.456,43.7348, -7.0122, 357.1433, 1.18, 6.67, 6.87, -69.25, -46.25, -52.19, 0.01, -0.01, -0.00
2025-11-16 01:48:56.477,43.7300, -7.0122, 357.1436, 1.19, 6.67, 6.84, -69.25, -46.25, -52.19, 0.00, -0.00, 0.00
2025-11-16 01:48:56.498,43.7252, -7.0122, 357.1440, 1.20, 6.66, 6.88, -68.88, -45.50, -50.25, -0.02, 0.00, 0.00
2025-11-16 01:48:56.522,43.7259, -7.0110, 357.1418, 1.16, 6.64, 6.91, -68.88, -45.50, -50.25, -0.01, 0.00, 0.00
2025-11-16 01:48:56.542,43.7238, -7.0110, 357.1420, 1.20, 6.66, 6.87, -69.25, -45.50, -49.75, 0.01, -0.00, -0.00
2025-11-16 01:48:56.562,43.7218, -7.0099, 357.1400, 1.19, 6.67, 6.86, -69.25, -45.50, -49.75, 0.01, -0.00, -0.01
2025-11-16 01:48:56.581,43.7192, -7.0087, 357.1380, 1.16, 6.65, 6.81, -69.25, -45.50, -49.75, 0.00, -0.00, -0.00
2025-11-16 01:48:56.601,43.7165, -7.0075, 357.1360, 1.16, 6.65, 6.84, -68.50, -45.88, -51.00, -0.01, 0.01, 0.00
2025-11-16 01:48:56.621,43.7111, -7.0075, 357.1363, 1.18, 6.65, 6.89, -68.50, -45.88, -51.00, -0.02, 0.00, 0.00
2025-11-16 01:48:56.640,43.7062, -7.0075, 357.1366, 1.22, 6.66, 6.89, -68.88, -45.06, -50.25, 0.00, -0.00, 0.00
2025-11-16 01:48:56.661,43.6987, -7.0075, 357.1371, 1.19, 6.66, 6.82, -68.88, -45.06, -50.25, 0.02, -0.01, -0.00
2025-11-16 01:48:56.681,43.6945, -7.0075, 357.1374, 1.16, 6.65, 6.87, -68.88, -45.06, -50.25, 0.01, -0.01, -0.00
2025-11-16 01:48:56.702,43.6902, -7.0075, 357.1377, 1.18, 6.66, 6.89, -69.25, -45.50, -51.38, -0.01, 0.00, 0.00
2025-11-16 01:48:56.722,43.6881, -7.0075, 357.1378, 1.16, 6.62, 6.86, -69.25, -45.50, -51.38, -0.01, 0.00, 0.00
2025-11-16 01:48:56.742,43.6881, -7.0075, 357.1378, 1.17, 6.70, 6.87, -69.56, -46.25, -49.75, 0.00, -0.00, -0.00
2025-11-16 01:48:56.761,43.6881, -7.0075, 357.1378, 1.16, 6.66, 6.84, -69.56, -46.25, -49.75, 0.00, 0.00, -0.00
2025-11-16 01:48:56.781,43.6854, -7.0075, 357.1380, 1.17, 6.64, 6.84, -69.56, -46.25, -49.75, 0.00, -0.00, -0.00
2025-11-16 01:48:56.801,43.6827, -7.0075, 357.1381, 1.18, 6.63, 6.85, -68.50, -45.88, -50.56, -0.01, 0.00, 0.00
2025-11-16 01:48:56.822,43.6772, -7.0075, 357.1384, 1.17, 6.66, 6.88, -68.50, -45.88, -50.56, -0.01, 0.01, 0.00
2025-11-16 01:48:56.843,43.6718, -7.0075, 357.1387, 1.17, 6.62, 6.88, -68.88, -45.88, -51.00, -0.01, -0.00, -0.00
2025-11-16 01:48:56.864,43.6663, -7.0075, 357.1390, 1.17, 6.66, 6.82, -68.88, -45.88, -51.00, 0.02, -0.00, -0.00
2025-11-16 01:48:56.883,43.6690, -7.0075, 357.1389, 1.17, 6.68, 6.83, -68.88, -45.88, -51.00, 0.01, -0.01, -0.01
2025-11-16 01:48:56.903,43.6718, -7.0075, 357.1387, 1.15, 6.63, 6.88, -68.50, -45.50, -51.38, -0.02, 0.00, 0.00
2025-11-16 01:48:56.922,43.6745, -7.0075, 357.1386, 1.17, 6.67, 6.84, -68.50, -45.50, -51.38, -0.01, 0.00, 0.00
2025-11-16 01:48:56.943,43.6745, -7.0075, 357.1386, 1.19, 6.67, 6.90, -70.00, -46.56, -51.00, -0.00, -0.00, 0.00
2025-11-16 01:48:56.962,43.6745, -7.0075, 357.1386, 1.19, 6.64, 6.86, -70.00, -46.56, -51.00, 0.01, -0.01, -0.01
2025-11-16 01:48:56.981,43.6718, -7.0075, 357.1387, 1.19, 6.66, 6.85, -70.00, -46.56, -51.00, 0.00, -0.00, 0.00
2025-11-16 01:48:57.002,43.6663, -7.0075, 357.1390, 1.20, 6.64, 6.90, -68.88, -45.06, -51.00, -0.01, 0.01, 0.00
2025-11-16 01:48:57.023,43.6636, -7.0075, 357.1392, 1.16, 6.67, 6.85, -68.88, -45.06, -51.00, -0.00, -0.00, 0.00
2025-11-16 01:48:57.045,43.6636, -7.0075, 357.1392, 1.16, 6.67, 6.85, -68.06, -45.88, -51.00, -0.00, -0.00, 0.00
2025-11-16 01:48:57.066,43.6636, -7.0075, 357.1392, 1.17, 6.66, 6.84, -68.06, -45.88, -51.00, 0.01, -0.00, -0.00
2025-11-16 01:48:57.084,43.6609, -7.0075, 357.1394, 1.19, 6.67, 6.87, -68.06, -45.88, -51.00, 0.01, -0.01, -0.00
2025-11-16 01:48:57.103,43.6609, -7.0075, 357.1394, 1.19, 6.67, 6.87, -68.88, -45.50, -50.25, -0.01, 0.00, -0.00
2025-11-16 01:48:57.123,43.6636, -7.0075, 357.1392, 1.18, 6.65, 6.85, -68.88, -45.50, -50.25, -0.01, 0.00, 0.00
2025-11-16 01:48:57.143,43.6663, -7.0075, 357.1390, 1.18, 6.65, 6.88, -67.75, -44.75, -51.38, -0.01, 0.00, -0.00
2025-11-16 01:48:57.163,43.6663, -7.0075, 357.1390, 1.18, 6.65, 6.88, -67.75, -44.75, -51.38, 0.01, -0.00, -0.00
2025-11-16 01:48:57.182,43.6690, -7.0075, 357.1389, 1.17, 6.68, 6.86, -67.75, -44.75, -51.38, 0.02, -0.00, -0.00
2025-11-16 01:48:57.204,43.6718, -7.0075, 357.1387, 1.17, 6.67, 6.86, -68.88, -46.25, -50.56, -0.02, 0.00, 0.00
2025-11-16 01:48:57.224,43.6718, -7.0075, 357.1387, 1.18, 6.69, 6.83, -68.88, -46.25, -50.56, 0.00, 0.00, -0.00
2025-11-16 01:48:57.245,43.6690, -7.0075, 357.1389, 1.19, 6.67, 6.89, -68.88, -45.88, -50.56, -0.02, 0.00, 0.00
2025-11-16 01:48:57.264,43.6669, -7.0087, 357.1390, 1.17, 6.66, 6.84, -68.88, -45.88, -50.56, -0.00, 0.00, 0.00
2025-11-16 01:48:57.282,43.6615, -7.0087, 357.1394, 1.18, 6.64, 6.86, -68.88, -45.88, -50.56, 0.02, -0.01, 0.00
2025-11-16 01:48:57.303,43.6560, -7.0087, 357.1397, 1.18, 6.66, 6.86, -68.88, -46.25, -50.56, -0.02, 0.00, 0.00
2025-11-16 01:48:57.323,43.6533, -7.0087, 357.1398, 1.15, 6.67, 6.86, -68.88, -46.25, -50.56, 0.01, -0.00, -0.00
2025-11-16 01:48:57.344,43.6533, -7.0087, 357.1398, 1.16, 6.69, 6.89, -69.25, -45.06, -51.00, -0.00, 0.00, -0.00
2025-11-16 01:48:57.366,43.6533, -7.0087, 357.1398, 1.17, 6.64, 6.86, -69.25, -45.06, -51.00, -0.01, 0.00, -0.00
2025-11-16 01:48:57.385,43.6533, -7.0087, 357.1398, 1.18, 6.66, 6.86, -69.25, -45.06, -51.00, 0.01, -0.00, -0.00
2025-11-16 01:48:57.406,43.6539, -7.0099, 357.1398, 1.21, 6.65, 6.88, -68.50, -44.75, -50.25, -0.02, 0.00, 0.00
2025-11-16 01:48:57.427,43.6491, -7.0110, 357.1401, 1.18, 6.65, 6.85, -68.50, -44.75, -50.25, -0.01, 0.00, -0.00
2025-11-16 01:48:57.447,43.6470, -7.0122, 357.1403, 1.17, 6.65, 6.86, -68.88, -46.25, -51.00, -0.01, 0.00, 0.00
2025-11-16 01:48:57.466,43.6470, -7.0122, 357.1403, 1.17, 6.63, 6.85, -68.88, -46.25, -51.00, -0.01, -0.01, -0.00
2025-11-16 01:48:57.485,43.6497, -7.0122, 357.1401, 1.15, 6.68, 6.83, -68.88, -46.25, -51.00, 0.03, -0.00, -0.01
2025-11-16 01:48:57.505,43.6518, -7.0110, 357.1400, 1.18, 6.65, 6.89, -68.50, -47.38, -52.19, -0.01, -0.00, 0.00
2025-11-16 01:48:57.526,43.6566, -7.0099, 357.1397, 1.19, 6.63, 6.85, -68.50, -47.38, -52.19, -0.01, 0.01, 0.00
2025-11-16 01:48:57.548,43.6594, -7.0099, 357.1395, 1.19, 6.64, 6.90, -69.25, -45.50, -50.56, -0.02, 0.01, 0.00
2025-11-16 01:48:57.568,43.6566, -7.0099, 357.1397, 1.18, 6.64, 6.90, -69.25, -45.50, -50.56, 0.02, -0.01, -0.01
2025-11-16 01:48:57.588,43.6541, -7.0122, 357.1389, 1.19, 6.66, 6.83, -69.25, -45.50, -50.56, 0.02, -0.01, -0.00
2025-11-16 01:48:57.609,43.6543, -7.0145, 357.1381, 1.20, 6.64, 6.88, -69.56, -45.50, -50.56, -0.02, 0.00, -0.00
2025-11-16 01:48:57.629,43.6545, -7.0168, 357.1372, 1.16, 6.64, 6.83, -69.56, -45.50, -50.56, 0.00, 0.00, -0.00
2025-11-16 01:48:57.649,43.6541, -7.0179, 357.1363, 1.19, 6.67, 6.85, -68.88, -44.75, -51.00, -0.01, 0.00, -0.00
2025-11-16 01:48:57.676,43.6592, -7.0191, 357.1352, 1.17, 6.66, 6.85, -68.88, -44.75, -51.00, 0.00, -0.00, -0.00
2025-11-16 01:48:57.697,43.6592, -7.0191, 357.1352, 1.16, 6.65, 6.87, -68.06, -46.56, -51.75, -0.00, 0.00, 0.00
2025-11-16 01:48:57.718,43.6565, -7.0191, 357.1353, 1.15, 6.66, 6.84, -68.06, -46.56, -51.75, 0.01, -0.00, -0.00
2025-11-16 01:48:57.737,43.6565, -7.0191, 357.1353, 1.16, 6.66, 6.86, -68.06, -46.56, -51.75, -0.01, -0.00, 0.00
2025-11-16 01:48:57.758,43.6565, -7.0191, 357.1353, 1.18, 6.64, 6.86, -68.06, -45.50, -50.56, -0.01, 0.01, -0.00
2025-11-16 01:48:57.779,43.6571, -7.0191, 357.1353, 1.17, 6.64, 6.86, -68.06, -45.50, -50.56, -0.01, -0.00, 0.00
2025-11-16 01:48:57.799,43.6550, -7.0191, 357.1355, 1.19, 6.64, 6.90, -68.50, -45.88, -50.56, 0.01, -0.00, -0.00
2025-11-16 01:48:57.820,43.6529, -7.0191, 357.1356, 1.18, 6.66, 6.87, -68.50, -45.88, -50.56, 0.02, -0.01, -0.00
2025-11-16 01:48:57.838,43.6556, -7.0191, 357.1355, 1.17, 6.68, 6.85, -68.50, -45.88, -50.56, 0.01, -0.01, -0.00
2025-11-16 01:48:57.858,43.6610, -7.0191, 357.1352, 1.18, 6.69, 6.84, -68.88, -45.88, -51.38, -0.01, 0.00, -0.00
2025-11-16 01:48:57.879,43.6604, -7.0191, 357.1352, 1.16, 6.68, 6.85, -68.88, -45.88, -51.38, -0.04, 0.01, 0.01
2025-11-16 01:48:57.898,43.6527, -7.0179, 357.1365, 1.17, 6.63, 6.87, -68.88, -45.88, -50.56, -0.03, 0.01, 0.00
2025-11-16 01:48:57.920,43.6426, -7.0145, 357.1388, 1.19, 6.63, 6.88, -68.88, -45.88, -50.56, 0.02, -0.01, -0.00
2025-11-16 01:48:57.938,43.6348, -7.0133, 357.1402, 1.21, 6.65, 6.89, -68.88, -45.88, -50.56, 0.05, -0.02, -0.01
2025-11-16 01:48:57.959,43.6350, -7.0156, 357.1393, 1.18, 6.67, 6.85, -69.56, -45.06, -50.56, 0.03, -0.01, -0.01
2025-11-16 01:48:57.979,43.6428, -7.0179, 357.1380, 1.17, 6.69, 6.80, -69.56, -45.06, -50.56, -0.03, 0.01, 0.00
2025-11-16 01:48:57.997,43.6533, -7.0191, 357.1365, 1.13, 6.65, 6.84, -69.56, -45.50, -50.56, -0.05, 0.01, 0.00
2025-11-16 01:48:58.017,43.6533, -7.0191, 357.1365, 1.15, 6.68, 6.88, -69.56, -45.50, -50.56, -0.02, 0.00, 0.00
2025-11-16 01:48:58.036,43.6434, -7.0168, 357.1380, 1.20, 6.63, 6.88, -69.56, -45.50, -50.56, 0.00, -0.01, -0.00
2025-11-16 01:48:58.056,43.6304, -7.0110, 357.1413, 1.21, 6.64, 6.91, -68.50, -44.75, -50.56, 0.03, -0.01, -0.00
2025-11-16 01:48:58.079,43.6175, -7.0075, 357.1438, 1.17, 6.65, 6.84, -68.50, -44.75, -50.56, 0.01, -0.00, -0.00
2025-11-16 01:48:58.100,43.6146, -7.0064, 357.1448, 1.17, 6.68, 6.83, -68.88, -45.06, -49.75, -0.02, 0.00, 0.00
2025-11-16 01:48:58.120,43.6190, -7.0087, 357.1437, 1.17, 6.67, 6.86, -68.88, -45.06, -49.75, -0.01, 0.00, 0.00
2025-11-16 01:48:58.139,43.6268, -7.0110, 357.1423, 1.15, 6.65, 6.85, -68.50, -46.56, -51.75, -0.00, -0.00, -0.00
2025-11-16 01:48:58.160,43.6270, -7.0133, 357.1415, 1.15, 6.64, 6.88, -68.50, -46.56, -51.75, -0.01, 0.00, 0.00
2025-11-16 01:48:58.180,43.6222, -7.0133, 357.1418, 1.15, 6.64, 6.87, -68.50, -46.56, -51.75, 0.00, -0.00, 0.00
2025-11-16 01:48:58.200,43.6146, -7.0133, 357.1422, 1.22, 6.68, 6.85, -68.88, -45.50, -50.56, 0.01, -0.01, -0.00
2025-11-16 01:48:58.220,43.6125, -7.0133, 357.1424, 1.19, 6.66, 6.84, -68.88, -45.50, -50.56, 0.02, -0.01, -0.00
2025-11-16 01:48:58.240,43.6146, -7.0133, 357.1422, 1.18, 6.66, 6.87, -69.56, -46.25, -51.38, 0.01, -0.01, -0.00
2025-11-16 01:48:58.260,43.6167, -7.0133, 357.1421, 1.17, 6.67, 6.82, -69.56, -46.25, -51.38, -0.03, 0.01, 0.01
2025-11-16 01:48:58.282,43.6146, -7.0133, 357.1422, 1.15, 6.65, 6.87, -69.56, -46.25, -51.38, -0.02, 0.01, 0.00
2025-11-16 01:48:58.304,43.6098, -7.0133, 357.1425, 1.17, 6.67, 6.84, -68.50, -45.50, -50.25, 0.00, 0.00, -0.00
2025-11-16 01:48:58.324,43.6049, -7.0133, 357.1428, 1.18, 6.65, 6.86, -68.50, -45.50, -50.25, 0.01, -0.01, -0.00
2025-11-16 01:48:58.341,43.6003, -7.0156, 357.1423, 1.17, 6.67, 6.83, -68.88, -46.56, -50.25, 0.03, -0.00, -0.00
2025-11-16 01:48:58.363,43.5978, -7.0168, 357.1416, 1.19, 6.66, 6.82, -68.88, -46.56, -50.25, -0.03, 0.01, 0.00
2025-11-16 01:48:58.382,43.5953, -7.0191, 357.1408, 1.19, 6.64, 6.92, -68.88, -46.56, -50.25, -0.03, 0.01, 0.00
2025-11-16 01:48:58.403,43.5901, -7.0214, 357.1403, 1.17, 6.65, 6.85, -68.50, -46.25, -51.38, 0.01, -0.00, -0.00
2025-11-16 01:48:58.424,43.5875, -7.0237, 357.1396, -326.53, 6.67, 6.87, -68.50, -46.25, -51.38, 0.01, -0.01, -0.00
2025-11-16 01:48:58.442,43.5854, -7.0237, 357.1397, 1.14, 6.67, 6.82, -68.50, -46.25, -50.56, 0.03, -0.01, -0.00
2025-11-16 01:48:58.463,43.5856, -7.0260, 357.1389, 1.17, 6.69, 6.80, -68.50, -46.25, -50.56, -0.02, 0.01, 0.00
2025-11-16 01:48:58.483,43.5860, -7.0272, 357.1359, 1.22, 6.62, 6.91, -68.50, -46.25, -50.56, -0.05, 0.01, 0.01
2025-11-16 01:48:58.504,43.5839, -7.0272, 357.1360, 1.21, 6.66, 6.87, -68.06, -46.56, -50.56, 0.00, 0.01, 0.00
2025-11-16 01:48:58.524,43.5790, -7.0272, 357.1363, 1.21, 6.63, 6.88, -68.06, -46.56, -50.56, 0.00, -0.00, -0.00
2025-11-16 01:48:58.542,43.5715, -7.0272, 357.1368, 1.17, 6.66, 6.87, -68.06, -45.06, -51.38, 0.04, -0.02, -0.01
2025-11-16 01:48:58.562,43.5666, -7.0272, 357.1371, 1.16, 6.68, 6.79, -68.06, -45.06, -51.38, 0.00, 0.00, -0.00
2025-11-16 01:48:58.582,43.5665, -7.0283, 357.1392, 1.13, 6.68, 6.88, -68.06, -45.06, -51.38, -0.04, 0.01, 0.00
2025-11-16 01:48:58.604,43.5696, -7.0295, 357.1361, 1.16, 6.67, 6.87, -68.88, -45.50, -49.38, 0.00, 0.01, -0.00
2025-11-16 01:48:58.626,43.5699, -7.0306, 357.1330, 1.15, 6.66, 6.87, -68.88, -45.50, -49.38, -0.01, -0.00, 0.00
2025-11-16 01:48:58.647,43.5675, -7.0318, 357.1302, 1.20, 6.64, 6.88, -70.00, -45.06, -50.56, 0.02, -0.00, -0.00
2025-11-16 01:48:58.667,43.5600, -7.0318, 357.1285, -326.48, 6.65, 6.85, -70.00, -45.06, -50.56, -0.01, 0.00, 0.00
2025-11-16 01:48:58.687,43.5526, -7.0306, 357.1268, 1.19, 6.66, 6.89, -70.00, -45.06, -50.56, -0.02, 0.00, 0.00
2025-11-16 01:48:58.707,43.5471, -7.0306, 357.1271, 1.14, 6.64, 6.88, -68.50, -45.88, -50.25, -0.00, 0.01, -0.00
2025-11-16 01:48:58.728,43.5444, -7.0306, 357.1273, 1.16, 6.64, 6.85, -68.50, -45.88, -50.25, 0.01, -0.01, -0.00
2025-11-16 01:48:58.749,43.5444, -7.0306, 357.1273, 1.14, 6.67, 6.90, -69.25, -45.88, -50.56, 0.02, -0.01, -0.00
2025-11-16 01:48:58.769,43.5423, -7.0306, 357.1274, 1.18, 6.63, 6.82, -69.25, -45.88, -50.56, -0.01, -0.00, -0.00
2025-11-16 01:48:58.788,43.5369, -7.0306, 357.1277, 1.21, 6.65, 6.88, -69.25, -45.88, -50.56, -0.02, 0.01, 0.00
2025-11-16 01:48:58.810,43.5291, -7.0283, 357.1291, 1.18, 6.64, 6.86, -70.38, -45.88, -49.75, 0.00, -0.01, -0.00
2025-11-16 01:48:58.832,43.5268, -7.0260, 357.1301, 1.18, 6.66, 6.84, -70.38, -45.88, -49.75, 0.02, -0.01, -0.01
2025-11-16 01:48:58.857,43.5211, -7.0237, 357.1313, 1.15, 6.67, 6.83, -69.25, -45.50, -51.38, 0.01, -0.01, -0.00
2025-11-16 01:48:58.878,43.5161, -7.0214, 357.1324, 1.14, 6.65, 6.83, -69.25, -45.50, -51.38, -0.03, 0.01, 0.00
2025-11-16 01:48:58.897,43.5089, -7.0191, 357.1337, 1.14, 6.67, 6.90, -69.56, -45.50, -51.75, -0.03, 0.01, 0.00
2025-11-16 01:48:58.918,43.5041, -7.0191, 357.1341, 1.18, 6.64, 6.88, -69.56, -45.50, -51.75, 0.01, -0.00, -0.00
2025-11-16 01:48:58.938,43.4965, -7.0191, 357.1345, 1.20, 6.66, 6.88, -69.56, -45.50, -51.75, 0.01, -0.01, -0.01
2025-11-16 01:48:58.959,43.4923, -7.0191, 357.1348, 1.21, 6.65, 6.85, -69.56, -45.06, -51.00, 0.02, -0.01, -0.00
2025-11-16 01:48:58.981,43.4896, -7.0191, 357.1350, 1.21, 6.66, 6.81, -69.56, -45.06, -51.00, 0.00, 0.00, -0.00
2025-11-16 01:48:59.001,43.4944, -7.0191, 357.1347, 0.00, 0.00, 0.00, -68.06, -45.06, -51.38, -0.02, 0.01, 0.00
2025-11-16 01:48:59.022,43.4971, -7.0191, 357.1345, 1.16, 6.64, 6.88, -68.06, -45.06, -51.38, -0.01, 0.00, -0.00
2025-11-16 01:48:59.043,43.4971, -7.0191, 357.1345, 1.16, 6.66, 6.86, -68.88, -45.88, -50.56, 0.00, 0.00, -0.00
2025-11-16 01:48:59.064,43.4944, -7.0191, 357.1347, 1.20, 6.62, 6.86, -68.88, -45.88, -50.56, -0.02, 0.00, 0.00
2025-11-16 01:48:59.083,43.4841, -7.0191, 357.1353, 1.17, 6.64, 6.88, -68.88, -45.88, -50.56, -0.02, 0.01, 0.00
2025-11-16 01:48:59.103,43.4722, -7.0179, 357.1369, 1.19, 6.62, 6.93, -68.88, -46.56, -51.00, -0.03, 0.01, 0.00
2025-11-16 01:48:59.124,43.4596, -7.0168, 357.1385, 1.19, 6.65, 6.86, -68.88, -46.56, -51.00, 0.04, -0.01, -0.01
2025-11-16 01:48:59.143,43.4596, -7.0168, 357.1385, 1.18, 6.69, 6.81, -68.88, -45.88, -50.56, 0.05, -0.03, -0.01
2025-11-16 01:48:59.164,43.4725, -7.0202, 357.1339, 1.17, 6.70, 6.79, -68.88, -45.88, -50.56, 0.02, -0.00, -0.00
2025-11-16 01:48:59.183,43.4909, -7.0237, 357.1289, 1.15, 6.69, 6.82, -68.88, -45.88, -50.56, -0.04, 0.01, 0.00
2025-11-16 01:48:59.203,43.5011, -7.0260, 357.1245, 1.15, 6.64, 6.92, -68.50, -45.88, -50.56, -0.07, 0.02, 0.01
2025-11-16 01:48:59.224,43.5011, -7.0260, 357.1245, 1.20, 6.63, 6.92, -68.50, -45.88, -50.56, -0.03, 0.01, 0.00
2025-11-16 01:48:59.245,43.4857, -7.0249, 357.1262, 1.21, 6.64, 6.91, -68.88, -46.25, -50.25, 0.02, -0.01, -0.01
2025-11-16 01:48:59.265,43.4680, -7.0214, 357.1312, 1.19, 6.64, 6.86, -68.88, -46.25, -50.25, 0.04, -0.01, -0.01
2025-11-16 01:48:59.285,43.4575, -7.0191, 357.1327, 1.16, 6.68, 6.83, -68.88, -46.25, -50.25, 0.03, -0.01, -0.01
2025-11-16 01:48:59.308,43.4596, -7.0191, 357.1325, 1.15, 6.69, 6.83, -68.50, -46.25, -51.00, -0.02, 0.01, 0.00
2025-11-16 01:48:59.330,43.4725, -7.0214, 357.1279, 1.17, 6.68, 6.83, -68.50, -46.25, -51.00, -0.01, 0.01, 0.00
2025-11-16 01:48:59.351,43.4827, -7.0237, 357.1234, 1.14, 6.67, 6.86, -68.50, -46.56, -52.19, -0.02, 0.01, 0.00
2025-11-16 01:48:59.372,43.4809, -7.0260, 357.1206, 1.20, 6.64, 6.91, -68.50, -46.56, -52.19, -0.02, 0.00, 0.00
2025-11-16 01:48:59.393,43.4664, -7.0272, 357.1215, 1.21, 6.62, 6.91, -69.25, -46.56, -51.75, -0.01, -0.00, 0.00
2025-11-16 01:48:59.415,43.4492, -7.0283, 357.1225, 1.17, 6.64, 6.87, -69.25, -46.56, -51.75, 0.01, -0.01, -0.00
2025-11-16 01:48:59.434,43.4446, -7.0306, 357.1220, 1.22, 6.65, 6.86, -69.25, -46.56, -51.75, 0.04, -0.01, -0.00
2025-11-16 01:48:59.452,43.4504, -7.0329, 357.1187, 1.17, 6.71, 6.78, -68.88, -45.06, -50.25, 0.04, -0.01, -0.01
2025-11-16 01:48:59.473,43.4627, -7.0353, 357.1140, 1.15, 6.68, 6.80, -68.88, -45.06, -50.25, -0.01, -0.00, -0.00
2025-11-16 01:48:59.492,43.4777, -7.0376, 357.1093, 1.16, 6.69, 6.81, -70.00, -45.88, -50.25, -0.04, 0.01, 0.01
2025-11-16 01:48:59.514,43.4828, -7.0387, 357.1059, 1.17, 6.64, 6.89, -70.00, -45.88, -50.25, -0.04, 0.01, 0.00
2025-11-16 01:48:59.533,43.4754, -7.0387, 357.1043, 1.18, 6.63, 6.93, -70.00, -45.88, -50.25, -0.01, 0.00, 0.00
2025-11-16 01:48:59.554,43.4603, -7.0387, 357.1052, 1.20, 6.64, 6.91, -68.88, -45.06, -49.75, 0.02, -0.01, -0.01
2025-11-16 01:48:59.576,43.4456, -7.0376, 357.1070, 1.18, 6.66, 6.84, -68.88, -45.06, -49.75, 0.03, -0.01, -0.01
2025-11-16 01:48:59.597,43.4378, -7.0364, 357.1083, 1.19, 6.69, 6.85, -68.50, -46.25, -51.75, 0.01, -0.00, -0.00
2025-11-16 01:48:59.618,43.4399, -7.0364, 357.1081, 1.16, 6.69, 6.82, -68.50, -46.25, -51.75, -0.00, 0.00, -0.00
2025-11-16 01:48:59.637,43.4469, -7.0364, 357.1077, 1.16, 6.67, 6.82, -68.50, -46.25, -51.75, -0.01, 0.00, 0.00
2025-11-16 01:48:59.659,43.4523, -7.0364, 357.1074, 1.16, 6.65, 6.85, -68.88, -46.25, -50.56, -0.02, 0.01, 0.00
2025-11-16 01:48:59.681,43.4496, -7.0364, 357.1075, 1.19, 6.65, 6.86, -68.88, -46.25, -50.56, -0.01, 0.00, 0.00
2025-11-16 01:48:59.703,43.4399, -7.0364, 357.1081, 1.19, 6.64, 6.88, -68.88, -46.56, -50.25, -0.01, 0.00, 0.00
2025-11-16 01:48:59.722,43.4399, -7.0364, 357.1081, 1.18, 6.65, 6.87, -68.88, -46.56, -50.25, 0.01, -0.00, -0.00
2025-11-16 01:48:59.741,43.4330, -7.0364, 357.1086, 1.19, 6.68, 6.85, -68.50, -45.88, -51.38, 0.01, -0.01, -0.00
2025-11-16 01:48:59.762,43.4309, -7.0364, 357.1087, 1.18, 6.71, 6.82, -68.50, -45.88, -51.38, 0.01, -0.00, -0.01
2025-11-16 01:48:59.782,43.4330, -7.0364, 357.1086, 1.15, 6.66, 6.81, -68.50, -45.88, -51.38, -0.00, 0.00, -0.00
2025-11-16 01:48:59.804,43.4357, -7.0364, 357.1084, 1.17, 6.66, 6.85, -69.25, -45.88, -50.25, -0.02, 0.00, 0.00
2025-11-16 01:48:59.825,43.4357, -7.0364, 357.1084, 1.18, 6.65, 6.83, -69.25, -45.88, -50.25, -0.02, 0.00, 0.00
2025-11-16 01:48:59.847,43.4330, -7.0364, 357.1086, 1.20, 6.64, 6.85, -68.88, -46.25, -50.56, -0.01, 0.00, 0.00
2025-11-16 01:48:59.868,43.4254, -7.0364, 357.1090, 1.21, 6.65, 6.86, -68.88, -46.25, -50.56, 0.00, -0.00, -0.00
2025-11-16 01:48:59.887,43.4179, -7.0364, 357.1095, 1.18, 6.63, 6.82, -68.88, -46.25, -50.56, 0.02, -0.00, -0.00
2025-11-16 01:48:59.908,43.4124, -7.0364, 357.1098, 1.19, 6.66, 6.85, -68.50, -46.25, -51.00, -0.01, 0.00, -0.00
2025-11-16 01:48:59.929,43.4124, -7.0364, 357.1098, 1.17, 6.65, 6.83, -68.50, -46.25, -51.00, -0.00, 0.00, -0.00
2025-11-16 01:48:59.950,43.4124, -7.0364, 357.1098, 1.16, 6.68, 6.86, -68.50, -45.88, -51.75, -0.00, 0.00, -0.00
